===== DebugLog started 2026-10-02 02:41:04 =====
[0s] [GameApp] started
[0s] [GameApp] direct start: new game
[0s] [StreetMaterials] asphalt=true pavement=true
[1.02445s] [RiverNetwork] reaches=146822 lengthKm=913.9 confluences=114 spillways=160 sinks=0 self=90 exhausted=0
[2.33089s] [NewTownPlacement] districts=3
[2.45644s] [SettlementHierarchy] cities=4 towns=10 villages=47 catchmentVillages=28 candidates=1372
[2.45644s] [SettlementPlacement] total=61 elapsedMs=457.9
[2.61744s] [RoadTerrainFit] continuous=true points=116 curves=903 cost=188072.06194767528 from=(16724, 40.33232498168945, 43468) to=(24252, 32.633399963378906, 23772) elapsedMs=60.655
[2.64244s] [RoadTerrainFit] continuous=true points=38 curves=714 cost=113743.986826026 from=(16724, 40.33232498168945, 43468) to=(24252, 32.633399963378906, 23772) elapsedMs=33.977
[2.64244s] [RoadGroundCorridor] cells=50 step=250 margin=15814.21196266194
[2.74244s] [RoadTerrainFit] continuous=true points=22 curves=680 cost=169834.99806679145 from=(16724, 40.33232498168945, 43468) to=(24252, 32.633399963378906, 23772) elapsedMs=42.586
[3.17936s] [RoadTerrainFitRejected] continuous=true points=105 radiusPasses=0 profilePasses=0
[3.22596s] [RoadTerrainFit] continuous=false points=105 curves=906 cost=219680.92975867132 from=(24252, 32.633399963378906, 23772) to=(45276, 38.49241638183594, 30396) elapsedMs=61.913
[3.32045s] [RoadTerrainFit] continuous=true points=39 curves=906 cost=289067.6325723247 from=(24252, 32.633399963378906, 23772) to=(45276, 38.49241638183594, 30396) elapsedMs=69.137
[3.32045s] [RoadGroundCorridor] cells=71 step=250 margin=16532.115654083722
[3.37498s] [RoadTerrainFit] continuous=true points=36 curves=774 cost=322309.110485852 from=(24252, 32.633399963378906, 23772) to=(45276, 38.49241638183594, 30396) elapsedMs=44.089
[3.80915s] [RoadTerrainFitRejected] continuous=true points=105 radiusPasses=0 profilePasses=0
[3.82553s] [RoadTerrainFit] continuous=false points=105 curves=1006 cost=167087.70590220706 from=(45276, 38.49241638183594, 30396) to=(62140, 45.626712799072266, 53164) elapsedMs=51.26
[3.94081s] [RoadTerrainFitRejected] continuous=true points=231 radiusPasses=0 profilePasses=0
[3.94081s] [RoadTerrainFitRejected] continuous=false points=231 radiusPasses=0 profilePasses=0
[3.96395s] [RoadTerrainFitRejected] continuous=true points=155 radiusPasses=0 profilePasses=0
[4.0001s] [RoadTerrainEnvelope] points=155 pass=32 excess=510.08349114712996 index=635 first=(16724, 40.33232498168945, 43468) last=(10, 880.4038696289062, 43468)
[4.0001s] [RoadTerrainFitRejected] continuous=false points=155 radiusPasses=4 profilePasses=0
[4.02939s] [RoadGroundCorridor] cells=0 step=250 margin=12535.5
[4.13027s] [RoadAlignmentSearch] nearest=14557.042692695713 highest=172.7737263788758 goals=0 fitFailures=0 nodes=12015
[4.13027s] [RoadAlignmentBlocked] from=(16724, 40.33232498168945, 43468) to=(10, 880.4038696289062, 43468) expanded=1000 limit=1000
[4.13027s] [RoadGeneration] no legal alignment from=2 to=2684 distance=16714
[4.13027s] [RoadGeneration] no feasible coarse path from=0 to=2685
[4.14373s] [RoadTerrainFitRejected] continuous=true points=35 radiusPasses=0 profilePasses=0
[4.15032s] [RoadTerrainFit] continuous=false points=35 curves=193 cost=71629.80050344992 from=(19852.528778815056, 84.9779052734375, 33366.10902330818) to=(15700, 46.263648986816406, 31420) elapsedMs=9.063
[4.15734s] [RoadTerrainFitRejected] continuous=true points=13 radiusPasses=0 profilePasses=0
[4.16387s] [RoadTerrainFit] continuous=false points=13 curves=156 cost=128433.99747889265 from=(19852.528778815056, 84.9779052734375, 33366.10902330818) to=(15700, 46.263648986816406, 31420) elapsedMs=9.445
[4.16387s] [RoadGroundCorridor] cells=16 step=250 margin=3439.4541745875076
[4.17781s] [RoadTerrainFit] continuous=true points=9 curves=162 cost=19291.639852270717 from=(19852.528778815056, 84.9779052734375, 33366.10902330818) to=(15700, 46.263648986816406, 31420) elapsedMs=10.963
[4.26382s] [RoadTerrainFit] continuous=true points=11 curves=80 cost=2274.2947483062744 from=(60430.74454101846, 35.878440856933594, 51070.7390492592) to=(58828, 33.564971923828125, 52684) elapsedMs=4.71
[4.28536s] [RoadTerrainFit] continuous=true points=27 curves=129 cost=3642.473906993866 from=(25751.047831319767, 31.541994094848633, 23064.777659551255) to=(23652, 46.489646911621094, 20156) elapsedMs=6.566
[4.29213s] [RoadTerrainFit] continuous=true points=13 curves=65 cost=1788.895393371582 from=(47208.91308579552, 32.65583419799805, 32328.959295305922) to=(48468, 48.29328918457031, 31060) elapsedMs=3.259
[4.3266s] [RoadTerrainFit] continuous=true points=45 curves=286 cost=37185.187825881665 from=(16724, 40.33232498168945, 43468) to=(19556, 36.261295318603516, 51116) elapsedMs=18.952
[4.40298s] [RoadTerrainFit] continuous=true points=48 curves=342 cost=92888.85081728666 from=(19422.563224841004, 53.200531005859375, 36855.525799548304) to=(27324, 37.610145568847656, 40636) elapsedMs=61.205
[4.43918s] [RoadTerrainEnvelope] points=52 pass=0 excess=0.872124335132682 index=250 first=(19422.563224841004, 53.200531005859375, 36855.525799548304) last=(27324, 37.610145568847656, 40636)
[4.46811s] [RoadTerrainEnvelope] points=52 pass=32 excess=2.0280330243346896 index=247 first=(19422.563224841004, 53.200531005859375, 36855.525799548304) last=(27324, 37.610145568847656, 40636)
[4.46811s] [RoadTerrainFitRejected] continuous=true points=52 radiusPasses=9 profilePasses=0
[4.46811s] [RoadTerrainEnvelope] points=52 pass=0 excess=3.583411772173079 index=268 first=(19422.563224841004, 53.200531005859375, 36855.525799548304) last=(27324, 37.610145568847656, 40636)
[4.51104s] [RoadTerrainEnvelope] points=52 pass=32 excess=3.8399826756534594 index=287 first=(19422.563224841004, 53.200531005859375, 36855.525799548304) last=(27324, 37.610145568847656, 40636)
[4.51104s] [RoadTerrainFit] continuous=false points=52 curves=392 cost=329870.72016090254 from=(19422.563224841004, 53.200531005859375, 36855.525799548304) to=(27324, 37.610145568847656, 40636) elapsedMs=75.135
[4.52721s] [RoadGroundCorridor] cells=79 step=87.59263 margin=6569.4472495267955
[4.57989s] [RoadTerrainFit] continuous=true points=34 curves=330 cost=96207.44360295708 from=(19422.563224841004, 53.200531005859375, 36855.525799548304) to=(27324, 37.610145568847656, 40636) elapsedMs=58.714
[4.70338s] [RoadTerrainFit] continuous=true points=37 curves=256 cost=74491.15909669896 from=(30520.99974646726, 45.980072021484375, 22779.83585565867) to=(30516, 38.93406677246094, 30036) elapsedMs=21.239
[4.76185s] [RoadTerrainFit] continuous=true points=45 curves=250 cost=92604.19520397548 from=(30520.99974646726, 45.980072021484375, 22779.83585565867) to=(30516, 38.93406677246094, 30036) elapsedMs=20.661
[4.87512s] [RoadGroundCorridor] cells=90 step=72.56166 margin=5442.124400129771
[4.89753s] [RoadTerrainFit] continuous=true points=36 curves=246 cost=74791.93689358121 from=(30520.99974646726, 45.980072021484375, 22779.83585565867) to=(30516, 38.93406677246094, 30036) elapsedMs=19.458
[4.99679s] [RoadTerrainFit] continuous=true points=22 curves=168 cost=5032.160720825195 from=(29118.06797701573, 45.269195556640625, 22779.844853029965) to=(29132, 41.86102294921875, 17748) elapsedMs=9.11
[5.04733s] [RoadTerrainFit] continuous=true points=78 curves=429 cost=12350.350463867188 from=(48468, 48.29328918457031, 31060) to=(59308, 41.526695251464844, 25396) elapsedMs=20.639
[5.06775s] [RoadTerrainFit] continuous=true points=28 curves=188 cost=38200.524997314365 from=(58828, 33.564971923828125, 52684) to=(53708, 42.079124450683594, 51116) elapsedMs=13.973
[5.06775s] [RoadTerrainEnvelope] points=8 pass=32 excess=0.9406065422382177 index=17 first=(59694.62108341596, 35.4203466593828, 50334.108135953735) last=(59308, 27.191022872924805, 50636)
[5.06775s] [RoadTerrainFit] continuous=true points=8 curves=20 cost=7815.337989940583 from=(59694.62108341596, 35.4203466593828, 50334.108135953735) to=(59308, 27.191022872924805, 50636) elapsedMs=2.097
[5.06775s] [RoadTerrainFit] continuous=true points=6 curves=19 cost=38475.44971342792 from=(59694.62108341596, 35.4203466593828, 50334.108135953735) to=(59308, 27.191022872924805, 50636) elapsedMs=2.852
[5.06775s] [RoadGroundCorridor] cells=7 step=48 margin=240
[5.06775s] [RoadTerrainEnvelope] points=4 pass=0 excess=2.673570996165445 index=15 first=(59694.62108341596, 35.4203466593828, 50334.108135953735) last=(59308, 27.191022872924805, 50636)
[5.06775s] [RoadTerrainEnvelope] points=4 pass=32 excess=2.5753301331304392 index=16 first=(59694.62108341596, 35.4203466593828, 50334.108135953735) last=(59308, 27.191022872924805, 50636)
[5.06775s] [RoadTerrainFitRejected] continuous=true points=4 radiusPasses=9 profilePasses=0
[5.06775s] [RoadTerrainEnvelope] points=4 pass=0 excess=1.0018275704277038 index=17 first=(59694.62108341596, 35.4203466593828, 50334.108135953735) last=(59308, 27.191022872924805, 50636)
[5.06775s] [RoadTerrainEnvelope] points=4 pass=32 excess=3.596720224495357 index=18 first=(59694.62108341596, 35.4203466593828, 50334.108135953735) last=(59308, 27.191022872924805, 50636)
[5.06775s] [RoadTerrainFitRejected] continuous=false points=4 radiusPasses=9 profilePasses=0
[5.23996s] [RoadTerrainFit] continuous=true points=23 curves=98 cost=2740.1076893806458 from=(59308, 41.526695251464844, 25396) to=(61780, 48.74073791503906, 26420) elapsedMs=5.07
[5.23996s] [RoadTerrainFit] continuous=true points=24 curves=48 cost=1173.8456630706787 from=(55558.841403075625, 31.28361701965332, 51479.9609375) to=(55996, 26.319427490234375, 52564) elapsedMs=2.568
[5.24701s] [RoadTerrainFit] continuous=true points=10 curves=18 cost=396.83445739746094 from=(56741.960936538875, 32.073612213134766, 51479.9609375) to=(56900, 34.02714538574219, 51116) elapsedMs=0.886
[5.26045s] [RoadTerrainFit] continuous=true points=26 curves=103 cost=17726.72859974341 from=(15747.205345867967, 46.23427963256836, 31404.70534787031) to=(14916, 42.34165954589844, 28588) elapsedMs=9.38
[5.27609s] [RoadTerrainFit] continuous=true points=26 curves=114 cost=3260.9551696777344 from=(58255.60307564019, 40.49919891357422, 25876.33167456263) to=(56420, 33.96415710449219, 23228) elapsedMs=5.769
[5.28261s] [RoadTerrainFitRejected] continuous=true points=21 radiusPasses=0 profilePasses=0
[5.29001s] [RoadTerrainFit] continuous=false points=21 curves=106 cost=26249.89498236217 from=(19556, 36.261295318603516, 51116) to=(17204, 32.283287048339844, 51420) elapsedMs=8.004
[5.31056s] [RoadTerrainFit] continuous=true points=23 curves=88 cost=24707.835934868115 from=(19556, 36.261295318603516, 51116) to=(17204, 32.283287048339844, 51420) elapsedMs=8.908
[5.31056s] [RoadGroundCorridor] cells=44 step=48 margin=1778.673663154655
[5.31819s] [RoadTerrainFit] continuous=true points=19 curves=86 cost=22213.032339424397 from=(19556, 36.261295318603516, 51116) to=(17204, 32.283287048339844, 51420) elapsedMs=8.359
[5.3845s] [RoadTerrainFit] continuous=true points=24 curves=133 cost=3934.6521706581116 from=(27324, 37.610145568847656, 40636) to=(30396, 20.719627380371094, 42924) elapsedMs=10.077
[5.40045s] [RoadTerrainFit] continuous=true points=16 curves=86 cost=19959.674373933343 from=(15026.59339527111, 40.06491470336914, 28852.092985162257) to=(12868, 46.62201690673828, 29132) elapsedMs=8.257
[5.41476s] [RoadTerrainFit] continuous=true points=18 curves=77 cost=18158.601721097344 from=(15026.59339527111, 40.06491470336914, 28852.092985162257) to=(12868, 46.62201690673828, 29132) elapsedMs=7.64
[5.41476s] [RoadGroundCorridor] cells=40 step=48 margin=1632.49924287063
[5.42174s] [RoadTerrainFit] continuous=true points=16 curves=77 cost=19160.46572950439 from=(15026.59339527111, 40.06491470336914, 28852.092985162257) to=(12868, 46.62201690673828, 29132) elapsedMs=6.742
[5.49454s] [RoadTerrainFit] continuous=true points=19 curves=85 cost=37889.8397706661 from=(30516, 38.93406677246094, 30036) to=(28348, 28.564598083496094, 29492) elapsedMs=16.588
[5.53072s] [RoadTerrainFit] continuous=true points=25 curves=89 cost=31078.260401388558 from=(30516, 38.93406677246094, 30036) to=(28348, 28.564598083496094, 29492) elapsedMs=16.886
[5.53072s] [RoadGroundCorridor] cells=39 step=48 margin=1676.4068718542048
[5.54444s] [RoadTerrainFit] continuous=true points=17 curves=80 cost=39261.485049308576 from=(30516, 38.93406677246094, 30036) to=(28348, 28.564598083496094, 29492) elapsedMs=13.759
[5.59774s] [RoadTerrainFit] continuous=true points=10 curves=18 cost=399.8592538833618 from=(29124.098426346398, 61.23236846923828, 21023.934416502074) to=(29492, 72.1936264038086, 21180) elapsedMs=0.989
[5.6192s] [RoadTerrainFit] continuous=true points=32 curves=148 cost=4346.405555725098 from=(29479.593128145796, 34.323265075683594, 29991.593128145796) to=(26964, 43.03321075439453, 33468) elapsedMs=7.97
[5.6192s] [RoadTerrainFit] continuous=true points=8 curves=20 cost=1174.3932790756226 from=(20484.949996564395, 101.18118286132812, 32406.243282421383) to=(20276, 61.68285369873047, 31964) elapsedMs=0.96
[5.62723s] [RoadTerrainFit] continuous=true points=17 curves=105 cost=3193.8957748413086 from=(27337.456720588452, 39.26960372924805, 32694.357947834935) to=(29492, 35.619895935058594, 35036) elapsedMs=5.27
[5.6348s] [RoadTerrainFit] continuous=true points=25 curves=65 cost=1727.5201420783997 from=(22843.115236386657, 28.95194435119629, 40416.3144535179) to=(21844, 34.81381607055664, 41780) elapsedMs=4.376
[5.65572s] [RoadTerrainFit] continuous=true points=28 curves=145 cost=29617.940089541826 from=(57574.185693850624, 100.03596496582031, 46103.65775013175) to=(53708, 25.186893463134766, 45996) elapsedMs=9.864
[5.6775s] [RoadTerrainFit] continuous=true points=39 curves=181 cost=20793.024120764672 from=(55864.01558843996, 41.40643310546875, 26956.89818578013) to=(57140, 40.26054382324219, 31540) elapsedMs=13.461
[5.6775s] [RoadTerrainFit] continuous=true points=21 curves=85 cost=2373.312880039215 from=(49861.009061031626, 92.42156982421875, 29697.3000072911) to=(48588, 138.7598114013672, 27748) elapsedMs=3.025
[5.69023s] [RoadTerrainFit] continuous=true points=26 curves=189 cost=36057.269029136674 from=(29433.23880299357, 24.77996826171875, 42483.64302939807) to=(29012, 32.62958908081055, 48044) elapsedMs=16.861
[5.69023s] [RoadTerrainFit] continuous=true points=15 curves=37 cost=1020.0885524749756 from=(59107.0056751191, 121.74560546875, 47955.14674995266) to=(60092, 47.14870834350586, 47804) elapsedMs=1.325
[5.72168s] [RoadTerrainFit] continuous=true points=26 curves=131 cost=3765.4523758888245 from=(27651.36658375361, 39.592899322509766, 22779.854259372638) to=(27748, 42.36118698120117, 26540) elapsedMs=6.544
[5.73633s] [RoadTerrainFit] continuous=true points=26 curves=78 cost=36320.44624107957 from=(61780, 48.74073791503906, 26420) to=(61356, 84.4712905883789, 28348) elapsedMs=8.824
[5.74285s] [RoadTerrainFit] continuous=true points=22 curves=78 cost=38963.119404533296 from=(61780, 48.74073791503906, 26420) to=(61356, 84.4712905883789, 28348) elapsedMs=10.274
[5.75151s] [RoadGroundCorridor] cells=29 step=48 margin=592.221580153915
[5.76079s] [RoadTerrainFit] continuous=true points=17 curves=82 cost=35902.84818583206 from=(61780, 48.74073791503906, 26420) to=(61356, 84.4712905883789, 28348) elapsedMs=8.138
[5.85514s] [RoadTerrainFit] continuous=true points=9 curves=23 cost=602.2787494659424 from=(54869.22036639166, 42.316219329833984, 42269.225508374344) to=(55212, 42.29303741455078, 41780) elapsedMs=1.139
[5.90863s] [RoadTerrainFit] continuous=true points=59 curves=307 cost=71113.3637684588 from=(19556, 36.261295318603516, 51116) to=(19796, 36.25970458984375, 54972) elapsedMs=46.248
[5.98347s] [RoadTerrainFit] continuous=true points=94 curves=396 cost=83211.33543460991 from=(19556, 36.261295318603516, 51116) to=(19796, 36.25970458984375, 54972) elapsedMs=46.602
[6.03287s] [RoadGroundCorridor] cells=91 step=48 margin=2897.5962451659825
[6.07534s] [RoadTerrainFit] continuous=true points=42 curves=280 cost=97059.81574900146 from=(19556, 36.261295318603516, 51116) to=(19796, 36.25970458984375, 54972) elapsedMs=40.43
[6.16369s] [RoadTerrainFit] continuous=true points=22 curves=118 cost=3428.033920764923 from=(57140, 40.26054382324219, 31540) to=(55212, 111.75205993652344, 34252) elapsedMs=8.034
[6.20778s] [RoadTerrainFit] continuous=true points=36 curves=179 cost=106898.55558123415 from=(29132, 41.86102294921875, 17748) to=(25516, 48.081329345703125, 17084) elapsedMs=28.952
[6.28604s] [RoadTerrainFit] continuous=true points=74 curves=310 cost=127640.02315772949 from=(29132, 41.86102294921875, 17748) to=(25516, 48.081329345703125, 17084) elapsedMs=47.295
[6.29357s] [RoadGroundCorridor] cells=80 step=48 margin=2757.344374574928
[6.30242s] [RoadTerrainFit] continuous=true points=31 curves=143 cost=98341.8774101394 from=(29132, 41.86102294921875, 17748) to=(25516, 48.081329345703125, 17084) elapsedMs=19.988
[6.61859s] [RoadTerrainFit] continuous=true points=24 curves=177 cost=34952.49237639865 from=(23826.45470400473, 33.40650939941406, 24832.78803733806) to=(18892, 37.332923889160156, 24012) elapsedMs=26.035
[6.61859s] [RoadTerrainFit] continuous=true points=11 curves=42 cost=1150.0672812461853 from=(53209.27934824083, 35.67842102050781, 40009.868431972005) to=(54068, 30.387996673583984, 39252) elapsedMs=2.267
[6.65925s] [RoadTerrainFit] continuous=true points=40 curves=304 cost=43612.895893496076 from=(55212, 42.29303741455078, 41780) to=(64068, 27.979902267456055, 40876) elapsedMs=22.734
[6.66578s] [RoadTerrainFit] continuous=true points=15 curves=79 cost=2289.8685784339905 from=(37029.854726857615, 26.92973518371582, 24679.439823589248) to=(38828, 30.66752815246582, 23348) elapsedMs=6.881
[6.68535s] [RoadTerrainFit] continuous=true points=24 curves=98 cost=20417.864305922245 from=(51389.88179225983, 40.80631637573242, 38189.89052843176) to=(50516, 33.2924919128418, 39732) elapsedMs=11.621
[6.69194s] [RoadTerrainFit] continuous=true points=23 curves=67 cost=16730.779433552707 from=(51389.88179225983, 40.80631637573242, 38189.89052843176) to=(50516, 33.2924919128418, 39732) elapsedMs=6.16
[6.69194s] [RoadGroundCorridor] cells=19 step=48 margin=531.7512490092865
[6.6987s] [RoadTerrainFit] continuous=true points=12 curves=60 cost=18200.01932510057 from=(51389.88179225983, 40.80631637573242, 38189.89052843176) to=(50516, 33.2924919128418, 39732) elapsedMs=6.303
[6.82438s] [RoadTerrainFit] continuous=true points=44 curves=349 cost=69522.51021510002 from=(56420, 33.96415710449219, 23228) to=(47804, 34.935855865478516, 18348) elapsedMs=25.061
[6.85059s] [RoadTerrainFit] continuous=true points=32 curves=150 cost=23689.661451857366 from=(50516, 33.2924919128418, 39732) to=(48588, 46.026859283447266, 43228) elapsedMs=13.199
[6.86404s] [RoadTerrainFit] continuous=true points=18 curves=63 cost=17922.912268093627 from=(37978.965517463395, 28.05490493774414, 23787.59054249162) to=(36780, 29.938743591308594, 22988) elapsedMs=7.989
[6.87179s] [RoadTerrainFit] continuous=true points=14 curves=58 cost=18552.885606034313 from=(37978.965517463395, 28.05490493774414, 23787.59054249162) to=(36780, 29.938743591308594, 22988) elapsedMs=7.759
[6.87863s] [RoadGroundCorridor] cells=17 step=48 margin=432.3397984152603
[6.88534s] [RoadTerrainFit] continuous=true points=12 curves=50 cost=19588.978716352907 from=(37978.965517463395, 28.05490493774414, 23787.59054249162) to=(36780, 29.938743591308594, 22988) elapsedMs=7.178
[7.08999s] [RoadTerrainFit] continuous=true points=30 curves=222 cost=21336.970796142796 from=(63816.66898456055, 28.269433975219727, 40859.70105231077) to=(63828, 35.06674575805664, 34252) elapsedMs=15.899
[7.11692s] [RoadTerrainFit] continuous=true points=29 curves=224 cost=6693.662516593933 from=(38828, 30.66752815246582, 23348) to=(43828, 49.702396392822266, 19916) elapsedMs=11.203
[7.15225s] [RoadTerrainFit] continuous=true points=35 curves=178 cost=104209.92012425006 from=(63828, 35.06674575805664, 34252) to=(60996, 44.36787414550781, 34012) elapsedMs=31.646
[7.18033s] [RoadTerrainFit] continuous=true points=23 curves=103 cost=68143.32128802147 from=(63828, 35.06674575805664, 34252) to=(60996, 44.36787414550781, 34012) elapsedMs=14.136
[7.2291s] [RoadGroundCorridor] cells=57 step=48 margin=2131.6134734045945
[7.24924s] [RoadTerrainFit] continuous=true points=23 curves=147 cost=76491.0495501136 from=(63828, 35.06674575805664, 34252) to=(60996, 44.36787414550781, 34012) elapsedMs=21.425
[7.34806s] [RoadTerrainFit] continuous=true points=5 curves=15 cost=381.1629900932312 from=(49686.911545568415, 38.26466369628906, 18903.10752424978) to=(49612, 38.847694396972656, 18532) elapsedMs=0.803
[7.36537s] [RoadTerrainFit] continuous=true points=24 curves=188 cost=7950.123790740967 from=(48588, 46.026859283447266, 43228) to=(44492, 37.03783416748047, 47020) elapsedMs=10.189
[7.37282s] [RoadTerrainFit] continuous=true points=10 curves=23 cost=638.7558422088623 from=(40802.15300078359, 64.48649597167969, 21332.47290802342) to=(41180, 90.11158752441406, 21844) elapsedMs=1.091
[7.46676s] [RoadTerrainFit] continuous=true points=77 curves=559 cost=188958.7970144006 from=(18892, 37.332923889160156, 24012) to=(12084, 181.5836181640625, 17988) elapsedMs=66.235
[7.54786s] [RoadTerrainEnvelope] points=69 pass=32 excess=0.7307709702068337 index=433 first=(18892, 37.332923889160156, 24012) last=(12084, 181.5836181640625, 17988)
[7.54786s] [RoadTerrainFitRejected] continuous=true points=69 radiusPasses=8 profilePasses=0
[7.60953s] [RoadTerrainFit] continuous=false points=69 curves=570 cost=148858.52759551347 from=(18892, 37.332923889160156, 24012) to=(12084, 181.5836181640625, 17988) elapsedMs=91.53
[7.67082s] [RoadGroundCorridor] cells=111 step=90.905136 margin=6817.885302643335
[7.699s] [RoadTerrainEnvelope] points=57 pass=32 excess=0.10515596628133039 index=413 first=(18892, 37.332923889160156, 24012) last=(12084, 181.5836181640625, 17988)
[7.699s] [RoadTerrainFit] continuous=true points=57 curves=496 cost=135101.1365707889 from=(18892, 37.332923889160156, 24012) to=(12084, 181.5836181640625, 17988) elapsedMs=29.823
[7.84771s] [RoadTerrainFit] continuous=true points=33 curves=76 cost=76490.74861458423 from=(16306.96462410036, 316.449951171875, 19031.354008545255) to=(17084, 164.54757690429688, 17508) elapsedMs=5.31
[7.85417s] [RoadTerrainFit] continuous=true points=30 curves=75 cost=214692.84936594917 from=(16306.96462410036, 316.449951171875, 19031.354008545255) to=(17084, 164.54757690429688, 17508) elapsedMs=1.332
[7.85417s] [RoadGroundCorridor] cells=39 step=48 margin=550.370921259341
[7.86094s] [RoadTerrainFit] continuous=true points=25 curves=109 cost=3116.354241371155 from=(16306.96462410036, 316.449951171875, 19031.354008545255) to=(17084, 164.54757690429688, 17508) elapsedMs=9.081
[7.93907s] [RoadTerrainEnvelope] points=55 pass=32 excess=52.5813962797335 index=233 first=(16838.788789047503, 31.529129028320312, 40091.36554702448) last=(11364, 679.85205078125, 37804)
[7.93907s] [RoadTerrainFitRejected] continuous=true points=55 radiusPasses=8 profilePasses=0
[7.94571s] [RoadTerrainEnvelope] points=55 pass=32 excess=150.95392868096286 index=291 first=(16838.788789047503, 31.529129028320312, 40091.36554702448) last=(11364, 679.85205078125, 37804)
[7.94571s] [RoadTerrainFitRejected] continuous=false points=55 radiusPasses=8 profilePasses=0
[7.97313s] [RoadTerrainFitRejected] continuous=true points=104 radiusPasses=0 profilePasses=0
[7.98663s] [RoadTerrainEnvelope] points=104 pass=32 excess=75.77111632120705 index=304 first=(16838.788789047503, 31.529129028320312, 40091.36554702448) last=(11364, 679.85205078125, 37804)
[7.98663s] [RoadTerrainFitRejected] continuous=false points=104 radiusPasses=7 profilePasses=0
[8.135s] [RoadGroundCorridor] cells=0 step=59.3341 margin=4450.05744958389
[8.19566s] [RoadAlignmentSearch] nearest=4710.085355823518 highest=260.63567744190397 goals=0 fitFailures=0 nodes=9302
[8.19566s] [RoadAlignmentBlocked] from=(16838.788789047503, 31.529129028320312, 40091.36554702448) to=(11364, 679.85205078125, 37804) expanded=1000 limit=1000
[8.19566s] [RoadGeneration] no legal alignment from=168 to=60 distance=5933.409932778521
[8.20223s] [RoadTerrainFit] continuous=true points=2 curves=1 cost=21.113157749176025 from=(57258.07812219823, 48.404205322265625, 26321.024665304107) to=(57260, 48.21648406982422, 26300) elapsedMs=0.049
[8.40418s] [RoadTerrainFit] continuous=true points=76 curves=606 cost=169227.57225169006 from=(47804, 34.935855865478516, 18348) to=(41060, 347.521484375, 3412) elapsedMs=95.87
[8.46211s] [RoadTerrainFit] continuous=true points=47 curves=665 cost=220203.43547121482 from=(47804, 34.935855865478516, 18348) to=(41060, 347.521484375, 3412) elapsedMs=12.553
[8.58097s] [RoadGroundCorridor] cells=78 step=163.87971 margin=12290.979131053798
[8.64568s] [RoadTerrainFit] continuous=true points=36 curves=600 cost=333602.0760669777 from=(47804, 34.935855865478516, 18348) to=(41060, 347.521484375, 3412) elapsedMs=71.163
[8.91757s] [RoadTerrainFit] continuous=true points=13 curves=22 cost=2678.510685443878 from=(41429.95668097597, 410.63616943359375, 7740.967379914419) to=(41060, 367.79730224609375, 7748) elapsedMs=2.821
[8.95071s] [RoadTerrainEnvelope] points=71 pass=32 excess=6.86702641865088 index=388 first=(56037.91829474277, 37.66496658325195, 22869.713307616363) last=(63828, 738.0718994140625, 14556)
[8.95071s] [RoadTerrainFitRejected] continuous=true points=71 radiusPasses=8 profilePasses=0
[9.00151s] [RoadTerrainEnvelope] points=71 pass=32 excess=21.70045429821414 index=202 first=(56037.91829474277, 37.66496658325195, 22869.713307616363) last=(63828, 738.0718994140625, 14556)
[9.00151s] [RoadTerrainFitRejected] continuous=false points=71 radiusPasses=8 profilePasses=0
[9.03225s] [RoadTerrainFitRejected] continuous=true points=68 radiusPasses=0 profilePasses=0
[9.03225s] [RoadTerrainEnvelope] points=68 pass=32 excess=80.85351275155818 index=172 first=(56037.91829474277, 37.66496658325195, 22869.713307616363) last=(63828, 738.0718994140625, 14556)
[9.03225s] [RoadTerrainFitRejected] continuous=false points=68 radiusPasses=8 profilePasses=0
[9.15746s] [RoadGroundCorridor] cells=228 step=113.931206 margin=8544.840612258324
[9.23831s] [RoadTerrainFit] continuous=true points=122 curves=1185 cost=365043.4116114923 from=(56037.91829474277, 37.66496658325195, 22869.713307616363) to=(63828, 738.0718994140625, 14556) elapsedMs=81.25
[9.36217s] [RoadTerrainEnvelope] points=55 pass=32 excess=52.5813962797335 index=233 first=(16838.788789047503, 31.529129028320312, 40091.36554702448) last=(11364, 679.85205078125, 37804)
[9.36217s] [RoadTerrainFitRejected] continuous=true points=55 radiusPasses=8 profilePasses=0
[9.36217s] [RoadTerrainEnvelope] points=55 pass=32 excess=150.95392868096286 index=291 first=(16838.788789047503, 31.529129028320312, 40091.36554702448) last=(11364, 679.85205078125, 37804)
[9.36217s] [RoadTerrainFitRejected] continuous=false points=55 radiusPasses=8 profilePasses=0
[9.39024s] [RoadTerrainFitRejected] continuous=true points=104 radiusPasses=0 profilePasses=0
[9.39024s] [RoadTerrainEnvelope] points=104 pass=32 excess=75.77111632120705 index=304 first=(16838.788789047503, 31.529129028320312, 40091.36554702448) last=(11364, 679.85205078125, 37804)
[9.39024s] [RoadTerrainFitRejected] continuous=false points=104 radiusPasses=7 profilePasses=0
[9.54315s] [RoadGroundCorridor] cells=0 step=59.3341 margin=4450.05744958389
[9.60899s] [RoadAlignmentSearch] nearest=4710.085355823518 highest=260.63567744190397 goals=0 fitFailures=0 nodes=9302
[9.60899s] [RoadAlignmentBlocked] from=(16838.788789047503, 31.529129028320312, 40091.36554702448) to=(11364, 679.85205078125, 37804) expanded=1000 limit=1000
[9.60899s] [RoadGeneration] no legal alignment from=168 to=60 distance=5933.409932778521
[9.67107s] [SettlementPlan] mergedGateways=0
[9.67107s] [SettlementPlan] clippedInteriorRoads=33 boundaryEntrances=1
[9.69235s] [SettlementPlan] organic=true removedForJunctions=0
[9.69235s] [SettlementPlan] prunedInteriorStubs=0
[10.8641s] [SettlementFringe] neighborhoods=36 frontageSegments=151
[10.8641s] [ShortArterialReview] town=0 shortRuns=1 downgraded=1
[10.8641s] [BlockAlleys] town=0 alleys=103
[10.8641s] [SettlementPlan] index=0 origin=市場・在郷町 scale=0 extent=(675.5375, 552.7125) nodes=289 entrances=1 connected=1 station=true
[10.8851s] [SettlementPlan] mergedGateways=0
[10.8851s] [SettlementPlan] clippedInteriorRoads=119 boundaryEntrances=3
[10.9103s] [SettlementPlan] organic=false removedForJunctions=0
[10.9103s] [SettlementPlan] prunedInteriorStubs=3
[12.6833s] [SettlementFringe] neighborhoods=33 frontageSegments=255
[12.6833s] [ShortArterialReview] town=1 shortRuns=3 downgraded=3
[12.6833s] [BlockAlleys] town=1 alleys=199
[12.6833s] [SettlementPlan] index=1 origin=城下町 scale=0 extent=(1250, 780) nodes=475 entrances=3 connected=3 station=true
[12.7159s] [SettlementPlan] mergedGateways=0
[12.7159s] [SettlementPlan] clippedInteriorRoads=34 boundaryEntrances=2
[12.7232s] [SettlementPlan] organic=true removedForJunctions=0
[12.7232s] [SettlementPlan] prunedInteriorStubs=0
[13.552s] [SettlementFringe] neighborhoods=15 frontageSegments=84
[13.552s] [ShortArterialReview] town=2 shortRuns=0 downgraded=0
[13.552s] [BlockAlleys] town=2 alleys=34
[13.552s] [SettlementPlan] index=2 origin=市場・在郷町 scale=0 extent=(352.6347971093749, 288.51937945312494) nodes=81 entrances=2 connected=2 station=true
[13.5858s] [SettlementPlan] mergedGateways=0
[13.5858s] [SettlementPlan] clippedInteriorRoads=55 boundaryEntrances=2
[13.6185s] [SettlementPlan] organic=true removedForJunctions=0
[13.6185s] [SettlementPlan] prunedInteriorStubs=0
[15.8071s] [SettlementFringe] neighborhoods=40 frontageSegments=195
[15.8071s] [ShortArterialReview] town=3 shortRuns=0 downgraded=0
[15.8071s] [BlockAlleys] town=3 alleys=174
[15.8071s] [SettlementPlan] index=3 origin=市場・在郷町 scale=0 extent=(644.83125, 583.4187499999999) nodes=345 entrances=2 connected=2 station=true
[15.8071s] [RuralFrontage] form=0 accesses=5 noAnchor=0 noTerrain=0 noConnection=0 regionalRoadsPreserved=true
[15.8071s] [RuralFrontage] form=0 accesses=1 noAnchor=4 noTerrain=0 noConnection=0 regionalRoadsPreserved=true
[15.8071s] [RuralFrontage] form=0 accesses=1 noAnchor=4 noTerrain=0 noConnection=0 regionalRoadsPreserved=true
[15.8408s] [SettlementPlan] mergedGateways=0
[15.8408s] [SettlementPlan] clippedInteriorRoads=41 boundaryEntrances=2
[15.8541s] [SettlementPlan] organic=true removedForJunctions=3
[15.8541s] [SettlementPlan] prunedInteriorStubs=0
[17.015s] [SettlementFringe] neighborhoods=19 frontageSegments=82
[17.015s] [BlockAlleys] town=7 alleys=74
[17.015s] [SettlementPlan] index=7 origin=市場・在郷町 scale=1 extent=(478.40000000000003, 395.2) nodes=99 entrances=2 connected=2 station=false
[17.015s] [RuralFrontage] form=0 accesses=5 noAnchor=0 noTerrain=0 noConnection=0 regionalRoadsPreserved=true
[17.0522s] [SettlementPlan] mergedGateways=0
[17.0522s] [SettlementPlan] clippedInteriorRoads=45 boundaryEntrances=2
[17.059s] [SettlementPlan] organic=true removedForJunctions=5
[17.059s] [SettlementPlan] prunedInteriorStubs=0
[18.3308s] [SettlementFringe] neighborhoods=21 frontageSegments=67
[18.3308s] [BlockAlleys] town=9 alleys=70
[18.3308s] [SettlementPlan] index=9 origin=市場・在郷町 scale=1 extent=(478.40000000000003, 395.2) nodes=99 entrances=2 connected=2 station=false
[18.364s] [SettlementPlan] mergedGateways=0
[18.364s] [SettlementPlan] clippedInteriorRoads=22 boundaryEntrances=1
[18.3774s] [SettlementPlan] organic=true removedForJunctions=7
[18.3774s] [SettlementPlan] prunedInteriorStubs=0
[19.6762s] [SettlementFringe] neighborhoods=22 frontageSegments=68
[19.6762s] [BlockAlleys] town=10 alleys=66
[19.6762s] [SettlementPlan] index=10 origin=市場・在郷町 scale=1 extent=(478.40000000000003, 395.2) nodes=99 entrances=1 connected=1 station=false
[19.7175s] [SettlementPlan] mergedGateways=0
[19.7175s] [SettlementPlan] clippedInteriorRoads=50 boundaryEntrances=2
[19.7314s] [SettlementPlan] organic=false removedForJunctions=0
[19.7314s] [SettlementPlan] prunedInteriorStubs=0
[19.8701s] [NewTownLayout] center=(58828, 52684) carRoads=231 greenways=69 parks=1
[19.8701s] [BlockAlleys] town=11 alleys=0
[19.8701s] [SettlementPlan] index=11 origin=ニュータウン scale=1 extent=(499.20000000000005, 416) nodes=169 entrances=2 connected=2 station=true
[19.9032s] [SettlementPlan] mergedGateways=0
[19.9032s] [SettlementPlan] clippedInteriorRoads=21 boundaryEntrances=1
[19.9173s] [SettlementPlan] organic=false removedForJunctions=0
[19.9173s] [SettlementPlan] prunedInteriorStubs=0
[20.059s] [NewTownLayout] center=(23652, 20156) carRoads=231 greenways=69 parks=1
[20.059s] [BlockAlleys] town=12 alleys=0
[20.059s] [SettlementPlan] index=12 origin=ニュータウン scale=1 extent=(499.20000000000005, 416) nodes=169 entrances=1 connected=1 station=true
[20.093s] [SettlementPlan] mergedGateways=0
[20.093s] [SettlementPlan] clippedInteriorRoads=43 boundaryEntrances=2
[20.1128s] [SettlementPlan] organic=false removedForJunctions=0
[20.1128s] [SettlementPlan] prunedInteriorStubs=0
[20.2501s] [NewTownLayout] center=(48468, 31060) carRoads=231 greenways=69 parks=1
[20.2566s] [BlockAlleys] town=13 alleys=0
[20.2566s] [SettlementPlan] index=13 origin=ニュータウン scale=1 extent=(499.20000000000005, 416) nodes=169 entrances=2 connected=2 station=true
[20.2566s] [RuralFrontage] form=1 accesses=3 noAnchor=2 noTerrain=0 noConnection=0 regionalRoadsPreserved=true
[20.2566s] [RuralFrontage] form=0 accesses=1 noAnchor=4 noTerrain=0 noConnection=0 regionalRoadsPreserved=true
[20.2566s] [RuralFrontage] form=0 accesses=3 noAnchor=2 noTerrain=0 noConnection=0 regionalRoadsPreserved=true
[20.2566s] [RuralFrontage] form=1 accesses=3 noAnchor=2 noTerrain=0 noConnection=0 regionalRoadsPreserved=true
[20.2566s] [RuralFrontage] form=0 accesses=5 noAnchor=0 noTerrain=0 noConnection=0 regionalRoadsPreserved=true
[20.2639s] [RuralFrontage] form=1 accesses=5 noAnchor=0 noTerrain=0 noConnection=0 regionalRoadsPreserved=true
[20.2639s] [RuralFrontage] form=0 accesses=5 noAnchor=0 noTerrain=0 noConnection=0 regionalRoadsPreserved=true
[20.2639s] [RuralFrontage] form=0 accesses=1 noAnchor=4 noTerrain=0 noConnection=0 regionalRoadsPreserved=true
[20.2639s] [RuralFrontage] form=1 accesses=3 noAnchor=2 noTerrain=0 noConnection=0 regionalRoadsPreserved=true
[20.2639s] [RuralFrontage] form=0 accesses=3 noAnchor=2 noTerrain=0 noConnection=0 regionalRoadsPreserved=true
[20.2705s] [RuralFrontage] form=0 accesses=3 noAnchor=2 noTerrain=0 noConnection=0 regionalRoadsPreserved=true
[20.2705s] [RuralFrontage] form=1 accesses=3 noAnchor=2 noTerrain=0 noConnection=0 regionalRoadsPreserved=true
[20.2705s] [RuralFrontage] form=2 accesses=1 noAnchor=4 noTerrain=0 noConnection=0 regionalRoadsPreserved=true
[20.2705s] [RuralFrontage] form=0 accesses=3 noAnchor=2 noTerrain=0 noConnection=0 regionalRoadsPreserved=true
[20.2705s] [RuralFrontage] form=0 accesses=1 noAnchor=4 noTerrain=0 noConnection=0 regionalRoadsPreserved=true
[20.2705s] [RuralFrontage] form=1 accesses=3 noAnchor=2 noTerrain=0 noConnection=0 regionalRoadsPreserved=true
[20.2778s] [RuralFrontage] form=1 accesses=3 noAnchor=2 noTerrain=0 noConnection=0 regionalRoadsPreserved=true
[20.2778s] [RuralFrontage] form=0 accesses=5 noAnchor=0 noTerrain=0 noConnection=0 regionalRoadsPreserved=true
[20.2778s] [RuralFrontage] form=0 accesses=3 noAnchor=2 noTerrain=0 noConnection=0 regionalRoadsPreserved=true
[20.2778s] [RuralFrontage] form=1 accesses=3 noAnchor=2 noTerrain=0 noConnection=0 regionalRoadsPreserved=true
[20.2778s] [RuralFrontage] form=0 accesses=3 noAnchor=2 noTerrain=0 noConnection=0 regionalRoadsPreserved=true
[20.2844s] [RuralFrontage] form=2 accesses=1 noAnchor=4 noTerrain=0 noConnection=0 regionalRoadsPreserved=true
[20.2844s] [RuralFrontage] form=2 accesses=2 noAnchor=3 noTerrain=0 noConnection=0 regionalRoadsPreserved=true
[20.2844s] [RuralFrontage] form=1 accesses=3 noAnchor=2 noTerrain=0 noConnection=0 regionalRoadsPreserved=true
[20.2844s] [RuralFrontage] form=1 accesses=3 noAnchor=2 noTerrain=0 noConnection=0 regionalRoadsPreserved=true
[20.2844s] [RuralFrontage] form=1 accesses=3 noAnchor=2 noTerrain=0 noConnection=0 regionalRoadsPreserved=true
[20.291s] [RuralFrontage] form=2 accesses=1 noAnchor=4 noTerrain=0 noConnection=0 regionalRoadsPreserved=true
[20.291s] [RuralFrontage] form=2 accesses=1 noAnchor=4 noTerrain=0 noConnection=0 regionalRoadsPreserved=true
[20.291s] [RuralFrontage] form=0 accesses=1 noAnchor=4 noTerrain=0 noConnection=0 regionalRoadsPreserved=true
[20.291s] [RuralFrontage] form=0 accesses=2 noAnchor=3 noTerrain=0 noConnection=0 regionalRoadsPreserved=true
[20.291s] [RuralFrontage] form=1 accesses=1 noAnchor=4 noTerrain=0 noConnection=0 regionalRoadsPreserved=true
[20.291s] [RuralFrontage] form=2 accesses=1 noAnchor=4 noTerrain=0 noConnection=0 regionalRoadsPreserved=true
[20.2982s] [RuralFrontage] form=2 accesses=1 noAnchor=4 noTerrain=0 noConnection=0 regionalRoadsPreserved=true
[20.2982s] [RuralFrontage] form=0 accesses=2 noAnchor=3 noTerrain=0 noConnection=0 regionalRoadsPreserved=true
[20.2982s] [RuralFrontage] form=2 accesses=1 noAnchor=4 noTerrain=0 noConnection=0 regionalRoadsPreserved=true
[20.2982s] [RuralFrontage] form=2 accesses=2 noAnchor=3 noTerrain=0 noConnection=0 regionalRoadsPreserved=true
[20.2982s] [RuralFrontage] form=2 accesses=1 noAnchor=4 noTerrain=0 noConnection=0 regionalRoadsPreserved=true
[20.2982s] [RuralFrontage] form=2 accesses=1 noAnchor=4 noTerrain=0 noConnection=0 regionalRoadsPreserved=true
[20.3052s] [RuralFrontage] form=2 accesses=1 noAnchor=4 noTerrain=0 noConnection=0 regionalRoadsPreserved=true
[20.3052s] [RuralFrontage] form=2 accesses=1 noAnchor=4 noTerrain=0 noConnection=0 regionalRoadsPreserved=true
[20.3052s] [RuralFrontage] form=2 accesses=1 noAnchor=4 noTerrain=0 noConnection=0 regionalRoadsPreserved=true
[20.3052s] [RuralFrontage] form=2 accesses=1 noAnchor=4 noTerrain=0 noConnection=0 regionalRoadsPreserved=true
[20.3052s] [RuralFrontage] form=2 accesses=1 noAnchor=4 noTerrain=0 noConnection=0 regionalRoadsPreserved=true
[20.3121s] [RuralFrontage] form=2 accesses=1 noAnchor=4 noTerrain=0 noConnection=0 regionalRoadsPreserved=true
[20.3121s] [RuralFrontage] form=2 accesses=1 noAnchor=4 noTerrain=0 noConnection=0 regionalRoadsPreserved=true
[20.3121s] [RuralFrontage] form=2 accesses=1 noAnchor=2 noTerrain=2 noConnection=0 regionalRoadsPreserved=true
[20.3121s] [RuralFrontage] form=2 accesses=0 noAnchor=5 noTerrain=0 noConnection=0 regionalRoadsPreserved=true
[20.3257s] [LeveeRoadRoute] start=(59767.58686028947, 50344.19007611769) end=(59230.46063641795, 50623.20054766389) river=(59694.31063624642, 50273.39818286466) length=563
[20.3257s] [LeveeRoadRoute] start=(21871.721406810786, 50255.75978368971) end=(22103.21973340411, 50755.23919592678) river=(21768.27259961469, 50268.24209160225) length=566
[20.3327s] [LeveeRoadRoute] start=(61762.134699826514, 27651.019941210052) end=(62184.628758555606, 27499.548363031907) river=(61706.96338740715, 27558.0500925647) length=561
[20.3327s] [LeveeRoadRoute] start=(19352.550733966415, 23992.03724341285) end=(19695.820669075125, 24257.482209628135) river=(19260.313971248488, 24094.63043257324) length=564
[20.3327s] [LeveeRoad] routes=4 connectedSegments=32 candidates=186 paths=271 starts=11 both=4
[20.3393s] [VillageShortcuts] trials=15 detours=0 connected=0
[20.8316s] [straighten] target=4419 (LocalRoad=3005)
[20.8316s] [straighten] frame axisX=(0.289,0.957)
[21.2317s] [RoadDesignChains] repaired=3
[22.5405s] [RoadIntegrity] consolidatedNodes=1341 elapsedMs=944.93
[22.8233s] [RoadIntegrity] consolidatedNodes=0 elapsedMs=215.16
[22.8305s] [RoadHeightStage] stage=terrain raisedDryNodes=23 maximumGap=11.537694938101723
[22.9722s] [RoadVerticalAlignment] tunnelSections=0
[22.979s] [RoadHeightStage] stage=vertical raisedDryNodes=23 maximumGap=11.537694938101723
[29.7657s] [RoadAlignmentRepairStart] corridors=37
[29.7931s] [RoadTerrainFit] continuous=true points=11 curves=230 cost=43130.085174103544 from=(16733.637886477663, 40.503231048583984, 43097.803184732526) to=(19422.563224841004, 53.200531005859375, 36855.525799548304) elapsedMs=21.304
[29.7931s] [RoadGroundCorridor] cells=15 step=250 margin=5097.592065499362
[29.8294s] [RoadTerrainFit] continuous=true points=8 curves=218 cost=141491.60950182087 from=(16733.637886477663, 40.503231048583984, 43097.803184732526) to=(19422.563224841004, 53.200531005859375, 36855.525799548304) elapsedMs=35.101
[30.8648s] [RoadTerrainFit] continuous=true points=21 curves=269 cost=65164.036839658875 from=(20500.589611294017, 101.12292070266018, 32388.039021698696) to=(23737.748005437752, 31.3481189141927, 25093.12250954884) elapsedMs=20.518
[30.8648s] [RoadGroundCorridor] cells=18 step=250 margin=5985.686116123754
[30.8823s] [RoadTerrainFit] continuous=true points=8 curves=254 cost=66178.83086480362 from=(20500.589611294017, 101.12292070266018, 32388.039021698696) to=(23737.748005437752, 31.3481189141927, 25093.12250954884) elapsedMs=19.524
[31.1285s] [RoadTerrainFit] continuous=true points=9 curves=76 cost=72497.7155555814 from=(25751.047831319767, 31.541994094848633, 23064.777659551255) to=(27651.36658375361, 39.592899322509766, 22779.854259372638) elapsedMs=13.497
[31.1285s] [RoadGroundCorridor] cells=5 step=250 margin=576.4679899473131
[31.1351s] [RoadTerrainFit] continuous=true points=4 curves=67 cost=71443.95625597792 from=(25751.047831319767, 31.541994094848633, 23064.777659551255) to=(27651.36658375361, 39.592899322509766, 22779.854259372638) elapsedMs=9.931
[31.8616s] [RoadTerrainFit] continuous=true points=19 curves=232 cost=149256.87774207143 from=(30520.99974646726, 45.980072021484375, 22779.83585565867) to=(37029.854726857615, 26.92973518371582, 24679.439823589248) elapsedMs=24.418
[31.8616s] [RoadGroundCorridor] cells=20 step=250 margin=5085.292491075177
[31.8822s] [RoadTerrainFit] continuous=true points=12 curves=219 cost=164657.35187073602 from=(30520.99974646726, 45.980072021484375, 22779.83585565867) to=(37029.854726857615, 26.92973518371582, 24679.439823589248) elapsedMs=23.748
[32.2839s] [RoadTerrainFit] continuous=true points=46 curves=257 cost=74927.09767320257 from=(30522.604961995592, 45.38417434692383, 22812.0644221773) to=(30526.878376002514, 38.820109279451344, 30002.301607164747) elapsedMs=22.961
[32.4064s] [RoadGroundCorridor] cells=78 step=71.90238 margin=5392.678841181298
[32.4265s] [RoadTerrainFit] continuous=true points=31 curves=250 cost=72194.24250666774 from=(30522.604961995592, 45.38417434692383, 22812.0644221773) to=(30526.878376002514, 38.820109279451344, 30002.301607164747) elapsedMs=21.72
[32.6819s] [RoadTerrainFit] continuous=true points=3 curves=66 cost=16685.08849420962 from=(45728.66328137407, 38.3427734375, 30861.88050354907) to=(47208.91308579552, 32.65583419799805, 32328.959295305922) elapsedMs=7.147
[32.6819s] [RoadGroundCorridor] cells=7 step=250 margin=1563.0726347168786
[32.6886s] [RoadTerrainFit] continuous=true points=3 curves=66 cost=16685.08849420962 from=(45728.66328137407, 38.3427734375, 30861.88050354907) to=(47208.91308579552, 32.65583419799805, 32328.959295305922) elapsedMs=6.802
[33.3131s] [RoadTerrainFit] continuous=true points=9 curves=127 cost=72148.69796593608 from=(53209.27934824083, 35.67842102050781, 40009.868431972005) to=(54869.22036639166, 42.316219329833984, 42269.225508374344) elapsedMs=13.399
[33.3131s] [RoadGroundCorridor] cells=8 step=250 margin=2102.690051485543
[33.3269s] [RoadTerrainFit] continuous=true points=4 curves=89 cost=68551.1685976623 from=(53209.27934824083, 35.67842102050781, 40009.868431972005) to=(54869.22036639166, 42.316219329833984, 42269.225508374344) elapsedMs=11.411
[33.7059s] [RoadTerrainFit] continuous=true points=10 curves=155 cost=30970.55719497728 from=(54869.22036639166, 42.316219329833984, 42269.225508374344) to=(57574.185693850624, 100.03596496582031, 46103.65775013175) elapsedMs=11.449
[33.7059s] [RoadGroundCorridor] cells=12 step=250 margin=3519.3871301909167
[33.7132s] [RoadTerrainFit] continuous=true points=6 curves=161 cost=28181.737612046738 from=(54869.22036639166, 42.316219329833984, 42269.225508374344) to=(57574.185693850624, 100.03596496582031, 46103.65775013175) elapsedMs=11.75
[33.9538s] [RoadTerrainFit] continuous=true points=7 curves=84 cost=23350.41376030589 from=(59107.0056751191, 121.74560546875, 47955.14674995266) to=(59672.99224860835, 35.420688351796215, 50312.41023338574) elapsedMs=6.802
[33.9538s] [RoadGroundCorridor] cells=11 step=250 margin=1818.1942859825626
[33.9606s] [RoadTerrainFit] continuous=true points=6 curves=84 cost=20782.95647429931 from=(59107.0056751191, 121.74560546875, 47955.14674995266) to=(59672.99224860835, 35.420688351796215, 50312.41023338574) elapsedMs=6.253
[34.1805s] [RoadTerrainFitRejected] continuous=true points=15 radiusPasses=0 profilePasses=0
[34.1869s] [RoadTerrainFit] continuous=false points=15 curves=143 cost=129291.99637254688 from=(19854.580828234288, 83.73738861083984, 33334.19925325732) to=(16249.013327277606, 47.487159729003906, 31547.375976542236) elapsedMs=9.379
[34.1869s] [RoadGroundCorridor] cells=14 step=250 margin=3018.0259466608777
[34.2003s] [RoadTerrainFit] continuous=true points=8 curves=143 cost=19297.701142905054 from=(19854.580828234288, 83.73738861083984, 33334.19925325732) to=(16249.013327277606, 47.487159729003906, 31547.375976542236) elapsedMs=11.359
[34.6674s] [RoadTerrainFit] continuous=true points=74 curves=280 cost=23909.684819334732 from=(16997.87197999624, 38.82310706167914, 43861.873933121235) to=(19543.351788828422, 36.105440479588744, 51015.23442060898) elapsedMs=21.592
[34.6741s] [RoadGroundCorridor] cells=61 step=75.92762 margin=5694.571447276064
[34.6944s] [RoadTerrainFit] continuous=true points=27 curves=252 cost=45659.74638156218 from=(16997.87197999624, 38.82310706167914, 43861.873933121235) to=(19543.351788828422, 36.105440479588744, 51015.23442060898) elapsedMs=20.059
[35.4223s] [RoadTerrainFitRejected] continuous=true points=27 radiusPasses=0 profilePasses=0
[35.4357s] [RoadTerrainFit] continuous=false points=27 curves=113 cost=30480.0085243149 from=(58196.43489720071, 25.285062007400143, 52364.43489720071) to=(56741.960936538875, 32.073612213134766, 51479.9609375) elapsedMs=14.317
[35.4434s] [RoadGroundCorridor] cells=26 step=48 margin=510.68677473268923
[35.4502s] [RoadTerrainFit] continuous=true points=13 curves=61 cost=30307.76340270089 from=(58196.43489720071, 25.285062007400143, 52364.43489720071) to=(56741.960936538875, 32.073612213134766, 51479.9609375) elapsedMs=7.762
[35.805s] [RoadTerrainFit] continuous=true points=33 curves=80 cost=16810.73568832634 from=(15670.16878654091, 43.52656503712023, 30906.913570621306) to=(15053.831288814545, 39.69257354736328, 28905.411366939545) elapsedMs=7.635
[35.805s] [RoadGroundCorridor] cells=30 step=48 margin=1570.6874856654904
[35.8119s] [RoadTerrainFit] continuous=true points=14 curves=74 cost=15801.99168987231 from=(15670.16878654091, 43.52656503712023, 30906.913570621306) to=(15053.831288814545, 39.69257354736328, 28905.411366939545) elapsedMs=6.498
[36.6089s] [RoadTerrainFit] continuous=true points=26 curves=117 cost=26592.566193378294 from=(19222.041247312758, 37.595375061035156, 51156.009035911025) to=(17185.947152015542, 32.051658630371094, 51352.367946359365) elapsedMs=15.879
[36.6089s] [RoadGroundCorridor] cells=39 step=48 margin=1534.1553840702918
[36.6159s] [RoadTerrainFit] continuous=true points=17 curves=74 cost=23104.17059327918 from=(19222.041247312758, 37.595375061035156, 51156.009035911025) to=(17185.947152015542, 32.051658630371094, 51352.367946359365) elapsedMs=8.377
[36.9046s] [RoadTerrainFit] continuous=true points=19 curves=82 cost=20559.960205195905 from=(15026.59339527111, 40.06491470336914, 28852.092985162257) to=(12880.846630155911, 45.60493850708008, 29063.188924629554) elapsedMs=8.075
[36.9046s] [RoadGroundCorridor] cells=41 step=48 margin=1617.0790812634455
[36.9115s] [RoadTerrainFit] continuous=true points=17 curves=77 cost=17008.512465673943 from=(15026.59339527111, 40.06491470336914, 28852.092985162257) to=(12880.846630155911, 45.60493850708008, 29063.188924629554) elapsedMs=7.365
[37.0916s] [RoadTerrainFit] continuous=true points=12 curves=42 cost=48999.90887647781 from=(29479.593128145796, 34.323265075683594, 29991.593128145796) to=(28452.05784164753, 27.149383544921875, 29632.701690081027) elapsedMs=11.64
[37.0916s] [RoadGroundCorridor] cells=19 step=48 margin=326.52237999618745
[37.0981s] [RoadTerrainFit] continuous=true points=12 curves=43 cost=37651.13424344808 from=(29479.593128145796, 34.323265075683594, 29991.593128145796) to=(28452.05784164753, 27.149383544921875, 29632.701690081027) elapsedMs=10.937
[37.4614s] [RoadTerrainFit] continuous=true points=30 curves=132 cost=25366.83507930244 from=(57574.185693850624, 100.03596496582031, 46103.65775013175) to=(53826.09392260545, 26.29720687866211, 46039.30225604123) elapsedMs=10.038
[37.4614s] [RoadGroundCorridor] cells=74 step=48 margin=2811.4831717180327
[37.4745s] [RoadTerrainFit] continuous=true points=28 curves=132 cost=28796.44506694047 from=(57574.185693850624, 100.03596496582031, 46103.65775013175) to=(53826.09392260545, 26.29720687866211, 46039.30225604123) elapsedMs=9.999
[37.7811s] [RoadTerrainFit] continuous=true points=58 curves=178 cost=20691.67719081901 from=(55864.01558843996, 41.40643310546875, 26956.89818578013) to=(57140, 40.26054382324219, 31540) elapsedMs=12.51
[37.7877s] [RoadGroundCorridor] cells=70 step=48 margin=3568.0581739446116
[37.8008s] [RoadTerrainFit] continuous=true points=29 curves=165 cost=20799.127367246514 from=(55864.01558843996, 41.40643310546875, 26956.89818578013) to=(57140, 40.26054382324219, 31540) elapsedMs=12.327
[38.0162s] [RoadTerrainFit] continuous=true points=40 curves=209 cost=39327.26171496258 from=(29412.685235496683, 24.59982681274414, 42499.415869674136) to=(28991.864969197097, 32.368831634521484, 47987.10233500786) elapsedMs=27.816
[38.0228s] [RoadGroundCorridor] cells=94 step=55.03798 margin=4127.848500921959
[38.0439s] [RoadTerrainFit] continuous=true points=34 curves=195 cost=35848.99724994157 from=(29412.685235496683, 24.59982681274414, 42499.415869674136) to=(28991.864969197097, 32.368831634521484, 47987.10233500786) elapsedMs=22.149
[38.9708s] [RoadTerrainFit] continuous=true points=12 curves=40 cost=37004.31442548705 from=(61843.057698824785, 49.13555908203125, 26536.49420457251) to=(62091.74254496362, 36.41191116518286, 27456.82812683288) elapsedMs=5.222
[38.9775s] [RoadGroundCorridor] cells=14 step=48 margin=286.0022400342391
[38.9775s] [RoadTerrainFit] continuous=true points=10 curves=38 cost=35261.88878743405 from=(61843.057698824785, 49.13555908203125, 26536.49420457251) to=(62091.74254496362, 36.41191116518286, 27456.82812683288) elapsedMs=3.816
[39.1536s] [RoadTerrainFit] continuous=true points=35 curves=86 cost=32115.149884516286 from=(19892.06578267312, 34.076297760009766, 51129.14237690034) to=(21890.337913284584, 32.3543815612793, 50259.438099843646) elapsedMs=7.017
[39.1682s] [RoadGroundCorridor] cells=47 step=48 margin=1634.4971194832124
[39.1818s] [RoadTerrainFit] continuous=true points=21 curves=112 cost=55082.8797851187 from=(19892.06578267312, 34.076297760009766, 51129.14237690034) to=(21890.337913284584, 32.3543815612793, 50259.438099843646) elapsedMs=15.76
[39.4336s] [RoadTerrainFit] continuous=true points=67 curves=325 cost=141060.1202047245 from=(29098.3115454693, 39.19157409667969, 17398.658045706343) to=(25661.265770404425, 47.34654235839844, 17085.2657713581) elapsedMs=54.252
[39.4336s] [RoadGroundCorridor] cells=68 step=48 margin=2588.477899722299
[39.4557s] [RoadTerrainFit] continuous=true points=29 curves=126 cost=97278.98714501907 from=(29098.3115454693, 39.19157409667969, 17398.658045706343) to=(25661.265770404425, 47.34654235839844, 17085.2657713581) elapsedMs=18.671
[40.0971s] [RoadTerrainFit] continuous=true points=42 curves=307 cost=59967.43799140689 from=(55254.84991692238, 41.96835708618164, 41748.65258316777) to=(63816.66898456055, 28.269433975219727, 40859.70105231077) elapsedMs=24.733
[40.1041s] [RoadGroundCorridor] cells=89 step=86.07844 margin=6455.883097709553
[40.1312s] [RoadTerrainFit] continuous=true points=33 curves=289 cost=63143.93702523167 from=(55254.84991692238, 41.96835708618164, 41748.65258316777) to=(63816.66898456055, 28.269433975219727, 40859.70105231077) elapsedMs=26.044
[40.4729s] [RoadTerrainFit] continuous=true points=16 curves=58 cost=17126.91585262287 from=(51389.88179225983, 40.80631637573242, 38189.89052843176) to=(50584.248750990715, 33.76030731201172, 39626.139279422474) elapsedMs=5.302
[40.4729s] [RoadGroundCorridor] cells=18 step=48 margin=494.0313314675724
[40.4806s] [RoadTerrainFit] continuous=true points=8 curves=55 cost=17032.72772906229 from=(51389.88179225983, 40.80631637573242, 38189.89052843176) to=(50584.248750990715, 33.76030731201172, 39626.139279422474) elapsedMs=5.966
[40.8409s] [RoadTerrainFit] continuous=true points=41 curves=277 cost=32254.330873451476 from=(56037.91829474277, 37.66496658325195, 22869.713307616363) to=(49686.911545568415, 38.26466369628906, 18903.10752424978) elapsedMs=17.727
[40.8544s] [RoadGroundCorridor] cells=59 step=74.8794 margin=5615.95513647422
[40.8682s] [RoadTerrainFit] continuous=true points=31 curves=280 cost=41505.04437347782 from=(56037.91829474277, 37.66496658325195, 22869.713307616363) to=(49686.911545568415, 38.26466369628906, 18903.10752424978) elapsedMs=19.601
[41.1736s] [RoadTerrainFit] continuous=true points=26 curves=74 cost=22253.011991702497 from=(49686.911545568415, 38.26466369628906, 18903.10752424978) to=(47804, 34.935855865478516, 18348) elapsedMs=7.873
[41.1736s] [RoadGroundCorridor] cells=29 step=48 margin=588.9100293527188
[41.1815s] [RoadTerrainFit] continuous=true points=13 curves=68 cost=17227.259701277497 from=(49686.911545568415, 38.26466369628906, 18903.10752424978) to=(47804, 34.935855865478516, 18348) elapsedMs=7.716
[41.49s] [RoadTerrainFit] continuous=true points=56 curves=221 cost=22912.1439446242 from=(50429.00721940899, 32.578346252441406, 39825.48095563282) to=(48588, 46.026859283447266, 43228) elapsedMs=20.14
[41.4965s] [RoadGroundCorridor] cells=39 step=48 margin=2901.4865894784907
[41.5027s] [RoadTerrainFit] continuous=true points=16 curves=127 cost=24446.51586545816 from=(50429.00721940899, 32.578346252441406, 39825.48095563282) to=(48588, 46.026859283447266, 43228) elapsedMs=12.034
[42.2697s] [RoadTerrainFit] continuous=true points=22 curves=61 cost=20058.741131347917 from=(37978.965517463395, 28.05490493774414, 23787.59054249162) to=(36906.71778555705, 28.580087661743164, 22983.30450554125) elapsedMs=10.083
[42.2697s] [RoadGroundCorridor] cells=18 step=48 margin=402.1109430282235
[42.2765s] [RoadTerrainFit] continuous=true points=10 curves=47 cost=19421.505329627114 from=(37978.965517463395, 28.05490493774414, 23787.59054249162) to=(36906.71778555705, 28.580087661743164, 22983.30450554125) elapsedMs=7.358
[42.8095s] [RoadTerrainFit] continuous=true points=37 curves=105 cost=68029.48094720762 from=(63828, 35.06674575805664, 34252) to=(61355.586526166255, 44.06840515136719, 34016.38652659541) elapsedMs=14.269
[42.85s] [RoadGroundCorridor] cells=48 step=48 margin=1862.7110425734286
[42.8654s] [RoadTerrainFit] continuous=true points=20 curves=90 cost=69881.27167503153 from=(63828, 35.06674575805664, 34252) to=(61355.586526166255, 44.06840515136719, 34016.38652659541) elapsedMs=13.865
[43.5915s] [RoadTerrainFit] continuous=true points=72 curves=375 cost=84690.15575386841 from=(10315.922534618765, 205.2812891123657, 19605.302270946155) to=(16323.066593055675, 316.4778551000157, 19039.399116104894) elapsedMs=37.474
[43.5915s] [RoadGroundCorridor] cells=84 step=60.337406 margin=4525.3054805398115
[43.6261s] [RoadTerrainFit] continuous=true points=41 curves=254 cost=71269.1844289949 from=(10315.922534618765, 205.2812891123657, 19605.302270946155) to=(16323.066593055675, 316.4778551000157, 19039.399116104894) elapsedMs=32.421
[44.5585s] [RoadTerrainFitRejected] continuous=true points=41 radiusPasses=0 profilePasses=0
[44.6061s] [RoadTerrainFit] continuous=false points=41 curves=455 cost=86603.05525010105 from=(47804, 34.935855865478516, 18348) to=(41430.107658634704, 409.88104248046875, 7770.957737176534) elapsedMs=49.643
[44.6133s] [RoadGroundCorridor] cells=53 step=123.49102 margin=9261.826694420964
[44.6468s] [RoadTerrainFit] continuous=true points=22 curves=400 cost=79797.07739834476 from=(47804, 34.935855865478516, 18348) to=(41430.107658634704, 409.88104248046875, 7770.957737176534) elapsedMs=33.028
[45.6521s] [RoadTerrainFitRejected] continuous=true points=41 radiusPasses=0 profilePasses=0
[45.6783s] [RoadTerrainEnvelope] points=41 pass=32 excess=19.285534949942416 index=90 first=(41430.107658634704, 409.88104248046875, 7770.957737176534) last=(41125.54839822038, 347.8333740234375, 3436.564354067268)
[45.6783s] [RoadTerrainFitRejected] continuous=false points=41 radiusPasses=8 profilePasses=0
[45.6984s] [RoadGroundCorridor] cells=90 step=48 margin=3258.8101843676163
[45.7529s] [RoadTerrainFit] continuous=true points=52 curves=204 cost=289564.57626958913 from=(41430.107658634704, 409.88104248046875, 7770.957737176534) to=(41125.54839822038, 347.8333740234375, 3436.564354067268) elapsedMs=57.932
[47.0394s] [RoadTerrainFit] continuous=true points=12 curves=24 cost=2379.923218727112 from=(41430.107658634704, 409.88104248046875, 7770.957737176534) to=(41085.38798868431, 368.3622131347656, 7682.766189513679) elapsedMs=4.708
[47.0394s] [RoadGroundCorridor] cells=0 step=48 margin=240
[47.6751s] [RoadTerrainFitRejected] continuous=true points=72 radiusPasses=0 profilePasses=0
[47.6947s] [RoadTerrainEnvelope] points=72 pass=32 excess=33.70850814380066 index=328 first=(56037.91829474277, 37.66496658325195, 22869.713307616363) last=(63854.04016339226, 733.9882202148438, 14601.5868390054)
[47.6947s] [RoadTerrainFitRejected] continuous=false points=72 radiusPasses=8 profilePasses=0
[47.825s] [RoadGroundCorridor] cells=242 step=113.77771 margin=8533.328363315857
[47.8315s] [RoadTerrainEnvelope] points=130 pass=0 excess=2.4090798554676667 index=419 first=(56037.91829474277, 37.66496658325195, 22869.713307616363) last=(63854.04016339226, 733.9882202148438, 14601.5868390054)
[47.8706s] [RoadTerrainEnvelope] points=130 pass=32 excess=1.1411976538721547 index=411 first=(56037.91829474277, 37.66496658325195, 22869.713307616363) last=(63854.04016339226, 733.9882202148438, 14601.5868390054)
[47.8706s] [RoadTerrainFitRejected] continuous=true points=130 radiusPasses=9 profilePasses=0
[47.878s] [RoadTerrainEnvelope] points=130 pass=0 excess=1.1853402299572053 index=1257 first=(56037.91829474277, 37.66496658325195, 22869.713307616363) last=(63854.04016339226, 733.9882202148438, 14601.5868390054)
[47.9179s] [RoadTerrainEnvelope] points=130 pass=32 excess=27.682217044123945 index=757 first=(56037.91829474277, 37.66496658325195, 22869.713307616363) last=(63854.04016339226, 733.9882202148438, 14601.5868390054)
[47.9179s] [RoadTerrainFitRejected] continuous=false points=130 radiusPasses=9 profilePasses=0
[49.0227s] [RoadAlignmentSearch] nearest=8382.002669526148 highest=109.01199340820312 goals=0 fitFailures=0 nodes=15615
[49.0227s] [RoadAlignmentBlocked] from=(56037.91829474277, 37.66496658325195, 22869.713307616363) to=(63854.04016339226, 733.9882202148438, 14601.5868390054) expanded=3000 limit=3000
[49.0293s] [RoadTerrainFit] continuous=true points=5 curves=10 cost=253.29991388320923 from=(61495.334386924886, 34.394569396972656, 53812.855264728045) to=(61738.59881281627, 35.885536193847656, 53746.70831396134) elapsedMs=0.607
[49.0293s] [RoadGroundCorridor] cells=4 step=48 margin=240
[49.0293s] [RoadTerrainFit] continuous=true points=3 curves=9 cost=255.04981184005737 from=(61495.334386924886, 34.394569396972656, 53812.855264728045) to=(61738.59881281627, 35.885536193847656, 53746.70831396134) elapsedMs=0.54
[49.0622s] [RoadTerrainFit] continuous=true points=6 curves=19 cost=744.3602151870728 from=(59759.50758932136, 32.037716698653874, 50399.20184514501) to=(59308, 27.191022872924805, 50636) elapsedMs=3.968
[49.0622s] [RoadGroundCorridor] cells=7 step=48 margin=240
[49.0684s] [RoadTerrainEnvelope] points=5 pass=32 excess=1.4650811778820128 index=15 first=(59759.50758932136, 32.037716698653874, 50399.20184514501) last=(59308, 27.191022872924805, 50636)
[49.0684s] [RoadTerrainFit] continuous=true points=5 curves=18 cost=736.1743521690369 from=(59759.50758932136, 32.037716698653874, 50399.20184514501) to=(59308, 27.191022872924805, 50636) elapsedMs=2.546
[49.5275s] [RoadTerrainFit] continuous=true points=5 curves=13 cost=419.41844367980957 from=(61864.00143111342, 49.990928649902344, 27748.022514675773) to=(62090.21004869162, 41.17841262817383, 27490.091818764216) elapsedMs=2.763
[49.5275s] [RoadGroundCorridor] cells=7 step=48 margin=240
[49.5341s] [RoadTerrainFit] continuous=true points=6 curves=15 cost=428.7681427001953 from=(61864.00143111342, 49.990928649902344, 27748.022514675773) to=(62090.21004869162, 41.17841262817383, 27490.091818764216) elapsedMs=2.757
[49.7349s] [RoadAlignmentRepair] candidates=37 rerouted=17 unbuildable=0 savedCost=88002.51649464322
[50.2929s] [RoadHeightStage] stage=alignment raisedDryNodes=22 maximumGap=11.33818352044807
[50.6419s] [RoadHeightStage] stage=crossings raisedDryNodes=22 maximumGap=11.33818352044807
[51.1765s] [RoadHeightStage] stage=finalGrades raisedDryNodes=22 maximumGap=11.33818352044807
[53.2522s] [RoadEarthworks] groundedEdges=1759 adjustedVertices=109671 maxCut=11.73 maxFill=29.95 slope=1:1.5
[56.0117s] [RoadEarthworks] groundedEdges=72 adjustedVertices=291 maxCut=12.22 maxFill=11.22 slope=1:1.5
[56.0117s] [TunnelTopology] intersectionsAfterVerticalAlignment=true gradeBeforeJoin=0 gradeAfterJoin=1
[56.0595s] [RoadDesignAudit] edges=17782 gradeBefore=82 gradeAfter=0 radiusBefore=15 radiusAfter=0 maxGrade=0.08955
[56.0794s] [TownRoadGround] center=(62140, 53164) streets=205 elevated=0 tunnels=0 maxClearanceM=0.03
[56.0928s] [TownRoadGround] center=(24252, 23772) streets=292 elevated=0 tunnels=0 maxClearanceM=0.06
[56.1127s] [TownRoadGround] center=(16724, 43468) streets=50 elevated=0 tunnels=0 maxClearanceM=0.03
[56.1327s] [TownRoadGround] center=(45276, 30396) streets=353 elevated=0 tunnels=0 maxClearanceM=0.03
[56.5585s] [NarrowBlockMerge] removedShortcuts=6
[56.5585s] [WaterCrossings] wetBefore=319 elevatedEdges=325
[56.6195s] [BridgeAlignmentAudit] wetEdges=285 waterLengthM=6732 parallelWaterLengthM=90 maxWaterGrade=0.08954479173927693 submergedSamples=0
[56.627s] [RoadGroundAudit] elevated=390 belowTwoMeters=10 buried=24
[56.6546s] [GuideSignClearance] generated=27 exclusionViolations=0 clearanceM=30
[56.7087s] [RailCostCandidate] line=0 variant=0 feasible=true cost=62013 points=66
[56.7087s] [RailAlignmentRejected] variant=0 reason=radius-or-grade
[56.7159s] [RailCostCandidate] line=0 variant=1 feasible=true cost=61982 points=66
[56.7159s] [RailAlignmentRejected] variant=1 reason=radius-or-grade
[56.7233s] [RailCostCandidate] line=0 variant=2 feasible=true cost=61436 points=66
[56.7233s] [RailAlignmentRejected] variant=2 reason=radius-or-grade
[56.7303s] [RailCostCandidate] line=0 variant=3 feasible=true cost=61400 points=66
[56.7303s] [RailAlignmentRejected] variant=3 reason=radius-or-grade
[56.7367s] [RailCostCandidate] line=0 variant=4 feasible=true cost=59681 points=63
[56.7367s] [RailCostChosen] line=0 variant=4 cost=59681 sections=62
[56.8382s] [RailCostCandidate] line=1 variant=0 feasible=true cost=343526 points=583
[56.8382s] [RailAlignmentRejected] variant=0 reason=radius-or-grade
[56.9462s] [RailCostCandidate] line=1 variant=1 feasible=true cost=340600 points=577
[56.9462s] [RailAlignmentRejected] variant=1 reason=radius-or-grade
[57.0422s] [RailCostCandidate] line=1 variant=2 feasible=true cost=345105 points=568
[57.0422s] [RailAlignmentRejected] variant=2 reason=radius-or-grade
[57.17s] [RailCostCandidate] line=1 variant=3 feasible=true cost=227625 points=617
[57.177s] [RailAlignmentRejected] variant=3 reason=radius-or-grade
[57.184s] [RailCostCandidate] line=1 variant=4 feasible=true cost=570871 points=418
[57.1906s] [RailCostChosen] line=1 variant=4 cost=570871 sections=417
[57.1976s] [RailCostCandidate] line=2 variant=0 feasible=true cost=70786 points=107
[57.1976s] [RailAlignmentRejected] variant=0 reason=radius-or-grade
[57.2043s] [RailCostCandidate] line=2 variant=1 feasible=true cost=70061 points=105
[57.2043s] [RailAlignmentRejected] variant=1 reason=radius-or-grade
[57.2113s] [RailCostCandidate] line=2 variant=2 feasible=true cost=74846 points=98
[57.2113s] [RailAlignmentRejected] variant=2 reason=radius-or-grade
[57.2243s] [RailCostCandidate] line=2 variant=3 feasible=true cost=76989 points=96
[57.2243s] [RailAlignmentRejected] variant=3 reason=radius-or-grade
[57.2243s] [RailCostCandidate] line=2 variant=4 feasible=true cost=185625 points=53
[57.2243s] [RailCostChosen] line=2 variant=4 cost=185625 sections=52
[57.2973s] [RailCostCandidate] line=3 variant=0 feasible=true cost=391344 points=606
[57.2973s] [RailAlignmentRejected] variant=0 reason=radius-or-grade
[57.3866s] [RailCostCandidate] line=3 variant=1 feasible=true cost=397590 points=616
[57.3934s] [RailAlignmentRejected] variant=1 reason=radius-or-grade
[57.4702s] [RailCostCandidate] line=3 variant=2 feasible=true cost=404367 points=567
[57.4702s] [RailAlignmentRejected] variant=2 reason=radius-or-grade
[57.6393s] [RailCostCandidate] line=3 variant=3 feasible=true cost=557720 points=1079
[57.6462s] [RailAlignmentRejected] variant=3 reason=radius-or-grade
[57.6526s] [RailCostCandidate] line=3 variant=4 feasible=true cost=549457 points=348
[57.6597s] [RailCostChosen] line=3 variant=4 cost=549457 sections=347
[57.6662s] [RailCostCandidate] line=4 variant=0 feasible=true cost=60566 points=18
[57.6727s] [RailCostCandidate] line=4 variant=1 feasible=true cost=60569 points=18
[57.6727s] [RailCostCandidate] line=4 variant=2 feasible=true cost=60570 points=18
[57.6999s] [RailCostCandidate] line=4 variant=3 feasible=true cost=60570 points=18
[57.6999s] [RailCostCandidate] line=4 variant=4 feasible=true cost=58151 points=16
[57.6999s] [RailCostChosen] line=4 variant=4 cost=58151 sections=15
[57.6999s] [RailProfileBlocked] sample=13 run=60.000014305114156 lower=44.5 upper=44.5 road=40.13574752807617 start=57 end=44.5
[57.6999s] [RailCostCandidate] line=5 variant=0 feasible=false cost=inf points=15
[57.7064s] [RailProfileBlocked] sample=13 run=60.000014305114156 lower=44.5 upper=44.5 road=40.13574752807617 start=57 end=44.5
[57.7064s] [RailCostCandidate] line=5 variant=1 feasible=false cost=inf points=15
[57.7136s] [RailProfileBlocked] sample=13 run=60.000014305114156 lower=44.5 upper=44.5 road=40.13574752807617 start=57 end=44.5
[57.7136s] [RailCostCandidate] line=5 variant=2 feasible=false cost=inf points=15
[57.7338s] [RailProfileBlocked] sample=13 run=60.000014305114156 lower=44.5 upper=44.5 road=40.13574752807617 start=57 end=44.5
[57.7338s] [RailCostCandidate] line=5 variant=3 feasible=false cost=inf points=15
[57.7338s] [RailProfileBlocked] sample=13 run=60.000014305114156 lower=44.5 upper=44.5 road=40.13574752807617 start=57 end=44.5
[57.7338s] [RailCostCandidate] line=5 variant=4 feasible=false cost=inf points=15
[57.7338s] [RailCostFailure] from=1 to=2
[57.7404s] [RailCostCandidate] line=5 variant=0 feasible=true cost=56800 points=34
[57.7404s] [RailAlignmentRejected] variant=0 reason=radius-or-grade
[57.754s] [RailCostCandidate] line=5 variant=1 feasible=true cost=54289 points=34
[57.7609s] [RailCostCandidate] line=5 variant=2 feasible=true cost=54630 points=33
[57.7819s] [RailCostCandidate] line=5 variant=3 feasible=true cost=54742 points=33
[57.7819s] [RailCostCandidate] line=5 variant=4 feasible=true cost=54253 points=29
[57.7819s] [RailCostChosen] line=5 variant=4 cost=54253 sections=28
[57.7956s] [RailCostCandidate] line=6 variant=0 feasible=true cost=78035 points=58
[57.7956s] [RailAlignmentRejected] variant=0 reason=radius-or-grade
[57.8021s] [RailCostCandidate] line=6 variant=1 feasible=true cost=78113 points=58
[57.8021s] [RailAlignmentRejected] variant=1 reason=radius-or-grade
[57.8159s] [RailCostCandidate] line=6 variant=2 feasible=true cost=74156 points=56
[57.8159s] [RailAlignmentRejected] variant=2 reason=radius-or-grade
[57.8365s] [RailCostCandidate] line=6 variant=3 feasible=true cost=72590 points=57
[57.8431s] [RailAlignmentRejected] variant=3 reason=radius-or-grade
[57.8431s] [RailCostCandidate] line=6 variant=4 feasible=true cost=124648 points=53
[57.8431s] [RailCostChosen] line=6 variant=4 cost=124648 sections=52
[57.9165s] [RailCostCandidate] line=7 variant=0 feasible=true cost=208434 points=564
[57.9165s] [RailAlignmentRejected] variant=0 reason=radius-or-grade
[57.9899s] [RailCostCandidate] line=7 variant=1 feasible=true cost=205841 points=556
[57.9899s] [RailAlignmentRejected] variant=1 reason=radius-or-grade
[58.0636s] [RailCostCandidate] line=7 variant=2 feasible=true cost=201691 points=529
[58.0636s] [RailAlignmentRejected] variant=2 reason=radius-or-grade
[58.1774s] [RailCostCandidate] line=7 variant=3 feasible=true cost=238144 points=573
[58.1837s] [RailAlignmentRejected] variant=3 reason=radius-or-grade
[58.1904s] [RailCostCandidate] line=7 variant=4 feasible=true cost=118091 points=297
[58.1904s] [RailCostChosen] line=7 variant=4 cost=118091 sections=296
[58.2106s] [RailHeight] samples=16423 median=0.9983647920177603 p95=18.63056587774478 maximum=27.50215738659947
[58.2106s] [RailwayAudit] maxGrade=0.01552611515863256 roadConflicts=0 underWater=0 failedConnections=0
[58.2106s] [StationCurvature] station=17680 minimumRadius=inf
[58.2106s] [StationCurvature] station=18559 minimumRadius=inf
[58.2106s] [StationCurvature] station=18574 minimumRadius=inf
[58.2106s] [StationCurvature] station=18212 minimumRadius=inf
[58.2106s] [StationCurvature] station=18654 minimumRadius=inf
[58.2106s] [StationCurvature] station=18160 minimumRadius=inf
[58.2106s] [StationCurvature] station=17681 minimumRadius=inf
[58.2106s] [StationCurvature] station=18602 minimumRadius=inf
[58.2106s] [StationCurvature] station=17743 minimumRadius=inf
[58.2106s] [StationCurvature] violations=0
[58.3501s] [RailDepot] rejected station=17680 reason=駅の横に車庫用の空地がありません（道路・線路）
[58.4596s] [RailDepot] rejected station=18559 reason=駅の横に車庫用の空地がありません（道路・線路）
[58.5706s] [RailDepot] rejected station=18602 reason=駅の横に車庫用の空地がありません（道路・線路）
[58.6717s] [RailDepot] rejected station=18654 reason=駅の横に車庫用の空地がありません（道路・線路）
[58.6717s] [RailDepot] generated=0 candidateStations=4
[58.6717s] [RailwayAlignment] stations=9 lines=8 sections=1269 rejectedCorridors=1
[58.9616s] [DistrictHierarchy] areas=422 boundaries=16955 uncoveredCells=0
[63.7312s] [AgriculturalAccess] roads=13104 homes=1794
[64.0384s] [UrbanFacility] town=汐淵 type=18 requested=1 placed=1 candidates=424
[64.0455s] [UrbanFacility] town=汐淵 type=19 requested=1 placed=0 candidates=0
[64.1199s] [UrbanFacility] town=汐淵 type=20 requested=1 placed=1 candidates=424
[64.1875s] [UrbanFacility] town=汐淵 type=21 requested=2 placed=2 candidates=225
[64.2754s] [UrbanFacility] town=汐淵 type=17 requested=2 placed=2 candidates=125
[64.3707s] [UrbanFacility] town=葦草 type=18 requested=1 placed=1 candidates=1552
[64.3774s] [UrbanFacility] town=葦草 type=19 requested=1 placed=0 candidates=0
[64.4775s] [UrbanFacility] town=葦草 type=20 requested=1 placed=1 candidates=1552
[64.5682s] [UrbanFacility] town=葦草 type=21 requested=2 placed=2 candidates=896
[64.6773s] [UrbanFacility] town=葦草 type=17 requested=2 placed=2 candidates=219
[64.7364s] [UrbanFacility] town=玉寺 type=18 requested=1 placed=1 candidates=164
[64.7433s] [UrbanFacility] town=玉寺 type=19 requested=1 placed=0 candidates=0
[64.7973s] [UrbanFacility] town=玉寺 type=20 requested=1 placed=1 candidates=164
[64.8511s] [UrbanFacility] town=玉寺 type=21 requested=2 placed=1 candidates=87
[64.9173s] [UrbanFacility] town=玉寺 type=17 requested=2 placed=2 candidates=38
[64.9966s] [UrbanFacility] town=網瀬洗 type=18 requested=1 placed=1 candidates=283
[65.0029s] [UrbanFacility] town=網瀬洗 type=19 requested=1 placed=0 candidates=0
[65.0912s] [UrbanFacility] town=網瀬洗 type=20 requested=1 placed=1 candidates=283
[65.1659s] [UrbanFacility] town=網瀬洗 type=21 requested=2 placed=2 candidates=47
[65.1993s] [UrbanFacility] town=鵜池 type=21 requested=1 placed=1 candidates=187
[65.2392s] [UrbanFacility] town=秋神 type=21 requested=1 placed=1 candidates=185
[65.2874s] [UrbanFacility] town=常宮 type=21 requested=1 placed=0 candidates=181
[65.6105s] [RoadsideServices] district=0 convenience=6 fuel=3
[65.941s] [RoadsideServices] district=1 convenience=6 fuel=3
[66.1568s] [RoadsideServices] district=2 convenience=6 fuel=1
[66.3849s] [RoadsideServices] district=3 convenience=6 fuel=2
[66.5211s] [RoadsideServices] district=4 convenience=3 fuel=0
[66.5629s] [RoadsideServices] district=5 convenience=1 fuel=0
[66.6108s] [RoadsideServices] district=6 convenience=1 fuel=0
[66.7184s] [RoadsideServices] district=7 convenience=6 fuel=1
[66.7948s] [RoadsideServices] district=8 convenience=0 fuel=0
[66.8954s] [RoadsideServices] district=9 convenience=6 fuel=1
[67.0245s] [RoadsideServices] district=10 convenience=6 fuel=2
[67.0931s] [RoadsideServices] district=11 convenience=6 fuel=2
[67.1591s] [RoadsideServices] district=12 convenience=3 fuel=1
[67.2271s] [RoadsideServices] district=13 convenience=3 fuel=0
[67.2823s] [RoadsideServices] district=14 convenience=0 fuel=0
[67.3229s] [RoadsideServices] district=15 convenience=0 fuel=0
[67.3705s] [RoadsideServices] district=16 convenience=0 fuel=0
[67.4102s] [RoadsideServices] district=17 convenience=0 fuel=0
[67.4505s] [RoadsideServices] district=18 convenience=0 fuel=0
[67.4934s] [RoadsideServices] district=19 convenience=0 fuel=0
[67.5385s] [RoadsideServices] district=20 convenience=1 fuel=0
[67.586s] [RoadsideServices] district=21 convenience=0 fuel=0
[67.6251s] [RoadsideServices] district=22 convenience=0 fuel=0
[67.6715s] [RoadsideServices] district=23 convenience=1 fuel=0
[67.7124s] [RoadsideServices] district=24 convenience=1 fuel=0
[67.7524s] [RoadsideServices] district=25 convenience=0 fuel=0
[67.7978s] [RoadsideServices] district=26 convenience=1 fuel=0
[67.8382s] [RoadsideServices] district=27 convenience=0 fuel=0
[67.879s] [RoadsideServices] district=28 convenience=1 fuel=0
[67.9172s] [RoadsideServices] district=29 convenience=0 fuel=0
[67.9628s] [RoadsideServices] district=30 convenience=0 fuel=0
[68.0029s] [RoadsideServices] district=31 convenience=1 fuel=0
[68.044s] [RoadsideServices] district=32 convenience=1 fuel=0
[68.0888s] [RoadsideServices] district=33 convenience=0 fuel=0
[68.1286s] [RoadsideServices] district=34 convenience=0 fuel=0
[68.1687s] [RoadsideServices] district=35 convenience=1 fuel=0
[68.2096s] [RoadsideServices] district=36 convenience=0 fuel=0
[68.2562s] [RoadsideServices] district=37 convenience=0 fuel=0
[68.2971s] [RoadsideServices] district=38 convenience=0 fuel=0
[68.3365s] [RoadsideServices] district=39 convenience=0 fuel=0
[68.3812s] [RoadsideServices] district=40 convenience=0 fuel=0
[68.4221s] [RoadsideServices] district=41 convenience=0 fuel=0
[68.4549s] [RoadsideServices] district=42 convenience=0 fuel=0
[68.5019s] [RoadsideServices] district=43 convenience=0 fuel=0
[68.5385s] [RoadsideServices] district=44 convenience=0 fuel=0
[68.5794s] [RoadsideServices] district=45 convenience=0 fuel=0
[68.6268s] [RoadsideServices] district=46 convenience=0 fuel=0
[68.6657s] [RoadsideServices] district=47 convenience=0 fuel=0
[68.7052s] [RoadsideServices] district=48 convenience=0 fuel=0
[68.752s] [RoadsideServices] district=49 convenience=0 fuel=0
[68.7928s] [RoadsideServices] district=50 convenience=0 fuel=0
[68.8328s] [RoadsideServices] district=51 convenience=0 fuel=0
[68.873s] [RoadsideServices] district=52 convenience=0 fuel=0
[68.9144s] [RoadsideServices] district=53 convenience=0 fuel=0
[68.9547s] [RoadsideServices] district=54 convenience=0 fuel=0
[69.0021s] [RoadsideServices] district=55 convenience=0 fuel=0
[69.0434s] [RoadsideServices] district=56 convenience=0 fuel=0
[69.0839s] [RoadsideServices] district=57 convenience=0 fuel=0
[69.1181s] [RoadsideServices] district=58 convenience=0 fuel=0
[69.1584s] [RoadsideServices] district=59 convenience=0 fuel=0
[69.1992s] [RoadsideServices] district=60 convenience=0 fuel=0
[69.279s] [NewTownGreenClearance] rejected=79
[69.279s] [UrbanMix] midrise=938 towers=40 offices=114 detached=14267
[69.279s] [PlacementReview] slots=46649 placed=26097 density=8434 clearance=331 neighbor=2587
[70.1749s] [RearLots] placed=8229
[70.4525s] [GreenTrafficIsland] center=(62368.77288450346, 53480.566087304556) area=3045.1990292072296 cells=12
[70.4592s] [GreenTrafficIsland] center=(24104.03430067793, 23680.49345331925) area=2832.3855994343758 cells=12
[70.4592s] [BlockCoverage] blocks=2244 emptyBefore=2 infill=0 greenIslands=2 emptyAfter=0
[76.7637s] [AgriculturalLayout] candidates=208542 fields=17408 paddies=5964 tracks=14012 drains=28024 disconnected=434
[77.4835s] [SuburbanDevelopment] center=(62140, 53164) streets=151 depth=1149.8 buildings={3589, 1288, 496, 149}
[77.4903s] [SuburbanDevelopment] center=(24252, 23772) streets=255 depth=1158.0 buildings={7368, 1458, 464, 75}
[77.4903s] [SuburbanDevelopment] center=(16724, 43468) streets=84 depth=1152.0 buildings={956, 417, 228, 82}
[77.4975s] [SuburbanDevelopment] center=(45276, 30396) streets=195 depth=1156.7 buildings={4028, 1236, 596, 204}
[77.4975s] [placeInitialBuildings] placed=26097 infill=1154 fields=2026159 rejectedRoad=1380 rejectedSlope=309 elapsedMs=13766.7
[80.9866s] [ParcelValidation] failure=0 count=37274
[81.7281s] [CityConstraintValidation] buildings=37274 noFrontage=0 missingEdge=0 missingParcel=0 roadOverlap=0 frontageDistance=0 coastal=0 passed=true
[81.7482s] [RiverRenderer] leveeRoads=29
[81.7482s] [RiverRenderer] batches=957 shader=true
[81.7482s] [TunnelJunction] rooms=0 roadSections=15
[81.7482s] [TunnelRenderer] roadSections=15 railSections=267 mouthOpenings=6426
[81.7482s] [TreeModels] models=17 nearCapacity=64 farCapacity=1024 preloadMs=92.60
[81.7482s] [BuildingPreload] assets=62 ms=1750.48
[81.7482s] [JunctionGeometry] repaired node=26 approaches=4 regions=1 sourceFailure=6
[81.7482s] [JunctionGeometry] repaired node=42 approaches=2 regions=1 sourceFailure=6
[81.7482s] [JunctionGeometry] repaired node=15619 approaches=3 regions=1 sourceFailure=6
[81.7482s] [JunctionGeometry] repaired node=15618 approaches=3 regions=1 sourceFailure=6
[81.7482s] [JunctionGeometry] repaired node=15816 approaches=3 regions=1 sourceFailure=6
[81.7482s] [JunctionGeometry] repaired node=15533 approaches=3 regions=1 sourceFailure=6
[81.7482s] [JunctionGeometry] repaired node=2552 approaches=3 regions=1 sourceFailure=6
[81.7482s] [JunctionGeometry] repaired node=15421 approaches=3 regions=1 sourceFailure=6
[81.7482s] [JunctionGeometry] repaired node=3594 approaches=4 regions=1 sourceFailure=6
[81.7482s] [JunctionGeometry] repaired node=15810 approaches=3 regions=1 sourceFailure=6
[81.7482s] [JunctionGeometry] repaired node=15809 approaches=3 regions=1 sourceFailure=6
[81.7482s] [JunctionGeometry] repaired node=15807 approaches=3 regions=1 sourceFailure=6
[81.7482s] [JunctionGeometry] repaired node=15294 approaches=3 regions=1 sourceFailure=6
[81.7482s] [JunctionGeometry] repaired node=15293 approaches=3 regions=1 sourceFailure=6
[81.7482s] [JunctionGeometry] repaired node=15808 approaches=4 regions=1 sourceFailure=6
[81.7482s] [JunctionGeometry] repaired node=6711 approaches=3 regions=1 sourceFailure=6
[81.7482s] [JunctionGeometry] repaired node=6724 approaches=5 regions=1 sourceFailure=6
[81.7482s] [JunctionGeometry] repaired node=6895 approaches=3 regions=1 sourceFailure=6
[81.7482s] [JunctionGeometry] repaired node=9330 approaches=2 regions=1 sourceFailure=6
[81.7482s] [JunctionGeometry] repaired node=15814 approaches=3 regions=1 sourceFailure=6
[81.7482s] [JunctionGeometry] repaired node=15813 approaches=3 regions=1 sourceFailure=6
[81.7482s] [JunctionGeometry] repaired node=10360 approaches=3 regions=1 sourceFailure=6
[81.7482s] [JunctionGeometry] repaired node=15190 approaches=3 regions=1 sourceFailure=6
[81.7482s] [JunctionGeometry] repaired node=15804 approaches=3 regions=1 sourceFailure=6
[81.7482s] [JunctionGeometry] repaired node=15715 approaches=3 regions=1 sourceFailure=6
[81.7482s] [JunctionGeometry] repaired node=15736 approaches=3 regions=1 sourceFailure=6
[81.7482s] [JunctionGeometry] repaired node=17672 approaches=4 regions=1 sourceFailure=6
[81.7482s] [JunctionGeometry] repaired node=17673 approaches=4 regions=1 sourceFailure=6
[81.7482s] [JunctionGeometry] repaired node=17674 approaches=4 regions=1 sourceFailure=6
[81.7482s] [JunctionGeometry] repaired node=17675 approaches=4 regions=1 sourceFailure=6
[81.7482s] [JunctionGeometry] repaired node=17676 approaches=4 regions=1 sourceFailure=6
[81.7482s] [JunctionGeometry] repaired node=17677 approaches=4 regions=1 sourceFailure=6
[81.7482s] [JunctionGeometry] repaired node=18975 approaches=3 regions=1 sourceFailure=6
[81.7482s] [JunctionGeometry] repaired node=19196 approaches=2 regions=1 sourceFailure=6
[81.7482s] [JunctionGeometry] repaired node=19346 approaches=3 regions=1 sourceFailure=6
[81.7482s] [JunctionGeometry] repaired node=19368 approaches=2 regions=1 sourceFailure=6
[81.7482s] [JunctionGeometry] repaired node=19381 approaches=3 regions=1 sourceFailure=6
[81.7482s] [JunctionGeometry] repaired node=19384 approaches=3 regions=1 sourceFailure=6
[81.7482s] [JunctionGeometry] repaired node=19400 approaches=3 regions=1 sourceFailure=6
[81.7482s] [JunctionGeometry] repaired node=19459 approaches=3 regions=1 sourceFailure=6
[81.7482s] [JunctionGeometry] repaired node=19471 approaches=3 regions=1 sourceFailure=6
[81.7482s] [JunctionGeometry] repaired node=19490 approaches=3 regions=1 sourceFailure=6
[81.7482s] [JunctionGeometry] repaired node=19500 approaches=3 regions=1 sourceFailure=6
[81.7482s] [JunctionGeometry] repaired node=19502 approaches=3 regions=1 sourceFailure=6
[81.7482s] [JunctionGeometry] repaired node=19507 approaches=3 regions=1 sourceFailure=6
[81.7482s] [JunctionGeometry] repaired node=19599 approaches=3 regions=1 sourceFailure=6
[81.7482s] [JunctionGeometry] repaired node=19767 approaches=3 regions=1 sourceFailure=6
[81.7482s] [JunctionGeometry] repaired node=19827 approaches=3 regions=1 sourceFailure=6
[81.7482s] [JunctionGeometry] repaired node=19842 approaches=3 regions=1 sourceFailure=6
[81.7482s] [JunctionGeometry] repaired node=19866 approaches=3 regions=1 sourceFailure=6
[81.7482s] [JunctionGeometry] repaired node=19879 approaches=2 regions=1 sourceFailure=6
[81.7482s] [JunctionGeometry] repaired node=19890 approaches=3 regions=1 sourceFailure=6
[81.7482s] [JunctionGeometry] repaired node=19904 approaches=3 regions=1 sourceFailure=6
[81.7482s] [JunctionGeometry] repaired node=20064 approaches=3 regions=1 sourceFailure=6
[81.7482s] [JunctionGeometry] repaired node=20107 approaches=3 regions=1 sourceFailure=6
[81.7482s] [JunctionGeometry] repaired node=20245 approaches=3 regions=1 sourceFailure=6
[81.7482s] [JunctionGeometry] repaired node=20246 approaches=3 regions=1 sourceFailure=6
[81.7482s] [JunctionGeometry] repaired node=20261 approaches=3 regions=1 sourceFailure=6
[81.7482s] [JunctionGeometry] repaired node=20293 approaches=3 regions=1 sourceFailure=6
[81.7482s] [JunctionGeometry] repaired node=20317 approaches=3 regions=1 sourceFailure=6
[81.7482s] [JunctionGeometry] repaired node=20371 approaches=3 regions=1 sourceFailure=6
[81.7482s] [JunctionGeometry] repaired node=20380 approaches=3 regions=1 sourceFailure=6
[81.7482s] [JunctionGeometry] repaired node=20400 approaches=3 regions=1 sourceFailure=6
[81.7482s] [JunctionGeometry] repaired node=20465 approaches=3 regions=1 sourceFailure=6
[81.7482s] [JunctionGeometry] repaired node=20570 approaches=3 regions=1 sourceFailure=6
[81.7482s] [JunctionGeometry] repaired node=20582 approaches=3 regions=1 sourceFailure=6
[81.7482s] [JunctionGeometry] repaired node=20584 approaches=3 regions=1 sourceFailure=6
[81.7482s] [JunctionGeometry] repaired node=20656 approaches=2 regions=1 sourceFailure=6
[81.7482s] [JunctionGeometry] repaired node=20755 approaches=3 regions=1 sourceFailure=6
[81.7482s] [JunctionGeometry] repaired node=20918 approaches=3 regions=1 sourceFailure=6
[81.7482s] [JunctionGeometry] repaired node=20921 approaches=3 regions=1 sourceFailure=6
[81.7482s] [JunctionGeometry] repaired node=20933 approaches=3 regions=1 sourceFailure=6
[81.7482s] [JunctionGeometry] repaired node=20967 approaches=3 regions=1 sourceFailure=6
[81.7482s] [JunctionGeometry] repaired node=21127 approaches=3 regions=1 sourceFailure=6
[81.7482s] [JunctionGeometry] repaired node=21176 approaches=3 regions=1 sourceFailure=6
[81.7482s] [JunctionGeometry] repaired node=21209 approaches=3 regions=1 sourceFailure=6
[81.7482s] [JunctionGeometry] repaired node=21371 approaches=3 regions=1 sourceFailure=6
[81.7482s] [JunctionGeometry] repaired node=21472 approaches=3 regions=1 sourceFailure=6
[81.7482s] [JunctionGeometry] repaired node=21490 approaches=3 regions=1 sourceFailure=6
[81.7482s] [JunctionGeometry] repaired node=21513 approaches=3 regions=1 sourceFailure=6
[81.7482s] [JunctionGeometry] repaired node=21516 approaches=3 regions=1 sourceFailure=6
[81.7482s] [JunctionGeometry] repaired node=21519 approaches=3 regions=1 sourceFailure=6
[81.7482s] [JunctionGeometry] repaired node=21568 approaches=3 regions=1 sourceFailure=6
[81.7482s] [JunctionGeometry] repaired node=21709 approaches=3 regions=1 sourceFailure=6
[81.7482s] [JunctionGeometry] repaired node=21859 approaches=2 regions=2 sourceFailure=6
[81.7482s] [JunctionGeometry] repaired node=21861 approaches=3 regions=1 sourceFailure=6
[81.7482s] [JunctionGeometry] repaired node=21995 approaches=3 regions=1 sourceFailure=6
[81.7482s] [JunctionGeometry] repaired node=22145 approaches=3 regions=1 sourceFailure=6
[81.7482s] [JunctionGeometry] repaired node=22179 approaches=3 regions=1 sourceFailure=6
[81.7482s] [JunctionGeometry] repaired node=22222 approaches=3 regions=1 sourceFailure=6
[81.7482s] [JunctionGeometry] repaired node=22298 approaches=3 regions=1 sourceFailure=6
[81.7482s] [JunctionGeometry] repaired node=22340 approaches=3 regions=1 sourceFailure=6
[81.7482s] [JunctionGeometry] repaired node=22391 approaches=3 regions=1 sourceFailure=6
[81.7482s] [JunctionGeometry] repaired node=22477 approaches=3 regions=1 sourceFailure=6
[81.7482s] [JunctionGeometry] repaired node=22501 approaches=3 regions=1 sourceFailure=6
[81.7482s] [JunctionGeometry] repaired node=22689 approaches=3 regions=1 sourceFailure=6
[81.7482s] [JunctionGeometry] repaired node=22740 approaches=3 regions=1 sourceFailure=6
[81.7482s] [JunctionGeometry] repaired node=22743 approaches=3 regions=1 sourceFailure=6
[81.7482s] [JunctionGeometry] repaired node=22833 approaches=3 regions=1 sourceFailure=6
[81.7482s] [JunctionGeometry] repaired node=22840 approaches=3 regions=1 sourceFailure=6
[81.7482s] [JunctionGeometry] repaired node=22982 approaches=3 regions=1 sourceFailure=6
[81.7482s] [JunctionGeometry] repaired node=22996 approaches=3 regions=1 sourceFailure=6
[81.7482s] [JunctionGeometry] repaired node=23015 approaches=3 regions=1 sourceFailure=6
[81.7482s] [JunctionGeometry] repaired node=23100 approaches=3 regions=1 sourceFailure=6
[81.7482s] [JunctionGeometry] repaired node=23119 approaches=3 regions=1 sourceFailure=6
[81.7482s] [JunctionGeometry] repaired node=23121 approaches=3 regions=1 sourceFailure=6
[81.7482s] [JunctionGeometry] repaired node=23151 approaches=3 regions=1 sourceFailure=6
[81.7482s] [JunctionGeometry] repaired node=23208 approaches=3 regions=1 sourceFailure=6
[81.7482s] [JunctionGeometry] repaired node=23235 approaches=3 regions=1 sourceFailure=6
[81.7482s] [JunctionGeometry] repaired node=23343 approaches=3 regions=1 sourceFailure=6
[81.7482s] [JunctionGeometry] repaired node=23430 approaches=3 regions=1 sourceFailure=6
[81.7482s] [JunctionGeometry] repaired node=23458 approaches=3 regions=1 sourceFailure=6
[81.7482s] [JunctionGeometry] repaired node=23499 approaches=3 regions=1 sourceFailure=6
[81.7482s] [JunctionGeometry] repaired node=23518 approaches=3 regions=1 sourceFailure=6
[81.7482s] [JunctionGeometry] repaired node=23556 approaches=3 regions=1 sourceFailure=6
[81.7482s] [JunctionGeometry] repaired node=23574 approaches=3 regions=1 sourceFailure=6
[81.7482s] [JunctionGeometry] repaired node=23644 approaches=3 regions=1 sourceFailure=6
[81.7482s] [JunctionGeometry] repaired node=23654 approaches=3 regions=1 sourceFailure=6
[81.7482s] [JunctionGeometry] repaired node=23672 approaches=3 regions=1 sourceFailure=6
[81.7482s] [JunctionGeometry] repaired node=23691 approaches=3 regions=1 sourceFailure=6
[81.7482s] [JunctionGeometry] repaired node=23732 approaches=3 regions=1 sourceFailure=6
[81.7482s] [JunctionGeometry] repaired node=23843 approaches=3 regions=1 sourceFailure=6
[81.7482s] [JunctionGeometry] repaired node=23844 approaches=3 regions=1 sourceFailure=6
[81.7482s] [JunctionGeometry] repaired node=23869 approaches=3 regions=1 sourceFailure=6
[81.7482s] [JunctionGeometry] repaired node=23901 approaches=3 regions=1 sourceFailure=6
[81.7482s] [JunctionGeometry] repaired node=23920 approaches=3 regions=1 sourceFailure=6
[81.7482s] [JunctionGeometry] repaired node=23992 approaches=3 regions=1 sourceFailure=6
[81.7482s] [JunctionGeometry] repaired node=24047 approaches=3 regions=1 sourceFailure=6
[81.7482s] [JunctionGeometry] repaired node=24078 approaches=3 regions=1 sourceFailure=6
[81.7482s] [JunctionGeometry] repaired node=24103 approaches=3 regions=1 sourceFailure=6
[81.7482s] [JunctionGeometry] repaired node=24115 approaches=3 regions=1 sourceFailure=6
[81.7482s] [JunctionGeometry] repaired node=24208 approaches=3 regions=1 sourceFailure=6
[81.7482s] [JunctionGeometry] repaired node=24210 approaches=3 regions=1 sourceFailure=6
[81.7482s] [JunctionGeometry] repaired node=24324 approaches=3 regions=1 sourceFailure=6
[81.7482s] [JunctionGeometry] repaired node=24352 approaches=3 regions=1 sourceFailure=6
[81.7482s] [JunctionGeometry] repaired node=24398 approaches=3 regions=1 sourceFailure=6
[81.7482s] [JunctionGeometry] repaired node=24446 approaches=3 regions=1 sourceFailure=6
[81.7482s] [JunctionGeometry] repaired node=24452 approaches=3 regions=1 sourceFailure=6
[81.7482s] [JunctionGeometry] repaired node=24473 approaches=3 regions=1 sourceFailure=6
[81.7482s] [JunctionGeometry] repaired node=24489 approaches=3 regions=1 sourceFailure=6
[81.7482s] [JunctionGeometry] repaired node=24548 approaches=3 regions=1 sourceFailure=6
[81.7482s] [JunctionGeometry] repaired node=24623 approaches=3 regions=1 sourceFailure=6
[81.7482s] [JunctionGeometry] repaired node=24660 approaches=3 regions=1 sourceFailure=6
[81.7482s] [JunctionGeometry] repaired node=24675 approaches=3 regions=1 sourceFailure=6
[81.7482s] [JunctionGeometry] repaired node=24755 approaches=3 regions=1 sourceFailure=6
[81.7482s] [JunctionGeometry] repaired node=24821 approaches=3 regions=1 sourceFailure=6
[81.7482s] [JunctionGeometry] repaired node=24896 approaches=3 regions=1 sourceFailure=6
[81.7482s] [JunctionGeometry] repaired node=24935 approaches=3 regions=1 sourceFailure=6
[81.7482s] [JunctionGeometry] repaired node=24953 approaches=3 regions=1 sourceFailure=6
[81.7482s] [JunctionGeometry] repaired node=25067 approaches=3 regions=1 sourceFailure=6
[81.7482s] [JunctionGeometry] repaired node=25336 approaches=3 regions=1 sourceFailure=6
[81.7482s] [JunctionGeometry] repaired node=25390 approaches=3 regions=1 sourceFailure=6
[81.7482s] [JunctionGeometry] repaired node=25416 approaches=3 regions=1 sourceFailure=6
[81.7482s] [JunctionGeometry] repaired node=25551 approaches=3 regions=1 sourceFailure=6
[81.7482s] [JunctionGeometry] repaired node=25561 approaches=3 regions=1 sourceFailure=6
[81.7482s] [JunctionGeometry] repaired node=25565 approaches=3 regions=1 sourceFailure=6
[81.7482s] [JunctionGeometry] repaired node=25725 approaches=3 regions=1 sourceFailure=6
[81.7482s] [JunctionGeometry] repaired node=25783 approaches=2 regions=2 sourceFailure=6
[81.7482s] [JunctionGeometry] repaired node=25892 approaches=3 regions=1 sourceFailure=6
[81.7482s] [JunctionGeometry] repaired node=25907 approaches=3 regions=1 sourceFailure=6
[81.7482s] [JunctionGeometry] repaired node=25961 approaches=3 regions=1 sourceFailure=6
[81.7482s] [JunctionGeometry] repaired node=26044 approaches=3 regions=1 sourceFailure=6
[81.7482s] [JunctionGeometry] repaired node=26059 approaches=3 regions=1 sourceFailure=6
[81.7482s] [JunctionGeometry] repaired node=26180 approaches=2 regions=2 sourceFailure=6
[81.7482s] [JunctionGeometry] repaired node=26526 approaches=3 regions=1 sourceFailure=6
[81.7482s] [JunctionGeometry] repaired node=26536 approaches=3 regions=1 sourceFailure=6
[81.7482s] [JunctionGeometry] repaired node=26567 approaches=3 regions=1 sourceFailure=6
[81.7482s] [JunctionGeometry] repaired node=26647 approaches=3 regions=1 sourceFailure=6
[81.7482s] [JunctionGeometry] repaired node=26737 approaches=3 regions=1 sourceFailure=6
[81.7482s] [JunctionGeometry] repaired node=26744 approaches=3 regions=1 sourceFailure=6
[81.7482s] [JunctionGeometry] repaired node=26745 approaches=3 regions=1 sourceFailure=6
[81.7482s] [JunctionGeometry] repaired node=26789 approaches=2 regions=2 sourceFailure=6
[81.7482s] [JunctionGeometry] repaired node=26825 approaches=3 regions=1 sourceFailure=6
[81.7482s] [JunctionGeometry] repaired node=26830 approaches=3 regions=1 sourceFailure=6
[81.7482s] [JunctionGeometry] repaired node=26869 approaches=3 regions=1 sourceFailure=6
[81.7482s] [JunctionGeometry] repaired node=27283 approaches=3 regions=1 sourceFailure=6
[81.7482s] [JunctionGeometry] repaired node=27369 approaches=3 regions=1 sourceFailure=6
[81.7482s] [JunctionGeometry] repaired node=27726 approaches=3 regions=1 sourceFailure=6
[81.7482s] [JunctionGeometry] repaired node=28093 approaches=3 regions=1 sourceFailure=6
[81.7482s] [JunctionGeometry] repaired node=28300 approaches=3 regions=1 sourceFailure=6
[81.7482s] [JunctionGeometry] repaired node=28320 approaches=3 regions=1 sourceFailure=6
[81.7482s] [JunctionGeometry] repaired node=28380 approaches=3 regions=1 sourceFailure=6
[81.7482s] [JunctionGeometry] repaired node=28402 approaches=3 regions=1 sourceFailure=6
[81.7482s] [JunctionGeometry] repaired node=28488 approaches=3 regions=1 sourceFailure=6
[81.7482s] [JunctionGeometry] repaired node=28769 approaches=3 regions=1 sourceFailure=6
[81.7482s] [JunctionGeometry] repaired node=28904 approaches=3 regions=1 sourceFailure=6
[81.7482s] [JunctionGeometry] repaired node=28951 approaches=3 regions=1 sourceFailure=6
[81.7482s] [JunctionGeometry] repaired node=28977 approaches=3 regions=1 sourceFailure=6
[81.7482s] [JunctionGeometry] repaired node=29002 approaches=3 regions=1 sourceFailure=6
[81.7482s] [JunctionGeometry] repaired node=29235 approaches=3 regions=1 sourceFailure=6
[81.7482s] [JunctionGeometry] repaired node=29311 approaches=3 regions=1 sourceFailure=6
[81.7482s] [JunctionGeometry] repaired node=29369 approaches=3 regions=1 sourceFailure=6
[81.7482s] [JunctionGeometry] repaired node=29688 approaches=3 regions=1 sourceFailure=6
[81.7482s] [JunctionGeometry] repaired node=29752 approaches=3 regions=1 sourceFailure=6
[81.7482s] [JunctionGeometry] repaired node=29843 approaches=3 regions=1 sourceFailure=6
[81.7482s] [JunctionGeometry] repaired node=29893 approaches=3 regions=1 sourceFailure=6
[81.7482s] [JunctionGeometry] repaired node=29926 approaches=3 regions=1 sourceFailure=6
[81.7482s] [JunctionGeometry] repaired node=29989 approaches=3 regions=1 sourceFailure=6
[81.7482s] [JunctionGeometry] repaired node=30035 approaches=3 regions=1 sourceFailure=6
[81.7482s] [JunctionGeometry] repaired node=30101 approaches=2 regions=2 sourceFailure=6
[81.7482s] [JunctionGeometry] repaired node=30196 approaches=3 regions=1 sourceFailure=6
[81.7482s] [JunctionGeometry] repaired node=30249 approaches=3 regions=1 sourceFailure=6
[81.7482s] [JunctionGeometry] repaired node=30334 approaches=3 regions=1 sourceFailure=6
[81.7482s] [JunctionGeometry] repaired node=30351 approaches=3 regions=1 sourceFailure=6
[81.7482s] [JunctionGeometry] repaired node=30390 approaches=3 regions=1 sourceFailure=6
[81.7482s] [JunctionGeometry] repaired node=30505 approaches=2 regions=2 sourceFailure=6
[81.7482s] [JunctionGeometry] repaired node=30536 approaches=3 regions=1 sourceFailure=6
[81.7482s] [JunctionGeometry] repaired node=30560 approaches=3 regions=1 sourceFailure=6
[81.7482s] [JunctionGeometry] repaired node=30630 approaches=3 regions=1 sourceFailure=6
[81.7482s] [JunctionGeometry] repaired node=30690 approaches=3 regions=1 sourceFailure=6
[81.7482s] [JunctionGeometry] repaired node=30840 approaches=2 regions=2 sourceFailure=6
[81.7482s] [JunctionGeometry] repaired node=30863 approaches=3 regions=1 sourceFailure=6
[81.7482s] [JunctionGeometry] repaired node=31002 approaches=3 regions=1 sourceFailure=6
[81.7482s] [JunctionGeometry] repaired node=31028 approaches=3 regions=1 sourceFailure=6
[81.7482s] [JunctionGeometry] repaired node=31071 approaches=3 regions=1 sourceFailure=6
[81.7482s] [JunctionGeometry] repaired node=31080 approaches=2 regions=1 sourceFailure=6
[81.7482s] [JunctionGeometry] repaired node=31104 approaches=3 regions=1 sourceFailure=6
[81.7482s] [JunctionGeometry] repaired node=31152 approaches=3 regions=1 sourceFailure=6
[81.7482s] [JunctionGeometry] repaired node=31397 approaches=3 regions=1 sourceFailure=6
[81.7482s] [JunctionGeometry] repaired node=31411 approaches=3 regions=1 sourceFailure=6
[81.7482s] [JunctionGeometry] repaired node=31450 approaches=2 regions=1 sourceFailure=6
[81.7482s] [JunctionGeometry] repaired node=31474 approaches=2 regions=2 sourceFailure=6
[81.7482s] [JunctionGeometry] repaired node=31477 approaches=3 regions=1 sourceFailure=6
[81.7482s] [JunctionGeometry] repaired node=31755 approaches=3 regions=1 sourceFailure=6
[81.7482s] [RoadFallback] preload edges=33331 nodes=29538 ms=2106.61
[81.7482s] [InitialEconomy] housing=323815 population=233146 grant=30.309 maintenance=22.718
[81.8482s] [Train] spawn id=0 type=0 cars=2 reverse=false sections=62
[81.8482s] [Train] spawn id=1 type=1 cars=4 reverse=false sections=417
[81.8482s] [Train] spawn id=2 type=0 cars=2 reverse=false sections=52
[81.8482s] [Train] spawn id=3 type=1 cars=4 reverse=false sections=347
[81.8482s] [Train] spawn id=4 type=0 cars=2 reverse=false sections=15
[81.8482s] [Train] spawn id=5 type=0 cars=2 reverse=false sections=28
[81.8482s] [Train] spawn id=6 type=0 cars=2 reverse=false sections=52
[81.8482s] [Train] spawn id=7 type=1 cars=4 reverse=false sections=296
[81.8482s] [Streaming] buildings chunk=(23, 23) ms=318.22
[81.8482s] [Streaming] buildings chunk=(24, 23) ms=167.76
[81.8482s] [Streaming] buildings chunk=(23, 24) ms=133.35
[81.8482s] [Streaming] buildings chunk=(24, 24) ms=16.71
[81.8482s] [Streaming] buildings chunk=(23, 22) ms=292.53
[81.8482s] [Streaming] buildings chunk=(22, 23) ms=150.49
[81.8482s] [Streaming] buildings chunk=(24, 22) ms=279.47
[81.8482s] [Streaming] buildings chunk=(22, 24) ms=28.10
[81.8482s] [Streaming] buildings chunk=(22, 22) ms=23.09
[81.8482s] [Streaming] buildings chunk=(25, 22) ms=12.79
[81.8482s] [Streaming] buildings chunk=(23, 21) ms=45.78
[81.8482s] [Streaming] buildings chunk=(24, 21) ms=13.62
[81.8482s] [Streaming] buildings chunk=(22, 21) ms=0.03
[81.8482s] [Streaming] buildings chunk=(25, 21) ms=0.42
[81.8482s] [Streaming] buildings chunk=(21, 21) ms=0.03
[81.8482s] [Streaming] buildings chunk=(23, 20) ms=8.88
[81.8482s] [Streaming] buildings chunk=(24, 20) ms=0.03
[81.8482s] [Streaming] buildings chunk=(22, 20) ms=4.65
[81.8482s] [Streaming] buildings chunk=(26, 21) ms=0.03
[81.8482s] [Streaming] buildings chunk=(25, 20) ms=0.11
[81.8482s] [Streaming] buildings chunk=(21, 20) ms=0.02
[81.8482s] [Streaming] buildings chunk=(26, 20) ms=0.30
[81.8482s] [Streaming] buildings chunk=(23, 19) ms=53.54
[81.8482s] [Streaming] buildings chunk=(24, 19) ms=0.08
[81.8482s] [Streaming] buildings chunk=(22, 19) ms=45.39
[81.8482s] [Streaming] buildings chunk=(20, 20) ms=0.03
[81.8482s] [Streaming] buildings chunk=(25, 19) ms=0.07
[81.8482s] [Streaming] buildings chunk=(21, 19) ms=0.05
[81.8482s] [Streaming] buildings chunk=(27, 20) ms=0.35
[81.8482s] [Streaming] buildings chunk=(26, 19) ms=0.02
[81.8482s] [Streaming] buildings chunk=(20, 19) ms=0.02
[81.8482s] [Streaming] buildings chunk=(27, 19) ms=0.28
[81.8482s] [Streaming] buildings chunk=(19, 19) ms=0.02
[81.8482s] [LocationHover] world=(24397.669921875, 23717.8125) place=葦草市 road=
[81.8482s] [HudStats] updateMs=2.31 housing=323815
[81.8482s] [MapTerrain] local (512, 512) px step=8.99m build=8.7ms
[81.8482s] [TravelCost] frame=0 total=9542.29 terrain=4936.98 road=60.26 parts=0.00 node=4.26 marks=0.00 furniture=0.00 fallback=0.00 edges=0 nodes=6
[81.9482s] [TreeStreaming] key=98784247831 revision=2 placementMs=78.56 masksMs=20.33 patchesMs=52.29 woodlandMs=4.47 instances=193 excludedTrees=0
[81.9482s] [TreeStreaming] key=103079215127 revision=1 placementMs=31.03 masksMs=10.34 patchesMs=15.98 woodlandMs=3.97 instances=233 excludedTrees=0
[81.9482s] [TravelCost] frame=1 total=12239.34 terrain=34.94 road=13.48 parts=0.00 node=4.13 marks=0.00 furniture=0.00 fallback=0.00 edges=0 nodes=4
[82.0482s] [TreeStreaming] key=98784247832 revision=1 placementMs=14.67 masksMs=5.05 patchesMs=7.86 woodlandMs=1.30 instances=258 excludedTrees=0
[82.0482s] [TreeStreaming] key=103079215128 revision=1 placementMs=7.41 masksMs=2.79 patchesMs=1.25 woodlandMs=3.18 instances=140 excludedTrees=0
[82.0482s] [TravelCost] frame=2 total=10986.90 terrain=9.24 road=12.69 parts=0.00 node=4.29 marks=0.01 furniture=0.00 fallback=0.00 edges=0 nodes=6
[82.1482s] [TreeStreaming] key=98784247830 revision=2 placementMs=26.50 masksMs=7.70 patchesMs=16.07 woodlandMs=1.93 instances=350 excludedTrees=0
[82.1482s] [TreeStreaming] key=94489280535 revision=2 placementMs=15.13 masksMs=4.75 patchesMs=8.63 woodlandMs=1.34 instances=324 excludedTrees=0
[82.1482s] [Streaming] terrain workerMs=1133.49 uploadTotalMs=32.98 maxFrameUploadMs=28.40 uploadFrames=3
[82.1482s] [LandscapeStreaming] key=98784247831 terrainMs=961.82 masksMs=10.61 patchesMs=160.02 woodlandMs=0.00 landscapeVertices=303753 landscapeTriangles=114215
[82.1482s] [TravelCost] frame=3 total=11552.34 terrain=25.24 road=12.86 parts=0.00 node=4.81 marks=0.00 furniture=0.00 fallback=0.00 edges=0 nodes=6
[82.2482s] [TreeStreaming] key=103079215126 revision=2 placementMs=51.18 masksMs=18.06 patchesMs=27.60 woodlandMs=3.36 instances=259 excludedTrees=0
[82.2482s] [TreeStreaming] key=94489280536 revision=2 placementMs=7.95 masksMs=3.43 patchesMs=1.11 woodlandMs=3.17 instances=100 excludedTrees=0
[82.2482s] [TravelCost] frame=4 total=10852.97 terrain=15.02 road=12.58 parts=0.00 node=4.29 marks=0.00 furniture=0.00 fallback=0.00 edges=0 nodes=6
[82.3482s] [TreeStreaming] key=94489280534 revision=1 placementMs=2.50 masksMs=0.86 patchesMs=0.57 woodlandMs=1.01 instances=4620 excludedTrees=0
[82.3482s] [TreeStreaming] key=107374182422 revision=2 placementMs=4.88 masksMs=1.73 patchesMs=0.30 woodlandMs=2.71 instances=61 excludedTrees=0
[82.3482s] [TravelCost] frame=5 total=10874.67 terrain=9.14 road=16.84 parts=0.72 node=3.15 marks=0.01 furniture=0.13 fallback=0.00 edges=2 nodes=3
[82.4482s] [TreeStreaming] key=98784247829 revision=2 placementMs=5.25 masksMs=2.58 patchesMs=1.40 woodlandMs=1.07 instances=266 excludedTrees=0
[82.4482s] [TreeStreaming] key=103079215125 revision=2 placementMs=3.12 masksMs=1.62 patchesMs=0.68 woodlandMs=0.62 instances=124 excludedTrees=0
[82.4482s] [Streaming] terrain workerMs=591.77 uploadTotalMs=12.63 maxFrameUploadMs=9.21 uploadFrames=3
[82.4482s] [LandscapeStreaming] key=103079215127 terrainMs=470.21 masksMs=6.54 patchesMs=114.40 woodlandMs=0.00 landscapeVertices=241579 landscapeTriangles=98063
[82.4482s] [TravelCost] frame=6 total=11078.12 terrain=7.81 road=12.50 parts=1.11 node=2.37 marks=0.01 furniture=0.57 fallback=0.00 edges=4 nodes=3
[82.5482s] [TreeStreaming] key=94489280533 revision=1 placementMs=0.84 masksMs=0.00 patchesMs=0.00 woodlandMs=0.84 instances=4840 excludedTrees=0
[82.5482s] [TreeStreaming] key=107374182421 revision=2 placementMs=2.04 masksMs=0.75 patchesMs=0.01 woodlandMs=1.20 instances=0 excludedTrees=0
[82.5482s] [TravelCost] frame=7 total=10943.68 terrain=9.89 road=12.93 parts=1.00 node=3.08 marks=0.03 furniture=0.43 fallback=0.00 edges=4 nodes=4
[82.6482s] [TreeStreaming] key=90194313237 revision=1 placementMs=0.52 masksMs=0.00 patchesMs=0.00 woodlandMs=0.52 instances=1684 excludedTrees=0
[82.6482s] [TreeStreaming] key=98784247828 revision=2 placementMs=3.43 masksMs=1.97 patchesMs=0.66 woodlandMs=0.66 instances=82 excludedTrees=0
[82.6482s] [TravelCost] frame=8 total=11040.26 terrain=13.98 road=12.90 parts=1.75 node=1.90 marks=0.13 furniture=0.60 fallback=0.00 edges=5 nodes=4
[82.7482s] [TreeStreaming] key=103079215124 revision=1 placementMs=0.09 masksMs=0.00 patchesMs=0.00 woodlandMs=0.08 instances=0 excludedTrees=0
[82.7482s] [TreeStreaming] key=94489280532 revision=1 placementMs=2.00 masksMs=0.70 patchesMs=0.31 woodlandMs=0.95 instances=4479 excludedTrees=0
[82.7482s] [TravelCost] frame=9 total=10906.73 terrain=10.07 road=13.34 parts=2.60 node=0.00 marks=0.60 furniture=0.84 fallback=0.00 edges=10 nodes=1
[82.8482s] [TreeStreaming] key=111669149717 revision=1 placementMs=3.11 masksMs=0.80 patchesMs=0.00 woodlandMs=2.25 instances=26 excludedTrees=0
[82.8482s] [TreeStreaming] key=107374182420 revision=2 placementMs=4.80 masksMs=0.49 patchesMs=0.00 woodlandMs=4.29 instances=1669 excludedTrees=0
[82.8482s] [Streaming] terrain workerMs=611.20 uploadTotalMs=14.73 maxFrameUploadMs=7.54 uploadFrames=4
[82.8482s] [LandscapeStreaming] key=98784247832 terrainMs=513.73 masksMs=5.22 patchesMs=91.77 woodlandMs=0.00 landscapeVertices=238486 landscapeTriangles=96672
[82.8482s] [TravelCost] frame=10 total=10928.29 terrain=8.82 road=13.93 parts=1.46 node=2.74 marks=0.07 furniture=0.62 fallback=0.00 edges=5 nodes=3
[82.9482s] [TreeStreaming] key=90194313236 revision=1 placementMs=1.34 masksMs=0.00 patchesMs=0.00 woodlandMs=1.34 instances=6358 excludedTrees=0
[82.9482s] [TreeStreaming] key=111669149716 revision=2 placementMs=9.37 masksMs=0.60 patchesMs=0.00 woodlandMs=8.73 instances=2484 excludedTrees=1
[82.9482s] [TravelCost] frame=11 total=10904.91 terrain=8.72 road=13.04 parts=0.75 node=3.01 marks=0.23 furniture=0.16 fallback=0.00 edges=3 nodes=5
[83.0482s] [TreeStreaming] key=98784247827 revision=2 placementMs=9.51 masksMs=3.94 patchesMs=4.08 woodlandMs=1.12 instances=129 excludedTrees=0
[83.0482s] [TreeStreaming] key=103079215123 revision=1 placementMs=1.04 masksMs=0.60 patchesMs=0.00 woodlandMs=0.42 instances=0 excludedTrees=0
[83.0482s] [Streaming] terrain workerMs=196.66 uploadTotalMs=4.12 maxFrameUploadMs=3.06 uploadFrames=2
[83.0482s] [LandscapeStreaming] key=103079215128 terrainMs=152.74 masksMs=2.44 patchesMs=41.34 woodlandMs=0.00 landscapeVertices=83149 landscapeTriangles=37055
[83.0482s] [TravelCost] frame=12 total=11079.99 terrain=9.27 road=13.36 parts=2.45 node=0.57 marks=0.33 furniture=0.88 fallback=0.00 edges=9 nodes=1
[83.1482s] [TreeStreaming] key=94489280531 revision=2 placementMs=6.66 masksMs=2.98 patchesMs=2.26 woodlandMs=1.17 instances=828 excludedTrees=0
[83.1482s] [TreeStreaming] key=85899345940 revision=1 placementMs=0.94 masksMs=0.00 patchesMs=0.00 woodlandMs=0.94 instances=7772 excludedTrees=0
[83.1482s] [TravelCost] frame=13 total=11026.25 terrain=22.69 road=12.97 parts=1.96 node=1.19 marks=0.20 furniture=0.70 fallback=0.00 edges=4 nodes=1
[83.2482s] [TreeStreaming] key=107374182419 revision=1 placementMs=16.65 masksMs=0.69 patchesMs=0.00 woodlandMs=15.92 instances=5573 excludedTrees=0
[83.2482s] [TreeStreaming] key=90194313235 revision=1 placementMs=0.65 masksMs=0.00 patchesMs=0.00 woodlandMs=0.65 instances=3976 excludedTrees=0
[83.2482s] [TravelCost] frame=14 total=11129.46 terrain=9.49 road=13.35 parts=1.02 node=2.85 marks=0.08 furniture=0.38 fallback=0.00 edges=3 nodes=4
[83.3482s] [TreeStreaming] key=115964117012 revision=2 placementMs=2.70 masksMs=0.69 patchesMs=0.01 woodlandMs=1.95 instances=14 excludedTrees=0
[83.3482s] [TreeStreaming] key=111669149715 revision=1 placementMs=13.05 masksMs=0.58 patchesMs=0.00 woodlandMs=12.43 instances=2956 excludedTrees=0
[83.3482s] [Streaming] terrain workerMs=1014.08 uploadTotalMs=18.76 maxFrameUploadMs=14.21 uploadFrames=3
[83.3482s] [LandscapeStreaming] key=98784247830 terrainMs=864.44 masksMs=8.72 patchesMs=139.82 woodlandMs=0.00 landscapeVertices=316317 landscapeTriangles=124891
[83.3482s] [TravelCost] frame=15 total=11128.06 terrain=10.81 road=13.14 parts=2.15 node=0.88 marks=0.31 furniture=0.82 fallback=0.00 edges=8 nodes=2
[83.4482s] [TreeStreaming] key=85899345939 revision=1 placementMs=1.40 masksMs=0.00 patchesMs=0.00 woodlandMs=1.39 instances=7160 excludedTrees=0
[83.4482s] [TreeStreaming] key=115964117011 revision=1 placementMs=2.23 masksMs=0.65 patchesMs=0.00 woodlandMs=1.55 instances=4 excludedTrees=0
[83.4482s] [TravelCost] frame=16 total=11124.38 terrain=14.48 road=13.47 parts=1.32 node=2.34 marks=0.22 furniture=0.33 fallback=0.00 edges=5 nodes=3
[83.5482s] [TreeStreaming] key=81604378643 revision=1 placementMs=0.95 masksMs=0.00 patchesMs=0.00 woodlandMs=0.95 instances=7804 excludedTrees=0
[83.5482s] [TravelCost] frame=17 total=11694.77 terrain=10.02 road=15.82 parts=1.29 node=1.93 marks=0.11 furniture=0.67 fallback=0.00 edges=4 nodes=3
[83.6482s] [Streaming] terrain workerMs=561.04 uploadTotalMs=12.75 maxFrameUploadMs=8.39 uploadFrames=3
[83.6482s] [LandscapeStreaming] key=94489280535 terrainMs=475.05 masksMs=5.13 patchesMs=80.40 woodlandMs=0.00 landscapeVertices=219360 landscapeTriangles=87098
[83.6482s] [TravelCost] frame=18 total=11388.53 terrain=5.62 road=13.62 parts=1.63 node=1.74 marks=0.01 furniture=0.77 fallback=0.00 edges=6 nodes=3
[83.7482s] [TravelCost] frame=19 total=11117.91 terrain=17.79 road=13.27 parts=1.77 node=1.22 marks=0.26 furniture=0.82 fallback=0.00 edges=8 nodes=2
[83.8482s] [TravelCost] frame=20 total=12652.31 terrain=15.12 road=21.19 parts=0.50 node=2.98 marks=0.07 furniture=0.53 fallback=0.00 edges=2 nodes=2
[83.9482s] [TravelCost] frame=21 total=11183.03 terrain=5.71 road=13.68 parts=1.63 node=1.78 marks=0.26 furniture=0.59 fallback=0.00 edges=5 nodes=4
[84.0482s] [Streaming] terrain workerMs=945.13 uploadTotalMs=20.37 maxFrameUploadMs=13.78 uploadFrames=4
[84.0482s] [LandscapeStreaming] key=103079215126 terrainMs=784.16 masksMs=9.27 patchesMs=150.69 woodlandMs=0.00 landscapeVertices=319956 landscapeTriangles=126112
[84.0482s] [TravelCost] frame=22 total=11298.41 terrain=5.34 road=14.32 parts=2.00 node=1.83 marks=0.17 furniture=0.69 fallback=0.00 edges=7 nodes=3
[84.1482s] [TravelCost] frame=23 total=11708.48 terrain=8.99 road=13.87 parts=2.30 node=0.88 marks=0.39 furniture=0.58 fallback=0.00 edges=7 nodes=1
[84.1482s] [PlaytestInput] frame=23 key=Space
[84.1482s] [PlaytestState] {"cameraMode":0,"commandId":0,"commandInput":"","commandMessage":"","commandPalette":false,"cursorX":400,"cursorY":322,"development":{"completed":0,"count":0},"draftMessage":"","draftPoints":0,"draftValid":false,"driving":false,"editMode":0,"eyeY":414.1324157714844,"focusX":24252.0,"focusY":32.575355529785156,"focusZ":23772.0,"focused":true,"fps":0.08834585635847214,"fpsGraph":false,"frame":23,"funds":30.0,"gameHour":8.039999961853027,"income":30.30898,"localMapCenter":[24252.0,23772.0],"localMapHeadingUp":false,"localMapSpan":2000.0,"logicMs":0.017,"maintenance":22.71789867024176,"map":false,"mapBuilds":0,"mapContext":false,"mapCustomPixelShader":false,"mapX":32768.0,"mapZ":32768.0,"mapZoom":1.0,"nearbyRoads":[{"id":13765,"length":50.096553802490234,"open":true,"points":[[24184.245710017454,37.4201545715332,23402.493881529692],[24186.87543740885,37.40728441490625,23399.251568542553],[24189.505164800248,37.39441425827931,23396.00925555542],[24192.13489360234,37.38154409474828,23392.76694082897],[24194.764620523507,37.368673940422696,23389.524628421605],[24197.39434650421,37.35580379069984,23386.282317173776],[24200.02407154445,37.342933645579706,23383.040007085492],[24202.653799406078,37.3300634866514,23379.797693518583],[24205.283525386778,37.31719333692855,23376.55538227076],[24207.91325136748,37.30432318720568,23373.313071022934],[24210.542977348185,37.291453037482825,23370.070759775106],[24213.172703328884,37.27858288775997,23366.828448527285],[24215.802429309588,37.26571273803711,23363.586137279457]],"width":6.839999675750732},{"id":12848,"length":75.3116455078125,"open":true,"points":[[24084.107773628602,37.087406158447266,23525.95859225249],[24088.06082843304,37.16626295393985,23521.08468746174],[24092.01388323748,37.24511974943243,23516.210782670994],[24095.966938041915,37.32397654492501,23511.336877880243],[24099.919992846353,37.4028333404176,23506.462973089496],[24103.87304765079,37.481690135910185,23501.58906829875],[24107.82610528267,37.56054698780554,23496.715160021915],[24111.779155845943,37.63940369869397,23491.8412604603],[24115.732212064104,37.71826052238794,23486.967353926506],[24119.68526545482,37.79711728967914,23482.093450878805],[24123.638318845533,37.87597405697034,23477.2195478311],[24127.59137223625,37.954830824261535,23472.345644783396],[24131.544425626966,38.033687591552734,23467.47174173569]],"width":6.839999675750732},{"id":13803,"length":42.66592788696289,"open":true,"points":[[24030.355704276393,36.810420989990234,23592.23201402096],[24032.595373499,36.821962036956194,23589.470621858756],[24034.835042721603,36.83350308392215,23586.709229696546],[24037.074712544934,36.84504413398366,23583.947836793675],[24039.314381967783,36.85658518198147,23581.186444384584],[24041.554050990148,36.86812622791558,23578.42505246926],[24043.79372001251,36.87966727384969,23575.663660553942],[24046.033390636807,36.8912083280386,23572.90226666352],[24048.273059659175,36.90274937397271,23570.140874748202],[24050.512728681533,36.91429041990682,23567.379482832886],[24052.752399305835,36.92583147409572,23564.61808894246],[24054.992068328196,36.93737252002984,23561.856697027142],[24057.231738952498,36.94891357421875,23559.095303136724]],"width":6.839999675750732},{"id":12846,"length":67.05158233642578,"open":true,"points":[[23932.339416933068,36.665016174316406,23713.08084513701],[23935.859181175423,36.65745163008955,23708.74116439596],[23939.37894541778,36.64988708586271,23704.401483654918],[23942.898710289515,36.6423225402832,23700.061802137876],[23946.418475161256,36.6347579947037,23695.722120620834],[23949.938240032992,36.62719344912421,23691.38243910379],[23953.458003645967,36.61962890625,23687.04275913874],[23956.977767258937,36.61206436337579,23682.703079173683],[23960.497533389444,36.60449981509101,23678.36339610465],[23964.017297002418,36.5969352722168,23674.0237161396],[23967.53706313292,36.589370723932,23669.68403307057],[23971.056826745895,36.58180618105781,23665.34435310552],[23974.576590358865,36.574241638183594,23661.004673140465]],"width":6.839999675750732},{"id":13798,"length":43.819332122802734,"open":true,"points":[[23877.13575873594,35.95730972290039,23781.143998183044],[23879.435910818072,35.98679748731537,23778.308033895384],[23881.736062900203,36.01628525173035,23775.472069607724],[23884.036215187985,36.045773018781745,23772.63610506651],[23886.336367064465,36.07526078056031,23769.800141032407],[23888.63651811835,36.104748531793234,23766.964178012517],[23890.936670817424,36.13423630411746,23764.128212964195],[23893.236821871313,36.16372405535037,23761.29224994431],[23895.536973747792,36.19321181712894,23758.456285910204],[23897.837123979072,36.22269955781621,23755.62032390454],[23900.13727914595,36.25218736177738,23752.784355813554],[23902.43743266763,36.28167514464724,23749.94838975101],[23904.737587834505,36.3111629486084,23747.112421660026]],"width":6.839999675750732},{"id":12828,"length":75.30938720703125,"open":true,"points":[[24013.269180769486,37.10893249511719,23468.5038712713],[24017.222236280784,37.17088351506521,23463.62996560903],[24021.175291792086,37.23283453501325,23458.756059946758],[24025.128346596524,37.294785543883556,23453.88215515601],[24029.081402814685,37.35673657490929,23449.00824862222],[24033.034460446568,37.418687628090424,23444.134340345387],[24036.987515251003,37.48063863696075,23439.260435554635],[24040.94056864172,37.54258962367566,23434.386532506935],[24044.893619204988,37.60454056607978,23429.512632945316],[24048.846672595704,37.666491552794696,23424.638729897615],[24052.799725986417,37.728442539509615,23419.76482684991],[24056.752779377133,37.790393526224534,23414.890923802206],[24060.70583276785,37.85234451293945,23410.0170207545]],"width":11.699999809265137},{"id":12827,"length":85.33165740966797,"open":true,"points":[[23959.517111417277,36.91480255126953,23534.77729303977],[23963.99645106394,36.930980048518684,23529.254507234033],[23968.475790710603,36.94715754576782,23523.73172142829],[23972.955131959203,36.96333504880249,23518.20893364745],[23977.43447000393,36.979512540266114,23512.686149816807],[23981.91381125253,36.995690043300776,23507.16336203597],[23986.393149297255,37.011867534764406,23501.64057820533],[23990.872490545855,37.028045037799075,23496.117790424487],[23995.351834998328,37.04422255240479,23490.594998693443],[23999.831176246924,37.06040005543945,23485.072210912604],[24004.310511087777,37.076577535332035,23479.549431032166],[24008.789845928633,37.09275501522461,23474.026651151733],[24013.269180769486,37.10893249511719,23468.5038712713]],"width":11.699999809265137},{"id":13709,"length":44.274784088134766,"open":true,"points":[[23903.73799749975,37.11899185180664,23603.549952159276],[23906.0621266922,37.1104839663127,23600.68442537916],[23908.386255884645,37.10197608081876,23597.81889859904],[23910.71038424592,37.09346819836747,23594.953372843716],[23913.034513438368,37.084960312873534,23592.087846063598],[23915.35864346199,37.076452424336935,23589.222318258686],[23917.68277348561,37.067944535800336,23586.356790453774],[23920.006903509235,37.05943664726374,23583.491262648862],[23922.331034364022,37.05092875568449,23580.62573381916],[23924.655163556476,37.04242087019054,23577.760207039042],[23926.979294411267,37.03391297861128,23574.89467820934],[23929.303421941368,37.025405099202665,23572.02915347881],[23931.62755445851,37.016897201538086,23569.16362259952]],"width":11.699999809265137},{"id":12825,"length":67.05155181884766,"open":true,"points":[[23861.50082407395,37.06214904785156,23655.62612415582],[23865.020588945692,37.066885948745835,23651.28644263878],[23868.540353817425,37.071622849640114,23646.946761121733],[23872.06011994793,37.07635975222843,23642.607078052704],[23875.579883560906,37.08109665142865,23638.267398087653],[23879.099647173876,37.085833550628884,23633.9277181226],[23882.619413304386,37.0905704532172,23629.58803505357],[23886.139176917357,37.09530735241742,23625.248355088515],[23889.658940530328,37.10004425161765,23620.90867512346],[23893.1787041433,37.10478115081787,23616.56899515841],[23896.698467756272,37.109518050018096,23612.229315193363],[23900.218231369246,37.11425494921833,23607.889635228308],[23903.73799749975,37.11899185180664,23603.549952159276]],"width":11.699999809265137},{"id":12863,"length":95.55066680908203,"open":true,"points":[[23879.72899447735,33.08394241333008,23906.271273691305],[23884.744619889385,33.14690938084118,23900.087276268132],[23889.760245301415,33.20987634835229,23893.90327884496],[23894.775872507176,33.27284333838213,23887.719279210218],[23899.79149791921,33.33581030589323,23881.535281787044],[23904.807125124968,33.39877729592308,23875.3512821523],[23909.82275233073,33.46174428595293,23869.16728251756],[23914.83837953649,33.52471127598278,23862.983282882815],[23919.85400494852,33.587678243493876,23856.79928545964],[23924.86963394801,33.65064525604248,23850.615283613326],[23929.885259360042,33.713612223553575,23844.431286190156],[23934.90088835953,33.77657923610217,23838.24728434384],[23939.916513771564,33.83954620361328,23832.063286920667]],"width":11.699999809265137},{"id":13800,"length":43.81911087036133,"open":true,"points":[[23939.916513771564,33.83954620361328,23832.063286920667],[23942.216666059347,33.86660194235708,23829.227322379455],[23944.516818758428,33.89365768593882,23826.391357331126],[23946.816971046206,33.92071342468262,23823.555392789913],[23949.117122922686,33.94776915858847,23820.71942875581],[23951.417276444365,33.9748249118461,23817.883462693266],[23953.717428320848,34.00188064575195,23815.047498659158],[23956.017580197327,34.02893637965781,23812.211534625054],[23958.317733719006,34.055992132915435,23809.375568562507],[23960.617885595486,34.08304786682129,23806.539604528403],[23962.918037471965,34.11010360072714,23803.7036404943],[23965.218190993648,34.13715935398477,23800.867674431753],[23967.518342870128,34.164215087890625,23798.03171039765]],"width":11.699999809265137},{"id":12865,"length":67.05329895019531,"open":true,"points":[[23995.12017196869,34.48888397216797,23764.000133874633],[23998.639936211046,34.52957852438919,23759.660453133583],[24002.1597004534,34.57027307661041,23755.32077239254],[24005.679465325138,34.6109676361084,23750.9810908755],[24009.19923019688,34.65166219560638,23746.641409358457],[24012.718995068615,34.692356755104356,23742.30172784141],[24016.23875868159,34.73305130004883,23737.96204787636],[24019.758524812096,34.773745874100314,23733.62236480733],[24023.278288425066,34.814440419044786,23729.282684842274],[24026.79805455557,34.85513499309628,23724.943001773245],[24030.317818168543,34.89582953804075,23720.603321808194],[24033.837586816582,34.93652414119925,23716.263635635176],[24037.35734539449,34.97721862792969,23711.92396187809]],"width":11.699999809265137},{"id":13838,"length":44.27477264404297,"open":true,"points":[[24037.35734539449,34.97721862792969,23711.92396187809],[24039.68147521032,34.98487504346141,23709.058434329374],[24042.00560502615,34.99253145899314,23706.19290678066],[24044.329734218594,35.000187872471265,23703.327380000545],[24046.6538646578,35.0078442900566,23700.461851683238],[24048.977994681423,35.01550070627286,23697.596323878333],[24051.302123042693,35.02315711701283,23694.730798123004],[24053.62625306632,35.03081353322909,23691.865270318092],[24055.95038392111,35.038469952183505,23688.99974148839],[24058.274514775905,35.046126371137916,23686.134212658686],[24060.59864396836,35.05378278461603,23683.26868587857],[24062.9227731608,35.06143919809414,23680.403159098452],[24065.246900690905,35.06909560609597,23677.53763436792]],"width":11.699999809265137},{"id":13805,"length":42.66621017456055,"open":true,"points":[[24093.136459312016,35.160972595214844,23643.151302758582],[24095.376129135348,35.17807324931232,23640.389909855712],[24097.615798558192,35.19517390035196,23637.62851744662],[24099.85546878201,35.21227455750727,23634.86712404997],[24102.095137804376,35.22937520548908,23632.105732134652],[24104.334807627703,35.24647585958655,23629.344339231786],[24106.574476650065,35.26357650756836,23626.582947316467],[24108.814148876307,35.280677180012844,23623.821551450943],[24111.053817898668,35.29777782799465,23621.060159535624],[24113.293490124903,35.314878500439136,23618.298763670096],[24115.533159147268,35.33197914842094,23615.53737175478],[24117.772824965756,35.349079771940076,23612.775983789666],[24120.01249398812,35.366180419921875,23610.014591874347]],"width":11.699999809265137},{"id":12868,"length":75.3056869506836,"open":true,"points":[[24146.888528664225,35.571388244628906,23576.877880990112],[24150.8415827618,35.57266648602813,23572.003977070886],[24154.794636859377,35.573944727427374,23567.13007315166],[24158.747690956952,35.575222968826615,23562.256169232434],[24162.70074505453,35.576501210225835,23557.382265313205],[24166.653797031526,35.57777945093938,23552.50836400855],[24170.60685183596,35.579057692567176,23547.6344592178],[24174.55990805412,35.58033593465212,23542.760552684013],[24178.512961444838,35.58161417582277,23537.886649636308],[24182.466014835554,35.582892416993445,23533.012746588603],[24186.419073881156,35.58417065999265,23528.138836568723],[24190.372124444428,35.585448900249055,23523.264937007105],[24194.32518066259,35.586727142333984,23518.391030473314]],"width":11.699999809265137},{"id":12869,"length":83.66351318359375,"open":true,"points":[[24194.32518066259,35.586727142333984,23518.391030473314],[24198.716954492684,35.57106208754584,23512.976208628104],[24203.10872832277,35.555397032757696,23507.5613867829],[24207.500503330833,35.53973197376786,23502.146563485323],[24211.892277553576,35.52406691757915,23496.731741155996],[24216.284051776325,35.50840186139044,23491.316918826666],[24220.67582599907,35.49273680520173,23485.90209649733],[24225.0675986512,35.47707175461528,23480.487276104494],[24229.45937444457,35.46140669282431,23475.07245183867],[24233.851150237937,35.44574163103334,23469.65762757285],[24238.242922890066,35.430076580446894,23464.24280718001],[24242.63469240095,35.414411541064965,23458.827990660153],[24247.026465053077,35.398746490478516,23453.413170267315]],"width":11.699999809265137},{"id":12870,"length":100.1954345703125,"open":true,"points":[[24247.026465053077,35.398746490478516,23453.413170267315],[24252.285918425176,35.335856753700284,23446.92854603235],[24257.545371797274,35.27296701692205,23440.443921797392],[24262.804824699146,35.21007728576661,23433.959298142196],[24268.064278541475,35.1471875433656,23427.474673327466],[24273.323730502878,35.0842978234557,23420.990050831813],[24278.58318434521,35.02140808105469,23414.50542601708],[24283.84264006847,34.958518316162554,23408.020798883266],[24289.102092029872,34.895628596252664,23401.536176387614],[24294.36154399128,34.832738876342766,23395.051553891964],[24299.620995952682,34.76984915643288,23388.56693139631],[24304.880451675937,34.70695939154075,23382.082304262494],[24310.139903637344,34.64406967163086,23375.597681766845]],"width":11.699999809265137},{"id":13860,"length":47.774295806884766,"open":true,"points":[[23929.41423428668,32.499351501464844,23946.569245106493],[23931.922047665343,32.51656198552878,23943.47724556557],[23934.429861044006,32.533772469592726,23940.38524602464],[23936.93767509532,32.55098295827287,23937.29324565438],[23939.4454886982,32.568193443875536,23934.201245837008],[23941.95330230108,32.58540392947822,23931.109246019634],[23944.46111590396,32.60261441508089,23928.017246202264],[23946.968930403706,32.61982490683852,23924.925245279108],[23949.476744903448,32.63703539859615,23921.83324435595],[23951.984557609467,32.65424587804387,23918.741245644364],[23954.49236852175,32.67145634518169,23915.64924914435],[23957.000183021497,32.68866683693932,23912.557248221194],[23959.507993933785,32.70587730407715,23909.465251721176]],"width":13.199999809265137},{"id":12885,"length":67.05479431152344,"open":true,"points":[[24044.80541177802,33.62478256225586,23804.29810528982],[24048.325176020375,33.68003781307209,23799.95842454877],[24051.84494026273,33.73529306388832,23795.61874380773],[24055.364705134467,33.79054832458496,23791.279062290687],[24058.88446874744,33.84580356552078,23786.939382325632],[24062.404233619178,33.90105882621742,23782.59970080859],[24065.923998490918,33.95631408691406,23778.26001929155],[24069.44376210389,34.011569327849884,23773.920339326494],[24072.963525716863,34.0668245687857,23769.580659361447],[24076.483289329833,34.12207980972153,23765.240979396396],[24080.00305546034,34.17733509017898,23760.901296327364],[24083.52281403825,34.23259025207154,23756.561622570272],[24087.042585203817,34.287845611572266,23752.221933293276]],"width":13.199999809265137},{"id":13840,"length":44.27477264404297,"open":true,"points":[[24087.042585203817,34.287845611572266,23752.221933293276],[24089.36671522744,34.29522260118051,23749.356405488365],[24091.690845251058,34.30259959078876,23746.490877683453],[24094.014974443508,34.30997657775879,23743.625350903334],[24096.339105298302,34.31735357000525,23740.759822073633],[24098.663234490752,34.32473055697528,23737.89429529352],[24100.98736285202,34.332107541307096,23735.028769538192],[24103.311492875648,34.33948453091534,23732.16324173328],[24105.63562373044,34.3468615231618,23729.29771290358],[24107.959754585234,34.35423851540827,23726.432184073874],[24110.283883777687,34.3616155023783,23723.56665729376],[24112.60801297013,34.36899248934833,23720.70113051364],[24114.932140500234,34.376369471041926,23717.835605783108]],"width":13.199999809265137}],"pauseMenu":false,"pedestrians":{"completed":0,"drawCalls":1,"population":10000,"renderMs":0.201,"ridingCar":0,"ridingTrain":0,"updateMs":0.976,"visible":91,"waitingCar":0,"waitingTrain":0,"walking":341},"plans":0,"population":233146,"railway":{"depots":0,"edgeCount":1269,"editorVisible":false,"lines":[{"enabled":true,"first":480,"id":0,"interval":270.0,"last":1380,"name":"汐淵・鵜池線","next":270.0,"stops":[17680,17681]},{"enabled":true,"first":480,"id":1,"interval":1380.0,"last":1380,"name":"鵜池・常宮線","next":1440.0,"stops":[17681,17743]},{"enabled":true,"first":480,"id":2,"interval":210.0,"last":1380,"name":"常宮・網瀬洗線","next":210.0,"stops":[17743,18160]},{"enabled":true,"first":480,"id":3,"interval":1140.0,"last":1380,"name":"網瀬洗・葦草第3地区線","next":1440.0,"stops":[18160,18212]},{"enabled":true,"first":480,"id":4,"interval":120.0,"last":1380,"name":"葦草第3地区・葦草線","next":120.0,"stops":[18212,18559]},{"enabled":true,"first":480,"id":5,"interval":150.0,"last":1380,"name":"葦草第3地区・葦草第2地区線","next":150.0,"stops":[18212,18574]},{"enabled":true,"first":480,"id":6,"interval":210.0,"last":1380,"name":"葦草第3地区・秋神線","next":210.0,"stops":[18212,18602]},{"enabled":true,"first":480,"id":7,"interval":990.0,"last":1380,"name":"葦草第2地区・玉寺線","next":1440.0,"stops":[18574,18654]}],"message":"","stations":[{"id":17680,"name":"汐淵","position":[62375.3517339767,52.0,53503.86182038857]},{"id":17681,"name":"鵜池","position":[58668.00913071976,43.0,52852.76884116136]},{"id":17743,"name":"常宮","position":[48529.05328003586,69.5,30835.606379331177]},{"id":18160,"name":"網瀬洗","position":[45508.17318802182,48.5,30061.235276059448]},{"id":18212,"name":"葦草第3地区","position":[24688.427373988667,52.0,22959.968090410068]},{"id":18559,"name":"葦草","position":[24090.089516332482,57.0,23697.686613220016]},{"id":18574,"name":"葦草第2地区","position":[23546.43567707546,44.5,24367.98267101535]},{"id":18602,"name":"秋神","position":[23495.00371227449,64.0,19984.44194673403]},{"id":18654,"name":"玉寺","position":[16738.027409982784,50.0,43665.12840887711]}],"trains":[{"id":0,"line":0,"passengers":0,"position":[62364.64445286007,52.0,53462.17735144537],"speed":2.3999998569488525,"state":0,"stopIndex":1},{"id":1,"line":1,"passengers":0,"position":[58589.384874759184,42.652380563843955,52879.41532842659],"speed":2.3999998569488525,"state":0,"stopIndex":1},{"id":2,"line":2,"passengers":0,"position":[48499.05821813552,69.5,30866.4695788021],"speed":2.3999998569488525,"state":0,"stopIndex":1},{"id":3,"line":3,"passengers":0,"position":[45444.70614344761,48.21896940503315,30007.719917036047],"speed":2.3999998569488525,"state":0,"stopIndex":1},{"id":4,"line":4,"passengers":0,"position":[24659.942770952694,52.0,22992.230579617677],"speed":2.3999998569488525,"state":0,"stopIndex":1},{"id":5,"line":5,"passengers":0,"position":[24659.942770952694,52.0,22992.230579617677],"speed":2.3999998569488525,"state":0,"stopIndex":1},{"id":6,"line":6,"passengers":0,"position":[24716.91197702464,52.0,22927.70560120246],"speed":2.3999998569488525,"state":0,"stopIndex":1},{"id":7,"line":7,"passengers":0,"position":[23492.755045342943,44.253786619728,24431.31051373995],"speed":2.3999998569488525,"state":0,"stopIndex":1}]},"renderMs":11708.484,"selectionId":-1,"selectionKind":0,"signalsMs":0.281,"sound":{"enginePitch":1.0,"enginePlaying":false,"events":0,"outputPeak":0.0,"volume":0.6},"textInput":false,"timeSpeed":0,"townLabels":[{"anchor":[640.0,251.29129028320313],"bounds":[591.91015625,197.29129028320313,96.1796875,45.0],"name":"葦草市"}],"traffic":{"accessPoints":22248,"cars":616,"completed":0,"localCars":616,"localTarget":2400,"routeFailures":0,"spawned":616,"stopped":38,"updateMs":2.178336},"zone":2,"zoneBrush":1,"zoneCells":[{"angle":0.0,"building":0,"builtAt":0.0,"edge":-1,"offsetX":0.0,"offsetZ":0.0,"x":24120.0,"z":23640.0,"zone":4},{"angle":0.0,"building":0,"builtAt":0.0,"edge":-1,"offsetX":0.0,"offsetZ":0.0,"x":24136.0,"z":23640.0,"zone":4},{"angle":0.0,"building":0,"builtAt":0.0,"edge":-1,"offsetX":0.0,"offsetZ":0.0,"x":24152.0,"z":23640.0,"zone":4},{"angle":0.0,"building":0,"builtAt":0.0,"edge":-1,"offsetX":0.0,"offsetZ":0.0,"x":24168.0,"z":23640.0,"zone":4},{"angle":0.0,"building":0,"builtAt":0.0,"edge":-1,"offsetX":0.0,"offsetZ":0.0,"x":24184.0,"z":23640.0,"zone":4},{"angle":0.0,"building":0,"builtAt":0.0,"edge":-1,"offsetX":0.0,"offsetZ":0.0,"x":24200.0,"z":23640.0,"zone":4},{"angle":0.6814517378807068,"building":3,"builtAt":0.0,"edge":13314,"offsetX":-6.154789924621582,"offsetZ":2.631941318511963,"x":24216.0,"z":23640.0,"zone":4},{"angle":-2.4601409435272217,"building":5,"builtAt":0.0,"edge":13314,"offsetX":1.7993983030319214,"offsetZ":-6.419382572174072,"x":24232.0,"z":23640.0,"zone":4},{"angle":-2.4601409435272217,"building":2,"builtAt":0.0,"edge":13314,"offsetX":-4.645404815673828,"offsetZ":2.2820231914520264,"x":24248.0,"z":23640.0,"zone":3},{"angle":2.2522480487823486,"building":2,"builtAt":0.0,"edge":12908,"offsetX":-0.9939571022987366,"offsetZ":-0.4058094918727875,"x":24264.0,"z":23640.0,"zone":3},{"angle":-0.8893446326255798,"building":22,"builtAt":0.0,"edge":12908,"offsetX":7.369441032409668,"offsetZ":2.337386131286621,"x":24280.0,"z":23640.0,"zone":3},{"angle":-0.8893446326255798,"building":1,"builtAt":0.0,"edge":12908,"offsetX":7.765885353088379,"offsetZ":-1.3827219009399414,"x":24296.0,"z":23640.0,"zone":3},{"angle":0.681451678276062,"building":22,"builtAt":0.0,"edge":13331,"offsetX":6.7182936668396,"offsetZ":-6.901335716247559,"x":24312.0,"z":23640.0,"zone":3},{"angle":0.6814517378807068,"building":22,"builtAt":0.0,"edge":13331,"offsetX":4.2420973777771,"offsetZ":4.102306365966797,"x":24328.0,"z":23640.0,"zone":3},{"angle":0.0,"building":0,"builtAt":0.0,"edge":-1,"offsetX":0.0,"offsetZ":0.0,"x":24344.0,"z":23640.0,"zone":3},{"angle":0.0,"building":0,"builtAt":0.0,"edge":-1,"offsetX":0.0,"offsetZ":0.0,"x":24360.0,"z":23640.0,"zone":3},{"angle":-2.4601409435272217,"building":1,"builtAt":0.0,"edge":13332,"offsetX":4.055675029754639,"offsetZ":3.697913408279419,"x":24376.0,"z":23640.0,"zone":3},{"angle":0.0,"building":0,"builtAt":0.0,"edge":-1,"offsetX":0.0,"offsetZ":0.0,"x":24120.0,"z":23656.0,"zone":4},{"angle":0.0,"building":0,"builtAt":0.0,"edge":-1,"offsetX":0.0,"offsetZ":0.0,"x":24136.0,"z":23656.0,"zone":4},{"angle":0.0,"building":0,"builtAt":0.0,"edge":-1,"offsetX":0.0,"offsetZ":0.0,"x":24152.0,"z":23656.0,"zone":4},{"angle":0.0,"building":0,"builtAt":0.0,"edge":-1,"offsetX":0.0,"offsetZ":0.0,"x":24168.0,"z":23656.0,"zone":4},{"angle":0.0,"building":0,"builtAt":0.0,"edge":-1,"offsetX":0.0,"offsetZ":0.0,"x":24184.0,"z":23656.0,"zone":4},{"angle":0.0,"building":0,"builtAt":0.0,"edge":-1,"offsetX":0.0,"offsetZ":0.0,"x":24200.0,"z":23656.0,"zone":4},{"angle":0.0,"building":0,"builtAt":0.0,"edge":-1,"offsetX":0.0,"offsetZ":0.0,"x":24216.0,"z":23656.0,"zone":4},{"angle":0.6814517378807068,"building":6,"builtAt":0.0,"edge":13314,"offsetX":-2.1298155784606934,"offsetZ":2.907579183578491,"x":24232.0,"z":23656.0,"zone":4},{"angle":-2.4601409435272217,"building":1,"builtAt":0.0,"edge":13314,"offsetX":4.912838459014893,"offsetZ":-5.019872188568115,"x":24248.0,"z":23656.0,"zone":3},{"angle":-0.8893446326255798,"building":22,"builtAt":0.0,"edge":12908,"offsetX":6.674298286437988,"offsetZ":6.832339286804199,"x":24264.0,"z":23656.0,"zone":3},{"angle":-0.8893446326255798,"building":1,"builtAt":0.0,"edge":12908,"offsetX":-2.0072314739227295,"offsetZ":-4.2505974769592285,"x":24280.0,"z":23656.0,"zone":3},{"angle":-0.8893446326255798,"building":2,"builtAt":0.0,"edge":12908,"offsetX":0.8446816802024841,"offsetZ":-5.977575778961182,"x":24296.0,"z":23656.0,"zone":3},{"angle":2.2522480487823486,"building":2,"builtAt":0.0,"edge":12932,"offsetX":-5.701622486114502,"offsetZ":1.6881537437438965,"x":24312.0,"z":23656.0,"zone":3},{"angle":0.0,"building":0,"builtAt":0.0,"edge":-1,"offsetX":0.0,"offsetZ":0.0,"x":24328.0,"z":23656.0,"zone":3},{"angle":0.0,"building":0,"builtAt":0.0,"edge":-1,"offsetX":0.0,"offsetZ":0.0,"x":24344.0,"z":23656.0,"zone":3},{"angle":0.0,"building":0,"builtAt":0.0,"edge":-1,"offsetX":0.0,"offsetZ":0.0,"x":24360.0,"z":23656.0,"zone":3},{"angle":-2.4601409435272217,"building":1,"builtAt":0.0,"edge":13332,"offsetX":-2.369521141052246,"offsetZ":-4.38016414642334,"x":24376.0,"z":23656.0,"zone":3},{"angle":0.0,"building":0,"builtAt":0.0,"edge":-1,"offsetX":0.0,"offsetZ":0.0,"x":24120.0,"z":23672.0,"zone":0},{"angle":0.0,"building":0,"builtAt":0.0,"edge":-1,"offsetX":0.0,"offsetZ":0.0,"x":24136.0,"z":23672.0,"zone":4},{"angle":0.0,"building":0,"builtAt":0.0,"edge":-1,"offsetX":0.0,"offsetZ":0.0,"x":24152.0,"z":23672.0,"zone":4},{"angle":0.0,"building":0,"builtAt":0.0,"edge":-1,"offsetX":0.0,"offsetZ":0.0,"x":24168.0,"z":23672.0,"zone":4},{"angle":0.0,"building":0,"builtAt":0.0,"edge":-1,"offsetX":0.0,"offsetZ":0.0,"x":24184.0,"z":23672.0,"zone":4},{"angle":0.0,"building":0,"builtAt":0.0,"edge":-1,"offsetX":0.0,"offsetZ":0.0,"x":24200.0,"z":23672.0,"zone":4},{"angle":0.0,"building":0,"builtAt":0.0,"edge":-1,"offsetX":0.0,"offsetZ":0.0,"x":24216.0,"z":23672.0,"zone":4},{"angle":0.0,"building":0,"builtAt":0.0,"edge":-1,"offsetX":0.0,"offsetZ":0.0,"x":24232.0,"z":23672.0,"zone":4},{"angle":0.0,"building":0,"builtAt":0.0,"edge":-1,"offsetX":0.0,"offsetZ":0.0,"x":24248.0,"z":23672.0,"zone":4},{"angle":0.681451678276062,"building":2,"builtAt":0.0,"edge":13315,"offsetX":-6.2566328048706055,"offsetZ":7.641294956207275,"x":24264.0,"z":23672.0,"zone":3},{"angle":-2.4601409435272217,"building":2,"builtAt":0.0,"edge":13315,"offsetX":4.3646721839904785,"offsetZ":3.455223321914673,"x":24280.0,"z":23672.0,"zone":3},{"angle":-2.4601409435272217,"building":2,"builtAt":0.0,"edge":13315,"offsetX":-4.265249729156494,"offsetZ":-5.631687641143799,"x":24296.0,"z":23672.0,"zone":3},{"angle":2.2522480487823486,"building":22,"builtAt":0.0,"edge":12932,"offsetX":3.77361798286438,"offsetZ":-6.626807689666748,"x":24312.0,"z":23672.0,"zone":3},{"angle":0.0,"building":0,"builtAt":0.0,"edge":-1,"offsetX":0.0,"offsetZ":0.0,"x":24328.0,"z":23672.0,"zone":3},{"angle":0.0,"building":0,"builtAt":0.0,"edge":-1,"offsetX":0.0,"offsetZ":0.0,"x":24344.0,"z":23672.0,"zone":3},{"angle":-0.8893446326255798,"building":2,"builtAt":0.0,"edge":12932,"offsetX":-4.96362829208374,"offsetZ":0.1304757297039032,"x":24360.0,"z":23672.0,"zone":3},{"angle":0.6814517378807068,"building":5,"builtAt":0.0,"edge":13332,"offsetX":-2.546783685684204,"offsetZ":5.799036502838135,"x":24376.0,"z":23672.0,"zone":3},{"angle":0.0,"building":0,"builtAt":0.0,"edge":-1,"offsetX":0.0,"offsetZ":0.0,"x":24120.0,"z":23688.0,"zone":0},{"angle":0.0,"building":0,"builtAt":0.0,"edge":-1,"offsetX":0.0,"offsetZ":0.0,"x":24136.0,"z":23688.0,"zone":0},{"angle":0.0,"building":0,"builtAt":0.0,"edge":-1,"offsetX":0.0,"offsetZ":0.0,"x":24152.0,"z":23688.0,"zone":4},{"angle":-2.4601409435272217,"building":4,"builtAt":0.0,"edge":13297,"offsetX":3.924286365509033,"offsetZ":0.052965693175792694,"x":24168.0,"z":23688.0,"zone":4},{"angle":0.0,"building":0,"builtAt":0.0,"edge":-1,"offsetX":0.0,"offsetZ":0.0,"x":24184.0,"z":23688.0,"zone":4},{"angle":0.0,"building":0,"builtAt":0.0,"edge":-1,"offsetX":0.0,"offsetZ":0.0,"x":24200.0,"z":23688.0,"zone":4},{"angle":0.0,"building":0,"builtAt":0.0,"edge":-1,"offsetX":0.0,"offsetZ":0.0,"x":24216.0,"z":23688.0,"zone":4},{"angle":2.2522480487823486,"building":3,"builtAt":0.0,"edge":13917,"offsetX":-5.8597187995910645,"offsetZ":-5.19177770614624,"x":24232.0,"z":23688.0,"zone":4},{"angle":0.0,"building":0,"builtAt":0.0,"edge":-1,"offsetX":0.0,"offsetZ":0.0,"x":24248.0,"z":23688.0,"zone":4},{"angle":0.681451678276062,"building":1,"builtAt":0.0,"edge":13315,"offsetX":8.20810604095459,"offsetZ":2.443617820739746,"x":24264.0,"z":23688.0,"zone":3},{"angle":0.0,"building":0,"builtAt":0.0,"edge":-1,"offsetX":0.0,"offsetZ":0.0,"x":24280.0,"z":23688.0,"zone":3},{"angle":-2.4601409435272217,"building":22,"builtAt":0.0,"edge":13315,"offsetX":2.7603297233581543,"offsetZ":-1.6592320203781128,"x":24296.0,"z":23688.0,"zone":3},{"angle":0.0,"building":0,"builtAt":0.0,"edge":-1,"offsetX":0.0,"offsetZ":0.0,"x":24312.0,"z":23688.0,"zone":3},{"angle":0.0,"building":0,"builtAt":0.0,"edge":-1,"offsetX":0.0,"offsetZ":0.0,"x":24328.0,"z":23688.0,"zone":3},{"angle":-0.8893446326255798,"building":5,"builtAt":0.0,"edge":12932,"offsetX":-0.6748335361480713,"offsetZ":-0.2807047367095947,"x":24344.0,"z":23688.0,"zone":3},{"angle":0.0,"building":0,"builtAt":0.0,"edge":-1,"offsetX":0.0,"offsetZ":0.0,"x":24360.0,"z":23688.0,"zone":3},{"angle":0.0,"building":0,"builtAt":0.0,"edge":-1,"offsetX":0.0,"offsetZ":0.0,"x":24376.0,"z":23688.0,"zone":3},{"angle":0.0,"building":0,"builtAt":0.0,"edge":-1,"offsetX":0.0,"offsetZ":0.0,"x":24120.0,"z":23704.0,"zone":0},{"angle":0.0,"building":0,"builtAt":0.0,"edge":-1,"offsetX":0.0,"offsetZ":0.0,"x":24136.0,"z":23704.0,"zone":4},{"angle":0.0,"building":0,"builtAt":0.0,"edge":-1,"offsetX":0.0,"offsetZ":0.0,"x":24152.0,"z":23704.0,"zone":4},{"angle":0.0,"building":0,"builtAt":0.0,"edge":-1,"offsetX":0.0,"offsetZ":0.0,"x":24168.0,"z":23704.0,"zone":4},{"angle":0.0,"building":0,"builtAt":0.0,"edge":-1,"offsetX":0.0,"offsetZ":0.0,"x":24184.0,"z":23704.0,"zone":4},{"angle":0.0,"building":0,"builtAt":0.0,"edge":-1,"offsetX":0.0,"offsetZ":0.0,"x":24200.0,"z":23704.0,"zone":4},{"angle":2.2522480487823486,"building":5,"builtAt":0.0,"edge":13916,"offsetX":-2.0915510654449463,"offsetZ":-4.87722110748291,"x":24216.0,"z":23704.0,"zone":4},{"angle":0.6814517378807068,"building":5,"builtAt":0.0,"edge":13920,"offsetX":-1.634013295173645,"offsetZ":8.299647331237793,"x":24232.0,"z":23704.0,"zone":4},{"angle":-2.4601409435272217,"building":5,"builtAt":0.0,"edge":13920,"offsetX":-5.114144802093506,"offsetZ":-7.136678695678711,"x":24248.0,"z":23704.0,"zone":4},{"angle":-2.4601409435272217,"building":1,"builtAt":0.0,"edge":13920,"offsetX":-7.655171871185303,"offsetZ":5.670788288116455,"x":24264.0,"z":23704.0,"zone":3},{"angle":2.2522480487823486,"building":1,"builtAt":0.0,"edge":13919,"offsetX":-0.2724016010761261,"offsetZ":8.086161613464355,"x":24280.0,"z":23704.0,"zone":3},{"angle":0.0,"building":0,"builtAt":0.0,"edge":-1,"offsetX":0.0,"offsetZ":0.0,"x":24296.0,"z":23704.0,"zone":3},{"angle":0.0,"building":0,"builtAt":0.0,"edge":-1,"offsetX":0.0,"offsetZ":0.0,"x":24312.0,"z":23704.0,"zone":3},{"angle":-0.8893445730209351,"building":2,"builtAt":0.0,"edge":12932,"offsetX":2.4476945400238037,"offsetZ":-1.6342653036117554,"x":24328.0,"z":23704.0,"zone":3},{"angle":-2.4601409435272217,"building":22,"builtAt":0.0,"edge":13316,"offsetX":3.705528974533081,"offsetZ":5.544941425323486,"x":24344.0,"z":23704.0,"zone":3},{"angle":-2.4601409435272217,"building":22,"builtAt":0.0,"edge":13316,"offsetX":-4.294471740722656,"offsetZ":-4.318628787994385,"x":24360.0,"z":23704.0,"zone":3},{"angle":2.2522480487823486,"building":1,"builtAt":0.0,"edge":12956,"offsetX":0.7640894055366516,"offsetZ":-0.11544811725616455,"x":24376.0,"z":23704.0,"zone":3},{"angle":0.0,"building":0,"builtAt":0.0,"edge":-1,"offsetX":0.0,"offsetZ":0.0,"x":24120.0,"z":23720.0,"zone":4},{"angle":0.0,"building":0,"builtAt":0.0,"edge":-1,"offsetX":0.0,"offsetZ":0.0,"x":24136.0,"z":23720.0,"zone":4},{"angle":0.0,"building":0,"builtAt":0.0,"edge":-1,"offsetX":0.0,"offsetZ":0.0,"x":24152.0,"z":23720.0,"zone":4},{"angle":0.6814517378807068,"building":3,"builtAt":0.0,"edge":13297,"offsetX":-5.06278133392334,"offsetZ":-1.243548035621643,"x":24168.0,"z":23720.0,"zone":4},{"angle":0.0,"building":0,"builtAt":0.0,"edge":-1,"offsetX":0.0,"offsetZ":0.0,"x":24184.0,"z":23720.0,"zone":4},{"angle":-2.4601409435272217,"building":5,"builtAt":0.0,"edge":13297,"offsetX":0.2806078791618347,"offsetZ":-8.037710189819336,"x":24200.0,"z":23720.0,"zone":4},{"angle":0.0,"building":0,"builtAt":0.0,"edge":-1,"offsetX":0.0,"offsetZ":0.0,"x":24216.0,"z":23720.0,"zone":4},{"angle":0.0,"building":0,"builtAt":0.0,"edge":-1,"offsetX":0.0,"offsetZ":0.0,"x":24232.0,"z":23720.0,"zone":4},{"angle":0.681451678276062,"building":6,"builtAt":0.0,"edge":13920,"offsetX":-3.741565465927124,"offsetZ":4.572664737701416,"x":24248.0,"z":23720.0,"zone":4},{"angle":-2.4601409435272217,"building":2,"builtAt":0.0,"edge":13920,"offsetX":7.220584869384766,"offsetZ":0.729030430316925,"x":24264.0,"z":23720.0,"zone":3},{"angle":0.0,"building":0,"builtAt":0.0,"edge":-1,"offsetX":0.0,"offsetZ":0.0,"x":24280.0,"z":23720.0,"zone":3},{"angle":0.0,"building":0,"builtAt":0.0,"edge":-1,"offsetX":0.0,"offsetZ":0.0,"x":24296.0,"z":23720.0,"zone":3},{"angle":0.0,"building":0,"builtAt":0.0,"edge":-1,"offsetX":0.0,"offsetZ":0.0,"x":24312.0,"z":23720.0,"zone":3},{"angle":0.0,"building":0,"builtAt":0.0,"edge":-1,"offsetX":0.0,"offsetZ":0.0,"x":24328.0,"z":23720.0,"zone":3},{"angle":-2.4601409435272217,"building":22,"builtAt":0.0,"edge":13316,"offsetX":-4.294470310211182,"offsetZ":-0.5914881825447083,"x":24344.0,"z":23720.0,"zone":3},{"angle":2.2522480487823486,"building":1,"builtAt":0.0,"edge":12956,"offsetX":6.0577712059021,"offsetZ":-2.885031223297119,"x":24360.0,"z":23720.0,"zone":3},{"angle":0.0,"building":0,"builtAt":0.0,"edge":-1,"offsetX":0.0,"offsetZ":0.0,"x":24376.0,"z":23720.0,"zone":3},{"angle":0.0,"building":0,"builtAt":0.0,"edge":-1,"offsetX":0.0,"offsetZ":0.0,"x":24120.0,"z":23736.0,"zone":4},{"angle":0.6814517378807068,"building":3,"builtAt":0.0,"edge":13867,"offsetX":-7.419148921966553,"offsetZ":6.490680694580078,"x":24136.0,"z":23736.0,"zone":4},{"angle":-2.4601409435272217,"building":5,"builtAt":0.0,"edge":13867,"offsetX":-0.24337363243103027,"offsetZ":-0.9350773096084595,"x":24152.0,"z":23736.0,"zone":4},{"angle":-2.4601409435272217,"building":3,"builtAt":0.0,"edge":13867,"offsetX":-5.412522315979004,"offsetZ":6.861746788024902,"x":24168.0,"z":23736.0,"zone":4},{"angle":0.6814517378807068,"building":4,"builtAt":0.0,"edge":13297,"offsetX":-1.8821852207183838,"offsetZ":-1.6439602375030518,"x":24184.0,"z":23736.0,"zone":4},{"angle":0.0,"building":0,"builtAt":0.0,"edge":-1,"offsetX":0.0,"offsetZ":0.0,"x":24200.0,"z":23736.0,"zone":4},{"angle":-2.4601409435272217,"building":5,"builtAt":0.0,"edge":13298,"offsetX":5.143284320831299,"offsetZ":-7.1722412109375,"x":24216.0,"z":23736.0,"zone":4},{"angle":-2.460233211517334,"building":3,"builtAt":0.0,"edge":13298,"offsetX":2.5121841430664063,"offsetZ":2.666759967803955,"x":24232.0,"z":23736.0,"zone":4},{"angle":0.0,"building":0,"builtAt":0.0,"edge":-1,"offsetX":0.0,"offsetZ":0.0,"x":24248.0,"z":23736.0,"zone":4},{"angle":0.6814517378807068,"building":2,"builtAt":0.0,"edge":13920,"offsetX":-4.435221195220947,"offsetZ":-0.899985134601593,"x":24264.0,"z":23736.0,"zone":3},{"angle":0.0,"building":0,"builtAt":0.0,"edge":-1,"offsetX":0.0,"offsetZ":0.0,"x":24280.0,"z":23736.0,"zone":3},{"angle":-2.4601409435272217,"building":1,"builtAt":0.0,"edge":13968,"offsetX":2.2388463020324707,"offsetZ":7.524049758911133,"x":24296.0,"z":23736.0,"zone":3},{"angle":-0.8893445730209351,"building":22,"builtAt":0.0,"edge":13919,"offsetX":-6.010221481323242,"offsetZ":-2.613496780395508,"x":24312.0,"z":23736.0,"zone":3},{"angle":0.6814517378807068,"building":12,"builtAt":0.0,"edge":13316,"offsetX":-2.7718558311462402,"offsetZ":1.2583520412445068,"x":24328.0,"z":23736.0,"zone":4},{"angle":0.0,"building":0,"builtAt":0.0,"edge":-1,"offsetX":0.0,"offsetZ":0.0,"x":24344.0,"z":23736.0,"zone":3},{"angle":2.2522480487823486,"building":1,"builtAt":0.0,"edge":12956,"offsetX":-4.649094581604004,"offsetZ":-5.657011032104492,"x":24360.0,"z":23736.0,"zone":3},{"angle":-0.8893445730209351,"building":22,"builtAt":0.0,"edge":12956,"offsetX":5.839900016784668,"offsetZ":-6.084694862365723,"x":24376.0,"z":23736.0,"zone":3},{"angle":-2.4601409435272217,"building":3,"builtAt":0.0,"edge":13279,"offsetX":-3.748300790786743,"offsetZ":6.224560260772705,"x":24120.0,"z":23752.0,"zone":4},{"angle":0.6814517378807068,"building":5,"builtAt":0.0,"edge":13867,"offsetX":3.3918111324310303,"offsetZ":-1.6899226903915405,"x":24136.0,"z":23752.0,"zone":4},{"angle":0.0,"building":0,"builtAt":0.0,"edge":-1,"offsetX":0.0,"offsetZ":0.0,"x":24152.0,"z":23752.0,"zone":4},{"angle":0.0,"building":0,"builtAt":0.0,"edge":-1,"offsetX":0.0,"offsetZ":0.0,"x":24168.0,"z":23752.0,"zone":4},{"angle":0.0,"building":0,"builtAt":0.0,"edge":-1,"offsetX":0.0,"offsetZ":0.0,"x":24184.0,"z":23752.0,"zone":4},{"angle":0.681451678276062,"building":3,"builtAt":0.0,"edge":13298,"offsetX":2.926199197769165,"offsetZ":-0.7115504145622253,"x":24200.0,"z":23752.0,"zone":4},{"angle":0.0,"building":0,"builtAt":0.0,"edge":-1,"offsetX":0.0,"offsetZ":0.0,"x":24216.0,"z":23752.0,"zone":4},{"angle":0.0,"building":0,"builtAt":0.0,"edge":-1,"offsetX":0.0,"offsetZ":0.0,"x":24232.0,"z":23752.0,"zone":4},{"angle":-2.4601409435272217,"building":1,"builtAt":0.0,"edge":13298,"offsetX":-2.0073091983795166,"offsetZ":-1.165961503982544,"x":24248.0,"z":23752.0,"zone":3},{"angle":0.0,"building":0,"builtAt":0.0,"edge":-1,"offsetX":0.0,"offsetZ":0.0,"x":24264.0,"z":23752.0,"zone":3},{"angle":0.0,"building":0,"builtAt":0.0,"edge":-1,"offsetX":0.0,"offsetZ":0.0,"x":24280.0,"z":23752.0,"zone":3},{"angle":0.0,"building":0,"builtAt":0.0,"edge":-1,"offsetX":0.0,"offsetZ":0.0,"x":24296.0,"z":23752.0,"zone":3},{"angle":-2.4601409435272217,"building":3,"builtAt":0.0,"edge":13968,"offsetX":1.053743839263916,"offsetZ":0.6007509827613831,"x":24312.0,"z":23752.0,"zone":3},{"angle":0.0,"building":0,"builtAt":0.0,"edge":-1,"offsetX":0.0,"offsetZ":0.0,"x":24328.0,"z":23752.0,"zone":3},{"angle":2.2522480487823486,"building":2,"builtAt":0.0,"edge":13967,"offsetX":-4.315062999725342,"offsetZ":-3.4956400394439697,"x":24344.0,"z":23752.0,"zone":3},{"angle":0.0,"building":0,"builtAt":0.0,"edge":-1,"offsetX":0.0,"offsetZ":0.0,"x":24360.0,"z":23752.0,"zone":3},{"angle":0.0,"building":0,"builtAt":0.0,"edge":-1,"offsetX":0.0,"offsetZ":0.0,"x":24376.0,"z":23752.0,"zone":3},{"angle":0.0,"building":0,"builtAt":0.0,"edge":-1,"offsetX":0.0,"offsetZ":0.0,"x":24120.0,"z":23768.0,"zone":4},{"angle":-2.4601409435272217,"building":3,"builtAt":0.0,"edge":13279,"offsetX":-0.5094721913337708,"offsetZ":5.790102958679199,"x":24136.0,"z":23768.0,"zone":4},{"angle":2.2522480487823486,"building":5,"builtAt":0.0,"edge":13865,"offsetX":7.266846179962158,"offsetZ":-1.4373905658721924,"x":24152.0,"z":23768.0,"zone":4},{"angle":0.0,"building":0,"builtAt":0.0,"edge":-1,"offsetX":0.0,"offsetZ":0.0,"x":24168.0,"z":23768.0,"zone":4},{"angle":0.0,"building":0,"builtAt":0.0,"edge":-1,"offsetX":0.0,"offsetZ":0.0,"x":24184.0,"z":23768.0,"zone":4},{"angle":-2.4601409435272217,"building":6,"builtAt":0.0,"edge":13915,"offsetX":-1.9083874225616455,"offsetZ":3.561483383178711,"x":24200.0,"z":23768.0,"zone":4},{"angle":0.6815438866615295,"building":3,"builtAt":0.0,"edge":13298,"offsetX":-0.21514147520065308,"offsetZ":-6.243448257446289,"x":24216.0,"z":23768.0,"zone":4},{"angle":0.681451678276062,"building":5,"builtAt":0.0,"edge":13298,"offsetX":-2.885098934173584,"offsetZ":3.6434497833251953,"x":24232.0,"z":23768.0,"zone":4},{"angle":0.0,"building":0,"builtAt":0.0,"edge":-1,"offsetX":0.0,"offsetZ":0.0,"x":24248.0,"z":23768.0,"zone":3},{"angle":0.0,"building":0,"builtAt":0.0,"edge":-1,"offsetX":0.0,"offsetZ":0.0,"x":24264.0,"z":23768.0,"zone":3},{"angle":-0.8893445730209351,"building":2,"builtAt":0.0,"edge":13918,"offsetX":-1.1191508769989014,"offsetZ":-2.1868975162506104,"x":24280.0,"z":23768.0,"zone":3},{"angle":0.6814517378807068,"building":22,"builtAt":0.0,"edge":13968,"offsetX":3.9528307914733887,"offsetZ":0.7534745335578918,"x":24296.0,"z":23768.0,"zone":3},{"angle":0.0,"building":0,"builtAt":0.0,"edge":-1,"offsetX":0.0,"offsetZ":0.0,"x":24312.0,"z":23768.0,"zone":3},{"angle":2.2522480487823486,"building":22,"builtAt":0.0,"edge":13967,"offsetX":-0.9848089218139648,"offsetZ":-4.811123847961426,"x":24328.0,"z":23768.0,"zone":3},{"angle":0.0,"building":0,"builtAt":0.0,"edge":-1,"offsetX":0.0,"offsetZ":0.0,"x":24344.0,"z":23768.0,"zone":3},{"angle":-0.8893446326255798,"building":2,"builtAt":0.0,"edge":13967,"offsetX":-4.501984119415283,"offsetZ":-6.670202255249023,"x":24360.0,"z":23768.0,"zone":3},{"angle":0.0,"building":0,"builtAt":0.0,"edge":-1,"offsetX":0.0,"offsetZ":0.0,"x":24376.0,"z":23768.0,"zone":3},{"angle":0.0,"building":0,"builtAt":0.0,"edge":-1,"offsetX":0.0,"offsetZ":0.0,"x":24120.0,"z":23784.0,"zone":4},{"angle":0.0,"building":0,"builtAt":0.0,"edge":-1,"offsetX":0.0,"offsetZ":0.0,"x":24136.0,"z":23784.0,"zone":4},{"angle":0.0,"building":0,"builtAt":0.0,"edge":-1,"offsetX":0.0,"offsetZ":0.0,"x":24152.0,"z":23784.0,"zone":4},{"angle":0.0,"building":0,"builtAt":0.0,"edge":-1,"offsetX":0.0,"offsetZ":0.0,"x":24168.0,"z":23784.0,"zone":4},{"angle":0.6814517378807068,"building":3,"builtAt":0.0,"edge":13915,"offsetX":0.6661999225616455,"offsetZ":4.114297866821289,"x":24184.0,"z":23784.0,"zone":4},{"angle":0.0,"building":0,"builtAt":0.0,"edge":-1,"offsetX":0.0,"offsetZ":0.0,"x":24200.0,"z":23784.0,"zone":4},{"angle":-2.4601409435272217,"building":5,"builtAt":0.0,"edge":13915,"offsetX":1.0855088233947754,"offsetZ":3.8696868419647217,"x":24216.0,"z":23784.0,"zone":4},{"angle":0.0,"building":0,"builtAt":0.0,"edge":-1,"offsetX":0.0,"offsetZ":0.0,"x":24232.0,"z":23784.0,"zone":3},{"angle":0.0,"building":0,"builtAt":0.0,"edge":-1,"offsetX":0.0,"offsetZ":0.0,"x":24248.0,"z":23784.0,"zone":3},{"angle":0.0,"building":0,"builtAt":0.0,"edge":-1,"offsetX":0.0,"offsetZ":0.0,"x":24264.0,"z":23784.0,"zone":3},{"angle":-2.4601409435272217,"building":22,"builtAt":0.0,"edge":13299,"offsetX":7.2005839347839355,"offsetZ":-1.6012420654296875,"x":24280.0,"z":23784.0,"zone":3},{"angle":0.0,"building":0,"builtAt":0.0,"edge":-1,"offsetX":0.0,"offsetZ":0.0,"x":24296.0,"z":23784.0,"zone":3},{"angle":2.2522480487823486,"building":1,"builtAt":0.0,"edge":13966,"offsetX":1.771888256072998,"offsetZ":-2.302941083908081,"x":24312.0,"z":23784.0,"zone":3},{"angle":0.0,"building":0,"builtAt":0.0,"edge":-1,"offsetX":0.0,"offsetZ":0.0,"x":24328.0,"z":23784.0,"zone":3},{"angle":-0.8893445730209351,"building":22,"builtAt":0.0,"edge":13967,"offsetX":-0.24460944533348083,"offsetZ":-7.233728885650635,"x":24344.0,"z":23784.0,"zone":3},{"angle":-0.8893445730209351,"building":2,"builtAt":0.0,"edge":13967,"offsetX":-6.769368648529053,"offsetZ":0.4513097405433655,"x":24360.0,"z":23784.0,"zone":3},{"angle":0.0,"building":0,"builtAt":0.0,"edge":-1,"offsetX":0.0,"offsetZ":0.0,"x":24376.0,"z":23784.0,"zone":3},{"angle":0.0,"building":0,"builtAt":0.0,"edge":-1,"offsetX":0.0,"offsetZ":0.0,"x":24120.0,"z":23800.0,"zone":4},{"angle":0.6814517378807068,"building":6,"builtAt":0.0,"edge":13279,"offsetX":-8.264117240905762,"offsetZ":2.9963388442993164,"x":24136.0,"z":23800.0,"zone":4},{"angle":0.0,"building":0,"builtAt":0.0,"edge":-1,"offsetX":0.0,"offsetZ":0.0,"x":24152.0,"z":23800.0,"zone":4},{"angle":-2.4601409435272217,"building":5,"builtAt":0.0,"edge":13280,"offsetX":-4.052818298339844,"offsetZ":-2.2388317584991455,"x":24168.0,"z":23800.0,"zone":4},{"angle":0.0,"building":0,"builtAt":0.0,"edge":-1,"offsetX":0.0,"offsetZ":0.0,"x":24184.0,"z":23800.0,"zone":4},{"angle":0.0,"building":0,"builtAt":0.0,"edge":-1,"offsetX":0.0,"offsetZ":0.0,"x":24200.0,"z":23800.0,"zone":4},{"angle":0.0,"building":0,"builtAt":0.0,"edge":-1,"offsetX":0.0,"offsetZ":0.0,"x":24216.0,"z":23800.0,"zone":4},{"angle":0.0,"building":0,"builtAt":0.0,"edge":-1,"offsetX":0.0,"offsetZ":0.0,"x":24232.0,"z":23800.0,"zone":3},{"angle":-0.8893446326255798,"building":1,"builtAt":0.0,"edge":13914,"offsetX":2.387336492538452,"offsetZ":-0.28208649158477783,"x":24248.0,"z":23800.0,"zone":3},{"angle":0.6814517378807068,"building":22,"builtAt":0.0,"edge":13299,"offsetX":5.44967794418335,"offsetZ":4.28467321395874,"x":24264.0,"z":23800.0,"zone":3},{"angle":0.0,"building":0,"builtAt":0.0,"edge":-1,"offsetX":0.0,"offsetZ":0.0,"x":24280.0,"z":23800.0,"zone":3},{"angle":-2.4601409435272217,"building":2,"builtAt":0.0,"edge":13299,"offsetX":2.683525323867798,"offsetZ":-7.5707688331604,"x":24296.0,"z":23800.0,"zone":3},{"angle":-0.8893446326255798,"building":2,"builtAt":0.0,"edge":13966,"offsetX":6.448672294616699,"offsetZ":6.9481964111328125,"x":24312.0,"z":23800.0,"zone":3},{"angle":-0.8893445730209351,"building":1,"builtAt":0.0,"edge":13966,"offsetX":0.3710009455680847,"offsetZ":-6.4621076583862305,"x":24328.0,"z":23800.0,"zone":3},{"angle":-0.8893445730209351,"building":2,"builtAt":0.0,"edge":13966,"offsetX":-7.124582290649414,"offsetZ":0.4355294704437256,"x":24344.0,"z":23800.0,"zone":3},{"angle":0.0,"building":0,"builtAt":0.0,"edge":-1,"offsetX":0.0,"offsetZ":0.0,"x":24360.0,"z":23800.0,"zone":3},{"angle":2.2522480487823486,"building":22,"builtAt":0.0,"edge":12975,"offsetX":2.174591064453125,"offsetZ":5.0905256271362305,"x":24376.0,"z":23800.0,"zone":3},{"angle":0.0,"building":0,"builtAt":0.0,"edge":-1,"offsetX":0.0,"offsetZ":0.0,"x":24120.0,"z":23816.0,"zone":4},{"angle":0.0,"building":0,"builtAt":0.0,"edge":-1,"offsetX":0.0,"offsetZ":0.0,"x":24136.0,"z":23816.0,"zone":4},{"angle":0.6814517378807068,"building":3,"builtAt":0.0,"edge":13280,"offsetX":-5.007656097412109,"offsetZ":2.665574073791504,"x":24152.0,"z":23816.0,"zone":4},{"angle":0.0,"building":0,"builtAt":0.0,"edge":-1,"offsetX":0.0,"offsetZ":0.0,"x":24168.0,"z":23816.0,"zone":4},{"angle":0.0,"building":0,"builtAt":0.0,"edge":-1,"offsetX":0.0,"offsetZ":0.0,"x":24184.0,"z":23816.0,"zone":4},{"angle":2.2522480487823486,"building":5,"builtAt":0.0,"edge":13913,"offsetX":-3.499864339828491,"offsetZ":-3.5717880725860596,"x":24200.0,"z":23816.0,"zone":4},{"angle":0.0,"building":0,"builtAt":0.0,"edge":-1,"offsetX":0.0,"offsetZ":0.0,"x":24216.0,"z":23816.0,"zone":3},{"angle":0.0,"building":0,"builtAt":0.0,"edge":-1,"offsetX":0.0,"offsetZ":0.0,"x":24232.0,"z":23816.0,"zone":3},{"angle":-2.4601409435272217,"building":1,"builtAt":0.0,"edge":13965,"offsetX":-4.7039794921875,"offsetZ":-5.033782005310059,"x":24248.0,"z":23816.0,"zone":3},{"angle":-2.4601409435272217,"building":2,"builtAt":0.0,"edge":13965,"offsetX":-6.684689044952393,"offsetZ":5.3216552734375,"x":24264.0,"z":23816.0,"zone":3},{"angle":0.6814517378807068,"building":2,"builtAt":0.0,"edge":13299,"offsetX":1.6319679021835327,"offsetZ":-2.5471127033233643,"x":24280.0,"z":23816.0,"zone":3},{"angle":0.0,"building":0,"builtAt":0.0,"edge":-1,"offsetX":0.0,"offsetZ":0.0,"x":24296.0,"z":23816.0,"zone":3},{"angle":0.0,"building":0,"builtAt":0.0,"edge":-1,"offsetX":0.0,"offsetZ":0.0,"x":24312.0,"z":23816.0,"zone":3},{"angle":0.0,"building":0,"builtAt":0.0,"edge":-1,"offsetX":0.0,"offsetZ":0.0,"x":24328.0,"z":23816.0,"zone":3},{"angle":0.0,"building":0,"builtAt":0.0,"edge":-1,"offsetX":0.0,"offsetZ":0.0,"x":24344.0,"z":23816.0,"zone":3},{"angle":-2.4601409435272217,"building":1,"builtAt":0.0,"edge":13300,"offsetX":-1.480087161064148,"offsetZ":6.840113639831543,"x":24360.0,"z":23816.0,"zone":3},{"angle":0.0,"building":0,"builtAt":0.0,"edge":-1,"offsetX":0.0,"offsetZ":0.0,"x":24376.0,"z":23816.0,"zone":3},{"angle":-0.8893446326255798,"building":6,"builtAt":0.0,"edge":12905,"offsetX":8.196125030517578,"offsetZ":7.854005336761475,"x":24120.0,"z":23832.0,"zone":4},{"angle":-0.8893446326255798,"building":5,"builtAt":0.0,"edge":12905,"offsetX":0.9195042252540588,"offsetZ":-4.116843223571777,"x":24136.0,"z":23832.0,"zone":4},{"angle":0.0,"building":0,"builtAt":0.0,"edge":-1,"offsetX":0.0,"offsetZ":0.0,"x":24152.0,"z":23832.0,"zone":4},{"angle":0.681451678276062,"building":5,"builtAt":0.0,"edge":13280,"offsetX":-7.015702247619629,"offsetZ":-2.9103939533233643,"x":24168.0,"z":23832.0,"zone":4},{"angle":0.0,"building":0,"builtAt":0.0,"edge":-1,"offsetX":0.0,"offsetZ":0.0,"x":24184.0,"z":23832.0,"zone":3},{"angle":0.0,"building":0,"builtAt":0.0,"edge":-1,"offsetX":0.0,"offsetZ":0.0,"x":24200.0,"z":23832.0,"zone":3},{"angle":-0.8893445730209351,"building":2,"builtAt":0.0,"edge":13913,"offsetX":7.370290756225586,"offsetZ":2.2216615676879883,"x":24216.0,"z":23832.0,"zone":3},{"angle":0.681451678276062,"building":2,"builtAt":0.0,"edge":13965,"offsetX":0.0791950523853302,"offsetZ":-7.204036235809326,"x":24232.0,"z":23832.0,"zone":3},{"angle":0.6814517378807068,"building":22,"builtAt":0.0,"edge":13965,"offsetX":-2.7889280319213867,"offsetZ":4.245532989501953,"x":24248.0,"z":23832.0,"zone":3},{"angle":-2.4601409435272217,"building":2,"builtAt":0.0,"edge":13965,"offsetX":6.860024929046631,"offsetZ":0.2617645263671875,"x":24264.0,"z":23832.0,"zone":3},{"angle":0.0,"building":0,"builtAt":0.0,"edge":-1,"offsetX":0.0,"offsetZ":0.0,"x":24280.0,"z":23832.0,"zone":3},{"angle":-0.8893445730209351,"building":2,"builtAt":0.0,"edge":13964,"offsetX":3.954244375228882,"offsetZ":-2.2634506225585938,"x":24296.0,"z":23832.0,"zone":3},{"angle":0.0,"building":0,"builtAt":0.0,"edge":-1,"offsetX":0.0,"offsetZ":0.0,"x":24312.0,"z":23832.0,"zone":3},{"angle":0.0,"building":0,"builtAt":0.0,"edge":-1,"offsetX":0.0,"offsetZ":0.0,"x":24328.0,"z":23832.0,"zone":3},{"angle":-2.4601409435272217,"building":3,"builtAt":0.0,"edge":13300,"offsetX":6.677393913269043,"offsetZ":0.5095189213752747,"x":24344.0,"z":23832.0,"zone":3},{"angle":0.0,"building":0,"builtAt":0.0,"edge":-1,"offsetX":0.0,"offsetZ":0.0,"x":24360.0,"z":23832.0,"zone":3},{"angle":-0.8893445730209351,"building":1,"builtAt":0.0,"edge":12975,"offsetX":5.940298080444336,"offsetZ":0.8853286504745483,"x":24376.0,"z":23832.0,"zone":3},{"angle":-0.8893446326255798,"building":5,"builtAt":0.0,"edge":12905,"offsetX":-1.6903789043426514,"offsetZ":2.8814847469329834,"x":24120.0,"z":23848.0,"zone":4},{"angle":-2.4601409435272217,"building":22,"builtAt":0.0,"edge":13263,"offsetX":4.754898548126221,"offsetZ":4.187449932098389,"x":24136.0,"z":23848.0,"zone":4},{"angle":0.0,"building":0,"builtAt":0.0,"edge":-1,"offsetX":0.0,"offsetZ":0.0,"x":24152.0,"z":23848.0,"zone":4},{"angle":2.2522480487823486,"building":2,"builtAt":0.0,"edge":12929,"offsetX":3.917633533477783,"offsetZ":-4.106917858123779,"x":24168.0,"z":23848.0,"zone":3},{"angle":0.0,"building":0,"builtAt":0.0,"edge":-1,"offsetX":0.0,"offsetZ":0.0,"x":24184.0,"z":23848.0,"zone":3},{"angle":0.0,"building":0,"builtAt":0.0,"edge":-1,"offsetX":0.0,"offsetZ":0.0,"x":24200.0,"z":23848.0,"zone":3},{"angle":-2.4601409435272217,"building":1,"builtAt":0.0,"edge":13281,"offsetX":1.5350812673568726,"offsetZ":-5.021531105041504,"x":24216.0,"z":23848.0,"zone":3},{"angle":-2.4601409435272217,"building":2,"builtAt":0.0,"edge":13281,"offsetX":-1.4730476140975952,"offsetZ":4.504375457763672,"x":24232.0,"z":23848.0,"zone":3},{"angle":0.0,"building":0,"builtAt":0.0,"edge":-1,"offsetX":0.0,"offsetZ":0.0,"x":24248.0,"z":23848.0,"zone":3},{"angle":2.2522480487823486,"building":2,"builtAt":0.0,"edge":13963,"offsetX":-5.504047393798828,"offsetZ":0.7013303637504578,"x":24264.0,"z":23848.0,"zone":3},{"angle":0.0,"building":0,"builtAt":0.0,"edge":-1,"offsetX":0.0,"offsetZ":0.0,"x":24280.0,"z":23848.0,"zone":3},{"angle":-0.8893446326255798,"building":9,"builtAt":0.0,"edge":13964,"offsetX":-7.772275924682617,"offsetZ":-4.036936283111572,"x":24296.0,"z":23848.0,"zone":3},{"angle":0.6814517378807068,"building":2,"builtAt":0.0,"edge":13300,"offsetX":6.445248126983643,"offsetZ":-4.567173004150391,"x":24312.0,"z":23848.0,"zone":3},{"angle":0.6814517378807068,"building":1,"builtAt":0.0,"edge":13300,"offsetX":4.994445323944092,"offsetZ":6.311647891998291,"x":24328.0,"z":23848.0,"zone":3},{"angle":0.0,"building":0,"builtAt":0.0,"edge":-1,"offsetX":0.0,"offsetZ":0.0,"x":24344.0,"z":23848.0,"zone":3},{"angle":0.0,"building":0,"builtAt":0.0,"edge":-1,"offsetX":0.0,"offsetZ":0.0,"x":24360.0,"z":23848.0,"zone":3},{"angle":-2.4601409435272217,"building":1,"builtAt":0.0,"edge":13301,"offsetX":-2.9686625003814697,"offsetZ":5.472647666931152,"x":24376.0,"z":23848.0,"zone":3},{"angle":0.0,"building":0,"builtAt":0.0,"edge":-1,"offsetX":0.0,"offsetZ":0.0,"x":24120.0,"z":23864.0,"zone":3},{"angle":-2.4601409435272217,"building":22,"builtAt":0.0,"edge":13263,"offsetX":-3.245100498199463,"offsetZ":-1.9489800930023193,"x":24136.0,"z":23864.0,"zone":3},{"angle":2.2522480487823486,"building":1,"builtAt":0.0,"edge":12929,"offsetX":0.5141414403915405,"offsetZ":4.960072040557861,"x":24152.0,"z":23864.0,"zone":3},{"angle":2.2522480487823486,"building":2,"builtAt":0.0,"edge":12929,"offsetX":-6.075340270996094,"offsetZ":-7.808835506439209,"x":24168.0,"z":23864.0,"zone":3},{"angle":0.0,"building":0,"builtAt":0.0,"edge":-1,"offsetX":0.0,"offsetZ":0.0,"x":24184.0,"z":23864.0,"zone":3},{"angle":-0.8893446326255798,"building":1,"builtAt":0.0,"edge":12929,"offsetX":-2.3463518619537354,"offsetZ":0.7666692137718201,"x":24200.0,"z":23864.0,"zone":3},{"angle":0.6814517378807068,"building":1,"builtAt":0.0,"edge":13281,"offsetX":-0.7528484463691711,"offsetZ":7.343550205230713,"x":24216.0,"z":23864.0,"zone":3},{"angle":0.0,"building":0,"builtAt":0.0,"edge":-1,"offsetX":0.0,"offsetZ":0.0,"x":24232.0,"z":23864.0,"zone":3},{"angle":2.2522480487823486,"building":3,"builtAt":0.0,"edge":13963,"offsetX":-2.916088342666626,"offsetZ":-1.1502094268798828,"x":24248.0,"z":23864.0,"zone":3},{"angle":0.0,"building":0,"builtAt":0.0,"edge":-1,"offsetX":0.0,"offsetZ":0.0,"x":24264.0,"z":23864.0,"zone":3},{"angle":-0.8893445730209351,"building":22,"builtAt":0.0,"edge":13963,"offsetX":-5.3050150871276855,"offsetZ":-2.1601970195770264,"x":24280.0,"z":23864.0,"zone":3},{"angle":0.0,"building":0,"builtAt":0.0,"edge":-1,"offsetX":0.0,"offsetZ":0.0,"x":24296.0,"z":23864.0,"zone":3},{"angle":0.6814517378807068,"building":1,"builtAt":0.0,"edge":13300,"offsetX":7.19917106628418,"offsetZ":7.320481777191162,"x":24312.0,"z":23864.0,"zone":3},{"angle":0.6814517378807068,"building":2,"builtAt":0.0,"edge":13300,"offsetX":-1.9031918048858643,"offsetZ":-1.183935284614563,"x":24328.0,"z":23864.0,"zone":3},{"angle":0.0,"building":0,"builtAt":0.0,"edge":-1,"offsetX":0.0,"offsetZ":0.0,"x":24344.0,"z":23864.0,"zone":3},{"angle":0.0,"building":0,"builtAt":0.0,"edge":-1,"offsetX":0.0,"offsetZ":0.0,"x":24360.0,"z":23864.0,"zone":3},{"angle":0.0,"building":0,"builtAt":0.0,"edge":-1,"offsetX":0.0,"offsetZ":0.0,"x":24376.0,"z":23864.0,"zone":3},{"angle":0.6814517378807068,"building":3,"builtAt":0.0,"edge":13263,"offsetX":-1.1400740146636963,"offsetZ":-0.8172220587730408,"x":24120.0,"z":23880.0,"zone":3},{"angle":0.0,"building":0,"builtAt":0.0,"edge":-1,"offsetX":0.0,"offsetZ":0.0,"x":24136.0,"z":23880.0,"zone":3},{"angle":0.0,"building":0,"builtAt":0.0,"edge":-1,"offsetX":0.0,"offsetZ":0.0,"x":24152.0,"z":23880.0,"zone":3},{"angle":0.0,"building":0,"builtAt":0.0,"edge":-1,"offsetX":0.0,"offsetZ":0.0,"x":24168.0,"z":23880.0,"zone":3},{"angle":-0.8893446326255798,"building":22,"builtAt":0.0,"edge":12929,"offsetX":4.7152276039123535,"offsetZ":-2.0799367427825928,"x":24184.0,"z":23880.0,"zone":3},{"angle":-0.8893446326255798,"building":2,"builtAt":0.0,"edge":12929,"offsetX":-1.8095316886901855,"offsetZ":5.605101108551025,"x":24200.0,"z":23880.0,"zone":3},{"angle":0.6814517378807068,"building":1,"builtAt":0.0,"edge":13281,"offsetX":-7.17804479598999,"offsetZ":-0.7345272898674011,"x":24216.0,"z":23880.0,"zone":3},{"angle":0.681451678276062,"building":22,"builtAt":0.0,"edge":13281,"offsetX":-5.124361038208008,"offsetZ":2.5523903369903564,"x":24232.0,"z":23880.0,"zone":3},{"angle":0.0,"building":0,"builtAt":0.0,"edge":-1,"offsetX":0.0,"offsetZ":0.0,"x":24248.0,"z":23880.0,"zone":3},{"angle":-2.4601409435272217,"building":1,"builtAt":0.0,"edge":13282,"offsetX":-0.1704224795103073,"offsetZ":0.3670438826084137,"x":24264.0,"z":23880.0,"zone":3},{"angle":0.0,"building":0,"builtAt":0.0,"edge":-1,"offsetX":0.0,"offsetZ":0.0,"x":24280.0,"z":23880.0,"zone":3},{"angle":0.0,"building":0,"builtAt":0.0,"edge":-1,"offsetX":0.0,"offsetZ":0.0,"x":24296.0,"z":23880.0,"zone":3},{"angle":0.0,"building":0,"builtAt":0.0,"edge":-1,"offsetX":0.0,"offsetZ":0.0,"x":24312.0,"z":23880.0,"zone":3},{"angle":0.0,"building":0,"builtAt":0.0,"edge":-1,"offsetX":0.0,"offsetZ":0.0,"x":24328.0,"z":23880.0,"zone":3},{"angle":0.681451678276062,"building":2,"builtAt":0.0,"edge":13301,"offsetX":4.860185146331787,"offsetZ":3.2743849754333496,"x":24344.0,"z":23880.0,"zone":3},{"angle":0.681451678276062,"building":2,"builtAt":0.0,"edge":13301,"offsetX":-3.769737720489502,"offsetZ":-5.812526226043701,"x":24360.0,"z":23880.0,"zone":3},{"angle":0.0,"building":0,"builtAt":0.0,"edge":-1,"offsetX":0.0,"offsetZ":0.0,"x":24376.0,"z":23880.0,"zone":3},{"angle":0.0,"building":0,"builtAt":0.0,"edge":-1,"offsetX":0.0,"offsetZ":0.0,"x":24120.0,"z":23896.0,"zone":3},{"angle":0.6814517378807068,"building":2,"builtAt":0.0,"edge":13263,"offsetX":-1.946588158607483,"offsetZ":-6.386551856994629,"x":24136.0,"z":23896.0,"zone":3},{"angle":0.0,"building":0,"builtAt":0.0,"edge":-1,"offsetX":0.0,"offsetZ":0.0,"x":24152.0,"z":23896.0,"zone":3},{"angle":0.0,"building":0,"builtAt":0.0,"edge":-1,"offsetX":0.0,"offsetZ":0.0,"x":24168.0,"z":23896.0,"zone":3},{"angle":-0.8893445730209351,"building":2,"builtAt":0.0,"edge":12929,"offsetX":-5.706819534301758,"offsetZ":-6.131444931030273,"x":24184.0,"z":23896.0,"zone":3},{"angle":-2.4601409435272217,"building":1,"builtAt":0.0,"edge":13264,"offsetX":-5.573004245758057,"offsetZ":2.5289621353149414,"x":24200.0,"z":23896.0,"zone":3},{"angle":2.2522480487823486,"building":22,"builtAt":0.0,"edge":12953,"offsetX":-0.5796533823013306,"offsetZ":4.808083534240723,"x":24216.0,"z":23896.0,"zone":3},{"angle":0.0,"building":0,"builtAt":0.0,"edge":-1,"offsetX":0.0,"offsetZ":0.0,"x":24232.0,"z":23896.0,"zone":3},{"angle":0.6814517378807068,"building":2,"builtAt":0.0,"edge":13282,"offsetX":0.43868550658226013,"offsetZ":3.3431894779205322,"x":24248.0,"z":23896.0,"zone":3},{"angle":0.0,"building":0,"builtAt":0.0,"edge":-1,"offsetX":0.0,"offsetZ":0.0,"x":24264.0,"z":23896.0,"zone":3},{"angle":0.0,"building":0,"builtAt":0.0,"edge":-1,"offsetX":0.0,"offsetZ":0.0,"x":24280.0,"z":23896.0,"zone":3},{"angle":-2.4601409435272217,"building":1,"builtAt":0.0,"edge":13282,"offsetX":4.048153877258301,"offsetZ":0.5161816477775574,"x":24296.0,"z":23896.0,"zone":3},{"angle":0.0,"building":0,"builtAt":0.0,"edge":-1,"offsetX":0.0,"offsetZ":0.0,"x":24312.0,"z":23896.0,"zone":3},{"angle":0.0,"building":0,"builtAt":0.0,"edge":-1,"offsetX":0.0,"offsetZ":0.0,"x":24328.0,"z":23896.0,"zone":3},{"angle":0.0,"building":0,"builtAt":0.0,"edge":-1,"offsetX":0.0,"offsetZ":0.0,"x":24344.0,"z":23896.0,"zone":3},{"angle":0.0,"building":0,"builtAt":0.0,"edge":-1,"offsetX":0.0,"offsetZ":0.0,"x":24360.0,"z":23896.0,"zone":3},{"angle":0.681451678276062,"building":1,"builtAt":0.0,"edge":13301,"offsetX":7.090324401855469,"offsetZ":-0.9298690557479858,"x":24376.0,"z":23896.0,"zone":3}],"zonePalette":false}
[84.2482s] [TravelCost] frame=24 total=11620.75 terrain=5.49 road=14.31 parts=1.71 node=1.42 marks=0.07 furniture=0.85 fallback=0.00 edges=6 nodes=2
[84.3482s] [Streaming] terrain workerMs=328.43 uploadTotalMs=7.41 maxFrameUploadMs=5.20 uploadFrames=3
[84.3482s] [LandscapeStreaming] key=94489280536 terrainMs=292.36 masksMs=4.62 patchesMs=31.20 woodlandMs=0.00 landscapeVertices=71243 landscapeTriangles=31785
[84.3482s] [TravelCost] frame=25 total=11323.36 terrain=5.54 road=14.75 parts=0.34 node=4.34 marks=0.01 furniture=0.36 fallback=0.00 edges=3 nodes=4
[84.4482s] [TravelCost] frame=26 total=11326.68 terrain=5.67 road=13.56 parts=1.61 node=1.99 marks=0.18 furniture=0.30 fallback=0.00 edges=4 nodes=4
[84.5482s] [Streaming] terrain workerMs=107.06 uploadTotalMs=2.85 maxFrameUploadMs=2.15 uploadFrames=2
[84.5482s] [LandscapeStreaming] key=94489280534 terrainMs=81.60 masksMs=1.57 patchesMs=23.80 woodlandMs=0.00 landscapeVertices=50988 landscapeTriangles=19768
[84.5482s] [TravelCost] frame=27 total=11460.64 terrain=5.75 road=13.94 parts=1.23 node=2.15 marks=0.00 furniture=0.67 fallback=0.00 edges=6 nodes=2
[84.6482s] [TravelCost] frame=28 total=11257.89 terrain=6.25 road=14.89 parts=0.94 node=2.70 marks=0.44 furniture=0.46 fallback=0.00 edges=3 nodes=4
[84.7482s] [Streaming] terrain workerMs=131.68 uploadTotalMs=4.04 maxFrameUploadMs=2.52 uploadFrames=2
[84.7482s] [LandscapeStreaming] key=107374182422 terrainMs=79.48 masksMs=3.17 patchesMs=48.89 woodlandMs=0.00 landscapeVertices=40421 landscapeTriangles=17441
[84.7482s] [TravelCost] frame=29 total=11416.76 terrain=6.63 road=14.15 parts=0.49 node=3.35 marks=0.01 furniture=0.23 fallback=0.00 edges=2 nodes=3
[84.8482s] [TravelCost] frame=30 total=11481.12 terrain=10.46 road=14.61 parts=2.12 node=1.73 marks=0.12 furniture=0.50 fallback=0.00 edges=6 nodes=4
[84.9482s] [TravelCost] frame=31 total=11686.32 terrain=5.80 road=14.63 parts=1.70 node=1.69 marks=0.00 furniture=1.12 fallback=0.00 edges=8 nodes=2
[85.0482s] [Streaming] terrain workerMs=281.67 uploadTotalMs=9.56 maxFrameUploadMs=6.66 uploadFrames=3
[85.0482s] [LandscapeStreaming] key=98784247829 terrainMs=260.25 masksMs=3.01 patchesMs=18.20 woodlandMs=0.00 landscapeVertices=69684 landscapeTriangles=29796
[85.0482s] [TravelCost] frame=32 total=11773.86 terrain=5.01 road=13.93 parts=1.26 node=2.49 marks=0.10 furniture=0.31 fallback=0.00 edges=3 nodes=3
[85.1482s] [TravelCost] frame=33 total=11592.85 terrain=6.34 road=14.29 parts=1.28 node=2.41 marks=0.01 furniture=0.44 fallback=0.00 edges=5 nodes=2
[85.2482s] [MapTerrain] full (1536, 1152) px step=28.76m build=58.8ms
[85.2482s] [TravelCost] frame=34 total=215.78 terrain=0.00 road=0.00 parts=1.28 node=2.41 marks=0.01 furniture=0.44 fallback=0.00 edges=5 nodes=2
[85.2482s] [PlaytestInput] frame=34 key=M
[85.2482s] [PlaytestState] {"cameraMode":0,"commandId":0,"commandInput":"","commandMessage":"","commandPalette":false,"cursorX":400,"cursorY":322,"development":{"completed":0,"count":0},"draftMessage":"","draftPoints":0,"draftValid":false,"driving":false,"editMode":0,"eyeY":414.1324157714844,"focusX":24252.0,"focusY":32.575355529785156,"focusZ":23772.0,"focused":true,"fps":0.0861433880814765,"fpsGraph":false,"frame":34,"funds":30.0,"gameHour":8.039999961853027,"income":30.30898,"localMapCenter":[24252.0,23772.0],"localMapHeadingUp":false,"localMapSpan":2000.0,"logicMs":0.008,"maintenance":22.71789867024176,"map":true,"mapBuilds":1,"mapContext":false,"mapCustomPixelShader":false,"mapX":24252.0,"mapZ":23772.0,"mapZoom":4.0,"nearbyRoads":[{"id":13765,"length":50.096553802490234,"open":true,"points":[[24184.245710017454,37.4201545715332,23402.493881529692],[24186.87543740885,37.40728441490625,23399.251568542553],[24189.505164800248,37.39441425827931,23396.00925555542],[24192.13489360234,37.38154409474828,23392.76694082897],[24194.764620523507,37.368673940422696,23389.524628421605],[24197.39434650421,37.35580379069984,23386.282317173776],[24200.02407154445,37.342933645579706,23383.040007085492],[24202.653799406078,37.3300634866514,23379.797693518583],[24205.283525386778,37.31719333692855,23376.55538227076],[24207.91325136748,37.30432318720568,23373.313071022934],[24210.542977348185,37.291453037482825,23370.070759775106],[24213.172703328884,37.27858288775997,23366.828448527285],[24215.802429309588,37.26571273803711,23363.586137279457]],"width":6.839999675750732},{"id":12848,"length":75.3116455078125,"open":true,"points":[[24084.107773628602,37.087406158447266,23525.95859225249],[24088.06082843304,37.16626295393985,23521.08468746174],[24092.01388323748,37.24511974943243,23516.210782670994],[24095.966938041915,37.32397654492501,23511.336877880243],[24099.919992846353,37.4028333404176,23506.462973089496],[24103.87304765079,37.481690135910185,23501.58906829875],[24107.82610528267,37.56054698780554,23496.715160021915],[24111.779155845943,37.63940369869397,23491.8412604603],[24115.732212064104,37.71826052238794,23486.967353926506],[24119.68526545482,37.79711728967914,23482.093450878805],[24123.638318845533,37.87597405697034,23477.2195478311],[24127.59137223625,37.954830824261535,23472.345644783396],[24131.544425626966,38.033687591552734,23467.47174173569]],"width":6.839999675750732},{"id":13803,"length":42.66592788696289,"open":true,"points":[[24030.355704276393,36.810420989990234,23592.23201402096],[24032.595373499,36.821962036956194,23589.470621858756],[24034.835042721603,36.83350308392215,23586.709229696546],[24037.074712544934,36.84504413398366,23583.947836793675],[24039.314381967783,36.85658518198147,23581.186444384584],[24041.554050990148,36.86812622791558,23578.42505246926],[24043.79372001251,36.87966727384969,23575.663660553942],[24046.033390636807,36.8912083280386,23572.90226666352],[24048.273059659175,36.90274937397271,23570.140874748202],[24050.512728681533,36.91429041990682,23567.379482832886],[24052.752399305835,36.92583147409572,23564.61808894246],[24054.992068328196,36.93737252002984,23561.856697027142],[24057.231738952498,36.94891357421875,23559.095303136724]],"width":6.839999675750732},{"id":12846,"length":67.05158233642578,"open":true,"points":[[23932.339416933068,36.665016174316406,23713.08084513701],[23935.859181175423,36.65745163008955,23708.74116439596],[23939.37894541778,36.64988708586271,23704.401483654918],[23942.898710289515,36.6423225402832,23700.061802137876],[23946.418475161256,36.6347579947037,23695.722120620834],[23949.938240032992,36.62719344912421,23691.38243910379],[23953.458003645967,36.61962890625,23687.04275913874],[23956.977767258937,36.61206436337579,23682.703079173683],[23960.497533389444,36.60449981509101,23678.36339610465],[23964.017297002418,36.5969352722168,23674.0237161396],[23967.53706313292,36.589370723932,23669.68403307057],[23971.056826745895,36.58180618105781,23665.34435310552],[23974.576590358865,36.574241638183594,23661.004673140465]],"width":6.839999675750732},{"id":13798,"length":43.819332122802734,"open":true,"points":[[23877.13575873594,35.95730972290039,23781.143998183044],[23879.435910818072,35.98679748731537,23778.308033895384],[23881.736062900203,36.01628525173035,23775.472069607724],[23884.036215187985,36.045773018781745,23772.63610506651],[23886.336367064465,36.07526078056031,23769.800141032407],[23888.63651811835,36.104748531793234,23766.964178012517],[23890.936670817424,36.13423630411746,23764.128212964195],[23893.236821871313,36.16372405535037,23761.29224994431],[23895.536973747792,36.19321181712894,23758.456285910204],[23897.837123979072,36.22269955781621,23755.62032390454],[23900.13727914595,36.25218736177738,23752.784355813554],[23902.43743266763,36.28167514464724,23749.94838975101],[23904.737587834505,36.3111629486084,23747.112421660026]],"width":6.839999675750732},{"id":12828,"length":75.30938720703125,"open":true,"points":[[24013.269180769486,37.10893249511719,23468.5038712713],[24017.222236280784,37.17088351506521,23463.62996560903],[24021.175291792086,37.23283453501325,23458.756059946758],[24025.128346596524,37.294785543883556,23453.88215515601],[24029.081402814685,37.35673657490929,23449.00824862222],[24033.034460446568,37.418687628090424,23444.134340345387],[24036.987515251003,37.48063863696075,23439.260435554635],[24040.94056864172,37.54258962367566,23434.386532506935],[24044.893619204988,37.60454056607978,23429.512632945316],[24048.846672595704,37.666491552794696,23424.638729897615],[24052.799725986417,37.728442539509615,23419.76482684991],[24056.752779377133,37.790393526224534,23414.890923802206],[24060.70583276785,37.85234451293945,23410.0170207545]],"width":11.699999809265137},{"id":12827,"length":85.33165740966797,"open":true,"points":[[23959.517111417277,36.91480255126953,23534.77729303977],[23963.99645106394,36.930980048518684,23529.254507234033],[23968.475790710603,36.94715754576782,23523.73172142829],[23972.955131959203,36.96333504880249,23518.20893364745],[23977.43447000393,36.979512540266114,23512.686149816807],[23981.91381125253,36.995690043300776,23507.16336203597],[23986.393149297255,37.011867534764406,23501.64057820533],[23990.872490545855,37.028045037799075,23496.117790424487],[23995.351834998328,37.04422255240479,23490.594998693443],[23999.831176246924,37.06040005543945,23485.072210912604],[24004.310511087777,37.076577535332035,23479.549431032166],[24008.789845928633,37.09275501522461,23474.026651151733],[24013.269180769486,37.10893249511719,23468.5038712713]],"width":11.699999809265137},{"id":13709,"length":44.274784088134766,"open":true,"points":[[23903.73799749975,37.11899185180664,23603.549952159276],[23906.0621266922,37.1104839663127,23600.68442537916],[23908.386255884645,37.10197608081876,23597.81889859904],[23910.71038424592,37.09346819836747,23594.953372843716],[23913.034513438368,37.084960312873534,23592.087846063598],[23915.35864346199,37.076452424336935,23589.222318258686],[23917.68277348561,37.067944535800336,23586.356790453774],[23920.006903509235,37.05943664726374,23583.491262648862],[23922.331034364022,37.05092875568449,23580.62573381916],[23924.655163556476,37.04242087019054,23577.760207039042],[23926.979294411267,37.03391297861128,23574.89467820934],[23929.303421941368,37.025405099202665,23572.02915347881],[23931.62755445851,37.016897201538086,23569.16362259952]],"width":11.699999809265137},{"id":12825,"length":67.05155181884766,"open":true,"points":[[23861.50082407395,37.06214904785156,23655.62612415582],[23865.020588945692,37.066885948745835,23651.28644263878],[23868.540353817425,37.071622849640114,23646.946761121733],[23872.06011994793,37.07635975222843,23642.607078052704],[23875.579883560906,37.08109665142865,23638.267398087653],[23879.099647173876,37.085833550628884,23633.9277181226],[23882.619413304386,37.0905704532172,23629.58803505357],[23886.139176917357,37.09530735241742,23625.248355088515],[23889.658940530328,37.10004425161765,23620.90867512346],[23893.1787041433,37.10478115081787,23616.56899515841],[23896.698467756272,37.109518050018096,23612.229315193363],[23900.218231369246,37.11425494921833,23607.889635228308],[23903.73799749975,37.11899185180664,23603.549952159276]],"width":11.699999809265137},{"id":12863,"length":95.55066680908203,"open":true,"points":[[23879.72899447735,33.08394241333008,23906.271273691305],[23884.744619889385,33.14690938084118,23900.087276268132],[23889.760245301415,33.20987634835229,23893.90327884496],[23894.775872507176,33.27284333838213,23887.719279210218],[23899.79149791921,33.33581030589323,23881.535281787044],[23904.807125124968,33.39877729592308,23875.3512821523],[23909.82275233073,33.46174428595293,23869.16728251756],[23914.83837953649,33.52471127598278,23862.983282882815],[23919.85400494852,33.587678243493876,23856.79928545964],[23924.86963394801,33.65064525604248,23850.615283613326],[23929.885259360042,33.713612223553575,23844.431286190156],[23934.90088835953,33.77657923610217,23838.24728434384],[23939.916513771564,33.83954620361328,23832.063286920667]],"width":11.699999809265137},{"id":13800,"length":43.81911087036133,"open":true,"points":[[23939.916513771564,33.83954620361328,23832.063286920667],[23942.216666059347,33.86660194235708,23829.227322379455],[23944.516818758428,33.89365768593882,23826.391357331126],[23946.816971046206,33.92071342468262,23823.555392789913],[23949.117122922686,33.94776915858847,23820.71942875581],[23951.417276444365,33.9748249118461,23817.883462693266],[23953.717428320848,34.00188064575195,23815.047498659158],[23956.017580197327,34.02893637965781,23812.211534625054],[23958.317733719006,34.055992132915435,23809.375568562507],[23960.617885595486,34.08304786682129,23806.539604528403],[23962.918037471965,34.11010360072714,23803.7036404943],[23965.218190993648,34.13715935398477,23800.867674431753],[23967.518342870128,34.164215087890625,23798.03171039765]],"width":11.699999809265137},{"id":12865,"length":67.05329895019531,"open":true,"points":[[23995.12017196869,34.48888397216797,23764.000133874633],[23998.639936211046,34.52957852438919,23759.660453133583],[24002.1597004534,34.57027307661041,23755.32077239254],[24005.679465325138,34.6109676361084,23750.9810908755],[24009.19923019688,34.65166219560638,23746.641409358457],[24012.718995068615,34.692356755104356,23742.30172784141],[24016.23875868159,34.73305130004883,23737.96204787636],[24019.758524812096,34.773745874100314,23733.62236480733],[24023.278288425066,34.814440419044786,23729.282684842274],[24026.79805455557,34.85513499309628,23724.943001773245],[24030.317818168543,34.89582953804075,23720.603321808194],[24033.837586816582,34.93652414119925,23716.263635635176],[24037.35734539449,34.97721862792969,23711.92396187809]],"width":11.699999809265137},{"id":13838,"length":44.27477264404297,"open":true,"points":[[24037.35734539449,34.97721862792969,23711.92396187809],[24039.68147521032,34.98487504346141,23709.058434329374],[24042.00560502615,34.99253145899314,23706.19290678066],[24044.329734218594,35.000187872471265,23703.327380000545],[24046.6538646578,35.0078442900566,23700.461851683238],[24048.977994681423,35.01550070627286,23697.596323878333],[24051.302123042693,35.02315711701283,23694.730798123004],[24053.62625306632,35.03081353322909,23691.865270318092],[24055.95038392111,35.038469952183505,23688.99974148839],[24058.274514775905,35.046126371137916,23686.134212658686],[24060.59864396836,35.05378278461603,23683.26868587857],[24062.9227731608,35.06143919809414,23680.403159098452],[24065.246900690905,35.06909560609597,23677.53763436792]],"width":11.699999809265137},{"id":13805,"length":42.66621017456055,"open":true,"points":[[24093.136459312016,35.160972595214844,23643.151302758582],[24095.376129135348,35.17807324931232,23640.389909855712],[24097.615798558192,35.19517390035196,23637.62851744662],[24099.85546878201,35.21227455750727,23634.86712404997],[24102.095137804376,35.22937520548908,23632.105732134652],[24104.334807627703,35.24647585958655,23629.344339231786],[24106.574476650065,35.26357650756836,23626.582947316467],[24108.814148876307,35.280677180012844,23623.821551450943],[24111.053817898668,35.29777782799465,23621.060159535624],[24113.293490124903,35.314878500439136,23618.298763670096],[24115.533159147268,35.33197914842094,23615.53737175478],[24117.772824965756,35.349079771940076,23612.775983789666],[24120.01249398812,35.366180419921875,23610.014591874347]],"width":11.699999809265137},{"id":12868,"length":75.3056869506836,"open":true,"points":[[24146.888528664225,35.571388244628906,23576.877880990112],[24150.8415827618,35.57266648602813,23572.003977070886],[24154.794636859377,35.573944727427374,23567.13007315166],[24158.747690956952,35.575222968826615,23562.256169232434],[24162.70074505453,35.576501210225835,23557.382265313205],[24166.653797031526,35.57777945093938,23552.50836400855],[24170.60685183596,35.579057692567176,23547.6344592178],[24174.55990805412,35.58033593465212,23542.760552684013],[24178.512961444838,35.58161417582277,23537.886649636308],[24182.466014835554,35.582892416993445,23533.012746588603],[24186.419073881156,35.58417065999265,23528.138836568723],[24190.372124444428,35.585448900249055,23523.264937007105],[24194.32518066259,35.586727142333984,23518.391030473314]],"width":11.699999809265137},{"id":12869,"length":83.66351318359375,"open":true,"points":[[24194.32518066259,35.586727142333984,23518.391030473314],[24198.716954492684,35.57106208754584,23512.976208628104],[24203.10872832277,35.555397032757696,23507.5613867829],[24207.500503330833,35.53973197376786,23502.146563485323],[24211.892277553576,35.52406691757915,23496.731741155996],[24216.284051776325,35.50840186139044,23491.316918826666],[24220.67582599907,35.49273680520173,23485.90209649733],[24225.0675986512,35.47707175461528,23480.487276104494],[24229.45937444457,35.46140669282431,23475.07245183867],[24233.851150237937,35.44574163103334,23469.65762757285],[24238.242922890066,35.430076580446894,23464.24280718001],[24242.63469240095,35.414411541064965,23458.827990660153],[24247.026465053077,35.398746490478516,23453.413170267315]],"width":11.699999809265137},{"id":12870,"length":100.1954345703125,"open":true,"points":[[24247.026465053077,35.398746490478516,23453.413170267315],[24252.285918425176,35.335856753700284,23446.92854603235],[24257.545371797274,35.27296701692205,23440.443921797392],[24262.804824699146,35.21007728576661,23433.959298142196],[24268.064278541475,35.1471875433656,23427.474673327466],[24273.323730502878,35.0842978234557,23420.990050831813],[24278.58318434521,35.02140808105469,23414.50542601708],[24283.84264006847,34.958518316162554,23408.020798883266],[24289.102092029872,34.895628596252664,23401.536176387614],[24294.36154399128,34.832738876342766,23395.051553891964],[24299.620995952682,34.76984915643288,23388.56693139631],[24304.880451675937,34.70695939154075,23382.082304262494],[24310.139903637344,34.64406967163086,23375.597681766845]],"width":11.699999809265137},{"id":13860,"length":47.774295806884766,"open":true,"points":[[23929.41423428668,32.499351501464844,23946.569245106493],[23931.922047665343,32.51656198552878,23943.47724556557],[23934.429861044006,32.533772469592726,23940.38524602464],[23936.93767509532,32.55098295827287,23937.29324565438],[23939.4454886982,32.568193443875536,23934.201245837008],[23941.95330230108,32.58540392947822,23931.109246019634],[23944.46111590396,32.60261441508089,23928.017246202264],[23946.968930403706,32.61982490683852,23924.925245279108],[23949.476744903448,32.63703539859615,23921.83324435595],[23951.984557609467,32.65424587804387,23918.741245644364],[23954.49236852175,32.67145634518169,23915.64924914435],[23957.000183021497,32.68866683693932,23912.557248221194],[23959.507993933785,32.70587730407715,23909.465251721176]],"width":13.199999809265137},{"id":12885,"length":67.05479431152344,"open":true,"points":[[24044.80541177802,33.62478256225586,23804.29810528982],[24048.325176020375,33.68003781307209,23799.95842454877],[24051.84494026273,33.73529306388832,23795.61874380773],[24055.364705134467,33.79054832458496,23791.279062290687],[24058.88446874744,33.84580356552078,23786.939382325632],[24062.404233619178,33.90105882621742,23782.59970080859],[24065.923998490918,33.95631408691406,23778.26001929155],[24069.44376210389,34.011569327849884,23773.920339326494],[24072.963525716863,34.0668245687857,23769.580659361447],[24076.483289329833,34.12207980972153,23765.240979396396],[24080.00305546034,34.17733509017898,23760.901296327364],[24083.52281403825,34.23259025207154,23756.561622570272],[24087.042585203817,34.287845611572266,23752.221933293276]],"width":13.199999809265137},{"id":13840,"length":44.27477264404297,"open":true,"points":[[24087.042585203817,34.287845611572266,23752.221933293276],[24089.36671522744,34.29522260118051,23749.356405488365],[24091.690845251058,34.30259959078876,23746.490877683453],[24094.014974443508,34.30997657775879,23743.625350903334],[24096.339105298302,34.31735357000525,23740.759822073633],[24098.663234490752,34.32473055697528,23737.89429529352],[24100.98736285202,34.332107541307096,23735.028769538192],[24103.311492875648,34.33948453091534,23732.16324173328],[24105.63562373044,34.3468615231618,23729.29771290358],[24107.959754585234,34.35423851540827,23726.432184073874],[24110.283883777687,34.3616155023783,23723.56665729376],[24112.60801297013,34.36899248934833,23720.70113051364],[24114.932140500234,34.376369471041926,23717.835605783108]],"width":13.199999809265137}],"pauseMenu":false,"pedestrians":{"completed":0,"drawCalls":1,"population":10000,"renderMs":0.0,"ridingCar":0,"ridingTrain":0,"updateMs":0.976,"visible":91,"waitingCar":0,"waitingTrain":0,"walking":341},"plans":0,"population":233146,"railway":{"depots":0,"edgeCount":1269,"editorVisible":false,"lines":[{"enabled":true,"first":480,"id":0,"interval":270.0,"last":1380,"name":"汐淵・鵜池線","next":270.0,"stops":[17680,17681]},{"enabled":true,"first":480,"id":1,"interval":1380.0,"last":1380,"name":"鵜池・常宮線","next":1440.0,"stops":[17681,17743]},{"enabled":true,"first":480,"id":2,"interval":210.0,"last":1380,"name":"常宮・網瀬洗線","next":210.0,"stops":[17743,18160]},{"enabled":true,"first":480,"id":3,"interval":1140.0,"last":1380,"name":"網瀬洗・葦草第3地区線","next":1440.0,"stops":[18160,18212]},{"enabled":true,"first":480,"id":4,"interval":120.0,"last":1380,"name":"葦草第3地区・葦草線","next":120.0,"stops":[18212,18559]},{"enabled":true,"first":480,"id":5,"interval":150.0,"last":1380,"name":"葦草第3地区・葦草第2地区線","next":150.0,"stops":[18212,18574]},{"enabled":true,"first":480,"id":6,"interval":210.0,"last":1380,"name":"葦草第3地区・秋神線","next":210.0,"stops":[18212,18602]},{"enabled":true,"first":480,"id":7,"interval":990.0,"last":1380,"name":"葦草第2地区・玉寺線","next":1440.0,"stops":[18574,18654]}],"message":"","stations":[{"id":17680,"name":"汐淵","position":[62375.3517339767,52.0,53503.86182038857]},{"id":17681,"name":"鵜池","position":[58668.00913071976,43.0,52852.76884116136]},{"id":17743,"name":"常宮","position":[48529.05328003586,69.5,30835.606379331177]},{"id":18160,"name":"網瀬洗","position":[45508.17318802182,48.5,30061.235276059448]},{"id":18212,"name":"葦草第3地区","position":[24688.427373988667,52.0,22959.968090410068]},{"id":18559,"name":"葦草","position":[24090.089516332482,57.0,23697.686613220016]},{"id":18574,"name":"葦草第2地区","position":[23546.43567707546,44.5,24367.98267101535]},{"id":18602,"name":"秋神","position":[23495.00371227449,64.0,19984.44194673403]},{"id":18654,"name":"玉寺","position":[16738.027409982784,50.0,43665.12840887711]}],"trains":[{"id":0,"line":0,"passengers":0,"position":[62364.64445286007,52.0,53462.17735144537],"speed":2.3999998569488525,"state":0,"stopIndex":1},{"id":1,"line":1,"passengers":0,"position":[58589.384874759184,42.652380563843955,52879.41532842659],"speed":2.3999998569488525,"state":0,"stopIndex":1},{"id":2,"line":2,"passengers":0,"position":[48499.05821813552,69.5,30866.4695788021],"speed":2.3999998569488525,"state":0,"stopIndex":1},{"id":3,"line":3,"passengers":0,"position":[45444.70614344761,48.21896940503315,30007.719917036047],"speed":2.3999998569488525,"state":0,"stopIndex":1},{"id":4,"line":4,"passengers":0,"position":[24659.942770952694,52.0,22992.230579617677],"speed":2.3999998569488525,"state":0,"stopIndex":1},{"id":5,"line":5,"passengers":0,"position":[24659.942770952694,52.0,22992.230579617677],"speed":2.3999998569488525,"state":0,"stopIndex":1},{"id":6,"line":6,"passengers":0,"position":[24716.91197702464,52.0,22927.70560120246],"speed":2.3999998569488525,"state":0,"stopIndex":1},{"id":7,"line":7,"passengers":0,"position":[23492.755045342943,44.253786619728,24431.31051373995],"speed":2.3999998569488525,"state":0,"stopIndex":1}]},"renderMs":215.776,"selectionId":-1,"selectionKind":0,"signalsMs":0.0,"sound":{"enginePitch":1.0,"enginePlaying":false,"events":0,"outputPeak":0.0,"volume":0.6},"textInput":false,"timeSpeed":0,"townLabels":[{"anchor":[640.0,251.29129028320313],"bounds":[591.91015625,197.29129028320313,96.1796875,45.0],"name":"葦草市"}],"traffic":{"accessPoints":22248,"cars":616,"completed":0,"localCars":616,"localTarget":2400,"routeFailures":0,"spawned":616,"stopped":38,"updateMs":2.178336},"zone":2,"zoneBrush":1,"zoneCells":[{"angle":0.0,"building":0,"builtAt":0.0,"edge":-1,"offsetX":0.0,"offsetZ":0.0,"x":24120.0,"z":23640.0,"zone":4},{"angle":0.0,"building":0,"builtAt":0.0,"edge":-1,"offsetX":0.0,"offsetZ":0.0,"x":24136.0,"z":23640.0,"zone":4},{"angle":0.0,"building":0,"builtAt":0.0,"edge":-1,"offsetX":0.0,"offsetZ":0.0,"x":24152.0,"z":23640.0,"zone":4},{"angle":0.0,"building":0,"builtAt":0.0,"edge":-1,"offsetX":0.0,"offsetZ":0.0,"x":24168.0,"z":23640.0,"zone":4},{"angle":0.0,"building":0,"builtAt":0.0,"edge":-1,"offsetX":0.0,"offsetZ":0.0,"x":24184.0,"z":23640.0,"zone":4},{"angle":0.0,"building":0,"builtAt":0.0,"edge":-1,"offsetX":0.0,"offsetZ":0.0,"x":24200.0,"z":23640.0,"zone":4},{"angle":0.6814517378807068,"building":3,"builtAt":0.0,"edge":13314,"offsetX":-6.154789924621582,"offsetZ":2.631941318511963,"x":24216.0,"z":23640.0,"zone":4},{"angle":-2.4601409435272217,"building":5,"builtAt":0.0,"edge":13314,"offsetX":1.7993983030319214,"offsetZ":-6.419382572174072,"x":24232.0,"z":23640.0,"zone":4},{"angle":-2.4601409435272217,"building":2,"builtAt":0.0,"edge":13314,"offsetX":-4.645404815673828,"offsetZ":2.2820231914520264,"x":24248.0,"z":23640.0,"zone":3},{"angle":2.2522480487823486,"building":2,"builtAt":0.0,"edge":12908,"offsetX":-0.9939571022987366,"offsetZ":-0.4058094918727875,"x":24264.0,"z":23640.0,"zone":3},{"angle":-0.8893446326255798,"building":22,"builtAt":0.0,"edge":12908,"offsetX":7.369441032409668,"offsetZ":2.337386131286621,"x":24280.0,"z":23640.0,"zone":3},{"angle":-0.8893446326255798,"building":1,"builtAt":0.0,"edge":12908,"offsetX":7.765885353088379,"offsetZ":-1.3827219009399414,"x":24296.0,"z":23640.0,"zone":3},{"angle":0.681451678276062,"building":22,"builtAt":0.0,"edge":13331,"offsetX":6.7182936668396,"offsetZ":-6.901335716247559,"x":24312.0,"z":23640.0,"zone":3},{"angle":0.6814517378807068,"building":22,"builtAt":0.0,"edge":13331,"offsetX":4.2420973777771,"offsetZ":4.102306365966797,"x":24328.0,"z":23640.0,"zone":3},{"angle":0.0,"building":0,"builtAt":0.0,"edge":-1,"offsetX":0.0,"offsetZ":0.0,"x":24344.0,"z":23640.0,"zone":3},{"angle":0.0,"building":0,"builtAt":0.0,"edge":-1,"offsetX":0.0,"offsetZ":0.0,"x":24360.0,"z":23640.0,"zone":3},{"angle":-2.4601409435272217,"building":1,"builtAt":0.0,"edge":13332,"offsetX":4.055675029754639,"offsetZ":3.697913408279419,"x":24376.0,"z":23640.0,"zone":3},{"angle":0.0,"building":0,"builtAt":0.0,"edge":-1,"offsetX":0.0,"offsetZ":0.0,"x":24120.0,"z":23656.0,"zone":4},{"angle":0.0,"building":0,"builtAt":0.0,"edge":-1,"offsetX":0.0,"offsetZ":0.0,"x":24136.0,"z":23656.0,"zone":4},{"angle":0.0,"building":0,"builtAt":0.0,"edge":-1,"offsetX":0.0,"offsetZ":0.0,"x":24152.0,"z":23656.0,"zone":4},{"angle":0.0,"building":0,"builtAt":0.0,"edge":-1,"offsetX":0.0,"offsetZ":0.0,"x":24168.0,"z":23656.0,"zone":4},{"angle":0.0,"building":0,"builtAt":0.0,"edge":-1,"offsetX":0.0,"offsetZ":0.0,"x":24184.0,"z":23656.0,"zone":4},{"angle":0.0,"building":0,"builtAt":0.0,"edge":-1,"offsetX":0.0,"offsetZ":0.0,"x":24200.0,"z":23656.0,"zone":4},{"angle":0.0,"building":0,"builtAt":0.0,"edge":-1,"offsetX":0.0,"offsetZ":0.0,"x":24216.0,"z":23656.0,"zone":4},{"angle":0.6814517378807068,"building":6,"builtAt":0.0,"edge":13314,"offsetX":-2.1298155784606934,"offsetZ":2.907579183578491,"x":24232.0,"z":23656.0,"zone":4},{"angle":-2.4601409435272217,"building":1,"builtAt":0.0,"edge":13314,"offsetX":4.912838459014893,"offsetZ":-5.019872188568115,"x":24248.0,"z":23656.0,"zone":3},{"angle":-0.8893446326255798,"building":22,"builtAt":0.0,"edge":12908,"offsetX":6.674298286437988,"offsetZ":6.832339286804199,"x":24264.0,"z":23656.0,"zone":3},{"angle":-0.8893446326255798,"building":1,"builtAt":0.0,"edge":12908,"offsetX":-2.0072314739227295,"offsetZ":-4.2505974769592285,"x":24280.0,"z":23656.0,"zone":3},{"angle":-0.8893446326255798,"building":2,"builtAt":0.0,"edge":12908,"offsetX":0.8446816802024841,"offsetZ":-5.977575778961182,"x":24296.0,"z":23656.0,"zone":3},{"angle":2.2522480487823486,"building":2,"builtAt":0.0,"edge":12932,"offsetX":-5.701622486114502,"offsetZ":1.6881537437438965,"x":24312.0,"z":23656.0,"zone":3},{"angle":0.0,"building":0,"builtAt":0.0,"edge":-1,"offsetX":0.0,"offsetZ":0.0,"x":24328.0,"z":23656.0,"zone":3},{"angle":0.0,"building":0,"builtAt":0.0,"edge":-1,"offsetX":0.0,"offsetZ":0.0,"x":24344.0,"z":23656.0,"zone":3},{"angle":0.0,"building":0,"builtAt":0.0,"edge":-1,"offsetX":0.0,"offsetZ":0.0,"x":24360.0,"z":23656.0,"zone":3},{"angle":-2.4601409435272217,"building":1,"builtAt":0.0,"edge":13332,"offsetX":-2.369521141052246,"offsetZ":-4.38016414642334,"x":24376.0,"z":23656.0,"zone":3},{"angle":0.0,"building":0,"builtAt":0.0,"edge":-1,"offsetX":0.0,"offsetZ":0.0,"x":24120.0,"z":23672.0,"zone":0},{"angle":0.0,"building":0,"builtAt":0.0,"edge":-1,"offsetX":0.0,"offsetZ":0.0,"x":24136.0,"z":23672.0,"zone":4},{"angle":0.0,"building":0,"builtAt":0.0,"edge":-1,"offsetX":0.0,"offsetZ":0.0,"x":24152.0,"z":23672.0,"zone":4},{"angle":0.0,"building":0,"builtAt":0.0,"edge":-1,"offsetX":0.0,"offsetZ":0.0,"x":24168.0,"z":23672.0,"zone":4},{"angle":0.0,"building":0,"builtAt":0.0,"edge":-1,"offsetX":0.0,"offsetZ":0.0,"x":24184.0,"z":23672.0,"zone":4},{"angle":0.0,"building":0,"builtAt":0.0,"edge":-1,"offsetX":0.0,"offsetZ":0.0,"x":24200.0,"z":23672.0,"zone":4},{"angle":0.0,"building":0,"builtAt":0.0,"edge":-1,"offsetX":0.0,"offsetZ":0.0,"x":24216.0,"z":23672.0,"zone":4},{"angle":0.0,"building":0,"builtAt":0.0,"edge":-1,"offsetX":0.0,"offsetZ":0.0,"x":24232.0,"z":23672.0,"zone":4},{"angle":0.0,"building":0,"builtAt":0.0,"edge":-1,"offsetX":0.0,"offsetZ":0.0,"x":24248.0,"z":23672.0,"zone":4},{"angle":0.681451678276062,"building":2,"builtAt":0.0,"edge":13315,"offsetX":-6.2566328048706055,"offsetZ":7.641294956207275,"x":24264.0,"z":23672.0,"zone":3},{"angle":-2.4601409435272217,"building":2,"builtAt":0.0,"edge":13315,"offsetX":4.3646721839904785,"offsetZ":3.455223321914673,"x":24280.0,"z":23672.0,"zone":3},{"angle":-2.4601409435272217,"building":2,"builtAt":0.0,"edge":13315,"offsetX":-4.265249729156494,"offsetZ":-5.631687641143799,"x":24296.0,"z":23672.0,"zone":3},{"angle":2.2522480487823486,"building":22,"builtAt":0.0,"edge":12932,"offsetX":3.77361798286438,"offsetZ":-6.626807689666748,"x":24312.0,"z":23672.0,"zone":3},{"angle":0.0,"building":0,"builtAt":0.0,"edge":-1,"offsetX":0.0,"offsetZ":0.0,"x":24328.0,"z":23672.0,"zone":3},{"angle":0.0,"building":0,"builtAt":0.0,"edge":-1,"offsetX":0.0,"offsetZ":0.0,"x":24344.0,"z":23672.0,"zone":3},{"angle":-0.8893446326255798,"building":2,"builtAt":0.0,"edge":12932,"offsetX":-4.96362829208374,"offsetZ":0.1304757297039032,"x":24360.0,"z":23672.0,"zone":3},{"angle":0.6814517378807068,"building":5,"builtAt":0.0,"edge":13332,"offsetX":-2.546783685684204,"offsetZ":5.799036502838135,"x":24376.0,"z":23672.0,"zone":3},{"angle":0.0,"building":0,"builtAt":0.0,"edge":-1,"offsetX":0.0,"offsetZ":0.0,"x":24120.0,"z":23688.0,"zone":0},{"angle":0.0,"building":0,"builtAt":0.0,"edge":-1,"offsetX":0.0,"offsetZ":0.0,"x":24136.0,"z":23688.0,"zone":0},{"angle":0.0,"building":0,"builtAt":0.0,"edge":-1,"offsetX":0.0,"offsetZ":0.0,"x":24152.0,"z":23688.0,"zone":4},{"angle":-2.4601409435272217,"building":4,"builtAt":0.0,"edge":13297,"offsetX":3.924286365509033,"offsetZ":0.052965693175792694,"x":24168.0,"z":23688.0,"zone":4},{"angle":0.0,"building":0,"builtAt":0.0,"edge":-1,"offsetX":0.0,"offsetZ":0.0,"x":24184.0,"z":23688.0,"zone":4},{"angle":0.0,"building":0,"builtAt":0.0,"edge":-1,"offsetX":0.0,"offsetZ":0.0,"x":24200.0,"z":23688.0,"zone":4},{"angle":0.0,"building":0,"builtAt":0.0,"edge":-1,"offsetX":0.0,"offsetZ":0.0,"x":24216.0,"z":23688.0,"zone":4},{"angle":2.2522480487823486,"building":3,"builtAt":0.0,"edge":13917,"offsetX":-5.8597187995910645,"offsetZ":-5.19177770614624,"x":24232.0,"z":23688.0,"zone":4},{"angle":0.0,"building":0,"builtAt":0.0,"edge":-1,"offsetX":0.0,"offsetZ":0.0,"x":24248.0,"z":23688.0,"zone":4},{"angle":0.681451678276062,"building":1,"builtAt":0.0,"edge":13315,"offsetX":8.20810604095459,"offsetZ":2.443617820739746,"x":24264.0,"z":23688.0,"zone":3},{"angle":0.0,"building":0,"builtAt":0.0,"edge":-1,"offsetX":0.0,"offsetZ":0.0,"x":24280.0,"z":23688.0,"zone":3},{"angle":-2.4601409435272217,"building":22,"builtAt":0.0,"edge":13315,"offsetX":2.7603297233581543,"offsetZ":-1.6592320203781128,"x":24296.0,"z":23688.0,"zone":3},{"angle":0.0,"building":0,"builtAt":0.0,"edge":-1,"offsetX":0.0,"offsetZ":0.0,"x":24312.0,"z":23688.0,"zone":3},{"angle":0.0,"building":0,"builtAt":0.0,"edge":-1,"offsetX":0.0,"offsetZ":0.0,"x":24328.0,"z":23688.0,"zone":3},{"angle":-0.8893446326255798,"building":5,"builtAt":0.0,"edge":12932,"offsetX":-0.6748335361480713,"offsetZ":-0.2807047367095947,"x":24344.0,"z":23688.0,"zone":3},{"angle":0.0,"building":0,"builtAt":0.0,"edge":-1,"offsetX":0.0,"offsetZ":0.0,"x":24360.0,"z":23688.0,"zone":3},{"angle":0.0,"building":0,"builtAt":0.0,"edge":-1,"offsetX":0.0,"offsetZ":0.0,"x":24376.0,"z":23688.0,"zone":3},{"angle":0.0,"building":0,"builtAt":0.0,"edge":-1,"offsetX":0.0,"offsetZ":0.0,"x":24120.0,"z":23704.0,"zone":0},{"angle":0.0,"building":0,"builtAt":0.0,"edge":-1,"offsetX":0.0,"offsetZ":0.0,"x":24136.0,"z":23704.0,"zone":4},{"angle":0.0,"building":0,"builtAt":0.0,"edge":-1,"offsetX":0.0,"offsetZ":0.0,"x":24152.0,"z":23704.0,"zone":4},{"angle":0.0,"building":0,"builtAt":0.0,"edge":-1,"offsetX":0.0,"offsetZ":0.0,"x":24168.0,"z":23704.0,"zone":4},{"angle":0.0,"building":0,"builtAt":0.0,"edge":-1,"offsetX":0.0,"offsetZ":0.0,"x":24184.0,"z":23704.0,"zone":4},{"angle":0.0,"building":0,"builtAt":0.0,"edge":-1,"offsetX":0.0,"offsetZ":0.0,"x":24200.0,"z":23704.0,"zone":4},{"angle":2.2522480487823486,"building":5,"builtAt":0.0,"edge":13916,"offsetX":-2.0915510654449463,"offsetZ":-4.87722110748291,"x":24216.0,"z":23704.0,"zone":4},{"angle":0.6814517378807068,"building":5,"builtAt":0.0,"edge":13920,"offsetX":-1.634013295173645,"offsetZ":8.299647331237793,"x":24232.0,"z":23704.0,"zone":4},{"angle":-2.4601409435272217,"building":5,"builtAt":0.0,"edge":13920,"offsetX":-5.114144802093506,"offsetZ":-7.136678695678711,"x":24248.0,"z":23704.0,"zone":4},{"angle":-2.4601409435272217,"building":1,"builtAt":0.0,"edge":13920,"offsetX":-7.655171871185303,"offsetZ":5.670788288116455,"x":24264.0,"z":23704.0,"zone":3},{"angle":2.2522480487823486,"building":1,"builtAt":0.0,"edge":13919,"offsetX":-0.2724016010761261,"offsetZ":8.086161613464355,"x":24280.0,"z":23704.0,"zone":3},{"angle":0.0,"building":0,"builtAt":0.0,"edge":-1,"offsetX":0.0,"offsetZ":0.0,"x":24296.0,"z":23704.0,"zone":3},{"angle":0.0,"building":0,"builtAt":0.0,"edge":-1,"offsetX":0.0,"offsetZ":0.0,"x":24312.0,"z":23704.0,"zone":3},{"angle":-0.8893445730209351,"building":2,"builtAt":0.0,"edge":12932,"offsetX":2.4476945400238037,"offsetZ":-1.6342653036117554,"x":24328.0,"z":23704.0,"zone":3},{"angle":-2.4601409435272217,"building":22,"builtAt":0.0,"edge":13316,"offsetX":3.705528974533081,"offsetZ":5.544941425323486,"x":24344.0,"z":23704.0,"zone":3},{"angle":-2.4601409435272217,"building":22,"builtAt":0.0,"edge":13316,"offsetX":-4.294471740722656,"offsetZ":-4.318628787994385,"x":24360.0,"z":23704.0,"zone":3},{"angle":2.2522480487823486,"building":1,"builtAt":0.0,"edge":12956,"offsetX":0.7640894055366516,"offsetZ":-0.11544811725616455,"x":24376.0,"z":23704.0,"zone":3},{"angle":0.0,"building":0,"builtAt":0.0,"edge":-1,"offsetX":0.0,"offsetZ":0.0,"x":24120.0,"z":23720.0,"zone":4},{"angle":0.0,"building":0,"builtAt":0.0,"edge":-1,"offsetX":0.0,"offsetZ":0.0,"x":24136.0,"z":23720.0,"zone":4},{"angle":0.0,"building":0,"builtAt":0.0,"edge":-1,"offsetX":0.0,"offsetZ":0.0,"x":24152.0,"z":23720.0,"zone":4},{"angle":0.6814517378807068,"building":3,"builtAt":0.0,"edge":13297,"offsetX":-5.06278133392334,"offsetZ":-1.243548035621643,"x":24168.0,"z":23720.0,"zone":4},{"angle":0.0,"building":0,"builtAt":0.0,"edge":-1,"offsetX":0.0,"offsetZ":0.0,"x":24184.0,"z":23720.0,"zone":4},{"angle":-2.4601409435272217,"building":5,"builtAt":0.0,"edge":13297,"offsetX":0.2806078791618347,"offsetZ":-8.037710189819336,"x":24200.0,"z":23720.0,"zone":4},{"angle":0.0,"building":0,"builtAt":0.0,"edge":-1,"offsetX":0.0,"offsetZ":0.0,"x":24216.0,"z":23720.0,"zone":4},{"angle":0.0,"building":0,"builtAt":0.0,"edge":-1,"offsetX":0.0,"offsetZ":0.0,"x":24232.0,"z":23720.0,"zone":4},{"angle":0.681451678276062,"building":6,"builtAt":0.0,"edge":13920,"offsetX":-3.741565465927124,"offsetZ":4.572664737701416,"x":24248.0,"z":23720.0,"zone":4},{"angle":-2.4601409435272217,"building":2,"builtAt":0.0,"edge":13920,"offsetX":7.220584869384766,"offsetZ":0.729030430316925,"x":24264.0,"z":23720.0,"zone":3},{"angle":0.0,"building":0,"builtAt":0.0,"edge":-1,"offsetX":0.0,"offsetZ":0.0,"x":24280.0,"z":23720.0,"zone":3},{"angle":0.0,"building":0,"builtAt":0.0,"edge":-1,"offsetX":0.0,"offsetZ":0.0,"x":24296.0,"z":23720.0,"zone":3},{"angle":0.0,"building":0,"builtAt":0.0,"edge":-1,"offsetX":0.0,"offsetZ":0.0,"x":24312.0,"z":23720.0,"zone":3},{"angle":0.0,"building":0,"builtAt":0.0,"edge":-1,"offsetX":0.0,"offsetZ":0.0,"x":24328.0,"z":23720.0,"zone":3},{"angle":-2.4601409435272217,"building":22,"builtAt":0.0,"edge":13316,"offsetX":-4.294470310211182,"offsetZ":-0.5914881825447083,"x":24344.0,"z":23720.0,"zone":3},{"angle":2.2522480487823486,"building":1,"builtAt":0.0,"edge":12956,"offsetX":6.0577712059021,"offsetZ":-2.885031223297119,"x":24360.0,"z":23720.0,"zone":3},{"angle":0.0,"building":0,"builtAt":0.0,"edge":-1,"offsetX":0.0,"offsetZ":0.0,"x":24376.0,"z":23720.0,"zone":3},{"angle":0.0,"building":0,"builtAt":0.0,"edge":-1,"offsetX":0.0,"offsetZ":0.0,"x":24120.0,"z":23736.0,"zone":4},{"angle":0.6814517378807068,"building":3,"builtAt":0.0,"edge":13867,"offsetX":-7.419148921966553,"offsetZ":6.490680694580078,"x":24136.0,"z":23736.0,"zone":4},{"angle":-2.4601409435272217,"building":5,"builtAt":0.0,"edge":13867,"offsetX":-0.24337363243103027,"offsetZ":-0.9350773096084595,"x":24152.0,"z":23736.0,"zone":4},{"angle":-2.4601409435272217,"building":3,"builtAt":0.0,"edge":13867,"offsetX":-5.412522315979004,"offsetZ":6.861746788024902,"x":24168.0,"z":23736.0,"zone":4},{"angle":0.6814517378807068,"building":4,"builtAt":0.0,"edge":13297,"offsetX":-1.8821852207183838,"offsetZ":-1.6439602375030518,"x":24184.0,"z":23736.0,"zone":4},{"angle":0.0,"building":0,"builtAt":0.0,"edge":-1,"offsetX":0.0,"offsetZ":0.0,"x":24200.0,"z":23736.0,"zone":4},{"angle":-2.4601409435272217,"building":5,"builtAt":0.0,"edge":13298,"offsetX":5.143284320831299,"offsetZ":-7.1722412109375,"x":24216.0,"z":23736.0,"zone":4},{"angle":-2.460233211517334,"building":3,"builtAt":0.0,"edge":13298,"offsetX":2.5121841430664063,"offsetZ":2.666759967803955,"x":24232.0,"z":23736.0,"zone":4},{"angle":0.0,"building":0,"builtAt":0.0,"edge":-1,"offsetX":0.0,"offsetZ":0.0,"x":24248.0,"z":23736.0,"zone":4},{"angle":0.6814517378807068,"building":2,"builtAt":0.0,"edge":13920,"offsetX":-4.435221195220947,"offsetZ":-0.899985134601593,"x":24264.0,"z":23736.0,"zone":3},{"angle":0.0,"building":0,"builtAt":0.0,"edge":-1,"offsetX":0.0,"offsetZ":0.0,"x":24280.0,"z":23736.0,"zone":3},{"angle":-2.4601409435272217,"building":1,"builtAt":0.0,"edge":13968,"offsetX":2.2388463020324707,"offsetZ":7.524049758911133,"x":24296.0,"z":23736.0,"zone":3},{"angle":-0.8893445730209351,"building":22,"builtAt":0.0,"edge":13919,"offsetX":-6.010221481323242,"offsetZ":-2.613496780395508,"x":24312.0,"z":23736.0,"zone":3},{"angle":0.6814517378807068,"building":12,"builtAt":0.0,"edge":13316,"offsetX":-2.7718558311462402,"offsetZ":1.2583520412445068,"x":24328.0,"z":23736.0,"zone":4},{"angle":0.0,"building":0,"builtAt":0.0,"edge":-1,"offsetX":0.0,"offsetZ":0.0,"x":24344.0,"z":23736.0,"zone":3},{"angle":2.2522480487823486,"building":1,"builtAt":0.0,"edge":12956,"offsetX":-4.649094581604004,"offsetZ":-5.657011032104492,"x":24360.0,"z":23736.0,"zone":3},{"angle":-0.8893445730209351,"building":22,"builtAt":0.0,"edge":12956,"offsetX":5.839900016784668,"offsetZ":-6.084694862365723,"x":24376.0,"z":23736.0,"zone":3},{"angle":-2.4601409435272217,"building":3,"builtAt":0.0,"edge":13279,"offsetX":-3.748300790786743,"offsetZ":6.224560260772705,"x":24120.0,"z":23752.0,"zone":4},{"angle":0.6814517378807068,"building":5,"builtAt":0.0,"edge":13867,"offsetX":3.3918111324310303,"offsetZ":-1.6899226903915405,"x":24136.0,"z":23752.0,"zone":4},{"angle":0.0,"building":0,"builtAt":0.0,"edge":-1,"offsetX":0.0,"offsetZ":0.0,"x":24152.0,"z":23752.0,"zone":4},{"angle":0.0,"building":0,"builtAt":0.0,"edge":-1,"offsetX":0.0,"offsetZ":0.0,"x":24168.0,"z":23752.0,"zone":4},{"angle":0.0,"building":0,"builtAt":0.0,"edge":-1,"offsetX":0.0,"offsetZ":0.0,"x":24184.0,"z":23752.0,"zone":4},{"angle":0.681451678276062,"building":3,"builtAt":0.0,"edge":13298,"offsetX":2.926199197769165,"offsetZ":-0.7115504145622253,"x":24200.0,"z":23752.0,"zone":4},{"angle":0.0,"building":0,"builtAt":0.0,"edge":-1,"offsetX":0.0,"offsetZ":0.0,"x":24216.0,"z":23752.0,"zone":4},{"angle":0.0,"building":0,"builtAt":0.0,"edge":-1,"offsetX":0.0,"offsetZ":0.0,"x":24232.0,"z":23752.0,"zone":4},{"angle":-2.4601409435272217,"building":1,"builtAt":0.0,"edge":13298,"offsetX":-2.0073091983795166,"offsetZ":-1.165961503982544,"x":24248.0,"z":23752.0,"zone":3},{"angle":0.0,"building":0,"builtAt":0.0,"edge":-1,"offsetX":0.0,"offsetZ":0.0,"x":24264.0,"z":23752.0,"zone":3},{"angle":0.0,"building":0,"builtAt":0.0,"edge":-1,"offsetX":0.0,"offsetZ":0.0,"x":24280.0,"z":23752.0,"zone":3},{"angle":0.0,"building":0,"builtAt":0.0,"edge":-1,"offsetX":0.0,"offsetZ":0.0,"x":24296.0,"z":23752.0,"zone":3},{"angle":-2.4601409435272217,"building":3,"builtAt":0.0,"edge":13968,"offsetX":1.053743839263916,"offsetZ":0.6007509827613831,"x":24312.0,"z":23752.0,"zone":3},{"angle":0.0,"building":0,"builtAt":0.0,"edge":-1,"offsetX":0.0,"offsetZ":0.0,"x":24328.0,"z":23752.0,"zone":3},{"angle":2.2522480487823486,"building":2,"builtAt":0.0,"edge":13967,"offsetX":-4.315062999725342,"offsetZ":-3.4956400394439697,"x":24344.0,"z":23752.0,"zone":3},{"angle":0.0,"building":0,"builtAt":0.0,"edge":-1,"offsetX":0.0,"offsetZ":0.0,"x":24360.0,"z":23752.0,"zone":3},{"angle":0.0,"building":0,"builtAt":0.0,"edge":-1,"offsetX":0.0,"offsetZ":0.0,"x":24376.0,"z":23752.0,"zone":3},{"angle":0.0,"building":0,"builtAt":0.0,"edge":-1,"offsetX":0.0,"offsetZ":0.0,"x":24120.0,"z":23768.0,"zone":4},{"angle":-2.4601409435272217,"building":3,"builtAt":0.0,"edge":13279,"offsetX":-0.5094721913337708,"offsetZ":5.790102958679199,"x":24136.0,"z":23768.0,"zone":4},{"angle":2.2522480487823486,"building":5,"builtAt":0.0,"edge":13865,"offsetX":7.266846179962158,"offsetZ":-1.4373905658721924,"x":24152.0,"z":23768.0,"zone":4},{"angle":0.0,"building":0,"builtAt":0.0,"edge":-1,"offsetX":0.0,"offsetZ":0.0,"x":24168.0,"z":23768.0,"zone":4},{"angle":0.0,"building":0,"builtAt":0.0,"edge":-1,"offsetX":0.0,"offsetZ":0.0,"x":24184.0,"z":23768.0,"zone":4},{"angle":-2.4601409435272217,"building":6,"builtAt":0.0,"edge":13915,"offsetX":-1.9083874225616455,"offsetZ":3.561483383178711,"x":24200.0,"z":23768.0,"zone":4},{"angle":0.6815438866615295,"building":3,"builtAt":0.0,"edge":13298,"offsetX":-0.21514147520065308,"offsetZ":-6.243448257446289,"x":24216.0,"z":23768.0,"zone":4},{"angle":0.681451678276062,"building":5,"builtAt":0.0,"edge":13298,"offsetX":-2.885098934173584,"offsetZ":3.6434497833251953,"x":24232.0,"z":23768.0,"zone":4},{"angle":0.0,"building":0,"builtAt":0.0,"edge":-1,"offsetX":0.0,"offsetZ":0.0,"x":24248.0,"z":23768.0,"zone":3},{"angle":0.0,"building":0,"builtAt":0.0,"edge":-1,"offsetX":0.0,"offsetZ":0.0,"x":24264.0,"z":23768.0,"zone":3},{"angle":-0.8893445730209351,"building":2,"builtAt":0.0,"edge":13918,"offsetX":-1.1191508769989014,"offsetZ":-2.1868975162506104,"x":24280.0,"z":23768.0,"zone":3},{"angle":0.6814517378807068,"building":22,"builtAt":0.0,"edge":13968,"offsetX":3.9528307914733887,"offsetZ":0.7534745335578918,"x":24296.0,"z":23768.0,"zone":3},{"angle":0.0,"building":0,"builtAt":0.0,"edge":-1,"offsetX":0.0,"offsetZ":0.0,"x":24312.0,"z":23768.0,"zone":3},{"angle":2.2522480487823486,"building":22,"builtAt":0.0,"edge":13967,"offsetX":-0.9848089218139648,"offsetZ":-4.811123847961426,"x":24328.0,"z":23768.0,"zone":3},{"angle":0.0,"building":0,"builtAt":0.0,"edge":-1,"offsetX":0.0,"offsetZ":0.0,"x":24344.0,"z":23768.0,"zone":3},{"angle":-0.8893446326255798,"building":2,"builtAt":0.0,"edge":13967,"offsetX":-4.501984119415283,"offsetZ":-6.670202255249023,"x":24360.0,"z":23768.0,"zone":3},{"angle":0.0,"building":0,"builtAt":0.0,"edge":-1,"offsetX":0.0,"offsetZ":0.0,"x":24376.0,"z":23768.0,"zone":3},{"angle":0.0,"building":0,"builtAt":0.0,"edge":-1,"offsetX":0.0,"offsetZ":0.0,"x":24120.0,"z":23784.0,"zone":4},{"angle":0.0,"building":0,"builtAt":0.0,"edge":-1,"offsetX":0.0,"offsetZ":0.0,"x":24136.0,"z":23784.0,"zone":4},{"angle":0.0,"building":0,"builtAt":0.0,"edge":-1,"offsetX":0.0,"offsetZ":0.0,"x":24152.0,"z":23784.0,"zone":4},{"angle":0.0,"building":0,"builtAt":0.0,"edge":-1,"offsetX":0.0,"offsetZ":0.0,"x":24168.0,"z":23784.0,"zone":4},{"angle":0.6814517378807068,"building":3,"builtAt":0.0,"edge":13915,"offsetX":0.6661999225616455,"offsetZ":4.114297866821289,"x":24184.0,"z":23784.0,"zone":4},{"angle":0.0,"building":0,"builtAt":0.0,"edge":-1,"offsetX":0.0,"offsetZ":0.0,"x":24200.0,"z":23784.0,"zone":4},{"angle":-2.4601409435272217,"building":5,"builtAt":0.0,"edge":13915,"offsetX":1.0855088233947754,"offsetZ":3.8696868419647217,"x":24216.0,"z":23784.0,"zone":4},{"angle":0.0,"building":0,"builtAt":0.0,"edge":-1,"offsetX":0.0,"offsetZ":0.0,"x":24232.0,"z":23784.0,"zone":3},{"angle":0.0,"building":0,"builtAt":0.0,"edge":-1,"offsetX":0.0,"offsetZ":0.0,"x":24248.0,"z":23784.0,"zone":3},{"angle":0.0,"building":0,"builtAt":0.0,"edge":-1,"offsetX":0.0,"offsetZ":0.0,"x":24264.0,"z":23784.0,"zone":3},{"angle":-2.4601409435272217,"building":22,"builtAt":0.0,"edge":13299,"offsetX":7.2005839347839355,"offsetZ":-1.6012420654296875,"x":24280.0,"z":23784.0,"zone":3},{"angle":0.0,"building":0,"builtAt":0.0,"edge":-1,"offsetX":0.0,"offsetZ":0.0,"x":24296.0,"z":23784.0,"zone":3},{"angle":2.2522480487823486,"building":1,"builtAt":0.0,"edge":13966,"offsetX":1.771888256072998,"offsetZ":-2.302941083908081,"x":24312.0,"z":23784.0,"zone":3},{"angle":0.0,"building":0,"builtAt":0.0,"edge":-1,"offsetX":0.0,"offsetZ":0.0,"x":24328.0,"z":23784.0,"zone":3},{"angle":-0.8893445730209351,"building":22,"builtAt":0.0,"edge":13967,"offsetX":-0.24460944533348083,"offsetZ":-7.233728885650635,"x":24344.0,"z":23784.0,"zone":3},{"angle":-0.8893445730209351,"building":2,"builtAt":0.0,"edge":13967,"offsetX":-6.769368648529053,"offsetZ":0.4513097405433655,"x":24360.0,"z":23784.0,"zone":3},{"angle":0.0,"building":0,"builtAt":0.0,"edge":-1,"offsetX":0.0,"offsetZ":0.0,"x":24376.0,"z":23784.0,"zone":3},{"angle":0.0,"building":0,"builtAt":0.0,"edge":-1,"offsetX":0.0,"offsetZ":0.0,"x":24120.0,"z":23800.0,"zone":4},{"angle":0.6814517378807068,"building":6,"builtAt":0.0,"edge":13279,"offsetX":-8.264117240905762,"offsetZ":2.9963388442993164,"x":24136.0,"z":23800.0,"zone":4},{"angle":0.0,"building":0,"builtAt":0.0,"edge":-1,"offsetX":0.0,"offsetZ":0.0,"x":24152.0,"z":23800.0,"zone":4},{"angle":-2.4601409435272217,"building":5,"builtAt":0.0,"edge":13280,"offsetX":-4.052818298339844,"offsetZ":-2.2388317584991455,"x":24168.0,"z":23800.0,"zone":4},{"angle":0.0,"building":0,"builtAt":0.0,"edge":-1,"offsetX":0.0,"offsetZ":0.0,"x":24184.0,"z":23800.0,"zone":4},{"angle":0.0,"building":0,"builtAt":0.0,"edge":-1,"offsetX":0.0,"offsetZ":0.0,"x":24200.0,"z":23800.0,"zone":4},{"angle":0.0,"building":0,"builtAt":0.0,"edge":-1,"offsetX":0.0,"offsetZ":0.0,"x":24216.0,"z":23800.0,"zone":4},{"angle":0.0,"building":0,"builtAt":0.0,"edge":-1,"offsetX":0.0,"offsetZ":0.0,"x":24232.0,"z":23800.0,"zone":3},{"angle":-0.8893446326255798,"building":1,"builtAt":0.0,"edge":13914,"offsetX":2.387336492538452,"offsetZ":-0.28208649158477783,"x":24248.0,"z":23800.0,"zone":3},{"angle":0.6814517378807068,"building":22,"builtAt":0.0,"edge":13299,"offsetX":5.44967794418335,"offsetZ":4.28467321395874,"x":24264.0,"z":23800.0,"zone":3},{"angle":0.0,"building":0,"builtAt":0.0,"edge":-1,"offsetX":0.0,"offsetZ":0.0,"x":24280.0,"z":23800.0,"zone":3},{"angle":-2.4601409435272217,"building":2,"builtAt":0.0,"edge":13299,"offsetX":2.683525323867798,"offsetZ":-7.5707688331604,"x":24296.0,"z":23800.0,"zone":3},{"angle":-0.8893446326255798,"building":2,"builtAt":0.0,"edge":13966,"offsetX":6.448672294616699,"offsetZ":6.9481964111328125,"x":24312.0,"z":23800.0,"zone":3},{"angle":-0.8893445730209351,"building":1,"builtAt":0.0,"edge":13966,"offsetX":0.3710009455680847,"offsetZ":-6.4621076583862305,"x":24328.0,"z":23800.0,"zone":3},{"angle":-0.8893445730209351,"building":2,"builtAt":0.0,"edge":13966,"offsetX":-7.124582290649414,"offsetZ":0.4355294704437256,"x":24344.0,"z":23800.0,"zone":3},{"angle":0.0,"building":0,"builtAt":0.0,"edge":-1,"offsetX":0.0,"offsetZ":0.0,"x":24360.0,"z":23800.0,"zone":3},{"angle":2.2522480487823486,"building":22,"builtAt":0.0,"edge":12975,"offsetX":2.174591064453125,"offsetZ":5.0905256271362305,"x":24376.0,"z":23800.0,"zone":3},{"angle":0.0,"building":0,"builtAt":0.0,"edge":-1,"offsetX":0.0,"offsetZ":0.0,"x":24120.0,"z":23816.0,"zone":4},{"angle":0.0,"building":0,"builtAt":0.0,"edge":-1,"offsetX":0.0,"offsetZ":0.0,"x":24136.0,"z":23816.0,"zone":4},{"angle":0.6814517378807068,"building":3,"builtAt":0.0,"edge":13280,"offsetX":-5.007656097412109,"offsetZ":2.665574073791504,"x":24152.0,"z":23816.0,"zone":4},{"angle":0.0,"building":0,"builtAt":0.0,"edge":-1,"offsetX":0.0,"offsetZ":0.0,"x":24168.0,"z":23816.0,"zone":4},{"angle":0.0,"building":0,"builtAt":0.0,"edge":-1,"offsetX":0.0,"offsetZ":0.0,"x":24184.0,"z":23816.0,"zone":4},{"angle":2.2522480487823486,"building":5,"builtAt":0.0,"edge":13913,"offsetX":-3.499864339828491,"offsetZ":-3.5717880725860596,"x":24200.0,"z":23816.0,"zone":4},{"angle":0.0,"building":0,"builtAt":0.0,"edge":-1,"offsetX":0.0,"offsetZ":0.0,"x":24216.0,"z":23816.0,"zone":3},{"angle":0.0,"building":0,"builtAt":0.0,"edge":-1,"offsetX":0.0,"offsetZ":0.0,"x":24232.0,"z":23816.0,"zone":3},{"angle":-2.4601409435272217,"building":1,"builtAt":0.0,"edge":13965,"offsetX":-4.7039794921875,"offsetZ":-5.033782005310059,"x":24248.0,"z":23816.0,"zone":3},{"angle":-2.4601409435272217,"building":2,"builtAt":0.0,"edge":13965,"offsetX":-6.684689044952393,"offsetZ":5.3216552734375,"x":24264.0,"z":23816.0,"zone":3},{"angle":0.6814517378807068,"building":2,"builtAt":0.0,"edge":13299,"offsetX":1.6319679021835327,"offsetZ":-2.5471127033233643,"x":24280.0,"z":23816.0,"zone":3},{"angle":0.0,"building":0,"builtAt":0.0,"edge":-1,"offsetX":0.0,"offsetZ":0.0,"x":24296.0,"z":23816.0,"zone":3},{"angle":0.0,"building":0,"builtAt":0.0,"edge":-1,"offsetX":0.0,"offsetZ":0.0,"x":24312.0,"z":23816.0,"zone":3},{"angle":0.0,"building":0,"builtAt":0.0,"edge":-1,"offsetX":0.0,"offsetZ":0.0,"x":24328.0,"z":23816.0,"zone":3},{"angle":0.0,"building":0,"builtAt":0.0,"edge":-1,"offsetX":0.0,"offsetZ":0.0,"x":24344.0,"z":23816.0,"zone":3},{"angle":-2.4601409435272217,"building":1,"builtAt":0.0,"edge":13300,"offsetX":-1.480087161064148,"offsetZ":6.840113639831543,"x":24360.0,"z":23816.0,"zone":3},{"angle":0.0,"building":0,"builtAt":0.0,"edge":-1,"offsetX":0.0,"offsetZ":0.0,"x":24376.0,"z":23816.0,"zone":3},{"angle":-0.8893446326255798,"building":6,"builtAt":0.0,"edge":12905,"offsetX":8.196125030517578,"offsetZ":7.854005336761475,"x":24120.0,"z":23832.0,"zone":4},{"angle":-0.8893446326255798,"building":5,"builtAt":0.0,"edge":12905,"offsetX":0.9195042252540588,"offsetZ":-4.116843223571777,"x":24136.0,"z":23832.0,"zone":4},{"angle":0.0,"building":0,"builtAt":0.0,"edge":-1,"offsetX":0.0,"offsetZ":0.0,"x":24152.0,"z":23832.0,"zone":4},{"angle":0.681451678276062,"building":5,"builtAt":0.0,"edge":13280,"offsetX":-7.015702247619629,"offsetZ":-2.9103939533233643,"x":24168.0,"z":23832.0,"zone":4},{"angle":0.0,"building":0,"builtAt":0.0,"edge":-1,"offsetX":0.0,"offsetZ":0.0,"x":24184.0,"z":23832.0,"zone":3},{"angle":0.0,"building":0,"builtAt":0.0,"edge":-1,"offsetX":0.0,"offsetZ":0.0,"x":24200.0,"z":23832.0,"zone":3},{"angle":-0.8893445730209351,"building":2,"builtAt":0.0,"edge":13913,"offsetX":7.370290756225586,"offsetZ":2.2216615676879883,"x":24216.0,"z":23832.0,"zone":3},{"angle":0.681451678276062,"building":2,"builtAt":0.0,"edge":13965,"offsetX":0.0791950523853302,"offsetZ":-7.204036235809326,"x":24232.0,"z":23832.0,"zone":3},{"angle":0.6814517378807068,"building":22,"builtAt":0.0,"edge":13965,"offsetX":-2.7889280319213867,"offsetZ":4.245532989501953,"x":24248.0,"z":23832.0,"zone":3},{"angle":-2.4601409435272217,"building":2,"builtAt":0.0,"edge":13965,"offsetX":6.860024929046631,"offsetZ":0.2617645263671875,"x":24264.0,"z":23832.0,"zone":3},{"angle":0.0,"building":0,"builtAt":0.0,"edge":-1,"offsetX":0.0,"offsetZ":0.0,"x":24280.0,"z":23832.0,"zone":3},{"angle":-0.8893445730209351,"building":2,"builtAt":0.0,"edge":13964,"offsetX":3.954244375228882,"offsetZ":-2.2634506225585938,"x":24296.0,"z":23832.0,"zone":3},{"angle":0.0,"building":0,"builtAt":0.0,"edge":-1,"offsetX":0.0,"offsetZ":0.0,"x":24312.0,"z":23832.0,"zone":3},{"angle":0.0,"building":0,"builtAt":0.0,"edge":-1,"offsetX":0.0,"offsetZ":0.0,"x":24328.0,"z":23832.0,"zone":3},{"angle":-2.4601409435272217,"building":3,"builtAt":0.0,"edge":13300,"offsetX":6.677393913269043,"offsetZ":0.5095189213752747,"x":24344.0,"z":23832.0,"zone":3},{"angle":0.0,"building":0,"builtAt":0.0,"edge":-1,"offsetX":0.0,"offsetZ":0.0,"x":24360.0,"z":23832.0,"zone":3},{"angle":-0.8893445730209351,"building":1,"builtAt":0.0,"edge":12975,"offsetX":5.940298080444336,"offsetZ":0.8853286504745483,"x":24376.0,"z":23832.0,"zone":3},{"angle":-0.8893446326255798,"building":5,"builtAt":0.0,"edge":12905,"offsetX":-1.6903789043426514,"offsetZ":2.8814847469329834,"x":24120.0,"z":23848.0,"zone":4},{"angle":-2.4601409435272217,"building":22,"builtAt":0.0,"edge":13263,"offsetX":4.754898548126221,"offsetZ":4.187449932098389,"x":24136.0,"z":23848.0,"zone":4},{"angle":0.0,"building":0,"builtAt":0.0,"edge":-1,"offsetX":0.0,"offsetZ":0.0,"x":24152.0,"z":23848.0,"zone":4},{"angle":2.2522480487823486,"building":2,"builtAt":0.0,"edge":12929,"offsetX":3.917633533477783,"offsetZ":-4.106917858123779,"x":24168.0,"z":23848.0,"zone":3},{"angle":0.0,"building":0,"builtAt":0.0,"edge":-1,"offsetX":0.0,"offsetZ":0.0,"x":24184.0,"z":23848.0,"zone":3},{"angle":0.0,"building":0,"builtAt":0.0,"edge":-1,"offsetX":0.0,"offsetZ":0.0,"x":24200.0,"z":23848.0,"zone":3},{"angle":-2.4601409435272217,"building":1,"builtAt":0.0,"edge":13281,"offsetX":1.5350812673568726,"offsetZ":-5.021531105041504,"x":24216.0,"z":23848.0,"zone":3},{"angle":-2.4601409435272217,"building":2,"builtAt":0.0,"edge":13281,"offsetX":-1.4730476140975952,"offsetZ":4.504375457763672,"x":24232.0,"z":23848.0,"zone":3},{"angle":0.0,"building":0,"builtAt":0.0,"edge":-1,"offsetX":0.0,"offsetZ":0.0,"x":24248.0,"z":23848.0,"zone":3},{"angle":2.2522480487823486,"building":2,"builtAt":0.0,"edge":13963,"offsetX":-5.504047393798828,"offsetZ":0.7013303637504578,"x":24264.0,"z":23848.0,"zone":3},{"angle":0.0,"building":0,"builtAt":0.0,"edge":-1,"offsetX":0.0,"offsetZ":0.0,"x":24280.0,"z":23848.0,"zone":3},{"angle":-0.8893446326255798,"building":9,"builtAt":0.0,"edge":13964,"offsetX":-7.772275924682617,"offsetZ":-4.036936283111572,"x":24296.0,"z":23848.0,"zone":3},{"angle":0.6814517378807068,"building":2,"builtAt":0.0,"edge":13300,"offsetX":6.445248126983643,"offsetZ":-4.567173004150391,"x":24312.0,"z":23848.0,"zone":3},{"angle":0.6814517378807068,"building":1,"builtAt":0.0,"edge":13300,"offsetX":4.994445323944092,"offsetZ":6.311647891998291,"x":24328.0,"z":23848.0,"zone":3},{"angle":0.0,"building":0,"builtAt":0.0,"edge":-1,"offsetX":0.0,"offsetZ":0.0,"x":24344.0,"z":23848.0,"zone":3},{"angle":0.0,"building":0,"builtAt":0.0,"edge":-1,"offsetX":0.0,"offsetZ":0.0,"x":24360.0,"z":23848.0,"zone":3},{"angle":-2.4601409435272217,"building":1,"builtAt":0.0,"edge":13301,"offsetX":-2.9686625003814697,"offsetZ":5.472647666931152,"x":24376.0,"z":23848.0,"zone":3},{"angle":0.0,"building":0,"builtAt":0.0,"edge":-1,"offsetX":0.0,"offsetZ":0.0,"x":24120.0,"z":23864.0,"zone":3},{"angle":-2.4601409435272217,"building":22,"builtAt":0.0,"edge":13263,"offsetX":-3.245100498199463,"offsetZ":-1.9489800930023193,"x":24136.0,"z":23864.0,"zone":3},{"angle":2.2522480487823486,"building":1,"builtAt":0.0,"edge":12929,"offsetX":0.5141414403915405,"offsetZ":4.960072040557861,"x":24152.0,"z":23864.0,"zone":3},{"angle":2.2522480487823486,"building":2,"builtAt":0.0,"edge":12929,"offsetX":-6.075340270996094,"offsetZ":-7.808835506439209,"x":24168.0,"z":23864.0,"zone":3},{"angle":0.0,"building":0,"builtAt":0.0,"edge":-1,"offsetX":0.0,"offsetZ":0.0,"x":24184.0,"z":23864.0,"zone":3},{"angle":-0.8893446326255798,"building":1,"builtAt":0.0,"edge":12929,"offsetX":-2.3463518619537354,"offsetZ":0.7666692137718201,"x":24200.0,"z":23864.0,"zone":3},{"angle":0.6814517378807068,"building":1,"builtAt":0.0,"edge":13281,"offsetX":-0.7528484463691711,"offsetZ":7.343550205230713,"x":24216.0,"z":23864.0,"zone":3},{"angle":0.0,"building":0,"builtAt":0.0,"edge":-1,"offsetX":0.0,"offsetZ":0.0,"x":24232.0,"z":23864.0,"zone":3},{"angle":2.2522480487823486,"building":3,"builtAt":0.0,"edge":13963,"offsetX":-2.916088342666626,"offsetZ":-1.1502094268798828,"x":24248.0,"z":23864.0,"zone":3},{"angle":0.0,"building":0,"builtAt":0.0,"edge":-1,"offsetX":0.0,"offsetZ":0.0,"x":24264.0,"z":23864.0,"zone":3},{"angle":-0.8893445730209351,"building":22,"builtAt":0.0,"edge":13963,"offsetX":-5.3050150871276855,"offsetZ":-2.1601970195770264,"x":24280.0,"z":23864.0,"zone":3},{"angle":0.0,"building":0,"builtAt":0.0,"edge":-1,"offsetX":0.0,"offsetZ":0.0,"x":24296.0,"z":23864.0,"zone":3},{"angle":0.6814517378807068,"building":1,"builtAt":0.0,"edge":13300,"offsetX":7.19917106628418,"offsetZ":7.320481777191162,"x":24312.0,"z":23864.0,"zone":3},{"angle":0.6814517378807068,"building":2,"builtAt":0.0,"edge":13300,"offsetX":-1.9031918048858643,"offsetZ":-1.183935284614563,"x":24328.0,"z":23864.0,"zone":3},{"angle":0.0,"building":0,"builtAt":0.0,"edge":-1,"offsetX":0.0,"offsetZ":0.0,"x":24344.0,"z":23864.0,"zone":3},{"angle":0.0,"building":0,"builtAt":0.0,"edge":-1,"offsetX":0.0,"offsetZ":0.0,"x":24360.0,"z":23864.0,"zone":3},{"angle":0.0,"building":0,"builtAt":0.0,"edge":-1,"offsetX":0.0,"offsetZ":0.0,"x":24376.0,"z":23864.0,"zone":3},{"angle":0.6814517378807068,"building":3,"builtAt":0.0,"edge":13263,"offsetX":-1.1400740146636963,"offsetZ":-0.8172220587730408,"x":24120.0,"z":23880.0,"zone":3},{"angle":0.0,"building":0,"builtAt":0.0,"edge":-1,"offsetX":0.0,"offsetZ":0.0,"x":24136.0,"z":23880.0,"zone":3},{"angle":0.0,"building":0,"builtAt":0.0,"edge":-1,"offsetX":0.0,"offsetZ":0.0,"x":24152.0,"z":23880.0,"zone":3},{"angle":0.0,"building":0,"builtAt":0.0,"edge":-1,"offsetX":0.0,"offsetZ":0.0,"x":24168.0,"z":23880.0,"zone":3},{"angle":-0.8893446326255798,"building":22,"builtAt":0.0,"edge":12929,"offsetX":4.7152276039123535,"offsetZ":-2.0799367427825928,"x":24184.0,"z":23880.0,"zone":3},{"angle":-0.8893446326255798,"building":2,"builtAt":0.0,"edge":12929,"offsetX":-1.8095316886901855,"offsetZ":5.605101108551025,"x":24200.0,"z":23880.0,"zone":3},{"angle":0.6814517378807068,"building":1,"builtAt":0.0,"edge":13281,"offsetX":-7.17804479598999,"offsetZ":-0.7345272898674011,"x":24216.0,"z":23880.0,"zone":3},{"angle":0.681451678276062,"building":22,"builtAt":0.0,"edge":13281,"offsetX":-5.124361038208008,"offsetZ":2.5523903369903564,"x":24232.0,"z":23880.0,"zone":3},{"angle":0.0,"building":0,"builtAt":0.0,"edge":-1,"offsetX":0.0,"offsetZ":0.0,"x":24248.0,"z":23880.0,"zone":3},{"angle":-2.4601409435272217,"building":1,"builtAt":0.0,"edge":13282,"offsetX":-0.1704224795103073,"offsetZ":0.3670438826084137,"x":24264.0,"z":23880.0,"zone":3},{"angle":0.0,"building":0,"builtAt":0.0,"edge":-1,"offsetX":0.0,"offsetZ":0.0,"x":24280.0,"z":23880.0,"zone":3},{"angle":0.0,"building":0,"builtAt":0.0,"edge":-1,"offsetX":0.0,"offsetZ":0.0,"x":24296.0,"z":23880.0,"zone":3},{"angle":0.0,"building":0,"builtAt":0.0,"edge":-1,"offsetX":0.0,"offsetZ":0.0,"x":24312.0,"z":23880.0,"zone":3},{"angle":0.0,"building":0,"builtAt":0.0,"edge":-1,"offsetX":0.0,"offsetZ":0.0,"x":24328.0,"z":23880.0,"zone":3},{"angle":0.681451678276062,"building":2,"builtAt":0.0,"edge":13301,"offsetX":4.860185146331787,"offsetZ":3.2743849754333496,"x":24344.0,"z":23880.0,"zone":3},{"angle":0.681451678276062,"building":2,"builtAt":0.0,"edge":13301,"offsetX":-3.769737720489502,"offsetZ":-5.812526226043701,"x":24360.0,"z":23880.0,"zone":3},{"angle":0.0,"building":0,"builtAt":0.0,"edge":-1,"offsetX":0.0,"offsetZ":0.0,"x":24376.0,"z":23880.0,"zone":3},{"angle":0.0,"building":0,"builtAt":0.0,"edge":-1,"offsetX":0.0,"offsetZ":0.0,"x":24120.0,"z":23896.0,"zone":3},{"angle":0.6814517378807068,"building":2,"builtAt":0.0,"edge":13263,"offsetX":-1.946588158607483,"offsetZ":-6.386551856994629,"x":24136.0,"z":23896.0,"zone":3},{"angle":0.0,"building":0,"builtAt":0.0,"edge":-1,"offsetX":0.0,"offsetZ":0.0,"x":24152.0,"z":23896.0,"zone":3},{"angle":0.0,"building":0,"builtAt":0.0,"edge":-1,"offsetX":0.0,"offsetZ":0.0,"x":24168.0,"z":23896.0,"zone":3},{"angle":-0.8893445730209351,"building":2,"builtAt":0.0,"edge":12929,"offsetX":-5.706819534301758,"offsetZ":-6.131444931030273,"x":24184.0,"z":23896.0,"zone":3},{"angle":-2.4601409435272217,"building":1,"builtAt":0.0,"edge":13264,"offsetX":-5.573004245758057,"offsetZ":2.5289621353149414,"x":24200.0,"z":23896.0,"zone":3},{"angle":2.2522480487823486,"building":22,"builtAt":0.0,"edge":12953,"offsetX":-0.5796533823013306,"offsetZ":4.808083534240723,"x":24216.0,"z":23896.0,"zone":3},{"angle":0.0,"building":0,"builtAt":0.0,"edge":-1,"offsetX":0.0,"offsetZ":0.0,"x":24232.0,"z":23896.0,"zone":3},{"angle":0.6814517378807068,"building":2,"builtAt":0.0,"edge":13282,"offsetX":0.43868550658226013,"offsetZ":3.3431894779205322,"x":24248.0,"z":23896.0,"zone":3},{"angle":0.0,"building":0,"builtAt":0.0,"edge":-1,"offsetX":0.0,"offsetZ":0.0,"x":24264.0,"z":23896.0,"zone":3},{"angle":0.0,"building":0,"builtAt":0.0,"edge":-1,"offsetX":0.0,"offsetZ":0.0,"x":24280.0,"z":23896.0,"zone":3},{"angle":-2.4601409435272217,"building":1,"builtAt":0.0,"edge":13282,"offsetX":4.048153877258301,"offsetZ":0.5161816477775574,"x":24296.0,"z":23896.0,"zone":3},{"angle":0.0,"building":0,"builtAt":0.0,"edge":-1,"offsetX":0.0,"offsetZ":0.0,"x":24312.0,"z":23896.0,"zone":3},{"angle":0.0,"building":0,"builtAt":0.0,"edge":-1,"offsetX":0.0,"offsetZ":0.0,"x":24328.0,"z":23896.0,"zone":3},{"angle":0.0,"building":0,"builtAt":0.0,"edge":-1,"offsetX":0.0,"offsetZ":0.0,"x":24344.0,"z":23896.0,"zone":3},{"angle":0.0,"building":0,"builtAt":0.0,"edge":-1,"offsetX":0.0,"offsetZ":0.0,"x":24360.0,"z":23896.0,"zone":3},{"angle":0.681451678276062,"building":1,"builtAt":0.0,"edge":13301,"offsetX":7.090324401855469,"offsetZ":-0.9298690557479858,"x":24376.0,"z":23896.0,"zone":3}],"zonePalette":false}
[207.411s] [PlaytestInput] frame=13804 key=W
[207.411s] [PlaytestState] {"cameraMode":0,"commandId":0,"commandInput":"","commandMessage":"","commandPalette":false,"cursorX":400,"cursorY":322,"development":{"completed":0,"count":0},"draftMessage":"","draftPoints":0,"draftValid":false,"driving":false,"editMode":0,"eyeY":414.1324157714844,"focusX":24252.0,"focusY":32.575355529785156,"focusZ":23772.0,"focused":true,"fps":116.58460903799761,"fpsGraph":false,"frame":13804,"funds":30.0,"gameHour":8.039999961853027,"income":30.30898,"localMapCenter":[24252.0,23772.0],"localMapHeadingUp":false,"localMapSpan":2000.0,"logicMs":0.004,"maintenance":22.71789867024176,"map":true,"mapBuilds":2,"mapContext":false,"mapCustomPixelShader":false,"mapX":24252.0,"mapZ":23667.698786373032,"mapZoom":4.0,"nearbyRoads":[{"id":13765,"length":50.096553802490234,"open":true,"points":[[24184.245710017454,37.4201545715332,23402.493881529692],[24186.87543740885,37.40728441490625,23399.251568542553],[24189.505164800248,37.39441425827931,23396.00925555542],[24192.13489360234,37.38154409474828,23392.76694082897],[24194.764620523507,37.368673940422696,23389.524628421605],[24197.39434650421,37.35580379069984,23386.282317173776],[24200.02407154445,37.342933645579706,23383.040007085492],[24202.653799406078,37.3300634866514,23379.797693518583],[24205.283525386778,37.31719333692855,23376.55538227076],[24207.91325136748,37.30432318720568,23373.313071022934],[24210.542977348185,37.291453037482825,23370.070759775106],[24213.172703328884,37.27858288775997,23366.828448527285],[24215.802429309588,37.26571273803711,23363.586137279457]],"width":6.839999675750732},{"id":12848,"length":75.3116455078125,"open":true,"points":[[24084.107773628602,37.087406158447266,23525.95859225249],[24088.06082843304,37.16626295393985,23521.08468746174],[24092.01388323748,37.24511974943243,23516.210782670994],[24095.966938041915,37.32397654492501,23511.336877880243],[24099.919992846353,37.4028333404176,23506.462973089496],[24103.87304765079,37.481690135910185,23501.58906829875],[24107.82610528267,37.56054698780554,23496.715160021915],[24111.779155845943,37.63940369869397,23491.8412604603],[24115.732212064104,37.71826052238794,23486.967353926506],[24119.68526545482,37.79711728967914,23482.093450878805],[24123.638318845533,37.87597405697034,23477.2195478311],[24127.59137223625,37.954830824261535,23472.345644783396],[24131.544425626966,38.033687591552734,23467.47174173569]],"width":6.839999675750732},{"id":13803,"length":42.66592788696289,"open":true,"points":[[24030.355704276393,36.810420989990234,23592.23201402096],[24032.595373499,36.821962036956194,23589.470621858756],[24034.835042721603,36.83350308392215,23586.709229696546],[24037.074712544934,36.84504413398366,23583.947836793675],[24039.314381967783,36.85658518198147,23581.186444384584],[24041.554050990148,36.86812622791558,23578.42505246926],[24043.79372001251,36.87966727384969,23575.663660553942],[24046.033390636807,36.8912083280386,23572.90226666352],[24048.273059659175,36.90274937397271,23570.140874748202],[24050.512728681533,36.91429041990682,23567.379482832886],[24052.752399305835,36.92583147409572,23564.61808894246],[24054.992068328196,36.93737252002984,23561.856697027142],[24057.231738952498,36.94891357421875,23559.095303136724]],"width":6.839999675750732},{"id":12846,"length":67.05158233642578,"open":true,"points":[[23932.339416933068,36.665016174316406,23713.08084513701],[23935.859181175423,36.65745163008955,23708.74116439596],[23939.37894541778,36.64988708586271,23704.401483654918],[23942.898710289515,36.6423225402832,23700.061802137876],[23946.418475161256,36.6347579947037,23695.722120620834],[23949.938240032992,36.62719344912421,23691.38243910379],[23953.458003645967,36.61962890625,23687.04275913874],[23956.977767258937,36.61206436337579,23682.703079173683],[23960.497533389444,36.60449981509101,23678.36339610465],[23964.017297002418,36.5969352722168,23674.0237161396],[23967.53706313292,36.589370723932,23669.68403307057],[23971.056826745895,36.58180618105781,23665.34435310552],[23974.576590358865,36.574241638183594,23661.004673140465]],"width":6.839999675750732},{"id":13798,"length":43.819332122802734,"open":true,"points":[[23877.13575873594,35.95730972290039,23781.143998183044],[23879.435910818072,35.98679748731537,23778.308033895384],[23881.736062900203,36.01628525173035,23775.472069607724],[23884.036215187985,36.045773018781745,23772.63610506651],[23886.336367064465,36.07526078056031,23769.800141032407],[23888.63651811835,36.104748531793234,23766.964178012517],[23890.936670817424,36.13423630411746,23764.128212964195],[23893.236821871313,36.16372405535037,23761.29224994431],[23895.536973747792,36.19321181712894,23758.456285910204],[23897.837123979072,36.22269955781621,23755.62032390454],[23900.13727914595,36.25218736177738,23752.784355813554],[23902.43743266763,36.28167514464724,23749.94838975101],[23904.737587834505,36.3111629486084,23747.112421660026]],"width":6.839999675750732},{"id":12828,"length":75.30938720703125,"open":true,"points":[[24013.269180769486,37.10893249511719,23468.5038712713],[24017.222236280784,37.17088351506521,23463.62996560903],[24021.175291792086,37.23283453501325,23458.756059946758],[24025.128346596524,37.294785543883556,23453.88215515601],[24029.081402814685,37.35673657490929,23449.00824862222],[24033.034460446568,37.418687628090424,23444.134340345387],[24036.987515251003,37.48063863696075,23439.260435554635],[24040.94056864172,37.54258962367566,23434.386532506935],[24044.893619204988,37.60454056607978,23429.512632945316],[24048.846672595704,37.666491552794696,23424.638729897615],[24052.799725986417,37.728442539509615,23419.76482684991],[24056.752779377133,37.790393526224534,23414.890923802206],[24060.70583276785,37.85234451293945,23410.0170207545]],"width":11.699999809265137},{"id":12827,"length":85.33165740966797,"open":true,"points":[[23959.517111417277,36.91480255126953,23534.77729303977],[23963.99645106394,36.930980048518684,23529.254507234033],[23968.475790710603,36.94715754576782,23523.73172142829],[23972.955131959203,36.96333504880249,23518.20893364745],[23977.43447000393,36.979512540266114,23512.686149816807],[23981.91381125253,36.995690043300776,23507.16336203597],[23986.393149297255,37.011867534764406,23501.64057820533],[23990.872490545855,37.028045037799075,23496.117790424487],[23995.351834998328,37.04422255240479,23490.594998693443],[23999.831176246924,37.06040005543945,23485.072210912604],[24004.310511087777,37.076577535332035,23479.549431032166],[24008.789845928633,37.09275501522461,23474.026651151733],[24013.269180769486,37.10893249511719,23468.5038712713]],"width":11.699999809265137},{"id":13709,"length":44.274784088134766,"open":true,"points":[[23903.73799749975,37.11899185180664,23603.549952159276],[23906.0621266922,37.1104839663127,23600.68442537916],[23908.386255884645,37.10197608081876,23597.81889859904],[23910.71038424592,37.09346819836747,23594.953372843716],[23913.034513438368,37.084960312873534,23592.087846063598],[23915.35864346199,37.076452424336935,23589.222318258686],[23917.68277348561,37.067944535800336,23586.356790453774],[23920.006903509235,37.05943664726374,23583.491262648862],[23922.331034364022,37.05092875568449,23580.62573381916],[23924.655163556476,37.04242087019054,23577.760207039042],[23926.979294411267,37.03391297861128,23574.89467820934],[23929.303421941368,37.025405099202665,23572.02915347881],[23931.62755445851,37.016897201538086,23569.16362259952]],"width":11.699999809265137},{"id":12825,"length":67.05155181884766,"open":true,"points":[[23861.50082407395,37.06214904785156,23655.62612415582],[23865.020588945692,37.066885948745835,23651.28644263878],[23868.540353817425,37.071622849640114,23646.946761121733],[23872.06011994793,37.07635975222843,23642.607078052704],[23875.579883560906,37.08109665142865,23638.267398087653],[23879.099647173876,37.085833550628884,23633.9277181226],[23882.619413304386,37.0905704532172,23629.58803505357],[23886.139176917357,37.09530735241742,23625.248355088515],[23889.658940530328,37.10004425161765,23620.90867512346],[23893.1787041433,37.10478115081787,23616.56899515841],[23896.698467756272,37.109518050018096,23612.229315193363],[23900.218231369246,37.11425494921833,23607.889635228308],[23903.73799749975,37.11899185180664,23603.549952159276]],"width":11.699999809265137},{"id":12863,"length":95.55066680908203,"open":true,"points":[[23879.72899447735,33.08394241333008,23906.271273691305],[23884.744619889385,33.14690938084118,23900.087276268132],[23889.760245301415,33.20987634835229,23893.90327884496],[23894.775872507176,33.27284333838213,23887.719279210218],[23899.79149791921,33.33581030589323,23881.535281787044],[23904.807125124968,33.39877729592308,23875.3512821523],[23909.82275233073,33.46174428595293,23869.16728251756],[23914.83837953649,33.52471127598278,23862.983282882815],[23919.85400494852,33.587678243493876,23856.79928545964],[23924.86963394801,33.65064525604248,23850.615283613326],[23929.885259360042,33.713612223553575,23844.431286190156],[23934.90088835953,33.77657923610217,23838.24728434384],[23939.916513771564,33.83954620361328,23832.063286920667]],"width":11.699999809265137},{"id":13800,"length":43.81911087036133,"open":true,"points":[[23939.916513771564,33.83954620361328,23832.063286920667],[23942.216666059347,33.86660194235708,23829.227322379455],[23944.516818758428,33.89365768593882,23826.391357331126],[23946.816971046206,33.92071342468262,23823.555392789913],[23949.117122922686,33.94776915858847,23820.71942875581],[23951.417276444365,33.9748249118461,23817.883462693266],[23953.717428320848,34.00188064575195,23815.047498659158],[23956.017580197327,34.02893637965781,23812.211534625054],[23958.317733719006,34.055992132915435,23809.375568562507],[23960.617885595486,34.08304786682129,23806.539604528403],[23962.918037471965,34.11010360072714,23803.7036404943],[23965.218190993648,34.13715935398477,23800.867674431753],[23967.518342870128,34.164215087890625,23798.03171039765]],"width":11.699999809265137},{"id":12865,"length":67.05329895019531,"open":true,"points":[[23995.12017196869,34.48888397216797,23764.000133874633],[23998.639936211046,34.52957852438919,23759.660453133583],[24002.1597004534,34.57027307661041,23755.32077239254],[24005.679465325138,34.6109676361084,23750.9810908755],[24009.19923019688,34.65166219560638,23746.641409358457],[24012.718995068615,34.692356755104356,23742.30172784141],[24016.23875868159,34.73305130004883,23737.96204787636],[24019.758524812096,34.773745874100314,23733.62236480733],[24023.278288425066,34.814440419044786,23729.282684842274],[24026.79805455557,34.85513499309628,23724.943001773245],[24030.317818168543,34.89582953804075,23720.603321808194],[24033.837586816582,34.93652414119925,23716.263635635176],[24037.35734539449,34.97721862792969,23711.92396187809]],"width":11.699999809265137},{"id":13838,"length":44.27477264404297,"open":true,"points":[[24037.35734539449,34.97721862792969,23711.92396187809],[24039.68147521032,34.98487504346141,23709.058434329374],[24042.00560502615,34.99253145899314,23706.19290678066],[24044.329734218594,35.000187872471265,23703.327380000545],[24046.6538646578,35.0078442900566,23700.461851683238],[24048.977994681423,35.01550070627286,23697.596323878333],[24051.302123042693,35.02315711701283,23694.730798123004],[24053.62625306632,35.03081353322909,23691.865270318092],[24055.95038392111,35.038469952183505,23688.99974148839],[24058.274514775905,35.046126371137916,23686.134212658686],[24060.59864396836,35.05378278461603,23683.26868587857],[24062.9227731608,35.06143919809414,23680.403159098452],[24065.246900690905,35.06909560609597,23677.53763436792]],"width":11.699999809265137},{"id":13805,"length":42.66621017456055,"open":true,"points":[[24093.136459312016,35.160972595214844,23643.151302758582],[24095.376129135348,35.17807324931232,23640.389909855712],[24097.615798558192,35.19517390035196,23637.62851744662],[24099.85546878201,35.21227455750727,23634.86712404997],[24102.095137804376,35.22937520548908,23632.105732134652],[24104.334807627703,35.24647585958655,23629.344339231786],[24106.574476650065,35.26357650756836,23626.582947316467],[24108.814148876307,35.280677180012844,23623.821551450943],[24111.053817898668,35.29777782799465,23621.060159535624],[24113.293490124903,35.314878500439136,23618.298763670096],[24115.533159147268,35.33197914842094,23615.53737175478],[24117.772824965756,35.349079771940076,23612.775983789666],[24120.01249398812,35.366180419921875,23610.014591874347]],"width":11.699999809265137},{"id":12868,"length":75.3056869506836,"open":true,"points":[[24146.888528664225,35.571388244628906,23576.877880990112],[24150.8415827618,35.57266648602813,23572.003977070886],[24154.794636859377,35.573944727427374,23567.13007315166],[24158.747690956952,35.575222968826615,23562.256169232434],[24162.70074505453,35.576501210225835,23557.382265313205],[24166.653797031526,35.57777945093938,23552.50836400855],[24170.60685183596,35.579057692567176,23547.6344592178],[24174.55990805412,35.58033593465212,23542.760552684013],[24178.512961444838,35.58161417582277,23537.886649636308],[24182.466014835554,35.582892416993445,23533.012746588603],[24186.419073881156,35.58417065999265,23528.138836568723],[24190.372124444428,35.585448900249055,23523.264937007105],[24194.32518066259,35.586727142333984,23518.391030473314]],"width":11.699999809265137},{"id":12869,"length":83.66351318359375,"open":true,"points":[[24194.32518066259,35.586727142333984,23518.391030473314],[24198.716954492684,35.57106208754584,23512.976208628104],[24203.10872832277,35.555397032757696,23507.5613867829],[24207.500503330833,35.53973197376786,23502.146563485323],[24211.892277553576,35.52406691757915,23496.731741155996],[24216.284051776325,35.50840186139044,23491.316918826666],[24220.67582599907,35.49273680520173,23485.90209649733],[24225.0675986512,35.47707175461528,23480.487276104494],[24229.45937444457,35.46140669282431,23475.07245183867],[24233.851150237937,35.44574163103334,23469.65762757285],[24238.242922890066,35.430076580446894,23464.24280718001],[24242.63469240095,35.414411541064965,23458.827990660153],[24247.026465053077,35.398746490478516,23453.413170267315]],"width":11.699999809265137},{"id":12870,"length":100.1954345703125,"open":true,"points":[[24247.026465053077,35.398746490478516,23453.413170267315],[24252.285918425176,35.335856753700284,23446.92854603235],[24257.545371797274,35.27296701692205,23440.443921797392],[24262.804824699146,35.21007728576661,23433.959298142196],[24268.064278541475,35.1471875433656,23427.474673327466],[24273.323730502878,35.0842978234557,23420.990050831813],[24278.58318434521,35.02140808105469,23414.50542601708],[24283.84264006847,34.958518316162554,23408.020798883266],[24289.102092029872,34.895628596252664,23401.536176387614],[24294.36154399128,34.832738876342766,23395.051553891964],[24299.620995952682,34.76984915643288,23388.56693139631],[24304.880451675937,34.70695939154075,23382.082304262494],[24310.139903637344,34.64406967163086,23375.597681766845]],"width":11.699999809265137},{"id":13860,"length":47.774295806884766,"open":true,"points":[[23929.41423428668,32.499351501464844,23946.569245106493],[23931.922047665343,32.51656198552878,23943.47724556557],[23934.429861044006,32.533772469592726,23940.38524602464],[23936.93767509532,32.55098295827287,23937.29324565438],[23939.4454886982,32.568193443875536,23934.201245837008],[23941.95330230108,32.58540392947822,23931.109246019634],[23944.46111590396,32.60261441508089,23928.017246202264],[23946.968930403706,32.61982490683852,23924.925245279108],[23949.476744903448,32.63703539859615,23921.83324435595],[23951.984557609467,32.65424587804387,23918.741245644364],[23954.49236852175,32.67145634518169,23915.64924914435],[23957.000183021497,32.68866683693932,23912.557248221194],[23959.507993933785,32.70587730407715,23909.465251721176]],"width":13.199999809265137},{"id":12885,"length":67.05479431152344,"open":true,"points":[[24044.80541177802,33.62478256225586,23804.29810528982],[24048.325176020375,33.68003781307209,23799.95842454877],[24051.84494026273,33.73529306388832,23795.61874380773],[24055.364705134467,33.79054832458496,23791.279062290687],[24058.88446874744,33.84580356552078,23786.939382325632],[24062.404233619178,33.90105882621742,23782.59970080859],[24065.923998490918,33.95631408691406,23778.26001929155],[24069.44376210389,34.011569327849884,23773.920339326494],[24072.963525716863,34.0668245687857,23769.580659361447],[24076.483289329833,34.12207980972153,23765.240979396396],[24080.00305546034,34.17733509017898,23760.901296327364],[24083.52281403825,34.23259025207154,23756.561622570272],[24087.042585203817,34.287845611572266,23752.221933293276]],"width":13.199999809265137},{"id":13840,"length":44.27477264404297,"open":true,"points":[[24087.042585203817,34.287845611572266,23752.221933293276],[24089.36671522744,34.29522260118051,23749.356405488365],[24091.690845251058,34.30259959078876,23746.490877683453],[24094.014974443508,34.30997657775879,23743.625350903334],[24096.339105298302,34.31735357000525,23740.759822073633],[24098.663234490752,34.32473055697528,23737.89429529352],[24100.98736285202,34.332107541307096,23735.028769538192],[24103.311492875648,34.33948453091534,23732.16324173328],[24105.63562373044,34.3468615231618,23729.29771290358],[24107.959754585234,34.35423851540827,23726.432184073874],[24110.283883777687,34.3616155023783,23723.56665729376],[24112.60801297013,34.36899248934833,23720.70113051364],[24114.932140500234,34.376369471041926,23717.835605783108]],"width":13.199999809265137}],"pauseMenu":false,"pedestrians":{"completed":0,"drawCalls":1,"population":10000,"renderMs":0.0,"ridingCar":0,"ridingTrain":0,"updateMs":0.976,"visible":91,"waitingCar":0,"waitingTrain":0,"walking":341},"plans":0,"population":233146,"railway":{"depots":0,"edgeCount":1269,"editorVisible":false,"lines":[{"enabled":true,"first":480,"id":0,"interval":270.0,"last":1380,"name":"汐淵・鵜池線","next":270.0,"stops":[17680,17681]},{"enabled":true,"first":480,"id":1,"interval":1380.0,"last":1380,"name":"鵜池・常宮線","next":1440.0,"stops":[17681,17743]},{"enabled":true,"first":480,"id":2,"interval":210.0,"last":1380,"name":"常宮・網瀬洗線","next":210.0,"stops":[17743,18160]},{"enabled":true,"first":480,"id":3,"interval":1140.0,"last":1380,"name":"網瀬洗・葦草第3地区線","next":1440.0,"stops":[18160,18212]},{"enabled":true,"first":480,"id":4,"interval":120.0,"last":1380,"name":"葦草第3地区・葦草線","next":120.0,"stops":[18212,18559]},{"enabled":true,"first":480,"id":5,"interval":150.0,"last":1380,"name":"葦草第3地区・葦草第2地区線","next":150.0,"stops":[18212,18574]},{"enabled":true,"first":480,"id":6,"interval":210.0,"last":1380,"name":"葦草第3地区・秋神線","next":210.0,"stops":[18212,18602]},{"enabled":true,"first":480,"id":7,"interval":990.0,"last":1380,"name":"葦草第2地区・玉寺線","next":1440.0,"stops":[18574,18654]}],"message":"","stations":[{"id":17680,"name":"汐淵","position":[62375.3517339767,52.0,53503.86182038857]},{"id":17681,"name":"鵜池","position":[58668.00913071976,43.0,52852.76884116136]},{"id":17743,"name":"常宮","position":[48529.05328003586,69.5,30835.606379331177]},{"id":18160,"name":"網瀬洗","position":[45508.17318802182,48.5,30061.235276059448]},{"id":18212,"name":"葦草第3地区","position":[24688.427373988667,52.0,22959.968090410068]},{"id":18559,"name":"葦草","position":[24090.089516332482,57.0,23697.686613220016]},{"id":18574,"name":"葦草第2地区","position":[23546.43567707546,44.5,24367.98267101535]},{"id":18602,"name":"秋神","position":[23495.00371227449,64.0,19984.44194673403]},{"id":18654,"name":"玉寺","position":[16738.027409982784,50.0,43665.12840887711]}],"trains":[{"id":0,"line":0,"passengers":0,"position":[62364.64445286007,52.0,53462.17735144537],"speed":2.3999998569488525,"state":0,"stopIndex":1},{"id":1,"line":1,"passengers":0,"position":[58589.384874759184,42.652380563843955,52879.41532842659],"speed":2.3999998569488525,"state":0,"stopIndex":1},{"id":2,"line":2,"passengers":0,"position":[48499.05821813552,69.5,30866.4695788021],"speed":2.3999998569488525,"state":0,"stopIndex":1},{"id":3,"line":3,"passengers":0,"position":[45444.70614344761,48.21896940503315,30007.719917036047],"speed":2.3999998569488525,"state":0,"stopIndex":1},{"id":4,"line":4,"passengers":0,"position":[24659.942770952694,52.0,22992.230579617677],"speed":2.3999998569488525,"state":0,"stopIndex":1},{"id":5,"line":5,"passengers":0,"position":[24659.942770952694,52.0,22992.230579617677],"speed":2.3999998569488525,"state":0,"stopIndex":1},{"id":6,"line":6,"passengers":0,"position":[24716.91197702464,52.0,22927.70560120246],"speed":2.3999998569488525,"state":0,"stopIndex":1},{"id":7,"line":7,"passengers":0,"position":[23492.755045342943,44.253786619728,24431.31051373995],"speed":2.3999998569488525,"state":0,"stopIndex":1}]},"renderMs":15.16,"selectionId":-1,"selectionKind":0,"signalsMs":0.0,"sound":{"enginePitch":1.0,"enginePlaying":false,"events":0,"outputPeak":0.0,"volume":0.6},"textInput":false,"timeSpeed":0,"townLabels":[{"anchor":[640.0,251.29129028320313],"bounds":[591.91015625,197.29129028320313,96.1796875,45.0],"name":"葦草市"}],"traffic":{"accessPoints":22248,"cars":616,"completed":0,"localCars":616,"localTarget":2400,"routeFailures":0,"spawned":616,"stopped":38,"updateMs":2.178336},"zone":2,"zoneBrush":1,"zoneCells":[{"angle":0.0,"building":0,"builtAt":0.0,"edge":-1,"offsetX":0.0,"offsetZ":0.0,"x":24120.0,"z":23640.0,"zone":4},{"angle":0.0,"building":0,"builtAt":0.0,"edge":-1,"offsetX":0.0,"offsetZ":0.0,"x":24136.0,"z":23640.0,"zone":4},{"angle":0.0,"building":0,"builtAt":0.0,"edge":-1,"offsetX":0.0,"offsetZ":0.0,"x":24152.0,"z":23640.0,"zone":4},{"angle":0.0,"building":0,"builtAt":0.0,"edge":-1,"offsetX":0.0,"offsetZ":0.0,"x":24168.0,"z":23640.0,"zone":4},{"angle":0.0,"building":0,"builtAt":0.0,"edge":-1,"offsetX":0.0,"offsetZ":0.0,"x":24184.0,"z":23640.0,"zone":4},{"angle":0.0,"building":0,"builtAt":0.0,"edge":-1,"offsetX":0.0,"offsetZ":0.0,"x":24200.0,"z":23640.0,"zone":4},{"angle":0.6814517378807068,"building":3,"builtAt":0.0,"edge":13314,"offsetX":-6.154789924621582,"offsetZ":2.631941318511963,"x":24216.0,"z":23640.0,"zone":4},{"angle":-2.4601409435272217,"building":5,"builtAt":0.0,"edge":13314,"offsetX":1.7993983030319214,"offsetZ":-6.419382572174072,"x":24232.0,"z":23640.0,"zone":4},{"angle":-2.4601409435272217,"building":2,"builtAt":0.0,"edge":13314,"offsetX":-4.645404815673828,"offsetZ":2.2820231914520264,"x":24248.0,"z":23640.0,"zone":3},{"angle":2.2522480487823486,"building":2,"builtAt":0.0,"edge":12908,"offsetX":-0.9939571022987366,"offsetZ":-0.4058094918727875,"x":24264.0,"z":23640.0,"zone":3},{"angle":-0.8893446326255798,"building":22,"builtAt":0.0,"edge":12908,"offsetX":7.369441032409668,"offsetZ":2.337386131286621,"x":24280.0,"z":23640.0,"zone":3},{"angle":-0.8893446326255798,"building":1,"builtAt":0.0,"edge":12908,"offsetX":7.765885353088379,"offsetZ":-1.3827219009399414,"x":24296.0,"z":23640.0,"zone":3},{"angle":0.681451678276062,"building":22,"builtAt":0.0,"edge":13331,"offsetX":6.7182936668396,"offsetZ":-6.901335716247559,"x":24312.0,"z":23640.0,"zone":3},{"angle":0.6814517378807068,"building":22,"builtAt":0.0,"edge":13331,"offsetX":4.2420973777771,"offsetZ":4.102306365966797,"x":24328.0,"z":23640.0,"zone":3},{"angle":0.0,"building":0,"builtAt":0.0,"edge":-1,"offsetX":0.0,"offsetZ":0.0,"x":24344.0,"z":23640.0,"zone":3},{"angle":0.0,"building":0,"builtAt":0.0,"edge":-1,"offsetX":0.0,"offsetZ":0.0,"x":24360.0,"z":23640.0,"zone":3},{"angle":-2.4601409435272217,"building":1,"builtAt":0.0,"edge":13332,"offsetX":4.055675029754639,"offsetZ":3.697913408279419,"x":24376.0,"z":23640.0,"zone":3},{"angle":0.0,"building":0,"builtAt":0.0,"edge":-1,"offsetX":0.0,"offsetZ":0.0,"x":24120.0,"z":23656.0,"zone":4},{"angle":0.0,"building":0,"builtAt":0.0,"edge":-1,"offsetX":0.0,"offsetZ":0.0,"x":24136.0,"z":23656.0,"zone":4},{"angle":0.0,"building":0,"builtAt":0.0,"edge":-1,"offsetX":0.0,"offsetZ":0.0,"x":24152.0,"z":23656.0,"zone":4},{"angle":0.0,"building":0,"builtAt":0.0,"edge":-1,"offsetX":0.0,"offsetZ":0.0,"x":24168.0,"z":23656.0,"zone":4},{"angle":0.0,"building":0,"builtAt":0.0,"edge":-1,"offsetX":0.0,"offsetZ":0.0,"x":24184.0,"z":23656.0,"zone":4},{"angle":0.0,"building":0,"builtAt":0.0,"edge":-1,"offsetX":0.0,"offsetZ":0.0,"x":24200.0,"z":23656.0,"zone":4},{"angle":0.0,"building":0,"builtAt":0.0,"edge":-1,"offsetX":0.0,"offsetZ":0.0,"x":24216.0,"z":23656.0,"zone":4},{"angle":0.6814517378807068,"building":6,"builtAt":0.0,"edge":13314,"offsetX":-2.1298155784606934,"offsetZ":2.907579183578491,"x":24232.0,"z":23656.0,"zone":4},{"angle":-2.4601409435272217,"building":1,"builtAt":0.0,"edge":13314,"offsetX":4.912838459014893,"offsetZ":-5.019872188568115,"x":24248.0,"z":23656.0,"zone":3},{"angle":-0.8893446326255798,"building":22,"builtAt":0.0,"edge":12908,"offsetX":6.674298286437988,"offsetZ":6.832339286804199,"x":24264.0,"z":23656.0,"zone":3},{"angle":-0.8893446326255798,"building":1,"builtAt":0.0,"edge":12908,"offsetX":-2.0072314739227295,"offsetZ":-4.2505974769592285,"x":24280.0,"z":23656.0,"zone":3},{"angle":-0.8893446326255798,"building":2,"builtAt":0.0,"edge":12908,"offsetX":0.8446816802024841,"offsetZ":-5.977575778961182,"x":24296.0,"z":23656.0,"zone":3},{"angle":2.2522480487823486,"building":2,"builtAt":0.0,"edge":12932,"offsetX":-5.701622486114502,"offsetZ":1.6881537437438965,"x":24312.0,"z":23656.0,"zone":3},{"angle":0.0,"building":0,"builtAt":0.0,"edge":-1,"offsetX":0.0,"offsetZ":0.0,"x":24328.0,"z":23656.0,"zone":3},{"angle":0.0,"building":0,"builtAt":0.0,"edge":-1,"offsetX":0.0,"offsetZ":0.0,"x":24344.0,"z":23656.0,"zone":3},{"angle":0.0,"building":0,"builtAt":0.0,"edge":-1,"offsetX":0.0,"offsetZ":0.0,"x":24360.0,"z":23656.0,"zone":3},{"angle":-2.4601409435272217,"building":1,"builtAt":0.0,"edge":13332,"offsetX":-2.369521141052246,"offsetZ":-4.38016414642334,"x":24376.0,"z":23656.0,"zone":3},{"angle":0.0,"building":0,"builtAt":0.0,"edge":-1,"offsetX":0.0,"offsetZ":0.0,"x":24120.0,"z":23672.0,"zone":0},{"angle":0.0,"building":0,"builtAt":0.0,"edge":-1,"offsetX":0.0,"offsetZ":0.0,"x":24136.0,"z":23672.0,"zone":4},{"angle":0.0,"building":0,"builtAt":0.0,"edge":-1,"offsetX":0.0,"offsetZ":0.0,"x":24152.0,"z":23672.0,"zone":4},{"angle":0.0,"building":0,"builtAt":0.0,"edge":-1,"offsetX":0.0,"offsetZ":0.0,"x":24168.0,"z":23672.0,"zone":4},{"angle":0.0,"building":0,"builtAt":0.0,"edge":-1,"offsetX":0.0,"offsetZ":0.0,"x":24184.0,"z":23672.0,"zone":4},{"angle":0.0,"building":0,"builtAt":0.0,"edge":-1,"offsetX":0.0,"offsetZ":0.0,"x":24200.0,"z":23672.0,"zone":4},{"angle":0.0,"building":0,"builtAt":0.0,"edge":-1,"offsetX":0.0,"offsetZ":0.0,"x":24216.0,"z":23672.0,"zone":4},{"angle":0.0,"building":0,"builtAt":0.0,"edge":-1,"offsetX":0.0,"offsetZ":0.0,"x":24232.0,"z":23672.0,"zone":4},{"angle":0.0,"building":0,"builtAt":0.0,"edge":-1,"offsetX":0.0,"offsetZ":0.0,"x":24248.0,"z":23672.0,"zone":4},{"angle":0.681451678276062,"building":2,"builtAt":0.0,"edge":13315,"offsetX":-6.2566328048706055,"offsetZ":7.641294956207275,"x":24264.0,"z":23672.0,"zone":3},{"angle":-2.4601409435272217,"building":2,"builtAt":0.0,"edge":13315,"offsetX":4.3646721839904785,"offsetZ":3.455223321914673,"x":24280.0,"z":23672.0,"zone":3},{"angle":-2.4601409435272217,"building":2,"builtAt":0.0,"edge":13315,"offsetX":-4.265249729156494,"offsetZ":-5.631687641143799,"x":24296.0,"z":23672.0,"zone":3},{"angle":2.2522480487823486,"building":22,"builtAt":0.0,"edge":12932,"offsetX":3.77361798286438,"offsetZ":-6.626807689666748,"x":24312.0,"z":23672.0,"zone":3},{"angle":0.0,"building":0,"builtAt":0.0,"edge":-1,"offsetX":0.0,"offsetZ":0.0,"x":24328.0,"z":23672.0,"zone":3},{"angle":0.0,"building":0,"builtAt":0.0,"edge":-1,"offsetX":0.0,"offsetZ":0.0,"x":24344.0,"z":23672.0,"zone":3},{"angle":-0.8893446326255798,"building":2,"builtAt":0.0,"edge":12932,"offsetX":-4.96362829208374,"offsetZ":0.1304757297039032,"x":24360.0,"z":23672.0,"zone":3},{"angle":0.6814517378807068,"building":5,"builtAt":0.0,"edge":13332,"offsetX":-2.546783685684204,"offsetZ":5.799036502838135,"x":24376.0,"z":23672.0,"zone":3},{"angle":0.0,"building":0,"builtAt":0.0,"edge":-1,"offsetX":0.0,"offsetZ":0.0,"x":24120.0,"z":23688.0,"zone":0},{"angle":0.0,"building":0,"builtAt":0.0,"edge":-1,"offsetX":0.0,"offsetZ":0.0,"x":24136.0,"z":23688.0,"zone":0},{"angle":0.0,"building":0,"builtAt":0.0,"edge":-1,"offsetX":0.0,"offsetZ":0.0,"x":24152.0,"z":23688.0,"zone":4},{"angle":-2.4601409435272217,"building":4,"builtAt":0.0,"edge":13297,"offsetX":3.924286365509033,"offsetZ":0.052965693175792694,"x":24168.0,"z":23688.0,"zone":4},{"angle":0.0,"building":0,"builtAt":0.0,"edge":-1,"offsetX":0.0,"offsetZ":0.0,"x":24184.0,"z":23688.0,"zone":4},{"angle":0.0,"building":0,"builtAt":0.0,"edge":-1,"offsetX":0.0,"offsetZ":0.0,"x":24200.0,"z":23688.0,"zone":4},{"angle":0.0,"building":0,"builtAt":0.0,"edge":-1,"offsetX":0.0,"offsetZ":0.0,"x":24216.0,"z":23688.0,"zone":4},{"angle":2.2522480487823486,"building":3,"builtAt":0.0,"edge":13917,"offsetX":-5.8597187995910645,"offsetZ":-5.19177770614624,"x":24232.0,"z":23688.0,"zone":4},{"angle":0.0,"building":0,"builtAt":0.0,"edge":-1,"offsetX":0.0,"offsetZ":0.0,"x":24248.0,"z":23688.0,"zone":4},{"angle":0.681451678276062,"building":1,"builtAt":0.0,"edge":13315,"offsetX":8.20810604095459,"offsetZ":2.443617820739746,"x":24264.0,"z":23688.0,"zone":3},{"angle":0.0,"building":0,"builtAt":0.0,"edge":-1,"offsetX":0.0,"offsetZ":0.0,"x":24280.0,"z":23688.0,"zone":3},{"angle":-2.4601409435272217,"building":22,"builtAt":0.0,"edge":13315,"offsetX":2.7603297233581543,"offsetZ":-1.6592320203781128,"x":24296.0,"z":23688.0,"zone":3},{"angle":0.0,"building":0,"builtAt":0.0,"edge":-1,"offsetX":0.0,"offsetZ":0.0,"x":24312.0,"z":23688.0,"zone":3},{"angle":0.0,"building":0,"builtAt":0.0,"edge":-1,"offsetX":0.0,"offsetZ":0.0,"x":24328.0,"z":23688.0,"zone":3},{"angle":-0.8893446326255798,"building":5,"builtAt":0.0,"edge":12932,"offsetX":-0.6748335361480713,"offsetZ":-0.2807047367095947,"x":24344.0,"z":23688.0,"zone":3},{"angle":0.0,"building":0,"builtAt":0.0,"edge":-1,"offsetX":0.0,"offsetZ":0.0,"x":24360.0,"z":23688.0,"zone":3},{"angle":0.0,"building":0,"builtAt":0.0,"edge":-1,"offsetX":0.0,"offsetZ":0.0,"x":24376.0,"z":23688.0,"zone":3},{"angle":0.0,"building":0,"builtAt":0.0,"edge":-1,"offsetX":0.0,"offsetZ":0.0,"x":24120.0,"z":23704.0,"zone":0},{"angle":0.0,"building":0,"builtAt":0.0,"edge":-1,"offsetX":0.0,"offsetZ":0.0,"x":24136.0,"z":23704.0,"zone":4},{"angle":0.0,"building":0,"builtAt":0.0,"edge":-1,"offsetX":0.0,"offsetZ":0.0,"x":24152.0,"z":23704.0,"zone":4},{"angle":0.0,"building":0,"builtAt":0.0,"edge":-1,"offsetX":0.0,"offsetZ":0.0,"x":24168.0,"z":23704.0,"zone":4},{"angle":0.0,"building":0,"builtAt":0.0,"edge":-1,"offsetX":0.0,"offsetZ":0.0,"x":24184.0,"z":23704.0,"zone":4},{"angle":0.0,"building":0,"builtAt":0.0,"edge":-1,"offsetX":0.0,"offsetZ":0.0,"x":24200.0,"z":23704.0,"zone":4},{"angle":2.2522480487823486,"building":5,"builtAt":0.0,"edge":13916,"offsetX":-2.0915510654449463,"offsetZ":-4.87722110748291,"x":24216.0,"z":23704.0,"zone":4},{"angle":0.6814517378807068,"building":5,"builtAt":0.0,"edge":13920,"offsetX":-1.634013295173645,"offsetZ":8.299647331237793,"x":24232.0,"z":23704.0,"zone":4},{"angle":-2.4601409435272217,"building":5,"builtAt":0.0,"edge":13920,"offsetX":-5.114144802093506,"offsetZ":-7.136678695678711,"x":24248.0,"z":23704.0,"zone":4},{"angle":-2.4601409435272217,"building":1,"builtAt":0.0,"edge":13920,"offsetX":-7.655171871185303,"offsetZ":5.670788288116455,"x":24264.0,"z":23704.0,"zone":3},{"angle":2.2522480487823486,"building":1,"builtAt":0.0,"edge":13919,"offsetX":-0.2724016010761261,"offsetZ":8.086161613464355,"x":24280.0,"z":23704.0,"zone":3},{"angle":0.0,"building":0,"builtAt":0.0,"edge":-1,"offsetX":0.0,"offsetZ":0.0,"x":24296.0,"z":23704.0,"zone":3},{"angle":0.0,"building":0,"builtAt":0.0,"edge":-1,"offsetX":0.0,"offsetZ":0.0,"x":24312.0,"z":23704.0,"zone":3},{"angle":-0.8893445730209351,"building":2,"builtAt":0.0,"edge":12932,"offsetX":2.4476945400238037,"offsetZ":-1.6342653036117554,"x":24328.0,"z":23704.0,"zone":3},{"angle":-2.4601409435272217,"building":22,"builtAt":0.0,"edge":13316,"offsetX":3.705528974533081,"offsetZ":5.544941425323486,"x":24344.0,"z":23704.0,"zone":3},{"angle":-2.4601409435272217,"building":22,"builtAt":0.0,"edge":13316,"offsetX":-4.294471740722656,"offsetZ":-4.318628787994385,"x":24360.0,"z":23704.0,"zone":3},{"angle":2.2522480487823486,"building":1,"builtAt":0.0,"edge":12956,"offsetX":0.7640894055366516,"offsetZ":-0.11544811725616455,"x":24376.0,"z":23704.0,"zone":3},{"angle":0.0,"building":0,"builtAt":0.0,"edge":-1,"offsetX":0.0,"offsetZ":0.0,"x":24120.0,"z":23720.0,"zone":4},{"angle":0.0,"building":0,"builtAt":0.0,"edge":-1,"offsetX":0.0,"offsetZ":0.0,"x":24136.0,"z":23720.0,"zone":4},{"angle":0.0,"building":0,"builtAt":0.0,"edge":-1,"offsetX":0.0,"offsetZ":0.0,"x":24152.0,"z":23720.0,"zone":4},{"angle":0.6814517378807068,"building":3,"builtAt":0.0,"edge":13297,"offsetX":-5.06278133392334,"offsetZ":-1.243548035621643,"x":24168.0,"z":23720.0,"zone":4},{"angle":0.0,"building":0,"builtAt":0.0,"edge":-1,"offsetX":0.0,"offsetZ":0.0,"x":24184.0,"z":23720.0,"zone":4},{"angle":-2.4601409435272217,"building":5,"builtAt":0.0,"edge":13297,"offsetX":0.2806078791618347,"offsetZ":-8.037710189819336,"x":24200.0,"z":23720.0,"zone":4},{"angle":0.0,"building":0,"builtAt":0.0,"edge":-1,"offsetX":0.0,"offsetZ":0.0,"x":24216.0,"z":23720.0,"zone":4},{"angle":0.0,"building":0,"builtAt":0.0,"edge":-1,"offsetX":0.0,"offsetZ":0.0,"x":24232.0,"z":23720.0,"zone":4},{"angle":0.681451678276062,"building":6,"builtAt":0.0,"edge":13920,"offsetX":-3.741565465927124,"offsetZ":4.572664737701416,"x":24248.0,"z":23720.0,"zone":4},{"angle":-2.4601409435272217,"building":2,"builtAt":0.0,"edge":13920,"offsetX":7.220584869384766,"offsetZ":0.729030430316925,"x":24264.0,"z":23720.0,"zone":3},{"angle":0.0,"building":0,"builtAt":0.0,"edge":-1,"offsetX":0.0,"offsetZ":0.0,"x":24280.0,"z":23720.0,"zone":3},{"angle":0.0,"building":0,"builtAt":0.0,"edge":-1,"offsetX":0.0,"offsetZ":0.0,"x":24296.0,"z":23720.0,"zone":3},{"angle":0.0,"building":0,"builtAt":0.0,"edge":-1,"offsetX":0.0,"offsetZ":0.0,"x":24312.0,"z":23720.0,"zone":3},{"angle":0.0,"building":0,"builtAt":0.0,"edge":-1,"offsetX":0.0,"offsetZ":0.0,"x":24328.0,"z":23720.0,"zone":3},{"angle":-2.4601409435272217,"building":22,"builtAt":0.0,"edge":13316,"offsetX":-4.294470310211182,"offsetZ":-0.5914881825447083,"x":24344.0,"z":23720.0,"zone":3},{"angle":2.2522480487823486,"building":1,"builtAt":0.0,"edge":12956,"offsetX":6.0577712059021,"offsetZ":-2.885031223297119,"x":24360.0,"z":23720.0,"zone":3},{"angle":0.0,"building":0,"builtAt":0.0,"edge":-1,"offsetX":0.0,"offsetZ":0.0,"x":24376.0,"z":23720.0,"zone":3},{"angle":0.0,"building":0,"builtAt":0.0,"edge":-1,"offsetX":0.0,"offsetZ":0.0,"x":24120.0,"z":23736.0,"zone":4},{"angle":0.6814517378807068,"building":3,"builtAt":0.0,"edge":13867,"offsetX":-7.419148921966553,"offsetZ":6.490680694580078,"x":24136.0,"z":23736.0,"zone":4},{"angle":-2.4601409435272217,"building":5,"builtAt":0.0,"edge":13867,"offsetX":-0.24337363243103027,"offsetZ":-0.9350773096084595,"x":24152.0,"z":23736.0,"zone":4},{"angle":-2.4601409435272217,"building":3,"builtAt":0.0,"edge":13867,"offsetX":-5.412522315979004,"offsetZ":6.861746788024902,"x":24168.0,"z":23736.0,"zone":4},{"angle":0.6814517378807068,"building":4,"builtAt":0.0,"edge":13297,"offsetX":-1.8821852207183838,"offsetZ":-1.6439602375030518,"x":24184.0,"z":23736.0,"zone":4},{"angle":0.0,"building":0,"builtAt":0.0,"edge":-1,"offsetX":0.0,"offsetZ":0.0,"x":24200.0,"z":23736.0,"zone":4},{"angle":-2.4601409435272217,"building":5,"builtAt":0.0,"edge":13298,"offsetX":5.143284320831299,"offsetZ":-7.1722412109375,"x":24216.0,"z":23736.0,"zone":4},{"angle":-2.460233211517334,"building":3,"builtAt":0.0,"edge":13298,"offsetX":2.5121841430664063,"offsetZ":2.666759967803955,"x":24232.0,"z":23736.0,"zone":4},{"angle":0.0,"building":0,"builtAt":0.0,"edge":-1,"offsetX":0.0,"offsetZ":0.0,"x":24248.0,"z":23736.0,"zone":4},{"angle":0.6814517378807068,"building":2,"builtAt":0.0,"edge":13920,"offsetX":-4.435221195220947,"offsetZ":-0.899985134601593,"x":24264.0,"z":23736.0,"zone":3},{"angle":0.0,"building":0,"builtAt":0.0,"edge":-1,"offsetX":0.0,"offsetZ":0.0,"x":24280.0,"z":23736.0,"zone":3},{"angle":-2.4601409435272217,"building":1,"builtAt":0.0,"edge":13968,"offsetX":2.2388463020324707,"offsetZ":7.524049758911133,"x":24296.0,"z":23736.0,"zone":3},{"angle":-0.8893445730209351,"building":22,"builtAt":0.0,"edge":13919,"offsetX":-6.010221481323242,"offsetZ":-2.613496780395508,"x":24312.0,"z":23736.0,"zone":3},{"angle":0.6814517378807068,"building":12,"builtAt":0.0,"edge":13316,"offsetX":-2.7718558311462402,"offsetZ":1.2583520412445068,"x":24328.0,"z":23736.0,"zone":4},{"angle":0.0,"building":0,"builtAt":0.0,"edge":-1,"offsetX":0.0,"offsetZ":0.0,"x":24344.0,"z":23736.0,"zone":3},{"angle":2.2522480487823486,"building":1,"builtAt":0.0,"edge":12956,"offsetX":-4.649094581604004,"offsetZ":-5.657011032104492,"x":24360.0,"z":23736.0,"zone":3},{"angle":-0.8893445730209351,"building":22,"builtAt":0.0,"edge":12956,"offsetX":5.839900016784668,"offsetZ":-6.084694862365723,"x":24376.0,"z":23736.0,"zone":3},{"angle":-2.4601409435272217,"building":3,"builtAt":0.0,"edge":13279,"offsetX":-3.748300790786743,"offsetZ":6.224560260772705,"x":24120.0,"z":23752.0,"zone":4},{"angle":0.6814517378807068,"building":5,"builtAt":0.0,"edge":13867,"offsetX":3.3918111324310303,"offsetZ":-1.6899226903915405,"x":24136.0,"z":23752.0,"zone":4},{"angle":0.0,"building":0,"builtAt":0.0,"edge":-1,"offsetX":0.0,"offsetZ":0.0,"x":24152.0,"z":23752.0,"zone":4},{"angle":0.0,"building":0,"builtAt":0.0,"edge":-1,"offsetX":0.0,"offsetZ":0.0,"x":24168.0,"z":23752.0,"zone":4},{"angle":0.0,"building":0,"builtAt":0.0,"edge":-1,"offsetX":0.0,"offsetZ":0.0,"x":24184.0,"z":23752.0,"zone":4},{"angle":0.681451678276062,"building":3,"builtAt":0.0,"edge":13298,"offsetX":2.926199197769165,"offsetZ":-0.7115504145622253,"x":24200.0,"z":23752.0,"zone":4},{"angle":0.0,"building":0,"builtAt":0.0,"edge":-1,"offsetX":0.0,"offsetZ":0.0,"x":24216.0,"z":23752.0,"zone":4},{"angle":0.0,"building":0,"builtAt":0.0,"edge":-1,"offsetX":0.0,"offsetZ":0.0,"x":24232.0,"z":23752.0,"zone":4},{"angle":-2.4601409435272217,"building":1,"builtAt":0.0,"edge":13298,"offsetX":-2.0073091983795166,"offsetZ":-1.165961503982544,"x":24248.0,"z":23752.0,"zone":3},{"angle":0.0,"building":0,"builtAt":0.0,"edge":-1,"offsetX":0.0,"offsetZ":0.0,"x":24264.0,"z":23752.0,"zone":3},{"angle":0.0,"building":0,"builtAt":0.0,"edge":-1,"offsetX":0.0,"offsetZ":0.0,"x":24280.0,"z":23752.0,"zone":3},{"angle":0.0,"building":0,"builtAt":0.0,"edge":-1,"offsetX":0.0,"offsetZ":0.0,"x":24296.0,"z":23752.0,"zone":3},{"angle":-2.4601409435272217,"building":3,"builtAt":0.0,"edge":13968,"offsetX":1.053743839263916,"offsetZ":0.6007509827613831,"x":24312.0,"z":23752.0,"zone":3},{"angle":0.0,"building":0,"builtAt":0.0,"edge":-1,"offsetX":0.0,"offsetZ":0.0,"x":24328.0,"z":23752.0,"zone":3},{"angle":2.2522480487823486,"building":2,"builtAt":0.0,"edge":13967,"offsetX":-4.315062999725342,"offsetZ":-3.4956400394439697,"x":24344.0,"z":23752.0,"zone":3},{"angle":0.0,"building":0,"builtAt":0.0,"edge":-1,"offsetX":0.0,"offsetZ":0.0,"x":24360.0,"z":23752.0,"zone":3},{"angle":0.0,"building":0,"builtAt":0.0,"edge":-1,"offsetX":0.0,"offsetZ":0.0,"x":24376.0,"z":23752.0,"zone":3},{"angle":0.0,"building":0,"builtAt":0.0,"edge":-1,"offsetX":0.0,"offsetZ":0.0,"x":24120.0,"z":23768.0,"zone":4},{"angle":-2.4601409435272217,"building":3,"builtAt":0.0,"edge":13279,"offsetX":-0.5094721913337708,"offsetZ":5.790102958679199,"x":24136.0,"z":23768.0,"zone":4},{"angle":2.2522480487823486,"building":5,"builtAt":0.0,"edge":13865,"offsetX":7.266846179962158,"offsetZ":-1.4373905658721924,"x":24152.0,"z":23768.0,"zone":4},{"angle":0.0,"building":0,"builtAt":0.0,"edge":-1,"offsetX":0.0,"offsetZ":0.0,"x":24168.0,"z":23768.0,"zone":4},{"angle":0.0,"building":0,"builtAt":0.0,"edge":-1,"offsetX":0.0,"offsetZ":0.0,"x":24184.0,"z":23768.0,"zone":4},{"angle":-2.4601409435272217,"building":6,"builtAt":0.0,"edge":13915,"offsetX":-1.9083874225616455,"offsetZ":3.561483383178711,"x":24200.0,"z":23768.0,"zone":4},{"angle":0.6815438866615295,"building":3,"builtAt":0.0,"edge":13298,"offsetX":-0.21514147520065308,"offsetZ":-6.243448257446289,"x":24216.0,"z":23768.0,"zone":4},{"angle":0.681451678276062,"building":5,"builtAt":0.0,"edge":13298,"offsetX":-2.885098934173584,"offsetZ":3.6434497833251953,"x":24232.0,"z":23768.0,"zone":4},{"angle":0.0,"building":0,"builtAt":0.0,"edge":-1,"offsetX":0.0,"offsetZ":0.0,"x":24248.0,"z":23768.0,"zone":3},{"angle":0.0,"building":0,"builtAt":0.0,"edge":-1,"offsetX":0.0,"offsetZ":0.0,"x":24264.0,"z":23768.0,"zone":3},{"angle":-0.8893445730209351,"building":2,"builtAt":0.0,"edge":13918,"offsetX":-1.1191508769989014,"offsetZ":-2.1868975162506104,"x":24280.0,"z":23768.0,"zone":3},{"angle":0.6814517378807068,"building":22,"builtAt":0.0,"edge":13968,"offsetX":3.9528307914733887,"offsetZ":0.7534745335578918,"x":24296.0,"z":23768.0,"zone":3},{"angle":0.0,"building":0,"builtAt":0.0,"edge":-1,"offsetX":0.0,"offsetZ":0.0,"x":24312.0,"z":23768.0,"zone":3},{"angle":2.2522480487823486,"building":22,"builtAt":0.0,"edge":13967,"offsetX":-0.9848089218139648,"offsetZ":-4.811123847961426,"x":24328.0,"z":23768.0,"zone":3},{"angle":0.0,"building":0,"builtAt":0.0,"edge":-1,"offsetX":0.0,"offsetZ":0.0,"x":24344.0,"z":23768.0,"zone":3},{"angle":-0.8893446326255798,"building":2,"builtAt":0.0,"edge":13967,"offsetX":-4.501984119415283,"offsetZ":-6.670202255249023,"x":24360.0,"z":23768.0,"zone":3},{"angle":0.0,"building":0,"builtAt":0.0,"edge":-1,"offsetX":0.0,"offsetZ":0.0,"x":24376.0,"z":23768.0,"zone":3},{"angle":0.0,"building":0,"builtAt":0.0,"edge":-1,"offsetX":0.0,"offsetZ":0.0,"x":24120.0,"z":23784.0,"zone":4},{"angle":0.0,"building":0,"builtAt":0.0,"edge":-1,"offsetX":0.0,"offsetZ":0.0,"x":24136.0,"z":23784.0,"zone":4},{"angle":0.0,"building":0,"builtAt":0.0,"edge":-1,"offsetX":0.0,"offsetZ":0.0,"x":24152.0,"z":23784.0,"zone":4},{"angle":0.0,"building":0,"builtAt":0.0,"edge":-1,"offsetX":0.0,"offsetZ":0.0,"x":24168.0,"z":23784.0,"zone":4},{"angle":0.6814517378807068,"building":3,"builtAt":0.0,"edge":13915,"offsetX":0.6661999225616455,"offsetZ":4.114297866821289,"x":24184.0,"z":23784.0,"zone":4},{"angle":0.0,"building":0,"builtAt":0.0,"edge":-1,"offsetX":0.0,"offsetZ":0.0,"x":24200.0,"z":23784.0,"zone":4},{"angle":-2.4601409435272217,"building":5,"builtAt":0.0,"edge":13915,"offsetX":1.0855088233947754,"offsetZ":3.8696868419647217,"x":24216.0,"z":23784.0,"zone":4},{"angle":0.0,"building":0,"builtAt":0.0,"edge":-1,"offsetX":0.0,"offsetZ":0.0,"x":24232.0,"z":23784.0,"zone":3},{"angle":0.0,"building":0,"builtAt":0.0,"edge":-1,"offsetX":0.0,"offsetZ":0.0,"x":24248.0,"z":23784.0,"zone":3},{"angle":0.0,"building":0,"builtAt":0.0,"edge":-1,"offsetX":0.0,"offsetZ":0.0,"x":24264.0,"z":23784.0,"zone":3},{"angle":-2.4601409435272217,"building":22,"builtAt":0.0,"edge":13299,"offsetX":7.2005839347839355,"offsetZ":-1.6012420654296875,"x":24280.0,"z":23784.0,"zone":3},{"angle":0.0,"building":0,"builtAt":0.0,"edge":-1,"offsetX":0.0,"offsetZ":0.0,"x":24296.0,"z":23784.0,"zone":3},{"angle":2.2522480487823486,"building":1,"builtAt":0.0,"edge":13966,"offsetX":1.771888256072998,"offsetZ":-2.302941083908081,"x":24312.0,"z":23784.0,"zone":3},{"angle":0.0,"building":0,"builtAt":0.0,"edge":-1,"offsetX":0.0,"offsetZ":0.0,"x":24328.0,"z":23784.0,"zone":3},{"angle":-0.8893445730209351,"building":22,"builtAt":0.0,"edge":13967,"offsetX":-0.24460944533348083,"offsetZ":-7.233728885650635,"x":24344.0,"z":23784.0,"zone":3},{"angle":-0.8893445730209351,"building":2,"builtAt":0.0,"edge":13967,"offsetX":-6.769368648529053,"offsetZ":0.4513097405433655,"x":24360.0,"z":23784.0,"zone":3},{"angle":0.0,"building":0,"builtAt":0.0,"edge":-1,"offsetX":0.0,"offsetZ":0.0,"x":24376.0,"z":23784.0,"zone":3},{"angle":0.0,"building":0,"builtAt":0.0,"edge":-1,"offsetX":0.0,"offsetZ":0.0,"x":24120.0,"z":23800.0,"zone":4},{"angle":0.6814517378807068,"building":6,"builtAt":0.0,"edge":13279,"offsetX":-8.264117240905762,"offsetZ":2.9963388442993164,"x":24136.0,"z":23800.0,"zone":4},{"angle":0.0,"building":0,"builtAt":0.0,"edge":-1,"offsetX":0.0,"offsetZ":0.0,"x":24152.0,"z":23800.0,"zone":4},{"angle":-2.4601409435272217,"building":5,"builtAt":0.0,"edge":13280,"offsetX":-4.052818298339844,"offsetZ":-2.2388317584991455,"x":24168.0,"z":23800.0,"zone":4},{"angle":0.0,"building":0,"builtAt":0.0,"edge":-1,"offsetX":0.0,"offsetZ":0.0,"x":24184.0,"z":23800.0,"zone":4},{"angle":0.0,"building":0,"builtAt":0.0,"edge":-1,"offsetX":0.0,"offsetZ":0.0,"x":24200.0,"z":23800.0,"zone":4},{"angle":0.0,"building":0,"builtAt":0.0,"edge":-1,"offsetX":0.0,"offsetZ":0.0,"x":24216.0,"z":23800.0,"zone":4},{"angle":0.0,"building":0,"builtAt":0.0,"edge":-1,"offsetX":0.0,"offsetZ":0.0,"x":24232.0,"z":23800.0,"zone":3},{"angle":-0.8893446326255798,"building":1,"builtAt":0.0,"edge":13914,"offsetX":2.387336492538452,"offsetZ":-0.28208649158477783,"x":24248.0,"z":23800.0,"zone":3},{"angle":0.6814517378807068,"building":22,"builtAt":0.0,"edge":13299,"offsetX":5.44967794418335,"offsetZ":4.28467321395874,"x":24264.0,"z":23800.0,"zone":3},{"angle":0.0,"building":0,"builtAt":0.0,"edge":-1,"offsetX":0.0,"offsetZ":0.0,"x":24280.0,"z":23800.0,"zone":3},{"angle":-2.4601409435272217,"building":2,"builtAt":0.0,"edge":13299,"offsetX":2.683525323867798,"offsetZ":-7.5707688331604,"x":24296.0,"z":23800.0,"zone":3},{"angle":-0.8893446326255798,"building":2,"builtAt":0.0,"edge":13966,"offsetX":6.448672294616699,"offsetZ":6.9481964111328125,"x":24312.0,"z":23800.0,"zone":3},{"angle":-0.8893445730209351,"building":1,"builtAt":0.0,"edge":13966,"offsetX":0.3710009455680847,"offsetZ":-6.4621076583862305,"x":24328.0,"z":23800.0,"zone":3},{"angle":-0.8893445730209351,"building":2,"builtAt":0.0,"edge":13966,"offsetX":-7.124582290649414,"offsetZ":0.4355294704437256,"x":24344.0,"z":23800.0,"zone":3},{"angle":0.0,"building":0,"builtAt":0.0,"edge":-1,"offsetX":0.0,"offsetZ":0.0,"x":24360.0,"z":23800.0,"zone":3},{"angle":2.2522480487823486,"building":22,"builtAt":0.0,"edge":12975,"offsetX":2.174591064453125,"offsetZ":5.0905256271362305,"x":24376.0,"z":23800.0,"zone":3},{"angle":0.0,"building":0,"builtAt":0.0,"edge":-1,"offsetX":0.0,"offsetZ":0.0,"x":24120.0,"z":23816.0,"zone":4},{"angle":0.0,"building":0,"builtAt":0.0,"edge":-1,"offsetX":0.0,"offsetZ":0.0,"x":24136.0,"z":23816.0,"zone":4},{"angle":0.6814517378807068,"building":3,"builtAt":0.0,"edge":13280,"offsetX":-5.007656097412109,"offsetZ":2.665574073791504,"x":24152.0,"z":23816.0,"zone":4},{"angle":0.0,"building":0,"builtAt":0.0,"edge":-1,"offsetX":0.0,"offsetZ":0.0,"x":24168.0,"z":23816.0,"zone":4},{"angle":0.0,"building":0,"builtAt":0.0,"edge":-1,"offsetX":0.0,"offsetZ":0.0,"x":24184.0,"z":23816.0,"zone":4},{"angle":2.2522480487823486,"building":5,"builtAt":0.0,"edge":13913,"offsetX":-3.499864339828491,"offsetZ":-3.5717880725860596,"x":24200.0,"z":23816.0,"zone":4},{"angle":0.0,"building":0,"builtAt":0.0,"edge":-1,"offsetX":0.0,"offsetZ":0.0,"x":24216.0,"z":23816.0,"zone":3},{"angle":0.0,"building":0,"builtAt":0.0,"edge":-1,"offsetX":0.0,"offsetZ":0.0,"x":24232.0,"z":23816.0,"zone":3},{"angle":-2.4601409435272217,"building":1,"builtAt":0.0,"edge":13965,"offsetX":-4.7039794921875,"offsetZ":-5.033782005310059,"x":24248.0,"z":23816.0,"zone":3},{"angle":-2.4601409435272217,"building":2,"builtAt":0.0,"edge":13965,"offsetX":-6.684689044952393,"offsetZ":5.3216552734375,"x":24264.0,"z":23816.0,"zone":3},{"angle":0.6814517378807068,"building":2,"builtAt":0.0,"edge":13299,"offsetX":1.6319679021835327,"offsetZ":-2.5471127033233643,"x":24280.0,"z":23816.0,"zone":3},{"angle":0.0,"building":0,"builtAt":0.0,"edge":-1,"offsetX":0.0,"offsetZ":0.0,"x":24296.0,"z":23816.0,"zone":3},{"angle":0.0,"building":0,"builtAt":0.0,"edge":-1,"offsetX":0.0,"offsetZ":0.0,"x":24312.0,"z":23816.0,"zone":3},{"angle":0.0,"building":0,"builtAt":0.0,"edge":-1,"offsetX":0.0,"offsetZ":0.0,"x":24328.0,"z":23816.0,"zone":3},{"angle":0.0,"building":0,"builtAt":0.0,"edge":-1,"offsetX":0.0,"offsetZ":0.0,"x":24344.0,"z":23816.0,"zone":3},{"angle":-2.4601409435272217,"building":1,"builtAt":0.0,"edge":13300,"offsetX":-1.480087161064148,"offsetZ":6.840113639831543,"x":24360.0,"z":23816.0,"zone":3},{"angle":0.0,"building":0,"builtAt":0.0,"edge":-1,"offsetX":0.0,"offsetZ":0.0,"x":24376.0,"z":23816.0,"zone":3},{"angle":-0.8893446326255798,"building":6,"builtAt":0.0,"edge":12905,"offsetX":8.196125030517578,"offsetZ":7.854005336761475,"x":24120.0,"z":23832.0,"zone":4},{"angle":-0.8893446326255798,"building":5,"builtAt":0.0,"edge":12905,"offsetX":0.9195042252540588,"offsetZ":-4.116843223571777,"x":24136.0,"z":23832.0,"zone":4},{"angle":0.0,"building":0,"builtAt":0.0,"edge":-1,"offsetX":0.0,"offsetZ":0.0,"x":24152.0,"z":23832.0,"zone":4},{"angle":0.681451678276062,"building":5,"builtAt":0.0,"edge":13280,"offsetX":-7.015702247619629,"offsetZ":-2.9103939533233643,"x":24168.0,"z":23832.0,"zone":4},{"angle":0.0,"building":0,"builtAt":0.0,"edge":-1,"offsetX":0.0,"offsetZ":0.0,"x":24184.0,"z":23832.0,"zone":3},{"angle":0.0,"building":0,"builtAt":0.0,"edge":-1,"offsetX":0.0,"offsetZ":0.0,"x":24200.0,"z":23832.0,"zone":3},{"angle":-0.8893445730209351,"building":2,"builtAt":0.0,"edge":13913,"offsetX":7.370290756225586,"offsetZ":2.2216615676879883,"x":24216.0,"z":23832.0,"zone":3},{"angle":0.681451678276062,"building":2,"builtAt":0.0,"edge":13965,"offsetX":0.0791950523853302,"offsetZ":-7.204036235809326,"x":24232.0,"z":23832.0,"zone":3},{"angle":0.6814517378807068,"building":22,"builtAt":0.0,"edge":13965,"offsetX":-2.7889280319213867,"offsetZ":4.245532989501953,"x":24248.0,"z":23832.0,"zone":3},{"angle":-2.4601409435272217,"building":2,"builtAt":0.0,"edge":13965,"offsetX":6.860024929046631,"offsetZ":0.2617645263671875,"x":24264.0,"z":23832.0,"zone":3},{"angle":0.0,"building":0,"builtAt":0.0,"edge":-1,"offsetX":0.0,"offsetZ":0.0,"x":24280.0,"z":23832.0,"zone":3},{"angle":-0.8893445730209351,"building":2,"builtAt":0.0,"edge":13964,"offsetX":3.954244375228882,"offsetZ":-2.2634506225585938,"x":24296.0,"z":23832.0,"zone":3},{"angle":0.0,"building":0,"builtAt":0.0,"edge":-1,"offsetX":0.0,"offsetZ":0.0,"x":24312.0,"z":23832.0,"zone":3},{"angle":0.0,"building":0,"builtAt":0.0,"edge":-1,"offsetX":0.0,"offsetZ":0.0,"x":24328.0,"z":23832.0,"zone":3},{"angle":-2.4601409435272217,"building":3,"builtAt":0.0,"edge":13300,"offsetX":6.677393913269043,"offsetZ":0.5095189213752747,"x":24344.0,"z":23832.0,"zone":3},{"angle":0.0,"building":0,"builtAt":0.0,"edge":-1,"offsetX":0.0,"offsetZ":0.0,"x":24360.0,"z":23832.0,"zone":3},{"angle":-0.8893445730209351,"building":1,"builtAt":0.0,"edge":12975,"offsetX":5.940298080444336,"offsetZ":0.8853286504745483,"x":24376.0,"z":23832.0,"zone":3},{"angle":-0.8893446326255798,"building":5,"builtAt":0.0,"edge":12905,"offsetX":-1.6903789043426514,"offsetZ":2.8814847469329834,"x":24120.0,"z":23848.0,"zone":4},{"angle":-2.4601409435272217,"building":22,"builtAt":0.0,"edge":13263,"offsetX":4.754898548126221,"offsetZ":4.187449932098389,"x":24136.0,"z":23848.0,"zone":4},{"angle":0.0,"building":0,"builtAt":0.0,"edge":-1,"offsetX":0.0,"offsetZ":0.0,"x":24152.0,"z":23848.0,"zone":4},{"angle":2.2522480487823486,"building":2,"builtAt":0.0,"edge":12929,"offsetX":3.917633533477783,"offsetZ":-4.106917858123779,"x":24168.0,"z":23848.0,"zone":3},{"angle":0.0,"building":0,"builtAt":0.0,"edge":-1,"offsetX":0.0,"offsetZ":0.0,"x":24184.0,"z":23848.0,"zone":3},{"angle":0.0,"building":0,"builtAt":0.0,"edge":-1,"offsetX":0.0,"offsetZ":0.0,"x":24200.0,"z":23848.0,"zone":3},{"angle":-2.4601409435272217,"building":1,"builtAt":0.0,"edge":13281,"offsetX":1.5350812673568726,"offsetZ":-5.021531105041504,"x":24216.0,"z":23848.0,"zone":3},{"angle":-2.4601409435272217,"building":2,"builtAt":0.0,"edge":13281,"offsetX":-1.4730476140975952,"offsetZ":4.504375457763672,"x":24232.0,"z":23848.0,"zone":3},{"angle":0.0,"building":0,"builtAt":0.0,"edge":-1,"offsetX":0.0,"offsetZ":0.0,"x":24248.0,"z":23848.0,"zone":3},{"angle":2.2522480487823486,"building":2,"builtAt":0.0,"edge":13963,"offsetX":-5.504047393798828,"offsetZ":0.7013303637504578,"x":24264.0,"z":23848.0,"zone":3},{"angle":0.0,"building":0,"builtAt":0.0,"edge":-1,"offsetX":0.0,"offsetZ":0.0,"x":24280.0,"z":23848.0,"zone":3},{"angle":-0.8893446326255798,"building":9,"builtAt":0.0,"edge":13964,"offsetX":-7.772275924682617,"offsetZ":-4.036936283111572,"x":24296.0,"z":23848.0,"zone":3},{"angle":0.6814517378807068,"building":2,"builtAt":0.0,"edge":13300,"offsetX":6.445248126983643,"offsetZ":-4.567173004150391,"x":24312.0,"z":23848.0,"zone":3},{"angle":0.6814517378807068,"building":1,"builtAt":0.0,"edge":13300,"offsetX":4.994445323944092,"offsetZ":6.311647891998291,"x":24328.0,"z":23848.0,"zone":3},{"angle":0.0,"building":0,"builtAt":0.0,"edge":-1,"offsetX":0.0,"offsetZ":0.0,"x":24344.0,"z":23848.0,"zone":3},{"angle":0.0,"building":0,"builtAt":0.0,"edge":-1,"offsetX":0.0,"offsetZ":0.0,"x":24360.0,"z":23848.0,"zone":3},{"angle":-2.4601409435272217,"building":1,"builtAt":0.0,"edge":13301,"offsetX":-2.9686625003814697,"offsetZ":5.472647666931152,"x":24376.0,"z":23848.0,"zone":3},{"angle":0.0,"building":0,"builtAt":0.0,"edge":-1,"offsetX":0.0,"offsetZ":0.0,"x":24120.0,"z":23864.0,"zone":3},{"angle":-2.4601409435272217,"building":22,"builtAt":0.0,"edge":13263,"offsetX":-3.245100498199463,"offsetZ":-1.9489800930023193,"x":24136.0,"z":23864.0,"zone":3},{"angle":2.2522480487823486,"building":1,"builtAt":0.0,"edge":12929,"offsetX":0.5141414403915405,"offsetZ":4.960072040557861,"x":24152.0,"z":23864.0,"zone":3},{"angle":2.2522480487823486,"building":2,"builtAt":0.0,"edge":12929,"offsetX":-6.075340270996094,"offsetZ":-7.808835506439209,"x":24168.0,"z":23864.0,"zone":3},{"angle":0.0,"building":0,"builtAt":0.0,"edge":-1,"offsetX":0.0,"offsetZ":0.0,"x":24184.0,"z":23864.0,"zone":3},{"angle":-0.8893446326255798,"building":1,"builtAt":0.0,"edge":12929,"offsetX":-2.3463518619537354,"offsetZ":0.7666692137718201,"x":24200.0,"z":23864.0,"zone":3},{"angle":0.6814517378807068,"building":1,"builtAt":0.0,"edge":13281,"offsetX":-0.7528484463691711,"offsetZ":7.343550205230713,"x":24216.0,"z":23864.0,"zone":3},{"angle":0.0,"building":0,"builtAt":0.0,"edge":-1,"offsetX":0.0,"offsetZ":0.0,"x":24232.0,"z":23864.0,"zone":3},{"angle":2.2522480487823486,"building":3,"builtAt":0.0,"edge":13963,"offsetX":-2.916088342666626,"offsetZ":-1.1502094268798828,"x":24248.0,"z":23864.0,"zone":3},{"angle":0.0,"building":0,"builtAt":0.0,"edge":-1,"offsetX":0.0,"offsetZ":0.0,"x":24264.0,"z":23864.0,"zone":3},{"angle":-0.8893445730209351,"building":22,"builtAt":0.0,"edge":13963,"offsetX":-5.3050150871276855,"offsetZ":-2.1601970195770264,"x":24280.0,"z":23864.0,"zone":3},{"angle":0.0,"building":0,"builtAt":0.0,"edge":-1,"offsetX":0.0,"offsetZ":0.0,"x":24296.0,"z":23864.0,"zone":3},{"angle":0.6814517378807068,"building":1,"builtAt":0.0,"edge":13300,"offsetX":7.19917106628418,"offsetZ":7.320481777191162,"x":24312.0,"z":23864.0,"zone":3},{"angle":0.6814517378807068,"building":2,"builtAt":0.0,"edge":13300,"offsetX":-1.9031918048858643,"offsetZ":-1.183935284614563,"x":24328.0,"z":23864.0,"zone":3},{"angle":0.0,"building":0,"builtAt":0.0,"edge":-1,"offsetX":0.0,"offsetZ":0.0,"x":24344.0,"z":23864.0,"zone":3},{"angle":0.0,"building":0,"builtAt":0.0,"edge":-1,"offsetX":0.0,"offsetZ":0.0,"x":24360.0,"z":23864.0,"zone":3},{"angle":0.0,"building":0,"builtAt":0.0,"edge":-1,"offsetX":0.0,"offsetZ":0.0,"x":24376.0,"z":23864.0,"zone":3},{"angle":0.6814517378807068,"building":3,"builtAt":0.0,"edge":13263,"offsetX":-1.1400740146636963,"offsetZ":-0.8172220587730408,"x":24120.0,"z":23880.0,"zone":3},{"angle":0.0,"building":0,"builtAt":0.0,"edge":-1,"offsetX":0.0,"offsetZ":0.0,"x":24136.0,"z":23880.0,"zone":3},{"angle":0.0,"building":0,"builtAt":0.0,"edge":-1,"offsetX":0.0,"offsetZ":0.0,"x":24152.0,"z":23880.0,"zone":3},{"angle":0.0,"building":0,"builtAt":0.0,"edge":-1,"offsetX":0.0,"offsetZ":0.0,"x":24168.0,"z":23880.0,"zone":3},{"angle":-0.8893446326255798,"building":22,"builtAt":0.0,"edge":12929,"offsetX":4.7152276039123535,"offsetZ":-2.0799367427825928,"x":24184.0,"z":23880.0,"zone":3},{"angle":-0.8893446326255798,"building":2,"builtAt":0.0,"edge":12929,"offsetX":-1.8095316886901855,"offsetZ":5.605101108551025,"x":24200.0,"z":23880.0,"zone":3},{"angle":0.6814517378807068,"building":1,"builtAt":0.0,"edge":13281,"offsetX":-7.17804479598999,"offsetZ":-0.7345272898674011,"x":24216.0,"z":23880.0,"zone":3},{"angle":0.681451678276062,"building":22,"builtAt":0.0,"edge":13281,"offsetX":-5.124361038208008,"offsetZ":2.5523903369903564,"x":24232.0,"z":23880.0,"zone":3},{"angle":0.0,"building":0,"builtAt":0.0,"edge":-1,"offsetX":0.0,"offsetZ":0.0,"x":24248.0,"z":23880.0,"zone":3},{"angle":-2.4601409435272217,"building":1,"builtAt":0.0,"edge":13282,"offsetX":-0.1704224795103073,"offsetZ":0.3670438826084137,"x":24264.0,"z":23880.0,"zone":3},{"angle":0.0,"building":0,"builtAt":0.0,"edge":-1,"offsetX":0.0,"offsetZ":0.0,"x":24280.0,"z":23880.0,"zone":3},{"angle":0.0,"building":0,"builtAt":0.0,"edge":-1,"offsetX":0.0,"offsetZ":0.0,"x":24296.0,"z":23880.0,"zone":3},{"angle":0.0,"building":0,"builtAt":0.0,"edge":-1,"offsetX":0.0,"offsetZ":0.0,"x":24312.0,"z":23880.0,"zone":3},{"angle":0.0,"building":0,"builtAt":0.0,"edge":-1,"offsetX":0.0,"offsetZ":0.0,"x":24328.0,"z":23880.0,"zone":3},{"angle":0.681451678276062,"building":2,"builtAt":0.0,"edge":13301,"offsetX":4.860185146331787,"offsetZ":3.2743849754333496,"x":24344.0,"z":23880.0,"zone":3},{"angle":0.681451678276062,"building":2,"builtAt":0.0,"edge":13301,"offsetX":-3.769737720489502,"offsetZ":-5.812526226043701,"x":24360.0,"z":23880.0,"zone":3},{"angle":0.0,"building":0,"builtAt":0.0,"edge":-1,"offsetX":0.0,"offsetZ":0.0,"x":24376.0,"z":23880.0,"zone":3},{"angle":0.0,"building":0,"builtAt":0.0,"edge":-1,"offsetX":0.0,"offsetZ":0.0,"x":24120.0,"z":23896.0,"zone":3},{"angle":0.6814517378807068,"building":2,"builtAt":0.0,"edge":13263,"offsetX":-1.946588158607483,"offsetZ":-6.386551856994629,"x":24136.0,"z":23896.0,"zone":3},{"angle":0.0,"building":0,"builtAt":0.0,"edge":-1,"offsetX":0.0,"offsetZ":0.0,"x":24152.0,"z":23896.0,"zone":3},{"angle":0.0,"building":0,"builtAt":0.0,"edge":-1,"offsetX":0.0,"offsetZ":0.0,"x":24168.0,"z":23896.0,"zone":3},{"angle":-0.8893445730209351,"building":2,"builtAt":0.0,"edge":12929,"offsetX":-5.706819534301758,"offsetZ":-6.131444931030273,"x":24184.0,"z":23896.0,"zone":3},{"angle":-2.4601409435272217,"building":1,"builtAt":0.0,"edge":13264,"offsetX":-5.573004245758057,"offsetZ":2.5289621353149414,"x":24200.0,"z":23896.0,"zone":3},{"angle":2.2522480487823486,"building":22,"builtAt":0.0,"edge":12953,"offsetX":-0.5796533823013306,"offsetZ":4.808083534240723,"x":24216.0,"z":23896.0,"zone":3},{"angle":0.0,"building":0,"builtAt":0.0,"edge":-1,"offsetX":0.0,"offsetZ":0.0,"x":24232.0,"z":23896.0,"zone":3},{"angle":0.6814517378807068,"building":2,"builtAt":0.0,"edge":13282,"offsetX":0.43868550658226013,"offsetZ":3.3431894779205322,"x":24248.0,"z":23896.0,"zone":3},{"angle":0.0,"building":0,"builtAt":0.0,"edge":-1,"offsetX":0.0,"offsetZ":0.0,"x":24264.0,"z":23896.0,"zone":3},{"angle":0.0,"building":0,"builtAt":0.0,"edge":-1,"offsetX":0.0,"offsetZ":0.0,"x":24280.0,"z":23896.0,"zone":3},{"angle":-2.4601409435272217,"building":1,"builtAt":0.0,"edge":13282,"offsetX":4.048153877258301,"offsetZ":0.5161816477775574,"x":24296.0,"z":23896.0,"zone":3},{"angle":0.0,"building":0,"builtAt":0.0,"edge":-1,"offsetX":0.0,"offsetZ":0.0,"x":24312.0,"z":23896.0,"zone":3},{"angle":0.0,"building":0,"builtAt":0.0,"edge":-1,"offsetX":0.0,"offsetZ":0.0,"x":24328.0,"z":23896.0,"zone":3},{"angle":0.0,"building":0,"builtAt":0.0,"edge":-1,"offsetX":0.0,"offsetZ":0.0,"x":24344.0,"z":23896.0,"zone":3},{"angle":0.0,"building":0,"builtAt":0.0,"edge":-1,"offsetX":0.0,"offsetZ":0.0,"x":24360.0,"z":23896.0,"zone":3},{"angle":0.681451678276062,"building":1,"builtAt":0.0,"edge":13301,"offsetX":7.090324401855469,"offsetZ":-0.9298690557479858,"x":24376.0,"z":23896.0,"zone":3}],"zonePalette":false}
[208.155s] [PlaytestInput] frame=13841 key=Home
[208.155s] [PlaytestState] {"cameraMode":0,"commandId":0,"commandInput":"","commandMessage":"","commandPalette":false,"cursorX":400,"cursorY":322,"development":{"completed":0,"count":0},"draftMessage":"","draftPoints":0,"draftValid":false,"driving":false,"editMode":0,"eyeY":414.1324157714844,"focusX":24252.0,"focusY":32.575355529785156,"focusZ":23772.0,"focused":true,"fps":109.8928966922238,"fpsGraph":false,"frame":13841,"funds":30.0,"gameHour":8.039999961853027,"income":30.30898,"localMapCenter":[24252.0,23772.0],"localMapHeadingUp":false,"localMapSpan":2000.0,"logicMs":0.017,"maintenance":22.71789867024176,"map":true,"mapBuilds":15,"mapContext":false,"mapCustomPixelShader":false,"mapX":24252.0,"mapZ":23772.0,"mapZoom":4.0,"nearbyRoads":[{"id":13765,"length":50.096553802490234,"open":true,"points":[[24184.245710017454,37.4201545715332,23402.493881529692],[24186.87543740885,37.40728441490625,23399.251568542553],[24189.505164800248,37.39441425827931,23396.00925555542],[24192.13489360234,37.38154409474828,23392.76694082897],[24194.764620523507,37.368673940422696,23389.524628421605],[24197.39434650421,37.35580379069984,23386.282317173776],[24200.02407154445,37.342933645579706,23383.040007085492],[24202.653799406078,37.3300634866514,23379.797693518583],[24205.283525386778,37.31719333692855,23376.55538227076],[24207.91325136748,37.30432318720568,23373.313071022934],[24210.542977348185,37.291453037482825,23370.070759775106],[24213.172703328884,37.27858288775997,23366.828448527285],[24215.802429309588,37.26571273803711,23363.586137279457]],"width":6.839999675750732},{"id":12848,"length":75.3116455078125,"open":true,"points":[[24084.107773628602,37.087406158447266,23525.95859225249],[24088.06082843304,37.16626295393985,23521.08468746174],[24092.01388323748,37.24511974943243,23516.210782670994],[24095.966938041915,37.32397654492501,23511.336877880243],[24099.919992846353,37.4028333404176,23506.462973089496],[24103.87304765079,37.481690135910185,23501.58906829875],[24107.82610528267,37.56054698780554,23496.715160021915],[24111.779155845943,37.63940369869397,23491.8412604603],[24115.732212064104,37.71826052238794,23486.967353926506],[24119.68526545482,37.79711728967914,23482.093450878805],[24123.638318845533,37.87597405697034,23477.2195478311],[24127.59137223625,37.954830824261535,23472.345644783396],[24131.544425626966,38.033687591552734,23467.47174173569]],"width":6.839999675750732},{"id":13803,"length":42.66592788696289,"open":true,"points":[[24030.355704276393,36.810420989990234,23592.23201402096],[24032.595373499,36.821962036956194,23589.470621858756],[24034.835042721603,36.83350308392215,23586.709229696546],[24037.074712544934,36.84504413398366,23583.947836793675],[24039.314381967783,36.85658518198147,23581.186444384584],[24041.554050990148,36.86812622791558,23578.42505246926],[24043.79372001251,36.87966727384969,23575.663660553942],[24046.033390636807,36.8912083280386,23572.90226666352],[24048.273059659175,36.90274937397271,23570.140874748202],[24050.512728681533,36.91429041990682,23567.379482832886],[24052.752399305835,36.92583147409572,23564.61808894246],[24054.992068328196,36.93737252002984,23561.856697027142],[24057.231738952498,36.94891357421875,23559.095303136724]],"width":6.839999675750732},{"id":12846,"length":67.05158233642578,"open":true,"points":[[23932.339416933068,36.665016174316406,23713.08084513701],[23935.859181175423,36.65745163008955,23708.74116439596],[23939.37894541778,36.64988708586271,23704.401483654918],[23942.898710289515,36.6423225402832,23700.061802137876],[23946.418475161256,36.6347579947037,23695.722120620834],[23949.938240032992,36.62719344912421,23691.38243910379],[23953.458003645967,36.61962890625,23687.04275913874],[23956.977767258937,36.61206436337579,23682.703079173683],[23960.497533389444,36.60449981509101,23678.36339610465],[23964.017297002418,36.5969352722168,23674.0237161396],[23967.53706313292,36.589370723932,23669.68403307057],[23971.056826745895,36.58180618105781,23665.34435310552],[23974.576590358865,36.574241638183594,23661.004673140465]],"width":6.839999675750732},{"id":13798,"length":43.819332122802734,"open":true,"points":[[23877.13575873594,35.95730972290039,23781.143998183044],[23879.435910818072,35.98679748731537,23778.308033895384],[23881.736062900203,36.01628525173035,23775.472069607724],[23884.036215187985,36.045773018781745,23772.63610506651],[23886.336367064465,36.07526078056031,23769.800141032407],[23888.63651811835,36.104748531793234,23766.964178012517],[23890.936670817424,36.13423630411746,23764.128212964195],[23893.236821871313,36.16372405535037,23761.29224994431],[23895.536973747792,36.19321181712894,23758.456285910204],[23897.837123979072,36.22269955781621,23755.62032390454],[23900.13727914595,36.25218736177738,23752.784355813554],[23902.43743266763,36.28167514464724,23749.94838975101],[23904.737587834505,36.3111629486084,23747.112421660026]],"width":6.839999675750732},{"id":12828,"length":75.30938720703125,"open":true,"points":[[24013.269180769486,37.10893249511719,23468.5038712713],[24017.222236280784,37.17088351506521,23463.62996560903],[24021.175291792086,37.23283453501325,23458.756059946758],[24025.128346596524,37.294785543883556,23453.88215515601],[24029.081402814685,37.35673657490929,23449.00824862222],[24033.034460446568,37.418687628090424,23444.134340345387],[24036.987515251003,37.48063863696075,23439.260435554635],[24040.94056864172,37.54258962367566,23434.386532506935],[24044.893619204988,37.60454056607978,23429.512632945316],[24048.846672595704,37.666491552794696,23424.638729897615],[24052.799725986417,37.728442539509615,23419.76482684991],[24056.752779377133,37.790393526224534,23414.890923802206],[24060.70583276785,37.85234451293945,23410.0170207545]],"width":11.699999809265137},{"id":12827,"length":85.33165740966797,"open":true,"points":[[23959.517111417277,36.91480255126953,23534.77729303977],[23963.99645106394,36.930980048518684,23529.254507234033],[23968.475790710603,36.94715754576782,23523.73172142829],[23972.955131959203,36.96333504880249,23518.20893364745],[23977.43447000393,36.979512540266114,23512.686149816807],[23981.91381125253,36.995690043300776,23507.16336203597],[23986.393149297255,37.011867534764406,23501.64057820533],[23990.872490545855,37.028045037799075,23496.117790424487],[23995.351834998328,37.04422255240479,23490.594998693443],[23999.831176246924,37.06040005543945,23485.072210912604],[24004.310511087777,37.076577535332035,23479.549431032166],[24008.789845928633,37.09275501522461,23474.026651151733],[24013.269180769486,37.10893249511719,23468.5038712713]],"width":11.699999809265137},{"id":13709,"length":44.274784088134766,"open":true,"points":[[23903.73799749975,37.11899185180664,23603.549952159276],[23906.0621266922,37.1104839663127,23600.68442537916],[23908.386255884645,37.10197608081876,23597.81889859904],[23910.71038424592,37.09346819836747,23594.953372843716],[23913.034513438368,37.084960312873534,23592.087846063598],[23915.35864346199,37.076452424336935,23589.222318258686],[23917.68277348561,37.067944535800336,23586.356790453774],[23920.006903509235,37.05943664726374,23583.491262648862],[23922.331034364022,37.05092875568449,23580.62573381916],[23924.655163556476,37.04242087019054,23577.760207039042],[23926.979294411267,37.03391297861128,23574.89467820934],[23929.303421941368,37.025405099202665,23572.02915347881],[23931.62755445851,37.016897201538086,23569.16362259952]],"width":11.699999809265137},{"id":12825,"length":67.05155181884766,"open":true,"points":[[23861.50082407395,37.06214904785156,23655.62612415582],[23865.020588945692,37.066885948745835,23651.28644263878],[23868.540353817425,37.071622849640114,23646.946761121733],[23872.06011994793,37.07635975222843,23642.607078052704],[23875.579883560906,37.08109665142865,23638.267398087653],[23879.099647173876,37.085833550628884,23633.9277181226],[23882.619413304386,37.0905704532172,23629.58803505357],[23886.139176917357,37.09530735241742,23625.248355088515],[23889.658940530328,37.10004425161765,23620.90867512346],[23893.1787041433,37.10478115081787,23616.56899515841],[23896.698467756272,37.109518050018096,23612.229315193363],[23900.218231369246,37.11425494921833,23607.889635228308],[23903.73799749975,37.11899185180664,23603.549952159276]],"width":11.699999809265137},{"id":12863,"length":95.55066680908203,"open":true,"points":[[23879.72899447735,33.08394241333008,23906.271273691305],[23884.744619889385,33.14690938084118,23900.087276268132],[23889.760245301415,33.20987634835229,23893.90327884496],[23894.775872507176,33.27284333838213,23887.719279210218],[23899.79149791921,33.33581030589323,23881.535281787044],[23904.807125124968,33.39877729592308,23875.3512821523],[23909.82275233073,33.46174428595293,23869.16728251756],[23914.83837953649,33.52471127598278,23862.983282882815],[23919.85400494852,33.587678243493876,23856.79928545964],[23924.86963394801,33.65064525604248,23850.615283613326],[23929.885259360042,33.713612223553575,23844.431286190156],[23934.90088835953,33.77657923610217,23838.24728434384],[23939.916513771564,33.83954620361328,23832.063286920667]],"width":11.699999809265137},{"id":13800,"length":43.81911087036133,"open":true,"points":[[23939.916513771564,33.83954620361328,23832.063286920667],[23942.216666059347,33.86660194235708,23829.227322379455],[23944.516818758428,33.89365768593882,23826.391357331126],[23946.816971046206,33.92071342468262,23823.555392789913],[23949.117122922686,33.94776915858847,23820.71942875581],[23951.417276444365,33.9748249118461,23817.883462693266],[23953.717428320848,34.00188064575195,23815.047498659158],[23956.017580197327,34.02893637965781,23812.211534625054],[23958.317733719006,34.055992132915435,23809.375568562507],[23960.617885595486,34.08304786682129,23806.539604528403],[23962.918037471965,34.11010360072714,23803.7036404943],[23965.218190993648,34.13715935398477,23800.867674431753],[23967.518342870128,34.164215087890625,23798.03171039765]],"width":11.699999809265137},{"id":12865,"length":67.05329895019531,"open":true,"points":[[23995.12017196869,34.48888397216797,23764.000133874633],[23998.639936211046,34.52957852438919,23759.660453133583],[24002.1597004534,34.57027307661041,23755.32077239254],[24005.679465325138,34.6109676361084,23750.9810908755],[24009.19923019688,34.65166219560638,23746.641409358457],[24012.718995068615,34.692356755104356,23742.30172784141],[24016.23875868159,34.73305130004883,23737.96204787636],[24019.758524812096,34.773745874100314,23733.62236480733],[24023.278288425066,34.814440419044786,23729.282684842274],[24026.79805455557,34.85513499309628,23724.943001773245],[24030.317818168543,34.89582953804075,23720.603321808194],[24033.837586816582,34.93652414119925,23716.263635635176],[24037.35734539449,34.97721862792969,23711.92396187809]],"width":11.699999809265137},{"id":13838,"length":44.27477264404297,"open":true,"points":[[24037.35734539449,34.97721862792969,23711.92396187809],[24039.68147521032,34.98487504346141,23709.058434329374],[24042.00560502615,34.99253145899314,23706.19290678066],[24044.329734218594,35.000187872471265,23703.327380000545],[24046.6538646578,35.0078442900566,23700.461851683238],[24048.977994681423,35.01550070627286,23697.596323878333],[24051.302123042693,35.02315711701283,23694.730798123004],[24053.62625306632,35.03081353322909,23691.865270318092],[24055.95038392111,35.038469952183505,23688.99974148839],[24058.274514775905,35.046126371137916,23686.134212658686],[24060.59864396836,35.05378278461603,23683.26868587857],[24062.9227731608,35.06143919809414,23680.403159098452],[24065.246900690905,35.06909560609597,23677.53763436792]],"width":11.699999809265137},{"id":13805,"length":42.66621017456055,"open":true,"points":[[24093.136459312016,35.160972595214844,23643.151302758582],[24095.376129135348,35.17807324931232,23640.389909855712],[24097.615798558192,35.19517390035196,23637.62851744662],[24099.85546878201,35.21227455750727,23634.86712404997],[24102.095137804376,35.22937520548908,23632.105732134652],[24104.334807627703,35.24647585958655,23629.344339231786],[24106.574476650065,35.26357650756836,23626.582947316467],[24108.814148876307,35.280677180012844,23623.821551450943],[24111.053817898668,35.29777782799465,23621.060159535624],[24113.293490124903,35.314878500439136,23618.298763670096],[24115.533159147268,35.33197914842094,23615.53737175478],[24117.772824965756,35.349079771940076,23612.775983789666],[24120.01249398812,35.366180419921875,23610.014591874347]],"width":11.699999809265137},{"id":12868,"length":75.3056869506836,"open":true,"points":[[24146.888528664225,35.571388244628906,23576.877880990112],[24150.8415827618,35.57266648602813,23572.003977070886],[24154.794636859377,35.573944727427374,23567.13007315166],[24158.747690956952,35.575222968826615,23562.256169232434],[24162.70074505453,35.576501210225835,23557.382265313205],[24166.653797031526,35.57777945093938,23552.50836400855],[24170.60685183596,35.579057692567176,23547.6344592178],[24174.55990805412,35.58033593465212,23542.760552684013],[24178.512961444838,35.58161417582277,23537.886649636308],[24182.466014835554,35.582892416993445,23533.012746588603],[24186.419073881156,35.58417065999265,23528.138836568723],[24190.372124444428,35.585448900249055,23523.264937007105],[24194.32518066259,35.586727142333984,23518.391030473314]],"width":11.699999809265137},{"id":12869,"length":83.66351318359375,"open":true,"points":[[24194.32518066259,35.586727142333984,23518.391030473314],[24198.716954492684,35.57106208754584,23512.976208628104],[24203.10872832277,35.555397032757696,23507.5613867829],[24207.500503330833,35.53973197376786,23502.146563485323],[24211.892277553576,35.52406691757915,23496.731741155996],[24216.284051776325,35.50840186139044,23491.316918826666],[24220.67582599907,35.49273680520173,23485.90209649733],[24225.0675986512,35.47707175461528,23480.487276104494],[24229.45937444457,35.46140669282431,23475.07245183867],[24233.851150237937,35.44574163103334,23469.65762757285],[24238.242922890066,35.430076580446894,23464.24280718001],[24242.63469240095,35.414411541064965,23458.827990660153],[24247.026465053077,35.398746490478516,23453.413170267315]],"width":11.699999809265137},{"id":12870,"length":100.1954345703125,"open":true,"points":[[24247.026465053077,35.398746490478516,23453.413170267315],[24252.285918425176,35.335856753700284,23446.92854603235],[24257.545371797274,35.27296701692205,23440.443921797392],[24262.804824699146,35.21007728576661,23433.959298142196],[24268.064278541475,35.1471875433656,23427.474673327466],[24273.323730502878,35.0842978234557,23420.990050831813],[24278.58318434521,35.02140808105469,23414.50542601708],[24283.84264006847,34.958518316162554,23408.020798883266],[24289.102092029872,34.895628596252664,23401.536176387614],[24294.36154399128,34.832738876342766,23395.051553891964],[24299.620995952682,34.76984915643288,23388.56693139631],[24304.880451675937,34.70695939154075,23382.082304262494],[24310.139903637344,34.64406967163086,23375.597681766845]],"width":11.699999809265137},{"id":13860,"length":47.774295806884766,"open":true,"points":[[23929.41423428668,32.499351501464844,23946.569245106493],[23931.922047665343,32.51656198552878,23943.47724556557],[23934.429861044006,32.533772469592726,23940.38524602464],[23936.93767509532,32.55098295827287,23937.29324565438],[23939.4454886982,32.568193443875536,23934.201245837008],[23941.95330230108,32.58540392947822,23931.109246019634],[23944.46111590396,32.60261441508089,23928.017246202264],[23946.968930403706,32.61982490683852,23924.925245279108],[23949.476744903448,32.63703539859615,23921.83324435595],[23951.984557609467,32.65424587804387,23918.741245644364],[23954.49236852175,32.67145634518169,23915.64924914435],[23957.000183021497,32.68866683693932,23912.557248221194],[23959.507993933785,32.70587730407715,23909.465251721176]],"width":13.199999809265137},{"id":12885,"length":67.05479431152344,"open":true,"points":[[24044.80541177802,33.62478256225586,23804.29810528982],[24048.325176020375,33.68003781307209,23799.95842454877],[24051.84494026273,33.73529306388832,23795.61874380773],[24055.364705134467,33.79054832458496,23791.279062290687],[24058.88446874744,33.84580356552078,23786.939382325632],[24062.404233619178,33.90105882621742,23782.59970080859],[24065.923998490918,33.95631408691406,23778.26001929155],[24069.44376210389,34.011569327849884,23773.920339326494],[24072.963525716863,34.0668245687857,23769.580659361447],[24076.483289329833,34.12207980972153,23765.240979396396],[24080.00305546034,34.17733509017898,23760.901296327364],[24083.52281403825,34.23259025207154,23756.561622570272],[24087.042585203817,34.287845611572266,23752.221933293276]],"width":13.199999809265137},{"id":13840,"length":44.27477264404297,"open":true,"points":[[24087.042585203817,34.287845611572266,23752.221933293276],[24089.36671522744,34.29522260118051,23749.356405488365],[24091.690845251058,34.30259959078876,23746.490877683453],[24094.014974443508,34.30997657775879,23743.625350903334],[24096.339105298302,34.31735357000525,23740.759822073633],[24098.663234490752,34.32473055697528,23737.89429529352],[24100.98736285202,34.332107541307096,23735.028769538192],[24103.311492875648,34.33948453091534,23732.16324173328],[24105.63562373044,34.3468615231618,23729.29771290358],[24107.959754585234,34.35423851540827,23726.432184073874],[24110.283883777687,34.3616155023783,23723.56665729376],[24112.60801297013,34.36899248934833,23720.70113051364],[24114.932140500234,34.376369471041926,23717.835605783108]],"width":13.199999809265137}],"pauseMenu":false,"pedestrians":{"completed":0,"drawCalls":1,"population":10000,"renderMs":0.0,"ridingCar":0,"ridingTrain":0,"updateMs":0.976,"visible":91,"waitingCar":0,"waitingTrain":0,"walking":341},"plans":0,"population":233146,"railway":{"depots":0,"edgeCount":1269,"editorVisible":false,"lines":[{"enabled":true,"first":480,"id":0,"interval":270.0,"last":1380,"name":"汐淵・鵜池線","next":270.0,"stops":[17680,17681]},{"enabled":true,"first":480,"id":1,"interval":1380.0,"last":1380,"name":"鵜池・常宮線","next":1440.0,"stops":[17681,17743]},{"enabled":true,"first":480,"id":2,"interval":210.0,"last":1380,"name":"常宮・網瀬洗線","next":210.0,"stops":[17743,18160]},{"enabled":true,"first":480,"id":3,"interval":1140.0,"last":1380,"name":"網瀬洗・葦草第3地区線","next":1440.0,"stops":[18160,18212]},{"enabled":true,"first":480,"id":4,"interval":120.0,"last":1380,"name":"葦草第3地区・葦草線","next":120.0,"stops":[18212,18559]},{"enabled":true,"first":480,"id":5,"interval":150.0,"last":1380,"name":"葦草第3地区・葦草第2地区線","next":150.0,"stops":[18212,18574]},{"enabled":true,"first":480,"id":6,"interval":210.0,"last":1380,"name":"葦草第3地区・秋神線","next":210.0,"stops":[18212,18602]},{"enabled":true,"first":480,"id":7,"interval":990.0,"last":1380,"name":"葦草第2地区・玉寺線","next":1440.0,"stops":[18574,18654]}],"message":"","stations":[{"id":17680,"name":"汐淵","position":[62375.3517339767,52.0,53503.86182038857]},{"id":17681,"name":"鵜池","position":[58668.00913071976,43.0,52852.76884116136]},{"id":17743,"name":"常宮","position":[48529.05328003586,69.5,30835.606379331177]},{"id":18160,"name":"網瀬洗","position":[45508.17318802182,48.5,30061.235276059448]},{"id":18212,"name":"葦草第3地区","position":[24688.427373988667,52.0,22959.968090410068]},{"id":18559,"name":"葦草","position":[24090.089516332482,57.0,23697.686613220016]},{"id":18574,"name":"葦草第2地区","position":[23546.43567707546,44.5,24367.98267101535]},{"id":18602,"name":"秋神","position":[23495.00371227449,64.0,19984.44194673403]},{"id":18654,"name":"玉寺","position":[16738.027409982784,50.0,43665.12840887711]}],"trains":[{"id":0,"line":0,"passengers":0,"position":[62364.64445286007,52.0,53462.17735144537],"speed":2.3999998569488525,"state":0,"stopIndex":1},{"id":1,"line":1,"passengers":0,"position":[58589.384874759184,42.652380563843955,52879.41532842659],"speed":2.3999998569488525,"state":0,"stopIndex":1},{"id":2,"line":2,"passengers":0,"position":[48499.05821813552,69.5,30866.4695788021],"speed":2.3999998569488525,"state":0,"stopIndex":1},{"id":3,"line":3,"passengers":0,"position":[45444.70614344761,48.21896940503315,30007.719917036047],"speed":2.3999998569488525,"state":0,"stopIndex":1},{"id":4,"line":4,"passengers":0,"position":[24659.942770952694,52.0,22992.230579617677],"speed":2.3999998569488525,"state":0,"stopIndex":1},{"id":5,"line":5,"passengers":0,"position":[24659.942770952694,52.0,22992.230579617677],"speed":2.3999998569488525,"state":0,"stopIndex":1},{"id":6,"line":6,"passengers":0,"position":[24716.91197702464,52.0,22927.70560120246],"speed":2.3999998569488525,"state":0,"stopIndex":1},{"id":7,"line":7,"passengers":0,"position":[23492.755045342943,44.253786619728,24431.31051373995],"speed":2.3999998569488525,"state":0,"stopIndex":1}]},"renderMs":10.638,"selectionId":-1,"selectionKind":0,"signalsMs":0.0,"sound":{"enginePitch":1.0,"enginePlaying":false,"events":0,"outputPeak":0.0,"volume":0.6},"textInput":false,"timeSpeed":0,"townLabels":[{"anchor":[640.0,251.29129028320313],"bounds":[591.91015625,197.29129028320313,96.1796875,45.0],"name":"葦草市"}],"traffic":{"accessPoints":22248,"cars":616,"completed":0,"localCars":616,"localTarget":2400,"routeFailures":0,"spawned":616,"stopped":38,"updateMs":2.178336},"zone":2,"zoneBrush":1,"zoneCells":[{"angle":0.0,"building":0,"builtAt":0.0,"edge":-1,"offsetX":0.0,"offsetZ":0.0,"x":24120.0,"z":23640.0,"zone":4},{"angle":0.0,"building":0,"builtAt":0.0,"edge":-1,"offsetX":0.0,"offsetZ":0.0,"x":24136.0,"z":23640.0,"zone":4},{"angle":0.0,"building":0,"builtAt":0.0,"edge":-1,"offsetX":0.0,"offsetZ":0.0,"x":24152.0,"z":23640.0,"zone":4},{"angle":0.0,"building":0,"builtAt":0.0,"edge":-1,"offsetX":0.0,"offsetZ":0.0,"x":24168.0,"z":23640.0,"zone":4},{"angle":0.0,"building":0,"builtAt":0.0,"edge":-1,"offsetX":0.0,"offsetZ":0.0,"x":24184.0,"z":23640.0,"zone":4},{"angle":0.0,"building":0,"builtAt":0.0,"edge":-1,"offsetX":0.0,"offsetZ":0.0,"x":24200.0,"z":23640.0,"zone":4},{"angle":0.6814517378807068,"building":3,"builtAt":0.0,"edge":13314,"offsetX":-6.154789924621582,"offsetZ":2.631941318511963,"x":24216.0,"z":23640.0,"zone":4},{"angle":-2.4601409435272217,"building":5,"builtAt":0.0,"edge":13314,"offsetX":1.7993983030319214,"offsetZ":-6.419382572174072,"x":24232.0,"z":23640.0,"zone":4},{"angle":-2.4601409435272217,"building":2,"builtAt":0.0,"edge":13314,"offsetX":-4.645404815673828,"offsetZ":2.2820231914520264,"x":24248.0,"z":23640.0,"zone":3},{"angle":2.2522480487823486,"building":2,"builtAt":0.0,"edge":12908,"offsetX":-0.9939571022987366,"offsetZ":-0.4058094918727875,"x":24264.0,"z":23640.0,"zone":3},{"angle":-0.8893446326255798,"building":22,"builtAt":0.0,"edge":12908,"offsetX":7.369441032409668,"offsetZ":2.337386131286621,"x":24280.0,"z":23640.0,"zone":3},{"angle":-0.8893446326255798,"building":1,"builtAt":0.0,"edge":12908,"offsetX":7.765885353088379,"offsetZ":-1.3827219009399414,"x":24296.0,"z":23640.0,"zone":3},{"angle":0.681451678276062,"building":22,"builtAt":0.0,"edge":13331,"offsetX":6.7182936668396,"offsetZ":-6.901335716247559,"x":24312.0,"z":23640.0,"zone":3},{"angle":0.6814517378807068,"building":22,"builtAt":0.0,"edge":13331,"offsetX":4.2420973777771,"offsetZ":4.102306365966797,"x":24328.0,"z":23640.0,"zone":3},{"angle":0.0,"building":0,"builtAt":0.0,"edge":-1,"offsetX":0.0,"offsetZ":0.0,"x":24344.0,"z":23640.0,"zone":3},{"angle":0.0,"building":0,"builtAt":0.0,"edge":-1,"offsetX":0.0,"offsetZ":0.0,"x":24360.0,"z":23640.0,"zone":3},{"angle":-2.4601409435272217,"building":1,"builtAt":0.0,"edge":13332,"offsetX":4.055675029754639,"offsetZ":3.697913408279419,"x":24376.0,"z":23640.0,"zone":3},{"angle":0.0,"building":0,"builtAt":0.0,"edge":-1,"offsetX":0.0,"offsetZ":0.0,"x":24120.0,"z":23656.0,"zone":4},{"angle":0.0,"building":0,"builtAt":0.0,"edge":-1,"offsetX":0.0,"offsetZ":0.0,"x":24136.0,"z":23656.0,"zone":4},{"angle":0.0,"building":0,"builtAt":0.0,"edge":-1,"offsetX":0.0,"offsetZ":0.0,"x":24152.0,"z":23656.0,"zone":4},{"angle":0.0,"building":0,"builtAt":0.0,"edge":-1,"offsetX":0.0,"offsetZ":0.0,"x":24168.0,"z":23656.0,"zone":4},{"angle":0.0,"building":0,"builtAt":0.0,"edge":-1,"offsetX":0.0,"offsetZ":0.0,"x":24184.0,"z":23656.0,"zone":4},{"angle":0.0,"building":0,"builtAt":0.0,"edge":-1,"offsetX":0.0,"offsetZ":0.0,"x":24200.0,"z":23656.0,"zone":4},{"angle":0.0,"building":0,"builtAt":0.0,"edge":-1,"offsetX":0.0,"offsetZ":0.0,"x":24216.0,"z":23656.0,"zone":4},{"angle":0.6814517378807068,"building":6,"builtAt":0.0,"edge":13314,"offsetX":-2.1298155784606934,"offsetZ":2.907579183578491,"x":24232.0,"z":23656.0,"zone":4},{"angle":-2.4601409435272217,"building":1,"builtAt":0.0,"edge":13314,"offsetX":4.912838459014893,"offsetZ":-5.019872188568115,"x":24248.0,"z":23656.0,"zone":3},{"angle":-0.8893446326255798,"building":22,"builtAt":0.0,"edge":12908,"offsetX":6.674298286437988,"offsetZ":6.832339286804199,"x":24264.0,"z":23656.0,"zone":3},{"angle":-0.8893446326255798,"building":1,"builtAt":0.0,"edge":12908,"offsetX":-2.0072314739227295,"offsetZ":-4.2505974769592285,"x":24280.0,"z":23656.0,"zone":3},{"angle":-0.8893446326255798,"building":2,"builtAt":0.0,"edge":12908,"offsetX":0.8446816802024841,"offsetZ":-5.977575778961182,"x":24296.0,"z":23656.0,"zone":3},{"angle":2.2522480487823486,"building":2,"builtAt":0.0,"edge":12932,"offsetX":-5.701622486114502,"offsetZ":1.6881537437438965,"x":24312.0,"z":23656.0,"zone":3},{"angle":0.0,"building":0,"builtAt":0.0,"edge":-1,"offsetX":0.0,"offsetZ":0.0,"x":24328.0,"z":23656.0,"zone":3},{"angle":0.0,"building":0,"builtAt":0.0,"edge":-1,"offsetX":0.0,"offsetZ":0.0,"x":24344.0,"z":23656.0,"zone":3},{"angle":0.0,"building":0,"builtAt":0.0,"edge":-1,"offsetX":0.0,"offsetZ":0.0,"x":24360.0,"z":23656.0,"zone":3},{"angle":-2.4601409435272217,"building":1,"builtAt":0.0,"edge":13332,"offsetX":-2.369521141052246,"offsetZ":-4.38016414642334,"x":24376.0,"z":23656.0,"zone":3},{"angle":0.0,"building":0,"builtAt":0.0,"edge":-1,"offsetX":0.0,"offsetZ":0.0,"x":24120.0,"z":23672.0,"zone":0},{"angle":0.0,"building":0,"builtAt":0.0,"edge":-1,"offsetX":0.0,"offsetZ":0.0,"x":24136.0,"z":23672.0,"zone":4},{"angle":0.0,"building":0,"builtAt":0.0,"edge":-1,"offsetX":0.0,"offsetZ":0.0,"x":24152.0,"z":23672.0,"zone":4},{"angle":0.0,"building":0,"builtAt":0.0,"edge":-1,"offsetX":0.0,"offsetZ":0.0,"x":24168.0,"z":23672.0,"zone":4},{"angle":0.0,"building":0,"builtAt":0.0,"edge":-1,"offsetX":0.0,"offsetZ":0.0,"x":24184.0,"z":23672.0,"zone":4},{"angle":0.0,"building":0,"builtAt":0.0,"edge":-1,"offsetX":0.0,"offsetZ":0.0,"x":24200.0,"z":23672.0,"zone":4},{"angle":0.0,"building":0,"builtAt":0.0,"edge":-1,"offsetX":0.0,"offsetZ":0.0,"x":24216.0,"z":23672.0,"zone":4},{"angle":0.0,"building":0,"builtAt":0.0,"edge":-1,"offsetX":0.0,"offsetZ":0.0,"x":24232.0,"z":23672.0,"zone":4},{"angle":0.0,"building":0,"builtAt":0.0,"edge":-1,"offsetX":0.0,"offsetZ":0.0,"x":24248.0,"z":23672.0,"zone":4},{"angle":0.681451678276062,"building":2,"builtAt":0.0,"edge":13315,"offsetX":-6.2566328048706055,"offsetZ":7.641294956207275,"x":24264.0,"z":23672.0,"zone":3},{"angle":-2.4601409435272217,"building":2,"builtAt":0.0,"edge":13315,"offsetX":4.3646721839904785,"offsetZ":3.455223321914673,"x":24280.0,"z":23672.0,"zone":3},{"angle":-2.4601409435272217,"building":2,"builtAt":0.0,"edge":13315,"offsetX":-4.265249729156494,"offsetZ":-5.631687641143799,"x":24296.0,"z":23672.0,"zone":3},{"angle":2.2522480487823486,"building":22,"builtAt":0.0,"edge":12932,"offsetX":3.77361798286438,"offsetZ":-6.626807689666748,"x":24312.0,"z":23672.0,"zone":3},{"angle":0.0,"building":0,"builtAt":0.0,"edge":-1,"offsetX":0.0,"offsetZ":0.0,"x":24328.0,"z":23672.0,"zone":3},{"angle":0.0,"building":0,"builtAt":0.0,"edge":-1,"offsetX":0.0,"offsetZ":0.0,"x":24344.0,"z":23672.0,"zone":3},{"angle":-0.8893446326255798,"building":2,"builtAt":0.0,"edge":12932,"offsetX":-4.96362829208374,"offsetZ":0.1304757297039032,"x":24360.0,"z":23672.0,"zone":3},{"angle":0.6814517378807068,"building":5,"builtAt":0.0,"edge":13332,"offsetX":-2.546783685684204,"offsetZ":5.799036502838135,"x":24376.0,"z":23672.0,"zone":3},{"angle":0.0,"building":0,"builtAt":0.0,"edge":-1,"offsetX":0.0,"offsetZ":0.0,"x":24120.0,"z":23688.0,"zone":0},{"angle":0.0,"building":0,"builtAt":0.0,"edge":-1,"offsetX":0.0,"offsetZ":0.0,"x":24136.0,"z":23688.0,"zone":0},{"angle":0.0,"building":0,"builtAt":0.0,"edge":-1,"offsetX":0.0,"offsetZ":0.0,"x":24152.0,"z":23688.0,"zone":4},{"angle":-2.4601409435272217,"building":4,"builtAt":0.0,"edge":13297,"offsetX":3.924286365509033,"offsetZ":0.052965693175792694,"x":24168.0,"z":23688.0,"zone":4},{"angle":0.0,"building":0,"builtAt":0.0,"edge":-1,"offsetX":0.0,"offsetZ":0.0,"x":24184.0,"z":23688.0,"zone":4},{"angle":0.0,"building":0,"builtAt":0.0,"edge":-1,"offsetX":0.0,"offsetZ":0.0,"x":24200.0,"z":23688.0,"zone":4},{"angle":0.0,"building":0,"builtAt":0.0,"edge":-1,"offsetX":0.0,"offsetZ":0.0,"x":24216.0,"z":23688.0,"zone":4},{"angle":2.2522480487823486,"building":3,"builtAt":0.0,"edge":13917,"offsetX":-5.8597187995910645,"offsetZ":-5.19177770614624,"x":24232.0,"z":23688.0,"zone":4},{"angle":0.0,"building":0,"builtAt":0.0,"edge":-1,"offsetX":0.0,"offsetZ":0.0,"x":24248.0,"z":23688.0,"zone":4},{"angle":0.681451678276062,"building":1,"builtAt":0.0,"edge":13315,"offsetX":8.20810604095459,"offsetZ":2.443617820739746,"x":24264.0,"z":23688.0,"zone":3},{"angle":0.0,"building":0,"builtAt":0.0,"edge":-1,"offsetX":0.0,"offsetZ":0.0,"x":24280.0,"z":23688.0,"zone":3},{"angle":-2.4601409435272217,"building":22,"builtAt":0.0,"edge":13315,"offsetX":2.7603297233581543,"offsetZ":-1.6592320203781128,"x":24296.0,"z":23688.0,"zone":3},{"angle":0.0,"building":0,"builtAt":0.0,"edge":-1,"offsetX":0.0,"offsetZ":0.0,"x":24312.0,"z":23688.0,"zone":3},{"angle":0.0,"building":0,"builtAt":0.0,"edge":-1,"offsetX":0.0,"offsetZ":0.0,"x":24328.0,"z":23688.0,"zone":3},{"angle":-0.8893446326255798,"building":5,"builtAt":0.0,"edge":12932,"offsetX":-0.6748335361480713,"offsetZ":-0.2807047367095947,"x":24344.0,"z":23688.0,"zone":3},{"angle":0.0,"building":0,"builtAt":0.0,"edge":-1,"offsetX":0.0,"offsetZ":0.0,"x":24360.0,"z":23688.0,"zone":3},{"angle":0.0,"building":0,"builtAt":0.0,"edge":-1,"offsetX":0.0,"offsetZ":0.0,"x":24376.0,"z":23688.0,"zone":3},{"angle":0.0,"building":0,"builtAt":0.0,"edge":-1,"offsetX":0.0,"offsetZ":0.0,"x":24120.0,"z":23704.0,"zone":0},{"angle":0.0,"building":0,"builtAt":0.0,"edge":-1,"offsetX":0.0,"offsetZ":0.0,"x":24136.0,"z":23704.0,"zone":4},{"angle":0.0,"building":0,"builtAt":0.0,"edge":-1,"offsetX":0.0,"offsetZ":0.0,"x":24152.0,"z":23704.0,"zone":4},{"angle":0.0,"building":0,"builtAt":0.0,"edge":-1,"offsetX":0.0,"offsetZ":0.0,"x":24168.0,"z":23704.0,"zone":4},{"angle":0.0,"building":0,"builtAt":0.0,"edge":-1,"offsetX":0.0,"offsetZ":0.0,"x":24184.0,"z":23704.0,"zone":4},{"angle":0.0,"building":0,"builtAt":0.0,"edge":-1,"offsetX":0.0,"offsetZ":0.0,"x":24200.0,"z":23704.0,"zone":4},{"angle":2.2522480487823486,"building":5,"builtAt":0.0,"edge":13916,"offsetX":-2.0915510654449463,"offsetZ":-4.87722110748291,"x":24216.0,"z":23704.0,"zone":4},{"angle":0.6814517378807068,"building":5,"builtAt":0.0,"edge":13920,"offsetX":-1.634013295173645,"offsetZ":8.299647331237793,"x":24232.0,"z":23704.0,"zone":4},{"angle":-2.4601409435272217,"building":5,"builtAt":0.0,"edge":13920,"offsetX":-5.114144802093506,"offsetZ":-7.136678695678711,"x":24248.0,"z":23704.0,"zone":4},{"angle":-2.4601409435272217,"building":1,"builtAt":0.0,"edge":13920,"offsetX":-7.655171871185303,"offsetZ":5.670788288116455,"x":24264.0,"z":23704.0,"zone":3},{"angle":2.2522480487823486,"building":1,"builtAt":0.0,"edge":13919,"offsetX":-0.2724016010761261,"offsetZ":8.086161613464355,"x":24280.0,"z":23704.0,"zone":3},{"angle":0.0,"building":0,"builtAt":0.0,"edge":-1,"offsetX":0.0,"offsetZ":0.0,"x":24296.0,"z":23704.0,"zone":3},{"angle":0.0,"building":0,"builtAt":0.0,"edge":-1,"offsetX":0.0,"offsetZ":0.0,"x":24312.0,"z":23704.0,"zone":3},{"angle":-0.8893445730209351,"building":2,"builtAt":0.0,"edge":12932,"offsetX":2.4476945400238037,"offsetZ":-1.6342653036117554,"x":24328.0,"z":23704.0,"zone":3},{"angle":-2.4601409435272217,"building":22,"builtAt":0.0,"edge":13316,"offsetX":3.705528974533081,"offsetZ":5.544941425323486,"x":24344.0,"z":23704.0,"zone":3},{"angle":-2.4601409435272217,"building":22,"builtAt":0.0,"edge":13316,"offsetX":-4.294471740722656,"offsetZ":-4.318628787994385,"x":24360.0,"z":23704.0,"zone":3},{"angle":2.2522480487823486,"building":1,"builtAt":0.0,"edge":12956,"offsetX":0.7640894055366516,"offsetZ":-0.11544811725616455,"x":24376.0,"z":23704.0,"zone":3},{"angle":0.0,"building":0,"builtAt":0.0,"edge":-1,"offsetX":0.0,"offsetZ":0.0,"x":24120.0,"z":23720.0,"zone":4},{"angle":0.0,"building":0,"builtAt":0.0,"edge":-1,"offsetX":0.0,"offsetZ":0.0,"x":24136.0,"z":23720.0,"zone":4},{"angle":0.0,"building":0,"builtAt":0.0,"edge":-1,"offsetX":0.0,"offsetZ":0.0,"x":24152.0,"z":23720.0,"zone":4},{"angle":0.6814517378807068,"building":3,"builtAt":0.0,"edge":13297,"offsetX":-5.06278133392334,"offsetZ":-1.243548035621643,"x":24168.0,"z":23720.0,"zone":4},{"angle":0.0,"building":0,"builtAt":0.0,"edge":-1,"offsetX":0.0,"offsetZ":0.0,"x":24184.0,"z":23720.0,"zone":4},{"angle":-2.4601409435272217,"building":5,"builtAt":0.0,"edge":13297,"offsetX":0.2806078791618347,"offsetZ":-8.037710189819336,"x":24200.0,"z":23720.0,"zone":4},{"angle":0.0,"building":0,"builtAt":0.0,"edge":-1,"offsetX":0.0,"offsetZ":0.0,"x":24216.0,"z":23720.0,"zone":4},{"angle":0.0,"building":0,"builtAt":0.0,"edge":-1,"offsetX":0.0,"offsetZ":0.0,"x":24232.0,"z":23720.0,"zone":4},{"angle":0.681451678276062,"building":6,"builtAt":0.0,"edge":13920,"offsetX":-3.741565465927124,"offsetZ":4.572664737701416,"x":24248.0,"z":23720.0,"zone":4},{"angle":-2.4601409435272217,"building":2,"builtAt":0.0,"edge":13920,"offsetX":7.220584869384766,"offsetZ":0.729030430316925,"x":24264.0,"z":23720.0,"zone":3},{"angle":0.0,"building":0,"builtAt":0.0,"edge":-1,"offsetX":0.0,"offsetZ":0.0,"x":24280.0,"z":23720.0,"zone":3},{"angle":0.0,"building":0,"builtAt":0.0,"edge":-1,"offsetX":0.0,"offsetZ":0.0,"x":24296.0,"z":23720.0,"zone":3},{"angle":0.0,"building":0,"builtAt":0.0,"edge":-1,"offsetX":0.0,"offsetZ":0.0,"x":24312.0,"z":23720.0,"zone":3},{"angle":0.0,"building":0,"builtAt":0.0,"edge":-1,"offsetX":0.0,"offsetZ":0.0,"x":24328.0,"z":23720.0,"zone":3},{"angle":-2.4601409435272217,"building":22,"builtAt":0.0,"edge":13316,"offsetX":-4.294470310211182,"offsetZ":-0.5914881825447083,"x":24344.0,"z":23720.0,"zone":3},{"angle":2.2522480487823486,"building":1,"builtAt":0.0,"edge":12956,"offsetX":6.0577712059021,"offsetZ":-2.885031223297119,"x":24360.0,"z":23720.0,"zone":3},{"angle":0.0,"building":0,"builtAt":0.0,"edge":-1,"offsetX":0.0,"offsetZ":0.0,"x":24376.0,"z":23720.0,"zone":3},{"angle":0.0,"building":0,"builtAt":0.0,"edge":-1,"offsetX":0.0,"offsetZ":0.0,"x":24120.0,"z":23736.0,"zone":4},{"angle":0.6814517378807068,"building":3,"builtAt":0.0,"edge":13867,"offsetX":-7.419148921966553,"offsetZ":6.490680694580078,"x":24136.0,"z":23736.0,"zone":4},{"angle":-2.4601409435272217,"building":5,"builtAt":0.0,"edge":13867,"offsetX":-0.24337363243103027,"offsetZ":-0.9350773096084595,"x":24152.0,"z":23736.0,"zone":4},{"angle":-2.4601409435272217,"building":3,"builtAt":0.0,"edge":13867,"offsetX":-5.412522315979004,"offsetZ":6.861746788024902,"x":24168.0,"z":23736.0,"zone":4},{"angle":0.6814517378807068,"building":4,"builtAt":0.0,"edge":13297,"offsetX":-1.8821852207183838,"offsetZ":-1.6439602375030518,"x":24184.0,"z":23736.0,"zone":4},{"angle":0.0,"building":0,"builtAt":0.0,"edge":-1,"offsetX":0.0,"offsetZ":0.0,"x":24200.0,"z":23736.0,"zone":4},{"angle":-2.4601409435272217,"building":5,"builtAt":0.0,"edge":13298,"offsetX":5.143284320831299,"offsetZ":-7.1722412109375,"x":24216.0,"z":23736.0,"zone":4},{"angle":-2.460233211517334,"building":3,"builtAt":0.0,"edge":13298,"offsetX":2.5121841430664063,"offsetZ":2.666759967803955,"x":24232.0,"z":23736.0,"zone":4},{"angle":0.0,"building":0,"builtAt":0.0,"edge":-1,"offsetX":0.0,"offsetZ":0.0,"x":24248.0,"z":23736.0,"zone":4},{"angle":0.6814517378807068,"building":2,"builtAt":0.0,"edge":13920,"offsetX":-4.435221195220947,"offsetZ":-0.899985134601593,"x":24264.0,"z":23736.0,"zone":3},{"angle":0.0,"building":0,"builtAt":0.0,"edge":-1,"offsetX":0.0,"offsetZ":0.0,"x":24280.0,"z":23736.0,"zone":3},{"angle":-2.4601409435272217,"building":1,"builtAt":0.0,"edge":13968,"offsetX":2.2388463020324707,"offsetZ":7.524049758911133,"x":24296.0,"z":23736.0,"zone":3},{"angle":-0.8893445730209351,"building":22,"builtAt":0.0,"edge":13919,"offsetX":-6.010221481323242,"offsetZ":-2.613496780395508,"x":24312.0,"z":23736.0,"zone":3},{"angle":0.6814517378807068,"building":12,"builtAt":0.0,"edge":13316,"offsetX":-2.7718558311462402,"offsetZ":1.2583520412445068,"x":24328.0,"z":23736.0,"zone":4},{"angle":0.0,"building":0,"builtAt":0.0,"edge":-1,"offsetX":0.0,"offsetZ":0.0,"x":24344.0,"z":23736.0,"zone":3},{"angle":2.2522480487823486,"building":1,"builtAt":0.0,"edge":12956,"offsetX":-4.649094581604004,"offsetZ":-5.657011032104492,"x":24360.0,"z":23736.0,"zone":3},{"angle":-0.8893445730209351,"building":22,"builtAt":0.0,"edge":12956,"offsetX":5.839900016784668,"offsetZ":-6.084694862365723,"x":24376.0,"z":23736.0,"zone":3},{"angle":-2.4601409435272217,"building":3,"builtAt":0.0,"edge":13279,"offsetX":-3.748300790786743,"offsetZ":6.224560260772705,"x":24120.0,"z":23752.0,"zone":4},{"angle":0.6814517378807068,"building":5,"builtAt":0.0,"edge":13867,"offsetX":3.3918111324310303,"offsetZ":-1.6899226903915405,"x":24136.0,"z":23752.0,"zone":4},{"angle":0.0,"building":0,"builtAt":0.0,"edge":-1,"offsetX":0.0,"offsetZ":0.0,"x":24152.0,"z":23752.0,"zone":4},{"angle":0.0,"building":0,"builtAt":0.0,"edge":-1,"offsetX":0.0,"offsetZ":0.0,"x":24168.0,"z":23752.0,"zone":4},{"angle":0.0,"building":0,"builtAt":0.0,"edge":-1,"offsetX":0.0,"offsetZ":0.0,"x":24184.0,"z":23752.0,"zone":4},{"angle":0.681451678276062,"building":3,"builtAt":0.0,"edge":13298,"offsetX":2.926199197769165,"offsetZ":-0.7115504145622253,"x":24200.0,"z":23752.0,"zone":4},{"angle":0.0,"building":0,"builtAt":0.0,"edge":-1,"offsetX":0.0,"offsetZ":0.0,"x":24216.0,"z":23752.0,"zone":4},{"angle":0.0,"building":0,"builtAt":0.0,"edge":-1,"offsetX":0.0,"offsetZ":0.0,"x":24232.0,"z":23752.0,"zone":4},{"angle":-2.4601409435272217,"building":1,"builtAt":0.0,"edge":13298,"offsetX":-2.0073091983795166,"offsetZ":-1.165961503982544,"x":24248.0,"z":23752.0,"zone":3},{"angle":0.0,"building":0,"builtAt":0.0,"edge":-1,"offsetX":0.0,"offsetZ":0.0,"x":24264.0,"z":23752.0,"zone":3},{"angle":0.0,"building":0,"builtAt":0.0,"edge":-1,"offsetX":0.0,"offsetZ":0.0,"x":24280.0,"z":23752.0,"zone":3},{"angle":0.0,"building":0,"builtAt":0.0,"edge":-1,"offsetX":0.0,"offsetZ":0.0,"x":24296.0,"z":23752.0,"zone":3},{"angle":-2.4601409435272217,"building":3,"builtAt":0.0,"edge":13968,"offsetX":1.053743839263916,"offsetZ":0.6007509827613831,"x":24312.0,"z":23752.0,"zone":3},{"angle":0.0,"building":0,"builtAt":0.0,"edge":-1,"offsetX":0.0,"offsetZ":0.0,"x":24328.0,"z":23752.0,"zone":3},{"angle":2.2522480487823486,"building":2,"builtAt":0.0,"edge":13967,"offsetX":-4.315062999725342,"offsetZ":-3.4956400394439697,"x":24344.0,"z":23752.0,"zone":3},{"angle":0.0,"building":0,"builtAt":0.0,"edge":-1,"offsetX":0.0,"offsetZ":0.0,"x":24360.0,"z":23752.0,"zone":3},{"angle":0.0,"building":0,"builtAt":0.0,"edge":-1,"offsetX":0.0,"offsetZ":0.0,"x":24376.0,"z":23752.0,"zone":3},{"angle":0.0,"building":0,"builtAt":0.0,"edge":-1,"offsetX":0.0,"offsetZ":0.0,"x":24120.0,"z":23768.0,"zone":4},{"angle":-2.4601409435272217,"building":3,"builtAt":0.0,"edge":13279,"offsetX":-0.5094721913337708,"offsetZ":5.790102958679199,"x":24136.0,"z":23768.0,"zone":4},{"angle":2.2522480487823486,"building":5,"builtAt":0.0,"edge":13865,"offsetX":7.266846179962158,"offsetZ":-1.4373905658721924,"x":24152.0,"z":23768.0,"zone":4},{"angle":0.0,"building":0,"builtAt":0.0,"edge":-1,"offsetX":0.0,"offsetZ":0.0,"x":24168.0,"z":23768.0,"zone":4},{"angle":0.0,"building":0,"builtAt":0.0,"edge":-1,"offsetX":0.0,"offsetZ":0.0,"x":24184.0,"z":23768.0,"zone":4},{"angle":-2.4601409435272217,"building":6,"builtAt":0.0,"edge":13915,"offsetX":-1.9083874225616455,"offsetZ":3.561483383178711,"x":24200.0,"z":23768.0,"zone":4},{"angle":0.6815438866615295,"building":3,"builtAt":0.0,"edge":13298,"offsetX":-0.21514147520065308,"offsetZ":-6.243448257446289,"x":24216.0,"z":23768.0,"zone":4},{"angle":0.681451678276062,"building":5,"builtAt":0.0,"edge":13298,"offsetX":-2.885098934173584,"offsetZ":3.6434497833251953,"x":24232.0,"z":23768.0,"zone":4},{"angle":0.0,"building":0,"builtAt":0.0,"edge":-1,"offsetX":0.0,"offsetZ":0.0,"x":24248.0,"z":23768.0,"zone":3},{"angle":0.0,"building":0,"builtAt":0.0,"edge":-1,"offsetX":0.0,"offsetZ":0.0,"x":24264.0,"z":23768.0,"zone":3},{"angle":-0.8893445730209351,"building":2,"builtAt":0.0,"edge":13918,"offsetX":-1.1191508769989014,"offsetZ":-2.1868975162506104,"x":24280.0,"z":23768.0,"zone":3},{"angle":0.6814517378807068,"building":22,"builtAt":0.0,"edge":13968,"offsetX":3.9528307914733887,"offsetZ":0.7534745335578918,"x":24296.0,"z":23768.0,"zone":3},{"angle":0.0,"building":0,"builtAt":0.0,"edge":-1,"offsetX":0.0,"offsetZ":0.0,"x":24312.0,"z":23768.0,"zone":3},{"angle":2.2522480487823486,"building":22,"builtAt":0.0,"edge":13967,"offsetX":-0.9848089218139648,"offsetZ":-4.811123847961426,"x":24328.0,"z":23768.0,"zone":3},{"angle":0.0,"building":0,"builtAt":0.0,"edge":-1,"offsetX":0.0,"offsetZ":0.0,"x":24344.0,"z":23768.0,"zone":3},{"angle":-0.8893446326255798,"building":2,"builtAt":0.0,"edge":13967,"offsetX":-4.501984119415283,"offsetZ":-6.670202255249023,"x":24360.0,"z":23768.0,"zone":3},{"angle":0.0,"building":0,"builtAt":0.0,"edge":-1,"offsetX":0.0,"offsetZ":0.0,"x":24376.0,"z":23768.0,"zone":3},{"angle":0.0,"building":0,"builtAt":0.0,"edge":-1,"offsetX":0.0,"offsetZ":0.0,"x":24120.0,"z":23784.0,"zone":4},{"angle":0.0,"building":0,"builtAt":0.0,"edge":-1,"offsetX":0.0,"offsetZ":0.0,"x":24136.0,"z":23784.0,"zone":4},{"angle":0.0,"building":0,"builtAt":0.0,"edge":-1,"offsetX":0.0,"offsetZ":0.0,"x":24152.0,"z":23784.0,"zone":4},{"angle":0.0,"building":0,"builtAt":0.0,"edge":-1,"offsetX":0.0,"offsetZ":0.0,"x":24168.0,"z":23784.0,"zone":4},{"angle":0.6814517378807068,"building":3,"builtAt":0.0,"edge":13915,"offsetX":0.6661999225616455,"offsetZ":4.114297866821289,"x":24184.0,"z":23784.0,"zone":4},{"angle":0.0,"building":0,"builtAt":0.0,"edge":-1,"offsetX":0.0,"offsetZ":0.0,"x":24200.0,"z":23784.0,"zone":4},{"angle":-2.4601409435272217,"building":5,"builtAt":0.0,"edge":13915,"offsetX":1.0855088233947754,"offsetZ":3.8696868419647217,"x":24216.0,"z":23784.0,"zone":4},{"angle":0.0,"building":0,"builtAt":0.0,"edge":-1,"offsetX":0.0,"offsetZ":0.0,"x":24232.0,"z":23784.0,"zone":3},{"angle":0.0,"building":0,"builtAt":0.0,"edge":-1,"offsetX":0.0,"offsetZ":0.0,"x":24248.0,"z":23784.0,"zone":3},{"angle":0.0,"building":0,"builtAt":0.0,"edge":-1,"offsetX":0.0,"offsetZ":0.0,"x":24264.0,"z":23784.0,"zone":3},{"angle":-2.4601409435272217,"building":22,"builtAt":0.0,"edge":13299,"offsetX":7.2005839347839355,"offsetZ":-1.6012420654296875,"x":24280.0,"z":23784.0,"zone":3},{"angle":0.0,"building":0,"builtAt":0.0,"edge":-1,"offsetX":0.0,"offsetZ":0.0,"x":24296.0,"z":23784.0,"zone":3},{"angle":2.2522480487823486,"building":1,"builtAt":0.0,"edge":13966,"offsetX":1.771888256072998,"offsetZ":-2.302941083908081,"x":24312.0,"z":23784.0,"zone":3},{"angle":0.0,"building":0,"builtAt":0.0,"edge":-1,"offsetX":0.0,"offsetZ":0.0,"x":24328.0,"z":23784.0,"zone":3},{"angle":-0.8893445730209351,"building":22,"builtAt":0.0,"edge":13967,"offsetX":-0.24460944533348083,"offsetZ":-7.233728885650635,"x":24344.0,"z":23784.0,"zone":3},{"angle":-0.8893445730209351,"building":2,"builtAt":0.0,"edge":13967,"offsetX":-6.769368648529053,"offsetZ":0.4513097405433655,"x":24360.0,"z":23784.0,"zone":3},{"angle":0.0,"building":0,"builtAt":0.0,"edge":-1,"offsetX":0.0,"offsetZ":0.0,"x":24376.0,"z":23784.0,"zone":3},{"angle":0.0,"building":0,"builtAt":0.0,"edge":-1,"offsetX":0.0,"offsetZ":0.0,"x":24120.0,"z":23800.0,"zone":4},{"angle":0.6814517378807068,"building":6,"builtAt":0.0,"edge":13279,"offsetX":-8.264117240905762,"offsetZ":2.9963388442993164,"x":24136.0,"z":23800.0,"zone":4},{"angle":0.0,"building":0,"builtAt":0.0,"edge":-1,"offsetX":0.0,"offsetZ":0.0,"x":24152.0,"z":23800.0,"zone":4},{"angle":-2.4601409435272217,"building":5,"builtAt":0.0,"edge":13280,"offsetX":-4.052818298339844,"offsetZ":-2.2388317584991455,"x":24168.0,"z":23800.0,"zone":4},{"angle":0.0,"building":0,"builtAt":0.0,"edge":-1,"offsetX":0.0,"offsetZ":0.0,"x":24184.0,"z":23800.0,"zone":4},{"angle":0.0,"building":0,"builtAt":0.0,"edge":-1,"offsetX":0.0,"offsetZ":0.0,"x":24200.0,"z":23800.0,"zone":4},{"angle":0.0,"building":0,"builtAt":0.0,"edge":-1,"offsetX":0.0,"offsetZ":0.0,"x":24216.0,"z":23800.0,"zone":4},{"angle":0.0,"building":0,"builtAt":0.0,"edge":-1,"offsetX":0.0,"offsetZ":0.0,"x":24232.0,"z":23800.0,"zone":3},{"angle":-0.8893446326255798,"building":1,"builtAt":0.0,"edge":13914,"offsetX":2.387336492538452,"offsetZ":-0.28208649158477783,"x":24248.0,"z":23800.0,"zone":3},{"angle":0.6814517378807068,"building":22,"builtAt":0.0,"edge":13299,"offsetX":5.44967794418335,"offsetZ":4.28467321395874,"x":24264.0,"z":23800.0,"zone":3},{"angle":0.0,"building":0,"builtAt":0.0,"edge":-1,"offsetX":0.0,"offsetZ":0.0,"x":24280.0,"z":23800.0,"zone":3},{"angle":-2.4601409435272217,"building":2,"builtAt":0.0,"edge":13299,"offsetX":2.683525323867798,"offsetZ":-7.5707688331604,"x":24296.0,"z":23800.0,"zone":3},{"angle":-0.8893446326255798,"building":2,"builtAt":0.0,"edge":13966,"offsetX":6.448672294616699,"offsetZ":6.9481964111328125,"x":24312.0,"z":23800.0,"zone":3},{"angle":-0.8893445730209351,"building":1,"builtAt":0.0,"edge":13966,"offsetX":0.3710009455680847,"offsetZ":-6.4621076583862305,"x":24328.0,"z":23800.0,"zone":3},{"angle":-0.8893445730209351,"building":2,"builtAt":0.0,"edge":13966,"offsetX":-7.124582290649414,"offsetZ":0.4355294704437256,"x":24344.0,"z":23800.0,"zone":3},{"angle":0.0,"building":0,"builtAt":0.0,"edge":-1,"offsetX":0.0,"offsetZ":0.0,"x":24360.0,"z":23800.0,"zone":3},{"angle":2.2522480487823486,"building":22,"builtAt":0.0,"edge":12975,"offsetX":2.174591064453125,"offsetZ":5.0905256271362305,"x":24376.0,"z":23800.0,"zone":3},{"angle":0.0,"building":0,"builtAt":0.0,"edge":-1,"offsetX":0.0,"offsetZ":0.0,"x":24120.0,"z":23816.0,"zone":4},{"angle":0.0,"building":0,"builtAt":0.0,"edge":-1,"offsetX":0.0,"offsetZ":0.0,"x":24136.0,"z":23816.0,"zone":4},{"angle":0.6814517378807068,"building":3,"builtAt":0.0,"edge":13280,"offsetX":-5.007656097412109,"offsetZ":2.665574073791504,"x":24152.0,"z":23816.0,"zone":4},{"angle":0.0,"building":0,"builtAt":0.0,"edge":-1,"offsetX":0.0,"offsetZ":0.0,"x":24168.0,"z":23816.0,"zone":4},{"angle":0.0,"building":0,"builtAt":0.0,"edge":-1,"offsetX":0.0,"offsetZ":0.0,"x":24184.0,"z":23816.0,"zone":4},{"angle":2.2522480487823486,"building":5,"builtAt":0.0,"edge":13913,"offsetX":-3.499864339828491,"offsetZ":-3.5717880725860596,"x":24200.0,"z":23816.0,"zone":4},{"angle":0.0,"building":0,"builtAt":0.0,"edge":-1,"offsetX":0.0,"offsetZ":0.0,"x":24216.0,"z":23816.0,"zone":3},{"angle":0.0,"building":0,"builtAt":0.0,"edge":-1,"offsetX":0.0,"offsetZ":0.0,"x":24232.0,"z":23816.0,"zone":3},{"angle":-2.4601409435272217,"building":1,"builtAt":0.0,"edge":13965,"offsetX":-4.7039794921875,"offsetZ":-5.033782005310059,"x":24248.0,"z":23816.0,"zone":3},{"angle":-2.4601409435272217,"building":2,"builtAt":0.0,"edge":13965,"offsetX":-6.684689044952393,"offsetZ":5.3216552734375,"x":24264.0,"z":23816.0,"zone":3},{"angle":0.6814517378807068,"building":2,"builtAt":0.0,"edge":13299,"offsetX":1.6319679021835327,"offsetZ":-2.5471127033233643,"x":24280.0,"z":23816.0,"zone":3},{"angle":0.0,"building":0,"builtAt":0.0,"edge":-1,"offsetX":0.0,"offsetZ":0.0,"x":24296.0,"z":23816.0,"zone":3},{"angle":0.0,"building":0,"builtAt":0.0,"edge":-1,"offsetX":0.0,"offsetZ":0.0,"x":24312.0,"z":23816.0,"zone":3},{"angle":0.0,"building":0,"builtAt":0.0,"edge":-1,"offsetX":0.0,"offsetZ":0.0,"x":24328.0,"z":23816.0,"zone":3},{"angle":0.0,"building":0,"builtAt":0.0,"edge":-1,"offsetX":0.0,"offsetZ":0.0,"x":24344.0,"z":23816.0,"zone":3},{"angle":-2.4601409435272217,"building":1,"builtAt":0.0,"edge":13300,"offsetX":-1.480087161064148,"offsetZ":6.840113639831543,"x":24360.0,"z":23816.0,"zone":3},{"angle":0.0,"building":0,"builtAt":0.0,"edge":-1,"offsetX":0.0,"offsetZ":0.0,"x":24376.0,"z":23816.0,"zone":3},{"angle":-0.8893446326255798,"building":6,"builtAt":0.0,"edge":12905,"offsetX":8.196125030517578,"offsetZ":7.854005336761475,"x":24120.0,"z":23832.0,"zone":4},{"angle":-0.8893446326255798,"building":5,"builtAt":0.0,"edge":12905,"offsetX":0.9195042252540588,"offsetZ":-4.116843223571777,"x":24136.0,"z":23832.0,"zone":4},{"angle":0.0,"building":0,"builtAt":0.0,"edge":-1,"offsetX":0.0,"offsetZ":0.0,"x":24152.0,"z":23832.0,"zone":4},{"angle":0.681451678276062,"building":5,"builtAt":0.0,"edge":13280,"offsetX":-7.015702247619629,"offsetZ":-2.9103939533233643,"x":24168.0,"z":23832.0,"zone":4},{"angle":0.0,"building":0,"builtAt":0.0,"edge":-1,"offsetX":0.0,"offsetZ":0.0,"x":24184.0,"z":23832.0,"zone":3},{"angle":0.0,"building":0,"builtAt":0.0,"edge":-1,"offsetX":0.0,"offsetZ":0.0,"x":24200.0,"z":23832.0,"zone":3},{"angle":-0.8893445730209351,"building":2,"builtAt":0.0,"edge":13913,"offsetX":7.370290756225586,"offsetZ":2.2216615676879883,"x":24216.0,"z":23832.0,"zone":3},{"angle":0.681451678276062,"building":2,"builtAt":0.0,"edge":13965,"offsetX":0.0791950523853302,"offsetZ":-7.204036235809326,"x":24232.0,"z":23832.0,"zone":3},{"angle":0.6814517378807068,"building":22,"builtAt":0.0,"edge":13965,"offsetX":-2.7889280319213867,"offsetZ":4.245532989501953,"x":24248.0,"z":23832.0,"zone":3},{"angle":-2.4601409435272217,"building":2,"builtAt":0.0,"edge":13965,"offsetX":6.860024929046631,"offsetZ":0.2617645263671875,"x":24264.0,"z":23832.0,"zone":3},{"angle":0.0,"building":0,"builtAt":0.0,"edge":-1,"offsetX":0.0,"offsetZ":0.0,"x":24280.0,"z":23832.0,"zone":3},{"angle":-0.8893445730209351,"building":2,"builtAt":0.0,"edge":13964,"offsetX":3.954244375228882,"offsetZ":-2.2634506225585938,"x":24296.0,"z":23832.0,"zone":3},{"angle":0.0,"building":0,"builtAt":0.0,"edge":-1,"offsetX":0.0,"offsetZ":0.0,"x":24312.0,"z":23832.0,"zone":3},{"angle":0.0,"building":0,"builtAt":0.0,"edge":-1,"offsetX":0.0,"offsetZ":0.0,"x":24328.0,"z":23832.0,"zone":3},{"angle":-2.4601409435272217,"building":3,"builtAt":0.0,"edge":13300,"offsetX":6.677393913269043,"offsetZ":0.5095189213752747,"x":24344.0,"z":23832.0,"zone":3},{"angle":0.0,"building":0,"builtAt":0.0,"edge":-1,"offsetX":0.0,"offsetZ":0.0,"x":24360.0,"z":23832.0,"zone":3},{"angle":-0.8893445730209351,"building":1,"builtAt":0.0,"edge":12975,"offsetX":5.940298080444336,"offsetZ":0.8853286504745483,"x":24376.0,"z":23832.0,"zone":3},{"angle":-0.8893446326255798,"building":5,"builtAt":0.0,"edge":12905,"offsetX":-1.6903789043426514,"offsetZ":2.8814847469329834,"x":24120.0,"z":23848.0,"zone":4},{"angle":-2.4601409435272217,"building":22,"builtAt":0.0,"edge":13263,"offsetX":4.754898548126221,"offsetZ":4.187449932098389,"x":24136.0,"z":23848.0,"zone":4},{"angle":0.0,"building":0,"builtAt":0.0,"edge":-1,"offsetX":0.0,"offsetZ":0.0,"x":24152.0,"z":23848.0,"zone":4},{"angle":2.2522480487823486,"building":2,"builtAt":0.0,"edge":12929,"offsetX":3.917633533477783,"offsetZ":-4.106917858123779,"x":24168.0,"z":23848.0,"zone":3},{"angle":0.0,"building":0,"builtAt":0.0,"edge":-1,"offsetX":0.0,"offsetZ":0.0,"x":24184.0,"z":23848.0,"zone":3},{"angle":0.0,"building":0,"builtAt":0.0,"edge":-1,"offsetX":0.0,"offsetZ":0.0,"x":24200.0,"z":23848.0,"zone":3},{"angle":-2.4601409435272217,"building":1,"builtAt":0.0,"edge":13281,"offsetX":1.5350812673568726,"offsetZ":-5.021531105041504,"x":24216.0,"z":23848.0,"zone":3},{"angle":-2.4601409435272217,"building":2,"builtAt":0.0,"edge":13281,"offsetX":-1.4730476140975952,"offsetZ":4.504375457763672,"x":24232.0,"z":23848.0,"zone":3},{"angle":0.0,"building":0,"builtAt":0.0,"edge":-1,"offsetX":0.0,"offsetZ":0.0,"x":24248.0,"z":23848.0,"zone":3},{"angle":2.2522480487823486,"building":2,"builtAt":0.0,"edge":13963,"offsetX":-5.504047393798828,"offsetZ":0.7013303637504578,"x":24264.0,"z":23848.0,"zone":3},{"angle":0.0,"building":0,"builtAt":0.0,"edge":-1,"offsetX":0.0,"offsetZ":0.0,"x":24280.0,"z":23848.0,"zone":3},{"angle":-0.8893446326255798,"building":9,"builtAt":0.0,"edge":13964,"offsetX":-7.772275924682617,"offsetZ":-4.036936283111572,"x":24296.0,"z":23848.0,"zone":3},{"angle":0.6814517378807068,"building":2,"builtAt":0.0,"edge":13300,"offsetX":6.445248126983643,"offsetZ":-4.567173004150391,"x":24312.0,"z":23848.0,"zone":3},{"angle":0.6814517378807068,"building":1,"builtAt":0.0,"edge":13300,"offsetX":4.994445323944092,"offsetZ":6.311647891998291,"x":24328.0,"z":23848.0,"zone":3},{"angle":0.0,"building":0,"builtAt":0.0,"edge":-1,"offsetX":0.0,"offsetZ":0.0,"x":24344.0,"z":23848.0,"zone":3},{"angle":0.0,"building":0,"builtAt":0.0,"edge":-1,"offsetX":0.0,"offsetZ":0.0,"x":24360.0,"z":23848.0,"zone":3},{"angle":-2.4601409435272217,"building":1,"builtAt":0.0,"edge":13301,"offsetX":-2.9686625003814697,"offsetZ":5.472647666931152,"x":24376.0,"z":23848.0,"zone":3},{"angle":0.0,"building":0,"builtAt":0.0,"edge":-1,"offsetX":0.0,"offsetZ":0.0,"x":24120.0,"z":23864.0,"zone":3},{"angle":-2.4601409435272217,"building":22,"builtAt":0.0,"edge":13263,"offsetX":-3.245100498199463,"offsetZ":-1.9489800930023193,"x":24136.0,"z":23864.0,"zone":3},{"angle":2.2522480487823486,"building":1,"builtAt":0.0,"edge":12929,"offsetX":0.5141414403915405,"offsetZ":4.960072040557861,"x":24152.0,"z":23864.0,"zone":3},{"angle":2.2522480487823486,"building":2,"builtAt":0.0,"edge":12929,"offsetX":-6.075340270996094,"offsetZ":-7.808835506439209,"x":24168.0,"z":23864.0,"zone":3},{"angle":0.0,"building":0,"builtAt":0.0,"edge":-1,"offsetX":0.0,"offsetZ":0.0,"x":24184.0,"z":23864.0,"zone":3},{"angle":-0.8893446326255798,"building":1,"builtAt":0.0,"edge":12929,"offsetX":-2.3463518619537354,"offsetZ":0.7666692137718201,"x":24200.0,"z":23864.0,"zone":3},{"angle":0.6814517378807068,"building":1,"builtAt":0.0,"edge":13281,"offsetX":-0.7528484463691711,"offsetZ":7.343550205230713,"x":24216.0,"z":23864.0,"zone":3},{"angle":0.0,"building":0,"builtAt":0.0,"edge":-1,"offsetX":0.0,"offsetZ":0.0,"x":24232.0,"z":23864.0,"zone":3},{"angle":2.2522480487823486,"building":3,"builtAt":0.0,"edge":13963,"offsetX":-2.916088342666626,"offsetZ":-1.1502094268798828,"x":24248.0,"z":23864.0,"zone":3},{"angle":0.0,"building":0,"builtAt":0.0,"edge":-1,"offsetX":0.0,"offsetZ":0.0,"x":24264.0,"z":23864.0,"zone":3},{"angle":-0.8893445730209351,"building":22,"builtAt":0.0,"edge":13963,"offsetX":-5.3050150871276855,"offsetZ":-2.1601970195770264,"x":24280.0,"z":23864.0,"zone":3},{"angle":0.0,"building":0,"builtAt":0.0,"edge":-1,"offsetX":0.0,"offsetZ":0.0,"x":24296.0,"z":23864.0,"zone":3},{"angle":0.6814517378807068,"building":1,"builtAt":0.0,"edge":13300,"offsetX":7.19917106628418,"offsetZ":7.320481777191162,"x":24312.0,"z":23864.0,"zone":3},{"angle":0.6814517378807068,"building":2,"builtAt":0.0,"edge":13300,"offsetX":-1.9031918048858643,"offsetZ":-1.183935284614563,"x":24328.0,"z":23864.0,"zone":3},{"angle":0.0,"building":0,"builtAt":0.0,"edge":-1,"offsetX":0.0,"offsetZ":0.0,"x":24344.0,"z":23864.0,"zone":3},{"angle":0.0,"building":0,"builtAt":0.0,"edge":-1,"offsetX":0.0,"offsetZ":0.0,"x":24360.0,"z":23864.0,"zone":3},{"angle":0.0,"building":0,"builtAt":0.0,"edge":-1,"offsetX":0.0,"offsetZ":0.0,"x":24376.0,"z":23864.0,"zone":3},{"angle":0.6814517378807068,"building":3,"builtAt":0.0,"edge":13263,"offsetX":-1.1400740146636963,"offsetZ":-0.8172220587730408,"x":24120.0,"z":23880.0,"zone":3},{"angle":0.0,"building":0,"builtAt":0.0,"edge":-1,"offsetX":0.0,"offsetZ":0.0,"x":24136.0,"z":23880.0,"zone":3},{"angle":0.0,"building":0,"builtAt":0.0,"edge":-1,"offsetX":0.0,"offsetZ":0.0,"x":24152.0,"z":23880.0,"zone":3},{"angle":0.0,"building":0,"builtAt":0.0,"edge":-1,"offsetX":0.0,"offsetZ":0.0,"x":24168.0,"z":23880.0,"zone":3},{"angle":-0.8893446326255798,"building":22,"builtAt":0.0,"edge":12929,"offsetX":4.7152276039123535,"offsetZ":-2.0799367427825928,"x":24184.0,"z":23880.0,"zone":3},{"angle":-0.8893446326255798,"building":2,"builtAt":0.0,"edge":12929,"offsetX":-1.8095316886901855,"offsetZ":5.605101108551025,"x":24200.0,"z":23880.0,"zone":3},{"angle":0.6814517378807068,"building":1,"builtAt":0.0,"edge":13281,"offsetX":-7.17804479598999,"offsetZ":-0.7345272898674011,"x":24216.0,"z":23880.0,"zone":3},{"angle":0.681451678276062,"building":22,"builtAt":0.0,"edge":13281,"offsetX":-5.124361038208008,"offsetZ":2.5523903369903564,"x":24232.0,"z":23880.0,"zone":3},{"angle":0.0,"building":0,"builtAt":0.0,"edge":-1,"offsetX":0.0,"offsetZ":0.0,"x":24248.0,"z":23880.0,"zone":3},{"angle":-2.4601409435272217,"building":1,"builtAt":0.0,"edge":13282,"offsetX":-0.1704224795103073,"offsetZ":0.3670438826084137,"x":24264.0,"z":23880.0,"zone":3},{"angle":0.0,"building":0,"builtAt":0.0,"edge":-1,"offsetX":0.0,"offsetZ":0.0,"x":24280.0,"z":23880.0,"zone":3},{"angle":0.0,"building":0,"builtAt":0.0,"edge":-1,"offsetX":0.0,"offsetZ":0.0,"x":24296.0,"z":23880.0,"zone":3},{"angle":0.0,"building":0,"builtAt":0.0,"edge":-1,"offsetX":0.0,"offsetZ":0.0,"x":24312.0,"z":23880.0,"zone":3},{"angle":0.0,"building":0,"builtAt":0.0,"edge":-1,"offsetX":0.0,"offsetZ":0.0,"x":24328.0,"z":23880.0,"zone":3},{"angle":0.681451678276062,"building":2,"builtAt":0.0,"edge":13301,"offsetX":4.860185146331787,"offsetZ":3.2743849754333496,"x":24344.0,"z":23880.0,"zone":3},{"angle":0.681451678276062,"building":2,"builtAt":0.0,"edge":13301,"offsetX":-3.769737720489502,"offsetZ":-5.812526226043701,"x":24360.0,"z":23880.0,"zone":3},{"angle":0.0,"building":0,"builtAt":0.0,"edge":-1,"offsetX":0.0,"offsetZ":0.0,"x":24376.0,"z":23880.0,"zone":3},{"angle":0.0,"building":0,"builtAt":0.0,"edge":-1,"offsetX":0.0,"offsetZ":0.0,"x":24120.0,"z":23896.0,"zone":3},{"angle":0.6814517378807068,"building":2,"builtAt":0.0,"edge":13263,"offsetX":-1.946588158607483,"offsetZ":-6.386551856994629,"x":24136.0,"z":23896.0,"zone":3},{"angle":0.0,"building":0,"builtAt":0.0,"edge":-1,"offsetX":0.0,"offsetZ":0.0,"x":24152.0,"z":23896.0,"zone":3},{"angle":0.0,"building":0,"builtAt":0.0,"edge":-1,"offsetX":0.0,"offsetZ":0.0,"x":24168.0,"z":23896.0,"zone":3},{"angle":-0.8893445730209351,"building":2,"builtAt":0.0,"edge":12929,"offsetX":-5.706819534301758,"offsetZ":-6.131444931030273,"x":24184.0,"z":23896.0,"zone":3},{"angle":-2.4601409435272217,"building":1,"builtAt":0.0,"edge":13264,"offsetX":-5.573004245758057,"offsetZ":2.5289621353149414,"x":24200.0,"z":23896.0,"zone":3},{"angle":2.2522480487823486,"building":22,"builtAt":0.0,"edge":12953,"offsetX":-0.5796533823013306,"offsetZ":4.808083534240723,"x":24216.0,"z":23896.0,"zone":3},{"angle":0.0,"building":0,"builtAt":0.0,"edge":-1,"offsetX":0.0,"offsetZ":0.0,"x":24232.0,"z":23896.0,"zone":3},{"angle":0.6814517378807068,"building":2,"builtAt":0.0,"edge":13282,"offsetX":0.43868550658226013,"offsetZ":3.3431894779205322,"x":24248.0,"z":23896.0,"zone":3},{"angle":0.0,"building":0,"builtAt":0.0,"edge":-1,"offsetX":0.0,"offsetZ":0.0,"x":24264.0,"z":23896.0,"zone":3},{"angle":0.0,"building":0,"builtAt":0.0,"edge":-1,"offsetX":0.0,"offsetZ":0.0,"x":24280.0,"z":23896.0,"zone":3},{"angle":-2.4601409435272217,"building":1,"builtAt":0.0,"edge":13282,"offsetX":4.048153877258301,"offsetZ":0.5161816477775574,"x":24296.0,"z":23896.0,"zone":3},{"angle":0.0,"building":0,"builtAt":0.0,"edge":-1,"offsetX":0.0,"offsetZ":0.0,"x":24312.0,"z":23896.0,"zone":3},{"angle":0.0,"building":0,"builtAt":0.0,"edge":-1,"offsetX":0.0,"offsetZ":0.0,"x":24328.0,"z":23896.0,"zone":3},{"angle":0.0,"building":0,"builtAt":0.0,"edge":-1,"offsetX":0.0,"offsetZ":0.0,"x":24344.0,"z":23896.0,"zone":3},{"angle":0.0,"building":0,"builtAt":0.0,"edge":-1,"offsetX":0.0,"offsetZ":0.0,"x":24360.0,"z":23896.0,"zone":3},{"angle":0.681451678276062,"building":1,"builtAt":0.0,"edge":13301,"offsetX":7.090324401855469,"offsetZ":-0.9298690557479858,"x":24376.0,"z":23896.0,"zone":3}],"zonePalette":false}
[208.532s] [TravelCost] frame=13876 total=110.31 terrain=0.00 road=0.00 parts=1.28 node=2.41 marks=0.01 furniture=0.44 fallback=0.00 edges=5 nodes=2
[248.126s] [Command] /camera zoom 150: 俯瞰距離 150 m
[280.804s] [HudStats] updateMs=4.01 housing=323815
[280.804s] [TravelCost] frame=21257 total=2218.38 terrain=5.15 road=12.18 parts=2.85 node=0.00 marks=0.30 furniture=0.89 fallback=0.00 edges=8 nodes=0
[280.804s] [PlaytestInput] frame=21257 key=M
[280.804s] [PlaytestState] {"cameraMode":0,"commandId":0,"commandInput":"/camera zoom 150","commandMessage":"俯瞰距離 150 m","commandPalette":false,"cursorX":400,"cursorY":322,"development":{"completed":0,"count":0},"draftMessage":"","draftPoints":0,"draftValid":false,"driving":false,"editMode":0,"eyeY":128.99349188804626,"focusX":24252.0,"focusY":32.575355529785156,"focusZ":23772.0,"focused":true,"fps":107.33906458884259,"fpsGraph":false,"frame":21257,"funds":30.0,"gameHour":8.039999961853027,"income":30.30898,"localMapCenter":[24252.0,23772.0],"localMapHeadingUp":false,"localMapSpan":2000.0,"logicMs":0.004,"maintenance":22.71789867024176,"map":false,"mapBuilds":15,"mapContext":false,"mapCustomPixelShader":false,"mapX":24252.0,"mapZ":23772.0,"mapZoom":4.0,"nearbyRoads":[{"id":13765,"length":50.096553802490234,"open":true,"points":[[24184.245710017454,37.4201545715332,23402.493881529692],[24186.87543740885,37.40728441490625,23399.251568542553],[24189.505164800248,37.39441425827931,23396.00925555542],[24192.13489360234,37.38154409474828,23392.76694082897],[24194.764620523507,37.368673940422696,23389.524628421605],[24197.39434650421,37.35580379069984,23386.282317173776],[24200.02407154445,37.342933645579706,23383.040007085492],[24202.653799406078,37.3300634866514,23379.797693518583],[24205.283525386778,37.31719333692855,23376.55538227076],[24207.91325136748,37.30432318720568,23373.313071022934],[24210.542977348185,37.291453037482825,23370.070759775106],[24213.172703328884,37.27858288775997,23366.828448527285],[24215.802429309588,37.26571273803711,23363.586137279457]],"width":6.839999675750732},{"id":12848,"length":75.3116455078125,"open":true,"points":[[24084.107773628602,37.087406158447266,23525.95859225249],[24088.06082843304,37.16626295393985,23521.08468746174],[24092.01388323748,37.24511974943243,23516.210782670994],[24095.966938041915,37.32397654492501,23511.336877880243],[24099.919992846353,37.4028333404176,23506.462973089496],[24103.87304765079,37.481690135910185,23501.58906829875],[24107.82610528267,37.56054698780554,23496.715160021915],[24111.779155845943,37.63940369869397,23491.8412604603],[24115.732212064104,37.71826052238794,23486.967353926506],[24119.68526545482,37.79711728967914,23482.093450878805],[24123.638318845533,37.87597405697034,23477.2195478311],[24127.59137223625,37.954830824261535,23472.345644783396],[24131.544425626966,38.033687591552734,23467.47174173569]],"width":6.839999675750732},{"id":13803,"length":42.66592788696289,"open":true,"points":[[24030.355704276393,36.810420989990234,23592.23201402096],[24032.595373499,36.821962036956194,23589.470621858756],[24034.835042721603,36.83350308392215,23586.709229696546],[24037.074712544934,36.84504413398366,23583.947836793675],[24039.314381967783,36.85658518198147,23581.186444384584],[24041.554050990148,36.86812622791558,23578.42505246926],[24043.79372001251,36.87966727384969,23575.663660553942],[24046.033390636807,36.8912083280386,23572.90226666352],[24048.273059659175,36.90274937397271,23570.140874748202],[24050.512728681533,36.91429041990682,23567.379482832886],[24052.752399305835,36.92583147409572,23564.61808894246],[24054.992068328196,36.93737252002984,23561.856697027142],[24057.231738952498,36.94891357421875,23559.095303136724]],"width":6.839999675750732},{"id":12846,"length":67.05158233642578,"open":true,"points":[[23932.339416933068,36.665016174316406,23713.08084513701],[23935.859181175423,36.65745163008955,23708.74116439596],[23939.37894541778,36.64988708586271,23704.401483654918],[23942.898710289515,36.6423225402832,23700.061802137876],[23946.418475161256,36.6347579947037,23695.722120620834],[23949.938240032992,36.62719344912421,23691.38243910379],[23953.458003645967,36.61962890625,23687.04275913874],[23956.977767258937,36.61206436337579,23682.703079173683],[23960.497533389444,36.60449981509101,23678.36339610465],[23964.017297002418,36.5969352722168,23674.0237161396],[23967.53706313292,36.589370723932,23669.68403307057],[23971.056826745895,36.58180618105781,23665.34435310552],[23974.576590358865,36.574241638183594,23661.004673140465]],"width":6.839999675750732},{"id":13798,"length":43.819332122802734,"open":true,"points":[[23877.13575873594,35.95730972290039,23781.143998183044],[23879.435910818072,35.98679748731537,23778.308033895384],[23881.736062900203,36.01628525173035,23775.472069607724],[23884.036215187985,36.045773018781745,23772.63610506651],[23886.336367064465,36.07526078056031,23769.800141032407],[23888.63651811835,36.104748531793234,23766.964178012517],[23890.936670817424,36.13423630411746,23764.128212964195],[23893.236821871313,36.16372405535037,23761.29224994431],[23895.536973747792,36.19321181712894,23758.456285910204],[23897.837123979072,36.22269955781621,23755.62032390454],[23900.13727914595,36.25218736177738,23752.784355813554],[23902.43743266763,36.28167514464724,23749.94838975101],[23904.737587834505,36.3111629486084,23747.112421660026]],"width":6.839999675750732},{"id":12828,"length":75.30938720703125,"open":true,"points":[[24013.269180769486,37.10893249511719,23468.5038712713],[24017.222236280784,37.17088351506521,23463.62996560903],[24021.175291792086,37.23283453501325,23458.756059946758],[24025.128346596524,37.294785543883556,23453.88215515601],[24029.081402814685,37.35673657490929,23449.00824862222],[24033.034460446568,37.418687628090424,23444.134340345387],[24036.987515251003,37.48063863696075,23439.260435554635],[24040.94056864172,37.54258962367566,23434.386532506935],[24044.893619204988,37.60454056607978,23429.512632945316],[24048.846672595704,37.666491552794696,23424.638729897615],[24052.799725986417,37.728442539509615,23419.76482684991],[24056.752779377133,37.790393526224534,23414.890923802206],[24060.70583276785,37.85234451293945,23410.0170207545]],"width":11.699999809265137},{"id":12827,"length":85.33165740966797,"open":true,"points":[[23959.517111417277,36.91480255126953,23534.77729303977],[23963.99645106394,36.930980048518684,23529.254507234033],[23968.475790710603,36.94715754576782,23523.73172142829],[23972.955131959203,36.96333504880249,23518.20893364745],[23977.43447000393,36.979512540266114,23512.686149816807],[23981.91381125253,36.995690043300776,23507.16336203597],[23986.393149297255,37.011867534764406,23501.64057820533],[23990.872490545855,37.028045037799075,23496.117790424487],[23995.351834998328,37.04422255240479,23490.594998693443],[23999.831176246924,37.06040005543945,23485.072210912604],[24004.310511087777,37.076577535332035,23479.549431032166],[24008.789845928633,37.09275501522461,23474.026651151733],[24013.269180769486,37.10893249511719,23468.5038712713]],"width":11.699999809265137},{"id":13709,"length":44.274784088134766,"open":true,"points":[[23903.73799749975,37.11899185180664,23603.549952159276],[23906.0621266922,37.1104839663127,23600.68442537916],[23908.386255884645,37.10197608081876,23597.81889859904],[23910.71038424592,37.09346819836747,23594.953372843716],[23913.034513438368,37.084960312873534,23592.087846063598],[23915.35864346199,37.076452424336935,23589.222318258686],[23917.68277348561,37.067944535800336,23586.356790453774],[23920.006903509235,37.05943664726374,23583.491262648862],[23922.331034364022,37.05092875568449,23580.62573381916],[23924.655163556476,37.04242087019054,23577.760207039042],[23926.979294411267,37.03391297861128,23574.89467820934],[23929.303421941368,37.025405099202665,23572.02915347881],[23931.62755445851,37.016897201538086,23569.16362259952]],"width":11.699999809265137},{"id":12825,"length":67.05155181884766,"open":true,"points":[[23861.50082407395,37.06214904785156,23655.62612415582],[23865.020588945692,37.066885948745835,23651.28644263878],[23868.540353817425,37.071622849640114,23646.946761121733],[23872.06011994793,37.07635975222843,23642.607078052704],[23875.579883560906,37.08109665142865,23638.267398087653],[23879.099647173876,37.085833550628884,23633.9277181226],[23882.619413304386,37.0905704532172,23629.58803505357],[23886.139176917357,37.09530735241742,23625.248355088515],[23889.658940530328,37.10004425161765,23620.90867512346],[23893.1787041433,37.10478115081787,23616.56899515841],[23896.698467756272,37.109518050018096,23612.229315193363],[23900.218231369246,37.11425494921833,23607.889635228308],[23903.73799749975,37.11899185180664,23603.549952159276]],"width":11.699999809265137},{"id":12863,"length":95.55066680908203,"open":true,"points":[[23879.72899447735,33.08394241333008,23906.271273691305],[23884.744619889385,33.14690938084118,23900.087276268132],[23889.760245301415,33.20987634835229,23893.90327884496],[23894.775872507176,33.27284333838213,23887.719279210218],[23899.79149791921,33.33581030589323,23881.535281787044],[23904.807125124968,33.39877729592308,23875.3512821523],[23909.82275233073,33.46174428595293,23869.16728251756],[23914.83837953649,33.52471127598278,23862.983282882815],[23919.85400494852,33.587678243493876,23856.79928545964],[23924.86963394801,33.65064525604248,23850.615283613326],[23929.885259360042,33.713612223553575,23844.431286190156],[23934.90088835953,33.77657923610217,23838.24728434384],[23939.916513771564,33.83954620361328,23832.063286920667]],"width":11.699999809265137},{"id":13800,"length":43.81911087036133,"open":true,"points":[[23939.916513771564,33.83954620361328,23832.063286920667],[23942.216666059347,33.86660194235708,23829.227322379455],[23944.516818758428,33.89365768593882,23826.391357331126],[23946.816971046206,33.92071342468262,23823.555392789913],[23949.117122922686,33.94776915858847,23820.71942875581],[23951.417276444365,33.9748249118461,23817.883462693266],[23953.717428320848,34.00188064575195,23815.047498659158],[23956.017580197327,34.02893637965781,23812.211534625054],[23958.317733719006,34.055992132915435,23809.375568562507],[23960.617885595486,34.08304786682129,23806.539604528403],[23962.918037471965,34.11010360072714,23803.7036404943],[23965.218190993648,34.13715935398477,23800.867674431753],[23967.518342870128,34.164215087890625,23798.03171039765]],"width":11.699999809265137},{"id":12865,"length":67.05329895019531,"open":true,"points":[[23995.12017196869,34.48888397216797,23764.000133874633],[23998.639936211046,34.52957852438919,23759.660453133583],[24002.1597004534,34.57027307661041,23755.32077239254],[24005.679465325138,34.6109676361084,23750.9810908755],[24009.19923019688,34.65166219560638,23746.641409358457],[24012.718995068615,34.692356755104356,23742.30172784141],[24016.23875868159,34.73305130004883,23737.96204787636],[24019.758524812096,34.773745874100314,23733.62236480733],[24023.278288425066,34.814440419044786,23729.282684842274],[24026.79805455557,34.85513499309628,23724.943001773245],[24030.317818168543,34.89582953804075,23720.603321808194],[24033.837586816582,34.93652414119925,23716.263635635176],[24037.35734539449,34.97721862792969,23711.92396187809]],"width":11.699999809265137},{"id":13838,"length":44.27477264404297,"open":true,"points":[[24037.35734539449,34.97721862792969,23711.92396187809],[24039.68147521032,34.98487504346141,23709.058434329374],[24042.00560502615,34.99253145899314,23706.19290678066],[24044.329734218594,35.000187872471265,23703.327380000545],[24046.6538646578,35.0078442900566,23700.461851683238],[24048.977994681423,35.01550070627286,23697.596323878333],[24051.302123042693,35.02315711701283,23694.730798123004],[24053.62625306632,35.03081353322909,23691.865270318092],[24055.95038392111,35.038469952183505,23688.99974148839],[24058.274514775905,35.046126371137916,23686.134212658686],[24060.59864396836,35.05378278461603,23683.26868587857],[24062.9227731608,35.06143919809414,23680.403159098452],[24065.246900690905,35.06909560609597,23677.53763436792]],"width":11.699999809265137},{"id":13805,"length":42.66621017456055,"open":true,"points":[[24093.136459312016,35.160972595214844,23643.151302758582],[24095.376129135348,35.17807324931232,23640.389909855712],[24097.615798558192,35.19517390035196,23637.62851744662],[24099.85546878201,35.21227455750727,23634.86712404997],[24102.095137804376,35.22937520548908,23632.105732134652],[24104.334807627703,35.24647585958655,23629.344339231786],[24106.574476650065,35.26357650756836,23626.582947316467],[24108.814148876307,35.280677180012844,23623.821551450943],[24111.053817898668,35.29777782799465,23621.060159535624],[24113.293490124903,35.314878500439136,23618.298763670096],[24115.533159147268,35.33197914842094,23615.53737175478],[24117.772824965756,35.349079771940076,23612.775983789666],[24120.01249398812,35.366180419921875,23610.014591874347]],"width":11.699999809265137},{"id":12868,"length":75.3056869506836,"open":true,"points":[[24146.888528664225,35.571388244628906,23576.877880990112],[24150.8415827618,35.57266648602813,23572.003977070886],[24154.794636859377,35.573944727427374,23567.13007315166],[24158.747690956952,35.575222968826615,23562.256169232434],[24162.70074505453,35.576501210225835,23557.382265313205],[24166.653797031526,35.57777945093938,23552.50836400855],[24170.60685183596,35.579057692567176,23547.6344592178],[24174.55990805412,35.58033593465212,23542.760552684013],[24178.512961444838,35.58161417582277,23537.886649636308],[24182.466014835554,35.582892416993445,23533.012746588603],[24186.419073881156,35.58417065999265,23528.138836568723],[24190.372124444428,35.585448900249055,23523.264937007105],[24194.32518066259,35.586727142333984,23518.391030473314]],"width":11.699999809265137},{"id":12869,"length":83.66351318359375,"open":true,"points":[[24194.32518066259,35.586727142333984,23518.391030473314],[24198.716954492684,35.57106208754584,23512.976208628104],[24203.10872832277,35.555397032757696,23507.5613867829],[24207.500503330833,35.53973197376786,23502.146563485323],[24211.892277553576,35.52406691757915,23496.731741155996],[24216.284051776325,35.50840186139044,23491.316918826666],[24220.67582599907,35.49273680520173,23485.90209649733],[24225.0675986512,35.47707175461528,23480.487276104494],[24229.45937444457,35.46140669282431,23475.07245183867],[24233.851150237937,35.44574163103334,23469.65762757285],[24238.242922890066,35.430076580446894,23464.24280718001],[24242.63469240095,35.414411541064965,23458.827990660153],[24247.026465053077,35.398746490478516,23453.413170267315]],"width":11.699999809265137},{"id":12870,"length":100.1954345703125,"open":true,"points":[[24247.026465053077,35.398746490478516,23453.413170267315],[24252.285918425176,35.335856753700284,23446.92854603235],[24257.545371797274,35.27296701692205,23440.443921797392],[24262.804824699146,35.21007728576661,23433.959298142196],[24268.064278541475,35.1471875433656,23427.474673327466],[24273.323730502878,35.0842978234557,23420.990050831813],[24278.58318434521,35.02140808105469,23414.50542601708],[24283.84264006847,34.958518316162554,23408.020798883266],[24289.102092029872,34.895628596252664,23401.536176387614],[24294.36154399128,34.832738876342766,23395.051553891964],[24299.620995952682,34.76984915643288,23388.56693139631],[24304.880451675937,34.70695939154075,23382.082304262494],[24310.139903637344,34.64406967163086,23375.597681766845]],"width":11.699999809265137},{"id":13860,"length":47.774295806884766,"open":true,"points":[[23929.41423428668,32.499351501464844,23946.569245106493],[23931.922047665343,32.51656198552878,23943.47724556557],[23934.429861044006,32.533772469592726,23940.38524602464],[23936.93767509532,32.55098295827287,23937.29324565438],[23939.4454886982,32.568193443875536,23934.201245837008],[23941.95330230108,32.58540392947822,23931.109246019634],[23944.46111590396,32.60261441508089,23928.017246202264],[23946.968930403706,32.61982490683852,23924.925245279108],[23949.476744903448,32.63703539859615,23921.83324435595],[23951.984557609467,32.65424587804387,23918.741245644364],[23954.49236852175,32.67145634518169,23915.64924914435],[23957.000183021497,32.68866683693932,23912.557248221194],[23959.507993933785,32.70587730407715,23909.465251721176]],"width":13.199999809265137},{"id":12885,"length":67.05479431152344,"open":true,"points":[[24044.80541177802,33.62478256225586,23804.29810528982],[24048.325176020375,33.68003781307209,23799.95842454877],[24051.84494026273,33.73529306388832,23795.61874380773],[24055.364705134467,33.79054832458496,23791.279062290687],[24058.88446874744,33.84580356552078,23786.939382325632],[24062.404233619178,33.90105882621742,23782.59970080859],[24065.923998490918,33.95631408691406,23778.26001929155],[24069.44376210389,34.011569327849884,23773.920339326494],[24072.963525716863,34.0668245687857,23769.580659361447],[24076.483289329833,34.12207980972153,23765.240979396396],[24080.00305546034,34.17733509017898,23760.901296327364],[24083.52281403825,34.23259025207154,23756.561622570272],[24087.042585203817,34.287845611572266,23752.221933293276]],"width":13.199999809265137},{"id":13840,"length":44.27477264404297,"open":true,"points":[[24087.042585203817,34.287845611572266,23752.221933293276],[24089.36671522744,34.29522260118051,23749.356405488365],[24091.690845251058,34.30259959078876,23746.490877683453],[24094.014974443508,34.30997657775879,23743.625350903334],[24096.339105298302,34.31735357000525,23740.759822073633],[24098.663234490752,34.32473055697528,23737.89429529352],[24100.98736285202,34.332107541307096,23735.028769538192],[24103.311492875648,34.33948453091534,23732.16324173328],[24105.63562373044,34.3468615231618,23729.29771290358],[24107.959754585234,34.35423851540827,23726.432184073874],[24110.283883777687,34.3616155023783,23723.56665729376],[24112.60801297013,34.36899248934833,23720.70113051364],[24114.932140500234,34.376369471041926,23717.835605783108]],"width":13.199999809265137}],"pauseMenu":false,"pedestrians":{"completed":0,"drawCalls":1,"population":10000,"renderMs":0.191,"ridingCar":0,"ridingTrain":0,"updateMs":0.976,"visible":6,"waitingCar":0,"waitingTrain":0,"walking":341},"plans":0,"population":233146,"railway":{"depots":0,"edgeCount":1269,"editorVisible":false,"lines":[{"enabled":true,"first":480,"id":0,"interval":270.0,"last":1380,"name":"汐淵・鵜池線","next":270.0,"stops":[17680,17681]},{"enabled":true,"first":480,"id":1,"interval":1380.0,"last":1380,"name":"鵜池・常宮線","next":1440.0,"stops":[17681,17743]},{"enabled":true,"first":480,"id":2,"interval":210.0,"last":1380,"name":"常宮・網瀬洗線","next":210.0,"stops":[17743,18160]},{"enabled":true,"first":480,"id":3,"interval":1140.0,"last":1380,"name":"網瀬洗・葦草第3地区線","next":1440.0,"stops":[18160,18212]},{"enabled":true,"first":480,"id":4,"interval":120.0,"last":1380,"name":"葦草第3地区・葦草線","next":120.0,"stops":[18212,18559]},{"enabled":true,"first":480,"id":5,"interval":150.0,"last":1380,"name":"葦草第3地区・葦草第2地区線","next":150.0,"stops":[18212,18574]},{"enabled":true,"first":480,"id":6,"interval":210.0,"last":1380,"name":"葦草第3地区・秋神線","next":210.0,"stops":[18212,18602]},{"enabled":true,"first":480,"id":7,"interval":990.0,"last":1380,"name":"葦草第2地区・玉寺線","next":1440.0,"stops":[18574,18654]}],"message":"","stations":[{"id":17680,"name":"汐淵","position":[62375.3517339767,52.0,53503.86182038857]},{"id":17681,"name":"鵜池","position":[58668.00913071976,43.0,52852.76884116136]},{"id":17743,"name":"常宮","position":[48529.05328003586,69.5,30835.606379331177]},{"id":18160,"name":"網瀬洗","position":[45508.17318802182,48.5,30061.235276059448]},{"id":18212,"name":"葦草第3地区","position":[24688.427373988667,52.0,22959.968090410068]},{"id":18559,"name":"葦草","position":[24090.089516332482,57.0,23697.686613220016]},{"id":18574,"name":"葦草第2地区","position":[23546.43567707546,44.5,24367.98267101535]},{"id":18602,"name":"秋神","position":[23495.00371227449,64.0,19984.44194673403]},{"id":18654,"name":"玉寺","position":[16738.027409982784,50.0,43665.12840887711]}],"trains":[{"id":0,"line":0,"passengers":0,"position":[62364.64445286007,52.0,53462.17735144537],"speed":2.3999998569488525,"state":0,"stopIndex":1},{"id":1,"line":1,"passengers":0,"position":[58589.384874759184,42.652380563843955,52879.41532842659],"speed":2.3999998569488525,"state":0,"stopIndex":1},{"id":2,"line":2,"passengers":0,"position":[48499.05821813552,69.5,30866.4695788021],"speed":2.3999998569488525,"state":0,"stopIndex":1},{"id":3,"line":3,"passengers":0,"position":[45444.70614344761,48.21896940503315,30007.719917036047],"speed":2.3999998569488525,"state":0,"stopIndex":1},{"id":4,"line":4,"passengers":0,"position":[24659.942770952694,52.0,22992.230579617677],"speed":2.3999998569488525,"state":0,"stopIndex":1},{"id":5,"line":5,"passengers":0,"position":[24659.942770952694,52.0,22992.230579617677],"speed":2.3999998569488525,"state":0,"stopIndex":1},{"id":6,"line":6,"passengers":0,"position":[24716.91197702464,52.0,22927.70560120246],"speed":2.3999998569488525,"state":0,"stopIndex":1},{"id":7,"line":7,"passengers":0,"position":[23492.755045342943,44.253786619728,24431.31051373995],"speed":2.3999998569488525,"state":0,"stopIndex":1}]},"renderMs":2218.381,"selectionId":-1,"selectionKind":0,"signalsMs":0.758,"sound":{"enginePitch":1.0,"enginePlaying":false,"events":0,"outputPeak":0.0,"volume":0.6},"textInput":false,"timeSpeed":0,"townLabels":[],"traffic":{"accessPoints":22248,"cars":616,"completed":0,"localCars":616,"localTarget":2400,"routeFailures":0,"spawned":616,"stopped":38,"updateMs":2.178336},"zone":2,"zoneBrush":1,"zoneCells":[{"angle":0.0,"building":0,"builtAt":0.0,"edge":-1,"offsetX":0.0,"offsetZ":0.0,"x":24120.0,"z":23640.0,"zone":4},{"angle":0.0,"building":0,"builtAt":0.0,"edge":-1,"offsetX":0.0,"offsetZ":0.0,"x":24136.0,"z":23640.0,"zone":4},{"angle":0.0,"building":0,"builtAt":0.0,"edge":-1,"offsetX":0.0,"offsetZ":0.0,"x":24152.0,"z":23640.0,"zone":4},{"angle":0.0,"building":0,"builtAt":0.0,"edge":-1,"offsetX":0.0,"offsetZ":0.0,"x":24168.0,"z":23640.0,"zone":4},{"angle":0.0,"building":0,"builtAt":0.0,"edge":-1,"offsetX":0.0,"offsetZ":0.0,"x":24184.0,"z":23640.0,"zone":4},{"angle":0.0,"building":0,"builtAt":0.0,"edge":-1,"offsetX":0.0,"offsetZ":0.0,"x":24200.0,"z":23640.0,"zone":4},{"angle":0.6814517378807068,"building":3,"builtAt":0.0,"edge":13314,"offsetX":-6.154789924621582,"offsetZ":2.631941318511963,"x":24216.0,"z":23640.0,"zone":4},{"angle":-2.4601409435272217,"building":5,"builtAt":0.0,"edge":13314,"offsetX":1.7993983030319214,"offsetZ":-6.419382572174072,"x":24232.0,"z":23640.0,"zone":4},{"angle":-2.4601409435272217,"building":2,"builtAt":0.0,"edge":13314,"offsetX":-4.645404815673828,"offsetZ":2.2820231914520264,"x":24248.0,"z":23640.0,"zone":3},{"angle":2.2522480487823486,"building":2,"builtAt":0.0,"edge":12908,"offsetX":-0.9939571022987366,"offsetZ":-0.4058094918727875,"x":24264.0,"z":23640.0,"zone":3},{"angle":-0.8893446326255798,"building":22,"builtAt":0.0,"edge":12908,"offsetX":7.369441032409668,"offsetZ":2.337386131286621,"x":24280.0,"z":23640.0,"zone":3},{"angle":-0.8893446326255798,"building":1,"builtAt":0.0,"edge":12908,"offsetX":7.765885353088379,"offsetZ":-1.3827219009399414,"x":24296.0,"z":23640.0,"zone":3},{"angle":0.681451678276062,"building":22,"builtAt":0.0,"edge":13331,"offsetX":6.7182936668396,"offsetZ":-6.901335716247559,"x":24312.0,"z":23640.0,"zone":3},{"angle":0.6814517378807068,"building":22,"builtAt":0.0,"edge":13331,"offsetX":4.2420973777771,"offsetZ":4.102306365966797,"x":24328.0,"z":23640.0,"zone":3},{"angle":0.0,"building":0,"builtAt":0.0,"edge":-1,"offsetX":0.0,"offsetZ":0.0,"x":24344.0,"z":23640.0,"zone":3},{"angle":0.0,"building":0,"builtAt":0.0,"edge":-1,"offsetX":0.0,"offsetZ":0.0,"x":24360.0,"z":23640.0,"zone":3},{"angle":-2.4601409435272217,"building":1,"builtAt":0.0,"edge":13332,"offsetX":4.055675029754639,"offsetZ":3.697913408279419,"x":24376.0,"z":23640.0,"zone":3},{"angle":0.0,"building":0,"builtAt":0.0,"edge":-1,"offsetX":0.0,"offsetZ":0.0,"x":24120.0,"z":23656.0,"zone":4},{"angle":0.0,"building":0,"builtAt":0.0,"edge":-1,"offsetX":0.0,"offsetZ":0.0,"x":24136.0,"z":23656.0,"zone":4},{"angle":0.0,"building":0,"builtAt":0.0,"edge":-1,"offsetX":0.0,"offsetZ":0.0,"x":24152.0,"z":23656.0,"zone":4},{"angle":0.0,"building":0,"builtAt":0.0,"edge":-1,"offsetX":0.0,"offsetZ":0.0,"x":24168.0,"z":23656.0,"zone":4},{"angle":0.0,"building":0,"builtAt":0.0,"edge":-1,"offsetX":0.0,"offsetZ":0.0,"x":24184.0,"z":23656.0,"zone":4},{"angle":0.0,"building":0,"builtAt":0.0,"edge":-1,"offsetX":0.0,"offsetZ":0.0,"x":24200.0,"z":23656.0,"zone":4},{"angle":0.0,"building":0,"builtAt":0.0,"edge":-1,"offsetX":0.0,"offsetZ":0.0,"x":24216.0,"z":23656.0,"zone":4},{"angle":0.6814517378807068,"building":6,"builtAt":0.0,"edge":13314,"offsetX":-2.1298155784606934,"offsetZ":2.907579183578491,"x":24232.0,"z":23656.0,"zone":4},{"angle":-2.4601409435272217,"building":1,"builtAt":0.0,"edge":13314,"offsetX":4.912838459014893,"offsetZ":-5.019872188568115,"x":24248.0,"z":23656.0,"zone":3},{"angle":-0.8893446326255798,"building":22,"builtAt":0.0,"edge":12908,"offsetX":6.674298286437988,"offsetZ":6.832339286804199,"x":24264.0,"z":23656.0,"zone":3},{"angle":-0.8893446326255798,"building":1,"builtAt":0.0,"edge":12908,"offsetX":-2.0072314739227295,"offsetZ":-4.2505974769592285,"x":24280.0,"z":23656.0,"zone":3},{"angle":-0.8893446326255798,"building":2,"builtAt":0.0,"edge":12908,"offsetX":0.8446816802024841,"offsetZ":-5.977575778961182,"x":24296.0,"z":23656.0,"zone":3},{"angle":2.2522480487823486,"building":2,"builtAt":0.0,"edge":12932,"offsetX":-5.701622486114502,"offsetZ":1.6881537437438965,"x":24312.0,"z":23656.0,"zone":3},{"angle":0.0,"building":0,"builtAt":0.0,"edge":-1,"offsetX":0.0,"offsetZ":0.0,"x":24328.0,"z":23656.0,"zone":3},{"angle":0.0,"building":0,"builtAt":0.0,"edge":-1,"offsetX":0.0,"offsetZ":0.0,"x":24344.0,"z":23656.0,"zone":3},{"angle":0.0,"building":0,"builtAt":0.0,"edge":-1,"offsetX":0.0,"offsetZ":0.0,"x":24360.0,"z":23656.0,"zone":3},{"angle":-2.4601409435272217,"building":1,"builtAt":0.0,"edge":13332,"offsetX":-2.369521141052246,"offsetZ":-4.38016414642334,"x":24376.0,"z":23656.0,"zone":3},{"angle":0.0,"building":0,"builtAt":0.0,"edge":-1,"offsetX":0.0,"offsetZ":0.0,"x":24120.0,"z":23672.0,"zone":0},{"angle":0.0,"building":0,"builtAt":0.0,"edge":-1,"offsetX":0.0,"offsetZ":0.0,"x":24136.0,"z":23672.0,"zone":4},{"angle":0.0,"building":0,"builtAt":0.0,"edge":-1,"offsetX":0.0,"offsetZ":0.0,"x":24152.0,"z":23672.0,"zone":4},{"angle":0.0,"building":0,"builtAt":0.0,"edge":-1,"offsetX":0.0,"offsetZ":0.0,"x":24168.0,"z":23672.0,"zone":4},{"angle":0.0,"building":0,"builtAt":0.0,"edge":-1,"offsetX":0.0,"offsetZ":0.0,"x":24184.0,"z":23672.0,"zone":4},{"angle":0.0,"building":0,"builtAt":0.0,"edge":-1,"offsetX":0.0,"offsetZ":0.0,"x":24200.0,"z":23672.0,"zone":4},{"angle":0.0,"building":0,"builtAt":0.0,"edge":-1,"offsetX":0.0,"offsetZ":0.0,"x":24216.0,"z":23672.0,"zone":4},{"angle":0.0,"building":0,"builtAt":0.0,"edge":-1,"offsetX":0.0,"offsetZ":0.0,"x":24232.0,"z":23672.0,"zone":4},{"angle":0.0,"building":0,"builtAt":0.0,"edge":-1,"offsetX":0.0,"offsetZ":0.0,"x":24248.0,"z":23672.0,"zone":4},{"angle":0.681451678276062,"building":2,"builtAt":0.0,"edge":13315,"offsetX":-6.2566328048706055,"offsetZ":7.641294956207275,"x":24264.0,"z":23672.0,"zone":3},{"angle":-2.4601409435272217,"building":2,"builtAt":0.0,"edge":13315,"offsetX":4.3646721839904785,"offsetZ":3.455223321914673,"x":24280.0,"z":23672.0,"zone":3},{"angle":-2.4601409435272217,"building":2,"builtAt":0.0,"edge":13315,"offsetX":-4.265249729156494,"offsetZ":-5.631687641143799,"x":24296.0,"z":23672.0,"zone":3},{"angle":2.2522480487823486,"building":22,"builtAt":0.0,"edge":12932,"offsetX":3.77361798286438,"offsetZ":-6.626807689666748,"x":24312.0,"z":23672.0,"zone":3},{"angle":0.0,"building":0,"builtAt":0.0,"edge":-1,"offsetX":0.0,"offsetZ":0.0,"x":24328.0,"z":23672.0,"zone":3},{"angle":0.0,"building":0,"builtAt":0.0,"edge":-1,"offsetX":0.0,"offsetZ":0.0,"x":24344.0,"z":23672.0,"zone":3},{"angle":-0.8893446326255798,"building":2,"builtAt":0.0,"edge":12932,"offsetX":-4.96362829208374,"offsetZ":0.1304757297039032,"x":24360.0,"z":23672.0,"zone":3},{"angle":0.6814517378807068,"building":5,"builtAt":0.0,"edge":13332,"offsetX":-2.546783685684204,"offsetZ":5.799036502838135,"x":24376.0,"z":23672.0,"zone":3},{"angle":0.0,"building":0,"builtAt":0.0,"edge":-1,"offsetX":0.0,"offsetZ":0.0,"x":24120.0,"z":23688.0,"zone":0},{"angle":0.0,"building":0,"builtAt":0.0,"edge":-1,"offsetX":0.0,"offsetZ":0.0,"x":24136.0,"z":23688.0,"zone":0},{"angle":0.0,"building":0,"builtAt":0.0,"edge":-1,"offsetX":0.0,"offsetZ":0.0,"x":24152.0,"z":23688.0,"zone":4},{"angle":-2.4601409435272217,"building":4,"builtAt":0.0,"edge":13297,"offsetX":3.924286365509033,"offsetZ":0.052965693175792694,"x":24168.0,"z":23688.0,"zone":4},{"angle":0.0,"building":0,"builtAt":0.0,"edge":-1,"offsetX":0.0,"offsetZ":0.0,"x":24184.0,"z":23688.0,"zone":4},{"angle":0.0,"building":0,"builtAt":0.0,"edge":-1,"offsetX":0.0,"offsetZ":0.0,"x":24200.0,"z":23688.0,"zone":4},{"angle":0.0,"building":0,"builtAt":0.0,"edge":-1,"offsetX":0.0,"offsetZ":0.0,"x":24216.0,"z":23688.0,"zone":4},{"angle":2.2522480487823486,"building":3,"builtAt":0.0,"edge":13917,"offsetX":-5.8597187995910645,"offsetZ":-5.19177770614624,"x":24232.0,"z":23688.0,"zone":4},{"angle":0.0,"building":0,"builtAt":0.0,"edge":-1,"offsetX":0.0,"offsetZ":0.0,"x":24248.0,"z":23688.0,"zone":4},{"angle":0.681451678276062,"building":1,"builtAt":0.0,"edge":13315,"offsetX":8.20810604095459,"offsetZ":2.443617820739746,"x":24264.0,"z":23688.0,"zone":3},{"angle":0.0,"building":0,"builtAt":0.0,"edge":-1,"offsetX":0.0,"offsetZ":0.0,"x":24280.0,"z":23688.0,"zone":3},{"angle":-2.4601409435272217,"building":22,"builtAt":0.0,"edge":13315,"offsetX":2.7603297233581543,"offsetZ":-1.6592320203781128,"x":24296.0,"z":23688.0,"zone":3},{"angle":0.0,"building":0,"builtAt":0.0,"edge":-1,"offsetX":0.0,"offsetZ":0.0,"x":24312.0,"z":23688.0,"zone":3},{"angle":0.0,"building":0,"builtAt":0.0,"edge":-1,"offsetX":0.0,"offsetZ":0.0,"x":24328.0,"z":23688.0,"zone":3},{"angle":-0.8893446326255798,"building":5,"builtAt":0.0,"edge":12932,"offsetX":-0.6748335361480713,"offsetZ":-0.2807047367095947,"x":24344.0,"z":23688.0,"zone":3},{"angle":0.0,"building":0,"builtAt":0.0,"edge":-1,"offsetX":0.0,"offsetZ":0.0,"x":24360.0,"z":23688.0,"zone":3},{"angle":0.0,"building":0,"builtAt":0.0,"edge":-1,"offsetX":0.0,"offsetZ":0.0,"x":24376.0,"z":23688.0,"zone":3},{"angle":0.0,"building":0,"builtAt":0.0,"edge":-1,"offsetX":0.0,"offsetZ":0.0,"x":24120.0,"z":23704.0,"zone":0},{"angle":0.0,"building":0,"builtAt":0.0,"edge":-1,"offsetX":0.0,"offsetZ":0.0,"x":24136.0,"z":23704.0,"zone":4},{"angle":0.0,"building":0,"builtAt":0.0,"edge":-1,"offsetX":0.0,"offsetZ":0.0,"x":24152.0,"z":23704.0,"zone":4},{"angle":0.0,"building":0,"builtAt":0.0,"edge":-1,"offsetX":0.0,"offsetZ":0.0,"x":24168.0,"z":23704.0,"zone":4},{"angle":0.0,"building":0,"builtAt":0.0,"edge":-1,"offsetX":0.0,"offsetZ":0.0,"x":24184.0,"z":23704.0,"zone":4},{"angle":0.0,"building":0,"builtAt":0.0,"edge":-1,"offsetX":0.0,"offsetZ":0.0,"x":24200.0,"z":23704.0,"zone":4},{"angle":2.2522480487823486,"building":5,"builtAt":0.0,"edge":13916,"offsetX":-2.0915510654449463,"offsetZ":-4.87722110748291,"x":24216.0,"z":23704.0,"zone":4},{"angle":0.6814517378807068,"building":5,"builtAt":0.0,"edge":13920,"offsetX":-1.634013295173645,"offsetZ":8.299647331237793,"x":24232.0,"z":23704.0,"zone":4},{"angle":-2.4601409435272217,"building":5,"builtAt":0.0,"edge":13920,"offsetX":-5.114144802093506,"offsetZ":-7.136678695678711,"x":24248.0,"z":23704.0,"zone":4},{"angle":-2.4601409435272217,"building":1,"builtAt":0.0,"edge":13920,"offsetX":-7.655171871185303,"offsetZ":5.670788288116455,"x":24264.0,"z":23704.0,"zone":3},{"angle":2.2522480487823486,"building":1,"builtAt":0.0,"edge":13919,"offsetX":-0.2724016010761261,"offsetZ":8.086161613464355,"x":24280.0,"z":23704.0,"zone":3},{"angle":0.0,"building":0,"builtAt":0.0,"edge":-1,"offsetX":0.0,"offsetZ":0.0,"x":24296.0,"z":23704.0,"zone":3},{"angle":0.0,"building":0,"builtAt":0.0,"edge":-1,"offsetX":0.0,"offsetZ":0.0,"x":24312.0,"z":23704.0,"zone":3},{"angle":-0.8893445730209351,"building":2,"builtAt":0.0,"edge":12932,"offsetX":2.4476945400238037,"offsetZ":-1.6342653036117554,"x":24328.0,"z":23704.0,"zone":3},{"angle":-2.4601409435272217,"building":22,"builtAt":0.0,"edge":13316,"offsetX":3.705528974533081,"offsetZ":5.544941425323486,"x":24344.0,"z":23704.0,"zone":3},{"angle":-2.4601409435272217,"building":22,"builtAt":0.0,"edge":13316,"offsetX":-4.294471740722656,"offsetZ":-4.318628787994385,"x":24360.0,"z":23704.0,"zone":3},{"angle":2.2522480487823486,"building":1,"builtAt":0.0,"edge":12956,"offsetX":0.7640894055366516,"offsetZ":-0.11544811725616455,"x":24376.0,"z":23704.0,"zone":3},{"angle":0.0,"building":0,"builtAt":0.0,"edge":-1,"offsetX":0.0,"offsetZ":0.0,"x":24120.0,"z":23720.0,"zone":4},{"angle":0.0,"building":0,"builtAt":0.0,"edge":-1,"offsetX":0.0,"offsetZ":0.0,"x":24136.0,"z":23720.0,"zone":4},{"angle":0.0,"building":0,"builtAt":0.0,"edge":-1,"offsetX":0.0,"offsetZ":0.0,"x":24152.0,"z":23720.0,"zone":4},{"angle":0.6814517378807068,"building":3,"builtAt":0.0,"edge":13297,"offsetX":-5.06278133392334,"offsetZ":-1.243548035621643,"x":24168.0,"z":23720.0,"zone":4},{"angle":0.0,"building":0,"builtAt":0.0,"edge":-1,"offsetX":0.0,"offsetZ":0.0,"x":24184.0,"z":23720.0,"zone":4},{"angle":-2.4601409435272217,"building":5,"builtAt":0.0,"edge":13297,"offsetX":0.2806078791618347,"offsetZ":-8.037710189819336,"x":24200.0,"z":23720.0,"zone":4},{"angle":0.0,"building":0,"builtAt":0.0,"edge":-1,"offsetX":0.0,"offsetZ":0.0,"x":24216.0,"z":23720.0,"zone":4},{"angle":0.0,"building":0,"builtAt":0.0,"edge":-1,"offsetX":0.0,"offsetZ":0.0,"x":24232.0,"z":23720.0,"zone":4},{"angle":0.681451678276062,"building":6,"builtAt":0.0,"edge":13920,"offsetX":-3.741565465927124,"offsetZ":4.572664737701416,"x":24248.0,"z":23720.0,"zone":4},{"angle":-2.4601409435272217,"building":2,"builtAt":0.0,"edge":13920,"offsetX":7.220584869384766,"offsetZ":0.729030430316925,"x":24264.0,"z":23720.0,"zone":3},{"angle":0.0,"building":0,"builtAt":0.0,"edge":-1,"offsetX":0.0,"offsetZ":0.0,"x":24280.0,"z":23720.0,"zone":3},{"angle":0.0,"building":0,"builtAt":0.0,"edge":-1,"offsetX":0.0,"offsetZ":0.0,"x":24296.0,"z":23720.0,"zone":3},{"angle":0.0,"building":0,"builtAt":0.0,"edge":-1,"offsetX":0.0,"offsetZ":0.0,"x":24312.0,"z":23720.0,"zone":3},{"angle":0.0,"building":0,"builtAt":0.0,"edge":-1,"offsetX":0.0,"offsetZ":0.0,"x":24328.0,"z":23720.0,"zone":3},{"angle":-2.4601409435272217,"building":22,"builtAt":0.0,"edge":13316,"offsetX":-4.294470310211182,"offsetZ":-0.5914881825447083,"x":24344.0,"z":23720.0,"zone":3},{"angle":2.2522480487823486,"building":1,"builtAt":0.0,"edge":12956,"offsetX":6.0577712059021,"offsetZ":-2.885031223297119,"x":24360.0,"z":23720.0,"zone":3},{"angle":0.0,"building":0,"builtAt":0.0,"edge":-1,"offsetX":0.0,"offsetZ":0.0,"x":24376.0,"z":23720.0,"zone":3},{"angle":0.0,"building":0,"builtAt":0.0,"edge":-1,"offsetX":0.0,"offsetZ":0.0,"x":24120.0,"z":23736.0,"zone":4},{"angle":0.6814517378807068,"building":3,"builtAt":0.0,"edge":13867,"offsetX":-7.419148921966553,"offsetZ":6.490680694580078,"x":24136.0,"z":23736.0,"zone":4},{"angle":-2.4601409435272217,"building":5,"builtAt":0.0,"edge":13867,"offsetX":-0.24337363243103027,"offsetZ":-0.9350773096084595,"x":24152.0,"z":23736.0,"zone":4},{"angle":-2.4601409435272217,"building":3,"builtAt":0.0,"edge":13867,"offsetX":-5.412522315979004,"offsetZ":6.861746788024902,"x":24168.0,"z":23736.0,"zone":4},{"angle":0.6814517378807068,"building":4,"builtAt":0.0,"edge":13297,"offsetX":-1.8821852207183838,"offsetZ":-1.6439602375030518,"x":24184.0,"z":23736.0,"zone":4},{"angle":0.0,"building":0,"builtAt":0.0,"edge":-1,"offsetX":0.0,"offsetZ":0.0,"x":24200.0,"z":23736.0,"zone":4},{"angle":-2.4601409435272217,"building":5,"builtAt":0.0,"edge":13298,"offsetX":5.143284320831299,"offsetZ":-7.1722412109375,"x":24216.0,"z":23736.0,"zone":4},{"angle":-2.460233211517334,"building":3,"builtAt":0.0,"edge":13298,"offsetX":2.5121841430664063,"offsetZ":2.666759967803955,"x":24232.0,"z":23736.0,"zone":4},{"angle":0.0,"building":0,"builtAt":0.0,"edge":-1,"offsetX":0.0,"offsetZ":0.0,"x":24248.0,"z":23736.0,"zone":4},{"angle":0.6814517378807068,"building":2,"builtAt":0.0,"edge":13920,"offsetX":-4.435221195220947,"offsetZ":-0.899985134601593,"x":24264.0,"z":23736.0,"zone":3},{"angle":0.0,"building":0,"builtAt":0.0,"edge":-1,"offsetX":0.0,"offsetZ":0.0,"x":24280.0,"z":23736.0,"zone":3},{"angle":-2.4601409435272217,"building":1,"builtAt":0.0,"edge":13968,"offsetX":2.2388463020324707,"offsetZ":7.524049758911133,"x":24296.0,"z":23736.0,"zone":3},{"angle":-0.8893445730209351,"building":22,"builtAt":0.0,"edge":13919,"offsetX":-6.010221481323242,"offsetZ":-2.613496780395508,"x":24312.0,"z":23736.0,"zone":3},{"angle":0.6814517378807068,"building":12,"builtAt":0.0,"edge":13316,"offsetX":-2.7718558311462402,"offsetZ":1.2583520412445068,"x":24328.0,"z":23736.0,"zone":4},{"angle":0.0,"building":0,"builtAt":0.0,"edge":-1,"offsetX":0.0,"offsetZ":0.0,"x":24344.0,"z":23736.0,"zone":3},{"angle":2.2522480487823486,"building":1,"builtAt":0.0,"edge":12956,"offsetX":-4.649094581604004,"offsetZ":-5.657011032104492,"x":24360.0,"z":23736.0,"zone":3},{"angle":-0.8893445730209351,"building":22,"builtAt":0.0,"edge":12956,"offsetX":5.839900016784668,"offsetZ":-6.084694862365723,"x":24376.0,"z":23736.0,"zone":3},{"angle":-2.4601409435272217,"building":3,"builtAt":0.0,"edge":13279,"offsetX":-3.748300790786743,"offsetZ":6.224560260772705,"x":24120.0,"z":23752.0,"zone":4},{"angle":0.6814517378807068,"building":5,"builtAt":0.0,"edge":13867,"offsetX":3.3918111324310303,"offsetZ":-1.6899226903915405,"x":24136.0,"z":23752.0,"zone":4},{"angle":0.0,"building":0,"builtAt":0.0,"edge":-1,"offsetX":0.0,"offsetZ":0.0,"x":24152.0,"z":23752.0,"zone":4},{"angle":0.0,"building":0,"builtAt":0.0,"edge":-1,"offsetX":0.0,"offsetZ":0.0,"x":24168.0,"z":23752.0,"zone":4},{"angle":0.0,"building":0,"builtAt":0.0,"edge":-1,"offsetX":0.0,"offsetZ":0.0,"x":24184.0,"z":23752.0,"zone":4},{"angle":0.681451678276062,"building":3,"builtAt":0.0,"edge":13298,"offsetX":2.926199197769165,"offsetZ":-0.7115504145622253,"x":24200.0,"z":23752.0,"zone":4},{"angle":0.0,"building":0,"builtAt":0.0,"edge":-1,"offsetX":0.0,"offsetZ":0.0,"x":24216.0,"z":23752.0,"zone":4},{"angle":0.0,"building":0,"builtAt":0.0,"edge":-1,"offsetX":0.0,"offsetZ":0.0,"x":24232.0,"z":23752.0,"zone":4},{"angle":-2.4601409435272217,"building":1,"builtAt":0.0,"edge":13298,"offsetX":-2.0073091983795166,"offsetZ":-1.165961503982544,"x":24248.0,"z":23752.0,"zone":3},{"angle":0.0,"building":0,"builtAt":0.0,"edge":-1,"offsetX":0.0,"offsetZ":0.0,"x":24264.0,"z":23752.0,"zone":3},{"angle":0.0,"building":0,"builtAt":0.0,"edge":-1,"offsetX":0.0,"offsetZ":0.0,"x":24280.0,"z":23752.0,"zone":3},{"angle":0.0,"building":0,"builtAt":0.0,"edge":-1,"offsetX":0.0,"offsetZ":0.0,"x":24296.0,"z":23752.0,"zone":3},{"angle":-2.4601409435272217,"building":3,"builtAt":0.0,"edge":13968,"offsetX":1.053743839263916,"offsetZ":0.6007509827613831,"x":24312.0,"z":23752.0,"zone":3},{"angle":0.0,"building":0,"builtAt":0.0,"edge":-1,"offsetX":0.0,"offsetZ":0.0,"x":24328.0,"z":23752.0,"zone":3},{"angle":2.2522480487823486,"building":2,"builtAt":0.0,"edge":13967,"offsetX":-4.315062999725342,"offsetZ":-3.4956400394439697,"x":24344.0,"z":23752.0,"zone":3},{"angle":0.0,"building":0,"builtAt":0.0,"edge":-1,"offsetX":0.0,"offsetZ":0.0,"x":24360.0,"z":23752.0,"zone":3},{"angle":0.0,"building":0,"builtAt":0.0,"edge":-1,"offsetX":0.0,"offsetZ":0.0,"x":24376.0,"z":23752.0,"zone":3},{"angle":0.0,"building":0,"builtAt":0.0,"edge":-1,"offsetX":0.0,"offsetZ":0.0,"x":24120.0,"z":23768.0,"zone":4},{"angle":-2.4601409435272217,"building":3,"builtAt":0.0,"edge":13279,"offsetX":-0.5094721913337708,"offsetZ":5.790102958679199,"x":24136.0,"z":23768.0,"zone":4},{"angle":2.2522480487823486,"building":5,"builtAt":0.0,"edge":13865,"offsetX":7.266846179962158,"offsetZ":-1.4373905658721924,"x":24152.0,"z":23768.0,"zone":4},{"angle":0.0,"building":0,"builtAt":0.0,"edge":-1,"offsetX":0.0,"offsetZ":0.0,"x":24168.0,"z":23768.0,"zone":4},{"angle":0.0,"building":0,"builtAt":0.0,"edge":-1,"offsetX":0.0,"offsetZ":0.0,"x":24184.0,"z":23768.0,"zone":4},{"angle":-2.4601409435272217,"building":6,"builtAt":0.0,"edge":13915,"offsetX":-1.9083874225616455,"offsetZ":3.561483383178711,"x":24200.0,"z":23768.0,"zone":4},{"angle":0.6815438866615295,"building":3,"builtAt":0.0,"edge":13298,"offsetX":-0.21514147520065308,"offsetZ":-6.243448257446289,"x":24216.0,"z":23768.0,"zone":4},{"angle":0.681451678276062,"building":5,"builtAt":0.0,"edge":13298,"offsetX":-2.885098934173584,"offsetZ":3.6434497833251953,"x":24232.0,"z":23768.0,"zone":4},{"angle":0.0,"building":0,"builtAt":0.0,"edge":-1,"offsetX":0.0,"offsetZ":0.0,"x":24248.0,"z":23768.0,"zone":3},{"angle":0.0,"building":0,"builtAt":0.0,"edge":-1,"offsetX":0.0,"offsetZ":0.0,"x":24264.0,"z":23768.0,"zone":3},{"angle":-0.8893445730209351,"building":2,"builtAt":0.0,"edge":13918,"offsetX":-1.1191508769989014,"offsetZ":-2.1868975162506104,"x":24280.0,"z":23768.0,"zone":3},{"angle":0.6814517378807068,"building":22,"builtAt":0.0,"edge":13968,"offsetX":3.9528307914733887,"offsetZ":0.7534745335578918,"x":24296.0,"z":23768.0,"zone":3},{"angle":0.0,"building":0,"builtAt":0.0,"edge":-1,"offsetX":0.0,"offsetZ":0.0,"x":24312.0,"z":23768.0,"zone":3},{"angle":2.2522480487823486,"building":22,"builtAt":0.0,"edge":13967,"offsetX":-0.9848089218139648,"offsetZ":-4.811123847961426,"x":24328.0,"z":23768.0,"zone":3},{"angle":0.0,"building":0,"builtAt":0.0,"edge":-1,"offsetX":0.0,"offsetZ":0.0,"x":24344.0,"z":23768.0,"zone":3},{"angle":-0.8893446326255798,"building":2,"builtAt":0.0,"edge":13967,"offsetX":-4.501984119415283,"offsetZ":-6.670202255249023,"x":24360.0,"z":23768.0,"zone":3},{"angle":0.0,"building":0,"builtAt":0.0,"edge":-1,"offsetX":0.0,"offsetZ":0.0,"x":24376.0,"z":23768.0,"zone":3},{"angle":0.0,"building":0,"builtAt":0.0,"edge":-1,"offsetX":0.0,"offsetZ":0.0,"x":24120.0,"z":23784.0,"zone":4},{"angle":0.0,"building":0,"builtAt":0.0,"edge":-1,"offsetX":0.0,"offsetZ":0.0,"x":24136.0,"z":23784.0,"zone":4},{"angle":0.0,"building":0,"builtAt":0.0,"edge":-1,"offsetX":0.0,"offsetZ":0.0,"x":24152.0,"z":23784.0,"zone":4},{"angle":0.0,"building":0,"builtAt":0.0,"edge":-1,"offsetX":0.0,"offsetZ":0.0,"x":24168.0,"z":23784.0,"zone":4},{"angle":0.6814517378807068,"building":3,"builtAt":0.0,"edge":13915,"offsetX":0.6661999225616455,"offsetZ":4.114297866821289,"x":24184.0,"z":23784.0,"zone":4},{"angle":0.0,"building":0,"builtAt":0.0,"edge":-1,"offsetX":0.0,"offsetZ":0.0,"x":24200.0,"z":23784.0,"zone":4},{"angle":-2.4601409435272217,"building":5,"builtAt":0.0,"edge":13915,"offsetX":1.0855088233947754,"offsetZ":3.8696868419647217,"x":24216.0,"z":23784.0,"zone":4},{"angle":0.0,"building":0,"builtAt":0.0,"edge":-1,"offsetX":0.0,"offsetZ":0.0,"x":24232.0,"z":23784.0,"zone":3},{"angle":0.0,"building":0,"builtAt":0.0,"edge":-1,"offsetX":0.0,"offsetZ":0.0,"x":24248.0,"z":23784.0,"zone":3},{"angle":0.0,"building":0,"builtAt":0.0,"edge":-1,"offsetX":0.0,"offsetZ":0.0,"x":24264.0,"z":23784.0,"zone":3},{"angle":-2.4601409435272217,"building":22,"builtAt":0.0,"edge":13299,"offsetX":7.2005839347839355,"offsetZ":-1.6012420654296875,"x":24280.0,"z":23784.0,"zone":3},{"angle":0.0,"building":0,"builtAt":0.0,"edge":-1,"offsetX":0.0,"offsetZ":0.0,"x":24296.0,"z":23784.0,"zone":3},{"angle":2.2522480487823486,"building":1,"builtAt":0.0,"edge":13966,"offsetX":1.771888256072998,"offsetZ":-2.302941083908081,"x":24312.0,"z":23784.0,"zone":3},{"angle":0.0,"building":0,"builtAt":0.0,"edge":-1,"offsetX":0.0,"offsetZ":0.0,"x":24328.0,"z":23784.0,"zone":3},{"angle":-0.8893445730209351,"building":22,"builtAt":0.0,"edge":13967,"offsetX":-0.24460944533348083,"offsetZ":-7.233728885650635,"x":24344.0,"z":23784.0,"zone":3},{"angle":-0.8893445730209351,"building":2,"builtAt":0.0,"edge":13967,"offsetX":-6.769368648529053,"offsetZ":0.4513097405433655,"x":24360.0,"z":23784.0,"zone":3},{"angle":0.0,"building":0,"builtAt":0.0,"edge":-1,"offsetX":0.0,"offsetZ":0.0,"x":24376.0,"z":23784.0,"zone":3},{"angle":0.0,"building":0,"builtAt":0.0,"edge":-1,"offsetX":0.0,"offsetZ":0.0,"x":24120.0,"z":23800.0,"zone":4},{"angle":0.6814517378807068,"building":6,"builtAt":0.0,"edge":13279,"offsetX":-8.264117240905762,"offsetZ":2.9963388442993164,"x":24136.0,"z":23800.0,"zone":4},{"angle":0.0,"building":0,"builtAt":0.0,"edge":-1,"offsetX":0.0,"offsetZ":0.0,"x":24152.0,"z":23800.0,"zone":4},{"angle":-2.4601409435272217,"building":5,"builtAt":0.0,"edge":13280,"offsetX":-4.052818298339844,"offsetZ":-2.2388317584991455,"x":24168.0,"z":23800.0,"zone":4},{"angle":0.0,"building":0,"builtAt":0.0,"edge":-1,"offsetX":0.0,"offsetZ":0.0,"x":24184.0,"z":23800.0,"zone":4},{"angle":0.0,"building":0,"builtAt":0.0,"edge":-1,"offsetX":0.0,"offsetZ":0.0,"x":24200.0,"z":23800.0,"zone":4},{"angle":0.0,"building":0,"builtAt":0.0,"edge":-1,"offsetX":0.0,"offsetZ":0.0,"x":24216.0,"z":23800.0,"zone":4},{"angle":0.0,"building":0,"builtAt":0.0,"edge":-1,"offsetX":0.0,"offsetZ":0.0,"x":24232.0,"z":23800.0,"zone":3},{"angle":-0.8893446326255798,"building":1,"builtAt":0.0,"edge":13914,"offsetX":2.387336492538452,"offsetZ":-0.28208649158477783,"x":24248.0,"z":23800.0,"zone":3},{"angle":0.6814517378807068,"building":22,"builtAt":0.0,"edge":13299,"offsetX":5.44967794418335,"offsetZ":4.28467321395874,"x":24264.0,"z":23800.0,"zone":3},{"angle":0.0,"building":0,"builtAt":0.0,"edge":-1,"offsetX":0.0,"offsetZ":0.0,"x":24280.0,"z":23800.0,"zone":3},{"angle":-2.4601409435272217,"building":2,"builtAt":0.0,"edge":13299,"offsetX":2.683525323867798,"offsetZ":-7.5707688331604,"x":24296.0,"z":23800.0,"zone":3},{"angle":-0.8893446326255798,"building":2,"builtAt":0.0,"edge":13966,"offsetX":6.448672294616699,"offsetZ":6.9481964111328125,"x":24312.0,"z":23800.0,"zone":3},{"angle":-0.8893445730209351,"building":1,"builtAt":0.0,"edge":13966,"offsetX":0.3710009455680847,"offsetZ":-6.4621076583862305,"x":24328.0,"z":23800.0,"zone":3},{"angle":-0.8893445730209351,"building":2,"builtAt":0.0,"edge":13966,"offsetX":-7.124582290649414,"offsetZ":0.4355294704437256,"x":24344.0,"z":23800.0,"zone":3},{"angle":0.0,"building":0,"builtAt":0.0,"edge":-1,"offsetX":0.0,"offsetZ":0.0,"x":24360.0,"z":23800.0,"zone":3},{"angle":2.2522480487823486,"building":22,"builtAt":0.0,"edge":12975,"offsetX":2.174591064453125,"offsetZ":5.0905256271362305,"x":24376.0,"z":23800.0,"zone":3},{"angle":0.0,"building":0,"builtAt":0.0,"edge":-1,"offsetX":0.0,"offsetZ":0.0,"x":24120.0,"z":23816.0,"zone":4},{"angle":0.0,"building":0,"builtAt":0.0,"edge":-1,"offsetX":0.0,"offsetZ":0.0,"x":24136.0,"z":23816.0,"zone":4},{"angle":0.6814517378807068,"building":3,"builtAt":0.0,"edge":13280,"offsetX":-5.007656097412109,"offsetZ":2.665574073791504,"x":24152.0,"z":23816.0,"zone":4},{"angle":0.0,"building":0,"builtAt":0.0,"edge":-1,"offsetX":0.0,"offsetZ":0.0,"x":24168.0,"z":23816.0,"zone":4},{"angle":0.0,"building":0,"builtAt":0.0,"edge":-1,"offsetX":0.0,"offsetZ":0.0,"x":24184.0,"z":23816.0,"zone":4},{"angle":2.2522480487823486,"building":5,"builtAt":0.0,"edge":13913,"offsetX":-3.499864339828491,"offsetZ":-3.5717880725860596,"x":24200.0,"z":23816.0,"zone":4},{"angle":0.0,"building":0,"builtAt":0.0,"edge":-1,"offsetX":0.0,"offsetZ":0.0,"x":24216.0,"z":23816.0,"zone":3},{"angle":0.0,"building":0,"builtAt":0.0,"edge":-1,"offsetX":0.0,"offsetZ":0.0,"x":24232.0,"z":23816.0,"zone":3},{"angle":-2.4601409435272217,"building":1,"builtAt":0.0,"edge":13965,"offsetX":-4.7039794921875,"offsetZ":-5.033782005310059,"x":24248.0,"z":23816.0,"zone":3},{"angle":-2.4601409435272217,"building":2,"builtAt":0.0,"edge":13965,"offsetX":-6.684689044952393,"offsetZ":5.3216552734375,"x":24264.0,"z":23816.0,"zone":3},{"angle":0.6814517378807068,"building":2,"builtAt":0.0,"edge":13299,"offsetX":1.6319679021835327,"offsetZ":-2.5471127033233643,"x":24280.0,"z":23816.0,"zone":3},{"angle":0.0,"building":0,"builtAt":0.0,"edge":-1,"offsetX":0.0,"offsetZ":0.0,"x":24296.0,"z":23816.0,"zone":3},{"angle":0.0,"building":0,"builtAt":0.0,"edge":-1,"offsetX":0.0,"offsetZ":0.0,"x":24312.0,"z":23816.0,"zone":3},{"angle":0.0,"building":0,"builtAt":0.0,"edge":-1,"offsetX":0.0,"offsetZ":0.0,"x":24328.0,"z":23816.0,"zone":3},{"angle":0.0,"building":0,"builtAt":0.0,"edge":-1,"offsetX":0.0,"offsetZ":0.0,"x":24344.0,"z":23816.0,"zone":3},{"angle":-2.4601409435272217,"building":1,"builtAt":0.0,"edge":13300,"offsetX":-1.480087161064148,"offsetZ":6.840113639831543,"x":24360.0,"z":23816.0,"zone":3},{"angle":0.0,"building":0,"builtAt":0.0,"edge":-1,"offsetX":0.0,"offsetZ":0.0,"x":24376.0,"z":23816.0,"zone":3},{"angle":-0.8893446326255798,"building":6,"builtAt":0.0,"edge":12905,"offsetX":8.196125030517578,"offsetZ":7.854005336761475,"x":24120.0,"z":23832.0,"zone":4},{"angle":-0.8893446326255798,"building":5,"builtAt":0.0,"edge":12905,"offsetX":0.9195042252540588,"offsetZ":-4.116843223571777,"x":24136.0,"z":23832.0,"zone":4},{"angle":0.0,"building":0,"builtAt":0.0,"edge":-1,"offsetX":0.0,"offsetZ":0.0,"x":24152.0,"z":23832.0,"zone":4},{"angle":0.681451678276062,"building":5,"builtAt":0.0,"edge":13280,"offsetX":-7.015702247619629,"offsetZ":-2.9103939533233643,"x":24168.0,"z":23832.0,"zone":4},{"angle":0.0,"building":0,"builtAt":0.0,"edge":-1,"offsetX":0.0,"offsetZ":0.0,"x":24184.0,"z":23832.0,"zone":3},{"angle":0.0,"building":0,"builtAt":0.0,"edge":-1,"offsetX":0.0,"offsetZ":0.0,"x":24200.0,"z":23832.0,"zone":3},{"angle":-0.8893445730209351,"building":2,"builtAt":0.0,"edge":13913,"offsetX":7.370290756225586,"offsetZ":2.2216615676879883,"x":24216.0,"z":23832.0,"zone":3},{"angle":0.681451678276062,"building":2,"builtAt":0.0,"edge":13965,"offsetX":0.0791950523853302,"offsetZ":-7.204036235809326,"x":24232.0,"z":23832.0,"zone":3},{"angle":0.6814517378807068,"building":22,"builtAt":0.0,"edge":13965,"offsetX":-2.7889280319213867,"offsetZ":4.245532989501953,"x":24248.0,"z":23832.0,"zone":3},{"angle":-2.4601409435272217,"building":2,"builtAt":0.0,"edge":13965,"offsetX":6.860024929046631,"offsetZ":0.2617645263671875,"x":24264.0,"z":23832.0,"zone":3},{"angle":0.0,"building":0,"builtAt":0.0,"edge":-1,"offsetX":0.0,"offsetZ":0.0,"x":24280.0,"z":23832.0,"zone":3},{"angle":-0.8893445730209351,"building":2,"builtAt":0.0,"edge":13964,"offsetX":3.954244375228882,"offsetZ":-2.2634506225585938,"x":24296.0,"z":23832.0,"zone":3},{"angle":0.0,"building":0,"builtAt":0.0,"edge":-1,"offsetX":0.0,"offsetZ":0.0,"x":24312.0,"z":23832.0,"zone":3},{"angle":0.0,"building":0,"builtAt":0.0,"edge":-1,"offsetX":0.0,"offsetZ":0.0,"x":24328.0,"z":23832.0,"zone":3},{"angle":-2.4601409435272217,"building":3,"builtAt":0.0,"edge":13300,"offsetX":6.677393913269043,"offsetZ":0.5095189213752747,"x":24344.0,"z":23832.0,"zone":3},{"angle":0.0,"building":0,"builtAt":0.0,"edge":-1,"offsetX":0.0,"offsetZ":0.0,"x":24360.0,"z":23832.0,"zone":3},{"angle":-0.8893445730209351,"building":1,"builtAt":0.0,"edge":12975,"offsetX":5.940298080444336,"offsetZ":0.8853286504745483,"x":24376.0,"z":23832.0,"zone":3},{"angle":-0.8893446326255798,"building":5,"builtAt":0.0,"edge":12905,"offsetX":-1.6903789043426514,"offsetZ":2.8814847469329834,"x":24120.0,"z":23848.0,"zone":4},{"angle":-2.4601409435272217,"building":22,"builtAt":0.0,"edge":13263,"offsetX":4.754898548126221,"offsetZ":4.187449932098389,"x":24136.0,"z":23848.0,"zone":4},{"angle":0.0,"building":0,"builtAt":0.0,"edge":-1,"offsetX":0.0,"offsetZ":0.0,"x":24152.0,"z":23848.0,"zone":4},{"angle":2.2522480487823486,"building":2,"builtAt":0.0,"edge":12929,"offsetX":3.917633533477783,"offsetZ":-4.106917858123779,"x":24168.0,"z":23848.0,"zone":3},{"angle":0.0,"building":0,"builtAt":0.0,"edge":-1,"offsetX":0.0,"offsetZ":0.0,"x":24184.0,"z":23848.0,"zone":3},{"angle":0.0,"building":0,"builtAt":0.0,"edge":-1,"offsetX":0.0,"offsetZ":0.0,"x":24200.0,"z":23848.0,"zone":3},{"angle":-2.4601409435272217,"building":1,"builtAt":0.0,"edge":13281,"offsetX":1.5350812673568726,"offsetZ":-5.021531105041504,"x":24216.0,"z":23848.0,"zone":3},{"angle":-2.4601409435272217,"building":2,"builtAt":0.0,"edge":13281,"offsetX":-1.4730476140975952,"offsetZ":4.504375457763672,"x":24232.0,"z":23848.0,"zone":3},{"angle":0.0,"building":0,"builtAt":0.0,"edge":-1,"offsetX":0.0,"offsetZ":0.0,"x":24248.0,"z":23848.0,"zone":3},{"angle":2.2522480487823486,"building":2,"builtAt":0.0,"edge":13963,"offsetX":-5.504047393798828,"offsetZ":0.7013303637504578,"x":24264.0,"z":23848.0,"zone":3},{"angle":0.0,"building":0,"builtAt":0.0,"edge":-1,"offsetX":0.0,"offsetZ":0.0,"x":24280.0,"z":23848.0,"zone":3},{"angle":-0.8893446326255798,"building":9,"builtAt":0.0,"edge":13964,"offsetX":-7.772275924682617,"offsetZ":-4.036936283111572,"x":24296.0,"z":23848.0,"zone":3},{"angle":0.6814517378807068,"building":2,"builtAt":0.0,"edge":13300,"offsetX":6.445248126983643,"offsetZ":-4.567173004150391,"x":24312.0,"z":23848.0,"zone":3},{"angle":0.6814517378807068,"building":1,"builtAt":0.0,"edge":13300,"offsetX":4.994445323944092,"offsetZ":6.311647891998291,"x":24328.0,"z":23848.0,"zone":3},{"angle":0.0,"building":0,"builtAt":0.0,"edge":-1,"offsetX":0.0,"offsetZ":0.0,"x":24344.0,"z":23848.0,"zone":3},{"angle":0.0,"building":0,"builtAt":0.0,"edge":-1,"offsetX":0.0,"offsetZ":0.0,"x":24360.0,"z":23848.0,"zone":3},{"angle":-2.4601409435272217,"building":1,"builtAt":0.0,"edge":13301,"offsetX":-2.9686625003814697,"offsetZ":5.472647666931152,"x":24376.0,"z":23848.0,"zone":3},{"angle":0.0,"building":0,"builtAt":0.0,"edge":-1,"offsetX":0.0,"offsetZ":0.0,"x":24120.0,"z":23864.0,"zone":3},{"angle":-2.4601409435272217,"building":22,"builtAt":0.0,"edge":13263,"offsetX":-3.245100498199463,"offsetZ":-1.9489800930023193,"x":24136.0,"z":23864.0,"zone":3},{"angle":2.2522480487823486,"building":1,"builtAt":0.0,"edge":12929,"offsetX":0.5141414403915405,"offsetZ":4.960072040557861,"x":24152.0,"z":23864.0,"zone":3},{"angle":2.2522480487823486,"building":2,"builtAt":0.0,"edge":12929,"offsetX":-6.075340270996094,"offsetZ":-7.808835506439209,"x":24168.0,"z":23864.0,"zone":3},{"angle":0.0,"building":0,"builtAt":0.0,"edge":-1,"offsetX":0.0,"offsetZ":0.0,"x":24184.0,"z":23864.0,"zone":3},{"angle":-0.8893446326255798,"building":1,"builtAt":0.0,"edge":12929,"offsetX":-2.3463518619537354,"offsetZ":0.7666692137718201,"x":24200.0,"z":23864.0,"zone":3},{"angle":0.6814517378807068,"building":1,"builtAt":0.0,"edge":13281,"offsetX":-0.7528484463691711,"offsetZ":7.343550205230713,"x":24216.0,"z":23864.0,"zone":3},{"angle":0.0,"building":0,"builtAt":0.0,"edge":-1,"offsetX":0.0,"offsetZ":0.0,"x":24232.0,"z":23864.0,"zone":3},{"angle":2.2522480487823486,"building":3,"builtAt":0.0,"edge":13963,"offsetX":-2.916088342666626,"offsetZ":-1.1502094268798828,"x":24248.0,"z":23864.0,"zone":3},{"angle":0.0,"building":0,"builtAt":0.0,"edge":-1,"offsetX":0.0,"offsetZ":0.0,"x":24264.0,"z":23864.0,"zone":3},{"angle":-0.8893445730209351,"building":22,"builtAt":0.0,"edge":13963,"offsetX":-5.3050150871276855,"offsetZ":-2.1601970195770264,"x":24280.0,"z":23864.0,"zone":3},{"angle":0.0,"building":0,"builtAt":0.0,"edge":-1,"offsetX":0.0,"offsetZ":0.0,"x":24296.0,"z":23864.0,"zone":3},{"angle":0.6814517378807068,"building":1,"builtAt":0.0,"edge":13300,"offsetX":7.19917106628418,"offsetZ":7.320481777191162,"x":24312.0,"z":23864.0,"zone":3},{"angle":0.6814517378807068,"building":2,"builtAt":0.0,"edge":13300,"offsetX":-1.9031918048858643,"offsetZ":-1.183935284614563,"x":24328.0,"z":23864.0,"zone":3},{"angle":0.0,"building":0,"builtAt":0.0,"edge":-1,"offsetX":0.0,"offsetZ":0.0,"x":24344.0,"z":23864.0,"zone":3},{"angle":0.0,"building":0,"builtAt":0.0,"edge":-1,"offsetX":0.0,"offsetZ":0.0,"x":24360.0,"z":23864.0,"zone":3},{"angle":0.0,"building":0,"builtAt":0.0,"edge":-1,"offsetX":0.0,"offsetZ":0.0,"x":24376.0,"z":23864.0,"zone":3},{"angle":0.6814517378807068,"building":3,"builtAt":0.0,"edge":13263,"offsetX":-1.1400740146636963,"offsetZ":-0.8172220587730408,"x":24120.0,"z":23880.0,"zone":3},{"angle":0.0,"building":0,"builtAt":0.0,"edge":-1,"offsetX":0.0,"offsetZ":0.0,"x":24136.0,"z":23880.0,"zone":3},{"angle":0.0,"building":0,"builtAt":0.0,"edge":-1,"offsetX":0.0,"offsetZ":0.0,"x":24152.0,"z":23880.0,"zone":3},{"angle":0.0,"building":0,"builtAt":0.0,"edge":-1,"offsetX":0.0,"offsetZ":0.0,"x":24168.0,"z":23880.0,"zone":3},{"angle":-0.8893446326255798,"building":22,"builtAt":0.0,"edge":12929,"offsetX":4.7152276039123535,"offsetZ":-2.0799367427825928,"x":24184.0,"z":23880.0,"zone":3},{"angle":-0.8893446326255798,"building":2,"builtAt":0.0,"edge":12929,"offsetX":-1.8095316886901855,"offsetZ":5.605101108551025,"x":24200.0,"z":23880.0,"zone":3},{"angle":0.6814517378807068,"building":1,"builtAt":0.0,"edge":13281,"offsetX":-7.17804479598999,"offsetZ":-0.7345272898674011,"x":24216.0,"z":23880.0,"zone":3},{"angle":0.681451678276062,"building":22,"builtAt":0.0,"edge":13281,"offsetX":-5.124361038208008,"offsetZ":2.5523903369903564,"x":24232.0,"z":23880.0,"zone":3},{"angle":0.0,"building":0,"builtAt":0.0,"edge":-1,"offsetX":0.0,"offsetZ":0.0,"x":24248.0,"z":23880.0,"zone":3},{"angle":-2.4601409435272217,"building":1,"builtAt":0.0,"edge":13282,"offsetX":-0.1704224795103073,"offsetZ":0.3670438826084137,"x":24264.0,"z":23880.0,"zone":3},{"angle":0.0,"building":0,"builtAt":0.0,"edge":-1,"offsetX":0.0,"offsetZ":0.0,"x":24280.0,"z":23880.0,"zone":3},{"angle":0.0,"building":0,"builtAt":0.0,"edge":-1,"offsetX":0.0,"offsetZ":0.0,"x":24296.0,"z":23880.0,"zone":3},{"angle":0.0,"building":0,"builtAt":0.0,"edge":-1,"offsetX":0.0,"offsetZ":0.0,"x":24312.0,"z":23880.0,"zone":3},{"angle":0.0,"building":0,"builtAt":0.0,"edge":-1,"offsetX":0.0,"offsetZ":0.0,"x":24328.0,"z":23880.0,"zone":3},{"angle":0.681451678276062,"building":2,"builtAt":0.0,"edge":13301,"offsetX":4.860185146331787,"offsetZ":3.2743849754333496,"x":24344.0,"z":23880.0,"zone":3},{"angle":0.681451678276062,"building":2,"builtAt":0.0,"edge":13301,"offsetX":-3.769737720489502,"offsetZ":-5.812526226043701,"x":24360.0,"z":23880.0,"zone":3},{"angle":0.0,"building":0,"builtAt":0.0,"edge":-1,"offsetX":0.0,"offsetZ":0.0,"x":24376.0,"z":23880.0,"zone":3},{"angle":0.0,"building":0,"builtAt":0.0,"edge":-1,"offsetX":0.0,"offsetZ":0.0,"x":24120.0,"z":23896.0,"zone":3},{"angle":0.6814517378807068,"building":2,"builtAt":0.0,"edge":13263,"offsetX":-1.946588158607483,"offsetZ":-6.386551856994629,"x":24136.0,"z":23896.0,"zone":3},{"angle":0.0,"building":0,"builtAt":0.0,"edge":-1,"offsetX":0.0,"offsetZ":0.0,"x":24152.0,"z":23896.0,"zone":3},{"angle":0.0,"building":0,"builtAt":0.0,"edge":-1,"offsetX":0.0,"offsetZ":0.0,"x":24168.0,"z":23896.0,"zone":3},{"angle":-0.8893445730209351,"building":2,"builtAt":0.0,"edge":12929,"offsetX":-5.706819534301758,"offsetZ":-6.131444931030273,"x":24184.0,"z":23896.0,"zone":3},{"angle":-2.4601409435272217,"building":1,"builtAt":0.0,"edge":13264,"offsetX":-5.573004245758057,"offsetZ":2.5289621353149414,"x":24200.0,"z":23896.0,"zone":3},{"angle":2.2522480487823486,"building":22,"builtAt":0.0,"edge":12953,"offsetX":-0.5796533823013306,"offsetZ":4.808083534240723,"x":24216.0,"z":23896.0,"zone":3},{"angle":0.0,"building":0,"builtAt":0.0,"edge":-1,"offsetX":0.0,"offsetZ":0.0,"x":24232.0,"z":23896.0,"zone":3},{"angle":0.6814517378807068,"building":2,"builtAt":0.0,"edge":13282,"offsetX":0.43868550658226013,"offsetZ":3.3431894779205322,"x":24248.0,"z":23896.0,"zone":3},{"angle":0.0,"building":0,"builtAt":0.0,"edge":-1,"offsetX":0.0,"offsetZ":0.0,"x":24264.0,"z":23896.0,"zone":3},{"angle":0.0,"building":0,"builtAt":0.0,"edge":-1,"offsetX":0.0,"offsetZ":0.0,"x":24280.0,"z":23896.0,"zone":3},{"angle":-2.4601409435272217,"building":1,"builtAt":0.0,"edge":13282,"offsetX":4.048153877258301,"offsetZ":0.5161816477775574,"x":24296.0,"z":23896.0,"zone":3},{"angle":0.0,"building":0,"builtAt":0.0,"edge":-1,"offsetX":0.0,"offsetZ":0.0,"x":24312.0,"z":23896.0,"zone":3},{"angle":0.0,"building":0,"builtAt":0.0,"edge":-1,"offsetX":0.0,"offsetZ":0.0,"x":24328.0,"z":23896.0,"zone":3},{"angle":0.0,"building":0,"builtAt":0.0,"edge":-1,"offsetX":0.0,"offsetZ":0.0,"x":24344.0,"z":23896.0,"zone":3},{"angle":0.0,"building":0,"builtAt":0.0,"edge":-1,"offsetX":0.0,"offsetZ":0.0,"x":24360.0,"z":23896.0,"zone":3},{"angle":0.681451678276062,"building":1,"builtAt":0.0,"edge":13301,"offsetX":7.090324401855469,"offsetZ":-0.9298690557479858,"x":24376.0,"z":23896.0,"zone":3}],"zonePalette":false}
[280.904s] [Streaming] terrain workerMs=142.92 uploadTotalMs=4.93 maxFrameUploadMs=2.39 uploadFrames=3
[280.904s] [LandscapeStreaming] key=103079215125 terrainMs=117.65 masksMs=3.09 patchesMs=22.03 woodlandMs=0.00 landscapeVertices=61931 landscapeTriangles=27313
[280.904s] [TravelCost] frame=21258 total=2149.49 terrain=3.66 road=7.92 parts=0.34 node=0.00 marks=0.00 furniture=0.25 fallback=0.00 edges=1 nodes=0
[281.004s] [Streaming] terrain workerMs=0.84 uploadTotalMs=1.68 maxFrameUploadMs=1.68 uploadFrames=1
[281.004s] [LandscapeStreaming] key=94489280533 terrainMs=0.84 masksMs=0.00 patchesMs=0.00 woodlandMs=0.00 landscapeVertices=0 landscapeTriangles=0
[281.004s] [TravelCost] frame=21259 total=2029.64 terrain=5.29 road=7.40 parts=0.00 node=0.00 marks=0.00 furniture=0.00 fallback=0.00 edges=0 nodes=0
[281.104s] [Streaming] terrain workerMs=5.16 uploadTotalMs=0.54 maxFrameUploadMs=0.54 uploadFrames=1
[281.104s] [LandscapeStreaming] key=107374182421 terrainMs=3.18 masksMs=1.01 patchesMs=0.90 woodlandMs=0.00 landscapeVertices=4664 landscapeTriangles=2334
[281.104s] [TravelCost] frame=21260 total=2079.10 terrain=3.86 road=7.33 parts=0.00 node=0.00 marks=0.00 furniture=0.00 fallback=0.00 edges=0 nodes=0
[281.204s] [TravelCost] frame=21261 total=2020.59 terrain=8.58 road=7.07 parts=0.00 node=0.00 marks=0.00 furniture=0.00 fallback=0.00 edges=0 nodes=0
[281.304s] [Streaming] terrain workerMs=142.81 uploadTotalMs=7.84 maxFrameUploadMs=6.50 uploadFrames=2
[281.304s] [LandscapeStreaming] key=98784247828 terrainMs=125.36 masksMs=2.01 patchesMs=15.30 woodlandMs=0.00 landscapeVertices=63919 landscapeTriangles=29361
[281.304s] [TravelCost] frame=21262 total=1260.37 terrain=4.57 road=7.02 parts=0.00 node=0.00 marks=0.00 furniture=0.00 fallback=0.00 edges=0 nodes=0
[281.404s] [Streaming] terrain workerMs=1.34 uploadTotalMs=0.37 maxFrameUploadMs=0.37 uploadFrames=1
[281.404s] [LandscapeStreaming] key=103079215124 terrainMs=0.89 masksMs=0.00 patchesMs=0.44 woodlandMs=0.00 landscapeVertices=1830 landscapeTriangles=930
[281.404s] [TravelCost] frame=21263 total=2063.67 terrain=3.55 road=7.02 parts=0.00 node=0.00 marks=0.00 furniture=0.00 fallback=0.00 edges=0 nodes=0
[281.504s] [Streaming] terrain workerMs=52.13 uploadTotalMs=1.41 maxFrameUploadMs=1.41 uploadFrames=1
[281.504s] [LandscapeStreaming] key=94489280532 terrainMs=45.33 masksMs=0.87 patchesMs=5.88 woodlandMs=0.00 landscapeVertices=21342 landscapeTriangles=9034
[281.504s] [TravelCost] frame=21264 total=2038.05 terrain=4.67 road=7.20 parts=0.00 node=0.00 marks=0.00 furniture=0.00 fallback=0.00 edges=0 nodes=0
[281.604s] [Streaming] terrain workerMs=1.71 uploadTotalMs=0.34 maxFrameUploadMs=0.34 uploadFrames=1
[281.604s] [LandscapeStreaming] key=107374182420 terrainMs=1.24 masksMs=0.45 patchesMs=0.00 woodlandMs=0.00 landscapeVertices=0 landscapeTriangles=0
[281.604s] [TravelCost] frame=21265 total=1998.56 terrain=3.77 road=7.50 parts=0.00 node=0.00 marks=0.00 furniture=0.00 fallback=0.00 edges=0 nodes=0
[281.704s] [Streaming] terrain workerMs=0.85 uploadTotalMs=0.34 maxFrameUploadMs=0.34 uploadFrames=1
[281.704s] [LandscapeStreaming] key=90194313236 terrainMs=0.84 masksMs=0.00 patchesMs=0.00 woodlandMs=0.00 landscapeVertices=0 landscapeTriangles=0
[281.704s] [TravelCost] frame=21266 total=2019.62 terrain=4.44 road=7.18 parts=0.00 node=0.00 marks=0.00 furniture=0.00 fallback=0.00 edges=0 nodes=0
[281.804s] [Streaming] terrain workerMs=2.02 uploadTotalMs=0.36 maxFrameUploadMs=0.36 uploadFrames=1
[281.804s] [LandscapeStreaming] key=111669149716 terrainMs=1.37 masksMs=0.62 patchesMs=0.00 woodlandMs=0.00 landscapeVertices=0 landscapeTriangles=0
[281.804s] [TravelCost] frame=21267 total=1977.84 terrain=3.61 road=9.54 parts=0.00 node=0.00 marks=0.00 furniture=0.00 fallback=0.00 edges=0 nodes=0
[281.904s] [TravelCost] frame=21268 total=2057.03 terrain=10.58 road=7.26 parts=0.00 node=0.00 marks=0.00 furniture=0.00 fallback=0.00 edges=0 nodes=0
[282.004s] [TravelCost] frame=21269 total=1205.84 terrain=5.14 road=7.07 parts=0.00 node=0.00 marks=0.00 furniture=0.00 fallback=0.00 edges=0 nodes=0
[282.104s] [TravelCost] frame=21270 total=1217.58 terrain=4.01 road=6.97 parts=0.00 node=0.00 marks=0.00 furniture=0.00 fallback=0.00 edges=0 nodes=0
[282.204s] [Streaming] terrain workerMs=349.02 uploadTotalMs=14.20 maxFrameUploadMs=8.33 uploadFrames=4
[282.204s] [LandscapeStreaming] key=98784247827 terrainMs=289.98 masksMs=4.46 patchesMs=54.22 woodlandMs=0.00 landscapeVertices=167879 landscapeTriangles=71525
[282.204s] [TravelCost] frame=21271 total=1243.00 terrain=4.98 road=6.31 parts=0.00 node=0.00 marks=0.00 furniture=0.00 fallback=0.00 edges=0 nodes=0
[282.304s] [Streaming] terrain workerMs=7.42 uploadTotalMs=0.73 maxFrameUploadMs=0.73 uploadFrames=1
[282.304s] [LandscapeStreaming] key=103079215123 terrainMs=5.53 masksMs=0.37 patchesMs=1.49 woodlandMs=0.00 landscapeVertices=5536 landscapeTriangles=2722
[282.304s] [TravelCost] frame=21272 total=1987.20 terrain=3.79 road=7.55 parts=0.00 node=0.00 marks=0.00 furniture=0.00 fallback=0.00 edges=0 nodes=0
[282.404s] [TravelCost] frame=21273 total=2053.08 terrain=9.86 road=7.29 parts=0.00 node=0.00 marks=0.00 furniture=0.00 fallback=0.00 edges=0 nodes=0
[282.504s] [TravelCost] frame=21274 total=1214.05 terrain=6.03 road=7.47 parts=0.00 node=0.00 marks=0.00 furniture=0.00 fallback=0.00 edges=0 nodes=0
[282.604s] [Streaming] terrain workerMs=239.11 uploadTotalMs=12.79 maxFrameUploadMs=7.33 uploadFrames=3
[282.604s] [LandscapeStreaming] key=94489280531 terrainMs=210.27 masksMs=3.19 patchesMs=25.40 woodlandMs=0.00 landscapeVertices=103703 landscapeTriangles=44011
[282.604s] [TravelCost] frame=21275 total=1229.50 terrain=5.20 road=8.83 parts=0.00 node=0.00 marks=0.00 furniture=0.00 fallback=0.00 edges=0 nodes=0
[282.704s] [Streaming] terrain workerMs=0.83 uploadTotalMs=0.30 maxFrameUploadMs=0.30 uploadFrames=1
[282.704s] [LandscapeStreaming] key=85899345940 terrainMs=0.83 masksMs=0.00 patchesMs=0.00 woodlandMs=0.00 landscapeVertices=0 landscapeTriangles=0
[282.704s] [TravelCost] frame=21276 total=1994.04 terrain=3.56 road=7.49 parts=0.00 node=0.00 marks=0.00 furniture=0.00 fallback=0.00 edges=0 nodes=0
[282.804s] [Streaming] terrain workerMs=1.70 uploadTotalMs=0.29 maxFrameUploadMs=0.29 uploadFrames=1
[282.804s] [LandscapeStreaming] key=107374182419 terrainMs=0.87 masksMs=0.79 patchesMs=0.00 woodlandMs=0.00 landscapeVertices=0 landscapeTriangles=0
[282.804s] [TravelCost] frame=21277 total=2032.69 terrain=3.29 road=7.12 parts=0.00 node=0.00 marks=0.00 furniture=0.00 fallback=0.00 edges=0 nodes=0
[282.904s] [Streaming] terrain workerMs=0.87 uploadTotalMs=0.38 maxFrameUploadMs=0.38 uploadFrames=1
[282.904s] [LandscapeStreaming] key=90194313235 terrainMs=0.86 masksMs=0.00 patchesMs=0.00 woodlandMs=0.00 landscapeVertices=0 landscapeTriangles=0
[282.904s] [TravelCost] frame=21278 total=2109.97 terrain=4.05 road=8.17 parts=0.00 node=0.00 marks=0.00 furniture=0.00 fallback=0.00 edges=0 nodes=0
[283.004s] [Streaming] terrain workerMs=1.59 uploadTotalMs=0.35 maxFrameUploadMs=0.35 uploadFrames=1
[283.004s] [LandscapeStreaming] key=111669149715 terrainMs=0.94 masksMs=0.62 patchesMs=0.00 woodlandMs=0.00 landscapeVertices=0 landscapeTriangles=0
[283.004s] [TravelCost] frame=21279 total=2002.09 terrain=4.15 road=7.05 parts=0.00 node=0.00 marks=0.00 furniture=0.00 fallback=0.00 edges=0 nodes=0
[283.104s] [Streaming] terrain workerMs=0.86 uploadTotalMs=0.40 maxFrameUploadMs=0.40 uploadFrames=1
[283.104s] [LandscapeStreaming] key=85899345939 terrainMs=0.86 masksMs=0.00 patchesMs=0.00 woodlandMs=0.00 landscapeVertices=0 landscapeTriangles=0
[283.104s] [TravelCost] frame=21280 total=1995.72 terrain=2.39 road=7.00 parts=0.00 node=0.00 marks=0.00 furniture=0.00 fallback=0.00 edges=0 nodes=0
[283.204s] [Streaming] terrain workerMs=16.04 uploadTotalMs=0.91 maxFrameUploadMs=0.91 uploadFrames=1
[283.204s] [LandscapeStreaming] key=115964117011 terrainMs=13.54 masksMs=0.66 patchesMs=1.80 woodlandMs=0.00 landscapeVertices=5691 landscapeTriangles=2867
[283.204s] [TravelCost] frame=21281 total=2034.23 terrain=3.00 road=7.31 parts=0.00 node=0.00 marks=0.00 furniture=0.00 fallback=0.00 edges=0 nodes=0
[283.304s] [TravelCost] frame=21282 total=2036.22 terrain=1.96 road=8.49 parts=0.00 node=0.00 marks=0.00 furniture=0.00 fallback=0.00 edges=0 nodes=0
[283.404s] [TravelCost] frame=21283 total=1203.51 terrain=1.85 road=7.05 parts=0.00 node=0.00 marks=0.00 furniture=0.00 fallback=0.00 edges=0 nodes=0
[283.504s] [TravelCost] frame=21284 total=1230.73 terrain=2.11 road=7.70 parts=0.00 node=0.00 marks=0.00 furniture=0.00 fallback=0.00 edges=0 nodes=0
[283.604s] [TravelCost] frame=21285 total=1230.60 terrain=1.82 road=7.05 parts=0.00 node=0.00 marks=0.00 furniture=0.00 fallback=0.00 edges=0 nodes=0
[283.704s] [TravelCost] frame=21286 total=1229.66 terrain=1.90 road=5.65 parts=0.00 node=0.00 marks=0.00 furniture=0.00 fallback=0.00 edges=0 nodes=0
[283.804s] [TravelCost] frame=21287 total=1241.52 terrain=1.94 road=7.09 parts=0.00 node=0.00 marks=0.00 furniture=0.00 fallback=0.00 edges=0 nodes=0
[283.904s] [TravelCost] frame=21288 total=1277.24 terrain=2.09 road=8.10 parts=0.00 node=0.00 marks=0.00 furniture=0.00 fallback=0.00 edges=0 nodes=0
[284.004s] [TravelCost] frame=21289 total=1265.88 terrain=1.91 road=7.24 parts=0.00 node=0.00 marks=0.00 furniture=0.00 fallback=0.00 edges=0 nodes=0
[284.104s] [TravelCost] frame=21290 total=1229.42 terrain=1.83 road=7.49 parts=0.00 node=0.00 marks=0.00 furniture=0.00 fallback=0.00 edges=0 nodes=0
[284.204s] [TravelCost] frame=21291 total=1246.78 terrain=2.02 road=7.46 parts=0.00 node=0.00 marks=0.00 furniture=0.00 fallback=0.00 edges=0 nodes=0
[284.304s] [TravelCost] frame=21292 total=1218.70 terrain=2.18 road=7.67 parts=0.00 node=0.00 marks=0.00 furniture=0.00 fallback=0.00 edges=0 nodes=0
[284.404s] [TravelCost] frame=21293 total=1236.03 terrain=1.83 road=6.93 parts=0.00 node=0.00 marks=0.00 furniture=0.00 fallback=0.00 edges=0 nodes=0
[284.504s] [Save] Saved atomically to saves/default
[284.504s] [TravelCost] frame=21294 total=1230.31 terrain=1.98 road=7.04 parts=0.00 node=0.00 marks=0.00 furniture=0.00 fallback=0.00 edges=0 nodes=0
[284.504s] [PlaytestInput] frame=21294 key=Shift
[284.504s] [PlaytestInput] frame=21294 key=Control
[284.504s] [PlaytestInput] frame=21294 key=S
[284.504s] [PlaytestInput] frame=21294 key=Left Shift
[284.504s] [PlaytestInput] frame=21294 key=Left Control
[284.504s] [PlaytestState] {"cameraMode":0,"commandId":0,"commandInput":"/camera zoom 150","commandMessage":"俯瞰距離 150 m","commandPalette":false,"cursorX":400,"cursorY":322,"development":{"completed":0,"count":0},"draftMessage":"","draftPoints":0,"draftValid":false,"driving":false,"editMode":0,"eyeY":127.85540962219238,"focusX":24252.0,"focusY":32.575355529785156,"focusZ":23772.0,"focused":true,"fps":0.7997025106660323,"fpsGraph":false,"frame":21294,"funds":30.0,"gameHour":8.039999961853027,"income":30.30898,"localMapCenter":[24252.0,23772.0],"localMapHeadingUp":false,"localMapSpan":2000.0,"logicMs":0.017,"maintenance":22.71789867024176,"map":false,"mapBuilds":15,"mapContext":false,"mapCustomPixelShader":false,"mapX":24252.0,"mapZ":23772.0,"mapZoom":4.0,"nearbyRoads":[{"id":13765,"length":50.096553802490234,"open":true,"points":[[24184.245710017454,37.4201545715332,23402.493881529692],[24186.87543740885,37.40728441490625,23399.251568542553],[24189.505164800248,37.39441425827931,23396.00925555542],[24192.13489360234,37.38154409474828,23392.76694082897],[24194.764620523507,37.368673940422696,23389.524628421605],[24197.39434650421,37.35580379069984,23386.282317173776],[24200.02407154445,37.342933645579706,23383.040007085492],[24202.653799406078,37.3300634866514,23379.797693518583],[24205.283525386778,37.31719333692855,23376.55538227076],[24207.91325136748,37.30432318720568,23373.313071022934],[24210.542977348185,37.291453037482825,23370.070759775106],[24213.172703328884,37.27858288775997,23366.828448527285],[24215.802429309588,37.26571273803711,23363.586137279457]],"width":6.839999675750732},{"id":12848,"length":75.3116455078125,"open":true,"points":[[24084.107773628602,37.087406158447266,23525.95859225249],[24088.06082843304,37.16626295393985,23521.08468746174],[24092.01388323748,37.24511974943243,23516.210782670994],[24095.966938041915,37.32397654492501,23511.336877880243],[24099.919992846353,37.4028333404176,23506.462973089496],[24103.87304765079,37.481690135910185,23501.58906829875],[24107.82610528267,37.56054698780554,23496.715160021915],[24111.779155845943,37.63940369869397,23491.8412604603],[24115.732212064104,37.71826052238794,23486.967353926506],[24119.68526545482,37.79711728967914,23482.093450878805],[24123.638318845533,37.87597405697034,23477.2195478311],[24127.59137223625,37.954830824261535,23472.345644783396],[24131.544425626966,38.033687591552734,23467.47174173569]],"width":6.839999675750732},{"id":13803,"length":42.66592788696289,"open":true,"points":[[24030.355704276393,36.810420989990234,23592.23201402096],[24032.595373499,36.821962036956194,23589.470621858756],[24034.835042721603,36.83350308392215,23586.709229696546],[24037.074712544934,36.84504413398366,23583.947836793675],[24039.314381967783,36.85658518198147,23581.186444384584],[24041.554050990148,36.86812622791558,23578.42505246926],[24043.79372001251,36.87966727384969,23575.663660553942],[24046.033390636807,36.8912083280386,23572.90226666352],[24048.273059659175,36.90274937397271,23570.140874748202],[24050.512728681533,36.91429041990682,23567.379482832886],[24052.752399305835,36.92583147409572,23564.61808894246],[24054.992068328196,36.93737252002984,23561.856697027142],[24057.231738952498,36.94891357421875,23559.095303136724]],"width":6.839999675750732},{"id":12846,"length":67.05158233642578,"open":true,"points":[[23932.339416933068,36.665016174316406,23713.08084513701],[23935.859181175423,36.65745163008955,23708.74116439596],[23939.37894541778,36.64988708586271,23704.401483654918],[23942.898710289515,36.6423225402832,23700.061802137876],[23946.418475161256,36.6347579947037,23695.722120620834],[23949.938240032992,36.62719344912421,23691.38243910379],[23953.458003645967,36.61962890625,23687.04275913874],[23956.977767258937,36.61206436337579,23682.703079173683],[23960.497533389444,36.60449981509101,23678.36339610465],[23964.017297002418,36.5969352722168,23674.0237161396],[23967.53706313292,36.589370723932,23669.68403307057],[23971.056826745895,36.58180618105781,23665.34435310552],[23974.576590358865,36.574241638183594,23661.004673140465]],"width":6.839999675750732},{"id":13798,"length":43.819332122802734,"open":true,"points":[[23877.13575873594,35.95730972290039,23781.143998183044],[23879.435910818072,35.98679748731537,23778.308033895384],[23881.736062900203,36.01628525173035,23775.472069607724],[23884.036215187985,36.045773018781745,23772.63610506651],[23886.336367064465,36.07526078056031,23769.800141032407],[23888.63651811835,36.104748531793234,23766.964178012517],[23890.936670817424,36.13423630411746,23764.128212964195],[23893.236821871313,36.16372405535037,23761.29224994431],[23895.536973747792,36.19321181712894,23758.456285910204],[23897.837123979072,36.22269955781621,23755.62032390454],[23900.13727914595,36.25218736177738,23752.784355813554],[23902.43743266763,36.28167514464724,23749.94838975101],[23904.737587834505,36.3111629486084,23747.112421660026]],"width":6.839999675750732},{"id":12828,"length":75.30938720703125,"open":true,"points":[[24013.269180769486,37.10893249511719,23468.5038712713],[24017.222236280784,37.17088351506521,23463.62996560903],[24021.175291792086,37.23283453501325,23458.756059946758],[24025.128346596524,37.294785543883556,23453.88215515601],[24029.081402814685,37.35673657490929,23449.00824862222],[24033.034460446568,37.418687628090424,23444.134340345387],[24036.987515251003,37.48063863696075,23439.260435554635],[24040.94056864172,37.54258962367566,23434.386532506935],[24044.893619204988,37.60454056607978,23429.512632945316],[24048.846672595704,37.666491552794696,23424.638729897615],[24052.799725986417,37.728442539509615,23419.76482684991],[24056.752779377133,37.790393526224534,23414.890923802206],[24060.70583276785,37.85234451293945,23410.0170207545]],"width":11.699999809265137},{"id":12827,"length":85.33165740966797,"open":true,"points":[[23959.517111417277,36.91480255126953,23534.77729303977],[23963.99645106394,36.930980048518684,23529.254507234033],[23968.475790710603,36.94715754576782,23523.73172142829],[23972.955131959203,36.96333504880249,23518.20893364745],[23977.43447000393,36.979512540266114,23512.686149816807],[23981.91381125253,36.995690043300776,23507.16336203597],[23986.393149297255,37.011867534764406,23501.64057820533],[23990.872490545855,37.028045037799075,23496.117790424487],[23995.351834998328,37.04422255240479,23490.594998693443],[23999.831176246924,37.06040005543945,23485.072210912604],[24004.310511087777,37.076577535332035,23479.549431032166],[24008.789845928633,37.09275501522461,23474.026651151733],[24013.269180769486,37.10893249511719,23468.5038712713]],"width":11.699999809265137},{"id":13709,"length":44.274784088134766,"open":true,"points":[[23903.73799749975,37.11899185180664,23603.549952159276],[23906.0621266922,37.1104839663127,23600.68442537916],[23908.386255884645,37.10197608081876,23597.81889859904],[23910.71038424592,37.09346819836747,23594.953372843716],[23913.034513438368,37.084960312873534,23592.087846063598],[23915.35864346199,37.076452424336935,23589.222318258686],[23917.68277348561,37.067944535800336,23586.356790453774],[23920.006903509235,37.05943664726374,23583.491262648862],[23922.331034364022,37.05092875568449,23580.62573381916],[23924.655163556476,37.04242087019054,23577.760207039042],[23926.979294411267,37.03391297861128,23574.89467820934],[23929.303421941368,37.025405099202665,23572.02915347881],[23931.62755445851,37.016897201538086,23569.16362259952]],"width":11.699999809265137},{"id":12825,"length":67.05155181884766,"open":true,"points":[[23861.50082407395,37.06214904785156,23655.62612415582],[23865.020588945692,37.066885948745835,23651.28644263878],[23868.540353817425,37.071622849640114,23646.946761121733],[23872.06011994793,37.07635975222843,23642.607078052704],[23875.579883560906,37.08109665142865,23638.267398087653],[23879.099647173876,37.085833550628884,23633.9277181226],[23882.619413304386,37.0905704532172,23629.58803505357],[23886.139176917357,37.09530735241742,23625.248355088515],[23889.658940530328,37.10004425161765,23620.90867512346],[23893.1787041433,37.10478115081787,23616.56899515841],[23896.698467756272,37.109518050018096,23612.229315193363],[23900.218231369246,37.11425494921833,23607.889635228308],[23903.73799749975,37.11899185180664,23603.549952159276]],"width":11.699999809265137},{"id":12863,"length":95.55066680908203,"open":true,"points":[[23879.72899447735,33.08394241333008,23906.271273691305],[23884.744619889385,33.14690938084118,23900.087276268132],[23889.760245301415,33.20987634835229,23893.90327884496],[23894.775872507176,33.27284333838213,23887.719279210218],[23899.79149791921,33.33581030589323,23881.535281787044],[23904.807125124968,33.39877729592308,23875.3512821523],[23909.82275233073,33.46174428595293,23869.16728251756],[23914.83837953649,33.52471127598278,23862.983282882815],[23919.85400494852,33.587678243493876,23856.79928545964],[23924.86963394801,33.65064525604248,23850.615283613326],[23929.885259360042,33.713612223553575,23844.431286190156],[23934.90088835953,33.77657923610217,23838.24728434384],[23939.916513771564,33.83954620361328,23832.063286920667]],"width":11.699999809265137},{"id":13800,"length":43.81911087036133,"open":true,"points":[[23939.916513771564,33.83954620361328,23832.063286920667],[23942.216666059347,33.86660194235708,23829.227322379455],[23944.516818758428,33.89365768593882,23826.391357331126],[23946.816971046206,33.92071342468262,23823.555392789913],[23949.117122922686,33.94776915858847,23820.71942875581],[23951.417276444365,33.9748249118461,23817.883462693266],[23953.717428320848,34.00188064575195,23815.047498659158],[23956.017580197327,34.02893637965781,23812.211534625054],[23958.317733719006,34.055992132915435,23809.375568562507],[23960.617885595486,34.08304786682129,23806.539604528403],[23962.918037471965,34.11010360072714,23803.7036404943],[23965.218190993648,34.13715935398477,23800.867674431753],[23967.518342870128,34.164215087890625,23798.03171039765]],"width":11.699999809265137},{"id":12865,"length":67.05329895019531,"open":true,"points":[[23995.12017196869,34.48888397216797,23764.000133874633],[23998.639936211046,34.52957852438919,23759.660453133583],[24002.1597004534,34.57027307661041,23755.32077239254],[24005.679465325138,34.6109676361084,23750.9810908755],[24009.19923019688,34.65166219560638,23746.641409358457],[24012.718995068615,34.692356755104356,23742.30172784141],[24016.23875868159,34.73305130004883,23737.96204787636],[24019.758524812096,34.773745874100314,23733.62236480733],[24023.278288425066,34.814440419044786,23729.282684842274],[24026.79805455557,34.85513499309628,23724.943001773245],[24030.317818168543,34.89582953804075,23720.603321808194],[24033.837586816582,34.93652414119925,23716.263635635176],[24037.35734539449,34.97721862792969,23711.92396187809]],"width":11.699999809265137},{"id":13838,"length":44.27477264404297,"open":true,"points":[[24037.35734539449,34.97721862792969,23711.92396187809],[24039.68147521032,34.98487504346141,23709.058434329374],[24042.00560502615,34.99253145899314,23706.19290678066],[24044.329734218594,35.000187872471265,23703.327380000545],[24046.6538646578,35.0078442900566,23700.461851683238],[24048.977994681423,35.01550070627286,23697.596323878333],[24051.302123042693,35.02315711701283,23694.730798123004],[24053.62625306632,35.03081353322909,23691.865270318092],[24055.95038392111,35.038469952183505,23688.99974148839],[24058.274514775905,35.046126371137916,23686.134212658686],[24060.59864396836,35.05378278461603,23683.26868587857],[24062.9227731608,35.06143919809414,23680.403159098452],[24065.246900690905,35.06909560609597,23677.53763436792]],"width":11.699999809265137},{"id":13805,"length":42.66621017456055,"open":true,"points":[[24093.136459312016,35.160972595214844,23643.151302758582],[24095.376129135348,35.17807324931232,23640.389909855712],[24097.615798558192,35.19517390035196,23637.62851744662],[24099.85546878201,35.21227455750727,23634.86712404997],[24102.095137804376,35.22937520548908,23632.105732134652],[24104.334807627703,35.24647585958655,23629.344339231786],[24106.574476650065,35.26357650756836,23626.582947316467],[24108.814148876307,35.280677180012844,23623.821551450943],[24111.053817898668,35.29777782799465,23621.060159535624],[24113.293490124903,35.314878500439136,23618.298763670096],[24115.533159147268,35.33197914842094,23615.53737175478],[24117.772824965756,35.349079771940076,23612.775983789666],[24120.01249398812,35.366180419921875,23610.014591874347]],"width":11.699999809265137},{"id":12868,"length":75.3056869506836,"open":true,"points":[[24146.888528664225,35.571388244628906,23576.877880990112],[24150.8415827618,35.57266648602813,23572.003977070886],[24154.794636859377,35.573944727427374,23567.13007315166],[24158.747690956952,35.575222968826615,23562.256169232434],[24162.70074505453,35.576501210225835,23557.382265313205],[24166.653797031526,35.57777945093938,23552.50836400855],[24170.60685183596,35.579057692567176,23547.6344592178],[24174.55990805412,35.58033593465212,23542.760552684013],[24178.512961444838,35.58161417582277,23537.886649636308],[24182.466014835554,35.582892416993445,23533.012746588603],[24186.419073881156,35.58417065999265,23528.138836568723],[24190.372124444428,35.585448900249055,23523.264937007105],[24194.32518066259,35.586727142333984,23518.391030473314]],"width":11.699999809265137},{"id":12869,"length":83.66351318359375,"open":true,"points":[[24194.32518066259,35.586727142333984,23518.391030473314],[24198.716954492684,35.57106208754584,23512.976208628104],[24203.10872832277,35.555397032757696,23507.5613867829],[24207.500503330833,35.53973197376786,23502.146563485323],[24211.892277553576,35.52406691757915,23496.731741155996],[24216.284051776325,35.50840186139044,23491.316918826666],[24220.67582599907,35.49273680520173,23485.90209649733],[24225.0675986512,35.47707175461528,23480.487276104494],[24229.45937444457,35.46140669282431,23475.07245183867],[24233.851150237937,35.44574163103334,23469.65762757285],[24238.242922890066,35.430076580446894,23464.24280718001],[24242.63469240095,35.414411541064965,23458.827990660153],[24247.026465053077,35.398746490478516,23453.413170267315]],"width":11.699999809265137},{"id":12870,"length":100.1954345703125,"open":true,"points":[[24247.026465053077,35.398746490478516,23453.413170267315],[24252.285918425176,35.335856753700284,23446.92854603235],[24257.545371797274,35.27296701692205,23440.443921797392],[24262.804824699146,35.21007728576661,23433.959298142196],[24268.064278541475,35.1471875433656,23427.474673327466],[24273.323730502878,35.0842978234557,23420.990050831813],[24278.58318434521,35.02140808105469,23414.50542601708],[24283.84264006847,34.958518316162554,23408.020798883266],[24289.102092029872,34.895628596252664,23401.536176387614],[24294.36154399128,34.832738876342766,23395.051553891964],[24299.620995952682,34.76984915643288,23388.56693139631],[24304.880451675937,34.70695939154075,23382.082304262494],[24310.139903637344,34.64406967163086,23375.597681766845]],"width":11.699999809265137},{"id":13860,"length":47.774295806884766,"open":true,"points":[[23929.41423428668,32.499351501464844,23946.569245106493],[23931.922047665343,32.51656198552878,23943.47724556557],[23934.429861044006,32.533772469592726,23940.38524602464],[23936.93767509532,32.55098295827287,23937.29324565438],[23939.4454886982,32.568193443875536,23934.201245837008],[23941.95330230108,32.58540392947822,23931.109246019634],[23944.46111590396,32.60261441508089,23928.017246202264],[23946.968930403706,32.61982490683852,23924.925245279108],[23949.476744903448,32.63703539859615,23921.83324435595],[23951.984557609467,32.65424587804387,23918.741245644364],[23954.49236852175,32.67145634518169,23915.64924914435],[23957.000183021497,32.68866683693932,23912.557248221194],[23959.507993933785,32.70587730407715,23909.465251721176]],"width":13.199999809265137},{"id":12885,"length":67.05479431152344,"open":true,"points":[[24044.80541177802,33.62478256225586,23804.29810528982],[24048.325176020375,33.68003781307209,23799.95842454877],[24051.84494026273,33.73529306388832,23795.61874380773],[24055.364705134467,33.79054832458496,23791.279062290687],[24058.88446874744,33.84580356552078,23786.939382325632],[24062.404233619178,33.90105882621742,23782.59970080859],[24065.923998490918,33.95631408691406,23778.26001929155],[24069.44376210389,34.011569327849884,23773.920339326494],[24072.963525716863,34.0668245687857,23769.580659361447],[24076.483289329833,34.12207980972153,23765.240979396396],[24080.00305546034,34.17733509017898,23760.901296327364],[24083.52281403825,34.23259025207154,23756.561622570272],[24087.042585203817,34.287845611572266,23752.221933293276]],"width":13.199999809265137},{"id":13840,"length":44.27477264404297,"open":true,"points":[[24087.042585203817,34.287845611572266,23752.221933293276],[24089.36671522744,34.29522260118051,23749.356405488365],[24091.690845251058,34.30259959078876,23746.490877683453],[24094.014974443508,34.30997657775879,23743.625350903334],[24096.339105298302,34.31735357000525,23740.759822073633],[24098.663234490752,34.32473055697528,23737.89429529352],[24100.98736285202,34.332107541307096,23735.028769538192],[24103.311492875648,34.33948453091534,23732.16324173328],[24105.63562373044,34.3468615231618,23729.29771290358],[24107.959754585234,34.35423851540827,23726.432184073874],[24110.283883777687,34.3616155023783,23723.56665729376],[24112.60801297013,34.36899248934833,23720.70113051364],[24114.932140500234,34.376369471041926,23717.835605783108]],"width":13.199999809265137}],"pauseMenu":false,"pedestrians":{"completed":0,"drawCalls":1,"population":10000,"renderMs":0.239,"ridingCar":0,"ridingTrain":0,"updateMs":0.976,"visible":6,"waitingCar":0,"waitingTrain":0,"walking":341},"plans":0,"population":233146,"railway":{"depots":0,"edgeCount":1269,"editorVisible":false,"lines":[{"enabled":true,"first":480,"id":0,"interval":270.0,"last":1380,"name":"汐淵・鵜池線","next":270.0,"stops":[17680,17681]},{"enabled":true,"first":480,"id":1,"interval":1380.0,"last":1380,"name":"鵜池・常宮線","next":1440.0,"stops":[17681,17743]},{"enabled":true,"first":480,"id":2,"interval":210.0,"last":1380,"name":"常宮・網瀬洗線","next":210.0,"stops":[17743,18160]},{"enabled":true,"first":480,"id":3,"interval":1140.0,"last":1380,"name":"網瀬洗・葦草第3地区線","next":1440.0,"stops":[18160,18212]},{"enabled":true,"first":480,"id":4,"interval":120.0,"last":1380,"name":"葦草第3地区・葦草線","next":120.0,"stops":[18212,18559]},{"enabled":true,"first":480,"id":5,"interval":150.0,"last":1380,"name":"葦草第3地区・葦草第2地区線","next":150.0,"stops":[18212,18574]},{"enabled":true,"first":480,"id":6,"interval":210.0,"last":1380,"name":"葦草第3地区・秋神線","next":210.0,"stops":[18212,18602]},{"enabled":true,"first":480,"id":7,"interval":990.0,"last":1380,"name":"葦草第2地区・玉寺線","next":1440.0,"stops":[18574,18654]}],"message":"","stations":[{"id":17680,"name":"汐淵","position":[62375.3517339767,52.0,53503.86182038857]},{"id":17681,"name":"鵜池","position":[58668.00913071976,43.0,52852.76884116136]},{"id":17743,"name":"常宮","position":[48529.05328003586,69.5,30835.606379331177]},{"id":18160,"name":"網瀬洗","position":[45508.17318802182,48.5,30061.235276059448]},{"id":18212,"name":"葦草第3地区","position":[24688.427373988667,52.0,22959.968090410068]},{"id":18559,"name":"葦草","position":[24090.089516332482,57.0,23697.686613220016]},{"id":18574,"name":"葦草第2地区","position":[23546.43567707546,44.5,24367.98267101535]},{"id":18602,"name":"秋神","position":[23495.00371227449,64.0,19984.44194673403]},{"id":18654,"name":"玉寺","position":[16738.027409982784,50.0,43665.12840887711]}],"trains":[{"id":0,"line":0,"passengers":0,"position":[62364.64445286007,52.0,53462.17735144537],"speed":2.3999998569488525,"state":0,"stopIndex":1},{"id":1,"line":1,"passengers":0,"position":[58589.384874759184,42.652380563843955,52879.41532842659],"speed":2.3999998569488525,"state":0,"stopIndex":1},{"id":2,"line":2,"passengers":0,"position":[48499.05821813552,69.5,30866.4695788021],"speed":2.3999998569488525,"state":0,"stopIndex":1},{"id":3,"line":3,"passengers":0,"position":[45444.70614344761,48.21896940503315,30007.719917036047],"speed":2.3999998569488525,"state":0,"stopIndex":1},{"id":4,"line":4,"passengers":0,"position":[24659.942770952694,52.0,22992.230579617677],"speed":2.3999998569488525,"state":0,"stopIndex":1},{"id":5,"line":5,"passengers":0,"position":[24659.942770952694,52.0,22992.230579617677],"speed":2.3999998569488525,"state":0,"stopIndex":1},{"id":6,"line":6,"passengers":0,"position":[24716.91197702464,52.0,22927.70560120246],"speed":2.3999998569488525,"state":0,"stopIndex":1},{"id":7,"line":7,"passengers":0,"position":[23492.755045342943,44.253786619728,24431.31051373995],"speed":2.3999998569488525,"state":0,"stopIndex":1}]},"renderMs":1230.305,"selectionId":-1,"selectionKind":0,"signalsMs":0.58,"sound":{"enginePitch":1.0,"enginePlaying":false,"events":0,"outputPeak":0.0,"volume":0.6},"textInput":false,"timeSpeed":0,"townLabels":[],"traffic":{"accessPoints":22248,"cars":616,"completed":0,"localCars":616,"localTarget":2400,"routeFailures":0,"spawned":616,"stopped":38,"updateMs":2.178336},"zone":2,"zoneBrush":1,"zoneCells":[{"angle":0.0,"building":0,"builtAt":0.0,"edge":-1,"offsetX":0.0,"offsetZ":0.0,"x":24120.0,"z":23640.0,"zone":4},{"angle":0.0,"building":0,"builtAt":0.0,"edge":-1,"offsetX":0.0,"offsetZ":0.0,"x":24136.0,"z":23640.0,"zone":4},{"angle":0.0,"building":0,"builtAt":0.0,"edge":-1,"offsetX":0.0,"offsetZ":0.0,"x":24152.0,"z":23640.0,"zone":4},{"angle":0.0,"building":0,"builtAt":0.0,"edge":-1,"offsetX":0.0,"offsetZ":0.0,"x":24168.0,"z":23640.0,"zone":4},{"angle":0.0,"building":0,"builtAt":0.0,"edge":-1,"offsetX":0.0,"offsetZ":0.0,"x":24184.0,"z":23640.0,"zone":4},{"angle":0.0,"building":0,"builtAt":0.0,"edge":-1,"offsetX":0.0,"offsetZ":0.0,"x":24200.0,"z":23640.0,"zone":4},{"angle":0.6814517378807068,"building":3,"builtAt":0.0,"edge":13314,"offsetX":-6.154789924621582,"offsetZ":2.631941318511963,"x":24216.0,"z":23640.0,"zone":4},{"angle":-2.4601409435272217,"building":5,"builtAt":0.0,"edge":13314,"offsetX":1.7993983030319214,"offsetZ":-6.419382572174072,"x":24232.0,"z":23640.0,"zone":4},{"angle":-2.4601409435272217,"building":2,"builtAt":0.0,"edge":13314,"offsetX":-4.645404815673828,"offsetZ":2.2820231914520264,"x":24248.0,"z":23640.0,"zone":3},{"angle":2.2522480487823486,"building":2,"builtAt":0.0,"edge":12908,"offsetX":-0.9939571022987366,"offsetZ":-0.4058094918727875,"x":24264.0,"z":23640.0,"zone":3},{"angle":-0.8893446326255798,"building":22,"builtAt":0.0,"edge":12908,"offsetX":7.369441032409668,"offsetZ":2.337386131286621,"x":24280.0,"z":23640.0,"zone":3},{"angle":-0.8893446326255798,"building":1,"builtAt":0.0,"edge":12908,"offsetX":7.765885353088379,"offsetZ":-1.3827219009399414,"x":24296.0,"z":23640.0,"zone":3},{"angle":0.681451678276062,"building":22,"builtAt":0.0,"edge":13331,"offsetX":6.7182936668396,"offsetZ":-6.901335716247559,"x":24312.0,"z":23640.0,"zone":3},{"angle":0.6814517378807068,"building":22,"builtAt":0.0,"edge":13331,"offsetX":4.2420973777771,"offsetZ":4.102306365966797,"x":24328.0,"z":23640.0,"zone":3},{"angle":0.0,"building":0,"builtAt":0.0,"edge":-1,"offsetX":0.0,"offsetZ":0.0,"x":24344.0,"z":23640.0,"zone":3},{"angle":0.0,"building":0,"builtAt":0.0,"edge":-1,"offsetX":0.0,"offsetZ":0.0,"x":24360.0,"z":23640.0,"zone":3},{"angle":-2.4601409435272217,"building":1,"builtAt":0.0,"edge":13332,"offsetX":4.055675029754639,"offsetZ":3.697913408279419,"x":24376.0,"z":23640.0,"zone":3},{"angle":0.0,"building":0,"builtAt":0.0,"edge":-1,"offsetX":0.0,"offsetZ":0.0,"x":24120.0,"z":23656.0,"zone":4},{"angle":0.0,"building":0,"builtAt":0.0,"edge":-1,"offsetX":0.0,"offsetZ":0.0,"x":24136.0,"z":23656.0,"zone":4},{"angle":0.0,"building":0,"builtAt":0.0,"edge":-1,"offsetX":0.0,"offsetZ":0.0,"x":24152.0,"z":23656.0,"zone":4},{"angle":0.0,"building":0,"builtAt":0.0,"edge":-1,"offsetX":0.0,"offsetZ":0.0,"x":24168.0,"z":23656.0,"zone":4},{"angle":0.0,"building":0,"builtAt":0.0,"edge":-1,"offsetX":0.0,"offsetZ":0.0,"x":24184.0,"z":23656.0,"zone":4},{"angle":0.0,"building":0,"builtAt":0.0,"edge":-1,"offsetX":0.0,"offsetZ":0.0,"x":24200.0,"z":23656.0,"zone":4},{"angle":0.0,"building":0,"builtAt":0.0,"edge":-1,"offsetX":0.0,"offsetZ":0.0,"x":24216.0,"z":23656.0,"zone":4},{"angle":0.6814517378807068,"building":6,"builtAt":0.0,"edge":13314,"offsetX":-2.1298155784606934,"offsetZ":2.907579183578491,"x":24232.0,"z":23656.0,"zone":4},{"angle":-2.4601409435272217,"building":1,"builtAt":0.0,"edge":13314,"offsetX":4.912838459014893,"offsetZ":-5.019872188568115,"x":24248.0,"z":23656.0,"zone":3},{"angle":-0.8893446326255798,"building":22,"builtAt":0.0,"edge":12908,"offsetX":6.674298286437988,"offsetZ":6.832339286804199,"x":24264.0,"z":23656.0,"zone":3},{"angle":-0.8893446326255798,"building":1,"builtAt":0.0,"edge":12908,"offsetX":-2.0072314739227295,"offsetZ":-4.2505974769592285,"x":24280.0,"z":23656.0,"zone":3},{"angle":-0.8893446326255798,"building":2,"builtAt":0.0,"edge":12908,"offsetX":0.8446816802024841,"offsetZ":-5.977575778961182,"x":24296.0,"z":23656.0,"zone":3},{"angle":2.2522480487823486,"building":2,"builtAt":0.0,"edge":12932,"offsetX":-5.701622486114502,"offsetZ":1.6881537437438965,"x":24312.0,"z":23656.0,"zone":3},{"angle":0.0,"building":0,"builtAt":0.0,"edge":-1,"offsetX":0.0,"offsetZ":0.0,"x":24328.0,"z":23656.0,"zone":3},{"angle":0.0,"building":0,"builtAt":0.0,"edge":-1,"offsetX":0.0,"offsetZ":0.0,"x":24344.0,"z":23656.0,"zone":3},{"angle":0.0,"building":0,"builtAt":0.0,"edge":-1,"offsetX":0.0,"offsetZ":0.0,"x":24360.0,"z":23656.0,"zone":3},{"angle":-2.4601409435272217,"building":1,"builtAt":0.0,"edge":13332,"offsetX":-2.369521141052246,"offsetZ":-4.38016414642334,"x":24376.0,"z":23656.0,"zone":3},{"angle":0.0,"building":0,"builtAt":0.0,"edge":-1,"offsetX":0.0,"offsetZ":0.0,"x":24120.0,"z":23672.0,"zone":0},{"angle":0.0,"building":0,"builtAt":0.0,"edge":-1,"offsetX":0.0,"offsetZ":0.0,"x":24136.0,"z":23672.0,"zone":4},{"angle":0.0,"building":0,"builtAt":0.0,"edge":-1,"offsetX":0.0,"offsetZ":0.0,"x":24152.0,"z":23672.0,"zone":4},{"angle":0.0,"building":0,"builtAt":0.0,"edge":-1,"offsetX":0.0,"offsetZ":0.0,"x":24168.0,"z":23672.0,"zone":4},{"angle":0.0,"building":0,"builtAt":0.0,"edge":-1,"offsetX":0.0,"offsetZ":0.0,"x":24184.0,"z":23672.0,"zone":4},{"angle":0.0,"building":0,"builtAt":0.0,"edge":-1,"offsetX":0.0,"offsetZ":0.0,"x":24200.0,"z":23672.0,"zone":4},{"angle":0.0,"building":0,"builtAt":0.0,"edge":-1,"offsetX":0.0,"offsetZ":0.0,"x":24216.0,"z":23672.0,"zone":4},{"angle":0.0,"building":0,"builtAt":0.0,"edge":-1,"offsetX":0.0,"offsetZ":0.0,"x":24232.0,"z":23672.0,"zone":4},{"angle":0.0,"building":0,"builtAt":0.0,"edge":-1,"offsetX":0.0,"offsetZ":0.0,"x":24248.0,"z":23672.0,"zone":4},{"angle":0.681451678276062,"building":2,"builtAt":0.0,"edge":13315,"offsetX":-6.2566328048706055,"offsetZ":7.641294956207275,"x":24264.0,"z":23672.0,"zone":3},{"angle":-2.4601409435272217,"building":2,"builtAt":0.0,"edge":13315,"offsetX":4.3646721839904785,"offsetZ":3.455223321914673,"x":24280.0,"z":23672.0,"zone":3},{"angle":-2.4601409435272217,"building":2,"builtAt":0.0,"edge":13315,"offsetX":-4.265249729156494,"offsetZ":-5.631687641143799,"x":24296.0,"z":23672.0,"zone":3},{"angle":2.2522480487823486,"building":22,"builtAt":0.0,"edge":12932,"offsetX":3.77361798286438,"offsetZ":-6.626807689666748,"x":24312.0,"z":23672.0,"zone":3},{"angle":0.0,"building":0,"builtAt":0.0,"edge":-1,"offsetX":0.0,"offsetZ":0.0,"x":24328.0,"z":23672.0,"zone":3},{"angle":0.0,"building":0,"builtAt":0.0,"edge":-1,"offsetX":0.0,"offsetZ":0.0,"x":24344.0,"z":23672.0,"zone":3},{"angle":-0.8893446326255798,"building":2,"builtAt":0.0,"edge":12932,"offsetX":-4.96362829208374,"offsetZ":0.1304757297039032,"x":24360.0,"z":23672.0,"zone":3},{"angle":0.6814517378807068,"building":5,"builtAt":0.0,"edge":13332,"offsetX":-2.546783685684204,"offsetZ":5.799036502838135,"x":24376.0,"z":23672.0,"zone":3},{"angle":0.0,"building":0,"builtAt":0.0,"edge":-1,"offsetX":0.0,"offsetZ":0.0,"x":24120.0,"z":23688.0,"zone":0},{"angle":0.0,"building":0,"builtAt":0.0,"edge":-1,"offsetX":0.0,"offsetZ":0.0,"x":24136.0,"z":23688.0,"zone":0},{"angle":0.0,"building":0,"builtAt":0.0,"edge":-1,"offsetX":0.0,"offsetZ":0.0,"x":24152.0,"z":23688.0,"zone":4},{"angle":-2.4601409435272217,"building":4,"builtAt":0.0,"edge":13297,"offsetX":3.924286365509033,"offsetZ":0.052965693175792694,"x":24168.0,"z":23688.0,"zone":4},{"angle":0.0,"building":0,"builtAt":0.0,"edge":-1,"offsetX":0.0,"offsetZ":0.0,"x":24184.0,"z":23688.0,"zone":4},{"angle":0.0,"building":0,"builtAt":0.0,"edge":-1,"offsetX":0.0,"offsetZ":0.0,"x":24200.0,"z":23688.0,"zone":4},{"angle":0.0,"building":0,"builtAt":0.0,"edge":-1,"offsetX":0.0,"offsetZ":0.0,"x":24216.0,"z":23688.0,"zone":4},{"angle":2.2522480487823486,"building":3,"builtAt":0.0,"edge":13917,"offsetX":-5.8597187995910645,"offsetZ":-5.19177770614624,"x":24232.0,"z":23688.0,"zone":4},{"angle":0.0,"building":0,"builtAt":0.0,"edge":-1,"offsetX":0.0,"offsetZ":0.0,"x":24248.0,"z":23688.0,"zone":4},{"angle":0.681451678276062,"building":1,"builtAt":0.0,"edge":13315,"offsetX":8.20810604095459,"offsetZ":2.443617820739746,"x":24264.0,"z":23688.0,"zone":3},{"angle":0.0,"building":0,"builtAt":0.0,"edge":-1,"offsetX":0.0,"offsetZ":0.0,"x":24280.0,"z":23688.0,"zone":3},{"angle":-2.4601409435272217,"building":22,"builtAt":0.0,"edge":13315,"offsetX":2.7603297233581543,"offsetZ":-1.6592320203781128,"x":24296.0,"z":23688.0,"zone":3},{"angle":0.0,"building":0,"builtAt":0.0,"edge":-1,"offsetX":0.0,"offsetZ":0.0,"x":24312.0,"z":23688.0,"zone":3},{"angle":0.0,"building":0,"builtAt":0.0,"edge":-1,"offsetX":0.0,"offsetZ":0.0,"x":24328.0,"z":23688.0,"zone":3},{"angle":-0.8893446326255798,"building":5,"builtAt":0.0,"edge":12932,"offsetX":-0.6748335361480713,"offsetZ":-0.2807047367095947,"x":24344.0,"z":23688.0,"zone":3},{"angle":0.0,"building":0,"builtAt":0.0,"edge":-1,"offsetX":0.0,"offsetZ":0.0,"x":24360.0,"z":23688.0,"zone":3},{"angle":0.0,"building":0,"builtAt":0.0,"edge":-1,"offsetX":0.0,"offsetZ":0.0,"x":24376.0,"z":23688.0,"zone":3},{"angle":0.0,"building":0,"builtAt":0.0,"edge":-1,"offsetX":0.0,"offsetZ":0.0,"x":24120.0,"z":23704.0,"zone":0},{"angle":0.0,"building":0,"builtAt":0.0,"edge":-1,"offsetX":0.0,"offsetZ":0.0,"x":24136.0,"z":23704.0,"zone":4},{"angle":0.0,"building":0,"builtAt":0.0,"edge":-1,"offsetX":0.0,"offsetZ":0.0,"x":24152.0,"z":23704.0,"zone":4},{"angle":0.0,"building":0,"builtAt":0.0,"edge":-1,"offsetX":0.0,"offsetZ":0.0,"x":24168.0,"z":23704.0,"zone":4},{"angle":0.0,"building":0,"builtAt":0.0,"edge":-1,"offsetX":0.0,"offsetZ":0.0,"x":24184.0,"z":23704.0,"zone":4},{"angle":0.0,"building":0,"builtAt":0.0,"edge":-1,"offsetX":0.0,"offsetZ":0.0,"x":24200.0,"z":23704.0,"zone":4},{"angle":2.2522480487823486,"building":5,"builtAt":0.0,"edge":13916,"offsetX":-2.0915510654449463,"offsetZ":-4.87722110748291,"x":24216.0,"z":23704.0,"zone":4},{"angle":0.6814517378807068,"building":5,"builtAt":0.0,"edge":13920,"offsetX":-1.634013295173645,"offsetZ":8.299647331237793,"x":24232.0,"z":23704.0,"zone":4},{"angle":-2.4601409435272217,"building":5,"builtAt":0.0,"edge":13920,"offsetX":-5.114144802093506,"offsetZ":-7.136678695678711,"x":24248.0,"z":23704.0,"zone":4},{"angle":-2.4601409435272217,"building":1,"builtAt":0.0,"edge":13920,"offsetX":-7.655171871185303,"offsetZ":5.670788288116455,"x":24264.0,"z":23704.0,"zone":3},{"angle":2.2522480487823486,"building":1,"builtAt":0.0,"edge":13919,"offsetX":-0.2724016010761261,"offsetZ":8.086161613464355,"x":24280.0,"z":23704.0,"zone":3},{"angle":0.0,"building":0,"builtAt":0.0,"edge":-1,"offsetX":0.0,"offsetZ":0.0,"x":24296.0,"z":23704.0,"zone":3},{"angle":0.0,"building":0,"builtAt":0.0,"edge":-1,"offsetX":0.0,"offsetZ":0.0,"x":24312.0,"z":23704.0,"zone":3},{"angle":-0.8893445730209351,"building":2,"builtAt":0.0,"edge":12932,"offsetX":2.4476945400238037,"offsetZ":-1.6342653036117554,"x":24328.0,"z":23704.0,"zone":3},{"angle":-2.4601409435272217,"building":22,"builtAt":0.0,"edge":13316,"offsetX":3.705528974533081,"offsetZ":5.544941425323486,"x":24344.0,"z":23704.0,"zone":3},{"angle":-2.4601409435272217,"building":22,"builtAt":0.0,"edge":13316,"offsetX":-4.294471740722656,"offsetZ":-4.318628787994385,"x":24360.0,"z":23704.0,"zone":3},{"angle":2.2522480487823486,"building":1,"builtAt":0.0,"edge":12956,"offsetX":0.7640894055366516,"offsetZ":-0.11544811725616455,"x":24376.0,"z":23704.0,"zone":3},{"angle":0.0,"building":0,"builtAt":0.0,"edge":-1,"offsetX":0.0,"offsetZ":0.0,"x":24120.0,"z":23720.0,"zone":4},{"angle":0.0,"building":0,"builtAt":0.0,"edge":-1,"offsetX":0.0,"offsetZ":0.0,"x":24136.0,"z":23720.0,"zone":4},{"angle":0.0,"building":0,"builtAt":0.0,"edge":-1,"offsetX":0.0,"offsetZ":0.0,"x":24152.0,"z":23720.0,"zone":4},{"angle":0.6814517378807068,"building":3,"builtAt":0.0,"edge":13297,"offsetX":-5.06278133392334,"offsetZ":-1.243548035621643,"x":24168.0,"z":23720.0,"zone":4},{"angle":0.0,"building":0,"builtAt":0.0,"edge":-1,"offsetX":0.0,"offsetZ":0.0,"x":24184.0,"z":23720.0,"zone":4},{"angle":-2.4601409435272217,"building":5,"builtAt":0.0,"edge":13297,"offsetX":0.2806078791618347,"offsetZ":-8.037710189819336,"x":24200.0,"z":23720.0,"zone":4},{"angle":0.0,"building":0,"builtAt":0.0,"edge":-1,"offsetX":0.0,"offsetZ":0.0,"x":24216.0,"z":23720.0,"zone":4},{"angle":0.0,"building":0,"builtAt":0.0,"edge":-1,"offsetX":0.0,"offsetZ":0.0,"x":24232.0,"z":23720.0,"zone":4},{"angle":0.681451678276062,"building":6,"builtAt":0.0,"edge":13920,"offsetX":-3.741565465927124,"offsetZ":4.572664737701416,"x":24248.0,"z":23720.0,"zone":4},{"angle":-2.4601409435272217,"building":2,"builtAt":0.0,"edge":13920,"offsetX":7.220584869384766,"offsetZ":0.729030430316925,"x":24264.0,"z":23720.0,"zone":3},{"angle":0.0,"building":0,"builtAt":0.0,"edge":-1,"offsetX":0.0,"offsetZ":0.0,"x":24280.0,"z":23720.0,"zone":3},{"angle":0.0,"building":0,"builtAt":0.0,"edge":-1,"offsetX":0.0,"offsetZ":0.0,"x":24296.0,"z":23720.0,"zone":3},{"angle":0.0,"building":0,"builtAt":0.0,"edge":-1,"offsetX":0.0,"offsetZ":0.0,"x":24312.0,"z":23720.0,"zone":3},{"angle":0.0,"building":0,"builtAt":0.0,"edge":-1,"offsetX":0.0,"offsetZ":0.0,"x":24328.0,"z":23720.0,"zone":3},{"angle":-2.4601409435272217,"building":22,"builtAt":0.0,"edge":13316,"offsetX":-4.294470310211182,"offsetZ":-0.5914881825447083,"x":24344.0,"z":23720.0,"zone":3},{"angle":2.2522480487823486,"building":1,"builtAt":0.0,"edge":12956,"offsetX":6.0577712059021,"offsetZ":-2.885031223297119,"x":24360.0,"z":23720.0,"zone":3},{"angle":0.0,"building":0,"builtAt":0.0,"edge":-1,"offsetX":0.0,"offsetZ":0.0,"x":24376.0,"z":23720.0,"zone":3},{"angle":0.0,"building":0,"builtAt":0.0,"edge":-1,"offsetX":0.0,"offsetZ":0.0,"x":24120.0,"z":23736.0,"zone":4},{"angle":0.6814517378807068,"building":3,"builtAt":0.0,"edge":13867,"offsetX":-7.419148921966553,"offsetZ":6.490680694580078,"x":24136.0,"z":23736.0,"zone":4},{"angle":-2.4601409435272217,"building":5,"builtAt":0.0,"edge":13867,"offsetX":-0.24337363243103027,"offsetZ":-0.9350773096084595,"x":24152.0,"z":23736.0,"zone":4},{"angle":-2.4601409435272217,"building":3,"builtAt":0.0,"edge":13867,"offsetX":-5.412522315979004,"offsetZ":6.861746788024902,"x":24168.0,"z":23736.0,"zone":4},{"angle":0.6814517378807068,"building":4,"builtAt":0.0,"edge":13297,"offsetX":-1.8821852207183838,"offsetZ":-1.6439602375030518,"x":24184.0,"z":23736.0,"zone":4},{"angle":0.0,"building":0,"builtAt":0.0,"edge":-1,"offsetX":0.0,"offsetZ":0.0,"x":24200.0,"z":23736.0,"zone":4},{"angle":-2.4601409435272217,"building":5,"builtAt":0.0,"edge":13298,"offsetX":5.143284320831299,"offsetZ":-7.1722412109375,"x":24216.0,"z":23736.0,"zone":4},{"angle":-2.460233211517334,"building":3,"builtAt":0.0,"edge":13298,"offsetX":2.5121841430664063,"offsetZ":2.666759967803955,"x":24232.0,"z":23736.0,"zone":4},{"angle":0.0,"building":0,"builtAt":0.0,"edge":-1,"offsetX":0.0,"offsetZ":0.0,"x":24248.0,"z":23736.0,"zone":4},{"angle":0.6814517378807068,"building":2,"builtAt":0.0,"edge":13920,"offsetX":-4.435221195220947,"offsetZ":-0.899985134601593,"x":24264.0,"z":23736.0,"zone":3},{"angle":0.0,"building":0,"builtAt":0.0,"edge":-1,"offsetX":0.0,"offsetZ":0.0,"x":24280.0,"z":23736.0,"zone":3},{"angle":-2.4601409435272217,"building":1,"builtAt":0.0,"edge":13968,"offsetX":2.2388463020324707,"offsetZ":7.524049758911133,"x":24296.0,"z":23736.0,"zone":3},{"angle":-0.8893445730209351,"building":22,"builtAt":0.0,"edge":13919,"offsetX":-6.010221481323242,"offsetZ":-2.613496780395508,"x":24312.0,"z":23736.0,"zone":3},{"angle":0.6814517378807068,"building":12,"builtAt":0.0,"edge":13316,"offsetX":-2.7718558311462402,"offsetZ":1.2583520412445068,"x":24328.0,"z":23736.0,"zone":4},{"angle":0.0,"building":0,"builtAt":0.0,"edge":-1,"offsetX":0.0,"offsetZ":0.0,"x":24344.0,"z":23736.0,"zone":3},{"angle":2.2522480487823486,"building":1,"builtAt":0.0,"edge":12956,"offsetX":-4.649094581604004,"offsetZ":-5.657011032104492,"x":24360.0,"z":23736.0,"zone":3},{"angle":-0.8893445730209351,"building":22,"builtAt":0.0,"edge":12956,"offsetX":5.839900016784668,"offsetZ":-6.084694862365723,"x":24376.0,"z":23736.0,"zone":3},{"angle":-2.4601409435272217,"building":3,"builtAt":0.0,"edge":13279,"offsetX":-3.748300790786743,"offsetZ":6.224560260772705,"x":24120.0,"z":23752.0,"zone":4},{"angle":0.6814517378807068,"building":5,"builtAt":0.0,"edge":13867,"offsetX":3.3918111324310303,"offsetZ":-1.6899226903915405,"x":24136.0,"z":23752.0,"zone":4},{"angle":0.0,"building":0,"builtAt":0.0,"edge":-1,"offsetX":0.0,"offsetZ":0.0,"x":24152.0,"z":23752.0,"zone":4},{"angle":0.0,"building":0,"builtAt":0.0,"edge":-1,"offsetX":0.0,"offsetZ":0.0,"x":24168.0,"z":23752.0,"zone":4},{"angle":0.0,"building":0,"builtAt":0.0,"edge":-1,"offsetX":0.0,"offsetZ":0.0,"x":24184.0,"z":23752.0,"zone":4},{"angle":0.681451678276062,"building":3,"builtAt":0.0,"edge":13298,"offsetX":2.926199197769165,"offsetZ":-0.7115504145622253,"x":24200.0,"z":23752.0,"zone":4},{"angle":0.0,"building":0,"builtAt":0.0,"edge":-1,"offsetX":0.0,"offsetZ":0.0,"x":24216.0,"z":23752.0,"zone":4},{"angle":0.0,"building":0,"builtAt":0.0,"edge":-1,"offsetX":0.0,"offsetZ":0.0,"x":24232.0,"z":23752.0,"zone":4},{"angle":-2.4601409435272217,"building":1,"builtAt":0.0,"edge":13298,"offsetX":-2.0073091983795166,"offsetZ":-1.165961503982544,"x":24248.0,"z":23752.0,"zone":3},{"angle":0.0,"building":0,"builtAt":0.0,"edge":-1,"offsetX":0.0,"offsetZ":0.0,"x":24264.0,"z":23752.0,"zone":3},{"angle":0.0,"building":0,"builtAt":0.0,"edge":-1,"offsetX":0.0,"offsetZ":0.0,"x":24280.0,"z":23752.0,"zone":3},{"angle":0.0,"building":0,"builtAt":0.0,"edge":-1,"offsetX":0.0,"offsetZ":0.0,"x":24296.0,"z":23752.0,"zone":3},{"angle":-2.4601409435272217,"building":3,"builtAt":0.0,"edge":13968,"offsetX":1.053743839263916,"offsetZ":0.6007509827613831,"x":24312.0,"z":23752.0,"zone":3},{"angle":0.0,"building":0,"builtAt":0.0,"edge":-1,"offsetX":0.0,"offsetZ":0.0,"x":24328.0,"z":23752.0,"zone":3},{"angle":2.2522480487823486,"building":2,"builtAt":0.0,"edge":13967,"offsetX":-4.315062999725342,"offsetZ":-3.4956400394439697,"x":24344.0,"z":23752.0,"zone":3},{"angle":0.0,"building":0,"builtAt":0.0,"edge":-1,"offsetX":0.0,"offsetZ":0.0,"x":24360.0,"z":23752.0,"zone":3},{"angle":0.0,"building":0,"builtAt":0.0,"edge":-1,"offsetX":0.0,"offsetZ":0.0,"x":24376.0,"z":23752.0,"zone":3},{"angle":0.0,"building":0,"builtAt":0.0,"edge":-1,"offsetX":0.0,"offsetZ":0.0,"x":24120.0,"z":23768.0,"zone":4},{"angle":-2.4601409435272217,"building":3,"builtAt":0.0,"edge":13279,"offsetX":-0.5094721913337708,"offsetZ":5.790102958679199,"x":24136.0,"z":23768.0,"zone":4},{"angle":2.2522480487823486,"building":5,"builtAt":0.0,"edge":13865,"offsetX":7.266846179962158,"offsetZ":-1.4373905658721924,"x":24152.0,"z":23768.0,"zone":4},{"angle":0.0,"building":0,"builtAt":0.0,"edge":-1,"offsetX":0.0,"offsetZ":0.0,"x":24168.0,"z":23768.0,"zone":4},{"angle":0.0,"building":0,"builtAt":0.0,"edge":-1,"offsetX":0.0,"offsetZ":0.0,"x":24184.0,"z":23768.0,"zone":4},{"angle":-2.4601409435272217,"building":6,"builtAt":0.0,"edge":13915,"offsetX":-1.9083874225616455,"offsetZ":3.561483383178711,"x":24200.0,"z":23768.0,"zone":4},{"angle":0.6815438866615295,"building":3,"builtAt":0.0,"edge":13298,"offsetX":-0.21514147520065308,"offsetZ":-6.243448257446289,"x":24216.0,"z":23768.0,"zone":4},{"angle":0.681451678276062,"building":5,"builtAt":0.0,"edge":13298,"offsetX":-2.885098934173584,"offsetZ":3.6434497833251953,"x":24232.0,"z":23768.0,"zone":4},{"angle":0.0,"building":0,"builtAt":0.0,"edge":-1,"offsetX":0.0,"offsetZ":0.0,"x":24248.0,"z":23768.0,"zone":3},{"angle":0.0,"building":0,"builtAt":0.0,"edge":-1,"offsetX":0.0,"offsetZ":0.0,"x":24264.0,"z":23768.0,"zone":3},{"angle":-0.8893445730209351,"building":2,"builtAt":0.0,"edge":13918,"offsetX":-1.1191508769989014,"offsetZ":-2.1868975162506104,"x":24280.0,"z":23768.0,"zone":3},{"angle":0.6814517378807068,"building":22,"builtAt":0.0,"edge":13968,"offsetX":3.9528307914733887,"offsetZ":0.7534745335578918,"x":24296.0,"z":23768.0,"zone":3},{"angle":0.0,"building":0,"builtAt":0.0,"edge":-1,"offsetX":0.0,"offsetZ":0.0,"x":24312.0,"z":23768.0,"zone":3},{"angle":2.2522480487823486,"building":22,"builtAt":0.0,"edge":13967,"offsetX":-0.9848089218139648,"offsetZ":-4.811123847961426,"x":24328.0,"z":23768.0,"zone":3},{"angle":0.0,"building":0,"builtAt":0.0,"edge":-1,"offsetX":0.0,"offsetZ":0.0,"x":24344.0,"z":23768.0,"zone":3},{"angle":-0.8893446326255798,"building":2,"builtAt":0.0,"edge":13967,"offsetX":-4.501984119415283,"offsetZ":-6.670202255249023,"x":24360.0,"z":23768.0,"zone":3},{"angle":0.0,"building":0,"builtAt":0.0,"edge":-1,"offsetX":0.0,"offsetZ":0.0,"x":24376.0,"z":23768.0,"zone":3},{"angle":0.0,"building":0,"builtAt":0.0,"edge":-1,"offsetX":0.0,"offsetZ":0.0,"x":24120.0,"z":23784.0,"zone":4},{"angle":0.0,"building":0,"builtAt":0.0,"edge":-1,"offsetX":0.0,"offsetZ":0.0,"x":24136.0,"z":23784.0,"zone":4},{"angle":0.0,"building":0,"builtAt":0.0,"edge":-1,"offsetX":0.0,"offsetZ":0.0,"x":24152.0,"z":23784.0,"zone":4},{"angle":0.0,"building":0,"builtAt":0.0,"edge":-1,"offsetX":0.0,"offsetZ":0.0,"x":24168.0,"z":23784.0,"zone":4},{"angle":0.6814517378807068,"building":3,"builtAt":0.0,"edge":13915,"offsetX":0.6661999225616455,"offsetZ":4.114297866821289,"x":24184.0,"z":23784.0,"zone":4},{"angle":0.0,"building":0,"builtAt":0.0,"edge":-1,"offsetX":0.0,"offsetZ":0.0,"x":24200.0,"z":23784.0,"zone":4},{"angle":-2.4601409435272217,"building":5,"builtAt":0.0,"edge":13915,"offsetX":1.0855088233947754,"offsetZ":3.8696868419647217,"x":24216.0,"z":23784.0,"zone":4},{"angle":0.0,"building":0,"builtAt":0.0,"edge":-1,"offsetX":0.0,"offsetZ":0.0,"x":24232.0,"z":23784.0,"zone":3},{"angle":0.0,"building":0,"builtAt":0.0,"edge":-1,"offsetX":0.0,"offsetZ":0.0,"x":24248.0,"z":23784.0,"zone":3},{"angle":0.0,"building":0,"builtAt":0.0,"edge":-1,"offsetX":0.0,"offsetZ":0.0,"x":24264.0,"z":23784.0,"zone":3},{"angle":-2.4601409435272217,"building":22,"builtAt":0.0,"edge":13299,"offsetX":7.2005839347839355,"offsetZ":-1.6012420654296875,"x":24280.0,"z":23784.0,"zone":3},{"angle":0.0,"building":0,"builtAt":0.0,"edge":-1,"offsetX":0.0,"offsetZ":0.0,"x":24296.0,"z":23784.0,"zone":3},{"angle":2.2522480487823486,"building":1,"builtAt":0.0,"edge":13966,"offsetX":1.771888256072998,"offsetZ":-2.302941083908081,"x":24312.0,"z":23784.0,"zone":3},{"angle":0.0,"building":0,"builtAt":0.0,"edge":-1,"offsetX":0.0,"offsetZ":0.0,"x":24328.0,"z":23784.0,"zone":3},{"angle":-0.8893445730209351,"building":22,"builtAt":0.0,"edge":13967,"offsetX":-0.24460944533348083,"offsetZ":-7.233728885650635,"x":24344.0,"z":23784.0,"zone":3},{"angle":-0.8893445730209351,"building":2,"builtAt":0.0,"edge":13967,"offsetX":-6.769368648529053,"offsetZ":0.4513097405433655,"x":24360.0,"z":23784.0,"zone":3},{"angle":0.0,"building":0,"builtAt":0.0,"edge":-1,"offsetX":0.0,"offsetZ":0.0,"x":24376.0,"z":23784.0,"zone":3},{"angle":0.0,"building":0,"builtAt":0.0,"edge":-1,"offsetX":0.0,"offsetZ":0.0,"x":24120.0,"z":23800.0,"zone":4},{"angle":0.6814517378807068,"building":6,"builtAt":0.0,"edge":13279,"offsetX":-8.264117240905762,"offsetZ":2.9963388442993164,"x":24136.0,"z":23800.0,"zone":4},{"angle":0.0,"building":0,"builtAt":0.0,"edge":-1,"offsetX":0.0,"offsetZ":0.0,"x":24152.0,"z":23800.0,"zone":4},{"angle":-2.4601409435272217,"building":5,"builtAt":0.0,"edge":13280,"offsetX":-4.052818298339844,"offsetZ":-2.2388317584991455,"x":24168.0,"z":23800.0,"zone":4},{"angle":0.0,"building":0,"builtAt":0.0,"edge":-1,"offsetX":0.0,"offsetZ":0.0,"x":24184.0,"z":23800.0,"zone":4},{"angle":0.0,"building":0,"builtAt":0.0,"edge":-1,"offsetX":0.0,"offsetZ":0.0,"x":24200.0,"z":23800.0,"zone":4},{"angle":0.0,"building":0,"builtAt":0.0,"edge":-1,"offsetX":0.0,"offsetZ":0.0,"x":24216.0,"z":23800.0,"zone":4},{"angle":0.0,"building":0,"builtAt":0.0,"edge":-1,"offsetX":0.0,"offsetZ":0.0,"x":24232.0,"z":23800.0,"zone":3},{"angle":-0.8893446326255798,"building":1,"builtAt":0.0,"edge":13914,"offsetX":2.387336492538452,"offsetZ":-0.28208649158477783,"x":24248.0,"z":23800.0,"zone":3},{"angle":0.6814517378807068,"building":22,"builtAt":0.0,"edge":13299,"offsetX":5.44967794418335,"offsetZ":4.28467321395874,"x":24264.0,"z":23800.0,"zone":3},{"angle":0.0,"building":0,"builtAt":0.0,"edge":-1,"offsetX":0.0,"offsetZ":0.0,"x":24280.0,"z":23800.0,"zone":3},{"angle":-2.4601409435272217,"building":2,"builtAt":0.0,"edge":13299,"offsetX":2.683525323867798,"offsetZ":-7.5707688331604,"x":24296.0,"z":23800.0,"zone":3},{"angle":-0.8893446326255798,"building":2,"builtAt":0.0,"edge":13966,"offsetX":6.448672294616699,"offsetZ":6.9481964111328125,"x":24312.0,"z":23800.0,"zone":3},{"angle":-0.8893445730209351,"building":1,"builtAt":0.0,"edge":13966,"offsetX":0.3710009455680847,"offsetZ":-6.4621076583862305,"x":24328.0,"z":23800.0,"zone":3},{"angle":-0.8893445730209351,"building":2,"builtAt":0.0,"edge":13966,"offsetX":-7.124582290649414,"offsetZ":0.4355294704437256,"x":24344.0,"z":23800.0,"zone":3},{"angle":0.0,"building":0,"builtAt":0.0,"edge":-1,"offsetX":0.0,"offsetZ":0.0,"x":24360.0,"z":23800.0,"zone":3},{"angle":2.2522480487823486,"building":22,"builtAt":0.0,"edge":12975,"offsetX":2.174591064453125,"offsetZ":5.0905256271362305,"x":24376.0,"z":23800.0,"zone":3},{"angle":0.0,"building":0,"builtAt":0.0,"edge":-1,"offsetX":0.0,"offsetZ":0.0,"x":24120.0,"z":23816.0,"zone":4},{"angle":0.0,"building":0,"builtAt":0.0,"edge":-1,"offsetX":0.0,"offsetZ":0.0,"x":24136.0,"z":23816.0,"zone":4},{"angle":0.6814517378807068,"building":3,"builtAt":0.0,"edge":13280,"offsetX":-5.007656097412109,"offsetZ":2.665574073791504,"x":24152.0,"z":23816.0,"zone":4},{"angle":0.0,"building":0,"builtAt":0.0,"edge":-1,"offsetX":0.0,"offsetZ":0.0,"x":24168.0,"z":23816.0,"zone":4},{"angle":0.0,"building":0,"builtAt":0.0,"edge":-1,"offsetX":0.0,"offsetZ":0.0,"x":24184.0,"z":23816.0,"zone":4},{"angle":2.2522480487823486,"building":5,"builtAt":0.0,"edge":13913,"offsetX":-3.499864339828491,"offsetZ":-3.5717880725860596,"x":24200.0,"z":23816.0,"zone":4},{"angle":0.0,"building":0,"builtAt":0.0,"edge":-1,"offsetX":0.0,"offsetZ":0.0,"x":24216.0,"z":23816.0,"zone":3},{"angle":0.0,"building":0,"builtAt":0.0,"edge":-1,"offsetX":0.0,"offsetZ":0.0,"x":24232.0,"z":23816.0,"zone":3},{"angle":-2.4601409435272217,"building":1,"builtAt":0.0,"edge":13965,"offsetX":-4.7039794921875,"offsetZ":-5.033782005310059,"x":24248.0,"z":23816.0,"zone":3},{"angle":-2.4601409435272217,"building":2,"builtAt":0.0,"edge":13965,"offsetX":-6.684689044952393,"offsetZ":5.3216552734375,"x":24264.0,"z":23816.0,"zone":3},{"angle":0.6814517378807068,"building":2,"builtAt":0.0,"edge":13299,"offsetX":1.6319679021835327,"offsetZ":-2.5471127033233643,"x":24280.0,"z":23816.0,"zone":3},{"angle":0.0,"building":0,"builtAt":0.0,"edge":-1,"offsetX":0.0,"offsetZ":0.0,"x":24296.0,"z":23816.0,"zone":3},{"angle":0.0,"building":0,"builtAt":0.0,"edge":-1,"offsetX":0.0,"offsetZ":0.0,"x":24312.0,"z":23816.0,"zone":3},{"angle":0.0,"building":0,"builtAt":0.0,"edge":-1,"offsetX":0.0,"offsetZ":0.0,"x":24328.0,"z":23816.0,"zone":3},{"angle":0.0,"building":0,"builtAt":0.0,"edge":-1,"offsetX":0.0,"offsetZ":0.0,"x":24344.0,"z":23816.0,"zone":3},{"angle":-2.4601409435272217,"building":1,"builtAt":0.0,"edge":13300,"offsetX":-1.480087161064148,"offsetZ":6.840113639831543,"x":24360.0,"z":23816.0,"zone":3},{"angle":0.0,"building":0,"builtAt":0.0,"edge":-1,"offsetX":0.0,"offsetZ":0.0,"x":24376.0,"z":23816.0,"zone":3},{"angle":-0.8893446326255798,"building":6,"builtAt":0.0,"edge":12905,"offsetX":8.196125030517578,"offsetZ":7.854005336761475,"x":24120.0,"z":23832.0,"zone":4},{"angle":-0.8893446326255798,"building":5,"builtAt":0.0,"edge":12905,"offsetX":0.9195042252540588,"offsetZ":-4.116843223571777,"x":24136.0,"z":23832.0,"zone":4},{"angle":0.0,"building":0,"builtAt":0.0,"edge":-1,"offsetX":0.0,"offsetZ":0.0,"x":24152.0,"z":23832.0,"zone":4},{"angle":0.681451678276062,"building":5,"builtAt":0.0,"edge":13280,"offsetX":-7.015702247619629,"offsetZ":-2.9103939533233643,"x":24168.0,"z":23832.0,"zone":4},{"angle":0.0,"building":0,"builtAt":0.0,"edge":-1,"offsetX":0.0,"offsetZ":0.0,"x":24184.0,"z":23832.0,"zone":3},{"angle":0.0,"building":0,"builtAt":0.0,"edge":-1,"offsetX":0.0,"offsetZ":0.0,"x":24200.0,"z":23832.0,"zone":3},{"angle":-0.8893445730209351,"building":2,"builtAt":0.0,"edge":13913,"offsetX":7.370290756225586,"offsetZ":2.2216615676879883,"x":24216.0,"z":23832.0,"zone":3},{"angle":0.681451678276062,"building":2,"builtAt":0.0,"edge":13965,"offsetX":0.0791950523853302,"offsetZ":-7.204036235809326,"x":24232.0,"z":23832.0,"zone":3},{"angle":0.6814517378807068,"building":22,"builtAt":0.0,"edge":13965,"offsetX":-2.7889280319213867,"offsetZ":4.245532989501953,"x":24248.0,"z":23832.0,"zone":3},{"angle":-2.4601409435272217,"building":2,"builtAt":0.0,"edge":13965,"offsetX":6.860024929046631,"offsetZ":0.2617645263671875,"x":24264.0,"z":23832.0,"zone":3},{"angle":0.0,"building":0,"builtAt":0.0,"edge":-1,"offsetX":0.0,"offsetZ":0.0,"x":24280.0,"z":23832.0,"zone":3},{"angle":-0.8893445730209351,"building":2,"builtAt":0.0,"edge":13964,"offsetX":3.954244375228882,"offsetZ":-2.2634506225585938,"x":24296.0,"z":23832.0,"zone":3},{"angle":0.0,"building":0,"builtAt":0.0,"edge":-1,"offsetX":0.0,"offsetZ":0.0,"x":24312.0,"z":23832.0,"zone":3},{"angle":0.0,"building":0,"builtAt":0.0,"edge":-1,"offsetX":0.0,"offsetZ":0.0,"x":24328.0,"z":23832.0,"zone":3},{"angle":-2.4601409435272217,"building":3,"builtAt":0.0,"edge":13300,"offsetX":6.677393913269043,"offsetZ":0.5095189213752747,"x":24344.0,"z":23832.0,"zone":3},{"angle":0.0,"building":0,"builtAt":0.0,"edge":-1,"offsetX":0.0,"offsetZ":0.0,"x":24360.0,"z":23832.0,"zone":3},{"angle":-0.8893445730209351,"building":1,"builtAt":0.0,"edge":12975,"offsetX":5.940298080444336,"offsetZ":0.8853286504745483,"x":24376.0,"z":23832.0,"zone":3},{"angle":-0.8893446326255798,"building":5,"builtAt":0.0,"edge":12905,"offsetX":-1.6903789043426514,"offsetZ":2.8814847469329834,"x":24120.0,"z":23848.0,"zone":4},{"angle":-2.4601409435272217,"building":22,"builtAt":0.0,"edge":13263,"offsetX":4.754898548126221,"offsetZ":4.187449932098389,"x":24136.0,"z":23848.0,"zone":4},{"angle":0.0,"building":0,"builtAt":0.0,"edge":-1,"offsetX":0.0,"offsetZ":0.0,"x":24152.0,"z":23848.0,"zone":4},{"angle":2.2522480487823486,"building":2,"builtAt":0.0,"edge":12929,"offsetX":3.917633533477783,"offsetZ":-4.106917858123779,"x":24168.0,"z":23848.0,"zone":3},{"angle":0.0,"building":0,"builtAt":0.0,"edge":-1,"offsetX":0.0,"offsetZ":0.0,"x":24184.0,"z":23848.0,"zone":3},{"angle":0.0,"building":0,"builtAt":0.0,"edge":-1,"offsetX":0.0,"offsetZ":0.0,"x":24200.0,"z":23848.0,"zone":3},{"angle":-2.4601409435272217,"building":1,"builtAt":0.0,"edge":13281,"offsetX":1.5350812673568726,"offsetZ":-5.021531105041504,"x":24216.0,"z":23848.0,"zone":3},{"angle":-2.4601409435272217,"building":2,"builtAt":0.0,"edge":13281,"offsetX":-1.4730476140975952,"offsetZ":4.504375457763672,"x":24232.0,"z":23848.0,"zone":3},{"angle":0.0,"building":0,"builtAt":0.0,"edge":-1,"offsetX":0.0,"offsetZ":0.0,"x":24248.0,"z":23848.0,"zone":3},{"angle":2.2522480487823486,"building":2,"builtAt":0.0,"edge":13963,"offsetX":-5.504047393798828,"offsetZ":0.7013303637504578,"x":24264.0,"z":23848.0,"zone":3},{"angle":0.0,"building":0,"builtAt":0.0,"edge":-1,"offsetX":0.0,"offsetZ":0.0,"x":24280.0,"z":23848.0,"zone":3},{"angle":-0.8893446326255798,"building":9,"builtAt":0.0,"edge":13964,"offsetX":-7.772275924682617,"offsetZ":-4.036936283111572,"x":24296.0,"z":23848.0,"zone":3},{"angle":0.6814517378807068,"building":2,"builtAt":0.0,"edge":13300,"offsetX":6.445248126983643,"offsetZ":-4.567173004150391,"x":24312.0,"z":23848.0,"zone":3},{"angle":0.6814517378807068,"building":1,"builtAt":0.0,"edge":13300,"offsetX":4.994445323944092,"offsetZ":6.311647891998291,"x":24328.0,"z":23848.0,"zone":3},{"angle":0.0,"building":0,"builtAt":0.0,"edge":-1,"offsetX":0.0,"offsetZ":0.0,"x":24344.0,"z":23848.0,"zone":3},{"angle":0.0,"building":0,"builtAt":0.0,"edge":-1,"offsetX":0.0,"offsetZ":0.0,"x":24360.0,"z":23848.0,"zone":3},{"angle":-2.4601409435272217,"building":1,"builtAt":0.0,"edge":13301,"offsetX":-2.9686625003814697,"offsetZ":5.472647666931152,"x":24376.0,"z":23848.0,"zone":3},{"angle":0.0,"building":0,"builtAt":0.0,"edge":-1,"offsetX":0.0,"offsetZ":0.0,"x":24120.0,"z":23864.0,"zone":3},{"angle":-2.4601409435272217,"building":22,"builtAt":0.0,"edge":13263,"offsetX":-3.245100498199463,"offsetZ":-1.9489800930023193,"x":24136.0,"z":23864.0,"zone":3},{"angle":2.2522480487823486,"building":1,"builtAt":0.0,"edge":12929,"offsetX":0.5141414403915405,"offsetZ":4.960072040557861,"x":24152.0,"z":23864.0,"zone":3},{"angle":2.2522480487823486,"building":2,"builtAt":0.0,"edge":12929,"offsetX":-6.075340270996094,"offsetZ":-7.808835506439209,"x":24168.0,"z":23864.0,"zone":3},{"angle":0.0,"building":0,"builtAt":0.0,"edge":-1,"offsetX":0.0,"offsetZ":0.0,"x":24184.0,"z":23864.0,"zone":3},{"angle":-0.8893446326255798,"building":1,"builtAt":0.0,"edge":12929,"offsetX":-2.3463518619537354,"offsetZ":0.7666692137718201,"x":24200.0,"z":23864.0,"zone":3},{"angle":0.6814517378807068,"building":1,"builtAt":0.0,"edge":13281,"offsetX":-0.7528484463691711,"offsetZ":7.343550205230713,"x":24216.0,"z":23864.0,"zone":3},{"angle":0.0,"building":0,"builtAt":0.0,"edge":-1,"offsetX":0.0,"offsetZ":0.0,"x":24232.0,"z":23864.0,"zone":3},{"angle":2.2522480487823486,"building":3,"builtAt":0.0,"edge":13963,"offsetX":-2.916088342666626,"offsetZ":-1.1502094268798828,"x":24248.0,"z":23864.0,"zone":3},{"angle":0.0,"building":0,"builtAt":0.0,"edge":-1,"offsetX":0.0,"offsetZ":0.0,"x":24264.0,"z":23864.0,"zone":3},{"angle":-0.8893445730209351,"building":22,"builtAt":0.0,"edge":13963,"offsetX":-5.3050150871276855,"offsetZ":-2.1601970195770264,"x":24280.0,"z":23864.0,"zone":3},{"angle":0.0,"building":0,"builtAt":0.0,"edge":-1,"offsetX":0.0,"offsetZ":0.0,"x":24296.0,"z":23864.0,"zone":3},{"angle":0.6814517378807068,"building":1,"builtAt":0.0,"edge":13300,"offsetX":7.19917106628418,"offsetZ":7.320481777191162,"x":24312.0,"z":23864.0,"zone":3},{"angle":0.6814517378807068,"building":2,"builtAt":0.0,"edge":13300,"offsetX":-1.9031918048858643,"offsetZ":-1.183935284614563,"x":24328.0,"z":23864.0,"zone":3},{"angle":0.0,"building":0,"builtAt":0.0,"edge":-1,"offsetX":0.0,"offsetZ":0.0,"x":24344.0,"z":23864.0,"zone":3},{"angle":0.0,"building":0,"builtAt":0.0,"edge":-1,"offsetX":0.0,"offsetZ":0.0,"x":24360.0,"z":23864.0,"zone":3},{"angle":0.0,"building":0,"builtAt":0.0,"edge":-1,"offsetX":0.0,"offsetZ":0.0,"x":24376.0,"z":23864.0,"zone":3},{"angle":0.6814517378807068,"building":3,"builtAt":0.0,"edge":13263,"offsetX":-1.1400740146636963,"offsetZ":-0.8172220587730408,"x":24120.0,"z":23880.0,"zone":3},{"angle":0.0,"building":0,"builtAt":0.0,"edge":-1,"offsetX":0.0,"offsetZ":0.0,"x":24136.0,"z":23880.0,"zone":3},{"angle":0.0,"building":0,"builtAt":0.0,"edge":-1,"offsetX":0.0,"offsetZ":0.0,"x":24152.0,"z":23880.0,"zone":3},{"angle":0.0,"building":0,"builtAt":0.0,"edge":-1,"offsetX":0.0,"offsetZ":0.0,"x":24168.0,"z":23880.0,"zone":3},{"angle":-0.8893446326255798,"building":22,"builtAt":0.0,"edge":12929,"offsetX":4.7152276039123535,"offsetZ":-2.0799367427825928,"x":24184.0,"z":23880.0,"zone":3},{"angle":-0.8893446326255798,"building":2,"builtAt":0.0,"edge":12929,"offsetX":-1.8095316886901855,"offsetZ":5.605101108551025,"x":24200.0,"z":23880.0,"zone":3},{"angle":0.6814517378807068,"building":1,"builtAt":0.0,"edge":13281,"offsetX":-7.17804479598999,"offsetZ":-0.7345272898674011,"x":24216.0,"z":23880.0,"zone":3},{"angle":0.681451678276062,"building":22,"builtAt":0.0,"edge":13281,"offsetX":-5.124361038208008,"offsetZ":2.5523903369903564,"x":24232.0,"z":23880.0,"zone":3},{"angle":0.0,"building":0,"builtAt":0.0,"edge":-1,"offsetX":0.0,"offsetZ":0.0,"x":24248.0,"z":23880.0,"zone":3},{"angle":-2.4601409435272217,"building":1,"builtAt":0.0,"edge":13282,"offsetX":-0.1704224795103073,"offsetZ":0.3670438826084137,"x":24264.0,"z":23880.0,"zone":3},{"angle":0.0,"building":0,"builtAt":0.0,"edge":-1,"offsetX":0.0,"offsetZ":0.0,"x":24280.0,"z":23880.0,"zone":3},{"angle":0.0,"building":0,"builtAt":0.0,"edge":-1,"offsetX":0.0,"offsetZ":0.0,"x":24296.0,"z":23880.0,"zone":3},{"angle":0.0,"building":0,"builtAt":0.0,"edge":-1,"offsetX":0.0,"offsetZ":0.0,"x":24312.0,"z":23880.0,"zone":3},{"angle":0.0,"building":0,"builtAt":0.0,"edge":-1,"offsetX":0.0,"offsetZ":0.0,"x":24328.0,"z":23880.0,"zone":3},{"angle":0.681451678276062,"building":2,"builtAt":0.0,"edge":13301,"offsetX":4.860185146331787,"offsetZ":3.2743849754333496,"x":24344.0,"z":23880.0,"zone":3},{"angle":0.681451678276062,"building":2,"builtAt":0.0,"edge":13301,"offsetX":-3.769737720489502,"offsetZ":-5.812526226043701,"x":24360.0,"z":23880.0,"zone":3},{"angle":0.0,"building":0,"builtAt":0.0,"edge":-1,"offsetX":0.0,"offsetZ":0.0,"x":24376.0,"z":23880.0,"zone":3},{"angle":0.0,"building":0,"builtAt":0.0,"edge":-1,"offsetX":0.0,"offsetZ":0.0,"x":24120.0,"z":23896.0,"zone":3},{"angle":0.6814517378807068,"building":2,"builtAt":0.0,"edge":13263,"offsetX":-1.946588158607483,"offsetZ":-6.386551856994629,"x":24136.0,"z":23896.0,"zone":3},{"angle":0.0,"building":0,"builtAt":0.0,"edge":-1,"offsetX":0.0,"offsetZ":0.0,"x":24152.0,"z":23896.0,"zone":3},{"angle":0.0,"building":0,"builtAt":0.0,"edge":-1,"offsetX":0.0,"offsetZ":0.0,"x":24168.0,"z":23896.0,"zone":3},{"angle":-0.8893445730209351,"building":2,"builtAt":0.0,"edge":12929,"offsetX":-5.706819534301758,"offsetZ":-6.131444931030273,"x":24184.0,"z":23896.0,"zone":3},{"angle":-2.4601409435272217,"building":1,"builtAt":0.0,"edge":13264,"offsetX":-5.573004245758057,"offsetZ":2.5289621353149414,"x":24200.0,"z":23896.0,"zone":3},{"angle":2.2522480487823486,"building":22,"builtAt":0.0,"edge":12953,"offsetX":-0.5796533823013306,"offsetZ":4.808083534240723,"x":24216.0,"z":23896.0,"zone":3},{"angle":0.0,"building":0,"builtAt":0.0,"edge":-1,"offsetX":0.0,"offsetZ":0.0,"x":24232.0,"z":23896.0,"zone":3},{"angle":0.6814517378807068,"building":2,"builtAt":0.0,"edge":13282,"offsetX":0.43868550658226013,"offsetZ":3.3431894779205322,"x":24248.0,"z":23896.0,"zone":3},{"angle":0.0,"building":0,"builtAt":0.0,"edge":-1,"offsetX":0.0,"offsetZ":0.0,"x":24264.0,"z":23896.0,"zone":3},{"angle":0.0,"building":0,"builtAt":0.0,"edge":-1,"offsetX":0.0,"offsetZ":0.0,"x":24280.0,"z":23896.0,"zone":3},{"angle":-2.4601409435272217,"building":1,"builtAt":0.0,"edge":13282,"offsetX":4.048153877258301,"offsetZ":0.5161816477775574,"x":24296.0,"z":23896.0,"zone":3},{"angle":0.0,"building":0,"builtAt":0.0,"edge":-1,"offsetX":0.0,"offsetZ":0.0,"x":24312.0,"z":23896.0,"zone":3},{"angle":0.0,"building":0,"builtAt":0.0,"edge":-1,"offsetX":0.0,"offsetZ":0.0,"x":24328.0,"z":23896.0,"zone":3},{"angle":0.0,"building":0,"builtAt":0.0,"edge":-1,"offsetX":0.0,"offsetZ":0.0,"x":24344.0,"z":23896.0,"zone":3},{"angle":0.0,"building":0,"builtAt":0.0,"edge":-1,"offsetX":0.0,"offsetZ":0.0,"x":24360.0,"z":23896.0,"zone":3},{"angle":0.681451678276062,"building":1,"builtAt":0.0,"edge":13301,"offsetX":7.090324401855469,"offsetZ":-0.9298690557479858,"x":24376.0,"z":23896.0,"zone":3}],"zonePalette":false}
[284.604s] [TravelCost] frame=21295 total=1256.68 terrain=1.80 road=6.00 parts=0.00 node=0.00 marks=0.00 furniture=0.00 fallback=0.00 edges=0 nodes=0
[284.704s] [TravelCost] frame=21296 total=1259.95 terrain=1.94 road=7.22 parts=0.00 node=0.00 marks=0.00 furniture=0.00 fallback=0.00 edges=0 nodes=0
[284.804s] [TravelCost] frame=21297 total=1213.01 terrain=1.86 road=7.02 parts=0.00 node=0.00 marks=0.00 furniture=0.00 fallback=0.00 edges=0 nodes=0
[284.904s] [TravelCost] frame=21298 total=1240.92 terrain=1.92 road=7.51 parts=0.00 node=0.00 marks=0.00 furniture=0.00 fallback=0.00 edges=0 nodes=0
[285.004s] [TravelCost] frame=21299 total=1225.31 terrain=1.93 road=6.86 parts=0.00 node=0.00 marks=0.00 furniture=0.00 fallback=0.00 edges=0 nodes=0
[285.104s] [LocationHover] world=(24288.384765625, 23758.1953125) place=葦草市 road=生活道路
[285.104s] [TravelCost] frame=21300 total=1249.07 terrain=1.90 road=7.31 parts=0.00 node=0.00 marks=0.00 furniture=0.00 fallback=0.00 edges=0 nodes=0
[285.204s] [TravelCost] frame=21301 total=1252.54 terrain=2.10 road=6.53 parts=0.00 node=0.00 marks=0.00 furniture=0.00 fallback=0.00 edges=0 nodes=0
[285.304s] [TravelCost] frame=21302 total=1245.53 terrain=1.93 road=7.21 parts=0.00 node=0.00 marks=0.00 furniture=0.00 fallback=0.00 edges=0 nodes=0
[285.404s] [TravelCost] frame=21303 total=1262.28 terrain=1.88 road=7.04 parts=0.00 node=0.00 marks=0.00 furniture=0.00 fallback=0.00 edges=0 nodes=0
[285.504s] [TravelCost] frame=21304 total=1294.09 terrain=1.88 road=7.21 parts=0.00 node=0.00 marks=0.00 furniture=0.00 fallback=0.00 edges=0 nodes=0
[285.604s] [TravelCost] frame=21305 total=1230.79 terrain=1.88 road=7.55 parts=0.00 node=0.00 marks=0.00 furniture=0.00 fallback=0.00 edges=0 nodes=0
[285.704s] [TravelCost] frame=21306 total=1270.01 terrain=1.82 road=6.96 parts=0.00 node=0.00 marks=0.00 furniture=0.00 fallback=0.00 edges=0 nodes=0
[285.804s] [TravelCost] frame=21307 total=1249.04 terrain=1.94 road=7.58 parts=0.00 node=0.00 marks=0.00 furniture=0.00 fallback=0.00 edges=0 nodes=0
[285.904s] [TravelCost] frame=21308 total=1232.74 terrain=1.87 road=7.11 parts=0.00 node=0.00 marks=0.00 furniture=0.00 fallback=0.00 edges=0 nodes=0
[286.004s] [TravelCost] frame=21309 total=1268.46 terrain=2.46 road=6.95 parts=0.00 node=0.00 marks=0.00 furniture=0.00 fallback=0.00 edges=0 nodes=0
[286.104s] [TravelCost] frame=21310 total=1226.88 terrain=1.72 road=7.11 parts=0.00 node=0.00 marks=0.00 furniture=0.00 fallback=0.00 edges=0 nodes=0
[286.204s] [TravelCost] frame=21311 total=1258.14 terrain=1.88 road=7.11 parts=0.00 node=0.00 marks=0.00 furniture=0.00 fallback=0.00 edges=0 nodes=0
[286.304s] [TravelCost] frame=21312 total=1245.62 terrain=1.82 road=7.14 parts=0.00 node=0.00 marks=0.00 furniture=0.00 fallback=0.00 edges=0 nodes=0
[286.404s] [TravelCost] frame=21313 total=1218.01 terrain=1.75 road=7.35 parts=0.00 node=0.00 marks=0.00 furniture=0.00 fallback=0.00 edges=0 nodes=0
[286.504s] [TravelCost] frame=21314 total=1237.88 terrain=1.84 road=7.04 parts=0.00 node=0.00 marks=0.00 furniture=0.00 fallback=0.00 edges=0 nodes=0
[286.604s] [TravelCost] frame=21315 total=1200.29 terrain=2.09 road=7.94 parts=0.00 node=0.00 marks=0.00 furniture=0.00 fallback=0.00 edges=0 nodes=0
[286.704s] [TravelCost] frame=21316 total=1209.60 terrain=2.00 road=6.07 parts=0.00 node=0.00 marks=0.00 furniture=0.00 fallback=0.00 edges=0 nodes=0
[286.804s] [HudStats] updateMs=3.28 housing=323815
[286.804s] [TravelCost] frame=21317 total=1244.47 terrain=1.76 road=6.99 parts=0.00 node=0.00 marks=0.00 furniture=0.00 fallback=0.00 edges=0 nodes=0
[286.904s] [TravelCost] frame=21318 total=1199.27 terrain=1.88 road=5.62 parts=0.00 node=0.00 marks=0.00 furniture=0.00 fallback=0.00 edges=0 nodes=0
[287.004s] [TravelCost] frame=21319 total=1231.74 terrain=1.91 road=7.75 parts=0.00 node=0.00 marks=0.00 furniture=0.00 fallback=0.00 edges=0 nodes=0
[287.104s] [TravelCost] frame=21320 total=1232.90 terrain=1.95 road=7.59 parts=0.00 node=0.00 marks=0.00 furniture=0.00 fallback=0.00 edges=0 nodes=0
[287.204s] [TravelCost] frame=21321 total=1258.50 terrain=1.74 road=7.50 parts=0.00 node=0.00 marks=0.00 furniture=0.00 fallback=0.00 edges=0 nodes=0
[287.304s] [TravelCost] frame=21322 total=1210.60 terrain=1.91 road=7.25 parts=0.00 node=0.00 marks=0.00 furniture=0.00 fallback=0.00 edges=0 nodes=0
[287.404s] [TravelCost] frame=21323 total=1215.28 terrain=1.82 road=7.18 parts=0.00 node=0.00 marks=0.00 furniture=0.00 fallback=0.00 edges=0 nodes=0
[287.504s] [TravelCost] frame=21324 total=1233.10 terrain=1.88 road=7.01 parts=0.00 node=0.00 marks=0.00 furniture=0.00 fallback=0.00 edges=0 nodes=0
[287.604s] [TravelCost] frame=21325 total=1248.53 terrain=2.05 road=7.61 parts=0.00 node=0.00 marks=0.00 furniture=0.00 fallback=0.00 edges=0 nodes=0
[287.704s] [TravelCost] frame=21326 total=1222.69 terrain=1.82 road=6.97 parts=0.00 node=0.00 marks=0.00 furniture=0.00 fallback=0.00 edges=0 nodes=0
[287.804s] [TravelCost] frame=21327 total=1220.03 terrain=1.88 road=6.90 parts=0.00 node=0.00 marks=0.00 furniture=0.00 fallback=0.00 edges=0 nodes=0
[287.904s] [TravelCost] frame=21328 total=1221.55 terrain=1.88 road=7.03 parts=0.00 node=0.00 marks=0.00 furniture=0.00 fallback=0.00 edges=0 nodes=0
[288.004s] [TravelCost] frame=21329 total=1220.57 terrain=1.96 road=7.92 parts=0.00 node=0.00 marks=0.00 furniture=0.00 fallback=0.00 edges=0 nodes=0
[288.104s] [TravelCost] frame=21330 total=1239.17 terrain=1.90 road=6.97 parts=0.00 node=0.00 marks=0.00 furniture=0.00 fallback=0.00 edges=0 nodes=0
[288.204s] [TravelCost] frame=21331 total=1221.51 terrain=1.97 road=5.70 parts=0.00 node=0.00 marks=0.00 furniture=0.00 fallback=0.00 edges=0 nodes=0
[288.304s] [TravelCost] frame=21332 total=1217.34 terrain=1.77 road=6.97 parts=0.00 node=0.00 marks=0.00 furniture=0.00 fallback=0.00 edges=0 nodes=0
[288.404s] [TravelCost] frame=21333 total=1229.18 terrain=2.02 road=7.46 parts=0.00 node=0.00 marks=0.00 furniture=0.00 fallback=0.00 edges=0 nodes=0
[288.504s] [TravelCost] frame=21334 total=1265.82 terrain=1.87 road=7.10 parts=0.00 node=0.00 marks=0.00 furniture=0.00 fallback=0.00 edges=0 nodes=0
[288.604s] [TravelCost] frame=21335 total=1480.30 terrain=1.81 road=5.44 parts=0.00 node=0.00 marks=0.00 furniture=0.00 fallback=0.00 edges=0 nodes=0
[288.604s] [PlaytestInput] frame=21335 key=R
[288.604s] [PlaytestState] {"cameraMode":0,"commandId":0,"commandInput":"/camera zoom 150","commandMessage":"俯瞰距離 150 m","commandPalette":false,"cursorX":400,"cursorY":322,"development":{"completed":0,"count":0},"draftMessage":"","draftPoints":0,"draftValid":false,"driving":false,"editMode":1,"eyeY":127.85540962219238,"focusX":24252.0,"focusY":32.575355529785156,"focusZ":23772.0,"focused":true,"fps":0.7813238595210954,"fpsGraph":false,"frame":21335,"funds":30.0,"gameHour":8.039999961853027,"income":30.30898,"localMapCenter":[24252.0,23772.0],"localMapHeadingUp":false,"localMapSpan":2000.0,"logicMs":0.017,"maintenance":22.71789867024176,"map":false,"mapBuilds":15,"mapContext":false,"mapCustomPixelShader":false,"mapX":24252.0,"mapZ":23772.0,"mapZoom":4.0,"nearbyRoads":[{"id":13765,"length":50.096553802490234,"open":true,"points":[[24184.245710017454,37.4201545715332,23402.493881529692],[24186.87543740885,37.40728441490625,23399.251568542553],[24189.505164800248,37.39441425827931,23396.00925555542],[24192.13489360234,37.38154409474828,23392.76694082897],[24194.764620523507,37.368673940422696,23389.524628421605],[24197.39434650421,37.35580379069984,23386.282317173776],[24200.02407154445,37.342933645579706,23383.040007085492],[24202.653799406078,37.3300634866514,23379.797693518583],[24205.283525386778,37.31719333692855,23376.55538227076],[24207.91325136748,37.30432318720568,23373.313071022934],[24210.542977348185,37.291453037482825,23370.070759775106],[24213.172703328884,37.27858288775997,23366.828448527285],[24215.802429309588,37.26571273803711,23363.586137279457]],"width":6.839999675750732},{"id":12848,"length":75.3116455078125,"open":true,"points":[[24084.107773628602,37.087406158447266,23525.95859225249],[24088.06082843304,37.16626295393985,23521.08468746174],[24092.01388323748,37.24511974943243,23516.210782670994],[24095.966938041915,37.32397654492501,23511.336877880243],[24099.919992846353,37.4028333404176,23506.462973089496],[24103.87304765079,37.481690135910185,23501.58906829875],[24107.82610528267,37.56054698780554,23496.715160021915],[24111.779155845943,37.63940369869397,23491.8412604603],[24115.732212064104,37.71826052238794,23486.967353926506],[24119.68526545482,37.79711728967914,23482.093450878805],[24123.638318845533,37.87597405697034,23477.2195478311],[24127.59137223625,37.954830824261535,23472.345644783396],[24131.544425626966,38.033687591552734,23467.47174173569]],"width":6.839999675750732},{"id":13803,"length":42.66592788696289,"open":true,"points":[[24030.355704276393,36.810420989990234,23592.23201402096],[24032.595373499,36.821962036956194,23589.470621858756],[24034.835042721603,36.83350308392215,23586.709229696546],[24037.074712544934,36.84504413398366,23583.947836793675],[24039.314381967783,36.85658518198147,23581.186444384584],[24041.554050990148,36.86812622791558,23578.42505246926],[24043.79372001251,36.87966727384969,23575.663660553942],[24046.033390636807,36.8912083280386,23572.90226666352],[24048.273059659175,36.90274937397271,23570.140874748202],[24050.512728681533,36.91429041990682,23567.379482832886],[24052.752399305835,36.92583147409572,23564.61808894246],[24054.992068328196,36.93737252002984,23561.856697027142],[24057.231738952498,36.94891357421875,23559.095303136724]],"width":6.839999675750732},{"id":12846,"length":67.05158233642578,"open":true,"points":[[23932.339416933068,36.665016174316406,23713.08084513701],[23935.859181175423,36.65745163008955,23708.74116439596],[23939.37894541778,36.64988708586271,23704.401483654918],[23942.898710289515,36.6423225402832,23700.061802137876],[23946.418475161256,36.6347579947037,23695.722120620834],[23949.938240032992,36.62719344912421,23691.38243910379],[23953.458003645967,36.61962890625,23687.04275913874],[23956.977767258937,36.61206436337579,23682.703079173683],[23960.497533389444,36.60449981509101,23678.36339610465],[23964.017297002418,36.5969352722168,23674.0237161396],[23967.53706313292,36.589370723932,23669.68403307057],[23971.056826745895,36.58180618105781,23665.34435310552],[23974.576590358865,36.574241638183594,23661.004673140465]],"width":6.839999675750732},{"id":13798,"length":43.819332122802734,"open":true,"points":[[23877.13575873594,35.95730972290039,23781.143998183044],[23879.435910818072,35.98679748731537,23778.308033895384],[23881.736062900203,36.01628525173035,23775.472069607724],[23884.036215187985,36.045773018781745,23772.63610506651],[23886.336367064465,36.07526078056031,23769.800141032407],[23888.63651811835,36.104748531793234,23766.964178012517],[23890.936670817424,36.13423630411746,23764.128212964195],[23893.236821871313,36.16372405535037,23761.29224994431],[23895.536973747792,36.19321181712894,23758.456285910204],[23897.837123979072,36.22269955781621,23755.62032390454],[23900.13727914595,36.25218736177738,23752.784355813554],[23902.43743266763,36.28167514464724,23749.94838975101],[23904.737587834505,36.3111629486084,23747.112421660026]],"width":6.839999675750732},{"id":12828,"length":75.30938720703125,"open":true,"points":[[24013.269180769486,37.10893249511719,23468.5038712713],[24017.222236280784,37.17088351506521,23463.62996560903],[24021.175291792086,37.23283453501325,23458.756059946758],[24025.128346596524,37.294785543883556,23453.88215515601],[24029.081402814685,37.35673657490929,23449.00824862222],[24033.034460446568,37.418687628090424,23444.134340345387],[24036.987515251003,37.48063863696075,23439.260435554635],[24040.94056864172,37.54258962367566,23434.386532506935],[24044.893619204988,37.60454056607978,23429.512632945316],[24048.846672595704,37.666491552794696,23424.638729897615],[24052.799725986417,37.728442539509615,23419.76482684991],[24056.752779377133,37.790393526224534,23414.890923802206],[24060.70583276785,37.85234451293945,23410.0170207545]],"width":11.699999809265137},{"id":12827,"length":85.33165740966797,"open":true,"points":[[23959.517111417277,36.91480255126953,23534.77729303977],[23963.99645106394,36.930980048518684,23529.254507234033],[23968.475790710603,36.94715754576782,23523.73172142829],[23972.955131959203,36.96333504880249,23518.20893364745],[23977.43447000393,36.979512540266114,23512.686149816807],[23981.91381125253,36.995690043300776,23507.16336203597],[23986.393149297255,37.011867534764406,23501.64057820533],[23990.872490545855,37.028045037799075,23496.117790424487],[23995.351834998328,37.04422255240479,23490.594998693443],[23999.831176246924,37.06040005543945,23485.072210912604],[24004.310511087777,37.076577535332035,23479.549431032166],[24008.789845928633,37.09275501522461,23474.026651151733],[24013.269180769486,37.10893249511719,23468.5038712713]],"width":11.699999809265137},{"id":13709,"length":44.274784088134766,"open":true,"points":[[23903.73799749975,37.11899185180664,23603.549952159276],[23906.0621266922,37.1104839663127,23600.68442537916],[23908.386255884645,37.10197608081876,23597.81889859904],[23910.71038424592,37.09346819836747,23594.953372843716],[23913.034513438368,37.084960312873534,23592.087846063598],[23915.35864346199,37.076452424336935,23589.222318258686],[23917.68277348561,37.067944535800336,23586.356790453774],[23920.006903509235,37.05943664726374,23583.491262648862],[23922.331034364022,37.05092875568449,23580.62573381916],[23924.655163556476,37.04242087019054,23577.760207039042],[23926.979294411267,37.03391297861128,23574.89467820934],[23929.303421941368,37.025405099202665,23572.02915347881],[23931.62755445851,37.016897201538086,23569.16362259952]],"width":11.699999809265137},{"id":12825,"length":67.05155181884766,"open":true,"points":[[23861.50082407395,37.06214904785156,23655.62612415582],[23865.020588945692,37.066885948745835,23651.28644263878],[23868.540353817425,37.071622849640114,23646.946761121733],[23872.06011994793,37.07635975222843,23642.607078052704],[23875.579883560906,37.08109665142865,23638.267398087653],[23879.099647173876,37.085833550628884,23633.9277181226],[23882.619413304386,37.0905704532172,23629.58803505357],[23886.139176917357,37.09530735241742,23625.248355088515],[23889.658940530328,37.10004425161765,23620.90867512346],[23893.1787041433,37.10478115081787,23616.56899515841],[23896.698467756272,37.109518050018096,23612.229315193363],[23900.218231369246,37.11425494921833,23607.889635228308],[23903.73799749975,37.11899185180664,23603.549952159276]],"width":11.699999809265137},{"id":12863,"length":95.55066680908203,"open":true,"points":[[23879.72899447735,33.08394241333008,23906.271273691305],[23884.744619889385,33.14690938084118,23900.087276268132],[23889.760245301415,33.20987634835229,23893.90327884496],[23894.775872507176,33.27284333838213,23887.719279210218],[23899.79149791921,33.33581030589323,23881.535281787044],[23904.807125124968,33.39877729592308,23875.3512821523],[23909.82275233073,33.46174428595293,23869.16728251756],[23914.83837953649,33.52471127598278,23862.983282882815],[23919.85400494852,33.587678243493876,23856.79928545964],[23924.86963394801,33.65064525604248,23850.615283613326],[23929.885259360042,33.713612223553575,23844.431286190156],[23934.90088835953,33.77657923610217,23838.24728434384],[23939.916513771564,33.83954620361328,23832.063286920667]],"width":11.699999809265137},{"id":13800,"length":43.81911087036133,"open":true,"points":[[23939.916513771564,33.83954620361328,23832.063286920667],[23942.216666059347,33.86660194235708,23829.227322379455],[23944.516818758428,33.89365768593882,23826.391357331126],[23946.816971046206,33.92071342468262,23823.555392789913],[23949.117122922686,33.94776915858847,23820.71942875581],[23951.417276444365,33.9748249118461,23817.883462693266],[23953.717428320848,34.00188064575195,23815.047498659158],[23956.017580197327,34.02893637965781,23812.211534625054],[23958.317733719006,34.055992132915435,23809.375568562507],[23960.617885595486,34.08304786682129,23806.539604528403],[23962.918037471965,34.11010360072714,23803.7036404943],[23965.218190993648,34.13715935398477,23800.867674431753],[23967.518342870128,34.164215087890625,23798.03171039765]],"width":11.699999809265137},{"id":12865,"length":67.05329895019531,"open":true,"points":[[23995.12017196869,34.48888397216797,23764.000133874633],[23998.639936211046,34.52957852438919,23759.660453133583],[24002.1597004534,34.57027307661041,23755.32077239254],[24005.679465325138,34.6109676361084,23750.9810908755],[24009.19923019688,34.65166219560638,23746.641409358457],[24012.718995068615,34.692356755104356,23742.30172784141],[24016.23875868159,34.73305130004883,23737.96204787636],[24019.758524812096,34.773745874100314,23733.62236480733],[24023.278288425066,34.814440419044786,23729.282684842274],[24026.79805455557,34.85513499309628,23724.943001773245],[24030.317818168543,34.89582953804075,23720.603321808194],[24033.837586816582,34.93652414119925,23716.263635635176],[24037.35734539449,34.97721862792969,23711.92396187809]],"width":11.699999809265137},{"id":13838,"length":44.27477264404297,"open":true,"points":[[24037.35734539449,34.97721862792969,23711.92396187809],[24039.68147521032,34.98487504346141,23709.058434329374],[24042.00560502615,34.99253145899314,23706.19290678066],[24044.329734218594,35.000187872471265,23703.327380000545],[24046.6538646578,35.0078442900566,23700.461851683238],[24048.977994681423,35.01550070627286,23697.596323878333],[24051.302123042693,35.02315711701283,23694.730798123004],[24053.62625306632,35.03081353322909,23691.865270318092],[24055.95038392111,35.038469952183505,23688.99974148839],[24058.274514775905,35.046126371137916,23686.134212658686],[24060.59864396836,35.05378278461603,23683.26868587857],[24062.9227731608,35.06143919809414,23680.403159098452],[24065.246900690905,35.06909560609597,23677.53763436792]],"width":11.699999809265137},{"id":13805,"length":42.66621017456055,"open":true,"points":[[24093.136459312016,35.160972595214844,23643.151302758582],[24095.376129135348,35.17807324931232,23640.389909855712],[24097.615798558192,35.19517390035196,23637.62851744662],[24099.85546878201,35.21227455750727,23634.86712404997],[24102.095137804376,35.22937520548908,23632.105732134652],[24104.334807627703,35.24647585958655,23629.344339231786],[24106.574476650065,35.26357650756836,23626.582947316467],[24108.814148876307,35.280677180012844,23623.821551450943],[24111.053817898668,35.29777782799465,23621.060159535624],[24113.293490124903,35.314878500439136,23618.298763670096],[24115.533159147268,35.33197914842094,23615.53737175478],[24117.772824965756,35.349079771940076,23612.775983789666],[24120.01249398812,35.366180419921875,23610.014591874347]],"width":11.699999809265137},{"id":12868,"length":75.3056869506836,"open":true,"points":[[24146.888528664225,35.571388244628906,23576.877880990112],[24150.8415827618,35.57266648602813,23572.003977070886],[24154.794636859377,35.573944727427374,23567.13007315166],[24158.747690956952,35.575222968826615,23562.256169232434],[24162.70074505453,35.576501210225835,23557.382265313205],[24166.653797031526,35.57777945093938,23552.50836400855],[24170.60685183596,35.579057692567176,23547.6344592178],[24174.55990805412,35.58033593465212,23542.760552684013],[24178.512961444838,35.58161417582277,23537.886649636308],[24182.466014835554,35.582892416993445,23533.012746588603],[24186.419073881156,35.58417065999265,23528.138836568723],[24190.372124444428,35.585448900249055,23523.264937007105],[24194.32518066259,35.586727142333984,23518.391030473314]],"width":11.699999809265137},{"id":12869,"length":83.66351318359375,"open":true,"points":[[24194.32518066259,35.586727142333984,23518.391030473314],[24198.716954492684,35.57106208754584,23512.976208628104],[24203.10872832277,35.555397032757696,23507.5613867829],[24207.500503330833,35.53973197376786,23502.146563485323],[24211.892277553576,35.52406691757915,23496.731741155996],[24216.284051776325,35.50840186139044,23491.316918826666],[24220.67582599907,35.49273680520173,23485.90209649733],[24225.0675986512,35.47707175461528,23480.487276104494],[24229.45937444457,35.46140669282431,23475.07245183867],[24233.851150237937,35.44574163103334,23469.65762757285],[24238.242922890066,35.430076580446894,23464.24280718001],[24242.63469240095,35.414411541064965,23458.827990660153],[24247.026465053077,35.398746490478516,23453.413170267315]],"width":11.699999809265137},{"id":12870,"length":100.1954345703125,"open":true,"points":[[24247.026465053077,35.398746490478516,23453.413170267315],[24252.285918425176,35.335856753700284,23446.92854603235],[24257.545371797274,35.27296701692205,23440.443921797392],[24262.804824699146,35.21007728576661,23433.959298142196],[24268.064278541475,35.1471875433656,23427.474673327466],[24273.323730502878,35.0842978234557,23420.990050831813],[24278.58318434521,35.02140808105469,23414.50542601708],[24283.84264006847,34.958518316162554,23408.020798883266],[24289.102092029872,34.895628596252664,23401.536176387614],[24294.36154399128,34.832738876342766,23395.051553891964],[24299.620995952682,34.76984915643288,23388.56693139631],[24304.880451675937,34.70695939154075,23382.082304262494],[24310.139903637344,34.64406967163086,23375.597681766845]],"width":11.699999809265137},{"id":13860,"length":47.774295806884766,"open":true,"points":[[23929.41423428668,32.499351501464844,23946.569245106493],[23931.922047665343,32.51656198552878,23943.47724556557],[23934.429861044006,32.533772469592726,23940.38524602464],[23936.93767509532,32.55098295827287,23937.29324565438],[23939.4454886982,32.568193443875536,23934.201245837008],[23941.95330230108,32.58540392947822,23931.109246019634],[23944.46111590396,32.60261441508089,23928.017246202264],[23946.968930403706,32.61982490683852,23924.925245279108],[23949.476744903448,32.63703539859615,23921.83324435595],[23951.984557609467,32.65424587804387,23918.741245644364],[23954.49236852175,32.67145634518169,23915.64924914435],[23957.000183021497,32.68866683693932,23912.557248221194],[23959.507993933785,32.70587730407715,23909.465251721176]],"width":13.199999809265137},{"id":12885,"length":67.05479431152344,"open":true,"points":[[24044.80541177802,33.62478256225586,23804.29810528982],[24048.325176020375,33.68003781307209,23799.95842454877],[24051.84494026273,33.73529306388832,23795.61874380773],[24055.364705134467,33.79054832458496,23791.279062290687],[24058.88446874744,33.84580356552078,23786.939382325632],[24062.404233619178,33.90105882621742,23782.59970080859],[24065.923998490918,33.95631408691406,23778.26001929155],[24069.44376210389,34.011569327849884,23773.920339326494],[24072.963525716863,34.0668245687857,23769.580659361447],[24076.483289329833,34.12207980972153,23765.240979396396],[24080.00305546034,34.17733509017898,23760.901296327364],[24083.52281403825,34.23259025207154,23756.561622570272],[24087.042585203817,34.287845611572266,23752.221933293276]],"width":13.199999809265137},{"id":13840,"length":44.27477264404297,"open":true,"points":[[24087.042585203817,34.287845611572266,23752.221933293276],[24089.36671522744,34.29522260118051,23749.356405488365],[24091.690845251058,34.30259959078876,23746.490877683453],[24094.014974443508,34.30997657775879,23743.625350903334],[24096.339105298302,34.31735357000525,23740.759822073633],[24098.663234490752,34.32473055697528,23737.89429529352],[24100.98736285202,34.332107541307096,23735.028769538192],[24103.311492875648,34.33948453091534,23732.16324173328],[24105.63562373044,34.3468615231618,23729.29771290358],[24107.959754585234,34.35423851540827,23726.432184073874],[24110.283883777687,34.3616155023783,23723.56665729376],[24112.60801297013,34.36899248934833,23720.70113051364],[24114.932140500234,34.376369471041926,23717.835605783108]],"width":13.199999809265137}],"pauseMenu":false,"pedestrians":{"completed":0,"drawCalls":1,"population":10000,"renderMs":0.169,"ridingCar":0,"ridingTrain":0,"updateMs":0.976,"visible":6,"waitingCar":0,"waitingTrain":0,"walking":341},"plans":0,"population":233146,"railway":{"depots":0,"edgeCount":1269,"editorVisible":false,"lines":[{"enabled":true,"first":480,"id":0,"interval":270.0,"last":1380,"name":"汐淵・鵜池線","next":270.0,"stops":[17680,17681]},{"enabled":true,"first":480,"id":1,"interval":1380.0,"last":1380,"name":"鵜池・常宮線","next":1440.0,"stops":[17681,17743]},{"enabled":true,"first":480,"id":2,"interval":210.0,"last":1380,"name":"常宮・網瀬洗線","next":210.0,"stops":[17743,18160]},{"enabled":true,"first":480,"id":3,"interval":1140.0,"last":1380,"name":"網瀬洗・葦草第3地区線","next":1440.0,"stops":[18160,18212]},{"enabled":true,"first":480,"id":4,"interval":120.0,"last":1380,"name":"葦草第3地区・葦草線","next":120.0,"stops":[18212,18559]},{"enabled":true,"first":480,"id":5,"interval":150.0,"last":1380,"name":"葦草第3地区・葦草第2地区線","next":150.0,"stops":[18212,18574]},{"enabled":true,"first":480,"id":6,"interval":210.0,"last":1380,"name":"葦草第3地区・秋神線","next":210.0,"stops":[18212,18602]},{"enabled":true,"first":480,"id":7,"interval":990.0,"last":1380,"name":"葦草第2地区・玉寺線","next":1440.0,"stops":[18574,18654]}],"message":"","stations":[{"id":17680,"name":"汐淵","position":[62375.3517339767,52.0,53503.86182038857]},{"id":17681,"name":"鵜池","position":[58668.00913071976,43.0,52852.76884116136]},{"id":17743,"name":"常宮","position":[48529.05328003586,69.5,30835.606379331177]},{"id":18160,"name":"網瀬洗","position":[45508.17318802182,48.5,30061.235276059448]},{"id":18212,"name":"葦草第3地区","position":[24688.427373988667,52.0,22959.968090410068]},{"id":18559,"name":"葦草","position":[24090.089516332482,57.0,23697.686613220016]},{"id":18574,"name":"葦草第2地区","position":[23546.43567707546,44.5,24367.98267101535]},{"id":18602,"name":"秋神","position":[23495.00371227449,64.0,19984.44194673403]},{"id":18654,"name":"玉寺","position":[16738.027409982784,50.0,43665.12840887711]}],"trains":[{"id":0,"line":0,"passengers":0,"position":[62364.64445286007,52.0,53462.17735144537],"speed":2.3999998569488525,"state":0,"stopIndex":1},{"id":1,"line":1,"passengers":0,"position":[58589.384874759184,42.652380563843955,52879.41532842659],"speed":2.3999998569488525,"state":0,"stopIndex":1},{"id":2,"line":2,"passengers":0,"position":[48499.05821813552,69.5,30866.4695788021],"speed":2.3999998569488525,"state":0,"stopIndex":1},{"id":3,"line":3,"passengers":0,"position":[45444.70614344761,48.21896940503315,30007.719917036047],"speed":2.3999998569488525,"state":0,"stopIndex":1},{"id":4,"line":4,"passengers":0,"position":[24659.942770952694,52.0,22992.230579617677],"speed":2.3999998569488525,"state":0,"stopIndex":1},{"id":5,"line":5,"passengers":0,"position":[24659.942770952694,52.0,22992.230579617677],"speed":2.3999998569488525,"state":0,"stopIndex":1},{"id":6,"line":6,"passengers":0,"position":[24716.91197702464,52.0,22927.70560120246],"speed":2.3999998569488525,"state":0,"stopIndex":1},{"id":7,"line":7,"passengers":0,"position":[23492.755045342943,44.253786619728,24431.31051373995],"speed":2.3999998569488525,"state":0,"stopIndex":1}]},"renderMs":1480.299,"selectionId":-1,"selectionKind":0,"signalsMs":0.659,"sound":{"enginePitch":1.0,"enginePlaying":false,"events":0,"outputPeak":0.0,"volume":0.6},"textInput":false,"timeSpeed":0,"townLabels":[],"traffic":{"accessPoints":22248,"cars":616,"completed":0,"localCars":616,"localTarget":2400,"routeFailures":0,"spawned":616,"stopped":38,"updateMs":2.178336},"zone":2,"zoneBrush":1,"zoneCells":[{"angle":0.0,"building":0,"builtAt":0.0,"edge":-1,"offsetX":0.0,"offsetZ":0.0,"x":24120.0,"z":23640.0,"zone":4},{"angle":0.0,"building":0,"builtAt":0.0,"edge":-1,"offsetX":0.0,"offsetZ":0.0,"x":24136.0,"z":23640.0,"zone":4},{"angle":0.0,"building":0,"builtAt":0.0,"edge":-1,"offsetX":0.0,"offsetZ":0.0,"x":24152.0,"z":23640.0,"zone":4},{"angle":0.0,"building":0,"builtAt":0.0,"edge":-1,"offsetX":0.0,"offsetZ":0.0,"x":24168.0,"z":23640.0,"zone":4},{"angle":0.0,"building":0,"builtAt":0.0,"edge":-1,"offsetX":0.0,"offsetZ":0.0,"x":24184.0,"z":23640.0,"zone":4},{"angle":0.0,"building":0,"builtAt":0.0,"edge":-1,"offsetX":0.0,"offsetZ":0.0,"x":24200.0,"z":23640.0,"zone":4},{"angle":0.6814517378807068,"building":3,"builtAt":0.0,"edge":13314,"offsetX":-6.154789924621582,"offsetZ":2.631941318511963,"x":24216.0,"z":23640.0,"zone":4},{"angle":-2.4601409435272217,"building":5,"builtAt":0.0,"edge":13314,"offsetX":1.7993983030319214,"offsetZ":-6.419382572174072,"x":24232.0,"z":23640.0,"zone":4},{"angle":-2.4601409435272217,"building":2,"builtAt":0.0,"edge":13314,"offsetX":-4.645404815673828,"offsetZ":2.2820231914520264,"x":24248.0,"z":23640.0,"zone":3},{"angle":2.2522480487823486,"building":2,"builtAt":0.0,"edge":12908,"offsetX":-0.9939571022987366,"offsetZ":-0.4058094918727875,"x":24264.0,"z":23640.0,"zone":3},{"angle":-0.8893446326255798,"building":22,"builtAt":0.0,"edge":12908,"offsetX":7.369441032409668,"offsetZ":2.337386131286621,"x":24280.0,"z":23640.0,"zone":3},{"angle":-0.8893446326255798,"building":1,"builtAt":0.0,"edge":12908,"offsetX":7.765885353088379,"offsetZ":-1.3827219009399414,"x":24296.0,"z":23640.0,"zone":3},{"angle":0.681451678276062,"building":22,"builtAt":0.0,"edge":13331,"offsetX":6.7182936668396,"offsetZ":-6.901335716247559,"x":24312.0,"z":23640.0,"zone":3},{"angle":0.6814517378807068,"building":22,"builtAt":0.0,"edge":13331,"offsetX":4.2420973777771,"offsetZ":4.102306365966797,"x":24328.0,"z":23640.0,"zone":3},{"angle":0.0,"building":0,"builtAt":0.0,"edge":-1,"offsetX":0.0,"offsetZ":0.0,"x":24344.0,"z":23640.0,"zone":3},{"angle":0.0,"building":0,"builtAt":0.0,"edge":-1,"offsetX":0.0,"offsetZ":0.0,"x":24360.0,"z":23640.0,"zone":3},{"angle":-2.4601409435272217,"building":1,"builtAt":0.0,"edge":13332,"offsetX":4.055675029754639,"offsetZ":3.697913408279419,"x":24376.0,"z":23640.0,"zone":3},{"angle":0.0,"building":0,"builtAt":0.0,"edge":-1,"offsetX":0.0,"offsetZ":0.0,"x":24120.0,"z":23656.0,"zone":4},{"angle":0.0,"building":0,"builtAt":0.0,"edge":-1,"offsetX":0.0,"offsetZ":0.0,"x":24136.0,"z":23656.0,"zone":4},{"angle":0.0,"building":0,"builtAt":0.0,"edge":-1,"offsetX":0.0,"offsetZ":0.0,"x":24152.0,"z":23656.0,"zone":4},{"angle":0.0,"building":0,"builtAt":0.0,"edge":-1,"offsetX":0.0,"offsetZ":0.0,"x":24168.0,"z":23656.0,"zone":4},{"angle":0.0,"building":0,"builtAt":0.0,"edge":-1,"offsetX":0.0,"offsetZ":0.0,"x":24184.0,"z":23656.0,"zone":4},{"angle":0.0,"building":0,"builtAt":0.0,"edge":-1,"offsetX":0.0,"offsetZ":0.0,"x":24200.0,"z":23656.0,"zone":4},{"angle":0.0,"building":0,"builtAt":0.0,"edge":-1,"offsetX":0.0,"offsetZ":0.0,"x":24216.0,"z":23656.0,"zone":4},{"angle":0.6814517378807068,"building":6,"builtAt":0.0,"edge":13314,"offsetX":-2.1298155784606934,"offsetZ":2.907579183578491,"x":24232.0,"z":23656.0,"zone":4},{"angle":-2.4601409435272217,"building":1,"builtAt":0.0,"edge":13314,"offsetX":4.912838459014893,"offsetZ":-5.019872188568115,"x":24248.0,"z":23656.0,"zone":3},{"angle":-0.8893446326255798,"building":22,"builtAt":0.0,"edge":12908,"offsetX":6.674298286437988,"offsetZ":6.832339286804199,"x":24264.0,"z":23656.0,"zone":3},{"angle":-0.8893446326255798,"building":1,"builtAt":0.0,"edge":12908,"offsetX":-2.0072314739227295,"offsetZ":-4.2505974769592285,"x":24280.0,"z":23656.0,"zone":3},{"angle":-0.8893446326255798,"building":2,"builtAt":0.0,"edge":12908,"offsetX":0.8446816802024841,"offsetZ":-5.977575778961182,"x":24296.0,"z":23656.0,"zone":3},{"angle":2.2522480487823486,"building":2,"builtAt":0.0,"edge":12932,"offsetX":-5.701622486114502,"offsetZ":1.6881537437438965,"x":24312.0,"z":23656.0,"zone":3},{"angle":0.0,"building":0,"builtAt":0.0,"edge":-1,"offsetX":0.0,"offsetZ":0.0,"x":24328.0,"z":23656.0,"zone":3},{"angle":0.0,"building":0,"builtAt":0.0,"edge":-1,"offsetX":0.0,"offsetZ":0.0,"x":24344.0,"z":23656.0,"zone":3},{"angle":0.0,"building":0,"builtAt":0.0,"edge":-1,"offsetX":0.0,"offsetZ":0.0,"x":24360.0,"z":23656.0,"zone":3},{"angle":-2.4601409435272217,"building":1,"builtAt":0.0,"edge":13332,"offsetX":-2.369521141052246,"offsetZ":-4.38016414642334,"x":24376.0,"z":23656.0,"zone":3},{"angle":0.0,"building":0,"builtAt":0.0,"edge":-1,"offsetX":0.0,"offsetZ":0.0,"x":24120.0,"z":23672.0,"zone":0},{"angle":0.0,"building":0,"builtAt":0.0,"edge":-1,"offsetX":0.0,"offsetZ":0.0,"x":24136.0,"z":23672.0,"zone":4},{"angle":0.0,"building":0,"builtAt":0.0,"edge":-1,"offsetX":0.0,"offsetZ":0.0,"x":24152.0,"z":23672.0,"zone":4},{"angle":0.0,"building":0,"builtAt":0.0,"edge":-1,"offsetX":0.0,"offsetZ":0.0,"x":24168.0,"z":23672.0,"zone":4},{"angle":0.0,"building":0,"builtAt":0.0,"edge":-1,"offsetX":0.0,"offsetZ":0.0,"x":24184.0,"z":23672.0,"zone":4},{"angle":0.0,"building":0,"builtAt":0.0,"edge":-1,"offsetX":0.0,"offsetZ":0.0,"x":24200.0,"z":23672.0,"zone":4},{"angle":0.0,"building":0,"builtAt":0.0,"edge":-1,"offsetX":0.0,"offsetZ":0.0,"x":24216.0,"z":23672.0,"zone":4},{"angle":0.0,"building":0,"builtAt":0.0,"edge":-1,"offsetX":0.0,"offsetZ":0.0,"x":24232.0,"z":23672.0,"zone":4},{"angle":0.0,"building":0,"builtAt":0.0,"edge":-1,"offsetX":0.0,"offsetZ":0.0,"x":24248.0,"z":23672.0,"zone":4},{"angle":0.681451678276062,"building":2,"builtAt":0.0,"edge":13315,"offsetX":-6.2566328048706055,"offsetZ":7.641294956207275,"x":24264.0,"z":23672.0,"zone":3},{"angle":-2.4601409435272217,"building":2,"builtAt":0.0,"edge":13315,"offsetX":4.3646721839904785,"offsetZ":3.455223321914673,"x":24280.0,"z":23672.0,"zone":3},{"angle":-2.4601409435272217,"building":2,"builtAt":0.0,"edge":13315,"offsetX":-4.265249729156494,"offsetZ":-5.631687641143799,"x":24296.0,"z":23672.0,"zone":3},{"angle":2.2522480487823486,"building":22,"builtAt":0.0,"edge":12932,"offsetX":3.77361798286438,"offsetZ":-6.626807689666748,"x":24312.0,"z":23672.0,"zone":3},{"angle":0.0,"building":0,"builtAt":0.0,"edge":-1,"offsetX":0.0,"offsetZ":0.0,"x":24328.0,"z":23672.0,"zone":3},{"angle":0.0,"building":0,"builtAt":0.0,"edge":-1,"offsetX":0.0,"offsetZ":0.0,"x":24344.0,"z":23672.0,"zone":3},{"angle":-0.8893446326255798,"building":2,"builtAt":0.0,"edge":12932,"offsetX":-4.96362829208374,"offsetZ":0.1304757297039032,"x":24360.0,"z":23672.0,"zone":3},{"angle":0.6814517378807068,"building":5,"builtAt":0.0,"edge":13332,"offsetX":-2.546783685684204,"offsetZ":5.799036502838135,"x":24376.0,"z":23672.0,"zone":3},{"angle":0.0,"building":0,"builtAt":0.0,"edge":-1,"offsetX":0.0,"offsetZ":0.0,"x":24120.0,"z":23688.0,"zone":0},{"angle":0.0,"building":0,"builtAt":0.0,"edge":-1,"offsetX":0.0,"offsetZ":0.0,"x":24136.0,"z":23688.0,"zone":0},{"angle":0.0,"building":0,"builtAt":0.0,"edge":-1,"offsetX":0.0,"offsetZ":0.0,"x":24152.0,"z":23688.0,"zone":4},{"angle":-2.4601409435272217,"building":4,"builtAt":0.0,"edge":13297,"offsetX":3.924286365509033,"offsetZ":0.052965693175792694,"x":24168.0,"z":23688.0,"zone":4},{"angle":0.0,"building":0,"builtAt":0.0,"edge":-1,"offsetX":0.0,"offsetZ":0.0,"x":24184.0,"z":23688.0,"zone":4},{"angle":0.0,"building":0,"builtAt":0.0,"edge":-1,"offsetX":0.0,"offsetZ":0.0,"x":24200.0,"z":23688.0,"zone":4},{"angle":0.0,"building":0,"builtAt":0.0,"edge":-1,"offsetX":0.0,"offsetZ":0.0,"x":24216.0,"z":23688.0,"zone":4},{"angle":2.2522480487823486,"building":3,"builtAt":0.0,"edge":13917,"offsetX":-5.8597187995910645,"offsetZ":-5.19177770614624,"x":24232.0,"z":23688.0,"zone":4},{"angle":0.0,"building":0,"builtAt":0.0,"edge":-1,"offsetX":0.0,"offsetZ":0.0,"x":24248.0,"z":23688.0,"zone":4},{"angle":0.681451678276062,"building":1,"builtAt":0.0,"edge":13315,"offsetX":8.20810604095459,"offsetZ":2.443617820739746,"x":24264.0,"z":23688.0,"zone":3},{"angle":0.0,"building":0,"builtAt":0.0,"edge":-1,"offsetX":0.0,"offsetZ":0.0,"x":24280.0,"z":23688.0,"zone":3},{"angle":-2.4601409435272217,"building":22,"builtAt":0.0,"edge":13315,"offsetX":2.7603297233581543,"offsetZ":-1.6592320203781128,"x":24296.0,"z":23688.0,"zone":3},{"angle":0.0,"building":0,"builtAt":0.0,"edge":-1,"offsetX":0.0,"offsetZ":0.0,"x":24312.0,"z":23688.0,"zone":3},{"angle":0.0,"building":0,"builtAt":0.0,"edge":-1,"offsetX":0.0,"offsetZ":0.0,"x":24328.0,"z":23688.0,"zone":3},{"angle":-0.8893446326255798,"building":5,"builtAt":0.0,"edge":12932,"offsetX":-0.6748335361480713,"offsetZ":-0.2807047367095947,"x":24344.0,"z":23688.0,"zone":3},{"angle":0.0,"building":0,"builtAt":0.0,"edge":-1,"offsetX":0.0,"offsetZ":0.0,"x":24360.0,"z":23688.0,"zone":3},{"angle":0.0,"building":0,"builtAt":0.0,"edge":-1,"offsetX":0.0,"offsetZ":0.0,"x":24376.0,"z":23688.0,"zone":3},{"angle":0.0,"building":0,"builtAt":0.0,"edge":-1,"offsetX":0.0,"offsetZ":0.0,"x":24120.0,"z":23704.0,"zone":0},{"angle":0.0,"building":0,"builtAt":0.0,"edge":-1,"offsetX":0.0,"offsetZ":0.0,"x":24136.0,"z":23704.0,"zone":4},{"angle":0.0,"building":0,"builtAt":0.0,"edge":-1,"offsetX":0.0,"offsetZ":0.0,"x":24152.0,"z":23704.0,"zone":4},{"angle":0.0,"building":0,"builtAt":0.0,"edge":-1,"offsetX":0.0,"offsetZ":0.0,"x":24168.0,"z":23704.0,"zone":4},{"angle":0.0,"building":0,"builtAt":0.0,"edge":-1,"offsetX":0.0,"offsetZ":0.0,"x":24184.0,"z":23704.0,"zone":4},{"angle":0.0,"building":0,"builtAt":0.0,"edge":-1,"offsetX":0.0,"offsetZ":0.0,"x":24200.0,"z":23704.0,"zone":4},{"angle":2.2522480487823486,"building":5,"builtAt":0.0,"edge":13916,"offsetX":-2.0915510654449463,"offsetZ":-4.87722110748291,"x":24216.0,"z":23704.0,"zone":4},{"angle":0.6814517378807068,"building":5,"builtAt":0.0,"edge":13920,"offsetX":-1.634013295173645,"offsetZ":8.299647331237793,"x":24232.0,"z":23704.0,"zone":4},{"angle":-2.4601409435272217,"building":5,"builtAt":0.0,"edge":13920,"offsetX":-5.114144802093506,"offsetZ":-7.136678695678711,"x":24248.0,"z":23704.0,"zone":4},{"angle":-2.4601409435272217,"building":1,"builtAt":0.0,"edge":13920,"offsetX":-7.655171871185303,"offsetZ":5.670788288116455,"x":24264.0,"z":23704.0,"zone":3},{"angle":2.2522480487823486,"building":1,"builtAt":0.0,"edge":13919,"offsetX":-0.2724016010761261,"offsetZ":8.086161613464355,"x":24280.0,"z":23704.0,"zone":3},{"angle":0.0,"building":0,"builtAt":0.0,"edge":-1,"offsetX":0.0,"offsetZ":0.0,"x":24296.0,"z":23704.0,"zone":3},{"angle":0.0,"building":0,"builtAt":0.0,"edge":-1,"offsetX":0.0,"offsetZ":0.0,"x":24312.0,"z":23704.0,"zone":3},{"angle":-0.8893445730209351,"building":2,"builtAt":0.0,"edge":12932,"offsetX":2.4476945400238037,"offsetZ":-1.6342653036117554,"x":24328.0,"z":23704.0,"zone":3},{"angle":-2.4601409435272217,"building":22,"builtAt":0.0,"edge":13316,"offsetX":3.705528974533081,"offsetZ":5.544941425323486,"x":24344.0,"z":23704.0,"zone":3},{"angle":-2.4601409435272217,"building":22,"builtAt":0.0,"edge":13316,"offsetX":-4.294471740722656,"offsetZ":-4.318628787994385,"x":24360.0,"z":23704.0,"zone":3},{"angle":2.2522480487823486,"building":1,"builtAt":0.0,"edge":12956,"offsetX":0.7640894055366516,"offsetZ":-0.11544811725616455,"x":24376.0,"z":23704.0,"zone":3},{"angle":0.0,"building":0,"builtAt":0.0,"edge":-1,"offsetX":0.0,"offsetZ":0.0,"x":24120.0,"z":23720.0,"zone":4},{"angle":0.0,"building":0,"builtAt":0.0,"edge":-1,"offsetX":0.0,"offsetZ":0.0,"x":24136.0,"z":23720.0,"zone":4},{"angle":0.0,"building":0,"builtAt":0.0,"edge":-1,"offsetX":0.0,"offsetZ":0.0,"x":24152.0,"z":23720.0,"zone":4},{"angle":0.6814517378807068,"building":3,"builtAt":0.0,"edge":13297,"offsetX":-5.06278133392334,"offsetZ":-1.243548035621643,"x":24168.0,"z":23720.0,"zone":4},{"angle":0.0,"building":0,"builtAt":0.0,"edge":-1,"offsetX":0.0,"offsetZ":0.0,"x":24184.0,"z":23720.0,"zone":4},{"angle":-2.4601409435272217,"building":5,"builtAt":0.0,"edge":13297,"offsetX":0.2806078791618347,"offsetZ":-8.037710189819336,"x":24200.0,"z":23720.0,"zone":4},{"angle":0.0,"building":0,"builtAt":0.0,"edge":-1,"offsetX":0.0,"offsetZ":0.0,"x":24216.0,"z":23720.0,"zone":4},{"angle":0.0,"building":0,"builtAt":0.0,"edge":-1,"offsetX":0.0,"offsetZ":0.0,"x":24232.0,"z":23720.0,"zone":4},{"angle":0.681451678276062,"building":6,"builtAt":0.0,"edge":13920,"offsetX":-3.741565465927124,"offsetZ":4.572664737701416,"x":24248.0,"z":23720.0,"zone":4},{"angle":-2.4601409435272217,"building":2,"builtAt":0.0,"edge":13920,"offsetX":7.220584869384766,"offsetZ":0.729030430316925,"x":24264.0,"z":23720.0,"zone":3},{"angle":0.0,"building":0,"builtAt":0.0,"edge":-1,"offsetX":0.0,"offsetZ":0.0,"x":24280.0,"z":23720.0,"zone":3},{"angle":0.0,"building":0,"builtAt":0.0,"edge":-1,"offsetX":0.0,"offsetZ":0.0,"x":24296.0,"z":23720.0,"zone":3},{"angle":0.0,"building":0,"builtAt":0.0,"edge":-1,"offsetX":0.0,"offsetZ":0.0,"x":24312.0,"z":23720.0,"zone":3},{"angle":0.0,"building":0,"builtAt":0.0,"edge":-1,"offsetX":0.0,"offsetZ":0.0,"x":24328.0,"z":23720.0,"zone":3},{"angle":-2.4601409435272217,"building":22,"builtAt":0.0,"edge":13316,"offsetX":-4.294470310211182,"offsetZ":-0.5914881825447083,"x":24344.0,"z":23720.0,"zone":3},{"angle":2.2522480487823486,"building":1,"builtAt":0.0,"edge":12956,"offsetX":6.0577712059021,"offsetZ":-2.885031223297119,"x":24360.0,"z":23720.0,"zone":3},{"angle":0.0,"building":0,"builtAt":0.0,"edge":-1,"offsetX":0.0,"offsetZ":0.0,"x":24376.0,"z":23720.0,"zone":3},{"angle":0.0,"building":0,"builtAt":0.0,"edge":-1,"offsetX":0.0,"offsetZ":0.0,"x":24120.0,"z":23736.0,"zone":4},{"angle":0.6814517378807068,"building":3,"builtAt":0.0,"edge":13867,"offsetX":-7.419148921966553,"offsetZ":6.490680694580078,"x":24136.0,"z":23736.0,"zone":4},{"angle":-2.4601409435272217,"building":5,"builtAt":0.0,"edge":13867,"offsetX":-0.24337363243103027,"offsetZ":-0.9350773096084595,"x":24152.0,"z":23736.0,"zone":4},{"angle":-2.4601409435272217,"building":3,"builtAt":0.0,"edge":13867,"offsetX":-5.412522315979004,"offsetZ":6.861746788024902,"x":24168.0,"z":23736.0,"zone":4},{"angle":0.6814517378807068,"building":4,"builtAt":0.0,"edge":13297,"offsetX":-1.8821852207183838,"offsetZ":-1.6439602375030518,"x":24184.0,"z":23736.0,"zone":4},{"angle":0.0,"building":0,"builtAt":0.0,"edge":-1,"offsetX":0.0,"offsetZ":0.0,"x":24200.0,"z":23736.0,"zone":4},{"angle":-2.4601409435272217,"building":5,"builtAt":0.0,"edge":13298,"offsetX":5.143284320831299,"offsetZ":-7.1722412109375,"x":24216.0,"z":23736.0,"zone":4},{"angle":-2.460233211517334,"building":3,"builtAt":0.0,"edge":13298,"offsetX":2.5121841430664063,"offsetZ":2.666759967803955,"x":24232.0,"z":23736.0,"zone":4},{"angle":0.0,"building":0,"builtAt":0.0,"edge":-1,"offsetX":0.0,"offsetZ":0.0,"x":24248.0,"z":23736.0,"zone":4},{"angle":0.6814517378807068,"building":2,"builtAt":0.0,"edge":13920,"offsetX":-4.435221195220947,"offsetZ":-0.899985134601593,"x":24264.0,"z":23736.0,"zone":3},{"angle":0.0,"building":0,"builtAt":0.0,"edge":-1,"offsetX":0.0,"offsetZ":0.0,"x":24280.0,"z":23736.0,"zone":3},{"angle":-2.4601409435272217,"building":1,"builtAt":0.0,"edge":13968,"offsetX":2.2388463020324707,"offsetZ":7.524049758911133,"x":24296.0,"z":23736.0,"zone":3},{"angle":-0.8893445730209351,"building":22,"builtAt":0.0,"edge":13919,"offsetX":-6.010221481323242,"offsetZ":-2.613496780395508,"x":24312.0,"z":23736.0,"zone":3},{"angle":0.6814517378807068,"building":12,"builtAt":0.0,"edge":13316,"offsetX":-2.7718558311462402,"offsetZ":1.2583520412445068,"x":24328.0,"z":23736.0,"zone":4},{"angle":0.0,"building":0,"builtAt":0.0,"edge":-1,"offsetX":0.0,"offsetZ":0.0,"x":24344.0,"z":23736.0,"zone":3},{"angle":2.2522480487823486,"building":1,"builtAt":0.0,"edge":12956,"offsetX":-4.649094581604004,"offsetZ":-5.657011032104492,"x":24360.0,"z":23736.0,"zone":3},{"angle":-0.8893445730209351,"building":22,"builtAt":0.0,"edge":12956,"offsetX":5.839900016784668,"offsetZ":-6.084694862365723,"x":24376.0,"z":23736.0,"zone":3},{"angle":-2.4601409435272217,"building":3,"builtAt":0.0,"edge":13279,"offsetX":-3.748300790786743,"offsetZ":6.224560260772705,"x":24120.0,"z":23752.0,"zone":4},{"angle":0.6814517378807068,"building":5,"builtAt":0.0,"edge":13867,"offsetX":3.3918111324310303,"offsetZ":-1.6899226903915405,"x":24136.0,"z":23752.0,"zone":4},{"angle":0.0,"building":0,"builtAt":0.0,"edge":-1,"offsetX":0.0,"offsetZ":0.0,"x":24152.0,"z":23752.0,"zone":4},{"angle":0.0,"building":0,"builtAt":0.0,"edge":-1,"offsetX":0.0,"offsetZ":0.0,"x":24168.0,"z":23752.0,"zone":4},{"angle":0.0,"building":0,"builtAt":0.0,"edge":-1,"offsetX":0.0,"offsetZ":0.0,"x":24184.0,"z":23752.0,"zone":4},{"angle":0.681451678276062,"building":3,"builtAt":0.0,"edge":13298,"offsetX":2.926199197769165,"offsetZ":-0.7115504145622253,"x":24200.0,"z":23752.0,"zone":4},{"angle":0.0,"building":0,"builtAt":0.0,"edge":-1,"offsetX":0.0,"offsetZ":0.0,"x":24216.0,"z":23752.0,"zone":4},{"angle":0.0,"building":0,"builtAt":0.0,"edge":-1,"offsetX":0.0,"offsetZ":0.0,"x":24232.0,"z":23752.0,"zone":4},{"angle":-2.4601409435272217,"building":1,"builtAt":0.0,"edge":13298,"offsetX":-2.0073091983795166,"offsetZ":-1.165961503982544,"x":24248.0,"z":23752.0,"zone":3},{"angle":0.0,"building":0,"builtAt":0.0,"edge":-1,"offsetX":0.0,"offsetZ":0.0,"x":24264.0,"z":23752.0,"zone":3},{"angle":0.0,"building":0,"builtAt":0.0,"edge":-1,"offsetX":0.0,"offsetZ":0.0,"x":24280.0,"z":23752.0,"zone":3},{"angle":0.0,"building":0,"builtAt":0.0,"edge":-1,"offsetX":0.0,"offsetZ":0.0,"x":24296.0,"z":23752.0,"zone":3},{"angle":-2.4601409435272217,"building":3,"builtAt":0.0,"edge":13968,"offsetX":1.053743839263916,"offsetZ":0.6007509827613831,"x":24312.0,"z":23752.0,"zone":3},{"angle":0.0,"building":0,"builtAt":0.0,"edge":-1,"offsetX":0.0,"offsetZ":0.0,"x":24328.0,"z":23752.0,"zone":3},{"angle":2.2522480487823486,"building":2,"builtAt":0.0,"edge":13967,"offsetX":-4.315062999725342,"offsetZ":-3.4956400394439697,"x":24344.0,"z":23752.0,"zone":3},{"angle":0.0,"building":0,"builtAt":0.0,"edge":-1,"offsetX":0.0,"offsetZ":0.0,"x":24360.0,"z":23752.0,"zone":3},{"angle":0.0,"building":0,"builtAt":0.0,"edge":-1,"offsetX":0.0,"offsetZ":0.0,"x":24376.0,"z":23752.0,"zone":3},{"angle":0.0,"building":0,"builtAt":0.0,"edge":-1,"offsetX":0.0,"offsetZ":0.0,"x":24120.0,"z":23768.0,"zone":4},{"angle":-2.4601409435272217,"building":3,"builtAt":0.0,"edge":13279,"offsetX":-0.5094721913337708,"offsetZ":5.790102958679199,"x":24136.0,"z":23768.0,"zone":4},{"angle":2.2522480487823486,"building":5,"builtAt":0.0,"edge":13865,"offsetX":7.266846179962158,"offsetZ":-1.4373905658721924,"x":24152.0,"z":23768.0,"zone":4},{"angle":0.0,"building":0,"builtAt":0.0,"edge":-1,"offsetX":0.0,"offsetZ":0.0,"x":24168.0,"z":23768.0,"zone":4},{"angle":0.0,"building":0,"builtAt":0.0,"edge":-1,"offsetX":0.0,"offsetZ":0.0,"x":24184.0,"z":23768.0,"zone":4},{"angle":-2.4601409435272217,"building":6,"builtAt":0.0,"edge":13915,"offsetX":-1.9083874225616455,"offsetZ":3.561483383178711,"x":24200.0,"z":23768.0,"zone":4},{"angle":0.6815438866615295,"building":3,"builtAt":0.0,"edge":13298,"offsetX":-0.21514147520065308,"offsetZ":-6.243448257446289,"x":24216.0,"z":23768.0,"zone":4},{"angle":0.681451678276062,"building":5,"builtAt":0.0,"edge":13298,"offsetX":-2.885098934173584,"offsetZ":3.6434497833251953,"x":24232.0,"z":23768.0,"zone":4},{"angle":0.0,"building":0,"builtAt":0.0,"edge":-1,"offsetX":0.0,"offsetZ":0.0,"x":24248.0,"z":23768.0,"zone":3},{"angle":0.0,"building":0,"builtAt":0.0,"edge":-1,"offsetX":0.0,"offsetZ":0.0,"x":24264.0,"z":23768.0,"zone":3},{"angle":-0.8893445730209351,"building":2,"builtAt":0.0,"edge":13918,"offsetX":-1.1191508769989014,"offsetZ":-2.1868975162506104,"x":24280.0,"z":23768.0,"zone":3},{"angle":0.6814517378807068,"building":22,"builtAt":0.0,"edge":13968,"offsetX":3.9528307914733887,"offsetZ":0.7534745335578918,"x":24296.0,"z":23768.0,"zone":3},{"angle":0.0,"building":0,"builtAt":0.0,"edge":-1,"offsetX":0.0,"offsetZ":0.0,"x":24312.0,"z":23768.0,"zone":3},{"angle":2.2522480487823486,"building":22,"builtAt":0.0,"edge":13967,"offsetX":-0.9848089218139648,"offsetZ":-4.811123847961426,"x":24328.0,"z":23768.0,"zone":3},{"angle":0.0,"building":0,"builtAt":0.0,"edge":-1,"offsetX":0.0,"offsetZ":0.0,"x":24344.0,"z":23768.0,"zone":3},{"angle":-0.8893446326255798,"building":2,"builtAt":0.0,"edge":13967,"offsetX":-4.501984119415283,"offsetZ":-6.670202255249023,"x":24360.0,"z":23768.0,"zone":3},{"angle":0.0,"building":0,"builtAt":0.0,"edge":-1,"offsetX":0.0,"offsetZ":0.0,"x":24376.0,"z":23768.0,"zone":3},{"angle":0.0,"building":0,"builtAt":0.0,"edge":-1,"offsetX":0.0,"offsetZ":0.0,"x":24120.0,"z":23784.0,"zone":4},{"angle":0.0,"building":0,"builtAt":0.0,"edge":-1,"offsetX":0.0,"offsetZ":0.0,"x":24136.0,"z":23784.0,"zone":4},{"angle":0.0,"building":0,"builtAt":0.0,"edge":-1,"offsetX":0.0,"offsetZ":0.0,"x":24152.0,"z":23784.0,"zone":4},{"angle":0.0,"building":0,"builtAt":0.0,"edge":-1,"offsetX":0.0,"offsetZ":0.0,"x":24168.0,"z":23784.0,"zone":4},{"angle":0.6814517378807068,"building":3,"builtAt":0.0,"edge":13915,"offsetX":0.6661999225616455,"offsetZ":4.114297866821289,"x":24184.0,"z":23784.0,"zone":4},{"angle":0.0,"building":0,"builtAt":0.0,"edge":-1,"offsetX":0.0,"offsetZ":0.0,"x":24200.0,"z":23784.0,"zone":4},{"angle":-2.4601409435272217,"building":5,"builtAt":0.0,"edge":13915,"offsetX":1.0855088233947754,"offsetZ":3.8696868419647217,"x":24216.0,"z":23784.0,"zone":4},{"angle":0.0,"building":0,"builtAt":0.0,"edge":-1,"offsetX":0.0,"offsetZ":0.0,"x":24232.0,"z":23784.0,"zone":3},{"angle":0.0,"building":0,"builtAt":0.0,"edge":-1,"offsetX":0.0,"offsetZ":0.0,"x":24248.0,"z":23784.0,"zone":3},{"angle":0.0,"building":0,"builtAt":0.0,"edge":-1,"offsetX":0.0,"offsetZ":0.0,"x":24264.0,"z":23784.0,"zone":3},{"angle":-2.4601409435272217,"building":22,"builtAt":0.0,"edge":13299,"offsetX":7.2005839347839355,"offsetZ":-1.6012420654296875,"x":24280.0,"z":23784.0,"zone":3},{"angle":0.0,"building":0,"builtAt":0.0,"edge":-1,"offsetX":0.0,"offsetZ":0.0,"x":24296.0,"z":23784.0,"zone":3},{"angle":2.2522480487823486,"building":1,"builtAt":0.0,"edge":13966,"offsetX":1.771888256072998,"offsetZ":-2.302941083908081,"x":24312.0,"z":23784.0,"zone":3},{"angle":0.0,"building":0,"builtAt":0.0,"edge":-1,"offsetX":0.0,"offsetZ":0.0,"x":24328.0,"z":23784.0,"zone":3},{"angle":-0.8893445730209351,"building":22,"builtAt":0.0,"edge":13967,"offsetX":-0.24460944533348083,"offsetZ":-7.233728885650635,"x":24344.0,"z":23784.0,"zone":3},{"angle":-0.8893445730209351,"building":2,"builtAt":0.0,"edge":13967,"offsetX":-6.769368648529053,"offsetZ":0.4513097405433655,"x":24360.0,"z":23784.0,"zone":3},{"angle":0.0,"building":0,"builtAt":0.0,"edge":-1,"offsetX":0.0,"offsetZ":0.0,"x":24376.0,"z":23784.0,"zone":3},{"angle":0.0,"building":0,"builtAt":0.0,"edge":-1,"offsetX":0.0,"offsetZ":0.0,"x":24120.0,"z":23800.0,"zone":4},{"angle":0.6814517378807068,"building":6,"builtAt":0.0,"edge":13279,"offsetX":-8.264117240905762,"offsetZ":2.9963388442993164,"x":24136.0,"z":23800.0,"zone":4},{"angle":0.0,"building":0,"builtAt":0.0,"edge":-1,"offsetX":0.0,"offsetZ":0.0,"x":24152.0,"z":23800.0,"zone":4},{"angle":-2.4601409435272217,"building":5,"builtAt":0.0,"edge":13280,"offsetX":-4.052818298339844,"offsetZ":-2.2388317584991455,"x":24168.0,"z":23800.0,"zone":4},{"angle":0.0,"building":0,"builtAt":0.0,"edge":-1,"offsetX":0.0,"offsetZ":0.0,"x":24184.0,"z":23800.0,"zone":4},{"angle":0.0,"building":0,"builtAt":0.0,"edge":-1,"offsetX":0.0,"offsetZ":0.0,"x":24200.0,"z":23800.0,"zone":4},{"angle":0.0,"building":0,"builtAt":0.0,"edge":-1,"offsetX":0.0,"offsetZ":0.0,"x":24216.0,"z":23800.0,"zone":4},{"angle":0.0,"building":0,"builtAt":0.0,"edge":-1,"offsetX":0.0,"offsetZ":0.0,"x":24232.0,"z":23800.0,"zone":3},{"angle":-0.8893446326255798,"building":1,"builtAt":0.0,"edge":13914,"offsetX":2.387336492538452,"offsetZ":-0.28208649158477783,"x":24248.0,"z":23800.0,"zone":3},{"angle":0.6814517378807068,"building":22,"builtAt":0.0,"edge":13299,"offsetX":5.44967794418335,"offsetZ":4.28467321395874,"x":24264.0,"z":23800.0,"zone":3},{"angle":0.0,"building":0,"builtAt":0.0,"edge":-1,"offsetX":0.0,"offsetZ":0.0,"x":24280.0,"z":23800.0,"zone":3},{"angle":-2.4601409435272217,"building":2,"builtAt":0.0,"edge":13299,"offsetX":2.683525323867798,"offsetZ":-7.5707688331604,"x":24296.0,"z":23800.0,"zone":3},{"angle":-0.8893446326255798,"building":2,"builtAt":0.0,"edge":13966,"offsetX":6.448672294616699,"offsetZ":6.9481964111328125,"x":24312.0,"z":23800.0,"zone":3},{"angle":-0.8893445730209351,"building":1,"builtAt":0.0,"edge":13966,"offsetX":0.3710009455680847,"offsetZ":-6.4621076583862305,"x":24328.0,"z":23800.0,"zone":3},{"angle":-0.8893445730209351,"building":2,"builtAt":0.0,"edge":13966,"offsetX":-7.124582290649414,"offsetZ":0.4355294704437256,"x":24344.0,"z":23800.0,"zone":3},{"angle":0.0,"building":0,"builtAt":0.0,"edge":-1,"offsetX":0.0,"offsetZ":0.0,"x":24360.0,"z":23800.0,"zone":3},{"angle":2.2522480487823486,"building":22,"builtAt":0.0,"edge":12975,"offsetX":2.174591064453125,"offsetZ":5.0905256271362305,"x":24376.0,"z":23800.0,"zone":3},{"angle":0.0,"building":0,"builtAt":0.0,"edge":-1,"offsetX":0.0,"offsetZ":0.0,"x":24120.0,"z":23816.0,"zone":4},{"angle":0.0,"building":0,"builtAt":0.0,"edge":-1,"offsetX":0.0,"offsetZ":0.0,"x":24136.0,"z":23816.0,"zone":4},{"angle":0.6814517378807068,"building":3,"builtAt":0.0,"edge":13280,"offsetX":-5.007656097412109,"offsetZ":2.665574073791504,"x":24152.0,"z":23816.0,"zone":4},{"angle":0.0,"building":0,"builtAt":0.0,"edge":-1,"offsetX":0.0,"offsetZ":0.0,"x":24168.0,"z":23816.0,"zone":4},{"angle":0.0,"building":0,"builtAt":0.0,"edge":-1,"offsetX":0.0,"offsetZ":0.0,"x":24184.0,"z":23816.0,"zone":4},{"angle":2.2522480487823486,"building":5,"builtAt":0.0,"edge":13913,"offsetX":-3.499864339828491,"offsetZ":-3.5717880725860596,"x":24200.0,"z":23816.0,"zone":4},{"angle":0.0,"building":0,"builtAt":0.0,"edge":-1,"offsetX":0.0,"offsetZ":0.0,"x":24216.0,"z":23816.0,"zone":3},{"angle":0.0,"building":0,"builtAt":0.0,"edge":-1,"offsetX":0.0,"offsetZ":0.0,"x":24232.0,"z":23816.0,"zone":3},{"angle":-2.4601409435272217,"building":1,"builtAt":0.0,"edge":13965,"offsetX":-4.7039794921875,"offsetZ":-5.033782005310059,"x":24248.0,"z":23816.0,"zone":3},{"angle":-2.4601409435272217,"building":2,"builtAt":0.0,"edge":13965,"offsetX":-6.684689044952393,"offsetZ":5.3216552734375,"x":24264.0,"z":23816.0,"zone":3},{"angle":0.6814517378807068,"building":2,"builtAt":0.0,"edge":13299,"offsetX":1.6319679021835327,"offsetZ":-2.5471127033233643,"x":24280.0,"z":23816.0,"zone":3},{"angle":0.0,"building":0,"builtAt":0.0,"edge":-1,"offsetX":0.0,"offsetZ":0.0,"x":24296.0,"z":23816.0,"zone":3},{"angle":0.0,"building":0,"builtAt":0.0,"edge":-1,"offsetX":0.0,"offsetZ":0.0,"x":24312.0,"z":23816.0,"zone":3},{"angle":0.0,"building":0,"builtAt":0.0,"edge":-1,"offsetX":0.0,"offsetZ":0.0,"x":24328.0,"z":23816.0,"zone":3},{"angle":0.0,"building":0,"builtAt":0.0,"edge":-1,"offsetX":0.0,"offsetZ":0.0,"x":24344.0,"z":23816.0,"zone":3},{"angle":-2.4601409435272217,"building":1,"builtAt":0.0,"edge":13300,"offsetX":-1.480087161064148,"offsetZ":6.840113639831543,"x":24360.0,"z":23816.0,"zone":3},{"angle":0.0,"building":0,"builtAt":0.0,"edge":-1,"offsetX":0.0,"offsetZ":0.0,"x":24376.0,"z":23816.0,"zone":3},{"angle":-0.8893446326255798,"building":6,"builtAt":0.0,"edge":12905,"offsetX":8.196125030517578,"offsetZ":7.854005336761475,"x":24120.0,"z":23832.0,"zone":4},{"angle":-0.8893446326255798,"building":5,"builtAt":0.0,"edge":12905,"offsetX":0.9195042252540588,"offsetZ":-4.116843223571777,"x":24136.0,"z":23832.0,"zone":4},{"angle":0.0,"building":0,"builtAt":0.0,"edge":-1,"offsetX":0.0,"offsetZ":0.0,"x":24152.0,"z":23832.0,"zone":4},{"angle":0.681451678276062,"building":5,"builtAt":0.0,"edge":13280,"offsetX":-7.015702247619629,"offsetZ":-2.9103939533233643,"x":24168.0,"z":23832.0,"zone":4},{"angle":0.0,"building":0,"builtAt":0.0,"edge":-1,"offsetX":0.0,"offsetZ":0.0,"x":24184.0,"z":23832.0,"zone":3},{"angle":0.0,"building":0,"builtAt":0.0,"edge":-1,"offsetX":0.0,"offsetZ":0.0,"x":24200.0,"z":23832.0,"zone":3},{"angle":-0.8893445730209351,"building":2,"builtAt":0.0,"edge":13913,"offsetX":7.370290756225586,"offsetZ":2.2216615676879883,"x":24216.0,"z":23832.0,"zone":3},{"angle":0.681451678276062,"building":2,"builtAt":0.0,"edge":13965,"offsetX":0.0791950523853302,"offsetZ":-7.204036235809326,"x":24232.0,"z":23832.0,"zone":3},{"angle":0.6814517378807068,"building":22,"builtAt":0.0,"edge":13965,"offsetX":-2.7889280319213867,"offsetZ":4.245532989501953,"x":24248.0,"z":23832.0,"zone":3},{"angle":-2.4601409435272217,"building":2,"builtAt":0.0,"edge":13965,"offsetX":6.860024929046631,"offsetZ":0.2617645263671875,"x":24264.0,"z":23832.0,"zone":3},{"angle":0.0,"building":0,"builtAt":0.0,"edge":-1,"offsetX":0.0,"offsetZ":0.0,"x":24280.0,"z":23832.0,"zone":3},{"angle":-0.8893445730209351,"building":2,"builtAt":0.0,"edge":13964,"offsetX":3.954244375228882,"offsetZ":-2.2634506225585938,"x":24296.0,"z":23832.0,"zone":3},{"angle":0.0,"building":0,"builtAt":0.0,"edge":-1,"offsetX":0.0,"offsetZ":0.0,"x":24312.0,"z":23832.0,"zone":3},{"angle":0.0,"building":0,"builtAt":0.0,"edge":-1,"offsetX":0.0,"offsetZ":0.0,"x":24328.0,"z":23832.0,"zone":3},{"angle":-2.4601409435272217,"building":3,"builtAt":0.0,"edge":13300,"offsetX":6.677393913269043,"offsetZ":0.5095189213752747,"x":24344.0,"z":23832.0,"zone":3},{"angle":0.0,"building":0,"builtAt":0.0,"edge":-1,"offsetX":0.0,"offsetZ":0.0,"x":24360.0,"z":23832.0,"zone":3},{"angle":-0.8893445730209351,"building":1,"builtAt":0.0,"edge":12975,"offsetX":5.940298080444336,"offsetZ":0.8853286504745483,"x":24376.0,"z":23832.0,"zone":3},{"angle":-0.8893446326255798,"building":5,"builtAt":0.0,"edge":12905,"offsetX":-1.6903789043426514,"offsetZ":2.8814847469329834,"x":24120.0,"z":23848.0,"zone":4},{"angle":-2.4601409435272217,"building":22,"builtAt":0.0,"edge":13263,"offsetX":4.754898548126221,"offsetZ":4.187449932098389,"x":24136.0,"z":23848.0,"zone":4},{"angle":0.0,"building":0,"builtAt":0.0,"edge":-1,"offsetX":0.0,"offsetZ":0.0,"x":24152.0,"z":23848.0,"zone":4},{"angle":2.2522480487823486,"building":2,"builtAt":0.0,"edge":12929,"offsetX":3.917633533477783,"offsetZ":-4.106917858123779,"x":24168.0,"z":23848.0,"zone":3},{"angle":0.0,"building":0,"builtAt":0.0,"edge":-1,"offsetX":0.0,"offsetZ":0.0,"x":24184.0,"z":23848.0,"zone":3},{"angle":0.0,"building":0,"builtAt":0.0,"edge":-1,"offsetX":0.0,"offsetZ":0.0,"x":24200.0,"z":23848.0,"zone":3},{"angle":-2.4601409435272217,"building":1,"builtAt":0.0,"edge":13281,"offsetX":1.5350812673568726,"offsetZ":-5.021531105041504,"x":24216.0,"z":23848.0,"zone":3},{"angle":-2.4601409435272217,"building":2,"builtAt":0.0,"edge":13281,"offsetX":-1.4730476140975952,"offsetZ":4.504375457763672,"x":24232.0,"z":23848.0,"zone":3},{"angle":0.0,"building":0,"builtAt":0.0,"edge":-1,"offsetX":0.0,"offsetZ":0.0,"x":24248.0,"z":23848.0,"zone":3},{"angle":2.2522480487823486,"building":2,"builtAt":0.0,"edge":13963,"offsetX":-5.504047393798828,"offsetZ":0.7013303637504578,"x":24264.0,"z":23848.0,"zone":3},{"angle":0.0,"building":0,"builtAt":0.0,"edge":-1,"offsetX":0.0,"offsetZ":0.0,"x":24280.0,"z":23848.0,"zone":3},{"angle":-0.8893446326255798,"building":9,"builtAt":0.0,"edge":13964,"offsetX":-7.772275924682617,"offsetZ":-4.036936283111572,"x":24296.0,"z":23848.0,"zone":3},{"angle":0.6814517378807068,"building":2,"builtAt":0.0,"edge":13300,"offsetX":6.445248126983643,"offsetZ":-4.567173004150391,"x":24312.0,"z":23848.0,"zone":3},{"angle":0.6814517378807068,"building":1,"builtAt":0.0,"edge":13300,"offsetX":4.994445323944092,"offsetZ":6.311647891998291,"x":24328.0,"z":23848.0,"zone":3},{"angle":0.0,"building":0,"builtAt":0.0,"edge":-1,"offsetX":0.0,"offsetZ":0.0,"x":24344.0,"z":23848.0,"zone":3},{"angle":0.0,"building":0,"builtAt":0.0,"edge":-1,"offsetX":0.0,"offsetZ":0.0,"x":24360.0,"z":23848.0,"zone":3},{"angle":-2.4601409435272217,"building":1,"builtAt":0.0,"edge":13301,"offsetX":-2.9686625003814697,"offsetZ":5.472647666931152,"x":24376.0,"z":23848.0,"zone":3},{"angle":0.0,"building":0,"builtAt":0.0,"edge":-1,"offsetX":0.0,"offsetZ":0.0,"x":24120.0,"z":23864.0,"zone":3},{"angle":-2.4601409435272217,"building":22,"builtAt":0.0,"edge":13263,"offsetX":-3.245100498199463,"offsetZ":-1.9489800930023193,"x":24136.0,"z":23864.0,"zone":3},{"angle":2.2522480487823486,"building":1,"builtAt":0.0,"edge":12929,"offsetX":0.5141414403915405,"offsetZ":4.960072040557861,"x":24152.0,"z":23864.0,"zone":3},{"angle":2.2522480487823486,"building":2,"builtAt":0.0,"edge":12929,"offsetX":-6.075340270996094,"offsetZ":-7.808835506439209,"x":24168.0,"z":23864.0,"zone":3},{"angle":0.0,"building":0,"builtAt":0.0,"edge":-1,"offsetX":0.0,"offsetZ":0.0,"x":24184.0,"z":23864.0,"zone":3},{"angle":-0.8893446326255798,"building":1,"builtAt":0.0,"edge":12929,"offsetX":-2.3463518619537354,"offsetZ":0.7666692137718201,"x":24200.0,"z":23864.0,"zone":3},{"angle":0.6814517378807068,"building":1,"builtAt":0.0,"edge":13281,"offsetX":-0.7528484463691711,"offsetZ":7.343550205230713,"x":24216.0,"z":23864.0,"zone":3},{"angle":0.0,"building":0,"builtAt":0.0,"edge":-1,"offsetX":0.0,"offsetZ":0.0,"x":24232.0,"z":23864.0,"zone":3},{"angle":2.2522480487823486,"building":3,"builtAt":0.0,"edge":13963,"offsetX":-2.916088342666626,"offsetZ":-1.1502094268798828,"x":24248.0,"z":23864.0,"zone":3},{"angle":0.0,"building":0,"builtAt":0.0,"edge":-1,"offsetX":0.0,"offsetZ":0.0,"x":24264.0,"z":23864.0,"zone":3},{"angle":-0.8893445730209351,"building":22,"builtAt":0.0,"edge":13963,"offsetX":-5.3050150871276855,"offsetZ":-2.1601970195770264,"x":24280.0,"z":23864.0,"zone":3},{"angle":0.0,"building":0,"builtAt":0.0,"edge":-1,"offsetX":0.0,"offsetZ":0.0,"x":24296.0,"z":23864.0,"zone":3},{"angle":0.6814517378807068,"building":1,"builtAt":0.0,"edge":13300,"offsetX":7.19917106628418,"offsetZ":7.320481777191162,"x":24312.0,"z":23864.0,"zone":3},{"angle":0.6814517378807068,"building":2,"builtAt":0.0,"edge":13300,"offsetX":-1.9031918048858643,"offsetZ":-1.183935284614563,"x":24328.0,"z":23864.0,"zone":3},{"angle":0.0,"building":0,"builtAt":0.0,"edge":-1,"offsetX":0.0,"offsetZ":0.0,"x":24344.0,"z":23864.0,"zone":3},{"angle":0.0,"building":0,"builtAt":0.0,"edge":-1,"offsetX":0.0,"offsetZ":0.0,"x":24360.0,"z":23864.0,"zone":3},{"angle":0.0,"building":0,"builtAt":0.0,"edge":-1,"offsetX":0.0,"offsetZ":0.0,"x":24376.0,"z":23864.0,"zone":3},{"angle":0.6814517378807068,"building":3,"builtAt":0.0,"edge":13263,"offsetX":-1.1400740146636963,"offsetZ":-0.8172220587730408,"x":24120.0,"z":23880.0,"zone":3},{"angle":0.0,"building":0,"builtAt":0.0,"edge":-1,"offsetX":0.0,"offsetZ":0.0,"x":24136.0,"z":23880.0,"zone":3},{"angle":0.0,"building":0,"builtAt":0.0,"edge":-1,"offsetX":0.0,"offsetZ":0.0,"x":24152.0,"z":23880.0,"zone":3},{"angle":0.0,"building":0,"builtAt":0.0,"edge":-1,"offsetX":0.0,"offsetZ":0.0,"x":24168.0,"z":23880.0,"zone":3},{"angle":-0.8893446326255798,"building":22,"builtAt":0.0,"edge":12929,"offsetX":4.7152276039123535,"offsetZ":-2.0799367427825928,"x":24184.0,"z":23880.0,"zone":3},{"angle":-0.8893446326255798,"building":2,"builtAt":0.0,"edge":12929,"offsetX":-1.8095316886901855,"offsetZ":5.605101108551025,"x":24200.0,"z":23880.0,"zone":3},{"angle":0.6814517378807068,"building":1,"builtAt":0.0,"edge":13281,"offsetX":-7.17804479598999,"offsetZ":-0.7345272898674011,"x":24216.0,"z":23880.0,"zone":3},{"angle":0.681451678276062,"building":22,"builtAt":0.0,"edge":13281,"offsetX":-5.124361038208008,"offsetZ":2.5523903369903564,"x":24232.0,"z":23880.0,"zone":3},{"angle":0.0,"building":0,"builtAt":0.0,"edge":-1,"offsetX":0.0,"offsetZ":0.0,"x":24248.0,"z":23880.0,"zone":3},{"angle":-2.4601409435272217,"building":1,"builtAt":0.0,"edge":13282,"offsetX":-0.1704224795103073,"offsetZ":0.3670438826084137,"x":24264.0,"z":23880.0,"zone":3},{"angle":0.0,"building":0,"builtAt":0.0,"edge":-1,"offsetX":0.0,"offsetZ":0.0,"x":24280.0,"z":23880.0,"zone":3},{"angle":0.0,"building":0,"builtAt":0.0,"edge":-1,"offsetX":0.0,"offsetZ":0.0,"x":24296.0,"z":23880.0,"zone":3},{"angle":0.0,"building":0,"builtAt":0.0,"edge":-1,"offsetX":0.0,"offsetZ":0.0,"x":24312.0,"z":23880.0,"zone":3},{"angle":0.0,"building":0,"builtAt":0.0,"edge":-1,"offsetX":0.0,"offsetZ":0.0,"x":24328.0,"z":23880.0,"zone":3},{"angle":0.681451678276062,"building":2,"builtAt":0.0,"edge":13301,"offsetX":4.860185146331787,"offsetZ":3.2743849754333496,"x":24344.0,"z":23880.0,"zone":3},{"angle":0.681451678276062,"building":2,"builtAt":0.0,"edge":13301,"offsetX":-3.769737720489502,"offsetZ":-5.812526226043701,"x":24360.0,"z":23880.0,"zone":3},{"angle":0.0,"building":0,"builtAt":0.0,"edge":-1,"offsetX":0.0,"offsetZ":0.0,"x":24376.0,"z":23880.0,"zone":3},{"angle":0.0,"building":0,"builtAt":0.0,"edge":-1,"offsetX":0.0,"offsetZ":0.0,"x":24120.0,"z":23896.0,"zone":3},{"angle":0.6814517378807068,"building":2,"builtAt":0.0,"edge":13263,"offsetX":-1.946588158607483,"offsetZ":-6.386551856994629,"x":24136.0,"z":23896.0,"zone":3},{"angle":0.0,"building":0,"builtAt":0.0,"edge":-1,"offsetX":0.0,"offsetZ":0.0,"x":24152.0,"z":23896.0,"zone":3},{"angle":0.0,"building":0,"builtAt":0.0,"edge":-1,"offsetX":0.0,"offsetZ":0.0,"x":24168.0,"z":23896.0,"zone":3},{"angle":-0.8893445730209351,"building":2,"builtAt":0.0,"edge":12929,"offsetX":-5.706819534301758,"offsetZ":-6.131444931030273,"x":24184.0,"z":23896.0,"zone":3},{"angle":-2.4601409435272217,"building":1,"builtAt":0.0,"edge":13264,"offsetX":-5.573004245758057,"offsetZ":2.5289621353149414,"x":24200.0,"z":23896.0,"zone":3},{"angle":2.2522480487823486,"building":22,"builtAt":0.0,"edge":12953,"offsetX":-0.5796533823013306,"offsetZ":4.808083534240723,"x":24216.0,"z":23896.0,"zone":3},{"angle":0.0,"building":0,"builtAt":0.0,"edge":-1,"offsetX":0.0,"offsetZ":0.0,"x":24232.0,"z":23896.0,"zone":3},{"angle":0.6814517378807068,"building":2,"builtAt":0.0,"edge":13282,"offsetX":0.43868550658226013,"offsetZ":3.3431894779205322,"x":24248.0,"z":23896.0,"zone":3},{"angle":0.0,"building":0,"builtAt":0.0,"edge":-1,"offsetX":0.0,"offsetZ":0.0,"x":24264.0,"z":23896.0,"zone":3},{"angle":0.0,"building":0,"builtAt":0.0,"edge":-1,"offsetX":0.0,"offsetZ":0.0,"x":24280.0,"z":23896.0,"zone":3},{"angle":-2.4601409435272217,"building":1,"builtAt":0.0,"edge":13282,"offsetX":4.048153877258301,"offsetZ":0.5161816477775574,"x":24296.0,"z":23896.0,"zone":3},{"angle":0.0,"building":0,"builtAt":0.0,"edge":-1,"offsetX":0.0,"offsetZ":0.0,"x":24312.0,"z":23896.0,"zone":3},{"angle":0.0,"building":0,"builtAt":0.0,"edge":-1,"offsetX":0.0,"offsetZ":0.0,"x":24328.0,"z":23896.0,"zone":3},{"angle":0.0,"building":0,"builtAt":0.0,"edge":-1,"offsetX":0.0,"offsetZ":0.0,"x":24344.0,"z":23896.0,"zone":3},{"angle":0.0,"building":0,"builtAt":0.0,"edge":-1,"offsetX":0.0,"offsetZ":0.0,"x":24360.0,"z":23896.0,"zone":3},{"angle":0.681451678276062,"building":1,"builtAt":0.0,"edge":13301,"offsetX":7.090324401855469,"offsetZ":-0.9298690557479858,"x":24376.0,"z":23896.0,"zone":3}],"zonePalette":false}
[288.704s] [TravelCost] frame=21336 total=1217.45 terrain=1.94 road=5.67 parts=0.00 node=0.00 marks=0.00 furniture=0.00 fallback=0.00 edges=0 nodes=0
[288.804s] [TravelCost] frame=21337 total=1278.24 terrain=1.98 road=7.17 parts=0.00 node=0.00 marks=0.00 furniture=0.00 fallback=0.00 edges=0 nodes=0
[288.904s] [TravelCost] frame=21338 total=1227.55 terrain=1.87 road=7.17 parts=0.00 node=0.00 marks=0.00 furniture=0.00 fallback=0.00 edges=0 nodes=0
[289.004s] [TravelCost] frame=21339 total=1244.05 terrain=1.94 road=7.54 parts=0.00 node=0.00 marks=0.00 furniture=0.00 fallback=0.00 edges=0 nodes=0
[289.104s] [TravelCost] frame=21340 total=1229.39 terrain=2.13 road=7.75 parts=0.00 node=0.00 marks=0.00 furniture=0.00 fallback=0.00 edges=0 nodes=0
[289.204s] [TravelCost] frame=21341 total=1273.79 terrain=2.05 road=7.43 parts=0.00 node=0.00 marks=0.00 furniture=0.00 fallback=0.00 edges=0 nodes=0
[289.304s] [TravelCost] frame=21342 total=1246.24 terrain=2.11 road=7.90 parts=0.00 node=0.00 marks=0.00 furniture=0.00 fallback=0.00 edges=0 nodes=0
[289.404s] [TravelCost] frame=21343 total=1264.71 terrain=1.80 road=7.20 parts=0.00 node=0.00 marks=0.00 furniture=0.00 fallback=0.00 edges=0 nodes=0
[289.504s] [TravelCost] frame=21344 total=1260.69 terrain=1.84 road=7.09 parts=0.00 node=0.00 marks=0.00 furniture=0.00 fallback=0.00 edges=0 nodes=0
[289.604s] [TravelCost] frame=21345 total=1269.00 terrain=1.86 road=7.29 parts=0.00 node=0.00 marks=0.00 furniture=0.00 fallback=0.00 edges=0 nodes=0
[289.704s] [TravelCost] frame=21346 total=1264.60 terrain=1.87 road=5.87 parts=0.00 node=0.00 marks=0.00 furniture=0.00 fallback=0.00 edges=0 nodes=0
[289.804s] [TravelCost] frame=21347 total=1229.01 terrain=1.86 road=6.92 parts=0.00 node=0.00 marks=0.00 furniture=0.00 fallback=0.00 edges=0 nodes=0
[289.904s] [TravelCost] frame=21348 total=1252.77 terrain=2.11 road=7.03 parts=0.00 node=0.00 marks=0.00 furniture=0.00 fallback=0.00 edges=0 nodes=0
[290.004s] [TravelCost] frame=21349 total=1222.45 terrain=1.81 road=7.03 parts=0.00 node=0.00 marks=0.00 furniture=0.00 fallback=0.00 edges=0 nodes=0
[290.104s] [TravelCost] frame=21350 total=1231.88 terrain=1.79 road=6.90 parts=0.00 node=0.00 marks=0.00 furniture=0.00 fallback=0.00 edges=0 nodes=0
[290.204s] [TravelCost] frame=21351 total=1250.88 terrain=1.89 road=6.93 parts=0.00 node=0.00 marks=0.00 furniture=0.00 fallback=0.00 edges=0 nodes=0
[290.304s] [TravelCost] frame=21352 total=1253.41 terrain=2.03 road=7.69 parts=0.00 node=0.00 marks=0.00 furniture=0.00 fallback=0.00 edges=0 nodes=0
[290.404s] [TravelCost] frame=21353 total=1255.64 terrain=1.89 road=6.91 parts=0.00 node=0.00 marks=0.00 furniture=0.00 fallback=0.00 edges=0 nodes=0
[290.504s] [Streaming] buildings chunk=(21, 22) ms=0.03
[290.504s] [Streaming] buildings chunk=(26, 22) ms=1.27
[290.504s] [Streaming] buildings chunk=(20, 22) ms=0.03
[290.504s] [Streaming] buildings chunk=(20, 21) ms=0.02
[290.504s] [Streaming] buildings chunk=(27, 21) ms=0.76
[290.504s] [Streaming] buildings chunk=(19, 21) ms=0.02
[290.504s] [Streaming] buildings chunk=(19, 20) ms=0.02
[290.504s] [TravelCost] frame=21354 total=8628.76 terrain=396.95 road=22.96 parts=2.28 node=0.00 marks=0.33 furniture=1.42 fallback=0.00 edges=12 nodes=0
[290.504s] [PlaytestInput] frame=21354 key=Escape
[290.504s] [PlaytestInput] frame=21354 key=F
[290.504s] [PlaytestState] {"cameraMode":2,"commandId":0,"commandInput":"/camera zoom 150","commandMessage":"俯瞰距離 150 m","commandPalette":false,"cursorX":400,"cursorY":322,"development":{"completed":0,"count":0},"draftMessage":"","draftPoints":0,"draftValid":false,"driving":false,"editMode":0,"eyeY":34.075355529785156,"focusX":24252.0,"focusY":32.575355529785156,"focusZ":23772.0,"focused":true,"fps":0.7862747873126701,"fpsGraph":false,"frame":21354,"funds":30.0,"gameHour":8.039999961853027,"income":30.30898,"localMapCenter":[24252.0,23772.0],"localMapHeadingUp":false,"localMapSpan":2000.0,"logicMs":0.016,"maintenance":22.71789867024176,"map":false,"mapBuilds":15,"mapContext":false,"mapCustomPixelShader":false,"mapX":24252.0,"mapZ":23772.0,"mapZoom":4.0,"nearbyRoads":[{"id":13765,"length":50.096553802490234,"open":true,"points":[[24184.245710017454,37.4201545715332,23402.493881529692],[24186.87543740885,37.40728441490625,23399.251568542553],[24189.505164800248,37.39441425827931,23396.00925555542],[24192.13489360234,37.38154409474828,23392.76694082897],[24194.764620523507,37.368673940422696,23389.524628421605],[24197.39434650421,37.35580379069984,23386.282317173776],[24200.02407154445,37.342933645579706,23383.040007085492],[24202.653799406078,37.3300634866514,23379.797693518583],[24205.283525386778,37.31719333692855,23376.55538227076],[24207.91325136748,37.30432318720568,23373.313071022934],[24210.542977348185,37.291453037482825,23370.070759775106],[24213.172703328884,37.27858288775997,23366.828448527285],[24215.802429309588,37.26571273803711,23363.586137279457]],"width":6.839999675750732},{"id":12848,"length":75.3116455078125,"open":true,"points":[[24084.107773628602,37.087406158447266,23525.95859225249],[24088.06082843304,37.16626295393985,23521.08468746174],[24092.01388323748,37.24511974943243,23516.210782670994],[24095.966938041915,37.32397654492501,23511.336877880243],[24099.919992846353,37.4028333404176,23506.462973089496],[24103.87304765079,37.481690135910185,23501.58906829875],[24107.82610528267,37.56054698780554,23496.715160021915],[24111.779155845943,37.63940369869397,23491.8412604603],[24115.732212064104,37.71826052238794,23486.967353926506],[24119.68526545482,37.79711728967914,23482.093450878805],[24123.638318845533,37.87597405697034,23477.2195478311],[24127.59137223625,37.954830824261535,23472.345644783396],[24131.544425626966,38.033687591552734,23467.47174173569]],"width":6.839999675750732},{"id":13803,"length":42.66592788696289,"open":true,"points":[[24030.355704276393,36.810420989990234,23592.23201402096],[24032.595373499,36.821962036956194,23589.470621858756],[24034.835042721603,36.83350308392215,23586.709229696546],[24037.074712544934,36.84504413398366,23583.947836793675],[24039.314381967783,36.85658518198147,23581.186444384584],[24041.554050990148,36.86812622791558,23578.42505246926],[24043.79372001251,36.87966727384969,23575.663660553942],[24046.033390636807,36.8912083280386,23572.90226666352],[24048.273059659175,36.90274937397271,23570.140874748202],[24050.512728681533,36.91429041990682,23567.379482832886],[24052.752399305835,36.92583147409572,23564.61808894246],[24054.992068328196,36.93737252002984,23561.856697027142],[24057.231738952498,36.94891357421875,23559.095303136724]],"width":6.839999675750732},{"id":12846,"length":67.05158233642578,"open":true,"points":[[23932.339416933068,36.665016174316406,23713.08084513701],[23935.859181175423,36.65745163008955,23708.74116439596],[23939.37894541778,36.64988708586271,23704.401483654918],[23942.898710289515,36.6423225402832,23700.061802137876],[23946.418475161256,36.6347579947037,23695.722120620834],[23949.938240032992,36.62719344912421,23691.38243910379],[23953.458003645967,36.61962890625,23687.04275913874],[23956.977767258937,36.61206436337579,23682.703079173683],[23960.497533389444,36.60449981509101,23678.36339610465],[23964.017297002418,36.5969352722168,23674.0237161396],[23967.53706313292,36.589370723932,23669.68403307057],[23971.056826745895,36.58180618105781,23665.34435310552],[23974.576590358865,36.574241638183594,23661.004673140465]],"width":6.839999675750732},{"id":13798,"length":43.819332122802734,"open":true,"points":[[23877.13575873594,35.95730972290039,23781.143998183044],[23879.435910818072,35.98679748731537,23778.308033895384],[23881.736062900203,36.01628525173035,23775.472069607724],[23884.036215187985,36.045773018781745,23772.63610506651],[23886.336367064465,36.07526078056031,23769.800141032407],[23888.63651811835,36.104748531793234,23766.964178012517],[23890.936670817424,36.13423630411746,23764.128212964195],[23893.236821871313,36.16372405535037,23761.29224994431],[23895.536973747792,36.19321181712894,23758.456285910204],[23897.837123979072,36.22269955781621,23755.62032390454],[23900.13727914595,36.25218736177738,23752.784355813554],[23902.43743266763,36.28167514464724,23749.94838975101],[23904.737587834505,36.3111629486084,23747.112421660026]],"width":6.839999675750732},{"id":12828,"length":75.30938720703125,"open":true,"points":[[24013.269180769486,37.10893249511719,23468.5038712713],[24017.222236280784,37.17088351506521,23463.62996560903],[24021.175291792086,37.23283453501325,23458.756059946758],[24025.128346596524,37.294785543883556,23453.88215515601],[24029.081402814685,37.35673657490929,23449.00824862222],[24033.034460446568,37.418687628090424,23444.134340345387],[24036.987515251003,37.48063863696075,23439.260435554635],[24040.94056864172,37.54258962367566,23434.386532506935],[24044.893619204988,37.60454056607978,23429.512632945316],[24048.846672595704,37.666491552794696,23424.638729897615],[24052.799725986417,37.728442539509615,23419.76482684991],[24056.752779377133,37.790393526224534,23414.890923802206],[24060.70583276785,37.85234451293945,23410.0170207545]],"width":11.699999809265137},{"id":12827,"length":85.33165740966797,"open":true,"points":[[23959.517111417277,36.91480255126953,23534.77729303977],[23963.99645106394,36.930980048518684,23529.254507234033],[23968.475790710603,36.94715754576782,23523.73172142829],[23972.955131959203,36.96333504880249,23518.20893364745],[23977.43447000393,36.979512540266114,23512.686149816807],[23981.91381125253,36.995690043300776,23507.16336203597],[23986.393149297255,37.011867534764406,23501.64057820533],[23990.872490545855,37.028045037799075,23496.117790424487],[23995.351834998328,37.04422255240479,23490.594998693443],[23999.831176246924,37.06040005543945,23485.072210912604],[24004.310511087777,37.076577535332035,23479.549431032166],[24008.789845928633,37.09275501522461,23474.026651151733],[24013.269180769486,37.10893249511719,23468.5038712713]],"width":11.699999809265137},{"id":13709,"length":44.274784088134766,"open":true,"points":[[23903.73799749975,37.11899185180664,23603.549952159276],[23906.0621266922,37.1104839663127,23600.68442537916],[23908.386255884645,37.10197608081876,23597.81889859904],[23910.71038424592,37.09346819836747,23594.953372843716],[23913.034513438368,37.084960312873534,23592.087846063598],[23915.35864346199,37.076452424336935,23589.222318258686],[23917.68277348561,37.067944535800336,23586.356790453774],[23920.006903509235,37.05943664726374,23583.491262648862],[23922.331034364022,37.05092875568449,23580.62573381916],[23924.655163556476,37.04242087019054,23577.760207039042],[23926.979294411267,37.03391297861128,23574.89467820934],[23929.303421941368,37.025405099202665,23572.02915347881],[23931.62755445851,37.016897201538086,23569.16362259952]],"width":11.699999809265137},{"id":12825,"length":67.05155181884766,"open":true,"points":[[23861.50082407395,37.06214904785156,23655.62612415582],[23865.020588945692,37.066885948745835,23651.28644263878],[23868.540353817425,37.071622849640114,23646.946761121733],[23872.06011994793,37.07635975222843,23642.607078052704],[23875.579883560906,37.08109665142865,23638.267398087653],[23879.099647173876,37.085833550628884,23633.9277181226],[23882.619413304386,37.0905704532172,23629.58803505357],[23886.139176917357,37.09530735241742,23625.248355088515],[23889.658940530328,37.10004425161765,23620.90867512346],[23893.1787041433,37.10478115081787,23616.56899515841],[23896.698467756272,37.109518050018096,23612.229315193363],[23900.218231369246,37.11425494921833,23607.889635228308],[23903.73799749975,37.11899185180664,23603.549952159276]],"width":11.699999809265137},{"id":12863,"length":95.55066680908203,"open":true,"points":[[23879.72899447735,33.08394241333008,23906.271273691305],[23884.744619889385,33.14690938084118,23900.087276268132],[23889.760245301415,33.20987634835229,23893.90327884496],[23894.775872507176,33.27284333838213,23887.719279210218],[23899.79149791921,33.33581030589323,23881.535281787044],[23904.807125124968,33.39877729592308,23875.3512821523],[23909.82275233073,33.46174428595293,23869.16728251756],[23914.83837953649,33.52471127598278,23862.983282882815],[23919.85400494852,33.587678243493876,23856.79928545964],[23924.86963394801,33.65064525604248,23850.615283613326],[23929.885259360042,33.713612223553575,23844.431286190156],[23934.90088835953,33.77657923610217,23838.24728434384],[23939.916513771564,33.83954620361328,23832.063286920667]],"width":11.699999809265137},{"id":13800,"length":43.81911087036133,"open":true,"points":[[23939.916513771564,33.83954620361328,23832.063286920667],[23942.216666059347,33.86660194235708,23829.227322379455],[23944.516818758428,33.89365768593882,23826.391357331126],[23946.816971046206,33.92071342468262,23823.555392789913],[23949.117122922686,33.94776915858847,23820.71942875581],[23951.417276444365,33.9748249118461,23817.883462693266],[23953.717428320848,34.00188064575195,23815.047498659158],[23956.017580197327,34.02893637965781,23812.211534625054],[23958.317733719006,34.055992132915435,23809.375568562507],[23960.617885595486,34.08304786682129,23806.539604528403],[23962.918037471965,34.11010360072714,23803.7036404943],[23965.218190993648,34.13715935398477,23800.867674431753],[23967.518342870128,34.164215087890625,23798.03171039765]],"width":11.699999809265137},{"id":12865,"length":67.05329895019531,"open":true,"points":[[23995.12017196869,34.48888397216797,23764.000133874633],[23998.639936211046,34.52957852438919,23759.660453133583],[24002.1597004534,34.57027307661041,23755.32077239254],[24005.679465325138,34.6109676361084,23750.9810908755],[24009.19923019688,34.65166219560638,23746.641409358457],[24012.718995068615,34.692356755104356,23742.30172784141],[24016.23875868159,34.73305130004883,23737.96204787636],[24019.758524812096,34.773745874100314,23733.62236480733],[24023.278288425066,34.814440419044786,23729.282684842274],[24026.79805455557,34.85513499309628,23724.943001773245],[24030.317818168543,34.89582953804075,23720.603321808194],[24033.837586816582,34.93652414119925,23716.263635635176],[24037.35734539449,34.97721862792969,23711.92396187809]],"width":11.699999809265137},{"id":13838,"length":44.27477264404297,"open":true,"points":[[24037.35734539449,34.97721862792969,23711.92396187809],[24039.68147521032,34.98487504346141,23709.058434329374],[24042.00560502615,34.99253145899314,23706.19290678066],[24044.329734218594,35.000187872471265,23703.327380000545],[24046.6538646578,35.0078442900566,23700.461851683238],[24048.977994681423,35.01550070627286,23697.596323878333],[24051.302123042693,35.02315711701283,23694.730798123004],[24053.62625306632,35.03081353322909,23691.865270318092],[24055.95038392111,35.038469952183505,23688.99974148839],[24058.274514775905,35.046126371137916,23686.134212658686],[24060.59864396836,35.05378278461603,23683.26868587857],[24062.9227731608,35.06143919809414,23680.403159098452],[24065.246900690905,35.06909560609597,23677.53763436792]],"width":11.699999809265137},{"id":13805,"length":42.66621017456055,"open":true,"points":[[24093.136459312016,35.160972595214844,23643.151302758582],[24095.376129135348,35.17807324931232,23640.389909855712],[24097.615798558192,35.19517390035196,23637.62851744662],[24099.85546878201,35.21227455750727,23634.86712404997],[24102.095137804376,35.22937520548908,23632.105732134652],[24104.334807627703,35.24647585958655,23629.344339231786],[24106.574476650065,35.26357650756836,23626.582947316467],[24108.814148876307,35.280677180012844,23623.821551450943],[24111.053817898668,35.29777782799465,23621.060159535624],[24113.293490124903,35.314878500439136,23618.298763670096],[24115.533159147268,35.33197914842094,23615.53737175478],[24117.772824965756,35.349079771940076,23612.775983789666],[24120.01249398812,35.366180419921875,23610.014591874347]],"width":11.699999809265137},{"id":12868,"length":75.3056869506836,"open":true,"points":[[24146.888528664225,35.571388244628906,23576.877880990112],[24150.8415827618,35.57266648602813,23572.003977070886],[24154.794636859377,35.573944727427374,23567.13007315166],[24158.747690956952,35.575222968826615,23562.256169232434],[24162.70074505453,35.576501210225835,23557.382265313205],[24166.653797031526,35.57777945093938,23552.50836400855],[24170.60685183596,35.579057692567176,23547.6344592178],[24174.55990805412,35.58033593465212,23542.760552684013],[24178.512961444838,35.58161417582277,23537.886649636308],[24182.466014835554,35.582892416993445,23533.012746588603],[24186.419073881156,35.58417065999265,23528.138836568723],[24190.372124444428,35.585448900249055,23523.264937007105],[24194.32518066259,35.586727142333984,23518.391030473314]],"width":11.699999809265137},{"id":12869,"length":83.66351318359375,"open":true,"points":[[24194.32518066259,35.586727142333984,23518.391030473314],[24198.716954492684,35.57106208754584,23512.976208628104],[24203.10872832277,35.555397032757696,23507.5613867829],[24207.500503330833,35.53973197376786,23502.146563485323],[24211.892277553576,35.52406691757915,23496.731741155996],[24216.284051776325,35.50840186139044,23491.316918826666],[24220.67582599907,35.49273680520173,23485.90209649733],[24225.0675986512,35.47707175461528,23480.487276104494],[24229.45937444457,35.46140669282431,23475.07245183867],[24233.851150237937,35.44574163103334,23469.65762757285],[24238.242922890066,35.430076580446894,23464.24280718001],[24242.63469240095,35.414411541064965,23458.827990660153],[24247.026465053077,35.398746490478516,23453.413170267315]],"width":11.699999809265137},{"id":12870,"length":100.1954345703125,"open":true,"points":[[24247.026465053077,35.398746490478516,23453.413170267315],[24252.285918425176,35.335856753700284,23446.92854603235],[24257.545371797274,35.27296701692205,23440.443921797392],[24262.804824699146,35.21007728576661,23433.959298142196],[24268.064278541475,35.1471875433656,23427.474673327466],[24273.323730502878,35.0842978234557,23420.990050831813],[24278.58318434521,35.02140808105469,23414.50542601708],[24283.84264006847,34.958518316162554,23408.020798883266],[24289.102092029872,34.895628596252664,23401.536176387614],[24294.36154399128,34.832738876342766,23395.051553891964],[24299.620995952682,34.76984915643288,23388.56693139631],[24304.880451675937,34.70695939154075,23382.082304262494],[24310.139903637344,34.64406967163086,23375.597681766845]],"width":11.699999809265137},{"id":13860,"length":47.774295806884766,"open":true,"points":[[23929.41423428668,32.499351501464844,23946.569245106493],[23931.922047665343,32.51656198552878,23943.47724556557],[23934.429861044006,32.533772469592726,23940.38524602464],[23936.93767509532,32.55098295827287,23937.29324565438],[23939.4454886982,32.568193443875536,23934.201245837008],[23941.95330230108,32.58540392947822,23931.109246019634],[23944.46111590396,32.60261441508089,23928.017246202264],[23946.968930403706,32.61982490683852,23924.925245279108],[23949.476744903448,32.63703539859615,23921.83324435595],[23951.984557609467,32.65424587804387,23918.741245644364],[23954.49236852175,32.67145634518169,23915.64924914435],[23957.000183021497,32.68866683693932,23912.557248221194],[23959.507993933785,32.70587730407715,23909.465251721176]],"width":13.199999809265137},{"id":12885,"length":67.05479431152344,"open":true,"points":[[24044.80541177802,33.62478256225586,23804.29810528982],[24048.325176020375,33.68003781307209,23799.95842454877],[24051.84494026273,33.73529306388832,23795.61874380773],[24055.364705134467,33.79054832458496,23791.279062290687],[24058.88446874744,33.84580356552078,23786.939382325632],[24062.404233619178,33.90105882621742,23782.59970080859],[24065.923998490918,33.95631408691406,23778.26001929155],[24069.44376210389,34.011569327849884,23773.920339326494],[24072.963525716863,34.0668245687857,23769.580659361447],[24076.483289329833,34.12207980972153,23765.240979396396],[24080.00305546034,34.17733509017898,23760.901296327364],[24083.52281403825,34.23259025207154,23756.561622570272],[24087.042585203817,34.287845611572266,23752.221933293276]],"width":13.199999809265137},{"id":13840,"length":44.27477264404297,"open":true,"points":[[24087.042585203817,34.287845611572266,23752.221933293276],[24089.36671522744,34.29522260118051,23749.356405488365],[24091.690845251058,34.30259959078876,23746.490877683453],[24094.014974443508,34.30997657775879,23743.625350903334],[24096.339105298302,34.31735357000525,23740.759822073633],[24098.663234490752,34.32473055697528,23737.89429529352],[24100.98736285202,34.332107541307096,23735.028769538192],[24103.311492875648,34.33948453091534,23732.16324173328],[24105.63562373044,34.3468615231618,23729.29771290358],[24107.959754585234,34.35423851540827,23726.432184073874],[24110.283883777687,34.3616155023783,23723.56665729376],[24112.60801297013,34.36899248934833,23720.70113051364],[24114.932140500234,34.376369471041926,23717.835605783108]],"width":13.199999809265137}],"pauseMenu":false,"pedestrians":{"completed":0,"drawCalls":4,"population":10000,"renderMs":1.246,"ridingCar":0,"ridingTrain":0,"updateMs":0.976,"visible":177,"waitingCar":0,"waitingTrain":0,"walking":341},"plans":0,"population":233146,"railway":{"depots":0,"edgeCount":1269,"editorVisible":false,"lines":[{"enabled":true,"first":480,"id":0,"interval":270.0,"last":1380,"name":"汐淵・鵜池線","next":270.0,"stops":[17680,17681]},{"enabled":true,"first":480,"id":1,"interval":1380.0,"last":1380,"name":"鵜池・常宮線","next":1440.0,"stops":[17681,17743]},{"enabled":true,"first":480,"id":2,"interval":210.0,"last":1380,"name":"常宮・網瀬洗線","next":210.0,"stops":[17743,18160]},{"enabled":true,"first":480,"id":3,"interval":1140.0,"last":1380,"name":"網瀬洗・葦草第3地区線","next":1440.0,"stops":[18160,18212]},{"enabled":true,"first":480,"id":4,"interval":120.0,"last":1380,"name":"葦草第3地区・葦草線","next":120.0,"stops":[18212,18559]},{"enabled":true,"first":480,"id":5,"interval":150.0,"last":1380,"name":"葦草第3地区・葦草第2地区線","next":150.0,"stops":[18212,18574]},{"enabled":true,"first":480,"id":6,"interval":210.0,"last":1380,"name":"葦草第3地区・秋神線","next":210.0,"stops":[18212,18602]},{"enabled":true,"first":480,"id":7,"interval":990.0,"last":1380,"name":"葦草第2地区・玉寺線","next":1440.0,"stops":[18574,18654]}],"message":"","stations":[{"id":17680,"name":"汐淵","position":[62375.3517339767,52.0,53503.86182038857]},{"id":17681,"name":"鵜池","position":[58668.00913071976,43.0,52852.76884116136]},{"id":17743,"name":"常宮","position":[48529.05328003586,69.5,30835.606379331177]},{"id":18160,"name":"網瀬洗","position":[45508.17318802182,48.5,30061.235276059448]},{"id":18212,"name":"葦草第3地区","position":[24688.427373988667,52.0,22959.968090410068]},{"id":18559,"name":"葦草","position":[24090.089516332482,57.0,23697.686613220016]},{"id":18574,"name":"葦草第2地区","position":[23546.43567707546,44.5,24367.98267101535]},{"id":18602,"name":"秋神","position":[23495.00371227449,64.0,19984.44194673403]},{"id":18654,"name":"玉寺","position":[16738.027409982784,50.0,43665.12840887711]}],"trains":[{"id":0,"line":0,"passengers":0,"position":[62364.64445286007,52.0,53462.17735144537],"speed":2.3999998569488525,"state":0,"stopIndex":1},{"id":1,"line":1,"passengers":0,"position":[58589.384874759184,42.652380563843955,52879.41532842659],"speed":2.3999998569488525,"state":0,"stopIndex":1},{"id":2,"line":2,"passengers":0,"position":[48499.05821813552,69.5,30866.4695788021],"speed":2.3999998569488525,"state":0,"stopIndex":1},{"id":3,"line":3,"passengers":0,"position":[45444.70614344761,48.21896940503315,30007.719917036047],"speed":2.3999998569488525,"state":0,"stopIndex":1},{"id":4,"line":4,"passengers":0,"position":[24659.942770952694,52.0,22992.230579617677],"speed":2.3999998569488525,"state":0,"stopIndex":1},{"id":5,"line":5,"passengers":0,"position":[24659.942770952694,52.0,22992.230579617677],"speed":2.3999998569488525,"state":0,"stopIndex":1},{"id":6,"line":6,"passengers":0,"position":[24716.91197702464,52.0,22927.70560120246],"speed":2.3999998569488525,"state":0,"stopIndex":1},{"id":7,"line":7,"passengers":0,"position":[23492.755045342943,44.253786619728,24431.31051373995],"speed":2.3999998569488525,"state":0,"stopIndex":1}]},"renderMs":8628.761,"selectionId":-1,"selectionKind":0,"signalsMs":0.796,"sound":{"enginePitch":1.0,"enginePlaying":false,"events":0,"outputPeak":0.0,"volume":0.6},"textInput":false,"timeSpeed":0,"townLabels":[],"traffic":{"accessPoints":22248,"cars":616,"completed":0,"localCars":616,"localTarget":2400,"routeFailures":0,"spawned":616,"stopped":38,"updateMs":2.178336},"zone":2,"zoneBrush":1,"zoneCells":[{"angle":0.0,"building":0,"builtAt":0.0,"edge":-1,"offsetX":0.0,"offsetZ":0.0,"x":24120.0,"z":23640.0,"zone":4},{"angle":0.0,"building":0,"builtAt":0.0,"edge":-1,"offsetX":0.0,"offsetZ":0.0,"x":24136.0,"z":23640.0,"zone":4},{"angle":0.0,"building":0,"builtAt":0.0,"edge":-1,"offsetX":0.0,"offsetZ":0.0,"x":24152.0,"z":23640.0,"zone":4},{"angle":0.0,"building":0,"builtAt":0.0,"edge":-1,"offsetX":0.0,"offsetZ":0.0,"x":24168.0,"z":23640.0,"zone":4},{"angle":0.0,"building":0,"builtAt":0.0,"edge":-1,"offsetX":0.0,"offsetZ":0.0,"x":24184.0,"z":23640.0,"zone":4},{"angle":0.0,"building":0,"builtAt":0.0,"edge":-1,"offsetX":0.0,"offsetZ":0.0,"x":24200.0,"z":23640.0,"zone":4},{"angle":0.6814517378807068,"building":3,"builtAt":0.0,"edge":13314,"offsetX":-6.154789924621582,"offsetZ":2.631941318511963,"x":24216.0,"z":23640.0,"zone":4},{"angle":-2.4601409435272217,"building":5,"builtAt":0.0,"edge":13314,"offsetX":1.7993983030319214,"offsetZ":-6.419382572174072,"x":24232.0,"z":23640.0,"zone":4},{"angle":-2.4601409435272217,"building":2,"builtAt":0.0,"edge":13314,"offsetX":-4.645404815673828,"offsetZ":2.2820231914520264,"x":24248.0,"z":23640.0,"zone":3},{"angle":2.2522480487823486,"building":2,"builtAt":0.0,"edge":12908,"offsetX":-0.9939571022987366,"offsetZ":-0.4058094918727875,"x":24264.0,"z":23640.0,"zone":3},{"angle":-0.8893446326255798,"building":22,"builtAt":0.0,"edge":12908,"offsetX":7.369441032409668,"offsetZ":2.337386131286621,"x":24280.0,"z":23640.0,"zone":3},{"angle":-0.8893446326255798,"building":1,"builtAt":0.0,"edge":12908,"offsetX":7.765885353088379,"offsetZ":-1.3827219009399414,"x":24296.0,"z":23640.0,"zone":3},{"angle":0.681451678276062,"building":22,"builtAt":0.0,"edge":13331,"offsetX":6.7182936668396,"offsetZ":-6.901335716247559,"x":24312.0,"z":23640.0,"zone":3},{"angle":0.6814517378807068,"building":22,"builtAt":0.0,"edge":13331,"offsetX":4.2420973777771,"offsetZ":4.102306365966797,"x":24328.0,"z":23640.0,"zone":3},{"angle":0.0,"building":0,"builtAt":0.0,"edge":-1,"offsetX":0.0,"offsetZ":0.0,"x":24344.0,"z":23640.0,"zone":3},{"angle":0.0,"building":0,"builtAt":0.0,"edge":-1,"offsetX":0.0,"offsetZ":0.0,"x":24360.0,"z":23640.0,"zone":3},{"angle":-2.4601409435272217,"building":1,"builtAt":0.0,"edge":13332,"offsetX":4.055675029754639,"offsetZ":3.697913408279419,"x":24376.0,"z":23640.0,"zone":3},{"angle":0.0,"building":0,"builtAt":0.0,"edge":-1,"offsetX":0.0,"offsetZ":0.0,"x":24120.0,"z":23656.0,"zone":4},{"angle":0.0,"building":0,"builtAt":0.0,"edge":-1,"offsetX":0.0,"offsetZ":0.0,"x":24136.0,"z":23656.0,"zone":4},{"angle":0.0,"building":0,"builtAt":0.0,"edge":-1,"offsetX":0.0,"offsetZ":0.0,"x":24152.0,"z":23656.0,"zone":4},{"angle":0.0,"building":0,"builtAt":0.0,"edge":-1,"offsetX":0.0,"offsetZ":0.0,"x":24168.0,"z":23656.0,"zone":4},{"angle":0.0,"building":0,"builtAt":0.0,"edge":-1,"offsetX":0.0,"offsetZ":0.0,"x":24184.0,"z":23656.0,"zone":4},{"angle":0.0,"building":0,"builtAt":0.0,"edge":-1,"offsetX":0.0,"offsetZ":0.0,"x":24200.0,"z":23656.0,"zone":4},{"angle":0.0,"building":0,"builtAt":0.0,"edge":-1,"offsetX":0.0,"offsetZ":0.0,"x":24216.0,"z":23656.0,"zone":4},{"angle":0.6814517378807068,"building":6,"builtAt":0.0,"edge":13314,"offsetX":-2.1298155784606934,"offsetZ":2.907579183578491,"x":24232.0,"z":23656.0,"zone":4},{"angle":-2.4601409435272217,"building":1,"builtAt":0.0,"edge":13314,"offsetX":4.912838459014893,"offsetZ":-5.019872188568115,"x":24248.0,"z":23656.0,"zone":3},{"angle":-0.8893446326255798,"building":22,"builtAt":0.0,"edge":12908,"offsetX":6.674298286437988,"offsetZ":6.832339286804199,"x":24264.0,"z":23656.0,"zone":3},{"angle":-0.8893446326255798,"building":1,"builtAt":0.0,"edge":12908,"offsetX":-2.0072314739227295,"offsetZ":-4.2505974769592285,"x":24280.0,"z":23656.0,"zone":3},{"angle":-0.8893446326255798,"building":2,"builtAt":0.0,"edge":12908,"offsetX":0.8446816802024841,"offsetZ":-5.977575778961182,"x":24296.0,"z":23656.0,"zone":3},{"angle":2.2522480487823486,"building":2,"builtAt":0.0,"edge":12932,"offsetX":-5.701622486114502,"offsetZ":1.6881537437438965,"x":24312.0,"z":23656.0,"zone":3},{"angle":0.0,"building":0,"builtAt":0.0,"edge":-1,"offsetX":0.0,"offsetZ":0.0,"x":24328.0,"z":23656.0,"zone":3},{"angle":0.0,"building":0,"builtAt":0.0,"edge":-1,"offsetX":0.0,"offsetZ":0.0,"x":24344.0,"z":23656.0,"zone":3},{"angle":0.0,"building":0,"builtAt":0.0,"edge":-1,"offsetX":0.0,"offsetZ":0.0,"x":24360.0,"z":23656.0,"zone":3},{"angle":-2.4601409435272217,"building":1,"builtAt":0.0,"edge":13332,"offsetX":-2.369521141052246,"offsetZ":-4.38016414642334,"x":24376.0,"z":23656.0,"zone":3},{"angle":0.0,"building":0,"builtAt":0.0,"edge":-1,"offsetX":0.0,"offsetZ":0.0,"x":24120.0,"z":23672.0,"zone":0},{"angle":0.0,"building":0,"builtAt":0.0,"edge":-1,"offsetX":0.0,"offsetZ":0.0,"x":24136.0,"z":23672.0,"zone":4},{"angle":0.0,"building":0,"builtAt":0.0,"edge":-1,"offsetX":0.0,"offsetZ":0.0,"x":24152.0,"z":23672.0,"zone":4},{"angle":0.0,"building":0,"builtAt":0.0,"edge":-1,"offsetX":0.0,"offsetZ":0.0,"x":24168.0,"z":23672.0,"zone":4},{"angle":0.0,"building":0,"builtAt":0.0,"edge":-1,"offsetX":0.0,"offsetZ":0.0,"x":24184.0,"z":23672.0,"zone":4},{"angle":0.0,"building":0,"builtAt":0.0,"edge":-1,"offsetX":0.0,"offsetZ":0.0,"x":24200.0,"z":23672.0,"zone":4},{"angle":0.0,"building":0,"builtAt":0.0,"edge":-1,"offsetX":0.0,"offsetZ":0.0,"x":24216.0,"z":23672.0,"zone":4},{"angle":0.0,"building":0,"builtAt":0.0,"edge":-1,"offsetX":0.0,"offsetZ":0.0,"x":24232.0,"z":23672.0,"zone":4},{"angle":0.0,"building":0,"builtAt":0.0,"edge":-1,"offsetX":0.0,"offsetZ":0.0,"x":24248.0,"z":23672.0,"zone":4},{"angle":0.681451678276062,"building":2,"builtAt":0.0,"edge":13315,"offsetX":-6.2566328048706055,"offsetZ":7.641294956207275,"x":24264.0,"z":23672.0,"zone":3},{"angle":-2.4601409435272217,"building":2,"builtAt":0.0,"edge":13315,"offsetX":4.3646721839904785,"offsetZ":3.455223321914673,"x":24280.0,"z":23672.0,"zone":3},{"angle":-2.4601409435272217,"building":2,"builtAt":0.0,"edge":13315,"offsetX":-4.265249729156494,"offsetZ":-5.631687641143799,"x":24296.0,"z":23672.0,"zone":3},{"angle":2.2522480487823486,"building":22,"builtAt":0.0,"edge":12932,"offsetX":3.77361798286438,"offsetZ":-6.626807689666748,"x":24312.0,"z":23672.0,"zone":3},{"angle":0.0,"building":0,"builtAt":0.0,"edge":-1,"offsetX":0.0,"offsetZ":0.0,"x":24328.0,"z":23672.0,"zone":3},{"angle":0.0,"building":0,"builtAt":0.0,"edge":-1,"offsetX":0.0,"offsetZ":0.0,"x":24344.0,"z":23672.0,"zone":3},{"angle":-0.8893446326255798,"building":2,"builtAt":0.0,"edge":12932,"offsetX":-4.96362829208374,"offsetZ":0.1304757297039032,"x":24360.0,"z":23672.0,"zone":3},{"angle":0.6814517378807068,"building":5,"builtAt":0.0,"edge":13332,"offsetX":-2.546783685684204,"offsetZ":5.799036502838135,"x":24376.0,"z":23672.0,"zone":3},{"angle":0.0,"building":0,"builtAt":0.0,"edge":-1,"offsetX":0.0,"offsetZ":0.0,"x":24120.0,"z":23688.0,"zone":0},{"angle":0.0,"building":0,"builtAt":0.0,"edge":-1,"offsetX":0.0,"offsetZ":0.0,"x":24136.0,"z":23688.0,"zone":0},{"angle":0.0,"building":0,"builtAt":0.0,"edge":-1,"offsetX":0.0,"offsetZ":0.0,"x":24152.0,"z":23688.0,"zone":4},{"angle":-2.4601409435272217,"building":4,"builtAt":0.0,"edge":13297,"offsetX":3.924286365509033,"offsetZ":0.052965693175792694,"x":24168.0,"z":23688.0,"zone":4},{"angle":0.0,"building":0,"builtAt":0.0,"edge":-1,"offsetX":0.0,"offsetZ":0.0,"x":24184.0,"z":23688.0,"zone":4},{"angle":0.0,"building":0,"builtAt":0.0,"edge":-1,"offsetX":0.0,"offsetZ":0.0,"x":24200.0,"z":23688.0,"zone":4},{"angle":0.0,"building":0,"builtAt":0.0,"edge":-1,"offsetX":0.0,"offsetZ":0.0,"x":24216.0,"z":23688.0,"zone":4},{"angle":2.2522480487823486,"building":3,"builtAt":0.0,"edge":13917,"offsetX":-5.8597187995910645,"offsetZ":-5.19177770614624,"x":24232.0,"z":23688.0,"zone":4},{"angle":0.0,"building":0,"builtAt":0.0,"edge":-1,"offsetX":0.0,"offsetZ":0.0,"x":24248.0,"z":23688.0,"zone":4},{"angle":0.681451678276062,"building":1,"builtAt":0.0,"edge":13315,"offsetX":8.20810604095459,"offsetZ":2.443617820739746,"x":24264.0,"z":23688.0,"zone":3},{"angle":0.0,"building":0,"builtAt":0.0,"edge":-1,"offsetX":0.0,"offsetZ":0.0,"x":24280.0,"z":23688.0,"zone":3},{"angle":-2.4601409435272217,"building":22,"builtAt":0.0,"edge":13315,"offsetX":2.7603297233581543,"offsetZ":-1.6592320203781128,"x":24296.0,"z":23688.0,"zone":3},{"angle":0.0,"building":0,"builtAt":0.0,"edge":-1,"offsetX":0.0,"offsetZ":0.0,"x":24312.0,"z":23688.0,"zone":3},{"angle":0.0,"building":0,"builtAt":0.0,"edge":-1,"offsetX":0.0,"offsetZ":0.0,"x":24328.0,"z":23688.0,"zone":3},{"angle":-0.8893446326255798,"building":5,"builtAt":0.0,"edge":12932,"offsetX":-0.6748335361480713,"offsetZ":-0.2807047367095947,"x":24344.0,"z":23688.0,"zone":3},{"angle":0.0,"building":0,"builtAt":0.0,"edge":-1,"offsetX":0.0,"offsetZ":0.0,"x":24360.0,"z":23688.0,"zone":3},{"angle":0.0,"building":0,"builtAt":0.0,"edge":-1,"offsetX":0.0,"offsetZ":0.0,"x":24376.0,"z":23688.0,"zone":3},{"angle":0.0,"building":0,"builtAt":0.0,"edge":-1,"offsetX":0.0,"offsetZ":0.0,"x":24120.0,"z":23704.0,"zone":0},{"angle":0.0,"building":0,"builtAt":0.0,"edge":-1,"offsetX":0.0,"offsetZ":0.0,"x":24136.0,"z":23704.0,"zone":4},{"angle":0.0,"building":0,"builtAt":0.0,"edge":-1,"offsetX":0.0,"offsetZ":0.0,"x":24152.0,"z":23704.0,"zone":4},{"angle":0.0,"building":0,"builtAt":0.0,"edge":-1,"offsetX":0.0,"offsetZ":0.0,"x":24168.0,"z":23704.0,"zone":4},{"angle":0.0,"building":0,"builtAt":0.0,"edge":-1,"offsetX":0.0,"offsetZ":0.0,"x":24184.0,"z":23704.0,"zone":4},{"angle":0.0,"building":0,"builtAt":0.0,"edge":-1,"offsetX":0.0,"offsetZ":0.0,"x":24200.0,"z":23704.0,"zone":4},{"angle":2.2522480487823486,"building":5,"builtAt":0.0,"edge":13916,"offsetX":-2.0915510654449463,"offsetZ":-4.87722110748291,"x":24216.0,"z":23704.0,"zone":4},{"angle":0.6814517378807068,"building":5,"builtAt":0.0,"edge":13920,"offsetX":-1.634013295173645,"offsetZ":8.299647331237793,"x":24232.0,"z":23704.0,"zone":4},{"angle":-2.4601409435272217,"building":5,"builtAt":0.0,"edge":13920,"offsetX":-5.114144802093506,"offsetZ":-7.136678695678711,"x":24248.0,"z":23704.0,"zone":4},{"angle":-2.4601409435272217,"building":1,"builtAt":0.0,"edge":13920,"offsetX":-7.655171871185303,"offsetZ":5.670788288116455,"x":24264.0,"z":23704.0,"zone":3},{"angle":2.2522480487823486,"building":1,"builtAt":0.0,"edge":13919,"offsetX":-0.2724016010761261,"offsetZ":8.086161613464355,"x":24280.0,"z":23704.0,"zone":3},{"angle":0.0,"building":0,"builtAt":0.0,"edge":-1,"offsetX":0.0,"offsetZ":0.0,"x":24296.0,"z":23704.0,"zone":3},{"angle":0.0,"building":0,"builtAt":0.0,"edge":-1,"offsetX":0.0,"offsetZ":0.0,"x":24312.0,"z":23704.0,"zone":3},{"angle":-0.8893445730209351,"building":2,"builtAt":0.0,"edge":12932,"offsetX":2.4476945400238037,"offsetZ":-1.6342653036117554,"x":24328.0,"z":23704.0,"zone":3},{"angle":-2.4601409435272217,"building":22,"builtAt":0.0,"edge":13316,"offsetX":3.705528974533081,"offsetZ":5.544941425323486,"x":24344.0,"z":23704.0,"zone":3},{"angle":-2.4601409435272217,"building":22,"builtAt":0.0,"edge":13316,"offsetX":-4.294471740722656,"offsetZ":-4.318628787994385,"x":24360.0,"z":23704.0,"zone":3},{"angle":2.2522480487823486,"building":1,"builtAt":0.0,"edge":12956,"offsetX":0.7640894055366516,"offsetZ":-0.11544811725616455,"x":24376.0,"z":23704.0,"zone":3},{"angle":0.0,"building":0,"builtAt":0.0,"edge":-1,"offsetX":0.0,"offsetZ":0.0,"x":24120.0,"z":23720.0,"zone":4},{"angle":0.0,"building":0,"builtAt":0.0,"edge":-1,"offsetX":0.0,"offsetZ":0.0,"x":24136.0,"z":23720.0,"zone":4},{"angle":0.0,"building":0,"builtAt":0.0,"edge":-1,"offsetX":0.0,"offsetZ":0.0,"x":24152.0,"z":23720.0,"zone":4},{"angle":0.6814517378807068,"building":3,"builtAt":0.0,"edge":13297,"offsetX":-5.06278133392334,"offsetZ":-1.243548035621643,"x":24168.0,"z":23720.0,"zone":4},{"angle":0.0,"building":0,"builtAt":0.0,"edge":-1,"offsetX":0.0,"offsetZ":0.0,"x":24184.0,"z":23720.0,"zone":4},{"angle":-2.4601409435272217,"building":5,"builtAt":0.0,"edge":13297,"offsetX":0.2806078791618347,"offsetZ":-8.037710189819336,"x":24200.0,"z":23720.0,"zone":4},{"angle":0.0,"building":0,"builtAt":0.0,"edge":-1,"offsetX":0.0,"offsetZ":0.0,"x":24216.0,"z":23720.0,"zone":4},{"angle":0.0,"building":0,"builtAt":0.0,"edge":-1,"offsetX":0.0,"offsetZ":0.0,"x":24232.0,"z":23720.0,"zone":4},{"angle":0.681451678276062,"building":6,"builtAt":0.0,"edge":13920,"offsetX":-3.741565465927124,"offsetZ":4.572664737701416,"x":24248.0,"z":23720.0,"zone":4},{"angle":-2.4601409435272217,"building":2,"builtAt":0.0,"edge":13920,"offsetX":7.220584869384766,"offsetZ":0.729030430316925,"x":24264.0,"z":23720.0,"zone":3},{"angle":0.0,"building":0,"builtAt":0.0,"edge":-1,"offsetX":0.0,"offsetZ":0.0,"x":24280.0,"z":23720.0,"zone":3},{"angle":0.0,"building":0,"builtAt":0.0,"edge":-1,"offsetX":0.0,"offsetZ":0.0,"x":24296.0,"z":23720.0,"zone":3},{"angle":0.0,"building":0,"builtAt":0.0,"edge":-1,"offsetX":0.0,"offsetZ":0.0,"x":24312.0,"z":23720.0,"zone":3},{"angle":0.0,"building":0,"builtAt":0.0,"edge":-1,"offsetX":0.0,"offsetZ":0.0,"x":24328.0,"z":23720.0,"zone":3},{"angle":-2.4601409435272217,"building":22,"builtAt":0.0,"edge":13316,"offsetX":-4.294470310211182,"offsetZ":-0.5914881825447083,"x":24344.0,"z":23720.0,"zone":3},{"angle":2.2522480487823486,"building":1,"builtAt":0.0,"edge":12956,"offsetX":6.0577712059021,"offsetZ":-2.885031223297119,"x":24360.0,"z":23720.0,"zone":3},{"angle":0.0,"building":0,"builtAt":0.0,"edge":-1,"offsetX":0.0,"offsetZ":0.0,"x":24376.0,"z":23720.0,"zone":3},{"angle":0.0,"building":0,"builtAt":0.0,"edge":-1,"offsetX":0.0,"offsetZ":0.0,"x":24120.0,"z":23736.0,"zone":4},{"angle":0.6814517378807068,"building":3,"builtAt":0.0,"edge":13867,"offsetX":-7.419148921966553,"offsetZ":6.490680694580078,"x":24136.0,"z":23736.0,"zone":4},{"angle":-2.4601409435272217,"building":5,"builtAt":0.0,"edge":13867,"offsetX":-0.24337363243103027,"offsetZ":-0.9350773096084595,"x":24152.0,"z":23736.0,"zone":4},{"angle":-2.4601409435272217,"building":3,"builtAt":0.0,"edge":13867,"offsetX":-5.412522315979004,"offsetZ":6.861746788024902,"x":24168.0,"z":23736.0,"zone":4},{"angle":0.6814517378807068,"building":4,"builtAt":0.0,"edge":13297,"offsetX":-1.8821852207183838,"offsetZ":-1.6439602375030518,"x":24184.0,"z":23736.0,"zone":4},{"angle":0.0,"building":0,"builtAt":0.0,"edge":-1,"offsetX":0.0,"offsetZ":0.0,"x":24200.0,"z":23736.0,"zone":4},{"angle":-2.4601409435272217,"building":5,"builtAt":0.0,"edge":13298,"offsetX":5.143284320831299,"offsetZ":-7.1722412109375,"x":24216.0,"z":23736.0,"zone":4},{"angle":-2.460233211517334,"building":3,"builtAt":0.0,"edge":13298,"offsetX":2.5121841430664063,"offsetZ":2.666759967803955,"x":24232.0,"z":23736.0,"zone":4},{"angle":0.0,"building":0,"builtAt":0.0,"edge":-1,"offsetX":0.0,"offsetZ":0.0,"x":24248.0,"z":23736.0,"zone":4},{"angle":0.6814517378807068,"building":2,"builtAt":0.0,"edge":13920,"offsetX":-4.435221195220947,"offsetZ":-0.899985134601593,"x":24264.0,"z":23736.0,"zone":3},{"angle":0.0,"building":0,"builtAt":0.0,"edge":-1,"offsetX":0.0,"offsetZ":0.0,"x":24280.0,"z":23736.0,"zone":3},{"angle":-2.4601409435272217,"building":1,"builtAt":0.0,"edge":13968,"offsetX":2.2388463020324707,"offsetZ":7.524049758911133,"x":24296.0,"z":23736.0,"zone":3},{"angle":-0.8893445730209351,"building":22,"builtAt":0.0,"edge":13919,"offsetX":-6.010221481323242,"offsetZ":-2.613496780395508,"x":24312.0,"z":23736.0,"zone":3},{"angle":0.6814517378807068,"building":12,"builtAt":0.0,"edge":13316,"offsetX":-2.7718558311462402,"offsetZ":1.2583520412445068,"x":24328.0,"z":23736.0,"zone":4},{"angle":0.0,"building":0,"builtAt":0.0,"edge":-1,"offsetX":0.0,"offsetZ":0.0,"x":24344.0,"z":23736.0,"zone":3},{"angle":2.2522480487823486,"building":1,"builtAt":0.0,"edge":12956,"offsetX":-4.649094581604004,"offsetZ":-5.657011032104492,"x":24360.0,"z":23736.0,"zone":3},{"angle":-0.8893445730209351,"building":22,"builtAt":0.0,"edge":12956,"offsetX":5.839900016784668,"offsetZ":-6.084694862365723,"x":24376.0,"z":23736.0,"zone":3},{"angle":-2.4601409435272217,"building":3,"builtAt":0.0,"edge":13279,"offsetX":-3.748300790786743,"offsetZ":6.224560260772705,"x":24120.0,"z":23752.0,"zone":4},{"angle":0.6814517378807068,"building":5,"builtAt":0.0,"edge":13867,"offsetX":3.3918111324310303,"offsetZ":-1.6899226903915405,"x":24136.0,"z":23752.0,"zone":4},{"angle":0.0,"building":0,"builtAt":0.0,"edge":-1,"offsetX":0.0,"offsetZ":0.0,"x":24152.0,"z":23752.0,"zone":4},{"angle":0.0,"building":0,"builtAt":0.0,"edge":-1,"offsetX":0.0,"offsetZ":0.0,"x":24168.0,"z":23752.0,"zone":4},{"angle":0.0,"building":0,"builtAt":0.0,"edge":-1,"offsetX":0.0,"offsetZ":0.0,"x":24184.0,"z":23752.0,"zone":4},{"angle":0.681451678276062,"building":3,"builtAt":0.0,"edge":13298,"offsetX":2.926199197769165,"offsetZ":-0.7115504145622253,"x":24200.0,"z":23752.0,"zone":4},{"angle":0.0,"building":0,"builtAt":0.0,"edge":-1,"offsetX":0.0,"offsetZ":0.0,"x":24216.0,"z":23752.0,"zone":4},{"angle":0.0,"building":0,"builtAt":0.0,"edge":-1,"offsetX":0.0,"offsetZ":0.0,"x":24232.0,"z":23752.0,"zone":4},{"angle":-2.4601409435272217,"building":1,"builtAt":0.0,"edge":13298,"offsetX":-2.0073091983795166,"offsetZ":-1.165961503982544,"x":24248.0,"z":23752.0,"zone":3},{"angle":0.0,"building":0,"builtAt":0.0,"edge":-1,"offsetX":0.0,"offsetZ":0.0,"x":24264.0,"z":23752.0,"zone":3},{"angle":0.0,"building":0,"builtAt":0.0,"edge":-1,"offsetX":0.0,"offsetZ":0.0,"x":24280.0,"z":23752.0,"zone":3},{"angle":0.0,"building":0,"builtAt":0.0,"edge":-1,"offsetX":0.0,"offsetZ":0.0,"x":24296.0,"z":23752.0,"zone":3},{"angle":-2.4601409435272217,"building":3,"builtAt":0.0,"edge":13968,"offsetX":1.053743839263916,"offsetZ":0.6007509827613831,"x":24312.0,"z":23752.0,"zone":3},{"angle":0.0,"building":0,"builtAt":0.0,"edge":-1,"offsetX":0.0,"offsetZ":0.0,"x":24328.0,"z":23752.0,"zone":3},{"angle":2.2522480487823486,"building":2,"builtAt":0.0,"edge":13967,"offsetX":-4.315062999725342,"offsetZ":-3.4956400394439697,"x":24344.0,"z":23752.0,"zone":3},{"angle":0.0,"building":0,"builtAt":0.0,"edge":-1,"offsetX":0.0,"offsetZ":0.0,"x":24360.0,"z":23752.0,"zone":3},{"angle":0.0,"building":0,"builtAt":0.0,"edge":-1,"offsetX":0.0,"offsetZ":0.0,"x":24376.0,"z":23752.0,"zone":3},{"angle":0.0,"building":0,"builtAt":0.0,"edge":-1,"offsetX":0.0,"offsetZ":0.0,"x":24120.0,"z":23768.0,"zone":4},{"angle":-2.4601409435272217,"building":3,"builtAt":0.0,"edge":13279,"offsetX":-0.5094721913337708,"offsetZ":5.790102958679199,"x":24136.0,"z":23768.0,"zone":4},{"angle":2.2522480487823486,"building":5,"builtAt":0.0,"edge":13865,"offsetX":7.266846179962158,"offsetZ":-1.4373905658721924,"x":24152.0,"z":23768.0,"zone":4},{"angle":0.0,"building":0,"builtAt":0.0,"edge":-1,"offsetX":0.0,"offsetZ":0.0,"x":24168.0,"z":23768.0,"zone":4},{"angle":0.0,"building":0,"builtAt":0.0,"edge":-1,"offsetX":0.0,"offsetZ":0.0,"x":24184.0,"z":23768.0,"zone":4},{"angle":-2.4601409435272217,"building":6,"builtAt":0.0,"edge":13915,"offsetX":-1.9083874225616455,"offsetZ":3.561483383178711,"x":24200.0,"z":23768.0,"zone":4},{"angle":0.6815438866615295,"building":3,"builtAt":0.0,"edge":13298,"offsetX":-0.21514147520065308,"offsetZ":-6.243448257446289,"x":24216.0,"z":23768.0,"zone":4},{"angle":0.681451678276062,"building":5,"builtAt":0.0,"edge":13298,"offsetX":-2.885098934173584,"offsetZ":3.6434497833251953,"x":24232.0,"z":23768.0,"zone":4},{"angle":0.0,"building":0,"builtAt":0.0,"edge":-1,"offsetX":0.0,"offsetZ":0.0,"x":24248.0,"z":23768.0,"zone":3},{"angle":0.0,"building":0,"builtAt":0.0,"edge":-1,"offsetX":0.0,"offsetZ":0.0,"x":24264.0,"z":23768.0,"zone":3},{"angle":-0.8893445730209351,"building":2,"builtAt":0.0,"edge":13918,"offsetX":-1.1191508769989014,"offsetZ":-2.1868975162506104,"x":24280.0,"z":23768.0,"zone":3},{"angle":0.6814517378807068,"building":22,"builtAt":0.0,"edge":13968,"offsetX":3.9528307914733887,"offsetZ":0.7534745335578918,"x":24296.0,"z":23768.0,"zone":3},{"angle":0.0,"building":0,"builtAt":0.0,"edge":-1,"offsetX":0.0,"offsetZ":0.0,"x":24312.0,"z":23768.0,"zone":3},{"angle":2.2522480487823486,"building":22,"builtAt":0.0,"edge":13967,"offsetX":-0.9848089218139648,"offsetZ":-4.811123847961426,"x":24328.0,"z":23768.0,"zone":3},{"angle":0.0,"building":0,"builtAt":0.0,"edge":-1,"offsetX":0.0,"offsetZ":0.0,"x":24344.0,"z":23768.0,"zone":3},{"angle":-0.8893446326255798,"building":2,"builtAt":0.0,"edge":13967,"offsetX":-4.501984119415283,"offsetZ":-6.670202255249023,"x":24360.0,"z":23768.0,"zone":3},{"angle":0.0,"building":0,"builtAt":0.0,"edge":-1,"offsetX":0.0,"offsetZ":0.0,"x":24376.0,"z":23768.0,"zone":3},{"angle":0.0,"building":0,"builtAt":0.0,"edge":-1,"offsetX":0.0,"offsetZ":0.0,"x":24120.0,"z":23784.0,"zone":4},{"angle":0.0,"building":0,"builtAt":0.0,"edge":-1,"offsetX":0.0,"offsetZ":0.0,"x":24136.0,"z":23784.0,"zone":4},{"angle":0.0,"building":0,"builtAt":0.0,"edge":-1,"offsetX":0.0,"offsetZ":0.0,"x":24152.0,"z":23784.0,"zone":4},{"angle":0.0,"building":0,"builtAt":0.0,"edge":-1,"offsetX":0.0,"offsetZ":0.0,"x":24168.0,"z":23784.0,"zone":4},{"angle":0.6814517378807068,"building":3,"builtAt":0.0,"edge":13915,"offsetX":0.6661999225616455,"offsetZ":4.114297866821289,"x":24184.0,"z":23784.0,"zone":4},{"angle":0.0,"building":0,"builtAt":0.0,"edge":-1,"offsetX":0.0,"offsetZ":0.0,"x":24200.0,"z":23784.0,"zone":4},{"angle":-2.4601409435272217,"building":5,"builtAt":0.0,"edge":13915,"offsetX":1.0855088233947754,"offsetZ":3.8696868419647217,"x":24216.0,"z":23784.0,"zone":4},{"angle":0.0,"building":0,"builtAt":0.0,"edge":-1,"offsetX":0.0,"offsetZ":0.0,"x":24232.0,"z":23784.0,"zone":3},{"angle":0.0,"building":0,"builtAt":0.0,"edge":-1,"offsetX":0.0,"offsetZ":0.0,"x":24248.0,"z":23784.0,"zone":3},{"angle":0.0,"building":0,"builtAt":0.0,"edge":-1,"offsetX":0.0,"offsetZ":0.0,"x":24264.0,"z":23784.0,"zone":3},{"angle":-2.4601409435272217,"building":22,"builtAt":0.0,"edge":13299,"offsetX":7.2005839347839355,"offsetZ":-1.6012420654296875,"x":24280.0,"z":23784.0,"zone":3},{"angle":0.0,"building":0,"builtAt":0.0,"edge":-1,"offsetX":0.0,"offsetZ":0.0,"x":24296.0,"z":23784.0,"zone":3},{"angle":2.2522480487823486,"building":1,"builtAt":0.0,"edge":13966,"offsetX":1.771888256072998,"offsetZ":-2.302941083908081,"x":24312.0,"z":23784.0,"zone":3},{"angle":0.0,"building":0,"builtAt":0.0,"edge":-1,"offsetX":0.0,"offsetZ":0.0,"x":24328.0,"z":23784.0,"zone":3},{"angle":-0.8893445730209351,"building":22,"builtAt":0.0,"edge":13967,"offsetX":-0.24460944533348083,"offsetZ":-7.233728885650635,"x":24344.0,"z":23784.0,"zone":3},{"angle":-0.8893445730209351,"building":2,"builtAt":0.0,"edge":13967,"offsetX":-6.769368648529053,"offsetZ":0.4513097405433655,"x":24360.0,"z":23784.0,"zone":3},{"angle":0.0,"building":0,"builtAt":0.0,"edge":-1,"offsetX":0.0,"offsetZ":0.0,"x":24376.0,"z":23784.0,"zone":3},{"angle":0.0,"building":0,"builtAt":0.0,"edge":-1,"offsetX":0.0,"offsetZ":0.0,"x":24120.0,"z":23800.0,"zone":4},{"angle":0.6814517378807068,"building":6,"builtAt":0.0,"edge":13279,"offsetX":-8.264117240905762,"offsetZ":2.9963388442993164,"x":24136.0,"z":23800.0,"zone":4},{"angle":0.0,"building":0,"builtAt":0.0,"edge":-1,"offsetX":0.0,"offsetZ":0.0,"x":24152.0,"z":23800.0,"zone":4},{"angle":-2.4601409435272217,"building":5,"builtAt":0.0,"edge":13280,"offsetX":-4.052818298339844,"offsetZ":-2.2388317584991455,"x":24168.0,"z":23800.0,"zone":4},{"angle":0.0,"building":0,"builtAt":0.0,"edge":-1,"offsetX":0.0,"offsetZ":0.0,"x":24184.0,"z":23800.0,"zone":4},{"angle":0.0,"building":0,"builtAt":0.0,"edge":-1,"offsetX":0.0,"offsetZ":0.0,"x":24200.0,"z":23800.0,"zone":4},{"angle":0.0,"building":0,"builtAt":0.0,"edge":-1,"offsetX":0.0,"offsetZ":0.0,"x":24216.0,"z":23800.0,"zone":4},{"angle":0.0,"building":0,"builtAt":0.0,"edge":-1,"offsetX":0.0,"offsetZ":0.0,"x":24232.0,"z":23800.0,"zone":3},{"angle":-0.8893446326255798,"building":1,"builtAt":0.0,"edge":13914,"offsetX":2.387336492538452,"offsetZ":-0.28208649158477783,"x":24248.0,"z":23800.0,"zone":3},{"angle":0.6814517378807068,"building":22,"builtAt":0.0,"edge":13299,"offsetX":5.44967794418335,"offsetZ":4.28467321395874,"x":24264.0,"z":23800.0,"zone":3},{"angle":0.0,"building":0,"builtAt":0.0,"edge":-1,"offsetX":0.0,"offsetZ":0.0,"x":24280.0,"z":23800.0,"zone":3},{"angle":-2.4601409435272217,"building":2,"builtAt":0.0,"edge":13299,"offsetX":2.683525323867798,"offsetZ":-7.5707688331604,"x":24296.0,"z":23800.0,"zone":3},{"angle":-0.8893446326255798,"building":2,"builtAt":0.0,"edge":13966,"offsetX":6.448672294616699,"offsetZ":6.9481964111328125,"x":24312.0,"z":23800.0,"zone":3},{"angle":-0.8893445730209351,"building":1,"builtAt":0.0,"edge":13966,"offsetX":0.3710009455680847,"offsetZ":-6.4621076583862305,"x":24328.0,"z":23800.0,"zone":3},{"angle":-0.8893445730209351,"building":2,"builtAt":0.0,"edge":13966,"offsetX":-7.124582290649414,"offsetZ":0.4355294704437256,"x":24344.0,"z":23800.0,"zone":3},{"angle":0.0,"building":0,"builtAt":0.0,"edge":-1,"offsetX":0.0,"offsetZ":0.0,"x":24360.0,"z":23800.0,"zone":3},{"angle":2.2522480487823486,"building":22,"builtAt":0.0,"edge":12975,"offsetX":2.174591064453125,"offsetZ":5.0905256271362305,"x":24376.0,"z":23800.0,"zone":3},{"angle":0.0,"building":0,"builtAt":0.0,"edge":-1,"offsetX":0.0,"offsetZ":0.0,"x":24120.0,"z":23816.0,"zone":4},{"angle":0.0,"building":0,"builtAt":0.0,"edge":-1,"offsetX":0.0,"offsetZ":0.0,"x":24136.0,"z":23816.0,"zone":4},{"angle":0.6814517378807068,"building":3,"builtAt":0.0,"edge":13280,"offsetX":-5.007656097412109,"offsetZ":2.665574073791504,"x":24152.0,"z":23816.0,"zone":4},{"angle":0.0,"building":0,"builtAt":0.0,"edge":-1,"offsetX":0.0,"offsetZ":0.0,"x":24168.0,"z":23816.0,"zone":4},{"angle":0.0,"building":0,"builtAt":0.0,"edge":-1,"offsetX":0.0,"offsetZ":0.0,"x":24184.0,"z":23816.0,"zone":4},{"angle":2.2522480487823486,"building":5,"builtAt":0.0,"edge":13913,"offsetX":-3.499864339828491,"offsetZ":-3.5717880725860596,"x":24200.0,"z":23816.0,"zone":4},{"angle":0.0,"building":0,"builtAt":0.0,"edge":-1,"offsetX":0.0,"offsetZ":0.0,"x":24216.0,"z":23816.0,"zone":3},{"angle":0.0,"building":0,"builtAt":0.0,"edge":-1,"offsetX":0.0,"offsetZ":0.0,"x":24232.0,"z":23816.0,"zone":3},{"angle":-2.4601409435272217,"building":1,"builtAt":0.0,"edge":13965,"offsetX":-4.7039794921875,"offsetZ":-5.033782005310059,"x":24248.0,"z":23816.0,"zone":3},{"angle":-2.4601409435272217,"building":2,"builtAt":0.0,"edge":13965,"offsetX":-6.684689044952393,"offsetZ":5.3216552734375,"x":24264.0,"z":23816.0,"zone":3},{"angle":0.6814517378807068,"building":2,"builtAt":0.0,"edge":13299,"offsetX":1.6319679021835327,"offsetZ":-2.5471127033233643,"x":24280.0,"z":23816.0,"zone":3},{"angle":0.0,"building":0,"builtAt":0.0,"edge":-1,"offsetX":0.0,"offsetZ":0.0,"x":24296.0,"z":23816.0,"zone":3},{"angle":0.0,"building":0,"builtAt":0.0,"edge":-1,"offsetX":0.0,"offsetZ":0.0,"x":24312.0,"z":23816.0,"zone":3},{"angle":0.0,"building":0,"builtAt":0.0,"edge":-1,"offsetX":0.0,"offsetZ":0.0,"x":24328.0,"z":23816.0,"zone":3},{"angle":0.0,"building":0,"builtAt":0.0,"edge":-1,"offsetX":0.0,"offsetZ":0.0,"x":24344.0,"z":23816.0,"zone":3},{"angle":-2.4601409435272217,"building":1,"builtAt":0.0,"edge":13300,"offsetX":-1.480087161064148,"offsetZ":6.840113639831543,"x":24360.0,"z":23816.0,"zone":3},{"angle":0.0,"building":0,"builtAt":0.0,"edge":-1,"offsetX":0.0,"offsetZ":0.0,"x":24376.0,"z":23816.0,"zone":3},{"angle":-0.8893446326255798,"building":6,"builtAt":0.0,"edge":12905,"offsetX":8.196125030517578,"offsetZ":7.854005336761475,"x":24120.0,"z":23832.0,"zone":4},{"angle":-0.8893446326255798,"building":5,"builtAt":0.0,"edge":12905,"offsetX":0.9195042252540588,"offsetZ":-4.116843223571777,"x":24136.0,"z":23832.0,"zone":4},{"angle":0.0,"building":0,"builtAt":0.0,"edge":-1,"offsetX":0.0,"offsetZ":0.0,"x":24152.0,"z":23832.0,"zone":4},{"angle":0.681451678276062,"building":5,"builtAt":0.0,"edge":13280,"offsetX":-7.015702247619629,"offsetZ":-2.9103939533233643,"x":24168.0,"z":23832.0,"zone":4},{"angle":0.0,"building":0,"builtAt":0.0,"edge":-1,"offsetX":0.0,"offsetZ":0.0,"x":24184.0,"z":23832.0,"zone":3},{"angle":0.0,"building":0,"builtAt":0.0,"edge":-1,"offsetX":0.0,"offsetZ":0.0,"x":24200.0,"z":23832.0,"zone":3},{"angle":-0.8893445730209351,"building":2,"builtAt":0.0,"edge":13913,"offsetX":7.370290756225586,"offsetZ":2.2216615676879883,"x":24216.0,"z":23832.0,"zone":3},{"angle":0.681451678276062,"building":2,"builtAt":0.0,"edge":13965,"offsetX":0.0791950523853302,"offsetZ":-7.204036235809326,"x":24232.0,"z":23832.0,"zone":3},{"angle":0.6814517378807068,"building":22,"builtAt":0.0,"edge":13965,"offsetX":-2.7889280319213867,"offsetZ":4.245532989501953,"x":24248.0,"z":23832.0,"zone":3},{"angle":-2.4601409435272217,"building":2,"builtAt":0.0,"edge":13965,"offsetX":6.860024929046631,"offsetZ":0.2617645263671875,"x":24264.0,"z":23832.0,"zone":3},{"angle":0.0,"building":0,"builtAt":0.0,"edge":-1,"offsetX":0.0,"offsetZ":0.0,"x":24280.0,"z":23832.0,"zone":3},{"angle":-0.8893445730209351,"building":2,"builtAt":0.0,"edge":13964,"offsetX":3.954244375228882,"offsetZ":-2.2634506225585938,"x":24296.0,"z":23832.0,"zone":3},{"angle":0.0,"building":0,"builtAt":0.0,"edge":-1,"offsetX":0.0,"offsetZ":0.0,"x":24312.0,"z":23832.0,"zone":3},{"angle":0.0,"building":0,"builtAt":0.0,"edge":-1,"offsetX":0.0,"offsetZ":0.0,"x":24328.0,"z":23832.0,"zone":3},{"angle":-2.4601409435272217,"building":3,"builtAt":0.0,"edge":13300,"offsetX":6.677393913269043,"offsetZ":0.5095189213752747,"x":24344.0,"z":23832.0,"zone":3},{"angle":0.0,"building":0,"builtAt":0.0,"edge":-1,"offsetX":0.0,"offsetZ":0.0,"x":24360.0,"z":23832.0,"zone":3},{"angle":-0.8893445730209351,"building":1,"builtAt":0.0,"edge":12975,"offsetX":5.940298080444336,"offsetZ":0.8853286504745483,"x":24376.0,"z":23832.0,"zone":3},{"angle":-0.8893446326255798,"building":5,"builtAt":0.0,"edge":12905,"offsetX":-1.6903789043426514,"offsetZ":2.8814847469329834,"x":24120.0,"z":23848.0,"zone":4},{"angle":-2.4601409435272217,"building":22,"builtAt":0.0,"edge":13263,"offsetX":4.754898548126221,"offsetZ":4.187449932098389,"x":24136.0,"z":23848.0,"zone":4},{"angle":0.0,"building":0,"builtAt":0.0,"edge":-1,"offsetX":0.0,"offsetZ":0.0,"x":24152.0,"z":23848.0,"zone":4},{"angle":2.2522480487823486,"building":2,"builtAt":0.0,"edge":12929,"offsetX":3.917633533477783,"offsetZ":-4.106917858123779,"x":24168.0,"z":23848.0,"zone":3},{"angle":0.0,"building":0,"builtAt":0.0,"edge":-1,"offsetX":0.0,"offsetZ":0.0,"x":24184.0,"z":23848.0,"zone":3},{"angle":0.0,"building":0,"builtAt":0.0,"edge":-1,"offsetX":0.0,"offsetZ":0.0,"x":24200.0,"z":23848.0,"zone":3},{"angle":-2.4601409435272217,"building":1,"builtAt":0.0,"edge":13281,"offsetX":1.5350812673568726,"offsetZ":-5.021531105041504,"x":24216.0,"z":23848.0,"zone":3},{"angle":-2.4601409435272217,"building":2,"builtAt":0.0,"edge":13281,"offsetX":-1.4730476140975952,"offsetZ":4.504375457763672,"x":24232.0,"z":23848.0,"zone":3},{"angle":0.0,"building":0,"builtAt":0.0,"edge":-1,"offsetX":0.0,"offsetZ":0.0,"x":24248.0,"z":23848.0,"zone":3},{"angle":2.2522480487823486,"building":2,"builtAt":0.0,"edge":13963,"offsetX":-5.504047393798828,"offsetZ":0.7013303637504578,"x":24264.0,"z":23848.0,"zone":3},{"angle":0.0,"building":0,"builtAt":0.0,"edge":-1,"offsetX":0.0,"offsetZ":0.0,"x":24280.0,"z":23848.0,"zone":3},{"angle":-0.8893446326255798,"building":9,"builtAt":0.0,"edge":13964,"offsetX":-7.772275924682617,"offsetZ":-4.036936283111572,"x":24296.0,"z":23848.0,"zone":3},{"angle":0.6814517378807068,"building":2,"builtAt":0.0,"edge":13300,"offsetX":6.445248126983643,"offsetZ":-4.567173004150391,"x":24312.0,"z":23848.0,"zone":3},{"angle":0.6814517378807068,"building":1,"builtAt":0.0,"edge":13300,"offsetX":4.994445323944092,"offsetZ":6.311647891998291,"x":24328.0,"z":23848.0,"zone":3},{"angle":0.0,"building":0,"builtAt":0.0,"edge":-1,"offsetX":0.0,"offsetZ":0.0,"x":24344.0,"z":23848.0,"zone":3},{"angle":0.0,"building":0,"builtAt":0.0,"edge":-1,"offsetX":0.0,"offsetZ":0.0,"x":24360.0,"z":23848.0,"zone":3},{"angle":-2.4601409435272217,"building":1,"builtAt":0.0,"edge":13301,"offsetX":-2.9686625003814697,"offsetZ":5.472647666931152,"x":24376.0,"z":23848.0,"zone":3},{"angle":0.0,"building":0,"builtAt":0.0,"edge":-1,"offsetX":0.0,"offsetZ":0.0,"x":24120.0,"z":23864.0,"zone":3},{"angle":-2.4601409435272217,"building":22,"builtAt":0.0,"edge":13263,"offsetX":-3.245100498199463,"offsetZ":-1.9489800930023193,"x":24136.0,"z":23864.0,"zone":3},{"angle":2.2522480487823486,"building":1,"builtAt":0.0,"edge":12929,"offsetX":0.5141414403915405,"offsetZ":4.960072040557861,"x":24152.0,"z":23864.0,"zone":3},{"angle":2.2522480487823486,"building":2,"builtAt":0.0,"edge":12929,"offsetX":-6.075340270996094,"offsetZ":-7.808835506439209,"x":24168.0,"z":23864.0,"zone":3},{"angle":0.0,"building":0,"builtAt":0.0,"edge":-1,"offsetX":0.0,"offsetZ":0.0,"x":24184.0,"z":23864.0,"zone":3},{"angle":-0.8893446326255798,"building":1,"builtAt":0.0,"edge":12929,"offsetX":-2.3463518619537354,"offsetZ":0.7666692137718201,"x":24200.0,"z":23864.0,"zone":3},{"angle":0.6814517378807068,"building":1,"builtAt":0.0,"edge":13281,"offsetX":-0.7528484463691711,"offsetZ":7.343550205230713,"x":24216.0,"z":23864.0,"zone":3},{"angle":0.0,"building":0,"builtAt":0.0,"edge":-1,"offsetX":0.0,"offsetZ":0.0,"x":24232.0,"z":23864.0,"zone":3},{"angle":2.2522480487823486,"building":3,"builtAt":0.0,"edge":13963,"offsetX":-2.916088342666626,"offsetZ":-1.1502094268798828,"x":24248.0,"z":23864.0,"zone":3},{"angle":0.0,"building":0,"builtAt":0.0,"edge":-1,"offsetX":0.0,"offsetZ":0.0,"x":24264.0,"z":23864.0,"zone":3},{"angle":-0.8893445730209351,"building":22,"builtAt":0.0,"edge":13963,"offsetX":-5.3050150871276855,"offsetZ":-2.1601970195770264,"x":24280.0,"z":23864.0,"zone":3},{"angle":0.0,"building":0,"builtAt":0.0,"edge":-1,"offsetX":0.0,"offsetZ":0.0,"x":24296.0,"z":23864.0,"zone":3},{"angle":0.6814517378807068,"building":1,"builtAt":0.0,"edge":13300,"offsetX":7.19917106628418,"offsetZ":7.320481777191162,"x":24312.0,"z":23864.0,"zone":3},{"angle":0.6814517378807068,"building":2,"builtAt":0.0,"edge":13300,"offsetX":-1.9031918048858643,"offsetZ":-1.183935284614563,"x":24328.0,"z":23864.0,"zone":3},{"angle":0.0,"building":0,"builtAt":0.0,"edge":-1,"offsetX":0.0,"offsetZ":0.0,"x":24344.0,"z":23864.0,"zone":3},{"angle":0.0,"building":0,"builtAt":0.0,"edge":-1,"offsetX":0.0,"offsetZ":0.0,"x":24360.0,"z":23864.0,"zone":3},{"angle":0.0,"building":0,"builtAt":0.0,"edge":-1,"offsetX":0.0,"offsetZ":0.0,"x":24376.0,"z":23864.0,"zone":3},{"angle":0.6814517378807068,"building":3,"builtAt":0.0,"edge":13263,"offsetX":-1.1400740146636963,"offsetZ":-0.8172220587730408,"x":24120.0,"z":23880.0,"zone":3},{"angle":0.0,"building":0,"builtAt":0.0,"edge":-1,"offsetX":0.0,"offsetZ":0.0,"x":24136.0,"z":23880.0,"zone":3},{"angle":0.0,"building":0,"builtAt":0.0,"edge":-1,"offsetX":0.0,"offsetZ":0.0,"x":24152.0,"z":23880.0,"zone":3},{"angle":0.0,"building":0,"builtAt":0.0,"edge":-1,"offsetX":0.0,"offsetZ":0.0,"x":24168.0,"z":23880.0,"zone":3},{"angle":-0.8893446326255798,"building":22,"builtAt":0.0,"edge":12929,"offsetX":4.7152276039123535,"offsetZ":-2.0799367427825928,"x":24184.0,"z":23880.0,"zone":3},{"angle":-0.8893446326255798,"building":2,"builtAt":0.0,"edge":12929,"offsetX":-1.8095316886901855,"offsetZ":5.605101108551025,"x":24200.0,"z":23880.0,"zone":3},{"angle":0.6814517378807068,"building":1,"builtAt":0.0,"edge":13281,"offsetX":-7.17804479598999,"offsetZ":-0.7345272898674011,"x":24216.0,"z":23880.0,"zone":3},{"angle":0.681451678276062,"building":22,"builtAt":0.0,"edge":13281,"offsetX":-5.124361038208008,"offsetZ":2.5523903369903564,"x":24232.0,"z":23880.0,"zone":3},{"angle":0.0,"building":0,"builtAt":0.0,"edge":-1,"offsetX":0.0,"offsetZ":0.0,"x":24248.0,"z":23880.0,"zone":3},{"angle":-2.4601409435272217,"building":1,"builtAt":0.0,"edge":13282,"offsetX":-0.1704224795103073,"offsetZ":0.3670438826084137,"x":24264.0,"z":23880.0,"zone":3},{"angle":0.0,"building":0,"builtAt":0.0,"edge":-1,"offsetX":0.0,"offsetZ":0.0,"x":24280.0,"z":23880.0,"zone":3},{"angle":0.0,"building":0,"builtAt":0.0,"edge":-1,"offsetX":0.0,"offsetZ":0.0,"x":24296.0,"z":23880.0,"zone":3},{"angle":0.0,"building":0,"builtAt":0.0,"edge":-1,"offsetX":0.0,"offsetZ":0.0,"x":24312.0,"z":23880.0,"zone":3},{"angle":0.0,"building":0,"builtAt":0.0,"edge":-1,"offsetX":0.0,"offsetZ":0.0,"x":24328.0,"z":23880.0,"zone":3},{"angle":0.681451678276062,"building":2,"builtAt":0.0,"edge":13301,"offsetX":4.860185146331787,"offsetZ":3.2743849754333496,"x":24344.0,"z":23880.0,"zone":3},{"angle":0.681451678276062,"building":2,"builtAt":0.0,"edge":13301,"offsetX":-3.769737720489502,"offsetZ":-5.812526226043701,"x":24360.0,"z":23880.0,"zone":3},{"angle":0.0,"building":0,"builtAt":0.0,"edge":-1,"offsetX":0.0,"offsetZ":0.0,"x":24376.0,"z":23880.0,"zone":3},{"angle":0.0,"building":0,"builtAt":0.0,"edge":-1,"offsetX":0.0,"offsetZ":0.0,"x":24120.0,"z":23896.0,"zone":3},{"angle":0.6814517378807068,"building":2,"builtAt":0.0,"edge":13263,"offsetX":-1.946588158607483,"offsetZ":-6.386551856994629,"x":24136.0,"z":23896.0,"zone":3},{"angle":0.0,"building":0,"builtAt":0.0,"edge":-1,"offsetX":0.0,"offsetZ":0.0,"x":24152.0,"z":23896.0,"zone":3},{"angle":0.0,"building":0,"builtAt":0.0,"edge":-1,"offsetX":0.0,"offsetZ":0.0,"x":24168.0,"z":23896.0,"zone":3},{"angle":-0.8893445730209351,"building":2,"builtAt":0.0,"edge":12929,"offsetX":-5.706819534301758,"offsetZ":-6.131444931030273,"x":24184.0,"z":23896.0,"zone":3},{"angle":-2.4601409435272217,"building":1,"builtAt":0.0,"edge":13264,"offsetX":-5.573004245758057,"offsetZ":2.5289621353149414,"x":24200.0,"z":23896.0,"zone":3},{"angle":2.2522480487823486,"building":22,"builtAt":0.0,"edge":12953,"offsetX":-0.5796533823013306,"offsetZ":4.808083534240723,"x":24216.0,"z":23896.0,"zone":3},{"angle":0.0,"building":0,"builtAt":0.0,"edge":-1,"offsetX":0.0,"offsetZ":0.0,"x":24232.0,"z":23896.0,"zone":3},{"angle":0.6814517378807068,"building":2,"builtAt":0.0,"edge":13282,"offsetX":0.43868550658226013,"offsetZ":3.3431894779205322,"x":24248.0,"z":23896.0,"zone":3},{"angle":0.0,"building":0,"builtAt":0.0,"edge":-1,"offsetX":0.0,"offsetZ":0.0,"x":24264.0,"z":23896.0,"zone":3},{"angle":0.0,"building":0,"builtAt":0.0,"edge":-1,"offsetX":0.0,"offsetZ":0.0,"x":24280.0,"z":23896.0,"zone":3},{"angle":-2.4601409435272217,"building":1,"builtAt":0.0,"edge":13282,"offsetX":4.048153877258301,"offsetZ":0.5161816477775574,"x":24296.0,"z":23896.0,"zone":3},{"angle":0.0,"building":0,"builtAt":0.0,"edge":-1,"offsetX":0.0,"offsetZ":0.0,"x":24312.0,"z":23896.0,"zone":3},{"angle":0.0,"building":0,"builtAt":0.0,"edge":-1,"offsetX":0.0,"offsetZ":0.0,"x":24328.0,"z":23896.0,"zone":3},{"angle":0.0,"building":0,"builtAt":0.0,"edge":-1,"offsetX":0.0,"offsetZ":0.0,"x":24344.0,"z":23896.0,"zone":3},{"angle":0.0,"building":0,"builtAt":0.0,"edge":-1,"offsetX":0.0,"offsetZ":0.0,"x":24360.0,"z":23896.0,"zone":3},{"angle":0.681451678276062,"building":1,"builtAt":0.0,"edge":13301,"offsetX":7.090324401855469,"offsetZ":-0.9298690557479858,"x":24376.0,"z":23896.0,"zone":3}],"zonePalette":false}
[290.604s] [TreeStreaming] key=90194313238 revision=1 placementMs=0.87 masksMs=0.00 patchesMs=0.00 woodlandMs=0.87 instances=5210 excludedTrees=0
[290.604s] [TreeStreaming] key=111669149718 revision=1 placementMs=2.31 masksMs=1.26 patchesMs=0.03 woodlandMs=0.93 instances=0 excludedTrees=0
[290.604s] [Streaming] terrain workerMs=1.08 uploadTotalMs=0.38 maxFrameUploadMs=0.38 uploadFrames=1
[290.604s] [LandscapeStreaming] key=90194313238 terrainMs=1.08 masksMs=0.00 patchesMs=0.00 woodlandMs=0.00 landscapeVertices=0 landscapeTriangles=0
[290.604s] [TravelCost] frame=21355 total=8267.71 terrain=10.58 road=19.41 parts=2.08 node=1.18 marks=0.09 furniture=0.99 fallback=0.00 edges=9 nodes=4
[290.704s] [TreeStreaming] key=85899345942 revision=1 placementMs=0.92 masksMs=0.00 patchesMs=0.00 woodlandMs=0.92 instances=6564 excludedTrees=0
[290.704s] [TreeStreaming] key=85899345941 revision=1 placementMs=0.88 masksMs=0.00 patchesMs=0.00 woodlandMs=0.88 instances=7484 excludedTrees=0
[290.704s] [Streaming] terrain workerMs=1.23 uploadTotalMs=0.31 maxFrameUploadMs=0.31 uploadFrames=1
[290.704s] [LandscapeStreaming] key=90194313237 terrainMs=1.23 masksMs=0.00 patchesMs=0.00 woodlandMs=0.00 landscapeVertices=0 landscapeTriangles=0
[290.704s] [TravelCost] frame=21356 total=8410.11 terrain=10.35 road=20.32 parts=2.21 node=1.12 marks=0.39 furniture=0.73 fallback=0.00 edges=7 nodes=2
[290.804s] [TreeStreaming] key=115964117013 revision=1 placementMs=5.02 masksMs=1.15 patchesMs=0.03 woodlandMs=3.78 instances=53 excludedTrees=0
[290.804s] [TreeStreaming] key=81604378645 revision=1 placementMs=0.91 masksMs=0.00 patchesMs=0.00 woodlandMs=0.90 instances=7692 excludedTrees=0
[290.804s] [TravelCost] frame=21357 total=8268.77 terrain=10.56 road=19.94 parts=2.02 node=1.10 marks=0.01 furniture=0.94 fallback=0.00 edges=8 nodes=4
[290.904s] [TreeStreaming] key=81604378644 revision=1 placementMs=0.95 masksMs=0.00 patchesMs=0.00 woodlandMs=0.94 instances=7790 excludedTrees=0
[290.904s] [Streaming] terrain workerMs=105.82 uploadTotalMs=3.06 maxFrameUploadMs=2.82 uploadFrames=2
[290.904s] [LandscapeStreaming] key=111669149718 terrainMs=102.06 masksMs=1.34 patchesMs=2.33 woodlandMs=0.00 landscapeVertices=13113 landscapeTriangles=6469
[290.904s] [TravelCost] frame=21358 total=8444.33 terrain=6.54 road=20.53 parts=2.27 node=1.61 marks=0.27 furniture=0.56 fallback=0.00 edges=5 nodes=2
[291.004s] [Streaming] terrain workerMs=2.24 uploadTotalMs=0.29 maxFrameUploadMs=0.29 uploadFrames=1
[291.004s] [LandscapeStreaming] key=111669149717 terrainMs=1.24 masksMs=0.95 patchesMs=0.00 woodlandMs=0.00 landscapeVertices=0 landscapeTriangles=0
[291.004s] [TravelCost] frame=21359 total=8713.73 terrain=6.76 road=21.46 parts=2.30 node=1.28 marks=0.15 furniture=0.57 fallback=0.00 edges=6 nodes=2
[291.104s] [Streaming] terrain workerMs=1.42 uploadTotalMs=0.34 maxFrameUploadMs=0.34 uploadFrames=1
[291.104s] [LandscapeStreaming] key=85899345942 terrainMs=1.42 masksMs=0.00 patchesMs=0.00 woodlandMs=0.00 landscapeVertices=0 landscapeTriangles=0
[291.104s] [TravelCost] frame=21360 total=8238.15 terrain=6.92 road=20.37 parts=1.48 node=1.49 marks=0.42 furniture=0.62 fallback=0.00 edges=4 nodes=2
[291.204s] [Streaming] terrain workerMs=0.91 uploadTotalMs=0.40 maxFrameUploadMs=0.40 uploadFrames=1
[291.204s] [LandscapeStreaming] key=85899345941 terrainMs=0.90 masksMs=0.00 patchesMs=0.00 woodlandMs=0.00 landscapeVertices=0 landscapeTriangles=0
[291.204s] [TravelCost] frame=21361 total=8380.89 terrain=6.86 road=20.28 parts=1.14 node=2.35 marks=0.07 furniture=0.53 fallback=0.00 edges=4 nodes=3
[291.304s] [TravelCost] frame=21362 total=8635.06 terrain=7.16 road=20.41 parts=1.66 node=1.69 marks=0.07 furniture=0.61 fallback=0.00 edges=5 nodes=2
[291.304s] [PlaytestInput] frame=21362 key=Escape
[291.304s] [PlaytestState] {"cameraMode":2,"commandId":0,"commandInput":"/camera zoom 150","commandMessage":"俯瞰距離 150 m","commandPalette":false,"cursorX":400,"cursorY":322,"development":{"completed":0,"count":0},"draftMessage":"","draftPoints":0,"draftValid":false,"driving":false,"editMode":0,"eyeY":34.139395457570885,"focusX":24252.0,"focusY":32.639395457570885,"focusZ":23772.0,"focused":true,"fps":0.11911111661669159,"fpsGraph":false,"frame":21362,"funds":30.0,"gameHour":8.039999961853027,"income":30.30898,"localMapCenter":[24252.0,23772.0],"localMapHeadingUp":false,"localMapSpan":2000.0,"logicMs":0.054,"maintenance":22.71789867024176,"map":false,"mapBuilds":15,"mapContext":false,"mapCustomPixelShader":false,"mapX":24252.0,"mapZ":23772.0,"mapZoom":4.0,"nearbyRoads":[{"id":13765,"length":50.096553802490234,"open":true,"points":[[24184.245710017454,37.4201545715332,23402.493881529692],[24186.87543740885,37.40728441490625,23399.251568542553],[24189.505164800248,37.39441425827931,23396.00925555542],[24192.13489360234,37.38154409474828,23392.76694082897],[24194.764620523507,37.368673940422696,23389.524628421605],[24197.39434650421,37.35580379069984,23386.282317173776],[24200.02407154445,37.342933645579706,23383.040007085492],[24202.653799406078,37.3300634866514,23379.797693518583],[24205.283525386778,37.31719333692855,23376.55538227076],[24207.91325136748,37.30432318720568,23373.313071022934],[24210.542977348185,37.291453037482825,23370.070759775106],[24213.172703328884,37.27858288775997,23366.828448527285],[24215.802429309588,37.26571273803711,23363.586137279457]],"width":6.839999675750732},{"id":12848,"length":75.3116455078125,"open":true,"points":[[24084.107773628602,37.087406158447266,23525.95859225249],[24088.06082843304,37.16626295393985,23521.08468746174],[24092.01388323748,37.24511974943243,23516.210782670994],[24095.966938041915,37.32397654492501,23511.336877880243],[24099.919992846353,37.4028333404176,23506.462973089496],[24103.87304765079,37.481690135910185,23501.58906829875],[24107.82610528267,37.56054698780554,23496.715160021915],[24111.779155845943,37.63940369869397,23491.8412604603],[24115.732212064104,37.71826052238794,23486.967353926506],[24119.68526545482,37.79711728967914,23482.093450878805],[24123.638318845533,37.87597405697034,23477.2195478311],[24127.59137223625,37.954830824261535,23472.345644783396],[24131.544425626966,38.033687591552734,23467.47174173569]],"width":6.839999675750732},{"id":13803,"length":42.66592788696289,"open":true,"points":[[24030.355704276393,36.810420989990234,23592.23201402096],[24032.595373499,36.821962036956194,23589.470621858756],[24034.835042721603,36.83350308392215,23586.709229696546],[24037.074712544934,36.84504413398366,23583.947836793675],[24039.314381967783,36.85658518198147,23581.186444384584],[24041.554050990148,36.86812622791558,23578.42505246926],[24043.79372001251,36.87966727384969,23575.663660553942],[24046.033390636807,36.8912083280386,23572.90226666352],[24048.273059659175,36.90274937397271,23570.140874748202],[24050.512728681533,36.91429041990682,23567.379482832886],[24052.752399305835,36.92583147409572,23564.61808894246],[24054.992068328196,36.93737252002984,23561.856697027142],[24057.231738952498,36.94891357421875,23559.095303136724]],"width":6.839999675750732},{"id":12846,"length":67.05158233642578,"open":true,"points":[[23932.339416933068,36.665016174316406,23713.08084513701],[23935.859181175423,36.65745163008955,23708.74116439596],[23939.37894541778,36.64988708586271,23704.401483654918],[23942.898710289515,36.6423225402832,23700.061802137876],[23946.418475161256,36.6347579947037,23695.722120620834],[23949.938240032992,36.62719344912421,23691.38243910379],[23953.458003645967,36.61962890625,23687.04275913874],[23956.977767258937,36.61206436337579,23682.703079173683],[23960.497533389444,36.60449981509101,23678.36339610465],[23964.017297002418,36.5969352722168,23674.0237161396],[23967.53706313292,36.589370723932,23669.68403307057],[23971.056826745895,36.58180618105781,23665.34435310552],[23974.576590358865,36.574241638183594,23661.004673140465]],"width":6.839999675750732},{"id":13798,"length":43.819332122802734,"open":true,"points":[[23877.13575873594,35.95730972290039,23781.143998183044],[23879.435910818072,35.98679748731537,23778.308033895384],[23881.736062900203,36.01628525173035,23775.472069607724],[23884.036215187985,36.045773018781745,23772.63610506651],[23886.336367064465,36.07526078056031,23769.800141032407],[23888.63651811835,36.104748531793234,23766.964178012517],[23890.936670817424,36.13423630411746,23764.128212964195],[23893.236821871313,36.16372405535037,23761.29224994431],[23895.536973747792,36.19321181712894,23758.456285910204],[23897.837123979072,36.22269955781621,23755.62032390454],[23900.13727914595,36.25218736177738,23752.784355813554],[23902.43743266763,36.28167514464724,23749.94838975101],[23904.737587834505,36.3111629486084,23747.112421660026]],"width":6.839999675750732},{"id":12828,"length":75.30938720703125,"open":true,"points":[[24013.269180769486,37.10893249511719,23468.5038712713],[24017.222236280784,37.17088351506521,23463.62996560903],[24021.175291792086,37.23283453501325,23458.756059946758],[24025.128346596524,37.294785543883556,23453.88215515601],[24029.081402814685,37.35673657490929,23449.00824862222],[24033.034460446568,37.418687628090424,23444.134340345387],[24036.987515251003,37.48063863696075,23439.260435554635],[24040.94056864172,37.54258962367566,23434.386532506935],[24044.893619204988,37.60454056607978,23429.512632945316],[24048.846672595704,37.666491552794696,23424.638729897615],[24052.799725986417,37.728442539509615,23419.76482684991],[24056.752779377133,37.790393526224534,23414.890923802206],[24060.70583276785,37.85234451293945,23410.0170207545]],"width":11.699999809265137},{"id":12827,"length":85.33165740966797,"open":true,"points":[[23959.517111417277,36.91480255126953,23534.77729303977],[23963.99645106394,36.930980048518684,23529.254507234033],[23968.475790710603,36.94715754576782,23523.73172142829],[23972.955131959203,36.96333504880249,23518.20893364745],[23977.43447000393,36.979512540266114,23512.686149816807],[23981.91381125253,36.995690043300776,23507.16336203597],[23986.393149297255,37.011867534764406,23501.64057820533],[23990.872490545855,37.028045037799075,23496.117790424487],[23995.351834998328,37.04422255240479,23490.594998693443],[23999.831176246924,37.06040005543945,23485.072210912604],[24004.310511087777,37.076577535332035,23479.549431032166],[24008.789845928633,37.09275501522461,23474.026651151733],[24013.269180769486,37.10893249511719,23468.5038712713]],"width":11.699999809265137},{"id":13709,"length":44.274784088134766,"open":true,"points":[[23903.73799749975,37.11899185180664,23603.549952159276],[23906.0621266922,37.1104839663127,23600.68442537916],[23908.386255884645,37.10197608081876,23597.81889859904],[23910.71038424592,37.09346819836747,23594.953372843716],[23913.034513438368,37.084960312873534,23592.087846063598],[23915.35864346199,37.076452424336935,23589.222318258686],[23917.68277348561,37.067944535800336,23586.356790453774],[23920.006903509235,37.05943664726374,23583.491262648862],[23922.331034364022,37.05092875568449,23580.62573381916],[23924.655163556476,37.04242087019054,23577.760207039042],[23926.979294411267,37.03391297861128,23574.89467820934],[23929.303421941368,37.025405099202665,23572.02915347881],[23931.62755445851,37.016897201538086,23569.16362259952]],"width":11.699999809265137},{"id":12825,"length":67.05155181884766,"open":true,"points":[[23861.50082407395,37.06214904785156,23655.62612415582],[23865.020588945692,37.066885948745835,23651.28644263878],[23868.540353817425,37.071622849640114,23646.946761121733],[23872.06011994793,37.07635975222843,23642.607078052704],[23875.579883560906,37.08109665142865,23638.267398087653],[23879.099647173876,37.085833550628884,23633.9277181226],[23882.619413304386,37.0905704532172,23629.58803505357],[23886.139176917357,37.09530735241742,23625.248355088515],[23889.658940530328,37.10004425161765,23620.90867512346],[23893.1787041433,37.10478115081787,23616.56899515841],[23896.698467756272,37.109518050018096,23612.229315193363],[23900.218231369246,37.11425494921833,23607.889635228308],[23903.73799749975,37.11899185180664,23603.549952159276]],"width":11.699999809265137},{"id":12863,"length":95.55066680908203,"open":true,"points":[[23879.72899447735,33.08394241333008,23906.271273691305],[23884.744619889385,33.14690938084118,23900.087276268132],[23889.760245301415,33.20987634835229,23893.90327884496],[23894.775872507176,33.27284333838213,23887.719279210218],[23899.79149791921,33.33581030589323,23881.535281787044],[23904.807125124968,33.39877729592308,23875.3512821523],[23909.82275233073,33.46174428595293,23869.16728251756],[23914.83837953649,33.52471127598278,23862.983282882815],[23919.85400494852,33.587678243493876,23856.79928545964],[23924.86963394801,33.65064525604248,23850.615283613326],[23929.885259360042,33.713612223553575,23844.431286190156],[23934.90088835953,33.77657923610217,23838.24728434384],[23939.916513771564,33.83954620361328,23832.063286920667]],"width":11.699999809265137},{"id":13800,"length":43.81911087036133,"open":true,"points":[[23939.916513771564,33.83954620361328,23832.063286920667],[23942.216666059347,33.86660194235708,23829.227322379455],[23944.516818758428,33.89365768593882,23826.391357331126],[23946.816971046206,33.92071342468262,23823.555392789913],[23949.117122922686,33.94776915858847,23820.71942875581],[23951.417276444365,33.9748249118461,23817.883462693266],[23953.717428320848,34.00188064575195,23815.047498659158],[23956.017580197327,34.02893637965781,23812.211534625054],[23958.317733719006,34.055992132915435,23809.375568562507],[23960.617885595486,34.08304786682129,23806.539604528403],[23962.918037471965,34.11010360072714,23803.7036404943],[23965.218190993648,34.13715935398477,23800.867674431753],[23967.518342870128,34.164215087890625,23798.03171039765]],"width":11.699999809265137},{"id":12865,"length":67.05329895019531,"open":true,"points":[[23995.12017196869,34.48888397216797,23764.000133874633],[23998.639936211046,34.52957852438919,23759.660453133583],[24002.1597004534,34.57027307661041,23755.32077239254],[24005.679465325138,34.6109676361084,23750.9810908755],[24009.19923019688,34.65166219560638,23746.641409358457],[24012.718995068615,34.692356755104356,23742.30172784141],[24016.23875868159,34.73305130004883,23737.96204787636],[24019.758524812096,34.773745874100314,23733.62236480733],[24023.278288425066,34.814440419044786,23729.282684842274],[24026.79805455557,34.85513499309628,23724.943001773245],[24030.317818168543,34.89582953804075,23720.603321808194],[24033.837586816582,34.93652414119925,23716.263635635176],[24037.35734539449,34.97721862792969,23711.92396187809]],"width":11.699999809265137},{"id":13838,"length":44.27477264404297,"open":true,"points":[[24037.35734539449,34.97721862792969,23711.92396187809],[24039.68147521032,34.98487504346141,23709.058434329374],[24042.00560502615,34.99253145899314,23706.19290678066],[24044.329734218594,35.000187872471265,23703.327380000545],[24046.6538646578,35.0078442900566,23700.461851683238],[24048.977994681423,35.01550070627286,23697.596323878333],[24051.302123042693,35.02315711701283,23694.730798123004],[24053.62625306632,35.03081353322909,23691.865270318092],[24055.95038392111,35.038469952183505,23688.99974148839],[24058.274514775905,35.046126371137916,23686.134212658686],[24060.59864396836,35.05378278461603,23683.26868587857],[24062.9227731608,35.06143919809414,23680.403159098452],[24065.246900690905,35.06909560609597,23677.53763436792]],"width":11.699999809265137},{"id":13805,"length":42.66621017456055,"open":true,"points":[[24093.136459312016,35.160972595214844,23643.151302758582],[24095.376129135348,35.17807324931232,23640.389909855712],[24097.615798558192,35.19517390035196,23637.62851744662],[24099.85546878201,35.21227455750727,23634.86712404997],[24102.095137804376,35.22937520548908,23632.105732134652],[24104.334807627703,35.24647585958655,23629.344339231786],[24106.574476650065,35.26357650756836,23626.582947316467],[24108.814148876307,35.280677180012844,23623.821551450943],[24111.053817898668,35.29777782799465,23621.060159535624],[24113.293490124903,35.314878500439136,23618.298763670096],[24115.533159147268,35.33197914842094,23615.53737175478],[24117.772824965756,35.349079771940076,23612.775983789666],[24120.01249398812,35.366180419921875,23610.014591874347]],"width":11.699999809265137},{"id":12868,"length":75.3056869506836,"open":true,"points":[[24146.888528664225,35.571388244628906,23576.877880990112],[24150.8415827618,35.57266648602813,23572.003977070886],[24154.794636859377,35.573944727427374,23567.13007315166],[24158.747690956952,35.575222968826615,23562.256169232434],[24162.70074505453,35.576501210225835,23557.382265313205],[24166.653797031526,35.57777945093938,23552.50836400855],[24170.60685183596,35.579057692567176,23547.6344592178],[24174.55990805412,35.58033593465212,23542.760552684013],[24178.512961444838,35.58161417582277,23537.886649636308],[24182.466014835554,35.582892416993445,23533.012746588603],[24186.419073881156,35.58417065999265,23528.138836568723],[24190.372124444428,35.585448900249055,23523.264937007105],[24194.32518066259,35.586727142333984,23518.391030473314]],"width":11.699999809265137},{"id":12869,"length":83.66351318359375,"open":true,"points":[[24194.32518066259,35.586727142333984,23518.391030473314],[24198.716954492684,35.57106208754584,23512.976208628104],[24203.10872832277,35.555397032757696,23507.5613867829],[24207.500503330833,35.53973197376786,23502.146563485323],[24211.892277553576,35.52406691757915,23496.731741155996],[24216.284051776325,35.50840186139044,23491.316918826666],[24220.67582599907,35.49273680520173,23485.90209649733],[24225.0675986512,35.47707175461528,23480.487276104494],[24229.45937444457,35.46140669282431,23475.07245183867],[24233.851150237937,35.44574163103334,23469.65762757285],[24238.242922890066,35.430076580446894,23464.24280718001],[24242.63469240095,35.414411541064965,23458.827990660153],[24247.026465053077,35.398746490478516,23453.413170267315]],"width":11.699999809265137},{"id":12870,"length":100.1954345703125,"open":true,"points":[[24247.026465053077,35.398746490478516,23453.413170267315],[24252.285918425176,35.335856753700284,23446.92854603235],[24257.545371797274,35.27296701692205,23440.443921797392],[24262.804824699146,35.21007728576661,23433.959298142196],[24268.064278541475,35.1471875433656,23427.474673327466],[24273.323730502878,35.0842978234557,23420.990050831813],[24278.58318434521,35.02140808105469,23414.50542601708],[24283.84264006847,34.958518316162554,23408.020798883266],[24289.102092029872,34.895628596252664,23401.536176387614],[24294.36154399128,34.832738876342766,23395.051553891964],[24299.620995952682,34.76984915643288,23388.56693139631],[24304.880451675937,34.70695939154075,23382.082304262494],[24310.139903637344,34.64406967163086,23375.597681766845]],"width":11.699999809265137},{"id":13860,"length":47.774295806884766,"open":true,"points":[[23929.41423428668,32.499351501464844,23946.569245106493],[23931.922047665343,32.51656198552878,23943.47724556557],[23934.429861044006,32.533772469592726,23940.38524602464],[23936.93767509532,32.55098295827287,23937.29324565438],[23939.4454886982,32.568193443875536,23934.201245837008],[23941.95330230108,32.58540392947822,23931.109246019634],[23944.46111590396,32.60261441508089,23928.017246202264],[23946.968930403706,32.61982490683852,23924.925245279108],[23949.476744903448,32.63703539859615,23921.83324435595],[23951.984557609467,32.65424587804387,23918.741245644364],[23954.49236852175,32.67145634518169,23915.64924914435],[23957.000183021497,32.68866683693932,23912.557248221194],[23959.507993933785,32.70587730407715,23909.465251721176]],"width":13.199999809265137},{"id":12885,"length":67.05479431152344,"open":true,"points":[[24044.80541177802,33.62478256225586,23804.29810528982],[24048.325176020375,33.68003781307209,23799.95842454877],[24051.84494026273,33.73529306388832,23795.61874380773],[24055.364705134467,33.79054832458496,23791.279062290687],[24058.88446874744,33.84580356552078,23786.939382325632],[24062.404233619178,33.90105882621742,23782.59970080859],[24065.923998490918,33.95631408691406,23778.26001929155],[24069.44376210389,34.011569327849884,23773.920339326494],[24072.963525716863,34.0668245687857,23769.580659361447],[24076.483289329833,34.12207980972153,23765.240979396396],[24080.00305546034,34.17733509017898,23760.901296327364],[24083.52281403825,34.23259025207154,23756.561622570272],[24087.042585203817,34.287845611572266,23752.221933293276]],"width":13.199999809265137},{"id":13840,"length":44.27477264404297,"open":true,"points":[[24087.042585203817,34.287845611572266,23752.221933293276],[24089.36671522744,34.29522260118051,23749.356405488365],[24091.690845251058,34.30259959078876,23746.490877683453],[24094.014974443508,34.30997657775879,23743.625350903334],[24096.339105298302,34.31735357000525,23740.759822073633],[24098.663234490752,34.32473055697528,23737.89429529352],[24100.98736285202,34.332107541307096,23735.028769538192],[24103.311492875648,34.33948453091534,23732.16324173328],[24105.63562373044,34.3468615231618,23729.29771290358],[24107.959754585234,34.35423851540827,23726.432184073874],[24110.283883777687,34.3616155023783,23723.56665729376],[24112.60801297013,34.36899248934833,23720.70113051364],[24114.932140500234,34.376369471041926,23717.835605783108]],"width":13.199999809265137}],"pauseMenu":true,"pedestrians":{"completed":0,"drawCalls":4,"population":10000,"renderMs":0.196,"ridingCar":0,"ridingTrain":0,"updateMs":0.976,"visible":177,"waitingCar":0,"waitingTrain":0,"walking":341},"plans":0,"population":233146,"railway":{"depots":0,"edgeCount":1269,"editorVisible":false,"lines":[{"enabled":true,"first":480,"id":0,"interval":270.0,"last":1380,"name":"汐淵・鵜池線","next":270.0,"stops":[17680,17681]},{"enabled":true,"first":480,"id":1,"interval":1380.0,"last":1380,"name":"鵜池・常宮線","next":1440.0,"stops":[17681,17743]},{"enabled":true,"first":480,"id":2,"interval":210.0,"last":1380,"name":"常宮・網瀬洗線","next":210.0,"stops":[17743,18160]},{"enabled":true,"first":480,"id":3,"interval":1140.0,"last":1380,"name":"網瀬洗・葦草第3地区線","next":1440.0,"stops":[18160,18212]},{"enabled":true,"first":480,"id":4,"interval":120.0,"last":1380,"name":"葦草第3地区・葦草線","next":120.0,"stops":[18212,18559]},{"enabled":true,"first":480,"id":5,"interval":150.0,"last":1380,"name":"葦草第3地区・葦草第2地区線","next":150.0,"stops":[18212,18574]},{"enabled":true,"first":480,"id":6,"interval":210.0,"last":1380,"name":"葦草第3地区・秋神線","next":210.0,"stops":[18212,18602]},{"enabled":true,"first":480,"id":7,"interval":990.0,"last":1380,"name":"葦草第2地区・玉寺線","next":1440.0,"stops":[18574,18654]}],"message":"","stations":[{"id":17680,"name":"汐淵","position":[62375.3517339767,52.0,53503.86182038857]},{"id":17681,"name":"鵜池","position":[58668.00913071976,43.0,52852.76884116136]},{"id":17743,"name":"常宮","position":[48529.05328003586,69.5,30835.606379331177]},{"id":18160,"name":"網瀬洗","position":[45508.17318802182,48.5,30061.235276059448]},{"id":18212,"name":"葦草第3地区","position":[24688.427373988667,52.0,22959.968090410068]},{"id":18559,"name":"葦草","position":[24090.089516332482,57.0,23697.686613220016]},{"id":18574,"name":"葦草第2地区","position":[23546.43567707546,44.5,24367.98267101535]},{"id":18602,"name":"秋神","position":[23495.00371227449,64.0,19984.44194673403]},{"id":18654,"name":"玉寺","position":[16738.027409982784,50.0,43665.12840887711]}],"trains":[{"id":0,"line":0,"passengers":0,"position":[62364.64445286007,52.0,53462.17735144537],"speed":2.3999998569488525,"state":0,"stopIndex":1},{"id":1,"line":1,"passengers":0,"position":[58589.384874759184,42.652380563843955,52879.41532842659],"speed":2.3999998569488525,"state":0,"stopIndex":1},{"id":2,"line":2,"passengers":0,"position":[48499.05821813552,69.5,30866.4695788021],"speed":2.3999998569488525,"state":0,"stopIndex":1},{"id":3,"line":3,"passengers":0,"position":[45444.70614344761,48.21896940503315,30007.719917036047],"speed":2.3999998569488525,"state":0,"stopIndex":1},{"id":4,"line":4,"passengers":0,"position":[24659.942770952694,52.0,22992.230579617677],"speed":2.3999998569488525,"state":0,"stopIndex":1},{"id":5,"line":5,"passengers":0,"position":[24659.942770952694,52.0,22992.230579617677],"speed":2.3999998569488525,"state":0,"stopIndex":1},{"id":6,"line":6,"passengers":0,"position":[24716.91197702464,52.0,22927.70560120246],"speed":2.3999998569488525,"state":0,"stopIndex":1},{"id":7,"line":7,"passengers":0,"position":[23492.755045342943,44.253786619728,24431.31051373995],"speed":2.3999998569488525,"state":0,"stopIndex":1}]},"renderMs":8635.063,"selectionId":-1,"selectionKind":0,"signalsMs":0.629,"sound":{"enginePitch":1.0,"enginePlaying":false,"events":0,"outputPeak":0.0,"volume":0.6},"textInput":false,"timeSpeed":0,"townLabels":[],"traffic":{"accessPoints":22248,"cars":616,"completed":0,"localCars":616,"localTarget":2400,"routeFailures":0,"spawned":616,"stopped":38,"updateMs":2.178336},"zone":2,"zoneBrush":1,"zoneCells":[{"angle":0.0,"building":0,"builtAt":0.0,"edge":-1,"offsetX":0.0,"offsetZ":0.0,"x":24120.0,"z":23640.0,"zone":4},{"angle":0.0,"building":0,"builtAt":0.0,"edge":-1,"offsetX":0.0,"offsetZ":0.0,"x":24136.0,"z":23640.0,"zone":4},{"angle":0.0,"building":0,"builtAt":0.0,"edge":-1,"offsetX":0.0,"offsetZ":0.0,"x":24152.0,"z":23640.0,"zone":4},{"angle":0.0,"building":0,"builtAt":0.0,"edge":-1,"offsetX":0.0,"offsetZ":0.0,"x":24168.0,"z":23640.0,"zone":4},{"angle":0.0,"building":0,"builtAt":0.0,"edge":-1,"offsetX":0.0,"offsetZ":0.0,"x":24184.0,"z":23640.0,"zone":4},{"angle":0.0,"building":0,"builtAt":0.0,"edge":-1,"offsetX":0.0,"offsetZ":0.0,"x":24200.0,"z":23640.0,"zone":4},{"angle":0.6814517378807068,"building":3,"builtAt":0.0,"edge":13314,"offsetX":-6.154789924621582,"offsetZ":2.631941318511963,"x":24216.0,"z":23640.0,"zone":4},{"angle":-2.4601409435272217,"building":5,"builtAt":0.0,"edge":13314,"offsetX":1.7993983030319214,"offsetZ":-6.419382572174072,"x":24232.0,"z":23640.0,"zone":4},{"angle":-2.4601409435272217,"building":2,"builtAt":0.0,"edge":13314,"offsetX":-4.645404815673828,"offsetZ":2.2820231914520264,"x":24248.0,"z":23640.0,"zone":3},{"angle":2.2522480487823486,"building":2,"builtAt":0.0,"edge":12908,"offsetX":-0.9939571022987366,"offsetZ":-0.4058094918727875,"x":24264.0,"z":23640.0,"zone":3},{"angle":-0.8893446326255798,"building":22,"builtAt":0.0,"edge":12908,"offsetX":7.369441032409668,"offsetZ":2.337386131286621,"x":24280.0,"z":23640.0,"zone":3},{"angle":-0.8893446326255798,"building":1,"builtAt":0.0,"edge":12908,"offsetX":7.765885353088379,"offsetZ":-1.3827219009399414,"x":24296.0,"z":23640.0,"zone":3},{"angle":0.681451678276062,"building":22,"builtAt":0.0,"edge":13331,"offsetX":6.7182936668396,"offsetZ":-6.901335716247559,"x":24312.0,"z":23640.0,"zone":3},{"angle":0.6814517378807068,"building":22,"builtAt":0.0,"edge":13331,"offsetX":4.2420973777771,"offsetZ":4.102306365966797,"x":24328.0,"z":23640.0,"zone":3},{"angle":0.0,"building":0,"builtAt":0.0,"edge":-1,"offsetX":0.0,"offsetZ":0.0,"x":24344.0,"z":23640.0,"zone":3},{"angle":0.0,"building":0,"builtAt":0.0,"edge":-1,"offsetX":0.0,"offsetZ":0.0,"x":24360.0,"z":23640.0,"zone":3},{"angle":-2.4601409435272217,"building":1,"builtAt":0.0,"edge":13332,"offsetX":4.055675029754639,"offsetZ":3.697913408279419,"x":24376.0,"z":23640.0,"zone":3},{"angle":0.0,"building":0,"builtAt":0.0,"edge":-1,"offsetX":0.0,"offsetZ":0.0,"x":24120.0,"z":23656.0,"zone":4},{"angle":0.0,"building":0,"builtAt":0.0,"edge":-1,"offsetX":0.0,"offsetZ":0.0,"x":24136.0,"z":23656.0,"zone":4},{"angle":0.0,"building":0,"builtAt":0.0,"edge":-1,"offsetX":0.0,"offsetZ":0.0,"x":24152.0,"z":23656.0,"zone":4},{"angle":0.0,"building":0,"builtAt":0.0,"edge":-1,"offsetX":0.0,"offsetZ":0.0,"x":24168.0,"z":23656.0,"zone":4},{"angle":0.0,"building":0,"builtAt":0.0,"edge":-1,"offsetX":0.0,"offsetZ":0.0,"x":24184.0,"z":23656.0,"zone":4},{"angle":0.0,"building":0,"builtAt":0.0,"edge":-1,"offsetX":0.0,"offsetZ":0.0,"x":24200.0,"z":23656.0,"zone":4},{"angle":0.0,"building":0,"builtAt":0.0,"edge":-1,"offsetX":0.0,"offsetZ":0.0,"x":24216.0,"z":23656.0,"zone":4},{"angle":0.6814517378807068,"building":6,"builtAt":0.0,"edge":13314,"offsetX":-2.1298155784606934,"offsetZ":2.907579183578491,"x":24232.0,"z":23656.0,"zone":4},{"angle":-2.4601409435272217,"building":1,"builtAt":0.0,"edge":13314,"offsetX":4.912838459014893,"offsetZ":-5.019872188568115,"x":24248.0,"z":23656.0,"zone":3},{"angle":-0.8893446326255798,"building":22,"builtAt":0.0,"edge":12908,"offsetX":6.674298286437988,"offsetZ":6.832339286804199,"x":24264.0,"z":23656.0,"zone":3},{"angle":-0.8893446326255798,"building":1,"builtAt":0.0,"edge":12908,"offsetX":-2.0072314739227295,"offsetZ":-4.2505974769592285,"x":24280.0,"z":23656.0,"zone":3},{"angle":-0.8893446326255798,"building":2,"builtAt":0.0,"edge":12908,"offsetX":0.8446816802024841,"offsetZ":-5.977575778961182,"x":24296.0,"z":23656.0,"zone":3},{"angle":2.2522480487823486,"building":2,"builtAt":0.0,"edge":12932,"offsetX":-5.701622486114502,"offsetZ":1.6881537437438965,"x":24312.0,"z":23656.0,"zone":3},{"angle":0.0,"building":0,"builtAt":0.0,"edge":-1,"offsetX":0.0,"offsetZ":0.0,"x":24328.0,"z":23656.0,"zone":3},{"angle":0.0,"building":0,"builtAt":0.0,"edge":-1,"offsetX":0.0,"offsetZ":0.0,"x":24344.0,"z":23656.0,"zone":3},{"angle":0.0,"building":0,"builtAt":0.0,"edge":-1,"offsetX":0.0,"offsetZ":0.0,"x":24360.0,"z":23656.0,"zone":3},{"angle":-2.4601409435272217,"building":1,"builtAt":0.0,"edge":13332,"offsetX":-2.369521141052246,"offsetZ":-4.38016414642334,"x":24376.0,"z":23656.0,"zone":3},{"angle":0.0,"building":0,"builtAt":0.0,"edge":-1,"offsetX":0.0,"offsetZ":0.0,"x":24120.0,"z":23672.0,"zone":0},{"angle":0.0,"building":0,"builtAt":0.0,"edge":-1,"offsetX":0.0,"offsetZ":0.0,"x":24136.0,"z":23672.0,"zone":4},{"angle":0.0,"building":0,"builtAt":0.0,"edge":-1,"offsetX":0.0,"offsetZ":0.0,"x":24152.0,"z":23672.0,"zone":4},{"angle":0.0,"building":0,"builtAt":0.0,"edge":-1,"offsetX":0.0,"offsetZ":0.0,"x":24168.0,"z":23672.0,"zone":4},{"angle":0.0,"building":0,"builtAt":0.0,"edge":-1,"offsetX":0.0,"offsetZ":0.0,"x":24184.0,"z":23672.0,"zone":4},{"angle":0.0,"building":0,"builtAt":0.0,"edge":-1,"offsetX":0.0,"offsetZ":0.0,"x":24200.0,"z":23672.0,"zone":4},{"angle":0.0,"building":0,"builtAt":0.0,"edge":-1,"offsetX":0.0,"offsetZ":0.0,"x":24216.0,"z":23672.0,"zone":4},{"angle":0.0,"building":0,"builtAt":0.0,"edge":-1,"offsetX":0.0,"offsetZ":0.0,"x":24232.0,"z":23672.0,"zone":4},{"angle":0.0,"building":0,"builtAt":0.0,"edge":-1,"offsetX":0.0,"offsetZ":0.0,"x":24248.0,"z":23672.0,"zone":4},{"angle":0.681451678276062,"building":2,"builtAt":0.0,"edge":13315,"offsetX":-6.2566328048706055,"offsetZ":7.641294956207275,"x":24264.0,"z":23672.0,"zone":3},{"angle":-2.4601409435272217,"building":2,"builtAt":0.0,"edge":13315,"offsetX":4.3646721839904785,"offsetZ":3.455223321914673,"x":24280.0,"z":23672.0,"zone":3},{"angle":-2.4601409435272217,"building":2,"builtAt":0.0,"edge":13315,"offsetX":-4.265249729156494,"offsetZ":-5.631687641143799,"x":24296.0,"z":23672.0,"zone":3},{"angle":2.2522480487823486,"building":22,"builtAt":0.0,"edge":12932,"offsetX":3.77361798286438,"offsetZ":-6.626807689666748,"x":24312.0,"z":23672.0,"zone":3},{"angle":0.0,"building":0,"builtAt":0.0,"edge":-1,"offsetX":0.0,"offsetZ":0.0,"x":24328.0,"z":23672.0,"zone":3},{"angle":0.0,"building":0,"builtAt":0.0,"edge":-1,"offsetX":0.0,"offsetZ":0.0,"x":24344.0,"z":23672.0,"zone":3},{"angle":-0.8893446326255798,"building":2,"builtAt":0.0,"edge":12932,"offsetX":-4.96362829208374,"offsetZ":0.1304757297039032,"x":24360.0,"z":23672.0,"zone":3},{"angle":0.6814517378807068,"building":5,"builtAt":0.0,"edge":13332,"offsetX":-2.546783685684204,"offsetZ":5.799036502838135,"x":24376.0,"z":23672.0,"zone":3},{"angle":0.0,"building":0,"builtAt":0.0,"edge":-1,"offsetX":0.0,"offsetZ":0.0,"x":24120.0,"z":23688.0,"zone":0},{"angle":0.0,"building":0,"builtAt":0.0,"edge":-1,"offsetX":0.0,"offsetZ":0.0,"x":24136.0,"z":23688.0,"zone":0},{"angle":0.0,"building":0,"builtAt":0.0,"edge":-1,"offsetX":0.0,"offsetZ":0.0,"x":24152.0,"z":23688.0,"zone":4},{"angle":-2.4601409435272217,"building":4,"builtAt":0.0,"edge":13297,"offsetX":3.924286365509033,"offsetZ":0.052965693175792694,"x":24168.0,"z":23688.0,"zone":4},{"angle":0.0,"building":0,"builtAt":0.0,"edge":-1,"offsetX":0.0,"offsetZ":0.0,"x":24184.0,"z":23688.0,"zone":4},{"angle":0.0,"building":0,"builtAt":0.0,"edge":-1,"offsetX":0.0,"offsetZ":0.0,"x":24200.0,"z":23688.0,"zone":4},{"angle":0.0,"building":0,"builtAt":0.0,"edge":-1,"offsetX":0.0,"offsetZ":0.0,"x":24216.0,"z":23688.0,"zone":4},{"angle":2.2522480487823486,"building":3,"builtAt":0.0,"edge":13917,"offsetX":-5.8597187995910645,"offsetZ":-5.19177770614624,"x":24232.0,"z":23688.0,"zone":4},{"angle":0.0,"building":0,"builtAt":0.0,"edge":-1,"offsetX":0.0,"offsetZ":0.0,"x":24248.0,"z":23688.0,"zone":4},{"angle":0.681451678276062,"building":1,"builtAt":0.0,"edge":13315,"offsetX":8.20810604095459,"offsetZ":2.443617820739746,"x":24264.0,"z":23688.0,"zone":3},{"angle":0.0,"building":0,"builtAt":0.0,"edge":-1,"offsetX":0.0,"offsetZ":0.0,"x":24280.0,"z":23688.0,"zone":3},{"angle":-2.4601409435272217,"building":22,"builtAt":0.0,"edge":13315,"offsetX":2.7603297233581543,"offsetZ":-1.6592320203781128,"x":24296.0,"z":23688.0,"zone":3},{"angle":0.0,"building":0,"builtAt":0.0,"edge":-1,"offsetX":0.0,"offsetZ":0.0,"x":24312.0,"z":23688.0,"zone":3},{"angle":0.0,"building":0,"builtAt":0.0,"edge":-1,"offsetX":0.0,"offsetZ":0.0,"x":24328.0,"z":23688.0,"zone":3},{"angle":-0.8893446326255798,"building":5,"builtAt":0.0,"edge":12932,"offsetX":-0.6748335361480713,"offsetZ":-0.2807047367095947,"x":24344.0,"z":23688.0,"zone":3},{"angle":0.0,"building":0,"builtAt":0.0,"edge":-1,"offsetX":0.0,"offsetZ":0.0,"x":24360.0,"z":23688.0,"zone":3},{"angle":0.0,"building":0,"builtAt":0.0,"edge":-1,"offsetX":0.0,"offsetZ":0.0,"x":24376.0,"z":23688.0,"zone":3},{"angle":0.0,"building":0,"builtAt":0.0,"edge":-1,"offsetX":0.0,"offsetZ":0.0,"x":24120.0,"z":23704.0,"zone":0},{"angle":0.0,"building":0,"builtAt":0.0,"edge":-1,"offsetX":0.0,"offsetZ":0.0,"x":24136.0,"z":23704.0,"zone":4},{"angle":0.0,"building":0,"builtAt":0.0,"edge":-1,"offsetX":0.0,"offsetZ":0.0,"x":24152.0,"z":23704.0,"zone":4},{"angle":0.0,"building":0,"builtAt":0.0,"edge":-1,"offsetX":0.0,"offsetZ":0.0,"x":24168.0,"z":23704.0,"zone":4},{"angle":0.0,"building":0,"builtAt":0.0,"edge":-1,"offsetX":0.0,"offsetZ":0.0,"x":24184.0,"z":23704.0,"zone":4},{"angle":0.0,"building":0,"builtAt":0.0,"edge":-1,"offsetX":0.0,"offsetZ":0.0,"x":24200.0,"z":23704.0,"zone":4},{"angle":2.2522480487823486,"building":5,"builtAt":0.0,"edge":13916,"offsetX":-2.0915510654449463,"offsetZ":-4.87722110748291,"x":24216.0,"z":23704.0,"zone":4},{"angle":0.6814517378807068,"building":5,"builtAt":0.0,"edge":13920,"offsetX":-1.634013295173645,"offsetZ":8.299647331237793,"x":24232.0,"z":23704.0,"zone":4},{"angle":-2.4601409435272217,"building":5,"builtAt":0.0,"edge":13920,"offsetX":-5.114144802093506,"offsetZ":-7.136678695678711,"x":24248.0,"z":23704.0,"zone":4},{"angle":-2.4601409435272217,"building":1,"builtAt":0.0,"edge":13920,"offsetX":-7.655171871185303,"offsetZ":5.670788288116455,"x":24264.0,"z":23704.0,"zone":3},{"angle":2.2522480487823486,"building":1,"builtAt":0.0,"edge":13919,"offsetX":-0.2724016010761261,"offsetZ":8.086161613464355,"x":24280.0,"z":23704.0,"zone":3},{"angle":0.0,"building":0,"builtAt":0.0,"edge":-1,"offsetX":0.0,"offsetZ":0.0,"x":24296.0,"z":23704.0,"zone":3},{"angle":0.0,"building":0,"builtAt":0.0,"edge":-1,"offsetX":0.0,"offsetZ":0.0,"x":24312.0,"z":23704.0,"zone":3},{"angle":-0.8893445730209351,"building":2,"builtAt":0.0,"edge":12932,"offsetX":2.4476945400238037,"offsetZ":-1.6342653036117554,"x":24328.0,"z":23704.0,"zone":3},{"angle":-2.4601409435272217,"building":22,"builtAt":0.0,"edge":13316,"offsetX":3.705528974533081,"offsetZ":5.544941425323486,"x":24344.0,"z":23704.0,"zone":3},{"angle":-2.4601409435272217,"building":22,"builtAt":0.0,"edge":13316,"offsetX":-4.294471740722656,"offsetZ":-4.318628787994385,"x":24360.0,"z":23704.0,"zone":3},{"angle":2.2522480487823486,"building":1,"builtAt":0.0,"edge":12956,"offsetX":0.7640894055366516,"offsetZ":-0.11544811725616455,"x":24376.0,"z":23704.0,"zone":3},{"angle":0.0,"building":0,"builtAt":0.0,"edge":-1,"offsetX":0.0,"offsetZ":0.0,"x":24120.0,"z":23720.0,"zone":4},{"angle":0.0,"building":0,"builtAt":0.0,"edge":-1,"offsetX":0.0,"offsetZ":0.0,"x":24136.0,"z":23720.0,"zone":4},{"angle":0.0,"building":0,"builtAt":0.0,"edge":-1,"offsetX":0.0,"offsetZ":0.0,"x":24152.0,"z":23720.0,"zone":4},{"angle":0.6814517378807068,"building":3,"builtAt":0.0,"edge":13297,"offsetX":-5.06278133392334,"offsetZ":-1.243548035621643,"x":24168.0,"z":23720.0,"zone":4},{"angle":0.0,"building":0,"builtAt":0.0,"edge":-1,"offsetX":0.0,"offsetZ":0.0,"x":24184.0,"z":23720.0,"zone":4},{"angle":-2.4601409435272217,"building":5,"builtAt":0.0,"edge":13297,"offsetX":0.2806078791618347,"offsetZ":-8.037710189819336,"x":24200.0,"z":23720.0,"zone":4},{"angle":0.0,"building":0,"builtAt":0.0,"edge":-1,"offsetX":0.0,"offsetZ":0.0,"x":24216.0,"z":23720.0,"zone":4},{"angle":0.0,"building":0,"builtAt":0.0,"edge":-1,"offsetX":0.0,"offsetZ":0.0,"x":24232.0,"z":23720.0,"zone":4},{"angle":0.681451678276062,"building":6,"builtAt":0.0,"edge":13920,"offsetX":-3.741565465927124,"offsetZ":4.572664737701416,"x":24248.0,"z":23720.0,"zone":4},{"angle":-2.4601409435272217,"building":2,"builtAt":0.0,"edge":13920,"offsetX":7.220584869384766,"offsetZ":0.729030430316925,"x":24264.0,"z":23720.0,"zone":3},{"angle":0.0,"building":0,"builtAt":0.0,"edge":-1,"offsetX":0.0,"offsetZ":0.0,"x":24280.0,"z":23720.0,"zone":3},{"angle":0.0,"building":0,"builtAt":0.0,"edge":-1,"offsetX":0.0,"offsetZ":0.0,"x":24296.0,"z":23720.0,"zone":3},{"angle":0.0,"building":0,"builtAt":0.0,"edge":-1,"offsetX":0.0,"offsetZ":0.0,"x":24312.0,"z":23720.0,"zone":3},{"angle":0.0,"building":0,"builtAt":0.0,"edge":-1,"offsetX":0.0,"offsetZ":0.0,"x":24328.0,"z":23720.0,"zone":3},{"angle":-2.4601409435272217,"building":22,"builtAt":0.0,"edge":13316,"offsetX":-4.294470310211182,"offsetZ":-0.5914881825447083,"x":24344.0,"z":23720.0,"zone":3},{"angle":2.2522480487823486,"building":1,"builtAt":0.0,"edge":12956,"offsetX":6.0577712059021,"offsetZ":-2.885031223297119,"x":24360.0,"z":23720.0,"zone":3},{"angle":0.0,"building":0,"builtAt":0.0,"edge":-1,"offsetX":0.0,"offsetZ":0.0,"x":24376.0,"z":23720.0,"zone":3},{"angle":0.0,"building":0,"builtAt":0.0,"edge":-1,"offsetX":0.0,"offsetZ":0.0,"x":24120.0,"z":23736.0,"zone":4},{"angle":0.6814517378807068,"building":3,"builtAt":0.0,"edge":13867,"offsetX":-7.419148921966553,"offsetZ":6.490680694580078,"x":24136.0,"z":23736.0,"zone":4},{"angle":-2.4601409435272217,"building":5,"builtAt":0.0,"edge":13867,"offsetX":-0.24337363243103027,"offsetZ":-0.9350773096084595,"x":24152.0,"z":23736.0,"zone":4},{"angle":-2.4601409435272217,"building":3,"builtAt":0.0,"edge":13867,"offsetX":-5.412522315979004,"offsetZ":6.861746788024902,"x":24168.0,"z":23736.0,"zone":4},{"angle":0.6814517378807068,"building":4,"builtAt":0.0,"edge":13297,"offsetX":-1.8821852207183838,"offsetZ":-1.6439602375030518,"x":24184.0,"z":23736.0,"zone":4},{"angle":0.0,"building":0,"builtAt":0.0,"edge":-1,"offsetX":0.0,"offsetZ":0.0,"x":24200.0,"z":23736.0,"zone":4},{"angle":-2.4601409435272217,"building":5,"builtAt":0.0,"edge":13298,"offsetX":5.143284320831299,"offsetZ":-7.1722412109375,"x":24216.0,"z":23736.0,"zone":4},{"angle":-2.460233211517334,"building":3,"builtAt":0.0,"edge":13298,"offsetX":2.5121841430664063,"offsetZ":2.666759967803955,"x":24232.0,"z":23736.0,"zone":4},{"angle":0.0,"building":0,"builtAt":0.0,"edge":-1,"offsetX":0.0,"offsetZ":0.0,"x":24248.0,"z":23736.0,"zone":4},{"angle":0.6814517378807068,"building":2,"builtAt":0.0,"edge":13920,"offsetX":-4.435221195220947,"offsetZ":-0.899985134601593,"x":24264.0,"z":23736.0,"zone":3},{"angle":0.0,"building":0,"builtAt":0.0,"edge":-1,"offsetX":0.0,"offsetZ":0.0,"x":24280.0,"z":23736.0,"zone":3},{"angle":-2.4601409435272217,"building":1,"builtAt":0.0,"edge":13968,"offsetX":2.2388463020324707,"offsetZ":7.524049758911133,"x":24296.0,"z":23736.0,"zone":3},{"angle":-0.8893445730209351,"building":22,"builtAt":0.0,"edge":13919,"offsetX":-6.010221481323242,"offsetZ":-2.613496780395508,"x":24312.0,"z":23736.0,"zone":3},{"angle":0.6814517378807068,"building":12,"builtAt":0.0,"edge":13316,"offsetX":-2.7718558311462402,"offsetZ":1.2583520412445068,"x":24328.0,"z":23736.0,"zone":4},{"angle":0.0,"building":0,"builtAt":0.0,"edge":-1,"offsetX":0.0,"offsetZ":0.0,"x":24344.0,"z":23736.0,"zone":3},{"angle":2.2522480487823486,"building":1,"builtAt":0.0,"edge":12956,"offsetX":-4.649094581604004,"offsetZ":-5.657011032104492,"x":24360.0,"z":23736.0,"zone":3},{"angle":-0.8893445730209351,"building":22,"builtAt":0.0,"edge":12956,"offsetX":5.839900016784668,"offsetZ":-6.084694862365723,"x":24376.0,"z":23736.0,"zone":3},{"angle":-2.4601409435272217,"building":3,"builtAt":0.0,"edge":13279,"offsetX":-3.748300790786743,"offsetZ":6.224560260772705,"x":24120.0,"z":23752.0,"zone":4},{"angle":0.6814517378807068,"building":5,"builtAt":0.0,"edge":13867,"offsetX":3.3918111324310303,"offsetZ":-1.6899226903915405,"x":24136.0,"z":23752.0,"zone":4},{"angle":0.0,"building":0,"builtAt":0.0,"edge":-1,"offsetX":0.0,"offsetZ":0.0,"x":24152.0,"z":23752.0,"zone":4},{"angle":0.0,"building":0,"builtAt":0.0,"edge":-1,"offsetX":0.0,"offsetZ":0.0,"x":24168.0,"z":23752.0,"zone":4},{"angle":0.0,"building":0,"builtAt":0.0,"edge":-1,"offsetX":0.0,"offsetZ":0.0,"x":24184.0,"z":23752.0,"zone":4},{"angle":0.681451678276062,"building":3,"builtAt":0.0,"edge":13298,"offsetX":2.926199197769165,"offsetZ":-0.7115504145622253,"x":24200.0,"z":23752.0,"zone":4},{"angle":0.0,"building":0,"builtAt":0.0,"edge":-1,"offsetX":0.0,"offsetZ":0.0,"x":24216.0,"z":23752.0,"zone":4},{"angle":0.0,"building":0,"builtAt":0.0,"edge":-1,"offsetX":0.0,"offsetZ":0.0,"x":24232.0,"z":23752.0,"zone":4},{"angle":-2.4601409435272217,"building":1,"builtAt":0.0,"edge":13298,"offsetX":-2.0073091983795166,"offsetZ":-1.165961503982544,"x":24248.0,"z":23752.0,"zone":3},{"angle":0.0,"building":0,"builtAt":0.0,"edge":-1,"offsetX":0.0,"offsetZ":0.0,"x":24264.0,"z":23752.0,"zone":3},{"angle":0.0,"building":0,"builtAt":0.0,"edge":-1,"offsetX":0.0,"offsetZ":0.0,"x":24280.0,"z":23752.0,"zone":3},{"angle":0.0,"building":0,"builtAt":0.0,"edge":-1,"offsetX":0.0,"offsetZ":0.0,"x":24296.0,"z":23752.0,"zone":3},{"angle":-2.4601409435272217,"building":3,"builtAt":0.0,"edge":13968,"offsetX":1.053743839263916,"offsetZ":0.6007509827613831,"x":24312.0,"z":23752.0,"zone":3},{"angle":0.0,"building":0,"builtAt":0.0,"edge":-1,"offsetX":0.0,"offsetZ":0.0,"x":24328.0,"z":23752.0,"zone":3},{"angle":2.2522480487823486,"building":2,"builtAt":0.0,"edge":13967,"offsetX":-4.315062999725342,"offsetZ":-3.4956400394439697,"x":24344.0,"z":23752.0,"zone":3},{"angle":0.0,"building":0,"builtAt":0.0,"edge":-1,"offsetX":0.0,"offsetZ":0.0,"x":24360.0,"z":23752.0,"zone":3},{"angle":0.0,"building":0,"builtAt":0.0,"edge":-1,"offsetX":0.0,"offsetZ":0.0,"x":24376.0,"z":23752.0,"zone":3},{"angle":0.0,"building":0,"builtAt":0.0,"edge":-1,"offsetX":0.0,"offsetZ":0.0,"x":24120.0,"z":23768.0,"zone":4},{"angle":-2.4601409435272217,"building":3,"builtAt":0.0,"edge":13279,"offsetX":-0.5094721913337708,"offsetZ":5.790102958679199,"x":24136.0,"z":23768.0,"zone":4},{"angle":2.2522480487823486,"building":5,"builtAt":0.0,"edge":13865,"offsetX":7.266846179962158,"offsetZ":-1.4373905658721924,"x":24152.0,"z":23768.0,"zone":4},{"angle":0.0,"building":0,"builtAt":0.0,"edge":-1,"offsetX":0.0,"offsetZ":0.0,"x":24168.0,"z":23768.0,"zone":4},{"angle":0.0,"building":0,"builtAt":0.0,"edge":-1,"offsetX":0.0,"offsetZ":0.0,"x":24184.0,"z":23768.0,"zone":4},{"angle":-2.4601409435272217,"building":6,"builtAt":0.0,"edge":13915,"offsetX":-1.9083874225616455,"offsetZ":3.561483383178711,"x":24200.0,"z":23768.0,"zone":4},{"angle":0.6815438866615295,"building":3,"builtAt":0.0,"edge":13298,"offsetX":-0.21514147520065308,"offsetZ":-6.243448257446289,"x":24216.0,"z":23768.0,"zone":4},{"angle":0.681451678276062,"building":5,"builtAt":0.0,"edge":13298,"offsetX":-2.885098934173584,"offsetZ":3.6434497833251953,"x":24232.0,"z":23768.0,"zone":4},{"angle":0.0,"building":0,"builtAt":0.0,"edge":-1,"offsetX":0.0,"offsetZ":0.0,"x":24248.0,"z":23768.0,"zone":3},{"angle":0.0,"building":0,"builtAt":0.0,"edge":-1,"offsetX":0.0,"offsetZ":0.0,"x":24264.0,"z":23768.0,"zone":3},{"angle":-0.8893445730209351,"building":2,"builtAt":0.0,"edge":13918,"offsetX":-1.1191508769989014,"offsetZ":-2.1868975162506104,"x":24280.0,"z":23768.0,"zone":3},{"angle":0.6814517378807068,"building":22,"builtAt":0.0,"edge":13968,"offsetX":3.9528307914733887,"offsetZ":0.7534745335578918,"x":24296.0,"z":23768.0,"zone":3},{"angle":0.0,"building":0,"builtAt":0.0,"edge":-1,"offsetX":0.0,"offsetZ":0.0,"x":24312.0,"z":23768.0,"zone":3},{"angle":2.2522480487823486,"building":22,"builtAt":0.0,"edge":13967,"offsetX":-0.9848089218139648,"offsetZ":-4.811123847961426,"x":24328.0,"z":23768.0,"zone":3},{"angle":0.0,"building":0,"builtAt":0.0,"edge":-1,"offsetX":0.0,"offsetZ":0.0,"x":24344.0,"z":23768.0,"zone":3},{"angle":-0.8893446326255798,"building":2,"builtAt":0.0,"edge":13967,"offsetX":-4.501984119415283,"offsetZ":-6.670202255249023,"x":24360.0,"z":23768.0,"zone":3},{"angle":0.0,"building":0,"builtAt":0.0,"edge":-1,"offsetX":0.0,"offsetZ":0.0,"x":24376.0,"z":23768.0,"zone":3},{"angle":0.0,"building":0,"builtAt":0.0,"edge":-1,"offsetX":0.0,"offsetZ":0.0,"x":24120.0,"z":23784.0,"zone":4},{"angle":0.0,"building":0,"builtAt":0.0,"edge":-1,"offsetX":0.0,"offsetZ":0.0,"x":24136.0,"z":23784.0,"zone":4},{"angle":0.0,"building":0,"builtAt":0.0,"edge":-1,"offsetX":0.0,"offsetZ":0.0,"x":24152.0,"z":23784.0,"zone":4},{"angle":0.0,"building":0,"builtAt":0.0,"edge":-1,"offsetX":0.0,"offsetZ":0.0,"x":24168.0,"z":23784.0,"zone":4},{"angle":0.6814517378807068,"building":3,"builtAt":0.0,"edge":13915,"offsetX":0.6661999225616455,"offsetZ":4.114297866821289,"x":24184.0,"z":23784.0,"zone":4},{"angle":0.0,"building":0,"builtAt":0.0,"edge":-1,"offsetX":0.0,"offsetZ":0.0,"x":24200.0,"z":23784.0,"zone":4},{"angle":-2.4601409435272217,"building":5,"builtAt":0.0,"edge":13915,"offsetX":1.0855088233947754,"offsetZ":3.8696868419647217,"x":24216.0,"z":23784.0,"zone":4},{"angle":0.0,"building":0,"builtAt":0.0,"edge":-1,"offsetX":0.0,"offsetZ":0.0,"x":24232.0,"z":23784.0,"zone":3},{"angle":0.0,"building":0,"builtAt":0.0,"edge":-1,"offsetX":0.0,"offsetZ":0.0,"x":24248.0,"z":23784.0,"zone":3},{"angle":0.0,"building":0,"builtAt":0.0,"edge":-1,"offsetX":0.0,"offsetZ":0.0,"x":24264.0,"z":23784.0,"zone":3},{"angle":-2.4601409435272217,"building":22,"builtAt":0.0,"edge":13299,"offsetX":7.2005839347839355,"offsetZ":-1.6012420654296875,"x":24280.0,"z":23784.0,"zone":3},{"angle":0.0,"building":0,"builtAt":0.0,"edge":-1,"offsetX":0.0,"offsetZ":0.0,"x":24296.0,"z":23784.0,"zone":3},{"angle":2.2522480487823486,"building":1,"builtAt":0.0,"edge":13966,"offsetX":1.771888256072998,"offsetZ":-2.302941083908081,"x":24312.0,"z":23784.0,"zone":3},{"angle":0.0,"building":0,"builtAt":0.0,"edge":-1,"offsetX":0.0,"offsetZ":0.0,"x":24328.0,"z":23784.0,"zone":3},{"angle":-0.8893445730209351,"building":22,"builtAt":0.0,"edge":13967,"offsetX":-0.24460944533348083,"offsetZ":-7.233728885650635,"x":24344.0,"z":23784.0,"zone":3},{"angle":-0.8893445730209351,"building":2,"builtAt":0.0,"edge":13967,"offsetX":-6.769368648529053,"offsetZ":0.4513097405433655,"x":24360.0,"z":23784.0,"zone":3},{"angle":0.0,"building":0,"builtAt":0.0,"edge":-1,"offsetX":0.0,"offsetZ":0.0,"x":24376.0,"z":23784.0,"zone":3},{"angle":0.0,"building":0,"builtAt":0.0,"edge":-1,"offsetX":0.0,"offsetZ":0.0,"x":24120.0,"z":23800.0,"zone":4},{"angle":0.6814517378807068,"building":6,"builtAt":0.0,"edge":13279,"offsetX":-8.264117240905762,"offsetZ":2.9963388442993164,"x":24136.0,"z":23800.0,"zone":4},{"angle":0.0,"building":0,"builtAt":0.0,"edge":-1,"offsetX":0.0,"offsetZ":0.0,"x":24152.0,"z":23800.0,"zone":4},{"angle":-2.4601409435272217,"building":5,"builtAt":0.0,"edge":13280,"offsetX":-4.052818298339844,"offsetZ":-2.2388317584991455,"x":24168.0,"z":23800.0,"zone":4},{"angle":0.0,"building":0,"builtAt":0.0,"edge":-1,"offsetX":0.0,"offsetZ":0.0,"x":24184.0,"z":23800.0,"zone":4},{"angle":0.0,"building":0,"builtAt":0.0,"edge":-1,"offsetX":0.0,"offsetZ":0.0,"x":24200.0,"z":23800.0,"zone":4},{"angle":0.0,"building":0,"builtAt":0.0,"edge":-1,"offsetX":0.0,"offsetZ":0.0,"x":24216.0,"z":23800.0,"zone":4},{"angle":0.0,"building":0,"builtAt":0.0,"edge":-1,"offsetX":0.0,"offsetZ":0.0,"x":24232.0,"z":23800.0,"zone":3},{"angle":-0.8893446326255798,"building":1,"builtAt":0.0,"edge":13914,"offsetX":2.387336492538452,"offsetZ":-0.28208649158477783,"x":24248.0,"z":23800.0,"zone":3},{"angle":0.6814517378807068,"building":22,"builtAt":0.0,"edge":13299,"offsetX":5.44967794418335,"offsetZ":4.28467321395874,"x":24264.0,"z":23800.0,"zone":3},{"angle":0.0,"building":0,"builtAt":0.0,"edge":-1,"offsetX":0.0,"offsetZ":0.0,"x":24280.0,"z":23800.0,"zone":3},{"angle":-2.4601409435272217,"building":2,"builtAt":0.0,"edge":13299,"offsetX":2.683525323867798,"offsetZ":-7.5707688331604,"x":24296.0,"z":23800.0,"zone":3},{"angle":-0.8893446326255798,"building":2,"builtAt":0.0,"edge":13966,"offsetX":6.448672294616699,"offsetZ":6.9481964111328125,"x":24312.0,"z":23800.0,"zone":3},{"angle":-0.8893445730209351,"building":1,"builtAt":0.0,"edge":13966,"offsetX":0.3710009455680847,"offsetZ":-6.4621076583862305,"x":24328.0,"z":23800.0,"zone":3},{"angle":-0.8893445730209351,"building":2,"builtAt":0.0,"edge":13966,"offsetX":-7.124582290649414,"offsetZ":0.4355294704437256,"x":24344.0,"z":23800.0,"zone":3},{"angle":0.0,"building":0,"builtAt":0.0,"edge":-1,"offsetX":0.0,"offsetZ":0.0,"x":24360.0,"z":23800.0,"zone":3},{"angle":2.2522480487823486,"building":22,"builtAt":0.0,"edge":12975,"offsetX":2.174591064453125,"offsetZ":5.0905256271362305,"x":24376.0,"z":23800.0,"zone":3},{"angle":0.0,"building":0,"builtAt":0.0,"edge":-1,"offsetX":0.0,"offsetZ":0.0,"x":24120.0,"z":23816.0,"zone":4},{"angle":0.0,"building":0,"builtAt":0.0,"edge":-1,"offsetX":0.0,"offsetZ":0.0,"x":24136.0,"z":23816.0,"zone":4},{"angle":0.6814517378807068,"building":3,"builtAt":0.0,"edge":13280,"offsetX":-5.007656097412109,"offsetZ":2.665574073791504,"x":24152.0,"z":23816.0,"zone":4},{"angle":0.0,"building":0,"builtAt":0.0,"edge":-1,"offsetX":0.0,"offsetZ":0.0,"x":24168.0,"z":23816.0,"zone":4},{"angle":0.0,"building":0,"builtAt":0.0,"edge":-1,"offsetX":0.0,"offsetZ":0.0,"x":24184.0,"z":23816.0,"zone":4},{"angle":2.2522480487823486,"building":5,"builtAt":0.0,"edge":13913,"offsetX":-3.499864339828491,"offsetZ":-3.5717880725860596,"x":24200.0,"z":23816.0,"zone":4},{"angle":0.0,"building":0,"builtAt":0.0,"edge":-1,"offsetX":0.0,"offsetZ":0.0,"x":24216.0,"z":23816.0,"zone":3},{"angle":0.0,"building":0,"builtAt":0.0,"edge":-1,"offsetX":0.0,"offsetZ":0.0,"x":24232.0,"z":23816.0,"zone":3},{"angle":-2.4601409435272217,"building":1,"builtAt":0.0,"edge":13965,"offsetX":-4.7039794921875,"offsetZ":-5.033782005310059,"x":24248.0,"z":23816.0,"zone":3},{"angle":-2.4601409435272217,"building":2,"builtAt":0.0,"edge":13965,"offsetX":-6.684689044952393,"offsetZ":5.3216552734375,"x":24264.0,"z":23816.0,"zone":3},{"angle":0.6814517378807068,"building":2,"builtAt":0.0,"edge":13299,"offsetX":1.6319679021835327,"offsetZ":-2.5471127033233643,"x":24280.0,"z":23816.0,"zone":3},{"angle":0.0,"building":0,"builtAt":0.0,"edge":-1,"offsetX":0.0,"offsetZ":0.0,"x":24296.0,"z":23816.0,"zone":3},{"angle":0.0,"building":0,"builtAt":0.0,"edge":-1,"offsetX":0.0,"offsetZ":0.0,"x":24312.0,"z":23816.0,"zone":3},{"angle":0.0,"building":0,"builtAt":0.0,"edge":-1,"offsetX":0.0,"offsetZ":0.0,"x":24328.0,"z":23816.0,"zone":3},{"angle":0.0,"building":0,"builtAt":0.0,"edge":-1,"offsetX":0.0,"offsetZ":0.0,"x":24344.0,"z":23816.0,"zone":3},{"angle":-2.4601409435272217,"building":1,"builtAt":0.0,"edge":13300,"offsetX":-1.480087161064148,"offsetZ":6.840113639831543,"x":24360.0,"z":23816.0,"zone":3},{"angle":0.0,"building":0,"builtAt":0.0,"edge":-1,"offsetX":0.0,"offsetZ":0.0,"x":24376.0,"z":23816.0,"zone":3},{"angle":-0.8893446326255798,"building":6,"builtAt":0.0,"edge":12905,"offsetX":8.196125030517578,"offsetZ":7.854005336761475,"x":24120.0,"z":23832.0,"zone":4},{"angle":-0.8893446326255798,"building":5,"builtAt":0.0,"edge":12905,"offsetX":0.9195042252540588,"offsetZ":-4.116843223571777,"x":24136.0,"z":23832.0,"zone":4},{"angle":0.0,"building":0,"builtAt":0.0,"edge":-1,"offsetX":0.0,"offsetZ":0.0,"x":24152.0,"z":23832.0,"zone":4},{"angle":0.681451678276062,"building":5,"builtAt":0.0,"edge":13280,"offsetX":-7.015702247619629,"offsetZ":-2.9103939533233643,"x":24168.0,"z":23832.0,"zone":4},{"angle":0.0,"building":0,"builtAt":0.0,"edge":-1,"offsetX":0.0,"offsetZ":0.0,"x":24184.0,"z":23832.0,"zone":3},{"angle":0.0,"building":0,"builtAt":0.0,"edge":-1,"offsetX":0.0,"offsetZ":0.0,"x":24200.0,"z":23832.0,"zone":3},{"angle":-0.8893445730209351,"building":2,"builtAt":0.0,"edge":13913,"offsetX":7.370290756225586,"offsetZ":2.2216615676879883,"x":24216.0,"z":23832.0,"zone":3},{"angle":0.681451678276062,"building":2,"builtAt":0.0,"edge":13965,"offsetX":0.0791950523853302,"offsetZ":-7.204036235809326,"x":24232.0,"z":23832.0,"zone":3},{"angle":0.6814517378807068,"building":22,"builtAt":0.0,"edge":13965,"offsetX":-2.7889280319213867,"offsetZ":4.245532989501953,"x":24248.0,"z":23832.0,"zone":3},{"angle":-2.4601409435272217,"building":2,"builtAt":0.0,"edge":13965,"offsetX":6.860024929046631,"offsetZ":0.2617645263671875,"x":24264.0,"z":23832.0,"zone":3},{"angle":0.0,"building":0,"builtAt":0.0,"edge":-1,"offsetX":0.0,"offsetZ":0.0,"x":24280.0,"z":23832.0,"zone":3},{"angle":-0.8893445730209351,"building":2,"builtAt":0.0,"edge":13964,"offsetX":3.954244375228882,"offsetZ":-2.2634506225585938,"x":24296.0,"z":23832.0,"zone":3},{"angle":0.0,"building":0,"builtAt":0.0,"edge":-1,"offsetX":0.0,"offsetZ":0.0,"x":24312.0,"z":23832.0,"zone":3},{"angle":0.0,"building":0,"builtAt":0.0,"edge":-1,"offsetX":0.0,"offsetZ":0.0,"x":24328.0,"z":23832.0,"zone":3},{"angle":-2.4601409435272217,"building":3,"builtAt":0.0,"edge":13300,"offsetX":6.677393913269043,"offsetZ":0.5095189213752747,"x":24344.0,"z":23832.0,"zone":3},{"angle":0.0,"building":0,"builtAt":0.0,"edge":-1,"offsetX":0.0,"offsetZ":0.0,"x":24360.0,"z":23832.0,"zone":3},{"angle":-0.8893445730209351,"building":1,"builtAt":0.0,"edge":12975,"offsetX":5.940298080444336,"offsetZ":0.8853286504745483,"x":24376.0,"z":23832.0,"zone":3},{"angle":-0.8893446326255798,"building":5,"builtAt":0.0,"edge":12905,"offsetX":-1.6903789043426514,"offsetZ":2.8814847469329834,"x":24120.0,"z":23848.0,"zone":4},{"angle":-2.4601409435272217,"building":22,"builtAt":0.0,"edge":13263,"offsetX":4.754898548126221,"offsetZ":4.187449932098389,"x":24136.0,"z":23848.0,"zone":4},{"angle":0.0,"building":0,"builtAt":0.0,"edge":-1,"offsetX":0.0,"offsetZ":0.0,"x":24152.0,"z":23848.0,"zone":4},{"angle":2.2522480487823486,"building":2,"builtAt":0.0,"edge":12929,"offsetX":3.917633533477783,"offsetZ":-4.106917858123779,"x":24168.0,"z":23848.0,"zone":3},{"angle":0.0,"building":0,"builtAt":0.0,"edge":-1,"offsetX":0.0,"offsetZ":0.0,"x":24184.0,"z":23848.0,"zone":3},{"angle":0.0,"building":0,"builtAt":0.0,"edge":-1,"offsetX":0.0,"offsetZ":0.0,"x":24200.0,"z":23848.0,"zone":3},{"angle":-2.4601409435272217,"building":1,"builtAt":0.0,"edge":13281,"offsetX":1.5350812673568726,"offsetZ":-5.021531105041504,"x":24216.0,"z":23848.0,"zone":3},{"angle":-2.4601409435272217,"building":2,"builtAt":0.0,"edge":13281,"offsetX":-1.4730476140975952,"offsetZ":4.504375457763672,"x":24232.0,"z":23848.0,"zone":3},{"angle":0.0,"building":0,"builtAt":0.0,"edge":-1,"offsetX":0.0,"offsetZ":0.0,"x":24248.0,"z":23848.0,"zone":3},{"angle":2.2522480487823486,"building":2,"builtAt":0.0,"edge":13963,"offsetX":-5.504047393798828,"offsetZ":0.7013303637504578,"x":24264.0,"z":23848.0,"zone":3},{"angle":0.0,"building":0,"builtAt":0.0,"edge":-1,"offsetX":0.0,"offsetZ":0.0,"x":24280.0,"z":23848.0,"zone":3},{"angle":-0.8893446326255798,"building":9,"builtAt":0.0,"edge":13964,"offsetX":-7.772275924682617,"offsetZ":-4.036936283111572,"x":24296.0,"z":23848.0,"zone":3},{"angle":0.6814517378807068,"building":2,"builtAt":0.0,"edge":13300,"offsetX":6.445248126983643,"offsetZ":-4.567173004150391,"x":24312.0,"z":23848.0,"zone":3},{"angle":0.6814517378807068,"building":1,"builtAt":0.0,"edge":13300,"offsetX":4.994445323944092,"offsetZ":6.311647891998291,"x":24328.0,"z":23848.0,"zone":3},{"angle":0.0,"building":0,"builtAt":0.0,"edge":-1,"offsetX":0.0,"offsetZ":0.0,"x":24344.0,"z":23848.0,"zone":3},{"angle":0.0,"building":0,"builtAt":0.0,"edge":-1,"offsetX":0.0,"offsetZ":0.0,"x":24360.0,"z":23848.0,"zone":3},{"angle":-2.4601409435272217,"building":1,"builtAt":0.0,"edge":13301,"offsetX":-2.9686625003814697,"offsetZ":5.472647666931152,"x":24376.0,"z":23848.0,"zone":3},{"angle":0.0,"building":0,"builtAt":0.0,"edge":-1,"offsetX":0.0,"offsetZ":0.0,"x":24120.0,"z":23864.0,"zone":3},{"angle":-2.4601409435272217,"building":22,"builtAt":0.0,"edge":13263,"offsetX":-3.245100498199463,"offsetZ":-1.9489800930023193,"x":24136.0,"z":23864.0,"zone":3},{"angle":2.2522480487823486,"building":1,"builtAt":0.0,"edge":12929,"offsetX":0.5141414403915405,"offsetZ":4.960072040557861,"x":24152.0,"z":23864.0,"zone":3},{"angle":2.2522480487823486,"building":2,"builtAt":0.0,"edge":12929,"offsetX":-6.075340270996094,"offsetZ":-7.808835506439209,"x":24168.0,"z":23864.0,"zone":3},{"angle":0.0,"building":0,"builtAt":0.0,"edge":-1,"offsetX":0.0,"offsetZ":0.0,"x":24184.0,"z":23864.0,"zone":3},{"angle":-0.8893446326255798,"building":1,"builtAt":0.0,"edge":12929,"offsetX":-2.3463518619537354,"offsetZ":0.7666692137718201,"x":24200.0,"z":23864.0,"zone":3},{"angle":0.6814517378807068,"building":1,"builtAt":0.0,"edge":13281,"offsetX":-0.7528484463691711,"offsetZ":7.343550205230713,"x":24216.0,"z":23864.0,"zone":3},{"angle":0.0,"building":0,"builtAt":0.0,"edge":-1,"offsetX":0.0,"offsetZ":0.0,"x":24232.0,"z":23864.0,"zone":3},{"angle":2.2522480487823486,"building":3,"builtAt":0.0,"edge":13963,"offsetX":-2.916088342666626,"offsetZ":-1.1502094268798828,"x":24248.0,"z":23864.0,"zone":3},{"angle":0.0,"building":0,"builtAt":0.0,"edge":-1,"offsetX":0.0,"offsetZ":0.0,"x":24264.0,"z":23864.0,"zone":3},{"angle":-0.8893445730209351,"building":22,"builtAt":0.0,"edge":13963,"offsetX":-5.3050150871276855,"offsetZ":-2.1601970195770264,"x":24280.0,"z":23864.0,"zone":3},{"angle":0.0,"building":0,"builtAt":0.0,"edge":-1,"offsetX":0.0,"offsetZ":0.0,"x":24296.0,"z":23864.0,"zone":3},{"angle":0.6814517378807068,"building":1,"builtAt":0.0,"edge":13300,"offsetX":7.19917106628418,"offsetZ":7.320481777191162,"x":24312.0,"z":23864.0,"zone":3},{"angle":0.6814517378807068,"building":2,"builtAt":0.0,"edge":13300,"offsetX":-1.9031918048858643,"offsetZ":-1.183935284614563,"x":24328.0,"z":23864.0,"zone":3},{"angle":0.0,"building":0,"builtAt":0.0,"edge":-1,"offsetX":0.0,"offsetZ":0.0,"x":24344.0,"z":23864.0,"zone":3},{"angle":0.0,"building":0,"builtAt":0.0,"edge":-1,"offsetX":0.0,"offsetZ":0.0,"x":24360.0,"z":23864.0,"zone":3},{"angle":0.0,"building":0,"builtAt":0.0,"edge":-1,"offsetX":0.0,"offsetZ":0.0,"x":24376.0,"z":23864.0,"zone":3},{"angle":0.6814517378807068,"building":3,"builtAt":0.0,"edge":13263,"offsetX":-1.1400740146636963,"offsetZ":-0.8172220587730408,"x":24120.0,"z":23880.0,"zone":3},{"angle":0.0,"building":0,"builtAt":0.0,"edge":-1,"offsetX":0.0,"offsetZ":0.0,"x":24136.0,"z":23880.0,"zone":3},{"angle":0.0,"building":0,"builtAt":0.0,"edge":-1,"offsetX":0.0,"offsetZ":0.0,"x":24152.0,"z":23880.0,"zone":3},{"angle":0.0,"building":0,"builtAt":0.0,"edge":-1,"offsetX":0.0,"offsetZ":0.0,"x":24168.0,"z":23880.0,"zone":3},{"angle":-0.8893446326255798,"building":22,"builtAt":0.0,"edge":12929,"offsetX":4.7152276039123535,"offsetZ":-2.0799367427825928,"x":24184.0,"z":23880.0,"zone":3},{"angle":-0.8893446326255798,"building":2,"builtAt":0.0,"edge":12929,"offsetX":-1.8095316886901855,"offsetZ":5.605101108551025,"x":24200.0,"z":23880.0,"zone":3},{"angle":0.6814517378807068,"building":1,"builtAt":0.0,"edge":13281,"offsetX":-7.17804479598999,"offsetZ":-0.7345272898674011,"x":24216.0,"z":23880.0,"zone":3},{"angle":0.681451678276062,"building":22,"builtAt":0.0,"edge":13281,"offsetX":-5.124361038208008,"offsetZ":2.5523903369903564,"x":24232.0,"z":23880.0,"zone":3},{"angle":0.0,"building":0,"builtAt":0.0,"edge":-1,"offsetX":0.0,"offsetZ":0.0,"x":24248.0,"z":23880.0,"zone":3},{"angle":-2.4601409435272217,"building":1,"builtAt":0.0,"edge":13282,"offsetX":-0.1704224795103073,"offsetZ":0.3670438826084137,"x":24264.0,"z":23880.0,"zone":3},{"angle":0.0,"building":0,"builtAt":0.0,"edge":-1,"offsetX":0.0,"offsetZ":0.0,"x":24280.0,"z":23880.0,"zone":3},{"angle":0.0,"building":0,"builtAt":0.0,"edge":-1,"offsetX":0.0,"offsetZ":0.0,"x":24296.0,"z":23880.0,"zone":3},{"angle":0.0,"building":0,"builtAt":0.0,"edge":-1,"offsetX":0.0,"offsetZ":0.0,"x":24312.0,"z":23880.0,"zone":3},{"angle":0.0,"building":0,"builtAt":0.0,"edge":-1,"offsetX":0.0,"offsetZ":0.0,"x":24328.0,"z":23880.0,"zone":3},{"angle":0.681451678276062,"building":2,"builtAt":0.0,"edge":13301,"offsetX":4.860185146331787,"offsetZ":3.2743849754333496,"x":24344.0,"z":23880.0,"zone":3},{"angle":0.681451678276062,"building":2,"builtAt":0.0,"edge":13301,"offsetX":-3.769737720489502,"offsetZ":-5.812526226043701,"x":24360.0,"z":23880.0,"zone":3},{"angle":0.0,"building":0,"builtAt":0.0,"edge":-1,"offsetX":0.0,"offsetZ":0.0,"x":24376.0,"z":23880.0,"zone":3},{"angle":0.0,"building":0,"builtAt":0.0,"edge":-1,"offsetX":0.0,"offsetZ":0.0,"x":24120.0,"z":23896.0,"zone":3},{"angle":0.6814517378807068,"building":2,"builtAt":0.0,"edge":13263,"offsetX":-1.946588158607483,"offsetZ":-6.386551856994629,"x":24136.0,"z":23896.0,"zone":3},{"angle":0.0,"building":0,"builtAt":0.0,"edge":-1,"offsetX":0.0,"offsetZ":0.0,"x":24152.0,"z":23896.0,"zone":3},{"angle":0.0,"building":0,"builtAt":0.0,"edge":-1,"offsetX":0.0,"offsetZ":0.0,"x":24168.0,"z":23896.0,"zone":3},{"angle":-0.8893445730209351,"building":2,"builtAt":0.0,"edge":12929,"offsetX":-5.706819534301758,"offsetZ":-6.131444931030273,"x":24184.0,"z":23896.0,"zone":3},{"angle":-2.4601409435272217,"building":1,"builtAt":0.0,"edge":13264,"offsetX":-5.573004245758057,"offsetZ":2.5289621353149414,"x":24200.0,"z":23896.0,"zone":3},{"angle":2.2522480487823486,"building":22,"builtAt":0.0,"edge":12953,"offsetX":-0.5796533823013306,"offsetZ":4.808083534240723,"x":24216.0,"z":23896.0,"zone":3},{"angle":0.0,"building":0,"builtAt":0.0,"edge":-1,"offsetX":0.0,"offsetZ":0.0,"x":24232.0,"z":23896.0,"zone":3},{"angle":0.6814517378807068,"building":2,"builtAt":0.0,"edge":13282,"offsetX":0.43868550658226013,"offsetZ":3.3431894779205322,"x":24248.0,"z":23896.0,"zone":3},{"angle":0.0,"building":0,"builtAt":0.0,"edge":-1,"offsetX":0.0,"offsetZ":0.0,"x":24264.0,"z":23896.0,"zone":3},{"angle":0.0,"building":0,"builtAt":0.0,"edge":-1,"offsetX":0.0,"offsetZ":0.0,"x":24280.0,"z":23896.0,"zone":3},{"angle":-2.4601409435272217,"building":1,"builtAt":0.0,"edge":13282,"offsetX":4.048153877258301,"offsetZ":0.5161816477775574,"x":24296.0,"z":23896.0,"zone":3},{"angle":0.0,"building":0,"builtAt":0.0,"edge":-1,"offsetX":0.0,"offsetZ":0.0,"x":24312.0,"z":23896.0,"zone":3},{"angle":0.0,"building":0,"builtAt":0.0,"edge":-1,"offsetX":0.0,"offsetZ":0.0,"x":24328.0,"z":23896.0,"zone":3},{"angle":0.0,"building":0,"builtAt":0.0,"edge":-1,"offsetX":0.0,"offsetZ":0.0,"x":24344.0,"z":23896.0,"zone":3},{"angle":0.0,"building":0,"builtAt":0.0,"edge":-1,"offsetX":0.0,"offsetZ":0.0,"x":24360.0,"z":23896.0,"zone":3},{"angle":0.681451678276062,"building":1,"builtAt":0.0,"edge":13301,"offsetX":7.090324401855469,"offsetZ":-0.9298690557479858,"x":24376.0,"z":23896.0,"zone":3}],"zonePalette":false}
[291.404s] [Streaming] terrain workerMs=66.63 uploadTotalMs=2.09 maxFrameUploadMs=2.06 uploadFrames=2
[291.404s] [LandscapeStreaming] key=115964117013 terrainMs=62.36 masksMs=0.74 patchesMs=3.49 woodlandMs=0.00 landscapeVertices=17310 landscapeTriangles=8676
[291.404s] [TravelCost] frame=21363 total=8337.58 terrain=7.02 road=20.60 parts=0.96 node=2.91 marks=0.14 furniture=0.41 fallback=0.00 edges=2 nodes=3
[291.504s] [Streaming] terrain workerMs=2.75 uploadTotalMs=0.30 maxFrameUploadMs=0.30 uploadFrames=1
[291.504s] [LandscapeStreaming] key=81604378645 terrainMs=2.75 masksMs=0.00 patchesMs=0.00 woodlandMs=0.00 landscapeVertices=0 landscapeTriangles=0
[291.504s] [TravelCost] frame=21364 total=8392.82 terrain=6.56 road=19.88 parts=1.60 node=1.96 marks=0.13 furniture=0.37 fallback=0.00 edges=5 nodes=3
[291.604s] [Streaming] terrain workerMs=11.38 uploadTotalMs=1.40 maxFrameUploadMs=1.40 uploadFrames=1
[291.604s] [LandscapeStreaming] key=115964117012 terrainMs=8.74 masksMs=0.67 patchesMs=1.93 woodlandMs=0.00 landscapeVertices=9650 landscapeTriangles=4794
[291.604s] [TravelCost] frame=21365 total=8191.59 terrain=7.91 road=20.44 parts=1.72 node=1.55 marks=0.13 furniture=0.67 fallback=0.00 edges=5 nodes=2
[291.704s] [Streaming] terrain workerMs=0.88 uploadTotalMs=0.35 maxFrameUploadMs=0.35 uploadFrames=1
[291.704s] [LandscapeStreaming] key=81604378644 terrainMs=0.88 masksMs=0.00 patchesMs=0.00 woodlandMs=0.00 landscapeVertices=0 landscapeTriangles=0
[291.704s] [TravelCost] frame=21366 total=8235.19 terrain=5.47 road=20.35 parts=1.48 node=2.08 marks=0.06 furniture=0.84 fallback=0.00 edges=7 nodes=5
[291.804s] [Streaming] terrain workerMs=0.83 uploadTotalMs=0.35 maxFrameUploadMs=0.35 uploadFrames=1
[291.804s] [LandscapeStreaming] key=81604378643 terrainMs=0.83 masksMs=0.00 patchesMs=0.00 woodlandMs=0.00 landscapeVertices=0 landscapeTriangles=0
[291.804s] [TravelCost] frame=21367 total=8114.06 terrain=5.55 road=20.49 parts=1.78 node=2.15 marks=0.08 furniture=0.39 fallback=0.00 edges=4 nodes=2
[291.904s] [TravelCost] frame=21368 total=8267.04 terrain=5.03 road=19.95 parts=0.85 node=2.12 marks=0.53 furniture=0.52 fallback=0.00 edges=4 nodes=3
[292.004s] [TravelCost] frame=21369 total=8295.75 terrain=5.70 road=19.99 parts=1.90 node=1.73 marks=0.01 furniture=0.67 fallback=0.00 edges=6 nodes=3
[292.004s] [PlaytestInput] frame=21369 key=Alt
[292.004s] [PlaytestInput] frame=21369 key=Left Alt
[292.004s] [PlaytestState] {"cameraMode":2,"commandId":0,"commandInput":"/camera zoom 150","commandMessage":"俯瞰距離 150 m","commandPalette":false,"cursorX":400,"cursorY":322,"development":{"completed":0,"count":0},"draftMessage":"","draftPoints":0,"draftValid":false,"driving":false,"editMode":0,"eyeY":34.139395457570885,"focusX":24252.0,"focusY":32.639395457570885,"focusZ":23772.0,"focused":true,"fps":0.12072515253019395,"fpsGraph":false,"frame":21369,"funds":30.0,"gameHour":8.039999961853027,"income":30.30898,"localMapCenter":[24252.0,23772.0],"localMapHeadingUp":false,"localMapSpan":2000.0,"logicMs":0.056,"maintenance":22.71789867024176,"map":false,"mapBuilds":15,"mapContext":false,"mapCustomPixelShader":false,"mapX":24252.0,"mapZ":23772.0,"mapZoom":4.0,"nearbyRoads":[{"id":13765,"length":50.096553802490234,"open":true,"points":[[24184.245710017454,37.4201545715332,23402.493881529692],[24186.87543740885,37.40728441490625,23399.251568542553],[24189.505164800248,37.39441425827931,23396.00925555542],[24192.13489360234,37.38154409474828,23392.76694082897],[24194.764620523507,37.368673940422696,23389.524628421605],[24197.39434650421,37.35580379069984,23386.282317173776],[24200.02407154445,37.342933645579706,23383.040007085492],[24202.653799406078,37.3300634866514,23379.797693518583],[24205.283525386778,37.31719333692855,23376.55538227076],[24207.91325136748,37.30432318720568,23373.313071022934],[24210.542977348185,37.291453037482825,23370.070759775106],[24213.172703328884,37.27858288775997,23366.828448527285],[24215.802429309588,37.26571273803711,23363.586137279457]],"width":6.839999675750732},{"id":12848,"length":75.3116455078125,"open":true,"points":[[24084.107773628602,37.087406158447266,23525.95859225249],[24088.06082843304,37.16626295393985,23521.08468746174],[24092.01388323748,37.24511974943243,23516.210782670994],[24095.966938041915,37.32397654492501,23511.336877880243],[24099.919992846353,37.4028333404176,23506.462973089496],[24103.87304765079,37.481690135910185,23501.58906829875],[24107.82610528267,37.56054698780554,23496.715160021915],[24111.779155845943,37.63940369869397,23491.8412604603],[24115.732212064104,37.71826052238794,23486.967353926506],[24119.68526545482,37.79711728967914,23482.093450878805],[24123.638318845533,37.87597405697034,23477.2195478311],[24127.59137223625,37.954830824261535,23472.345644783396],[24131.544425626966,38.033687591552734,23467.47174173569]],"width":6.839999675750732},{"id":13803,"length":42.66592788696289,"open":true,"points":[[24030.355704276393,36.810420989990234,23592.23201402096],[24032.595373499,36.821962036956194,23589.470621858756],[24034.835042721603,36.83350308392215,23586.709229696546],[24037.074712544934,36.84504413398366,23583.947836793675],[24039.314381967783,36.85658518198147,23581.186444384584],[24041.554050990148,36.86812622791558,23578.42505246926],[24043.79372001251,36.87966727384969,23575.663660553942],[24046.033390636807,36.8912083280386,23572.90226666352],[24048.273059659175,36.90274937397271,23570.140874748202],[24050.512728681533,36.91429041990682,23567.379482832886],[24052.752399305835,36.92583147409572,23564.61808894246],[24054.992068328196,36.93737252002984,23561.856697027142],[24057.231738952498,36.94891357421875,23559.095303136724]],"width":6.839999675750732},{"id":12846,"length":67.05158233642578,"open":true,"points":[[23932.339416933068,36.665016174316406,23713.08084513701],[23935.859181175423,36.65745163008955,23708.74116439596],[23939.37894541778,36.64988708586271,23704.401483654918],[23942.898710289515,36.6423225402832,23700.061802137876],[23946.418475161256,36.6347579947037,23695.722120620834],[23949.938240032992,36.62719344912421,23691.38243910379],[23953.458003645967,36.61962890625,23687.04275913874],[23956.977767258937,36.61206436337579,23682.703079173683],[23960.497533389444,36.60449981509101,23678.36339610465],[23964.017297002418,36.5969352722168,23674.0237161396],[23967.53706313292,36.589370723932,23669.68403307057],[23971.056826745895,36.58180618105781,23665.34435310552],[23974.576590358865,36.574241638183594,23661.004673140465]],"width":6.839999675750732},{"id":13798,"length":43.819332122802734,"open":true,"points":[[23877.13575873594,35.95730972290039,23781.143998183044],[23879.435910818072,35.98679748731537,23778.308033895384],[23881.736062900203,36.01628525173035,23775.472069607724],[23884.036215187985,36.045773018781745,23772.63610506651],[23886.336367064465,36.07526078056031,23769.800141032407],[23888.63651811835,36.104748531793234,23766.964178012517],[23890.936670817424,36.13423630411746,23764.128212964195],[23893.236821871313,36.16372405535037,23761.29224994431],[23895.536973747792,36.19321181712894,23758.456285910204],[23897.837123979072,36.22269955781621,23755.62032390454],[23900.13727914595,36.25218736177738,23752.784355813554],[23902.43743266763,36.28167514464724,23749.94838975101],[23904.737587834505,36.3111629486084,23747.112421660026]],"width":6.839999675750732},{"id":12828,"length":75.30938720703125,"open":true,"points":[[24013.269180769486,37.10893249511719,23468.5038712713],[24017.222236280784,37.17088351506521,23463.62996560903],[24021.175291792086,37.23283453501325,23458.756059946758],[24025.128346596524,37.294785543883556,23453.88215515601],[24029.081402814685,37.35673657490929,23449.00824862222],[24033.034460446568,37.418687628090424,23444.134340345387],[24036.987515251003,37.48063863696075,23439.260435554635],[24040.94056864172,37.54258962367566,23434.386532506935],[24044.893619204988,37.60454056607978,23429.512632945316],[24048.846672595704,37.666491552794696,23424.638729897615],[24052.799725986417,37.728442539509615,23419.76482684991],[24056.752779377133,37.790393526224534,23414.890923802206],[24060.70583276785,37.85234451293945,23410.0170207545]],"width":11.699999809265137},{"id":12827,"length":85.33165740966797,"open":true,"points":[[23959.517111417277,36.91480255126953,23534.77729303977],[23963.99645106394,36.930980048518684,23529.254507234033],[23968.475790710603,36.94715754576782,23523.73172142829],[23972.955131959203,36.96333504880249,23518.20893364745],[23977.43447000393,36.979512540266114,23512.686149816807],[23981.91381125253,36.995690043300776,23507.16336203597],[23986.393149297255,37.011867534764406,23501.64057820533],[23990.872490545855,37.028045037799075,23496.117790424487],[23995.351834998328,37.04422255240479,23490.594998693443],[23999.831176246924,37.06040005543945,23485.072210912604],[24004.310511087777,37.076577535332035,23479.549431032166],[24008.789845928633,37.09275501522461,23474.026651151733],[24013.269180769486,37.10893249511719,23468.5038712713]],"width":11.699999809265137},{"id":13709,"length":44.274784088134766,"open":true,"points":[[23903.73799749975,37.11899185180664,23603.549952159276],[23906.0621266922,37.1104839663127,23600.68442537916],[23908.386255884645,37.10197608081876,23597.81889859904],[23910.71038424592,37.09346819836747,23594.953372843716],[23913.034513438368,37.084960312873534,23592.087846063598],[23915.35864346199,37.076452424336935,23589.222318258686],[23917.68277348561,37.067944535800336,23586.356790453774],[23920.006903509235,37.05943664726374,23583.491262648862],[23922.331034364022,37.05092875568449,23580.62573381916],[23924.655163556476,37.04242087019054,23577.760207039042],[23926.979294411267,37.03391297861128,23574.89467820934],[23929.303421941368,37.025405099202665,23572.02915347881],[23931.62755445851,37.016897201538086,23569.16362259952]],"width":11.699999809265137},{"id":12825,"length":67.05155181884766,"open":true,"points":[[23861.50082407395,37.06214904785156,23655.62612415582],[23865.020588945692,37.066885948745835,23651.28644263878],[23868.540353817425,37.071622849640114,23646.946761121733],[23872.06011994793,37.07635975222843,23642.607078052704],[23875.579883560906,37.08109665142865,23638.267398087653],[23879.099647173876,37.085833550628884,23633.9277181226],[23882.619413304386,37.0905704532172,23629.58803505357],[23886.139176917357,37.09530735241742,23625.248355088515],[23889.658940530328,37.10004425161765,23620.90867512346],[23893.1787041433,37.10478115081787,23616.56899515841],[23896.698467756272,37.109518050018096,23612.229315193363],[23900.218231369246,37.11425494921833,23607.889635228308],[23903.73799749975,37.11899185180664,23603.549952159276]],"width":11.699999809265137},{"id":12863,"length":95.55066680908203,"open":true,"points":[[23879.72899447735,33.08394241333008,23906.271273691305],[23884.744619889385,33.14690938084118,23900.087276268132],[23889.760245301415,33.20987634835229,23893.90327884496],[23894.775872507176,33.27284333838213,23887.719279210218],[23899.79149791921,33.33581030589323,23881.535281787044],[23904.807125124968,33.39877729592308,23875.3512821523],[23909.82275233073,33.46174428595293,23869.16728251756],[23914.83837953649,33.52471127598278,23862.983282882815],[23919.85400494852,33.587678243493876,23856.79928545964],[23924.86963394801,33.65064525604248,23850.615283613326],[23929.885259360042,33.713612223553575,23844.431286190156],[23934.90088835953,33.77657923610217,23838.24728434384],[23939.916513771564,33.83954620361328,23832.063286920667]],"width":11.699999809265137},{"id":13800,"length":43.81911087036133,"open":true,"points":[[23939.916513771564,33.83954620361328,23832.063286920667],[23942.216666059347,33.86660194235708,23829.227322379455],[23944.516818758428,33.89365768593882,23826.391357331126],[23946.816971046206,33.92071342468262,23823.555392789913],[23949.117122922686,33.94776915858847,23820.71942875581],[23951.417276444365,33.9748249118461,23817.883462693266],[23953.717428320848,34.00188064575195,23815.047498659158],[23956.017580197327,34.02893637965781,23812.211534625054],[23958.317733719006,34.055992132915435,23809.375568562507],[23960.617885595486,34.08304786682129,23806.539604528403],[23962.918037471965,34.11010360072714,23803.7036404943],[23965.218190993648,34.13715935398477,23800.867674431753],[23967.518342870128,34.164215087890625,23798.03171039765]],"width":11.699999809265137},{"id":12865,"length":67.05329895019531,"open":true,"points":[[23995.12017196869,34.48888397216797,23764.000133874633],[23998.639936211046,34.52957852438919,23759.660453133583],[24002.1597004534,34.57027307661041,23755.32077239254],[24005.679465325138,34.6109676361084,23750.9810908755],[24009.19923019688,34.65166219560638,23746.641409358457],[24012.718995068615,34.692356755104356,23742.30172784141],[24016.23875868159,34.73305130004883,23737.96204787636],[24019.758524812096,34.773745874100314,23733.62236480733],[24023.278288425066,34.814440419044786,23729.282684842274],[24026.79805455557,34.85513499309628,23724.943001773245],[24030.317818168543,34.89582953804075,23720.603321808194],[24033.837586816582,34.93652414119925,23716.263635635176],[24037.35734539449,34.97721862792969,23711.92396187809]],"width":11.699999809265137},{"id":13838,"length":44.27477264404297,"open":true,"points":[[24037.35734539449,34.97721862792969,23711.92396187809],[24039.68147521032,34.98487504346141,23709.058434329374],[24042.00560502615,34.99253145899314,23706.19290678066],[24044.329734218594,35.000187872471265,23703.327380000545],[24046.6538646578,35.0078442900566,23700.461851683238],[24048.977994681423,35.01550070627286,23697.596323878333],[24051.302123042693,35.02315711701283,23694.730798123004],[24053.62625306632,35.03081353322909,23691.865270318092],[24055.95038392111,35.038469952183505,23688.99974148839],[24058.274514775905,35.046126371137916,23686.134212658686],[24060.59864396836,35.05378278461603,23683.26868587857],[24062.9227731608,35.06143919809414,23680.403159098452],[24065.246900690905,35.06909560609597,23677.53763436792]],"width":11.699999809265137},{"id":13805,"length":42.66621017456055,"open":true,"points":[[24093.136459312016,35.160972595214844,23643.151302758582],[24095.376129135348,35.17807324931232,23640.389909855712],[24097.615798558192,35.19517390035196,23637.62851744662],[24099.85546878201,35.21227455750727,23634.86712404997],[24102.095137804376,35.22937520548908,23632.105732134652],[24104.334807627703,35.24647585958655,23629.344339231786],[24106.574476650065,35.26357650756836,23626.582947316467],[24108.814148876307,35.280677180012844,23623.821551450943],[24111.053817898668,35.29777782799465,23621.060159535624],[24113.293490124903,35.314878500439136,23618.298763670096],[24115.533159147268,35.33197914842094,23615.53737175478],[24117.772824965756,35.349079771940076,23612.775983789666],[24120.01249398812,35.366180419921875,23610.014591874347]],"width":11.699999809265137},{"id":12868,"length":75.3056869506836,"open":true,"points":[[24146.888528664225,35.571388244628906,23576.877880990112],[24150.8415827618,35.57266648602813,23572.003977070886],[24154.794636859377,35.573944727427374,23567.13007315166],[24158.747690956952,35.575222968826615,23562.256169232434],[24162.70074505453,35.576501210225835,23557.382265313205],[24166.653797031526,35.57777945093938,23552.50836400855],[24170.60685183596,35.579057692567176,23547.6344592178],[24174.55990805412,35.58033593465212,23542.760552684013],[24178.512961444838,35.58161417582277,23537.886649636308],[24182.466014835554,35.582892416993445,23533.012746588603],[24186.419073881156,35.58417065999265,23528.138836568723],[24190.372124444428,35.585448900249055,23523.264937007105],[24194.32518066259,35.586727142333984,23518.391030473314]],"width":11.699999809265137},{"id":12869,"length":83.66351318359375,"open":true,"points":[[24194.32518066259,35.586727142333984,23518.391030473314],[24198.716954492684,35.57106208754584,23512.976208628104],[24203.10872832277,35.555397032757696,23507.5613867829],[24207.500503330833,35.53973197376786,23502.146563485323],[24211.892277553576,35.52406691757915,23496.731741155996],[24216.284051776325,35.50840186139044,23491.316918826666],[24220.67582599907,35.49273680520173,23485.90209649733],[24225.0675986512,35.47707175461528,23480.487276104494],[24229.45937444457,35.46140669282431,23475.07245183867],[24233.851150237937,35.44574163103334,23469.65762757285],[24238.242922890066,35.430076580446894,23464.24280718001],[24242.63469240095,35.414411541064965,23458.827990660153],[24247.026465053077,35.398746490478516,23453.413170267315]],"width":11.699999809265137},{"id":12870,"length":100.1954345703125,"open":true,"points":[[24247.026465053077,35.398746490478516,23453.413170267315],[24252.285918425176,35.335856753700284,23446.92854603235],[24257.545371797274,35.27296701692205,23440.443921797392],[24262.804824699146,35.21007728576661,23433.959298142196],[24268.064278541475,35.1471875433656,23427.474673327466],[24273.323730502878,35.0842978234557,23420.990050831813],[24278.58318434521,35.02140808105469,23414.50542601708],[24283.84264006847,34.958518316162554,23408.020798883266],[24289.102092029872,34.895628596252664,23401.536176387614],[24294.36154399128,34.832738876342766,23395.051553891964],[24299.620995952682,34.76984915643288,23388.56693139631],[24304.880451675937,34.70695939154075,23382.082304262494],[24310.139903637344,34.64406967163086,23375.597681766845]],"width":11.699999809265137},{"id":13860,"length":47.774295806884766,"open":true,"points":[[23929.41423428668,32.499351501464844,23946.569245106493],[23931.922047665343,32.51656198552878,23943.47724556557],[23934.429861044006,32.533772469592726,23940.38524602464],[23936.93767509532,32.55098295827287,23937.29324565438],[23939.4454886982,32.568193443875536,23934.201245837008],[23941.95330230108,32.58540392947822,23931.109246019634],[23944.46111590396,32.60261441508089,23928.017246202264],[23946.968930403706,32.61982490683852,23924.925245279108],[23949.476744903448,32.63703539859615,23921.83324435595],[23951.984557609467,32.65424587804387,23918.741245644364],[23954.49236852175,32.67145634518169,23915.64924914435],[23957.000183021497,32.68866683693932,23912.557248221194],[23959.507993933785,32.70587730407715,23909.465251721176]],"width":13.199999809265137},{"id":12885,"length":67.05479431152344,"open":true,"points":[[24044.80541177802,33.62478256225586,23804.29810528982],[24048.325176020375,33.68003781307209,23799.95842454877],[24051.84494026273,33.73529306388832,23795.61874380773],[24055.364705134467,33.79054832458496,23791.279062290687],[24058.88446874744,33.84580356552078,23786.939382325632],[24062.404233619178,33.90105882621742,23782.59970080859],[24065.923998490918,33.95631408691406,23778.26001929155],[24069.44376210389,34.011569327849884,23773.920339326494],[24072.963525716863,34.0668245687857,23769.580659361447],[24076.483289329833,34.12207980972153,23765.240979396396],[24080.00305546034,34.17733509017898,23760.901296327364],[24083.52281403825,34.23259025207154,23756.561622570272],[24087.042585203817,34.287845611572266,23752.221933293276]],"width":13.199999809265137},{"id":13840,"length":44.27477264404297,"open":true,"points":[[24087.042585203817,34.287845611572266,23752.221933293276],[24089.36671522744,34.29522260118051,23749.356405488365],[24091.690845251058,34.30259959078876,23746.490877683453],[24094.014974443508,34.30997657775879,23743.625350903334],[24096.339105298302,34.31735357000525,23740.759822073633],[24098.663234490752,34.32473055697528,23737.89429529352],[24100.98736285202,34.332107541307096,23735.028769538192],[24103.311492875648,34.33948453091534,23732.16324173328],[24105.63562373044,34.3468615231618,23729.29771290358],[24107.959754585234,34.35423851540827,23726.432184073874],[24110.283883777687,34.3616155023783,23723.56665729376],[24112.60801297013,34.36899248934833,23720.70113051364],[24114.932140500234,34.376369471041926,23717.835605783108]],"width":13.199999809265137}],"pauseMenu":true,"pedestrians":{"completed":0,"drawCalls":4,"population":10000,"renderMs":0.195,"ridingCar":0,"ridingTrain":0,"updateMs":0.976,"visible":177,"waitingCar":0,"waitingTrain":0,"walking":341},"plans":0,"population":233146,"railway":{"depots":0,"edgeCount":1269,"editorVisible":false,"lines":[{"enabled":true,"first":480,"id":0,"interval":270.0,"last":1380,"name":"汐淵・鵜池線","next":270.0,"stops":[17680,17681]},{"enabled":true,"first":480,"id":1,"interval":1380.0,"last":1380,"name":"鵜池・常宮線","next":1440.0,"stops":[17681,17743]},{"enabled":true,"first":480,"id":2,"interval":210.0,"last":1380,"name":"常宮・網瀬洗線","next":210.0,"stops":[17743,18160]},{"enabled":true,"first":480,"id":3,"interval":1140.0,"last":1380,"name":"網瀬洗・葦草第3地区線","next":1440.0,"stops":[18160,18212]},{"enabled":true,"first":480,"id":4,"interval":120.0,"last":1380,"name":"葦草第3地区・葦草線","next":120.0,"stops":[18212,18559]},{"enabled":true,"first":480,"id":5,"interval":150.0,"last":1380,"name":"葦草第3地区・葦草第2地区線","next":150.0,"stops":[18212,18574]},{"enabled":true,"first":480,"id":6,"interval":210.0,"last":1380,"name":"葦草第3地区・秋神線","next":210.0,"stops":[18212,18602]},{"enabled":true,"first":480,"id":7,"interval":990.0,"last":1380,"name":"葦草第2地区・玉寺線","next":1440.0,"stops":[18574,18654]}],"message":"","stations":[{"id":17680,"name":"汐淵","position":[62375.3517339767,52.0,53503.86182038857]},{"id":17681,"name":"鵜池","position":[58668.00913071976,43.0,52852.76884116136]},{"id":17743,"name":"常宮","position":[48529.05328003586,69.5,30835.606379331177]},{"id":18160,"name":"網瀬洗","position":[45508.17318802182,48.5,30061.235276059448]},{"id":18212,"name":"葦草第3地区","position":[24688.427373988667,52.0,22959.968090410068]},{"id":18559,"name":"葦草","position":[24090.089516332482,57.0,23697.686613220016]},{"id":18574,"name":"葦草第2地区","position":[23546.43567707546,44.5,24367.98267101535]},{"id":18602,"name":"秋神","position":[23495.00371227449,64.0,19984.44194673403]},{"id":18654,"name":"玉寺","position":[16738.027409982784,50.0,43665.12840887711]}],"trains":[{"id":0,"line":0,"passengers":0,"position":[62364.64445286007,52.0,53462.17735144537],"speed":2.3999998569488525,"state":0,"stopIndex":1},{"id":1,"line":1,"passengers":0,"position":[58589.384874759184,42.652380563843955,52879.41532842659],"speed":2.3999998569488525,"state":0,"stopIndex":1},{"id":2,"line":2,"passengers":0,"position":[48499.05821813552,69.5,30866.4695788021],"speed":2.3999998569488525,"state":0,"stopIndex":1},{"id":3,"line":3,"passengers":0,"position":[45444.70614344761,48.21896940503315,30007.719917036047],"speed":2.3999998569488525,"state":0,"stopIndex":1},{"id":4,"line":4,"passengers":0,"position":[24659.942770952694,52.0,22992.230579617677],"speed":2.3999998569488525,"state":0,"stopIndex":1},{"id":5,"line":5,"passengers":0,"position":[24659.942770952694,52.0,22992.230579617677],"speed":2.3999998569488525,"state":0,"stopIndex":1},{"id":6,"line":6,"passengers":0,"position":[24716.91197702464,52.0,22927.70560120246],"speed":2.3999998569488525,"state":0,"stopIndex":1},{"id":7,"line":7,"passengers":0,"position":[23492.755045342943,44.253786619728,24431.31051373995],"speed":2.3999998569488525,"state":0,"stopIndex":1}]},"renderMs":8295.75,"selectionId":-1,"selectionKind":0,"signalsMs":0.633,"sound":{"enginePitch":1.0,"enginePlaying":false,"events":0,"outputPeak":0.0,"volume":0.6},"textInput":false,"timeSpeed":0,"townLabels":[],"traffic":{"accessPoints":22248,"cars":616,"completed":0,"localCars":616,"localTarget":2400,"routeFailures":0,"spawned":616,"stopped":38,"updateMs":2.178336},"zone":2,"zoneBrush":1,"zoneCells":[{"angle":0.0,"building":0,"builtAt":0.0,"edge":-1,"offsetX":0.0,"offsetZ":0.0,"x":24120.0,"z":23640.0,"zone":4},{"angle":0.0,"building":0,"builtAt":0.0,"edge":-1,"offsetX":0.0,"offsetZ":0.0,"x":24136.0,"z":23640.0,"zone":4},{"angle":0.0,"building":0,"builtAt":0.0,"edge":-1,"offsetX":0.0,"offsetZ":0.0,"x":24152.0,"z":23640.0,"zone":4},{"angle":0.0,"building":0,"builtAt":0.0,"edge":-1,"offsetX":0.0,"offsetZ":0.0,"x":24168.0,"z":23640.0,"zone":4},{"angle":0.0,"building":0,"builtAt":0.0,"edge":-1,"offsetX":0.0,"offsetZ":0.0,"x":24184.0,"z":23640.0,"zone":4},{"angle":0.0,"building":0,"builtAt":0.0,"edge":-1,"offsetX":0.0,"offsetZ":0.0,"x":24200.0,"z":23640.0,"zone":4},{"angle":0.6814517378807068,"building":3,"builtAt":0.0,"edge":13314,"offsetX":-6.154789924621582,"offsetZ":2.631941318511963,"x":24216.0,"z":23640.0,"zone":4},{"angle":-2.4601409435272217,"building":5,"builtAt":0.0,"edge":13314,"offsetX":1.7993983030319214,"offsetZ":-6.419382572174072,"x":24232.0,"z":23640.0,"zone":4},{"angle":-2.4601409435272217,"building":2,"builtAt":0.0,"edge":13314,"offsetX":-4.645404815673828,"offsetZ":2.2820231914520264,"x":24248.0,"z":23640.0,"zone":3},{"angle":2.2522480487823486,"building":2,"builtAt":0.0,"edge":12908,"offsetX":-0.9939571022987366,"offsetZ":-0.4058094918727875,"x":24264.0,"z":23640.0,"zone":3},{"angle":-0.8893446326255798,"building":22,"builtAt":0.0,"edge":12908,"offsetX":7.369441032409668,"offsetZ":2.337386131286621,"x":24280.0,"z":23640.0,"zone":3},{"angle":-0.8893446326255798,"building":1,"builtAt":0.0,"edge":12908,"offsetX":7.765885353088379,"offsetZ":-1.3827219009399414,"x":24296.0,"z":23640.0,"zone":3},{"angle":0.681451678276062,"building":22,"builtAt":0.0,"edge":13331,"offsetX":6.7182936668396,"offsetZ":-6.901335716247559,"x":24312.0,"z":23640.0,"zone":3},{"angle":0.6814517378807068,"building":22,"builtAt":0.0,"edge":13331,"offsetX":4.2420973777771,"offsetZ":4.102306365966797,"x":24328.0,"z":23640.0,"zone":3},{"angle":0.0,"building":0,"builtAt":0.0,"edge":-1,"offsetX":0.0,"offsetZ":0.0,"x":24344.0,"z":23640.0,"zone":3},{"angle":0.0,"building":0,"builtAt":0.0,"edge":-1,"offsetX":0.0,"offsetZ":0.0,"x":24360.0,"z":23640.0,"zone":3},{"angle":-2.4601409435272217,"building":1,"builtAt":0.0,"edge":13332,"offsetX":4.055675029754639,"offsetZ":3.697913408279419,"x":24376.0,"z":23640.0,"zone":3},{"angle":0.0,"building":0,"builtAt":0.0,"edge":-1,"offsetX":0.0,"offsetZ":0.0,"x":24120.0,"z":23656.0,"zone":4},{"angle":0.0,"building":0,"builtAt":0.0,"edge":-1,"offsetX":0.0,"offsetZ":0.0,"x":24136.0,"z":23656.0,"zone":4},{"angle":0.0,"building":0,"builtAt":0.0,"edge":-1,"offsetX":0.0,"offsetZ":0.0,"x":24152.0,"z":23656.0,"zone":4},{"angle":0.0,"building":0,"builtAt":0.0,"edge":-1,"offsetX":0.0,"offsetZ":0.0,"x":24168.0,"z":23656.0,"zone":4},{"angle":0.0,"building":0,"builtAt":0.0,"edge":-1,"offsetX":0.0,"offsetZ":0.0,"x":24184.0,"z":23656.0,"zone":4},{"angle":0.0,"building":0,"builtAt":0.0,"edge":-1,"offsetX":0.0,"offsetZ":0.0,"x":24200.0,"z":23656.0,"zone":4},{"angle":0.0,"building":0,"builtAt":0.0,"edge":-1,"offsetX":0.0,"offsetZ":0.0,"x":24216.0,"z":23656.0,"zone":4},{"angle":0.6814517378807068,"building":6,"builtAt":0.0,"edge":13314,"offsetX":-2.1298155784606934,"offsetZ":2.907579183578491,"x":24232.0,"z":23656.0,"zone":4},{"angle":-2.4601409435272217,"building":1,"builtAt":0.0,"edge":13314,"offsetX":4.912838459014893,"offsetZ":-5.019872188568115,"x":24248.0,"z":23656.0,"zone":3},{"angle":-0.8893446326255798,"building":22,"builtAt":0.0,"edge":12908,"offsetX":6.674298286437988,"offsetZ":6.832339286804199,"x":24264.0,"z":23656.0,"zone":3},{"angle":-0.8893446326255798,"building":1,"builtAt":0.0,"edge":12908,"offsetX":-2.0072314739227295,"offsetZ":-4.2505974769592285,"x":24280.0,"z":23656.0,"zone":3},{"angle":-0.8893446326255798,"building":2,"builtAt":0.0,"edge":12908,"offsetX":0.8446816802024841,"offsetZ":-5.977575778961182,"x":24296.0,"z":23656.0,"zone":3},{"angle":2.2522480487823486,"building":2,"builtAt":0.0,"edge":12932,"offsetX":-5.701622486114502,"offsetZ":1.6881537437438965,"x":24312.0,"z":23656.0,"zone":3},{"angle":0.0,"building":0,"builtAt":0.0,"edge":-1,"offsetX":0.0,"offsetZ":0.0,"x":24328.0,"z":23656.0,"zone":3},{"angle":0.0,"building":0,"builtAt":0.0,"edge":-1,"offsetX":0.0,"offsetZ":0.0,"x":24344.0,"z":23656.0,"zone":3},{"angle":0.0,"building":0,"builtAt":0.0,"edge":-1,"offsetX":0.0,"offsetZ":0.0,"x":24360.0,"z":23656.0,"zone":3},{"angle":-2.4601409435272217,"building":1,"builtAt":0.0,"edge":13332,"offsetX":-2.369521141052246,"offsetZ":-4.38016414642334,"x":24376.0,"z":23656.0,"zone":3},{"angle":0.0,"building":0,"builtAt":0.0,"edge":-1,"offsetX":0.0,"offsetZ":0.0,"x":24120.0,"z":23672.0,"zone":0},{"angle":0.0,"building":0,"builtAt":0.0,"edge":-1,"offsetX":0.0,"offsetZ":0.0,"x":24136.0,"z":23672.0,"zone":4},{"angle":0.0,"building":0,"builtAt":0.0,"edge":-1,"offsetX":0.0,"offsetZ":0.0,"x":24152.0,"z":23672.0,"zone":4},{"angle":0.0,"building":0,"builtAt":0.0,"edge":-1,"offsetX":0.0,"offsetZ":0.0,"x":24168.0,"z":23672.0,"zone":4},{"angle":0.0,"building":0,"builtAt":0.0,"edge":-1,"offsetX":0.0,"offsetZ":0.0,"x":24184.0,"z":23672.0,"zone":4},{"angle":0.0,"building":0,"builtAt":0.0,"edge":-1,"offsetX":0.0,"offsetZ":0.0,"x":24200.0,"z":23672.0,"zone":4},{"angle":0.0,"building":0,"builtAt":0.0,"edge":-1,"offsetX":0.0,"offsetZ":0.0,"x":24216.0,"z":23672.0,"zone":4},{"angle":0.0,"building":0,"builtAt":0.0,"edge":-1,"offsetX":0.0,"offsetZ":0.0,"x":24232.0,"z":23672.0,"zone":4},{"angle":0.0,"building":0,"builtAt":0.0,"edge":-1,"offsetX":0.0,"offsetZ":0.0,"x":24248.0,"z":23672.0,"zone":4},{"angle":0.681451678276062,"building":2,"builtAt":0.0,"edge":13315,"offsetX":-6.2566328048706055,"offsetZ":7.641294956207275,"x":24264.0,"z":23672.0,"zone":3},{"angle":-2.4601409435272217,"building":2,"builtAt":0.0,"edge":13315,"offsetX":4.3646721839904785,"offsetZ":3.455223321914673,"x":24280.0,"z":23672.0,"zone":3},{"angle":-2.4601409435272217,"building":2,"builtAt":0.0,"edge":13315,"offsetX":-4.265249729156494,"offsetZ":-5.631687641143799,"x":24296.0,"z":23672.0,"zone":3},{"angle":2.2522480487823486,"building":22,"builtAt":0.0,"edge":12932,"offsetX":3.77361798286438,"offsetZ":-6.626807689666748,"x":24312.0,"z":23672.0,"zone":3},{"angle":0.0,"building":0,"builtAt":0.0,"edge":-1,"offsetX":0.0,"offsetZ":0.0,"x":24328.0,"z":23672.0,"zone":3},{"angle":0.0,"building":0,"builtAt":0.0,"edge":-1,"offsetX":0.0,"offsetZ":0.0,"x":24344.0,"z":23672.0,"zone":3},{"angle":-0.8893446326255798,"building":2,"builtAt":0.0,"edge":12932,"offsetX":-4.96362829208374,"offsetZ":0.1304757297039032,"x":24360.0,"z":23672.0,"zone":3},{"angle":0.6814517378807068,"building":5,"builtAt":0.0,"edge":13332,"offsetX":-2.546783685684204,"offsetZ":5.799036502838135,"x":24376.0,"z":23672.0,"zone":3},{"angle":0.0,"building":0,"builtAt":0.0,"edge":-1,"offsetX":0.0,"offsetZ":0.0,"x":24120.0,"z":23688.0,"zone":0},{"angle":0.0,"building":0,"builtAt":0.0,"edge":-1,"offsetX":0.0,"offsetZ":0.0,"x":24136.0,"z":23688.0,"zone":0},{"angle":0.0,"building":0,"builtAt":0.0,"edge":-1,"offsetX":0.0,"offsetZ":0.0,"x":24152.0,"z":23688.0,"zone":4},{"angle":-2.4601409435272217,"building":4,"builtAt":0.0,"edge":13297,"offsetX":3.924286365509033,"offsetZ":0.052965693175792694,"x":24168.0,"z":23688.0,"zone":4},{"angle":0.0,"building":0,"builtAt":0.0,"edge":-1,"offsetX":0.0,"offsetZ":0.0,"x":24184.0,"z":23688.0,"zone":4},{"angle":0.0,"building":0,"builtAt":0.0,"edge":-1,"offsetX":0.0,"offsetZ":0.0,"x":24200.0,"z":23688.0,"zone":4},{"angle":0.0,"building":0,"builtAt":0.0,"edge":-1,"offsetX":0.0,"offsetZ":0.0,"x":24216.0,"z":23688.0,"zone":4},{"angle":2.2522480487823486,"building":3,"builtAt":0.0,"edge":13917,"offsetX":-5.8597187995910645,"offsetZ":-5.19177770614624,"x":24232.0,"z":23688.0,"zone":4},{"angle":0.0,"building":0,"builtAt":0.0,"edge":-1,"offsetX":0.0,"offsetZ":0.0,"x":24248.0,"z":23688.0,"zone":4},{"angle":0.681451678276062,"building":1,"builtAt":0.0,"edge":13315,"offsetX":8.20810604095459,"offsetZ":2.443617820739746,"x":24264.0,"z":23688.0,"zone":3},{"angle":0.0,"building":0,"builtAt":0.0,"edge":-1,"offsetX":0.0,"offsetZ":0.0,"x":24280.0,"z":23688.0,"zone":3},{"angle":-2.4601409435272217,"building":22,"builtAt":0.0,"edge":13315,"offsetX":2.7603297233581543,"offsetZ":-1.6592320203781128,"x":24296.0,"z":23688.0,"zone":3},{"angle":0.0,"building":0,"builtAt":0.0,"edge":-1,"offsetX":0.0,"offsetZ":0.0,"x":24312.0,"z":23688.0,"zone":3},{"angle":0.0,"building":0,"builtAt":0.0,"edge":-1,"offsetX":0.0,"offsetZ":0.0,"x":24328.0,"z":23688.0,"zone":3},{"angle":-0.8893446326255798,"building":5,"builtAt":0.0,"edge":12932,"offsetX":-0.6748335361480713,"offsetZ":-0.2807047367095947,"x":24344.0,"z":23688.0,"zone":3},{"angle":0.0,"building":0,"builtAt":0.0,"edge":-1,"offsetX":0.0,"offsetZ":0.0,"x":24360.0,"z":23688.0,"zone":3},{"angle":0.0,"building":0,"builtAt":0.0,"edge":-1,"offsetX":0.0,"offsetZ":0.0,"x":24376.0,"z":23688.0,"zone":3},{"angle":0.0,"building":0,"builtAt":0.0,"edge":-1,"offsetX":0.0,"offsetZ":0.0,"x":24120.0,"z":23704.0,"zone":0},{"angle":0.0,"building":0,"builtAt":0.0,"edge":-1,"offsetX":0.0,"offsetZ":0.0,"x":24136.0,"z":23704.0,"zone":4},{"angle":0.0,"building":0,"builtAt":0.0,"edge":-1,"offsetX":0.0,"offsetZ":0.0,"x":24152.0,"z":23704.0,"zone":4},{"angle":0.0,"building":0,"builtAt":0.0,"edge":-1,"offsetX":0.0,"offsetZ":0.0,"x":24168.0,"z":23704.0,"zone":4},{"angle":0.0,"building":0,"builtAt":0.0,"edge":-1,"offsetX":0.0,"offsetZ":0.0,"x":24184.0,"z":23704.0,"zone":4},{"angle":0.0,"building":0,"builtAt":0.0,"edge":-1,"offsetX":0.0,"offsetZ":0.0,"x":24200.0,"z":23704.0,"zone":4},{"angle":2.2522480487823486,"building":5,"builtAt":0.0,"edge":13916,"offsetX":-2.0915510654449463,"offsetZ":-4.87722110748291,"x":24216.0,"z":23704.0,"zone":4},{"angle":0.6814517378807068,"building":5,"builtAt":0.0,"edge":13920,"offsetX":-1.634013295173645,"offsetZ":8.299647331237793,"x":24232.0,"z":23704.0,"zone":4},{"angle":-2.4601409435272217,"building":5,"builtAt":0.0,"edge":13920,"offsetX":-5.114144802093506,"offsetZ":-7.136678695678711,"x":24248.0,"z":23704.0,"zone":4},{"angle":-2.4601409435272217,"building":1,"builtAt":0.0,"edge":13920,"offsetX":-7.655171871185303,"offsetZ":5.670788288116455,"x":24264.0,"z":23704.0,"zone":3},{"angle":2.2522480487823486,"building":1,"builtAt":0.0,"edge":13919,"offsetX":-0.2724016010761261,"offsetZ":8.086161613464355,"x":24280.0,"z":23704.0,"zone":3},{"angle":0.0,"building":0,"builtAt":0.0,"edge":-1,"offsetX":0.0,"offsetZ":0.0,"x":24296.0,"z":23704.0,"zone":3},{"angle":0.0,"building":0,"builtAt":0.0,"edge":-1,"offsetX":0.0,"offsetZ":0.0,"x":24312.0,"z":23704.0,"zone":3},{"angle":-0.8893445730209351,"building":2,"builtAt":0.0,"edge":12932,"offsetX":2.4476945400238037,"offsetZ":-1.6342653036117554,"x":24328.0,"z":23704.0,"zone":3},{"angle":-2.4601409435272217,"building":22,"builtAt":0.0,"edge":13316,"offsetX":3.705528974533081,"offsetZ":5.544941425323486,"x":24344.0,"z":23704.0,"zone":3},{"angle":-2.4601409435272217,"building":22,"builtAt":0.0,"edge":13316,"offsetX":-4.294471740722656,"offsetZ":-4.318628787994385,"x":24360.0,"z":23704.0,"zone":3},{"angle":2.2522480487823486,"building":1,"builtAt":0.0,"edge":12956,"offsetX":0.7640894055366516,"offsetZ":-0.11544811725616455,"x":24376.0,"z":23704.0,"zone":3},{"angle":0.0,"building":0,"builtAt":0.0,"edge":-1,"offsetX":0.0,"offsetZ":0.0,"x":24120.0,"z":23720.0,"zone":4},{"angle":0.0,"building":0,"builtAt":0.0,"edge":-1,"offsetX":0.0,"offsetZ":0.0,"x":24136.0,"z":23720.0,"zone":4},{"angle":0.0,"building":0,"builtAt":0.0,"edge":-1,"offsetX":0.0,"offsetZ":0.0,"x":24152.0,"z":23720.0,"zone":4},{"angle":0.6814517378807068,"building":3,"builtAt":0.0,"edge":13297,"offsetX":-5.06278133392334,"offsetZ":-1.243548035621643,"x":24168.0,"z":23720.0,"zone":4},{"angle":0.0,"building":0,"builtAt":0.0,"edge":-1,"offsetX":0.0,"offsetZ":0.0,"x":24184.0,"z":23720.0,"zone":4},{"angle":-2.4601409435272217,"building":5,"builtAt":0.0,"edge":13297,"offsetX":0.2806078791618347,"offsetZ":-8.037710189819336,"x":24200.0,"z":23720.0,"zone":4},{"angle":0.0,"building":0,"builtAt":0.0,"edge":-1,"offsetX":0.0,"offsetZ":0.0,"x":24216.0,"z":23720.0,"zone":4},{"angle":0.0,"building":0,"builtAt":0.0,"edge":-1,"offsetX":0.0,"offsetZ":0.0,"x":24232.0,"z":23720.0,"zone":4},{"angle":0.681451678276062,"building":6,"builtAt":0.0,"edge":13920,"offsetX":-3.741565465927124,"offsetZ":4.572664737701416,"x":24248.0,"z":23720.0,"zone":4},{"angle":-2.4601409435272217,"building":2,"builtAt":0.0,"edge":13920,"offsetX":7.220584869384766,"offsetZ":0.729030430316925,"x":24264.0,"z":23720.0,"zone":3},{"angle":0.0,"building":0,"builtAt":0.0,"edge":-1,"offsetX":0.0,"offsetZ":0.0,"x":24280.0,"z":23720.0,"zone":3},{"angle":0.0,"building":0,"builtAt":0.0,"edge":-1,"offsetX":0.0,"offsetZ":0.0,"x":24296.0,"z":23720.0,"zone":3},{"angle":0.0,"building":0,"builtAt":0.0,"edge":-1,"offsetX":0.0,"offsetZ":0.0,"x":24312.0,"z":23720.0,"zone":3},{"angle":0.0,"building":0,"builtAt":0.0,"edge":-1,"offsetX":0.0,"offsetZ":0.0,"x":24328.0,"z":23720.0,"zone":3},{"angle":-2.4601409435272217,"building":22,"builtAt":0.0,"edge":13316,"offsetX":-4.294470310211182,"offsetZ":-0.5914881825447083,"x":24344.0,"z":23720.0,"zone":3},{"angle":2.2522480487823486,"building":1,"builtAt":0.0,"edge":12956,"offsetX":6.0577712059021,"offsetZ":-2.885031223297119,"x":24360.0,"z":23720.0,"zone":3},{"angle":0.0,"building":0,"builtAt":0.0,"edge":-1,"offsetX":0.0,"offsetZ":0.0,"x":24376.0,"z":23720.0,"zone":3},{"angle":0.0,"building":0,"builtAt":0.0,"edge":-1,"offsetX":0.0,"offsetZ":0.0,"x":24120.0,"z":23736.0,"zone":4},{"angle":0.6814517378807068,"building":3,"builtAt":0.0,"edge":13867,"offsetX":-7.419148921966553,"offsetZ":6.490680694580078,"x":24136.0,"z":23736.0,"zone":4},{"angle":-2.4601409435272217,"building":5,"builtAt":0.0,"edge":13867,"offsetX":-0.24337363243103027,"offsetZ":-0.9350773096084595,"x":24152.0,"z":23736.0,"zone":4},{"angle":-2.4601409435272217,"building":3,"builtAt":0.0,"edge":13867,"offsetX":-5.412522315979004,"offsetZ":6.861746788024902,"x":24168.0,"z":23736.0,"zone":4},{"angle":0.6814517378807068,"building":4,"builtAt":0.0,"edge":13297,"offsetX":-1.8821852207183838,"offsetZ":-1.6439602375030518,"x":24184.0,"z":23736.0,"zone":4},{"angle":0.0,"building":0,"builtAt":0.0,"edge":-1,"offsetX":0.0,"offsetZ":0.0,"x":24200.0,"z":23736.0,"zone":4},{"angle":-2.4601409435272217,"building":5,"builtAt":0.0,"edge":13298,"offsetX":5.143284320831299,"offsetZ":-7.1722412109375,"x":24216.0,"z":23736.0,"zone":4},{"angle":-2.460233211517334,"building":3,"builtAt":0.0,"edge":13298,"offsetX":2.5121841430664063,"offsetZ":2.666759967803955,"x":24232.0,"z":23736.0,"zone":4},{"angle":0.0,"building":0,"builtAt":0.0,"edge":-1,"offsetX":0.0,"offsetZ":0.0,"x":24248.0,"z":23736.0,"zone":4},{"angle":0.6814517378807068,"building":2,"builtAt":0.0,"edge":13920,"offsetX":-4.435221195220947,"offsetZ":-0.899985134601593,"x":24264.0,"z":23736.0,"zone":3},{"angle":0.0,"building":0,"builtAt":0.0,"edge":-1,"offsetX":0.0,"offsetZ":0.0,"x":24280.0,"z":23736.0,"zone":3},{"angle":-2.4601409435272217,"building":1,"builtAt":0.0,"edge":13968,"offsetX":2.2388463020324707,"offsetZ":7.524049758911133,"x":24296.0,"z":23736.0,"zone":3},{"angle":-0.8893445730209351,"building":22,"builtAt":0.0,"edge":13919,"offsetX":-6.010221481323242,"offsetZ":-2.613496780395508,"x":24312.0,"z":23736.0,"zone":3},{"angle":0.6814517378807068,"building":12,"builtAt":0.0,"edge":13316,"offsetX":-2.7718558311462402,"offsetZ":1.2583520412445068,"x":24328.0,"z":23736.0,"zone":4},{"angle":0.0,"building":0,"builtAt":0.0,"edge":-1,"offsetX":0.0,"offsetZ":0.0,"x":24344.0,"z":23736.0,"zone":3},{"angle":2.2522480487823486,"building":1,"builtAt":0.0,"edge":12956,"offsetX":-4.649094581604004,"offsetZ":-5.657011032104492,"x":24360.0,"z":23736.0,"zone":3},{"angle":-0.8893445730209351,"building":22,"builtAt":0.0,"edge":12956,"offsetX":5.839900016784668,"offsetZ":-6.084694862365723,"x":24376.0,"z":23736.0,"zone":3},{"angle":-2.4601409435272217,"building":3,"builtAt":0.0,"edge":13279,"offsetX":-3.748300790786743,"offsetZ":6.224560260772705,"x":24120.0,"z":23752.0,"zone":4},{"angle":0.6814517378807068,"building":5,"builtAt":0.0,"edge":13867,"offsetX":3.3918111324310303,"offsetZ":-1.6899226903915405,"x":24136.0,"z":23752.0,"zone":4},{"angle":0.0,"building":0,"builtAt":0.0,"edge":-1,"offsetX":0.0,"offsetZ":0.0,"x":24152.0,"z":23752.0,"zone":4},{"angle":0.0,"building":0,"builtAt":0.0,"edge":-1,"offsetX":0.0,"offsetZ":0.0,"x":24168.0,"z":23752.0,"zone":4},{"angle":0.0,"building":0,"builtAt":0.0,"edge":-1,"offsetX":0.0,"offsetZ":0.0,"x":24184.0,"z":23752.0,"zone":4},{"angle":0.681451678276062,"building":3,"builtAt":0.0,"edge":13298,"offsetX":2.926199197769165,"offsetZ":-0.7115504145622253,"x":24200.0,"z":23752.0,"zone":4},{"angle":0.0,"building":0,"builtAt":0.0,"edge":-1,"offsetX":0.0,"offsetZ":0.0,"x":24216.0,"z":23752.0,"zone":4},{"angle":0.0,"building":0,"builtAt":0.0,"edge":-1,"offsetX":0.0,"offsetZ":0.0,"x":24232.0,"z":23752.0,"zone":4},{"angle":-2.4601409435272217,"building":1,"builtAt":0.0,"edge":13298,"offsetX":-2.0073091983795166,"offsetZ":-1.165961503982544,"x":24248.0,"z":23752.0,"zone":3},{"angle":0.0,"building":0,"builtAt":0.0,"edge":-1,"offsetX":0.0,"offsetZ":0.0,"x":24264.0,"z":23752.0,"zone":3},{"angle":0.0,"building":0,"builtAt":0.0,"edge":-1,"offsetX":0.0,"offsetZ":0.0,"x":24280.0,"z":23752.0,"zone":3},{"angle":0.0,"building":0,"builtAt":0.0,"edge":-1,"offsetX":0.0,"offsetZ":0.0,"x":24296.0,"z":23752.0,"zone":3},{"angle":-2.4601409435272217,"building":3,"builtAt":0.0,"edge":13968,"offsetX":1.053743839263916,"offsetZ":0.6007509827613831,"x":24312.0,"z":23752.0,"zone":3},{"angle":0.0,"building":0,"builtAt":0.0,"edge":-1,"offsetX":0.0,"offsetZ":0.0,"x":24328.0,"z":23752.0,"zone":3},{"angle":2.2522480487823486,"building":2,"builtAt":0.0,"edge":13967,"offsetX":-4.315062999725342,"offsetZ":-3.4956400394439697,"x":24344.0,"z":23752.0,"zone":3},{"angle":0.0,"building":0,"builtAt":0.0,"edge":-1,"offsetX":0.0,"offsetZ":0.0,"x":24360.0,"z":23752.0,"zone":3},{"angle":0.0,"building":0,"builtAt":0.0,"edge":-1,"offsetX":0.0,"offsetZ":0.0,"x":24376.0,"z":23752.0,"zone":3},{"angle":0.0,"building":0,"builtAt":0.0,"edge":-1,"offsetX":0.0,"offsetZ":0.0,"x":24120.0,"z":23768.0,"zone":4},{"angle":-2.4601409435272217,"building":3,"builtAt":0.0,"edge":13279,"offsetX":-0.5094721913337708,"offsetZ":5.790102958679199,"x":24136.0,"z":23768.0,"zone":4},{"angle":2.2522480487823486,"building":5,"builtAt":0.0,"edge":13865,"offsetX":7.266846179962158,"offsetZ":-1.4373905658721924,"x":24152.0,"z":23768.0,"zone":4},{"angle":0.0,"building":0,"builtAt":0.0,"edge":-1,"offsetX":0.0,"offsetZ":0.0,"x":24168.0,"z":23768.0,"zone":4},{"angle":0.0,"building":0,"builtAt":0.0,"edge":-1,"offsetX":0.0,"offsetZ":0.0,"x":24184.0,"z":23768.0,"zone":4},{"angle":-2.4601409435272217,"building":6,"builtAt":0.0,"edge":13915,"offsetX":-1.9083874225616455,"offsetZ":3.561483383178711,"x":24200.0,"z":23768.0,"zone":4},{"angle":0.6815438866615295,"building":3,"builtAt":0.0,"edge":13298,"offsetX":-0.21514147520065308,"offsetZ":-6.243448257446289,"x":24216.0,"z":23768.0,"zone":4},{"angle":0.681451678276062,"building":5,"builtAt":0.0,"edge":13298,"offsetX":-2.885098934173584,"offsetZ":3.6434497833251953,"x":24232.0,"z":23768.0,"zone":4},{"angle":0.0,"building":0,"builtAt":0.0,"edge":-1,"offsetX":0.0,"offsetZ":0.0,"x":24248.0,"z":23768.0,"zone":3},{"angle":0.0,"building":0,"builtAt":0.0,"edge":-1,"offsetX":0.0,"offsetZ":0.0,"x":24264.0,"z":23768.0,"zone":3},{"angle":-0.8893445730209351,"building":2,"builtAt":0.0,"edge":13918,"offsetX":-1.1191508769989014,"offsetZ":-2.1868975162506104,"x":24280.0,"z":23768.0,"zone":3},{"angle":0.6814517378807068,"building":22,"builtAt":0.0,"edge":13968,"offsetX":3.9528307914733887,"offsetZ":0.7534745335578918,"x":24296.0,"z":23768.0,"zone":3},{"angle":0.0,"building":0,"builtAt":0.0,"edge":-1,"offsetX":0.0,"offsetZ":0.0,"x":24312.0,"z":23768.0,"zone":3},{"angle":2.2522480487823486,"building":22,"builtAt":0.0,"edge":13967,"offsetX":-0.9848089218139648,"offsetZ":-4.811123847961426,"x":24328.0,"z":23768.0,"zone":3},{"angle":0.0,"building":0,"builtAt":0.0,"edge":-1,"offsetX":0.0,"offsetZ":0.0,"x":24344.0,"z":23768.0,"zone":3},{"angle":-0.8893446326255798,"building":2,"builtAt":0.0,"edge":13967,"offsetX":-4.501984119415283,"offsetZ":-6.670202255249023,"x":24360.0,"z":23768.0,"zone":3},{"angle":0.0,"building":0,"builtAt":0.0,"edge":-1,"offsetX":0.0,"offsetZ":0.0,"x":24376.0,"z":23768.0,"zone":3},{"angle":0.0,"building":0,"builtAt":0.0,"edge":-1,"offsetX":0.0,"offsetZ":0.0,"x":24120.0,"z":23784.0,"zone":4},{"angle":0.0,"building":0,"builtAt":0.0,"edge":-1,"offsetX":0.0,"offsetZ":0.0,"x":24136.0,"z":23784.0,"zone":4},{"angle":0.0,"building":0,"builtAt":0.0,"edge":-1,"offsetX":0.0,"offsetZ":0.0,"x":24152.0,"z":23784.0,"zone":4},{"angle":0.0,"building":0,"builtAt":0.0,"edge":-1,"offsetX":0.0,"offsetZ":0.0,"x":24168.0,"z":23784.0,"zone":4},{"angle":0.6814517378807068,"building":3,"builtAt":0.0,"edge":13915,"offsetX":0.6661999225616455,"offsetZ":4.114297866821289,"x":24184.0,"z":23784.0,"zone":4},{"angle":0.0,"building":0,"builtAt":0.0,"edge":-1,"offsetX":0.0,"offsetZ":0.0,"x":24200.0,"z":23784.0,"zone":4},{"angle":-2.4601409435272217,"building":5,"builtAt":0.0,"edge":13915,"offsetX":1.0855088233947754,"offsetZ":3.8696868419647217,"x":24216.0,"z":23784.0,"zone":4},{"angle":0.0,"building":0,"builtAt":0.0,"edge":-1,"offsetX":0.0,"offsetZ":0.0,"x":24232.0,"z":23784.0,"zone":3},{"angle":0.0,"building":0,"builtAt":0.0,"edge":-1,"offsetX":0.0,"offsetZ":0.0,"x":24248.0,"z":23784.0,"zone":3},{"angle":0.0,"building":0,"builtAt":0.0,"edge":-1,"offsetX":0.0,"offsetZ":0.0,"x":24264.0,"z":23784.0,"zone":3},{"angle":-2.4601409435272217,"building":22,"builtAt":0.0,"edge":13299,"offsetX":7.2005839347839355,"offsetZ":-1.6012420654296875,"x":24280.0,"z":23784.0,"zone":3},{"angle":0.0,"building":0,"builtAt":0.0,"edge":-1,"offsetX":0.0,"offsetZ":0.0,"x":24296.0,"z":23784.0,"zone":3},{"angle":2.2522480487823486,"building":1,"builtAt":0.0,"edge":13966,"offsetX":1.771888256072998,"offsetZ":-2.302941083908081,"x":24312.0,"z":23784.0,"zone":3},{"angle":0.0,"building":0,"builtAt":0.0,"edge":-1,"offsetX":0.0,"offsetZ":0.0,"x":24328.0,"z":23784.0,"zone":3},{"angle":-0.8893445730209351,"building":22,"builtAt":0.0,"edge":13967,"offsetX":-0.24460944533348083,"offsetZ":-7.233728885650635,"x":24344.0,"z":23784.0,"zone":3},{"angle":-0.8893445730209351,"building":2,"builtAt":0.0,"edge":13967,"offsetX":-6.769368648529053,"offsetZ":0.4513097405433655,"x":24360.0,"z":23784.0,"zone":3},{"angle":0.0,"building":0,"builtAt":0.0,"edge":-1,"offsetX":0.0,"offsetZ":0.0,"x":24376.0,"z":23784.0,"zone":3},{"angle":0.0,"building":0,"builtAt":0.0,"edge":-1,"offsetX":0.0,"offsetZ":0.0,"x":24120.0,"z":23800.0,"zone":4},{"angle":0.6814517378807068,"building":6,"builtAt":0.0,"edge":13279,"offsetX":-8.264117240905762,"offsetZ":2.9963388442993164,"x":24136.0,"z":23800.0,"zone":4},{"angle":0.0,"building":0,"builtAt":0.0,"edge":-1,"offsetX":0.0,"offsetZ":0.0,"x":24152.0,"z":23800.0,"zone":4},{"angle":-2.4601409435272217,"building":5,"builtAt":0.0,"edge":13280,"offsetX":-4.052818298339844,"offsetZ":-2.2388317584991455,"x":24168.0,"z":23800.0,"zone":4},{"angle":0.0,"building":0,"builtAt":0.0,"edge":-1,"offsetX":0.0,"offsetZ":0.0,"x":24184.0,"z":23800.0,"zone":4},{"angle":0.0,"building":0,"builtAt":0.0,"edge":-1,"offsetX":0.0,"offsetZ":0.0,"x":24200.0,"z":23800.0,"zone":4},{"angle":0.0,"building":0,"builtAt":0.0,"edge":-1,"offsetX":0.0,"offsetZ":0.0,"x":24216.0,"z":23800.0,"zone":4},{"angle":0.0,"building":0,"builtAt":0.0,"edge":-1,"offsetX":0.0,"offsetZ":0.0,"x":24232.0,"z":23800.0,"zone":3},{"angle":-0.8893446326255798,"building":1,"builtAt":0.0,"edge":13914,"offsetX":2.387336492538452,"offsetZ":-0.28208649158477783,"x":24248.0,"z":23800.0,"zone":3},{"angle":0.6814517378807068,"building":22,"builtAt":0.0,"edge":13299,"offsetX":5.44967794418335,"offsetZ":4.28467321395874,"x":24264.0,"z":23800.0,"zone":3},{"angle":0.0,"building":0,"builtAt":0.0,"edge":-1,"offsetX":0.0,"offsetZ":0.0,"x":24280.0,"z":23800.0,"zone":3},{"angle":-2.4601409435272217,"building":2,"builtAt":0.0,"edge":13299,"offsetX":2.683525323867798,"offsetZ":-7.5707688331604,"x":24296.0,"z":23800.0,"zone":3},{"angle":-0.8893446326255798,"building":2,"builtAt":0.0,"edge":13966,"offsetX":6.448672294616699,"offsetZ":6.9481964111328125,"x":24312.0,"z":23800.0,"zone":3},{"angle":-0.8893445730209351,"building":1,"builtAt":0.0,"edge":13966,"offsetX":0.3710009455680847,"offsetZ":-6.4621076583862305,"x":24328.0,"z":23800.0,"zone":3},{"angle":-0.8893445730209351,"building":2,"builtAt":0.0,"edge":13966,"offsetX":-7.124582290649414,"offsetZ":0.4355294704437256,"x":24344.0,"z":23800.0,"zone":3},{"angle":0.0,"building":0,"builtAt":0.0,"edge":-1,"offsetX":0.0,"offsetZ":0.0,"x":24360.0,"z":23800.0,"zone":3},{"angle":2.2522480487823486,"building":22,"builtAt":0.0,"edge":12975,"offsetX":2.174591064453125,"offsetZ":5.0905256271362305,"x":24376.0,"z":23800.0,"zone":3},{"angle":0.0,"building":0,"builtAt":0.0,"edge":-1,"offsetX":0.0,"offsetZ":0.0,"x":24120.0,"z":23816.0,"zone":4},{"angle":0.0,"building":0,"builtAt":0.0,"edge":-1,"offsetX":0.0,"offsetZ":0.0,"x":24136.0,"z":23816.0,"zone":4},{"angle":0.6814517378807068,"building":3,"builtAt":0.0,"edge":13280,"offsetX":-5.007656097412109,"offsetZ":2.665574073791504,"x":24152.0,"z":23816.0,"zone":4},{"angle":0.0,"building":0,"builtAt":0.0,"edge":-1,"offsetX":0.0,"offsetZ":0.0,"x":24168.0,"z":23816.0,"zone":4},{"angle":0.0,"building":0,"builtAt":0.0,"edge":-1,"offsetX":0.0,"offsetZ":0.0,"x":24184.0,"z":23816.0,"zone":4},{"angle":2.2522480487823486,"building":5,"builtAt":0.0,"edge":13913,"offsetX":-3.499864339828491,"offsetZ":-3.5717880725860596,"x":24200.0,"z":23816.0,"zone":4},{"angle":0.0,"building":0,"builtAt":0.0,"edge":-1,"offsetX":0.0,"offsetZ":0.0,"x":24216.0,"z":23816.0,"zone":3},{"angle":0.0,"building":0,"builtAt":0.0,"edge":-1,"offsetX":0.0,"offsetZ":0.0,"x":24232.0,"z":23816.0,"zone":3},{"angle":-2.4601409435272217,"building":1,"builtAt":0.0,"edge":13965,"offsetX":-4.7039794921875,"offsetZ":-5.033782005310059,"x":24248.0,"z":23816.0,"zone":3},{"angle":-2.4601409435272217,"building":2,"builtAt":0.0,"edge":13965,"offsetX":-6.684689044952393,"offsetZ":5.3216552734375,"x":24264.0,"z":23816.0,"zone":3},{"angle":0.6814517378807068,"building":2,"builtAt":0.0,"edge":13299,"offsetX":1.6319679021835327,"offsetZ":-2.5471127033233643,"x":24280.0,"z":23816.0,"zone":3},{"angle":0.0,"building":0,"builtAt":0.0,"edge":-1,"offsetX":0.0,"offsetZ":0.0,"x":24296.0,"z":23816.0,"zone":3},{"angle":0.0,"building":0,"builtAt":0.0,"edge":-1,"offsetX":0.0,"offsetZ":0.0,"x":24312.0,"z":23816.0,"zone":3},{"angle":0.0,"building":0,"builtAt":0.0,"edge":-1,"offsetX":0.0,"offsetZ":0.0,"x":24328.0,"z":23816.0,"zone":3},{"angle":0.0,"building":0,"builtAt":0.0,"edge":-1,"offsetX":0.0,"offsetZ":0.0,"x":24344.0,"z":23816.0,"zone":3},{"angle":-2.4601409435272217,"building":1,"builtAt":0.0,"edge":13300,"offsetX":-1.480087161064148,"offsetZ":6.840113639831543,"x":24360.0,"z":23816.0,"zone":3},{"angle":0.0,"building":0,"builtAt":0.0,"edge":-1,"offsetX":0.0,"offsetZ":0.0,"x":24376.0,"z":23816.0,"zone":3},{"angle":-0.8893446326255798,"building":6,"builtAt":0.0,"edge":12905,"offsetX":8.196125030517578,"offsetZ":7.854005336761475,"x":24120.0,"z":23832.0,"zone":4},{"angle":-0.8893446326255798,"building":5,"builtAt":0.0,"edge":12905,"offsetX":0.9195042252540588,"offsetZ":-4.116843223571777,"x":24136.0,"z":23832.0,"zone":4},{"angle":0.0,"building":0,"builtAt":0.0,"edge":-1,"offsetX":0.0,"offsetZ":0.0,"x":24152.0,"z":23832.0,"zone":4},{"angle":0.681451678276062,"building":5,"builtAt":0.0,"edge":13280,"offsetX":-7.015702247619629,"offsetZ":-2.9103939533233643,"x":24168.0,"z":23832.0,"zone":4},{"angle":0.0,"building":0,"builtAt":0.0,"edge":-1,"offsetX":0.0,"offsetZ":0.0,"x":24184.0,"z":23832.0,"zone":3},{"angle":0.0,"building":0,"builtAt":0.0,"edge":-1,"offsetX":0.0,"offsetZ":0.0,"x":24200.0,"z":23832.0,"zone":3},{"angle":-0.8893445730209351,"building":2,"builtAt":0.0,"edge":13913,"offsetX":7.370290756225586,"offsetZ":2.2216615676879883,"x":24216.0,"z":23832.0,"zone":3},{"angle":0.681451678276062,"building":2,"builtAt":0.0,"edge":13965,"offsetX":0.0791950523853302,"offsetZ":-7.204036235809326,"x":24232.0,"z":23832.0,"zone":3},{"angle":0.6814517378807068,"building":22,"builtAt":0.0,"edge":13965,"offsetX":-2.7889280319213867,"offsetZ":4.245532989501953,"x":24248.0,"z":23832.0,"zone":3},{"angle":-2.4601409435272217,"building":2,"builtAt":0.0,"edge":13965,"offsetX":6.860024929046631,"offsetZ":0.2617645263671875,"x":24264.0,"z":23832.0,"zone":3},{"angle":0.0,"building":0,"builtAt":0.0,"edge":-1,"offsetX":0.0,"offsetZ":0.0,"x":24280.0,"z":23832.0,"zone":3},{"angle":-0.8893445730209351,"building":2,"builtAt":0.0,"edge":13964,"offsetX":3.954244375228882,"offsetZ":-2.2634506225585938,"x":24296.0,"z":23832.0,"zone":3},{"angle":0.0,"building":0,"builtAt":0.0,"edge":-1,"offsetX":0.0,"offsetZ":0.0,"x":24312.0,"z":23832.0,"zone":3},{"angle":0.0,"building":0,"builtAt":0.0,"edge":-1,"offsetX":0.0,"offsetZ":0.0,"x":24328.0,"z":23832.0,"zone":3},{"angle":-2.4601409435272217,"building":3,"builtAt":0.0,"edge":13300,"offsetX":6.677393913269043,"offsetZ":0.5095189213752747,"x":24344.0,"z":23832.0,"zone":3},{"angle":0.0,"building":0,"builtAt":0.0,"edge":-1,"offsetX":0.0,"offsetZ":0.0,"x":24360.0,"z":23832.0,"zone":3},{"angle":-0.8893445730209351,"building":1,"builtAt":0.0,"edge":12975,"offsetX":5.940298080444336,"offsetZ":0.8853286504745483,"x":24376.0,"z":23832.0,"zone":3},{"angle":-0.8893446326255798,"building":5,"builtAt":0.0,"edge":12905,"offsetX":-1.6903789043426514,"offsetZ":2.8814847469329834,"x":24120.0,"z":23848.0,"zone":4},{"angle":-2.4601409435272217,"building":22,"builtAt":0.0,"edge":13263,"offsetX":4.754898548126221,"offsetZ":4.187449932098389,"x":24136.0,"z":23848.0,"zone":4},{"angle":0.0,"building":0,"builtAt":0.0,"edge":-1,"offsetX":0.0,"offsetZ":0.0,"x":24152.0,"z":23848.0,"zone":4},{"angle":2.2522480487823486,"building":2,"builtAt":0.0,"edge":12929,"offsetX":3.917633533477783,"offsetZ":-4.106917858123779,"x":24168.0,"z":23848.0,"zone":3},{"angle":0.0,"building":0,"builtAt":0.0,"edge":-1,"offsetX":0.0,"offsetZ":0.0,"x":24184.0,"z":23848.0,"zone":3},{"angle":0.0,"building":0,"builtAt":0.0,"edge":-1,"offsetX":0.0,"offsetZ":0.0,"x":24200.0,"z":23848.0,"zone":3},{"angle":-2.4601409435272217,"building":1,"builtAt":0.0,"edge":13281,"offsetX":1.5350812673568726,"offsetZ":-5.021531105041504,"x":24216.0,"z":23848.0,"zone":3},{"angle":-2.4601409435272217,"building":2,"builtAt":0.0,"edge":13281,"offsetX":-1.4730476140975952,"offsetZ":4.504375457763672,"x":24232.0,"z":23848.0,"zone":3},{"angle":0.0,"building":0,"builtAt":0.0,"edge":-1,"offsetX":0.0,"offsetZ":0.0,"x":24248.0,"z":23848.0,"zone":3},{"angle":2.2522480487823486,"building":2,"builtAt":0.0,"edge":13963,"offsetX":-5.504047393798828,"offsetZ":0.7013303637504578,"x":24264.0,"z":23848.0,"zone":3},{"angle":0.0,"building":0,"builtAt":0.0,"edge":-1,"offsetX":0.0,"offsetZ":0.0,"x":24280.0,"z":23848.0,"zone":3},{"angle":-0.8893446326255798,"building":9,"builtAt":0.0,"edge":13964,"offsetX":-7.772275924682617,"offsetZ":-4.036936283111572,"x":24296.0,"z":23848.0,"zone":3},{"angle":0.6814517378807068,"building":2,"builtAt":0.0,"edge":13300,"offsetX":6.445248126983643,"offsetZ":-4.567173004150391,"x":24312.0,"z":23848.0,"zone":3},{"angle":0.6814517378807068,"building":1,"builtAt":0.0,"edge":13300,"offsetX":4.994445323944092,"offsetZ":6.311647891998291,"x":24328.0,"z":23848.0,"zone":3},{"angle":0.0,"building":0,"builtAt":0.0,"edge":-1,"offsetX":0.0,"offsetZ":0.0,"x":24344.0,"z":23848.0,"zone":3},{"angle":0.0,"building":0,"builtAt":0.0,"edge":-1,"offsetX":0.0,"offsetZ":0.0,"x":24360.0,"z":23848.0,"zone":3},{"angle":-2.4601409435272217,"building":1,"builtAt":0.0,"edge":13301,"offsetX":-2.9686625003814697,"offsetZ":5.472647666931152,"x":24376.0,"z":23848.0,"zone":3},{"angle":0.0,"building":0,"builtAt":0.0,"edge":-1,"offsetX":0.0,"offsetZ":0.0,"x":24120.0,"z":23864.0,"zone":3},{"angle":-2.4601409435272217,"building":22,"builtAt":0.0,"edge":13263,"offsetX":-3.245100498199463,"offsetZ":-1.9489800930023193,"x":24136.0,"z":23864.0,"zone":3},{"angle":2.2522480487823486,"building":1,"builtAt":0.0,"edge":12929,"offsetX":0.5141414403915405,"offsetZ":4.960072040557861,"x":24152.0,"z":23864.0,"zone":3},{"angle":2.2522480487823486,"building":2,"builtAt":0.0,"edge":12929,"offsetX":-6.075340270996094,"offsetZ":-7.808835506439209,"x":24168.0,"z":23864.0,"zone":3},{"angle":0.0,"building":0,"builtAt":0.0,"edge":-1,"offsetX":0.0,"offsetZ":0.0,"x":24184.0,"z":23864.0,"zone":3},{"angle":-0.8893446326255798,"building":1,"builtAt":0.0,"edge":12929,"offsetX":-2.3463518619537354,"offsetZ":0.7666692137718201,"x":24200.0,"z":23864.0,"zone":3},{"angle":0.6814517378807068,"building":1,"builtAt":0.0,"edge":13281,"offsetX":-0.7528484463691711,"offsetZ":7.343550205230713,"x":24216.0,"z":23864.0,"zone":3},{"angle":0.0,"building":0,"builtAt":0.0,"edge":-1,"offsetX":0.0,"offsetZ":0.0,"x":24232.0,"z":23864.0,"zone":3},{"angle":2.2522480487823486,"building":3,"builtAt":0.0,"edge":13963,"offsetX":-2.916088342666626,"offsetZ":-1.1502094268798828,"x":24248.0,"z":23864.0,"zone":3},{"angle":0.0,"building":0,"builtAt":0.0,"edge":-1,"offsetX":0.0,"offsetZ":0.0,"x":24264.0,"z":23864.0,"zone":3},{"angle":-0.8893445730209351,"building":22,"builtAt":0.0,"edge":13963,"offsetX":-5.3050150871276855,"offsetZ":-2.1601970195770264,"x":24280.0,"z":23864.0,"zone":3},{"angle":0.0,"building":0,"builtAt":0.0,"edge":-1,"offsetX":0.0,"offsetZ":0.0,"x":24296.0,"z":23864.0,"zone":3},{"angle":0.6814517378807068,"building":1,"builtAt":0.0,"edge":13300,"offsetX":7.19917106628418,"offsetZ":7.320481777191162,"x":24312.0,"z":23864.0,"zone":3},{"angle":0.6814517378807068,"building":2,"builtAt":0.0,"edge":13300,"offsetX":-1.9031918048858643,"offsetZ":-1.183935284614563,"x":24328.0,"z":23864.0,"zone":3},{"angle":0.0,"building":0,"builtAt":0.0,"edge":-1,"offsetX":0.0,"offsetZ":0.0,"x":24344.0,"z":23864.0,"zone":3},{"angle":0.0,"building":0,"builtAt":0.0,"edge":-1,"offsetX":0.0,"offsetZ":0.0,"x":24360.0,"z":23864.0,"zone":3},{"angle":0.0,"building":0,"builtAt":0.0,"edge":-1,"offsetX":0.0,"offsetZ":0.0,"x":24376.0,"z":23864.0,"zone":3},{"angle":0.6814517378807068,"building":3,"builtAt":0.0,"edge":13263,"offsetX":-1.1400740146636963,"offsetZ":-0.8172220587730408,"x":24120.0,"z":23880.0,"zone":3},{"angle":0.0,"building":0,"builtAt":0.0,"edge":-1,"offsetX":0.0,"offsetZ":0.0,"x":24136.0,"z":23880.0,"zone":3},{"angle":0.0,"building":0,"builtAt":0.0,"edge":-1,"offsetX":0.0,"offsetZ":0.0,"x":24152.0,"z":23880.0,"zone":3},{"angle":0.0,"building":0,"builtAt":0.0,"edge":-1,"offsetX":0.0,"offsetZ":0.0,"x":24168.0,"z":23880.0,"zone":3},{"angle":-0.8893446326255798,"building":22,"builtAt":0.0,"edge":12929,"offsetX":4.7152276039123535,"offsetZ":-2.0799367427825928,"x":24184.0,"z":23880.0,"zone":3},{"angle":-0.8893446326255798,"building":2,"builtAt":0.0,"edge":12929,"offsetX":-1.8095316886901855,"offsetZ":5.605101108551025,"x":24200.0,"z":23880.0,"zone":3},{"angle":0.6814517378807068,"building":1,"builtAt":0.0,"edge":13281,"offsetX":-7.17804479598999,"offsetZ":-0.7345272898674011,"x":24216.0,"z":23880.0,"zone":3},{"angle":0.681451678276062,"building":22,"builtAt":0.0,"edge":13281,"offsetX":-5.124361038208008,"offsetZ":2.5523903369903564,"x":24232.0,"z":23880.0,"zone":3},{"angle":0.0,"building":0,"builtAt":0.0,"edge":-1,"offsetX":0.0,"offsetZ":0.0,"x":24248.0,"z":23880.0,"zone":3},{"angle":-2.4601409435272217,"building":1,"builtAt":0.0,"edge":13282,"offsetX":-0.1704224795103073,"offsetZ":0.3670438826084137,"x":24264.0,"z":23880.0,"zone":3},{"angle":0.0,"building":0,"builtAt":0.0,"edge":-1,"offsetX":0.0,"offsetZ":0.0,"x":24280.0,"z":23880.0,"zone":3},{"angle":0.0,"building":0,"builtAt":0.0,"edge":-1,"offsetX":0.0,"offsetZ":0.0,"x":24296.0,"z":23880.0,"zone":3},{"angle":0.0,"building":0,"builtAt":0.0,"edge":-1,"offsetX":0.0,"offsetZ":0.0,"x":24312.0,"z":23880.0,"zone":3},{"angle":0.0,"building":0,"builtAt":0.0,"edge":-1,"offsetX":0.0,"offsetZ":0.0,"x":24328.0,"z":23880.0,"zone":3},{"angle":0.681451678276062,"building":2,"builtAt":0.0,"edge":13301,"offsetX":4.860185146331787,"offsetZ":3.2743849754333496,"x":24344.0,"z":23880.0,"zone":3},{"angle":0.681451678276062,"building":2,"builtAt":0.0,"edge":13301,"offsetX":-3.769737720489502,"offsetZ":-5.812526226043701,"x":24360.0,"z":23880.0,"zone":3},{"angle":0.0,"building":0,"builtAt":0.0,"edge":-1,"offsetX":0.0,"offsetZ":0.0,"x":24376.0,"z":23880.0,"zone":3},{"angle":0.0,"building":0,"builtAt":0.0,"edge":-1,"offsetX":0.0,"offsetZ":0.0,"x":24120.0,"z":23896.0,"zone":3},{"angle":0.6814517378807068,"building":2,"builtAt":0.0,"edge":13263,"offsetX":-1.946588158607483,"offsetZ":-6.386551856994629,"x":24136.0,"z":23896.0,"zone":3},{"angle":0.0,"building":0,"builtAt":0.0,"edge":-1,"offsetX":0.0,"offsetZ":0.0,"x":24152.0,"z":23896.0,"zone":3},{"angle":0.0,"building":0,"builtAt":0.0,"edge":-1,"offsetX":0.0,"offsetZ":0.0,"x":24168.0,"z":23896.0,"zone":3},{"angle":-0.8893445730209351,"building":2,"builtAt":0.0,"edge":12929,"offsetX":-5.706819534301758,"offsetZ":-6.131444931030273,"x":24184.0,"z":23896.0,"zone":3},{"angle":-2.4601409435272217,"building":1,"builtAt":0.0,"edge":13264,"offsetX":-5.573004245758057,"offsetZ":2.5289621353149414,"x":24200.0,"z":23896.0,"zone":3},{"angle":2.2522480487823486,"building":22,"builtAt":0.0,"edge":12953,"offsetX":-0.5796533823013306,"offsetZ":4.808083534240723,"x":24216.0,"z":23896.0,"zone":3},{"angle":0.0,"building":0,"builtAt":0.0,"edge":-1,"offsetX":0.0,"offsetZ":0.0,"x":24232.0,"z":23896.0,"zone":3},{"angle":0.6814517378807068,"building":2,"builtAt":0.0,"edge":13282,"offsetX":0.43868550658226013,"offsetZ":3.3431894779205322,"x":24248.0,"z":23896.0,"zone":3},{"angle":0.0,"building":0,"builtAt":0.0,"edge":-1,"offsetX":0.0,"offsetZ":0.0,"x":24264.0,"z":23896.0,"zone":3},{"angle":0.0,"building":0,"builtAt":0.0,"edge":-1,"offsetX":0.0,"offsetZ":0.0,"x":24280.0,"z":23896.0,"zone":3},{"angle":-2.4601409435272217,"building":1,"builtAt":0.0,"edge":13282,"offsetX":4.048153877258301,"offsetZ":0.5161816477775574,"x":24296.0,"z":23896.0,"zone":3},{"angle":0.0,"building":0,"builtAt":0.0,"edge":-1,"offsetX":0.0,"offsetZ":0.0,"x":24312.0,"z":23896.0,"zone":3},{"angle":0.0,"building":0,"builtAt":0.0,"edge":-1,"offsetX":0.0,"offsetZ":0.0,"x":24328.0,"z":23896.0,"zone":3},{"angle":0.0,"building":0,"builtAt":0.0,"edge":-1,"offsetX":0.0,"offsetZ":0.0,"x":24344.0,"z":23896.0,"zone":3},{"angle":0.0,"building":0,"builtAt":0.0,"edge":-1,"offsetX":0.0,"offsetZ":0.0,"x":24360.0,"z":23896.0,"zone":3},{"angle":0.681451678276062,"building":1,"builtAt":0.0,"edge":13301,"offsetX":7.090324401855469,"offsetZ":-0.9298690557479858,"x":24376.0,"z":23896.0,"zone":3}],"zonePalette":false}
[292.004s] [GameApp] stopped
===== DebugLog closed 2026-10-02 02:56:47 =====
