# Blender 4.5.0
# www.blender.org
mtllib fuel_urban_001.mtl
o fuel_urban_001
v -1.530000 2.950000 4.869000
v -6.470000 2.950000 4.869000
v -1.530000 2.530000 4.869000
v -6.470000 2.530000 4.869000
v -2.720000 5.460000 -8.641000
v 2.720000 5.460000 -8.641000
v 2.720000 5.320000 -8.641000
v -2.720000 5.320000 -8.641000
v 9.280000 6.620000 -10.581000
v 11.720000 6.620000 -10.581000
v 11.720000 5.030000 -10.581000
v 9.280000 5.030000 -10.581000
v 5.280000 2.620000 9.719000
v 8.720000 2.620000 9.719000
v 8.720000 2.230000 9.719000
v 5.280000 2.230000 9.719000
v -12.000000 0.099954 -12.000000
v -11.993136 0.105207 -12.000000
v -12.000000 0.100000 -12.000000
v -12.006154 0.104998 -12.000000
v 12.000000 0.006154 -11.993846
v 11.993846 0.000000 -11.993846
v 11.993846 0.006154 -12.000000
v 11.993846 0.006154 12.000000
v 11.993846 0.000000 11.993846
v 12.000000 0.006154 11.993846
v -12.000000 0.100000 12.000000
v -12.000000 0.100000 12.000000
v -12.005207 0.103077 12.000000
v -12.000000 0.006154 -11.993846
v -11.993846 0.006154 -12.000000
v -11.993846 0.000000 -11.993846
v -12.000000 0.006154 11.993846
v -11.993846 0.000000 11.993846
v -11.993846 0.006154 12.000000
v -11.766154 0.280000 -11.993846
v -11.760000 0.273846 -11.993846
v -11.766864 0.274793 -12.000000
v -11.766892 0.105169 -12.000000
v -11.760000 0.106154 -11.993846
v -11.766154 0.100000 -11.993846
v -12.000000 0.276946 12.006154
v -11.993846 0.280000 11.993846
v -12.000000 0.274518 12.000000
v -11.993846 0.280000 11.993846
v -11.760000 0.273846 11.993846
v -11.766154 0.280000 11.993846
v -11.767202 0.274598 12.000000
v -11.767162 0.106154 12.000000
v -11.766154 0.100000 11.993846
v -11.760000 0.106154 11.993846
v -12.000000 0.273846 -11.993846
v -11.993846 0.280000 -11.993846
v -11.993108 0.274831 -12.000000
v 11.760000 0.106154 11.993846
v 11.766154 0.100000 11.993846
v 11.767202 0.105402 12.000000
v 11.760000 0.106154 -11.993846
v 11.766864 0.106154 -12.000000
v 11.766154 0.100000 -11.993846
v 12.000000 0.100000 12.000000
v 12.000000 0.105482 12.000000
v 12.000000 0.100000 12.000000
v 11.995048 0.100000 -11.995048
v 12.006154 0.093846 -12.000000
v 12.000000 0.100000 -11.993846
v 11.993846 0.093846 -12.000000
v 11.993030 0.274793 -12.000000
v 11.993846 0.280000 -11.993846
v 12.000000 0.273846 -11.993846
v 11.760000 0.273846 11.993846
v 11.767162 0.273846 12.000000
v 11.766154 0.280000 11.993846
v 11.760000 0.273846 -11.993846
v 11.766154 0.280000 -11.993846
v 11.766892 0.274831 -12.000000
v -12.000000 0.274493 11.766864
v -11.993846 0.280000 11.766154
v -11.993846 0.273846 11.760000
v -11.993846 0.106154 11.760000
v -11.993846 0.100000 11.766154
v -12.000000 0.105169 11.766892
v 11.993846 0.106154 11.760000
v 12.000000 0.105507 11.766864
v 11.993846 0.100000 11.766154
v 12.000000 0.280000 11.993846
v 11.993846 0.280000 11.993846
v 11.993846 0.280000 12.000000
v 12.006154 0.280000 12.006154
v 12.000000 0.274831 11.766892
v 11.993846 0.273846 11.760000
v 11.993846 0.280000 11.766154
v 4.500000 0.105207 -11.993136
v 4.493846 0.100000 -11.993846
v 4.493846 0.106154 -12.000000
v -4.500000 0.105207 -11.766864
v -4.493846 0.100000 -11.766154
v -4.493846 0.106154 -11.760000
v 4.500000 0.274793 -11.766864
v 4.493846 0.280000 -11.766154
v 4.493846 0.273846 -11.760000
v 4.493846 0.106154 -11.760000
v 4.493846 0.100000 -11.766154
v 4.500000 0.105169 -11.766892
v -4.493846 0.273846 -11.760000
v -4.493846 0.280000 -11.766154
v -4.500000 0.274831 -11.766892
v 4.493846 0.273846 -12.000000
v 4.493846 0.280000 -11.993846
v 4.500000 0.274831 -11.993108
v -4.493846 0.280000 -11.993846
v -4.493846 0.273846 -12.000000
v -4.500000 0.274793 -11.993136
v -4.500000 0.105169 -11.993108
v -4.493846 0.106154 -12.000000
v -4.493846 0.100000 -11.993846
v -5.706154 0.107154 -11.890000
v -5.700000 0.107154 -11.883846
v -5.706154 0.101000 -11.883846
v -11.300000 0.107154 -11.516154
v -11.293846 0.101000 -11.516154
v -11.293846 0.107154 -11.510000
v -5.706154 0.116000 -11.516154
v -5.706154 0.109846 -11.510000
v -5.700000 0.109846 -11.516154
v -11.300000 0.109846 -11.883846
v -11.293846 0.116000 -11.883846
v -11.293846 0.109846 -11.890000
v -11.293846 0.101000 -11.883846
v -11.300000 0.107154 -11.883846
v -11.293846 0.107154 -11.890000
v -5.706154 0.116000 -11.883846
v -5.700000 0.109846 -11.883846
v -5.706154 0.109846 -11.890000
v -11.300000 0.109846 -11.516154
v -11.293846 0.109846 -11.510000
v -11.293846 0.116000 -11.516154
v -5.700000 0.107154 -11.516154
v -5.706154 0.107154 -11.510000
v -5.706154 0.101000 -11.516154
v 5.700000 0.107154 -11.516154
v 5.706154 0.101000 -11.516154
v 5.706154 0.107154 -11.510000
v 11.293846 0.116000 -11.516154
v 11.293846 0.109846 -11.510000
v 11.300000 0.109846 -11.516154
v 5.700000 0.109846 -11.516154
v 5.706154 0.109846 -11.510000
v 5.706154 0.116000 -11.516154
v 5.706154 0.116000 -11.883846
v 5.706154 0.109846 -11.890000
v 5.700000 0.109846 -11.883846
v 5.706154 0.107154 -11.890000
v 5.706154 0.101000 -11.883846
v 5.700000 0.107154 -11.883846
v 11.300000 0.107154 -11.516154
v 11.293846 0.107154 -11.510000
v 11.293846 0.101000 -11.516154
v 11.293846 0.101000 -11.883846
v 11.293846 0.107154 -11.890000
v 11.300000 0.107154 -11.883846
v 11.293846 0.109846 -11.890000
v 11.293846 0.116000 -11.883846
v 11.300000 0.109846 -11.883846
v -11.067645 0.106154 1.005685
v -11.067645 0.106154 0.994315
v -11.062864 0.100000 1.002955
v -10.948148 0.106154 1.043812
v -10.956188 0.106154 1.051852
v -10.955213 0.100000 1.044788
v -11.005686 5.793846 0.932355
v -10.995708 5.800000 0.934292
v -10.994314 5.793846 0.932355
v -11.043812 5.793846 0.948147
v -11.051852 5.793846 0.956188
v -11.042362 5.800000 0.953458
v -10.932355 5.793846 0.994315
v -10.936662 5.800000 1.000000
v -10.932355 5.793846 1.005685
v -10.994314 5.793846 1.067645
v -10.995708 5.800000 1.065708
v -11.005686 5.793846 1.067645
v -10.948148 0.106154 0.956188
v -10.950502 0.100000 0.956572
v -10.956188 0.106154 0.948147
v -10.934668 0.100000 0.995186
v -10.932355 0.106154 0.994315
v -10.932355 0.106154 1.005685
v -10.956188 5.793846 0.948148
v -10.957207 5.800000 0.950399
v -10.948148 5.793846 0.956188
v -10.994314 0.106154 0.932355
v -10.997045 0.100000 0.937135
v -11.005686 0.106154 0.932355
v -11.051852 0.106154 0.956188
v -11.043812 0.106154 0.948148
v -11.043633 0.100000 0.956367
v -11.051852 5.793846 1.043812
v -11.043812 5.793846 1.051852
v -11.042362 5.800000 1.046542
v -11.061706 5.800000 1.000000
v -11.067645 5.793846 0.994315
v -11.067645 5.793846 1.005685
v -11.043812 0.106154 1.051853
v -11.051852 0.106154 1.043812
v -11.043428 0.100000 1.049497
v -11.005686 0.106154 1.067645
v -11.004813 0.100000 1.065333
v -10.994314 0.106154 1.067645
v -10.957207 5.800000 1.049601
v -10.956188 5.793846 1.051853
v -10.948148 5.793846 1.043812
v -10.775000 5.801021 0.056770
v -10.778447 5.800000 0.057372
v -10.782277 5.801941 0.050000
v -10.778447 5.920000 1.042628
v -10.782277 5.918059 1.050000
v -10.775000 5.918980 1.043230
v -11.221553 5.920000 0.057372
v -11.217723 5.918059 0.050000
v -11.225000 5.918980 0.056770
v -11.225000 5.800816 0.056794
v -11.217766 5.802103 0.050000
v -11.221662 5.800000 0.057420
v -10.782234 5.802103 1.050000
v -10.778338 5.800000 1.042580
v -10.775000 5.800816 1.043205
v -11.217766 5.917897 1.050000
v -11.221662 5.920000 1.042580
v -11.225000 5.919185 1.043205
v -10.782234 5.917897 0.050000
v -10.778338 5.920000 0.057420
v -10.775000 5.919185 0.056794
v -11.225000 5.801021 1.043230
v -11.221553 5.800000 1.042628
v -11.217723 5.801941 1.050000
v 10.994314 0.106154 1.067645
v 10.995187 0.100000 1.065333
v 11.005686 0.106154 1.067645
v 10.956188 0.106154 1.051853
v 10.948148 0.106154 1.043812
v 10.956572 0.100000 1.049497
v 11.051852 0.106154 1.043812
v 11.043812 0.106154 1.051852
v 11.044787 0.100000 1.044788
v 11.051852 0.106154 0.956188
v 11.049498 0.100000 0.956572
v 11.043812 0.106154 0.948147
v 10.994314 5.793846 0.932355
v 11.004292 5.800000 0.934292
v 11.005686 5.793846 0.932355
v 10.956188 5.793846 0.948147
v 10.948148 5.793846 0.956188
v 10.957638 5.800000 0.953458
v 10.938294 5.800000 1.000000
v 10.932355 5.793846 0.994315
v 10.932355 5.793846 1.005685
v 10.948148 5.793846 1.043812
v 10.956188 5.793846 1.051852
v 10.957638 5.800000 1.046542
v 11.005686 5.793846 1.067645
v 11.004292 5.800000 1.065708
v 10.994314 5.793846 1.067645
v 11.042793 5.800000 1.049601
v 11.043812 5.793846 1.051853
v 11.051852 5.793846 1.043812
v 11.065332 0.100000 0.995186
v 11.067645 0.106154 0.994315
v 11.067645 0.106154 1.005685
v 11.043812 5.793846 0.948148
v 11.042793 5.800000 0.950399
v 11.051852 5.793846 0.956188
v 10.994314 0.106154 0.932355
v 11.005686 0.106154 0.932355
v 11.002955 0.100000 0.937135
v 10.956188 0.106154 0.948148
v 10.956367 0.100000 0.956367
v 10.948148 0.106154 0.956188
v 10.932355 0.106154 1.005685
v 10.932355 0.106154 0.994315
v 10.937136 0.100000 1.002955
v 11.067645 5.793846 0.994315
v 11.063338 5.800000 1.000000
v 11.067645 5.793846 1.005685
v 10.778447 5.920000 0.057372
v 10.782277 5.918059 0.050000
v 10.775000 5.918980 0.056770
v 11.221553 5.920000 1.042628
v 11.217723 5.918059 1.050000
v 11.225000 5.918980 1.043230
v 10.782234 5.917897 1.050000
v 10.778338 5.920000 1.042580
v 10.775000 5.919185 1.043205
v 10.775000 5.800816 0.056794
v 10.782234 5.802103 0.050000
v 10.778338 5.800000 0.057420
v 10.775000 5.801021 1.043230
v 10.778447 5.800000 1.042628
v 10.782277 5.801941 1.050000
v 11.217766 5.802103 1.050000
v 11.221662 5.800000 1.042580
v 11.225000 5.800816 1.043205
v 11.225000 5.801021 0.056770
v 11.221553 5.800000 0.057372
v 11.217723 5.801941 0.050000
v 11.217766 5.917897 0.050000
v 11.221662 5.920000 0.057420
v 11.225000 5.919185 0.056794
v 0.492899 3.300000 5.004734
v 0.500000 3.296082 5.007346
v 0.492642 3.297231 5.000000
v 0.492936 3.300000 10.995212
v 0.492594 3.297367 11.000000
v 0.500000 3.295996 10.992700
v -8.492899 3.300000 10.995266
v -8.500000 3.296082 10.992654
v -8.492642 3.297231 11.000000
v 0.500000 0.103918 10.992654
v 0.492642 0.102769 11.000000
v 0.492899 0.100000 10.995266
v -8.500000 3.295996 5.007300
v -8.492936 3.300000 5.004788
v -8.492595 3.297367 5.000000
v -8.492642 0.102769 5.000000
v -8.492899 0.100000 5.004734
v -8.500000 0.103918 5.007346
v -8.500000 0.104004 10.992700
v -8.492936 0.100000 10.995212
v -8.492595 0.102633 11.000000
v 0.492594 0.102633 5.000000
v 0.500000 0.104004 5.007300
v 0.492936 0.100000 5.004788
v -8.432925 3.420000 5.064764
v -8.433846 3.413846 5.060000
v -8.440000 3.413846 5.066154
v 0.440000 3.306154 5.060000
v 0.443409 3.306154 5.060000
v 0.440000 3.300000 5.066154
v 0.433846 3.306154 5.060000
v -8.433846 3.413846 10.940000
v -8.432889 3.420000 10.935291
v -8.440000 3.413846 10.933846
v -8.440000 3.299624 10.939994
v -8.443408 3.306154 10.940000
v -8.440000 3.300000 10.933846
v -8.446154 3.293846 10.940000
v 0.433846 3.413846 5.060000
v 0.432889 3.420000 5.064709
v 0.440000 3.413846 5.066154
v 0.432926 3.420000 10.935235
v 0.433846 3.413846 10.940000
v 0.440000 3.413846 10.933846
v 0.433846 3.306154 10.940000
v 0.440000 3.300000 10.933846
v 0.443299 3.307423 10.940000
v 0.440000 3.306154 10.940000
v -8.443298 3.307423 5.060000
v -8.440000 3.306154 5.060000
v -8.433846 3.306154 5.060000
v -8.430706 3.300000 5.066154
v -8.600000 3.306154 10.942735
v -8.593846 3.300000 10.933846
v -8.593846 3.300000 10.940000
v -8.593846 3.300000 10.946154
v -8.593846 3.660000 10.933846
v -8.600000 3.652626 10.940000
v -8.593846 3.660000 10.946154
v -8.592627 3.660000 10.940000
v -8.443298 3.652577 10.940000
v -8.440000 3.653846 10.933846
v -8.446154 3.660000 10.933846
v -8.440000 3.653846 5.066154
v -8.443408 3.653846 5.060000
v -8.446154 3.660000 5.066154
v 0.446154 3.660000 5.066154
v 0.443299 3.652577 5.060000
v 0.440000 3.653846 5.066154
v 0.443409 3.653846 10.940000
v 0.446154 3.660000 10.933846
v 0.440000 3.653846 10.933846
v 0.593846 3.300000 10.933846
v 0.600000 3.307374 10.940000
v 0.593846 3.300000 10.946154
v 0.592626 3.300000 10.940000
v -8.600000 3.653846 4.903409
v -8.593846 3.660000 4.906154
v -8.593846 3.653846 4.900000
v -8.593846 3.306154 4.900000
v -8.593846 3.300000 4.906154
v -8.600000 3.307423 4.903299
v -8.593846 3.660000 5.066154
v -8.593846 3.660000 5.053846
v -8.600000 3.653846 5.060000
v -8.606154 3.660000 5.053846
v -8.593846 3.300000 5.066154
v -8.600000 3.307374 5.060000
v -8.593846 3.300000 5.053846
v -8.592627 3.300000 5.060000
v 0.593846 3.660000 5.066154
v 0.600000 3.652626 5.060000
v 0.593846 3.660000 5.053846
v 0.592626 3.660000 5.060000
v 0.593846 3.653846 4.900000
v 0.593846 3.660000 4.906154
v 0.600000 3.652577 4.903299
v 0.600000 3.306154 4.903409
v 0.593846 3.300000 4.906154
v 0.593846 3.306154 4.900000
v 0.600000 3.306154 5.057265
v 0.593846 3.300000 5.066154
v 0.593846 3.300000 5.060000
v 0.593846 3.300000 5.053846
v 0.593846 3.660000 10.940000
v 0.593846 3.660000 10.946154
v 0.600000 3.653846 10.940000
v 0.593846 3.660000 10.933846
v 0.593846 3.660000 11.093846
v 0.593846 3.653846 11.100000
v 0.600000 3.653846 11.096592
v -8.600000 3.306154 11.096592
v -8.593846 3.300000 11.093846
v -8.593846 3.306154 11.100000
v -8.593846 3.653846 11.100000
v -8.593846 3.660000 11.093846
v -8.600000 3.652577 11.096702
v 0.593846 3.306154 11.100000
v 0.593846 3.300000 11.093846
v 0.600000 3.307423 11.096702
v -6.800000 2.413846 4.896154
v -6.793245 2.420000 4.890997
v -6.796082 2.412654 4.890000
v -5.606755 0.170000 4.890997
v -5.603918 0.177346 4.890000
v -5.600000 0.176154 4.896154
v -6.793221 0.170000 4.890791
v -6.800000 0.176154 4.896154
v -6.795996 0.177300 4.890000
v -5.606755 2.420000 5.029003
v -5.603918 2.412654 5.030000
v -5.600000 2.413846 5.023846
v -6.800000 2.413846 5.023846
v -6.795996 2.412700 5.030000
v -6.793221 2.420000 5.029209
v -6.800000 0.176154 5.023846
v -6.793245 0.170000 5.029003
v -6.796082 0.177346 5.030000
v -5.606780 2.420000 4.890791
v -5.600000 2.413846 4.896154
v -5.604004 2.412700 4.890000
v -5.600000 0.176154 5.023846
v -5.604004 0.177300 5.030000
v -5.606780 0.170000 5.029209
v -5.678787 2.332663 4.855000
v -5.681154 2.340000 4.861154
v -5.675000 2.333846 4.861154
v -6.721213 2.332663 4.885000
v -6.718846 2.340000 4.878846
v -6.725000 2.333846 4.878846
v -6.725000 0.246154 4.878846
v -6.718846 0.240000 4.878846
v -6.721308 0.247385 4.885000
v -6.718846 2.340000 4.861154
v -6.721308 2.332615 4.855000
v -6.725000 2.333846 4.861154
v -6.725000 0.246154 4.861154
v -6.721213 0.247337 4.855000
v -6.718846 0.240000 4.861154
v -5.678787 0.247337 4.885000
v -5.681154 0.240000 4.878846
v -5.675000 0.246154 4.878846
v -5.681154 2.340000 4.878846
v -5.678692 2.332615 4.885000
v -5.675000 2.333846 4.878846
v -5.675000 0.246154 4.861154
v -5.681154 0.240000 4.861154
v -5.678692 0.247385 4.855000
v -6.183654 0.246154 4.815000
v -6.177500 0.246154 4.821154
v -6.183327 0.240000 4.821448
v -6.222500 2.333846 4.821154
v -6.216673 2.340000 4.821448
v -6.216346 2.333846 4.815000
v -6.183327 2.340000 4.858552
v -6.183654 2.333846 4.865000
v -6.177500 2.333846 4.858846
v -6.216686 0.240000 4.821460
v -6.222500 0.246154 4.821154
v -6.216346 0.246154 4.815000
v -6.183314 2.340000 4.821460
v -6.177500 2.333846 4.821154
v -6.183654 2.333846 4.815000
v -6.222500 2.333846 4.858846
v -6.216346 2.333846 4.865000
v -6.216686 2.340000 4.858540
v -6.183654 0.246154 4.865000
v -6.183314 0.240000 4.858540
v -6.177500 0.246154 4.858846
v -6.216673 0.240000 4.858552
v -6.216346 0.246154 4.865000
v -6.222500 0.246154 4.858846
v -6.308654 1.393846 4.745000
v -6.306192 1.400000 4.752385
v -6.302500 1.392984 4.746228
v -6.337500 1.392984 4.813772
v -6.331346 1.393846 4.815000
v -6.333808 1.400000 4.807615
v -6.333713 1.400000 4.752337
v -6.331346 1.393846 4.745000
v -6.337500 1.393017 4.746417
v -6.331346 1.006154 4.745000
v -6.333808 1.000000 4.752385
v -6.337500 1.007016 4.746228
v -6.306287 1.400000 4.807663
v -6.308654 1.393846 4.815000
v -6.302500 1.393017 4.813583
v -6.306287 1.000000 4.752337
v -6.308654 1.006154 4.745000
v -6.302500 1.006983 4.746417
v -6.302500 1.007016 4.813772
v -6.308654 1.006154 4.815000
v -6.306192 1.000000 4.807615
v -6.337500 1.006983 4.813583
v -6.333713 1.000000 4.807663
v -6.331346 1.006154 4.815000
v -6.097500 1.393017 4.746417
v -6.093713 1.400000 4.752337
v -6.091346 1.393846 4.745000
v -6.066287 1.000000 4.752337
v -6.068654 1.006154 4.745000
v -6.062500 1.006983 4.746417
v -6.093808 1.000000 4.752385
v -6.097500 1.007016 4.746228
v -6.091346 1.006154 4.745000
v -6.066287 1.400000 4.807663
v -6.068654 1.393846 4.815000
v -6.062500 1.393017 4.813583
v -6.093808 1.400000 4.807615
v -6.097500 1.392984 4.813772
v -6.091346 1.393846 4.815000
v -6.093713 1.000000 4.807663
v -6.091346 1.006154 4.815000
v -6.097500 1.006983 4.813583
v -6.068654 1.006154 4.815000
v -6.066192 1.000000 4.807615
v -6.062500 1.007016 4.813772
v -6.066192 1.400000 4.752385
v -6.062500 1.392984 4.746228
v -6.068654 1.393846 4.745000
v -4.463846 2.390000 4.896154
v -4.462683 2.385945 4.890000
v -4.470000 2.383846 4.896154
v -4.470000 0.656154 4.896154
v -4.462728 0.654135 4.890000
v -4.463846 0.650000 4.896154
v -1.337272 2.385865 4.890000
v -1.336154 2.390000 4.896154
v -1.330000 2.383846 4.896154
v -1.330000 0.656154 5.033846
v -1.337272 0.654135 5.040000
v -1.336154 0.650000 5.033846
v -1.330000 0.656154 4.896154
v -1.336154 0.650000 4.896154
v -1.337317 0.654055 4.890000
v -4.462728 2.385865 5.040000
v -4.463846 2.390000 5.033846
v -4.470000 2.383846 5.033846
v -1.336154 2.390000 5.033846
v -1.337317 2.385945 5.040000
v -1.330000 2.383846 5.033846
v -4.470000 0.656154 5.033846
v -4.463846 0.650000 5.033846
v -4.462683 0.654055 5.040000
v -4.400000 2.313846 4.868654
v -4.393846 2.320000 4.868654
v -4.392654 2.316082 4.862500
v -1.407346 0.723918 4.862500
v -1.400000 0.726154 4.868654
v -1.406154 0.720000 4.868654
v -1.406154 2.320000 4.881346
v -1.407346 2.316082 4.887500
v -1.400000 2.313846 4.881346
v -1.400000 0.726154 4.881346
v -1.407300 0.724004 4.887500
v -1.406154 0.720000 4.881346
v -4.392700 2.315996 4.887500
v -4.393846 2.320000 4.881346
v -4.400000 2.313846 4.881346
v -4.400000 0.726154 4.881346
v -4.393846 0.720000 4.881346
v -4.392654 0.723918 4.887500
v -1.406154 2.320000 4.868654
v -1.400000 2.313846 4.868654
v -1.407300 2.315996 4.862500
v -4.393846 0.720000 4.868654
v -4.400000 0.726154 4.868654
v -4.392700 0.724004 4.862500
v -4.416991 2.360000 4.824181
v -4.416346 2.353846 4.817500
v -4.422500 2.353846 4.823654
v -4.377500 0.696154 4.823654
v -4.383009 0.690000 4.824181
v -4.383654 0.696154 4.817500
v -4.383009 2.360000 4.865819
v -4.383654 2.353846 4.872500
v -4.377500 2.353846 4.866346
v -4.422500 0.696154 4.866346
v -4.416991 0.690000 4.865819
v -4.416346 0.696154 4.872500
v -4.422500 0.696154 4.823654
v -4.416346 0.696154 4.817500
v -4.417017 0.690000 4.824203
v -4.383654 0.696154 4.872500
v -4.382984 0.690000 4.865798
v -4.377500 0.696154 4.866346
v -4.383654 2.353846 4.817500
v -4.382984 2.360000 4.824203
v -4.377500 2.353846 4.823654
v -4.416346 2.353846 4.872500
v -4.417017 2.360000 4.865798
v -4.422500 2.353846 4.866346
v -2.922500 2.353846 4.823654
v -2.916991 2.360000 4.824181
v -2.916346 2.353846 4.817500
v -2.883009 0.690000 4.824181
v -2.883654 0.696154 4.817500
v -2.877500 0.696154 4.823654
v -2.883009 2.360000 4.865819
v -2.883654 2.353846 4.872500
v -2.877500 2.353846 4.866346
v -2.917016 0.690000 4.824203
v -2.922500 0.696154 4.823654
v -2.916346 0.696154 4.817500
v -2.916346 2.353846 4.872500
v -2.917016 2.360000 4.865798
v -2.922500 2.353846 4.866346
v -2.922500 0.696154 4.866346
v -2.916991 0.690000 4.865819
v -2.916346 0.696154 4.872500
v -2.882984 2.360000 4.824203
v -2.877500 2.353846 4.823654
v -2.883654 2.353846 4.817500
v -2.877500 0.696154 4.866346
v -2.883654 0.696154 4.872500
v -2.882984 0.690000 4.865798
v -1.422500 0.696154 4.823654
v -1.416346 0.696154 4.817500
v -1.417016 0.690000 4.824203
v -1.422500 0.696154 4.866346
v -1.416991 0.690000 4.865819
v -1.416346 0.696154 4.872500
v -1.377500 2.353846 4.823654
v -1.383654 2.353846 4.817500
v -1.382984 2.360000 4.824203
v -1.383009 2.360000 4.865819
v -1.383654 2.353846 4.872500
v -1.377500 2.353846 4.866346
v -1.383654 0.696154 4.872500
v -1.382984 0.690000 4.865798
v -1.377500 0.696154 4.866346
v -1.422500 2.353846 4.866346
v -1.416346 2.353846 4.872500
v -1.417016 2.360000 4.865798
v -1.422500 2.353846 4.823654
v -1.416991 2.360000 4.824181
v -1.416346 2.353846 4.817500
v -1.377500 0.696154 4.823654
v -1.383009 0.690000 4.824181
v -1.383654 0.696154 4.817500
v -4.515000 0.687396 4.712337
v -4.508846 0.690000 4.711154
v -4.508846 0.683846 4.705000
v -4.515000 0.612462 4.712385
v -4.508846 0.616154 4.705000
v -4.508846 0.610000 4.711154
v -4.508846 0.610000 4.938846
v -4.508846 0.616154 4.945000
v -4.515000 0.612604 4.937663
v -1.291154 0.690000 4.711154
v -1.285000 0.687538 4.712385
v -1.291154 0.683846 4.705000
v -1.285000 0.612462 4.937615
v -1.291154 0.616154 4.945000
v -1.291154 0.610000 4.938846
v -1.291154 0.690000 4.938846
v -1.291154 0.683846 4.945000
v -1.285000 0.687396 4.937663
v -4.515000 0.687538 4.937615
v -4.508846 0.683846 4.945000
v -4.508846 0.690000 4.938846
v -1.291154 0.616154 4.705000
v -1.285000 0.612604 4.712337
v -1.291154 0.610000 4.711154
v -6.493846 2.980000 4.881154
v -6.493846 2.973846 4.875000
v -6.500000 2.972688 4.877448
v -1.506154 2.980000 5.018846
v -1.506154 2.973846 5.025000
v -1.500000 2.972688 5.022552
v -6.493846 2.973846 5.025000
v -6.493846 2.980000 5.018846
v -6.500000 2.972642 5.022701
v -1.506154 2.973846 4.875000
v -1.506154 2.980000 4.881154
v -1.500000 2.972642 4.877299
v -6.493846 2.506154 4.875000
v -6.493846 2.500000 4.881154
v -6.500000 2.507358 4.877299
v -1.506154 2.506154 4.875000
v -1.500000 2.507312 4.877448
v -1.506154 2.500000 4.881154
v -1.500000 2.507358 5.022701
v -1.506154 2.506154 5.025000
v -1.506154 2.500000 5.018846
v -6.500000 2.507312 5.022552
v -6.493846 2.500000 5.018846
v -6.493846 2.506154 5.025000
v -1.582305 4.150000 9.221022
v -1.581853 4.144760 9.225000
v -1.575000 4.142994 9.220078
v -2.425000 3.507006 9.220078
v -2.417695 3.500000 9.221022
v -2.418147 3.505240 9.225000
v -2.417695 4.150000 8.778978
v -2.418147 4.144760 8.775000
v -2.425000 4.142994 8.779922
v -2.418174 3.505275 8.775000
v -2.417649 3.500000 8.778892
v -2.425000 3.507040 8.779874
v -2.417649 4.150000 9.221108
v -2.425000 4.142960 9.220126
v -2.418174 4.144725 9.225000
v -1.581826 4.144725 8.775000
v -1.582351 4.150000 8.778892
v -1.575000 4.142960 8.779874
v -1.575000 3.507006 8.779922
v -1.582305 3.500000 8.778978
v -1.581853 3.505240 8.775000
v -1.575000 3.507040 9.220126
v -1.581826 3.505275 9.225000
v -1.582351 3.500000 9.221108
v -1.639630 3.734887 8.760000
v -1.640814 3.725000 8.753846
v -1.725000 3.640814 8.753846
v -1.728185 3.646332 8.760000
v -1.955000 4.039186 8.753846
v -1.950969 4.032204 8.760000
v -1.955000 3.640814 8.753846
v -1.950266 3.640814 8.760000
v -1.849155 3.613918 8.760000
v -1.840000 3.610000 8.753846
v -1.960970 3.648785 8.740000
v -1.955000 3.640814 8.746154
v -2.039186 3.725000 8.746154
v -2.035086 3.722633 8.740000
v -2.070000 3.840000 8.746154
v -2.065624 3.835624 8.740000
v -1.727032 4.031601 8.740000
v -1.725000 4.039186 8.746154
v -1.614376 3.835624 8.740000
v -1.610000 3.840000 8.746154
v -1.640814 3.725000 8.746154
v -1.644914 3.722633 8.740000
v -2.033209 3.723398 8.760000
v -2.039186 3.725000 8.753846
v -2.070000 3.840000 8.753846
v -2.063741 3.836387 8.760000
v -2.039186 3.955000 8.746154
v -2.035573 3.948741 8.740000
v -2.033633 3.949447 8.760000
v -2.039186 3.955000 8.753846
v -1.952968 4.031601 8.740000
v -1.955000 4.039186 8.746154
v -1.840000 4.070000 8.746154
v -1.840000 4.061938 8.740000
v -1.840000 4.070000 8.753846
v -1.837968 4.062415 8.760000
v -1.640814 3.955000 8.753846
v -1.642416 3.949023 8.760000
v -1.725000 4.031960 8.760000
v -1.725000 4.039186 8.753846
v -1.640814 3.955000 8.746154
v -1.644427 3.948741 8.740000
v -1.610000 3.840000 8.753846
v -1.612367 3.835900 8.760000
v -1.725000 3.640814 8.746154
v -1.719030 3.648785 8.740000
v -1.840000 3.610000 8.746154
v -1.840000 3.616371 8.740000
v -1.630000 3.676154 8.726346
v -1.636154 3.676154 8.732500
v -1.636154 3.670000 8.726346
v -1.636154 3.695000 8.726346
v -1.636154 3.688846 8.732500
v -1.630000 3.688846 8.726346
v -1.630000 3.676154 8.713655
v -1.636154 3.670000 8.713655
v -1.636154 3.676154 8.707500
v -2.043846 3.688846 8.732500
v -2.043846 3.695000 8.726346
v -2.050000 3.688846 8.726346
v -1.636154 3.688846 8.707500
v -1.636154 3.695000 8.713655
v -1.630000 3.688846 8.713655
v -2.043846 3.695000 8.713655
v -2.043846 3.688846 8.707500
v -2.050000 3.688846 8.713655
v -2.050000 3.676154 8.713655
v -2.043846 3.676154 8.707500
v -2.043846 3.670000 8.713655
v -2.043846 3.670000 8.726346
v -2.043846 3.676154 8.732500
v -2.050000 3.676154 8.726346
v -1.636154 3.737000 8.713655
v -1.636154 3.743154 8.707500
v -1.630000 3.743154 8.713655
v -2.050000 3.755846 8.726346
v -2.043846 3.755846 8.732500
v -2.043846 3.762000 8.726346
v -1.630000 3.755846 8.713655
v -1.636154 3.755846 8.707500
v -1.636154 3.762000 8.713655
v -1.636154 3.762000 8.726346
v -1.636154 3.755846 8.732500
v -1.630000 3.755846 8.726346
v -2.050000 3.755846 8.713655
v -2.043846 3.762000 8.713655
v -2.043846 3.755846 8.707500
v -2.043846 3.743154 8.707500
v -2.043846 3.737000 8.713655
v -2.050000 3.743154 8.713655
v -1.636154 3.743154 8.732500
v -1.636154 3.737000 8.726346
v -1.630000 3.743154 8.726346
v -2.043846 3.737000 8.726346
v -2.043846 3.743154 8.732500
v -2.050000 3.743154 8.726346
v -1.630000 3.810154 8.726346
v -1.636154 3.810154 8.732500
v -1.636154 3.804000 8.726346
v -2.050000 3.822846 8.726346
v -2.043846 3.822846 8.732500
v -2.043846 3.829000 8.726346
v -2.050000 3.822846 8.713655
v -2.043846 3.829000 8.713655
v -2.043846 3.822846 8.707500
v -2.043846 3.810154 8.707500
v -2.043846 3.804000 8.713655
v -2.050000 3.810154 8.713655
v -1.630000 3.822846 8.713655
v -1.636154 3.822846 8.707500
v -1.636154 3.829000 8.713655
v -1.630000 3.822846 8.726346
v -1.636154 3.829000 8.726346
v -1.636154 3.822846 8.732500
v -1.630000 3.810154 8.713655
v -1.636154 3.804000 8.713655
v -1.636154 3.810154 8.707500
v -2.050000 3.810154 8.726346
v -2.043846 3.804000 8.726346
v -2.043846 3.810154 8.732500
v -1.636154 3.889846 8.707500
v -1.636154 3.896000 8.713655
v -1.630000 3.889846 8.713655
v -1.630000 3.877154 8.713655
v -1.636154 3.871000 8.713655
v -1.636154 3.877154 8.707500
v -2.043846 3.871000 8.726346
v -2.043846 3.877154 8.732500
v -2.050000 3.877154 8.726346
v -2.050000 3.889846 8.726346
v -2.043846 3.889846 8.732500
v -2.043846 3.896000 8.726346
v -2.043846 3.896000 8.713655
v -2.043846 3.889846 8.707500
v -2.050000 3.889846 8.713655
v -1.636154 3.896000 8.726346
v -1.636154 3.889846 8.732500
v -1.630000 3.889846 8.726346
v -2.043846 3.877154 8.707500
v -2.043846 3.871000 8.713655
v -2.050000 3.877154 8.713655
v -1.636154 3.871000 8.726346
v -1.630000 3.877154 8.726346
v -1.636154 3.877154 8.732500
v -2.043846 3.963000 8.726346
v -2.050000 3.956846 8.726346
v -2.043846 3.956846 8.732500
v -1.636154 3.963000 8.726346
v -1.636154 3.956846 8.732500
v -1.630000 3.956846 8.726346
v -2.050000 3.944154 8.726346
v -2.043846 3.938000 8.726346
v -2.043846 3.944154 8.732500
v -2.043846 3.944154 8.707500
v -2.043846 3.938000 8.713655
v -2.050000 3.944154 8.713655
v -1.636154 3.956846 8.707500
v -1.636154 3.963000 8.713655
v -1.630000 3.956846 8.713655
v -2.043846 3.963000 8.713655
v -2.043846 3.956846 8.707500
v -2.050000 3.956846 8.713655
v -1.630000 3.944154 8.713655
v -1.636154 3.938000 8.713655
v -1.636154 3.944154 8.707500
v -1.630000 3.944154 8.726346
v -1.636154 3.944154 8.732500
v -1.636154 3.938000 8.726346
v -2.050000 4.023846 8.713655
v -2.043846 4.030000 8.713655
v -2.043846 4.023846 8.707500
v -1.636154 4.005000 8.713655
v -1.636154 4.011154 8.707500
v -1.630000 4.011154 8.713655
v -2.043846 4.005000 8.726346
v -2.043846 4.011154 8.732500
v -2.050000 4.011154 8.726346
v -2.050000 4.023846 8.726346
v -2.043846 4.023846 8.732500
v -2.043846 4.030000 8.726346
v -2.043846 4.011154 8.707500
v -2.043846 4.005000 8.713655
v -2.050000 4.011154 8.713655
v -1.630000 4.023846 8.713655
v -1.636154 4.023846 8.707500
v -1.636154 4.030000 8.713655
v -1.636154 4.030000 8.726346
v -1.636154 4.023846 8.732500
v -1.630000 4.023846 8.726346
v -1.636154 4.005000 8.726346
v -1.630000 4.011154 8.726346
v -1.636154 4.011154 8.732500
v -2.252337 4.020000 8.767397
v -2.246810 4.012760 8.770000
v -2.245000 4.013846 8.763846
v -2.327615 4.020000 8.767539
v -2.335000 4.013846 8.763846
v -2.333023 4.012802 8.770000
v -2.246977 4.012802 8.740000
v -2.252384 4.020000 8.742461
v -2.245000 4.013846 8.746154
v -2.245000 3.666154 8.746154
v -2.252337 3.660000 8.742603
v -2.246810 3.667240 8.740000
v -2.327663 4.020000 8.742603
v -2.333190 4.012760 8.740000
v -2.335000 4.013846 8.746154
v -2.335000 3.666154 8.746154
v -2.333023 3.667198 8.740000
v -2.327615 3.660000 8.742461
v -2.246977 3.667198 8.770000
v -2.252384 3.660000 8.767539
v -2.245000 3.666154 8.763846
v -2.335000 3.666154 8.763846
v -2.327663 3.660000 8.767397
v -2.333190 3.667240 8.770000
v -2.338852 3.500000 8.716845
v -2.333465 3.494282 8.710000
v -2.340000 3.498975 8.716773
v -2.266521 3.494265 8.710000
v -2.260948 3.500000 8.716872
v -2.260000 3.499180 8.716798
v -2.333479 3.435735 8.710000
v -2.339052 3.430000 8.716872
v -2.340000 3.430820 8.716798
v -2.338852 3.430000 9.283155
v -2.333465 3.435718 9.290000
v -2.340000 3.431026 9.283227
v -2.340000 3.499180 9.283202
v -2.333479 3.494265 9.290000
v -2.339052 3.500000 9.283128
v -2.261148 3.500000 9.283155
v -2.266535 3.494282 9.290000
v -2.260000 3.498975 9.283227
v -2.260000 3.431026 8.716773
v -2.261148 3.430000 8.716845
v -2.266535 3.435718 8.710000
v -2.260000 3.430820 9.283202
v -2.266521 3.435735 9.290000
v -2.260948 3.430000 9.283128
v -1.738852 3.500000 8.716845
v -1.733465 3.494282 8.710000
v -1.740000 3.498975 8.716773
v -1.660000 3.431026 8.716773
v -1.661148 3.430000 8.716845
v -1.666535 3.435718 8.710000
v -1.661148 3.500000 9.283155
v -1.666535 3.494282 9.290000
v -1.660000 3.498975 9.283227
v -1.733480 3.494265 9.290000
v -1.739052 3.500000 9.283128
v -1.740000 3.499180 9.283202
v -1.740000 3.431026 9.283227
v -1.738852 3.430000 9.283155
v -1.733465 3.435718 9.290000
v -1.666520 3.494265 8.710000
v -1.660948 3.500000 8.716872
v -1.660000 3.499180 8.716798
v -1.733480 3.435735 8.710000
v -1.739052 3.430000 8.716872
v -1.740000 3.430820 8.716798
v -1.660000 3.430820 9.283202
v -1.666520 3.435735 9.290000
v -1.660948 3.430000 9.283128
v -9.500000 5.553846 -8.493846
v -9.492765 5.560000 -8.495712
v -9.493846 5.553846 -8.500000
v -9.493846 5.206154 -8.500000
v -9.492723 5.200000 -8.495787
v -9.500000 5.206154 -8.493846
v 9.492765 5.560000 2.495712
v 9.493846 5.553846 2.500000
v 9.500000 5.553846 2.493846
v -9.492765 5.200000 2.495712
v -9.493846 5.206154 2.500000
v -9.500000 5.206154 2.493846
v 9.493846 5.553846 -8.500000
v 9.492723 5.560000 -8.495787
v 9.500000 5.553846 -8.493846
v 9.500000 5.206154 2.493846
v 9.493846 5.206154 2.500000
v 9.492723 5.200000 2.495787
v 9.500000 5.206154 -8.493846
v 9.492765 5.200000 -8.495712
v 9.493846 5.206154 -8.500000
v -9.500000 5.553846 2.493846
v -9.493846 5.553846 2.500000
v -9.492723 5.560000 2.495787
v -9.493846 5.530000 -8.543846
v -9.493846 5.523846 -8.550000
v -9.500000 5.522633 -8.547123
v 9.493846 5.530000 -8.456154
v 9.493846 5.523846 -8.450000
v 9.500000 5.522633 -8.452877
v -9.500000 5.267367 -8.452877
v -9.493846 5.260000 -8.456154
v -9.493846 5.266154 -8.450000
v -9.493846 5.266154 -8.550000
v -9.493846 5.260000 -8.543846
v -9.500000 5.267416 -8.547254
v -9.493846 5.530000 -8.456154
v -9.500000 5.522584 -8.452746
v -9.493846 5.523846 -8.450000
v 9.493846 5.523846 -8.550000
v 9.493846 5.530000 -8.543846
v 9.500000 5.522584 -8.547254
v 9.500000 5.267367 -8.547123
v 9.493846 5.260000 -8.543846
v 9.493846 5.266154 -8.550000
v 9.500000 5.267416 -8.452746
v 9.493846 5.266154 -8.450000
v 9.493846 5.260000 -8.456154
v -2.750000 5.483136 -8.629793
v -2.743846 5.490000 -8.628846
v -2.743846 5.483846 -8.635000
v 2.743846 5.290000 -8.628846
v 2.743846 5.296154 -8.635000
v 2.750000 5.296864 -8.629793
v -2.750000 5.483108 -8.490169
v -2.743846 5.483846 -8.485000
v -2.743846 5.490000 -8.491154
v 2.743846 5.490000 -8.491154
v 2.743846 5.483846 -8.485000
v 2.750000 5.483136 -8.490207
v -2.743846 5.296154 -8.635000
v -2.743846 5.290000 -8.628846
v -2.750000 5.296892 -8.629831
v 2.750000 5.483108 -8.629831
v 2.743846 5.483846 -8.635000
v 2.743846 5.490000 -8.628846
v 2.743846 5.290000 -8.491154
v 2.750000 5.296892 -8.490169
v 2.743846 5.296154 -8.485000
v -2.743846 5.290000 -8.491154
v -2.743846 5.296154 -8.485000
v -2.750000 5.296864 -8.490207
v -4.281787 0.278950 -5.750000
v -4.276917 0.280000 -5.742729
v -4.275000 0.273846 -5.743846
v -5.725000 0.106154 -0.256154
v -5.722920 0.100000 -0.257228
v -5.718187 0.100846 -0.250000
v -5.722920 0.280000 -5.742772
v -5.718187 0.279154 -5.750000
v -5.725000 0.273846 -5.743846
v -5.725000 0.106154 -5.743846
v -5.718213 0.101050 -5.750000
v -5.723083 0.100000 -5.742729
v -4.277080 0.280000 -0.257228
v -4.281813 0.279154 -0.250000
v -4.275000 0.273846 -0.256154
v -5.718213 0.278950 -0.250000
v -5.723083 0.280000 -0.257271
v -5.725000 0.273846 -0.256154
v -4.277080 0.100000 -5.742772
v -4.281813 0.100846 -5.750000
v -4.275000 0.106154 -5.743846
v -4.275000 0.106154 -0.256154
v -4.281787 0.101050 -0.250000
v -4.276917 0.100000 -0.257271
v -5.125000 5.193846 -2.018846
v -5.118846 5.200000 -2.018846
v -5.118846 5.193846 -2.025000
v -4.881154 0.280000 -2.018846
v -4.881154 0.286154 -2.025000
v -4.875000 0.286154 -2.018846
v -4.875000 0.286154 -1.781154
v -4.881154 0.286154 -1.775000
v -4.881154 0.280000 -1.781154
v -5.125000 5.193846 -1.781154
v -5.118846 5.193846 -1.775000
v -5.118846 5.200000 -1.781154
v -4.881154 5.200000 -2.018846
v -4.875000 5.193846 -2.018846
v -4.881154 5.193846 -2.025000
v -4.881154 5.200000 -1.781154
v -4.881154 5.193846 -1.775000
v -4.875000 5.193846 -1.781154
v -5.125000 0.286154 -2.018846
v -5.118846 0.286154 -2.025000
v -5.118846 0.280000 -2.018846
v -5.118846 0.280000 -1.781154
v -5.118846 0.286154 -1.775000
v -5.125000 0.286154 -1.781154
v -5.443209 1.930000 -4.144666
v -5.446002 1.922670 -4.150000
v -5.450000 1.922621 -4.146733
v -4.550000 0.287379 -4.146733
v -4.556791 0.280000 -4.144666
v -4.553998 0.287330 -4.150000
v -5.450000 0.287379 -3.453267
v -5.443209 0.280000 -3.455335
v -5.446002 0.287330 -3.450000
v -4.556791 1.930000 -3.455335
v -4.553998 1.922670 -3.450000
v -4.550000 1.922621 -3.453267
v -4.554081 1.922715 -4.150000
v -4.556817 1.930000 -4.144698
v -4.550000 1.922572 -4.146849
v -5.445919 1.922715 -3.450000
v -5.443183 1.930000 -3.455302
v -5.450000 1.922572 -3.453151
v -5.450000 0.287428 -4.146849
v -5.445919 0.287285 -4.150000
v -5.443183 0.280000 -4.144698
v -4.554081 0.287285 -3.450000
v -4.556817 0.280000 -3.455302
v -4.550000 0.287428 -3.453151
v -4.666729 1.105443 -4.175000
v -4.660000 1.106154 -4.168846
v -4.666154 1.100000 -4.168846
v -5.340000 1.106154 -4.151154
v -5.333846 1.100000 -4.151154
v -5.333271 1.105443 -4.145000
v -5.333846 1.100000 -4.168846
v -5.340000 1.106154 -4.168846
v -5.333293 1.105470 -4.175000
v -4.666154 1.650000 -4.151154
v -4.666729 1.644557 -4.145000
v -4.660000 1.643846 -4.151154
v -4.660000 1.106154 -4.151154
v -4.666707 1.105470 -4.145000
v -4.666154 1.100000 -4.151154
v -5.340000 1.643846 -4.151154
v -5.333293 1.644530 -4.145000
v -5.333846 1.650000 -4.151154
v -4.666154 1.650000 -4.168846
v -4.660000 1.643846 -4.168846
v -4.666707 1.644530 -4.175000
v -5.333271 1.644557 -4.175000
v -5.340000 1.643846 -4.168846
v -5.333846 1.650000 -4.168846
v -5.502797 1.698315 -3.769689
v -5.503023 1.704992 -3.775843
v -5.511416 1.701619 -3.775018
v -5.474425 1.694030 -3.775843
v -5.481608 1.690193 -3.769689
v -5.472989 1.686889 -3.775018
v -5.511416 1.701619 -3.824981
v -5.506341 1.706264 -3.822926
v -5.502797 1.698315 -3.830311
v -5.517322 1.710473 -3.802367
v -5.522011 1.705680 -3.805329
v -5.522011 1.705680 -3.794671
v -5.728392 1.109807 -3.830311
v -5.731747 1.104503 -3.826524
v -5.737011 1.113111 -3.824982
v -5.481608 1.690193 -3.830311
v -5.477615 1.695252 -3.822973
v -5.472989 1.686889 -3.824982
v -5.698584 1.098381 -3.824981
v -5.709631 1.096025 -3.826618
v -5.707203 1.101685 -3.830311
v -5.687989 1.094320 -3.805329
v -5.687989 1.094320 -3.794671
v -5.695230 1.090505 -3.800000
v -5.462394 1.682827 -3.794671
v -5.462394 1.682827 -3.805329
v -5.463290 1.689761 -3.796308
v -5.698584 1.098381 -3.775018
v -5.707203 1.101685 -3.769689
v -5.709631 1.096025 -3.773381
v -5.747606 1.117172 -3.794671
v -5.747606 1.117172 -3.805329
v -5.746046 1.109984 -3.800000
v -5.731747 1.104503 -3.773476
v -5.728392 1.109807 -3.769689
v -5.737011 1.113111 -3.775018
v -5.699543 1.093459 -3.824981
v -5.708772 1.093633 -3.830311
v -5.706738 1.099750 -3.822973
v -5.731460 1.094061 -3.830311
v -5.740689 1.094235 -3.824981
v -5.737497 1.100330 -3.822926
v -5.749255 1.100552 -3.802367
v -5.752033 1.094449 -3.805329
v -5.752033 1.094449 -3.794671
v -5.718540 0.575939 -3.830311
v -5.709311 0.575765 -3.824981
v -5.718897 0.569790 -3.826618
v -5.741229 0.576367 -3.830311
v -5.742579 0.570237 -3.826524
v -5.750458 0.576541 -3.824981
v -5.688199 1.093245 -3.805329
v -5.691400 1.099460 -3.796308
v -5.688199 1.093245 -3.794670
v -5.697967 0.575551 -3.794671
v -5.703477 0.569500 -3.800000
v -5.697967 0.575551 -3.805329
v -5.718540 0.575939 -3.769689
v -5.718897 0.569790 -3.773381
v -5.709311 0.575765 -3.775019
v -5.703323 1.099685 -3.775843
v -5.708772 1.093633 -3.769689
v -5.699543 1.093459 -3.775018
v -5.742579 0.570237 -3.773476
v -5.741229 0.576367 -3.769689
v -5.750458 0.576541 -3.775018
v -5.740689 1.094235 -3.775019
v -5.731460 1.094061 -3.769689
v -5.733944 1.100263 -3.775843
v -5.761801 0.576755 -3.805329
v -5.757889 0.570526 -3.800000
v -5.761801 0.576755 -3.794670
v -5.714512 0.561193 -3.769689
v -5.721404 0.559016 -3.775843
v -5.713614 0.560085 -3.770394
v -5.711967 0.546957 -3.802367
v -5.703330 0.546945 -3.800705
v -5.703413 0.547011 -3.799117
v -5.484030 0.718571 -3.799295
v -5.484074 0.718667 -3.800883
v -5.482809 0.728033 -3.800000
v -5.516387 0.759915 -3.770394
v -5.515488 0.758807 -3.769689
v -5.506844 0.758745 -3.773381
v -5.494231 0.731645 -3.770572
v -5.492246 0.740093 -3.773476
v -5.495066 0.732673 -3.769689
v -5.713570 0.559989 -3.829428
v -5.719214 0.556219 -3.822926
v -5.714366 0.561047 -3.830311
v -5.515634 0.758953 -3.830311
v -5.516430 0.760011 -3.829428
v -5.506844 0.758745 -3.826618
v -5.492246 0.740093 -3.826524
v -5.494314 0.731711 -3.829606
v -5.495173 0.732850 -3.830311
v -5.735686 0.588289 -3.829606
v -5.734827 0.587150 -3.830311
v -5.738175 0.580445 -3.822973
v -5.747629 0.592526 -3.796308
v -5.745970 0.601429 -3.799295
v -5.745926 0.601333 -3.800883
v -5.526587 0.772989 -3.799117
v -5.516349 0.770891 -3.800000
v -5.526670 0.773055 -3.800705
v -5.740280 0.583136 -3.775843
v -5.734934 0.587327 -3.769689
v -5.735769 0.588355 -3.770572
v -5.444734 1.020000 -3.852899
v -5.440000 1.012577 -3.856701
v -5.442326 1.012712 -3.860000
v -5.444788 1.020000 -3.747064
v -5.442173 1.012667 -3.740000
v -5.440000 1.012626 -3.743409
v -5.520000 1.012626 -3.856591
v -5.515212 1.020000 -3.852936
v -5.517827 1.012667 -3.860000
v -5.520000 0.757374 -3.743409
v -5.515212 0.750000 -3.747064
v -5.517827 0.757333 -3.740000
v -5.440000 0.757423 -3.743299
v -5.442326 0.757288 -3.740000
v -5.444734 0.750000 -3.747101
v -5.520000 1.012577 -3.743299
v -5.517674 1.012712 -3.740000
v -5.515266 1.020000 -3.747101
v -5.515266 0.750000 -3.852899
v -5.520000 0.757423 -3.856701
v -5.517674 0.757288 -3.860000
v -5.442173 0.757333 -3.860000
v -5.440000 0.757374 -3.856591
v -5.444788 0.750000 -3.852936
v -4.477989 1.705680 -3.794671
v -4.477989 1.705680 -3.805329
v -4.483290 1.710239 -3.796308
v -4.518392 1.690193 -3.769689
v -4.523023 1.695008 -3.775843
v -4.527011 1.686889 -3.775018
v -4.252394 1.117172 -3.794671
v -4.255230 1.109495 -3.800000
v -4.252394 1.117172 -3.805329
v -4.262989 1.113111 -3.775018
v -4.271608 1.109807 -3.769689
v -4.269631 1.103975 -3.773381
v -4.537322 1.689527 -3.802367
v -4.537606 1.682827 -3.805329
v -4.537606 1.682827 -3.794671
v -4.488584 1.701619 -3.824981
v -4.497203 1.698315 -3.830311
v -4.497615 1.704748 -3.822973
v -4.527011 1.686889 -3.824981
v -4.526340 1.693736 -3.822926
v -4.518392 1.690193 -3.830311
v -4.271608 1.109807 -3.830311
v -4.262989 1.113111 -3.824981
v -4.269631 1.103975 -3.826618
v -4.292797 1.101685 -3.830311
v -4.291747 1.095497 -3.826524
v -4.301416 1.098381 -3.824981
v -4.494425 1.705970 -3.775843
v -4.497203 1.698315 -3.769689
v -4.488584 1.701619 -3.775018
v -4.301416 1.098381 -3.775018
v -4.291747 1.095497 -3.773476
v -4.292797 1.101685 -3.769689
v -4.312011 1.094320 -3.794671
v -4.312011 1.094320 -3.805329
v -4.306046 1.090016 -3.800000
v -4.263323 1.100315 -3.775843
v -4.268540 1.094061 -3.769689
v -4.259311 1.094235 -3.775018
v -4.251400 1.100540 -3.796308
v -4.247967 1.094449 -3.794671
v -4.247967 1.094449 -3.805329
v -4.300457 1.093459 -3.775018
v -4.291228 1.093633 -3.769689
v -4.293944 1.099737 -3.775843
v -4.259311 1.094235 -3.824981
v -4.268540 1.094061 -3.830311
v -4.266738 1.100250 -3.822973
v -4.258771 0.576367 -3.769689
v -4.258897 0.570210 -3.773381
v -4.249542 0.576541 -3.775018
v -4.302033 0.575551 -3.805329
v -4.297889 0.569474 -3.800000
v -4.302033 0.575551 -3.794671
v -4.291228 1.093633 -3.830311
v -4.300457 1.093459 -3.824981
v -4.297497 1.099670 -3.822926
v -4.290689 0.575765 -3.824981
v -4.281460 0.575939 -3.830311
v -4.282578 0.569763 -3.826524
v -4.238199 0.576755 -3.805330
v -4.238199 0.576755 -3.794671
v -4.243477 0.570500 -3.800000
v -4.249542 0.576541 -3.824981
v -4.258897 0.570210 -3.826618
v -4.258771 0.576367 -3.830311
v -4.309255 1.099448 -3.802367
v -4.311801 1.093245 -3.805330
v -4.311801 1.093245 -3.794671
v -4.281460 0.575939 -3.769689
v -4.290689 0.575765 -3.775018
v -4.282578 0.569763 -3.773476
v -4.280280 0.556864 -3.775843
v -4.285634 0.561047 -3.769689
v -4.286430 0.559989 -3.770572
v -4.265173 0.587150 -3.769689
v -4.261404 0.580984 -3.775843
v -4.264314 0.588289 -3.770394
v -4.264231 0.588355 -3.829428
v -4.259214 0.583781 -3.822926
v -4.265066 0.587327 -3.830311
v -4.483570 0.760011 -3.770572
v -4.492246 0.759907 -3.773476
v -4.484366 0.758953 -3.769689
v -4.254074 0.601333 -3.799117
v -4.251966 0.593043 -3.802367
v -4.254030 0.601429 -3.800705
v -4.473413 0.772989 -3.800883
v -4.482809 0.771967 -3.800000
v -4.473330 0.773055 -3.799295
v -4.504934 0.732673 -3.830311
v -4.505769 0.731645 -3.829428
v -4.506844 0.741255 -3.826618
v -4.492246 0.759907 -3.826524
v -4.483613 0.759915 -3.829606
v -4.484512 0.758807 -3.830311
v -4.296670 0.546945 -3.799295
v -4.296587 0.547011 -3.800883
v -4.287629 0.547474 -3.796308
v -4.286386 0.560085 -3.829606
v -4.285488 0.561193 -3.830311
v -4.278175 0.559555 -3.822973
v -4.515970 0.718571 -3.800705
v -4.515926 0.718667 -3.799117
v -4.516349 0.729109 -3.800000
v -4.505686 0.731711 -3.770394
v -4.504827 0.732850 -3.769689
v -4.506844 0.741255 -3.773381
v -4.560000 1.012626 -3.856591
v -4.555212 1.020000 -3.852936
v -4.557827 1.012667 -3.860000
v -4.555266 0.750000 -3.852899
v -4.560000 0.757423 -3.856701
v -4.557674 0.757288 -3.860000
v -4.560000 0.757374 -3.743409
v -4.555212 0.750000 -3.747064
v -4.557827 0.757333 -3.740000
v -4.560000 1.012577 -3.743299
v -4.557674 1.012712 -3.740000
v -4.555266 1.020000 -3.747101
v -4.484734 1.020000 -3.852899
v -4.480000 1.012577 -3.856701
v -4.482326 1.012712 -3.860000
v -4.480000 0.757423 -3.743299
v -4.482326 0.757288 -3.740000
v -4.484734 0.750000 -3.747101
v -4.482173 0.757333 -3.860000
v -4.480000 0.757374 -3.856591
v -4.484788 0.750000 -3.852936
v -4.484788 1.020000 -3.747064
v -4.482173 1.012667 -3.740000
v -4.480000 1.012626 -3.743409
v -5.173149 5.185000 -6.242842
v -5.168846 5.178846 -6.250000
v -5.175000 5.178846 -6.243846
v -5.175000 5.166154 -4.756154
v -5.173149 5.160000 -4.757158
v -5.168846 5.166154 -4.750000
v -4.831154 5.166154 -4.750000
v -4.826679 5.160000 -4.757198
v -4.825000 5.166154 -4.756154
v -5.168846 5.178846 -4.750000
v -5.173321 5.185000 -4.757198
v -5.175000 5.178846 -4.756154
v -5.175000 5.166154 -6.243846
v -5.168846 5.166154 -6.250000
v -5.173321 5.160000 -6.242802
v -4.825000 5.178846 -4.756154
v -4.826851 5.185000 -4.757158
v -4.831154 5.178846 -4.750000
v -4.825000 5.178846 -6.243846
v -4.831154 5.178846 -6.250000
v -4.826679 5.185000 -6.242802
v -4.825000 5.166154 -6.243846
v -4.826851 5.160000 -6.242842
v -4.831154 5.166154 -6.250000
v 5.718213 0.278950 -5.750000
v 5.723083 0.280000 -5.742729
v 5.725000 0.273846 -5.743846
v 5.725000 0.106154 -5.743846
v 5.722920 0.100000 -5.742772
v 5.718187 0.100846 -5.750000
v 4.277080 0.100000 -0.257228
v 4.281813 0.100846 -0.250000
v 4.275000 0.106154 -0.256154
v 5.718213 0.101050 -0.250000
v 5.723083 0.100000 -0.257271
v 5.725000 0.106154 -0.256154
v 4.275000 0.273846 -5.743846
v 4.277080 0.280000 -5.742772
v 4.281813 0.279154 -5.750000
v 4.276917 0.280000 -0.257271
v 4.275000 0.273846 -0.256154
v 4.281787 0.278950 -0.250000
v 5.722920 0.280000 -0.257228
v 5.718187 0.279154 -0.250000
v 5.725000 0.273846 -0.256154
v 4.276917 0.100000 -5.742729
v 4.275000 0.106154 -5.743846
v 4.281787 0.101050 -5.750000
v 4.881154 5.200000 -2.018846
v 4.881154 5.193846 -2.025000
v 4.875000 5.193846 -2.018846
v 4.875000 0.286154 -1.781154
v 4.881154 0.280000 -1.781154
v 4.881154 0.286154 -1.775000
v 4.881154 5.193846 -1.775000
v 4.881154 5.200000 -1.781154
v 4.875000 5.193846 -1.781154
v 4.875000 0.286154 -2.018846
v 4.881154 0.286154 -2.025000
v 4.881154 0.280000 -2.018846
v 5.118846 5.200000 -1.781154
v 5.118846 5.193846 -1.775000
v 5.125000 5.193846 -1.781154
v 5.118846 5.193846 -2.025000
v 5.118846 5.200000 -2.018846
v 5.125000 5.193846 -2.018846
v 5.125000 0.286154 -2.018846
v 5.118846 0.280000 -2.018846
v 5.118846 0.286154 -2.025000
v 5.118846 0.286154 -1.775000
v 5.118846 0.280000 -1.781154
v 5.125000 0.286154 -1.781154
v 5.446002 0.287330 -4.150000
v 5.450000 0.287379 -4.146733
v 5.443209 0.280000 -4.144666
v 4.550000 1.922572 -3.453151
v 4.554081 1.922715 -3.450000
v 4.556817 1.930000 -3.455302
v 5.450000 1.922572 -4.146849
v 5.445919 1.922715 -4.150000
v 5.443183 1.930000 -4.144698
v 5.450000 1.922621 -3.453267
v 5.443209 1.930000 -3.455335
v 5.446002 1.922670 -3.450000
v 4.550000 1.922621 -4.146733
v 4.556791 1.930000 -4.144666
v 4.553998 1.922670 -4.150000
v 4.554081 0.287285 -4.150000
v 4.556817 0.280000 -4.144698
v 4.550000 0.287428 -4.146849
v 5.450000 0.287428 -3.453151
v 5.445919 0.287285 -3.450000
v 5.443183 0.280000 -3.455302
v 4.550000 0.287379 -3.453267
v 4.556791 0.280000 -3.455335
v 4.553998 0.287330 -3.450000
v 5.333846 1.650000 -4.151154
v 5.333271 1.644557 -4.145000
v 5.340000 1.643846 -4.151154
v 4.666707 1.644530 -4.145000
v 4.666154 1.650000 -4.151154
v 4.660000 1.643846 -4.151154
v 4.666154 1.650000 -4.168846
v 4.666729 1.644557 -4.175000
v 4.660000 1.643846 -4.168846
v 4.660000 1.106154 -4.151154
v 4.666154 1.100000 -4.151154
v 4.666729 1.105443 -4.145000
v 5.333293 1.644530 -4.175000
v 5.333846 1.650000 -4.168846
v 5.340000 1.643846 -4.168846
v 4.666707 1.105470 -4.175000
v 4.666154 1.100000 -4.168846
v 4.660000 1.106154 -4.168846
v 5.333846 1.100000 -4.168846
v 5.333271 1.105443 -4.175000
v 5.340000 1.106154 -4.168846
v 5.333293 1.105470 -4.145000
v 5.333846 1.100000 -4.151154
v 5.340000 1.106154 -4.151154
v 4.252394 1.117172 -3.805329
v 4.253954 1.109984 -3.800000
v 4.252394 1.117172 -3.794671
v 4.312011 1.094320 -3.794671
v 4.304770 1.090505 -3.800000
v 4.312011 1.094320 -3.805329
v 4.482678 1.710473 -3.802367
v 4.477989 1.705680 -3.805329
v 4.477989 1.705680 -3.794671
v 4.268253 1.104503 -3.826524
v 4.262989 1.113111 -3.824982
v 4.271608 1.109807 -3.830311
v 4.497203 1.698315 -3.830311
v 4.488584 1.701619 -3.824981
v 4.493659 1.706264 -3.822926
v 4.518392 1.690193 -3.830311
v 4.522385 1.695252 -3.822973
v 4.527011 1.686889 -3.824982
v 4.301416 1.098381 -3.824981
v 4.290369 1.096025 -3.826618
v 4.292797 1.101685 -3.830311
v 4.527011 1.686889 -3.775018
v 4.525575 1.694030 -3.775843
v 4.518392 1.690193 -3.769689
v 4.292797 1.101685 -3.769689
v 4.290369 1.096025 -3.773381
v 4.301416 1.098381 -3.775018
v 4.536710 1.689761 -3.796308
v 4.537606 1.682827 -3.794671
v 4.537606 1.682827 -3.805329
v 4.488584 1.701619 -3.775018
v 4.497203 1.698315 -3.769689
v 4.496977 1.704992 -3.775843
v 4.271608 1.109807 -3.769689
v 4.262989 1.113111 -3.775018
v 4.268253 1.104503 -3.773476
v 4.311801 1.093245 -3.794670
v 4.311801 1.093245 -3.805329
v 4.308600 1.099460 -3.796308
v 4.259311 1.094235 -3.824981
v 4.262503 1.100330 -3.822926
v 4.268540 1.094061 -3.830311
v 4.238199 0.576755 -3.794670
v 4.238199 0.576755 -3.805329
v 4.242111 0.570526 -3.800000
v 4.249542 0.576541 -3.775018
v 4.257421 0.570237 -3.773476
v 4.258771 0.576367 -3.769689
v 4.258771 0.576367 -3.830311
v 4.257421 0.570237 -3.826524
v 4.249542 0.576541 -3.824981
v 4.300457 1.093459 -3.824981
v 4.291228 1.093633 -3.830311
v 4.293262 1.099750 -3.822973
v 4.290689 0.575765 -3.824981
v 4.281103 0.569790 -3.826618
v 4.281460 0.575939 -3.830311
v 4.302033 0.575551 -3.805329
v 4.302033 0.575551 -3.794671
v 4.296523 0.569500 -3.800000
v 4.290689 0.575765 -3.775019
v 4.281460 0.575939 -3.769689
v 4.281103 0.569790 -3.773381
v 4.296677 1.099685 -3.775843
v 4.291228 1.093633 -3.769689
v 4.300457 1.093459 -3.775018
v 4.259311 1.094235 -3.775019
v 4.268540 1.094061 -3.769689
v 4.266056 1.100263 -3.775843
v 4.247967 1.094449 -3.794671
v 4.250745 1.100552 -3.802367
v 4.247967 1.094449 -3.805329
v 4.286386 0.560085 -3.770394
v 4.285488 0.561193 -3.769689
v 4.278596 0.559016 -3.775843
v 4.285634 0.561047 -3.830311
v 4.286430 0.559989 -3.829428
v 4.280786 0.556219 -3.822926
v 4.515926 0.718667 -3.800883
v 4.517191 0.728033 -3.800000
v 4.515970 0.718571 -3.799295
v 4.288033 0.546957 -3.802367
v 4.296670 0.546945 -3.800705
v 4.296587 0.547011 -3.799117
v 4.264314 0.588289 -3.829606
v 4.265173 0.587150 -3.830311
v 4.261825 0.580445 -3.822973
v 4.505686 0.731711 -3.829606
v 4.504827 0.732850 -3.830311
v 4.507754 0.740093 -3.826524
v 4.473413 0.772989 -3.799117
v 4.483651 0.770891 -3.800000
v 4.473330 0.773055 -3.800705
v 4.484366 0.758953 -3.830311
v 4.483570 0.760011 -3.829428
v 4.493156 0.758745 -3.826618
v 4.484512 0.758807 -3.769689
v 4.493156 0.758745 -3.773381
v 4.483613 0.759915 -3.770394
v 4.252371 0.592526 -3.796308
v 4.254030 0.601429 -3.799295
v 4.254074 0.601333 -3.800883
v 4.259720 0.583136 -3.775843
v 4.265066 0.587327 -3.769689
v 4.264231 0.588355 -3.770572
v 4.504934 0.732673 -3.769689
v 4.505769 0.731645 -3.770572
v 4.507754 0.740093 -3.773476
v 4.484788 1.020000 -3.852936
v 4.482173 1.012667 -3.860000
v 4.480000 1.012626 -3.856591
v 4.482326 1.012712 -3.740000
v 4.484734 1.020000 -3.747101
v 4.480000 1.012577 -3.743299
v 4.480000 0.757374 -3.743409
v 4.484788 0.750000 -3.747064
v 4.482173 0.757333 -3.740000
v 4.555212 1.020000 -3.747064
v 4.557827 1.012667 -3.740000
v 4.560000 1.012626 -3.743409
v 4.557674 0.757288 -3.740000
v 4.555266 0.750000 -3.747101
v 4.560000 0.757423 -3.743299
v 4.557674 1.012712 -3.860000
v 4.555266 1.020000 -3.852899
v 4.560000 1.012577 -3.856701
v 4.560000 0.757374 -3.856591
v 4.555212 0.750000 -3.852936
v 4.557827 0.757333 -3.860000
v 4.480000 0.757423 -3.856701
v 4.482326 0.757288 -3.860000
v 4.484734 0.750000 -3.852899
v 5.462678 1.689527 -3.802367
v 5.462394 1.682827 -3.805329
v 5.462394 1.682827 -3.794671
v 5.687989 1.094320 -3.805329
v 5.693954 1.090016 -3.800000
v 5.687989 1.094320 -3.794671
v 5.728392 1.109807 -3.769689
v 5.730369 1.103975 -3.773381
v 5.737011 1.113111 -3.775018
v 5.707203 1.101685 -3.769689
v 5.698584 1.098381 -3.775018
v 5.708253 1.095497 -3.773476
v 5.698584 1.098381 -3.824981
v 5.707203 1.101685 -3.830311
v 5.708253 1.095497 -3.826524
v 5.481608 1.690193 -3.830311
v 5.472989 1.686889 -3.824981
v 5.473660 1.693736 -3.822926
v 5.511416 1.701619 -3.824981
v 5.502797 1.698315 -3.830311
v 5.502385 1.704748 -3.822973
v 5.516710 1.710239 -3.796308
v 5.522011 1.705680 -3.794671
v 5.522011 1.705680 -3.805329
v 5.747606 1.117172 -3.794671
v 5.744770 1.109495 -3.800000
v 5.747606 1.117172 -3.805329
v 5.728392 1.109807 -3.830311
v 5.737011 1.113111 -3.824981
v 5.730369 1.103975 -3.826618
v 5.505575 1.705970 -3.775843
v 5.502797 1.698315 -3.769689
v 5.511416 1.701619 -3.775018
v 5.472989 1.686889 -3.775018
v 5.481608 1.690193 -3.769689
v 5.476977 1.695008 -3.775843
v 5.690745 1.099448 -3.802367
v 5.688199 1.093245 -3.805330
v 5.688199 1.093245 -3.794671
v 5.702111 0.569474 -3.800000
v 5.697967 0.575551 -3.794671
v 5.697967 0.575551 -3.805329
v 5.717422 0.569763 -3.826524
v 5.709311 0.575765 -3.824981
v 5.718540 0.575939 -3.830311
v 5.750458 0.576541 -3.824981
v 5.741103 0.570210 -3.826618
v 5.741229 0.576367 -3.830311
v 5.750458 0.576541 -3.775018
v 5.741229 0.576367 -3.769689
v 5.741103 0.570210 -3.773381
v 5.709311 0.575765 -3.775018
v 5.717422 0.569763 -3.773476
v 5.718540 0.575939 -3.769689
v 5.699543 1.093459 -3.824981
v 5.702503 1.099670 -3.822926
v 5.708772 1.093633 -3.830311
v 5.752033 1.094449 -3.805329
v 5.748600 1.100540 -3.796308
v 5.752033 1.094449 -3.794671
v 5.761801 0.576755 -3.794671
v 5.756523 0.570500 -3.800000
v 5.761801 0.576755 -3.805330
v 5.740689 1.094235 -3.824981
v 5.731460 1.094061 -3.830311
v 5.733262 1.100250 -3.822973
v 5.736677 1.100315 -3.775843
v 5.731460 1.094061 -3.769689
v 5.740689 1.094235 -3.775018
v 5.708772 1.093633 -3.769689
v 5.706056 1.099737 -3.775843
v 5.699543 1.093459 -3.775018
v 5.734827 0.587150 -3.769689
v 5.738596 0.580984 -3.775843
v 5.735686 0.588289 -3.770394
v 5.719720 0.556864 -3.775843
v 5.714366 0.561047 -3.769689
v 5.713570 0.559989 -3.770572
v 5.713614 0.560085 -3.829606
v 5.714512 0.561193 -3.830311
v 5.721825 0.559555 -3.822973
v 5.734934 0.587327 -3.830311
v 5.735769 0.588355 -3.829428
v 5.740786 0.583781 -3.822926
v 5.484074 0.718667 -3.799117
v 5.483651 0.729109 -3.800000
v 5.484030 0.718571 -3.800705
v 5.526587 0.772989 -3.800883
v 5.517191 0.771967 -3.800000
v 5.526670 0.773055 -3.799295
v 5.495173 0.732850 -3.769689
v 5.493156 0.741255 -3.773381
v 5.494314 0.731711 -3.770394
v 5.516387 0.759915 -3.829606
v 5.515488 0.758807 -3.830311
v 5.507754 0.759907 -3.826524
v 5.748034 0.593043 -3.802367
v 5.745970 0.601429 -3.800705
v 5.745926 0.601333 -3.799117
v 5.495066 0.732673 -3.830311
v 5.494231 0.731645 -3.829428
v 5.493156 0.741255 -3.826618
v 5.712371 0.547474 -3.796308
v 5.703330 0.546945 -3.799295
v 5.703413 0.547011 -3.800883
v 5.515634 0.758953 -3.769689
v 5.516430 0.760011 -3.770572
v 5.507754 0.759907 -3.773476
v 5.520000 0.757374 -3.856591
v 5.515212 0.750000 -3.852936
v 5.517827 0.757333 -3.860000
v 5.444788 1.020000 -3.852936
v 5.442173 1.012667 -3.860000
v 5.440000 1.012626 -3.856591
v 5.442326 1.012712 -3.740000
v 5.444734 1.020000 -3.747101
v 5.440000 1.012577 -3.743299
v 5.440000 0.757374 -3.743409
v 5.444788 0.750000 -3.747064
v 5.442173 0.757333 -3.740000
v 5.515212 1.020000 -3.747064
v 5.517827 1.012667 -3.740000
v 5.520000 1.012626 -3.743409
v 5.517674 1.012712 -3.860000
v 5.515266 1.020000 -3.852899
v 5.520000 1.012577 -3.856701
v 5.517674 0.757288 -3.740000
v 5.515266 0.750000 -3.747101
v 5.520000 0.757423 -3.743299
v 5.440000 0.757423 -3.856701
v 5.442326 0.757288 -3.860000
v 5.444734 0.750000 -3.852899
v 5.173321 5.185000 -6.242802
v 5.175000 5.178846 -6.243846
v 5.168846 5.178846 -6.250000
v 5.168846 5.166154 -6.250000
v 5.175000 5.166154 -6.243846
v 5.173149 5.160000 -6.242842
v 4.826679 5.160000 -6.242802
v 4.825000 5.166154 -6.243846
v 4.831154 5.166154 -6.250000
v 4.825000 5.178846 -4.756154
v 4.831154 5.178846 -4.750000
v 4.826679 5.185000 -4.757198
v 4.825000 5.166154 -4.756154
v 4.826851 5.160000 -4.757158
v 4.831154 5.166154 -4.750000
v 5.173149 5.185000 -4.757158
v 5.168846 5.178846 -4.750000
v 5.175000 5.178846 -4.756154
v 5.175000 5.166154 -4.756154
v 5.168846 5.166154 -4.750000
v 5.173321 5.160000 -4.757198
v 4.825000 5.178846 -6.243846
v 4.826851 5.185000 -6.242842
v 4.831154 5.178846 -6.250000
v 10.372355 0.106154 -10.494314
v 10.372355 0.106154 -10.505686
v 10.377135 0.100000 -10.497045
v 10.594278 0.106154 -10.586238
v 10.591924 0.100000 -10.585855
v 10.586238 0.106154 -10.594278
v 10.586238 0.106154 -10.405722
v 10.587214 0.100000 -10.412786
v 10.594278 0.106154 -10.413762
v 10.405722 6.993846 -10.586238
v 10.415212 7.000000 -10.588968
v 10.413762 6.993846 -10.594278
v 10.627645 6.993846 -10.505686
v 10.623339 7.000000 -10.500000
v 10.627645 6.993846 -10.494314
v 10.405722 6.993846 -10.413762
v 10.413762 6.993846 -10.405722
v 10.415212 7.000000 -10.411032
v 10.625333 0.100000 -10.504813
v 10.627645 0.106154 -10.505686
v 10.627645 0.106154 -10.494314
v 10.494314 0.106154 -10.627645
v 10.505686 0.106154 -10.627645
v 10.502955 0.100000 -10.622865
v 10.594278 6.993846 -10.586238
v 10.586238 6.993846 -10.594278
v 10.585219 7.000000 -10.592027
v 10.505686 6.993846 -10.627645
v 10.494314 6.993846 -10.627645
v 10.504292 7.000000 -10.625709
v 10.413762 0.106154 -10.594278
v 10.413940 0.100000 -10.586060
v 10.405722 0.106154 -10.586238
v 10.413762 0.106154 -10.405722
v 10.405722 0.106154 -10.413762
v 10.414145 0.100000 -10.408076
v 10.372355 6.993846 -10.494314
v 10.378294 7.000000 -10.500000
v 10.372355 6.993846 -10.505686
v 10.505686 6.993846 -10.372355
v 10.504292 7.000000 -10.374291
v 10.494314 6.993846 -10.372355
v 10.495187 0.100000 -10.374667
v 10.505686 0.106154 -10.372355
v 10.494314 0.106154 -10.372355
v 10.585219 7.000000 -10.407973
v 10.586238 6.993846 -10.405722
v 10.594278 6.993846 -10.413762
v 9.256154 5.000000 -10.568846
v 9.250000 5.006154 -10.568846
v 9.257079 5.004753 -10.575000
v 11.750000 6.643846 -10.431154
v 11.743846 6.650000 -10.431154
v 11.742885 6.645304 -10.425000
v 11.742921 5.004753 -10.425000
v 11.743846 5.000000 -10.431154
v 11.750000 5.006154 -10.431154
v 9.250000 6.643846 -10.568846
v 9.256154 6.650000 -10.568846
v 9.257115 6.645304 -10.575000
v 9.257079 6.645247 -10.425000
v 9.256154 6.650000 -10.431154
v 9.250000 6.643846 -10.431154
v 9.250000 5.006154 -10.431154
v 9.256154 5.000000 -10.431154
v 9.257115 5.004696 -10.425000
v 11.742885 5.004696 -10.575000
v 11.750000 5.006154 -10.568846
v 11.743846 5.000000 -10.568846
v 11.743846 6.650000 -10.568846
v 11.750000 6.643846 -10.568846
v 11.742921 6.645247 -10.575000
v 4.750000 0.243846 5.256154
v 4.755509 0.250000 5.256681
v 4.756154 0.243846 5.250000
v 9.244491 0.100000 5.256681
v 9.243846 0.106154 5.250000
v 9.250000 0.106154 5.256154
v 9.244491 0.250000 10.743319
v 9.243846 0.243846 10.750000
v 9.250000 0.243846 10.743846
v 9.244516 0.100000 10.743298
v 9.250000 0.106154 10.743846
v 9.243846 0.106154 10.750000
v 9.250000 0.243846 5.256154
v 9.243846 0.243846 5.250000
v 9.244516 0.250000 5.256702
v 4.750000 0.243846 10.743846
v 4.756154 0.243846 10.750000
v 4.755484 0.250000 10.743298
v 4.750000 0.106154 5.256154
v 4.756154 0.106154 5.250000
v 4.755484 0.100000 5.256702
v 4.750000 0.106154 10.743846
v 4.755509 0.100000 10.743319
v 4.756154 0.106154 10.750000
v 4.756154 3.050000 9.856154
v 4.757196 3.045522 9.850000
v 4.750000 3.043287 9.850931
v 4.756154 3.050000 10.143846
v 4.750000 3.043264 10.149278
v 4.757156 3.045458 10.150000
v 9.250000 0.256736 10.149278
v 9.242844 0.254542 10.150000
v 9.243846 0.250000 10.143846
v 4.750000 0.256736 9.850722
v 4.757156 0.254542 9.850000
v 4.756154 0.250000 9.856154
v 4.756154 0.250000 10.143846
v 4.757196 0.254478 10.150000
v 4.750000 0.256713 10.149069
v 9.242844 3.045458 9.850000
v 9.243846 3.050000 9.856154
v 9.250000 3.043264 9.850722
v 9.243846 3.050000 10.143846
v 9.242804 3.045522 10.150000
v 9.250000 3.043287 10.149069
v 9.250000 0.256713 9.850931
v 9.243846 0.250000 9.856154
v 9.242804 0.254478 9.850000
v 8.743846 2.200000 9.731154
v 8.743168 2.200878 9.725000
v 8.750000 2.207337 9.727604
v 5.256154 2.200000 9.731154
v 5.250000 2.207385 9.727462
v 5.256806 2.201081 9.725000
v 8.743168 2.649122 9.875000
v 8.750000 2.642663 9.872396
v 8.743846 2.650000 9.868846
v 5.256806 2.648919 9.875000
v 5.256154 2.650000 9.868846
v 5.250000 2.642616 9.872539
v 5.250000 2.642663 9.727604
v 5.256154 2.650000 9.731154
v 5.256832 2.649122 9.725000
v 8.750000 2.642616 9.727462
v 8.743194 2.648919 9.725000
v 8.743846 2.650000 9.731154
v 8.743846 2.200000 9.868846
v 8.750000 2.207385 9.872539
v 8.743194 2.201081 9.875000
v 5.256154 2.200000 9.868846
v 5.256832 2.200878 9.875000
v 5.250000 2.207337 9.872396
vn -0.0000 -0.0000 -1.0000
vn -0.0000 -0.0000 1.0000
vn 0.5773 -0.5775 -0.5772
vn 0.5773 -0.5774 0.5774
vn -0.5773 -0.5774 -0.5774
vn -0.5773 -0.5775 0.5772
vn 0.5847 0.5848 -0.5622
vn 0.5850 -0.5851 -0.5616
vn 0.5681 0.5681 0.5954
vn 0.5459 -0.5461 0.6354
vn -0.5850 0.5850 -0.5617
vn -0.5681 -0.5681 0.5954
vn -0.5552 -0.5553 -0.6193
vn 0.1898 0.5929 -0.7826
vn 0.5814 0.5815 -0.5691
vn -0.5459 0.5461 0.6354
vn -0.5850 0.5851 -0.5617
vn -0.5812 0.5754 -0.5754
vn -0.5616 -0.5849 -0.5852
vn 0.5812 -0.5754 -0.5754
vn -0.0000 1.0000 -0.0000
vn 0.5616 0.5849 -0.5852
vn 0.5622 -0.5848 -0.5847
vn -0.5622 -0.5848 0.5847
vn 0.5622 0.5848 0.5847
vn 0.5616 -0.5850 0.5851
vn -0.5616 0.5850 0.5851
vn 0.5616 0.5850 -0.5851
vn -0.5622 0.5848 -0.5847
vn -0.5617 -0.5850 -0.5851
vn 0.5774 -0.5773 -0.5774
vn 0.5773 0.5774 0.5773
vn -0.5774 0.5773 -0.5773
vn -0.5774 -0.5773 -0.5773
vn 0.5774 0.5773 -0.5774
vn -0.5773 0.5775 0.5772
vn 0.5773 -0.5774 0.5773
vn -0.5773 -0.5774 0.5773
vn 0.5773 0.5775 0.5772
vn -0.5773 0.5774 0.5773
vn -0.5774 0.5773 -0.5774
vn -0.5774 -0.5773 -0.5774
vn 0.5773 -0.5775 0.5772
vn 0.5774 -0.5773 -0.5773
vn 0.5774 0.5773 -0.5773
vn -0.7897 -0.6135 -0.0000
vn 0.5794 -0.5733 0.5793
vn -0.0000 0.3001 -0.9539
vn -0.5584 0.6134 -0.5585
vn 0.8193 0.5734 -0.0000
vn -0.0000 0.3002 0.9539
vn 0.6746 -0.3002 -0.6744
vn 0.9361 -0.3518 -0.0000
vn 0.6619 0.3517 -0.6620
vn -0.0000 -0.6135 -0.7897
vn -0.5088 -0.6945 -0.5088
vn -0.5584 0.6134 0.5585
vn -0.7195 0.6945 -0.0000
vn -0.6746 -0.3002 0.6744
vn -0.0000 -0.3517 0.9361
vn 0.6619 0.3517 0.6619
vn 0.2094 -0.9133 -0.3492
vn 0.2092 0.9134 0.3492
vn -0.2094 0.9134 -0.3492
vn -0.1607 -0.9242 -0.3465
vn 0.1607 -0.9242 0.3464
vn -0.1607 0.9242 0.3464
vn 0.1607 0.9242 -0.3465
vn -0.2094 -0.9134 0.3492
vn 0.5526 0.7060 -0.4429
vn 0.5562 0.7108 0.4306
vn -0.5526 0.7059 0.4430
vn 0.5526 -0.7060 0.4429
vn -0.5562 0.7109 -0.4305
vn -0.5525 -0.7061 -0.4429
vn -0.5561 -0.7110 0.4304
vn 0.5561 -0.7109 -0.4306
vn -0.5920 0.5470 -0.5919
vn -0.0000 -0.7071 -0.7071
vn -0.5925 0.5456 0.5927
vn -0.6838 0.7283 0.0446
vn 0.5925 0.5456 -0.5926
vn 0.5920 0.5468 0.5921
vn -0.0000 -0.7072 0.7070
vn -0.0978 -0.7282 -0.6783
vn -0.7070 -0.7072 -0.0000
vn -0.7002 0.7003 0.1389
vn 0.6262 0.6261 0.4647
vn 0.6585 0.6585 -0.3644
vn -0.6261 0.6261 -0.4647
vn -0.6585 0.6583 0.3647
vn 0.7003 -0.7002 0.1388
vn -0.3647 0.6583 -0.6585
vn -0.4647 -0.6261 -0.6262
vn 0.7071 -0.0000 -0.7071
vn -0.7002 -0.7003 -0.1389
vn 0.7002 0.7003 -0.1388
vn 0.4648 0.6261 -0.6261
vn 0.3648 -0.6584 -0.6584
vn 0.7071 -0.7071 -0.0000
vn 0.7070 0.7072 -0.0000
vn 0.3647 0.6585 0.6583
vn -0.3646 -0.6584 0.6584
vn -0.4648 0.6260 0.6262
vn 0.4648 -0.6260 0.6261
vn -0.7517 0.3649 -0.5494
vn 0.7517 -0.3650 -0.5493
vn -0.7551 -0.3473 -0.5561
vn 0.7517 0.3650 0.5493
vn -0.7550 0.3474 0.5560
vn -0.7517 -0.3650 0.5493
vn 0.7551 0.3473 -0.5560
vn 0.7551 -0.3475 0.5559
vn 0.6140 0.6140 -0.4960
vn -0.6140 0.6141 0.4959
vn -0.6154 -0.6155 0.4924
vn -0.6154 0.6155 -0.4923
vn -0.6140 -0.6141 -0.4959
vn 0.6140 -0.6141 0.4959
vn 0.6154 0.6155 0.4923
vn 0.6155 -0.6155 -0.4923
vn 0.5784 -0.5753 -0.5784
vn -0.5784 0.5753 -0.5783
vn 0.5784 0.5753 0.5784
vn -0.5784 -0.5753 -0.5784
vn 0.5784 0.5752 -0.5785
vn -0.5784 0.5751 0.5785
vn 0.5784 -0.5751 0.5785
vn -0.5784 -0.5753 0.5784
vn 0.2323 0.7078 -0.6671
vn -0.2323 0.7076 0.6673
vn -0.2483 0.7013 -0.6683
vn -0.2322 -0.7077 -0.6673
vn 0.2484 0.7013 0.6682
vn 0.2484 -0.7013 -0.6682
vn 0.2323 -0.7078 0.6672
vn -0.2483 -0.7012 0.6683
vn -0.2483 0.7013 -0.6682
vn 0.2483 -0.7012 -0.6683
vn -0.2323 -0.7078 -0.6672
vn 0.2483 0.7012 0.6683
vn -0.2323 0.7078 0.6672
vn -0.2484 -0.7012 0.6683
vn 0.2323 -0.7078 0.6671
vn -0.6065 0.6065 -0.5142
vn -0.6053 -0.6054 -0.5168
vn 0.6053 0.6054 -0.5168
vn 0.6054 -0.6053 0.5168
vn 0.6065 -0.6065 -0.5142
vn -0.6054 0.6053 0.5168
vn 0.6064 0.6065 0.5142
vn -0.6064 -0.6065 0.5142
vn -0.6097 0.6097 -0.5064
vn 0.6097 -0.6098 -0.5063
vn 0.6097 0.6098 0.5064
vn 0.6085 -0.6086 0.5093
vn -0.6085 0.6086 0.5093
vn -0.6098 -0.6097 0.5064
vn 0.6085 0.6085 -0.5093
vn -0.6085 -0.6086 -0.5093
vn -0.5810 0.5699 -0.5810
vn 0.5810 -0.5699 -0.5810
vn 0.5810 0.5699 0.5810
vn -0.5810 -0.5699 0.5810
vn -0.5812 -0.5697 -0.5812
vn 0.5812 -0.5697 0.5812
vn 0.5811 0.5697 -0.5812
vn -0.5811 0.5697 0.5812
vn -0.5812 -0.5697 -0.5811
vn -0.5812 0.5696 0.5811
vn 0.5812 0.5697 -0.5812
vn 0.5812 -0.5696 0.5812
vn 0.5812 0.5697 -0.5811
vn 0.5810 0.5700 0.5810
vn -0.3990 0.6484 -0.6484
vn -0.3906 -0.6509 -0.6509
vn -0.3989 -0.6485 0.6483
vn 0.3906 0.6509 -0.6510
vn 0.3905 -0.6510 0.6509
vn 0.3989 0.6485 0.6483
vn -0.3906 0.6510 0.6509
vn 0.3990 -0.6484 -0.6484
vn -0.3827 0.6533 -0.6532
vn 0.3827 0.6533 0.6533
vn -0.3735 0.6559 0.6559
vn 0.3735 0.6560 -0.6559
vn -0.3734 -0.6560 -0.6559
vn 0.3827 -0.6534 -0.6532
vn 0.3735 -0.6560 0.6559
vn -0.3827 -0.6532 0.6533
vn 0.5821 0.5230 0.6226
vn -0.5821 -0.5230 0.6226
vn -0.5821 0.5230 -0.6226
vn -0.5814 -0.5198 -0.6259
vn -0.5814 0.5198 0.6259
vn 0.5814 0.5198 -0.6259
vn 0.5820 -0.5231 -0.6226
vn 0.5814 -0.5198 0.6259
vn 0.5773 -0.5775 0.5773
vn 0.5774 0.5774 0.5773
vn 0.5773 -0.5775 -0.5773
vn -0.5774 0.5774 0.5773
vn 0.5774 0.5774 -0.5773
vn -0.5774 0.5774 -0.5773
vn -0.5773 -0.5774 -0.5773
vn 0.5773 -0.5774 -0.5773
vn 0.5773 0.5775 -0.5773
vn 0.5773 0.5775 0.5773
vn -0.5773 0.5774 -0.5773
vn 0.5773 0.5774 -0.5773
vn -0.5774 -0.5774 0.5773
vn -0.5774 -0.5774 -0.5773
vn 0.5774 -0.5774 -0.5773
vn 0.5774 -0.5774 0.5773
vn 0.6949 0.6449 0.3181
vn -0.6963 0.6366 0.3316
vn 0.6963 0.6365 -0.3316
vn 0.6949 -0.6449 -0.3182
vn -0.6949 0.6449 -0.3182
vn -0.6963 -0.6365 -0.3317
vn 0.6963 -0.6365 0.3317
vn -0.6949 -0.6449 0.3182
vn -0.4116 0.5137 -0.7528
vn 0.3937 0.5231 -0.7559
vn -0.3934 -0.5233 -0.7560
vn -0.4118 -0.5136 0.7528
vn -0.3936 0.5233 0.7558
vn 0.4115 0.5136 0.7529
vn 0.4118 -0.5136 -0.7528
vn 0.3933 -0.5233 0.7560
vn 0.4117 -0.5139 -0.7526
vn 0.4116 0.5137 0.7528
vn -0.3937 0.5232 0.7558
vn -0.4117 -0.5139 0.7526
vn 0.3937 0.5232 -0.7559
vn -0.3934 -0.5233 -0.7559
vn 0.3934 -0.5233 0.7559
vn -0.6018 0.5250 -0.6019
vn -0.6028 -0.5229 -0.6026
vn 0.6018 0.5249 0.6019
vn -0.6017 -0.5250 0.6019
vn 0.6028 0.5230 -0.6026
vn 0.6028 -0.5228 0.6027
vn 0.6018 -0.5250 -0.6019
vn -0.6029 0.5228 0.6027
vn -0.4254 0.6398 -0.6401
vn 0.4254 0.6398 0.6401
vn -0.4254 -0.6398 0.6401
vn -0.4182 -0.6423 -0.6423
vn -0.4182 0.6423 0.6423
vn 0.4182 0.6423 -0.6423
vn 0.4254 -0.6398 -0.6401
vn 0.4183 -0.6423 0.6423
vn -0.5622 0.5848 -0.5848
vn 0.5622 -0.5848 -0.5848
vn -0.5616 0.5852 0.5850
vn 0.5622 0.5848 0.5848
vn -0.5616 -0.5850 -0.5851
vn 0.5615 -0.5852 0.5850
vn -0.5622 -0.5848 0.5848
vn 0.7588 0.3375 -0.5570
vn -0.7635 -0.3525 0.5411
vn -0.7635 0.3525 -0.5411
vn -0.7588 -0.3375 -0.5571
vn 0.7635 0.3525 0.5411
vn -0.7588 0.3375 0.5570
vn 0.7635 -0.3525 -0.5411
vn 0.7588 -0.3375 0.5571
vn 0.5773 -0.5773 -0.5774
vn -0.5774 0.5774 0.5774
vn 0.5773 0.5773 -0.5774
vn 0.5773 0.5773 0.5774
vn -0.5773 -0.5773 -0.5774
vn -0.5773 -0.5774 0.5774
vn -0.4978 0.6264 -0.5999
vn 0.4978 -0.6264 -0.5998
vn -0.4979 -0.6264 0.5998
vn 0.4978 0.6263 0.5999
vn 0.4904 0.6258 -0.6065
vn -0.4905 0.6257 0.6065
vn -0.4905 -0.6258 -0.6064
vn 0.4905 -0.6258 0.6064
vn 0.5816 -0.5816 -0.5687
vn -0.5816 -0.5816 0.5687
vn -0.5814 -0.5814 -0.5691
vn 0.5816 0.5816 0.5687
vn 0.5814 -0.5814 0.5691
vn -0.5814 0.5814 0.5691
vn 0.5814 0.5814 -0.5691
vn -0.5816 0.5816 -0.5688
vn -0.1945 0.6612 0.7246
vn 0.5706 0.2066 0.7948
vn -0.2410 0.6007 -0.7623
vn -0.7148 0.6993 -0.0000
vn -0.5707 -0.2065 -0.7948
vn 0.5870 0.4810 -0.6512
vn 0.2411 -0.6007 -0.7623
vn 0.4661 -0.8847 -0.0000
vn 0.9918 0.1281 -0.0000
vn 0.2411 -0.6007 0.7622
vn -0.9773 -0.2121 -0.0000
vn -0.5707 -0.2065 0.7948
vn 0.3883 0.6521 -0.6512
vn -0.4311 0.4829 -0.7623
vn -0.9101 0.4143 -0.0000
vn 0.4310 -0.4829 -0.7623
vn -0.4663 -0.3884 -0.7948
vn 0.8890 0.4579 -0.0000
vn 0.7393 -0.6733 -0.0000
vn 0.4311 -0.4828 0.7623
vn 0.4663 0.3884 0.7948
vn -0.4663 -0.3883 0.7948
vn -0.4079 0.5556 0.7245
vn -0.8468 -0.5319 -0.0000
vn -0.3500 -0.6881 0.6356
vn -0.0093 -0.9991 0.0409
vn 0.9908 -0.1305 -0.0350
vn 0.2952 0.6713 0.6799
vn 0.7531 0.0485 0.6561
vn -0.2533 -0.7251 -0.6403
vn 0.2792 0.7303 -0.6234
vn 0.6993 0.0886 -0.7093
vn -0.7839 -0.2366 -0.5741
vn -0.9846 0.1709 -0.0375
vn 0.2033 0.9787 0.0299
vn -0.7440 -0.0313 0.6674
vn 0.6455 0.6316 -0.4295
vn 0.6576 0.6311 0.4116
vn -0.6576 0.6310 -0.4116
vn -0.6575 -0.6310 0.4117
vn 0.6456 -0.6315 0.4294
vn -0.6455 0.6315 0.4296
vn -0.6455 -0.6315 -0.4296
vn 0.6576 -0.6310 -0.4116
vn 0.6520 0.7582 -0.0000
vn -0.5866 0.3618 0.7245
vn 0.9380 -0.3465 -0.0000
vn 0.5808 -0.2857 0.7623
vn -0.9991 0.0423 -0.0000
vn 0.1151 0.7501 -0.6512
vn -0.5808 0.2856 -0.7623
vn 0.5808 -0.2857 -0.7622
vn -0.2864 -0.5350 -0.7949
vn 0.2863 0.5350 0.7949
vn -0.2864 -0.5350 0.7948
vn -0.5851 -0.8109 -0.0000
vn 0.4513 0.4058 0.7948
vn 0.8711 0.4911 -0.0000
vn -0.4286 0.5398 0.7245
vn 0.3635 0.6662 -0.6512
vn 0.4490 -0.4663 0.7622
vn -0.8262 -0.5634 -0.0000
vn -0.4490 0.4662 -0.7623
vn -0.4514 -0.4056 -0.7948
vn 0.7642 -0.6450 -0.0000
vn 0.4490 -0.4663 -0.7623
vn -0.9251 0.3798 -0.0000
vn -0.4514 -0.4057 0.7948
vn 0.2092 -0.7144 0.6677
vn 0.7522 -0.1746 0.6354
vn 0.7648 -0.0712 -0.6404
vn -0.2282 0.7193 0.6561
vn 0.9721 0.2311 0.0408
vn -0.1114 0.9932 -0.0353
vn -0.7763 0.0954 -0.6231
vn -0.2539 0.6572 -0.7096
vn 0.0707 -0.9968 -0.0375
vn 0.4180 -0.7042 -0.5739
vn -0.9988 -0.0380 0.0299
vn -0.7229 0.1251 0.6795
vn -0.6455 -0.6315 -0.4295
vn -0.6576 -0.6311 0.4116
vn -0.6455 0.6315 0.4294
vn 0.6455 0.6315 -0.4296
vn 0.6455 -0.6315 0.4296
vn 0.6575 -0.6310 -0.4117
vn 0.6576 0.6310 0.4116
vn -0.6719 0.3118 -0.6718
vn -0.6719 -0.3118 0.6718
vn 0.6748 -0.2987 0.6748
vn -0.6747 0.2986 0.6749
vn -0.6748 -0.2986 -0.6749
vn 0.6719 0.3118 0.6718
vn 0.6748 0.2987 -0.6748
vn 0.6719 -0.3118 -0.6718
vn 0.7588 -0.3375 0.5570
vn -0.5773 0.5773 -0.5774
vn -0.5773 0.5773 0.5774
vn 0.5774 0.5774 0.5774
vn 0.5816 0.5816 0.5688
vn -0.5816 0.5816 -0.5687
vn 0.5816 -0.5816 -0.5688
vn -0.5706 -0.2065 -0.7948
vn 0.2411 -0.6007 0.7623
vn -0.1945 0.6611 0.7246
vn -0.4310 0.4829 -0.7623
vn 0.4310 -0.4828 -0.7623
vn -0.4079 0.5555 0.7246
vn -0.7838 -0.2366 -0.5742
vn 0.6994 0.0887 -0.7092
vn 0.6455 0.6316 -0.4294
vn -0.2864 -0.5350 -0.7948
vn 0.5808 -0.2857 -0.7623
vn -0.4513 -0.4056 -0.7948
vn -0.4513 -0.4056 0.7949
vn -0.4490 0.4663 -0.7622
vn 0.4513 0.4057 0.7948
vn -0.4285 0.5398 0.7246
vn 0.7523 -0.1746 0.6353
vn 0.2092 -0.7144 0.6678
vn 0.7648 -0.0712 -0.6403
vn -0.2539 0.6573 -0.7096
vn 0.9721 0.2311 0.0407
vn -0.2283 0.7192 0.6563
vn -0.6456 0.6315 0.4294
vn 0.6455 0.6316 -0.4296
vn -0.6455 -0.6316 -0.4294
vn 0.6748 0.2986 -0.6749
vn 0.6720 -0.3118 -0.6718
vn -0.6748 -0.2986 -0.6748
vn -0.6748 0.2987 0.6748
vn 0.6748 -0.2986 0.6749
vn 0.6745 -0.2999 -0.6746
vn 0.5794 -0.5732 0.5795
vn -0.5585 0.6133 -0.5585
vn -0.5585 0.6133 0.5585
vn 0.6619 0.3517 -0.6619
vn -0.0000 0.3003 -0.9538
vn -0.5089 -0.6942 -0.5090
vn -0.6745 -0.3000 0.6746
vn -0.7196 0.6944 -0.0000
vn -0.0000 0.3003 0.9538
vn -0.0000 -0.3516 0.9361
vn 0.6620 0.3516 0.6620
vn -0.5921 -0.5923 -0.5465
vn 0.5928 0.5928 0.5451
vn 0.5921 -0.5923 0.5464
vn -0.5928 0.5928 -0.5451
vn -0.5922 0.5922 0.5464
vn -0.5929 -0.5927 0.5451
vn 0.5929 -0.5927 -0.5451
vn 0.5922 0.5922 -0.5464
vn 0.5809 0.5701 0.5809
vn 0.5811 -0.5697 0.5812
vn 0.5811 0.5696 -0.5812
vn -0.5811 0.5697 0.5811
vn -0.5811 -0.5697 -0.5812
vn -0.5809 -0.5701 0.5809
vn -0.3078 0.7437 -0.5935
vn -0.2894 0.7470 0.5985
vn 0.2893 -0.7471 0.5985
vn -0.2893 -0.7471 -0.5985
vn -0.3078 -0.7437 0.5935
vn 0.2893 0.7471 -0.5984
vn 0.3078 0.7436 0.5936
vn 0.3078 -0.7436 -0.5936
vn 0.7107 -0.6812 -0.1756
vn -0.7034 -0.6837 -0.1944
vn 0.7109 0.6811 0.1756
vn -0.7035 0.6836 0.1945
vn -0.7108 0.6812 -0.1755
vn 0.7034 0.6836 -0.1947
vn 0.7035 -0.6835 0.1947
vn -0.7108 -0.6811 0.1755
vn -0.5785 0.7797 0.2396
vn -0.0000 -0.1344 -0.9909
vn -0.0000 -0.7662 -0.6426
vn -0.0000 0.8300 0.5577
vn -0.0000 -0.7071 0.7071
vn -0.0000 0.7474 -0.6643
vn 0.2531 0.6603 0.7071
vn 0.2454 0.9146 -0.3213
vn -0.0133 0.7070 0.7071
vn -0.0000 -0.7583 -0.6519
vn -0.7445 -0.0000 -0.6676
vn 0.7445 -0.0000 0.6676
vn -0.7021 -0.0000 -0.7121
vn 0.4725 -0.0000 -0.8814
vn -0.7216 0.0003 0.6923
vn 0.7675 -0.6411 -0.0000
vn 0.9998 -0.0189 -0.0000
vn -0.4669 -0.1790 -0.8660
vn 0.9576 0.2881 0.0001
vn 0.9337 0.3579 -0.0000
vn -0.0000 0.8762 0.4819
vn -0.0000 0.7662 0.6426
vn 0.7466 0.6653 -0.0000
vn -0.7071 0.7071 -0.0000
vn -0.8249 -0.4411 0.3536
vn 0.3760 0.2947 -0.8785
vn -0.0004 -0.6979 -0.7162
vn 0.1842 -0.4804 -0.8575
vn -0.3765 0.2942 -0.8785
vn 0.1842 -0.4804 0.8575
vn -0.7382 -0.6745 -0.0001
vn -0.0000 -0.9900 -0.1413
vn -0.6445 -0.0000 0.7646
vn -0.7071 -0.0000 0.7071
vn 0.7071 -0.0000 0.7071
vn -0.7466 0.6653 -0.0000
vn -0.7071 -0.7071 -0.0000
vn -0.6406 -0.7679 -0.0012
vn 0.7939 -0.5162 0.3213
vn 0.6154 0.7856 0.0646
vn 0.4669 -0.1790 -0.8660
vn -0.6560 -0.0000 0.7547
vn -0.0000 0.7070 -0.7072
vn -0.2379 -0.7818 -0.5764
vn -0.8849 0.4659 0.0002
vn -0.3714 -0.9285 -0.0000
vn 0.7071 0.7071 -0.0000
vn -0.0018 -0.3224 0.9466
vn 0.6457 -0.7636 -0.0000
vn -0.9403 0.0108 -0.3401
vn 0.5709 -0.7556 -0.3213
vn -0.0000 0.9897 0.1429
vn -0.5989 -0.7185 -0.3536
vn 0.5293 -0.4149 0.7400
vn -0.0000 0.9900 0.1413
vn -0.0000 0.9997 -0.0228
vn -0.7071 -0.0000 -0.7071
vn -0.3551 -0.3725 0.8574
vn -0.2245 0.0005 -0.9745
vn 0.6460 -0.0000 -0.7634
vn -0.6891 -0.6892 -0.2240
vn 0.8630 -0.2312 -0.4492
vn 0.6664 -0.7456 -0.0002
vn -0.6152 0.7857 -0.0646
vn 0.6717 -0.0000 -0.7408
vn 0.9998 0.0189 -0.0000
vn 0.6541 -0.0000 0.7564
vn -0.3549 -0.3534 0.8655
vn 0.3610 0.3534 0.8630
vn 0.0002 -0.7240 0.6898
vn -0.0000 -0.7661 0.6427
vn 0.0002 0.7676 -0.6409
vn -0.0097 -0.5144 -0.8575
vn 0.0001 -0.9932 0.1161
vn 0.7368 0.6762 -0.0000
vn -0.0000 0.7491 0.6625
vn -0.0000 -0.7474 -0.6643
vn -0.5989 0.7186 0.3535
vn 0.6496 0.0002 0.7602
vn -0.4846 0.0003 -0.8747
vn -0.8436 -0.0000 -0.5370
vn 0.8785 -0.4777 -0.0015
vn 0.7651 -0.6439 -0.0000
vn 0.9521 0.0005 -0.3059
vn 0.9473 -0.3202 -0.0000
vn 0.4669 -0.1790 0.8660
vn -0.8174 0.0005 0.5760
vn -0.7466 -0.6653 -0.0000
vn 0.0002 0.0004 -1.0000
vn -0.0001 -0.7656 -0.6433
vn -0.4447 0.8957 -0.0001
vn 0.0001 0.7634 -0.6459
vn 0.0001 0.7657 -0.6432
vn -0.0192 0.7053 0.7086
vn -0.0000 -0.7072 -0.7070
vn -0.6652 0.7467 -0.0001
vn -0.6432 -0.7657 -0.0000
vn -0.0000 0.7070 0.7072
vn -0.0000 -0.7070 -0.7072
vn -0.0000 0.7072 -0.7070
vn -0.6835 -0.6719 0.2854
vn 0.8574 -0.3725 -0.3551
vn -0.2863 0.6637 -0.6910
vn 0.3551 0.3725 0.8574
vn 0.0004 0.9671 -0.2544
vn -0.2371 -0.9715 0.0002
vn -0.0000 0.9621 0.2727
vn -0.0000 -0.8762 -0.4819
vn -0.4831 0.8755 -0.0000
vn -0.0000 0.8633 -0.5048
vn -0.0000 0.6122 -0.7907
vn -0.0000 0.6079 0.7941
vn -0.0000 -0.6383 -0.7698
vn -0.7677 0.6408 -0.0000
vn -0.0000 0.7071 -0.7071
vn -0.0321 0.6452 -0.7633
vn -0.0292 0.7134 0.7002
vn -0.0000 0.7071 0.7071
vn -0.6722 0.7404 0.0001
vn -0.0002 0.1078 -0.9942
vn -0.0000 0.6402 -0.7682
vn -0.0000 0.6426 0.7662
vn -0.0000 -0.7234 -0.6904
vn -0.7269 0.6867 -0.0000
vn 0.0002 0.7240 -0.6898
vn -0.0000 0.7662 -0.6426
vn -0.8849 -0.4659 -0.0002
vn -0.0011 0.7681 0.6403
vn 0.0011 0.7680 -0.6404
vn -0.0000 0.8350 -0.5502
vn -0.0000 -0.8436 -0.5370
vn -0.0000 0.8382 -0.5453
vn -0.0000 0.7355 -0.6775
vn -0.0004 0.7366 0.6763
vn -0.0000 -0.7355 -0.6775
vn 0.0004 0.7366 -0.6764
vn -0.0000 0.7356 -0.6774
vn -0.3714 0.9285 -0.0000
vn -0.7670 -0.6416 -0.0002
vn 0.0001 0.6047 0.7965
vn 0.6916 -0.7222 0.0001
vn -0.0000 -0.5936 -0.8047
vn 0.1722 0.6386 0.7500
vn -0.8484 -0.2293 -0.4771
vn 0.6924 -0.6949 -0.1940
vn -0.6201 -0.6227 0.4771
vn -0.7431 0.1992 -0.6388
vn -0.1605 0.5990 0.7845
vn 0.4685 0.4669 -0.7500
vn 0.9471 -0.2555 0.1940
vn 0.1830 -0.6831 -0.7070
vn -0.0000 0.7072 0.7070
vn 0.0002 0.3385 0.9410
vn 0.6405 -0.7679 0.0012
vn 0.0018 -0.3224 -0.9466
vn 0.0002 -0.7676 0.6409
vn 0.6546 0.7560 0.0003
vn -0.0002 0.7675 0.6410
vn 0.6542 -0.7563 -0.0003
vn -0.0002 -0.7676 -0.6410
vn -0.0000 -0.5716 0.8205
vn 0.6457 0.7636 -0.0000
vn 0.7459 0.6661 -0.0001
vn 0.0001 0.9932 -0.1162
vn -0.9548 -0.2974 -0.0000
vn -0.0000 0.5884 -0.8085
vn -0.7368 -0.6761 -0.0000
vn -0.0000 0.5885 0.8085
vn -0.0000 -0.7491 -0.6625
vn 0.2428 -0.9154 -0.3212
vn -0.5031 0.7536 -0.4230
vn 0.5697 0.7572 -0.3195
vn -0.6256 -0.6954 -0.3535
vn -0.0133 -0.5235 0.8519
vn -0.5300 -0.4142 0.7400
vn 0.2201 0.9148 -0.3388
vn 0.0821 -0.8975 -0.4333
vn -0.8431 0.5378 0.0002
vn 0.0004 0.6979 -0.7162
vn -0.2531 0.6602 0.7071
vn 0.7925 -0.5185 -0.3212
vn -0.8779 0.2243 -0.4231
vn 0.5408 0.7781 -0.3195
vn 0.0065 -0.5236 0.8519
vn -0.9408 -0.0062 -0.3388
vn 0.8515 0.2954 -0.4333
vn 0.0004 -0.6938 -0.7201
vn -0.0000 0.7583 -0.6519
vn -0.9647 -0.2633 -0.0000
vn -0.0001 0.7600 0.6499
vn -0.0001 -0.9932 -0.1162
vn -0.9548 0.2974 -0.0000
vn -0.0000 0.9897 -0.1429
vn -0.0000 -0.5884 -0.8085
vn -0.7368 0.6762 -0.0000
vn -0.0000 0.5885 -0.8085
vn -0.0000 0.7491 -0.6625
vn 0.7933 0.5182 -0.3195
vn -0.8249 -0.4411 -0.3536
vn -0.1906 -0.4878 0.8519
vn 0.0133 0.7070 0.7071
vn 0.5398 -0.7781 -0.3212
vn -0.7295 0.5374 -0.4230
vn -0.9415 0.0070 -0.3370
vn 0.9245 -0.0900 -0.3704
vn 0.3868 0.2983 0.8726
vn -0.0004 0.6938 -0.7201
vn -0.8431 -0.5378 -0.0002
vn -0.0004 0.6979 0.7162
vn -0.3187 -0.8795 -0.3536
vn 0.5687 -0.7572 -0.3212
vn -0.7492 0.5096 -0.4230
vn 0.2194 -0.9156 -0.3370
vn -0.1348 0.9190 -0.3704
vn -0.3825 0.3038 0.8726
vn -0.9647 0.2633 -0.0000
vn 0.0001 0.7599 -0.6500
vn 0.2706 -0.7071 0.6533
vn 0.8650 -0.3531 -0.3566
vn 0.6533 0.7071 -0.2706
vn -0.2382 -0.7820 -0.5760
vn -0.5758 0.7819 0.2389
vn -0.0000 -0.7949 -0.6068
vn -0.0000 0.7915 -0.6111
vn -0.0000 -0.7355 0.6775
vn -0.0000 0.8087 0.5883
vn 0.7382 -0.6745 0.0001
vn -0.0000 -0.8045 -0.5940
vn -0.0000 -0.9900 0.1413
vn 0.7681 0.6403 -0.0002
vn 0.7072 -0.0000 -0.7070
vn -0.6660 0.0001 -0.7459
vn 0.6676 -0.0000 -0.7445
vn 0.6608 -0.0136 -0.7505
vn 0.0005 1.0000 -0.0003
vn 0.7460 0.0001 -0.6659
vn 0.7459 0.0001 -0.6660
vn 0.6459 0.7634 0.0001
vn -0.7072 -0.0000 -0.7071
vn 0.7072 -0.0000 0.7071
vn 0.2862 -0.6637 -0.6910
vn 0.7071 -0.0000 -0.7072
vn -0.7071 -0.0000 0.7072
vn 0.6845 0.0002 -0.7290
vn 0.6811 0.0003 0.7322
vn 0.2838 0.9589 -0.0000
vn 0.7066 -0.0000 -0.7076
vn 0.7065 0.0404 -0.7065
vn 0.7065 0.0404 0.7065
vn 0.6563 0.7545 -0.0000
vn 0.8746 0.0003 -0.4848
vn 0.4845 0.0003 0.8748
vn 0.8382 -0.0000 -0.5453
vn 0.8517 -0.0000 -0.5241
vn 0.8575 -0.0000 0.5144
vn 0.1956 -0.0000 -0.9807
vn 0.2245 0.0005 0.9745
vn 0.8785 0.4777 0.0015
vn 0.1957 -0.0000 -0.9807
vn 0.6437 -0.0000 0.7653
vn -0.6422 -0.0000 -0.7666
vn 0.6445 -0.0000 -0.7646
vn 0.7450 0.6671 0.0005
vn -0.7661 -0.0000 -0.6427
vn 0.7681 0.0004 -0.6403
vn 0.3500 -0.0000 -0.9367
vn 0.3696 0.0003 0.9292
vn 0.7651 0.6439 -0.0000
vn -0.5811 -0.0001 0.8138
vn -0.6481 0.1737 0.7415
vn 0.1830 -0.6831 0.7070
vn -0.1600 0.5957 -0.7871
vn -0.9521 0.0005 0.3059
vn -0.7196 0.0002 -0.6944
vn 0.7196 0.0002 0.6944
vn -0.6546 0.7560 -0.0003
vn -0.7071 -0.0000 -0.7072
vn 0.7070 -0.0000 0.7072
vn -0.6457 0.7636 -0.0000
vn -0.4074 -0.0000 0.9132
vn -0.6460 0.0002 -0.7634
vn 0.6460 0.0002 0.7634
vn -0.7459 0.6661 0.0001
vn 0.6704 0.0001 0.7420
vn 0.9473 0.3202 -0.0000
vn 0.6111 -0.0000 -0.7916
vn 0.6328 0.0001 0.7743
vn 0.7358 0.6772 -0.0000
vn -0.6749 -0.0000 -0.7379
vn 0.6761 -0.0000 -0.7369
vn 0.8748 0.2254 0.4289
vn -0.3187 0.8794 0.3536
vn -0.4669 0.1790 -0.8660
vn -0.4669 0.1790 0.8660
vn -0.6256 -0.6954 0.3535
vn -0.8500 0.2914 0.4389
vn -0.1334 -0.9190 0.3710
vn 0.3418 -0.4375 -0.8317
vn 0.2727 -0.3487 0.8967
vn -0.8432 0.0002 -0.5376
vn 0.8174 0.0005 -0.5760
vn 0.5000 0.7524 0.4290
vn -0.8249 0.4411 0.3536
vn -0.4669 -0.1790 0.8660
vn 0.0065 -0.5235 -0.8520
vn -0.5989 -0.7185 0.3536
vn -0.0786 -0.8951 0.4389
vn 0.9241 0.0914 0.3710
vn 0.3422 0.4368 -0.8319
vn 0.2734 0.3487 0.8965
vn -0.6704 0.0001 -0.7420
vn -0.6329 0.0001 -0.7743
vn 0.6113 -0.0000 -0.7914
vn 0.6749 -0.0000 0.7379
vn -0.1906 -0.4878 -0.8519
vn 0.9337 -0.3580 -0.0000
vn 0.7458 0.5096 0.4290
vn -0.4999 0.0094 -0.8660
vn -0.5000 0.0094 0.8660
vn 0.3878 0.2991 -0.8719
vn 0.9245 -0.0918 0.3701
vn 0.8432 0.0002 0.5376
vn 0.8386 0.5448 0.0004
vn 0.1842 -0.4902 -0.8519
vn -0.3187 -0.8794 0.3536
vn 0.7261 0.5374 0.4289
vn -0.6256 0.6955 0.3535
vn -0.4999 -0.0094 -0.8660
vn -0.4999 -0.0094 0.8660
vn -0.3835 0.3046 -0.8718
vn -0.1331 0.9194 0.3701
vn -0.6148 -0.7861 -0.0643
vn -0.3552 -0.3724 0.8574
vn -0.5758 0.7819 -0.2389
vn 0.6533 0.7071 0.2706
vn -0.7070 -0.0000 -0.7072
vn -0.6542 -0.0000 -0.7563
vn 0.6561 -0.0000 -0.7546
vn -0.1004 -0.0001 0.9950
vn -0.3561 -0.0000 -0.9344
vn 0.3561 -0.0000 0.9344
vn -0.7681 0.6403 0.0002
vn -0.0000 0.7515 0.6597
vn -0.0174 -0.7499 0.6613
vn 1.0000 -0.0000 -0.0000
vn 0.3611 0.3534 -0.8630
vn -0.5785 -0.7797 -0.2397
vn -0.2815 0.6719 0.6851
vn 0.6533 -0.7071 0.2706
vn 0.0004 -0.9671 0.2544
vn 0.4831 -0.8756 -0.0000
vn 0.0007 -0.0001 1.0000
vn -0.0000 -0.6382 0.7699
vn -0.0000 0.1345 0.9909
vn 0.6722 -0.7404 0.0001
vn -0.0000 -0.6402 0.7682
vn -0.0000 0.7235 0.6904
vn 0.7269 -0.6868 -0.0000
vn 0.8849 -0.4659 0.0002
vn -0.0000 -0.8350 0.5502
vn -0.0000 0.8435 0.5371
vn -0.0000 0.7355 0.6775
vn 0.7466 -0.6653 -0.0000
vn 0.3714 -0.9285 -0.0000
vn -0.0001 0.6048 -0.7964
vn -0.6916 -0.7222 -0.0001
vn 0.8494 0.2256 0.4771
vn -0.2522 -0.9480 0.1940
vn 0.7431 0.1991 -0.6388
vn -0.4364 0.4359 0.7871
vn 0.1600 0.5957 -0.7871
vn -0.0002 0.3384 -0.9410
vn -0.0002 -0.7676 -0.6409
vn 0.0002 0.7675 -0.6410
vn -0.6542 -0.7563 0.0003
vn -0.0000 -0.5716 -0.8205
vn -0.0000 0.5649 -0.8252
vn -0.7695 -0.6387 -0.0003
vn -0.0000 -0.5884 0.8086
vn -0.1842 -0.4804 -0.8575
vn 0.0135 0.7677 -0.6407
vn 0.5398 -0.7781 0.3212
vn -0.5989 0.7185 0.3535
vn 0.0004 0.6938 0.7201
vn 0.8431 -0.5378 0.0002
vn -0.0155 0.7677 -0.6407
vn 0.5687 -0.7572 0.3212
vn -0.0000 -0.7583 0.6519
vn 0.9548 -0.2974 -0.0000
vn -0.0000 0.5884 0.8086
vn 0.7368 -0.6761 -0.0000
vn -0.0000 -0.7491 0.6625
vn 0.2739 0.7173 -0.6407
vn 0.2428 -0.9154 0.3212
vn -0.6256 -0.6955 0.3535
vn -0.5789 -0.4543 -0.6771
vn 0.2184 0.9149 0.3395
vn -0.0004 -0.6938 0.7201
vn -0.2757 0.7166 -0.6406
vn 0.7924 -0.5185 0.3212
vn 0.0097 -0.5144 -0.8575
vn -0.5989 -0.7185 0.3535
vn 0.5802 -0.4528 -0.6771
vn -0.9406 -0.0079 0.3394
vn -0.0000 0.7583 0.6519
vn 0.9647 -0.2633 -0.0000
vn 0.3594 0.3535 0.8636
vn 0.2842 -0.6727 -0.6831
vn -0.0000 0.7949 0.6068
vn -0.0000 0.7366 -0.6764
vn -0.0000 0.8087 -0.5883
vn 0.0001 0.9849 -0.1730
vn -0.0531 -0.0654 -0.9964
vn -0.6660 0.0001 -0.7460
vn -0.6432 0.7657 -0.0000
vn -1.0000 -0.0000 -0.0000
vn -0.6811 0.0003 -0.7322
vn -0.2371 0.9715 -0.0002
vn -0.7065 -0.0000 0.7077
vn -0.7065 0.0404 -0.7066
vn -0.6544 0.7561 -0.0000
vn -0.8806 0.0084 -0.4738
vn -0.7698 0.6382 -0.0000
vn -0.8382 -0.0000 0.5454
vn -0.8575 -0.0000 -0.5144
vn -0.1957 -0.0000 0.9807
vn -0.6437 -0.0000 -0.7653
vn -0.7681 0.0004 0.6403
vn -0.3696 0.0003 -0.9292
vn -0.7671 0.6416 0.0002
vn 0.5811 -0.0001 -0.8138
vn 0.5835 -0.0000 0.8121
vn 0.6922 0.7217 -0.0001
vn 0.9594 -0.0000 0.2822
vn 0.6426 0.7662 -0.0000
vn 0.7216 0.0003 -0.6923
vn 0.6660 0.7459 0.0002
vn 0.4074 -0.0000 -0.9132
vn 0.4237 0.0005 0.9058
vn 0.7675 0.6411 -0.0000
vn 0.6432 -0.0000 -0.7657
vn -0.6703 0.0001 -0.7421
vn -0.6326 0.0001 -0.7745
vn -0.6761 -0.0000 0.7369
vn 0.2454 -0.9146 0.3213
vn -0.9337 0.3579 -0.0000
vn 0.4999 -0.0094 -0.8660
vn -0.9998 0.0189 -0.0000
vn 0.2169 0.9152 0.3396
vn 0.6148 -0.7861 0.0643
vn -0.3422 0.4368 0.8319
vn -0.9337 -0.3580 -0.0000
vn 0.4669 0.1789 0.8660
vn 0.5000 0.0094 -0.8660
vn -0.9998 -0.0189 -0.0000
vn -0.9405 -0.0094 0.3396
vn -0.3418 -0.4375 0.8317
vn -0.6717 -0.0000 0.7408
vn -0.6111 -0.0000 0.7915
vn 0.5420 -0.7765 0.3213
vn 0.4999 -0.0094 0.8660
vn -0.2734 0.3485 -0.8966
vn 0.4669 0.1790 -0.8660
vn 0.5709 -0.7556 0.3213
vn 0.4999 0.0094 0.8660
vn -0.2727 -0.3487 -0.8967
vn 0.3552 0.3722 -0.8575
vn 0.1004 -0.0001 -0.9950
vn 0.1283 -0.0000 0.9917
vn 0.7372 0.6757 -0.0000
vn 0.3399 -0.0003 -0.9405
vn -0.6443 -0.7646 -0.0170
vn -0.0004 -0.9671 -0.2544
vn -0.4831 -0.8756 -0.0000
vn -0.7677 -0.6408 -0.0000
vn -0.0409 -0.9992 -0.0000
vn -0.7698 -0.6382 -0.0000
vn -0.0000 -1.0000 -0.0000
vn -0.6722 -0.7404 -0.0001
vn -0.0000 -0.6402 -0.7682
vn -0.7269 -0.6867 -0.0000
vn -0.0000 -0.8350 -0.5502
vn -0.0000 -0.7356 -0.6774
vn -0.0001 -0.6048 0.7964
vn -0.7431 -0.1992 0.6388
vn -0.1830 -0.6831 -0.7070
vn 0.5440 0.5441 0.6388
vn -0.0002 0.7676 0.6409
vn 0.0002 -0.7675 0.6410
vn -0.0000 0.5716 0.8205
vn 0.7459 -0.6661 0.0001
vn 0.2437 0.9157 -0.3195
vn 0.1842 -0.4901 0.8519
vn -0.1348 0.9190 -0.3705
vn -0.5299 -0.4142 0.7400
vn -0.6832 -0.6726 0.2842
vn -0.2862 0.6637 -0.6910
vn -0.0000 -0.8087 0.5883
vn 0.7682 -0.6402 0.0002
vn -0.5759 0.7817 -0.2393
vn 0.7072 -0.0000 0.7070
vn -0.7072 -0.0000 -0.7070
vn 0.7020 -0.0000 0.7122
vn 0.4931 0.8700 -0.0000
vn 0.8813 -0.0003 0.4726
vn 0.7679 0.6406 -0.0002
vn 0.8435 -0.0000 0.5371
vn 0.6734 0.7392 -0.0000
vn 0.7261 0.6876 0.0003
vn 0.6422 -0.0000 0.7666
vn 0.7662 -0.0000 0.6426
vn 0.3897 0.9209 0.0006
vn -0.5835 -0.0000 -0.8121
vn -0.6916 0.7222 0.0001
vn -0.9594 -0.0000 -0.2822
vn -0.6405 0.7679 0.0012
vn -0.7216 0.0003 0.6924
vn -0.4237 0.0005 -0.9058
vn -0.7695 0.6387 0.0003
vn -0.6432 -0.0000 0.7657
vn 0.7458 0.5096 0.4289
vn 0.7261 0.5374 0.4290
vn 0.6703 0.0001 0.7421
vn 0.6326 0.0001 0.7745
vn -0.1283 -0.0000 -0.9917
vn -0.7382 0.6745 0.0001
vn -0.3399 -0.0003 0.9405
vn 0.6432 -0.7657 -0.0000
vn 0.2374 -0.9714 -0.0002
vn -0.0000 -0.8763 0.4818
vn 0.0409 -0.9992 -0.0000
vn 0.7677 -0.6408 -0.0000
vn 0.7698 -0.6382 -0.0000
vn -0.0000 -0.1345 0.9909
vn -0.0000 -0.8435 0.5371
vn 0.5000 -0.5001 0.7070
vn -0.4685 0.4670 -0.7500
vn -0.6457 -0.7636 -0.0000
vn -0.7459 -0.6661 -0.0001
vn -0.5788 -0.4543 -0.6771
vn 0.5801 -0.4527 -0.6771
vn -0.5786 -0.7796 -0.2396
vn -0.2821 0.6727 0.6840
vn -0.0000 -0.7949 0.6068
vn -0.7682 -0.6402 -0.0002
vn -0.6517 -0.0000 0.7585
vn -0.7459 0.0001 0.6660
vn -0.6845 0.0002 0.7290
vn -0.8748 0.0003 0.4845
vn -0.4724 -0.0000 0.8814
vn -0.8516 -0.0000 0.5242
vn -0.6460 -0.0000 0.7633
vn -0.3500 -0.0000 0.9368
vn -0.6113 -0.0000 0.7914
vn -0.6305 -0.7762 -0.0000
vn 0.4550 -0.8905 0.0066
vn -0.0003 0.0348 0.9994
vn -0.9993 0.0304 -0.0220
vn 0.9990 0.0362 0.0263
vn 0.9994 0.0352 0.0002
vn -0.9239 -0.0000 0.3827
vn -0.9239 -0.0000 -0.3827
vn 0.9239 -0.0000 0.3827
vn 0.3827 -0.0000 0.9239
vn -0.3827 -0.0000 -0.9239
vn 0.3827 -0.0000 -0.9239
vn 0.9239 -0.0000 -0.3827
vn -0.3827 -0.0000 0.9239
vn -0.3592 0.9333 -0.0010
vn 0.0399 -0.9992 -0.0010
vn -0.9998 -0.0175 -0.0000
vn -0.9998 -0.0174 0.0010
vn 0.9998 -0.0174 -0.0000
vn -0.6998 -0.0146 0.7142
vn 0.9659 -0.2588 -0.0000
vn 0.2588 -0.9659 -0.0000
vn -0.2588 0.9659 -0.0000
vn -0.2588 -0.9659 -0.0000
vn -0.9659 -0.2588 -0.0000
vn -0.9659 0.2588 -0.0000
vn 0.2588 0.9659 -0.0000
vn 0.9659 0.2588 -0.0000
vn -0.8086 0.3100 0.5000
vn 0.3579 0.9337 -0.0000
vn 0.8086 -0.3100 0.5000
vn -0.8086 0.3100 -0.5000
vn -0.3579 -0.9337 -0.0000
vn 0.8086 -0.3100 -0.5000
vn 0.8659 -0.0163 -0.5000
vn 0.0189 0.9998 -0.0000
vn -0.8659 0.0163 -0.5000
vn -0.8659 0.0163 0.5000
vn -0.0189 -0.9998 -0.0000
vn 0.8659 -0.0163 0.5000
vn 0.8658 -0.0163 0.5000
vn -0.7875 -0.6163 -0.0000
vn 0.5337 -0.6820 0.5000
vn 0.5337 -0.6820 -0.5000
vn 0.7875 0.6163 -0.0000
vn -0.5337 0.6820 0.5000
vn -0.5338 0.6820 -0.5000
vn -0.5337 0.6820 -0.5000
vn -0.3579 0.9337 -0.0000
vn 0.8086 0.3100 -0.5000
vn 0.8086 0.3100 0.5000
vn -0.8086 -0.3100 0.5000
vn 0.3579 -0.9337 -0.0000
vn -0.8086 -0.3100 -0.5000
vn -0.0189 0.9998 -0.0000
vn 0.8659 0.0163 0.5000
vn 0.8659 0.0163 -0.5000
vn -0.8659 -0.0163 0.5000
vn 0.0189 -0.9998 -0.0000
vn -0.8659 -0.0163 -0.5000
vn -0.8658 -0.0163 -0.5000
vn 0.7875 -0.6163 -0.0000
vn -0.5337 -0.6820 0.5000
vn 0.5337 0.6820 0.5000
vn 0.5337 0.6820 -0.5000
vn -0.7875 0.6163 -0.0000
vn -0.5337 -0.6820 -0.5000
vn 0.5338 0.6820 0.5000
vn -0.1503 -0.7704 0.6196
vn -0.8861 -0.4626 -0.0284
vn 0.2625 -0.6823 0.6823
vn -0.7002 0.7003 -0.1389
vn 0.7002 -0.7003 -0.1388
vn -0.7003 -0.7002 0.1389
vn 0.7003 0.7003 0.1388
vn -0.5759 0.7817 0.2393
vn 0.0002 -0.1078 -0.9942
vn -0.0011 -0.7680 -0.6404
vn -0.0000 0.8351 0.5501
vn -0.0000 0.7491 -0.6624
vn 0.2531 0.6602 0.7071
vn -0.0001 -0.7600 -0.6500
vn -0.7461 -0.0001 -0.6658
vn 0.7459 -0.0001 0.6660
vn -0.7065 -0.0000 -0.7077
vn 0.4846 -0.0003 -0.8748
vn -0.7196 -0.0002 0.6944
vn 0.7694 -0.6387 0.0003
vn -0.4668 -0.1790 -0.8660
vn 0.9647 0.2633 -0.0000
vn -0.0000 0.8632 0.5048
vn -0.0011 0.7680 0.6404
vn -0.8249 -0.4410 0.3536
vn 0.3878 0.2991 -0.8718
vn 0.1842 -0.4901 0.8520
vn -0.7372 -0.6757 -0.0000
vn -0.0001 -0.9849 -0.1731
vn -0.6422 -0.0000 0.7665
vn -0.7450 0.6671 -0.0005
vn -0.6426 -0.7662 -0.0000
vn 0.7925 -0.5185 0.3212
vn 0.6147 0.7861 -0.0650
vn 0.4669 -0.1789 -0.8660
vn -0.6542 -0.0000 0.7563
vn -0.2396 -0.7797 -0.5785
vn 0.0321 0.6452 0.7633
vn -0.8785 0.4777 -0.0015
vn -0.3897 -0.9209 0.0006
vn -0.0002 -0.3385 0.9410
vn 0.6479 -0.7617 -0.0000
vn -0.0001 0.9932 0.1161
vn -0.5990 -0.7185 -0.3535
vn 0.5287 -0.4137 0.7412
vn -0.0001 0.9849 0.1731
vn 0.6432 0.7657 -0.0000
vn -0.1957 -0.0000 -0.9807
vn 0.6437 -0.0000 -0.7653
vn -0.6925 -0.6948 -0.1940
vn 0.8484 -0.2293 -0.4770
vn 0.6543 -0.7563 -0.0003
vn -0.6147 0.7861 0.0650
vn 0.6703 -0.0001 -0.7421
vn 0.6561 -0.0000 0.7547
vn -0.0000 -0.7234 0.6904
vn 0.0011 -0.7680 0.6404
vn -0.0133 -0.5235 -0.8520
vn -0.0000 -0.9897 0.1429
vn -0.0000 0.7474 0.6644
vn -0.0000 -0.7491 -0.6624
vn -0.5989 0.7185 0.3536
vn 0.6517 -0.0000 0.7585
vn -0.4724 -0.0000 -0.8814
vn -0.8382 -0.0000 -0.5454
vn 0.7671 -0.6416 0.0002
vn 0.9594 -0.0000 -0.2822
vn 0.4668 -0.1789 0.8660
vn -0.8432 -0.0002 0.5377
vn -0.7450 -0.6670 -0.0000
vn 0.0002 0.6268 -0.7792
vn 0.0263 -0.0348 -0.9990
vn -0.0000 0.7657 -0.6433
vn -0.0000 0.7634 -0.6459
vn -0.0271 0.9982 0.0542
vn -0.6669 0.7452 -0.0000
vn -0.6459 -0.7634 0.0001
vn -0.6910 -0.6638 0.2862
vn 0.8656 -0.3533 -0.3549
vn -0.2815 0.6719 -0.6851
vn -0.0000 0.9621 -0.2727
vn -0.2837 -0.9589 -0.0000
vn -0.0004 0.9671 0.2544
vn -0.0000 -0.8632 -0.5048
vn -0.4931 0.8700 -0.0000
vn -0.0000 0.8762 -0.4820
vn -0.0000 0.6076 -0.7942
vn -0.0000 0.6121 0.7907
vn 0.0496 -0.9987 0.0098
vn -0.0013 1.0000 0.0013
vn -0.7071 0.7072 -0.0000
vn -0.6734 0.7392 -0.0000
vn -0.0000 0.1344 -0.9909
vn -0.0000 0.6426 -0.7662
vn -0.0000 0.6402 0.7682
vn -0.0002 -0.7240 -0.6898
vn -0.7261 0.6876 -0.0003
vn -0.0000 0.7234 -0.6904
vn -0.8785 -0.4777 0.0015
vn -0.0000 0.7661 0.6427
vn -0.0000 0.8300 -0.5578
vn -0.0000 -0.8382 -0.5454
vn -0.0000 0.8436 -0.5370
vn -0.7450 -0.6670 0.0005
vn -0.0004 -0.7366 -0.6763
vn -0.0000 0.7356 -0.6775
vn 0.0004 0.7366 -0.6763
vn -0.3897 0.9209 -0.0006
vn -0.7651 -0.6439 -0.0000
vn -0.0000 0.5937 0.8047
vn 0.6922 -0.7217 0.0001
vn 0.0001 -0.6047 -0.7964
vn 0.1737 0.6482 0.7414
vn -0.8630 -0.2312 -0.4492
vn 0.6891 -0.6892 -0.2240
vn -0.6318 -0.6318 0.4492
vn -0.7293 0.1937 -0.6562
vn -0.1593 0.5958 0.7871
vn 0.4744 0.4745 -0.7414
vn 0.9414 -0.2523 0.2241
vn 0.1830 -0.6830 -0.7071
vn -0.0000 -0.7071 0.7072
vn 0.0018 0.3224 0.9466
vn 0.6426 -0.7662 -0.0000
vn 0.0002 -0.3384 -0.9410
vn 0.6663 -0.7457 -0.0002
vn -0.0002 -0.7675 -0.6410
vn -0.0000 -0.5649 0.8251
vn 0.6479 0.7617 -0.0000
vn 0.7446 0.6675 -0.0000
vn -0.9473 -0.3202 -0.0000
vn -0.7358 -0.6772 -0.0000
vn 0.2454 -0.9146 -0.3213
vn -0.5093 0.7462 -0.4287
vn 0.5708 0.7556 -0.3213
vn -0.6256 -0.6955 -0.3535
vn -0.0097 -0.5144 0.8575
vn -0.5287 -0.4137 0.7412
vn 0.2152 0.9158 -0.3392
vn 0.0918 -0.8939 -0.4387
vn -0.8386 0.5448 -0.0004
vn -0.2531 0.6603 0.7071
vn 0.7939 -0.5163 -0.3213
vn -0.8776 0.2146 -0.4287
vn 0.5419 0.7766 -0.3213
vn 0.0097 -0.5144 0.8575
vn -0.9407 -0.0112 -0.3392
vn 0.8457 0.3040 -0.4387
vn 0.0001 0.7600 -0.6500
vn -0.9576 -0.2881 0.0001
vn -0.0000 -0.9897 -0.1429
vn -0.9473 0.3202 -0.0000
vn 0.0001 0.9932 -0.1161
vn -0.0000 -0.5885 -0.8085
vn -0.7358 0.6772 -0.0000
vn 0.7939 0.5162 -0.3213
vn -0.1842 -0.4804 0.8575
vn 0.5420 -0.7765 -0.3213
vn -0.7327 0.5284 -0.4288
vn 0.9243 -0.0917 -0.3706
vn 0.3772 0.2948 0.8780
vn -0.8386 -0.5448 0.0004
vn -0.3187 -0.8794 -0.3536
vn -0.7522 0.5004 -0.4288
vn 0.2156 -0.9153 -0.3401
vn -0.1331 0.9192 -0.3706
vn -0.3767 0.2953 0.8780
vn -0.9576 0.2881 -0.0001
vn 0.8574 -0.3725 -0.3552
vn -0.2397 -0.7796 -0.5786
vn -0.5786 0.7796 0.2396
vn -0.0000 -0.7915 -0.6112
vn -0.0000 0.7949 -0.6068
vn -0.0000 -0.7366 0.6763
vn 0.7450 0.6670 -0.0000
vn -0.0000 0.8045 0.5940
vn 0.7372 -0.6757 -0.0000
vn -0.0000 -0.8087 -0.5882
vn 0.0001 -0.9849 0.1731
vn 0.7662 0.6426 -0.0000
vn 0.7070 -0.0000 -0.7072
vn 0.7064 -0.0463 0.7063
vn -0.0270 0.0353 -0.9990
vn 0.6661 -0.0001 -0.7459
vn -0.3990 0.0177 -0.9168
vn 0.7071 0.7071 -0.0002
vn 0.7446 -0.0000 -0.6675
vn 0.7445 -0.0000 -0.6676
vn 0.7072 -0.0000 -0.7071
vn 0.2854 -0.6719 -0.6834
vn 0.6812 -0.0003 -0.7321
vn 0.6845 -0.0002 0.7290
vn 0.2371 0.9715 0.0002
vn -0.7072 -0.0000 0.7070
vn 0.7020 -0.0000 -0.7122
vn 0.6544 0.7561 -0.0000
vn 0.0068 0.0177 -0.9998
vn 0.7677 0.6408 -0.0001
vn 0.4725 -0.0000 0.8814
vn 0.8435 -0.0000 -0.5371
vn 0.8575 -0.0000 -0.5145
vn 0.8517 -0.0000 0.5240
vn 0.2245 -0.0005 -0.9745
vn 0.1956 -0.0000 0.9807
vn 0.8849 0.4659 -0.0002
vn 0.6460 -0.0000 0.7634
vn -0.6445 -0.0000 -0.7646
vn 0.6421 -0.0000 -0.7666
vn -0.7681 -0.0004 -0.6403
vn 0.7662 -0.0000 -0.6426
vn 0.3696 -0.0003 -0.9292
vn 0.3500 -0.0000 0.9367
vn 0.7671 0.6416 -0.0002
vn -0.5835 -0.0000 0.8121
vn -0.6392 0.1702 0.7500
vn 0.1830 -0.6829 0.7072
vn -0.1605 0.5990 -0.7845
vn -0.9594 -0.0000 0.2822
vn -0.7216 -0.0003 -0.6924
vn 0.7216 -0.0003 0.6923
vn -0.6660 0.7459 -0.0002
vn -0.6479 0.7617 -0.0000
vn -0.4237 -0.0005 0.9058
vn -0.6432 -0.0000 -0.7657
vn 0.6432 -0.0000 0.7657
vn -0.7446 0.6675 -0.0000
vn 0.6704 -0.0001 -0.7420
vn 0.6717 -0.0000 0.7408
vn 0.9548 0.2974 -0.0000
vn 0.6328 -0.0001 -0.7743
vn 0.6111 -0.0000 0.7915
vn -0.6760 -0.0000 -0.7369
vn 0.6749 -0.0000 -0.7379
vn 0.8776 0.2147 0.4287
vn -0.3187 0.8795 0.3535
vn -0.4668 0.1790 -0.8660
vn -0.4668 0.1790 0.8660
vn -0.8452 0.3048 0.4389
vn -0.1348 -0.9192 0.3700
vn 0.2733 -0.3484 -0.8966
vn 0.3422 -0.4368 0.8319
vn -0.8175 -0.0005 -0.5759
vn 0.8432 -0.0002 -0.5377
vn 0.5093 0.7462 0.4287
vn -0.8249 0.4411 0.3535
vn -0.4669 -0.1789 0.8660
vn -0.0928 -0.8937 0.4389
vn 0.9247 0.0900 0.3700
vn 0.2728 0.3490 -0.8965
vn 0.3416 0.4372 0.8320
vn -0.8174 -0.0005 -0.5760
vn -0.6717 -0.0000 -0.7408
vn -0.6111 -0.0000 -0.7916
vn 0.6326 -0.0001 -0.7745
vn 0.6760 -0.0000 0.7369
vn 0.9337 -0.3579 -0.0000
vn 0.7522 0.5004 0.4288
vn -0.4999 0.0094 0.8660
vn 0.3760 0.2948 -0.8785
vn 0.9247 -0.0901 0.3700
vn 0.8174 -0.0005 0.5760
vn 0.8431 0.5378 -0.0002
vn 0.7328 0.5284 0.4288
vn -0.6256 0.6954 0.3536
vn -0.1348 0.9192 0.3700
vn -0.6153 -0.7856 0.0648
vn 0.8175 -0.0005 0.5759
vn -0.3566 -0.3533 0.8649
vn -0.5785 0.7797 -0.2396
vn -0.6560 -0.0000 -0.7547
vn 0.6542 -0.0000 -0.7563
vn -0.7450 0.6670 -0.0000
vn -0.1283 -0.0000 0.9917
vn -0.3398 0.0003 -0.9405
vn 0.3398 0.0003 0.9405
vn -0.7662 0.6426 -0.0000
vn -0.0000 -0.7070 0.7072
vn -0.0003 0.7468 0.6651
vn -0.0001 0.9706 0.2408
vn 0.6679 -0.7440 -0.0176
vn 0.3551 0.3725 -0.8574
vn -0.5763 -0.7818 -0.2379
vn -0.2862 0.6637 0.6911
vn -0.0000 -0.9621 0.2727
vn 0.4931 -0.8700 -0.0000
vn 0.0005 -0.7070 0.7072
vn -0.0496 -0.9987 -0.0098
vn 0.0002 0.1077 0.9942
vn 0.6734 -0.7392 -0.0000
vn -0.0000 -0.6426 0.7662
vn -0.0002 0.7240 0.6898
vn 0.7261 -0.6876 -0.0003
vn 0.0011 -0.7681 0.6403
vn -0.0000 -0.8300 0.5577
vn -0.0000 0.8382 0.5454
vn 0.0004 -0.7366 0.6763
vn 0.7450 -0.6670 -0.0005
vn 0.3897 -0.9209 -0.0006
vn -0.0000 0.5936 -0.8048
vn -0.6921 -0.7218 -0.0001
vn 0.8630 0.2313 0.4492
vn -0.2522 -0.9414 0.2240
vn 0.7293 0.1938 -0.6562
vn -0.4384 0.4385 0.7846
vn 0.1605 0.5990 -0.7845
vn -0.0018 0.3225 -0.9466
vn -0.6663 -0.7457 0.0002
vn -0.0000 -0.5649 -0.8252
vn -0.0000 0.5716 -0.8205
vn -0.7675 -0.6411 -0.0000
vn -0.0000 -0.5885 0.8085
vn -0.1906 -0.4877 -0.8519
vn 0.0145 0.7661 -0.6426
vn 0.8386 -0.5448 -0.0004
vn -0.0145 0.7660 -0.6426
vn 0.0001 -0.7600 0.6499
vn 0.7358 -0.6772 -0.0000
vn -0.0000 -0.7474 0.6644
vn 0.2742 0.7154 -0.6426
vn -0.0133 -0.5234 -0.8520
vn -0.5783 -0.4534 -0.6782
vn -0.1348 -0.9192 0.3699
vn 0.0004 -0.6979 0.7162
vn -0.2743 0.7154 -0.6426
vn 0.7939 -0.5163 0.3213
vn 0.5790 -0.4525 -0.6782
vn 0.9247 0.0900 0.3699
vn 0.9576 -0.2881 -0.0001
vn 0.3552 0.3722 0.8575
vn -0.0000 0.7915 0.6112
vn -0.0000 -0.7366 -0.6764
vn -0.0000 0.8045 -0.5940
vn -0.0000 0.9900 -0.1413
vn -0.7064 -0.0463 -0.7063
vn -0.6676 -0.0000 -0.7445
vn -0.7459 -0.0001 -0.6660
vn -0.6459 0.7634 -0.0001
vn -0.7072 -0.0000 0.7071
vn -0.6845 -0.0002 -0.7290
vn -0.2840 0.9588 -0.0000
vn -0.7020 -0.0000 0.7122
vn -0.6563 0.7545 -0.0000
vn -0.7678 0.6407 0.0002
vn -0.8436 -0.0000 0.5370
vn -0.8516 -0.0000 -0.5243
vn -0.2244 -0.0005 0.9745
vn -0.6460 -0.0000 -0.7634
vn -0.7661 -0.0000 0.6427
vn -0.3500 -0.0000 -0.9368
vn -0.7651 0.6439 -0.0000
vn 0.5835 -0.0000 -0.8121
vn 0.5811 0.0001 0.8138
vn 0.6916 0.7222 -0.0001
vn 0.9521 -0.0005 0.3059
vn 0.6406 0.7679 -0.0012
vn 0.7196 -0.0002 -0.6944
vn 0.4237 -0.0005 -0.9058
vn 0.4075 -0.0000 0.9132
vn 0.7695 0.6387 -0.0003
vn 0.6459 -0.0002 -0.7634
vn -0.6113 -0.0000 -0.7914
vn -0.6749 -0.0000 0.7379
vn 0.6152 -0.7857 -0.0648
vn -0.2728 0.3490 0.8965
vn -0.9337 -0.3579 -0.0000
vn 0.4668 0.1790 0.8660
vn 0.4999 0.0094 -0.8660
vn -0.9406 -0.0079 0.3395
vn -0.2732 -0.3485 0.8966
vn -0.6704 -0.0001 0.7420
vn -0.6328 -0.0001 0.7743
vn -0.3416 0.4372 -0.8320
vn 0.4668 0.1789 -0.8660
vn -0.3422 -0.4369 -0.8319
vn 0.3594 0.3535 -0.8636
vn 0.1282 -0.0000 -0.9917
vn 0.1003 0.0001 0.9950
vn 0.7382 0.6745 -0.0001
vn 0.3561 -0.0000 -0.9344
vn -0.5086 -0.8608 -0.0191
vn 0.6532 0.7071 -0.2706
vn -0.0000 -0.9621 -0.2727
vn -0.4931 -0.8700 -0.0000
vn -0.7072 -0.7070 -0.0001
vn -0.7678 -0.6406 -0.0002
vn -0.6734 -0.7392 -0.0000
vn -0.0000 -0.6426 -0.7662
vn -0.7261 -0.6876 0.0003
vn -0.0000 -0.8300 -0.5578
vn -0.0004 -0.7366 -0.6764
vn -0.0000 -0.5936 0.8048
vn -0.7284 -0.1968 0.6563
vn -0.1830 -0.6830 -0.7072
vn 0.5347 0.5323 0.6563
vn -0.0000 0.7071 0.7072
vn -0.0000 0.5649 0.8251
vn 0.7446 -0.6675 -0.0000
vn 0.0133 0.7069 0.7071
vn -0.0133 0.7069 0.7071
vn -0.2821 0.6727 -0.6840
vn -0.0000 0.7366 0.6763
vn 0.7450 -0.6670 -0.0000
vn -0.0000 -0.8045 0.5940
vn 0.7662 -0.6426 -0.0000
vn 0.7071 -0.0000 0.7072
vn 0.7066 -0.0000 0.7077
vn 0.4832 0.8755 -0.0000
vn 0.0349 0.0173 0.9992
vn 0.7698 0.6382 -0.0000
vn 0.8382 -0.0000 0.5453
vn 0.6722 0.7404 -0.0001
vn 0.7269 0.6867 -0.0000
vn 0.1957 -0.0000 0.9807
vn 0.6445 -0.0000 0.7646
vn 0.7681 -0.0004 0.6403
vn 0.3714 0.9285 -0.0000
vn -0.5811 0.0001 -0.8138
vn -0.6922 0.7217 0.0001
vn -0.9521 -0.0005 -0.3059
vn -0.6426 0.7662 -0.0000
vn -0.7216 -0.0003 -0.6923
vn -0.6660 0.7460 -0.0002
vn -0.7070 -0.0000 0.7072
vn -0.4075 -0.0000 -0.9132
vn -0.7675 0.6411 -0.0000
vn -0.6459 -0.0002 0.7634
vn 0.7328 0.5284 0.4287
vn 0.6113 -0.0000 0.7914
vn -0.0928 -0.8937 0.4390
vn -0.1003 0.0001 -0.9950
vn -0.7372 0.6757 -0.0000
vn -0.3561 -0.0000 0.9344
vn 0.0186 -0.7055 0.7085
vn 0.6459 -0.7634 -0.0001
vn 0.2838 -0.9589 -0.0000
vn -0.0000 -0.8631 0.5051
vn 0.7072 -0.7070 0.0001
vn 0.7679 -0.6406 0.0002
vn -0.0002 -0.1077 0.9942
vn -0.0000 -0.8382 0.5454
vn 0.5001 -0.4999 0.7071
vn -0.4745 0.4745 -0.7415
vn -0.6663 -0.7456 0.0002
vn -0.6479 -0.7617 -0.0000
vn -0.7446 -0.6675 -0.0000
vn 0.5791 -0.4525 -0.6782
vn -0.0145 0.7661 -0.6426
vn -0.5760 -0.7820 -0.2382
vn -0.2862 0.6637 0.6910
vn -0.0000 -0.7915 0.6112
vn -0.7662 -0.6426 -0.0000
vn -0.7064 -0.0463 0.7063
vn -0.6497 -0.0002 0.7602
vn -0.7445 -0.0000 0.6676
vn -0.6812 -0.0003 0.7321
vn -0.0068 0.0177 0.9998
vn -0.4846 -0.0003 0.8747
vn -0.8576 -0.0000 0.5144
vn -0.2245 -0.0005 0.9745
vn -0.6436 -0.0000 0.7653
vn -0.3696 -0.0003 0.9292
vn -0.6703 -0.0001 0.7421
vn -0.6326 -0.0001 0.7745
vn 0.0002 1.0000 0.0001
vn -0.5087 -0.8609 -0.0000
vn -0.7166 0.0218 -0.6972
vn -0.0198 -0.0335 -0.9992
vn 0.6339 0.7734 -0.0000
vn -0.9994 0.0342 -0.0000
vn 0.4534 0.7673 0.4534
vn -0.0000 -0.0004 1.0000
vn 0.7165 -0.0218 0.6972
vn 0.9994 0.0352 -0.0000
vn -0.0001 -1.0000 0.0003
vn -0.8814 -0.0000 0.4725
vn 0.9138 -0.4061 -0.0000
vn -0.0361 -0.0938 -0.9949
vn 0.3344 0.8691 0.3645
vn -0.5517 -0.8341 -0.0009
vn -0.0000 -0.0001 1.0000
vn -0.0000 -0.0001 -1.0000
vn -0.0000 0.0001 1.0000
vn -0.9998 -0.0175 0.0010
vn -0.4122 -0.0072 -0.9111
vn 0.9998 -0.0175 -0.0010
vn 0.0007 -0.0171 0.9999
vn 0.4121 -0.0072 0.9111
vt 0.149708 0.890933
vt 0.149708 0.970029
vt 0.142886 0.970031
vt 0.142886 0.890935
vt 0.039054 0.890933
vt 0.039054 0.978035
vt 0.036780 0.978036
vt 0.036780 0.890934
vt 0.618551 0.890933
vt 0.618551 0.930001
vt 0.592727 0.930008
vt 0.592727 0.890940
vt 0.324746 0.890933
vt 0.324746 0.946012
vt 0.318412 0.946014
vt 0.318412 0.890935
vt 0.525178 0.984204
vt 0.525179 0.984204
vt 0.525260 0.984304
vt 0.006348 0.785803
vt 0.006448 0.785803
vt 0.006348 0.785903
vt 0.048979 0.396105
vt 0.048879 0.396101
vt 0.048979 0.396001
vt 0.264892 0.985701
vt 0.265007 0.985706
vt 0.264985 0.985805
vt 0.269126 0.985620
vt 0.269098 0.985718
vt 0.269007 0.985612
vt 0.010648 0.396101
vt 0.010548 0.396101
vt 0.010659 0.396001
vt 0.042124 0.396001
vt 0.042140 0.396101
vt 0.042040 0.396101
vt 0.053327 0.781585
vt 0.053427 0.781685
vt 0.053339 0.781706
vt 0.050603 0.781705
vt 0.050503 0.781685
vt 0.050603 0.781585
vt 0.166750 0.984093
vt 0.166850 0.984191
vt 0.166766 0.984220
vt 0.085328 0.776679
vt 0.085427 0.776701
vt 0.085339 0.776802
vt 0.088711 0.984157
vt 0.088714 0.984283
vt 0.088613 0.984258
vt 0.529344 0.984273
vt 0.529364 0.984193
vt 0.529264 0.984293
vt 0.395801 0.391688
vt 0.395901 0.391701
vt 0.395901 0.391801
vt 0.082604 0.776677
vt 0.082603 0.776800
vt 0.082504 0.776698
vt 0.091434 0.984093
vt 0.091536 0.984189
vt 0.091453 0.984220
vt 0.065866 0.396001
vt 0.065956 0.396101
vt 0.065856 0.396118
vt 0.063132 0.396118
vt 0.063032 0.396101
vt 0.063116 0.396001
vt 0.004823 0.399999
vt 0.004833 0.399888
vt 0.004923 0.399900
vt 0.785501 0.391801
vt 0.785601 0.391701
vt 0.785701 0.391901
vt 0.781815 0.391801
vt 0.781703 0.391701
vt 0.781803 0.391701
vt 0.388114 0.396001
vt 0.388103 0.396101
vt 0.388003 0.396101
vt 0.170934 0.984223
vt 0.170850 0.984191
vt 0.170950 0.984093
vt 0.537460 0.984224
vt 0.537460 0.984093
vt 0.537539 0.984154
vt 0.388417 0.699444
vt 0.388316 0.699440
vt 0.388400 0.699340
vt 0.173674 0.984093
vt 0.173774 0.984191
vt 0.173689 0.984223
vt 0.378643 0.542076
vt 0.378743 0.542076
vt 0.378755 0.542176
vt 0.267948 0.708694
vt 0.267848 0.708711
vt 0.267863 0.708594
vt 0.265108 0.708594
vt 0.265124 0.708711
vt 0.265024 0.708694
vt 0.972022 0.819383
vt 0.972122 0.819382
vt 0.972122 0.819483
vt 0.977857 0.851691
vt 0.977880 0.851592
vt 0.977976 0.851694
vt 0.279096 0.708593
vt 0.278996 0.708597
vt 0.278996 0.708493
vt 0.876926 0.300402
vt 0.877026 0.300501
vt 0.876926 0.300518
vt 0.876782 0.300501
vt 0.876882 0.300402
vt 0.876882 0.300518
vt 0.866710 0.391256
vt 0.866710 0.391356
vt 0.866610 0.391256
vt 0.977856 0.851735
vt 0.977975 0.851738
vt 0.977876 0.851836
vt 0.278952 0.708493
vt 0.278953 0.708597
vt 0.278852 0.708593
vt 0.977857 0.847448
vt 0.977880 0.847349
vt 0.977976 0.847450
vt 0.085427 0.780902
vt 0.085327 0.780906
vt 0.085327 0.780802
vt 0.977856 0.847492
vt 0.977975 0.847494
vt 0.977876 0.847592
vt 0.034386 0.789800
vt 0.034286 0.789817
vt 0.034286 0.789702
vt 0.034242 0.789817
vt 0.034142 0.789800
vt 0.034242 0.789702
vt 0.085283 0.780802
vt 0.085284 0.780906
vt 0.085183 0.780902
vt 0.972122 0.823627
vt 0.972022 0.823527
vt 0.972122 0.823527
vt 0.648497 0.880455
vt 0.648597 0.880455
vt 0.648597 0.880555
vt 0.638220 0.882080
vt 0.638401 0.882079
vt 0.638247 0.882179
vt 0.604075 0.882080
vt 0.604210 0.882080
vt 0.604190 0.882180
vt 0.627102 0.789702
vt 0.627256 0.789602
vt 0.627284 0.789702
vt 0.626448 0.789702
vt 0.626298 0.789702
vt 0.626457 0.789602
vt 0.615940 0.789702
vt 0.616032 0.789602
vt 0.616125 0.789702
vt 0.604840 0.789702
vt 0.604861 0.789602
vt 0.605024 0.789702
vt 0.615321 0.882080
vt 0.615327 0.882180
vt 0.615190 0.882080
vt 0.615954 0.882179
vt 0.615940 0.882079
vt 0.616125 0.882079
vt 0.615190 0.789702
vt 0.615227 0.789602
vt 0.615321 0.789702
vt 0.627284 0.882079
vt 0.627227 0.882179
vt 0.627102 0.882079
vt 0.201284 0.986123
vt 0.201113 0.986194
vt 0.201162 0.986069
vt 0.637560 0.789702
vt 0.637405 0.789702
vt 0.637484 0.789602
vt 0.638290 0.789602
vt 0.638401 0.789703
vt 0.638220 0.789703
vt 0.637405 0.882079
vt 0.637560 0.882079
vt 0.637441 0.882178
vt 0.605024 0.882079
vt 0.605008 0.882179
vt 0.604840 0.882079
vt 0.604226 0.789602
vt 0.604210 0.789702
vt 0.604075 0.789702
vt 0.988154 0.118845
vt 0.988144 0.118789
vt 0.988264 0.118726
vt 0.988144 0.141406
vt 0.988264 0.141344
vt 0.988154 0.141462
vt 0.972142 0.134209
vt 0.972022 0.134272
vt 0.972132 0.134153
vt 0.988154 0.111536
vt 0.988264 0.111653
vt 0.988143 0.111590
vt 0.972022 0.118727
vt 0.972143 0.118790
vt 0.972133 0.118845
vt 0.988264 0.134271
vt 0.988143 0.134208
vt 0.988153 0.134153
vt 0.972022 0.141345
vt 0.972143 0.141408
vt 0.972133 0.141462
vt 0.972132 0.111536
vt 0.972142 0.111592
vt 0.972022 0.111654
vt 0.610582 0.882079
vt 0.610566 0.882179
vt 0.610397 0.882079
vt 0.642951 0.882079
vt 0.643106 0.882079
vt 0.642987 0.882178
vt 0.609632 0.882080
vt 0.609768 0.882080
vt 0.609748 0.882180
vt 0.620875 0.882080
vt 0.620881 0.882180
vt 0.620744 0.882080
vt 0.632656 0.789702
vt 0.632810 0.789602
vt 0.632838 0.789702
vt 0.632002 0.789702
vt 0.631851 0.789702
vt 0.632011 0.789602
vt 0.643836 0.789602
vt 0.643947 0.789703
vt 0.643766 0.789703
vt 0.643106 0.789702
vt 0.642951 0.789702
vt 0.643030 0.789602
vt 0.610397 0.789702
vt 0.610419 0.789602
vt 0.610582 0.789702
vt 0.609783 0.789602
vt 0.609768 0.789702
vt 0.609632 0.789702
vt 0.621508 0.882179
vt 0.621494 0.882079
vt 0.621679 0.882079
vt 0.620744 0.789702
vt 0.620781 0.789602
vt 0.620875 0.789702
vt 0.632656 0.882079
vt 0.632838 0.882079
vt 0.632781 0.882179
vt 0.207106 0.986194
vt 0.207154 0.986069
vt 0.207276 0.986123
vt 0.643766 0.882080
vt 0.643947 0.882079
vt 0.643793 0.882179
vt 0.621494 0.789702
vt 0.621586 0.789602
vt 0.621679 0.789702
vt 0.972142 0.122900
vt 0.972022 0.122963
vt 0.972132 0.122845
vt 0.988144 0.130097
vt 0.988264 0.130035
vt 0.988154 0.130153
vt 0.988264 0.122962
vt 0.988143 0.122899
vt 0.988153 0.122845
vt 0.988154 0.145462
vt 0.988264 0.145580
vt 0.988143 0.145516
vt 0.972132 0.145462
vt 0.972142 0.145518
vt 0.972022 0.145580
vt 0.972022 0.152653
vt 0.972143 0.152717
vt 0.972133 0.152771
vt 0.988154 0.152771
vt 0.988144 0.152715
vt 0.988264 0.152653
vt 0.972022 0.130036
vt 0.972143 0.130099
vt 0.972133 0.130153
vt 0.789778 0.148060
vt 0.789821 0.148175
vt 0.789701 0.148056
vt 0.887074 0.148061
vt 0.887151 0.148055
vt 0.887033 0.148175
vt 0.887075 0.002115
vt 0.887032 0.002000
vt 0.887151 0.002120
vt 0.886833 0.708494
vt 0.886952 0.708613
vt 0.886875 0.708609
vt 0.789820 0.002000
vt 0.789779 0.002115
vt 0.789701 0.002120
vt 0.789502 0.854550
vt 0.789578 0.854554
vt 0.789621 0.854669
vt 0.886833 0.854669
vt 0.886874 0.854554
vt 0.886952 0.854549
vt 0.789502 0.708614
vt 0.789620 0.708494
vt 0.789579 0.708609
vt 0.251860 0.708711
vt 0.251760 0.708709
vt 0.251760 0.708594
vt 0.092026 0.711192
vt 0.092126 0.711193
vt 0.092026 0.711292
vt 0.557683 0.984216
vt 0.557683 0.984093
vt 0.557780 0.984147
vt 0.533364 0.984199
vt 0.533460 0.984182
vt 0.533395 0.984291
vt 0.549579 0.984219
vt 0.549579 0.984093
vt 0.549658 0.984158
vt 0.273897 0.708758
vt 0.273797 0.708746
vt 0.273797 0.708642
vt 0.271948 0.708643
vt 0.272048 0.708647
vt 0.272048 0.708747
vt 0.092026 0.855472
vt 0.092026 0.855319
vt 0.092126 0.855268
vt 0.187571 0.858018
vt 0.187527 0.857918
vt 0.187627 0.857918
vt 0.381196 0.708439
vt 0.381196 0.708558
vt 0.381096 0.708539
vt 0.381196 0.710984
vt 0.381096 0.711037
vt 0.381096 0.710937
vt 0.285795 0.711037
vt 0.285695 0.710982
vt 0.285794 0.710937
vt 0.285795 0.855364
vt 0.285695 0.855317
vt 0.285795 0.855264
vt 0.972124 0.882198
vt 0.972022 0.882111
vt 0.972122 0.882088
vt 0.074175 0.879035
vt 0.074055 0.879035
vt 0.074055 0.878935
vt 0.368896 0.543306
vt 0.368796 0.543214
vt 0.368896 0.543198
vt 0.374543 0.543198
vt 0.374643 0.543215
vt 0.374522 0.543306
vt 0.285795 0.708539
vt 0.285695 0.708439
vt 0.285595 0.708339
vt 0.092026 0.858017
vt 0.092026 0.857898
vt 0.092126 0.857918
vt 0.285695 0.857862
vt 0.285695 0.857742
vt 0.285795 0.857762
vt 0.283096 0.857762
vt 0.283196 0.857762
vt 0.283150 0.857862
vt 0.089482 0.708594
vt 0.089527 0.708694
vt 0.089427 0.708694
vt 0.074156 0.783489
vt 0.074055 0.783533
vt 0.074055 0.783433
vt 0.381196 0.857762
vt 0.381196 0.857862
vt 0.381096 0.857762
vt 0.354949 0.396099
vt 0.354849 0.396103
vt 0.354849 0.396001
vt 0.190070 0.858018
vt 0.190026 0.857918
vt 0.190126 0.857918
vt 0.383794 0.708539
vt 0.383694 0.708539
vt 0.383741 0.708439
vt 0.349202 0.396103
vt 0.349102 0.396099
vt 0.349222 0.396001
vt 0.645896 0.891034
vt 0.646019 0.890933
vt 0.645976 0.891053
vt 0.669080 0.927477
vt 0.669064 0.927358
vt 0.669164 0.927377
vt 0.646020 0.927477
vt 0.645896 0.927377
vt 0.645977 0.927359
vt 0.671322 0.890933
vt 0.671338 0.891053
vt 0.671238 0.891033
vt 0.675449 0.891034
vt 0.675338 0.891052
vt 0.675341 0.890933
vt 0.675450 0.927377
vt 0.675345 0.927477
vt 0.675339 0.927358
vt 0.669077 0.890933
vt 0.669164 0.891033
vt 0.669064 0.891052
vt 0.671238 0.927377
vt 0.671338 0.927359
vt 0.671325 0.927477
vt 0.989015 0.103148
vt 0.988976 0.103049
vt 0.989076 0.103048
vt 0.741873 0.891053
vt 0.741962 0.890933
vt 0.741984 0.891034
vt 0.741983 0.924941
vt 0.741962 0.925041
vt 0.741873 0.924921
vt 0.972122 0.103049
vt 0.972082 0.103148
vt 0.972022 0.103048
vt 0.988976 0.107436
vt 0.988914 0.107536
vt 0.988876 0.107436
vt 0.746837 0.924822
vt 0.746737 0.924941
vt 0.746737 0.924841
vt 0.988976 0.102761
vt 0.989016 0.102661
vt 0.989076 0.102761
vt 0.746449 0.924841
vt 0.746449 0.924941
vt 0.746349 0.924821
vt 0.727888 0.924941
vt 0.727988 0.924941
vt 0.727992 0.925041
vt 0.732600 0.891033
vt 0.732692 0.890933
vt 0.732715 0.891033
vt 0.737333 0.890933
vt 0.737342 0.891033
vt 0.737239 0.891033
vt 0.732692 0.925041
vt 0.732600 0.924941
vt 0.732715 0.924941
vt 0.727993 0.890933
vt 0.727988 0.891033
vt 0.727888 0.891033
vt 0.723289 0.891035
vt 0.723171 0.891034
vt 0.723274 0.890934
vt 0.737342 0.924941
vt 0.737333 0.925041
vt 0.737239 0.924941
vt 0.723274 0.925041
vt 0.723171 0.924941
vt 0.723289 0.924942
vt 0.311796 0.984093
vt 0.311757 0.984213
vt 0.311696 0.984113
vt 0.312265 0.985210
vt 0.312165 0.985230
vt 0.312205 0.985110
vt 0.312204 0.984212
vt 0.312165 0.984093
vt 0.312265 0.984116
vt 0.303028 0.985230
vt 0.303068 0.985110
vt 0.303128 0.985210
vt 0.311758 0.985111
vt 0.311796 0.985230
vt 0.311696 0.985207
vt 0.302621 0.985111
vt 0.302660 0.985230
vt 0.302560 0.985207
vt 0.302560 0.984113
vt 0.302660 0.984093
vt 0.302620 0.984213
vt 0.303128 0.984116
vt 0.303067 0.984212
vt 0.303028 0.984093
vt 0.307697 0.984116
vt 0.307635 0.984212
vt 0.307597 0.984093
vt 0.316327 0.985111
vt 0.316365 0.985230
vt 0.316265 0.985207
vt 0.316774 0.985110
vt 0.316833 0.985210
vt 0.316734 0.985230
vt 0.307190 0.985111
vt 0.307228 0.985230
vt 0.307128 0.985207
vt 0.307637 0.985110
vt 0.307697 0.985210
vt 0.307597 0.985230
vt 0.316772 0.984212
vt 0.316734 0.984093
vt 0.316833 0.984116
vt 0.316365 0.984093
vt 0.316325 0.984213
vt 0.316265 0.984113
vt 0.307188 0.984213
vt 0.307128 0.984113
vt 0.307228 0.984093
vt 0.415429 0.891032
vt 0.415363 0.891067
vt 0.415329 0.890933
vt 0.387269 0.890933
vt 0.387236 0.891067
vt 0.387169 0.891032
vt 0.419429 0.941814
vt 0.419529 0.941832
vt 0.419529 0.941932
vt 0.759481 0.918994
vt 0.759581 0.919027
vt 0.759481 0.919094
vt 0.757245 0.918994
vt 0.757245 0.919094
vt 0.757145 0.919028
vt 0.750837 0.891001
vt 0.750938 0.890933
vt 0.750959 0.891034
vt 0.421765 0.941832
vt 0.421865 0.941813
vt 0.421766 0.941932
vt 0.750960 0.919094
vt 0.750938 0.919194
vt 0.750837 0.919128
vt 0.492118 0.890933
vt 0.492118 0.891033
vt 0.492018 0.891053
vt 0.997846 0.002406
vt 0.997809 0.002306
vt 0.997909 0.002306
vt 0.492324 0.939559
vt 0.492424 0.939539
vt 0.492324 0.939659
vt 0.997809 0.002100
vt 0.997844 0.002000
vt 0.997909 0.002100
vt 0.967495 0.890998
vt 0.967597 0.890933
vt 0.967618 0.891034
vt 0.967618 0.916820
vt 0.967597 0.916920
vt 0.967495 0.916856
vt 0.492118 0.939559
vt 0.492118 0.939659
vt 0.492018 0.939540
vt 0.496524 0.939459
vt 0.496524 0.939559
vt 0.496424 0.939440
vt 0.927019 0.890933
vt 0.927047 0.891033
vt 0.926932 0.891033
vt 0.912652 0.917957
vt 0.912660 0.918057
vt 0.912552 0.917957
vt 0.945572 0.890933
vt 0.945587 0.891033
vt 0.945483 0.891033
vt 0.898281 0.917958
vt 0.898271 0.918057
vt 0.898162 0.917958
vt 0.926932 0.917957
vt 0.927047 0.917957
vt 0.927018 0.918057
vt 0.945587 0.917957
vt 0.945571 0.918057
vt 0.945483 0.917957
vt 0.912552 0.891033
vt 0.912661 0.890933
vt 0.912652 0.891033
vt 0.898162 0.891034
vt 0.898271 0.890934
vt 0.898281 0.891035
vt 0.931571 0.891033
vt 0.931658 0.890933
vt 0.931686 0.891033
vt 0.917454 0.918057
vt 0.917345 0.917957
vt 0.917445 0.917957
vt 0.940937 0.890933
vt 0.940952 0.891033
vt 0.940848 0.891033
vt 0.931657 0.918057
vt 0.931571 0.917957
vt 0.931686 0.917957
vt 0.902959 0.891034
vt 0.903068 0.890934
vt 0.903078 0.891035
vt 0.903078 0.917958
vt 0.903067 0.918057
vt 0.902959 0.917958
vt 0.917454 0.890933
vt 0.917445 0.891033
vt 0.917345 0.891033
vt 0.940848 0.917957
vt 0.940952 0.917957
vt 0.940937 0.918057
vt 0.936209 0.917957
vt 0.936325 0.917957
vt 0.936296 0.918057
vt 0.907874 0.917958
vt 0.907863 0.918057
vt 0.907755 0.917958
vt 0.922239 0.891033
vt 0.922139 0.891033
vt 0.922247 0.890933
vt 0.950206 0.890933
vt 0.950221 0.891033
vt 0.950117 0.891033
vt 0.950221 0.917957
vt 0.950206 0.918057
vt 0.950117 0.917957
vt 0.907874 0.891035
vt 0.907755 0.891034
vt 0.907864 0.890934
vt 0.936209 0.891033
vt 0.936296 0.890933
vt 0.936325 0.891033
vt 0.922239 0.917957
vt 0.922247 0.918057
vt 0.922139 0.917957
vt 0.383126 0.890934
vt 0.383169 0.891035
vt 0.383069 0.891052
vt 0.381909 0.890933
vt 0.381969 0.891052
vt 0.381869 0.891035
vt 0.332544 0.943294
vt 0.332644 0.943294
vt 0.332525 0.943394
vt 0.336744 0.943294
vt 0.336764 0.943394
vt 0.336644 0.943294
vt 0.344582 0.890933
vt 0.344642 0.891038
vt 0.344542 0.891034
vt 0.602398 0.984161
vt 0.602313 0.984212
vt 0.602313 0.984093
vt 0.340422 0.890933
vt 0.340542 0.891033
vt 0.340442 0.891033
vt 0.328746 0.891033
vt 0.328865 0.890933
vt 0.328846 0.891033
vt 0.075418 0.891022
vt 0.075318 0.891039
vt 0.075300 0.890933
vt 0.050850 0.891031
vt 0.050750 0.891035
vt 0.050731 0.890933
vt 0.057286 0.891033
vt 0.057186 0.891033
vt 0.057249 0.890933
vt 0.054850 0.972042
vt 0.054950 0.972042
vt 0.054887 0.972142
vt 0.067722 0.891039
vt 0.067622 0.891022
vt 0.067742 0.890934
vt 0.061286 0.891033
vt 0.061326 0.890933
vt 0.061386 0.891033
vt 0.043173 0.890934
vt 0.043154 0.891035
vt 0.043054 0.891031
vt 0.651149 0.984133
vt 0.651049 0.984193
vt 0.651049 0.984093
vt 0.972141 0.241233
vt 0.972137 0.241318
vt 0.972022 0.241347
vt 0.582101 0.984093
vt 0.582101 0.984213
vt 0.582014 0.984154
vt 0.972142 0.278152
vt 0.972145 0.278237
vt 0.972022 0.278266
vt 0.972148 0.288623
vt 0.972146 0.288709
vt 0.972025 0.288595
vt 0.642964 0.984127
vt 0.642865 0.984198
vt 0.642865 0.984093
vt 0.638785 0.984199
vt 0.638785 0.984093
vt 0.638865 0.984175
vt 0.647049 0.984093
vt 0.646996 0.984195
vt 0.646964 0.984093
vt 0.972023 0.251676
vt 0.972137 0.251705
vt 0.972143 0.251790
vt 0.972022 0.698307
vt 0.972126 0.698306
vt 0.972122 0.698406
vt 0.972122 0.698000
vt 0.972126 0.698100
vt 0.972022 0.698100
vt 0.508054 0.984299
vt 0.508054 0.984399
vt 0.507954 0.984299
vt 0.477740 0.984193
vt 0.477838 0.984093
vt 0.477859 0.984193
vt 0.978744 0.671970
vt 0.978744 0.671870
vt 0.978844 0.671870
vt 0.972121 0.763491
vt 0.972137 0.763591
vt 0.972022 0.763591
vt 0.972022 0.763797
vt 0.972137 0.763797
vt 0.972121 0.763897
vt 0.477838 0.984499
vt 0.477740 0.984399
vt 0.477859 0.984399
vt 0.512360 0.984399
vt 0.512260 0.984299
vt 0.512360 0.984299
vt 0.473539 0.984193
vt 0.473420 0.984193
vt 0.473517 0.984093
vt 0.978844 0.667464
vt 0.978744 0.667564
vt 0.978744 0.667464
vt 0.972122 0.702407
vt 0.972126 0.702506
vt 0.972022 0.702507
vt 0.972022 0.754779
vt 0.972121 0.754679
vt 0.972137 0.754779
vt 0.972137 0.754985
vt 0.972121 0.755085
vt 0.972022 0.754985
vt 0.972126 0.702713
vt 0.972122 0.702813
vt 0.972022 0.702713
vt 0.473517 0.984499
vt 0.473420 0.984399
vt 0.473539 0.984399
vt 0.972022 0.707119
vt 0.972126 0.707119
vt 0.972122 0.707219
vt 0.482179 0.984193
vt 0.482060 0.984193
vt 0.482158 0.984093
vt 0.972022 0.767997
vt 0.972121 0.767897
vt 0.972137 0.767997
vt 0.972137 0.768203
vt 0.972121 0.768303
vt 0.972022 0.768203
vt 0.978844 0.680682
vt 0.978744 0.680782
vt 0.978744 0.680683
vt 0.972022 0.706913
vt 0.972122 0.706813
vt 0.972126 0.706912
vt 0.499442 0.984299
vt 0.499442 0.984399
vt 0.499342 0.984299
vt 0.482179 0.984399
vt 0.482158 0.984499
vt 0.482060 0.984399
vt 0.978744 0.685188
vt 0.978744 0.685089
vt 0.978844 0.685088
vt 0.516666 0.984299
vt 0.516666 0.984399
vt 0.516566 0.984299
vt 0.486478 0.984499
vt 0.486381 0.984399
vt 0.486500 0.984399
vt 0.486500 0.984193
vt 0.486381 0.984193
vt 0.486478 0.984093
vt 0.972121 0.750273
vt 0.972137 0.750373
vt 0.972022 0.750373
vt 0.972122 0.711219
vt 0.972126 0.711318
vt 0.972022 0.711319
vt 0.972137 0.750579
vt 0.972121 0.750679
vt 0.972022 0.750579
vt 0.972122 0.711625
vt 0.972022 0.711525
vt 0.972126 0.711525
vt 0.490799 0.984093
vt 0.490820 0.984193
vt 0.490701 0.984193
vt 0.972122 0.693594
vt 0.972126 0.693694
vt 0.972022 0.693694
vt 0.490820 0.984399
vt 0.490799 0.984499
vt 0.490701 0.984399
vt 0.972137 0.746173
vt 0.972121 0.746273
vt 0.972022 0.746173
vt 0.978744 0.689594
vt 0.978744 0.689495
vt 0.978844 0.689494
vt 0.972121 0.745867
vt 0.972137 0.745967
vt 0.972022 0.745967
vt 0.520972 0.984299
vt 0.520972 0.984399
vt 0.520872 0.984299
vt 0.972022 0.693901
vt 0.972126 0.693900
vt 0.972122 0.694001
vt 0.972022 0.759185
vt 0.972121 0.759085
vt 0.972138 0.759185
vt 0.503748 0.984399
vt 0.503648 0.984299
vt 0.503748 0.984299
vt 0.495119 0.984499
vt 0.495021 0.984399
vt 0.495140 0.984399
vt 0.495140 0.984193
vt 0.495021 0.984193
vt 0.495119 0.984093
vt 0.972138 0.759391
vt 0.972121 0.759491
vt 0.972022 0.759391
vt 0.978844 0.676276
vt 0.978744 0.676376
vt 0.978744 0.676276
vt 0.972122 0.715625
vt 0.972126 0.715724
vt 0.972022 0.715725
vt 0.972122 0.716031
vt 0.972022 0.715931
vt 0.972126 0.715931
vt 0.972022 0.873167
vt 0.972140 0.873124
vt 0.972122 0.873224
vt 0.972022 0.878068
vt 0.972123 0.877984
vt 0.972140 0.878088
vt 0.972139 0.873612
vt 0.972022 0.873572
vt 0.972122 0.873512
vt 0.977769 0.873512
vt 0.977869 0.873569
vt 0.977751 0.873612
vt 0.277607 0.984210
vt 0.277568 0.984119
vt 0.277669 0.984093
vt 0.273227 0.985563
vt 0.273126 0.985534
vt 0.273163 0.985445
vt 0.977752 0.873124
vt 0.977869 0.873164
vt 0.977769 0.873224
vt 0.977770 0.877983
vt 0.977869 0.878065
vt 0.977752 0.878087
vt 0.298560 0.984111
vt 0.298467 0.984216
vt 0.298543 0.984093
vt 0.618606 0.984210
vt 0.618606 0.984093
vt 0.618627 0.984094
vt 0.297516 0.984216
vt 0.297423 0.984108
vt 0.297436 0.984093
vt 0.561780 0.984217
vt 0.561780 0.984093
vt 0.561805 0.984217
vt 0.545579 0.984093
vt 0.545579 0.984222
vt 0.545559 0.984097
vt 0.288286 0.984111
vt 0.288193 0.984203
vt 0.288269 0.984093
vt 0.634785 0.984205
vt 0.634760 0.984208
vt 0.634760 0.984093
vt 0.287162 0.984093
vt 0.287242 0.984203
vt 0.287149 0.984108
vt 0.293423 0.984111
vt 0.293330 0.984216
vt 0.293406 0.984093
vt 0.630760 0.984205
vt 0.630735 0.984208
vt 0.630735 0.984093
vt 0.283149 0.984111
vt 0.283056 0.984203
vt 0.283132 0.984093
vt 0.541559 0.984222
vt 0.541539 0.984097
vt 0.541559 0.984093
vt 0.553683 0.984220
vt 0.553658 0.984215
vt 0.553683 0.984093
vt 0.622627 0.984210
vt 0.622627 0.984093
vt 0.622647 0.984094
vt 0.292379 0.984216
vt 0.292286 0.984108
vt 0.292299 0.984093
vt 0.282025 0.984093
vt 0.282105 0.984203
vt 0.282012 0.984108
vt 0.315461 0.396001
vt 0.315561 0.396122
vt 0.315461 0.396116
vt 0.309814 0.396118
vt 0.309714 0.396124
vt 0.309813 0.396002
vt 0.297328 0.396119
vt 0.297228 0.396105
vt 0.297228 0.396001
vt 0.335254 0.570429
vt 0.335155 0.570494
vt 0.335155 0.570375
vt 0.325308 0.396001
vt 0.325408 0.396069
vt 0.325308 0.396101
vt 0.291581 0.396001
vt 0.291581 0.396105
vt 0.291481 0.396120
vt 0.319661 0.396101
vt 0.319561 0.396070
vt 0.319661 0.396001
vt 0.329508 0.570372
vt 0.329508 0.570491
vt 0.329408 0.570428
vt 0.305714 0.396090
vt 0.305614 0.396107
vt 0.305594 0.396001
vt 0.287481 0.396098
vt 0.287381 0.396102
vt 0.287362 0.396001
vt 0.626647 0.984206
vt 0.626647 0.984093
vt 0.626735 0.984140
vt 0.301428 0.396107
vt 0.301328 0.396091
vt 0.301449 0.396001
vt 0.273472 0.396101
vt 0.273527 0.396001
vt 0.273572 0.396101
vt 0.271948 0.704493
vt 0.272047 0.704493
vt 0.271992 0.704593
vt 0.277619 0.396001
vt 0.277672 0.396101
vt 0.277572 0.396101
vt 0.283217 0.396001
vt 0.283196 0.396103
vt 0.283096 0.396099
vt 0.009360 0.978996
vt 0.009248 0.978900
vt 0.009348 0.978883
vt 0.004312 0.790003
vt 0.004212 0.790003
vt 0.004296 0.789903
vt 0.183095 0.984207
vt 0.182991 0.984195
vt 0.183089 0.984095
vt 0.005248 0.891033
vt 0.005149 0.891037
vt 0.005137 0.890933
vt 0.012397 0.978883
vt 0.012497 0.978900
vt 0.012385 0.978996
vt 0.019992 0.879116
vt 0.019908 0.879016
vt 0.020008 0.879016
vt 0.002000 0.891033
vt 0.002112 0.890934
vt 0.002100 0.891037
vt 0.183088 0.987343
vt 0.182991 0.987243
vt 0.183095 0.987232
vt 0.044862 0.789702
vt 0.044879 0.789820
vt 0.044779 0.789802
vt 0.019320 0.978024
vt 0.019420 0.978014
vt 0.019406 0.978145
vt 0.972053 0.076325
vt 0.972148 0.076338
vt 0.972022 0.076425
vt 0.972023 0.079148
vt 0.972148 0.079231
vt 0.972050 0.079248
vt 0.044879 0.878914
vt 0.044865 0.879031
vt 0.044779 0.878931
vt 0.016513 0.978142
vt 0.016497 0.978010
vt 0.016597 0.978021
vt 0.041955 0.789819
vt 0.041969 0.789702
vt 0.042055 0.789802
vt 0.042055 0.878931
vt 0.041972 0.879031
vt 0.041955 0.878913
vt 0.095341 0.891033
vt 0.095439 0.890933
vt 0.095456 0.891033
vt 0.127065 0.970743
vt 0.126965 0.970643
vt 0.127065 0.970643
vt 0.079418 0.970743
vt 0.079522 0.970742
vt 0.079518 0.970842
vt 0.111302 0.891034
vt 0.111183 0.891034
vt 0.111281 0.890933
vt 0.072582 0.988053
vt 0.072582 0.988153
vt 0.072482 0.988053
vt 0.079518 0.890933
vt 0.079522 0.891033
vt 0.079418 0.891033
vt 0.095341 0.970743
vt 0.095456 0.970742
vt 0.095439 0.970842
vt 0.111281 0.970842
vt 0.111183 0.970742
vt 0.111302 0.970742
vt 0.800769 0.890933
vt 0.800739 0.891052
vt 0.800666 0.891053
vt 0.663396 0.984110
vt 0.663314 0.984191
vt 0.663314 0.984093
vt 0.614537 0.984208
vt 0.614537 0.984093
vt 0.614606 0.984161
vt 0.655232 0.984093
vt 0.655232 0.984191
vt 0.655149 0.984174
vt 0.675647 0.984093
vt 0.675630 0.984188
vt 0.675563 0.984093
vt 0.671480 0.984188
vt 0.671497 0.984093
vt 0.671563 0.984188
vt 0.800667 0.917611
vt 0.800741 0.917614
vt 0.800770 0.917732
vt 0.782192 0.917614
vt 0.782233 0.917732
vt 0.782124 0.917612
vt 0.980778 0.511684
vt 0.980766 0.511584
vt 0.980866 0.511584
vt 0.980856 0.502774
vt 0.980955 0.502795
vt 0.980867 0.502894
vt 0.972121 0.340441
vt 0.972023 0.340341
vt 0.972147 0.340352
vt 0.972122 0.292709
vt 0.972136 0.292797
vt 0.972022 0.292809
vt 0.972023 0.301542
vt 0.972136 0.301553
vt 0.972122 0.301642
vt 0.972123 0.502774
vt 0.972111 0.502894
vt 0.972022 0.502795
vt 0.982967 0.344828
vt 0.983067 0.344828
vt 0.982958 0.344928
vt 0.972147 0.331596
vt 0.972022 0.331608
vt 0.972121 0.331508
vt 0.972124 0.384672
vt 0.972022 0.384634
vt 0.972122 0.384525
vt 0.972023 0.385131
vt 0.972124 0.385040
vt 0.972123 0.385193
vt 0.972120 0.413178
vt 0.972022 0.413134
vt 0.972116 0.413016
vt 0.972022 0.427061
vt 0.972105 0.427004
vt 0.972092 0.427173
vt 0.982333 0.413016
vt 0.982436 0.413045
vt 0.982337 0.413178
vt 0.972103 0.447138
vt 0.972022 0.447018
vt 0.972158 0.447052
vt 0.982343 0.412517
vt 0.982440 0.412665
vt 0.982336 0.412652
vt 0.408251 0.984093
vt 0.408424 0.984093
vt 0.408337 0.984210
vt 0.972228 0.446560
vt 0.972226 0.446733
vt 0.972115 0.446586
vt 0.982358 0.385193
vt 0.982359 0.385040
vt 0.982459 0.385039
vt 0.981700 0.427120
vt 0.981713 0.426951
vt 0.981822 0.427050
vt 0.982458 0.384654
vt 0.982359 0.384672
vt 0.982358 0.384525
vt 0.321181 0.984093
vt 0.321354 0.984093
vt 0.321266 0.984179
vt 0.972122 0.586974
vt 0.972122 0.587137
vt 0.972022 0.587093
vt 0.972022 0.549231
vt 0.972122 0.549175
vt 0.972121 0.549344
vt 0.980532 0.586611
vt 0.980532 0.586478
vt 0.980632 0.586625
vt 0.980531 0.586974
vt 0.980632 0.587004
vt 0.980532 0.587137
vt 0.972126 0.530149
vt 0.972026 0.530003
vt 0.972126 0.529976
vt 0.980535 0.529976
vt 0.980633 0.530062
vt 0.980535 0.530149
vt 0.980532 0.563671
vt 0.980632 0.563669
vt 0.980532 0.563824
vt 0.972022 0.563761
vt 0.972122 0.563671
vt 0.972122 0.563824
vt 0.980632 0.563285
vt 0.980532 0.563303
vt 0.980532 0.563156
vt 0.972122 0.563156
vt 0.972122 0.563303
vt 0.972022 0.563264
vt 0.980531 0.549175
vt 0.980631 0.549274
vt 0.980530 0.549344
vt 0.154942 0.987836
vt 0.154842 0.987948
vt 0.154930 0.987822
vt 0.154411 0.987797
vt 0.154437 0.987656
vt 0.154463 0.987658
vt 0.370043 0.984746
vt 0.370031 0.984769
vt 0.369898 0.984693
vt 0.972134 0.926430
vt 0.972134 0.926453
vt 0.972022 0.926542
vt 0.370043 0.984233
vt 0.369898 0.984219
vt 0.370033 0.984213
vt 0.153971 0.987824
vt 0.154077 0.987916
vt 0.153957 0.987837
vt 0.983643 0.980009
vt 0.983630 0.979995
vt 0.983786 0.979949
vt 0.369542 0.985004
vt 0.369645 0.985106
vt 0.369623 0.985108
vt 0.976606 0.931594
vt 0.976605 0.931569
vt 0.976731 0.931530
vt 0.418305 0.984472
vt 0.418454 0.984445
vt 0.418463 0.984468
vt 0.983465 0.979503
vt 0.983632 0.979517
vt 0.983464 0.979529
vt 0.418012 0.984227
vt 0.418022 0.984093
vt 0.418044 0.984101
vt 0.972022 0.969016
vt 0.972143 0.969078
vt 0.972140 0.969131
vt 0.972022 0.967297
vt 0.972141 0.967182
vt 0.972142 0.967238
vt 0.569909 0.984133
vt 0.569857 0.984215
vt 0.569857 0.984093
vt 0.976290 0.974975
vt 0.976409 0.974933
vt 0.976290 0.975036
vt 0.976287 0.967236
vt 0.976289 0.967182
vt 0.976407 0.967298
vt 0.972145 0.974976
vt 0.972143 0.975036
vt 0.972024 0.974932
vt 0.590154 0.984093
vt 0.590207 0.984176
vt 0.590154 0.984215
vt 0.976288 0.969131
vt 0.976288 0.969076
vt 0.976407 0.969017
vt 0.398687 0.985059
vt 0.398514 0.985055
vt 0.398662 0.984972
vt 0.972140 0.432434
vt 0.972055 0.432326
vt 0.972187 0.432316
vt 0.981574 0.456349
vt 0.981699 0.456435
vt 0.981574 0.456522
vt 0.982357 0.394529
vt 0.982356 0.394376
vt 0.982457 0.394375
vt 0.972112 0.431851
vt 0.972217 0.431795
vt 0.972229 0.431964
vt 0.398199 0.984875
vt 0.398116 0.984733
vt 0.398235 0.984729
vt 0.972124 0.403857
vt 0.972022 0.403813
vt 0.972128 0.403696
vt 0.982344 0.403332
vt 0.982337 0.403197
vt 0.982440 0.403345
vt 0.982347 0.403696
vt 0.982443 0.403725
vt 0.982343 0.403857
vt 0.972022 0.394467
vt 0.972121 0.394376
vt 0.972122 0.394529
vt 0.982358 0.393861
vt 0.982457 0.393990
vt 0.982356 0.394008
vt 0.427811 0.985015
vt 0.427638 0.985015
vt 0.427725 0.984918
vt 0.972022 0.573097
vt 0.972122 0.573007
vt 0.972122 0.573160
vt 0.972022 0.539625
vt 0.972121 0.539599
vt 0.972121 0.539772
vt 0.972122 0.572492
vt 0.972122 0.572638
vt 0.972022 0.572600
vt 0.330907 0.984093
vt 0.331080 0.984093
vt 0.330995 0.984181
vt 0.980532 0.573007
vt 0.980632 0.573005
vt 0.980532 0.573160
vt 0.980536 0.520344
vt 0.980635 0.520442
vt 0.980537 0.520513
vt 0.972122 0.577657
vt 0.972122 0.577819
vt 0.972022 0.577775
vt 0.980532 0.577819
vt 0.980532 0.577657
vt 0.980632 0.577687
vt 0.980529 0.539772
vt 0.980529 0.539599
vt 0.980631 0.539685
vt 0.980532 0.577160
vt 0.980632 0.577307
vt 0.980532 0.577293
vt 0.972028 0.520400
vt 0.972129 0.520344
vt 0.972130 0.520513
vt 0.980532 0.572638
vt 0.980532 0.572492
vt 0.980632 0.572621
vt 0.144872 0.984125
vt 0.144972 0.984211
vt 0.144958 0.984224
vt 0.379580 0.985007
vt 0.379450 0.984952
vt 0.379593 0.984989
vt 0.379235 0.984100
vt 0.379206 0.984226
vt 0.379214 0.984093
vt 0.139973 0.984234
vt 0.139926 0.984093
vt 0.139988 0.984221
vt 0.379615 0.984478
vt 0.379471 0.984479
vt 0.379607 0.984453
vt 0.139481 0.984399
vt 0.139495 0.984246
vt 0.139507 0.984400
vt 0.972146 0.940732
vt 0.972144 0.940755
vt 0.972028 0.940648
vt 0.972022 0.940266
vt 0.972137 0.940175
vt 0.972138 0.940197
vt 0.144492 0.984392
vt 0.144466 0.984391
vt 0.144540 0.984245
vt 0.143999 0.984227
vt 0.143988 0.984212
vt 0.144107 0.984093
vt 0.364516 0.984832
vt 0.364508 0.984808
vt 0.364670 0.984755
vt 0.364508 0.984273
vt 0.364519 0.984252
vt 0.364670 0.984258
vt 0.578014 0.984133
vt 0.577962 0.984215
vt 0.577962 0.984093
vt 0.594207 0.984093
vt 0.594260 0.984176
vt 0.594207 0.984215
vt 0.002062 0.988360
vt 0.002103 0.988480
vt 0.002000 0.988361
vt 0.002060 0.984216
vt 0.002000 0.984213
vt 0.002104 0.984095
vt 0.972022 0.951169
vt 0.972143 0.951231
vt 0.972141 0.951284
vt 0.976287 0.949389
vt 0.976289 0.949335
vt 0.976408 0.949451
vt 0.976288 0.951284
vt 0.976288 0.951229
vt 0.976408 0.951170
vt 0.972022 0.949450
vt 0.972141 0.949335
vt 0.972142 0.949391
vt 0.972049 0.895010
vt 0.972138 0.895110
vt 0.972022 0.895110
vt 0.995632 0.058233
vt 0.995622 0.058133
vt 0.995751 0.058233
vt 0.972126 0.886504
vt 0.972049 0.886604
vt 0.972022 0.886504
vt 0.995750 0.058440
vt 0.995620 0.058539
vt 0.995631 0.058439
vt 0.972022 0.895316
vt 0.972138 0.895316
vt 0.972046 0.895416
vt 0.972022 0.886298
vt 0.972052 0.886198
vt 0.972126 0.886298
vt 0.972122 0.045015
vt 0.972022 0.045015
vt 0.972139 0.044915
vt 0.972122 0.045221
vt 0.972139 0.045321
vt 0.972022 0.045221
vt 0.030125 0.789801
vt 0.030142 0.789920
vt 0.030042 0.789901
vt 0.027319 0.789901
vt 0.027219 0.789919
vt 0.027232 0.789801
vt 0.026344 0.978014
vt 0.026329 0.978145
vt 0.026244 0.978024
vt 0.027236 0.879131
vt 0.027219 0.879013
vt 0.027319 0.879031
vt 0.972022 0.083348
vt 0.972053 0.083248
vt 0.972148 0.083262
vt 0.023420 0.978010
vt 0.023520 0.978021
vt 0.023437 0.978142
vt 0.030142 0.879013
vt 0.030128 0.879131
vt 0.030042 0.879031
vt 0.972050 0.086172
vt 0.972023 0.086072
vt 0.972148 0.086154
vt 0.103360 0.890933
vt 0.103377 0.891033
vt 0.103262 0.891033
vt 0.119193 0.970742
vt 0.119172 0.970842
vt 0.119074 0.970742
vt 0.119074 0.891034
vt 0.119172 0.890933
vt 0.119193 0.891034
vt 0.103262 0.970743
vt 0.103377 0.970742
vt 0.103360 0.970842
vt 0.087479 0.890933
vt 0.087483 0.891033
vt 0.087380 0.891033
vt 0.080542 0.988053
vt 0.080642 0.988053
vt 0.080642 0.988153
vt 0.135026 0.970643
vt 0.135026 0.970743
vt 0.134926 0.970643
vt 0.087483 0.970742
vt 0.087479 0.970842
vt 0.087380 0.970743
vt 0.659232 0.984093
vt 0.659314 0.984110
vt 0.659232 0.984191
vt 0.606398 0.984093
vt 0.606467 0.984141
vt 0.606398 0.984209
vt 0.679647 0.984093
vt 0.679731 0.984093
vt 0.679714 0.984188
vt 0.667396 0.984189
vt 0.667460 0.984093
vt 0.667480 0.984189
vt 0.819077 0.891053
vt 0.819180 0.890933
vt 0.819150 0.891052
vt 0.819151 0.917614
vt 0.819181 0.917732
vt 0.819078 0.917611
vt 0.763581 0.917612
vt 0.763649 0.917614
vt 0.763690 0.917732
vt 0.610467 0.984208
vt 0.610467 0.984093
vt 0.610537 0.984161
vt 0.972122 0.305642
vt 0.972135 0.305730
vt 0.972022 0.305742
vt 0.972111 0.507296
vt 0.972022 0.507197
vt 0.972123 0.507175
vt 0.972121 0.318575
vt 0.972147 0.318663
vt 0.972022 0.318675
vt 0.980856 0.507175
vt 0.980955 0.507197
vt 0.980867 0.507296
vt 0.982958 0.349415
vt 0.982967 0.349316
vt 0.983066 0.349315
vt 0.972147 0.327419
vt 0.972121 0.327508
vt 0.972023 0.327408
vt 0.980866 0.515971
vt 0.980778 0.516071
vt 0.980766 0.515971
vt 0.972135 0.314486
vt 0.972122 0.314575
vt 0.972023 0.314475
vt 0.981713 0.422107
vt 0.981822 0.422206
vt 0.981700 0.422276
vt 0.413288 0.984093
vt 0.413202 0.984210
vt 0.413115 0.984093
vt 0.972022 0.422218
vt 0.972105 0.422160
vt 0.972092 0.422329
vt 0.982436 0.417706
vt 0.982337 0.417838
vt 0.982333 0.417676
vt 0.972116 0.417676
vt 0.972120 0.417838
vt 0.972022 0.417794
vt 0.972103 0.442241
vt 0.972022 0.442121
vt 0.972158 0.442154
vt 0.982343 0.417178
vt 0.982440 0.417325
vt 0.982336 0.417312
vt 0.972123 0.389861
vt 0.972023 0.389799
vt 0.972124 0.389708
vt 0.982359 0.389708
vt 0.982459 0.389707
vt 0.982358 0.389861
vt 0.972115 0.441688
vt 0.972228 0.441663
vt 0.972226 0.441836
vt 0.972122 0.389193
vt 0.972124 0.389340
vt 0.972022 0.389302
vt 0.982359 0.389340
vt 0.982358 0.389193
vt 0.982458 0.389322
vt 0.972126 0.534787
vt 0.972126 0.534960
vt 0.972026 0.534814
vt 0.972122 0.591796
vt 0.972022 0.591752
vt 0.972122 0.591633
vt 0.980530 0.554137
vt 0.980531 0.553968
vt 0.980631 0.554067
vt 0.980532 0.558488
vt 0.980632 0.558617
vt 0.980532 0.558635
vt 0.980531 0.591633
vt 0.980632 0.591663
vt 0.980532 0.591796
vt 0.335774 0.984093
vt 0.335948 0.984093
vt 0.335859 0.984179
vt 0.980532 0.591137
vt 0.980632 0.591284
vt 0.980532 0.591270
vt 0.980535 0.534960
vt 0.980535 0.534787
vt 0.980633 0.534874
vt 0.980532 0.559156
vt 0.980532 0.559003
vt 0.980632 0.559002
vt 0.972022 0.559094
vt 0.972122 0.559003
vt 0.972122 0.559156
vt 0.972122 0.558488
vt 0.972122 0.558635
vt 0.972022 0.558597
vt 0.972121 0.554137
vt 0.972022 0.554024
vt 0.972122 0.553968
vt 0.159915 0.987822
vt 0.159926 0.987836
vt 0.159827 0.987948
vt 0.158942 0.987837
vt 0.158956 0.987824
vt 0.159062 0.987916
vt 0.374808 0.984769
vt 0.374675 0.984693
vt 0.374820 0.984746
vt 0.159395 0.987797
vt 0.159422 0.987656
vt 0.159448 0.987658
vt 0.976606 0.936174
vt 0.976605 0.936150
vt 0.976731 0.936110
vt 0.374422 0.985106
vt 0.374401 0.985108
vt 0.374319 0.985004
vt 0.975583 0.979503
vt 0.975750 0.979517
vt 0.975582 0.979529
vt 0.975761 0.980009
vt 0.975748 0.979995
vt 0.975904 0.979949
vt 0.972134 0.921870
vt 0.972022 0.921959
vt 0.972134 0.921847
vt 0.423135 0.984472
vt 0.423283 0.984445
vt 0.423293 0.984468
vt 0.422842 0.984227
vt 0.422851 0.984093
vt 0.422873 0.984101
vt 0.374811 0.984213
vt 0.374820 0.984233
vt 0.374676 0.984219
vt 0.573909 0.984215
vt 0.573909 0.984093
vt 0.573962 0.984133
vt 0.007905 0.984213
vt 0.008009 0.984095
vt 0.007965 0.984215
vt 0.007966 0.988360
vt 0.008008 0.988480
vt 0.007905 0.988361
vt 0.972022 0.955399
vt 0.972141 0.955284
vt 0.972142 0.955340
vt 0.976289 0.955284
vt 0.976408 0.955400
vt 0.976287 0.955338
vt 0.972141 0.957233
vt 0.972022 0.957118
vt 0.972143 0.957180
vt 0.976288 0.957178
vt 0.976408 0.957119
vt 0.976288 0.957233
vt 0.598313 0.984176
vt 0.598260 0.984215
vt 0.598260 0.984093
vt 0.972112 0.436760
vt 0.972217 0.436704
vt 0.972229 0.436873
vt 0.432503 0.985015
vt 0.432590 0.984918
vt 0.432676 0.985015
vt 0.982356 0.399044
vt 0.982457 0.399043
vt 0.982357 0.399197
vt 0.982356 0.398676
vt 0.982358 0.398529
vt 0.982457 0.398658
vt 0.982343 0.408517
vt 0.982347 0.408356
vt 0.982444 0.408385
vt 0.972128 0.408356
vt 0.972125 0.408517
vt 0.972022 0.408473
vt 0.403094 0.984875
vt 0.403010 0.984733
vt 0.403130 0.984729
vt 0.403557 0.984972
vt 0.403582 0.985059
vt 0.403408 0.985055
vt 0.981574 0.451484
vt 0.981699 0.451570
vt 0.981574 0.451657
vt 0.982344 0.407992
vt 0.982337 0.407857
vt 0.982440 0.408005
vt 0.972022 0.399135
vt 0.972121 0.399044
vt 0.972122 0.399197
vt 0.972187 0.437225
vt 0.972140 0.437343
vt 0.972055 0.437235
vt 0.972028 0.525193
vt 0.972129 0.525136
vt 0.972130 0.525306
vt 0.980635 0.525235
vt 0.980537 0.525306
vt 0.980536 0.525136
vt 0.980632 0.582346
vt 0.980532 0.582478
vt 0.980532 0.582315
vt 0.980532 0.581819
vt 0.980632 0.581966
vt 0.980532 0.581952
vt 0.980532 0.568492
vt 0.980532 0.568339
vt 0.980632 0.568337
vt 0.980532 0.567824
vt 0.980632 0.567953
vt 0.980532 0.567971
vt 0.972122 0.582478
vt 0.972022 0.582434
vt 0.972122 0.582315
vt 0.972121 0.544583
vt 0.972022 0.544437
vt 0.972121 0.544410
vt 0.980529 0.544410
vt 0.980631 0.544497
vt 0.980529 0.544583
vt 0.326042 0.984093
vt 0.326215 0.984093
vt 0.326130 0.984181
vt 0.972022 0.568429
vt 0.972122 0.568339
vt 0.972122 0.568492
vt 0.972122 0.567971
vt 0.972022 0.567932
vt 0.972122 0.567824
vt 0.384375 0.985007
vt 0.384245 0.984952
vt 0.384388 0.984989
vt 0.149857 0.984125
vt 0.149957 0.984211
vt 0.149943 0.984224
vt 0.148984 0.984226
vt 0.148972 0.984212
vt 0.149091 0.984093
vt 0.384010 0.984093
vt 0.384030 0.984100
vt 0.384001 0.984226
vt 0.359751 0.984808
vt 0.359912 0.984755
vt 0.359759 0.984832
vt 0.988092 0.979543
vt 0.987939 0.979529
vt 0.988093 0.979517
vt 0.359762 0.984252
vt 0.359913 0.984258
vt 0.359751 0.984273
vt 0.972137 0.944755
vt 0.972138 0.944777
vt 0.972022 0.944846
vt 0.384266 0.984479
vt 0.384402 0.984453
vt 0.384410 0.984478
vt 0.972146 0.945313
vt 0.972144 0.945335
vt 0.972028 0.945229
vt 0.149525 0.984245
vt 0.149477 0.984392
vt 0.149451 0.984391
vt 0.987914 0.979036
vt 0.987927 0.979051
vt 0.987786 0.979098
vt 0.976288 0.963127
vt 0.976408 0.963068
vt 0.976288 0.963182
vt 0.565805 0.984215
vt 0.565805 0.984093
vt 0.565857 0.984133
vt 0.013810 0.984213
vt 0.013914 0.984095
vt 0.013870 0.984215
vt 0.013871 0.988360
vt 0.013913 0.988480
vt 0.013810 0.988361
vt 0.972022 0.961348
vt 0.972141 0.961233
vt 0.972142 0.961289
vt 0.972141 0.963182
vt 0.972022 0.963067
vt 0.972143 0.963129
vt 0.976289 0.961233
vt 0.976408 0.961349
vt 0.976287 0.961287
vt 0.586154 0.984176
vt 0.586101 0.984215
vt 0.586101 0.984093
vt 0.972139 0.049321
vt 0.972122 0.049421
vt 0.972022 0.049421
vt 0.972022 0.049627
vt 0.972122 0.049627
vt 0.972138 0.049727
vt 0.972046 0.899822
vt 0.972022 0.899722
vt 0.972138 0.899722
vt 0.995631 0.054033
vt 0.995750 0.054034
vt 0.995621 0.054133
vt 0.995632 0.053827
vt 0.995622 0.053727
vt 0.995751 0.053827
vt 0.972052 0.890604
vt 0.972126 0.890704
vt 0.972022 0.890704
vt 0.972022 0.890910
vt 0.972126 0.890910
vt 0.972049 0.891010
vt 0.972022 0.899516
vt 0.972049 0.899416
vt 0.972138 0.899516
vt 0.890598 0.264144
vt 0.890778 0.264143
vt 0.890624 0.264243
vt 0.322606 0.690528
vt 0.322612 0.690628
vt 0.322476 0.690528
vt 0.332455 0.686462
vt 0.332435 0.686562
vt 0.332320 0.686462
vt 0.255860 0.708694
vt 0.256020 0.708594
vt 0.256011 0.708694
vt 0.323915 0.578659
vt 0.324007 0.578560
vt 0.324099 0.578659
vt 0.889204 0.152276
vt 0.889049 0.152276
vt 0.889128 0.152175
vt 0.323929 0.690627
vt 0.323915 0.690527
vt 0.324099 0.690527
vt 0.257392 0.820561
vt 0.257574 0.820561
vt 0.257517 0.820661
vt 0.322606 0.578660
vt 0.322476 0.578661
vt 0.322512 0.578561
vt 0.257574 0.708694
vt 0.257392 0.708694
vt 0.257546 0.708594
vt 0.114078 0.987994
vt 0.114126 0.987870
vt 0.114248 0.987924
vt 0.889049 0.264142
vt 0.889204 0.264142
vt 0.889085 0.264242
vt 0.890598 0.152277
vt 0.890667 0.152177
vt 0.890778 0.152277
vt 0.333785 0.574593
vt 0.333806 0.574493
vt 0.333969 0.574593
vt 0.333954 0.686561
vt 0.333785 0.686461
vt 0.333969 0.686461
vt 0.332470 0.574494
vt 0.332455 0.574594
vt 0.332320 0.574594
vt 0.549056 0.891033
vt 0.549156 0.890934
vt 0.549133 0.891064
vt 0.582191 0.931538
vt 0.582191 0.931438
vt 0.582291 0.931422
vt 0.963495 0.917578
vt 0.963395 0.917655
vt 0.963395 0.917555
vt 0.575754 0.890933
vt 0.575854 0.891032
vt 0.575778 0.891064
vt 0.954752 0.891011
vt 0.954853 0.890933
vt 0.954874 0.891034
vt 0.954874 0.917633
vt 0.954853 0.917732
vt 0.954751 0.917656
vt 0.961059 0.917579
vt 0.961159 0.917555
vt 0.961159 0.917655
vt 0.579954 0.931438
vt 0.579954 0.931538
vt 0.579854 0.931423
vt 0.278886 0.890933
vt 0.278986 0.891020
vt 0.278886 0.891049
vt 0.012010 0.790010
vt 0.012110 0.789901
vt 0.012110 0.790001
vt 0.272549 0.891023
vt 0.272449 0.891037
vt 0.272449 0.890933
vt 0.270113 0.891022
vt 0.270213 0.890933
vt 0.270213 0.891037
vt 0.014346 0.790001
vt 0.014346 0.789901
vt 0.014446 0.790010
vt 0.030444 0.978021
vt 0.030444 0.978140
vt 0.030344 0.978031
vt 0.276649 0.890933
vt 0.276649 0.891049
vt 0.276549 0.891020
vt 0.032680 0.978024
vt 0.032780 0.978034
vt 0.032680 0.978143
vt 0.252468 0.891033
vt 0.252368 0.891050
vt 0.252383 0.890934
vt 0.257140 0.891033
vt 0.257229 0.890933
vt 0.257241 0.891050
vt 0.266101 0.890933
vt 0.266113 0.891050
vt 0.266013 0.891033
vt 0.261252 0.964021
vt 0.261241 0.963905
vt 0.261340 0.963921
vt 0.266013 0.963921
vt 0.266113 0.963904
vt 0.266098 0.964021
vt 0.252368 0.963905
vt 0.252468 0.963921
vt 0.252380 0.964021
vt 0.257140 0.963921
vt 0.257241 0.963904
vt 0.257225 0.964021
vt 0.261256 0.890933
vt 0.261340 0.891033
vt 0.261241 0.891050
vt 0.979331 0.633017
vt 0.979317 0.633117
vt 0.979212 0.633074
vt 0.294363 0.947580
vt 0.294303 0.947679
vt 0.294263 0.947569
vt 0.972036 0.630680
vt 0.972141 0.630723
vt 0.972022 0.630780
vt 0.972042 0.639479
vt 0.972024 0.639379
vt 0.972144 0.639417
vt 0.300741 0.890933
vt 0.300799 0.891033
vt 0.300699 0.891044
vt 0.972142 0.633077
vt 0.972040 0.633117
vt 0.972022 0.633017
vt 0.979331 0.630780
vt 0.979211 0.630720
vt 0.979313 0.630680
vt 0.979333 0.639382
vt 0.979318 0.639482
vt 0.979214 0.639417
vt 0.219057 0.984093
vt 0.218338 0.984217
vt 0.218387 0.984093
vt 0.665016 0.927482
vt 0.665064 0.927363
vt 0.421765 0.891033
vt 0.421865 0.891051
vt 0.002100 0.980093
vt 0.972132 0.344928
vt 0.326130 0.985065
vt 0.325723 0.984946
vt 0.325700 0.984816
vt 0.996269 0.031288
vt 0.996385 0.025733
vt 0.996385 0.031218
vt 0.127058 0.987991
vt 0.129798 0.987879
vt 0.129782 0.987991
vt 0.194126 0.708746
vt 0.245989 0.708594
vt 0.246011 0.708732
vt 0.368965 0.396001
vt 0.374591 0.396091
vt 0.368944 0.396090
vt 0.981012 0.492279
vt 0.981142 0.493306
vt 0.981011 0.493386
vt 0.019715 0.988358
vt 0.021192 0.988479
vt 0.019768 0.988478
vt 0.996285 0.045015
vt 0.996269 0.044915
vt 0.972022 0.451658
vt 0.972022 0.451485
vt 0.922932 0.891033
vt 0.972122 0.685089
vt 0.972022 0.684882
vt 0.972122 0.684882
vt 0.981739 0.427472
vt 0.972022 0.931487
vt 0.972129 0.931036
vt 0.972122 0.931571
vt 0.062064 0.988360
vt 0.063212 0.988479
vt 0.062083 0.988478
vt 0.514303 0.936410
vt 0.509676 0.936306
vt 0.514410 0.936301
vt 0.294263 0.890944
vt 0.294362 0.890933
vt 0.395901 0.388003
vt 0.785502 0.387903
vt 0.785501 0.388003
vt 0.908552 0.891034
vt 0.978644 0.741561
vt 0.978744 0.741767
vt 0.978644 0.741767
vt 0.273568 0.985433
vt 0.981640 0.456029
vt 0.139487 0.987964
vt 0.139512 0.987963
vt 0.972126 0.417178
vt 0.972119 0.417312
vt 0.378643 0.396101
vt 0.648597 0.789702
vt 0.654569 0.789602
vt 0.654569 0.789702
vt 0.206435 0.986194
vt 0.206335 0.986068
vt 0.972023 0.788544
vt 0.972136 0.787560
vt 0.972137 0.788629
vt 0.328866 0.943394
vt 0.328846 0.943294
vt 0.978744 0.680476
vt 0.977752 0.857235
vt 0.977870 0.855927
vt 0.977869 0.857149
vt 0.789502 0.396019
vt 0.967991 0.395901
vt 0.968022 0.396019
vt 0.418306 0.984909
vt 0.418463 0.984938
vt 0.355318 0.984179
vt 0.354912 0.984277
vt 0.355232 0.984093
vt 0.702219 0.878932
vt 0.678813 0.878814
vt 0.702298 0.878814
vt 0.340318 0.984945
vt 0.340724 0.985062
vt 0.340638 0.985130
vt 0.976651 0.917285
vt 0.976765 0.917785
vt 0.976651 0.917823
vt 0.303035 0.891033
vt 0.303135 0.947668
vt 0.303035 0.947679
vt 0.785501 0.391701
vt 0.611190 0.882080
vt 0.972022 0.815237
vt 0.978305 0.815338
vt 0.972036 0.815339
vt 0.387255 0.941209
vt 0.415349 0.941109
vt 0.415316 0.941209
vt 0.978492 0.792854
vt 0.977223 0.792954
vt 0.977126 0.792854
vt 0.975758 0.908581
vt 0.973960 0.908681
vt 0.973889 0.908581
vt 0.981332 0.462167
vt 0.972134 0.462151
vt 0.981331 0.462148
vt 0.103496 0.984193
vt 0.107357 0.984093
vt 0.107357 0.984193
vt 0.979904 0.979503
vt 0.979905 0.979529
vt 0.518410 0.891054
vt 0.545032 0.890933
vt 0.545056 0.891053
vt 0.978094 0.823527
vt 0.978094 0.823627
vt 0.605632 0.882080
vt 0.605625 0.882180
vt 0.464341 0.984093
vt 0.464878 0.984198
vt 0.464336 0.984198
vt 0.061386 0.972042
vt 0.061286 0.972042
vt 0.972122 0.680683
vt 0.972022 0.680476
vt 0.972122 0.680476
vt 0.972133 0.466185
vt 0.972022 0.467360
vt 0.972022 0.466273
vt 0.729784 0.789720
vt 0.706377 0.789602
vt 0.729707 0.789602
vt 0.867667 0.890933
vt 0.878898 0.891054
vt 0.867633 0.891054
vt 0.972122 0.349028
vt 0.982957 0.348928
vt 0.982967 0.349028
vt 0.972032 0.353903
vt 0.982867 0.353803
vt 0.982858 0.353903
vt 0.335859 0.985063
vt 0.336267 0.984945
vt 0.335947 0.985130
vt 0.677560 0.891051
vt 0.677476 0.927375
vt 0.677476 0.891032
vt 0.978405 0.773397
vt 0.978519 0.772403
vt 0.978519 0.773301
vt 0.972022 0.810676
vt 0.978305 0.810777
vt 0.972036 0.810778
vt 0.979699 0.598155
vt 0.979819 0.595858
vt 0.979818 0.598095
vt 0.516566 0.984093
vt 0.516666 0.984093
vt 0.972126 0.412517
vt 0.972119 0.412652
vt 0.032780 0.890964
vt 0.032680 0.890936
vt 0.070055 0.780279
vt 0.069973 0.396099
vt 0.070055 0.396001
vt 0.785402 0.395901
vt 0.785502 0.785502
vt 0.785402 0.785502
vt 0.163926 0.987837
vt 0.164011 0.984220
vt 0.164010 0.987842
vt 0.014346 0.785701
vt 0.014446 0.396101
vt 0.014446 0.785901
vt 0.014334 0.396001
vt 0.395801 0.388015
vt 0.037940 0.396101
vt 0.038040 0.785702
vt 0.037940 0.785702
vt 0.785601 0.388019
vt 0.018546 0.785702
vt 0.018446 0.396101
vt 0.018546 0.396101
vt 0.785501 0.002100
vt 0.781815 0.002000
vt 0.785601 0.002000
vt 0.781703 0.002100
vt 0.391801 0.542076
vt 0.388115 0.542176
vt 0.388103 0.542076
vt 0.382541 0.542076
vt 0.382441 0.396101
vt 0.382541 0.396101
vt 0.658769 0.880355
vt 0.658669 0.789602
vt 0.658769 0.789602
vt 0.866710 0.300502
vt 0.872682 0.300402
vt 0.872682 0.300502
vt 0.866610 0.300502
vt 0.648497 0.789702
vt 0.674813 0.880355
vt 0.668841 0.880455
vt 0.668841 0.880355
vt 0.654669 0.880455
vt 0.654669 0.789702
vt 0.213065 0.984093
vt 0.212346 0.984217
vt 0.212395 0.984093
vt 0.251860 0.850665
vt 0.273996 0.852635
vt 0.273896 0.852653
vt 0.381096 0.855363
vt 0.381196 0.855319
vt 0.089527 0.857918
vt 0.285595 0.708539
vt 0.283151 0.708439
vt 0.283096 0.708539
vt 0.381296 0.857762
vt 0.381296 0.708539
vt 0.383794 0.857762
vt 0.972132 0.092416
vt 0.972022 0.090258
vt 0.972132 0.090171
vt 0.665063 0.891057
vt 0.665016 0.890939
vt 0.702501 0.890933
vt 0.719171 0.891058
vt 0.702478 0.891053
vt 0.988876 0.107148
vt 0.698478 0.891054
vt 0.681596 0.890933
vt 0.698436 0.890935
vt 0.464336 0.984800
vt 0.464872 0.984905
vt 0.464341 0.984905
vt 0.723888 0.891034
vt 0.468883 0.984093
vt 0.469420 0.984198
vt 0.468878 0.984198
vt 0.978519 0.787671
vt 0.978406 0.788629
vt 0.978405 0.787560
vt 0.972023 0.783475
vt 0.972136 0.782491
vt 0.972137 0.783560
vt 0.419429 0.891052
vt 0.419529 0.891033
vt 0.428202 0.941732
vt 0.425965 0.941832
vt 0.425965 0.941732
vt 0.496424 0.890953
vt 0.496524 0.890933
vt 0.492324 0.890933
vt 0.492324 0.891033
vt 0.437574 0.984202
vt 0.437033 0.984093
vt 0.437564 0.984093
vt 0.898931 0.918057
vt 0.898959 0.917957
vt 0.437563 0.984987
vt 0.437022 0.984878
vt 0.437574 0.984878
vt 0.441574 0.984878
vt 0.442116 0.984987
vt 0.441585 0.984986
vt 0.903755 0.891034
vt 0.446138 0.984093
vt 0.446679 0.984202
vt 0.446127 0.984202
vt 0.451231 0.984202
vt 0.450690 0.984093
vt 0.451221 0.984093
vt 0.908524 0.918057
vt 0.908552 0.917957
vt 0.451220 0.984986
vt 0.450679 0.984878
vt 0.451231 0.984878
vt 0.336744 0.891033
vt 0.336644 0.891033
vt 0.054850 0.891033
vt 0.054950 0.891033
vt 0.979818 0.602237
vt 0.979702 0.604460
vt 0.979699 0.602155
vt 0.057286 0.972042
vt 0.985698 0.241233
vt 0.972142 0.274152
vt 0.972022 0.266987
vt 0.972142 0.266971
vt 0.985538 0.288624
vt 0.972989 0.625715
vt 0.972149 0.624038
vt 0.973101 0.625681
vt 0.975752 0.903907
vt 0.973949 0.903822
vt 0.975785 0.903822
vt 0.972022 0.792853
vt 0.973293 0.792954
vt 0.972089 0.792953
vt 0.975791 0.904146
vt 0.977134 0.904242
vt 0.977140 0.904356
vt 0.974726 0.615450
vt 0.976579 0.615544
vt 0.974647 0.615548
vt 0.972148 0.622140
vt 0.972022 0.624042
vt 0.972022 0.622110
vt 0.972155 0.611022
vt 0.973007 0.609384
vt 0.973115 0.609398
vt 0.975597 0.908356
vt 0.973889 0.908456
vt 0.973956 0.908356
vt 0.975258 0.792954
vt 0.973390 0.792854
vt 0.975258 0.792854
vt 0.972122 0.671664
vt 0.978744 0.671564
vt 0.978744 0.671664
vt 0.508260 0.984299
vt 0.508260 0.984399
vt 0.972022 0.741867
vt 0.978644 0.741867
vt 0.978742 0.702713
vt 0.978738 0.702813
vt 0.978744 0.667258
vt 0.978744 0.680376
vt 0.499648 0.984299
vt 0.499648 0.984399
vt 0.972022 0.720337
vt 0.978644 0.720237
vt 0.978644 0.720337
vt 0.978742 0.711525
vt 0.978738 0.711625
vt 0.978744 0.684882
vt 0.972122 0.689288
vt 0.978744 0.689188
vt 0.978744 0.689288
vt 0.521178 0.984299
vt 0.521178 0.984399
vt 0.972022 0.728949
vt 0.978644 0.728849
vt 0.978644 0.728949
vt 0.978742 0.715931
vt 0.978738 0.716031
vt 0.978744 0.676070
vt 0.972022 0.857147
vt 0.972140 0.855836
vt 0.972140 0.857235
vt 0.273126 0.984223
vt 0.273467 0.984093
vt 0.273531 0.984211
vt 0.977752 0.862615
vt 0.977870 0.861331
vt 0.977869 0.862535
vt 0.972133 0.460886
vt 0.972022 0.462061
vt 0.972022 0.460974
vt 0.972134 0.467451
vt 0.981332 0.467466
vt 0.972133 0.467466
vt 0.981331 0.472747
vt 0.981442 0.471572
vt 0.981442 0.472660
vt 0.972134 0.478050
vt 0.981332 0.478065
vt 0.972133 0.478065
vt 0.981442 0.476872
vt 0.981331 0.478046
vt 0.981331 0.476781
vt 0.291581 0.704243
vt 0.291481 0.704223
vt 0.267948 0.704475
vt 0.089459 0.704594
vt 0.089427 0.704476
vt 0.273572 0.704493
vt 0.273472 0.704493
vt 0.277672 0.704493
vt 0.277572 0.704493
vt 0.189327 0.984093
vt 0.191578 0.984205
vt 0.189311 0.984205
vt 0.757269 0.789720
vt 0.733863 0.789602
vt 0.757192 0.789602
vt 0.019420 0.890961
vt 0.019320 0.890936
vt 0.757190 0.878932
vt 0.733784 0.878814
vt 0.757269 0.878814
vt 0.107457 0.988053
vt 0.107357 0.988053
vt 0.072582 0.984193
vt 0.076442 0.984093
vt 0.076442 0.984193
vt 0.072482 0.984193
vt 0.815020 0.891055
vt 0.848502 0.917732
vt 0.837553 0.917624
vt 0.848560 0.917612
vt 0.796665 0.891052
vt 0.782232 0.890933
vt 0.796617 0.890934
vt 0.982867 0.358290
vt 0.972032 0.358390
vt 0.972022 0.358290
vt 0.972122 0.344828
vt 0.972022 0.344541
vt 0.972122 0.344541
vt 0.407931 0.984265
vt 0.407905 0.984444
vt 0.388822 0.984171
vt 0.389181 0.984303
vt 0.389137 0.984381
vt 0.320862 0.984277
vt 0.320833 0.984430
vt 0.345183 0.984945
vt 0.345589 0.985066
vt 0.345502 0.985130
vt 0.976655 0.926452
vt 0.976762 0.926952
vt 0.976656 0.926990
vt 0.972142 0.973178
vt 0.063273 0.984212
vt 0.062087 0.984093
vt 0.063215 0.984094
vt 0.972023 0.393970
vt 0.972121 0.394008
vt 0.981640 0.456841
vt 0.981789 0.456868
vt 0.972022 0.431568
vt 0.330587 0.984277
vt 0.330563 0.984432
vt 0.354912 0.984945
vt 0.355318 0.985062
vt 0.355232 0.985130
vt 0.976651 0.912702
vt 0.976764 0.913202
vt 0.976651 0.913240
vt 0.364879 0.985133
vt 0.365006 0.985034
vt 0.068420 0.988479
vt 0.067273 0.988360
vt 0.068482 0.988360
vt 0.003858 0.984213
vt 0.068482 0.984212
vt 0.067296 0.984093
vt 0.068424 0.984094
vt 0.972139 0.006406
vt 0.972022 0.011961
vt 0.972023 0.006476
vt 0.972045 0.058133
vt 0.972022 0.058233
vt 0.996385 0.006479
vt 0.996268 0.012033
vt 0.996268 0.006406
vt 0.706298 0.878814
vt 0.729705 0.878932
vt 0.706375 0.878931
vt 0.023520 0.890933
vt 0.678892 0.789602
vt 0.702298 0.789720
vt 0.678813 0.789720
vt 0.080542 0.984193
vt 0.080642 0.984193
vt 0.099396 0.984093
vt 0.099496 0.987953
vt 0.099396 0.987953
vt 0.084603 0.988053
vt 0.084503 0.984193
vt 0.084603 0.984193
vt 0.833373 0.917736
vt 0.833432 0.917617
vt 0.852636 0.890945
vt 0.863633 0.891054
vt 0.852626 0.891066
vt 0.833431 0.891055
vt 0.833372 0.890937
vt 0.972131 0.349415
vt 0.972122 0.349316
vt 0.982867 0.353515
vt 0.982967 0.353803
vt 0.981798 0.421838
vt 0.335455 0.984945
vt 0.335774 0.985130
vt 0.350048 0.984277
vt 0.350453 0.984182
vt 0.350021 0.984433
vt 0.972026 0.553739
vt 0.423135 0.984909
vt 0.972135 0.922409
vt 0.972022 0.922343
vt 0.051669 0.984093
vt 0.052855 0.984212
vt 0.051646 0.984212
vt 0.009688 0.988478
vt 0.009764 0.988358
vt 0.047646 0.984212
vt 0.046459 0.984093
vt 0.047603 0.984094
vt 0.432184 0.984843
vt 0.340318 0.984277
vt 0.340724 0.984179
vt 0.340292 0.984429
vt 0.972022 0.524907
vt 0.987926 0.980009
vt 0.972023 0.917375
vt 0.972130 0.917825
vt 0.972022 0.917760
vt 0.056878 0.984093
vt 0.058064 0.984212
vt 0.056855 0.984212
vt 0.015593 0.988478
vt 0.015669 0.988358
vt 0.042421 0.984212
vt 0.041234 0.984093
vt 0.042377 0.984094
vt 0.972022 0.054033
vt 0.972022 0.040842
vt 0.972139 0.035288
vt 0.972139 0.040915
vt 0.114078 0.984093
vt 0.112603 0.984193
vt 0.112662 0.984093
vt 0.121896 0.987894
vt 0.120422 0.987994
vt 0.120278 0.987894
vt 0.112662 0.987994
vt 0.112562 0.987869
vt 0.120373 0.984217
vt 0.121838 0.984093
vt 0.121938 0.984218
vt 0.586390 0.931338
vt 0.586291 0.890949
vt 0.586390 0.890933
vt 0.579954 0.891033
vt 0.582191 0.890933
vt 0.582191 0.891033
vt 0.579854 0.891049
vt 0.862610 0.300511
vt 0.789712 0.300402
vt 0.862600 0.300403
vt 0.014346 0.879131
vt 0.505587 0.936411
vt 0.500830 0.936301
vt 0.505676 0.936301
vt 0.296599 0.890933
vt 0.296699 0.947568
vt 0.296599 0.947580
vt 0.004924 0.785902
vt 0.004824 0.785802
vt 0.044879 0.396001
vt 0.044864 0.396101
vt 0.195766 0.984112
vt 0.195578 0.986930
vt 0.195671 0.984093
vt 0.002099 0.399999
vt 0.002083 0.399887
vt 0.127043 0.984205
vt 0.129781 0.984093
vt 0.129798 0.984205
vt 0.382441 0.542076
vt 0.382429 0.542176
vt 0.972022 0.819339
vt 0.972122 0.819339
vt 0.972022 0.823483
vt 0.972122 0.823483
vt 0.654569 0.880455
vt 0.654569 0.880555
vt 0.199798 0.985649
vt 0.200343 0.986068
vt 0.200272 0.986123
vt 0.972133 0.158690
vt 0.972022 0.156792
vt 0.972133 0.156771
vt 0.972145 0.651299
vt 0.972022 0.649401
vt 0.972145 0.649415
vt 0.205791 0.985649
vt 0.206265 0.986123
vt 0.972133 0.164609
vt 0.972022 0.162711
vt 0.972133 0.162690
vt 0.972144 0.645380
vt 0.972022 0.643482
vt 0.972145 0.643496
vt 0.395823 0.789721
vt 0.447686 0.789602
vt 0.447668 0.789721
vt 0.250011 0.850792
vt 0.251760 0.850693
vt 0.251760 0.850775
vt 0.789725 0.296402
vt 0.885049 0.296287
vt 0.885026 0.296402
vt 0.513419 0.789702
vt 0.507792 0.789602
vt 0.513419 0.789602
vt 0.079803 0.879035
vt 0.079902 0.783633
vt 0.079902 0.878935
vt 0.383739 0.857862
vt 0.383694 0.857762
vt 0.746449 0.890933
vt 0.746349 0.890953
vt 0.746837 0.890954
vt 0.746737 0.890933
vt 0.972036 0.814778
vt 0.978319 0.814873
vt 0.972022 0.814873
vt 0.972022 0.801548
vt 0.978305 0.801649
vt 0.972036 0.801649
vt 0.972136 0.772303
vt 0.972022 0.773297
vt 0.972023 0.772399
vt 0.972036 0.810217
vt 0.978319 0.810312
vt 0.972022 0.810312
vt 0.349742 0.891058
vt 0.377835 0.890933
vt 0.377869 0.891056
vt 0.462160 0.891075
vt 0.487981 0.890933
vt 0.488018 0.891068
vt 0.462196 0.938975
vt 0.488018 0.938867
vt 0.487983 0.938968
vt 0.913345 0.891033
vt 0.913337 0.890933
vt 0.133798 0.984213
vt 0.134954 0.984093
vt 0.135015 0.984213
vt 0.075281 0.970991
vt 0.067705 0.970899
vt 0.075301 0.970898
vt 0.972142 0.595796
vt 0.972022 0.598092
vt 0.972023 0.595856
vt 0.985817 0.251677
vt 0.985709 0.241319
vt 0.985816 0.241348
vt 0.973890 0.904030
vt 0.972126 0.904356
vt 0.972029 0.904244
vt 0.979137 0.624008
vt 0.979238 0.622107
vt 0.979238 0.624039
vt 0.972979 0.614598
vt 0.972144 0.612897
vt 0.973086 0.614518
vt 0.972122 0.667464
vt 0.972022 0.667258
vt 0.972122 0.667258
vt 0.972122 0.676276
vt 0.972022 0.676070
vt 0.972122 0.676070
vt 0.981331 0.466182
vt 0.972132 0.466167
vt 0.981332 0.466167
vt 0.089427 0.396119
vt 0.267916 0.396001
vt 0.267948 0.396119
vt 0.287361 0.704339
vt 0.283196 0.704241
vt 0.287381 0.704241
vt 0.185311 0.984205
vt 0.972137 0.065432
vt 0.972022 0.062626
vt 0.972137 0.062539
vt 0.126965 0.890934
vt 0.127065 0.890933
vt 0.815077 0.891058
vt 0.815022 0.917617
vt 0.782191 0.891052
vt 0.782124 0.891053
vt 0.894162 0.891054
vt 0.882932 0.890933
vt 0.894129 0.890934
vt 0.972022 0.511684
vt 0.972033 0.511584
vt 0.972165 0.446241
vt 0.972049 0.446253
vt 0.389136 0.984870
vt 0.389263 0.984455
vt 0.389263 0.984818
vt 0.345995 0.984945
vt 0.345675 0.985130
vt 0.976613 0.931034
vt 0.972132 0.931014
vt 0.976615 0.931014
vt 0.976655 0.927014
vt 0.972135 0.926992
vt 0.972142 0.973131
vt 0.976287 0.973177
vt 0.399010 0.984895
vt 0.398999 0.984799
vt 0.972122 0.393861
vt 0.355724 0.984945
vt 0.355405 0.985130
vt 0.976623 0.940195
vt 0.976621 0.940175
vt 0.976651 0.913264
vt 0.972130 0.913242
vt 0.003905 0.984212
vt 0.003859 0.988358
vt 0.134926 0.890934
vt 0.135026 0.890933
vt 0.084503 0.988053
vt 0.084503 0.988153
vt 0.833487 0.891058
vt 0.972022 0.516071
vt 0.972033 0.515971
vt 0.983066 0.349028
vt 0.981739 0.422629
vt 0.981791 0.441922
vt 0.972123 0.534468
vt 0.972022 0.534482
vt 0.972129 0.935616
vt 0.972022 0.936068
vt 0.972028 0.935685
vt 0.972022 0.979503
vt 0.972023 0.979529
vt 0.432995 0.984843
vt 0.972125 0.544091
vt 0.972026 0.544105
vt 0.326534 0.984945
vt 0.326215 0.985130
vt 0.149465 0.987952
vt 0.335254 0.686462
vt 0.119250 0.985165
vt 0.119268 0.985324
vt 0.123010 0.986922
vt 0.122008 0.987924
vt 0.256011 0.820562
vt 0.255860 0.820562
vt 0.961059 0.890933
vt 0.961159 0.890956
vt 0.030444 0.890933
vt 0.153744 0.963964
vt 0.199038 0.963845
vt 0.199002 0.963961
vt 0.307135 0.891052
vt 0.314307 0.890933
vt 0.314412 0.891050
vt 0.282986 0.891046
vt 0.290158 0.890933
vt 0.290262 0.891046
vt 0.972142 0.637117
vt 0.048979 0.785384
vt 0.048879 0.785380
vt 0.010665 0.785801
vt 0.010648 0.785701
vt 0.042155 0.785702
vt 0.042055 0.785702
vt 0.050503 0.396005
vt 0.050591 0.399783
vt 0.050503 0.399796
vt 0.004924 0.396101
vt 0.004835 0.396101
vt 0.388417 0.845299
vt 0.388316 0.845295
vt 0.872782 0.391256
vt 0.872682 0.391256
vt 0.978094 0.819382
vt 0.978094 0.819483
vt 0.085383 0.871585
vt 0.085283 0.871581
vt 0.627829 0.789602
vt 0.201758 0.985649
vt 0.605605 0.789602
vt 0.200384 0.984193
vt 0.199798 0.984637
vt 0.200272 0.984164
vt 0.633383 0.789602
vt 0.207750 0.985649
vt 0.611163 0.789602
vt 0.206377 0.984193
vt 0.205791 0.984637
vt 0.206265 0.984164
vt 0.272041 0.852755
vt 0.271948 0.852855
vt 0.187427 0.708694
vt 0.187527 0.711139
vt 0.187427 0.711193
vt 0.285595 0.857762
vt 0.074156 0.780990
vt 0.349202 0.545204
vt 0.349102 0.545200
vt 0.622596 0.890933
vt 0.641896 0.891054
vt 0.622551 0.891053
vt 0.972132 0.098661
vt 0.972022 0.096503
vt 0.972132 0.096416
vt 0.698434 0.925043
vt 0.681560 0.924922
vt 0.698478 0.924923
vt 0.468878 0.984800
vt 0.469414 0.984905
vt 0.468883 0.984905
vt 0.728595 0.925041
vt 0.728600 0.924941
vt 0.978519 0.777497
vt 0.978405 0.778491
vt 0.978405 0.777397
vt 0.428202 0.890933
vt 0.428302 0.941714
vt 0.455784 0.984202
vt 0.455242 0.984093
vt 0.455773 0.984093
vt 0.446127 0.984878
vt 0.446668 0.984986
vt 0.446137 0.984986
vt 0.918130 0.918057
vt 0.918139 0.917957
vt 0.460336 0.984202
vt 0.459795 0.984093
vt 0.460326 0.984093
vt 0.340542 0.943294
vt 0.340442 0.943294
vt 0.332524 0.890933
vt 0.332544 0.891033
vt 0.043154 0.971977
vt 0.043054 0.971973
vt 0.985517 0.278152
vt 0.985709 0.266971
vt 0.985828 0.274136
vt 0.985709 0.274152
vt 0.972119 0.908356
vt 0.977126 0.792729
vt 0.975407 0.792629
vt 0.977049 0.792629
vt 0.972124 0.908681
vt 0.972022 0.908581
vt 0.972989 0.620436
vt 0.973098 0.620496
vt 0.972032 0.611039
vt 0.972122 0.671970
vt 0.972122 0.671870
vt 0.978644 0.733155
vt 0.972022 0.733255
vt 0.972022 0.733155
vt 0.972122 0.667564
vt 0.972122 0.680782
vt 0.978644 0.720031
vt 0.978744 0.720237
vt 0.978644 0.724543
vt 0.972022 0.724643
vt 0.972022 0.724543
vt 0.972122 0.685188
vt 0.972122 0.689594
vt 0.972122 0.689495
vt 0.978644 0.728643
vt 0.978744 0.728849
vt 0.978644 0.737461
vt 0.972022 0.737561
vt 0.972022 0.737461
vt 0.972122 0.676376
vt 0.972022 0.862534
vt 0.972140 0.861235
vt 0.972140 0.862615
vt 0.981442 0.460973
vt 0.981442 0.462061
vt 0.972133 0.471485
vt 0.972022 0.472660
vt 0.972022 0.471572
vt 0.972132 0.476766
vt 0.981332 0.476766
vt 0.309814 0.700136
vt 0.309714 0.700107
vt 0.315561 0.700105
vt 0.315461 0.700135
vt 0.271948 0.396101
vt 0.272048 0.396101
vt 0.026670 0.988478
vt 0.025247 0.988360
vt 0.026745 0.988358
vt 0.004312 0.879132
vt 0.019908 0.789886
vt 0.784755 0.789720
vt 0.761348 0.789602
vt 0.784678 0.789602
vt 0.076542 0.988053
vt 0.076442 0.988053
vt 0.130926 0.970643
vt 0.130926 0.970743
vt 0.796617 0.917733
vt 0.796666 0.917614
vt 0.982957 0.344441
vt 0.982967 0.344541
vt 0.980766 0.511296
vt 0.980866 0.511296
vt 0.321673 0.984277
vt 0.321698 0.984430
vt 0.345589 0.984182
vt 0.345995 0.984277
vt 0.346021 0.984433
vt 0.321266 0.985063
vt 0.321673 0.984946
vt 0.321354 0.985130
vt 0.030783 0.984093
vt 0.031971 0.984212
vt 0.030745 0.984212
vt 0.428131 0.984843
vt 0.331399 0.984277
vt 0.331427 0.984432
vt 0.355724 0.984277
vt 0.355750 0.984429
vt 0.330995 0.985065
vt 0.331399 0.984945
vt 0.331080 0.985130
vt 0.036008 0.984093
vt 0.037196 0.984212
vt 0.035971 0.984212
vt 0.972139 0.016033
vt 0.972022 0.021588
vt 0.972023 0.016103
vt 0.091341 0.970743
vt 0.091337 0.970843
vt 0.763690 0.890933
vt 0.778122 0.891052
vt 0.763648 0.891052
vt 0.878863 0.917733
vt 0.867633 0.917612
vt 0.878898 0.917612
vt 0.972022 0.353515
vt 0.982857 0.353415
vt 0.393263 0.984392
vt 0.393567 0.984093
vt 0.393675 0.984171
vt 0.413608 0.984265
vt 0.413634 0.984444
vt 0.393989 0.984870
vt 0.394116 0.984455
vt 0.394115 0.984818
vt 0.350453 0.985066
vt 0.350859 0.984945
vt 0.350540 0.985130
vt 0.976613 0.935614
vt 0.976738 0.935613
vt 0.975749 0.979036
vt 0.975904 0.979085
vt 0.047599 0.988479
vt 0.046421 0.988360
vt 0.047646 0.988360
vt 0.403019 0.984389
vt 0.403142 0.984263
vt 0.981640 0.451165
vt 0.981789 0.451138
vt 0.341130 0.984945
vt 0.340811 0.985130
vt 0.383635 0.984372
vt 0.042374 0.988479
vt 0.041196 0.988360
vt 0.042421 0.988360
vt 0.996268 0.040915
vt 0.996385 0.035360
vt 0.996385 0.040845
vt 0.996268 0.049727
vt 0.996285 0.049627
vt 0.111490 0.986922
vt 0.111457 0.986760
vt 0.789701 0.389623
vt 0.862599 0.389732
vt 0.789712 0.389732
vt 0.527176 0.789602
vt 0.600075 0.789711
vt 0.527166 0.789710
vt 0.300799 0.947679
vt 0.300699 0.947669
vt 0.264986 0.984179
vt 0.264892 0.984093
vt 0.378743 0.396101
vt 0.382429 0.396001
vt 0.972157 0.663137
vt 0.972022 0.661239
vt 0.972157 0.661254
vt 0.972157 0.657218
vt 0.972022 0.655320
vt 0.972157 0.655335
vt 0.503550 0.884634
vt 0.451686 0.884729
vt 0.451706 0.884587
vt 0.250011 0.708611
vt 0.789701 0.152291
vt 0.885025 0.152175
vt 0.885049 0.152291
vt 0.972184 0.836736
vt 0.977811 0.836692
vt 0.972165 0.836806
vt 0.381096 0.855264
vt 0.057427 0.880192
vt 0.057548 0.882560
vt 0.057427 0.882536
vt 0.742349 0.891053
vt 0.742264 0.924941
vt 0.742265 0.891034
vt 0.972022 0.102761
vt 0.972122 0.102761
vt 0.972036 0.805649
vt 0.978319 0.805748
vt 0.972022 0.805748
vt 0.421766 0.890933
vt 0.898959 0.891034
vt 0.178991 0.987669
vt 0.177833 0.987806
vt 0.177774 0.987668
vt 0.972024 0.604420
vt 0.972141 0.602155
vt 0.972144 0.604460
vt 0.985635 0.288595
vt 0.985536 0.278238
vt 0.985632 0.278267
vt 0.985828 0.262955
vt 0.985709 0.255790
vt 0.985828 0.255805
vt 0.507954 0.984093
vt 0.508054 0.984093
vt 0.978844 0.671664
vt 0.512260 0.984093
vt 0.512360 0.984093
vt 0.499342 0.984093
vt 0.499442 0.984093
vt 0.520872 0.984093
vt 0.520972 0.984093
vt 0.978844 0.689288
vt 0.503648 0.984093
vt 0.503748 0.984093
vt 0.277624 0.985554
vt 0.277973 0.985445
vt 0.277911 0.985563
vt 0.972133 0.488279
vt 0.972022 0.487252
vt 0.972133 0.487172
vt 0.972133 0.483172
vt 0.972022 0.482145
vt 0.972133 0.482065
vt 0.981332 0.472766
vt 0.972134 0.472750
vt 0.305537 0.700217
vt 0.301372 0.700126
vt 0.305557 0.700126
vt 0.021248 0.984213
vt 0.019770 0.984093
vt 0.021194 0.984094
vt 0.009387 0.890933
vt 0.012424 0.891018
vt 0.009375 0.891018
vt 0.016597 0.890933
vt 0.837564 0.890945
vt 0.848560 0.891054
vt 0.837553 0.891066
vt 0.408743 0.984265
vt 0.972122 0.586478
vt 0.972122 0.586611
vt 0.983631 0.979036
vt 0.154449 0.984093
vt 0.976655 0.926430
vt 0.981800 0.432082
vt 0.972122 0.577293
vt 0.972122 0.577160
vt 0.972131 0.912681
vt 0.976652 0.912681
vt 0.972022 0.058439
vt 0.084503 0.984093
vt 0.852560 0.917624
vt 0.852562 0.891063
vt 0.972022 0.349028
vt 0.350859 0.984277
vt 0.350540 0.984093
vt 0.972122 0.936152
vt 0.159433 0.984093
vt 0.009810 0.984212
vt 0.009763 0.984213
vt 0.972125 0.407992
vt 0.972118 0.407857
vt 0.981800 0.436991
vt 0.341130 0.984277
vt 0.340811 0.984093
vt 0.976629 0.945335
vt 0.976630 0.945311
vt 0.991657 0.979537
vt 0.991656 0.979511
vt 0.015715 0.984212
vt 0.015668 0.984213
vt 0.258750 0.708595
vt 0.258772 0.708695
vt 0.203074 0.962998
vt 0.248368 0.962873
vt 0.248332 0.962985
vt 0.153708 0.891053
vt 0.199001 0.890933
vt 0.199038 0.891051
vt 0.505676 0.891043
vt 0.500918 0.890933
vt 0.505591 0.890934
vt 0.307240 0.946975
vt 0.314412 0.946871
vt 0.314310 0.946974
vt 0.395801 0.785602
vt 0.395801 0.785502
vt 0.088700 0.988001
vt 0.088603 0.988118
vt 0.022344 0.785802
vt 0.018558 0.785801
vt 0.664741 0.880355
vt 0.658769 0.880455
vt 0.668741 0.789602
vt 0.668841 0.789602
vt 0.201113 0.984093
vt 0.200443 0.984093
vt 0.213123 0.986094
vt 0.212395 0.986194
vt 0.212251 0.986094
vt 0.200443 0.986194
vt 0.207106 0.984093
vt 0.206435 0.984093
vt 0.219116 0.986094
vt 0.218387 0.986194
vt 0.218244 0.986094
vt 0.063274 0.880003
vt 0.063153 0.786766
vt 0.063273 0.786885
vt 0.092126 0.708694
vt 0.092026 0.711137
vt 0.092026 0.708694
vt 0.063273 0.786689
vt 0.063152 0.784279
vt 0.063273 0.784346
vt 0.187527 0.708714
vt 0.187627 0.708694
vt 0.991403 0.096416
vt 0.991513 0.098574
vt 0.991403 0.098661
vt 0.719114 0.925046
vt 0.702478 0.924922
vt 0.719171 0.924926
vt 0.723863 0.925041
vt 0.723888 0.924941
vt 0.978519 0.782602
vt 0.978406 0.783560
vt 0.978405 0.782491
vt 0.425866 0.890952
vt 0.425965 0.890933
vt 0.496730 0.939459
vt 0.455231 0.984878
vt 0.455773 0.984986
vt 0.455242 0.984986
vt 0.903728 0.918057
vt 0.903755 0.917957
vt 0.459784 0.984878
vt 0.460325 0.984987
vt 0.459794 0.984986
vt 0.985709 0.251705
vt 0.985699 0.251790
vt 0.975759 0.904029
vt 0.973955 0.904146
vt 0.979231 0.612932
vt 0.979137 0.611034
vt 0.979241 0.611023
vt 0.974664 0.626680
vt 0.978742 0.698306
vt 0.978738 0.698406
vt 0.978744 0.667158
vt 0.512566 0.984299
vt 0.512566 0.984399
vt 0.978742 0.707119
vt 0.978738 0.707219
vt 0.978744 0.684782
vt 0.516872 0.984299
vt 0.516872 0.984399
vt 0.978742 0.693900
vt 0.978738 0.694001
vt 0.978744 0.675970
vt 0.503954 0.984299
vt 0.503954 0.984399
vt 0.981331 0.467448
vt 0.981442 0.466273
vt 0.981442 0.467360
vt 0.972133 0.476784
vt 0.972022 0.477959
vt 0.972022 0.476872
vt 0.297328 0.704222
vt 0.283096 0.704237
vt 0.022244 0.789886
vt 0.022344 0.879016
vt 0.022244 0.879016
vt 0.191562 0.987342
vt 0.189311 0.987229
vt 0.191578 0.987230
vt 0.761269 0.878814
vt 0.784676 0.878932
vt 0.761346 0.878931
vt 0.814963 0.917736
vt 0.982867 0.358003
vt 0.982967 0.358290
vt 0.981798 0.426682
vt 0.320861 0.984946
vt 0.321181 0.985130
vt 0.345183 0.984277
vt 0.345156 0.984433
vt 0.972026 0.548946
vt 0.972022 0.926927
vt 0.976407 0.973253
vt 0.427319 0.984843
vt 0.330587 0.984945
vt 0.330906 0.985130
vt 0.972022 0.520114
vt 0.139015 0.984233
vt 0.972023 0.912792
vt 0.972022 0.913177
vt 0.003783 0.988478
vt 0.996269 0.021661
vt 0.996385 0.016106
vt 0.996385 0.021591
vt 0.026344 0.890961
vt 0.026244 0.890936
vt 0.095536 0.988053
vt 0.095536 0.987953
vt 0.863575 0.917732
vt 0.852626 0.917624
vt 0.863633 0.917612
vt 0.412796 0.984265
vt 0.412769 0.984444
vt 0.394034 0.984303
vt 0.393990 0.984381
vt 0.335455 0.984277
vt 0.335427 0.984430
vt 0.350048 0.984945
vt 0.350367 0.985130
vt 0.976655 0.921868
vt 0.976762 0.922368
vt 0.976656 0.922407
vt 0.052794 0.988479
vt 0.051646 0.988360
vt 0.052855 0.988360
vt 0.972023 0.398637
vt 0.972121 0.398676
vt 0.981640 0.451976
vt 0.981789 0.452003
vt 0.972022 0.436477
vt 0.325723 0.984277
vt 0.325698 0.984432
vt 0.360122 0.985133
vt 0.360249 0.985034
vt 0.058003 0.988479
vt 0.056855 0.988360
vt 0.058064 0.988360
vt 0.972045 0.053727
vt 0.972022 0.053827
vt 0.588627 0.931338
vt 0.586390 0.931438
vt 0.527166 0.878822
vt 0.600064 0.878931
vt 0.527176 0.878931
vt 0.012010 0.879122
vt 0.012110 0.879131
vt 0.010548 0.785701
vt 0.872682 0.391356
vt 0.211750 0.984637
vt 0.211768 0.984797
vt 0.213710 0.985649
vt 0.213236 0.986123
vt 0.626448 0.882079
vt 0.626298 0.882080
vt 0.217742 0.984637
vt 0.217760 0.984797
vt 0.219702 0.985649
vt 0.219228 0.986123
vt 0.632002 0.882079
vt 0.631851 0.882080
vt 0.339254 0.549525
vt 0.391118 0.549397
vt 0.391140 0.549522
vt 0.977768 0.830172
vt 0.972121 0.830227
vt 0.972141 0.830170
vt 0.079782 0.780988
vt 0.079902 0.783433
vt 0.079783 0.783533
vt 0.991513 0.092329
vt 0.991402 0.090171
vt 0.991512 0.090255
vt 0.728600 0.891033
vt 0.728595 0.890933
vt 0.972022 0.806116
vt 0.978305 0.806217
vt 0.972036 0.806217
vt 0.972136 0.777397
vt 0.972022 0.778391
vt 0.972023 0.777493
vt 0.432302 0.891058
vt 0.458123 0.890933
vt 0.458160 0.891057
vt 0.918139 0.891033
vt 0.918130 0.890933
vt 0.133857 0.987992
vt 0.135015 0.987872
vt 0.134957 0.987991
vt 0.340423 0.943394
vt 0.972142 0.262971
vt 0.972022 0.255806
vt 0.972142 0.255790
vt 0.972022 0.671664
vt 0.972022 0.689288
vt 0.972140 0.877612
vt 0.977769 0.877702
vt 0.972122 0.877703
vt 0.277956 0.984102
vt 0.278012 0.984223
vt 0.981012 0.497386
vt 0.981142 0.498413
vt 0.981011 0.498493
vt 0.981331 0.471482
vt 0.972132 0.471466
vt 0.981332 0.471466
vt 0.025280 0.984094
vt 0.026745 0.984213
vt 0.025247 0.984215
vt 0.076442 0.988153
vt 0.983067 0.344541
vt 0.981791 0.446820
vt 0.972123 0.529657
vt 0.972022 0.529670
vt 0.972022 0.456523
vt 0.972022 0.456350
vt 0.972125 0.539280
vt 0.972026 0.539293
vt 0.144481 0.987952
vt 0.972137 0.072325
vt 0.972022 0.069518
vt 0.972137 0.069432
vt 0.763581 0.891053
vt 0.972165 0.441343
vt 0.972049 0.441355
vt 0.972132 0.935594
vt 0.976615 0.935594
vt 0.976655 0.922430
vt 0.403905 0.984895
vt 0.403894 0.984799
vt 0.972122 0.398529
vt 0.976623 0.944776
vt 0.976621 0.944756
vt 0.976651 0.917847
vt 0.996285 0.049421
vt 0.996269 0.049321
vt 0.203038 0.891064
vt 0.248332 0.890933
vt 0.248368 0.891051
vt 0.509740 0.890938
vt 0.514410 0.891043
vt 0.509676 0.891048
vt 0.283090 0.947733
vt 0.290263 0.947624
vt 0.290160 0.947733
vt 0.006448 0.396202
vt 0.006548 0.396202
vt 0.050503 0.785484
vt 0.050553 0.785568
vt 0.391789 0.396001
vt 0.391801 0.396101
vt 0.279052 0.799276
vt 0.278952 0.799272
vt 0.187427 0.857918
vt 0.187527 0.855474
vt 0.074055 0.783633
vt 0.091926 0.708694
vt 0.091926 0.857918
vt 0.074055 0.879135
vt 0.074176 0.881580
vt 0.074055 0.881533
vt 0.641850 0.927479
vt 0.622551 0.927359
vt 0.641896 0.927360
vt 0.496730 0.890933
vt 0.496830 0.939439
vt 0.913336 0.918057
vt 0.913345 0.917957
vt 0.442127 0.984202
vt 0.441585 0.984093
vt 0.442116 0.984093
vt 0.922923 0.918057
vt 0.922932 0.917957
vt 0.344642 0.943256
vt 0.344542 0.943252
vt 0.978272 0.625713
vt 0.978644 0.732949
vt 0.978744 0.733155
vt 0.978644 0.724337
vt 0.978744 0.724543
vt 0.978644 0.737255
vt 0.978744 0.737461
vt 0.981331 0.460883
vt 0.972132 0.460867
vt 0.981332 0.460867
vt 0.968022 0.704376
vt 0.789533 0.704494
vt 0.789502 0.704376
vt 0.185274 0.987341
vt 0.185311 0.987230
vt 0.083380 0.970743
vt 0.083375 0.970843
vt 0.894127 0.917733
vt 0.882897 0.917612
vt 0.894162 0.917612
vt 0.972022 0.358003
vt 0.982857 0.357903
vt 0.388410 0.984392
vt 0.388714 0.984093
vt 0.976738 0.931033
vt 0.031923 0.988479
vt 0.030745 0.988360
vt 0.031971 0.988360
vt 0.398124 0.984389
vt 0.398247 0.984263
vt 0.378840 0.984372
vt 0.037149 0.988479
vt 0.035971 0.988360
vt 0.037196 0.988360
vt 0.996268 0.045321
vt 0.996285 0.045221
vt 0.138886 0.970643
vt 0.138886 0.970743
vt 0.778075 0.917733
vt 0.778124 0.917614
vt 0.980766 0.515683
vt 0.980866 0.515683
vt 0.336267 0.984277
vt 0.336292 0.984430
vt 0.326534 0.984277
vt 0.326563 0.984432
vt 0.972139 0.025661
vt 0.972022 0.031215
vt 0.972023 0.025730
vt 0.115250 0.986922
vt 0.335227 0.574494
vt 0.111490 0.985165
vt 0.112491 0.984164
vt 0.588627 0.890933
vt 0.588727 0.931322
vt 0.979331 0.637196
vt 0.979211 0.637117
vt 0.987679 0.168609
vt 0.987809 0.170508
vt 0.987677 0.170528
vt 0.987679 0.174528
vt 0.987809 0.176427
vt 0.987677 0.176448
vt 0.995662 0.979036
vt 0.997509 0.979135
vt 0.995657 0.979132
vt 0.977750 0.882100
vt 0.354828 0.545301
vt 0.354849 0.545204
vt 0.972036 0.801081
vt 0.978319 0.801180
vt 0.972022 0.801180
vt 0.050730 0.972075
vt 0.050750 0.971977
vt 0.837487 0.917624
vt 0.837489 0.891063
vt 0.972125 0.403332
vt 0.972118 0.403197
vt 0.976629 0.940755
vt 0.976630 0.940731
vt 0.972123 0.591137
vt 0.972122 0.591270
vt 0.976655 0.921847
vt 0.972122 0.581952
vt 0.972122 0.581819
vt 0.972131 0.917264
vt 0.976652 0.917264
vt 0.059032 0.396001
vt 0.057608 0.780274
vt 0.057427 0.396199
vt 0.059032 0.780273
vt 0.030142 0.785802
vt 0.026344 0.785702
vt 0.026344 0.396101
vt 0.074106 0.776988
vt 0.074156 0.396117
vt 0.076980 0.396022
vt 0.030142 0.396001
vt 0.076979 0.776894
vt 0.076979 0.396022
vt 0.078504 0.396121
vt 0.391801 0.002100
vt 0.002000 0.002000
vt 0.002000 0.002100
vt 0.074055 0.776814
vt 0.395801 0.395901
vt 0.078504 0.776798
vt 0.053427 0.396104
vt 0.053338 0.785484
vt 0.053427 0.785380
vt 0.074145 0.776891
vt 0.076895 0.773194
vt 0.076930 0.776876
vt 0.022344 0.396001
vt 0.014346 0.396101
vt 0.166765 0.987842
vt 0.044879 0.785702
vt 0.074145 0.773191
vt 0.781803 0.002100
vt 0.034142 0.396001
vt 0.053327 0.399783
vt 0.050592 0.396005
vt 0.085227 0.396003
vt 0.034142 0.785702
vt 0.082504 0.396001
vt 0.002000 0.396201
vt 0.002000 0.785802
vt 0.002000 0.396101
vt 0.004923 0.785902
vt 0.091536 0.987839
vt 0.065756 0.780193
vt 0.063032 0.780193
vt 0.265085 0.852616
vt 0.267809 0.852616
vt 0.127043 0.987879
vt 0.391140 0.699444
vt 0.391140 0.845299
vt 0.170938 0.987814
vt 0.173693 0.987814
vt 0.664741 0.789602
vt 0.877026 0.389984
vt 0.876982 0.389984
vt 0.279096 0.799276
vt 0.972023 0.851592
vt 0.978094 0.819339
vt 0.972022 0.851636
vt 0.674813 0.789602
vt 0.085427 0.871585
vt 0.972023 0.847349
vt 0.978094 0.823483
vt 0.972022 0.847392
vt 0.034342 0.879283
vt 0.034386 0.879283
vt 0.201737 0.984670
vt 0.201740 0.985490
vt 0.638951 0.882078
vt 0.199765 0.985487
vt 0.199768 0.984809
vt 0.616744 0.882080
vt 0.616744 0.789702
vt 0.201256 0.984193
vt 0.211770 0.985616
vt 0.627851 0.882080
vt 0.627851 0.789702
vt 0.638951 0.789701
vt 0.213742 0.984799
vt 0.213740 0.985477
vt 0.213165 0.984218
vt 0.605632 0.789702
vt 0.979130 0.663139
vt 0.979130 0.661256
vt 0.988154 0.158690
vt 0.979212 0.649416
vt 0.979212 0.651299
vt 0.988154 0.156771
vt 0.972022 0.170528
vt 0.972024 0.168609
vt 0.207249 0.984193
vt 0.207730 0.984670
vt 0.207732 0.985490
vt 0.611190 0.789702
vt 0.205758 0.985487
vt 0.205760 0.984809
vt 0.622298 0.882080
vt 0.622298 0.789702
vt 0.633405 0.882080
vt 0.633405 0.789702
vt 0.217763 0.985616
vt 0.644497 0.882078
vt 0.644497 0.789701
vt 0.219157 0.984218
vt 0.219735 0.984799
vt 0.219732 0.985477
vt 0.979129 0.657222
vt 0.979130 0.655339
vt 0.972022 0.176448
vt 0.972024 0.174528
vt 0.979212 0.643499
vt 0.979211 0.645383
vt 0.988154 0.162690
vt 0.988154 0.164609
vt 0.246011 0.852598
vt 0.194126 0.852612
vt 0.395823 0.886933
vt 0.447668 0.886933
vt 0.391140 0.695337
vt 0.339254 0.695340
vt 0.503531 0.789648
vt 0.451686 0.789602
vt 0.250011 0.850693
vt 0.250011 0.708710
vt 0.048879 0.882781
vt 0.048979 0.789662
vt 0.050728 0.789568
vt 0.789701 0.296287
vt 0.517419 0.882833
vt 0.517419 0.789714
vt 0.523066 0.789623
vt 0.523166 0.789721
vt 0.523166 0.882839
vt 0.068306 0.879780
vt 0.068327 0.879780
vt 0.068206 0.784379
vt 0.977869 0.834227
vt 0.977810 0.836637
vt 0.050728 0.882785
vt 0.092026 0.855419
vt 0.187427 0.855419
vt 0.977869 0.827730
vt 0.187527 0.855519
vt 0.507665 0.885103
vt 0.507672 0.885003
vt 0.507771 0.789602
vt 0.513419 0.885003
vt 0.070055 0.784379
vt 0.070055 0.879680
vt 0.972022 0.843249
vt 0.972122 0.840808
vt 0.977749 0.840806
vt 0.977749 0.843349
vt 0.972122 0.843349
vt 0.972022 0.869124
vt 0.972023 0.866617
vt 0.977649 0.866615
vt 0.190026 0.708694
vt 0.057547 0.880073
vt 0.063274 0.880101
vt 0.364796 0.396119
vt 0.358949 0.543189
vt 0.358949 0.396101
vt 0.063174 0.880123
vt 0.063174 0.882564
vt 0.057427 0.786640
vt 0.364796 0.543207
vt 0.359069 0.543307
vt 0.057526 0.786759
vt 0.057526 0.784274
vt 0.283196 0.708539
vt 0.339255 0.545182
vt 0.345102 0.545205
vt 0.345002 0.545301
vt 0.345102 0.396120
vt 0.339255 0.396101
vt 0.079803 0.881578
vt 0.991402 0.092416
vt 0.681560 0.891053
vt 0.972022 0.107148
vt 0.972022 0.107436
vt 0.464878 0.984800
vt 0.733239 0.891033
vt 0.733239 0.924941
vt 0.469420 0.984800
vt 0.737873 0.924941
vt 0.737873 0.891033
vt 0.972136 0.773397
vt 0.978405 0.772303
vt 0.978319 0.815236
vt 0.978319 0.801548
vt 0.978319 0.810675
vt 0.972136 0.778491
vt 0.978319 0.806116
vt 0.387221 0.941109
vt 0.753145 0.891031
vt 0.753145 0.919092
vt 0.757245 0.890933
vt 0.759481 0.890933
vt 0.349742 0.941778
vt 0.377869 0.941776
vt 0.462160 0.938874
vt 0.967820 0.891034
vt 0.967820 0.916820
vt 0.972022 0.002306
vt 0.432302 0.939505
vt 0.458160 0.939504
vt 0.972022 0.002100
vt 0.927571 0.917957
vt 0.927571 0.891033
vt 0.437022 0.984202
vt 0.455784 0.984878
vt 0.455231 0.984202
vt 0.946117 0.917957
vt 0.946117 0.891033
vt 0.932209 0.917957
vt 0.446679 0.984878
vt 0.932209 0.891033
vt 0.442127 0.984878
vt 0.441574 0.984202
vt 0.941483 0.917957
vt 0.941483 0.891033
vt 0.460336 0.984878
vt 0.459784 0.984202
vt 0.936848 0.917957
vt 0.950751 0.891033
vt 0.950751 0.917957
vt 0.450679 0.984202
vt 0.936848 0.891033
vt 0.383055 0.942572
vt 0.381955 0.942572
vt 0.177774 0.984093
vt 0.178991 0.984094
vt 0.345742 0.891038
vt 0.345742 0.943256
vt 0.133798 0.987872
vt 0.057186 0.972042
vt 0.972142 0.598155
vt 0.979699 0.595796
vt 0.063622 0.891033
vt 0.063622 0.972042
vt 0.972022 0.369540
vt 0.972022 0.362390
vt 0.982351 0.362390
vt 0.985709 0.262971
vt 0.972030 0.380525
vt 0.982351 0.373540
vt 0.982359 0.380525
vt 0.972022 0.373540
vt 0.982351 0.369540
vt 0.975758 0.908456
vt 0.977127 0.908581
vt 0.977127 0.908456
vt 0.978120 0.625769
vt 0.976650 0.626621
vt 0.974745 0.619548
vt 0.976646 0.619551
vt 0.974749 0.626626
vt 0.973390 0.792729
vt 0.975258 0.792729
vt 0.978290 0.620504
vt 0.979137 0.621976
vt 0.973389 0.796955
vt 0.975256 0.797081
vt 0.973389 0.797080
vt 0.975256 0.796956
vt 0.972022 0.796954
vt 0.978492 0.792729
vt 0.979127 0.613041
vt 0.978273 0.614497
vt 0.976625 0.615442
vt 0.973883 0.903908
vt 0.972022 0.904122
vt 0.977124 0.796955
vt 0.978492 0.797079
vt 0.977124 0.797080
vt 0.974767 0.608460
vt 0.976666 0.608460
vt 0.972022 0.908456
vt 0.978130 0.609298
vt 0.972022 0.797079
vt 0.978492 0.796954
vt 0.972022 0.741767
vt 0.972022 0.741561
vt 0.508260 0.984093
vt 0.978742 0.698100
vt 0.978665 0.763799
vt 0.978665 0.763593
vt 0.478060 0.984399
vt 0.478060 0.984193
vt 0.978665 0.754987
vt 0.972022 0.732949
vt 0.978665 0.754781
vt 0.473740 0.984399
vt 0.978742 0.702506
vt 0.473740 0.984193
vt 0.512566 0.984093
vt 0.972022 0.720237
vt 0.972022 0.720031
vt 0.499648 0.984093
vt 0.482381 0.984193
vt 0.482381 0.984399
vt 0.978742 0.706912
vt 0.978665 0.768205
vt 0.978665 0.767999
vt 0.516872 0.984093
vt 0.978665 0.750375
vt 0.978665 0.750581
vt 0.972022 0.724337
vt 0.978742 0.711318
vt 0.486701 0.984399
vt 0.486701 0.984193
vt 0.978742 0.693694
vt 0.491021 0.984399
vt 0.491021 0.984193
vt 0.521178 0.984093
vt 0.972022 0.728643
vt 0.972022 0.728849
vt 0.978665 0.746175
vt 0.978665 0.745969
vt 0.978665 0.759393
vt 0.495342 0.984193
vt 0.495342 0.984399
vt 0.978665 0.759187
vt 0.972022 0.737255
vt 0.978742 0.715724
vt 0.503954 0.984093
vt 0.977752 0.855836
vt 0.277568 0.985432
vt 0.977753 0.861235
vt 0.298466 0.985288
vt 0.297516 0.985288
vt 0.972022 0.498493
vt 0.972023 0.497386
vt 0.981332 0.488279
vt 0.981332 0.487172
vt 0.287242 0.985290
vt 0.288193 0.985290
vt 0.292379 0.985288
vt 0.293330 0.985288
vt 0.972022 0.493386
vt 0.972023 0.492279
vt 0.981332 0.483172
vt 0.282105 0.985290
vt 0.283056 0.985290
vt 0.981332 0.482065
vt 0.329408 0.396001
vt 0.335055 0.396004
vt 0.325308 0.574560
vt 0.319661 0.574560
vt 0.297228 0.704243
vt 0.019715 0.984213
vt 0.021248 0.988358
vt 0.279096 0.396101
vt 0.279096 0.704493
vt 0.020008 0.789886
vt 0.006548 0.790003
vt 0.005149 0.980093
vt 0.006548 0.879132
vt 0.733784 0.789720
vt 0.995147 0.076345
vt 0.995147 0.079237
vt 0.784755 0.878814
vt 0.761269 0.789720
vt 0.995447 0.062539
vt 0.995447 0.065432
vt 0.099262 0.970743
vt 0.099262 0.891034
vt 0.115074 0.891030
vt 0.115074 0.970738
vt 0.103496 0.988053
vt 0.130926 0.890933
vt 0.083380 0.891033
vt 0.972022 0.226037
vt 0.986419 0.237233
vt 0.972022 0.237233
vt 0.986419 0.191644
vt 0.972022 0.191644
vt 0.972022 0.180448
vt 0.882897 0.891054
vt 0.986419 0.180448
vt 0.986419 0.226037
vt 0.982819 0.331599
vt 0.982819 0.340355
vt 0.982953 0.301554
vt 0.982953 0.292798
vt 0.980855 0.502493
vt 0.972122 0.502493
vt 0.972033 0.511296
vt 0.972131 0.427525
vt 0.388727 0.985090
vt 0.388410 0.984883
vt 0.981729 0.446327
vt 0.972190 0.426735
vt 0.408337 0.985036
vt 0.407906 0.984803
vt 0.981722 0.447138
vt 0.408769 0.984444
vt 0.981792 0.446646
vt 0.408768 0.984803
vt 0.972123 0.530468
vt 0.980532 0.530468
vt 0.321696 0.984815
vt 0.972125 0.548903
vt 0.980534 0.548903
vt 0.972123 0.549695
vt 0.345158 0.984817
vt 0.980532 0.529657
vt 0.320835 0.984815
vt 0.346020 0.984817
vt 0.980532 0.549695
vt 0.417634 0.984344
vt 0.417926 0.985025
vt 0.417634 0.984778
vt 0.154916 0.984257
vt 0.153957 0.984261
vt 0.154423 0.984094
vt 0.369623 0.984093
vt 0.369265 0.984405
vt 0.369266 0.984880
vt 0.980070 0.979036
vt 0.980071 0.979995
vt 0.224879 0.985812
vt 0.223735 0.984093
vt 0.224879 0.984093
vt 0.062064 0.984212
vt 0.063273 0.988360
vt 0.223735 0.985812
vt 0.245458 0.985812
vt 0.244313 0.984093
vt 0.245458 0.984093
vt 0.244313 0.985812
vt 0.399010 0.984335
vt 0.972089 0.456842
vt 0.972089 0.456030
vt 0.398585 0.984093
vt 0.981758 0.432434
vt 0.427725 0.984093
vt 0.428157 0.984327
vt 0.427293 0.984327
vt 0.428156 0.984686
vt 0.981702 0.431643
vt 0.981788 0.431913
vt 0.972131 0.431525
vt 0.427294 0.984686
vt 0.330564 0.984816
vt 0.980533 0.539280
vt 0.972125 0.540091
vt 0.331425 0.984816
vt 0.972127 0.520864
vt 0.980535 0.520864
vt 0.980533 0.540091
vt 0.355749 0.984814
vt 0.354886 0.984429
vt 0.354887 0.984814
vt 0.980531 0.520071
vt 0.972123 0.520071
vt 0.972131 0.912704
vt 0.379086 0.985099
vt 0.378820 0.984847
vt 0.144972 0.987784
vt 0.139979 0.987797
vt 0.139020 0.987798
vt 0.365265 0.984371
vt 0.364930 0.984093
vt 0.365265 0.984865
vt 0.144014 0.987788
vt 0.144506 0.987952
vt 0.250603 0.985812
vt 0.249458 0.984093
vt 0.250603 0.984093
vt 0.067273 0.984212
vt 0.255747 0.985812
vt 0.254603 0.985812
vt 0.254603 0.984093
vt 0.255747 0.984093
vt 0.249458 0.985812
vt 0.977544 0.895317
vt 0.977544 0.895111
vt 0.972139 0.012033
vt 0.996269 0.016033
vt 0.972139 0.021661
vt 0.977606 0.886298
vt 0.977606 0.886504
vt 0.995147 0.083268
vt 0.995147 0.086161
vt 0.729784 0.878814
vt 0.706298 0.789720
vt 0.995447 0.072325
vt 0.995447 0.069432
vt 0.107183 0.970743
vt 0.107183 0.891034
vt 0.122965 0.891030
vt 0.122965 0.970738
vt 0.095536 0.984093
vt 0.091341 0.891033
vt 0.138886 0.890933
vt 0.986419 0.206840
vt 0.972022 0.206840
vt 0.972022 0.195644
vt 0.972022 0.210840
vt 0.986419 0.210840
vt 0.986419 0.222037
vt 0.972022 0.222037
vt 0.986419 0.195644
vt 0.982953 0.305731
vt 0.982953 0.314487
vt 0.972033 0.515683
vt 0.972122 0.506894
vt 0.980855 0.506894
vt 0.982819 0.327422
vt 0.982819 0.318666
vt 0.972022 0.353803
vt 0.413202 0.985036
vt 0.412771 0.984803
vt 0.972131 0.422682
vt 0.413633 0.984803
vt 0.981722 0.442241
vt 0.981730 0.441429
vt 0.981792 0.441749
vt 0.972190 0.421891
vt 0.393263 0.984883
vt 0.393580 0.985090
vt 0.972123 0.535280
vt 0.335429 0.984815
vt 0.980532 0.534468
vt 0.972125 0.553695
vt 0.980534 0.553695
vt 0.336290 0.984815
vt 0.972123 0.554488
vt 0.980532 0.554488
vt 0.350023 0.984817
vt 0.350886 0.984433
vt 0.350884 0.984817
vt 0.980532 0.535280
vt 0.422464 0.984344
vt 0.422755 0.985025
vt 0.422463 0.984778
vt 0.159900 0.984257
vt 0.158942 0.984261
vt 0.374043 0.984880
vt 0.374043 0.984405
vt 0.374401 0.984093
vt 0.159408 0.984094
vt 0.972189 0.979995
vt 0.972188 0.979036
vt 0.230024 0.985812
vt 0.228879 0.984093
vt 0.230024 0.984093
vt 0.046421 0.984212
vt 0.228879 0.985812
vt 0.235169 0.985812
vt 0.234024 0.984093
vt 0.235169 0.984093
vt 0.234024 0.985812
vt 0.981702 0.436552
vt 0.981788 0.436822
vt 0.972131 0.436434
vt 0.403905 0.984335
vt 0.403480 0.984093
vt 0.432157 0.984327
vt 0.432590 0.984093
vt 0.432159 0.984686
vt 0.981758 0.437343
vt 0.433022 0.984327
vt 0.433020 0.984686
vt 0.972088 0.451166
vt 0.972088 0.451977
vt 0.980531 0.524864
vt 0.972123 0.524864
vt 0.326561 0.984816
vt 0.972127 0.525657
vt 0.340293 0.984814
vt 0.341156 0.984429
vt 0.341155 0.984814
vt 0.980535 0.525657
vt 0.972125 0.544903
vt 0.980533 0.544903
vt 0.980533 0.544091
vt 0.383881 0.985098
vt 0.383615 0.984847
vt 0.991490 0.979045
vt 0.972131 0.917287
vt 0.149957 0.987784
vt 0.148998 0.987788
vt 0.991491 0.980004
vt 0.149491 0.987952
vt 0.360508 0.984371
vt 0.360173 0.984093
vt 0.360508 0.984865
vt 0.260892 0.985812
vt 0.259747 0.985812
vt 0.259747 0.984093
vt 0.240313 0.985812
vt 0.239169 0.984093
vt 0.240313 0.984093
vt 0.041196 0.984212
vt 0.239169 0.985812
vt 0.260892 0.984093
vt 0.996268 0.035288
vt 0.977544 0.899517
vt 0.977544 0.899723
vt 0.996269 0.025661
vt 0.972139 0.031288
vt 0.977606 0.890704
vt 0.977606 0.890910
vt 0.115232 0.986763
vt 0.891941 0.264139
vt 0.115229 0.985198
vt 0.111459 0.985337
vt 0.258772 0.820563
vt 0.114221 0.984193
vt 0.325407 0.690528
vt 0.325407 0.578660
vt 0.891941 0.152273
vt 0.119270 0.986889
vt 0.123043 0.985327
vt 0.123040 0.986750
vt 0.335254 0.574594
vt 0.957059 0.891032
vt 0.957059 0.917630
vt 0.549122 0.930865
vt 0.963395 0.890956
vt 0.518410 0.931395
vt 0.545056 0.931393
vt 0.575767 0.930865
vt 0.276630 0.962903
vt 0.600075 0.878822
vt 0.278866 0.962903
vt 0.862610 0.389623
vt 0.789701 0.300511
vt 0.270209 0.963865
vt 0.272446 0.963865
vt 0.203038 0.962885
vt 0.153708 0.963848
vt 0.500830 0.891043
vt 0.307135 0.946873
vt 0.282986 0.947624
vt 0.525264 0.984093
vt 0.529264 0.984093
vt 0.533364 0.984093
vt 0.272068 0.708594
vt 0.002000 0.980089
vt 0.326042 0.985130
vt 0.194144 0.708609
vt 0.374591 0.396001
vt 0.981142 0.492356
vt 0.922923 0.890933
vt 0.972022 0.685088
vt 0.981875 0.427525
vt 0.972028 0.931105
vt 0.509737 0.936414
vt 0.395901 0.387903
vt 0.908524 0.890933
vt 0.978744 0.741561
vt 0.273514 0.985554
vt 0.981789 0.456003
vt 0.648597 0.789602
vt 0.972022 0.787667
vt 0.978844 0.680476
vt 0.789532 0.395901
vt 0.678890 0.878931
vt 0.976765 0.917287
vt 0.303135 0.891044
vt 0.611183 0.882180
vt 0.978426 0.792954
vt 0.975796 0.908681
vt 0.972133 0.462167
vt 0.103496 0.984093
vt 0.518433 0.890935
vt 0.464873 0.984093
vt 0.972022 0.680682
vt 0.878864 0.890934
vt 0.972131 0.348928
vt 0.677560 0.927356
vt 0.069955 0.780273
vt 0.785502 0.395901
vt 0.163927 0.984110
vt 0.038040 0.396101
vt 0.018446 0.785702
vt 0.391789 0.542176
vt 0.658669 0.880355
vt 0.866710 0.300402
vt 0.674813 0.880455
vt 0.089427 0.857918
vt 0.972023 0.092332
vt 0.719116 0.890939
vt 0.988976 0.107148
vt 0.723863 0.890933
vt 0.469414 0.984093
vt 0.978519 0.788548
vt 0.972022 0.782598
vt 0.428202 0.941832
vt 0.437032 0.984986
vt 0.903728 0.890933
vt 0.446669 0.984093
vt 0.450689 0.984986
vt 0.328746 0.943294
vt 0.336763 0.890933
vt 0.979820 0.604422
vt 0.972023 0.274137
vt 0.985520 0.288709
vt 0.972122 0.671564
vt 0.978844 0.667258
vt 0.972122 0.680376
vt 0.978844 0.684882
vt 0.972122 0.689188
vt 0.978844 0.676070
vt 0.972023 0.855925
vt 0.273180 0.984102
vt 0.981442 0.477959
vt 0.267917 0.704593
vt 0.191563 0.984093
vt 0.733861 0.878931
vt 0.107457 0.984193
vt 0.072582 0.984093
vt 0.814962 0.890937
vt 0.837562 0.917743
vt 0.982858 0.358390
vt 0.972022 0.344828
vt 0.388879 0.984103
vt 0.976762 0.926454
vt 0.972022 0.973252
vt 0.976765 0.912704
vt 0.067292 0.988478
vt 0.003784 0.984093
vt 0.996385 0.011964
vt 0.023420 0.890958
vt 0.702221 0.789602
vt 0.099496 0.984093
vt 0.863576 0.890933
vt 0.982967 0.353515
vt 0.981938 0.421842
vt 0.350367 0.984093
vt 0.423293 0.984938
vt 0.052797 0.984094
vt 0.340638 0.984093
vt 0.987786 0.979959
vt 0.058006 0.984094
vt 0.972044 0.054133
vt 0.972023 0.035358
vt 0.121838 0.987994
vt 0.120422 0.984093
vt 0.586291 0.931323
vt 0.579954 0.890933
vt 0.014446 0.879122
vt 0.500915 0.936410
vt 0.296699 0.890944
vt 0.163926 0.984110
vt 0.195766 0.987038
vt 0.127058 0.984093
vt 0.972023 0.158675
vt 0.972023 0.651320
vt 0.972023 0.164595
vt 0.972022 0.645401
vt 0.395801 0.789603
vt 0.978306 0.814778
vt 0.978306 0.810217
vt 0.349775 0.890936
vt 0.462195 0.890941
vt 0.133855 0.984094
vt 0.067724 0.970991
vt 0.972022 0.612947
vt 0.972022 0.667464
vt 0.972022 0.676276
vt 0.089457 0.396002
vt 0.283216 0.704339
vt 0.185274 0.984093
vt 0.972023 0.065349
vt 0.815077 0.917616
vt 0.972134 0.927014
vt 0.976289 0.973132
vt 0.972130 0.913264
vt 0.003904 0.988360
vt 0.833487 0.917616
vt 0.981875 0.422682
vt 0.335247 0.686562
vt 0.120251 0.984164
vt 0.030344 0.890961
vt 0.307237 0.890936
vt 0.283088 0.890934
vt 0.972022 0.637194
vt 0.014446 0.785801
vt 0.785701 0.002000
vt 0.872782 0.300502
vt 0.074055 0.781035
vt 0.641851 0.890935
vt 0.972023 0.098577
vt 0.681594 0.925041
vt 0.978519 0.778395
vt 0.428302 0.890952
vt 0.492424 0.891052
vt 0.985828 0.266987
vt 0.978644 0.733255
vt 0.978744 0.720031
vt 0.978644 0.724643
vt 0.978744 0.728643
vt 0.978644 0.737561
vt 0.972023 0.861328
vt 0.025278 0.988479
vt 0.004212 0.879132
vt 0.076542 0.984193
vt 0.972131 0.344441
vt 0.345675 0.984093
vt 0.031927 0.984094
vt 0.355405 0.984093
vt 0.037152 0.984094
vt 0.778075 0.890934
vt 0.867666 0.917732
vt 0.972031 0.353415
vt 0.393264 0.984256
vt 0.046455 0.988478
vt 0.383615 0.984252
vt 0.041230 0.988478
vt 0.112491 0.987924
vt 0.582291 0.891048
vt 0.600064 0.789602
vt 0.378754 0.396001
vt 0.972023 0.663158
vt 0.972022 0.657239
vt 0.503571 0.884775
vt 0.789724 0.152176
vt 0.742349 0.924921
vt 0.978306 0.805649
vt 0.419529 0.890933
vt 0.898931 0.890933
vt 0.178933 0.987807
vt 0.972022 0.602235
vt 0.972023 0.488203
vt 0.972023 0.483096
vt 0.972133 0.472766
vt 0.301391 0.700217
vt 0.012412 0.890934
vt 0.016497 0.890958
vt 0.848504 0.890933
vt 0.983786 0.979085
vt 0.972044 0.058539
vt 0.080642 0.984093
vt 0.972022 0.349315
vt 0.972124 0.936175
vt 0.009809 0.988360
vt 0.009689 0.984093
vt 0.015714 0.988360
vt 0.015594 0.984093
vt 0.153743 0.890936
vt 0.785402 0.785602
vt 0.022344 0.785886
vt 0.388003 0.542076
vt 0.664741 0.880455
vt 0.668741 0.880355
vt 0.213065 0.986194
vt 0.219057 0.986194
vt 0.991512 0.096500
vt 0.702499 0.925041
vt 0.978519 0.783479
vt 0.425865 0.941714
vt 0.496730 0.939559
vt 0.972122 0.667158
vt 0.972122 0.684782
vt 0.972122 0.675970
vt 0.022344 0.789886
vt 0.189326 0.987341
vt 0.982967 0.358003
vt 0.981938 0.426686
vt 0.345502 0.984093
vt 0.139065 0.984093
vt 0.099396 0.988053
vt 0.852635 0.917743
vt 0.393731 0.984103
vt 0.976762 0.921871
vt 0.051665 0.988478
vt 0.056874 0.988478
vt 0.588627 0.931438
vt 0.212224 0.984164
vt 0.218216 0.984164
vt 0.339273 0.549400
vt 0.977874 0.830227
vt 0.079902 0.781035
vt 0.432337 0.890935
vt 0.972023 0.262956
vt 0.972022 0.671870
vt 0.972022 0.689494
vt 0.977752 0.877612
vt 0.981142 0.497462
vt 0.026672 0.984093
vt 0.972023 0.072242
vt 0.972134 0.922430
vt 0.972130 0.917847
vt 0.203073 0.890947
vt 0.514306 0.890933
vt 0.622596 0.927477
vt 0.496830 0.890952
vt 0.978744 0.732949
vt 0.978744 0.724337
vt 0.978744 0.737255
vt 0.967992 0.704493
vt 0.882931 0.917732
vt 0.972031 0.357903
vt 0.388411 0.984256
vt 0.030780 0.988478
vt 0.378820 0.984252
vt 0.036005 0.988478
vt 0.588727 0.890948
vt 0.269126 0.984093
vt 0.987811 0.168625
vt 0.987811 0.174544
vt 0.997614 0.979036
vt 0.977770 0.882088
vt 0.349202 0.545301
vt 0.978306 0.801081
vt 0.043173 0.972075
vt 0.972124 0.931594
vt 0.391801 0.002015
vt 0.002080 0.391820
vt 0.076899 0.396001
vt 0.391801 0.391901
vt 0.002100 0.391901
vt 0.002000 0.396001
vt 0.523045 0.882948
vt 0.068306 0.784279
vt 0.068206 0.879680
vt 0.977869 0.843229
vt 0.977649 0.869124
vt 0.977769 0.869006
vt 0.972142 0.827627
vt 0.972022 0.827746
vt 0.364676 0.396001
vt 0.364696 0.543305
vt 0.972141 0.834227
vt 0.972023 0.834347
vt 0.339374 0.545301
vt 0.344982 0.396001
s 0
usemtl fuel_urban_001_baked
f 2/1/1 1/2/1 3/3/1
f 2/1/1 3/3/1 4/4/1
f 5/5/1 6/6/1 7/7/1
f 5/5/1 7/7/1 8/8/1
f 9/9/1 10/10/1 11/11/1
f 9/9/1 11/11/1 12/12/1
f 13/13/1 14/14/1 15/15/1
f 13/13/1 15/15/1 16/16/1
f 17/17/2 19/18/2 20/19/2
f 21/20/3 22/21/3 23/22/3
f 24/23/4 25/24/4 26/25/4
f 30/26/5 31/27/5 32/28/5
f 33/29/6 34/30/6 35/31/6
f 36/32/7 37/33/7 38/34/7
f 39/35/8 40/36/8 41/37/8
f 46/38/9 47/39/9 48/40/9
f 49/41/10 50/42/10 51/43/10
f 52/44/11 53/45/11 54/46/11
f 55/47/12 56/48/12 57/49/12
f 58/50/13 59/51/13 60/52/13
f 64/53/14 66/54/14 67/55/14
f 68/56/15 69/57/15 70/58/15
f 71/59/16 72/60/16 73/61/16
f 74/62/17 75/63/17 76/64/17
f 77/65/18 78/66/18 79/67/18
f 80/68/19 81/69/19 82/70/19
f 83/71/20 84/72/20 85/73/20
f 86/74/21 88/75/21 89/76/21
f 90/77/22 91/78/22 92/79/22
f 93/80/23 94/81/23 95/82/23
f 96/83/24 97/84/24 98/85/24
f 99/86/25 100/87/25 101/88/25
f 102/89/26 103/90/26 104/91/26
f 105/92/27 106/93/27 107/94/27
f 108/95/28 109/96/28 110/97/28
f 111/98/29 112/99/29 113/100/29
f 114/101/30 115/102/30 116/103/30
f 117/104/31 118/105/31 119/106/31
f 120/107/6 121/108/6 122/109/6
f 123/110/32 124/111/32 125/112/32
f 126/113/33 127/114/33 128/115/33
f 129/116/34 130/117/34 131/118/34
f 132/119/35 133/120/35 134/121/35
f 135/122/36 136/123/36 137/124/36
f 138/125/37 139/126/37 140/127/37
f 141/128/38 142/129/38 143/130/38
f 144/131/39 145/132/39 146/133/39
f 147/134/40 148/135/40 149/136/40
f 150/137/41 151/138/41 152/139/41
f 153/140/42 154/141/42 155/142/42
f 156/143/43 157/144/43 158/145/43
f 159/146/44 160/147/44 161/148/44
f 162/149/45 163/150/45 164/151/45
f 165/152/46 166/153/46 167/154/46
f 168/155/47 169/156/47 170/157/47
f 171/158/48 172/159/48 173/160/48
f 174/161/49 175/162/49 176/163/49
f 177/164/50 178/165/50 179/166/50
f 180/167/51 181/168/51 182/169/51
f 183/170/52 184/171/52 185/172/52
f 186/173/53 187/174/53 188/175/53
f 189/176/54 190/177/54 191/178/54
f 192/179/55 193/180/55 194/181/55
f 195/182/56 196/183/56 197/184/56
f 198/185/57 199/186/57 200/187/57
f 201/188/58 202/189/58 203/190/58
f 204/191/59 205/192/59 206/193/59
f 207/194/60 208/195/60 209/196/60
f 210/197/61 211/198/61 212/199/61
f 213/200/62 214/201/62 215/202/62
f 216/203/63 217/204/63 218/205/63
f 219/206/64 220/207/64 221/208/64
f 222/209/65 223/210/65 224/211/65
f 225/212/66 226/213/66 227/214/66
f 228/215/67 229/216/67 230/217/67
f 231/218/68 232/219/68 233/220/68
f 234/221/69 235/222/69 236/223/69
f 237/224/60 238/225/60 239/226/60
f 240/227/59 241/228/59 242/229/59
f 243/230/47 244/231/47 245/232/47
f 246/233/52 247/234/52 248/235/52
f 249/236/48 250/237/48 251/238/48
f 252/239/49 253/240/49 254/241/49
f 255/242/58 256/243/58 257/244/58
f 258/245/57 259/246/57 260/247/57
f 261/248/51 262/249/51 263/250/51
f 264/251/61 265/252/61 266/253/61
f 267/254/53 268/255/53 269/256/53
f 270/257/54 271/258/54 272/259/54
f 273/260/55 274/261/55 275/262/55
f 276/263/56 277/264/56 278/265/56
f 279/266/46 280/267/46 281/268/46
f 282/269/50 283/270/50 284/271/50
f 285/272/64 286/273/64 287/274/64
f 288/275/63 289/276/63 290/277/63
f 291/278/67 292/279/67 293/280/67
f 294/281/65 295/282/65 296/283/65
f 297/284/69 298/285/69 299/286/69
f 300/287/66 301/288/66 302/289/66
f 303/290/62 304/291/62 305/292/62
f 306/293/68 307/294/68 308/295/68
f 309/296/70 310/297/70 311/298/70
f 312/299/71 313/300/71 314/301/71
f 315/302/72 316/303/72 317/304/72
f 318/305/73 319/306/73 320/307/73
f 321/308/74 322/309/74 323/310/74
f 324/311/75 325/312/75 326/313/75
f 327/314/76 328/315/76 329/316/76
f 330/317/77 331/318/77 332/319/77
f 333/320/78 334/321/78 335/322/78
f 336/323/79 338/324/79 339/325/79
f 340/326/80 341/327/80 342/328/80
f 343/329/81 345/330/81 346/331/81
f 347/332/82 348/333/82 349/334/82
f 350/335/83 351/336/83 352/337/83
f 354/338/84 356/339/84 353/340/84
f 357/341/85 359/342/85 360/343/85
f 361/344/86 363/345/86 364/346/86
f 366/347/87 368/348/87 365/349/87
f 369/350/88 370/351/88 371/352/88
f 372/353/89 373/354/89 374/355/89
f 375/356/90 376/357/90 377/358/90
f 378/359/91 379/360/91 380/361/91
f 382/362/92 384/363/92 381/364/92
f 385/365/93 386/366/93 387/367/93
f 388/368/94 389/369/94 390/370/94
f 391/371/95 393/372/95 394/373/95
f 396/374/96 398/375/96 395/376/96
f 400/377/97 402/378/97 399/379/97
f 403/380/98 404/381/98 405/382/98
f 406/383/99 407/384/99 408/385/99
f 409/386/100 411/387/100 412/388/100
f 413/389/101 415/390/101 416/391/101
f 417/392/102 418/393/102 419/394/102
f 420/395/103 421/396/103 422/397/103
f 423/398/104 424/399/104 425/400/104
f 426/401/105 427/402/105 428/403/105
f 429/404/106 430/405/106 431/406/106
f 432/407/107 433/408/107 434/409/107
f 435/410/108 436/411/108 437/412/108
f 438/413/109 439/414/109 440/415/109
f 441/416/110 442/417/110 443/418/110
f 444/419/111 445/420/111 446/421/111
f 447/422/112 448/423/112 449/424/112
f 450/425/113 451/426/113 452/427/113
f 453/428/114 454/429/114 455/430/114
f 456/431/115 457/432/115 458/433/115
f 459/434/116 460/435/116 461/436/116
f 462/437/117 463/438/117 464/439/117
f 465/440/118 466/441/118 467/442/118
f 468/443/119 469/444/119 470/445/119
f 471/446/120 472/447/120 473/448/120
f 474/449/121 475/450/121 476/451/121
f 477/452/122 478/453/122 479/454/122
f 480/455/123 481/456/123 482/457/123
f 483/458/124 484/459/124 485/460/124
f 486/461/125 487/462/125 488/463/125
f 489/464/126 490/465/126 491/466/126
f 492/467/127 493/468/127 494/469/127
f 495/470/128 496/471/128 497/472/128
f 498/473/129 499/474/129 500/475/129
f 501/476/130 502/477/130 503/478/130
f 504/479/131 505/480/131 506/481/131
f 507/482/132 508/483/132 509/484/132
f 510/485/133 511/486/133 512/487/133
f 513/488/134 514/489/134 515/490/134
f 516/491/135 517/492/135 518/493/135
f 519/494/136 520/495/136 521/496/136
f 522/497/137 523/498/137 524/499/137
f 525/500/138 526/501/138 527/502/138
f 528/503/139 529/504/139 530/505/139
f 531/506/140 532/507/140 533/508/140
f 534/509/141 535/510/141 536/511/141
f 537/512/142 538/513/142 539/514/142
f 540/515/143 541/516/143 542/517/143
f 543/518/144 544/519/144 545/520/144
f 546/521/130 547/522/130 548/523/130
f 549/524/145 550/525/145 551/526/145
f 552/527/146 553/528/146 554/529/146
f 555/530/147 556/531/147 557/532/147
f 558/533/148 559/534/148 560/535/148
f 561/536/149 562/537/149 563/538/149
f 564/539/150 565/540/150 566/541/150
f 567/542/151 568/543/151 569/544/151
f 570/545/152 571/546/152 572/547/152
f 573/548/153 574/549/153 575/550/153
f 576/551/154 577/552/154 578/553/154
f 579/554/155 580/555/155 581/556/155
f 582/557/156 583/558/156 584/559/156
f 585/560/157 586/561/157 587/562/157
f 588/563/158 589/564/158 590/565/158
f 591/566/159 592/567/159 593/568/159
f 594/569/160 595/570/160 596/571/160
f 597/572/161 598/573/161 599/574/161
f 600/575/162 601/576/162 602/577/162
f 603/578/163 604/579/163 605/580/163
f 606/581/164 607/582/164 608/583/164
f 609/584/165 610/585/165 611/586/165
f 612/587/166 613/588/166 614/589/166
f 615/590/167 616/591/167 617/592/167
f 618/593/168 619/594/168 620/595/168
f 621/596/161 622/597/161 623/598/161
f 624/599/162 625/600/162 626/601/162
f 627/602/163 628/603/163 629/604/163
f 630/605/169 631/606/169 632/607/169
f 633/608/170 634/609/170 635/610/170
f 636/611/164 637/612/164 638/613/164
f 639/614/171 640/615/171 641/616/171
f 642/617/172 643/618/172 644/619/172
f 645/620/169 646/621/169 647/622/169
f 648/623/164 649/624/164 650/625/164
f 651/626/173 652/627/173 653/628/173
f 654/629/174 655/630/174 656/631/174
f 657/632/172 658/633/172 659/634/172
f 660/635/170 661/636/170 662/637/170
f 663/638/161 664/639/161 665/640/161
f 666/641/162 667/642/162 668/643/162
f 669/644/175 670/645/175 671/646/175
f 672/647/176 673/648/176 674/649/176
f 675/650/177 676/651/177 677/652/177
f 678/653/178 679/654/178 680/655/178
f 681/656/179 682/657/179 683/658/179
f 684/659/180 685/660/180 686/661/180
f 687/662/181 688/663/181 689/664/181
f 690/665/182 691/666/182 692/667/182
f 693/668/183 694/669/183 695/670/183
f 696/671/184 697/672/184 698/673/184
f 699/674/185 700/675/185 701/676/185
f 702/677/186 703/678/186 704/679/186
f 705/680/187 706/681/187 707/682/187
f 708/683/188 709/684/188 710/685/188
f 711/686/189 712/687/189 713/688/189
f 714/689/190 715/690/190 716/691/190
f 717/692/191 718/693/191 719/694/191
f 720/695/192 721/696/192 722/697/192
f 723/698/193 724/699/193 725/700/193
f 726/701/194 727/702/194 728/703/194
f 729/704/195 730/705/195 731/706/195
f 732/707/196 733/708/196 734/709/196
f 735/710/197 736/711/197 737/712/197
f 738/713/198 739/714/198 740/715/198
f 789/716/199 790/717/199 791/718/199
f 792/719/200 793/720/200 794/721/200
f 795/722/201 796/723/201 797/724/201
f 798/725/202 799/726/202 800/727/202
f 801/728/203 802/729/203 803/730/203
f 804/731/204 805/732/204 806/733/204
f 807/734/205 808/735/205 809/736/205
f 810/737/38 811/738/38 812/739/38
f 813/740/206 814/741/206 815/742/206
f 816/743/40 817/744/40 818/745/40
f 819/746/207 820/747/207 821/748/207
f 822/749/208 823/750/208 824/751/208
f 825/752/209 826/753/209 827/754/209
f 828/755/205 829/756/205 830/757/205
f 831/758/37 832/759/37 833/760/37
f 834/761/38 835/762/38 836/763/38
f 837/764/199 838/765/199 839/766/199
f 840/767/40 841/768/40 842/769/40
f 843/770/209 844/771/209 845/772/209
f 846/773/205 847/774/205 848/775/205
f 849/776/210 850/777/210 851/778/210
f 852/779/32 853/780/32 854/781/32
f 855/782/201 856/783/201 857/784/201
f 858/785/38 859/786/38 860/787/38
f 861/788/207 862/789/207 863/790/207
f 864/791/206 865/792/206 866/793/206
f 867/794/38 868/795/38 869/796/38
f 870/797/40 871/798/40 872/799/40
f 873/800/209 874/801/209 875/802/209
f 876/803/208 877/804/208 878/805/208
f 879/806/205 880/807/205 881/808/205
f 882/809/37 883/810/37 884/811/37
f 885/812/40 886/813/40 887/814/40
f 888/815/32 889/816/32 890/817/32
f 891/818/211 892/819/211 893/820/211
f 894/821/212 895/822/212 896/823/212
f 897/824/210 898/825/210 899/826/210
f 900/827/209 901/828/209 902/829/209
f 903/830/213 904/831/213 905/832/213
f 906/833/214 907/834/214 908/835/214
f 909/836/209 910/837/209 911/838/209
f 912/839/213 913/840/213 914/841/213
f 915/842/211 916/843/211 917/844/211
f 918/845/40 919/846/40 920/847/40
f 921/848/212 922/849/212 923/850/212
f 924/851/210 925/852/210 926/853/210
f 927/854/32 928/855/32 929/856/32
f 930/857/214 931/858/214 932/859/214
f 933/860/215 934/861/215 935/862/215
f 936/863/216 937/864/216 938/865/216
f 939/866/217 940/867/217 941/868/217
f 942/869/218 943/870/218 944/871/218
f 945/872/219 946/873/219 947/874/219
f 948/875/220 949/876/220 950/877/220
f 951/878/221 952/879/221 953/880/221
f 954/881/222 955/882/222 956/883/222
f 957/884/223 958/885/223 959/886/223
f 960/887/224 961/888/224 962/889/224
f 963/890/225 964/891/225 965/892/225
f 966/893/226 967/894/226 968/895/226
f 969/896/227 970/897/227 971/898/227
f 972/899/228 973/900/228 974/901/228
f 975/902/229 976/903/229 977/904/229
f 978/905/230 979/906/230 980/907/230
f 981/908/223 982/909/223 983/910/223
f 984/911/231 985/912/231 986/913/231
f 987/914/232 988/915/232 989/916/232
f 990/917/233 991/918/233 992/919/233
f 993/920/234 994/921/234 995/922/234
f 996/923/235 997/924/235 998/925/235
f 999/926/236 1000/927/236 1001/928/236
f 1002/929/237 1003/930/237 1004/931/237
f 1005/932/238 1006/933/238 1007/934/238
f 1008/935/239 1009/936/239 1010/937/239
f 1011/938/240 1012/939/240 1013/940/240
f 1014/941/241 1015/942/241 1016/943/241
f 1017/944/242 1018/945/242 1019/946/242
f 1020/947/243 1021/948/243 1022/949/243
f 1023/950/244 1024/951/244 1025/952/244
f 1026/953/245 1027/954/245 1028/955/245
f 1029/956/246 1030/957/246 1031/958/246
f 1032/959/247 1033/960/247 1034/961/247
f 1035/962/248 1036/963/248 1037/964/248
f 1038/965/249 1039/966/249 1040/967/249
f 1041/968/250 1042/969/250 1043/970/250
f 1044/971/251 1045/972/251 1046/973/251
f 1047/974/252 1048/975/252 1049/976/252
f 1050/977/253 1051/978/253 1052/979/253
f 1053/980/254 1054/981/254 1055/982/254
f 1056/983/255 1057/984/255 1058/985/255
f 1059/986/256 1060/987/256 1061/988/256
f 1062/989/257 1063/990/257 1064/991/257
f 1065/992/258 1066/993/258 1067/994/258
f 1068/995/28 1069/996/28 1070/997/28
f 1071/998/259 1072/999/259 1073/1000/259
f 1074/1001/260 1075/1002/260 1076/1003/260
f 1077/1004/261 1078/1005/261 1079/1006/261
f 1080/1007/262 1081/1008/262 1082/1009/262
f 1083/1010/263 1084/1011/263 1085/1012/263
f 1086/1013/264 1087/1014/264 1088/1015/264
f 1089/1016/265 1090/1017/265 1091/1018/265
f 1092/1019/266 1093/1020/266 1094/1021/266
f 1095/1022/267 1096/1023/267 1097/1024/267
f 1098/1025/268 1099/1026/268 1100/1027/268
f 1101/1028/41 1102/1029/41 1103/1030/41
f 1104/1031/269 1105/1032/269 1106/1033/269
f 1107/1034/4 1108/1035/4 1109/1036/4
f 1110/1037/270 1111/1038/270 1112/1039/270
f 1113/1040/271 1114/1041/271 1115/1042/271
f 1116/1043/272 1117/1044/272 1118/1045/272
f 1119/1046/273 1120/1047/273 1121/1048/273
f 1122/1049/274 1123/1050/274 1124/1051/274
f 1125/1052/275 1126/1053/275 1127/1054/275
f 1128/1055/276 1129/1056/276 1130/1057/276
f 1131/1058/277 1132/1059/277 1133/1060/277
f 1134/1061/278 1135/1062/278 1136/1063/278
f 1137/1064/279 1138/1065/279 1139/1066/279
f 1140/1067/280 1141/1068/280 1142/1069/280
f 1143/1070/281 1144/1071/281 1145/1072/281
f 1146/1073/282 1147/1074/282 1148/1075/282
f 1149/1076/283 1150/1077/283 1151/1078/283
f 1152/1079/284 1153/1080/284 1154/1081/284
f 1155/1082/285 1156/1083/285 1157/1084/285
f 1158/1085/286 1159/1086/286 1160/1087/286
f 1161/1088/287 1162/1089/287 1163/1090/287
f 1164/1091/288 1165/1092/288 1166/1093/288
f 1167/1094/289 1168/1095/289 1169/1096/289
f 1170/1097/290 1171/1098/290 1172/1099/290
f 1173/1100/291 1174/1101/291 1175/1102/291
f 1176/1103/292 1177/1104/292 1178/1105/292
f 1179/1106/293 1180/1107/293 1181/1108/293
f 1182/1109/294 1183/1110/294 1184/1111/294
f 1185/1112/295 1186/1113/295 1187/1114/295
f 1188/1115/296 1189/1116/296 1190/1117/296
f 1191/1118/297 1192/1119/297 1193/1120/297
f 1194/1121/298 1195/1122/298 1196/1123/298
f 1197/1124/299 1198/1125/299 1199/1126/299
f 1200/1127/300 1201/1128/300 1202/1129/300
f 1203/1130/301 1204/1131/301 1205/1132/301
f 1206/1133/302 1207/1134/302 1208/1135/302
f 1209/1136/303 1210/1137/303 1211/1138/303
f 1212/1139/304 1213/1140/304 1214/1141/304
f 1215/1142/305 1216/1143/305 1217/1144/305
f 1218/1145/306 1219/1146/306 1220/1147/306
f 1221/1148/307 1222/1149/307 1223/1150/307
f 1224/1151/308 1225/1152/308 1226/1153/308
f 1227/1154/309 1228/1155/309 1229/1156/309
f 1230/1157/310 1231/1158/310 1232/1159/310
f 1233/1160/311 1234/1161/311 1235/1162/311
f 1236/1163/312 1237/1164/312 1238/1165/312
f 1239/1166/313 1240/1167/313 1241/1168/313
f 1242/1169/314 1243/1170/314 1244/1171/314
f 1245/1172/315 1246/1173/315 1247/1174/315
f 1248/1175/316 1249/1176/316 1250/1177/316
f 1251/1178/317 1252/1179/317 1253/1180/317
f 1254/1181/318 1255/1182/318 1256/1183/318
f 1257/1184/319 1258/1185/319 1259/1186/319
f 1260/1187/320 1261/1188/320 1262/1189/320
f 1263/1190/321 1264/1191/321 1265/1192/321
f 1266/1193/322 1267/1194/322 1268/1195/322
f 1269/1196/323 1270/1197/323 1271/1198/323
f 1272/1199/324 1273/1200/324 1274/1201/324
f 1275/1202/325 1276/1203/325 1277/1204/325
f 1278/1205/326 1279/1206/326 1280/1207/326
f 1281/1208/327 1282/1209/327 1283/1210/327
f 1284/1211/328 1285/1212/328 1286/1213/328
f 1287/1214/329 1288/1215/329 1289/1216/329
f 1290/1217/330 1291/1218/330 1292/1219/330
f 1293/1220/331 1294/1221/331 1295/1222/331
f 1296/1223/332 1297/1224/332 1298/1225/332
f 1299/1226/333 1300/1227/333 1301/1228/333
f 1302/1229/334 1303/1230/334 1304/1231/334
f 1305/1232/335 1306/1233/335 1307/1234/335
f 1308/1235/336 1309/1236/336 1310/1237/336
f 1311/1238/337 1312/1239/337 1313/1240/337
f 1314/1241/338 1315/1242/338 1316/1243/338
f 1317/1244/339 1318/1245/339 1319/1246/339
f 1320/1247/340 1321/1248/340 1322/1249/340
f 1323/1250/341 1324/1251/341 1325/1252/341
f 1326/1253/342 1327/1254/342 1328/1255/342
f 1329/1256/343 1330/1257/343 1331/1258/343
f 1332/1259/344 1333/1260/344 1334/1261/344
f 1335/1262/345 1336/1263/345 1337/1264/345
f 1338/1265/346 1339/1266/346 1340/1267/346
f 1341/1268/347 1342/1269/347 1343/1270/347
f 1344/1271/348 1345/1272/348 1346/1273/348
f 1347/1274/349 1348/1275/349 1349/1276/349
f 1350/1277/350 1351/1278/350 1352/1279/350
f 1353/1280/351 1354/1281/351 1355/1282/351
f 1356/1283/352 1357/1284/352 1358/1285/352
f 1359/1286/353 1360/1287/353 1361/1288/353
f 1362/1289/354 1363/1290/354 1364/1291/354
f 1365/1292/355 1366/1293/355 1367/1294/355
f 1368/1295/356 1369/1296/356 1370/1297/356
f 1371/1298/357 1372/1299/357 1373/1300/357
f 1374/1301/358 1375/1302/358 1376/1303/358
f 1377/1304/359 1378/1305/359 1379/1306/359
f 1380/1307/360 1381/1308/360 1382/1309/360
f 1383/1310/361 1384/1311/361 1385/1312/361
f 1386/1313/362 1387/1314/362 1388/1315/362
f 1389/1316/363 1390/1317/363 1391/1318/363
f 1392/1319/364 1393/1320/364 1394/1321/364
f 1395/1322/365 1396/1323/365 1397/1324/365
f 1398/1325/366 1399/1326/366 1400/1327/366
f 1401/1328/367 1402/1329/367 1403/1330/367
f 1404/1331/368 1405/1332/368 1406/1333/368
f 1407/1334/369 1408/1335/369 1409/1336/369
f 1410/1337/370 1411/1338/370 1412/1339/370
f 1413/1340/329 1414/1341/329 1415/1342/329
f 1416/1343/371 1417/1344/371 1418/1345/371
f 1419/1346/372 1420/1347/372 1421/1348/372
f 1422/1349/373 1423/1350/373 1424/1351/373
f 1425/1352/374 1426/1353/374 1427/1354/374
f 1428/1355/375 1429/1356/375 1430/1357/375
f 1431/1358/376 1432/1359/376 1433/1360/376
f 1434/1361/377 1435/1362/377 1436/1363/377
f 1437/1364/378 1438/1365/378 1439/1366/378
f 1440/1367/379 1441/1368/379 1442/1369/379
f 1443/1370/380 1444/1371/380 1445/1372/380
f 1446/1373/381 1447/1374/381 1448/1375/381
f 1449/1376/382 1450/1377/382 1451/1378/382
f 1452/1379/383 1453/1380/383 1454/1381/383
f 1455/1382/384 1456/1383/384 1457/1384/384
f 1458/1385/385 1459/1386/385 1460/1387/385
f 1461/1388/261 1462/1389/261 1463/1390/261
f 1464/1391/267 1465/1392/267 1466/1393/267
f 1467/1394/262 1468/1395/262 1469/1396/262
f 1470/1397/386 1471/1398/386 1472/1399/386
f 1473/1400/263 1474/1401/263 1475/1402/263
f 1476/1403/266 1477/1404/266 1478/1405/266
f 1479/1406/265 1480/1407/265 1481/1408/265
f 1482/1409/264 1483/1410/264 1484/1411/264
f 1485/1412/387 1486/1413/387 1487/1414/387
f 1488/1415/274 1489/1416/274 1490/1417/274
f 1491/1418/388 1492/1419/388 1493/1420/388
f 1494/1421/273 1495/1422/273 1496/1423/273
f 1497/1424/389 1498/1425/389 1499/1426/389
f 1500/1427/35 1501/1428/35 1502/1429/35
f 1503/1430/269 1504/1431/269 1505/1432/269
f 1506/1433/4 1507/1434/4 1508/1435/4
f 1509/1436/276 1510/1437/276 1511/1438/276
f 1512/1439/280 1513/1440/280 1514/1441/280
f 1515/1442/279 1516/1443/279 1517/1444/279
f 1518/1445/278 1519/1446/278 1520/1447/278
f 1521/1448/275 1522/1449/275 1523/1450/275
f 1524/1451/281 1525/1452/281 1526/1453/281
f 1527/1454/282 1528/1455/282 1529/1456/282
f 1530/1457/277 1531/1458/277 1532/1459/277
f 1533/1460/390 1534/1461/390 1535/1462/390
f 1536/1463/288 1537/1464/288 1538/1465/288
f 1539/1466/391 1540/1467/391 1541/1468/391
f 1542/1469/284 1543/1470/284 1544/1471/284
f 1545/1472/289 1546/1473/289 1547/1474/289
f 1548/1475/285 1549/1476/285 1550/1477/285
f 1551/1478/392 1552/1479/392 1553/1480/392
f 1554/1481/287 1555/1482/287 1556/1483/287
f 1557/1484/301 1558/1485/301 1559/1486/301
f 1560/1487/298 1561/1488/298 1562/1489/298
f 1563/1490/294 1564/1491/294 1565/1492/294
f 1566/1493/393 1567/1494/393 1568/1495/393
f 1569/1496/293 1570/1497/293 1571/1498/293
f 1572/1499/296 1573/1500/296 1574/1501/296
f 1575/1502/297 1576/1503/297 1577/1504/297
f 1578/1505/292 1579/1506/292 1580/1507/292
f 1581/1508/394 1582/1509/394 1583/1510/394
f 1584/1511/299 1585/1512/299 1586/1513/299
f 1587/1514/395 1588/1515/395 1589/1516/395
f 1590/1517/302 1591/1518/302 1592/1519/302
f 1593/1520/308 1594/1521/308 1595/1522/308
f 1596/1523/396 1597/1524/396 1598/1525/396
f 1599/1526/314 1600/1527/314 1601/1528/314
f 1602/1529/312 1603/1530/312 1604/1531/312
f 1605/1532/307 1606/1533/307 1607/1534/307
f 1608/1535/303 1609/1536/303 1610/1537/303
f 1611/1538/397 1612/1539/397 1613/1540/397
f 1614/1541/309 1615/1542/309 1616/1543/309
f 1617/1544/310 1618/1545/310 1619/1546/310
f 1620/1547/311 1621/1548/311 1622/1549/311
f 1623/1550/398 1624/1551/398 1625/1552/398
f 1626/1553/305 1627/1554/305 1628/1555/305
f 1629/1556/315 1630/1557/315 1631/1558/315
f 1632/1559/320 1633/1560/320 1634/1561/320
f 1635/1562/317 1636/1563/317 1637/1564/317
f 1638/1565/316 1639/1566/316 1640/1567/316
f 1641/1568/399 1642/1569/399 1643/1570/399
f 1644/1571/400 1645/1572/400 1646/1573/400
f 1647/1574/325 1648/1575/325 1649/1576/325
f 1650/1577/321 1651/1578/321 1652/1579/321
f 1653/1580/318 1654/1581/318 1655/1582/318
f 1656/1583/324 1657/1584/324 1658/1585/324
f 1659/1586/326 1660/1587/326 1661/1588/326
f 1662/1589/319 1663/1590/319 1664/1591/319
f 1665/1592/329 1666/1593/329 1667/1594/329
f 1668/1595/332 1669/1596/332 1670/1597/332
f 1671/1598/330 1672/1599/330 1673/1600/330
f 1674/1601/328 1675/1602/328 1676/1603/328
f 1677/1604/331 1678/1605/331 1679/1606/331
f 1680/1607/401 1681/1608/401 1682/1609/401
f 1683/1610/334 1684/1611/334 1685/1612/334
f 1686/1613/333 1687/1614/333 1688/1615/333
f 1689/1616/339 1690/1617/339 1691/1618/339
f 1692/1619/346 1693/1620/346 1694/1621/346
f 1695/1622/338 1696/1623/338 1697/1624/338
f 1698/1625/345 1699/1626/345 1700/1627/345
f 1701/1628/402 1702/1629/402 1703/1630/402
f 1704/1631/341 1705/1632/341 1706/1633/341
f 1707/1634/340 1708/1635/340 1709/1636/340
f 1710/1637/335 1711/1638/335 1712/1639/335
f 1713/1640/337 1714/1641/337 1715/1642/337
f 1716/1643/403 1717/1644/403 1718/1645/403
f 1719/1646/344 1720/1647/344 1721/1648/344
f 1722/1649/336 1723/1650/336 1724/1651/336
f 1725/1652/357 1726/1653/357 1727/1654/357
f 1728/1655/352 1729/1656/352 1730/1657/352
f 1731/1658/404 1732/1659/404 1733/1660/404
f 1734/1661/356 1735/1662/356 1736/1663/356
f 1737/1664/351 1738/1665/351 1739/1666/351
f 1740/1667/405 1741/1668/405 1742/1669/405
f 1743/1670/406 1744/1671/406 1745/1672/406
f 1746/1673/348 1747/1674/348 1748/1675/348
f 1749/1676/355 1750/1677/355 1751/1678/355
f 1752/1679/350 1753/1680/350 1754/1681/350
f 1755/1682/407 1756/1683/407 1757/1684/407
f 1758/1685/408 1759/1686/408 1760/1687/408
f 1761/1688/409 1762/1689/409 1763/1690/409
f 1764/1691/410 1765/1692/410 1766/1693/410
f 1767/1694/368 1768/1695/368 1769/1696/368
f 1770/1697/411 1771/1698/411 1772/1699/411
f 1773/1700/369 1774/1701/369 1775/1702/369
f 1776/1703/364 1777/1704/364 1778/1705/364
f 1779/1706/370 1780/1707/370 1781/1708/370
f 1782/1709/412 1783/1710/412 1784/1711/412
f 1785/1712/413 1786/1713/413 1787/1714/413
f 1788/1715/365 1789/1716/365 1790/1717/365
f 1791/1718/367 1792/1719/367 1793/1720/367
f 1794/1721/414 1795/1722/414 1796/1723/414
f 1797/1724/376 1798/1725/376 1799/1726/376
f 1800/1727/329 1801/1728/329 1802/1729/329
f 1803/1730/415 1804/1731/415 1805/1732/415
f 1806/1733/372 1807/1734/372 1808/1735/372
f 1809/1736/377 1810/1737/377 1811/1738/377
f 1812/1739/416 1813/1740/416 1814/1741/416
f 1815/1742/375 1816/1743/375 1817/1744/375
f 1818/1745/417 1819/1746/417 1820/1747/417
f 1821/1748/418 1822/1749/418 1823/1750/418
f 1824/1751/419 1825/1752/419 1826/1753/419
f 1827/1754/420 1828/1755/420 1829/1756/420
f 1830/1757/421 1831/1758/421 1832/1759/421
f 1833/1760/379 1834/1761/379 1835/1762/379
f 1836/1763/383 1837/1764/383 1838/1765/383
f 1839/1766/422 1840/1767/422 1841/1768/422
f 1842/1769/378 1843/1770/378 1844/1771/378
f 1845/1772/46 1846/1773/46 1847/1774/46
f 1848/1775/423 1849/1776/423 1850/1777/423
f 1851/1778/424 1852/1779/424 1853/1780/424
f 1854/1781/425 1855/1782/425 1856/1783/425
f 1857/1784/50 1858/1785/50 1859/1786/50
f 1860/1787/426 1861/1788/426 1862/1789/426
f 1863/1790/53 1864/1791/53 1865/1792/53
f 1866/1793/55 1867/1794/55 1868/1795/55
f 1869/1796/427 1870/1797/427 1871/1798/427
f 1872/1799/428 1873/1800/428 1874/1801/428
f 1875/1802/429 1876/1803/429 1877/1804/429
f 1878/1805/430 1879/1806/430 1880/1807/430
f 1881/1808/431 1882/1809/431 1883/1810/431
f 1884/1811/432 1885/1812/432 1886/1813/432
f 1887/1814/433 1888/1815/433 1889/1816/433
f 1890/1817/434 1891/1818/434 1892/1819/434
f 1893/1820/435 1894/1821/435 1895/1822/435
f 1896/1823/436 1897/1824/436 1898/1825/436
f 1899/1826/437 1900/1827/437 1901/1828/437
f 1902/1829/438 1903/1830/438 1904/1831/438
f 1905/1832/439 1906/1833/439 1907/1834/439
f 1908/1835/440 1909/1836/440 1910/1837/440
f 1911/1838/441 1912/1839/441 1913/1840/441
f 1914/1841/442 1915/1842/442 1916/1843/442
f 1917/1844/161 1918/1845/161 1919/1846/161
f 1920/1847/162 1921/1848/162 1922/1849/162
f 1923/1850/443 1924/1851/443 1925/1852/443
f 1926/1853/444 1927/1854/444 1928/1855/444
f 1929/1856/445 1930/1857/445 1931/1858/445
f 1932/1859/446 1933/1860/446 1934/1861/446
f 1935/1862/447 1936/1863/447 1937/1864/447
f 1938/1865/448 1939/1866/448 1940/1867/448
f 1941/1868/449 1942/1869/449 1943/1870/449
f 1944/1871/450 1945/1872/450 1946/1873/450
f 1947/1874/451 1948/1875/451 1949/1876/451
f 1950/1877/452 1951/1878/452 1952/1879/452
f 1953/1880/453 1954/1881/453 1955/1882/453
f 1956/1883/454 1957/1884/454 1958/1885/454
f 1959/1886/455 1960/1887/455 1961/1888/455
f 1962/1889/456 1963/1890/456 1964/1891/456
f 1965/1892/457 1966/1893/457 1967/1894/457
f 1968/1895/458 1969/1896/458 1970/1897/458
f 1971/1898/459 1972/1899/459 1973/1900/459
f 1974/1901/460 1975/1902/460 1976/1903/460
f 1977/1904/461 1978/1905/461 1979/1906/461
f 1980/1907/462 1981/1908/462 1982/1909/462
f 1983/1910/463 1984/1911/463 1985/1912/463
f 1986/1913/464 1987/1914/464 1988/1915/464
f 258/1916/465 255/1917/465 257/1918/465
f 432/1919/466 437/412/466 433/1920/466
f 528/503/467 533/508/467 529/504/467
f 568/543/468 565/1921/468 564/1922/468
f 1075/1923/469 1071/998/469 1073/1000/469
f 1170/1924/470 1167/1094/470 1169/1096/470
f 1177/1104/471 1174/1101/471 1173/1100/471
f 1709/1636/472 1712/1639/472 1707/1634/472
f 1759/1925/473 1756/1926/473 1755/1927/473
f 1826/1928/474 1829/1929/474 1824/1930/474
f 80/68/475 77/65/475 79/67/475
f 102/1931/476 99/1932/476 101/1933/476
f 324/1934/477 321/1935/477 323/1936/477
f 405/1937/478 408/1938/478 403/1939/478
f 993/1940/479 990/1941/479 992/1942/479
f 1047/1943/480 1052/1944/480 1048/1945/480
f 1227/1154/481 1224/1151/481 1226/1153/481
f 1329/1256/482 1323/1250/482 1325/1252/482
f 1452/1946/483 1457/1384/483 1453/1947/483
f 1713/1640/484 1712/1948/484 1711/1949/484
f 315/302/485 313/300/485 312/299/485
f 534/509/486 539/514/486 535/510/486
f 653/628/487 656/1950/487 651/626/487
f 873/1951/488 870/1952/488 872/1953/488
f 1205/1132/489 1208/1954/489 1203/1130/489
f 1265/1955/490 1268/1956/490 1263/1957/490
f 1301/1958/491 1304/1959/491 1299/1960/491
f 1328/1255/492 1329/1256/492 1326/1253/492
f 1397/1324/493 1400/1327/493 1395/1322/493
f 1698/1625/494 1696/1623/494 1695/1622/494
f 1952/1961/495 1955/1962/495 1950/1963/495
f 1968/1895/496 1966/1964/496 1965/1965/496
f 75/1966/488 71/1967/488 73/1968/488
f 588/563/497 585/560/497 587/562/497
f 636/611/498 633/608/498 635/610/498
f 657/632/499 656/631/499 655/630/499
f 662/637/500 663/1969/500 660/635/500
f 810/1970/501 807/1971/501 809/1972/501
f 955/1973/502 948/875/502 950/877/502
f 1023/950/95 1017/944/95 1019/946/95
f 1314/1974/503 1312/1239/503 1311/1238/503
f 1391/1975/504 1394/1321/504 1389/1976/504
f 1574/1977/505 1577/1504/505 1572/1978/505
f 1908/1835/506 1905/1832/506 1907/1834/506
f 112/1979/507 109/96/507 108/95/507
f 150/1980/488 147/1981/488 149/1982/488
f 277/264/508 273/1983/508 275/1984/508
f 368/348/21 371/352/21 365/349/21
f 506/1985/509 509/1986/509 504/1987/509
f 675/650/510 672/1988/510 674/1989/510
f 853/1990/511 849/776/511 851/778/511
f 951/1991/512 955/1992/512 952/1993/512
f 1024/1994/513 1020/1995/513 1022/1996/513
f 1271/1997/514 1274/1201/514 1269/1998/514
f 1367/1999/515 1368/2000/515 1365/2001/515
f 1478/2002/516 1479/2003/516 1476/2004/516
f 1732/2005/517 1728/2006/517 1730/2007/517
f 1765/2008/518 1762/2009/518 1761/2010/518
f 1975/2011/519 1971/2012/519 1973/2013/519
f 90/77/520 87/2014/520 86/74/520
f 153/140/521 152/139/521 151/138/521
f 240/2015/522 238/225/522 237/224/522
f 372/353/511 371/352/511 370/351/511
f 508/2016/523 512/2017/523 509/2018/523
f 561/2019/524 555/2020/524 557/2021/524
f 753/2022/525 751/2023/525 752/2024/525
f 761/2025/526 759/2026/526 760/2027/526
f 975/2028/527 980/2029/527 976/2030/527
f 1122/2031/501 1119/2032/501 1121/2033/501
f 1273/2034/528 1277/1204/528 1274/2035/528
f 1464/1391/529 1461/1388/529 1463/1390/529
f 1749/1676/530 1746/1673/530 1748/1675/530
f 1899/2036/531 1896/2037/531 1898/2038/531
f 159/146/100 156/2039/100 158/2040/100
f 208/195/532 204/2041/532 206/2042/532
f 261/248/533 264/251/533 262/249/533
f 495/2043/534 498/2044/534 496/2045/534
f 540/515/535 543/518/535 541/516/535
f 562/537/100 558/533/100 560/535/100
f 708/683/79 706/2046/79 705/2047/79
f 844/2048/488 840/2049/488 842/2050/488
f 957/2051/536 960/2052/536 958/2053/536
f 1220/1147/537 1221/1148/537 1218/1145/537
f 1467/2054/538 1470/2055/538 1468/2056/538
f 1517/2057/539 1518/2058/539 1515/2059/539
f 1537/2060/540 1534/2061/540 1533/2062/540
f 1552/2063/541 1549/2064/541 1548/2065/541
f 1625/2066/542 1626/2067/542 1623/2068/542
f 49/41/543 46/38/543 48/40/543
f 387/367/544 390/370/544 385/365/544
f 431/2069/545 436/2070/545 429/2071/545
f 518/2072/546 521/2073/546 516/2074/546
f 527/2075/523 532/2076/523 525/2077/523
f 709/2078/547 713/2079/547 710/2080/547
f 864/791/95 861/2081/95 863/2082/95
f 941/868/548 944/871/548 939/866/548
f 1097/1024/549 1100/1027/549 1095/1022/549
f 1190/2083/505 1193/1120/505 1188/2084/505
f 1581/1508/550 1578/1505/550 1580/1507/550
f 1670/1597/551 1673/1600/551 1668/1595/551
f 1805/1732/551 1808/1735/551 1803/1730/551
f 1937/2085/552 1938/1865/552 1935/2086/552
f 64/2087/553 17/2088/553 20/2089/553
f 34/2090/501 30/2091/501 32/2092/501
f 41/2093/554 18/2094/554 39/2095/554
f 45/2096/555 52/2097/555 42/2098/555
f 54/2099/556 36/32/556 38/34/556
f 75/1966/557 68/56/557 76/2100/557
f 56/2101/501 58/2102/501 60/2103/501
f 72/2104/558 88/75/558 73/1968/558
f 81/2105/559 83/2106/559 85/2107/559
f 43/2108/560 77/2109/560 44/2110/560
f 79/2111/507 92/79/507 91/78/507
f 97/2112/561 114/2113/561 116/2114/561
f 101/2115/562 106/2116/562 105/2117/562
f 129/2118/563 117/2119/563 119/2120/563
f 127/2121/488 135/2122/488 137/2123/488
f 128/2124/564 132/119/564 134/121/564
f 163/150/507 151/2125/507 150/1980/507
f 142/2126/501 155/2127/501 154/2128/501
f 145/2129/562 149/1982/562 148/2130/562
f 205/192/565 167/154/565 206/193/565
f 198/2131/465 201/2132/465 203/2133/465
f 186/173/566 183/170/566 187/174/566
f 176/163/567 171/158/567 174/161/567
f 210/197/568 180/167/568 211/198/568
f 219/206/569 231/218/569 220/207/569
f 224/211/570 234/221/570 222/209/570
f 228/215/571 216/203/571 229/216/571
f 241/228/565 281/268/565 242/229/565
f 267/254/566 246/233/566 268/255/566
f 254/241/567 249/236/567 252/239/567
f 285/272/569 306/293/569 286/273/569
f 296/283/570 297/284/570 294/281/570
f 291/278/571 288/275/571 292/279/571
f 325/312/572 330/317/572 332/319/572
f 322/309/573 316/303/573 315/302/573
f 323/310/574 309/296/574 311/298/574
f 348/2134/575 334/321/575 333/320/575
f 351/336/576 341/2135/576 340/2136/576
f 395/376/577 357/341/577 360/343/577
f 391/371/578 366/347/578 365/349/578
f 373/354/579 393/372/579 374/355/579
f 375/356/580 402/378/580 376/357/580
f 413/389/581 379/2137/581 378/2138/581
f 389/2139/79 408/385/79 407/384/79
f 392/2140/488 385/2141/488 393/372/488
f 387/2142/579 404/381/579 403/380/579
f 414/2143/21 368/348/21 367/2144/21
f 364/346/501 420/395/501 361/344/501
f 418/2145/582 424/399/582 423/398/582
f 430/2146/583 441/2147/583 443/2148/583
f 449/2149/584 430/405/584 447/2150/584
f 462/2151/585 453/2152/585 463/2153/585
f 460/2154/501 465/440/501 467/442/501
f 456/2155/586 471/2156/586 457/2157/586
f 479/2158/587 488/2159/587 477/2160/587
f 494/469/588 480/2161/588 492/467/588
f 491/2162/589 481/2163/589 489/2164/589
f 507/482/590 501/476/590 508/483/590
f 511/2165/591 522/2166/591 512/2167/591
f 505/480/592 513/488/592 506/481/592
f 537/2168/509 525/2169/509 538/2170/509
f 548/523/593 526/501/593 546/521/593
f 556/531/594 550/2171/594 549/2172/594
f 571/2173/501 552/2174/501 554/2175/501
f 594/569/595 576/2176/595 578/2177/595
f 574/549/488 587/2178/488 586/2179/488
f 575/550/596 591/566/596 593/568/596
f 597/2180/597 615/2181/597 598/2182/597
f 611/2183/552 606/581/552 609/2184/552
f 618/2185/598 603/2186/598 619/2187/598
f 624/2188/599 632/2189/599 625/2190/599
f 634/609/500 621/2191/500 635/610/500
f 641/2192/600 622/2193/600 639/2194/600
f 664/2195/601 652/2196/601 665/2197/601
f 647/2198/552 648/623/552 645/2199/552
f 661/2200/598 654/2201/598 662/2202/598
f 674/1989/79 690/665/79 692/667/79
f 670/2203/602 687/662/602 689/664/602
f 671/2204/579 678/653/579 680/655/579
f 703/678/579 694/2205/579 693/2206/579
f 706/2207/603 714/2208/603 707/2209/603
f 697/2210/582 700/675/582 699/674/582
f 729/2211/604 718/693/604 717/692/604
f 736/2212/605 738/2213/605 740/2214/605
f 737/2215/606 727/702/606 726/701/606
f 780/2216/607 776/2217/607 779/2218/607
f 753/2219/608 756/2220/608 754/2221/608
f 761/2222/609 786/2223/609 762/2224/609
f 763/2225/610 747/2226/610 748/2227/610
f 768/2228/611 755/2229/611 767/2230/611
f 746/2231/612 775/2232/612 745/2233/612
f 757/2234/613 781/2235/613 782/2236/613
f 741/2237/614 783/2238/614 784/2239/614
f 788/2240/615 785/2241/615 787/2242/615
f 799/2243/616 793/2244/616 792/2245/616
f 796/723/100 789/2246/100 791/2247/100
f 797/2248/563 809/1972/563 808/2249/563
f 832/759/84 835/2250/84 834/2251/84
f 822/2252/511 819/746/511 821/748/511
f 842/2050/616 854/2253/616 853/1990/616
f 856/783/100 837/2254/100 839/2255/100
f 857/2256/563 847/2257/563 846/2258/563
f 882/809/84 868/2259/84 867/2260/84
f 876/2261/511 863/790/511 862/789/511
f 885/2262/616 889/2263/616 888/2264/616
f 904/831/100 906/2265/100 908/2266/100
f 905/2267/563 895/2268/563 894/2269/563
f 930/857/84 916/2270/84 915/2271/84
f 927/2272/511 924/851/511 926/853/511
f 933/2273/617 938/2274/617 934/2275/617
f 943/2276/618 953/2277/618 952/2278/618
f 949/2279/619 943/2280/619 950/2281/619
f 966/2282/620 979/2283/620 967/2284/620
f 961/2285/621 974/2286/621 962/2287/621
f 987/2288/622 990/2289/622 988/2290/622
f 1004/2291/623 984/2292/623 1002/2293/623
f 999/2294/624 985/2295/624 1000/2296/624
f 1022/949/625 1015/2297/625 1014/2298/625
f 1011/2299/626 1019/2300/626 1018/2301/626
f 1041/968/582 1033/2302/582 1032/2303/582
f 1049/976/559 1039/2304/559 1038/2305/559
f 1070/2306/627 1064/2307/627 1068/2308/627
f 1083/2309/628 1077/2310/628 1084/2311/628
f 1088/2312/629 1080/1007/629 1086/2313/629
f 1092/2314/516 1089/2315/516 1093/2316/516
f 1121/2033/79 1105/2317/79 1104/2318/79
f 1102/2319/488 1110/2320/488 1112/2321/488
f 1103/2322/579 1113/1040/579 1115/1042/579
f 1125/1052/630 1137/2323/630 1126/1053/630
f 1145/2324/631 1131/2325/631 1143/2326/631
f 1140/2327/632 1134/2328/632 1141/2329/632
f 1155/2330/633 1149/2331/633 1151/2332/633
f 1172/2333/488 1164/2334/488 1166/2335/488
f 1191/2336/634 1196/1123/634 1192/2337/634
f 1180/2338/635 1183/2339/635 1182/2340/635
f 1224/2341/636 1211/1138/636 1225/2342/636
f 1223/2343/637 1243/2344/637 1242/2345/637
f 1231/1158/638 1237/1164/638 1236/1163/638
f 1279/2346/639 1246/2347/639 1245/2348/639
f 1264/1191/640 1276/1203/640 1265/1192/640
f 1261/1188/641 1249/1176/641 1248/1175/641
f 1298/1225/642 1287/2349/642 1296/1223/642
f 1283/2350/643 1288/2351/643 1281/2352/643
f 1333/1260/644 1309/2353/644 1308/2354/644
f 1327/2355/645 1312/1239/645 1328/2356/645
f 1324/2357/646 1318/1245/646 1317/1244/646
f 1346/2358/647 1352/1279/647 1344/2359/647
f 1362/2360/517 1357/2361/517 1356/2362/517
f 1354/1281/648 1374/1301/648 1376/1303/648
f 1378/2363/518 1381/2364/518 1380/2365/518
f 1396/2366/649 1409/1336/649 1397/2367/649
f 1384/1311/650 1391/1318/650 1390/1317/650
f 1433/2368/651 1418/2369/651 1431/2370/651
f 1424/1351/642 1413/2371/642 1422/1349/642
f 1427/2372/643 1414/2373/643 1425/2374/643
f 1437/2375/652 1456/2376/652 1438/2377/652
f 1451/2378/653 1440/1367/653 1449/2379/653
f 1446/2380/654 1453/2381/654 1447/2382/654
f 1465/2383/655 1484/2384/655 1466/2385/655
f 1476/1403/656 1473/2386/656 1477/1404/656
f 1461/2387/657 1474/2388/657 1462/2389/657
f 1501/1428/579 1486/2390/579 1485/2391/579
f 1489/2392/501 1494/2393/501 1496/2394/501
f 1498/2395/582 1492/2396/582 1491/2397/582
f 1511/2398/658 1524/1451/658 1509/2399/658
f 1514/2400/659 1521/2401/659 1512/2402/659
f 1516/2403/660 1522/1449/660 1517/2404/660
f 1546/1473/661 1540/2405/661 1539/2406/661
f 1543/2407/501 1550/2408/501 1549/2064/501
f 1586/1513/662 1573/1500/662 1584/1511/662
f 1567/2409/663 1558/1485/663 1557/1484/663
f 1582/1509/664 1590/1517/664 1592/1519/664
f 1621/2410/665 1625/2066/665 1624/2411/665
f 1611/2412/666 1616/2413/666 1612/2414/666
f 1597/2415/667 1628/1555/667 1627/1554/667
f 1658/1585/668 1643/2416/668 1656/1583/668
f 1644/1571/669 1636/1563/669 1635/1562/669
f 1654/1581/670 1662/2417/670 1664/2418/670
f 1665/2419/671 1680/2420/671 1666/2421/671
f 1688/2422/672 1671/1598/672 1686/2423/672
f 1668/2424/673 1674/2425/673 1669/2426/673
f 1701/2427/674 1693/1620/674 1692/1619/674
f 1734/2428/675 1750/2429/675 1735/2430/675
f 1744/2431/676 1726/1653/676 1725/1652/676
f 1793/1720/677 1769/1696/677 1791/1718/677
f 1782/2432/678 1777/1704/678 1776/1703/678
f 1780/2433/679 1794/2434/679 1796/2435/679
f 1800/2436/671 1812/2437/671 1801/2438/671
f 1820/2439/672 1806/1733/672 1818/2440/672
f 1803/2441/673 1809/2442/673 1804/2443/673
f 1832/1759/680 1842/2444/680 1830/1757/680
f 1823/2445/681 1843/2446/681 1821/2447/681
f 1888/2448/682 1852/2449/682 1851/2450/682
f 1848/1775/683 1863/1790/683 1849/1776/683
f 1858/2451/684 1869/2452/684 1871/2453/684
f 1876/1803/685 1866/2454/685 1868/2455/685
f 1882/2456/686 1860/2457/686 1862/2458/686
f 1893/2459/687 1911/2460/687 1913/2461/687
f 1903/2462/488 1907/2463/488 1906/2464/488
f 1904/2465/688 1914/1841/688 1916/1843/688
f 1939/2466/689 1928/2467/689 1940/2468/689
f 1931/1858/487 1925/2469/487 1929/1856/487
f 1944/1871/690 1960/1887/690 1959/1886/690
f 1949/2470/691 1962/2471/691 1947/2472/691
f 1964/1891/692 1952/1879/692 1951/1878/692
f 1983/2473/693 1987/2474/693 1986/2475/693
f 1982/1909/694 1972/1899/694 1980/1907/694
f 21/20/695 67/2476/695 66/2477/695
f 18/2094/696 52/44/696 54/46/696
f 40/36/697 38/2478/697 37/2479/697
f 70/2480/698 64/2481/698 68/2482/698
f 70/58/699 86/74/699 89/76/699
f 84/72/700 91/2483/700 90/2484/700
f 93/2485/701 108/2486/701 110/2487/701
f 110/97/702 100/2488/702 99/2489/702
f 131/118/703 126/113/703 128/115/703
f 118/105/95 134/2490/95 133/2491/95
f 161/148/95 162/2492/95 164/2493/95
f 157/144/704 146/133/704 145/132/704
f 164/151/511 144/2494/511 146/2495/511
f 185/2496/705 193/2497/705 192/2498/705
f 189/176/706 183/170/706 185/172/706
f 199/186/707 205/192/707 204/191/707
f 213/2499/708 231/2500/708 233/2501/708
f 225/2502/709 218/2503/709 217/2504/709
f 218/205/710 232/219/710 216/203/710
f 248/2505/705 275/1984/705 274/2506/705
f 270/257/706 246/233/706 248/235/706
f 259/246/707 241/228/707 240/227/707
f 303/2507/708 306/2508/708 308/2509/708
f 300/2510/709 290/2511/709 289/2512/709
f 290/277/710 307/294/710 288/275/710
f 331/2513/711 311/2514/711 310/2515/711
f 336/2516/712 347/2517/712 349/2518/712
f 351/336/713 356/339/713 352/337/713
f 349/2519/714 350/2520/714 352/2521/714
f 372/2522/715 357/2523/715 373/2524/715
f 415/2525/511 399/2526/511 416/2527/511
f 418/393/716 428/403/716 419/394/716
f 419/2528/511 414/2143/511 417/2529/511
f 448/423/717 433/408/717 449/424/717
f 455/2530/718 476/451/718 453/2531/718
f 472/2532/719 470/445/719 473/2533/719
f 455/430/511 471/446/511 473/448/511
f 488/463/521 480/455/521 482/457/521
f 478/453/95 491/466/95 490/465/95
f 503/2534/720 517/2535/720 501/2536/720
f 514/2537/721 519/2538/721 515/2539/721
f 515/2540/722 502/2541/722 513/2542/722
f 547/2543/723 529/2544/723 548/2545/723
f 559/2546/724 569/2547/724 568/2548/724
f 557/532/511 567/542/511 569/544/511
f 596/2549/725 573/2550/725 575/2551/725
f 577/2552/726 593/2553/726 592/2554/726
f 600/575/95 615/590/95 617/592/95
f 612/587/499 605/580/499 604/579/499
f 605/2555/727 616/591/727 603/2556/727
f 632/607/521 621/596/521 623/598/521
f 626/601/95 641/616/95 640/615/95
f 666/641/95 652/627/95 651/626/95
f 673/648/728 669/644/728 671/646/728
f 691/2557/729 680/2558/729 679/2559/729
f 704/2560/730 708/2561/730 702/2562/730
f 697/672/731 711/686/731 698/673/731
f 698/2563/732 703/2564/732 696/2565/732
f 720/2566/733 731/2567/733 730/2568/733
f 765/2569/734 769/2570/734 770/2571/734
f 744/2572/735 750/2573/735 743/2574/735
f 772/2575/736 774/2576/736 771/2577/736
f 812/739/498 798/725/498 800/727/498
f 828/755/521 825/752/521 827/754/521
f 831/758/499 824/751/499 823/750/499
f 826/2578/488 816/2579/488 818/2580/488
f 858/785/498 841/768/498 840/767/498
f 879/806/521 875/802/521 874/801/521
f 884/811/499 878/805/499 877/804/499
f 891/818/498 887/814/498 886/813/498
f 921/848/521 909/836/521 911/838/521
f 932/859/499 929/856/499 928/855/499
f 910/2581/488 918/2582/488 920/2583/488
f 937/864/737 956/883/737 938/865/737
f 963/890/738 959/886/738 958/885/738
f 979/906/739 974/901/739 973/900/739
f 971/2584/740 959/2585/740 969/2586/740
f 1008/935/741 1005/932/741 1007/934/741
f 1021/948/742 1013/940/742 1012/939/742
f 1006/2587/743 1026/2588/743 1028/2589/743
f 1042/2590/744 1037/2591/744 1043/2592/744
f 1055/982/745 1067/994/745 1053/980/745
f 1063/990/746 1072/999/746 1064/991/746
f 1061/988/747 1053/2593/747 1059/986/747
f 1097/1024/529 1077/1004/529 1079/1006/529
f 1099/2594/748 1091/2595/748 1090/2596/748
f 1091/1018/749 1078/1005/749 1089/1016/749
f 1120/1047/521 1101/1028/521 1103/1030/521
f 1106/1033/95 1115/2597/95 1114/2598/95
f 1139/2599/750 1130/2600/750 1137/2323/750
f 1135/2601/751 1148/1075/751 1136/2602/751
f 1136/2603/752 1138/2604/752 1134/2605/752
f 1157/1084/753 1171/1098/753 1170/1097/753
f 1150/1077/754 1169/2606/754 1168/2607/754
f 1178/2608/755 1199/1126/755 1176/2609/755
f 1174/2610/756 1184/2611/756 1175/2612/756
f 1181/1108/757 1187/1114/757 1179/1106/757
f 1208/1135/758 1173/1100/758 1175/1102/758
f 1243/2344/759 1238/2613/759 1244/2614/759
f 1280/1207/760 1272/1199/760 1278/1205/760
f 1246/1173/761 1250/1177/761 1247/1174/761
f 1262/2615/762 1267/2616/762 1260/2617/762
f 1247/2618/763 1259/2619/763 1245/2348/763
f 1289/2620/764 1300/2621/764 1287/2349/764
f 1282/1209/765 1302/1229/765 1283/1210/765
f 1334/2622/766 1307/1234/766 1332/2623/766
f 1309/1236/767 1319/1246/767 1310/1237/767
f 1310/2624/768 1337/1264/768 1308/2354/768
f 1363/1290/769 1369/1296/769 1364/1291/769
f 1357/2361/770 1375/2625/770 1358/2626/770
f 1366/1293/530 1346/1273/530 1345/1272/530
f 1379/1306/771 1403/1330/771 1377/1304/771
f 1381/1308/772 1389/1316/772 1382/1309/772
f 1385/2627/773 1399/1326/773 1383/2628/773
f 1382/2629/774 1388/2630/774 1380/2365/774
f 1415/2631/764 1417/2632/764 1413/2371/764
f 1426/1353/765 1431/1358/765 1427/1354/765
f 1458/1385/95 1456/1383/95 1455/1382/95
f 1443/1370/499 1452/1379/499 1454/1381/499
f 1484/1411/775 1473/1400/775 1475/1402/775
f 1503/1430/95 1500/2633/95 1502/2634/95
f 1506/1433/499 1499/1426/499 1498/1425/499
f 1502/1429/511 1497/2635/511 1499/2636/511
f 1523/1450/776 1526/1453/776 1521/1448/776
f 1515/2637/777 1509/2399/777 1516/2403/777
f 1553/1480/754 1545/2638/754 1547/2639/754
f 1554/1481/778 1535/1462/778 1534/1461/778
f 1547/1474/511 1533/2062/511 1535/2640/511
f 1568/1495/779 1576/1503/779 1566/1493/779
f 1558/1485/489 1591/2641/489 1559/1486/489
f 1585/1512/780 1562/2642/780 1586/1513/780
f 1622/2643/781 1595/1522/781 1620/2644/781
f 1598/1525/782 1607/1534/782 1596/1523/782
f 1602/1529/783 1624/1551/783 1623/1550/783
f 1645/2645/784 1652/2646/784 1646/2647/784
f 1636/1563/785 1663/1590/785 1637/1564/785
f 1657/2648/528 1649/1576/528 1658/2649/528
f 1682/1609/765 1685/1612/765 1680/1607/765
f 1675/1602/786 1679/1606/786 1676/1603/786
f 1676/1603/787 1681/1608/787 1674/1601/787
f 1702/1629/788 1718/1645/788 1703/1630/788
f 1693/1620/789 1699/2650/789 1694/1621/789
f 1757/2651/790 1747/1674/790 1755/2652/790
f 1759/1925/791 1727/2653/791 1760/2654/791
f 1733/1660/792 1743/1670/792 1745/1672/792
f 1760/1687/793 1742/1669/793 1758/1685/793
f 1783/1710/794 1790/1717/794 1784/1711/794
f 1777/1704/795 1795/1722/795 1778/1705/795
f 1792/1719/796 1775/2655/796 1793/1720/796
f 1814/1741/765 1799/1726/765 1812/1739/765
f 1810/1737/786 1817/1744/786 1811/1738/786
f 1811/1738/787 1813/1740/787 1809/1736/787
f 1829/1756/521 1842/1769/521 1844/1771/521
f 1825/1752/95 1823/1750/95 1822/1749/95
f 1878/2656/797 1887/1814/797 1889/1816/797
f 1854/2657/798 1882/2456/798 1855/2658/798
f 1858/2451/799 1892/2659/799 1859/2660/799
f 1854/1781/800 1875/2661/800 1877/2662/800
f 1892/1819/499 1851/1778/499 1853/1780/499
f 1895/1822/801 1902/1829/801 1904/1831/801
f 1912/1839/802 1916/2663/802 1915/2664/802
f 1936/1863/521 1917/1844/521 1919/1846/521
f 1928/1855/742 1925/1852/742 1924/1851/742
f 1934/1861/500 1917/2665/500 1932/1859/500
f 1955/2666/803 1946/2667/803 1945/2668/803
f 1970/2669/804 1977/2670/804 1979/2671/804
f 1985/2672/805 1972/2673/805 1971/2674/805
f 1975/1902/806 1977/2675/806 1976/1903/806
f 25/24/84 35/2676/84 34/2677/84
f 45/2096/807 48/2678/807 47/2679/807
f 41/37/100 51/2680/100 50/2681/100
f 63/2682/808 57/2683/808 56/2684/808
f 43/2108/21 88/75/21 87/2014/21
f 61/2685/809 84/72/809 62/2686/809
f 103/90/84 98/2687/84 97/2688/84
f 137/2123/616 124/2689/616 123/2690/616
f 119/106/100 138/2691/100 140/2692/100
f 158/145/84 143/2693/84 142/2694/84
f 190/2695/810 173/160/810 172/159/810
f 197/184/811 166/2696/811 195/182/811
f 200/2697/812 182/169/812 181/168/812
f 170/2698/813 188/2699/813 168/2700/813
f 235/222/814 225/212/814 236/223/814
f 271/2701/810 251/238/810 250/237/810
f 277/264/811 280/2702/811 278/265/811
f 260/2703/812 263/250/812 262/249/812
f 245/2704/813 269/2705/813 243/2706/813
f 298/285/814 300/287/814 299/286/814
f 332/319/815 318/305/815 320/307/815
f 354/338/816 343/2707/816 346/2708/816
f 381/2709/817 355/2710/817 354/2711/817
f 392/2140/21 402/378/21 401/2712/21
f 412/388/100 406/2713/100 409/386/100
f 427/402/84 422/2714/84 421/2715/84
f 438/2716/818 442/2717/818 439/2718/818
f 432/2719/819 450/2720/819 452/2721/819
f 460/2722/820 468/2723/820 461/2724/820
f 483/2725/821 493/2726/821 484/2727/821
f 496/2728/822 478/453/822 497/2729/822
f 523/498/535 520/495/535 524/499/535
f 544/2730/823 530/2731/823 545/2732/823
f 560/2733/824 572/2734/824 571/2173/824
f 586/2179/825 580/555/825 579/554/825
f 578/553/100 582/557/100 584/559/100
f 607/2735/689 612/2736/689 608/2737/689
f 627/2738/826 633/2739/826 628/2740/826
f 644/2741/827 626/601/827 642/2742/827
f 649/2743/689 657/2744/689 650/2745/689
f 689/664/582 685/2746/582 684/2747/582
f 692/667/828 681/2748/828 683/2749/828
f 713/688/469 716/2750/469 715/2751/469
f 733/2752/829 724/699/829 723/698/829
f 721/2753/830 728/2754/830 727/2755/830
f 783/2238/831 778/2756/831 784/2239/831
f 747/2757/832 749/2758/832 748/2759/832
f 760/2027/833 782/2760/833 781/2761/833
f 746/2231/834 770/2762/834 769/2763/834
f 774/2576/835 758/2764/835 757/2234/835
f 802/729/564 805/2765/564 804/2766/564
f 829/2767/559 814/2768/559 813/2769/559
f 827/2770/507 821/748/507 820/747/507
f 851/778/564 845/2771/564 844/2048/564
f 859/2772/501 848/2773/501 847/2257/501
f 880/2774/559 866/2775/559 865/2776/559
f 874/2777/507 862/789/507 861/788/507
f 898/825/564 901/2778/564 900/2779/564
f 892/2780/501 896/2781/501 895/2268/501
f 922/2782/559 913/2783/559 912/2784/559
f 911/2785/507 926/853/507 925/852/507
f 945/2786/836 939/2787/836 946/2788/836
f 976/2030/837 963/2789/837 977/2790/837
f 981/2791/838 996/2792/838 982/2793/838
f 1000/2296/839 993/2794/839 1001/2795/839
f 1009/936/840 1025/2796/840 1024/2797/840
f 1007/934/841 1018/2798/841 1017/2799/841
f 1045/972/507 1030/2800/507 1029/2801/507
f 1039/2802/842 1035/2803/842 1040/2804/842
f 1066/2805/559 1057/984/559 1056/983/559
f 1055/2806/579 1070/997/579 1069/996/579
f 1081/2807/538 1099/2808/538 1082/2809/538
f 1112/2321/582 1117/2810/582 1116/2811/582
f 1104/1031/100 1107/2812/100 1109/2813/100
f 1132/2814/843 1146/1073/843 1133/2815/843
f 1166/2335/540 1159/2816/540 1158/2817/540
f 1151/1078/100 1161/2818/100 1163/2819/100
f 1192/1119/844 1185/1112/844 1193/1120/844
f 1211/1138/845 1212/2820/845 1214/2821/845
f 1228/2822/846 1232/2823/846 1231/2824/846
f 1241/2825/847 1217/2826/847 1239/2827/847
f 1253/1180/785 1257/1184/785 1251/1178/785
f 1284/2828/848 1297/2829/848 1285/2830/848
f 1295/1222/849 1303/1230/849 1293/1220/849
f 1340/1267/789 1335/2831/789 1338/1265/789
f 1352/1279/850 1359/2832/850 1361/2833/850
f 1367/1999/851 1355/2834/851 1354/2835/851
f 1349/2836/791 1373/2837/791 1347/2838/791
f 1393/1320/795 1386/1313/795 1394/1321/795
f 1434/2839/848 1423/2840/848 1435/2841/848
f 1430/1357/849 1432/1359/849 1428/1355/849
f 1441/2842/852 1443/2843/852 1442/2844/852
f 1471/1398/853 1464/1391/853 1472/1399/853
f 1507/1434/469 1490/2845/469 1489/2846/469
f 1519/2847/854 1513/2848/854 1520/2849/854
f 1529/2850/855 1510/2851/855 1527/2852/855
f 1555/2853/856 1544/2854/856 1543/2407/856
f 1573/2855/857 1569/2856/857 1571/2857/857
f 1561/1488/858 1583/2858/858 1582/2859/858
f 1589/2860/756 1565/2861/756 1587/2862/756
f 1612/1539/537 1605/1532/537 1613/1540/537
f 1601/2863/859 1602/2864/859 1599/2865/859
f 1643/1570/860 1632/2866/860 1634/2867/860
f 1648/1575/861 1655/2868/861 1654/2869/861
f 1631/1558/761 1640/1567/761 1629/1556/761
f 1672/2870/862 1677/2871/862 1673/2872/862
f 1709/1636/863 1704/2873/863 1706/2874/863
f 1714/1641/864 1697/2875/864 1696/2876/864
f 1724/1651/767 1691/1618/767 1722/1649/767
f 1735/1662/865 1733/1660/865 1736/1663/865
f 1728/2006/866 1740/2877/866 1729/2878/866
f 1769/2879/867 1770/1697/867 1772/1699/867
f 1774/1701/868 1781/1708/868 1780/1707/868
f 1762/1689/772 1787/1714/772 1763/1690/772
f 1807/2880/862 1815/2881/862 1808/2882/862
f 1836/2883/869 1831/2884/869 1837/2885/869
f 1841/2886/870 1825/1752/870 1839/2887/870
f 1884/1811/871 1890/1817/871 1885/1812/871
f 1868/2455/872 1850/2888/872 1849/2889/872
f 1906/2464/873 1898/1825/873 1897/1824/873
f 1913/1840/100 1901/1828/100 1900/1827/100
f 1920/2890/599 1936/2891/599 1921/2892/599
f 1930/2893/874 1918/2894/874 1931/2895/874
f 1957/1884/875 1942/1869/875 1941/1868/875
f 1979/1906/876 1982/2896/876 1981/2897/876
f 19/2898/877 30/26/877 20/2899/877
f 59/51/878 74/62/878 76/64/878
f 115/102/475 113/100/475 112/99/475
f 111/2900/879 107/2901/879 106/2116/879
f 120/107/498 136/123/498 135/122/498
f 177/164/809 188/175/809 187/174/809
f 203/190/880 166/153/880 165/152/880
f 223/2902/881 221/2903/881 220/2904/881
f 229/216/882 221/208/882 230/217/882
f 282/269/809 269/256/809 268/255/809
f 257/244/880 280/267/880 279/266/880
f 295/2905/881 287/2906/881 286/2907/881
f 292/279/882 287/274/882 293/280/882
f 327/2908/883 317/2909/883 316/2910/883
f 334/321/884 358/2911/884 335/322/884
f 333/2912/885 342/2913/885 341/2914/885
f 376/2915/886 336/2916/886 377/2917/886
f 375/356/488 380/2918/488 379/2137/488
f 367/2919/887 425/2920/887 424/2921/887
f 441/416/888 446/421/888 442/417/888
f 463/2922/889 465/2923/889 464/2924/889
f 462/437/488 458/2925/488 457/2926/488
f 500/475/498 493/468/498 492/467/498
f 538/2927/890 541/2928/890 539/2929/890
f 553/528/891 551/526/891 550/525/891
f 549/2172/488 566/2930/488 565/1921/488
f 610/585/521 599/574/521 598/573/521
f 619/594/500 599/2931/500 620/595/500
f 646/621/521 663/638/521 665/640/521
f 677/2932/892 688/2933/892 687/2934/892
f 694/669/893 707/682/893 695/670/893
f 700/2935/894 695/2936/894 701/2937/894
f 735/2938/895 732/2939/895 734/2940/895
f 739/714/896 719/694/896 718/693/896
f 734/2941/897 717/2942/897 719/2943/897
f 795/722/95 801/2944/95 803/2945/95
f 790/717/499 794/721/499 793/720/499
f 803/730/511 792/2245/511 794/2946/511
f 815/742/95 820/2947/95 819/2948/95
f 855/782/95 850/2949/95 849/2950/95
f 838/765/499 852/779/499 854/781/499
f 903/830/95 897/2951/95 899/2952/95
f 907/834/499 890/817/499 889/816/499
f 899/826/511 888/2264/511 890/2953/511
f 914/841/95 925/2954/95 924/2955/95
f 934/861/898 953/880/898 935/862/898
f 941/2956/899 933/2957/899 935/2958/899
f 975/2959/900 960/2960/900 962/2961/900
f 984/2962/900 996/2963/900 998/2964/900
f 1003/930/739 989/916/739 988/915/739
f 989/2965/901 997/2966/901 987/2288/901
f 1046/2967/902 1049/2968/902 1044/2969/902
f 1033/960/903 1050/977/903 1034/961/903
f 1034/2970/904 1045/2971/904 1032/2972/904
f 1068/2973/905 1057/2974/905 1069/2975/905
f 1087/1014/906 1085/1012/906 1084/1011/906
f 1093/1020/656 1085/2976/656 1094/1021/656
f 1124/1051/498 1111/1038/498 1110/1037/498
f 1126/1053/907 1143/1070/907 1127/1054/907
f 1141/2977/659 1127/2978/659 1142/2979/659
f 1152/1079/908 1165/1092/908 1164/1091/908
f 1200/2980/909 1196/1123/909 1195/1122/909
f 1204/1131/910 1184/1111/910 1183/1110/910
f 1201/1128/550 1178/1105/550 1177/1104/550
f 1209/2981/911 1218/1145/911 1210/2982/911
f 1242/1169/912 1217/1144/912 1216/1143/912
f 1254/2983/913 1276/1203/913 1275/1202/913
f 1249/1176/914 1251/2984/914 1250/1177/914
f 1279/2346/915 1254/1181/915 1280/2985/915
f 1296/1223/551 1292/1219/551 1297/1224/551
f 1318/1245/916 1338/2986/916 1319/1246/916
f 1333/1260/917 1314/1241/917 1334/1261/917
f 1368/1295/918 1351/2987/918 1350/2988/918
f 1356/1283/919 1373/1300/919 1372/1299/919
f 1410/1337/920 1409/1336/920 1408/1335/920
f 1378/2363/921 1410/2989/921 1379/2990/921
f 1422/1349/551 1421/1348/551 1423/1350/551
f 1450/1377/521 1439/1366/521 1438/1365/521
f 1447/1374/680 1439/2991/680 1448/1375/680
f 1469/1396/922 1478/1405/922 1477/1404/922
f 1495/1422/521 1487/1414/521 1486/1413/521
f 1485/2391/488 1493/2992/488 1492/2396/488
f 1512/2402/923 1532/2993/923 1513/2994/923
f 1548/1475/753 1541/1468/753 1540/1467/753
f 1539/2406/488 1538/2995/488 1537/2060/488
f 1557/1484/910 1565/1492/910 1564/1491/910
f 1617/2996/924 1616/2413/924 1615/2997/924
f 1600/1527/912 1626/1553/912 1628/1555/912
f 1618/1545/925 1622/1549/925 1621/1548/925
f 1641/1568/926 1650/2998/926 1642/1569/926
f 1639/1566/914 1637/2999/914 1640/1567/914
f 1666/3000/764 1686/2423/764 1667/3001/764
f 1669/1596/642 1667/3001/642 1670/1597/642
f 1717/1644/927 1708/3002/927 1707/3003/927
f 1690/1617/916 1694/3004/916 1691/1618/916
f 1737/3005/928 1750/2429/928 1749/3006/928
f 1730/1657/919 1727/1654/919 1726/1653/919
f 1756/1683/929 1737/1664/929 1757/1684/929
f 1767/3007/930 1788/1715/930 1768/3008/930
f 1786/3009/504 1778/1705/504 1787/3010/504
f 1801/3011/764 1818/2440/764 1802/3012/764
f 1804/1731/642 1802/3012/642 1805/1732/642
f 1833/1760/498 1831/1758/498 1830/1757/498
f 1872/1799/931 1871/3013/931 1870/3014/931
f 1873/1800/1 1867/1794/1 1866/1793/1
f 1884/1811/2 1889/1816/2 1888/1815/2
f 1922/1849/695 1930/1857/695 1929/1856/695
f 1962/3015/932 1956/3016/932 1958/3017/932
f 1948/3018/933 1961/3019/933 1960/3020/933
f 1961/3021/934 1957/3022/934 1959/3023/934
f 1967/3024/935 1981/3025/935 1980/3026/935
f 32/2092/559 23/3027/559 22/3028/559
f 60/52/564 66/3029/564 65/3030/564
f 27/3031/936 82/3032/936 81/2105/936
f 116/2114/559 95/82/559 94/81/559
f 121/3033/501 130/3034/501 129/2118/501
f 154/2128/563 160/3035/563 159/3036/563
f 209/3037/682 170/2698/682 169/3038/682
f 178/3039/684 191/3040/684 190/3041/684
f 197/184/508 194/3042/508 193/2497/508
f 214/201/937 223/210/937 215/202/937
f 239/3043/682 245/2704/682 244/3044/682
f 283/3045/684 272/3046/684 271/3047/684
f 304/291/937 295/282/937 305/292/937
f 328/315/938 326/313/938 325/312/938
f 360/343/79 339/325/79 338/324/79
f 362/3048/939 396/3049/939 395/3050/939
f 410/3051/940 337/3052/940 411/3053/940
f 397/3054/941 390/3055/941 389/3056/941
f 364/346/942 384/3057/942 383/3058/942
f 445/3059/943 436/3060/943 435/3061/943
f 475/3062/944 466/3063/944 476/3064/944
f 486/3065/945 500/475/945 487/3066/945
f 516/491/467 510/485/467 517/492/467
f 531/3067/591 542/3068/591 532/3069/591
f 554/2175/946 563/3070/946 562/3071/946
f 589/3072/501 595/570/501 594/569/501
f 601/3073/599 610/3074/599 602/3075/599
f 630/3076/552 636/611/552 631/3077/552
f 667/3078/947 646/3079/947 668/3080/947
f 740/715/948 722/3081/948 721/3082/948
f 764/3083/949 766/3084/949 765/2569/949
f 752/3085/950 788/3086/950 787/3087/950
f 779/2218/951 777/3088/951 780/2216/951
f 791/718/84 811/3089/84 810/3090/84
f 818/2580/616 823/3091/616 822/2252/616
f 813/740/100 833/3092/100 832/3093/100
f 839/766/84 860/3094/84 859/3095/84
f 872/1953/616 877/3096/616 876/2261/616
f 865/792/100 883/3097/100 882/3098/100
f 908/835/84 893/3099/84 892/3100/84
f 920/2583/616 928/3101/616 927/2272/616
f 912/839/100 931/3102/100 930/3103/100
f 972/3104/952 970/3105/952 973/3106/952
f 994/3107/953 1003/3108/953 995/3109/953
f 1028/3110/954 1012/939/954 1011/938/954
f 1052/979/469 1037/2591/469 1036/3111/469
f 1061/3112/582 1063/3113/582 1062/3114/582
f 1071/3115/955 1058/3116/955 1072/3117/955
f 1095/3118/655 1087/3119/655 1096/3120/655
f 1129/3121/658 1144/1071/658 1130/2600/658
f 1153/3122/501 1156/3123/501 1155/2330/501
f 1198/1125/662 1189/1116/662 1199/1126/662
f 1187/3124/663 1205/1132/663 1204/1131/663
f 1202/1129/664 1207/1134/664 1206/1133/664
f 1234/3125/665 1241/2825/665 1240/3126/665
f 1219/3127/666 1228/2822/666 1220/3128/666
f 1214/3129/667 1216/1143/667 1215/1142/667
f 1267/1194/669 1253/1180/669 1252/1179/669
f 1256/1183/670 1259/2619/670 1258/3130/670
f 1299/3131/672 1290/1217/672 1300/2621/672
f 1306/1233/956 1322/1249/956 1307/1234/956
f 1331/3132/674 1340/1267/674 1339/1266/674
f 1316/1243/957 1337/1264/957 1336/1263/957
f 1342/3133/473 1349/2836/473 1348/3134/473
f 1361/3135/676 1372/1299/676 1371/1298/676
f 1402/1329/677 1406/1333/677 1403/1330/677
f 1399/3136/958 1393/1320/958 1392/1319/958
f 1412/3137/679 1388/2630/679 1387/3138/679
f 1416/3139/672 1419/1346/672 1417/2632/672
f 1459/3140/474 1450/3141/474 1460/3142/474
f 1482/3143/629 1469/1396/629 1483/3144/629
f 1496/2394/79 1505/3145/79 1504/3146/79
f 1525/3147/631 1530/3148/631 1526/3149/631
f 1580/1507/471 1589/1516/471 1588/1515/471
f 1575/3150/634 1561/1488/634 1576/3151/634
f 1571/2857/635 1564/3152/635 1563/3153/635
f 1594/3154/636 1610/1537/636 1595/3155/636
f 1607/3156/637 1601/2863/637 1600/3157/637
f 1619/1546/638 1604/1531/638 1603/1530/638
f 1660/3158/959 1631/3159/959 1630/3160/959
f 1651/1578/640 1648/1575/640 1652/1579/640
f 1634/1561/641 1639/1566/641 1638/1565/641
f 1684/3161/651 1687/3162/651 1685/3163/651
f 1720/1647/644 1724/3164/644 1723/3165/644
f 1717/3166/645 1714/1641/645 1718/3167/645
f 1706/3168/646 1690/1617/646 1689/1616/646
f 1746/3169/647 1754/1681/647 1747/3170/647
f 1739/1666/648 1742/1669/648 1741/1668/648
f 1789/3171/649 1774/1701/649 1790/3172/649
f 1772/1699/650 1786/1713/650 1785/1712/650
f 1798/3173/651 1819/3174/651 1799/3175/651
f 1827/3176/653 1833/1760/653 1828/3177/653
f 1879/1806/960 1847/1774/960 1880/1807/960
f 1855/1782/961 1873/1800/961 1856/1783/961
f 1909/3178/501 1894/3179/501 1893/2459/501
f 1923/3180/826 1933/3181/826 1924/3182/826
f 1926/3183/827 1922/1849/827 1927/3184/827
f 1949/1876/962 1954/1881/962 1953/1880/962
f 1983/1910/963 1967/1894/963 1984/1911/963
f 37/33/511 47/2679/511 46/3185/511
f 139/126/499 125/112/499 124/111/499
f 133/120/511 123/2690/511 125/3186/511
f 175/3187/964 201/2132/964 176/3188/964
f 178/3039/799 212/3189/799 179/3190/799
f 175/162/521 196/3191/521 195/3192/521
f 212/199/965 169/156/965 168/155/965
f 253/3193/964 255/1917/964 254/3194/964
f 283/3045/799 266/3195/799 284/3196/799
f 253/240/966 276/3197/966 278/3198/966
f 266/253/499 244/231/499 243/230/499
f 319/3199/967 314/3200/967 313/3201/967
f 310/297/968 312/299/968 314/301/968
f 344/3202/969 370/3203/969 369/3204/969
f 405/3205/970 401/3206/970 400/3207/970
f 439/414/971 450/425/971 440/415/971
f 448/3208/972 438/3209/972 440/3210/972
f 495/470/499 485/460/499 484/459/499
f 485/3211/973 489/464/973 483/3212/973
f 535/3213/721 545/3214/721 536/3215/721
f 536/3216/722 546/3217/722 534/3218/722
f 583/3219/974 581/3220/974 580/3221/974
f 592/567/511 579/554/511 581/556/511
f 643/618/499 629/604/499 628/603/499
f 629/3222/727 639/614/727 627/3223/727
f 682/3224/975 686/3225/975 685/3226/975
f 679/654/976 684/2747/976 686/3227/976
f 726/701/977 725/700/977 724/699/977
f 723/3228/978 730/3229/978 729/3230/978
f 808/735/521 806/733/521 805/732/521
f 804/2766/488 800/3231/488 799/2243/488
f 836/763/498 817/744/498 816/743/498
f 846/773/521 843/770/521 845/772/521
f 869/796/498 871/798/498 870/797/498
f 894/821/521 902/829/521 901/828/521
f 900/2779/488 886/3232/488 885/2262/488
f 917/844/498 919/846/498 918/845/498
f 946/3233/979 948/3234/979 947/3235/979
f 945/872/980 937/3236/980 936/3237/980
f 968/3238/981 970/3239/981 969/3240/981
f 999/926/738 983/910/738 982/909/738
f 991/3241/740 983/3242/740 992/3243/740
f 1016/943/498 1027/954/498 1026/953/498
f 1030/957/982 1040/967/982 1031/958/982
f 1041/3244/983 1031/3245/983 1042/3246/983
f 1059/986/984 1075/1002/984 1060/987/984
f 1108/1035/499 1118/1045/499 1117/1044/499
f 1114/1041/511 1116/2811/511 1118/3247/511
f 1162/1089/778 1160/1087/778 1159/1086/778
f 1168/1095/511 1158/2817/511 1160/3248/511
f 1197/1124/780 1194/3249/780 1198/1125/780
f 1235/3250/985 1225/1152/985 1233/3251/985
f 1212/1139/782 1223/1150/782 1213/1140/782
f 1238/1165/783 1240/1167/783 1239/1166/783
f 1285/1212/786 1293/1220/786 1286/1213/786
f 1286/1213/787 1281/1208/787 1284/1211/787
f 1311/1238/484 1306/3252/484 1305/3253/484
f 1343/3254/986 1344/1271/986 1341/3255/986
f 1363/1290/792 1360/1287/792 1359/1286/792
f 1347/1274/793 1374/1301/793 1348/1275/793
f 1401/1328/796 1407/3256/796 1402/1329/796
f 1435/1362/786 1428/1355/786 1436/1363/786
f 1436/1363/787 1425/1352/787 1434/1361/787
f 1470/3257/987 1481/3258/987 1480/3259/987
f 1481/1408/749 1462/1389/749 1479/1406/749
f 1520/2849/988 1527/1454/988 1518/3260/988
f 1578/3261/755 1584/1511/755 1579/3262/755
f 1569/1496/757 1567/1494/757 1570/1497/757
f 1591/1518/758 1588/1515/758 1587/1514/758
f 1615/1542/481 1594/1521/481 1593/1520/481
f 1661/1588/760 1656/1583/760 1659/1586/760
f 1632/2866/762 1644/3263/762 1633/3264/762
f 1629/3265/763 1662/2417/763 1630/3160/763
f 1721/3266/766 1710/1637/766 1719/3267/766
f 1702/1629/482 1705/1632/482 1704/1631/482
f 1722/3268/768 1698/1625/768 1723/3165/768
f 1766/1693/771 1791/1718/771 1764/1691/771
f 1770/3269/773 1782/1709/773 1771/3270/773
f 1763/3271/774 1794/2434/774 1761/2010/774
f 1840/1767/499 1838/1765/499 1837/1764/499
f 1838/3272/483 1821/1748/483 1836/3273/483
f 1870/1797/95 1848/1775/95 1850/1777/95
f 1861/1788/498 1879/1806/498 1878/1805/498
f 1915/1842/511 1897/1824/511 1896/1823/511
f 1938/1865/498 1933/1860/498 1932/1859/498
f 1951/3274/989 1943/3275/989 1942/3276/989
f 1944/3277/990 1943/3278/990 1945/3279/990
f 1988/3280/991 1974/3281/991 1976/3282/991
f 22/21/100 26/3283/100 25/3284/100
f 28/3285/2 49/41/2 29/3286/2
f 94/81/992 104/3287/992 103/3288/992
f 140/127/84 122/3289/84 121/3290/84
f 226/213/993 213/200/993 227/214/993
f 301/288/993 303/290/993 302/289/993
f 320/307/994 329/316/994 328/315/994
f 362/3291/995 344/3292/995 363/345/995
f 410/3293/996 382/362/996 381/364/996
f 412/3294/942 398/375/942 397/3295/942
f 383/3296/997 428/3297/997 427/3298/997
f 445/3299/998 451/3300/998 446/3301/998
f 475/450/100 470/445/100 469/444/100
f 584/3302/999 590/3303/999 589/3072/999
f 613/3304/827 600/575/827 614/3305/827
f 637/3306/689 643/3307/689 638/3308/689
f 658/3309/827 666/641/827 659/3310/827
f 683/658/469 676/3311/469 675/3312/469
f 742/3313/1000 744/2572/1000 743/2574/1000
f 767/2230/1001 771/2577/1001 768/2228/1001
f 834/3314/501 830/3315/501 829/2767/501
f 867/3316/501 881/3317/501 880/2774/501
f 915/3318/501 923/3319/501 922/2782/501
f 964/3320/839 968/3321/839 965/3322/839
f 1014/3323/1002 1010/3324/1002 1009/3325/1002
f 1066/3326/1003 1076/1003/1003 1067/3327/1003
f 1109/1036/469 1123/3328/469 1122/3329/469
f 1147/3330/855 1128/3331/855 1148/3332/855
f 1163/3333/856 1154/3334/856 1153/3122/856
f 1189/3335/857 1181/3336/857 1180/2338/857
f 1271/1198/1004 1262/2615/1004 1261/3337/1004
f 1291/3338/862 1294/3339/862 1292/3340/862
f 1322/1249/863 1325/3341/863 1324/3342/863
f 1406/3343/1005 1385/1312/1005 1384/1311/1005
f 1420/3344/862 1429/3345/862 1421/3346/862
f 1444/3347/870 1458/1385/870 1445/3348/870
f 1504/1431/100 1508/3349/100 1507/3350/100
f 1531/3351/843 1528/1455/843 1532/3352/843
f 1551/1478/100 1556/3353/100 1555/3354/100
f 1610/1537/845 1598/3355/845 1597/3356/845
f 1678/1605/849 1683/1610/849 1679/1606/849
f 1754/1681/850 1745/3357/850 1744/3358/850
f 1816/1743/849 1797/1724/849 1817/1744/849
f 1834/3359/852 1840/3360/852 1835/3361/852
f 1876/1803/1006 1846/3362/1006 1877/1804/1006
f 1862/3363/1007 1886/1813/1007 1885/1812/1007
f 1852/2449/813 1865/3364/813 1853/3365/813
f 1900/3366/1008 1910/3367/1008 1909/3178/1008
f 1968/3368/1009 1988/1915/1009 1969/3369/1009
f 55/47/1010 72/60/1010 71/59/1010
f 96/83/1011 105/92/1011 107/94/1011
f 141/128/498 148/135/498 147/134/498
f 171/158/1 192/179/1 194/181/1
f 180/167/2 207/194/2 209/196/2
f 234/3370/1012 228/3371/1012 230/3372/1012
f 249/236/1 274/261/1 273/260/1
f 261/248/2 237/224/2 239/226/2
f 297/3373/1012 291/3374/1012 293/3375/1012
f 342/3376/707 345/3377/707 340/3378/707
f 380/361/1013 355/3379/1013 378/359/1013
f 425/3380/1014 422/2714/1014 423/3381/1014
f 458/433/1015 461/436/1015 456/431/1015
f 504/3382/890 524/3383/890 505/3384/890
f 570/545/1016 564/539/1016 566/541/1016
f 606/581/498 618/593/498 620/595/498
f 648/623/498 661/636/498 660/635/498
f 701/3385/1017 716/2750/1017 699/3386/1017
f 1080/1007/922 1092/1019/922 1094/1021/922
f 1142/2979/1018 1133/3387/1018 1140/3388/1018
f 1230/1157/925 1235/1162/925 1234/1161/925
f 1269/1196/926 1263/1957/926 1270/1197/926
f 1327/1254/927 1321/3389/927 1320/3390/927
f 1342/1269/929 1355/1282/929 1343/1270/929
f 1404/3391/930 1395/1322/930 1405/3392/930
f 1440/1367/498 1446/1373/498 1448/1375/498
f 1488/1415/498 1491/1418/498 1493/1420/498
f 1542/1469/908 1536/1463/908 1538/1465/908
f 1608/3393/911 1613/1540/911 1609/3394/911
f 1660/3158/915 1655/1582/915 1661/3395/915
f 1720/1647/917 1697/1624/917 1721/1648/917
f 1734/1661/918 1753/3396/918 1752/3397/918
f 1765/2008/921 1781/3398/921 1766/3399/921
f 1857/1784/809 1865/1792/809 1864/1791/809
f 1881/1808/880 1846/1773/880 1845/1772/880
f 20/3400/1 23/3401/1 31/3402/1
f 20/3400/1 67/3403/1 23/3401/1
f 19/3404/942 41/3405/942 50/3406/942
f 42/3407/880 52/3408/880 17/3409/880
f 54/46/1 39/2095/1 18/2094/1
f 19/3404/942 50/3406/942 28/3410/942
f 28/3411/880 19/3412/880 30/3413/880
f 27/3414/1019 20/3415/1019 19/3416/1019
f 45/3417/1020 42/3407/1020 17/3409/1020
f 32/2092/942 22/3028/942 25/3418/942
f 66/2477/809 26/3283/809 21/20/809
f 66/2477/809 63/2685/809 26/3283/809
f 61/2682/2 35/2676/2 24/23/2
f 32/2092/942 25/3418/942 34/2090/942
f 28/3411/880 30/3413/880 33/3419/880
f 61/2682/2 88/3420/2 27/3285/2
f 48/40/2 44/3421/2 29/3286/2
f 43/3422/1021 29/3286/1021 88/3420/1021
f 44/3423/1022 82/3424/1022 29/3425/1022
f 81/2105/942 61/3426/942 27/3031/942
f 48/40/2 29/3286/2 49/41/2
f 61/2682/2 27/3285/2 35/2676/2
f 45/2096/21 36/32/21 53/3427/21
f 54/46/1 38/3428/1 39/2095/1
f 37/2479/809 51/2680/809 40/36/809
f 45/2096/21 47/2679/21 36/32/21
f 37/2479/809 46/3429/809 51/2680/809
f 44/3423/880 77/3430/880 82/3424/880
f 43/2108/21 87/2014/21 92/79/21
f 43/2108/21 92/79/21 78/3431/21
f 60/2103/942 63/3432/942 56/2101/942
f 88/3420/2 72/3433/2 57/2683/2
f 88/3420/2 57/2683/2 62/3434/2
f 71/59/880 58/3435/880 55/47/880
f 76/64/1 65/3030/1 59/51/1
f 60/2103/942 66/3436/942 63/3432/942
f 71/59/880 74/3437/880 58/3435/880
f 87/3438/1023 62/2686/1023 90/2484/1023
f 70/3439/1024 88/3440/1024 62/2686/1024
f 90/2484/809 62/2686/809 84/72/809
f 81/2105/942 85/2107/942 61/3426/942
f 70/3439/965 66/2477/965 65/3441/965
f 76/64/1 68/3442/1 65/3030/1
f 73/1968/21 69/57/21 75/1966/21
f 73/1968/21 89/76/21 69/57/21
f 79/67/1 91/3443/1 83/3444/1
f 79/67/1 83/3444/1 80/68/1
f 112/99/1 95/3445/1 115/102/1
f 116/2114/942 94/81/942 103/3288/942
f 112/99/1 108/3446/1 95/3445/1
f 110/2487/809 104/3447/809 93/2485/809
f 116/2114/942 103/3288/942 97/2112/942
f 101/3448/2 105/3449/2 98/2687/2
f 101/3448/2 98/2687/2 102/89/2
f 107/94/880 114/3450/880 96/83/880
f 110/2487/809 99/1932/809 104/3447/809
f 106/2116/21 100/2488/21 109/96/21
f 106/2116/21 109/96/21 111/2900/21
f 107/94/880 113/3451/880 114/3450/880
f 129/2118/942 119/2120/942 140/3452/942
f 128/115/1 134/3453/1 117/3454/1
f 128/115/1 117/3454/1 131/118/1
f 133/2491/809 138/2691/809 118/105/809
f 124/111/2 122/3289/2 139/126/2
f 124/111/2 136/3455/2 122/3289/2
f 135/122/880 130/3456/880 120/107/880
f 129/2118/942 140/3452/942 121/3033/942
f 133/2491/809 125/3457/809 138/2691/809
f 137/2123/21 123/2690/21 132/119/21
f 137/2123/21 132/119/21 127/2121/21
f 135/122/880 126/3458/880 130/3456/880
f 154/2128/942 158/3459/942 142/2126/942
f 145/132/2 148/3460/2 143/2693/2
f 145/132/2 143/2693/2 157/144/2
f 147/134/880 155/3461/880 141/128/880
f 149/1982/21 144/2494/21 163/150/21
f 164/2493/809 146/3462/809 156/2039/809
f 147/134/880 152/3463/880 155/3461/880
f 149/1982/21 163/150/21 150/1980/21
f 151/138/1 160/3464/1 153/140/1
f 151/138/1 162/3465/1 160/3464/1
f 154/2128/942 159/3036/942 158/3459/942
f 164/2493/809 156/2039/809 161/148/809
f 165/152/1025 205/192/1025 198/185/1025
f 165/152/1025 198/185/1025 203/190/1025
f 170/2698/942 206/3466/942 167/3467/942
f 170/2698/942 167/3467/942 197/184/942
f 195/3468/1026 166/153/1026 202/189/1026
f 170/2698/942 184/3469/942 186/3470/942
f 170/2698/942 193/2497/942 184/3469/942
f 170/2698/942 197/184/942 193/2497/942
f 168/3471/1027 179/166/1027 212/3472/1027
f 168/3471/1027 188/175/1027 179/166/1027
f 170/2698/942 208/3473/942 206/3466/942
f 209/196/1028 169/156/1028 211/198/1028
f 194/181/1029 174/161/1029 171/158/1029
f 178/3039/21 172/3474/21 176/3188/21
f 178/3039/21 190/3041/21 172/3474/21
f 185/3475/1030 192/179/1030 173/160/1030
f 185/3475/1030 173/160/1030 189/3476/1030
f 194/181/1029 196/3191/1029 174/161/1029
f 178/3039/21 176/3188/21 201/2132/21
f 195/3468/1026 202/189/1026 175/3477/1026
f 178/3039/21 181/3478/21 210/3479/21
f 178/3039/21 200/3480/21 181/3478/21
f 187/174/1031 191/178/1031 177/164/1031
f 178/3039/21 201/2132/21 200/3480/21
f 204/2041/1032 207/194/1032 182/169/1032
f 204/2041/1032 182/169/1032 199/3481/1032
f 209/196/1028 211/198/1028 180/167/1028
f 187/174/1031 183/170/1031 191/178/1031
f 220/2904/1 215/3482/1 223/2902/1
f 224/211/942 214/201/942 226/213/942
f 220/2904/1 231/3483/1 215/3482/1
f 233/2501/809 227/3484/809 213/2499/809
f 229/216/21 216/203/21 232/219/21
f 217/2504/2 228/3485/2 236/3486/2
f 233/2501/809 218/3487/809 227/3484/809
f 217/2504/2 236/3486/2 225/2502/2
f 230/3372/880 221/3488/880 222/3489/880
f 229/216/21 232/219/21 219/206/21
f 224/211/942 226/213/942 235/222/942
f 230/3372/880 222/3489/880 234/3370/880
f 240/2015/1032 237/224/1032 263/250/1032
f 245/2704/942 238/3490/942 242/3491/942
f 239/226/1028 244/231/1028 265/252/1028
f 239/226/1028 265/252/1028 261/248/1028
f 245/2704/942 242/3491/942 281/3492/942
f 279/266/1025 241/228/1025 258/245/1025
f 240/2015/1032 263/250/1032 259/3493/1032
f 245/2704/942 247/3494/942 267/3495/942
f 245/2704/942 275/1984/942 247/3494/942
f 245/2704/942 277/264/942 275/1984/942
f 245/2704/942 281/3492/942 277/264/942
f 243/3496/1027 284/271/1027 266/3497/1027
f 243/3496/1027 269/256/1027 284/271/1027
f 248/3498/1030 274/261/1030 251/238/1030
f 268/255/1031 246/233/1031 272/259/1031
f 248/3498/1030 251/238/1030 270/3499/1030
f 273/260/1029 252/239/1029 249/236/1029
f 283/3045/21 250/3500/21 254/3194/21
f 283/3045/21 271/3047/21 250/3500/21
f 273/260/1029 276/3197/1029 252/239/1029
f 283/3045/21 254/3194/21 255/1917/21
f 278/3501/1026 256/243/1026 253/3502/1026
f 279/266/1025 258/245/1025 257/244/1025
f 283/3045/21 255/1917/21 260/3503/21
f 278/3501/1026 280/267/1026 256/243/1026
f 283/3045/21 260/3503/21 262/3504/21
f 283/3045/21 262/3504/21 264/3505/21
f 268/255/1031 272/259/1031 282/269/1031
f 286/2907/1 305/3506/1 295/2905/1
f 286/2907/1 306/3507/1 305/3506/1
f 293/3375/880 287/3508/880 294/3509/880
f 292/279/21 307/294/21 285/272/21
f 292/279/21 288/275/21 307/294/21
f 289/2512/2 291/3510/2 299/3511/2
f 308/2509/809 290/3512/809 302/3513/809
f 289/2512/2 299/3511/2 300/2510/2
f 293/3375/880 294/3509/880 297/3373/880
f 296/283/942 301/288/942 298/285/942
f 296/283/942 304/291/942 301/288/942
f 308/2509/809 302/3513/809 303/2507/809
f 315/302/21 309/296/21 322/309/21
f 323/1936/1 311/3514/1 330/3515/1
f 310/2515/809 318/3516/809 331/2513/809
f 315/302/21 312/299/21 309/296/21
f 310/2515/809 314/3517/809 318/3516/809
f 313/3201/2 317/3518/2 329/3519/2
f 313/3201/2 329/3519/2 319/3199/2
f 316/2910/880 326/3520/880 327/2908/880
f 316/2910/880 321/3521/880 326/3520/880
f 325/312/942 332/319/942 320/307/942
f 325/312/942 320/307/942 328/315/942
f 323/1936/1 330/3515/1 324/1934/1
f 334/321/1 339/3522/1 359/3523/1
f 334/321/1 347/2517/1 339/3522/1
f 342/3524/880 335/3525/880 358/3526/880
f 341/2914/21 348/3527/21 333/2912/21
f 338/324/942 410/3051/942 381/2709/942
f 380/3528/880 377/3529/880 336/3530/880
f 360/343/942 338/324/942 354/2711/942
f 338/3531/880 354/3532/880 380/3528/880
f 356/3533/1033 355/3534/1033 338/3535/1033
f 338/324/942 381/2709/942 354/2711/942
f 376/2915/1 411/3536/1 337/3537/1
f 341/2914/21 350/2520/21 348/3527/21
f 342/3524/880 358/3526/880 345/3538/880
f 351/336/2 340/2136/2 346/2708/2
f 395/376/1034 358/3539/1034 345/3540/1034
f 369/3204/2 363/3541/2 344/3202/2
f 395/376/942 345/3540/942 362/3291/942
f 354/2711/79 346/3542/79 345/3540/79
f 343/3543/880 345/3544/880 358/3545/880
f 372/2522/809 370/3546/809 343/3543/809
f 351/336/2 346/2708/2 353/340/2
f 349/3547/809 352/3548/809 356/3533/809
f 413/3549/2 378/3550/2 355/3551/2
f 382/3552/2 415/3553/2 355/3551/2
f 393/3554/1 373/3555/1 357/3556/1
f 364/346/942 427/3557/942 421/396/942
f 366/3558/1035 362/3048/1035 363/3559/1035
f 368/3560/1 384/3561/1 363/3562/1
f 364/346/942 383/3058/942 427/3557/942
f 425/2920/880 361/3563/880 420/3564/880
f 365/349/21 374/355/21 394/373/21
f 365/349/21 371/352/21 374/355/21
f 394/3565/1036 396/3049/1036 366/3558/1036
f 413/3566/1 382/3567/1 384/3561/1
f 424/399/21 414/2143/21 367/2144/21
f 379/2137/21 399/379/21 375/356/21
f 379/2137/21 416/391/21 399/379/21
f 400/3207/1037 410/3293/1037 411/387/1037
f 415/2525/809 428/3297/809 382/362/809
f 400/3207/809 415/2525/809 382/362/809
f 393/3568/880 385/3569/880 390/3055/880
f 392/2140/21 404/381/21 386/3570/21
f 387/367/1 403/1939/1 408/1938/1
f 387/367/1 408/1938/1 388/368/1
f 389/2139/942 412/3294/942 397/3295/942
f 393/3568/880 390/3055/880 396/3049/880
f 389/2139/942 407/384/942 412/3294/942
f 392/2140/21 401/2712/21 404/381/21
f 398/3571/1038 391/3572/1038 393/3573/1038
f 402/3574/2 398/3571/2 411/3575/2
f 405/3205/809 409/386/809 406/2713/809
f 415/2525/809 419/3576/809 428/3297/809
f 424/399/21 417/2529/21 414/2143/21
f 418/393/2 423/3381/2 422/2714/2
f 418/393/2 422/2714/2 426/401/2
f 441/416/880 429/2071/880 436/2070/880
f 431/406/1 433/1920/1 437/412/1
f 443/2148/21 447/3577/21 430/2146/21
f 431/406/1 449/2149/1 433/1920/1
f 435/3061/942 432/2719/942 452/2721/942
f 448/423/809 450/425/809 434/409/809
f 435/3061/942 452/2721/942 445/3059/942
f 441/416/880 436/2070/880 444/419/880
f 439/2718/2 446/3301/2 451/3300/2
f 439/2718/2 442/2717/2 446/3301/2
f 448/423/809 440/415/809 450/425/809
f 443/2148/21 438/3209/21 447/3577/21
f 457/2926/21 454/429/21 462/437/21
f 457/2926/21 471/446/21 454/429/21
f 463/2153/1 453/2152/1 476/3064/1
f 455/2530/809 473/2533/809 470/445/809
f 455/2530/809 470/445/809 474/449/809
f 458/433/880 464/2924/880 465/2923/880
f 458/433/880 465/2923/880 459/434/880
f 472/3578/2 456/2155/2 461/2724/2
f 467/442/942 469/3579/942 460/2154/942
f 472/3578/2 461/2724/2 468/2723/2
f 463/2153/1 476/3064/1 466/3063/1
f 467/442/942 475/3580/942 469/3579/942
f 486/3581/942 479/2158/942 496/2045/942
f 482/457/1 491/3582/1 477/3583/1
f 482/457/1 477/3583/1 488/463/1
f 490/465/809 497/2729/809 478/453/809
f 494/3584/21 489/2164/21 481/2163/21
f 492/467/880 480/2161/880 487/3066/880
f 484/459/2 499/3585/2 495/470/2
f 484/459/2 493/3586/2 499/3585/2
f 490/465/809 485/3211/809 497/2729/809
f 494/3584/21 483/2725/21 489/2164/21
f 486/3581/942 496/2045/942 498/2044/942
f 492/467/880 487/3066/880 500/475/880
f 506/481/21 502/477/21 507/482/21
f 506/481/21 513/488/21 502/477/21
f 508/2016/1 501/2536/1 517/2535/1
f 503/3587/809 515/2540/809 519/3588/809
f 503/3587/809 519/3588/809 518/2072/809
f 504/1987/880 512/2167/880 522/2166/880
f 504/1987/880 509/1986/880 512/2167/880
f 514/2537/2 505/3384/2 524/3383/2
f 508/2016/1 517/2535/1 510/3589/1
f 511/486/942 521/496/942 523/498/942
f 511/486/942 516/491/942 521/496/942
f 514/2537/2 524/3383/2 520/3590/2
f 538/2170/880 525/2169/880 532/3069/880
f 527/2075/1 529/2544/1 533/3591/1
f 537/512/21 546/521/21 526/501/21
f 527/2075/1 548/2545/1 529/2544/1
f 531/506/942 528/503/942 544/519/942
f 547/3592/809 545/2732/809 530/2731/809
f 531/506/942 544/519/942 540/515/942
f 538/2170/880 532/3069/880 542/3068/880
f 537/512/21 534/509/21 546/521/21
f 535/3213/2 539/2929/2 541/2928/2
f 535/3213/2 541/2928/2 543/3593/2
f 547/3592/809 536/3216/809 545/2732/809
f 550/525/1 563/3594/1 553/528/1
f 550/525/1 555/2020/1 563/3594/1
f 566/541/880 551/3595/880 552/3596/880
f 565/1921/21 556/531/21 549/2172/21
f 554/2175/942 560/2733/942 571/2173/942
f 554/2175/942 562/3071/942 560/2733/942
f 566/541/880 552/3596/880 570/545/880
f 557/3597/809 558/533/809 561/536/809
f 565/1921/21 567/542/21 556/531/21
f 557/3597/809 569/3598/809 558/533/809
f 568/2548/2 572/3599/2 559/2546/2
f 568/2548/2 564/3600/2 572/3599/2
f 586/2179/21 591/566/21 574/549/21
f 575/2551/1 593/2553/1 576/3601/1
f 587/562/880 573/3602/880 595/3603/880
f 575/2551/1 576/3601/1 596/2549/1
f 594/569/942 578/2177/942 584/3302/942
f 592/3604/809 582/557/809 577/552/809
f 580/3221/2 590/3605/2 583/3219/2
f 580/3221/2 585/3606/2 590/3605/2
f 592/3604/809 581/3607/809 582/557/809
f 586/2179/21 579/554/21 591/566/21
f 594/569/942 584/3302/942 589/3072/942
f 587/562/880 595/3603/880 588/563/880
f 598/573/1 602/3608/1 610/585/1
f 598/573/1 615/3609/1 602/3608/1
f 620/595/880 599/2931/880 609/2184/880
f 619/2187/21 616/3610/21 597/2180/21
f 611/3611/942 601/3073/942 613/3612/942
f 617/592/809 614/3305/809 600/575/809
f 604/579/2 608/3613/2 612/587/2
f 604/579/2 618/3614/2 608/3613/2
f 617/592/809 605/2555/809 614/3305/809
f 619/2187/21 603/2186/21 616/3610/21
f 620/595/880 609/2184/880 606/581/880
f 611/3611/942 613/3612/942 607/2735/942
f 623/598/1 625/3615/1 632/607/1
f 634/3616/21 639/2194/21 622/2193/21
f 623/598/1 641/3617/1 625/3615/1
f 635/610/880 621/2191/880 631/3077/880
f 640/615/809 642/2742/809 626/601/809
f 630/3618/942 624/2188/942 644/3619/942
f 628/603/2 638/3620/2 643/618/2
f 628/603/2 633/3621/2 638/3620/2
f 640/615/809 629/3222/809 642/2742/809
f 634/3616/21 627/2738/21 639/2194/21
f 630/3618/942 644/3619/942 637/3306/942
f 635/610/880 631/3077/880 636/611/880
f 647/3622/942 658/3623/942 649/2743/942
f 665/640/1 668/3624/1 646/621/1
f 647/3622/942 667/3078/942 658/3623/942
f 660/635/880 663/1969/880 645/2199/880
f 660/635/880 645/2199/880 648/623/880
f 655/630/2 661/3625/2 650/3626/2
f 655/630/2 650/3626/2 657/632/2
f 651/626/809 659/3310/809 666/641/809
f 651/626/809 656/1950/809 659/3310/809
f 662/2202/21 653/3627/21 664/2195/21
f 662/2202/21 654/2201/21 653/3627/21
f 665/640/1 652/3628/1 668/3624/1
f 689/664/21 678/653/21 670/2203/21
f 671/646/1 680/3629/1 690/3630/1
f 687/2934/880 669/3631/880 672/3632/880
f 671/646/1 690/3630/1 673/648/1
f 674/1989/942 683/2749/942 675/650/942
f 687/2934/880 672/3632/880 677/2932/880
f 674/1989/942 692/667/942 683/2749/942
f 685/3633/2 688/3634/2 676/3311/2
f 685/3633/2 676/3311/2 682/657/2
f 679/2559/809 681/3635/809 691/2557/809
f 689/664/21 684/2747/21 678/653/21
f 679/2559/809 686/3225/809 681/3635/809
f 694/669/1 708/2561/1 705/680/1
f 694/669/1 702/2562/1 708/2561/1
f 701/2937/880 695/2936/880 707/2209/880
f 700/675/21 703/678/21 693/2206/21
f 700/675/21 696/3636/21 703/678/21
f 697/672/2 699/3386/2 716/2750/2
f 704/3637/809 698/2563/809 711/3638/809
f 697/672/2 716/2750/2 712/687/2
f 701/2937/880 707/2209/880 714/2208/880
f 704/3637/809 711/3638/809 709/2078/809
f 706/2046/942 713/3639/942 715/3640/942
f 706/2046/942 710/685/942 713/3639/942
f 718/693/2 722/3081/2 739/714/2
f 718/693/2 731/2567/2 722/3081/2
f 734/3641/809 719/3642/809 738/3643/809
f 729/3230/21 717/2942/21 733/3644/21
f 730/3645/880 728/3646/880 720/3647/880
f 727/2755/942 740/2214/942 721/2753/942
f 724/699/1 737/2215/1 726/701/1
f 724/699/1 732/2939/1 737/2215/1
f 730/3645/880 725/3648/880 728/3646/880
f 729/3230/21 733/3644/21 723/3228/21
f 727/2755/942 736/2212/942 740/2214/942
f 734/3641/809 738/3643/809 735/3649/809
f 783/2238/1039 742/3650/1039 761/2025/1039
f 742/3650/100 785/3651/100 761/2025/100
f 742/3650/100 743/3652/100 785/3651/100
f 744/2572/2 741/3653/2 784/3654/2
f 744/2572/2 766/3655/2 763/3656/2
f 744/2572/2 769/2763/2 766/3655/2
f 744/2572/2 778/3657/2 779/2218/2
f 744/2572/2 784/3654/2 778/3657/2
f 743/3658/1040 750/3659/1040 787/2242/1040
f 744/2572/2 748/3660/2 749/3661/2
f 744/2572/2 746/2231/2 769/2763/2
f 744/2572/2 776/2217/2 746/2231/2
f 744/2572/2 763/3656/2 748/3660/2
f 744/2572/2 779/2218/2 776/2217/2
f 743/3658/1040 787/2242/1040 785/2241/1040
f 745/3662/1041 773/3663/1041 772/3664/1041
f 745/3662/1041 775/3665/1041 773/3663/1041
f 770/3666/488 745/3662/488 772/3664/488
f 747/2757/501 753/2022/501 752/2024/501
f 747/2757/501 764/3667/501 753/2022/501
f 750/3659/1042 747/2757/1042 752/2024/1042
f 750/3659/1042 752/2024/1042 787/2242/1042
f 788/3086/1 751/3668/1 754/3669/1
f 788/3086/1 754/3669/1 756/3670/1
f 764/3083/1043 755/3671/1043 753/2219/1043
f 788/3086/1 756/3670/1 768/2228/1
f 764/3083/1043 765/2569/1043 755/3671/1043
f 765/2569/1044 767/3672/1044 755/3671/1044
f 780/3673/511 781/3674/511 758/3675/511
f 788/3086/1 757/2234/1 782/2236/1
f 775/3665/1045 780/3673/1045 758/3675/1045
f 775/3665/1045 758/3675/1045 773/3663/1045
f 788/3086/1 774/2576/1 757/2234/1
f 783/2238/1039 761/2025/1039 760/2027/1039
f 788/3086/1 759/3676/1 762/3677/1
f 788/3086/1 782/2236/1 759/3676/1
f 777/3678/1046 760/2027/1046 781/2761/1046
f 777/3678/1046 783/2238/1046 760/2027/1046
f 788/3086/1 762/3677/1 786/3679/1
f 765/2569/1044 770/2571/1044 767/3672/1044
f 770/3666/488 772/3664/488 767/3680/488
f 788/3086/1 768/2228/1 771/2577/1
f 788/3086/1 771/2577/1 774/2576/1
f 780/3673/511 777/3681/511 781/3674/511
f 809/1972/942 796/3682/942 791/3683/942
f 793/720/2 811/3089/2 790/717/2
f 809/1972/942 791/3683/942 810/1970/942
f 803/2945/809 794/3684/809 789/2246/809
f 803/2945/809 789/2246/809 795/722/809
f 793/720/2 798/3685/2 811/3089/2
f 799/2243/21 792/2245/21 802/729/21
f 805/732/1 797/3686/1 808/735/1
f 805/732/1 801/3687/1 797/3686/1
f 799/2243/21 802/729/21 804/2766/21
f 800/727/880 807/3688/880 812/739/880
f 800/727/880 806/3689/880 807/3688/880
f 827/754/1 814/3690/1 828/755/1
f 819/2948/809 833/3092/809 815/742/809
f 829/2767/942 813/2769/942 832/3691/942
f 827/754/1 820/3692/1 814/3690/1
f 818/2580/21 821/748/21 826/2578/21
f 816/743/880 830/3693/880 836/763/880
f 818/2580/21 822/2252/21 821/748/21
f 823/750/2 817/3694/2 835/2250/2
f 816/743/880 825/3695/880 830/3693/880
f 819/2948/809 824/3696/809 833/3092/809
f 823/750/2 835/2250/2 831/758/2
f 829/2767/942 832/3691/942 834/3314/942
f 847/2257/942 856/3697/942 839/3698/942
f 854/781/2 860/3094/2 838/765/2
f 847/2257/942 839/3698/942 859/2772/942
f 849/2950/809 852/3699/809 837/2254/809
f 849/2950/809 837/2254/809 855/782/809
f 842/2050/21 851/778/21 844/2048/21
f 840/767/880 843/3700/880 848/3701/880
f 842/2050/21 853/1990/21 851/778/21
f 854/781/2 841/3702/2 860/3094/2
f 840/767/880 848/3701/880 858/785/880
f 845/772/1 857/3703/1 846/773/1
f 845/772/1 850/3704/1 857/3703/1
f 863/2082/809 883/3097/809 864/791/809
f 863/2082/809 878/3705/809 883/3097/809
f 872/1953/21 876/2261/21 862/789/21
f 872/1953/21 862/789/21 873/1951/21
f 874/801/1 861/3706/1 866/3707/1
f 874/801/1 866/3707/1 879/806/1
f 880/2774/942 865/2776/942 882/3708/942
f 880/2774/942 882/3708/942 867/3316/942
f 877/804/2 868/2259/2 884/811/2
f 877/804/2 871/3709/2 868/2259/2
f 870/797/880 881/3710/880 869/796/880
f 870/797/880 875/3711/880 881/3710/880
f 885/2262/21 888/2264/21 898/825/21
f 889/816/2 887/3712/2 893/3099/2
f 886/813/880 896/3713/880 891/818/880
f 885/2262/21 898/825/21 900/2779/21
f 886/813/880 902/3714/880 896/3713/880
f 889/816/2 893/3099/2 907/834/2
f 899/2952/809 890/3715/809 906/2265/809
f 895/2268/942 908/3716/942 892/2780/942
f 895/2268/942 904/3717/942 908/3716/942
f 901/828/1 905/3718/1 894/821/1
f 901/828/1 897/3719/1 905/3718/1
f 899/2952/809 906/2265/809 903/830/809
f 911/838/1 913/3720/1 921/848/1
f 918/845/880 909/3721/880 923/3722/880
f 920/2583/21 926/853/21 910/2581/21
f 911/838/1 925/3723/1 913/3720/1
f 924/2955/809 931/3102/809 914/841/809
f 922/2782/942 912/2784/942 930/3724/942
f 922/2782/942 930/3724/942 915/3318/942
f 928/855/2 916/2270/2 932/859/2
f 928/855/2 919/3725/2 916/2270/2
f 918/845/880 923/3722/880 917/844/880
f 920/2583/21 927/2272/21 926/853/21
f 924/2955/809 929/3726/809 931/3102/809
f 934/2275/2 956/3727/2 951/1991/2
f 934/2275/2 938/2274/2 956/3727/2
f 941/868/809 935/862/809 953/880/809
f 936/3237/21 933/2957/21 940/3728/21
f 937/864/880 948/3234/880 954/881/880
f 936/3237/21 940/3728/21 945/872/21
f 937/864/880 947/3235/880 948/3234/880
f 941/868/809 953/880/809 942/869/809
f 946/2788/1 939/2787/1 944/3729/1
f 950/877/942 943/2276/942 952/2278/942
f 946/2788/1 944/3729/1 949/2279/1
f 950/877/942 952/2278/942 955/1973/942
f 971/2584/21 961/2285/21 957/2051/21
f 958/885/1 960/3730/1 977/3731/1
f 969/3240/880 959/3732/880 965/3733/880
f 958/885/1 977/3731/1 963/890/1
f 962/2961/809 978/3734/809 975/2959/809
f 962/2961/809 974/3735/809 978/3734/809
f 971/2584/21 972/3104/21 961/2285/21
f 964/3320/942 980/2029/942 966/2282/942
f 969/3240/880 965/3733/880 968/3238/880
f 964/3320/942 976/2030/942 980/2029/942
f 973/900/2 967/3736/2 979/906/2
f 973/900/2 970/3737/2 967/3736/2
f 982/909/1 986/3738/1 999/926/1
f 982/909/1 996/3739/1 986/3738/1
f 992/1942/880 983/3740/880 1001/3741/880
f 991/3241/21 997/2966/21 981/2791/21
f 998/2964/809 1002/3742/809 984/2962/809
f 1000/2296/942 985/2295/942 1004/2291/942
f 988/915/2 995/3743/2 1003/930/2
f 988/915/2 990/3744/2 995/3743/2
f 998/2964/809 989/3745/809 1002/3742/809
f 991/3241/21 987/2288/21 997/2966/21
f 992/1942/880 1001/3741/880 993/1940/880
f 1000/2296/942 1004/2291/942 994/3107/942
f 1026/953/880 1005/3746/880 1010/3747/880
f 1007/934/1 1025/2796/1 1008/935/1
f 1028/2589/21 1018/2301/21 1006/2587/21
f 1007/934/1 1017/2799/1 1025/2796/1
f 1009/3325/942 1022/1996/942 1014/3323/942
f 1026/953/880 1010/3747/880 1016/943/880
f 1009/3325/942 1024/1994/942 1022/1996/942
f 1012/939/2 1015/2297/2 1021/948/2
f 1028/2589/21 1011/2299/21 1018/2301/21
f 1019/946/809 1013/3748/809 1020/3749/809
f 1012/939/2 1027/3750/2 1015/2297/2
f 1019/946/809 1020/3749/809 1023/950/809
f 1030/957/1 1049/2968/1 1038/965/1
f 1030/957/1 1044/2969/1 1049/2968/1
f 1042/3246/880 1031/3245/880 1040/2804/880
f 1041/968/21 1045/972/21 1029/2801/21
f 1033/960/2 1037/2591/2 1051/978/2
f 1033/960/2 1043/2592/2 1037/2591/2
f 1046/3751/809 1034/2970/809 1050/3752/809
f 1041/968/21 1032/2303/21 1045/972/21
f 1042/3246/880 1040/2804/880 1035/2803/880
f 1039/2304/942 1052/3753/942 1036/3754/942
f 1039/2304/942 1048/975/942 1052/3753/942
f 1046/3751/809 1050/3752/809 1047/1943/809
f 1059/986/880 1053/2593/880 1067/3327/880
f 1055/982/1 1057/2974/1 1065/992/1
f 1061/3112/21 1070/997/21 1054/3755/21
f 1055/982/1 1069/2975/1 1057/2974/1
f 1068/2308/809 1072/3117/809 1058/3116/809
f 1066/2805/942 1056/983/942 1071/3756/942
f 1059/986/880 1067/3327/880 1076/1003/880
f 1061/3112/21 1062/3114/21 1070/997/21
f 1063/990/2 1060/3757/2 1075/1923/2
f 1068/2308/809 1064/2307/809 1072/3117/809
f 1063/990/2 1075/1923/2 1073/1000/2
f 1066/2805/942 1071/3756/942 1074/3758/942
f 1093/2316/21 1078/3759/21 1083/2309/21
f 1093/2316/21 1089/2315/21 1078/3759/21
f 1084/1011/1 1077/3760/1 1096/3761/1
f 1079/1006/809 1091/1018/809 1098/1025/809
f 1079/1006/809 1098/1025/809 1097/1024/809
f 1088/3762/942 1100/3763/942 1081/2807/942
f 1090/2596/2 1092/3764/2 1082/3765/2
f 1090/2596/2 1082/3765/2 1099/2594/2
f 1094/1021/880 1086/2313/880 1080/1007/880
f 1084/1011/1 1096/3761/1 1087/1014/1
f 1094/1021/880 1085/2976/880 1086/2313/880
f 1088/3762/942 1095/3118/942 1100/3763/942
f 1103/1030/1 1105/3766/1 1120/1047/1
f 1112/2321/21 1113/1040/21 1102/2319/21
f 1103/1030/1 1115/3767/1 1105/3766/1
f 1110/1037/880 1101/3768/880 1119/3769/880
f 1114/2598/809 1107/2812/809 1106/1033/809
f 1121/2033/942 1104/2318/942 1109/3770/942
f 1117/1044/2 1123/3328/2 1108/1035/2
f 1121/2033/942 1109/3770/942 1122/2031/942
f 1114/2598/809 1118/3771/809 1107/2812/809
f 1110/1037/880 1119/3769/880 1124/1051/880
f 1112/2321/21 1116/2811/21 1113/1040/21
f 1117/1044/2 1111/3772/2 1123/3328/2
f 1126/1053/1 1130/2600/1 1144/1071/1
f 1126/1053/1 1137/2323/1 1130/2600/1
f 1142/2979/880 1127/2978/880 1143/2326/880
f 1141/3773/21 1138/3774/21 1125/3775/21
f 1145/3776/942 1129/3777/942 1147/3778/942
f 1139/3779/809 1148/3332/809 1128/3331/809
f 1145/3776/942 1147/3778/942 1132/3780/942
f 1135/2601/2 1140/2327/2 1133/2815/2
f 1135/2601/2 1133/2815/2 1146/1073/2
f 1142/2979/880 1143/2326/880 1131/2325/880
f 1141/3773/21 1134/3781/21 1138/3774/21
f 1139/3779/809 1136/2603/809 1148/3332/809
f 1155/2330/942 1151/2332/942 1163/3333/942
f 1170/1097/1 1169/3782/1 1149/3783/1
f 1170/1097/1 1149/3783/1 1157/1084/1
f 1168/2607/809 1161/2818/809 1150/1077/809
f 1159/1086/2 1154/3784/2 1162/1089/2
f 1159/1086/2 1165/3785/2 1154/3784/2
f 1164/1091/880 1156/3786/880 1152/1079/880
f 1155/2330/942 1163/3333/942 1153/3122/942
f 1164/1091/880 1171/3787/880 1156/3786/880
f 1168/2607/809 1160/3788/809 1161/2818/809
f 1166/2335/21 1158/2817/21 1167/1094/21
f 1166/2335/21 1167/1094/21 1172/2333/21
f 1177/1104/2 1173/1100/2 1207/1134/2
f 1175/3789/1047 1203/1130/1047 1208/1954/1047
f 1174/2610/1048 1189/3335/1048 1180/2338/1048
f 1174/2610/1048 1176/3790/1048 1199/3791/1048
f 1174/2610/1048 1199/3791/1048 1189/3335/1048
f 1175/3789/1047 1184/1111/1047 1203/1130/1047
f 1174/2610/1048 1180/2338/1048 1182/2340/1048
f 1177/1104/2 1207/1134/2 1201/1128/2
f 1197/1124/1049 1178/2608/1049 1200/3792/1049
f 1183/1110/1050 1179/3793/1050 1187/3124/1050
f 1181/1108/1 1193/1120/1 1185/1112/1
f 1181/1108/1 1188/2084/1 1193/1120/1
f 1183/1110/1050 1187/3124/1050 1204/1131/1050
f 1205/3794/1051 1186/3795/1051 1192/2337/1051
f 1190/1117/1052 1194/3249/1052 1191/3796/1052
f 1190/1117/1052 1198/1125/1052 1194/3249/1052
f 1205/3794/1051 1192/2337/1051 1196/1123/1051
f 1205/3794/1051 1196/1123/1051 1202/3797/1051
f 1197/1124/1049 1200/3792/1049 1195/3798/1049
f 1205/3794/1051 1202/3797/1051 1206/3799/1051
f 1209/3800/1053 1224/1151/1053 1229/1156/1053
f 1209/3800/1053 1229/1156/1053 1219/3801/1053
f 1241/2825/1054 1225/2342/1054 1211/1138/1054
f 1241/2825/1054 1211/1138/1054 1214/2821/1054
f 1212/1139/1 1210/2982/1 1218/1145/1
f 1241/2825/1054 1214/2821/1054 1215/3802/1054
f 1216/1143/1055 1213/3803/1055 1223/3804/1055
f 1212/1139/1 1218/1145/1 1221/1148/1
f 1239/3805/1056 1217/1144/1056 1244/1171/1056
f 1216/1143/1055 1223/3804/1055 1242/1169/1055
f 1243/2344/1057 1222/3806/1057 1220/3128/1057
f 1243/2344/1057 1220/3128/1057 1228/2822/1057
f 1226/1153/1058 1232/3807/1058 1227/1154/1058
f 1241/2825/1054 1233/3808/1054 1225/2342/1054
f 1226/1153/1059 1235/3250/1059 1232/3807/1059
f 1243/2344/1057 1228/2822/1057 1231/2824/1057
f 1234/1161/2 1237/1164/2 1230/1157/2
f 1243/2344/1057 1231/2824/1057 1236/3809/1057
f 1234/1161/2 1240/1167/2 1237/1164/2
f 1239/3805/1056 1244/1171/1056 1238/3810/1056
f 1246/3811/1060 1272/1199/1060 1271/1997/1060
f 1246/3811/1060 1278/1205/1060 1272/1199/1060
f 1247/1174/1061 1250/1177/1061 1251/2984/1061
f 1246/3811/1060 1261/3812/1060 1248/3813/1060
f 1279/2346/2 1245/2348/2 1259/2619/2
f 1247/1174/1061 1251/2984/1061 1257/3814/1061
f 1246/3811/1060 1271/1997/1060 1261/3812/1060
f 1249/1176/1062 1267/3815/1062 1252/3816/1062
f 1249/1176/1062 1260/1187/1062 1267/3815/1062
f 1253/1180/1063 1256/3817/1063 1258/1185/1063
f 1253/1180/1063 1276/3818/1063 1256/3817/1063
f 1253/1180/1063 1265/3819/1063 1276/3818/1063
f 1253/1180/1063 1266/1193/1063 1265/3819/1063
f 1273/2034/1064 1280/3820/1064 1254/2983/1064
f 1273/2034/1064 1254/2983/1064 1275/1202/1064
f 1279/2346/2 1259/2619/2 1255/1182/2
f 1262/2615/1 1263/1957/1 1268/1956/1
f 1262/2615/1 1270/1197/1 1263/1957/1
f 1269/3821/1065 1277/1204/1065 1264/1191/1065
f 1269/3821/1066 1274/2035/1066 1277/1204/1066
f 1298/3822/21 1281/3823/21 1288/3824/21
f 1289/3825/1 1283/2350/1 1302/3826/1
f 1282/1209/809 1293/1220/809 1303/1230/809
f 1298/3822/21 1284/3827/21 1281/3823/21
f 1282/1209/809 1286/1213/809 1293/1220/809
f 1285/2830/2 1292/3340/2 1294/3339/2
f 1285/2830/2 1297/2829/2 1292/3340/2
f 1296/1223/880 1287/2349/880 1300/2621/880
f 1289/3825/1 1302/3826/1 1301/1958/1
f 1296/1223/880 1300/2621/880 1290/1217/880
f 1299/3828/942 1295/3829/942 1291/3830/942
f 1299/3828/942 1304/3831/942 1295/3829/942
f 1309/3832/1067 1307/1234/1067 1322/1249/1067
f 1320/3833/1068 1306/3252/1068 1313/1240/1068
f 1309/3832/1067 1332/2623/1067 1307/1234/1067
f 1305/3253/1069 1334/3834/1069 1314/1974/1069
f 1305/3253/1069 1314/1974/1069 1311/1238/1069
f 1310/1237/1070 1319/1246/1070 1338/2986/1070
f 1309/3832/1067 1324/3342/1067 1317/3835/1067
f 1333/1260/2 1308/2354/2 1337/1264/2
f 1310/1237/1070 1338/2986/1070 1335/3836/1070
f 1309/3832/1067 1322/1249/1067 1324/3342/1067
f 1340/1267/1071 1312/3837/1071 1316/3838/1071
f 1320/3833/1068 1313/1240/1068 1327/2355/1068
f 1340/1267/1071 1328/3839/1071 1312/3837/1071
f 1333/1260/2 1337/1264/2 1315/1242/2
f 1340/1267/1071 1316/3838/1071 1336/3840/1071
f 1318/1245/1072 1331/3841/1072 1339/3842/1072
f 1318/1245/1072 1323/3843/1072 1331/3841/1072
f 1325/1252/1 1321/3389/1 1326/1253/1
f 1325/1252/1 1326/1253/1 1329/1256/1
f 1340/1267/1071 1330/3844/1071 1328/3839/1071
f 1342/1269/2 1348/1275/2 1374/1301/2
f 1342/1269/2 1374/1301/2 1353/1280/2
f 1349/2836/1073 1341/3845/1073 1344/2359/1073
f 1345/1272/1074 1343/3254/1074 1355/3846/1074
f 1350/3847/1075 1346/1273/1075 1365/1292/1075
f 1345/1272/1074 1355/3846/1074 1366/1293/1074
f 1349/2836/1073 1344/2359/1073 1352/1279/1073
f 1349/2836/1073 1352/1279/1073 1361/2833/1073
f 1349/2836/1073 1361/2833/1073 1371/3848/1073
f 1347/3849/1076 1358/1285/1076 1375/3850/1076
f 1347/3849/1076 1373/1300/1076 1358/1285/1076
f 1359/1286/1 1351/2987/1 1370/1297/1
f 1350/3847/1075 1365/1292/1075 1368/3851/1075
f 1357/2361/1077 1354/2835/1077 1376/3852/1077
f 1357/2361/1077 1367/1999/1077 1354/2835/1077
f 1357/2361/1077 1369/3853/1077 1367/1999/1077
f 1357/2361/1077 1364/3854/1077 1369/3853/1077
f 1372/1299/1078 1362/3855/1078 1356/1283/1078
f 1372/1299/1079 1360/3856/1079 1362/3855/1079
f 1359/1286/1 1370/1297/1 1363/1290/1
f 1378/2363/2 1380/2365/2 1388/2630/2
f 1378/2363/2 1388/2630/2 1411/3857/2
f 1381/1308/1080 1377/3858/1080 1403/3859/1080
f 1401/1328/1081 1379/1306/1081 1410/3860/1081
f 1381/1308/1080 1384/1311/1080 1390/1317/1080
f 1381/1308/1080 1403/3859/1080 1406/3343/1080
f 1382/3861/1082 1389/1976/1082 1394/1321/1082
f 1382/3861/1082 1394/1321/1082 1386/1313/1082
f 1381/1308/1080 1406/3343/1080 1384/1311/1080
f 1391/1975/1083 1383/3862/1083 1399/3136/1083
f 1385/2627/1 1395/1322/1 1400/1327/1
f 1385/2627/1 1405/3392/1 1395/1322/1
f 1393/3863/1084 1412/1339/1084 1387/3864/1084
f 1391/1975/1083 1399/3136/1083 1392/1319/1083
f 1393/3863/1084 1409/1336/1084 1412/1339/1084
f 1393/3863/1084 1397/2367/1084 1409/1336/1084
f 1393/3863/1084 1398/3865/1084 1397/2367/1084
f 1404/1331/1085 1407/3256/1085 1396/3866/1085
f 1404/1331/1085 1402/1329/1085 1407/3256/1085
f 1401/1328/1081 1410/3860/1081 1408/3867/1081
f 1424/3868/21 1425/3869/21 1414/3870/21
f 1415/3871/1 1427/2372/1 1431/2370/1
f 1422/1349/880 1413/2371/880 1417/2632/880
f 1415/3871/1 1431/2370/1 1418/2369/1
f 1416/3872/942 1433/3873/942 1430/3874/942
f 1416/3872/942 1430/3874/942 1420/3875/942
f 1422/1349/880 1417/2632/880 1419/1346/880
f 1435/2841/2 1421/3346/2 1429/3345/2
f 1435/2841/2 1423/2840/2 1421/3346/2
f 1424/3868/21 1434/3876/21 1425/3869/21
f 1426/1353/809 1428/1355/809 1432/1359/809
f 1426/1353/809 1436/1363/809 1428/1355/809
f 1438/1365/1 1460/3877/1 1450/1377/1
f 1438/1365/1 1456/3878/1 1460/3877/1
f 1448/1375/880 1439/2991/880 1449/2379/880
f 1447/2382/21 1457/3879/21 1437/2375/21
f 1451/3880/942 1444/3881/942 1441/2842/942
f 1454/1381/2 1446/3882/2 1442/3883/2
f 1454/1381/2 1442/3883/2 1443/1370/2
f 1448/1375/880 1449/2379/880 1440/1367/880
f 1455/1382/809 1452/1946/809 1445/3348/809
f 1455/1382/809 1445/3348/809 1458/1385/809
f 1451/3880/942 1459/3140/942 1444/3881/942
f 1447/2382/21 1453/2381/21 1457/3879/21
f 1463/1390/809 1472/1399/809 1464/1391/809
f 1476/2004/21 1479/2003/21 1462/2389/21
f 1463/1390/809 1481/1408/809 1472/1399/809
f 1475/1402/1 1461/3884/1 1466/3885/1
f 1476/2004/21 1462/2389/21 1474/2388/21
f 1475/1402/1 1466/3885/1 1484/1411/1
f 1482/3886/942 1465/2383/942 1471/3887/942
f 1482/3886/942 1471/3887/942 1467/2054/942
f 1480/3259/2 1468/3888/2 1470/3257/2
f 1480/3259/2 1478/3889/2 1468/3888/2
f 1477/1404/880 1483/3144/880 1469/1396/880
f 1477/1404/880 1473/2386/880 1483/3144/880
f 1486/1413/1 1505/3890/1 1495/1422/1
f 1486/1413/1 1500/3891/1 1505/3890/1
f 1493/1420/880 1487/3892/880 1494/3893/880
f 1492/2396/21 1501/1428/21 1485/2391/21
f 1496/2394/942 1507/3894/942 1489/2392/942
f 1498/1425/2 1491/3895/2 1490/2845/2
f 1498/1425/2 1490/2845/2 1506/1433/2
f 1493/1420/880 1494/3893/880 1488/1415/880
f 1492/2396/21 1497/2635/21 1501/1428/21
f 1496/2394/942 1504/3146/942 1507/3894/942
f 1502/2634/809 1499/3896/809 1508/3349/809
f 1502/2634/809 1508/3349/809 1503/1430/809
f 1525/3897/942 1511/3898/942 1529/3899/942
f 1523/1450/1 1516/2403/1 1509/2399/1
f 1523/1450/1 1509/2399/1 1524/1451/1
f 1515/2059/809 1527/2852/809 1510/2851/809
f 1512/2402/880 1526/3149/880 1530/3148/880
f 1512/2402/880 1521/2401/880 1526/3149/880
f 1514/3900/21 1519/3901/21 1517/3902/21
f 1520/2849/2 1513/2848/2 1532/3352/2
f 1514/3900/21 1517/3902/21 1522/3903/21
f 1515/2059/809 1518/2058/809 1527/2852/809
f 1520/2849/2 1532/3352/2 1528/1455/2
f 1525/3897/942 1529/3899/942 1531/3904/942
f 1537/2060/21 1533/2062/21 1546/1473/21
f 1534/1461/2 1536/3905/2 1544/3906/2
f 1547/2639/809 1535/3907/809 1556/3353/809
f 1534/1461/2 1544/3906/2 1554/1481/2
f 1537/2060/21 1546/1473/21 1539/2406/21
f 1538/1465/880 1541/3908/880 1550/3909/880
f 1538/1465/880 1550/3909/880 1542/1469/880
f 1540/1467/1 1552/3910/1 1548/1475/1
f 1540/1467/1 1545/3911/1 1552/3910/1
f 1549/2064/942 1555/2853/942 1543/2407/942
f 1547/2639/809 1556/3353/809 1553/1480/809
f 1549/2064/942 1551/3912/942 1555/2853/942
f 1558/3913/1051 1561/1488/1051 1582/2859/1051
f 1558/3913/1051 1576/3151/1051 1561/1488/1051
f 1558/3913/1051 1566/3914/1051 1576/3151/1051
f 1587/3915/1047 1559/1486/1047 1591/2641/1047
f 1558/3913/1051 1582/2859/1051 1592/3916/1051
f 1587/3915/1047 1565/1492/1047 1559/1486/1047
f 1564/1491/1050 1567/2409/1050 1557/1484/1050
f 1574/1501/1052 1562/2642/1052 1575/3917/1052
f 1574/1501/1052 1586/1513/1052 1562/2642/1052
f 1585/1512/1049 1583/3918/1049 1560/3919/1049
f 1589/2860/1048 1571/2857/1048 1563/3153/1048
f 1564/1491/1050 1570/3920/1050 1567/2409/1050
f 1569/1496/1 1577/1504/1 1568/1495/1
f 1589/2860/1048 1573/2855/1048 1571/2857/1048
f 1569/1496/1 1572/1978/1 1577/1504/1
f 1589/2860/1048 1584/3921/1048 1573/2855/1048
f 1580/1507/2 1590/1517/2 1581/1508/2
f 1589/2860/1048 1579/3922/1048 1584/3921/1048
f 1585/1512/1049 1578/3261/1049 1583/3918/1049
f 1580/1507/2 1588/1515/2 1590/1517/2
f 1625/2066/1054 1595/3155/1054 1610/1537/1054
f 1608/3923/1053 1594/1521/1053 1614/1541/1053
f 1625/2066/1054 1620/3924/1054 1595/3155/1054
f 1593/1520/1059 1622/2643/1059 1617/3925/1059
f 1593/1520/1058 1617/3925/1058 1615/1542/1058
f 1628/1555/1055 1596/3926/1055 1607/3927/1055
f 1598/1525/1 1613/1540/1 1605/1532/1
f 1598/1525/1 1609/3394/1 1613/1540/1
f 1625/2066/1054 1597/3356/1054 1627/3928/1054
f 1625/2066/1054 1610/1537/1054 1597/3356/1054
f 1623/3929/1056 1599/1526/1056 1602/3930/1056
f 1628/1555/1055 1607/3927/1055 1600/1527/1055
f 1601/2863/1057 1612/2414/1057 1616/2413/1057
f 1601/2863/1057 1606/3931/1057 1612/2414/1057
f 1623/3929/1056 1626/1553/1056 1599/1526/1056
f 1601/2863/1057 1619/3932/1057 1603/3933/1057
f 1601/2863/1057 1616/2413/1057 1619/3932/1057
f 1621/1548/2 1604/1531/2 1618/1545/2
f 1621/1548/2 1624/1551/2 1604/1531/2
f 1608/3923/1053 1614/1541/1053 1611/3934/1053
f 1631/3935/1060 1634/3936/1060 1638/3937/1060
f 1631/3935/1060 1643/2416/1060 1634/3936/1060
f 1629/1556/1061 1637/2999/1061 1663/3938/1061
f 1629/1556/1061 1640/1567/1061 1637/2999/1061
f 1631/3935/1060 1656/1583/1060 1643/2416/1060
f 1631/3935/1060 1659/1586/1060 1656/1583/1060
f 1660/3158/2 1630/3160/2 1662/2417/2
f 1639/1566/1062 1633/1560/1062 1644/3939/1062
f 1632/2866/1 1650/2998/1 1645/2645/1
f 1632/2866/1 1642/1569/1 1650/2998/1
f 1636/1563/1063 1652/3940/1063 1648/3941/1063
f 1636/1563/1063 1646/1573/1063 1652/3940/1063
f 1636/1563/1063 1654/3942/1063 1664/1591/1063
f 1636/1563/1063 1648/3941/1063 1654/3942/1063
f 1639/1566/1062 1644/3939/1062 1635/3943/1062
f 1641/3944/1066 1658/2649/1066 1649/1576/1066
f 1641/3944/1066 1649/1576/1066 1651/1578/1066
f 1657/2648/1064 1655/2868/1064 1647/1574/1064
f 1660/3158/2 1662/2417/2 1653/1580/2
f 1657/2648/1064 1661/3945/1064 1655/2868/1064
f 1666/2421/1 1685/3163/1 1687/3162/1
f 1666/2421/1 1680/2420/1 1685/3163/1
f 1670/1597/880 1667/3001/880 1686/2423/880
f 1669/3946/21 1681/3947/21 1665/3948/21
f 1670/1597/880 1686/2423/880 1671/1598/880
f 1675/3949/2 1668/2424/2 1673/2872/2
f 1669/3946/21 1674/3950/21 1681/3947/21
f 1688/3951/942 1678/3952/942 1672/3953/942
f 1675/3949/2 1673/2872/2 1677/2871/2
f 1682/1609/809 1676/1603/809 1679/1606/809
f 1682/1609/809 1679/1606/809 1683/1610/809
f 1688/3951/942 1684/3954/942 1678/3952/942
f 1722/1649/1070 1691/1618/1070 1694/3004/1070
f 1690/1617/1072 1701/3955/1072 1692/3956/1072
f 1690/1617/1072 1705/3957/1072 1701/3955/1072
f 1724/3958/1067 1706/2874/1067 1689/3959/1067
f 1693/1620/1071 1718/3960/1071 1714/3961/1071
f 1693/1620/1071 1703/3962/1071 1718/3960/1071
f 1722/1649/1070 1694/3004/1070 1699/3963/1070
f 1693/1620/1071 1696/3964/1071 1700/3965/1071
f 1693/1620/1071 1714/3961/1071 1696/3964/1071
f 1720/1647/2 1698/1625/2 1695/1622/2
f 1711/1949/1069 1721/3966/1069 1697/2875/1069
f 1711/1949/1069 1697/2875/1069 1713/1640/1069
f 1720/1647/2 1723/3165/2 1698/1625/2
f 1704/1631/1 1716/1643/1 1702/1629/1
f 1724/3958/1067 1709/1636/1067 1706/2874/1067
f 1704/1631/1 1708/3002/1 1716/1643/1
f 1707/3967/1068 1715/1642/1068 1717/3166/1068
f 1707/3967/1068 1712/1948/1068 1715/1642/1068
f 1724/3958/1067 1710/1637/1067 1709/1636/1067
f 1724/3958/1067 1719/3267/1067 1710/1637/1067
f 1726/1653/1078 1732/3968/1078 1730/1657/1078
f 1726/1653/1079 1743/3969/1079 1732/3968/1079
f 1759/1925/1073 1744/3358/1073 1725/3970/1073
f 1760/3971/1076 1727/1654/1076 1729/1656/1076
f 1728/2006/1077 1735/2430/1077 1750/2429/1077
f 1728/2006/1077 1731/3972/1077 1735/2430/1077
f 1728/2006/1077 1739/3973/1077 1741/3974/1077
f 1728/2006/1077 1750/2429/1077 1739/3973/1077
f 1760/3971/1076 1729/1656/1076 1740/3975/1076
f 1745/1672/1 1736/1663/1 1733/1660/1
f 1752/3976/1075 1751/1678/1075 1734/3977/1075
f 1745/1672/1 1753/3396/1 1736/1663/1
f 1748/1675/1074 1757/2651/1074 1737/3978/1074
f 1748/1675/1074 1737/3978/1074 1749/1676/1074
f 1756/1683/2 1742/1669/2 1738/1665/2
f 1756/1683/2 1758/1685/2 1742/1669/2
f 1759/1925/1073 1754/1681/1073 1744/3358/1073
f 1759/1925/1073 1747/3170/1073 1754/1681/1073
f 1752/3976/1075 1746/1673/1075 1751/1678/1075
f 1759/1925/1073 1755/1927/1073 1747/3170/1073
f 1765/2008/2 1761/2010/2 1794/2434/2
f 1762/1689/1080 1764/3979/1080 1791/3980/1080
f 1762/1689/1080 1772/1699/1080 1785/1712/1080
f 1762/1689/1080 1769/2879/1080 1772/1699/1080
f 1763/3981/1086 1778/1705/1086 1795/1722/1086
f 1763/3981/1082 1787/3010/1082 1778/1705/1082
f 1762/1689/1080 1791/3980/1080 1769/2879/1080
f 1765/2008/2 1794/2434/2 1779/3982/2
f 1792/1719/1081 1766/1693/1081 1781/3983/1081
f 1767/1694/1085 1793/1720/1085 1775/2655/1085
f 1767/1694/1085 1775/2655/1085 1789/3984/1085
f 1770/3269/1 1768/3008/1 1788/1715/1
f 1786/3009/1083 1771/3985/1083 1782/2432/1083
f 1770/3269/1 1788/1715/1 1783/1710/1
f 1792/1719/1081 1781/3983/1081 1773/3986/1081
f 1777/3987/1084 1774/1701/1084 1780/1707/1084
f 1777/3987/1084 1790/3172/1084 1774/1701/1084
f 1777/3987/1084 1780/1707/1084 1796/3988/1084
f 1777/3987/1084 1784/3989/1084 1790/3172/1084
f 1786/3009/1083 1782/2432/1083 1776/1703/1083
f 1801/2438/1 1799/3175/1 1819/3174/1
f 1820/3990/942 1798/3991/942 1816/3992/942
f 1801/2438/1 1812/2437/1 1799/3175/1
f 1814/1741/809 1817/1744/809 1797/1724/809
f 1805/1732/880 1802/3012/880 1818/2440/880
f 1804/3993/21 1813/3994/21 1800/3995/21
f 1805/1732/880 1818/2440/880 1806/1733/880
f 1810/3996/2 1803/2441/2 1808/2882/2
f 1804/3993/21 1809/3997/21 1813/3994/21
f 1820/3990/942 1816/3992/942 1807/3998/942
f 1810/3996/2 1808/2882/2 1815/2881/2
f 1814/1741/809 1811/1738/809 1817/1744/809
f 1832/3999/21 1821/2447/21 1843/2446/21
f 1844/1771/1 1823/4000/1 1824/4001/1
f 1822/1749/809 1839/2887/809 1825/1752/809
f 1832/3999/21 1836/2883/21 1821/2447/21
f 1822/1749/809 1838/3272/809 1839/2887/809
f 1827/4002/942 1826/1928/942 1841/4003/942
f 1844/1771/1 1824/4001/1 1829/1756/1
f 1830/1757/880 1842/2444/880 1828/3177/880
f 1827/4002/942 1841/4003/942 1834/3359/942
f 1830/1757/880 1828/3177/880 1833/1760/880
f 1837/1764/2 1831/4004/2 1835/4005/2
f 1837/1764/2 1835/4005/2 1840/1767/2
f 1852/2449/942 1847/4006/942 1876/1803/942
f 1877/4007/1026 1846/1773/1026 1883/1810/1026
f 1852/2449/942 1880/4008/942 1847/4006/942
f 1845/1772/1025 1879/1806/1025 1860/1787/1025
f 1845/1772/1025 1860/1787/1025 1881/1808/1025
f 1864/1791/1031 1848/1775/1031 1869/1796/1031
f 1852/2449/942 1849/2889/942 1863/4009/942
f 1850/4010/1030 1872/1799/1030 1870/3014/1030
f 1850/4010/1030 1867/1794/1030 1872/1799/1030
f 1852/2449/942 1868/2455/942 1849/2889/942
f 1852/2449/942 1887/4011/942 1880/4008/942
f 1852/2449/942 1876/1803/942 1868/2455/942
f 1888/1815/1028 1851/1778/1028 1891/1818/1028
f 1853/4012/1027 1859/1786/1027 1892/4013/1027
f 1853/4012/1027 1865/1792/1027 1859/1786/1027
f 1858/2451/21 1855/2658/21 1882/2456/21
f 1877/4007/1026 1883/1810/1026 1854/4014/1026
f 1866/1793/1029 1856/1783/1029 1873/1800/1029
f 1858/2451/21 1874/4015/21 1855/2658/21
f 1866/1793/1029 1875/2661/1029 1856/1783/1029
f 1858/2451/21 1882/2456/21 1862/2458/21
f 1858/2451/21 1871/2453/21 1874/4015/21
f 1858/2451/21 1885/4016/21 1890/4017/21
f 1858/2451/21 1862/2458/21 1885/4016/21
f 1864/1791/1031 1869/1796/1031 1857/1784/1031
f 1878/2656/1032 1886/1813/1032 1861/4018/1032
f 1878/2656/1032 1889/1816/1032 1886/1813/1032
f 1888/1815/1028 1891/1818/1028 1884/1811/1028
f 1893/2459/942 1913/2461/942 1900/3366/942
f 1907/1834/880 1902/4019/880 1894/4020/880
f 1904/1831/1 1911/4021/1 1895/1822/1
f 1893/2459/942 1900/3366/942 1909/3178/942
f 1907/1834/880 1894/4020/880 1908/1835/880
f 1915/2664/809 1896/4022/809 1901/1828/809
f 1898/2038/2 1910/4023/2 1899/2036/2
f 1898/2038/2 1905/4024/2 1910/4023/2
f 1906/2464/21 1897/1824/21 1914/1841/21
f 1915/2664/809 1901/1828/809 1912/1839/809
f 1906/2464/21 1914/1841/21 1903/2462/21
f 1904/1831/1 1916/4025/1 1911/4021/1
f 1919/1846/1 1921/4026/1 1936/1863/1
f 1932/1859/880 1917/2665/880 1935/2086/880
f 1934/4027/21 1931/2895/21 1918/2894/21
f 1919/1846/1 1930/4028/1 1921/4026/1
f 1929/1856/809 1927/3184/809 1922/1849/809
f 1937/4029/942 1920/2890/942 1926/4030/942
f 1934/4027/21 1923/3180/21 1931/2895/21
f 1929/1856/809 1925/2469/809 1927/3184/809
f 1924/1851/2 1940/4031/2 1928/1855/2
f 1924/1851/2 1933/4032/2 1940/4031/2
f 1937/4029/942 1926/4030/942 1939/2466/942
f 1932/1859/880 1935/2086/880 1938/1865/880
f 1942/3276/1 1964/4033/1 1951/3274/1
f 1942/3276/1 1956/3016/1 1964/4033/1
f 1945/3279/880 1943/3278/880 1950/1963/880
f 1944/1871/21 1957/1884/21 1941/1868/21
f 1944/1871/21 1959/1886/21 1957/1884/21
f 1960/3020/2 1946/2667/2 1954/4034/2
f 1945/3279/880 1950/1963/880 1955/1962/880
f 1952/1879/942 1963/1890/942 1949/1876/942
f 1960/3020/2 1954/4034/2 1948/3018/2
f 1952/1879/942 1949/1876/942 1953/1880/942
f 1958/4035/809 1961/3021/809 1947/2472/809
f 1958/4035/809 1947/2472/809 1962/2471/809
f 1968/1895/942 1965/1965/942 1983/2473/942
f 1979/2671/1 1966/4036/1 1970/2669/1
f 1979/2671/1 1981/3025/1 1966/4036/1
f 1980/1907/809 1984/1911/809 1967/1894/809
f 1976/1903/880 1977/2675/880 1969/3369/880
f 1968/1895/942 1983/2473/942 1986/2475/942
f 1976/1903/880 1969/3369/880 1988/1915/880
f 1975/2011/21 1973/2013/21 1982/2896/21
f 1980/1907/809 1972/1899/809 1984/1911/809
f 1971/2674/2 1987/4037/2 1985/2672/2
f 1971/2674/2 1974/3281/2 1987/4037/2
f 1975/2011/21 1982/2896/21 1978/1905/21
f 17/17/2 18/4038/2 19/18/2
f 64/53/1087 65/4039/1087 66/54/1087
f 86/74/21 87/2014/21 88/75/21
f 336/323/79 337/3052/79 338/324/79
f 343/329/1088 344/4040/1088 345/330/1088
f 354/338/1089 355/4041/1089 356/339/1089
f 357/341/2 358/3539/2 359/342/2
f 361/344/86 362/3291/86 363/345/86
f 366/347/1090 367/2144/1090 368/348/1090
f 382/362/1091 383/3296/1091 384/363/1091
f 391/371/488 392/2140/488 393/372/488
f 396/374/1092 397/3295/1092 398/375/1092
f 400/377/1093 401/2712/1093 402/378/1093
f 409/386/100 410/3293/100 411/387/100
f 413/389/511 414/2143/511 415/390/511
f 258/1916/1094 260/3503/1094 255/1917/1094
f 432/1919/1095 435/410/1095 437/412/1095
f 528/503/1096 531/506/1096 533/508/1096
f 568/543/1097 567/542/1097 565/1921/1097
f 1075/1923/469 1074/4042/469 1071/998/469
f 1170/1924/1098 1172/2333/1098 1167/1094/1098
f 1177/1104/1099 1176/1103/1099 1174/1101/1099
f 1709/1636/956 1710/1637/956 1712/1639/956
f 1759/1925/473 1758/4043/473 1756/1926/473
f 1826/1928/1100 1827/4002/1100 1829/1929/1100
f 80/68/1101 82/70/1101 77/65/1101
f 102/1931/1102 104/3447/1102 99/1932/1102
f 324/1934/1103 326/4044/1103 321/1935/1103
f 405/1937/1104 406/4045/1104 408/1938/1104
f 993/1940/1105 995/4046/1105 990/1941/1105
f 1047/1943/1106 1050/3752/1106 1052/1944/1106
f 1227/1154/481 1229/1156/481 1224/1151/481
f 1329/1256/1107 1331/1258/1107 1323/1250/1107
f 1452/1946/1108 1455/1382/1108 1457/1384/1108
f 1713/1640/484 1715/1642/484 1712/1948/484
f 315/302/1109 317/304/1109 313/300/1109
f 534/509/1110 537/512/1110 539/514/1110
f 653/628/727 654/4047/727 656/1950/727
f 873/1951/488 875/4048/488 870/1952/488
f 1205/1132/1111 1206/4049/1111 1208/1954/1111
f 1265/1955/1112 1266/4050/1112 1268/1956/1112
f 1301/1958/651 1302/3826/651 1304/1959/651
f 1328/1255/788 1330/1257/788 1329/1256/788
f 1397/1324/794 1398/1325/794 1400/1327/794
f 1698/1625/1113 1700/1627/1113 1696/1623/1113
f 1952/1961/1114 1953/4051/1114 1955/1962/1114
f 1968/1895/1115 1970/1897/1115 1966/1964/1115
f 75/1966/488 74/4052/488 71/1967/488
f 588/563/1116 590/565/1116 585/560/1116
f 636/611/498 638/613/498 633/608/498
f 657/632/499 659/634/499 656/631/499
f 662/637/1117 664/4053/1117 663/1969/1117
f 810/1970/501 812/4054/501 807/1971/501
f 955/1973/1118 954/4055/1118 948/875/1118
f 1023/950/706 1025/952/706 1017/944/706
f 1314/1974/1119 1316/4056/1119 1312/1239/1119
f 1391/1975/1120 1392/1319/1120 1394/1321/1120
f 1574/1977/1121 1575/1502/1121 1577/1504/1121
f 1908/1835/1122 1910/1837/1122 1905/1832/1122
f 112/1979/564 111/2900/564 109/96/564
f 150/1980/488 152/4057/488 147/1981/488
f 277/264/1123 276/263/1123 273/1983/1123
f 368/348/1124 369/350/1124 371/352/1124
f 506/1985/1125 507/4058/1125 509/1986/1125
f 675/650/1126 677/652/1126 672/1988/1126
f 853/1990/511 852/4059/511 849/776/511
f 951/1991/1127 956/3727/1127 955/1992/1127
f 1024/1994/1128 1023/4060/1128 1020/1995/1128
f 1271/1997/668 1272/1199/668 1274/1201/668
f 1367/1999/675 1369/3853/675 1368/2000/675
f 1478/2002/1129 1480/4061/1129 1479/2003/1129
f 1732/2005/1130 1731/3972/1130 1728/2006/1130
f 1765/2008/1131 1764/4062/1131 1762/2009/1131
f 1975/2011/1132 1974/4063/1132 1971/2012/1132
f 90/77/1133 92/79/1133 87/2014/1133
f 153/140/521 155/142/521 152/139/521
f 240/2015/532 242/4064/532 238/225/532
f 372/353/511 374/355/511 371/352/511
f 508/2016/1134 510/3589/1134 512/2017/1134
f 561/2019/1135 563/3594/1135 555/2020/1135
f 753/2022/1136 754/4065/1136 751/2023/1136
f 761/2025/1137 762/4066/1137 759/2026/1137
f 975/2028/1138 978/4067/1138 980/2029/1138
f 1122/2031/501 1124/4068/501 1119/2032/501
f 1273/2034/1139 1275/1202/1139 1277/1204/1139
f 1464/1391/1140 1466/1393/1140 1461/1388/1140
f 1749/1676/530 1751/1678/530 1746/1673/530
f 1899/2036/1141 1901/4069/1141 1896/2037/1141
f 159/146/100 161/148/100 156/2039/100
f 208/195/522 207/194/522 204/2041/522
f 261/248/568 265/252/568 264/251/568
f 495/2043/1142 499/4070/1142 498/2044/1142
f 540/515/1143 544/519/1143 543/518/1143
f 562/537/100 561/536/100 558/533/100
f 708/683/79 710/685/79 706/2046/79
f 844/2048/488 843/4071/488 840/2049/488
f 957/2051/536 961/2285/536 960/2052/536
f 1220/1147/1144 1222/1149/1144 1221/1148/1144
f 1467/2054/1145 1471/3887/1145 1470/2055/1145
f 1517/2057/752 1519/4072/752 1518/2058/752
f 1537/2060/1146 1536/4073/1146 1534/2061/1146
f 1552/2063/1147 1551/3912/1147 1549/2064/1147
f 1625/2066/1148 1627/3928/1148 1626/2067/1148
f 49/41/1149 51/43/1149 46/38/1149
f 387/367/1150 388/368/1150 390/370/1150
f 431/2069/1151 437/4074/1151 436/2070/1151
f 518/2072/823 519/3588/823 521/2073/823
f 527/2075/1134 533/3591/1134 532/2076/1134
f 709/2078/1152 711/3638/1152 713/2079/1152
f 864/791/95 866/793/95 861/2081/95
f 941/868/1153 942/869/1153 944/871/1153
f 1097/1024/853 1098/1025/853 1100/1027/853
f 1190/2083/1121 1191/1118/1121 1193/1120/1121
f 1581/1508/1154 1583/1510/1154 1578/1505/1154
f 1670/1597/1155 1671/1598/1155 1673/1600/1155
f 1805/1732/1155 1806/1733/1155 1808/1735/1155
f 1937/2085/1156 1939/1866/1156 1938/1865/1156
f 64/2087/1157 67/4075/1157 17/2088/1157
f 34/2090/501 33/4076/501 30/2091/501
f 41/2093/1158 19/4077/1158 18/2094/1158
f 45/2096/488 53/3427/488 52/2097/488
f 54/2099/1159 53/3427/1159 36/32/1159
f 75/1966/1160 69/57/1160 68/56/1160
f 56/2101/501 55/4078/501 58/2102/501
f 72/2104/1161 89/76/1161 88/75/1161
f 81/2105/563 80/4079/563 83/2106/563
f 43/2108/1162 78/3431/1162 77/2109/1162
f 79/2111/564 78/3431/564 92/79/564
f 97/2112/1163 96/4080/1163 114/2113/1163
f 101/2115/616 100/2488/616 106/2116/616
f 129/2118/559 131/4081/559 117/2119/559
f 127/2121/488 126/4082/488 135/2122/488
f 128/2124/507 127/2121/507 132/119/507
f 163/150/564 162/149/564 151/2125/564
f 142/2126/501 141/4083/501 155/2127/501
f 145/2129/616 144/2494/616 149/1982/616
f 205/192/1164 165/152/1164 167/154/1164
f 198/2131/1094 200/3480/1094 201/2132/1094
f 186/173/1165 184/171/1165 183/170/1165
f 176/163/1166 172/159/1166 171/158/1166
f 210/197/533 181/168/533 180/167/533
f 219/206/1167 232/219/1167 231/218/1167
f 224/211/1168 235/222/1168 234/221/1168
f 228/215/1169 217/204/1169 216/203/1169
f 241/228/1164 279/266/1164 281/268/1164
f 267/254/1165 247/234/1165 246/233/1165
f 254/241/1166 250/237/1166 249/236/1166
f 285/272/1167 307/294/1167 306/293/1167
f 296/283/1168 298/285/1168 297/284/1168
f 291/278/1169 289/276/1169 288/275/1169
f 325/312/1170 324/311/1170 330/317/1170
f 322/309/1171 321/308/1171 316/303/1171
f 323/310/1172 322/309/1172 309/296/1172
f 348/2134/1173 347/2517/1173 334/321/1173
f 351/336/1174 350/335/1174 341/2135/1174
f 395/376/1175 398/375/1175 357/341/1175
f 391/371/1176 394/373/1176 366/347/1176
f 373/354/582 394/373/582 393/372/582
f 375/356/21 399/379/21 402/378/21
f 413/389/21 416/391/21 379/2137/21
f 389/2139/79 388/4084/79 408/385/79
f 392/2140/1177 386/3570/1177 385/2141/1177
f 387/2142/579 386/3570/579 404/381/579
f 414/2143/21 413/389/21 368/348/21
f 364/346/501 421/396/501 420/395/501
f 418/2145/616 417/2529/616 424/399/616
f 430/2146/1178 429/4085/1178 441/2147/1178
f 449/2149/1179 431/406/1179 430/405/1179
f 462/2151/1180 454/4086/1180 453/2152/1180
f 460/2154/501 459/4087/501 465/440/501
f 456/2155/1181 472/3578/1181 471/2156/1181
f 479/2158/1182 486/3581/1182 488/2159/1182
f 494/469/1183 481/4088/1183 480/2161/1183
f 491/2162/1184 482/4089/1184 481/2163/1184
f 507/482/593 502/477/593 501/476/593
f 511/2165/1185 523/4090/1185 522/2166/1185
f 505/480/1186 514/489/1186 513/488/1186
f 537/2168/1125 526/4091/1125 525/2169/1125
f 548/523/590 527/502/590 526/501/590
f 556/531/1187 555/530/1187 550/2171/1187
f 571/2173/501 570/4092/501 552/2174/501
f 594/569/1188 596/571/1188 576/2176/1188
f 574/549/488 573/548/488 587/2178/488
f 575/550/1189 574/549/1189 591/566/1189
f 597/2180/600 616/3610/600 615/2181/600
f 611/2183/1190 607/582/1190 606/581/1190
f 618/2185/826 604/4093/826 603/2186/826
f 624/2188/1191 630/3618/1191 632/2189/1191
f 634/609/1117 622/4094/1117 621/2191/1117
f 641/2192/1192 623/4095/1192 622/2193/1192
f 664/2195/1193 653/3627/1193 652/2196/1193
f 647/2198/1190 649/624/1190 648/623/1190
f 661/2200/826 655/4096/826 654/2201/826
f 674/1989/79 673/4097/79 690/665/79
f 670/2203/1194 669/4098/1194 687/662/1194
f 671/2204/579 670/2203/579 678/653/579
f 703/678/579 702/677/579 694/2205/579
f 706/2207/1195 715/4099/1195 714/2208/1195
f 697/2210/582 696/3636/582 700/675/582
f 729/2211/1196 731/2567/1196 718/693/1196
f 736/2212/1197 735/4100/1197 738/2213/1197
f 737/2215/1198 736/4101/1198 727/702/1198
f 780/2216/1199 775/2232/1199 776/2217/1199
f 753/2219/1200 755/3671/1200 756/2220/1200
f 761/2222/1201 785/2241/1201 786/2223/1201
f 763/2225/1202 764/3083/1202 747/2226/1202
f 768/2228/1203 756/3670/1203 755/2229/1203
f 746/2231/1204 776/2217/1204 775/2232/1204
f 757/2234/1205 758/2764/1205 781/2235/1205
f 741/2237/1206 742/3650/1206 783/2238/1206
f 788/2240/1207 786/2223/1207 785/2241/1207
f 799/2243/582 798/4102/582 793/2244/582
f 796/723/100 795/722/100 789/2246/100
f 797/2248/559 796/3682/559 809/1972/559
f 832/759/469 831/758/469 835/2250/469
f 822/2252/511 824/4103/511 819/746/511
f 842/2050/582 841/4104/582 854/2253/582
f 856/783/100 855/782/100 837/2254/100
f 857/2256/559 856/3697/559 847/2257/559
f 882/809/469 884/811/469 868/2259/469
f 876/2261/511 878/4105/511 863/790/511
f 885/2262/582 887/4106/582 889/2263/582
f 904/831/100 903/830/100 906/2265/100
f 905/2267/559 904/3717/559 895/2268/559
f 930/857/1208 932/859/1208 916/2270/1208
f 927/2272/511 929/4107/511 924/851/511
f 933/2273/1209 936/4108/1209 938/2274/1209
f 943/2276/1210 942/4109/1210 953/2277/1210
f 949/2279/1211 944/3729/1211 943/2280/1211
f 966/2282/620 980/2029/620 979/2283/620
f 961/2285/901 972/3104/901 974/2286/901
f 987/2288/952 991/3241/952 990/2289/952
f 1004/2291/1212 985/2295/1212 984/2292/1212
f 999/2294/1213 986/4110/1213 985/2295/1213
f 1022/949/1214 1021/948/1214 1015/2297/1214
f 1011/2299/1215 1013/4111/1215 1019/2300/1215
f 1041/968/582 1043/970/582 1033/2302/582
f 1049/976/563 1048/975/563 1039/2304/563
f 1070/2306/1216 1062/4112/1216 1064/2307/1216
f 1083/2309/657 1078/3759/657 1077/2310/657
f 1088/2312/1217 1081/1008/1217 1080/1007/1217
f 1092/2314/1129 1090/4113/1129 1089/2315/1129
f 1121/2033/79 1120/4114/79 1105/2317/79
f 1102/2319/488 1101/4115/488 1110/2320/488
f 1103/2322/579 1102/2319/579 1113/1040/579
f 1125/1052/660 1138/4116/660 1137/2323/660
f 1145/2324/1218 1132/4117/1218 1131/2325/1218
f 1140/2327/854 1135/2601/854 1134/2328/854
f 1155/2330/541 1157/4118/541 1149/2331/541
f 1172/2333/488 1171/4119/488 1164/2334/488
f 1191/2336/1219 1194/1121/1219 1196/1123/1219
f 1180/2338/1220 1179/4120/1220 1183/2339/1220
f 1224/2341/1221 1209/1136/1221 1211/1138/1221
f 1223/2343/1222 1222/3806/1222 1243/2344/1222
f 1231/1158/1223 1230/1157/1223 1237/1164/1223
f 1279/2346/1224 1278/4121/1224 1246/2347/1224
f 1264/1191/1225 1277/1204/1225 1276/1203/1225
f 1261/1188/1226 1260/1187/1226 1249/1176/1226
f 1298/1225/1227 1288/4122/1227 1287/2349/1227
f 1283/2350/671 1289/3825/671 1288/2351/671
f 1333/1260/1228 1332/1259/1228 1309/2353/1228
f 1327/2355/1229 1313/1240/1229 1312/1239/1229
f 1324/2357/1230 1323/3843/1230 1318/1245/1230
f 1346/2358/1231 1350/1277/1231 1352/1279/1231
f 1362/2360/517 1364/3854/517 1357/2361/517
f 1354/1281/1232 1353/1280/1232 1374/1301/1232
f 1378/2363/1131 1377/4123/1131 1381/2364/1131
f 1396/2366/1233 1407/1334/1233 1409/1336/1233
f 1384/1311/1234 1383/1310/1234 1391/1318/1234
f 1433/2368/491 1416/4124/491 1418/2369/491
f 1424/1351/1227 1414/4125/1227 1413/2371/1227
f 1427/2372/671 1415/3871/671 1414/2373/671
f 1437/2375/1235 1457/3879/1235 1456/2376/1235
f 1451/2378/1236 1441/1368/1236 1440/1367/1236
f 1446/2380/869 1454/4126/869 1453/2381/869
f 1465/2383/1237 1482/3886/1237 1484/2384/1237
f 1476/1403/1238 1474/4127/1238 1473/2386/1238
f 1461/2387/1239 1475/4128/1239 1474/2388/1239
f 1501/1428/579 1500/1427/579 1486/2390/579
f 1489/2392/501 1488/4129/501 1494/2393/501
f 1498/2395/582 1497/2635/582 1492/2396/582
f 1511/2398/1240 1525/1452/1240 1524/1451/1240
f 1514/2400/1241 1522/4130/1241 1521/2401/1241
f 1516/2403/630 1523/1450/630 1522/1449/630
f 1546/1473/470 1545/1472/470 1540/2405/470
f 1543/2407/501 1542/4131/501 1550/2408/501
f 1586/1513/1242 1574/1501/1242 1573/1500/1242
f 1567/2409/663 1566/4132/663 1558/1485/663
f 1582/1509/1243 1581/1508/1243 1590/1517/1243
f 1621/2410/665 1620/3924/665 1625/2066/665
f 1611/2412/1244 1614/4133/1244 1616/2413/1244
f 1597/2415/1245 1596/3926/1245 1628/1555/1245
f 1658/1585/514 1641/4134/514 1643/2416/514
f 1644/1571/1246 1646/1573/1246 1636/1563/1246
f 1654/1581/1247 1653/1580/1247 1662/2417/1247
f 1665/2419/643 1681/4135/643 1680/2420/643
f 1688/2422/1248 1672/1599/1248 1671/1598/1248
f 1668/2424/848 1675/3949/848 1674/2425/848
f 1701/2427/1249 1703/3962/1249 1693/1620/1249
f 1734/2428/515 1751/4136/515 1750/2429/515
f 1744/2431/1250 1743/3969/1250 1726/1653/1250
f 1793/1720/1251 1767/1694/1251 1769/1696/1251
f 1782/2432/1252 1784/4137/1252 1777/1704/1252
f 1780/2433/1253 1779/3982/1253 1794/2434/1253
f 1800/2436/643 1813/4138/643 1812/2437/643
f 1820/2439/1248 1807/1734/1248 1806/1733/1248
f 1803/2441/848 1810/3996/848 1809/2442/848
f 1832/1759/1254 1843/4139/1254 1842/2444/1254
f 1823/2445/652 1844/4140/652 1843/2446/652
f 1888/2448/682 1887/4011/682 1852/2449/682
f 1848/1775/1255 1864/1791/1255 1863/1790/1255
f 1858/2451/684 1857/4141/684 1869/2452/684
f 1876/1803/1256 1875/1802/1256 1866/2454/1256
f 1882/2456/1257 1881/4142/1257 1860/2457/1257
f 1893/2459/1258 1895/4143/1258 1911/2460/1258
f 1903/2462/488 1902/4144/488 1907/2463/488
f 1904/2465/1259 1903/2462/1259 1914/1841/1259
f 1939/2466/1260 1926/4030/1260 1928/2467/1260
f 1931/1858/1261 1923/4145/1261 1925/2469/1261
f 1944/1871/1262 1946/1873/1262 1960/1887/1262
f 1949/2470/1263 1963/4146/1263 1962/2471/1263
f 1964/1891/1264 1963/1890/1264 1952/1879/1264
f 1983/2473/1265 1985/4147/1265 1987/2474/1265
f 1982/1909/1266 1973/1900/1266 1972/1899/1266
f 21/20/1267 23/22/1267 67/2476/1267
f 24/23/1268 26/25/1268 61/2682/1268
f 18/2094/1269 17/4148/1269 52/44/1269
f 40/36/1270 39/35/1270 38/2478/1270
f 70/2480/1271 65/4149/1271 64/2481/1271
f 70/58/1272 69/57/1272 86/74/1272
f 84/72/1273 83/71/1273 91/2483/1273
f 93/2485/1274 95/4150/1274 108/2486/1274
f 110/97/1133 109/96/1133 100/2488/1133
f 131/118/521 130/117/521 126/113/521
f 118/105/95 117/104/95 134/2490/95
f 161/148/1275 160/147/1275 162/2492/1275
f 157/144/499 156/143/499 146/133/499
f 164/151/511 163/150/511 144/2494/511
f 185/2496/1276 184/3469/1276 193/2497/1276
f 189/176/695 191/178/695 183/170/695
f 199/186/498 198/185/498 205/192/498
f 213/2499/1277 215/4151/1277 231/2500/1277
f 225/2502/1278 227/4152/1278 218/2503/1278
f 218/205/1279 233/220/1279 232/219/1279
f 248/2505/1276 247/3494/1276 275/1984/1276
f 270/257/95 272/259/95 246/233/95
f 259/246/1280 258/245/1280 241/228/1280
f 303/2507/1277 305/4153/1277 306/2508/1277
f 300/2510/1278 302/4154/1278 290/2511/1278
f 290/277/1279 308/295/1279 307/294/1279
f 331/2513/1281 330/4155/1281 311/2514/1281
f 336/2516/1 339/3522/1 347/2517/1
f 351/336/2 353/340/2 356/339/2
f 349/2519/1282 348/3527/1282 350/2520/1282
f 372/2522/1283 358/3545/1283 357/2523/1283
f 415/2525/1284 400/3207/1284 399/2526/1284
f 418/393/1285 426/401/1285 428/403/1285
f 419/2528/511 415/390/511 414/2143/511
f 448/423/1286 434/409/1286 433/408/1286
f 455/2530/1287 474/449/1287 476/451/1287
f 472/2532/1288 468/443/1288 470/445/1288
f 455/430/511 454/429/511 471/446/511
f 488/463/521 487/462/521 480/455/521
f 478/453/95 477/452/95 491/466/95
f 503/2534/1289 518/4156/1289 517/2535/1289
f 514/2537/1290 520/3590/1290 519/2538/1290
f 515/2540/1291 503/3587/1291 502/2541/1291
f 547/2543/1289 530/4157/1289 529/2544/1289
f 559/2546/1292 558/4158/1292 569/2547/1292
f 557/532/511 556/531/511 567/542/511
f 596/2549/1293 595/4159/1293 573/2550/1293
f 577/2552/1294 576/3601/1294 593/2553/1294
f 600/575/95 602/577/95 615/590/95
f 612/587/499 614/589/499 605/580/499
f 605/2555/487 617/592/487 616/591/487
f 632/607/521 631/606/521 621/596/521
f 626/601/95 625/600/95 641/616/95
f 666/641/95 668/643/95 652/627/95
f 673/648/1295 672/647/1295 669/644/1295
f 691/2557/1296 690/4160/1296 680/2558/1296
f 704/2560/1297 709/4161/1297 708/2561/1297
f 697/672/1298 712/687/1298 711/686/1298
f 698/2563/1299 704/3637/1299 703/2564/1299
f 720/2566/1300 722/3081/1300 731/2567/1300
f 765/2569/1301 766/3084/1301 769/2570/1301
f 744/2572/1302 749/3661/1302 750/2573/1302
f 772/2575/1303 773/4162/1303 774/2576/1303
f 812/739/498 811/738/498 798/725/498
f 828/755/521 830/757/521 825/752/521
f 831/758/499 833/760/499 824/751/499
f 826/2578/488 825/4163/488 816/2579/488
f 858/785/498 860/787/498 841/768/498
f 879/806/521 881/808/521 875/802/521
f 884/811/499 883/810/499 878/805/499
f 891/818/498 893/820/498 887/814/498
f 921/848/521 923/850/521 909/836/521
f 932/859/499 931/858/499 929/856/499
f 910/2581/488 909/4164/488 918/2582/488
f 937/864/1304 954/881/1304 956/883/1304
f 963/890/1305 965/892/1305 959/886/1305
f 979/906/1306 978/905/1306 974/901/1306
f 971/2584/1307 957/2051/1307 959/2585/1307
f 1008/935/521 1010/937/521 1005/932/521
f 1021/948/499 1020/947/499 1013/940/499
f 1006/2587/1308 1005/4165/1308 1026/2588/1308
f 1042/2590/1309 1035/4166/1309 1037/2591/1309
f 1055/982/1310 1065/992/1310 1067/994/1310
f 1063/990/1311 1073/1000/1311 1072/999/1311
f 1061/988/1312 1054/4167/1312 1053/2593/1312
f 1097/1024/1313 1096/1023/1313 1077/1004/1313
f 1099/2594/1314 1098/4168/1314 1091/2595/1314
f 1091/1018/1315 1079/1006/1315 1078/1005/1315
f 1120/1047/521 1119/1046/521 1101/1028/521
f 1106/1033/95 1105/1032/95 1115/2597/95
f 1139/2599/1316 1128/4169/1316 1130/2600/1316
f 1135/2601/1317 1146/1073/1317 1148/1075/1317
f 1136/2603/539 1139/3779/539 1138/2604/539
f 1157/1084/1318 1156/1083/1318 1171/1098/1318
f 1150/1077/1319 1149/1076/1319 1169/2606/1319
f 1178/2608/1320 1197/1124/1320 1199/1126/1320
f 1174/2610/1321 1182/2340/1321 1184/2611/1321
f 1181/1108/1322 1185/1112/1322 1187/1114/1322
f 1208/1135/1323 1207/1134/1323 1173/1100/1323
f 1243/2344/859 1236/3809/859 1238/2613/859
f 1280/1207/1324 1273/1200/1324 1272/1199/1324
f 1246/1173/1325 1248/1175/1325 1250/1177/1325
f 1262/2615/1326 1268/1956/1326 1267/2616/1326
f 1247/2618/1327 1257/4170/1327 1259/2619/1327
f 1289/2620/1328 1301/4171/1328 1300/2621/1328
f 1282/1209/1329 1303/1230/1329 1302/1229/1329
f 1334/2622/1330 1305/1232/1330 1307/1234/1330
f 1309/1236/1331 1317/1244/1331 1319/1246/1331
f 1310/2624/1332 1335/1262/1332 1337/1264/1332
f 1363/1290/865 1370/1297/865 1369/1296/865
f 1357/2361/866 1376/3852/866 1375/2625/866
f 1366/1293/530 1365/1292/530 1346/1273/530
f 1379/1306/1333 1401/1328/1333 1403/1330/1333
f 1381/1308/1334 1390/1317/1334 1389/1316/1334
f 1385/2627/1335 1400/1327/1335 1399/1326/1335
f 1382/2629/1336 1386/4172/1336 1388/2630/1336
f 1415/2631/1337 1418/4173/1337 1417/2632/1337
f 1426/1353/1329 1432/1359/1329 1431/1358/1329
f 1458/1385/95 1460/1387/95 1456/1383/95
f 1443/1370/499 1445/1372/499 1452/1379/499
f 1484/1411/1338 1483/1410/1338 1473/1400/1338
f 1503/1430/95 1505/1432/95 1500/2633/95
f 1506/1433/499 1508/1435/499 1499/1426/499
f 1502/1429/511 1501/1428/511 1497/2635/511
f 1523/1450/1339 1524/1451/1339 1526/1453/1339
f 1515/2637/1340 1510/4174/1340 1509/2399/1340
f 1553/1480/1319 1552/1479/1319 1545/2638/1319
f 1554/1481/1341 1556/1483/1341 1535/1462/1341
f 1547/1474/511 1546/1473/511 1533/2062/511
f 1568/1495/844 1577/1504/844 1576/1503/844
f 1558/1485/1111 1592/4175/1111 1591/2641/1111
f 1585/1512/1342 1560/3919/1342 1562/2642/1342
f 1622/2643/1343 1593/1520/1343 1595/1522/1343
f 1598/1525/782 1605/1532/782 1607/1534/782
f 1602/1529/1344 1604/1531/1344 1624/1551/1344
f 1645/2645/1345 1650/2998/1345 1652/2646/1345
f 1636/1563/1346 1664/1591/1346 1663/1590/1346
f 1657/2648/1139 1647/1574/1139 1649/1576/1139
f 1682/1609/1329 1683/1610/1329 1685/1612/1329
f 1675/1602/1347 1677/1604/1347 1679/1606/1347
f 1676/1603/1348 1682/1609/1348 1681/1608/1348
f 1702/1629/492 1716/1643/492 1718/1645/492
f 1693/1620/789 1700/3965/789 1699/2650/789
f 1757/2651/1349 1748/1675/1349 1747/1674/1349
f 1759/1925/1350 1725/3970/1350 1727/2653/1350
f 1733/1660/792 1732/1659/792 1743/1670/792
f 1760/1687/793 1740/1667/793 1742/1669/793
f 1783/1710/493 1788/1715/493 1790/1717/493
f 1777/1704/1351 1796/1723/1351 1795/1722/1351
f 1792/1719/1352 1773/3986/1352 1775/2655/1352
f 1814/1741/1329 1797/1724/1329 1799/1726/1329
f 1810/1737/1353 1815/1742/1353 1817/1744/1353
f 1811/1738/1348 1814/1741/1348 1813/1740/1348
f 1829/1756/521 1828/1755/521 1842/1769/521
f 1825/1752/95 1824/1751/95 1823/1750/95
f 1878/2656/1354 1880/4176/1354 1887/1814/1354
f 1854/2657/1355 1883/4177/1355 1882/2456/1355
f 1858/2451/799 1890/4017/799 1892/2659/799
f 1854/1781/521 1856/1783/521 1875/2661/521
f 1892/1819/499 1891/1818/499 1851/1778/499
f 1895/1822/1356 1894/1821/1356 1902/1829/1356
f 1912/1839/1357 1911/1838/1357 1916/2663/1357
f 1936/1863/521 1935/1862/521 1917/1844/521
f 1928/1855/965 1927/1854/965 1925/1852/965
f 1934/1861/1358 1918/4178/1358 1917/2665/1358
f 1955/2666/1359 1954/4034/1359 1946/2667/1359
f 1970/2669/1360 1969/4179/1360 1977/2670/1360
f 1985/2672/1361 1984/4180/1361 1972/2673/1361
f 1975/1902/1362 1978/4181/1362 1977/2675/1362
f 25/24/1363 24/23/1363 35/2676/1363
f 45/2096/1364 44/4182/1364 48/2678/1364
f 41/37/100 40/36/100 51/2680/100
f 63/2682/2 62/3434/2 57/2683/2
f 43/2108/1365 42/4183/1365 88/75/1365
f 61/2685/1366 85/73/1366 84/72/1366
f 103/90/1363 102/89/1363 98/2687/1363
f 137/2123/562 136/4184/562 124/2689/562
f 119/106/100 118/105/100 138/2691/100
f 158/145/1363 157/144/1363 143/2693/1363
f 190/2695/1367 189/3476/1367 173/160/1367
f 197/184/1368 167/3467/1368 166/2696/1368
f 200/2697/1369 199/3481/1369 182/169/1369
f 170/2698/813 186/3470/813 188/2699/813
f 235/222/1370 226/213/1370 225/212/1370
f 271/2701/1367 270/3499/1367 251/238/1367
f 277/264/1368 281/3492/1368 280/2702/1368
f 260/2703/1369 259/3493/1369 263/250/1369
f 245/2704/813 267/3495/813 269/2705/813
f 298/285/1370 301/288/1370 300/287/1370
f 332/319/1371 331/318/1371 318/305/1371
f 354/338/1372 353/340/1372 343/2707/1372
f 381/2709/1373 384/3057/1373 355/2710/1373
f 392/2140/21 391/371/21 402/378/21
f 412/388/100 407/4185/100 406/2713/100
f 427/402/469 426/401/469 422/2714/469
f 438/2716/1374 443/4186/1374 442/2717/1374
f 432/2719/1375 434/4187/1375 450/2720/1375
f 460/2722/1376 469/4188/1376 468/2723/1376
f 483/2725/1377 494/3584/1377 493/2726/1377
f 496/2728/1378 479/454/1378 478/453/1378
f 523/498/1379 521/496/1379 520/495/1379
f 544/2730/546 528/4189/546 530/2731/546
f 560/2733/1380 559/4190/1380 572/2734/1380
f 586/2179/1381 585/4191/1381 580/555/1381
f 578/553/100 577/552/100 582/557/100
f 607/2735/1382 613/3612/1382 612/2736/1382
f 627/2738/598 634/3616/598 633/2739/598
f 644/2741/1383 624/599/1383 626/601/1383
f 649/2743/1382 658/3623/1382 657/2744/1382
f 689/664/582 688/663/582 685/2746/582
f 692/667/1384 691/666/1384 681/2748/1384
f 713/688/469 712/687/469 716/2750/469
f 733/2752/1385 732/2939/1385 724/699/1385
f 721/2753/1386 720/4192/1386 728/2754/1386
f 783/2238/1387 777/3678/1387 778/2756/1387
f 747/2757/1388 750/3659/1388 749/2758/1388
f 760/2027/1389 759/2026/1389 782/2760/1389
f 746/2231/1390 745/2233/1390 770/2762/1390
f 774/2576/1391 773/4162/1391 758/2764/1391
f 802/729/507 801/728/507 805/2765/507
f 829/2767/563 828/4193/563 814/2768/563
f 827/2770/564 826/2578/564 821/748/564
f 851/778/507 850/777/507 845/2771/507
f 859/2772/501 858/4194/501 848/2773/501
f 880/2774/563 879/4195/563 866/2775/563
f 874/2777/564 873/1951/564 862/789/564
f 898/825/507 897/824/507 901/2778/507
f 892/2780/501 891/4196/501 896/2781/501
f 922/2782/563 921/4197/563 913/2783/563
f 911/2785/564 910/2581/564 926/853/564
f 945/2786/1392 940/4198/1392 939/2787/1392
f 976/2030/837 964/3320/837 963/2789/837
f 981/2791/536 997/2966/536 996/2792/536
f 1000/2296/1393 994/3107/1393 993/2794/1393
f 1009/936/1394 1008/935/1394 1025/2796/1394
f 1007/934/1395 1006/933/1395 1018/2798/1395
f 1045/972/564 1044/971/564 1030/2800/564
f 1039/2802/1396 1036/4199/1396 1035/2803/1396
f 1066/2805/79 1065/4200/79 1057/984/79
f 1055/2806/564 1054/3755/564 1070/997/564
f 1081/2807/1145 1100/3763/1145 1099/2808/1145
f 1112/2321/582 1111/4201/582 1117/2810/582
f 1104/1031/100 1106/1033/100 1107/2812/100
f 1132/2814/1397 1147/1074/1397 1146/1073/1397
f 1166/2335/1146 1165/4202/1146 1159/2816/1146
f 1151/1078/100 1150/1077/100 1161/2818/100
f 1192/1119/1398 1186/1113/1398 1185/1112/1398
f 1211/1138/1399 1210/1137/1399 1212/2820/1399
f 1228/2822/924 1227/4203/924 1232/2823/924
f 1241/2825/847 1215/3802/847 1217/2826/847
f 1253/1180/1346 1258/1185/1346 1257/1184/1346
f 1284/2828/673 1298/4204/673 1297/2829/673
f 1295/1222/1400 1304/1231/1400 1303/1230/1400
f 1340/1267/789 1336/3840/789 1335/2831/789
f 1352/1279/1401 1351/1278/1401 1359/2832/1401
f 1367/1999/928 1366/4205/928 1355/2834/928
f 1349/2836/1350 1371/3848/1350 1373/2837/1350
f 1393/1320/1351 1387/1314/1351 1386/1313/1351
f 1434/2839/673 1424/4206/673 1423/2840/673
f 1430/1357/1400 1433/1360/1400 1432/1359/1400
f 1441/2842/1402 1444/3881/1402 1443/2843/1402
f 1471/1398/549 1465/1392/549 1464/1391/549
f 1507/1434/469 1506/1433/469 1490/2845/469
f 1519/2847/632 1514/4207/632 1513/2848/632
f 1529/2850/1403 1511/4208/1403 1510/2851/1403
f 1555/2853/1404 1554/4209/1404 1544/2854/1404
f 1573/2855/1405 1572/4210/1405 1569/2856/1405
f 1561/1488/909 1560/1487/909 1583/2858/909
f 1589/2860/1321 1563/3153/1321 1565/2861/1321
f 1612/1539/1406 1606/1533/1406 1605/1532/1406
f 1601/2863/859 1603/3933/859 1602/2864/859
f 1643/1570/1407 1642/1569/1407 1632/2866/1407
f 1648/1575/913 1647/1574/913 1655/2868/913
f 1631/1558/1408 1638/1565/1408 1640/1567/1408
f 1672/2870/1409 1678/4211/1409 1677/2871/1409
f 1709/1636/1410 1708/1635/1410 1704/2873/1410
f 1714/1641/1411 1713/1640/1411 1697/2875/1411
f 1724/1651/1331 1689/1616/1331 1691/1618/1331
f 1735/1662/769 1731/1658/769 1733/1660/769
f 1728/2006/866 1741/3974/866 1740/2877/866
f 1769/2879/1412 1768/4212/1412 1770/1697/1412
f 1774/1701/920 1773/1700/920 1781/1708/920
f 1762/1689/1413 1785/1712/1413 1787/1714/1413
f 1807/2880/1409 1816/4213/1409 1815/2881/1409
f 1836/2883/654 1832/3999/654 1831/2884/654
f 1841/2886/1414 1826/1753/1414 1825/1752/1414
f 1884/1811/1415 1891/1818/1415 1890/1817/1415
f 1868/2455/705 1867/4214/705 1850/2888/705
f 1906/2464/1416 1905/4215/1416 1898/1825/1416
f 1913/1840/100 1912/1839/100 1901/1828/100
f 1920/2890/1417 1937/4029/1417 1936/2891/1417
f 1930/2893/1192 1919/4216/1192 1918/2894/1192
f 1957/1884/1418 1956/1883/1418 1942/1869/1418
f 1979/1906/1419 1978/1905/1419 1982/2896/1419
f 19/2898/1420 31/27/1420 30/26/1420
f 59/51/1421 58/50/1421 74/62/1421
f 115/102/1422 114/101/1422 113/100/1422
f 111/2900/1423 113/4217/1423 107/2901/1423
f 120/107/1424 122/109/1424 136/123/1424
f 177/164/809 179/166/809 188/175/809
f 203/190/880 202/189/880 166/153/880
f 223/2902/1425 222/4218/1425 221/2903/1425
f 229/216/1426 219/206/1426 221/208/1426
f 282/269/809 284/271/809 269/256/809
f 257/244/880 256/243/880 280/267/880
f 295/2905/1425 294/4219/1425 287/2906/1425
f 292/279/1426 285/272/1426 287/274/1426
f 327/2908/1427 329/4220/1427 317/2909/1427
f 334/321/1 359/3523/1 358/2911/1
f 333/2912/1428 335/4221/1428 342/2913/1428
f 376/2915/1 337/3537/1 336/2916/1
f 375/356/488 377/358/488 380/2918/488
f 367/2919/1429 366/3558/1429 425/2920/1429
f 441/416/1430 444/419/1430 446/421/1430
f 463/2922/1431 466/4222/1431 465/2923/1431
f 462/437/488 464/439/488 458/2925/488
f 500/475/498 499/474/498 493/468/498
f 538/2927/1432 542/4223/1432 541/2928/1432
f 553/528/1433 552/527/1433 551/526/1433
f 549/2172/488 551/4224/488 566/2930/488
f 610/585/521 609/584/521 599/574/521
f 619/594/1117 597/4225/1117 599/2931/1117
f 646/621/521 645/620/521 663/638/521
f 677/2932/1434 676/4226/1434 688/2933/1434
f 694/669/1435 705/680/1435 707/682/1435
f 700/2935/1436 693/4227/1436 695/2936/1436
f 735/2938/1437 737/2215/1437 732/2939/1437
f 739/714/1438 738/713/1438 719/694/1438
f 734/2941/1439 733/3644/1439 717/2942/1439
f 795/722/95 797/724/95 801/2944/95
f 790/717/499 789/716/499 794/721/499
f 803/730/511 802/729/511 792/2245/511
f 815/742/95 814/741/95 820/2947/95
f 855/782/95 857/784/95 850/2949/95
f 838/765/499 837/764/499 852/779/499
f 903/830/95 905/832/95 897/2951/95
f 907/834/499 906/833/499 890/817/499
f 899/826/511 898/825/511 888/2264/511
f 914/841/95 913/840/95 925/2954/95
f 934/861/1440 951/878/1440 953/880/1440
f 941/2956/1441 940/3728/1441 933/2957/1441
f 975/2959/1442 977/4228/1442 960/2960/1442
f 984/2962/1442 986/4229/1442 996/2963/1442
f 1003/930/1306 1002/929/1306 989/916/1306
f 989/2965/621 998/4230/621 997/2966/621
f 1046/2967/1443 1047/4231/1443 1049/2968/1443
f 1033/960/1444 1051/978/1444 1050/977/1444
f 1034/2970/1445 1046/3751/1445 1045/2971/1445
f 1068/2973/1446 1058/4232/1446 1057/2974/1446
f 1087/1014/1338 1086/1013/1338 1085/1012/1338
f 1093/1020/1238 1083/4233/1238 1085/2976/1238
f 1124/1051/498 1123/1050/498 1111/1038/498
f 1126/1053/1447 1144/1071/1447 1143/1070/1447
f 1141/2977/1241 1125/4234/1241 1127/2978/1241
f 1152/1079/1448 1154/1081/1448 1165/1092/1448
f 1200/2980/858 1202/3797/858 1196/1123/858
f 1204/1131/910 1203/1130/910 1184/1111/910
f 1201/1128/1154 1200/1127/1154 1178/1105/1154
f 1209/2981/911 1219/1146/911 1218/1145/911
f 1242/1169/912 1244/1171/912 1217/1144/912
f 1254/2983/861 1256/4235/861 1276/1203/861
f 1249/1176/1449 1252/3816/1449 1251/2984/1449
f 1279/2346/1450 1255/1182/1450 1254/1181/1450
f 1296/1223/1155 1290/1217/1155 1292/1219/1155
f 1318/1245/1451 1339/3842/1451 1338/2986/1451
f 1333/1260/1452 1315/1242/1452 1314/1241/1452
f 1368/1295/1453 1370/1297/1453 1351/2987/1453
f 1356/1283/919 1358/1285/919 1373/1300/919
f 1410/1337/1454 1412/1339/1454 1409/1336/1454
f 1378/2363/1455 1411/3857/1455 1410/2989/1455
f 1422/1349/1155 1419/1346/1155 1421/1348/1155
f 1450/1377/521 1449/1376/521 1439/1366/521
f 1447/1374/1254 1437/4236/1254 1439/2991/1254
f 1469/1396/1456 1468/1395/1456 1478/1405/1456
f 1495/1422/521 1494/1421/521 1487/1414/521
f 1485/2391/488 1487/4237/488 1493/2992/488
f 1512/2402/1457 1530/3148/1457 1532/2993/1457
f 1548/1475/1318 1550/1477/1318 1541/1468/1318
f 1539/2406/488 1541/4238/488 1538/2995/488
f 1557/1484/910 1559/1486/910 1565/1492/910
f 1617/2996/846 1619/3932/846 1616/2413/846
f 1600/1527/912 1599/1526/912 1626/1553/912
f 1618/1545/925 1617/1544/925 1622/1549/925
f 1641/1568/1458 1651/4239/1458 1650/2998/1458
f 1639/1566/1449 1635/3943/1449 1637/2999/1449
f 1666/3000/1328 1687/4240/1328 1686/2423/1328
f 1669/1596/1227 1665/4241/1227 1667/3001/1227
f 1717/1644/1459 1716/1643/1459 1708/3002/1459
f 1690/1617/1451 1692/3956/1451 1694/3004/1451
f 1737/3005/851 1739/3973/851 1750/2429/851
f 1730/1657/919 1729/1656/919 1727/1654/919
f 1756/1683/929 1738/1665/929 1737/1664/929
f 1767/3007/1460 1789/1716/1460 1788/1715/1460
f 1786/3009/1120 1776/1703/1120 1778/1705/1120
f 1801/3011/1337 1819/4242/1337 1818/2440/1337
f 1804/1731/1227 1800/4243/1227 1802/3012/1227
f 1833/1760/498 1835/1762/498 1831/1758/498
f 1872/1799/1461 1874/1801/1461 1871/3013/1461
f 1873/1800/1 1872/1799/1 1867/1794/1
f 1884/1811/2 1886/1813/2 1889/1816/2
f 1922/1849/1267 1921/1848/1267 1930/1857/1267
f 1962/3015/1462 1964/4033/1462 1956/3016/1462
f 1948/3018/1463 1947/4244/1463 1961/3019/1463
f 1961/3021/1464 1958/4035/1464 1957/3022/1464
f 1967/3024/1465 1966/4036/1465 1981/3025/1465
f 32/2092/563 31/4245/563 23/3027/563
f 60/52/559 59/51/559 66/3029/559
f 27/3031/1466 29/4246/1466 82/3032/1466
f 116/2114/563 115/4247/563 95/82/563
f 121/3033/501 120/4248/501 130/3034/501
f 154/2128/559 153/4249/559 160/3035/559
f 209/3037/682 208/3473/682 170/2698/682
f 178/3039/1467 177/4250/1467 191/3040/1467
f 197/184/1123 196/183/1123 194/3042/1123
f 214/201/1468 224/211/1468 223/210/1468
f 239/3043/682 238/3490/682 245/2704/682
f 283/3045/1467 282/4251/1467 272/3046/1467
f 304/291/1468 296/283/1468 295/282/1468
f 328/315/1469 327/314/1469 326/313/1469
f 360/343/79 359/342/79 339/325/79
f 362/3048/1470 361/3563/1470 396/3049/1470
f 410/3051/79 338/324/79 337/3052/79
f 397/3054/1471 396/3049/1471 390/3055/1471
f 364/346/942 363/345/942 384/3057/942
f 445/3059/1472 444/4252/1472 436/3060/1472
f 475/3062/1473 467/4253/1473 466/3063/1473
f 486/3065/1474 498/473/1474 500/475/1474
f 516/491/1096 511/486/1096 510/485/1096
f 531/3067/1185 540/4254/1185 542/3068/1185
f 554/2175/1475 553/4255/1475 563/3070/1475
f 589/3072/501 588/4256/501 595/570/501
f 601/3073/1476 611/3611/1476 610/3074/1476
f 630/3076/1190 637/612/1190 636/611/1190
f 667/3078/1476 647/3622/1476 646/3079/1476
f 740/715/1477 739/714/1477 722/3081/1477
f 764/3083/1478 763/2225/1478 766/3084/1478
f 752/3085/1479 751/3668/1479 788/3086/1479
f 779/2218/1480 778/3657/1480 777/3088/1480
f 791/718/469 790/717/469 811/3089/469
f 818/2580/582 817/4257/582 823/3091/582
f 813/740/100 815/742/100 833/3092/100
f 839/766/469 838/765/469 860/3094/469
f 872/1953/582 871/4258/582 877/3096/582
f 865/792/100 864/791/100 883/3097/100
f 908/835/469 907/834/469 893/3099/469
f 920/2583/1481 919/4259/1481 928/3101/1481
f 912/839/100 914/841/100 931/3102/100
f 972/3104/952 971/2584/952 970/3105/952
f 994/3107/620 1004/2291/620 1003/3108/620
f 1028/3110/1482 1027/3750/1482 1012/939/1482
f 1052/979/469 1051/978/469 1037/2591/469
f 1061/3112/582 1060/4260/582 1063/3113/582
f 1071/3115/1483 1056/4261/1483 1058/3116/1483
f 1095/3118/1237 1088/3762/1237 1087/3119/1237
f 1129/3121/1240 1145/1072/1240 1144/1071/1240
f 1153/3122/501 1152/4262/501 1156/3123/501
f 1198/1125/1242 1190/1117/1242 1189/1116/1242
f 1187/3124/663 1186/4263/663 1205/1132/663
f 1202/1129/1243 1201/1128/1243 1207/1134/1243
f 1234/3125/1484 1233/3808/1484 1241/2825/1484
f 1219/3127/1244 1229/4264/1244 1228/2822/1244
f 1214/3129/1245 1213/3803/1245 1216/1143/1245
f 1267/1194/1246 1266/1193/1246 1253/1180/1246
f 1256/1183/1247 1255/1182/1247 1259/2619/1247
f 1299/3131/1248 1291/1218/1248 1290/1217/1248
f 1306/1233/472 1320/1247/472 1322/1249/472
f 1331/3132/1249 1330/3844/1249 1340/1267/1249
f 1316/1243/494 1315/1242/494 1337/1264/494
f 1342/3133/1485 1341/3845/1485 1349/2836/1485
f 1361/3135/1250 1360/3856/1250 1372/1299/1250
f 1402/1329/1251 1404/1331/1251 1406/1333/1251
f 1399/3136/1252 1398/4265/1252 1393/1320/1252
f 1412/3137/1253 1411/3857/1253 1388/2630/1253
f 1416/3139/1248 1420/1347/1248 1419/1346/1248
f 1459/3140/1100 1451/3880/1100 1450/3141/1100
f 1482/3143/1217 1467/1394/1217 1469/1396/1217
f 1496/2394/79 1495/4266/79 1505/3145/79
f 1525/3147/1218 1531/4267/1218 1530/3148/1218
f 1580/1507/1099 1579/1506/1099 1589/1516/1099
f 1575/3150/1219 1562/1489/1219 1561/1488/1219
f 1571/2857/1220 1570/4268/1220 1564/3152/1220
f 1594/3154/1221 1608/1535/1221 1610/1537/1221
f 1607/3156/1222 1606/3931/1222 1601/2863/1222
f 1619/1546/1223 1618/1545/1223 1604/1531/1223
f 1660/3158/1224 1659/4269/1224 1631/3159/1224
f 1651/1578/1225 1649/1576/1225 1648/1575/1225
f 1634/1561/1226 1633/1560/1226 1639/1566/1226
f 1684/3161/491 1688/4270/491 1687/3162/491
f 1720/1647/1228 1719/1646/1228 1724/3164/1228
f 1717/3166/1229 1715/1642/1229 1714/1641/1229
f 1706/3168/1230 1705/3957/1230 1690/1617/1230
f 1746/3169/1231 1752/1679/1231 1754/1681/1231
f 1739/1666/1232 1738/1665/1232 1742/1669/1232
f 1789/3171/1233 1775/1702/1233 1774/1701/1233
f 1772/1699/1234 1771/1698/1234 1786/1713/1234
f 1798/3173/491 1820/4271/491 1819/3174/491
f 1827/3176/1236 1834/1761/1236 1833/1760/1236
f 1879/1806/1164 1845/1772/1164 1847/1774/1164
f 1855/1782/1486 1874/1801/1486 1873/1800/1486
f 1909/3178/501 1908/4272/501 1894/3179/501
f 1923/3180/1487 1934/4027/1487 1933/3181/1487
f 1926/3183/1488 1920/1847/1488 1922/1849/1488
f 1949/1876/1489 1948/1875/1489 1954/1881/1489
f 1983/1910/1490 1965/1892/1490 1967/1894/1490
f 37/33/511 36/32/511 47/2679/511
f 139/126/499 138/125/499 125/112/499
f 133/120/511 132/119/511 123/2690/511
f 175/3187/1355 202/4273/1355 201/2132/1355
f 178/3039/799 210/3479/799 212/3189/799
f 175/162/741 174/161/741 196/3191/741
f 212/199/1491 211/198/1491 169/156/1491
f 253/3193/1355 256/4274/1355 255/1917/1355
f 283/3045/799 264/3505/799 266/3195/799
f 253/240/741 252/239/741 276/3197/741
f 266/253/1491 265/252/1491 244/231/1491
f 319/3199/1492 318/4275/1492 314/3200/1492
f 310/297/1493 309/296/1493 312/299/1493
f 344/3202/1494 343/4276/1494 370/3203/1494
f 405/3205/1495 404/4277/1495 401/3206/1495
f 439/414/1496 451/426/1496 450/425/1496
f 448/3208/1497 447/3577/1497 438/3209/1497
f 495/470/499 497/472/499 485/460/499
f 485/3211/1498 490/465/1498 489/464/1498
f 535/3213/1499 543/3593/1499 545/3214/1499
f 536/3216/1291 547/3592/1291 546/3217/1291
f 583/3219/1500 582/4278/1500 581/3220/1500
f 592/567/511 591/566/511 579/554/511
f 643/618/499 642/617/499 629/604/499
f 629/3222/487 640/615/487 639/614/487
f 682/3224/1501 681/3635/1501 686/3225/1501
f 679/654/1502 678/653/1502 684/2747/1502
f 726/701/1503 728/703/1503 725/700/1503
f 723/3228/1504 725/4279/1504 730/3229/1504
f 808/735/521 807/734/521 806/733/521
f 804/2766/488 806/4280/488 800/3231/488
f 836/763/498 835/762/498 817/744/498
f 846/773/521 848/775/521 843/770/521
f 869/796/498 868/795/498 871/798/498
f 894/821/521 896/823/521 902/829/521
f 900/2779/488 902/4281/488 886/3232/488
f 917/844/498 916/843/498 919/846/498
f 946/3233/1505 949/4282/1505 948/3234/1505
f 945/872/1506 947/874/1506 937/3236/1506
f 968/3238/1105 967/4283/1105 970/3239/1105
f 999/926/1507 1001/928/1507 983/910/1507
f 991/3241/1508 981/2791/1508 983/3242/1508
f 1016/943/1509 1015/942/1509 1027/954/1509
f 1030/957/1510 1038/965/1510 1040/967/1510
f 1041/3244/1511 1029/4284/1511 1031/3245/1511
f 1059/986/1512 1076/1003/1512 1075/1002/1512
f 1108/1035/499 1107/1034/499 1118/1045/499
f 1114/1041/511 1113/1040/511 1116/2811/511
f 1162/1089/1341 1161/1088/1341 1160/1087/1341
f 1168/1095/511 1167/1094/511 1158/2817/511
f 1197/1124/1342 1195/3798/1342 1194/3249/1342
f 1235/3250/1343 1226/1153/1343 1225/1152/1343
f 1212/1139/782 1221/1148/782 1223/1150/782
f 1238/1165/1344 1237/1164/1344 1240/1167/1344
f 1285/1212/1347 1294/1221/1347 1293/1220/1347
f 1286/1213/1348 1282/1209/1348 1281/1208/1348
f 1311/1238/484 1313/1240/484 1306/3252/484
f 1343/3254/1513 1345/1272/1513 1344/1271/1513
f 1363/1290/792 1362/1289/792 1360/1287/792
f 1347/1274/793 1375/1302/793 1374/1301/793
f 1401/1328/1352 1408/3867/1352 1407/3256/1352
f 1435/1362/1353 1429/1356/1353 1428/1355/1353
f 1436/1363/1348 1426/1353/1348 1425/1352/1348
f 1470/3257/1314 1472/4285/1314 1481/3258/1314
f 1481/1408/1315 1463/1390/1315 1462/1389/1315
f 1520/2849/1514 1528/1455/1514 1527/1454/1514
f 1578/3261/1320 1585/1512/1320 1584/1511/1320
f 1569/1496/1322 1568/1495/1322 1567/1494/1322
f 1591/1518/1323 1590/1517/1323 1588/1515/1323
f 1615/1542/481 1614/1541/481 1594/1521/481
f 1661/1588/1324 1657/1584/1324 1656/1583/1324
f 1632/2866/1326 1645/2645/1326 1644/3263/1326
f 1629/3265/1327 1663/4286/1327 1662/2417/1327
f 1721/3266/1330 1711/1638/1330 1710/1637/1330
f 1702/1629/1107 1701/1628/1107 1705/1632/1107
f 1722/3268/1332 1699/1626/1332 1698/1625/1332
f 1766/1693/1515 1792/1719/1515 1791/1718/1515
f 1770/3269/1335 1783/1710/1335 1782/1709/1335
f 1763/3271/1336 1795/4287/1336 1794/2434/1336
f 1840/1767/499 1839/1766/499 1838/1765/499
f 1838/3272/1108 1822/1749/1108 1821/1748/1108
f 1870/1797/95 1869/1796/95 1848/1775/95
f 1861/1788/1509 1860/1787/1509 1879/1806/1509
f 1915/1842/511 1914/1841/511 1897/1824/511
f 1938/1865/498 1940/1867/498 1933/1860/498
f 1951/3274/1516 1950/4288/1516 1943/3275/1516
f 1944/3277/1517 1941/4289/1517 1943/3278/1517
f 1988/3280/1518 1987/4037/1518 1974/3281/1518
f 22/21/100 21/20/100 26/3283/100
f 28/3285/1519 50/42/1519 49/41/1519
f 94/81/1520 93/80/1520 104/3287/1520
f 140/127/1363 139/126/1363 122/3289/1363
f 226/213/1521 214/201/1521 213/200/1521
f 301/288/1521 304/291/1521 303/290/1521
f 320/307/1522 319/306/1522 329/316/1522
f 362/3291/469 345/3540/469 344/3292/469
f 410/3293/1523 409/386/1523 382/362/1523
f 412/3294/942 411/3053/942 398/375/942
f 383/3296/1524 382/362/1524 428/3297/1524
f 445/3299/1525 452/4290/1525 451/3300/1525
f 475/450/100 474/449/100 470/445/100
f 584/3302/1526 583/4291/1526 590/3303/1526
f 613/3304/1383 601/576/1383 600/575/1383
f 637/3306/1382 644/3619/1382 643/3307/1382
f 658/3309/1383 667/642/1383 666/641/1383
f 683/658/469 682/657/469 676/3311/469
f 742/3313/1527 741/3653/1527 744/2572/1527
f 767/2230/1528 772/2575/1528 771/2577/1528
f 834/3314/501 836/4292/501 830/3315/501
f 867/3316/501 869/4293/501 881/3317/501
f 915/3318/501 917/4294/501 923/3319/501
f 964/3320/1529 966/2282/1529 968/3321/1529
f 1014/3323/1530 1016/4295/1530 1010/3324/1530
f 1066/3326/1531 1074/1001/1531 1076/1003/1531
f 1109/1036/469 1108/1035/469 1123/3328/469
f 1147/3330/1403 1129/4296/1403 1128/3331/1403
f 1163/3333/1404 1162/4297/1404 1154/3334/1404
f 1189/3335/1405 1188/4298/1405 1181/3336/1405
f 1271/1198/1407 1270/1197/1407 1262/2615/1407
f 1291/3338/1409 1295/4299/1409 1294/3339/1409
f 1322/1249/1410 1321/1248/1410 1325/3341/1410
f 1406/3343/1532 1405/4300/1532 1385/1312/1532
f 1420/3344/1409 1430/4301/1409 1429/3345/1409
f 1444/3347/1414 1459/1386/1414 1458/1385/1414
f 1504/1431/100 1503/1430/100 1508/3349/100
f 1531/3351/1397 1529/1456/1397 1528/1455/1397
f 1551/1478/100 1553/1480/100 1556/3353/100
f 1610/1537/1399 1609/1536/1399 1598/3355/1399
f 1678/1605/1400 1684/1611/1400 1683/1610/1400
f 1754/1681/1533 1753/1680/1533 1745/3357/1533
f 1816/1743/1400 1798/1725/1400 1797/1724/1400
f 1834/3359/1402 1841/4003/1402 1840/3360/1402
f 1876/1803/1534 1847/4006/1534 1846/3362/1534
f 1862/3363/1535 1861/4018/1535 1886/1813/1535
f 1852/2449/813 1863/4009/813 1865/3364/813
f 1900/3366/1536 1899/4302/1536 1910/3367/1536
f 1968/3368/1537 1986/1913/1537 1988/1915/1537
f 33/29/1538 35/31/1538 28/4303/1538
f 55/47/1539 57/49/1539 72/60/1539
f 96/83/1540 98/85/1540 105/92/1540
f 141/128/498 143/130/498 148/135/498
f 171/158/1 173/160/1 192/179/1
f 180/167/2 182/169/2 207/194/2
f 234/3370/1541 236/4304/1541 228/3371/1541
f 249/236/1 251/238/1 274/261/1
f 261/248/2 263/250/2 237/224/2
f 297/3373/1541 299/4305/1541 291/3374/1541
f 342/3376/499 346/4306/499 345/3377/499
f 380/361/1542 356/4307/1542 355/3379/1542
f 425/3380/1543 420/4308/1543 422/2714/1543
f 458/433/1544 459/434/1544 461/436/1544
f 504/3382/1545 522/4309/1545 524/3383/1545
f 570/545/1546 572/547/1546 564/539/1546
f 606/581/498 608/583/498 618/593/498
f 648/623/498 650/625/498 661/636/498
f 701/3385/1547 714/4310/1547 716/2750/1547
f 1080/1007/1548 1082/1009/1548 1092/1019/1548
f 1142/2979/1549 1131/2325/1549 1133/3387/1549
f 1230/1157/925 1232/1159/925 1235/1162/925
f 1269/1196/1458 1264/4311/1458 1263/1957/1458
f 1327/1254/1459 1326/1253/1459 1321/3389/1459
f 1342/1269/929 1353/1280/929 1355/1282/929
f 1404/3391/1460 1396/1323/1460 1395/1322/1460
f 1440/1367/498 1442/1369/498 1446/1373/498
f 1488/1415/498 1490/1417/498 1491/1418/498
f 1542/1469/1448 1544/1471/1448 1536/1463/1448
f 1608/3393/911 1611/1538/911 1613/1540/911
f 1660/3158/1450 1653/1580/1450 1655/1582/1450
f 1720/1647/1452 1695/1622/1452 1697/1624/1452
f 1734/1661/1453 1736/1663/1453 1753/3396/1453
f 1765/2008/1455 1779/3982/1455 1781/3398/1455
f 1857/1784/809 1859/1786/809 1865/1792/809
f 1881/1808/880 1883/1810/880 1846/1773/880
f 29/4312/1550 64/4313/1550 20/3415/1550
f 27/3414/1551 29/4312/1551 20/3415/1551
f 29/3425/1552 44/3423/1552 45/3417/1552
f 28/3411/1553 29/3425/1553 45/3417/1553
f 20/4314/1019 19/3412/1019 28/3411/1019
f 17/3409/1554 20/4314/1554 28/3411/1554
f 17/3409/1555 28/3411/1555 45/3417/1555
f 64/4313/1556 29/4312/1556 27/3414/1556
f 64/4313/21 27/3414/21 61/4315/21
f 66/4316/21 64/4313/21 61/4315/21
f 62/3434/2 88/3420/2 61/2682/2
f 88/3420/1557 29/3286/1557 27/3285/1557
f 43/3422/1558 44/3421/1558 29/3286/1558
f 87/3438/1559 88/3440/1559 62/2686/1559
f 70/3439/1560 89/4317/1560 88/3440/1560
f 62/2686/809 63/2685/809 70/3439/809
f 70/3439/809 63/2685/809 66/2477/809
f 355/4318/1561 380/3528/1561 354/3532/1561
f 380/3528/880 336/3530/880 338/3531/880
f 339/4319/95 349/3547/95 338/3535/95
f 349/3547/809 356/3533/809 338/3535/809
f 355/3534/1562 354/4320/1562 338/3535/1562
f 395/376/1563 357/341/1563 358/3539/1563
f 357/341/1564 360/343/1564 358/3539/1564
f 360/343/942 354/2711/942 345/3540/942
f 358/3539/1565 360/343/1565 345/3540/1565
f 358/3545/809 372/2522/809 343/3543/809
f 413/3549/1566 355/3551/1566 415/3553/1566
f 355/3551/2 384/4321/2 382/3552/2
f 396/4322/1 393/3554/1 357/3556/1
f 357/3556/1567 398/4323/1567 396/4322/1567
f 363/3541/2 369/3204/2 366/4324/2
f 369/3204/1568 368/4325/1568 366/4324/1568
f 366/3558/1569 396/3049/1569 362/3048/1569
f 363/3562/1 366/4326/1 368/3560/1
f 361/3563/880 425/2920/880 366/3558/880
f 361/3563/1570 366/3558/1570 363/3559/1570
f 394/3565/1275 393/3568/1275 396/3049/1275
f 384/3561/1 368/3560/1 413/3566/1
f 415/4327/1 382/3567/1 413/3566/1
f 411/3536/1 376/2915/1 400/4328/1
f 376/2915/1 402/4329/1 400/4328/1
f 400/3207/1571 382/362/1571 410/3293/1571
f 398/3571/1572 402/3574/1572 391/3572/1572
f 393/3573/2 396/4330/2 398/3571/2
f 411/3575/2 400/4331/2 402/3574/2
f 409/386/809 405/3205/809 400/3207/809
f 409/386/1573 400/3207/1573 411/387/1573
l 27 28
l 63 61
l 63 24
l 27 33
l 45 43
