# Blender 4.5.0
# www.blender.org
mtllib hospital_001.mtl
o hospital_001
v -4.470000 4.970000 -8.681000
v 4.470000 4.970000 -8.681000
v 4.470000 3.830000 -8.681000
v -4.470000 3.830000 -8.681000
v 21.900000 0.003175 -21.896826
v 21.896826 0.000000 -21.896826
v 21.896826 0.003175 -21.900000
v -21.900000 0.003175 21.896826
v -21.896826 0.000000 21.896826
v -21.896826 0.003175 21.900000
v 21.896826 0.035000 21.896826
v 21.896826 0.031825 21.900000
v 21.900000 0.031825 21.896826
v 21.896826 0.031825 -21.900000
v 21.896826 0.035000 -21.896826
v 21.900000 0.031825 -21.896826
v -21.900000 0.031825 21.896826
v -21.896826 0.031825 21.900000
v -21.896826 0.035000 21.896826
v -21.900000 0.031825 -21.896826
v -21.896826 0.035000 -21.896826
v -21.896826 0.031825 -21.900000
v 21.896826 0.003175 21.900000
v 21.896826 0.000000 21.896826
v 21.900000 0.003175 21.896826
v -21.900000 0.003175 -21.896826
v -21.896826 0.003175 -21.900000
v -21.896826 0.000000 -21.896826
v -17.000000 21.037113 -8.496585
v -16.996439 21.040001 -8.497350
v -16.996283 21.037704 -8.500000
v 16.996283 0.042296 -8.500000
v 17.000000 0.042888 -8.496585
v 16.996439 0.040000 -8.497350
v 16.996439 21.040001 16.497351
v 16.996283 21.037704 16.500000
v 17.000000 21.037113 16.496586
v 16.996424 21.040001 -8.497371
v 17.000000 21.037125 -8.496575
v 16.996304 21.037672 -8.500000
v 17.000000 0.042877 16.496574
v 16.996304 0.042330 16.500000
v 16.996424 0.040000 16.497372
v -17.000000 21.037125 16.496574
v -16.996304 21.037672 16.500000
v -16.996424 21.040001 16.497372
v -16.996424 0.040000 -8.497371
v -17.000000 0.042877 -8.496575
v -16.996304 0.042330 -8.500000
v -17.000000 0.042888 16.496586
v -16.996439 0.040000 16.497351
v -16.996283 0.042296 16.500000
v -16.596827 2.890000 -8.544325
v -16.596827 2.886826 -8.547500
v -16.600000 2.886826 -8.544325
v 16.596827 2.886826 -8.547500
v 16.596827 2.890000 -8.544325
v 16.600000 2.886826 -8.544325
v -16.600000 1.043175 -8.505674
v -16.596827 1.040000 -8.505674
v -16.596827 1.043175 -8.502500
v -16.596827 2.886826 -8.502500
v -16.596827 2.890000 -8.505674
v -16.600000 2.886826 -8.505674
v -16.600000 1.043175 -8.544325
v -16.596827 1.043175 -8.547500
v -16.596827 1.040000 -8.544325
v 16.600000 1.043175 -8.505674
v 16.596827 1.043175 -8.502500
v 16.596827 1.040000 -8.505674
v 16.596827 1.040000 -8.544325
v 16.596827 1.043175 -8.547500
v 16.600000 1.043175 -8.544325
v 16.596827 2.890000 -8.505674
v 16.596827 2.886826 -8.502500
v 16.600000 2.886826 -8.505674
v -17.047501 2.886826 -8.096826
v -17.044327 2.890000 -8.096826
v -17.044327 2.886826 -8.100000
v -17.005674 1.040000 -8.096826
v -17.005674 1.043175 -8.100000
v -17.002501 1.043175 -8.096826
v -17.044327 1.040000 -8.096826
v -17.047501 1.043175 -8.096826
v -17.044327 1.043175 -8.100000
v -17.044327 1.040000 16.096827
v -17.044327 1.043175 16.100000
v -17.047501 1.043175 16.096827
v -17.005674 1.043175 16.100000
v -17.005674 1.040000 16.096827
v -17.002501 1.043175 16.096827
v -17.044327 2.890000 16.096827
v -17.047501 2.886826 16.096827
v -17.044327 2.886826 16.100000
v -17.005674 2.890000 16.096827
v -17.005674 2.886826 16.100000
v -17.002501 2.886826 16.096827
v -17.005674 2.890000 -8.096826
v -17.002501 2.886826 -8.096826
v -17.005674 2.886826 -8.100000
v 16.600000 1.043175 16.505674
v 16.596827 1.040000 16.505674
v 16.596827 1.043175 16.502501
v -16.596827 2.890000 16.505674
v -16.596827 2.886826 16.502501
v -16.600000 2.886826 16.505674
v -16.600000 1.043175 16.544327
v -16.596827 1.040000 16.544327
v -16.596827 1.043175 16.547501
v 16.596827 1.043175 16.547501
v 16.596827 1.040000 16.544327
v 16.600000 1.043175 16.544327
v -16.596827 2.886826 16.547501
v -16.596827 2.890000 16.544327
v -16.600000 2.886826 16.544327
v 16.596827 2.886826 16.502501
v 16.596827 2.890000 16.505674
v 16.600000 2.886826 16.505674
v 16.596827 2.890000 16.544327
v 16.596827 2.886826 16.547501
v 16.600000 2.886826 16.544327
v -16.600000 1.043175 16.505674
v -16.596827 1.043175 16.502501
v -16.596827 1.040000 16.505674
v 17.002501 2.886826 -8.096826
v 17.005674 2.890000 -8.096826
v 17.005674 2.886826 -8.100000
v 17.047501 1.043175 16.096827
v 17.044327 1.043175 16.100000
v 17.044327 1.040000 16.096827
v 17.005674 1.040000 -8.096826
v 17.002501 1.043175 -8.096826
v 17.005674 1.043175 -8.100000
v 17.044327 1.043175 -8.100000
v 17.047501 1.043175 -8.096826
v 17.044327 1.040000 -8.096826
v 17.044327 2.890000 16.096827
v 17.044327 2.886826 16.100000
v 17.047501 2.886826 16.096827
v 17.002501 2.886826 16.096827
v 17.005674 2.886826 16.100000
v 17.005674 2.890000 16.096827
v 17.044327 2.886826 -8.100000
v 17.044327 2.890000 -8.096826
v 17.047501 2.886826 -8.096826
v 17.002501 1.043175 16.096827
v 17.005674 1.040000 16.096827
v 17.005674 1.043175 16.100000
v -16.596827 6.490000 -8.544325
v -16.596827 6.486825 -8.547500
v -16.600000 6.486825 -8.544325
v 16.596827 6.486825 -8.547500
v 16.596827 6.490000 -8.544325
v 16.600000 6.486825 -8.544325
v 16.600000 4.643175 -8.544325
v 16.596827 4.640000 -8.544325
v 16.596827 4.643175 -8.547500
v -16.600000 4.643175 -8.544325
v -16.596827 4.643175 -8.547500
v -16.596827 4.640000 -8.544325
v -16.600000 4.643175 -8.505674
v -16.596827 4.640000 -8.505674
v -16.596827 4.643175 -8.502500
v 16.600000 6.486825 -8.505674
v 16.596827 6.490000 -8.505674
v 16.596827 6.486825 -8.502500
v 16.596827 4.643175 -8.502500
v 16.596827 4.640000 -8.505674
v 16.600000 4.643175 -8.505674
v -16.596827 6.486825 -8.502500
v -16.596827 6.490000 -8.505674
v -16.600000 6.486825 -8.505674
v -17.005674 6.486825 -8.100000
v -17.005674 6.490000 -8.096826
v -17.002501 6.486825 -8.096826
v -17.002501 4.643175 -8.096826
v -17.005674 4.640000 -8.096826
v -17.005674 4.643175 -8.100000
v -17.047501 4.643175 16.096827
v -17.044327 4.640000 16.096827
v -17.044327 4.643175 16.100000
v -17.047501 6.486825 16.096827
v -17.044327 6.486825 16.100000
v -17.044327 6.490000 16.096827
v -17.005674 6.490000 16.096827
v -17.005674 6.486825 16.100000
v -17.002501 6.486825 16.096827
v -17.047501 6.486825 -8.096826
v -17.044327 6.490000 -8.096826
v -17.044327 6.486825 -8.100000
v -17.044327 4.643175 -8.100000
v -17.044327 4.640000 -8.096826
v -17.047501 4.643175 -8.096826
v -17.002501 4.643175 16.096827
v -17.005674 4.643175 16.100000
v -17.005674 4.640000 16.096827
v 16.600000 4.643175 16.505674
v 16.596827 4.640000 16.505674
v 16.596827 4.643175 16.502501
v -16.600000 4.643175 16.505674
v -16.596827 4.643175 16.502501
v -16.596827 4.640000 16.505674
v -16.596827 6.486825 16.547501
v -16.596827 6.490000 16.544327
v -16.600000 6.486825 16.544327
v 16.596827 6.490000 16.544327
v 16.596827 6.486825 16.547501
v 16.600000 6.486825 16.544327
v 16.596827 6.486825 16.502501
v 16.596827 6.490000 16.505674
v 16.600000 6.486825 16.505674
v -16.596827 6.490000 16.505674
v -16.596827 6.486825 16.502501
v -16.600000 6.486825 16.505674
v 16.596827 4.640000 16.544327
v 16.600000 4.643175 16.544327
v 16.596827 4.643175 16.547501
v -16.596827 4.643175 16.547501
v -16.600000 4.643175 16.544327
v -16.596827 4.640000 16.544327
v 17.002501 6.486825 -8.096826
v 17.005674 6.490000 -8.096826
v 17.005674 6.486825 -8.100000
v 17.047501 4.643175 16.096827
v 17.044327 4.643175 16.100000
v 17.044327 4.640000 16.096827
v 17.002501 6.486825 16.096827
v 17.005674 6.486825 16.100000
v 17.005674 6.490000 16.096827
v 17.002501 4.643175 16.096827
v 17.005674 4.640000 16.096827
v 17.005674 4.643175 16.100000
v 17.044327 6.490000 16.096827
v 17.044327 6.486825 16.100000
v 17.047501 6.486825 16.096827
v 17.044327 6.490000 -8.096826
v 17.047501 6.486825 -8.096826
v 17.044327 6.486825 -8.100000
v 17.005674 4.640000 -8.096826
v 17.002501 4.643175 -8.096826
v 17.005674 4.643175 -8.100000
v 17.044327 4.643175 -8.100000
v 17.047501 4.643175 -8.096826
v 17.044327 4.640000 -8.096826
v -16.596827 10.090000 -8.544325
v -16.596827 10.086825 -8.547500
v -16.600000 10.086825 -8.544325
v 16.596827 10.090000 -8.544325
v 16.600000 10.086825 -8.544325
v 16.596827 10.086825 -8.547500
v 16.600000 8.243175 -8.544325
v 16.596827 8.240000 -8.544325
v 16.596827 8.243175 -8.547500
v -16.600000 8.243175 -8.544325
v -16.596827 8.243175 -8.547500
v -16.596827 8.240000 -8.544325
v -16.596827 10.086825 -8.502500
v -16.596827 10.090000 -8.505674
v -16.600000 10.086825 -8.505674
v 16.596827 10.090000 -8.505674
v 16.596827 10.086825 -8.502500
v 16.600000 10.086825 -8.505674
v 16.596827 8.243175 -8.502500
v 16.596827 8.240000 -8.505674
v 16.600000 8.243175 -8.505674
v -16.600000 8.243175 -8.505674
v -16.596827 8.240000 -8.505674
v -16.596827 8.243175 -8.502500
v -17.044327 8.240000 -8.096826
v -17.047501 8.243175 -8.096826
v -17.044327 8.243175 -8.100000
v -17.047501 8.243175 16.096827
v -17.044327 8.240000 16.096827
v -17.044327 8.243175 16.100000
v -17.047501 10.086825 -8.096826
v -17.044327 10.090000 -8.096826
v -17.044327 10.086825 -8.100000
v -17.047501 10.086825 16.096827
v -17.044327 10.086825 16.100000
v -17.044327 10.090000 16.096827
v -17.005674 10.090000 16.096827
v -17.005674 10.086825 16.100000
v -17.002501 10.086825 16.096827
v -17.005674 10.090000 -8.096826
v -17.002501 10.086825 -8.096826
v -17.005674 10.086825 -8.100000
v -17.002501 8.243175 -8.096826
v -17.005674 8.240000 -8.096826
v -17.005674 8.243175 -8.100000
v -17.002501 8.243175 16.096827
v -17.005674 8.243175 16.100000
v -17.005674 8.240000 16.096827
v 16.596827 10.086825 16.502501
v 16.596827 10.090000 16.505674
v 16.600000 10.086825 16.505674
v -16.600000 10.086825 16.505674
v -16.596827 10.090000 16.505674
v -16.596827 10.086825 16.502501
v 16.596827 8.240000 16.505674
v 16.596827 8.243175 16.502501
v 16.600000 8.243175 16.505674
v -16.596827 8.243175 16.502501
v -16.596827 8.240000 16.505674
v -16.600000 8.243175 16.505674
v -16.596827 10.086825 16.547501
v -16.596827 10.090000 16.544327
v -16.600000 10.086825 16.544327
v -16.600000 8.243175 16.544327
v -16.596827 8.240000 16.544327
v -16.596827 8.243175 16.547501
v 16.596827 10.090000 16.544327
v 16.596827 10.086825 16.547501
v 16.600000 10.086825 16.544327
v 16.596827 8.243175 16.547501
v 16.596827 8.240000 16.544327
v 16.600000 8.243175 16.544327
v 17.005674 10.086825 -8.100000
v 17.002501 10.086825 -8.096826
v 17.005674 10.090000 -8.096826
v 17.044327 10.090000 -8.096826
v 17.047501 10.086825 -8.096826
v 17.044327 10.086825 -8.100000
v 17.002501 10.086825 16.096827
v 17.005674 10.086825 16.100000
v 17.005674 10.090000 16.096827
v 17.002501 8.243175 16.096827
v 17.005674 8.240000 16.096827
v 17.005674 8.243175 16.100000
v 17.047501 10.086825 16.096827
v 17.044327 10.090000 16.096827
v 17.044327 10.086825 16.100000
v 17.044327 8.243175 16.100000
v 17.044327 8.240000 16.096827
v 17.047501 8.243175 16.096827
v 17.005674 8.240000 -8.096826
v 17.002501 8.243175 -8.096826
v 17.005674 8.243175 -8.100000
v 17.044327 8.243175 -8.100000
v 17.047501 8.243175 -8.096826
v 17.044327 8.240000 -8.096826
v 16.600000 11.843175 -8.544325
v 16.596827 11.840000 -8.544325
v 16.596827 11.843175 -8.547500
v -16.596827 13.686825 -8.502500
v -16.596827 13.690000 -8.505674
v -16.600000 13.686825 -8.505674
v -16.600000 11.843175 -8.544325
v -16.596827 11.843175 -8.547500
v -16.596827 11.840000 -8.544325
v 16.600000 13.686825 -8.544325
v 16.596827 13.686825 -8.547500
v 16.596827 13.690000 -8.544325
v 16.600000 13.686825 -8.505674
v 16.596827 13.690000 -8.505674
v 16.596827 13.686825 -8.502500
v -16.596827 13.690000 -8.544325
v -16.596827 13.686825 -8.547500
v -16.600000 13.686825 -8.544325
v 16.596827 11.840000 -8.505674
v 16.600000 11.843175 -8.505674
v 16.596827 11.843175 -8.502500
v -16.596827 11.843175 -8.502500
v -16.600000 11.843175 -8.505674
v -16.596827 11.840000 -8.505674
v -17.005674 13.690000 16.096827
v -17.005674 13.686825 16.100000
v -17.002501 13.686825 16.096827
v -17.044327 11.840000 16.096827
v -17.044327 11.843175 16.100000
v -17.047501 11.843175 16.096827
v -17.005674 11.843175 16.100000
v -17.005674 11.840000 16.096827
v -17.002501 11.843175 16.096827
v -17.047501 13.686825 16.096827
v -17.044327 13.686825 16.100000
v -17.044327 13.690000 16.096827
v -17.047501 13.686825 -8.096826
v -17.044327 13.690000 -8.096826
v -17.044327 13.686825 -8.100000
v -17.005674 13.686825 -8.100000
v -17.005674 13.690000 -8.096826
v -17.002501 13.686825 -8.096826
v -17.002501 11.843175 -8.096826
v -17.005674 11.840000 -8.096826
v -17.005674 11.843175 -8.100000
v -17.044327 11.840000 -8.096826
v -17.047501 11.843175 -8.096826
v -17.044327 11.843175 -8.100000
v -16.596827 13.690000 16.505674
v -16.596827 13.686825 16.502501
v -16.600000 13.686825 16.505674
v -16.600000 11.843175 16.505674
v -16.596827 11.843175 16.502501
v -16.596827 11.840000 16.505674
v 16.600000 11.843175 16.544327
v 16.596827 11.843175 16.547501
v 16.596827 11.840000 16.544327
v 16.596827 11.840000 16.505674
v 16.596827 11.843175 16.502501
v 16.600000 11.843175 16.505674
v -16.596827 13.686825 16.547501
v -16.596827 13.690000 16.544327
v -16.600000 13.686825 16.544327
v 16.596827 13.690000 16.544327
v 16.596827 13.686825 16.547501
v 16.600000 13.686825 16.544327
v 16.596827 13.686825 16.502501
v 16.596827 13.690000 16.505674
v 16.600000 13.686825 16.505674
v -16.600000 11.843175 16.544327
v -16.596827 11.840000 16.544327
v -16.596827 11.843175 16.547501
v 17.002501 13.686825 -8.096826
v 17.005674 13.690000 -8.096826
v 17.005674 13.686825 -8.100000
v 17.005674 11.840000 -8.096826
v 17.002501 11.843175 -8.096826
v 17.005674 11.843175 -8.100000
v 17.044327 13.690000 16.096827
v 17.044327 13.686825 16.100000
v 17.047501 13.686825 16.096827
v 17.005674 13.690000 16.096827
v 17.002501 13.686825 16.096827
v 17.005674 13.686825 16.100000
v 17.002501 11.843175 16.096827
v 17.005674 11.840000 16.096827
v 17.005674 11.843175 16.100000
v 17.044327 11.843175 -8.100000
v 17.047501 11.843175 -8.096826
v 17.044327 11.840000 -8.096826
v 17.044327 13.690000 -8.096826
v 17.047501 13.686825 -8.096826
v 17.044327 13.686825 -8.100000
v 17.047501 11.843175 16.096827
v 17.044327 11.843175 16.100000
v 17.044327 11.840000 16.096827
v 16.600000 15.443174 -8.544325
v 16.596827 15.440000 -8.544325
v 16.596827 15.443174 -8.547500
v 16.600000 17.286827 -8.505674
v 16.596827 17.290001 -8.505674
v 16.596827 17.286827 -8.502500
v 16.596827 15.443174 -8.502500
v 16.596827 15.440000 -8.505674
v 16.600000 15.443174 -8.505674
v -16.600000 15.443174 -8.544325
v -16.596827 15.443174 -8.547500
v -16.596827 15.440000 -8.544325
v -16.600000 15.443174 -8.505674
v -16.596827 15.440000 -8.505674
v -16.596827 15.443174 -8.502500
v 16.596827 17.286827 -8.547500
v 16.596827 17.290001 -8.544325
v 16.600000 17.286827 -8.544325
v -16.600000 17.286827 -8.505674
v -16.596827 17.286827 -8.502500
v -16.596827 17.290001 -8.505674
v -16.600000 17.286827 -8.544325
v -16.596827 17.290001 -8.544325
v -16.596827 17.286827 -8.547500
v -17.005674 15.443174 -8.100000
v -17.002501 15.443174 -8.096826
v -17.005674 15.440000 -8.096826
v -17.005674 17.290001 16.096827
v -17.005674 17.286827 16.100000
v -17.002501 17.286827 16.096827
v -17.047501 15.443174 16.096827
v -17.044327 15.440000 16.096827
v -17.044327 15.443174 16.100000
v -17.005674 17.290001 -8.096826
v -17.002501 17.286827 -8.096826
v -17.005674 17.286827 -8.100000
v -17.002501 15.443174 16.096827
v -17.005674 15.443174 16.100000
v -17.005674 15.440000 16.096827
v -17.047501 17.286827 16.096827
v -17.044327 17.286827 16.100000
v -17.044327 17.290001 16.096827
v -17.047501 17.286827 -8.096826
v -17.044327 17.290001 -8.096826
v -17.044327 17.286827 -8.100000
v -17.044327 15.440000 -8.096826
v -17.047501 15.443174 -8.096826
v -17.044327 15.443174 -8.100000
v 16.600000 15.443174 16.505674
v 16.596827 15.440000 16.505674
v 16.596827 15.443174 16.502501
v -16.600000 15.443174 16.505674
v -16.596827 15.443174 16.502501
v -16.596827 15.440000 16.505674
v 16.596827 17.290001 16.544327
v 16.596827 17.286827 16.547501
v 16.600000 17.286827 16.544327
v -16.600000 15.443174 16.544327
v -16.596827 15.440000 16.544327
v -16.596827 15.443174 16.547501
v -16.596827 17.286827 16.547501
v -16.596827 17.290001 16.544327
v -16.600000 17.286827 16.544327
v 16.596827 17.286827 16.502501
v 16.596827 17.290001 16.505674
v 16.600000 17.286827 16.505674
v -16.596827 17.290001 16.505674
v -16.596827 17.286827 16.502501
v -16.600000 17.286827 16.505674
v 16.596827 15.443174 16.547501
v 16.596827 15.440000 16.544327
v 16.600000 15.443174 16.544327
v 17.044327 17.290001 -8.096826
v 17.047501 17.286827 -8.096826
v 17.044327 17.286827 -8.100000
v 17.005674 17.286827 16.100000
v 17.005674 17.290001 16.096827
v 17.002501 17.286827 16.096827
v 17.002501 15.443174 16.096827
v 17.005674 15.440000 16.096827
v 17.005674 15.443174 16.100000
v 17.002501 17.286827 -8.096826
v 17.005674 17.290001 -8.096826
v 17.005674 17.286827 -8.100000
v 17.044327 15.443174 -8.100000
v 17.047501 15.443174 -8.096826
v 17.044327 15.440000 -8.096826
v 17.044327 17.290001 16.096827
v 17.044327 17.286827 16.100000
v 17.047501 17.286827 16.096827
v 17.047501 15.443174 16.096827
v 17.044327 15.443174 16.100000
v 17.044327 15.440000 16.096827
v 17.005674 15.440000 -8.096826
v 17.002501 15.443174 -8.096826
v 17.005674 15.443174 -8.100000
v -16.596827 20.889999 -8.544325
v -16.596827 20.886826 -8.547500
v -16.600000 20.886826 -8.544325
v 16.596827 19.043175 -8.502500
v 16.596827 19.040001 -8.505674
v 16.600000 19.043175 -8.505674
v -16.596827 20.886826 -8.502500
v -16.596827 20.889999 -8.505674
v -16.600000 20.886826 -8.505674
v 16.596827 20.886826 -8.502500
v 16.600000 20.886826 -8.505674
v 16.596827 20.889999 -8.505674
v 16.600000 20.886826 -8.544325
v 16.596827 20.886826 -8.547500
v 16.596827 20.889999 -8.544325
v 16.600000 19.043175 -8.544325
v 16.596827 19.040001 -8.544325
v 16.596827 19.043175 -8.547500
v -16.600000 19.043175 -8.544325
v -16.596827 19.043175 -8.547500
v -16.596827 19.040001 -8.544325
v -16.600000 19.043175 -8.505674
v -16.596827 19.040001 -8.505674
v -16.596827 19.043175 -8.502500
v -17.005674 19.043175 -8.100000
v -17.002501 19.043175 -8.096826
v -17.005674 19.040001 -8.096826
v -17.047501 20.886826 -8.096826
v -17.044327 20.889999 -8.096826
v -17.044327 20.886826 -8.100000
v -17.047501 20.886826 16.096827
v -17.044327 20.886826 16.100000
v -17.044327 20.889999 16.096827
v -17.047501 19.043175 16.096827
v -17.044327 19.040001 16.096827
v -17.044327 19.043175 16.100000
v -17.005674 20.889999 -8.096826
v -17.002501 20.886826 -8.096826
v -17.005674 20.886826 -8.100000
v -17.005674 20.889999 16.096827
v -17.005674 20.886826 16.100000
v -17.002501 20.886826 16.096827
v -17.002501 19.043175 16.096827
v -17.005674 19.043175 16.100000
v -17.005674 19.040001 16.096827
v -17.044327 19.040001 -8.096826
v -17.047501 19.043175 -8.096826
v -17.044327 19.043175 -8.100000
v -16.596827 20.889999 16.505674
v -16.596827 20.886826 16.502501
v -16.600000 20.886826 16.505674
v 16.596827 20.889999 16.544327
v 16.596827 20.886826 16.547501
v 16.600000 20.886826 16.544327
v -16.600000 19.043175 16.544327
v -16.596827 19.040001 16.544327
v -16.596827 19.043175 16.547501
v -16.596827 20.886826 16.547501
v -16.596827 20.889999 16.544327
v -16.600000 20.886826 16.544327
v -16.600000 19.043175 16.505674
v -16.596827 19.043175 16.502501
v -16.596827 19.040001 16.505674
v 16.600000 19.043175 16.505674
v 16.596827 19.040001 16.505674
v 16.596827 19.043175 16.502501
v 16.596827 20.886826 16.502501
v 16.596827 20.889999 16.505674
v 16.600000 20.886826 16.505674
v 16.596827 19.043175 16.547501
v 16.596827 19.040001 16.544327
v 16.600000 19.043175 16.544327
v 17.002501 20.886826 -8.096826
v 17.005674 20.889999 -8.096826
v 17.005674 20.886826 -8.100000
v 17.002501 19.043175 16.096827
v 17.005674 19.040001 16.096827
v 17.005674 19.043175 16.100000
v 17.044327 19.043175 -8.100000
v 17.047501 19.043175 -8.096826
v 17.044327 19.040001 -8.096826
v 17.047501 20.886826 16.096827
v 17.044327 20.889999 16.096827
v 17.044327 20.886826 16.100000
v 17.047501 20.886826 -8.096826
v 17.044327 20.886826 -8.100000
v 17.044327 20.889999 -8.096826
v 17.002501 20.886826 16.096827
v 17.005674 20.886826 16.100000
v 17.005674 20.889999 16.096827
v 17.005674 19.043175 -8.100000
v 17.005674 19.040001 -8.096826
v 17.002501 19.043175 -8.096826
v 17.047501 19.043175 16.096827
v 17.044327 19.043175 16.100000
v 17.044327 19.040001 16.096827
v -15.937943 21.040001 -8.503376
v -15.938175 21.036827 -8.500000
v -15.935000 21.036827 -8.503175
v -16.061827 21.036827 -8.500000
v -16.062067 21.040001 -8.503384
v -16.065001 21.036827 -8.503175
v -15.938175 21.036827 -8.650000
v -15.937933 21.040001 -8.646616
v -15.935000 21.036827 -8.646825
v -16.062057 21.040001 -8.646624
v -16.061827 21.036827 -8.650000
v -16.065001 21.036827 -8.646825
v -16.061827 0.043175 -8.650000
v -16.062067 0.040000 -8.646616
v -16.065001 0.043175 -8.646825
v -15.937943 0.040000 -8.646624
v -15.938175 0.043175 -8.650000
v -15.935000 0.043175 -8.646825
v -15.937933 0.040000 -8.503384
v -15.935000 0.043175 -8.503175
v -15.938175 0.043175 -8.500000
v -16.061827 0.043175 -8.500000
v -16.065001 0.043175 -8.503175
v -16.062057 0.040000 -8.503376
v -15.937943 21.040001 16.646624
v -15.938175 21.036827 16.650000
v -15.935000 21.036827 16.646826
v -16.065001 0.043175 16.646826
v -16.062057 0.040000 16.646624
v -16.061827 0.043175 16.650000
v -16.065001 21.036827 16.646826
v -16.061827 21.036827 16.650000
v -16.062067 21.040001 16.646616
v -16.065001 21.036827 16.503174
v -16.062057 21.040001 16.503376
v -16.061827 21.036827 16.500000
v -15.937933 21.040001 16.503384
v -15.935000 21.036827 16.503174
v -15.938175 21.036827 16.500000
v -16.062067 0.040000 16.503384
v -16.065001 0.043175 16.503174
v -16.061827 0.043175 16.500000
v -15.938175 0.043175 16.500000
v -15.935000 0.043175 16.503174
v -15.937943 0.040000 16.503376
v -15.935000 0.043175 16.646826
v -15.938175 0.043175 16.650000
v -15.937933 0.040000 16.646616
v -12.737942 21.040001 -8.503376
v -12.738174 21.036827 -8.500000
v -12.735000 21.036827 -8.503175
v -12.865000 0.043175 -8.503175
v -12.862058 0.040000 -8.503376
v -12.861825 0.043175 -8.500000
v -12.738174 21.036827 -8.650000
v -12.737932 21.040001 -8.646616
v -12.735000 21.036827 -8.646825
v -12.735000 0.043175 -8.503175
v -12.738174 0.043175 -8.500000
v -12.737932 0.040000 -8.503384
v -12.737942 0.040000 -8.646624
v -12.738174 0.043175 -8.650000
v -12.735000 0.043175 -8.646825
v -12.861825 21.036827 -8.500000
v -12.862067 21.040001 -8.503384
v -12.865000 21.036827 -8.503175
v -12.862058 21.040001 -8.646624
v -12.861825 21.036827 -8.650000
v -12.865000 21.036827 -8.646825
v -12.865000 0.043175 -8.646825
v -12.861825 0.043175 -8.650000
v -12.862067 0.040000 -8.646616
v -12.865000 21.036827 16.503174
v -12.862058 21.040001 16.503376
v -12.861825 21.036827 16.500000
v -12.737942 21.040001 16.646624
v -12.738174 21.036827 16.650000
v -12.735000 21.036827 16.646826
v -12.865000 21.036827 16.646826
v -12.861825 21.036827 16.650000
v -12.862067 21.040001 16.646616
v -12.735000 0.043175 16.646826
v -12.738174 0.043175 16.650000
v -12.737932 0.040000 16.646616
v -12.735000 0.043175 16.503174
v -12.737942 0.040000 16.503376
v -12.738174 0.043175 16.500000
v -12.737932 21.040001 16.503384
v -12.735000 21.036827 16.503174
v -12.738174 21.036827 16.500000
v -12.862067 0.040000 16.503384
v -12.865000 0.043175 16.503174
v -12.861825 0.043175 16.500000
v -12.865000 0.043175 16.646826
v -12.862058 0.040000 16.646624
v -12.861825 0.043175 16.650000
v -9.535000 0.043175 -8.646825
v -9.537942 0.040000 -8.646624
v -9.538175 0.043175 -8.650000
v -9.665000 0.043175 -8.503175
v -9.662058 0.040000 -8.503376
v -9.661825 0.043175 -8.500000
v -9.665000 0.043175 -8.646825
v -9.661825 0.043175 -8.650000
v -9.662067 0.040000 -8.646616
v -9.538175 21.036827 -8.650000
v -9.537932 21.040001 -8.646616
v -9.535000 21.036827 -8.646825
v -9.537942 21.040001 -8.503376
v -9.538175 21.036827 -8.500000
v -9.535000 21.036827 -8.503175
v -9.665000 21.036827 -8.503175
v -9.661825 21.036827 -8.500000
v -9.662067 21.040001 -8.503384
v -9.665000 21.036827 -8.646825
v -9.662058 21.040001 -8.646624
v -9.661825 21.036827 -8.650000
v -9.538175 0.043175 -8.500000
v -9.537932 0.040000 -8.503384
v -9.535000 0.043175 -8.503175
v -9.662067 0.040000 16.503384
v -9.665000 0.043175 16.503174
v -9.661825 0.043175 16.500000
v -9.665000 21.036827 16.646826
v -9.661825 21.036827 16.650000
v -9.662067 21.040001 16.646616
v -9.535000 0.043175 16.646826
v -9.538175 0.043175 16.650000
v -9.537932 0.040000 16.646616
v -9.665000 21.036827 16.503174
v -9.662058 21.040001 16.503376
v -9.661825 21.036827 16.500000
v -9.537942 21.040001 16.646624
v -9.538175 21.036827 16.650000
v -9.535000 21.036827 16.646826
v -9.538175 0.043175 16.500000
v -9.535000 0.043175 16.503174
v -9.537942 0.040000 16.503376
v -9.537932 21.040001 16.503384
v -9.535000 21.036827 16.503174
v -9.538175 21.036827 16.500000
v -9.665000 0.043175 16.646826
v -9.662058 0.040000 16.646624
v -9.661825 0.043175 16.650000
v -6.462058 21.040001 -8.646624
v -6.461825 21.036827 -8.650000
v -6.465000 21.036827 -8.646825
v -6.337942 0.040000 -8.646624
v -6.338175 0.043175 -8.650000
v -6.335000 0.043175 -8.646825
v -6.461825 0.043175 -8.650000
v -6.462067 0.040000 -8.646616
v -6.465000 0.043175 -8.646825
v -6.465000 0.043175 -8.503175
v -6.462058 0.040000 -8.503376
v -6.461825 0.043175 -8.500000
v -6.461825 21.036827 -8.500000
v -6.462067 21.040001 -8.503384
v -6.465000 21.036827 -8.503175
v -6.335000 21.036827 -8.503175
v -6.337942 21.040001 -8.503376
v -6.338175 21.036827 -8.500000
v -6.338175 0.043175 -8.500000
v -6.337933 0.040000 -8.503384
v -6.335000 0.043175 -8.503175
v -6.338175 21.036827 -8.650000
v -6.337933 21.040001 -8.646616
v -6.335000 21.036827 -8.646825
v -6.465000 21.036827 16.503174
v -6.462058 21.040001 16.503376
v -6.461825 21.036827 16.500000
v -6.337942 0.040000 16.503376
v -6.338175 0.043175 16.500000
v -6.335000 0.043175 16.503174
v -6.337942 21.040001 16.646624
v -6.338175 21.036827 16.650000
v -6.335000 21.036827 16.646826
v -6.461825 21.036827 16.650000
v -6.462067 21.040001 16.646616
v -6.465000 21.036827 16.646826
v -6.465000 0.043175 16.646826
v -6.462058 0.040000 16.646624
v -6.461825 0.043175 16.650000
v -6.337933 21.040001 16.503384
v -6.335000 21.036827 16.503174
v -6.338175 21.036827 16.500000
v -6.461825 0.043175 16.500000
v -6.462067 0.040000 16.503384
v -6.465000 0.043175 16.503174
v -6.335000 0.043175 16.646826
v -6.338175 0.043175 16.650000
v -6.337933 0.040000 16.646616
v -3.135000 0.043175 -8.646825
v -3.137942 0.040000 -8.646624
v -3.138175 0.043175 -8.650000
v -3.262058 21.040001 -8.646624
v -3.261826 21.036827 -8.650000
v -3.265000 21.036827 -8.646825
v -3.265000 0.043175 -8.503175
v -3.262058 0.040000 -8.503376
v -3.261826 0.043175 -8.500000
v -3.137942 21.040001 -8.503376
v -3.138175 21.036827 -8.500000
v -3.135000 21.036827 -8.503175
v -3.261826 21.036827 -8.500000
v -3.262067 21.040001 -8.503384
v -3.265000 21.036827 -8.503175
v -3.138175 21.036827 -8.650000
v -3.137933 21.040001 -8.646616
v -3.135000 21.036827 -8.646825
v -3.138175 0.043175 -8.500000
v -3.137933 0.040000 -8.503384
v -3.135000 0.043175 -8.503175
v -3.265000 0.043175 -8.646825
v -3.261826 0.043175 -8.650000
v -3.262067 0.040000 -8.646616
v -3.137942 21.040001 16.646624
v -3.138175 21.036827 16.650000
v -3.135000 21.036827 16.646826
v -3.265000 21.036827 16.646826
v -3.261826 21.036827 16.650000
v -3.262067 21.040001 16.646616
v -3.137933 21.040001 16.503384
v -3.135000 21.036827 16.503174
v -3.138175 21.036827 16.500000
v -3.265000 21.036827 16.503174
v -3.262058 21.040001 16.503376
v -3.261826 21.036827 16.500000
v -3.261826 0.043175 16.500000
v -3.262067 0.040000 16.503384
v -3.265000 0.043175 16.503174
v -3.138175 0.043175 16.500000
v -3.135000 0.043175 16.503174
v -3.137942 0.040000 16.503376
v -3.135000 0.043175 16.646826
v -3.138175 0.043175 16.650000
v -3.137933 0.040000 16.646616
v -3.265000 0.043175 16.646826
v -3.262058 0.040000 16.646624
v -3.261826 0.043175 16.650000
v 0.065000 0.043175 -8.646825
v 0.062058 0.040000 -8.646624
v 0.061825 0.043175 -8.650000
v 0.061825 0.043175 -8.500000
v 0.062067 0.040000 -8.503384
v 0.065000 0.043175 -8.503175
v -0.061825 21.036827 -8.500000
v -0.062067 21.040001 -8.503384
v -0.065000 21.036827 -8.503175
v 0.061825 21.036827 -8.650000
v 0.062067 21.040001 -8.646616
v 0.065000 21.036827 -8.646825
v 0.062058 21.040001 -8.503376
v 0.061825 21.036827 -8.500000
v 0.065000 21.036827 -8.503175
v -0.062058 21.040001 -8.646624
v -0.061825 21.036827 -8.650000
v -0.065000 21.036827 -8.646825
v -0.065000 0.043175 -8.646825
v -0.061825 0.043175 -8.650000
v -0.062067 0.040000 -8.646616
v -0.065000 0.043175 -8.503175
v -0.062058 0.040000 -8.503376
v -0.061825 0.043175 -8.500000
v 0.062058 21.040001 16.646624
v 0.061825 21.036827 16.650000
v 0.065000 21.036827 16.646826
v 0.065000 0.043175 16.646826
v 0.061825 0.043175 16.650000
v 0.062067 0.040000 16.646616
v -0.065000 0.043175 16.646826
v -0.062058 0.040000 16.646624
v -0.061825 0.043175 16.650000
v -0.065000 21.036827 16.646826
v -0.061825 21.036827 16.650000
v -0.062067 21.040001 16.646616
v 0.061825 21.036827 16.500000
v 0.062067 21.040001 16.503384
v 0.065000 21.036827 16.503174
v -0.061825 21.036827 16.500000
v -0.065000 21.036827 16.503174
v -0.062058 21.040001 16.503376
v 0.061825 0.043175 16.500000
v 0.065000 0.043175 16.503174
v 0.062058 0.040000 16.503376
v -0.062067 0.040000 16.503384
v -0.065000 0.043175 16.503174
v -0.061825 0.043175 16.500000
v 3.261826 21.036827 -8.650000
v 3.262067 21.040001 -8.646616
v 3.265000 21.036827 -8.646825
v 3.135000 0.043175 -8.503175
v 3.137942 0.040000 -8.503376
v 3.138175 0.043175 -8.500000
v 3.261826 0.043175 -8.500000
v 3.262067 0.040000 -8.503384
v 3.265000 0.043175 -8.503175
v 3.137942 21.040001 -8.646624
v 3.138175 21.036827 -8.650000
v 3.135000 21.036827 -8.646825
v 3.138175 21.036827 -8.500000
v 3.137933 21.040001 -8.503384
v 3.135000 21.036827 -8.503175
v 3.135000 0.043175 -8.646825
v 3.138175 0.043175 -8.650000
v 3.137933 0.040000 -8.646616
v 3.262058 21.040001 -8.503376
v 3.261826 21.036827 -8.500000
v 3.265000 21.036827 -8.503175
v 3.265000 0.043175 -8.646825
v 3.262058 0.040000 -8.646624
v 3.261826 0.043175 -8.650000
v 3.138175 21.036827 16.500000
v 3.135000 21.036827 16.503174
v 3.137942 21.040001 16.503376
v 3.262067 21.040001 16.503384
v 3.265000 21.036827 16.503174
v 3.261826 21.036827 16.500000
v 3.261826 0.043175 16.500000
v 3.265000 0.043175 16.503174
v 3.262058 0.040000 16.503376
v 3.135000 21.036827 16.646826
v 3.138175 21.036827 16.650000
v 3.137933 21.040001 16.646616
v 3.265000 0.043175 16.646826
v 3.261826 0.043175 16.650000
v 3.262067 0.040000 16.646616
v 3.135000 0.043175 16.503174
v 3.138175 0.043175 16.500000
v 3.137933 0.040000 16.503384
v 3.137942 0.040000 16.646624
v 3.138175 0.043175 16.650000
v 3.135000 0.043175 16.646826
v 3.262058 21.040001 16.646624
v 3.261826 21.036827 16.650000
v 3.265000 21.036827 16.646826
v 6.337942 21.040001 -8.646624
v 6.338175 21.036827 -8.650000
v 6.335000 21.036827 -8.646825
v 6.461825 21.036827 -8.650000
v 6.462067 21.040001 -8.646616
v 6.465000 21.036827 -8.646825
v 6.461825 0.043175 -8.500000
v 6.462067 0.040000 -8.503384
v 6.465000 0.043175 -8.503175
v 6.338175 21.036827 -8.500000
v 6.337933 21.040001 -8.503384
v 6.335000 21.036827 -8.503175
v 6.462058 21.040001 -8.503376
v 6.461825 21.036827 -8.500000
v 6.465000 21.036827 -8.503175
v 6.338175 0.043175 -8.650000
v 6.337933 0.040000 -8.646616
v 6.335000 0.043175 -8.646825
v 6.462058 0.040000 -8.646624
v 6.461825 0.043175 -8.650000
v 6.465000 0.043175 -8.646825
v 6.335000 0.043175 -8.503175
v 6.337942 0.040000 -8.503376
v 6.338175 0.043175 -8.500000
v 6.461825 0.043175 16.500000
v 6.465000 0.043175 16.503174
v 6.462058 0.040000 16.503376
v 6.465000 0.043175 16.646826
v 6.461825 0.043175 16.650000
v 6.462067 0.040000 16.646616
v 6.462058 21.040001 16.646624
v 6.461825 21.036827 16.650000
v 6.465000 21.036827 16.646826
v 6.335000 21.036827 16.646826
v 6.338175 21.036827 16.650000
v 6.337933 21.040001 16.646616
v 6.461825 21.036827 16.500000
v 6.462067 21.040001 16.503384
v 6.465000 21.036827 16.503174
v 6.338175 21.036827 16.500000
v 6.335000 21.036827 16.503174
v 6.337942 21.040001 16.503376
v 6.335000 0.043175 16.503174
v 6.338175 0.043175 16.500000
v 6.337933 0.040000 16.503384
v 6.337942 0.040000 16.646624
v 6.338175 0.043175 16.650000
v 6.335000 0.043175 16.646826
v 9.537942 21.040001 -8.646624
v 9.538175 21.036827 -8.650000
v 9.535000 21.036827 -8.646825
v 9.665000 0.043175 -8.646825
v 9.662058 0.040000 -8.646624
v 9.661825 0.043175 -8.650000
v 9.535000 0.043175 -8.503175
v 9.537942 0.040000 -8.503376
v 9.538175 0.043175 -8.500000
v 9.662058 21.040001 -8.503376
v 9.661825 21.036827 -8.500000
v 9.665000 21.036827 -8.503175
v 9.535000 0.043175 -8.646825
v 9.538175 0.043175 -8.650000
v 9.537932 0.040000 -8.646616
v 9.661825 0.043175 -8.500000
v 9.662067 0.040000 -8.503384
v 9.665000 0.043175 -8.503175
v 9.538175 21.036827 -8.500000
v 9.537932 21.040001 -8.503384
v 9.535000 21.036827 -8.503175
v 9.661825 21.036827 -8.650000
v 9.662067 21.040001 -8.646616
v 9.665000 21.036827 -8.646825
v 9.662067 21.040001 16.503384
v 9.665000 21.036827 16.503174
v 9.661825 21.036827 16.500000
v 9.665000 21.036827 16.646826
v 9.662058 21.040001 16.646624
v 9.661825 21.036827 16.650000
v 9.537942 0.040000 16.646624
v 9.538175 0.043175 16.650000
v 9.535000 0.043175 16.646826
v 9.661825 0.043175 16.650000
v 9.662067 0.040000 16.646616
v 9.665000 0.043175 16.646826
v 9.535000 21.036827 16.503174
v 9.537942 21.040001 16.503376
v 9.538175 21.036827 16.500000
v 9.535000 21.036827 16.646826
v 9.538175 21.036827 16.650000
v 9.537932 21.040001 16.646616
v 9.537932 0.040000 16.503384
v 9.535000 0.043175 16.503174
v 9.538175 0.043175 16.500000
v 9.661825 0.043175 16.500000
v 9.665000 0.043175 16.503174
v 9.662058 0.040000 16.503376
v 12.861825 21.036827 -8.650000
v 12.862067 21.040001 -8.646616
v 12.865000 21.036827 -8.646825
v 12.865000 0.043175 -8.646825
v 12.862058 0.040000 -8.646624
v 12.861825 0.043175 -8.650000
v 12.862058 21.040001 -8.503376
v 12.861825 21.036827 -8.500000
v 12.865000 21.036827 -8.503175
v 12.735000 0.043175 -8.503175
v 12.737942 0.040000 -8.503376
v 12.738174 0.043175 -8.500000
v 12.737942 21.040001 -8.646624
v 12.738174 21.036827 -8.650000
v 12.735000 21.036827 -8.646825
v 12.738174 21.036827 -8.500000
v 12.737932 21.040001 -8.503384
v 12.735000 21.036827 -8.503175
v 12.735000 0.043175 -8.646825
v 12.738174 0.043175 -8.650000
v 12.737932 0.040000 -8.646616
v 12.861825 0.043175 -8.500000
v 12.862067 0.040000 -8.503384
v 12.865000 0.043175 -8.503175
v 12.862058 21.040001 16.646624
v 12.861825 21.036827 16.650000
v 12.865000 21.036827 16.646826
v 12.737932 21.040001 16.646616
v 12.735000 21.036827 16.646826
v 12.738174 21.036827 16.650000
v 12.735000 0.043175 16.646826
v 12.737942 0.040000 16.646624
v 12.738174 0.043175 16.650000
v 12.865000 0.043175 16.646826
v 12.861825 0.043175 16.650000
v 12.862067 0.040000 16.646616
v 12.737932 0.040000 16.503384
v 12.735000 0.043175 16.503174
v 12.738174 0.043175 16.500000
v 12.862067 21.040001 16.503384
v 12.865000 21.036827 16.503174
v 12.861825 21.036827 16.500000
v 12.735000 21.036827 16.503174
v 12.737942 21.040001 16.503376
v 12.738174 21.036827 16.500000
v 12.861825 0.043175 16.500000
v 12.865000 0.043175 16.503174
v 12.862058 0.040000 16.503376
v 16.065001 0.043175 -8.646825
v 16.062057 0.040000 -8.646624
v 16.061827 0.043175 -8.650000
v 16.062057 21.040001 -8.503376
v 16.061827 21.036827 -8.500000
v 16.065001 21.036827 -8.503175
v 15.938175 21.036827 -8.500000
v 15.937933 21.040001 -8.503384
v 15.935000 21.036827 -8.503175
v 15.935000 0.043175 -8.646825
v 15.938175 0.043175 -8.650000
v 15.937933 0.040000 -8.646616
v 15.937943 0.040000 -8.503376
v 15.938175 0.043175 -8.500000
v 15.935000 0.043175 -8.503175
v 16.061827 21.036827 -8.650000
v 16.062067 21.040001 -8.646616
v 16.065001 21.036827 -8.646825
v 15.937943 21.040001 -8.646624
v 15.938175 21.036827 -8.650000
v 15.935000 21.036827 -8.646825
v 16.061827 0.043175 -8.500000
v 16.062067 0.040000 -8.503384
v 16.065001 0.043175 -8.503175
v 15.935000 21.036827 16.503174
v 15.937943 21.040001 16.503376
v 15.938175 21.036827 16.500000
v 15.935000 21.036827 16.646826
v 15.938175 21.036827 16.650000
v 15.937933 21.040001 16.646616
v 16.065001 0.043175 16.646826
v 16.061827 0.043175 16.650000
v 16.062067 0.040000 16.646616
v 16.065001 21.036827 16.503174
v 16.061827 21.036827 16.500000
v 16.062067 21.040001 16.503384
v 16.065001 21.036827 16.646826
v 16.062057 21.040001 16.646624
v 16.061827 21.036827 16.650000
v 16.061827 0.043175 16.500000
v 16.065001 0.043175 16.503174
v 16.062057 0.040000 16.503376
v 15.935000 0.043175 16.503174
v 15.938175 0.043175 16.500000
v 15.937933 0.040000 16.503384
v 15.937943 0.040000 16.646624
v 15.938175 0.043175 16.650000
v 15.935000 0.043175 16.646826
v -11.000000 21.000778 11.996376
v -10.996429 21.000000 11.997370
v -10.996458 21.000483 12.000000
v -11.000000 21.000683 -3.996358
v -10.996472 21.000586 -4.000000
v -10.996413 21.000000 -3.997392
v 11.000000 23.999317 -3.996358
v 10.996472 23.999414 -4.000000
v 10.996413 24.000000 -3.997392
v 10.996429 24.000000 11.997370
v 10.996458 23.999517 12.000000
v 11.000000 23.999222 11.996376
v 10.996472 21.000586 12.000000
v 10.996413 21.000000 11.997392
v 11.000000 21.000683 11.996358
v -11.000000 23.999317 11.996358
v -10.996472 23.999414 12.000000
v -10.996413 24.000000 11.997392
v -11.000000 23.999222 -3.996376
v -10.996429 24.000000 -3.997370
v -10.996458 23.999517 -4.000000
v 11.000000 21.000778 -3.996376
v 10.996429 21.000000 -3.997370
v 10.996458 21.000483 -4.000000
v 9.996825 3.003175 -13.500000
v 10.000000 3.003175 -13.496825
v 9.996286 3.000000 -13.498981
v -10.000000 3.156826 -13.496825
v -9.996286 3.160000 -13.498981
v -9.996825 3.156826 -13.500000
v -10.000000 3.003175 -8.503175
v -9.996286 3.000000 -8.501019
v -9.996825 3.003175 -8.500000
v -10.000000 3.156826 -8.503175
v -9.996825 3.156826 -8.500000
v -9.996265 3.160000 -8.500934
v 10.000000 3.156826 -8.503175
v 9.996286 3.160000 -8.501019
v 9.996825 3.156826 -8.500000
v 10.000000 3.156826 -13.496825
v 9.996825 3.156826 -13.500000
v 9.996265 3.160000 -13.499066
v 10.000000 3.003175 -8.503175
v 9.996825 3.003175 -8.500000
v 9.996265 3.000000 -8.500934
v -9.996265 3.000000 -13.499066
v -10.000000 3.003175 -13.496825
v -9.996825 3.003175 -13.500000
v -8.456825 3.000000 -9.456825
v -8.456825 2.996825 -9.460000
v -8.460000 2.996825 -9.456825
v -8.340000 0.003175 -9.456825
v -8.343175 0.000000 -9.456825
v -8.343175 0.003175 -9.460000
v -8.343175 3.000000 -9.343175
v -8.343175 2.996825 -9.340000
v -8.340000 2.996825 -9.343175
v -8.460000 0.003175 -9.343175
v -8.456825 0.000000 -9.343175
v -8.456825 0.003175 -9.340000
v -8.460000 0.003175 -9.456825
v -8.456825 0.003175 -9.460000
v -8.456825 0.000000 -9.456825
v -8.456825 2.996825 -9.340000
v -8.456825 3.000000 -9.343175
v -8.460000 2.996825 -9.343175
v -8.343175 2.996825 -9.460000
v -8.343175 3.000000 -9.456825
v -8.340000 2.996825 -9.456825
v -8.343175 0.003175 -9.340000
v -8.343175 0.000000 -9.343175
v -8.340000 0.003175 -9.343175
v 8.340000 2.996825 -9.456825
v 8.343175 3.000000 -9.456825
v 8.343175 2.996825 -9.460000
v 8.456825 0.003175 -9.460000
v 8.460000 0.003175 -9.456825
v 8.456825 0.000000 -9.456825
v 8.343175 0.000000 -9.456825
v 8.340000 0.003175 -9.456825
v 8.343175 0.003175 -9.460000
v 8.340000 0.003175 -9.343175
v 8.343175 0.000000 -9.343175
v 8.343175 0.003175 -9.340000
v 8.340000 2.996825 -9.343175
v 8.343175 2.996825 -9.340000
v 8.343175 3.000000 -9.343175
v 8.456825 3.000000 -9.343175
v 8.456825 2.996825 -9.340000
v 8.460000 2.996825 -9.343175
v 8.456825 3.000000 -9.456825
v 8.460000 2.996825 -9.456825
v 8.456825 2.996825 -9.460000
v 8.460000 0.003175 -9.343175
v 8.456825 0.003175 -9.340000
v 8.456825 0.000000 -9.343175
v -4.496479 4.999425 -8.525000
v -4.496825 5.000000 -8.528174
v -4.500000 4.996484 -8.525439
v -4.500000 3.803503 -8.525544
v -4.496825 3.800000 -8.528174
v -4.496465 3.800471 -8.525000
v 4.500000 4.996497 -8.525544
v 4.496825 5.000000 -8.528174
v 4.496465 4.999529 -8.525000
v 4.496479 3.800575 -8.525000
v 4.496825 3.800000 -8.528174
v 4.500000 3.803516 -8.525439
v 4.496479 4.999425 -8.675000
v 4.496825 5.000000 -8.671825
v 4.500000 4.996484 -8.674561
v -4.496825 5.000000 -8.671825
v -4.496465 4.999529 -8.675000
v -4.500000 4.996497 -8.674456
v -4.496479 3.800575 -8.675000
v -4.496825 3.800000 -8.671825
v -4.500000 3.803516 -8.674561
v 4.496825 3.800000 -8.671825
v 4.496465 3.800471 -8.675000
v 4.500000 3.803503 -8.674456
v -11.453527 20.000000 -8.525586
v -11.451035 19.996237 -8.525000
v -11.450000 19.996826 -8.528174
v -12.550000 16.003174 -8.528174
v -12.546473 16.000000 -8.525586
v -12.548965 16.003763 -8.525000
v -12.548883 16.003740 -8.675000
v -12.546458 16.000000 -8.674518
v -12.550000 16.003174 -8.671825
v -11.451117 19.996260 -8.675000
v -11.453542 20.000000 -8.674518
v -11.450000 19.996826 -8.671825
v -11.450000 16.003174 -8.528174
v -11.451117 16.003740 -8.525000
v -11.453542 16.000000 -8.525482
v -11.450000 16.003174 -8.671825
v -11.453527 16.000000 -8.674414
v -11.451035 16.003763 -8.675000
v -12.546458 20.000000 -8.525482
v -12.550000 19.996826 -8.528174
v -12.548883 19.996260 -8.525000
v -12.546473 20.000000 -8.674414
v -12.548965 19.996237 -8.675000
v -12.550000 19.996826 -8.671825
v -10.153174 17.400000 -8.771825
v -10.153784 17.401125 -8.775000
v -10.150000 17.403526 -8.774413
v -13.846826 17.400000 -8.771825
v -13.850000 17.403542 -8.774517
v -13.846240 17.401203 -8.775000
v -13.846826 17.400000 -8.628175
v -13.846216 17.401125 -8.625000
v -13.850000 17.403526 -8.625587
v -13.850000 18.496473 -8.774413
v -13.846826 18.500000 -8.771825
v -13.846216 18.498875 -8.775000
v -10.150000 18.496458 -8.774517
v -10.153760 18.498796 -8.775000
v -10.153174 18.500000 -8.771825
v -10.153174 18.500000 -8.628175
v -10.153784 18.498875 -8.625000
v -10.150000 18.496473 -8.625587
v -13.850000 18.496458 -8.625483
v -13.846240 18.498796 -8.625000
v -13.846826 18.500000 -8.628175
v -10.153174 17.400000 -8.628175
v -10.150000 17.403542 -8.625483
v -10.153760 17.401203 -8.625000
v 11.951670 2.200000 -15.496193
v 11.953099 2.196754 -15.500000
v 11.950000 2.198258 -15.496195
v 14.046898 2.196756 -15.500000
v 14.048390 2.200000 -15.496168
v 14.050000 2.198315 -15.496170
v 11.953102 0.003244 -15.500000
v 11.951610 0.000000 -15.496168
v 11.950000 0.001685 -15.496170
v 14.048330 2.200000 -10.503807
v 14.046901 2.196754 -10.500000
v 14.050000 2.198258 -10.503805
v 11.950000 0.001742 -10.503805
v 11.951670 0.000000 -10.503807
v 11.953099 0.003247 -10.500000
v 14.050000 0.001685 -10.503830
v 14.046898 0.003244 -10.500000
v 14.048390 0.000000 -10.503832
v 11.951610 2.200000 -10.503832
v 11.950000 2.198315 -10.503830
v 11.953102 2.196756 -10.500000
v 14.050000 0.001742 -15.496195
v 14.048330 0.000000 -15.496193
v 14.046901 0.003247 -15.500000
v 12.200000 1.696826 -15.541825
v 12.203175 1.700000 -15.541825
v 12.203810 1.698095 -15.545000
v 13.796825 0.900000 -15.541825
v 13.796190 0.901905 -15.545000
v 13.800000 0.903175 -15.541825
v 13.796825 1.700000 -15.498175
v 13.796190 1.698095 -15.495000
v 13.800000 1.696826 -15.498175
v 12.203175 0.900000 -15.498175
v 12.203810 0.901905 -15.495000
v 12.200000 0.903175 -15.498175
v 12.200000 1.696826 -15.498175
v 12.203785 1.698046 -15.495000
v 12.203175 1.700000 -15.498175
v 13.796825 0.900000 -15.498175
v 13.800000 0.903175 -15.498175
v 13.796215 0.901954 -15.495000
v 13.800000 1.696826 -15.541825
v 13.796215 1.698046 -15.545000
v 13.796825 1.700000 -15.541825
v 12.203785 0.901954 -15.545000
v 12.203175 0.900000 -15.541825
v 12.200000 0.903175 -15.541825
v -19.253174 0.450000 -19.253174
v -19.253656 0.449285 -19.250000
v -19.250000 0.449190 -19.253637
v -21.546825 0.450000 -21.546825
v -21.546343 0.449285 -21.549999
v -21.549999 0.449190 -21.546362
v -21.549999 0.000810 -19.253637
v -21.546825 0.000000 -19.253174
v -21.546343 0.000715 -19.250000
v -19.250000 0.000715 -19.253656
v -19.253637 0.000810 -19.250000
v -19.253174 0.000000 -19.253174
v -21.546362 0.449190 -19.250000
v -21.546825 0.450000 -19.253174
v -21.549999 0.449285 -19.253656
v -19.253637 0.449190 -21.549999
v -19.253174 0.450000 -21.546825
v -19.250000 0.449285 -21.546343
v -21.546362 0.000810 -21.549999
v -21.546825 0.000000 -21.546825
v -21.549999 0.000715 -21.546343
v -19.253656 0.000715 -21.549999
v -19.250000 0.000810 -21.546362
v -19.253174 0.000000 -21.546825
v -19.453175 0.450000 -21.346827
v -19.453833 0.451613 -21.350000
v -19.450001 0.451673 -21.346193
v -21.350000 1.248327 -21.346193
v -21.346827 1.250000 -21.346827
v -21.346169 1.248387 -21.350000
v -21.346827 0.450000 -19.453175
v -21.346169 0.451613 -19.450001
v -21.350000 0.451673 -19.453808
v -21.346193 0.451673 -21.350000
v -21.346827 0.450000 -21.346827
v -21.350000 0.451613 -21.346169
v -21.350000 1.248387 -19.453833
v -21.346193 1.248327 -19.450001
v -21.346827 1.250000 -19.453175
v -19.453175 0.450000 -19.453175
v -19.450001 0.451613 -19.453833
v -19.453808 0.451673 -19.450001
v -19.450001 1.248387 -21.346169
v -19.453808 1.248327 -21.350000
v -19.453175 1.250000 -21.346827
v -19.453175 1.250000 -19.453175
v -19.453833 1.248387 -19.450001
v -19.450001 1.248327 -19.453808
v -19.250000 0.000810 19.253637
v -19.253174 0.000000 19.253174
v -19.253656 0.000715 19.250000
v -21.546362 0.000810 19.250000
v -21.546825 0.000000 19.253174
v -21.549999 0.000715 19.253656
v -19.253637 0.449190 19.250000
v -19.253174 0.450000 19.253174
v -19.250000 0.449285 19.253656
v -21.546825 0.450000 21.546825
v -21.549999 0.449285 21.546343
v -21.546362 0.449190 21.549999
v -19.253174 0.450000 21.546825
v -19.253656 0.449285 21.549999
v -19.250000 0.449190 21.546362
v -21.546825 0.450000 19.253174
v -21.546343 0.449285 19.250000
v -21.549999 0.449190 19.253637
v -19.253637 0.000810 21.549999
v -19.253174 0.000000 21.546825
v -19.250000 0.000715 21.546343
v -21.546825 0.000000 21.546825
v -21.546343 0.000715 21.549999
v -21.549999 0.000810 21.546362
v -19.453175 0.450000 19.453175
v -19.453833 0.451613 19.450001
v -19.450001 0.451673 19.453808
v -21.350000 1.248327 19.453808
v -21.346827 1.250000 19.453175
v -21.346169 1.248387 19.450001
v -21.346193 0.451673 19.450001
v -21.346827 0.450000 19.453175
v -21.350000 0.451613 19.453833
v -21.346193 1.248327 21.350000
v -21.346827 1.250000 21.346827
v -21.350000 1.248387 21.346169
v -21.350000 0.451673 21.346193
v -21.346827 0.450000 21.346827
v -21.346169 0.451613 21.350000
v -19.450001 1.248387 19.453833
v -19.453808 1.248327 19.450001
v -19.453175 1.250000 19.453175
v -19.453175 1.250000 21.346827
v -19.453833 1.248387 21.350000
v -19.450001 1.248327 21.346193
v -19.453175 0.450000 21.346827
v -19.450001 0.451613 21.346169
v -19.453808 0.451673 21.350000
v 19.253174 0.450000 -21.546825
v 19.253656 0.449285 -21.549999
v 19.250000 0.449190 -21.546362
v 19.250000 0.000810 -19.253637
v 19.253174 0.000000 -19.253174
v 19.253656 0.000715 -19.250000
v 19.253174 0.450000 -19.253174
v 19.250000 0.449285 -19.253656
v 19.253637 0.449190 -19.250000
v 21.546362 0.449190 -21.549999
v 21.546825 0.450000 -21.546825
v 21.549999 0.449285 -21.546343
v 21.549999 0.000810 -21.546362
v 21.546825 0.000000 -21.546825
v 21.546343 0.000715 -21.549999
v 21.546825 0.450000 -19.253174
v 21.546343 0.449285 -19.250000
v 21.549999 0.449190 -19.253637
v 19.253637 0.000810 -21.549999
v 19.253174 0.000000 -21.546825
v 19.250000 0.000715 -21.546343
v 21.549999 0.000715 -19.253656
v 21.546362 0.000810 -19.250000
v 21.546825 0.000000 -19.253174
v 19.450001 1.248327 -21.346193
v 19.453175 1.250000 -21.346827
v 19.453833 1.248387 -21.350000
v 21.346827 0.450000 -21.346827
v 21.346169 0.451613 -21.350000
v 21.350000 0.451673 -21.346193
v 19.453808 0.451673 -21.350000
v 19.453175 0.450000 -21.346827
v 19.450001 0.451613 -21.346169
v 21.346827 1.250000 -19.453175
v 21.346169 1.248387 -19.450001
v 21.350000 1.248327 -19.453808
v 21.350000 1.248387 -21.346169
v 21.346193 1.248327 -21.350000
v 21.346827 1.250000 -21.346827
v 21.346827 0.450000 -19.453175
v 21.350000 0.451613 -19.453833
v 21.346193 0.451673 -19.450001
v 19.450001 1.248387 -19.453833
v 19.453808 1.248327 -19.450001
v 19.453175 1.250000 -19.453175
v 19.453175 0.450000 -19.453175
v 19.453833 0.451613 -19.450001
v 19.450001 0.451673 -19.453808
v 21.549999 0.000810 19.253637
v 21.546825 0.000000 19.253174
v 21.546343 0.000715 19.250000
v 19.253174 0.450000 21.546825
v 19.250000 0.449285 21.546343
v 19.253637 0.449190 21.549999
v 21.549999 0.449190 21.546362
v 21.546825 0.450000 21.546825
v 21.546343 0.449285 21.549999
v 21.546362 0.000810 21.549999
v 21.546825 0.000000 21.546825
v 21.549999 0.000715 21.546343
v 19.253174 0.450000 19.253174
v 19.253656 0.449285 19.250000
v 19.250000 0.449190 19.253637
v 21.546362 0.449190 19.250000
v 21.546825 0.450000 19.253174
v 21.549999 0.449285 19.253656
v 19.253637 0.000810 19.250000
v 19.253174 0.000000 19.253174
v 19.250000 0.000715 19.253656
v 19.250000 0.000810 21.546362
v 19.253174 0.000000 21.546825
v 19.253656 0.000715 21.549999
v 19.450001 1.248327 19.453808
v 19.453175 1.250000 19.453175
v 19.453833 1.248387 19.450001
v 21.346827 1.250000 21.346827
v 21.346169 1.248387 21.350000
v 21.350000 1.248327 21.346193
v 19.453175 0.450000 21.346827
v 19.453833 0.451613 21.350000
v 19.450001 0.451673 21.346193
v 19.450001 1.248387 21.346169
v 19.453808 1.248327 21.350000
v 19.453175 1.250000 21.346827
v 21.350000 1.248387 19.453833
v 21.346193 1.248327 19.450001
v 21.346827 1.250000 19.453175
v 21.350000 0.451673 19.453808
v 21.346827 0.450000 19.453175
v 21.346169 0.451613 19.450001
v 21.350000 0.451613 21.346169
v 21.346193 0.451673 21.350000
v 21.346827 0.450000 21.346827
v 19.453808 0.451673 19.450001
v 19.453175 0.450000 19.453175
v 19.450001 0.451613 19.453833
v -14.346826 0.433175 -19.660000
v -14.346297 0.430000 -19.659163
v -14.350000 0.430856 -19.656290
v -12.053683 0.550000 -19.140926
v -12.053175 0.546825 -19.139999
v -12.050000 0.549055 -19.143688
v -14.346297 0.550000 -19.140837
v -14.350000 0.549144 -19.143709
v -14.346826 0.546825 -19.139999
v -14.350000 0.430945 -19.143688
v -14.346317 0.430000 -19.140926
v -14.346826 0.433175 -19.139999
v -12.053175 0.546825 -19.660000
v -12.053703 0.550000 -19.659163
v -12.050000 0.549144 -19.656290
v -12.050000 0.430856 -19.143709
v -12.053175 0.433175 -19.139999
v -12.053703 0.430000 -19.140837
v -14.346317 0.550000 -19.659073
v -14.346826 0.546825 -19.660000
v -14.350000 0.549055 -19.656311
v -12.050000 0.430945 -19.656311
v -12.053683 0.430000 -19.659073
v -12.053175 0.433175 -19.660000
v -12.053175 0.640000 -19.211826
v -12.053721 0.640890 -19.215000
v -12.050000 0.643581 -19.214312
v -14.350000 1.186419 -19.214312
v -14.346826 1.190000 -19.211826
v -14.346279 1.189110 -19.215000
v -14.346826 0.640000 -19.128174
v -14.346279 0.640890 -19.125000
v -14.350000 0.643581 -19.125689
v -12.053175 1.190000 -19.128174
v -12.053721 1.189110 -19.125000
v -12.050000 1.186419 -19.125689
v -14.346300 0.640978 -19.215000
v -14.346826 0.640000 -19.211826
v -14.350000 0.643598 -19.214411
v -14.350000 1.186402 -19.125589
v -14.346300 1.189022 -19.125000
v -14.346826 1.190000 -19.128174
v -12.050000 1.186402 -19.214411
v -12.053700 1.189022 -19.215000
v -12.053175 1.190000 -19.211826
v -12.053175 0.640000 -19.128174
v -12.050000 0.643598 -19.125589
v -12.053700 0.640978 -19.125000
v -14.064137 0.003659 -19.629999
v -14.064284 0.000000 -19.626343
v -14.065000 0.003064 -19.626720
v -13.975810 0.430000 -19.173637
v -13.975770 0.426322 -19.170000
v -13.975000 0.426932 -19.173273
v -14.065000 0.003068 -19.173273
v -14.064190 0.000000 -19.173637
v -14.064230 0.003678 -19.170000
v -14.065000 0.426936 -19.173279
v -14.064137 0.426342 -19.170000
v -14.064284 0.430000 -19.173656
v -14.065000 0.426932 -19.626726
v -14.064190 0.430000 -19.626362
v -14.064230 0.426322 -19.629999
v -13.975000 0.003064 -19.173279
v -13.975863 0.003659 -19.170000
v -13.975716 0.000000 -19.173656
v -13.975000 0.003068 -19.626726
v -13.975810 0.000000 -19.626362
v -13.975770 0.003678 -19.629999
v -13.975863 0.426342 -19.629999
v -13.975716 0.430000 -19.626343
v -13.975000 0.426936 -19.626720
v -12.425000 0.426932 -19.626726
v -12.424191 0.430000 -19.626362
v -12.424231 0.426322 -19.629999
v -12.424138 0.426341 -19.170000
v -12.424285 0.430000 -19.173656
v -12.425000 0.426936 -19.173279
v -12.425000 0.003068 -19.173273
v -12.424191 0.000000 -19.173637
v -12.424231 0.003678 -19.170000
v -12.335810 0.430000 -19.173637
v -12.335770 0.426322 -19.170000
v -12.335000 0.426932 -19.173273
v -12.335000 0.003064 -19.173279
v -12.335862 0.003659 -19.170000
v -12.335715 0.000000 -19.173656
v -12.335000 0.003068 -19.626726
v -12.335810 0.000000 -19.626362
v -12.335770 0.003678 -19.629999
v -12.335000 0.426936 -19.626720
v -12.335862 0.426341 -19.629999
v -12.335715 0.430000 -19.626343
v -12.424138 0.003659 -19.629999
v -12.424285 0.000000 -19.626343
v -12.425000 0.003064 -19.626720
v 14.350000 0.430945 -19.656311
v 14.346317 0.430000 -19.659073
v 14.346826 0.433175 -19.660000
v 14.346317 0.550000 -19.140926
v 14.346826 0.546825 -19.139999
v 14.350000 0.549055 -19.143688
v 12.053703 0.550000 -19.140837
v 12.050000 0.549144 -19.143709
v 12.053175 0.546825 -19.139999
v 14.346826 0.546825 -19.660000
v 14.346297 0.550000 -19.659163
v 14.350000 0.549144 -19.656290
v 14.350000 0.430856 -19.143709
v 14.346826 0.433175 -19.139999
v 14.346297 0.430000 -19.140837
v 12.053683 0.550000 -19.659073
v 12.053175 0.546825 -19.660000
v 12.050000 0.549055 -19.656311
v 12.050000 0.430856 -19.656290
v 12.053175 0.433175 -19.660000
v 12.053703 0.430000 -19.659163
v 12.053683 0.430000 -19.140926
v 12.053175 0.433175 -19.139999
v 12.050000 0.430945 -19.143688
v 14.346826 1.190000 -19.128174
v 14.346279 1.189110 -19.125000
v 14.350000 1.186419 -19.125689
v 12.053175 0.640000 -19.128174
v 12.053721 0.640890 -19.125000
v 12.050000 0.643581 -19.125689
v 14.346826 0.640000 -19.211826
v 14.346279 0.640890 -19.215000
v 14.350000 0.643581 -19.214312
v 12.050000 1.186402 -19.125589
v 12.053700 1.189022 -19.125000
v 12.053175 1.190000 -19.128174
v 14.346300 1.189022 -19.215000
v 14.346826 1.190000 -19.211826
v 14.350000 1.186402 -19.214411
v 12.050000 1.186419 -19.214312
v 12.053175 1.190000 -19.211826
v 12.053721 1.189110 -19.215000
v 12.053700 0.640978 -19.215000
v 12.053175 0.640000 -19.211826
v 12.050000 0.643598 -19.214411
v 14.346300 0.640978 -19.125000
v 14.346826 0.640000 -19.128174
v 14.350000 0.643598 -19.125589
v 12.335810 0.430000 -19.626362
v 12.335770 0.426322 -19.629999
v 12.335000 0.426932 -19.626726
v 12.424231 0.003678 -19.629999
v 12.425000 0.003068 -19.626726
v 12.424191 0.000000 -19.626362
v 12.335862 0.003659 -19.629999
v 12.335715 0.000000 -19.626343
v 12.335000 0.003064 -19.626720
v 12.424138 0.426341 -19.629999
v 12.424285 0.430000 -19.626343
v 12.425000 0.426936 -19.626720
v 12.335715 0.430000 -19.173656
v 12.335000 0.426936 -19.173279
v 12.335862 0.426341 -19.170000
v 12.424191 0.430000 -19.173637
v 12.424231 0.426322 -19.170000
v 12.425000 0.426932 -19.173273
v 12.425000 0.003064 -19.173279
v 12.424138 0.003659 -19.170000
v 12.424285 0.000000 -19.173656
v 12.335000 0.003068 -19.173273
v 12.335810 0.000000 -19.173637
v 12.335770 0.003678 -19.170000
v 14.064190 0.000000 -19.626362
v 14.064230 0.003678 -19.629999
v 14.065000 0.003068 -19.626726
v 13.975000 0.426932 -19.626726
v 13.975810 0.430000 -19.626362
v 13.975770 0.426322 -19.629999
v 13.975000 0.426936 -19.173279
v 13.975863 0.426342 -19.170000
v 13.975716 0.430000 -19.173656
v 13.975000 0.003064 -19.626720
v 13.975863 0.003659 -19.629999
v 13.975716 0.000000 -19.626343
v 13.975000 0.003068 -19.173273
v 13.975810 0.000000 -19.173637
v 13.975770 0.003678 -19.170000
v 14.065000 0.426932 -19.173273
v 14.064190 0.430000 -19.173637
v 14.064230 0.426322 -19.170000
v 14.064137 0.003659 -19.170000
v 14.064284 0.000000 -19.173656
v 14.065000 0.003064 -19.173279
v 14.065000 0.426936 -19.626720
v 14.064137 0.426342 -19.629999
v 14.064284 0.430000 -19.626343
v -3.449288 0.003175 -20.353436
v -3.453436 0.003175 -20.349287
v -3.452932 0.000000 -20.352932
v -3.550712 0.003175 -20.446564
v -3.546564 0.003175 -20.450712
v -3.546472 0.000000 -20.446472
v -3.497067 0.003175 -20.468784
v -3.498475 0.000000 -20.466318
v -3.502933 0.003175 -20.468784
v -3.453436 0.003175 -20.450712
v -3.449288 0.003175 -20.446564
v -3.450503 0.000000 -20.446365
v -3.432408 0.000000 -20.402483
v -3.431215 0.003175 -20.402933
v -3.431215 0.003175 -20.397066
v -3.568785 0.846825 -20.397066
v -3.565722 0.850000 -20.400000
v -3.568785 0.846825 -20.402933
v -3.453436 0.846825 -20.450712
v -3.453961 0.850000 -20.449551
v -3.449288 0.846825 -20.446564
v -3.431215 0.846825 -20.402933
v -3.433436 0.850000 -20.400000
v -3.431215 0.846825 -20.397066
v -3.502933 0.846825 -20.468784
v -3.497786 0.850000 -20.467785
v -3.497067 0.846825 -20.468784
v -3.546564 0.846825 -20.450712
v -3.550712 0.846825 -20.446564
v -3.545817 0.850000 -20.447973
v -3.568785 0.003175 -20.402933
v -3.566319 0.000000 -20.398476
v -3.568785 0.003175 -20.397066
v -3.546564 0.846825 -20.349287
v -3.545817 0.850000 -20.352026
v -3.550712 0.846825 -20.353436
v -3.546564 0.003175 -20.349287
v -3.550712 0.003175 -20.353436
v -3.546366 0.000000 -20.350502
v -3.502933 0.846825 -20.331215
v -3.497067 0.846825 -20.331215
v -3.497786 0.850000 -20.332214
v -3.502484 0.000000 -20.332407
v -3.497067 0.003175 -20.331215
v -3.502933 0.003175 -20.331215
v -3.453961 0.850000 -20.350449
v -3.453436 0.846825 -20.349287
v -3.449288 0.846825 -20.353436
v 3.497516 0.000000 -20.332407
v 3.502933 0.003175 -20.331215
v 3.497067 0.003175 -20.331215
v 3.431215 0.003175 -20.397066
v 3.431215 0.003175 -20.402933
v 3.433681 0.000000 -20.398476
v 3.453436 0.003175 -20.450712
v 3.453528 0.000000 -20.446472
v 3.449288 0.003175 -20.446564
v 3.497067 0.003175 -20.468784
v 3.502933 0.003175 -20.468784
v 3.501525 0.000000 -20.466318
v 3.550712 0.003175 -20.353436
v 3.546564 0.003175 -20.349287
v 3.547068 0.000000 -20.352932
v 3.502933 0.846825 -20.468784
v 3.497067 0.846825 -20.468784
v 3.502214 0.850000 -20.467785
v 3.568785 0.846825 -20.402933
v 3.566564 0.850000 -20.400000
v 3.568785 0.846825 -20.397066
v 3.431215 0.846825 -20.402933
v 3.431215 0.846825 -20.397066
v 3.434278 0.850000 -20.400000
v 3.567592 0.000000 -20.402483
v 3.568785 0.003175 -20.402933
v 3.568785 0.003175 -20.397066
v 3.546039 0.850000 -20.449551
v 3.550712 0.846825 -20.446564
v 3.546564 0.846825 -20.450712
v 3.546564 0.003175 -20.450712
v 3.550712 0.003175 -20.446564
v 3.549497 0.000000 -20.446365
v 3.449288 0.846825 -20.446564
v 3.454183 0.850000 -20.447973
v 3.453436 0.846825 -20.450712
v 3.453436 0.003175 -20.349287
v 3.449288 0.003175 -20.353436
v 3.453634 0.000000 -20.350502
v 3.502214 0.850000 -20.332214
v 3.497067 0.846825 -20.331215
v 3.502933 0.846825 -20.331215
v 3.449288 0.846825 -20.353436
v 3.453436 0.846825 -20.349287
v 3.454183 0.850000 -20.352026
v 3.546564 0.846825 -20.349287
v 3.550712 0.846825 -20.353436
v 3.546039 0.850000 -20.350449
v 13.403803 3.160000 -18.748222
v 13.403174 3.156826 -18.750000
v 13.400000 3.156826 -18.746826
v 13.403828 3.160000 -16.051722
v 13.400000 3.156826 -16.053173
v 13.403174 3.156826 -16.049999
v 13.400000 3.003175 -16.053173
v 13.403803 3.000000 -16.051777
v 13.403174 3.003175 -16.049999
v 19.396826 3.156826 -18.750000
v 19.396172 3.160000 -18.748278
v 19.400000 3.156826 -18.746826
v 19.400000 3.003175 -18.746826
v 19.396196 3.000000 -18.748222
v 19.396826 3.003175 -18.750000
v 19.396196 3.160000 -16.051777
v 19.396826 3.156826 -16.049999
v 19.400000 3.156826 -16.053173
v 13.403174 3.003175 -18.750000
v 13.403828 3.000000 -18.748278
v 13.400000 3.003175 -18.746826
v 19.400000 3.003175 -16.053173
v 19.396826 3.003175 -16.049999
v 19.396172 3.000000 -16.051722
v 13.820000 2.996825 -16.592827
v 13.823174 3.000000 -16.592827
v 13.823174 2.996825 -16.596001
v 13.823174 0.000000 -16.479174
v 13.823174 0.003175 -16.476000
v 13.820000 0.003175 -16.479174
v 13.940000 2.996825 -16.479174
v 13.936825 3.000000 -16.479174
v 13.936825 2.996825 -16.476000
v 13.936825 0.003175 -16.476000
v 13.936825 0.000000 -16.479174
v 13.940000 0.003175 -16.479174
v 13.820000 2.996825 -16.479174
v 13.823174 2.996825 -16.476000
v 13.823174 3.000000 -16.479174
v 13.936825 0.000000 -16.592827
v 13.936825 0.003175 -16.596001
v 13.940000 0.003175 -16.592827
v 13.940000 2.996825 -16.592827
v 13.936825 2.996825 -16.596001
v 13.936825 3.000000 -16.592827
v 13.823174 0.003175 -16.596001
v 13.823174 0.000000 -16.592827
v 13.820000 0.003175 -16.592827
v 18.980000 0.003175 -16.592827
v 18.976826 0.000000 -16.592827
v 18.976826 0.003175 -16.596001
v 18.863174 3.000000 -16.479174
v 18.860001 2.996825 -16.479174
v 18.863174 2.996825 -16.476000
v 18.980000 2.996825 -16.592827
v 18.976826 2.996825 -16.596001
v 18.976826 3.000000 -16.592827
v 18.980000 2.996825 -16.479174
v 18.976826 3.000000 -16.479174
v 18.976826 2.996825 -16.476000
v 18.863174 3.000000 -16.592827
v 18.863174 2.996825 -16.596001
v 18.860001 2.996825 -16.592827
v 18.860001 0.003175 -16.592827
v 18.863174 0.003175 -16.596001
v 18.863174 0.000000 -16.592827
v 18.976826 0.003175 -16.476000
v 18.976826 0.000000 -16.479174
v 18.980000 0.003175 -16.479174
v 18.860001 0.003175 -16.479174
v 18.863174 0.000000 -16.479174
v 18.863174 0.003175 -16.476000
v 14.418893 0.003175 -17.885256
v 14.414745 0.003175 -17.881107
v 14.415249 0.000000 -17.884752
v 14.376215 0.003175 -17.897066
v 14.376215 0.003175 -17.902933
v 14.378681 0.000000 -17.898476
v 14.397067 0.003175 -17.923784
v 14.402932 0.003175 -17.923784
v 14.401525 0.000000 -17.921318
v 14.422593 0.000000 -17.902483
v 14.423785 0.003175 -17.902933
v 14.423785 0.003175 -17.897066
v 14.402932 0.696825 -17.923784
v 14.397067 0.696825 -17.923784
v 14.402213 0.700000 -17.922785
v 14.423280 0.697035 -17.901190
v 14.421564 0.700000 -17.900000
v 14.423785 0.696825 -17.897066
v 14.421825 0.699370 -17.900000
v 14.423785 0.702933 -17.896826
v 14.423785 0.697067 -17.896826
v 14.381107 0.696825 -17.885256
v 14.385255 0.696825 -17.881107
v 14.386003 0.700000 -17.883846
v 14.418893 0.003175 -17.914743
v 14.417678 0.000000 -17.914547
v 14.414745 0.003175 -17.918892
v 14.414745 0.696825 -17.918892
v 14.414220 0.700000 -17.917730
v 14.418893 0.696825 -17.914743
v 14.385255 0.003175 -17.918892
v 14.385347 0.000000 -17.914652
v 14.381107 0.003175 -17.914743
v 14.381107 0.696825 -17.914743
v 14.386003 0.700000 -17.916153
v 14.385255 0.696825 -17.918892
v 14.385255 0.003175 -17.881107
v 14.381107 0.003175 -17.885256
v 14.385453 0.000000 -17.882322
v 14.397515 0.000000 -17.877407
v 14.402932 0.003175 -17.876215
v 14.397067 0.003175 -17.876215
v 14.402213 0.700000 -17.877214
v 14.397067 0.696825 -17.876215
v 14.402932 0.696825 -17.876215
v 14.414745 0.696825 -17.881107
v 14.418893 0.696825 -17.885256
v 14.414220 0.700000 -17.882269
v 14.397067 0.676215 -17.896826
v 14.401525 0.678681 -17.900000
v 14.402932 0.676215 -17.896826
v 14.414745 0.718892 -17.896826
v 14.418893 0.714745 -17.896826
v 14.415249 0.715248 -17.900000
v 14.385255 0.681108 -17.896826
v 14.381107 0.685255 -17.896826
v 14.385347 0.685348 -17.900000
v 14.397067 0.723785 -17.203175
v 14.400000 0.721564 -17.200001
v 14.402932 0.723785 -17.203175
v 14.417731 0.714219 -17.200001
v 14.418893 0.714745 -17.203175
v 14.414745 0.718892 -17.203175
v 14.397516 0.722592 -17.900000
v 14.397067 0.723785 -17.896826
v 14.402932 0.723785 -17.896826
v 14.381107 0.714745 -17.203175
v 14.382269 0.714219 -17.200001
v 14.385255 0.718892 -17.203175
v 14.385255 0.718893 -17.896826
v 14.385453 0.717678 -17.900000
v 14.381107 0.714745 -17.896826
v 14.376215 0.697067 -17.203175
v 14.377213 0.702214 -17.200001
v 14.376215 0.702933 -17.203175
v 14.372243 0.703692 -17.897036
v 14.371564 0.700000 -17.900000
v 14.373785 0.703953 -17.902933
v 14.373963 0.697067 -17.897495
v 14.376215 0.702933 -17.896826
v 14.378680 0.701525 -17.900000
v 14.381107 0.685255 -17.203175
v 14.385255 0.681107 -17.203175
v 14.383847 0.686003 -17.200001
v 14.414745 0.681108 -17.203175
v 14.418893 0.685255 -17.203175
v 14.416153 0.686003 -17.200001
v 14.400000 0.679278 -17.200001
v 14.397067 0.676215 -17.203175
v 14.402932 0.676215 -17.203175
v 14.418893 0.685255 -17.896826
v 14.414745 0.681108 -17.896826
v 14.417678 0.685453 -17.900000
v 14.423785 0.697067 -17.203175
v 14.423785 0.702933 -17.203175
v 14.422787 0.702214 -17.200001
v 15.201525 0.000000 -17.921318
v 15.197067 0.003175 -17.923784
v 15.202932 0.003175 -17.923784
v 15.214746 0.003175 -17.918892
v 15.218893 0.003175 -17.914743
v 15.217678 0.000000 -17.914547
v 15.218893 0.003175 -17.885256
v 15.214746 0.003175 -17.881107
v 15.215249 0.000000 -17.884752
v 15.181108 0.696825 -17.885256
v 15.185255 0.696825 -17.881107
v 15.185836 0.700000 -17.883778
v 15.202121 0.700000 -17.877121
v 15.197067 0.696825 -17.876215
v 15.202932 0.696825 -17.876215
v 15.222593 0.000000 -17.902483
v 15.223785 0.003175 -17.902933
v 15.223785 0.003175 -17.897066
v 15.214220 0.700000 -17.917730
v 15.218893 0.696825 -17.914743
v 15.214746 0.696825 -17.918892
v 15.202932 0.696825 -17.923784
v 15.197067 0.696825 -17.923784
v 15.202213 0.700000 -17.922785
v 15.185255 0.003175 -17.918892
v 15.185348 0.000000 -17.914652
v 15.181108 0.003175 -17.914743
v 15.181108 0.696825 -17.914743
v 15.186003 0.700000 -17.916153
v 15.185255 0.696825 -17.918892
v 15.176215 0.003175 -17.897066
v 15.176215 0.003175 -17.902933
v 15.178681 0.000000 -17.898476
v 15.185255 0.003175 -17.881107
v 15.181108 0.003175 -17.885256
v 15.185453 0.000000 -17.882322
v 15.197515 0.000000 -17.877407
v 15.202932 0.003175 -17.876215
v 15.197067 0.003175 -17.876215
v 15.214746 0.696825 -17.881107
v 15.218893 0.696825 -17.885256
v 15.214194 0.700000 -17.882206
v 15.223298 0.697035 -17.901144
v 15.221564 0.700000 -17.900000
v 15.223785 0.696825 -17.897066
v 15.221826 0.699370 -17.900000
v 15.223785 0.702933 -17.896826
v 15.223785 0.697067 -17.896826
v 15.218893 0.685255 -17.896826
v 15.214746 0.681108 -17.896826
v 15.217678 0.685322 -17.900000
v 15.214746 0.718892 -17.896826
v 15.218893 0.714745 -17.896826
v 15.215249 0.715248 -17.900000
v 15.198006 0.722390 -17.900000
v 15.197067 0.723785 -17.896826
v 15.202932 0.723785 -17.896826
v 15.181108 0.685255 -17.203175
v 15.185255 0.681107 -17.203175
v 15.183847 0.686003 -17.200001
v 15.218893 0.685255 -17.203175
v 15.216153 0.686003 -17.200001
v 15.214746 0.681108 -17.203175
v 15.223785 0.697067 -17.203175
v 15.223785 0.702933 -17.203175
v 15.222787 0.702214 -17.200001
v 15.202932 0.723785 -17.203175
v 15.197067 0.723785 -17.203175
v 15.200000 0.721564 -17.200001
v 15.217731 0.714219 -17.200001
v 15.218893 0.714745 -17.203175
v 15.214746 0.718892 -17.203175
v 15.185255 0.718893 -17.896826
v 15.186470 0.717678 -17.900000
v 15.181108 0.714745 -17.896826
v 15.181108 0.714745 -17.203175
v 15.182269 0.714219 -17.200001
v 15.185255 0.718892 -17.203175
v 15.171564 0.700000 -17.900000
v 15.173785 0.697067 -17.903807
v 15.174348 0.701573 -17.886761
v 15.176215 0.696825 -17.902933
v 15.176215 0.696825 -17.897066
v 15.179067 0.700000 -17.900000
v 15.181108 0.685255 -17.896826
v 15.185198 0.685197 -17.900000
v 15.185255 0.681108 -17.896826
v 15.176215 0.697067 -17.203175
v 15.177214 0.702214 -17.200001
v 15.176215 0.702933 -17.203175
v 15.202932 0.676215 -17.203175
v 15.200000 0.679278 -17.200001
v 15.197067 0.676215 -17.203175
v 15.197067 0.676215 -17.896826
v 15.201455 0.678514 -17.900000
v 15.202932 0.676215 -17.896826
v 16.018892 0.003175 -17.885256
v 16.014744 0.003175 -17.881107
v 16.015247 0.000000 -17.884752
v 15.985255 0.003175 -17.881107
v 15.981108 0.003175 -17.885256
v 15.985454 0.000000 -17.882322
v 15.976215 0.003175 -17.897066
v 15.976215 0.003175 -17.902933
v 15.978681 0.000000 -17.898476
v 15.981108 0.696825 -17.914743
v 15.986003 0.700000 -17.916153
v 15.985255 0.696825 -17.918892
v 16.018892 0.003175 -17.914743
v 16.017677 0.000000 -17.914547
v 16.014744 0.003175 -17.918892
v 16.014744 0.696825 -17.918892
v 16.014217 0.700000 -17.917730
v 16.018892 0.696825 -17.914743
v 15.997067 0.003175 -17.923784
v 16.002934 0.003175 -17.923784
v 16.001524 0.000000 -17.921318
v 16.002934 0.696825 -17.923784
v 15.997067 0.696825 -17.923784
v 16.002214 0.700000 -17.922785
v 15.985255 0.003175 -17.918892
v 15.985348 0.000000 -17.914652
v 15.981108 0.003175 -17.914743
v 15.972243 0.703692 -17.897036
v 15.971564 0.700000 -17.900000
v 15.973785 0.703953 -17.902933
v 15.973964 0.697067 -17.897495
v 15.976215 0.702933 -17.896826
v 15.978681 0.701525 -17.900000
v 15.981108 0.696825 -17.885256
v 15.985255 0.696825 -17.881107
v 15.986003 0.700000 -17.883846
v 15.997067 0.003175 -17.876215
v 15.997517 0.000000 -17.877407
v 16.002934 0.003175 -17.876215
v 16.002934 0.696825 -17.876215
v 16.002214 0.700000 -17.877214
v 15.997067 0.696825 -17.876215
v 16.014744 0.696825 -17.881107
v 16.018892 0.696825 -17.885256
v 16.014217 0.700000 -17.882269
v 16.022593 0.000000 -17.902483
v 16.023785 0.003175 -17.902933
v 16.023785 0.003175 -17.897066
v 16.018892 0.685255 -17.896826
v 16.014744 0.681107 -17.896826
v 16.017677 0.685453 -17.900000
v 16.014744 0.718893 -17.896826
v 16.018892 0.714745 -17.896826
v 16.015247 0.715248 -17.900000
v 15.997067 0.723785 -17.203175
v 16.000000 0.721564 -17.200001
v 16.002934 0.723785 -17.203175
v 15.976215 0.697067 -17.203175
v 15.977214 0.702214 -17.200001
v 15.976215 0.702933 -17.203175
v 15.985255 0.718893 -17.896826
v 15.985454 0.717678 -17.900000
v 15.981108 0.714745 -17.896826
v 15.981108 0.714745 -17.203175
v 15.982269 0.714219 -17.200001
v 15.985255 0.718892 -17.203175
v 15.985255 0.681108 -17.896826
v 15.981108 0.685255 -17.896826
v 15.985348 0.685348 -17.900000
v 15.981108 0.685255 -17.203175
v 15.985255 0.681107 -17.203175
v 15.983848 0.686003 -17.200001
v 15.997067 0.676215 -17.896826
v 16.001524 0.678681 -17.900000
v 16.002934 0.676215 -17.896826
v 16.002934 0.676215 -17.203175
v 16.000000 0.679279 -17.200001
v 15.997067 0.676215 -17.203175
v 16.018892 0.685255 -17.203175
v 16.016153 0.686003 -17.200001
v 16.014744 0.681107 -17.203175
v 16.021826 0.700000 -17.899364
v 16.023785 0.697067 -17.896826
v 16.022593 0.697516 -17.900000
v 16.024393 0.701465 -17.897558
v 16.023785 0.696825 -17.897066
v 16.023785 0.696825 -17.902933
v 16.023785 0.702933 -17.203175
v 16.022785 0.702214 -17.200001
v 16.023785 0.697067 -17.203175
v 15.997518 0.722592 -17.900000
v 15.997067 0.723785 -17.896826
v 16.002934 0.723785 -17.896826
v 16.017731 0.714219 -17.200001
v 16.018892 0.714745 -17.203175
v 16.014744 0.718893 -17.203175
v 16.785255 0.003175 -17.881107
v 16.781107 0.003175 -17.885256
v 16.785454 0.000000 -17.882322
v 16.822594 0.000000 -17.902483
v 16.823786 0.003175 -17.902933
v 16.823786 0.003175 -17.897066
v 16.797066 0.696825 -17.923784
v 16.802214 0.700000 -17.922785
v 16.802933 0.696825 -17.923784
v 16.785255 0.696825 -17.918892
v 16.781107 0.696825 -17.914743
v 16.786003 0.700000 -17.916153
v 16.823278 0.697035 -17.901190
v 16.821564 0.700000 -17.900000
v 16.823786 0.696825 -17.897066
v 16.821827 0.699365 -17.900000
v 16.823786 0.702933 -17.896826
v 16.823786 0.697067 -17.896826
v 16.802214 0.700000 -17.877214
v 16.797066 0.696825 -17.876215
v 16.802933 0.696825 -17.876215
v 16.814745 0.003175 -17.918892
v 16.818893 0.003175 -17.914743
v 16.817678 0.000000 -17.914547
v 16.818893 0.696825 -17.914743
v 16.814745 0.696825 -17.918892
v 16.814220 0.700000 -17.917730
v 16.797066 0.003175 -17.923784
v 16.802933 0.003175 -17.923784
v 16.801523 0.000000 -17.921318
v 16.785255 0.003175 -17.918892
v 16.785347 0.000000 -17.914652
v 16.781107 0.003175 -17.914743
v 16.772242 0.703691 -17.897036
v 16.771563 0.700000 -17.900000
v 16.773785 0.703953 -17.902933
v 16.773964 0.697067 -17.897495
v 16.776215 0.702933 -17.896826
v 16.778681 0.701525 -17.900000
v 16.776215 0.003175 -17.897066
v 16.776215 0.003175 -17.902933
v 16.778681 0.000000 -17.898476
v 16.781107 0.696825 -17.885256
v 16.785255 0.696825 -17.881107
v 16.786003 0.700000 -17.883846
v 16.797516 0.000000 -17.877407
v 16.802933 0.003175 -17.876215
v 16.797066 0.003175 -17.876215
v 16.814745 0.696825 -17.881107
v 16.818893 0.696825 -17.885256
v 16.814220 0.700000 -17.882269
v 16.818893 0.003175 -17.885256
v 16.814745 0.003175 -17.881107
v 16.815248 0.000000 -17.884752
v 16.814745 0.718893 -17.896826
v 16.818893 0.714745 -17.896826
v 16.815248 0.715248 -17.900000
v 16.818893 0.685255 -17.896826
v 16.814745 0.681108 -17.896826
v 16.817678 0.685453 -17.900000
v 16.785255 0.681107 -17.896826
v 16.781107 0.685255 -17.896826
v 16.785347 0.685348 -17.900000
v 16.776215 0.697067 -17.203175
v 16.777214 0.702214 -17.200001
v 16.776215 0.702933 -17.203175
v 16.781107 0.685255 -17.203175
v 16.785255 0.681107 -17.203175
v 16.783846 0.686003 -17.200001
v 16.797066 0.723785 -17.203175
v 16.799999 0.721564 -17.200001
v 16.802933 0.723785 -17.203175
v 16.823786 0.697067 -17.203175
v 16.823786 0.702933 -17.203175
v 16.822786 0.702214 -17.200001
v 16.817732 0.714219 -17.200001
v 16.818893 0.714745 -17.203175
v 16.814745 0.718892 -17.203175
v 16.781107 0.714745 -17.203175
v 16.782269 0.714219 -17.200001
v 16.785255 0.718893 -17.203175
v 16.797516 0.722592 -17.900000
v 16.797066 0.723785 -17.896826
v 16.802933 0.723785 -17.896826
v 16.785255 0.718893 -17.896826
v 16.785454 0.717678 -17.900000
v 16.781107 0.714745 -17.896826
v 16.797066 0.676215 -17.896826
v 16.801523 0.678681 -17.900000
v 16.802933 0.676215 -17.896826
v 16.802933 0.676215 -17.203175
v 16.799999 0.679278 -17.200001
v 16.797066 0.676215 -17.203175
v 16.818893 0.685255 -17.203175
v 16.816154 0.686003 -17.200001
v 16.814745 0.681107 -17.203175
v 17.585257 0.003175 -17.881107
v 17.581108 0.003175 -17.885256
v 17.585453 0.000000 -17.882322
v 17.576216 0.003175 -17.897066
v 17.576216 0.003175 -17.902933
v 17.578682 0.000000 -17.898476
v 17.614744 0.003175 -17.918892
v 17.618893 0.003175 -17.914743
v 17.617678 0.000000 -17.914547
v 17.622593 0.000000 -17.902483
v 17.623785 0.003175 -17.902933
v 17.623785 0.003175 -17.897066
v 17.602934 0.696825 -17.923784
v 17.597067 0.696825 -17.923784
v 17.602215 0.700000 -17.922785
v 17.623299 0.697035 -17.901144
v 17.621563 0.700000 -17.900000
v 17.623785 0.696825 -17.897066
v 17.621826 0.699365 -17.900000
v 17.623785 0.702933 -17.896826
v 17.623785 0.697067 -17.896826
v 17.602934 0.696825 -17.876215
v 17.602121 0.700000 -17.877121
v 17.597067 0.696825 -17.876215
v 17.618893 0.696825 -17.914743
v 17.614744 0.696825 -17.918892
v 17.614218 0.700000 -17.917730
v 17.585257 0.003175 -17.918892
v 17.585348 0.000000 -17.914652
v 17.581108 0.003175 -17.914743
v 17.597067 0.003175 -17.923784
v 17.602934 0.003175 -17.923784
v 17.601524 0.000000 -17.921318
v 17.581108 0.696825 -17.914743
v 17.586004 0.700000 -17.916153
v 17.585257 0.696825 -17.918892
v 17.581108 0.696825 -17.885256
v 17.585257 0.696825 -17.881107
v 17.585836 0.700000 -17.883778
v 17.597517 0.000000 -17.877407
v 17.602934 0.003175 -17.876215
v 17.597067 0.003175 -17.876215
v 17.614193 0.700000 -17.882206
v 17.614744 0.696825 -17.881107
v 17.618893 0.696825 -17.885256
v 17.618893 0.003175 -17.885256
v 17.614744 0.003175 -17.881107
v 17.615248 0.000000 -17.884752
v 17.614744 0.718893 -17.896826
v 17.618893 0.714745 -17.896826
v 17.615248 0.715248 -17.900000
v 17.618893 0.685255 -17.896826
v 17.614744 0.681107 -17.896826
v 17.617678 0.685322 -17.900000
v 17.581108 0.685255 -17.896826
v 17.585197 0.685198 -17.900000
v 17.585257 0.681107 -17.896826
v 17.571564 0.700000 -17.900000
v 17.573786 0.697067 -17.903807
v 17.574348 0.701572 -17.886759
v 17.576216 0.696825 -17.902933
v 17.576216 0.696825 -17.897066
v 17.579067 0.700000 -17.900000
v 17.598007 0.722390 -17.900000
v 17.597067 0.723785 -17.896826
v 17.602934 0.723785 -17.896826
v 17.602934 0.676215 -17.203175
v 17.600000 0.679279 -17.200001
v 17.597067 0.676215 -17.203175
v 17.618893 0.685255 -17.203175
v 17.616154 0.686003 -17.200001
v 17.614744 0.681107 -17.203175
v 17.602934 0.723785 -17.203175
v 17.597067 0.723785 -17.203175
v 17.600000 0.721564 -17.200001
v 17.623785 0.702933 -17.203175
v 17.622786 0.702214 -17.200001
v 17.623785 0.697067 -17.203175
v 17.614744 0.718893 -17.203175
v 17.617731 0.714219 -17.200001
v 17.618893 0.714745 -17.203175
v 17.581108 0.714745 -17.203175
v 17.582270 0.714219 -17.200001
v 17.585257 0.718893 -17.203175
v 17.585257 0.718893 -17.896826
v 17.586472 0.717678 -17.900000
v 17.581108 0.714745 -17.896826
v 17.581108 0.685255 -17.203175
v 17.585257 0.681107 -17.203175
v 17.583847 0.686003 -17.200001
v 17.576216 0.697067 -17.203175
v 17.577215 0.702214 -17.200001
v 17.576216 0.702933 -17.203175
v 17.597067 0.676215 -17.896826
v 17.601456 0.678514 -17.900000
v 17.602934 0.676215 -17.896826
v 18.385256 0.003175 -17.881107
v 18.381107 0.003175 -17.885256
v 18.385452 0.000000 -17.882322
v 18.376215 0.003175 -17.897066
v 18.376215 0.003175 -17.902933
v 18.378681 0.000000 -17.898476
v 18.418892 0.003175 -17.885256
v 18.414743 0.003175 -17.881107
v 18.415247 0.000000 -17.884752
v 18.423784 0.003175 -17.897066
v 18.422592 0.000000 -17.902483
v 18.423784 0.003175 -17.902933
v 18.381107 0.696825 -17.914743
v 18.386003 0.700000 -17.916153
v 18.385256 0.696825 -17.918892
v 18.418892 0.696825 -17.914743
v 18.414743 0.696825 -17.918892
v 18.414217 0.700000 -17.917730
v 18.414743 0.003175 -17.918892
v 18.418892 0.003175 -17.914743
v 18.417677 0.000000 -17.914547
v 18.402933 0.696825 -17.923784
v 18.397066 0.696825 -17.923784
v 18.402214 0.700000 -17.922785
v 18.397066 0.003175 -17.923784
v 18.402933 0.003175 -17.923784
v 18.401524 0.000000 -17.921318
v 18.385256 0.003175 -17.918892
v 18.385347 0.000000 -17.914652
v 18.381107 0.003175 -17.914743
v 18.381107 0.696825 -17.885256
v 18.385256 0.696825 -17.881107
v 18.385836 0.700000 -17.883778
v 18.397516 0.000000 -17.877407
v 18.402933 0.003175 -17.876215
v 18.397066 0.003175 -17.876215
v 18.414192 0.700000 -17.882206
v 18.414743 0.696825 -17.881107
v 18.418892 0.696825 -17.885256
v 18.402121 0.700000 -17.877121
v 18.397066 0.696825 -17.876215
v 18.402933 0.696825 -17.876215
v 18.423298 0.697035 -17.901144
v 18.421562 0.700000 -17.900000
v 18.423784 0.696825 -17.897066
v 18.421825 0.699365 -17.900000
v 18.423784 0.702933 -17.896826
v 18.423784 0.697067 -17.896826
v 18.418892 0.685255 -17.896826
v 18.414743 0.681107 -17.896826
v 18.417677 0.685322 -17.900000
v 18.414743 0.718893 -17.896826
v 18.418892 0.714745 -17.896826
v 18.415247 0.715248 -17.900000
v 18.376215 0.697067 -17.203175
v 18.377214 0.702214 -17.200001
v 18.376215 0.702933 -17.203175
v 18.381107 0.685255 -17.203175
v 18.385256 0.681107 -17.203175
v 18.383846 0.686003 -17.200001
v 18.397066 0.723785 -17.203175
v 18.400000 0.721564 -17.200001
v 18.402933 0.723785 -17.203175
v 18.381107 0.714745 -17.203175
v 18.382269 0.714219 -17.200001
v 18.385256 0.718893 -17.203175
v 18.385256 0.718893 -17.896826
v 18.386471 0.717678 -17.900000
v 18.381107 0.714745 -17.896826
v 18.371563 0.700000 -17.900000
v 18.373785 0.697067 -17.903807
v 18.374350 0.701573 -17.886759
v 18.376215 0.696825 -17.902933
v 18.376215 0.696825 -17.897066
v 18.379066 0.700000 -17.900000
v 18.381107 0.685255 -17.896826
v 18.385197 0.685198 -17.900000
v 18.385256 0.681107 -17.896826
v 18.397066 0.676215 -17.896826
v 18.401455 0.678514 -17.900000
v 18.402933 0.676215 -17.896826
v 18.418892 0.685255 -17.203175
v 18.416153 0.686003 -17.200001
v 18.414743 0.681107 -17.203175
v 18.402933 0.676215 -17.203175
v 18.400000 0.679279 -17.200001
v 18.397066 0.676215 -17.203175
v 18.423784 0.697067 -17.203175
v 18.423784 0.702933 -17.203175
v 18.422785 0.702214 -17.200001
v 18.398006 0.722390 -17.900000
v 18.397066 0.723785 -17.896826
v 18.402933 0.723785 -17.896826
v 18.417730 0.714219 -17.200001
v 18.418892 0.714745 -17.203175
v 18.414743 0.718893 -17.203175
v 19.185255 0.003175 -17.881107
v 19.181107 0.003175 -17.885256
v 19.185453 0.000000 -17.882322
v 19.185255 0.003175 -17.918892
v 19.185347 0.000000 -17.914652
v 19.181107 0.003175 -17.914743
v 19.218893 0.003175 -17.885256
v 19.214745 0.003175 -17.881107
v 19.215248 0.000000 -17.884752
v 19.202934 0.003175 -17.923784
v 19.201525 0.000000 -17.921318
v 19.197067 0.003175 -17.923784
v 19.214745 0.003175 -17.918892
v 19.218893 0.003175 -17.914743
v 19.217678 0.000000 -17.914547
v 19.202934 0.696825 -17.923784
v 19.197067 0.696825 -17.923784
v 19.202215 0.700000 -17.922785
v 19.181107 0.696825 -17.914743
v 19.186003 0.700000 -17.916153
v 19.185255 0.696825 -17.918892
v 19.181107 0.696825 -17.885256
v 19.185255 0.696825 -17.881107
v 19.186003 0.700000 -17.883846
v 19.202215 0.700000 -17.877214
v 19.197067 0.696825 -17.876215
v 19.202934 0.696825 -17.876215
v 19.214745 0.696825 -17.881107
v 19.218893 0.696825 -17.885256
v 19.214218 0.700000 -17.882269
v 19.218893 0.696825 -17.914743
v 19.214745 0.696825 -17.918892
v 19.214218 0.700000 -17.917730
v 19.176214 0.003175 -17.902933
v 19.178680 0.000000 -17.898476
v 19.176214 0.003175 -17.897066
v 19.178173 0.684041 -17.900000
v 19.173784 0.703953 -17.897066
v 19.171562 0.700000 -17.900000
v 19.176214 0.698667 -17.907370
v 19.176214 0.702933 -17.896826
v 19.178680 0.701525 -17.900000
v 19.197517 0.000000 -17.877407
v 19.202934 0.003175 -17.876215
v 19.197067 0.003175 -17.876215
v 19.222593 0.000000 -17.902483
v 19.223785 0.003175 -17.902933
v 19.223785 0.003175 -17.897066
v 19.223278 0.697035 -17.901190
v 19.221563 0.700000 -17.900000
v 19.223785 0.696825 -17.897066
v 19.221827 0.699365 -17.900000
v 19.223785 0.702933 -17.896826
v 19.223785 0.697067 -17.896826
v 19.197067 0.676215 -17.896826
v 19.201525 0.678681 -17.900000
v 19.202934 0.676215 -17.896826
v 19.176214 0.697067 -17.203175
v 19.177214 0.702214 -17.200001
v 19.176214 0.702933 -17.203175
v 19.181107 0.685255 -17.203175
v 19.185255 0.681108 -17.203175
v 19.183846 0.686003 -17.200001
v 19.218893 0.685255 -17.203175
v 19.216154 0.686003 -17.200001
v 19.214745 0.681107 -17.203175
v 19.197517 0.722592 -17.900000
v 19.197067 0.723785 -17.896826
v 19.202934 0.723785 -17.896826
v 19.185255 0.718892 -17.896826
v 19.185453 0.717678 -17.900000
v 19.181107 0.714745 -17.896826
v 19.181107 0.714745 -17.203175
v 19.182268 0.714219 -17.200001
v 19.185255 0.718893 -17.203175
v 19.185255 0.681107 -17.896826
v 19.181107 0.685255 -17.896826
v 19.185347 0.685348 -17.900000
v 19.202934 0.676215 -17.203175
v 19.200001 0.679278 -17.200001
v 19.197067 0.676215 -17.203175
v 19.218893 0.685255 -17.896826
v 19.214745 0.681107 -17.896826
v 19.217678 0.685453 -17.900000
v 19.223785 0.697067 -17.203175
v 19.223785 0.702933 -17.203175
v 19.222786 0.702214 -17.200001
v 19.214745 0.718893 -17.896826
v 19.218893 0.714745 -17.896826
v 19.215248 0.715248 -17.900000
v 19.202934 0.723785 -17.203175
v 19.197067 0.723785 -17.203175
v 19.200001 0.721564 -17.200001
v 19.217731 0.714219 -17.200001
v 19.218893 0.714745 -17.203175
v 19.214745 0.718893 -17.203175
v -20.799999 1.796215 -16.698658
v -20.796459 1.800000 -16.697315
v -20.798298 1.796171 -16.700001
v -20.796459 0.000000 -16.102686
v -20.798298 0.003829 -16.100000
v -20.799999 0.003785 -16.101343
v -20.000000 1.796215 -16.101343
v -20.003540 1.800000 -16.102686
v -20.001701 1.796171 -16.100000
v -20.001759 0.003804 -16.100000
v -20.003555 0.000000 -16.102667
v -20.000000 0.003809 -16.101271
v -20.799999 1.796191 -16.101271
v -20.798241 1.796196 -16.100000
v -20.796444 1.800000 -16.102667
v -20.000000 1.796191 -16.698730
v -20.001759 1.796196 -16.700001
v -20.003555 1.800000 -16.697334
v -20.003540 0.000000 -16.697315
v -20.001701 0.003829 -16.700001
v -20.000000 0.003785 -16.698658
v -20.798241 0.003804 -16.700001
v -20.796444 0.000000 -16.697334
v -20.799999 0.003809 -16.698730
v -20.103174 1.500000 -16.710674
v -20.102552 1.496386 -16.707500
v -20.100000 1.496825 -16.710674
v -20.696827 1.500000 -16.710674
v -20.700001 1.496825 -16.710674
v -20.697426 1.496403 -16.707500
v -20.100000 0.653175 -16.710674
v -20.102575 0.653598 -16.707500
v -20.103174 0.650000 -16.710674
v -20.696827 1.500000 -16.729326
v -20.697449 1.496386 -16.732500
v -20.700001 1.496825 -16.729326
v -20.700001 0.653175 -16.710674
v -20.696827 0.650000 -16.710674
v -20.697449 0.653614 -16.707500
v -20.102575 1.496403 -16.732500
v -20.103174 1.500000 -16.729326
v -20.100000 1.496825 -16.729326
v -20.100000 0.653175 -16.729326
v -20.103174 0.650000 -16.729326
v -20.102552 0.653614 -16.732500
v -20.697426 0.653598 -16.732500
v -20.696827 0.650000 -16.729326
v -20.700001 0.653175 -16.729326
vn -0.0000 -0.0000 -1.0000
vn 0.5772 -0.5770 -0.5779
vn -0.5772 -0.5770 0.5779
vn 0.5772 0.5770 0.5779
vn 0.5772 0.5770 -0.5779
vn -0.5772 0.5770 0.5779
vn -0.5772 0.5770 -0.5779
vn 0.5774 -0.5773 0.5773
vn -0.5774 -0.5773 -0.5773
vn -0.5954 0.5900 -0.5454
vn 0.5954 -0.5899 -0.5454
vn 0.5956 0.5900 0.5451
vn 0.5947 0.5881 -0.5482
vn 0.5952 -0.5877 0.5480
vn -0.5953 0.5879 0.5477
vn -0.5952 -0.5877 -0.5480
vn -0.5953 -0.5900 0.5454
vn -0.5776 0.5772 -0.5772
vn 0.5776 0.5772 -0.5772
vn -0.5776 -0.5772 0.5772
vn -0.5776 0.5772 0.5772
vn -0.5776 -0.5772 -0.5772
vn 0.5776 -0.5772 0.5772
vn 0.5776 -0.5772 -0.5772
vn 0.5776 0.5772 0.5772
vn -0.5775 0.5774 -0.5772
vn 0.5775 -0.5774 -0.5772
vn -0.5775 -0.5774 -0.5772
vn -0.5774 -0.5773 0.5773
vn -0.5775 0.5773 0.5773
vn 0.5775 0.5773 0.5773
vn 0.5775 0.5774 -0.5772
vn 0.5774 -0.5773 -0.5773
vn -0.5775 0.5773 -0.5773
vn 0.5775 0.5773 -0.5773
vn 0.5774 0.5772 -0.5774
vn 0.5774 -0.5772 -0.5775
vn -0.5774 -0.5771 0.5776
vn -0.5772 0.5772 0.5776
vn 0.5772 0.5772 0.5776
vn -0.5774 0.5772 -0.5774
vn -0.5774 -0.5772 -0.5775
vn 0.5774 -0.5771 0.5776
vn 0.5775 -0.5773 -0.5773
vn -0.5775 -0.5773 -0.5773
vn -0.5774 0.5774 0.5774
vn 0.5774 0.5774 0.5774
vn 0.5774 0.5774 -0.5774
vn -0.5774 0.5774 -0.5774
vn 0.5775 -0.5773 0.5773
vn -0.5775 -0.5773 0.5773
vn -0.5774 -0.5772 -0.5774
vn -0.5775 -0.5771 0.5775
vn -0.5775 0.5771 0.5775
vn 0.5775 0.5771 0.5775
vn 0.5774 -0.5772 -0.5774
vn 0.5775 -0.5771 0.5775
vn -0.5771 0.5774 -0.5776
vn 0.5771 0.5774 -0.5776
vn -0.5772 -0.5772 0.5776
vn 0.5773 0.5775 -0.5773
vn 0.5772 -0.5772 0.5776
vn -0.5773 0.5775 -0.5773
vn 0.5774 -0.5774 -0.5774
vn -0.5774 -0.5774 -0.5774
vn -0.5774 -0.5774 0.5774
vn 0.5774 -0.5774 0.5774
vn 0.5776 -0.5774 -0.5771
vn -0.5776 -0.5774 -0.5771
vn 0.5791 0.5738 0.5791
vn -0.5793 0.5736 0.5791
vn 0.5792 0.5734 -0.5794
vn -0.5791 0.5739 -0.5791
vn -0.5793 -0.5737 -0.5790
vn 0.5793 -0.5737 -0.5790
vn 0.5793 -0.5732 0.5795
vn -0.5793 -0.5737 0.5790
vn 0.5791 0.5739 0.5791
vn -0.5792 -0.5738 0.5790
vn -0.5786 0.5740 0.5794
vn -0.5791 0.5738 -0.5791
vn 0.5785 0.5738 -0.5798
vn -0.5793 -0.5736 -0.5792
vn 0.5793 -0.5736 -0.5792
vn 0.5792 -0.5733 0.5795
vn -0.5792 -0.5735 0.5793
vn 0.5792 -0.5735 -0.5793
vn -0.5794 0.5734 0.5792
vn -0.5790 0.5736 -0.5794
vn -0.5794 -0.5735 -0.5791
vn -0.5787 0.5737 0.5796
vn 0.5791 -0.5736 -0.5794
vn -0.5790 -0.5737 0.5793
vn 0.5791 -0.5734 -0.5795
vn -0.5793 -0.5736 0.5792
vn -0.5792 -0.5733 -0.5795
vn 0.5793 0.5736 -0.5791
vn 0.5790 0.5736 0.5794
vn -0.5791 0.5733 0.5796
vn -0.5791 0.5737 -0.5791
vn 0.5794 -0.5733 0.5793
vn -0.5791 -0.5734 -0.5796
vn -0.5786 0.5736 0.5799
vn 0.5793 -0.5733 0.5794
vn 0.5789 0.5738 0.5793
vn 0.5791 -0.5734 -0.5796
vn 0.5786 0.5739 -0.5795
vn -0.5791 -0.5738 0.5792
vn -0.5791 0.5737 -0.5793
vn -0.5793 -0.5735 -0.5792
vn 0.5791 0.5737 0.5793
vn 0.5793 -0.5735 0.5792
vn 0.5791 -0.5734 -0.5794
vn 0.5790 0.5738 0.5792
vn -0.5788 0.5738 0.5794
vn -0.5792 -0.5735 -0.5793
vn 0.5792 -0.5736 0.5792
vn -0.5791 0.5737 -0.5792
vn -0.5793 -0.5735 0.5792
vn 0.5791 0.5737 0.5792
vn -0.5793 0.5734 0.5793
vn 0.5793 0.5735 -0.5792
vn -0.5793 -0.5734 -0.5792
vn 0.5792 0.5736 0.5793
vn 0.5786 0.5739 -0.5796
vn -0.5792 -0.5736 0.5792
vn 0.5792 -0.5736 -0.5792
vn 0.5793 -0.5734 0.5793
vn -0.5793 0.5735 0.5792
vn 0.5793 0.5734 -0.5793
vn -0.5794 -0.5734 -0.5793
vn -0.5787 0.5737 0.5797
vn 0.5787 0.5738 -0.5795
vn -0.5789 0.5737 -0.5794
vn -0.5790 0.5737 -0.5794
vn -0.5793 -0.5734 -0.5793
vn 0.5788 0.5738 -0.5794
vn -0.5789 0.5737 -0.5795
vn -0.5791 -0.5734 0.5795
vn 0.5793 -0.5732 0.5796
vn -0.5789 -0.5737 0.5794
vn 0.5792 -0.5731 0.5797
vn -0.5792 0.5733 0.5795
vn -0.5793 -0.5734 -0.5794
vn 0.5795 -0.5734 0.5792
vn -0.5786 0.5735 0.5799
vn 0.5794 -0.5734 0.5792
vn -0.5791 -0.5734 -0.5794
vn 0.5793 -0.5738 -0.5790
vn 0.5792 0.5737 -0.5791
vn 0.5794 -0.5735 0.5791
vn 0.5792 -0.5737 0.5791
vn 0.5786 0.5740 -0.5795
vn 0.5791 -0.5739 -0.5790
vn -0.5791 -0.5739 0.5790
vn -0.2545 -0.9517 0.1718
vn -0.2401 -0.9483 -0.2076
vn 0.2401 0.9483 -0.2076
vn 0.2545 0.9517 0.1718
vn 0.2399 -0.9483 0.2077
vn -0.2402 0.9483 0.2076
vn -0.2545 0.9517 -0.1717
vn 0.2545 -0.9517 -0.1717
vn 0.6678 -0.3283 -0.6680
vn -0.6678 0.3285 -0.6679
vn -0.6678 -0.3283 0.6680
vn -0.6709 0.3156 0.6710
vn 0.6679 0.3282 0.6680
vn 0.6709 0.3158 -0.6710
vn 0.6709 -0.3156 0.6711
vn -0.6708 -0.3159 -0.6710
vn -0.5774 0.5773 -0.5773
vn 0.5773 -0.5772 -0.5775
vn 0.5772 0.5775 0.5773
vn -0.5773 -0.5777 0.5770
vn -0.5773 0.5776 0.5772
vn 0.5774 0.5772 -0.5775
vn 0.5772 -0.5775 0.5773
vn -0.5774 0.5772 -0.5775
vn -0.5773 -0.5772 -0.5775
vn -0.5772 -0.5775 0.5773
vn -0.5772 0.5775 0.5773
vn 0.5773 0.5776 0.5772
vn 0.5774 0.5773 -0.5773
vn 0.5773 -0.5777 0.5770
vn -0.6425 0.7387 0.2039
vn -0.6563 -0.7320 0.1830
vn 0.6565 0.7318 0.1829
vn 0.6424 -0.7387 0.2039
vn 0.6426 0.7386 -0.2039
vn -0.6562 0.7321 -0.1828
vn -0.6425 -0.7386 -0.2039
vn 0.6560 -0.7323 -0.1829
vn 0.7551 0.5548 0.3492
vn -0.7553 -0.5548 0.3490
vn -0.7595 -0.5394 -0.3636
vn 0.7597 0.5392 -0.3635
vn 0.7592 -0.5399 0.3635
vn 0.7551 -0.5551 -0.3489
vn -0.7592 0.5398 0.3637
vn -0.7550 0.5551 -0.3491
vn 0.5379 -0.7566 -0.3718
vn -0.5230 -0.7604 -0.3851
vn -0.5379 -0.7565 0.3720
vn -0.5373 0.7568 -0.3721
vn 0.5216 0.7612 -0.3854
vn 0.5373 0.7569 0.3719
vn -0.5216 0.7612 0.3854
vn 0.5230 -0.7604 0.3851
vn -0.5467 0.5242 -0.6530
vn 0.5460 0.5221 -0.6552
vn -0.5461 -0.5222 -0.6550
vn 0.5467 0.5242 0.6530
vn -0.5465 -0.5243 0.6530
vn 0.5460 -0.5221 0.6552
vn -0.5460 0.5221 0.6552
vn 0.5465 -0.5243 -0.6530
vn -0.6155 0.6157 -0.4921
vn 0.6155 -0.6156 -0.4921
vn 0.6157 0.6153 0.4922
vn -0.6157 -0.6153 0.4922
vn -0.6142 0.6139 0.4958
vn 0.6142 -0.6139 0.4958
vn 0.6140 0.6142 -0.4957
vn -0.6140 -0.6142 -0.4957
vn 0.2736 0.9286 0.2507
vn -0.2739 0.9284 -0.2511
vn -0.2737 -0.9285 0.2508
vn 0.2508 -0.9286 0.2737
vn -0.2507 0.9286 0.2736
vn 0.2508 0.9286 -0.2736
vn -0.2509 -0.9286 -0.2734
vn 0.2739 -0.9284 -0.2509
vn 0.4828 -0.7362 -0.4742
vn -0.4828 0.7362 -0.4742
vn -0.4827 -0.7360 0.4747
vn -0.4745 -0.7363 -0.4824
vn -0.4741 0.7364 0.4827
vn 0.4743 -0.7361 0.4829
vn 0.4743 0.7358 -0.4834
vn 0.4828 0.7361 0.4745
vn 0.2737 -0.9286 -0.2507
vn -0.2507 -0.9287 -0.2732
vn 0.2507 0.9287 -0.2734
vn -0.2508 0.9285 0.2737
vn 0.2739 0.9284 0.2510
vn -0.2736 0.9286 -0.2508
vn 0.2508 -0.9285 0.2737
vn -0.2739 -0.9284 0.2511
vn -0.4827 0.7363 -0.4742
vn -0.4743 -0.7366 -0.4822
vn -0.4743 0.7362 0.4828
vn -0.4826 -0.7360 0.4747
vn 0.4740 0.7362 -0.4831
vn -0.2739 0.9284 -0.2510
vn -0.2737 -0.9286 0.2507
vn -0.2508 0.9286 0.2736
vn 0.2508 0.9285 -0.2737
vn 0.2738 -0.9285 -0.2510
vn 0.2736 0.9286 0.2508
vn -0.2508 -0.9285 -0.2737
vn 0.2508 -0.9286 0.2735
vn 0.4827 -0.7360 -0.4747
vn -0.4743 -0.7361 -0.4828
vn 0.4828 0.7361 0.4744
vn 0.4744 0.7360 -0.4830
vn 0.4744 -0.7363 0.4825
vn -0.4740 0.7362 0.4831
vn -0.4828 -0.7362 0.4742
vn 0.2737 -0.9285 -0.2508
vn 0.2738 0.9285 0.2510
vn 0.2509 -0.9286 0.2734
vn -0.2736 0.9286 -0.2507
vn 0.2507 0.9286 -0.2736
vn -0.2507 -0.9286 -0.2736
vn -0.2738 -0.9285 0.2508
vn -0.4743 0.7358 0.4834
vn 0.4741 0.7364 -0.4827
vn 0.4826 -0.7361 -0.4746
vn 0.4746 -0.7362 0.4825
vn -0.4741 -0.7364 -0.4826
vn -0.6272 -0.2946 -0.7210
vn 0.6202 0.3100 0.7206
vn -0.6273 0.2946 0.7209
vn -0.6197 -0.3098 0.7211
vn 0.6273 0.2946 -0.7209
vn 0.6273 -0.2947 0.7209
vn -0.6198 0.3094 -0.7212
vn 0.6202 -0.3098 -0.7207
vn 0.5940 -0.7424 -0.3098
vn -0.5940 0.7423 -0.3102
vn -0.5939 -0.7423 0.3103
vn 0.5940 0.7424 0.3098
vn -0.5802 -0.7463 -0.3262
vn -0.5803 0.7462 0.3261
vn 0.5804 0.7463 -0.3258
vn 0.5805 -0.7462 0.3259
vn -0.9238 -0.2516 -0.2887
vn 0.9231 0.2752 0.2686
vn -0.9233 -0.2754 0.2676
vn -0.9240 0.2513 0.2881
vn -0.9232 0.2752 -0.2683
vn 0.9241 -0.2513 0.2881
vn 0.9232 -0.2752 -0.2683
vn 0.9240 0.2516 -0.2881
vn -0.9232 -0.2753 0.2682
vn 0.9232 0.2752 0.2683
vn 0.9239 -0.2512 0.2887
vn 0.9230 -0.2752 -0.2689
vn 0.6198 -0.3096 -0.7211
vn 0.6197 0.3098 0.7211
vn 0.6274 0.2947 -0.7208
vn 0.6271 -0.2946 0.7211
vn -0.6203 0.3096 -0.7207
vn -0.6273 -0.2947 -0.7209
vn -0.6201 -0.3099 0.7207
vn 0.5939 0.7423 0.3103
vn -0.5940 -0.7424 0.3098
vn 0.5939 -0.7423 -0.3103
vn -0.5804 0.7463 0.3258
vn 0.5802 0.7463 -0.3262
vn -0.5940 0.7424 -0.3099
vn -0.5803 -0.7464 -0.3258
vn 0.5802 -0.7463 0.3262
vn 0.9232 -0.2753 -0.2683
vn -0.9240 -0.2516 -0.2881
vn -0.9240 0.2513 0.2883
vn 0.9231 0.2752 0.2685
vn -0.9230 -0.2753 0.2689
vn 0.9233 -0.2753 -0.2678
vn -0.9230 0.2752 -0.2689
vn 0.9232 0.2753 0.2682
vn -0.5088 -0.6945 -0.5087
vn -0.0000 -0.6131 -0.7900
vn 0.6745 -0.3003 -0.6744
vn 0.9361 -0.3518 -0.0000
vn -0.7195 0.6945 -0.0000
vn 0.6619 0.3520 -0.6618
vn 0.8194 0.5733 0.0001
vn -0.0000 0.3006 -0.9538
vn -0.5584 0.6135 -0.5583
vn -0.7899 -0.6133 -0.0000
vn -0.5584 0.6135 0.5583
vn -0.6745 -0.3007 0.6743
vn -0.0000 0.3003 0.9538
vn -0.0000 -0.3514 0.9362
vn 0.6619 0.3520 0.6618
vn -0.0000 -0.3513 0.9362
vn -0.5089 -0.6944 -0.5087
vn -0.0000 -0.6134 -0.7898
vn 0.5792 -0.5735 0.5793
vn -0.0000 0.3007 -0.9537
vn -0.5585 0.6133 -0.5584
vn -0.0000 0.3000 0.9539
vn -0.5585 0.6135 0.5584
vn 0.6620 0.3513 0.6620
vn -0.6232 0.4728 -0.6230
vn -0.6248 0.4680 0.6250
vn -0.6232 -0.4725 0.6232
vn 0.6251 0.4677 -0.6249
vn 0.6231 -0.4727 -0.6231
vn 0.6233 0.4724 0.6231
vn -0.6248 -0.4676 -0.6252
vn 0.6249 -0.4681 0.6248
vn -0.5771 0.5775 -0.5775
vn -0.5773 -0.5772 0.5776
vn 0.5773 -0.5776 -0.5772
vn 0.5772 0.5776 -0.5772
vn -0.5772 -0.5774 -0.5774
vn -0.5772 0.5772 -0.5776
vn 0.5797 -0.5732 0.5791
vn -0.7897 -0.6135 -0.0000
vn -0.0000 -0.6138 -0.7895
vn 0.9362 -0.3515 0.0003
vn -0.0000 0.3000 -0.9539
vn 0.8510 -0.0000 -0.5252
vn -0.5585 0.6135 0.5583
vn 0.6748 -0.2993 -0.6746
vn 0.6620 0.3513 -0.6621
vn -0.5586 0.6133 -0.5584
vn -0.6745 -0.2999 0.6746
vn -0.0000 -0.3521 0.9360
vn -0.0000 0.3007 0.9537
vn 0.6620 0.3513 0.6621
vn -0.0000 -0.7895 -0.6137
vn 0.5795 0.5792 -0.5733
vn -0.5087 -0.5085 -0.6947
vn -0.0000 0.8192 0.5736
vn 0.6618 0.6622 0.3513
vn -0.0000 0.9361 -0.3518
vn -0.6616 0.6621 0.3520
vn -0.6743 0.6747 -0.3003
vn -0.9538 -0.0000 0.3004
vn 0.6634 -0.6490 -0.3723
vn -0.5580 -0.5583 0.6139
vn 0.5583 -0.5587 0.6133
vn -0.0000 -0.7193 0.6947
vn 0.6747 -0.6743 -0.3001
vn 0.9539 -0.0000 0.3001
vn -0.0000 -0.6136 -0.7896
vn 0.6747 -0.2991 -0.6748
vn 0.5794 -0.5730 0.5796
vn -0.5728 0.5865 0.5726
vn -0.0000 0.2747 0.9615
vn 0.9362 -0.3515 -0.0000
vn 0.6621 0.3514 -0.6619
vn -0.7897 -0.6135 0.0003
vn -0.6747 -0.3000 0.6744
vn 0.6640 0.3449 0.6634
vn 0.8507 -0.0000 -0.5257
vn 0.6801 -0.6797 -0.2748
vn 0.5794 0.5792 -0.5735
vn -0.0000 0.9156 -0.4022
vn -0.5582 -0.5586 0.6135
vn 0.5584 -0.5588 0.6131
vn -0.0000 0.8193 0.5733
vn -0.6219 0.6216 -0.4762
vn -0.6618 0.6622 0.3513
vn -0.2591 -0.8321 0.4904
vn -0.5261 -0.5257 -0.6685
vn -0.9539 -0.0000 0.3001
vn -0.0000 -0.7197 0.6943
vn -0.0000 -0.8098 -0.5867
vn -0.5585 0.6132 -0.5587
vn 0.6747 -0.3000 -0.6744
vn 0.6618 0.3519 -0.6619
vn -0.0000 -0.6139 -0.7894
vn -0.0000 0.2999 -0.9540
vn -0.5088 -0.6943 -0.5089
vn 0.6634 -0.6490 -0.3724
vn -0.5584 0.6134 0.5585
vn -0.0000 -0.3513 0.9363
vn -0.0000 0.2999 0.9540
vn 0.6618 0.3519 0.6619
vn 0.6745 -0.6742 -0.3008
vn 0.5792 0.5789 -0.5739
vn -0.0000 0.8191 0.5736
vn -0.9538 -0.0000 0.3006
vn -0.6743 0.6748 -0.3000
vn -0.6615 0.6619 0.3527
vn -0.5088 -0.5085 -0.6947
vn -0.0000 -0.7899 -0.6133
vn -0.0000 -0.7195 0.6945
vn 0.5583 -0.5584 0.6136
vn 0.5013 0.8653 -0.0000
vn 0.9537 -0.0000 0.3008
vn -0.0000 0.9361 -0.3516
vn -0.5583 0.6133 -0.5587
vn 0.8513 -0.0000 -0.5247
vn 0.6745 -0.2997 -0.6747
vn 0.6621 0.3515 -0.6619
vn -0.0000 -0.6137 -0.7895
vn 0.6634 -0.6493 -0.3720
vn -0.5583 0.6132 0.5588
vn 0.6621 0.3514 0.6619
vn 0.5795 -0.5731 0.5794
vn 0.5796 0.5793 -0.5732
vn -0.5088 -0.5086 -0.6946
vn -0.9539 -0.0000 0.3002
vn -0.5585 -0.5587 0.6132
vn -0.0000 0.8192 0.5735
vn 0.9538 -0.0000 0.3005
vn -0.6615 0.6623 0.3519
vn -0.0001 0.9360 -0.3519
vn -0.6748 -0.3001 0.6742
vn -0.0000 0.2739 0.9618
vn 0.6619 0.3522 -0.6617
vn -0.5584 0.6137 -0.5582
vn -0.5730 0.5865 0.5724
vn 0.6635 0.3453 0.6637
vn 0.5795 0.5792 -0.5732
vn -0.5262 -0.5258 -0.6683
vn -0.2588 -0.8319 0.4909
vn -0.0000 0.9154 -0.4025
vn -0.0000 0.8194 0.5732
vn 0.6617 0.6623 0.3515
vn -0.6617 0.6624 0.3512
vn -0.5583 -0.5585 0.6136
vn -0.0000 -0.8099 -0.5865
vn 0.9362 -0.3515 -0.0004
vn -0.5729 0.5864 0.5727
vn 0.6802 -0.6798 -0.2741
vn 0.5795 0.5792 -0.5734
vn -0.6619 0.6626 0.3506
vn -0.2589 -0.8320 0.4908
vn -0.0000 -0.8096 -0.5870
vn 0.9538 -0.0000 0.3003
vn -0.0000 0.9155 -0.4022
vn 0.6616 0.6621 0.3520
vn 0.5793 -0.5729 0.5798
vn -0.0000 -0.6135 -0.7897
vn 0.6747 -0.2998 -0.6745
vn 0.6616 0.3518 0.6621
vn 0.6616 0.3520 -0.6621
vn -0.2784 -0.4662 0.8397
vn 0.9362 -0.3515 0.0001
vn 0.0001 -0.7897 -0.6135
vn -0.9537 -0.0000 0.3008
vn 0.5585 -0.5587 0.6132
vn -0.0000 0.9360 -0.3519
vn -0.6744 0.6748 -0.2996
vn -0.4623 0.6474 -0.6059
vn -0.4617 -0.6475 0.6063
vn 0.4617 0.6473 0.6065
vn 0.4487 -0.6456 0.6180
vn -0.4484 0.6450 0.6188
vn 0.4485 0.6448 -0.6190
vn 0.4623 -0.6476 -0.6057
vn -0.4491 -0.6461 -0.6171
vn 0.5883 0.5882 0.5548
vn -0.5879 0.5883 0.5552
vn 0.5879 -0.5880 0.5556
vn -0.5887 0.5882 -0.5545
vn -0.5886 -0.5883 0.5545
vn 0.5881 0.5876 -0.5558
vn 0.5884 -0.5879 -0.5552
vn -0.5884 -0.5878 -0.5552
vn -0.0000 0.7070 -0.7072
vn -0.0000 -0.7071 -0.7071
vn -0.7071 0.7071 -0.0000
vn -0.0000 0.7070 0.7072
vn -0.7071 -0.7071 -0.0000
vn -0.0000 0.7073 0.7069
vn -0.7343 0.6788 -0.0000
vn 0.0001 0.7291 -0.6845
vn -0.0001 0.7294 0.6840
vn 0.0001 0.7294 -0.6840
vn -0.7346 -0.6786 -0.0000
vn -0.0000 -0.7068 -0.7074
vn 0.6672 -0.7448 0.0001
vn 0.7449 0.6672 -0.0001
vn -0.0000 -0.9690 -0.2472
vn 0.4532 0.8914 -0.0000
vn -0.0000 0.2793 0.9602
vn 0.9738 -0.2273 -0.0000
vn -0.6862 -0.2808 0.6710
vn 0.3631 0.3534 0.8621
vn -0.0000 0.6595 0.7517
vn 0.7072 -0.0000 -0.7070
vn 0.7074 -0.0000 -0.7068
vn 0.7074 -0.0000 0.7068
vn 0.7071 0.7071 -0.0000
vn -0.7047 -0.0000 -0.7095
vn -0.7050 -0.0000 -0.7092
vn -0.7498 0.6617 0.0001
vn 0.9736 -0.0000 0.2282
vn -0.0000 -0.0000 1.0000
vn -0.0000 -1.0000 -0.0000
vn 0.6202 -0.0000 0.7844
vn -0.0000 -0.7070 0.7072
vn -0.0000 -0.7070 -0.7073
vn 0.7074 0.7068 -0.0000
vn -0.0000 -0.7072 0.7070
vn -0.0000 -0.7294 0.6841
vn -0.0000 -0.7294 -0.6841
vn 0.7345 -0.6786 -0.0000
vn -0.0000 -0.7290 -0.6845
vn -0.0000 0.7288 0.6847
vn 0.1873 0.9823 -0.0000
vn -0.0000 -0.9426 -0.3340
vn -0.0000 0.7610 -0.6488
vn -0.0000 0.9690 0.2472
vn -0.0000 -0.8916 -0.4528
vn -0.0000 0.9557 -0.2944
vn -0.0002 0.7069 0.7073
vn 0.2397 -0.5754 0.7820
vn -0.0000 -0.2104 -0.9776
vn -0.0000 -0.2107 -0.9776
vn -0.7072 0.7070 -0.0000
vn 0.7072 -0.0000 0.7070
vn 0.7074 -0.7068 -0.0000
vn -0.7071 -0.0000 -0.7071
vn -0.7074 0.7068 -0.0000
vn -0.7071 -0.0000 0.7071
vn -0.7344 0.6787 -0.0000
vn 0.7071 -0.0000 0.7071
vn -0.7070 -0.0000 0.7072
vn 0.7335 -0.6797 -0.0000
vn 0.7151 -0.0000 0.6990
vn -0.1871 0.9823 -0.0000
vn 0.1523 -0.0000 0.9883
vn 0.7054 -0.0000 0.7088
vn -0.2252 -0.9743 -0.0000
vn -0.7072 -0.7070 -0.0000
vn 0.7073 -0.0000 -0.7069
vn 0.2863 -0.6634 -0.6913
vn 0.2706 0.6532 0.7072
vn 0.7070 -0.0000 -0.7072
vn 0.2706 0.6533 0.7071
vn 0.2863 -0.6636 -0.6911
vn -0.0000 -0.7070 -0.7072
vn -0.0000 0.7071 -0.7071
vn -0.0000 -0.7285 -0.6850
vn -0.0000 0.7288 -0.6847
vn -0.7345 -0.6786 -0.0000
vn -0.0000 -0.9690 0.2472
vn 0.7072 0.7070 -0.0000
vn -0.2808 0.6709 -0.6864
vn -0.5965 -0.2471 -0.7636
vn 0.8620 0.3627 0.3540
vn 0.2705 0.6532 0.7072
vn 0.7072 -0.0000 0.7071
vn 0.6498 0.7601 -0.0000
vn -0.7092 -0.0000 0.7050
vn 0.4664 -0.8846 -0.0000
vn -0.9671 0.0002 0.2542
vn 0.8334 0.5526 -0.0047
vn 0.6532 -0.7072 0.2707
vn -1.0000 0.0029 -0.0000
vn 0.7072 -0.7070 -0.0000
vn 0.7071 -0.7071 -0.0000
vn 0.7346 -0.6786 -0.0000
vn -0.0000 -0.7287 0.6848
vn 0.7343 0.6788 -0.0000
vn -0.0000 -0.9840 -0.1782
vn -0.9738 0.2273 -0.0000
vn 0.0002 -0.7031 -0.7111
vn -0.9738 -0.2273 -0.0000
vn -0.7074 -0.0000 -0.7068
vn -0.7344 0.6788 -0.0000
vn -0.7068 -0.0000 0.7074
vn 0.7088 -0.0000 -0.7054
vn 0.2862 -0.6638 -0.6910
vn -0.7073 -0.0000 -0.7069
vn -0.0000 0.7068 0.7074
vn -0.0000 -0.7559 -0.6546
vn -0.6262 0.7796 -0.0000
vn -0.0000 0.7482 -0.6635
vn -0.0000 0.7072 0.7070
vn -0.7072 0.7071 -0.0000
vn -0.0000 -0.7072 -0.7070
vn -0.0000 0.7070 -0.7073
vn -0.7074 -0.7068 -0.0000
vn -0.0000 0.7071 0.7071
vn -0.0000 -0.7073 -0.7070
vn -0.0000 0.7286 -0.6849
vn -0.7344 -0.6787 -0.0000
vn -0.0000 -0.7283 -0.6852
vn -0.0000 -0.7287 -0.6848
vn -0.0000 0.9836 -0.1805
vn -0.1873 -0.9823 -0.0000
vn -0.0000 0.9758 0.2188
vn -0.0000 -0.3064 -0.9519
vn -0.6477 0.7619 -0.0000
vn -0.0000 0.2818 -0.9595
vn -0.0000 0.7068 -0.7074
vn -0.0000 0.7073 -0.7069
vn -0.0000 0.9892 -0.1469
vn -0.7423 -0.6701 -0.0001
vn -0.0000 0.9840 0.1783
vn -0.0000 0.1542 0.9880
vn 0.0001 -0.1286 -0.9917
vn -0.0000 -0.9426 0.3340
vn -0.0000 0.7610 0.6488
vn 0.7231 -0.6908 -0.0000
vn -0.0000 -0.7635 -0.6458
vn -0.0000 -0.8574 0.5147
vn -0.0000 0.9755 0.2200
vn 0.2198 -0.9755 -0.0000
vn -0.0000 -0.8914 0.4532
vn -0.0000 -0.8916 0.4528
vn -0.0000 0.9755 0.2199
vn 0.2252 -0.9743 -0.0000
vn -0.0000 -0.2554 -0.9668
vn -0.0000 -0.9629 0.2700
vn 0.7498 0.6617 -0.0001
vn 0.0002 0.7029 0.7113
vn -0.0002 -0.7069 -0.7073
vn -0.0002 -0.7031 0.7111
vn 0.9738 0.2273 -0.0000
vn -0.0002 -0.7029 0.7113
vn -0.2821 0.6727 -0.6840
vn 0.3594 0.3533 -0.8637
vn -0.5786 -0.7796 -0.2397
vn -0.2822 0.6727 0.6840
vn 0.6533 -0.7071 0.2706
vn -0.2397 -0.7796 -0.5786
vn 0.6534 0.7069 -0.2707
vn 0.3594 0.3531 0.8638
vn 0.2841 -0.6729 -0.6830
vn -0.5786 0.7796 -0.2397
vn -0.3567 -0.3528 0.8650
vn 0.6534 0.7069 0.2707
vn -0.0000 0.4886 0.8725
vn 0.6384 -0.7697 -0.0000
vn -0.0000 -0.4775 -0.8787
vn -0.2396 -0.7797 -0.5785
vn 0.7855 0.5602 -0.2630
vn 0.3629 0.3538 0.8620
vn 0.2865 -0.6712 -0.6836
vn -0.6439 0.5473 -0.5346
vn -0.3531 -0.3530 0.8664
vn 0.6532 0.7072 0.2705
vn -0.6862 -0.2810 0.6709
vn -0.8621 0.3631 0.3535
vn -0.2397 -0.5787 -0.7795
vn 0.6860 -0.2809 0.6712
vn 0.2705 0.6531 -0.7073
vn -0.2396 -0.7796 -0.5786
vn 0.7852 0.5606 -0.2630
vn 0.3650 0.3403 0.8666
vn -0.6224 0.7287 -0.2858
vn 0.6532 0.7072 0.2706
vn -0.6858 -0.2809 0.6714
vn -0.8620 0.3631 0.3536
vn -0.2470 -0.5963 -0.7638
vn 0.6862 -0.2810 0.6709
vn 0.2706 0.6533 -0.7071
vn 0.6532 0.7072 -0.2705
vn 0.3631 0.3534 0.8622
vn 0.2866 -0.6711 -0.6837
vn -0.3531 -0.3529 0.8665
vn 0.9208 -0.0804 0.3816
vn -0.8620 0.3631 0.3537
vn -0.2396 -0.5785 -0.7797
vn 0.6861 -0.2808 0.6711
vn -0.2397 -0.7797 -0.5785
vn 0.7858 0.5598 -0.2630
vn 0.3629 0.3539 0.8620
vn 0.2866 -0.6708 -0.6840
vn -0.6438 0.5473 -0.5348
vn -0.8622 0.3629 0.3533
vn -0.2397 -0.5782 -0.7799
vn 0.6860 -0.2808 0.6712
vn 0.2704 0.6535 -0.7070
vn 0.7849 0.5610 -0.2630
vn 0.3651 0.3403 0.8665
vn 0.2866 -0.6712 -0.6837
vn -0.6222 0.7289 -0.2857
vn -0.3529 -0.3529 0.8665
vn -0.8620 0.3628 0.3540
vn -0.2469 -0.5958 -0.7643
vn 0.2706 0.6534 -0.7069
vn 0.7850 0.5610 -0.2629
vn -0.3530 -0.3529 0.8665
vn 0.6532 0.7072 0.2704
vn -0.8622 0.3629 0.3535
vn -0.2470 -0.5960 -0.7641
vn 0.6860 -0.2808 0.6713
vn 0.2705 0.6532 -0.7072
vn 0.7858 0.5599 -0.2627
vn -0.5442 0.6753 -0.4977
vn -0.3529 -0.3535 0.8663
vn -0.8621 0.3629 0.3537
vn -0.2395 -0.5783 -0.7799
vn 0.6862 -0.2809 0.6710
vn -0.0000 -0.5740 0.8188
vn 0.7311 0.6823 -0.0000
vn 0.7072 -0.7071 -0.0000
vn -0.0000 -0.6616 -0.7498
vn 0.7070 -0.0000 0.7072
vn -0.6761 -0.0000 -0.7368
vn 0.6798 -0.0000 -0.7334
vn 0.7071 -0.0000 -0.7071
vn -0.7072 -0.0000 -0.7070
vn 0.7073 0.7069 -0.0000
vn 0.7073 0.7070 -0.0000
vn 0.7073 -0.0000 0.7069
vn 0.7068 -0.0000 -0.7074
vn 0.7332 0.6800 0.0001
vn 0.7067 -0.0000 -0.7075
vn -0.7070 -0.0000 -0.7072
vn 0.7332 0.6800 -0.0000
vn -0.7072 -0.0000 -0.7071
vn 0.7069 -0.0000 -0.7073
vn 0.7331 0.6801 -0.0000
vn 0.7183 -0.0000 -0.6958
vn -0.7069 -0.0000 -0.7073
vn 0.1238 -0.0001 -0.9923
vn 0.7410 0.6715 -0.0000
vn -0.9434 -0.0000 0.3316
vn -0.1532 -0.0000 -0.9882
vn 0.1532 -0.0000 0.9882
vn -0.7449 0.6672 0.0001
vn -0.7769 -0.0000 0.6296
vn -0.6402 -0.0000 -0.7682
vn 0.6404 -0.0000 0.7680
vn -0.7070 0.7072 -0.0000
vn -0.7088 -0.0000 0.7054
vn 0.7050 -0.0000 0.7092
vn -0.4532 0.8914 -0.0000
vn 0.7047 -0.0000 0.7095
vn -0.7598 0.0001 0.6502
vn -0.1820 -0.0000 -0.9833
vn 0.1819 -0.0000 0.9833
vn -0.9670 0.0002 0.2549
vn -0.9736 -0.0000 -0.2282
vn -0.7596 0.0001 0.6503
vn -0.1819 -0.0000 -0.9833
vn 0.1820 -0.0000 0.9833
vn -0.9735 -0.0000 -0.2289
vn 1.0000 -0.0000 -0.0000
vn -1.0000 -0.0000 -0.0000
vn 0.3552 0.3724 -0.8574
vn -0.7072 -0.0000 0.7070
vn 0.3551 0.3725 -0.8574
vn -0.0000 1.0000 -0.0000
vn 0.3551 0.3724 -0.8575
vn 0.3552 0.3721 -0.8575
vn 0.3551 0.3724 -0.8574
vn -0.0001 1.0000 -0.0000
vn 0.0001 -1.0000 -0.0000
vn -0.6192 -0.0000 -0.7852
vn -0.7311 0.6823 -0.0000
vn -0.7765 -0.0000 0.6301
vn -0.0000 -0.7071 0.7071
vn -0.0000 0.7559 0.6547
vn 0.6268 -0.7792 -0.0000
vn -0.0000 0.7070 0.7073
vn -0.0000 -0.7285 0.6850
vn -0.0000 0.7284 0.6851
vn 0.7344 -0.6787 -0.0000
vn -0.0000 -0.9835 0.1808
vn -0.0000 0.3051 0.9523
vn 0.6477 -0.7619 -0.0000
vn -0.0000 -0.7073 0.7069
vn -0.0000 -0.9892 0.1468
vn -0.0000 0.1533 -0.9882
vn -0.6672 -0.7449 -0.0001
vn -0.0000 0.9350 -0.3546
vn -0.7231 -0.6908 -0.0000
vn -0.0000 -0.8576 -0.5143
vn -0.0000 0.8516 -0.5242
vn -0.0000 0.9755 -0.2199
vn -0.2198 -0.9755 -0.0000
vn -0.0000 0.8845 -0.4666
vn -0.0000 0.9755 -0.2200
vn -0.0000 -0.8914 -0.4532
vn -0.0000 0.8848 -0.4660
vn -0.0000 0.2792 -0.9602
vn -0.0000 -0.9629 -0.2699
vn -0.0002 0.7031 -0.7111
vn 0.0002 0.7069 -0.7073
vn 0.2706 -0.7070 0.6534
vn 0.8650 -0.3531 -0.3567
vn 0.6531 0.7074 -0.2705
vn -0.2381 -0.7822 -0.5758
vn -0.5758 0.7819 0.2389
vn -0.6832 -0.6727 0.2841
vn -0.5786 0.7796 0.2397
vn 0.8573 -0.3726 -0.3551
vn -0.2862 0.6637 -0.6910
vn -0.0000 0.4888 -0.8724
vn -0.6384 -0.7697 -0.0000
vn -0.6836 -0.6712 0.2866
vn -0.5444 0.6752 0.4977
vn 0.8574 -0.3725 -0.3552
vn -0.2863 0.6636 -0.6912
vn 0.6535 0.2704 -0.7070
vn -0.3529 0.8663 -0.3536
vn -0.2705 0.6533 0.7071
vn -0.4706 -0.2360 -0.8502
vn -0.5963 0.7638 0.2471
vn 0.8574 -0.3725 -0.3551
vn -0.2863 0.6636 -0.6911
vn 0.6533 0.2703 -0.7072
vn -0.3423 0.8263 -0.4473
vn -0.2706 0.6534 0.7070
vn -0.6837 -0.6711 0.2866
vn -0.5443 0.6752 0.4978
vn 0.8574 -0.3724 -0.3552
vn 0.6488 0.3074 -0.6961
vn -0.3528 0.8663 -0.3536
vn -0.2705 0.6534 0.7070
vn -0.4708 -0.2361 -0.8501
vn 0.2397 -0.5753 0.7820
vn -0.5442 0.6753 0.4978
vn 0.8575 -0.3725 -0.3549
vn 0.6536 0.2707 -0.7068
vn -0.3531 0.8661 -0.3538
vn -0.2706 0.6531 0.7073
vn -0.4708 -0.2358 -0.8501
vn 0.2397 -0.5759 0.7816
vn -0.6838 -0.6710 0.2866
vn -0.5963 0.7638 0.2472
vn 0.8575 -0.3725 -0.3550
vn 0.6533 0.2706 -0.7071
vn -0.3424 0.8261 -0.4476
vn -0.2706 0.6532 0.7072
vn 0.2398 -0.5756 0.7818
vn 0.6534 0.2706 -0.7070
vn -0.3424 0.8260 -0.4477
vn 0.2398 -0.5755 0.7819
vn -0.6836 -0.6712 0.2867
vn 0.1171 0.9876 -0.1047
vn 0.8574 -0.3724 -0.3553
vn 0.6531 0.2705 -0.7073
vn -0.3528 0.8662 -0.3539
vn -0.2706 0.6530 0.7074
vn 0.2397 -0.5753 0.7821
vn -0.0000 -0.5744 -0.8186
vn -0.0000 0.5738 -0.8190
vn -0.0000 0.6599 -0.7514
vn -0.6799 -0.0000 0.7333
vn -0.7073 0.7069 -0.0000
vn -0.7073 0.7070 -0.0000
vn -0.7073 -0.0000 0.7069
vn -0.7067 -0.0000 0.7075
vn -0.7151 -0.0000 -0.6990
vn -0.1523 -0.0000 -0.9883
vn -0.7421 0.6703 0.0001
vn 0.9434 -0.0000 -0.3316
vn 0.9507 -0.0000 0.3101
vn 0.6689 0.7434 -0.0000
vn 0.1272 -0.0001 -0.9919
vn 0.7770 -0.0000 -0.6295
vn 0.7755 -0.0000 0.6313
vn 0.7220 0.6919 -0.0000
vn 0.6424 -0.0000 -0.7664
vn 0.2472 0.9690 -0.0000
vn 0.7093 -0.0000 -0.7049
vn 0.7092 -0.0000 -0.7050
vn 0.7596 0.0001 -0.6503
vn 0.7579 -0.0000 0.6524
vn 0.2487 0.9686 0.0002
vn 0.1572 -0.0002 -0.9876
vn 0.9671 0.0002 -0.2542
vn 0.9735 -0.0000 0.2289
vn 0.9669 0.2552 0.0002
vn 0.7598 0.0001 -0.6502
vn 0.7577 -0.0000 0.6526
vn 0.1571 -0.0002 -0.9876
vn 0.9670 0.0002 -0.2549
vn -0.3552 -0.3719 0.8576
vn -0.5758 0.7819 -0.2389
vn 0.6408 0.7677 -0.0000
vn 0.7069 -0.0000 0.7073
vn 0.9189 -0.3806 -0.1034
vn -0.2397 -0.5756 0.7818
vn 0.9192 -0.3807 -0.1004
vn 0.8574 -0.3551 -0.3725
vn -0.2397 -0.5757 0.7817
vn 0.9190 -0.3807 -0.1029
vn -0.2397 -0.5751 0.7822
vn 0.7071 0.7072 -0.0000
vn 0.9192 -0.3807 -0.1003
vn -0.2398 -0.5753 0.7820
vn 0.9192 -0.3807 -0.1005
vn 0.9188 -0.3806 -0.1046
vn -0.7070 -0.7072 -0.0000
vn 0.5857 -0.0000 -0.8105
vn 0.7770 -0.0000 -0.6294
vn 0.7790 -0.0000 0.6270
vn -0.6268 -0.7792 -0.0000
vn -0.0000 -0.9836 -0.1805
vn -0.6477 -0.7619 -0.0000
vn -0.0000 -0.1542 0.9880
vn -0.0000 0.9426 0.3340
vn 0.7446 -0.6675 0.0001
vn -0.0000 -0.7610 0.6488
vn -0.0000 0.8574 0.5147
vn -0.0000 -0.9755 0.2200
vn -0.0000 0.8914 0.4532
vn 0.4532 -0.8914 -0.0000
vn -0.0000 0.8916 0.4528
vn -0.0000 -0.9755 0.2199
vn -0.0000 -0.2793 0.9602
vn -0.0000 0.9629 0.2700
vn 0.7498 -0.6617 0.0001
vn 0.0002 0.7031 0.7111
vn -0.0000 -0.4886 0.8725
vn -0.5785 -0.7797 -0.2397
vn -0.2806 0.6714 0.6860
vn 0.6533 -0.7070 0.2708
vn 0.8623 0.3632 0.3528
vn -0.6839 0.2866 -0.6710
vn -0.5785 -0.7797 -0.2396
vn -0.2860 0.6548 0.6996
vn 0.8619 0.3630 0.3539
vn -0.6268 0.4967 -0.6003
vn -0.2807 0.6712 0.6860
vn 0.6532 -0.7072 0.2705
vn -0.6838 0.2866 -0.6710
vn -0.2806 0.6714 0.6859
vn 0.6532 -0.7071 0.2708
vn -0.6837 0.2866 -0.6712
vn -0.2859 0.6550 0.6995
vn 0.6532 -0.7071 0.2707
vn -0.6268 0.4966 -0.6005
vn -0.2859 0.6550 0.6994
vn -0.6270 0.4968 -0.6001
vn -0.2806 0.6712 0.6861
vn 0.6532 -0.7072 0.2704
vn 0.8622 0.3628 0.3534
vn -0.6836 0.2865 -0.6713
vn -0.0000 0.5740 0.8188
vn 0.7311 -0.6823 -0.0000
vn -0.0000 -0.6595 0.7517
vn 0.6760 -0.0000 0.7369
vn 0.6306 0.7761 -0.0000
vn 0.7336 0.6796 0.0001
vn 0.7336 0.6796 -0.0000
vn -0.9507 -0.0000 -0.3101
vn -0.6672 0.7448 0.0001
vn -0.1272 -0.0001 0.9919
vn -0.7755 -0.0000 -0.6313
vn -0.7231 0.6908 -0.0000
vn -0.6425 -0.0000 0.7663
vn -0.7054 -0.0000 -0.7088
vn -0.2199 0.9755 -0.0000
vn -0.7093 -0.0000 0.7049
vn -0.7577 -0.0000 -0.6526
vn -0.2252 0.9743 -0.0000
vn -0.1571 -0.0002 0.9876
vn -0.7579 -0.0000 -0.6524
vn -0.1572 -0.0002 0.9876
vn -0.6383 0.7698 -0.0000
vn -0.7069 -0.0000 0.7073
vn -1.0000 -0.0032 -0.0000
vn -0.9337 0.3581 0.0030
vn -0.9938 0.1111 0.0034
vn -0.9337 0.3579 0.0030
vn -0.9938 0.1111 0.0035
vn -0.9938 0.1115 0.0034
vn -0.5857 -0.0000 0.8105
vn -0.7795 -0.0000 -0.6264
vn -0.0000 -0.7559 0.6546
vn 0.7073 -0.7070 -0.0000
vn -0.0000 -0.7070 0.7073
vn -0.0000 -0.7283 0.6852
vn 0.1875 -0.9823 -0.0000
vn -0.0000 -0.3051 0.9523
vn 0.7423 -0.6701 0.0001
vn -0.7446 -0.6675 -0.0001
vn -0.4532 -0.8914 -0.0000
vn -0.7497 -0.6617 -0.0001
vn 0.2705 -0.7071 0.6533
vn 0.2866 -0.6836 -0.6712
vn 0.2706 -0.7072 0.6532
vn 0.2923 -0.6968 -0.6550
vn 0.2707 -0.7069 0.6534
vn 0.2867 -0.6837 -0.6710
vn 0.2707 -0.7069 0.6535
vn 0.2923 -0.6967 -0.6551
vn -0.7311 -0.6823 -0.0000
vn -0.7074 -0.0000 0.7068
vn -0.7183 -0.0000 0.6957
vn -0.1238 -0.0001 0.9923
vn 0.7071 -0.7072 -0.0000
vn 0.7068 -0.0000 0.7074
vn -0.7071 0.7072 -0.0000
vn 0.7070 -0.7072 -0.0000
vn -0.7068 -0.0000 -0.7074
vn 0.9239 -0.0000 0.3827
vn 0.3827 -0.0000 0.9239
vn -0.3827 -0.0000 -0.9239
vn -0.9239 -0.0000 -0.3827
vn 0.3827 -0.0000 -0.9239
vn 0.9239 -0.0000 -0.3827
vn -0.9239 -0.0000 0.3827
vn -0.3827 -0.0000 0.9239
vn 0.3826 -0.0000 0.9239
vn -0.9239 -0.0000 -0.3826
vn -0.9239 -0.0000 0.3826
vn -0.3826 -0.0000 -0.9239
vn 0.3826 -0.0000 -0.9239
vn 0.9239 0.3827 -0.0000
vn 0.3882 0.0317 -0.9210
vn 0.9239 -0.3827 -0.0000
vn -0.3826 -0.0000 0.9239
vn 0.8323 -0.0583 0.5513
vn -0.3827 -0.9239 -0.0000
vn 0.3827 -0.9239 -0.0000
vn -0.0000 -0.0001 -1.0000
vn 0.3827 0.9239 -0.0000
vn -0.0000 0.0001 -1.0000
vn -0.2832 -0.2242 -0.9325
vn -0.0000 0.0002 1.0000
vn -0.0000 -0.0001 1.0000
vn -0.3827 0.9239 -0.0000
vn -0.0000 -0.0002 1.0000
vn -0.0000 0.0001 1.0000
vn -0.9239 0.3827 -0.0000
vn -0.9239 -0.3827 0.0030
vn 0.9238 -0.0000 0.3829
vn 0.3879 0.0316 -0.9212
vn -0.0000 0.0002 -1.0000
vn -0.9239 -0.3827 -0.0000
vn 0.7983 0.6022 0.0018
vn 0.8322 -0.0583 0.5513
vn -0.0266 0.9994 -0.0238
vn -0.0175 0.9989 -0.0427
vn 0.9238 -0.0000 -0.3829
vn -0.0289 0.9992 0.0258
vn -0.0203 0.9986 0.0497
vn 0.0555 0.9897 0.1318
vn -0.0000 -0.0003 -1.0000
vn 0.9907 -0.1353 0.0104
vn -0.9238 -0.0000 0.3829
vn 0.9240 -0.0000 -0.3825
vn 0.8322 -0.0583 0.5514
vn 0.9240 -0.0000 0.3825
vn -0.2832 -0.2244 -0.9324
vn -0.0000 -0.0002 -1.0000
vn -0.0000 0.0003 -1.0000
vn -0.9240 -0.0000 0.3825
vn -0.9238 -0.0000 -0.3829
vn 0.3879 0.0315 -0.9212
vn -0.9240 -0.0000 -0.3825
vn 0.7982 0.6024 0.0018
vn -0.8506 -0.0030 0.5258
vn -0.9239 -0.3827 -0.0009
vn -0.9394 -0.3427 -0.0000
vn 0.3880 0.0316 -0.9211
vn 0.8211 0.5620 -0.1000
vn 0.8609 0.3582 0.3614
vn 0.8887 0.3690 -0.2723
vn 0.1361 -0.6354 0.7601
vn -0.8717 0.2896 0.3953
vn -0.1801 0.8395 -0.5126
vn 0.8199 0.5643 -0.0961
vn 0.8553 0.3569 0.3757
vn 0.8878 0.3686 -0.2756
vn 0.1866 0.9483 -0.2569
vn -0.7440 0.6682 -0.0000
vn -0.0000 -0.6789 0.7342
vn -0.8718 0.2897 0.3950
vn 0.9231 0.2019 0.3274
vn 0.8924 0.3492 -0.2858
vn 0.9003 -0.1609 -0.4044
vn 0.8208 0.5623 -0.1002
vn 0.8612 0.3578 0.3610
vn 0.8892 0.3664 -0.2739
vn -0.8717 0.2895 0.3953
vn -0.1799 0.8397 -0.5124
vn 0.8194 0.5650 -0.0968
vn 0.8542 0.3560 0.3790
vn 0.8909 0.3671 -0.2673
vn 0.1866 0.9482 -0.2572
vn -0.0000 -0.6786 0.7345
vn 0.8193 0.5650 -0.0974
vn 0.8528 0.3554 0.3827
vn 0.1867 0.9482 -0.2569
vn -0.0000 -0.6785 0.7346
vn 0.3122 -0.8806 0.3564
vn -0.7843 0.0227 -0.6200
vn 0.1717 0.1806 -0.9685
vn 0.8209 0.5624 -0.0990
vn 0.8670 0.3603 0.3442
vn 0.8883 0.3661 -0.2772
vn -0.0000 0.7072 -0.7070
vn -0.7333 0.6799 -0.0000
vn -0.0000 0.7286 0.6850
vn -0.0000 0.7286 -0.6850
vn -0.7334 -0.6797 0.0001
vn -0.0000 -0.7073 -0.7069
vn 0.6688 -0.7435 -0.0000
vn 0.7430 0.6692 -0.0000
vn -0.0000 -0.9755 -0.2199
vn 0.4664 0.8846 -0.0000
vn -0.0000 0.2562 0.9666
vn 0.9669 -0.2552 -0.0002
vn -0.6909 -0.2862 0.6639
vn 0.3552 0.3723 0.8574
vn -0.0000 0.6617 0.7497
vn -0.7095 -0.0000 -0.7048
vn -0.7092 -0.0000 -0.7050
vn -0.7483 0.6633 -0.0000
vn 0.9671 -0.0002 0.2545
vn -0.0001 -1.0000 -0.0000
vn 0.5857 -0.0000 0.8105
vn -0.0000 -0.7285 0.6851
vn -0.0000 -0.7285 -0.6851
vn 0.7334 -0.6797 -0.0000
vn -0.0000 -0.7287 -0.6849
vn -0.0001 0.7293 0.6842
vn 0.2130 0.9770 -0.0000
vn -0.0000 -0.9350 -0.3546
vn -0.0000 0.7634 -0.6459
vn -0.0000 -0.8845 -0.4665
vn -0.0000 0.9629 -0.2700
vn 0.2396 -0.5784 0.7798
vn -0.5962 -0.2469 -0.7639
vn -0.5964 -0.2471 -0.7637
vn -0.7334 0.6798 -0.0001
vn 0.7184 -0.0000 0.6956
vn -0.2130 0.9770 -0.0000
vn 0.1238 0.0001 0.9923
vn 0.7086 -0.0000 0.7056
vn -0.2487 -0.9686 0.0002
vn 0.2865 -0.6714 -0.6835
vn 0.2706 0.6529 0.7074
vn 0.2867 -0.6709 -0.6839
vn -0.0000 -0.7293 -0.6842
vn 0.0001 0.7292 -0.6843
vn -0.7334 -0.6798 -0.0000
vn -0.2863 0.6637 -0.6910
vn -0.0000 -0.2103 -0.9776
vn 0.8575 0.3553 0.3721
vn 0.2707 0.6532 0.7071
vn 0.6477 0.7619 -0.0000
vn -0.7045 -0.0000 0.7097
vn -0.9736 -0.0000 0.2283
vn -0.5619 -0.0019 -0.8272
vn -0.0000 -0.7284 -0.6851
vn 0.7334 -0.6798 -0.0000
vn -0.0000 -0.7292 0.6843
vn 0.7333 0.6799 -0.0000
vn -0.0000 -0.9891 -0.1470
vn -0.9669 0.2552 -0.0002
vn -0.9669 -0.2552 0.0002
vn -0.7334 0.6798 -0.0000
vn 0.7056 -0.0000 -0.7087
vn 0.2840 -0.6730 -0.6829
vn -0.0000 -0.7479 -0.6638
vn -0.6297 0.7768 -0.0000
vn -0.0000 0.7560 -0.6546
vn -0.7073 -0.7070 -0.0000
vn -0.7073 -0.7069 -0.0000
vn -0.0000 0.7073 -0.7070
vn 0.0001 0.7293 -0.6842
vn -0.7333 -0.6799 -0.0000
vn -0.0000 0.7285 0.6850
vn -0.0000 0.7285 -0.6850
vn 0.0001 0.7295 -0.6840
vn -0.7334 -0.6797 -0.0000
vn -0.0000 -0.7295 -0.6840
vn 0.0001 0.7294 -0.6841
vn -0.0000 0.7287 -0.6848
vn 0.0001 0.7293 -0.6841
vn -0.0000 -0.7291 -0.6844
vn -0.0000 0.9757 -0.2190
vn -0.2130 -0.9770 -0.0000
vn -0.0000 0.9835 0.1808
vn -0.0000 -0.2814 -0.9596
vn -0.6498 0.7601 -0.0000
vn -0.0000 0.3066 -0.9518
vn -0.0000 0.9840 -0.1781
vn -0.7410 -0.6715 -0.0000
vn -0.0000 0.9892 0.1467
vn 0.0001 0.1276 0.9918
vn -0.0000 -0.1534 -0.9882
vn -0.0000 -0.9351 0.3545
vn -0.0000 0.7631 0.6463
vn 0.7220 -0.6919 -0.0000
vn -0.0000 -0.7609 -0.6488
vn -0.0000 -0.8518 0.5239
vn 0.2472 -0.9690 -0.0000
vn -0.0000 -0.8848 0.4660
vn -0.0000 -0.8845 0.4665
vn -0.0000 -0.8848 0.4661
vn 0.2487 -0.9686 -0.0002
vn -0.0000 -0.2789 -0.9603
vn -0.0000 -0.9557 0.2943
vn 0.7483 0.6633 -0.0000
vn -0.0002 0.7073 0.7069
vn 0.0002 -0.7070 0.7072
vn 0.0002 -0.7073 0.7069
vn -0.2862 0.6639 -0.6909
vn 0.3551 0.3726 -0.8573
vn -0.5761 -0.7819 -0.2382
vn -0.2861 0.6641 0.6908
vn -0.2381 -0.7821 -0.5758
vn 0.6531 0.7073 -0.2705
vn 0.3552 0.3723 0.8575
vn 0.2862 -0.6637 -0.6910
vn -0.5757 0.7820 -0.2389
vn -0.3552 -0.3720 0.8576
vn 0.6531 0.7073 0.2705
vn -0.0000 0.4771 0.8788
vn 0.6407 -0.7678 -0.0000
vn -0.0000 -0.4885 -0.8726
vn 0.7070 0.7072 -0.0000
vn -0.2376 -0.7816 -0.5767
vn 0.6533 0.7071 -0.2706
vn 0.3552 0.3720 0.8576
vn 0.2863 -0.6636 -0.6912
vn -0.5637 0.6349 -0.5284
vn -0.3553 -0.3715 0.8578
vn 0.6533 0.7071 0.2706
vn -0.6909 -0.2860 0.6639
vn -0.8575 0.3552 0.3722
vn -0.2376 -0.5764 -0.7819
vn 0.6911 -0.2860 0.6637
vn -0.2376 -0.7817 -0.5766
vn 0.3569 0.3604 0.8618
vn -0.5756 0.7821 -0.2386
vn -0.6912 -0.2861 0.6636
vn -0.2440 -0.5933 -0.7671
vn 0.6909 -0.2859 0.6640
vn -0.3553 -0.3716 0.8577
vn 0.6820 0.5295 0.5045
vn -0.2377 -0.5764 -0.7818
vn 0.6911 -0.2862 0.6637
vn 0.3552 0.3718 0.8577
vn 0.2861 -0.6638 -0.6910
vn -0.5637 0.6351 -0.5282
vn -0.3552 -0.3722 0.8575
vn -0.6909 -0.2862 0.6638
vn -0.8571 0.3550 0.3734
vn -0.2377 -0.5767 -0.7816
vn 0.2706 0.6531 -0.7073
vn 0.6531 0.7072 -0.2706
vn 0.3570 0.3605 0.8617
vn -0.5757 0.7821 -0.2385
vn 0.6534 0.7070 0.2706
vn -0.2440 -0.5935 -0.7670
vn 0.2706 0.6530 -0.7074
vn 0.6531 0.7072 -0.2707
vn 0.6534 0.7070 0.2707
vn 0.2707 0.6532 -0.7072
vn -0.5680 0.6544 -0.4992
vn -0.6911 -0.2862 0.6637
vn -0.2377 -0.5770 -0.7814
vn 0.6908 -0.2861 0.6640
vn 0.2706 0.6529 -0.7074
vn -0.0000 -0.5738 0.8190
vn 0.7303 0.6831 -0.0000
vn -0.0000 -0.6600 -0.7512
vn -0.6798 -0.0000 -0.7334
vn 0.6765 -0.0000 -0.7365
vn 0.7342 0.6789 -0.0000
vn 0.7343 0.6789 -0.0000
vn 0.7072 -0.0000 -0.7071
vn -0.7067 -0.0000 -0.7075
vn 0.7152 -0.0000 -0.6989
vn 0.1523 -0.0000 -0.9883
vn 0.7421 0.6702 -0.0001
vn -0.9507 -0.0000 0.3101
vn -0.1272 0.0001 -0.9919
vn 0.1272 0.0001 0.9919
vn -0.7430 0.6692 -0.0000
vn -0.7756 -0.0000 0.6313
vn -0.6424 -0.0000 -0.7664
vn 0.6424 -0.0000 0.7664
vn -0.7056 -0.0000 0.7087
vn 0.7092 -0.0000 0.7050
vn -0.4664 0.8846 -0.0000
vn -0.7051 -0.0000 0.7091
vn 0.7095 -0.0000 0.7048
vn -0.7578 -0.0000 0.6525
vn -0.1571 0.0002 -0.9876
vn 0.1572 0.0002 0.9876
vn -0.9736 -0.0000 0.2280
vn -0.9670 -0.0002 -0.2548
vn 0.9671 -0.0002 0.2543
vn -0.1572 0.0002 -0.9876
vn 0.1571 0.0002 0.9876
vn -0.9735 -0.0000 0.2288
vn -0.9671 -0.0002 -0.2545
vn 0.3594 0.3531 -0.8638
vn 0.3630 0.3533 -0.8622
vn 0.3630 0.3539 -0.8620
vn 0.0001 1.0000 -0.0000
vn 0.3629 0.3539 -0.8620
vn 0.3630 0.3540 -0.8619
vn -0.5855 -0.0000 -0.8107
vn -0.7303 0.6831 -0.0000
vn -0.7793 -0.0000 0.6266
vn -0.0000 -0.7068 0.7074
vn -0.0000 0.7481 0.6636
vn 0.6299 -0.7767 -0.0000
vn -0.0001 0.7292 0.6843
vn 0.7334 -0.6797 -0.0001
vn -0.0000 -0.7293 0.6842
vn -0.0001 0.7295 0.6839
vn 0.7333 -0.6799 -0.0000
vn -0.0000 -0.9758 0.2188
vn -0.0000 0.2827 0.9592
vn 0.6498 -0.7601 -0.0000
vn -0.0000 0.7071 0.7072
vn -0.0000 -0.9840 0.1784
vn -0.0001 0.1287 -0.9917
vn -0.6688 -0.7435 -0.0000
vn -0.0000 0.9426 -0.3339
vn -0.7220 -0.6919 -0.0000
vn -0.0000 -0.8516 -0.5242
vn -0.0000 0.8576 -0.5143
vn -0.0000 0.9690 -0.2472
vn -0.2472 -0.9690 -0.0000
vn -0.0000 0.8917 -0.4526
vn -0.0000 -0.8848 -0.4661
vn -0.0000 0.8915 -0.4530
vn -0.0000 -0.8848 -0.4660
vn -0.0000 0.2553 -0.9669
vn -0.0000 -0.9557 -0.2943
vn 0.2704 -0.7075 0.6529
vn -0.6912 -0.6635 0.2863
vn -0.5759 0.7818 0.2389
vn 0.8650 -0.3530 -0.3567
vn -0.2821 0.6728 -0.6839
vn -0.0000 0.4771 -0.8788
vn -0.6407 -0.7678 -0.0000
vn -0.6911 -0.6637 0.2862
vn -0.5680 0.6544 0.4991
vn 0.8664 -0.3534 -0.3529
vn -0.2807 0.6711 -0.6861
vn 0.6531 0.2706 -0.7072
vn -0.3551 0.8574 -0.3724
vn -0.2706 0.6529 0.7074
vn -0.5789 -0.2386 -0.7797
vn -0.5923 0.7669 0.2471
vn -0.3356 0.8218 -0.4604
vn -0.2707 0.6530 0.7073
vn 0.2395 -0.5783 0.7799
vn -0.6911 -0.6636 0.2863
vn -0.5680 0.6545 0.4990
vn 0.8663 -0.3533 -0.3531
vn -0.2806 0.6714 -0.6860
vn 0.5633 0.2331 -0.7927
vn -0.3550 0.8575 -0.3725
vn -0.2707 0.6529 0.7074
vn -0.5787 -0.2385 -0.7799
vn -0.6910 -0.6637 0.2863
vn -0.5681 0.6545 0.4989
vn -0.3551 0.8573 -0.3726
vn -0.2705 0.6532 0.7072
vn -0.5922 0.7669 0.2472
vn -0.2807 0.6712 -0.6861
vn -0.2706 0.6533 0.7071
vn 0.2396 -0.5785 0.7797
vn -0.5672 0.6489 0.5072
vn 0.8663 -0.3533 -0.3532
vn -0.2807 0.6711 -0.6862
vn 0.6527 0.2703 -0.7077
vn -0.3550 0.8575 -0.3724
vn 0.1754 -0.9627 0.2062
vn -0.0000 -0.5737 -0.8190
vn -0.0000 0.5744 -0.8186
vn -0.0000 0.6616 -0.7498
vn -0.7072 -0.7071 -0.0000
vn -0.6764 -0.0000 0.7366
vn -0.7072 -0.0000 0.7071
vn -0.7184 -0.0000 -0.6956
vn -0.1238 0.0001 -0.9923
vn -0.7410 0.6715 -0.0000
vn 0.9507 -0.0000 -0.3101
vn 0.9433 -0.0000 0.3318
vn 0.6673 0.7448 -0.0001
vn 0.1531 -0.0000 -0.9882
vn 0.7756 -0.0000 -0.6313
vn 0.7769 -0.0000 0.6296
vn 0.7230 0.6908 -0.0000
vn 0.6405 -0.0000 -0.7680
vn 0.7051 -0.0000 -0.7091
vn 0.7091 -0.0000 0.7052
vn 0.2199 0.9755 -0.0000
vn 0.7052 -0.0000 -0.7090
vn 0.7045 -0.0000 -0.7097
vn 0.7578 -0.0000 -0.6525
vn 0.7597 -0.0001 0.6503
vn 0.2252 0.9743 -0.0000
vn 0.1819 -0.0000 -0.9833
vn 0.9734 -0.0000 -0.2290
vn 0.9735 -0.0000 -0.2288
vn 0.7599 -0.0001 0.6500
vn 0.9736 -0.0000 -0.2283
vn 0.9670 -0.0002 0.2548
vn 0.9736 -0.0000 -0.2280
vn -0.3567 -0.3531 0.8650
vn -0.5787 0.7795 -0.2397
vn 0.6383 0.7697 -0.0000
vn 0.8306 -0.4371 -0.3450
vn -0.2396 -0.5784 0.7798
vn 0.2706 0.6528 0.7075
vn 0.8380 -0.4342 -0.3305
vn -0.2396 -0.5782 0.7799
vn 0.8661 -0.3529 -0.3540
vn -0.2396 -0.5783 0.7798
vn 0.2706 0.6531 0.7073
vn 0.8305 -0.4368 -0.3456
vn -0.2396 -0.5786 0.7796
vn 0.2706 0.6530 0.7074
vn -0.7071 -0.7072 -0.0000
vn -0.2396 -0.5785 0.7797
vn 0.8382 -0.4343 -0.3299
vn 0.8307 -0.4369 -0.3450
vn 0.6202 -0.0000 -0.7844
vn 0.7791 -0.0000 -0.6269
vn 0.7770 -0.0000 0.6295
vn -0.6299 -0.7767 -0.0000
vn -0.0000 -0.7292 -0.6843
vn -0.0000 -0.9757 -0.2190
vn -0.6498 -0.7601 -0.0000
vn -0.0001 -0.1276 0.9918
vn -0.0000 0.9351 0.3545
vn 0.7432 -0.6690 -0.0000
vn -0.0000 -0.7631 0.6463
vn -0.0000 0.8518 0.5239
vn -0.0000 0.8848 0.4661
vn -0.0000 0.8845 0.4665
vn -0.0000 0.8848 0.4660
vn -0.0000 -0.2562 0.9666
vn -0.0000 0.9557 0.2943
vn 0.7483 -0.6634 -0.0000
vn -0.0002 0.7070 0.7072
vn -0.0000 -0.4771 0.8788
vn -0.5766 -0.7817 -0.2376
vn -0.2863 0.6636 0.6912
vn 0.6533 -0.7071 0.2705
vn 0.8574 0.3552 0.3724
vn -0.6908 0.2861 -0.6640
vn -0.5766 -0.7817 -0.2377
vn -0.2919 0.6464 0.7049
vn -0.5315 0.4922 -0.6894
vn -0.5767 -0.7816 -0.2377
vn 0.6533 -0.7070 0.2707
vn 0.8572 0.3551 0.3730
vn -0.6911 0.2862 -0.6637
vn -0.2863 0.6636 0.6911
vn 0.8577 0.3553 0.3716
vn -0.2920 0.6465 0.7048
vn -0.5314 0.4924 -0.6893
vn 0.8576 0.3553 0.3720
vn 0.8572 0.3551 0.3731
vn -0.0000 0.5738 0.8190
vn 0.7304 -0.6831 -0.0000
vn -0.0000 -0.6617 0.7497
vn 0.6799 -0.0000 0.7333
vn 0.6261 0.7797 -0.0000
vn 0.7072 0.7071 -0.0000
vn 0.7067 -0.0000 0.7075
vn 0.7344 0.6788 -0.0000
vn -0.9433 -0.0000 -0.3318
vn -0.6688 0.7435 -0.0000
vn -0.1531 -0.0000 0.9882
vn -0.7769 -0.0000 -0.6296
vn -0.7219 0.6920 -0.0000
vn -0.6402 -0.0000 0.7682
vn -0.7086 -0.0000 -0.7056
vn -0.2472 0.9690 -0.0000
vn -0.7091 -0.0000 -0.7052
vn -0.7052 -0.0000 0.7090
vn -0.7599 -0.0001 -0.6500
vn -0.2487 0.9686 -0.0002
vn -0.1819 -0.0000 0.9833
vn -0.7597 -0.0001 -0.6503
vn -0.9671 -0.0002 -0.2543
vn -0.9734 -0.0000 0.2290
vn -0.6408 0.7677 -0.0000
vn 0.8336 0.0047 -0.5523
vn -0.9996 -0.0035 0.0285
vn 0.8331 0.0047 -0.5531
vn -1.0000 -0.0000 0.0027
vn 0.8339 0.0047 -0.5520
vn 0.8338 0.0047 -0.5521
vn 0.8332 0.0047 -0.5529
vn -0.6194 -0.0000 0.7850
vn -0.7763 -0.0000 -0.6304
vn -0.0000 -0.7479 0.6638
vn 0.7073 -0.7069 -0.0000
vn 0.7334 -0.6798 -0.0001
vn -0.0000 -0.7291 0.6844
vn -0.0000 -0.7295 0.6840
vn 0.2130 -0.9770 -0.0000
vn -0.0000 -0.2827 0.9592
vn 0.7410 -0.6715 -0.0000
vn -0.7432 -0.6690 -0.0000
vn -0.4664 -0.8846 -0.0000
vn -0.7483 -0.6634 -0.0000
vn 0.2862 -0.6911 -0.6637
vn 0.2919 -0.7048 -0.6465
vn 0.2705 -0.7074 0.6530
vn 0.2862 -0.6907 -0.6641
vn 0.2861 -0.6911 -0.6637
vn 0.2920 -0.7049 -0.6464
vn 0.2920 -0.7048 -0.6465
vn 0.2862 -0.6908 -0.6640
vn -0.7304 -0.6831 -0.0000
vn -0.7152 -0.0000 0.6989
vn -0.1523 -0.0000 0.9883
vn 0.6322 -0.0015 0.7748
vn 0.9514 0.0015 -0.3080
vn 0.4608 -0.0000 -0.8875
vn -0.8807 -0.3074 -0.3604
vn -0.6679 0.3323 -0.6659
vn -0.8557 -0.5175 -0.0000
vn 0.6121 -0.0016 0.7908
vn 0.9514 0.0015 -0.3081
vn -0.5914 0.7654 -0.2539
vn 0.4609 -0.0000 -0.8875
vn -0.9967 0.0800 0.0118
vn -0.8395 -0.5434 -0.0000
vn 0.7473 0.0680 -0.6610
vn -0.0724 0.9825 0.1718
vn -0.8627 -0.3579 0.3573
vn -0.6678 0.3322 -0.6662
vn 0.9239 0.3827 -0.0032
vn 0.9102 -0.1876 -0.3692
vn 0.6337 -0.0015 0.7736
vn 0.9514 0.0015 -0.3079
vn -0.9238 -0.0000 -0.3828
vn -0.8806 -0.3074 -0.3605
vn 0.4611 -0.0000 -0.8873
vn -0.6681 0.3323 -0.6658
vn 0.9512 0.0015 -0.3085
vn -0.5912 0.7655 -0.2540
vn 0.4615 -0.0000 -0.8872
vn 0.9512 0.0015 -0.3086
vn -0.5912 0.7655 -0.2539
vn 0.4605 -0.0000 -0.8876
vn -0.9967 0.0804 0.0118
vn 0.8322 -0.0584 -0.5515
vn 0.9515 0.0015 -0.3077
vn 0.0466 0.9259 -0.3749
vn 0.9370 0.0730 -0.3417
vt 0.830816 0.217831
vt 0.892846 0.217831
vt 0.892846 0.225741
vt 0.830816 0.225741
vt 0.322610 0.309904
vt 0.322588 0.309903
vt 0.322610 0.309881
vt 0.314345 0.613739
vt 0.314367 0.613739
vt 0.314345 0.613761
vt 0.309881 0.613740
vt 0.309903 0.613740
vt 0.309903 0.613762
vt 0.322809 0.309881
vt 0.322831 0.309903
vt 0.322809 0.309904
vt 0.314146 0.613739
vt 0.314146 0.613761
vt 0.314124 0.613739
vt 0.621650 0.996981
vt 0.621650 0.996959
vt 0.621672 0.996959
vt 0.310102 0.613740
vt 0.310124 0.613740
vt 0.310102 0.613762
vt 0.305881 0.305881
vt 0.305859 0.305903
vt 0.305859 0.305881
vt 0.529227 0.996968
vt 0.529245 0.996959
vt 0.529245 0.996984
vt 0.581469 0.996959
vt 0.581480 0.996982
vt 0.581459 0.996982
vt 0.326849 0.309906
vt 0.326831 0.309907
vt 0.326854 0.309881
vt 0.521189 0.996959
vt 0.521208 0.996968
vt 0.521189 0.996984
vt 0.002024 0.545810
vt 0.002000 0.545785
vt 0.002018 0.545785
vt 0.525227 0.996968
vt 0.525208 0.996984
vt 0.525208 0.996959
vt 0.541279 0.996968
vt 0.541298 0.996959
vt 0.541298 0.996983
vt 0.533245 0.996959
vt 0.533264 0.996968
vt 0.533245 0.996983
vt 0.452904 0.996975
vt 0.452889 0.996990
vt 0.452889 0.996959
vt 0.980523 0.263113
vt 0.980501 0.263091
vt 0.980523 0.263090
vt 0.993315 0.207313
vt 0.993337 0.207313
vt 0.993315 0.207335
vt 0.980523 0.207335
vt 0.980501 0.207313
vt 0.980523 0.207313
vt 0.268244 0.544237
vt 0.268266 0.544259
vt 0.268244 0.544259
vt 0.734124 0.540215
vt 0.734124 0.540192
vt 0.734146 0.540193
vt 0.993337 0.263091
vt 0.993315 0.263113
vt 0.993315 0.263090
vt 0.721310 0.540193
vt 0.721332 0.540192
vt 0.721332 0.540215
vt 0.625672 0.996959
vt 0.625694 0.996959
vt 0.625694 0.996981
vt 0.780355 0.309906
vt 0.780377 0.309884
vt 0.780377 0.309907
vt 0.069937 0.992937
vt 0.069959 0.992937
vt 0.069937 0.992959
vt 0.515277 0.717654
vt 0.515255 0.717676
vt 0.515255 0.717654
vt 0.993315 0.215893
vt 0.993337 0.215893
vt 0.993315 0.215915
vt 0.502441 0.717654
vt 0.502463 0.717654
vt 0.502463 0.717676
vt 0.980501 0.215893
vt 0.980523 0.215893
vt 0.980523 0.215915
vt 0.793191 0.309903
vt 0.793169 0.309904
vt 0.793169 0.309881
vt 0.993315 0.305994
vt 0.993337 0.305995
vt 0.993315 0.306017
vt 0.481013 0.996975
vt 0.480998 0.996990
vt 0.480998 0.996959
vt 0.993315 0.198732
vt 0.993337 0.198732
vt 0.993315 0.198754
vt 0.209111 0.540214
vt 0.209133 0.540215
vt 0.209111 0.540237
vt 0.980523 0.198754
vt 0.980501 0.198732
vt 0.980523 0.198732
vt 0.980523 0.306017
vt 0.980501 0.305995
vt 0.980523 0.305994
vt 0.196297 0.540214
vt 0.196319 0.540214
vt 0.196319 0.540237
vt 0.772065 0.309881
vt 0.772087 0.309903
vt 0.772065 0.309903
vt 0.629694 0.996959
vt 0.629716 0.996959
vt 0.629716 0.996981
vt 0.993315 0.288855
vt 0.993315 0.288833
vt 0.993337 0.288833
vt 0.074227 0.992937
vt 0.074249 0.992937
vt 0.074227 0.992959
vt 0.780377 0.481607
vt 0.780377 0.481630
vt 0.780355 0.481629
vt 0.980501 0.288833
vt 0.980523 0.288833
vt 0.980523 0.288855
vt 0.151687 0.717676
vt 0.151687 0.717698
vt 0.151665 0.717676
vt 0.793169 0.481604
vt 0.793191 0.481626
vt 0.793169 0.481627
vt 0.164479 0.717676
vt 0.164501 0.717676
vt 0.164479 0.717698
vt 0.464951 0.996975
vt 0.464935 0.996990
vt 0.464935 0.996959
vt 0.980523 0.233077
vt 0.980501 0.233055
vt 0.980523 0.233054
vt 0.993315 0.233054
vt 0.993337 0.233055
vt 0.993315 0.233077
vt 0.247073 0.544237
vt 0.247095 0.544259
vt 0.247073 0.544259
vt 0.993315 0.211603
vt 0.993337 0.211603
vt 0.993315 0.211625
vt 0.213155 0.540237
vt 0.213133 0.540215
vt 0.213155 0.540214
vt 0.225947 0.540215
vt 0.225969 0.540215
vt 0.225947 0.540237
vt 0.980523 0.211625
vt 0.980501 0.211603
vt 0.980523 0.211603
vt 0.793122 0.002000
vt 0.793144 0.002022
vt 0.793122 0.002023
vt 0.780330 0.002026
vt 0.780308 0.002025
vt 0.780330 0.002003
vt 0.616272 0.717654
vt 0.616294 0.717654
vt 0.616272 0.717676
vt 0.603480 0.717654
vt 0.603480 0.717676
vt 0.603458 0.717654
vt 0.980501 0.271672
vt 0.980523 0.271672
vt 0.980523 0.271695
vt 0.468951 0.996959
vt 0.468967 0.996975
vt 0.468951 0.996990
vt 0.078517 0.992959
vt 0.078517 0.992937
vt 0.078539 0.992937
vt 0.993315 0.271695
vt 0.993315 0.271672
vt 0.993337 0.271672
vt 0.993315 0.237345
vt 0.993337 0.237346
vt 0.993315 0.237368
vt 0.263932 0.544237
vt 0.263954 0.544259
vt 0.263932 0.544259
vt 0.980523 0.280275
vt 0.980501 0.280253
vt 0.980523 0.280253
vt 0.229969 0.540215
vt 0.229991 0.540214
vt 0.229991 0.540237
vt 0.980523 0.237368
vt 0.980501 0.237346
vt 0.980523 0.237345
vt 0.633738 0.996959
vt 0.633738 0.996981
vt 0.633716 0.996959
vt 0.242805 0.540215
vt 0.242783 0.540237
vt 0.242783 0.540214
vt 0.993315 0.280275
vt 0.993315 0.280253
vt 0.993337 0.280253
vt 0.601540 0.996959
vt 0.601562 0.996959
vt 0.601562 0.996981
vt 0.993315 0.293146
vt 0.993315 0.293124
vt 0.993337 0.293124
vt 0.637152 0.717654
vt 0.637152 0.717676
vt 0.637130 0.717654
vt 0.649944 0.717654
vt 0.649966 0.717654
vt 0.649944 0.717676
vt 0.980501 0.293124
vt 0.980523 0.293124
vt 0.980523 0.293146
vt 0.810027 0.653349
vt 0.810005 0.653350
vt 0.810005 0.653327
vt 0.057066 0.992937
vt 0.057088 0.992937
vt 0.057066 0.992959
vt 0.797213 0.653329
vt 0.797213 0.653352
vt 0.797191 0.653351
vt 0.472982 0.996975
vt 0.472967 0.996990
vt 0.472967 0.996959
vt 0.980501 0.241637
vt 0.980523 0.241636
vt 0.980523 0.241659
vt 0.993315 0.241636
vt 0.993337 0.241637
vt 0.993315 0.241659
vt 0.305859 0.309903
vt 0.305881 0.309925
vt 0.305859 0.309925
vt 0.980523 0.284565
vt 0.980501 0.284543
vt 0.980523 0.284543
vt 0.246805 0.540214
vt 0.246827 0.540214
vt 0.246827 0.540237
vt 0.259619 0.540214
vt 0.259641 0.540215
vt 0.259619 0.540237
vt 0.993315 0.284543
vt 0.993337 0.284543
vt 0.993315 0.284565
vt 0.061356 0.992937
vt 0.061378 0.992937
vt 0.061356 0.992959
vt 0.599436 0.717654
vt 0.599458 0.717654
vt 0.599436 0.717676
vt 0.485013 0.996959
vt 0.485029 0.996975
vt 0.485013 0.996990
vt 0.586644 0.717654
vt 0.586644 0.717676
vt 0.586622 0.717654
vt 0.980501 0.164410
vt 0.980523 0.164410
vt 0.980523 0.164432
vt 0.809980 0.002022
vt 0.809958 0.002023
vt 0.809958 0.002000
vt 0.797166 0.002026
vt 0.797144 0.002025
vt 0.797166 0.002003
vt 0.993315 0.164432
vt 0.993315 0.164410
vt 0.993337 0.164410
vt 0.980523 0.245950
vt 0.980501 0.245928
vt 0.980523 0.245927
vt 0.605562 0.996959
vt 0.605584 0.996959
vt 0.605584 0.996981
vt 0.993337 0.245928
vt 0.993315 0.245950
vt 0.993315 0.245927
vt 0.297626 0.309925
vt 0.297604 0.309925
vt 0.297604 0.309903
vt 0.980523 0.194464
vt 0.980501 0.194442
vt 0.980523 0.194442
vt 0.993315 0.194442
vt 0.993337 0.194442
vt 0.993315 0.194464
vt 0.263641 0.540215
vt 0.263663 0.540214
vt 0.263663 0.540237
vt 0.276455 0.540215
vt 0.276477 0.540215
vt 0.276455 0.540237
vt 0.637760 0.996981
vt 0.637738 0.996959
vt 0.637760 0.996959
vt 0.810027 0.309903
vt 0.810005 0.309904
vt 0.810005 0.309881
vt 0.569807 0.717654
vt 0.569807 0.717676
vt 0.569785 0.717654
vt 0.582600 0.717654
vt 0.582622 0.717654
vt 0.582599 0.717676
vt 0.980523 0.168722
vt 0.980501 0.168700
vt 0.980523 0.168700
vt 0.993315 0.168700
vt 0.993337 0.168700
vt 0.993315 0.168722
vt 0.082807 0.992937
vt 0.082829 0.992937
vt 0.082807 0.992959
vt 0.797213 0.309884
vt 0.797213 0.309907
vt 0.797191 0.309906
vt 0.993315 0.310285
vt 0.993337 0.310286
vt 0.993315 0.310308
vt 0.980523 0.220206
vt 0.980501 0.220184
vt 0.980523 0.220183
vt 0.251386 0.544237
vt 0.251408 0.544259
vt 0.251386 0.544259
vt 0.980523 0.310285
vt 0.980523 0.310308
vt 0.980501 0.310286
vt 0.670824 0.540215
vt 0.670802 0.540193
vt 0.670824 0.540192
vt 0.641782 0.996959
vt 0.641782 0.996981
vt 0.641760 0.996959
vt 0.683638 0.540193
vt 0.683616 0.540215
vt 0.683616 0.540192
vt 0.993315 0.220206
vt 0.993315 0.220183
vt 0.993337 0.220184
vt 0.980501 0.172991
vt 0.980523 0.172991
vt 0.980523 0.173013
vt 0.565785 0.717654
vt 0.565763 0.717676
vt 0.565763 0.717654
vt 0.993315 0.172991
vt 0.993337 0.172991
vt 0.993315 0.173013
vt 0.552971 0.717654
vt 0.552971 0.717676
vt 0.552949 0.717654
vt 0.489029 0.996959
vt 0.489045 0.996975
vt 0.489029 0.996990
vt 0.793169 0.653327
vt 0.793191 0.653349
vt 0.793169 0.653350
vt 0.780377 0.653352
vt 0.780355 0.653351
vt 0.780377 0.653329
vt 0.087098 0.992937
vt 0.087120 0.992937
vt 0.087098 0.992959
vt 0.476998 0.996975
vt 0.476982 0.996990
vt 0.476982 0.996959
vt 0.187985 0.544237
vt 0.188007 0.544259
vt 0.187985 0.544259
vt 0.700452 0.540215
vt 0.700452 0.540192
vt 0.700474 0.540193
vt 0.993337 0.250219
vt 0.993315 0.250241
vt 0.993315 0.250218
vt 0.980523 0.203045
vt 0.980501 0.203023
vt 0.980523 0.203023
vt 0.687638 0.540192
vt 0.687660 0.540192
vt 0.687660 0.540215
vt 0.980523 0.250241
vt 0.980501 0.250219
vt 0.980523 0.250218
vt 0.993315 0.203023
vt 0.993337 0.203023
vt 0.993315 0.203045
vt 0.645782 0.996959
vt 0.645804 0.996959
vt 0.645804 0.996981
vt 0.065647 0.992937
vt 0.065669 0.992937
vt 0.065647 0.992959
vt 0.980501 0.177281
vt 0.980523 0.177281
vt 0.980523 0.177303
vt 0.476498 0.717654
vt 0.476520 0.717654
vt 0.476520 0.717676
vt 0.489312 0.717654
vt 0.489334 0.717654
vt 0.489312 0.717676
vt 0.814002 0.002003
vt 0.814002 0.002026
vt 0.813980 0.002025
vt 0.826816 0.002022
vt 0.826794 0.002023
vt 0.826794 0.002000
vt 0.993315 0.177303
vt 0.993315 0.177281
vt 0.993337 0.177281
vt 0.993315 0.267381
vt 0.993337 0.267382
vt 0.993315 0.267404
vt 0.179483 0.540237
vt 0.179461 0.540214
vt 0.179483 0.540214
vt 0.192275 0.540214
vt 0.192297 0.540215
vt 0.192275 0.540237
vt 0.192297 0.544237
vt 0.192319 0.544259
vt 0.192297 0.544259
vt 0.993315 0.297414
vt 0.993337 0.297414
vt 0.993315 0.297436
vt 0.980523 0.267404
vt 0.980501 0.267382
vt 0.980523 0.267381
vt 0.980523 0.297414
vt 0.980523 0.297436
vt 0.980501 0.297414
vt 0.649804 0.996959
vt 0.649826 0.996959
vt 0.649826 0.996981
vt 0.035694 0.825052
vt 0.035694 0.825075
vt 0.035672 0.825074
vt 0.980501 0.224474
vt 0.980523 0.224474
vt 0.980523 0.224496
vt 0.548927 0.717654
vt 0.548949 0.717654
vt 0.548927 0.717676
vt 0.048508 0.825071
vt 0.048486 0.825072
vt 0.048486 0.825049
vt 0.993315 0.224496
vt 0.993315 0.224474
vt 0.993337 0.224474
vt 0.536135 0.717654
vt 0.536135 0.717676
vt 0.536113 0.717654
vt 0.653826 0.996959
vt 0.653848 0.996959
vt 0.653848 0.996981
vt 0.091388 0.992937
vt 0.091410 0.992937
vt 0.091388 0.992959
vt 0.993315 0.254508
vt 0.993337 0.254510
vt 0.993315 0.254532
vt 0.259619 0.544237
vt 0.259641 0.544259
vt 0.259619 0.544259
vt 0.280477 0.540214
vt 0.280499 0.540214
vt 0.280499 0.540237
vt 0.993315 0.181571
vt 0.993337 0.181571
vt 0.993315 0.181593
vt 0.980523 0.181593
vt 0.980501 0.181571
vt 0.980523 0.181571
vt 0.980523 0.254532
vt 0.980501 0.254510
vt 0.980523 0.254508
vt 0.657870 0.996959
vt 0.657870 0.996981
vt 0.657848 0.996959
vt 0.293292 0.540214
vt 0.293314 0.540215
vt 0.293292 0.540237
vt 0.810027 0.481626
vt 0.810005 0.481627
vt 0.810005 0.481604
vt 0.519299 0.717676
vt 0.519277 0.717654
vt 0.519299 0.717654
vt 0.532091 0.717654
vt 0.532113 0.717654
vt 0.532091 0.717676
vt 0.661870 0.996959
vt 0.661892 0.996959
vt 0.661892 0.996981
vt 0.797213 0.481607
vt 0.797213 0.481630
vt 0.797191 0.481629
vt 0.980501 0.228764
vt 0.980523 0.228764
vt 0.980523 0.228786
vt 0.993315 0.228786
vt 0.993315 0.228764
vt 0.993337 0.228764
vt 0.052776 0.992937
vt 0.052798 0.992937
vt 0.052776 0.992959
vt 0.456920 0.996975
vt 0.456904 0.996990
vt 0.456904 0.996959
vt 0.717288 0.540192
vt 0.717310 0.540193
vt 0.717288 0.540215
vt 0.980523 0.301726
vt 0.980501 0.301704
vt 0.980523 0.301704
vt 0.704496 0.540192
vt 0.704496 0.540215
vt 0.704474 0.540193
vt 0.980523 0.314576
vt 0.980523 0.314599
vt 0.980501 0.314577
vt 0.993315 0.314576
vt 0.993337 0.314577
vt 0.993315 0.314599
vt 0.767706 0.002000
vt 0.767728 0.002022
vt 0.767706 0.002022
vt 0.993315 0.301704
vt 0.993337 0.301704
vt 0.993315 0.301726
vt 0.002022 0.825052
vt 0.002022 0.825075
vt 0.002000 0.825074
vt 0.460920 0.996959
vt 0.460935 0.996975
vt 0.460920 0.996990
vt 0.309903 0.785627
vt 0.309903 0.785649
vt 0.309881 0.785627
vt 0.322695 0.785627
vt 0.322717 0.785627
vt 0.322695 0.785649
vt 0.014836 0.825071
vt 0.014814 0.825072
vt 0.014814 0.825049
vt 0.980501 0.185862
vt 0.980523 0.185861
vt 0.980523 0.185884
vt 0.993315 0.185884
vt 0.993315 0.185861
vt 0.993337 0.185862
vt 0.099968 0.992937
vt 0.099990 0.992937
vt 0.099968 0.992959
vt 0.493060 0.996975
vt 0.493045 0.996990
vt 0.493045 0.996959
vt 0.653966 0.540193
vt 0.653988 0.540192
vt 0.653988 0.540215
vt 0.993315 0.275963
vt 0.993337 0.275963
vt 0.993315 0.275985
vt 0.980523 0.275985
vt 0.980501 0.275963
vt 0.980523 0.275963
vt 0.772018 0.002000
vt 0.772040 0.002022
vt 0.772018 0.002022
vt 0.993315 0.258799
vt 0.993337 0.258800
vt 0.993315 0.258822
vt 0.980523 0.258822
vt 0.980501 0.258800
vt 0.980523 0.258799
vt 0.666780 0.540192
vt 0.666802 0.540193
vt 0.666780 0.540215
vt 0.609584 0.996959
vt 0.609606 0.996959
vt 0.609606 0.996981
vt 0.633108 0.717654
vt 0.633130 0.717654
vt 0.633108 0.717676
vt 0.018858 0.825052
vt 0.018858 0.825075
vt 0.018836 0.825074
vt 0.980523 0.190174
vt 0.980501 0.190152
vt 0.980523 0.190152
vt 0.031650 0.825072
vt 0.031650 0.825049
vt 0.031672 0.825071
vt 0.620316 0.717654
vt 0.620316 0.717676
vt 0.620294 0.717654
vt 0.095678 0.992959
vt 0.095678 0.992937
vt 0.095700 0.992937
vt 0.993315 0.190174
vt 0.993315 0.190152
vt 0.993337 0.190152
vt 0.656446 0.825049
vt 0.656448 0.825071
vt 0.656426 0.825071
vt 0.435118 0.825071
vt 0.435142 0.825049
vt 0.435140 0.825071
vt 0.551034 0.825071
vt 0.551057 0.825049
vt 0.551057 0.825071
vt 0.763807 0.825049
vt 0.763809 0.825071
vt 0.763787 0.825071
vt 0.436159 0.970734
vt 0.436135 0.970756
vt 0.436137 0.970734
vt 0.551057 0.970754
vt 0.551034 0.970732
vt 0.551057 0.970732
vt 0.656446 0.970756
vt 0.656426 0.970734
vt 0.656448 0.970734
vt 0.435118 0.970734
vt 0.435140 0.970734
vt 0.435142 0.970756
vt 0.661326 0.825049
vt 0.661328 0.825071
vt 0.661306 0.825071
vt 0.440181 0.970734
vt 0.440182 0.970756
vt 0.440159 0.970734
vt 0.440182 0.825071
vt 0.440160 0.825071
vt 0.440183 0.825049
vt 0.797946 0.825071
vt 0.797967 0.825049
vt 0.797968 0.825071
vt 0.626337 0.825049
vt 0.626337 0.825071
vt 0.626314 0.825071
vt 0.441176 0.970756
vt 0.441178 0.970734
vt 0.441200 0.970734
vt 0.626314 0.970732
vt 0.626337 0.970732
vt 0.626337 0.970754
vt 0.661306 0.970734
vt 0.661328 0.970734
vt 0.661326 0.970756
vt 0.719887 0.825049
vt 0.719889 0.825071
vt 0.719866 0.825071
vt 0.445222 0.970734
vt 0.445223 0.970756
vt 0.445200 0.970734
vt 0.606239 0.825071
vt 0.606263 0.825049
vt 0.606262 0.825071
vt 0.719866 0.970734
vt 0.719889 0.970734
vt 0.719887 0.970756
vt 0.606263 0.970754
vt 0.606239 0.970732
vt 0.606262 0.970732
vt 0.445200 0.825071
vt 0.445224 0.825049
vt 0.445223 0.825071
vt 0.768687 0.825049
vt 0.768689 0.825071
vt 0.768667 0.825071
vt 0.446218 0.970734
vt 0.446240 0.970734
vt 0.446217 0.970756
vt 0.773547 0.825071
vt 0.773567 0.825049
vt 0.773569 0.825071
vt 0.715007 0.825049
vt 0.715009 0.825071
vt 0.714987 0.825071
vt 0.450263 0.825071
vt 0.450241 0.825071
vt 0.450265 0.825049
vt 0.714987 0.970734
vt 0.715009 0.970734
vt 0.715007 0.970756
vt 0.611281 0.970732
vt 0.611281 0.970754
vt 0.611258 0.970732
vt 0.611281 0.825049
vt 0.611281 0.825071
vt 0.611258 0.825071
vt 0.451258 0.970756
vt 0.451259 0.970734
vt 0.451281 0.970734
vt 0.450263 0.970734
vt 0.450264 0.970756
vt 0.450240 0.970734
vt 0.641393 0.970732
vt 0.641393 0.970754
vt 0.641370 0.970732
vt 0.540996 0.970734
vt 0.540998 0.970756
vt 0.540974 0.970734
vt 0.541993 0.970734
vt 0.542015 0.970734
vt 0.541991 0.970756
vt 0.641370 0.825071
vt 0.641394 0.825049
vt 0.641393 0.825071
vt 0.724767 0.825049
vt 0.724769 0.825071
vt 0.724747 0.825071
vt 0.540997 0.825071
vt 0.540975 0.825071
vt 0.540998 0.825049
vt 0.830838 0.027279
vt 0.830816 0.027259
vt 0.830838 0.027257
vt 0.724769 0.970734
vt 0.724767 0.970756
vt 0.724747 0.970734
vt 0.521828 0.970756
vt 0.521830 0.970734
vt 0.521852 0.970734
vt 0.520834 0.825071
vt 0.520812 0.825071
vt 0.520835 0.825049
vt 0.739387 0.970734
vt 0.739409 0.970734
vt 0.739407 0.970756
vt 0.778427 0.825071
vt 0.778447 0.825049
vt 0.778449 0.825071
vt 0.739407 0.825049
vt 0.739409 0.825071
vt 0.739387 0.825071
vt 0.646389 0.970732
vt 0.646412 0.970732
vt 0.646412 0.970754
vt 0.646412 0.825049
vt 0.646412 0.825071
vt 0.646389 0.825071
vt 0.520833 0.970734
vt 0.520835 0.970756
vt 0.520811 0.970734
vt 0.830816 0.032139
vt 0.830838 0.032137
vt 0.830838 0.032159
vt 0.571132 0.970754
vt 0.571109 0.970732
vt 0.571131 0.970732
vt 0.456322 0.970734
vt 0.456299 0.970756
vt 0.456300 0.970734
vt 0.455303 0.970734
vt 0.455305 0.970756
vt 0.455281 0.970734
vt 0.455282 0.825071
vt 0.455306 0.825049
vt 0.455304 0.825071
vt 0.685706 0.825071
vt 0.685727 0.825049
vt 0.685728 0.825071
vt 0.685728 0.970734
vt 0.685727 0.970756
vt 0.685706 0.970734
vt 0.571109 0.825071
vt 0.571132 0.825049
vt 0.571131 0.825071
vt 0.830838 0.012640
vt 0.830816 0.012619
vt 0.830838 0.012618
vt 0.556076 0.970754
vt 0.556052 0.970732
vt 0.556075 0.970732
vt 0.758927 0.825049
vt 0.758929 0.825071
vt 0.758907 0.825071
vt 0.460323 0.825071
vt 0.460346 0.825049
vt 0.460345 0.825071
vt 0.460344 0.970734
vt 0.460345 0.970756
vt 0.460322 0.970734
vt 0.556076 0.825049
vt 0.556075 0.825071
vt 0.556052 0.825071
vt 0.461363 0.970734
vt 0.461339 0.970756
vt 0.461341 0.970734
vt 0.758907 0.970734
vt 0.758929 0.970734
vt 0.758927 0.970756
vt 0.576150 0.970732
vt 0.576151 0.970754
vt 0.576127 0.970732
vt 0.812606 0.825049
vt 0.812608 0.825071
vt 0.812586 0.825071
vt 0.465385 0.970734
vt 0.465386 0.970756
vt 0.465363 0.970734
vt 0.666206 0.825049
vt 0.666208 0.825071
vt 0.666186 0.825071
vt 0.465363 0.825071
vt 0.465386 0.825049
vt 0.465385 0.825071
vt 0.576127 0.825071
vt 0.576151 0.825049
vt 0.576150 0.825071
vt 0.666208 0.970734
vt 0.666206 0.970756
vt 0.666186 0.970734
vt 0.466382 0.970734
vt 0.466404 0.970734
vt 0.466380 0.970756
vt 0.729647 0.825049
vt 0.729649 0.825071
vt 0.729627 0.825071
vt 0.470426 0.825071
vt 0.470404 0.825071
vt 0.470428 0.825049
vt 0.561095 0.825049
vt 0.561094 0.825071
vt 0.561071 0.825071
vt 0.817466 0.825071
vt 0.817486 0.825049
vt 0.817488 0.825071
vt 0.471444 0.970734
vt 0.471421 0.970756
vt 0.471422 0.970734
vt 0.561071 0.970732
vt 0.561094 0.970732
vt 0.561095 0.970754
vt 0.729627 0.970734
vt 0.729649 0.970734
vt 0.729647 0.970756
vt 0.470426 0.970734
vt 0.470427 0.970756
vt 0.470403 0.970734
vt 0.616300 0.970732
vt 0.616300 0.970754
vt 0.616277 0.970732
vt 0.749169 0.970734
vt 0.749167 0.970756
vt 0.749147 0.970734
vt 0.475445 0.825071
vt 0.475469 0.825049
vt 0.475467 0.825071
vt 0.616277 0.825071
vt 0.616300 0.825049
vt 0.616300 0.825071
vt 0.749167 0.825049
vt 0.749169 0.825071
vt 0.749147 0.825071
vt 0.830816 0.037019
vt 0.830838 0.037017
vt 0.830838 0.037039
vt 0.476463 0.970734
vt 0.476485 0.970734
vt 0.476462 0.970756
vt 0.475466 0.970734
vt 0.475468 0.970756
vt 0.475444 0.970734
vt 0.671087 0.825049
vt 0.671088 0.825071
vt 0.671066 0.825071
vt 0.671066 0.970734
vt 0.671088 0.970734
vt 0.671087 0.970756
vt 0.530915 0.970734
vt 0.530916 0.970756
vt 0.530893 0.970734
vt 0.530915 0.825071
vt 0.530893 0.825071
vt 0.530916 0.825049
vt 0.581146 0.825071
vt 0.581169 0.825049
vt 0.581169 0.825071
vt 0.830838 0.017498
vt 0.830838 0.017520
vt 0.830816 0.017499
vt 0.581146 0.970732
vt 0.581169 0.970732
vt 0.581169 0.970754
vt 0.531910 0.970756
vt 0.531912 0.970734
vt 0.531933 0.970734
vt 0.621295 0.825071
vt 0.621319 0.825049
vt 0.621318 0.825071
vt 0.480507 0.970734
vt 0.480508 0.970756
vt 0.480485 0.970734
vt 0.675968 0.970734
vt 0.675967 0.970756
vt 0.675946 0.970734
vt 0.802847 0.825049
vt 0.802848 0.825071
vt 0.802826 0.825071
vt 0.480486 0.825071
vt 0.480509 0.825049
vt 0.480508 0.825071
vt 0.481504 0.970734
vt 0.481526 0.970734
vt 0.481502 0.970756
vt 0.675967 0.825049
vt 0.675968 0.825071
vt 0.675946 0.825071
vt 0.621318 0.970732
vt 0.621319 0.970754
vt 0.621295 0.970732
vt 0.822368 0.825071
vt 0.822346 0.825071
vt 0.822366 0.825049
vt 0.601244 0.825049
vt 0.601243 0.825071
vt 0.601220 0.825071
vt 0.601220 0.970732
vt 0.601243 0.970732
vt 0.601244 0.970754
vt 0.485549 0.825071
vt 0.485527 0.825071
vt 0.485550 0.825049
vt 0.695466 0.970734
vt 0.695488 0.970734
vt 0.695487 0.970756
vt 0.486545 0.970734
vt 0.486567 0.970734
vt 0.486543 0.970756
vt 0.485549 0.970756
vt 0.485526 0.970734
vt 0.485548 0.970734
vt 0.695487 0.825049
vt 0.695488 0.825071
vt 0.695466 0.825071
vt 0.830816 0.002860
vt 0.830838 0.002858
vt 0.830838 0.002880
vt 0.596202 0.825071
vt 0.596225 0.825049
vt 0.596225 0.825071
vt 0.690608 0.970734
vt 0.690607 0.970756
vt 0.690586 0.970734
vt 0.490567 0.825071
vt 0.490591 0.825049
vt 0.490589 0.825071
vt 0.690607 0.825049
vt 0.690608 0.825071
vt 0.690586 0.825071
vt 0.491607 0.970734
vt 0.491584 0.970756
vt 0.491585 0.970734
vt 0.596225 0.970754
vt 0.596202 0.970732
vt 0.596225 0.970732
vt 0.490589 0.970734
vt 0.490590 0.970756
vt 0.490567 0.970734
vt 0.651407 0.970732
vt 0.651430 0.970732
vt 0.651431 0.970754
vt 0.680826 0.970734
vt 0.680848 0.970734
vt 0.680847 0.970756
vt 0.680847 0.825049
vt 0.680848 0.825071
vt 0.680826 0.825071
vt 0.535956 0.825071
vt 0.535934 0.825071
vt 0.535958 0.825049
vt 0.651407 0.825071
vt 0.651431 0.825049
vt 0.651430 0.825071
vt 0.783329 0.825071
vt 0.783307 0.825071
vt 0.783327 0.825049
vt 0.536952 0.970734
vt 0.536974 0.970734
vt 0.536951 0.970756
vt 0.535957 0.970756
vt 0.535933 0.970734
vt 0.535956 0.970734
vt 0.807726 0.825049
vt 0.807728 0.825071
vt 0.807706 0.825071
vt 0.631356 0.970732
vt 0.631356 0.970754
vt 0.631333 0.970732
vt 0.495629 0.970734
vt 0.495631 0.970756
vt 0.495607 0.970734
vt 0.734527 0.825049
vt 0.734529 0.825071
vt 0.734507 0.825071
vt 0.496626 0.970734
vt 0.496648 0.970734
vt 0.496625 0.970756
vt 0.734529 0.970734
vt 0.734527 0.970756
vt 0.734507 0.970734
vt 0.495607 0.825071
vt 0.495631 0.825049
vt 0.495629 0.825071
vt 0.631333 0.825071
vt 0.631356 0.825049
vt 0.631356 0.825071
vt 0.566113 0.825049
vt 0.566113 0.825071
vt 0.566090 0.825071
vt 0.744267 0.825071
vt 0.744287 0.825049
vt 0.744289 0.825071
vt 0.500672 0.970756
vt 0.500648 0.970734
vt 0.500670 0.970734
vt 0.744289 0.970734
vt 0.744287 0.970756
vt 0.744267 0.970734
vt 0.830838 0.007760
vt 0.830816 0.007739
vt 0.830838 0.007738
vt 0.500671 0.825071
vt 0.500649 0.825071
vt 0.500672 0.825049
vt 0.501665 0.970756
vt 0.501667 0.970734
vt 0.501689 0.970734
vt 0.566090 0.970732
vt 0.566113 0.970732
vt 0.566113 0.970754
vt 0.586164 0.825071
vt 0.586188 0.825049
vt 0.586187 0.825071
vt 0.586187 0.970732
vt 0.586188 0.970754
vt 0.586164 0.970732
vt 0.700367 0.825049
vt 0.700368 0.825071
vt 0.700346 0.825071
vt 0.505711 0.970734
vt 0.505712 0.970756
vt 0.505689 0.970734
vt 0.830816 0.041899
vt 0.830838 0.041897
vt 0.830838 0.041919
vt 0.505690 0.825071
vt 0.505713 0.825049
vt 0.505712 0.825071
vt 0.506708 0.970734
vt 0.506730 0.970734
vt 0.506706 0.970756
vt 0.700368 0.970734
vt 0.700367 0.970756
vt 0.700346 0.970734
vt 0.705247 0.825049
vt 0.705248 0.825071
vt 0.705226 0.825071
vt 0.510753 0.825049
vt 0.510752 0.825071
vt 0.510730 0.825071
vt 0.510752 0.970734
vt 0.510753 0.970756
vt 0.510730 0.970734
vt 0.705226 0.970734
vt 0.705248 0.970734
vt 0.705247 0.970756
vt 0.511747 0.970756
vt 0.511748 0.970734
vt 0.511770 0.970734
vt 0.636375 0.825049
vt 0.636374 0.825071
vt 0.636351 0.825071
vt 0.830838 0.022400
vt 0.830816 0.022379
vt 0.830838 0.022378
vt 0.636351 0.970732
vt 0.636374 0.970732
vt 0.636375 0.970754
vt 0.591206 0.970732
vt 0.591207 0.970754
vt 0.591183 0.970732
vt 0.710127 0.825049
vt 0.710128 0.825071
vt 0.710106 0.825071
vt 0.525853 0.825071
vt 0.525876 0.825049
vt 0.525875 0.825071
vt 0.526871 0.970734
vt 0.526893 0.970734
vt 0.526869 0.970756
vt 0.525875 0.970756
vt 0.525852 0.970734
vt 0.525874 0.970734
vt 0.591183 0.825071
vt 0.591207 0.825049
vt 0.591206 0.825071
vt 0.788207 0.825049
vt 0.788208 0.825071
vt 0.788186 0.825071
vt 0.710128 0.970734
vt 0.710127 0.970756
vt 0.710106 0.970734
vt 0.793066 0.825071
vt 0.793087 0.825049
vt 0.793088 0.825071
vt 0.515793 0.825071
vt 0.515771 0.825071
vt 0.515795 0.825049
vt 0.754027 0.970734
vt 0.754049 0.970734
vt 0.754047 0.970756
vt 0.546038 0.825071
vt 0.546015 0.825071
vt 0.546038 0.825049
vt 0.754027 0.825071
vt 0.754047 0.825049
vt 0.754049 0.825071
vt 0.546015 0.970732
vt 0.546038 0.970732
vt 0.546038 0.970754
vt 0.516789 0.970734
vt 0.516811 0.970734
vt 0.516788 0.970756
vt 0.515794 0.970756
vt 0.515770 0.970734
vt 0.515793 0.970734
vt 0.270513 0.825049
vt 0.270506 0.825074
vt 0.270487 0.825074
vt 0.381477 0.825049
vt 0.381502 0.825074
vt 0.381484 0.825074
vt 0.266462 0.825049
vt 0.266487 0.825074
vt 0.266469 0.825074
vt 0.155491 0.825074
vt 0.155473 0.825074
vt 0.155498 0.825049
vt 0.270487 0.977670
vt 0.270506 0.977670
vt 0.270513 0.977695
vt 0.155498 0.977695
vt 0.155473 0.977670
vt 0.155491 0.977670
vt 0.266462 0.977695
vt 0.266469 0.977670
vt 0.266487 0.977670
vt 0.381477 0.977695
vt 0.381484 0.977670
vt 0.381502 0.977670
vt 0.830816 0.367204
vt 0.830839 0.367203
vt 0.830823 0.367226
vt 0.830816 0.128409
vt 0.830842 0.128387
vt 0.830838 0.128409
vt 0.830838 0.362094
vt 0.830823 0.362116
vt 0.830816 0.362093
vt 0.830838 0.361027
vt 0.830816 0.361027
vt 0.830823 0.361005
vt 0.969562 0.124365
vt 0.969537 0.124387
vt 0.969540 0.124365
vt 0.830839 0.366137
vt 0.830816 0.366137
vt 0.830822 0.366115
vt 0.969562 0.123299
vt 0.969540 0.123298
vt 0.969536 0.123276
vt 0.830842 0.129497
vt 0.830816 0.129475
vt 0.830838 0.129475
vt 0.613628 0.996959
vt 0.613628 0.996981
vt 0.613606 0.996959
vt 0.851609 0.486749
vt 0.851631 0.486750
vt 0.851609 0.486772
vt 0.830816 0.462696
vt 0.830838 0.462696
vt 0.830838 0.462719
vt 0.851610 0.457886
vt 0.851632 0.457886
vt 0.851609 0.457908
vt 0.211823 0.997770
vt 0.211801 0.997792
vt 0.211801 0.997770
vt 0.830838 0.457908
vt 0.830816 0.457886
vt 0.830838 0.457886
vt 0.830838 0.486772
vt 0.830816 0.486750
vt 0.830838 0.486749
vt 0.851609 0.462696
vt 0.851632 0.462696
vt 0.851609 0.462719
vt 0.617628 0.996959
vt 0.617650 0.996959
vt 0.617650 0.996981
vt 0.851609 0.443476
vt 0.851609 0.443453
vt 0.851631 0.443454
vt 0.216611 0.997770
vt 0.216633 0.997770
vt 0.216611 0.997792
vt 0.851610 0.467507
vt 0.851632 0.467507
vt 0.851610 0.467529
vt 0.830838 0.467507
vt 0.830838 0.467529
vt 0.830816 0.467507
vt 0.830816 0.438643
vt 0.830838 0.438643
vt 0.830838 0.438665
vt 0.830816 0.443454
vt 0.830838 0.443453
vt 0.830838 0.443476
vt 0.851610 0.438665
vt 0.851610 0.438643
vt 0.851632 0.438643
vt 0.893238 0.213831
vt 0.893240 0.213809
vt 0.893262 0.213828
vt 0.830816 0.208787
vt 0.830838 0.208769
vt 0.830841 0.208791
vt 0.830816 0.213828
vt 0.830838 0.213809
vt 0.830841 0.213831
vt 0.893238 0.208791
vt 0.893240 0.208769
vt 0.893262 0.208788
vt 0.830841 0.212791
vt 0.830838 0.212813
vt 0.830816 0.212794
vt 0.893240 0.212813
vt 0.893238 0.212791
vt 0.893262 0.212794
vt 0.830841 0.207750
vt 0.830838 0.207772
vt 0.830816 0.207753
vt 0.893240 0.207772
vt 0.893238 0.207750
vt 0.893262 0.207754
vt 0.830817 0.399506
vt 0.830843 0.399501
vt 0.830838 0.399523
vt 0.858548 0.395479
vt 0.858570 0.395497
vt 0.858544 0.395501
vt 0.858544 0.394460
vt 0.858570 0.394464
vt 0.858548 0.394482
vt 0.830842 0.400541
vt 0.830816 0.400538
vt 0.830838 0.400518
vt 0.858548 0.399523
vt 0.858544 0.399501
vt 0.858570 0.399505
vt 0.858548 0.400518
vt 0.858570 0.400537
vt 0.858543 0.400541
vt 0.830816 0.395498
vt 0.830838 0.395479
vt 0.830842 0.395501
vt 0.830816 0.394464
vt 0.830842 0.394460
vt 0.830838 0.394482
vt 0.856466 0.427795
vt 0.856462 0.427773
vt 0.856488 0.427777
vt 0.830838 0.427795
vt 0.830816 0.427776
vt 0.830842 0.427773
vt 0.830838 0.428792
vt 0.830842 0.428814
vt 0.830816 0.428810
vt 0.856488 0.432818
vt 0.856466 0.432836
vt 0.856462 0.432814
vt 0.830816 0.432817
vt 0.830842 0.432814
vt 0.830838 0.432836
vt 0.830838 0.433832
vt 0.830842 0.433855
vt 0.830816 0.433850
vt 0.856488 0.433851
vt 0.856462 0.433855
vt 0.856466 0.433832
vt 0.856466 0.428792
vt 0.856488 0.428810
vt 0.856462 0.428814
vt 0.553350 0.996964
vt 0.553334 0.996983
vt 0.553334 0.996959
vt 0.537279 0.996983
vt 0.537264 0.996964
vt 0.537279 0.996959
vt 0.517189 0.996959
vt 0.517189 0.996984
vt 0.517174 0.996978
vt 0.565399 0.996959
vt 0.565390 0.996982
vt 0.565382 0.996959
vt 0.557366 0.996983
vt 0.557350 0.996978
vt 0.557366 0.996959
vt 0.561366 0.996982
vt 0.561373 0.996959
vt 0.561382 0.996982
vt 0.545298 0.996964
vt 0.545314 0.996959
vt 0.545314 0.996983
vt 0.569416 0.996982
vt 0.569399 0.996982
vt 0.569408 0.996959
vt 0.991602 0.424539
vt 0.991580 0.424539
vt 0.991576 0.424517
vt 0.986030 0.531942
vt 0.986016 0.531964
vt 0.986007 0.531941
vt 0.980523 0.424841
vt 0.980527 0.424863
vt 0.980501 0.424841
vt 0.549334 0.996967
vt 0.549314 0.996983
vt 0.549314 0.996959
vt 0.980523 0.536267
vt 0.980514 0.536289
vt 0.980501 0.536267
vt 0.991580 0.429188
vt 0.991602 0.429188
vt 0.991576 0.429210
vt 0.513153 0.996984
vt 0.513153 0.996959
vt 0.513174 0.996976
vt 0.980527 0.428863
vt 0.980523 0.428885
vt 0.980501 0.428885
vt 0.846753 0.545026
vt 0.846749 0.545004
vt 0.846775 0.545029
vt 0.830838 0.560940
vt 0.830841 0.560962
vt 0.830816 0.560937
vt 0.830841 0.564962
vt 0.830838 0.564984
vt 0.830816 0.564987
vt 0.830841 0.580920
vt 0.830816 0.580895
vt 0.830838 0.580898
vt 0.830841 0.545004
vt 0.830838 0.545026
vt 0.830816 0.545029
vt 0.846749 0.560962
vt 0.846753 0.560940
vt 0.846775 0.560937
vt 0.846775 0.564987
vt 0.846753 0.564984
vt 0.846749 0.564962
vt 0.846775 0.580895
vt 0.846749 0.580920
vt 0.846753 0.580898
vt 0.993662 0.019205
vt 0.993657 0.019183
vt 0.993684 0.019209
vt 0.993684 0.036392
vt 0.993662 0.036388
vt 0.993657 0.036366
vt 0.980523 0.032344
vt 0.980527 0.032366
vt 0.980501 0.032340
vt 0.980527 0.019183
vt 0.980523 0.019205
vt 0.980501 0.019210
vt 0.993684 0.049522
vt 0.993657 0.049549
vt 0.993662 0.049527
vt 0.993662 0.032344
vt 0.993684 0.032339
vt 0.993657 0.032366
vt 0.980501 0.036393
vt 0.980527 0.036366
vt 0.980523 0.036388
vt 0.980523 0.049527
vt 0.980527 0.049549
vt 0.980501 0.049523
vt 0.846775 0.664779
vt 0.846753 0.664776
vt 0.846749 0.664754
vt 0.830841 0.664754
vt 0.830838 0.664776
vt 0.830816 0.664779
vt 0.846775 0.525070
vt 0.846753 0.525067
vt 0.846749 0.525045
vt 0.830838 0.540982
vt 0.830842 0.541004
vt 0.830816 0.540978
vt 0.830838 0.525067
vt 0.830816 0.525071
vt 0.830841 0.525045
vt 0.846753 0.540982
vt 0.846775 0.540978
vt 0.846749 0.541004
vt 0.846749 0.680712
vt 0.846753 0.680690
vt 0.846775 0.680687
vt 0.830838 0.680690
vt 0.830842 0.680712
vt 0.830816 0.680687
vt 0.843977 0.965333
vt 0.843999 0.965329
vt 0.843973 0.965355
vt 0.843973 0.982538
vt 0.843977 0.982516
vt 0.843999 0.982512
vt 0.843999 0.952199
vt 0.843977 0.952194
vt 0.843973 0.952172
vt 0.830816 0.982512
vt 0.830838 0.982516
vt 0.830843 0.982538
vt 0.830843 0.952172
vt 0.830838 0.952194
vt 0.830816 0.952199
vt 0.843973 0.969355
vt 0.843999 0.969382
vt 0.843977 0.969377
vt 0.830838 0.969377
vt 0.830816 0.969382
vt 0.830843 0.969355
vt 0.830838 0.965333
vt 0.830843 0.965355
vt 0.830816 0.965329
vt 0.846753 0.640774
vt 0.846775 0.640770
vt 0.846749 0.640796
vt 0.830841 0.584920
vt 0.830838 0.584942
vt 0.830816 0.584946
vt 0.830838 0.640774
vt 0.830842 0.640796
vt 0.830816 0.640770
vt 0.846775 0.624862
vt 0.846753 0.624859
vt 0.846749 0.624837
vt 0.846749 0.600879
vt 0.846753 0.600857
vt 0.846775 0.600853
vt 0.830838 0.624859
vt 0.830816 0.624863
vt 0.830841 0.624837
vt 0.846775 0.584946
vt 0.846753 0.584942
vt 0.846749 0.584920
vt 0.830842 0.600879
vt 0.830816 0.600854
vt 0.830838 0.600857
vt 0.980501 0.015157
vt 0.980523 0.015161
vt 0.980527 0.015183
vt 0.993662 0.053571
vt 0.993657 0.053549
vt 0.993684 0.053575
vt 0.980527 0.053549
vt 0.980523 0.053571
vt 0.980501 0.053576
vt 0.993662 0.002022
vt 0.993657 0.002000
vt 0.993684 0.002026
vt 0.993684 0.015156
vt 0.993657 0.015183
vt 0.993662 0.015161
vt 0.993662 0.066710
vt 0.993684 0.066705
vt 0.993657 0.066732
vt 0.980501 0.002027
vt 0.980527 0.002000
vt 0.980523 0.002022
vt 0.980523 0.066710
vt 0.980527 0.066732
vt 0.980501 0.066706
vt 0.846775 0.644821
vt 0.846753 0.644817
vt 0.846749 0.644795
vt 0.830838 0.604901
vt 0.830816 0.604904
vt 0.830841 0.604879
vt 0.846775 0.604904
vt 0.846753 0.604901
vt 0.846749 0.604879
vt 0.846749 0.660754
vt 0.846753 0.660732
vt 0.846775 0.660728
vt 0.830838 0.620815
vt 0.830842 0.620837
vt 0.830816 0.620812
vt 0.846749 0.620837
vt 0.846753 0.620815
vt 0.846775 0.620812
vt 0.830841 0.644795
vt 0.830838 0.644817
vt 0.830816 0.644821
vt 0.830816 0.660729
vt 0.830838 0.660732
vt 0.830842 0.660754
vt 0.843973 0.948172
vt 0.843977 0.948150
vt 0.843999 0.948146
vt 0.830838 0.935011
vt 0.830816 0.935016
vt 0.830843 0.934989
vt 0.980523 0.083893
vt 0.980527 0.083915
vt 0.980501 0.083889
vt 0.830843 0.948172
vt 0.830816 0.948146
vt 0.830838 0.948150
vt 0.843973 0.934989
vt 0.843999 0.935015
vt 0.843977 0.935011
vt 0.993684 0.070758
vt 0.993662 0.070754
vt 0.993657 0.070732
vt 0.993684 0.083889
vt 0.993657 0.083915
vt 0.993662 0.083893
vt 0.980527 0.070732
vt 0.980523 0.070754
vt 0.980501 0.070759
vt 0.830838 0.860916
vt 0.830842 0.860938
vt 0.830816 0.860932
vt 0.846749 0.870603
vt 0.846752 0.870581
vt 0.846775 0.870597
vt 0.830842 0.870603
vt 0.830816 0.870597
vt 0.830838 0.870581
vt 0.830816 0.869777
vt 0.830842 0.869771
vt 0.830838 0.869793
vt 0.846752 0.860127
vt 0.846749 0.860105
vt 0.846774 0.860111
vt 0.846775 0.869777
vt 0.846752 0.869793
vt 0.846749 0.869771
vt 0.830842 0.860105
vt 0.830838 0.860127
vt 0.830816 0.860112
vt 0.846775 0.860931
vt 0.846749 0.860938
vt 0.846752 0.860916
vt 0.846753 0.888707
vt 0.846749 0.888685
vt 0.846775 0.888690
vt 0.846775 0.879441
vt 0.846753 0.879458
vt 0.846749 0.879436
vt 0.830838 0.889287
vt 0.830842 0.889309
vt 0.830816 0.889305
vt 0.830838 0.880038
vt 0.830842 0.880060
vt 0.830816 0.880056
vt 0.830842 0.888685
vt 0.830838 0.888707
vt 0.830816 0.888689
vt 0.846775 0.880056
vt 0.846749 0.880060
vt 0.846753 0.880038
vt 0.830816 0.879440
vt 0.830842 0.879436
vt 0.830838 0.879458
vt 0.846753 0.889287
vt 0.846775 0.889305
vt 0.846749 0.889309
vt 0.980501 0.831402
vt 0.980526 0.831377
vt 0.980524 0.831398
vt 0.983664 0.859311
vt 0.983689 0.859337
vt 0.983667 0.859332
vt 0.983670 0.831398
vt 0.983667 0.831377
vt 0.983693 0.831402
vt 0.983670 0.834339
vt 0.983692 0.834335
vt 0.983667 0.834361
vt 0.980524 0.834339
vt 0.980526 0.834361
vt 0.980501 0.834335
vt 0.983667 0.862273
vt 0.983690 0.862269
vt 0.983665 0.862295
vt 0.980524 0.862273
vt 0.980527 0.862295
vt 0.980502 0.862269
vt 0.980501 0.859336
vt 0.980526 0.859311
vt 0.980524 0.859332
vt 0.980523 0.841323
vt 0.980526 0.841344
vt 0.980501 0.841319
vt 0.983692 0.841319
vt 0.983667 0.841344
vt 0.983670 0.841323
vt 0.983670 0.838382
vt 0.983667 0.838361
vt 0.983692 0.838386
vt 0.983664 0.866295
vt 0.983689 0.866320
vt 0.983667 0.866316
vt 0.983667 0.869257
vt 0.983690 0.869253
vt 0.983665 0.869278
vt 0.980524 0.869257
vt 0.980527 0.869278
vt 0.980501 0.869253
vt 0.980524 0.866316
vt 0.980501 0.866320
vt 0.980526 0.866295
vt 0.980501 0.838386
vt 0.980526 0.838361
vt 0.980524 0.838382
vt 0.846775 0.865764
vt 0.846749 0.865771
vt 0.846752 0.865749
vt 0.846749 0.875436
vt 0.846752 0.875414
vt 0.846775 0.875429
vt 0.830842 0.875436
vt 0.830816 0.875430
vt 0.830838 0.875414
vt 0.846752 0.864960
vt 0.846749 0.864938
vt 0.846775 0.864944
vt 0.846775 0.874609
vt 0.846752 0.874625
vt 0.846749 0.874603
vt 0.830842 0.864938
vt 0.830838 0.864960
vt 0.830816 0.864945
vt 0.830816 0.865765
vt 0.830838 0.865749
vt 0.830842 0.865771
vt 0.830842 0.874603
vt 0.830838 0.874625
vt 0.830816 0.874610
vt 0.830838 0.893912
vt 0.830842 0.893934
vt 0.830816 0.893929
vt 0.830838 0.884663
vt 0.830842 0.884685
vt 0.830816 0.884680
vt 0.846753 0.884083
vt 0.846749 0.884061
vt 0.846775 0.884065
vt 0.846775 0.893930
vt 0.846749 0.893934
vt 0.846753 0.893912
vt 0.830842 0.893309
vt 0.830838 0.893331
vt 0.830816 0.893314
vt 0.846775 0.893314
vt 0.846753 0.893331
vt 0.846749 0.893309
vt 0.830842 0.884061
vt 0.830838 0.884083
vt 0.830816 0.884065
vt 0.846749 0.884685
vt 0.846753 0.884663
vt 0.846775 0.884681
vt 0.980526 0.848328
vt 0.980501 0.848302
vt 0.980524 0.848306
vt 0.980501 0.876236
vt 0.980524 0.876240
vt 0.980527 0.876262
vt 0.980501 0.845370
vt 0.980526 0.845344
vt 0.980524 0.845365
vt 0.980501 0.873304
vt 0.980526 0.873278
vt 0.980524 0.873299
vt 0.983667 0.848328
vt 0.983670 0.848306
vt 0.983692 0.848302
vt 0.983664 0.873278
vt 0.983689 0.873304
vt 0.983667 0.873299
vt 0.983667 0.876240
vt 0.983690 0.876236
vt 0.983665 0.876262
vt 0.983670 0.845365
vt 0.983667 0.845344
vt 0.983692 0.845370
vt 0.980527 0.883245
vt 0.980501 0.883220
vt 0.980524 0.883224
vt 0.980523 0.855290
vt 0.980526 0.855311
vt 0.980501 0.855286
vt 0.983670 0.855290
vt 0.983692 0.855286
vt 0.983667 0.855311
vt 0.980523 0.852349
vt 0.980501 0.852353
vt 0.980526 0.852328
vt 0.983670 0.852349
vt 0.983667 0.852328
vt 0.983692 0.852353
vt 0.983667 0.880283
vt 0.983664 0.880262
vt 0.983689 0.880287
vt 0.983690 0.883220
vt 0.983665 0.883245
vt 0.983667 0.883224
vt 0.980524 0.880283
vt 0.980501 0.880287
vt 0.980526 0.880262
vt 0.986376 0.489014
vt 0.986376 0.488985
vt 0.986399 0.488989
vt 0.196787 0.997857
vt 0.196749 0.997841
vt 0.196776 0.997829
vt 0.986377 0.469921
vt 0.986399 0.469931
vt 0.986377 0.469962
vt 0.986377 0.484339
vt 0.986377 0.484309
vt 0.986399 0.484308
vt 0.986398 0.483999
vt 0.986376 0.484001
vt 0.986376 0.483961
vt 0.980523 0.498032
vt 0.980501 0.498012
vt 0.980523 0.497992
vt 0.980523 0.484339
vt 0.980501 0.484331
vt 0.980523 0.484309
vt 0.980523 0.484001
vt 0.980501 0.483982
vt 0.980523 0.483961
vt 0.980523 0.469962
vt 0.980501 0.469926
vt 0.980523 0.469921
vt 0.187405 0.997841
vt 0.187367 0.997857
vt 0.187389 0.997829
vt 0.986376 0.497992
vt 0.986399 0.498023
vt 0.986376 0.498032
vt 0.186755 0.997572
vt 0.186774 0.997574
vt 0.186770 0.997609
vt 0.986376 0.498364
vt 0.986376 0.498336
vt 0.986398 0.498356
vt 0.980523 0.488642
vt 0.980523 0.488682
vt 0.980501 0.488677
vt 0.986399 0.488645
vt 0.986377 0.488682
vt 0.986377 0.488642
vt 0.980501 0.488982
vt 0.980523 0.488985
vt 0.980523 0.489014
vt 0.986399 0.493320
vt 0.986377 0.493357
vt 0.986377 0.493317
vt 0.986376 0.502707
vt 0.986376 0.502667
vt 0.986398 0.502698
vt 0.192248 0.997857
vt 0.192259 0.997829
vt 0.192286 0.997841
vt 0.986377 0.474657
vt 0.986377 0.474616
vt 0.986399 0.474626
vt 0.986376 0.493689
vt 0.986377 0.493660
vt 0.986399 0.493664
vt 0.980523 0.474616
vt 0.980523 0.474657
vt 0.980501 0.474621
vt 0.980523 0.479326
vt 0.980501 0.479306
vt 0.980523 0.479285
vt 0.980523 0.502667
vt 0.980523 0.502707
vt 0.980501 0.502687
vt 0.986398 0.479323
vt 0.986376 0.479326
vt 0.986376 0.479285
vt 0.980501 0.479656
vt 0.980523 0.479634
vt 0.980524 0.479664
vt 0.986377 0.479664
vt 0.986377 0.479634
vt 0.986399 0.479633
vt 0.182478 0.997857
vt 0.182500 0.997829
vt 0.182516 0.997841
vt 0.986376 0.503039
vt 0.986376 0.503011
vt 0.986398 0.503031
vt 0.980501 0.493352
vt 0.980523 0.493317
vt 0.980523 0.493357
vt 0.181881 0.997609
vt 0.181865 0.997572
vt 0.181885 0.997574
vt 0.980523 0.493660
vt 0.980523 0.493689
vt 0.980501 0.493657
vt 0.830843 0.280270
vt 0.830838 0.280293
vt 0.830816 0.280293
vt 0.830828 0.514825
vt 0.830838 0.514847
vt 0.830816 0.514847
vt 0.830838 0.515913
vt 0.830829 0.515935
vt 0.830816 0.515913
vt 0.830816 0.519957
vt 0.830828 0.519935
vt 0.830839 0.519957
vt 0.830839 0.521023
vt 0.830828 0.521045
vt 0.830816 0.521023
vt 0.872398 0.276270
vt 0.872403 0.276248
vt 0.872425 0.276248
vt 0.830838 0.281359
vt 0.830843 0.281381
vt 0.830816 0.281359
vt 0.872425 0.275182
vt 0.872403 0.275182
vt 0.872398 0.275160
vt 0.665892 0.996959
vt 0.665914 0.996959
vt 0.665914 0.996981
vt 0.851632 0.448265
vt 0.851609 0.448287
vt 0.851610 0.448265
vt 0.830838 0.472340
vt 0.830816 0.472318
vt 0.830838 0.472318
vt 0.851610 0.472318
vt 0.851632 0.472318
vt 0.851610 0.472340
vt 0.830838 0.448265
vt 0.830838 0.448287
vt 0.830816 0.448265
vt 0.851631 0.491561
vt 0.851609 0.491583
vt 0.851609 0.491560
vt 0.830838 0.491560
vt 0.830838 0.491583
vt 0.830816 0.491561
vt 0.202179 0.997792
vt 0.202179 0.997770
vt 0.202201 0.997770
vt 0.851609 0.481938
vt 0.851631 0.481939
vt 0.851609 0.481961
vt 0.830816 0.453075
vt 0.830838 0.453075
vt 0.830838 0.453097
vt 0.830838 0.481938
vt 0.830838 0.481961
vt 0.830816 0.481939
vt 0.830838 0.477150
vt 0.830816 0.477128
vt 0.830838 0.477128
vt 0.669936 0.996959
vt 0.669936 0.996981
vt 0.669914 0.996959
vt 0.207012 0.997770
vt 0.206990 0.997792
vt 0.206990 0.997770
vt 0.851610 0.477128
vt 0.851632 0.477128
vt 0.851609 0.477150
vt 0.851610 0.453075
vt 0.851632 0.453075
vt 0.851609 0.453097
vt 0.985336 0.764399
vt 0.985336 0.764370
vt 0.985358 0.764373
vt 0.985363 0.611592
vt 0.985363 0.611552
vt 0.985385 0.611583
vt 0.985336 0.653947
vt 0.985336 0.653906
vt 0.985358 0.653916
vt 0.985370 0.576126
vt 0.985373 0.576148
vt 0.985332 0.576148
vt 0.980524 0.653886
vt 0.980523 0.653926
vt 0.980501 0.653890
vt 0.985353 0.580978
vt 0.985331 0.581003
vt 0.985331 0.580962
vt 0.380430 0.996999
vt 0.380438 0.996959
vt 0.380453 0.996972
vt 0.985456 0.576147
vt 0.985455 0.576125
vt 0.985486 0.576147
vt 0.985486 0.580960
vt 0.985478 0.580982
vt 0.985456 0.580960
vt 0.317359 0.997264
vt 0.317386 0.997252
vt 0.317396 0.997280
vt 0.372383 0.997095
vt 0.372405 0.997123
vt 0.372390 0.997135
vt 0.985363 0.611703
vt 0.985363 0.611674
vt 0.985385 0.611695
vt 0.985358 0.764250
vt 0.985336 0.764288
vt 0.985336 0.764247
vt 0.980501 0.764283
vt 0.980523 0.764247
vt 0.980523 0.764288
vt 0.980523 0.764370
vt 0.980523 0.764399
vt 0.980501 0.764366
vt 0.985336 0.692223
vt 0.985358 0.692254
vt 0.985336 0.692263
vt 0.509148 0.996959
vt 0.509153 0.996987
vt 0.509130 0.996987
vt 0.334710 0.997266
vt 0.334672 0.997279
vt 0.334684 0.997252
vt 0.980523 0.709278
vt 0.980501 0.709257
vt 0.980523 0.709237
vt 0.980501 0.709135
vt 0.980523 0.709126
vt 0.980523 0.709155
vt 0.985358 0.709275
vt 0.985336 0.709278
vt 0.985336 0.709237
vt 0.985336 0.738969
vt 0.985358 0.738965
vt 0.985336 0.738998
vt 0.985336 0.709360
vt 0.985358 0.709358
vt 0.985336 0.709389
vt 0.985336 0.738846
vt 0.985358 0.738882
vt 0.985336 0.738887
vt 0.436814 0.997002
vt 0.436823 0.996972
vt 0.436807 0.996965
vt 0.278845 0.997164
vt 0.278830 0.997202
vt 0.278826 0.997166
vt 0.278641 0.997280
vt 0.278603 0.997264
vt 0.278619 0.997252
vt 0.980501 0.692263
vt 0.980523 0.692243
vt 0.980523 0.692284
vt 0.985332 0.580880
vt 0.985333 0.580851
vt 0.985354 0.580881
vt 0.980523 0.580961
vt 0.980523 0.581002
vt 0.980501 0.580997
vt 0.985358 0.641155
vt 0.985336 0.641186
vt 0.985336 0.641145
vt 0.985486 0.558229
vt 0.985456 0.558229
vt 0.985455 0.558207
vt 0.985336 0.743231
vt 0.985336 0.743202
vt 0.985358 0.743206
vt 0.239803 0.997201
vt 0.239788 0.997163
vt 0.239806 0.997167
vt 0.980501 0.743115
vt 0.980523 0.743080
vt 0.980523 0.743120
vt 0.985370 0.558207
vt 0.985373 0.558229
vt 0.985332 0.558229
vt 0.985478 0.563064
vt 0.985456 0.563042
vt 0.985486 0.563042
vt 0.980523 0.641125
vt 0.980523 0.641165
vt 0.980501 0.641129
vt 0.304469 0.997264
vt 0.304496 0.997252
vt 0.304506 0.997280
vt 0.239991 0.997280
vt 0.240014 0.997253
vt 0.240029 0.997265
vt 0.985314 0.772755
vt 0.985314 0.772714
vt 0.985336 0.772745
vt 0.985314 0.772866
vt 0.985314 0.772837
vt 0.985336 0.772857
vt 0.985358 0.743083
vt 0.985336 0.743120
vt 0.985336 0.743080
vt 0.980523 0.743202
vt 0.980523 0.743231
vt 0.980501 0.743199
vt 0.985353 0.563060
vt 0.985331 0.563084
vt 0.985331 0.563044
vt 0.985332 0.562962
vt 0.985333 0.562933
vt 0.985354 0.562962
vt 0.444849 0.996959
vt 0.444869 0.996980
vt 0.444849 0.996993
vt 0.985358 0.713534
vt 0.985336 0.713540
vt 0.985336 0.713499
vt 0.283157 0.997164
vt 0.283142 0.997202
vt 0.283138 0.997166
vt 0.282915 0.997264
vt 0.282931 0.997252
vt 0.282953 0.997280
vt 0.980523 0.563043
vt 0.980523 0.563083
vt 0.980501 0.563078
vt 0.980523 0.713501
vt 0.980523 0.713542
vt 0.980501 0.713522
vt 0.980501 0.713399
vt 0.980523 0.713391
vt 0.980523 0.713419
vt 0.985336 0.713622
vt 0.985358 0.713614
vt 0.985336 0.713651
vt 0.985362 0.620141
vt 0.985384 0.620138
vt 0.985362 0.620170
vt 0.239871 0.997302
vt 0.239902 0.997298
vt 0.239903 0.997280
vt 0.261492 0.997277
vt 0.261507 0.997253
vt 0.261531 0.997267
vt 0.985362 0.620019
vt 0.985384 0.620054
vt 0.985362 0.620059
vt 0.980523 0.683776
vt 0.980501 0.683756
vt 0.980523 0.683735
vt 0.985336 0.683715
vt 0.985358 0.683746
vt 0.985336 0.683756
vt 0.985336 0.768632
vt 0.985336 0.768603
vt 0.985358 0.768607
vt 0.985363 0.607470
vt 0.985363 0.607441
vt 0.985385 0.607461
vt 0.985363 0.607359
vt 0.985363 0.607318
vt 0.985385 0.607349
vt 0.364339 0.997095
vt 0.364361 0.997123
vt 0.364346 0.997135
vt 0.985456 0.585107
vt 0.985455 0.585085
vt 0.985486 0.585106
vt 0.985486 0.589919
vt 0.985478 0.589941
vt 0.985456 0.589919
vt 0.985336 0.658200
vt 0.985336 0.658160
vt 0.985358 0.658169
vt 0.980524 0.658139
vt 0.980523 0.658180
vt 0.980501 0.658144
vt 0.308765 0.997264
vt 0.308792 0.997252
vt 0.308803 0.997280
vt 0.428731 0.997002
vt 0.428740 0.996972
vt 0.428724 0.996965
vt 0.384453 0.996999
vt 0.384462 0.996959
vt 0.384477 0.996972
vt 0.985336 0.768481
vt 0.985358 0.768484
vt 0.985336 0.768521
vt 0.980523 0.768521
vt 0.980501 0.768516
vt 0.980523 0.768481
vt 0.980523 0.768603
vt 0.980523 0.768632
vt 0.980501 0.768600
vt 0.985370 0.585085
vt 0.985373 0.585107
vt 0.985332 0.585107
vt 0.985332 0.589839
vt 0.985333 0.589810
vt 0.985354 0.589840
vt 0.497083 0.996959
vt 0.497083 0.996988
vt 0.497060 0.996983
vt 0.980523 0.670971
vt 0.980501 0.670951
vt 0.980523 0.670931
vt 0.985336 0.747313
vt 0.985358 0.747349
vt 0.985336 0.747354
vt 0.985336 0.671051
vt 0.985358 0.671050
vt 0.985336 0.671080
vt 0.985336 0.747436
vt 0.985358 0.747432
vt 0.985336 0.747465
vt 0.257250 0.997268
vt 0.257212 0.997282
vt 0.257224 0.997255
vt 0.300406 0.997164
vt 0.300390 0.997202
vt 0.300386 0.997166
vt 0.985336 0.696476
vt 0.985358 0.696507
vt 0.985336 0.696517
vt 0.980523 0.696537
vt 0.980501 0.696517
vt 0.980523 0.696497
vt 0.300164 0.997264
vt 0.300179 0.997252
vt 0.300201 0.997280
vt 0.985373 0.589920
vt 0.985353 0.589924
vt 0.985332 0.589920
vt 0.980523 0.589961
vt 0.980501 0.589956
vt 0.980523 0.589920
vt 0.985358 0.670966
vt 0.985336 0.670969
vt 0.985336 0.670929
vt 0.980501 0.670828
vt 0.980523 0.670820
vt 0.980523 0.670849
vt 0.985363 0.615937
vt 0.985363 0.615908
vt 0.985385 0.615928
vt 0.985370 0.567166
vt 0.985373 0.567188
vt 0.985332 0.567188
vt 0.980523 0.645419
vt 0.980501 0.645383
vt 0.980524 0.645378
vt 0.368368 0.997135
vt 0.368361 0.997095
vt 0.368383 0.997123
vt 0.985353 0.572019
vt 0.985331 0.572044
vt 0.985331 0.572003
vt 0.980501 0.755816
vt 0.980523 0.755780
vt 0.980523 0.755821
vt 0.985486 0.567188
vt 0.985456 0.567188
vt 0.985455 0.567166
vt 0.985456 0.572001
vt 0.985486 0.572001
vt 0.985478 0.572023
vt 0.985336 0.645439
vt 0.985336 0.645398
vt 0.985358 0.645408
vt 0.321655 0.997264
vt 0.321682 0.997252
vt 0.321693 0.997280
vt 0.432772 0.997002
vt 0.432782 0.996972
vt 0.432765 0.996965
vt 0.985363 0.615826
vt 0.985363 0.615785
vt 0.985385 0.615816
vt 0.388477 0.996999
vt 0.388486 0.996959
vt 0.388501 0.996972
vt 0.985358 0.755783
vt 0.985336 0.755821
vt 0.985336 0.755780
vt 0.980523 0.755903
vt 0.980523 0.755932
vt 0.980501 0.755899
vt 0.985336 0.755932
vt 0.985336 0.755903
vt 0.985358 0.755906
vt 0.440829 0.996959
vt 0.440849 0.996980
vt 0.440829 0.996993
vt 0.985332 0.571921
vt 0.985333 0.571892
vt 0.985354 0.571922
vt 0.339009 0.997266
vt 0.338970 0.997279
vt 0.338983 0.997253
vt 0.985336 0.751547
vt 0.985358 0.751582
vt 0.985336 0.751587
vt 0.287470 0.997164
vt 0.287454 0.997202
vt 0.287450 0.997166
vt 0.980523 0.717802
vt 0.980501 0.717782
vt 0.980523 0.717762
vt 0.980523 0.572002
vt 0.980523 0.572043
vt 0.980501 0.572038
vt 0.980501 0.717659
vt 0.980523 0.717651
vt 0.980523 0.717680
vt 0.985336 0.751669
vt 0.985358 0.751666
vt 0.985336 0.751698
vt 0.985358 0.717799
vt 0.985336 0.717802
vt 0.985336 0.717762
vt 0.985336 0.717884
vt 0.985358 0.717883
vt 0.985336 0.717913
vt 0.985336 0.687969
vt 0.985358 0.688000
vt 0.985336 0.688010
vt 0.980523 0.688030
vt 0.980501 0.688010
vt 0.980523 0.687989
vt 0.287227 0.997264
vt 0.287243 0.997252
vt 0.287265 0.997280
vt 0.985314 0.781333
vt 0.985314 0.781304
vt 0.985336 0.781324
vt 0.985314 0.781222
vt 0.985314 0.781181
vt 0.985336 0.781212
vt 0.985486 0.594066
vt 0.985456 0.594066
vt 0.985455 0.594044
vt 0.985370 0.594044
vt 0.985373 0.594066
vt 0.985332 0.594066
vt 0.980524 0.636871
vt 0.980523 0.636912
vt 0.980501 0.636876
vt 0.985353 0.598896
vt 0.985330 0.598921
vt 0.985330 0.598880
vt 0.980523 0.730420
vt 0.980501 0.730414
vt 0.980523 0.730379
vt 0.985456 0.598878
vt 0.985486 0.598878
vt 0.985478 0.598900
vt 0.313062 0.997264
vt 0.313089 0.997252
vt 0.313100 0.997280
vt 0.985336 0.636932
vt 0.985336 0.636891
vt 0.985358 0.636901
vt 0.244304 0.997280
vt 0.244326 0.997253
vt 0.244341 0.997265
vt 0.244115 0.997201
vt 0.244100 0.997163
vt 0.244118 0.997167
vt 0.985358 0.730382
vt 0.985336 0.730420
vt 0.985336 0.730379
vt 0.980501 0.730498
vt 0.980523 0.730502
vt 0.980523 0.730531
vt 0.985336 0.730531
vt 0.985336 0.730502
vt 0.985358 0.730505
vt 0.501101 0.996959
vt 0.501107 0.996987
vt 0.501083 0.996987
vt 0.985332 0.598798
vt 0.985333 0.598769
vt 0.985354 0.598799
vt 0.265794 0.997277
vt 0.265809 0.997253
vt 0.265834 0.997266
vt 0.244184 0.997302
vt 0.244214 0.997298
vt 0.244215 0.997280
vt 0.985358 0.722058
vt 0.985336 0.722064
vt 0.985336 0.722024
vt 0.980523 0.700791
vt 0.980501 0.700771
vt 0.980523 0.700750
vt 0.291540 0.997264
vt 0.291555 0.997252
vt 0.291577 0.997280
vt 0.980523 0.722024
vt 0.980523 0.722064
vt 0.980501 0.722044
vt 0.980522 0.598920
vt 0.980501 0.598915
vt 0.980522 0.598879
vt 0.980523 0.721942
vt 0.980501 0.721921
vt 0.980523 0.721913
vt 0.985362 0.624375
vt 0.985384 0.624371
vt 0.985362 0.624404
vt 0.985336 0.722146
vt 0.985358 0.722138
vt 0.985336 0.722175
vt 0.291782 0.997164
vt 0.291766 0.997201
vt 0.291762 0.997166
vt 0.985362 0.624252
vt 0.985384 0.624288
vt 0.985362 0.624293
vt 0.985336 0.700730
vt 0.985358 0.700760
vt 0.985336 0.700771
vt 0.985314 0.777099
vt 0.985314 0.777070
vt 0.985336 0.777091
vt 0.985314 0.776988
vt 0.985314 0.776947
vt 0.985336 0.776978
vt 0.985336 0.760165
vt 0.985336 0.760136
vt 0.985358 0.760140
vt 0.985332 0.540311
vt 0.985370 0.540289
vt 0.985373 0.540311
vt 0.248616 0.997280
vt 0.248638 0.997253
vt 0.248653 0.997265
vt 0.985456 0.545124
vt 0.985486 0.545123
vt 0.985478 0.545146
vt 0.985486 0.540311
vt 0.985456 0.540311
vt 0.985455 0.540289
vt 0.980523 0.662393
vt 0.980523 0.662434
vt 0.980501 0.662398
vt 0.985336 0.662454
vt 0.985336 0.662413
vt 0.985358 0.662423
vt 0.326085 0.997280
vt 0.326096 0.997252
vt 0.326123 0.997264
vt 0.248427 0.997201
vt 0.248412 0.997163
vt 0.248430 0.997167
vt 0.985358 0.760017
vt 0.985336 0.760054
vt 0.985336 0.760014
vt 0.980501 0.760133
vt 0.980523 0.760136
vt 0.980523 0.760165
vt 0.980501 0.760049
vt 0.980523 0.760014
vt 0.980523 0.760054
vt 0.985353 0.545141
vt 0.985331 0.545166
vt 0.985331 0.545125
vt 0.985332 0.545043
vt 0.985333 0.545014
vt 0.985354 0.545044
vt 0.505125 0.996959
vt 0.505130 0.996987
vt 0.505107 0.996987
vt 0.985362 0.628486
vt 0.985384 0.628521
vt 0.985362 0.628526
vt 0.274533 0.997164
vt 0.274518 0.997202
vt 0.274514 0.997166
vt 0.980523 0.679496
vt 0.980501 0.679476
vt 0.980523 0.679456
vt 0.985362 0.628608
vt 0.985384 0.628605
vt 0.985362 0.628637
vt 0.985336 0.679576
vt 0.985358 0.679567
vt 0.985336 0.679605
vt 0.248496 0.997302
vt 0.248526 0.997298
vt 0.248527 0.997280
vt 0.270096 0.997277
vt 0.270111 0.997253
vt 0.270136 0.997267
vt 0.985336 0.704984
vt 0.985358 0.705014
vt 0.985336 0.705024
vt 0.274291 0.997264
vt 0.274307 0.997252
vt 0.274329 0.997280
vt 0.980523 0.705045
vt 0.980501 0.705024
vt 0.980523 0.705004
vt 0.980523 0.545124
vt 0.980523 0.545165
vt 0.980501 0.545160
vt 0.985358 0.679487
vt 0.985336 0.679494
vt 0.985336 0.679453
vt 0.980501 0.679353
vt 0.980523 0.679345
vt 0.980523 0.679374
vt 0.985362 0.632789
vt 0.985363 0.632760
vt 0.985385 0.632781
vt 0.330248 0.997264
vt 0.330275 0.997252
vt 0.330286 0.997280
vt 0.985336 0.734764
vt 0.985336 0.734735
vt 0.985358 0.734739
vt 0.985336 0.649652
vt 0.985358 0.649662
vt 0.985336 0.649693
vt 0.985486 0.549270
vt 0.985456 0.549270
vt 0.985455 0.549248
vt 0.980524 0.649632
vt 0.980523 0.649673
vt 0.980501 0.649637
vt 0.376405 0.997090
vt 0.376429 0.997117
vt 0.376414 0.997130
vt 0.360312 0.996997
vt 0.360327 0.996959
vt 0.360339 0.996975
vt 0.980501 0.734649
vt 0.980523 0.734613
vt 0.980523 0.734653
vt 0.980523 0.734735
vt 0.980523 0.734764
vt 0.980501 0.734732
vt 0.985456 0.554083
vt 0.985486 0.554083
vt 0.985478 0.554105
vt 0.985363 0.632637
vt 0.985385 0.632668
vt 0.985363 0.632678
vt 0.252778 0.997273
vt 0.252797 0.997298
vt 0.252791 0.997261
vt 0.985358 0.734616
vt 0.985336 0.734653
vt 0.985336 0.734613
vt 0.985370 0.549248
vt 0.985373 0.549270
vt 0.985332 0.549270
vt 0.985353 0.554101
vt 0.985331 0.554125
vt 0.985331 0.554085
vt 0.985336 0.666675
vt 0.985358 0.666706
vt 0.985336 0.666716
vt 0.985387 0.603085
vt 0.985409 0.603120
vt 0.985387 0.603125
vt 0.296094 0.997164
vt 0.296078 0.997201
vt 0.296074 0.997166
vt 0.295852 0.997264
vt 0.295867 0.997252
vt 0.295889 0.997280
vt 0.985358 0.675229
vt 0.985336 0.675232
vt 0.985336 0.675191
vt 0.985336 0.675314
vt 0.985358 0.675312
vt 0.985336 0.675342
vt 0.985387 0.603207
vt 0.985409 0.603204
vt 0.985387 0.603236
vt 0.252955 0.997265
vt 0.252917 0.997280
vt 0.252928 0.997253
vt 0.980523 0.666736
vt 0.980501 0.666716
vt 0.980523 0.666695
vt 0.985332 0.554003
vt 0.985333 0.553974
vt 0.985354 0.554004
vt 0.980523 0.554084
vt 0.980523 0.554124
vt 0.980501 0.554119
vt 0.448869 0.996959
vt 0.448889 0.996980
vt 0.448869 0.996993
vt 0.980523 0.675193
vt 0.980523 0.675234
vt 0.980501 0.675214
vt 0.980501 0.675091
vt 0.980523 0.675082
vt 0.980523 0.675111
vt 0.585480 0.996981
vt 0.585495 0.996959
vt 0.585495 0.996982
vt 0.589495 0.996982
vt 0.589495 0.996959
vt 0.589510 0.996960
vt 0.597540 0.996960
vt 0.597525 0.996982
vt 0.597525 0.996959
vt 0.673951 0.996959
vt 0.673951 0.996982
vt 0.673936 0.996959
vt 0.681966 0.996959
vt 0.681981 0.996959
vt 0.681981 0.996982
vt 0.685996 0.996982
vt 0.685981 0.996982
vt 0.685982 0.996959
vt 0.593525 0.996959
vt 0.593525 0.996982
vt 0.593510 0.996981
vt 0.677951 0.996982
vt 0.677951 0.996959
vt 0.677966 0.996981
vt 0.980523 0.789613
vt 0.980518 0.789635
vt 0.980501 0.789613
vt 0.980501 0.507191
vt 0.980523 0.507191
vt 0.980526 0.507213
vt 0.577437 0.996978
vt 0.577459 0.996959
vt 0.577459 0.996982
vt 0.573437 0.996959
vt 0.573437 0.996982
vt 0.573416 0.996964
vt 0.986376 0.507191
vt 0.986398 0.507191
vt 0.986373 0.507213
vt 0.980526 0.511386
vt 0.980501 0.511364
vt 0.980523 0.511363
vt 0.986376 0.511363
vt 0.986398 0.511364
vt 0.986373 0.511386
vt 0.980519 0.785333
vt 0.980523 0.785355
vt 0.980501 0.785355
vt 0.717266 0.774548
vt 0.717244 0.544236
vt 0.717266 0.544237
vt 0.069669 0.992959
vt 0.069669 0.992937
vt 0.683638 0.774548
vt 0.683616 0.544236
vt 0.683638 0.544237
vt 0.242783 0.774570
vt 0.242761 0.544259
vt 0.242783 0.544259
vt 0.552949 0.549789
vt 0.687638 0.309881
vt 0.687660 0.309881
vt 0.192029 0.544259
vt 0.704474 0.309881
vt 0.704496 0.309881
vt 0.441178 0.825071
vt 0.002860 0.998000
vt 0.002000 0.997977
vt 0.002861 0.997977
vt 0.006863 0.996959
vt 0.007722 0.996983
vt 0.006861 0.996983
vt 0.075778 0.998000
vt 0.074919 0.997977
vt 0.075780 0.997977
vt 0.215823 0.997792
vt 0.215823 0.997770
vt 0.980525 0.444309
vt 0.980501 0.443295
vt 0.980525 0.443276
vt 0.980501 0.434225
vt 0.980525 0.433210
vt 0.980525 0.434243
vt 0.985384 0.628409
vt 0.980501 0.465593
vt 0.980526 0.461470
vt 0.980526 0.465598
vt 0.276802 0.544237
vt 0.276534 0.544259
vt 0.276534 0.544237
vt 0.767438 0.002022
vt 0.980527 0.112500
vt 0.980501 0.106972
vt 0.980527 0.106972
vt 0.980527 0.093443
vt 0.980501 0.087915
vt 0.980527 0.087915
vt 0.980501 0.803463
vt 0.980526 0.802865
vt 0.980526 0.803481
vt 0.980528 0.375620
vt 0.992964 0.375632
vt 0.980527 0.375632
vt 0.263641 0.544259
vt 0.263663 0.774571
vt 0.263641 0.774571
vt 0.056798 0.992959
vt 0.082539 0.992959
vt 0.776087 0.309903
vt 0.776355 0.309881
vt 0.776355 0.309903
vt 0.251095 0.544259
vt 0.251117 0.774571
vt 0.251095 0.774571
vt 0.980501 0.177013
vt 0.147839 0.996959
vt 0.148698 0.996983
vt 0.147837 0.996983
vt 0.124390 0.998000
vt 0.123531 0.997977
vt 0.124392 0.997977
vt 0.612274 0.970755
vt 0.612277 0.970733
vt 0.981542 0.961072
vt 0.981518 0.961931
vt 0.981518 0.961070
vt 0.129251 0.998000
vt 0.128392 0.997977
vt 0.129253 0.997977
vt 0.012584 0.996983
vt 0.011724 0.996959
vt 0.012582 0.996959
vt 0.865482 0.357005
vt 0.865508 0.342468
vt 0.865508 0.356996
vt 0.980526 0.951843
vt 0.980501 0.952456
vt 0.980501 0.951842
vt 0.278740 0.997252
vt 0.261396 0.997239
vt 0.261371 0.997285
vt 0.270000 0.997239
vt 0.269975 0.997285
vt 0.314124 0.309881
vt 0.797166 0.169723
vt 0.738146 0.309903
vt 0.750938 0.309881
vt 0.750938 0.309903
vt 0.980501 0.297146
vt 0.541994 0.825071
vt 0.562087 0.970755
vt 0.385502 0.825074
vt 0.406308 0.825049
vt 0.406310 0.825074
vt 0.830841 0.203750
vt 0.830816 0.195452
vt 0.830841 0.195431
vt 0.846724 0.753421
vt 0.846749 0.756532
vt 0.846724 0.756532
vt 0.846749 0.715925
vt 0.846775 0.719501
vt 0.846749 0.719521
vt 0.206990 0.996981
vt 0.985337 0.641063
vt 0.282940 0.996981
vt 0.282853 0.997038
vt 0.282915 0.996975
vt 0.291564 0.996981
vt 0.291477 0.997037
vt 0.291540 0.996975
vt 0.985337 0.649570
vt 0.980501 0.215625
vt 0.980523 0.215625
vt 0.297626 0.540237
vt 0.297604 0.540237
vt 0.980501 0.344340
vt 0.980523 0.344608
vt 0.980501 0.344608
vt 0.016584 0.997977
vt 0.017443 0.998000
vt 0.016585 0.998000
vt 0.021445 0.997977
vt 0.022305 0.998000
vt 0.021447 0.998000
vt 0.220633 0.996981
vt 0.221422 0.996959
vt 0.221422 0.996981
vt 0.206990 0.996959
vt 0.206201 0.996981
vt 0.206201 0.996959
vt 0.980501 0.645495
vt 0.265698 0.997239
vt 0.980502 0.598998
vt 0.295876 0.996981
vt 0.295789 0.997037
vt 0.295852 0.996975
vt 0.121441 0.992915
vt 0.121419 0.825049
vt 0.121441 0.825049
vt 0.830816 0.084613
vt 0.830842 0.119276
vt 0.830816 0.119261
vt 0.912573 0.986539
vt 0.912599 0.992066
vt 0.912573 0.992067
vt 0.985331 0.589921
vt 0.985349 0.589942
vt 0.325984 0.996981
vt 0.325896 0.997037
vt 0.325959 0.996975
vt 0.980639 0.632638
vt 0.993315 0.262822
vt 0.993337 0.262823
vt 0.069669 0.825071
vt 0.069937 0.825049
vt 0.069937 0.825071
vt 0.086829 0.825071
vt 0.087098 0.825049
vt 0.087098 0.825071
vt 0.993315 0.249950
vt 0.993337 0.249951
vt 0.148696 0.998000
vt 0.147837 0.997976
vt 0.148698 0.997976
vt 0.607255 0.970755
vt 0.607258 0.970732
vt 0.981542 0.965933
vt 0.981518 0.966793
vt 0.981518 0.965931
vt 0.129253 0.996983
vt 0.128394 0.996959
vt 0.129251 0.996959
vt 0.547034 0.825071
vt 0.983484 0.956456
vt 0.983459 0.957069
vt 0.983459 0.956456
vt 0.993315 0.348899
vt 0.980523 0.348921
vt 0.980523 0.348899
vt 0.536113 0.549789
vt 0.531912 0.825071
vt 0.536953 0.825071
vt 0.830843 0.841880
vt 0.830816 0.838769
vt 0.830843 0.838768
vt 0.986377 0.469618
vt 0.980523 0.654037
vt 0.985336 0.654028
vt 0.985336 0.654057
vt 0.980550 0.620170
vt 0.980549 0.620141
vt 0.318588 0.613762
vt 0.318566 0.309903
vt 0.318588 0.309903
vt 0.305859 0.002022
vt 0.309903 0.309881
vt 0.309925 0.309881
vt 0.175443 0.309928
vt 0.175461 0.545784
vt 0.175442 0.545785
vt 0.500273 0.545763
vt 0.326855 0.545788
vt 0.326849 0.545763
vt 0.500292 0.545762
vt 0.500273 0.309906
vt 0.500292 0.309907
vt 0.267976 0.544259
vt 0.721310 0.309881
vt 0.721332 0.309881
vt 0.502441 0.549789
vt 0.980501 0.348630
vt 0.980523 0.348630
vt 0.767775 0.540215
vt 0.767752 0.309903
vt 0.767775 0.309903
vt 0.771797 0.309903
vt 0.196297 0.309903
vt 0.196319 0.309903
vt 0.073959 0.992959
vt 0.073959 0.992937
vt 0.151665 0.549810
vt 0.980523 0.336028
vt 0.980501 0.335760
vt 0.980523 0.335760
vt 0.246805 0.544259
vt 0.213133 0.309903
vt 0.213155 0.309903
vt 0.078249 0.992959
vt 0.078249 0.992937
vt 0.603458 0.549789
vt 0.980523 0.318867
vt 0.980501 0.318599
vt 0.980523 0.318599
vt 0.767774 0.774548
vt 0.767752 0.544236
vt 0.767774 0.544237
vt 0.263663 0.544259
vt 0.229969 0.309903
vt 0.229991 0.309903
vt 0.637130 0.549789
vt 0.980523 0.323157
vt 0.980501 0.322889
vt 0.980523 0.322889
vt 0.305591 0.309925
vt 0.246805 0.309903
vt 0.246827 0.309903
vt 0.061088 0.992959
vt 0.061088 0.992937
vt 0.586622 0.549789
vt 0.980523 0.353189
vt 0.980501 0.352921
vt 0.980523 0.352921
vt 0.750960 0.540215
vt 0.750960 0.309903
vt 0.297336 0.309925
vt 0.263641 0.309904
vt 0.263663 0.309903
vt 0.569785 0.549789
vt 0.225947 0.774570
vt 0.225925 0.544259
vt 0.225947 0.544259
vt 0.251117 0.544259
vt 0.670802 0.309881
vt 0.670824 0.309881
vt 0.086829 0.992959
vt 0.086829 0.992937
vt 0.980523 0.340318
vt 0.980501 0.340050
vt 0.980523 0.340050
vt 0.666824 0.774548
vt 0.666802 0.544236
vt 0.666824 0.544237
vt 0.187716 0.544259
vt 0.065378 0.992959
vt 0.065378 0.992937
vt 0.476498 0.549788
vt 0.980523 0.327448
vt 0.980501 0.327179
vt 0.980523 0.327179
vt 0.209133 0.774570
vt 0.209111 0.544259
vt 0.209133 0.544259
vt 0.179461 0.309903
vt 0.179483 0.309903
vt 0.091120 0.992959
vt 0.091120 0.992937
vt 0.980523 0.357479
vt 0.980501 0.357211
vt 0.980523 0.357211
vt 0.700452 0.774548
vt 0.700430 0.544236
vt 0.700452 0.544237
vt 0.259351 0.544259
vt 0.280477 0.309903
vt 0.280500 0.309903
vt 0.052508 0.992959
vt 0.052508 0.992937
vt 0.519277 0.549789
vt 0.980523 0.331738
vt 0.980501 0.331470
vt 0.980523 0.331470
vt 0.750960 0.774548
vt 0.750938 0.544236
vt 0.750960 0.544236
vt 0.099700 0.992959
vt 0.099700 0.992937
vt 0.309881 0.617762
vt 0.980523 0.361769
vt 0.980501 0.361501
vt 0.980523 0.361501
vt 0.734146 0.774548
vt 0.734124 0.544236
vt 0.734146 0.544237
vt 0.771750 0.002022
vt 0.653966 0.309881
vt 0.653988 0.309881
vt 0.095410 0.992959
vt 0.095410 0.992937
vt 0.620294 0.549789
vt 0.980523 0.366060
vt 0.980501 0.365791
vt 0.980523 0.365791
vt 0.167282 0.997976
vt 0.168141 0.998000
vt 0.167283 0.998000
vt 0.167284 0.996959
vt 0.168143 0.996983
vt 0.167282 0.996983
vt 0.173003 0.998000
vt 0.172143 0.997977
vt 0.173004 0.997977
vt 0.026306 0.997977
vt 0.027166 0.998000
vt 0.026308 0.998000
vt 0.026308 0.996959
vt 0.027167 0.996983
vt 0.026306 0.996983
vt 0.079780 0.997977
vt 0.080639 0.998000
vt 0.079781 0.998000
vt 0.451260 0.825071
vt 0.153558 0.998000
vt 0.152698 0.997977
vt 0.153559 0.997977
vt 0.031167 0.997977
vt 0.032027 0.998000
vt 0.031169 0.998000
vt 0.031169 0.996959
vt 0.032029 0.996983
vt 0.031167 0.996983
vt 0.981518 0.971654
vt 0.981542 0.970794
vt 0.981542 0.971652
vt 0.521831 0.825071
vt 0.036888 0.998000
vt 0.036029 0.997977
vt 0.036890 0.997977
vt 0.040890 0.997977
vt 0.041749 0.998000
vt 0.040891 0.998000
vt 0.040892 0.996959
vt 0.041751 0.996983
vt 0.040890 0.996983
vt 0.084641 0.997977
vt 0.085500 0.998000
vt 0.084643 0.998000
vt 0.461342 0.825071
vt 0.046611 0.998000
vt 0.045751 0.997977
vt 0.046612 0.997977
vt 0.133253 0.997976
vt 0.134113 0.998000
vt 0.133255 0.998000
vt 0.133255 0.996959
vt 0.134114 0.996983
vt 0.133253 0.996983
vt 0.471423 0.825071
vt 0.138974 0.998000
vt 0.138114 0.997976
vt 0.138976 0.997976
vt 0.089502 0.997977
vt 0.090362 0.998000
vt 0.089504 0.998000
vt 0.089504 0.996959
vt 0.090363 0.996983
vt 0.089502 0.996983
vt 0.094363 0.997977
vt 0.095223 0.998000
vt 0.094365 0.998000
vt 0.099225 0.997977
vt 0.100084 0.998000
vt 0.099226 0.998000
vt 0.099226 0.996959
vt 0.100086 0.996983
vt 0.099225 0.996983
vt 0.104086 0.997977
vt 0.104945 0.998000
vt 0.104087 0.998000
vt 0.486545 0.825071
vt 0.006861 0.997977
vt 0.007721 0.998000
vt 0.006863 0.998000
vt 0.050612 0.997977
vt 0.051472 0.998000
vt 0.050614 0.998000
vt 0.157559 0.997976
vt 0.158419 0.998000
vt 0.157561 0.998000
vt 0.157561 0.996959
vt 0.158421 0.996983
vt 0.157559 0.996983
vt 0.501668 0.825071
vt 0.177864 0.998000
vt 0.177004 0.997976
vt 0.177865 0.997976
vt 0.108947 0.997977
vt 0.109806 0.998000
vt 0.108949 0.998000
vt 0.108949 0.996959
vt 0.109808 0.996983
vt 0.108947 0.996983
vt 0.981518 0.976515
vt 0.981542 0.975655
vt 0.981542 0.976513
vt 0.511748 0.825071
vt 0.012582 0.998000
vt 0.011722 0.997977
vt 0.012584 0.997977
vt 0.055474 0.997977
vt 0.056333 0.998000
vt 0.055475 0.998000
vt 0.055475 0.996959
vt 0.056335 0.996983
vt 0.055474 0.996983
vt 0.113808 0.997977
vt 0.114668 0.998000
vt 0.113810 0.998000
vt 0.516790 0.825071
vt 0.981542 0.980517
vt 0.981518 0.981376
vt 0.981518 0.980515
vt 0.969562 0.129475
vt 0.969559 0.129497
vt 0.969559 0.084598
vt 0.969585 0.119261
vt 0.969559 0.119276
vt 0.969558 0.128387
vt 0.969562 0.128409
vt 0.830816 0.495583
vt 0.830838 0.496371
vt 0.830816 0.496371
vt 0.211801 0.996981
vt 0.830816 0.461908
vt 0.830838 0.461908
vt 0.830816 0.466719
vt 0.830838 0.505992
vt 0.830816 0.505204
vt 0.830838 0.505204
vt 0.976395 0.991590
vt 0.976371 0.992605
vt 0.976371 0.991571
vt 0.830816 0.378826
vt 0.830842 0.371226
vt 0.830842 0.378843
vt 0.858544 0.390460
vt 0.858570 0.382860
vt 0.858570 0.390443
vt 0.830843 0.342457
vt 0.830816 0.356995
vt 0.830816 0.342467
vt 0.830846 0.319909
vt 0.865451 0.319898
vt 0.865451 0.319909
vt 0.865509 0.323920
vt 0.865482 0.338457
vt 0.865482 0.323909
vt 0.980527 0.429210
vt 0.980523 0.429188
vt 0.980501 0.424539
vt 0.980523 0.424539
vt 0.830842 0.727116
vt 0.830816 0.723540
vt 0.830842 0.723521
vt 0.980501 0.794234
vt 0.980526 0.793636
vt 0.980526 0.794250
vt 0.980501 0.924770
vt 0.980526 0.924157
vt 0.980527 0.924770
vt 0.983459 0.929384
vt 0.983484 0.928771
vt 0.983484 0.929385
vt 0.983484 0.947228
vt 0.983459 0.947841
vt 0.983459 0.947227
vt 0.830842 0.719521
vt 0.830816 0.715945
vt 0.830842 0.715925
vt 0.980501 0.798848
vt 0.980526 0.798250
vt 0.980526 0.798865
vt 0.983484 0.933385
vt 0.983459 0.933998
vt 0.983459 0.933385
vt 0.980501 0.470259
vt 0.980501 0.469622
vt 0.197114 0.997857
vt 0.980501 0.488345
vt 0.197127 0.996981
vt 0.196787 0.996959
vt 0.197114 0.996959
vt 0.191920 0.997857
vt 0.182747 0.997207
vt 0.182491 0.996981
vt 0.182516 0.996975
vt 0.986377 0.474313
vt 0.986399 0.474293
vt 0.182140 0.997829
vt 0.182150 0.997857
vt 0.986376 0.493014
vt 0.986399 0.493016
vt 0.182150 0.996959
vt 0.182478 0.996959
vt 0.830821 0.276270
vt 0.830843 0.248451
vt 0.830816 0.229751
vt 0.830843 0.229741
vt 0.872425 0.281359
vt 0.201391 0.996981
vt 0.202179 0.996959
vt 0.202179 0.996981
vt 0.225422 0.996981
vt 0.226210 0.996959
vt 0.226210 0.996981
vt 0.830816 0.476340
vt 0.851609 0.481150
vt 0.851631 0.481151
vt 0.206201 0.997792
vt 0.317296 0.997202
vt 0.985353 0.580982
vt 0.985361 0.580962
vt 0.985337 0.653824
vt 0.985359 0.653803
vt 0.372405 0.996959
vt 0.372389 0.996973
vt 0.985336 0.764165
vt 0.985358 0.764167
vt 0.351943 0.997023
vt 0.351861 0.996959
vt 0.351941 0.996998
vt 0.985358 0.738770
vt 0.334776 0.997207
vt 0.278540 0.997202
vt 0.278533 0.997166
vt 0.334587 0.996976
vt 0.334497 0.997027
vt 0.334563 0.996968
vt 0.304406 0.997202
vt 0.985353 0.563064
vt 0.985361 0.563043
vt 0.239794 0.997248
vt 0.985336 0.742998
vt 0.985358 0.742999
vt 0.240006 0.996982
vt 0.239905 0.996959
vt 0.239993 0.996960
vt 0.985384 0.619942
vt 0.261601 0.997212
vt 0.282853 0.997202
vt 0.282845 0.997166
vt 0.261428 0.996969
vt 0.261334 0.997014
vt 0.261404 0.996959
vt 0.308703 0.997202
vt 0.343256 0.997271
vt 0.343342 0.997205
vt 0.343336 0.997233
vt 0.985337 0.658078
vt 0.985359 0.658057
vt 0.364361 0.996959
vt 0.364345 0.996973
vt 0.985336 0.768399
vt 0.985358 0.768400
vt 0.985335 0.589952
vt 0.985252 0.589919
vt 0.985358 0.747237
vt 0.257315 0.997207
vt 0.300101 0.997202
vt 0.300094 0.997166
vt 0.257119 0.996981
vt 0.257030 0.997035
vt 0.257095 0.996974
vt 0.321592 0.997202
vt 0.985353 0.572023
vt 0.985361 0.572003
vt 0.985337 0.645316
vt 0.985359 0.645296
vt 0.368383 0.996959
vt 0.368367 0.996973
vt 0.985336 0.755698
vt 0.985358 0.755700
vt 0.356246 0.997023
vt 0.356164 0.996959
vt 0.356244 0.996998
vt 0.985358 0.751470
vt 0.339075 0.997207
vt 0.287165 0.997202
vt 0.287157 0.997166
vt 0.338886 0.996976
vt 0.338795 0.997027
vt 0.338861 0.996968
vt 0.312999 0.997201
vt 0.985353 0.598901
vt 0.985361 0.598880
vt 0.985337 0.636809
vt 0.985359 0.636789
vt 0.244106 0.997248
vt 0.985336 0.730297
vt 0.985358 0.730299
vt 0.244318 0.996982
vt 0.244217 0.996959
vt 0.244306 0.996960
vt 0.985384 0.624175
vt 0.265904 0.997212
vt 0.291477 0.997201
vt 0.291470 0.997166
vt 0.265730 0.996969
vt 0.265636 0.997014
vt 0.265706 0.996959
vt 0.325997 0.997280
vt 0.985353 0.545146
vt 0.985361 0.545125
vt 0.985337 0.662331
vt 0.985359 0.662311
vt 0.248419 0.997248
vt 0.985336 0.759932
vt 0.985358 0.759933
vt 0.248630 0.996982
vt 0.248529 0.996959
vt 0.248618 0.996960
vt 0.270206 0.997212
vt 0.274228 0.997202
vt 0.274221 0.997166
vt 0.270032 0.996969
vt 0.269938 0.997014
vt 0.270008 0.996959
vt 0.330186 0.997201
vt 0.985353 0.554105
vt 0.985361 0.554084
vt 0.376429 0.996959
vt 0.376405 0.996968
vt 0.985336 0.734531
vt 0.985358 0.734532
vt 0.347640 0.997023
vt 0.347558 0.996959
vt 0.347638 0.996998
vt 0.985409 0.603008
vt 0.253020 0.997204
vt 0.295789 0.997201
vt 0.295782 0.997166
vt 0.252824 0.996978
vt 0.252735 0.997032
vt 0.252799 0.996971
vt 0.992990 0.370106
vt 0.992964 0.375620
vt 0.992963 0.370093
vt 0.980501 0.393315
vt 0.980528 0.389183
vt 0.980527 0.393324
vt 0.986376 0.511234
vt 0.986398 0.511235
vt 0.986374 0.457470
vt 0.986399 0.453347
vt 0.986399 0.457466
vt 0.613741 0.002000
vt 0.309882 0.002022
vt 0.309882 0.002000
vt 0.504292 0.309908
vt 0.649962 0.309881
vt 0.649966 0.309907
vt 0.504296 0.545789
vt 0.649966 0.545762
vt 0.649962 0.545787
vt 0.301894 0.544237
vt 0.301626 0.544259
vt 0.301626 0.544237
vt 0.289045 0.544237
vt 0.288777 0.544259
vt 0.288777 0.544237
vt 0.993315 0.336028
vt 0.980523 0.336050
vt 0.272534 0.544237
vt 0.272266 0.544259
vt 0.272266 0.544237
vt 0.993315 0.318867
vt 0.980523 0.318889
vt 0.772087 0.544215
vt 0.771819 0.544237
vt 0.771819 0.544215
vt 0.993315 0.323157
vt 0.980523 0.323179
vt 0.293314 0.544237
vt 0.293045 0.544259
vt 0.293045 0.544237
vt 0.993315 0.353189
vt 0.980523 0.353211
vt 0.281070 0.544237
vt 0.280802 0.544259
vt 0.280802 0.544237
vt 0.993315 0.344608
vt 0.980523 0.344630
vt 0.993315 0.340318
vt 0.980523 0.340340
vt 0.776308 0.002000
vt 0.776040 0.002022
vt 0.776040 0.002000
vt 0.993315 0.327448
vt 0.980523 0.327470
vt 0.179729 0.544237
vt 0.179461 0.544259
vt 0.179461 0.544237
vt 0.993315 0.357479
vt 0.980523 0.357501
vt 0.297626 0.544237
vt 0.297358 0.544259
vt 0.297358 0.544237
vt 0.993315 0.331738
vt 0.980523 0.331760
vt 0.993315 0.361769
vt 0.980523 0.361791
vt 0.776355 0.544215
vt 0.776087 0.544237
vt 0.776087 0.544215
vt 0.993315 0.366060
vt 0.980523 0.366081
vt 0.552052 0.825071
vt 0.552050 0.825049
vt 0.797968 0.970734
vt 0.607258 0.825071
vt 0.607255 0.825049
vt 0.773569 0.970734
vt 0.642389 0.825071
vt 0.642386 0.825049
vt 0.778449 0.970734
vt 0.572127 0.825071
vt 0.572125 0.825049
vt 0.976501 0.012618
vt 0.577146 0.825071
vt 0.577143 0.825049
vt 0.817488 0.970734
vt 0.617295 0.825071
vt 0.617293 0.825049
vt 0.976501 0.017498
vt 0.622314 0.825071
vt 0.622312 0.825049
vt 0.822368 0.970734
vt 0.597220 0.825071
vt 0.597218 0.825049
vt 0.783329 0.970734
vt 0.632351 0.825071
vt 0.632349 0.825049
vt 0.976501 0.007738
vt 0.587183 0.825071
vt 0.587181 0.825049
vt 0.976501 0.022378
vt 0.592202 0.825071
vt 0.592199 0.825049
vt 0.793088 0.970734
vt 0.830847 0.179110
vt 0.830816 0.158305
vt 0.830843 0.158305
vt 0.230999 0.996959
vt 0.230210 0.996981
vt 0.230210 0.996959
vt 0.851609 0.505992
vt 0.830838 0.506014
vt 0.893262 0.191410
vt 0.893237 0.183112
vt 0.893262 0.183133
vt 0.968094 0.986538
vt 0.968069 0.987553
vt 0.968069 0.986557
vt 0.830842 0.412157
vt 0.830816 0.404557
vt 0.830842 0.404541
vt 0.830842 0.423773
vt 0.830816 0.416173
vt 0.830843 0.416157
vt 0.980501 0.449324
vt 0.980525 0.448309
vt 0.980525 0.449343
vt 0.865482 0.285393
vt 0.865508 0.300623
vt 0.865482 0.300633
vt 0.980527 0.410993
vt 0.980501 0.405477
vt 0.980527 0.405469
vt 0.980527 0.420517
vt 0.980501 0.415001
vt 0.980527 0.414993
vt 0.980501 0.535964
vt 0.846724 0.767645
vt 0.846749 0.770756
vt 0.846724 0.770757
vt 0.980527 0.122028
vt 0.980501 0.116500
vt 0.980527 0.116500
vt 0.916626 0.992066
vt 0.916599 0.986539
vt 0.916626 0.986538
vt 0.846724 0.781870
vt 0.846749 0.784981
vt 0.846724 0.784982
vt 0.861103 0.986539
vt 0.861129 0.992066
vt 0.861103 0.992067
vt 0.846724 0.774758
vt 0.846749 0.777869
vt 0.846724 0.777869
vt 0.878260 0.986539
vt 0.878286 0.992066
vt 0.878259 0.992066
vt 0.846724 0.788982
vt 0.846749 0.792093
vt 0.846724 0.792094
vt 0.980527 0.102971
vt 0.980501 0.097444
vt 0.980527 0.097443
vt 0.895416 0.986539
vt 0.895443 0.992066
vt 0.895416 0.992067
vt 0.980527 0.812917
vt 0.980501 0.812113
vt 0.980527 0.812097
vt 0.830842 0.688515
vt 0.830816 0.684731
vt 0.830842 0.684712
vt 0.830842 0.711925
vt 0.830816 0.708140
vt 0.830842 0.708122
vt 0.980501 0.808079
vt 0.980526 0.807481
vt 0.980526 0.808097
vt 0.980527 0.817737
vt 0.980501 0.816933
vt 0.980527 0.816917
vt 0.830842 0.696318
vt 0.830816 0.692534
vt 0.830842 0.692515
vt 0.830842 0.704122
vt 0.830816 0.700337
vt 0.830842 0.700318
vt 0.980501 0.474317
vt 0.980523 0.474313
vt 0.851609 0.501182
vt 0.830838 0.501204
vt 0.830838 0.501182
vt 0.830816 0.447476
vt 0.980502 0.653807
vt 0.980524 0.653803
vt 0.980502 0.641046
vt 0.980524 0.641042
vt 0.980502 0.658061
vt 0.980524 0.658057
vt 0.980502 0.645300
vt 0.980524 0.645296
vt 0.980502 0.636792
vt 0.980524 0.636789
vt 0.980502 0.662314
vt 0.980524 0.662311
vt 0.980502 0.649553
vt 0.980524 0.649550
vt 0.980527 0.385171
vt 0.992964 0.385183
vt 0.980527 0.385183
vt 0.980501 0.401459
vt 0.980527 0.397324
vt 0.980527 0.401469
vt 0.002000 0.002022
vt 0.305859 0.002000
vt 0.267976 0.774571
vt 0.267954 0.544259
vt 0.780377 0.477604
vt 0.780355 0.477603
vt 0.771797 0.540215
vt 0.771775 0.309903
vt 0.980501 0.288565
vt 0.780377 0.649327
vt 0.780355 0.649325
vt 0.246805 0.774571
vt 0.246783 0.544259
vt 0.980501 0.271404
vt 0.780331 0.169723
vt 0.780308 0.169722
vt 0.980501 0.292856
vt 0.797213 0.821049
vt 0.797191 0.821048
vt 0.305591 0.540237
vt 0.305569 0.309925
vt 0.980501 0.164142
vt 0.297336 0.540237
vt 0.297314 0.309925
vt 0.980501 0.168432
vt 0.797213 0.477604
vt 0.797191 0.477603
vt 0.980501 0.172722
vt 0.780377 0.821049
vt 0.780355 0.821048
vt 0.187716 0.774571
vt 0.187694 0.544259
vt 0.814002 0.169723
vt 0.813980 0.169722
vt 0.192029 0.774571
vt 0.192007 0.544259
vt 0.980501 0.224206
vt 0.035694 0.992772
vt 0.035672 0.992771
vt 0.259351 0.774571
vt 0.259329 0.544259
vt 0.980501 0.228496
vt 0.797213 0.649327
vt 0.797191 0.649326
vt 0.767438 0.232334
vt 0.767416 0.002022
vt 0.980501 0.185593
vt 0.002022 0.992772
vt 0.002000 0.992771
vt 0.771750 0.232334
vt 0.771728 0.002022
vt 0.980501 0.189884
vt 0.018858 0.992772
vt 0.018836 0.992771
vt 0.173004 0.996983
vt 0.172145 0.996959
vt 0.173003 0.996959
vt 0.627330 0.970755
vt 0.627333 0.970733
vt 0.143837 0.996983
vt 0.142977 0.996959
vt 0.143835 0.996959
vt 0.153559 0.996983
vt 0.152700 0.996959
vt 0.153558 0.996959
vt 0.061196 0.996983
vt 0.060337 0.996959
vt 0.061194 0.996959
vt 0.036890 0.996983
vt 0.036030 0.996959
vt 0.036888 0.996959
vt 0.647405 0.970755
vt 0.647407 0.970733
vt 0.017445 0.996983
vt 0.016585 0.996959
vt 0.017443 0.996959
vt 0.046612 0.996983
vt 0.045753 0.996959
vt 0.046611 0.996959
vt 0.557069 0.970755
vt 0.557071 0.970733
vt 0.980524 0.985377
vt 0.980501 0.986236
vt 0.980501 0.985378
vt 0.138976 0.996983
vt 0.138116 0.996959
vt 0.138974 0.996959
vt 0.070919 0.996983
vt 0.070059 0.996959
vt 0.070917 0.996959
vt 0.002861 0.996983
vt 0.002002 0.996959
vt 0.002860 0.996959
vt 0.582162 0.970755
vt 0.582164 0.970733
vt 0.119531 0.996983
vt 0.118671 0.996959
vt 0.119529 0.996959
vt 0.022306 0.996983
vt 0.021447 0.996959
vt 0.022305 0.996959
vt 0.602237 0.970755
vt 0.602239 0.970733
vt 0.980524 0.965931
vt 0.980501 0.966791
vt 0.980501 0.965933
vt 0.075780 0.996983
vt 0.074920 0.996959
vt 0.075778 0.996959
vt 0.652424 0.970755
vt 0.652426 0.970733
vt 0.163282 0.996983
vt 0.162422 0.996959
vt 0.163280 0.996959
vt 0.177865 0.996983
vt 0.177006 0.996959
vt 0.177864 0.996959
vt 0.567106 0.970755
vt 0.567108 0.970733
vt 0.066057 0.996983
vt 0.065198 0.996959
vt 0.066056 0.996959
vt 0.637368 0.970755
vt 0.637370 0.970732
vt 0.980524 0.990238
vt 0.980501 0.991097
vt 0.980501 0.990239
vt 0.980524 0.980515
vt 0.980501 0.981375
vt 0.980501 0.980517
vt 0.547031 0.970755
vt 0.547034 0.970733
vt 0.830820 0.124387
vt 0.830842 0.080598
vt 0.830816 0.045935
vt 0.830842 0.045919
vt 0.211012 0.996981
vt 0.211801 0.996959
vt 0.830816 0.437855
vt 0.851609 0.442665
vt 0.851632 0.442666
vt 0.830816 0.390443
vt 0.830842 0.382843
vt 0.830842 0.390460
vt 0.988109 0.443276
vt 0.988133 0.444291
vt 0.988109 0.444309
vt 0.865482 0.285381
vt 0.830843 0.285392
vt 0.830843 0.285381
vt 0.991576 0.428863
vt 0.991580 0.428885
vt 0.980527 0.424517
vt 0.846749 0.723521
vt 0.846775 0.727096
vt 0.846749 0.727116
vt 0.980501 0.929384
vt 0.980526 0.928772
vt 0.980526 0.929385
vt 0.983484 0.937999
vt 0.983459 0.938612
vt 0.983459 0.937999
vt 0.980526 0.938000
vt 0.980501 0.938613
vt 0.980501 0.937999
vt 0.980501 0.957070
vt 0.980526 0.956457
vt 0.980527 0.957070
vt 0.983484 0.942614
vt 0.983459 0.943227
vt 0.983459 0.942613
vt 0.980526 0.942614
vt 0.980501 0.943227
vt 0.980501 0.942613
vt 0.197383 0.997207
vt 0.197152 0.996975
vt 0.187380 0.996981
vt 0.187636 0.997207
vt 0.187643 0.997244
vt 0.196517 0.997609
vt 0.196521 0.997574
vt 0.187029 0.997829
vt 0.182113 0.997841
vt 0.980501 0.474954
vt 0.980523 0.474960
vt 0.872420 0.280270
vt 0.872420 0.229741
vt 0.872447 0.248441
vt 0.872420 0.248451
vt 0.201391 0.997792
vt 0.201391 0.997770
vt 0.830816 0.500393
vt 0.830838 0.500393
vt 0.830816 0.510014
vt 0.830838 0.510803
vt 0.830816 0.510803
vt 0.380453 0.997130
vt 0.380429 0.997121
vt 0.980501 0.654003
vt 0.980523 0.654008
vt 0.408616 0.997061
vt 0.408594 0.996959
vt 0.408616 0.996972
vt 0.278628 0.996981
vt 0.278729 0.996959
vt 0.278761 0.996981
vt 0.334563 0.997246
vt 0.334530 0.997279
vt 0.239892 0.997254
vt 0.239865 0.997264
vt 0.980501 0.641242
vt 0.980523 0.641247
vt 0.424705 0.997061
vt 0.424683 0.996959
vt 0.424705 0.996972
vt 0.283042 0.996959
vt 0.283073 0.996981
vt 0.283052 0.997252
vt 0.384477 0.997130
vt 0.384453 0.997121
vt 0.980501 0.658256
vt 0.980523 0.658262
vt 0.257233 0.996962
vt 0.257133 0.996959
vt 0.300189 0.996981
vt 0.300290 0.996959
vt 0.300322 0.996981
vt 0.257103 0.997251
vt 0.257071 0.997286
vt 0.300301 0.997252
vt 0.388501 0.997130
vt 0.388477 0.997121
vt 0.412638 0.997061
vt 0.412616 0.996959
vt 0.412638 0.996972
vt 0.287252 0.996981
vt 0.287354 0.996959
vt 0.287385 0.996981
vt 0.338861 0.997246
vt 0.338828 0.997279
vt 0.287364 0.997252
vt 0.244204 0.997254
vt 0.244177 0.997264
vt 0.980501 0.636988
vt 0.980523 0.636994
vt 0.416661 0.997061
vt 0.416638 0.996959
vt 0.416661 0.996972
vt 0.291666 0.996959
vt 0.291697 0.996981
vt 0.291677 0.997252
vt 0.248516 0.997254
vt 0.248490 0.997264
vt 0.980501 0.662510
vt 0.980523 0.662515
vt 0.404594 0.997061
vt 0.404572 0.996959
vt 0.404594 0.996972
vt 0.274316 0.996981
vt 0.274417 0.996959
vt 0.274449 0.996981
vt 0.274428 0.997252
vt 0.360290 0.997117
vt 0.360339 0.997152
vt 0.980501 0.649749
vt 0.980523 0.649755
vt 0.420683 0.997061
vt 0.420661 0.996959
vt 0.420683 0.996972
vt 0.295978 0.996959
vt 0.296010 0.996981
vt 0.252916 0.997302
vt 0.252807 0.997249
vt 0.295989 0.997252
vt 0.992990 0.379657
vt 0.992964 0.385171
vt 0.992963 0.379644
vt 0.980527 0.379644
vt 0.980501 0.385158
vt 0.980501 0.379657
vt 0.980501 0.457466
vt 0.980526 0.453343
vt 0.980526 0.457470
vt 0.980523 0.785484
vt 0.318367 0.309903
vt 0.318566 0.309881
vt 0.763412 0.002000
vt 0.617741 0.002026
vt 0.617745 0.002000
vt 0.704452 0.544237
vt 0.717244 0.544215
vt 0.980501 0.207045
vt 0.754960 0.309903
vt 0.767753 0.309881
vt 0.980501 0.198464
vt 0.670824 0.544237
vt 0.683616 0.544215
vt 0.980501 0.211335
vt 0.754960 0.544237
vt 0.767752 0.544215
vt 0.980501 0.279985
vt 0.229969 0.544259
vt 0.242761 0.544237
vt 0.980501 0.284275
vt 0.980501 0.194174
vt 0.213133 0.544259
vt 0.225925 0.544237
vt 0.980501 0.219915
vt 0.654010 0.544237
vt 0.666802 0.544215
vt 0.980501 0.202754
vt 0.196319 0.544259
vt 0.209111 0.544237
vt 0.687638 0.544237
vt 0.700430 0.544215
vt 0.980501 0.181303
vt 0.738146 0.544236
vt 0.750938 0.544214
vt 0.980501 0.301436
vt 0.721332 0.544237
vt 0.734124 0.544215
vt 0.980501 0.275695
vt 0.763809 0.970734
vt 0.436137 0.825071
vt 0.768689 0.970734
vt 0.446219 0.825071
vt 0.976501 0.027257
vt 0.976501 0.032137
vt 0.456301 0.825071
vt 0.812608 0.970734
vt 0.466382 0.825071
vt 0.976501 0.037017
vt 0.476464 0.825071
vt 0.802848 0.970734
vt 0.481505 0.825071
vt 0.976501 0.002858
vt 0.491586 0.825071
vt 0.807728 0.970734
vt 0.496626 0.825071
vt 0.976501 0.041897
vt 0.506708 0.825071
vt 0.788208 0.970734
vt 0.526872 0.825071
vt 0.830817 0.133497
vt 0.830841 0.154303
vt 0.830816 0.154305
vt 0.851609 0.496371
vt 0.830838 0.496393
vt 0.830816 0.457097
vt 0.830841 0.191431
vt 0.830816 0.183133
vt 0.830841 0.183112
vt 0.968069 0.992586
vt 0.968093 0.991571
vt 0.968093 0.992605
vt 0.980501 0.438261
vt 0.980525 0.439276
vt 0.980501 0.439258
vt 0.856489 0.412140
vt 0.856462 0.404541
vt 0.856488 0.404557
vt 0.830847 0.319897
vt 0.830816 0.304668
vt 0.830844 0.304657
vt 0.865477 0.319887
vt 0.865448 0.304657
vt 0.865473 0.304668
vt 0.865447 0.304645
vt 0.991602 0.410984
vt 0.991576 0.405469
vt 0.991602 0.405477
vt 0.830843 0.834767
vt 0.830816 0.831656
vt 0.830843 0.831656
vt 0.846724 0.796095
vt 0.846749 0.799206
vt 0.846724 0.799206
vt 0.980530 0.141084
vt 0.980501 0.135557
vt 0.980529 0.135557
vt 0.830843 0.848992
vt 0.830816 0.845881
vt 0.830843 0.845880
vt 0.846724 0.760533
vt 0.846749 0.763644
vt 0.846724 0.763645
vt 0.980530 0.150613
vt 0.980501 0.145086
vt 0.980529 0.145085
vt 0.846724 0.746308
vt 0.846749 0.749419
vt 0.846724 0.749420
vt 0.980530 0.131556
vt 0.980501 0.126029
vt 0.980529 0.126028
vt 0.830843 0.856105
vt 0.830816 0.852994
vt 0.830843 0.852993
vt 0.980530 0.160141
vt 0.980501 0.154614
vt 0.980529 0.154613
vt 0.980528 0.822557
vt 0.980501 0.821753
vt 0.980528 0.821737
vt 0.984105 0.822541
vt 0.984081 0.821737
vt 0.984105 0.821752
vt 0.830816 0.731136
vt 0.830842 0.734712
vt 0.830816 0.734693
vt 0.846775 0.688496
vt 0.846749 0.684712
vt 0.846775 0.684730
vt 0.980528 0.827377
vt 0.980501 0.826573
vt 0.980527 0.826557
vt 0.984105 0.827361
vt 0.984080 0.826557
vt 0.984105 0.826572
vt 0.830816 0.738732
vt 0.830842 0.742308
vt 0.830816 0.742289
vt 0.846775 0.696300
vt 0.846749 0.692515
vt 0.846775 0.692533
vt 0.986376 0.488339
vt 0.187039 0.996959
vt 0.187367 0.996959
vt 0.980523 0.470293
vt 0.986377 0.470264
vt 0.986376 0.470293
vt 0.980523 0.503039
vt 0.830816 0.252461
vt 0.830843 0.271160
vt 0.830816 0.271151
vt 0.980550 0.611703
vt 0.278540 0.997038
vt 0.278603 0.996975
vt 0.980522 0.692161
vt 0.985335 0.692112
vt 0.985335 0.692141
vt 0.985336 0.709126
vt 0.985336 0.709155
vt 0.980501 0.772866
vt 0.980522 0.683653
vt 0.985335 0.683604
vt 0.985335 0.683633
vt 0.985336 0.713389
vt 0.985336 0.713417
vt 0.980550 0.607470
vt 0.300101 0.997038
vt 0.300164 0.996975
vt 0.980522 0.696415
vt 0.985335 0.696366
vt 0.985335 0.696394
vt 0.985336 0.670818
vt 0.985336 0.670847
vt 0.980550 0.615937
vt 0.287165 0.997038
vt 0.287227 0.996975
vt 0.980522 0.687907
vt 0.985335 0.687858
vt 0.985335 0.687887
vt 0.985336 0.717651
vt 0.985336 0.717680
vt 0.980501 0.781333
vt 0.980522 0.700668
vt 0.985335 0.700619
vt 0.985335 0.700648
vt 0.985336 0.721913
vt 0.985336 0.721942
vt 0.980501 0.777099
vt 0.274228 0.997038
vt 0.274291 0.996975
vt 0.980522 0.704922
vt 0.985335 0.704873
vt 0.985335 0.704902
vt 0.985336 0.679343
vt 0.985336 0.679371
vt 0.980550 0.632769
vt 0.980522 0.666613
vt 0.985335 0.666564
vt 0.985335 0.666593
vt 0.985336 0.675080
vt 0.985336 0.675109
vt 0.980527 0.379632
vt 0.980526 0.511213
vt 0.980523 0.511234
vt 0.980501 0.789484
vt 0.002000 0.305903
vt 0.002000 0.305881
vt 0.002018 0.309928
vt 0.175437 0.309903
vt 0.268266 0.774571
vt 0.268244 0.774571
vt 0.772087 0.540215
vt 0.772065 0.540215
vt 0.074227 0.825071
vt 0.247095 0.774571
vt 0.247073 0.774571
vt 0.078517 0.825071
vt 0.263954 0.774571
vt 0.263932 0.774571
vt 0.057066 0.825071
vt 0.305881 0.540237
vt 0.305859 0.540237
vt 0.061356 0.825071
vt 0.082807 0.825071
vt 0.251408 0.774571
vt 0.251386 0.774571
vt 0.188007 0.774571
vt 0.187985 0.774571
vt 0.065647 0.825071
vt 0.192319 0.774571
vt 0.192297 0.774571
vt 0.091388 0.825071
vt 0.259641 0.774571
vt 0.259619 0.774571
vt 0.052776 0.825071
vt 0.767728 0.232334
vt 0.767706 0.232334
vt 0.099968 0.825071
vt 0.772040 0.232334
vt 0.772018 0.232334
vt 0.095678 0.825071
vt 0.142976 0.997976
vt 0.143835 0.998000
vt 0.142977 0.998000
vt 0.060335 0.997977
vt 0.061194 0.998000
vt 0.060336 0.998000
vt 0.981518 0.986238
vt 0.981542 0.985378
vt 0.981542 0.986236
vt 0.070057 0.997977
vt 0.070917 0.998000
vt 0.070059 0.998000
vt 0.118669 0.997977
vt 0.119529 0.998000
vt 0.118671 0.998000
vt 0.162421 0.997977
vt 0.163280 0.998000
vt 0.162422 0.998000
vt 0.065196 0.997977
vt 0.066056 0.998000
vt 0.065198 0.998000
vt 0.981518 0.991099
vt 0.981542 0.990239
vt 0.981542 0.991097
vt 0.969559 0.045919
vt 0.969585 0.080582
vt 0.969559 0.080598
vt 0.211012 0.997792
vt 0.211012 0.997770
vt 0.216611 0.996981
vt 0.858570 0.371243
vt 0.858544 0.378843
vt 0.858544 0.371226
vt 0.988133 0.433230
vt 0.988108 0.434243
vt 0.988109 0.433210
vt 0.830843 0.323909
vt 0.830816 0.338447
vt 0.830816 0.323919
vt 0.991580 0.424841
vt 0.986007 0.531638
vt 0.986030 0.531639
vt 0.984317 0.793654
vt 0.984292 0.794250
vt 0.984292 0.793636
vt 0.983484 0.924157
vt 0.983459 0.924769
vt 0.983459 0.924156
vt 0.980501 0.947841
vt 0.980526 0.947229
vt 0.980527 0.947842
vt 0.984317 0.798269
vt 0.984292 0.798865
vt 0.984292 0.798250
vt 0.983484 0.951842
vt 0.983459 0.952455
vt 0.983459 0.951842
vt 0.980501 0.933999
vt 0.980526 0.933386
vt 0.980526 0.933999
vt 0.192517 0.997609
vt 0.980501 0.493020
vt 0.191907 0.996981
vt 0.191651 0.997207
vt 0.191883 0.996975
vt 0.830816 0.275182
vt 0.830821 0.275160
vt 0.830816 0.471529
vt 0.851609 0.490772
vt 0.851631 0.490773
vt 0.317485 0.997280
vt 0.980501 0.764171
vt 0.317498 0.996981
vt 0.317396 0.996959
vt 0.317485 0.996959
vt 0.980502 0.581080
vt 0.980501 0.738877
vt 0.980523 0.738969
vt 0.980501 0.738989
vt 0.304595 0.997280
vt 0.980501 0.743002
vt 0.304608 0.996981
vt 0.304506 0.996959
vt 0.304595 0.996959
vt 0.980502 0.563161
vt 0.400572 0.997127
vt 0.400551 0.996996
vt 0.400572 0.996959
vt 0.308892 0.997280
vt 0.980501 0.768404
vt 0.308905 0.996981
vt 0.308803 0.996959
vt 0.308892 0.996959
vt 0.980502 0.590039
vt 0.980501 0.747344
vt 0.980523 0.747436
vt 0.980501 0.747456
vt 0.321781 0.997280
vt 0.980501 0.755704
vt 0.321794 0.996981
vt 0.321693 0.996959
vt 0.321781 0.996959
vt 0.980502 0.572121
vt 0.980501 0.751578
vt 0.980523 0.751669
vt 0.980501 0.751690
vt 0.313188 0.997280
vt 0.980501 0.730301
vt 0.313201 0.996981
vt 0.313100 0.996959
vt 0.313188 0.996959
vt 0.392525 0.997127
vt 0.392503 0.996996
vt 0.392525 0.996959
vt 0.326186 0.997201
vt 0.980501 0.759936
vt 0.980502 0.545243
vt 0.396548 0.997127
vt 0.396527 0.996996
vt 0.396548 0.996959
vt 0.330375 0.997280
vt 0.980501 0.734536
vt 0.330388 0.996981
vt 0.330286 0.996959
vt 0.330375 0.996959
vt 0.980502 0.554202
vt 0.980552 0.603116
vt 0.980574 0.603207
vt 0.980552 0.603228
vt 0.980501 0.375608
vt 0.980527 0.370094
vt 0.992991 0.389194
vt 0.992963 0.393324
vt 0.992964 0.389183
vt 0.986399 0.461475
vt 0.986374 0.465598
vt 0.986374 0.461470
vt 0.763416 0.237881
vt 0.617745 0.237906
vt 0.617741 0.237880
vt 0.500268 0.309881
vt 0.117151 0.992915
vt 0.117129 0.825049
vt 0.117151 0.825049
vt 0.142892 0.992915
vt 0.142870 0.825049
vt 0.142892 0.825049
vt 0.104280 0.992915
vt 0.104258 0.825049
vt 0.104280 0.825049
vt 0.125731 0.992915
vt 0.125709 0.825049
vt 0.125731 0.825049
vt 0.147182 0.992915
vt 0.147160 0.825049
vt 0.147182 0.825049
vt 0.151473 0.992915
vt 0.151451 0.825049
vt 0.151473 0.825049
vt 0.108571 0.992915
vt 0.108549 0.825049
vt 0.108571 0.825049
vt 0.130022 0.992915
vt 0.130000 0.825049
vt 0.130022 0.825049
vt 0.112861 0.992915
vt 0.112839 0.825049
vt 0.112861 0.825049
vt 0.134312 0.992915
vt 0.134290 0.825049
vt 0.134312 0.825049
vt 0.138602 0.992915
vt 0.138580 0.825049
vt 0.138602 0.825049
vt 0.627333 0.825071
vt 0.627330 0.825049
vt 0.612277 0.825071
vt 0.612274 0.825049
vt 0.647407 0.825071
vt 0.647405 0.825049
vt 0.557071 0.825071
vt 0.557069 0.825049
vt 0.562090 0.825071
vt 0.562087 0.825049
vt 0.582164 0.825071
vt 0.582162 0.825049
vt 0.602239 0.825071
vt 0.602237 0.825049
vt 0.652426 0.825071
vt 0.652424 0.825049
vt 0.567108 0.825071
vt 0.567106 0.825049
vt 0.637370 0.825071
vt 0.637368 0.825049
vt 0.235788 0.996959
vt 0.234999 0.996981
vt 0.234999 0.996959
vt 0.988109 0.438243
vt 0.988133 0.439257
vt 0.988109 0.439276
vt 0.856488 0.423756
vt 0.856462 0.416157
vt 0.856488 0.416173
vt 0.830816 0.285403
vt 0.830842 0.300633
vt 0.830816 0.300623
vt 0.830843 0.300645
vt 0.865482 0.300645
vt 0.991602 0.420508
vt 0.991576 0.414993
vt 0.991602 0.415001
vt 0.830841 0.820543
vt 0.830816 0.817432
vt 0.830842 0.817431
vt 0.946886 0.986539
vt 0.946912 0.992066
vt 0.946886 0.992066
vt 0.830841 0.827655
vt 0.830816 0.824544
vt 0.830841 0.824543
vt 0.830841 0.806318
vt 0.830816 0.803207
vt 0.830841 0.803206
vt 0.964043 0.986539
vt 0.964069 0.992066
vt 0.964042 0.992067
vt 0.830841 0.813430
vt 0.830816 0.810319
vt 0.830841 0.810319
vt 0.843946 0.986538
vt 0.843973 0.992066
vt 0.843946 0.992066
vt 0.984109 0.812901
vt 0.984083 0.812097
vt 0.984109 0.812112
vt 0.846749 0.731116
vt 0.846775 0.734692
vt 0.846749 0.734712
vt 0.846775 0.711906
vt 0.846749 0.708122
vt 0.846775 0.708140
vt 0.984109 0.817721
vt 0.984083 0.816917
vt 0.984109 0.816932
vt 0.846749 0.738712
vt 0.846775 0.742288
vt 0.846749 0.742308
vt 0.846775 0.704103
vt 0.846749 0.700318
vt 0.846775 0.700337
vt 0.872420 0.252451
vt 0.872447 0.271150
vt 0.872420 0.271160
vt 0.851609 0.510803
vt 0.830838 0.510825
vt 0.830816 0.452287
vt 0.985332 0.580960
vt 0.980549 0.611589
vt 0.980523 0.738887
vt 0.980518 0.738846
vt 0.985332 0.563042
vt 0.980501 0.772755
vt 0.980619 0.620050
vt 0.980501 0.620019
vt 0.980549 0.607356
vt 0.980523 0.747354
vt 0.980518 0.747313
vt 0.985332 0.572001
vt 0.980549 0.615823
vt 0.980523 0.751587
vt 0.980518 0.751547
vt 0.985332 0.598879
vt 0.980501 0.781222
vt 0.980619 0.624283
vt 0.980501 0.624252
vt 0.985332 0.545124
vt 0.980501 0.776988
vt 0.980619 0.628517
vt 0.980501 0.628486
vt 0.985332 0.554083
vt 0.980574 0.603125
vt 0.980501 0.603096
vt 0.980527 0.370081
vt 0.980526 0.507039
vt 0.986376 0.507061
vt 0.980523 0.507061
vt 0.980501 0.507062
vt 0.322610 0.613457
vt 0.322588 0.613456
vt 0.002000 0.309929
vt 0.993315 0.305726
vt 0.993337 0.305727
vt 0.073959 0.825071
vt 0.074227 0.825049
vt 0.993315 0.232786
vt 0.993337 0.232787
vt 0.078249 0.825071
vt 0.078517 0.825049
vt 0.993315 0.237077
vt 0.993337 0.237078
vt 0.056798 0.825071
vt 0.057066 0.825049
vt 0.993315 0.241368
vt 0.993337 0.241369
vt 0.061088 0.825071
vt 0.061356 0.825049
vt 0.993315 0.245659
vt 0.993337 0.245660
vt 0.082539 0.825071
vt 0.082807 0.825049
vt 0.993315 0.310017
vt 0.993337 0.310018
vt 0.065378 0.825071
vt 0.065647 0.825049
vt 0.993315 0.267113
vt 0.993337 0.267114
vt 0.091120 0.825071
vt 0.091388 0.825049
vt 0.993315 0.254241
vt 0.993337 0.254242
vt 0.052508 0.825071
vt 0.052776 0.825049
vt 0.993315 0.314308
vt 0.993337 0.314309
vt 0.099700 0.825071
vt 0.099968 0.825049
vt 0.993315 0.258532
vt 0.993337 0.258532
vt 0.095410 0.825071
vt 0.095678 0.825049
vt 0.552050 0.970755
vt 0.552052 0.970733
vt 0.124392 0.996983
vt 0.123532 0.996959
vt 0.124390 0.996959
vt 0.080641 0.996983
vt 0.079781 0.996959
vt 0.080639 0.996959
vt 0.642386 0.970755
vt 0.642389 0.970732
vt 0.980524 0.970793
vt 0.980501 0.971652
vt 0.980501 0.970794
vt 0.572125 0.970755
vt 0.572127 0.970733
vt 0.085502 0.996983
vt 0.084643 0.996959
vt 0.085501 0.996959
vt 0.577143 0.970755
vt 0.577146 0.970733
vt 0.980524 0.961070
vt 0.980501 0.961930
vt 0.980501 0.961072
vt 0.617293 0.970755
vt 0.617295 0.970732
vt 0.095225 0.996983
vt 0.094365 0.996959
vt 0.095223 0.996959
vt 0.622312 0.970755
vt 0.622314 0.970732
vt 0.104947 0.996983
vt 0.104087 0.996959
vt 0.104945 0.996959
vt 0.597218 0.970755
vt 0.597220 0.970733
vt 0.051474 0.996983
vt 0.050614 0.996959
vt 0.051472 0.996959
vt 0.632349 0.970755
vt 0.632351 0.970733
vt 0.587181 0.970755
vt 0.587183 0.970733
vt 0.980524 0.975654
vt 0.980501 0.976513
vt 0.980501 0.975655
vt 0.592199 0.970755
vt 0.592202 0.970733
vt 0.114669 0.996983
vt 0.113810 0.996959
vt 0.114668 0.996959
vt 0.830816 0.123298
vt 0.830820 0.123276
vt 0.851609 0.485961
vt 0.851631 0.485962
vt 0.215823 0.996981
vt 0.216611 0.996959
vt 0.976395 0.986558
vt 0.976371 0.987571
vt 0.976371 0.986538
vt 0.988133 0.448328
vt 0.988109 0.449343
vt 0.988109 0.448309
vt 0.984317 0.807499
vt 0.984292 0.808097
vt 0.984292 0.807481
vt 0.984317 0.802883
vt 0.984292 0.803481
vt 0.984292 0.802865
vt 0.192248 0.996959
vt 0.191920 0.996959
vt 0.317585 0.997038
vt 0.317522 0.996975
vt 0.985336 0.692345
vt 0.985358 0.692366
vt 0.304695 0.997038
vt 0.304633 0.996975
vt 0.985336 0.683838
vt 0.985358 0.683858
vt 0.308992 0.997038
vt 0.308929 0.996975
vt 0.985336 0.696599
vt 0.985358 0.696619
vt 0.321882 0.997038
vt 0.321819 0.996975
vt 0.985336 0.688092
vt 0.985358 0.688112
vt 0.313289 0.997037
vt 0.313226 0.996975
vt 0.985336 0.700853
vt 0.985358 0.700873
vt 0.326085 0.996959
vt 0.325997 0.996959
vt 0.985336 0.705106
vt 0.985358 0.705126
vt 0.330475 0.997037
vt 0.330412 0.996975
vt 0.985336 0.666798
vt 0.985358 0.666818
vt 0.992990 0.397333
vt 0.992964 0.401469
vt 0.992964 0.397324
vt 0.941806 0.133499
vt 0.941831 0.154305
vt 0.941805 0.154304
vt 0.893262 0.203729
vt 0.893237 0.195431
vt 0.893262 0.195451
vt 0.980523 0.498364
vt 0.980523 0.474988
vt 0.986377 0.474960
vt 0.986376 0.474988
vt 0.980523 0.738998
vt 0.980524 0.580879
vt 0.980523 0.641276
vt 0.985336 0.641267
vt 0.985335 0.641296
vt 0.980524 0.562961
vt 0.980523 0.658291
vt 0.985336 0.658282
vt 0.985336 0.658311
vt 0.980523 0.747465
vt 0.980524 0.589838
vt 0.980523 0.645529
vt 0.985336 0.645521
vt 0.985336 0.645550
vt 0.980523 0.751698
vt 0.980524 0.571920
vt 0.980523 0.637022
vt 0.985336 0.637014
vt 0.985336 0.637043
vt 0.980549 0.624404
vt 0.980549 0.624375
vt 0.980524 0.598797
vt 0.980523 0.662544
vt 0.985336 0.662536
vt 0.985335 0.662564
vt 0.980550 0.628637
vt 0.980549 0.628608
vt 0.980524 0.545042
vt 0.980523 0.649783
vt 0.985336 0.649775
vt 0.985335 0.649804
vt 0.980574 0.603236
vt 0.980524 0.554001
vt 0.318367 0.613762
vt 0.318566 0.613762
vt 0.310124 0.309881
vt 0.314345 0.309881
vt 0.309881 0.305881
vt 0.613741 0.002022
vt 0.322809 0.613457
vt 0.613741 0.305881
vt 0.314146 0.309881
vt 0.504292 0.545763
vt 0.326831 0.723201
vt 0.326831 0.549788
vt 0.472498 0.549789
vt 0.147665 0.549810
vt 0.002000 0.723081
vt 0.002000 0.549842
vt 0.763416 0.002026
vt 0.147665 0.723049
vt 0.472498 0.723202
vt 0.301626 0.774571
vt 0.301894 0.544259
vt 0.301894 0.774571
vt 0.717244 0.774548
vt 0.704452 0.774548
vt 0.980523 0.207045
vt 0.993315 0.207045
vt 0.980523 0.262822
vt 0.734124 0.309881
vt 0.502463 0.549789
vt 0.515255 0.549789
vt 0.993315 0.348630
vt 0.116861 0.825049
vt 0.117129 0.992915
vt 0.116861 0.992915
vt 0.993315 0.215625
vt 0.793169 0.477601
vt 0.754960 0.540215
vt 0.767752 0.540215
vt 0.980523 0.198464
vt 0.993315 0.198464
vt 0.288777 0.774571
vt 0.289045 0.544259
vt 0.289045 0.774571
vt 0.209111 0.309903
vt 0.980523 0.305726
vt 0.142602 0.825049
vt 0.142870 0.992915
vt 0.142602 0.992915
vt 0.993315 0.335760
vt 0.151687 0.549810
vt 0.164479 0.549810
vt 0.993315 0.288565
vt 0.793169 0.649324
vt 0.980523 0.288565
vt 0.272266 0.774571
vt 0.272534 0.544259
vt 0.272534 0.774571
vt 0.683616 0.774548
vt 0.670824 0.774548
vt 0.980523 0.211335
vt 0.993315 0.211335
vt 0.980523 0.232786
vt 0.225947 0.309903
vt 0.103990 0.825049
vt 0.104258 0.992915
vt 0.793122 0.169720
vt 0.993315 0.318599
vt 0.103990 0.992915
vt 0.993315 0.271404
vt 0.980523 0.271404
vt 0.616272 0.549789
vt 0.603480 0.549789
vt 0.754960 0.774548
vt 0.767752 0.774548
vt 0.980523 0.279985
vt 0.993315 0.279985
vt 0.771819 0.774549
vt 0.772087 0.544237
vt 0.772087 0.774549
vt 0.242783 0.309903
vt 0.980523 0.237077
vt 0.125441 0.825049
vt 0.125709 0.992915
vt 0.125441 0.992915
vt 0.993315 0.322889
vt 0.637152 0.549789
vt 0.649944 0.549789
vt 0.056798 0.992937
vt 0.993315 0.292856
vt 0.810005 0.821046
vt 0.980523 0.292856
vt 0.229969 0.774570
vt 0.242761 0.774570
vt 0.980523 0.284275
vt 0.993315 0.284275
vt 0.293045 0.774571
vt 0.293314 0.544259
vt 0.293314 0.774571
vt 0.980523 0.241368
vt 0.259619 0.309903
vt 0.586644 0.549789
vt 0.599436 0.549789
vt 0.993315 0.352921
vt 0.993315 0.164142
vt 0.980523 0.164142
vt 0.146892 0.825049
vt 0.147160 0.992915
vt 0.146892 0.992915
vt 0.809958 0.169720
vt 0.280802 0.774571
vt 0.281070 0.544259
vt 0.281070 0.774571
vt 0.750938 0.540215
vt 0.738146 0.540215
vt 0.980523 0.245659
vt 0.980523 0.194174
vt 0.993315 0.194174
vt 0.276455 0.309903
vt 0.151182 0.825049
vt 0.151451 0.992915
vt 0.151182 0.992915
vt 0.569807 0.549789
vt 0.582600 0.549789
vt 0.993315 0.344340
vt 0.980523 0.344340
vt 0.810005 0.477601
vt 0.980523 0.168432
vt 0.993315 0.168432
vt 0.082539 0.992937
vt 0.213133 0.774570
vt 0.225925 0.774570
vt 0.993315 0.219915
vt 0.776087 0.540215
vt 0.776355 0.540215
vt 0.980523 0.219915
vt 0.683616 0.309881
vt 0.980523 0.310017
vt 0.993315 0.172722
vt 0.980523 0.172722
vt 0.793169 0.821046
vt 0.108280 0.825049
vt 0.108549 0.992915
vt 0.565763 0.549789
vt 0.108280 0.992915
vt 0.552971 0.549789
vt 0.993315 0.340050
vt 0.654010 0.774548
vt 0.666802 0.774548
vt 0.980523 0.202754
vt 0.993315 0.202754
vt 0.776040 0.232334
vt 0.776308 0.002022
vt 0.776308 0.232334
vt 0.980523 0.249950
vt 0.700452 0.309881
vt 0.129731 0.825049
vt 0.130000 0.992915
vt 0.129731 0.992915
vt 0.993315 0.327179
vt 0.476520 0.549788
vt 0.489312 0.549788
vt 0.980523 0.177013
vt 0.993315 0.177013
vt 0.826794 0.169720
vt 0.196319 0.774570
vt 0.209111 0.774570
vt 0.980523 0.267113
vt 0.192275 0.309903
vt 0.179461 0.774571
vt 0.179729 0.544259
vt 0.980523 0.297146
vt 0.993315 0.297146
vt 0.179729 0.774571
vt 0.993315 0.357211
vt 0.993315 0.224206
vt 0.980523 0.224206
vt 0.048486 0.992769
vt 0.112571 0.825049
vt 0.112839 0.992915
vt 0.548927 0.549789
vt 0.112571 0.992915
vt 0.536135 0.549789
vt 0.687638 0.774548
vt 0.700430 0.774548
vt 0.980523 0.181303
vt 0.993315 0.181303
vt 0.293292 0.309903
vt 0.980523 0.254241
vt 0.297358 0.774571
vt 0.297626 0.544259
vt 0.297626 0.774571
vt 0.134022 0.825049
vt 0.134290 0.992915
vt 0.134022 0.992915
vt 0.993315 0.331470
vt 0.810005 0.649324
vt 0.532091 0.549789
vt 0.519299 0.549789
vt 0.980523 0.228496
vt 0.993315 0.228496
vt 0.738146 0.774548
vt 0.750938 0.774548
vt 0.980523 0.301436
vt 0.993315 0.301436
vt 0.276534 0.774571
vt 0.276802 0.544259
vt 0.276802 0.774571
vt 0.980523 0.314308
vt 0.717288 0.309881
vt 0.993315 0.361501
vt 0.138312 0.825049
vt 0.138580 0.992915
vt 0.138312 0.992915
vt 0.309903 0.617762
vt 0.322695 0.617762
vt 0.980523 0.185593
vt 0.993315 0.185593
vt 0.014814 0.992769
vt 0.721332 0.774548
vt 0.734124 0.774548
vt 0.980523 0.275694
vt 0.993315 0.275694
vt 0.776087 0.774549
vt 0.776355 0.544237
vt 0.776355 0.774549
vt 0.666780 0.309881
vt 0.980523 0.258532
vt 0.121151 0.825049
vt 0.121419 0.992915
vt 0.121151 0.992915
vt 0.993315 0.365791
vt 0.620316 0.549789
vt 0.633108 0.549789
vt 0.993315 0.189884
vt 0.980523 0.189884
vt 0.031650 0.992769
vt 0.168143 0.997976
vt 0.657306 0.825071
vt 0.657306 0.970734
vt 0.764667 0.825071
vt 0.764667 0.970734
vt 0.662186 0.970734
vt 0.662186 0.825071
vt 0.172143 0.996983
vt 0.123531 0.996983
vt 0.798826 0.825071
vt 0.798826 0.970734
vt 0.027167 0.997977
vt 0.720747 0.825071
vt 0.720747 0.970734
vt 0.143837 0.997976
vt 0.142976 0.996983
vt 0.769547 0.825071
vt 0.769547 0.970734
vt 0.152698 0.996983
vt 0.774427 0.825071
vt 0.774427 0.970734
vt 0.715867 0.970734
vt 0.715867 0.825071
vt 0.080641 0.997977
vt 0.079780 0.996983
vt 0.976501 0.026400
vt 0.061196 0.997977
vt 0.060335 0.996983
vt 0.830838 0.026400
vt 0.725627 0.825071
vt 0.725627 0.970734
vt 0.032029 0.997977
vt 0.981518 0.970793
vt 0.980524 0.971654
vt 0.779307 0.970734
vt 0.036029 0.996983
vt 0.740267 0.825071
vt 0.740267 0.970734
vt 0.779307 0.825071
vt 0.976501 0.031279
vt 0.830838 0.031279
vt 0.041751 0.997977
vt 0.017445 0.997977
vt 0.016584 0.996983
vt 0.686586 0.825071
vt 0.686586 0.970734
vt 0.976501 0.011760
vt 0.045751 0.996983
vt 0.830838 0.011760
vt 0.085502 0.997977
vt 0.084641 0.996983
vt 0.759787 0.970734
vt 0.759787 0.825071
vt 0.813466 0.970734
vt 0.981518 0.985377
vt 0.980524 0.986238
vt 0.813466 0.825071
vt 0.134114 0.997976
vt 0.667066 0.825071
vt 0.667066 0.970734
vt 0.730507 0.970734
vt 0.730507 0.825071
vt 0.562090 0.970733
vt 0.138114 0.996983
vt 0.818346 0.825071
vt 0.818346 0.970734
vt 0.980524 0.961931
vt 0.976501 0.036159
vt 0.070919 0.997977
vt 0.070057 0.996983
vt 0.830838 0.036159
vt 0.750027 0.970734
vt 0.090363 0.997977
vt 0.750027 0.825071
vt 0.671946 0.970734
vt 0.671946 0.825071
vt 0.002000 0.996983
vt 0.095225 0.997977
vt 0.094363 0.996983
vt 0.830838 0.016640
vt 0.976501 0.016640
vt 0.100086 0.997977
vt 0.803706 0.825071
vt 0.803706 0.970734
vt 0.119531 0.997977
vt 0.118669 0.996983
vt 0.676826 0.825071
vt 0.676826 0.970734
vt 0.021445 0.996983
vt 0.022306 0.997977
vt 0.823226 0.970734
vt 0.823226 0.825071
vt 0.104947 0.997977
vt 0.104086 0.996983
vt 0.696346 0.825071
vt 0.696346 0.970734
vt 0.976501 0.002000
vt 0.830838 0.002000
vt 0.007722 0.997977
vt 0.691466 0.970734
vt 0.980524 0.966793
vt 0.691466 0.825071
vt 0.051474 0.997977
vt 0.050612 0.996983
vt 0.784187 0.825071
vt 0.784187 0.970734
vt 0.681706 0.970734
vt 0.681706 0.825071
vt 0.074919 0.996983
vt 0.808586 0.970734
vt 0.808586 0.825071
vt 0.158421 0.997976
vt 0.163282 0.997977
vt 0.162421 0.996983
vt 0.735387 0.825071
vt 0.735387 0.970734
vt 0.177004 0.996983
vt 0.830838 0.006880
vt 0.976501 0.006880
vt 0.745147 0.970734
vt 0.745147 0.825071
vt 0.128392 0.996983
vt 0.109808 0.997977
vt 0.830838 0.041039
vt 0.976501 0.041039
vt 0.066057 0.997977
vt 0.065196 0.996983
vt 0.701226 0.825071
vt 0.701226 0.970734
vt 0.706106 0.970734
vt 0.706106 0.825071
vt 0.011722 0.996983
vt 0.981518 0.975654
vt 0.980524 0.976515
vt 0.976501 0.021520
vt 0.830838 0.021520
vt 0.789066 0.970734
vt 0.981518 0.990238
vt 0.980524 0.991099
vt 0.789066 0.825071
vt 0.056335 0.997977
vt 0.710986 0.825071
vt 0.710986 0.970734
vt 0.980524 0.981377
vt 0.793946 0.825071
vt 0.793946 0.970734
vt 0.754907 0.825071
vt 0.754907 0.970734
vt 0.114669 0.997977
vt 0.113808 0.996983
vt 0.406310 0.977670
vt 0.385502 0.977670
vt 0.830842 0.133497
vt 0.431118 0.825049
vt 0.410310 0.977645
vt 0.410310 0.825049
vt 0.941699 0.179112
vt 0.941695 0.158307
vt 0.431118 0.977645
vt 0.865452 0.367211
vt 0.830842 0.084598
vt 0.865486 0.361027
vt 0.865486 0.362093
vt 0.830816 0.124365
vt 0.865452 0.366145
vt 0.851609 0.495583
vt 0.830838 0.495583
vt 0.830838 0.457097
vt 0.851610 0.457097
vt 0.230210 0.997770
vt 0.230999 0.996981
vt 0.230999 0.997770
vt 0.851609 0.461908
vt 0.830838 0.485961
vt 0.234999 0.997770
vt 0.235788 0.996981
vt 0.235788 0.997770
vt 0.851609 0.505204
vt 0.830838 0.466718
vt 0.851610 0.466718
vt 0.851610 0.437855
vt 0.830838 0.437855
vt 0.830838 0.442665
vt 0.893237 0.203750
vt 0.968093 0.987571
vt 0.893238 0.191431
vt 0.980525 0.438243
vt 0.858544 0.382843
vt 0.856462 0.412157
vt 0.856462 0.423773
vt 0.830843 0.357005
vt 0.865482 0.342457
vt 0.830816 0.930989
vt 0.830816 0.916462
vt 0.846036 0.916462
vt 0.846036 0.930989
vt 0.830843 0.338457
vt 0.830816 0.912462
vt 0.846036 0.897934
vt 0.846036 0.912462
vt 0.830816 0.897934
vt 0.980523 0.535964
vt 0.986030 0.535964
vt 0.991576 0.410993
vt 0.980501 0.531942
vt 0.991576 0.420517
vt 0.980501 0.531639
vt 0.986030 0.536267
vt 0.830816 0.796094
vt 0.830816 0.799206
vt 0.846734 0.831656
vt 0.846735 0.834768
vt 0.846749 0.820543
vt 0.846749 0.817432
vt 0.830816 0.770757
vt 0.830816 0.767645
vt 0.993657 0.122028
vt 0.993646 0.141085
vt 0.993657 0.116500
vt 0.933756 0.992066
vt 0.933756 0.986538
vt 0.929756 0.992066
vt 0.929756 0.986538
vt 0.993645 0.135557
vt 0.846749 0.827656
vt 0.846749 0.824544
vt 0.846735 0.848993
vt 0.830816 0.784981
vt 0.830816 0.781869
vt 0.846734 0.845881
vt 0.830816 0.763644
vt 0.830816 0.760532
vt 0.993657 0.112500
vt 0.993646 0.150613
vt 0.993657 0.106972
vt 0.899443 0.992066
vt 0.899443 0.986538
vt 0.847973 0.992066
vt 0.847973 0.986538
vt 0.993645 0.145086
vt 0.846749 0.806319
vt 0.846749 0.803207
vt 0.830816 0.777869
vt 0.830816 0.774757
vt 0.830816 0.746308
vt 0.830816 0.749419
vt 0.846735 0.841880
vt 0.846734 0.838769
vt 0.950912 0.992066
vt 0.950913 0.986538
vt 0.993657 0.093443
vt 0.993657 0.087915
vt 0.993646 0.131557
vt 0.993645 0.126029
vt 0.865130 0.986538
vt 0.865129 0.992066
vt 0.846749 0.813431
vt 0.846749 0.810319
vt 0.846735 0.856105
vt 0.830816 0.756532
vt 0.830816 0.753420
vt 0.830816 0.788982
vt 0.830816 0.792093
vt 0.846734 0.852994
vt 0.830816 0.992066
vt 0.830816 0.986538
vt 0.993657 0.102972
vt 0.993657 0.097444
vt 0.993645 0.154614
vt 0.993646 0.160142
vt 0.882286 0.986538
vt 0.882286 0.992066
vt 0.984083 0.812917
vt 0.830842 0.731116
vt 0.984081 0.822557
vt 0.846749 0.688515
vt 0.846749 0.711925
vt 0.983642 0.887245
vt 0.980501 0.887859
vt 0.980501 0.887245
vt 0.983642 0.887859
vt 0.983459 0.928771
vt 0.980501 0.897087
vt 0.980501 0.896473
vt 0.983642 0.896473
vt 0.983642 0.897087
vt 0.980527 0.938613
vt 0.980501 0.920156
vt 0.983642 0.919542
vt 0.983642 0.920156
vt 0.980501 0.919542
vt 0.983642 0.901087
vt 0.980501 0.901701
vt 0.980501 0.901087
vt 0.983642 0.901701
vt 0.984081 0.827377
vt 0.830842 0.738712
vt 0.984083 0.817737
vt 0.846749 0.704122
vt 0.846749 0.696318
vt 0.980501 0.910929
vt 0.983642 0.910315
vt 0.983642 0.910929
vt 0.983642 0.905701
vt 0.983642 0.906315
vt 0.980501 0.906315
vt 0.980501 0.905701
vt 0.980501 0.910315
vt 0.980526 0.952456
vt 0.980527 0.943228
vt 0.983642 0.891859
vt 0.983642 0.892473
vt 0.980501 0.892473
vt 0.980501 0.915542
vt 0.983642 0.914928
vt 0.983642 0.915542
vt 0.980501 0.914928
vt 0.980501 0.891859
vt 0.197136 0.997829
vt 0.986377 0.483664
vt 0.980523 0.483664
vt 0.196522 0.997214
vt 0.196755 0.996981
vt 0.197391 0.997574
vt 0.197390 0.997245
vt 0.980523 0.470264
vt 0.986376 0.497689
vt 0.980523 0.497689
vt 0.980523 0.469618
vt 0.980523 0.498336
vt 0.187644 0.997574
vt 0.186775 0.997214
vt 0.187008 0.996981
vt 0.980523 0.488339
vt 0.192279 0.996981
vt 0.192513 0.997214
vt 0.192513 0.997574
vt 0.986376 0.502364
vt 0.980523 0.503011
vt 0.191898 0.997829
vt 0.980523 0.502364
vt 0.191644 0.997574
vt 0.191644 0.997244
vt 0.986377 0.478988
vt 0.980524 0.478988
vt 0.182755 0.997574
vt 0.182754 0.997244
vt 0.181886 0.997214
vt 0.182119 0.996981
vt 0.980523 0.493014
vt 0.872425 0.280293
vt 0.849528 0.514847
vt 0.849528 0.515913
vt 0.830843 0.252451
vt 0.830816 0.276248
vt 0.849510 0.519961
vt 0.849510 0.521027
vt 0.830838 0.447476
vt 0.851609 0.447476
vt 0.851609 0.500393
vt 0.225422 0.997770
vt 0.226210 0.997770
vt 0.851610 0.471529
vt 0.830838 0.471529
vt 0.830838 0.490772
vt 0.206201 0.997770
vt 0.851609 0.510014
vt 0.830838 0.510014
vt 0.220633 0.997770
vt 0.830838 0.476340
vt 0.851610 0.476340
vt 0.851610 0.452287
vt 0.221422 0.997770
vt 0.830838 0.452287
vt 0.830838 0.481150
vt 0.317507 0.997252
vt 0.317592 0.997166
vt 0.317300 0.997045
vt 0.317365 0.996981
vt 0.317300 0.997166
vt 0.985252 0.576147
vt 0.985252 0.580960
vt 0.317592 0.997075
vt 0.985363 0.611470
vt 0.980550 0.611674
vt 0.980501 0.611552
vt 0.351948 0.997231
vt 0.351834 0.997271
vt 0.351987 0.997149
vt 0.351684 0.997104
vt 0.351738 0.996995
vt 0.351684 0.997254
vt 0.985332 0.581085
vt 0.980524 0.581083
vt 0.334690 0.996959
vt 0.334781 0.997050
vt 0.351823 0.996965
vt 0.980523 0.764165
vt 0.980528 0.611572
vt 0.980550 0.611470
vt 0.334774 0.997171
vt 0.980523 0.692366
vt 0.334482 0.997155
vt 0.334488 0.997064
vt 0.980523 0.738764
vt 0.278534 0.997075
vt 0.980523 0.709360
vt 0.278825 0.997045
vt 0.985336 0.738764
vt 0.304410 0.997166
vt 0.304410 0.997045
vt 0.304475 0.996981
vt 0.304617 0.997252
vt 0.304703 0.997166
vt 0.985252 0.558229
vt 0.985252 0.563042
vt 0.304702 0.997075
vt 0.239807 0.997045
vt 0.980501 0.772837
vt 0.980523 0.742998
vt 0.239872 0.996981
vt 0.240100 0.997077
vt 0.240100 0.997167
vt 0.985314 0.772632
vt 0.980501 0.772714
vt 0.980501 0.772632
vt 0.985332 0.563166
vt 0.980524 0.563165
vt 0.261531 0.996959
vt 0.261617 0.997056
vt 0.261603 0.997178
vt 0.980523 0.683858
vt 0.261315 0.997134
vt 0.261326 0.997048
vt 0.980523 0.713624
vt 0.985362 0.619937
vt 0.283138 0.997045
vt 0.980527 0.620039
vt 0.282846 0.997075
vt 0.308999 0.997166
vt 0.308914 0.997252
vt 0.308707 0.997045
vt 0.308771 0.996981
vt 0.308707 0.997166
vt 0.985252 0.585107
vt 0.308999 0.997075
vt 0.980550 0.607441
vt 0.980523 0.768399
vt 0.985363 0.607236
vt 0.980501 0.607318
vt 0.980528 0.607338
vt 0.980550 0.607236
vt 0.343364 0.997208
vt 0.343079 0.997126
vt 0.343079 0.996976
vt 0.343132 0.997236
vt 0.343228 0.996959
vt 0.985336 0.747231
vt 0.980523 0.747231
vt 0.257019 0.997163
vt 0.343343 0.997000
vt 0.343382 0.997082
vt 0.257315 0.997050
vt 0.257312 0.997172
vt 0.980523 0.696619
vt 0.257253 0.996985
vt 0.257023 0.997072
vt 0.985332 0.590044
vt 0.980524 0.590043
vt 0.300094 0.997075
vt 0.980523 0.671053
vt 0.300386 0.997045
vt 0.980523 0.755698
vt 0.321889 0.997075
vt 0.321889 0.997166
vt 0.321804 0.997252
vt 0.980550 0.615908
vt 0.321597 0.997045
vt 0.321661 0.996981
vt 0.985252 0.567188
vt 0.980523 0.645501
vt 0.356251 0.997230
vt 0.356136 0.997271
vt 0.356290 0.997149
vt 0.355987 0.997254
vt 0.980501 0.615785
vt 0.980528 0.615805
vt 0.980550 0.615703
vt 0.985252 0.572001
vt 0.355987 0.997104
vt 0.356040 0.996995
vt 0.985332 0.572125
vt 0.980524 0.572124
vt 0.338988 0.996959
vt 0.339079 0.997050
vt 0.356126 0.996965
vt 0.321596 0.997166
vt 0.985363 0.615703
vt 0.985336 0.751465
vt 0.980523 0.751465
vt 0.338781 0.997155
vt 0.339073 0.997172
vt 0.338786 0.997064
vt 0.980523 0.688112
vt 0.287450 0.997045
vt 0.287158 0.997075
vt 0.980523 0.717884
vt 0.980523 0.730297
vt 0.313295 0.997075
vt 0.313296 0.997166
vt 0.313210 0.997252
vt 0.980501 0.781304
vt 0.985314 0.781099
vt 0.980501 0.781181
vt 0.313003 0.997166
vt 0.313004 0.997045
vt 0.313068 0.996981
vt 0.985252 0.594066
vt 0.244412 0.997167
vt 0.244412 0.997077
vt 0.244120 0.997045
vt 0.244185 0.996981
vt 0.985252 0.598878
vt 0.985332 0.599003
vt 0.980524 0.599002
vt 0.265834 0.996959
vt 0.265919 0.997056
vt 0.980501 0.781099
vt 0.265905 0.997178
vt 0.265673 0.997285
vt 0.265617 0.997134
vt 0.265628 0.997048
vt 0.980523 0.700873
vt 0.980527 0.624272
vt 0.985362 0.624170
vt 0.980523 0.722146
vt 0.291470 0.997075
vt 0.291762 0.997045
vt 0.980523 0.759932
vt 0.326117 0.996981
vt 0.326181 0.997045
vt 0.326182 0.997166
vt 0.980501 0.777070
vt 0.985314 0.776866
vt 0.980501 0.776947
vt 0.985252 0.540311
vt 0.325889 0.997166
vt 0.325890 0.997075
vt 0.325975 0.997252
vt 0.985252 0.545124
vt 0.980501 0.776866
vt 0.248724 0.997167
vt 0.248724 0.997077
vt 0.248432 0.997045
vt 0.248497 0.996981
vt 0.985332 0.545248
vt 0.980524 0.545247
vt 0.270136 0.996959
vt 0.270221 0.997056
vt 0.270207 0.997178
vt 0.980523 0.705126
vt 0.269919 0.997134
vt 0.269930 0.997048
vt 0.985362 0.628404
vt 0.274513 0.997045
vt 0.980527 0.628506
vt 0.274222 0.997075
vt 0.980523 0.679578
vt 0.980523 0.734531
vt 0.330482 0.997075
vt 0.330482 0.997166
vt 0.330397 0.997252
vt 0.980550 0.632740
vt 0.330190 0.997166
vt 0.985364 0.726215
vt 0.980501 0.726297
vt 0.980551 0.726175
vt 0.985363 0.726297
vt 0.330190 0.997045
vt 0.330254 0.996981
vt 0.985252 0.549270
vt 0.985252 0.554083
vt 0.347646 0.997231
vt 0.347531 0.997271
vt 0.347684 0.997149
vt 0.347382 0.997254
vt 0.347382 0.997104
vt 0.347435 0.996995
vt 0.980501 0.632658
vt 0.347520 0.996965
vt 0.985387 0.603003
vt 0.980574 0.603003
vt 0.252724 0.997160
vt 0.985332 0.554207
vt 0.980524 0.554206
vt 0.252926 0.996959
vt 0.253020 0.997048
vt 0.253017 0.997169
vt 0.980523 0.666818
vt 0.296074 0.997045
vt 0.980523 0.675316
vt 0.252727 0.997070
vt 0.295782 0.997075
vt 0.986002 0.519512
vt 0.980501 0.515386
vt 0.986002 0.515386
vt 0.986002 0.527638
vt 0.980501 0.523512
vt 0.986002 0.523512
vt 0.980501 0.519512
vt 0.980501 0.527638
vt 0.984642 0.789614
vt 0.980523 0.789484
vt 0.984642 0.789484
vt 0.984642 0.785355
vt 0.984642 0.785484
vt 0.986374 0.453343
vt 0.436788 0.996959
vt 0.436829 0.996981
vt 0.436788 0.997004
vt 0.428705 0.996959
vt 0.428746 0.996981
vt 0.428705 0.997004
vt 0.432746 0.996959
vt 0.432788 0.996981
vt 0.432746 0.997004
vt 0.252818 0.997273
vt 0.192029 0.544237
vt 0.441177 0.825049
vt 0.002002 0.998000
vt 0.007721 0.996959
vt 0.074920 0.998000
vt 0.980501 0.444291
vt 0.980501 0.433229
vt 0.980501 0.461474
vt 0.767438 0.002000
vt 0.980501 0.112500
vt 0.980501 0.093443
vt 0.980501 0.802883
vt 0.776087 0.309881
vt 0.148697 0.996959
vt 0.123532 0.998000
vt 0.981542 0.961930
vt 0.128393 0.998000
vt 0.278729 0.997280
vt 0.797144 0.169722
vt 0.738146 0.309881
vt 0.541992 0.825049
vt 0.385503 0.825049
vt 0.830816 0.203730
vt 0.846749 0.753420
vt 0.846775 0.715944
vt 0.207012 0.996981
vt 0.985359 0.641042
vt 0.985359 0.649550
vt 0.220633 0.996959
vt 0.912599 0.986538
vt 0.069669 0.825049
vt 0.086829 0.825049
vt 0.147839 0.998000
vt 0.981542 0.966791
vt 0.547031 0.825049
vt 0.983484 0.957070
vt 0.993315 0.348920
vt 0.531910 0.825049
vt 0.536952 0.825049
vt 0.830817 0.841880
vt 0.986399 0.469598
vt 0.305881 0.002022
vt 0.175461 0.309929
vt 0.500268 0.545788
vt 0.267976 0.544237
vt 0.980501 0.348899
vt 0.771797 0.309881
vt 0.980501 0.336028
vt 0.246805 0.544237
vt 0.980501 0.318867
vt 0.263663 0.544237
vt 0.980501 0.323157
vt 0.305591 0.309903
vt 0.980501 0.353189
vt 0.297336 0.309903
vt 0.251117 0.544237
vt 0.980501 0.340318
vt 0.187716 0.544237
vt 0.980501 0.327448
vt 0.980501 0.357479
vt 0.259351 0.544237
vt 0.980501 0.331738
vt 0.980501 0.361769
vt 0.771750 0.002000
vt 0.980501 0.366059
vt 0.168141 0.996959
vt 0.172145 0.998000
vt 0.027166 0.996959
vt 0.451259 0.825049
vt 0.152700 0.998000
vt 0.032027 0.996959
vt 0.521829 0.825049
vt 0.036030 0.998000
vt 0.041749 0.996959
vt 0.461340 0.825049
vt 0.045753 0.998000
vt 0.134113 0.996959
vt 0.471422 0.825049
vt 0.138116 0.998000
vt 0.090362 0.996959
vt 0.100084 0.996959
vt 0.486544 0.825049
vt 0.158419 0.996959
vt 0.501666 0.825049
vt 0.177006 0.998000
vt 0.109807 0.996959
vt 0.511747 0.825049
vt 0.011724 0.998000
vt 0.056333 0.996959
vt 0.516789 0.825049
vt 0.981542 0.981375
vt 0.969585 0.084613
vt 0.211823 0.996981
vt 0.830816 0.505992
vt 0.976395 0.992587
vt 0.830816 0.371242
vt 0.865508 0.338447
vt 0.830816 0.727097
vt 0.980501 0.793654
vt 0.980501 0.924156
vt 0.983484 0.947842
vt 0.830816 0.719501
vt 0.980501 0.798269
vt 0.983484 0.933999
vt 0.830816 0.248441
vt 0.872420 0.281381
vt 0.201391 0.996959
vt 0.225422 0.996959
vt 0.343218 0.997265
vt 0.985233 0.589941
vt 0.992990 0.375608
vt 0.980502 0.389193
vt 0.504295 0.309883
vt 0.993315 0.336050
vt 0.993315 0.318889
vt 0.993315 0.323179
vt 0.993315 0.353211
vt 0.993315 0.344630
vt 0.993315 0.340340
vt 0.993315 0.327470
vt 0.993315 0.357501
vt 0.993315 0.331760
vt 0.993315 0.361791
vt 0.993315 0.366081
vt 0.797946 0.970734
vt 0.773547 0.970734
vt 0.778427 0.970734
vt 0.976501 0.012640
vt 0.817466 0.970734
vt 0.976501 0.017520
vt 0.822346 0.970734
vt 0.783307 0.970734
vt 0.976501 0.007760
vt 0.976501 0.022400
vt 0.793066 0.970734
vt 0.830821 0.179112
vt 0.851609 0.506014
vt 0.830816 0.412141
vt 0.830816 0.423757
vt 0.980501 0.448327
vt 0.865508 0.285403
vt 0.980501 0.410984
vt 0.980501 0.420508
vt 0.846749 0.767645
vt 0.980501 0.122028
vt 0.916599 0.992067
vt 0.846749 0.781869
vt 0.861129 0.986538
vt 0.846749 0.774757
vt 0.878286 0.986538
vt 0.846749 0.788982
vt 0.980501 0.102972
vt 0.895443 0.986538
vt 0.980501 0.812901
vt 0.830816 0.688497
vt 0.830816 0.711907
vt 0.980501 0.807498
vt 0.980501 0.817721
vt 0.830816 0.696300
vt 0.830816 0.704103
vt 0.851609 0.501204
vt 0.980501 0.397333
vt 0.002000 0.002000
vt 0.326831 0.545762
vt 0.175437 0.545810
vt 0.267954 0.774571
vt 0.771775 0.540215
vt 0.246783 0.774571
vt 0.305569 0.540237
vt 0.297314 0.540237
vt 0.187694 0.774571
vt 0.192007 0.774571
vt 0.259329 0.774571
vt 0.767416 0.232334
vt 0.771728 0.232334
vt 0.830816 0.080583
vt 0.211012 0.996959
vt 0.830816 0.382860
vt 0.988133 0.443294
vt 0.846775 0.723540
vt 0.980501 0.928770
vt 0.983484 0.938613
vt 0.980501 0.956456
vt 0.983484 0.943228
vt 0.187405 0.996975
vt 0.187002 0.997841
vt 0.872447 0.229751
vt 0.830816 0.501182
vt 0.408594 0.997079
vt 0.278641 0.996959
vt 0.424683 0.997079
vt 0.282953 0.996959
vt 0.283042 0.997280
vt 0.300201 0.996959
vt 0.300290 0.997280
vt 0.412616 0.997079
vt 0.287265 0.996959
vt 0.287354 0.997280
vt 0.416638 0.997079
vt 0.291577 0.996959
vt 0.291666 0.997280
vt 0.404572 0.997079
vt 0.274329 0.996959
vt 0.274417 0.997280
vt 0.420661 0.997079
vt 0.295889 0.996959
vt 0.295978 0.997280
vt 0.992990 0.385158
vt 0.980501 0.453347
vt 0.980501 0.785484
vt 0.318367 0.309881
vt 0.704452 0.544215
vt 0.754961 0.309881
vt 0.670824 0.544215
vt 0.754960 0.544215
vt 0.229969 0.544237
vt 0.213133 0.544237
vt 0.654010 0.544215
vt 0.196319 0.544237
vt 0.687638 0.544215
vt 0.738146 0.544215
vt 0.721332 0.544215
vt 0.763787 0.970734
vt 0.436136 0.825049
vt 0.768667 0.970734
vt 0.446218 0.825049
vt 0.976501 0.027279
vt 0.976501 0.032159
vt 0.456299 0.825049
vt 0.812586 0.970734
vt 0.466380 0.825049
vt 0.976501 0.037039
vt 0.476462 0.825049
vt 0.802826 0.970734
vt 0.481503 0.825049
vt 0.976501 0.002880
vt 0.491585 0.825049
vt 0.807706 0.970734
vt 0.496625 0.825049
vt 0.976501 0.041919
vt 0.506707 0.825049
vt 0.788186 0.970734
vt 0.526870 0.825049
vt 0.851609 0.496393
vt 0.830816 0.191411
vt 0.968069 0.991589
vt 0.830820 0.319887
vt 0.830843 0.304645
vt 0.830817 0.834768
vt 0.846749 0.796094
vt 0.980502 0.141085
vt 0.830817 0.848993
vt 0.846749 0.760532
vt 0.980502 0.150613
vt 0.846749 0.746308
vt 0.980502 0.131557
vt 0.830817 0.856105
vt 0.980502 0.160142
vt 0.980501 0.822542
vt 0.980501 0.827362
vt 0.986399 0.488341
vt 0.187039 0.997857
vt 0.278767 0.997264
vt 0.980522 0.692132
vt 0.283079 0.997264
vt 0.980522 0.683625
vt 0.300328 0.997264
vt 0.980522 0.696386
vt 0.287391 0.997264
vt 0.980522 0.687879
vt 0.291703 0.997264
vt 0.980522 0.700639
vt 0.274455 0.997264
vt 0.980522 0.704893
vt 0.296016 0.997264
vt 0.980522 0.666585
vt 0.992964 0.379632
vt 0.986373 0.511213
vt 0.002024 0.309903
vt 0.069959 0.825071
vt 0.074249 0.825071
vt 0.078539 0.825071
vt 0.057088 0.825071
vt 0.061378 0.825071
vt 0.082829 0.825071
vt 0.087120 0.825071
vt 0.065669 0.825071
vt 0.091410 0.825071
vt 0.052798 0.825071
vt 0.099990 0.825071
vt 0.095700 0.825071
vt 0.969585 0.045934
vt 0.216633 0.996981
vt 0.858570 0.378826
vt 0.988133 0.434226
vt 0.991576 0.424863
vt 0.984317 0.794234
vt 0.983484 0.924770
vt 0.980501 0.947228
vt 0.984317 0.798849
vt 0.983484 0.952456
vt 0.980501 0.933385
vt 0.400548 0.997118
vt 0.392501 0.997118
vt 0.396525 0.997118
vt 0.980501 0.370106
vt 0.992990 0.393315
vt 0.986398 0.465594
vt 0.763412 0.237906
vt 0.988133 0.438261
vt 0.830816 0.820543
vt 0.946912 0.986538
vt 0.830816 0.827656
vt 0.830816 0.806319
vt 0.964069 0.986538
vt 0.830816 0.813431
vt 0.843973 0.986538
vt 0.846775 0.731135
vt 0.846775 0.738731
vt 0.872447 0.252460
vt 0.851609 0.510825
vt 0.992964 0.370081
vt 0.986374 0.507039
vt 0.073959 0.825049
vt 0.078249 0.825049
vt 0.056798 0.825049
vt 0.061088 0.825049
vt 0.082539 0.825049
vt 0.065378 0.825049
vt 0.091120 0.825049
vt 0.052508 0.825049
vt 0.099700 0.825049
vt 0.095410 0.825049
vt 0.215823 0.996959
vt 0.976395 0.987554
vt 0.988133 0.449325
vt 0.980501 0.429188
vt 0.984317 0.808079
vt 0.984317 0.803464
vt 0.202201 0.996981
vt 0.992990 0.401459
vt 0.941831 0.133497
vt 0.980525 0.580850
vt 0.980525 0.562932
vt 0.980525 0.589809
vt 0.980525 0.571891
vt 0.980525 0.598768
vt 0.980525 0.545013
vt 0.980525 0.553973
vt 0.334726 0.996977
vt 0.261567 0.996979
vt 0.980549 0.619937
vt 0.343343 0.997212
vt 0.339025 0.996977
vt 0.265869 0.996979
vt 0.980549 0.624170
vt 0.270171 0.996979
vt 0.980549 0.628404
vt 0.980528 0.632637
vt 0.252963 0.996976
s 0
usemtl hospital_001_baked
f 1/1/1 2/2/1 3/3/1
f 1/1/1 3/3/1 4/4/1
f 5/5/2 6/6/2 7/7/2
f 8/8/3 9/9/3 10/10/3
f 11/11/4 12/12/4 13/13/4
f 14/14/5 15/15/5 16/16/5
f 17/17/6 18/18/6 19/19/6
f 20/20/7 21/21/7 22/22/7
f 23/23/8 24/24/8 25/25/8
f 26/26/9 27/27/9 28/28/9
f 29/29/10 30/30/10 31/31/10
f 32/32/11 33/33/11 34/34/11
f 35/35/12 36/36/12 37/37/12
f 38/38/13 39/39/13 40/40/13
f 41/41/14 42/42/14 43/43/14
f 44/44/15 45/45/15 46/46/15
f 47/47/16 48/48/16 49/49/16
f 50/50/17 51/51/17 52/52/17
f 53/53/18 54/54/18 55/55/18
f 56/56/19 57/57/19 58/58/19
f 59/59/20 60/60/20 61/61/20
f 62/62/21 63/63/21 64/64/21
f 65/65/22 66/66/22 67/67/22
f 68/68/23 69/69/23 70/70/23
f 71/71/24 72/72/24 73/73/24
f 74/74/25 75/75/25 76/76/25
f 77/77/26 78/78/26 79/79/26
f 80/80/27 81/81/27 82/82/27
f 83/83/28 84/84/28 85/85/28
f 86/86/29 87/87/29 88/88/29
f 89/89/8 90/90/8 91/91/8
f 92/92/30 93/93/30 94/94/30
f 95/95/31 96/96/31 97/97/31
f 98/98/32 99/99/32 100/100/32
f 101/101/33 102/102/33 103/103/33
f 104/104/34 105/105/34 106/106/34
f 107/107/29 108/108/29 109/109/29
f 110/110/8 111/111/8 112/112/8
f 113/113/30 114/114/30 115/115/30
f 116/116/35 117/117/35 118/118/35
f 119/119/31 120/120/31 121/121/31
f 122/122/9 123/123/9 124/124/9
f 125/125/26 126/126/26 127/127/26
f 128/128/8 129/129/8 130/130/8
f 131/131/28 132/132/28 133/133/28
f 134/134/27 135/135/27 136/136/27
f 137/137/31 138/138/31 139/139/31
f 140/140/30 141/141/30 142/142/30
f 143/143/32 144/144/32 145/145/32
f 146/146/29 147/147/29 148/148/29
f 149/149/18 150/150/18 151/151/18
f 152/152/19 153/153/19 154/154/19
f 155/155/24 156/156/24 157/157/24
f 158/158/22 159/159/22 160/160/22
f 161/161/20 162/162/20 163/163/20
f 164/164/25 165/165/25 166/166/25
f 167/167/23 168/168/23 169/169/23
f 170/170/21 171/171/21 172/172/21
f 173/173/36 174/174/36 175/175/36
f 176/176/37 177/177/37 178/178/37
f 179/179/38 180/180/38 181/181/38
f 182/182/39 183/183/39 184/184/39
f 185/185/40 186/186/40 187/187/40
f 188/188/41 189/189/41 190/190/41
f 191/191/42 192/192/42 193/193/42
f 194/194/43 195/195/43 196/196/43
f 197/197/44 198/198/44 199/199/44
f 200/200/45 201/201/45 202/202/45
f 203/203/46 204/204/46 205/205/46
f 206/206/47 207/207/47 208/208/47
f 209/209/48 210/210/48 211/211/48
f 212/212/49 213/213/49 214/214/49
f 215/215/50 216/216/50 217/217/50
f 218/218/51 219/219/51 220/220/51
f 221/221/41 222/222/41 223/223/41
f 224/224/43 225/225/43 226/226/43
f 227/227/39 228/228/39 229/229/39
f 230/230/38 231/231/38 232/232/38
f 233/233/40 234/234/40 235/235/40
f 236/236/36 237/237/36 238/238/36
f 239/239/42 240/240/42 241/241/42
f 242/242/37 243/243/37 244/244/37
f 245/245/18 246/246/18 247/247/18
f 248/248/19 249/249/19 250/250/19
f 251/251/24 252/252/24 253/253/24
f 254/254/22 255/255/22 256/256/22
f 257/257/21 258/258/21 259/259/21
f 260/260/25 261/261/25 262/262/25
f 263/263/23 264/264/23 265/265/23
f 266/266/20 267/267/20 268/268/20
f 269/269/52 270/270/52 271/271/52
f 272/272/53 273/273/53 274/274/53
f 275/275/41 276/276/41 277/277/41
f 278/278/54 279/279/54 280/280/54
f 281/281/55 282/282/55 283/283/55
f 284/284/36 285/285/36 286/286/36
f 287/287/56 288/288/56 289/289/56
f 290/290/57 291/291/57 292/292/57
f 293/293/19 294/294/19 295/295/19
f 296/296/18 297/297/18 298/298/18
f 299/299/24 300/300/24 301/301/24
f 302/302/22 303/303/22 304/304/22
f 305/305/21 306/306/21 307/307/21
f 308/308/20 309/309/20 310/310/20
f 311/311/25 312/312/25 313/313/25
f 314/314/23 315/315/23 316/316/23
f 317/317/41 318/318/41 319/319/41
f 320/320/36 321/321/36 322/322/36
f 323/323/54 324/324/54 325/325/54
f 326/326/53 327/327/53 328/328/53
f 329/329/55 330/330/55 331/331/55
f 332/332/57 333/333/57 334/334/57
f 335/335/52 336/336/52 337/337/52
f 338/338/56 339/339/56 340/340/56
f 341/341/24 342/342/24 343/343/24
f 344/344/46 345/345/46 346/346/46
f 347/347/22 348/348/22 349/349/22
f 350/350/48 351/351/48 352/352/48
f 353/353/47 354/354/47 355/355/47
f 356/356/49 357/357/49 358/358/49
f 359/359/23 360/360/23 361/361/23
f 362/362/20 363/363/20 364/364/20
f 365/365/40 366/366/40 367/367/40
f 368/368/53 369/369/53 370/370/53
f 371/371/57 372/372/57 373/373/57
f 374/374/39 375/375/39 376/376/39
f 377/377/58 378/378/58 379/379/58
f 380/380/59 381/381/59 382/382/59
f 383/383/56 384/384/56 385/385/56
f 386/386/52 387/387/52 388/388/52
f 389/389/49 390/390/49 391/391/49
f 392/392/22 393/393/22 394/394/22
f 395/395/23 396/396/23 397/397/23
f 398/398/24 399/399/24 400/400/24
f 401/401/46 402/402/46 403/403/46
f 404/404/47 405/405/47 406/406/47
f 407/407/48 408/408/48 409/409/48
f 410/410/20 411/411/20 412/412/20
f 413/413/58 414/414/58 415/415/58
f 416/416/52 417/417/52 418/418/52
f 419/419/40 420/420/40 421/421/40
f 422/422/39 423/423/39 424/424/39
f 425/425/53 426/426/53 427/427/53
f 428/428/56 429/429/56 430/430/56
f 431/431/59 432/432/59 433/433/59
f 434/434/57 435/435/57 436/436/57
f 437/437/24 438/438/24 439/439/24
f 440/440/47 441/441/47 442/442/47
f 443/443/23 444/444/23 445/445/23
f 446/446/22 447/447/22 448/448/22
f 449/449/20 450/450/20 451/451/20
f 452/452/48 453/453/48 454/454/48
f 455/455/46 456/456/46 457/457/46
f 458/458/49 459/459/49 460/460/49
f 461/461/56 462/462/56 463/463/56
f 464/464/47 465/465/47 466/466/47
f 467/467/60 468/468/60 469/469/60
f 470/470/61 471/471/61 472/472/61
f 473/473/62 474/474/62 475/475/62
f 476/476/46 477/477/46 478/478/46
f 479/479/63 480/480/63 481/481/63
f 482/482/52 483/483/52 484/484/52
f 485/485/64 486/486/64 487/487/64
f 488/488/65 489/489/65 490/490/65
f 491/491/47 492/492/47 493/493/47
f 494/494/66 495/495/66 496/496/66
f 497/497/46 498/498/46 499/499/46
f 500/500/48 501/501/48 502/502/48
f 503/503/49 504/504/49 505/505/49
f 506/506/67 507/507/67 508/508/67
f 509/509/61 510/510/61 511/511/61
f 512/512/46 513/513/46 514/514/46
f 515/515/60 516/516/60 517/517/60
f 518/518/63 519/519/63 520/520/63
f 521/521/56 522/522/56 523/523/56
f 524/524/47 525/525/47 526/526/47
f 527/527/62 528/528/62 529/529/62
f 530/530/52 531/531/52 532/532/52
f 533/533/49 534/534/49 535/535/49
f 536/536/23 537/537/23 538/538/23
f 539/539/46 540/540/46 541/541/46
f 542/542/47 543/543/47 544/544/47
f 545/545/48 546/546/48 547/547/48
f 548/548/24 549/549/24 550/550/24
f 551/551/22 552/552/22 553/553/22
f 554/554/20 555/555/20 556/556/20
f 557/557/68 558/558/68 559/559/68
f 560/560/63 561/561/63 562/562/63
f 563/563/46 564/564/46 565/565/46
f 566/566/66 567/567/66 568/568/66
f 569/569/61 570/570/61 571/571/61
f 572/572/47 573/573/47 574/574/47
f 575/575/67 576/576/67 577/577/67
f 578/578/69 579/579/69 580/580/69
f 581/581/49 582/582/49 583/583/49
f 584/584/47 585/585/47 586/586/47
f 587/587/66 588/588/66 589/589/66
f 590/590/46 591/591/46 592/592/46
f 593/593/65 594/594/65 595/595/65
f 596/596/64 597/597/64 598/598/64
f 599/599/48 600/600/48 601/601/48
f 602/602/67 603/603/67 604/604/67
f 605/605/63 606/606/63 607/607/63
f 608/608/66 609/609/66 610/610/66
f 611/611/68 612/612/68 613/613/68
f 614/614/47 615/615/47 616/616/47
f 617/617/61 618/618/61 619/619/61
f 620/620/46 621/621/46 622/622/46
f 623/623/69 624/624/69 625/625/69
f 626/626/67 627/627/67 628/628/67
f 629/629/70 630/630/70 631/631/70
f 632/632/71 633/633/71 634/634/71
f 635/635/72 636/636/72 637/637/72
f 638/638/73 639/639/73 640/640/73
f 641/641/74 642/642/74 643/643/74
f 644/644/75 645/645/75 646/646/75
f 647/647/76 648/648/76 649/649/76
f 650/650/77 651/651/77 652/652/77
f 653/653/78 654/654/78 655/655/78
f 656/656/79 657/657/79 658/658/79
f 659/659/80 660/660/80 661/661/80
f 662/662/81 663/663/81 664/664/81
f 665/665/82 666/666/82 667/667/82
f 668/668/83 669/669/83 670/670/83
f 671/671/84 672/672/84 673/673/84
f 674/674/85 675/675/85 676/676/85
f 677/677/70 678/678/70 679/679/70
f 680/680/86 681/681/86 682/682/86
f 683/683/72 684/684/72 685/685/72
f 686/686/76 687/687/76 688/688/76
f 689/689/87 690/690/87 691/691/87
f 692/692/88 693/693/88 694/694/88
f 695/695/89 696/696/89 697/697/89
f 698/698/90 699/699/90 700/700/90
f 701/701/89 702/702/89 703/703/89
f 704/704/78 705/705/78 706/706/78
f 707/707/91 708/708/91 709/709/91
f 710/710/85 711/711/85 712/712/85
f 713/713/92 714/714/92 715/715/92
f 716/716/82 717/717/82 718/718/82
f 719/719/83 720/720/83 721/721/83
f 722/722/93 723/723/93 724/724/93
f 725/725/94 726/726/94 727/727/94
f 728/728/95 729/729/95 730/730/95
f 731/731/96 732/732/96 733/733/96
f 734/734/97 735/735/97 736/736/97
f 737/737/98 738/738/98 739/739/98
f 740/740/99 741/741/99 742/742/99
f 743/743/100 744/744/100 745/745/100
f 746/746/101 747/747/101 748/748/101
f 749/749/102 750/750/102 751/751/102
f 752/752/103 753/753/103 754/754/103
f 755/755/104 756/756/104 757/757/104
f 758/758/81 759/759/81 760/760/81
f 761/761/105 762/762/105 763/763/105
f 764/764/106 765/765/106 766/766/106
f 767/767/107 768/768/107 769/769/107
f 770/770/108 771/771/108 772/772/108
f 773/773/109 774/774/109 775/775/109
f 776/776/87 777/777/87 778/778/87
f 779/779/110 780/780/110 781/781/110
f 782/782/86 783/783/86 784/784/86
f 785/785/71 786/786/71 787/787/71
f 788/788/111 789/789/111 790/790/111
f 791/791/112 792/792/112 793/793/112
f 794/794/97 795/795/97 796/796/97
f 797/797/109 798/798/109 799/799/109
f 800/800/113 801/801/113 802/802/113
f 803/803/114 804/804/114 805/805/114
f 806/806/115 807/807/115 808/808/115
f 809/809/93 810/810/93 811/811/93
f 812/812/107 813/813/107 814/814/107
f 815/815/116 816/816/116 817/817/116
f 818/818/117 819/819/117 820/820/117
f 821/821/84 822/822/84 823/823/84
f 824/824/118 825/825/118 826/826/118
f 827/827/119 828/828/119 829/829/119
f 830/830/120 831/831/120 832/832/120
f 833/833/121 834/834/121 835/835/121
f 836/836/122 837/837/122 838/838/122
f 839/839/101 840/840/101 841/841/101
f 842/842/123 843/843/123 844/844/123
f 845/845/124 846/846/124 847/847/124
f 848/848/91 849/849/91 850/850/91
f 851/851/125 852/852/125 853/853/125
f 854/854/118 855/855/118 856/856/118
f 857/857/116 858/858/116 859/859/116
f 860/860/87 861/861/87 862/862/87
f 863/863/104 864/864/104 865/865/104
f 866/866/126 867/867/126 868/868/126
f 869/869/127 870/870/127 871/871/127
f 872/872/128 873/873/128 874/874/128
f 875/875/129 876/876/129 877/877/129
f 878/878/130 879/879/130 880/880/130
f 881/881/120 882/882/120 883/883/120
f 884/884/118 885/885/118 886/886/118
f 887/887/131 888/888/131 889/889/131
f 890/890/119 891/891/119 892/892/119
f 893/893/124 894/894/124 895/895/124
f 896/896/104 897/897/104 898/898/104
f 899/899/86 900/900/86 901/901/86
f 902/902/132 903/903/132 904/904/132
f 905/905/133 906/906/133 907/907/133
f 908/908/134 909/909/134 910/910/134
f 911/911/87 912/912/87 913/913/87
f 914/914/116 915/915/116 916/916/116
f 917/917/122 918/918/122 919/919/122
f 920/920/119 921/921/119 922/922/119
f 923/923/101 924/924/101 925/925/101
f 926/926/118 927/927/118 928/928/118
f 929/929/121 930/930/121 931/931/121
f 932/932/123 933/933/123 934/934/123
f 935/935/120 936/936/120 937/937/120
f 938/938/84 939/939/84 940/940/84
f 941/941/135 942/942/135 943/943/135
f 944/944/125 945/945/125 946/946/125
f 947/947/87 948/948/87 949/949/87
f 950/950/91 951/951/91 952/952/91
f 953/953/104 954/954/104 955/955/104
f 956/956/136 957/957/136 958/958/136
f 959/959/86 960/960/86 961/961/86
f 962/962/124 963/963/124 964/964/124
f 965/965/109 966/966/109 967/967/109
f 968/968/97 969/969/97 970/970/97
f 971/971/112 972/972/112 973/973/112
f 974/974/71 975/975/71 976/976/71
f 977/977/111 978/978/111 979/979/111
f 980/980/110 981/981/110 982/982/110
f 983/983/87 984/984/87 985/985/87
f 986/986/86 987/987/86 988/988/86
f 989/989/113 990/990/113 991/991/113
f 992/992/117 993/993/117 994/994/117
f 995/995/114 996/996/114 997/997/114
f 998/998/80 999/999/80 1000/1000/80
f 1001/1001/137 1002/1002/137 1003/1003/137
f 1004/1004/138 1005/1005/138 1006/1006/138
f 1007/1007/136 1008/1008/136 1009/1009/136
f 1010/1010/93 1011/1011/93 1012/1012/93
f 1013/1013/89 1014/1014/89 1015/1015/89
f 1016/1016/84 1017/1017/84 1018/1018/84
f 1019/1019/139 1020/1020/139 1021/1021/139
f 1022/1022/70 1023/1023/70 1024/1024/70
f 1025/1025/123 1026/1026/123 1027/1027/123
f 1028/1028/140 1029/1029/140 1030/1030/140
f 1031/1031/88 1032/1032/88 1033/1033/88
f 1034/1034/72 1035/1035/72 1036/1036/72
f 1037/1037/82 1038/1038/82 1039/1039/82
f 1040/1040/78 1041/1041/78 1042/1042/78
f 1043/1043/141 1044/1044/141 1045/1045/141
f 1046/1046/142 1047/1047/142 1048/1048/142
f 1049/1049/89 1050/1050/89 1051/1051/89
f 1052/1052/91 1053/1053/91 1054/1054/91
f 1055/1055/116 1056/1056/116 1057/1057/116
f 1058/1058/87 1059/1059/87 1060/1060/87
f 1061/1061/97 1062/1062/97 1063/1063/97
f 1064/1064/87 1065/1065/87 1066/1066/87
f 1067/1067/98 1068/1068/98 1069/1069/98
f 1070/1070/86 1071/1071/86 1072/1072/86
f 1073/1073/81 1074/1074/81 1075/1075/81
f 1076/1076/143 1077/1077/143 1078/1078/143
f 1079/1079/144 1080/1080/144 1081/1081/144
f 1082/1082/145 1083/1083/145 1084/1084/145
f 1085/1085/105 1086/1086/105 1087/1087/105
f 1088/1088/146 1089/1089/146 1090/1090/146
f 1091/1091/93 1092/1092/93 1093/1093/93
f 1094/1094/147 1095/1095/147 1096/1096/147
f 1097/1097/148 1098/1098/148 1099/1099/148
f 1100/1100/107 1101/1101/107 1102/1102/107
f 1103/1103/81 1104/1104/81 1105/1105/81
f 1106/1106/113 1107/1107/113 1108/1108/113
f 1109/1109/149 1110/1110/149 1111/1111/149
f 1112/1112/70 1113/1113/70 1114/1114/70
f 1115/1115/143 1116/1116/143 1117/1117/143
f 1118/1118/144 1119/1119/144 1120/1120/144
f 1121/1121/77 1122/1122/77 1123/1123/77
f 1124/1124/150 1125/1125/150 1126/1126/150
f 1127/1127/81 1128/1128/81 1129/1129/81
f 1130/1130/151 1131/1131/151 1132/1132/151
f 1133/1133/81 1134/1134/81 1135/1135/81
f 1136/1136/103 1137/1137/103 1138/1138/103
f 1139/1139/152 1140/1140/152 1141/1141/152
f 1142/1142/153 1143/1143/153 1144/1144/153
f 1145/1145/78 1146/1146/78 1147/1147/78
f 1148/1148/154 1149/1149/154 1150/1150/154
f 1151/1151/148 1152/1152/148 1153/1153/148
f 1154/1154/155 1155/1155/155 1156/1156/155
f 1157/1157/156 1158/1158/156 1159/1159/156
f 1160/1160/157 1161/1161/157 1162/1162/157
f 1163/1163/158 1164/1164/158 1165/1165/158
f 1166/1166/159 1167/1167/159 1168/1168/159
f 1169/1169/160 1170/1170/160 1171/1171/160
f 1172/1172/161 1173/1173/161 1174/1174/161
f 1175/1175/162 1176/1176/162 1177/1177/162
f 1178/1178/163 1179/1179/163 1180/1180/163
f 1181/1181/164 1182/1182/164 1183/1183/164
f 1184/1184/165 1185/1185/165 1186/1186/165
f 1187/1187/166 1188/1188/166 1189/1189/166
f 1190/1190/167 1191/1191/167 1192/1192/167
f 1193/1193/168 1194/1194/168 1195/1195/168
f 1196/1196/169 1197/1197/169 1198/1198/169
f 1199/1199/170 1200/1200/170 1201/1201/170
f 1202/1202/171 1203/1203/171 1204/1204/171
f 1205/1205/172 1206/1206/172 1207/1207/172
f 1208/1208/173 1209/1209/173 1210/1210/173
f 1211/1211/174 1212/1212/174 1213/1213/174
f 1214/1214/175 1215/1215/175 1216/1216/175
f 1217/1217/28 1218/1218/28 1219/1219/28
f 1220/1220/176 1221/1221/176 1222/1222/176
f 1223/1223/177 1224/1224/177 1225/1225/177
f 1226/1226/178 1227/1227/178 1228/1228/178
f 1229/1229/179 1230/1230/179 1231/1231/179
f 1232/1232/27 1233/1233/27 1234/1234/27
f 1235/1235/180 1236/1236/180 1237/1237/180
f 1238/1238/181 1239/1239/181 1240/1240/181
f 1241/1241/182 1242/1242/182 1243/1243/182
f 1244/1244/183 1245/1245/183 1246/1246/183
f 1247/1247/184 1248/1248/184 1249/1249/184
f 1250/1250/185 1251/1251/185 1252/1252/185
f 1253/1253/186 1254/1254/186 1255/1255/186
f 1256/1256/187 1257/1257/187 1258/1258/187
f 1259/1259/188 1260/1260/188 1261/1261/188
f 1262/1262/189 1263/1263/189 1264/1264/189
f 1265/1265/190 1266/1266/190 1267/1267/190
f 1268/1268/191 1269/1269/191 1270/1270/191
f 1271/1271/192 1272/1272/192 1273/1273/192
f 1274/1274/193 1275/1275/193 1276/1276/193
f 1277/1277/194 1278/1278/194 1279/1279/194
f 1280/1280/195 1281/1281/195 1282/1282/195
f 1283/1283/196 1284/1284/196 1285/1285/196
f 1286/1286/197 1287/1287/197 1288/1288/197
f 1289/1289/198 1290/1290/198 1291/1291/198
f 1292/1292/199 1293/1293/199 1294/1294/199
f 1295/1295/200 1296/1296/200 1297/1297/200
f 1298/1298/201 1299/1299/201 1300/1300/201
f 1301/1301/202 1302/1302/202 1303/1303/202
f 1304/1304/203 1305/1305/203 1306/1306/203
f 1307/1307/204 1308/1308/204 1309/1309/204
f 1310/1310/205 1311/1311/205 1312/1312/205
f 1313/1313/206 1314/1314/206 1315/1315/206
f 1316/1316/207 1317/1317/207 1318/1318/207
f 1319/1319/208 1320/1320/208 1321/1321/208
f 1322/1322/209 1323/1323/209 1324/1324/209
f 1325/1325/210 1326/1326/210 1327/1327/210
f 1328/1328/211 1329/1329/211 1330/1330/211
f 1331/1331/212 1332/1332/212 1333/1333/212
f 1334/1334/213 1335/1335/213 1336/1336/213
f 1337/1337/214 1338/1338/214 1339/1339/214
f 1340/1340/215 1341/1341/215 1342/1342/215
f 1343/1343/216 1344/1344/216 1345/1345/216
f 1346/1346/217 1347/1347/217 1348/1348/217
f 1349/1349/218 1350/1350/218 1351/1351/218
f 1352/1352/219 1353/1353/219 1354/1354/219
f 1355/1355/220 1356/1356/220 1357/1357/220
f 1358/1358/221 1359/1359/221 1360/1360/221
f 1361/1361/222 1362/1362/222 1363/1363/222
f 1364/1364/223 1365/1365/223 1366/1366/223
f 1367/1367/224 1368/1368/224 1369/1369/224
f 1370/1370/225 1371/1371/225 1372/1372/225
f 1373/1373/226 1374/1374/226 1375/1375/226
f 1376/1376/227 1377/1377/227 1378/1378/227
f 1379/1379/228 1380/1380/228 1381/1381/228
f 1382/1382/229 1383/1383/229 1384/1384/229
f 1385/1385/230 1386/1386/230 1387/1387/230
f 1388/1388/231 1389/1389/231 1390/1390/231
f 1391/1391/232 1392/1392/232 1393/1393/232
f 1394/1394/233 1395/1395/233 1396/1396/233
f 1397/1397/234 1398/1398/234 1399/1399/234
f 1400/1400/235 1401/1401/235 1402/1402/235
f 1403/1403/236 1404/1404/236 1405/1405/236
f 1406/1406/237 1407/1407/237 1408/1408/237
f 1409/1409/238 1410/1410/238 1411/1411/238
f 1412/1412/239 1413/1413/239 1414/1414/239
f 1415/1415/240 1416/1416/240 1417/1417/240
f 1418/1418/241 1419/1419/241 1420/1420/241
f 1421/1421/242 1422/1422/242 1423/1423/242
f 1424/1424/243 1425/1425/243 1426/1426/243
f 1427/1427/244 1428/1428/244 1429/1429/244
f 1430/1430/245 1431/1431/245 1432/1432/245
f 1433/1433/246 1434/1434/246 1435/1435/246
f 1436/1436/247 1437/1437/247 1438/1438/247
f 1439/1439/248 1440/1440/248 1441/1441/248
f 1442/1442/249 1443/1443/249 1444/1444/249
f 1445/1445/234 1446/1446/234 1447/1447/234
f 1448/1448/250 1449/1449/250 1450/1450/250
f 1451/1451/251 1452/1452/251 1453/1453/251
f 1454/1454/252 1455/1455/252 1456/1456/252
f 1457/1457/253 1458/1458/253 1459/1459/253
f 1460/1460/254 1461/1461/254 1462/1462/254
f 1463/1463/241 1464/1464/241 1465/1465/241
f 1466/1466/239 1467/1467/239 1468/1468/239
f 1469/1469/255 1470/1470/255 1471/1471/255
f 1472/1472/256 1473/1473/256 1474/1474/256
f 1475/1475/257 1476/1476/257 1477/1477/257
f 1478/1478/258 1479/1479/258 1480/1480/258
f 1481/1481/259 1482/1482/259 1483/1483/259
f 1484/1484/260 1485/1485/260 1486/1486/260
f 1487/1487/261 1488/1488/261 1489/1489/261
f 1490/1490/262 1491/1491/262 1492/1492/262
f 1493/1493/235 1494/1494/235 1495/1495/235
f 1496/1496/263 1497/1497/263 1498/1498/263
f 1499/1499/264 1500/1500/264 1501/1501/264
f 1502/1502/265 1503/1503/265 1504/1504/265
f 1505/1505/266 1506/1506/266 1507/1507/266
f 1508/1508/267 1509/1509/267 1510/1510/267
f 1511/1511/268 1512/1512/268 1513/1513/268
f 1514/1514/269 1515/1515/269 1516/1516/269
f 1517/1517/270 1518/1518/270 1519/1519/270
f 1520/1520/257 1521/1521/257 1522/1522/257
f 1523/1523/271 1524/1524/271 1525/1525/271
f 1526/1526/272 1527/1527/272 1528/1528/272
f 1529/1529/273 1530/1530/273 1531/1531/273
f 1532/1532/274 1533/1533/274 1534/1534/274
f 1535/1535/275 1536/1536/275 1537/1537/275
f 1538/1538/276 1539/1539/276 1540/1540/276
f 1541/1541/250 1542/1542/250 1543/1543/250
f 1544/1544/265 1545/1545/265 1546/1546/265
f 1547/1547/269 1548/1548/269 1549/1549/269
f 1550/1550/277 1551/1551/277 1552/1552/277
f 1553/1553/278 1554/1554/278 1555/1555/278
f 1556/1556/279 1557/1557/279 1558/1558/279
f 1559/1559/280 1560/1560/280 1561/1561/280
f 1562/1562/281 1563/1563/281 1564/1564/281
f 1565/1565/282 1566/1566/282 1567/1567/282
f 1568/1568/283 1569/1569/283 1570/1570/283
f 1571/1571/284 1572/1572/284 1573/1573/284
f 1574/1574/285 1575/1575/285 1576/1576/285
f 1577/1577/286 1578/1578/286 1579/1579/286
f 1580/1580/287 1581/1581/287 1582/1582/287
f 1583/1583/288 1584/1584/288 1585/1585/288
f 1586/1586/289 1587/1587/289 1588/1588/289
f 1589/1589/290 1590/1590/290 1591/1591/290
f 1592/1592/291 1593/1593/291 1594/1594/291
f 1595/1595/292 1596/1596/292 1597/1597/292
f 1598/1598/293 1599/1599/293 1600/1600/293
f 1601/1601/294 1602/1602/294 1603/1603/294
f 1604/1604/295 1605/1605/295 1606/1606/295
f 1607/1607/296 1608/1608/296 1609/1609/296
f 1610/1610/297 1611/1611/297 1612/1612/297
f 1613/1613/298 1614/1614/298 1615/1615/298
f 1616/1616/299 1617/1617/299 1618/1618/299
f 1619/1619/300 1620/1620/300 1621/1621/300
f 1622/1622/301 1623/1623/301 1624/1624/301
f 1625/1625/302 1626/1626/302 1627/1627/302
f 1628/1628/303 1629/1629/303 1630/1630/303
f 1631/1631/304 1632/1632/304 1633/1633/304
f 1634/1634/305 1635/1635/305 1636/1636/305
f 1637/1637/302 1638/1638/302 1639/1639/302
f 1640/1640/301 1641/1641/301 1642/1642/301
f 1643/1643/306 1644/1644/306 1645/1645/306
f 1646/1646/307 1647/1647/307 1648/1648/307
f 1649/1649/308 1650/1650/308 1651/1651/308
f 1652/1652/309 1653/1653/309 1654/1654/309
f 1655/1655/305 1656/1656/305 1657/1657/305
f 1658/1658/298 1659/1659/298 1660/1660/298
f 1661/1661/310 1662/1662/310 1663/1663/310
f 1664/1664/311 1665/1665/311 1666/1666/311
f 1667/1667/284 1668/1668/284 1669/1669/284
f 1670/1670/312 1671/1671/312 1672/1672/312
f 1673/1673/313 1674/1674/313 1675/1675/313
f 1676/1676/314 1677/1677/314 1678/1678/314
f 1679/1679/315 1680/1680/315 1681/1681/315
f 1682/1682/316 1683/1683/316 1684/1684/316
f 1685/1685/317 1686/1686/317 1687/1687/317
f 1688/1688/318 1689/1689/318 1690/1690/318
f 1691/1691/319 1692/1692/319 1693/1693/319
f 1694/1694/320 1695/1695/320 1696/1696/320
f 1697/1697/321 1698/1698/321 1699/1699/321
f 1700/1700/322 1701/1701/322 1702/1702/322
f 1703/1703/323 1704/1704/323 1705/1705/323
f 1706/1706/324 1707/1707/324 1708/1708/324
f 1709/1709/302 1710/1710/302 1711/1711/302
f 1712/1712/325 1713/1713/325 1714/1714/325
f 1715/1715/326 1716/1716/326 1717/1717/326
f 1718/1718/305 1719/1719/305 1720/1720/305
f 1721/1721/327 1722/1722/327 1723/1723/327
f 1724/1724/328 1725/1725/328 1726/1726/328
f 1727/1727/308 1728/1728/308 1729/1729/308
f 1730/1730/329 1731/1731/329 1732/1732/329
f 1733/1733/330 1734/1734/330 1735/1735/330
f 1736/1736/331 1737/1737/331 1738/1738/331
f 1739/1739/301 1740/1740/301 1741/1741/301
f 1742/1742/326 1743/1743/326 1744/1744/326
f 1745/1745/306 1746/1746/306 1747/1747/306
f 1748/1748/332 1749/1749/332 1750/1750/332
f 1751/1751/308 1752/1752/308 1753/1753/308
f 1754/1754/305 1755/1755/305 1756/1756/305
f 1757/1757/117 1758/1758/117 1759/1759/117
f 1760/1760/333 1761/1761/333 1762/1762/333
f 1763/1763/334 1764/1764/334 1765/1765/334
f 1766/1766/335 1767/1767/335 1768/1768/335
f 1769/1769/336 1770/1770/336 1771/1771/336
f 1772/1772/337 1773/1773/337 1774/1774/337
f 1775/1775/338 1776/1776/338 1777/1777/338
f 1778/1778/339 1779/1779/339 1780/1780/339
f 1781/1781/340 1782/1782/340 1783/1783/340
f 1784/1784/341 1785/1785/341 1786/1786/341
f 1787/1787/342 1788/1788/342 1789/1789/342
f 1790/1790/343 1791/1791/343 1792/1792/343
f 1793/1793/344 1794/1794/344 1795/1795/344
f 1796/1796/345 1797/1797/345 1798/1798/345
f 1799/1799/346 1800/1800/346 1801/1801/346
f 1802/1802/347 1803/1803/347 1804/1804/347
f 1805/1805/348 1806/1806/348 1807/1807/348
f 1808/1808/342 1809/1809/342 1810/1810/342
f 1811/1811/349 1812/1812/349 1813/1813/349
f 1814/1814/350 1815/1815/350 1816/1816/350
f 1817/1817/351 1818/1818/351 1819/1819/351
f 1820/1820/352 1821/1821/352 1822/1822/352
f 1823/1823/339 1824/1824/339 1825/1825/339
f 1826/1826/337 1827/1827/337 1828/1828/337
f 1829/1829/336 1830/1830/336 1831/1831/336
f 1832/1832/338 1833/1833/338 1834/1834/338
f 1835/1835/335 1836/1836/335 1837/1837/335
f 1838/1838/353 1839/1839/353 1840/1840/353
f 1841/1841/344 1842/1842/344 1843/1843/344
f 1844/1844/354 1845/1845/354 1846/1846/354
f 1847/1847/355 1848/1848/355 1849/1849/355
f 1850/1850/356 1851/1851/356 1852/1852/356
f 1853/1853/357 1854/1854/357 1855/1855/357
f 1856/1856/358 1857/1857/358 1858/1858/358
f 1859/1859/359 1860/1860/359 1861/1861/359
f 1862/1862/360 1863/1863/360 1864/1864/360
f 1865/1865/361 1866/1866/361 1867/1867/361
f 1868/1868/362 1869/1869/362 1870/1870/362
f 1871/1871/363 1872/1872/363 1873/1873/363
f 1874/1874/364 1875/1875/364 1876/1876/364
f 1877/1877/365 1878/1878/365 1879/1879/365
f 1880/1880/366 1881/1881/366 1882/1882/366
f 1883/1883/47 1884/1884/47 1885/1885/47
f 1886/1886/8 1887/1887/8 1888/1888/8
f 1889/1889/39 1890/1890/39 1891/1891/39
f 1892/1892/367 1893/1893/367 1894/1894/367
f 1895/1895/368 1896/1896/368 1897/1897/368
f 1898/1898/369 1899/1899/369 1900/1900/369
f 1901/1901/33 1902/1902/33 1903/1903/33
f 1904/1904/39 1905/1905/39 1906/1906/39
f 1907/1907/48 1908/1908/48 1909/1909/48
f 1910/1910/47 1911/1911/47 1912/1912/47
f 1913/1913/370 1914/1914/370 1915/1915/370
f 1916/1916/9 1917/1917/9 1918/1918/9
f 1919/1919/8 1920/1920/8 1921/1921/8
f 1922/1922/29 1923/1923/29 1924/1924/29
f 1925/1925/371 1926/1926/371 1927/1927/371
f 1928/1928/372 1929/1929/372 1930/1930/372
f 1931/1931/373 1932/1932/373 1933/1933/373
f 1934/1934/374 1935/1935/374 1936/1936/374
f 1937/1937/375 1938/1938/375 1939/1939/375
f 1943/1940/376 1944/1941/376 1945/1942/376
f 1946/1943/377 1947/1944/377 1948/1945/377
f 1949/1946/378 1950/1947/378 1951/1948/378
f 1952/1949/379 1953/1950/379 1954/1951/379
f 1955/1952/349 1956/1953/349 1957/1954/349
f 1958/1955/380 1959/1956/380 1960/1957/380
f 1961/1958/381 1962/1959/381 1963/1960/381
f 1964/1961/382 1965/1962/382 1966/1963/382
f 1967/1964/383 1968/1965/383 1969/1966/383
f 1970/1967/384 1971/1968/384 1972/1969/384
f 1973/1970/385 1974/1971/385 1975/1972/385
f 1976/1973/386 1977/1974/386 1978/1975/386
f 1979/1976/387 1980/1977/387 1981/1978/387
f 1982/1979/388 1983/1980/388 1984/1981/388
f 1985/1982/389 1986/1983/389 1987/1984/389
f 1988/1985/390 1989/1986/390 1990/1987/390
f 1991/1988/391 1992/1989/391 1993/1990/391
f 1994/1991/392 1995/1992/392 1996/1993/392
f 1997/1994/393 1998/1995/393 1999/1996/393
f 2001/1997/394 2002/1998/394 2004/1999/394
f 2006/2000/395 2007/2001/395 2008/2002/395
f 2009/2003/396 2010/2004/396 2011/2005/396
f 2012/2006/397 2013/2007/397 2014/2008/397
f 2015/2009/398 2016/2010/398 2017/2011/398
f 2018/2012/399 2019/2013/399 2020/2014/399
f 2021/2015/400 2022/2016/400 2023/2017/400
f 2024/2018/401 2025/2019/401 2026/2020/401
f 2027/2021/402 2028/2022/402 2029/2023/402
f 2030/2024/403 2031/2025/403 2032/2026/403
f 2033/2027/404 2034/2028/404 2035/2029/404
f 2036/2030/405 2037/2031/405 2038/2032/405
f 2039/2033/406 2040/2034/406 2041/2035/406
f 2042/2036/375 2043/2037/375 2044/2038/375
f 2045/2039/349 2046/2040/349 2047/2041/349
f 2048/2042/380 2049/2043/380 2050/2044/380
f 2051/2045/407 2052/2046/407 2053/2047/407
f 2054/2048/408 2055/2049/408 2056/2050/408
f 2057/2051/382 2058/2052/382 2059/2053/382
f 2060/2054/409 2061/2055/409 2062/2056/409
f 2066/2057/410 2067/2058/410 2068/2059/410
f 2069/2060/411 2070/2061/411 2071/2062/411
f 2072/2063/412 2073/2064/412 2074/2065/412
f 2075/2066/413 2076/2067/413 2077/2068/413
f 2078/2069/414 2079/2070/414 2080/2071/414
f 2081/2072/415 2082/2073/415 2083/2074/415
f 2084/2075/399 2085/2076/399 2086/2077/399
f 2087/2078/416 2088/2079/416 2089/2080/416
f 2090/2081/389 2091/2082/389 2092/2083/389
f 2093/2084/417 2094/2085/417 2095/2086/417
f 2096/2087/418 2097/2088/418 2098/2089/418
f 2099/2090/419 2100/2091/419 2102/2092/419
f 2105/2093/420 2106/2094/420 2107/2095/420
f 2108/2096/421 2109/2097/421 2110/2098/421
f 2111/2099/422 2112/2100/422 2113/2101/422
f 2114/2102/423 2115/2103/423 2116/2104/423
f 2117/2105/402 2118/2106/402 2119/2107/402
f 2120/2108/381 2121/2109/381 2122/2110/381
f 2123/2111/372 2124/2112/372 2125/2113/372
f 2126/2114/424 2127/2115/424 2128/2116/424
f 2129/2117/425 2130/2118/425 2131/2119/425
f 2132/2120/426 2133/2121/426 2134/2122/426
f 2135/2123/427 2136/2124/427 2137/2125/427
f 2138/2126/428 2139/2127/428 2140/2128/428
f 2141/2129/429 2142/2130/429 2143/2131/429
f 2145/2132/430 2146/2133/430 2148/2134/430
f 2150/2135/431 2151/2136/431 2152/2137/431
f 2153/2138/432 2154/2139/432 2155/2140/432
f 2156/2141/433 2157/2142/433 2158/2143/433
f 2159/2144/434 2160/2145/434 2161/2146/434
f 2162/2147/405 2163/2148/405 2164/2149/405
f 2165/2150/435 2166/2151/435 2167/2152/435
f 2168/2153/436 2169/2154/436 2170/2155/436
f 2171/2156/437 2172/2157/437 2173/2158/437
f 2174/2159/438 2175/2160/438 2176/2161/438
f 2177/2162/439 2178/2163/439 2179/2164/439
f 2180/2165/440 2181/2166/440 2182/2167/440
f 2183/2168/441 2184/2169/441 2185/2170/441
f 2186/2171/414 2187/2172/414 2188/2173/414
f 2189/2174/442 2190/2175/442 2191/2176/442
f 2192/2177/443 2193/2178/443 2194/2179/443
f 2195/2180/444 2196/2181/444 2197/2182/444
f 2203/2183/445 2200/2184/445 2202/2185/445
f 2204/2186/446 2205/2187/446 2206/2188/446
f 2207/2189/447 2208/2190/447 2209/2191/447
f 2210/2192/389 2211/2193/389 2212/2194/389
f 2213/2195/381 2214/2196/381 2215/2197/381
f 2216/2198/405 2217/2199/405 2218/2200/405
f 2219/2201/428 2220/2202/428 2221/2203/428
f 2222/2204/448 2223/2205/448 2224/2206/448
f 2228/2207/449 2229/2208/449 2230/2209/449
f 2231/2210/433 2232/2211/433 2233/2212/433
f 2234/2213/450 2235/2214/450 2236/2215/450
f 2237/2216/451 2238/2217/451 2239/2218/451
f 2240/2219/452 2241/2220/452 2242/2221/452
f 2243/2222/429 2244/2223/429 2245/2224/429
f 2247/2225/453 2248/2226/453 2250/2227/453
f 2252/2228/372 2253/2229/372 2254/2230/372
f 2255/2231/454 2256/2232/454 2257/2233/454
f 2258/2234/432 2259/2235/432 2260/2236/432
f 2261/2237/455 2262/2238/455 2263/2239/455
f 2264/2240/456 2265/2241/456 2266/2242/456
f 2267/2243/457 2268/2244/457 2269/2245/457
f 2270/2246/398 2271/2247/398 2272/2248/398
f 2273/2249/458 2274/2250/458 2275/2251/458
f 2276/2252/459 2277/2253/459 2278/2254/459
f 2279/2255/460 2280/2256/460 2281/2257/460
f 2282/2258/461 2283/2259/461 2284/2260/461
f 2285/2261/462 2286/2262/462 2287/2263/462
f 2288/2264/389 2289/2265/389 2290/2266/389
f 2291/2267/463 2292/2268/463 2293/2269/463
f 2294/2270/464 2295/2271/464 2296/2272/464
f 2297/2273/392 2298/2274/392 2299/2275/392
f 2300/2276/385 2301/2277/385 2302/2278/385
f 2303/2279/422 2304/2280/422 2305/2281/422
f 2306/2282/444 2307/2283/444 2308/2284/444
f 2309/2285/465 2310/2286/465 2311/2287/465
f 2312/2288/372 2313/2289/372 2314/2290/372
f 2315/2291/450 2316/2292/450 2317/2293/450
f 2318/2294/405 2319/2295/405 2320/2296/405
f 2321/2297/428 2322/2298/428 2323/2299/428
f 2327/2300/449 2328/2301/449 2329/2302/449
f 2330/2303/466 2331/2304/466 2332/2305/466
f 2333/2306/467 2334/2307/467 2335/2308/467
f 2336/2309/349 2337/2310/349 2338/2311/349
f 2339/2312/400 2340/2313/400 2341/2314/400
f 2342/2315/468 2343/2316/468 2344/2317/468
f 2345/2318/469 2346/2319/469 2347/2320/469
f 2348/2321/432 2349/2322/432 2350/2323/432
f 2351/2324/470 2352/2325/470 2353/2326/470
f 2354/2327/371 2355/2328/371 2356/2329/371
f 2357/2330/471 2358/2331/471 2359/2332/471
f 2360/2333/411 2361/2334/411 2362/2335/411
f 2363/2336/472 2364/2337/472 2365/2338/472
f 2366/2339/473 2367/2340/473 2369/2341/473
f 2372/2342/474 2373/2343/474 2374/2344/474
f 2375/2345/443 2376/2346/443 2377/2347/443
f 2378/2348/444 2379/2349/444 2380/2350/444
f 2381/2351/475 2382/2352/475 2383/2353/475
f 2384/2354/399 2385/2355/399 2386/2356/399
f 2387/2357/476 2388/2358/476 2389/2359/476
f 2390/2360/477 2391/2361/477 2392/2362/477
f 2393/2363/417 2394/2364/417 2395/2365/417
f 2396/2366/478 2397/2367/478 2398/2368/478
f 2399/2369/421 2400/2370/421 2401/2371/421
f 2402/2372/479 2403/2373/479 2404/2374/479
f 2405/2375/408 2406/2376/408 2407/2377/408
f 2408/2378/372 2409/2379/372 2410/2380/372
f 2411/2381/371 2412/2382/371 2413/2383/371
f 2414/2384/480 2415/2385/480 2416/2386/480
f 2417/2387/468 2418/2388/468 2419/2389/468
f 2420/2390/467 2421/2391/467 2422/2392/467
f 2423/2393/450 2424/2394/450 2425/2395/450
f 2426/2396/428 2427/2397/428 2428/2398/428
f 2429/2399/400 2430/2400/400 2431/2401/400
f 2432/2402/349 2433/2403/349 2434/2404/349
f 2435/2405/481 2436/2406/481 2437/2407/481
f 2438/2408/432 2439/2409/432 2440/2410/432
f 2441/2411/470 2442/2412/470 2443/2413/470
f 2444/2414/466 2445/2415/466 2446/2416/466
f 2450/2417/376 2451/2418/376 2452/2419/376
f 2453/2420/482 2454/2421/482 2455/2422/482
f 2456/2423/483 2457/2424/483 2458/2425/483
f 2459/2426/393 2460/2427/393 2461/2428/393
f 2462/2429/478 2463/2430/478 2464/2431/478
f 2465/2432/461 2466/2433/461 2467/2434/461
f 2468/2435/484 2469/2436/484 2470/2437/484
f 2471/2438/417 2472/2439/417 2473/2440/417
f 2474/2441/485 2475/2442/485 2477/2443/485
f 2480/2444/472 2481/2445/472 2482/2446/472
f 2483/2447/486 2484/2448/486 2485/2449/486
f 2486/2450/444 2487/2451/444 2488/2452/444
f 2489/2453/422 2490/2454/422 2491/2455/422
f 2492/2456/487 2493/2457/487 2494/2458/487
f 2495/2459/488 2496/2460/488 2497/2461/488
f 2498/2462/489 2499/2463/489 2500/2464/489
f 2501/2465/465 2502/2466/465 2503/2467/465
f 2504/2468/349 2505/2469/349 2506/2470/349
f 2507/2471/490 2508/2472/490 2509/2473/490
f 2510/2474/491 2511/2475/491 2512/2476/491
f 2513/2477/492 2514/2478/492 2515/2479/492
f 2516/2480/428 2517/2481/428 2518/2482/428
f 2519/2483/468 2520/2484/468 2521/2485/468
f 2522/2486/377 2523/2487/377 2524/2488/377
f 2525/2489/433 2526/2490/433 2527/2491/433
f 2528/2492/493 2529/2493/493 2530/2494/493
f 2531/2495/494 2532/2496/494 2533/2497/494
f 2534/2498/372 2535/2499/372 2536/2500/372
f 2538/2501/495 2539/2502/495 2541/2503/495
f 2543/2504/432 2544/2505/432 2545/2506/432
f 2546/2507/496 2547/2508/496 2548/2509/496
f 2552/2510/376 2553/2511/376 2554/2512/376
f 2555/2513/497 2556/2514/497 2557/2515/497
f 2558/2516/498 2559/2517/498 2560/2518/498
f 2561/2519/460 2562/2520/460 2563/2521/460
f 2564/2522/499 2565/2523/499 2566/2524/499
f 2567/2525/500 2568/2526/500 2569/2527/500
f 2570/2528/501 2571/2529/501 2572/2530/501
f 2573/2531/463 2574/2532/463 2575/2533/463
f 2576/2534/458 2577/2535/458 2578/2536/458
f 2579/2537/443 2580/2538/443 2581/2539/443
f 2582/2540/435 2583/2541/435 2584/2542/435
f 2585/2543/399 2586/2544/399 2587/2545/399
f 2588/2546/483 2589/2547/483 2590/2548/483
f 2591/2549/475 2592/2550/475 2593/2551/475
f 2594/2552/489 2595/2553/489 2596/2554/489
f 2597/2555/502 2598/2556/502 2599/2557/502
f 2600/2558/503 2601/2559/503 2602/2560/503
f 2603/2561/504 2604/2562/504 2605/2563/504
f 2606/2564/505 2607/2565/505 2608/2566/505
f 2609/2567/506 2610/2568/506 2611/2569/506
f 2612/2570/507 2613/2571/507 2614/2572/507
f 2615/2573/508 2616/2574/508 2617/2575/508
f 2618/2576/509 2619/2577/509 2620/2578/509
f 2621/2579/510 2622/2580/510 2623/2581/510
f 2624/2582/511 2625/2583/511 2626/2584/511
f 2627/2585/512 2628/2586/512 2629/2587/512
f 2630/2588/513 2631/2589/513 2632/2590/513
f 2633/2591/514 2634/2592/514 2635/2593/514
f 2636/2594/515 2637/2595/515 2638/2596/515
f 2639/2597/516 2640/2598/516 2641/2599/516
f 2642/2600/517 2643/2601/517 2644/2602/517
f 57/2603/518 54/2604/518 53/2605/518
f 83/83/519 81/2606/519 80/2607/519
f 153/2608/518 150/2609/518 149/2610/518
f 248/2611/518 246/2612/518 245/2613/518
f 378/2614/520 374/374/520 376/376/520
f 405/405/521 402/2615/521 401/2616/521
f 450/2617/522 446/446/522 448/448/522
f 542/542/523 540/2618/523 539/2619/523
f 661/661/524 662/2620/524 659/659/524
f 905/2621/525 910/2622/525 906/2623/525
f 974/2624/526 977/2625/526 975/2626/526
f 1001/2627/527 1006/2628/527 1002/2629/527
f 1120/1120/528 1123/1123/528 1118/1118/528
f 1235/1235/529 1232/2630/529 1234/2631/529
f 1293/2632/530 1289/2633/530 1291/2634/530
f 1315/2635/531 1318/2636/531 1313/2637/531
f 1394/1394/532 1392/1392/532 1391/1391/532
f 1463/1463/533 1460/1460/533 1462/1462/533
f 1571/1571/534 1569/1569/534 1568/1568/534
f 1630/1630/535 1631/1631/535 1628/1628/535
f 2459/2426/536 2464/2638/536 2460/2427/536
f 2527/2491/537 2530/2494/537 2525/2489/537
f 2621/2639/538 2626/2640/538 2622/2641/538
f 251/251/539 250/250/539 249/249/539
f 383/383/540 380/380/540 382/382/540
f 443/443/541 440/440/541 442/442/541
f 545/2642/542 544/2643/542 543/2644/542
f 555/2645/522 551/551/522 553/553/522
f 1451/2646/543 1448/2647/543 1450/2648/543
f 1499/2649/544 1493/2650/544 1495/2651/544
f 1696/2652/545 1700/2653/545 1694/2654/545
f 1750/1750/546 1753/1753/546 1748/1748/546
f 2156/2141/547 2153/2138/547 2155/2140/547
f 2303/2279/548 2300/2276/548 2302/2278/548
f 2605/2655/549 2608/2656/549 2603/2657/549
f 218/2658/550 215/2659/550 217/2660/550
f 242/2661/551 239/239/551 241/241/551
f 338/2662/551 335/335/551 337/337/551
f 354/2663/552 350/2664/552 352/2665/552
f 362/2666/553 359/2667/553 361/2668/553
f 422/2669/521 420/420/521 419/419/521
f 649/2670/554 652/2671/554 647/2672/554
f 670/2673/555 673/2674/555 668/2675/555
f 712/2676/556 713/713/556 710/2677/556
f 857/2678/557 862/2679/557 858/2680/557
f 1057/2681/555 1060/2682/555 1055/2683/555
f 1085/2684/558 1090/2685/558 1086/2686/558
f 1166/1166/559 1163/1163/559 1165/1165/559
f 1304/1304/560 1302/1302/560 1301/1301/560
f 1325/2687/561 1328/2688/561 1326/2689/561
f 1434/1434/562 1430/1430/562 1432/1432/562
f 1500/1500/563 1497/1497/563 1496/1496/563
f 1702/1702/564 1698/1698/564 1697/1697/564
f 1723/2690/565 1724/2691/565 1721/2692/565
f 2012/2693/566 2009/2003/566 2011/2005/566
f 2104/2694/567 2105/2093/567 2099/2695/567
f 2479/2696/568 2480/2444/568 2474/2697/568
f 21/2698/569 17/17/569 19/19/569
f 167/167/570 164/164/570 166/166/570
f 290/2699/571 288/288/571 287/287/571
f 302/2700/572 296/2701/572 298/2702/572
f 459/2703/573 455/455/573 457/457/573
f 515/515/574 512/512/574 514/514/574
f 742/742/575 743/2704/575 740/740/575
f 791/791/576 788/788/576 790/790/576
f 809/809/577 806/806/577 808/808/577
f 861/861/578 865/2705/578 862/862/578
f 1091/1091/577 1090/1090/577 1089/1089/577
f 1169/2706/579 1168/2707/579 1167/2708/579
f 1176/1176/580 1172/1172/580 1174/1174/580
f 1262/2709/581 1259/2710/581 1261/2711/581
f 1526/2712/582 1523/2713/582 1525/2714/582
f 1682/2715/583 1679/2716/583 1681/2717/583
f 1923/2718/584 1916/1916/584 1918/1918/584
f 1952/1949/585 1949/1946/585 1951/1948/585
f 2024/2719/586 2021/2015/586 2023/2017/586
f 2089/2720/587 2092/2721/587 2087/2722/587
f 2132/2120/588 2129/2117/588 2131/2119/588
f 2383/2723/589 2387/2724/589 2381/2725/589
f 2513/2726/590 2511/2475/590 2510/2474/590
f 96/96/521 92/2727/521 94/2728/521
f 303/303/591 300/2729/591 299/2730/591
f 320/2731/592 317/2732/592 319/2733/592
f 776/2734/593 779/2735/593 777/2736/593
f 943/2737/594 946/2738/594 941/2739/594
f 958/958/595 961/961/595 956/956/595
f 1443/1443/596 1440/1440/596 1439/1439/596
f 1651/1651/535 1652/1652/535 1649/1649/535
f 1911/2740/597 1907/2741/597 1909/2742/597
f 1924/2743/550 1920/2744/550 1919/2745/550
f 2219/2201/598 2224/2746/598 2220/2202/598
f 2363/2336/599 2371/2747/599 2364/2337/599
f 2384/2354/600 2388/2748/600 2385/2355/600
f 2593/2749/601 2596/2750/601 2591/2751/601
f 176/176/539 173/173/539 175/175/539
f 617/2752/542 615/2753/542 614/2754/542
f 1009/1009/595 1012/1012/595 1007/1007/595
f 1046/1046/602 1040/1040/602 1042/1042/602
f 1153/1153/528 1156/1156/528 1151/1151/528
f 1196/2755/603 1194/2756/603 1193/2757/603
f 1457/2758/604 1454/2759/604 1456/2760/604
f 1559/1559/605 1557/1557/605 1556/1556/605
f 1642/1642/606 1645/1645/606 1640/1640/606
f 2204/2186/607 2199/2761/607 2198/2762/607
f 2413/2763/608 2414/2764/608 2411/2765/608
f 2536/2500/609 2537/2766/609 2534/2498/609
f 71/71/610 68/2767/610 70/2768/610
f 90/2769/550 87/2770/550 86/2771/550
f 372/2772/550 369/2773/550 368/2774/550
f 398/398/611 395/2775/611 397/2776/611
f 641/2777/555 644/2778/555 642/2779/555
f 688/2780/612 691/691/612 686/2781/612
f 980/2782/555 983/2783/555 981/2784/555
f 1043/2785/613 1046/2786/613 1044/2787/613
f 1144/1144/614 1145/2788/614 1142/1142/614
f 1275/1275/615 1272/1272/615 1271/1271/615
f 1624/1624/616 1625/1625/616 1622/1622/616
f 1714/2789/617 1715/2790/617 1712/2791/617
f 1744/1744/618 1745/1745/618 1742/1742/618
f 85/2792/619 77/2793/619 79/2794/619
f 332/332/576 329/329/576 331/331/576
f 480/2795/520 476/476/520 478/478/520
f 904/904/575 909/2796/575 902/902/575
f 1000/1000/620 1005/2797/620 998/998/620
f 1123/1123/621 1115/1115/621 1117/1117/621
f 1481/2798/622 1478/2799/622 1480/2800/622
f 1766/2801/623 1764/1764/623 1763/1763/623
f 1886/1886/570 1883/1883/570 1885/1885/570
f 1958/2802/624 1955/2803/624 1957/2804/624
f 2096/2087/520 2093/2805/520 2095/2806/520
f 15/2807/592 22/2808/592 21/2809/592
f 9/2810/584 26/26/584 28/28/584
f 12/12/625 19/2811/625 18/2812/625
f 47/2813/626 32/2814/626 34/2815/626
f 30/2816/627 44/2817/627 46/2818/627
f 31/2819/628 38/2820/628 40/2821/628
f 60/2822/584 65/65/584 67/67/584
f 75/75/629 63/2823/629 62/2824/629
f 78/2825/630 93/93/630 92/92/630
f 79/2794/518 98/2826/518 100/2827/518
f 117/2828/518 105/2829/518 104/2830/518
f 108/2831/584 122/122/584 124/124/584
f 120/120/521 114/2832/521 113/2833/521
f 131/131/631 134/2834/631 136/2835/631
f 126/2836/630 140/140/630 142/142/630
f 127/2837/518 144/2838/518 143/2839/518
f 162/2840/584 158/158/584 160/160/584
f 166/166/629 171/2841/629 170/2842/629
f 192/192/519 178/2843/519 177/2844/519
f 189/2845/569 182/182/569 184/184/569
f 190/2846/632 174/2847/632 173/2848/632
f 210/2849/518 213/2850/518 212/2851/518
f 220/2852/584 200/200/584 202/202/584
f 207/207/521 204/2853/521 203/2854/521
f 222/2855/569 227/227/569 229/229/569
f 223/2856/518 236/2857/518 238/2858/518
f 267/2859/522 254/254/522 256/256/522
f 261/261/629 258/2860/629 257/2861/629
f 269/269/519 289/2862/519 288/2863/519
f 276/2864/520 278/278/520 280/280/520
f 277/2865/632 284/2866/632 286/2867/632
f 294/2868/518 298/2702/518 297/2869/518
f 309/2870/522 304/304/522 303/303/522
f 312/312/521 306/2871/521 305/2872/521
f 319/2873/520 323/323/520 325/325/520
f 352/2874/518 357/2875/518 356/2876/518
f 364/2877/522 347/347/522 349/349/522
f 355/355/629 345/2878/629 344/2879/629
f 386/386/519 385/2880/519 384/2881/519
f 379/2882/632 381/2883/632 380/2884/632
f 408/2885/518 390/2886/518 389/2887/518
f 411/2888/522 392/392/522 394/394/522
f 416/416/631 428/2889/631 430/2890/631
f 414/2891/520 423/423/520 422/422/520
f 415/2892/518 431/2893/518 433/2894/518
f 453/2895/592 460/2896/592 459/2897/592
f 442/442/523 457/2898/523 456/2899/523
f 482/482/519 461/2900/519 463/2901/519
f 481/2902/592 470/2903/592 472/2904/592
f 501/2905/592 504/2906/592 503/2907/592
f 495/2908/633 488/488/633 490/490/633
f 492/492/634 498/2909/634 497/2910/634
f 530/530/631 521/2911/631 523/2912/631
f 519/2913/520 514/514/520 513/513/520
f 520/2914/592 509/2915/592 511/2916/592
f 547/2917/592 534/2918/592 533/2919/592
f 578/578/631 557/2920/631 559/2921/631
f 561/2922/520 563/563/520 565/565/520
f 562/2923/592 569/2924/592 571/2925/592
f 600/2926/592 582/2927/592 581/2928/592
f 588/2929/522 593/593/522 595/595/522
f 585/585/634 591/2930/634 590/2931/634
f 624/624/635 611/2932/635 613/2933/635
f 606/2934/520 620/620/520 622/622/520
f 607/2935/592 619/2936/592 618/2937/592
f 638/2938/636 635/2939/636 639/2940/636
f 642/642/637 651/651/637 643/643/637
f 632/2941/526 629/2942/526 633/2943/526
f 667/2944/527 663/2945/527 665/2946/527
f 695/2947/636 683/2948/636 696/2949/636
f 700/700/528 680/680/528 698/698/528
f 692/2950/526 677/2951/526 693/2952/526
f 714/2953/638 721/2954/638 715/2955/638
f 709/709/575 701/2956/575 707/707/575
f 718/2957/527 702/2958/527 716/2959/527
f 744/2960/636 734/2961/636 745/2962/636
f 733/733/528 728/728/528 731/731/528
f 741/2963/526 737/2964/526 742/2965/526
f 766/2966/638 751/2967/638 764/2968/638
f 754/754/575 758/2969/575 752/752/575
f 769/2970/527 759/2971/527 767/2972/527
f 773/2973/636 794/2974/636 774/2975/636
f 780/780/595 782/782/595 781/781/595
f 785/2976/526 789/2977/526 786/2978/526
f 800/2979/638 815/2980/638 801/2981/638
f 807/807/620 797/2982/620 808/808/620
f 814/2983/527 798/2984/527 812/2985/527
f 824/2986/636 836/2987/636 825/2988/636
f 844/844/595 827/827/595 842/842/595
f 833/2989/526 830/2990/526 834/2991/526
f 850/850/575 854/2992/575 848/848/575
f 853/2993/525 855/2994/525 851/2995/525
f 884/2996/636 878/2997/636 885/2998/636
f 889/889/595 890/890/595 887/887/595
f 875/2999/526 881/3000/526 876/3001/526
f 913/3002/639 916/3003/639 911/3004/639
f 926/3005/636 917/3006/636 927/3007/636
f 934/934/595 920/920/595 932/932/595
f 929/3008/526 935/3009/526 930/3010/526
f 949/3011/639 957/3012/639 947/3013/639
f 952/952/575 942/3014/575 950/950/575
f 965/3015/636 968/3016/636 966/3017/636
f 981/981/595 986/986/595 982/982/595
f 991/3018/638 1008/3019/638 989/3020/638
f 1013/3021/636 1034/3022/636 1014/3023/636
f 1027/1027/528 1019/1019/528 1025/1025/528
f 1031/3024/526 1022/3025/526 1032/3026/526
f 1054/1054/575 1049/3027/575 1052/1052/575
f 1039/3028/527 1050/3029/527 1037/3030/527
f 1073/3031/636 1061/3032/636 1074/3033/636
f 1081/1081/528 1070/1070/528 1079/1079/528
f 1076/3034/526 1067/3035/526 1077/3036/526
f 1108/3037/638 1099/3038/638 1106/3039/638
f 1088/1088/575 1103/3040/575 1089/1089/575
f 1102/3041/527 1104/3042/527 1100/3043/527
f 1127/3044/636 1124/3045/636 1128/3046/636
f 1115/3047/526 1112/3048/526 1116/3049/526
f 1150/3050/638 1152/3051/638 1148/3052/638
f 1138/1138/575 1133/3053/575 1136/1136/575
f 1143/3054/527 1134/3055/527 1144/3056/527
f 1165/1165/640 1177/1177/640 1176/1176/640
f 1158/1158/641 1160/1160/641 1162/1162/641
f 1167/1167/642 1174/1174/642 1173/1173/642
f 1202/1202/643 1181/3057/643 1183/3058/643
f 1185/3059/644 1190/3060/644 1192/3061/644
f 1186/1186/645 1198/3062/645 1197/3063/645
f 1224/3064/646 1206/3065/646 1205/3066/646
f 1215/3067/522 1217/1217/522 1219/1219/522
f 1212/1212/521 1221/3068/521 1220/3069/521
f 1230/3070/520 1241/1241/520 1243/1243/520
f 1231/3071/647 1247/3072/647 1249/3073/647
f 1266/1266/648 1269/1269/648 1268/1268/648
f 1272/3074/649 1256/3075/649 1273/3076/649
f 1261/1261/650 1254/1254/650 1253/1253/650
f 1277/3077/651 1297/3078/651 1278/3079/651
f 1283/3080/652 1293/3081/652 1284/3082/652
f 1322/1322/653 1308/1308/653 1307/1307/653
f 1334/3083/654 1345/3084/654 1335/3085/654
f 1347/3086/655 1340/3087/655 1342/3088/655
f 1331/3089/656 1347/3090/656 1332/3091/656
f 1364/1364/657 1359/3092/657 1358/3093/657
f 1355/1355/542 1367/3094/542 1369/3095/542
f 1386/1386/658 1374/1374/658 1373/1373/658
f 1396/1396/659 1382/1382/659 1384/1384/659
f 1412/1412/660 1404/1404/660 1403/1403/660
f 1418/1418/533 1415/1415/533 1417/1417/533
f 1422/1422/659 1441/1441/659 1440/1440/659
f 1423/1423/532 1425/1425/532 1424/1424/532
f 1466/1466/661 1459/1459/661 1458/1458/661
f 1475/1475/658 1485/1485/658 1484/1484/658
f 1482/1482/659 1490/1490/659 1492/1492/659
f 1483/1483/532 1488/1488/532 1487/1487/532
f 1508/1508/660 1515/1515/660 1514/1514/660
f 1502/1502/533 1505/1505/533 1507/1507/533
f 1520/1520/662 1525/1525/662 1524/1524/662
f 1518/1518/659 1528/1528/659 1527/1527/659
f 1519/1519/532 1536/1536/532 1535/1535/532
f 1561/1561/661 1548/1548/661 1547/1547/661
f 1544/1544/533 1553/1553/533 1555/1555/533
f 1587/3096/663 1580/3097/663 1582/3098/663
f 1588/1588/664 1566/1566/664 1565/1565/664
f 1610/1610/665 1596/1596/665 1595/1595/665
f 1609/3099/666 1600/3100/666 1607/3101/666
f 1616/3102/667 1623/3103/667 1617/3104/667
f 1613/3105/668 1632/3106/668 1614/3107/668
f 1644/3108/669 1650/3109/669 1645/3110/669
f 1657/1657/670 1648/1648/670 1655/1655/670
f 1667/1667/534 1665/1665/534 1664/1664/534
f 1662/3111/663 1673/3112/663 1675/3113/663
f 1663/1663/664 1681/1681/664 1680/1680/664
f 1707/1707/665 1689/1689/665 1688/1688/665
f 1698/3114/666 1687/3115/666 1699/3116/666
f 1729/1729/535 1713/1713/535 1727/1727/535
f 1746/3117/671 1751/3118/671 1747/3119/671
f 1756/1756/670 1748/1748/670 1754/1754/670
f 1781/1781/672 1786/3120/672 1782/1782/672
f 1776/3121/673 1783/1783/673 1782/1782/673
f 1762/1762/674 1787/3122/674 1760/1760/674
f 1791/3123/675 1796/1796/675 1798/1798/675
f 1759/3124/676 1771/3125/676 1757/3126/676
f 1814/3127/677 1812/1812/677 1811/1811/677
f 1833/3128/678 1824/3129/678 1823/3130/678
f 1846/1846/679 1852/1852/679 1844/1844/679
f 1816/1816/680 1835/3131/680 1837/3132/680
f 1828/3133/681 1838/1838/681 1826/3134/681
f 1805/1805/682 1841/3135/682 1843/3136/682
f 1824/3129/683 1851/3137/683 1825/3138/683
f 1856/3139/684 1869/1869/684 1868/1868/684
f 1866/3140/685 1874/3141/685 1876/3142/685
f 1867/3143/686 1872/1872/686 1871/1871/686
f 1887/3144/550 1881/3145/550 1880/3146/550
f 1884/3147/542 1895/3148/542 1897/3149/542
f 1904/3150/521 1912/1912/521 1911/1911/521
f 1902/1902/610 1921/3151/610 1920/3152/610
f 1903/3153/591 1918/1918/591 1917/1917/591
f 1931/3154/687 1956/1953/687 1955/1952/687
f 1954/1951/688 1941/3155/688 1940/3156/688
f 1969/1966/689 1972/1969/689 1967/1964/689
f 1933/1933/690 1951/3157/690 1950/3158/690
f 2000/3159/691 1958/1955/691 2001/3160/691
f 1964/1961/692 1961/3161/692 1963/3162/692
f 1941/3163/693 1971/3164/693 1942/3165/693
f 1997/1994/694 2008/3166/694 1998/1995/694
f 1992/1989/695 1999/1996/695 1998/1995/695
f 1981/1978/696 1973/3167/696 1979/1976/696
f 2011/2005/697 2018/3168/697 2020/3169/697
f 1978/3170/698 1990/3171/698 1976/3172/698
f 2022/3173/699 2046/2040/699 2045/2039/699
f 2040/2034/700 2064/3174/700 2063/3175/700
f 2035/2029/701 2062/2056/701 2033/2027/701
f 2049/2043/702 2102/2092/702 2101/3176/702
f 2057/2051/692 2054/3177/692 2056/3178/692
f 2064/3179/703 2061/3180/703 2065/3181/703
f 2108/2096/704 2080/3182/704 2109/2097/704
f 2097/2088/705 2110/2098/705 2109/2097/705
f 2106/2094/706 2114/3183/706 2107/2095/706
f 2082/2073/707 2084/3184/707 2086/3185/707
f 2074/3186/708 2077/3187/708 2072/3188/708
f 2135/3189/687 2142/2130/687 2141/2129/687
f 2134/3190/709 2198/3191/709 2203/3192/709
f 2156/2141/710 2161/2146/710 2157/2142/710
f 2137/2125/711 2131/3193/711 2130/3194/711
f 2144/3195/691 2126/2114/691 2145/3196/691
f 2154/2139/712 2120/3197/712 2122/3198/712
f 2201/3199/713 2160/3200/713 2202/2185/713
f 2174/2159/694 2188/3201/694 2175/2160/694
f 2181/2166/714 2176/2161/714 2175/2160/714
f 2185/2170/715 2189/3202/715 2183/2168/715
f 2196/2181/716 2206/3203/716 2205/3204/716
f 2170/3205/708 2209/3206/708 2168/3207/708
f 2240/3208/717 2244/2223/717 2243/2222/717
f 2237/2216/718 2226/3209/718 2225/3210/718
f 2233/2212/719 2263/2239/719 2231/2210/719
f 2242/2221/720 2234/3211/720 2236/3212/720
f 2246/3213/721 2223/2205/721 2247/3214/721
f 2258/2234/712 2213/3215/712 2215/3216/712
f 2226/3217/693 2262/3218/693 2227/3219/693
f 2276/2252/536 2281/3220/536 2277/2253/536
f 2292/2268/722 2278/2254/722 2277/2253/722
f 2275/2251/723 2300/3221/723 2273/2249/723
f 2307/2283/724 2285/3222/724 2287/3223/724
f 2269/3224/725 2296/3225/725 2267/3226/725
f 2339/3227/717 2337/2310/717 2336/2309/717
f 2333/2306/726 2325/3228/726 2324/3229/726
f 2330/2303/727 2351/2324/727 2331/2304/727
f 2341/2314/728 2315/3230/728 2317/3231/728
f 2343/2316/729 2369/2341/729 2368/3232/729
f 2348/2321/730 2309/3233/730 2311/3234/730
f 2325/3235/693 2353/3236/693 2326/3237/693
f 2399/2369/536 2398/3238/536 2400/2370/536
f 2391/2361/731 2401/2371/731 2400/2370/731
f 2364/2337/732 2402/3239/732 2365/2338/732
f 2379/2349/716 2386/3240/716 2385/3241/716
f 2359/3242/733 2374/3243/733 2357/3244/733
f 2429/3245/717 2433/2403/717 2432/2402/717
f 2420/2390/734 2448/3246/734 2447/3247/734
f 2446/2416/727 2441/2411/727 2444/2414/727
f 2431/2401/728 2423/3248/728 2425/3249/728
f 2418/2388/729 2477/2443/729 2476/3250/729
f 2438/2408/735 2405/3251/735 2407/3252/735
f 2448/3253/736 2443/3254/736 2449/3255/736
f 2469/2436/737 2461/2428/737 2460/2427/737
f 2481/2445/738 2483/3256/738 2482/2446/738
f 2487/2451/739 2492/3257/739 2494/3258/739
f 2458/3259/740 2497/3260/740 2456/3261/740
f 2512/3262/699 2505/2469/699 2504/2468/699
f 2531/2495/741 2550/3263/741 2549/3264/741
f 2538/3265/742 2519/2483/742 2539/3266/742
f 2543/2504/743 2501/3267/743 2503/3268/743
f 2550/3269/703 2529/3270/703 2551/3271/703
f 2558/2516/536 2563/3272/536 2559/2517/536
f 2574/2532/744 2560/2518/744 2559/2517/744
f 2578/2536/745 2555/3273/745 2576/2534/745
f 2565/2523/746 2585/3274/746 2587/3275/746
f 2590/3276/740 2569/3277/740 2588/3278/740
f 2600/3279/747 2606/3280/747 2601/3281/747
f 2614/3282/748 2603/3283/748 2612/3284/748
f 2640/2598/749 2627/3285/749 2629/3286/749
f 2642/3287/750 2640/3288/750 2643/3289/750
f 5/5/588 14/14/588 16/16/588
f 23/23/751 13/13/751 12/12/751
f 16/3290/597 11/3291/597 13/3292/597
f 49/3293/752 29/3294/752 31/3295/752
f 33/3296/753 40/3297/753 39/3298/753
f 73/73/539 56/56/539 58/58/539
f 69/69/570 76/76/570 75/75/570
f 58/3299/597 74/3300/597 76/3301/597
f 82/82/539 100/100/539 99/99/539
f 101/101/754 116/116/754 118/118/754
f 110/110/576 121/121/576 120/120/576
f 118/3302/597 119/3303/597 121/3304/597
f 133/3305/755 125/3306/755 127/2837/755
f 135/135/539 143/143/539 145/145/539
f 155/155/539 152/152/539 154/154/539
f 154/3307/756 165/3308/756 164/3309/756
f 191/3310/755 188/3311/755 190/2846/755
f 197/197/754 209/209/754 211/211/754
f 217/217/576 208/208/576 207/207/576
f 211/3312/542 206/3313/542 208/3314/542
f 241/3315/755 221/3316/755 223/2856/755
f 243/243/539 238/238/539 237/237/539
f 263/263/570 262/262/570 261/261/570
f 249/3317/552 260/3318/552 262/3319/552
f 271/3320/755 275/3321/755 277/2865/755
f 287/287/539 286/286/539 285/285/539
f 301/301/754 293/293/754 295/295/754
f 314/314/576 313/313/576 312/312/576
f 295/3322/757 311/3323/757 313/3324/757
f 337/3325/755 318/3326/755 317/2732/755
f 339/339/539 322/322/539 321/321/539
f 341/341/540 351/351/540 350/350/540
f 361/361/570 353/353/570 355/355/570
f 388/3327/755 377/3328/755 379/2882/755
f 400/400/585 407/407/585 409/409/585
f 396/396/576 406/406/576 405/405/576
f 409/3329/542 404/3330/542 406/3331/542
f 418/3332/755 413/3333/755 415/2892/755
f 429/429/539 433/433/539 432/432/539
f 437/437/539 452/452/539 454/454/539
f 454/3334/542 441/3335/542 440/3336/542
f 484/3337/755 479/3338/755 481/2902/755
f 462/462/539 472/472/539 471/471/539
f 485/485/754 500/500/754 502/502/754
f 506/506/758 493/493/758 492/492/758
f 502/3339/542 491/3340/542 493/3341/542
f 532/3342/755 518/3343/755 520/2914/755
f 522/522/539 511/511/539 510/510/539
f 548/548/539 546/546/539 545/545/539
f 536/536/570 543/543/570 542/542/570
f 580/3344/755 560/3345/755 562/2923/755
f 558/558/539 571/571/539 570/570/539
f 596/596/754 599/599/754 601/601/754
f 602/602/576 586/586/576 585/585/576
f 601/3346/542 584/3347/542 586/3348/542
f 623/3349/755 605/3350/755 607/2935/755
f 612/612/539 618/618/539 617/617/539
f 646/646/759 635/635/759 637/637/759
f 649/649/541 631/631/541 630/630/541
f 631/3351/760 636/636/760 629/3352/760
f 670/3353/624 662/662/624 664/664/624
f 672/672/761 667/667/761 666/666/761
f 691/691/754 683/683/754 685/685/754
f 687/687/576 679/679/576 678/678/576
f 679/3354/760 684/684/760 677/3355/760
f 721/3356/762 701/701/762 703/703/762
f 713/713/588 718/718/588 717/717/588
f 725/725/754 734/734/754 736/736/754
f 746/746/576 739/739/576 738/738/576
f 739/3357/763 735/735/763 737/3358/763
f 751/3359/764 758/758/764 760/760/764
f 765/765/588 769/769/588 768/768/588
f 778/778/754 794/794/754 796/796/754
f 788/3360/763 795/795/763 789/3361/763
f 815/3362/762 797/797/762 799/799/762
f 802/802/588 814/814/588 813/813/588
f 821/821/539 836/836/539 838/838/539
f 839/839/576 832/832/576 831/831/576
f 832/3363/763 837/837/763 830/3364/763
f 857/3365/762 854/854/762 856/856/762
f 861/861/754 853/853/754 852/852/754
f 869/869/754 878/878/754 880/880/754
f 872/872/576 883/883/576 882/882/576
f 883/3366/763 879/879/763 881/3367/763
f 916/3368/762 909/909/762 908/908/762
f 912/912/588 905/905/588 907/907/588
f 938/938/539 917/917/539 919/919/539
f 923/923/576 937/937/576 936/936/576
f 937/3369/763 918/918/763 935/3370/763
f 957/3371/762 942/942/762 941/941/762
f 948/948/754 946/946/754 945/945/754
f 985/985/754 968/968/754 970/970/754
f 971/971/576 979/979/576 978/978/576
f 979/3372/763 969/969/763 977/3373/763
f 1008/3374/762 1005/1005/762 1004/1004/762
f 990/990/588 1001/1001/588 1003/1003/588
f 1016/1016/765 1034/1034/765 1036/1036/765
f 1028/1028/758 1024/1024/758 1023/1023/758
f 1024/3375/760 1035/1035/760 1022/3376/760
f 1057/3377/762 1049/1049/762 1051/1051/762
f 1059/1059/759 1039/1039/759 1038/1038/759
f 1064/1064/754 1061/1061/754 1063/1063/754
f 1082/1082/576 1069/1069/576 1068/1068/576
f 1069/3378/763 1062/1062/763 1067/3379/763
f 1099/3380/762 1103/1103/762 1105/1105/762
f 1107/1107/588 1102/1102/588 1101/1101/588
f 1109/1109/754 1124/1124/754 1126/1126/754
f 1130/1130/541 1114/1114/541 1113/1113/541
f 1114/3381/766 1125/1125/766 1112/3382/766
f 1152/3383/624 1133/1133/624 1135/1135/624
f 1149/1149/588 1143/1143/588 1142/1142/588
f 1178/3384/767 1164/3385/767 1163/3386/767
f 1204/1204/768 1184/1184/768 1186/1186/768
f 1182/1182/585 1197/1197/585 1196/1196/585
f 1208/1208/539 1223/1223/539 1225/1225/539
f 1226/1226/751 1213/1213/751 1212/1212/751
f 1225/3387/542 1211/3388/542 1213/3389/542
f 1237/3390/762 1229/3391/762 1231/3071/762
f 1233/1233/588 1249/1249/588 1248/1248/588
f 1276/3392/769 1265/3393/769 1267/3394/769
f 1259/3395/770 1266/3396/770 1260/3397/770
f 1296/1296/771 1282/1282/771 1297/1297/771
f 1306/3398/772 1310/3399/772 1312/3400/772
f 1324/3401/773 1318/3402/773 1317/3403/773
f 1321/3404/774 1310/3405/774 1319/3406/774
f 1337/3407/775 1345/3408/775 1344/3409/775
f 1370/3410/776 1349/3411/776 1351/3412/776
f 1366/3413/777 1357/3414/777 1356/3415/777
f 1350/3416/778 1361/1361/778 1363/1363/778
f 1379/3417/779 1385/3418/779 1387/3419/779
f 1406/3420/543 1400/3421/543 1402/3422/543
f 1414/3423/780 1420/3424/780 1419/3425/780
f 1401/1401/781 1409/1409/781 1411/1411/781
f 1444/3426/779 1432/3427/779 1431/3428/779
f 1468/3429/780 1465/3430/780 1464/3431/780
f 1449/1449/781 1456/1456/781 1455/1455/781
f 1472/3432/779 1477/3433/779 1476/3434/779
f 1510/3435/782 1504/3436/782 1503/3437/782
f 1494/1494/781 1511/1511/781 1513/1513/781
f 1538/3438/779 1522/3439/779 1521/3440/779
f 1562/3441/544 1541/3442/544 1543/3443/544
f 1560/3444/782 1546/3445/782 1545/3446/782
f 1542/1542/781 1550/1550/781 1552/1552/781
f 1574/3447/783 1573/3448/783 1572/3449/783
f 1601/3450/784 1592/3451/784 1594/3452/784
f 1612/3453/785 1600/3454/785 1599/3455/785
f 1606/3456/545 1592/3457/545 1604/3458/545
f 1622/1622/786 1621/1621/786 1623/1623/786
f 1639/1639/787 1660/1660/787 1637/1637/787
f 1647/1647/546 1649/1649/546 1648/1648/546
f 1641/1641/616 1637/1637/616 1642/1642/616
f 1684/3459/788 1669/3460/788 1668/3461/788
f 1703/3462/789 1700/3463/789 1702/3464/789
f 1706/3465/790 1687/3466/790 1686/3467/790
f 1722/1722/606 1732/1732/606 1723/1723/606
f 1738/1738/791 1742/1742/791 1736/1736/791
f 1741/1741/616 1736/1736/616 1739/1739/616
f 1778/1778/792 1771/1771/792 1770/1770/792
f 1772/1772/793 1787/1787/793 1789/1789/793
f 1820/1820/794 1832/3468/794 1834/3469/794
f 1821/1821/1 1815/1815/1 1814/1814/1
f 1846/1846/547 1807/1807/547 1806/1806/547
f 1859/1859/577 1858/1858/577 1857/1857/577
f 1898/3470/768 1877/3471/768 1879/3472/768
f 1878/3473/520 1889/1889/520 1891/1891/520
f 1922/1922/795 1906/1906/795 1905/1905/795
f 1937/1937/796 1953/3474/796 1952/3475/796
f 1938/1938/1 1932/1932/1 1931/1931/1
f 1969/1966/547 1966/1963/547 1965/1962/547
f 1982/1979/797 1990/1987/797 1989/1986/797
f 2014/2008/548 1973/1970/548 1975/1972/548
f 2042/2036/798 2039/3476/798 2041/3477/798
f 2043/2037/1 2023/2017/1 2022/2016/1
f 2035/2029/547 2059/2053/547 2058/2052/547
f 2088/2079/797 2077/2068/797 2076/2067/797
f 2111/2099/548 2114/2102/548 2116/2104/548
f 2138/2126/799 2133/3478/799 2132/3479/799
f 2139/2127/1 2136/2124/1 2135/2123/1
f 2171/2156/797 2209/2191/797 2208/2190/797
f 2192/2177/548 2189/2174/548 2191/2176/548
f 2221/2203/800 2239/3480/800 2238/3481/800
f 2219/2201/1 2241/2220/1 2240/2219/1
f 2233/2212/547 2260/2236/547 2259/2235/547
f 2282/2258/801 2296/2272/801 2295/2271/801
f 2321/2297/799 2335/3482/799 2334/3483/799
f 2322/2298/1 2340/2313/1 2339/2312/1
f 2330/2303/547 2350/2323/547 2349/2322/547
f 2382/2352/801 2374/2344/801 2373/2343/801
f 2375/2345/548 2402/2372/548 2404/2374/548
f 2426/2396/799 2422/3484/799 2421/3485/799
f 2427/2397/1 2430/2400/1 2429/2399/1
f 2446/2416/547 2440/2410/547 2439/2409/547
f 2465/2432/801 2497/2461/801 2496/2460/801
f 2489/2453/548 2483/2447/548 2485/2449/548
f 2516/2480/799 2533/3486/799 2532/3487/799
f 2517/2481/1 2510/2474/1 2512/2476/1
f 2527/2491/547 2545/2506/547 2544/2505/547
f 2592/2550/797 2569/2527/797 2568/2526/797
f 2579/2537/802 2555/2513/802 2557/2515/802
f 2599/3488/803 2620/3489/803 2597/3490/803
f 2611/3491/804 2597/3492/804 2609/3493/804
f 2625/2583/805 2635/2593/805 2626/2584/805
f 24/3494/806 10/3495/806 9/2810/806
f 46/2818/807 36/36/807 35/35/807
f 34/2815/808 41/41/808 43/43/808
f 70/3496/550 61/3497/550 60/2822/550
f 80/80/610 91/3498/610 90/3499/610
f 111/3500/550 109/3501/550 108/2831/550
f 142/3502/521 138/138/521 137/137/521
f 136/136/610 128/3503/610 130/3504/610
f 168/3505/550 163/3506/550 162/2840/550
f 184/3507/809 186/186/809 185/185/809
f 177/177/610 194/3508/610 196/3509/610
f 229/3510/521 234/234/521 233/233/521
f 244/244/610 224/3511/610 226/3512/610
f 264/3513/550 268/3514/550 267/2859/550
f 280/3515/809 282/282/809 281/281/809
f 315/3516/550 310/3517/550 309/2870/550
f 325/3518/521 331/331/521 330/330/521
f 340/340/611 334/3519/611 333/3520/611
f 376/3521/809 366/366/809 365/365/809
f 384/384/611 373/3522/611 372/3523/611
f 397/3524/550 412/3525/550 411/2888/550
f 430/430/611 434/3526/611 436/3527/611
f 444/3528/550 451/3529/550 450/2617/550
f 478/3530/634 465/465/634 464/464/634
f 463/463/571 473/3531/571 475/3532/571
f 507/3533/550 496/3534/550 495/2908/550
f 513/3535/634 525/525/634 524/524/634
f 523/523/571 527/3536/571 529/3537/571
f 537/3538/806 556/3539/806 555/2645/806
f 565/3540/634 573/573/634 572/572/634
f 559/559/611 575/3541/611 577/3542/611
f 603/3543/806 589/3544/806 588/2929/806
f 622/3545/634 616/616/634 615/615/634
f 613/613/611 626/3546/611 628/3547/611
f 653/3548/558 660/3549/558 654/3550/558
f 676/3551/556 672/672/556 674/3552/556
f 681/3553/810 687/3554/810 682/3555/810
f 704/3556/558 708/3557/558 705/3558/558
f 729/3559/810 746/3560/810 730/3561/810
f 761/3562/558 753/3563/558 762/3564/558
f 757/3565/556 765/765/556 755/3566/556
f 783/3567/810 791/3568/810 784/3569/810
f 803/3570/558 806/3571/558 804/3572/558
f 820/3573/556 802/802/556 818/3574/556
f 828/3575/810 839/3576/810 829/3577/810
f 845/3578/811 849/3579/811 846/3580/811
f 891/3581/810 872/3582/810 892/3583/810
f 893/3584/811 903/3585/811 894/3586/811
f 898/3587/556 912/912/556 896/3588/556
f 921/3589/810 923/3590/810 922/3591/810
f 962/3592/811 951/3593/811 963/3594/811
f 955/3595/556 948/948/556 953/3596/556
f 987/3597/810 971/3598/810 988/3599/810
f 995/3600/558 999/3601/558 996/3602/558
f 994/3603/556 990/990/556 992/3604/556
f 1020/3605/810 1028/3606/810 1021/3607/810
f 1041/3608/558 1053/3609/558 1042/3610/558
f 1047/3611/556 1059/1059/556 1048/3612/556
f 1071/3613/810 1082/3614/810 1072/3615/810
f 1096/3616/556 1107/1107/556 1094/3617/556
f 1121/3618/810 1130/3619/810 1122/3620/810
f 1146/3621/558 1137/3622/558 1147/3623/558
f 1141/3624/812 1149/1149/812 1139/3625/812
f 1170/1170/813 1159/1159/813 1158/1158/813
f 1192/3626/814 1195/1195/814 1194/1194/814
f 1183/3627/815 1199/3628/815 1201/3629/815
f 1227/3630/816 1216/3631/816 1215/3067/816
f 1243/3632/523 1245/1245/523 1244/1244/523
f 1234/1234/611 1250/3633/611 1252/3634/611
f 1263/1263/817 1258/1258/817 1257/1257/817
f 1298/3635/818 1286/3636/818 1299/3637/818
f 1281/3638/819 1285/3639/819 1284/3640/819
f 1312/1312/820 1315/1315/820 1314/1314/820
f 1338/3641/821 1333/3642/821 1332/3643/821
f 1371/1371/822 1353/3644/822 1352/3645/822
f 1351/1351/823 1369/3095/823 1368/3646/823
f 1389/1389/824 1377/1377/824 1376/1376/824
f 1380/1380/825 1393/1393/825 1392/1392/825
f 1407/1407/563 1398/1398/563 1397/1397/563
f 1402/1402/826 1417/1417/826 1416/1416/826
f 1428/1428/827 1437/1437/827 1436/1436/827
f 1442/1442/825 1426/1426/825 1425/1425/825
f 1452/1452/828 1446/1446/828 1445/1445/828
f 1450/1450/829 1462/1462/829 1461/1461/829
f 1479/1479/824 1470/1470/824 1469/1469/824
f 1473/1473/825 1489/1489/825 1488/1488/825
f 1495/1495/826 1507/1507/826 1506/1506/826
f 1533/1533/827 1530/1530/827 1529/1529/827
f 1539/1539/825 1537/1537/825 1536/1536/825
f 1563/1563/828 1558/1558/828 1557/1557/828
f 1543/1543/829 1555/1555/829 1554/1554/829
f 1578/1578/830 1584/1584/830 1583/1583/830
f 1575/3647/583 1567/3648/583 1566/3649/583
f 1602/1602/831 1590/1590/831 1589/1589/831
f 1594/1594/564 1609/1609/564 1608/1608/564
f 1626/3650/832 1634/3651/832 1627/3652/832
f 1614/1614/618 1619/1619/618 1615/1615/618
f 1653/3653/617 1658/3654/617 1654/3655/617
f 1656/3656/833 1638/3657/833 1657/3658/833
f 1671/1671/830 1677/1677/830 1676/1676/830
f 1704/1704/831 1692/1692/831 1691/1691/831
f 1709/3659/832 1718/3660/832 1710/3661/832
f 1716/1716/618 1730/1730/618 1717/1717/618
f 1733/3662/617 1743/3663/617 1734/3664/617
f 1755/3665/833 1737/3666/833 1756/3667/833
f 1800/3668/834 1759/3124/834 1758/3669/834
f 1767/1767/835 1769/1769/835 1768/1768/835
f 1779/3670/836 1777/3671/836 1776/3672/836
f 1762/1762/837 1765/3673/837 1764/3674/837
f 1773/3675/838 1792/1792/838 1791/1791/838
f 1842/1842/839 1810/1810/839 1843/1843/839
f 1847/1847/840 1828/3133/840 1827/3676/840
f 1829/1829/841 1836/1836/841 1830/1830/841
f 1839/3677/842 1821/1821/842 1840/3678/842
f 1863/3679/843 1854/1854/843 1853/1853/843
f 1860/3680/844 1873/3681/844 1872/3682/844
f 1899/1899/591 1893/3683/591 1892/3684/591
f 1879/3472/518 1897/3685/518 1896/3686/518
f 1909/3687/518 1914/3688/518 1913/3689/518
f 1962/1959/845 1930/1930/845 1963/1960/845
f 1946/1943/846 2002/3690/846 2001/3691/846
f 1934/1934/847 1949/1946/847 1935/1935/847
f 1959/3692/848 1938/1938/848 1960/3693/848
f 1944/3694/849 1978/3695/849 1977/3696/849
f 1994/1991/850 1988/1985/850 1995/1992/850
f 1983/3697/851 1993/3698/851 1992/3699/851
f 2005/3700/852 1980/1977/852 2000/3701/852
f 2055/2049/845 2053/2047/845 2056/2050/845
f 2030/2024/853 2104/3702/853 2103/3703/853
f 2036/2030/854 2025/2019/854 2037/2031/854
f 2049/3704/855 2043/2037/855 2050/3705/855
f 2067/3706/856 2074/3707/856 2073/3708/856
f 2076/2067/857 2094/2085/857 2093/2084/857
f 2089/2720/858 2098/3709/858 2097/3710/858
f 2112/3711/566 2083/2074/566 2082/2073/566
f 2121/2109/859 2125/2113/859 2122/2110/859
f 2150/2135/860 2146/3712/860 2145/3713/860
f 2162/2147/861 2129/2117/861 2163/2148/861
f 2127/3714/848 2139/2127/848 2128/3715/848
f 2201/3716/862 2170/3205/862 2169/3717/862
f 2177/2162/863 2207/2189/863 2178/2163/863
f 2172/3718/864 2182/3719/864 2181/3720/864
f 2149/3721/865 2184/2169/865 2144/3722/865
f 2193/3723/866 2197/2182/866 2196/2181/866
f 2214/2196/845 2254/2230/845 2215/2197/845
f 2255/2231/867 2248/3724/867 2247/3725/867
f 2216/2198/868 2235/2214/868 2217/2199/868
f 2229/3726/869 2269/3727/869 2268/3728/869
f 2297/2273/870 2294/2270/870 2298/2274/870
f 2283/3729/871 2293/3730/871 2292/3731/871
f 2251/3732/872 2274/2250/872 2246/3733/872
f 2304/3734/873 2308/2284/873 2307/2283/873
f 2310/2286/874 2314/2290/874 2311/2287/874
f 2345/2318/875 2371/3735/875 2370/3736/875
f 2318/2294/876 2316/2292/876 2319/2295/876
f 2343/3737/855 2322/2298/855 2344/3738/855
f 2328/3739/877 2359/3740/877 2358/3741/877
f 2373/2343/878 2394/2364/878 2393/2363/878
f 2383/2723/879 2392/3742/879 2391/3743/879
f 2376/3744/880 2380/2350/880 2379/2349/880
f 2406/2376/874 2410/2380/874 2407/2377/874
f 2435/2405/853 2479/3745/853 2478/3746/853
f 2415/2385/876 2424/2394/876 2416/2386/876
f 2418/3747/855 2427/2397/855 2419/3748/855
f 2451/3749/881 2458/3750/881 2457/3751/881
f 2496/2460/882 2472/2439/882 2471/2438/882
f 2466/3752/871 2470/3753/871 2469/3754/871
f 2490/3755/883 2488/2452/883 2487/2451/883
f 2502/2466/884 2535/2499/884 2503/2467/884
f 2539/3756/885 2524/2488/885 2540/3757/885
f 2546/2507/886 2514/2478/886 2547/2508/886
f 2520/3758/848 2517/2481/848 2521/3759/848
f 2553/3760/887 2590/3761/887 2589/3762/887
f 2570/2528/888 2567/2525/888 2571/2529/888
f 2593/2749/889 2575/3763/889 2574/3764/889
f 2578/2536/1 2537/3765/1 2542/3766/1
f 2580/3767/890 2566/2524/890 2565/2523/890
f 2615/3768/891 2618/3769/891 2616/3770/891
f 2613/3771/892 2598/3772/892 2614/3773/892
f 2630/3774/893 2636/3775/893 2631/3776/893
f 2634/3777/584 2644/2602/584 2643/2601/584
f 27/3778/762 20/3779/762 22/2808/762
f 50/3780/894 45/3781/894 44/3782/894
f 66/3783/755 55/3784/755 54/2604/755
f 53/3785/520 64/64/520 63/63/520
f 88/88/574 94/94/574 93/93/574
f 123/3786/572 106/3787/572 105/2829/572
f 104/3788/569 115/115/569 114/114/569
f 146/146/574 141/141/574 140/140/574
f 159/3789/755 151/3790/755 150/2609/755
f 149/3791/895 172/172/895 171/171/895
f 179/179/574 183/183/574 182/182/574
f 201/3792/572 214/3793/572 213/2850/572
f 212/3794/896 205/205/896 204/204/896
f 230/230/574 228/228/574 227/227/574
f 255/3795/755 247/3796/755 246/2612/755
f 245/3797/520 259/259/520 258/258/520
f 272/272/574 279/279/574 278/278/574
f 297/3798/896 307/307/896 306/306/896
f 326/326/574 324/324/574 323/323/574
f 348/3799/755 358/3800/755 357/2875/755
f 356/3801/573 346/346/573 345/345/573
f 370/370/574 375/375/574 374/374/574
f 393/3802/572 391/3803/572 390/2886/572
f 389/3804/573 403/403/573 402/402/573
f 425/425/897 424/424/897 423/423/897
f 447/3805/619 458/3806/619 460/2896/619
f 467/467/574 477/477/574 476/476/574
f 489/3807/624 505/3808/624 504/2906/624
f 503/3809/520 499/499/520 498/498/520
f 552/3810/755 535/3811/755 534/2918/755
f 533/3812/520 541/541/520 540/540/520
f 566/566/574 564/564/574 563/563/574
f 594/3813/572 583/3814/572 582/2927/572
f 581/3815/520 592/592/520 591/591/520
f 608/608/574 621/621/574 620/620/574
f 641/3816/619 640/640/619 639/639/619
f 633/633/524 640/3817/524 634/634/524
f 656/656/577 660/660/577 659/659/577
f 699/3818/572 697/697/572 696/696/572
f 693/693/575 697/3819/575 694/694/575
f 722/722/577 708/708/577 707/707/577
f 732/3820/624 743/743/624 745/745/624
f 770/770/621 753/753/621 752/752/621
f 779/3821/572 775/775/572 774/774/572
f 786/786/575 775/3822/575 787/787/575
f 843/3823/572 826/826/572 825/825/572
f 834/834/575 826/3824/575 835/835/575
f 866/866/574 849/849/574 848/848/574
f 888/3825/572 886/886/572 885/885/572
f 876/876/575 886/3826/575 877/877/575
f 899/899/577 903/903/577 902/902/577
f 933/3827/572 928/928/572 927/927/572
f 930/930/575 928/3828/575 931/931/575
f 961/961/574 951/951/574 950/950/574
f 980/3829/572 967/967/572 966/966/572
f 975/975/575 967/3830/575 976/976/575
f 1012/1012/577 999/999/577 998/998/577
f 1026/3831/572 1015/1015/572 1014/1014/572
f 1032/1032/575 1015/3832/575 1033/1033/575
f 1045/1045/577 1053/1053/577 1052/1052/577
f 1080/3833/572 1075/1075/572 1074/1074/572
f 1077/1077/575 1075/3834/575 1078/1078/575
f 1119/3835/619 1129/1129/619 1128/1128/619
f 1116/1116/575 1129/3836/575 1117/1117/575
f 1156/1156/898 1137/1137/898 1136/1136/898
f 1161/3837/899 1175/3838/899 1177/3839/899
f 1187/1187/897 1191/1191/897 1190/1190/897
f 1218/3840/755 1207/3841/755 1206/3065/755
f 1205/3842/520 1222/1222/520 1221/1221/520
f 1238/1238/795 1242/1242/795 1241/1241/795
f 1271/3843/900 1270/3844/900 1269/3845/900
f 1254/3846/901 1270/3847/901 1255/3848/901
f 1288/1288/902 1294/1294/902 1286/1286/902
f 1278/1278/903 1289/1289/903 1279/1279/903
f 1288/3849/904 1277/3850/904 1279/3851/904
f 1303/3852/905 1314/3853/905 1313/3854/905
f 1346/3855/906 1328/3856/906 1330/3857/906
f 1341/3858/907 1336/3859/907 1335/3860/907
f 1330/3857/908 1334/3861/908 1336/3859/908
f 1354/3862/909 1368/3863/909 1367/3864/909
f 1395/3865/622 1388/3866/622 1390/3867/622
f 1383/3868/582 1375/3869/582 1374/3870/582
f 1390/1390/910 1373/1373/910 1375/1375/910
f 1399/3871/911 1416/3872/911 1415/3873/911
f 1421/3874/622 1427/3875/622 1429/3876/622
f 1439/3877/582 1435/3878/582 1434/3879/582
f 1429/1429/910 1433/1433/910 1435/1435/910
f 1447/3880/911 1461/3881/911 1460/3882/911
f 1491/3883/582 1486/3884/582 1485/3885/582
f 1480/1480/910 1484/1484/910 1486/1486/910
f 1498/3886/912 1506/3887/912 1505/3888/912
f 1517/3889/622 1532/3890/622 1534/3891/622
f 1534/1534/910 1524/1524/910 1523/1523/910
f 1556/3892/912 1554/3893/912 1553/3894/912
f 1586/3895/913 1577/3896/913 1579/3897/913
f 1581/3898/914 1570/3899/914 1569/3900/914
f 1579/3901/915 1568/3902/915 1570/3903/915
f 1591/3904/916 1608/3905/916 1607/3906/916
f 1636/1636/917 1633/1633/917 1634/1634/917
f 1617/1617/918 1628/1628/918 1618/1618/918
f 1618/1618/919 1635/1635/919 1616/1616/919
f 1655/1655/917 1654/1654/917 1656/1656/917
f 1661/3907/920 1670/3908/920 1672/3909/920
f 1674/3910/921 1666/3911/921 1665/3912/921
f 1672/3913/915 1664/3914/915 1666/3915/915
f 1693/3916/922 1697/3917/922 1699/3918/922
f 1720/1720/917 1712/1712/917 1718/1718/917
f 1725/1725/546 1727/1727/546 1726/1726/546
f 1726/1726/919 1719/1719/919 1724/1724/919
f 1754/1754/923 1734/1734/923 1755/1755/923
f 1793/3919/924 1799/1799/924 1801/1801/924
f 1785/1785/925 1773/3675/925 1786/1786/925
f 1779/3670/683 1804/3920/683 1780/3921/683
f 1785/3922/755 1761/3923/755 1760/3924/755
f 1804/1804/570 1758/1758/570 1757/1757/570
f 1834/1834/754 1836/1836/754 1835/1835/754
f 1848/3925/574 1842/1842/574 1841/1841/574
f 1865/1865/585 1862/1862/585 1864/1864/585
f 1875/1875/751 1870/1870/751 1869/1869/751
f 1864/3926/926 1868/3927/926 1870/3928/926
f 1894/1894/765 1896/1896/765 1895/1895/765
f 1901/1901/539 1908/1908/539 1907/1907/539
f 1919/1919/927 1910/1910/927 1912/1912/927
f 1947/3929/577 1962/1959/577 1961/1958/577
f 2015/2009/928 1940/3156/928 1945/1942/928
f 2007/2001/929 2012/2693/929 2008/2002/929
f 1983/3697/587 1987/3930/587 1984/3931/587
f 2007/3932/522 1980/3933/522 1979/3934/522
f 1987/1984/542 1977/3935/542 1976/3936/542
f 2041/2035/585 2025/2019/585 2024/2018/585
f 2031/3937/897 2055/2049/897 2054/2048/897
f 2069/2060/930 2063/3175/930 2068/2059/930
f 2079/2070/929 2112/3711/929 2080/2071/929
f 2079/3938/522 2105/3939/522 2107/3940/522
f 2092/2083/542 2073/3941/542 2072/3942/542
f 2151/3943/897 2121/2109/897 2120/2108/897
f 2165/2150/931 2200/2184/931 2199/2761/931
f 2187/2172/932 2193/3723/932 2188/2173/932
f 2172/3718/601 2212/3944/601 2173/3945/601
f 2187/3946/522 2184/3947/522 2183/3948/522
f 2212/2194/542 2169/3949/542 2168/3950/542
f 2238/2217/585 2235/2214/585 2234/2213/585
f 2256/3951/577 2214/2196/577 2213/2195/577
f 2270/2246/933 2225/3210/933 2230/2209/933
f 2280/2256/934 2304/3734/934 2281/2257/934
f 2283/3729/587 2290/3952/587 2284/3953/587
f 2280/3954/522 2274/3955/522 2273/3956/522
f 2290/2266/935 2268/3957/935 2267/3958/935
f 2334/2307/585 2316/2292/585 2315/2291/585
f 2346/3959/897 2310/2286/897 2309/2285/897
f 2360/2333/936 2324/3229/936 2329/2302/936
f 2397/2367/937 2376/3744/937 2398/2368/937
f 2397/3960/522 2363/3961/522 2365/3962/522
f 2387/2357/542 2358/3963/542 2357/3964/542
f 2421/2391/585 2424/2394/585 2423/2393/585
f 2436/3965/897 2406/2376/897 2405/2375/897
f 2453/2420/938 2447/3247/938 2452/2419/938
f 2463/2430/937 2490/3755/937 2464/2431/937
f 2466/3752/589 2500/3966/589 2467/3967/589
f 2463/3968/522 2480/3969/522 2482/3970/522
f 2500/2464/542 2457/3971/542 2456/3972/542
f 2532/2496/588 2514/2478/588 2513/2477/588
f 2523/3973/897 2502/2466/897 2501/2465/897
f 2582/2540/939 2549/3264/939 2554/2512/939
f 2562/2520/929 2580/3767/929 2563/2521/929
f 2562/3974/940 2577/3975/940 2576/3976/940
f 2596/2554/542 2589/3977/542 2588/3978/542
f 2612/3979/941 2616/3770/941 2613/3771/941
f 2638/2596/942 2641/2599/942 2636/2594/942
f 2622/3980/943 2627/3285/943 2623/3981/943
f 2638/3982/597 2621/2579/597 2623/2581/597
f 28/28/519 7/3983/519 6/3984/519
f 51/3985/944 48/3986/944 47/2813/944
f 67/67/591 72/3987/591 71/3988/591
f 86/2771/584 84/84/584 83/83/584
f 124/124/591 103/3989/591 102/3990/591
f 147/3991/584 132/132/584 131/131/584
f 160/160/591 157/3992/591 156/3993/591
f 180/3994/584 193/193/584 192/192/584
f 202/202/591 199/3995/591 198/3996/591
f 231/3997/584 240/240/584 239/239/584
f 256/256/591 253/3998/591 252/3999/591
f 273/4000/522 270/270/522 269/269/522
f 327/4001/522 336/336/522 335/335/522
f 349/349/591 343/4002/591 342/4003/591
f 368/2774/522 387/387/522 386/386/522
f 394/394/591 399/4004/591 398/4005/591
f 426/4006/522 417/417/522 416/416/522
f 448/448/591 439/4007/591 438/4008/591
f 468/4009/633 483/483/633 482/482/633
f 490/490/591 487/4010/591 486/4011/591
f 516/4012/633 531/531/633 530/530/633
f 553/553/519 550/4013/519 549/4014/519
f 567/4015/522 579/579/522 578/578/522
f 595/595/519 598/4016/519 597/4017/519
f 609/4018/522 625/625/522 624/624/522
f 668/668/637 656/656/637 669/669/637
f 689/4019/593 699/4020/593 690/4021/593
f 719/719/528 722/722/528 720/720/528
f 726/4022/593 732/4023/593 727/4024/593
f 749/749/528 770/770/528 750/750/528
f 816/816/595 809/809/595 817/817/595
f 822/4025/593 843/4026/593 823/4027/593
f 858/858/595 866/866/595 859/859/595
f 870/4028/593 888/4029/593 871/4030/593
f 914/914/595 899/899/595 915/915/595
f 939/4031/593 933/4032/593 940/4033/593
f 1017/4034/593 1026/4035/593 1018/4036/593
f 1055/1055/528 1045/1045/528 1056/1056/528
f 1065/4037/593 1080/4038/593 1066/4039/593
f 1097/1097/528 1091/1091/528 1098/1098/528
f 1110/4040/593 1119/4041/593 1111/4042/593
f 1162/1162/945 1180/1180/945 1179/1179/945
f 1188/4043/946 1203/4044/946 1202/4045/946
f 1219/1219/529 1210/4046/529 1209/4047/529
f 1239/4048/522 1236/1236/522 1235/1235/522
f 1281/4049/947 1290/4050/947 1282/4051/947
f 1321/1321/948 1317/1317/948 1316/1316/948
f 1322/4052/949 1303/4053/949 1323/4054/949
f 1338/4055/950 1341/4056/950 1339/4057/950
f 1363/4058/951 1356/1356/951 1355/1355/951
f 1352/1352/611 1365/4059/611 1364/4060/611
f 1384/1384/952 1381/1381/952 1380/1380/952
f 1411/1411/953 1419/1419/953 1418/1418/953
f 1397/1397/954 1413/1413/954 1412/1412/954
f 1455/1455/955 1464/1464/955 1463/1463/955
f 1445/1445/954 1467/1467/954 1466/1466/954
f 1492/1492/952 1474/1474/952 1473/1473/952
f 1513/1513/953 1503/1503/953 1502/1502/953
f 1496/1496/954 1509/1509/954 1508/1508/954
f 1527/1527/956 1540/1540/956 1539/1539/956
f 1552/1552/955 1545/1545/955 1544/1544/955
f 1582/1582/957 1576/1576/957 1575/1575/957
f 1606/1606/958 1599/1599/958 1598/1598/958
f 1610/4061/959 1591/4062/959 1611/4063/959
f 1620/4064/671 1629/4065/671 1621/4066/671
f 1646/4067/960 1640/4068/960 1647/4069/960
f 1675/1675/957 1683/1683/957 1682/1682/957
f 1696/1696/958 1686/1686/958 1685/1685/958
f 1707/4070/959 1693/4071/959 1708/4072/959
f 1731/4073/669 1728/4074/669 1732/4075/669
f 1749/4076/667 1740/4077/667 1750/4078/667
f 1752/1752/535 1735/1735/535 1753/1753/535
f 1797/1797/679 1802/1802/679 1798/1798/679
f 1812/1812/674 1809/4079/674 1813/1813/674
f 1849/4080/675 1845/1845/675 1844/1844/675
f 1819/4081/676 1831/4082/676 1817/4083/676
f 1876/1876/961 1861/4084/961 1860/4085/961
f 1891/4086/521 1885/1885/521 1884/1884/521
f 1892/1892/611 1888/4087/611 1887/4088/611
f 1956/1953/962 1929/4089/962 1957/1954/962
f 1948/4090/963 1968/1965/963 1967/1964/963
f 1927/4091/964 1936/4092/964 1925/4093/964
f 2019/2013/965 1985/4094/965 2020/2014/965
f 2005/4095/966 1996/4096/966 1995/4097/966
f 2046/2040/967 2052/4098/967 2047/2041/967
f 2032/4099/968 2034/2028/968 2033/2027/968
f 2029/4100/676 2038/4101/676 2027/4102/676
f 2085/2076/969 2090/4103/969 2086/2077/969
f 2100/4104/970 2095/4105/970 2094/4106/970
f 2142/2130/967 2124/4107/967 2143/2131/967
f 2152/4108/971 2158/2143/971 2157/2142/971
f 2119/4109/972 2164/4110/972 2117/4111/972
f 2204/2186/600 2210/4112/600 2205/2187/600
f 2149/4113/973 2179/4114/973 2178/4115/973
f 2244/2223/967 2253/4116/967 2245/2224/967
f 2257/4117/974 2232/2211/974 2231/2210/974
f 2266/4118/975 2218/4119/975 2264/4120/975
f 2286/2262/600 2288/4121/600 2287/2263/600
f 2251/4122/976 2299/4123/976 2298/4124/976
f 2337/2310/962 2313/4125/962 2338/2311/962
f 2347/4126/977 2332/2305/977 2331/2304/977
f 2356/4127/978 2320/4128/978 2354/4129/978
f 2367/4130/979 2395/4131/979 2394/4132/979
f 2433/2403/962 2409/4133/962 2434/2404/962
f 2437/4134/980 2445/2415/980 2444/2414/980
f 2493/2457/600 2498/4135/600 2494/2458/600
f 2475/4136/981 2473/4137/981 2472/4138/981
f 2505/2469/962 2534/4139/962 2506/2470/962
f 2524/4140/982 2526/2490/982 2525/2489/982
f 2509/4141/983 2548/4142/983 2507/4143/983
f 2586/2544/984 2594/4144/984 2587/2545/984
f 2542/4145/985 2572/4146/985 2571/4147/985
f 2604/4148/986 2610/4149/986 2605/2655/986
f 2607/4150/987 2617/4151/987 2608/4152/987
f 2634/4153/988 2628/4154/988 2635/4155/988
f 42/4156/989 37/4157/989 36/4158/989
f 39/4159/990 35/35/990 37/37/990
f 89/89/576 97/97/576 96/96/576
f 99/4160/597 95/4161/597 97/4162/597
f 129/129/758 139/139/758 138/138/758
f 145/4163/597 137/4164/597 139/4165/597
f 195/195/576 187/187/576 186/186/576
f 175/4166/597 185/4167/597 187/4168/597
f 225/225/576 235/235/576 234/234/576
f 237/4169/597 233/4170/597 235/4171/597
f 291/291/576 283/283/576 282/282/576
f 285/4172/552 281/4173/552 283/4174/552
f 321/4175/552 330/4176/552 329/4177/552
f 371/371/576 367/367/576 366/366/576
f 382/4178/552 365/4179/552 367/4180/552
f 435/435/576 421/421/576 420/420/576
f 432/4181/552 419/4182/552 421/4183/552
f 474/474/576 466/466/576 465/465/576
f 471/4184/542 464/4185/542 466/4186/542
f 528/528/576 526/526/576 525/525/576
f 510/4187/542 524/4188/542 526/4189/542
f 576/576/576 574/574/576 573/573/576
f 570/4190/542 572/4191/542 574/4192/542
f 627/627/576 614/614/576 616/616/576
f 675/675/758 655/655/758 654/654/758
f 655/4193/991 665/665/991 653/4194/991
f 711/711/751 706/706/751 705/705/751
f 706/4195/991 716/716/991 704/4196/991
f 756/756/751 763/763/751 762/762/751
f 763/4197/992 767/767/992 761/4198/992
f 819/819/751 805/805/751 804/804/751
f 805/4199/992 812/812/992 803/4200/992
f 864/864/751 847/847/751 846/846/751
f 847/4201/992 851/851/992 845/4202/992
f 897/897/751 895/895/751 894/894/751
f 895/4203/992 906/906/992 893/4204/992
f 954/954/751 964/964/751 963/963/751
f 964/4205/992 944/944/992 962/4206/992
f 993/993/751 997/997/751 996/996/751
f 997/4207/992 1002/1002/992 995/4208/992
f 1040/4209/991 1037/1037/991 1041/4210/991
f 1095/1095/751 1087/1087/751 1086/1086/751
f 1087/4211/992 1100/1100/992 1085/4212/992
f 1140/1140/758 1145/1145/758 1147/1147/758
f 1200/1200/927 1193/1193/927 1195/1195/927
f 1251/1251/570 1246/1246/570 1245/1245/570
f 1248/4213/542 1244/4214/542 1246/4215/542
f 1299/1299/993 1285/1285/993 1300/1300/993
f 1298/4216/994 1296/4217/994 1295/4218/994
f 1309/4219/995 1320/4220/995 1319/4221/995
f 1331/4222/996 1327/4223/996 1326/4224/996
f 1325/4225/997 1344/3409/997 1343/4226/997
f 1360/4227/998 1362/4228/998 1361/4229/998
f 1391/4230/999 1378/4231/999 1377/4232/999
f 1376/1376/1000 1387/1387/1000 1386/1386/1000
f 1405/4233/604 1410/4234/604 1409/4235/604
f 1424/4236/999 1438/4237/999 1437/4238/999
f 1436/1436/1000 1431/1431/1000 1430/1430/1000
f 1487/4239/999 1471/4240/999 1470/4241/999
f 1469/1469/1000 1476/1476/1000 1475/1475/1000
f 1516/4242/1001 1512/4243/1001 1511/4244/1001
f 1535/4245/999 1531/4246/999 1530/4247/999
f 1529/1529/1000 1521/1521/1000 1520/1520/1000
f 1549/4248/1001 1551/4249/1001 1550/4250/1001
f 1565/4251/1002 1585/4252/1002 1584/4253/1002
f 1583/4254/1003 1572/4255/1003 1571/4256/1003
f 1597/4257/1004 1605/4258/1004 1604/4259/1004
f 1627/1627/787 1615/1615/787 1625/1625/787
f 1680/4260/1005 1678/4261/1005 1677/4262/1005
f 1676/4263/1003 1668/4264/1003 1667/4265/1003
f 1690/4266/1006 1695/4267/1006 1694/4268/1006
f 1710/1710/787 1717/1717/787 1711/1711/787
f 1721/1721/616 1711/1711/616 1722/1722/616
f 1739/1739/606 1747/1747/606 1740/1740/606
f 1781/1781/1 1763/1763/1 1765/1765/1
f 1797/1797/547 1801/1801/547 1800/1800/547
f 1823/1823/792 1831/1831/792 1830/1830/792
f 1827/1827/793 1809/1809/793 1808/1808/793
f 1871/1871/762 1855/1855/762 1854/1854/762
f 1853/4269/1007 1857/4270/1007 1856/4271/1007
f 1882/1882/1008 1890/1890/1008 1889/1889/1008
f 1917/4272/768 1915/4273/768 1914/3688/768
f 1913/4274/569 1905/1905/569 1904/1904/569
f 1935/1935/792 1942/4275/792 1936/1936/792
f 2003/4276/1009 1929/1929/1009 1928/1928/1009
f 1997/1994/1010 2004/4277/1010 2003/4278/1010
f 2019/2013/792 1945/1942/792 1944/1941/792
f 2037/2031/792 2065/4279/792 2038/2032/792
f 2103/4280/793 2052/2046/793 2051/2045/793
f 2108/2096/1011 2101/4281/1011 2100/4282/1011
f 2085/2076/792 2068/2059/792 2067/2058/792
f 2203/2183/792 2164/2149/792 2163/2148/792
f 2147/4283/1009 2124/2112/1009 2123/2111/1009
f 2174/2159/1010 2148/4284/1010 2147/4285/1010
f 2217/2199/792 2227/4286/792 2218/2200/792
f 2249/4287/1009 2253/2229/1009 2252/2228/1009
f 2276/2252/1012 2250/4288/1012 2249/4289/1012
f 2286/2262/792 2230/2209/792 2229/2208/792
f 2319/2295/792 2326/4290/792 2320/2296/792
f 2370/4291/793 2313/2289/793 2312/2288/793
f 2399/2369/1013 2368/4292/1013 2367/4293/1013
f 2384/2354/792 2329/2302/792 2328/2301/792
f 2416/2386/792 2449/4294/792 2414/2384/792
f 2478/4295/793 2409/2379/793 2408/2378/793
f 2459/2426/1014 2476/4296/1014 2475/4297/1014
f 2493/2457/792 2452/2419/792 2451/2418/792
f 2547/2508/792 2551/4298/792 2548/2509/792
f 2558/2516/793 2541/4299/793 2540/4300/793
f 2586/2544/792 2554/2512/792 2553/2511/792
f 2609/4301/1015 2601/3281/1015 2610/4149/1015
f 2631/4302/1016 2644/4303/1016 2632/4304/1016
f 2630/4305/630 2625/2583/630 2624/2582/630
f 6/6/610 25/4306/610 24/4307/610
f 43/43/1017 52/4308/1017 51/3985/1017
f 102/102/610 112/4309/610 111/4310/610
f 130/4311/550 148/4312/550 147/3991/550
f 156/156/610 169/4313/610 168/4314/610
f 196/4315/550 181/4316/550 180/3994/550
f 198/198/1018 216/4317/1018 215/4318/1018
f 226/4319/1019 232/4320/1019 231/3997/1019
f 252/252/611 265/4321/611 264/4322/611
f 292/4323/550 274/4324/550 273/4000/550
f 299/299/611 316/4325/611 315/4326/611
f 333/4327/1019 328/4328/1019 327/4001/1019
f 342/342/611 360/4329/611 359/4330/611
f 436/4331/1019 427/4332/1019 426/4006/1019
f 438/438/611 445/4333/611 444/4334/611
f 475/4335/550 469/4336/550 468/4009/550
f 486/486/571 508/4337/571 507/4338/571
f 529/4339/1019 517/4340/1019 516/4012/1019
f 549/549/611 538/4341/611 537/4342/611
f 577/4343/806 568/4344/806 567/4015/806
f 597/597/611 604/4345/611 603/4346/611
f 628/4347/806 610/4348/806 609/4018/806
f 647/4349/612 646/646/612 648/4350/612
f 657/4351/613 675/4352/613 658/4353/613
f 723/4354/613 711/4355/613 724/4356/613
f 747/4357/612 725/725/612 748/4358/612
f 771/4359/613 756/4360/613 772/4361/613
f 792/4362/556 778/778/556 793/4363/556
f 810/4364/613 819/4365/613 811/4366/613
f 840/4367/556 821/821/556 841/4368/556
f 867/4369/1020 864/4370/1020 868/4371/1020
f 873/4372/556 869/869/556 874/4373/556
f 900/4374/1020 897/4375/1020 901/4376/1020
f 924/4377/556 938/938/556 925/4378/556
f 959/4379/1020 954/4380/1020 960/4381/1020
f 972/4382/556 985/985/556 973/4383/556
f 1010/4384/613 993/4385/613 1011/4386/613
f 1029/4387/612 1016/1016/612 1030/4388/612
f 1083/4389/612 1064/1064/612 1084/4390/612
f 1092/4391/613 1095/4392/613 1093/4393/613
f 1131/4394/812 1109/1109/812 1132/4395/812
f 1154/4396/613 1140/4397/613 1155/4398/613
f 1179/1179/1021 1171/1171/1021 1170/1170/1021
f 1201/1201/1022 1189/4399/1022 1188/4400/1022
f 1209/1209/611 1228/4401/611 1227/4402/611
f 1252/4403/816 1240/4404/816 1239/4048/816
f 1263/4405/1023 1276/4406/1023 1264/4407/1023
f 1304/4408/1024 1309/4409/1024 1305/4410/1024
f 1358/3093/522 1372/1372/522 1371/1371/522
f 1403/1403/1025 1408/1408/1025 1407/1407/1025
f 1458/1458/1025 1453/1453/1025 1452/1452/1025
f 1514/1514/1025 1501/1501/1025 1500/1500/1025
f 1547/1547/1025 1564/1564/1025 1563/1563/1025
f 1602/4411/1026 1597/4412/1026 1603/4413/1026
f 1659/1659/618 1643/1643/618 1660/1660/618
f 1704/4414/1026 1690/4415/1026 1705/4416/1026
f 1794/1794/839 1788/1788/839 1795/1795/839
f 1806/4417/834 1819/4081/834 1818/4418/834
f 1880/3146/522 1900/1900/522 1899/1899/522
f 1965/4419/1027 1927/4091/1027 1926/4420/1027
f 2016/4421/1028 1974/1971/1028 2017/4422/1028
f 2058/4423/1029 2029/4100/1029 2028/4424/1029
f 2070/4425/1030 2115/2103/1030 2071/4426/1030
f 2155/4427/1031 2119/4109/1031 2118/4428/1031
f 2166/4429/1032 2190/2175/1032 2167/4430/1032
f 2259/4431/1033 2266/4118/1033 2265/4432/1033
f 2271/4433/1028 2301/2277/1028 2272/4434/1028
f 2349/4435/1033 2356/4127/1033 2355/4436/1033
f 2361/4437/1030 2403/2373/1030 2362/4438/1030
f 2439/4439/1033 2413/2763/1033 2412/4440/1033
f 2454/4441/1034 2484/2448/1034 2455/4442/1034
f 2544/4443/1031 2509/4141/1031 2508/4444/1031
f 2583/4445/1028 2556/2514/1028 2584/4446/1028
f 2619/4447/1035 2602/4448/1035 2620/4449/1035
f 8/8/577 18/18/577 17/17/577
f 59/59/795 62/62/795 64/64/795
f 107/107/574 113/113/574 115/115/574
f 161/161/795 170/170/795 172/172/795
f 219/219/574 203/203/574 205/205/574
f 266/266/795 257/257/795 259/259/795
f 308/308/574 305/305/574 307/307/574
f 363/363/1036 344/344/1036 346/346/1036
f 410/410/897 401/401/897 403/403/897
f 449/449/795 456/456/795 455/455/795
f 494/494/574 497/497/574 499/499/574
f 554/554/795 539/539/795 541/541/795
f 587/587/574 590/590/574 592/592/574
f 651/651/574 632/632/574 634/634/574
f 680/680/574 692/692/574 694/694/574
f 728/728/1008 741/741/1008 740/740/1008
f 782/782/574 785/785/574 787/787/574
f 827/827/795 833/833/795 835/835/795
f 890/890/574 875/875/574 877/877/574
f 920/920/795 929/929/795 931/931/795
f 986/986/574 974/974/574 976/976/574
f 1019/1019/574 1031/1031/574 1033/1033/574
f 1070/1070/574 1076/1076/574 1078/1078/574
f 1157/4450/1037 1173/4451/1037 1172/4452/1037
f 1214/1214/577 1220/1220/577 1222/1222/577
f 1256/4453/1038 1253/4454/1038 1255/4455/1038
f 1775/1775/754 1767/1767/754 1766/1766/754
f 1790/4456/574 1794/1794/574 1793/1793/574
f 1838/4457/755 1811/4458/755 1813/4459/755
f 1851/1851/570 1818/1818/570 1817/1817/570
f 1971/1968/751 1926/1926/751 1925/1925/751
f 1991/1988/520 1994/4460/520 1996/4096/520
f 2010/4461/611 2016/2010/611 2015/2009/611
f 2048/4462/762 2045/4463/762 2047/4464/762
f 2061/2055/758 2028/2022/758 2027/2021/758
f 2081/4465/611 2070/2061/611 2069/2060/611
f 2126/4466/624 2141/4467/624 2143/4468/624
f 2160/2145/758 2118/2106/758 2117/2105/758
f 2180/2165/520 2177/4469/520 2179/4114/520
f 2195/4470/1039 2166/2151/1039 2165/2150/1039
f 2223/4471/624 2243/4472/624 2245/4473/624
f 2262/2238/1040 2265/2241/1040 2264/2240/1040
f 2291/2267/1041 2297/4474/1041 2299/4123/1041
f 2306/4475/1042 2271/2247/1042 2270/2246/1042
f 2342/4476/1043 2336/4477/1043 2338/4478/1043
f 2353/2326/1040 2355/2328/1040 2354/2327/1040
f 2390/2360/1041 2393/4479/1041 2395/4480/1041
f 2378/4481/1039 2361/2334/1039 2360/2333/1039
f 2417/4482/1043 2432/4483/1043 2434/4484/1043
f 2443/2413/1040 2412/2382/1040 2411/2381/1040
f 2468/2435/1041 2471/4485/1041 2473/4486/1041
f 2486/4487/1039 2454/2421/1039 2453/2420/1039
f 2519/4488/1043 2504/4489/1043 2506/4490/1043
f 2529/2493/758 2508/2472/758 2507/2471/758
f 2573/2531/778 2570/4491/778 2572/4146/778
f 2564/4492/1039 2583/2541/1039 2582/2540/1039
f 22/2808/1 7/4493/1 27/3778/1
f 28/28/548 6/3984/548 24/3494/548
f 22/2808/1 14/4494/1 7/4493/1
f 16/16/792 25/4306/792 5/5/792
f 28/28/548 24/3494/548 9/2810/548
f 12/12/547 18/2812/547 10/4495/547
f 12/12/547 10/4495/547 23/23/547
f 17/17/793 26/4496/793 8/8/793
f 19/4497/797 11/3291/797 15/4498/797
f 16/16/792 13/4499/792 25/4306/792
f 19/4497/797 15/4498/797 21/4500/797
f 17/17/793 20/4501/793 26/4496/793
f 46/2818/797 38/2820/797 30/2816/797
f 31/3295/1 40/3297/1 32/4502/1
f 44/4503/793 29/4504/793 48/4505/793
f 31/3295/1 32/4502/1 49/3293/1
f 47/2813/548 34/2815/548 43/43/548
f 39/4506/792 41/4507/792 33/4508/792
f 36/4158/547 52/4509/547 42/4156/547
f 36/4158/547 45/3781/547 52/4509/547
f 39/4506/792 37/4510/792 41/4507/792
f 46/2818/797 35/35/797 38/2820/797
f 47/2813/548 43/43/548 51/3985/548
f 44/4503/793 48/4505/793 50/4511/793
f 63/4512/797 57/4513/797 53/4514/797
f 54/2604/1 56/4515/1 72/4516/1
f 54/2604/1 72/4516/1 66/3783/1
f 64/64/793 55/4517/793 65/4518/793
f 63/4512/797 74/3300/797 57/4513/797
f 58/58/792 76/4519/792 68/2767/792
f 58/58/792 68/2767/792 73/73/792
f 67/67/548 70/3496/548 60/2822/548
f 75/75/547 62/2824/547 61/4520/547
f 75/75/547 61/4520/547 69/69/547
f 64/64/793 65/4518/793 59/59/793
f 67/67/548 71/3988/548 70/3496/548
f 93/93/793 77/4521/793 84/4522/793
f 79/2794/1 81/4523/1 85/2792/1
f 92/4524/797 98/4525/797 78/4526/797
f 79/2794/1 100/2827/1 81/4523/1
f 83/83/548 80/2607/548 90/2769/548
f 99/99/792 91/3498/792 82/82/792
f 83/83/548 90/2769/548 86/2771/548
f 93/93/793 84/4522/793 88/88/793
f 96/96/547 87/4527/547 89/89/547
f 96/96/547 94/2728/547 87/4527/547
f 99/99/792 97/4528/792 91/3498/792
f 92/4524/797 95/4161/797 98/4525/797
f 105/2829/1 103/4529/1 123/3786/1
f 124/124/548 102/3990/548 111/3500/548
f 105/2829/1 116/4530/1 103/4529/1
f 118/118/792 112/4309/792 101/101/792
f 115/115/793 106/4531/793 122/4532/793
f 114/4533/797 117/4534/797 104/4535/797
f 124/124/548 111/3500/548 108/2831/548
f 120/120/547 113/2833/547 109/4536/547
f 120/120/547 109/4536/547 110/110/547
f 115/115/793 122/4532/793 107/107/793
f 118/118/792 121/4537/792 112/4309/792
f 114/4533/797 119/3303/797 117/4534/797
f 142/4538/797 144/4539/797 126/4540/797
f 127/2837/1 143/2839/1 134/4541/1
f 140/140/793 125/4542/793 132/4543/793
f 127/2837/1 134/4541/1 133/3305/1
f 145/145/792 128/3503/792 135/135/792
f 131/131/548 136/2835/548 130/4311/548
f 138/138/547 148/4544/547 129/129/547
f 131/131/548 130/4311/548 147/3991/548
f 145/145/792 139/4545/792 128/3503/792
f 140/140/793 132/4543/793 146/146/793
f 138/138/547 141/4546/547 148/4544/547
f 142/4538/797 137/4164/797 144/4539/797
f 171/4547/797 153/4548/797 149/4549/797
f 150/2609/1 152/4550/1 157/4551/1
f 150/2609/1 157/4551/1 159/3789/1
f 172/172/793 151/4552/793 158/4553/793
f 171/4547/797 165/3308/797 153/4548/797
f 154/154/792 164/4554/792 169/4313/792
f 154/154/792 169/4313/792 155/155/792
f 160/160/548 156/3993/548 168/3505/548
f 160/160/548 168/3505/548 162/2840/548
f 172/172/793 158/4553/793 161/161/793
f 166/166/547 170/2842/547 163/4555/547
f 166/166/547 163/4555/547 167/167/547
f 175/175/792 194/3508/792 176/176/792
f 184/4556/797 185/4167/797 174/4557/797
f 175/175/792 187/4558/792 194/3508/792
f 190/2846/1 173/2848/1 178/4559/1
f 184/4556/797 174/4557/797 189/4560/797
f 190/2846/1 178/4559/1 191/3310/1
f 192/192/548 177/2844/548 196/4315/548
f 186/186/547 181/4561/547 195/195/547
f 186/186/547 183/4562/547 181/4561/547
f 182/182/793 193/4563/793 179/179/793
f 192/192/548 196/4315/548 180/3994/548
f 182/182/793 188/4564/793 193/4563/793
f 213/2850/1 199/4565/1 201/3792/1
f 202/202/548 198/3996/548 215/2659/548
f 213/2850/1 209/4566/1 199/4565/1
f 211/211/792 216/4317/792 197/197/792
f 202/202/548 215/2659/548 220/2852/548
f 205/205/793 214/4567/793 200/4568/793
f 205/205/793 200/4568/793 219/219/793
f 204/4569/797 210/4570/797 212/4571/797
f 204/4569/797 206/3313/797 210/4570/797
f 207/207/547 203/2854/547 218/4572/547
f 211/211/792 208/4573/792 216/4317/792
f 207/207/547 218/4572/547 217/217/547
f 229/4574/797 236/4575/797 222/4576/797
f 223/2856/1 238/2858/1 242/4577/1
f 227/227/793 221/4578/793 240/4579/793
f 223/2856/1 242/4577/1 241/3315/1
f 237/237/792 224/3511/792 243/243/792
f 239/239/548 244/4580/548 226/4319/548
f 234/234/547 232/4581/547 225/225/547
f 239/239/548 226/4319/548 231/3997/548
f 237/237/792 235/4582/792 224/3511/792
f 227/227/793 240/4579/793 230/230/793
f 229/4574/797 233/4170/797 236/4575/797
f 234/234/547 228/4583/547 232/4581/547
f 246/2612/1 253/4584/1 255/3795/1
f 246/2612/1 250/4585/1 253/4584/1
f 259/259/793 247/4586/793 254/4587/793
f 258/4588/797 248/4589/797 245/4590/797
f 258/4588/797 260/3318/797 248/4589/797
f 249/249/792 262/4591/792 265/4321/792
f 249/249/792 265/4321/792 251/251/792
f 256/256/548 252/3999/548 264/3513/548
f 256/256/548 264/3513/548 267/2859/548
f 259/259/793 254/4587/793 266/266/793
f 261/261/547 257/2861/547 268/4592/547
f 261/261/547 268/4592/547 263/263/547
f 269/269/548 288/2863/548 292/4323/548
f 278/278/793 275/4593/793 270/4594/793
f 277/2865/1 289/4595/1 271/3320/1
f 269/269/548 292/4323/548 273/4000/548
f 278/278/793 270/4594/793 272/272/793
f 282/282/547 274/4596/547 291/291/547
f 282/282/547 279/4597/547 274/4596/547
f 280/4598/797 284/4599/797 276/4600/797
f 277/2865/1 286/2867/1 289/4595/1
f 280/4598/797 281/4173/797 284/4599/797
f 285/285/792 283/4601/792 290/2699/792
f 285/285/792 290/2699/792 287/287/792
f 306/4602/797 294/4603/797 297/4604/797
f 306/4602/797 311/3323/797 294/4603/797
f 298/2702/1 293/4605/1 300/4606/1
f 295/295/792 313/4607/792 316/4325/792
f 295/295/792 316/4325/792 301/301/792
f 307/307/793 296/4608/793 304/4609/793
f 298/2702/1 300/4606/1 302/2700/1
f 303/303/548 299/2730/548 315/3516/548
f 307/307/793 304/4609/793 308/308/793
f 303/303/548 315/3516/548 309/2870/548
f 312/312/547 305/2872/547 310/4610/547
f 312/312/547 310/4610/547 314/314/547
f 325/4611/797 320/4612/797 319/4613/797
f 323/323/793 318/4614/793 336/4615/793
f 317/2732/1 338/4616/1 337/3325/1
f 317/2732/1 322/4617/1 338/4616/1
f 321/321/792 334/3519/792 339/339/792
f 325/4611/797 330/4176/797 320/4612/797
f 321/321/792 329/4618/792 334/3519/792
f 323/323/793 336/4615/793 326/326/793
f 331/331/547 324/4619/547 328/4620/547
f 331/331/547 328/4620/547 332/332/547
f 335/335/548 333/4327/548 327/4001/548
f 335/335/548 340/4621/548 333/4327/548
f 357/2875/1 343/4622/1 348/3799/1
f 349/349/548 342/4003/548 359/2667/548
f 357/2875/1 351/4623/1 343/4622/1
f 350/350/792 360/4329/792 341/341/792
f 346/346/793 347/4624/793 363/363/793
f 345/4625/797 352/2665/797 356/4626/797
f 345/4625/797 354/2663/797 352/2665/797
f 346/346/793 358/4627/793 347/4624/793
f 355/355/547 344/2879/547 362/4628/547
f 349/349/548 359/2667/548 364/2877/548
f 350/350/792 353/4629/792 360/4329/792
f 355/355/547 362/4628/547 361/361/547
f 366/366/547 369/4630/547 371/371/547
f 366/366/547 375/4631/547 369/4630/547
f 382/382/792 367/4632/792 373/3522/792
f 376/4633/797 365/4179/797 381/4634/797
f 386/386/548 372/2772/548 368/2774/548
f 374/374/793 387/4635/793 370/370/793
f 382/382/792 373/3522/792 383/383/792
f 386/386/548 384/2881/548 372/2772/548
f 376/4633/797 381/4634/797 378/4636/797
f 374/374/793 377/4637/793 387/4635/793
f 379/2882/1 380/2884/1 385/4638/1
f 379/2882/1 385/4638/1 388/3327/1
f 390/2886/1 399/4639/1 393/3802/1
f 390/2886/1 407/4640/1 399/4639/1
f 403/403/793 391/4641/793 392/4642/793
f 402/4643/797 408/4644/797 389/4645/797
f 394/394/548 397/3524/548 411/2888/548
f 394/394/548 398/4005/548 397/3524/548
f 403/403/793 392/4642/793 410/410/793
f 409/409/792 406/4646/792 395/2775/792
f 409/409/792 395/2775/792 400/400/792
f 405/405/547 412/4647/547 396/396/547
f 402/4643/797 404/3330/797 408/4644/797
f 405/405/547 401/2616/547 412/4647/547
f 422/4648/797 431/4649/797 414/4650/797
f 415/2892/1 433/2894/1 428/4651/1
f 423/423/793 413/4652/793 417/4653/793
f 415/2892/1 428/4651/1 418/3332/1
f 416/416/548 430/2890/548 436/4331/548
f 416/416/548 436/4331/548 426/4006/548
f 423/423/793 417/4653/793 425/425/793
f 422/4648/797 419/4182/797 431/4649/797
f 420/420/547 424/4654/547 427/4655/547
f 420/420/547 427/4655/547 435/435/547
f 432/432/792 421/4656/792 434/3526/792
f 432/432/792 434/3526/792 429/429/792
f 460/2896/1 439/4657/1 447/3805/1
f 448/448/548 438/4008/548 444/3528/548
f 460/2896/1 452/4658/1 439/4657/1
f 454/454/792 445/4333/792 437/437/792
f 454/454/792 440/4659/792 445/4333/792
f 442/442/547 456/2899/547 451/4660/547
f 442/442/547 451/4660/547 443/443/547
f 457/4661/797 441/3335/797 453/4662/797
f 448/448/548 444/3528/548 450/2617/548
f 455/455/793 458/4663/793 446/4664/793
f 455/455/793 446/4664/793 449/449/793
f 457/4661/797 453/4662/797 459/4665/797
f 482/482/548 463/2901/548 475/4335/548
f 481/2902/1 472/2904/1 461/4666/1
f 481/2902/1 461/4666/1 484/3337/1
f 471/471/792 473/3531/792 462/462/792
f 465/465/547 469/4667/547 474/474/547
f 465/465/547 477/4668/547 469/4667/547
f 471/471/792 466/4669/792 473/3531/792
f 478/4670/797 464/4185/797 470/4671/797
f 476/476/793 483/4672/793 467/467/793
f 482/482/548 475/4335/548 468/4009/548
f 478/4670/797 470/4671/797 480/4673/797
f 476/476/793 479/4674/793 483/4672/793
f 504/2906/1 487/4675/1 489/3807/1
f 490/490/548 486/4011/548 507/3533/548
f 504/2906/1 500/4676/1 487/4675/1
f 502/502/792 508/4337/792 485/485/792
f 490/490/548 507/3533/548 495/2908/548
f 499/499/793 505/4677/793 488/4678/793
f 499/499/793 488/4678/793 494/494/793
f 492/492/547 496/4679/547 506/506/547
f 492/492/547 497/2910/547 496/4679/547
f 502/502/792 493/4680/792 508/4337/792
f 498/4681/797 491/3340/797 501/4682/797
f 498/4681/797 501/4682/797 503/4683/797
f 513/4684/797 509/4685/797 519/4686/797
f 520/2914/1 511/2916/1 521/4687/1
f 510/510/792 527/3536/792 522/522/792
f 513/4684/797 524/4188/797 509/4685/797
f 510/510/792 526/4688/792 527/3536/792
f 514/514/793 531/4689/793 515/515/793
f 514/514/793 518/4690/793 531/4689/793
f 525/525/547 512/4691/547 517/4692/547
f 530/530/548 529/4339/548 516/4012/548
f 525/525/547 517/4692/547 528/528/547
f 520/2914/1 521/4687/1 532/3342/1
f 530/530/548 523/2912/548 529/4339/548
f 534/2918/1 550/4693/1 552/3810/1
f 534/2918/1 546/4694/1 550/4693/1
f 541/541/793 535/4695/793 551/4696/793
f 540/4697/797 547/4698/797 533/4699/797
f 545/545/792 543/4700/792 538/4341/792
f 545/545/792 538/4341/792 548/548/792
f 542/542/547 556/4701/547 536/536/547
f 553/553/548 549/4014/548 537/3538/548
f 553/553/548 537/3538/548 555/2645/548
f 540/4697/797 544/2643/797 547/4698/797
f 541/541/793 551/4696/793 554/554/793
f 542/542/547 539/2619/547 556/4701/547
f 578/578/548 559/2921/548 577/4343/548
f 562/2923/1 571/2925/1 557/4702/1
f 562/2923/1 557/4702/1 580/3344/1
f 570/570/792 575/3541/792 558/558/792
f 565/4703/797 569/4704/797 561/4705/797
f 563/563/793 560/4706/793 579/4707/793
f 563/563/793 579/4707/793 566/566/793
f 565/4703/797 572/4191/797 569/4704/797
f 573/573/547 564/4708/547 568/4709/547
f 573/573/547 568/4709/547 576/576/547
f 578/578/548 577/4343/548 567/4015/548
f 570/570/792 574/4710/792 575/3541/792
f 582/2927/1 598/4711/1 594/3813/1
f 582/2927/1 599/4712/1 598/4711/1
f 592/592/793 583/4713/793 593/4714/793
f 591/4715/797 600/4716/797 581/4717/797
f 591/4715/797 584/3347/797 600/4716/797
f 585/585/547 590/2931/547 589/4718/547
f 601/601/792 586/4719/792 604/4345/792
f 585/585/547 589/4718/547 602/602/547
f 595/595/548 603/3543/548 588/2929/548
f 592/592/793 593/4714/793 587/587/793
f 595/595/548 597/4017/548 603/3543/548
f 601/601/792 604/4345/792 596/596/792
f 622/4720/797 619/4721/797 606/4722/797
f 607/2935/1 618/2937/1 611/4723/1
f 620/620/793 605/4724/793 625/4725/793
f 607/2935/1 611/4723/1 623/3349/1
f 616/616/547 610/4726/547 627/627/547
f 616/616/547 621/4727/547 610/4726/547
f 620/620/793 625/4725/793 608/608/793
f 624/624/548 628/4347/548 609/4018/548
f 624/624/548 613/2933/548 628/4347/548
f 617/617/792 626/3546/792 612/612/792
f 622/4720/797 615/2753/797 619/4721/797
f 617/617/792 614/4728/792 626/3546/792
f 633/2943/797 629/2942/797 636/4729/797
f 630/630/547 632/4730/547 650/4731/547
f 637/637/792 631/3351/792 648/4350/792
f 630/630/547 650/4731/547 649/649/547
f 633/2943/797 636/4729/797 638/2938/797
f 634/634/793 640/3817/793 643/643/793
f 634/634/793 643/643/793 651/651/793
f 639/639/1 635/4732/1 645/4733/1
f 637/637/792 648/4350/792 646/646/792
f 639/639/1 645/4733/1 641/3816/1
f 642/2779/548 644/2778/548 647/2672/548
f 642/2779/548 647/2672/548 652/2671/548
f 654/654/547 658/4734/547 675/675/547
f 654/654/547 660/4735/547 658/4734/547
f 666/666/792 655/4193/792 674/3552/792
f 661/4736/797 653/3548/797 665/2946/797
f 659/659/793 669/669/793 656/656/793
f 668/2675/548 676/4737/548 657/4351/548
f 661/4736/797 665/2946/797 663/2945/797
f 659/659/793 662/2620/793 669/669/793
f 664/664/1 667/4738/1 671/4739/1
f 664/664/1 671/4739/1 670/3353/1
f 666/666/792 674/3552/792 672/672/792
f 668/2675/548 673/2674/548 676/4737/548
f 693/2952/797 677/2951/797 684/4740/797
f 678/678/547 692/4741/547 682/4742/547
f 685/685/792 679/3354/792 686/2781/792
f 678/678/547 682/4742/547 687/687/547
f 700/4743/548 688/4744/548 681/3553/548
f 694/694/793 698/698/793 680/680/793
f 693/2952/797 684/4740/797 695/2947/797
f 696/696/1 683/4745/1 690/4746/1
f 685/685/792 686/2781/792 691/691/792
f 700/4743/548 689/4019/548 688/4744/548
f 696/696/1 690/4746/1 699/3818/1
f 694/694/793 697/3819/793 698/698/793
f 709/4747/797 716/2959/797 702/2958/797
f 703/703/1 718/4748/1 715/4749/1
f 707/707/793 701/2956/793 720/720/793
f 703/703/1 715/4749/1 721/3356/1
f 705/705/547 724/4750/547 711/711/547
f 705/705/547 708/4751/547 724/4750/547
f 717/717/792 706/4195/792 710/2677/792
f 709/4747/797 704/3556/797 716/2959/797
f 707/707/793 720/720/793 722/722/793
f 719/4752/548 714/2953/548 712/4753/548
f 719/4752/548 712/4753/548 723/4354/548
f 717/717/792 710/2677/792 713/713/792
f 745/745/1 727/4754/1 732/3820/1
f 733/4755/548 726/4022/548 747/4756/548
f 745/745/1 734/4757/1 727/4754/1
f 736/736/792 748/4358/792 725/725/792
f 733/4755/548 747/4756/548 729/3559/548
f 738/738/547 741/4758/547 730/4759/547
f 738/738/547 730/4759/547 746/746/547
f 740/740/793 731/731/793 728/728/793
f 740/740/793 743/2704/793 731/731/793
f 742/2965/797 735/4760/797 744/2960/797
f 742/2965/797 737/2964/797 735/4760/797
f 736/736/792 739/3357/792 748/4358/792
f 749/4761/548 766/2966/548 757/4762/548
f 752/752/793 758/2969/793 750/750/793
f 760/760/1 764/4763/1 751/3359/1
f 749/4761/548 757/4762/548 771/4359/548
f 752/752/793 750/750/793 770/770/793
f 754/4764/797 761/3562/797 767/2972/797
f 762/762/547 753/4765/547 772/4766/547
f 754/4764/797 767/2972/797 759/2971/797
f 768/768/792 755/3566/792 765/765/792
f 762/762/547 772/4766/547 756/756/547
f 768/768/792 763/4197/792 755/3566/792
f 760/760/1 769/4767/1 764/4763/1
f 774/774/1 777/4768/1 779/3821/1
f 774/774/1 794/4769/1 777/4768/1
f 787/787/793 775/3822/793 781/781/793
f 786/2978/797 795/4770/797 773/2973/797
f 780/4771/548 776/2734/548 792/4772/548
f 796/796/792 793/4363/792 778/778/792
f 787/787/793 781/781/793 782/782/793
f 780/4771/548 792/4772/548 783/3567/548
f 790/790/547 785/4773/547 784/4774/547
f 790/790/547 784/4774/547 791/791/547
f 786/2978/797 789/2977/797 795/4770/797
f 796/796/792 788/3360/792 793/4363/792
f 799/799/1 801/4775/1 815/3362/1
f 807/4776/797 812/2985/797 798/2984/797
f 799/799/1 814/4777/1 801/4775/1
f 808/808/793 797/2982/793 817/817/793
f 813/813/792 818/3574/792 802/802/792
f 816/4778/548 800/2979/548 820/4779/548
f 804/804/547 811/4780/547 819/819/547
f 804/804/547 806/4781/547 811/4780/547
f 813/813/792 805/4199/792 818/3574/792
f 807/4776/797 803/3570/797 812/2985/797
f 808/808/793 817/817/793 809/809/793
f 816/4778/548 820/4779/548 810/4364/548
f 825/825/1 823/4782/1 843/3823/1
f 844/4783/548 822/4025/548 840/4784/548
f 825/825/1 836/4785/1 823/4782/1
f 838/838/792 841/4368/792 821/821/792
f 835/835/793 826/3824/793 842/842/793
f 834/2991/797 837/4786/797 824/2986/797
f 844/4783/548 840/4784/548 828/3575/548
f 831/831/547 833/4787/547 829/4788/547
f 831/831/547 829/4788/547 839/839/547
f 835/835/793 842/842/793 827/827/793
f 834/2991/797 830/2990/797 837/4786/797
f 838/838/792 832/3363/792 841/4368/792
f 846/846/547 868/4789/547 864/864/547
f 846/846/547 849/4790/547 868/4789/547
f 852/852/792 847/4201/792 863/4791/792
f 850/4792/797 845/3578/797 851/2995/797
f 848/848/793 859/859/793 866/866/793
f 848/848/793 854/2992/793 859/859/793
f 850/4792/797 851/2995/797 855/2994/797
f 856/856/1 853/4793/1 860/4794/1
f 852/852/792 863/4791/792 861/861/792
f 856/856/1 860/4794/1 857/3365/1
f 858/2680/548 865/4795/548 867/4369/548
f 858/2680/548 862/2679/548 865/4795/548
f 885/885/1 871/4796/1 888/3825/1
f 889/4797/548 870/4028/548 873/4798/548
f 885/885/1 878/4799/1 871/4796/1
f 880/880/792 874/4373/792 869/869/792
f 880/880/792 883/3366/792 874/4373/792
f 882/882/547 892/4800/547 872/872/547
f 889/4797/548 873/4798/548 891/3581/548
f 876/3001/797 879/4801/797 884/2996/797
f 876/3001/797 881/3000/797 879/4801/797
f 877/877/793 886/3826/793 887/887/793
f 877/877/793 887/887/793 890/890/793
f 882/882/547 875/4802/547 892/4800/547
f 894/894/547 901/4803/547 897/897/547
f 894/894/547 903/4804/547 901/4803/547
f 907/907/792 895/4203/792 896/3588/792
f 904/4805/797 893/3584/797 906/2623/797
f 907/907/792 896/3588/792 912/912/792
f 914/4806/548 913/3002/548 898/4807/548
f 914/4806/548 898/4807/548 900/4374/548
f 902/902/793 915/915/793 899/899/793
f 904/4805/797 906/2623/797 910/2622/797
f 902/902/793 909/2796/793 915/915/793
f 908/908/1 905/4808/1 911/4809/1
f 908/908/1 911/4809/1 916/3368/1
f 930/3010/797 918/4810/797 926/3005/797
f 930/3010/797 935/3009/797 918/4810/797
f 927/927/1 917/4811/1 940/4812/1
f 919/919/792 937/3369/792 925/4378/792
f 919/919/792 925/4378/792 938/938/792
f 934/4813/548 924/4814/548 921/3589/548
f 936/936/547 929/4815/547 922/4816/547
f 936/936/547 922/4816/547 923/923/547
f 931/931/793 932/932/793 920/920/793
f 934/4813/548 939/4031/548 924/4814/548
f 927/927/1 940/4812/1 933/3827/1
f 931/931/793 928/3828/793 932/932/793
f 952/4817/797 944/4818/797 943/2737/797
f 950/950/793 942/3014/793 956/956/793
f 941/941/1 947/4819/1 957/3371/1
f 941/941/1 946/4820/1 947/4819/1
f 945/945/792 953/3596/792 948/948/792
f 952/4817/797 962/3592/797 944/4818/797
f 945/945/792 964/4205/792 953/3596/792
f 958/4821/548 949/3011/548 955/4822/548
f 950/950/793 956/956/793 961/961/793
f 963/963/547 951/4823/547 960/4824/547
f 963/963/547 960/4824/547 954/954/547
f 958/4821/548 955/4822/548 959/4379/548
f 966/966/1 984/4825/1 980/3829/1
f 966/966/1 968/4826/1 984/4825/1
f 976/976/793 967/3830/793 982/982/793
f 975/2626/797 969/4827/797 965/3015/797
f 975/2626/797 977/2625/797 969/4827/797
f 970/970/792 979/3372/792 973/4383/792
f 970/970/792 973/4383/792 985/985/792
f 978/978/547 988/4828/547 971/971/547
f 981/2784/548 983/2783/548 972/4829/548
f 981/2784/548 972/4829/548 987/3597/548
f 976/976/793 982/982/793 986/986/793
f 978/978/547 974/4830/547 988/4828/547
f 1009/4831/548 991/3018/548 994/4832/548
f 1004/1004/1 1001/4833/1 989/4834/1
f 1004/1004/1 989/4834/1 1008/3374/1
f 1003/1003/792 992/3604/792 990/990/792
f 996/996/547 1011/4835/547 993/993/547
f 1009/4831/548 994/4832/548 1010/4384/548
f 1003/1003/792 997/4207/792 992/3604/792
f 996/996/547 999/4836/547 1011/4835/547
f 1000/4837/797 995/3600/797 1002/2629/797
f 1000/4837/797 1002/2629/797 1006/2628/797
f 998/998/793 1007/1007/793 1012/1012/793
f 998/998/793 1005/2797/793 1007/1007/793
f 1014/1014/1 1018/4838/1 1026/3831/1
f 1014/1014/1 1034/4839/1 1018/4838/1
f 1033/1033/793 1015/3832/793 1025/1025/793
f 1032/3026/797 1035/4840/797 1013/3021/797
f 1027/4841/548 1017/4034/548 1029/4842/548
f 1036/1036/792 1030/4388/792 1016/1016/792
f 1027/4841/548 1029/4842/548 1020/3605/548
f 1023/1023/547 1031/4843/547 1021/4844/547
f 1023/1023/547 1021/4844/547 1028/1028/547
f 1033/1033/793 1025/1025/793 1019/1019/793
f 1032/3026/797 1022/3025/797 1035/4840/797
f 1036/1036/792 1024/3375/792 1030/4388/792
f 1054/4845/797 1037/3030/797 1050/3029/797
f 1051/1051/1 1039/4846/1 1058/4847/1
f 1038/1038/792 1048/3612/792 1059/1059/792
f 1054/4845/797 1041/3608/797 1037/3030/797
f 1038/1038/792 1040/4209/792 1048/3612/792
f 1042/1042/547 1044/4848/547 1046/1046/547
f 1042/1042/547 1053/4849/547 1044/4848/547
f 1052/1052/793 1056/1056/793 1045/1045/793
f 1055/2683/548 1047/4850/548 1043/2785/548
f 1055/2683/548 1060/2682/548 1047/4850/548
f 1052/1052/793 1049/3027/793 1056/1056/793
f 1051/1051/1 1058/4847/1 1057/3377/1
f 1077/3036/797 1062/4851/797 1073/3031/797
f 1077/3036/797 1067/3035/797 1062/4851/797
f 1074/1074/1 1061/4852/1 1066/4853/1
f 1063/1063/792 1069/3378/792 1084/4390/792
f 1063/1063/792 1084/4390/792 1064/1064/792
f 1074/1074/1 1066/4853/1 1080/3833/1
f 1081/4854/548 1065/4037/548 1083/4855/548
f 1068/1068/547 1076/4856/547 1072/4857/547
f 1068/1068/547 1072/4857/547 1082/1082/547
f 1081/4854/548 1083/4855/548 1071/3613/548
f 1078/1078/793 1079/1079/793 1070/1070/793
f 1078/1078/793 1075/3834/793 1079/1079/793
f 1086/1086/547 1093/4858/547 1095/1095/547
f 1086/1086/547 1090/4859/547 1093/4858/547
f 1101/1101/792 1087/4211/792 1094/3617/792
f 1088/4860/797 1085/2684/797 1100/3043/797
f 1089/1089/793 1098/1098/793 1091/1091/793
f 1089/1089/793 1103/3040/793 1098/1098/793
f 1088/4860/797 1100/3043/797 1104/3042/797
f 1097/4861/548 1096/4862/548 1092/4391/548
f 1101/1101/792 1094/3617/792 1107/1107/792
f 1097/4861/548 1108/3037/548 1096/4862/548
f 1105/1105/1 1106/4863/1 1099/3380/1
f 1105/1105/1 1102/4864/1 1106/4863/1
f 1128/1128/1 1111/4865/1 1119/3835/1
f 1120/4866/548 1110/4040/548 1131/4867/548
f 1128/1128/1 1124/4868/1 1111/4865/1
f 1126/1126/792 1132/4395/792 1109/1109/792
f 1116/3049/797 1112/3048/797 1125/4869/797
f 1113/1113/547 1115/4870/547 1122/4871/547
f 1126/1126/792 1114/3381/792 1132/4395/792
f 1113/1113/547 1122/4871/547 1130/1130/547
f 1117/1117/793 1118/1118/793 1123/1123/793
f 1116/3049/797 1125/4869/797 1127/3044/797
f 1117/1117/793 1129/3836/793 1118/1118/793
f 1120/4866/548 1131/4867/548 1121/3618/548
f 1138/4872/797 1144/3056/797 1134/3055/797
f 1135/1135/1 1143/4873/1 1148/4874/1
f 1136/1136/793 1133/3053/793 1151/1151/793
f 1135/1135/1 1148/4874/1 1152/3383/1
f 1136/1136/793 1151/1151/793 1156/1156/793
f 1138/4872/797 1146/3621/797 1144/3056/797
f 1147/1147/547 1137/4875/547 1155/4876/547
f 1142/1142/792 1139/3625/792 1149/1149/792
f 1153/4877/548 1150/3050/548 1141/4878/548
f 1147/1147/547 1155/4876/547 1140/1140/547
f 1153/4877/548 1141/4878/548 1154/4396/548
f 1142/1142/792 1145/2788/792 1139/3625/792
f 1162/1162/548 1170/1170/548 1158/1158/548
f 1167/2708/547 1173/4879/547 1159/4880/547
f 1167/2708/547 1159/4880/547 1169/2706/547
f 1172/4452/793 1160/4881/793 1157/4450/793
f 1177/4882/1 1180/4883/1 1161/4884/1
f 1162/1162/548 1179/1179/548 1170/1170/548
f 1172/4452/793 1175/3838/793 1160/4881/793
f 1163/3386/792 1171/4885/792 1178/3384/792
f 1163/3386/792 1168/4886/792 1171/4885/792
f 1174/1174/797 1165/1165/797 1176/1176/797
f 1174/1174/797 1166/1166/797 1165/1165/797
f 1177/4882/1 1164/4887/1 1180/4883/1
f 1202/4045/548 1183/3627/548 1201/3629/548
f 1186/1186/1 1197/3063/1 1181/3057/1
f 1186/1186/1 1181/3057/1 1204/1204/1
f 1196/1196/792 1199/4888/792 1182/1182/792
f 1192/3061/797 1198/4889/797 1185/3059/797
f 1190/1190/793 1184/4890/793 1203/4891/793
f 1195/1195/547 1189/4399/547 1200/1200/547
f 1195/1195/547 1191/4892/547 1189/4399/547
f 1190/1190/793 1203/4891/793 1187/1187/793
f 1202/4045/548 1201/3629/548 1188/4043/548
f 1192/3061/797 1194/2756/797 1198/4889/797
f 1196/1196/792 1193/4893/792 1199/4888/792
f 1206/3065/1 1210/4894/1 1218/3840/1
f 1206/3065/1 1223/4895/1 1210/4894/1
f 1222/1222/793 1207/4896/793 1217/4897/793
f 1221/4898/797 1224/4899/797 1205/4900/797
f 1219/1219/548 1209/4047/548 1227/3630/548
f 1225/1225/792 1228/4401/792 1208/1208/792
f 1212/1212/547 1216/4901/547 1226/1226/547
f 1212/1212/547 1220/3069/547 1216/4901/547
f 1225/1225/792 1213/4902/792 1228/4401/792
f 1221/4898/797 1211/3388/797 1224/4899/797
f 1222/1222/793 1217/4897/793 1214/1214/793
f 1219/1219/548 1227/3630/548 1215/3067/548
f 1243/4903/797 1247/4904/797 1230/4905/797
f 1231/3071/1 1249/3073/1 1232/4906/1
f 1241/1241/793 1229/4907/793 1236/4908/793
f 1231/3071/1 1232/4906/1 1237/3390/1
f 1235/1235/548 1234/2631/548 1252/4403/548
f 1248/1248/792 1250/3633/792 1233/1233/792
f 1235/1235/548 1252/4403/548 1239/4048/548
f 1241/1241/793 1236/4908/793 1238/1238/793
f 1245/1245/547 1240/4909/547 1251/1251/547
f 1245/1245/547 1242/4910/547 1240/4909/547
f 1243/4903/797 1244/4214/797 1247/4904/797
f 1248/1248/792 1246/4911/792 1250/3633/792
f 1254/1254/797 1266/1266/797 1268/1268/797
f 1254/1254/797 1260/1260/797 1266/1266/797
f 1255/3848/793 1270/3847/793 1273/3076/793
f 1255/3848/793 1273/3076/793 1256/3075/793
f 1261/2711/547 1253/4454/547 1258/4912/547
f 1272/1272/548 1263/1263/548 1257/1257/548
f 1261/2711/547 1258/4912/547 1262/2709/547
f 1267/4913/792 1259/3395/792 1264/4407/792
f 1267/4913/792 1264/4407/792 1276/4406/792
f 1272/1272/548 1274/1274/548 1263/1263/548
f 1269/3845/1 1265/3393/1 1275/4914/1
f 1269/3845/1 1275/4914/1 1271/3843/1
f 1278/3079/547 1282/4051/547 1290/4050/547
f 1278/3079/547 1297/3078/547 1282/4051/547
f 1288/1288/792 1279/1279/792 1289/1289/792
f 1295/4218/797 1277/3850/797 1287/4915/797
f 1296/1296/793 1285/1285/793 1280/1280/793
f 1284/3640/548 1291/2634/548 1281/3638/548
f 1284/3640/548 1293/2632/548 1291/2634/548
f 1296/1296/793 1300/1300/793 1285/1285/793
f 1299/3637/1 1294/4916/1 1283/3080/1
f 1295/4218/797 1287/4915/797 1298/4216/797
f 1299/3637/1 1286/3636/1 1294/4916/1
f 1288/1288/792 1289/1289/792 1292/1292/792
f 1304/1304/548 1301/1301/548 1322/1322/548
f 1312/3400/1 1302/4917/1 1306/3398/1
f 1312/3400/1 1314/3853/1 1302/4917/1
f 1313/2637/792 1323/4054/792 1303/4053/792
f 1319/3406/793 1310/3405/793 1305/4410/793
f 1304/1304/548 1322/1322/548 1307/1307/548
f 1319/3406/793 1305/4410/793 1309/4409/793
f 1317/3403/547 1308/4918/547 1324/3401/547
f 1317/3403/547 1320/4220/547 1308/4918/547
f 1321/1321/797 1315/1315/797 1311/1311/797
f 1321/1321/797 1316/1316/797 1315/1315/797
f 1313/2637/792 1318/2636/792 1323/4054/792
f 1343/4919/797 1329/4920/797 1325/2687/797
f 1326/4921/1 1328/4922/1 1348/4923/1
f 1326/4921/1 1348/4923/1 1331/4924/1
f 1344/3409/793 1327/4223/793 1333/3642/793
f 1343/4919/797 1334/3083/797 1329/4920/797
f 1330/3857/792 1336/3859/792 1340/3087/792
f 1330/3857/792 1340/3087/792 1346/3855/792
f 1332/3091/548 1342/4925/548 1338/4055/548
f 1332/3091/548 1347/3090/548 1342/4925/548
f 1344/3409/793 1333/3642/793 1337/3407/793
f 1335/4926/547 1339/4927/547 1341/4928/547
f 1335/4926/547 1345/4929/547 1339/4927/547
f 1361/1361/793 1349/4930/793 1372/4931/793
f 1351/3412/1 1353/4932/1 1370/3410/1
f 1363/4058/797 1369/3095/797 1350/1350/797
f 1351/3412/1 1368/3863/1 1353/4932/1
f 1367/4933/792 1365/4059/792 1354/1354/792
f 1371/1371/548 1352/3645/548 1364/1364/548
f 1356/3415/547 1359/4934/547 1366/3413/547
f 1363/4058/797 1355/1355/797 1369/3095/797
f 1367/4933/792 1357/4935/792 1365/4059/792
f 1356/3415/547 1362/4228/547 1359/4934/547
f 1361/1361/793 1372/4931/793 1360/4936/793
f 1371/1371/548 1364/1364/548 1358/3093/548
f 1374/3870/547 1381/4937/547 1383/3868/547
f 1374/3870/547 1385/4938/547 1381/4937/547
f 1390/3867/792 1375/4939/792 1382/4940/792
f 1386/1386/797 1373/1373/797 1389/1389/797
f 1377/4232/1 1394/4941/1 1391/4230/1
f 1377/4232/1 1388/4942/1 1394/4941/1
f 1387/3419/793 1378/4943/793 1393/4944/793
f 1386/1386/797 1389/1389/797 1376/1376/797
f 1387/3419/793 1393/4944/793 1379/3417/793
f 1392/1392/548 1384/1384/548 1380/1380/548
f 1392/1392/548 1396/1396/548 1384/1384/548
f 1390/3867/792 1382/4940/792 1395/3865/792
f 1402/3422/1 1398/4945/1 1406/3420/1
f 1415/3873/792 1413/4946/792 1399/3871/792
f 1407/1407/548 1397/1397/548 1412/1412/548
f 1402/3422/1 1416/4947/1 1398/4945/1
f 1409/4235/793 1400/4948/793 1408/4949/793
f 1411/1411/797 1417/1417/797 1401/1401/797
f 1407/1407/548 1412/1412/548 1403/1403/548
f 1419/3425/547 1404/4950/547 1414/3423/547
f 1419/3425/547 1410/4951/547 1404/4950/547
f 1409/4235/793 1408/4949/793 1405/4233/793
f 1411/1411/797 1418/1418/797 1417/1417/797
f 1415/3873/792 1420/4952/792 1413/4946/792
f 1425/1425/548 1422/1422/548 1440/1440/548
f 1437/4238/1 1423/4953/1 1424/4236/1
f 1437/4238/1 1427/4954/1 1423/4953/1
f 1429/3876/792 1441/4955/792 1421/3874/792
f 1425/1425/548 1440/1440/548 1442/1442/548
f 1431/3428/793 1438/4956/793 1426/4957/793
f 1431/3428/793 1426/4957/793 1444/3426/793
f 1430/1430/797 1428/1428/797 1436/1436/797
f 1430/1430/797 1433/1433/797 1428/1428/797
f 1429/3876/792 1435/4958/792 1441/4955/792
f 1434/3879/547 1432/4959/547 1443/4960/547
f 1434/3879/547 1443/4960/547 1439/3877/547
f 1450/2648/1 1446/4961/1 1451/2646/1
f 1460/3882/792 1467/4962/792 1447/3880/792
f 1452/1452/548 1445/1445/548 1466/1466/548
f 1450/2648/1 1461/4963/1 1446/4961/1
f 1456/2760/793 1448/4964/793 1453/4965/793
f 1455/1455/797 1462/1462/797 1449/1449/797
f 1452/1452/548 1466/1466/548 1458/1458/548
f 1456/2760/793 1453/4965/793 1457/2758/793
f 1455/1455/797 1463/1463/797 1462/1462/797
f 1464/3431/547 1454/4966/547 1459/4967/547
f 1464/3431/547 1459/4967/547 1468/3429/547
f 1460/3882/792 1465/4968/792 1467/4962/792
f 1470/4241/1 1483/4969/1 1487/4239/1
f 1470/4241/1 1478/4970/1 1483/4969/1
f 1476/3434/793 1471/4971/793 1489/4972/793
f 1475/1475/797 1479/1479/797 1469/1469/797
f 1485/3885/547 1474/4973/547 1491/3883/547
f 1485/3885/547 1477/4974/547 1474/4973/547
f 1476/3434/793 1489/4972/793 1472/3432/793
f 1488/1488/548 1492/1492/548 1473/1473/548
f 1475/1475/797 1484/1484/797 1479/1479/797
f 1480/2800/792 1490/4975/792 1481/2798/792
f 1480/2800/792 1486/4976/792 1490/4975/792
f 1488/1488/548 1482/1482/548 1492/1492/548
f 1511/4244/793 1493/4977/793 1501/4978/793
f 1495/2651/1 1497/4979/1 1499/2649/1
f 1513/1513/797 1507/1507/797 1494/1494/797
f 1495/2651/1 1506/4980/1 1497/4979/1
f 1505/3888/792 1509/4981/792 1498/3886/792
f 1500/1500/548 1496/1496/548 1508/1508/548
f 1500/1500/548 1508/1508/548 1514/1514/548
f 1511/4244/793 1501/4978/793 1516/4242/793
f 1513/1513/797 1502/1502/797 1507/1507/797
f 1505/3888/792 1504/4982/792 1509/4981/792
f 1503/3437/547 1515/4983/547 1510/3435/547
f 1503/3437/547 1512/4984/547 1515/4983/547
f 1536/1536/548 1518/1518/548 1527/1527/548
f 1530/4247/1 1519/4985/1 1535/4245/1
f 1530/4247/1 1532/4986/1 1519/4985/1
f 1534/3891/792 1528/4987/792 1517/3889/792
f 1520/1520/797 1524/1524/797 1533/1533/797
f 1525/2714/547 1522/4988/547 1540/4989/547
f 1521/3440/793 1537/4990/793 1538/3438/793
f 1520/1520/797 1533/1533/797 1529/1529/797
f 1521/3440/793 1531/4991/793 1537/4990/793
f 1534/3891/792 1523/4992/792 1528/4987/792
f 1525/2714/547 1540/4989/547 1526/2712/547
f 1536/1536/548 1527/1527/548 1539/1539/548
f 1550/4250/793 1541/4993/793 1564/4994/793
f 1543/3443/1 1558/4995/1 1562/3441/1
f 1552/1552/797 1555/1555/797 1542/1542/797
f 1543/3443/1 1554/4996/1 1558/4995/1
f 1552/1552/797 1544/1544/797 1555/1555/797
f 1553/3894/792 1546/4997/792 1559/4998/792
f 1545/3446/547 1548/4999/547 1560/3444/547
f 1545/3446/547 1551/5000/547 1548/4999/547
f 1563/1563/548 1561/1561/548 1547/1547/548
f 1550/4250/793 1564/4994/793 1549/4248/793
f 1553/3894/792 1559/4998/792 1556/3892/792
f 1563/1563/548 1557/1557/548 1561/1561/548
f 1566/3649/548 1582/3098/548 1575/3647/548
f 1566/3649/548 1587/3096/548 1582/3098/548
f 1572/3449/793 1585/4252/793 1567/5001/793
f 1572/3449/793 1567/5001/793 1574/3447/793
f 1584/1584/1 1588/1588/1 1565/1565/1
f 1571/4256/797 1568/3902/797 1578/5002/797
f 1569/1569/547 1573/1573/547 1576/1576/547
f 1569/1569/547 1576/1576/547 1581/1581/547
f 1579/3897/792 1570/3899/792 1580/5003/792
f 1571/4256/797 1578/5002/797 1583/4254/797
f 1584/1584/1 1577/1577/1 1588/1588/1
f 1579/3897/792 1580/5003/792 1586/3895/792
f 1594/3452/1 1590/5004/1 1601/3450/1
f 1607/3101/792 1611/4063/792 1591/4062/792
f 1602/1602/548 1589/1589/548 1610/1610/548
f 1594/3452/1 1608/3905/1 1590/5004/1
f 1604/3458/793 1592/3457/793 1603/4413/793
f 1606/1606/797 1609/1609/797 1593/1593/797
f 1602/1602/548 1610/1610/548 1595/1595/548
f 1599/3455/547 1596/5005/547 1612/3453/547
f 1599/3455/547 1605/4258/547 1596/5005/547
f 1604/3458/793 1603/4413/793 1597/4412/793
f 1606/1606/797 1598/1598/797 1609/1609/797
f 1607/3101/792 1600/3100/792 1611/4063/792
f 1614/5006/548 1630/5007/548 1620/5008/548
f 1614/5006/548 1632/5009/548 1630/5007/548
f 1622/1622/793 1625/1625/793 1615/1615/793
f 1622/1622/793 1615/1615/793 1619/1619/793
f 1627/3652/1 1633/5010/1 1613/3105/1
f 1617/3104/547 1621/4066/547 1629/4065/547
f 1617/3104/547 1623/3103/547 1621/4066/547
f 1636/1636/792 1618/1618/792 1628/1628/792
f 1624/5011/797 1616/5012/797 1635/5013/797
f 1624/5011/797 1635/5013/797 1626/5014/797
f 1627/3652/1 1634/3651/1 1633/5010/1
f 1636/1636/792 1628/1628/792 1631/1631/792
f 1642/1642/793 1637/1637/793 1660/1660/793
f 1639/5015/1 1654/3655/1 1658/3654/1
f 1641/5016/797 1657/5017/797 1638/5018/797
f 1639/5015/1 1656/3656/1 1654/3655/1
f 1642/1642/793 1660/1660/793 1643/1643/793
f 1641/5016/797 1646/5019/797 1657/5017/797
f 1647/4069/547 1640/4068/547 1645/3110/547
f 1647/4069/547 1645/3110/547 1650/3109/547
f 1659/5020/548 1651/5021/548 1644/5022/548
f 1655/1655/792 1648/1648/792 1649/1649/792
f 1659/5020/548 1653/5023/548 1651/5021/548
f 1655/1655/792 1649/1649/792 1652/1652/792
f 1681/2717/548 1662/3111/548 1675/3113/548
f 1677/1677/1 1663/1663/1 1680/1680/1
f 1677/1677/1 1670/1670/1 1663/1663/1
f 1672/3909/792 1673/5024/792 1661/3907/792
f 1665/1665/547 1683/1683/547 1674/1674/547
f 1665/1665/547 1669/1669/547 1683/1683/547
f 1672/3909/792 1666/3911/792 1673/5024/792
f 1667/4265/797 1664/3914/797 1671/5025/797
f 1668/3461/793 1679/5026/793 1684/3459/793
f 1667/4265/797 1671/5025/797 1676/4263/797
f 1668/3461/793 1678/4261/793 1679/5026/793
f 1681/2717/548 1675/3113/548 1682/2715/548
f 1686/3467/547 1689/5027/547 1706/3465/547
f 1696/1696/797 1685/1685/797 1698/1698/797
f 1699/3116/792 1687/3115/792 1708/4072/792
f 1686/3467/547 1695/4267/547 1689/5027/547
f 1694/2654/793 1705/4416/793 1690/4415/793
f 1704/1704/548 1707/1707/548 1688/1688/548
f 1702/3464/1 1692/5028/1 1703/3462/1
f 1699/3116/792 1708/4072/792 1693/4071/792
f 1704/1704/548 1691/1691/548 1707/1707/548
f 1702/3464/1 1697/3917/1 1692/5028/1
f 1696/1696/797 1698/1698/797 1701/1701/797
f 1694/2654/793 1700/2653/793 1705/4416/793
f 1710/3661/1 1712/2791/1 1715/2790/1
f 1710/3661/1 1718/3660/1 1712/2791/1
f 1722/1722/793 1711/1711/793 1717/1717/793
f 1721/5029/797 1719/5030/797 1709/5031/797
f 1716/5032/548 1714/5033/548 1729/5034/548
f 1720/1720/792 1727/1727/792 1713/1713/792
f 1716/5032/548 1729/5034/548 1731/5035/548
f 1722/1722/793 1717/1717/793 1730/1730/793
f 1721/5029/797 1724/5036/797 1719/5030/797
f 1720/1720/792 1726/1726/792 1727/1727/792
f 1725/5037/547 1723/2690/547 1732/4075/547
f 1725/5037/547 1732/4075/547 1728/4074/547
f 1738/5038/1 1734/3664/1 1743/3663/1
f 1754/1754/792 1753/1753/792 1735/1735/792
f 1744/5039/548 1733/5040/548 1752/5041/548
f 1738/5038/1 1755/3665/1 1734/3664/1
f 1739/1739/793 1736/1736/793 1742/1742/793
f 1741/5042/797 1756/5043/797 1737/5044/797
f 1739/1739/793 1742/1742/793 1745/1745/793
f 1741/5042/797 1749/5045/797 1756/5043/797
f 1750/4078/547 1740/4077/547 1747/3119/547
f 1744/5039/548 1752/5041/548 1746/5046/548
f 1750/4078/547 1747/3119/547 1751/3118/547
f 1754/1754/792 1748/1748/792 1753/1753/792
f 1759/3124/548 1762/1762/548 1764/3674/548
f 1759/3124/548 1788/5047/548 1762/1762/548
f 1757/5048/1044 1780/1780/1044 1804/5049/1044
f 1757/5048/1044 1771/1771/1044 1780/1780/1044
f 1759/3124/548 1768/5050/548 1769/5051/548
f 1759/3124/548 1795/5052/548 1788/5047/548
f 1759/3124/548 1799/5053/548 1795/5052/548
f 1759/3124/548 1764/3674/548 1768/5050/548
f 1800/1800/1045 1758/1758/1045 1803/1803/1045
f 1765/1765/1046 1761/3923/1046 1784/5054/1046
f 1760/5055/1047 1774/1774/1047 1785/5056/1047
f 1760/5055/1047 1787/1787/1047 1774/1774/1047
f 1766/2801/1048 1763/1763/1048 1783/1783/1048
f 1765/1765/1046 1784/5054/1046 1781/1781/1046
f 1766/2801/1048 1783/1783/1048 1775/5057/1048
f 1770/1770/1049 1767/1767/1049 1777/1777/1049
f 1770/1770/1049 1777/1777/1049 1778/1778/1049
f 1789/1789/1050 1792/5058/1050 1772/1772/1050
f 1779/3670/797 1786/1786/797 1773/3675/797
f 1779/3670/797 1773/3675/797 1791/1791/797
f 1779/3670/797 1776/3672/797 1782/5059/797
f 1779/3670/797 1798/5060/797 1802/5061/797
f 1779/3670/797 1791/1791/797 1798/5060/797
f 1779/3670/797 1782/5059/797 1786/1786/797
f 1789/1789/1050 1794/1794/1050 1792/5058/1050
f 1793/3919/1051 1796/1796/1051 1790/5062/1051
f 1793/3919/1051 1801/1801/1051 1796/1796/1051
f 1800/1800/1045 1803/1803/1045 1797/1797/1045
f 1841/3135/1051 1807/1807/1051 1845/1845/1051
f 1806/1806/1045 1850/1850/1045 1846/1846/1045
f 1806/1806/1045 1818/1818/1045 1850/1850/1045
f 1819/4081/548 1805/5063/548 1843/5064/548
f 1819/4081/548 1810/5065/548 1812/1812/548
f 1813/5066/1047 1809/1809/1047 1826/1826/1047
f 1819/4081/548 1843/5064/548 1810/5065/548
f 1808/1808/1050 1842/1842/1050 1847/5067/1050
f 1808/1808/1050 1847/5067/1050 1827/1827/1050
f 1814/1814/1046 1811/4458/1046 1840/3678/1046
f 1819/4081/548 1812/1812/548 1816/5068/548
f 1813/5066/1047 1826/1826/1047 1838/5069/1047
f 1819/4081/548 1816/5068/548 1837/5070/548
f 1835/3131/1048 1815/1815/1048 1820/1820/1048
f 1814/1814/1046 1840/3678/1046 1821/1821/1046
f 1819/4081/548 1837/5070/548 1829/5071/548
f 1817/5072/1044 1825/1825/1044 1851/5073/1044
f 1817/5072/1044 1831/1831/1044 1825/1825/1044
f 1824/3129/797 1822/5074/797 1839/1839/797
f 1824/3129/797 1832/5075/797 1822/5074/797
f 1835/3131/1048 1820/1820/1048 1834/3469/1048
f 1824/3129/797 1849/1849/797 1844/5076/797
f 1824/3129/797 1828/3133/797 1849/1849/797
f 1824/3129/797 1839/1839/797 1828/3133/797
f 1824/3129/797 1844/5076/797 1852/5077/797
f 1830/1830/1049 1833/1833/1049 1823/1823/1049
f 1830/1830/1049 1836/1836/1049 1833/1833/1049
f 1841/3135/1051 1845/1845/1051 1848/5078/1051
f 1854/1854/1 1867/3143/1 1871/1871/1
f 1854/1854/1 1862/5079/1 1867/3143/1
f 1857/1857/793 1855/5080/793 1873/5081/793
f 1856/4271/797 1863/5082/797 1853/4269/797
f 1856/4271/797 1868/3927/797 1863/5082/797
f 1869/1869/547 1858/5083/547 1861/4084/547
f 1857/1857/793 1873/5081/793 1859/1859/793
f 1869/1869/547 1861/4084/547 1875/1875/547
f 1872/3682/548 1876/3142/548 1860/3680/548
f 1864/1864/792 1870/5084/792 1874/5085/792
f 1864/1864/792 1874/5085/792 1865/1865/792
f 1872/3682/548 1866/3140/548 1876/3142/548
f 1889/1889/793 1877/5086/793 1900/5087/793
f 1879/3472/1 1893/5088/1 1898/3470/1
f 1891/5089/797 1897/3149/797 1878/5090/797
f 1879/3472/1 1896/3686/1 1893/5088/1
f 1899/1899/548 1887/3144/548 1880/3146/548
f 1885/1885/547 1881/5091/547 1886/1886/547
f 1885/1885/547 1890/5092/547 1881/5091/547
f 1889/1889/793 1900/5087/793 1882/1882/793
f 1895/1895/792 1883/5093/792 1888/4087/792
f 1891/5089/797 1884/3147/797 1897/3149/797
f 1895/1895/792 1888/4087/792 1894/1894/792
f 1899/1899/548 1892/3684/548 1887/3144/548
f 1918/1918/548 1902/5094/548 1920/2744/548
f 1914/3688/1 1903/5095/1 1917/4272/1
f 1914/3688/1 1908/5096/1 1903/5095/1
f 1907/1907/792 1921/3151/792 1901/1901/792
f 1904/5097/797 1911/2740/797 1909/2742/797
f 1912/1912/547 1906/5098/547 1924/5099/547
f 1905/1905/793 1916/5100/793 1922/1922/793
f 1904/5097/797 1909/2742/797 1913/5101/797
f 1905/1905/793 1915/5102/793 1916/5100/793
f 1907/1907/792 1910/5103/792 1921/3151/792
f 1912/1912/547 1924/5099/547 1919/1919/547
f 1918/1918/548 1920/2744/548 1923/2718/548
f 1927/4091/548 1930/5104/548 1956/1953/548
f 1927/4091/548 1963/5105/548 1930/5104/548
f 1927/4091/548 1950/5106/548 1934/5107/548
f 1927/4091/548 1933/5108/548 1950/5106/548
f 1927/4091/548 1956/1953/548 1933/5108/548
f 1925/5109/1044 1942/4275/1044 1971/5110/1044
f 1925/5109/1044 1936/1936/1044 1942/4275/1044
f 1927/4091/548 1964/5111/548 1963/5105/548
f 1965/1962/1052 1926/1926/1052 1970/1967/1052
f 1957/5112/1053 1929/1929/1053 2003/4276/1053
f 1928/1928/1050 1962/1959/1050 1946/5113/1050
f 1928/1928/1054 1946/5113/1054 2002/5114/1054
f 1931/1931/1055 1955/2803/1055 1960/3693/1055
f 1951/3157/1048 1932/1932/1048 1937/1937/1048
f 1931/1931/1055 1960/3693/1055 1938/1938/1055
f 1935/1935/1049 1949/1946/1049 1954/1951/1049
f 1941/3163/797 1939/5115/797 1959/5116/797
f 1941/3163/797 1953/5117/797 1939/5115/797
f 1951/3157/1056 1937/1937/1056 1952/3475/1056
f 1941/3163/797 1948/5118/797 1967/5119/797
f 1941/3163/797 2001/5120/797 1948/5118/797
f 1944/1941/1057 1977/5121/1057 1986/5122/1057
f 1944/1941/1057 1986/5122/1057 2019/2013/1057
f 1941/3163/797 1959/5116/797 2001/5120/797
f 1944/5123/1058 2017/5124/1058 1978/3170/1058
f 1941/3163/797 1967/5119/797 1972/5125/797
f 2015/2009/1059 1945/1942/1059 2018/2012/1059
f 1961/3161/1060 1968/1965/1060 1947/5126/1060
f 2002/5114/1061 2001/5127/1061 1958/5128/1061
f 1961/3161/1060 1966/1963/1060 1968/1965/1060
f 1965/1962/1045 1970/1967/1045 1969/1966/1045
f 1978/3170/1 1974/5129/1 1981/1978/1
f 1979/3934/1062 1973/1970/1062 2013/2007/1062
f 1975/1972/1063 2009/5130/1063 2014/2008/1063
f 1975/1972/1063 2016/4421/1063 2009/5130/1063
f 1978/3170/1 2017/5124/1 1974/5129/1
f 1978/3170/1064 1981/1978/1064 2005/3700/1064
f 1976/3936/1065 1984/1981/1065 1987/1984/1065
f 1976/3936/1065 1990/1987/1065 1984/1981/1065
f 1978/3170/1 1995/5131/1 1988/5132/1
f 1978/3170/1066 2005/3700/1066 1995/5131/1066
f 2003/4278/1067 2005/4095/1067 1980/5133/1067
f 1979/3934/1062 2013/2007/1062 2007/3932/1062
f 1983/3697/1068 2020/3169/1068 1985/5134/1068
f 1983/3697/1069 2011/2005/1069 2020/3169/1069
f 1989/1986/1070 1993/5135/1070 1982/1979/1070
f 1983/3697/547 2012/2693/547 2011/2005/547
f 1983/3697/547 2008/2002/547 2012/2693/547
f 1983/3697/1071 1992/3699/1071 1998/5136/1071
f 1983/3697/1072 1998/5136/1072 2008/2002/1072
f 1989/1986/1070 1994/1991/1070 1993/5135/1070
f 1996/4096/1073 1999/1996/1073 1991/1988/1073
f 1996/4096/1073 2004/4277/1073 1999/1996/1073
f 2003/4278/1074 2006/5137/1074 1997/1994/1074
f 2015/2009/1059 2018/2012/1059 2010/4461/1059
f 2024/2719/1056 2023/2017/1056 2042/2036/1056
f 2022/2016/1046 2050/3705/1046 2043/2037/1046
f 2029/4100/548 2046/2040/548 2021/5138/548
f 2029/4100/548 2021/5138/548 2026/5139/548
f 2022/2016/1055 2045/4463/1055 2050/3705/1055
f 2024/2719/1056 2042/2036/1056 2041/3477/1056
f 2029/4100/548 2026/5139/548 2036/5140/548
f 2037/2031/1049 2025/2019/1049 2040/2034/1049
f 2029/4100/548 2053/5141/548 2046/2040/548
f 2029/4100/548 2056/5142/548 2053/5141/548
f 2027/5143/1044 2065/4279/1044 2061/5144/1044
f 2027/5143/1075 2038/2032/1075 2065/4279/1075
f 2029/4100/548 2057/5145/548 2056/5142/548
f 2058/2052/1052 2028/2022/1052 2060/2054/1052
f 2064/3179/797 2032/2026/797 2033/5146/797
f 2064/3179/797 2104/3702/797 2032/2026/797
f 2051/2045/1050 2030/5147/1050 2103/4280/1050
f 2051/2045/1050 2055/2049/1050 2030/5147/1050
f 2054/3177/1060 2034/2028/1060 2031/5148/1060
f 2058/2052/1052 2060/2054/1052 2035/2029/1052
f 2064/3179/797 2033/5146/797 2062/5149/797
f 2054/3177/1051 2059/2053/1051 2034/2028/1051
f 2064/3179/797 2039/5150/797 2044/5151/797
f 2064/3179/797 2044/5151/797 2049/2043/797
f 2047/5152/1047 2102/5153/1047 2048/5154/1047
f 2047/5152/1047 2052/2046/1047 2102/5153/1047
f 2067/2058/1057 2073/5155/1057 2091/5156/1057
f 2067/2058/1057 2091/5156/1057 2085/2076/1057
f 2067/5157/1076 2071/5158/1076 2074/3186/1076
f 2069/2060/1059 2068/2059/1059 2084/2075/1059
f 2074/3186/1 2071/5158/1 2115/5159/1
f 2116/2104/1063 2070/4425/1063 2083/5160/1063
f 2069/2060/1059 2084/2075/1059 2081/4465/1059
f 2074/3186/1064 2106/2094/1064 2099/2695/1064
f 2074/3186/1 2115/5159/1 2106/2094/1
f 2072/3942/1065 2087/2078/1065 2092/2083/1065
f 2072/3942/1065 2077/2068/1065 2087/2078/1065
f 2074/3186/1077 2094/5161/1077 2075/5162/1077
f 2074/3186/1 2099/2695/1 2094/5161/1
f 2076/2067/1070 2098/5163/1070 2088/2079/1070
f 2076/2067/1070 2093/2084/1070 2098/5163/1070
f 2101/4281/1078 2078/5164/1078 2108/2096/1078
f 2089/2720/1072 2109/5165/1072 2080/2071/1072
f 2100/4282/1079 2099/5166/1079 2078/5164/1079
f 2089/2720/547 2080/2071/547 2112/3711/547
f 2107/3940/1062 2113/2101/1062 2079/3938/1062
f 2089/2720/1069 2082/2073/1069 2086/3185/1069
f 2116/2104/1063 2083/5160/1063 2111/2099/1063
f 2089/2720/547 2112/3711/547 2082/2073/547
f 2089/2720/1068 2086/3185/1068 2090/5167/1068
f 2089/2720/1071 2097/3710/1071 2109/5165/1071
f 2095/2806/1073 2110/2098/1073 2096/2087/1073
f 2095/2806/1073 2100/4282/1073 2110/2098/1073
f 2107/3940/1062 2114/2102/1062 2113/2101/1062
f 2119/4109/548 2122/5168/548 2125/5169/548
f 2119/4109/548 2125/5169/548 2142/2130/548
f 2119/4109/548 2130/5170/548 2162/5171/548
f 2119/4109/548 2137/5172/548 2130/5170/548
f 2119/4109/548 2142/2130/548 2137/5172/548
f 2117/5173/1075 2202/2185/1075 2160/3200/1075
f 2117/5173/1044 2164/2149/1044 2202/2185/1044
f 2119/4109/548 2154/5174/548 2122/5168/548
f 2155/2140/1045 2118/2106/1045 2159/2144/1045
f 2123/2111/1050 2121/2109/1050 2150/5175/1050
f 2120/3197/1060 2158/2143/1060 2151/5176/1060
f 2120/3197/1060 2153/2138/1060 2158/2143/1060
f 2143/5177/1053 2124/2112/1053 2147/4283/1053
f 2123/2111/1050 2150/5175/1050 2146/5178/1050
f 2146/5178/1080 2145/5179/1080 2126/5180/1080
f 2201/5181/1081 2127/5182/1081 2145/5183/1081
f 2135/2123/1055 2141/4467/1055 2128/3715/1055
f 2135/2123/1055 2128/3715/1055 2139/2127/1055
f 2201/5181/1082 2140/5184/1082 2127/5182/1082
f 2131/3193/1048 2138/2126/1048 2132/3479/1048
f 2131/3193/1048 2136/2124/1048 2138/2126/1048
f 2163/2148/1083 2129/2117/1083 2134/2122/1083
f 2163/2148/1049 2134/2122/1049 2203/2183/1049
f 2201/5181/1084 2145/5183/1084 2152/5185/1084
f 2147/4285/1074 2186/5186/1074 2174/2159/1074
f 2147/4285/1067 2149/4113/1067 2184/5187/1067
f 2170/3205/1066 2185/2170/1066 2149/3721/1066
f 2170/3205/1066 2149/3721/1066 2178/5188/1066
f 2179/4114/1073 2148/4284/1073 2176/2161/1073
f 2201/5181/1085 2152/5185/1085 2157/5189/1085
f 2155/2140/1045 2159/2144/1045 2156/2141/1045
f 2201/5181/1086 2157/5189/1086 2161/5190/1086
f 2170/3205/1 2167/5191/1 2190/5192/1
f 2191/2176/1063 2166/4429/1063 2197/5193/1063
f 2170/3205/1066 2200/5194/1066 2167/5191/1066
f 2165/2150/1059 2199/2761/1059 2206/2188/1059
f 2165/2150/1059 2206/2188/1059 2195/4470/1059
f 2170/3205/1064 2190/5192/1064 2185/2170/1064
f 2168/3950/1065 2173/2158/1065 2212/2194/1065
f 2168/3950/1065 2209/2191/1065 2173/2158/1065
f 2170/3205/1087 2178/5188/1087 2207/5195/1087
f 2201/3199/1057 2169/5196/1057 2211/5197/1057
f 2172/3718/1072 2205/3204/1072 2210/5198/1072
f 2172/3718/1069 2196/2181/1069 2205/3204/1069
f 2208/2190/1070 2182/5199/1070 2171/2156/1070
f 2172/3718/547 2193/3723/547 2196/2181/547
f 2172/3718/547 2188/2173/547 2193/3723/547
f 2172/3718/1071 2181/3720/1071 2175/5200/1071
f 2172/3718/1072 2175/5200/1072 2188/2173/1072
f 2179/4114/1073 2176/2161/1073 2180/2165/1073
f 2208/2190/1070 2177/2162/1070 2182/5199/1070
f 2183/3948/1062 2194/2179/1062 2187/3946/1062
f 2183/3948/1062 2189/2174/1062 2194/2179/1062
f 2191/2176/1063 2197/5193/1063 2192/2177/1063
f 2211/5197/1088 2199/2761/1088 2201/3199/1088
f 2213/3215/1051 2232/2211/1051 2256/5201/1051
f 2213/3215/1051 2260/2236/1051 2232/2211/1051
f 2266/4118/548 2258/5202/548 2215/5203/548
f 2266/4118/548 2215/5203/548 2254/5204/548
f 2252/2228/1089 2214/2196/1089 2255/5205/1089
f 2217/2199/1090 2235/2214/1090 2237/2216/1090
f 2266/4118/548 2236/5206/548 2216/5207/548
f 2264/5208/1075 2218/2200/1075 2227/4286/1075
f 2240/2219/1046 2222/5209/1046 2219/2201/1046
f 2226/3217/797 2220/5210/797 2224/5211/797
f 2226/3217/797 2239/5212/797 2220/5210/797
f 2234/3211/1048 2241/2220/1048 2221/2203/1048
f 2234/3211/1056 2221/2203/1056 2238/3481/1056
f 2226/3217/797 2224/5211/797 2247/5213/797
f 2240/2219/1046 2243/4472/1046 2222/5209/1046
f 2248/5214/1091 2247/5215/1091 2223/5216/1091
f 2264/5208/1092 2227/4286/1092 2262/5217/1092
f 2226/3217/797 2257/5218/797 2231/5219/797
f 2226/3217/797 2247/5213/797 2257/5218/797
f 2229/2208/1057 2268/5220/1057 2289/5221/1057
f 2229/2208/1057 2289/5221/1057 2286/2262/1057
f 2229/5222/1058 2272/5223/1058 2269/3224/1058
f 2226/3217/797 2231/5219/797 2263/5224/797
f 2270/2246/1059 2230/2209/1059 2285/2261/1059
f 2259/2235/1045 2261/2237/1045 2233/2212/1045
f 2266/4118/548 2242/5225/548 2236/5206/548
f 2266/4118/548 2244/2223/548 2242/5225/548
f 2266/4118/548 2254/5204/548 2244/2223/548
f 2245/5226/1053 2253/2229/1053 2249/4287/1053
f 2249/4289/1074 2279/5227/1074 2276/2252/1074
f 2249/4289/1093 2251/4122/1093 2274/5228/1093
f 2269/3224/1 2275/2251/1 2251/3732/1
f 2269/3224/1094 2251/3732/1094 2298/5229/1094
f 2252/2228/1054 2255/5205/1054 2248/5214/1054
f 2299/4123/1073 2250/4288/1073 2278/2254/1073
f 2259/2235/1052 2265/2241/1052 2261/2237/1052
f 2269/3224/1 2272/5223/1 2301/5230/1
f 2269/3224/1066 2301/5230/1066 2275/2251/1066
f 2267/3958/1065 2284/2260/1065 2290/2266/1065
f 2267/3958/1065 2296/2272/1065 2284/2260/1065
f 2269/3224/1095 2298/5229/1095 2294/5231/1095
f 2302/2278/1063 2271/4433/1063 2308/5232/1063
f 2270/2246/1059 2285/2261/1059 2306/4475/1059
f 2273/3956/1062 2305/2281/1062 2280/3954/1062
f 2273/3956/1062 2300/2276/1062 2305/2281/1062
f 2283/3729/1069 2277/5233/1069 2281/2257/1069
f 2299/4123/1073 2278/2254/1073 2291/2267/1073
f 2283/3729/1072 2292/3731/1072 2277/5233/1072
f 2283/3729/547 2281/2257/547 2304/3734/547
f 2283/3729/1072 2287/3223/1072 2288/5234/1072
f 2283/3729/547 2307/2283/547 2287/3223/547
f 2295/2271/1070 2293/5235/1070 2282/2258/1070
f 2283/3729/547 2304/3734/547 2307/2283/547
f 2295/2271/1070 2297/2273/1070 2293/5235/1070
f 2302/2278/1063 2308/5232/1063 2303/2279/1063
f 2309/3233/1051 2332/2305/1051 2346/5236/1051
f 2309/3233/1051 2350/2323/1051 2332/2305/1051
f 2356/4127/548 2348/5237/548 2311/5238/548
f 2356/4127/548 2311/5238/548 2314/5239/548
f 2312/2288/1096 2310/2286/1096 2345/5240/1096
f 2356/4127/548 2314/5239/548 2337/2310/548
f 2338/5241/1097 2313/2289/1097 2369/5242/1097
f 2312/2288/1089 2345/5240/1089 2370/4291/1089
f 2315/3230/1048 2321/2297/1048 2334/3483/1048
f 2315/3230/1048 2340/2313/1048 2321/2297/1048
f 2356/4127/548 2341/5243/548 2317/5244/548
f 2356/4127/548 2317/5244/548 2318/5245/548
f 2319/2295/1090 2316/2292/1090 2333/2306/1090
f 2354/5246/1075 2320/2296/1075 2326/4290/1075
f 2325/3235/797 2323/5247/797 2343/2316/797
f 2325/3235/797 2335/5248/797 2323/5247/797
f 2339/2312/1046 2344/3738/1046 2322/2298/1046
f 2325/3235/797 2331/5249/797 2351/5250/797
f 2354/5246/1092 2326/4290/1092 2353/5251/1092
f 2325/3235/797 2347/2320/797 2331/5249/797
f 2325/3235/797 2371/3735/797 2347/2320/797
f 2328/2301/1057 2358/5252/1057 2389/5253/1057
f 2328/2301/1057 2389/5253/1057 2384/2354/1057
f 2328/5254/1098 2362/5255/1098 2359/3242/1098
f 2360/2333/1059 2329/2302/1059 2386/2356/1059
f 2349/2322/1045 2352/2325/1045 2330/2303/1045
f 2339/2312/1046 2336/4477/1046 2344/3738/1046
f 2356/4127/548 2337/2310/548 2341/5243/548
f 2338/5241/1099 2369/5242/1099 2342/5256/1099
f 2349/2322/1045 2355/2328/1045 2352/2325/1045
f 2359/3242/1 2362/5255/1 2403/5257/1
f 2359/3242/1 2364/2337/1 2366/5258/1
f 2359/3242/1 2403/5257/1 2364/2337/1
f 2357/3964/1065 2381/2351/1065 2387/2357/1065
f 2357/3964/1065 2374/2344/1065 2381/2351/1065
f 2359/3242/1094 2394/5259/1094 2372/5260/1094
f 2359/3242/1066 2366/5258/1066 2394/5259/1066
f 2404/2374/1063 2361/4437/1063 2380/5261/1063
f 2360/2333/1059 2386/2356/1059 2378/4481/1059
f 2367/4293/1100 2366/5262/1100 2396/5263/1100
f 2365/3962/1062 2377/2347/1062 2397/3960/1062
f 2365/3962/1062 2402/2372/1062 2377/2347/1062
f 2368/4292/1078 2396/5263/1078 2399/2369/1078
f 2395/4480/1073 2367/4293/1073 2401/2371/1073
f 2373/2343/1070 2392/5264/1070 2382/2352/1070
f 2373/2343/1070 2393/2363/1070 2392/5264/1070
f 2404/2374/1063 2380/5261/1063 2375/2345/1063
f 2383/2723/547 2398/2368/547 2376/3744/547
f 2383/2723/547 2376/3744/547 2379/2349/547
f 2383/2723/1069 2379/2349/1069 2385/3241/1069
f 2383/2723/1072 2385/3241/1072 2388/5265/1072
f 2383/2723/1072 2391/3743/1072 2400/5266/1072
f 2383/2723/1069 2400/5266/1069 2398/2368/1069
f 2395/4480/1073 2401/2371/1073 2390/2360/1073
f 2405/3251/1051 2445/2415/1051 2436/5267/1051
f 2405/3251/1051 2440/2410/1051 2445/2415/1051
f 2413/2763/548 2438/5268/548 2407/5269/548
f 2413/2763/548 2407/5269/548 2410/5270/548
f 2408/2378/1096 2406/2376/1096 2435/5271/1096
f 2413/2763/548 2410/5270/548 2433/2403/548
f 2434/5272/1097 2409/2379/1097 2477/5273/1097
f 2408/2378/1089 2435/5271/1089 2478/4295/1089
f 2411/5274/1075 2414/2384/1075 2449/4294/1075
f 2413/2763/548 2425/5275/548 2415/5276/548
f 2413/2763/548 2431/5277/548 2425/5275/548
f 2413/2763/548 2433/2403/548 2431/5277/548
f 2411/5274/1092 2449/4294/1092 2443/5278/1092
f 2439/2409/1045 2412/2382/1045 2442/2412/1045
f 2416/2386/1090 2424/2394/1090 2420/2390/1090
f 2434/5272/1099 2477/5273/1099 2417/5279/1099
f 2429/2399/1046 2432/4483/1046 2419/3748/1046
f 2429/2399/1046 2419/3748/1046 2427/2397/1046
f 2448/3253/797 2428/5280/797 2418/2388/797
f 2448/3253/797 2422/5281/797 2428/5280/797
f 2423/3248/1048 2426/2396/1048 2421/3485/1048
f 2423/3248/1048 2430/2400/1048 2426/2396/1048
f 2448/3253/797 2437/2407/797 2444/5282/797
f 2448/3253/797 2479/3745/797 2437/2407/797
f 2439/2409/1045 2442/2412/1045 2446/2416/1045
f 2448/3253/797 2444/5282/797 2441/5283/797
f 2451/2418/1057 2457/5284/1057 2499/5285/1057
f 2451/2418/1057 2499/5285/1057 2493/2457/1057
f 2451/5286/1098 2455/5287/1098 2458/3259/1098
f 2453/2420/1059 2452/2419/1059 2492/2456/1059
f 2458/3259/1 2455/5287/1 2484/5288/1
f 2485/2449/1063 2454/4441/1063 2488/5289/1063
f 2453/2420/1059 2492/2456/1059 2486/4487/1059
f 2458/3259/1 2481/2445/1 2474/2697/1
f 2458/3259/1 2484/5288/1 2481/2445/1
f 2456/3972/1065 2467/2434/1065 2500/2464/1065
f 2456/3972/1065 2497/2461/1065 2467/2434/1065
f 2458/3259/1094 2472/5290/1094 2495/5291/1094
f 2458/3259/1066 2474/2697/1066 2472/5290/1066
f 2476/4296/1078 2462/5292/1078 2459/2426/1078
f 2466/3752/1069 2460/5293/1069 2464/2431/1069
f 2473/4486/1073 2461/2428/1073 2468/2435/1073
f 2466/3752/1072 2469/3754/1072 2460/5293/1072
f 2473/4486/1073 2475/4297/1073 2461/2428/1073
f 2475/4297/1100 2474/5294/1100 2462/5292/1100
f 2466/3752/547 2464/2431/547 2490/3755/547
f 2482/3970/1062 2491/2455/1062 2463/3968/1062
f 2466/3752/1072 2494/3258/1072 2498/5295/1072
f 2466/3752/1069 2487/2451/1069 2494/3258/1069
f 2496/2460/1070 2470/5296/1070 2465/2432/1070
f 2466/3752/547 2490/3755/547 2487/2451/547
f 2496/2460/1070 2471/2438/1070 2470/5296/1070
f 2482/3970/1062 2483/2447/1062 2491/2455/1062
f 2485/2449/1063 2488/5289/1063 2489/2453/1063
f 2501/3267/1060 2526/2490/1060 2523/5297/1060
f 2501/3267/1051 2545/2506/1051 2526/2490/1051
f 2509/4141/548 2543/5298/548 2503/5299/548
f 2509/4141/548 2503/5299/548 2535/5300/548
f 2536/2500/1096 2502/2466/1096 2522/5301/1096
f 2512/2476/1055 2504/4489/1055 2521/3759/1055
f 2509/4141/548 2505/2469/548 2511/5302/548
f 2509/4141/548 2535/5300/548 2505/2469/548
f 2506/5303/1047 2538/5304/1047 2519/5305/1047
f 2506/5303/1053 2534/5306/1053 2538/5304/1053
f 2509/4141/548 2515/5307/548 2546/5308/548
f 2509/4141/548 2511/5302/548 2515/5307/548
f 2507/5309/1075 2551/4298/1075 2529/5310/1075
f 2507/5309/1092 2548/2509/1092 2551/4298/1092
f 2544/2505/1045 2508/2472/1045 2528/2492/1045
f 2513/2726/1056 2510/2474/1056 2516/2480/1056
f 2512/2476/1046 2521/3759/1046 2517/2481/1046
f 2547/2508/1083 2514/2478/1083 2531/2495/1083
f 2513/2726/1048 2516/2480/1048 2532/3487/1048
f 2550/3269/797 2518/5311/797 2520/5312/797
f 2550/3269/797 2533/5313/797 2518/5311/797
f 2550/3269/797 2520/5312/797 2539/5314/797
f 2550/3269/797 2524/5315/797 2525/5316/797
f 2550/3269/797 2539/5314/797 2524/5315/797
f 2522/5301/1101 2538/5317/1101 2536/2500/1101
f 2544/2505/1052 2528/2492/1052 2527/2491/1052
f 2550/3269/797 2525/5316/797 2530/5318/797
f 2540/4300/1102 2561/5319/1102 2558/2516/1102
f 2577/5320/1103 2561/5319/1103 2540/4300/1103
f 2590/3276/1 2578/2536/1 2542/3766/1
f 2590/3276/1094 2542/3766/1094 2571/5321/1094
f 2572/4146/1073 2541/4299/1073 2560/2518/1073
f 2553/2511/1057 2589/5322/1057 2595/5323/1057
f 2553/2511/1057 2595/5323/1057 2586/2544/1057
f 2553/5324/1104 2584/5325/1104 2590/3276/1104
f 2582/2540/1059 2554/2512/1059 2585/2543/1059
f 2590/3276/1066 2556/5326/1066 2578/2536/1066
f 2576/3976/1062 2555/2513/1062 2581/2539/1062
f 2557/2515/1063 2566/5327/1063 2579/2537/1063
f 2557/2515/1063 2583/4445/1063 2566/5327/1063
f 2590/3276/1 2584/5325/1 2556/5326/1
f 2593/2749/547 2559/5328/547 2563/2521/547
f 2572/4146/1073 2560/2518/1073 2573/2531/1073
f 2593/2749/1072 2574/3764/1072 2559/5328/1072
f 2593/2749/547 2563/2521/547 2580/3767/547
f 2576/3976/1062 2581/2539/1062 2562/3974/1062
f 2593/2749/1069 2565/2523/1069 2587/3275/1069
f 2582/2540/1059 2585/2543/1059 2564/4492/1059
f 2593/2749/547 2580/3767/547 2565/2523/547
f 2588/3978/1065 2569/2527/1065 2591/2549/1065
f 2568/2526/1070 2575/5329/1070 2592/2550/1070
f 2568/2526/1070 2570/2528/1070 2575/5329/1070
f 2590/3276/1095 2571/5321/1095 2567/5330/1095
f 2593/2749/1072 2587/3275/1072 2594/5331/1072
f 2588/3978/1065 2591/2549/1065 2596/2554/1065
f 2609/3493/793 2597/3492/793 2620/4449/793
f 2599/3488/1 2616/3770/1 2618/3769/1
f 2611/5332/797 2614/5333/797 2598/5334/797
f 2599/3488/1 2613/3771/1 2616/3770/1
f 2619/5335/548 2607/5336/548 2600/5337/548
f 2605/2655/547 2601/3281/547 2606/3280/547
f 2605/2655/547 2610/4149/547 2601/3281/547
f 2609/3493/793 2620/4449/793 2602/4448/793
f 2612/3284/792 2603/3283/792 2608/4152/792
f 2611/5332/797 2604/5338/797 2614/5333/797
f 2612/3284/792 2608/4152/792 2617/4151/792
f 2619/5335/548 2615/5339/548 2607/5336/548
f 2624/5340/797 2621/2579/797 2637/5341/797
f 2622/2641/547 2626/2640/547 2635/4155/547
f 2622/2641/547 2635/4155/547 2628/4154/547
f 2638/2596/792 2623/3981/792 2627/3285/792
f 2625/2583/793 2644/4303/793 2633/2591/793
f 2624/5340/797 2637/5341/797 2630/5342/797
f 2625/2583/793 2632/4304/793 2644/4303/793
f 2643/2601/548 2640/5343/548 2629/5344/548
f 2643/2601/548 2629/5344/548 2634/3777/548
f 2638/2596/792 2627/3285/792 2639/2597/792
f 2631/3776/1 2641/5345/1 2642/3287/1
f 2631/3776/1 2636/3775/1 2641/5345/1
f 1945/1942/1105 1940/3156/1105 1943/1940/1105
f 1940/3156/1106 1941/3155/1106 1943/1940/1106
f 1941/3155/1107 1942/4275/1107 1943/1940/1107
f 2005/5346/1108 2000/5347/1108 2001/1997/1108
f 2002/1998/1109 2003/5348/1109 2004/1999/1109
f 2004/1999/1110 2005/5346/1110 2001/1997/1110
f 2068/2059/1111 2063/3175/1111 2066/2057/1111
f 2063/3175/1112 2064/3174/1112 2066/2057/1112
f 2064/3174/1113 2065/4279/1113 2066/2057/1113
f 2100/2091/1114 2101/3176/1114 2102/2092/1114
f 2102/2092/1115 2103/3703/1115 2104/3702/1115
f 2102/2092/1116 2104/3702/1116 2099/2090/1116
f 2149/5349/1108 2144/5350/1108 2145/2132/1108
f 2146/2133/1117 2147/5351/1117 2148/2134/1117
f 2148/2134/1110 2149/5349/1110 2145/2132/1110
f 2203/2183/1118 2198/2762/1118 2200/2184/1118
f 2198/2762/1119 2199/2761/1119 2200/2184/1119
f 2200/2184/1120 2201/3199/1120 2202/2185/1120
f 2230/2209/1121 2225/3210/1121 2228/2207/1121
f 2225/3210/1122 2226/3209/1122 2228/2207/1122
f 2226/3209/1123 2227/4286/1123 2228/2207/1123
f 2251/5352/1108 2246/5353/1108 2247/2225/1108
f 2248/2226/1124 2249/5354/1124 2250/2227/1124
f 2250/2227/1125 2251/5352/1125 2247/2225/1125
f 2329/2302/1126 2324/3229/1126 2327/2300/1126
f 2324/3229/1127 2325/3228/1127 2327/2300/1127
f 2325/3228/1128 2326/4290/1128 2327/2300/1128
f 2367/2340/1129 2368/3232/1129 2369/2341/1129
f 2369/2341/1115 2370/3736/1115 2371/3735/1115
f 2369/2341/1130 2371/3735/1130 2366/2339/1130
f 2452/2419/1131 2447/3247/1131 2450/2417/1131
f 2447/3247/1132 2448/3246/1132 2450/2417/1132
f 2448/3246/1128 2449/4294/1128 2450/2417/1128
f 2475/2442/1133 2476/3250/1133 2477/2443/1133
f 2477/2443/1115 2478/3746/1115 2479/3745/1115
f 2477/2443/1134 2479/3745/1134 2474/2441/1134
f 2539/2502/1135 2540/5355/1135 2541/2503/1135
f 2541/2503/1136 2542/3766/1136 2537/3765/1136
f 2541/2503/1137 2537/3765/1137 2538/2501/1137
f 2554/2512/1138 2549/3264/1138 2552/2510/1138
f 2549/3264/1139 2550/3263/1139 2552/2510/1139
f 2550/3263/1140 2551/4298/1140 2552/2510/1140
f 57/2603/1141 56/4515/1141 54/2604/1141
f 83/83/591 85/85/591 81/2606/591
f 153/2608/1141 152/4550/1141 150/2609/1141
f 248/2611/1141 250/4585/1141 246/2612/1141
f 378/2614/573 377/4637/573 374/374/573
f 405/405/521 404/404/521 402/2615/521
f 450/2617/633 449/5356/633 446/446/633
f 542/542/634 544/544/634 540/2618/634
f 661/661/1142 663/5357/1142 662/2620/1142
f 905/2621/594 908/5358/594 910/2622/594
f 974/2624/1143 978/5359/1143 977/2625/1143
f 1001/2627/1144 1004/5360/1144 1006/2628/1144
f 1120/1120/1145 1121/1121/1145 1123/1123/1145
f 1235/1235/1146 1237/1237/1146 1232/2630/1146
f 1293/2632/1147 1292/5361/1147 1289/2633/1147
f 1315/2635/1148 1316/5362/1148 1318/2636/1148
f 1394/1394/1149 1396/1396/1149 1392/1392/1149
f 1463/1463/1150 1465/1465/1150 1460/1460/1150
f 1571/1571/1151 1573/1573/1151 1569/1569/1151
f 1630/1630/1152 1632/1632/1152 1631/1631/1152
f 2459/2426/1153 2462/5292/1153 2464/2638/1153
f 2527/2491/1154 2528/2492/1154 2530/2494/1154
f 2621/2639/1155 2624/5363/1155 2626/2640/1155
f 251/251/539 253/253/539 250/250/539
f 383/383/539 385/385/539 380/380/539
f 443/443/570 445/445/570 440/440/570
f 545/2642/542 547/4698/542 544/2643/542
f 555/2645/522 554/5364/522 551/551/522
f 1451/2646/1156 1453/5365/1156 1448/2647/1156
f 1499/2649/1157 1501/5366/1157 1493/2650/1157
f 1696/2652/1158 1701/5367/1158 1700/2653/1158
f 1750/1750/1159 1751/1751/1159 1753/1753/1159
f 2156/2141/547 2158/2143/547 2153/2138/547
f 2303/2279/1160 2305/2281/1160 2300/2276/1160
f 2605/2655/1161 2606/3280/1161 2608/2656/1161
f 218/2658/550 220/2852/550 215/2659/550
f 242/2661/631 244/4580/631 239/239/631
f 338/2662/631 340/4621/631 335/335/631
f 354/2663/542 353/5368/542 350/2664/542
f 362/2666/550 364/2877/550 359/2667/550
f 422/2669/809 424/4654/809 420/420/809
f 649/2670/1162 650/5369/1162 652/2671/1162
f 670/2673/1163 671/5370/1163 673/2674/1163
f 712/2676/1164 714/714/1164 713/713/1164
f 857/2678/1165 860/5371/1165 862/2679/1165
f 1057/2681/1163 1058/5372/1163 1060/2682/1163
f 1085/2684/1166 1088/4860/1166 1090/2685/1166
f 1166/1166/1167 1168/1168/1167 1163/1163/1167
f 1304/1304/1168 1306/1306/1168 1302/1302/1168
f 1325/2687/1169 1329/4920/1169 1328/2688/1169
f 1434/1434/662 1433/1433/662 1430/1430/662
f 1500/1500/1170 1499/1499/1170 1497/1497/1170
f 1702/1702/1171 1701/1701/1171 1698/1698/1171
f 1723/2690/960 1725/5037/960 1724/2691/960
f 2012/2693/1172 2014/5373/1172 2009/2003/1172
f 2104/2694/1173 2106/2094/1173 2105/2093/1173
f 2479/2696/1174 2481/2445/1174 2480/2444/1174
f 21/2698/569 20/4501/569 17/17/569
f 167/167/570 169/169/570 164/164/570
f 290/2699/611 292/5374/611 288/288/611
f 302/2700/572 304/5375/572 296/2701/572
f 459/2703/520 458/4663/520 455/455/520
f 515/515/574 517/517/574 512/512/574
f 742/742/1175 744/5376/1175 743/2704/1175
f 791/791/576 793/793/576 788/788/576
f 809/809/577 811/811/577 806/806/577
f 861/861/556 863/4791/556 865/2705/556
f 1091/1091/577 1093/1093/577 1090/1090/577
f 1169/2706/1176 1171/5377/1176 1168/2707/1176
f 1176/1176/1177 1175/1175/1177 1172/1172/1177
f 1262/2709/1178 1264/5378/1178 1259/2710/1178
f 1526/2712/1179 1528/5379/1179 1523/2713/1179
f 1682/2715/1180 1684/5380/1180 1679/2716/1180
f 1923/2718/584 1922/5381/584 1916/1916/584
f 1952/1949/588 1954/1951/588 1949/1946/588
f 2024/2719/1181 2026/5382/1181 2021/2015/1181
f 2089/2720/1182 2090/5167/1182 2092/2721/1182
f 2132/2120/585 2134/2122/585 2129/2117/585
f 2383/2723/587 2388/5265/587 2387/2724/587
f 2513/2726/1183 2515/5383/1183 2511/2475/1183
f 96/96/521 95/95/521 92/2727/521
f 303/303/591 302/302/591 300/2729/591
f 320/2731/518 322/4617/518 317/2732/518
f 776/2734/1184 780/4771/1184 779/2735/1184
f 943/2737/1185 944/4818/1185 946/2738/1185
f 958/958/1186 959/959/1186 961/961/1186
f 1443/1443/956 1442/1442/956 1440/1440/956
f 1651/1651/1152 1653/1653/1152 1652/1652/1152
f 1911/2740/542 1910/5384/542 1907/2741/542
f 1924/2743/550 1923/2718/550 1920/2744/550
f 2219/2201/1187 2222/5209/1187 2224/2746/1187
f 2363/2336/1188 2366/5258/1188 2371/2747/1188
f 2384/2354/1189 2389/5253/1189 2388/2748/1189
f 2593/2749/1190 2594/5331/1190 2596/2750/1190
f 176/176/539 178/178/539 173/173/539
f 617/2752/542 619/4721/542 615/2753/542
f 1009/1009/1186 1010/1010/1186 1012/1012/1186
f 1046/1046/1040 1048/1048/1040 1040/1040/1040
f 1153/1153/1145 1154/1154/1145 1156/1156/1145
f 1196/2755/1191 1198/4889/1191 1194/2756/1191
f 1457/2758/1192 1459/5385/1192 1454/2759/1192
f 1559/1559/954 1561/1561/954 1557/1557/954
f 1642/1642/1193 1643/1643/1193 1645/1645/1193
f 2204/2186/792 2206/2188/792 2199/2761/792
f 2413/2763/676 2415/5276/676 2414/2764/676
f 2536/2500/1194 2538/5317/1194 2537/2766/1194
f 71/71/610 73/73/610 68/2767/610
f 90/2769/550 89/5386/550 87/2770/550
f 372/2772/1019 371/5387/1019 369/2773/1019
f 398/398/610 400/400/610 395/2775/610
f 641/2777/1195 645/5388/1195 644/2778/1195
f 688/2780/1196 689/689/1196 691/691/1196
f 980/2782/1195 984/5389/1195 983/2783/1195
f 1043/2785/1197 1047/4850/1197 1046/2786/1197
f 1144/1144/1198 1146/5390/1198 1145/2788/1198
f 1275/1275/1199 1274/1274/1199 1272/1272/1199
f 1624/1624/1200 1626/1626/1200 1625/1625/1200
f 1714/2789/668 1716/5391/668 1715/2790/668
f 1744/1744/1201 1746/1746/1201 1745/1745/1201
f 85/2792/755 84/5392/755 77/2793/755
f 332/332/576 334/334/576 329/329/576
f 480/2795/520 479/4674/520 476/476/520
f 904/904/1202 910/5393/1202 909/2796/1202
f 1000/1000/1202 1006/5394/1202 1005/2797/1202
f 1123/1123/1036 1122/1122/1036 1115/1115/1036
f 1481/2798/1203 1483/5395/1203 1478/2799/1203
f 1766/2801/1204 1768/5396/1204 1764/1764/1204
f 1886/1886/927 1888/1888/927 1883/1883/927
f 1958/2802/762 1960/3693/762 1955/2803/762
f 2096/2087/520 2098/2089/520 2093/2805/520
f 15/2807/646 14/4494/646 22/2808/646
f 9/2810/584 8/5397/584 26/26/584
f 12/12/634 11/11/634 19/2811/634
f 47/2813/1205 49/5398/1205 32/2814/1205
f 30/2816/1206 29/5399/1206 44/2817/1206
f 31/2819/1207 30/2816/1207 38/2820/1207
f 60/2822/584 59/5400/584 65/65/584
f 75/75/521 74/74/521 63/2823/521
f 78/2825/569 77/4521/569 93/93/569
f 79/2794/1141 78/5401/1141 98/2826/1141
f 117/2828/518 116/4530/518 105/2829/518
f 108/2831/584 107/5402/584 122/122/584
f 120/120/521 119/119/521 114/2832/521
f 131/131/591 133/133/591 134/2834/591
f 126/2836/569 125/4542/569 140/140/569
f 127/2837/592 126/5403/592 144/2838/592
f 162/2840/584 161/5404/584 158/158/584
f 166/166/521 165/165/521 171/2841/521
f 192/192/591 191/191/591 178/2843/591
f 189/2845/569 188/4564/569 182/182/569
f 190/2846/1141 189/5405/1141 174/2847/1141
f 210/2849/518 209/4566/518 213/2850/518
f 220/2852/1208 219/5406/1208 200/200/1208
f 207/207/521 206/206/521 204/2853/521
f 222/2855/569 221/4578/569 227/227/569
f 223/2856/592 222/5407/592 236/2857/592
f 267/2859/1209 266/5408/1209 254/254/1209
f 261/261/521 260/260/521 258/2860/521
f 269/269/591 271/271/591 289/2862/591
f 276/2864/573 275/4593/573 278/278/573
f 277/2865/1141 276/5409/1141 284/2866/1141
f 294/2868/518 293/4605/518 298/2702/518
f 309/2870/633 308/5410/633 304/304/633
f 312/312/521 311/311/521 306/2871/521
f 319/2873/573 318/4614/573 323/323/573
f 352/2874/1141 351/4623/1141 357/2875/1141
f 364/2877/1209 363/5411/1209 347/347/1209
f 355/355/521 354/354/521 345/2878/521
f 386/386/591 388/388/591 385/2880/591
f 379/2882/1141 378/5412/1141 381/2883/1141
f 408/2885/518 407/4640/518 390/2886/518
f 411/2888/1208 410/5413/1208 392/392/1208
f 416/416/551 418/418/551 428/2889/551
f 414/2891/573 413/4652/573 423/423/573
f 415/2892/592 414/5414/592 431/2893/592
f 453/2895/647 452/4658/647 460/2896/647
f 442/442/634 441/441/634 457/2898/634
f 482/482/591 484/484/591 461/2900/591
f 481/2902/1210 480/5415/1210 470/2903/1210
f 501/2905/592 500/4676/592 504/2906/592
f 495/2908/522 494/5416/522 488/488/522
f 492/492/634 491/491/634 498/2909/634
f 530/530/551 532/532/551 521/2911/551
f 519/2913/520 518/4690/520 514/514/520
f 520/2914/1141 519/5417/1141 509/2915/1141
f 547/2917/647 546/4694/647 534/2918/647
f 578/578/519 580/580/519 557/2920/519
f 561/2922/520 560/4706/520 563/563/520
f 562/2923/1210 561/5418/1210 569/2924/1210
f 600/2926/592 599/4712/592 582/2927/592
f 588/2929/522 587/5419/522 593/593/522
f 585/585/634 584/584/634 591/2930/634
f 624/624/519 623/623/519 611/2932/519
f 606/2934/520 605/4724/520 620/620/520
f 607/2935/1141 606/5420/1141 619/2936/1141
f 638/2938/1211 636/4729/1211 635/2939/1211
f 642/642/1212 652/652/1212 651/651/1212
f 632/2941/1213 630/5421/1213 629/2942/1213
f 667/2944/1214 664/5422/1214 663/2945/1214
f 695/2947/1215 684/4740/1215 683/2948/1215
f 700/700/1216 681/681/1216 680/680/1216
f 692/2950/1143 678/5423/1143 677/2951/1143
f 714/2953/1217 719/4752/1217 721/2954/1217
f 709/709/1202 702/5424/1202 701/2956/1202
f 718/2957/1144 703/5425/1144 702/2958/1144
f 744/2960/1215 735/4760/1215 734/2961/1215
f 733/733/1145 729/729/1145 728/728/1145
f 741/2963/1213 738/5426/1213 737/2964/1213
f 766/2966/1217 749/4761/1217 751/2967/1217
f 754/754/1175 759/5427/1175 758/2969/1175
f 769/2970/1144 760/5428/1144 759/2971/1144
f 773/2973/1218 795/4770/1218 794/2974/1218
f 780/780/1216 783/783/1216 782/782/1216
f 785/2976/1143 790/5429/1143 789/2977/1143
f 800/2979/1217 816/4778/1217 815/2980/1217
f 807/807/1202 798/5430/1202 797/2982/1202
f 814/2983/1144 799/5431/1144 798/2984/1144
f 824/2986/1218 837/4786/1218 836/2987/1218
f 844/844/1216 828/828/1216 827/827/1216
f 833/2989/1213 831/5432/1213 830/2990/1213
f 850/850/1202 855/5433/1202 854/2992/1202
f 853/2993/1219 856/5434/1219 855/2994/1219
f 884/2996/1220 879/4801/1220 878/2997/1220
f 889/889/1186 891/891/1186 890/890/1186
f 875/2999/1143 882/5435/1143 881/3000/1143
f 913/3002/1221 914/4806/1221 916/3003/1221
f 926/3005/1218 918/4810/1218 917/3006/1218
f 934/934/1216 921/921/1216 920/920/1216
f 929/3008/1213 936/5436/1213 935/3009/1213
f 949/3011/1221 958/4821/1221 957/3012/1221
f 952/952/1202 943/5437/1202 942/3014/1202
f 965/3015/1218 969/4827/1218 968/3016/1218
f 981/981/1216 987/987/1216 986/986/1216
f 991/3018/1217 1009/4831/1217 1008/3019/1217
f 1013/3021/1215 1035/4840/1215 1034/3022/1215
f 1027/1027/1216 1020/1020/1216 1019/1019/1216
f 1031/3024/1143 1023/5438/1143 1022/3025/1143
f 1054/1054/1202 1050/5439/1202 1049/3027/1202
f 1039/3028/1214 1051/5440/1214 1050/3029/1214
f 1073/3031/1215 1062/4851/1215 1061/3032/1215
f 1081/1081/1216 1071/1071/1216 1070/1070/1216
f 1076/3034/1143 1068/5441/1143 1067/3035/1143
f 1108/3037/1217 1097/4861/1217 1099/3038/1217
f 1088/1088/1175 1104/5442/1175 1103/3040/1175
f 1102/3041/1144 1105/5443/1144 1104/3042/1144
f 1127/3044/527 1125/4869/527 1124/3045/527
f 1115/3047/1213 1113/5444/1213 1112/3048/1213
f 1150/3050/1217 1153/4877/1217 1152/3051/1217
f 1138/1138/1175 1134/5445/1175 1133/3053/1175
f 1143/3054/1214 1135/5446/1214 1134/3055/1214
f 1165/1165/1222 1164/1164/1222 1177/1177/1222
f 1158/1158/1223 1157/1157/1223 1160/1160/1223
f 1167/1167/1224 1166/1166/1224 1174/1174/1224
f 1202/1202/1225 1204/1204/1225 1181/3057/1225
f 1185/3059/1226 1184/5447/1226 1190/3060/1226
f 1186/1186/1227 1185/1185/1227 1198/3062/1227
f 1224/3064/647 1223/4895/647 1206/3065/647
f 1215/3067/522 1214/5448/522 1217/1217/522
f 1212/1212/523 1211/1211/523 1221/3068/523
f 1230/3070/520 1229/4907/520 1241/1241/520
f 1231/3071/646 1230/5449/646 1247/3072/646
f 1266/1266/1228 1265/1265/1228 1269/1269/1228
f 1272/3074/1229 1257/5450/1229 1256/3075/1229
f 1261/1261/1230 1260/1260/1230 1254/1254/1230
f 1277/3077/1231 1295/5451/1231 1297/3078/1231
f 1283/3080/1232 1294/4916/1232 1293/3081/1232
f 1322/1322/1233 1324/1324/1233 1308/1308/1233
f 1334/3083/1234 1343/4919/1234 1345/3084/1234
f 1347/3086/1235 1346/3855/1235 1340/3087/1235
f 1331/3089/1236 1348/5452/1236 1347/3090/1236
f 1364/1364/1237 1366/1366/1237 1359/3092/1237
f 1355/1355/542 1357/1357/542 1367/3094/542
f 1386/1386/562 1385/1385/562 1374/1374/562
f 1396/1396/1238 1395/1395/1238 1382/1382/1238
f 1412/1412/1239 1414/1414/1239 1404/1404/1239
f 1418/1418/1150 1420/1420/1150 1415/1415/1150
f 1422/1422/1238 1421/1421/1238 1441/1441/1238
f 1423/1423/1149 1422/1422/1149 1425/1425/1149
f 1466/1466/1240 1468/1468/1240 1459/1459/1240
f 1475/1475/562 1477/1477/562 1485/1485/562
f 1482/1482/1238 1481/1481/1238 1490/1490/1238
f 1483/1483/1149 1482/1482/1149 1488/1488/1149
f 1508/1508/1241 1510/1510/1241 1515/1515/1241
f 1502/1502/1150 1504/1504/1150 1505/1505/1150
f 1520/1520/562 1522/1522/562 1525/1525/562
f 1518/1518/1238 1517/1517/1238 1528/1528/1238
f 1519/1519/1149 1518/1518/1149 1536/1536/1149
f 1561/1561/1240 1560/1560/1240 1548/1548/1240
f 1544/1544/1150 1546/1546/1150 1553/1553/1150
f 1587/3096/1242 1586/5453/1242 1580/3097/1242
f 1588/1588/1243 1587/1587/1243 1566/1566/1243
f 1610/1610/1244 1612/1612/1244 1596/1596/1244
f 1609/3099/1245 1598/5454/1245 1600/3100/1245
f 1616/3102/1246 1624/5455/1246 1623/3103/1246
f 1613/3105/617 1633/5010/617 1632/3106/617
f 1644/3108/1247 1651/5456/1247 1650/3109/1247
f 1657/1657/919 1646/1646/919 1648/1648/919
f 1667/1667/1151 1669/1669/1151 1665/1665/1151
f 1662/3111/1242 1661/5457/1242 1673/3112/1242
f 1663/1663/1243 1662/1662/1243 1681/1681/1243
f 1707/1707/1244 1706/1706/1244 1689/1689/1244
f 1698/3114/1245 1685/5458/1245 1687/3115/1245
f 1729/1729/1152 1714/1714/1152 1713/1713/1152
f 1746/3117/1248 1752/5459/1248 1751/3118/1248
f 1756/1756/919 1749/1749/919 1748/1748/919
f 1781/1781/1249 1784/5054/1249 1786/3120/1249
f 1776/3121/1250 1775/5057/1250 1783/1783/1250
f 1762/1762/1251 1788/5047/1251 1787/3122/1251
f 1791/3123/1252 1790/5062/1252 1796/1796/1252
f 1759/3124/676 1769/5051/676 1771/3125/676
f 1814/3127/1253 1816/5068/1253 1812/1812/1253
f 1833/3128/1254 1832/5075/1254 1824/3129/1254
f 1846/1846/1255 1850/1850/1255 1852/1852/1255
f 1816/1816/1256 1815/1815/1256 1835/3131/1256
f 1828/3133/1257 1839/1839/1257 1838/1838/1257
f 1805/1805/1258 1807/1807/1258 1841/3135/1258
f 1824/3129/1259 1852/5077/1259 1851/3137/1259
f 1856/3139/1260 1858/5083/1260 1869/1869/1260
f 1866/3140/1261 1865/5460/1261 1874/3141/1261
f 1867/3143/1262 1866/5461/1262 1872/1872/1262
f 1887/3144/550 1886/5462/550 1881/3145/550
f 1884/3147/1263 1883/5463/1263 1895/3148/1263
f 1904/3150/521 1906/5098/521 1912/1912/521
f 1902/1902/610 1901/1901/610 1921/3151/610
f 1903/3153/591 1902/5094/591 1918/1918/591
f 1931/3154/1264 1933/5108/1264 1956/1953/1264
f 1954/1951/1265 1953/1950/1265 1941/3155/1265
f 1969/1966/1266 1970/1967/1266 1972/1969/1266
f 1933/1933/1267 1932/1932/1267 1951/3157/1267
f 2000/3159/1268 1959/1956/1268 1958/1955/1268
f 1964/1961/1269 1966/1963/1269 1961/3161/1269
f 1941/3163/1270 1972/5125/1270 1971/3164/1270
f 1997/1994/1271 2006/5137/1271 2008/3166/1271
f 1992/1989/1272 1991/1988/1272 1999/1996/1272
f 1981/1978/1273 1974/5129/1273 1973/3167/1273
f 2011/2005/1274 2010/2004/1274 2018/3168/1274
f 1978/3170/708 1988/5132/708 1990/3171/708
f 2022/3173/1275 2021/5138/1275 2046/2040/1275
f 2040/2034/1265 2039/2033/1265 2064/3174/1265
f 2035/2029/1276 2060/2054/1276 2062/2056/1276
f 2049/2043/1277 2048/2042/1277 2102/2092/1277
f 2057/2051/1269 2059/2053/1269 2054/3177/1269
f 2064/3179/683 2062/5149/683 2061/3180/683
f 2108/2096/1278 2078/5164/1278 2080/3182/1278
f 2097/2088/1272 2096/2087/1272 2110/2098/1272
f 2106/2094/1279 2115/5159/1279 2114/3183/1279
f 2082/2073/1280 2081/2072/1280 2084/3184/1280
f 2074/3186/740 2075/5162/740 2077/3187/740
f 2135/3189/1275 2137/5172/1275 2142/2130/1275
f 2134/3190/836 2133/5464/836 2198/3191/836
f 2156/2141/1154 2159/2144/1154 2161/2146/1154
f 2137/2125/1267 2136/2124/1267 2131/3193/1267
f 2144/3195/1268 2127/2115/1268 2126/2114/1268
f 2154/2139/1281 2153/2138/1281 2120/3197/1281
f 2201/3199/1282 2161/5465/1282 2160/3200/1282
f 2174/2159/1271 2186/5186/1271 2188/3201/1271
f 2181/2166/1272 2180/2165/1272 2176/2161/1272
f 2185/2170/1283 2190/5192/1283 2189/3202/1283
f 2196/2181/1284 2195/2180/1284 2206/3203/1284
f 2170/3205/740 2207/5195/740 2209/3206/740
f 2240/3208/1275 2242/5225/1275 2244/2223/1275
f 2237/2216/1265 2239/2218/1265 2226/3209/1265
f 2233/2212/1285 2261/2237/1285 2263/2239/1285
f 2242/2221/1286 2241/2220/1286 2234/3211/1286
f 2246/3213/1287 2224/2206/1287 2223/2205/1287
f 2258/2234/1288 2260/2236/1288 2213/3215/1288
f 2226/3217/1270 2263/5224/1270 2262/3218/1270
f 2276/2252/1289 2279/5227/1289 2281/3220/1289
f 2292/2268/1290 2291/2267/1290 2278/2254/1290
f 2275/2251/1291 2301/5230/1291 2300/3221/1291
f 2307/2283/1284 2306/2282/1284 2285/3222/1284
f 2269/3224/1292 2294/5231/1292 2296/3225/1292
f 2339/3227/1275 2341/5243/1275 2337/2310/1275
f 2333/2306/1293 2335/2308/1293 2325/3228/1293
f 2330/2303/1294 2352/2325/1294 2351/2324/1294
f 2341/2314/590 2340/2313/590 2315/3230/590
f 2343/2316/1295 2342/2315/1295 2369/2341/1295
f 2348/2321/1288 2350/2323/1288 2309/3233/1288
f 2325/3235/1296 2351/5250/1296 2353/3236/1296
f 2399/2369/1153 2396/5263/1153 2398/3238/1153
f 2391/2361/1272 2390/2360/1272 2401/2371/1272
f 2364/2337/1297 2403/5257/1297 2402/3239/1297
f 2379/2349/1284 2378/2348/1284 2386/3240/1284
f 2359/3242/1298 2372/5260/1298 2374/3243/1298
f 2429/3245/1275 2431/5277/1275 2433/2403/1275
f 2420/2390/1299 2422/2392/1299 2448/3246/1299
f 2446/2416/1294 2442/2412/1294 2441/2411/1294
f 2431/2401/590 2430/2400/590 2423/3248/590
f 2418/2388/1295 2417/2387/1295 2477/2443/1295
f 2438/2408/1288 2440/2410/1288 2405/3251/1288
f 2448/3253/1300 2441/5283/1300 2443/3254/1300
f 2469/2436/1272 2468/2435/1272 2461/2428/1272
f 2481/2445/1297 2484/5288/1297 2483/3256/1297
f 2487/2451/1284 2486/2450/1284 2492/3257/1284
f 2458/3259/1301 2495/5291/1301 2497/3260/1301
f 2512/3262/1275 2511/5302/1275 2505/2469/1275
f 2531/2495/709 2533/2497/709 2550/3263/709
f 2538/3265/1302 2520/2484/1302 2519/2483/1302
f 2543/2504/1281 2545/2506/1281 2501/3267/1281
f 2550/3269/693 2530/5318/693 2529/3270/693
f 2558/2516/1303 2561/5319/1303 2563/3272/1303
f 2574/2532/1272 2573/2531/1272 2560/2518/1272
f 2578/2536/1304 2556/5326/1304 2555/3273/1304
f 2565/2523/1305 2564/2522/1305 2585/3274/1305
f 2590/3276/1306 2567/5330/1306 2569/3277/1306
f 2600/3279/1307 2607/5466/1307 2606/3280/1307
f 2614/3282/1308 2604/5467/1308 2603/3283/1308
f 2640/2598/610 2639/2597/610 2627/3285/610
f 2642/3287/1309 2641/5345/1309 2640/3288/1309
f 5/5/588 7/7/588 14/14/588
f 23/23/751 25/25/751 13/13/751
f 16/3290/597 15/4498/597 11/3291/597
f 49/3293/1310 48/5468/1310 29/3294/1310
f 33/3296/1311 32/4502/1311 40/3297/1311
f 73/73/539 72/72/539 56/56/539
f 69/69/570 68/68/570 76/76/570
f 58/3299/542 57/4513/542 74/3300/542
f 82/82/539 81/81/539 100/100/539
f 101/101/754 103/103/754 116/116/754
f 110/110/576 112/112/576 121/121/576
f 118/3302/542 117/4534/542 119/3303/542
f 133/3305/755 132/5469/755 125/3306/755
f 135/135/540 134/134/540 143/143/540
f 155/155/539 157/157/539 152/152/539
f 154/3307/756 153/4548/756 165/3308/756
f 191/3310/755 193/5470/755 188/3311/755
f 197/197/754 199/199/754 209/209/754
f 217/217/576 216/216/576 208/208/576
f 211/3312/597 210/4570/597 206/3313/597
f 241/3315/755 240/5471/755 221/3316/755
f 243/243/539 242/242/539 238/238/539
f 263/263/570 265/265/570 262/262/570
f 249/3317/542 248/4589/542 260/3318/542
f 271/3320/755 270/5472/755 275/3321/755
f 287/287/539 289/289/539 286/286/539
f 301/301/754 300/300/754 293/293/754
f 314/314/576 316/316/576 313/313/576
f 295/3322/597 294/4603/597 311/3323/597
f 337/3325/755 336/5473/755 318/3326/755
f 339/339/539 338/338/539 322/322/539
f 341/341/539 343/343/539 351/351/539
f 361/361/541 360/360/541 353/353/541
f 388/3327/755 387/5474/755 377/3328/755
f 400/400/754 399/399/754 407/407/754
f 396/396/758 395/395/758 406/406/758
f 409/3329/552 408/4644/552 404/3330/552
f 418/3332/619 417/5475/619 413/3333/619
f 429/429/539 428/428/539 433/433/539
f 437/437/540 439/439/540 452/452/540
f 454/3334/552 453/4662/552 441/3335/552
f 484/3337/755 483/5476/755 479/3338/755
f 462/462/539 461/461/539 472/472/539
f 485/485/585 487/487/585 500/500/585
f 506/506/576 508/508/576 493/493/576
f 502/3339/542 501/4682/542 491/3340/542
f 532/3342/755 531/5477/755 518/3343/755
f 522/522/539 521/521/539 511/511/539
f 548/548/539 550/550/539 546/546/539
f 536/536/570 538/538/570 543/543/570
f 580/3344/755 579/5478/755 560/3345/755
f 558/558/539 557/557/539 571/571/539
f 596/596/754 598/598/754 599/599/754
f 602/602/576 604/604/576 586/586/576
f 601/3346/542 600/4716/542 584/3347/542
f 623/3349/755 625/5479/755 605/3350/755
f 612/612/539 611/611/539 618/618/539
f 646/646/540 645/645/540 635/635/540
f 649/649/1040 648/648/1040 631/631/1040
f 631/3351/614 637/637/614 636/636/614
f 670/3353/762 669/5480/762 662/662/762
f 672/672/585 671/671/585 667/667/585
f 691/691/754 690/690/754 683/683/754
f 687/687/576 686/686/576 679/679/576
f 679/3354/614 685/685/614 684/684/614
f 721/3356/762 720/5481/762 701/701/762
f 713/713/588 715/715/588 718/718/588
f 725/725/754 727/727/754 734/734/754
f 746/746/576 748/748/576 739/739/576
f 739/3357/614 736/736/614 735/735/614
f 751/3359/1043 750/5482/1043 758/758/1043
f 765/765/588 764/764/588 769/769/588
f 778/778/754 777/777/754 794/794/754
f 788/3360/1312 796/796/1312 795/795/1312
f 815/3362/762 817/5483/762 797/797/762
f 802/802/588 801/801/588 814/814/588
f 821/821/754 823/823/754 836/836/754
f 839/839/570 841/841/570 832/832/570
f 832/3363/1313 838/838/1313 837/837/1313
f 857/3365/572 859/5484/572 854/854/572
f 861/861/588 860/860/588 853/853/588
f 869/869/754 871/871/754 878/878/754
f 872/872/576 874/874/576 883/883/576
f 883/3366/1313 880/880/1313 879/879/1313
f 916/3368/762 915/5485/762 909/909/762
f 912/912/588 911/911/588 905/905/588
f 938/938/754 940/940/754 917/917/754
f 923/923/570 925/925/570 937/937/570
f 937/3369/1313 919/919/1313 918/918/1313
f 957/3371/572 956/5486/572 942/942/572
f 948/948/588 947/947/588 946/946/588
f 985/985/754 984/984/754 968/968/754
f 971/971/576 973/973/576 979/979/576
f 979/3372/1312 970/970/1312 969/969/1312
f 1008/3374/762 1007/5487/762 1005/1005/762
f 990/990/588 989/989/588 1001/1001/588
f 1016/1016/585 1018/1018/585 1034/1034/585
f 1028/1028/927 1030/1030/927 1024/1024/927
f 1024/3375/614 1036/1036/614 1035/1035/614
f 1057/3377/762 1056/5488/762 1049/1049/762
f 1059/1059/1314 1058/1058/1314 1039/1039/1314
f 1064/1064/754 1066/1066/754 1061/1061/754
f 1082/1082/576 1084/1084/576 1069/1069/576
f 1069/3378/614 1063/1063/614 1062/1062/614
f 1099/3380/762 1098/5489/762 1103/1103/762
f 1107/1107/588 1106/1106/588 1102/1102/588
f 1109/1109/540 1111/1111/540 1124/1124/540
f 1130/1130/576 1132/1132/576 1114/1114/576
f 1114/3381/1312 1126/1126/1312 1125/1125/1312
f 1152/3383/1315 1151/5490/1315 1133/1133/1315
f 1149/1149/585 1148/1148/585 1143/1143/585
f 1178/3384/1316 1180/5491/1316 1164/3385/1316
f 1204/1204/624 1203/1203/624 1184/1184/624
f 1182/1182/765 1181/1181/765 1197/1197/765
f 1208/1208/588 1210/1210/588 1223/1223/588
f 1226/1226/570 1228/1228/570 1213/1213/570
f 1225/3387/542 1224/4899/542 1211/3388/542
f 1237/3390/755 1236/5492/755 1229/3391/755
f 1233/1233/539 1232/1232/539 1249/1249/539
f 1276/3392/1317 1275/4914/1317 1265/3393/1317
f 1259/3395/1318 1267/4913/1318 1266/3396/1318
f 1296/1296/1319 1280/1280/1319 1282/1282/1319
f 1306/3398/1320 1305/5493/1320 1310/3399/1320
f 1324/3401/1321 1323/5494/1321 1318/3402/1321
f 1321/3404/1322 1311/5495/1322 1310/3405/1322
f 1337/3407/1323 1339/5496/1323 1345/3408/1323
f 1370/3410/1324 1372/5497/1324 1349/3411/1324
f 1366/3413/1325 1365/5498/1325 1357/3414/1325
f 1350/3416/520 1349/4930/520 1361/1361/520
f 1379/3417/1326 1381/5499/1326 1385/3418/1326
f 1406/3420/1156 1408/5500/1156 1400/3421/1156
f 1414/3423/1327 1413/5501/1327 1420/3424/1327
f 1401/1401/1328 1400/1400/1328 1409/1409/1328
f 1444/3426/1326 1443/5502/1326 1432/3427/1326
f 1468/3429/1327 1467/5503/1327 1465/3430/1327
f 1449/1449/1328 1448/1448/1328 1456/1456/1328
f 1472/3432/1329 1474/5504/1329 1477/3433/1329
f 1510/3435/1330 1509/5505/1330 1504/3436/1330
f 1494/1494/1328 1493/1493/1328 1511/1511/1328
f 1538/3438/1329 1540/5506/1329 1522/3439/1329
f 1562/3441/1157 1564/5507/1157 1541/3442/1157
f 1560/3444/1330 1559/5508/1330 1546/3445/1330
f 1542/1542/1328 1541/1541/1328 1550/1550/1328
f 1574/3447/1331 1576/5509/1331 1573/3448/1331
f 1601/3450/1332 1603/5510/1332 1592/3451/1332
f 1612/3453/1333 1611/5511/1333 1600/3454/1333
f 1606/3456/1158 1593/5512/1158 1592/3457/1158
f 1622/1622/1334 1619/1619/1334 1621/1621/1334
f 1639/1639/1335 1658/1658/1335 1660/1660/1335
f 1647/1647/1336 1650/1650/1336 1649/1649/1336
f 1641/1641/1200 1638/1638/1200 1637/1637/1200
f 1684/3459/1331 1683/5513/1331 1669/3460/1331
f 1703/3462/1337 1705/5514/1337 1700/3463/1337
f 1706/3465/1338 1708/5515/1338 1687/3466/1338
f 1722/1722/1339 1730/1730/1339 1732/1732/1339
f 1738/1738/1340 1743/1743/1340 1742/1742/1340
f 1741/1741/1200 1737/1737/1200 1736/1736/1200
f 1778/1778/792 1780/1780/792 1771/1771/792
f 1772/1772/793 1774/1774/793 1787/1787/793
f 1820/1820/1341 1822/1822/1341 1832/3468/1341
f 1821/1821/1 1820/1820/1 1815/1815/1
f 1846/1846/547 1845/1845/547 1807/1807/547
f 1859/1859/577 1861/1861/577 1858/1858/577
f 1898/3470/768 1900/5516/768 1877/3471/768
f 1878/3473/778 1877/5086/778 1889/1889/778
f 1922/1922/1008 1924/1924/1008 1906/1906/1008
f 1937/1937/1342 1939/1939/1342 1953/3474/1342
f 1938/1938/1 1937/1937/1 1932/1932/1
f 1969/1966/547 1968/1965/547 1966/1963/547
f 1982/1979/797 1984/1981/797 1990/1987/797
f 2014/2008/548 2013/2007/548 1973/1970/548
f 2042/2036/1342 2044/2038/1342 2039/3476/1342
f 2043/2037/1 2042/2036/1 2023/2017/1
f 2035/2029/547 2034/2028/547 2059/2053/547
f 2088/2079/797 2087/2078/797 2077/2068/797
f 2111/2099/548 2113/2101/548 2114/2102/548
f 2138/2126/1343 2140/2128/1343 2133/3478/1343
f 2139/2127/1 2138/2126/1 2136/2124/1
f 2171/2156/1344 2173/2158/1344 2209/2191/1344
f 2192/2177/548 2194/2179/548 2189/2174/548
f 2221/2203/1342 2220/2202/1342 2239/3480/1342
f 2219/2201/1 2221/2203/1 2241/2220/1
f 2233/2212/547 2232/2211/547 2260/2236/547
f 2282/2258/797 2284/2260/797 2296/2272/797
f 2321/2297/1345 2323/2299/1345 2335/3482/1345
f 2322/2298/1 2321/2297/1 2340/2313/1
f 2330/2303/547 2332/2305/547 2350/2323/547
f 2382/2352/1344 2381/2351/1344 2374/2344/1344
f 2375/2345/548 2377/2347/548 2402/2372/548
f 2426/2396/1345 2428/2398/1345 2422/3484/1345
f 2427/2397/1 2426/2396/1 2430/2400/1
f 2446/2416/547 2445/2415/547 2440/2410/547
f 2465/2432/1344 2467/2434/1344 2497/2461/1344
f 2489/2453/548 2491/2455/548 2483/2447/548
f 2516/2480/1346 2518/2482/1346 2533/3486/1346
f 2517/2481/1 2516/2480/1 2510/2474/1
f 2527/2491/547 2526/2490/547 2545/2506/547
f 2592/2550/1344 2591/2549/1344 2569/2527/1344
f 2579/2537/548 2581/2539/548 2555/2513/548
f 2599/3488/1347 2618/3769/1347 2620/3489/1347
f 2611/3491/1348 2598/5517/1348 2597/3492/1348
f 2625/2583/1349 2633/2591/1349 2635/2593/1349
f 24/3494/1350 23/5518/1350 10/3495/1350
f 46/2818/1351 45/5519/1351 36/36/1351
f 34/2815/1352 33/5520/1352 41/41/1352
f 70/3496/553 69/5521/553 61/3497/553
f 80/80/610 82/82/610 91/3498/610
f 111/3500/550 110/5522/550 109/3501/550
f 142/3502/521 141/4546/521 138/138/521
f 136/136/610 135/135/610 128/3503/610
f 168/3505/553 167/5523/553 163/3506/553
f 184/3507/521 183/4562/521 186/186/521
f 177/177/610 176/176/610 194/3508/610
f 229/3510/809 228/4583/809 234/234/809
f 244/244/610 243/243/610 224/3511/610
f 264/3513/553 263/5524/553 268/3514/553
f 280/3515/521 279/4597/521 282/282/521
f 315/3516/550 314/5525/550 310/3517/550
f 325/3518/809 324/4619/809 331/331/809
f 340/340/571 339/339/571 334/3519/571
f 376/3521/521 375/4631/521 366/366/521
f 384/384/571 383/383/571 373/3522/571
f 397/3524/550 396/5526/550 412/3525/550
f 430/430/571 429/429/571 434/3526/571
f 444/3528/553 443/5527/553 451/3529/553
f 478/3530/634 477/4668/634 465/465/634
f 463/463/611 462/462/611 473/3531/611
f 507/3533/550 506/5528/550 496/3534/550
f 513/3535/634 512/4691/634 525/525/634
f 523/523/611 522/522/611 527/3536/611
f 537/3538/816 536/5529/816 556/3539/816
f 565/3540/634 564/4708/634 573/573/634
f 559/559/611 558/558/611 575/3541/611
f 603/3543/806 602/5530/806 589/3544/806
f 622/3545/634 621/4727/634 616/616/634
f 613/613/611 612/612/611 626/3546/611
f 653/3548/1353 661/4736/1353 660/3549/1353
f 676/3551/1354 673/673/1354 672/672/1354
f 681/3553/1355 688/4744/1355 687/3554/1355
f 704/3556/1166 709/4747/1166 708/3557/1166
f 729/3559/1355 747/4756/1355 746/3560/1355
f 761/3562/1166 754/4764/1166 753/3563/1166
f 757/3565/1164 766/766/1164 765/765/1164
f 783/3567/1355 792/4772/1355 791/3568/1355
f 803/3570/1353 807/4776/1353 806/3571/1353
f 820/3573/578 800/800/578 802/802/578
f 828/3575/1355 840/4784/1355 839/3576/1355
f 845/3578/1353 850/4792/1353 849/3579/1353
f 891/3581/1355 873/4798/1355 872/3582/1355
f 893/3584/1356 904/4805/1356 903/3585/1356
f 898/3587/1164 913/913/1164 912/912/1164
f 921/3589/1355 924/4814/1355 923/3590/1355
f 962/3592/1353 952/4817/1353 951/3593/1353
f 955/3595/578 949/949/578 948/948/578
f 987/3597/1355 972/4829/1355 971/3598/1355
f 995/3600/1353 1000/4837/1353 999/3601/1353
f 994/3603/578 991/991/578 990/990/578
f 1020/3605/1355 1029/4842/1355 1028/3606/1355
f 1041/3608/1166 1054/4845/1166 1053/3609/1166
f 1047/3611/1354 1060/1060/1354 1059/1059/1354
f 1071/3613/1355 1083/4855/1355 1082/3614/1355
f 1096/3616/1164 1108/1108/1164 1107/1107/1164
f 1121/3618/1355 1131/4867/1355 1130/3619/1355
f 1146/3621/1166 1138/4872/1166 1137/3622/1166
f 1141/3624/1357 1150/1150/1357 1149/1149/1357
f 1170/1170/1358 1169/1169/1358 1159/1159/1358
f 1192/3626/1359 1191/4892/1359 1195/1195/1359
f 1183/3627/1360 1182/5531/1360 1199/3628/1360
f 1227/3630/550 1226/5532/550 1216/3631/550
f 1243/3632/1361 1242/4910/1361 1245/1245/1361
f 1234/1234/611 1233/1233/611 1250/3633/611
f 1263/1263/1362 1262/1262/1362 1258/1258/1362
f 1298/3635/1363 1287/5533/1363 1286/3636/1363
f 1281/3638/1364 1280/5534/1364 1285/3639/1364
f 1312/1312/1365 1311/1311/1365 1315/1315/1365
f 1338/3641/1366 1337/3407/1366 1333/3642/1366
f 1371/1371/1367 1370/1370/1367 1353/3644/1367
f 1351/1351/1368 1350/1350/1368 1369/3095/1368
f 1389/1389/1369 1388/1388/1369 1377/1377/1369
f 1380/1380/1370 1379/1379/1370 1393/1393/1370
f 1407/1407/1170 1406/1406/1170 1398/1398/1170
f 1402/1402/1371 1401/1401/1371 1417/1417/1371
f 1428/1428/1369 1427/1427/1369 1437/1437/1369
f 1442/1442/1370 1444/1444/1370 1426/1426/1370
f 1452/1452/1372 1451/1451/1372 1446/1446/1372
f 1450/1450/1373 1449/1449/1373 1462/1462/1373
f 1479/1479/1369 1478/1478/1369 1470/1470/1369
f 1473/1473/1370 1472/1472/1370 1489/1489/1370
f 1495/1495/1371 1494/1494/1371 1507/1507/1371
f 1533/1533/1369 1532/1532/1369 1530/1530/1369
f 1539/1539/1370 1538/1538/1370 1537/1537/1370
f 1563/1563/1374 1562/1562/1374 1558/1558/1374
f 1543/1543/1373 1542/1542/1373 1555/1555/1373
f 1578/1578/1375 1577/1577/1375 1584/1584/1375
f 1575/3647/1180 1574/5535/1180 1567/3648/1180
f 1602/1602/1376 1601/1601/1376 1590/1590/1376
f 1594/1594/1171 1593/1593/1171 1609/1609/1171
f 1626/3650/833 1635/5536/833 1634/3651/833
f 1614/1614/1201 1620/1620/1201 1619/1619/1201
f 1653/3653/668 1659/5537/668 1658/3654/668
f 1656/3656/832 1639/5015/832 1638/3657/832
f 1671/1671/1375 1670/1670/1375 1677/1677/1375
f 1704/1704/1376 1703/1703/1376 1692/1692/1376
f 1709/3659/833 1719/5538/833 1718/3660/833
f 1716/1716/1201 1731/1731/1201 1730/1730/1201
f 1733/3662/668 1744/5539/668 1743/3663/668
f 1755/3665/832 1738/5038/832 1737/3666/832
f 1800/3668/1377 1799/5053/1377 1759/3124/1377
f 1767/1767/841 1770/1770/841 1769/1769/841
f 1779/3670/678 1778/5540/678 1777/3671/678
f 1762/1762/687 1761/1761/687 1765/3673/687
f 1773/3675/840 1772/5541/840 1792/1792/840
f 1842/1842/1378 1808/1808/1378 1810/1810/1378
f 1847/1847/1379 1849/1849/1379 1828/3133/1379
f 1829/1829/1380 1837/1837/1380 1836/1836/1380
f 1839/3677/1381 1822/1822/1381 1821/1821/1381
f 1863/3679/1382 1862/5079/1382 1854/1854/1382
f 1860/3680/1383 1859/5542/1383 1873/3681/1383
f 1899/1899/591 1898/1898/591 1893/3683/591
f 1879/3472/518 1878/5543/518 1897/3685/518
f 1909/3687/518 1908/5096/518 1914/3688/518
f 1962/1959/1384 1928/1928/1384 1930/1930/1384
f 1946/1943/1385 1948/1945/1385 2002/3690/1385
f 1934/1934/1386 1950/1947/1386 1949/1946/1386
f 1959/3692/1387 1939/1939/1387 1938/1938/1387
f 1944/3694/1388 1943/5544/1388 1978/3695/1388
f 1994/1991/1389 1989/1986/1389 1988/1985/1389
f 1983/3697/1390 1982/5545/1390 1993/3698/1390
f 2005/3700/1391 1981/1978/1391 1980/1977/1391
f 2055/2049/1384 2051/2045/1384 2053/2047/1384
f 2030/2024/1392 2032/2026/1392 2104/3702/1392
f 2036/2030/1386 2026/2020/1386 2025/2019/1386
f 2049/3704/1387 2044/2038/1387 2043/2037/1387
f 2067/3706/877 2066/5546/877 2074/3707/877
f 2076/2067/1393 2075/2066/1393 2094/2085/1393
f 2089/2720/1394 2088/5547/1394 2098/3709/1394
f 2112/3711/1395 2111/5548/1395 2083/2074/1395
f 2121/2109/1396 2123/2111/1396 2125/2113/1396
f 2150/2135/1397 2152/2137/1397 2146/3712/1397
f 2162/2147/1398 2130/2118/1398 2129/2117/1398
f 2127/3714/1399 2140/2128/1399 2139/2127/1399
f 2201/3716/1400 2200/5194/1400 2170/3205/1400
f 2177/2162/1401 2208/2190/1401 2207/2189/1401
f 2172/3718/1402 2171/5549/1402 2182/3719/1402
f 2149/3721/1403 2185/2170/1403 2184/2169/1403
f 2193/3723/1172 2192/5550/1172 2197/2182/1172
f 2214/2196/1404 2252/2228/1404 2254/2230/1404
f 2255/2231/1405 2257/2233/1405 2248/3724/1405
f 2216/2198/1386 2236/2215/1386 2235/2214/1386
f 2229/3726/881 2228/5551/881 2269/3727/881
f 2297/2273/1406 2295/2271/1406 2294/2270/1406
f 2283/3729/1407 2282/5552/1407 2293/3730/1407
f 2251/3732/1403 2275/2251/1403 2274/2250/1403
f 2304/3734/1172 2303/5553/1172 2308/2284/1172
f 2310/2286/1384 2312/2288/1384 2314/2290/1384
f 2345/2318/1408 2347/2320/1408 2371/3735/1408
f 2318/2294/1386 2317/2293/1386 2316/2292/1386
f 2343/3737/1409 2323/2299/1409 2322/2298/1409
f 2328/3739/881 2327/5554/881 2359/3740/881
f 2373/2343/1393 2372/2342/1393 2394/2364/1393
f 2383/2723/1410 2382/5555/1410 2392/3742/1410
f 2376/3744/1411 2375/5556/1411 2380/2350/1411
f 2406/2376/1384 2408/2378/1384 2410/2380/1384
f 2435/2405/1408 2437/2407/1408 2479/3745/1408
f 2415/2385/1386 2425/2395/1386 2424/2394/1386
f 2418/3747/1409 2428/2398/1409 2427/2397/1409
f 2451/3749/887 2450/5557/887 2458/3750/887
f 2496/2460/1393 2495/2459/1393 2472/2439/1393
f 2466/3752/1410 2465/5558/1410 2470/3753/1410
f 2490/3755/1172 2489/5559/1172 2488/2452/1172
f 2502/2466/1384 2536/2500/1384 2535/2499/1384
f 2539/3756/1412 2522/2486/1412 2524/2488/1412
f 2546/2507/1413 2515/2479/1413 2514/2478/1413
f 2520/3758/1414 2518/2482/1414 2517/2481/1414
f 2553/3760/1415 2552/5560/1415 2590/3761/1415
f 2570/2528/1416 2568/2526/1416 2567/2525/1416
f 2593/2749/1407 2592/5561/1407 2575/3763/1407
f 2578/2536/1417 2577/2535/1417 2537/3765/1417
f 2580/3767/1411 2579/5562/1411 2566/2524/1411
f 2615/3768/1418 2619/5563/1418 2618/3769/1418
f 2613/3771/1419 2599/3488/1419 2598/3772/1419
f 2630/3774/1420 2637/5564/1420 2636/3775/1420
f 2634/3777/1421 2633/5565/1421 2644/2602/1421
f 27/3778/762 26/5566/762 20/3779/762
f 50/3780/1422 52/4509/1422 45/3781/1422
f 66/3783/755 65/5567/755 55/3784/755
f 53/3785/569 55/4517/569 64/64/569
f 88/88/897 87/87/897 94/94/897
f 123/3786/572 122/5568/572 106/3787/572
f 104/3788/569 106/4531/569 115/115/569
f 146/146/574 148/148/574 141/141/574
f 159/3789/755 158/5569/755 151/3790/755
f 149/3791/895 151/4552/895 172/172/895
f 179/179/574 181/181/574 183/183/574
f 201/3792/572 200/5570/572 214/3793/572
f 212/3794/520 214/4567/520 205/205/520
f 230/230/574 232/232/574 228/228/574
f 255/3795/755 254/5571/755 247/3796/755
f 245/3797/573 247/4586/573 259/259/573
f 272/272/574 274/274/574 279/279/574
f 297/3798/569 296/4608/569 307/307/569
f 326/326/574 328/328/574 324/324/574
f 348/3799/619 347/5572/619 358/3800/619
f 356/3801/520 358/4627/520 346/346/520
f 370/370/574 369/369/574 375/375/574
f 393/3802/624 392/5573/624 391/3803/624
f 389/3804/520 391/4641/520 403/403/520
f 425/425/574 427/427/574 424/424/574
f 447/3805/755 446/5574/755 458/3806/755
f 467/467/574 469/469/574 477/477/574
f 489/3807/572 488/5575/572 505/3808/572
f 503/3809/520 505/4677/520 499/499/520
f 552/3810/755 551/5576/755 535/3811/755
f 533/3812/520 535/4695/520 541/541/520
f 566/566/574 568/568/574 564/564/574
f 594/3813/572 593/5577/572 583/3814/572
f 581/3815/520 583/4713/520 592/592/520
f 608/608/574 610/610/574 621/621/574
f 641/3816/572 643/5578/572 640/640/572
f 633/633/1142 638/5579/1142 640/3817/1142
f 656/656/897 658/658/897 660/660/897
f 699/3818/572 698/5580/572 697/697/572
f 693/693/1202 695/5581/1202 697/3819/1202
f 722/722/577 724/724/577 708/708/577
f 732/3820/768 731/5582/768 743/743/768
f 770/770/1423 772/772/1423 753/753/1423
f 779/3821/572 781/5583/572 775/775/572
f 786/786/1202 773/5584/1202 775/3822/1202
f 843/3823/755 842/5585/755 826/826/755
f 834/834/1202 824/5586/1202 826/3824/1202
f 866/866/577 868/868/577 849/849/577
f 888/3825/572 887/5587/572 886/886/572
f 876/876/1202 884/5588/1202 886/3826/1202
f 899/899/577 901/901/577 903/903/577
f 933/3827/755 932/5589/755 928/928/755
f 930/930/1202 926/5590/1202 928/3828/1202
f 961/961/577 960/960/577 951/951/577
f 980/3829/572 982/5591/572 967/967/572
f 975/975/1202 965/5592/1202 967/3830/1202
f 1012/1012/577 1011/1011/577 999/999/577
f 1026/3831/572 1025/5593/572 1015/1015/572
f 1032/1032/1202 1013/5594/1202 1015/3832/1202
f 1045/1045/577 1044/1044/577 1053/1053/577
f 1080/3833/572 1079/5595/572 1075/1075/572
f 1077/1077/1175 1073/5596/1175 1075/3834/1175
f 1119/3835/1043 1118/5597/1043 1129/1129/1043
f 1116/1116/1175 1127/5598/1175 1129/3836/1175
f 1156/1156/897 1155/1155/897 1137/1137/897
f 1161/3837/1424 1160/4881/1424 1175/3838/1424
f 1187/1187/1008 1189/1189/1008 1191/1191/1008
f 1218/3840/762 1217/5599/762 1207/3841/762
f 1205/3842/520 1207/4896/520 1222/1222/520
f 1238/1238/577 1240/1240/577 1242/1242/577
f 1271/3843/1425 1273/5600/1425 1270/3844/1425
f 1254/3846/1426 1268/5601/1426 1270/3847/1426
f 1288/1288/1427 1292/1292/1427 1294/1294/1427
f 1278/1278/1428 1290/1290/1428 1289/1289/1428
f 1288/3849/1429 1287/4915/1429 1277/3850/1429
f 1303/3852/1430 1302/4917/1430 1314/3853/1430
f 1346/3855/1431 1348/5602/1431 1328/3856/1431
f 1341/3858/1432 1340/3087/1432 1336/3859/1432
f 1330/3857/1433 1329/5603/1433 1334/3861/1433
f 1354/3862/1434 1353/4932/1434 1368/3863/1434
f 1395/3865/1435 1394/5604/1435 1388/3866/1435
f 1383/3868/1436 1382/5605/1436 1375/3869/1436
f 1390/1390/1437 1389/1389/1437 1373/1373/1437
f 1399/3871/1438 1398/5606/1438 1416/3872/1438
f 1421/3874/1435 1423/5607/1435 1427/3875/1435
f 1439/3877/1436 1441/5608/1436 1435/3878/1436
f 1429/1429/1437 1428/1428/1437 1433/1433/1437
f 1447/3880/1438 1446/5609/1438 1461/3881/1438
f 1491/3883/1179 1490/5610/1179 1486/3884/1179
f 1480/1480/1437 1479/1479/1437 1484/1484/1437
f 1498/3886/1439 1497/5611/1439 1506/3887/1439
f 1517/3889/1203 1519/5612/1203 1532/3890/1203
f 1534/1534/1437 1533/1533/1437 1524/1524/1437
f 1556/3892/1439 1558/5613/1439 1554/3893/1439
f 1586/3895/1440 1588/5614/1440 1577/3896/1440
f 1581/3898/1441 1580/5003/1441 1570/3899/1441
f 1579/3901/1442 1578/5002/1442 1568/3902/1442
f 1591/3904/1443 1590/5004/1443 1608/3905/1443
f 1636/1636/1444 1631/1631/1444 1633/1633/1444
f 1617/1617/1159 1629/1629/1159 1628/1628/1159
f 1618/1618/670 1636/1636/670 1635/1635/670
f 1655/1655/1445 1652/1652/1445 1654/1654/1445
f 1661/3907/1440 1663/5615/1440 1670/3908/1440
f 1674/3910/1446 1673/5024/1446 1666/3911/1446
f 1672/3913/1442 1671/5025/1442 1664/3914/1442
f 1693/3916/1443 1692/5028/1443 1697/3917/1443
f 1720/1720/1447 1713/1713/1447 1712/1712/1447
f 1725/1725/1448 1728/1728/1448 1727/1727/1448
f 1726/1726/670 1720/1720/670 1719/1719/670
f 1754/1754/1449 1735/1735/1449 1734/1734/1449
f 1793/3919/1450 1795/5616/1450 1799/1799/1450
f 1785/1785/1451 1774/5617/1451 1773/3675/1451
f 1779/3670/1259 1802/5061/1259 1804/3920/1259
f 1785/3922/572 1784/5054/572 1761/3923/572
f 1804/1804/576 1803/1803/576 1758/1758/576
f 1834/1834/539 1833/1833/539 1836/1836/539
f 1848/3925/795 1847/5067/795 1842/1842/795
f 1865/1865/588 1867/1867/588 1862/1862/588
f 1875/1875/758 1874/1874/758 1870/1870/758
f 1864/3926/1452 1863/5082/1452 1868/3927/1452
f 1894/1894/539 1893/1893/539 1896/1896/539
f 1901/1901/765 1903/1903/765 1908/1908/765
f 1919/1919/570 1921/1921/570 1910/1910/570
f 1947/3929/897 1946/5113/897 1962/1959/897
f 2015/2009/1453 2017/2011/1453 1940/3156/1453
f 2007/2001/1454 2013/5618/1454 2012/2693/1454
f 1983/3697/1455 1985/5134/1455 1987/3930/1455
f 2007/3932/522 2006/5619/522 1980/3933/522
f 1987/1984/542 1986/1983/542 1977/3935/542
f 2041/2035/585 2040/2034/585 2025/2019/585
f 2031/3937/577 2030/5147/577 2055/2049/577
f 2069/2060/1456 2071/2062/1456 2063/3175/1456
f 2079/2070/1457 2113/5620/1457 2112/3711/1457
f 2079/3938/522 2078/5621/522 2105/3939/522
f 2092/2083/542 2091/2082/542 2073/3941/542
f 2151/3943/897 2150/5175/897 2121/2109/897
f 2165/2150/1458 2167/2152/1458 2200/2184/1458
f 2187/2172/1459 2194/5622/1459 2193/3723/1459
f 2172/3718/1460 2210/5198/1460 2212/3944/1460
f 2187/3946/522 2186/5623/522 2184/3947/522
f 2212/2194/935 2211/2193/935 2169/3949/935
f 2238/2217/759 2237/2216/759 2235/2214/759
f 2256/3951/897 2255/5205/897 2214/2196/897
f 2270/2246/1461 2272/2248/1461 2225/3210/1461
f 2280/2256/1462 2305/5624/1462 2304/3734/1462
f 2283/3729/1463 2288/5234/1463 2290/3952/1463
f 2280/3954/1464 2279/5625/1464 2274/3955/1464
f 2290/2266/1263 2289/2265/1263 2268/3957/1263
f 2334/2307/759 2333/2306/759 2316/2292/759
f 2346/3959/621 2345/5240/621 2310/2286/621
f 2360/2333/1456 2362/2335/1456 2324/3229/1456
f 2397/2367/1465 2377/5626/1465 2376/3744/1465
f 2397/3960/1464 2396/5627/1464 2363/3961/1464
f 2387/2357/935 2389/2359/935 2358/3963/935
f 2421/2391/759 2420/2390/759 2424/2394/759
f 2436/3965/621 2435/5271/621 2406/2376/621
f 2453/2420/1466 2455/2422/1466 2447/3247/1466
f 2463/2430/1462 2491/5628/1462 2490/3755/1462
f 2466/3752/587 2498/5295/587 2500/3966/587
f 2463/3968/1464 2462/5629/1464 2480/3969/1464
f 2500/2464/935 2499/2463/935 2457/3971/935
f 2532/2496/585 2531/2495/585 2514/2478/585
f 2523/3973/621 2522/5301/621 2502/2466/621
f 2582/2540/1467 2584/2542/1467 2549/3264/1467
f 2562/2520/1462 2581/5630/1462 2580/3767/1462
f 2562/3974/940 2561/5631/940 2577/3975/940
f 2596/2554/935 2595/2553/935 2589/3977/935
f 2612/3979/1468 2617/5632/1468 2616/3770/1468
f 2638/2596/1469 2639/2597/1469 2641/2599/1469
f 2622/3980/1470 2628/5633/1470 2627/3285/1470
f 2638/3982/597 2637/5341/597 2621/2579/597
f 28/28/529 27/27/529 7/3983/529
f 51/3985/1471 50/5634/1471 48/3986/1471
f 67/67/631 66/66/631 72/3987/631
f 86/2771/584 88/5635/584 84/84/584
f 124/124/591 123/123/591 103/3989/591
f 147/3991/584 146/5636/584 132/132/584
f 160/160/631 159/159/631 157/3992/631
f 180/3994/584 179/5637/584 193/193/584
f 202/202/591 201/201/591 199/3995/591
f 231/3997/584 230/5638/584 240/240/584
f 256/256/631 255/255/631 253/3998/631
f 273/4000/633 272/5639/633 270/270/633
f 327/4001/633 326/5640/633 336/336/633
f 349/349/631 348/348/631 343/4002/631
f 368/2774/633 370/5641/633 387/387/633
f 394/394/591 393/393/591 399/4004/591
f 426/4006/633 425/5642/633 417/417/633
f 448/448/631 447/447/631 439/4007/631
f 468/4009/522 467/5643/522 483/483/522
f 490/490/591 489/489/591 487/4010/591
f 516/4012/522 515/5644/522 531/531/522
f 553/553/1146 552/552/1146 550/4013/1146
f 567/4015/522 566/5645/522 579/579/522
f 595/595/519 594/594/519 598/4016/519
f 609/4018/522 608/5646/522 625/625/522
f 668/668/1212 657/657/1212 656/656/1212
f 689/4019/555 700/4743/555 699/4020/555
f 719/719/1216 723/723/1216 722/722/1216
f 726/4022/555 733/4755/555 732/4023/555
f 749/749/1145 771/771/1145 770/770/1145
f 816/816/1186 810/810/1186 809/809/1186
f 822/4025/1184 844/4783/1184 843/4026/1184
f 858/858/1186 867/867/1186 866/866/1186
f 870/4028/1184 889/4797/1184 888/4029/1184
f 914/914/1186 900/900/1186 899/899/1186
f 939/4031/1184 934/4813/1184 933/4032/1184
f 1017/4034/555 1027/4841/555 1026/4035/555
f 1055/1055/1216 1043/1043/1216 1045/1045/1216
f 1065/4037/555 1081/4854/555 1080/4038/555
f 1097/1097/1216 1092/1092/1216 1091/1091/1216
f 1110/4040/1472 1120/4866/1472 1119/4041/1472
f 1162/1162/1473 1161/1161/1473 1180/1180/1473
f 1188/4043/1474 1187/5647/1474 1203/4044/1474
f 1219/1219/1146 1218/1218/1146 1210/4046/1146
f 1239/4048/522 1238/5648/522 1236/1236/522
f 1281/4049/1475 1291/5649/1475 1290/4050/1475
f 1321/1321/1476 1320/1320/1476 1317/1317/1476
f 1322/4052/1477 1301/5650/1477 1303/4053/1477
f 1338/4055/1478 1342/4925/1478 1341/4056/1478
f 1363/4058/1479 1362/5651/1479 1356/1356/1479
f 1352/1352/611 1354/1354/611 1365/4059/611
f 1384/1384/596 1383/1383/596 1381/1381/596
f 1411/1411/1480 1410/1410/1480 1419/1419/1480
f 1397/1397/605 1399/1399/605 1413/1413/605
f 1455/1455/1481 1454/1454/1481 1464/1464/1481
f 1445/1445/605 1447/1447/605 1467/1467/605
f 1492/1492/596 1491/1491/596 1474/1474/596
f 1513/1513/1482 1512/1512/1482 1503/1503/1482
f 1496/1496/605 1498/1498/605 1509/1509/605
f 1527/1527/596 1526/1526/596 1540/1540/596
f 1552/1552/1481 1551/1551/1481 1545/1545/1481
f 1582/1582/1483 1581/1581/1483 1576/1576/1483
f 1606/1606/1484 1605/1605/1484 1599/1599/1484
f 1610/4061/1485 1589/5652/1485 1591/4062/1485
f 1620/4064/1248 1630/5653/1248 1629/4065/1248
f 1646/4067/1486 1641/5654/1486 1640/4068/1486
f 1675/1675/1483 1674/1674/1483 1683/1683/1483
f 1696/1696/1484 1695/1695/1484 1686/1686/1484
f 1707/4070/1485 1691/5655/1485 1693/4071/1485
f 1731/4073/1247 1729/5656/1247 1728/4074/1247
f 1749/4076/1246 1741/5657/1246 1740/4077/1246
f 1752/1752/1152 1733/1733/1152 1735/1735/1152
f 1797/1797/1255 1803/1803/1255 1802/1802/1255
f 1812/1812/1251 1810/5065/1251 1809/4079/1251
f 1849/4080/1252 1848/5078/1252 1845/1845/1252
f 1819/4081/676 1829/5071/676 1831/4082/676
f 1876/1876/1487 1875/1875/1487 1861/4084/1487
f 1891/4086/521 1890/5092/521 1885/1885/521
f 1892/1892/611 1894/1894/611 1888/4087/611
f 1956/1953/1488 1930/5104/1488 1929/4089/1488
f 1948/4090/1489 1947/5126/1489 1968/1965/1489
f 1927/4091/1490 1934/5107/1490 1936/4092/1490
f 2019/2013/1491 1986/5122/1491 1985/4094/1491
f 2005/4095/1492 2004/4277/1492 1996/4096/1492
f 2046/2040/1493 2053/5141/1493 2052/4098/1493
f 2032/4099/1494 2031/5148/1494 2034/2028/1494
f 2029/4100/676 2036/5140/676 2038/4101/676
f 2085/2076/1491 2091/5156/1491 2090/4103/1491
f 2100/4104/1495 2099/5658/1495 2095/4105/1495
f 2142/2130/1496 2125/5169/1496 2124/4107/1496
f 2152/4108/1489 2151/5176/1489 2158/2143/1489
f 2119/4109/1497 2162/5171/1497 2164/4110/1497
f 2204/2186/1498 2211/5197/1498 2210/4112/1498
f 2149/4113/1499 2148/4284/1499 2179/4114/1499
f 2244/2223/1493 2254/5204/1493 2253/4116/1493
f 2257/4117/1500 2256/5201/1500 2232/2211/1500
f 2266/4118/1490 2216/5207/1490 2218/4119/1490
f 2286/2262/1501 2289/5221/1501 2288/4121/1501
f 2251/4122/1492 2250/4288/1492 2299/4123/1492
f 2337/2310/1488 2314/5239/1488 2313/4125/1488
f 2347/4126/1502 2346/5236/1502 2332/2305/1502
f 2356/4127/1490 2318/5245/1490 2320/4128/1490
f 2367/4130/1503 2366/5659/1503 2395/4131/1503
f 2433/2403/1488 2410/5270/1488 2409/4133/1488
f 2437/4134/1502 2436/5267/1502 2445/2415/1502
f 2493/2457/1504 2499/5285/1504 2498/4135/1504
f 2475/4136/1503 2474/5660/1503 2473/4137/1503
f 2505/2469/1488 2535/5300/1488 2534/4139/1488
f 2524/4140/1489 2523/5297/1489 2526/2490/1489
f 2509/4141/964 2546/5308/964 2548/4142/964
f 2586/2544/1505 2595/5323/1505 2594/4144/1505
f 2542/4145/1499 2541/4299/1499 2572/4146/1499
f 2604/4148/1506 2611/5661/1506 2610/4149/1506
f 2607/4150/1507 2615/5662/1507 2617/4151/1507
f 2634/4153/1508 2629/5663/1508 2628/4154/1508
f 42/4156/1509 41/5664/1509 37/4157/1509
f 39/4159/1510 38/2820/1510 35/35/1510
f 89/89/576 91/91/576 97/97/576
f 99/4160/1511 98/4525/1511 95/4161/1511
f 129/129/576 128/128/576 139/139/576
f 145/4163/1511 144/4539/1511 137/4164/1511
f 195/195/576 194/194/576 187/187/576
f 175/4166/597 174/4557/597 185/4167/597
f 225/225/576 224/224/576 235/235/576
f 237/4169/597 236/4575/597 233/4170/597
f 291/291/576 290/290/576 283/283/576
f 285/4172/542 284/4599/542 281/4173/542
f 321/4175/542 320/4612/542 330/4176/542
f 371/371/758 373/373/758 367/367/758
f 382/4178/542 381/4634/542 365/4179/542
f 435/435/576 434/434/576 421/421/576
f 432/4181/542 431/4649/542 419/4182/542
f 474/474/576 473/473/576 466/466/576
f 471/4184/542 470/4671/542 464/4185/542
f 528/528/576 527/527/576 526/526/576
f 510/4187/542 509/4685/542 524/4188/542
f 576/576/576 575/575/576 574/574/576
f 570/4190/542 569/4704/542 572/4191/542
f 627/627/576 626/626/576 614/614/576
f 675/675/1512 674/674/1512 655/655/1512
f 655/4193/1513 666/666/1513 665/665/1513
f 711/711/751 710/710/751 706/706/751
f 706/4195/1513 717/717/1513 716/716/1513
f 756/756/751 755/755/751 763/763/751
f 763/4197/1513 768/768/1513 767/767/1513
f 819/819/751 818/818/751 805/805/751
f 805/4199/614 813/813/614 812/812/614
f 864/864/576 863/863/576 847/847/576
f 847/4201/614 852/852/614 851/851/614
f 897/897/751 896/896/751 895/895/751
f 895/4203/614 907/907/614 906/906/614
f 954/954/576 953/953/576 964/964/576
f 964/4205/614 945/945/614 944/944/614
f 993/993/751 992/992/751 997/997/751
f 997/4207/614 1003/1003/614 1002/1002/614
f 1040/4209/1513 1038/1038/1513 1037/1037/1513
f 1095/1095/751 1094/1094/751 1087/1087/751
f 1087/4211/1513 1101/1101/1513 1100/1100/1513
f 1140/1140/751 1139/1139/751 1145/1145/751
f 1200/1200/758 1199/1199/758 1193/1193/758
f 1251/1251/751 1250/1250/751 1246/1246/751
f 1248/4213/542 1247/4904/542 1244/4214/542
f 1299/1299/1514 1283/1283/1514 1285/1285/1514
f 1298/4216/1515 1300/5665/1515 1296/4217/1515
f 1309/4219/1516 1308/4918/1516 1320/4220/1516
f 1331/4222/1517 1333/3642/1517 1327/4223/1517
f 1325/4225/1518 1327/4223/1518 1344/3409/1518
f 1360/4227/1519 1359/4934/1519 1362/4228/1519
f 1391/4230/1520 1393/5666/1520 1378/4231/1520
f 1376/1376/1521 1378/1378/1521 1387/1387/1521
f 1405/4233/1192 1404/5667/1192 1410/4234/1192
f 1424/4236/1520 1426/5668/1520 1438/4237/1520
f 1436/1436/1521 1438/1438/1521 1431/1431/1521
f 1487/4239/1522 1489/5669/1522 1471/4240/1522
f 1469/1469/1521 1471/1471/1521 1476/1476/1521
f 1516/4242/1523 1515/5670/1523 1512/4243/1523
f 1535/4245/1522 1537/5671/1522 1531/4246/1522
f 1529/1529/1521 1531/1531/1521 1521/1521/1521
f 1549/4248/1523 1548/5672/1523 1551/4249/1523
f 1565/4251/1524 1567/5001/1524 1585/4252/1524
f 1583/4254/1525 1585/5673/1525 1572/4255/1525
f 1597/4257/1526 1596/5005/1526 1605/4258/1526
f 1627/1627/1340 1613/1613/1340 1615/1615/1340
f 1680/4260/1527 1679/5026/1527 1678/4261/1527
f 1676/4263/1525 1678/5674/1525 1668/4264/1525
f 1690/4266/1526 1689/5027/1526 1695/4267/1526
f 1710/1710/1528 1715/1715/1528 1717/1717/1528
f 1721/1721/1200 1709/1709/1200 1711/1711/1200
f 1739/1739/1529 1745/1745/1529 1747/1747/1529
f 1781/1781/1 1783/1783/1 1763/1763/1
f 1797/1797/547 1796/1796/547 1801/1801/547
f 1823/1823/792 1825/1825/792 1831/1831/792
f 1827/1827/793 1826/1826/793 1809/1809/793
f 1871/1871/762 1873/1873/762 1855/1855/762
f 1853/4269/1530 1855/5675/1530 1857/4270/1530
f 1882/1882/1008 1881/1881/1008 1890/1890/1008
f 1917/4272/755 1916/5676/755 1915/4273/755
f 1913/4274/520 1915/5102/520 1905/1905/520
f 1935/1935/1531 1943/1940/1531 1942/4275/1531
f 2003/4276/1532 2002/5114/1532 1929/1929/1532
f 1997/1994/793 1999/1996/793 2004/4277/793
f 2019/2013/792 2018/2012/792 1945/1942/792
f 2037/2031/1533 2066/2057/1533 2065/4279/1533
f 2103/4280/793 2102/5153/793 2052/2046/793
f 2108/2096/1534 2110/2098/1534 2101/4281/1534
f 2085/2076/792 2084/2075/792 2068/2059/792
f 2203/2183/792 2202/2185/792 2164/2149/792
f 2147/4283/1532 2146/5178/1532 2124/2112/1532
f 2174/2159/793 2176/2161/793 2148/4284/793
f 2217/2199/1535 2228/2207/1535 2227/4286/1535
f 2249/4287/1532 2248/5214/1532 2253/2229/1532
f 2276/2252/793 2278/2254/793 2250/4288/793
f 2286/2262/792 2285/2261/792 2230/2209/792
f 2319/2295/1531 2327/2300/1531 2326/4290/1531
f 2370/4291/793 2369/5242/793 2313/2289/793
f 2399/2369/1534 2401/2371/1534 2368/4292/1534
f 2384/2354/792 2386/2356/792 2329/2302/792
f 2416/2386/1536 2450/2417/1536 2449/4294/1536
f 2478/4295/793 2477/5273/793 2409/2379/793
f 2459/2426/1534 2461/2428/1534 2476/4296/1534
f 2493/2457/792 2492/2456/792 2452/2419/792
f 2547/2508/1537 2552/2510/1537 2551/4298/1537
f 2558/2516/793 2560/2518/793 2541/4299/793
f 2586/2544/792 2585/2543/792 2554/2512/792
f 2609/4301/1538 2602/5677/1538 2601/3281/1538
f 2631/4302/1539 2642/5678/1539 2644/4303/1539
f 2630/4305/569 2632/4304/569 2625/2583/569
f 6/6/610 5/5/610 25/4306/610
f 43/43/1540 42/42/1540 52/4308/1540
f 102/102/610 101/101/610 112/4309/610
f 130/4311/550 129/5679/550 148/4312/550
f 156/156/610 155/155/610 169/4313/610
f 196/4315/1019 195/5680/1019 181/4316/1019
f 198/198/610 197/197/610 216/4317/610
f 226/4319/550 225/5681/550 232/4320/550
f 252/252/1541 251/251/1541 265/4321/1541
f 292/4323/1019 291/5682/1019 274/4324/1019
f 299/299/571 301/301/571 316/4325/571
f 333/4327/550 332/5683/550 328/4328/550
f 342/342/1541 341/341/1541 360/4329/1541
f 436/4331/550 435/5684/550 427/4332/550
f 438/438/571 437/437/571 445/4333/571
f 475/4335/1019 474/5685/1019 469/4336/1019
f 486/486/611 485/485/611 508/4337/611
f 529/4339/550 528/5686/550 517/4340/550
f 549/549/611 548/548/611 538/4341/611
f 577/4343/806 576/5687/806 568/4344/806
f 597/597/611 596/596/611 604/4345/611
f 628/4347/806 627/5688/806 610/4348/806
f 647/4349/1542 644/644/1542 646/646/1542
f 657/4351/1197 676/4737/1197 675/4352/1197
f 723/4354/1197 712/4753/1197 711/4355/1197
f 747/4357/1196 726/726/1196 725/725/1196
f 771/4359/1197 757/4762/1197 756/4360/1197
f 792/4362/1164 776/776/1164 778/778/1164
f 810/4364/1543 820/4779/1543 819/4365/1543
f 840/4367/1196 822/822/1196 821/821/1196
f 867/4369/1543 865/4795/1543 864/4370/1543
f 873/4372/1196 870/870/1196 869/869/1196
f 900/4374/1544 898/4807/1544 897/4375/1544
f 924/4377/1196 939/939/1196 938/938/1196
f 959/4379/1543 955/4822/1543 954/4380/1543
f 972/4382/1164 983/983/1164 985/985/1164
f 1010/4384/1543 994/4832/1543 993/4385/1543
f 1029/4387/1542 1017/1017/1542 1016/1016/1542
f 1083/4389/1196 1065/1065/1196 1064/1064/1196
f 1092/4391/1197 1096/4862/1197 1095/4392/1197
f 1131/4394/1357 1110/1110/1357 1109/1109/1357
f 1154/4396/1197 1141/4878/1197 1140/4397/1197
f 1179/1179/1545 1178/1178/1545 1171/1171/1545
f 1201/1201/1546 1200/1200/1546 1189/4399/1546
f 1209/1209/611 1208/1208/611 1228/4401/611
f 1252/4403/550 1251/5689/550 1240/4404/550
f 1263/4405/1547 1274/5690/1547 1276/4406/1547
f 1304/4408/1548 1307/5691/1548 1309/4409/1548
f 1358/3093/940 1360/5692/940 1372/1372/940
f 1403/1403/1549 1405/1405/1549 1408/1408/1549
f 1458/1458/1549 1457/1457/1549 1453/1453/1549
f 1514/1514/1549 1516/1516/1549 1501/1501/1549
f 1547/1547/1549 1549/1549/1549 1564/1564/1549
f 1602/4411/1550 1595/5693/1550 1597/4412/1550
f 1659/1659/1201 1644/1644/1201 1643/1643/1201
f 1704/4414/1550 1688/5694/1550 1690/4415/1550
f 1794/1794/1378 1789/1789/1378 1788/1788/1378
f 1806/4417/1377 1805/5063/1377 1819/4081/1377
f 1880/3146/522 1882/5695/522 1900/1900/522
f 1965/4419/834 1964/5111/834 1927/4091/834
f 2016/4421/1551 1975/1972/1551 1974/1971/1551
f 2058/4423/834 2057/5145/834 2029/4100/834
f 2070/4425/1552 2116/2104/1552 2115/2103/1552
f 2155/4427/1553 2154/5174/1553 2119/4109/1553
f 2166/4429/1554 2191/2176/1554 2190/2175/1554
f 2259/4431/1553 2258/5202/1553 2266/4118/1553
f 2271/4433/1555 2302/2278/1555 2301/2277/1555
f 2349/4435/1553 2348/5237/1553 2356/4127/1553
f 2361/4437/1556 2404/2374/1556 2403/2373/1556
f 2439/4439/1553 2438/5268/1553 2413/2763/1553
f 2454/4441/1557 2485/2449/1557 2484/2448/1557
f 2544/4443/1553 2543/5298/1553 2509/4141/1553
f 2583/4445/1558 2557/2515/1558 2556/2514/1558
f 2619/4447/1559 2600/5696/1559 2602/4448/1559
f 8/8/577 10/10/577 18/18/577
f 59/59/795 61/61/795 62/62/795
f 107/107/574 109/109/574 113/113/574
f 161/161/795 163/163/795 170/170/795
f 219/219/574 218/218/574 203/203/574
f 266/266/795 268/268/795 257/257/795
f 308/308/574 310/310/574 305/305/574
f 363/363/795 362/362/795 344/344/795
f 410/410/574 412/412/574 401/401/574
f 449/449/1036 451/451/1036 456/456/1036
f 494/494/897 496/496/897 497/497/897
f 554/554/795 556/556/795 539/539/795
f 587/587/574 589/589/574 590/590/574
f 651/651/1036 650/650/1036 632/632/1036
f 680/680/574 682/682/574 692/692/574
f 728/728/897 730/730/897 741/741/897
f 782/782/574 784/784/574 785/785/574
f 827/827/574 829/829/574 833/833/574
f 890/890/574 892/892/574 875/875/574
f 920/920/574 922/922/574 929/929/574
f 986/986/574 988/988/574 974/974/574
f 1019/1019/574 1021/1021/574 1031/1031/574
f 1070/1070/574 1072/1072/574 1076/1076/574
f 1157/4450/1560 1159/5697/1560 1173/4451/1560
f 1214/1214/795 1216/1216/795 1220/1220/795
f 1256/4453/1561 1258/4912/1561 1253/4454/1561
f 1775/1775/539 1777/1777/539 1767/1767/539
f 1790/4456/795 1792/5058/795 1794/1794/795
f 1838/4457/572 1840/3678/572 1811/4458/572
f 1851/1851/576 1850/1850/576 1818/1818/576
f 1971/1968/758 1970/1967/758 1926/1926/758
f 1991/1988/520 1993/1990/520 1994/4460/520
f 2010/4461/611 2009/5698/611 2016/2010/611
f 2048/4462/624 2050/3705/624 2045/4463/624
f 2061/2055/758 2060/2054/758 2028/2022/758
f 2081/4465/611 2083/5699/611 2070/2061/611
f 2126/4466/624 2128/3715/624 2141/4467/624
f 2160/2145/751 2159/2144/751 2118/2106/751
f 2180/2165/520 2182/2167/520 2177/4469/520
f 2195/4470/611 2197/5700/611 2166/2151/611
f 2223/4471/762 2222/5209/762 2243/4472/762
f 2262/2238/758 2261/2237/758 2265/2241/758
f 2291/2267/520 2293/2269/520 2297/4474/520
f 2306/4475/1042 2308/5701/1042 2271/2247/1042
f 2342/4476/624 2344/3738/624 2336/4477/624
f 2353/2326/758 2352/2325/758 2355/2328/758
f 2390/2360/520 2392/2362/520 2393/4479/520
f 2378/4481/611 2380/5702/611 2361/2334/611
f 2417/4482/624 2419/3748/624 2432/4483/624
f 2443/2413/758 2442/2412/758 2412/2382/758
f 2468/2435/520 2470/2437/520 2471/4485/520
f 2486/4487/611 2488/5703/611 2454/2421/611
f 2519/4488/624 2521/3759/624 2504/4489/624
f 2529/2493/751 2528/2492/751 2508/2472/751
f 2573/2531/1041 2575/2533/1041 2570/4491/1041
f 2564/4492/611 2566/5704/611 2583/2541/611
f 1943/1940/1562 1935/1935/1562 1940/3156/1562
f 1935/1935/1563 1954/1951/1563 1940/3156/1563
f 1944/5123/1564 1945/5705/1564 2017/5124/1564
f 1958/5128/1047 1957/5112/1047 2003/4276/1047
f 1958/5128/1565 2003/4276/1565 2002/5114/1565
f 2003/4278/1566 2004/4277/1566 2005/4095/1566
f 1980/5133/1567 2006/5137/1567 2003/4278/1567
f 2066/2057/1568 2037/2031/1568 2063/3175/1568
f 2037/2031/1569 2040/2034/1569 2063/3175/1569
f 2104/3702/797 2064/3179/797 2049/2043/797
f 2049/2043/1570 2102/2092/1570 2104/3702/1570
f 2067/5157/1571 2068/5706/1571 2071/5158/1571
f 2078/5164/1572 2101/4281/1572 2100/4282/1572
f 2099/5166/1573 2105/5707/1573 2078/5164/1573
f 2126/5180/1047 2143/5177/1047 2147/4283/1047
f 2126/5180/1565 2147/4283/1565 2146/5178/1565
f 2140/5184/1574 2201/5181/1574 2200/5708/1574
f 2133/5464/1575 2140/5184/1575 2200/5708/1575
f 2198/3191/1576 2133/5464/1576 2200/5708/1576
f 2147/4285/1577 2148/4284/1577 2149/4113/1577
f 2184/5187/1567 2186/5186/1567 2147/4285/1567
f 2204/2186/1578 2199/2761/1578 2211/5197/1578
f 2199/2761/1579 2200/2184/1579 2201/3199/1579
f 2228/2207/1580 2217/2199/1580 2225/3210/1580
f 2217/2199/1581 2237/2216/1581 2225/3210/1581
f 2223/5216/1582 2245/5226/1582 2249/4287/1582
f 2223/5216/1583 2249/4287/1583 2248/5214/1583
f 2229/5222/1584 2230/5709/1584 2272/5223/1584
f 2249/4289/1585 2250/4288/1585 2251/4122/1585
f 2274/5228/1567 2279/5227/1567 2249/4289/1567
f 2327/2300/1568 2319/2295/1568 2324/3229/1568
f 2319/2295/1586 2333/2306/1586 2324/3229/1586
f 2371/3735/797 2325/3235/797 2343/2316/797
f 2343/2316/1587 2369/2341/1587 2371/3735/1587
f 2328/5254/1588 2329/5710/1588 2362/5255/1588
f 2396/5263/1572 2368/4292/1572 2367/4293/1572
f 2366/5262/1573 2363/5711/1573 2396/5263/1573
f 2450/2417/1568 2416/2386/1568 2447/3247/1568
f 2416/2386/1589 2420/2390/1589 2447/3247/1589
f 2479/3745/797 2448/3253/797 2418/2388/797
f 2418/2388/1590 2477/2443/1590 2479/3745/1590
f 2451/5286/1591 2452/5712/1591 2455/5287/1591
f 2462/5292/1592 2476/4296/1592 2475/4297/1592
f 2474/5294/1573 2480/5713/1573 2462/5292/1573
f 2522/5301/1593 2539/5714/1593 2538/5317/1593
f 2552/2510/1562 2547/2508/1562 2549/3264/1562
f 2547/2508/1594 2531/2495/1594 2549/3264/1594
f 2541/4299/1595 2542/4145/1595 2540/4300/1595
f 2542/4145/1596 2577/5320/1596 2540/4300/1596
f 2553/5324/1564 2554/5715/1564 2584/5325/1564
