# Blender 4.5.0
# www.blender.org
mtllib commuter_001.lod1.mtl
o commuter_001
v 1.176305 3.324393 10.004152
v -1.126458 3.357248 9.998164
v 1.190966 1.042064 9.998750
v -1.183318 1.031989 9.998838
v -1.190480 1.043087 -9.999413
v -1.182748 3.331122 -9.998613
v 1.124213 3.352433 -10.001360
v -1.305159 0.952203 9.601241
v -1.404948 1.082035 9.601062
v -1.304289 3.656012 9.600656
v -1.404164 3.525445 9.601516
v 1.304179 3.656024 9.600620
v 1.404716 1.082890 9.603285
v 1.305048 0.952159 9.601503
v -1.305048 0.952158 -9.601503
v -1.405012 3.524533 -9.602937
v 1.304289 3.656010 -9.600656
v 1.405012 3.524534 9.602937
v 1.404164 3.525443 -9.601516
v -1.404716 1.082888 -9.603285
v -1.304179 3.656022 -9.600620
v 1.404948 1.082033 -9.601062
v 1.184128 1.031243 -9.998557
v 1.305159 0.952201 -9.601240
v 1.413481 1.636770 9.599630
v 1.415119 1.398265 9.599630
v 1.413481 1.398264 -9.599630
v 1.415119 1.636768 -9.599631
v 1.433606 3.167373 6.784692
v 1.433606 1.029792 8.017322
v 1.431129 3.167373 8.017322
v 1.431129 1.029792 6.784692
v 1.453537 2.885975 7.917049
v 1.455363 1.902274 7.917049
v 1.455363 2.885974 6.884964
v 1.453537 1.902274 6.884964
v 1.472000 1.041755 7.413279
v 1.471514 3.151554 7.401007
v 1.471028 1.041755 7.388734
v 1.433605 1.029792 3.116655
v 1.433606 3.167373 1.884025
v 1.431129 1.029791 1.884025
v 1.431129 3.167373 3.116655
v 1.453537 2.885975 3.016383
v 1.455363 2.885975 1.984298
v 1.455363 1.902274 3.016383
v 1.453537 1.902273 1.984297
v 1.471028 3.145392 2.512613
v 1.471514 1.035592 2.500340
v 1.472000 3.145392 2.488067
v 1.433606 3.167372 -3.116655
v 1.431129 3.167373 -1.884025
v 1.433606 1.029791 -1.884025
v 1.431129 1.029791 -3.116655
v 1.453537 2.885974 -1.984298
v 1.455363 2.885974 -3.016383
v 1.453537 1.902273 -3.016383
v 1.455363 1.902273 -1.984298
v 1.471028 3.145391 -2.488068
v 1.472000 3.145391 -2.512613
v 1.471514 1.035592 -2.500340
v 1.433606 1.029791 -6.784692
v 1.433606 3.167372 -8.017322
v 1.431129 3.167372 -6.784692
v 1.431129 1.029791 -8.017322
v 1.453537 2.885973 -6.884964
v 1.455363 1.902273 -6.884964
v 1.455363 2.885974 -7.917049
v 1.453537 1.902272 -7.917049
v 1.471028 3.145391 -7.388734
v 1.471514 1.035591 -7.401007
v 1.472000 3.145391 -7.413279
v 1.422039 2.987260 9.443579
v 1.424628 1.951265 9.443580
v 1.424628 2.987260 8.158814
v 1.422039 1.951264 8.158814
v 1.424629 1.951264 6.443171
v 1.424629 2.987260 5.158407
v 1.422038 1.951265 5.158407
v 1.422039 2.987260 6.443171
v 1.422039 1.951264 3.558189
v 1.424629 1.951265 4.842953
v 1.422038 2.987260 4.842953
v 1.424628 2.987260 3.558189
v 1.422039 1.951264 0.207733
v 1.422039 2.987260 1.492498
v 1.424628 1.951264 1.492498
v 1.424628 2.987260 0.207733
v 1.422039 2.987260 -0.207734
v 1.424628 1.951264 -0.207734
v 1.424628 2.987260 -1.492498
v 1.422039 1.951264 -1.492498
v 1.422039 2.987259 -3.558189
v 1.424629 2.987259 -4.842953
v 1.422039 1.951264 -4.842953
v 1.424628 1.951264 -3.558189
v 1.424629 1.951264 -5.158407
v 1.422039 1.951263 -6.443171
v 1.422038 2.987259 -5.158407
v 1.424629 2.987259 -6.443171
v 1.422039 2.987259 -8.158814
v 1.422039 1.951263 -9.443580
v 1.424628 2.987259 -9.443579
v 1.424628 1.951263 -8.158814
v -1.413481 1.636768 -9.599630
v -1.415119 1.398264 -9.599631
v -1.415119 1.636770 9.599630
v -1.413481 1.398265 9.599630
v -1.433606 3.167374 8.017322
v -1.431129 1.029792 8.017322
v -1.433606 1.029792 6.784692
v -1.431129 3.167373 6.784692
v -1.453537 1.902274 7.917049
v -1.455363 1.902274 6.884964
v -1.455363 2.885975 7.917049
v -1.453537 2.885974 6.884964
v -1.471514 3.151554 7.401007
v -1.472000 1.041755 7.388733
v -1.471028 1.041755 7.413279
v -1.433606 1.029791 1.884025
v -1.431129 3.167373 1.884025
v -1.433606 3.167373 3.116655
v -1.431129 1.029792 3.116655
v -1.453537 2.885975 1.984298
v -1.455363 1.902273 1.984297
v -1.453537 1.902274 3.016383
v -1.455363 2.885975 3.016383
v -1.472000 3.145392 2.512613
v -1.471028 3.145392 2.488067
v -1.471514 1.035592 2.500340
v -1.433606 3.167373 -1.884025
v -1.431129 1.029791 -1.884025
v -1.431129 3.167372 -3.116655
v -1.433606 1.029791 -3.116655
v -1.453537 2.885974 -3.016383
v -1.455363 2.885974 -1.984298
v -1.453537 1.902273 -1.984298
v -1.455363 1.902273 -3.016383
v -1.472000 3.145391 -2.488068
v -1.471514 1.035592 -2.500340
v -1.471028 3.145391 -2.512613
v -1.431129 1.029791 -6.784692
v -1.433606 1.029791 -8.017322
v -1.431129 3.167372 -8.017322
v -1.433606 3.167372 -6.784692
v -1.455364 2.885973 -6.884964
v -1.453537 1.902273 -6.884964
v -1.455363 1.902273 -7.917049
v -1.453537 2.885974 -7.917049
v -1.471514 1.035591 -7.401007
v -1.471028 3.145391 -7.413279
v -1.472000 3.145391 -7.388734
v -1.422039 2.987260 8.158814
v -1.424628 2.987260 9.443579
v -1.422039 1.951265 9.443580
v -1.424628 1.951264 8.158814
v -1.424629 2.987260 6.443171
v -1.422039 1.951264 6.443171
v -1.422038 2.987260 5.158407
v -1.424629 1.951265 5.158407
v -1.424629 2.987260 4.842953
v -1.422038 1.951265 4.842953
v -1.422039 2.987260 3.558189
v -1.424628 1.951264 3.558189
v -1.424628 2.987260 1.492498
v -1.422039 1.951264 1.492498
v -1.422039 2.987260 0.207733
v -1.424628 1.951264 0.207733
v -1.424628 2.987260 -0.207734
v -1.422039 1.951264 -0.207734
v -1.422039 2.987260 -1.492498
v -1.424628 1.951264 -1.492498
v -1.422039 1.951264 -3.558189
v -1.424628 2.987259 -3.558189
v -1.422038 2.987259 -4.842953
v -1.424629 1.951264 -4.842953
v -1.424629 2.987259 -5.158407
v -1.422038 1.951264 -5.158407
v -1.424629 1.951263 -6.443171
v -1.422039 2.987259 -6.443171
v -1.422039 2.987259 -9.443579
v -1.424628 1.951263 -9.443580
v -1.424628 2.987259 -8.158814
v -1.422039 1.951263 -8.158814
v 1.015461 2.253152 10.015078
v 1.015461 3.156236 10.017649
v -1.015461 3.156236 10.015078
v -1.015461 2.253152 10.017649
v -0.025343 3.168093 10.033111
v 0.000000 2.239433 10.034365
v 0.025343 3.168094 10.035620
v 0.993736 1.725897 10.017179
v 0.712658 1.549579 10.017179
v 0.993736 1.549579 10.015545
v 0.712658 1.725897 10.015545
v -0.993736 1.725897 10.015545
v -0.712658 1.549579 10.015545
v -0.993736 1.549579 10.017179
v -0.712658 1.725897 10.017179
v -0.158557 0.889870 9.857724
v 0.159134 0.672174 10.174232
v -0.159134 0.890161 10.174232
v -0.158557 0.672466 10.175000
v 0.159133 0.890162 9.858493
v 0.158557 0.889869 10.175000
v -0.159133 0.672174 9.858494
v 0.158557 0.672466 9.857724
v -1.015461 2.253151 -10.015078
v -1.015461 3.156234 -10.017649
v 1.015461 2.253151 -10.017649
v 1.015461 3.156234 -10.015078
v 0.025343 3.168092 -10.033111
v 0.000000 2.239431 -10.034365
v -0.025343 3.168092 -10.035619
v 0.993736 1.725895 -10.015545
v 0.712658 1.725895 -10.017179
v 0.993736 1.549578 -10.017179
v 0.712658 1.549578 -10.015545
v -0.993736 1.549578 -10.015545
v -0.712658 1.725895 -10.015545
v -0.712658 1.549578 -10.017179
v -0.993736 1.725895 -10.017179
v -0.158557 0.672464 -9.857724
v 0.159133 0.890160 -10.174232
v 0.158557 0.672464 -10.175000
v 0.159133 0.672172 -9.858494
v -0.158557 0.889868 -10.175000
v -0.159133 0.890160 -9.858493
v 0.158557 0.889868 -9.857724
v -0.159133 0.672172 -10.174232
v -1.062160 0.411089 8.000044
v 1.062159 0.411088 5.401779
v 1.063052 0.860793 5.402709
v 1.063052 0.411010 7.999115
v -1.062159 0.860714 5.401779
v -1.063052 0.411009 5.402709
v -1.063052 0.860793 7.999115
v 1.062160 0.860714 8.000044
v 0.822873 0.239750 7.191797
v 0.823101 0.455438 7.160938
v 0.821953 0.780826 7.619338
v 0.821453 0.060546 7.327572
v 0.821871 0.615327 7.877134
v 0.821917 0.314177 7.939830
v 0.834771 0.025568 7.719915
v 0.664114 0.000001 7.631439
v 0.663614 0.777297 7.637051
v 0.662694 0.113516 7.825340
v 0.662466 0.300954 7.936248
v 0.663266 0.600754 7.886171
v 0.663696 0.723217 7.335653
v 0.822301 0.713219 7.321739
v 0.663650 0.469024 7.162680
v 0.663156 0.240756 7.191608
v 0.654789 0.073862 7.318276
v 0.838666 0.206707 7.361648
v 0.838141 0.134904 7.619384
v 0.837616 0.326175 7.806751
v 0.836507 0.572529 7.362241
v 0.839775 0.642689 7.623634
v 0.837524 0.516872 7.772531
v 0.838758 0.388994 7.296096
v 0.818096 0.394005 7.571613
v 0.841838 0.390014 7.570832
v 0.842193 0.596746 7.530386
v 0.820096 0.596804 7.570980
v 0.832606 0.391908 7.526803
v 0.846199 0.385646 7.536137
v 0.828301 0.366829 7.546705
v 0.830909 0.412284 7.561364
v 0.851668 0.444385 7.351910
v 0.808915 0.464929 7.358664
v 0.806013 0.392663 7.556087
v 0.806247 0.387127 7.552955
v 0.806305 0.387658 7.553661
v 0.806937 0.399635 7.550405
v 0.806247 0.387588 7.548467
v 0.806305 0.387079 7.549189
v 0.809358 0.389384 7.552494
v 0.806305 0.394262 7.550536
v 0.809182 0.390451 7.552494
v 0.842441 0.375696 7.565412
v 0.825390 0.375021 7.568876
v 0.840127 0.211762 7.446084
v 0.818025 0.235708 7.413278
v 0.827557 0.402821 7.530756
v 0.830754 0.371896 7.531504
v 0.826497 0.405156 7.573348
v 0.842156 0.400410 7.564712
v 0.841425 0.211140 7.654984
v 0.819747 0.236150 7.689490
v 0.857326 0.389598 7.546664
v 0.853974 0.387588 7.553587
v 0.853916 0.387079 7.552865
v 0.853974 0.394275 7.550636
v 0.850863 0.390451 7.552840
v 0.853916 0.387658 7.548394
v 0.851039 0.389588 7.552214
v 0.828305 0.412104 7.540658
v 0.830914 0.366702 7.555479
v 0.851671 0.464050 7.743766
v 0.808918 0.443454 7.750356
v -0.662694 0.239750 7.191797
v -0.662466 0.455438 7.160938
v -0.664114 0.060546 7.327572
v -0.663696 0.615327 7.877134
v -0.663650 0.314177 7.939830
v -0.822873 0.113516 7.825340
v -0.823100 0.300954 7.936248
v -0.822301 0.600754 7.886172
v -0.821871 0.723217 7.335653
v -0.821453 0.000001 7.631439
v -0.650796 0.025568 7.719915
v -0.663614 0.780826 7.619338
v -0.821953 0.777297 7.637050
v -0.663266 0.713219 7.321739
v -0.821917 0.469024 7.162680
v -0.822410 0.240756 7.191608
v -0.830778 0.073862 7.318276
v -0.836507 0.208373 7.362241
v -0.838758 0.391908 7.296096
v -0.838141 0.645999 7.619384
v -0.837524 0.264031 7.772531
v -0.839775 0.138213 7.623634
v -0.837616 0.454727 7.806751
v -0.838666 0.574196 7.361648
v -0.846186 0.385555 7.536088
v -0.830712 0.393996 7.524308
v -0.817839 0.394275 7.571424
v -0.835108 0.392642 7.576000
v -0.831145 0.593816 7.575044
v -0.806251 0.589734 7.551425
v -0.835495 0.600438 7.531184
v -0.847441 0.387475 7.565522
v -0.853974 0.394275 7.551418
v -0.853916 0.394262 7.550536
v -0.853974 0.387127 7.552955
v -0.839302 0.402517 7.570371
v -0.850856 0.389318 7.549470
v -0.854486 0.392967 7.553459
v -0.858411 0.390250 7.551304
v -0.829313 0.412284 7.561365
v -0.851306 0.464929 7.358664
v -0.808554 0.444385 7.351910
v -0.831921 0.366829 7.546706
v -0.800689 0.388512 7.550307
v -0.810236 0.390451 7.550674
v -0.806247 0.394275 7.550636
v -0.806075 0.389761 7.551644
v -0.806305 0.387079 7.552865
v -0.809189 0.391307 7.552203
v -0.804283 0.391491 7.555488
v -0.805735 0.392357 7.551802
v -0.835503 0.211424 7.447280
v -0.848473 0.220060 7.423922
v -0.831832 0.373091 7.568392
v -0.817780 0.375696 7.565412
v -0.842131 0.375177 7.565467
v -0.833690 0.402367 7.530537
v -0.842441 0.399596 7.532573
v -0.818131 0.399448 7.532007
v -0.806432 0.227458 7.432304
v -0.807758 0.227399 7.436470
v -0.835294 0.376623 7.530332
v -0.840472 0.236150 7.689492
v -0.820421 0.211037 7.654330
v -0.817780 0.399596 7.569481
v -0.808550 0.464050 7.743766
v -0.851303 0.443454 7.750356
v -0.829308 0.366702 7.555479
v -0.831918 0.412104 7.540658
v 0.823100 0.455433 5.460707
v 0.822301 0.713219 5.621507
v 0.821953 0.780826 5.919106
v 0.821871 0.615325 6.176904
v 0.821454 0.060546 5.627340
v 0.662694 0.113516 6.125109
v 0.662467 0.300956 6.236018
v 0.664113 0.000001 5.931208
v 0.830777 0.008739 5.944881
v 0.822410 0.114372 6.125667
v 0.821918 0.314179 6.239599
v 0.663266 0.600754 6.185940
v 0.663614 0.777296 5.936821
v 0.663695 0.723215 5.635419
v 0.663650 0.469024 5.462449
v 0.822873 0.239751 5.491565
v 0.654790 0.073862 5.618045
v 0.663156 0.240754 5.491377
v 0.838666 0.206707 5.661417
v 0.837616 0.326173 6.106520
v 0.839775 0.642689 5.923401
v 0.837523 0.516871 6.072301
v 0.838141 0.134904 5.919151
v 0.836507 0.572531 5.662012
v 0.838759 0.388994 5.595865
v 0.832608 0.391909 5.826573
v 0.846199 0.385646 5.835904
v 0.841839 0.390014 5.870601
v 0.818096 0.394005 5.871383
v 0.820097 0.596803 5.870749
v 0.842198 0.596744 5.830157
v 0.857326 0.389598 5.846433
v 0.853974 0.387588 5.853356
v 0.853916 0.387079 5.852634
v 0.853974 0.394275 5.850405
v 0.850863 0.390451 5.852609
v 0.853916 0.387658 5.848161
v 0.851039 0.389587 5.851983
v 0.828301 0.366829 5.846473
v 0.830912 0.412284 5.861132
v 0.851669 0.444386 5.651681
v 0.808915 0.464929 5.658432
v 0.842441 0.375696 5.865181
v 0.825395 0.375021 5.868649
v 0.840129 0.211762 5.745853
v 0.806936 0.399635 5.850173
v 0.827557 0.402819 5.830525
v 0.818024 0.235707 5.713047
v 0.830755 0.371897 5.831274
v 0.819745 0.236149 5.989258
v 0.841425 0.211140 5.954752
v 0.826499 0.405157 5.873121
v 0.842156 0.400410 5.864481
v 0.806013 0.392663 5.855855
v 0.806247 0.387127 5.852723
v 0.806305 0.387658 5.853429
v 0.806247 0.387588 5.848235
v 0.806305 0.387079 5.848958
v 0.809358 0.389383 5.852262
v 0.806305 0.394262 5.850304
v 0.809182 0.390451 5.852263
v 0.830916 0.366702 5.855248
v 0.828303 0.412107 5.840433
v 0.808915 0.443456 6.050121
v 0.851671 0.464049 6.043534
v -0.663696 0.615325 6.176905
v -0.664113 0.060546 5.627340
v -0.823100 0.300956 6.236018
v -0.822301 0.600754 6.185940
v -0.821454 0.000001 5.931208
v -0.821953 0.777297 5.936820
v -0.821871 0.723215 5.635419
v -0.821917 0.469024 5.462449
v -0.663156 0.114372 6.125667
v -0.654789 0.008739 5.944881
v -0.822873 0.113516 6.125109
v -0.663649 0.314179 6.239599
v -0.663613 0.780826 5.919106
v -0.663266 0.713219 5.621507
v -0.662466 0.455433 5.460707
v -0.822411 0.240754 5.491377
v -0.662694 0.239751 5.491565
v -0.830777 0.073862 5.618045
v -0.836507 0.208371 5.662012
v -0.838759 0.391908 5.595865
v -0.838666 0.574195 5.661417
v -0.838141 0.645998 5.919152
v -0.839775 0.138213 5.923401
v -0.837523 0.264031 6.072301
v -0.837616 0.454729 6.106520
v -0.846186 0.385556 5.835855
v -0.830716 0.393995 5.824081
v -0.847442 0.387475 5.865290
v -0.835108 0.392641 5.875769
v -0.831145 0.593816 5.874813
v -0.835496 0.600438 5.830954
v -0.806251 0.589733 5.851194
v -0.817839 0.394275 5.871193
v -0.829310 0.412284 5.861132
v -0.808552 0.444386 5.651681
v -0.851306 0.464929 5.658432
v -0.831922 0.366828 5.846473
v -0.853974 0.394275 5.851187
v -0.853916 0.394262 5.850304
v -0.853974 0.387127 5.852723
v -0.850856 0.389318 5.849239
v -0.854486 0.392967 5.853228
v -0.858411 0.390250 5.851073
v -0.842130 0.375176 5.865236
v -0.831830 0.373089 5.868165
v -0.807758 0.227399 5.736238
v -0.806432 0.227457 5.732074
v -0.835501 0.211423 5.747049
v -0.848476 0.220060 5.723689
v -0.817780 0.375696 5.865181
v -0.818131 0.399447 5.831775
v -0.833690 0.402367 5.830307
v -0.842441 0.399596 5.832341
v -0.820423 0.211037 5.954096
v -0.840475 0.236149 5.989259
v -0.800689 0.388512 5.850076
v -0.810236 0.390451 5.850443
v -0.806247 0.394275 5.850405
v -0.806075 0.389761 5.851413
v -0.806305 0.387079 5.852634
v -0.809189 0.391307 5.851972
v -0.804283 0.391491 5.855255
v -0.805735 0.392357 5.851570
v -0.839300 0.402518 5.870141
v -0.817780 0.399596 5.869250
v -0.835292 0.376623 5.830101
v -0.829307 0.366702 5.855248
v -0.831919 0.412107 5.840432
v -0.808550 0.464049 6.043534
v -0.851306 0.443456 6.050121
v 1.062159 0.860713 -5.401779
v -1.062159 0.411087 -5.401779
v 1.063052 0.411009 -5.402709
v -1.062160 0.860713 -8.000044
v -1.063052 0.411009 -7.999115
v -1.063052 0.860792 -5.402709
v 1.063052 0.860792 -7.999115
v 1.062160 0.411087 -8.000044
v 0.821454 0.060545 -6.074252
v 0.823101 0.455433 -6.240884
v 0.821953 0.780825 -5.782485
v 0.821871 0.615325 -5.524688
v 0.664113 -0.000000 -5.770386
v 0.662466 0.300953 -5.465575
v 0.663266 0.600753 -5.515651
v 0.663614 0.777296 -5.764773
v 0.663695 0.723215 -6.066172
v 0.834771 0.025567 -5.681908
v 0.662694 0.113515 -5.576483
v 0.821917 0.314177 -5.461993
v 0.822301 0.713218 -6.080085
v 0.663649 0.469023 -6.239142
v 0.650798 0.118080 -6.146225
v 0.822873 0.239750 -6.210026
v 0.836507 0.572528 -6.039582
v 0.838666 0.206706 -6.040176
v 0.837616 0.326174 -5.595073
v 0.837524 0.516871 -5.629292
v 0.838141 0.134903 -5.782438
v 0.839775 0.642689 -5.778190
v 0.838759 0.388993 -6.105727
v 0.842383 0.394274 -5.830400
v 0.825108 0.392639 -5.825830
v 0.829072 0.593816 -5.826781
v 0.853970 0.589733 -5.850398
v 0.824725 0.600437 -5.870638
v 0.812779 0.387474 -5.836301
v 0.814035 0.385555 -5.865735
v 0.829509 0.393995 -5.877514
v 0.830912 0.412286 -5.840464
v 0.851671 0.444387 -6.049907
v 0.808915 0.464927 -6.043160
v 0.828300 0.366828 -5.855120
v 0.826532 0.402365 -5.871285
v 0.817780 0.399595 -5.869250
v 0.806247 0.394274 -5.850405
v 0.806305 0.394261 -5.851288
v 0.806247 0.387126 -5.848868
v 0.809365 0.389317 -5.852352
v 0.805735 0.392966 -5.848363
v 0.801811 0.390249 -5.850519
v 0.828390 0.373090 -5.833427
v 0.842441 0.375695 -5.836411
v 0.859533 0.388511 -5.851516
v 0.849985 0.390450 -5.851149
v 0.853974 0.394274 -5.851187
v 0.854147 0.389760 -5.850179
v 0.853916 0.387078 -5.848958
v 0.851032 0.391306 -5.849619
v 0.855938 0.391490 -5.846336
v 0.854486 0.392356 -5.850021
v 0.852463 0.227398 -5.965353
v 0.853789 0.227457 -5.969519
v 0.824717 0.211424 -5.954542
v 0.818091 0.375176 -5.836356
v 0.811746 0.220060 -5.977901
v 0.842090 0.399447 -5.869816
v 0.824928 0.376623 -5.871490
v 0.842441 0.399595 -5.832341
v 0.820921 0.402516 -5.831450
v 0.839798 0.211035 -5.747495
v 0.819746 0.236149 -5.712334
v 0.830914 0.366701 -5.846344
v 0.808917 0.443455 -5.651469
v 0.851671 0.464049 -5.658058
v 0.828302 0.412104 -5.861163
v -0.663613 0.780825 -5.782485
v -0.663696 0.615325 -5.524688
v -0.663650 0.314177 -5.461993
v -0.654789 0.008738 -5.756710
v -0.821454 -0.000000 -5.770386
v -0.822873 0.113515 -5.576483
v -0.823101 0.300953 -5.465575
v -0.821917 0.469024 -6.239141
v -0.834768 0.118080 -6.146225
v -0.663156 0.114371 -5.575925
v -0.822301 0.600753 -5.515651
v -0.821953 0.777296 -5.764773
v -0.663266 0.713218 -6.080085
v -0.821871 0.723215 -6.066172
v -0.662466 0.455433 -6.240884
v -0.662694 0.239750 -6.210026
v -0.664113 0.060545 -6.074252
v -0.838141 0.645997 -5.782438
v -0.837524 0.264030 -5.629292
v -0.838758 0.391907 -6.105727
v -0.839775 0.138212 -5.778190
v -0.837616 0.454727 -5.595073
v -0.838666 0.574194 -6.040176
v -0.836507 0.208372 -6.039582
v -0.840128 0.596801 -5.830844
v -0.818027 0.596745 -5.871437
v -0.842126 0.394004 -5.830211
v -0.818934 0.390391 -5.830651
v -0.825545 0.390004 -5.875222
v -0.814021 0.385635 -5.865726
v -0.831922 0.366828 -5.855119
v -0.829311 0.412286 -5.840463
v -0.851306 0.464928 -6.043160
v -0.808550 0.444387 -6.049907
v -0.833995 0.208876 -5.957593
v -0.805519 0.392790 -5.849429
v -0.806247 0.387587 -5.848235
v -0.806305 0.387078 -5.848958
v -0.806247 0.394274 -5.851187
v -0.809706 0.390450 -5.852064
v -0.809182 0.389587 -5.849608
v -0.806247 0.387126 -5.852723
v -0.806247 0.229405 -5.968088
v -0.829912 0.374323 -5.831161
v -0.826119 0.399794 -5.879447
v -0.838504 0.402419 -5.866667
v -0.830569 0.240205 -5.989514
v -0.854208 0.392662 -5.845736
v -0.853974 0.387126 -5.848868
v -0.853916 0.387657 -5.848161
v -0.852611 0.398162 -5.850891
v -0.853974 0.387587 -5.853356
v -0.853916 0.387078 -5.852634
v -0.850863 0.389383 -5.849329
v -0.853916 0.394261 -5.851288
v -0.851039 0.390450 -5.849329
v -0.829467 0.371895 -5.870319
v -0.833724 0.405156 -5.828472
v -0.818065 0.400409 -5.837111
v -0.840473 0.236149 -5.712333
v -0.818795 0.211140 -5.746839
v -0.829309 0.366701 -5.846344
v -0.831921 0.412104 -5.861164
v -0.808550 0.464049 -5.658058
v -0.851305 0.443455 -5.651469
v 0.821454 0.060545 -7.774483
v 0.822873 0.239749 -7.910257
v 0.823101 0.455435 -7.941116
v 0.822301 0.713218 -7.780316
v 0.821953 0.780825 -7.482716
v 0.821917 0.314175 -7.162224
v 0.830777 0.008738 -7.456941
v 0.664114 -0.000001 -7.470615
v 0.662467 0.300952 -7.165805
v 0.663266 0.600751 -7.215882
v 0.663614 0.777296 -7.465003
v 0.663696 0.723214 -7.766403
v 0.663650 0.469023 -7.939374
v 0.662694 0.113516 -7.276714
v 0.822411 0.114371 -7.276157
v 0.821871 0.615324 -7.224920
v 0.663156 0.240753 -7.910446
v 0.654788 0.073860 -7.783778
v 0.838666 0.206706 -7.740407
v 0.837616 0.326171 -7.295304
v 0.836507 0.572529 -7.739811
v 0.838141 0.134903 -7.482671
v 0.839775 0.642688 -7.478422
v 0.837523 0.516871 -7.329522
v 0.838758 0.388993 -7.805958
v 0.814035 0.385555 -7.565966
v 0.829508 0.393995 -7.577745
v 0.842383 0.394274 -7.530630
v 0.825111 0.392639 -7.526056
v 0.829074 0.593815 -7.527009
v 0.824725 0.600437 -7.570869
v 0.853970 0.589732 -7.550629
v 0.812780 0.387475 -7.536532
v 0.806247 0.394274 -7.550636
v 0.806305 0.394261 -7.551519
v 0.806247 0.387126 -7.549099
v 0.809365 0.389317 -7.552583
v 0.805735 0.392966 -7.548594
v 0.801811 0.390249 -7.550750
v 0.859533 0.388511 -7.551748
v 0.849985 0.390450 -7.551380
v 0.853974 0.394274 -7.551418
v 0.854147 0.389760 -7.550410
v 0.853916 0.387078 -7.549189
v 0.851032 0.391306 -7.549850
v 0.855938 0.391490 -7.546567
v 0.854486 0.392356 -7.550252
v 0.830909 0.412282 -7.540689
v 0.851668 0.444384 -7.750144
v 0.808915 0.464928 -7.743392
v 0.828301 0.366827 -7.555349
v 0.828386 0.373092 -7.533663
v 0.842441 0.375695 -7.536642
v 0.842089 0.399447 -7.570047
v 0.826532 0.402364 -7.571517
v 0.852463 0.227398 -7.665585
v 0.853789 0.227456 -7.669749
v 0.824716 0.211424 -7.654775
v 0.818091 0.375176 -7.536587
v 0.811747 0.220060 -7.678132
v 0.817780 0.399595 -7.569481
v 0.824927 0.376624 -7.571718
v 0.842441 0.399595 -7.532573
v 0.820923 0.402518 -7.531681
v 0.819747 0.236148 -7.412563
v 0.839797 0.211034 -7.447725
v 0.828305 0.412103 -7.561395
v 0.830914 0.366701 -7.546575
v 0.808919 0.443452 -7.351697
v 0.851671 0.464048 -7.358290
v -0.662694 0.239749 -7.910257
v -0.663695 0.615324 -7.224920
v -0.663650 0.314175 -7.162224
v -0.664113 0.060545 -7.774483
v -0.663156 0.114371 -7.276157
v -0.821453 -0.000001 -7.470615
v -0.822873 0.113516 -7.276714
v -0.823100 0.300953 -7.165805
v -0.822301 0.600751 -7.215882
v -0.821871 0.723214 -7.766403
v -0.822411 0.240753 -7.910446
v -0.830779 0.073860 -7.783778
v -0.654790 0.008738 -7.456941
v -0.821953 0.777296 -7.465003
v -0.663614 0.780825 -7.482716
v -0.663266 0.713218 -7.780316
v -0.662466 0.455435 -7.941116
v -0.821917 0.469023 -7.939374
v -0.836507 0.208371 -7.739811
v -0.838666 0.574194 -7.740407
v -0.837523 0.264030 -7.329522
v -0.839775 0.138212 -7.478422
v -0.837616 0.454729 -7.295304
v -0.838141 0.645997 -7.482671
v -0.838759 0.391907 -7.805958
v -0.827614 0.391908 -7.575250
v -0.814022 0.385646 -7.565917
v -0.818384 0.390014 -7.531221
v -0.840124 0.596802 -7.531074
v -0.818028 0.596744 -7.571668
v -0.842126 0.394004 -7.530441
v -0.831921 0.366827 -7.555348
v -0.829313 0.412282 -7.540689
v -0.851306 0.464928 -7.743392
v -0.808554 0.444385 -7.750144
v -0.832665 0.402822 -7.571299
v -0.834830 0.375021 -7.533179
v -0.802896 0.389596 -7.555389
v -0.806247 0.387587 -7.548467
v -0.806305 0.387078 -7.549189
v -0.806247 0.394274 -7.551418
v -0.809358 0.390450 -7.549213
v -0.806305 0.387657 -7.553661
v -0.809182 0.389586 -7.549839
v -0.820092 0.211761 -7.655971
v -0.817780 0.375695 -7.536642
v -0.842196 0.235706 -7.688776
v -0.853285 0.399636 -7.551649
v -0.854208 0.392662 -7.545967
v -0.853974 0.387126 -7.549099
v -0.853916 0.387657 -7.548394
v -0.853974 0.387587 -7.553587
v -0.853916 0.387078 -7.552865
v -0.850863 0.389383 -7.549560
v -0.853916 0.394261 -7.551519
v -0.851039 0.390450 -7.549560
v -0.833722 0.405156 -7.528702
v -0.818795 0.211140 -7.447071
v -0.840473 0.236148 -7.412562
v -0.818065 0.400409 -7.537342
v -0.829467 0.371895 -7.570550
v -0.829308 0.366701 -7.546576
v -0.851302 0.443452 -7.351697
v -0.808550 0.464048 -7.358290
v -0.831917 0.412103 -7.561396
v -0.750889 0.501368 3.774462
v -0.750889 0.860599 2.226355
v -0.751774 0.501284 2.227289
v 0.751774 0.860683 2.227290
v -0.751774 0.860683 3.773526
v 0.750889 0.860599 3.774462
v 0.751774 0.501284 3.773526
v 0.750889 0.501368 2.226355
v 0.751774 0.501284 0.773118
v 0.751774 0.860682 -0.773118
v 0.750889 0.501367 -0.774053
v -0.750889 0.860599 -0.774053
v -0.751774 0.501284 -0.773118
v -0.751774 0.860683 0.773118
v 0.750889 0.860599 0.774053
v -0.750889 0.501367 0.774053
v -0.750889 0.860599 -3.774462
v 0.750889 0.501367 -3.774462
v 0.751774 0.860682 -3.773526
v -0.751774 0.860682 -2.227290
v 0.750889 0.860599 -2.226355
v -0.750889 0.501367 -2.226355
v -0.751774 0.501284 -3.773526
v 0.751774 0.501284 -2.227290
v 0.675765 3.946374 5.949742
v -0.675764 3.657036 5.949742
v 0.676648 3.656949 5.948822
v 0.676648 3.946461 4.052538
v -0.675765 3.946373 4.051618
v -0.676648 3.946461 5.948822
v -0.676648 3.656948 4.052538
v 0.675765 3.657035 4.051618
v -0.675765 3.657035 -0.051074
v -0.675765 3.946373 -1.949199
v 0.676648 3.946460 -1.948279
v -0.676648 3.946460 -0.051994
v -0.676648 3.656948 -1.948279
v 0.675765 3.946373 -0.051074
v 0.676648 3.656948 -0.051994
v 0.675765 3.657035 -1.949199
v 0.675765 3.946373 -5.051755
v 0.676648 3.656948 -5.052675
v 0.675765 3.657035 -6.949879
v -0.675765 3.946373 -6.949879
v -0.676648 3.656948 -6.948959
v 0.676648 3.946460 -6.948959
v -0.676648 3.946460 -5.052675
v -0.675764 3.657035 -5.051754
v 0.550714 3.765734 3.423699
v 0.550714 3.657344 2.577117
v -0.551372 3.656986 2.577837
v -0.551372 3.766092 3.422979
v 0.551372 3.766092 2.577837
v -0.550714 3.765734 2.577117
v -0.550714 3.657344 3.423699
v 0.551372 3.656986 3.422979
v 0.368648 3.749872 3.384480
v 0.386108 3.781751 3.421758
v 0.374838 4.244318 2.981175
v 0.374388 4.274896 3.018020
v 0.401841 4.257540 3.000408
v 0.405193 4.256879 3.005075
v 0.399405 4.262568 2.995096
v 0.405193 4.262254 3.000167
v 0.405842 4.256615 2.999200
v 0.400503 4.245680 2.991379
v 0.405193 3.767300 3.395796
v 0.353178 4.268788 2.989376
v 0.357510 4.252936 3.000514
v 0.357665 4.262254 3.000167
v 0.358925 4.255734 3.002571
v 0.389942 4.274064 2.979033
v 0.389687 4.242053 3.022150
v 0.362356 4.250916 3.013750
v 0.378983 4.549697 3.272010
v 0.381693 4.575675 3.230951
v -0.357665 3.767300 3.395796
v -0.360019 3.758266 3.403128
v -0.407573 3.766938 3.402339
v -0.403728 4.257514 3.005595
v -0.404312 4.255324 2.999056
v -0.405826 4.257725 3.004725
v -0.403934 4.255734 3.002571
v -0.361018 4.257540 3.000408
v -0.357665 4.256879 3.005075
v -0.363454 4.262568 2.995096
v -0.357665 4.262254 3.000167
v -0.357017 4.256615 2.999200
v -0.383636 4.275043 3.019640
v -0.385171 4.242313 2.980414
v -0.362356 4.245680 2.991379
v -0.375582 4.275237 2.978431
v -0.374501 4.241750 3.022398
v -0.400503 4.250916 3.013750
v -0.383743 4.549331 3.272252
v -0.381165 4.575675 3.230951
v 0.710612 4.573584 3.231499
v -0.711133 4.573573 3.232731
v 0.703860 4.538173 3.270742
v -0.703430 4.537386 3.270403
v -0.551372 3.766092 -2.577837
v -0.550714 3.657343 -2.577117
v 0.550714 3.657343 -3.423699
v 0.550714 3.765734 -2.577117
v 0.551372 3.766092 -3.422980
v -0.550714 3.765734 -3.423699
v -0.551372 3.656986 -3.422980
v 0.551372 3.656986 -2.577837
v 0.402840 3.758266 -2.597688
v 0.405193 3.767300 -2.605021
v 0.355285 3.766938 -2.598477
v 0.379223 4.275043 -2.981176
v 0.400503 4.245680 -3.009438
v 0.377688 4.242313 -3.020402
v 0.387277 4.275237 -3.022386
v 0.359131 4.257514 -2.995221
v 0.358547 4.255324 -3.001761
v 0.357033 4.257725 -2.996092
v 0.358925 4.255734 -2.998245
v 0.381693 4.575675 -2.769866
v 0.379116 4.549331 -2.728564
v 0.362356 4.250916 -2.987067
v 0.388358 4.241750 -2.978418
v 0.401841 4.257540 -3.000408
v 0.405193 4.256879 -2.995742
v 0.399405 4.262568 -3.005720
v 0.405193 4.262254 -3.000649
v 0.405842 4.256615 -3.001616
v -0.357665 3.767300 -2.605021
v -0.360019 3.758266 -2.597688
v -0.407573 3.766937 -2.598477
v -0.383636 4.275043 -2.981176
v -0.361018 4.257540 -3.000408
v -0.357665 4.256879 -2.995742
v -0.363454 4.262568 -3.005720
v -0.357665 4.262254 -3.000649
v -0.374501 4.241750 -2.978418
v -0.357017 4.256615 -3.001616
v -0.362356 4.245680 -3.009438
v -0.385171 4.242313 -3.020402
v -0.403728 4.257514 -2.995221
v -0.404312 4.255324 -3.001760
v -0.405826 4.257725 -2.996092
v -0.403934 4.255734 -2.998245
v -0.383743 4.549331 -2.728564
v -0.400503 4.250916 -2.987067
v -0.381165 4.575675 -2.769866
v -0.375582 4.275237 -3.022386
v 0.710612 4.573584 -2.769317
v 0.703860 4.538173 -2.730074
v -0.703430 4.537385 -2.730413
v -0.711133 4.573572 -2.768085
vn 0.9999 -0.0029 0.0155
vn 0.6413 0.7610 0.0985
vn -0.1887 0.8476 0.4960
vn -0.0334 0.0247 -0.9991
vn -0.1887 0.8475 0.4961
vn -0.1885 0.8476 0.4960
vn -0.0334 0.0249 -0.9991
vn 0.5827 0.6911 -0.4276
vn -0.1885 0.8475 0.4961
vn 0.6412 0.7610 0.0985
vn -0.9898 -0.0958 -0.1050
vn 0.8336 0.3256 0.4462
vn -0.6895 0.1177 -0.7147
vn 0.2562 -0.0005 0.9666
vn 0.6846 -0.4302 0.5884
vn -0.0966 0.6098 -0.7867
vn -0.2173 -0.9051 0.3654
vn 0.6331 0.2899 0.7177
vn -0.1938 -0.9750 0.1087
vn -0.7760 -0.3374 0.5329
vn 0.5704 -0.7073 0.4176
vn -0.1220 -0.9373 0.3264
vn 0.4111 -0.2289 -0.8824
vn 0.2288 0.9172 -0.3263
vn -0.2174 -0.9050 0.3656
vn 0.6332 0.2899 0.7177
vn -0.7760 -0.3374 0.5328
vn 0.5703 -0.7073 0.4177
vn -0.1219 -0.9373 0.3264
vn 0.2288 0.9172 -0.3262
vn -0.7760 -0.3375 0.5328
vn 0.5703 -0.7073 0.4176
vn 0.2287 0.9172 -0.3263
vn -0.2153 -0.9048 0.3673
vn 0.0490 -0.5878 0.8075
vn 0.7184 -0.3114 0.6220
vn 0.6941 -0.0779 0.7156
vn -0.7760 -0.3375 0.5329
vn 0.5704 -0.7073 0.4177
vn -0.1220 -0.9373 0.3266
vn 0.4112 -0.2289 -0.8823
vn 0.2286 0.9172 -0.3263
vn -0.2174 -0.9051 0.3655
vn 0.1523 0.7016 -0.6961
vn 0.2798 0.5614 -0.7788
vn 0.0009 0.7339 -0.6793
vn -0.9551 -0.2201 0.1983
vn 0.2909 0.5586 -0.7768
vn -0.6079 -0.6657 0.4329
vn -0.6079 -0.6656 0.4329
vn -0.3734 -0.5975 0.7097
vn -0.2112 -0.9060 -0.3668
vn 0.1858 -0.5801 0.7930
vn -0.9960 -0.0089 0.0887
vn 0.9863 0.0007 -0.1648
vn -0.4512 0.4149 -0.7901
vn -0.4303 0.5275 0.7325
vn -0.4968 0.5076 0.7040
vn 0.1119 0.5780 0.8083
vn -0.3729 -0.5972 0.7101
vn -0.2108 -0.9059 -0.3673
vn 0.1844 -0.5801 0.7934
vn 0.9863 0.0007 -0.1652
vn -0.4511 0.4149 -0.7902
vn -0.4302 0.5274 0.7327
vn -0.4968 0.5077 0.7039
vn 0.1123 0.5779 0.8084
vn -0.4508 0.4151 -0.7903
vn -0.4302 0.5275 0.7325
vn -0.4968 0.5075 0.7040
vn 0.2381 0.9707 0.0313
vn -0.7250 -0.1143 -0.6791
vn -0.6419 0.3334 -0.6905
vn 0.3266 0.9370 0.1240
vn -0.9960 -0.0089 0.0886
vn 0.9862 0.0007 -0.1653
vn -0.4305 0.5277 0.7323
vn -0.4968 0.5079 0.7038
vn 0.1113 0.5783 0.8082
vn -0.3730 -0.5972 0.7101
vn 0.1841 -0.5801 0.7934
vn -0.9960 -0.0091 0.0885
vn 0.3401 -0.5857 0.7357
vn 0.3804 -0.5750 0.7243
vn -0.4056 -0.5847 0.7026
vn 0.3118 -0.5934 0.7421
vn 0.3805 -0.5762 0.7234
vn -0.4336 -0.5760 0.6930
vn -0.0496 0.6380 -0.7685
vn 0.1299 0.9007 0.4145
vn 0.1929 0.9757 -0.1040
vn -0.0498 0.6379 -0.7685
vn 0.1929 0.9757 -0.1041
vn -0.0497 0.6378 -0.7686
vn 0.1298 0.9008 0.4145
vn -0.7461 -0.4336 -0.5053
vn -0.2425 -0.0190 -0.9700
vn 0.2696 -0.7016 -0.6596
vn 0.1301 0.9007 0.4145
vn -0.5860 -0.0418 0.8093
vn 0.5862 -0.4412 0.6795
vn 0.9963 -0.0833 -0.0214
vn -0.9944 0.0824 -0.0664
vn 0.9255 0.2093 -0.3156
vn 0.9931 -0.1073 -0.0479
vn 0.5863 -0.4411 0.6795
vn 0.9963 -0.0830 -0.0215
vn -0.9943 0.0826 -0.0668
vn 0.9930 -0.1073 -0.0485
vn 0.2558 -0.0008 0.9667
vn 0.2555 -0.0005 0.9668
vn -0.9944 0.0826 -0.0666
vn 0.9931 -0.1072 -0.0471
vn -0.5861 -0.0418 0.8091
vn 0.9963 -0.0833 -0.0217
vn 0.2560 -0.0008 0.9667
vn 0.2564 -0.0005 0.9666
vn -0.9943 0.0826 -0.0667
vn 0.9257 0.2092 -0.3153
vn 0.9931 -0.1072 -0.0476
vn 0.9931 -0.1071 -0.0476
vn 0.5863 -0.4412 0.6794
vn 0.9963 -0.0830 -0.0218
vn -0.9981 0.0188 0.0584
vn 0.8862 -0.2731 0.3742
vn -0.1811 0.9761 -0.1205
vn 0.1215 0.6871 -0.7163
vn -0.7145 0.5016 -0.4878
vn 0.8726 -0.2919 0.3916
vn -0.7255 -0.0253 0.6877
vn 0.8108 0.3250 0.4868
vn 0.4833 0.3172 0.8159
vn -0.7255 -0.0253 0.6878
vn 0.8108 0.3249 0.4868
vn 0.4832 0.3172 0.8160
vn 0.4833 0.3172 0.8160
vn -0.6933 -0.1043 0.7130
vn 0.7173 0.0587 0.6943
vn 0.4834 0.3171 0.8160
vn -0.7255 -0.0256 0.6878
vn 0.8108 0.3249 0.4869
vn 0.9982 0.0591 0.0103
vn 0.2461 0.8370 -0.4887
vn 0.8481 0.1003 0.5203
vn -0.9945 0.0155 -0.1039
vn -0.7512 0.3928 -0.5305
vn -0.9957 -0.0911 0.0159
vn -0.2671 0.9522 0.1483
vn -0.0248 -0.5997 0.7998
vn 0.0139 -0.5990 0.8006
vn 0.2721 -0.5811 0.7670
vn -0.8446 0.3156 0.4325
vn 0.2462 0.8370 -0.4887
vn -0.9945 0.0154 -0.1039
vn -0.7511 0.3928 -0.5306
vn -0.9957 -0.0914 0.0160
vn -0.2670 0.9522 0.1482
vn -0.0245 -0.5990 0.8003
vn 0.0139 -0.5997 0.8001
vn 0.2708 -0.5811 0.7675
vn -0.8445 0.3157 0.4326
vn -0.2670 0.9522 0.1483
vn -0.0246 -0.5990 0.8003
vn 0.2707 -0.5811 0.7675
vn 0.9982 0.0593 0.0125
vn 0.2429 0.8376 -0.4892
vn 0.8434 0.1006 0.5278
vn -0.9937 -0.1117 0.0011
vn -0.9937 -0.1117 0.0010
vn -0.2668 0.9523 0.1484
vn -0.0246 -0.5990 0.8004
vn 0.2704 -0.5812 0.7676
vn 0.9982 0.0589 0.0101
vn 0.2461 0.8370 -0.4888
vn 0.8482 0.1004 0.5201
vn -0.9945 0.0154 -0.1040
vn -0.7512 0.3927 -0.5305
vn -0.9957 -0.0913 0.0158
vn -0.0179 0.5062 -0.8623
vn -0.3418 0.4952 -0.7987
vn -0.0179 0.5058 -0.8624
vn -0.3424 0.4949 -0.7987
vn -0.0179 0.5060 -0.8624
vn -0.3427 0.4947 -0.7986
vn -0.0179 0.5058 -0.8625
vn -0.3423 0.4949 -0.7987
vn 0.8380 0.3404 0.4265
vn 0.5821 0.5228 0.6228
vn -0.0750 0.0486 0.9960
vn 0.0412 0.6232 0.7809
vn 0.6571 0.4684 0.5906
vn 0.1845 0.1575 0.9701
vn 0.0407 0.6233 0.7809
vn 0.1840 0.1575 0.9702
vn 0.0407 0.6233 0.7810
vn 0.4173 -0.5286 0.7392
vn 0.5534 0.0016 0.8329
vn -0.3706 0.3624 0.8552
vn 0.0970 0.7567 0.6465
vn -0.2203 0.8738 0.4334
vn 0.2084 0.8774 0.4322
vn -0.7325 0.2698 0.6251
vn 0.9762 0.0026 0.2171
vn 0.9309 -0.2938 0.2170
vn -0.4153 -0.5346 0.7361
vn 0.0036 -0.9758 0.2188
vn -0.6025 -0.7732 0.1979
vn 0.7821 -0.5987 0.1729
vn -0.0042 -0.9754 -0.2205
vn -0.4173 -0.5273 -0.7401
vn 0.4160 -0.5353 -0.7351
vn -0.9765 0.0022 -0.2153
vn -0.5587 0.0018 -0.8294
vn -0.2087 0.8788 -0.4291
vn -0.0992 0.7584 -0.6442
vn -0.6317 0.4949 -0.5967
vn 0.7310 0.2701 -0.6266
vn 0.3704 0.3595 -0.8565
vn 0.2201 0.8731 -0.4350
vn 0.9310 -0.2882 -0.2241
vn -0.0000 -1.0000 -0.0000
vn -0.9307 -0.2885 0.2247
vn -0.9300 -0.2963 -0.2174
vn -0.7820 -0.5986 -0.1737
vn -1.0000 0.0003 -0.0000
vn -0.7943 0.6076 -0.0000
vn -0.7935 0.6085 -0.0000
vn 0.6277 0.4920 0.6032
vn 0.7935 0.6085 -0.0000
vn 0.7943 0.6076 -0.0000
vn 1.0000 0.0003 -0.0000
vn 0.6025 -0.7735 -0.1966
vn 0.0471 0.5393 -0.8408
vn -0.0471 0.5393 0.8408
vn 0.0472 -0.5392 0.8409
vn -0.0464 -0.5392 -0.8409
vn -0.0039 0.7560 -0.6546
vn 0.0038 0.7560 0.6546
vn -0.0039 -0.7560 0.6546
vn 0.0038 -0.7560 -0.6546
vn -0.0234 0.7022 0.7116
vn -0.0234 -0.7022 -0.7116
vn 0.0234 -0.7022 0.7116
vn 0.0233 0.7022 -0.7116
vn -0.0000 -0.0000 -0.0000
vn 0.0037 0.7560 0.6545
vn 0.0038 -0.7560 -0.6545
vn 0.0234 0.7023 -0.7115
vn -0.0235 0.7023 0.7115
vn 0.0235 -0.7023 0.7115
vn -0.0235 -0.7023 -0.7115
vn 0.0039 0.7559 0.6546
vn -0.0038 0.7560 -0.6545
vn 0.0039 -0.7559 -0.6546
vn -0.0039 -0.7560 0.6545
vn -0.0234 0.7023 0.7115
vn 0.0234 -0.7023 0.7115
vn -0.0000 -0.0000 1.0000
vn -0.9981 -0.0000 0.0624
vn 0.0039 0.7560 0.6546
vn 0.0039 -0.7560 -0.6546
vn 0.0235 0.7023 -0.7115
vn -0.0156 0.6861 0.7274
vn -0.0156 -0.6861 -0.7274
vn 0.0156 -0.6861 0.7274
vn 0.0156 0.6861 -0.7274
vn -0.0157 0.6861 0.7273
vn 0.0156 -0.6861 0.7273
vn -0.0156 -0.6861 -0.7273
vn -0.0157 -0.6861 -0.7274
vn 0.0156 0.6861 -0.7273
vn -0.0156 0.6861 0.7273
vn 0.0157 -0.6861 0.7273
vn 0.0461 0.5393 -0.8409
vn 0.0471 -0.5392 0.8409
vn -0.0471 -0.5392 -0.8409
vn -0.0471 0.5392 0.8408
vn 0.0039 0.7560 0.6545
vn 0.0233 0.7023 -0.7115
vn -0.0234 -0.7023 -0.7115
vn -0.0038 0.7561 -0.6545
vn -0.0039 -0.7561 0.6545
vn 0.0038 -0.7559 -0.6546
vn 0.0037 0.7560 0.6546
vn -0.0038 0.7560 -0.6546
vn 0.0039 -0.7560 -0.6545
vn -0.0039 0.7561 -0.6545
vn 0.0235 0.7022 -0.7116
vn -0.0235 -0.7022 -0.7116
vn 0.7740 0.6330 -0.0163
vn -0.7742 -0.6327 -0.0162
vn 0.7748 -0.6320 0.0162
vn -0.7746 0.6323 0.0163
vn 1.0000 -0.0000 -0.0000
vn -0.7494 0.6620 -0.0072
vn 0.7491 0.6624 0.0072
vn 0.7494 -0.6620 -0.0072
vn -0.7491 -0.6624 0.0072
vn -0.7494 0.6621 -0.0072
vn 0.7496 -0.6618 -0.0072
vn -0.7495 -0.6620 0.0072
vn 0.7492 0.6623 0.0072
vn -0.5760 0.5770 -0.5790
vn 0.5760 -0.5770 -0.5790
vn -0.5786 -0.5782 -0.5752
vn 0.5786 0.5782 -0.5752
vn -0.5786 0.5782 0.5752
vn 0.5786 -0.5782 0.5752
vn -0.5760 -0.5770 0.5790
vn 0.5760 0.5770 0.5790
vn 0.7747 0.6321 -0.0163
vn -0.7749 -0.6318 -0.0163
vn 0.7744 -0.6325 0.0163
vn -0.7741 0.6329 0.0163
vn 0.7490 0.6625 0.0072
vn -0.7490 -0.6625 0.0072
vn 0.7496 -0.6619 -0.0072
vn -0.7496 0.6619 -0.0072
vn 0.7062 0.0003 0.7080
vn -0.7081 0.0004 0.7061
vn -0.7062 -0.0003 0.7080
vn 0.7081 -0.0004 0.7061
vn -0.7081 -0.0004 -0.7061
vn -0.7062 0.0003 -0.7080
vn 0.7062 -0.0003 -0.7080
vn 0.7081 0.0004 -0.7061
vn -0.0000 1.0000 -0.0000
vn 0.6231 -0.6707 -0.4023
vn 0.8621 -0.3105 -0.4005
vn 1.0000 -0.0010 0.0074
vn 0.0107 0.1930 -0.9811
vn 0.0003 -0.1416 -0.9899
vn -0.0085 -0.1352 -0.9908
vn -0.6897 -0.5969 -0.4099
vn -0.0029 -0.6045 -0.7966
vn 0.6342 0.6252 -0.4549
vn -0.0032 0.2378 -0.9713
vn 0.6327 0.7641 0.1258
vn -0.6317 0.6543 -0.4157
vn -0.6328 0.7540 0.1765
vn 0.6318 0.4454 0.6344
vn 0.9999 0.0152 -0.0071
vn 0.6613 -0.6769 0.3234
vn -0.6102 -0.7881 0.0811
vn -0.6342 0.4035 0.6595
vn 0.0091 -0.2177 0.9760
vn 0.0370 -0.2442 0.9690
vn -0.6003 -0.5060 0.6193
vn -1.0000 0.0019 -0.0072
vn -1.0000 0.0005 0.0015
vn -0.9998 0.0164 0.0112
vn -0.0134 0.7131 -0.7009
vn 0.0035 -0.8071 -0.5904
vn -0.0000 -0.9659 0.2589
vn -0.0035 -0.4039 0.9148
vn -0.0101 0.4024 0.9154
vn 0.0134 0.9681 0.2502
vn 0.0101 -0.1087 -0.9940
vn -0.4709 -0.5125 0.7181
vn -0.4908 0.0076 0.8713
vn -0.9104 0.0103 0.4136
vn -0.0165 -0.2855 0.9582
vn 0.0648 -0.9939 -0.0889
vn -0.0048 -0.9991 -0.0420
vn 0.0122 -0.9989 -0.0455
vn 0.7386 -0.0043 -0.6742
vn 0.5623 -0.0118 -0.8268
vn -0.6959 0.1105 -0.7096
vn 0.1229 0.9694 -0.2123
vn 0.2421 -0.9444 -0.2226
vn -0.6592 0.1198 -0.7424
vn 0.0315 0.3127 0.9493
vn -0.0365 -0.8114 0.5833
vn 0.5308 -0.0016 -0.8475
vn -0.5276 0.5041 -0.6838
vn -0.7872 0.4723 0.3966
vn -0.4251 -0.4147 0.8046
vn -0.7920 0.3593 -0.4936
vn -0.8257 0.3266 0.4600
vn -0.9693 0.1107 0.2194
vn -0.2388 -0.3826 0.8925
vn -0.7564 -0.4346 -0.4889
vn 0.2423 -0.9661 0.0896
vn -0.0613 0.8355 0.5460
vn -0.2038 0.8999 0.3856
vn 0.0091 0.8077 0.5895
vn -0.7608 -0.4652 0.4525
vn 0.3181 -0.7593 -0.5678
vn 0.0029 -0.6090 -0.7931
vn 0.9139 -0.2473 0.3220
vn -0.0790 0.8076 0.5845
vn 0.6886 0.3312 -0.6451
vn 0.6506 0.3430 -0.6775
vn -0.6481 0.4624 -0.6052
vn 0.7588 -0.3807 -0.5285
vn -0.1107 0.7725 -0.6253
vn 0.1448 0.7255 -0.6728
vn 0.8797 -0.2839 -0.3815
vn -0.1364 0.5648 0.8139
vn 0.7215 0.3650 0.5884
vn -0.0366 0.3134 -0.9489
vn -0.5279 -0.0053 0.8493
vn 0.5306 0.5000 0.6845
vn 0.0315 -0.8111 -0.5840
vn 0.0134 -0.7131 -0.7009
vn -0.0101 0.1087 -0.9940
vn -0.0035 0.8071 -0.5904
vn 0.0101 -0.4025 0.9154
vn -0.0134 -0.9681 0.2502
vn -0.0000 0.9659 0.2589
vn 0.0035 0.4039 0.9148
vn -0.0844 -0.9959 -0.0333
vn -0.0454 -0.9985 -0.0300
vn -0.0261 -0.9961 -0.0837
vn -0.7582 0.0229 -0.6517
vn -0.8731 0.0323 -0.4866
vn 0.4846 0.0109 -0.8747
vn 0.2862 -0.8948 -0.3426
vn -0.0180 0.0329 -0.9993
vn 0.8734 -0.0019 0.4870
vn 0.6907 0.0330 0.7223
vn -0.7935 0.0346 0.6076
vn -0.6513 0.0164 0.7586
vn -0.7850 0.5831 0.2093
vn -0.9115 0.0560 0.4075
vn -0.7435 0.6466 0.1706
vn 0.7160 0.0358 -0.6972
vn -0.8567 -0.3242 0.4012
vn -0.8614 -0.3666 -0.3516
vn -0.7761 -0.4282 -0.4629
vn 0.2327 -0.9698 0.0734
vn 0.0394 -0.7836 0.6200
vn -0.0724 0.8105 -0.5812
vn -0.4584 0.5222 -0.7191
vn -0.0027 0.8396 -0.5432
vn -0.8676 0.2785 -0.4120
vn 0.1207 0.7881 0.6036
vn 0.5308 -0.0015 -0.8475
vn -0.0160 0.8389 -0.5441
vn -0.2285 0.7647 0.6026
vn 0.8633 0.2958 -0.4089
vn -0.1570 -0.6010 -0.7837
vn 0.6466 -0.4192 -0.6373
vn 0.8437 -0.3658 0.3929
vn 0.8714 -0.3449 0.3489
vn 0.8723 0.2036 0.4446
vn -0.8622 -0.1464 -0.4850
vn -0.5845 -0.4507 -0.6747
vn -0.3293 -0.5613 0.7593
vn 0.0827 0.5040 -0.8597
vn 0.6230 -0.6675 -0.4078
vn 0.0107 0.1929 -0.9812
vn 1.0000 0.0010 -0.0012
vn 0.0032 -0.1515 0.9885
vn 0.9998 0.0195 -0.0040
vn 0.6896 -0.7085 0.1501
vn -0.6230 -0.7728 0.1210
vn -0.8620 -0.4402 0.2512
vn 0.0029 -0.8634 0.5046
vn 0.0085 -0.5036 0.8639
vn -0.0107 -0.1967 0.9804
vn -0.0003 -0.5092 0.8606
vn 0.0001 -0.9659 0.2589
vn -0.0101 0.4025 0.9154
vn 0.7386 -0.0044 -0.6742
vn 0.5622 -0.0119 -0.8269
vn -0.4711 -0.5124 0.7180
vn -0.0165 -0.2853 0.9583
vn 0.2420 -0.9444 -0.2226
vn -0.6958 0.1105 -0.7097
vn -0.6591 0.1198 -0.7424
vn 0.7215 0.3649 0.5884
vn -0.1364 0.5647 0.8139
vn -0.0613 0.8356 0.5459
vn 0.0090 0.8077 0.5895
vn -0.0789 0.8076 0.5844
vn 0.1448 0.7256 -0.6727
vn 0.6506 0.3431 -0.6775
vn -0.0366 -0.8114 0.5833
vn 0.5309 -0.0015 -0.8475
vn 0.0316 0.3127 0.9493
vn -0.7607 -0.4652 0.4526
vn 0.3180 -0.7593 -0.5677
vn -0.7864 0.4736 0.3966
vn -0.6480 0.4624 -0.6052
vn -0.1109 0.7725 -0.6253
vn -0.4250 -0.4149 0.8045
vn -0.8257 0.3266 0.4599
vn -0.7563 -0.4346 -0.4889
vn 0.0316 -0.8111 -0.5840
vn -0.5279 -0.0052 0.8493
vn 0.5306 0.4999 0.6845
vn -0.7581 0.0229 -0.6517
vn -0.8730 0.0323 -0.4866
vn 0.2862 -0.8948 -0.3427
vn -0.0180 0.0328 -0.9993
vn -0.6514 0.0164 0.7586
vn 0.6908 0.0330 0.7223
vn 0.8734 -0.0020 0.4870
vn 0.7158 0.0358 -0.6973
vn -0.8614 -0.3666 -0.3517
vn -0.4583 0.5222 -0.7192
vn -0.3296 -0.5613 0.7592
vn 0.0828 0.5040 -0.8597
vn -0.2284 0.7647 0.6026
vn 0.6101 -0.7000 -0.3711
vn -0.6100 -0.7888 0.0747
vn -0.6613 -0.5015 -0.5578
vn 0.6004 -0.2306 -0.7657
vn -0.0370 0.1447 -0.9888
vn -0.0091 0.1720 -0.9851
vn -0.9999 0.0113 0.0123
vn 0.6907 0.0330 0.7224
vn 0.2863 -0.8948 -0.3426
vn -0.6513 0.0164 0.7587
vn -0.7435 0.6466 0.1705
vn -0.0454 -0.9985 -0.0301
vn 0.7158 0.0358 -0.6974
vn 0.4846 0.0109 -0.8746
vn -0.7581 0.0228 -0.6517
vn 0.0316 0.3128 0.9493
vn -0.5276 0.5040 -0.6838
vn 0.5309 -0.0015 -0.8474
vn -0.4584 0.5222 -0.7192
vn -0.3295 -0.5613 0.7592
vn -0.1570 -0.6009 -0.7837
vn -0.8622 -0.1466 -0.4850
vn 0.6102 -0.6969 -0.3768
vn -0.6230 -0.7737 0.1147
vn -0.6726 0.1096 -0.7318
vn 0.1556 0.9555 -0.2506
vn -0.6295 0.1203 -0.7676
vn -0.4731 -0.5178 0.7128
vn -0.0260 -0.2836 0.9586
vn -0.5036 0.0077 0.8639
vn 0.0708 -0.9967 -0.0385
vn 0.0029 -1.0000 0.0083
vn -0.0075 -0.9999 0.0098
vn 0.4116 -0.8721 -0.2647
vn 0.7650 -0.0029 -0.6440
vn 0.6339 -0.0089 -0.7734
vn 0.8254 0.3333 -0.4557
vn 0.5083 -0.5114 0.6929
vn -0.0783 0.8120 0.5783
vn -0.0008 0.7841 0.6206
vn -0.0203 0.7815 0.6236
vn 0.1448 0.7256 -0.6728
vn 0.7587 -0.3808 -0.5285
vn 0.8802 -0.2834 -0.3806
vn -0.2392 -0.3819 0.8927
vn -0.1394 0.5646 0.8135
vn -0.6350 0.4505 -0.6275
vn 0.7000 0.3922 -0.5969
vn -0.2816 0.8525 0.4403
vn -0.7194 -0.4105 0.5603
vn -0.7757 0.3573 -0.5201
vn -0.7859 0.4746 0.3964
vn -0.4252 -0.4146 0.8045
vn -0.8182 0.3371 0.4658
vn -0.9299 0.1963 0.3110
vn 0.0022 -0.6091 -0.7931
vn -0.1108 0.7725 -0.6253
vn -0.7582 0.0228 -0.6517
vn -0.7849 0.5832 0.2093
vn -0.7761 -0.4282 -0.4630
vn 0.2326 -0.9698 0.0734
vn -0.4584 0.5221 -0.7192
vn 0.1208 0.7881 0.6035
vn -0.2284 0.7647 0.6025
vn 0.6465 -0.4192 -0.6374
vn -0.8621 -0.1466 -0.4850
vn -0.5845 -0.4506 -0.6748
vn 0.0107 0.1930 -0.9812
vn 0.0101 -0.4024 0.9154
vn 0.0035 0.4040 0.9148
vn 0.5623 -0.0119 -0.8269
vn -0.4908 0.0076 0.8712
vn 0.1230 0.9694 -0.2124
vn -0.2038 0.8998 0.3857
vn 0.0091 0.8077 0.5896
vn -0.7867 0.4729 0.3968
vn 0.6886 0.3312 -0.6450
vn 0.6507 0.3430 -0.6775
vn -0.0789 0.8075 0.5845
vn -0.7921 0.3593 -0.4935
vn -0.6481 0.4624 -0.6051
vn 0.3181 -0.7592 -0.5678
vn -0.7607 -0.4653 0.4526
vn -0.2388 -0.3827 0.8925
vn 0.2423 -0.9661 0.0895
vn -0.4250 -0.4150 0.8045
vn -0.9694 0.1106 0.2194
vn -0.0001 -1.0000 0.0001
vn 0.7059 0.0004 0.7083
vn -0.7083 0.0006 0.7059
vn -0.7059 -0.0004 0.7083
vn 0.7083 -0.0006 0.7059
vn -0.7083 -0.0006 -0.7059
vn -0.7059 0.0004 -0.7083
vn 0.7059 -0.0004 -0.7083
vn 0.7083 0.0006 -0.7059
vn -0.0001 1.0000 -0.0001
vn 0.0001 -1.0000 -0.0001
vn 0.0001 1.0000 0.0001
vn 0.7086 0.0005 -0.7056
vn 0.7057 0.0005 0.7085
vn 0.7086 -0.0005 0.7056
vn -0.7057 -0.0005 0.7085
vn -0.7086 0.0005 0.7056
vn 0.0001 1.0000 -0.0000
vn -0.7086 -0.0005 -0.7056
vn -0.0001 -1.0000 -0.0000
vn 0.7057 -0.0005 -0.7085
vn 0.0001 -1.0000 -0.0000
vn -0.0001 1.0000 -0.0000
vn -0.7057 0.0005 -0.7085
vn 0.5795 0.5777 -0.5748
vn -0.5795 0.5777 0.5748
vn 0.5751 0.5770 0.5799
vn -0.5751 -0.5770 0.5799
vn 0.5795 -0.5777 0.5748
vn -0.5751 0.5770 -0.5799
vn 0.5751 -0.5770 -0.5799
vn -0.5795 -0.5777 -0.5748
vn -0.3392 -0.5944 -0.7291
vn -0.9911 -0.0941 -0.0945
vn -0.2614 -0.6081 -0.7496
vn -0.9186 0.2267 0.3237
vn -0.8180 -0.1729 0.5486
vn -0.3056 0.5832 0.7527
vn -0.0811 0.7665 -0.6371
vn 0.6243 0.4930 -0.6060
vn 0.7848 0.4006 -0.4729
vn -0.0034 0.9987 0.0518
vn -0.0369 0.9780 -0.2055
vn 0.8429 0.1836 -0.5057
vn -0.0369 -0.8023 -0.5958
vn -0.1232 -0.7965 -0.5920
vn -0.0316 -0.8024 -0.5959
vn 0.9666 -0.1599 -0.2003
vn 0.4776 -0.5645 -0.6732
vn 0.0222 -0.8028 -0.5959
vn 0.2431 0.6776 -0.6941
vn -0.5840 0.5802 -0.5677
vn 0.2886 -0.6576 0.6959
vn 0.0946 -0.6422 -0.7607
vn -0.0459 0.6256 0.7788
vn -0.5935 -0.5980 0.5386
vn -0.2213 -0.0933 -0.9707
vn -0.7453 0.2762 -0.6069
vn -0.0192 0.7669 -0.6415
vn -0.0693 0.7543 -0.6528
vn -0.9047 -0.2488 0.3459
vn -0.0354 -0.7955 -0.6050
vn -0.0318 -0.7955 -0.6051
vn 0.0307 -0.7948 -0.6061
vn 0.6245 0.4929 -0.6058
vn 0.7559 0.4206 -0.5016
vn -0.0022 0.9985 0.0549
vn 0.8101 0.1883 -0.5552
vn -0.1229 -0.7910 -0.5994
vn 0.8698 0.3407 -0.3570
vn 0.8021 -0.4064 0.4376
vn -0.8066 -0.4024 0.4329
vn -0.8645 0.3363 -0.3736
vn 0.0947 -0.6421 -0.7607
vn -0.5936 -0.5980 0.5385
vn -0.2212 -0.0933 -0.9707
vn 0.0306 -0.7948 -0.6061
vn 0.8101 0.1884 -0.5552
vn 0.0947 -0.6422 -0.7607
vn -0.5936 -0.5980 0.5386
vn -0.0692 0.7543 -0.6528
vn 0.8655 0.3457 -0.3626
vn -0.8021 -0.4067 0.4373
vn -0.8688 0.3310 -0.3684
vn 0.8063 -0.4027 0.4332
vn 0.5576 -0.3907 0.7324
vn -0.9953 0.0961 0.0099
vn -0.9984 0.0554 0.0104
vn -0.9911 -0.1324 -0.0137
vn -0.6791 -0.1352 0.7215
vn 0.2119 -0.3155 -0.9250
vn -0.3690 -0.8294 -0.4195
vn 0.6366 0.6051 -0.4781
vn 0.4198 -0.9001 -0.1166
vn 0.8194 0.1775 -0.5450
vn 0.8112 -0.4303 0.3959
vn 0.8111 -0.4302 0.3963
vn 0.8112 -0.4304 0.3958
vn 0.7319 -0.2245 0.6434
vn -0.8534 -0.5190 -0.0478
vn -0.8545 -0.4945 -0.1592
vn -0.7838 0.4701 -0.4057
vn -0.6530 0.7490 -0.1123
vn -0.6529 0.7491 -0.1121
vn -0.6530 0.7490 -0.1124
vn -0.6520 0.4702 0.5948
vn -0.8298 -0.3515 -0.4335
vn 0.2827 0.2194 0.9338
vn 0.3042 0.3728 0.8766
vn -0.3124 -0.3514 -0.8826
vn -0.5964 -0.8013 0.0469
vn -0.3689 -0.8295 -0.4194
vn 0.6364 0.6058 -0.4775
vn 0.4197 -0.9001 -0.1165
vn 0.8194 0.1777 -0.5450
vn 0.8105 -0.4319 0.3955
vn 0.8112 -0.4309 0.3952
vn 0.8109 -0.4315 0.3952
vn 0.7319 -0.2246 0.6433
vn 0.5574 -0.3910 0.7324
vn -0.9954 0.0957 0.0098
vn -0.9911 -0.1328 -0.0136
vn -0.6790 -0.1352 0.7215
vn 0.2123 -0.3152 -0.9250
vn -0.8535 -0.5188 -0.0478
vn -0.7839 0.4699 -0.4058
vn -0.6524 0.7495 -0.1125
vn -0.8297 -0.3516 -0.4335
vn 0.2831 0.2194 0.9337
vn 0.2830 0.2194 0.9337
vn 0.3041 0.3729 0.8766
vn -0.3121 -0.3512 -0.8828
vn -0.3121 -0.3511 -0.8828
vn -0.5965 -0.8012 0.0469
vn -0.8534 -0.5190 -0.0481
vn -0.8545 -0.4944 -0.1592
vn -0.7837 0.4703 -0.4057
vn -0.6525 0.7494 -0.1126
vn -0.8297 -0.3517 -0.4334
vn 0.2827 0.2191 0.9338
vn 0.3040 0.3732 0.8765
vn -0.3124 -0.3519 -0.8824
vn -0.3125 -0.3518 -0.8824
vn 0.9907 -0.1354 0.0136
vn 0.9907 -0.1353 0.0152
vn 0.9907 -0.1354 0.0154
vn 0.9907 -0.1352 0.0154
vn 0.2034 -0.9790 -0.0094
vn 0.7414 -0.6711 0.0024
vn 0.6766 -0.6772 0.2891
vn 0.6766 -0.6771 0.2895
vn 0.6992 0.7080 0.0998
vn 0.5578 -0.3908 0.7323
vn -0.9920 0.1257 0.0094
vn -0.6791 -0.1351 0.7215
vn 0.2122 -0.3155 -0.9249
vn -0.8541 -0.5178 -0.0480
vn -0.8544 -0.4946 -0.1591
vn -0.7840 0.4698 -0.4058
vn -0.7840 0.4698 -0.4059
vn -0.6527 0.7492 -0.1124
vn -0.6527 0.7493 -0.1122
vn -0.6521 0.4701 0.5948
vn -0.8297 -0.3518 -0.4333
vn 0.2828 0.2194 0.9337
vn 0.3040 0.3735 0.8764
vn 0.3039 0.3734 0.8765
vn -0.3125 -0.3514 -0.8825
vn -0.5967 -0.8011 0.0468
vn 0.6360 0.6055 -0.4785
vn 0.8106 -0.4318 0.3956
vn 0.8112 -0.4308 0.3953
vn 0.8110 -0.4314 0.3953
vn 0.5575 -0.3908 0.7324
vn -0.9954 0.0956 0.0099
vn -0.9911 -0.1321 -0.0137
vn 0.2122 -0.3154 -0.9249
vn 0.2193 0.9755 -0.0196
vn 0.5210 -0.5756 -0.6303
vn 0.8190 -0.0042 0.5738
vn 0.8070 -0.2047 -0.5539
vn -0.7474 -0.0122 -0.6642
vn -0.2969 0.7330 -0.6120
vn -0.9898 -0.0829 0.1162
vn 0.6256 0.7643 -0.1565
vn 0.8017 -0.0103 0.5976
vn -0.9898 -0.0828 0.1161
vn 0.6261 0.7639 -0.1563
vn 0.5210 -0.5755 -0.6304
vn 0.5959 -0.4741 0.6482
vn 0.2685 0.9561 0.1177
vn 0.4199 -0.5845 -0.6943
vn -0.7847 0.3605 0.5042
vn -0.1557 -0.9664 0.2047
vn 0.1285 0.6401 0.7575
vn 0.1525 -0.9605 0.2329
vn -0.2954 -0.1319 0.9462
vn 0.1087 0.9162 -0.3856
vn 0.1087 0.9162 -0.3858
vn -0.1559 -0.9663 0.2050
vn 0.1288 0.6399 0.7576
vn 0.1526 -0.9605 0.2329
vn -0.2957 -0.1318 0.9461
vn 0.1084 0.9163 -0.3856
vn -0.2957 -0.1320 0.9461
vn -0.1472 -0.9690 0.1983
vn 0.1085 0.9162 -0.3857
vn 0.1286 0.6400 0.7575
vn -0.0969 0.6098 -0.7866
vn -0.1951 -0.9210 -0.3371
vn -0.5492 0.8060 -0.2207
vn -0.0965 0.6098 -0.7867
vn -0.0759 -0.7896 -0.6089
vn -0.0970 0.6098 -0.7866
vn -0.5304 -0.6684 -0.5215
vn 0.5186 0.8540 -0.0408
vn 0.5699 0.0033 -0.8217
vn -0.8777 -0.2934 0.3789
vn 0.5396 0.2419 -0.8064
vn -0.5303 -0.6685 -0.5215
vn 0.5189 0.8539 -0.0409
vn -0.8776 -0.2935 0.3790
vn 0.5396 0.2418 -0.8064
vn 0.5703 0.0034 -0.8214
vn 0.5396 0.2423 -0.8063
vn 0.5395 0.2423 -0.8063
vn -0.5353 -0.6691 -0.5155
vn -0.7178 0.2445 -0.6519
vn 0.2472 0.9294 0.2740
vn -0.8776 -0.2935 0.3791
vn 0.5396 0.2417 -0.8065
vn 0.5185 0.8541 -0.0408
vn 0.4357 0.8802 -0.1884
vn 0.4734 0.8530 -0.2194
vn 0.4735 0.8530 -0.2195
vn 0.4678 0.8666 -0.1737
vn -0.4032 -0.3842 -0.8305
vn 0.9312 -0.2165 0.2933
vn 0.9313 -0.2165 0.2931
vn 0.9313 -0.2164 0.2932
vn 0.9313 -0.2163 0.2932
vn 0.9312 -0.2165 0.2934
vn 0.9313 -0.2165 0.2930
vn 0.9313 -0.2163 0.2930
vn 0.9313 -0.2162 0.2931
vn 0.3373 -0.4202 0.8424
vn 0.0555 0.6073 0.7925
vn 0.3377 -0.4198 0.8424
vn 0.0556 0.6073 0.7925
vn 0.0557 0.6072 0.7926
vn 0.3376 -0.4196 0.8426
vn 0.3377 -0.4197 0.8425
vn 0.1957 -0.7887 0.5828
vn -0.4274 0.4313 -0.7946
vn 0.5822 -0.6126 -0.5345
vn -0.5490 0.8342 -0.0519
vn -0.4272 0.4316 -0.7945
vn 0.5822 -0.6126 -0.5346
vn 0.5822 -0.6127 -0.5345
vn -0.5491 0.8342 -0.0519
vn -0.4273 0.4316 -0.7945
vn -0.4273 0.4314 -0.7945
vn 0.3227 -0.6007 -0.7315
vn 0.5918 -0.5028 -0.6300
vn -0.9690 -0.1535 -0.1938
vn 0.5919 -0.5028 -0.6300
vn 0.6536 0.1074 -0.7492
vn 0.8859 0.1461 -0.4402
vn 0.5609 -0.7058 -0.4328
vn -0.5507 0.8330 0.0538
vn 0.0433 0.7842 -0.6190
vn -0.9697 -0.1499 0.1927
vn -0.6527 0.3536 -0.6700
vn -0.8894 0.1352 -0.4366
vn 0.3004 0.7684 -0.5651
vn -0.0986 -0.9951 0.0090
vn 0.6472 -0.6715 0.3609
vn 0.5585 -0.1613 -0.8137
vn -0.7592 0.0479 -0.6491
vn 0.3982 -0.8456 -0.3555
vn 0.8099 0.5724 0.1280
vn 0.8665 0.2116 0.4520
vn 0.6523 0.1085 -0.7501
vn 0.8859 0.1461 -0.4403
vn -0.6532 0.3530 -0.6698
vn -0.8895 0.1353 -0.4363
vn 0.3000 0.7688 -0.5647
vn -0.5506 0.8330 0.0539
vn 0.0433 0.7843 -0.6189
vn -0.9697 -0.1501 0.1926
vn -0.0974 -0.9952 0.0090
vn -0.0974 -0.9952 0.0089
vn -0.7591 0.0480 -0.6492
vn 0.3983 -0.8455 -0.3556
vn 0.8666 0.2116 0.4520
vn 0.6472 -0.6714 0.3609
vn -0.7591 0.0479 -0.6492
vn 0.3982 -0.8456 -0.3556
vn 0.8099 0.5725 0.1280
vn 0.6531 0.1077 -0.7496
vn 0.8860 0.1460 -0.4401
vn 0.7049 -0.5295 -0.4719
vn 0.5985 0.7984 -0.0666
vn 0.3017 0.7679 -0.5650
vn -0.6220 0.7710 0.1364
vn 0.0433 0.7842 -0.6189
vn -0.9698 -0.1498 0.1925
vn -0.0981 -0.9951 0.0090
vn 0.5585 -0.1612 -0.8137
vn -0.7591 0.0477 -0.6492
vn 0.3981 -0.8456 -0.3555
vn 0.8099 0.5724 0.1281
vn 0.6537 0.1080 -0.7490
vn 0.8861 0.1453 -0.4402
vn -0.5508 0.8329 0.0539
vn -0.6535 0.3520 -0.6701
vn 0.3014 0.7671 -0.5663
vn -0.9698 -0.1497 0.1925
vn 0.4383 -0.5362 -0.7214
vn -0.8444 0.0340 0.5347
vn 0.7923 0.3104 -0.5252
vn -0.9616 -0.1469 0.2318
vn -0.7517 -0.6574 -0.0527
vn -0.7380 0.4278 0.5218
vn -0.9982 0.0425 0.0429
vn 0.8397 0.3400 0.4234
vn 0.7923 0.3105 -0.5252
vt 0.783614 0.977483
vt 0.783614 0.977486
vt 0.783597 0.977196
vt 0.978929 0.614249
vt 0.978805 0.614121
vt 0.978896 0.614070
vt 0.978645 0.553424
vt 0.978630 0.553832
vt 0.978620 0.553328
vt 0.715036 0.994354
vt 0.714907 0.994268
vt 0.715166 0.994352
vt 0.978929 0.628522
vt 0.978805 0.628394
vt 0.978896 0.628343
vt 0.789058 0.977483
vt 0.789058 0.977486
vt 0.789041 0.977196
vt 0.978645 0.567697
vt 0.978630 0.568105
vt 0.978620 0.567602
vt 0.710772 0.994354
vt 0.710644 0.994268
vt 0.710902 0.994352
vt 0.978645 0.596244
vt 0.978630 0.596652
vt 0.978620 0.596148
vt 0.702245 0.994354
vt 0.702116 0.994268
vt 0.702375 0.994352
vt 0.979127 0.643096
vt 0.978802 0.642772
vt 0.978941 0.642762
vt 0.985771 0.971281
vt 0.985773 0.971280
vt 0.985483 0.971298
vt 0.978645 0.581971
vt 0.978630 0.582379
vt 0.978620 0.581875
vt 0.706509 0.994354
vt 0.706380 0.994268
vt 0.706639 0.994352
vt 0.978929 0.657068
vt 0.978805 0.656940
vt 0.978896 0.656889
vt 0.778169 0.977483
vt 0.778170 0.977486
vt 0.778153 0.977196
vt 0.088756 0.949477
vt 0.088603 0.949225
vt 0.088519 0.949441
vt 0.697972 0.994510
vt 0.698076 0.994350
vt 0.698005 0.994621
vt 0.083154 0.949445
vt 0.083593 0.948971
vt 0.083259 0.949507
vt 0.106022 0.949477
vt 0.105870 0.949225
vt 0.105786 0.949441
vt 0.031287 0.949445
vt 0.031726 0.948971
vt 0.031392 0.949507
vt 0.123289 0.949477
vt 0.123136 0.949225
vt 0.123053 0.949441
vt 0.140556 0.949477
vt 0.140403 0.949225
vt 0.140319 0.949441
vt 0.048576 0.949445
vt 0.049015 0.948971
vt 0.048681 0.949507
vt 0.267516 0.977301
vt 0.267015 0.985258
vt 0.266983 0.985257
vt 0.986448 0.645235
vt 0.978683 0.642707
vt 0.971328 0.503086
vt 0.970858 0.502925
vt 0.970912 0.502778
vt 0.289515 0.994341
vt 0.290916 0.994188
vt 0.290879 0.994378
vt 0.979169 0.613425
vt 0.978879 0.614346
vt 0.019605 0.994398
vt 0.019776 0.995276
vt 0.019605 0.995880
vt 0.810847 0.977852
vt 0.811068 0.977298
vt 0.811466 0.977196
vt 0.469135 0.994144
vt 0.468617 0.995146
vt 0.469051 0.994035
vt 0.451189 0.994107
vt 0.451013 0.994867
vt 0.451013 0.993889
vt 0.306567 0.994341
vt 0.307969 0.994188
vt 0.307932 0.994378
vt 0.979169 0.627698
vt 0.978879 0.628619
vt 0.013921 0.994398
vt 0.014092 0.995276
vt 0.013921 0.995880
vt 0.799644 0.977852
vt 0.799865 0.977298
vt 0.800263 0.977196
vt 0.496760 0.994144
vt 0.496243 0.995146
vt 0.496677 0.994034
vt 0.445635 0.994107
vt 0.445459 0.994867
vt 0.445459 0.993889
vt 0.030973 0.994398
vt 0.031144 0.995276
vt 0.030973 0.995880
vt 0.794043 0.977852
vt 0.794264 0.977298
vt 0.794662 0.977196
vt 0.502286 0.994144
vt 0.501768 0.995146
vt 0.502202 0.994034
vt 0.456743 0.994107
vt 0.456567 0.994867
vt 0.456567 0.993889
vt 0.295200 0.994459
vt 0.296601 0.994188
vt 0.296564 0.994378
vt 0.979114 0.642005
vt 0.978805 0.642667
vt 0.025289 0.994398
vt 0.025460 0.995276
vt 0.025289 0.995880
vt 0.805246 0.977852
vt 0.805467 0.977298
vt 0.805865 0.977196
vt 0.491235 0.994144
vt 0.490717 0.995146
vt 0.491152 0.994034
vt 0.462297 0.994107
vt 0.462121 0.994867
vt 0.462121 0.993889
vt 0.300883 0.994341
vt 0.302285 0.994188
vt 0.302248 0.994378
vt 0.979169 0.656244
vt 0.978879 0.657165
vt 0.970858 0.491577
vt 0.971328 0.491738
vt 0.971309 0.492659
vt 0.065970 0.949507
vt 0.065570 0.949785
vt 0.066381 0.948887
vt 0.970858 0.497251
vt 0.971328 0.497412
vt 0.971311 0.498324
vt 0.082887 0.949893
vt 0.083125 0.949460
vt 0.970858 0.508599
vt 0.971328 0.508760
vt 0.971311 0.509672
vt 0.031020 0.949893
vt 0.031258 0.949460
vt 0.048309 0.949893
vt 0.048547 0.949460
vt 0.782838 0.977938
vt 0.783080 0.984417
vt 0.782172 0.978026
vt 0.257166 0.977481
vt 0.256571 0.985377
vt 0.257130 0.977480
vt 0.572485 0.985106
vt 0.572525 0.977201
vt 0.572525 0.985289
vt 0.978838 0.553310
vt 0.986653 0.551497
vt 0.873134 0.977201
vt 0.872681 0.983636
vt 0.872313 0.977196
vt 0.788282 0.977938
vt 0.788523 0.984417
vt 0.787616 0.978026
vt 0.240224 0.977481
vt 0.239629 0.985377
vt 0.240188 0.977480
vt 0.558012 0.985106
vt 0.558052 0.977201
vt 0.558052 0.985289
vt 0.978838 0.567583
vt 0.986653 0.565771
vt 0.861273 0.977201
vt 0.860821 0.983636
vt 0.860453 0.977196
vt 0.562836 0.985106
vt 0.562877 0.977201
vt 0.562877 0.985289
vt 0.978838 0.596130
vt 0.986653 0.594317
vt 0.867204 0.977201
vt 0.866751 0.983636
vt 0.866383 0.977196
vt 0.173281 0.977474
vt 0.172544 0.977196
vt 0.173164 0.977323
vt 0.204715 0.995070
vt 0.204195 0.993910
vt 0.204910 0.994571
vt 0.251519 0.977481
vt 0.250924 0.985377
vt 0.251483 0.977480
vt 0.567661 0.985106
vt 0.567701 0.977201
vt 0.567701 0.985289
vt 0.978838 0.581857
vt 0.986653 0.580044
vt 0.879064 0.977201
vt 0.878612 0.983636
vt 0.878244 0.977196
vt 0.777394 0.977938
vt 0.777635 0.984417
vt 0.776727 0.978026
vt 0.245871 0.977481
vt 0.245277 0.985377
vt 0.245835 0.977480
vt 0.065588 0.949896
vt 0.053622 0.939855
vt 0.070865 0.939914
vt 0.082859 0.949785
vt 0.018998 0.939914
vt 0.030992 0.949785
vt 0.036287 0.939914
vt 0.048281 0.949785
vt 0.330054 0.995431
vt 0.330497 0.993953
vt 0.330660 0.994928
vt 0.313108 0.995431
vt 0.313551 0.993953
vt 0.313714 0.994928
vt 0.318757 0.995432
vt 0.319199 0.993953
vt 0.319363 0.994928
vt 0.850192 0.984272
vt 0.849276 0.983738
vt 0.850352 0.984132
vt 0.324406 0.995432
vt 0.324848 0.993953
vt 0.325012 0.994928
vt 0.200087 0.977351
vt 0.200691 0.985258
vt 0.200617 0.985455
vt 0.986634 0.616084
vt 0.978764 0.614107
vt 0.978867 0.614048
vt 0.983990 0.607989
vt 0.272509 0.977301
vt 0.272007 0.985258
vt 0.271976 0.985257
vt 0.971246 0.550435
vt 0.978632 0.553294
vt 0.529669 0.985390
vt 0.529530 0.977253
vt 0.529669 0.977196
vt 0.233963 0.985261
vt 0.234540 0.977347
vt 0.234564 0.977230
vt 0.205733 0.977351
vt 0.206338 0.985258
vt 0.206264 0.985455
vt 0.986634 0.630358
vt 0.978764 0.628381
vt 0.978867 0.628321
vt 0.983990 0.622262
vt 0.971246 0.564708
vt 0.978632 0.567568
vt 0.533809 0.985390
vt 0.533669 0.977253
vt 0.533809 0.977196
vt 0.217021 0.985261
vt 0.217599 0.977347
vt 0.217622 0.977230
vt 0.292481 0.977301
vt 0.291979 0.985258
vt 0.291947 0.985257
vt 0.971246 0.593255
vt 0.978632 0.596114
vt 0.521391 0.985390
vt 0.521251 0.977253
vt 0.521391 0.977196
vt 0.222669 0.985261
vt 0.223246 0.977347
vt 0.223269 0.977230
vt 0.211381 0.977351
vt 0.211985 0.985258
vt 0.211911 0.985455
vt 0.978867 0.642595
vt 0.983990 0.636535
vt 0.978896 0.642616
vt 0.277502 0.977301
vt 0.277000 0.985258
vt 0.276969 0.985257
vt 0.971246 0.578981
vt 0.978632 0.581841
vt 0.525530 0.985390
vt 0.525391 0.977253
vt 0.525530 0.977196
vt 0.228316 0.985261
vt 0.228893 0.977347
vt 0.228917 0.977230
vt 0.194440 0.977351
vt 0.195044 0.985258
vt 0.194970 0.985455
vt 0.986634 0.658903
vt 0.978764 0.656926
vt 0.978867 0.656867
vt 0.983990 0.650808
vt 0.066012 0.949230
vt 0.066071 0.949602
vt 0.100988 0.939829
vt 0.088950 0.949694
vt 0.118255 0.939829
vt 0.106217 0.949694
vt 0.135522 0.939829
vt 0.123483 0.949694
vt 0.152788 0.939829
vt 0.140750 0.949694
vt 0.783483 0.977399
vt 0.978226 0.613760
vt 0.608041 0.994331
vt 0.607821 0.995186
vt 0.607821 0.993889
vt 0.788928 0.977399
vt 0.978226 0.628033
vt 0.595381 0.994331
vt 0.595161 0.995186
vt 0.595161 0.993889
vt 0.603821 0.994331
vt 0.603601 0.995186
vt 0.603601 0.993889
vt 0.986236 0.972255
vt 0.985687 0.971411
vt 0.978226 0.642306
vt 0.599601 0.994331
vt 0.599381 0.995186
vt 0.599381 0.993889
vt 0.778039 0.977399
vt 0.978226 0.656579
vt 0.978647 0.614245
vt 0.971291 0.617201
vt 0.978470 0.613581
vt 0.178107 0.977462
vt 0.178658 0.985424
vt 0.178071 0.977461
vt 0.330013 0.995663
vt 0.329053 0.995486
vt 0.810366 0.977734
vt 0.810937 0.984280
vt 0.809868 0.977913
vt 0.978876 0.553477
vt 0.983044 0.560210
vt 0.978308 0.553877
vt 0.978647 0.628518
vt 0.971291 0.631474
vt 0.978470 0.627855
vt 0.183754 0.977462
vt 0.184305 0.985423
vt 0.183718 0.977461
vt 0.313067 0.995663
vt 0.312107 0.995486
vt 0.799163 0.977734
vt 0.799734 0.984280
vt 0.798665 0.977914
vt 0.978876 0.567750
vt 0.983044 0.574483
vt 0.978308 0.568151
vt 0.318716 0.995663
vt 0.317756 0.995486
vt 0.793562 0.977734
vt 0.794133 0.984280
vt 0.793064 0.977913
vt 0.978876 0.596297
vt 0.983044 0.603030
vt 0.978308 0.596697
vt 0.978647 0.642792
vt 0.971291 0.645747
vt 0.978420 0.642096
vt 0.172459 0.977462
vt 0.171991 0.985392
vt 0.172423 0.977461
vt 0.324365 0.995663
vt 0.323404 0.995486
vt 0.804765 0.977734
vt 0.805336 0.984280
vt 0.804267 0.977913
vt 0.978876 0.582023
vt 0.983044 0.588757
vt 0.978308 0.582424
vt 0.978647 0.657064
vt 0.971291 0.660020
vt 0.978470 0.656401
vt 0.189402 0.977461
vt 0.189953 0.985423
vt 0.189366 0.977461
vt 0.827178 0.977217
vt 0.827056 0.983738
vt 0.827153 0.977217
vt 0.832733 0.977217
vt 0.832611 0.983738
vt 0.832708 0.977217
vt 0.838289 0.977217
vt 0.838166 0.983738
vt 0.838263 0.977217
vt 0.816068 0.977217
vt 0.815945 0.983738
vt 0.816042 0.977217
vt 0.100437 0.971965
vt 0.100933 0.971738
vt 0.117703 0.971965
vt 0.118200 0.971738
vt 0.134970 0.971965
vt 0.135467 0.971738
vt 0.152237 0.971965
vt 0.152733 0.971738
vt 0.522474 0.218285
vt 0.522867 0.127256
vt 0.616812 0.127852
vt 0.009520 0.812259
vt 0.107374 0.796055
vt 0.100111 0.812229
vt 0.002152 0.796059
vt 0.622550 0.113451
vt 0.626574 0.118733
vt 0.338621 0.811309
vt 0.438256 0.794867
vt 0.429709 0.811315
vt 0.339514 0.794889
vt 0.616405 0.218678
vt 0.209504 0.002025
vt 0.111557 0.018196
vt 0.118887 0.002052
vt 0.216903 0.018192
vt 0.334283 0.795012
vt 0.216904 0.796101
vt 0.209536 0.812230
vt 0.118930 0.812255
vt 0.226281 0.018505
vt 0.234881 0.002064
vt 0.325971 0.002104
vt 0.615391 0.107482
vt 0.522598 0.107091
vt 0.522821 0.016054
vt 0.221033 0.018364
vt 0.627449 0.007281
vt 0.615636 0.016736
vt 0.623461 0.002000
vt 0.002139 0.018171
vt 0.009490 0.002033
vt 0.100072 0.002032
vt 0.339491 0.017751
vt 0.426307 0.002000
vt 0.438294 0.017726
vt 0.338261 0.002134
vt 0.111559 0.796106
vt 0.325051 0.795678
vt 0.330283 0.795505
vt 0.326360 0.811303
vt 0.238289 0.811405
vt 0.325022 0.018516
vt 0.330283 0.018398
vt 0.226247 0.795669
vt 0.221031 0.795487
vt 0.107361 0.018167
vt 0.443534 0.795009
vt 0.443541 0.017910
vt 0.334289 0.017929
vt 0.502826 0.002053
vt 0.502807 0.779053
vt 0.493763 0.779076
vt 0.467265 0.779097
vt 0.476328 0.002051
vt 0.476309 0.779076
vt 0.493764 0.002004
vt 0.467266 0.002003
vt 0.663612 0.552779
vt 0.713174 0.552813
vt 0.713168 0.638881
vt 0.663604 0.638847
vt 0.573718 0.662128
vt 0.623282 0.662145
vt 0.623276 0.748213
vt 0.573710 0.748196
vt 0.925126 0.133261
vt 0.966588 0.172686
vt 0.925126 0.172693
vt 0.966585 0.133215
vt 0.925127 0.264365
vt 0.966587 0.303804
vt 0.925126 0.303798
vt 0.966584 0.264333
vt 0.761226 0.002077
vt 0.761593 0.086996
vt 0.760820 0.087032
vt 0.765229 0.113528
vt 0.765596 0.198447
vt 0.764823 0.198483
vt 0.707229 0.002110
vt 0.756787 0.088196
vt 0.707221 0.088179
vt 0.756793 0.002127
vt 0.663612 0.462469
vt 0.713168 0.548571
vt 0.663604 0.548536
vt 0.713174 0.462503
vt 0.925126 0.482895
vt 0.966584 0.482863
vt 0.966586 0.522334
vt 0.925126 0.522327
vt 0.849208 0.883080
vt 0.849253 0.924539
vt 0.809783 0.924542
vt 0.809775 0.883080
vt 0.771550 0.552715
vt 0.772354 0.552786
vt 0.771933 0.637688
vt 0.764134 0.314988
vt 0.764938 0.315060
vt 0.764517 0.399961
vt 0.717201 0.462474
vt 0.766764 0.462492
vt 0.766758 0.548560
vt 0.652766 0.113555
vt 0.702328 0.113589
vt 0.702322 0.199658
vt 0.652758 0.199623
vt 0.717193 0.548543
vt 0.925126 0.089555
vt 0.966588 0.128980
vt 0.925126 0.128987
vt 0.966585 0.089509
vt 0.925126 0.220660
vt 0.966584 0.220627
vt 0.966587 0.260098
vt 0.925126 0.260092
vt 0.769012 0.314988
vt 0.769816 0.315059
vt 0.769395 0.399961
vt 0.752271 0.643026
vt 0.753075 0.643097
vt 0.752654 0.727999
vt 0.706354 0.113561
vt 0.755912 0.199646
vt 0.706346 0.199629
vt 0.755918 0.113578
vt 0.610023 0.552779
vt 0.659579 0.638881
vt 0.610015 0.638847
vt 0.659585 0.552813
vt 0.925126 0.439189
vt 0.966583 0.439157
vt 0.966587 0.478628
vt 0.925126 0.478622
vt 0.925126 0.176967
vt 0.966585 0.176921
vt 0.966588 0.216392
vt 0.925126 0.216399
vt 0.757149 0.643026
vt 0.757953 0.643097
vt 0.757532 0.727999
vt 0.769705 0.113492
vt 0.770509 0.113563
vt 0.770088 0.198465
vt 0.646821 0.816328
vt 0.605312 0.867977
vt 0.605354 0.816370
vt 0.646868 0.867990
vt 0.869320 0.779555
vt 0.920870 0.821091
vt 0.869319 0.821039
vt 0.920883 0.779536
vt 0.869320 0.550896
vt 0.920883 0.550878
vt 0.920870 0.592433
vt 0.869319 0.592380
vt 0.869369 0.230801
vt 0.921031 0.230754
vt 0.921019 0.272310
vt 0.869411 0.272268
vt 0.869369 0.047874
vt 0.921031 0.047827
vt 0.921019 0.089383
vt 0.869411 0.089341
vt 0.869320 0.825287
vt 0.920883 0.825268
vt 0.920870 0.866823
vt 0.869319 0.866770
vt 0.043617 0.883080
vt 0.002081 0.934632
vt 0.002133 0.883080
vt 0.043636 0.934644
vt 0.692553 0.816328
vt 0.692600 0.867990
vt 0.651044 0.867977
vt 0.651086 0.816370
vt 0.089349 0.883081
vt 0.089368 0.934645
vt 0.047813 0.934632
vt 0.869369 0.276533
vt 0.921018 0.318042
vt 0.869411 0.318000
vt 0.047865 0.883080
vt 0.921031 0.276486
vt 0.869319 0.596628
vt 0.920883 0.596609
vt 0.920870 0.638164
vt 0.869319 0.638112
vt 0.869369 0.322265
vt 0.921031 0.322218
vt 0.921019 0.363774
vt 0.869411 0.363732
vt 0.869319 0.642360
vt 0.920883 0.642341
vt 0.920870 0.683896
vt 0.869319 0.683844
vt 0.869369 0.367997
vt 0.921031 0.367950
vt 0.921019 0.409505
vt 0.869411 0.409464
vt 0.135080 0.883080
vt 0.135100 0.934644
vt 0.093544 0.934632
vt 0.093596 0.883080
vt 0.869369 0.093606
vt 0.921031 0.093559
vt 0.921019 0.135114
vt 0.869411 0.135073
vt 0.516005 0.002053
vt 0.506942 0.779076
vt 0.506943 0.002005
vt 0.515986 0.779053
vt 0.480584 0.779098
vt 0.480585 0.002003
vt 0.489647 0.002051
vt 0.489628 0.779076
vt 0.653641 0.002104
vt 0.703202 0.002139
vt 0.703196 0.088207
vt 0.685782 0.315061
vt 0.735339 0.401146
vt 0.685774 0.401129
vt 0.653633 0.088172
vt 0.735345 0.315078
vt 0.925126 0.351777
vt 0.966584 0.351745
vt 0.966587 0.391216
vt 0.925126 0.391210
vt 0.925126 0.045849
vt 0.966588 0.085274
vt 0.925126 0.085281
vt 0.966585 0.045803
vt 0.759658 0.315024
vt 0.760025 0.399944
vt 0.759252 0.399979
vt 0.770982 0.002077
vt 0.771349 0.086996
vt 0.770576 0.087032
vt 0.610023 0.462469
vt 0.659579 0.548571
vt 0.610015 0.548536
vt 0.685782 0.224751
vt 0.735345 0.224768
vt 0.735339 0.310836
vt 0.685774 0.310819
vt 0.659585 0.462503
vt 0.925126 0.308071
vt 0.966587 0.347510
vt 0.925126 0.347504
vt 0.966584 0.308039
vt 0.892914 0.883080
vt 0.853489 0.924542
vt 0.853481 0.883080
vt 0.892960 0.924539
vt 0.765702 0.002041
vt 0.766506 0.002112
vt 0.766085 0.087014
vt 0.754377 0.314988
vt 0.755182 0.315060
vt 0.754760 0.399961
vt 0.632193 0.315055
vt 0.681755 0.315089
vt 0.681749 0.401158
vt 0.520128 0.662128
vt 0.569685 0.748213
vt 0.520120 0.748196
vt 0.632185 0.401123
vt 0.569691 0.662145
vt 0.925126 0.002143
vt 0.966585 0.002097
vt 0.966588 0.041568
vt 0.925126 0.526601
vt 0.966584 0.526569
vt 0.966587 0.566039
vt 0.925126 0.566033
vt 0.925126 0.041575
vt 0.762027 0.643026
vt 0.762832 0.643097
vt 0.762410 0.727999
vt 0.766905 0.643026
vt 0.767710 0.643097
vt 0.767288 0.727998
vt 0.663612 0.643095
vt 0.713169 0.729180
vt 0.663604 0.729163
vt 0.632193 0.224745
vt 0.681749 0.310848
vt 0.632185 0.310813
vt 0.681755 0.224779
vt 0.713175 0.643112
vt 0.925126 0.395483
vt 0.966584 0.395451
vt 0.966587 0.434922
vt 0.805502 0.883081
vt 0.766076 0.924542
vt 0.766069 0.883080
vt 0.925126 0.434916
vt 0.805547 0.924539
vt 0.759949 0.113492
vt 0.760753 0.113563
vt 0.760332 0.198465
vt 0.770795 0.462405
vt 0.771599 0.462476
vt 0.771178 0.547378
vt 0.869369 0.459461
vt 0.921031 0.459413
vt 0.921018 0.500969
vt 0.180813 0.883081
vt 0.180832 0.934645
vt 0.139276 0.934632
vt 0.139329 0.883080
vt 0.869411 0.500927
vt 0.226544 0.883081
vt 0.226563 0.934645
vt 0.185008 0.934632
vt 0.784016 0.816328
vt 0.742508 0.867977
vt 0.742550 0.816370
vt 0.784063 0.867990
vt 0.185061 0.883080
vt 0.869319 0.505165
vt 0.920883 0.505145
vt 0.920870 0.546701
vt 0.738285 0.816328
vt 0.696776 0.867977
vt 0.696818 0.816370
vt 0.869319 0.546649
vt 0.738332 0.867990
vt 0.869320 0.733823
vt 0.920883 0.733804
vt 0.920870 0.775359
vt 0.869369 0.139338
vt 0.921018 0.180846
vt 0.869411 0.180805
vt 0.921031 0.139291
vt 0.869319 0.775307
vt 0.272276 0.883081
vt 0.272295 0.934645
vt 0.230740 0.934632
vt 0.230792 0.883080
vt 0.829748 0.816328
vt 0.829795 0.867990
vt 0.788240 0.867977
vt 0.788281 0.816370
vt 0.869369 0.413729
vt 0.921018 0.455237
vt 0.869411 0.455196
vt 0.869320 0.688091
vt 0.920883 0.688072
vt 0.920870 0.729628
vt 0.921031 0.413682
vt 0.869319 0.729575
vt 0.869369 0.002142
vt 0.921018 0.043651
vt 0.869411 0.043609
vt 0.921031 0.002095
vt 0.318007 0.883080
vt 0.318027 0.934644
vt 0.276471 0.934632
vt 0.276523 0.883080
vt 0.869369 0.185070
vt 0.921031 0.185022
vt 0.921019 0.226578
vt 0.363740 0.883081
vt 0.322203 0.934632
vt 0.322256 0.883080
vt 0.363759 0.934645
vt 0.869411 0.226536
vt 0.861934 0.117868
vt 0.780370 0.081585
vt 0.861961 0.081593
vt 0.780343 0.117859
vt 0.780235 0.162191
vt 0.860832 0.198484
vt 0.780312 0.198499
vt 0.860783 0.162213
vt 0.925193 0.862085
vt 0.925208 0.860514
vt 0.961927 0.861304
vt 0.925194 0.856391
vt 0.925211 0.854836
vt 0.961926 0.855618
vt 0.076038 0.977285
vt 0.076036 0.987907
vt 0.069297 0.987918
vt 0.069299 0.977295
vt 0.036634 0.988041
vt 0.036636 0.977284
vt 0.043375 0.977288
vt 0.043373 0.988045
vt 0.086925 0.977285
vt 0.080185 0.987918
vt 0.080187 0.977295
vt 0.086923 0.987907
vt 0.047522 0.988041
vt 0.054263 0.977288
vt 0.054261 0.988045
vt 0.047524 0.977284
vt 0.970859 0.922393
vt 0.983415 0.931139
vt 0.970858 0.931084
vt 0.983428 0.922384
vt 0.983657 0.880228
vt 0.970957 0.880228
vt 0.970924 0.871537
vt 0.970965 0.842061
vt 0.970948 0.829289
vt 0.983717 0.829278
vt 0.970965 0.808130
vt 0.970948 0.795359
vt 0.983716 0.795348
vt 0.970858 0.896921
vt 0.983557 0.896922
vt 0.983592 0.905613
vt 0.970859 0.846153
vt 0.983598 0.854844
vt 0.970858 0.854844
vt 0.983734 0.808119
vt 0.970858 0.905612
vt 0.983734 0.842050
vt 0.983565 0.846153
vt 0.983658 0.871536
vt 0.861934 0.077556
vt 0.780370 0.041273
vt 0.861961 0.041282
vt 0.780343 0.077547
vt 0.780235 0.121882
vt 0.860783 0.121905
vt 0.860832 0.158176
vt 0.780312 0.158191
vt 0.925193 0.867770
vt 0.925208 0.866200
vt 0.961927 0.866989
vt 0.925194 0.873446
vt 0.925211 0.871891
vt 0.961926 0.872673
vt 0.025746 0.988041
vt 0.032487 0.977288
vt 0.032485 0.988045
vt 0.025748 0.977284
vt 0.108700 0.977285
vt 0.108698 0.987907
vt 0.101959 0.987918
vt 0.101961 0.977295
vt 0.058409 0.988041
vt 0.058411 0.977284
vt 0.065151 0.977288
vt 0.065149 0.988045
vt 0.097813 0.977285
vt 0.097811 0.987907
vt 0.091072 0.987918
vt 0.091074 0.977295
vt 0.970859 0.858845
vt 0.983597 0.867536
vt 0.970858 0.867536
vt 0.970965 0.791166
vt 0.970948 0.778394
vt 0.983716 0.778383
vt 0.983565 0.858845
vt 0.983657 0.892920
vt 0.970924 0.884229
vt 0.983658 0.884228
vt 0.970965 0.825096
vt 0.983717 0.812313
vt 0.983734 0.825085
vt 0.970948 0.812324
vt 0.970858 0.909614
vt 0.983557 0.909615
vt 0.983592 0.918306
vt 0.970858 0.918305
vt 0.970858 0.935307
vt 0.983428 0.935297
vt 0.983415 0.944052
vt 0.983734 0.791154
vt 0.970858 0.943998
vt 0.970957 0.892920
vt 0.520170 0.224749
vt 0.605905 0.224710
vt 0.605940 0.329878
vt 0.735343 0.552675
vt 0.735351 0.638340
vt 0.717184 0.638302
vt 0.717183 0.552674
vt 0.610002 0.329722
vt 0.628171 0.224753
vt 0.628174 0.329725
vt 0.767538 0.224641
vt 0.749367 0.309248
vt 0.749380 0.224676
vt 0.767534 0.309253
vt 0.649622 0.002000
vt 0.631453 0.106972
vt 0.631449 0.002004
vt 0.520206 0.329917
vt 0.649621 0.107006
vt 0.520170 0.552780
vt 0.605907 0.552743
vt 0.605943 0.657912
vt 0.520206 0.657949
vt 0.610004 0.224713
vt 0.521300 0.969861
vt 0.512776 0.967589
vt 0.507424 0.960834
vt 0.755038 0.947660
vt 0.755185 0.956269
vt 0.748864 0.956244
vt 0.755636 0.961224
vt 0.749391 0.961313
vt 0.755648 0.939024
vt 0.748802 0.947127
vt 0.507015 0.948953
vt 0.984726 0.018711
vt 0.973067 0.018706
vt 0.973577 0.012504
vt 0.515219 0.940305
vt 0.985366 0.012508
vt 0.527172 0.940102
vt 0.535677 0.948556
vt 0.534290 0.962319
vt 0.940939 0.958808
vt 0.947243 0.946977
vt 0.947270 0.959325
vt 0.940932 0.943839
vt 0.993205 0.018703
vt 0.993205 0.012501
vt 0.814762 0.953113
vt 0.814905 0.941339
vt 0.821137 0.941909
vt 0.821112 0.953636
vt 0.947324 0.939028
vt 0.305960 0.968634
vt 0.300797 0.943849
vt 0.311693 0.939002
vt 0.296613 0.954979
vt 0.327452 0.954435
vt 0.325016 0.963262
vt 0.298962 0.963269
vt 0.322808 0.943392
vt 0.318567 0.968473
vt 0.814781 0.961301
vt 0.821182 0.961343
vt 0.749453 0.938941
vt 0.970922 0.341347
vt 0.980531 0.331802
vt 0.989307 0.336709
vt 0.989209 0.346764
vt 0.983314 0.351497
vt 0.976056 0.350357
vt 0.973491 0.334508
vt 0.972398 0.122570
vt 0.978043 0.117938
vt 0.985468 0.119138
vt 0.990637 0.127765
vt 0.985523 0.136417
vt 0.978049 0.137560
vt 0.972336 0.132939
vt 0.199871 0.985273
vt 0.282941 0.985265
vt 0.281972 0.985257
vt 0.282507 0.977301
vt 0.290469 0.995525
vt 0.979126 0.614550
vt 0.337762 0.985260
vt 0.337388 0.985380
vt 0.337303 0.977304
vt 0.201518 0.985259
vt 0.201518 0.977351
vt 0.970858 0.615869
vt 0.289415 0.995207
vt 0.372717 0.985299
vt 0.371776 0.985289
vt 0.372280 0.977299
vt 0.442614 0.985295
vt 0.441690 0.985321
vt 0.442149 0.977304
vt 0.664538 0.984955
vt 0.663778 0.977330
vt 0.665142 0.977361
vt 0.771993 0.977371
vt 0.772728 0.984881
vt 0.771314 0.984927
vt 0.513475 0.995273
vt 0.513456 0.995296
vt 0.513278 0.995332
vt 0.541157 0.994034
vt 0.540839 0.995001
vt 0.541229 0.994101
vt 0.178200 0.977199
vt 0.257064 0.977200
vt 0.257990 0.985376
vt 0.513057 0.994350
vt 0.512543 0.995416
vt 0.177281 0.977476
vt 0.257963 0.977434
vt 0.511918 0.994342
vt 0.177281 0.985380
vt 0.978671 0.614995
vt 0.986190 0.617435
vt 0.821613 0.977221
vt 0.822563 0.977201
vt 0.821500 0.983738
vt 0.974563 0.977317
vt 0.975046 0.977499
vt 0.974552 0.983821
vt 0.539987 0.994156
vt 0.540355 0.995320
vt 0.539683 0.995269
vt 0.890110 0.977200
vt 0.891073 0.977202
vt 0.890459 0.983636
vt 0.978207 0.613555
vt 0.982857 0.607162
vt 0.608177 0.977292
vt 0.608900 0.984919
vt 0.607525 0.984881
vt 0.467581 0.985254
vt 0.466618 0.985253
vt 0.467146 0.977304
vt 0.687129 0.984882
vt 0.686353 0.977335
vt 0.687751 0.977295
vt 0.397677 0.985290
vt 0.396752 0.985319
vt 0.397212 0.977300
vt 0.788361 0.947660
vt 0.788508 0.956269
vt 0.782187 0.956244
vt 0.782713 0.961313
vt 0.788959 0.961224
vt 0.625968 0.969861
vt 0.617445 0.967588
vt 0.612092 0.960833
vt 0.611683 0.948953
vt 0.788971 0.939024
vt 0.782125 0.947127
vt 0.619887 0.940305
vt 0.631841 0.940102
vt 0.640346 0.948556
vt 0.638958 0.962319
vt 0.919938 0.958808
vt 0.926241 0.946977
vt 0.926268 0.959325
vt 0.919930 0.943839
vt 0.993205 0.049336
vt 0.984726 0.049344
vt 0.985366 0.043142
vt 0.993205 0.043134
vt 0.867410 0.961301
vt 0.867391 0.953113
vt 0.873741 0.953636
vt 0.873811 0.961343
vt 0.340851 0.968634
vt 0.333853 0.963269
vt 0.331504 0.954979
vt 0.926323 0.939028
vt 0.335688 0.943849
vt 0.346584 0.939002
vt 0.973577 0.043138
vt 0.973067 0.049339
vt 0.357699 0.943392
vt 0.362343 0.954435
vt 0.359907 0.963262
vt 0.353458 0.968472
vt 0.867535 0.941339
vt 0.873767 0.941909
vt 0.782776 0.938941
vt 0.990627 0.413165
vt 0.988064 0.420011
vt 0.981037 0.422688
vt 0.978243 0.403020
vt 0.985497 0.404157
vt 0.972246 0.417804
vt 0.972343 0.407747
vt 0.989156 0.228044
vt 0.976033 0.214190
vt 0.983468 0.212989
vt 0.983510 0.232682
vt 0.976087 0.231476
vt 0.970919 0.222842
vt 0.989218 0.217677
vt 0.020233 0.994148
vt 0.021289 0.994374
vt 0.020818 0.995514
vt 0.979032 0.552902
vt 0.322388 0.985352
vt 0.321869 0.985258
vt 0.322274 0.977304
vt 0.591977 0.985101
vt 0.591114 0.985102
vt 0.591150 0.977198
vt 0.591977 0.977196
vt 0.272949 0.985257
vt 0.970858 0.551635
vt 0.571701 0.985103
vt 0.571937 0.977197
vt 0.979183 0.554079
vt 0.984190 0.559374
vt 0.452387 0.994296
vt 0.452559 0.995089
vt 0.451697 0.995273
vt 0.978659 0.552517
vt 0.986461 0.550717
vt 0.329017 0.995663
vt 0.329335 0.994448
vt 0.342759 0.985299
vt 0.341818 0.985289
vt 0.342322 0.977299
vt 0.670187 0.984955
vt 0.669426 0.977330
vt 0.670791 0.977361
vt 0.755048 0.977371
vt 0.755782 0.984881
vt 0.754369 0.984927
vt 0.447607 0.985295
vt 0.446683 0.985321
vt 0.447142 0.977305
vt 0.330302 0.993889
vt 0.501558 0.977488
vt 0.502481 0.977196
vt 0.502481 0.985393
vt 0.233753 0.977359
vt 0.547518 0.977196
vt 0.548237 0.985335
vt 0.547518 0.985334
vt 0.548373 0.977418
vt 0.235400 0.985263
vt 0.235400 0.977344
vt 0.467762 0.995017
vt 0.828116 0.977201
vt 0.501692 0.985391
vt 0.907341 0.977815
vt 0.907632 0.977648
vt 0.908368 0.984180
vt 0.382698 0.985290
vt 0.381773 0.985319
vt 0.382233 0.977300
vt 0.704074 0.984882
vt 0.703298 0.977335
vt 0.704696 0.977295
vt 0.462588 0.985254
vt 0.461625 0.985253
vt 0.462153 0.977304
vt 0.613826 0.977292
vt 0.614549 0.984920
vt 0.613173 0.984881
vt 0.556190 0.969861
vt 0.547666 0.967588
vt 0.542313 0.960834
vt 0.732823 0.947660
vt 0.732970 0.956269
vt 0.726648 0.956244
vt 0.726586 0.947127
vt 0.733433 0.939024
vt 0.541904 0.948953
vt 0.727238 0.938941
vt 0.993205 0.059547
vt 0.984727 0.059555
vt 0.985366 0.053353
vt 0.550108 0.940305
vt 0.562062 0.940102
vt 0.570567 0.948556
vt 0.804236 0.953112
vt 0.804380 0.941339
vt 0.810612 0.941909
vt 0.571731 0.957606
vt 0.567818 0.964833
vt 0.888435 0.958808
vt 0.894738 0.946977
vt 0.894765 0.959325
vt 0.888431 0.946413
vt 0.375742 0.968634
vt 0.368744 0.963269
vt 0.366395 0.954979
vt 0.888418 0.939012
vt 0.894820 0.939028
vt 0.804256 0.961301
vt 0.810587 0.953636
vt 0.810656 0.961343
vt 0.370579 0.943850
vt 0.397233 0.954435
vt 0.394798 0.963262
vt 0.381474 0.939002
vt 0.392590 0.943392
vt 0.388349 0.968473
vt 0.993205 0.053345
vt 0.973576 0.053349
vt 0.973067 0.059550
vt 0.733420 0.961224
vt 0.727175 0.961313
vt 0.970922 0.293819
vt 0.980531 0.284273
vt 0.989307 0.289180
vt 0.989209 0.299234
vt 0.983314 0.303967
vt 0.972398 0.170059
vt 0.985468 0.166627
vt 0.990637 0.175253
vt 0.985523 0.183906
vt 0.978043 0.165426
vt 0.978049 0.185049
vt 0.972336 0.180428
vt 0.976056 0.302828
vt 0.973491 0.286979
vt 0.307875 0.985260
vt 0.307501 0.985380
vt 0.307416 0.977303
vt 0.979126 0.628824
vt 0.287934 0.985266
vt 0.286965 0.985257
vt 0.287500 0.977301
vt 0.307522 0.995525
vt 0.306468 0.995207
vt 0.970858 0.630142
vt 0.205518 0.985273
vt 0.207164 0.985259
vt 0.207164 0.977351
vt 0.982857 0.621435
vt 0.978207 0.627828
vt 0.507494 0.994350
vt 0.506980 0.995416
vt 0.506355 0.994342
vt 0.523712 0.995320
vt 0.523040 0.995269
vt 0.523344 0.994156
vt 0.978671 0.629269
vt 0.732454 0.977371
vt 0.733189 0.984881
vt 0.731775 0.984927
vt 0.357738 0.985300
vt 0.356797 0.985289
vt 0.357301 0.977299
vt 0.675835 0.984955
vt 0.675075 0.977330
vt 0.676439 0.977361
vt 0.432628 0.985295
vt 0.431704 0.985321
vt 0.432163 0.977305
vt 0.507715 0.995332
vt 0.182929 0.977476
vt 0.182929 0.985380
vt 0.507912 0.995273
vt 0.507893 0.995296
vt 0.183847 0.977199
vt 0.843834 0.977221
vt 0.844784 0.977201
vt 0.843721 0.983738
vt 0.986190 0.631708
vt 0.524196 0.995001
vt 0.524514 0.994034
vt 0.524586 0.994101
vt 0.989486 0.977317
vt 0.989969 0.977499
vt 0.989476 0.983821
vt 0.884186 0.977200
vt 0.885149 0.977202
vt 0.884535 0.983636
vt 0.240123 0.977200
vt 0.241048 0.985376
vt 0.241021 0.977434
vt 0.402670 0.985290
vt 0.401746 0.985319
vt 0.402205 0.977300
vt 0.630771 0.977292
vt 0.631494 0.984919
vt 0.630119 0.984881
vt 0.477567 0.985254
vt 0.476604 0.985253
vt 0.477133 0.977304
vt 0.709722 0.984882
vt 0.708946 0.977335
vt 0.710345 0.977295
vt 0.877916 0.953112
vt 0.878060 0.941339
vt 0.884292 0.941909
vt 0.591079 0.969861
vt 0.596951 0.940102
vt 0.605456 0.948556
vt 0.576794 0.948953
vt 0.584998 0.940305
vt 0.606620 0.957606
vt 0.602708 0.964833
vt 0.577203 0.960834
vt 0.951440 0.958808
vt 0.957744 0.946977
vt 0.957771 0.959325
vt 0.951437 0.946413
vt 0.582555 0.967588
vt 0.877936 0.961301
vt 0.884267 0.953636
vt 0.884337 0.961343
vt 0.271069 0.968634
vt 0.264071 0.963269
vt 0.261722 0.954979
vt 0.993205 0.069758
vt 0.985366 0.063564
vt 0.993205 0.063556
vt 0.265906 0.943849
vt 0.276802 0.939002
vt 0.287917 0.943392
vt 0.292561 0.954435
vt 0.290125 0.963262
vt 0.283676 0.968473
vt 0.984726 0.069766
vt 0.973576 0.063560
vt 0.973067 0.069761
vt 0.766756 0.939024
vt 0.759909 0.947127
vt 0.760561 0.938941
vt 0.766146 0.947660
vt 0.957825 0.939028
vt 0.951424 0.939012
vt 0.759971 0.956244
vt 0.766293 0.956269
vt 0.760498 0.961313
vt 0.766743 0.961224
vt 0.990627 0.436924
vt 0.988064 0.443769
vt 0.981037 0.446447
vt 0.972246 0.441562
vt 0.978243 0.426778
vt 0.985497 0.427916
vt 0.972343 0.431506
vt 0.989156 0.251803
vt 0.983510 0.256441
vt 0.976087 0.255235
vt 0.970919 0.246601
vt 0.976033 0.237949
vt 0.983468 0.236748
vt 0.989218 0.241437
vt 0.014549 0.994148
vt 0.015605 0.994374
vt 0.015134 0.995514
vt 0.979032 0.567175
vt 0.317406 0.985352
vt 0.316888 0.985258
vt 0.317293 0.977304
vt 0.970858 0.565908
vt 0.267957 0.985257
vt 0.582251 0.985101
vt 0.581424 0.977198
vt 0.582251 0.977196
vt 0.581388 0.985102
vt 0.557228 0.985103
vt 0.557465 0.977197
vt 0.422642 0.985295
vt 0.421718 0.985321
vt 0.422177 0.977305
vt 0.766345 0.977371
vt 0.767079 0.984881
vt 0.765666 0.984927
vt 0.641944 0.984955
vt 0.641184 0.977330
vt 0.642548 0.977361
vt 0.362731 0.985300
vt 0.361790 0.985289
vt 0.362294 0.977299
vt 0.979183 0.568352
vt 0.984190 0.573647
vt 0.446833 0.994296
vt 0.447005 0.995089
vt 0.446143 0.995273
vt 0.978659 0.566790
vt 0.986461 0.564991
vt 0.312071 0.995663
vt 0.312389 0.994447
vt 0.495388 0.995016
vt 0.516328 0.977488
vt 0.517251 0.985393
vt 0.516462 0.985391
vt 0.517251 0.977196
vt 0.552373 0.977196
vt 0.553092 0.985334
vt 0.552373 0.985334
vt 0.313356 0.993889
vt 0.553228 0.977418
vt 0.833671 0.977201
vt 0.218459 0.985263
vt 0.216812 0.977359
vt 0.218459 0.977344
vt 0.912895 0.977814
vt 0.913187 0.977648
vt 0.913923 0.984180
vt 0.392684 0.985290
vt 0.391759 0.985319
vt 0.392219 0.977300
vt 0.619474 0.977292
vt 0.620197 0.984919
vt 0.618822 0.984881
vt 0.715371 0.984882
vt 0.714595 0.977335
vt 0.715994 0.977295
vt 0.492546 0.985254
vt 0.491583 0.985253
vt 0.492112 0.977304
vt 0.659579 0.642985
vt 0.641422 0.728612
vt 0.641420 0.642985
vt 0.659590 0.728650
vt 0.648747 0.113451
vt 0.648746 0.218457
vt 0.630578 0.218423
vt 0.520170 0.443436
vt 0.605943 0.548569
vt 0.520206 0.548605
vt 0.520170 0.334094
vt 0.605904 0.334055
vt 0.605940 0.439223
vt 0.610002 0.439067
vt 0.628171 0.334098
vt 0.628174 0.439070
vt 0.520206 0.439262
vt 0.630574 0.113454
vt 0.610004 0.334058
vt 0.767527 0.552674
vt 0.767522 0.637287
vt 0.749356 0.637282
vt 0.749369 0.552710
vt 0.605907 0.443400
vt 0.660858 0.969861
vt 0.646573 0.948953
vt 0.654777 0.940305
vt 0.666730 0.940102
vt 0.646982 0.960834
vt 0.675235 0.948556
vt 0.673848 0.962319
vt 0.990725 0.008424
vt 0.978894 0.002121
vt 0.991242 0.002093
vt 0.975756 0.008432
vt 0.652334 0.967588
vt 0.800079 0.939024
vt 0.799469 0.947660
vt 0.793232 0.947127
vt 0.984726 0.079977
vt 0.973576 0.073771
vt 0.985366 0.073775
vt 0.973067 0.079972
vt 0.993205 0.079969
vt 0.993205 0.073767
vt 0.236178 0.968634
vt 0.241911 0.939002
vt 0.253027 0.943392
vt 0.229181 0.963269
vt 0.226831 0.954979
vt 0.257670 0.954435
vt 0.231015 0.943850
vt 0.251029 0.966660
vt 0.856885 0.961301
vt 0.863216 0.953636
vt 0.863285 0.961343
vt 0.856866 0.953113
vt 0.863241 0.941909
vt 0.857009 0.941339
vt 0.793884 0.938941
vt 0.970945 0.002039
vt 0.793638 0.959550
vt 0.799616 0.956269
vt 0.800066 0.961224
vt 0.970922 0.317583
vt 0.989209 0.322999
vt 0.983314 0.327732
vt 0.989307 0.312945
vt 0.973491 0.310744
vt 0.980531 0.308037
vt 0.976056 0.326593
vt 0.972398 0.146314
vt 0.978043 0.141682
vt 0.985468 0.142882
vt 0.990637 0.151509
vt 0.985523 0.160161
vt 0.978049 0.161305
vt 0.972336 0.156683
vt 0.587114 0.985101
vt 0.586251 0.985102
vt 0.586287 0.977198
vt 0.587114 0.977196
vt 0.032186 0.995514
vt 0.031602 0.994148
vt 0.292921 0.985257
vt 0.970858 0.594455
vt 0.032657 0.994374
vt 0.562052 0.985103
vt 0.562289 0.977197
vt 0.979032 0.595722
vt 0.302463 0.985352
vt 0.301944 0.985258
vt 0.302350 0.977304
vt 0.437621 0.985295
vt 0.436697 0.985321
vt 0.437156 0.977305
vt 0.658890 0.984955
vt 0.658129 0.977330
vt 0.659494 0.977361
vt 0.377710 0.985299
vt 0.376769 0.985289
vt 0.377273 0.977299
vt 0.738103 0.977371
vt 0.738837 0.984881
vt 0.737424 0.984927
vt 0.839227 0.977201
vt 0.978659 0.595337
vt 0.986461 0.593537
vt 0.979183 0.596898
vt 0.984190 0.602194
vt 0.457941 0.994296
vt 0.458113 0.995089
vt 0.457251 0.995273
vt 0.317719 0.995663
vt 0.318038 0.994448
vt 0.319005 0.993889
vt 0.537809 0.977196
vt 0.538664 0.977418
vt 0.538527 0.985335
vt 0.506481 0.977488
vt 0.507405 0.977196
vt 0.507405 0.985393
vt 0.222459 0.977359
vt 0.537809 0.985334
vt 0.224106 0.985263
vt 0.224106 0.977344
vt 0.500913 0.995017
vt 0.506615 0.985391
vt 0.918450 0.977814
vt 0.918742 0.977648
vt 0.919478 0.984180
vt 0.698426 0.984882
vt 0.697649 0.977335
vt 0.699049 0.977295
vt 0.596880 0.977292
vt 0.597603 0.984920
vt 0.596228 0.984881
vt 0.497539 0.985254
vt 0.496576 0.985253
vt 0.497105 0.977304
vt 0.407663 0.985290
vt 0.406739 0.985319
vt 0.407198 0.977300
vt 0.984726 0.028922
vt 0.973067 0.028917
vt 0.973576 0.022716
vt 0.695748 0.969861
vt 0.681462 0.948953
vt 0.689666 0.940305
vt 0.985366 0.022720
vt 0.993205 0.028914
vt 0.701620 0.940102
vt 0.993205 0.022712
vt 0.710125 0.948556
vt 0.846340 0.953113
vt 0.846483 0.941339
vt 0.852715 0.941909
vt 0.852690 0.953636
vt 0.930435 0.946413
vt 0.936823 0.939028
vt 0.936742 0.946977
vt 0.930422 0.939012
vt 0.711289 0.957606
vt 0.707377 0.964833
vt 0.166397 0.968634
vt 0.159399 0.963269
vt 0.157050 0.954979
vt 0.161234 0.943849
vt 0.187888 0.954435
vt 0.181247 0.966660
vt 0.172129 0.939002
vt 0.930438 0.958808
vt 0.936769 0.959325
vt 0.183245 0.943392
vt 0.846359 0.961301
vt 0.852760 0.961343
vt 0.777864 0.939024
vt 0.771017 0.947127
vt 0.771669 0.938941
vt 0.777253 0.947660
vt 0.771422 0.959550
vt 0.777400 0.956269
vt 0.777851 0.961224
vt 0.681871 0.960834
vt 0.687224 0.967588
vt 0.990627 0.460682
vt 0.981037 0.470205
vt 0.972245 0.465321
vt 0.972343 0.455265
vt 0.989156 0.204285
vt 0.983510 0.208923
vt 0.976087 0.207717
vt 0.970919 0.199083
vt 0.976033 0.190431
vt 0.983468 0.189230
vt 0.989218 0.193918
vt 0.978243 0.450537
vt 0.985497 0.451674
vt 0.988064 0.467528
vt 0.212811 0.985259
vt 0.212811 0.977351
vt 0.970858 0.644415
vt 0.262970 0.985265
vt 0.262001 0.985257
vt 0.262535 0.977301
vt 0.211165 0.985273
vt 0.296078 0.995560
vt 0.295174 0.995308
vt 0.332781 0.985260
vt 0.332490 0.985389
vt 0.332322 0.977304
vt 0.367724 0.985300
vt 0.366783 0.985289
vt 0.367287 0.977299
vt 0.681484 0.984955
vt 0.680723 0.977330
vt 0.682088 0.977361
vt 0.760696 0.977371
vt 0.761431 0.984881
vt 0.760017 0.984927
vt 0.427635 0.985295
vt 0.426711 0.985321
vt 0.427170 0.977305
vt 0.978671 0.643542
vt 0.986652 0.644674
vt 0.203589 0.994676
vt 0.204096 0.993889
vt 0.529260 0.995320
vt 0.528588 0.995269
vt 0.528892 0.994156
vt 0.982857 0.635708
vt 0.978207 0.642101
vt 0.986190 0.645981
vt 0.204087 0.995571
vt 0.171634 0.977476
vt 0.173260 0.985431
vt 0.204250 0.995697
vt 0.204221 0.995694
vt 0.530061 0.994034
vt 0.529744 0.995001
vt 0.530134 0.994101
vt 0.251417 0.977200
vt 0.252342 0.985376
vt 0.252315 0.977434
vt 0.984512 0.977317
vt 0.984995 0.977499
vt 0.984501 0.983821
vt 0.896034 0.977200
vt 0.896997 0.977202
vt 0.896383 0.983636
vt 0.387691 0.985290
vt 0.386766 0.985319
vt 0.387226 0.977300
vt 0.602529 0.977292
vt 0.603252 0.984920
vt 0.601876 0.984881
vt 0.482560 0.985254
vt 0.481597 0.985253
vt 0.482125 0.977304
vt 0.692777 0.984882
vt 0.692001 0.977335
vt 0.693400 0.977295
vt 0.451521 0.969861
vt 0.442997 0.967588
vt 0.437645 0.960834
vt 0.437236 0.948953
vt 0.445440 0.940305
vt 0.467062 0.957606
vt 0.463150 0.964833
vt 0.457393 0.940102
vt 0.465898 0.948556
vt 0.909437 0.958808
vt 0.915740 0.946977
vt 0.915767 0.959325
vt 0.909433 0.946413
vt 0.743930 0.947660
vt 0.744077 0.956269
vt 0.737756 0.956244
vt 0.738282 0.961313
vt 0.744528 0.961224
vt 0.744541 0.939024
vt 0.737694 0.947127
vt 0.738346 0.938941
vt 0.993205 0.090180
vt 0.984727 0.090188
vt 0.985366 0.083986
vt 0.835833 0.961301
vt 0.835814 0.953113
vt 0.842164 0.953636
vt 0.909420 0.939012
vt 0.915821 0.939028
vt 0.410632 0.968634
vt 0.416365 0.939002
vt 0.427481 0.943392
vt 0.403635 0.963269
vt 0.401285 0.954979
vt 0.432124 0.954435
vt 0.405470 0.943850
vt 0.429688 0.963262
vt 0.423240 0.968473
vt 0.842189 0.941909
vt 0.835957 0.941339
vt 0.993205 0.083978
vt 0.842234 0.961343
vt 0.973576 0.083982
vt 0.973067 0.090183
vt 0.970922 0.365112
vt 0.973491 0.358273
vt 0.980531 0.355567
vt 0.989307 0.360474
vt 0.989209 0.370528
vt 0.983314 0.375261
vt 0.976056 0.374122
vt 0.972398 0.098826
vt 0.985468 0.095394
vt 0.990637 0.104020
vt 0.985523 0.112673
vt 0.978049 0.113816
vt 0.978043 0.094193
vt 0.972336 0.109195
vt 0.025917 0.994148
vt 0.026973 0.994374
vt 0.026502 0.995514
vt 0.979032 0.581449
vt 0.327369 0.985352
vt 0.326850 0.985258
vt 0.327256 0.977304
vt 0.277942 0.985257
vt 0.577388 0.985101
vt 0.576525 0.985102
vt 0.576561 0.977197
vt 0.577388 0.977196
vt 0.970858 0.580182
vt 0.566877 0.985103
vt 0.567113 0.977197
vt 0.979183 0.582625
vt 0.984190 0.587920
vt 0.463495 0.994296
vt 0.463667 0.995089
vt 0.462805 0.995273
vt 0.978659 0.581063
vt 0.986461 0.579264
vt 0.323368 0.995663
vt 0.323686 0.994448
vt 0.324654 0.993889
vt 0.511405 0.977488
vt 0.512328 0.977196
vt 0.512328 0.985393
vt 0.228106 0.977359
vt 0.542664 0.977196
vt 0.543382 0.985335
vt 0.542664 0.985334
vt 0.543519 0.977418
vt 0.229753 0.985263
vt 0.229753 0.977344
vt 0.352746 0.985300
vt 0.351804 0.985289
vt 0.352308 0.977299
vt 0.457593 0.985295
vt 0.456669 0.985321
vt 0.457128 0.977305
vt 0.647593 0.984955
vt 0.646832 0.977330
vt 0.648197 0.977361
vt 0.743751 0.977371
vt 0.744485 0.984881
vt 0.743072 0.984927
vt 0.511538 0.985391
vt 0.817006 0.977201
vt 0.489863 0.995016
vt 0.924005 0.977814
vt 0.924297 0.977648
vt 0.925032 0.984180
vt 0.625123 0.977292
vt 0.625846 0.984919
vt 0.624470 0.984881
vt 0.472574 0.985254
vt 0.471611 0.985253
vt 0.472139 0.977304
vt 0.721019 0.984882
vt 0.720243 0.977335
vt 0.721642 0.977295
vt 0.412656 0.985290
vt 0.411731 0.985319
vt 0.412191 0.977300
vt 0.486410 0.969861
vt 0.477887 0.967588
vt 0.472534 0.960834
vt 0.721715 0.947660
vt 0.721862 0.956269
vt 0.715541 0.956244
vt 0.722313 0.961224
vt 0.716067 0.961313
vt 0.480329 0.940305
vt 0.492283 0.940102
vt 0.993205 0.039125
vt 0.985366 0.032931
vt 0.993205 0.032923
vt 0.984726 0.039133
vt 0.825288 0.953113
vt 0.825431 0.941339
vt 0.831663 0.941909
vt 0.500788 0.948556
vt 0.831638 0.953636
vt 0.501952 0.957606
vt 0.498039 0.964833
vt 0.472125 0.948953
vt 0.898936 0.958808
vt 0.905239 0.946977
vt 0.905266 0.959325
vt 0.898932 0.946413
vt 0.898919 0.939012
vt 0.905321 0.939028
vt 0.825307 0.961301
vt 0.831708 0.961343
vt 0.201287 0.968634
vt 0.194290 0.963269
vt 0.191940 0.954979
vt 0.196125 0.943850
vt 0.222779 0.954435
vt 0.220343 0.963262
vt 0.207020 0.939002
vt 0.218136 0.943392
vt 0.213895 0.968472
vt 0.973576 0.032927
vt 0.973067 0.039128
vt 0.722325 0.939024
vt 0.715478 0.947127
vt 0.716130 0.938941
vt 0.990627 0.389407
vt 0.981037 0.398929
vt 0.972246 0.394045
vt 0.978243 0.379261
vt 0.985497 0.380398
vt 0.972343 0.383989
vt 0.989156 0.275562
vt 0.983510 0.280201
vt 0.976087 0.278994
vt 0.970919 0.270361
vt 0.976033 0.261708
vt 0.983468 0.260507
vt 0.989218 0.265196
vt 0.988064 0.396252
vt 0.312856 0.985260
vt 0.312482 0.985380
vt 0.312397 0.977304
vt 0.979126 0.657370
vt 0.297920 0.985266
vt 0.296951 0.985257
vt 0.297486 0.977301
vt 0.301838 0.995525
vt 0.300784 0.995207
vt 0.970858 0.658688
vt 0.195871 0.985259
vt 0.195871 0.977351
vt 0.194224 0.985273
vt 0.452600 0.985295
vt 0.451676 0.985321
vt 0.452135 0.977305
vt 0.749399 0.977371
vt 0.750134 0.984881
vt 0.748720 0.984927
vt 0.653241 0.984955
vt 0.652481 0.977330
vt 0.653845 0.977361
vt 0.347752 0.985300
vt 0.346811 0.985289
vt 0.347315 0.977299
vt 0.518620 0.994350
vt 0.518841 0.995332
vt 0.518106 0.995416
vt 0.519038 0.995273
vt 0.519019 0.995296
vt 0.978671 0.657815
vt 0.517481 0.994342
vt 0.854944 0.977221
vt 0.855894 0.977201
vt 0.854831 0.983738
vt 0.986190 0.660254
vt 0.188576 0.977476
vt 0.188576 0.985380
vt 0.982857 0.649981
vt 0.978207 0.656374
vt 0.534807 0.995320
vt 0.534136 0.995269
vt 0.534440 0.994156
vt 0.189495 0.977199
vt 0.535609 0.994034
vt 0.535291 0.995001
vt 0.535682 0.994101
vt 0.245770 0.977200
vt 0.246695 0.985376
vt 0.246668 0.977434
vt 0.901958 0.977200
vt 0.902921 0.977202
vt 0.902307 0.983636
vt 0.979537 0.977317
vt 0.980020 0.977499
vt 0.979527 0.983821
vt 0.417649 0.985290
vt 0.416725 0.985319
vt 0.417184 0.977300
vt 0.487553 0.985254
vt 0.486590 0.985253
vt 0.487119 0.977304
vt 0.636420 0.977292
vt 0.637143 0.984919
vt 0.635767 0.984881
vt 0.726668 0.984882
vt 0.725892 0.977335
vt 0.727291 0.977295
vt 0.002068 0.816384
vt 0.062672 0.816348
vt 0.062705 0.878974
vt 0.372152 0.876881
vt 0.372150 0.816350
vt 0.386654 0.816373
vt 0.386655 0.876882
vt 0.298115 0.878857
vt 0.312619 0.816378
vt 0.312621 0.878859
vt 0.298114 0.816352
vt 0.479199 0.816278
vt 0.464692 0.876073
vt 0.464697 0.816307
vt 0.479196 0.876069
vt 0.131616 0.816382
vt 0.192221 0.816348
vt 0.192254 0.878975
vt 0.002101 0.879010
vt 0.331130 0.816278
vt 0.316624 0.878760
vt 0.316624 0.816280
vt 0.331128 0.878781
vt 0.131649 0.879009
vt 0.780341 0.729455
vt 0.842931 0.668818
vt 0.842967 0.729421
vt 0.390660 0.876881
vt 0.405162 0.816373
vt 0.405163 0.876882
vt 0.780305 0.668851
vt 0.368148 0.816278
vt 0.368146 0.878781
vt 0.353642 0.878760
vt 0.353642 0.816280
vt 0.460690 0.816278
vt 0.460687 0.876069
vt 0.446182 0.876073
vt 0.196390 0.816382
vt 0.257029 0.878975
vt 0.196424 0.879009
vt 0.256996 0.816348
vt 0.446188 0.816307
vt 0.261099 0.878857
vt 0.261098 0.816352
vt 0.275603 0.816377
vt 0.275605 0.878859
vt 0.390658 0.816350
vt 0.442180 0.816278
vt 0.427673 0.876073
vt 0.427679 0.816307
vt 0.442177 0.876069
vt 0.279607 0.878857
vt 0.279606 0.816352
vt 0.294111 0.816378
vt 0.066841 0.816383
vt 0.127446 0.816348
vt 0.127480 0.878975
vt 0.349639 0.816278
vt 0.335133 0.878760
vt 0.335133 0.816280
vt 0.780341 0.794228
vt 0.842931 0.733591
vt 0.842967 0.794194
vt 0.349637 0.878781
vt 0.066874 0.879009
vt 0.409168 0.876881
vt 0.409165 0.816350
vt 0.423670 0.816373
vt 0.294113 0.878859
vt 0.423671 0.876882
vt 0.780305 0.733624
vt 0.780235 0.637356
vt 0.856908 0.637359
vt 0.856877 0.649047
vt 0.538432 0.816279
vt 0.526753 0.870717
vt 0.526756 0.816278
vt 0.538441 0.870751
vt 0.780339 0.511811
vt 0.857112 0.457232
vt 0.857144 0.511775
vt 0.856986 0.586265
vt 0.780345 0.574573
vt 0.856988 0.574568
vt 0.780341 0.335721
vt 0.780307 0.281179
vt 0.857112 0.281144
vt 0.780237 0.649053
vt 0.857146 0.335685
vt 0.780307 0.457268
vt 0.585535 0.816278
vt 0.585529 0.870087
vt 0.573841 0.870070
vt 0.780310 0.586261
vt 0.573860 0.816299
vt 0.780341 0.277025
vt 0.780307 0.222484
vt 0.857112 0.222448
vt 0.522735 0.816279
vt 0.522744 0.870751
vt 0.511056 0.870717
vt 0.511059 0.816278
vt 0.856986 0.617659
vt 0.780344 0.605967
vt 0.856987 0.605962
vt 0.601231 0.816278
vt 0.589537 0.870070
vt 0.589556 0.816299
vt 0.601225 0.870087
vt 0.780310 0.617655
vt 0.780339 0.570509
vt 0.780307 0.515965
vt 0.857112 0.515929
vt 0.780235 0.621659
vt 0.856877 0.633350
vt 0.780237 0.633356
vt 0.856908 0.621662
vt 0.857144 0.570473
vt 0.857146 0.276990
vt 0.554129 0.816279
vt 0.542450 0.870717
vt 0.542453 0.816278
vt 0.554138 0.870751
vt 0.780235 0.653053
vt 0.856908 0.653056
vt 0.856877 0.664744
vt 0.780339 0.453114
vt 0.857112 0.398535
vt 0.857145 0.453078
vt 0.780341 0.394417
vt 0.857112 0.339839
vt 0.857146 0.394381
vt 0.780307 0.339875
vt 0.780237 0.664750
vt 0.569839 0.816278
vt 0.569833 0.870086
vt 0.558145 0.870070
vt 0.558164 0.816299
vt 0.780307 0.398571
vt 0.856986 0.601962
vt 0.780310 0.601958
vt 0.780345 0.590270
vt 0.856988 0.590265
vt 0.651684 0.883093
vt 0.617552 0.927636
vt 0.617550 0.883095
vt 0.732175 0.927584
vt 0.732151 0.883116
vt 0.736505 0.883140
vt 0.006412 0.938941
vt 0.006372 0.973089
vt 0.002021 0.973061
vt 0.736530 0.927607
vt 0.753418 0.883129
vt 0.749089 0.927029
vt 0.749065 0.883120
vt 0.753443 0.927047
vt 0.002000 0.938942
vt 0.728079 0.883094
vt 0.693947 0.927634
vt 0.693946 0.883094
vt 0.959405 0.921535
vt 0.925260 0.917164
vt 0.959433 0.917184
vt 0.728081 0.927634
vt 0.925232 0.921515
vt 0.651686 0.927635
vt 0.054255 0.972037
vt 0.066407 0.949652
vt 0.053470 0.971676
vt 0.065607 0.949342
vt 0.401442 0.995247
vt 0.400495 0.994711
vt 0.401455 0.994097
vt 0.089263 0.949215
vt 0.088263 0.948791
vt 0.100340 0.939023
vt 0.428332 0.994647
vt 0.428304 0.995507
vt 0.428088 0.995583
vt 0.344922 0.995533
vt 0.344922 0.993889
vt 0.345788 0.994540
vt 0.088133 0.949815
vt 0.099924 0.972248
vt 0.345534 0.995686
vt 0.066403 0.948884
vt 0.983424 0.954134
vt 0.983234 0.954698
vt 0.970952 0.955185
vt 0.054340 0.938976
vt 0.117191 0.972248
vt 0.105400 0.949815
vt 0.106530 0.949215
vt 0.991039 0.497394
vt 0.990886 0.498256
vt 0.071268 0.971926
vt 0.083356 0.949514
vt 0.083928 0.949801
vt 0.273471 0.995680
vt 0.273985 0.994075
vt 0.274273 0.995185
vt 0.273105 0.994721
vt 0.339794 0.995533
vt 0.340660 0.994583
vt 0.340406 0.995686
vt 0.105530 0.948791
vt 0.117607 0.939023
vt 0.432727 0.994809
vt 0.432647 0.995507
vt 0.432431 0.995583
vt 0.339794 0.993889
vt 0.990684 0.474390
vt 0.990614 0.475466
vt 0.970938 0.475337
vt 0.983423 0.965707
vt 0.983232 0.966273
vt 0.970952 0.966758
vt 0.071629 0.938976
vt 0.780375 0.805500
vt 0.780296 0.804383
vt 0.836816 0.804252
vt 0.836891 0.805525
vt 0.494584 0.816419
vt 0.495732 0.872900
vt 0.494759 0.872951
vt 0.495679 0.816420
vt 0.613487 0.883093
vt 0.579354 0.927636
vt 0.579353 0.883095
vt 0.740632 0.927584
vt 0.740608 0.883116
vt 0.744962 0.883140
vt 0.959405 0.929946
vt 0.925260 0.925576
vt 0.959433 0.925596
vt 0.613488 0.927635
vt 0.925232 0.929927
vt 0.689882 0.883094
vt 0.689883 0.927634
vt 0.655750 0.927634
vt 0.744986 0.927607
vt 0.761874 0.883129
vt 0.757545 0.927029
vt 0.757521 0.883120
vt 0.761899 0.927047
vt 0.014824 0.938941
vt 0.010433 0.973061
vt 0.010412 0.938942
vt 0.655748 0.883094
vt 0.014784 0.973089
vt 0.134458 0.972248
vt 0.122667 0.949815
vt 0.991039 0.508742
vt 0.990886 0.509605
vt 0.019401 0.971926
vt 0.031489 0.949514
vt 0.032061 0.949801
vt 0.990684 0.480101
vt 0.990614 0.481178
vt 0.970938 0.481049
vt 0.284425 0.995680
vt 0.284059 0.994721
vt 0.284939 0.994075
vt 0.123797 0.949215
vt 0.285227 0.995185
vt 0.350050 0.995533
vt 0.350917 0.994582
vt 0.350662 0.995686
vt 0.350050 0.993889
vt 0.019762 0.938976
vt 0.437070 0.994809
vt 0.436990 0.995507
vt 0.436773 0.995583
vt 0.983424 0.948347
vt 0.983232 0.948914
vt 0.970952 0.949399
vt 0.122797 0.948791
vt 0.134874 0.939023
vt 0.151725 0.972248
vt 0.139933 0.949815
vt 0.141064 0.949215
vt 0.991039 0.503068
vt 0.990886 0.503931
vt 0.971311 0.503998
vt 0.036690 0.971926
vt 0.048778 0.949514
vt 0.049350 0.949801
vt 0.990684 0.485813
vt 0.990614 0.486889
vt 0.970938 0.486760
vt 0.278948 0.995680
vt 0.278582 0.994721
vt 0.279462 0.994075
vt 0.279750 0.995185
vt 0.140064 0.948791
vt 0.152140 0.939023
vt 0.441413 0.994809
vt 0.441332 0.995507
vt 0.441116 0.995583
vt 0.334665 0.995533
vt 0.334665 0.993889
vt 0.335532 0.994582
vt 0.335277 0.995686
vt 0.037051 0.938976
vt 0.983424 0.959920
vt 0.983232 0.960487
vt 0.970952 0.960972
vt 0.780375 0.799845
vt 0.836816 0.798598
vt 0.836891 0.799871
vt 0.780296 0.798728
vt 0.489112 0.816420
vt 0.490260 0.872900
vt 0.489287 0.872951
vt 0.490207 0.816420
vt 0.783488 0.977356
vt 0.783608 0.977259
vt 0.783609 0.977462
vt 0.783616 0.977465
vt 0.783461 0.977207
vt 0.978774 0.553382
vt 0.715044 0.994395
vt 0.715113 0.994493
vt 0.714976 0.994388
vt 0.714907 0.994492
vt 0.714951 0.994347
vt 0.788932 0.977356
vt 0.789052 0.977259
vt 0.789054 0.977462
vt 0.789060 0.977465
vt 0.788905 0.977207
vt 0.978774 0.567655
vt 0.710781 0.994395
vt 0.710849 0.994493
vt 0.710712 0.994388
vt 0.710644 0.994492
vt 0.710687 0.994347
vt 0.978774 0.596202
vt 0.702253 0.994395
vt 0.702322 0.994493
vt 0.702185 0.994388
vt 0.702116 0.994492
vt 0.702160 0.994347
vt 0.985643 0.971407
vt 0.985546 0.971287
vt 0.985749 0.971285
vt 0.985753 0.971279
vt 0.985495 0.971433
vt 0.978774 0.581928
vt 0.706517 0.994395
vt 0.706586 0.994493
vt 0.706448 0.994388
vt 0.706380 0.994492
vt 0.706424 0.994347
vt 0.778044 0.977356
vt 0.778164 0.977259
vt 0.778165 0.977462
vt 0.778172 0.977465
vt 0.778017 0.977207
vt 0.088582 0.949415
vt 0.088573 0.949528
vt 0.697874 0.993889
vt 0.698116 0.994642
vt 0.697874 0.994668
vt 0.105848 0.949415
vt 0.105840 0.949528
vt 0.123115 0.949415
vt 0.123107 0.949528
vt 0.140382 0.949415
vt 0.140373 0.949528
vt 0.076764 0.994880
vt 0.077571 0.993889
vt 0.078060 0.995000
vt 0.088101 0.994879
vt 0.088908 0.993889
vt 0.089403 0.995000
vt 0.105247 0.949902
vt 0.290196 0.993891
vt 0.978993 0.613511
vt 0.307249 0.993891
vt 0.978993 0.627784
vt 0.295880 0.993891
vt 0.301565 0.993891
vt 0.978993 0.656330
vt 0.970912 0.491430
vt 0.082669 0.949217
vt 0.970912 0.497104
vt 0.030802 0.949217
vt 0.970912 0.508452
vt 0.048153 0.949161
vt 0.291018 0.994389
vt 0.511914 0.994149
vt 0.986483 0.550784
vt 0.908764 0.977196
vt 0.908879 0.977369
vt 0.308071 0.994389
vt 0.506351 0.994148
vt 0.986483 0.565058
vt 0.914319 0.977196
vt 0.914434 0.977369
vt 0.986483 0.593604
vt 0.919874 0.977196
vt 0.919988 0.977369
vt 0.296702 0.994389
vt 0.986483 0.579331
vt 0.925428 0.977196
vt 0.925543 0.977369
vt 0.302387 0.994389
vt 0.517477 0.994148
vt 0.401352 0.993889
vt 0.273846 0.993889
vt 0.284800 0.993889
vt 0.279323 0.993889
vt 0.529530 0.985391
vt 0.533669 0.985391
vt 0.521251 0.985391
vt 0.525391 0.985391
vt 0.607964 0.995052
vt 0.071095 0.994880
vt 0.071903 0.993889
vt 0.072391 0.994999
vt 0.595303 0.995052
vt 0.603744 0.995052
vt 0.082433 0.994880
vt 0.083240 0.993889
vt 0.083728 0.995000
vt 0.599524 0.995052
vt 0.104963 0.995009
vt 0.105582 0.993889
vt 0.105887 0.994986
vt 0.256931 0.977374
vt 0.019637 0.995361
vt 0.239990 0.977374
vt 0.013953 0.995361
vt 0.031005 0.995361
vt 0.251284 0.977374
vt 0.025321 0.995361
vt 0.245637 0.977374
vt 0.087980 0.949902
vt 0.122514 0.949902
vt 0.139780 0.949902
vt 0.200617 0.985412
vt 0.289350 0.995347
vt 0.541140 0.994011
vt 0.539701 0.995292
vt 0.021273 0.994343
vt 0.591123 0.985256
vt 0.452567 0.995278
vt 0.330378 0.994030
vt 0.234624 0.977196
vt 0.306402 0.995347
vt 0.206264 0.985412
vt 0.523058 0.995292
vt 0.524497 0.994011
vt 0.015589 0.994343
vt 0.581397 0.985256
vt 0.447013 0.995278
vt 0.313432 0.994030
vt 0.217682 0.977196
vt 0.586260 0.985256
vt 0.032641 0.994343
vt 0.458121 0.995278
vt 0.319081 0.994030
vt 0.223329 0.977196
vt 0.211911 0.985412
vt 0.295034 0.995347
vt 0.528605 0.995292
vt 0.530044 0.994011
vt 0.026957 0.994343
vt 0.576534 0.985256
vt 0.463675 0.995278
vt 0.324730 0.994030
vt 0.228977 0.977196
vt 0.300718 0.995347
vt 0.194970 0.985412
vt 0.534153 0.995292
vt 0.535592 0.994011
s 1
usemtl commuter_001_baked
f 274/1/1 278/2/1 280/3/1
f 297/4/2 298/5/2 294/6/2
f 340/7/3 334/8/3 335/9/3
f 347/10/4 348/11/4 346/12/4
f 408/13/2 409/14/2 405/15/2
f 426/16/1 429/17/1 431/18/1
f 478/19/5 464/20/5 474/21/5
f 493/22/4 494/23/4 492/24/4
f 556/25/6 543/26/6 552/27/6
f 561/28/7 562/29/7 560/30/7
f 612/31/8 622/32/8 624/33/8
f 631/34/1 635/35/1 637/36/1
f 685/37/9 680/38/9 681/39/9
f 688/40/7 689/41/7 687/42/7
f 760/43/10 761/44/10 757/45/10
f 767/46/1 770/47/1 772/48/1
f 844/49/11 846/50/11 847/51/11
f 841/52/12 852/53/12 853/54/12
f 864/55/13 874/56/13 865/57/13
f 867/58/11 869/59/11 870/60/11
f 900/61/13 897/62/13 901/63/13
f 907/64/11 909/65/11 910/66/11
f 916/67/11 918/68/11 920/69/11
f 925/70/13 930/71/13 926/72/13
f 466/73/14 465/74/14 469/75/14
f 624/33/15 625/76/15 618/77/15
f 921/78/16 915/79/16 920/80/16
f 264/81/17 273/82/17 281/83/17
f 298/5/18 282/84/18 292/85/18
f 329/86/19 347/87/19 346/88/19
f 358/89/20 334/90/20 341/91/20
f 363/92/21 354/93/22 362/94/23
f 351/95/24 367/96/24 346/97/24
f 399/98/25 425/99/25 432/100/25
f 409/14/26 414/101/26 403/102/26
f 469/103/19 493/104/19 492/105/19
f 480/106/27 464/107/27 479/108/27
f 482/109/28 484/110/29 483/111/23
f 497/112/30 501/113/30 492/114/30
f 538/115/19 561/116/19 560/117/19
f 571/118/31 543/119/31 557/120/31
f 568/121/32 570/122/22 569/123/23
f 565/124/33 575/125/33 560/126/33
f 610/127/34 630/128/34 638/129/34
f 626/130/35 624/33/36 623/131/37
f 675/132/19 688/133/19 687/134/19
f 706/135/38 680/136/38 686/137/38
f 703/138/39 705/139/40 704/140/41
f 692/141/42 710/142/42 687/143/42
f 745/144/43 766/145/43 773/146/43
f 761/44/18 763/147/18 755/148/18
f 843/149/44 848/150/45 841/151/46
f 853/152/47 856/153/47 850/154/47
f 866/155/48 873/156/48 872/157/48
f 875/158/49 862/159/49 865/57/49
f 906/160/48 895/161/48 896/162/48
f 905/163/50 898/164/50 901/63/50
f 919/165/50 923/166/50 926/72/50
f 283/167/51 284/168/52 282/169/53
f 274/170/54 291/171/54 275/172/54
f 348/173/55 332/174/55 349/175/55
f 339/176/56 354/177/56 340/7/56
f 338/178/57 365/179/58 367/180/59
f 415/181/60 416/182/61 414/183/62
f 426/184/54 421/185/54 427/186/54
f 494/187/63 468/188/63 495/189/63
f 477/190/64 484/191/64 478/19/64
f 500/192/65 491/193/66 501/194/67
f 562/195/63 541/196/63 563/197/63
f 555/198/68 570/199/68 556/25/68
f 576/200/69 578/201/70 575/202/59
f 627/203/71 633/204/72 628/205/73
f 628/206/73 622/207/74 627/208/71
f 631/209/75 642/210/75 632/211/75
f 689/212/76 679/213/76 690/214/76
f 684/215/56 705/216/56 685/37/56
f 711/217/77 712/218/78 710/219/79
f 754/220/80 762/221/61 763/222/81
f 767/223/82 776/224/82 768/225/82
f 855/226/83 857/227/84 856/153/85
f 875/158/86 877/228/87 876/229/88
f 905/163/86 903/230/87 904/231/88
f 919/165/86 927/232/87 928/233/88
f 359/234/89 346/235/90 361/236/91
f 488/237/92 492/238/90 487/239/93
f 550/240/94 560/241/95 573/242/91
f 617/243/96 629/244/97 625/245/98
f 702/246/94 687/247/99 701/248/93
f 266/249/100 280/250/100 279/251/100
f 284/252/101 297/4/101 296/253/101
f 293/254/102 290/255/102 294/6/102
f 331/256/14 330/257/14 329/258/14
f 335/9/103 333/259/103 336/260/103
f 363/261/104 353/262/104 352/263/104
f 366/264/105 350/265/105 349/266/105
f 401/267/100 431/268/100 430/269/100
f 416/270/106 408/13/106 407/271/106
f 404/272/107 422/273/107 405/15/107
f 474/21/108 467/274/108 475/275/108
f 482/276/104 499/277/104 498/278/104
f 490/279/109 496/280/109 495/281/109
f 540/282/110 539/283/111 538/284/111
f 552/27/112 542/285/112 553/286/112
f 568/287/104 567/288/104 566/289/104
f 577/290/113 564/291/113 563/292/113
f 607/293/114 637/294/114 636/295/114
f 619/296/115 643/297/115 620/298/115
f 677/299/116 676/300/117 675/301/117
f 681/39/118 678/302/118 682/303/118
f 703/304/119 694/305/119 693/306/119
f 713/307/120 691/308/121 690/309/121
f 746/310/114 772/311/114 771/312/114
f 762/313/122 760/43/122 759/314/122
f 756/315/123 775/316/123 757/45/123
f 857/227/124 852/317/124 851/318/124
f 857/319/84 855/320/83 846/50/125
f 877/228/126 874/56/127 864/55/128
f 877/321/87 875/322/86 869/59/129
f 903/230/126 897/62/127 900/61/128
f 903/323/87 905/324/86 909/65/129
f 927/232/126 930/71/127 925/70/128
f 927/325/87 919/326/86 918/68/129
f 283/167/130 279/327/130 278/2/130
f 289/328/131 293/254/131 292/85/131
f 353/329/132 357/330/132 346/331/132
f 415/181/133 430/332/133 429/17/133
f 424/333/134 404/272/134 403/102/134
f 499/334/135 486/335/135 492/336/135
f 567/337/136 559/338/136 560/339/136
f 626/340/137 636/341/137 635/35/137
f 641/342/138 619/296/138 618/77/138
f 694/343/139 700/344/139 687/345/139
f 754/220/140 771/346/140 770/47/140
f 777/347/141 756/315/141 755/148/141
f 295/348/142 265/349/143 264/350/144
f 277/351/145 285/352/146 278/353/147
f 360/354/148 340/355/148 359/234/148
f 356/356/149 354/357/150 357/358/151
f 337/359/152 365/360/58 338/361/57
f 406/362/142 402/363/153 399/364/144
f 428/365/154 419/366/155 429/367/156
f 489/368/157 478/369/157 488/237/157
f 481/370/158 484/371/159 486/372/160
f 476/373/161 491/374/66 500/375/65
f 551/376/162 556/377/162 550/240/162
f 558/378/163 570/379/159 559/380/164
f 554/381/161 578/382/70 576/383/69
f 621/384/165 608/385/166 610/386/167
f 634/387/168 617/388/169 635/389/168
f 708/390/170 685/391/170 702/246/170
f 699/392/171 705/393/159 700/394/172
f 683/395/161 712/396/78 711/397/77
f 758/398/173 747/399/174 745/400/175
f 769/401/176 764/402/177 770/403/178
f 359/404/89 355/405/179 360/406/180
f 488/407/92 485/408/181 489/409/182
f 550/410/94 572/411/183 551/412/184
f 702/413/94 707/414/185 708/415/186
f 849/416/187 844/49/188 840/417/189
f 859/418/190 867/58/191 860/419/192
f 892/420/193 907/64/191 891/421/194
f 911/422/195 916/67/191 912/423/194
f 3/424/196 1/425/197 2/426/198
f 1/427/199 10/428/200 2/429/198
f 1/427/199 12/430/201 10/428/200
f 2/426/198 10/431/200 11/432/202
f 3/433/196 18/434/203 1/435/197
f 3/433/196 13/436/204 18/434/203
f 3/424/196 2/426/198 4/437/205
f 4/438/205 14/439/206 3/440/196
f 4/438/205 8/441/207 14/439/206
f 14/442/208 13/436/204 3/433/196
f 15/443/209 5/444/210 23/445/211
f 16/446/212 6/447/213 5/448/210
f 23/449/211 5/450/210 6/451/213
f 21/452/214 6/447/215 16/446/216
f 19/453/217 7/454/218 17/455/219
f 23/449/211 6/451/213 7/454/218
f 17/456/219 7/457/218 6/458/215
f 22/459/220 7/460/218 19/461/217
f 22/459/220 23/462/211 7/460/218
f 8/441/221 24/463/221 14/439/221
f 8/441/221 15/443/221 24/463/221
f 9/464/222 8/465/207 4/466/205
f 9/464/222 4/466/205 2/467/198
f 9/464/222 20/468/223 15/469/224
f 11/470/225 20/468/223 9/464/222
f 10/471/226 16/446/227 11/470/226
f 12/430/201 21/472/214 10/428/200
f 10/471/226 21/452/227 16/446/227
f 16/446/212 20/468/223 11/470/225
f 12/430/201 17/456/219 21/472/214
f 1/435/199 18/434/228 12/473/201
f 18/434/229 17/474/230 12/473/229
f 13/436/204 22/459/220 19/461/231
f 14/442/208 22/459/220 13/436/204
f 24/475/232 22/459/220 14/442/208
f 15/443/209 23/445/211 24/463/232
f 5/448/210 20/468/223 16/446/212
f 17/456/219 6/458/215 21/472/214
f 18/434/229 19/461/230 17/474/230
f 28/476/233 25/477/234 26/478/235
f 25/479/234 27/480/236 26/481/235
f 28/476/233 26/478/235 27/482/236
f 25/479/234 28/483/233 27/480/236
f 29/484/237 31/485/238 30/486/239
f 29/484/237 30/486/239 32/487/240
f 31/488/238 29/489/237 32/490/240
f 31/488/238 32/490/240 30/491/239
f 33/492/241 36/493/242 34/494/243
f 33/492/241 35/495/244 36/493/242
f 35/496/244 34/497/243 36/498/242
f 35/496/244 33/499/241 34/497/243
f 38/500/245 39/501/245 37/502/245
f 38/503/245 37/504/245 39/505/245
f 43/506/246 42/507/247 40/508/239
f 43/506/246 41/509/237 42/507/247
f 41/510/237 40/511/239 42/512/247
f 41/510/237 43/513/246 40/511/239
f 45/514/248 44/515/249 46/516/250
f 45/514/248 46/516/250 47/517/251
f 44/518/249 45/519/248 47/520/251
f 44/518/249 47/520/251 46/521/250
f 50/522/245 48/523/245 49/524/245
f 48/525/245 50/526/245 49/527/245
f 52/528/252 51/529/253 54/530/254
f 51/531/253 52/532/252 53/533/255
f 51/531/253 53/533/255 54/534/254
f 52/528/252 54/530/254 53/535/255
f 55/536/256 57/537/251 58/538/257
f 55/536/256 56/539/248 57/537/251
f 56/540/248 55/541/256 58/542/257
f 56/540/248 58/542/257 57/543/251
f 60/544/258 59/545/258 61/546/259
f 59/547/258 60/548/258 61/549/259
f 64/550/260 65/551/261 62/552/239
f 64/550/260 63/553/237 65/551/261
f 63/554/237 62/555/239 65/556/261
f 63/554/237 64/557/260 62/555/239
f 68/558/262 66/559/256 67/560/257
f 68/558/262 67/560/257 69/561/251
f 66/562/256 68/563/262 69/564/251
f 66/562/256 69/564/251 67/565/257
f 70/566/245 72/567/245 71/568/245
f 72/569/245 70/570/245 71/571/245
f 73/572/263 76/573/264 74/574/265
f 73/572/263 75/575/266 76/573/264
f 75/576/266 74/577/265 76/578/264
f 75/576/266 73/579/263 74/577/265
f 78/580/266 80/581/267 77/582/268
f 78/580/266 77/582/268 79/583/269
f 80/584/267 78/585/266 79/586/269
f 80/584/267 79/586/269 77/587/268
f 83/588/263 84/589/266 81/590/270
f 83/588/263 81/590/270 82/591/265
f 84/592/266 83/593/263 82/594/265
f 84/592/266 82/594/265 81/595/270
f 88/596/271 87/597/268 85/598/269
f 88/596/271 86/599/272 87/597/268
f 86/600/272 88/601/271 85/602/269
f 86/600/272 85/602/269 87/603/268
f 91/604/266 89/605/263 90/606/265
f 89/607/263 92/608/264 90/609/265
f 91/604/266 90/606/265 92/610/264
f 89/607/263 91/611/266 92/608/264
f 94/612/266 93/613/263 96/614/265
f 94/612/266 96/614/265 95/615/264
f 93/616/263 94/617/266 95/618/264
f 93/616/263 95/618/264 96/619/265
f 100/620/271 99/621/272 97/622/268
f 100/620/271 97/622/268 98/623/269
f 99/624/272 100/625/271 98/626/269
f 99/624/272 98/626/269 97/627/268
f 103/628/271 101/629/267 104/630/273
f 103/628/271 104/630/273 102/631/269
f 101/632/267 103/633/271 102/634/269
f 101/632/267 102/634/269 104/635/273
f 105/636/274 108/637/275 106/638/276
f 105/636/274 107/639/277 108/637/275
f 107/640/277 105/641/274 106/642/276
f 107/640/277 106/642/276 108/643/275
f 112/644/237 109/645/278 110/646/239
f 109/647/278 111/648/247 110/649/239
f 112/644/237 110/646/239 111/650/247
f 109/647/278 112/651/237 111/648/247
f 116/652/279 115/653/256 113/654/257
f 116/652/279 113/654/257 114/655/280
f 115/656/256 114/657/280 113/658/257
f 115/656/256 116/659/279 114/657/280
f 117/660/245 118/661/245 119/662/245
f 117/663/245 119/664/245 118/665/245
f 121/666/281 123/667/282 120/668/283
f 122/669/284 121/670/281 120/671/283
f 122/669/284 120/671/283 123/672/282
f 121/666/281 122/673/284 123/667/282
f 124/674/248 126/675/250 125/676/251
f 124/674/248 127/677/249 126/675/250
f 127/678/249 125/679/251 126/680/250
f 127/678/249 124/681/248 125/679/251
f 129/682/245 128/683/245 130/684/245
f 128/685/245 129/686/245 130/687/245
f 133/688/285 131/689/278 132/690/239
f 131/691/278 134/692/286 132/693/239
f 133/688/285 132/690/239 134/694/286
f 131/691/278 133/695/285 134/692/286
f 136/696/256 135/697/248 138/698/280
f 135/699/248 136/700/256 137/701/257
f 135/699/248 137/701/257 138/702/280
f 136/696/256 138/698/280 137/703/257
f 139/704/245 141/705/245 140/706/245
f 141/707/245 139/708/245 140/709/245
f 145/710/252 143/711/254 142/712/282
f 144/713/287 142/714/282 143/715/254
f 144/713/287 145/716/252 142/714/282
f 145/710/252 144/717/287 143/711/254
f 149/718/288 146/719/241 147/720/243
f 146/721/241 148/722/289 147/723/243
f 149/718/288 147/720/243 148/724/289
f 146/721/241 149/725/288 148/722/289
f 152/726/245 151/727/245 150/728/245
f 151/729/245 152/730/245 150/731/245
f 154/732/263 153/733/266 156/734/264
f 153/735/266 154/736/263 155/737/265
f 153/735/266 155/737/265 156/738/264
f 154/732/263 156/734/264 155/739/265
f 159/740/271 157/741/272 158/742/268
f 157/743/272 160/744/269 158/745/268
f 157/743/272 159/746/271 160/744/269
f 159/740/271 158/742/268 160/747/269
f 163/748/266 161/749/263 162/750/265
f 161/751/263 164/752/270 162/753/265
f 163/748/266 162/750/265 164/754/270
f 161/751/263 163/755/266 164/752/270
f 167/756/266 165/757/263 166/758/265
f 165/759/263 168/760/264 166/761/265
f 165/759/263 167/762/266 168/760/264
f 167/756/266 166/758/265 168/763/264
f 171/764/271 169/765/263 170/766/268
f 171/764/271 170/766/268 172/767/264
f 169/768/263 171/769/271 172/770/264
f 169/768/263 172/770/264 170/771/268
f 174/772/272 176/773/269 173/774/268
f 175/775/271 174/776/272 173/777/268
f 174/772/272 175/778/271 176/773/269
f 175/775/271 173/777/268 176/779/269
f 177/780/263 179/781/264 178/782/265
f 177/780/263 180/783/266 179/781/264
f 180/784/266 177/785/263 178/786/265
f 180/784/266 178/786/265 179/787/264
f 183/788/267 181/789/271 182/790/269
f 181/791/271 184/792/273 182/793/269
f 181/791/271 183/794/267 184/792/273
f 183/788/267 182/790/269 184/795/273
f 186/796/290 188/797/291 185/798/292
f 186/796/290 187/799/293 188/797/291
f 187/800/293 185/801/292 188/802/291
f 187/800/293 186/803/290 185/801/292
f 191/804/294 189/805/294 190/806/294
f 189/807/294 191/808/294 190/809/294
f 195/810/295 192/811/296 194/812/297
f 195/810/295 194/812/297 193/813/298
f 192/814/296 195/815/295 193/816/298
f 192/814/296 193/816/298 194/817/297
f 196/818/299 197/819/300 198/820/301
f 196/818/299 199/821/302 197/819/300
f 199/822/302 198/823/301 197/824/300
f 199/822/302 196/825/299 198/823/301
f 200/826/303 207/827/304 206/828/305
f 200/826/303 204/829/306 207/827/304
f 202/830/307 200/831/303 206/832/305
f 204/833/306 200/834/303 202/835/307
f 201/836/308 203/837/309 206/838/305
f 204/839/306 205/840/310 201/841/308
f 205/842/310 203/843/309 201/844/308
f 201/836/308 206/838/305 207/845/304
f 204/839/306 201/841/308 207/846/304
f 204/833/306 202/835/307 205/847/310
f 205/842/310 202/848/307 203/843/309
f 202/830/307 206/832/305 203/849/309
f 211/850/311 208/851/312 210/852/313
f 211/850/311 209/853/314 208/851/312
f 209/854/314 211/855/311 210/856/313
f 209/854/314 210/856/313 208/857/312
f 212/858/245 214/859/245 213/860/245
f 214/861/245 212/862/245 213/863/245
f 215/864/315 218/865/316 217/866/317
f 215/864/315 216/867/318 218/865/316
f 216/868/318 215/869/315 217/870/317
f 216/868/318 217/870/317 218/871/316
f 220/872/315 222/873/318 219/874/316
f 220/872/315 219/874/316 221/875/317
f 222/876/318 220/877/315 221/878/317
f 222/876/318 221/878/317 219/879/316
f 229/880/310 223/881/309 226/882/308
f 226/883/308 223/884/309 230/885/305
f 229/880/310 228/886/307 223/881/309
f 228/887/307 230/888/305 223/889/309
f 224/890/306 228/891/307 229/892/310
f 224/890/306 227/893/303 228/891/307
f 224/894/306 229/895/310 226/896/308
f 224/894/306 226/896/308 225/897/304
f 227/898/303 224/899/306 225/900/304
f 226/883/308 230/885/305 225/901/304
f 227/898/303 225/900/304 230/902/305
f 228/887/307 227/903/303 230/888/305
f 234/904/221 231/905/221 236/906/221
f 238/907/319 237/908/320 231/909/321
f 238/907/319 231/909/321 234/910/322
f 237/911/320 236/912/323 231/913/321
f 235/914/324 232/915/325 236/916/323
f 235/914/324 233/917/326 232/915/325
f 233/918/326 234/919/322 232/920/325
f 234/904/221 236/906/221 232/921/221
f 233/918/326 238/922/319 234/919/322
f 233/923/327 235/924/327 237/925/327
f 233/923/327 237/925/327 238/926/327
f 237/911/320 235/927/324 236/912/323
f 242/928/328 239/929/329 240/930/330
f 240/931/331 239/932/332 254/933/333
f 239/932/329 242/934/328 255/935/334
f 239/932/329 255/935/334 254/933/335
f 252/936/336 240/931/331 253/937/337
f 242/928/328 240/930/330 252/938/336
f 241/939/338 252/940/336 251/941/339
f 242/928/328 252/938/336 241/942/338
f 241/939/338 251/941/339 247/943/340
f 242/928/328 241/942/338 243/944/341
f 242/928/328 243/944/341 244/945/342
f 242/928/328 244/945/342 245/946/343
f 242/947/328 246/948/344 255/949/334
f 242/947/328 245/950/343 246/948/344
f 243/951/341 241/939/338 247/943/340
f 243/951/341 247/943/340 250/952/345
f 244/953/346 243/954/341 250/955/345
f 244/953/346 250/955/345 249/956/347
f 245/950/343 248/957/348 246/948/344
f 246/958/344 250/959/345 247/960/340
f 246/958/344 249/961/349 250/959/345
f 246/958/344 253/962/350 254/963/351
f 246/958/344 248/964/348 249/961/349
f 246/958/344 251/965/339 253/962/350
f 246/958/344 254/963/351 255/966/334
f 246/958/344 247/960/340 251/965/339
f 245/967/343 249/956/347 248/968/348
f 245/967/343 244/953/346 249/956/347
f 252/936/336 253/937/337 251/969/339
f 240/931/331 254/933/333 253/937/337
f 259/970/352 256/971/353 257/972/354
f 259/970/352 257/972/354 258/973/355
f 259/970/352 258/973/355 261/974/356
f 259/970/352 261/974/356 260/975/357
f 259/970/352 262/976/358 256/971/353
f 260/977/357 261/978/356 258/979/355
f 260/977/357 258/979/355 257/980/354
f 260/977/357 257/980/354 256/981/353
f 260/977/357 262/982/358 259/983/352
f 260/977/357 256/981/353 262/982/358
f 263/984/359 266/249/360 279/251/361
f 263/985/359 264/986/362 266/987/360
f 267/988/363 264/81/364 281/83/365
f 295/348/142 268/989/366 265/349/143
f 268/990/366 267/991/367 265/992/143
f 267/993/368 266/249/369 265/994/143
f 264/350/144 265/349/143 266/995/369
f 267/988/363 296/996/370 264/81/364
f 267/993/368 280/250/371 266/249/369
f 270/997/372 269/998/373 271/999/374
f 269/1000/373 270/1001/372 272/1002/375
f 270/1003/372 271/1004/374 272/1005/375
f 269/1006/373 272/1007/375 271/1008/374
f 277/1009/376 278/1010/376 279/1011/376
f 275/1012/377 288/1013/377 273/1014/377
f 277/351/145 276/1015/378 285/352/146
f 276/1016/379 275/172/380 291/171/381
f 274/170/382 290/1017/383 291/171/381
f 286/1018/384 279/1011/385 283/1019/386
f 283/1020/51 278/353/387 285/352/388
f 274/170/382 287/1021/389 290/1017/383
f 282/84/390 284/252/390 296/253/390
f 286/1018/384 283/1019/386 298/1022/391
f 283/1020/51 285/352/388 284/1023/52
f 286/1024/392 284/252/52 285/1025/388
f 286/1024/392 297/4/393 284/252/52
f 276/1026/378 286/1027/394 285/1028/146
f 287/1029/389 268/1030/395 290/1031/383
f 287/1032/396 288/1013/396 289/1033/396
f 289/1033/397 294/1034/397 287/1032/397
f 268/989/395 294/6/398 290/255/383
f 288/1035/399 276/1036/379 291/1037/381
f 293/254/400 288/1038/399 291/1039/381
f 293/254/400 291/1039/381 290/255/383
f 299/1040/401 302/1041/402 301/1042/403
f 300/1043/404 299/1044/401 301/1045/403
f 300/1046/404 301/1047/403 302/1048/402
f 299/1049/401 300/1050/404 302/1051/402
f 304/1052/331 303/1053/332 318/1054/333
f 303/1053/329 319/1055/334 318/1054/335
f 303/1053/329 305/1056/328 319/1055/334
f 305/1057/328 303/1058/329 304/1059/330
f 305/1057/328 304/1059/330 316/1060/336
f 316/1061/336 304/1052/331 317/1062/337
f 305/1057/328 316/1060/336 314/1063/338
f 305/1057/328 314/1063/338 306/1064/341
f 305/1057/328 307/1065/342 313/1066/343
f 305/1067/328 312/1068/344 319/1069/334
f 305/1067/328 313/1070/343 312/1068/344
f 305/1057/328 306/1064/341 307/1065/342
f 306/1071/341 314/1072/338 315/1073/340
f 306/1071/341 315/1073/340 310/1074/345
f 313/1075/343 307/1076/346 309/1077/347
f 313/1075/343 309/1077/347 308/1078/348
f 312/1079/344 308/1080/348 309/1081/349
f 313/1070/343 308/1082/348 312/1068/344
f 312/1079/344 310/1083/345 315/1084/340
f 314/1072/338 311/1085/339 315/1073/340
f 314/1072/338 316/1086/336 311/1085/339
f 312/1079/344 315/1084/340 311/1087/339
f 312/1079/344 311/1087/339 317/1088/350
f 312/1079/344 318/1089/351 319/1090/334
f 312/1079/344 309/1081/349 310/1083/345
f 312/1079/344 317/1088/350 318/1089/351
f 307/1076/346 306/1091/341 310/1092/345
f 307/1076/346 310/1092/345 309/1077/347
f 316/1061/336 317/1062/337 311/1093/339
f 304/1052/331 318/1054/333 317/1062/337
f 320/1094/405 321/1095/406 326/1096/407
f 320/1094/405 323/1097/408 324/1098/409
f 320/1094/405 326/1096/407 322/1099/410
f 320/1094/405 325/1100/411 323/1097/408
f 320/1094/405 322/1099/410 325/1100/411
f 324/1101/409 326/1102/407 321/1103/406
f 324/1101/409 323/1104/408 325/1105/411
f 324/1101/409 322/1106/410 326/1102/407
f 324/1101/409 321/1103/406 320/1107/405
f 324/1101/409 325/1105/411 322/1106/410
f 330/1108/412 336/1109/413 328/1110/414
f 327/1111/415 336/260/416 333/259/417
f 328/1110/414 347/87/418 330/1108/412
f 328/1112/419 327/1113/415 333/1114/417
f 329/1115/420 348/1116/420 332/1117/420
f 329/1115/421 332/1117/421 331/1118/421
f 334/1119/422 330/257/423 331/256/424
f 335/9/425 334/8/422 331/1120/424
f 335/9/425 331/1120/424 333/259/426
f 348/173/427 328/1121/419 333/1122/417
f 358/1123/428 340/7/428 354/177/428
f 337/359/429 327/1111/430 366/1124/431
f 337/359/429 366/1124/431 365/360/432
f 364/1125/433 339/1126/434 338/1127/435
f 340/7/436 360/1128/436 355/1129/436
f 359/234/437 341/1130/437 356/1131/437
f 342/1132/372 345/1133/373 344/1134/438
f 342/1135/372 344/1136/438 343/1137/375
f 345/1138/373 343/1139/375 344/1140/438
f 345/1141/373 342/1142/372 343/1143/375
f 364/1125/433 338/1127/435 351/95/439
f 356/1131/440 352/1144/440 359/234/440
f 361/1145/441 352/1146/441 362/1147/441
f 364/1148/442 350/265/443 366/264/431
f 353/1149/444 354/1150/22 363/1151/21
f 353/1149/444 357/1152/445 354/1150/22
f 349/266/446 365/1153/432 366/264/431
f 349/266/447 350/265/447 367/1154/447
f 362/94/23 354/93/22 355/1155/448
f 356/356/149 358/89/449 354/357/150
f 359/404/89 361/1156/91 355/405/179
f 361/1145/450 362/1147/23 355/1157/448
f 327/1158/430 364/1159/442 366/1160/431
f 371/1161/401 370/1162/404 369/1163/402
f 370/1164/404 368/1165/403 369/1166/402
f 370/1167/404 371/1168/401 368/1169/403
f 371/1170/401 369/1171/402 368/1172/403
f 376/1173/451 387/1174/329 372/1175/330
f 372/1176/452 387/1177/332 389/1178/333
f 372/1176/452 389/1178/333 386/1179/337
f 373/1180/336 372/1176/452 386/1179/337
f 376/1173/451 372/1175/330 373/1181/336
f 373/1180/336 386/1179/337 385/1182/339
f 375/1183/341 374/1184/338 384/1185/340
f 376/1173/451 374/1186/338 375/1187/341
f 376/1173/451 375/1187/341 382/1188/453
f 382/1189/454 375/1190/341 383/1191/345
f 376/1173/451 381/1192/455 380/1193/456
f 376/1173/451 382/1188/453 381/1192/455
f 376/1194/451 379/1195/457 388/1196/334
f 376/1173/451 373/1181/336 374/1186/338
f 376/1194/451 380/1197/456 379/1195/457
f 379/1198/457 377/1199/458 378/1200/349
f 380/1197/456 381/1201/459 377/1202/458
f 380/1197/456 377/1202/458 379/1195/457
f 381/1203/460 378/1204/461 377/1205/462
f 381/1203/460 382/1189/454 378/1204/461
f 379/1198/457 378/1200/349 383/1206/345
f 382/1189/454 383/1191/345 378/1204/461
f 379/1198/457 386/1207/350 389/1208/351
f 379/1198/457 383/1206/345 384/1209/340
f 379/1198/457 385/1210/339 386/1207/350
f 379/1198/457 389/1208/351 388/1211/334
f 379/1198/457 384/1209/340 385/1210/339
f 375/1183/341 384/1185/340 383/1212/345
f 374/1184/338 385/1213/339 384/1185/340
f 374/1184/338 373/1214/336 385/1213/339
f 387/1177/329 376/1215/451 388/1216/334
f 387/1177/329 388/1216/334 389/1178/335
f 395/1217/352 390/1218/353 394/1219/463
f 395/1217/352 394/1219/463 391/1220/355
f 395/1217/352 391/1220/355 393/1221/464
f 392/1222/357 391/1223/355 394/1224/463
f 392/1222/357 394/1224/463 390/1225/353
f 392/1222/357 393/1226/464 391/1223/355
f 392/1222/357 396/1227/358 395/1228/352
f 392/1222/357 390/1225/353 396/1227/358
f 395/1217/352 393/1221/464 392/1229/357
f 395/1217/352 396/1230/358 390/1218/353
f 398/1231/465 397/1232/466 402/1233/153
f 406/362/142 398/1234/465 402/363/153
f 400/1235/467 399/1236/468 401/1237/360
f 397/1238/363 407/1239/469 399/98/364
f 399/364/144 402/363/153 401/1240/369
f 397/1238/363 399/98/364 432/100/365
f 400/1241/467 401/267/360 430/269/361
f 397/1242/470 401/267/369 402/1243/153
f 397/1242/470 431/268/471 401/267/369
f 404/272/472 421/1244/381 422/273/383
f 404/272/472 423/1245/473 421/1244/381
f 414/101/390 416/270/390 407/271/390
f 418/1246/474 415/1247/475 409/1248/476
f 424/1249/477 405/1250/477 420/1251/477
f 418/1252/392 408/13/478 416/270/61
f 398/1234/395 405/15/398 422/273/383
f 410/1253/479 413/1254/375 412/1255/480
f 411/1256/481 410/1257/479 412/1258/480
f 411/1259/481 412/1260/480 413/1261/375
f 410/1262/479 411/1263/481 413/1264/375
f 418/1246/474 430/1265/385 415/1247/475
f 415/1266/60 429/367/482 419/366/483
f 415/1266/60 419/366/483 416/1267/61
f 428/1268/484 429/1269/484 430/1265/484
f 428/365/154 417/1270/378 419/366/155
f 417/1271/378 418/1272/485 419/1273/155
f 418/1252/392 416/270/61 419/1274/483
f 420/1251/486 423/1275/486 424/1249/486
f 427/1276/487 423/1275/487 425/1277/487
f 420/1278/389 398/1279/395 422/1280/383
f 423/1281/473 417/1282/488 421/1283/381
f 417/1284/488 427/186/380 421/185/381
f 426/184/489 422/1285/383 421/185/381
f 426/184/489 420/1286/389 422/1285/383
f 434/1287/401 433/1288/490 435/1289/491
f 434/1290/401 435/1291/491 436/1292/492
f 433/1293/490 434/1294/401 436/1295/492
f 433/1296/490 436/1297/492 435/1298/491
f 448/1299/454 437/1300/341 440/1301/345
f 438/1302/451 437/1303/341 448/1304/453
f 438/1302/451 450/1305/336 449/1306/338
f 438/1302/451 445/1307/455 446/1308/456
f 438/1302/451 449/1306/338 437/1303/341
f 438/1302/451 451/1309/330 450/1305/336
f 438/1302/451 448/1304/453 445/1307/455
f 438/1310/451 441/1311/457 454/1312/334
f 438/1310/451 446/1313/456 441/1311/457
f 438/1302/451 453/1314/329 451/1309/330
f 445/1315/460 439/1316/461 447/1317/462
f 441/1318/457 447/1319/458 439/1320/349
f 445/1315/460 448/1299/454 439/1316/461
f 437/1321/341 442/1322/340 440/1323/345
f 441/1318/457 440/1324/345 442/1325/340
f 441/1318/457 442/1325/340 443/1326/339
f 441/1318/457 443/1326/339 444/1327/350
f 441/1318/457 452/1328/351 454/1329/334
f 441/1318/457 439/1320/349 440/1324/345
f 441/1318/457 444/1327/350 452/1328/351
f 449/1330/338 443/1331/339 442/1322/340
f 449/1330/338 450/1332/336 443/1331/339
f 450/1333/336 444/1334/337 443/1335/339
f 450/1333/336 451/1336/452 444/1334/337
f 446/1313/456 447/1337/458 441/1311/457
f 446/1313/456 445/1338/459 447/1337/458
f 448/1299/454 440/1301/345 439/1316/461
f 437/1321/341 449/1330/338 442/1322/340
f 451/1336/452 452/1339/333 444/1334/337
f 451/1336/452 453/1340/332 452/1339/333
f 453/1340/329 454/1341/334 452/1339/335
f 453/1340/329 438/1342/451 454/1341/334
f 455/1343/405 456/1344/406 457/1345/407
f 455/1343/405 457/1345/407 458/1346/410
f 455/1343/405 460/1347/408 459/1348/409
f 455/1343/405 461/1349/411 460/1347/408
f 455/1343/405 458/1346/410 461/1349/411
f 459/1350/409 460/1351/408 461/1352/411
f 459/1350/409 458/1353/410 457/1354/407
f 459/1350/409 461/1352/411 458/1353/410
f 459/1350/409 457/1354/407 456/1355/406
f 459/1350/409 456/1355/406 455/1356/405
f 465/1357/412 475/1358/413 463/1359/414
f 462/1360/493 475/275/494 467/274/417
f 463/1359/414 493/104/495 465/1357/412
f 463/1361/496 462/1362/493 467/1363/417
f 474/21/425 464/20/422 466/1364/424
f 464/1365/422 465/74/497 466/73/424
f 474/21/425 466/1364/424 467/274/426
f 469/1366/498 468/1367/498 466/1368/498
f 469/1366/499 494/1369/499 468/1367/499
f 494/187/500 463/1370/496 467/1371/417
f 473/1372/479 470/1373/481 472/1374/375
f 473/1375/479 472/1376/375 471/1377/480
f 470/1378/481 471/1379/480 472/1380/375
f 470/1381/481 473/1382/479 471/1383/480
f 480/1384/428 478/19/428 484/191/428
f 476/373/501 462/1360/430 490/1385/431
f 476/373/501 490/1385/431 491/374/432
f 502/1386/433 477/1387/502 500/1388/435
f 478/19/436 489/1389/436 485/1390/436
f 488/237/437 479/1391/437 481/1392/437
f 481/370/158 480/106/503 484/371/159
f 483/111/23 484/110/29 485/1393/448
f 487/1394/504 483/1395/23 485/1396/448
f 487/1394/441 498/1397/441 483/1395/441
f 499/1398/444 484/1399/29 482/1400/28
f 481/1392/505 498/1401/505 488/237/505
f 499/1398/444 486/1402/445 484/1399/29
f 488/407/92 487/1403/93 485/408/181
f 495/281/446 491/1404/432 490/279/431
f 502/1405/442 496/280/443 490/279/431
f 495/281/447 496/280/447 501/1406/447
f 502/1386/433 500/1388/435 497/112/439
f 462/1407/430 502/1408/442 490/1409/431
f 504/1410/401 503/1411/404 506/1412/491
f 504/1413/401 506/1414/491 505/1415/492
f 503/1416/404 505/1417/492 506/1418/491
f 503/1419/404 504/1420/401 505/1421/492
f 507/1422/319 508/1423/321 509/1424/322
f 507/1422/319 512/1425/320 508/1423/321
f 513/1426/326 507/1427/319 509/1428/322
f 513/1429/327 512/1430/327 507/1431/327
f 509/1432/221 508/1433/221 511/1434/221
f 512/1435/320 511/1436/323 508/1437/321
f 509/1432/221 511/1434/221 514/1438/221
f 513/1426/326 509/1428/322 514/1439/325
f 512/1435/320 510/1440/324 511/1436/323
f 510/1441/324 513/1442/326 514/1443/325
f 510/1441/324 514/1443/325 511/1444/323
f 513/1429/327 510/1445/327 512/1430/327
f 515/1446/506 527/1447/336 517/1448/338
f 515/1446/506 517/1448/338 518/1449/341
f 515/1446/506 516/1450/330 527/1447/336
f 515/1446/506 526/1451/342 524/1452/343
f 515/1453/506 519/1454/507 529/1455/508
f 515/1453/506 524/1456/343 519/1454/507
f 515/1446/506 530/1457/509 516/1450/330
f 515/1446/506 518/1449/341 526/1451/342
f 527/1458/336 516/1459/510 528/1460/511
f 517/1461/338 523/1462/339 522/1463/340
f 517/1461/338 527/1464/336 523/1462/339
f 518/1465/341 517/1461/338 522/1463/340
f 518/1465/341 522/1463/340 521/1466/345
f 519/1467/507 522/1468/340 523/1469/339
f 519/1467/507 525/1470/348 520/1471/349
f 519/1467/507 523/1469/339 528/1472/512
f 519/1467/507 521/1473/345 522/1468/340
f 519/1467/507 520/1471/349 521/1473/345
f 519/1467/507 528/1472/512 529/1474/508
f 524/1475/343 520/1476/347 525/1477/348
f 524/1475/343 526/1478/346 520/1476/347
f 526/1478/346 521/1479/345 520/1476/347
f 526/1478/346 518/1480/341 521/1479/345
f 527/1458/336 528/1460/511 523/1481/339
f 524/1456/343 525/1482/348 519/1454/507
f 516/1459/510 529/1483/508 528/1460/511
f 516/1459/510 530/1484/509 529/1483/508
f 530/1484/509 515/1485/506 529/1483/508
f 531/1486/352 533/1487/355 534/1488/464
f 531/1486/352 535/1489/354 533/1487/355
f 531/1486/352 537/1490/358 532/1491/353
f 531/1486/352 534/1488/464 536/1492/357
f 531/1486/352 532/1491/353 535/1489/354
f 536/1493/357 534/1494/464 533/1495/355
f 536/1493/357 533/1495/355 535/1496/354
f 536/1493/357 535/1496/354 532/1497/353
f 536/1493/357 532/1497/353 537/1498/358
f 536/1493/357 537/1498/358 531/1499/352
f 538/1500/499 562/1501/499 541/1502/499
f 538/1500/513 541/1502/513 540/1503/513
f 545/1504/414 561/116/514 539/1505/412
f 543/1506/422 539/283/515 540/282/424
f 552/27/425 540/1507/424 542/285/516
f 552/27/425 543/26/422 540/1507/424
f 539/1505/412 553/1508/517 545/1504/414
f 562/195/518 545/1509/419 542/1510/519
f 544/1511/520 553/286/494 542/285/519
f 545/1512/419 544/1513/520 542/1514/519
f 549/1515/479 546/1516/521 548/1517/522
f 546/1518/521 547/1519/523 548/1520/522
f 546/1521/521 549/1522/479 547/1523/523
f 549/1524/479 548/1525/522 547/1526/523
f 550/410/94 573/1527/91 572/411/183
f 556/25/436 551/1528/436 572/1529/436
f 571/1530/428 556/25/428 570/199/428
f 554/381/501 544/1511/430 577/1531/431
f 554/381/501 577/1531/431 578/382/432
f 574/1532/433 555/1533/524 576/1534/435
f 550/240/437 557/1535/437 558/1536/437
f 558/1536/505 566/1537/505 550/240/505
f 567/1538/444 559/1539/445 570/1540/22
f 558/378/163 571/118/525 570/379/159
f 574/1532/433 576/1534/435 565/124/439
f 573/1541/441 566/1542/441 569/1543/441
f 574/1544/526 564/291/443 577/290/431
f 567/1538/444 570/1540/22 568/1545/32
f 563/292/446 578/1546/432 577/290/431
f 563/292/527 564/291/527 575/1547/527
f 569/123/23 570/122/22 572/1548/448
f 573/1541/450 569/1543/23 572/1549/448
f 544/1550/430 574/1551/526 577/1552/431
f 579/1553/404 581/1554/403 580/1555/402
f 582/1556/401 580/1557/402 581/1558/403
f 579/1559/404 582/1560/401 581/1561/403
f 582/1562/401 579/1563/404 580/1564/402
f 583/1565/338 595/1566/336 596/1567/339
f 599/1568/528 595/1569/336 583/1570/338
f 583/1565/338 596/1567/339 594/1571/340
f 584/1572/341 583/1565/338 594/1571/340
f 599/1568/528 583/1570/338 584/1573/341
f 584/1572/341 594/1571/340 593/1574/345
f 599/1568/528 584/1573/341 585/1575/453
f 585/1576/454 584/1577/341 593/1578/345
f 585/1576/454 593/1578/345 589/1579/461
f 586/1580/456 588/1581/458 587/1582/529
f 586/1580/456 592/1583/459 588/1581/458
f 599/1568/528 592/1584/455 586/1585/456
f 587/1586/529 588/1587/458 589/1588/349
f 587/1586/529 589/1588/349 593/1589/345
f 587/1586/529 590/1590/512 591/1591/508
f 587/1586/529 593/1589/345 594/1592/340
f 599/1593/528 587/1582/529 591/1594/508
f 599/1593/528 586/1580/456 587/1582/529
f 587/1586/529 596/1595/339 590/1590/512
f 587/1586/529 594/1592/340 596/1595/339
f 592/1596/460 589/1579/461 588/1597/462
f 595/1598/336 590/1599/511 596/1600/339
f 595/1598/336 597/1601/510 590/1599/511
f 597/1601/510 591/1602/508 590/1599/511
f 597/1601/510 598/1603/509 591/1602/508
f 598/1603/509 599/1604/528 591/1602/508
f 592/1596/460 585/1576/454 589/1579/461
f 599/1568/528 585/1575/453 592/1584/455
f 599/1568/528 597/1605/330 595/1569/336
f 599/1568/528 598/1606/509 597/1605/330
f 606/1607/405 605/1608/407 600/1609/410
f 606/1607/405 600/1609/410 604/1610/411
f 603/1611/409 601/1612/408 604/1613/411
f 603/1611/409 600/1614/410 605/1615/407
f 603/1611/409 605/1615/407 602/1616/406
f 603/1611/409 602/1616/406 606/1617/405
f 603/1611/409 604/1613/411 600/1614/410
f 606/1607/405 601/1618/408 603/1619/409
f 606/1607/405 604/1610/411 601/1618/408
f 606/1607/405 602/1620/406 605/1608/407
f 611/1621/530 607/293/531 608/1622/166
f 611/1621/530 637/294/532 607/293/531
f 610/386/167 608/385/166 607/1623/531
f 609/1624/533 610/1625/534 607/1626/535
f 609/1627/533 607/293/535 636/295/361
f 611/1628/536 610/127/537 638/129/538
f 611/1628/536 622/1629/539 610/127/537
f 612/1630/540 611/1631/541 608/1632/166
f 621/384/165 612/31/540 608/385/166
f 614/1633/521 613/1634/479 616/1635/523
f 614/1636/521 616/1637/523 615/1638/522
f 613/1639/479 615/1640/522 616/1641/523
f 613/1642/479 614/1643/521 615/1644/522
f 627/1645/542 624/33/542 625/76/542
f 624/33/36 626/130/35 617/1646/543
f 628/206/544 626/1647/545 623/1648/546
f 641/1649/547 620/1650/547 639/1651/547
f 612/31/548 620/298/549 643/297/383
f 619/296/400 642/1652/550 643/297/383
f 619/296/400 640/1653/551 642/1652/550
f 627/1645/552 625/76/553 629/1654/97
f 628/206/544 636/1655/554 626/1647/545
f 626/1656/35 635/389/555 617/388/543
f 634/387/556 629/1657/97 617/388/96
f 634/1658/557 635/1659/557 636/1655/557
f 634/387/556 627/203/552 629/1657/97
f 632/1660/558 640/1661/558 630/1662/558
f 633/1663/559 632/211/560 642/210/550
f 631/209/382 643/1664/383 642/210/550
f 631/209/382 639/1665/561 643/1664/383
f 639/1651/562 640/1661/562 641/1649/562
f 639/1666/561 612/1667/548 643/1668/383
f 640/1669/551 633/1670/559 642/1671/550
f 645/1672/401 644/1673/404 647/1674/402
f 645/1675/401 647/1676/402 646/1677/403
f 644/1678/404 645/1679/401 646/1680/403
f 644/1681/404 646/1682/403 647/1683/402
f 648/1684/451 649/1685/329 650/1686/330
f 648/1684/451 651/1687/336 652/1688/338
f 648/1684/451 662/1689/455 654/1690/456
f 648/1684/451 652/1688/338 663/1691/341
f 648/1684/451 650/1686/330 651/1687/336
f 648/1684/451 653/1692/453 662/1689/455
f 648/1693/451 655/1694/457 665/1695/334
f 648/1693/451 654/1696/456 655/1694/457
f 648/1684/451 663/1691/341 653/1692/453
f 650/1697/331 649/1698/332 664/1699/333
f 649/1698/329 665/1700/334 664/1699/335
f 649/1698/329 648/1701/451 665/1700/334
f 651/1702/336 650/1697/331 660/1703/337
f 651/1702/336 660/1703/337 659/1704/339
f 663/1705/341 652/1706/338 658/1707/340
f 662/1708/460 653/1709/454 656/1710/461
f 654/1696/456 662/1711/459 661/1712/458
f 654/1696/456 661/1712/458 655/1694/457
f 655/1713/457 658/1714/340 659/1715/339
f 655/1713/457 661/1716/458 656/1717/349
f 655/1713/457 659/1715/339 660/1718/350
f 655/1713/457 657/1719/345 658/1714/340
f 655/1713/457 664/1720/351 665/1721/334
f 655/1713/457 656/1717/349 657/1719/345
f 655/1713/457 660/1718/350 664/1720/351
f 653/1709/454 657/1722/345 656/1710/461
f 653/1709/454 663/1723/341 657/1722/345
f 663/1705/341 658/1707/340 657/1724/345
f 650/1697/331 664/1699/333 660/1703/337
f 662/1708/460 656/1710/461 661/1725/462
f 652/1706/338 659/1726/339 658/1707/340
f 652/1706/338 651/1727/336 659/1726/339
f 668/1728/352 672/1729/358 666/1730/353
f 668/1728/352 666/1730/353 669/1731/354
f 668/1728/352 669/1731/354 667/1732/355
f 668/1728/352 671/1733/464 670/1734/357
f 668/1728/352 667/1732/355 671/1733/464
f 670/1735/357 667/1736/355 669/1737/354
f 670/1735/357 669/1737/354 666/1738/353
f 670/1735/357 666/1738/353 672/1739/358
f 670/1735/357 671/1740/464 667/1736/355
f 670/1735/357 672/1739/358 668/1741/352
f 676/1742/412 682/1743/517 674/1744/414
f 673/1745/563 682/303/494 678/302/519
f 674/1744/414 688/133/418 676/1742/412
f 674/1746/419 673/1747/563 678/1748/519
f 680/1749/422 676/300/497 677/299/564
f 675/1750/420 689/1751/420 679/1752/420
f 675/1750/513 679/1752/513 677/1753/513
f 681/39/425 677/1754/564 678/302/426
f 681/39/425 680/38/422 677/1754/564
f 689/212/518 674/1755/419 678/1756/519
f 706/1757/428 685/37/428 705/216/428
f 683/395/501 673/1745/565 713/1758/566
f 683/395/501 713/1758/566 712/396/432
f 709/1759/433 684/1760/567 711/1761/435
f 685/37/436 708/1762/436 707/1763/436
f 702/246/568 686/1764/568 699/1765/568
f 709/1759/433 711/1761/435 692/141/439
f 699/1765/569 693/1766/569 702/246/569
f 701/1767/441 693/1768/441 704/1769/441
f 709/1770/526 691/308/570 713/307/566
f 694/1771/444 705/1772/40 703/1773/39
f 694/1771/444 700/1774/445 705/1772/40
f 690/309/446 712/1775/432 713/307/566
f 690/309/571 691/308/571 710/1776/571
f 695/1777/372 698/1778/373 696/1779/438
f 698/1780/373 695/1781/372 697/1782/375
f 695/1783/372 696/1784/438 697/1785/375
f 698/1786/373 697/1787/375 696/1788/438
f 699/392/171 706/135/449 705/393/159
f 701/1767/450 704/1769/41 707/1789/572
f 702/413/94 701/1790/93 707/414/185
f 704/140/41 705/139/40 707/1791/572
f 673/1792/565 709/1793/526 713/1794/566
f 714/1795/401 716/1796/402 717/1797/403
f 715/1798/404 714/1799/401 717/1800/403
f 715/1801/404 717/1802/403 716/1803/402
f 714/1804/401 715/1805/404 716/1806/402
f 721/1807/451 718/1808/329 734/1809/330
f 734/1810/573 718/1811/332 728/1812/333
f 718/1811/329 721/1813/451 729/1814/334
f 718/1811/329 729/1814/334 728/1812/335
f 721/1807/451 732/1815/338 719/1816/341
f 719/1817/341 731/1818/340 726/1819/345
f 719/1817/341 732/1820/338 731/1818/340
f 720/1821/454 719/1822/341 726/1823/345
f 721/1807/451 719/1816/341 720/1824/453
f 720/1821/454 726/1823/345 725/1825/461
f 721/1807/451 722/1826/455 730/1827/456
f 721/1807/451 734/1809/330 733/1828/336
f 721/1807/451 720/1824/453 722/1826/455
f 721/1829/451 723/1830/457 729/1831/334
f 721/1807/451 733/1828/336 732/1815/338
f 721/1829/451 730/1832/456 723/1830/457
f 730/1832/456 722/1833/459 724/1834/458
f 722/1835/460 725/1825/461 724/1836/462
f 722/1835/460 720/1821/454 725/1825/461
f 723/1837/457 724/1838/458 725/1839/349
f 723/1837/457 725/1839/349 726/1840/345
f 723/1837/457 735/1841/350 728/1842/351
f 723/1837/457 726/1840/345 731/1843/340
f 723/1837/457 727/1844/339 735/1841/350
f 723/1837/457 728/1842/351 729/1845/334
f 723/1837/457 731/1843/340 727/1844/339
f 730/1832/456 724/1834/458 723/1830/457
f 732/1820/338 727/1846/339 731/1818/340
f 732/1820/338 733/1847/336 727/1846/339
f 733/1848/336 735/1849/337 727/1850/339
f 734/1810/573 728/1812/333 735/1849/337
f 733/1848/336 734/1810/573 735/1849/337
f 736/1851/405 737/1852/407 741/1853/410
f 736/1851/405 738/1854/574 739/1855/409
f 736/1851/405 740/1856/575 738/1854/574
f 739/1857/409 738/1858/574 740/1859/575
f 739/1857/409 740/1859/575 741/1860/410
f 739/1857/409 741/1860/410 737/1861/407
f 739/1857/409 742/1862/406 736/1863/405
f 739/1857/409 737/1861/407 742/1862/406
f 736/1851/405 741/1853/410 740/1856/575
f 736/1851/405 742/1864/406 737/1852/407
f 744/1865/465 743/1866/576 747/1867/174
f 758/398/173 744/1868/465 747/399/174
f 748/1869/359 745/1870/362 746/1871/577
f 743/1872/363 759/1873/469 745/144/364
f 745/400/175 747/399/174 746/1874/578
f 743/1875/470 772/311/471 746/310/578
f 743/1872/363 745/144/364 773/146/365
f 743/1875/470 746/310/578 747/1876/174
f 748/1877/359 746/310/577 771/312/361
f 749/1878/373 750/1879/372 751/1880/375
f 749/1881/373 751/1882/375 752/1883/438
f 750/1884/372 752/1885/438 751/1886/375
f 750/1887/372 749/1888/373 752/1889/438
f 753/1890/384 771/1891/579 754/1892/580
f 769/1893/581 770/1894/581 771/1891/581
f 753/1895/582 760/43/583 762/313/61
f 753/1890/384 754/1892/580 761/1896/584
f 765/1897/585 753/1898/586 764/1899/177
f 753/1895/582 762/313/61 764/1900/587
f 754/1901/80 770/403/588 764/402/587
f 754/1901/80 764/402/587 762/1902/61
f 756/315/472 776/1903/589 775/316/590
f 756/315/472 774/1904/399 776/1903/589
f 763/147/390 762/313/390 759/314/390
f 777/1905/477 757/1906/477 778/1907/477
f 744/1868/395 757/45/398 775/316/590
f 769/401/176 765/1908/585 764/402/177
f 768/1909/591 774/1910/591 766/1911/591
f 765/1912/488 768/225/592 776/224/589
f 767/223/382 775/1913/590 776/224/589
f 767/223/382 778/1914/389 775/1913/590
f 778/1907/562 774/1910/562 777/1905/562
f 774/1915/399 765/1916/488 776/1917/589
f 778/1918/389 744/1919/395 775/1920/590
f 782/1921/401 779/1922/404 780/1923/402
f 779/1924/404 782/1925/401 781/1926/403
f 782/1927/401 780/1928/402 781/1929/403
f 779/1930/404 781/1931/403 780/1932/402
f 789/1933/221 783/1934/593 785/1935/221
f 788/1936/594 787/1937/595 783/1938/596
f 788/1936/594 783/1938/596 789/1939/597
f 787/1940/595 785/1941/598 783/1942/596
f 787/1940/595 784/1943/599 785/1941/598
f 784/1944/599 790/1945/600 785/1946/598
f 784/1944/599 786/1947/601 790/1945/600
f 786/1948/327 784/1949/602 787/1950/327
f 789/1933/221 785/1935/221 790/1951/603
f 786/1952/601 789/1953/597 790/1954/600
f 786/1952/601 788/1955/594 789/1953/597
f 786/1948/327 787/1950/327 788/1956/604
f 791/1957/221 795/1958/221 793/1959/603
f 797/1960/594 798/1961/596 791/1962/597
f 791/1957/221 798/1963/593 795/1958/221
f 792/1964/601 797/1965/594 791/1966/597
f 792/1964/601 791/1966/597 793/1967/600
f 794/1968/599 792/1969/601 793/1970/600
f 792/1971/327 796/1972/327 797/1973/604
f 792/1971/327 794/1974/602 796/1972/327
f 794/1968/599 793/1970/600 795/1975/598
f 796/1976/595 794/1977/599 795/1978/598
f 796/1976/595 795/1978/598 798/1979/596
f 797/1960/594 796/1980/595 798/1961/596
f 799/1981/599 800/1982/600 805/1983/598
f 799/1981/599 801/1984/601 800/1982/600
f 802/1985/595 799/1986/599 805/1987/598
f 801/1988/327 799/1989/602 802/1990/327
f 801/1991/601 806/1992/597 800/1993/600
f 806/1994/221 805/1995/221 800/1996/603
f 801/1991/601 803/1997/594 806/1992/597
f 801/1988/327 802/1990/327 803/1998/604
f 803/1999/594 802/2000/595 804/2001/596
f 802/1985/595 805/1987/598 804/2002/596
f 803/1999/594 804/2001/596 806/2003/597
f 806/1994/221 804/2004/593 805/1995/221
f 810/2005/605 807/2006/606 809/2007/607
f 807/2008/606 808/2009/608 809/2010/607
f 807/2008/606 812/2011/609 808/2009/608
f 810/2012/327 812/2013/327 807/2014/610
f 812/2015/609 813/2016/611 808/2017/608
f 809/2018/221 808/2019/612 813/2020/221
f 810/2005/605 809/2007/607 814/2021/613
f 809/2018/221 813/2020/221 814/2022/614
f 810/2012/327 811/2023/615 812/2013/327
f 811/2024/616 810/2025/605 814/2026/613
f 812/2015/609 811/2027/616 813/2016/611
f 811/2024/616 814/2026/613 813/2028/611
f 821/2029/221 815/2030/612 819/2031/221
f 820/2032/606 818/2033/609 815/2034/608
f 820/2032/606 815/2034/608 821/2035/607
f 818/2036/609 819/2037/611 815/2038/608
f 816/2039/616 822/2040/613 819/2041/611
f 816/2039/616 817/2042/605 822/2040/613
f 818/2036/609 816/2043/616 819/2037/611
f 817/2044/327 816/2045/615 818/2046/327
f 817/2047/605 821/2048/607 822/2049/613
f 817/2047/605 820/2050/606 821/2048/607
f 817/2044/327 818/2046/327 820/2051/610
f 821/2029/221 819/2031/221 822/2052/614
f 823/2053/606 830/2054/608 824/2055/607
f 823/2053/606 829/2056/609 830/2054/608
f 828/2057/605 823/2058/606 824/2059/607
f 828/2060/327 829/2061/327 823/2062/610
f 824/2063/221 827/2064/221 825/2065/614
f 824/2063/221 830/2066/612 827/2064/221
f 828/2057/605 824/2059/607 825/2067/613
f 826/2068/616 828/2069/605 825/2070/613
f 826/2068/616 825/2070/613 827/2071/611
f 828/2060/327 826/2072/615 829/2061/327
f 829/2073/609 826/2074/616 827/2075/611
f 829/2073/609 827/2075/611 830/2076/608
f 835/2077/617 834/2078/618 831/2079/619
f 831/2080/619 834/2081/618 837/2082/620
f 835/2083/617 831/2084/619 838/2085/621
f 831/2080/619 837/2082/620 838/2086/621
f 836/2087/622 832/2088/623 833/2089/624
f 836/2087/622 835/2090/617 832/2088/623
f 835/2083/617 838/2085/621 832/2091/623
f 838/2092/621 833/2093/624 832/2094/623
f 834/2095/618 833/2096/624 837/2097/620
f 838/2092/621 837/2098/620 833/2093/624
f 834/2095/618 836/2099/622 833/2096/624
f 835/2077/617 836/2100/622 834/2078/618
f 839/2101/625 851/318/626 841/2102/627
f 839/2101/625 853/152/628 851/318/626
f 839/2101/629 840/2103/189 842/2104/630
f 841/2105/46 842/2106/631 843/2107/44
f 840/417/189 844/49/188 842/2108/630
f 846/50/632 845/2109/633 858/2110/634
f 846/50/632 858/2110/634 857/319/635
f 854/2111/636 846/2112/636 847/2113/636
f 854/2114/637 847/2115/638 855/2116/639
f 848/2117/640 844/49/640 849/416/640
f 849/416/641 839/2118/641 848/2117/641
f 854/2114/637 855/2116/639 853/2119/642
f 854/2120/643 852/317/644 857/227/635
f 851/318/645 853/152/645 857/227/645
f 845/2121/633 854/2122/643 858/2123/634
f 854/2120/643 857/227/635 858/2124/634
f 859/418/646 860/2125/646 873/2126/646
f 873/2126/640 867/58/640 859/418/640
f 860/419/192 867/58/191 871/2127/647
f 860/2128/192 861/2129/648 872/157/649
f 861/2130/648 863/2131/650 872/2132/649
f 863/2133/650 866/2134/651 872/2135/649
f 863/2133/650 871/2136/652 866/2134/651
f 876/229/653 877/228/653 864/55/653
f 874/2137/654 875/2138/655 865/2139/656
f 869/59/657 868/2140/658 878/2141/659
f 869/59/657 878/2141/659 877/321/126
f 874/2142/660 869/2143/660 870/2144/660
f 874/2137/654 870/2145/661 875/2138/655
f 861/2146/648 860/2147/192 871/2148/647
f 868/2149/658 874/2150/127 878/2151/659
f 874/56/127 877/228/126 878/2152/659
f 879/2153/662 881/2154/663 882/2155/664
f 879/2153/662 882/2155/664 880/2156/665
f 881/2157/663 880/2158/665 882/2159/664
f 881/2157/663 879/2160/662 880/2158/665
f 887/2161/617 883/2162/618 886/2163/619
f 886/2164/619 883/2165/618 884/2166/620
f 883/2167/618 889/2168/624 884/2169/620
f 887/2161/617 888/2170/622 883/2162/618
f 883/2167/618 888/2171/622 889/2168/624
f 890/2172/621 884/2173/620 889/2174/624
f 886/2164/619 884/2166/620 890/2175/621
f 888/2176/622 885/2177/623 889/2178/624
f 888/2176/622 887/2179/617 885/2177/623
f 887/2180/617 890/2181/621 885/2182/623
f 890/2172/621 889/2174/624 885/2183/623
f 887/2180/617 886/2184/619 890/2181/621
f 892/420/666 891/2185/666 895/2186/666
f 895/2186/640 907/64/640 892/420/640
f 891/2187/194 893/2188/667 896/162/668
f 893/2189/667 899/2190/650 896/2191/668
f 893/2192/667 891/2193/194 894/2194/647
f 899/2195/650 894/2196/652 906/2197/651
f 891/421/194 907/64/191 894/2198/647
f 899/2195/650 906/2197/651 896/2199/668
f 897/2200/654 905/2201/655 901/2202/669
f 897/2200/654 910/2203/661 905/2201/655
f 897/62/127 903/230/126 902/2204/659
f 897/2205/670 909/2206/670 910/2207/670
f 904/231/653 903/230/653 900/61/653
f 908/2208/658 897/2209/127 902/2210/659
f 909/65/657 908/2211/658 902/2212/659
f 909/65/657 902/2212/659 903/323/126
f 911/422/671 912/2213/671 921/2214/671
f 921/2214/640 916/67/640 911/422/640
f 912/423/194 916/67/191 914/2215/647
f 912/2216/194 913/2217/672 922/2218/668
f 913/2219/672 924/2220/650 922/2221/668
f 913/2222/672 912/2223/194 914/2224/647
f 924/2225/650 914/2226/673 915/2227/651
f 924/2225/650 915/2227/651 922/2228/668
f 918/68/657 917/2229/658 929/2230/659
f 918/68/657 929/2230/659 927/325/126
f 930/2231/660 918/2232/660 920/2233/660
f 930/2234/654 920/2235/661 919/2236/655
f 928/233/653 927/232/653 925/70/653
f 930/2234/654 919/2236/655 926/2237/656
f 930/71/127 927/232/126 929/2238/659
f 917/2239/658 930/2240/127 929/2241/659
f 931/2242/674 933/2243/675 934/2244/676
f 931/2242/674 932/2245/677 933/2243/675
f 932/2246/677 934/2247/676 933/2248/675
f 932/2246/677 931/2249/674 934/2247/676
f 281/2250/678 273/2251/678 274/1/678
f 274/1/679 275/2252/679 277/2253/679
f 275/2252/680 276/2254/680 277/2253/680
f 277/2253/681 278/2/681 274/1/681
f 278/2/682 279/327/682 280/3/682
f 280/3/683 281/2250/683 274/1/683
f 298/5/684 292/85/684 293/254/684
f 293/254/685 294/6/685 298/5/685
f 294/6/686 268/989/686 297/4/686
f 268/989/687 295/348/687 297/4/687
f 295/348/688 264/350/689 296/253/690
f 297/4/691 295/348/691 296/253/691
f 335/9/692 336/260/692 339/176/692
f 336/260/693 327/1111/693 339/176/693
f 327/1111/694 337/359/694 339/176/694
f 337/359/695 338/361/696 339/176/697
f 340/7/698 341/2255/698 334/8/698
f 339/176/699 340/7/699 335/9/699
f 348/11/700 349/2256/700 346/12/700
f 349/2256/701 350/2257/701 346/12/701
f 350/2257/702 351/2258/702 346/12/702
f 346/12/703 352/2259/703 353/2260/703
f 409/14/704 403/102/704 404/272/704
f 404/272/705 405/15/705 409/14/705
f 405/15/706 398/1234/706 408/13/706
f 398/1234/707 406/362/707 408/13/707
f 406/362/708 399/364/709 407/271/710
f 408/13/711 406/362/711 407/271/711
f 432/2261/712 425/2262/712 426/16/712
f 426/16/713 427/2263/713 428/2264/713
f 427/2263/680 417/2265/680 428/2264/680
f 428/2264/714 429/17/714 426/16/714
f 429/17/715 430/332/715 431/18/715
f 431/18/716 432/2261/716 426/16/716
f 474/21/717 475/275/717 477/190/717
f 475/275/693 462/1360/693 477/190/693
f 462/1360/718 476/373/718 477/190/718
f 476/373/719 500/375/719 477/190/719
f 478/19/698 479/2266/698 464/20/698
f 477/190/720 478/19/720 474/21/720
f 494/23/721 495/2267/721 492/24/722
f 495/2267/723 496/2268/723 492/24/723
f 496/2268/724 497/2269/725 492/24/725
f 492/24/726 498/2270/726 499/2271/726
f 552/27/727 553/286/727 555/198/727
f 553/286/728 544/1511/728 555/198/728
f 544/1511/729 554/381/729 555/198/729
f 554/381/730 576/383/730 555/198/730
f 556/25/698 557/2272/698 543/26/698
f 555/198/731 556/25/731 552/27/731
f 562/29/732 563/2273/732 560/30/732
f 563/2273/733 564/2274/733 560/30/733
f 564/2274/734 565/2275/735 560/30/734
f 560/30/703 566/2276/703 567/2277/703
f 624/33/736 618/77/737 620/298/738
f 618/77/737 619/296/739 620/298/738
f 620/298/740 612/31/740 624/33/740
f 612/31/741 621/384/741 622/32/741
f 621/384/742 610/386/743 622/32/742
f 622/32/744 623/131/744 624/33/744
f 638/2278/745 630/2279/745 631/34/745
f 631/34/679 632/2280/679 634/2281/679
f 632/2280/746 633/2282/746 634/2281/746
f 634/2281/714 635/35/714 631/34/714
f 635/35/747 636/341/747 637/36/747
f 637/36/748 638/2278/748 631/34/748
f 681/39/749 682/303/749 684/215/749
f 682/303/750 673/1745/750 684/215/750
f 673/1745/751 683/395/751 684/215/752
f 683/395/753 711/397/754 684/215/753
f 685/37/755 686/2283/755 680/38/755
f 684/215/756 685/37/756 681/39/756
f 689/41/757 690/2284/757 687/42/757
f 690/2284/758 691/2285/758 687/42/759
f 691/2285/760 692/2286/760 687/42/760
f 687/42/761 693/2287/761 694/2288/761
f 761/44/684 755/148/684 756/315/684
f 756/315/762 757/45/762 761/44/762
f 757/45/686 744/1868/686 760/43/686
f 744/1868/687 758/398/687 760/43/687
f 758/398/763 745/400/764 759/314/765
f 760/43/711 758/398/711 759/314/711
f 773/2289/766 766/2290/766 767/46/766
f 767/46/767 768/2291/767 769/2292/767
f 768/2291/680 765/2293/680 769/2292/680
f 769/2292/768 770/47/768 767/46/768
f 770/47/682 771/346/682 772/48/682
f 772/48/769 773/2289/769 767/46/769
f 847/51/770 843/2294/770 844/49/770
f 844/49/771 845/2295/771 846/50/771
f 846/50/772 855/320/772 847/51/772
f 853/54/773 850/2296/773 842/2297/773
f 841/52/774 851/2298/774 852/53/774
f 853/54/775 842/2297/631 841/52/46
f 865/57/776 862/159/776 863/2131/776
f 863/2131/777 864/55/777 865/57/777
f 870/60/770 866/2299/770 867/58/770
f 867/58/771 868/2300/771 869/59/771
f 869/59/778 875/322/778 870/60/778
f 901/63/779 898/164/779 899/2190/779
f 899/2190/780 900/61/780 901/63/780
f 910/66/770 906/2301/770 907/64/770
f 907/64/781 908/2302/781 909/65/781
f 909/65/778 905/324/778 910/66/778
f 920/69/770 915/2303/770 916/67/770
f 916/67/781 917/2304/781 918/68/781
f 918/68/778 919/326/778 920/69/778
f 926/72/776 923/166/776 924/2220/776
f 924/2220/777 925/70/777 926/72/777
f 624/33/36 617/1646/543 625/76/782
f 331/2305/424 332/2306/783 333/2307/426
f 540/2308/424 541/2309/783 542/2310/516
f 921/78/48 922/2218/48 915/79/48
f 872/2311/649 873/2126/784 860/2125/192
f 842/2104/630 850/154/785 839/2101/629
f 264/81/362 263/2312/359 273/82/786
f 298/5/787 283/2313/787 282/84/787
f 329/86/788 330/1108/788 347/87/788
f 358/89/789 356/356/789 334/90/789
f 351/95/790 338/1127/791 367/96/791
f 399/98/468 400/2314/467 425/99/792
f 409/14/793 415/2315/793 414/101/793
f 469/103/794 465/1357/794 493/104/794
f 480/106/795 481/370/795 464/107/795
f 497/112/796 500/1388/796 501/113/796
f 538/115/788 539/1505/788 561/116/788
f 571/118/797 558/378/797 543/119/797
f 565/124/796 576/1534/796 575/125/796
f 610/127/534 609/2316/533 630/128/798
f 675/132/794 676/1742/794 688/133/794
f 706/135/789 699/392/789 680/136/789
f 692/141/799 711/1761/799 710/142/799
f 745/144/362 748/2317/359 766/145/786
f 761/44/800 754/2318/800 763/147/800
f 843/149/801 847/2319/801 848/150/801
f 853/152/802 855/226/802 856/153/802
f 863/2131/650 862/159/803 871/2320/652
f 866/155/804 870/2321/804 873/156/804
f 875/158/805 876/229/805 862/159/805
f 899/2190/650 898/164/803 894/2322/652
f 906/160/806 910/2323/806 895/161/806
f 905/163/805 904/231/805 898/164/805
f 924/2220/650 923/166/803 914/2324/673
f 919/165/805 928/233/805 923/166/805
f 267/988/807 281/83/807 280/2325/807
f 286/1018/808 298/1022/808 297/2326/808
f 348/173/427 333/1122/417 332/174/809
f 339/176/810 355/2327/448 354/177/22
f 364/1159/811 351/2328/811 350/2329/811
f 397/1238/812 432/100/812 431/2330/812
f 418/1246/813 409/1248/813 408/2331/813
f 494/187/500 467/1371/417 468/188/809
f 477/190/814 485/2332/448 484/191/29
f 502/1408/815 497/2333/815 496/2334/815
f 562/195/518 542/1510/519 541/196/816
f 555/198/810 572/2335/448 570/199/22
f 574/1551/817 565/2336/817 564/2337/818
f 611/1628/819 638/129/819 637/2338/819
f 627/203/820 634/387/820 633/204/820
f 628/206/821 623/1648/821 622/207/821
f 689/212/518 678/1756/519 679/213/816
f 684/215/822 707/2339/572 705/216/40
f 709/1793/823 692/2340/823 691/2341/823
f 743/1872/812 773/146/812 772/2342/812
f 753/1890/824 761/1896/824 760/2343/824
f 842/2106/825 844/2344/825 843/2107/825
f 871/2136/826 867/2345/826 866/2134/826
f 894/2196/827 907/2346/827 906/2197/827
f 914/2226/827 916/2347/827 915/2227/827
f 359/234/828 352/1144/828 346/235/828
f 488/237/828 498/1401/828 492/238/828
f 550/240/828 566/1537/828 560/241/828
f 702/246/828 693/1766/828 687/247/828
f 854/2120/829 853/152/829 852/317/829
f 363/261/830 362/2348/830 353/262/830
f 482/276/831 483/2349/832 499/277/833
f 568/287/834 569/2350/834 567/288/834
f 703/304/835 704/2351/836 694/305/837
f 289/328/838 288/1038/838 293/254/838
f 353/329/839 356/2352/839 357/330/839
f 424/333/840 423/1245/840 404/272/840
f 466/2353/424 468/2354/783 467/2355/426
f 499/334/841 481/2356/841 486/335/841
f 567/337/842 558/2357/842 559/338/842
f 641/342/843 640/1653/843 619/296/843
f 677/2358/564 679/2359/783 678/2360/426
f 694/343/839 699/2361/839 700/344/839
f 777/347/844 774/1904/844 756/315/844
f 839/2362/629 849/2363/845 840/2364/189
f 274/170/846 273/2365/846 287/1021/846
f 328/1110/414 348/2366/847 347/87/418
f 360/354/848 341/1130/848 340/355/848
f 426/184/849 425/2367/849 420/1286/849
f 463/1359/414 494/2368/850 493/104/495
f 489/368/848 479/1391/848 478/369/848
f 545/1504/414 562/2369/851 561/116/514
f 551/376/852 557/1535/852 556/377/852
f 631/209/853 630/2370/853 639/1665/853
f 674/1744/414 689/2371/850 688/133/418
f 708/390/848 686/1764/848 685/391/848
f 767/223/854 766/2372/854 778/1914/854
f 841/2373/627 848/2117/855 839/2118/625
f 896/2374/668 895/2186/784 891/2185/194
f 922/2375/668 921/2214/784 912/2213/194
f 849/416/856 845/2295/856 844/49/856
f 861/2130/648 864/55/857 863/2131/650
f 859/418/856 868/2300/856 867/58/856
f 893/2189/667 900/61/857 899/2190/650
f 892/420/858 908/2302/858 907/64/858
f 913/2219/672 925/70/857 924/2220/650
f 911/422/858 917/2304/858 916/67/858
f 20/468/223 5/448/210 15/469/224
f 9/464/222 15/469/224 8/465/207
f 2/467/198 11/470/202 9/464/222
f 13/436/204 19/461/231 18/434/203
f 24/475/232 23/462/211 22/459/220
f 280/250/859 281/2376/859 279/251/859
f 281/2376/860 263/984/860 279/251/860
f 267/988/363 295/2377/861 296/996/370
f 286/1018/384 277/1009/862 279/1011/385
f 288/1013/863 287/1032/863 273/1014/863
f 274/2378/864 275/1012/864 273/1014/864
f 297/4/865 298/5/865 296/253/865
f 298/5/866 282/84/866 296/253/866
f 289/1033/867 293/2379/867 294/1034/867
f 330/1108/868 335/2380/868 336/1109/868
f 329/1115/869 347/2381/869 348/1116/869
f 358/1123/870 341/2255/870 340/7/870
f 364/1125/433 337/2382/871 339/1126/434
f 356/1131/872 353/2383/872 352/1144/872
f 350/265/873 351/2384/873 367/1154/873
f 367/1154/874 365/1153/432 349/266/446
f 397/1238/363 406/2385/861 407/1239/469
f 431/268/875 432/2386/875 430/269/875
f 432/2386/876 400/1241/876 430/269/876
f 408/13/877 409/14/877 407/271/877
f 409/14/878 414/101/878 407/271/878
f 424/1249/879 404/2387/879 405/1250/879
f 418/1246/474 428/1268/880 430/1265/385
f 423/1275/881 420/1251/881 425/1277/881
f 426/2388/882 427/1276/882 425/1277/882
f 465/1357/883 474/2389/884 475/1358/884
f 469/1366/869 493/2390/869 494/1369/869
f 480/1384/870 479/2266/870 478/19/870
f 502/1386/433 476/2391/885 477/1387/502
f 481/1392/886 499/2392/886 498/1401/886
f 496/280/873 497/2393/873 501/1406/873
f 501/1406/887 491/1404/432 495/281/446
f 538/1500/888 561/2394/888 562/1501/888
f 539/1505/883 552/2395/883 553/1508/883
f 571/1530/870 557/2272/870 556/25/870
f 574/1532/433 554/2396/889 555/1533/524
f 558/1536/890 567/2397/890 566/1537/890
f 564/291/891 565/2398/891 575/1547/891
f 575/1547/887 578/1546/432 563/292/446
f 637/294/892 638/2399/892 636/295/892
f 638/2399/893 609/1627/893 636/295/893
f 611/1628/536 621/2400/894 622/1629/539
f 627/1645/895 623/131/895 624/33/895
f 641/1649/896 619/2401/896 620/1650/896
f 628/206/544 634/1658/897 636/1655/554
f 640/1661/898 639/1651/898 630/1662/898
f 631/2402/899 632/1660/899 630/1662/899
f 676/1742/900 681/2403/900 682/1743/900
f 675/1750/869 688/2404/869 689/1751/869
f 706/1757/901 686/2283/901 685/37/901
f 709/1759/433 683/2405/902 684/1760/567
f 699/1765/903 694/2406/903 693/1766/903
f 691/308/904 692/2407/904 710/1776/904
f 710/1776/874 712/1775/432 690/309/446
f 743/1872/363 758/2408/861 759/1873/469
f 772/311/905 773/2409/905 771/312/905
f 773/2409/906 748/1877/906 771/312/906
f 753/1890/384 769/1893/907 771/1891/579
f 760/43/908 761/44/908 759/314/908
f 761/44/866 763/147/866 759/314/866
f 777/1905/909 756/2410/909 757/1906/909
f 774/1910/881 778/1907/881 766/1911/881
f 767/2411/910 768/1909/910 766/1911/910
f 839/2101/911 850/154/911 853/152/911
f 853/152/912 852/317/912 851/318/912
f 848/2117/913 843/2294/913 844/49/913
f 853/152/914 856/153/914 857/227/914
f 873/2126/913 866/2299/913 867/58/913
f 865/57/915 876/229/915 864/55/915
f 861/2130/648 871/2320/647 862/159/916
f 861/2130/917 862/159/917 865/57/917
f 864/55/918 861/2130/918 865/57/918
f 895/2186/919 906/2301/919 907/64/919
f 893/2189/667 894/2322/647 898/164/916
f 893/2189/917 898/164/917 901/63/917
f 900/61/918 893/2189/918 901/63/918
f 901/63/915 904/231/915 900/61/915
f 921/2214/919 915/2303/919 916/67/919
f 913/2219/672 914/2324/647 923/166/916
f 913/2219/917 923/166/917 926/72/917
f 925/70/918 913/2219/918 926/72/918
f 926/72/915 928/233/915 925/70/915
