# Blender 4.5.0
# www.blender.org
mtllib residential_005.lod2.mtl
o residential_005
v 3.337000 0.014012 -3.600000
v -0.019897 0.145822 3.582971
v -3.376793 -0.000000 -3.600000
v -3.539643 0.435982 -0.885862
v -2.974643 5.026558 -1.009397
v 3.108473 3.783807 1.277237
v -2.847424 5.900342 -2.499515
v -2.841320 5.817917 -2.487671
v -2.839199 5.817074 -2.487671
v -2.834545 5.812987 -2.483306
v -2.839199 5.812699 2.801987
v -2.841320 6.157582 2.801992
v -2.839199 5.812987 2.797627
v -2.843154 5.808900 2.801992
v 2.797099 5.927172 2.800761
v 2.795451 5.817074 2.801992
v 2.799406 5.812987 2.797627
v 2.801527 5.817917 2.801992
v 2.799406 5.817074 2.801992
v 2.795470 5.928220 -2.486334
v 2.799406 5.925408 -2.483306
v -2.835044 5.927715 2.801882
v -2.839199 5.925408 2.797627
v -2.985607 6.162511 -2.483306
v -2.989562 6.158425 -2.651204
v -2.989562 6.158425 -2.487671
v -2.993517 6.162511 -2.492037
v -2.989562 5.817074 2.803933
v -2.985607 5.812987 2.797627
v -2.985607 5.812987 2.801992
v -2.840949 6.162369 -2.483131
v -2.841390 6.158425 -2.487671
v 2.945814 5.812987 2.797627
v 2.949769 5.817884 2.801992
v 2.945029 5.812987 2.801992
v 2.802422 6.161541 2.800379
v 2.799406 6.158425 2.797627
v 2.801462 6.160437 -2.486778
v 2.799406 5.817074 -2.487671
v 2.801596 5.817074 -2.487671
v 2.799406 5.812987 -2.483306
v 2.795451 5.817074 -2.487671
v 2.945814 6.162511 -2.483306
v 2.949769 6.157614 -2.487671
v 2.945029 6.162511 -2.487671
v -2.985607 5.812987 -2.483306
v -2.989562 5.817884 -2.487671
v -2.984822 5.812987 -2.487671
v 2.949769 5.817074 -2.651204
v 2.949769 5.817074 -2.489612
v 2.945814 5.812987 -2.483306
v 2.945814 5.812987 -2.487671
v -2.989562 6.162511 2.801992
v -2.994302 6.162511 2.797627
v -2.989562 6.162106 2.801992
v -2.985607 6.162511 2.797627
v 2.985854 6.189159 2.810966
v 2.945814 6.162511 2.801992
v 2.949769 6.158425 2.801992
v 2.945814 6.162511 2.797627
v -2.985467 6.162378 2.965662
v -2.989562 6.157582 2.965603
v 0.698424 4.133331 3.548769
v -3.539643 0.794001 -0.561741
v 2.900936 0.142051 2.912902
v 2.900936 0.153521 -2.598580
v -0.037513 0.202322 -3.427377
v -0.037513 0.190341 -2.522922
v -2.745223 0.290202 -2.824704
v -2.812672 1.261024 -3.333400
v -2.805923 0.250502 -3.316687
v -2.799203 1.261082 -3.301741
v -2.129291 0.250502 -3.316687
v -2.136039 1.261024 -3.333400
v -2.122571 1.261082 -3.301741
v -1.452659 0.250502 -3.316687
v -1.459407 1.261024 -3.333401
v -1.445938 1.261082 -3.301741
v -0.769305 1.261082 -3.301741
v -0.782774 1.261024 -3.333401
v -0.776026 0.250502 -3.316687
v -0.099394 0.250502 -3.316687
v -0.092672 1.261082 -3.301741
v -0.106141 1.261024 -3.333401
v -2.818394 0.375440 -3.316480
v -0.097233 0.366201 -3.296835
v -0.097210 0.384712 -3.338373
v -2.804651 1.259909 -3.293230
v -2.806308 1.250661 -3.301129
v -2.804833 1.252872 -3.338355
v -2.806308 1.248301 -3.332842
v -0.095822 1.235092 -3.313640
v -0.095822 1.235092 -3.321203
v -0.099777 1.237136 -3.315675
v -0.118161 1.246076 -3.314863
v -0.099777 1.237136 -3.319169
v -0.108733 1.256010 -3.290132
v -0.099777 1.266385 -3.299382
v -0.105006 1.248668 -3.337294
v -0.099777 1.251568 -3.335394
v -2.801653 1.271552 -3.336308
v -0.100992 1.268377 -3.336763
v -2.806308 1.277551 -3.314802
v -2.802352 1.279753 -3.313640
v -2.803726 1.277710 -3.317422
v -2.809732 1.279753 -3.313056
v -2.802881 1.279753 -3.313056
v -2.808042 1.281344 -3.319336
v -0.099777 1.251568 -3.299450
v -2.785426 1.260598 -3.316950
v -2.805025 1.258238 -2.557897
v -2.818462 1.242603 -3.317357
v -2.824239 1.269321 -3.313525
v -2.822652 1.266385 -3.317422
v -2.808485 1.233727 -3.313517
v -2.802352 1.239180 -3.321203
v -2.802352 1.239180 -3.313640
v -2.804707 1.239180 -3.322358
v -0.098911 1.258950 -2.557903
v -0.103732 1.279753 -3.313640
v -0.095558 1.286830 -3.322078
v -0.103202 1.279753 -3.313056
v -0.096352 1.279753 -3.313056
v -0.099777 1.276171 -3.317422
v -0.103732 1.279753 -3.321203
v -0.078632 1.259574 -3.316810
v -0.116122 1.266385 -3.317422
v -2.723877 2.473127 -2.567723
v -2.723877 0.307950 -2.552826
v -0.267634 2.386928 -2.652378
v -0.267633 0.394149 -2.654865
v -2.825027 1.266545 -2.575011
v -2.637149 2.443127 -2.684736
v -2.638958 0.362169 -2.717926
v -2.635339 0.362170 -2.651548
v -1.453043 2.443127 -2.684737
v -1.454852 0.362170 -2.717926
v -1.451233 0.362170 -2.651548
v -0.268935 2.443127 -2.684737
v -0.267126 0.362170 -2.651548
v -0.270744 0.362169 -2.717926
v -0.203151 0.331490 -2.633698
v -2.751672 0.324508 -2.843913
v -2.751672 0.330297 -2.567049
v -0.135069 1.885160 -3.236500
v -0.164817 0.288567 -2.825577
v -0.139666 1.885160 -2.568594
v -1.974613 0.351473 -3.194652
v -2.745223 0.364509 -2.824737
v -1.974613 0.973253 -2.734903
v -2.152524 0.924940 -3.224964
v -2.021036 0.558845 -3.221529
v -2.441767 0.541955 -3.228435
v -2.019120 0.524010 -3.255190
v -2.422125 0.522915 -3.269535
v -2.422125 0.525105 -3.240846
v -2.422125 0.587965 -3.269535
v -2.422125 0.590155 -3.240846
v -2.019120 0.589060 -3.255190
v -2.422125 0.655206 -3.240846
v -2.019120 0.654110 -3.255190
v -2.422125 0.653015 -3.269535
v -2.422125 0.718066 -3.269535
v -2.019120 0.719161 -3.255190
v -2.422125 0.720256 -3.240846
v -2.422125 0.783116 -3.269535
v -2.019120 0.784211 -3.255190
v -2.422125 0.785306 -3.240846
v -2.422125 0.850357 -3.240846
v -2.019120 0.849261 -3.255190
v -2.422125 0.848166 -3.269535
v -2.646547 0.878422 -3.218889
v -2.688852 0.500641 -3.217292
v -2.604242 0.500641 -3.220486
v -2.701230 0.309787 -3.274683
v -2.610660 0.315891 -3.274683
v -2.655945 0.312839 -2.634761
v -2.137370 0.309787 -3.274683
v -2.092082 0.312839 -2.634761
v -2.046799 0.315891 -3.274682
v -1.930417 2.200892 -3.171569
v -0.794131 2.207026 -3.186268
v -0.794023 2.194793 -3.158456
v -1.922926 2.200255 -3.246459
v -1.923923 2.180760 -2.594039
v -1.920979 2.221514 -2.593995
v -0.793257 2.221514 -2.593995
v -0.796202 2.180760 -2.594039
v -0.795205 2.200256 -3.246459
v -0.019897 0.140043 3.576798
v 2.841775 0.142932 3.578715
v 2.853874 0.149325 3.593249
v 2.849139 0.203038 2.833732
v -0.019897 0.147019 2.853852
v -0.019897 0.269149 2.858218
v -0.019897 0.265062 2.853852
v 0.988258 2.298662 2.896584
v 1.822446 0.288567 2.854488
v 1.838240 2.298661 2.904468
v 1.619998 1.516882 2.962758
v 1.619169 1.246381 2.933264
v 1.620827 1.246381 2.992250
v 2.824565 1.270732 3.564749
v 2.811097 1.270791 3.533087
v 2.817819 0.260212 3.548034
v 2.115342 0.260212 3.548034
v 2.108622 1.270791 3.533087
v 2.122090 1.270732 3.564749
v 1.412866 0.260211 3.548034
v 1.419613 1.270733 3.564749
v 1.406145 1.270791 3.533087
v 0.710390 0.260212 3.548034
v 0.703669 1.270791 3.533087
v 0.717137 1.270733 3.564749
v 0.007913 0.260212 3.548034
v 0.001192 1.270791 3.533087
v 0.014661 1.270733 3.564749
v 2.830287 0.385150 3.547827
v 0.005752 0.375911 3.528183
v 0.005730 0.394421 3.569720
v 2.818173 1.287491 3.533328
v 2.808551 1.273238 3.516062
v 2.812107 1.273323 3.578295
v 0.012251 1.248889 3.544988
v 0.011242 1.247526 3.553206
v 0.004871 1.248889 3.544403
v 0.011722 1.248889 3.544403
v 0.008296 1.251564 3.548769
v 0.011855 1.278941 3.568606
v 0.008296 1.276095 3.566809
v 2.814490 1.260161 3.568907
v 0.005143 1.275919 3.530306
v 2.818201 1.260370 3.532476
v 2.799482 1.276255 2.858218
v 2.822713 1.264028 2.842978
v 2.820379 1.250255 3.552674
v 2.818201 1.242126 3.548769
v 2.822156 1.244801 3.552549
v 2.829539 1.245569 3.546406
v 2.839344 1.267669 3.547367
v 2.814776 1.289463 3.544403
v 2.818201 1.285881 3.548769
v 2.821627 1.289463 3.544696
v 2.818201 1.287260 3.546149
v 0.004595 1.285000 2.845654
v 0.011722 1.289463 2.858218
v 0.026436 1.258520 2.851176
v 0.027890 1.263820 3.547880
v -0.016390 1.272959 3.538742
v 0.023590 1.282385 3.544403
v -0.008049 1.276095 3.548769
v 0.004077 1.296133 3.544864
v 0.012251 1.289463 3.552549
v 0.012251 1.289463 3.544988
v 0.006562 1.291054 3.548769
v 0.011722 1.293551 3.553974
v 0.004871 1.293551 3.553974
v 2.705429 0.290296 -2.824737
v -0.002280 0.202322 -2.522922
v -0.002280 0.190341 -3.427377
v 0.060367 0.250502 -3.316687
v 0.067088 1.261082 -3.301741
v 0.053619 1.261024 -3.333401
v 0.736999 0.250502 -3.316687
v 0.730252 1.261024 -3.333401
v 0.743721 1.261082 -3.301741
v 1.413632 0.250502 -3.316687
v 1.406884 1.261023 -3.333401
v 1.420353 1.261082 -3.301741
v 2.090265 0.250502 -3.316687
v 2.096986 1.261082 -3.301741
v 2.083517 1.261024 -3.333400
v 2.766898 0.250502 -3.316687
v 2.773618 1.261082 -3.301741
v 2.760150 1.261024 -3.333400
v 0.047898 0.375440 -3.316480
v 2.769081 0.384711 -3.338373
v 2.769058 0.366201 -3.296835
v 2.766088 1.259851 -3.294009
v 2.765708 1.238770 -3.321805
v 0.063696 1.250452 -3.337560
v 0.066079 1.263614 -3.346948
v 0.060012 1.277782 -3.301980
v 0.063409 1.279753 -3.313056
v 0.059984 1.276171 -3.317422
v 0.056558 1.279753 -3.313349
v 0.059984 1.277551 -3.314802
v 2.766514 1.266385 -3.299382
v 2.770733 1.286830 -3.322078
v 2.763088 1.279753 -3.313056
v 2.769939 1.279753 -3.313056
v 2.766514 1.276171 -3.317422
v 2.762559 1.279753 -3.321203
v 2.762559 1.279753 -3.313640
v 0.069634 1.263529 -3.284715
v 0.059984 1.250661 -3.301129
v 0.057806 1.240545 -3.321327
v 0.059984 1.232417 -3.317422
v 0.056029 1.235092 -3.321203
v 0.048646 1.235860 -3.315059
v 0.078703 1.266545 -2.575011
v 0.038841 1.257960 -3.316019
v 0.055480 1.254319 -2.559775
v 2.767380 1.258950 -2.557903
v 2.745358 1.257439 -3.316713
v 2.750169 1.266385 -3.317422
v 2.772708 1.238320 -3.313072
v 2.762559 1.239180 -3.313640
v 2.766514 1.241855 -3.317422
v 2.684084 2.473127 -2.552826
v -0.118496 1.266545 -2.575011
v 2.684084 0.307950 -2.567723
v 0.227840 2.386928 -2.654865
v 2.785233 1.266545 -2.575011
v 0.227840 0.394149 -2.652377
v 0.229142 2.443127 -2.684737
v 0.230951 0.362170 -2.651548
v 0.227333 0.362169 -2.717926
v 1.413250 2.443127 -2.684736
v 1.415059 0.362170 -2.651548
v 1.411440 0.362169 -2.717926
v 2.597355 2.443127 -2.684737
v 2.599165 0.362170 -2.651548
v 2.595546 0.362170 -2.717926
v 2.711879 0.324508 -2.567049
v 0.045461 0.327403 -2.705478
v 2.711879 0.330297 -2.843913
v 2.701474 0.288567 -2.825577
v 2.726625 1.885160 -2.568594
v 2.731223 1.885160 -3.236500
v -0.164817 0.366239 -2.825577
v 0.891678 0.973253 -2.734903
v 0.891678 0.351473 -3.194652
v 0.845255 0.558845 -3.221529
v 0.713767 0.924940 -3.224964
v 0.424524 0.541956 -3.228435
v 0.444167 0.522915 -3.269535
v 0.444167 0.525105 -3.240846
v 0.847171 0.524010 -3.255190
v 0.444167 0.587965 -3.269535
v 0.444167 0.590155 -3.240846
v 0.847171 0.589060 -3.255190
v 0.444167 0.655206 -3.240846
v 0.847171 0.654110 -3.255190
v 0.444167 0.653015 -3.269535
v 0.847171 0.719161 -3.255190
v 0.444167 0.720256 -3.240846
v 0.444167 0.718066 -3.269535
v 0.444167 0.783116 -3.269535
v 0.444167 0.785306 -3.240846
v 0.847171 0.784211 -3.255190
v 0.444167 0.848166 -3.269535
v 0.847171 0.849261 -3.255190
v 0.444167 0.850357 -3.240846
v 0.219744 0.878422 -3.218889
v 0.262049 0.500641 -3.220486
v 0.177439 0.500641 -3.217292
v 0.165061 0.309787 -3.274683
v 0.210347 0.312839 -2.634761
v 0.255632 0.315891 -3.274683
v 0.819493 0.315891 -3.274683
v 0.774207 0.312839 -2.634761
v 0.728921 0.309787 -3.274683
v 0.935874 2.200892 -3.171569
v 2.072160 2.207026 -3.186268
v 2.072268 2.194793 -3.158456
v 0.945313 2.221514 -2.593995
v 0.942368 2.180760 -2.594039
v 0.943365 2.200256 -3.246459
v 2.070089 2.180760 -2.594039
v 2.073034 2.221514 -2.593995
v 2.071086 2.200255 -3.246459
v -2.919823 0.206808 2.895340
v -0.019897 0.269149 3.575519
v -0.019897 0.265062 3.579885
v -1.862239 0.288567 2.946563
v -1.878033 2.298662 2.896584
v -1.028051 2.298661 2.904468
v -1.246293 1.516882 2.962758
v -1.247122 1.246381 2.933264
v -1.245465 1.246381 2.992250
v -0.048473 0.260212 3.548034
v -0.041725 1.270733 3.564749
v -0.055194 1.270791 3.533087
v -0.750949 0.260212 3.548034
v -0.757670 1.270791 3.533087
v -0.744202 1.270733 3.564749
v -1.453425 0.260212 3.548034
v -1.446678 1.270733 3.564749
v -1.460146 1.270791 3.533087
v -2.155901 0.260212 3.548034
v -2.162623 1.270791 3.533087
v -2.149154 1.270732 3.564749
v -2.851630 1.270732 3.564749
v -2.858377 0.260212 3.548034
v -2.865098 1.270791 3.533087
v -0.036003 0.385150 3.547827
v -2.860561 0.394421 3.569720
v -2.860538 0.375911 3.528183
v -0.048090 1.287260 3.546149
v -0.052045 1.289463 3.544988
v -0.050671 1.287420 3.548769
v -0.044664 1.289463 3.544403
v -0.051515 1.289463 3.544403
v -0.046355 1.291054 3.550683
v -0.050730 1.269787 3.524035
v -0.048090 1.260370 3.532476
v -2.857297 1.248450 3.553096
v -0.052743 1.281262 3.567655
v -0.053722 1.261066 3.570706
v -0.048090 1.258011 3.564190
v -2.854040 1.289463 3.544988
v -2.862214 1.296539 3.553425
v -2.854570 1.289463 3.544403
v -2.861420 1.289463 3.544403
v -2.857995 1.285881 3.548769
v -2.854040 1.289463 3.552549
v -2.854341 1.279956 3.529471
v -2.857995 1.276095 3.530729
v -2.855719 1.253339 3.532870
v -2.857995 1.251564 3.548769
v -2.864190 1.248029 3.544417
v -0.048789 1.269122 2.841110
v -0.029568 1.261892 3.548488
v -0.048090 1.242759 3.565062
v -0.047972 1.246776 3.548769
v -0.045655 1.244801 3.544988
v -0.048090 1.242126 3.548769
v -0.031745 1.276095 3.548769
v -0.069152 1.270256 3.547422
v -2.858860 1.268659 2.841109
v -2.836838 1.267148 3.548060
v -2.841650 1.276095 3.548769
v -2.996207 2.133277 1.797235
v -2.907933 0.943096 1.307374
v -2.902032 0.943092 2.325948
v -2.990622 2.095602 2.243083
v -2.996207 0.997324 1.836091
v -2.988502 2.095602 1.390243
v -3.017755 2.151856 2.241911
v -3.047981 0.992849 2.244055
v -2.987529 0.992849 2.239767
v -3.047981 2.137752 1.814519
v -3.017755 0.978746 1.816663
v -2.987529 2.137752 1.818807
v -3.047981 2.137752 1.389272
v -3.017755 0.978745 1.391416
v -2.987529 2.137752 1.393559
v -2.974805 0.962986 1.318813
v -3.151512 0.954365 2.368978
v -2.921590 0.962610 2.368978
v -2.902032 2.177799 -2.011626
v -2.907933 2.177795 -0.993052
v -2.990622 2.095602 -1.075921
v -2.996207 0.997324 -1.482913
v -2.988502 2.095602 -1.928762
v -3.047981 2.137752 -1.079238
v -2.987529 2.137752 -1.074950
v -3.017755 0.978745 -1.077094
v -3.017755 2.151855 -1.502341
v -3.047981 0.992849 -1.500197
v -2.987529 0.992849 -1.504485
v -3.017755 0.978745 -1.927589
v -2.987529 2.137751 -1.925445
v -3.047981 2.137751 -1.929733
v -2.974938 0.963002 -1.004491
v -3.151512 0.962611 -2.054656
v -2.921590 0.954366 -2.054656
v 2.868139 2.177795 -2.011631
v 2.956413 0.997324 -1.521769
v 2.862239 2.177799 -0.993057
v 2.950829 2.095602 -1.928762
v 2.948709 2.095602 -1.075921
v 3.008188 2.137751 -1.925445
v 2.977962 0.978745 -1.927589
v 2.947736 2.137751 -1.929733
v 2.977961 2.151855 -1.502341
v 3.008188 0.992849 -1.504485
v 2.947736 0.992849 -1.500197
v 2.947736 0.992849 -1.074950
v 2.977962 2.151856 -1.077094
v 3.008188 0.992849 -1.079238
v 3.111719 0.954365 -2.054656
v 2.935011 0.962986 -1.004491
v 2.881797 0.962610 -2.054656
v 2.956413 2.133277 1.836091
v 2.868139 0.943096 2.325953
v 2.862239 0.943092 1.307378
v 2.948709 2.095602 2.243083
v 2.956413 0.997324 1.797235
v 2.950829 2.095602 1.390243
v 2.977962 2.151856 1.391416
v 3.008188 0.992849 1.389272
v 2.947736 0.992849 1.393560
v 2.977961 0.978746 1.816663
v 2.947736 2.137752 1.814519
v 3.008188 2.137752 1.818807
v 2.977962 2.151856 2.241911
v 3.008188 0.992849 2.239767
v 2.947736 0.992849 2.244055
v 2.935144 0.963003 1.318813
v 2.881797 0.954366 2.368978
v 3.111719 0.962611 2.368978
v 2.900936 3.006206 2.912902
v -3.557083 2.570949 0.153380
v 2.900936 3.017676 -2.598581
v -0.037513 3.054495 -2.522923
v -2.745223 3.154357 -2.824704
v -0.037513 3.066476 -3.427378
v -2.805923 3.114657 -3.316687
v -2.812672 4.125178 -3.333400
v -2.799203 4.125236 -3.301741
v -2.129291 3.114657 -3.316687
v -2.122571 4.125236 -3.301741
v -2.136039 4.125178 -3.333400
v -1.452659 3.114657 -3.316687
v -1.459407 4.125178 -3.333401
v -1.445938 4.125236 -3.301741
v -0.776026 3.114657 -3.316687
v -0.782774 4.125178 -3.333401
v -0.769305 4.125236 -3.301741
v -0.099394 3.114657 -3.316687
v -0.092672 4.125236 -3.301741
v -0.106141 4.125178 -3.333401
v -2.818394 3.239595 -3.316480
v -0.097233 3.230357 -3.296835
v -0.097210 3.248866 -3.338373
v -2.802997 4.132121 -3.285114
v -2.801920 4.135897 -3.298522
v -2.800212 4.127769 -3.346948
v -2.802352 4.110412 -3.300544
v -2.808485 4.104700 -3.321327
v -2.806308 4.096571 -3.317422
v -2.810262 4.099246 -3.321203
v -2.817645 4.100013 -3.315059
v -2.787588 4.130700 -2.575011
v -2.802595 4.114607 -3.337561
v -0.102723 4.101971 -3.321860
v -0.103335 4.133386 -3.337259
v -0.099777 4.130539 -3.335462
v -0.096624 4.130364 -3.298959
v -0.103732 4.103334 -3.313641
v -0.099777 4.106009 -3.317422
v -0.096352 4.103334 -3.313057
v -0.103202 4.103334 -3.313057
v -2.827450 4.122114 -3.316019
v -2.810811 4.118473 -2.559776
v -2.802881 4.143908 -3.313057
v -2.806308 4.140326 -3.317422
v -2.809734 4.143908 -3.313349
v -2.806308 4.141704 -3.314802
v -0.096077 4.139458 -2.562464
v -0.117916 4.112966 -2.567970
v -0.115070 4.136830 -3.313057
v -0.119841 4.119412 -3.316468
v -0.095558 4.150578 -3.313517
v -0.103732 4.143908 -3.321203
v -0.103732 4.143908 -3.313641
v -0.098042 4.145498 -3.317422
v -0.103202 4.147995 -3.322628
v -0.096352 4.147995 -3.322628
v -0.075091 4.127404 -3.307395
v -0.083432 4.130539 -3.317422
v -0.103202 4.143909 -2.575011
v 0.078703 4.130700 -2.575011
v -2.723877 5.337282 -2.567723
v -2.723877 3.172105 -2.552826
v -0.267634 3.258303 -2.654865
v -2.825027 4.130700 -2.575011
v -0.267634 5.251082 -2.652378
v -2.637149 3.211813 -2.684737
v -2.635339 5.292771 -2.717926
v -2.638958 5.292771 -2.651548
v -1.451233 5.292771 -2.717926
v -1.453043 3.211813 -2.684736
v -1.454852 5.292771 -2.651548
v -0.267126 5.292771 -2.717926
v -0.270744 5.292771 -2.651548
v -0.268935 3.211813 -2.684737
v -2.751671 3.188663 -2.843914
v -0.203151 3.195644 -2.633698
v -2.751671 3.194452 -2.567049
v -0.135068 4.749314 -3.236500
v -0.164817 3.152721 -2.825578
v -0.139667 4.749315 -2.568594
v -1.974613 3.215627 -3.194652
v -2.745223 3.228664 -2.824738
v -1.974613 3.837408 -2.734904
v -2.021036 3.423000 -3.221529
v -2.441767 3.406110 -3.228435
v -2.152524 3.789095 -3.224964
v -2.422125 3.387069 -3.269535
v -2.422125 3.389260 -3.240847
v -2.019120 3.388165 -3.255191
v -2.422125 3.454310 -3.240847
v -2.019120 3.453215 -3.255191
v -2.422125 3.452120 -3.269535
v -2.019120 3.518265 -3.255191
v -2.422125 3.519360 -3.240847
v -2.422125 3.517170 -3.269535
v -2.422125 3.582220 -3.269535
v -2.422125 3.584411 -3.240847
v -2.019120 3.583315 -3.255191
v -2.019120 3.648366 -3.255191
v -2.422125 3.647271 -3.269535
v -2.422125 3.649461 -3.240847
v -2.422125 3.712321 -3.269535
v -2.019120 3.713416 -3.255191
v -2.422125 3.714511 -3.240847
v -2.604242 3.364795 -3.220486
v -2.646547 3.742577 -3.218889
v -2.688852 3.364795 -3.217292
v -2.701230 3.173942 -3.274683
v -2.610660 3.180046 -3.274683
v -2.655945 3.176994 -2.634761
v -2.046799 3.180046 -3.274682
v -2.092082 3.176994 -2.634762
v -2.137370 3.173942 -3.274683
v -1.930417 5.065046 -3.171569
v -0.794023 5.058948 -3.158456
v -0.794131 5.071180 -3.186268
v -1.923923 5.044915 -2.594039
v -1.920979 5.085669 -2.593996
v -1.922926 5.064410 -3.246459
v -0.793257 5.085669 -2.593996
v -0.796202 5.044915 -2.594039
v -0.795205 5.064410 -3.246459
v -0.019897 3.130414 2.850764
v -0.019897 3.136193 2.856939
v 2.849146 3.073199 3.600000
v 2.853889 3.126910 2.840496
v 2.841775 3.133304 2.855022
v -0.019897 3.133304 3.575519
v -0.019897 3.129217 3.579884
v -0.019897 3.007087 2.858217
v -0.019897 3.011174 2.853852
v -0.019897 3.007087 3.575519
v -0.019897 3.011174 3.579884
v 0.988257 5.162816 2.896583
v 1.838241 5.162816 2.904468
v 1.822446 3.152722 2.854488
v 1.619998 4.381035 2.962757
v 1.620825 4.110535 2.992250
v 1.619171 4.110534 2.933264
v 2.817819 3.124366 3.548034
v 2.811097 4.134945 3.533087
v 2.824566 4.134887 3.564749
v 2.115342 3.124366 3.548034
v 2.122090 4.134887 3.564749
v 2.108622 4.134945 3.533087
v 1.412866 3.124366 3.548034
v 1.406145 4.134945 3.533087
v 1.419613 4.134887 3.564749
v 0.710390 3.124367 3.548034
v 0.717137 4.134887 3.564749
v 0.703669 4.134945 3.533087
v 0.007913 3.124367 3.548034
v 0.014661 4.134888 3.564749
v 0.001192 4.134945 3.533087
v 2.830287 3.249305 3.547827
v 0.005730 3.258575 3.569720
v 0.005753 3.240066 3.528182
v 0.009512 4.142241 3.568109
v 0.017252 4.129874 3.521480
v 0.008296 4.140249 3.530729
v 0.008296 4.125432 3.530796
v 0.013526 4.122532 3.568640
v 0.008296 4.125432 3.566741
v 2.814246 4.111000 3.544403
v 2.831242 4.117732 3.548224
v 2.818060 4.111085 3.543520
v 2.818201 4.114812 3.550448
v 2.814246 4.113044 3.552549
v 0.004341 4.108956 3.544988
v 0.004341 4.108956 3.552549
v 0.008296 4.111000 3.547022
v 0.026681 4.119941 3.546210
v 0.008296 4.111000 3.550515
v 2.827275 4.134042 3.548395
v 2.813548 4.145417 3.567655
v 0.012251 4.153618 3.544988
v 0.004077 4.160694 3.553425
v 0.011722 4.153618 3.544403
v 0.004871 4.153618 3.544403
v 0.008296 4.150035 3.548769
v 0.012251 4.153618 3.552549
v 2.815341 4.121578 3.530154
v 2.817458 4.132342 2.841104
v 2.818201 4.151415 3.546149
v 2.814246 4.153618 3.544988
v 2.815620 4.151575 3.548769
v 2.821627 4.153618 3.544403
v 2.814776 4.153618 3.544403
v 2.819936 4.155209 3.550683
v 2.836133 4.143185 3.544871
v 2.834546 4.140249 3.548769
v 2.797199 4.133786 3.548405
v 0.007431 4.132813 2.841109
v 0.024641 4.140249 3.548769
v -0.012849 4.133439 3.548156
v -0.002280 3.054495 -3.427377
v 2.705429 3.154451 -2.824738
v -0.002280 3.066476 -2.522922
v 0.060367 3.114657 -3.316687
v 0.053619 4.125178 -3.333401
v 0.067088 4.125236 -3.301741
v 0.736999 3.114657 -3.316687
v 0.730252 4.125178 -3.333401
v 0.743721 4.125236 -3.301741
v 1.413632 3.114657 -3.316687
v 1.406884 4.125178 -3.333401
v 1.420353 4.125236 -3.301742
v 2.090265 3.114657 -3.316687
v 2.083517 4.125178 -3.333400
v 2.096986 4.125236 -3.301741
v 2.766898 3.114657 -3.316687
v 2.760149 4.125178 -3.333400
v 2.773618 4.125236 -3.301742
v 0.047898 3.239595 -3.316480
v 2.769081 3.248866 -3.338373
v 2.769058 3.230357 -3.296835
v 0.062625 4.124232 -3.292688
v 2.770469 4.099246 -3.313641
v 2.770469 4.099246 -3.321203
v 2.766514 4.101291 -3.315675
v 2.748130 4.110230 -3.314863
v 2.766514 4.101291 -3.319169
v 0.065616 4.115511 -3.339360
v 0.059984 4.112455 -3.332842
v 0.064637 4.135707 -3.336309
v 2.765299 4.132531 -3.336763
v 2.761285 4.112822 -3.337294
v 2.766514 4.115722 -3.335394
v 2.762559 4.143908 -3.313641
v 2.770733 4.150984 -3.322078
v 2.763088 4.143908 -3.313057
v 2.769939 4.143908 -3.313057
v 2.766514 4.140326 -3.317422
v 2.762559 4.143908 -3.321203
v 2.757558 4.120164 -3.290133
v 2.766514 4.130539 -3.299382
v 0.059984 4.114815 -3.301129
v 2.766514 4.115722 -3.299450
v 0.060685 4.123567 -2.557905
v 0.059984 4.097203 -3.333715
v 0.041461 4.116337 -3.317139
v 0.059875 4.101225 -3.317422
v 0.057549 4.099246 -3.313641
v 0.059984 4.096571 -3.317422
v 0.081046 4.124701 -3.316075
v 0.059984 4.141704 -3.314802
v 0.063939 4.143908 -3.313641
v 0.062565 4.141865 -3.317422
v 0.056558 4.143908 -3.313057
v 0.063409 4.143908 -3.313057
v 0.058249 4.145498 -3.319337
v 0.043639 4.130539 -3.317422
v 2.767380 4.123104 -2.557904
v 2.750169 4.130539 -3.317422
v 2.787659 4.123729 -3.316810
v 2.684083 5.337282 -2.552826
v 2.684084 3.172105 -2.567722
v -0.118496 4.130700 -2.575011
v 0.227840 5.251082 -2.654865
v 2.785233 4.130700 -2.575011
v 0.227840 3.258303 -2.652378
v 0.229142 3.211813 -2.684737
v 0.227333 5.292771 -2.651548
v 0.230951 5.292771 -2.717926
v 1.415059 5.292771 -2.717926
v 1.413250 3.211813 -2.684737
v 1.411440 5.292771 -2.651548
v 2.597355 3.211813 -2.684736
v 2.595546 5.292771 -2.651549
v 2.599165 5.292771 -2.717926
v 2.711878 3.188663 -2.567049
v 0.045461 3.191557 -2.705478
v 2.711878 3.194452 -2.843914
v 2.701474 3.152721 -2.825578
v 2.726625 4.749316 -2.568594
v 2.731223 4.749314 -3.236500
v 0.891678 3.837408 -2.734904
v 0.891678 3.215627 -3.194652
v -0.164817 3.230393 -2.825578
v 0.845255 3.423000 -3.221529
v 0.424524 3.406111 -3.228435
v 0.713767 3.789095 -3.224964
v 0.847171 3.388165 -3.255191
v 0.444167 3.387069 -3.269535
v 0.444167 3.389260 -3.240847
v 0.444167 3.452120 -3.269535
v 0.444167 3.454310 -3.240847
v 0.847171 3.453215 -3.255191
v 0.444167 3.517170 -3.269535
v 0.847171 3.518265 -3.255191
v 0.444167 3.519360 -3.240847
v 0.847171 3.583315 -3.255191
v 0.444167 3.584411 -3.240847
v 0.444167 3.582220 -3.269535
v 0.444167 3.649461 -3.240847
v 0.847171 3.648366 -3.255191
v 0.444167 3.647271 -3.269535
v 0.444167 3.712321 -3.269535
v 0.444167 3.714511 -3.240847
v 0.847171 3.713416 -3.255191
v 0.219744 3.742577 -3.218889
v 0.177439 3.364795 -3.217292
v 0.262049 3.364795 -3.220486
v 0.255632 3.180046 -3.274683
v 0.165061 3.173942 -3.274683
v 0.210347 3.176994 -2.634761
v 0.774207 3.176994 -2.634762
v 0.728921 3.173942 -3.274683
v 0.819492 3.180046 -3.274683
v 0.935874 5.065046 -3.171569
v 2.072160 5.071180 -3.186268
v 2.072268 5.058948 -3.158456
v 0.945313 5.085669 -2.593996
v 0.942368 5.044915 -2.594039
v 0.943365 5.064410 -3.246459
v 2.073034 5.085669 -2.593996
v 2.071086 5.064410 -3.246459
v 2.070089 5.044915 -2.594039
v -2.919823 3.070963 2.895340
v -1.862239 3.152722 2.946563
v -1.878034 5.162816 2.896583
v -1.028050 5.162816 2.904468
v -1.246293 4.381035 2.962757
v -1.247120 4.110534 2.933264
v -1.245466 4.110534 2.992249
v -0.048473 3.124367 3.548034
v -0.041725 4.134888 3.564749
v -0.055194 4.134945 3.533087
v -0.750949 3.124367 3.548034
v -0.757670 4.134945 3.533087
v -0.744202 4.134888 3.564749
v -1.453425 3.124367 3.548034
v -1.460146 4.134945 3.533087
v -1.446678 4.134887 3.564749
v -2.155901 3.124366 3.548034
v -2.149154 4.134887 3.564749
v -2.162623 4.134945 3.533087
v -2.865098 4.134945 3.533087
v -2.858378 3.124366 3.548034
v -2.851630 4.134887 3.564749
v -0.036003 3.249305 3.547827
v -2.860561 3.258575 3.569720
v -2.860538 3.240066 3.528182
v -0.048118 4.151646 3.533327
v -0.052477 4.145607 3.529869
v -0.052157 4.122732 3.529329
v -0.048090 4.124279 3.532475
v -0.057942 4.137454 3.578248
v -2.848662 4.130577 3.520818
v -2.857995 4.125432 3.530796
v -0.049149 4.115087 3.548769
v -0.045655 4.108956 3.544988
v -0.048090 4.106281 3.548769
v -0.046014 4.114713 3.548769
v -0.049621 4.112607 3.545590
v -2.857042 4.136417 3.570904
v -2.853320 4.120122 3.565647
v -2.861950 4.108956 3.552549
v -2.857995 4.111000 3.547022
v -2.861420 4.113044 3.544403
v -2.854570 4.113044 3.544403
v -2.855386 4.115669 3.548769
v -2.857995 4.110114 3.544949
v -0.048090 4.122166 3.564190
v -0.051515 4.153618 3.544403
v -0.048090 4.150035 3.548769
v -0.044663 4.153618 3.544696
v -0.048090 4.151415 3.546149
v -2.857995 4.140249 3.530729
v -0.066809 4.140409 2.858217
v -0.043578 4.128183 2.842978
v -0.027378 4.131870 3.548774
v -2.842701 4.120122 3.544403
v -2.873288 4.146540 3.544403
v -2.878515 4.130486 3.547403
v -2.841650 4.140249 3.548769
v -2.854570 4.153617 2.858217
v -2.861696 4.149155 2.845654
v -2.854570 4.157706 3.553974
v -2.861420 4.157706 3.553974
v -2.856260 4.155209 3.548769
v -2.854040 4.153618 3.552549
v -2.854040 4.153618 3.544988
v -2.862214 4.151036 3.544864
v -2.902032 3.807245 2.325949
v -2.907933 3.807249 1.307374
v -2.996207 4.997431 1.797234
v -2.988502 3.889445 2.243083
v -2.990622 3.889444 1.390243
v -3.017755 5.016010 2.241910
v -2.987529 3.857004 2.239767
v -3.047981 3.857004 2.244054
v -3.017755 5.016009 1.816663
v -2.987530 3.857004 1.814519
v -3.047981 3.857004 1.818807
v -3.017755 5.016010 1.391416
v -3.047981 3.857004 1.393559
v -2.987529 3.857004 1.389272
v -2.921590 3.826766 2.368978
v -2.974805 3.827142 1.318812
v -3.151512 3.818521 2.368978
v -2.902032 3.807245 -0.993057
v -2.907933 3.807249 -2.011631
v -2.996207 4.997431 -1.521769
v -2.988502 3.889445 -1.075921
v -2.990622 3.889445 -1.928762
v -3.017755 5.016010 -1.077094
v -3.047981 3.857004 -1.074950
v -2.987529 3.857004 -1.079238
v -3.047981 3.857004 -1.500197
v -2.987529 3.857003 -1.504485
v -3.017755 5.016009 -1.502341
v -2.987529 3.857003 -1.929733
v -3.047981 3.857004 -1.925445
v -3.017755 5.016010 -1.927589
v -3.151511 3.826766 -2.054657
v -2.921590 3.818521 -2.054656
v -2.974938 3.827158 -1.004491
v 2.862239 3.807245 -2.011627
v 2.868140 3.807249 -0.993052
v 2.950829 3.889445 -1.075921
v 2.956413 4.997431 -1.482913
v 2.948709 3.889445 -1.928762
v 2.977962 5.016010 -1.927589
v 3.008188 3.857004 -1.929733
v 2.947736 3.857003 -1.925445
v 2.977961 5.016009 -1.502341
v 2.947736 3.857004 -1.500197
v 3.008188 3.857003 -1.504485
v 2.977962 5.016010 -1.077094
v 3.008188 3.857004 -1.079238
v 2.947736 3.857004 -1.074950
v 3.111719 3.818520 -2.054657
v 2.935011 3.827142 -1.004491
v 2.881797 3.826765 -2.054656
v 2.862239 3.807245 1.307378
v 2.868140 3.807250 2.325953
v 2.956413 4.997431 1.836091
v 2.950829 3.889445 2.243083
v 2.948709 3.889445 1.390243
v 2.977962 5.016010 1.391416
v 2.947736 3.857004 1.393559
v 3.008188 3.857004 1.389272
v 3.008188 3.857004 1.814519
v 2.947736 3.857004 1.818807
v 2.977962 5.016009 1.816662
v 3.008188 3.857004 2.239767
v 2.977962 5.016010 2.241910
v 2.947736 3.857004 2.244054
v 2.935144 3.827158 1.318812
v 3.111718 3.826767 2.368978
v 2.881797 3.818521 2.368978
v -3.558032 0.293496 -1.239072
v -2.890455 0.295242 -1.139325
v -3.558032 0.296988 -1.039578
v -2.942574 0.510851 -1.063404
v -3.558032 0.475997 -0.877518
v -3.558032 0.472505 -1.077011
v -3.558032 0.655007 -0.715457
v -3.558032 0.651515 -0.914950
v -2.942574 0.616661 -0.729064
v -2.942574 0.868871 -0.739282
v -3.558032 0.830525 -0.752890
v -3.558032 0.834017 -0.553396
v -3.558032 1.009536 -0.590829
v -2.929516 0.940729 -0.494863
v -3.558032 1.013027 -0.391335
v -3.558032 1.188544 -0.428768
v -2.942574 1.226890 -0.415161
v -3.558032 1.192037 -0.229274
v -3.558032 1.367553 -0.266707
v -3.558032 1.371045 -0.067214
v -2.942574 1.405900 -0.253100
v -3.558032 1.546564 -0.104645
v -2.942574 1.584909 -0.091039
v -3.558032 1.550056 0.094847
v -3.558032 1.725573 0.057414
v -2.929516 1.656768 0.160941
v -3.558032 1.729065 0.256907
v -3.558031 1.904586 0.219474
v -2.942574 1.942929 0.233082
v -3.558032 1.908076 0.418969
v -3.558027 2.087079 0.581036
v -3.558031 2.083591 0.381533
v -2.942574 2.121938 0.395143
v -2.942574 2.300948 0.557204
v -3.558033 2.262603 0.543599
v -3.558032 2.266096 0.743089
v -3.558032 2.441611 0.705658
v -3.558033 2.445104 0.905148
v -2.929516 2.372807 0.809184
v -3.558031 2.624115 1.067214
v -3.558027 2.620627 0.867711
v -2.942574 2.585768 1.053604
v -2.942574 2.837977 1.043386
v -3.558030 2.803122 1.229275
v -3.558030 2.799633 1.029776
v -3.558027 2.982127 1.391340
v -3.558031 2.978640 1.191837
v -2.942574 3.016987 1.205447
v -3.543144 0.202976 -1.153457
v -3.527877 3.067709 1.484252
v -3.558742 3.110891 1.430571
v -3.543543 1.134251 -1.146196
v -3.551698 4.020282 1.440762
v -3.535581 3.997543 1.469322
v -3.543686 0.213000 -1.138675
v -3.537829 1.144177 -1.125593
v -3.549571 1.144079 -1.153337
v -3.543686 0.929039 -0.490431
v -3.537829 1.860216 -0.477350
v -3.549571 1.860117 -0.505094
v -3.543686 1.645078 0.157812
v -3.549571 2.576156 0.143149
v -3.537829 2.576255 0.170893
v -3.543686 2.361116 0.806055
v -3.549571 3.292195 0.791393
v -3.537829 3.292293 0.819136
v -3.543686 3.077155 1.454298
v -3.549571 4.008234 1.439636
v -3.537829 4.008332 1.467379
v -2.941692 0.202975 -1.153457
v -2.926426 3.067710 1.484253
v -2.957290 3.110892 1.430572
v -2.942091 1.134251 -1.146196
v -2.934129 3.997542 1.469322
v -2.950248 4.020282 1.440762
v -2.942235 0.213000 -1.138675
v -2.948120 1.144079 -1.153337
v -2.936378 1.144177 -1.125593
v -2.942235 0.929039 -0.490432
v -2.936378 1.860216 -0.477350
v -2.948120 1.860117 -0.505094
v -2.942235 1.645077 0.157811
v -2.948120 2.576156 0.143149
v -2.936378 2.576254 0.170893
v -2.942235 2.361116 0.806054
v -2.948120 3.292195 0.791393
v -2.936378 3.292293 0.819136
v -2.942235 3.077154 1.454297
v -2.948120 4.008234 1.439635
v -2.936378 4.008332 1.467379
v -0.936170 6.011820 0.445880
v -1.649230 6.167319 0.437202
v -0.936170 6.633600 0.905630
v -0.982593 6.219192 0.419004
v -1.403325 6.202302 0.412098
v -1.114081 6.585287 0.415569
v -1.383681 6.183261 0.370998
v -1.383681 6.185452 0.399686
v -0.980676 6.184356 0.385342
v -1.383682 6.250502 0.399686
v -0.980676 6.249407 0.385342
v -1.383682 6.248312 0.370998
v -0.980676 6.314457 0.385342
v -1.383682 6.313362 0.370998
v -1.383682 6.315553 0.399686
v -0.980677 6.379508 0.385342
v -1.383681 6.380602 0.399686
v -1.383681 6.378412 0.370998
v -1.383682 6.445653 0.399686
v -1.383681 6.443462 0.370998
v -0.980676 6.444558 0.385342
v -1.383681 6.508513 0.370998
v -0.980677 6.509608 0.385342
v -1.383681 6.510704 0.399686
v -1.650409 6.513559 0.420046
v -1.608104 6.135777 0.421644
v -1.565799 6.513560 0.423241
v -1.662787 5.970129 0.365851
v -1.617502 5.973183 1.005770
v -1.572216 5.976233 0.365851
v -1.098926 5.970129 0.365852
v -1.008356 5.976233 0.365851
v -1.053642 5.973183 1.005770
v -0.419298 6.633600 0.445880
v 0.345091 6.334549 0.426830
v -0.419298 6.011820 0.905630
v 0.333082 6.219192 0.419004
v 0.201594 6.585287 0.415569
v -0.087650 6.202302 0.412098
v -0.068007 6.185452 0.399686
v 0.334998 6.184356 0.385342
v -0.068007 6.183261 0.370998
v -0.068007 6.250502 0.399686
v -0.068007 6.248312 0.370998
v 0.334998 6.249407 0.385342
v -0.068007 6.315553 0.399686
v -0.068007 6.313362 0.370998
v 0.334998 6.314457 0.385342
v -0.068007 6.380602 0.399686
v -0.068007 6.378412 0.370998
v 0.334998 6.379508 0.385342
v -0.068007 6.445653 0.399686
v -0.068007 6.443462 0.370998
v 0.334998 6.444558 0.385342
v -0.068007 6.508513 0.370998
v -0.068007 6.510704 0.399686
v 0.334998 6.509608 0.385342
v -0.334734 6.513560 0.420046
v -0.292429 6.135777 0.421644
v -0.250125 6.513560 0.423241
v -0.301827 5.973183 1.005770
v -0.347112 5.970129 0.365851
v -0.256542 5.976233 0.365851
v 0.307319 5.976233 0.365851
v 0.216748 5.970129 0.365851
v 0.262034 5.973183 1.005770
v 1.660766 6.334549 0.426830
v 0.896377 6.011820 0.905630
v 0.896377 6.633600 0.445880
v 1.228024 6.202302 0.412098
v 1.517269 6.585287 0.415569
v 1.648756 6.219192 0.419004
v 1.644614 6.185452 0.370998
v 1.644614 6.183261 0.399686
v 1.241609 6.184356 0.385342
v 1.644614 6.250502 0.370998
v 1.644614 6.248312 0.399686
v 1.241609 6.249407 0.385342
v 1.650673 6.314457 0.385342
v 1.247668 6.313362 0.370998
v 1.247668 6.315553 0.399686
v 1.644614 6.380602 0.370998
v 1.241609 6.379508 0.385342
v 1.644614 6.378412 0.399686
v 1.650673 6.444558 0.385342
v 1.247668 6.445653 0.399686
v 1.247668 6.443462 0.370998
v 1.241609 6.509608 0.385342
v 1.644614 6.510704 0.370998
v 1.644614 6.508513 0.399686
v 0.980941 6.513559 0.420046
v 1.065550 6.513559 0.423241
v 1.023246 6.135777 0.421644
v 1.059133 5.976233 0.365852
v 0.968562 5.970129 0.365851
v 1.013848 5.973183 1.005770
v 1.622993 5.976233 0.365851
v 1.532423 5.970129 0.365851
v 1.577709 5.973183 1.005770
v -2.741965 0.018944 2.951009
v -2.741405 5.574071 2.904523
v -2.745691 5.563236 2.996709
v 2.708685 0.018943 2.951008
v 2.709247 5.574072 2.904522
v 2.704960 5.563236 2.996709
v -0.411460 2.117692 2.931607
v -0.019897 0.142932 2.858218
v 0.371667 2.117692 2.942048
v 0.572182 1.676954 2.851285
v 0.891653 1.191504 2.851285
v 0.891653 1.676954 3.022369
vn 0.4937 -0.0881 -0.8652
vn 0.4938 -0.0881 -0.8651
vn 0.4936 -0.0880 -0.8652
vn -0.6920 0.7204 0.0476
vn 0.0001 -0.7302 0.6833
vn -0.0000 -0.7300 0.6834
vn 0.0004 -0.7299 0.6836
vn 0.7411 -0.0001 -0.6714
vn -0.5194 -0.4454 0.7293
vn -0.4328 -0.6927 0.5769
vn -0.3549 -0.4044 0.8430
vn 0.7126 -0.6898 0.1278
vn -0.0000 -0.7300 -0.6835
vn 0.7126 0.6897 -0.1281
vn -0.7126 -0.6898 -0.1278
vn 0.9122 -0.4097 -0.0000
vn 0.7185 -0.6955 -0.0000
vn 0.9998 -0.0211 -0.0000
vn 0.7408 -0.0000 0.6718
vn 0.7185 0.6955 -0.0000
vn 0.4591 0.8884 -0.0000
vn -0.0000 0.6210 -0.7838
vn 0.8421 -0.4578 -0.2850
vn 0.4279 -0.8561 -0.2899
vn 0.4278 -0.8561 -0.2898
vn 0.2689 0.9632 -0.0000
vn -0.4275 -0.8562 0.2901
vn -0.0000 0.6212 0.7837
vn -0.8421 -0.4579 0.2850
vn -0.4280 -0.8560 0.2899
vn -0.2691 0.9631 -0.0000
vn -0.3283 0.8848 -0.3306
vn -0.4590 0.8884 -0.0000
vn -0.0000 0.6211 0.7838
vn 0.4593 0.8883 -0.0000
vn 0.8422 -0.4578 -0.2850
vn -0.0000 0.6209 -0.7839
vn 0.9653 0.1162 -0.2338
vn -0.7154 0.6427 -0.2740
vn 0.4530 -0.8600 -0.2349
vn -0.0000 -0.9016 0.4325
vn 0.0003 -0.7300 0.6834
vn -0.5342 -0.4837 0.6933
vn -0.8246 -0.0934 0.5580
vn -0.8674 0.0165 0.4974
vn -0.7170 -0.4484 -0.5337
vn 0.1473 -0.2487 -0.9573
vn -0.0002 -0.5250 0.8511
vn -0.9426 -0.2760 0.1882
vn -0.5179 0.8554 -0.0101
vn 0.4930 0.5523 0.6722
vn -0.4553 0.5830 0.6729
vn 0.9844 -0.0246 0.1742
vn 0.0014 -0.9699 0.2434
vn -0.0000 -0.6630 -0.7487
vn 0.0001 1.0000 -0.0000
vn -0.0000 0.7549 -0.6559
vn -0.0000 1.0000 -0.0000
vn -0.9578 -0.2262 0.1771
vn 0.4771 -0.6567 -0.5841
vn 0.1425 0.5906 0.7943
vn 0.5469 0.2377 0.8027
vn 0.7202 -0.0032 0.6938
vn -0.4306 0.6279 -0.6483
vn 0.0262 0.7298 0.6832
vn -0.6870 0.6154 0.3864
vn -0.6871 0.6153 0.3865
vn -0.6870 0.6153 0.3865
vn 0.7169 -0.4485 0.5337
vn 0.6683 -0.7424 -0.0474
vn 0.6684 -0.7423 -0.0475
vn 0.5630 0.2763 0.7789
vn -0.7169 -0.4485 -0.5338
vn -0.6689 -0.7420 0.0446
vn -0.6322 0.3928 0.6678
vn -0.8136 0.4642 -0.3500
vn -0.2325 -0.0517 -0.9712
vn -0.1733 0.7190 0.6730
vn -0.0244 0.7298 -0.6832
vn 0.9465 -0.3043 -0.1075
vn 0.3906 0.0780 -0.9172
vn 0.9753 0.1464 0.1652
vn 0.9826 0.1485 0.1118
vn 0.2325 -0.0517 0.9712
vn 0.1180 -0.6898 0.7143
vn -0.4163 -0.3698 0.8306
vn 0.6873 0.6152 -0.3862
vn -0.5717 0.3057 -0.7614
vn -0.0003 0.9152 -0.4031
vn 0.7606 0.3245 -0.5623
vn 0.6533 0.2512 -0.7142
vn 0.5268 0.1697 -0.8329
vn -0.4768 -0.6568 0.5842
vn -0.1422 0.5870 -0.7970
vn -0.5448 0.2416 -0.8030
vn -0.7202 -0.0032 -0.6938
vn 0.4306 0.6278 0.6484
vn -0.9465 -0.3043 0.1075
vn 0.4769 -0.6567 -0.5842
vn 0.1426 0.5906 0.7943
vn 0.5469 0.2378 0.8027
vn 0.7202 -0.0032 0.6937
vn -0.3908 0.0782 0.9172
vn -0.9753 0.1463 -0.1653
vn -0.9826 0.1485 -0.1118
vn 0.6000 0.0257 -0.7996
vn 0.6044 0.0270 -0.7962
vn 0.6051 0.0272 -0.7956
vn 0.8828 -0.3272 0.3370
vn 0.5874 -0.7617 -0.2734
vn 0.5161 -0.6693 -0.5345
vn 0.5400 -0.7005 0.4666
vn 0.2018 0.1973 -0.9594
vn 0.8758 0.4609 0.1430
vn 0.5658 -0.3431 0.7498
vn 0.6235 0.0315 -0.7812
vn 0.9953 0.0002 -0.0966
vn 0.7184 0.6957 -0.0000
vn 0.1222 -0.0019 -0.9925
vn 0.0401 0.4257 -0.9040
vn 0.3650 -0.0493 -0.9297
vn 0.4770 -0.6567 0.5841
vn -0.0013 0.8800 -0.4749
vn 0.0471 0.0061 0.9989
vn 0.9103 -0.2805 0.3044
vn -0.5599 -0.6108 0.5598
vn 0.5344 -0.4837 -0.6932
vn 0.3553 -0.6227 -0.6971
vn 0.8245 -0.0935 -0.5581
vn 0.1063 0.8486 -0.5183
vn 0.4515 0.8919 -0.0273
vn 0.4365 0.1628 -0.8849
vn -0.3555 -0.6226 0.6971
vn -0.1090 0.8499 0.5156
vn -0.4526 0.8914 0.0254
vn -0.4401 0.1666 0.8824
vn 0.0013 0.8799 0.4751
vn -0.7762 -0.3804 0.5028
vn 0.0034 0.7323 0.6810
vn 0.0051 0.3087 0.9512
vn 0.0038 -0.5793 0.8151
vn -0.5329 0.8345 -0.1399
vn -0.4598 0.8879 0.0118
vn -0.9885 0.0165 -0.1501
vn -0.1172 0.0021 0.9931
vn -0.0364 0.4241 0.9049
vn -0.3650 -0.0493 0.9297
vn -0.4768 -0.6568 -0.5842
vn 0.0013 0.8800 0.4750
vn -0.0474 0.0060 -0.9989
vn -0.9099 -0.2798 -0.3062
vn 0.5588 -0.6101 -0.5617
vn 0.4769 -0.6568 0.5841
vn -0.0014 0.8798 -0.4753
vn 0.0477 0.0058 0.9988
vn -0.5599 -0.6109 0.5598
vn 0.6032 -0.6518 -0.4596
vn -0.6708 0.3064 -0.6754
vn -0.1971 0.9701 0.1419
vn -0.8620 0.2910 0.4150
vn 0.3436 -0.0804 -0.9357
vn 0.0008 0.0004 1.0000
vn -0.0000 -0.6629 0.7487
vn -0.0207 0.5265 -0.8499
vn 0.0244 0.4424 -0.8965
vn 0.0207 -0.5259 -0.8503
vn -0.1051 0.7108 0.6955
vn -0.4896 -0.5598 0.6686
vn 0.3124 -0.6487 0.6940
vn -0.9588 0.0398 0.2814
vn -0.6445 -0.1126 -0.7562
vn -0.3688 -0.0652 -0.9272
vn -0.9508 -0.1682 -0.2603
vn 0.0110 0.7299 -0.6834
vn -0.1798 -0.4404 0.8796
vn -0.8542 -0.4801 0.1995
vn -0.1022 -0.4362 0.8940
vn -0.8765 -0.3577 -0.3221
vn -0.9946 -0.0904 0.0506
vn -0.7567 -0.4544 -0.4701
vn -0.0681 -0.5094 0.8578
vn -0.7490 -0.0800 0.6578
vn -0.4196 -0.5893 0.6904
vn 0.9046 -0.3325 0.2666
vn 0.7472 -0.5203 0.4135
vn -0.0248 -0.7298 -0.6832
vn -0.7355 0.5840 -0.3435
vn 0.7382 -0.4166 -0.5305
vn 0.0086 -0.6661 -0.7458
vn 0.9488 0.1017 -0.2991
vn -0.0183 0.0408 0.9990
vn 0.1798 -0.4404 -0.8796
vn 0.8542 -0.4801 -0.1995
vn 0.1022 -0.4362 -0.8940
vn 0.8766 -0.3576 0.3221
vn 0.9946 -0.0904 -0.0506
vn 0.7567 -0.4543 0.4701
vn 0.0798 -0.4923 -0.8668
vn 0.7490 -0.0799 -0.6578
vn 0.4196 -0.5893 -0.6904
vn 0.1051 0.7108 -0.6955
vn 0.8798 -0.2701 -0.3910
vn 0.6267 -0.1076 0.7718
vn 0.3706 -0.0746 0.9258
vn 0.9498 -0.1461 0.2767
vn -0.0982 -0.2189 0.9708
vn -0.0630 -0.1458 0.9873
vn -0.1571 -0.3436 0.9259
vn -0.1050 0.7108 0.6955
vn -0.7383 -0.4166 0.5304
vn -0.0084 -0.6661 0.7458
vn -0.9487 0.1018 0.2993
vn 0.0182 0.0409 -0.9990
vn -0.4768 -0.6568 -0.5841
vn -0.6513 -0.6920 0.3115
vn -0.9633 -0.2682 -0.0144
vn -0.4548 -0.8815 0.1266
vn -0.9952 -0.0975 0.0015
vn -0.7988 0.6017 -0.0020
vn -0.4826 0.8758 -0.0034
vn -1.0000 0.0063 -0.0004
vn -0.9021 0.4315 -0.0000
vn -0.7187 0.6954 -0.0000
vn -0.7604 0.6492 0.0179
vn -0.0015 -1.0000 -0.0000
vn 0.6499 0.6665 -0.3652
vn -0.1932 0.7660 -0.6131
vn -0.0012 -0.9922 -0.1250
vn -0.6700 0.6545 0.3502
vn 0.0011 -0.9921 0.1253
vn 0.4163 -0.3701 -0.8305
vn 0.7493 0.0474 -0.6605
vn 0.7648 0.0514 -0.6422
vn -0.0046 -0.8878 0.4602
vn -0.6543 0.6591 0.3706
vn 0.1933 0.7660 0.6131
vn 0.6700 0.6545 -0.3502
vn 0.0492 -0.9963 -0.0702
vn 0.4735 -0.8788 -0.0592
vn 0.5242 0.8493 0.0633
vn -0.6559 0.6565 0.3725
vn -0.0000 -0.8859 -0.4638
vn 0.6543 0.6591 -0.3707
vn -0.2058 0.6850 -0.6988
vn -0.7597 0.6249 0.1799
vn -0.0006 -0.1829 -0.9831
vn 0.0007 -0.3162 -0.9487
vn -0.0000 -0.7300 -0.6834
vn -0.7780 -0.6283 -0.0000
vn -0.0283 -0.9996 -0.0000
vn -0.0518 -0.7945 -0.6051
vn -0.4574 0.1562 0.8754
vn -0.6401 0.1590 0.7516
vn -0.4112 -0.0732 -0.9086
vn 0.0492 0.9963 0.0702
vn 0.4732 0.8790 0.0592
vn 0.5246 -0.8490 -0.0633
vn 0.8524 0.4618 -0.2452
vn 0.4550 -0.6770 -0.5785
vn -0.1953 -0.2840 -0.9387
vn 0.1652 -0.1941 0.9670
vn 0.2586 -0.7200 0.6440
vn -0.1182 -0.6897 -0.7144
vn 0.6322 0.3929 -0.6679
vn 0.8136 0.4643 0.3500
vn -0.8523 0.4618 0.2456
vn -0.4550 -0.6787 0.5765
vn 0.1946 -0.2875 0.9378
vn -0.1068 -0.0894 -0.9903
vn -0.2695 -0.7123 -0.6480
vn 0.0110 -0.7300 0.6834
vn 0.0431 -0.3912 0.9193
vn 0.1304 0.1126 0.9850
vn 0.5163 -0.1538 0.8425
vn 0.4575 0.1563 -0.8754
vn 0.6402 0.1590 -0.7516
vn 0.4112 -0.0732 0.9086
vn -0.8828 -0.3271 -0.3370
vn -0.4575 0.1562 0.8754
vn -0.6402 0.1590 0.7516
vn 0.0104 0.7188 -0.6951
vn -0.6398 0.1529 -0.7532
vn -0.7295 -0.0031 -0.6839
vn 0.6097 -0.7911 -0.0487
vn 0.9501 -0.3106 -0.0289
vn 0.5138 -0.8562 -0.0532
vn 0.3649 -0.4756 0.8004
vn 0.2842 -0.4766 -0.8319
vn 0.0057 1.0000 0.0037
vn 0.0859 0.2582 0.9623
vn -0.0000 0.9014 0.4330
vn -0.0059 1.0000 -0.0038
vn -0.0871 0.2589 -0.9620
vn -0.0000 0.9014 -0.4330
vn -0.0858 0.2582 -0.9623
vn 0.5179 0.8554 0.0094
vn 0.0016 0.1578 0.9875
vn -0.0000 0.9009 0.4340
vn 0.9224 -0.3863 -0.0000
vn 0.7780 -0.6283 -0.0000
vn -0.0244 -0.4420 -0.8967
vn -0.7155 -0.0000 0.6986
vn -0.6770 0.0052 0.7359
vn -0.1113 0.0826 0.9904
vn -0.0000 -0.0000 -0.0000
vn -1.0000 -0.0000 -0.0000
vn -0.0046 0.6787 -0.7344
vn -0.0000 0.7044 -0.7098
vn -0.9953 -0.0968 0.0020
vn -0.0016 0.6937 0.7202
vn 0.0279 -0.9996 -0.0008
vn -0.0000 -1.0000 -0.0000
vn -0.0000 -0.0000 -1.0000
vn 0.0001 0.7142 0.6999
vn 0.0002 0.0010 1.0000
vn 0.6957 0.7183 -0.0000
vn 0.7236 0.6902 0.0007
vn 1.0000 0.0061 0.0001
vn -0.0000 0.0112 0.9999
vn 0.8510 0.5252 -0.0003
vn 0.9998 0.0215 0.0010
vn 0.9998 0.0207 0.0004
vn -0.3693 0.9293 -0.0007
vn -0.0113 0.0047 0.9999
vn -0.0000 -0.0000 1.0000
vn 0.0335 0.9994 0.0009
vn 0.0009 1.0000 -0.0000
vn -0.8986 0.4387 -0.0000
vn -0.9998 0.0205 -0.0000
vn -0.9999 -0.0115 0.0007
vn -0.9999 -0.0113 0.0007
vn -0.7363 -0.0101 0.6765
vn 0.6774 0.0169 -0.7354
vn -0.8169 -0.2474 0.5211
vn 0.9999 -0.0115 -0.0000
vn 0.3148 -0.0000 0.9491
vn 1.0000 -0.0032 -0.0002
vn 1.0000 -0.0000 -0.0000
vn 1.0000 -0.0084 -0.0005
vn -0.0069 1.0000 -0.0000
vn -0.0143 0.9999 0.0011
vn -0.0144 0.9999 -0.0002
vn -0.0068 1.0000 -0.0000
vn -1.0000 0.0039 -0.0003
vn 0.0001 0.0026 -1.0000
vn -0.0000 0.0026 -1.0000
vn 0.0004 -0.0072 1.0000
vn 0.0003 -0.0037 1.0000
vn 0.0028 0.9612 0.2760
vn 0.4769 -0.0603 0.8769
vn -0.0045 1.0000 0.0010
vn 0.0254 0.3125 0.9496
vn 0.6173 -0.5648 -0.5476
vn 0.0067 -0.9998 0.0165
vn 0.3915 0.0017 0.9202
vn 0.0067 0.9999 0.0148
vn -0.9360 -0.3509 0.0261
vn -0.9933 0.1108 -0.0328
vn -0.9587 0.2838 -0.0211
vn 0.0008 0.0101 0.9999
vn -0.0018 -0.8289 0.5594
vn -0.0015 -0.1602 0.9871
vn 0.0009 -0.7016 0.7126
vn -0.8745 0.3641 0.3203
vn -0.0010 -0.7816 -0.6238
vn -0.0006 -0.3934 -0.9194
vn -0.0000 0.1119 -0.9937
vn -0.4588 -0.8885 -0.0000
vn 0.9990 0.0442 0.0095
vn 0.9946 0.0775 0.0689
vn 0.9994 0.0176 -0.0288
vn -0.2700 -0.0936 -0.9583
vn 0.0015 -0.0040 1.0000
vn -0.0062 -0.0447 -0.9990
vn 0.2779 0.3220 -0.9050
vn 0.0571 0.0347 -0.9978
vn 0.7814 0.5486 0.2976
vn 0.0001 -0.8673 -0.4978
vn 0.0002 0.7169 0.6972
vn -0.0000 0.7036 0.7106
vn 0.0008 0.8073 -0.5901
vn -0.0010 0.9403 -0.3403
vn -0.5367 0.6001 0.5931
vn 0.0469 -0.0635 -0.9969
vn 0.7714 -0.5125 0.3772
vn 0.9997 -0.0007 0.0258
vn 0.4217 0.9063 0.0270
vn -0.3090 0.9506 0.0290
vn -0.9446 0.3269 0.0288
vn -0.6471 -0.7619 0.0271
vn 0.7599 -0.6498 0.0176
vn -0.5507 0.8343 0.0261
vn 0.4293 0.9028 0.0263
vn -0.0056 -0.0069 -1.0000
vn 0.0796 0.9968 -0.0000
vn 0.1017 0.9948 -0.0000
vn 0.0949 0.9955 -0.0000
vn -0.0000 -0.9993 0.0384
vn -0.0000 -0.9991 0.0416
vn -0.0000 -0.9994 0.0333
vn 0.2425 -0.9701 -0.0000
vn 0.3162 -0.9487 -0.0000
vn -0.3796 -0.0000 -0.9252
vn -0.5267 -0.0000 -0.8501
vn -0.5267 -0.0000 -0.8500
vn -0.0000 -0.2032 -0.9791
vn -0.0000 -0.2038 -0.9790
vn -0.0000 -0.2085 -0.9780
vn -0.0010 -1.0000 0.0040
vn 0.0030 -0.9999 -0.0122
vn 0.0162 -0.9978 -0.0645
vn -0.0221 -0.9997 -0.0040
vn -0.0056 -0.0247 0.9997
vn 0.0202 -0.9966 -0.0802
vn -0.0070 -0.0000 -1.0000
vn 0.0411 0.9967 0.0702
vn 0.0230 0.9997 -0.0000
vn -0.0143 -0.0000 -0.9999
vn -0.0215 0.9998 -0.0000
vn -0.0312 -0.9995 -0.0000
vn -0.0318 -0.9995 -0.0000
vn 0.0067 0.9998 0.0165
vn -0.3914 0.0017 -0.9202
vn -0.0067 0.9999 -0.0148
vn 0.3914 -0.0017 0.9202
vn 0.0066 -0.9999 0.0148
vn -0.0067 -0.9998 -0.0165
vn -0.0066 0.9999 -0.0148
vn 0.9946 0.0172 0.1026
vn 0.9861 0.1663 0.0008
vn 0.9665 0.2453 0.0761
vn -0.0011 0.1103 -0.9939
vn -0.0085 0.1318 -0.9912
vn -0.0019 0.8730 -0.4878
vn 0.5066 -0.5020 0.7010
vn -0.0022 0.2548 0.9670
vn 0.9912 -0.0023 0.1325
vn 0.0029 0.9582 0.2860
vn -0.0049 -0.4815 -0.8764
vn -0.5639 0.1598 0.8102
vn -0.7459 -0.6652 -0.0341
vn -0.9855 0.1677 -0.0269
vn 0.9549 -0.2970 0.0003
vn 0.3761 -0.9266 -0.0049
vn 0.5287 0.6778 0.5111
vn 0.5287 0.6777 0.5111
vn -0.8554 -0.5068 0.1067
vn -0.9545 0.1121 -0.2765
vn -0.0000 0.1230 -0.9924
vn -0.7340 0.1422 -0.6641
vn 0.0005 -0.7887 -0.6148
vn -0.0024 -0.5606 -0.8281
vn -0.0030 -0.4422 0.8969
vn 0.9900 0.0939 0.1051
vn -0.0001 0.7351 -0.6780
vn -0.0276 0.7621 0.6469
vn 0.0209 -0.0527 0.9984
vn -0.9618 -0.2722 0.0299
vn -0.9046 -0.4251 0.0309
vn -0.9476 -0.3181 0.0296
vn 0.7838 0.6206 -0.0217
vn 0.4456 0.8947 -0.0317
vn 0.5223 0.8524 -0.0265
vn -0.5896 0.8077 -0.0038
vn 0.7840 0.6206 -0.0181
vn -0.3915 -0.0017 -0.9202
vn 0.0022 0.1109 0.9938
vn 0.0015 -0.6899 0.7239
vn 0.0067 0.0101 0.9999
vn 0.0027 -0.5600 0.8285
vn -0.5069 -0.5022 -0.7005
vn 0.0094 0.0080 -0.9999
vn -0.9946 0.0172 -0.1026
vn -0.9912 -0.0023 -0.1325
vn -0.9900 0.0939 -0.1052
vn -0.9664 0.2453 -0.0763
vn 0.0026 0.6994 -0.7148
vn 0.9519 -0.3040 0.0390
vn 0.9442 -0.3248 0.0550
vn 0.9835 -0.0000 -0.1808
vn -0.4457 0.8947 0.0296
vn -0.7833 0.6214 0.0202
vn -0.9861 0.1664 -0.0008
vn 0.0276 0.7620 -0.6470
vn 0.0031 0.8727 0.4882
vn 0.0001 0.7022 0.7119
vn 0.9619 -0.2721 -0.0278
vn 0.9044 -0.4257 -0.0288
vn 0.9476 -0.3182 -0.0275
vn -0.0209 -0.0526 -0.9984
vn 0.0069 -0.0011 1.0000
vn 0.4237 -0.9054 0.0277
vn 0.6779 0.7348 0.0225
vn -0.4512 0.8920 0.0271
vn -0.9882 -0.1503 0.0290
vn -0.0005 -0.7887 0.6148
vn 0.0143 0.9999 -0.0000
vn 0.0085 1.0000 -0.0000
vn -0.0516 0.9987 -0.0000
vn -0.0404 0.9992 -0.0000
vn -0.0262 0.5439 0.8388
vn -0.0000 -0.9864 0.1644
vn -0.0000 -0.9701 0.2425
vn -0.0000 -0.9487 0.3162
vn 0.2425 0.9701 -0.0000
vn 0.3511 0.9363 -0.0000
vn 0.0009 0.9403 0.3403
vn 0.0013 0.7296 -0.6839
vn -0.0014 0.4206 -0.9073
vn -0.0000 0.8527 -0.5224
vn 0.5368 0.6002 -0.5930
vn -0.0484 -0.1027 0.9935
vn 0.8923 0.3472 -0.2886
vn 0.0018 0.0016 -1.0000
vn -0.0025 0.0027 -1.0000
vn -0.9986 -0.0439 -0.0287
vn -0.4158 0.9090 -0.0279
vn 0.9157 0.3809 0.1280
vn 0.5283 0.8486 -0.0276
vn 0.9579 -0.2855 -0.0289
vn 0.7307 0.6808 0.0507
vn 0.0014 -0.6424 -0.7664
vn -0.0024 -0.1306 -0.9914
vn 0.0004 -0.8451 0.5346
vn -0.0036 -0.4495 0.8933
vn -0.0053 0.0082 1.0000
vn -0.0069 0.1484 0.9889
vn -0.0054 0.0138 0.9999
vn -0.9783 -0.2038 -0.0381
vn -0.9865 -0.1569 0.0460
vn -0.9873 -0.0000 0.1590
vn -0.0077 0.0030 -1.0000
vn 0.4511 0.8920 -0.0291
vn 0.9882 -0.1502 -0.0311
vn -0.4233 -0.9055 -0.0298
vn -0.6775 0.7351 -0.0242
vn -0.7270 -0.0918 -0.6804
vn -0.7492 0.0474 0.6606
vn -0.9634 -0.1442 -0.2261
vn -0.9764 -0.2158 -0.0057
vn -0.9970 0.0770 -0.0058
vn -0.9981 0.0624 -0.0000
vn -0.9923 0.1240 -0.0000
vn 1.0000 0.0060 0.0025
vn 0.9265 -0.0000 -0.3764
vn 0.8944 -0.0000 -0.4472
vn 0.8000 -0.0000 -0.6000
vn 0.0066 0.9999 0.0148
vn -0.0067 0.9998 -0.0165
vn 0.0019 0.9228 0.3852
vn 0.0020 0.8826 0.4701
vn -0.5065 -0.5020 -0.7011
vn 0.0023 0.2549 -0.9670
vn -0.9989 0.0474 -0.0050
vn -0.9933 0.0125 0.1148
vn -0.9990 -0.0066 -0.0445
vn -0.0030 0.9582 -0.2860
vn -0.0000 -0.8782 0.4783
vn -0.0000 -0.8797 0.4755
vn 0.0030 -0.4802 0.8772
vn -0.9884 0.1416 -0.0545
vn 0.0030 -0.4779 0.8784
vn 0.0025 -0.5603 0.8283
vn 0.9044 -0.4258 -0.0288
vn -0.7833 0.6213 0.0202
vn 0.0031 -0.4423 -0.8969
vn 0.8554 -0.5068 -0.1067
vn -0.5289 0.6776 -0.5110
vn 0.0001 0.7350 0.6780
vn 0.5639 0.1598 -0.8102
vn 0.7461 -0.6650 0.0317
vn 0.9854 0.1683 0.0250
vn -0.9628 -0.2702 0.0001
vn -0.3862 -0.9224 0.0043
vn 0.0275 0.7620 -0.6470
vn -0.5216 0.8529 0.0247
vn -0.7737 0.6333 0.0173
vn 0.5897 0.8076 0.0035
vn 0.0805 -0.9968 -0.0000
vn 0.0959 -0.9954 -0.0000
vn 0.9999 -0.0000 0.0148
vn 0.9846 0.1741 0.0176
vn 0.9736 0.2274 0.0173
vn -0.0010 1.0000 -0.0040
vn 0.0030 0.9999 0.0122
vn 0.0162 0.9978 0.0645
vn -0.0221 0.3890 -0.9210
vn -0.0148 -0.0259 -0.9996
vn -0.0159 0.0246 -0.9996
vn -0.0056 0.0247 -0.9997
vn -0.0224 0.9997 0.0040
vn 0.0411 -0.9967 -0.0702
vn 0.0230 -0.9997 -0.0000
vn 0.0202 0.9966 0.0802
vn -0.0070 -0.0000 1.0000
vn -0.2297 -0.0000 0.9733
vn -0.0220 -0.9998 -0.0000
vn 0.4590 -0.8884 -0.0000
vn -0.9990 0.0442 -0.0095
vn -0.9946 0.0775 -0.0689
vn -0.9994 0.0176 0.0288
vn 0.0011 -0.8592 0.5117
vn -0.0008 0.8073 0.5901
vn -0.7814 0.5485 -0.2976
vn 0.0097 -0.1607 -0.9870
vn 0.0081 0.4126 -0.9109
vn -0.0006 -0.1590 -0.9873
vn -0.0000 0.7036 -0.7106
vn 0.0042 0.8210 -0.5710
vn -0.0007 -0.8294 -0.5587
vn -0.0001 -0.8673 0.4978
vn 0.0014 -0.9345 -0.3560
vn -0.1277 0.8745 -0.4679
vn -0.0298 -0.0744 0.9968
vn -0.0025 -0.0030 -1.0000
vn -0.8932 0.4495 0.0144
vn -0.9996 -0.0058 -0.0286
vn 0.0062 -0.0447 0.9990
vn -0.2779 0.3220 0.9051
vn -0.0572 0.0347 0.9978
vn 0.2700 -0.0937 0.9583
vn -0.0004 -0.0032 -1.0000
vn 0.5505 0.8344 -0.0280
vn -0.4292 0.9028 -0.0283
vn 0.9398 0.3404 -0.0302
vn 0.7794 -0.6258 -0.0281
vn -0.4285 0.9031 -0.0290
vn 0.3088 0.9506 -0.0306
vn -0.7682 -0.0000 -0.6402
vn -0.7433 -0.0000 -0.6690
vn -0.0067 -0.9999 -0.0148
vn -0.8923 0.3471 0.2885
vn 0.0004 0.7288 0.6848
vn 0.0004 0.7229 0.6910
vn -0.4593 -0.8883 -0.0000
vn -0.0018 -0.8299 0.5580
vn 0.0020 -0.0017 1.0000
vn 0.0021 -0.6428 0.7660
vn 0.2778 0.3219 -0.9051
vn 0.0572 0.0347 -0.9978
vn 0.7814 0.5485 0.2976
vn -0.0004 -0.8453 -0.5343
vn 0.0845 -0.4202 -0.9035
vn -0.0000 -0.8673 -0.4978
vn -0.7307 0.6808 -0.0507
vn -0.0003 -0.4513 -0.8923
vn -0.9157 0.3809 -0.1280
vn 0.0403 0.4258 -0.9039
vn -0.0000 0.1527 -0.9883
vn -0.0010 0.9403 -0.3402
vn -0.0043 -0.0004 1.0000
vn 0.9987 -0.0437 0.0268
vn 0.4158 0.9091 0.0260
vn 0.9759 -0.2183 0.0054
vn -0.5284 0.8486 0.0257
vn -0.9582 -0.2847 0.0270
vn -0.5368 0.6002 0.5930
vn 0.0484 -0.1027 -0.9935
vn 0.0112 0.2983 -0.9544
vn 0.0114 0.2425 -0.9701
vn 0.0303 0.9995 -0.0000
vn -0.0000 0.9701 -0.2425
vn -0.0000 0.9578 -0.2873
vn 0.7071 -0.7071 -0.0000
vn 0.4472 -0.8944 -0.0000
vn 0.9701 -0.2425 -0.0000
vn 0.0312 -0.0078 0.9995
vn 0.0156 -0.0078 0.9998
vn 0.2983 0.9545 -0.0000
vn 0.1843 0.9829 -0.0000
vn -0.0005 0.5810 -0.8139
vn 0.0031 0.0163 -0.9999
vn -0.0042 -0.1380 -0.9904
vn 0.9887 0.0655 0.1351
vn 0.9665 0.2274 0.1192
vn -0.0033 0.8823 -0.4706
vn 0.9707 0.1822 0.1565
vn -0.0018 -0.7512 -0.6601
vn -0.0006 -0.8263 -0.5633
vn 0.8542 0.5188 0.0346
vn 0.0019 0.9255 0.3787
vn -0.0026 0.2709 0.9626
vn -0.0004 -0.9002 0.4354
vn 0.0018 -0.7591 0.6510
vn -0.0023 -0.3118 0.9501
vn -0.0003 -0.0000 1.0000
vn -0.8957 -0.2693 0.3539
vn 0.9945 -0.1027 -0.0223
vn -0.0000 0.2348 -0.9721
vn 0.8663 0.3404 -0.3655
vn -0.9993 0.0386 -0.0025
vn 0.5949 -0.0321 -0.8031
vn 0.4577 0.8885 -0.0315
vn -0.0276 0.7620 0.6470
vn -0.0001 0.7238 -0.6900
vn -0.5103 0.8600 -0.0052
vn 0.8957 0.4445 0.0062
vn -0.9971 -0.0763 0.0058
vn 0.9971 0.0763 -0.0058
vn 0.9971 -0.0763 -0.0058
vn 1.0000 -0.0060 -0.0025
vn -0.1893 -0.0000 0.9819
vn -0.1915 -0.0000 0.9815
vn -0.1942 -0.0000 0.9810
vn -0.6392 -0.0000 -0.7690
vn -0.6196 -0.0000 -0.7849
vn -0.6328 -0.0000 -0.7743
vn 0.9943 -0.0000 0.1065
vn 0.9981 -0.0000 0.0624
vn 0.9965 -0.0000 0.0830
vn 0.7071 -0.0000 0.7071
vn 0.7156 -0.0000 0.6985
vn 0.7036 -0.0000 0.7106
vn -0.3304 -0.0000 -0.9439
vn -0.3754 -0.0000 -0.9268
vn -0.3479 -0.0000 -0.9375
vn 0.8310 -0.0000 -0.5562
vn 0.8288 -0.0000 -0.5595
vn 0.8329 -0.0000 -0.5534
vn -0.9609 -0.0000 -0.2769
vn -0.9618 -0.0000 -0.2738
vn -0.9619 -0.0000 -0.2733
vn 0.9295 -0.0000 -0.3688
vn 0.9278 -0.0000 -0.3730
vn 0.9288 -0.0000 -0.3706
vn 0.0021 -0.7446 -0.6675
vn 0.0063 0.9999 0.0140
vn -0.3898 -0.0033 -0.9209
vn 0.0063 -0.9999 0.0157
vn 0.3898 0.0033 0.9209
vn -0.0063 -0.9999 -0.0140
vn -0.0063 0.9999 -0.0157
vn 0.3897 0.0033 0.9209
vn 0.9996 0.0284 -0.0000
vn 0.9991 0.0428 -0.0000
vn -0.7473 0.6643 0.0126
vn -0.9999 -0.0000 0.0168
vn -0.9992 -0.0405 -0.0000
vn -0.9992 -0.0406 -0.0000
vn -0.9986 -0.0536 -0.0000
vn 0.3333 0.6667 0.6667
vn 0.4685 0.6247 0.6247
vn -0.9979 -0.0641 0.0049
vn -0.9988 -0.0484 0.0049
vn -1.0000 -0.0000 0.0049
vn 0.9973 -0.0000 -0.0737
vn 0.9973 -0.0000 -0.0732
vn 0.9972 -0.0000 -0.0749
vn 0.0582 0.1457 0.9876
vn 0.0584 0.1459 0.9876
vn 0.0585 0.1462 0.9875
vn -1.0000 -0.0061 -0.0004
vn 0.2785 -0.7011 0.6564
vn -0.7186 0.6954 -0.0000
vn -0.7187 -0.6953 -0.0001
vn -0.7187 -0.6953 -0.0000
vn 0.6168 -0.5969 0.5131
vn 0.0001 -0.4066 -0.9136
vn 0.6333 -0.7135 0.2995
vn -0.0000 -0.7299 -0.6835
vn 0.4083 0.3952 -0.8228
vn -0.4083 -0.3949 -0.8230
vn -0.4082 -0.3955 -0.8228
vn -0.4081 -0.3949 -0.8231
vn 0.7186 -0.6954 0.0001
vn 0.7187 -0.6953 -0.0000
vn -0.6774 -0.0000 0.7356
vn 0.1340 0.1296 -0.9825
vn -0.4373 -0.8993 -0.0000
vn -0.4591 -0.8884 -0.0000
vn -0.6211 0.4678 0.6288
vn -0.3849 0.8633 -0.3266
vn 0.6194 0.4572 0.6382
vn 0.6642 -0.7476 -0.0000
vn 0.2206 0.9735 -0.0596
vn -0.1750 0.2186 0.9600
vn -0.6545 0.7560 -0.0000
vn -0.0000 0.7868 0.6172
vn 0.3334 -0.4851 -0.8084
vn -0.6732 -0.7117 -0.2007
vn 0.9697 -0.2414 -0.0382
vn -0.3326 0.8981 -0.2878
vn -0.2796 0.9585 0.0550
vn 0.5358 0.8442 0.0141
vn 0.3149 0.8398 0.4422
vn -0.3481 0.8295 0.4367
vn -0.8785 -0.4741 -0.0582
vn 0.4202 -0.4150 -0.8070
vn -0.5360 0.8441 -0.0142
vn -0.3147 0.8399 -0.4422
vn 0.3481 0.8295 -0.4368
vn -0.9695 -0.2426 0.0356
vn 0.3326 0.8980 0.2879
vn 0.2804 0.9585 -0.0511
vn 0.7173 -0.6250 0.3080
vn 0.6212 0.4677 -0.6288
vn 0.3850 0.8632 0.3266
vn -0.6195 0.4567 -0.6385
vn 0.6545 0.7560 -0.0000
vn -0.0000 0.7868 -0.6172
vn -0.3334 -0.4851 0.8084
vn -0.8474 0.0210 -0.5305
vn -0.9997 0.0254 -0.0010
vn -0.6223 0.7611 0.1831
vn 0.3325 0.8982 0.2875
vn 0.2803 0.9586 -0.0511
vn 0.6732 -0.7117 0.2007
vn -0.6198 0.7239 0.3028
vn -0.3149 0.8399 -0.4420
vn 0.3482 0.8296 -0.4366
vn -0.0000 -0.9016 -0.4325
vn 0.8786 -0.4740 0.0581
vn -0.4203 -0.4147 0.8071
vn 0.3126 -0.9214 0.2310
vn 0.3127 -0.9214 0.2310
vn 0.5405 -0.7454 0.3901
vn 0.4374 -0.8993 -0.0000
vn 0.6545 0.7561 -0.0000
vn -0.0000 0.7869 -0.6171
vn 0.6213 0.4676 -0.6288
vn -0.6197 0.4567 -0.6383
vn -0.6546 0.7560 -0.0000
vn 0.3333 -0.4851 -0.8084
vn 0.8470 0.0199 0.5312
vn 0.9997 0.0234 0.0009
vn 0.6219 0.7612 -0.1838
vn -0.6210 0.4678 0.6289
vn -0.3845 0.8635 -0.3264
vn 0.6189 0.4571 0.6388
vn -0.8042 -0.0968 -0.5864
vn -0.7062 0.1738 0.6863
vn -0.0000 -0.1831 -0.9831
vn 0.6109 -0.6229 0.4887
vn -0.6471 -0.7012 0.2992
vn 0.5356 0.8443 0.0140
vn 0.3156 0.8396 0.4422
vn 0.3156 0.8396 0.4421
vn -0.3485 0.8292 0.4369
vn 0.5819 0.8132 -0.0000
vn -0.2544 0.8290 -0.4981
vn -0.4234 0.8629 -0.2759
vn -0.0003 -0.9153 0.4029
vn -0.9059 -0.1246 -0.4048
vn 0.0020 -0.9887 -0.1496
vn 0.4362 -0.6400 0.6326
vn -0.0000 1.0000 -0.0059
vn 0.0584 0.7363 0.6741
vn 0.3647 -0.0494 -0.9298
vn 0.0007 -1.0000 -0.0000
vn 0.0343 -0.9994 0.0062
vn -0.0003 1.0000 -0.0000
vn -0.0000 0.7301 0.6834
vn -0.0144 0.9999 0.0026
vn -0.0000 0.3191 -0.9477
vn -0.8745 0.1974 -0.4431
vn 0.5484 -0.6248 -0.5558
vn -0.3440 0.5749 -0.7424
vn 0.8675 0.0165 -0.4971
vn -0.0381 0.7343 0.6778
vn 0.9059 -0.1246 0.4047
vn 0.5696 0.8025 0.1778
vn 0.7198 0.0655 -0.6911
vn -0.9058 -0.1248 -0.4048
vn -0.7099 0.7025 -0.0506
vn 0.9342 0.0086 0.3566
vn -0.2145 -0.1127 -0.9702
vn 0.3440 0.5749 0.7424
vn 0.0382 0.7343 -0.6778
vn -0.5695 0.8025 -0.1778
vn 0.0095 0.7300 0.6834
vn 0.0004 0.7299 -0.6836
vn 0.8521 0.2455 0.4623
vn -0.5485 -0.6248 0.5557
vn 0.3440 0.5749 0.7423
vn -0.9342 0.0086 -0.3566
vn 0.5482 -0.6249 -0.5558
vn -0.3440 0.5748 -0.7424
vn -0.1737 -0.7189 0.6730
vn -0.1733 0.7190 0.6731
vn 0.5994 0.0255 -0.8000
vn -0.4692 0.6813 0.5618
vn -0.4692 0.6813 0.5619
vn -0.0569 -0.6954 0.7163
vn 0.6701 0.6545 0.3502
vn -0.0000 0.0120 -0.9999
vn 0.5813 0.8137 -0.0000
vn 0.0052 0.0132 -0.9999
vn 0.7781 0.6282 -0.0001
vn 0.3055 -0.7115 0.6328
vn 0.7584 -0.4342 -0.4862
vn 0.4345 0.9003 -0.0270
vn -0.7584 -0.4342 0.4862
vn -0.4391 0.8981 0.0252
vn -0.7599 -0.4039 0.5093
vn -0.9979 0.0614 0.0214
vn -0.9979 0.0611 0.0218
vn -0.3055 -0.7115 -0.6328
vn 0.3053 -0.7115 0.6328
vn 0.8999 -0.2215 -0.3757
vn 0.4346 0.9002 -0.0270
vn 0.0006 -0.7298 0.6837
vn 0.0303 0.9924 0.1197
vn -0.0343 -0.9994 -0.0062
vn -0.0000 0.9997 -0.0243
vn -0.8217 -0.5249 0.2219
vn 0.4220 0.5100 -0.7496
vn -0.7401 -0.6718 0.0294
vn 0.7390 -0.6732 -0.0274
vn -0.0583 0.7363 -0.6741
vn -0.7646 0.0511 0.6424
vn 0.7389 -0.6733 -0.0274
vn 0.0262 -0.7298 -0.6832
vn -0.0584 0.7363 -0.6741
vn 0.8945 -0.4010 0.1976
vn -0.4220 0.5100 0.7496
vn 0.0585 0.7363 0.6741
vn 0.4219 0.5099 -0.7496
vn -0.0255 0.7299 -0.6831
vn -0.2862 -0.7159 -0.6368
vn -0.7402 -0.6717 0.0294
vn 0.0598 0.9978 0.0276
vn -0.2332 -0.9721 0.0241
vn -0.0010 -0.9865 -0.1638
vn -0.6695 0.6539 0.3524
vn -0.0000 -0.9999 -0.0139
vn 0.0014 -0.9987 0.0507
vn -0.0009 -0.9720 -0.2350
vn 0.7067 -0.7070 -0.0264
vn 0.0010 -0.9865 0.1638
vn 0.6695 0.6539 -0.3525
vn -0.0000 -0.9999 0.0129
vn 0.3733 -0.9274 -0.0264
vn -0.0007 -1.0000 -0.0000
vn -0.7073 -0.7065 0.0246
vn 0.2657 0.8030 -0.5335
vn -0.1307 0.2231 0.9660
vn -0.9516 0.3071 -0.0146
vn -0.7187 -0.6954 -0.0001
vn -0.0000 -0.4063 -0.9138
vn 0.7768 0.5656 -0.2767
vn 0.0579 -0.7761 -0.6280
vn -0.7099 0.7025 -0.0504
vn 0.4430 0.4548 0.7726
vn -0.4430 0.4549 -0.7726
vn -0.2311 -0.0244 0.9726
vn -0.1747 -0.7188 0.6729
vn -0.2223 -0.3611 0.9056
vn -0.7203 0.0664 0.6905
vn 0.4121 -0.6347 0.6537
vn 0.7098 0.7026 0.0504
vn -0.4430 0.4547 -0.7726
vn -0.7769 0.5656 0.2767
vn 0.7099 0.7025 0.0505
vn 0.7769 0.5656 -0.2767
vn -0.4123 -0.6346 -0.6537
vn 0.4187 0.4776 0.7724
vn -0.5220 0.6402 0.5636
vn 0.5218 0.6378 -0.5665
vn -0.0000 1.0000 0.0055
vn 0.2978 0.0321 -0.9541
vn -0.5218 0.6379 0.5663
vn -0.0000 -0.0127 0.9999
vn -0.0000 -0.9997 -0.0250
vn 0.0095 -0.7300 -0.6834
vn 0.7411 -0.0000 0.6714
vn -0.0051 0.0128 0.9999
vn -0.0278 -0.0697 -0.9972
vn 0.3334 0.8391 0.4298
vn -0.6596 -0.7516 -0.0006
vn 1.0000 0.0051 -0.0000
vn 0.7411 -0.0000 -0.6714
vn 0.9186 -0.3951 -0.0000
vn -0.8995 -0.0000 0.4369
vn 0.0007 -0.0125 0.9999
vn -0.9999 -0.0113 -0.0000
vn -0.6782 -0.0169 0.7347
vn -0.4447 -0.0050 -0.8957
vn 0.9999 -0.0115 -0.0007
vn 0.7412 -0.0000 -0.6713
vn 0.0086 -0.0125 -0.9999
vn 0.0129 -0.0125 -0.9998
vn 0.0108 -0.0125 -0.9999
vn -0.0007 -0.0125 -0.9999
vn -0.0060 0.0001 -1.0000
vn -0.0060 -0.0001 -1.0000
vn -0.0061 -0.0019 -1.0000
vn -0.0061 -0.0059 -1.0000
vn 0.4448 -0.0051 0.8956
vn -0.9175 -0.3978 -0.0000
vn 0.9981 -0.0028 -0.0616
vn 0.9995 0.0239 -0.0222
vn 0.4588 0.8885 -0.0000
vn 0.8729 0.4878 -0.0000
vn -0.3443 0.5751 -0.7421
vn 0.0267 -0.0447 -0.9986
vn -0.0000 0.7730 -0.6344
vn 0.6713 0.7412 -0.0000
vn -0.3858 0.8637 -0.3244
vn -0.1080 -0.0217 -0.9939
vn -0.0000 0.3104 -0.9506
vn -0.0917 -0.9955 0.0248
vn -0.6646 0.7469 -0.0212
vn -0.2301 0.0252 0.9728
vn 0.5851 -0.7906 0.1808
vn -0.9973 -0.0438 0.0596
vn -0.9589 0.2837 -0.0000
vn 0.1154 -0.1129 0.9869
vn -0.7025 -0.0309 0.7111
vn -0.9927 -0.0436 0.1120
vn -0.0004 -0.7450 0.6671
vn 0.0015 0.9993 -0.0362
vn -0.6271 0.3093 -0.7149
vn 0.5962 0.2122 -0.7743
vn -0.2253 -0.0513 -0.9729
vn 0.0007 -0.7450 -0.6671
vn -0.0014 0.9994 0.0337
vn -0.5852 -0.7905 -0.1808
vn 0.7814 0.5486 0.2975
vn 0.6271 0.3092 0.7149
vn -0.5965 0.2121 0.7741
vn 0.2253 -0.0512 0.9729
vn 0.3859 0.8636 0.3244
vn 0.1303 0.0004 0.9915
vn -0.0000 0.3104 0.9506
vn 0.3515 0.6424 0.6810
vn -0.7813 0.5486 -0.2976
vn -0.6713 0.7412 -0.0000
vn 0.3444 0.5751 0.7420
vn -0.0000 0.7731 0.6343
vn -0.9992 0.0390 0.0024
vn -0.5753 -0.8071 -0.1328
vn 0.0004 -0.7450 -0.6671
vn 0.6271 0.3093 0.7149
vn 0.2253 -0.0513 0.9729
vn 0.9973 -0.0438 -0.0596
vn 0.9589 0.2837 -0.0000
vn 0.9927 -0.0436 -0.1120
vn -0.0461 0.0020 -0.9989
vn 0.7650 -0.6413 -0.0590
vn -0.9981 -0.0028 0.0616
vn -0.9995 0.0239 0.0222
vn -0.4590 0.8885 -0.0000
vn -0.6714 0.7411 -0.0000
vn 0.2291 -0.9133 -0.3368
vn -0.0153 0.9994 0.0303
vn -0.4904 0.8453 -0.2121
vn 0.0919 -0.0376 0.9951
vn -0.8729 0.4878 -0.0000
vn 0.3443 0.5751 0.7421
vn -0.0268 -0.0447 0.9986
vn -0.0000 0.7730 0.6344
vn 0.3858 0.8637 0.3244
vn 0.4590 0.8884 -0.0000
vn 0.8730 0.4878 -0.0000
vn -0.3443 0.5750 -0.7422
vn -0.3517 0.6424 -0.6809
vn -0.3859 0.8636 -0.3244
vn 0.9994 0.0356 -0.0021
vn -0.1302 0.0002 -0.9915
vn 0.5752 -0.8071 0.1330
vn 0.1252 0.7701 0.6255
vn -0.0000 0.0002 -1.0000
vn -0.0183 -0.0387 0.9991
vn 0.4939 -0.4846 0.7220
vn -0.9972 0.0365 0.0656
vn 0.9991 -0.0399 0.0168
vn -0.0000 -0.8570 0.5152
vn -0.5410 -0.0119 0.8409
vt 0.095564 0.254949
vt 0.095564 0.255060
vt 0.095492 0.255073
vt 0.264971 0.986017
vt 0.265011 0.985960
vt 0.265011 0.986071
vt 0.511246 0.470220
vt 0.511170 0.470225
vt 0.511170 0.470153
vt 0.340223 0.247992
vt 0.340295 0.248065
vt 0.340367 0.248136
vt 0.008252 0.252250
vt 0.008284 0.252322
vt 0.005626 0.313644
vt 0.008283 0.360411
vt 0.008284 0.360325
vt 0.008356 0.360339
vt 0.095563 0.357673
vt 0.095492 0.357673
vt 0.095563 0.357601
vt 0.340295 0.139904
vt 0.340295 0.139990
vt 0.340223 0.139976
vt 0.095564 0.252250
vt 0.095564 0.252336
vt 0.095492 0.252322
vt 0.095595 0.360411
vt 0.095564 0.360339
vt 0.098270 0.360339
vt 0.287432 0.986026
vt 0.287425 0.986027
vt 0.287425 0.985960
vt 0.253013 0.139976
vt 0.253013 0.139904
vt 0.253085 0.139976
vt 0.253735 0.986107
vt 0.253730 0.986030
vt 0.253725 0.986112
vt 0.551928 0.573026
vt 0.551928 0.572901
vt 0.551957 0.572963
vt 0.552077 0.523598
vt 0.551928 0.523612
vt 0.552000 0.523675
vt 0.584299 0.962133
vt 0.584606 0.962445
vt 0.584337 0.962172
vt 0.208590 0.985984
vt 0.208590 0.986108
vt 0.208694 0.986046
vt 0.548956 0.962133
vt 0.549263 0.962445
vt 0.548993 0.962173
vt 0.406915 0.492571
vt 0.406767 0.492550
vt 0.406822 0.492628
vt 0.185042 0.537327
vt 0.185042 0.537451
vt 0.185013 0.537389
vt 0.184893 0.588636
vt 0.185042 0.588622
vt 0.184969 0.588560
vt 0.560739 0.962133
vt 0.561045 0.962445
vt 0.560775 0.962173
vt 0.197420 0.986087
vt 0.197420 0.985963
vt 0.197316 0.986025
vt 0.514682 0.589081
vt 0.514713 0.588886
vt 0.514564 0.588816
vt 0.276183 0.985997
vt 0.276218 0.986038
vt 0.276182 0.985960
vt 0.207808 0.588636
vt 0.207957 0.588622
vt 0.207885 0.588560
vt 0.207957 0.537327
vt 0.207957 0.537451
vt 0.207928 0.537389
vt 0.242495 0.986107
vt 0.242491 0.986030
vt 0.242485 0.986112
vt 0.430645 0.489640
vt 0.430496 0.489655
vt 0.430568 0.489717
vt 0.430496 0.539068
vt 0.430496 0.538943
vt 0.430525 0.539006
vt 0.231169 0.985960
vt 0.231169 0.986115
vt 0.231237 0.985997
vt 0.491648 0.537870
vt 0.491739 0.537942
vt 0.491774 0.537942
vt 0.572518 0.962133
vt 0.572889 0.962461
vt 0.572556 0.962172
vt 0.162231 0.587189
vt 0.162335 0.587115
vt 0.162258 0.587067
vt 0.573134 0.495747
vt 0.573082 0.443758
vt 0.573189 0.443752
vt 0.235015 0.696060
vt 0.235232 0.695986
vt 0.235357 0.696060
vt 0.560872 0.962824
vt 0.561149 0.962645
vt 0.560817 0.962968
vt 0.713926 0.962505
vt 0.714416 0.962652
vt 0.713883 0.962788
vt 0.491791 0.589094
vt 0.491854 0.589158
vt 0.491412 0.537942
vt 0.491710 0.537989
vt 0.491431 0.538028
vt 0.173472 0.589521
vt 0.173488 0.589640
vt 0.406532 0.492558
vt 0.406744 0.492683
vt 0.406534 0.492632
vt 0.514565 0.537645
vt 0.514698 0.588816
vt 0.253013 0.248064
vt 0.253085 0.247992
vt 0.340295 0.245366
vt 0.340223 0.245377
vt 0.253085 0.248150
vt 0.832056 0.962261
vt 0.832628 0.962313
vt 0.832073 0.962354
vt 0.510124 0.709850
vt 0.510377 0.709769
vt 0.510089 0.709946
vt 0.429171 0.708743
vt 0.429357 0.708673
vt 0.429432 0.708744
vt 0.118369 0.986012
vt 0.118443 0.986344
vt 0.118369 0.986253
vt 0.454236 0.192102
vt 0.454286 0.139937
vt 0.454308 0.192102
vt 0.679350 0.246900
vt 0.679114 0.246973
vt 0.679134 0.246900
vt 0.140859 0.986203
vt 0.140934 0.985960
vt 0.140934 0.986337
vt 0.017161 0.881160
vt 0.017411 0.881069
vt 0.017675 0.887401
vt 0.017030 0.985972
vt 0.016906 0.986325
vt 0.016957 0.985960
vt 0.549090 0.962824
vt 0.549367 0.962645
vt 0.549035 0.962968
vt 0.686336 0.883752
vt 0.686085 0.883846
vt 0.685819 0.877068
vt 0.406737 0.492671
vt 0.406751 0.492918
vt 0.406685 0.492881
vt 0.572078 0.391712
vt 0.570986 0.443747
vt 0.570917 0.443742
vt 0.466216 0.192102
vt 0.460222 0.244257
vt 0.466144 0.192102
vt 0.820777 0.962159
vt 0.820711 0.962745
vt 0.820684 0.962169
vt 0.084629 0.986034
vt 0.084709 0.986358
vt 0.084629 0.986283
vt 0.971042 0.136694
vt 0.971329 0.136831
vt 0.971272 0.136882
vt 0.702007 0.050676
vt 0.702242 0.050605
vt 0.702223 0.050676
vt 0.110041 0.884045
vt 0.109791 0.884138
vt 0.109524 0.877360
vt 0.005660 0.986329
vt 0.005735 0.985960
vt 0.005735 0.986331
vt 0.586533 0.441389
vt 0.586584 0.491139
vt 0.586526 0.491168
vt 0.938173 0.962261
vt 0.938458 0.962494
vt 0.938191 0.962354
vt 0.396379 0.679498
vt 0.396647 0.679480
vt 0.396339 0.679576
vt 0.608286 0.962547
vt 0.608232 0.962699
vt 0.608130 0.962756
vt 0.095880 0.986034
vt 0.095960 0.986358
vt 0.095880 0.986283
vt 0.678910 0.962136
vt 0.678846 0.962743
vt 0.678817 0.962152
vt 0.196239 0.709522
vt 0.196491 0.709441
vt 0.196203 0.709618
vt 0.706213 0.172433
vt 0.706399 0.172363
vt 0.706474 0.172434
vt 0.129614 0.986012
vt 0.129688 0.986344
vt 0.129614 0.986253
vt 0.250713 0.708902
vt 0.250348 0.708979
vt 0.250328 0.708899
vt 0.073378 0.985970
vt 0.073458 0.986336
vt 0.073378 0.986365
vt 0.595908 0.962497
vt 0.596214 0.962807
vt 0.596137 0.962847
vt 0.780623 0.881300
vt 0.780883 0.881366
vt 0.780933 0.881427
vt 0.327276 0.586502
vt 0.329223 0.586438
vt 0.329186 0.586521
vt 0.271122 0.922448
vt 0.271071 0.928450
vt 0.271063 0.922448
vt 0.553657 0.394292
vt 0.553586 0.479220
vt 0.553586 0.394346
vt 0.510337 0.709697
vt 0.510663 0.709727
vt 0.856145 0.962753
vt 0.855784 0.962804
vt 0.855678 0.962771
vt 0.551937 0.572891
vt 0.552062 0.523747
vt 0.552000 0.572916
vt 0.876745 0.721625
vt 0.876456 0.721625
vt 0.876937 0.721612
vt 0.700549 0.438614
vt 0.700229 0.438696
vt 0.700765 0.438535
vt 0.901805 0.830375
vt 0.901579 0.836381
vt 0.901516 0.825255
vt 0.234680 0.696079
vt 0.094052 0.887652
vt 0.094281 0.881181
vt 0.094336 0.893163
vt 0.185032 0.537461
vt 0.184907 0.588488
vt 0.184969 0.537436
vt 0.057872 0.697438
vt 0.058085 0.697270
vt 0.058347 0.697324
vt 0.058161 0.648195
vt 0.005641 0.887736
vt 0.005870 0.881266
vt 0.005926 0.893247
vt 0.396607 0.679407
vt 0.396933 0.679440
vt 0.607767 0.962804
vt 0.607662 0.962770
vt 0.207948 0.537461
vt 0.207823 0.588488
vt 0.207885 0.537436
vt 0.081753 0.881127
vt 0.082042 0.881125
vt 0.081561 0.881137
vt 0.844352 0.962753
vt 0.843991 0.962804
vt 0.843885 0.962771
vt 0.430505 0.538933
vt 0.430630 0.489789
vt 0.430568 0.538958
vt 0.673868 0.883218
vt 0.673579 0.883218
vt 0.674060 0.883205
vt 0.028329 0.986259
vt 0.028227 0.986016
vt 0.028276 0.985960
vt 0.596487 0.962480
vt 0.596261 0.962847
vt 0.596157 0.962814
vt 0.901732 0.800698
vt 0.901514 0.807584
vt 0.901451 0.796458
vt 0.510888 0.367778
vt 0.510954 0.367706
vt 0.008283 0.357711
vt 0.008356 0.357673
vt 0.342987 0.248020
vt 0.342978 0.139976
vt 0.551702 0.523676
vt 0.551937 0.523747
vt 0.551721 0.523747
vt 0.107198 0.985960
vt 0.107131 0.986249
vt 0.107132 0.986004
vt 0.888095 0.875451
vt 0.888386 0.875490
vt 0.888049 0.875525
vt 0.586564 0.222782
vt 0.587652 0.172997
vt 0.587724 0.173018
vt 0.696801 0.500024
vt 0.697103 0.500071
vt 0.696756 0.500096
vt 0.726199 0.962747
vt 0.726264 0.962251
vt 0.726289 0.962750
vt 0.619815 0.962876
vt 0.620108 0.962730
vt 0.619882 0.962927
vt 0.971323 0.255594
vt 0.971611 0.255447
vt 0.971400 0.255642
vt 0.586639 0.123265
vt 0.585571 0.173000
vt 0.585499 0.173021
vt 0.185267 0.588561
vt 0.185032 0.588488
vt 0.185248 0.588488
vt 0.983007 0.933645
vt 0.982863 0.934034
vt 0.982943 0.933691
vt 0.971083 0.005859
vt 0.971595 0.006097
vt 0.971112 0.006157
vt 0.522274 0.709767
vt 0.521972 0.709724
vt 0.522318 0.709693
vt 0.971171 0.148577
vt 0.971650 0.148480
vt 0.971196 0.148664
vt 0.690267 0.962653
vt 0.690765 0.962659
vt 0.690279 0.962746
vt 0.208183 0.588561
vt 0.207948 0.588488
vt 0.208164 0.588488
vt 0.938750 0.962795
vt 0.938518 0.962850
vt 0.551425 0.894422
vt 0.551715 0.894461
vt 0.551378 0.894496
vt 0.950010 0.962447
vt 0.950505 0.962650
vt 0.950035 0.962713
vt 0.430270 0.489718
vt 0.430505 0.489789
vt 0.430289 0.489789
vt 0.983007 0.921864
vt 0.982863 0.922253
vt 0.982941 0.921909
vt 0.971047 0.017661
vt 0.971523 0.017938
vt 0.971034 0.017975
vt 0.702640 0.962358
vt 0.702680 0.962722
vt 0.702644 0.962826
vt 0.491736 0.537652
vt 0.491782 0.537880
vt 0.092733 0.474227
vt 0.005592 0.474266
vt 0.005585 0.474188
vt 0.340269 0.142592
vt 0.253085 0.142642
vt 0.253053 0.142584
vt 0.250314 0.248064
vt 0.250328 0.247992
vt 0.371598 0.540583
vt 0.383355 0.492717
vt 0.383476 0.492747
vt 0.551975 0.572673
vt 0.552031 0.572995
vt 0.679707 0.246959
vt 0.679412 0.247003
vt 0.679475 0.246900
vt 0.468280 0.589167
vt 0.468404 0.537996
vt 0.468381 0.589302
vt 0.152166 0.986071
vt 0.152104 0.986331
vt 0.152104 0.985960
vt 0.150651 0.537245
vt 0.150526 0.586534
vt 0.150550 0.537111
vt 0.971132 0.029838
vt 0.971545 0.029348
vt 0.971647 0.029367
vt 0.445426 0.589097
vt 0.445629 0.537996
vt 0.445489 0.589140
vt 0.184994 0.537680
vt 0.184938 0.537357
vt 0.701650 0.050617
vt 0.701944 0.050572
vt 0.701882 0.050676
vt 0.575835 0.523531
vt 0.575709 0.572820
vt 0.575733 0.523397
vt 0.690836 0.962251
vt 0.690782 0.962613
vt 0.690799 0.962133
vt 0.109524 0.252283
vt 0.121370 0.252250
vt 0.121433 0.252334
vt 0.207910 0.537681
vt 0.207854 0.537357
vt 0.360045 0.492619
vt 0.348255 0.540553
vt 0.359995 0.492563
vt 0.430543 0.538715
vt 0.430599 0.539037
vt 0.162615 0.587136
vt 0.162374 0.587235
vt 0.162404 0.587089
vt 0.162264 0.587438
vt 0.122488 0.227988
vt 0.122400 0.142643
vt 0.122488 0.142699
vt 0.095492 0.360339
vt 0.095563 0.357712
vt 0.383679 0.492723
vt 0.383381 0.492608
vt 0.551928 0.523737
vt 0.552000 0.523973
vt 0.551928 0.523954
vt 0.465053 0.363684
vt 0.453207 0.363717
vt 0.453144 0.363633
vt 0.971371 0.314232
vt 0.971488 0.314717
vt 0.971222 0.314309
vt 0.619524 0.962649
vt 0.619757 0.962927
vt 0.150563 0.586315
vt 0.150588 0.586606
vt 0.150516 0.586671
vt 0.062127 0.985970
vt 0.062207 0.986336
vt 0.062127 0.986365
vt 0.185042 0.588497
vt 0.184969 0.588263
vt 0.185041 0.588282
vt 0.971058 0.053095
vt 0.971536 0.053228
vt 0.971055 0.053253
vt 0.575746 0.572601
vt 0.575772 0.572892
vt 0.575700 0.572829
vt 0.573182 0.227343
vt 0.574250 0.175347
vt 0.574326 0.175342
vt 0.514364 0.588866
vt 0.514598 0.588888
vt 0.207957 0.588498
vt 0.207885 0.588263
vt 0.207957 0.588282
vt 0.678757 0.962740
vt 0.678392 0.962826
vt 0.678362 0.962746
vt 0.430496 0.489779
vt 0.430568 0.490016
vt 0.430496 0.489996
vt 0.702434 0.962197
vt 0.702576 0.962249
vt 0.971371 0.278668
vt 0.971488 0.279152
vt 0.971222 0.278745
vt 0.494309 0.538195
vt 0.491782 0.538004
vt 0.679199 0.195873
vt 0.679460 0.195738
vt 0.899833 0.303171
vt 0.899709 0.291690
vt 0.899822 0.291650
vt 0.395315 0.540481
vt 0.395030 0.540549
vt 0.702120 0.099820
vt 0.701858 0.099954
vt 0.813567 0.475963
vt 0.813692 0.488299
vt 0.813578 0.488339
vt 0.173058 0.537187
vt 0.173343 0.537111
vt 0.008356 0.252322
vt 0.008284 0.254948
vt 0.559747 0.479234
vt 0.559660 0.394306
vt 0.559747 0.394360
vt 0.098228 0.252287
vt 0.585500 0.391673
vt 0.584431 0.441407
vt 0.584360 0.441429
vt 0.508907 0.367773
vt 0.510886 0.367773
vt 0.508883 0.367850
vt 0.505165 0.470220
vt 0.511156 0.470264
vt 0.505161 0.470265
vt 0.522439 0.259321
vt 0.528458 0.320620
vt 0.522422 0.259396
vt 0.259704 0.128709
vt 0.138315 0.128686
vt 0.198996 0.005586
vt 0.066329 0.128772
vt 0.005657 0.005610
vt 0.127046 0.005632
vt 0.188682 0.244162
vt 0.138310 0.139954
vt 0.239053 0.140311
vt 0.005600 0.140005
vt 0.105100 0.190591
vt 0.005599 0.240922
vt 0.328751 0.488593
vt 0.327276 0.586433
vt 0.612028 0.090936
vt 0.612100 0.005647
vt 0.614009 0.005585
vt 0.092736 0.371659
vt 0.095564 0.254988
vt 0.008356 0.254988
vt 0.614009 0.090946
vt 0.008285 0.254916
vt 0.561784 0.005602
vt 0.561779 0.005672
vt 0.561852 0.090616
vt 0.268488 0.922448
vt 0.509226 0.470148
vt 0.555835 0.090543
vt 0.557354 0.005618
vt 0.005588 0.371620
vt 0.619900 0.344261
vt 0.619900 0.259387
vt 0.621809 0.259321
vt 0.621794 0.259330
vt 0.621881 0.344266
vt 0.505099 0.472885
vt 0.511166 0.472957
vt 0.505171 0.472957
vt 0.560933 0.123358
vt 0.560933 0.208648
vt 0.554845 0.208624
vt 0.116399 0.142619
vt 0.119185 0.140005
vt 0.116325 0.142563
vt 0.116327 0.228050
vt 0.527113 0.005770
vt 0.520956 0.005739
vt 0.521032 0.005662
vt 0.254645 0.924233
vt 0.257317 0.922448
vt 0.257317 0.928594
vt 0.116325 0.227997
vt 0.523534 0.243145
vt 0.523534 0.140084
vt 0.529688 0.140008
vt 0.116414 0.230692
vt 0.122415 0.228105
vt 0.122415 0.230715
vt 0.253052 0.245362
vt 0.553671 0.479307
vt 0.559747 0.479304
vt 0.529695 0.140008
vt 0.529695 0.243151
vt 0.529695 0.243129
vt 0.559691 0.391711
vt 0.554859 0.123268
vt 0.560861 0.123288
vt 0.282293 0.922560
vt 0.284869 0.928608
vt 0.282362 0.928561
vt 0.520956 0.113488
vt 0.527109 0.113524
vt 0.252862 0.139975
vt 0.522423 0.367210
vt 0.553657 0.391664
vt 0.396789 0.259366
vt 0.441900 0.365049
vt 0.351676 0.365034
vt 0.315989 0.111305
vt 0.270878 0.005622
vt 0.361103 0.005638
vt 0.012837 0.536723
vt 0.005601 0.485497
vt 0.020059 0.485488
vt 0.257520 0.488572
vt 0.264755 0.539799
vt 0.250298 0.539808
vt 0.839707 0.276896
vt 0.839469 0.259394
vt 0.839814 0.259393
vt 0.212149 0.830021
vt 0.212053 0.812495
vt 0.212348 0.812525
vt 0.415137 0.839862
vt 0.414899 0.822360
vt 0.415244 0.822358
vt 0.828014 0.376144
vt 0.827918 0.358618
vt 0.828213 0.358649
vt 0.826722 0.140823
vt 0.826626 0.123297
vt 0.826921 0.123328
vt 0.510115 0.840831
vt 0.509877 0.823329
vt 0.510222 0.823327
vt 0.637741 0.840942
vt 0.637503 0.823440
vt 0.637848 0.823439
vt 0.828099 0.276888
vt 0.828003 0.259362
vt 0.828298 0.259393
vt 0.455554 0.841179
vt 0.455316 0.823677
vt 0.455662 0.823675
vt 0.698044 0.830003
vt 0.697948 0.812477
vt 0.698244 0.812508
vt 0.344558 0.705480
vt 0.344224 0.656314
vt 0.344709 0.656314
vt 0.081663 0.657100
vt 0.082013 0.706264
vt 0.081535 0.706264
vt 0.832662 0.962409
vt 0.832627 0.962745
vt 0.832337 0.962807
vt 0.709395 0.639101
vt 0.709612 0.688391
vt 0.709270 0.688246
vt 0.709612 0.639102
vt 0.832056 0.962611
vt 0.383685 0.492799
vt 0.371841 0.540495
vt 0.510151 0.662800
vt 0.510525 0.662803
vt 0.855776 0.962842
vt 0.855738 0.962771
vt 0.855678 0.962412
vt 0.855881 0.962164
vt 0.971597 0.374139
vt 0.971223 0.374161
vt 0.971034 0.373981
vt 0.856300 0.962543
vt 0.876777 0.709372
vt 0.971609 0.374126
vt 0.971106 0.373657
vt 0.971515 0.373633
vt 0.856167 0.962233
vt 0.856267 0.962228
vt 0.371477 0.540553
vt 0.551728 0.572940
vt 0.552278 0.572892
vt 0.552278 0.523747
vt 0.714051 0.962177
vt 0.714482 0.962232
vt 0.714407 0.962133
vt 0.539720 0.572929
vt 0.551928 0.573242
vt 0.888223 0.887459
vt 0.383295 0.492914
vt 0.371516 0.489698
vt 0.539720 0.523641
vt 0.551928 0.523397
vt 0.482629 0.430816
vt 0.463898 0.474147
vt 0.445278 0.430816
vt 0.462752 0.485374
vt 0.480197 0.526420
vt 0.445205 0.526417
vt 0.476342 0.356468
vt 0.493741 0.313602
vt 0.511252 0.356536
vt 0.738288 0.195787
vt 0.738684 0.231971
vt 0.737889 0.231985
vt 0.733872 0.639150
vt 0.734270 0.675329
vt 0.733472 0.675345
vt 0.738366 0.326348
vt 0.738762 0.362532
vt 0.737968 0.362547
vt 0.729748 0.123305
vt 0.730146 0.159484
vt 0.729347 0.159500
vt 0.726136 0.389825
vt 0.726534 0.426004
vt 0.725736 0.426020
vt 0.738093 0.050575
vt 0.738489 0.086758
vt 0.737694 0.086773
vt 0.563513 0.631376
vt 0.565495 0.584375
vt 0.567507 0.631366
vt 0.638410 0.391693
vt 0.636437 0.438700
vt 0.634450 0.391680
vt 0.634457 0.449995
vt 0.645087 0.449964
vt 0.639767 0.478089
vt 0.636940 0.005665
vt 0.647518 0.005652
vt 0.642224 0.033772
vt 0.477865 0.114719
vt 0.483387 0.128465
vt 0.472349 0.128472
vt 0.601073 0.246089
vt 0.606585 0.231713
vt 0.612096 0.246132
vt 0.567887 0.246686
vt 0.568761 0.241471
vt 0.573306 0.245126
vt 0.374018 0.127161
vt 0.375911 0.121710
vt 0.379250 0.125795
vt 0.519334 0.929611
vt 0.519463 0.922485
vt 0.519645 0.929587
vt 0.934637 0.060521
vt 0.934509 0.067647
vt 0.934354 0.060531
vt 0.934637 0.207390
vt 0.934509 0.214516
vt 0.934353 0.207400
vt 0.693264 0.929564
vt 0.693464 0.922508
vt 0.693623 0.929587
vt 0.934637 0.042162
vt 0.934509 0.049288
vt 0.934354 0.042172
vt 0.542531 0.929611
vt 0.542660 0.922485
vt 0.542842 0.929587
vt 0.704863 0.929564
vt 0.705062 0.922508
vt 0.705221 0.929587
vt 0.934637 0.078880
vt 0.934509 0.086005
vt 0.934353 0.078890
vt 0.484539 0.929611
vt 0.484668 0.922485
vt 0.484850 0.929587
vt 0.934637 0.189030
vt 0.934509 0.196157
vt 0.934354 0.189041
vt 0.934637 0.446051
vt 0.934509 0.453177
vt 0.934354 0.446061
vt 0.507689 0.929564
vt 0.507888 0.922508
vt 0.508047 0.929587
vt 0.460985 0.922507
vt 0.461683 0.928550
vt 0.460294 0.928554
vt 0.372763 0.922507
vt 0.373493 0.928538
vt 0.372040 0.928549
vt 0.045163 0.891643
vt 0.044492 0.881842
vt 0.045815 0.881831
vt 0.229396 0.897822
vt 0.228073 0.897832
vt 0.228724 0.888021
vt 0.522609 0.891861
vt 0.521938 0.882060
vt 0.523261 0.882050
vt 0.899836 0.154214
vt 0.898512 0.154224
vt 0.899164 0.144413
vt 0.580580 0.788208
vt 0.580801 0.808621
vt 0.580501 0.808621
vt 0.807113 0.707041
vt 0.806903 0.686626
vt 0.807208 0.686626
vt 0.087550 0.932712
vt 0.087200 0.932680
vt 0.087399 0.922488
vt 0.203404 0.922491
vt 0.203734 0.922486
vt 0.203565 0.932656
vt 0.099169 0.932712
vt 0.098819 0.932680
vt 0.099018 0.922488
vt 0.156928 0.922491
vt 0.157257 0.922486
vt 0.157088 0.932655
vt 0.453074 0.311519
vt 0.465032 0.311519
vt 0.877622 0.852612
vt 0.875469 0.852687
vt 0.875541 0.852617
vt 0.874682 0.745725
vt 0.876886 0.734088
vt 0.876886 0.745694
vt 0.453176 0.311519
vt 0.459133 0.259352
vt 0.573025 0.495760
vt 0.877745 0.864210
vt 0.877673 0.864281
vt 0.875469 0.864236
vt 0.466173 0.139956
vt 0.418276 0.550481
vt 0.432514 0.550485
vt 0.425401 0.585871
vt 0.005615 0.548027
vt 0.020502 0.547961
vt 0.013064 0.583336
vt 0.946366 0.279050
vt 0.946745 0.283381
vt 0.945966 0.283371
vt 0.946379 0.232184
vt 0.946764 0.236514
vt 0.945971 0.236507
vt 0.580702 0.837437
vt 0.580452 0.819937
vt 0.580792 0.819935
vt 0.817797 0.813969
vt 0.817707 0.796425
vt 0.818013 0.796458
vt 0.837589 0.561516
vt 0.837338 0.544016
vt 0.837678 0.544014
vt 0.818204 0.594342
vt 0.818115 0.576799
vt 0.818420 0.576831
vt 0.826215 0.096907
vt 0.826126 0.079364
vt 0.826431 0.079396
vt 0.686315 0.831438
vt 0.686064 0.813938
vt 0.686404 0.813936
vt 0.826261 0.626071
vt 0.826172 0.608528
vt 0.826477 0.608561
vt 0.674448 0.830923
vt 0.674197 0.813423
vt 0.674537 0.813422
vt 0.109723 0.831730
vt 0.109473 0.814230
vt 0.109813 0.814229
vt 0.825135 0.461883
vt 0.825045 0.444339
vt 0.825351 0.444372
vt 0.684467 0.310440
vt 0.684117 0.259393
vt 0.684596 0.259393
vt 0.685187 0.500074
vt 0.685521 0.551123
vt 0.685037 0.551123
vt 0.584117 0.962647
vt 0.584117 0.962169
vt 0.679671 0.195873
vt 0.697075 0.551008
vt 0.696736 0.551005
vt 0.070060 0.699193
vt 0.069721 0.648167
vt 0.069936 0.648166
vt 0.620113 0.962444
vt 0.479772 0.537650
vt 0.468414 0.537862
vt 0.468413 0.537645
vt 0.479779 0.538063
vt 0.468413 0.538202
vt 0.468414 0.537986
vt 0.725730 0.962522
vt 0.725927 0.962133
vt 0.725841 0.962149
vt 0.726185 0.962812
vt 0.619874 0.962133
vt 0.619749 0.962133
vt 0.069721 0.699338
vt 0.619849 0.962181
vt 0.468343 0.589095
vt 0.468281 0.537996
vt 0.584379 0.962968
vt 0.903183 0.650424
vt 0.903121 0.650496
vt 0.903059 0.650428
vt 0.926413 0.962868
vt 0.926423 0.962297
vt 0.926735 0.962201
vt 0.926887 0.962633
vt 0.017293 0.892571
vt 0.903046 0.639101
vt 0.902843 0.650424
vt 0.899815 0.734000
vt 0.900031 0.734002
vt 0.900031 0.745483
vt 0.899850 0.291648
vt 0.900050 0.303013
vt 0.899709 0.303171
vt 0.899693 0.745321
vt 0.097061 0.485488
vt 0.089839 0.536723
vt 0.082603 0.485497
vt 0.109496 0.534673
vt 0.116718 0.483439
vt 0.123953 0.534665
vt 0.343795 0.841563
vt 0.343557 0.824061
vt 0.343902 0.824059
vt 0.828671 0.751567
vt 0.828575 0.734041
vt 0.828870 0.734071
vt 0.841076 0.813961
vt 0.840838 0.796459
vt 0.841183 0.796458
vt 0.829875 0.594327
vt 0.829779 0.576801
vt 0.830074 0.576831
vt 0.030996 0.838359
vt 0.030758 0.820857
vt 0.031103 0.820856
vt 0.828671 0.781539
vt 0.828575 0.764013
vt 0.828870 0.764044
vt 0.838330 0.140831
vt 0.838092 0.123329
vt 0.838437 0.123328
vt 0.829934 0.517591
vt 0.829838 0.500065
vt 0.830133 0.500095
vt 0.714966 0.829063
vt 0.714870 0.811537
vt 0.715165 0.811568
vt 0.752479 0.839897
vt 0.752241 0.822395
vt 0.752586 0.822393
vt 0.356286 0.705480
vt 0.355952 0.656314
vt 0.356436 0.656314
vt 0.005792 0.657099
vt 0.006142 0.706264
vt 0.005664 0.706264
vt 0.496693 0.660604
vt 0.497035 0.709748
vt 0.496818 0.709749
vt 0.971613 0.255162
vt 0.150589 0.537317
vt 0.150656 0.586534
vt 0.169232 0.663488
vt 0.169573 0.663494
vt 0.169361 0.710420
vt 0.548772 0.962647
vt 0.406865 0.492712
vt 0.407075 0.492764
vt 0.971272 0.255634
vt 0.971324 0.254989
vt 0.892405 0.676555
vt 0.892392 0.664372
vt 0.892609 0.664377
vt 0.548772 0.962170
vt 0.892267 0.664377
vt 0.892330 0.664305
vt 0.394856 0.540368
vt 0.749370 0.962867
vt 0.749681 0.962202
vt 0.749836 0.962635
vt 0.749384 0.962296
vt 0.394901 0.489677
vt 0.406818 0.492340
vt 0.971094 0.029751
vt 0.497035 0.660459
vt 0.686204 0.871487
vt 0.138307 0.586592
vt 0.971034 0.029425
vt 0.971228 0.029251
vt 0.463953 0.376258
vt 0.482593 0.419590
vt 0.445205 0.419587
vt 0.348146 0.421603
vt 0.366740 0.376349
vt 0.385447 0.421678
vt 0.219592 0.484840
vt 0.202062 0.525884
vt 0.184637 0.484839
vt 0.493797 0.302310
vt 0.476279 0.259377
vt 0.511204 0.259442
vt 0.731124 0.259370
vt 0.731522 0.295548
vt 0.730724 0.295565
vt 0.743159 0.259369
vt 0.743555 0.295553
vt 0.742761 0.295568
vt 0.058096 0.708657
vt 0.058492 0.744840
vt 0.057698 0.744855
vt 0.733872 0.686599
vt 0.734270 0.722778
vt 0.733472 0.722794
vt 0.733052 0.500072
vt 0.733450 0.536251
vt 0.732652 0.536267
vt 0.745087 0.500072
vt 0.745483 0.536256
vt 0.744689 0.536270
vt 0.624286 0.623789
vt 0.622274 0.576798
vt 0.626268 0.576788
vt 0.541668 0.584436
vt 0.543663 0.631438
vt 0.539689 0.631461
vt 0.211883 0.600106
vt 0.222513 0.600075
vt 0.217193 0.628201
vt 0.635070 0.123336
vt 0.645648 0.123323
vt 0.640354 0.151443
vt 0.500159 0.114719
vt 0.505682 0.128465
vt 0.494645 0.128472
vt 0.658736 0.020040
vt 0.664247 0.005664
vt 0.669758 0.020083
vt 0.671064 0.460320
vt 0.671939 0.455104
vt 0.676484 0.458759
vt 0.429262 0.127161
vt 0.431155 0.121710
vt 0.434494 0.125795
vt 0.934637 0.537844
vt 0.934509 0.544970
vt 0.934354 0.537854
vt 0.577327 0.929611
vt 0.577479 0.922508
vt 0.577638 0.929587
vt 0.934637 0.556202
vt 0.934509 0.563329
vt 0.934354 0.556213
vt 0.588925 0.929611
vt 0.589054 0.922485
vt 0.589236 0.929587
vt 0.716461 0.929564
vt 0.716661 0.922508
vt 0.716820 0.929587
vt 0.934637 0.574561
vt 0.934509 0.581687
vt 0.934354 0.574572
vt 0.600477 0.929564
vt 0.600653 0.922485
vt 0.600835 0.929587
vt 0.934637 0.519485
vt 0.934509 0.526612
vt 0.934353 0.519496
vt 0.565681 0.929564
vt 0.565857 0.922484
vt 0.566039 0.929587
vt 0.934685 0.592967
vt 0.934509 0.600046
vt 0.934354 0.592930
vt 0.728108 0.929611
vt 0.728236 0.922485
vt 0.728418 0.929587
vt 0.934637 0.611278
vt 0.934509 0.618405
vt 0.934354 0.611289
vt 0.397994 0.922507
vt 0.398692 0.928550
vt 0.397303 0.928554
vt 0.334774 0.922507
vt 0.335504 0.928538
vt 0.334051 0.928549
vt 0.899427 0.205599
vt 0.898104 0.205610
vt 0.898756 0.195799
vt 0.196893 0.891716
vt 0.196221 0.881915
vt 0.197544 0.881905
vt 0.441850 0.891981
vt 0.441178 0.882181
vt 0.442501 0.882170
vt 0.899553 0.229109
vt 0.898229 0.229119
vt 0.898881 0.219309
vt 0.808435 0.005637
vt 0.808657 0.026050
vt 0.808356 0.026050
vt 0.030967 0.809563
vt 0.030758 0.789148
vt 0.031062 0.789148
vt 0.110788 0.932712
vt 0.110438 0.932680
vt 0.110638 0.922488
vt 0.215024 0.922491
vt 0.215353 0.922486
vt 0.215184 0.932656
vt 0.168547 0.922491
vt 0.168876 0.922486
vt 0.168708 0.932656
vt 0.122407 0.932712
vt 0.122057 0.932680
vt 0.122257 0.922488
vt 0.082617 0.548027
vt 0.097504 0.547962
vt 0.090066 0.583336
vt 0.250305 0.551056
vt 0.264543 0.551060
vt 0.257431 0.586446
vt 0.946366 0.325914
vt 0.946745 0.330245
vt 0.945966 0.330235
vt 0.946379 0.263428
vt 0.946763 0.267758
vt 0.945971 0.267752
vt 0.228311 0.825845
vt 0.228222 0.808301
vt 0.228528 0.808334
vt 0.837853 0.068100
vt 0.837602 0.050600
vt 0.837942 0.050598
vt 0.121590 0.831730
vt 0.121340 0.814230
vt 0.121680 0.814229
vt 0.563716 0.824882
vt 0.563627 0.807338
vt 0.563932 0.807371
vt 0.818263 0.517606
vt 0.818173 0.500063
vt 0.818479 0.500095
vt 0.837853 0.096898
vt 0.837602 0.079398
vt 0.837942 0.079396
vt 0.837899 0.626062
vt 0.837648 0.608562
vt 0.837988 0.608561
vt 0.284559 0.825100
vt 0.284470 0.807557
vt 0.284776 0.807590
vt 0.818691 0.704136
vt 0.818601 0.686593
vt 0.818907 0.686626
vt 0.831732 0.023159
vt 0.831481 0.005659
vt 0.831821 0.005657
vt 0.300350 0.681215
vt 0.300000 0.630167
vt 0.300478 0.630167
vt 0.685475 0.576810
vt 0.685809 0.627859
vt 0.685325 0.627859
vt 0.184691 0.537461
vt 0.971271 0.005585
vt 0.971693 0.005680
vt 0.971645 0.005585
vt 0.820214 0.962398
vt 0.820430 0.962133
vt 0.185241 0.537413
vt 0.196380 0.537276
vt 0.185041 0.537111
vt 0.820583 0.962752
vt 0.820214 0.962812
vt 0.445704 0.589023
vt 0.700496 0.377444
vt 0.700154 0.377327
vt 0.700492 0.326300
vt 0.184691 0.588488
vt 0.690405 0.101510
vt 0.690040 0.101507
vt 0.690261 0.050566
vt 0.785072 0.962799
vt 0.785021 0.962841
vt 0.785075 0.962195
vt 0.196394 0.588595
vt 0.185041 0.588839
vt 0.785365 0.962367
vt 0.971331 0.136227
vt 0.971406 0.136866
vt 0.273790 0.708916
vt 0.273621 0.660177
vt 0.273963 0.660206
vt 0.785299 0.962718
vt 0.971034 0.136400
vt 0.456861 0.537939
vt 0.445497 0.538202
vt 0.445498 0.537859
vt 0.456857 0.589158
vt 0.445497 0.588817
vt 0.089498 0.594627
vt 0.097501 0.615725
vt 0.081493 0.615787
vt 0.476065 0.600534
vt 0.484030 0.621648
vt 0.468100 0.621684
vt 0.005592 0.627113
vt 0.019232 0.627052
vt 0.012409 0.645794
vt 0.157524 0.633547
vt 0.171098 0.633509
vt 0.164308 0.652241
vt 0.297200 0.769076
vt 0.297587 0.789004
vt 0.296811 0.789015
vt 0.622660 0.468447
vt 0.623064 0.488347
vt 0.622254 0.488362
vt 0.017632 0.765008
vt 0.018448 0.765005
vt 0.018038 0.784914
vt 0.595059 0.766999
vt 0.595846 0.766999
vt 0.595452 0.786933
vt 0.196212 0.767090
vt 0.196998 0.767090
vt 0.196604 0.787024
vt 0.284296 0.745205
vt 0.285112 0.745203
vt 0.284703 0.765111
vt 0.161559 0.747402
vt 0.159554 0.765263
vt 0.157535 0.747411
vt 0.757557 0.657019
vt 0.759561 0.639158
vt 0.761580 0.657010
vt 0.005623 0.594658
vt 0.021631 0.594595
vt 0.013626 0.615756
vt 0.081463 0.627113
vt 0.095103 0.627053
vt 0.088280 0.645794
vt 0.184698 0.632526
vt 0.198272 0.632487
vt 0.191482 0.651220
vt 0.496702 0.767216
vt 0.497488 0.767216
vt 0.497094 0.787149
vt 0.778982 0.123305
vt 0.779798 0.123302
vt 0.779389 0.143211
vt 0.789693 0.326348
vt 0.790081 0.346276
vt 0.789305 0.346287
vt 0.081868 0.765007
vt 0.082272 0.784907
vt 0.081462 0.784922
vt 0.778982 0.154475
vt 0.779798 0.154473
vt 0.779389 0.174381
vt 0.521928 0.767235
vt 0.522714 0.767235
vt 0.522321 0.787169
vt 0.271092 0.763070
vt 0.269073 0.745218
vt 0.273097 0.745209
vt 0.763814 0.224935
vt 0.765833 0.242788
vt 0.761809 0.242797
vt 0.619937 0.355570
vt 0.635867 0.355534
vt 0.627902 0.376684
vt 0.416560 0.597177
vt 0.432567 0.597114
vt 0.424563 0.618275
vt 0.510096 0.632854
vt 0.523670 0.632815
vt 0.516880 0.651548
vt 0.786493 0.639149
vt 0.787279 0.639149
vt 0.786886 0.659083
vt 0.509881 0.760471
vt 0.510696 0.760469
vt 0.510287 0.780377
vt 0.093911 0.765007
vt 0.094314 0.784907
vt 0.093505 0.784922
vt 0.791139 0.195787
vt 0.791527 0.215715
vt 0.790751 0.215726
vt 0.384418 0.766325
vt 0.384805 0.786253
vt 0.384029 0.786264
vt 0.780767 0.259369
vt 0.781170 0.279269
vt 0.780360 0.279284
vt 0.557628 0.493171
vt 0.555623 0.511033
vt 0.553604 0.493180
vt 0.761810 0.213656
vt 0.763814 0.195795
vt 0.765833 0.213647
vt 0.192693 0.600072
vt 0.200658 0.621186
vt 0.184728 0.621222
vt 0.258316 0.597720
vt 0.266320 0.618818
vt 0.250312 0.618881
vt 0.468070 0.632988
vt 0.481644 0.632950
vt 0.474854 0.651683
vt 0.371484 0.628542
vt 0.385123 0.628481
vt 0.378300 0.647222
vt 0.780767 0.291666
vt 0.781170 0.311566
vt 0.780361 0.311581
vt 0.138667 0.766767
vt 0.139054 0.786695
vt 0.138278 0.786707
vt 0.468071 0.767370
vt 0.468857 0.767370
vt 0.468464 0.787304
vt 0.782996 0.686603
vt 0.783812 0.686600
vt 0.783402 0.706509
vt 0.780835 0.358644
vt 0.781239 0.378545
vt 0.780429 0.378560
vt 0.789864 0.444348
vt 0.790252 0.464276
vt 0.789476 0.464288
vt 0.330444 0.745261
vt 0.332463 0.763113
vt 0.328440 0.763122
vt 0.763626 0.068440
vt 0.761607 0.050588
vt 0.765631 0.050579
vt 0.183380 0.361234
vt 0.138268 0.255551
vt 0.228494 0.255568
vt 0.295390 0.259366
vt 0.340500 0.365049
vt 0.250277 0.365034
vt 0.064172 0.536723
vt 0.056936 0.485497
vt 0.071394 0.485488
vt 0.308854 0.488572
vt 0.316089 0.539799
vt 0.301632 0.539808
vt 0.539961 0.829283
vt 0.539866 0.811757
vt 0.540161 0.811788
vt 0.838330 0.169629
vt 0.838092 0.152128
vt 0.838437 0.152126
vt 0.650747 0.830917
vt 0.650651 0.813391
vt 0.650947 0.813422
vt 0.840279 0.751575
vt 0.840041 0.734073
vt 0.840386 0.734071
vt 0.841483 0.594335
vt 0.841245 0.576833
vt 0.841590 0.576831
vt 0.826722 0.170819
vt 0.826626 0.153293
vt 0.826921 0.153324
vt 0.830362 0.704121
vt 0.830266 0.686595
vt 0.830561 0.686626
vt 0.479831 0.841443
vt 0.479593 0.823941
vt 0.479938 0.823939
vt 0.062871 0.827812
vt 0.062775 0.810286
vt 0.063070 0.810317
vt 0.427926 0.841488
vt 0.427688 0.823986
vt 0.428033 0.823984
vt 0.017520 0.657099
vt 0.017870 0.706264
vt 0.017392 0.706264
vt 0.637837 0.704860
vt 0.637503 0.655694
vt 0.637987 0.655694
vt 0.058523 0.697268
vt 0.701647 0.099820
vt 0.521998 0.662795
vt 0.522339 0.662800
vt 0.560554 0.962400
vt 0.184691 0.662607
vt 0.185033 0.662462
vt 0.185033 0.711751
vt 0.184816 0.711751
vt 0.575773 0.523603
vt 0.575833 0.572820
vt 0.737579 0.962867
vt 0.737593 0.962296
vt 0.737889 0.962202
vt 0.738044 0.962635
vt 0.109909 0.871779
vt 0.971106 0.148583
vt 0.971247 0.148062
vt 0.971677 0.148134
vt 0.971634 0.148056
vt 0.563521 0.573170
vt 0.575700 0.572954
vt 0.575699 0.573170
vt 0.563478 0.572752
vt 0.864094 0.892290
vt 0.864081 0.880107
vt 0.864298 0.880112
vt 0.863957 0.880112
vt 0.864019 0.880040
vt 0.886782 0.208077
vt 0.886566 0.195738
vt 0.886906 0.195900
vt 0.886566 0.208075
vt 0.813550 0.488341
vt 0.813352 0.476121
vt 0.813692 0.475963
vt 0.509777 0.005586
vt 0.491047 0.048917
vt 0.472427 0.005585
vt 0.366797 0.478231
vt 0.348082 0.432904
vt 0.385399 0.432977
vt 0.509007 0.485374
vt 0.526451 0.526420
vt 0.491459 0.526417
vt 0.477454 0.182858
vt 0.494853 0.139992
vt 0.512364 0.182926
vt 0.539684 0.700829
vt 0.540491 0.700827
vt 0.540087 0.737014
vt 0.744973 0.576809
vt 0.745777 0.576807
vt 0.745374 0.612999
vt 0.745505 0.639150
vt 0.746309 0.639149
vt 0.745906 0.675341
vt 0.725849 0.195788
vt 0.726656 0.195786
vt 0.726251 0.231974
vt 0.732936 0.576809
vt 0.733743 0.576807
vt 0.733339 0.612995
vt 0.737769 0.389826
vt 0.738573 0.389824
vt 0.738170 0.426016
vt 0.623375 0.246941
vt 0.625357 0.199940
vt 0.627369 0.246931
vt 0.238651 0.588678
vt 0.236678 0.635685
vt 0.234691 0.588665
vt 0.445176 0.600641
vt 0.455806 0.600610
vt 0.450486 0.628735
vt 0.637522 0.576839
vt 0.648100 0.576826
vt 0.642806 0.604946
vt 0.708811 0.005603
vt 0.714334 0.019349
vt 0.703297 0.019356
vt 0.672786 0.712934
vt 0.678298 0.698558
vt 0.683809 0.712978
vt 0.697307 0.037580
vt 0.698181 0.032366
vt 0.702727 0.036020
vt 0.392433 0.127161
vt 0.394326 0.121710
vt 0.397665 0.125795
vt 0.739659 0.929564
vt 0.739858 0.922508
vt 0.740017 0.929587
vt 0.934637 0.097238
vt 0.934509 0.104364
vt 0.934354 0.097248
vt 0.496137 0.929611
vt 0.496266 0.922485
vt 0.496448 0.929587
vt 0.934685 0.464457
vt 0.934509 0.471536
vt 0.934354 0.464420
vt 0.530886 0.929564
vt 0.531085 0.922508
vt 0.531244 0.929587
vt 0.934637 0.115597
vt 0.934509 0.122723
vt 0.934354 0.115607
vt 0.681713 0.929611
vt 0.681865 0.922508
vt 0.682024 0.929587
vt 0.934637 0.133954
vt 0.934509 0.141081
vt 0.934354 0.133965
vt 0.934637 0.152314
vt 0.934509 0.159440
vt 0.934354 0.152324
vt 0.554083 0.929564
vt 0.554282 0.922508
vt 0.554441 0.929587
vt 0.472940 0.929611
vt 0.473069 0.922485
vt 0.473251 0.929587
vt 0.934637 0.170672
vt 0.934509 0.177798
vt 0.934354 0.170682
vt 0.410592 0.922507
vt 0.411290 0.928550
vt 0.409902 0.928554
vt 0.309448 0.922507
vt 0.310178 0.928538
vt 0.308725 0.928549
vt 0.311229 0.891584
vt 0.310558 0.881783
vt 0.311881 0.881773
vt 0.899836 0.133117
vt 0.898512 0.133128
vt 0.899164 0.123317
vt 0.898974 0.336161
vt 0.897650 0.336171
vt 0.898302 0.326360
vt 0.496359 0.891842
vt 0.495687 0.882041
vt 0.497011 0.882031
vt 0.810504 0.639153
vt 0.810725 0.659566
vt 0.810425 0.659566
vt 0.686274 0.802643
vt 0.686064 0.782229
vt 0.686369 0.782229
vt 0.145309 0.922491
vt 0.145638 0.922486
vt 0.145469 0.932656
vt 0.041073 0.932712
vt 0.040723 0.932680
vt 0.040923 0.922488
vt 0.052692 0.932712
vt 0.052342 0.932680
vt 0.052542 0.922488
vt 0.133689 0.922491
vt 0.134019 0.922486
vt 0.133850 0.932656
vt 0.121504 0.304447
vt 0.109545 0.304447
vt 0.877828 0.836777
vt 0.875676 0.836852
vt 0.877828 0.825228
vt 0.874682 0.768604
vt 0.874611 0.756928
vt 0.876814 0.756896
vt 0.586635 0.441419
vt 0.586489 0.491169
vt 0.121402 0.304447
vt 0.115460 0.356603
vt 0.875553 0.825253
vt 0.875604 0.836782
vt 0.109497 0.472160
vt 0.121361 0.420014
vt 0.121383 0.472179
vt 0.109526 0.420014
vt 0.876835 0.768552
vt 0.876886 0.756967
vt 0.572172 0.175340
vt 0.573264 0.123304
vt 0.115463 0.367847
vt 0.109503 0.545973
vt 0.124389 0.545908
vt 0.116952 0.581282
vt 0.301500 0.551056
vt 0.315739 0.551060
vt 0.308626 0.586446
vt 0.946366 0.310293
vt 0.946745 0.314624
vt 0.945966 0.314614
vt 0.946379 0.216561
vt 0.946764 0.220892
vt 0.945971 0.220885
vt 0.820094 0.023168
vt 0.820005 0.005625
vt 0.820311 0.005657
vt 0.833800 0.656674
vt 0.833550 0.639175
vt 0.833890 0.639173
vt 0.822163 0.656684
vt 0.822073 0.639140
vt 0.822379 0.639173
vt 0.396589 0.833974
vt 0.396339 0.816474
vt 0.396679 0.816472
vt 0.826422 0.242119
vt 0.826332 0.224576
vt 0.826638 0.224608
vt 0.837931 0.407350
vt 0.837681 0.389850
vt 0.838021 0.389848
vt 0.662368 0.830923
vt 0.662117 0.813423
vt 0.662458 0.813422
vt 0.826293 0.407359
vt 0.826204 0.389816
vt 0.826510 0.389848
vt 0.824963 0.343882
vt 0.824874 0.326339
vt 0.825180 0.326372
vt 0.356347 0.835067
vt 0.356097 0.817567
vt 0.356437 0.817565
vt 0.683091 0.174375
vt 0.682740 0.123328
vt 0.683219 0.123328
vt 0.688724 0.389827
vt 0.689058 0.440876
vt 0.688574 0.440876
vt 0.607761 0.962843
vt 0.607722 0.962771
vt 0.607662 0.962411
vt 0.607867 0.962165
vt 0.396396 0.628468
vt 0.396775 0.628499
vt 0.207607 0.537462
vt 0.207607 0.588488
vt 0.608155 0.962235
vt 0.608253 0.962231
vt 0.208157 0.537414
vt 0.262286 0.708936
vt 0.261943 0.708921
vt 0.262078 0.660205
vt 0.514904 0.588845
vt 0.514904 0.537789
vt 0.514347 0.537789
vt 0.514689 0.537645
vt 0.950561 0.962133
vt 0.526062 0.588904
vt 0.514711 0.588610
vt 0.950187 0.962133
vt 0.950609 0.962228
vt 0.971611 0.385968
vt 0.971117 0.385489
vt 0.971523 0.385475
vt 0.971607 0.385969
vt 0.971221 0.386004
vt 0.971034 0.385823
vt 0.081719 0.892534
vt 0.219309 0.588595
vt 0.207957 0.588839
vt 0.551558 0.905522
vt 0.219309 0.537424
vt 0.207957 0.537111
vt 0.031276 0.536727
vt 0.038498 0.485492
vt 0.045733 0.536718
vt 0.290415 0.488568
vt 0.283193 0.539803
vt 0.275958 0.488577
vt 0.841542 0.517599
vt 0.841304 0.500097
vt 0.841649 0.500095
vt 0.551830 0.829283
vt 0.551734 0.811757
vt 0.552030 0.811788
vt 0.841970 0.704129
vt 0.841732 0.686627
vt 0.842077 0.686625
vt 0.829468 0.813953
vt 0.829372 0.796427
vt 0.829667 0.796458
vt 0.177707 0.829695
vt 0.177611 0.812169
vt 0.177907 0.812200
vt 0.839554 0.309193
vt 0.839316 0.291692
vt 0.839661 0.291690
vt 0.839622 0.376152
vt 0.839384 0.358650
vt 0.839729 0.358648
vt 0.827946 0.309186
vt 0.827850 0.291660
vt 0.828145 0.291690
vt 0.840279 0.780373
vt 0.840041 0.762871
vt 0.840386 0.762869
vt 0.733746 0.830622
vt 0.733650 0.813097
vt 0.733945 0.813127
vt 0.702850 0.244977
vt 0.702516 0.195811
vt 0.703001 0.195811
vt 0.093391 0.657100
vt 0.093741 0.706264
vt 0.093263 0.706264
vt 0.678362 0.962412
vt 0.678560 0.962133
vt 0.430296 0.538982
vt 0.843983 0.962843
vt 0.843946 0.962771
vt 0.843885 0.962413
vt 0.844089 0.962164
vt 0.971597 0.362299
vt 0.971223 0.362321
vt 0.971034 0.362141
vt 0.359756 0.492624
vt 0.348376 0.540582
vt 0.348078 0.540361
vt 0.844507 0.962543
vt 0.673900 0.870965
vt 0.971609 0.362287
vt 0.971106 0.361817
vt 0.971515 0.361794
vt 0.844375 0.962233
vt 0.844474 0.962228
vt 0.348619 0.540493
vt 0.360297 0.492756
vt 0.196272 0.662470
vt 0.196777 0.709399
vt 0.196451 0.709369
vt 0.196639 0.662475
vt 0.430846 0.538934
vt 0.430846 0.489790
vt 0.418288 0.489683
vt 0.430496 0.489439
vt 0.418302 0.539119
vt 0.348129 0.489642
vt 0.359907 0.492874
vt 0.430496 0.539284
vt 0.971226 0.017418
vt 0.971646 0.017530
vt 0.971585 0.017422
vt 0.491102 0.060144
vt 0.509741 0.103476
vt 0.472353 0.103473
vt 0.396686 0.478194
vt 0.415280 0.432940
vt 0.433987 0.478268
vt 0.494909 0.237085
vt 0.477391 0.194152
vt 0.512316 0.194218
vt 0.173338 0.484840
vt 0.155808 0.525884
vt 0.138382 0.484839
vt 0.622231 0.697385
vt 0.623038 0.697383
vt 0.622634 0.733571
vt 0.738136 0.444349
vt 0.738940 0.444348
vt 0.738537 0.480540
vt 0.741381 0.123305
vt 0.742184 0.123304
vt 0.741781 0.159496
vt 0.697767 0.701609
vt 0.698574 0.701607
vt 0.698169 0.737795
vt 0.234687 0.707375
vt 0.235491 0.707374
vt 0.235088 0.743565
vt 0.300006 0.692487
vt 0.300813 0.692485
vt 0.300408 0.728673
vt 0.580788 0.631371
vt 0.578776 0.584380
vt 0.582770 0.584370
vt 0.059818 0.589955
vt 0.061813 0.636956
vt 0.057839 0.636979
vt 0.637522 0.616270
vt 0.648100 0.616257
vt 0.642806 0.644377
vt 0.032856 0.594648
vt 0.043486 0.594617
vt 0.038165 0.622742
vt 0.725810 0.551771
vt 0.731332 0.565516
vt 0.720295 0.565523
vt 0.211908 0.712040
vt 0.217419 0.697664
vt 0.222930 0.712084
vt 0.739130 0.313800
vt 0.740004 0.308584
vt 0.744550 0.312239
vt 0.447677 0.127161
vt 0.449570 0.121710
vt 0.452909 0.125795
vt 0.612122 0.929611
vt 0.612251 0.922485
vt 0.612433 0.929587
vt 0.934685 0.372664
vt 0.934509 0.379743
vt 0.934354 0.372627
vt 0.670067 0.929564
vt 0.670244 0.922484
vt 0.670426 0.929587
vt 0.934637 0.629636
vt 0.934509 0.636763
vt 0.934353 0.629647
vt 0.934637 0.647995
vt 0.934509 0.655122
vt 0.934354 0.648006
vt 0.623721 0.929611
vt 0.623850 0.922485
vt 0.624032 0.929587
vt 0.635272 0.929564
vt 0.635471 0.922508
vt 0.635630 0.929587
vt 0.934637 0.501127
vt 0.934509 0.508253
vt 0.934354 0.501137
vt 0.658516 0.929611
vt 0.658645 0.922485
vt 0.658827 0.929587
vt 0.934637 0.794865
vt 0.934509 0.801991
vt 0.934354 0.794875
vt 0.646870 0.929564
vt 0.647070 0.922508
vt 0.647229 0.929587
vt 0.934637 0.666354
vt 0.934509 0.673480
vt 0.934354 0.666365
vt 0.360100 0.922507
vt 0.360830 0.928538
vt 0.359377 0.928549
vt 0.435789 0.922507
vt 0.436487 0.928550
vt 0.435098 0.928554
vt 0.595740 0.891625
vt 0.595069 0.881824
vt 0.596392 0.881813
vt 0.899145 0.454161
vt 0.897822 0.454171
vt 0.898474 0.444361
vt 0.297488 0.891647
vt 0.296816 0.881846
vt 0.298139 0.881836
vt 0.158868 0.897241
vt 0.157545 0.897251
vt 0.158197 0.887440
vt 0.415027 0.790631
vt 0.415249 0.811044
vt 0.414948 0.811044
vt 0.806626 0.597246
vt 0.806417 0.576832
vt 0.806721 0.576832
vt 0.180166 0.922491
vt 0.180496 0.922486
vt 0.180327 0.932656
vt 0.064312 0.932712
vt 0.063962 0.932680
vt 0.064161 0.922488
vt 0.191785 0.922491
vt 0.192115 0.922486
vt 0.191946 0.932656
vt 0.075931 0.932712
vt 0.075581 0.932680
vt 0.075780 0.922488
vt 0.031736 0.548027
vt 0.046623 0.547961
vt 0.039185 0.583336
vt 0.275972 0.551056
vt 0.290210 0.551060
vt 0.283098 0.586446
vt 0.946366 0.294671
vt 0.946745 0.299003
vt 0.945966 0.298992
vt 0.946379 0.247806
vt 0.946764 0.252136
vt 0.945971 0.252129
vt 0.368214 0.835067
vt 0.367963 0.817567
vt 0.368304 0.817565
vt 0.825951 0.561525
vt 0.825862 0.543982
vt 0.826168 0.544014
vt 0.838060 0.213312
vt 0.837809 0.195812
vt 0.838149 0.195810
vt 0.157784 0.825264
vt 0.157695 0.807720
vt 0.158000 0.807753
vt 0.836601 0.343873
vt 0.836350 0.326373
vt 0.836690 0.326372
vt 0.326826 0.823118
vt 0.326736 0.805574
vt 0.327042 0.805607
vt 0.826421 0.213321
vt 0.826332 0.195778
vt 0.826638 0.195810
vt 0.836772 0.461873
vt 0.836522 0.444373
vt 0.836862 0.444372
vt 0.826215 0.068109
vt 0.826126 0.050565
vt 0.826431 0.050598
vt 0.838059 0.242110
vt 0.837809 0.224610
vt 0.838149 0.224608
vt 0.659626 0.684573
vt 0.659275 0.633526
vt 0.659754 0.633526
vt 0.622448 0.635044
vt 0.622782 0.686093
vt 0.622298 0.686093
vt 0.250455 0.660206
vt 0.572336 0.962651
vt 0.572336 0.962169
vt 0.173520 0.537288
vt 0.698037 0.690273
vt 0.697822 0.690389
vt 0.697760 0.639101
vt 0.572846 0.962687
vt 0.572598 0.962968
vt 0.698100 0.639245
vt 0.162282 0.587063
vt 0.162050 0.587058
vt 0.491512 0.589042
vt 0.596195 0.962192
vt 0.805544 0.888314
vt 0.805129 0.892606
vt 0.805296 0.881240
vt 0.804990 0.881240
vt 0.503141 0.537650
vt 0.867567 0.962133
vt 0.867470 0.962212
vt 0.868042 0.962338
vt 0.702053 0.962261
vt 0.702043 0.962320
vt 0.702713 0.962705
vt 0.702158 0.962720
vt 0.868047 0.962810
vt 0.868076 0.962743
vt 0.867956 0.962776
vt 0.867672 0.962821
vt 0.867490 0.962599
vt 0.901926 0.473098
vt 0.901933 0.484425
vt 0.901717 0.484421
vt 0.902058 0.484421
vt 0.901996 0.484493
vt 0.173483 0.589668
vt 0.162339 0.587434
vt 0.899721 0.765986
vt 0.900031 0.757226
vt 0.900031 0.768707
vt 0.321218 0.597767
vt 0.329221 0.618865
vt 0.313214 0.618928
vt 0.039632 0.634066
vt 0.046411 0.652763
vt 0.032846 0.652796
vt 0.281964 0.630176
vt 0.288776 0.648860
vt 0.275145 0.648915
vt 0.791422 0.154499
vt 0.791810 0.174428
vt 0.791034 0.174439
vt 0.781490 0.734047
vt 0.781894 0.753947
vt 0.781084 0.753962
vt 0.480486 0.767370
vt 0.480873 0.787298
vt 0.480097 0.787309
vt 0.784807 0.005633
vt 0.785211 0.025533
vt 0.784401 0.025548
vt 0.781490 0.765217
vt 0.781894 0.785118
vt 0.781084 0.785132
vt 0.615883 0.770551
vt 0.616270 0.790479
vt 0.615494 0.790490
vt 0.752267 0.751918
vt 0.754271 0.734056
vt 0.756290 0.751909
vt 0.765631 0.079719
vt 0.763627 0.097580
vt 0.761607 0.079728
vt 0.518091 0.600400
vt 0.526056 0.621514
vt 0.510126 0.621550
vt 0.423349 0.629602
vt 0.430160 0.648285
vt 0.416530 0.648340
vt 0.448979 0.640060
vt 0.455758 0.658757
vt 0.442193 0.658789
vt 0.250676 0.770923
vt 0.251064 0.790851
vt 0.250288 0.790862
vt 0.344465 0.764153
vt 0.344869 0.784053
vt 0.344059 0.784068
vt 0.442596 0.766159
vt 0.443000 0.786059
vt 0.442190 0.786074
vt 0.792799 0.259369
vt 0.793187 0.279297
vt 0.792411 0.279309
vt 0.782629 0.500071
vt 0.783033 0.519971
vt 0.782223 0.519986
vt 0.429463 0.767415
vt 0.429850 0.787343
vt 0.429074 0.787355
vt 0.638958 0.062930
vt 0.636939 0.045077
vt 0.640962 0.045068
vt 0.763355 0.547675
vt 0.765374 0.565528
vt 0.761351 0.565537
vt 0.117475 0.625010
vt 0.125440 0.646124
vt 0.109510 0.646160
vt 0.601845 0.640899
vt 0.608624 0.659596
vt 0.595060 0.659628
vt 0.257102 0.630176
vt 0.263914 0.648860
vt 0.250283 0.648915
vt 0.790680 0.543991
vt 0.791068 0.563919
vt 0.790292 0.563930
vt 0.782917 0.576807
vt 0.783321 0.596707
vt 0.782511 0.596722
vt 0.791139 0.226982
vt 0.791527 0.246910
vt 0.790751 0.246921
vt 0.044885 0.765820
vt 0.045289 0.785720
vt 0.044479 0.785735
vt 0.005997 0.765007
vt 0.006401 0.784907
vt 0.005591 0.784921
vt 0.790944 0.050575
vt 0.791332 0.070503
vt 0.790556 0.070514
vt 0.317218 0.745256
vt 0.315214 0.763117
vt 0.313195 0.745265
vt 0.563474 0.764886
vt 0.565479 0.747024
vt 0.567498 0.764877
vt 0.352266 0.593821
vt 0.360269 0.614919
vt 0.344262 0.614981
vt 0.633183 0.082298
vt 0.641147 0.103412
vt 0.625217 0.103448
vt 0.570244 0.642646
vt 0.577022 0.661343
vt 0.563458 0.661375
vt 0.790944 0.081769
vt 0.791332 0.101698
vt 0.790556 0.101709
vt 0.637914 0.763533
vt 0.638318 0.783433
vt 0.637508 0.783448
vt 0.767890 0.766283
vt 0.768294 0.786184
vt 0.767484 0.786198
vt 0.791023 0.389825
vt 0.791410 0.409753
vt 0.790634 0.409764
vt 0.791422 0.123305
vt 0.791810 0.143233
vt 0.791034 0.143244
vt 0.456225 0.763769
vt 0.456629 0.783670
vt 0.455819 0.783684
vt 0.763705 0.407690
vt 0.761686 0.389838
vt 0.765709 0.389829
vt 0.298828 0.739944
vt 0.300847 0.757796
vt 0.296823 0.757805
vt 0.804466 0.422227
vt 0.803000 0.433072
vt 0.801505 0.422239
vt 0.874073 0.270223
vt 0.875539 0.259378
vt 0.877034 0.270211
vt 0.872414 0.228764
vt 0.873880 0.217919
vt 0.875375 0.228752
vt 0.566430 0.864925
vt 0.564964 0.875770
vt 0.563469 0.864937
vt 0.875153 0.050577
vt 0.873687 0.061422
vt 0.872192 0.050589
vt 0.872207 0.083552
vt 0.873673 0.072707
vt 0.875168 0.083540
vt 0.872697 0.134158
vt 0.874163 0.123313
vt 0.875658 0.134146
vt 0.842205 0.418626
vt 0.840740 0.429471
vt 0.839244 0.418638
vt 0.850287 0.484000
vt 0.851753 0.473155
vt 0.853248 0.483988
vt 0.160498 0.865307
vt 0.159032 0.876152
vt 0.157537 0.865319
vt 0.872207 0.105676
vt 0.873673 0.094831
vt 0.875168 0.105664
vt 0.867421 0.473149
vt 0.865955 0.483994
vt 0.864460 0.473161
vt 0.269090 0.867903
vt 0.270556 0.857058
vt 0.272051 0.867891
vt 0.231026 0.865888
vt 0.229560 0.876733
vt 0.228065 0.865900
vt 0.799044 0.487499
vt 0.800510 0.476654
vt 0.802006 0.487487
vt 0.313521 0.859645
vt 0.312055 0.870490
vt 0.310560 0.859657
vt 0.875643 0.145431
vt 0.874177 0.156276
vt 0.872682 0.145443
vt 0.867633 0.429477
vt 0.869099 0.418632
vt 0.870594 0.429465
vt 0.853446 0.429477
vt 0.854912 0.418632
vt 0.856407 0.429465
vt 0.875199 0.608540
vt 0.873733 0.619385
vt 0.872238 0.608552
vt 0.870955 0.337202
vt 0.872421 0.326357
vt 0.873916 0.337190
vt 0.876867 0.291669
vt 0.875401 0.302514
vt 0.873906 0.291681
vt 0.875643 0.167555
vt 0.874177 0.178400
vt 0.872682 0.167567
vt 0.138300 0.866240
vt 0.139766 0.855395
vt 0.141262 0.866228
vt 0.326594 0.874013
vt 0.328060 0.863168
vt 0.329555 0.874001
vt 0.618463 0.855898
vt 0.616997 0.866743
vt 0.615501 0.855910
vt 0.874073 0.444351
vt 0.872607 0.455196
vt 0.871112 0.444363
vt 0.871943 0.554844
vt 0.873409 0.543999
vt 0.874904 0.554832
vt 0.873989 0.369479
vt 0.875455 0.358634
vt 0.876950 0.369467
vt 0.875232 0.389827
vt 0.873766 0.400673
vt 0.872270 0.389839
vt 0.875360 0.195789
vt 0.873894 0.206634
vt 0.872399 0.195801
vt 0.250310 0.867052
vt 0.251776 0.856207
vt 0.253271 0.867040
vt 0.622852 0.565506
vt 0.622225 0.500083
vt 0.623080 0.500057
vt 0.372086 0.617199
vt 0.371477 0.551863
vt 0.372359 0.551841
vt 0.623619 0.188686
vt 0.623311 0.123339
vt 0.623767 0.123332
vt 0.633381 0.324804
vt 0.633052 0.259393
vt 0.633488 0.259349
vt 0.752445 0.867325
vt 0.752241 0.851192
vt 0.752537 0.851190
vt 0.864678 0.516222
vt 0.864594 0.500065
vt 0.864850 0.500095
vt 0.864210 0.841381
vt 0.864127 0.825224
vt 0.864382 0.825255
vt 0.455520 0.868607
vt 0.455316 0.852473
vt 0.455612 0.852472
vt 0.367947 0.862489
vt 0.367863 0.846332
vt 0.368118 0.846363
vt 0.864160 0.868818
vt 0.863957 0.852685
vt 0.864252 0.852684
vt 0.580706 0.864859
vt 0.580622 0.848702
vt 0.580877 0.848732
vt 0.510081 0.868259
vt 0.509877 0.852125
vt 0.510172 0.852124
vt 0.865106 0.702752
vt 0.865023 0.686595
vt 0.865278 0.686626
vt 0.479796 0.868870
vt 0.479593 0.852737
vt 0.479888 0.852736
vt 0.395465 0.617165
vt 0.394856 0.551829
vt 0.395739 0.551807
vt 0.622875 0.457146
vt 0.622249 0.391723
vt 0.623103 0.391697
vt 0.625489 0.071015
vt 0.625180 0.005668
vt 0.625637 0.005661
vt 0.634744 0.565506
vt 0.634415 0.500095
vt 0.634851 0.500052
vt 0.864212 0.812584
vt 0.864129 0.796427
vt 0.864384 0.796458
vt 0.637707 0.868370
vt 0.637503 0.852237
vt 0.637799 0.852236
vt 0.864619 0.592958
vt 0.864536 0.576801
vt 0.864791 0.576831
vt 0.868443 0.655307
vt 0.868239 0.639174
vt 0.868535 0.639173
vt 0.356350 0.862489
vt 0.356267 0.846332
vt 0.356522 0.846363
vt 0.427892 0.868916
vt 0.427688 0.852783
vt 0.427984 0.852781
vt 0.031011 0.865779
vt 0.030928 0.849622
vt 0.031183 0.849653
vt 0.415103 0.867289
vt 0.414899 0.851156
vt 0.415195 0.851155
vt 0.866425 0.021783
vt 0.866341 0.005627
vt 0.866596 0.005657
vt 0.343761 0.868991
vt 0.343557 0.852857
vt 0.343853 0.852856
vt 0.279106 0.720168
vt 0.284628 0.733913
vt 0.273592 0.733920
vt 0.669935 0.487274
vt 0.675446 0.472898
vt 0.680957 0.487318
vt 0.678586 0.037580
vt 0.679460 0.032365
vt 0.684006 0.036020
vt 0.781970 0.428325
vt 0.783863 0.422874
vt 0.787202 0.426959
vt 0.878888 0.929611
vt 0.879017 0.922485
vt 0.879199 0.929587
vt 0.934637 0.262465
vt 0.934509 0.269591
vt 0.934354 0.262475
vt 0.934637 0.280824
vt 0.934509 0.287950
vt 0.934353 0.280834
vt 0.855644 0.929564
vt 0.855819 0.922485
vt 0.856002 0.929587
vt 0.890439 0.929564
vt 0.890615 0.922485
vt 0.890797 0.929587
vt 0.934685 0.299230
vt 0.934509 0.306309
vt 0.934353 0.299193
vt 0.844092 0.929611
vt 0.844221 0.922484
vt 0.844403 0.929587
vt 0.934637 0.225748
vt 0.934509 0.232874
vt 0.934354 0.225758
vt 0.934685 0.317588
vt 0.934509 0.324667
vt 0.934353 0.317551
vt 0.902085 0.929611
vt 0.902237 0.922508
vt 0.902396 0.929587
vt 0.867242 0.929564
vt 0.867441 0.922508
vt 0.867600 0.929587
vt 0.934637 0.335900
vt 0.934509 0.343026
vt 0.934354 0.335910
vt 0.384701 0.922509
vt 0.386091 0.922505
vt 0.385400 0.928552
vt 0.296058 0.922512
vt 0.297511 0.922502
vt 0.296788 0.928544
vt 0.768830 0.892101
vt 0.767506 0.892111
vt 0.768159 0.882301
vt 0.890517 0.698100
vt 0.889845 0.688299
vt 0.891168 0.688289
vt 0.612718 0.111982
vt 0.612046 0.102182
vt 0.613369 0.102171
vt 0.384849 0.892167
vt 0.383526 0.892177
vt 0.384178 0.882366
vt 0.324271 0.720207
vt 0.318739 0.733964
vt 0.313200 0.720223
vt 0.686527 0.020062
vt 0.681016 0.005642
vt 0.692038 0.005686
vt 0.659865 0.037580
vt 0.660740 0.032365
vt 0.665285 0.036020
vt 0.782336 0.482606
vt 0.784230 0.477154
vt 0.787569 0.481239
vt 0.786052 0.929564
vt 0.786252 0.922508
vt 0.786411 0.929587
vt 0.934637 0.409334
vt 0.934509 0.416460
vt 0.934353 0.409344
vt 0.797698 0.929611
vt 0.797827 0.922485
vt 0.798009 0.929587
vt 0.934637 0.684712
vt 0.934509 0.691839
vt 0.934354 0.684723
vt 0.762903 0.929611
vt 0.763031 0.922485
vt 0.763214 0.929587
vt 0.934685 0.482816
vt 0.934509 0.489895
vt 0.934354 0.482779
vt 0.934637 0.703071
vt 0.934509 0.710198
vt 0.934354 0.703082
vt 0.751304 0.929611
vt 0.751456 0.922508
vt 0.751615 0.929587
vt 0.774454 0.929564
vt 0.774653 0.922508
vt 0.774812 0.929587
vt 0.934637 0.427693
vt 0.934509 0.434819
vt 0.934353 0.427703
vt 0.934637 0.390976
vt 0.934509 0.398102
vt 0.934354 0.390986
vt 0.809250 0.929564
vt 0.809425 0.922484
vt 0.809608 0.929587
vt 0.422496 0.922509
vt 0.423885 0.922505
vt 0.423194 0.928552
vt 0.346711 0.922512
vt 0.348163 0.922502
vt 0.347441 0.928544
vt 0.841527 0.891277
vt 0.840856 0.881476
vt 0.842179 0.881466
vt 0.894591 0.428436
vt 0.893268 0.428446
vt 0.893920 0.418635
vt 0.327910 0.895095
vt 0.326587 0.895105
vt 0.327239 0.885295
vt 0.818220 0.891278
vt 0.817548 0.881477
vt 0.818871 0.881467
vt 0.261369 0.720160
vt 0.255837 0.733917
vt 0.250298 0.720176
vt 0.656018 0.712956
vt 0.650506 0.698536
vt 0.661529 0.698581
vt 0.410847 0.127161
vt 0.412741 0.121710
vt 0.416080 0.125795
vt 0.753073 0.037576
vt 0.753947 0.032361
vt 0.758492 0.036016
vt 0.934519 0.354286
vt 0.934664 0.361372
vt 0.934354 0.361396
vt 0.922747 0.012736
vt 0.922565 0.005634
vt 0.922875 0.005610
vt 0.934496 0.776510
vt 0.934664 0.783620
vt 0.934354 0.783644
vt 0.922723 0.031071
vt 0.922565 0.023993
vt 0.922922 0.024016
vt 0.820895 0.929611
vt 0.821024 0.922485
vt 0.821206 0.929587
vt 0.934637 0.721430
vt 0.934509 0.728556
vt 0.934353 0.721440
vt 0.934496 0.739794
vt 0.934664 0.746903
vt 0.934354 0.746927
vt 0.832626 0.929575
vt 0.832467 0.922497
vt 0.832825 0.922520
vt 0.922592 0.049465
vt 0.922720 0.042339
vt 0.922902 0.049441
vt 0.934637 0.758147
vt 0.934509 0.765273
vt 0.934353 0.758157
vt 0.934496 0.244112
vt 0.934664 0.251221
vt 0.934354 0.251245
vt 0.922723 0.067789
vt 0.922565 0.060710
vt 0.922923 0.060733
vt 0.447692 0.922509
vt 0.449082 0.922505
vt 0.448391 0.928552
vt 0.321384 0.922512
vt 0.322837 0.922502
vt 0.322115 0.928544
vt 0.890656 0.532667
vt 0.889984 0.522866
vt 0.891307 0.522856
vt 0.564800 0.896859
vt 0.563477 0.896869
vt 0.564128 0.887058
vt 0.889911 0.038631
vt 0.889240 0.028830
vt 0.890563 0.028820
vt 0.468251 0.891991
vt 0.466928 0.892001
vt 0.467580 0.882190
vt 0.599450 0.220417
vt 0.599020 0.123329
vt 0.599896 0.123290
vt 0.598176 0.597142
vt 0.597806 0.500097
vt 0.598557 0.500094
vt 0.598176 0.488783
vt 0.597806 0.391737
vt 0.598557 0.391734
vt 0.600369 0.102746
vt 0.599939 0.005659
vt 0.600815 0.005619
vt 0.347274 0.551805
vt 0.360216 0.551783
vt 0.353767 0.582535
vt 0.057845 0.548047
vt 0.071375 0.547962
vt 0.064628 0.578704
vt 0.580922 0.371432
vt 0.586560 0.371430
vt 0.583742 0.379879
vt 0.555660 0.101865
vt 0.561553 0.101836
vt 0.558607 0.110287
vt 0.264905 0.985974
vt 0.287432 0.986118
vt 0.253697 0.986012
vt 0.253735 0.986028
vt 0.219910 0.986144
vt 0.219915 0.985967
vt 0.219979 0.986071
vt 0.219910 0.985960
vt 0.219996 0.986038
vt 0.468342 0.537924
vt 0.468280 0.537996
vt 0.186100 0.986145
vt 0.185964 0.986126
vt 0.186028 0.986166
vt 0.185966 0.986094
vt 0.186067 0.985960
vt 0.584323 0.962134
vt 0.584379 0.962196
vt 0.208600 0.985960
vt 0.208725 0.985960
vt 0.208739 0.986110
vt 0.548977 0.962135
vt 0.549035 0.962197
vt 0.174657 0.986043
vt 0.174793 0.986062
vt 0.174729 0.986022
vt 0.174791 0.986094
vt 0.174690 0.986229
vt 0.150651 0.586534
vt 0.445426 0.537924
vt 0.445364 0.537996
vt 0.039573 0.986050
vt 0.039639 0.986008
vt 0.039643 0.986092
vt 0.039500 0.986313
vt 0.039535 0.985987
vt 0.163350 0.986043
vt 0.163486 0.986062
vt 0.163422 0.986022
vt 0.163484 0.986094
vt 0.163383 0.986229
vt 0.575834 0.572820
vt 0.560759 0.962135
vt 0.560817 0.962197
vt 0.197410 0.986110
vt 0.197285 0.986110
vt 0.197271 0.985960
vt 0.276254 0.986028
vt 0.276219 0.986056
vt 0.242457 0.986012
vt 0.242495 0.986028
vt 0.050886 0.986051
vt 0.050952 0.986008
vt 0.050957 0.986093
vt 0.050814 0.986313
vt 0.050849 0.985988
vt 0.231240 0.986070
vt 0.231181 0.985968
vt 0.572542 0.962134
vt 0.572598 0.962196
vt 0.573061 0.495760
vt 0.832366 0.962136
vt 0.118443 0.985960
vt 0.700891 0.438612
vt 0.679477 0.247048
vt 0.140880 0.985966
vt 0.017057 0.986325
vt 0.971280 0.254927
vt 0.820879 0.962478
vt 0.785390 0.962308
vt 0.084709 0.985960
vt 0.701880 0.050526
vt 0.005585 0.985980
vt 0.109473 0.304447
vt 0.938484 0.962136
vt 0.095960 0.985960
vt 0.679033 0.962447
vt 0.129688 0.985960
vt 0.572104 0.175334
vt 0.250695 0.708979
vt 0.073431 0.985960
vt 0.780581 0.881195
vt 0.092729 0.371582
vt 0.271108 0.928465
vt 0.856088 0.962828
vt 0.700277 0.438783
vt 0.901641 0.836577
vt 0.234724 0.696155
vt 0.094218 0.880985
vt 0.057828 0.697361
vt 0.005808 0.881069
vt 0.844295 0.962828
vt 0.028227 0.986368
vt 0.688766 0.377283
vt 0.688702 0.326333
vt 0.688983 0.326385
vt 0.901576 0.807781
vt 0.107198 0.986363
vt 0.971116 0.373554
vt 0.926811 0.962154
vt 0.749772 0.962155
vt 0.983007 0.934253
vt 0.971399 0.136168
vt 0.737980 0.962155
vt 0.121433 0.420014
vt 0.938759 0.962667
vt 0.971121 0.385400
vt 0.983007 0.922474
vt 0.971116 0.361715
vt 0.596262 0.962133
vt 0.560862 0.123279
vt 0.383453 0.492480
vt 0.383505 0.492710
vt 0.152179 0.986328
vt 0.445497 0.589330
vt 0.445158 0.589095
vt 0.360074 0.492384
vt 0.360306 0.492685
vt 0.162618 0.587211
vt 0.284569 0.901499
vt 0.284292 0.901451
vt 0.284520 0.890338
vt 0.856168 0.962156
vt 0.926688 0.962133
vt 0.749653 0.962133
vt 0.785029 0.962133
vt 0.062180 0.985960
vt 0.737862 0.962133
vt 0.608155 0.962158
vt 0.844376 0.962156
vt 0.596138 0.962133
vt 0.559674 0.479351
vt 0.465104 0.311519
vt 0.062587 0.893090
vt 0.062900 0.893059
vt 0.062903 0.904124
vt 0.886849 0.123322
vt 0.887139 0.123289
vt 0.887152 0.135270
vt 0.268495 0.928450
vt 0.268577 0.928537
vt 0.621810 0.344319
vt 0.621881 0.259391
vt 0.511252 0.472871
vt 0.560847 0.208710
vt 0.527027 0.005684
vt 0.122488 0.228059
vt 0.116334 0.228050
vt 0.529623 0.243220
vt 0.523621 0.243227
vt 0.284869 0.922533
vt 0.284785 0.922448
vt 0.556888 0.481922
vt 0.521043 0.113574
vt 0.832697 0.962644
vt 0.971034 0.373640
vt 0.714391 0.962155
vt 0.877694 0.852682
vt 0.874610 0.745654
vt 0.874661 0.734070
vt 0.874734 0.734000
vt 0.679436 0.195801
vt 0.725822 0.962195
vt 0.726244 0.962217
vt 0.468063 0.589023
vt 0.982991 0.969088
vt 0.982996 0.969488
vt 0.982869 0.969495
vt 0.982913 0.969543
vt 0.982863 0.969398
vt 0.150866 0.537389
vt 0.395068 0.540494
vt 0.971401 0.254927
vt 0.971568 0.029278
vt 0.982995 0.945561
vt 0.982999 0.945961
vt 0.982870 0.945969
vt 0.982913 0.946017
vt 0.982863 0.945873
vt 0.971605 0.005592
vt 0.445427 0.589095
vt 0.785151 0.962133
vt 0.971274 0.136168
vt 0.701882 0.099892
vt 0.576050 0.523675
vt 0.982995 0.957325
vt 0.982999 0.957725
vt 0.982870 0.957733
vt 0.982913 0.957781
vt 0.982863 0.957637
vt 0.971587 0.148053
vt 0.971677 0.148451
vt 0.690207 0.962652
vt 0.690307 0.962264
vt 0.690872 0.962227
vt 0.877757 0.836847
vt 0.874611 0.768533
vt 0.875625 0.825183
vt 0.876763 0.768622
vt 0.950521 0.962139
vt 0.971034 0.385489
vt 0.971034 0.361801
vt 0.360045 0.492621
vt 0.971566 0.017442
vt 0.173306 0.537167
vt 0.697760 0.690345
vt 0.596194 0.962963
vt 0.867529 0.962226
vt 0.702118 0.962224
vt 0.867980 0.962821
s 1
usemtl residential_015_baked
f 8/1/1 7/2/2 10/3/3
f 11/4/4 13/5/4 14/6/4
f 17/7/5 19/8/6 16/9/7
f 24/10/8 26/11/8 27/12/8
f 28/13/9 30/14/10 63/15/11
f 34/16/12 35/17/12 33/18/12
f 39/19/13 41/20/13 42/21/13
f 44/22/14 45/23/14 43/24/14
f 47/25/15 48/26/15 46/27/15
f 50/28/16 52/29/17 49/30/18
f 53/31/19 55/32/19 56/33/19
f 58/34/20 59/35/20 60/36/20
f 93/37/21 94/38/21 92/39/21
f 106/40/22 107/41/22 103/42/22
f 121/43/23 123/44/23 124/45/23
f 243/46/24 223/47/24 244/48/25
f 253/49/26 254/50/26 255/51/26
f 286/52/27 282/53/27 287/54/27
f 289/55/23 291/56/23 292/57/23
f 403/58/28 404/59/28 400/60/28
f 413/61/29 415/62/29 416/63/29
f 550/64/30 530/65/30 551/66/30
f 557/67/31 558/68/31 559/69/31
f 670/70/32 671/71/32 673/72/32
f 675/73/33 676/74/33 674/75/33
f 682/76/29 684/77/29 685/78/29
f 692/79/34 693/80/34 689/81/34
f 724/82/35 725/83/35 723/84/35
f 735/85/36 737/86/36 738/87/36
f 754/88/37 755/89/37 751/90/37
f 856/91/38 858/92/38 860/93/38
f 863/94/39 864/95/39 868/96/39
f 872/97/40 853/98/40 873/99/40
f 885/100/41 886/101/41 884/102/41
f 191/103/42 2/104/42 190/105/42
f 296/106/43 295/107/44 283/108/45
f 532/109/46 537/110/46 533/111/46
f 112/112/47 110/113/47 115/114/47
f 856/115/48 868/96/48 857/116/48
f 861/117/49 867/118/49 862/119/49
f 885/100/50 882/120/50 883/121/50
f 288/122/51 294/123/52 279/124/53
f 675/125/54 669/126/54 673/72/54
f 46/27/55 8/1/55 10/3/55
f 24/10/56 53/127/56 56/128/56
f 32/129/57 26/11/57 31/130/57
f 53/127/58 58/34/58 54/131/58
f 108/132/59 90/133/59 103/134/59
f 96/135/60 100/136/60 92/137/60
f 98/138/61 97/139/62 109/140/63
f 106/141/64 114/142/64 113/143/64
f 375/144/65 192/145/65 374/146/65
f 253/147/66 230/148/67 229/149/68
f 236/150/69 231/151/69 237/152/69
f 240/153/70 236/154/71 234/155/70
f 250/156/72 257/157/72 248/158/72
f 297/159/73 281/160/73 298/161/73
f 302/162/74 297/163/74 301/164/74
f 290/165/75 306/166/76 305/167/77
f 373/168/78 375/169/78 374/170/78
f 196/171/79 373/172/79 195/173/79
f 405/174/80 410/175/80 400/176/80
f 403/177/81 429/178/82 424/179/83
f 432/180/84 421/181/85 422/182/86
f 557/183/87 540/184/87 539/185/87
f 546/186/74 532/187/74 536/188/74
f 554/189/88 561/190/88 555/191/88
f 628/192/89 632/193/89 631/194/89
f 694/195/90 679/196/91 689/197/92
f 678/198/93 668/199/93 674/200/93
f 665/201/94 664/202/95 666/203/96
f 692/204/97 696/205/97 695/206/97
f 756/207/98 728/208/98 751/209/98
f 727/210/99 733/211/99 723/212/99
f 741/213/100 740/214/101 743/215/102
f 754/216/103 757/217/104 746/218/105
f 850/219/106 852/220/107 851/221/108
f 869/222/109 858/223/109 857/224/109
f 877/225/110 856/226/111 860/227/112
f 886/228/113 881/229/114 878/230/115
f 39/231/116 20/232/116 21/233/116
f 31/234/117 8/235/117 32/236/117
f 59/237/118 43/238/118 60/239/118
f 99/240/119 102/241/120 100/136/121
f 109/242/122 94/243/122 93/244/122
f 104/245/123 125/246/123 105/247/123
f 94/248/124 126/249/125 95/250/126
f 233/251/127 237/252/128 222/253/129
f 234/254/130 221/255/131 235/256/132
f 296/106/43 298/257/133 295/107/44
f 301/258/134 283/259/135 303/260/136
f 401/261/137 417/262/137 402/263/137
f 534/264/138 531/265/138 528/266/138
f 541/267/139 528/266/140 531/265/141
f 536/268/142 528/269/143 547/270/144
f 667/271/145 663/272/146 668/199/147
f 666/203/148 676/273/148 675/274/148
f 690/275/149 686/276/149 691/277/149
f 676/278/150 700/279/151 677/280/152
f 743/281/153 725/282/153 724/283/153
f 752/284/154 739/285/154 753/286/154
f 725/287/155 760/288/125 726/289/156
f 859/290/157 851/291/157 852/292/157
f 875/293/158 860/294/159 859/295/160
f 875/296/158 849/297/131 876/298/161
f 17/7/162 11/299/162 14/300/162
f 33/18/163 18/301/163 17/302/163
f 25/303/164 45/23/165 49/304/166
f 98/305/61 120/306/167 97/307/62
f 89/308/168 117/309/169 88/310/170
f 114/311/171 112/312/172 113/313/173
f 193/314/174 196/315/174 195/316/174
f 230/317/175 225/318/176 229/319/177
f 228/320/178 232/321/179 224/322/180
f 228/323/181 249/324/182 226/325/183
f 309/326/184 279/327/53 308/328/185
f 373/329/186 194/330/186 1154/331/186
f 419/332/187 412/333/187 418/334/187
f 407/335/188 428/336/189 406/337/190
f 424/338/191 430/339/191 426/340/191
f 540/341/192 538/342/193 539/343/194
f 543/344/195 541/345/196 542/346/197
f 543/347/198 562/348/199 544/349/200
f 665/350/94 681/351/201 664/352/95
f 679/196/202 671/353/202 687/354/202
f 696/355/203 670/356/204 695/357/205
f 670/358/206 697/359/207 671/360/208
f 741/361/100 734/362/209 740/363/101
f 742/364/210 749/365/211 722/366/212
f 746/367/213 750/368/213 747/369/213
f 855/370/214 864/371/214 863/372/214
f 864/95/215 880/373/216 865/374/217
f 7/375/218 23/376/219 22/377/220
f 38/378/221 37/379/222 36/380/223
f 55/127/224 62/381/224 61/382/224
f 93/383/225 117/384/225 116/385/225
f 107/41/226 110/386/226 108/387/226
f 232/388/227 255/389/227 254/390/227
f 238/391/228 224/392/228 239/393/228
f 255/394/229 251/395/229 256/396/229
f 299/397/230 308/398/230 300/399/230
f 307/400/231 292/401/232 291/402/233
f 426/403/234 420/404/234 427/405/234
f 404/59/235 430/406/235 405/407/235
f 541/408/236 559/409/236 558/410/236
f 534/411/230 542/412/230 535/413/230
f 559/414/237 563/415/237 560/416/237
f 630/417/238 631/418/239 632/419/240
f 693/80/241 697/420/241 694/421/241
f 747/422/242 723/423/242 748/424/242
f 755/89/243 750/425/243 756/426/243
f 854/427/244 889/428/244 888/429/244
f 889/428/245 880/430/245 884/102/245
f 10/3/246 42/21/247 41/20/248
f 29/431/249 47/432/249 46/433/249
f 51/434/250 40/435/250 52/29/250
f 91/436/251 116/385/251 115/437/251
f 122/438/252 127/439/253 95/440/254
f 193/441/255 192/442/256 191/443/257
f 246/444/258 247/445/259 245/446/260
f 248/447/261 228/323/181 227/448/262
f 305/449/77 309/450/263 307/451/231
f 411/452/109 428/453/109 427/454/109
f 414/455/264 433/456/265 432/457/84
f 564/458/266 553/459/267 552/460/268
f 555/461/269 543/462/198 545/463/270
f 630/464/271 638/465/271 637/466/271
f 679/467/272 673/72/273 672/468/274
f 683/469/275 699/470/276 677/471/277
f 729/472/278 749/473/278 748/474/278
f 736/475/279 759/476/280 726/477/254
f 874/478/281 854/479/282 855/370/283
f 882/480/284 878/481/285 883/482/286
f 878/483/115 867/118/287 866/484/288
f 254/390/289 223/485/290 243/486/291
f 257/487/50 246/488/50 245/489/50
f 294/123/292 282/490/293 286/491/294
f 558/410/292 530/492/295 550/493/294
f 561/494/296 564/495/296 552/496/296
f 888/429/289 853/497/297 872/498/298
f 29/499/299 12/500/299 30/14/299
f 51/501/300 34/502/300 33/503/300
f 49/30/166 48/26/301 25/504/164
f 824/505/186 636/506/186 635/507/186
f 23/508/302 13/509/302 22/510/302
f 37/511/303 18/512/303 36/513/303
f 62/514/304 63/515/304 61/516/304
f 3/517/305 1/518/305 2/519/305
f 2/520/305 1/521/305 3/522/305
f 6/523/306 5/524/306 4/525/306
f 5/526/306 6/527/306 4/528/306
f 7/529/307 20/232/308 42/530/247
f 23/531/219 7/532/218 9/533/309
f 22/377/310 20/534/308 7/375/307
f 46/27/311 9/535/311 13/536/311
f 23/531/219 9/533/309 13/537/306
f 17/302/13 14/538/13 13/536/13
f 11/539/306 13/540/306 9/541/306
f 10/3/312 41/20/312 17/302/312
f 26/542/313 32/236/313 8/235/313
f 46/27/312 13/536/312 29/499/312
f 15/543/314 22/510/310 14/300/315
f 31/544/316 12/545/317 11/539/318
f 15/543/314 14/300/315 16/9/319
f 22/377/310 15/546/314 20/534/308
f 21/547/320 15/548/321 19/549/322
f 41/20/312 33/18/312 17/302/312
f 19/549/323 18/550/323 41/551/323
f 58/552/324 36/513/324 18/512/324
f 34/553/325 59/554/325 18/512/325
f 41/555/306 17/556/306 37/557/222
f 56/128/326 31/130/316 27/12/327
f 26/558/328 25/559/329 47/432/306
f 27/560/330 47/432/330 53/561/331
f 48/562/332 24/563/332 26/564/332
f 12/565/325 55/566/325 30/567/325
f 54/568/333 53/561/333 29/431/333
f 35/569/313 30/570/313 55/571/313
f 62/572/334 28/573/9 63/574/11
f 56/128/326 12/575/317 31/130/316
f 44/576/335 51/501/335 52/577/335
f 53/578/58 58/579/58 60/580/58
f 59/237/336 63/581/336 34/502/336
f 41/20/312 51/434/312 33/18/312
f 44/576/337 59/237/338 34/502/339
f 36/380/340 43/24/341 38/378/342
f 36/380/340 60/36/343 43/24/341
f 37/557/222 38/582/221 39/583/344
f 38/584/345 52/585/345 40/586/346
f 45/587/347 48/562/348 52/588/325
f 61/382/349 57/589/350 54/131/351
f 57/590/350 61/516/349 63/515/352
f 59/237/353 57/591/350 63/581/352
f 64/592/305 66/593/305 65/594/305
f 64/595/305 65/596/305 66/597/305
f 69/598/305 68/599/305 67/600/305
f 69/601/305 67/602/305 68/603/305
f 71/604/305 72/605/305 70/606/354
f 71/607/305 70/608/354 72/609/305
f 73/610/305 75/611/355 74/612/354
f 73/613/305 74/614/354 75/615/355
f 76/616/305 77/617/355 78/618/356
f 76/619/305 78/620/356 77/621/355
f 81/622/356 79/623/305 80/624/354
f 81/625/356 80/626/354 79/627/305
f 82/628/356 83/629/305 84/630/354
f 82/631/356 84/632/354 83/633/305
f 85/634/305 86/635/305 87/636/305
f 85/637/305 87/638/305 86/639/305
f 91/640/357 117/641/357 89/642/357
f 89/642/168 90/133/358 91/640/359
f 88/643/360 93/644/361 97/645/362
f 88/643/360 117/646/363 93/644/361
f 89/642/168 103/134/364 90/133/358
f 89/642/168 88/647/170 103/134/364
f 116/385/365 90/648/366 99/649/119
f 90/650/366 102/241/120 99/240/119
f 90/650/366 101/651/367 102/241/120
f 92/652/368 96/653/368 93/244/368
f 96/653/369 100/654/370 102/655/371
f 96/656/372 95/657/254 127/658/253
f 94/243/338 98/659/338 109/242/338
f 119/660/373 95/250/126 126/249/125
f 94/661/374 124/662/375 126/663/376
f 124/664/377 120/665/377 98/659/377
f 116/385/378 99/649/378 92/666/378
f 104/245/379 88/667/360 97/307/362
f 104/245/379 97/307/362 120/306/380
f 101/668/367 125/246/381 102/669/120
f 101/668/382 104/245/382 125/246/382
f 114/670/383 107/671/383 108/672/383
f 112/112/384 108/672/384 110/113/384
f 111/673/385 110/386/386 107/41/387
f 111/673/385 106/40/388 113/674/389
f 111/675/385 113/313/389 112/312/390
f 115/437/391 110/676/386 111/677/385
f 119/678/373 122/438/392 95/440/126
f 119/678/373 126/679/125 123/44/393
f 128/680/394 301/681/394 129/682/394
f 132/683/395 130/684/396 131/685/397
f 130/686/396 132/687/395 131/688/397
f 133/689/305 135/690/305 134/691/305
f 133/692/305 134/693/305 135/694/305
f 136/695/305 138/696/305 137/697/305
f 136/698/305 137/699/305 138/700/305
f 139/701/305 141/702/305 140/703/305
f 139/704/305 140/705/305 141/706/305
f 144/707/306 142/708/306 143/709/306
f 143/710/306 142/711/306 144/712/306
f 147/713/398 145/714/399 146/715/400
f 145/716/399 147/717/398 146/718/400
f 149/719/401 150/720/401 148/721/402
f 150/722/401 149/723/401 148/724/402
f 152/725/58 151/726/58 153/727/58
f 153/728/58 151/729/58 152/730/58
f 156/731/305 154/732/305 155/733/305
f 155/734/305 154/735/305 156/736/305
f 157/737/305 159/738/305 158/739/305
f 158/740/305 159/741/305 157/742/305
f 162/743/305 161/744/305 160/745/305
f 160/746/305 161/747/305 162/748/305
f 165/749/305 164/750/305 163/751/305
f 163/752/305 164/753/305 165/754/305
f 168/755/305 167/756/305 166/757/305
f 166/758/305 167/759/305 168/760/305
f 171/761/305 170/762/305 169/763/305
f 169/764/305 170/765/305 171/766/305
f 172/767/305 174/768/305 173/769/305
f 172/770/305 173/771/305 174/772/305
f 177/773/305 176/774/305 175/775/305
f 175/776/305 176/777/305 177/778/305
f 179/779/403 180/780/404 178/781/405
f 178/782/405 180/783/404 179/784/403
f 181/785/305 182/786/305 183/787/305
f 181/788/305 183/789/305 182/790/305
f 185/791/312 186/792/312 184/793/312
f 186/794/312 185/795/312 184/796/312
f 188/797/406 187/798/407 189/799/408
f 187/800/407 188/801/406 189/802/408
f 2/803/409 1154/804/410 191/443/411
f 196/805/338 1154/806/338 194/807/338
f 375/808/306 1154/809/306 190/810/306
f 375/169/338 2/104/338 190/105/338
f 190/811/412 373/812/412 1154/804/412
f 192/813/413 375/169/413 190/105/413
f 374/814/338 375/815/338 190/816/338
f 191/443/411 1154/804/410 193/441/414
f 196/315/415 193/314/415 194/330/415
f 193/817/255 374/146/416 192/145/256
f 193/817/417 195/173/417 374/146/417
f 373/329/418 196/315/418 194/330/418
f 195/173/419 373/172/419 374/146/419
f 197/818/420 199/819/250 198/820/421
f 199/821/250 197/822/420 198/823/421
f 200/824/305 202/825/305 201/826/305
f 200/827/305 201/828/305 202/829/305
f 205/830/422 203/831/423 204/832/424
f 205/833/422 204/834/424 203/835/423
f 206/836/305 208/837/425 207/838/426
f 206/839/305 207/840/426 208/841/425
f 209/842/305 211/843/425 210/844/427
f 209/845/305 210/846/427 211/847/425
f 212/848/428 213/849/425 214/850/305
f 212/851/428 214/852/305 213/853/425
f 215/854/422 217/855/423 216/856/426
f 215/857/422 216/858/426 217/859/423
f 218/860/305 220/861/305 219/862/305
f 218/863/305 219/864/305 220/865/305
f 233/866/429 221/867/430 244/48/431
f 222/868/432 232/388/433 243/486/434
f 231/869/435 223/870/290 229/319/436
f 233/866/429 244/48/431 223/47/437
f 223/485/290 253/147/438 229/149/436
f 222/871/432 224/872/439 232/873/433
f 228/323/181 251/874/440 249/324/182
f 245/875/260 226/876/441 249/877/442
f 247/878/259 248/879/443 227/880/444
f 230/881/445 254/882/446 255/883/446
f 228/320/447 225/884/176 230/881/175
f 228/323/448 257/885/449 256/886/450
f 222/871/432 238/887/451 224/872/439
f 245/875/260 247/878/259 226/876/441
f 228/323/181 255/888/325 251/874/440
f 239/393/452 237/889/452 225/890/452
f 231/869/435 229/319/436 225/318/453
f 233/866/429 223/47/437 237/891/454
f 243/486/434 232/388/433 254/390/455
f 241/892/456 242/893/456 243/894/456
f 239/895/457 240/896/457 242/897/457
f 239/895/458 242/897/459 234/898/460
f 235/899/132 240/153/461 234/155/130
f 235/900/132 243/894/462 240/901/461
f 247/902/259 246/903/258 257/904/463
f 245/905/260 249/906/442 256/907/464
f 247/902/259 257/904/463 250/908/465
f 260/909/313 258/910/313 259/911/305
f 259/912/305 258/913/313 260/914/313
f 261/915/356 262/916/305 263/917/354
f 261/918/356 263/919/354 262/920/305
f 264/921/356 266/922/305 265/923/354
f 264/924/356 265/925/354 266/926/305
f 267/927/305 269/928/466 268/929/354
f 267/930/305 268/931/354 269/932/466
f 270/933/305 271/934/355 272/935/354
f 270/936/305 272/937/354 271/938/355
f 273/939/305 275/940/305 274/941/305
f 273/942/305 274/943/305 275/944/305
f 276/945/305 278/946/305 277/947/305
f 276/948/305 277/949/305 278/950/305
f 295/951/467 308/952/468 279/953/469
f 309/326/184 288/954/51 279/327/53
f 300/399/470 298/955/470 280/956/470
f 281/957/471 282/958/293 280/959/472
f 296/960/473 282/53/474 298/161/475
f 296/960/473 287/54/476 282/53/474
f 282/490/293 293/961/477 280/962/472
f 309/326/478 280/963/479 292/964/480
f 303/965/136 286/966/481 302/967/482
f 296/960/473 283/968/483 287/54/476
f 284/969/484 285/970/484 286/966/484
f 295/971/467 279/124/469 286/491/485
f 286/491/485 279/124/469 294/123/486
f 300/972/487 285/973/488 301/974/489
f 300/972/490 302/975/490 285/973/490
f 304/976/491 307/977/492 291/56/493
f 304/976/491 290/165/494 305/167/495
f 309/978/263 292/401/232 307/400/231
f 295/951/467 299/979/496 308/952/468
f 303/980/136 302/162/482 301/164/134
f 304/981/491 305/449/495 307/451/492
f 309/978/263 305/982/77 306/983/76
f 311/984/497 310/985/305 312/986/498
f 310/987/305 311/988/497 312/989/498
f 313/990/499 314/991/500 315/992/501
f 314/993/500 313/994/499 315/995/501
f 316/996/305 318/997/305 317/998/305
f 316/999/305 317/1000/305 318/1001/305
f 319/1002/305 320/1003/305 321/1004/305
f 319/1005/305 321/1006/305 320/1007/305
f 322/1008/305 324/1009/305 323/1010/305
f 322/1011/305 323/1012/305 324/1013/305
f 326/1014/305 325/1015/305 327/1016/305
f 326/1017/305 327/1018/305 325/1019/305
f 329/1020/502 330/1021/503 328/1022/504
f 330/1023/503 329/1024/502 328/1025/504
f 331/1026/306 332/1027/306 333/1028/306
f 332/1029/306 331/1030/306 333/1031/306
f 334/1032/305 335/1033/305 336/1034/305
f 336/1035/305 335/1036/305 334/1037/305
f 337/1038/305 339/1039/305 338/1040/305
f 338/1041/305 339/1042/305 337/1043/305
f 340/1044/305 342/1045/305 341/1046/305
f 341/1047/305 342/1048/305 340/1049/305
f 343/1050/305 344/1051/305 345/1052/305
f 345/1053/305 344/1054/305 343/1055/305
f 347/1056/305 346/1057/305 348/1058/305
f 348/1059/305 346/1060/305 347/1061/305
f 350/1062/305 351/1063/305 349/1064/305
f 349/1065/305 351/1066/305 350/1067/305
f 354/1068/305 353/1069/305 352/1070/305
f 352/1071/305 353/1072/305 354/1073/305
f 355/1074/305 356/1075/305 357/1076/305
f 355/1077/305 357/1078/305 356/1079/305
f 358/1080/325 360/1081/325 359/1082/325
f 359/1083/325 360/1084/325 358/1085/325
f 362/1086/505 361/1087/506 363/1088/506
f 363/1089/506 361/1090/506 362/1091/505
f 364/1092/305 365/1093/305 366/1094/305
f 364/1095/305 366/1096/305 365/1097/305
f 368/1098/312 367/1099/312 369/1100/312
f 367/1101/312 368/1102/312 369/1103/312
f 371/1104/58 370/1105/58 372/1106/58
f 370/1107/58 371/1108/58 372/1109/58
f 378/1110/312 377/1111/312 376/1112/312
f 377/1113/312 378/1114/312 376/1115/312
f 379/1116/305 381/1117/305 380/1118/305
f 379/1119/305 380/1120/305 381/1121/305
f 382/1122/428 384/1123/425 383/1124/305
f 382/1125/428 383/1126/305 384/1127/425
f 385/1128/422 387/1129/305 386/1130/426
f 385/1131/422 386/1132/426 387/1133/305
f 388/1134/305 390/1135/425 389/1136/427
f 388/1137/305 389/1138/427 390/1139/425
f 391/1140/305 393/1141/423 392/1142/424
f 391/1143/305 392/1144/424 393/1145/423
f 395/1146/428 396/1147/425 394/1148/422
f 395/1149/428 394/1150/422 396/1151/425
f 397/1152/305 398/1153/305 399/1154/305
f 397/1155/305 399/1156/305 398/1157/305
f 409/1158/507 401/261/507 417/262/507
f 401/261/508 418/334/509 412/333/510
f 429/1159/511 404/1160/511 405/1161/511
f 424/338/512 405/1161/512 430/339/512
f 407/1162/188 406/1163/190 400/176/513
f 401/261/508 406/1164/514 418/334/509
f 423/1165/515 430/406/516 404/59/517
f 407/1162/188 400/176/513 410/175/518
f 423/1165/515 403/58/519 424/1166/520
f 407/1162/188 411/1167/521 428/1168/338
f 407/1162/188 410/175/518 411/1167/521
f 406/1169/514 427/405/522 420/404/523
f 427/1170/524 410/1171/525 408/1172/526
f 409/1158/527 417/262/528 408/1173/526
f 410/1174/525 409/1175/527 408/1176/526
f 421/1177/529 408/1178/530 416/1179/531
f 431/1180/532 414/455/533 432/457/534
f 431/1180/532 422/1181/535 415/62/536
f 419/1182/537 421/1177/529 416/1179/306
f 421/181/85 416/1183/538 422/1184/86
f 406/1185/514 420/1186/523 418/1187/509
f 421/1177/529 419/1182/537 420/1188/539
f 421/181/85 432/180/84 433/1189/265
f 431/1190/532 432/1191/534 422/1192/535
f 423/1193/515 426/403/540 430/1194/516
f 434/1195/305 435/1196/305 436/1197/305
f 434/1198/305 436/1199/305 435/1200/305
f 437/1201/305 439/1202/305 438/1203/305
f 439/1204/305 437/1205/305 438/1206/305
f 440/1207/305 442/1208/305 441/1209/305
f 440/1210/305 441/1211/305 442/1212/305
f 445/1213/338 443/1214/338 444/1215/338
f 443/1216/338 445/1217/338 444/1218/338
f 446/1219/306 448/1220/306 447/1221/306
f 448/1222/306 446/1223/306 447/1224/306
f 450/1225/313 449/1226/313 451/1227/313
f 451/1228/313 449/1229/313 450/1230/313
f 453/1231/541 452/1232/541 455/1233/541
f 454/1234/305 456/1235/305 455/1236/305
f 456/1237/305 454/1238/305 455/1239/305
f 457/1240/306 458/1241/306 459/1242/306
f 458/1243/306 457/1244/306 459/1245/306
f 460/1246/305 462/1247/305 461/1248/305
f 460/1249/305 461/1250/305 462/1251/305
f 464/1252/305 465/1253/305 463/1254/305
f 465/1255/305 464/1256/305 463/1257/305
f 466/1258/305 468/1259/305 467/1260/305
f 466/1261/305 467/1262/305 468/1263/305
f 469/1264/542 471/1265/58 470/1266/543
f 471/1267/58 469/1268/542 470/1269/543
f 472/1270/544 473/1271/544 470/1272/544
f 476/1273/306 474/1274/306 475/1275/306
f 474/1276/306 476/1277/306 475/1278/306
f 477/1279/305 479/1280/305 478/1281/305
f 477/1282/305 478/1283/305 479/1284/305
f 481/1285/305 482/1286/305 480/1287/305
f 481/1288/305 480/1289/305 482/1290/305
f 485/1291/545 484/1292/546 483/1293/547
f 483/1294/547 484/1295/546 485/1296/545
f 486/1297/305 487/1298/305 488/1299/305
f 486/1300/305 488/1301/305 487/1302/305
f 491/1303/305 489/1304/305 490/1305/305
f 489/1306/305 491/1307/305 490/1308/305
f 492/1309/305 494/1310/305 493/1311/305
f 492/1312/305 493/1313/305 494/1314/305
f 496/1315/305 497/1316/305 495/1317/305
f 497/1318/305 496/1319/305 495/1320/305
f 498/1321/305 500/1322/305 499/1323/305
f 498/1324/305 499/1325/305 500/1326/305
f 501/1327/305 502/1328/305 503/1329/305
f 501/1330/305 503/1331/305 502/1332/305
f 505/1333/305 504/1334/305 506/1335/305
f 505/1336/305 506/1337/305 504/1338/305
f 508/1339/305 507/1340/305 509/1341/305
f 508/1342/305 509/1343/305 507/1344/305
f 510/1345/305 511/1346/355 512/1347/548
f 510/1348/305 512/1349/548 511/1350/355
f 513/1351/305 515/1352/355 514/1353/548
f 513/1354/305 514/1355/548 515/1356/355
f 516/1357/305 518/1358/355 517/1359/305
f 516/1360/305 517/1361/305 518/1362/355
f 519/1363/549 520/1364/305 521/1365/305
f 519/1366/549 521/1367/305 520/1368/305
f 522/1369/549 524/1370/355 523/1371/305
f 522/1372/549 523/1373/305 524/1374/355
f 525/1375/305 527/1376/305 526/1377/305
f 525/1378/305 526/1379/305 527/1380/305
f 529/1381/550 528/266/140 541/267/139
f 529/1382/550 541/408/139 550/493/551
f 537/1383/552 530/1384/295 539/343/553
f 528/1385/554 551/66/555 530/65/556
f 530/492/295 557/183/557 539/185/553
f 531/1386/558 534/1387/559 542/1388/560
f 528/1385/554 530/65/556 533/111/561
f 531/1386/558 542/1388/560 541/1389/562
f 535/413/563 533/1390/563 538/1391/563
f 535/1392/490 546/1393/490 549/1394/490
f 535/1392/487 549/1394/564 536/1395/489
f 547/1396/144 546/186/565 536/188/142
f 537/1383/552 539/343/553 538/342/566
f 543/344/567 538/1397/193 540/1398/192
f 540/1398/568 558/1399/568 559/1400/568
f 550/493/551 541/408/139 558/410/569
f 543/347/198 563/415/570 562/348/199
f 552/1401/268 544/1402/571 562/1403/572
f 553/1404/267 555/461/573 545/463/574
f 552/1401/268 553/1404/267 544/1402/571
f 543/347/198 559/414/313 563/415/570
f 547/1405/144 550/1406/481 546/1407/565
f 548/1408/575 549/1409/575 550/1406/575
f 553/1410/267 561/1411/576 554/1412/577
f 553/1410/267 564/1413/266 561/1411/576
f 552/1414/268 562/1415/572 560/1416/578
f 566/1417/312 565/1418/312 567/1419/305
f 565/1420/312 566/1421/312 567/1422/305
f 569/1423/579 570/1424/305 568/1425/580
f 570/1426/305 569/1427/579 568/1428/580
f 573/1429/305 572/1430/305 571/1431/305
f 572/1432/305 573/1433/305 571/1434/305
f 574/1435/305 576/1436/305 575/1437/305
f 576/1438/305 574/1439/305 575/1440/305
f 578/1441/305 577/1442/305 579/1443/305
f 577/1444/305 578/1445/305 579/1446/305
f 582/1447/338 581/1448/338 580/1449/581
f 580/1450/581 581/1451/338 582/1452/338
f 585/1453/305 583/1454/305 584/1455/305
f 583/1456/305 585/1457/305 584/1458/305
f 587/1459/305 588/1460/313 586/1461/313
f 588/1462/313 587/1463/305 586/1464/313
f 589/1465/305 591/1466/305 590/1467/305
f 590/1468/305 591/1469/305 589/1470/305
f 593/1471/305 594/1472/305 592/1473/305
f 592/1474/305 594/1475/305 593/1476/305
f 595/1477/305 596/1478/305 597/1479/305
f 597/1480/305 596/1481/305 595/1482/305
f 599/1483/305 598/1484/305 600/1485/305
f 600/1486/305 598/1487/305 599/1488/305
f 602/1489/305 603/1490/305 601/1491/305
f 601/1492/305 603/1493/305 602/1494/305
f 605/1495/305 604/1496/305 606/1497/305
f 606/1498/305 604/1499/305 605/1500/305
f 609/1501/305 608/1502/305 607/1503/305
f 607/1504/305 608/1505/305 609/1506/305
f 611/1507/305 610/1508/305 612/1509/305
f 611/1510/305 612/1511/305 610/1512/305
f 615/1513/338 614/1514/506 613/1515/506
f 613/1516/506 614/1517/506 615/1518/338
f 618/1519/582 616/1520/582 617/1521/583
f 617/1522/583 616/1523/582 618/1524/582
f 619/1525/305 621/1526/305 620/1527/305
f 619/1528/305 620/1529/305 621/1530/305
f 623/1531/305 622/1532/305 624/1533/305
f 622/1534/305 623/1535/305 624/1536/305
f 626/1537/313 625/1538/313 627/1539/313
f 625/1540/313 626/1541/313 627/1542/313
f 628/1543/584 633/1544/585 632/419/586
f 633/1545/338 638/1546/338 629/1547/338
f 634/1548/306 629/1549/306 636/1550/306
f 628/192/587 636/506/588 824/505/589
f 629/1551/590 631/1552/590 636/506/590
f 629/1553/591 824/1554/591 633/1544/591
f 635/1555/338 629/1547/338 637/1556/338
f 630/1557/238 635/1558/592 631/1559/239
f 630/1557/593 637/1560/593 635/1558/593
f 632/419/586 633/1544/585 630/417/594
f 637/1561/306 634/1548/306 635/1562/306
f 630/464/595 634/1563/595 638/465/595
f 634/1563/596 824/1564/596 638/465/596
f 637/1560/597 824/1565/597 635/1558/597
f 640/1566/312 639/1567/312 641/1568/312
f 639/1569/312 640/1570/312 641/1571/312
f 642/1572/305 643/1573/305 644/1574/305
f 642/1575/305 644/1576/305 643/1577/305
f 645/1578/424 646/1579/305 647/1580/305
f 645/1581/424 647/1582/305 646/1583/305
f 648/1584/428 650/1585/305 649/1586/305
f 648/1587/428 649/1588/305 650/1589/305
f 651/1590/424 652/1591/305 653/1592/305
f 651/1593/424 653/1594/305 652/1595/305
f 654/1596/422 655/1597/423 656/1598/426
f 654/1599/422 656/1600/426 655/1601/423
f 657/1602/428 659/1603/425 658/1604/427
f 657/1605/428 658/1606/427 659/1607/425
f 660/1608/305 661/1609/305 662/1610/305
f 660/1611/305 662/1612/305 661/1613/305
f 674/1614/598 678/1615/598 675/274/598
f 678/1615/599 668/1616/600 663/1617/601
f 679/1618/272 663/272/146 667/271/145
f 679/1618/272 680/1619/602 663/272/146
f 680/1620/602 686/276/603 663/1621/146
f 676/273/306 665/201/306 666/203/306
f 685/1622/604 681/1623/604 665/201/604
f 690/275/605 679/1624/606 664/352/607
f 690/275/605 664/352/607 681/351/608
f 679/1625/606 687/1626/609 664/1627/607
f 687/1628/609 675/125/610 664/1629/607
f 673/72/611 667/1630/611 674/1631/611
f 673/72/273 679/467/272 667/1630/145
f 687/1628/612 673/72/612 675/125/612
f 671/71/613 669/126/613 672/468/613
f 670/358/206 694/1632/614 697/359/207
f 688/1633/615 671/71/616 697/1634/617
f 696/1635/511 693/1636/511 694/1632/511
f 676/1637/618 685/1638/619 700/1639/620
f 678/1640/621 677/1641/277 699/1642/276
f 698/1643/622 677/280/152 700/279/151
f 680/1620/507 690/275/507 686/276/507
f 698/1644/622 683/469/623 677/471/152
f 698/1644/622 700/1645/151 684/77/624
f 688/1646/615 695/357/625 670/356/626
f 688/1647/615 697/420/617 693/80/627
f 688/1647/615 692/79/628 695/1648/625
f 703/1649/629 702/1650/630 701/1651/630
f 701/1652/630 702/1653/630 703/1654/629
f 704/1655/356 706/1656/305 705/1657/354
f 704/1658/356 705/1659/354 706/1660/305
f 707/1661/356 709/1662/305 708/1663/305
f 707/1664/356 708/1665/305 709/1666/305
f 710/1667/549 711/1668/305 712/1669/631
f 710/1670/549 712/1671/631 711/1672/305
f 713/1673/305 715/1674/305 714/1675/305
f 713/1676/305 714/1677/305 715/1678/305
f 716/1679/548 718/1680/466 717/1681/305
f 716/1682/548 717/1683/305 718/1684/466
f 719/1685/305 721/1686/305 720/1687/305
f 719/1688/305 720/1689/305 721/1690/305
f 742/1691/210 722/1692/212 751/209/632
f 752/284/633 722/1693/634 740/363/362
f 723/1694/635 727/1695/635 724/283/635
f 727/1695/369 733/1696/370 731/1697/371
f 727/1698/372 726/1699/254 759/1700/280
f 722/1701/634 724/1702/636 740/1703/362
f 725/282/338 741/1704/338 743/281/338
f 758/1705/637 726/289/156 760/288/125
f 722/1701/638 748/424/638 724/1702/638
f 725/1706/374 738/1707/639 760/1708/640
f 738/1709/641 734/1710/641 741/1704/641
f 748/424/642 732/1711/643 723/423/644
f 742/1691/210 729/472/645 749/473/306
f 748/424/642 728/1712/646 732/1711/643
f 742/1691/210 728/208/647 729/472/645
f 728/1713/646 731/1714/648 732/1715/643
f 728/1713/646 730/1716/649 731/1714/648
f 730/1717/650 752/284/650 739/285/650
f 730/1717/649 739/285/381 731/1718/648
f 742/1691/210 751/209/632 728/208/647
f 758/1719/637 736/475/392 726/477/156
f 752/284/633 740/363/362 734/362/380
f 758/1719/637 760/1720/125 737/86/393
f 744/1721/651 750/425/652 755/89/653
f 744/1722/651 747/422/654 750/1723/652
f 744/1721/651 754/88/655 746/1724/656
f 757/1725/657 755/1726/657 756/1727/657
f 746/367/658 756/1727/658 750/368/658
f 763/1728/659 761/1729/660 762/1730/661
f 761/1731/660 763/1732/659 762/1733/661
f 765/1734/58 764/1735/305 766/1736/58
f 764/1737/305 765/1738/58 766/1739/58
f 768/1740/305 769/1741/305 767/1742/305
f 769/1743/305 768/1744/305 767/1745/305
f 770/1746/305 772/1747/305 771/1748/305
f 772/1749/305 770/1750/305 771/1751/305
f 775/1752/305 774/1753/305 773/1754/305
f 774/1755/305 775/1756/305 773/1757/305
f 777/1758/305 776/1759/305 778/1760/305
f 777/1761/305 778/1762/305 776/1763/305
f 781/1764/662 780/1765/663 779/1766/663
f 780/1767/663 781/1768/662 779/1769/663
f 784/1770/664 782/1771/664 783/1772/665
f 782/1773/664 784/1774/664 783/1775/665
f 785/1776/666 787/1777/667 786/1778/668
f 786/1779/668 787/1780/667 785/1781/666
f 790/1782/305 788/1783/305 789/1784/305
f 789/1785/305 788/1786/305 790/1787/305
f 792/1788/305 793/1789/305 791/1790/305
f 791/1791/305 793/1792/305 792/1793/305
f 794/1794/305 795/1795/305 796/1796/305
f 796/1797/305 795/1798/305 794/1799/305
f 798/1800/305 797/1801/305 799/1802/305
f 799/1803/305 797/1804/305 798/1805/305
f 800/1806/305 801/1807/305 802/1808/305
f 802/1809/305 801/1810/305 800/1811/305
f 804/1812/305 805/1813/305 803/1814/305
f 803/1815/305 805/1816/305 804/1817/305
f 806/1818/305 807/1819/305 808/1820/305
f 806/1821/305 808/1822/305 807/1823/305
f 811/1824/669 809/1825/670 810/1826/670
f 810/1827/670 809/1828/670 811/1829/669
f 812/1830/305 814/1831/305 813/1832/305
f 813/1833/305 814/1834/305 812/1835/305
f 815/1836/305 816/1837/305 817/1838/305
f 815/1839/305 817/1840/305 816/1841/305
f 818/1842/305 819/1843/305 820/1844/305
f 819/1845/305 818/1846/305 820/1847/305
f 821/1848/312 823/1849/312 822/1850/312
f 823/1851/312 821/1852/312 822/1853/312
f 827/1854/312 826/1855/312 825/1856/312
f 826/1857/312 827/1858/312 825/1859/312
f 828/1860/305 830/1861/305 829/1862/305
f 828/1863/305 829/1864/305 830/1865/305
f 831/1866/422 832/1867/423 833/1868/426
f 831/1869/422 833/1870/426 832/1871/423
f 834/1872/422 836/1873/423 835/1874/426
f 834/1875/422 835/1876/426 836/1877/423
f 837/1878/422 839/1879/305 838/1880/305
f 837/1881/422 838/1882/305 839/1883/305
f 840/1884/424 842/1885/305 841/1886/305
f 840/1887/424 841/1888/305 842/1889/305
f 844/1890/305 843/1891/305 845/1892/305
f 844/1893/305 845/1894/305 843/1895/305
f 846/1896/305 847/1897/305 848/1898/305
f 846/1899/305 848/1900/305 847/1901/305
f 850/219/671 851/221/672 854/1902/673
f 852/1903/674 849/1904/430 873/99/675
f 850/1905/671 854/427/673 872/498/676
f 852/1903/674 873/99/675 853/98/677
f 851/1906/678 857/1907/678 863/1908/678
f 852/1903/338 869/1909/338 858/1910/338
f 851/1906/672 863/1908/679 854/1911/673
f 852/1903/674 853/98/677 869/1909/680
f 853/497/297 887/1912/681 861/1913/682
f 864/371/306 874/478/306 855/370/306
f 857/116/683 862/119/683 868/96/683
f 857/116/684 853/1914/297 862/119/685
f 859/295/160 877/225/686 871/1915/687
f 875/1916/158 876/1917/161 860/1918/159
f 859/295/160 871/1915/687 875/293/158
f 876/1917/161 877/1919/688 860/1918/159
f 883/1920/286 878/483/285 865/374/217
f 885/1921/689 884/1922/689 880/1923/689
f 886/1924/690 887/1925/690 874/478/690
f 883/1920/286 865/374/217 880/373/216
f 868/1926/691 861/1927/691 886/1924/691
f 864/1928/692 865/1929/692 867/1930/692
f 867/1930/287 878/1931/115 881/1932/114
f 876/1933/161 872/1934/693 877/1935/688
f 870/1936/694 871/1937/694 872/1934/694
f 872/498/676 854/427/673 888/429/695
f 883/1938/696 879/1939/696 884/102/696
f 878/1940/285 882/1941/284 885/1942/697
f 892/1943/698 891/1944/698 890/1945/698
f 892/1946/305 893/1947/305 894/1948/305
f 892/1949/305 894/1950/305 893/1951/305
f 895/1952/305 896/1953/305 897/1954/305
f 895/1955/305 897/1956/305 896/1957/305
f 898/1958/305 899/1959/305 900/1960/305
f 898/1961/305 900/1962/305 899/1963/305
f 901/1964/305 902/1965/305 903/1966/305
f 901/1967/305 903/1968/305 902/1969/305
f 904/1970/325 905/1971/325 906/1972/325
f 906/1973/325 905/1974/325 904/1975/325
f 909/1976/699 907/1977/699 908/1978/699
f 909/1979/305 911/1980/305 910/1981/305
f 909/1982/305 910/1983/305 911/1984/305
f 912/1985/305 914/1986/305 913/1987/305
f 912/1988/305 913/1989/305 914/1990/305
f 917/1991/305 915/1992/305 916/1993/305
f 917/1994/305 916/1995/305 915/1996/305
f 920/1997/305 919/1998/305 918/1999/305
f 920/2000/305 918/2001/305 919/2002/305
f 923/2003/305 922/2004/305 921/2005/305
f 923/2006/305 921/2007/305 922/2008/305
f 927/2009/700 925/2010/700 924/2011/700
f 927/2012/305 926/2013/305 928/2014/305
f 927/2015/305 928/2016/305 926/2017/305
f 929/2018/305 930/2019/305 931/2020/305
f 929/2021/305 931/2022/305 930/2023/305
f 932/2024/305 934/2025/305 933/2026/305
f 932/2027/305 933/2028/305 934/2029/305
f 935/2030/305 937/2031/305 936/2032/305
f 935/2033/305 936/2034/305 937/2035/305
f 940/2036/312 939/2037/312 938/2038/305
f 938/2039/305 939/2040/312 940/2041/312
f 943/2042/305 941/2043/305 942/2044/305
f 943/2045/305 942/2046/305 941/2047/305
f 943/2048/701 944/2049/701 945/2050/701
f 946/2051/305 948/2052/305 947/2053/305
f 946/2054/305 947/2055/305 948/2056/305
f 951/2057/305 950/2058/305 949/2059/305
f 951/2060/305 949/2061/305 950/2062/305
f 953/2063/305 952/2064/305 954/2065/305
f 953/2066/305 954/2067/305 952/2068/305
f 955/2069/305 956/2070/305 957/2071/305
f 955/2072/305 957/2073/305 956/2074/305
f 958/2075/305 959/2076/305 960/2077/305
f 960/2078/305 959/2079/305 958/2080/305
f 962/2081/702 961/2082/703 963/2083/704
f 963/2084/704 961/2085/703 962/2086/702
f 965/2087/705 966/2088/706 964/2089/707
f 964/2090/707 966/2091/706 965/2092/705
f 969/2093/306 967/2094/306 968/2095/306
f 968/2096/306 967/2097/306 969/2098/306
f 972/2099/305 971/2100/305 970/2101/305
f 970/2102/305 971/2103/305 972/2104/305
f 975/2105/708 974/2106/709 973/2107/710
f 973/2108/710 974/2109/709 975/2110/708
f 977/2111/306 978/2112/306 976/2113/306
f 976/2114/306 978/2115/306 977/2116/306
f 981/2117/338 980/2118/338 979/2119/338
f 979/2120/338 980/2121/338 981/2122/338
f 982/2123/305 983/2124/305 984/2125/305
f 984/2126/305 983/2127/305 982/2128/305
f 987/2129/711 986/2130/712 985/2131/713
f 985/2132/713 986/2133/712 987/2134/711
f 988/2135/714 990/2136/715 989/2137/716
f 989/2138/716 990/2139/715 988/2140/714
f 992/2141/338 991/2142/338 993/2143/338
f 993/2144/338 991/2145/338 992/2146/338
f 995/2147/305 996/2148/305 994/2149/305
f 994/2150/305 996/2151/305 995/2152/305
f 998/2153/717 999/2154/718 997/2155/719
f 997/2156/719 999/2157/718 998/2158/717
f 1001/2159/720 1000/2160/721 1002/2161/722
f 1002/2162/722 1000/2163/721 1001/2164/720
f 1004/2165/723 1005/2166/724 1003/2167/725
f 1003/2168/725 1005/2169/724 1004/2170/723
f 1006/2171/305 1008/2172/305 1007/2173/305
f 1006/2174/305 1007/2175/305 1008/2176/305
f 1009/2177/305 1011/2178/305 1010/2179/726
f 1009/2180/305 1010/2181/726 1011/2182/305
f 1012/2183/727 1013/2184/728 1014/2185/729
f 1012/2186/727 1014/2187/729 1013/2188/728
f 1015/2189/305 1017/2190/730 1016/2191/731
f 1015/2192/305 1016/2193/731 1017/2194/730
f 1018/2195/732 1019/2196/730 1020/2197/731
f 1018/2198/732 1020/2199/731 1019/2200/730
f 1021/2201/305 1022/2202/730 1023/2203/731
f 1021/2204/305 1023/2205/731 1022/2206/730
f 1024/2207/305 1025/2208/730 1026/2209/731
f 1024/2210/305 1026/2211/731 1025/2212/730
f 1027/2213/305 1028/2214/305 1029/2215/305
f 1027/2216/305 1029/2217/305 1028/2218/305
f 1030/2219/305 1031/2220/305 1032/2221/726
f 1030/2222/305 1032/2223/726 1031/2224/305
f 1033/2225/732 1034/2226/733 1035/2227/731
f 1033/2228/732 1035/2229/731 1034/2230/733
f 1036/2231/305 1038/2232/733 1037/2233/731
f 1036/2234/305 1037/2235/731 1038/2236/733
f 1039/2237/732 1040/2238/733 1041/2239/731
f 1039/2240/732 1041/2241/731 1040/2242/733
f 1042/2243/305 1043/2244/733 1044/2245/731
f 1042/2246/305 1044/2247/731 1043/2248/733
f 1045/2249/305 1046/2250/733 1047/2251/731
f 1045/2252/305 1047/2253/731 1046/2254/733
f 1049/2255/338 1050/2256/338 1048/2257/338
f 1050/2258/338 1049/2259/338 1048/2260/338
f 1051/2261/312 1053/2262/312 1052/2263/312
f 1052/2264/312 1053/2265/312 1051/2266/312
f 1055/2267/305 1056/2268/305 1054/2269/305
f 1054/2270/305 1056/2271/305 1055/2272/305
f 1059/2273/305 1058/2274/305 1057/2275/305
f 1057/2276/305 1058/2277/305 1059/2278/305
f 1062/2279/305 1060/2280/305 1061/2281/305
f 1061/2282/305 1060/2283/305 1062/2284/305
f 1064/2285/305 1063/2286/305 1065/2287/305
f 1065/2288/305 1063/2289/305 1064/2290/305
f 1067/2291/305 1068/2292/305 1066/2293/305
f 1066/2294/305 1068/2295/305 1067/2296/305
f 1071/2297/305 1070/2298/305 1069/2299/305
f 1069/2300/305 1070/2301/305 1071/2302/305
f 1072/2303/305 1074/2304/305 1073/2305/305
f 1074/2306/305 1072/2307/305 1073/2308/305
f 1075/2309/306 1077/2310/306 1076/2311/306
f 1076/2312/306 1077/2313/306 1075/2314/306
f 1080/2315/734 1079/2316/735 1078/2317/735
f 1078/2318/735 1079/2319/735 1080/2320/734
f 1081/2321/305 1082/2322/305 1083/2323/305
f 1082/2324/305 1081/2325/305 1083/2326/305
f 1084/2327/305 1085/2328/305 1086/2329/305
f 1086/2330/305 1085/2331/305 1084/2332/305
f 1087/2333/313 1088/2334/313 1089/2335/313
f 1089/2336/313 1088/2337/313 1087/2338/313
f 1090/2339/305 1092/2340/305 1091/2341/305
f 1091/2342/305 1092/2343/305 1090/2344/305
f 1093/2345/313 1095/2346/313 1094/2347/313
f 1094/2348/313 1095/2349/313 1093/2350/313
f 1097/2351/305 1098/2352/305 1096/2353/305
f 1096/2354/305 1098/2355/305 1097/2356/305
f 1099/2357/305 1101/2358/305 1100/2359/305
f 1100/2360/305 1101/2361/305 1099/2362/305
f 1102/2363/305 1104/2364/305 1103/2365/305
f 1103/2366/305 1104/2367/305 1102/2368/305
f 1105/2369/305 1107/2370/305 1106/2371/305
f 1107/2372/305 1105/2373/305 1106/2374/305
f 1108/2375/736 1110/2376/737 1109/2377/737
f 1109/2378/737 1110/2379/737 1108/2380/736
f 1112/2381/738 1111/2382/739 1113/2383/740
f 1113/2384/740 1111/2385/739 1112/2386/738
f 1116/2387/741 1114/2388/742 1115/2389/742
f 1114/2390/742 1116/2391/741 1115/2392/742
f 1117/2393/305 1118/2394/305 1119/2395/305
f 1119/2396/305 1118/2397/305 1117/2398/305
f 1122/2399/305 1120/2400/305 1121/2401/305
f 1122/2402/305 1121/2403/305 1120/2404/305
f 1125/2405/305 1123/2406/305 1124/2407/305
f 1125/2408/305 1124/2409/305 1123/2410/305
f 1128/2411/305 1126/2412/305 1127/2413/305
f 1127/2414/305 1126/2415/305 1128/2416/305
f 1130/2417/305 1129/2418/305 1131/2419/305
f 1130/2420/305 1131/2421/305 1129/2422/305
f 1133/2423/305 1132/2424/305 1134/2425/305
f 1134/2426/305 1132/2427/305 1133/2428/305
f 1135/2429/305 1136/2430/305 1137/2431/305
f 1135/2432/305 1137/2433/305 1136/2434/305
f 1138/2435/305 1139/2436/305 1140/2437/305
f 1139/2438/305 1138/2439/305 1140/2440/305
f 1143/2441/743 1141/2442/744 1142/2443/745
f 1142/2444/745 1141/2445/744 1143/2446/743
f 1146/2447/746 1144/2448/747 1145/2449/748
f 1145/2450/748 1144/2451/747 1146/2452/746
f 1147/2453/305 1148/2454/305 1149/2455/305
f 1147/2456/305 1149/2457/305 1148/2458/305
f 1150/2459/305 1152/2460/305 1151/2461/305
f 1150/2462/305 1151/2463/305 1152/2464/305
f 1153/2465/305 1155/2466/305 1154/2467/305
f 1155/2468/305 1153/2469/305 1154/2470/305
f 1156/2471/338 1158/2472/338 1157/2473/338
f 1158/2474/338 1156/2475/338 1157/2476/338
f 8/1/749 9/535/750 7/2/751
f 11/4/752 12/2477/752 13/5/752
f 17/7/753 18/512/753 19/8/753
f 24/10/754 25/303/329 26/11/328
f 28/13/755 29/499/755 30/14/756
f 34/16/757 63/15/758 35/17/759
f 39/19/760 40/435/13 41/20/13
f 44/22/761 49/304/761 45/23/761
f 47/25/762 25/504/763 48/26/764
f 50/28/765 51/434/765 52/29/766
f 53/31/767 54/2478/767 55/32/767
f 58/34/768 57/589/350 59/35/353
f 95/2479/769 96/2480/769 94/38/769
f 96/2480/770 92/39/770 94/38/770
f 108/387/771 103/42/771 107/41/771
f 103/42/772 104/245/772 105/247/772
f 106/40/773 103/42/773 105/247/773
f 115/2481/774 116/2482/774 117/2483/774
f 117/2483/775 118/2484/775 112/2485/775
f 112/2485/776 115/2481/776 117/2483/776
f 125/246/777 120/306/777 121/43/777
f 121/43/778 122/438/778 123/44/778
f 124/45/779 125/246/779 121/43/779
f 228/2486/447 224/392/780 225/2487/176
f 226/876/183 227/880/262 228/2486/181
f 234/2488/781 236/2489/781 237/2490/781
f 237/2490/782 238/2491/782 239/2492/782
f 237/2490/783 239/2492/783 234/2488/783
f 244/48/431 221/867/430 241/2493/784
f 241/2493/785 242/2494/785 244/48/785
f 242/2494/786 243/46/786 244/48/786
f 255/51/41 256/2495/41 257/2496/41
f 255/51/787 257/2496/787 252/2497/787
f 255/51/788 252/2497/788 253/49/788
f 287/54/476 283/968/483 284/2498/789
f 284/2498/790 285/2499/790 287/54/790
f 285/2499/791 286/52/791 287/54/791
f 289/55/778 290/165/778 291/56/778
f 292/57/779 293/961/779 289/55/779
f 293/961/777 294/123/777 289/55/777
f 301/2500/792 297/2501/792 298/2502/792
f 298/2502/793 299/2503/793 300/2504/793
f 298/2502/794 300/2504/794 301/2500/794
f 309/450/478 308/398/795 280/2505/479
f 405/407/796 400/60/796 404/59/796
f 400/60/797 401/261/797 402/263/797
f 403/58/798 400/60/798 402/263/798
f 417/262/799 412/333/799 413/61/799
f 413/61/800 414/455/800 415/62/800
f 416/63/801 417/262/801 413/61/801
f 421/2506/529 420/404/539 408/2507/530
f 426/2508/802 427/2509/802 428/2510/802
f 426/2508/803 428/2510/803 425/2511/803
f 426/2508/804 425/2511/804 424/2512/804
f 536/2513/792 532/2514/792 533/2515/792
f 533/2515/805 534/2516/805 535/2517/805
f 533/2515/806 535/2517/806 536/2513/806
f 543/462/567 542/412/807 538/2518/193
f 551/66/555 528/1385/554 548/2519/808
f 548/2519/809 549/2520/809 551/66/809
f 549/2520/810 550/64/810 551/66/810
f 559/69/811 560/2521/811 561/2522/811
f 559/69/812 561/2522/812 556/2523/812
f 559/69/813 556/2523/813 557/67/813
f 673/72/814 669/126/814 670/70/815
f 671/71/816 672/468/816 673/72/816
f 677/2524/817 678/2525/817 676/74/817
f 678/2525/598 674/75/598 676/74/598
f 686/276/818 681/351/818 682/76/818
f 682/76/819 683/469/819 684/77/819
f 685/78/801 686/276/801 682/76/801
f 694/421/820 689/81/820 693/80/820
f 689/81/797 690/275/797 691/277/797
f 692/79/821 689/81/821 691/277/821
f 726/2526/769 727/2527/769 725/83/769
f 727/2527/635 723/84/635 725/83/635
f 739/285/822 734/362/822 735/85/822
f 735/85/778 736/475/778 737/86/778
f 738/87/823 739/285/823 735/85/823
f 747/2528/824 748/2529/824 749/2530/824
f 747/2528/825 749/2530/825 745/2531/825
f 747/2528/826 745/2531/826 746/2532/826
f 756/426/827 751/90/827 755/89/827
f 751/90/828 752/284/828 753/286/828
f 754/88/829 751/90/829 753/286/829
f 856/91/830 857/2533/830 858/92/830
f 858/92/831 859/2534/831 860/93/831
f 865/374/832 866/484/832 868/96/832
f 866/484/833 867/118/833 868/96/833
f 864/95/834 865/374/834 868/96/834
f 873/99/675 849/1904/430 870/2535/835
f 870/2535/836 871/2536/837 873/99/837
f 871/2536/838 872/97/838 873/99/838
f 886/101/839 887/1912/839 888/429/839
f 888/429/840 889/428/840 886/101/840
f 889/428/841 884/102/841 886/101/841
f 191/103/842 192/2537/842 2/104/842
f 532/109/843 530/65/295 537/110/552
f 856/115/844 863/94/844 868/96/844
f 861/117/845 868/96/845 867/118/845
f 885/100/846 884/102/846 882/120/846
f 288/122/847 289/55/847 294/123/847
f 731/1714/648 733/211/848 732/1715/643
f 675/125/849 674/1631/849 669/126/849
f 46/27/850 48/26/850 8/1/850
f 24/10/851 27/12/851 53/127/851
f 32/129/852 27/12/852 26/11/852
f 38/378/342 43/24/341 45/23/853
f 58/34/343 60/36/343 36/380/343
f 53/127/854 57/589/854 58/34/854
f 108/132/855 101/2538/855 90/133/855
f 96/135/856 99/240/856 100/136/856
f 106/141/857 105/2539/857 114/142/857
f 222/253/129 221/2540/858 233/251/127
f 253/147/859 252/2541/859 230/148/859
f 236/150/860 223/2542/290 231/151/435
f 250/156/861 252/2543/861 257/157/861
f 280/963/862 293/2544/862 292/964/862
f 297/159/863 282/53/293 281/160/471
f 290/165/864 289/55/864 306/166/864
f 405/174/865 409/2545/865 410/175/865
f 419/1182/537 418/2546/866 420/1188/539
f 403/177/867 402/2547/867 429/178/867
f 557/183/868 556/2548/868 540/184/868
f 554/189/869 556/2549/869 561/190/869
f 630/417/870 633/1544/870 634/2550/870
f 628/192/871 629/1551/871 632/193/871
f 694/195/872 680/2551/872 679/196/872
f 678/198/873 667/271/873 668/199/873
f 692/204/874 691/2552/874 696/205/874
f 756/207/875 730/2553/875 728/208/875
f 727/210/876 732/1715/876 733/211/876
f 754/216/877 753/2554/877 757/217/877
f 824/1564/878 637/466/878 638/465/878
f 634/1563/879 633/2555/879 824/1564/879
f 850/219/106 849/2556/880 852/220/107
f 861/1913/881 887/1912/882 886/101/882
f 869/222/883 853/2557/883 858/223/883
f 886/228/884 885/2558/884 881/229/884
f 39/231/885 42/530/247 20/232/308
f 15/543/319 16/9/319 19/8/319
f 21/2559/320 20/534/886 15/546/321
f 31/234/887 9/2560/887 8/235/887
f 59/237/888 44/576/888 43/238/888
f 109/242/889 97/2561/889 94/243/889
f 104/245/58 120/306/58 125/246/58
f 123/44/393 122/438/392 119/678/373
f 233/251/890 238/2562/890 237/252/890
f 234/254/891 241/2563/891 221/255/891
f 296/106/892 299/2564/892 298/257/892
f 301/258/893 284/2565/893 283/259/893
f 401/261/58 412/333/58 417/262/58
f 415/62/536 414/455/533 431/1180/532
f 534/264/894 533/2566/894 531/265/894
f 536/268/895 548/2567/896 528/269/896
f 666/203/897 664/202/897 676/273/897
f 690/275/58 681/351/58 686/276/58
f 684/77/624 683/469/623 698/1644/622
f 743/281/898 740/2568/898 725/282/898
f 752/284/58 734/362/58 739/285/58
f 737/86/393 736/475/392 758/1719/637
f 859/290/899 858/2569/899 851/291/899
f 853/2570/297 861/2571/682 862/2572/685
f 875/296/900 870/2573/900 849/297/900
f 17/7/5 16/9/7 11/299/901
f 56/128/902 55/127/902 12/575/902
f 33/18/903 35/17/903 18/301/903
f 25/303/164 24/10/904 45/23/165
f 98/305/847 121/43/847 120/306/847
f 89/308/905 118/2574/905 117/309/905
f 124/662/375 123/2575/906 126/663/376
f 242/897/459 241/2576/907 234/898/460
f 285/973/488 284/2577/908 301/974/489
f 419/332/909 413/61/909 412/333/909
f 407/335/338 425/2578/338 428/336/338
f 416/1183/538 415/2579/910 422/1184/86
f 549/1394/564 548/2580/911 536/1395/489
f 631/1559/912 635/1558/912 636/2581/912
f 665/350/913 682/76/913 681/351/913
f 679/196/914 672/2582/914 671/353/914
f 685/1638/619 684/2583/915 700/1639/620
f 741/361/916 735/85/916 734/362/916
f 742/364/306 745/2584/306 749/365/306
f 738/1707/639 737/2585/917 760/1708/640
f 824/1554/589 629/1553/918 628/1543/587
f 855/370/919 854/479/919 864/371/919
f 871/1915/687 870/2586/920 875/293/158
f 38/582/345 40/2587/346 39/583/346
f 55/127/921 54/131/921 62/381/921
f 93/383/225 92/666/225 117/384/225
f 112/2588/390 118/2589/922 111/677/385
f 238/391/923 225/2487/923 224/392/923
f 255/394/924 249/2590/182 251/395/440
f 227/880/444 226/876/925 247/878/259
f 299/397/926 280/2505/926 308/398/926
f 426/403/927 408/2507/927 420/404/927
f 424/2591/520 425/2592/928 423/1193/515
f 534/411/929 538/2518/929 542/412/929
f 559/414/930 562/348/199 563/415/570
f 545/463/574 544/1402/931 553/1404/267
f 670/70/626 669/126/932 688/1633/615
f 747/422/933 724/1702/933 723/423/933
f 746/2593/656 745/2594/934 744/1722/651
f 854/427/282 874/2595/281 889/428/935
f 889/428/936 879/1939/936 880/430/936
f 866/484/288 865/374/313 878/483/115
f 880/2596/216 879/2597/937 883/2598/286
f 10/3/246 7/2/307 42/21/247
f 29/431/755 28/573/755 47/432/938
f 51/434/13 41/20/13 40/435/13
f 63/15/758 30/14/939 35/17/759
f 102/655/940 125/2599/940 124/664/940
f 91/436/941 90/648/941 116/385/941
f 122/438/942 121/43/942 127/439/942
f 240/896/943 243/2600/943 242/897/943
f 302/975/944 286/2601/944 285/973/944
f 373/168/945 190/105/946 2/104/947
f 408/1178/948 417/2602/948 416/1179/948
f 411/452/949 410/2603/949 428/453/949
f 414/455/950 413/61/950 433/456/950
f 546/1393/951 550/2604/951 549/1394/951
f 663/1617/952 686/2605/952 685/1622/952
f 683/469/953 682/76/953 699/470/953
f 731/1697/954 739/2606/954 738/1709/954
f 729/472/955 728/208/955 749/473/955
f 736/475/864 735/85/864 759/476/864
f 877/225/956 872/2607/956 871/1915/956
f 88/667/170 104/245/957 103/42/364
f 107/41/387 106/40/388 111/673/385
f 254/390/289 253/147/438 223/485/290
f 257/487/846 256/907/846 246/488/846
f 294/123/292 293/961/477 282/490/293
f 291/56/493 290/165/494 304/976/491
f 406/1164/190 401/261/958 400/60/513
f 404/59/517 403/58/519 423/1165/515
f 558/410/292 557/183/557 530/492/295
f 561/494/959 560/1416/959 564/495/959
f 679/1624/91 690/275/960 689/81/92
f 693/80/627 692/79/628 688/1647/615
f 722/1693/212 752/284/961 751/90/632
f 755/89/653 754/88/655 744/1721/651
f 888/429/289 887/1912/681 853/497/297
f 29/499/962 13/536/962 12/500/962
f 51/501/765 50/2608/765 34/502/765
f 49/30/166 52/29/963 48/26/301
f 193/441/964 1154/804/964 194/2609/964
f 23/508/965 14/300/965 13/509/965
f 37/511/966 19/8/966 18/512/966
f 250/2610/465 248/2611/443 247/2612/259
f 554/2613/577 555/2614/573 553/2615/267
f 46/27/967 8/1/967 9/535/967
f 47/2616/313 26/542/313 8/235/313
f 8/235/313 48/2617/313 47/2616/313
f 8/1/968 10/3/968 9/535/968
f 10/3/312 17/302/312 13/536/312
f 9/535/969 10/3/969 13/536/969
f 9/541/970 31/544/316 11/539/318
f 42/2618/971 21/547/971 41/551/971
f 21/547/320 19/549/322 41/551/338
f 18/550/972 17/2619/972 41/551/972
f 58/552/325 18/512/325 59/554/325
f 18/512/325 35/2620/325 34/553/325
f 18/2621/973 37/557/973 17/556/973
f 37/557/222 39/583/344 41/555/306
f 27/560/971 26/558/971 47/432/971
f 48/562/348 45/587/347 24/563/974
f 26/564/325 47/2622/325 48/562/325
f 30/2623/975 55/2624/975 29/431/975
f 55/2624/976 54/568/976 29/431/976
f 53/561/331 47/432/330 29/431/331
f 53/578/313 35/569/313 55/571/313
f 28/573/9 62/572/334 55/2624/306
f 28/573/977 55/2624/977 30/2623/977
f 44/576/337 34/502/339 51/501/978
f 60/580/979 59/2625/979 34/2626/979
f 60/580/980 34/2626/981 35/569/982
f 60/580/980 35/569/982 53/578/983
f 52/585/984 38/584/985 44/2627/986
f 38/584/985 45/2628/987 44/2627/986
f 50/2608/16 49/2629/18 44/576/338
f 50/2608/988 44/576/988 52/577/988
f 52/588/325 44/2630/325 45/587/347
f 91/640/989 116/2631/989 117/641/989
f 124/664/990 94/243/991 102/655/371
f 94/243/992 93/244/992 96/653/992
f 102/655/371 94/243/991 96/653/369
f 96/656/993 127/658/993 94/661/993
f 127/658/994 122/2632/994 124/662/994
f 94/661/995 127/658/995 124/662/995
f 122/2632/996 123/2575/996 124/662/996
f 98/659/338 94/243/338 124/664/338
f 124/664/997 125/2599/997 120/665/997
f 101/668/998 103/42/998 104/245/998
f 108/672/999 112/112/172 114/670/171
f 114/670/1000 106/2633/1000 107/671/1000
f 111/677/1001 118/2589/1001 117/384/1001
f 111/677/1002 117/384/1002 115/437/1002
f 2/803/338 190/811/338 1154/804/338
f 196/805/338 190/816/338 1154/806/338
f 375/169/1003 373/168/945 2/104/947
f 190/816/338 196/805/338 195/2634/338
f 195/2634/338 374/814/338 190/816/338
f 1154/809/306 375/808/306 374/2635/306
f 374/2635/306 195/2636/306 1154/809/306
f 195/2636/306 196/2637/306 1154/809/306
f 244/2638/1004 222/868/1004 243/486/1004
f 255/883/1005 228/320/1005 230/881/1005
f 230/881/1006 253/2639/1006 254/882/1006
f 228/323/181 248/447/261 257/885/1007
f 256/886/450 255/888/1008 228/323/448
f 228/320/178 255/883/1009 232/2640/179
f 237/889/1010 231/2641/435 225/890/453
f 235/900/132 241/892/1011 243/894/462
f 240/2642/1012 239/2643/1012 238/2644/1012
f 238/2644/1013 237/2645/1013 236/2646/1013
f 238/2644/1014 236/2646/1014 240/2642/1014
f 298/955/1015 281/2647/471 280/956/472
f 303/965/136 284/969/1016 286/966/481
f 287/2648/1017 295/971/1017 286/491/1017
f 292/964/997 293/2544/997 294/2649/997
f 292/964/1018 294/2649/1018 288/954/1018
f 309/326/184 292/964/338 288/954/51
f 306/983/994 290/2650/994 292/401/994
f 290/2650/996 291/402/996 292/401/996
f 306/983/76 292/401/313 309/978/263
f 302/2651/1019 300/2652/1019 299/2653/1019
f 299/2653/1020 298/2654/1020 297/2655/1020
f 299/2653/1021 297/2655/1021 302/2651/1021
f 409/1158/1022 400/60/1022 401/261/1022
f 405/1161/1023 424/338/83 429/1159/82
f 429/1159/1024 403/2656/1024 404/1160/1024
f 406/1169/1025 428/2657/1025 427/405/1025
f 412/2658/1026 419/1182/1026 416/1179/1026
f 416/1179/1027 417/2602/1027 412/2658/1027
f 433/1189/1028 414/2659/1028 416/1183/1028
f 421/181/85 433/1189/265 416/1183/325
f 414/2659/1029 415/2579/1029 416/1183/1029
f 426/403/540 423/1193/515 425/2592/1030
f 551/2660/1031 529/1382/1031 550/493/1031
f 533/1390/1032 537/2661/552 538/1391/566
f 546/2662/1033 535/2663/1033 534/2664/1033
f 534/2664/1020 533/2665/1020 532/2666/1020
f 534/2664/1034 532/2666/1034 546/2662/1034
f 559/1400/1035 543/344/1035 540/1398/1035
f 540/1398/1036 557/2667/1036 558/1399/1036
f 543/344/195 559/1400/1037 541/2668/196
f 543/347/198 544/349/200 545/2669/270
f 543/347/198 555/2670/269 559/414/1038
f 555/2670/1039 561/2671/1039 559/414/1039
f 547/1405/144 548/1408/1016 550/1406/481
f 628/1543/338 629/1553/338 633/1544/338
f 633/1545/338 634/2672/338 638/1546/338
f 634/1548/306 633/2673/306 629/1549/306
f 628/192/338 629/1551/338 636/506/338
f 636/2674/338 629/1547/338 635/1555/338
f 629/1547/338 638/1546/338 637/1556/338
f 638/2675/306 634/1548/306 637/1561/306
f 634/1548/306 636/1550/306 635/1562/306
f 685/1622/1040 676/273/1041 663/1617/601
f 676/273/1042 675/274/1042 678/1615/1042
f 663/1617/601 676/273/1041 678/1615/599
f 665/201/306 676/273/306 685/1622/306
f 685/1622/1043 686/2605/1043 681/1623/1043
f 687/1628/1044 672/468/1044 673/72/1044
f 688/1633/615 669/126/1045 671/71/616
f 669/126/1046 673/72/1046 672/468/1046
f 694/1632/1047 670/358/204 696/1635/203
f 696/1635/1024 692/2676/1024 693/1636/1024
f 678/1640/1048 699/1642/1048 676/1637/1048
f 699/1642/1049 683/2677/1049 685/1638/1049
f 676/1637/1050 699/1642/1050 685/1638/1050
f 683/2677/1051 684/2583/1051 685/1638/1051
f 680/1620/1052 689/81/1052 690/275/1052
f 738/1709/990 725/282/991 731/1697/371
f 725/282/1053 724/283/1053 727/1695/1053
f 731/1697/371 725/282/991 727/1695/369
f 727/1698/1054 759/1700/1054 725/1706/1054
f 759/1700/1055 736/2678/1055 738/1707/1055
f 725/1706/995 759/1700/995 738/1707/995
f 736/2678/996 737/2585/996 738/1707/996
f 722/1701/1056 749/2679/1056 748/424/1056
f 741/1704/338 725/282/338 738/1709/338
f 738/1709/997 739/2606/997 734/1710/997
f 730/1717/1057 751/90/1057 752/284/1057
f 747/422/654 744/1722/651 745/2594/1058
f 756/1727/1059 746/367/105 757/1725/104
f 757/1725/1000 754/2680/1000 755/1726/1000
f 873/2681/1060 850/1905/1060 872/498/1060
f 851/1906/1061 858/2682/1061 857/1907/1061
f 877/225/110 859/295/1062 856/226/111
f 859/295/1062 858/2683/313 856/226/111
f 880/1923/1063 864/1928/1063 886/2684/1063
f 880/1923/1064 886/2684/1064 885/1921/1064
f 874/478/1065 864/371/1065 886/1924/1065
f 887/1925/1006 888/2685/1006 874/478/1006
f 886/1924/1066 864/371/1066 868/1926/1066
f 865/1929/1067 866/2686/1067 867/1930/1067
f 867/1930/287 881/1932/114 886/2684/325
f 867/1930/1068 886/2684/1068 864/1928/1068
f 876/1933/161 870/1936/1011 872/1934/693
