# Blender 4.5.0
# www.blender.org
mtllib residential_008.lod1.mtl
o residential_008
v 4.400000 0.000000 4.136000
v -4.400000 -0.000000 -4.136000
v -4.400000 0.054548 4.136000
v 4.400000 0.054548 -4.136000
v -3.900000 0.109096 3.196000
v -3.900000 18.212208 -3.196001
v -3.900000 0.109096 -3.196000
v -3.900000 18.212208 3.195998
v 3.900000 18.212208 3.195998
v 3.900000 0.109096 3.196000
v 3.900000 18.212208 -3.196001
v 3.900000 0.109096 -3.196000
v 3.849999 18.253119 3.148998
v -3.849999 18.253119 -3.149001
v -3.849999 18.294027 3.148998
v -3.903333 18.212208 3.148998
v 3.849999 18.294027 -3.149001
v 3.956666 18.212208 3.148998
v -3.956666 18.212208 -3.149001
v -4.010000 18.580404 -3.249268
v -3.956666 18.580404 3.148998
v -4.010000 18.580404 3.199132
v -4.010000 18.212208 3.249265
v 3.956666 18.580404 -3.149001
v 3.903333 18.212208 -3.149001
v 4.010000 18.580404 -3.199135
v 3.903333 18.580404 3.148998
v 4.010000 18.212208 -3.249268
v -4.010000 18.212208 -3.199135
v 4.010000 18.580404 3.249265
v 3.940000 0.197736 -3.233600
v -3.940000 0.153416 -3.233600
v 3.940000 0.153416 3.233600
v -3.940000 0.197737 3.233600
v -3.875000 0.204555 -3.990299
v -1.325000 0.248875 -3.990299
v -3.875000 0.248875 -3.191300
v -1.325000 0.204555 -3.191300
v -3.814999 0.293195 -3.901000
v -3.796999 1.346653 -3.897844
v -3.832999 1.346653 -3.904155
v -3.225500 0.293195 -3.897844
v -3.207500 1.346653 -3.901000
v -3.189500 0.293195 -3.904155
v -2.582000 0.293195 -3.904155
v -2.600000 1.346653 -3.901000
v -2.618000 0.293195 -3.897844
v -1.992500 0.293195 -3.901000
v -1.974500 1.346653 -3.897844
v -2.010500 1.346653 -3.904155
v -1.367000 0.293195 -3.904155
v -1.403000 0.293195 -3.897844
v -3.815000 0.415928 -3.901000
v -1.385000 0.392404 -3.897009
v -1.385000 0.439452 -3.904991
v -3.815000 1.343518 -3.878525
v -3.815000 1.349788 -3.923475
v -3.814999 1.346653 -3.224200
v -3.802735 1.364864 -3.900592
v -3.829476 1.328435 -3.901303
v -1.389383 1.323129 -3.224200
v -1.380617 1.370177 -3.224200
v -3.704999 2.604666 -3.238300
v -3.704999 0.364789 -3.191300
v -1.495000 2.604666 -3.191300
v -1.495000 0.364789 -3.238300
v -3.635000 0.436384 -3.295483
v -3.635000 2.533072 -3.303317
v -1.565000 0.436384 -3.303316
v -1.565000 2.533072 -3.295483
v -3.635000 0.405700 -3.327600
v -3.642499 2.573982 -3.301750
v -3.627500 2.573982 -3.353450
v -2.600000 2.573982 -3.327600
v -2.607500 0.405700 -3.353450
v -2.592500 0.405700 -3.301750
v -1.565000 0.405700 -3.327600
v -1.572500 2.573982 -3.301750
v -1.557500 2.573982 -3.353450
v -3.750000 0.351152 -3.459199
v -1.450000 0.364789 -3.346400
v -3.750000 0.378426 -3.233600
v -1.432500 0.313651 -3.825799
v -1.417500 0.313651 -3.224200
v -1.432500 2.001229 -3.224200
v -1.417500 2.001229 -3.825799
v -3.779999 1.050048 -3.792900
v -2.930000 1.050048 -3.792900
v -2.930000 0.385245 -3.792900
v -3.779999 1.050048 -3.369900
v -2.930000 0.385245 -3.369900
v -2.930000 1.050048 -3.369900
v -3.779999 0.385245 -3.792900
v -3.779999 0.385245 -3.369900
v -2.980693 0.605520 -3.812222
v -3.128020 0.990675 -3.816400
v -3.423815 0.796000 -3.816400
v -3.318162 0.513219 -3.820577
v -3.405000 0.584686 -3.848516
v -3.405000 0.559116 -3.840683
v -2.985000 0.571901 -3.844600
v -3.405000 0.640427 -3.844600
v -2.985000 0.653212 -3.840683
v -2.985000 0.627642 -3.848516
v -2.985000 0.708953 -3.844600
v -3.405000 0.696168 -3.840683
v -3.405000 0.721738 -3.848516
v -3.405000 0.764694 -3.840683
v -3.405000 0.790264 -3.848516
v -2.985000 0.777479 -3.844600
v -2.985000 0.846005 -3.844600
v -3.405000 0.858790 -3.848516
v -3.405000 0.833220 -3.840683
v -2.985000 0.914531 -3.844600
v -3.405000 0.927315 -3.848516
v -3.405000 0.901746 -3.840683
v -3.645000 0.548889 -3.811700
v -3.690000 0.917088 -3.816400
v -3.599999 0.917088 -3.807000
v -3.695000 0.337515 -3.854000
v -3.655000 0.349448 -3.308800
v -3.615000 0.361380 -3.854000
v -3.015000 0.361380 -3.854000
v -3.095000 0.337515 -3.854000
v -3.055000 0.349448 -3.308800
v -3.100000 2.322380 -3.772177
v -3.100000 2.355109 -3.766623
v -1.900000 2.338744 -3.769400
v -3.104192 2.316243 -3.247700
v -3.095808 2.361245 -3.247700
v -3.100000 2.338745 -3.825800
v -1.895808 2.361246 -3.247700
v -1.904192 2.316243 -3.247700
v -1.900000 2.338744 -3.825800
v 3.900000 0.259103 3.196000
v 3.900000 0.214783 3.854000
v 1.300000 0.303423 3.196000
v 2.160000 0.323879 3.252400
v 3.040000 2.441022 3.252399
v 3.040000 0.323879 3.224200
v 2.160000 2.441022 3.224200
v 2.820000 1.602347 3.294699
v 2.814167 1.336426 3.271199
v 2.825833 1.336426 3.318200
v 3.852000 0.303423 3.828955
v 3.888000 0.303423 3.822644
v 3.870000 1.356881 3.825799
v 3.235000 0.303423 3.825799
v 3.253000 1.356881 3.828955
v 3.217000 1.356881 3.822644
v 2.600000 0.303423 3.825799
v 2.582000 1.356881 3.822644
v 2.618000 1.356881 3.828955
v 1.965000 0.303423 3.825799
v 1.983000 1.356881 3.828955
v 1.947000 1.356881 3.822644
v 1.312000 0.303423 3.828955
v 1.348000 0.303423 3.822644
v 3.869999 0.426156 3.825799
v 1.330000 0.402633 3.821808
v 1.330000 0.449680 3.829791
v 3.869999 1.353746 3.803324
v 3.884476 1.338663 3.826103
v 1.330000 1.356881 3.825799
v 3.869999 1.360016 3.848275
v 3.857735 1.375092 3.825392
v 3.870000 1.356881 3.196000
v 1.330000 1.356881 3.196000
v -1.275000 0.204555 -3.990299
v 1.275000 0.248875 -3.990299
v 1.275000 0.204555 -3.191300
v -1.275000 0.248875 -3.191300
v -1.197000 0.293195 -3.904155
v -1.233000 0.293195 -3.897844
v -1.215000 1.346653 -3.901000
v -0.589500 0.293195 -3.904155
v -0.607500 1.346653 -3.901000
v -0.625500 0.293195 -3.897844
v -0.018000 0.293195 -3.897844
v 0.018000 0.293195 -3.904155
v -0.000000 1.346653 -3.901000
v 0.625500 0.293195 -3.904155
v 0.607500 1.346653 -3.901000
v 0.589500 0.293195 -3.897844
v 1.197000 0.293195 -3.897844
v 1.233000 0.293195 -3.904155
v -1.215000 0.439452 -3.897009
v -1.215000 0.392404 -3.904991
v 1.215000 0.415928 -3.901000
v -1.215000 1.349788 -3.923475
v 1.215000 1.346653 -3.901000
v -1.215000 1.343518 -3.878525
v -1.229477 1.328435 -3.901303
v -1.202735 1.364864 -3.900592
v -1.215000 1.346653 -3.224200
v 1.210617 1.323129 -3.224200
v 1.219383 1.370177 -3.224200
v -1.105000 2.604666 -3.238300
v 1.105000 2.604666 -3.191300
v 1.105000 0.364789 -3.238300
v -1.105000 0.364789 -3.191300
v 1.035000 0.436384 -3.303316
v 1.035000 2.533072 -3.295483
v -1.035000 0.436384 -3.295483
v -1.035000 2.533072 -3.303317
v -1.035000 2.573982 -3.327600
v -1.027500 0.405700 -3.301750
v -1.042500 0.405700 -3.353450
v 0.007500 2.573982 -3.353450
v 0.000000 0.405700 -3.327600
v -0.007500 2.573982 -3.301750
v 1.035000 2.573982 -3.327600
v 1.027500 0.405700 -3.353450
v 1.042500 0.405700 -3.301750
v 1.150000 0.364789 -3.346400
v -1.150000 0.351152 -3.459199
v -1.150000 0.378426 -3.233600
v 1.182500 2.001229 -3.825799
v 1.167500 0.313651 -3.825799
v 1.182500 0.313651 -3.224200
v 1.167500 2.001229 -3.224200
v -1.180000 1.050048 -3.792900
v -0.330000 1.050048 -3.792900
v -0.330000 0.385245 -3.792900
v -1.180000 0.385245 -3.369900
v -0.330000 1.050048 -3.369900
v -1.180000 0.385245 -3.792900
v -1.180000 1.050048 -3.369900
v -0.330000 0.385245 -3.369900
v -0.380694 0.605520 -3.812222
v -0.528020 0.990675 -3.816400
v -0.718162 0.513219 -3.820577
v -0.823815 0.796000 -3.816399
v -0.805000 0.571901 -3.844600
v -0.385000 0.584686 -3.840683
v -0.385000 0.559116 -3.848516
v -0.805000 0.640427 -3.844600
v -0.385000 0.653212 -3.840683
v -0.385000 0.627642 -3.848516
v -0.385000 0.696168 -3.848516
v -0.805000 0.708953 -3.844600
v -0.385000 0.721738 -3.840683
v -0.805000 0.790264 -3.848516
v -0.805000 0.764694 -3.840683
v -0.385000 0.777479 -3.844600
v -0.805000 0.858790 -3.848516
v -0.385000 0.846005 -3.844600
v -0.805000 0.833220 -3.840683
v -0.805000 0.927315 -3.848516
v -0.385000 0.914531 -3.844600
v -0.805000 0.901746 -3.840683
v -1.045000 0.548889 -3.811700
v -1.090000 0.917088 -3.816400
v -1.000000 0.917088 -3.807000
v -1.055000 0.349448 -3.308800
v -1.015000 0.361380 -3.854000
v -1.095000 0.337515 -3.854000
v -0.495000 0.337515 -3.854000
v -0.455000 0.349448 -3.308800
v -0.415000 0.361380 -3.854000
v -0.500000 2.338744 -3.769400
v 0.700000 2.355109 -3.772177
v 0.700000 2.322380 -3.766623
v -0.504192 2.316244 -3.247700
v -0.500000 2.338745 -3.825800
v -0.495808 2.361245 -3.247700
v 0.704192 2.361246 -3.247700
v 0.695808 2.316243 -3.247700
v 0.700000 2.338744 -3.825800
v 1.300000 0.170463 3.196000
v -1.300000 0.170463 3.196000
v -1.300000 0.170463 3.854000
v -0.440000 0.323879 3.252400
v 0.440000 0.323879 3.224200
v -0.440000 2.441022 3.224200
v 0.440000 2.441022 3.252399
v 0.220000 1.602347 3.294699
v 0.225833 1.336426 3.318200
v 0.214167 1.336426 3.271199
v 1.270000 0.303423 3.825799
v 1.288000 1.356881 3.828955
v 1.252000 1.356881 3.822644
v 0.635000 1.356881 3.825799
v 0.617000 0.303423 3.828955
v 0.653000 0.303423 3.822644
v -0.000000 0.303423 3.825799
v 0.018000 1.356881 3.828955
v -0.018000 1.356881 3.822644
v -0.653000 0.303423 3.828955
v -0.635000 1.356881 3.825799
v -0.617000 0.303423 3.822644
v -1.270000 0.303423 3.825799
v -1.288000 1.356881 3.822644
v -1.252000 1.356881 3.828955
v 1.270000 0.426156 3.825799
v -1.270000 0.402633 3.821808
v -1.270000 0.449680 3.829791
v 1.270000 1.360016 3.848275
v 1.257735 1.375092 3.825392
v 1.270000 1.353746 3.803324
v 1.270000 1.356881 3.196000
v 1.284477 1.338663 3.826103
v -1.274383 1.380405 3.196000
v -1.265617 1.333357 3.196000
v -1.270000 1.356881 3.825799
v 1.325000 0.204555 -3.990299
v 3.875000 0.204555 -3.191300
v 1.325000 0.248875 -3.191300
v 3.875000 0.248875 -3.990299
v 1.367000 1.346653 -3.904155
v 1.385000 0.293195 -3.901000
v 1.403000 1.346653 -3.897844
v 1.992500 0.293195 -3.901000
v 2.010500 1.346653 -3.897844
v 1.974500 1.346653 -3.904155
v 2.600000 0.293195 -3.901000
v 2.582000 1.346653 -3.904155
v 2.618000 1.346653 -3.897844
v 3.189500 0.293195 -3.897844
v 3.225500 0.293195 -3.904155
v 3.207500 1.346653 -3.901000
v 3.814999 0.293195 -3.901000
v 3.832999 1.346653 -3.897844
v 3.796999 1.346653 -3.904155
v 1.385000 0.439452 -3.897009
v 1.385000 0.392404 -3.904991
v 3.815000 0.415928 -3.901000
v 1.385000 1.343518 -3.878525
v 1.370523 1.328435 -3.901303
v 3.819382 1.323129 -3.901000
v 1.385000 1.349788 -3.923475
v 1.397265 1.364864 -3.900592
v 1.385000 1.346653 -3.224200
v 3.814999 1.346653 -3.224200
v 3.810617 1.370177 -3.901000
v 3.704999 2.604666 -3.191300
v 1.495000 2.604666 -3.238300
v 1.495000 0.364789 -3.191300
v 3.704999 0.364789 -3.238300
v 3.635000 0.436384 -3.303316
v 1.565000 0.436384 -3.295483
v 1.565000 2.533072 -3.303317
v 3.635000 2.533072 -3.295483
v 1.565000 2.573982 -3.327600
v 1.557500 0.405700 -3.353450
v 1.572500 0.405700 -3.301750
v 2.600000 2.573982 -3.327600
v 2.607500 0.405700 -3.301750
v 2.592500 0.405700 -3.353450
v 3.627500 0.405700 -3.353450
v 3.635000 2.573982 -3.327600
v 3.642499 0.405700 -3.301750
v 1.450000 0.378426 -3.233600
v 3.750000 0.364789 -3.346400
v 1.450000 0.351152 -3.459199
v 3.767500 0.313651 -3.825799
v 3.782500 0.313651 -3.224200
v 3.782500 2.001229 -3.825799
v 3.767500 2.001229 -3.224200
v 1.420000 1.050048 -3.792900
v 2.270000 0.385245 -3.792900
v 1.420000 0.385245 -3.369900
v 1.420000 0.385245 -3.792900
v 2.270000 1.050048 -3.369900
v 2.270000 1.050048 -3.792900
v 1.420000 1.050048 -3.369900
v 2.270000 0.385245 -3.369900
v 2.219306 0.605520 -3.812222
v 1.776185 0.796000 -3.816399
v 2.071980 0.990675 -3.816399
v 1.881837 0.513219 -3.820577
v 1.795000 0.571901 -3.844600
v 2.215000 0.584686 -3.840683
v 2.215000 0.559116 -3.848516
v 2.215000 0.627642 -3.848516
v 1.795000 0.640427 -3.844600
v 2.215000 0.653212 -3.840683
v 1.795000 0.708953 -3.844600
v 2.215000 0.696168 -3.848516
v 2.215000 0.721738 -3.840683
v 2.215000 0.764694 -3.848516
v 1.795000 0.777479 -3.844600
v 2.215000 0.790264 -3.840683
v 2.215000 0.846005 -3.844600
v 1.795000 0.833220 -3.840683
v 1.795000 0.858790 -3.848516
v 1.795000 0.901746 -3.840683
v 2.215000 0.914531 -3.844600
v 1.795000 0.927315 -3.848516
v 1.555000 0.548889 -3.811700
v 1.510000 0.917088 -3.816400
v 1.600000 0.917088 -3.807000
v 1.585000 0.361380 -3.854000
v 1.505000 0.337515 -3.854000
v 1.545000 0.349448 -3.308800
v 2.185000 0.361380 -3.854000
v 2.105000 0.337515 -3.854000
v 2.145000 0.349448 -3.308800
v 2.100000 2.338744 -3.769400
v 3.300000 2.355109 -3.772177
v 3.300000 2.322380 -3.766623
v 2.095808 2.316243 -3.247700
v 2.104192 2.361246 -3.247700
v 2.100000 2.338745 -3.825800
v 3.300000 2.338744 -3.247700
v 3.295808 2.361246 -3.825800
v 3.304191 2.316244 -3.825800
v -3.900000 0.259103 3.854000
v -3.900000 0.214783 3.196000
v -1.300000 0.303423 3.854000
v -2.160000 2.441022 3.252399
v -3.040000 2.441022 3.224200
v -2.160000 0.323879 3.224200
v -3.040000 0.323879 3.252400
v -2.380000 1.602347 3.294699
v -2.374166 1.336426 3.318200
v -2.385833 1.336426 3.271199
v -1.330000 0.303423 3.825799
v -1.348000 1.356881 3.822644
v -1.312000 1.356881 3.828955
v -1.965000 0.303423 3.825799
v -1.947000 1.356881 3.828955
v -1.983000 1.356881 3.822644
v -2.582000 0.303423 3.822644
v -2.618000 0.303423 3.828955
v -2.600000 1.356881 3.825799
v -3.217000 0.303423 3.822644
v -3.235000 1.356881 3.825799
v -3.253000 0.303423 3.828955
v -3.888000 0.303423 3.828955
v -3.852000 0.303423 3.822644
v -1.330000 0.426156 3.825799
v -3.869999 0.449680 3.829791
v -3.869999 0.402633 3.821808
v -1.330000 1.353746 3.803324
v -1.342265 1.375092 3.825392
v -3.870000 1.356881 3.825799
v -1.330000 1.360016 3.848275
v -1.330000 1.356881 3.196000
v -1.315523 1.338663 3.826103
v -3.874382 1.380405 3.196000
v -3.865617 1.333357 3.196000
v -3.944999 2.297834 1.955200
v -3.944999 1.029593 1.052800
v -3.895000 1.029593 1.955200
v -3.895000 2.297834 1.052800
v -4.014166 2.226239 1.889400
v -4.005833 1.101187 1.889400
v -4.014166 1.101187 1.118600
v -4.005833 2.226239 1.118600
v -4.067500 2.267150 1.882350
v -4.039999 1.070504 1.889400
v -4.012499 2.267150 1.896450
v -4.039999 1.070504 1.504000
v -4.012499 2.267150 1.511050
v -4.067500 2.267150 1.496950
v -4.012499 1.070504 1.111550
v -4.067500 1.070504 1.125650
v -4.039999 2.267150 1.118600
v -4.059999 1.029593 1.997500
v -3.940000 1.015956 1.010500
v -4.179999 1.043230 1.010500
v -3.944999 2.297833 -1.052800
v -3.944999 1.029593 -1.955200
v -3.895000 1.029593 -1.052800
v -3.895000 2.297833 -1.955200
v -4.014166 1.101187 -1.889400
v -4.014166 2.226239 -1.118600
v -4.005833 1.101187 -1.118600
v -4.005833 2.226239 -1.889400
v -4.067500 1.070504 -1.111550
v -4.039999 2.267150 -1.118600
v -4.012499 1.070504 -1.125650
v -4.067500 2.267150 -1.511050
v -4.039999 1.070504 -1.504000
v -4.012499 2.267150 -1.496950
v -4.039999 2.267150 -1.889400
v -4.012499 1.070504 -1.896450
v -4.067500 1.070504 -1.882350
v -4.179999 1.015956 -1.010500
v -4.059999 1.029593 -1.997500
v -3.940000 1.043230 -1.010500
v 3.944999 2.297833 -1.955200
v 3.944999 1.029593 -1.052800
v 3.895000 1.029593 -1.955200
v 3.895000 2.297833 -1.052800
v 4.014166 1.101187 -1.118600
v 4.005833 1.101187 -1.889400
v 4.014166 2.226239 -1.889400
v 4.005833 2.226239 -1.118600
v 4.039999 2.267150 -1.889400
v 4.067500 1.070504 -1.896450
v 4.012499 1.070504 -1.882350
v 4.039999 1.070504 -1.504000
v 4.067500 2.267150 -1.496950
v 4.012499 2.267150 -1.511050
v 4.039999 1.070504 -1.118600
v 4.012499 2.267150 -1.125650
v 4.067500 2.267150 -1.111550
v 4.059999 1.029593 -1.997500
v 4.179999 1.043230 -1.010500
v 3.940000 1.015956 -1.010500
v 3.895000 1.029593 1.052800
v 3.895000 2.297834 1.955200
v 3.944999 2.297834 1.052800
v 3.944999 1.029593 1.955200
v 4.014166 2.226239 1.118600
v 4.014166 1.101187 1.889400
v 4.005833 1.101187 1.118600
v 4.005833 2.226239 1.889400
v 4.067500 1.070504 1.111550
v 4.012499 1.070504 1.125650
v 4.039999 2.267150 1.118600
v 4.039999 2.267150 1.504000
v 4.067500 1.070504 1.496950
v 4.012499 1.070504 1.511050
v 4.039999 2.267150 1.889400
v 4.012499 1.070504 1.896450
v 4.067500 1.070504 1.882350
v 4.059999 1.029593 1.010500
v 4.179999 1.043230 1.997500
v 3.940000 1.015956 1.997500
v 3.940000 3.214921 -3.233600
v 3.940000 3.170601 3.233599
v -3.940000 3.170601 -3.233600
v -3.940000 3.214922 3.233599
v -1.325000 3.266060 -3.990300
v -3.875000 3.221740 -3.990300
v -3.875000 3.266060 -3.191300
v -1.325000 3.221740 -3.191300
v -3.832999 3.310380 -3.897844
v -3.796999 3.310380 -3.904155
v -3.814999 4.363838 -3.901000
v -3.207500 3.310380 -3.901000
v -3.189500 4.363838 -3.897844
v -3.225500 4.363838 -3.904155
v -2.618000 3.310380 -3.897844
v -2.582000 3.310380 -3.904155
v -2.600000 4.363838 -3.901000
v -2.010500 3.310380 -3.897844
v -1.974500 3.310380 -3.904155
v -1.992500 4.363838 -3.901000
v -1.385000 3.310380 -3.901000
v -1.403000 4.363838 -3.904155
v -1.367000 4.363838 -3.897844
v -3.815000 3.409589 -3.904991
v -1.385000 3.433113 -3.901000
v -3.815000 3.456637 -3.897009
v -3.815000 4.360703 -3.878525
v -3.815000 4.366973 -3.923475
v -3.802735 4.382049 -3.900592
v -3.814999 4.363838 -3.224200
v -3.829476 4.345620 -3.901304
v -1.380617 4.387362 -3.224200
v -1.389383 4.340313 -3.224200
v -1.495000 5.621850 -3.191300
v -3.704999 5.621850 -3.238300
v -3.704999 3.381974 -3.191300
v -1.495000 3.381974 -3.238300
v -1.565000 3.453568 -3.303317
v -1.565000 5.550256 -3.295484
v -3.635000 5.550256 -3.303317
v -3.635000 3.453568 -3.295483
v -3.635000 3.422885 -3.327600
v -3.642499 5.591167 -3.301750
v -3.627500 5.591167 -3.353450
v -2.592500 5.591167 -3.353450
v -2.600000 3.422885 -3.327600
v -2.607500 5.591167 -3.301750
v -1.557500 5.591167 -3.353450
v -1.572500 5.591167 -3.301750
v -1.565000 3.422885 -3.327600
v -1.450000 3.381974 -3.346400
v -3.750000 3.395612 -3.233600
v -3.750000 3.368337 -3.459200
v -1.417500 5.018413 -3.825800
v -1.417500 3.330836 -3.224200
v -1.432500 5.018413 -3.224200
v -1.432500 3.330836 -3.825800
v -3.779999 4.067233 -3.792900
v -2.930000 3.402430 -3.792900
v -3.779999 3.402430 -3.369900
v -3.779999 4.067233 -3.369900
v -3.779999 3.402430 -3.792900
v -2.930000 3.402430 -3.369900
v -2.930000 4.067233 -3.369900
v -2.930000 4.067233 -3.792900
v -3.128020 4.007860 -3.816400
v -2.980693 3.622705 -3.812222
v -3.318162 3.530404 -3.820578
v -3.423815 3.813185 -3.816400
v -3.405000 3.589086 -3.844600
v -2.985000 3.601871 -3.840683
v -2.985000 3.576302 -3.848516
v -3.405000 3.657612 -3.844600
v -2.985000 3.644828 -3.848516
v -2.985000 3.670397 -3.840683
v -2.985000 3.726138 -3.844600
v -3.405000 3.738923 -3.848516
v -3.405000 3.713353 -3.840683
v -2.985000 3.807449 -3.840683
v -3.405000 3.794664 -3.844600
v -2.985000 3.781879 -3.848516
v -3.405000 3.875974 -3.848516
v -3.405000 3.850405 -3.840683
v -2.985000 3.863190 -3.844600
v -2.985000 3.931716 -3.844600
v -3.405000 3.918931 -3.840683
v -3.405000 3.944500 -3.848516
v -3.690000 3.934273 -3.816400
v -3.645000 3.566074 -3.811700
v -3.599999 3.934273 -3.807000
v -3.655000 3.366633 -3.854000
v -3.615000 3.354700 -3.308800
v -3.695000 3.378565 -3.308800
v -3.055000 3.366633 -3.308800
v -3.015000 3.378565 -3.854000
v -3.095000 3.354700 -3.854000
v -3.100000 5.339565 -3.772177
v -3.100000 5.372294 -3.766624
v -1.900000 5.355929 -3.769400
v -3.100000 5.355929 -3.247700
v -3.104192 5.378430 -3.825800
v -3.095808 5.333428 -3.825800
v -1.895808 5.378430 -3.247700
v -1.904192 5.333428 -3.247700
v -1.900000 5.355929 -3.825800
v 3.900000 3.231968 3.853999
v 3.900000 3.276288 3.195999
v 1.300000 3.320608 3.853999
v 1.300000 3.187648 3.853999
v 3.040000 5.458207 3.252399
v 2.160000 3.341064 3.252399
v 3.040000 3.341064 3.224199
v 2.160000 5.458207 3.224199
v 2.820000 4.619533 3.294699
v 2.814167 4.353611 3.271199
v 2.825833 4.353611 3.318199
v 3.870000 3.320608 3.825799
v 3.888000 4.374067 3.828955
v 3.852000 4.374067 3.822643
v 3.235000 3.320608 3.825799
v 3.253000 4.374067 3.828955
v 3.217000 4.374067 3.822643
v 2.618000 3.320608 3.822643
v 2.582000 3.320608 3.828955
v 2.600000 4.374067 3.825799
v 1.947000 3.320608 3.828955
v 1.965000 4.374067 3.825799
v 1.983000 3.320608 3.822643
v 1.330000 3.320608 3.825799
v 1.348000 4.374067 3.828955
v 1.312000 4.374067 3.822643
v 3.869999 3.443341 3.825799
v 1.330000 3.466865 3.829791
v 1.330000 3.419817 3.821808
v 3.869999 4.370931 3.803324
v 1.330000 4.374066 3.825799
v 3.884476 4.355848 3.826103
v 3.869999 4.377202 3.848274
v 3.857735 4.392277 3.825392
v 3.870000 4.374066 3.195999
v 1.334383 4.350543 3.195999
v 1.325617 4.397590 3.195999
v 1.275000 3.266060 -3.990300
v 1.275000 3.221740 -3.191300
v -1.275000 3.266060 -3.191300
v -1.275000 3.221740 -3.990300
v -1.215000 3.310380 -3.901000
v -1.233000 4.363838 -3.904155
v -1.197000 4.363838 -3.897844
v -0.625500 3.310380 -3.897844
v -0.589500 3.310380 -3.904155
v -0.607500 4.363838 -3.901000
v 0.000000 3.310380 -3.901000
v 0.018000 4.363838 -3.897844
v -0.018000 4.363838 -3.904155
v 0.607500 3.310380 -3.901000
v 0.589500 4.363838 -3.904155
v 0.625500 4.363838 -3.897844
v 1.197000 3.310380 -3.897844
v 1.233000 3.310380 -3.904155
v 1.215000 4.363838 -3.901000
v -1.215000 3.456637 -3.897009
v -1.215000 3.409589 -3.904991
v 1.215000 3.433113 -3.901000
v -1.215000 4.360703 -3.878525
v -1.215000 4.366973 -3.923475
v -1.229477 4.345620 -3.901304
v -1.202735 4.382049 -3.900592
v 1.219383 4.340313 -3.901000
v -1.215000 4.363838 -3.224200
v 1.215000 4.363838 -3.224200
v 1.210617 4.387362 -3.901000
v -1.105000 5.621850 -3.238300
v 1.105000 5.621850 -3.191300
v 1.105000 3.381974 -3.238300
v -1.105000 3.381974 -3.191300
v 1.035000 3.453568 -3.303317
v -1.035000 3.453568 -3.295483
v -1.035000 5.550256 -3.303317
v 1.035000 5.550256 -3.295484
v -1.027500 5.591167 -3.353450
v -1.035000 3.422885 -3.327600
v -1.042500 5.591167 -3.301750
v 0.007500 5.591167 -3.353450
v -0.007500 5.591167 -3.301750
v 0.000000 3.422885 -3.327600
v 1.042500 5.591167 -3.353450
v 1.027500 5.591167 -3.301750
v 1.035000 3.422885 -3.327600
v 1.150000 3.395612 -3.459200
v -1.150000 3.381974 -3.346400
v 1.150000 3.368337 -3.233600
v 1.182500 5.018413 -3.825800
v 1.167500 3.330836 -3.825800
v 1.167500 5.018413 -3.224200
v 1.182500 3.330836 -3.224200
v -0.330000 4.067233 -3.792900
v -0.330000 3.402430 -3.792900
v -1.180000 3.402430 -3.369900
v -0.330000 3.402430 -3.369900
v -1.180000 4.067233 -3.369900
v -1.180000 4.067233 -3.792900
v -1.180000 3.402430 -3.792900
v -0.330000 4.067233 -3.369900
v -0.380694 3.622705 -3.812222
v -0.528020 4.007860 -3.816400
v -0.823815 3.813185 -3.816400
v -0.718162 3.530404 -3.820578
v -0.385000 3.601871 -3.840683
v -0.385000 3.576302 -3.848516
v -0.805000 3.589086 -3.844600
v -0.385000 3.657612 -3.844600
v -0.805000 3.644828 -3.840683
v -0.805000 3.670397 -3.848516
v -0.385000 3.738923 -3.840683
v -0.805000 3.726138 -3.844600
v -0.385000 3.713353 -3.848516
v -0.805000 3.794664 -3.844600
v -0.385000 3.781879 -3.848516
v -0.385000 3.807449 -3.840683
v -0.385000 3.863190 -3.844600
v -0.805000 3.850405 -3.840683
v -0.805000 3.875974 -3.848516
v -0.385000 3.931716 -3.844600
v -0.805000 3.944500 -3.848516
v -0.805000 3.918931 -3.840683
v -1.045000 3.566074 -3.811700
v -1.000000 3.934273 -3.807000
v -1.090000 3.934273 -3.816400
v -1.095000 3.354700 -3.854000
v -1.015000 3.378565 -3.854000
v -1.055000 3.366633 -3.308800
v -0.495000 3.354700 -3.854000
v -0.415000 3.378565 -3.854000
v -0.455000 3.366633 -3.308800
v -0.500000 5.355929 -3.769400
v 0.700000 5.372294 -3.772177
v 0.700000 5.339565 -3.766624
v -0.504192 5.378430 -3.825800
v -0.495808 5.333428 -3.825800
v -0.500000 5.355929 -3.247700
v 0.700000 5.355929 -3.247700
v 0.704192 5.333428 -3.825800
v 0.695808 5.378430 -3.825800
v -1.300000 3.187648 3.195999
v -0.440000 3.341064 3.252399
v 0.440000 5.458207 3.252399
v 0.440000 3.341064 3.224199
v -0.440000 5.458207 3.224199
v 0.214167 4.619533 3.318199
v 0.220000 4.353611 3.294699
v 0.225833 4.619533 3.271199
v 1.252000 3.320608 3.828955
v 1.288000 3.320608 3.822643
v 1.270000 4.374067 3.825799
v 0.635000 3.320608 3.825799
v 0.617000 4.374067 3.822643
v 0.653000 4.374067 3.828955
v 0.000000 3.320608 3.825799
v -0.018000 4.374067 3.822643
v 0.018000 4.374067 3.828955
v -0.653000 3.320608 3.828955
v -0.635000 4.374067 3.825799
v -0.617000 3.320608 3.822643
v -1.252000 3.320608 3.822643
v -1.288000 3.320608 3.828955
v 1.270000 3.466865 3.821808
v 1.270000 3.419817 3.829791
v -1.270000 3.443341 3.825799
v 1.270000 4.377202 3.848274
v 1.284477 4.355848 3.826103
v -1.270000 4.374066 3.825799
v 1.270000 4.370931 3.803324
v 1.270000 4.374066 3.195999
v 1.257735 4.392277 3.825392
v -1.270000 4.374066 3.195999
v -1.274383 4.350543 3.825799
v 3.875000 3.266060 -3.990300
v 1.325000 3.266060 -3.191300
v 1.325000 3.221740 -3.990300
v 3.875000 3.221740 -3.191300
v 1.385000 4.363838 -3.901000
v 1.403000 3.310380 -3.904155
v 1.367000 3.310380 -3.897844
v 1.992500 3.310380 -3.901000
v 2.010500 4.363838 -3.897844
v 1.974500 4.363838 -3.904155
v 2.600000 3.310380 -3.901000
v 2.582000 4.363838 -3.904155
v 2.618000 4.363838 -3.897844
v 3.207500 3.310380 -3.901000
v 3.189500 4.363838 -3.904155
v 3.225500 4.363838 -3.897844
v 3.814999 3.310380 -3.901000
v 3.832999 4.363838 -3.897844
v 3.796999 4.363838 -3.904155
v 1.385000 3.433113 -3.901000
v 3.815000 3.409589 -3.897009
v 3.815000 3.456637 -3.904991
v 1.385000 4.360703 -3.878525
v 1.385000 4.366973 -3.923475
v 3.815000 4.363838 -3.901000
v 1.397265 4.382049 -3.900592
v 1.370523 4.345620 -3.901304
v 1.385000 4.363838 -3.224200
v 3.810617 4.340313 -3.224200
v 3.819382 4.387362 -3.224200
v 3.704999 5.621850 -3.191300
v 1.495000 3.381974 -3.191300
v 1.495000 5.621850 -3.238300
v 3.704999 3.381974 -3.238300
v 3.635000 3.453568 -3.303317
v 3.635000 5.550256 -3.295484
v 1.565000 3.453568 -3.295483
v 1.565000 5.550256 -3.303317
v 1.572500 5.591167 -3.353450
v 1.565000 3.422885 -3.327600
v 1.557500 5.591167 -3.301750
v 2.607500 5.591167 -3.353450
v 2.592500 5.591167 -3.301750
v 2.600000 3.422885 -3.327600
v 3.642499 5.591167 -3.353450
v 3.635000 3.422885 -3.327600
v 3.627500 5.591167 -3.301750
v 1.450000 3.368337 -3.459200
v 3.750000 3.381974 -3.346400
v 1.450000 3.395612 -3.233600
v 3.767500 3.330836 -3.825800
v 3.767500 5.018413 -3.224200
v 3.782500 5.018413 -3.825800
v 3.782500 3.330836 -3.224200
v 2.270000 4.067233 -3.792900
v 1.420000 4.067233 -3.792900
v 2.270000 4.067233 -3.369900
v 2.270000 3.402430 -3.369900
v 2.270000 3.402430 -3.792900
v 1.420000 4.067233 -3.369900
v 1.420000 3.402430 -3.792900
v 1.420000 3.402430 -3.369900
v 2.219306 3.622705 -3.812222
v 1.776185 3.813185 -3.816400
v 2.071980 4.007860 -3.816400
v 1.881837 3.530403 -3.820578
v 2.215000 3.589086 -3.844600
v 1.795000 3.601871 -3.848516
v 1.795000 3.576302 -3.840683
v 1.795000 3.657612 -3.844600
v 2.215000 3.644828 -3.848516
v 2.215000 3.670397 -3.840683
v 1.795000 3.738923 -3.848516
v 1.795000 3.713353 -3.840683
v 2.215000 3.726138 -3.844600
v 1.795000 3.794664 -3.844600
v 2.215000 3.807449 -3.840683
v 2.215000 3.781879 -3.848516
v 1.795000 3.863190 -3.844600
v 2.215000 3.875974 -3.840683
v 2.215000 3.850405 -3.848516
v 1.795000 3.918931 -3.840683
v 2.215000 3.931716 -3.844600
v 1.795000 3.944500 -3.848516
v 1.555000 3.566074 -3.811700
v 1.510000 3.934273 -3.816400
v 1.600000 3.934273 -3.807000
v 1.545000 3.366633 -3.854000
v 1.585000 3.354700 -3.308800
v 1.505000 3.378565 -3.308800
v 2.145000 3.366633 -3.854000
v 2.185000 3.354700 -3.308800
v 2.105000 3.378565 -3.308800
v 2.100000 5.372294 -3.766624
v 3.300000 5.355929 -3.769400
v 2.100000 5.339565 -3.772177
v 2.104192 5.333428 -3.825800
v 2.100000 5.355929 -3.247700
v 2.095808 5.378430 -3.825800
v 3.300000 5.355929 -3.247700
v 3.295808 5.378430 -3.825800
v 3.304191 5.333428 -3.825800
v -3.900000 3.276288 3.853999
v -3.900000 3.231968 3.195999
v -1.300000 3.320608 3.853999
v -2.160000 5.458207 3.252399
v -2.160000 3.341064 3.224199
v -3.040000 5.458207 3.224199
v -3.040000 3.341064 3.252399
v -2.380000 4.353611 3.294699
v -2.374166 4.619533 3.271199
v -2.385833 4.619533 3.318199
v -1.330000 3.320608 3.825799
v -1.348000 4.374067 3.822643
v -1.312000 4.374067 3.828955
v -1.983000 3.320608 3.828955
v -1.965000 4.374067 3.825799
v -1.947000 3.320608 3.822643
v -2.600000 4.374067 3.825799
v -2.618000 3.320608 3.828955
v -2.582000 3.320608 3.822643
v -3.253000 3.320608 3.828955
v -3.235000 4.374067 3.825799
v -3.217000 3.320608 3.822643
v -3.852000 3.320608 3.822643
v -3.888000 3.320608 3.828955
v -3.870000 4.374067 3.825799
v -1.330000 3.419817 3.829791
v -3.869999 3.443341 3.825799
v -1.330000 3.466865 3.821808
v -1.330000 4.377202 3.848274
v -1.342265 4.392277 3.825392
v -1.330000 4.370931 3.803324
v -1.315523 4.355848 3.826103
v -1.330000 4.374067 3.195999
v -3.865617 4.350543 3.195999
v -3.874382 4.397590 3.195999
v -3.944999 4.046778 1.052800
v -3.944999 5.315019 1.955199
v -3.895000 4.046778 1.955199
v -3.895000 5.315019 1.052800
v -4.014166 4.118372 1.118600
v -4.014166 5.243424 1.889400
v -4.005833 4.118372 1.889400
v -4.005833 5.243424 1.118600
v -4.067500 4.087689 1.896449
v -4.012499 4.087689 1.882349
v -4.039999 5.284335 1.889399
v -4.067500 4.087689 1.511050
v -4.012499 4.087689 1.496950
v -4.039999 5.284335 1.504000
v -4.067500 4.087689 1.125650
v -4.012499 4.087689 1.111550
v -4.039999 5.284335 1.118600
v -4.059999 4.046778 1.997499
v -4.179999 4.060415 1.010500
v -3.940000 4.033141 1.010500
v -3.944999 5.315019 -1.052800
v -3.895000 4.046778 -1.052800
v -3.895000 5.315019 -1.955200
v -3.944999 4.046778 -1.955200
v -4.005833 5.243424 -1.889400
v -4.014166 4.118372 -1.889400
v -4.005833 4.118372 -1.118600
v -4.014166 5.243424 -1.118600
v -4.067500 5.284335 -1.125650
v -4.039999 4.087689 -1.118600
v -4.012499 5.284335 -1.111550
v -4.012499 4.087689 -1.511050
v -4.039999 5.284335 -1.504000
v -4.067500 4.087689 -1.496950
v -4.039999 4.087689 -1.889400
v -4.012499 5.284335 -1.882350
v -4.067500 5.284335 -1.896450
v -4.179999 4.033141 -1.010500
v -4.059999 4.046778 -1.997500
v -3.940000 4.060415 -1.010500
v 3.895000 5.315019 -1.052800
v 3.944999 5.315019 -1.955200
v 3.895000 4.046778 -1.955200
v 3.944999 4.046778 -1.052800
v 4.005833 5.243424 -1.118600
v 4.014166 4.118372 -1.118600
v 4.014166 5.243424 -1.889400
v 4.005833 4.118372 -1.889400
v 4.067500 4.087689 -1.896450
v 4.012499 4.087689 -1.882350
v 4.039999 5.284335 -1.889400
v 4.039999 4.087689 -1.504000
v 4.012499 5.284335 -1.511050
v 4.067500 5.284335 -1.496950
v 4.039999 5.284335 -1.118600
v 4.012499 4.087689 -1.111550
v 4.067500 4.087689 -1.125650
v 4.179999 4.060415 -1.010500
v 4.059999 4.046778 -1.997500
v 3.940000 4.033141 -1.010500
v 3.895000 5.315019 1.955199
v 3.895000 4.046778 1.052800
v 3.944999 5.315019 1.052800
v 3.944999 4.046778 1.955199
v 4.014166 5.243424 1.118600
v 4.005833 4.118372 1.118600
v 4.005833 5.243424 1.889400
v 4.014166 4.118372 1.889400
v 4.039999 4.087689 1.118600
v 4.012499 5.284335 1.111550
v 4.067500 5.284335 1.125650
v 4.039999 5.284335 1.504000
v 4.067500 4.087689 1.496950
v 4.012499 4.087689 1.511050
v 4.039999 5.284335 1.889399
v 4.012499 4.087689 1.896449
v 4.067500 4.087689 1.882349
v 4.059999 4.046778 1.010500
v 4.179999 4.060415 1.997499
v 3.940000 4.033141 1.997499
v 3.940000 6.232106 -3.233600
v -3.940000 6.232107 3.233599
v 3.940000 6.187787 3.233599
v -3.940000 6.187786 -3.233600
v -3.875000 6.238925 -3.990300
v -1.325000 6.283245 -3.990300
v -3.875000 6.283245 -3.191300
v -1.325000 6.238925 -3.191300
v -3.814999 7.381022 -3.901000
v -3.796999 6.327565 -3.904155
v -3.832999 6.327565 -3.897844
v -3.207500 6.327565 -3.901000
v -3.189500 7.381022 -3.897844
v -3.225500 7.381022 -3.904155
v -2.600000 6.327565 -3.901000
v -2.582000 7.381022 -3.897844
v -2.618000 7.381022 -3.904155
v -1.992500 6.327565 -3.901000
v -1.974500 7.381022 -3.897844
v -2.010500 7.381022 -3.904155
v -1.385000 6.327565 -3.901000
v -1.403000 7.381022 -3.904155
v -1.367000 7.381022 -3.897844
v -3.815000 6.426774 -3.904992
v -1.385000 6.450298 -3.901000
v -3.815000 6.473822 -3.897009
v -3.815000 7.377888 -3.878526
v -3.815000 7.384158 -3.923475
v -1.385000 7.381022 -3.901000
v -3.829476 7.362805 -3.901304
v -3.814999 7.381022 -3.224200
v -3.802735 7.399233 -3.900592
v -1.389383 7.357499 -3.224200
v -1.380617 7.404546 -3.224200
v -3.704999 6.399160 -3.191300
v -3.704999 8.639036 -3.238300
v -1.495000 8.639036 -3.191300
v -1.495000 6.399160 -3.238300
v -3.635000 6.470754 -3.295483
v -1.565000 8.567442 -3.295484
v -3.635000 8.567442 -3.303317
v -1.565000 6.470754 -3.303317
v -3.635000 8.608352 -3.327600
v -3.642499 6.440071 -3.353450
v -3.627500 6.440071 -3.301750
v -2.607500 8.608352 -3.301750
v -2.600000 6.440071 -3.327600
v -2.592500 8.608352 -3.353450
v -1.565000 8.608352 -3.327600
v -1.557500 6.440071 -3.301750
v -1.572500 6.440071 -3.353450
v -3.750000 6.385523 -3.459200
v -3.750000 6.412796 -3.233600
v -1.450000 6.399160 -3.346400
v -1.417500 8.035600 -3.825800
v -1.432500 6.348021 -3.825800
v -1.432500 8.035600 -3.224200
v -1.417500 6.348021 -3.224200
v -3.779999 7.084418 -3.792900
v -3.779999 7.084418 -3.369900
v -3.779999 6.419615 -3.792900
v -2.930000 7.084418 -3.792900
v -2.930000 7.084418 -3.369900
v -2.930000 6.419615 -3.792900
v -2.930000 6.419615 -3.369900
v -3.779999 6.419615 -3.369900
v -2.980693 6.639890 -3.812222
v -3.423815 6.830371 -3.816400
v -3.318162 6.547589 -3.820578
v -3.128020 7.025044 -3.816400
v -2.985000 6.606271 -3.844600
v -3.405000 6.619056 -3.848517
v -3.405000 6.593487 -3.840683
v -3.405000 6.674798 -3.844600
v -2.985000 6.662012 -3.848517
v -2.985000 6.687582 -3.840683
v -3.405000 6.756108 -3.848517
v -3.405000 6.730538 -3.840683
v -2.985000 6.743323 -3.844600
v -2.985000 6.824633 -3.840683
v -2.985000 6.799064 -3.848517
v -3.405000 6.811849 -3.844600
v -2.985000 6.880375 -3.844600
v -3.405000 6.893159 -3.848517
v -3.405000 6.867590 -3.840683
v -2.985000 6.948901 -3.844600
v -3.405000 6.961685 -3.848517
v -3.405000 6.936116 -3.840683
v -3.645000 6.951458 -3.811700
v -3.599999 6.583259 -3.816400
v -3.690000 6.583259 -3.807000
v -3.695000 6.395750 -3.308800
v -3.615000 6.371885 -3.308800
v -3.655000 6.383817 -3.854000
v -3.055000 6.383817 -3.854000
v -3.095000 6.395750 -3.308800
v -3.015000 6.371885 -3.308800
v -1.900000 8.356750 -3.766624
v -1.900000 8.389479 -3.772177
v -3.100000 8.373115 -3.769400
v -3.095808 8.395616 -3.247700
v -3.104192 8.350614 -3.247700
v -3.100000 8.373116 -3.825800
v -1.895808 8.395617 -3.247700
v -1.904192 8.350614 -3.247700
v -1.900000 8.373116 -3.825800
v 3.900000 6.293474 3.195999
v 3.900000 6.249153 3.853999
v 1.300000 6.337793 3.853999
v 1.300000 6.204833 3.853999
v 1.300000 6.293474 3.195999
v 2.160000 6.358249 3.252399
v 2.160000 8.475391 3.224199
v 3.040000 8.475391 3.252399
v 3.040000 6.358249 3.224199
v 2.814167 7.636717 3.318199
v 2.820000 7.370796 3.294699
v 2.825833 7.636717 3.271199
v 3.870000 6.337794 3.825799
v 3.852000 7.391252 3.822643
v 3.888000 7.391252 3.828954
v 3.253000 6.337794 3.822643
v 3.217000 6.337794 3.828954
v 3.235000 7.391252 3.825799
v 2.600000 6.337794 3.825799
v 2.582000 7.391252 3.822643
v 2.618000 7.391252 3.828954
v 1.965000 6.337794 3.825799
v 1.983000 7.391252 3.828954
v 1.947000 7.391252 3.822643
v 1.348000 6.337794 3.822643
v 1.312000 6.337794 3.828954
v 3.869999 6.484050 3.821808
v 1.330000 6.460527 3.825799
v 3.869999 6.437003 3.829790
v 3.869999 7.388116 3.803324
v 3.869999 7.394386 3.848274
v 1.330000 7.391252 3.825799
v 3.857735 7.409462 3.825391
v 1.325617 7.367728 3.825799
v 3.870000 7.391252 3.195999
v 3.884476 7.373034 3.826102
v 1.330000 7.391252 3.195999
v 1.275000 6.238925 -3.191300
v -1.275000 6.283245 -3.191300
v -1.275000 6.238925 -3.990300
v 1.275000 6.283245 -3.990300
v -1.197000 6.327565 -3.904155
v -1.215000 7.381022 -3.901000
v -1.233000 6.327565 -3.897844
v -0.607500 6.327565 -3.901000
v -0.625500 7.381022 -3.904155
v -0.589500 7.381022 -3.897844
v -0.000000 6.327565 -3.901000
v -0.018000 7.381022 -3.904155
v 0.018000 7.381022 -3.897844
v 0.589500 6.327565 -3.897844
v 0.625500 6.327565 -3.904155
v 0.607500 7.381022 -3.901000
v 1.215000 6.327565 -3.901000
v 1.197000 7.381022 -3.904155
v 1.233000 7.381022 -3.897844
v -1.215000 6.473822 -3.897009
v -1.215000 6.426774 -3.904992
v 1.215000 6.450298 -3.901000
v -1.215000 7.384158 -3.923475
v 1.215000 7.381022 -3.901000
v -1.202735 7.399233 -3.900592
v -1.215000 7.377888 -3.878526
v -1.229477 7.362805 -3.901304
v -1.215000 7.381022 -3.224200
v 1.210617 7.357499 -3.224200
v 1.219383 7.404546 -3.224200
v -1.105000 8.639036 -3.238300
v 1.105000 6.399160 -3.238300
v -1.105000 6.399160 -3.191300
v 1.105000 8.639036 -3.191300
v 1.035000 8.567442 -3.295484
v -1.035000 8.567442 -3.303317
v 1.035000 6.470754 -3.303317
v -1.035000 6.470754 -3.295483
v -1.035000 8.608352 -3.327600
v -1.027500 6.440071 -3.301750
v -1.042500 6.440071 -3.353450
v -0.007500 6.440071 -3.353450
v 0.000000 8.608352 -3.327600
v 0.007500 6.440071 -3.301750
v 1.042500 8.608352 -3.353450
v 1.035000 6.440071 -3.327600
v 1.027500 8.608352 -3.301750
v -1.150000 6.385523 -3.459200
v 1.150000 6.399160 -3.346400
v -1.150000 6.412796 -3.233600
v 1.167500 6.348021 -3.825800
v 1.167500 8.035600 -3.224200
v 1.182500 6.348021 -3.224200
v 1.182500 8.035600 -3.825800
v -1.180000 7.084418 -3.792900
v -1.180000 7.084418 -3.369900
v -0.330000 7.084418 -3.792900
v -0.330000 7.084418 -3.369900
v -0.330000 6.419615 -3.369900
v -0.330000 6.419615 -3.792900
v -1.180000 6.419615 -3.792900
v -1.180000 6.419615 -3.369900
v -0.380693 6.639890 -3.812222
v -0.528020 7.025044 -3.816400
v -0.823815 6.830371 -3.816400
v -0.718162 6.547589 -3.820578
v -0.385000 6.593487 -3.848517
v -0.805000 6.606271 -3.844600
v -0.385000 6.619056 -3.840683
v -0.385000 6.674797 -3.844600
v -0.805000 6.662012 -3.840683
v -0.805000 6.687582 -3.848517
v -0.385000 6.743323 -3.844600
v -0.805000 6.756108 -3.848517
v -0.805000 6.730538 -3.840683
v -0.385000 6.811848 -3.844600
v -0.805000 6.799064 -3.840683
v -0.805000 6.824633 -3.848517
v -0.385000 6.867590 -3.848517
v -0.805000 6.880374 -3.844600
v -0.385000 6.893159 -3.840683
v -0.805000 6.961685 -3.848517
v -0.805000 6.936116 -3.840683
v -0.385000 6.948901 -3.844600
v -1.000000 6.951458 -3.807000
v -1.045000 6.583259 -3.811700
v -1.090000 6.951458 -3.816400
v -1.015000 6.395750 -3.854000
v -1.055000 6.383817 -3.308800
v -1.095000 6.371885 -3.854000
v -0.455000 6.383817 -3.854000
v -0.415000 6.371885 -3.308800
v -0.495000 6.395750 -3.308800
v -0.500000 8.373115 -3.769400
v 0.700000 8.356750 -3.766624
v 0.700000 8.389479 -3.772177
v -0.500000 8.373115 -3.247700
v -0.504192 8.395616 -3.825800
v -0.495808 8.350615 -3.825800
v 0.700000 8.373116 -3.825800
v 0.695808 8.350614 -3.247700
v 0.704192 8.395617 -3.247700
v -0.440000 6.358249 3.252399
v -0.440000 8.475391 3.224199
v 0.440000 8.475391 3.252399
v 0.440000 6.358249 3.224199
v 0.225833 7.370796 3.318199
v 0.214167 7.370796 3.271199
v 0.220000 7.636717 3.294699
v 1.270000 6.337794 3.825799
v 1.252000 7.391252 3.822643
v 1.288000 7.391252 3.828954
v 0.617000 6.337794 3.828954
v 0.635000 7.391252 3.825799
v 0.653000 6.337794 3.822643
v 0.000000 6.337794 3.825799
v 0.018000 7.391252 3.828954
v -0.018000 7.391252 3.822643
v -0.653000 6.337794 3.828954
v -0.635000 7.391252 3.825799
v -0.617000 6.337794 3.822643
v -1.270000 6.337794 3.825799
v -1.252000 7.391252 3.828954
v -1.288000 7.391252 3.822643
v 1.270000 6.484050 3.821808
v 1.270000 6.437003 3.829790
v -1.270000 6.460527 3.825799
v 1.270000 7.388116 3.803324
v 1.284477 7.373034 3.826102
v 1.270000 7.394386 3.848274
v -1.265617 7.414775 3.825799
v -1.270000 7.391252 3.825799
v 1.257735 7.409462 3.825391
v 1.270000 7.391252 3.195999
v -1.270000 7.391252 3.195999
v -1.274383 7.367728 3.825799
v 1.325000 6.283245 -3.191300
v 3.875000 6.238925 -3.191300
v 1.325000 6.238925 -3.990300
v 3.875000 6.283245 -3.990300
v 1.367000 6.327565 -3.897844
v 1.403000 6.327565 -3.904155
v 1.385000 7.381022 -3.901000
v 2.010500 6.327565 -3.904155
v 1.992500 7.381022 -3.901000
v 1.974500 6.327565 -3.897844
v 2.600000 6.327565 -3.901000
v 2.582000 7.381022 -3.904155
v 2.618000 7.381022 -3.897844
v 3.207500 6.327565 -3.901000
v 3.225500 7.381022 -3.897844
v 3.189500 7.381022 -3.904155
v 3.814999 6.327565 -3.901000
v 3.832999 7.381022 -3.897844
v 3.796999 7.381022 -3.904155
v 3.815000 6.473822 -3.904992
v 1.385000 6.450297 -3.901000
v 3.815000 6.426774 -3.897009
v 1.385000 7.377888 -3.878526
v 1.385000 7.384158 -3.923475
v 3.814999 7.381022 -3.901000
v 1.397265 7.399233 -3.900592
v 1.385000 7.381022 -3.224200
v 1.370523 7.362805 -3.901304
v 3.819382 7.404546 -3.224200
v 3.810617 7.357499 -3.224200
v 1.495000 8.639036 -3.238300
v 3.704999 6.399160 -3.238300
v 3.704999 8.639036 -3.191300
v 1.495000 6.399160 -3.191300
v 1.565000 8.567442 -3.303317
v 3.635000 8.567442 -3.295484
v 3.635000 6.470754 -3.303317
v 1.565000 6.470754 -3.295483
v 1.557500 6.440071 -3.353450
v 1.565000 8.608352 -3.327600
v 1.572500 6.440071 -3.301750
v 2.600000 6.440071 -3.327600
v 2.607500 8.608352 -3.353450
v 2.592500 8.608352 -3.301750
v 3.627500 8.608352 -3.301750
v 3.635000 6.440071 -3.327600
v 3.642499 8.608352 -3.353450
v 3.750000 6.399160 -3.346400
v 1.450000 6.385523 -3.459200
v 1.450000 6.412796 -3.233600
v 3.767500 6.348021 -3.825800
v 3.767500 8.035600 -3.224200
v 3.782500 6.348021 -3.224200
v 3.782500 8.035600 -3.825800
v 2.270000 6.419615 -3.792900
v 1.420000 7.084418 -3.369900
v 2.270000 6.419615 -3.369900
v 1.420000 7.084418 -3.792900
v 1.420000 6.419615 -3.369900
v 2.270000 7.084418 -3.792900
v 2.270000 7.084418 -3.369900
v 1.420000 6.419615 -3.792900
v 2.219306 6.639890 -3.812222
v 2.071980 7.025044 -3.816400
v 1.881837 6.547588 -3.820578
v 1.776185 6.830370 -3.816400
v 1.795000 6.606271 -3.844600
v 2.215000 6.593487 -3.848517
v 2.215000 6.619056 -3.840683
v 1.795000 6.674798 -3.844600
v 2.215000 6.687582 -3.840683
v 2.215000 6.662012 -3.848517
v 1.795000 6.756108 -3.848517
v 2.215000 6.743323 -3.844600
v 1.795000 6.730538 -3.840683
v 1.795000 6.811849 -3.844600
v 2.215000 6.799064 -3.848517
v 2.215000 6.824633 -3.840683
v 2.215000 6.880375 -3.844600
v 1.795000 6.867590 -3.840683
v 1.795000 6.893159 -3.848517
v 1.795000 6.961685 -3.848517
v 1.795000 6.936116 -3.840683
v 2.215000 6.948901 -3.844600
v 1.600000 6.951458 -3.807000
v 1.555000 6.583259 -3.811700
v 1.510000 6.951458 -3.816400
v 1.545000 6.383817 -3.854000
v 1.505000 6.395750 -3.308800
v 1.585000 6.371885 -3.308800
v 2.145000 6.383817 -3.854000
v 2.105000 6.395750 -3.308800
v 2.185000 6.371885 -3.308800
v 2.100000 8.356750 -3.772177
v 3.300000 8.373114 -3.769400
v 2.100000 8.389479 -3.766624
v 2.100000 8.373116 -3.247700
v 2.104192 8.350614 -3.825800
v 2.095808 8.395617 -3.825800
v 3.300000 8.373115 -3.247700
v 3.304191 8.350615 -3.825800
v 3.295808 8.395617 -3.825800
v -3.900000 6.293474 3.853999
v -1.300000 6.204833 3.853999
v -3.900000 6.249153 3.195999
v -3.040000 6.358249 3.252399
v -2.160000 6.358249 3.224199
v -2.160000 8.475391 3.252399
v -3.040000 8.475391 3.224199
v -2.385833 7.636717 3.318199
v -2.380000 7.370796 3.294699
v -2.374166 7.636717 3.271199
v -1.330000 6.337794 3.825799
v -1.348000 7.391252 3.822643
v -1.312000 7.391252 3.828954
v -1.947000 6.337794 3.822643
v -1.983000 6.337794 3.828954
v -1.965000 7.391252 3.825799
v -2.600000 6.337794 3.825799
v -2.582000 7.391252 3.828954
v -2.618000 7.391252 3.822643
v -3.253000 6.337794 3.828954
v -3.235000 7.391252 3.825799
v -3.217000 6.337794 3.822643
v -3.870000 6.337794 3.825799
v -3.852000 7.391252 3.828954
v -3.888000 7.391252 3.822643
v -1.330000 6.484050 3.821808
v -1.330000 6.437003 3.829790
v -3.869999 6.460527 3.825799
v -1.330000 7.388116 3.803324
v -1.330000 7.394386 3.848274
v -1.330000 7.391252 3.195999
v -1.315523 7.373034 3.826102
v -1.342265 7.409462 3.825391
v -3.874382 7.414775 3.195999
v -3.865617 7.367728 3.195999
v -3.944999 7.063963 1.052799
v -3.895000 7.063963 1.955199
v -3.895000 8.332204 1.052799
v -3.944999 8.332204 1.955199
v -4.005833 8.260610 1.118599
v -4.014166 8.260610 1.889399
v -4.005833 7.135557 1.889399
v -4.014166 7.135557 1.118599
v -4.067500 7.104874 1.896449
v -4.039999 8.301520 1.889399
v -4.012499 7.104874 1.882349
v -4.067500 7.104874 1.511049
v -4.039999 8.301520 1.503999
v -4.012499 7.104874 1.496949
v -4.067500 7.104874 1.125649
v -4.039999 8.301520 1.118599
v -4.012499 7.104874 1.111549
v -4.179999 7.050326 1.997499
v -4.059999 7.063963 1.010499
v -3.940000 7.077600 1.997499
v -3.895000 8.332204 -1.955200
v -3.944999 8.332204 -1.052801
v -3.944999 7.063963 -1.955200
v -3.895000 7.063963 -1.052801
v -4.005833 8.260610 -1.889400
v -4.005833 7.135557 -1.118600
v -4.014166 8.260610 -1.118600
v -4.014166 7.135557 -1.889400
v -4.067500 7.104874 -1.111551
v -4.039999 8.301520 -1.118600
v -4.012499 7.104874 -1.125651
v -4.039999 8.301520 -1.504001
v -4.012499 7.104874 -1.511050
v -4.067500 7.104874 -1.496951
v -4.067500 7.104874 -1.882350
v -4.039999 8.301520 -1.889400
v -4.012499 7.104874 -1.896450
v -4.059999 7.063963 -1.010500
v -4.179999 7.077600 -1.997500
v -3.940000 7.050326 -1.997500
v 3.944999 8.332204 -1.955200
v 3.895000 8.332204 -1.052801
v 3.895000 7.063963 -1.955200
v 3.944999 7.063963 -1.052801
v 4.005833 8.260610 -1.118600
v 4.005833 7.135557 -1.889400
v 4.014166 8.260610 -1.889400
v 4.014166 7.135557 -1.118600
v 4.039999 8.301520 -1.889400
v 4.067500 7.104874 -1.896450
v 4.012499 7.104874 -1.882350
v 4.067500 7.104874 -1.511050
v 4.039999 8.301520 -1.504001
v 4.012499 7.104874 -1.496951
v 4.039999 8.301520 -1.118600
v 4.012499 7.104874 -1.111551
v 4.067500 7.104874 -1.125651
v 4.179999 7.077600 -1.010500
v 3.940000 7.050326 -1.010500
v 4.059999 7.063963 -1.997500
v 3.944999 8.332204 1.052799
v 3.944999 7.063963 1.955199
v 3.895000 8.332204 1.955199
v 3.895000 7.063963 1.052799
v 4.014166 7.135557 1.889399
v 4.005833 7.135557 1.118599
v 4.014166 8.260610 1.118599
v 4.005833 8.260610 1.889399
v 4.039999 8.301520 1.118599
v 4.067500 7.104874 1.111549
v 4.012499 7.104874 1.125649
v 4.067500 7.104874 1.496949
v 4.012499 7.104874 1.511049
v 4.039999 8.301520 1.503999
v 4.012499 8.301520 1.882349
v 4.039999 7.104874 1.889399
v 4.067500 8.301520 1.896449
v 4.059999 7.063963 1.997499
v 3.940000 7.077600 1.010499
v 4.179999 7.050326 1.010499
v 3.940000 9.249291 -3.233600
v -3.940000 9.249291 3.233599
v 3.940000 9.204971 3.233599
v -3.940000 9.204971 -3.233600
v -1.325000 9.300430 -3.990300
v -3.875000 9.256111 -3.990300
v -1.325000 9.256111 -3.191300
v -3.875000 9.300430 -3.191300
v -3.832999 9.344750 -3.897844
v -3.814999 10.398209 -3.901000
v -3.796999 9.344750 -3.904156
v -3.189500 10.398209 -3.897844
v -3.207500 9.344750 -3.901000
v -3.225500 10.398209 -3.904156
v -2.600000 9.344750 -3.901000
v -2.582000 10.398209 -3.897844
v -2.618000 10.398209 -3.904156
v -2.010500 9.344750 -3.897844
v -1.974500 9.344750 -3.904156
v -1.992500 10.398209 -3.901000
v -1.403000 9.344750 -3.897844
v -1.367000 9.344750 -3.904156
v -1.385000 10.398209 -3.901000
v -3.815000 9.491007 -3.897010
v -3.815000 9.443959 -3.904992
v -1.385000 9.467483 -3.901000
v -3.815000 10.395073 -3.878526
v -3.815000 10.401343 -3.923476
v -3.829476 10.379991 -3.901304
v -3.802735 10.416419 -3.900593
v -3.814999 10.398209 -3.224200
v -1.380617 10.421732 -3.224200
v -1.389383 10.374684 -3.224200
v -3.704999 9.416345 -3.191300
v -3.704999 11.656220 -3.238301
v -1.495000 11.656220 -3.191301
v -1.495000 9.416345 -3.238300
v -1.565000 9.487938 -3.303317
v -3.635000 11.584627 -3.303317
v -1.565000 11.584627 -3.295484
v -3.635000 9.487938 -3.295484
v -3.635000 11.625539 -3.327600
v -3.642499 9.457255 -3.353450
v -3.627500 9.457255 -3.301750
v -2.607500 9.457255 -3.353450
v -2.600000 11.625539 -3.327600
v -2.592500 9.457255 -3.301750
v -1.572500 9.457255 -3.353450
v -1.565000 11.625539 -3.327600
v -1.557500 9.457255 -3.301750
v -1.450000 9.416345 -3.346400
v -3.750000 9.429982 -3.233600
v -3.750000 9.402707 -3.459200
v -1.417500 11.052784 -3.825800
v -1.417500 9.365207 -3.224200
v -1.432500 11.052784 -3.224200
v -1.432500 9.365207 -3.825800
v -3.779999 10.101604 -3.792900
v -2.930000 10.101604 -3.792900
v -3.779999 9.436800 -3.792900
v -2.930000 10.101604 -3.369900
v -3.779999 10.101604 -3.369900
v -2.930000 9.436800 -3.792900
v -2.930000 9.436800 -3.369900
v -3.779999 9.436800 -3.369900
v -3.128020 10.042230 -3.816400
v -2.980693 9.657078 -3.812222
v -3.423815 9.847555 -3.816400
v -3.318161 9.564775 -3.820578
v -3.405000 9.623457 -3.844600
v -2.985000 9.636241 -3.840684
v -2.985000 9.610672 -3.848517
v -3.405000 9.704766 -3.848517
v -2.985000 9.691982 -3.844600
v -3.405000 9.679198 -3.840684
v -3.405000 9.760508 -3.844600
v -2.985000 9.747723 -3.848517
v -2.985000 9.773293 -3.840684
v -2.985000 9.841819 -3.840684
v -3.405000 9.829034 -3.844600
v -2.985000 9.816249 -3.848517
v -3.405000 9.897560 -3.844600
v -2.985000 9.884775 -3.848517
v -2.985000 9.910345 -3.840684
v -2.985000 9.953300 -3.848517
v -3.405000 9.966086 -3.844600
v -2.985000 9.978871 -3.840684
v -3.690000 9.968643 -3.816400
v -3.645000 9.600446 -3.811700
v -3.599999 9.968643 -3.807000
v -3.655000 9.401004 -3.854000
v -3.615000 9.389071 -3.308800
v -3.695000 9.412936 -3.308800
v -3.095000 9.389071 -3.854000
v -3.015000 9.412936 -3.854000
v -3.055000 9.401004 -3.308800
v -3.100000 11.406665 -3.766624
v -3.100000 11.373935 -3.772178
v -1.900000 11.390300 -3.769401
v -3.100000 11.390300 -3.247701
v -3.095808 11.367800 -3.825800
v -3.104192 11.412801 -3.825800
v -1.895808 11.412801 -3.247701
v -1.904192 11.367800 -3.247701
v -1.900000 11.390301 -3.825800
v 3.900000 9.266337 3.853999
v 3.900000 9.310658 3.195999
v 2.160000 9.375433 3.252399
v 3.040000 9.375433 3.224199
v 3.040000 11.492578 3.252399
v 2.160000 11.492578 3.224199
v 2.825833 10.653902 3.271199
v 2.820000 10.387980 3.294699
v 2.814167 10.653902 3.318199
v 3.852000 9.354979 3.828954
v 3.870000 10.408436 3.825799
v 3.888000 9.354979 3.822643
v 3.217000 9.354979 3.828954
v 3.253000 9.354979 3.822643
v 3.235000 10.408436 3.825799
v 2.618000 9.354979 3.822643
v 2.582000 9.354979 3.828954
v 2.600000 10.408436 3.825799
v 1.965000 9.354979 3.825799
v 1.947000 10.408436 3.822643
v 1.983000 10.408436 3.828954
v 1.348000 9.354979 3.822643
v 1.312000 9.354979 3.828954
v 3.869999 9.501234 3.821807
v 3.869999 9.454186 3.829790
v 1.330000 9.477711 3.825799
v 3.857735 10.426647 3.825391
v 3.869999 10.411572 3.848274
v 3.884477 10.390219 3.826102
v 3.869999 10.405300 3.803324
v 3.870000 10.408436 3.195999
v 1.325617 10.431960 3.195999
v 1.330000 10.408436 3.825799
v 1.334383 10.384912 3.195999
v 1.275000 9.300430 -3.990300
v -1.275000 9.300430 -3.191300
v -1.275000 9.256111 -3.990300
v 1.275000 9.256111 -3.191300
v -1.233000 9.344750 -3.897844
v -1.215000 10.398209 -3.901000
v -1.197000 9.344750 -3.904156
v -0.589500 9.344750 -3.904156
v -0.607500 10.398209 -3.901000
v -0.625500 9.344750 -3.897844
v -0.000000 9.344750 -3.901000
v -0.018000 10.398209 -3.904156
v 0.018000 10.398209 -3.897844
v 0.625500 9.344750 -3.904156
v 0.589500 9.344750 -3.897844
v 0.607500 10.398209 -3.901000
v 1.197000 9.344750 -3.897844
v 1.233000 9.344750 -3.904156
v 1.215000 10.398209 -3.901000
v -1.215000 9.491007 -3.897010
v -1.215000 9.443959 -3.904992
v 1.215000 9.467483 -3.901000
v -1.215000 10.395073 -3.878526
v -1.215000 10.401343 -3.923476
v -1.202735 10.416419 -3.900593
v -1.215000 10.398208 -3.224200
v -1.229477 10.379991 -3.901304
v 1.219383 10.421732 -3.224200
v 1.210617 10.374684 -3.224200
v -1.105000 11.656220 -3.238301
v 1.105000 11.656220 -3.191301
v -1.105000 9.416345 -3.191300
v 1.105000 9.416345 -3.238300
v -1.035000 9.487938 -3.295484
v -1.035000 11.584627 -3.303317
v 1.035000 9.487938 -3.303317
v 1.035000 11.584627 -3.295484
v -1.035000 11.625539 -3.327600
v -1.027500 9.457255 -3.301750
v -1.042500 9.457255 -3.353450
v 0.007500 11.625539 -3.353450
v 0.000000 9.457255 -3.327600
v -0.007500 11.625539 -3.301750
v 1.042500 11.625539 -3.353450
v 1.035000 9.457255 -3.327600
v 1.027500 11.625539 -3.301750
v 1.150000 9.429982 -3.459200
v 1.150000 9.402707 -3.233600
v -1.150000 9.416345 -3.346400
v 1.182500 11.052784 -3.825800
v 1.167500 9.365207 -3.825800
v 1.167500 11.052784 -3.224200
v 1.182500 9.365207 -3.224200
v -0.330000 9.436800 -3.792900
v -1.180000 10.101604 -3.792900
v -1.180000 9.436800 -3.369900
v -1.180000 10.101604 -3.369900
v -0.330000 10.101604 -3.369900
v -0.330000 10.101604 -3.792900
v -1.180000 9.436800 -3.792900
v -0.330000 9.436800 -3.369900
v -0.380693 9.657077 -3.812222
v -0.528020 10.042230 -3.816400
v -0.823815 9.847555 -3.816400
v -0.718161 9.564775 -3.820578
v -0.805000 9.636241 -3.848517
v -0.385000 9.623456 -3.844600
v -0.805000 9.610672 -3.840684
v -0.385000 9.679198 -3.848517
v -0.805000 9.691982 -3.844600
v -0.385000 9.704766 -3.840684
v -0.385000 9.773293 -3.840684
v -0.805000 9.760508 -3.844600
v -0.385000 9.747723 -3.848517
v -0.805000 9.841819 -3.848517
v -0.805000 9.816249 -3.840684
v -0.385000 9.829034 -3.844600
v -0.385000 9.884775 -3.848517
v -0.385000 9.910345 -3.840684
v -0.805000 9.897560 -3.844600
v -0.805000 9.978871 -3.848517
v -0.805000 9.953300 -3.840684
v -0.385000 9.966086 -3.844600
v -1.000000 9.968643 -3.807000
v -1.090000 9.968643 -3.816400
v -1.045000 9.600446 -3.811700
v -1.015000 9.412936 -3.854000
v -1.055000 9.401004 -3.308800
v -1.095000 9.389071 -3.854000
v -0.495000 9.389071 -3.854000
v -0.415000 9.412936 -3.854000
v -0.455000 9.401004 -3.308800
v -0.500000 11.373935 -3.772178
v -0.500000 11.406665 -3.766624
v 0.700000 11.390300 -3.769401
v -0.504192 11.367800 -3.247701
v -0.495808 11.412801 -3.247701
v -0.500000 11.390301 -3.825800
v 0.704192 11.412801 -3.247701
v 0.695808 11.367800 -3.247701
v 0.700000 11.390301 -3.825800
v 1.300000 9.354978 3.853999
v -1.300000 9.354978 3.853999
v -1.300000 9.354978 3.195999
v 1.300000 9.354978 3.195999
v 1.300000 9.222017 3.853999
v 1.300000 9.222017 3.195999
v -0.440000 11.492578 3.224199
v 0.440000 9.375433 3.224199
v -0.440000 9.375433 3.252399
v 0.440000 11.492578 3.252399
v 0.220000 10.653902 3.294699
v 0.225833 10.387980 3.318199
v 0.214167 10.387980 3.271199
v 1.270000 9.354979 3.825799
v 1.252000 10.408436 3.822643
v 1.288000 10.408436 3.828954
v 0.617000 9.354979 3.828954
v 0.653000 9.354979 3.822643
v 0.635000 10.408436 3.825799
v -0.000000 9.354979 3.825799
v -0.018000 10.408436 3.822643
v 0.018000 10.408436 3.828954
v -0.635000 9.354979 3.825799
v -0.617000 10.408436 3.828954
v -0.653000 10.408436 3.822643
v -1.270000 9.354979 3.825799
v -1.252000 10.408436 3.828954
v -1.288000 10.408436 3.822643
v 1.270000 9.477711 3.825799
v -1.270000 9.454186 3.821807
v -1.270000 9.501234 3.829790
v 1.270000 10.405300 3.803324
v 1.270000 10.411572 3.848274
v -1.270000 10.408436 3.825799
v -1.274383 10.384913 3.825799
v 1.257735 10.426647 3.825391
v -1.265617 10.431960 3.825799
v 1.270000 10.408436 3.195999
v 1.284477 10.390219 3.826102
v -1.270000 10.408436 3.195999
v 1.325000 9.256111 -3.990300
v 1.325000 9.300430 -3.191300
v 3.875000 9.300430 -3.990300
v 3.875000 9.256111 -3.191300
v 1.385000 9.344750 -3.901000
v 1.367000 10.398209 -3.904156
v 1.403000 10.398209 -3.897844
v 2.010500 9.344750 -3.904156
v 1.992500 10.398209 -3.901000
v 1.974500 9.344750 -3.897844
v 2.582000 9.344750 -3.897844
v 2.618000 9.344750 -3.904156
v 2.600000 10.398209 -3.901000
v 3.225500 9.344750 -3.904156
v 3.189500 9.344750 -3.897844
v 3.207500 10.398209 -3.901000
v 3.814999 9.344750 -3.901000
v 3.832999 10.398209 -3.897844
v 3.796999 10.398209 -3.904156
v 3.815000 9.491007 -3.904992
v 1.385000 9.467484 -3.901000
v 3.815000 9.443959 -3.897010
v 1.397265 10.416419 -3.900593
v 1.385000 10.401343 -3.923476
v 1.385000 10.395073 -3.878526
v 3.815000 10.398208 -3.901000
v 3.819382 10.374684 -3.901000
v 1.385000 10.398208 -3.224200
v 1.370523 10.379991 -3.901304
v 3.814999 10.398208 -3.224200
v 3.810617 10.421732 -3.901000
v 3.704999 9.416345 -3.238300
v 1.495000 11.656220 -3.238301
v 1.495000 9.416345 -3.191300
v 3.704999 11.656220 -3.191301
v 3.635000 9.487938 -3.303317
v 3.635000 11.584627 -3.295484
v 1.565000 9.487938 -3.295484
v 1.565000 11.584627 -3.303317
v 1.557500 9.457255 -3.353450
v 1.572500 9.457255 -3.301750
v 1.565000 11.625539 -3.327600
v 2.600000 11.625539 -3.327600
v 2.607500 9.457255 -3.301750
v 2.592500 9.457255 -3.353450
v 3.642499 11.625539 -3.353450
v 3.635000 9.457255 -3.327600
v 3.627500 11.625539 -3.301750
v 1.450000 9.416345 -3.346400
v 3.750000 9.402707 -3.233600
v 3.750000 9.429982 -3.459200
v 3.767500 9.365207 -3.825800
v 3.767500 11.052784 -3.224200
v 3.782500 9.365207 -3.224200
v 3.782500 11.052784 -3.825800
v 1.420000 10.101604 -3.369900
v 1.420000 9.436800 -3.369900
v 2.270000 10.101604 -3.792900
v 2.270000 10.101604 -3.369900
v 2.270000 9.436800 -3.369900
v 1.420000 10.101604 -3.792900
v 2.270000 9.436800 -3.792900
v 1.420000 9.436800 -3.792900
v 2.219307 9.657077 -3.812222
v 2.071980 10.042230 -3.816400
v 1.881838 9.564775 -3.820578
v 1.776185 9.847555 -3.816400
v 2.215000 9.623457 -3.844600
v 1.795000 9.636241 -3.848517
v 1.795000 9.610672 -3.840684
v 1.795000 9.704766 -3.848517
v 1.795000 9.679198 -3.840684
v 2.215000 9.691982 -3.844600
v 1.795000 9.760508 -3.844600
v 2.215000 9.773293 -3.840684
v 2.215000 9.747723 -3.848517
v 2.215000 9.816249 -3.848517
v 1.795000 9.829034 -3.844600
v 2.215000 9.841819 -3.840684
v 1.795000 9.897560 -3.844600
v 2.215000 9.884775 -3.848517
v 2.215000 9.910345 -3.840684
v 1.795000 9.978871 -3.848517
v 1.795000 9.953300 -3.840684
v 2.215000 9.966086 -3.844600
v 1.555000 9.968643 -3.811700
v 1.510000 9.600446 -3.807000
v 1.600000 9.600446 -3.816400
v 1.545000 9.401004 -3.854000
v 1.585000 9.389071 -3.308800
v 1.505000 9.412936 -3.308800
v 2.105000 9.412936 -3.308800
v 2.185000 9.389071 -3.308800
v 2.145000 9.401004 -3.854000
v 2.100000 11.390300 -3.769401
v 3.300000 11.406665 -3.772177
v 3.300000 11.373935 -3.766624
v 2.100000 11.390301 -3.247701
v 2.104192 11.367800 -3.825800
v 2.095808 11.412801 -3.825800
v 3.304191 11.412801 -3.247701
v 3.295808 11.367800 -3.247701
v 3.300000 11.390301 -3.825800
v -3.900000 9.266337 3.195999
v -3.900000 9.310658 3.853999
v -3.040000 11.492578 3.224199
v -2.160000 9.375433 3.224199
v -3.040000 9.375433 3.252399
v -2.160000 11.492578 3.252399
v -2.385833 10.653902 3.318199
v -2.374166 10.653902 3.271199
v -2.380000 10.387980 3.294699
v -1.312000 9.354979 3.822643
v -1.348000 9.354979 3.828954
v -1.330000 10.408436 3.825799
v -1.965000 9.354979 3.825799
v -1.947000 10.408436 3.828954
v -1.983000 10.408436 3.822643
v -2.600000 9.354979 3.825799
v -2.582000 10.408436 3.828954
v -2.618000 10.408436 3.822643
v -3.235000 9.354979 3.825799
v -3.217000 10.408436 3.828954
v -3.253000 10.408436 3.822643
v -3.888000 9.354979 3.828954
v -3.852000 9.354979 3.822643
v -1.330000 9.477711 3.825799
v -3.869999 9.454186 3.821807
v -3.869999 9.501234 3.829790
v -1.330000 10.405300 3.803324
v -1.330000 10.411572 3.848274
v -1.315523 10.390219 3.826102
v -1.342265 10.426647 3.825391
v -1.330000 10.408436 3.195999
v -3.874382 10.431960 3.195999
v -3.865617 10.384912 3.195999
v -3.944999 11.349388 1.955199
v -3.895000 11.349388 1.052799
v -3.895000 10.081148 1.955199
v -3.944999 10.081148 1.052799
v -4.014166 10.152742 1.118599
v -4.005833 10.152742 1.889399
v -4.014166 11.277795 1.889399
v -4.005833 11.277795 1.118599
v -4.039999 10.122059 1.889399
v -4.012499 11.318705 1.896449
v -4.067500 11.318705 1.882349
v -4.067500 10.122059 1.511049
v -4.039999 11.318705 1.503999
v -4.012499 10.122059 1.496949
v -4.039999 11.318705 1.118599
v -4.067500 10.122059 1.125649
v -4.012499 10.122059 1.111549
v -4.059999 10.081148 1.997499
v -4.179999 10.094786 1.010499
v -3.940000 10.067511 1.010499
v -3.895000 11.349388 -1.955201
v -3.944999 10.081148 -1.955200
v -3.944999 11.349388 -1.052801
v -3.895000 10.081148 -1.052801
v -4.005833 11.277795 -1.889401
v -4.014166 11.277795 -1.118601
v -4.005833 10.152742 -1.118601
v -4.014166 10.152742 -1.889401
v -4.067500 11.318705 -1.125651
v -4.012499 11.318705 -1.111551
v -4.039999 10.122059 -1.118601
v -4.039999 10.122059 -1.504001
v -4.012499 11.318705 -1.496951
v -4.067500 11.318705 -1.511051
v -4.039999 10.122059 -1.889401
v -4.067500 11.318705 -1.896451
v -4.012499 11.318705 -1.882351
v -4.059999 10.081148 -1.010501
v -4.179999 10.094786 -1.997501
v -3.940000 10.067511 -1.997501
v 3.944999 11.349388 -1.955201
v 3.895000 10.081148 -1.955200
v 3.895000 11.349388 -1.052801
v 3.944999 10.081148 -1.052801
v 4.014166 11.277795 -1.889401
v 4.005833 11.277795 -1.118601
v 4.005833 10.152742 -1.889401
v 4.014166 10.152742 -1.118601
v 4.067500 11.318705 -1.882351
v 4.039999 10.122059 -1.889401
v 4.012499 11.318705 -1.896451
v 4.067500 11.318705 -1.496951
v 4.039999 10.122059 -1.504001
v 4.012499 11.318705 -1.511051
v 4.067500 11.318705 -1.111551
v 4.012499 11.318705 -1.125651
v 4.039999 10.122059 -1.118601
v 4.179999 10.094786 -1.010501
v 3.940000 10.067511 -1.010501
v 4.059999 10.081148 -1.997501
v 3.944999 11.349388 1.052799
v 3.944999 10.081148 1.955199
v 3.895000 10.081148 1.052799
v 3.895000 11.349388 1.955199
v 4.014166 11.277795 1.118599
v 4.014166 10.152742 1.889399
v 4.005833 11.277795 1.889399
v 4.005833 10.152742 1.118599
v 4.067500 11.318705 1.125649
v 4.012499 11.318705 1.111549
v 4.039999 10.122059 1.118599
v 4.067500 11.318705 1.511049
v 4.012499 11.318705 1.496949
v 4.039999 10.122059 1.503999
v 4.067500 10.122059 1.882349
v 4.039999 11.318705 1.889399
v 4.012499 10.122059 1.896449
v 4.059999 10.081148 1.010499
v 3.940000 10.067511 1.997499
v 4.179999 10.094786 1.997499
v -3.940000 12.222156 -3.233601
v 3.940000 12.266477 -3.233601
v -3.940000 12.266477 3.233599
v 3.940000 12.222156 3.233599
v -1.325000 12.273296 -3.191300
v -3.875000 12.317616 -3.191300
v -3.875000 12.273296 -3.990300
v -1.325000 12.317616 -3.990300
v -3.814999 12.361936 -3.901000
v -3.832999 13.415394 -3.904156
v -3.796999 13.415394 -3.897845
v -3.207500 12.361936 -3.901000
v -3.189500 13.415394 -3.897845
v -3.225500 13.415394 -3.904156
v -2.582000 12.361936 -3.904156
v -2.600000 13.415394 -3.901000
v -2.618000 12.361936 -3.897845
v -1.992500 12.361936 -3.901000
v -1.974500 13.415394 -3.897845
v -2.010500 13.415394 -3.904156
v -1.385000 12.361936 -3.901000
v -1.367000 13.415394 -3.897845
v -1.403000 13.415394 -3.904156
v -3.815000 12.484669 -3.901001
v -1.385000 12.461145 -3.897010
v -1.385000 12.508192 -3.904992
v -1.380617 13.391870 -3.901000
v -3.815000 13.418529 -3.923476
v -3.815000 13.412258 -3.878526
v -3.814999 13.415393 -3.224200
v -3.829475 13.397177 -3.901304
v -3.802735 13.433603 -3.900593
v -1.385000 13.415393 -3.224200
v -1.389383 13.438915 -3.901000
v -3.704999 14.673406 -3.238301
v -1.495000 14.673406 -3.191301
v -3.704999 12.433529 -3.191301
v -1.495000 12.433529 -3.238301
v -3.635000 14.601811 -3.303317
v -3.635000 12.505124 -3.295484
v -1.565000 12.505124 -3.303317
v -1.565000 14.601811 -3.295484
v -3.627500 14.642723 -3.353451
v -3.642499 14.642723 -3.301751
v -3.635000 12.474442 -3.327601
v -2.592500 14.642723 -3.353451
v -2.607500 14.642723 -3.301751
v -2.600000 12.474442 -3.327601
v -1.557500 12.474442 -3.301751
v -1.565000 14.642723 -3.327601
v -1.572500 12.474442 -3.353451
v -1.450000 12.433530 -3.346400
v -3.750000 12.447167 -3.233601
v -3.750000 12.419893 -3.459200
v -1.432500 14.069968 -3.224200
v -1.432500 12.382392 -3.825800
v -1.417500 14.069968 -3.825800
v -1.417500 12.382392 -3.224200
v -3.779999 13.118789 -3.792901
v -3.779999 12.453985 -3.369900
v -2.930000 13.118789 -3.369900
v -3.779999 13.118789 -3.369900
v -2.930000 13.118789 -3.792901
v -3.779999 12.453985 -3.792901
v -2.930000 12.453985 -3.792901
v -2.930000 12.453985 -3.369900
v -3.128020 13.059416 -3.816401
v -3.423814 12.864740 -3.816401
v -3.318162 12.581959 -3.820578
v -2.980693 12.674260 -3.812223
v -2.985000 12.627857 -3.848517
v -3.405000 12.640642 -3.844600
v -2.985000 12.653426 -3.840684
v -3.405000 12.709167 -3.844600
v -2.985000 12.696383 -3.848517
v -2.985000 12.721952 -3.840684
v -3.405000 12.764910 -3.840684
v -3.405000 12.790478 -3.848517
v -2.985000 12.777693 -3.844600
v -2.985000 12.846219 -3.844600
v -3.405000 12.859004 -3.848517
v -3.405000 12.833434 -3.840684
v -2.985000 12.927530 -3.840684
v -3.405000 12.914745 -3.844600
v -2.985000 12.901960 -3.848517
v -3.405000 12.983272 -3.844600
v -2.985000 12.970487 -3.848517
v -2.985000 12.996057 -3.840684
v -3.599999 12.617629 -3.816401
v -3.645000 12.985827 -3.811701
v -3.690000 12.617629 -3.807001
v -3.615000 12.430120 -3.854001
v -3.695000 12.406257 -3.854001
v -3.655000 12.418188 -3.308801
v -3.015000 12.430120 -3.854001
v -3.055000 12.418188 -3.308801
v -3.095000 12.406257 -3.854001
v -3.100000 14.423849 -3.766624
v -3.100000 14.391121 -3.772178
v -1.900000 14.407485 -3.769401
v -3.100000 14.407484 -3.247701
v -3.095808 14.384983 -3.825801
v -3.104192 14.429986 -3.825801
v -1.904192 14.429986 -3.825801
v -1.895808 14.384983 -3.825801
v -1.900000 14.407485 -3.247701
v 3.900000 12.283524 3.853999
v 3.900000 12.327844 3.195999
v 3.040000 14.509763 3.252398
v 3.040000 12.392619 3.224199
v 2.160000 14.509763 3.224199
v 2.160000 12.392619 3.252399
v 2.814167 13.671087 3.318199
v 2.825833 13.671087 3.271199
v 2.820000 13.405166 3.294698
v 3.870000 12.372164 3.825799
v 3.852000 13.425620 3.822643
v 3.888000 13.425620 3.828954
v 3.235000 12.372164 3.825799
v 3.253000 13.425620 3.828954
v 3.217000 13.425620 3.822643
v 2.582000 12.372164 3.828954
v 2.600000 13.425620 3.825799
v 2.618000 12.372164 3.822643
v 1.965000 13.425620 3.825799
v 1.947000 12.372164 3.828954
v 1.983000 12.372164 3.822643
v 1.312000 12.372164 3.828954
v 1.348000 12.372164 3.822643
v 1.330000 13.425620 3.825799
v 3.869999 12.518420 3.821807
v 3.869999 12.471372 3.829790
v 1.330000 12.494896 3.825799
v 3.869999 13.428756 3.848274
v 3.884476 13.407405 3.826102
v 1.334383 13.449144 3.825799
v 3.869999 13.422487 3.803324
v 3.870000 13.425621 3.195999
v 3.857735 13.443831 3.825391
v 1.330000 13.425621 3.195999
v 1.325617 13.402099 3.825799
v -1.275000 12.273296 -3.990300
v 1.275000 12.317616 -3.990300
v -1.275000 12.317616 -3.191300
v 1.275000 12.273296 -3.191300
v -1.197000 12.361936 -3.904156
v -1.215000 13.415394 -3.901000
v -1.233000 12.361936 -3.897845
v -0.607500 12.361936 -3.901000
v -0.625500 13.415394 -3.904156
v -0.589500 13.415394 -3.897845
v 0.000000 12.361936 -3.901000
v -0.018000 13.415394 -3.904156
v 0.018000 13.415394 -3.897845
v 0.589500 12.361936 -3.897845
v 0.625500 12.361936 -3.904156
v 0.607500 13.415394 -3.901000
v 1.197000 12.361936 -3.897845
v 1.233000 12.361936 -3.904156
v 1.215000 13.415394 -3.901000
v -1.215000 12.484669 -3.901001
v 1.215000 12.461145 -3.897010
v 1.215000 12.508192 -3.904992
v -1.215000 13.412258 -3.878526
v -1.215000 13.418529 -3.923476
v -1.229476 13.397177 -3.901304
v -1.215000 13.415393 -3.224200
v -1.202735 13.433603 -3.900593
v 1.219383 13.438915 -3.224200
v 1.210617 13.391870 -3.224200
v 1.215000 13.415393 -3.901000
v -1.105000 14.673406 -3.238301
v -1.105000 12.433529 -3.191301
v 1.105000 12.433529 -3.238301
v 1.105000 14.673406 -3.191301
v -1.035000 14.601811 -3.303317
v 1.035000 14.601811 -3.295484
v -1.035000 12.505124 -3.295484
v 1.035000 12.505124 -3.303317
v -1.027500 14.642723 -3.353451
v -1.042500 14.642723 -3.301751
v -1.035000 12.474442 -3.327601
v 0.007500 14.642723 -3.353451
v 0.000000 12.474442 -3.327601
v -0.007500 14.642723 -3.301751
v 1.027500 12.474442 -3.353451
v 1.035000 14.642723 -3.327601
v 1.042500 12.474442 -3.301751
v -1.150000 12.447167 -3.233601
v 1.150000 12.433530 -3.346400
v -1.150000 12.419893 -3.459200
v 1.167500 12.382392 -3.825800
v 1.167500 14.069968 -3.224200
v 1.182500 12.382392 -3.224200
v 1.182500 14.069968 -3.825800
v -1.180000 13.118789 -3.792901
v -1.180000 12.453985 -3.792901
v -1.180000 13.118789 -3.369900
v -0.330000 12.453985 -3.792901
v -0.330000 13.118789 -3.369900
v -0.330000 13.118789 -3.792901
v -0.330000 12.453985 -3.369900
v -1.180000 12.453985 -3.369900
v -0.380694 12.674260 -3.812223
v -0.528020 13.059416 -3.816401
v -0.718162 12.581959 -3.820578
v -0.823815 12.864740 -3.816400
v -0.385000 12.627857 -3.848517
v -0.805000 12.640642 -3.844600
v -0.385000 12.653426 -3.840684
v -0.385000 12.721952 -3.840684
v -0.385000 12.696383 -3.848517
v -0.805000 12.709167 -3.844600
v -0.805000 12.790478 -3.848517
v -0.385000 12.777694 -3.844600
v -0.805000 12.764910 -3.840684
v -0.805000 12.833434 -3.840684
v -0.805000 12.859004 -3.848517
v -0.385000 12.846219 -3.844600
v -0.385000 12.901960 -3.848517
v -0.805000 12.914745 -3.844600
v -0.385000 12.927530 -3.840684
v -0.385000 12.970487 -3.848517
v -0.385000 12.996057 -3.840684
v -0.805000 12.983272 -3.844600
v -1.090000 12.985827 -3.816401
v -1.045000 12.617629 -3.811701
v -1.000000 12.985827 -3.807001
v -1.095000 12.406257 -3.854001
v -1.055000 12.418188 -3.308801
v -1.015000 12.430120 -3.854001
v -0.455000 12.418188 -3.854001
v -0.415000 12.406257 -3.308801
v -0.495000 12.430120 -3.308801
v -0.500000 14.407485 -3.769401
v 0.700000 14.423850 -3.772178
v 0.700000 14.391121 -3.766625
v -0.495808 14.429986 -3.247701
v -0.504192 14.384983 -3.247701
v -0.500000 14.407485 -3.825801
v 0.700000 14.407485 -3.247701
v 0.704192 14.384983 -3.825801
v 0.695808 14.429986 -3.825801
v 1.300000 12.327844 3.853999
v -0.440000 12.392619 3.252399
v 0.440000 14.509763 3.252398
v 0.440000 12.392619 3.224199
v -0.440000 14.509763 3.224199
v 0.220000 13.671087 3.294699
v 0.225833 13.405166 3.318199
v 0.214167 13.405166 3.271199
v 1.270000 12.372164 3.825799
v 1.252000 13.425620 3.822643
v 1.288000 13.425620 3.828954
v 0.635000 12.372164 3.825799
v 0.617000 13.425620 3.822643
v 0.653000 13.425620 3.828954
v -0.000000 12.372164 3.825799
v 0.018000 13.425620 3.828954
v -0.018000 13.425620 3.822643
v -0.617000 12.372164 3.822643
v -0.653000 12.372164 3.828954
v -0.635000 13.425620 3.825799
v -1.252000 12.372164 3.822643
v -1.288000 12.372164 3.828954
v 1.270000 12.518420 3.821807
v -1.270000 12.494896 3.825799
v 1.270000 12.471372 3.829790
v 1.270000 13.422487 3.803324
v 1.270000 13.428756 3.848274
v 1.257735 13.443831 3.825391
v -1.270000 13.425621 3.825799
v 1.270000 13.425621 3.195999
v 1.284477 13.407405 3.826102
v -1.274383 13.449144 3.195999
v -1.265617 13.402099 3.195999
v 1.325000 12.317616 -3.191300
v 3.875000 12.273296 -3.191300
v 1.325000 12.273296 -3.990300
v 3.875000 12.317616 -3.990300
v 1.403000 12.361936 -3.904156
v 1.367000 12.361936 -3.897845
v 1.385000 13.415394 -3.901000
v 1.992500 13.415394 -3.901000
v 2.010500 12.361936 -3.904156
v 1.974500 12.361936 -3.897845
v 2.600000 12.361936 -3.901000
v 2.582000 13.415394 -3.904156
v 2.618000 13.415394 -3.897845
v 3.225500 12.361936 -3.904156
v 3.207500 13.415394 -3.901000
v 3.189500 12.361936 -3.897845
v 3.832999 12.361936 -3.904156
v 3.814999 13.415394 -3.901000
v 3.796999 12.361936 -3.897845
v 1.385000 12.484669 -3.901001
v 3.815000 12.461145 -3.897010
v 3.815000 12.508192 -3.904992
v 1.385000 13.418529 -3.923476
v 3.815000 13.415393 -3.901001
v 1.397265 13.433603 -3.900593
v 1.385000 13.412258 -3.878526
v 1.385000 13.415393 -3.224200
v 1.370523 13.397177 -3.901304
v 3.810617 13.391870 -3.224200
v 3.819382 13.438915 -3.224200
v 1.495000 14.673406 -3.238301
v 1.495000 12.433529 -3.191301
v 3.704999 14.673406 -3.191301
v 3.704999 12.433529 -3.238301
v 1.565000 14.601811 -3.303317
v 3.635000 14.601811 -3.295484
v 1.565000 12.505124 -3.295484
v 3.635000 12.505124 -3.303317
v 1.572500 14.642723 -3.353451
v 1.565000 12.474442 -3.327601
v 1.557500 14.642723 -3.301751
v 2.600000 14.642723 -3.327601
v 2.592500 12.474442 -3.353451
v 2.607500 12.474442 -3.301751
v 3.635000 14.642723 -3.327601
v 3.627500 12.474442 -3.353451
v 3.642499 12.474442 -3.301751
v 1.450000 12.447167 -3.233601
v 3.750000 12.433530 -3.346400
v 1.450000 12.419893 -3.459200
v 3.782500 14.069968 -3.825800
v 3.767500 12.382392 -3.825800
v 3.767500 14.069968 -3.224200
v 3.782500 12.382392 -3.224200
v 1.420000 13.118789 -3.792901
v 2.270000 13.118789 -3.369900
v 2.270000 12.453985 -3.792901
v 1.420000 13.118789 -3.369900
v 2.270000 12.453985 -3.369900
v 1.420000 12.453985 -3.792901
v 1.420000 12.453985 -3.369900
v 2.219306 12.674260 -3.812223
v 2.071980 13.059416 -3.816401
v 1.776185 12.864740 -3.816401
v 1.881838 12.581959 -3.820578
v 1.795000 12.653426 -3.848517
v 1.795000 12.627857 -3.840684
v 2.215000 12.640642 -3.844600
v 2.215000 12.709167 -3.844600
v 1.795000 12.721952 -3.848517
v 1.795000 12.696383 -3.840684
v 2.215000 12.777693 -3.844600
v 1.795000 12.790478 -3.848517
v 1.795000 12.764910 -3.840684
v 1.795000 12.846219 -3.844600
v 2.215000 12.833434 -3.848517
v 2.215000 12.859004 -3.840684
v 2.215000 12.914745 -3.844600
v 1.795000 12.901960 -3.840684
v 1.795000 12.927530 -3.848517
v 2.215000 12.996057 -3.840684
v 1.795000 12.983272 -3.844600
v 2.215000 12.970487 -3.848517
v 1.600000 12.985827 -3.807001
v 1.555000 12.617629 -3.811701
v 1.510000 12.985827 -3.816401
v 1.545000 12.418188 -3.854001
v 1.505000 12.430120 -3.308801
v 1.585000 12.406257 -3.308801
v 2.145000 12.418188 -3.854001
v 2.185000 12.406257 -3.308801
v 2.105000 12.430120 -3.308801
v 2.100000 14.407485 -3.769401
v 3.300000 14.391121 -3.766625
v 3.300000 14.423850 -3.772178
v 2.100000 14.407485 -3.247701
v 2.095808 14.429986 -3.825801
v 2.104192 14.384983 -3.825801
v 3.300000 14.407484 -3.247701
v 3.304191 14.384983 -3.825801
v 3.295808 14.429986 -3.825801
v -3.900000 12.327844 3.853999
v -3.900000 12.283524 3.195999
v -1.300000 12.239202 3.853999
v -3.040000 12.392619 3.252399
v -2.160000 14.509763 3.252398
v -2.160000 12.392619 3.224199
v -3.040000 14.509763 3.224199
v -2.380000 13.671087 3.294698
v -2.385833 13.405166 3.271199
v -2.374166 13.405166 3.318199
v -1.330000 12.372164 3.825799
v -1.348000 13.425620 3.822643
v -1.312000 13.425620 3.828954
v -1.965000 12.372164 3.825799
v -1.947000 13.425620 3.828954
v -1.983000 13.425620 3.822643
v -2.582000 12.372164 3.822643
v -2.618000 12.372164 3.828954
v -2.600000 13.425620 3.825799
v -3.253000 12.372164 3.828954
v -3.217000 12.372164 3.822643
v -3.235000 13.425620 3.825799
v -3.888000 12.372164 3.828954
v -3.870000 13.425620 3.825799
v -3.852000 12.372164 3.822643
v -1.330000 12.471372 3.829790
v -1.330000 12.518420 3.821807
v -3.869999 12.494896 3.825799
v -1.330000 13.422487 3.803324
v -1.330000 13.428756 3.848274
v -1.330000 13.425621 3.195999
v -1.315523 13.407405 3.826102
v -1.342265 13.443831 3.825391
v -3.865617 13.402099 3.195999
v -3.874382 13.449144 3.195999
v -3.944999 14.366573 1.955199
v -3.895000 14.366573 1.052799
v -3.895000 13.098333 1.955199
v -3.944999 13.098333 1.052799
v -4.014166 13.169928 1.118599
v -4.014166 14.294979 1.889399
v -4.005833 13.169928 1.889399
v -4.005833 14.294979 1.118599
v -4.039999 13.139244 1.889399
v -4.012499 14.335891 1.896449
v -4.067500 14.335891 1.882349
v -4.067500 14.335891 1.496949
v -4.012499 14.335891 1.511049
v -4.039999 13.139244 1.503999
v -4.067500 13.139244 1.125649
v -4.039999 14.335891 1.118599
v -4.012499 13.139244 1.111549
v -4.179999 13.084696 1.997499
v -3.940000 13.111970 1.997499
v -4.059999 13.098332 1.010499
v -3.944999 14.366573 -1.052801
v -3.895000 13.098333 -1.052801
v -3.895000 14.366573 -1.955201
v -3.944999 13.098333 -1.955201
v -4.005833 13.169928 -1.118601
v -4.014166 13.169928 -1.889401
v -4.014166 14.294979 -1.118601
v -4.005833 14.294979 -1.889401
v -4.039999 14.335891 -1.118601
v -4.067500 13.139244 -1.111551
v -4.012499 13.139244 -1.125651
v -4.067500 14.335891 -1.511051
v -4.039999 13.139244 -1.504001
v -4.012499 14.335891 -1.496951
v -4.067500 14.335891 -1.896451
v -4.012499 14.335891 -1.882351
v -4.039999 13.139244 -1.889401
v -4.059999 13.098332 -1.997501
v -3.940000 13.111970 -1.010501
v -4.179999 13.084696 -1.010501
v 3.944999 14.366573 -1.955201
v 3.944999 13.098333 -1.052801
v 3.895000 14.366573 -1.052801
v 3.895000 13.098333 -1.955201
v 4.014166 14.294979 -1.889401
v 4.014166 13.169928 -1.118601
v 4.005833 13.169928 -1.889401
v 4.005833 14.294979 -1.118601
v 4.039999 14.335891 -1.889401
v 4.067500 13.139244 -1.896451
v 4.012499 13.139244 -1.882351
v 4.039999 14.335891 -1.504001
v 4.067500 13.139244 -1.511051
v 4.012499 13.139244 -1.496951
v 4.067500 14.335891 -1.111551
v 4.039999 13.139244 -1.118601
v 4.012499 14.335891 -1.125651
v 4.179999 13.111970 -1.010501
v 4.059999 13.098332 -1.997501
v 3.940000 13.084696 -1.010501
v 3.944999 14.366573 1.052799
v 3.944999 13.098333 1.955199
v 3.895000 13.098333 1.052799
v 3.895000 14.366573 1.955199
v 4.014166 13.169928 1.889399
v 4.005833 14.294979 1.889399
v 4.005833 13.169928 1.118599
v 4.014166 14.294979 1.118599
v 4.039999 14.335891 1.118599
v 4.067500 13.139244 1.111549
v 4.012499 13.139244 1.125649
v 4.067500 14.335891 1.511049
v 4.039999 13.139244 1.503999
v 4.012499 14.335891 1.496949
v 4.067500 14.335891 1.896449
v 4.039999 13.139244 1.889399
v 4.012499 14.335891 1.882349
v 4.059999 13.098332 1.010499
v 4.179999 13.111970 1.997499
v 3.940000 13.084696 1.997499
v -3.940000 15.239343 -3.233601
v 3.940000 15.239343 3.233598
v -3.940000 15.283662 3.233598
v 3.940000 15.283662 -3.233601
v -1.325000 15.334800 -3.990301
v -3.875000 15.334800 -3.191301
v -3.875000 15.290480 -3.990301
v -1.325000 15.290480 -3.191301
v -3.832999 15.379120 -3.897845
v -3.796999 15.379120 -3.904156
v -3.814999 16.432579 -3.901001
v -3.225500 15.379120 -3.897845
v -3.189500 15.379120 -3.904156
v -3.207500 16.432579 -3.901001
v -2.618000 15.379120 -3.897845
v -2.582000 15.379120 -3.904156
v -2.600000 16.432579 -3.901001
v -1.992500 15.379120 -3.901001
v -2.010500 16.432579 -3.904156
v -1.974500 16.432579 -3.897845
v -1.385000 15.379120 -3.901001
v -1.367000 16.432579 -3.897845
v -1.403000 16.432579 -3.904156
v -1.385000 15.525377 -3.904993
v -3.815000 15.501854 -3.901001
v -1.385000 15.478331 -3.897010
v -3.802735 16.450788 -3.900593
v -3.815000 16.435715 -3.923476
v -3.815000 16.429443 -3.878526
v -1.385000 16.432579 -3.901001
v -1.380617 16.409056 -3.901001
v -3.829476 16.414362 -3.901304
v -3.814999 16.432579 -3.224201
v -1.385000 16.432579 -3.224201
v -1.389383 16.456102 -3.901001
v -1.495000 15.450714 -3.238301
v -1.495000 17.690594 -3.191301
v -3.704999 15.450714 -3.191301
v -3.704999 17.690594 -3.238301
v -3.635000 17.618998 -3.303318
v -1.565000 17.618998 -3.295485
v -3.635000 15.522310 -3.295484
v -1.565000 15.522310 -3.303318
v -3.635000 17.659908 -3.327601
v -3.642499 15.491626 -3.353451
v -3.627500 15.491626 -3.301751
v -2.607500 15.491626 -3.353451
v -2.600000 17.659908 -3.327601
v -2.592500 15.491626 -3.301751
v -1.572500 15.491626 -3.353451
v -1.557500 15.491626 -3.301751
v -1.565000 17.659908 -3.327601
v -3.750000 15.437078 -3.459201
v -1.450000 15.450715 -3.346401
v -3.750000 15.464353 -3.233601
v -1.417500 17.087152 -3.825801
v -1.432500 15.399575 -3.825801
v -1.417500 15.399575 -3.224201
v -1.432500 17.087152 -3.224201
v -3.779999 15.471169 -3.792901
v -2.930000 16.135975 -3.369901
v -3.779999 15.471169 -3.369901
v -3.779999 16.135975 -3.369901
v -3.779999 16.135975 -3.792901
v -2.930000 16.135975 -3.792901
v -2.930000 15.471169 -3.369901
v -2.930000 15.471169 -3.792901
v -3.128021 16.076601 -3.816401
v -3.423814 15.881927 -3.816401
v -2.980694 15.691445 -3.812223
v -3.318163 15.599144 -3.820579
v -2.985000 15.645042 -3.848517
v -3.405000 15.657826 -3.844601
v -2.985000 15.670611 -3.840684
v -2.985000 15.713568 -3.848517
v -3.405000 15.726353 -3.844601
v -2.985000 15.739138 -3.840684
v -3.405000 15.794879 -3.844601
v -2.985000 15.807662 -3.840684
v -2.985000 15.782095 -3.848517
v -3.405000 15.876188 -3.848517
v -2.985000 15.863404 -3.844601
v -3.405000 15.850620 -3.840684
v -2.985000 15.931931 -3.844601
v -3.405000 15.944715 -3.848517
v -3.405000 15.919146 -3.840684
v -2.985000 16.000458 -3.844601
v -3.405000 15.987672 -3.840684
v -3.405000 16.013241 -3.848517
v -3.645000 15.634814 -3.811701
v -3.599999 16.003012 -3.807001
v -3.690000 16.003012 -3.816401
v -3.655000 15.435372 -3.308801
v -3.615000 15.447305 -3.854001
v -3.695000 15.423440 -3.854001
v -3.095000 15.423440 -3.854001
v -3.015000 15.447305 -3.854001
v -3.055000 15.435372 -3.308801
v -3.100000 17.441034 -3.766625
v -3.100000 17.408306 -3.772178
v -1.900000 17.424669 -3.769401
v -3.100000 17.424669 -3.247701
v -3.104192 17.447174 -3.825801
v -3.095807 17.402168 -3.825801
v -1.900000 17.424669 -3.247701
v -1.895807 17.402168 -3.825801
v -1.904192 17.447170 -3.825801
v 3.900000 15.345028 3.195998
v 3.900000 15.300707 3.853998
v 3.040000 17.526949 3.252398
v 2.160000 15.409804 3.252398
v 3.040000 15.409804 3.224198
v 2.160000 17.526949 3.224198
v 2.820000 16.688272 3.294698
v 2.814167 16.422352 3.271199
v 2.825833 16.422352 3.318198
v 3.888000 15.389348 3.822642
v 3.870000 16.442804 3.825798
v 3.852000 15.389348 3.828954
v 3.235000 15.389348 3.825798
v 3.253000 16.442804 3.828954
v 3.217000 16.442804 3.822642
v 2.600000 15.389348 3.825798
v 2.618000 16.442804 3.828954
v 2.582000 16.442804 3.822642
v 1.965000 15.389348 3.825798
v 1.947000 16.442804 3.822642
v 1.983000 16.442804 3.828954
v 1.348000 15.389348 3.822642
v 1.312000 15.389348 3.828954
v 1.330000 16.442804 3.825798
v 3.869999 15.488559 3.829790
v 1.330000 15.512082 3.825799
v 3.869999 15.535605 3.821807
v 3.869999 16.439672 3.803323
v 1.330000 16.442806 3.825799
v 3.869999 16.445942 3.848274
v 3.869999 16.442806 3.195998
v 3.884476 16.424589 3.826102
v 3.857735 16.461018 3.825390
v 1.325617 16.419283 3.825798
v 1.330000 16.442806 3.195998
v 1.334383 16.466331 3.825798
v -1.275000 15.290480 -3.990301
v -1.275000 15.334800 -3.191301
v 1.275000 15.290480 -3.191301
v 1.275000 15.334800 -3.990301
v -1.215000 15.379120 -3.901001
v -1.233000 16.432579 -3.904156
v -1.197000 16.432579 -3.897845
v -0.589500 16.432579 -3.897845
v -0.625500 16.432579 -3.904156
v -0.607500 15.379120 -3.901001
v 0.018000 15.379120 -3.904156
v -0.018000 15.379120 -3.897845
v -0.000000 16.432579 -3.901001
v 0.607500 15.379120 -3.901001
v 0.625500 16.432579 -3.897845
v 0.589500 16.432579 -3.904156
v 1.197000 15.379120 -3.897845
v 1.233000 15.379120 -3.904156
v 1.215000 16.432579 -3.901001
v -1.215000 15.501854 -3.901001
v 1.215000 15.478331 -3.897010
v 1.215000 15.525377 -3.904993
v -1.215000 16.435715 -3.923476
v -1.215000 16.429443 -3.878526
v -1.215000 16.432577 -3.224201
v -1.202735 16.450788 -3.900593
v -1.229477 16.414362 -3.901304
v 1.219383 16.456102 -3.224201
v 1.210617 16.409056 -3.224201
v 1.215000 16.432577 -3.901001
v -1.105000 17.690594 -3.238301
v 1.105000 15.450714 -3.238301
v 1.105000 17.690594 -3.191301
v -1.105000 15.450714 -3.191301
v -1.035000 17.618998 -3.303318
v 1.035000 17.618998 -3.295485
v -1.035000 15.522310 -3.295484
v 1.035000 15.522310 -3.303318
v -1.042500 15.491626 -3.353451
v -1.035000 17.659908 -3.327601
v -1.027500 15.491626 -3.301751
v -0.007500 15.491626 -3.353451
v 0.000000 17.659908 -3.327601
v 0.007500 15.491626 -3.301751
v 1.035000 17.659908 -3.327601
v 1.027500 15.491626 -3.353451
v 1.042500 15.491626 -3.301751
v -1.150000 15.450715 -3.346401
v 1.150000 15.437078 -3.233601
v 1.150000 15.464353 -3.459201
v 1.182500 17.087152 -3.825801
v 1.167500 15.399575 -3.825801
v 1.182500 15.399575 -3.224201
v 1.167500 17.087152 -3.224201
v -0.330000 15.471169 -3.792901
v -1.180000 15.471169 -3.792901
v -1.180000 15.471169 -3.369901
v -0.330000 16.135975 -3.369901
v -1.180000 16.135975 -3.792901
v -0.330000 15.471169 -3.369901
v -1.180000 16.135975 -3.369901
v -0.330000 16.135975 -3.792901
v -0.380694 15.691444 -3.812223
v -0.528021 16.076601 -3.816401
v -0.718163 15.599144 -3.820579
v -0.823815 15.881927 -3.816401
v -0.385000 15.657826 -3.844601
v -0.805000 15.670611 -3.848517
v -0.805000 15.645042 -3.840684
v -0.805000 15.739138 -3.848517
v -0.805000 15.713568 -3.840684
v -0.385000 15.726353 -3.844601
v -0.805000 15.794879 -3.844601
v -0.385000 15.782095 -3.848517
v -0.385000 15.807662 -3.840684
v -0.805000 15.876188 -3.848517
v -0.805000 15.850620 -3.840684
v -0.385000 15.863404 -3.844601
v -0.805000 15.931931 -3.844601
v -0.385000 15.919146 -3.848517
v -0.385000 15.944715 -3.840684
v -0.385000 16.013241 -3.840684
v -0.385000 15.987672 -3.848517
v -0.805000 16.000456 -3.844601
v -1.090000 15.634814 -3.807001
v -1.045000 16.003012 -3.811701
v -1.000000 15.634814 -3.816401
v -1.055000 15.435372 -3.854001
v -1.015000 15.423440 -3.308801
v -1.095000 15.447305 -3.308801
v -0.495000 15.447305 -3.308801
v -0.415000 15.423440 -3.308801
v -0.455000 15.435372 -3.854001
v -0.500000 17.408306 -3.772178
v -0.500000 17.441034 -3.766625
v 0.700000 17.424669 -3.769401
v -0.495808 17.447170 -3.247701
v -0.500000 17.424669 -3.825801
v -0.504192 17.402168 -3.247701
v 0.704192 17.402168 -3.825801
v 0.700000 17.424669 -3.247701
v 0.695808 17.447170 -3.825801
v 1.300000 15.389348 3.195998
v -0.440000 17.526949 3.224198
v -0.440000 15.409804 3.252398
v 0.440000 15.409804 3.224198
v 0.440000 17.526949 3.252398
v 0.225833 16.422352 3.318198
v 0.220000 16.688272 3.294698
v 0.214167 16.422352 3.271199
v 1.270000 15.389348 3.825798
v 1.288000 16.442804 3.828954
v 1.252000 16.442804 3.822642
v 0.635000 15.389348 3.825798
v 0.617000 16.442804 3.822642
v 0.653000 16.442804 3.828954
v 0.000000 15.389348 3.825798
v 0.018000 16.442804 3.828954
v -0.018000 16.442804 3.822642
v -0.617000 15.389348 3.822642
v -0.653000 15.389348 3.828954
v -0.635000 16.442804 3.825798
v -1.270000 15.389348 3.825798
v -1.252000 16.442804 3.828954
v -1.288000 16.442804 3.822642
v 1.270000 15.512082 3.825799
v -1.270000 15.535605 3.829790
v -1.270000 15.488558 3.821807
v 1.270000 16.439672 3.803323
v 1.257735 16.461018 3.825390
v 1.284477 16.424589 3.826102
v -1.270000 16.442806 3.825799
v 1.270000 16.445942 3.848274
v 1.270000 16.442808 3.195998
v -1.265617 16.419285 3.195998
v -1.274383 16.466330 3.195998
v -1.270000 16.442808 3.825798
v 1.325000 15.290480 -3.990301
v 1.325000 15.334800 -3.191301
v 3.875000 15.290480 -3.191301
v 3.875000 15.334800 -3.990301
v 1.403000 15.379120 -3.904156
v 1.385000 16.432579 -3.901001
v 1.367000 15.379120 -3.897845
v 1.992500 15.379120 -3.901001
v 2.010500 16.432579 -3.897845
v 1.974500 16.432579 -3.904156
v 2.582000 15.379120 -3.897845
v 2.618000 15.379120 -3.904156
v 2.600000 16.432579 -3.901001
v 3.207500 15.379120 -3.901001
v 3.225500 16.432579 -3.897845
v 3.189500 16.432579 -3.904156
v 3.832999 16.432579 -3.897845
v 3.796999 16.432579 -3.904156
v 3.814999 15.379120 -3.901001
v 1.385000 15.501854 -3.901001
v 3.815000 15.478331 -3.897010
v 3.815000 15.525377 -3.904993
v 1.385000 16.435715 -3.923476
v 3.814999 16.432579 -3.901001
v 1.385000 16.429443 -3.878526
v 1.385000 16.432577 -3.224201
v 1.370523 16.414362 -3.901304
v 1.397265 16.450788 -3.900593
v 3.810617 16.409054 -3.224201
v 3.819382 16.456102 -3.224201
v 1.495000 17.690594 -3.238301
v 1.495000 15.450714 -3.191301
v 3.704999 17.690594 -3.191301
v 3.704999 15.450714 -3.238301
v 1.565000 17.618998 -3.303318
v 3.635000 17.618998 -3.295485
v 1.565000 15.522310 -3.295484
v 3.635000 15.522310 -3.303318
v 1.565000 17.659908 -3.327601
v 1.557500 15.491626 -3.353451
v 1.572500 15.491626 -3.301751
v 2.592500 15.491626 -3.353451
v 2.600000 17.659908 -3.327601
v 2.607500 15.491626 -3.301751
v 3.627500 15.491626 -3.353451
v 3.635000 17.659908 -3.327601
v 3.642499 15.491626 -3.301751
v 1.450000 15.464353 -3.233601
v 3.750000 15.450715 -3.346401
v 1.450000 15.437078 -3.459201
v 3.782500 17.087152 -3.825801
v 3.767500 15.399575 -3.825801
v 3.767500 17.087152 -3.224201
v 3.782500 15.399575 -3.224201
v 1.420000 16.135975 -3.792901
v 1.420000 15.471169 -3.792901
v 2.270000 16.135975 -3.369901
v 1.420000 16.135975 -3.369901
v 2.270000 16.135975 -3.792901
v 2.270000 15.471169 -3.792901
v 2.270000 15.471169 -3.369901
v 1.420000 15.471169 -3.369901
v 2.219306 15.691444 -3.812223
v 2.071979 16.076601 -3.816401
v 1.881837 15.599144 -3.820579
v 1.776185 15.881927 -3.816401
v 1.795000 15.670611 -3.848517
v 1.795000 15.645042 -3.840684
v 2.215000 15.657826 -3.844601
v 2.215000 15.726353 -3.844601
v 1.795000 15.713568 -3.840684
v 1.795000 15.739138 -3.848517
v 2.215000 15.794879 -3.844601
v 1.795000 15.782095 -3.840684
v 1.795000 15.807662 -3.848517
v 1.795000 15.876188 -3.848517
v 1.795000 15.850620 -3.840684
v 2.215000 15.863404 -3.844601
v 1.795000 15.944715 -3.848517
v 1.795000 15.919146 -3.840684
v 2.215000 15.931931 -3.844601
v 1.795000 16.000458 -3.844601
v 2.215000 15.987672 -3.848517
v 2.215000 16.013241 -3.840684
v 1.510000 16.003012 -3.816401
v 1.555000 15.634814 -3.811701
v 1.600000 16.003012 -3.807001
v 1.545000 15.435372 -3.308801
v 1.505000 15.423440 -3.854001
v 1.585000 15.447305 -3.854001
v 2.145000 15.435372 -3.854001
v 2.185000 15.423440 -3.308801
v 2.105000 15.447305 -3.308801
v 2.100000 17.424669 -3.769401
v 3.300000 17.441034 -3.772178
v 3.300000 17.408306 -3.766625
v 2.104192 17.447170 -3.247701
v 2.095807 17.402168 -3.247701
v 2.100000 17.424669 -3.825801
v 3.300000 17.424669 -3.247701
v 3.304192 17.402168 -3.825801
v 3.295808 17.447174 -3.825801
v -1.300000 15.389348 3.853998
v -3.900000 15.345028 3.853998
v -3.900000 15.300707 3.195998
v -2.160000 17.526949 3.252398
v -3.040000 15.409804 3.252398
v -3.040000 17.526949 3.224198
v -2.160000 15.409804 3.224198
v -2.385833 16.688272 3.318198
v -2.374166 16.688272 3.271199
v -2.380000 16.422352 3.294698
v -1.330000 15.389348 3.825798
v -1.312000 16.442804 3.828954
v -1.348000 16.442804 3.822642
v -1.947000 15.389348 3.822642
v -1.965000 16.442804 3.825798
v -1.983000 15.389348 3.828954
v -2.582000 15.389348 3.822642
v -2.618000 15.389348 3.828954
v -2.600000 16.442804 3.825798
v -3.217000 15.389348 3.822642
v -3.235000 16.442804 3.825798
v -3.253000 15.389348 3.828954
v -3.888000 15.389348 3.828954
v -3.870000 16.442804 3.825798
v -3.852000 15.389348 3.822642
v -1.330000 15.512082 3.825799
v -3.869999 15.488558 3.821807
v -3.869999 15.535605 3.829790
v -3.874382 16.419283 3.825798
v -1.330000 16.445942 3.848274
v -1.330000 16.439672 3.803323
v -1.330000 16.442808 3.195998
v -1.342265 16.461018 3.825390
v -1.315523 16.424589 3.826102
v -3.870000 16.442808 3.195998
v -3.895000 16.115520 1.955199
v -3.895000 17.383757 1.052799
v -3.944999 17.383757 1.955198
v -3.944999 16.115520 1.052799
v -4.014166 17.312162 1.889399
v -4.014166 16.187111 1.118599
v -4.005833 17.312162 1.118599
v -4.005833 16.187111 1.889399
v -4.067500 17.353077 1.882349
v -4.039999 16.156429 1.889399
v -4.012499 17.353077 1.896448
v -4.039999 16.156429 1.503999
v -4.012499 17.353077 1.511049
v -4.067500 17.353077 1.496948
v -4.012499 17.353077 1.125649
v -4.039999 16.156429 1.118599
v -4.067500 17.353077 1.111549
v -4.179999 16.129154 1.010499
v -4.059999 16.115519 1.997499
v -3.940000 16.101881 1.010499
v -3.944999 16.115520 -1.955201
v -3.895000 17.383757 -1.955201
v -3.895000 16.115520 -1.052801
v -3.944999 17.383757 -1.052801
v -4.014166 17.312162 -1.118601
v -4.005833 17.312162 -1.889401
v -4.014166 16.187111 -1.889401
v -4.005833 16.187111 -1.118601
v -4.039999 17.353077 -1.118601
v -4.012499 16.156429 -1.125651
v -4.067500 16.156429 -1.111551
v -4.067500 17.353077 -1.511051
v -4.039999 16.156429 -1.504001
v -4.012499 17.353077 -1.496951
v -4.067500 17.353077 -1.896451
v -4.012499 17.353077 -1.882351
v -4.039999 16.156429 -1.889401
v -4.059999 16.115519 -1.997501
v -4.179999 16.101881 -1.010501
v -3.940000 16.129154 -1.010501
v 3.944999 16.115520 -1.052801
v 3.895000 16.115520 -1.955201
v 3.895000 17.383757 -1.052801
v 3.944999 17.383757 -1.955201
v 4.014166 17.312162 -1.889401
v 4.014166 16.187111 -1.118601
v 4.005833 16.187111 -1.889401
v 4.005833 17.312162 -1.118601
v 4.067500 16.156429 -1.896451
v 4.012499 16.156429 -1.882351
v 4.039999 17.353077 -1.889401
v 4.039999 17.353077 -1.504001
v 4.012499 16.156429 -1.496951
v 4.067500 16.156429 -1.511051
v 4.067500 17.353077 -1.111551
v 4.012499 17.353077 -1.125651
v 4.039999 16.156429 -1.118601
v 4.179999 16.101881 -1.997501
v 3.940000 16.129154 -1.997501
v 4.059999 16.115519 -1.010501
v 3.944999 16.115520 1.955199
v 3.895000 16.115520 1.052799
v 3.895000 17.383757 1.955198
v 3.944999 17.383757 1.052799
v 4.014166 17.312162 1.118599
v 4.014166 16.187111 1.889399
v 4.005833 16.187111 1.118599
v 4.005833 17.312162 1.889399
v 4.039999 16.156429 1.118599
v 4.012499 17.353077 1.111549
v 4.067500 17.353077 1.125649
v 4.039999 17.353077 1.503999
v 4.012499 16.156429 1.511049
v 4.067500 16.156429 1.496949
v 4.012499 17.353077 1.882349
v 4.039999 16.156429 1.889399
v 4.067500 17.353077 1.896448
v 3.940000 16.101881 1.997499
v 4.059999 16.115519 1.010499
v 4.179999 16.129154 1.997499
v 4.000000 18.212208 1.785998
v 2.400000 18.212208 3.289998
v 2.400000 20.053200 1.785998
v 2.400000 20.053200 3.289998
v 4.000000 20.053200 1.785998
v 4.000000 20.053200 3.289998
v 2.400000 18.212208 1.785998
v 4.000000 18.212208 3.289998
v -0.975000 18.416761 0.258499
v -0.975000 19.081564 0.681499
v -1.825000 18.416761 0.681499
v -0.975000 18.416761 0.681499
v -1.825000 18.416761 0.258499
v -1.825000 19.081564 0.681499
v -0.975000 19.081564 0.258499
v -1.825000 19.081564 0.258499
v -1.025694 18.637035 0.239176
v -1.173020 19.022192 0.234999
v -1.363163 18.544735 0.230821
v -1.468814 18.827517 0.234999
v -1.450000 18.590633 0.210715
v -1.030000 18.603416 0.206799
v -1.450000 18.616199 0.202882
v -1.030000 18.659159 0.202882
v -1.030000 18.684731 0.210715
v -1.450000 18.671944 0.206799
v -1.450000 18.753254 0.202882
v -1.450000 18.727686 0.210715
v -1.030000 18.740469 0.206799
v -1.450000 18.821779 0.202882
v -1.450000 18.796209 0.210715
v -1.030000 18.808994 0.206799
v -1.450000 18.890306 0.202882
v -1.030000 18.877522 0.206799
v -1.450000 18.864735 0.210715
v -1.450000 18.958832 0.202882
v -1.030000 18.946047 0.206799
v -1.450000 18.933262 0.210715
v -1.735000 18.948603 0.234999
v -1.690000 18.580404 0.239699
v -1.645000 18.948603 0.244399
v -1.660000 18.392897 0.197399
v -1.740000 18.369032 0.197399
v -1.700000 18.380964 0.742599
v -1.140000 18.369032 0.197399
v -1.100000 18.380964 0.742599
v -1.060000 18.392897 0.197399
v -0.425000 19.081564 0.258499
v 0.425000 18.416761 0.258499
v -0.425000 19.081564 0.681499
v 0.425000 19.081564 0.681499
v -0.425000 18.416761 0.681499
v 0.425000 19.081564 0.258499
v 0.425000 18.416761 0.681499
v -0.425000 18.416761 0.258499
v 0.374306 18.637035 0.239176
v 0.226980 19.022192 0.234999
v 0.036837 18.544735 0.230821
v -0.068815 18.827517 0.234999
v -0.050000 18.616199 0.202882
v 0.370000 18.603416 0.206799
v -0.050000 18.590633 0.210715
v -0.050000 18.684731 0.202882
v -0.050000 18.659159 0.210715
v 0.370000 18.671944 0.206799
v 0.370000 18.753254 0.210715
v -0.050000 18.740469 0.206799
v 0.370000 18.727686 0.202882
v -0.050000 18.821779 0.202882
v 0.370000 18.808994 0.206799
v -0.050000 18.796209 0.210715
v 0.370000 18.864735 0.202882
v 0.370000 18.890306 0.210715
v -0.050000 18.877522 0.206799
v 0.370000 18.933262 0.202882
v 0.370000 18.958832 0.210715
v -0.050000 18.946047 0.206799
v -0.245000 18.948603 0.244399
v -0.290000 18.580404 0.239699
v -0.335000 18.948603 0.234999
v -0.340000 18.392897 0.742599
v -0.260000 18.369032 0.742599
v -0.300000 18.380964 0.197399
v 0.260000 18.369032 0.197399
v 0.300000 18.380964 0.742599
v 0.340000 18.392897 0.197399
v 1.825000 19.081564 0.258499
v 1.825000 18.416761 0.258499
v 0.975000 18.416761 0.258499
v 0.975000 18.416761 0.681499
v 1.825000 19.081564 0.681499
v 0.975000 19.081564 0.258499
v 0.975000 19.081564 0.681499
v 1.825000 18.416761 0.681499
v 1.774305 18.637035 0.239176
v 1.331185 18.827517 0.234999
v 1.436837 18.544735 0.230821
v 1.626980 19.022192 0.234999
v 1.350000 18.616199 0.202882
v 1.770000 18.603416 0.206799
v 1.350000 18.590633 0.210715
v 1.350000 18.684731 0.202882
v 1.770000 18.671944 0.206799
v 1.350000 18.659159 0.210715
v 1.770000 18.753254 0.210715
v 1.770000 18.727686 0.202882
v 1.350000 18.740469 0.206799
v 1.350000 18.821779 0.202882
v 1.770000 18.808994 0.206799
v 1.350000 18.796209 0.210715
v 1.770000 18.890306 0.210715
v 1.350000 18.877522 0.206799
v 1.770000 18.864735 0.202882
v 1.770000 18.958832 0.210715
v 1.350000 18.946047 0.206799
v 1.770000 18.933262 0.202882
v 1.110000 18.580404 0.239699
v 1.065000 18.948603 0.234999
v 1.155000 18.948603 0.244399
v 1.060000 18.392897 0.742599
v 1.100000 18.380964 0.197399
v 1.140000 18.369032 0.742599
v 1.740000 18.392897 0.197399
v 1.660000 18.369032 0.197399
v 1.700000 18.380964 0.742599
v -3.701273 0.068185 3.292476
v -3.798726 0.068185 3.268723
v -3.750000 17.946283 3.280598
v 3.798726 0.068185 3.292476
v 3.750000 17.946283 3.280598
v 3.701273 0.068185 3.268723
v 0.400000 0.405701 3.252399
v 0.400000 2.246695 3.289999
v -0.400000 0.405701 3.289999
v -0.400000 2.246695 3.252399
v 0.625000 1.786446 3.244566
v 0.975000 1.786446 3.297833
v 0.625000 1.275059 3.297833
v 0.975000 1.275059 3.244566
v 1.334383 1.380405 3.825799
v 1.325617 1.333357 3.825799
v 3.815000 1.346653 -3.901000
v 1.300000 3.231968 3.195999
v 1.300000 3.187648 3.195999
v 1.300000 3.320608 3.195999
v -1.300000 3.320608 3.195999
v -3.870000 7.391252 3.825799
v -1.385000 10.398208 -3.901000
v 1.300000 9.310658 3.195999
v 1.300000 9.266337 3.195999
v 1.300000 15.389348 3.853998
v -1.385000 4.363838 -3.901000
v 1.300000 12.372163 3.853999
v 1.300000 12.239202 3.853999
v 1.300000 12.372163 3.195999
v 1.300000 12.327844 3.195999
v 1.300000 12.239202 3.195999
v -1.300000 15.256387 3.195998
v -1.300000 15.256387 3.853998
v 1.300000 0.170463 3.854000
v 1.334383 7.414775 3.825799
v -1.300000 12.327844 3.853999
v -1.300000 12.372163 3.853999
v -1.385000 1.346653 -3.901000
v 1.300000 0.259103 3.854000
v 1.300000 0.214783 3.854000
v 1.300000 0.303423 3.854000
v -1.300000 0.303423 3.196000
v -1.300000 0.259103 3.854000
v -1.300000 0.214783 3.854000
v 1.300000 6.293474 3.853999
v 1.300000 6.337793 3.195999
v -1.300000 6.293474 3.853999
v -1.300000 6.249153 3.853999
v -1.300000 6.337793 3.853999
v -1.300000 6.337793 3.195999
v -3.870000 10.408436 3.825799
v -1.300000 12.372163 3.195999
v -1.300000 12.327844 3.195999
v -1.300000 12.239202 3.195999
v -1.300000 6.204833 3.195999
v -1.300000 9.222017 3.853999
v -1.300000 9.222017 3.195999
v -1.385000 13.415393 -3.901001
v 1.300000 15.345028 3.853998
v 1.300000 15.300707 3.853998
v 1.300000 15.256387 3.853998
v 1.300000 15.256387 3.195998
v -3.869999 16.442806 3.825799
v -3.865617 16.466331 3.825798
v 4.010000 18.212208 3.199132
v 1.300000 6.204833 3.195999
v 1.300000 3.231968 3.853999
v -1.300000 9.266337 3.195999
v -1.300000 9.310658 3.195999
v -1.300000 15.300707 3.853998
v -3.903333 18.580404 -3.149001
v -1.300000 3.276288 3.853999
v -1.300000 3.231968 3.853999
v -1.300000 3.187648 3.853999
v -1.265617 4.397590 3.825799
v -1.300000 15.300707 3.195998
v -1.300000 15.389348 3.195998
vn -0.7130 0.0119 0.7011
vn 0.7130 -0.0119 0.7011
vn 0.7130 0.0119 -0.7011
vn -0.7130 -0.0119 -0.7011
vn -0.0000 -0.0000 -1.0000
vn -0.0000 -0.0000 1.0000
vn -1.0000 -0.0000 -0.0000
vn 1.0000 -0.0000 -0.0000
vn -0.0000 1.0000 -0.0000
vn -0.0000 -1.0000 -0.0000
vn -0.7261 0.0107 0.6875
vn 0.7261 -0.0107 0.6875
vn 0.7261 0.0107 -0.6875
vn -0.7261 -0.0107 -0.6875
vn -0.0800 0.5453 0.8344
vn 0.0800 0.5453 -0.8344
vn -0.0800 -0.5454 -0.8344
vn 0.0800 -0.5454 0.8344
vn -0.8365 0.5429 -0.0750
vn 0.8364 0.5430 0.0750
vn 0.8365 -0.5429 -0.0750
vn -0.8364 -0.5430 0.0750
vn -0.8364 0.5429 -0.0750
vn 0.8364 0.5429 0.0750
vn 0.8364 -0.5429 -0.0750
vn -0.8364 -0.5429 0.0750
vn -0.7258 0.0108 0.6878
vn 0.7258 -0.0108 0.6878
vn 0.7258 0.0108 -0.6878
vn -0.7258 -0.0108 -0.6878
vn -0.7943 0.0333 0.6067
vn 0.7943 -0.0333 0.6067
vn 0.7943 0.0333 -0.6067
vn -0.7943 -0.0333 -0.6067
vn -0.0000 -0.0000 -0.0000
vn -0.1727 -0.0000 -0.9850
vn -0.5118 0.0249 0.8587
vn -0.3127 0.9454 0.0917
vn -0.8058 0.5864 0.0818
vn -0.7807 0.6189 0.0863
vn 0.0074 -0.9941 -0.1079
vn 0.0087 -0.2377 -0.9713
vn 0.9995 -0.0320 0.0039
vn -0.7057 0.7082 -0.0209
vn 0.7057 0.7082 0.0209
vn 0.7057 -0.7082 -0.0209
vn -0.7057 -0.7082 0.0209
vn -0.7058 0.7083 -0.0140
vn 0.7058 0.7083 0.0140
vn 0.7058 -0.7083 -0.0140
vn -0.7058 -0.7083 0.0140
vn -0.0130 0.7877 0.6159
vn 0.0130 0.7877 -0.6159
vn -0.0130 -0.7877 -0.6159
vn 0.0130 -0.7877 0.6159
vn 0.8996 -0.4362 0.0195
vn 0.3252 0.9456 -0.0052
vn -0.9433 0.3318 0.0046
vn -0.4331 -0.9010 -0.0242
vn 0.9999 -0.0000 -0.0118
vn -1.0000 -0.0000 0.0082
vn 0.9999 -0.0000 0.0118
vn -1.0000 -0.0000 -0.0082
vn 0.0170 0.9976 0.0672
vn 0.2964 -0.9529 -0.0642
vn 0.2804 0.9577 0.0645
vn -0.0169 -0.9909 0.1335
vn 0.0340 -0.9972 -0.0672
vn 0.6270 0.7788 0.0193
vn -0.6270 0.7788 -0.0193
vn -0.6270 -0.7788 0.0193
vn 0.6270 -0.7788 -0.0193
vn 0.1727 -0.0000 0.9850
vn 0.5120 0.0250 -0.8586
vn 0.3129 0.9453 -0.0917
vn 0.8058 0.5864 -0.0818
vn 0.7807 0.6189 -0.0863
vn -0.0071 -0.9941 0.1079
vn -0.0083 -0.2375 0.9713
vn -0.9996 -0.0262 0.0066
vn -0.8058 0.5865 0.0818
vn -0.7057 0.7083 -0.0209
vn 0.7057 -0.7083 -0.0209
vn 0.3252 0.9456 -0.0051
vn -0.9433 0.3319 0.0046
vn -0.0000 0.9977 0.0672
vn 0.0169 0.9909 0.1335
vn -0.0000 -0.9977 0.0672
vn 0.8058 0.5865 -0.0818
vn -0.9997 -0.0259 0.0050
vn 0.9994 -0.0329 0.0066
vn -0.8944 -0.4472 -0.0000
vn -0.9138 -0.4061 -0.0000
vn -0.0340 0.9972 -0.0672
vn -0.2964 0.9529 -0.0642
vn -0.2804 -0.9577 0.0645
vn -0.0170 -0.9976 0.0672
vn -0.0083 -0.2375 0.9714
vn -0.0433 0.7382 0.6732
vn 0.0432 0.7382 -0.6732
vn -0.0432 -0.7382 -0.6732
vn 0.0432 -0.7382 0.6732
vn -0.0098 0.7419 0.6704
vn 0.0098 0.7419 -0.6705
vn -0.0098 -0.7419 -0.6704
vn 0.0098 -0.7419 0.6705
vn -0.0432 0.7381 0.6733
vn -0.0432 -0.7381 -0.6733
vn -0.0097 0.7419 0.6704
vn 0.0097 0.7419 -0.6705
vn -0.0097 -0.7419 -0.6704
vn 0.0097 -0.7419 0.6705
vn 0.0432 0.7381 -0.6733
vn -0.0432 0.7382 0.6732
vn 0.0432 -0.7381 0.6733
vn 0.0097 0.7419 -0.6704
vn -0.0097 0.7419 0.6705
vn 0.0097 -0.7419 0.6704
vn -0.0097 -0.7419 -0.6705
vn 0.0433 0.7382 -0.6732
vn 0.0098 0.7419 -0.6704
vn -0.0098 0.7419 0.6705
vn 0.0098 -0.7419 0.6704
vn -0.0098 -0.7419 -0.6705
vn -0.8059 0.5864 0.0818
vn -0.9831 0.1832 -0.0000
vn -0.7071 -0.0000 -0.7071
vn -0.8000 -0.0000 -0.6000
vn 0.8996 -0.4363 0.0195
vn 0.3253 0.9456 -0.0051
vn -0.4332 -0.9010 -0.0242
vn 0.5905 0.7585 -0.2758
vn 0.6142 0.7588 -0.2168
vn 0.6505 0.7595 -0.0000
vn -0.0169 0.9909 -0.1335
vn 0.2804 -0.9577 -0.0645
vn 0.0340 0.9972 0.0672
vn 0.2964 0.9529 0.0642
vn 0.0170 -0.9976 -0.0672
vn -0.9996 -0.0260 0.0066
vn 0.9831 0.1832 -0.0000
vn -0.7056 0.7083 -0.0209
vn 0.7056 -0.7083 -0.0209
vn 0.9701 -0.0000 -0.2425
vn 0.8944 -0.0000 -0.4472
vn -0.9848 0.1738 -0.0000
vn -0.9738 0.2274 -0.0000
vn -0.9933 0.1160 -0.0000
vn 0.9060 -0.0000 -0.4232
vn 0.9430 -0.0000 -0.3329
vn -0.9831 0.1831 -0.0000
vn -0.0000 0.6000 -0.8000
vn -0.0000 0.7071 -0.7071
vn -0.0000 0.7071 0.7071
vn -0.0000 0.6000 0.8000
vn -0.8947 0.3158 0.3158
vn -0.8636 0.3025 0.4034
vn -0.8344 0.3897 0.3897
vn -0.5118 0.0250 0.8587
vn -0.3127 0.9454 0.0916
vn 0.7056 0.7083 0.0209
vn -0.7056 -0.7083 0.0209
vn 0.8732 0.4624 0.1541
vn 0.8465 0.4943 0.1977
vn -0.0000 -0.1240 -0.9923
vn 0.7807 0.6190 -0.0863
vn -0.9996 -0.0266 0.0051
vn -0.7807 0.6190 0.0863
vn 0.9995 -0.0318 0.0034
vn 0.9933 -0.1160 -0.0000
vn 0.9961 -0.0879 -0.0000
vn -0.0170 0.9976 -0.0672
vn -0.0338 -0.9905 0.1334
vn 0.0338 -0.9905 -0.1334
vn -0.9996 -0.0261 0.0073
vn -0.0000 -0.4472 -0.8944
vn -0.0000 -0.3511 -0.9363
vn -0.0000 -0.6000 -0.8000
vn -0.9996 -0.0260 0.0084
vn 0.0433 -0.7382 0.6732
vn -0.7809 -0.0000 -0.6247
vn -0.9138 -0.0000 -0.4061
vn -0.7258 0.0108 0.6879
vn 0.7258 0.0108 -0.6879
vn -0.9433 0.3320 0.0046
vn 0.7807 0.6189 -0.0864
vn -0.9996 -0.0278 0.0065
vn -0.9983 -0.0583 -0.0000
vn -0.9990 -0.0441 -0.0000
vn -0.0000 0.9977 -0.0672
vn -0.0000 -0.9977 -0.0672
vn 0.0169 -0.9909 -0.1335
vn 1.0000 -0.0051 0.0079
vn -0.9866 -0.1152 0.1152
vn -0.9876 -0.1307 0.0872
vn -0.2804 0.9577 -0.0645
vn -0.2964 -0.9529 0.0642
vn -0.0340 -0.9972 0.0672
vn -0.0433 0.7381 0.6733
vn -0.0433 -0.7381 -0.6733
vn 0.0433 0.7381 -0.6733
vn 0.0433 -0.7381 0.6733
vn 0.7942 -0.0333 0.6067
vn -0.7942 -0.0333 -0.6067
vn -0.5119 0.0249 0.8587
vn -0.3128 0.9454 0.0915
vn 0.7057 0.7083 0.0209
vn -0.7057 -0.7083 0.0209
vn 0.9555 -0.2951 -0.0000
vn 0.9521 -0.3057 -0.0000
vn 0.9463 -0.3039 0.1105
vn 0.9521 -0.2941 0.0840
vn 0.3129 0.9453 -0.0916
vn 0.7806 0.6190 -0.0863
vn -0.0083 -0.2376 0.9713
vn -0.9996 -0.0267 0.0067
vn -0.3128 0.9454 0.0916
vn 0.9995 -0.0327 0.0044
vn 0.3129 0.9454 -0.0916
vn -0.9996 -0.0263 0.0062
vn -0.5119 0.0248 0.8587
vn 0.1908 0.2440 -0.9508
vn 0.3871 0.4950 -0.7779
vn 0.2484 0.3176 -0.9151
vn 0.3271 0.2665 0.9066
vn 0.7071 -0.0000 0.7071
vn -0.4330 -0.9011 -0.0242
vn 0.9786 0.1714 0.1143
vn 0.9811 0.1732 0.0866
vn 0.9850 0.1725 -0.0000
vn -0.6647 0.6647 -0.3410
vn -0.6143 0.7021 -0.3602
vn -0.7543 0.5029 -0.4220
vn -0.7807 0.6189 0.0864
vn -0.0000 0.9138 -0.4061
vn -0.0000 0.8321 -0.5547
vn -0.0000 0.7474 -0.6644
vn 0.9898 0.1300 -0.0578
vn 0.9876 0.1307 -0.0872
vn 0.9830 0.1435 -0.1148
vn -0.9997 -0.0254 0.0037
vn 0.9990 -0.0441 -0.0000
vn 0.9983 -0.0583 -0.0000
vn 0.9998 -0.0221 -0.0000
vn 0.9996 -0.0292 -0.0000
vn -0.0338 0.9905 -0.1334
vn 0.0338 0.9905 0.1334
vn -0.9997 -0.0249 0.0059
vn 0.9866 -0.1152 0.1152
vn 0.9811 -0.1732 0.0866
vn -0.0000 -0.7071 0.7071
vn -0.0000 -0.8321 0.5547
vn -0.9997 -0.0252 0.0048
vn -0.9948 -0.1016 -0.0000
vn -0.9940 -0.1097 -0.0000
vn -0.0000 -0.2425 0.9701
vn -0.0000 -0.4472 0.8944
vn -0.4443 -0.8886 -0.1140
vn -0.2407 -0.9627 -0.1235
vn -0.2413 -0.9652 -0.1012
vn 0.9787 -0.0000 -0.2053
vn 0.9686 -0.0000 -0.2485
vn 0.8897 -0.0000 -0.4565
vn 0.9973 0.0437 -0.0582
vn 0.9981 0.0440 -0.0440
vn 0.9990 0.0438 -0.0000
vn -0.6301 0.7759 -0.0302
vn 0.6301 0.7759 0.0302
vn 0.6301 -0.7759 -0.0302
vn -0.6301 -0.7759 0.0302
vn -0.6642 0.7387 -0.1149
vn 0.6642 0.7387 0.1149
vn 0.6642 -0.7387 -0.1149
vn -0.6642 -0.7387 0.1149
vt 0.004877 0.145110
vt 0.004877 0.101781
vt 0.048206 0.101781
vt 0.048206 0.145110
vt 0.101289 0.101781
vt 0.101289 0.145110
vt 0.057960 0.145110
vt 0.057960 0.101781
vt 0.004877 0.004877
vt 0.043282 0.004877
vt 0.043282 0.092027
vt 0.004877 0.092027
vt 0.053036 0.004877
vt 0.091441 0.004877
vt 0.091441 0.092027
vt 0.053036 0.092027
vt 0.101195 0.004877
vt 0.134677 0.004877
vt 0.134677 0.092027
vt 0.101195 0.092027
vt 0.144431 0.004877
vt 0.177912 0.004877
vt 0.177912 0.092027
vt 0.144431 0.092027
vt 0.187666 0.091835
vt 0.187666 0.053430
vt 0.221148 0.053430
vt 0.221148 0.091835
vt 0.081101 0.203417
vt 0.081101 0.241822
vt 0.047620 0.241822
vt 0.047620 0.203417
vt 0.230902 0.091343
vt 0.230902 0.053430
vt 0.263891 0.053430
vt 0.263891 0.091343
vt 0.037866 0.204205
vt 0.037866 0.242118
vt 0.004877 0.242118
vt 0.004877 0.204205
vt 0.283712 0.088295
vt 0.283712 0.055306
vt 0.285484 0.055306
vt 0.285484 0.088295
vt 0.292268 0.183323
vt 0.292268 0.150334
vt 0.294040 0.150334
vt 0.294040 0.183323
vt 0.303794 0.183323
vt 0.303794 0.150334
vt 0.305567 0.150334
vt 0.305567 0.183323
vt 0.068704 0.285353
vt 0.068704 0.252364
vt 0.070476 0.252364
vt 0.070476 0.285353
vt 0.283712 0.044764
vt 0.283712 0.005276
vt 0.285484 0.005276
vt 0.285484 0.044764
vt 0.150645 0.286929
vt 0.150645 0.247440
vt 0.152417 0.247440
vt 0.152417 0.286929
vt 0.162171 0.286929
vt 0.162171 0.247440
vt 0.163944 0.247440
vt 0.163944 0.286929
vt 0.173698 0.286929
vt 0.173698 0.247440
vt 0.175470 0.247440
vt 0.175470 0.286929
vt 0.111043 0.140580
vt 0.111043 0.101781
vt 0.144918 0.101781
vt 0.144918 0.140580
vt 0.188547 0.101781
vt 0.188547 0.140580
vt 0.154672 0.140580
vt 0.154672 0.101781
vt 0.376493 0.162890
vt 0.376493 0.150334
vt 0.380679 0.150334
vt 0.380679 0.162890
vt 0.231577 0.296683
vt 0.231577 0.309238
vt 0.227391 0.309238
vt 0.227391 0.296683
vt 0.773628 0.647443
vt 0.773584 0.642372
vt 0.773673 0.642372
vt 0.773628 0.662269
vt 0.773584 0.657197
vt 0.773673 0.657197
vt 0.349458 0.775538
vt 0.349369 0.775538
vt 0.349414 0.770466
vt 0.359300 0.775538
vt 0.359212 0.775538
vt 0.359256 0.770466
vt 0.773673 0.677094
vt 0.773584 0.677094
vt 0.773628 0.672023
vt 0.773673 0.691919
vt 0.773584 0.691919
vt 0.773628 0.686848
vt 0.773628 0.706745
vt 0.773584 0.701673
vt 0.773673 0.701673
vt 0.773628 0.721570
vt 0.773584 0.716499
vt 0.773673 0.716499
vt 0.773673 0.736396
vt 0.773584 0.736396
vt 0.773628 0.731324
vt 0.252055 0.537892
vt 0.251998 0.525928
vt 0.252111 0.525928
vt 0.262005 0.525928
vt 0.262062 0.537892
vt 0.261948 0.537892
vt 0.946055 0.404225
vt 0.946153 0.404097
vt 0.946251 0.404195
vt 0.946153 0.404323
vt 0.302191 0.482737
vt 0.302289 0.482737
vt 0.302175 0.494701
vt 0.513019 0.505997
vt 0.512921 0.505997
vt 0.512937 0.494032
vt 0.512823 0.505997
vt 0.302093 0.482737
vt 0.469289 0.814204
vt 0.469312 0.817749
vt 0.469173 0.817749
vt 0.459338 0.814204
vt 0.459366 0.817749
vt 0.459223 0.817749
vt 0.825668 0.114815
vt 0.825555 0.114815
vt 0.825611 0.111270
vt 0.825555 0.124569
vt 0.825668 0.124569
vt 0.825611 0.128114
vt 0.333176 0.291025
vt 0.333176 0.280144
vt 0.343959 0.280144
vt 0.343959 0.291025
vt 0.333176 0.311661
vt 0.333176 0.300779
vt 0.343959 0.300779
vt 0.343959 0.311661
vt 0.353713 0.307525
vt 0.353713 0.297333
vt 0.363807 0.297333
vt 0.363807 0.307525
vt 0.353713 0.327471
vt 0.353713 0.317279
vt 0.363807 0.317279
vt 0.363807 0.327471
vt 0.483528 0.574161
vt 0.483799 0.574161
vt 0.483663 0.584599
vt 0.584455 0.515751
vt 0.584726 0.515751
vt 0.584590 0.526189
vt 0.584590 0.535943
vt 0.584726 0.546381
vt 0.584455 0.546381
vt 0.584650 0.122417
vt 0.584785 0.132855
vt 0.584515 0.132855
vt 0.584522 0.384306
vt 0.584793 0.384306
vt 0.584657 0.394744
vt 0.534351 0.574358
vt 0.534622 0.574358
vt 0.534487 0.584796
vt 0.428038 0.417940
vt 0.428629 0.406616
vt 0.429219 0.417940
vt 0.430281 0.101781
vt 0.429690 0.113106
vt 0.429099 0.101781
vt 0.419312 0.005276
vt 0.422464 0.005276
vt 0.422464 0.013400
vt 0.419312 0.013400
vt 0.272535 0.417039
vt 0.275686 0.417039
vt 0.275686 0.425163
vt 0.272535 0.425163
vt 0.271701 0.633492
vt 0.271701 0.629307
vt 0.274901 0.629307
vt 0.274901 0.633492
vt 0.284655 0.633492
vt 0.284655 0.629307
vt 0.287856 0.629307
vt 0.287856 0.633492
vt 0.399133 0.679298
vt 0.401349 0.679298
vt 0.401349 0.682498
vt 0.399133 0.682498
vt 0.411103 0.679298
vt 0.413319 0.679298
vt 0.413319 0.682498
vt 0.411103 0.682498
vt 0.638207 0.573285
vt 0.638207 0.569100
vt 0.640423 0.569100
vt 0.640423 0.573285
vt 0.640423 0.583039
vt 0.640423 0.587225
vt 0.638207 0.587225
vt 0.638207 0.583039
vt 0.668457 0.800479
vt 0.670009 0.800741
vt 0.669733 0.802157
vt 0.668457 0.801944
vt 0.680855 0.802208
vt 0.680032 0.801209
vt 0.681121 0.800262
vt 0.682124 0.801475
vt 0.876161 0.692619
vt 0.876222 0.690551
vt 0.876284 0.692619
vt 0.876222 0.704441
vt 0.876161 0.702373
vt 0.876284 0.702373
vt 0.876222 0.716263
vt 0.876161 0.714195
vt 0.876284 0.714195
vt 0.876161 0.728085
vt 0.876222 0.726017
vt 0.876284 0.728085
vt 0.876161 0.739907
vt 0.876222 0.737839
vt 0.876284 0.739907
vt 0.876222 0.751729
vt 0.876161 0.749661
vt 0.876284 0.749661
vt 0.876161 0.763551
vt 0.876222 0.761483
vt 0.876284 0.763551
vt 0.876222 0.775373
vt 0.876161 0.773305
vt 0.876284 0.773305
vt 0.876161 0.787195
vt 0.876222 0.785127
vt 0.876284 0.787195
vt 0.876222 0.799017
vt 0.876161 0.796949
vt 0.876284 0.796949
vt 0.876161 0.810839
vt 0.876222 0.808771
vt 0.876284 0.810839
vt 0.876222 0.822661
vt 0.876161 0.820593
vt 0.876284 0.820593
vt 0.865570 0.621284
vt 0.866013 0.621284
vt 0.865791 0.623056
vt 0.865570 0.632810
vt 0.866013 0.632810
vt 0.865791 0.634583
vt 0.214561 0.841048
vt 0.214758 0.843904
vt 0.214364 0.843904
vt 0.224906 0.843904
vt 0.224512 0.843904
vt 0.224709 0.841048
vt 0.234857 0.841048
vt 0.235054 0.843904
vt 0.234660 0.843904
vt 0.245202 0.843904
vt 0.244808 0.843904
vt 0.245005 0.841048
vt 0.704097 0.554836
vt 0.704018 0.554836
vt 0.704057 0.548928
vt 0.704018 0.470616
vt 0.704097 0.470616
vt 0.704057 0.476524
vt 0.865679 0.186854
vt 0.865570 0.186854
vt 0.865625 0.183826
vt 0.865570 0.030441
vt 0.865679 0.030441
vt 0.865625 0.033469
vt 0.865679 0.199637
vt 0.865570 0.199637
vt 0.865625 0.196608
vt 0.865570 0.043223
vt 0.865679 0.043223
vt 0.865625 0.046251
vt 0.312388 0.258563
vt 0.312601 0.245761
vt 0.313028 0.258563
vt 0.803663 0.403322
vt 0.803663 0.399876
vt 0.804303 0.399876
vt 0.804303 0.403322
vt 0.234742 0.004877
vt 0.234742 0.017679
vt 0.231295 0.017679
vt 0.231295 0.004877
vt 0.244496 0.043282
vt 0.244496 0.030480
vt 0.247943 0.030480
vt 0.247943 0.043282
vt 0.386959 0.384306
vt 0.391291 0.384306
vt 0.391291 0.394498
vt 0.386959 0.394498
vt 0.390433 0.150334
vt 0.394765 0.150334
vt 0.394765 0.160526
vt 0.390433 0.160526
vt 0.508850 0.914024
vt 0.508973 0.915304
vt 0.508727 0.915304
vt 0.518850 0.914024
vt 0.518973 0.915304
vt 0.518727 0.915304
vt 0.773673 0.766047
vt 0.773584 0.766047
vt 0.773628 0.760975
vt 0.783515 0.009948
vt 0.783427 0.009948
vt 0.783471 0.004877
vt 0.783471 0.024774
vt 0.783427 0.019702
vt 0.783515 0.019702
vt 0.783471 0.039599
vt 0.783427 0.034528
vt 0.783515 0.034528
vt 0.783471 0.054425
vt 0.783427 0.049353
vt 0.783515 0.049353
vt 0.783471 0.069250
vt 0.783426 0.064179
vt 0.783515 0.064179
vt 0.783471 0.084076
vt 0.783426 0.079004
vt 0.783515 0.079004
vt 0.783471 0.098901
vt 0.783427 0.093830
vt 0.783515 0.093830
vt 0.783515 0.113727
vt 0.783427 0.113727
vt 0.783471 0.108655
vt 0.474472 0.114287
vt 0.474416 0.101781
vt 0.474529 0.101781
vt 0.474472 0.124041
vt 0.474529 0.136548
vt 0.474416 0.136548
vt 0.946117 0.424263
vt 0.946055 0.424114
vt 0.946189 0.424079
vt 0.946251 0.424228
vt 0.100865 0.334896
vt 0.100767 0.334896
vt 0.100881 0.322390
vt 0.464242 0.242123
vt 0.464340 0.242123
vt 0.464324 0.254629
vt 0.464438 0.242123
vt 0.100963 0.334896
vt 0.114410 0.831294
vt 0.114387 0.827995
vt 0.114525 0.827995
vt 0.104459 0.831294
vt 0.104431 0.827995
vt 0.104575 0.827995
vt 0.741365 0.831294
vt 0.741309 0.827995
vt 0.741422 0.827995
vt 0.751233 0.827995
vt 0.751289 0.831294
vt 0.751176 0.831294
vt 0.376493 0.185199
vt 0.376493 0.172644
vt 0.380679 0.172644
vt 0.380679 0.185199
vt 0.381385 0.005276
vt 0.381385 0.017831
vt 0.377199 0.017831
vt 0.377199 0.005276
vt 0.783515 0.143377
vt 0.783426 0.143377
vt 0.783471 0.138306
vt 0.783515 0.158203
vt 0.783427 0.158203
vt 0.783471 0.153131
vt 0.783515 0.173028
vt 0.783426 0.173028
vt 0.783471 0.167957
vt 0.783515 0.187854
vt 0.783427 0.187854
vt 0.783471 0.182782
vt 0.783515 0.202679
vt 0.783427 0.202679
vt 0.783471 0.197608
vt 0.783515 0.217505
vt 0.783427 0.217505
vt 0.783471 0.212433
vt 0.783515 0.232330
vt 0.783427 0.232330
vt 0.783471 0.227259
vt 0.783515 0.247156
vt 0.783426 0.247156
vt 0.783471 0.242084
vt 0.783515 0.261981
vt 0.783427 0.261981
vt 0.783471 0.256910
vt 0.411700 0.538011
vt 0.411587 0.538011
vt 0.411644 0.526046
vt 0.004877 0.526184
vt 0.004990 0.526184
vt 0.004933 0.538149
vt 0.946055 0.464108
vt 0.946153 0.463980
vt 0.946251 0.464078
vt 0.946153 0.464206
vt 0.095201 0.504071
vt 0.095299 0.504071
vt 0.095184 0.516036
vt 0.252194 0.516174
vt 0.252096 0.516174
vt 0.252112 0.504209
vt 0.251998 0.516174
vt 0.095102 0.504071
vt 0.509089 0.814204
vt 0.509112 0.817749
vt 0.508974 0.817749
vt 0.499139 0.814204
vt 0.499167 0.817749
vt 0.499024 0.817749
vt 0.825668 0.168011
vt 0.825555 0.168011
vt 0.825611 0.164466
vt 0.825555 0.177765
vt 0.825668 0.177765
vt 0.825611 0.181310
vt 0.205761 0.311405
vt 0.205761 0.300523
vt 0.216544 0.300523
vt 0.216544 0.311405
vt 0.047620 0.311700
vt 0.047620 0.300819
vt 0.058403 0.300819
vt 0.058403 0.311700
vt 0.354381 0.111973
vt 0.354381 0.101781
vt 0.364474 0.101781
vt 0.364474 0.111973
vt 0.354381 0.131919
vt 0.354381 0.121727
vt 0.364474 0.121727
vt 0.364474 0.131919
vt 0.584969 0.197602
vt 0.585104 0.208040
vt 0.584833 0.208040
vt 0.584969 0.217794
vt 0.585104 0.228233
vt 0.584833 0.228233
vt 0.584833 0.237987
vt 0.585104 0.237987
vt 0.584969 0.248425
vt 0.584833 0.258179
vt 0.585104 0.258179
vt 0.584969 0.268617
vt 0.584969 0.278371
vt 0.585104 0.288810
vt 0.584833 0.288810
vt 0.584969 0.298564
vt 0.585104 0.309002
vt 0.584833 0.309002
vt 0.428038 0.439019
vt 0.428629 0.427694
vt 0.429219 0.439019
vt 0.439318 0.361996
vt 0.438727 0.373321
vt 0.438136 0.361996
vt 0.347116 0.418191
vt 0.350267 0.418191
vt 0.350267 0.426315
vt 0.347116 0.426315
vt 0.047620 0.418231
vt 0.050771 0.418231
vt 0.050771 0.426355
vt 0.047620 0.426355
vt 0.297610 0.633492
vt 0.297610 0.629307
vt 0.300810 0.629307
vt 0.300810 0.633492
vt 0.310564 0.633492
vt 0.310564 0.629307
vt 0.313765 0.629307
vt 0.313765 0.633492
vt 0.423073 0.679298
vt 0.425288 0.679298
vt 0.425288 0.682498
vt 0.423073 0.682498
vt 0.435042 0.679298
vt 0.437258 0.679298
vt 0.437258 0.682498
vt 0.435042 0.682498
vt 0.280180 0.652109
vt 0.280180 0.647924
vt 0.282395 0.647924
vt 0.282395 0.652109
vt 0.294365 0.647924
vt 0.294365 0.652109
vt 0.292149 0.652109
vt 0.292149 0.647924
vt 0.692336 0.801938
vt 0.692598 0.800387
vt 0.694014 0.800662
vt 0.693801 0.801939
vt 0.704277 0.801939
vt 0.704064 0.800662
vt 0.705480 0.800387
vt 0.705742 0.801938
vt 0.876222 0.834483
vt 0.876161 0.832415
vt 0.876284 0.832415
vt 0.876161 0.846305
vt 0.876222 0.844237
vt 0.876284 0.846305
vt 0.014816 0.880626
vt 0.014754 0.878558
vt 0.014877 0.878558
vt 0.024631 0.880626
vt 0.024693 0.878558
vt 0.024754 0.880626
vt 0.054324 0.880626
vt 0.054262 0.878558
vt 0.054386 0.878558
vt 0.064140 0.880626
vt 0.064202 0.878558
vt 0.064263 0.880626
vt 0.093771 0.880626
vt 0.093833 0.878558
vt 0.093894 0.880626
vt 0.103710 0.880626
vt 0.103648 0.878558
vt 0.103771 0.878558
vt 0.133279 0.880626
vt 0.133341 0.878558
vt 0.133402 0.880626
vt 0.143218 0.880626
vt 0.143156 0.878558
vt 0.143279 0.878558
vt 0.172788 0.880626
vt 0.172850 0.878558
vt 0.172911 0.880626
vt 0.182727 0.880626
vt 0.182665 0.878558
vt 0.182788 0.878558
vt 0.865570 0.644337
vt 0.866013 0.644337
vt 0.865791 0.646109
vt 0.865570 0.655863
vt 0.866013 0.655863
vt 0.865791 0.657636
vt 0.255153 0.841048
vt 0.255349 0.843904
vt 0.254956 0.843904
vt 0.265497 0.843904
vt 0.265103 0.843904
vt 0.265300 0.841048
vt 0.275448 0.841048
vt 0.275645 0.843904
vt 0.275251 0.843904
vt 0.285793 0.843904
vt 0.285399 0.843904
vt 0.285596 0.841048
vt 0.704057 0.492186
vt 0.704018 0.486278
vt 0.704097 0.486278
vt 0.704057 0.501940
vt 0.704097 0.507849
vt 0.704018 0.507849
vt 0.865679 0.212419
vt 0.865570 0.212419
vt 0.865625 0.209391
vt 0.865570 0.056005
vt 0.865679 0.056005
vt 0.865625 0.059033
vt 0.865679 0.225201
vt 0.865570 0.225201
vt 0.865625 0.222173
vt 0.865570 0.068788
vt 0.865679 0.068788
vt 0.865625 0.071816
vt 0.312388 0.271365
vt 0.313028 0.271365
vt 0.803663 0.416523
vt 0.803663 0.413076
vt 0.804303 0.413076
vt 0.804303 0.416523
vt 0.803663 0.429723
vt 0.803663 0.426277
vt 0.804303 0.426277
vt 0.804303 0.429723
vt 0.234742 0.030480
vt 0.231295 0.030480
vt 0.244496 0.017679
vt 0.247943 0.017679
vt 0.033051 0.382376
vt 0.037384 0.382376
vt 0.037384 0.392568
vt 0.033051 0.392568
vt 0.185224 0.382376
vt 0.189557 0.382376
vt 0.189557 0.392568
vt 0.185224 0.392568
vt 0.528850 0.914024
vt 0.528973 0.915304
vt 0.528727 0.915304
vt 0.538850 0.914024
vt 0.538973 0.915304
vt 0.538727 0.915304
vt 0.783471 0.291632
vt 0.783427 0.286560
vt 0.783515 0.286560
vt 0.783471 0.306457
vt 0.783426 0.301386
vt 0.783515 0.301386
vt 0.783515 0.321283
vt 0.783426 0.321283
vt 0.783471 0.316211
vt 0.783515 0.336108
vt 0.783427 0.336108
vt 0.783471 0.331037
vt 0.783471 0.350934
vt 0.783427 0.345862
vt 0.783515 0.345862
vt 0.783471 0.365759
vt 0.783427 0.360688
vt 0.783515 0.360688
vt 0.783515 0.380585
vt 0.783427 0.380585
vt 0.783471 0.375513
vt 0.783515 0.395410
vt 0.783426 0.395410
vt 0.783471 0.390339
vt 0.783471 0.410236
vt 0.783426 0.405164
vt 0.783515 0.405164
vt 0.783471 0.425061
vt 0.783427 0.419990
vt 0.783515 0.419990
vt 0.476885 0.162841
vt 0.476828 0.150334
vt 0.476942 0.150334
vt 0.476885 0.172595
vt 0.476942 0.185101
vt 0.476828 0.185101
vt 0.946117 0.484146
vt 0.946055 0.483997
vt 0.946189 0.483962
vt 0.946251 0.484111
vt 0.262046 0.472195
vt 0.261948 0.472195
vt 0.262062 0.459688
vt 0.312388 0.459688
vt 0.312486 0.459688
vt 0.312470 0.472195
vt 0.312584 0.459688
vt 0.262144 0.472195
vt 0.134310 0.831294
vt 0.134287 0.827995
vt 0.134425 0.827995
vt 0.124360 0.831294
vt 0.124332 0.827995
vt 0.124475 0.827995
vt 0.780891 0.831294
vt 0.780778 0.831294
vt 0.780834 0.827995
vt 0.790645 0.827995
vt 0.790758 0.827995
vt 0.790702 0.831294
vt 0.171182 0.351981
vt 0.171182 0.339426
vt 0.175367 0.339426
vt 0.175367 0.351981
vt 0.381385 0.027585
vt 0.381385 0.040141
vt 0.377199 0.040141
vt 0.377199 0.027585
vt 0.783471 0.439887
vt 0.783427 0.434815
vt 0.783515 0.434815
vt 0.783471 0.454712
vt 0.783426 0.449641
vt 0.783515 0.449641
vt 0.783471 0.469537
vt 0.783427 0.464466
vt 0.783515 0.464466
vt 0.783471 0.484363
vt 0.783426 0.479291
vt 0.783515 0.479291
vt 0.783471 0.499188
vt 0.783426 0.494117
vt 0.783515 0.494117
vt 0.783471 0.514014
vt 0.783427 0.508942
vt 0.783515 0.508942
vt 0.369143 0.775538
vt 0.369054 0.775538
vt 0.369098 0.770466
vt 0.378985 0.775538
vt 0.378897 0.775538
vt 0.378941 0.770466
vt 0.783471 0.528839
vt 0.783426 0.523768
vt 0.783515 0.523768
vt 0.783471 0.543665
vt 0.783427 0.538593
vt 0.783515 0.538593
vt 0.185337 0.538149
vt 0.185224 0.538149
vt 0.185281 0.526184
vt 0.195174 0.526184
vt 0.195288 0.526184
vt 0.195231 0.538149
vt 0.946055 0.523991
vt 0.946153 0.523863
vt 0.946251 0.523961
vt 0.946153 0.524089
vt 0.513630 0.406616
vt 0.513728 0.406616
vt 0.513614 0.418580
vt 0.504214 0.134381
vt 0.504116 0.134381
vt 0.504132 0.122417
vt 0.504017 0.134381
vt 0.513532 0.406616
vt 0.548890 0.814204
vt 0.548913 0.817749
vt 0.548774 0.817749
vt 0.538939 0.814204
vt 0.538967 0.817749
vt 0.538824 0.817749
vt 0.825611 0.221208
vt 0.825555 0.217662
vt 0.825668 0.217662
vt 0.825611 0.230962
vt 0.825668 0.234507
vt 0.825555 0.234507
vt 0.333176 0.332296
vt 0.333176 0.321415
vt 0.343959 0.321415
vt 0.343959 0.332296
vt 0.333844 0.112663
vt 0.333844 0.101781
vt 0.344627 0.101781
vt 0.344627 0.112663
vt 0.356646 0.160526
vt 0.356646 0.150334
vt 0.366739 0.150334
vt 0.366739 0.160526
vt 0.356646 0.180473
vt 0.356646 0.170280
vt 0.366739 0.170280
vt 0.366739 0.180473
vt 0.585063 0.025222
vt 0.585198 0.035660
vt 0.584927 0.035660
vt 0.585063 0.045414
vt 0.585198 0.055853
vt 0.584927 0.055853
vt 0.585193 0.100698
vt 0.585328 0.111136
vt 0.585057 0.111136
vt 0.033964 0.574993
vt 0.034099 0.585432
vt 0.033829 0.585432
vt 0.043988 0.574993
vt 0.044124 0.585432
vt 0.043853 0.585432
vt 0.054013 0.574993
vt 0.054149 0.585432
vt 0.053878 0.585432
vt 0.429099 0.134184
vt 0.429690 0.122860
vt 0.430281 0.134184
vt 0.431287 0.339687
vt 0.430696 0.351012
vt 0.430106 0.339687
vt 0.131580 0.418718
vt 0.134731 0.418718
vt 0.134731 0.426842
vt 0.131580 0.426842
vt 0.425231 0.361996
vt 0.428382 0.361996
vt 0.428382 0.370121
vt 0.425231 0.370121
vt 0.323519 0.633492
vt 0.323519 0.629307
vt 0.326719 0.629307
vt 0.326719 0.633492
vt 0.206929 0.633492
vt 0.206929 0.629307
vt 0.210129 0.629307
vt 0.210129 0.633492
vt 0.447012 0.679298
vt 0.449228 0.679298
vt 0.449228 0.682498
vt 0.447012 0.682498
vt 0.458982 0.679298
vt 0.461197 0.679298
vt 0.461197 0.682498
vt 0.458982 0.682498
vt 0.638207 0.601164
vt 0.638207 0.596979
vt 0.640423 0.596979
vt 0.640423 0.601164
vt 0.640423 0.610918
vt 0.640423 0.615103
vt 0.638207 0.615103
vt 0.638207 0.610918
vt 0.716219 0.801938
vt 0.716482 0.800387
vt 0.717897 0.800662
vt 0.717684 0.801939
vt 0.804024 0.066407
vt 0.803811 0.065131
vt 0.805227 0.064856
vt 0.805489 0.066407
vt 0.212357 0.880626
vt 0.212296 0.878558
vt 0.212419 0.878558
vt 0.222173 0.880626
vt 0.222235 0.878558
vt 0.222296 0.880626
vt 0.241989 0.880626
vt 0.241927 0.878558
vt 0.242050 0.878558
vt 0.251804 0.880626
vt 0.251866 0.878558
vt 0.251927 0.880626
vt 0.271621 0.880626
vt 0.271559 0.878558
vt 0.271682 0.878558
vt 0.281436 0.880626
vt 0.281497 0.878558
vt 0.281559 0.880626
vt 0.479038 0.892448
vt 0.478977 0.890380
vt 0.479100 0.890380
vt 0.301190 0.880626
vt 0.301251 0.878558
vt 0.301313 0.880626
vt 0.498731 0.892448
vt 0.498793 0.890380
vt 0.498855 0.892448
vt 0.321006 0.880626
vt 0.320944 0.878558
vt 0.321067 0.878558
vt 0.518486 0.892448
vt 0.518548 0.890380
vt 0.518609 0.892448
vt 0.340760 0.880626
vt 0.340698 0.878558
vt 0.340821 0.878558
vt 0.865570 0.667390
vt 0.866014 0.667390
vt 0.865792 0.669163
vt 0.865570 0.678917
vt 0.866013 0.678917
vt 0.865791 0.680689
vt 0.295744 0.841048
vt 0.295941 0.843904
vt 0.295547 0.843904
vt 0.306089 0.843904
vt 0.305695 0.843904
vt 0.305892 0.841048
vt 0.316040 0.841048
vt 0.316237 0.843904
vt 0.315843 0.843904
vt 0.326385 0.843904
vt 0.325991 0.843904
vt 0.326188 0.841048
vt 0.704057 0.523511
vt 0.704018 0.517603
vt 0.704097 0.517603
vt 0.704057 0.533265
vt 0.704097 0.539174
vt 0.704018 0.539174
vt 0.865679 0.237983
vt 0.865570 0.237983
vt 0.865625 0.234955
vt 0.865570 0.081570
vt 0.865679 0.081570
vt 0.865625 0.084598
vt 0.865624 0.250765
vt 0.865570 0.247737
vt 0.865679 0.247737
vt 0.865624 0.094352
vt 0.865679 0.097380
vt 0.865570 0.097380
vt 0.312815 0.284166
vt 0.803663 0.442924
vt 0.803663 0.439477
vt 0.804303 0.439477
vt 0.804303 0.442924
vt 0.234742 0.043282
vt 0.231295 0.043282
vt 0.244496 0.004877
vt 0.247943 0.004877
vt 0.390433 0.170280
vt 0.394765 0.170280
vt 0.394765 0.180473
vt 0.390433 0.180473
vt 0.391139 0.005276
vt 0.395472 0.005276
vt 0.395472 0.015468
vt 0.391139 0.015468
vt 0.548850 0.914024
vt 0.548974 0.915304
vt 0.548727 0.915304
vt 0.558851 0.914024
vt 0.558974 0.915304
vt 0.558728 0.915304
vt 0.783471 0.558490
vt 0.783426 0.553419
vt 0.783515 0.553419
vt 0.783471 0.573316
vt 0.783427 0.568244
vt 0.783515 0.568244
vt 0.783471 0.588141
vt 0.783427 0.583070
vt 0.783515 0.583070
vt 0.783471 0.602967
vt 0.783426 0.597895
vt 0.783515 0.597895
vt 0.783515 0.617792
vt 0.783426 0.617792
vt 0.783470 0.612721
vt 0.783515 0.632617
vt 0.783427 0.632617
vt 0.783471 0.627546
vt 0.783515 0.647443
vt 0.783427 0.647443
vt 0.783471 0.642371
vt 0.783515 0.662268
vt 0.783427 0.662268
vt 0.783471 0.657197
vt 0.783515 0.677094
vt 0.783427 0.677094
vt 0.783471 0.672022
vt 0.483361 0.419122
vt 0.483304 0.406615
vt 0.483418 0.406615
vt 0.483361 0.428876
vt 0.483418 0.441382
vt 0.483304 0.441382
vt 0.946117 0.544029
vt 0.946055 0.543880
vt 0.946189 0.543845
vt 0.946251 0.543994
vt 0.464340 0.299150
vt 0.464242 0.299150
vt 0.464356 0.286643
vt 0.121437 0.402120
vt 0.121535 0.402120
vt 0.121519 0.414626
vt 0.121633 0.402120
vt 0.464438 0.299150
vt 0.825636 0.685691
vt 0.825613 0.682392
vt 0.825751 0.682392
vt 0.825635 0.672638
vt 0.825608 0.669339
vt 0.825751 0.669339
vt 0.820360 0.831294
vt 0.820247 0.831294
vt 0.820303 0.827995
vt 0.835505 0.004877
vt 0.835618 0.004877
vt 0.835562 0.008176
vt 0.440035 0.101781
vt 0.444761 0.101781
vt 0.444761 0.107887
vt 0.440035 0.107887
vt 0.440035 0.117641
vt 0.444761 0.117641
vt 0.444761 0.123746
vt 0.440035 0.123746
vt 0.516345 0.005276
vt 0.520383 0.005276
vt 0.520383 0.010692
vt 0.516345 0.010692
vt 0.530137 0.005276
vt 0.534174 0.005276
vt 0.534174 0.010692
vt 0.530137 0.010692
vt 0.661112 0.497366
vt 0.661383 0.497366
vt 0.661247 0.503127
vt 0.661112 0.512881
vt 0.661383 0.512881
vt 0.661247 0.518642
vt 0.661112 0.528396
vt 0.661383 0.528396
vt 0.661247 0.534157
vt 0.661112 0.543911
vt 0.661383 0.543911
vt 0.661247 0.549671
vt 0.661247 0.559425
vt 0.661383 0.565186
vt 0.661112 0.565186
vt 0.661247 0.574940
vt 0.661383 0.580701
vt 0.661112 0.580701
vt 0.650767 0.433082
vt 0.651358 0.438252
vt 0.650177 0.438252
vt 0.650768 0.448006
vt 0.651359 0.453176
vt 0.650177 0.453176
vt 0.440035 0.133500
vt 0.444761 0.133500
vt 0.444761 0.139605
vt 0.440035 0.139605
vt 0.441041 0.339687
vt 0.445768 0.339687
vt 0.445768 0.345792
vt 0.441041 0.345792
vt 0.543928 0.005276
vt 0.547966 0.005276
vt 0.547966 0.010692
vt 0.543928 0.010692
vt 0.357263 0.546780
vt 0.361301 0.546780
vt 0.361301 0.552196
vt 0.357263 0.552196
vt 0.661247 0.590455
vt 0.661383 0.596216
vt 0.661112 0.596216
vt 0.661247 0.605970
vt 0.661383 0.611731
vt 0.661112 0.611731
vt 0.661112 0.621485
vt 0.661383 0.621485
vt 0.661247 0.627245
vt 0.661112 0.636999
vt 0.661383 0.636999
vt 0.661247 0.642760
vt 0.005013 0.663783
vt 0.005148 0.669544
vt 0.004877 0.669544
vt 0.015038 0.663783
vt 0.015173 0.669544
vt 0.014902 0.669544
vt 0.651358 0.462930
vt 0.650768 0.468100
vt 0.650177 0.462930
vt 0.651359 0.477854
vt 0.650768 0.483024
vt 0.650177 0.477854
vt 0.231461 0.439737
vt 0.236188 0.439737
vt 0.236188 0.445843
vt 0.231461 0.445843
vt 0.169458 0.439747
vt 0.174185 0.439747
vt 0.174185 0.445853
vt 0.169458 0.445853
vt 0.287676 0.546809
vt 0.291713 0.546809
vt 0.291713 0.552225
vt 0.287676 0.552225
vt 0.318956 0.547105
vt 0.322994 0.547105
vt 0.322994 0.552521
vt 0.318956 0.552521
vt 0.025062 0.663783
vt 0.025197 0.669544
vt 0.024927 0.669544
vt 0.035087 0.663783
vt 0.035222 0.669544
vt 0.034951 0.669544
vt 0.044976 0.663783
vt 0.045247 0.663783
vt 0.045111 0.669544
vt 0.055001 0.663783
vt 0.055272 0.663783
vt 0.055137 0.669544
vt 0.065026 0.663783
vt 0.065297 0.663783
vt 0.065161 0.669544
vt 0.075051 0.663783
vt 0.075321 0.663783
vt 0.075186 0.669544
vt 0.650768 0.497947
vt 0.650177 0.492777
vt 0.651359 0.492777
vt 0.650767 0.512871
vt 0.650177 0.507701
vt 0.651358 0.507701
vt 0.333176 0.440008
vt 0.337903 0.440008
vt 0.337903 0.446114
vt 0.333176 0.446114
vt 0.372872 0.440008
vt 0.377598 0.440008
vt 0.377598 0.446114
vt 0.372872 0.446114
vt 0.065252 0.547509
vt 0.069289 0.547509
vt 0.069289 0.552925
vt 0.065252 0.552925
vt 0.079044 0.547509
vt 0.083081 0.547509
vt 0.083081 0.552925
vt 0.079044 0.552925
vt 0.085211 0.663783
vt 0.085346 0.669544
vt 0.085075 0.669544
vt 0.095235 0.663783
vt 0.095371 0.669544
vt 0.095100 0.669544
vt 0.105261 0.663783
vt 0.105396 0.669544
vt 0.105125 0.669544
vt 0.115286 0.663783
vt 0.115421 0.669544
vt 0.115150 0.669544
vt 0.125310 0.663783
vt 0.125445 0.669544
vt 0.125175 0.669544
vt 0.135334 0.663783
vt 0.135470 0.669544
vt 0.135199 0.669544
vt 0.650768 0.527795
vt 0.650177 0.522625
vt 0.651359 0.522625
vt 0.650767 0.542719
vt 0.650177 0.537549
vt 0.651358 0.537549
vt 0.111043 0.189133
vt 0.111043 0.150334
vt 0.144918 0.150334
vt 0.144918 0.189133
vt 0.188547 0.150334
vt 0.188547 0.189133
vt 0.154672 0.189133
vt 0.154672 0.150334
vt 0.377199 0.062451
vt 0.377199 0.049895
vt 0.381385 0.049895
vt 0.381385 0.062451
vt 0.175367 0.361735
vt 0.175367 0.374291
vt 0.171182 0.374291
vt 0.171182 0.361735
vt 0.388828 0.775538
vt 0.388739 0.775538
vt 0.388784 0.770466
vt 0.398671 0.775538
vt 0.398582 0.775538
vt 0.398627 0.770466
vt 0.270673 0.775538
vt 0.270628 0.770466
vt 0.270717 0.770466
vt 0.280515 0.775538
vt 0.280471 0.770466
vt 0.280559 0.770466
vt 0.408513 0.775538
vt 0.408425 0.775538
vt 0.408469 0.770466
vt 0.418356 0.775538
vt 0.418267 0.775538
vt 0.418312 0.770466
vt 0.428199 0.775538
vt 0.428110 0.775538
vt 0.428154 0.770466
vt 0.438041 0.775538
vt 0.437953 0.775538
vt 0.437997 0.770466
vt 0.447839 0.775538
vt 0.447795 0.770466
vt 0.447884 0.770466
vt 0.457682 0.775538
vt 0.457638 0.770466
vt 0.457727 0.770466
vt 0.302206 0.538139
vt 0.302093 0.538139
vt 0.302150 0.526174
vt 0.215075 0.526184
vt 0.215188 0.526184
vt 0.215132 0.538149
vt 0.946055 0.573894
vt 0.946153 0.573765
vt 0.946251 0.573863
vt 0.946153 0.573992
vt 0.502971 0.494032
vt 0.503069 0.494032
vt 0.502955 0.505996
vt 0.513728 0.462018
vt 0.513630 0.462018
vt 0.513646 0.450053
vt 0.513532 0.462018
vt 0.502873 0.494032
vt 0.588690 0.814204
vt 0.588713 0.817749
vt 0.588575 0.817749
vt 0.578740 0.814204
vt 0.578768 0.817749
vt 0.578625 0.817749
vt 0.815718 0.753171
vt 0.815605 0.753171
vt 0.815661 0.749626
vt 0.080230 0.311011
vt 0.080230 0.300129
vt 0.091013 0.300129
vt 0.091013 0.311011
vt 0.004877 0.312094
vt 0.004877 0.301213
vt 0.015660 0.301213
vt 0.015660 0.312094
vt 0.353713 0.227740
vt 0.353713 0.217548
vt 0.363807 0.217548
vt 0.363807 0.227740
vt 0.357352 0.015468
vt 0.357352 0.005276
vt 0.367446 0.005276
vt 0.367446 0.015468
vt 0.131580 0.575480
vt 0.131851 0.575480
vt 0.131716 0.585919
vt 0.428038 0.576131
vt 0.428308 0.576131
vt 0.428173 0.586569
vt 0.586422 0.494032
vt 0.586693 0.494032
vt 0.586558 0.504470
vt 0.586965 0.472313
vt 0.587235 0.472313
vt 0.587100 0.482751
vt 0.567877 0.577854
vt 0.568147 0.577854
vt 0.568012 0.588292
vt 0.588099 0.557908
vt 0.588369 0.557908
vt 0.588234 0.568346
vt 0.431512 0.161659
vt 0.432103 0.150334
vt 0.432693 0.161659
vt 0.432693 0.171413
vt 0.432103 0.182737
vt 0.431512 0.171413
vt 0.415132 0.406616
vt 0.418284 0.406616
vt 0.418284 0.414740
vt 0.415132 0.414740
vt 0.416194 0.101781
vt 0.419345 0.101781
vt 0.419345 0.109905
vt 0.416194 0.109905
vt 0.219883 0.633492
vt 0.219883 0.629307
vt 0.223084 0.629307
vt 0.223084 0.633492
vt 0.232838 0.633492
vt 0.232838 0.629307
vt 0.236038 0.629307
vt 0.236038 0.633492
vt 0.542769 0.679298
vt 0.544985 0.679298
vt 0.544985 0.682498
vt 0.542769 0.682498
vt 0.554739 0.679298
vt 0.556955 0.679298
vt 0.556955 0.682498
vt 0.554739 0.682498
vt 0.638207 0.629042
vt 0.638207 0.624857
vt 0.640423 0.624857
vt 0.640423 0.629042
vt 0.007093 0.647924
vt 0.007093 0.652109
vt 0.004877 0.652109
vt 0.004877 0.647924
vt 0.728166 0.800479
vt 0.729717 0.800741
vt 0.729442 0.802157
vt 0.728165 0.801944
vt 0.656972 0.802208
vt 0.656149 0.801209
vt 0.657238 0.800262
vt 0.658241 0.801475
vt 0.360514 0.880626
vt 0.360452 0.878558
vt 0.360575 0.878558
vt 0.370329 0.880626
vt 0.370391 0.878558
vt 0.370453 0.880626
vt 0.538301 0.892448
vt 0.538240 0.890380
vt 0.538363 0.890380
vt 0.548117 0.892448
vt 0.548178 0.890380
vt 0.548240 0.892448
vt 0.380207 0.880626
vt 0.380269 0.878558
vt 0.380330 0.880626
vt 0.390145 0.880626
vt 0.390084 0.878558
vt 0.390207 0.878558
vt 0.400023 0.880626
vt 0.399961 0.878558
vt 0.400084 0.878558
vt 0.409838 0.880626
vt 0.409899 0.878558
vt 0.409961 0.880626
vt 0.557994 0.892448
vt 0.558056 0.890380
vt 0.558117 0.892448
vt 0.567932 0.892448
vt 0.567871 0.890380
vt 0.567994 0.890380
vt 0.419715 0.880626
vt 0.419776 0.878558
vt 0.419838 0.880626
vt 0.429654 0.880626
vt 0.429592 0.878558
vt 0.429715 0.878558
vt 0.865570 0.690443
vt 0.866013 0.690443
vt 0.865791 0.692216
vt 0.865570 0.701970
vt 0.866013 0.701970
vt 0.865791 0.703742
vt 0.336139 0.841048
vt 0.336533 0.841048
vt 0.336336 0.843904
vt 0.346484 0.843904
vt 0.346287 0.841048
vt 0.346681 0.841048
vt 0.356632 0.841048
vt 0.356828 0.843904
vt 0.356435 0.843904
vt 0.366976 0.843904
vt 0.366582 0.843904
vt 0.366779 0.841048
vt 0.083618 0.716236
vt 0.083539 0.716236
vt 0.083578 0.710327
vt 0.704018 0.564590
vt 0.704097 0.564590
vt 0.704057 0.570499
vt 0.855683 0.429714
vt 0.855629 0.426686
vt 0.855737 0.426686
vt 0.855683 0.439468
vt 0.855737 0.442497
vt 0.855629 0.442497
vt 0.855737 0.455279
vt 0.855629 0.455279
vt 0.855683 0.452251
vt 0.855629 0.465033
vt 0.855737 0.465033
vt 0.855683 0.468061
vt 0.313483 0.140186
vt 0.313056 0.127385
vt 0.313696 0.127385
vt 0.803663 0.667334
vt 0.803663 0.663888
vt 0.804303 0.663888
vt 0.804303 0.667334
vt 0.255445 0.197602
vt 0.255445 0.210404
vt 0.251998 0.210404
vt 0.251998 0.197602
vt 0.257697 0.043282
vt 0.257697 0.030480
vt 0.261143 0.030480
vt 0.261143 0.043282
vt 0.391139 0.025222
vt 0.395472 0.025222
vt 0.395472 0.035414
vt 0.391139 0.035414
vt 0.391139 0.045168
vt 0.395472 0.045168
vt 0.395472 0.055360
vt 0.391139 0.055360
vt 0.268845 0.914024
vt 0.268969 0.915304
vt 0.268722 0.915304
vt 0.278846 0.914024
vt 0.278969 0.915304
vt 0.278723 0.915304
vt 0.783471 0.706745
vt 0.783426 0.701673
vt 0.783515 0.701673
vt 0.783471 0.721570
vt 0.783427 0.716499
vt 0.783515 0.716499
vt 0.783471 0.736396
vt 0.783427 0.731324
vt 0.783515 0.731324
vt 0.783471 0.751221
vt 0.783427 0.746150
vt 0.783515 0.746150
vt 0.783515 0.766047
vt 0.783427 0.766047
vt 0.783471 0.760975
vt 0.004966 0.790363
vt 0.004877 0.790363
vt 0.004922 0.785292
vt 0.014808 0.790363
vt 0.014720 0.790363
vt 0.014764 0.785292
vt 0.024651 0.790363
vt 0.024562 0.790363
vt 0.024606 0.785292
vt 0.034450 0.790363
vt 0.034405 0.785292
vt 0.034494 0.785292
vt 0.044292 0.790363
vt 0.044248 0.785292
vt 0.044336 0.785292
vt 0.428095 0.483539
vt 0.428038 0.471033
vt 0.428151 0.471033
vt 0.483509 0.361996
vt 0.483566 0.374503
vt 0.483453 0.374503
vt 0.442683 0.945408
vt 0.442781 0.945280
vt 0.442880 0.945378
vt 0.442781 0.945506
vt 0.449953 0.085307
vt 0.449855 0.085307
vt 0.449969 0.072800
vt 0.047620 0.451968
vt 0.047718 0.451968
vt 0.047702 0.464474
vt 0.047816 0.451968
vt 0.450051 0.085307
vt 0.194011 0.831294
vt 0.193988 0.827995
vt 0.194126 0.827995
vt 0.184061 0.831294
vt 0.184033 0.827995
vt 0.184176 0.827995
vt 0.835618 0.190917
vt 0.835505 0.190917
vt 0.835562 0.187618
vt 0.377199 0.084760
vt 0.377199 0.072205
vt 0.381385 0.072205
vt 0.381385 0.084760
vt 0.276720 0.374783
vt 0.276720 0.387339
vt 0.272535 0.387339
vt 0.272535 0.374783
vt 0.467525 0.775538
vt 0.467481 0.770466
vt 0.467569 0.770466
vt 0.477367 0.775538
vt 0.477323 0.770466
vt 0.477412 0.770466
vt 0.487254 0.775538
vt 0.487166 0.775538
vt 0.487210 0.770466
vt 0.497097 0.775538
vt 0.497008 0.775538
vt 0.497052 0.770466
vt 0.506895 0.775538
vt 0.506851 0.770466
vt 0.506940 0.770466
vt 0.516738 0.775538
vt 0.516694 0.770466
vt 0.516782 0.770466
vt 0.526580 0.775538
vt 0.526536 0.770466
vt 0.526625 0.770466
vt 0.536424 0.775538
vt 0.536379 0.770466
vt 0.536468 0.770466
vt 0.546310 0.775538
vt 0.546222 0.775538
vt 0.546266 0.770466
vt 0.556153 0.775538
vt 0.556064 0.775538
vt 0.556108 0.770466
vt 0.544331 0.527715
vt 0.544218 0.527715
vt 0.544275 0.515751
vt 0.544277 0.122417
vt 0.544391 0.122417
vt 0.544334 0.134381
vt 0.946055 0.603835
vt 0.946153 0.603707
vt 0.946251 0.603805
vt 0.946153 0.603933
vt 0.411685 0.504327
vt 0.411783 0.504327
vt 0.411669 0.516292
vt 0.005073 0.516430
vt 0.004975 0.516430
vt 0.004991 0.504465
vt 0.004877 0.516430
vt 0.411587 0.504327
vt 0.628491 0.814204
vt 0.628514 0.817749
vt 0.628376 0.817749
vt 0.618541 0.814204
vt 0.618569 0.817749
vt 0.618425 0.817749
vt 0.815661 0.779769
vt 0.815605 0.776224
vt 0.815718 0.776224
vt 0.825611 0.284158
vt 0.825668 0.287703
vt 0.825555 0.287703
vt 0.025665 0.312094
vt 0.025665 0.301213
vt 0.036448 0.301213
vt 0.036448 0.312094
vt 0.080230 0.331646
vt 0.080230 0.320765
vt 0.091013 0.320765
vt 0.091013 0.331646
vt 0.205072 0.372622
vt 0.205072 0.362430
vt 0.215166 0.362430
vt 0.215166 0.372622
vt 0.372872 0.352242
vt 0.372872 0.342050
vt 0.382965 0.342050
vt 0.382965 0.352242
vt 0.578074 0.578100
vt 0.578345 0.578100
vt 0.578210 0.588538
vt 0.588099 0.578100
vt 0.588369 0.578100
vt 0.588234 0.588538
vt 0.588477 0.319298
vt 0.588748 0.319298
vt 0.588612 0.329736
vt 0.589790 0.339687
vt 0.590061 0.339687
vt 0.589926 0.350125
vt 0.591196 0.150334
vt 0.591467 0.150334
vt 0.591331 0.160773
vt 0.591196 0.170527
vt 0.591467 0.170527
vt 0.591331 0.180965
vt 0.439023 0.395631
vt 0.438432 0.384306
vt 0.439613 0.384306
vt 0.439416 0.197602
vt 0.440007 0.208927
vt 0.438825 0.208927
vt 0.416194 0.119659
vt 0.419345 0.119659
vt 0.419345 0.127784
vt 0.416194 0.127784
vt 0.417200 0.339687
vt 0.420351 0.339687
vt 0.420351 0.347811
vt 0.417200 0.347811
vt 0.336473 0.633492
vt 0.336473 0.629307
vt 0.339673 0.629307
vt 0.339673 0.633492
vt 0.349427 0.633492
vt 0.349427 0.629307
vt 0.352628 0.629307
vt 0.352628 0.633492
vt 0.566709 0.679298
vt 0.568925 0.679298
vt 0.568925 0.682498
vt 0.566709 0.682498
vt 0.578678 0.679298
vt 0.580894 0.679298
vt 0.580894 0.682498
vt 0.578678 0.682498
vt 0.304119 0.652109
vt 0.304119 0.647924
vt 0.306335 0.647924
vt 0.306335 0.652109
vt 0.318304 0.647924
vt 0.318304 0.652109
vt 0.316089 0.652109
vt 0.316089 0.647924
vt 0.739837 0.801475
vt 0.740840 0.800262
vt 0.741929 0.801209
vt 0.741106 0.802208
vt 0.752044 0.801939
vt 0.751831 0.800662
vt 0.753247 0.800387
vt 0.753509 0.801938
vt 0.439530 0.880626
vt 0.439469 0.878558
vt 0.439592 0.878558
vt 0.449346 0.880626
vt 0.449408 0.878558
vt 0.449469 0.880626
vt 0.577748 0.892448
vt 0.577810 0.890380
vt 0.577871 0.892448
vt 0.587687 0.892448
vt 0.587625 0.890380
vt 0.587748 0.890380
vt 0.498793 0.880626
vt 0.498731 0.878558
vt 0.498855 0.878558
vt 0.508609 0.880626
vt 0.508671 0.878558
vt 0.508732 0.880626
vt 0.538301 0.880626
vt 0.538240 0.878558
vt 0.538363 0.878558
vt 0.548117 0.880626
vt 0.548178 0.878558
vt 0.548240 0.880626
vt 0.597502 0.892448
vt 0.597564 0.890380
vt 0.597625 0.892448
vt 0.607440 0.892448
vt 0.607379 0.890380
vt 0.607502 0.890380
vt 0.597502 0.880626
vt 0.597564 0.878558
vt 0.597625 0.880626
vt 0.607440 0.880626
vt 0.607379 0.878558
vt 0.607502 0.878558
vt 0.865570 0.713496
vt 0.866013 0.713496
vt 0.865791 0.715269
vt 0.865570 0.725023
vt 0.866013 0.725023
vt 0.865791 0.726795
vt 0.376927 0.841048
vt 0.377124 0.843904
vt 0.376730 0.843904
vt 0.387272 0.843904
vt 0.386878 0.843904
vt 0.387075 0.841048
vt 0.397223 0.841048
vt 0.397420 0.843904
vt 0.397026 0.843904
vt 0.407568 0.843904
vt 0.407174 0.843904
vt 0.407371 0.841048
vt 0.704057 0.586161
vt 0.704018 0.580253
vt 0.704097 0.580253
vt 0.704057 0.595915
vt 0.704097 0.601824
vt 0.704018 0.601824
vt 0.855683 0.480843
vt 0.855629 0.477815
vt 0.855737 0.477815
vt 0.855683 0.490597
vt 0.855737 0.493625
vt 0.855629 0.493625
vt 0.855683 0.506407
vt 0.855629 0.503379
vt 0.855737 0.503379
vt 0.855683 0.516161
vt 0.855737 0.519189
vt 0.855629 0.519189
vt 0.316027 0.030879
vt 0.316027 0.018078
vt 0.316667 0.018078
vt 0.316667 0.030879
vt 0.803663 0.482526
vt 0.803663 0.479079
vt 0.804303 0.479079
vt 0.804303 0.482526
vt 0.803663 0.680535
vt 0.803663 0.677088
vt 0.804303 0.677088
vt 0.804303 0.680535
vt 0.255445 0.223206
vt 0.251998 0.223206
vt 0.257697 0.017679
vt 0.261143 0.017679
vt 0.199311 0.382376
vt 0.203644 0.382376
vt 0.203644 0.392568
vt 0.199311 0.392568
vt 0.213398 0.382376
vt 0.217731 0.382376
vt 0.217731 0.392568
vt 0.213398 0.392568
vt 0.288723 0.914024
vt 0.288969 0.914024
vt 0.288846 0.915304
vt 0.298723 0.914024
vt 0.298969 0.914024
vt 0.298846 0.915304
vt 0.054179 0.790363
vt 0.054090 0.790363
vt 0.054134 0.785292
vt 0.064021 0.790363
vt 0.063933 0.790363
vt 0.063977 0.785292
vt 0.073820 0.790363
vt 0.073775 0.785292
vt 0.073864 0.785292
vt 0.083662 0.790363
vt 0.083618 0.785292
vt 0.083707 0.785292
vt 0.093505 0.790363
vt 0.093461 0.785292
vt 0.093549 0.785292
vt 0.103347 0.790363
vt 0.103303 0.785292
vt 0.103392 0.785292
vt 0.113235 0.790363
vt 0.113146 0.790363
vt 0.113191 0.785292
vt 0.123077 0.790363
vt 0.122988 0.790363
vt 0.123032 0.785292
vt 0.132920 0.790363
vt 0.132831 0.790363
vt 0.132876 0.785292
vt 0.453567 0.485903
vt 0.453454 0.485903
vt 0.453510 0.473396
vt 0.463404 0.473396
vt 0.463517 0.473396
vt 0.463461 0.485903
vt 0.492434 0.945408
vt 0.492532 0.945280
vt 0.492630 0.945378
vt 0.492532 0.945506
vt 0.301648 0.472983
vt 0.301550 0.472983
vt 0.301664 0.460476
vt 0.473354 0.406615
vt 0.473452 0.406615
vt 0.473436 0.419122
vt 0.473550 0.406615
vt 0.301746 0.472983
vt 0.213911 0.831294
vt 0.213888 0.827995
vt 0.214026 0.827995
vt 0.203961 0.831294
vt 0.203933 0.827995
vt 0.204076 0.827995
vt 0.835562 0.217022
vt 0.835505 0.213723
vt 0.835618 0.213723
vt 0.835562 0.526993
vt 0.835619 0.530292
vt 0.835505 0.530292
vt 0.372872 0.374552
vt 0.372872 0.361996
vt 0.377057 0.361996
vt 0.377057 0.374552
vt 0.135765 0.376462
vt 0.135765 0.389018
vt 0.131580 0.389018
vt 0.131580 0.376462
vt 0.565995 0.775538
vt 0.565907 0.775538
vt 0.565951 0.770466
vt 0.575838 0.775538
vt 0.575750 0.775538
vt 0.575794 0.770466
vt 0.585636 0.775538
vt 0.585592 0.770466
vt 0.585681 0.770466
vt 0.595479 0.775538
vt 0.595435 0.770466
vt 0.595523 0.770466
vt 0.605322 0.775538
vt 0.605277 0.770466
vt 0.605366 0.770466
vt 0.615165 0.775538
vt 0.615120 0.770466
vt 0.615209 0.770466
vt 0.290358 0.775538
vt 0.290313 0.770466
vt 0.290402 0.770466
vt 0.300200 0.775538
vt 0.300156 0.770466
vt 0.300244 0.770466
vt 0.625007 0.775538
vt 0.624963 0.770466
vt 0.625051 0.770466
vt 0.634850 0.775538
vt 0.634805 0.770466
vt 0.634894 0.770466
vt 0.542647 0.505996
vt 0.542591 0.494032
vt 0.542704 0.494032
vt 0.543190 0.472313
vt 0.543246 0.484278
vt 0.543133 0.484278
vt 0.946055 0.633777
vt 0.946153 0.633648
vt 0.946251 0.633746
vt 0.946153 0.633875
vt 0.514066 0.122417
vt 0.514164 0.122417
vt 0.514050 0.134381
vt 0.507252 0.184018
vt 0.507153 0.184018
vt 0.507170 0.172053
vt 0.507055 0.184018
vt 0.513968 0.122417
vt 0.668291 0.814204
vt 0.668314 0.817749
vt 0.668176 0.817749
vt 0.658341 0.814204
vt 0.658369 0.817749
vt 0.658226 0.817749
vt 0.815718 0.806367
vt 0.815605 0.806367
vt 0.815661 0.802822
vt 0.185224 0.332040
vt 0.185224 0.321159
vt 0.196007 0.321159
vt 0.196007 0.332040
vt 0.185224 0.311405
vt 0.185224 0.300523
vt 0.196007 0.300523
vt 0.196007 0.311405
vt 0.357352 0.035414
vt 0.357352 0.025222
vt 0.367446 0.025222
vt 0.367446 0.035414
vt 0.353713 0.247687
vt 0.353713 0.237494
vt 0.363807 0.237494
vt 0.363807 0.247687
vt 0.591733 0.005030
vt 0.592004 0.005030
vt 0.591869 0.015468
vt 0.357263 0.581896
vt 0.357534 0.581896
vt 0.357399 0.592335
vt 0.287676 0.581926
vt 0.287947 0.581926
vt 0.287812 0.592364
vt 0.438973 0.581995
vt 0.439244 0.581995
vt 0.439108 0.592433
vt 0.318956 0.582221
vt 0.319227 0.582221
vt 0.319091 0.592659
vt 0.065252 0.582625
vt 0.065523 0.582625
vt 0.065388 0.593063
vt 0.360808 0.433209
vt 0.361399 0.421884
vt 0.361990 0.433209
vt 0.253180 0.422750
vt 0.252589 0.434075
vt 0.251998 0.422750
vt 0.418606 0.150334
vt 0.421758 0.150334
vt 0.421758 0.158458
vt 0.418606 0.158458
vt 0.418606 0.168212
vt 0.421758 0.168212
vt 0.421758 0.176337
vt 0.418606 0.176337
vt 0.245792 0.633492
vt 0.245792 0.629307
vt 0.248992 0.629307
vt 0.248992 0.633492
vt 0.258747 0.633492
vt 0.258747 0.629307
vt 0.261947 0.629307
vt 0.261947 0.633492
vt 0.590648 0.679298
vt 0.592864 0.679298
vt 0.592864 0.682498
vt 0.590648 0.682498
vt 0.602618 0.679298
vt 0.604834 0.679298
vt 0.604834 0.682498
vt 0.602618 0.682498
vt 0.016847 0.652109
vt 0.016847 0.647924
vt 0.019062 0.647924
vt 0.019062 0.652109
vt 0.031032 0.647924
vt 0.031032 0.652109
vt 0.028816 0.652109
vt 0.028816 0.647924
vt 0.763986 0.801938
vt 0.764248 0.800387
vt 0.765664 0.800662
vt 0.765451 0.801939
vt 0.777388 0.801944
vt 0.776111 0.802157
vt 0.775836 0.800741
vt 0.777387 0.800479
vt 0.637011 0.880626
vt 0.637073 0.878558
vt 0.637134 0.880626
vt 0.646950 0.880626
vt 0.646888 0.878558
vt 0.647011 0.878558
vt 0.627195 0.892448
vt 0.627133 0.890380
vt 0.627257 0.890380
vt 0.637011 0.892448
vt 0.637073 0.890380
vt 0.637134 0.892448
vt 0.676519 0.880626
vt 0.676580 0.878558
vt 0.676642 0.880626
vt 0.686458 0.880626
vt 0.686396 0.878558
vt 0.686519 0.878558
vt 0.706212 0.880626
vt 0.706150 0.878558
vt 0.706273 0.878558
vt 0.716027 0.880626
vt 0.716089 0.878558
vt 0.716150 0.880626
vt 0.676580 0.892448
vt 0.676519 0.890380
vt 0.676642 0.890380
vt 0.686396 0.892448
vt 0.686458 0.890380
vt 0.686519 0.892448
vt 0.745659 0.880626
vt 0.745721 0.878558
vt 0.745782 0.880626
vt 0.755597 0.880626
vt 0.755536 0.878558
vt 0.755659 0.878558
vt 0.865570 0.736549
vt 0.866014 0.736549
vt 0.865792 0.738322
vt 0.865570 0.748076
vt 0.866013 0.748076
vt 0.865791 0.749848
vt 0.417322 0.841048
vt 0.417716 0.841048
vt 0.417519 0.843904
vt 0.427667 0.843904
vt 0.427470 0.841048
vt 0.427864 0.841048
vt 0.437618 0.841048
vt 0.438012 0.841048
vt 0.437815 0.843904
vt 0.447962 0.843904
vt 0.447765 0.841048
vt 0.448159 0.841048
vt 0.704097 0.445199
vt 0.704018 0.445199
vt 0.704057 0.439291
vt 0.704018 0.454953
vt 0.704097 0.454953
vt 0.704057 0.460862
vt 0.855683 0.531971
vt 0.855629 0.528943
vt 0.855737 0.528943
vt 0.855683 0.541725
vt 0.855737 0.544753
vt 0.855629 0.544753
vt 0.855683 0.557535
vt 0.855629 0.554507
vt 0.855737 0.554507
vt 0.855683 0.567290
vt 0.855737 0.570318
vt 0.855629 0.570318
vt 0.316454 0.043681
vt 0.803663 0.495726
vt 0.803663 0.492280
vt 0.804303 0.492280
vt 0.804303 0.495726
vt 0.255445 0.236007
vt 0.251998 0.236007
vt 0.257697 0.004877
vt 0.261143 0.004877
vt 0.391139 0.065114
vt 0.395472 0.065114
vt 0.395472 0.075306
vt 0.391139 0.075306
vt 0.392719 0.342050
vt 0.397052 0.342050
vt 0.397052 0.352242
vt 0.392719 0.352242
vt 0.308723 0.914024
vt 0.308969 0.914024
vt 0.308846 0.915304
vt 0.318723 0.914024
vt 0.318969 0.914024
vt 0.318846 0.915304
vt 0.152561 0.790363
vt 0.152516 0.785292
vt 0.152605 0.785292
vt 0.162403 0.790363
vt 0.162359 0.785292
vt 0.162448 0.785292
vt 0.172290 0.790363
vt 0.172202 0.790363
vt 0.172246 0.785292
vt 0.182133 0.790363
vt 0.182044 0.790363
vt 0.182088 0.785292
vt 0.191976 0.790363
vt 0.191887 0.790363
vt 0.191932 0.785292
vt 0.201818 0.790363
vt 0.201730 0.790363
vt 0.201774 0.785292
vt 0.211661 0.790363
vt 0.211572 0.790363
vt 0.211617 0.785292
vt 0.221503 0.790363
vt 0.221415 0.790363
vt 0.221459 0.785292
vt 0.231346 0.790363
vt 0.231257 0.790363
vt 0.231302 0.785292
vt 0.241189 0.790363
vt 0.241100 0.790363
vt 0.241145 0.785292
vt 0.484173 0.210108
vt 0.484059 0.210108
vt 0.484116 0.197602
vt 0.484059 0.219862
vt 0.484173 0.219862
vt 0.484116 0.232369
vt 0.562085 0.945408
vt 0.562183 0.945280
vt 0.562281 0.945378
vt 0.562183 0.945506
vt 0.464434 0.059989
vt 0.464335 0.059989
vt 0.464450 0.047482
vt 0.453454 0.428876
vt 0.453552 0.428876
vt 0.453536 0.441382
vt 0.453650 0.428876
vt 0.464532 0.059989
vt 0.825635 0.737902
vt 0.825613 0.734603
vt 0.825751 0.734603
vt 0.825636 0.724849
vt 0.825608 0.721550
vt 0.825751 0.721550
vt 0.835618 0.243128
vt 0.835505 0.243128
vt 0.835562 0.239829
vt 0.387352 0.440008
vt 0.392079 0.440008
vt 0.392079 0.446114
vt 0.387352 0.446114
vt 0.442447 0.150334
vt 0.447174 0.150334
vt 0.447174 0.156440
vt 0.442447 0.156440
vt 0.092835 0.547509
vt 0.096872 0.547509
vt 0.096872 0.552925
vt 0.092835 0.552925
vt 0.251998 0.547646
vt 0.256036 0.547646
vt 0.256036 0.553062
vt 0.251998 0.553062
vt 0.015038 0.679298
vt 0.015173 0.685059
vt 0.014902 0.685059
vt 0.025062 0.679298
vt 0.025197 0.685059
vt 0.024927 0.685059
vt 0.035086 0.679298
vt 0.035222 0.685059
vt 0.034951 0.685059
vt 0.045111 0.679298
vt 0.045247 0.685059
vt 0.044976 0.685059
vt 0.055137 0.679298
vt 0.055272 0.685059
vt 0.055001 0.685059
vt 0.065161 0.679298
vt 0.065297 0.685059
vt 0.065026 0.685059
vt 0.650768 0.552473
vt 0.651358 0.557643
vt 0.650177 0.557643
vt 0.650768 0.567397
vt 0.651359 0.572567
vt 0.650177 0.572567
vt 0.442447 0.166194
vt 0.447174 0.166194
vt 0.447174 0.172299
vt 0.442447 0.172299
vt 0.357263 0.442963
vt 0.361990 0.442963
vt 0.361990 0.449068
vt 0.357263 0.449068
vt 0.107119 0.547701
vt 0.111156 0.547701
vt 0.111156 0.553117
vt 0.107119 0.553117
vt 0.411587 0.547765
vt 0.415625 0.547765
vt 0.415625 0.553181
vt 0.411587 0.553181
vt 0.075051 0.679298
vt 0.075321 0.679298
vt 0.075186 0.685059
vt 0.085075 0.679298
vt 0.085346 0.679298
vt 0.085211 0.685059
vt 0.095235 0.679298
vt 0.095371 0.685059
vt 0.095100 0.685059
vt 0.105261 0.679298
vt 0.105396 0.685059
vt 0.105125 0.685059
vt 0.115150 0.679298
vt 0.115421 0.679298
vt 0.115286 0.685059
vt 0.125175 0.679298
vt 0.125445 0.679298
vt 0.125310 0.685059
vt 0.651358 0.582321
vt 0.650768 0.587491
vt 0.650177 0.582321
vt 0.651359 0.597245
vt 0.650768 0.602415
vt 0.650177 0.597245
vt 0.251998 0.443829
vt 0.256725 0.443829
vt 0.256725 0.449934
vt 0.251998 0.449934
vt 0.312388 0.443829
vt 0.317115 0.443829
vt 0.317115 0.449934
vt 0.312388 0.449934
vt 0.004877 0.547903
vt 0.008914 0.547903
vt 0.008914 0.553319
vt 0.004877 0.553319
vt 0.018668 0.547903
vt 0.022706 0.547903
vt 0.022706 0.553319
vt 0.018668 0.553319
vt 0.135334 0.679298
vt 0.135470 0.685059
vt 0.135199 0.685059
vt 0.145360 0.679298
vt 0.145495 0.685059
vt 0.145224 0.685059
vt 0.155249 0.679298
vt 0.155520 0.679298
vt 0.155385 0.685059
vt 0.165274 0.679298
vt 0.165545 0.679298
vt 0.165410 0.685059
vt 0.175434 0.679298
vt 0.175569 0.685059
vt 0.175299 0.685059
vt 0.185459 0.679298
vt 0.185594 0.685059
vt 0.185323 0.685059
vt 0.650768 0.617339
vt 0.650177 0.612169
vt 0.651359 0.612169
vt 0.650768 0.632263
vt 0.650177 0.627093
vt 0.651358 0.627093
vt 0.291600 0.444617
vt 0.296327 0.444617
vt 0.296327 0.450722
vt 0.291600 0.450722
vt 0.446698 0.005276
vt 0.451425 0.005276
vt 0.451425 0.011381
vt 0.446698 0.011381
vt 0.150645 0.547898
vt 0.154682 0.547898
vt 0.154682 0.553314
vt 0.150645 0.553314
vt 0.185224 0.547903
vt 0.189262 0.547903
vt 0.189262 0.553319
vt 0.185224 0.553319
vt 0.195348 0.679298
vt 0.195619 0.679298
vt 0.195484 0.685059
vt 0.205373 0.679298
vt 0.205644 0.679298
vt 0.205509 0.685059
vt 0.215533 0.679298
vt 0.215669 0.685059
vt 0.215398 0.685059
vt 0.225558 0.679298
vt 0.225694 0.685059
vt 0.225423 0.685059
vt 0.235583 0.679298
vt 0.235718 0.685059
vt 0.235447 0.685059
vt 0.245607 0.679298
vt 0.245743 0.685059
vt 0.245472 0.685059
vt 0.650768 0.647187
vt 0.650177 0.642017
vt 0.651359 0.642017
vt 0.661703 0.010047
vt 0.661112 0.004877
vt 0.662294 0.004877
vt 0.004877 0.193663
vt 0.004877 0.154864
vt 0.038752 0.154864
vt 0.038752 0.193663
vt 0.082382 0.154864
vt 0.082382 0.193663
vt 0.048506 0.193663
vt 0.048506 0.154864
vt 0.251998 0.390687
vt 0.251998 0.378131
vt 0.256183 0.378131
vt 0.256183 0.390687
vt 0.377746 0.197602
vt 0.377746 0.210158
vt 0.373561 0.210158
vt 0.373561 0.197602
vt 0.644737 0.775538
vt 0.644648 0.775538
vt 0.644693 0.770466
vt 0.654579 0.775538
vt 0.654491 0.775538
vt 0.654535 0.770466
vt 0.310043 0.775538
vt 0.309998 0.770466
vt 0.310087 0.770466
vt 0.319885 0.775538
vt 0.319841 0.770466
vt 0.319930 0.770466
vt 0.664377 0.775538
vt 0.664333 0.770466
vt 0.664422 0.770466
vt 0.674220 0.775538
vt 0.674176 0.770466
vt 0.674264 0.770466
vt 0.684062 0.775538
vt 0.684018 0.770466
vt 0.684107 0.770466
vt 0.693905 0.775538
vt 0.693861 0.770466
vt 0.693950 0.770466
vt 0.703748 0.775538
vt 0.703703 0.770466
vt 0.703792 0.770466
vt 0.713591 0.775538
vt 0.713546 0.770466
vt 0.713635 0.770466
vt 0.242067 0.533801
vt 0.241954 0.533801
vt 0.242011 0.521836
vt 0.533974 0.450053
vt 0.534087 0.450053
vt 0.534030 0.462018
vt 0.323344 0.955466
vt 0.323282 0.955317
vt 0.323416 0.955281
vt 0.323478 0.955430
vt 0.453552 0.495657
vt 0.453650 0.495657
vt 0.453536 0.507621
vt 0.514483 0.209567
vt 0.514385 0.209567
vt 0.514401 0.197602
vt 0.514286 0.209567
vt 0.453454 0.495657
vt 0.708092 0.814204
vt 0.708115 0.817749
vt 0.707977 0.817749
vt 0.698142 0.814204
vt 0.698170 0.817749
vt 0.698027 0.817749
vt 0.825668 0.433993
vt 0.825555 0.433993
vt 0.825611 0.430448
vt 0.825555 0.443747
vt 0.825668 0.443747
vt 0.825611 0.447292
vt 0.333844 0.133298
vt 0.333844 0.122417
vt 0.344627 0.122417
vt 0.344627 0.133298
vt 0.205761 0.332040
vt 0.205761 0.321159
vt 0.216544 0.321159
vt 0.216544 0.332040
vt 0.357352 0.055360
vt 0.357352 0.045168
vt 0.367445 0.045168
vt 0.367445 0.055360
vt 0.353713 0.267633
vt 0.353713 0.257441
vt 0.363807 0.257441
vt 0.363807 0.267633
vt 0.005013 0.563073
vt 0.005148 0.573511
vt 0.004877 0.573511
vt 0.015038 0.563073
vt 0.015173 0.573511
vt 0.014902 0.573511
vt 0.150645 0.563068
vt 0.150915 0.563068
vt 0.150780 0.573506
vt 0.185224 0.563073
vt 0.185495 0.563073
vt 0.185360 0.573511
vt 0.195385 0.563073
vt 0.195520 0.573511
vt 0.195249 0.573511
vt 0.205409 0.563073
vt 0.205545 0.573511
vt 0.205274 0.573511
vt 0.312388 0.434075
vt 0.312979 0.422750
vt 0.313570 0.434075
vt 0.292782 0.423538
vt 0.292191 0.434863
vt 0.291600 0.423538
vt 0.425526 0.384306
vt 0.428678 0.384306
vt 0.428678 0.392430
vt 0.425526 0.392430
vt 0.425920 0.197602
vt 0.429072 0.197602
vt 0.429072 0.205726
vt 0.425920 0.205726
vt 0.025567 0.633492
vt 0.025567 0.629307
vt 0.028767 0.629307
vt 0.028767 0.633492
vt 0.038521 0.633492
vt 0.038521 0.629307
vt 0.041722 0.629307
vt 0.041722 0.633492
vt 0.470951 0.679298
vt 0.473167 0.679298
vt 0.473167 0.682498
vt 0.470951 0.682498
vt 0.482921 0.679298
vt 0.485137 0.679298
vt 0.485137 0.682498
vt 0.482921 0.682498
vt 0.040786 0.652109
vt 0.040786 0.647924
vt 0.043002 0.647924
vt 0.043002 0.652109
vt 0.054971 0.647924
vt 0.054971 0.652109
vt 0.052756 0.652109
vt 0.052756 0.647924
vt 0.787604 0.801475
vt 0.788607 0.800262
vt 0.789696 0.801209
vt 0.788873 0.802208
vt 0.803760 0.005700
vt 0.804759 0.004877
vt 0.805706 0.005966
vt 0.804493 0.006969
vt 0.392964 0.868804
vt 0.393026 0.866736
vt 0.393087 0.868804
vt 0.402903 0.868804
vt 0.402841 0.866736
vt 0.402964 0.866736
vt 0.432534 0.868804
vt 0.432472 0.866736
vt 0.432595 0.866736
vt 0.442349 0.868804
vt 0.442410 0.866736
vt 0.442472 0.868804
vt 0.471981 0.868804
vt 0.472043 0.866736
vt 0.472104 0.868804
vt 0.481919 0.868804
vt 0.481858 0.866736
vt 0.481981 0.866736
vt 0.775352 0.880626
vt 0.775290 0.878558
vt 0.775413 0.878558
vt 0.785167 0.880626
vt 0.785228 0.878558
vt 0.785290 0.880626
vt 0.531243 0.868804
vt 0.531304 0.866736
vt 0.531366 0.868804
vt 0.541182 0.868804
vt 0.541120 0.866736
vt 0.541243 0.866736
vt 0.570751 0.868804
vt 0.570813 0.866736
vt 0.570875 0.868804
vt 0.580690 0.868804
vt 0.580628 0.866736
vt 0.580752 0.866736
vt 0.865791 0.759602
vt 0.866013 0.761375
vt 0.865570 0.761375
vt 0.865791 0.771129
vt 0.866013 0.772902
vt 0.865570 0.772902
vt 0.457913 0.841048
vt 0.458307 0.841048
vt 0.458110 0.843904
vt 0.468258 0.843904
vt 0.468061 0.841048
vt 0.468455 0.841048
vt 0.478209 0.841048
vt 0.478603 0.841048
vt 0.478406 0.843904
vt 0.488554 0.843904
vt 0.488357 0.841048
vt 0.488751 0.841048
vt 0.093412 0.716236
vt 0.093372 0.710327
vt 0.093451 0.710327
vt 0.704057 0.611578
vt 0.704097 0.617486
vt 0.704018 0.617486
vt 0.865679 0.110162
vt 0.865570 0.110162
vt 0.865625 0.107134
vt 0.855629 0.349994
vt 0.855737 0.349994
vt 0.855683 0.353022
vt 0.865679 0.122944
vt 0.865570 0.122944
vt 0.865625 0.119916
vt 0.855629 0.362776
vt 0.855737 0.362776
vt 0.855683 0.365804
vt 0.305633 0.066237
vt 0.305846 0.053435
vt 0.306273 0.066237
vt 0.803663 0.522128
vt 0.803663 0.518681
vt 0.804303 0.518681
vt 0.804303 0.522128
vt 0.268645 0.197602
vt 0.268645 0.210404
vt 0.265199 0.210404
vt 0.265199 0.197602
vt 0.278399 0.236007
vt 0.278399 0.223206
vt 0.281846 0.223206
vt 0.281846 0.236007
vt 0.400750 0.361996
vt 0.405083 0.361996
vt 0.405083 0.372189
vt 0.400750 0.372189
vt 0.401045 0.384306
vt 0.405378 0.384306
vt 0.405378 0.394498
vt 0.401045 0.394498
vt 0.568728 0.914024
vt 0.568974 0.914024
vt 0.568851 0.915304
vt 0.578728 0.914024
vt 0.578974 0.914024
vt 0.578851 0.915304
vt 0.723433 0.775538
vt 0.723389 0.770466
vt 0.723477 0.770466
vt 0.733276 0.775538
vt 0.733231 0.770466
vt 0.733320 0.770466
vt 0.743163 0.775538
vt 0.743074 0.775538
vt 0.743119 0.770466
vt 0.753005 0.775538
vt 0.752916 0.775538
vt 0.752961 0.770466
vt 0.762803 0.775538
vt 0.762759 0.770466
vt 0.762848 0.770466
vt 0.773628 0.009948
vt 0.773584 0.004877
vt 0.773673 0.004877
vt 0.773628 0.024774
vt 0.773584 0.019702
vt 0.773673 0.019702
vt 0.773628 0.039599
vt 0.773584 0.034528
vt 0.773673 0.034528
vt 0.773673 0.054425
vt 0.773584 0.054425
vt 0.773628 0.049353
vt 0.484173 0.276889
vt 0.484059 0.276889
vt 0.484116 0.264383
vt 0.484059 0.286643
vt 0.484173 0.286643
vt 0.484116 0.299150
vt 0.591936 0.945408
vt 0.592034 0.945280
vt 0.592132 0.945378
vt 0.592034 0.945506
vt 0.454614 0.136548
vt 0.454515 0.136548
vt 0.454630 0.124041
vt 0.464466 0.124041
vt 0.464564 0.124041
vt 0.464548 0.136548
vt 0.464662 0.124041
vt 0.454712 0.136548
vt 0.273612 0.831294
vt 0.273589 0.827995
vt 0.273727 0.827995
vt 0.263662 0.831294
vt 0.263634 0.827995
vt 0.263777 0.827995
vt 0.835562 0.047335
vt 0.835505 0.044036
vt 0.835618 0.044036
vt 0.835562 0.057089
vt 0.835618 0.060388
vt 0.835505 0.060388
vt 0.312388 0.390687
vt 0.312388 0.378131
vt 0.316573 0.378131
vt 0.316573 0.390687
vt 0.390996 0.361996
vt 0.390996 0.374552
vt 0.386811 0.374552
vt 0.386811 0.361996
vt 0.773673 0.084076
vt 0.773584 0.084076
vt 0.773628 0.079004
vt 0.773673 0.098901
vt 0.773584 0.098901
vt 0.773628 0.093830
vt 0.773628 0.113727
vt 0.773584 0.108655
vt 0.773673 0.108655
vt 0.773628 0.128552
vt 0.773584 0.123481
vt 0.773673 0.123481
vt 0.773628 0.143377
vt 0.773584 0.138306
vt 0.773673 0.138306
vt 0.773628 0.158203
vt 0.773584 0.153132
vt 0.773673 0.153132
vt 0.773673 0.173028
vt 0.773584 0.173028
vt 0.773628 0.167957
vt 0.773673 0.187854
vt 0.773584 0.187854
vt 0.773628 0.182782
vt 0.773628 0.202679
vt 0.773584 0.197608
vt 0.773673 0.197608
vt 0.773628 0.217505
vt 0.773584 0.212433
vt 0.773673 0.212433
vt 0.543412 0.440299
vt 0.543299 0.440299
vt 0.543356 0.428334
vt 0.543841 0.450053
vt 0.543955 0.450053
vt 0.543898 0.462018
vt 0.343244 0.955466
vt 0.343182 0.955317
vt 0.343316 0.955281
vt 0.343378 0.955430
vt 0.185322 0.504465
vt 0.185420 0.504465
vt 0.185306 0.516430
vt 0.195371 0.516430
vt 0.195272 0.516430
vt 0.195289 0.504465
vt 0.195174 0.516430
vt 0.185224 0.504465
vt 0.747893 0.814204
vt 0.747916 0.817749
vt 0.747778 0.817749
vt 0.737943 0.814204
vt 0.737971 0.817749
vt 0.737828 0.817749
vt 0.825668 0.487189
vt 0.825555 0.487189
vt 0.825611 0.483644
vt 0.825555 0.496943
vt 0.825668 0.496943
vt 0.825611 0.500488
vt 0.336109 0.161216
vt 0.336109 0.150334
vt 0.346892 0.150334
vt 0.346892 0.161216
vt 0.336109 0.181851
vt 0.336109 0.170970
vt 0.346892 0.170970
vt 0.346892 0.181851
vt 0.357352 0.075306
vt 0.357352 0.065114
vt 0.367445 0.065114
vt 0.367445 0.075306
vt 0.251998 0.368377
vt 0.251998 0.358185
vt 0.262092 0.358185
vt 0.262092 0.368377
vt 0.302228 0.563063
vt 0.302363 0.573501
vt 0.302093 0.573501
vt 0.215434 0.563073
vt 0.215569 0.573511
vt 0.215299 0.573511
vt 0.573647 0.421786
vt 0.573782 0.432224
vt 0.573511 0.432224
vt 0.231596 0.563452
vt 0.231732 0.573890
vt 0.231461 0.573890
vt 0.169458 0.563462
vt 0.169729 0.563462
vt 0.169593 0.573900
vt 0.333176 0.563723
vt 0.333447 0.563723
vt 0.333311 0.574161
vt 0.438825 0.230005
vt 0.439416 0.218681
vt 0.440007 0.230005
vt 0.440007 0.239759
vt 0.439416 0.251084
vt 0.438825 0.239759
vt 0.425920 0.215480
vt 0.429072 0.215480
vt 0.429072 0.223604
vt 0.425920 0.223604
vt 0.425920 0.233358
vt 0.429072 0.233358
vt 0.429072 0.241483
vt 0.425920 0.241483
vt 0.362382 0.633492
vt 0.362382 0.629307
vt 0.365582 0.629307
vt 0.365582 0.633492
vt 0.375336 0.633492
vt 0.375336 0.629307
vt 0.378537 0.629307
vt 0.378537 0.633492
vt 0.494891 0.679298
vt 0.497106 0.679298
vt 0.497106 0.682498
vt 0.494891 0.682498
vt 0.506860 0.679298
vt 0.509076 0.679298
vt 0.509076 0.682498
vt 0.506860 0.682498
vt 0.328058 0.652109
vt 0.328058 0.647924
vt 0.330274 0.647924
vt 0.330274 0.652109
vt 0.342244 0.647924
vt 0.342244 0.652109
vt 0.340028 0.652109
vt 0.340028 0.647924
vt 0.804025 0.018640
vt 0.804287 0.017089
vt 0.805703 0.017364
vt 0.805490 0.018640
vt 0.803760 0.029583
vt 0.804759 0.028761
vt 0.805706 0.029849
vt 0.804493 0.030852
vt 0.795106 0.880626
vt 0.795044 0.878558
vt 0.795167 0.878558
vt 0.804921 0.880626
vt 0.804982 0.878558
vt 0.805044 0.880626
vt 0.834552 0.880626
vt 0.834614 0.878558
vt 0.834675 0.880626
vt 0.844491 0.880626
vt 0.844429 0.878558
vt 0.844552 0.878558
vt 0.874061 0.880626
vt 0.874123 0.878558
vt 0.874184 0.880626
vt 0.886100 0.006945
vt 0.886038 0.004877
vt 0.886162 0.004877
vt 0.895916 0.077877
vt 0.895977 0.075809
vt 0.896039 0.077877
vt 0.895977 0.089699
vt 0.895916 0.087631
vt 0.896039 0.087631
vt 0.886100 0.066055
vt 0.886038 0.063987
vt 0.886162 0.063987
vt 0.886038 0.077877
vt 0.886100 0.075809
vt 0.886162 0.077877
vt 0.886038 0.113343
vt 0.886100 0.111275
vt 0.886162 0.113343
vt 0.886100 0.125165
vt 0.886038 0.123097
vt 0.886162 0.123097
vt 0.865570 0.782656
vt 0.866013 0.782656
vt 0.865791 0.784428
vt 0.865570 0.794182
vt 0.866013 0.794182
vt 0.865791 0.795955
vt 0.498702 0.841048
vt 0.498899 0.843904
vt 0.498505 0.843904
vt 0.509047 0.843904
vt 0.508653 0.843904
vt 0.508850 0.841048
vt 0.518801 0.841048
vt 0.519195 0.841048
vt 0.518998 0.843904
vt 0.529145 0.843904
vt 0.528949 0.841048
vt 0.529342 0.841048
vt 0.103244 0.716236
vt 0.103205 0.710327
vt 0.103284 0.710327
vt 0.704057 0.627240
vt 0.704097 0.633149
vt 0.704018 0.633149
vt 0.865625 0.135726
vt 0.865570 0.132698
vt 0.865679 0.132698
vt 0.855683 0.375558
vt 0.855737 0.378586
vt 0.855629 0.378586
vt 0.865679 0.148508
vt 0.865570 0.148508
vt 0.865625 0.145480
vt 0.855629 0.388340
vt 0.855737 0.388340
vt 0.855683 0.391368
vt 0.305633 0.030879
vt 0.305846 0.018078
vt 0.306273 0.030879
vt 0.305633 0.079039
vt 0.305846 0.066237
vt 0.306273 0.079039
vt 0.803663 0.535328
vt 0.803663 0.531882
vt 0.804303 0.531882
vt 0.804303 0.535328
vt 0.803663 0.548529
vt 0.803663 0.545082
vt 0.804303 0.545082
vt 0.804303 0.548529
vt 0.268645 0.223206
vt 0.265199 0.223206
vt 0.278399 0.210404
vt 0.281846 0.210404
vt 0.171034 0.384045
vt 0.175367 0.384045
vt 0.175367 0.394237
vt 0.171034 0.394237
vt 0.372872 0.384306
vt 0.377205 0.384306
vt 0.377205 0.394498
vt 0.372872 0.394498
vt 0.588851 0.914024
vt 0.588974 0.915304
vt 0.588728 0.915304
vt 0.598852 0.914024
vt 0.598975 0.915304
vt 0.598728 0.915304
vt 0.773628 0.232330
vt 0.773584 0.227259
vt 0.773673 0.227259
vt 0.773628 0.247156
vt 0.773584 0.242084
vt 0.773673 0.242084
vt 0.773673 0.261981
vt 0.773584 0.261981
vt 0.773628 0.256910
vt 0.773673 0.276807
vt 0.773584 0.276807
vt 0.773628 0.271735
vt 0.773628 0.291632
vt 0.773584 0.286561
vt 0.773673 0.286561
vt 0.773628 0.306458
vt 0.773584 0.301386
vt 0.773673 0.301386
vt 0.773673 0.321283
vt 0.773584 0.321283
vt 0.773628 0.316212
vt 0.773673 0.336108
vt 0.773584 0.336108
vt 0.773628 0.331037
vt 0.773628 0.350934
vt 0.773584 0.345862
vt 0.773673 0.345862
vt 0.773628 0.365759
vt 0.773584 0.360688
vt 0.773673 0.360688
vt 0.486809 0.162841
vt 0.486696 0.162841
vt 0.486753 0.150334
vt 0.486696 0.172595
vt 0.486809 0.172595
vt 0.486753 0.185101
vt 0.671537 0.945408
vt 0.671635 0.945280
vt 0.671733 0.945378
vt 0.671635 0.945506
vt 0.065350 0.473682
vt 0.065252 0.473682
vt 0.065366 0.461176
vt 0.075202 0.461176
vt 0.075300 0.461176
vt 0.075284 0.473682
vt 0.075398 0.461176
vt 0.065448 0.473682
vt 0.293512 0.831294
vt 0.293489 0.827995
vt 0.293627 0.827995
vt 0.283562 0.831294
vt 0.283534 0.827995
vt 0.283677 0.827995
vt 0.835562 0.099546
vt 0.835505 0.096247
vt 0.835618 0.096247
vt 0.835562 0.109300
vt 0.835618 0.112599
vt 0.835505 0.112599
vt 0.373561 0.232467
vt 0.373561 0.219912
vt 0.377746 0.219912
vt 0.377746 0.232467
vt 0.295785 0.378919
vt 0.295785 0.391475
vt 0.291600 0.391475
vt 0.291600 0.378919
vt 0.773673 0.380585
vt 0.773584 0.380585
vt 0.773628 0.375513
vt 0.773673 0.395410
vt 0.773584 0.395410
vt 0.773628 0.390339
vt 0.773673 0.410236
vt 0.773584 0.410236
vt 0.773628 0.405164
vt 0.773673 0.425061
vt 0.773584 0.425061
vt 0.773628 0.419990
vt 0.773628 0.439887
vt 0.773584 0.434815
vt 0.773673 0.434815
vt 0.773628 0.454712
vt 0.773584 0.449641
vt 0.773673 0.449641
vt 0.329728 0.775538
vt 0.329684 0.770466
vt 0.329772 0.770466
vt 0.339570 0.775538
vt 0.339526 0.770466
vt 0.339615 0.770466
vt 0.773628 0.469538
vt 0.773584 0.464466
vt 0.773673 0.464466
vt 0.773628 0.484363
vt 0.773584 0.479292
vt 0.773673 0.479292
vt 0.534180 0.373961
vt 0.534123 0.361996
vt 0.534236 0.361996
vt 0.534407 0.515751
vt 0.534464 0.527715
vt 0.534351 0.527715
vt 0.363144 0.955466
vt 0.363082 0.955317
vt 0.363216 0.955281
vt 0.363278 0.955430
vt 0.514385 0.241039
vt 0.514483 0.241039
vt 0.514368 0.253004
vt 0.473550 0.507621
vt 0.473452 0.507621
vt 0.473468 0.495657
vt 0.473354 0.507621
vt 0.514286 0.241039
vt 0.787694 0.814204
vt 0.787717 0.817749
vt 0.787578 0.817749
vt 0.777743 0.814204
vt 0.777771 0.817749
vt 0.777628 0.817749
vt 0.825668 0.540386
vt 0.825555 0.540386
vt 0.825611 0.536840
vt 0.825555 0.550139
vt 0.825668 0.550139
vt 0.825611 0.553685
vt 0.047620 0.332336
vt 0.047620 0.321454
vt 0.058403 0.321454
vt 0.058403 0.332336
vt 0.336815 0.016157
vt 0.336815 0.005276
vt 0.347598 0.005276
vt 0.347598 0.016157
vt 0.353713 0.287579
vt 0.353713 0.277387
vt 0.363807 0.277387
vt 0.363807 0.287579
vt 0.312388 0.368377
vt 0.312388 0.358185
vt 0.322482 0.358185
vt 0.322482 0.368377
vt 0.343337 0.563723
vt 0.343472 0.574161
vt 0.343201 0.574161
vt 0.373007 0.563723
vt 0.373142 0.574161
vt 0.372872 0.574161
vt 0.382896 0.563723
vt 0.383167 0.563723
vt 0.383031 0.574161
vt 0.392921 0.563723
vt 0.393192 0.563723
vt 0.393057 0.574161
vt 0.574054 0.450053
vt 0.574324 0.450053
vt 0.574189 0.460491
vt 0.574132 0.072800
vt 0.574402 0.072800
vt 0.574267 0.083239
vt 0.065252 0.435562
vt 0.065843 0.424238
vt 0.066434 0.435562
vt 0.077369 0.424238
vt 0.076779 0.435562
vt 0.076188 0.424238
vt 0.425920 0.251237
vt 0.429072 0.251237
vt 0.429072 0.259361
vt 0.425920 0.259361
vt 0.425920 0.269115
vt 0.429072 0.269115
vt 0.429072 0.277239
vt 0.425920 0.277239
vt 0.388291 0.633492
vt 0.388291 0.629307
vt 0.391491 0.629307
vt 0.391491 0.633492
vt 0.401245 0.633492
vt 0.401245 0.629307
vt 0.404446 0.629307
vt 0.404446 0.633492
vt 0.518830 0.679298
vt 0.521046 0.679298
vt 0.521046 0.682498
vt 0.518830 0.682498
vt 0.530800 0.679298
vt 0.533015 0.679298
vt 0.533015 0.682498
vt 0.530800 0.682498
vt 0.064725 0.652109
vt 0.064725 0.647924
vt 0.066941 0.647924
vt 0.066941 0.652109
vt 0.078911 0.647924
vt 0.078911 0.652109
vt 0.076695 0.652109
vt 0.076695 0.647924
vt 0.804030 0.041064
vt 0.805581 0.041326
vt 0.805306 0.042742
vt 0.804029 0.042529
vt 0.803760 0.053467
vt 0.804759 0.052644
vt 0.805706 0.053733
vt 0.804493 0.054736
vt 0.886100 0.160631
vt 0.886038 0.158563
vt 0.886162 0.158563
vt 0.886038 0.172453
vt 0.886100 0.170385
vt 0.886162 0.172453
vt 0.886100 0.196096
vt 0.886038 0.194029
vt 0.886162 0.194029
vt 0.886038 0.207918
vt 0.886100 0.205850
vt 0.886162 0.207918
vt 0.886038 0.231562
vt 0.886100 0.229494
vt 0.886162 0.231562
vt 0.886100 0.243384
vt 0.886038 0.241316
vt 0.886162 0.241316
vt 0.895977 0.101521
vt 0.895916 0.099453
vt 0.896039 0.099453
vt 0.895916 0.113343
vt 0.895977 0.111275
vt 0.896039 0.113343
vt 0.886038 0.278850
vt 0.886100 0.276782
vt 0.886162 0.278850
vt 0.886100 0.290672
vt 0.886038 0.288604
vt 0.886162 0.288604
vt 0.886038 0.314316
vt 0.886100 0.312248
vt 0.886162 0.314316
vt 0.886100 0.326138
vt 0.886038 0.324070
vt 0.886162 0.324070
vt 0.865570 0.805709
vt 0.866014 0.805709
vt 0.865792 0.807481
vt 0.865570 0.817235
vt 0.866013 0.817235
vt 0.865791 0.819008
vt 0.539096 0.841048
vt 0.539490 0.841048
vt 0.539293 0.843904
vt 0.549441 0.843904
vt 0.549244 0.841048
vt 0.549638 0.841048
vt 0.559392 0.841048
vt 0.559786 0.841048
vt 0.559589 0.843904
vt 0.569737 0.843904
vt 0.569540 0.841048
vt 0.569934 0.841048
vt 0.704097 0.648811
vt 0.704018 0.648811
vt 0.704057 0.642903
vt 0.704018 0.658565
vt 0.704097 0.658565
vt 0.704057 0.664474
vt 0.865625 0.161290
vt 0.865570 0.158262
vt 0.865679 0.158262
vt 0.855683 0.401122
vt 0.855737 0.404150
vt 0.855629 0.404150
vt 0.865625 0.174072
vt 0.865570 0.171044
vt 0.865679 0.171044
vt 0.855683 0.413904
vt 0.855737 0.416932
vt 0.855629 0.416932
vt 0.306060 0.091840
vt 0.803663 0.561730
vt 0.803663 0.558283
vt 0.804303 0.558283
vt 0.804303 0.561730
vt 0.268645 0.236007
vt 0.265199 0.236007
vt 0.278399 0.197602
vt 0.281846 0.197602
vt 0.401439 0.197602
vt 0.405772 0.197602
vt 0.405772 0.207794
vt 0.401439 0.207794
vt 0.401439 0.217548
vt 0.405772 0.217548
vt 0.405772 0.227740
vt 0.401439 0.227740
vt 0.608729 0.914024
vt 0.608975 0.914024
vt 0.608852 0.915304
vt 0.618729 0.914024
vt 0.618975 0.914024
vt 0.618852 0.915304
vt 0.773628 0.499189
vt 0.773584 0.494117
vt 0.773673 0.494117
vt 0.773628 0.514014
vt 0.773584 0.508943
vt 0.773673 0.508943
vt 0.773673 0.528839
vt 0.773584 0.528839
vt 0.773628 0.523768
vt 0.773673 0.543665
vt 0.773584 0.543665
vt 0.773628 0.538593
vt 0.773628 0.558490
vt 0.773584 0.553419
vt 0.773673 0.553419
vt 0.773628 0.573316
vt 0.773584 0.568244
vt 0.773673 0.568244
vt 0.773673 0.588141
vt 0.773584 0.588141
vt 0.773628 0.583070
vt 0.773673 0.602967
vt 0.773584 0.602967
vt 0.773628 0.597895
vt 0.773628 0.617792
vt 0.773584 0.612721
vt 0.773673 0.612721
vt 0.773628 0.632618
vt 0.773584 0.627546
vt 0.773673 0.627546
vt 0.484266 0.059989
vt 0.484153 0.059989
vt 0.484210 0.047482
vt 0.484283 0.101781
vt 0.484396 0.101781
vt 0.484340 0.114287
vt 0.731238 0.945408
vt 0.731336 0.945280
vt 0.731434 0.945378
vt 0.731336 0.945506
vt 0.465570 0.352193
vt 0.465472 0.352193
vt 0.465586 0.339687
vt 0.456928 0.150334
vt 0.457026 0.150334
vt 0.457010 0.162841
vt 0.457124 0.150334
vt 0.465668 0.352193
vt 0.825635 0.790114
vt 0.825613 0.786815
vt 0.825751 0.786815
vt 0.825636 0.777061
vt 0.825608 0.773762
vt 0.825751 0.773762
vt 0.835618 0.151758
vt 0.835505 0.151758
vt 0.835562 0.148459
vt 0.835505 0.161512
vt 0.835618 0.161512
vt 0.835562 0.164811
vt 0.185224 0.445710
vt 0.189951 0.445710
vt 0.189951 0.451816
vt 0.185224 0.451816
vt 0.199705 0.445710
vt 0.204432 0.445710
vt 0.204432 0.451816
vt 0.199705 0.451816
vt 0.199016 0.547903
vt 0.203053 0.547903
vt 0.203053 0.553319
vt 0.199016 0.553319
vt 0.302093 0.547893
vt 0.306130 0.547893
vt 0.306130 0.553309
vt 0.302093 0.553309
vt 0.145360 0.663783
vt 0.145495 0.669544
vt 0.145224 0.669544
vt 0.155385 0.663783
vt 0.155520 0.669544
vt 0.155249 0.669544
vt 0.165410 0.663783
vt 0.165545 0.669544
vt 0.165274 0.669544
vt 0.175434 0.663783
vt 0.175569 0.669544
vt 0.175299 0.669544
vt 0.185459 0.663783
vt 0.185594 0.669544
vt 0.185323 0.669544
vt 0.195484 0.663783
vt 0.195619 0.669544
vt 0.195348 0.669544
vt 0.662294 0.019801
vt 0.661703 0.024971
vt 0.661112 0.019801
vt 0.662294 0.034725
vt 0.661703 0.039895
vt 0.661112 0.034725
vt 0.214186 0.445710
vt 0.218913 0.445710
vt 0.218913 0.451816
vt 0.214186 0.451816
vt 0.449072 0.361996
vt 0.453799 0.361996
vt 0.453799 0.368102
vt 0.449072 0.368102
vt 0.212807 0.547903
vt 0.216845 0.547903
vt 0.216845 0.553319
vt 0.212807 0.553319
vt 0.554464 0.324074
vt 0.558501 0.324074
vt 0.558501 0.329490
vt 0.554464 0.329490
vt 0.205509 0.663783
vt 0.205644 0.669544
vt 0.205373 0.669544
vt 0.215533 0.663783
vt 0.215669 0.669544
vt 0.215398 0.669544
vt 0.225558 0.663783
vt 0.225694 0.669544
vt 0.225423 0.669544
vt 0.235583 0.663783
vt 0.235718 0.669544
vt 0.235448 0.669544
vt 0.245607 0.663783
vt 0.245743 0.669544
vt 0.245472 0.669544
vt 0.255633 0.663783
vt 0.255768 0.669544
vt 0.255497 0.669544
vt 0.661703 0.049649
vt 0.662294 0.054819
vt 0.661112 0.054819
vt 0.661703 0.064573
vt 0.662294 0.069743
vt 0.661112 0.069743
vt 0.449367 0.384306
vt 0.454094 0.384306
vt 0.454094 0.390411
vt 0.449367 0.390411
vt 0.449761 0.197602
vt 0.454488 0.197602
vt 0.454488 0.203708
vt 0.449761 0.203708
vt 0.555777 0.339687
vt 0.559814 0.339687
vt 0.559814 0.345103
vt 0.555777 0.345103
vt 0.557183 0.150334
vt 0.561220 0.150334
vt 0.561220 0.155750
vt 0.557183 0.155750
vt 0.265657 0.663783
vt 0.265793 0.669544
vt 0.265522 0.669544
vt 0.275683 0.663783
vt 0.275818 0.669544
vt 0.275547 0.669544
vt 0.285707 0.663783
vt 0.285842 0.669544
vt 0.285572 0.669544
vt 0.295731 0.663783
vt 0.295867 0.669544
vt 0.295596 0.669544
vt 0.305757 0.663783
vt 0.305892 0.669544
vt 0.305621 0.669544
vt 0.315781 0.663783
vt 0.315917 0.669544
vt 0.315646 0.669544
vt 0.661703 0.084667
vt 0.661112 0.079497
vt 0.662294 0.079497
vt 0.661703 0.099590
vt 0.661112 0.094421
vt 0.662294 0.094421
vt 0.449761 0.213462
vt 0.454488 0.213462
vt 0.454488 0.219567
vt 0.449761 0.219567
vt 0.449761 0.229321
vt 0.454488 0.229321
vt 0.454488 0.235426
vt 0.449761 0.235426
vt 0.557183 0.165504
vt 0.561220 0.165504
vt 0.561220 0.170920
vt 0.557183 0.170920
vt 0.557183 0.180674
vt 0.561220 0.180674
vt 0.561220 0.186091
vt 0.557183 0.186091
vt 0.325806 0.663783
vt 0.325942 0.669544
vt 0.325671 0.669544
vt 0.335831 0.663783
vt 0.335966 0.669544
vt 0.335696 0.669544
vt 0.345855 0.663783
vt 0.345991 0.669544
vt 0.345720 0.669544
vt 0.355880 0.663783
vt 0.356016 0.669544
vt 0.355745 0.669544
vt 0.365770 0.663783
vt 0.366041 0.663783
vt 0.365906 0.669544
vt 0.375795 0.663783
vt 0.376066 0.663783
vt 0.375930 0.669544
vt 0.661112 0.114514
vt 0.661703 0.109344
vt 0.662294 0.114514
vt 0.661112 0.129438
vt 0.661703 0.124268
vt 0.662294 0.129438
vt 0.187666 0.043676
vt 0.187666 0.004877
vt 0.221541 0.004877
vt 0.221541 0.043676
vt 0.232177 0.101781
vt 0.232177 0.140580
vt 0.198301 0.140580
vt 0.198301 0.101781
vt 0.387500 0.210158
vt 0.387500 0.197602
vt 0.391685 0.197602
vt 0.391685 0.210158
vt 0.377746 0.242221
vt 0.377746 0.254777
vt 0.373561 0.254777
vt 0.373561 0.242221
vt 0.717787 0.760712
vt 0.717698 0.760712
vt 0.717743 0.755641
vt 0.727629 0.760712
vt 0.727541 0.760712
vt 0.727585 0.755641
vt 0.639001 0.760712
vt 0.638957 0.755641
vt 0.639046 0.755641
vt 0.648844 0.760712
vt 0.648800 0.755641
vt 0.648889 0.755641
vt 0.737427 0.760712
vt 0.737383 0.755641
vt 0.737472 0.755641
vt 0.747270 0.760712
vt 0.747226 0.755641
vt 0.747315 0.755641
vt 0.763830 0.009948
vt 0.763741 0.009948
vt 0.763785 0.004877
vt 0.763830 0.024774
vt 0.763741 0.024774
vt 0.763785 0.019702
vt 0.763830 0.039599
vt 0.763741 0.039599
vt 0.763785 0.034528
vt 0.763830 0.054425
vt 0.763741 0.054425
vt 0.763785 0.049353
vt 0.544710 0.209567
vt 0.544596 0.209567
vt 0.544653 0.197602
vt 0.544596 0.219321
vt 0.544710 0.219321
vt 0.544653 0.231286
vt 0.771101 0.945485
vt 0.771038 0.945336
vt 0.771173 0.945301
vt 0.771235 0.945450
vt 0.047718 0.496489
vt 0.047816 0.496489
vt 0.047702 0.508453
vt 0.514483 0.296442
vt 0.514385 0.296442
vt 0.514401 0.284477
vt 0.514286 0.296442
vt 0.047620 0.496489
vt 0.815720 0.031475
vt 0.815743 0.035020
vt 0.815605 0.035020
vt 0.815720 0.018176
vt 0.815748 0.021721
vt 0.815605 0.021721
vt 0.825668 0.340899
vt 0.825555 0.340899
vt 0.825611 0.337354
vt 0.825555 0.576738
vt 0.825668 0.576738
vt 0.825611 0.580283
vt 0.336815 0.036793
vt 0.336815 0.025911
vt 0.347598 0.025911
vt 0.347598 0.036793
vt 0.336815 0.057428
vt 0.336815 0.046547
vt 0.347598 0.046547
vt 0.347598 0.057428
vt 0.291600 0.369165
vt 0.291600 0.358973
vt 0.301694 0.358973
vt 0.301694 0.369165
vt 0.111043 0.370056
vt 0.111043 0.359864
vt 0.121136 0.359864
vt 0.121136 0.370056
vt 0.574337 0.361996
vt 0.574473 0.372435
vt 0.574202 0.372435
vt 0.574566 0.515751
vt 0.574701 0.526189
vt 0.574430 0.526189
vt 0.574566 0.535943
vt 0.574701 0.546381
vt 0.574430 0.546381
vt 0.574625 0.122417
vt 0.574761 0.132855
vt 0.574490 0.132855
vt 0.574633 0.384306
vt 0.574768 0.394744
vt 0.574498 0.394744
vt 0.241809 0.564633
vt 0.241944 0.575072
vt 0.241673 0.575072
vt 0.087123 0.435562
vt 0.087714 0.424238
vt 0.088305 0.435562
vt 0.099241 0.424238
vt 0.098650 0.435562
vt 0.098059 0.424238
vt 0.425920 0.286993
vt 0.429072 0.286993
vt 0.429072 0.295117
vt 0.425920 0.295117
vt 0.425920 0.304871
vt 0.429072 0.304871
vt 0.429072 0.312995
vt 0.425920 0.312995
vt 0.051476 0.633492
vt 0.051476 0.629307
vt 0.054676 0.629307
vt 0.054676 0.633492
vt 0.064430 0.633492
vt 0.064430 0.629307
vt 0.067630 0.629307
vt 0.067630 0.633492
vt 0.255497 0.679298
vt 0.257713 0.679298
vt 0.257713 0.682498
vt 0.255497 0.682498
vt 0.267467 0.679298
vt 0.269682 0.679298
vt 0.269682 0.682498
vt 0.267467 0.682498
vt 0.088665 0.652109
vt 0.088665 0.647924
vt 0.090880 0.647924
vt 0.090880 0.652109
vt 0.102850 0.647924
vt 0.102850 0.652109
vt 0.100634 0.652109
vt 0.100634 0.647924
vt 0.804025 0.102232
vt 0.804287 0.100681
vt 0.805703 0.100956
vt 0.805490 0.102233
vt 0.560712 0.800940
vt 0.561711 0.800117
vt 0.562658 0.801206
vt 0.561445 0.802209
vt 0.610321 0.868804
vt 0.610260 0.866736
vt 0.610383 0.866736
vt 0.620137 0.868804
vt 0.620198 0.866736
vt 0.620260 0.868804
vt 0.895916 0.125165
vt 0.895977 0.123097
vt 0.896039 0.125165
vt 0.895977 0.136987
vt 0.895916 0.134919
vt 0.896039 0.134919
vt 0.669583 0.868804
vt 0.669522 0.866736
vt 0.669645 0.866736
vt 0.679399 0.868804
vt 0.679461 0.866736
vt 0.679522 0.868804
vt 0.895977 0.148809
vt 0.895916 0.146741
vt 0.896039 0.146741
vt 0.895916 0.160631
vt 0.895977 0.158563
vt 0.896039 0.160631
vt 0.895977 0.172453
vt 0.895916 0.170385
vt 0.896039 0.170385
vt 0.895916 0.184274
vt 0.895977 0.182207
vt 0.896039 0.184274
vt 0.748600 0.868804
vt 0.748539 0.866736
vt 0.748662 0.866736
vt 0.758416 0.868804
vt 0.758478 0.866736
vt 0.758539 0.868804
vt 0.865570 0.482965
vt 0.866013 0.482965
vt 0.865791 0.484738
vt 0.865570 0.494492
vt 0.866013 0.494492
vt 0.865791 0.496264
vt 0.579688 0.841048
vt 0.580082 0.841048
vt 0.579885 0.843904
vt 0.590033 0.843904
vt 0.589836 0.841048
vt 0.590230 0.841048
vt 0.600181 0.841048
vt 0.600378 0.843904
vt 0.599984 0.843904
vt 0.610526 0.843904
vt 0.610132 0.843904
vt 0.610329 0.841048
vt 0.113116 0.716236
vt 0.113038 0.716236
vt 0.113077 0.710327
vt 0.704018 0.674228
vt 0.704097 0.674228
vt 0.704057 0.680136
vt 0.855683 0.583100
vt 0.855629 0.580072
vt 0.855737 0.580072
vt 0.855683 0.592854
vt 0.855737 0.595882
vt 0.855629 0.595882
vt 0.855737 0.608664
vt 0.855629 0.608664
vt 0.855683 0.605636
vt 0.855629 0.618418
vt 0.855737 0.618418
vt 0.855683 0.621446
vt 0.316454 0.091840
vt 0.316027 0.079039
vt 0.316667 0.079039
vt 0.803663 0.310918
vt 0.803663 0.307471
vt 0.804303 0.307471
vt 0.804303 0.310918
vt 0.255445 0.245761
vt 0.255445 0.258563
vt 0.251998 0.258563
vt 0.251998 0.245761
vt 0.265199 0.284166
vt 0.265199 0.271365
vt 0.268645 0.271365
vt 0.268645 0.284166
vt 0.401439 0.317279
vt 0.405772 0.317279
vt 0.405772 0.327471
vt 0.401439 0.327471
vt 0.402107 0.101781
vt 0.406440 0.101781
vt 0.406440 0.111973
vt 0.402107 0.111973
vt 0.328723 0.914024
vt 0.328970 0.914024
vt 0.328847 0.915304
vt 0.338724 0.914024
vt 0.338970 0.914024
vt 0.338847 0.915304
vt 0.290402 0.790363
vt 0.290313 0.790363
vt 0.290358 0.785292
vt 0.300244 0.790363
vt 0.300156 0.790363
vt 0.300200 0.785292
vt 0.310087 0.790363
vt 0.309998 0.790363
vt 0.310043 0.785292
vt 0.319930 0.790363
vt 0.319841 0.790363
vt 0.319885 0.785292
vt 0.329772 0.790363
vt 0.329684 0.790363
vt 0.329728 0.785292
vt 0.339615 0.790363
vt 0.339526 0.790363
vt 0.339570 0.785292
vt 0.349414 0.790363
vt 0.349369 0.785292
vt 0.349458 0.785292
vt 0.359256 0.790363
vt 0.359212 0.785292
vt 0.359300 0.785292
vt 0.369143 0.790363
vt 0.369054 0.790363
vt 0.369098 0.785292
vt 0.131693 0.487222
vt 0.131580 0.487222
vt 0.131637 0.474716
vt 0.438973 0.476454
vt 0.439086 0.476454
vt 0.439030 0.488960
vt 0.004939 0.945485
vt 0.004877 0.945336
vt 0.005011 0.945301
vt 0.005073 0.945449
vt 0.033937 0.458216
vt 0.033839 0.458216
vt 0.033953 0.445710
vt 0.466878 0.150334
vt 0.466976 0.150334
vt 0.466960 0.162841
vt 0.467074 0.150334
vt 0.034035 0.458216
vt 0.353213 0.831294
vt 0.353190 0.827995
vt 0.353328 0.827995
vt 0.343262 0.831294
vt 0.343235 0.827995
vt 0.343378 0.827995
vt 0.835618 0.269234
vt 0.835505 0.269234
vt 0.835562 0.265935
vt 0.835505 0.579205
vt 0.835618 0.579205
vt 0.835562 0.582504
vt 0.387500 0.232467
vt 0.387500 0.219912
vt 0.391685 0.219912
vt 0.391685 0.232467
vt 0.391685 0.242221
vt 0.391685 0.254777
vt 0.387500 0.254777
vt 0.387500 0.242221
vt 0.763830 0.069250
vt 0.763741 0.069250
vt 0.763785 0.064179
vt 0.763830 0.084076
vt 0.763741 0.084076
vt 0.763785 0.079004
vt 0.763830 0.098901
vt 0.763741 0.098901
vt 0.763785 0.093830
vt 0.763830 0.113727
vt 0.763741 0.113727
vt 0.763785 0.108655
vt 0.763785 0.128552
vt 0.763741 0.123481
vt 0.763830 0.123481
vt 0.763785 0.143378
vt 0.763741 0.138306
vt 0.763830 0.138306
vt 0.763830 0.158203
vt 0.763741 0.158203
vt 0.763785 0.153132
vt 0.763830 0.173028
vt 0.763741 0.173028
vt 0.763785 0.167957
vt 0.763830 0.187854
vt 0.763741 0.187854
vt 0.763785 0.182782
vt 0.763830 0.202679
vt 0.763741 0.202679
vt 0.763785 0.197608
vt 0.544710 0.296442
vt 0.544596 0.296442
vt 0.544653 0.284477
vt 0.544596 0.306196
vt 0.544710 0.306196
vt 0.544653 0.318160
vt 0.810901 0.945485
vt 0.810839 0.945336
vt 0.810973 0.945301
vt 0.811035 0.945450
vt 0.215173 0.504465
vt 0.215271 0.504465
vt 0.215157 0.516430
vt 0.517202 0.162299
vt 0.517104 0.162299
vt 0.517120 0.150334
vt 0.517006 0.162299
vt 0.215075 0.504465
vt 0.815720 0.084672
vt 0.815743 0.088217
vt 0.815605 0.088217
vt 0.815720 0.071372
vt 0.815748 0.074918
vt 0.815605 0.074918
vt 0.825668 0.367498
vt 0.825555 0.367498
vt 0.825612 0.363952
vt 0.336815 0.078064
vt 0.336815 0.067182
vt 0.347598 0.067182
vt 0.347598 0.078064
vt 0.251998 0.348431
vt 0.251998 0.337550
vt 0.262781 0.337550
vt 0.262781 0.348431
vt 0.150645 0.370253
vt 0.150645 0.360061
vt 0.160738 0.360061
vt 0.160738 0.370253
vt 0.231461 0.371917
vt 0.231461 0.361725
vt 0.241555 0.361725
vt 0.241555 0.371917
vt 0.574944 0.197602
vt 0.575079 0.208040
vt 0.574809 0.208040
vt 0.574944 0.217794
vt 0.575079 0.228233
vt 0.574809 0.228233
vt 0.574809 0.237987
vt 0.575079 0.237987
vt 0.574944 0.248425
vt 0.574809 0.258179
vt 0.575079 0.258179
vt 0.574944 0.268617
vt 0.574809 0.278371
vt 0.575079 0.278371
vt 0.574944 0.288810
vt 0.574809 0.298564
vt 0.575079 0.298564
vt 0.574944 0.309002
vt 0.439416 0.272162
vt 0.438826 0.260838
vt 0.440007 0.260838
vt 0.439416 0.281916
vt 0.440007 0.293241
vt 0.438826 0.293241
vt 0.426014 0.025222
vt 0.429165 0.025222
vt 0.429165 0.033346
vt 0.426014 0.033346
vt 0.426014 0.043100
vt 0.429165 0.043100
vt 0.429165 0.051224
vt 0.426014 0.051224
vt 0.077384 0.633492
vt 0.077384 0.629307
vt 0.080585 0.629307
vt 0.080585 0.633492
vt 0.090339 0.633492
vt 0.090339 0.629307
vt 0.093539 0.629307
vt 0.093539 0.633492
vt 0.279436 0.679298
vt 0.281652 0.679298
vt 0.281652 0.682498
vt 0.279436 0.682498
vt 0.291406 0.679298
vt 0.293622 0.679298
vt 0.293622 0.682498
vt 0.291406 0.682498
vt 0.351998 0.652109
vt 0.351998 0.647924
vt 0.354213 0.647924
vt 0.354213 0.652109
vt 0.366183 0.647924
vt 0.366183 0.652109
vt 0.363967 0.652109
vt 0.363967 0.647924
vt 0.805021 0.233862
vt 0.803808 0.232859
vt 0.804755 0.231770
vt 0.805754 0.232593
vt 0.803760 0.244535
vt 0.804759 0.243712
vt 0.805706 0.244801
vt 0.804493 0.245804
vt 0.788047 0.868804
vt 0.788108 0.866736
vt 0.788170 0.868804
vt 0.797985 0.868804
vt 0.797924 0.866736
vt 0.798047 0.866736
vt 0.895977 0.196096
vt 0.895916 0.194028
vt 0.896039 0.194028
vt 0.895916 0.207918
vt 0.895977 0.205850
vt 0.896039 0.207918
vt 0.807863 0.868804
vt 0.807801 0.866736
vt 0.807924 0.866736
vt 0.817678 0.868804
vt 0.817739 0.866736
vt 0.817801 0.868804
vt 0.895916 0.219740
vt 0.895977 0.217672
vt 0.896039 0.219740
vt 0.895977 0.231562
vt 0.895916 0.229494
vt 0.896039 0.229494
vt 0.895977 0.243384
vt 0.895916 0.241316
vt 0.896039 0.241316
vt 0.895916 0.255206
vt 0.895977 0.253138
vt 0.896039 0.255206
vt 0.827555 0.868804
vt 0.827617 0.866736
vt 0.827679 0.868804
vt 0.837494 0.868804
vt 0.837433 0.866736
vt 0.837556 0.866736
vt 0.865570 0.506018
vt 0.866013 0.506018
vt 0.865792 0.507791
vt 0.865570 0.517545
vt 0.866013 0.517545
vt 0.865792 0.519317
vt 0.620476 0.841048
vt 0.620673 0.843904
vt 0.620280 0.843904
vt 0.630821 0.843904
vt 0.630427 0.843904
vt 0.630624 0.841048
vt 0.640772 0.841048
vt 0.640969 0.843904
vt 0.640575 0.843904
vt 0.651117 0.843904
vt 0.650723 0.843904
vt 0.650920 0.841048
vt 0.704097 0.695799
vt 0.704018 0.695799
vt 0.704057 0.689890
vt 0.004877 0.710327
vt 0.004956 0.710327
vt 0.004917 0.716236
vt 0.855737 0.634228
vt 0.855629 0.634228
vt 0.855683 0.631200
vt 0.855629 0.643982
vt 0.855737 0.643982
vt 0.855683 0.647010
vt 0.855737 0.659792
vt 0.855629 0.659792
vt 0.855683 0.656764
vt 0.855629 0.669546
vt 0.855737 0.669546
vt 0.855683 0.672574
vt 0.316027 0.066237
vt 0.316667 0.066237
vt 0.803663 0.601331
vt 0.803663 0.597885
vt 0.804303 0.597885
vt 0.804303 0.601331
vt 0.803663 0.324118
vt 0.803663 0.320672
vt 0.804303 0.320672
vt 0.804303 0.324118
vt 0.255445 0.271365
vt 0.251998 0.271365
vt 0.265199 0.258563
vt 0.268645 0.258563
vt 0.401439 0.237494
vt 0.405772 0.237494
vt 0.405772 0.247687
vt 0.401439 0.247687
vt 0.401439 0.257441
vt 0.405772 0.257441
vt 0.405772 0.267633
vt 0.401439 0.267633
vt 0.348847 0.914024
vt 0.348970 0.915304
vt 0.348724 0.915304
vt 0.358847 0.914024
vt 0.358970 0.915304
vt 0.358724 0.915304
vt 0.388784 0.790363
vt 0.388739 0.785292
vt 0.388828 0.785292
vt 0.398627 0.790363
vt 0.398582 0.785292
vt 0.398671 0.785292
vt 0.408513 0.790363
vt 0.408425 0.790363
vt 0.408469 0.785292
vt 0.418356 0.790363
vt 0.418267 0.790363
vt 0.418312 0.785292
vt 0.428154 0.790363
vt 0.428110 0.785292
vt 0.428199 0.785292
vt 0.437997 0.790363
vt 0.437953 0.785292
vt 0.438041 0.785292
vt 0.447839 0.790363
vt 0.447795 0.785292
vt 0.447884 0.785292
vt 0.457682 0.790363
vt 0.457638 0.785292
vt 0.457727 0.785292
vt 0.467525 0.790363
vt 0.467481 0.785292
vt 0.467569 0.785292
vt 0.477367 0.790363
vt 0.477323 0.785292
vt 0.477412 0.785292
vt 0.241468 0.490363
vt 0.241411 0.477857
vt 0.241525 0.477857
vt 0.169515 0.477867
vt 0.169572 0.490373
vt 0.169458 0.490373
vt 0.034789 0.945485
vt 0.034727 0.945336
vt 0.034861 0.945301
vt 0.034924 0.945449
vt 0.473601 0.374503
vt 0.473503 0.374503
vt 0.473617 0.361996
vt 0.111043 0.461368
vt 0.111141 0.461368
vt 0.111125 0.473874
vt 0.111239 0.461368
vt 0.473699 0.374503
vt 0.373113 0.831294
vt 0.373090 0.827995
vt 0.373228 0.827995
vt 0.363163 0.831294
vt 0.363135 0.827995
vt 0.363278 0.827995
vt 0.835562 0.295340
vt 0.835505 0.292041
vt 0.835618 0.292041
vt 0.835562 0.605311
vt 0.835618 0.608610
vt 0.835505 0.608610
vt 0.373561 0.277086
vt 0.373561 0.264531
vt 0.377746 0.264531
vt 0.377746 0.277086
vt 0.391685 0.264531
vt 0.391685 0.277086
vt 0.387500 0.277086
vt 0.387500 0.264531
vt 0.763785 0.217505
vt 0.763741 0.212433
vt 0.763830 0.212433
vt 0.763785 0.232330
vt 0.763741 0.227259
vt 0.763830 0.227259
vt 0.763830 0.247156
vt 0.763741 0.247156
vt 0.763785 0.242084
vt 0.763830 0.261981
vt 0.763741 0.261981
vt 0.763785 0.256910
vt 0.763830 0.276807
vt 0.763741 0.276807
vt 0.763785 0.271735
vt 0.763830 0.291632
vt 0.763741 0.291632
vt 0.763785 0.286561
vt 0.658731 0.760712
vt 0.658643 0.760712
vt 0.658687 0.755641
vt 0.668574 0.760712
vt 0.668485 0.760712
vt 0.668529 0.755641
vt 0.763785 0.306458
vt 0.763741 0.301386
vt 0.763830 0.301386
vt 0.763785 0.321283
vt 0.763741 0.316212
vt 0.763830 0.316212
vt 0.544877 0.112663
vt 0.544820 0.100698
vt 0.544933 0.100698
vt 0.545966 0.339687
vt 0.546023 0.351652
vt 0.545909 0.351652
vt 0.830802 0.945485
vt 0.830740 0.945336
vt 0.830874 0.945301
vt 0.830936 0.945450
vt 0.514478 0.025222
vt 0.514576 0.025222
vt 0.514462 0.037187
vt 0.510128 0.084765
vt 0.510030 0.084765
vt 0.510046 0.072800
vt 0.509932 0.084765
vt 0.514380 0.025222
vt 0.815720 0.137868
vt 0.815743 0.141413
vt 0.815605 0.141413
vt 0.815720 0.124569
vt 0.815748 0.128114
vt 0.815605 0.128114
vt 0.825611 0.394096
vt 0.825555 0.390551
vt 0.825668 0.390551
vt 0.825611 0.629934
vt 0.825668 0.633479
vt 0.825555 0.633479
vt 0.312388 0.348431
vt 0.312388 0.337550
vt 0.323171 0.337550
vt 0.323171 0.348431
vt 0.291600 0.349219
vt 0.291600 0.338338
vt 0.302383 0.338338
vt 0.302383 0.349219
vt 0.333176 0.372189
vt 0.333176 0.361996
vt 0.343270 0.361996
vt 0.343270 0.372189
vt 0.353024 0.372189
vt 0.353024 0.361996
vt 0.363118 0.361996
vt 0.363118 0.372189
vt 0.575037 0.025222
vt 0.575173 0.035660
vt 0.574902 0.035660
vt 0.575037 0.045414
vt 0.575173 0.055853
vt 0.574902 0.055853
vt 0.575168 0.100698
vt 0.575303 0.111136
vt 0.575032 0.111136
vt 0.576532 0.494032
vt 0.576668 0.504470
vt 0.576397 0.504470
vt 0.576940 0.472313
vt 0.577211 0.472313
vt 0.577075 0.482751
vt 0.578074 0.557908
vt 0.578345 0.557908
vt 0.578210 0.568346
vt 0.111634 0.435754
vt 0.111043 0.424430
vt 0.112225 0.424430
vt 0.415723 0.424494
vt 0.416314 0.435818
vt 0.415132 0.435818
vt 0.426014 0.060978
vt 0.429165 0.060978
vt 0.429165 0.069103
vt 0.426014 0.069103
vt 0.426014 0.078857
vt 0.429165 0.078857
vt 0.429165 0.086981
vt 0.426014 0.086981
vt 0.103293 0.633492
vt 0.103293 0.629307
vt 0.106494 0.629307
vt 0.106494 0.633492
vt 0.116248 0.633492
vt 0.116248 0.629307
vt 0.119448 0.629307
vt 0.119448 0.633492
vt 0.303376 0.679298
vt 0.305591 0.679298
vt 0.305591 0.682498
vt 0.303376 0.682498
vt 0.315345 0.679298
vt 0.317561 0.679298
vt 0.317561 0.682498
vt 0.315345 0.682498
vt 0.112604 0.652109
vt 0.112604 0.647924
vt 0.114820 0.647924
vt 0.114820 0.652109
vt 0.126789 0.647924
vt 0.126789 0.652109
vt 0.124574 0.652109
vt 0.124574 0.647924
vt 0.804030 0.112714
vt 0.805581 0.112977
vt 0.805306 0.114392
vt 0.804029 0.114179
vt 0.805485 0.126121
vt 0.804208 0.126334
vt 0.803933 0.124918
vt 0.805484 0.124656
vt 0.847310 0.868804
vt 0.847371 0.866736
vt 0.847433 0.868804
vt 0.857248 0.868804
vt 0.857187 0.866736
vt 0.857310 0.866736
vt 0.895915 0.267028
vt 0.895977 0.264960
vt 0.896039 0.267028
vt 0.895977 0.278850
vt 0.895915 0.276782
vt 0.896039 0.276782
vt 0.876222 0.006945
vt 0.876161 0.004877
vt 0.876284 0.004877
vt 0.876161 0.018767
vt 0.876222 0.016699
vt 0.876284 0.018767
vt 0.895977 0.290672
vt 0.895916 0.288604
vt 0.896039 0.288604
vt 0.895916 0.302494
vt 0.895977 0.300426
vt 0.896039 0.302494
vt 0.895977 0.314316
vt 0.895916 0.312248
vt 0.896039 0.312248
vt 0.895916 0.326138
vt 0.895977 0.324070
vt 0.896039 0.326138
vt 0.876161 0.030589
vt 0.876222 0.028521
vt 0.876284 0.030589
vt 0.876222 0.042411
vt 0.876161 0.040343
vt 0.876284 0.040343
vt 0.865792 0.529071
vt 0.866014 0.530844
vt 0.865570 0.530844
vt 0.865791 0.540598
vt 0.866013 0.542370
vt 0.865570 0.542370
vt 0.660871 0.841048
vt 0.661265 0.841048
vt 0.661068 0.843904
vt 0.671216 0.843904
vt 0.671019 0.841048
vt 0.671413 0.841048
vt 0.681167 0.841048
vt 0.681561 0.841048
vt 0.681364 0.843904
vt 0.691512 0.843904
vt 0.691315 0.841048
vt 0.691709 0.841048
vt 0.014750 0.716236
vt 0.014710 0.710327
vt 0.014789 0.710327
vt 0.024582 0.710327
vt 0.024621 0.716236
vt 0.024543 0.716236
vt 0.855683 0.685356
vt 0.855629 0.682328
vt 0.855737 0.682328
vt 0.855683 0.695110
vt 0.855737 0.698138
vt 0.855629 0.698138
vt 0.855737 0.710921
vt 0.855629 0.710921
vt 0.855683 0.707892
vt 0.855629 0.720675
vt 0.855737 0.720675
vt 0.855683 0.723703
vt 0.316240 0.053435
vt 0.803663 0.614532
vt 0.803663 0.611085
vt 0.804303 0.611085
vt 0.804303 0.614532
vt 0.255445 0.284166
vt 0.251998 0.284166
vt 0.265199 0.245761
vt 0.268645 0.245761
vt 0.402107 0.121727
vt 0.406440 0.121727
vt 0.406440 0.131919
vt 0.402107 0.131919
vt 0.272535 0.397093
vt 0.276868 0.397093
vt 0.276868 0.407285
vt 0.272535 0.407285
vt 0.368724 0.914024
vt 0.368970 0.914024
vt 0.368847 0.915304
vt 0.378724 0.914024
vt 0.378971 0.914024
vt 0.378848 0.915304
vt 0.487254 0.790363
vt 0.487166 0.790363
vt 0.487210 0.785292
vt 0.497097 0.790363
vt 0.497008 0.790363
vt 0.497052 0.785292
vt 0.506896 0.790363
vt 0.506851 0.785292
vt 0.506940 0.785292
vt 0.516738 0.790363
vt 0.516694 0.785292
vt 0.516782 0.785292
vt 0.526581 0.790363
vt 0.526536 0.785292
vt 0.526625 0.785292
vt 0.536424 0.790363
vt 0.536379 0.785292
vt 0.536468 0.785292
vt 0.546266 0.790363
vt 0.546222 0.785292
vt 0.546310 0.785292
vt 0.556108 0.790363
vt 0.556064 0.785292
vt 0.556153 0.785292
vt 0.565995 0.790363
vt 0.565907 0.790363
vt 0.565951 0.785292
vt 0.372929 0.490634
vt 0.372872 0.478128
vt 0.372985 0.478128
vt 0.382878 0.478128
vt 0.382935 0.490634
vt 0.382822 0.490634
vt 0.084540 0.945485
vt 0.084478 0.945336
vt 0.084612 0.945301
vt 0.084674 0.945449
vt 0.231559 0.468103
vt 0.231461 0.468103
vt 0.231575 0.455597
vt 0.428038 0.448773
vt 0.428136 0.448773
vt 0.428120 0.461279
vt 0.428234 0.448773
vt 0.231657 0.468103
vt 0.014908 0.831294
vt 0.014885 0.827995
vt 0.015023 0.827995
vt 0.004958 0.831294
vt 0.004930 0.827995
vt 0.005073 0.827995
vt 0.835618 0.321446
vt 0.835505 0.321446
vt 0.835562 0.318147
vt 0.835505 0.631417
vt 0.835618 0.631417
vt 0.835562 0.634715
vt 0.065252 0.445316
vt 0.069979 0.445316
vt 0.069979 0.451422
vt 0.065252 0.451422
vt 0.079733 0.445316
vt 0.084460 0.445316
vt 0.084460 0.451422
vt 0.079733 0.451422
vt 0.391139 0.085060
vt 0.395176 0.085060
vt 0.395176 0.090477
vt 0.391139 0.090477
vt 0.430105 0.324517
vt 0.434143 0.324517
vt 0.434143 0.329933
vt 0.430105 0.329933
vt 0.385820 0.663783
vt 0.386090 0.663783
vt 0.385955 0.669544
vt 0.395844 0.663783
vt 0.396115 0.663783
vt 0.395980 0.669544
vt 0.406004 0.663783
vt 0.406140 0.669544
vt 0.405869 0.669544
vt 0.416030 0.663783
vt 0.416165 0.669544
vt 0.415894 0.669544
vt 0.426054 0.663783
vt 0.426190 0.669544
vt 0.425919 0.669544
vt 0.436080 0.663783
vt 0.436215 0.669544
vt 0.435944 0.669544
vt 0.661703 0.139192
vt 0.662294 0.144362
vt 0.661112 0.144362
vt 0.661703 0.154116
vt 0.662294 0.159286
vt 0.661112 0.159286
vt 0.094214 0.445316
vt 0.098940 0.445316
vt 0.098940 0.451422
vt 0.094214 0.451422
vt 0.111043 0.445508
vt 0.115770 0.445508
vt 0.115770 0.451614
vt 0.111043 0.451614
vt 0.442447 0.182053
vt 0.446485 0.182053
vt 0.446485 0.187469
vt 0.442447 0.187469
vt 0.443897 0.324517
vt 0.447934 0.324517
vt 0.447934 0.329933
vt 0.443897 0.329933
vt 0.445969 0.663783
vt 0.446239 0.663783
vt 0.446104 0.669544
vt 0.455993 0.663783
vt 0.456264 0.663783
vt 0.456128 0.669544
vt 0.466018 0.663783
vt 0.466289 0.663783
vt 0.466154 0.669544
vt 0.476043 0.663783
vt 0.476314 0.663783
vt 0.476178 0.669544
vt 0.486068 0.663783
vt 0.486339 0.663783
vt 0.486203 0.669544
vt 0.496093 0.663783
vt 0.496364 0.663783
vt 0.496229 0.669544
vt 0.661703 0.169040
vt 0.662294 0.174210
vt 0.661112 0.174210
vt 0.661703 0.183964
vt 0.662294 0.189134
vt 0.661112 0.189134
vt 0.411587 0.445572
vt 0.416314 0.445572
vt 0.416314 0.451678
vt 0.411587 0.451678
vt 0.004877 0.445710
vt 0.009604 0.445710
vt 0.009604 0.451816
vt 0.004877 0.451816
vt 0.461179 0.005276
vt 0.465217 0.005276
vt 0.465217 0.010692
vt 0.461179 0.010692
vt 0.474971 0.005276
vt 0.479008 0.005276
vt 0.479008 0.010692
vt 0.474971 0.010692
vt 0.506118 0.663783
vt 0.506388 0.663783
vt 0.506253 0.669544
vt 0.516142 0.663783
vt 0.516413 0.663783
vt 0.516277 0.669544
vt 0.526167 0.663783
vt 0.526438 0.663783
vt 0.526302 0.669544
vt 0.536192 0.663783
vt 0.536463 0.663783
vt 0.536327 0.669544
vt 0.546217 0.663783
vt 0.546488 0.663783
vt 0.546353 0.669544
vt 0.556242 0.663783
vt 0.556512 0.663783
vt 0.556377 0.669544
vt 0.661703 0.204058
vt 0.661112 0.198888
vt 0.662294 0.198888
vt 0.661703 0.218982
vt 0.661112 0.213812
vt 0.662294 0.213812
vt 0.019358 0.445710
vt 0.024085 0.445710
vt 0.024085 0.451816
vt 0.019358 0.451816
vt 0.150645 0.445705
vt 0.155371 0.445705
vt 0.155371 0.451810
vt 0.150645 0.451810
vt 0.488762 0.005276
vt 0.492800 0.005276
vt 0.492800 0.010692
vt 0.488762 0.010692
vt 0.502554 0.005276
vt 0.506591 0.005276
vt 0.506591 0.010692
vt 0.502554 0.010692
vt 0.566266 0.663783
vt 0.566537 0.663783
vt 0.566401 0.669544
vt 0.576291 0.663783
vt 0.576562 0.663783
vt 0.576427 0.669544
vt 0.586316 0.663783
vt 0.586587 0.663783
vt 0.586452 0.669544
vt 0.596341 0.663783
vt 0.596612 0.663783
vt 0.596476 0.669544
vt 0.606501 0.663783
vt 0.606637 0.669544
vt 0.606366 0.669544
vt 0.616526 0.663783
vt 0.616661 0.669544
vt 0.616391 0.669544
vt 0.661703 0.233906
vt 0.661112 0.228736
vt 0.662294 0.228736
vt 0.661703 0.248830
vt 0.661112 0.243660
vt 0.662294 0.243660
vt 0.198301 0.189133
vt 0.198301 0.150334
vt 0.232177 0.150334
vt 0.232177 0.189133
vt 0.144918 0.198887
vt 0.144918 0.237686
vt 0.111043 0.237686
vt 0.111043 0.198887
vt 0.387500 0.299396
vt 0.387500 0.286840
vt 0.391685 0.286840
vt 0.391685 0.299396
vt 0.377746 0.286840
vt 0.377746 0.299396
vt 0.373561 0.299396
vt 0.373561 0.286840
vt 0.585636 0.790363
vt 0.585592 0.785292
vt 0.585681 0.785292
vt 0.595479 0.790363
vt 0.595435 0.785292
vt 0.595523 0.785292
vt 0.250987 0.790363
vt 0.250943 0.785292
vt 0.251031 0.785292
vt 0.260830 0.790363
vt 0.260785 0.785292
vt 0.260874 0.785292
vt 0.605366 0.790363
vt 0.605277 0.790363
vt 0.605322 0.785292
vt 0.615209 0.790363
vt 0.615120 0.790363
vt 0.615165 0.785292
vt 0.625007 0.790363
vt 0.624963 0.785292
vt 0.625051 0.785292
vt 0.634850 0.790363
vt 0.634805 0.785292
vt 0.634894 0.785292
vt 0.644693 0.790363
vt 0.644648 0.785292
vt 0.644737 0.785292
vt 0.654535 0.790363
vt 0.654491 0.785292
vt 0.654579 0.785292
vt 0.547372 0.184018
vt 0.547315 0.172053
vt 0.547429 0.172053
vt 0.502930 0.536287
vt 0.502986 0.548252
vt 0.502873 0.548252
vt 0.432733 0.955389
vt 0.432831 0.955260
vt 0.432929 0.955358
vt 0.432831 0.955487
vt 0.231559 0.500117
vt 0.231657 0.500117
vt 0.231543 0.512082
vt 0.514576 0.058905
vt 0.514478 0.058905
vt 0.514494 0.046941
vt 0.514380 0.058905
vt 0.231461 0.500117
vt 0.815720 0.191064
vt 0.815743 0.194609
vt 0.815605 0.194609
vt 0.815720 0.177765
vt 0.815748 0.181310
vt 0.815605 0.181310
vt 0.815661 0.606881
vt 0.815605 0.603336
vt 0.815718 0.603336
vt 0.815661 0.616635
vt 0.815718 0.620180
vt 0.815605 0.620180
vt 0.111043 0.350110
vt 0.111043 0.339229
vt 0.121826 0.339229
vt 0.121826 0.350110
vt 0.150645 0.350307
vt 0.150645 0.339426
vt 0.161428 0.339426
vt 0.161428 0.350307
vt 0.047620 0.372228
vt 0.047620 0.362036
vt 0.057714 0.362036
vt 0.057714 0.372228
vt 0.067468 0.372228
vt 0.067468 0.362036
vt 0.077561 0.362036
vt 0.077561 0.372228
vt 0.578452 0.319298
vt 0.578723 0.319298
vt 0.578588 0.329736
vt 0.121205 0.568730
vt 0.121476 0.568730
vt 0.121340 0.579168
vt 0.579765 0.339687
vt 0.580036 0.339687
vt 0.579901 0.350125
vt 0.581171 0.150334
vt 0.581442 0.150334
vt 0.581306 0.160773
vt 0.581306 0.170527
vt 0.581442 0.180965
vt 0.581171 0.180965
vt 0.581843 0.005030
vt 0.581979 0.015468
vt 0.581708 0.015468
vt 0.004877 0.435956
vt 0.005468 0.424632
vt 0.006059 0.435956
vt 0.016994 0.424632
vt 0.016403 0.435956
vt 0.015813 0.424632
vt 0.231461 0.403981
vt 0.234612 0.403981
vt 0.234612 0.412105
vt 0.231461 0.412105
vt 0.171034 0.403991
vt 0.174185 0.403991
vt 0.174185 0.412115
vt 0.171034 0.412115
vt 0.129202 0.633492
vt 0.129202 0.629307
vt 0.132403 0.629307
vt 0.132403 0.633492
vt 0.142157 0.633492
vt 0.142157 0.629307
vt 0.145357 0.629307
vt 0.145357 0.633492
vt 0.327315 0.679298
vt 0.329531 0.679298
vt 0.329531 0.682498
vt 0.327315 0.682498
vt 0.339285 0.679298
vt 0.341501 0.679298
vt 0.341501 0.682498
vt 0.339285 0.682498
vt 0.136543 0.652109
vt 0.136543 0.647924
vt 0.138759 0.647924
vt 0.138759 0.652109
vt 0.150729 0.647924
vt 0.150729 0.652109
vt 0.148513 0.652109
vt 0.148513 0.647924
vt 0.805021 0.138328
vt 0.803808 0.137325
vt 0.804755 0.136236
vt 0.805754 0.137059
vt 0.803760 0.149001
vt 0.804759 0.148178
vt 0.805706 0.149267
vt 0.804493 0.150270
vt 0.876222 0.054233
vt 0.876161 0.052165
vt 0.876284 0.052165
vt 0.876161 0.066055
vt 0.876222 0.063987
vt 0.876284 0.066055
vt 0.895977 0.337960
vt 0.895915 0.335892
vt 0.896039 0.335892
vt 0.895915 0.349782
vt 0.895977 0.347714
vt 0.896039 0.349782
vt 0.895915 0.361604
vt 0.895977 0.359536
vt 0.896039 0.361604
vt 0.895977 0.373426
vt 0.895915 0.371358
vt 0.896039 0.371358
vt 0.876161 0.148809
vt 0.876222 0.146741
vt 0.876284 0.148809
vt 0.876222 0.160631
vt 0.876161 0.158563
vt 0.876284 0.158563
vt 0.895977 0.385248
vt 0.895915 0.383180
vt 0.896039 0.383180
vt 0.895915 0.397070
vt 0.895977 0.395002
vt 0.896039 0.397070
vt 0.876222 0.219740
vt 0.876161 0.217672
vt 0.876284 0.217672
vt 0.876161 0.231562
vt 0.876222 0.229494
vt 0.876284 0.231562
vt 0.865791 0.828762
vt 0.866013 0.830534
vt 0.865570 0.830534
vt 0.865791 0.840288
vt 0.866013 0.842061
vt 0.865570 0.842061
vt 0.701660 0.841048
vt 0.701857 0.843904
vt 0.701463 0.843904
vt 0.712005 0.843904
vt 0.711611 0.843904
vt 0.711808 0.841048
vt 0.721956 0.841048
vt 0.722153 0.843904
vt 0.721759 0.843904
vt 0.732301 0.843904
vt 0.731907 0.843904
vt 0.732104 0.841048
vt 0.034454 0.716236
vt 0.034375 0.716236
vt 0.034414 0.710327
vt 0.122870 0.710327
vt 0.122949 0.710327
vt 0.122910 0.716236
vt 0.855683 0.736485
vt 0.855629 0.733457
vt 0.855737 0.733457
vt 0.855683 0.746239
vt 0.855737 0.749267
vt 0.855629 0.749267
vt 0.855683 0.762049
vt 0.855629 0.759021
vt 0.855737 0.759021
vt 0.855683 0.771803
vt 0.855737 0.774831
vt 0.855629 0.774831
vt 0.326421 0.066237
vt 0.326634 0.053435
vt 0.327061 0.066237
vt 0.803663 0.720137
vt 0.803663 0.716690
vt 0.804303 0.716690
vt 0.804303 0.720137
vt 0.281846 0.245761
vt 0.281846 0.258563
vt 0.278399 0.258563
vt 0.278399 0.245761
vt 0.111043 0.285845
vt 0.111043 0.273044
vt 0.114489 0.273044
vt 0.114489 0.285845
vt 0.404519 0.150334
vt 0.408852 0.150334
vt 0.408852 0.160526
vt 0.404519 0.160526
vt 0.404519 0.170280
vt 0.408852 0.170280
vt 0.408852 0.180473
vt 0.404519 0.180473
vt 0.388725 0.914024
vt 0.388971 0.914024
vt 0.388848 0.915304
vt 0.398725 0.914024
vt 0.398971 0.914024
vt 0.398848 0.915304
vt 0.763785 0.336108
vt 0.763741 0.331037
vt 0.763830 0.331037
vt 0.763785 0.350934
vt 0.763741 0.345862
vt 0.763830 0.345862
vt 0.763785 0.365759
vt 0.763741 0.360688
vt 0.763830 0.360688
vt 0.763785 0.380585
vt 0.763741 0.375513
vt 0.763830 0.375513
vt 0.763830 0.395410
vt 0.763741 0.395410
vt 0.763785 0.390339
vt 0.763830 0.410236
vt 0.763741 0.410236
vt 0.763785 0.405164
vt 0.763830 0.425061
vt 0.763741 0.425061
vt 0.763785 0.419990
vt 0.763830 0.439887
vt 0.763741 0.439887
vt 0.763785 0.434815
vt 0.763830 0.454712
vt 0.763741 0.454712
vt 0.763785 0.449641
vt 0.763830 0.469538
vt 0.763741 0.469538
vt 0.763785 0.464466
vt 0.493285 0.419122
vt 0.493172 0.419122
vt 0.493228 0.406616
vt 0.493172 0.428876
vt 0.493285 0.428876
vt 0.493228 0.441382
vt 0.880553 0.945485
vt 0.880491 0.945336
vt 0.880625 0.945301
vt 0.880687 0.945450
vt 0.463502 0.419122
vt 0.463404 0.419122
vt 0.463518 0.406616
vt 0.169458 0.455607
vt 0.169556 0.455607
vt 0.169540 0.468113
vt 0.169654 0.455607
vt 0.463600 0.419122
vt 0.432814 0.831294
vt 0.432791 0.827995
vt 0.432929 0.827995
vt 0.422864 0.831294
vt 0.422836 0.827995
vt 0.422979 0.827995
vt 0.835562 0.360604
vt 0.835505 0.357305
vt 0.835618 0.357305
vt 0.835562 0.370358
vt 0.835618 0.373657
vt 0.835505 0.373657
vt 0.387500 0.321705
vt 0.387500 0.309150
vt 0.391685 0.309150
vt 0.391685 0.321705
vt 0.392353 0.101781
vt 0.392353 0.114337
vt 0.388168 0.114337
vt 0.388168 0.101781
vt 0.664422 0.790363
vt 0.664333 0.790363
vt 0.664377 0.785292
vt 0.674264 0.790363
vt 0.674176 0.790363
vt 0.674220 0.785292
vt 0.684062 0.790363
vt 0.684018 0.785292
vt 0.684107 0.785292
vt 0.693905 0.790363
vt 0.693861 0.785292
vt 0.693950 0.785292
vt 0.703748 0.790363
vt 0.703704 0.785292
vt 0.703792 0.785292
vt 0.713591 0.790363
vt 0.713546 0.785292
vt 0.713635 0.785292
vt 0.723477 0.790363
vt 0.723389 0.790363
vt 0.723433 0.785292
vt 0.733320 0.790363
vt 0.733231 0.790363
vt 0.733276 0.785292
vt 0.743163 0.790363
vt 0.743074 0.790363
vt 0.743118 0.785292
vt 0.753005 0.790363
vt 0.752916 0.790363
vt 0.752961 0.785292
vt 0.512797 0.548252
vt 0.512740 0.536287
vt 0.512854 0.536287
vt 0.522664 0.536287
vt 0.522721 0.548252
vt 0.522608 0.548252
vt 0.482484 0.955389
vt 0.482582 0.955260
vt 0.482680 0.955358
vt 0.482582 0.955487
vt 0.519980 0.072800
vt 0.520078 0.072800
vt 0.519964 0.084765
vt 0.034035 0.522831
vt 0.033937 0.522831
vt 0.033953 0.510866
vt 0.033839 0.522831
vt 0.519882 0.072800
vt 0.815720 0.244261
vt 0.815743 0.247806
vt 0.815605 0.247806
vt 0.815720 0.230962
vt 0.815748 0.234507
vt 0.815605 0.234507
vt 0.815718 0.660077
vt 0.815605 0.660077
vt 0.815661 0.656532
vt 0.815605 0.669831
vt 0.815718 0.669831
vt 0.815661 0.673376
vt 0.231461 0.351971
vt 0.231461 0.341090
vt 0.242244 0.341090
vt 0.242244 0.351971
vt 0.080230 0.352282
vt 0.080230 0.341400
vt 0.091013 0.341400
vt 0.091013 0.352282
vt 0.087315 0.372228
vt 0.087315 0.362036
vt 0.097409 0.362036
vt 0.097409 0.372228
vt 0.004877 0.372622
vt 0.004877 0.362430
vt 0.014971 0.362430
vt 0.014971 0.372622
vt 0.554085 0.573078
vt 0.554356 0.573078
vt 0.554220 0.583516
vt 0.502873 0.573176
vt 0.503144 0.573176
vt 0.503008 0.583615
vt 0.512898 0.573176
vt 0.513169 0.573176
vt 0.513034 0.583615
vt 0.522923 0.573176
vt 0.523194 0.573176
vt 0.523059 0.583615
vt 0.583672 0.421786
vt 0.583807 0.432224
vt 0.583536 0.432224
vt 0.272671 0.573801
vt 0.272806 0.584240
vt 0.272535 0.584240
vt 0.438826 0.314320
vt 0.439416 0.302995
vt 0.440007 0.314320
vt 0.440101 0.025222
vt 0.439510 0.036547
vt 0.438919 0.025222
vt 0.333176 0.404252
vt 0.336328 0.404252
vt 0.336328 0.412376
vt 0.333176 0.412376
vt 0.372872 0.404252
vt 0.376023 0.404252
vt 0.376023 0.412376
vt 0.372872 0.412376
vt 0.155111 0.633492
vt 0.155111 0.629307
vt 0.158311 0.629307
vt 0.158311 0.633492
vt 0.168065 0.633492
vt 0.168065 0.629307
vt 0.171266 0.629307
vt 0.171266 0.633492
vt 0.351255 0.679298
vt 0.353470 0.679298
vt 0.353470 0.682498
vt 0.351255 0.682498
vt 0.363224 0.679298
vt 0.365440 0.679298
vt 0.365440 0.682498
vt 0.363224 0.682498
vt 0.375937 0.652109
vt 0.375937 0.647924
vt 0.378153 0.647924
vt 0.378153 0.652109
vt 0.390122 0.647924
vt 0.390122 0.652109
vt 0.387907 0.652109
vt 0.387907 0.647924
vt 0.805021 0.078619
vt 0.803808 0.077616
vt 0.804755 0.076527
vt 0.805754 0.077350
vt 0.803760 0.160943
vt 0.804759 0.160120
vt 0.805706 0.161208
vt 0.804493 0.162211
vt 0.876222 0.267028
vt 0.876161 0.264960
vt 0.876284 0.264960
vt 0.876161 0.278850
vt 0.876222 0.276782
vt 0.876284 0.278850
vt 0.895977 0.408892
vt 0.895915 0.406824
vt 0.896039 0.406824
vt 0.895915 0.420714
vt 0.895977 0.418646
vt 0.896039 0.420714
vt 0.895915 0.432536
vt 0.895977 0.430468
vt 0.896039 0.432536
vt 0.895977 0.444358
vt 0.895915 0.442290
vt 0.896039 0.442290
vt 0.876161 0.290672
vt 0.876222 0.288604
vt 0.876284 0.290672
vt 0.876222 0.302494
vt 0.876161 0.300426
vt 0.876284 0.300426
vt 0.895977 0.456180
vt 0.895915 0.454112
vt 0.896039 0.454112
vt 0.895915 0.468002
vt 0.895977 0.465934
vt 0.896039 0.468002
vt 0.876222 0.314316
vt 0.876161 0.312248
vt 0.876284 0.312248
vt 0.876161 0.326138
vt 0.876222 0.324070
vt 0.876284 0.326138
vt 0.865570 0.851815
vt 0.866013 0.851815
vt 0.865791 0.853588
vt 0.004877 0.866736
vt 0.005320 0.866736
vt 0.005099 0.868508
vt 0.742252 0.841048
vt 0.742448 0.843904
vt 0.742055 0.843904
vt 0.752596 0.843904
vt 0.752203 0.843904
vt 0.752400 0.841048
vt 0.762350 0.841048
vt 0.762744 0.841048
vt 0.762547 0.843904
vt 0.772695 0.843904
vt 0.772498 0.841048
vt 0.772892 0.841048
vt 0.044248 0.716236
vt 0.044208 0.710327
vt 0.044287 0.710327
vt 0.054080 0.710327
vt 0.054120 0.716236
vt 0.054041 0.716236
vt 0.855737 0.787613
vt 0.855629 0.787613
vt 0.855683 0.784585
vt 0.855629 0.797367
vt 0.855737 0.797367
vt 0.855683 0.800395
vt 0.855683 0.813177
vt 0.855629 0.810149
vt 0.855737 0.810149
vt 0.855683 0.822931
vt 0.855737 0.825959
vt 0.855629 0.825959
vt 0.326421 0.030879
vt 0.326634 0.018078
vt 0.327061 0.030879
vt 0.326421 0.079039
vt 0.326634 0.066237
vt 0.327061 0.079039
vt 0.803663 0.733338
vt 0.803663 0.729891
vt 0.804303 0.729891
vt 0.804303 0.733338
vt 0.803663 0.746538
vt 0.803663 0.743092
vt 0.804303 0.743092
vt 0.804303 0.746538
vt 0.281846 0.271365
vt 0.278399 0.271365
vt 0.111043 0.260242
vt 0.114489 0.260242
vt 0.401439 0.277387
vt 0.405772 0.277387
vt 0.405772 0.287579
vt 0.401439 0.287579
vt 0.401439 0.297333
vt 0.405772 0.297333
vt 0.405772 0.307525
vt 0.401439 0.307525
vt 0.408848 0.914024
vt 0.408971 0.915304
vt 0.408725 0.915304
vt 0.418848 0.914024
vt 0.418971 0.915304
vt 0.418725 0.915304
vt 0.763785 0.484363
vt 0.763741 0.479292
vt 0.763830 0.479292
vt 0.763785 0.499189
vt 0.763741 0.494117
vt 0.763830 0.494117
vt 0.763785 0.514014
vt 0.763741 0.508943
vt 0.763830 0.508943
vt 0.763785 0.528839
vt 0.763741 0.523768
vt 0.763830 0.523768
vt 0.763785 0.543665
vt 0.763741 0.538593
vt 0.763830 0.538593
vt 0.763785 0.558490
vt 0.763741 0.553419
vt 0.763830 0.553419
vt 0.763830 0.573316
vt 0.763741 0.573316
vt 0.763785 0.568244
vt 0.763830 0.588141
vt 0.763741 0.588141
vt 0.763785 0.583070
vt 0.763830 0.602967
vt 0.763741 0.602967
vt 0.763785 0.597895
vt 0.357377 0.493589
vt 0.357263 0.493589
vt 0.357320 0.481082
vt 0.493616 0.384306
vt 0.493729 0.384306
vt 0.493672 0.396812
vt 0.910403 0.945485
vt 0.910341 0.945336
vt 0.910475 0.945301
vt 0.910537 0.945450
vt 0.473896 0.396812
vt 0.473798 0.396812
vt 0.473912 0.384306
vt 0.004877 0.461570
vt 0.004975 0.461570
vt 0.004959 0.474076
vt 0.005073 0.461570
vt 0.473994 0.396812
vt 0.452715 0.831294
vt 0.452692 0.827995
vt 0.452830 0.827995
vt 0.442764 0.831294
vt 0.442736 0.827995
vt 0.442879 0.827995
vt 0.835618 0.412816
vt 0.835505 0.412816
vt 0.835562 0.409517
vt 0.835505 0.422570
vt 0.835618 0.422570
vt 0.835562 0.425869
vt 0.373561 0.321705
vt 0.373561 0.309150
vt 0.377746 0.309150
vt 0.377746 0.321705
vt 0.392353 0.124091
vt 0.392353 0.136646
vt 0.388168 0.136646
vt 0.388168 0.124091
vt 0.762848 0.790363
vt 0.762759 0.790363
vt 0.762803 0.785292
vt 0.772690 0.790363
vt 0.772602 0.790363
vt 0.772646 0.785292
vt 0.782533 0.790363
vt 0.782444 0.790363
vt 0.782488 0.785292
vt 0.793358 0.009948
vt 0.793269 0.009948
vt 0.793314 0.004877
vt 0.793314 0.024774
vt 0.793269 0.019702
vt 0.793358 0.019702
vt 0.793314 0.039599
vt 0.793269 0.034528
vt 0.793358 0.034528
vt 0.270717 0.790363
vt 0.270628 0.790363
vt 0.270673 0.785292
vt 0.280559 0.790363
vt 0.280471 0.790363
vt 0.280515 0.785292
vt 0.793358 0.054425
vt 0.793269 0.054425
vt 0.793314 0.049353
vt 0.793358 0.069250
vt 0.793269 0.069250
vt 0.793314 0.064179
vt 0.534407 0.549434
vt 0.534351 0.537469
vt 0.534464 0.537469
vt 0.544275 0.537469
vt 0.544331 0.549434
vt 0.544218 0.549434
vt 0.552135 0.955389
vt 0.552233 0.955260
vt 0.552331 0.955358
vt 0.552233 0.955487
vt 0.357361 0.503343
vt 0.357460 0.503343
vt 0.357345 0.515307
vt 0.169654 0.512092
vt 0.169556 0.512092
vt 0.169572 0.500127
vt 0.169458 0.512092
vt 0.357263 0.503343
vt 0.815720 0.297457
vt 0.815743 0.301002
vt 0.815605 0.301002
vt 0.815720 0.284158
vt 0.815748 0.287703
vt 0.815605 0.287703
vt 0.815718 0.713274
vt 0.815605 0.713274
vt 0.815662 0.709729
vt 0.185224 0.352676
vt 0.185224 0.341794
vt 0.196007 0.341794
vt 0.196007 0.352676
vt 0.205761 0.352676
vt 0.205761 0.341794
vt 0.216544 0.341794
vt 0.216544 0.352676
vt 0.024725 0.372622
vt 0.024725 0.362430
vt 0.034818 0.362430
vt 0.034818 0.372622
vt 0.185224 0.372622
vt 0.185224 0.362430
vt 0.195318 0.362430
vt 0.195318 0.372622
vt 0.584078 0.450053
vt 0.584349 0.450053
vt 0.584213 0.460491
vt 0.584156 0.072800
vt 0.584427 0.072800
vt 0.584291 0.083239
vt 0.584363 0.361996
vt 0.584498 0.372435
vt 0.584227 0.372435
vt 0.453589 0.574161
vt 0.453725 0.584599
vt 0.453454 0.584599
vt 0.463615 0.574161
vt 0.463750 0.584599
vt 0.463479 0.584599
vt 0.473639 0.574161
vt 0.473774 0.584599
vt 0.473504 0.584599
vt 0.026748 0.435956
vt 0.027339 0.424632
vt 0.027930 0.435956
vt 0.151826 0.424626
vt 0.151235 0.435951
vt 0.150645 0.424626
vt 0.385777 0.404252
vt 0.388928 0.404252
vt 0.388928 0.412376
vt 0.385777 0.412376
vt 0.398682 0.404252
vt 0.401833 0.404252
vt 0.401833 0.412376
vt 0.398682 0.412376
vt 0.181020 0.633492
vt 0.181020 0.629307
vt 0.184220 0.629307
vt 0.184220 0.633492
vt 0.193974 0.633492
vt 0.193974 0.629307
vt 0.197175 0.629307
vt 0.197175 0.633492
vt 0.375194 0.679298
vt 0.377410 0.679298
vt 0.377410 0.682498
vt 0.375194 0.682498
vt 0.388641 0.679298
vt 0.389379 0.682498
vt 0.387164 0.682498
vt 0.160483 0.652109
vt 0.161222 0.647924
vt 0.162699 0.652109
vt 0.174668 0.647924
vt 0.174668 0.652109
vt 0.172453 0.652109
vt 0.172453 0.647924
vt 0.572918 0.801938
vt 0.573181 0.800387
vt 0.574596 0.800662
vt 0.574383 0.801939
vt 0.620685 0.801939
vt 0.620472 0.800662
vt 0.621887 0.800387
vt 0.622150 0.801938
vt 0.876161 0.337960
vt 0.876222 0.335892
vt 0.876284 0.337960
vt 0.876222 0.349782
vt 0.876161 0.347714
vt 0.876284 0.347714
vt 0.895915 0.479824
vt 0.895977 0.477756
vt 0.896039 0.479824
vt 0.895977 0.491646
vt 0.895915 0.489578
vt 0.896039 0.489578
vt 0.895916 0.503468
vt 0.895977 0.501400
vt 0.896039 0.503468
vt 0.895977 0.515290
vt 0.895916 0.513222
vt 0.896039 0.513222
vt 0.876222 0.361604
vt 0.876161 0.359536
vt 0.876284 0.359536
vt 0.876161 0.373426
vt 0.876222 0.371358
vt 0.876284 0.373426
vt 0.895916 0.527112
vt 0.895977 0.525044
vt 0.896039 0.527112
vt 0.895977 0.538934
vt 0.895916 0.536866
vt 0.896039 0.536866
vt 0.876222 0.385248
vt 0.876161 0.383180
vt 0.876284 0.383180
vt 0.876161 0.397070
vt 0.876222 0.395002
vt 0.876284 0.397070
vt 0.015074 0.866736
vt 0.015517 0.866736
vt 0.015295 0.868508
vt 0.025271 0.866736
vt 0.025714 0.866736
vt 0.025493 0.868508
vt 0.782646 0.841048
vt 0.783040 0.841048
vt 0.782843 0.843904
vt 0.792991 0.843904
vt 0.792794 0.841048
vt 0.793188 0.841048
vt 0.802942 0.841048
vt 0.803336 0.841048
vt 0.803139 0.843904
vt 0.813287 0.843904
vt 0.813090 0.841048
vt 0.813484 0.841048
vt 0.063913 0.716236
vt 0.063874 0.710327
vt 0.063952 0.710327
vt 0.073745 0.710327
vt 0.073785 0.716236
vt 0.073706 0.716236
vt 0.855683 0.838741
vt 0.855629 0.835713
vt 0.855737 0.835713
vt 0.855683 0.848495
vt 0.855737 0.851523
vt 0.855629 0.851523
vt 0.865625 0.007905
vt 0.865570 0.004877
vt 0.865679 0.004877
vt 0.865625 0.017659
vt 0.865679 0.020687
vt 0.865570 0.020687
vt 0.326421 0.018078
vt 0.326634 0.005276
vt 0.327061 0.018078
vt 0.803663 0.759739
vt 0.803663 0.756292
vt 0.804303 0.756292
vt 0.804303 0.759739
vt 0.281846 0.284166
vt 0.278399 0.284166
vt 0.111043 0.247440
vt 0.114489 0.247440
vt 0.131580 0.398772
vt 0.135913 0.398772
vt 0.135913 0.408964
vt 0.131580 0.408964
vt 0.405226 0.005276
vt 0.409558 0.005276
vt 0.409558 0.015468
vt 0.405226 0.015468
vt 0.428848 0.914024
vt 0.428971 0.915304
vt 0.428725 0.915304
vt 0.438848 0.914024
vt 0.438972 0.915304
vt 0.438725 0.915304
vt 0.763785 0.632618
vt 0.763741 0.627546
vt 0.763830 0.627546
vt 0.763785 0.647443
vt 0.763741 0.642372
vt 0.763830 0.642372
vt 0.763785 0.662269
vt 0.763741 0.657197
vt 0.763830 0.657197
vt 0.763785 0.677094
vt 0.763741 0.672023
vt 0.763830 0.672023
vt 0.763830 0.691919
vt 0.763741 0.691919
vt 0.763785 0.686848
vt 0.763830 0.706745
vt 0.763741 0.706745
vt 0.763785 0.701673
vt 0.763830 0.721570
vt 0.763741 0.721570
vt 0.763785 0.716499
vt 0.763830 0.736396
vt 0.763741 0.736396
vt 0.763785 0.731324
vt 0.763830 0.751221
vt 0.763741 0.751221
vt 0.763785 0.746150
vt 0.004966 0.775538
vt 0.004877 0.775538
vt 0.004922 0.770466
vt 0.494040 0.254629
vt 0.493927 0.254629
vt 0.493984 0.242123
vt 0.493927 0.264383
vt 0.494040 0.264383
vt 0.493984 0.276889
vt 0.946117 0.005083
vt 0.946055 0.004934
vt 0.946189 0.004898
vt 0.946251 0.005047
vt 0.343225 0.468374
vt 0.343127 0.468374
vt 0.343241 0.455868
vt 0.453454 0.451136
vt 0.453552 0.451136
vt 0.453536 0.463642
vt 0.453650 0.451136
vt 0.343323 0.468374
vt 0.054709 0.831294
vt 0.054686 0.827995
vt 0.054824 0.827995
vt 0.044759 0.831294
vt 0.044731 0.827995
vt 0.044874 0.827995
vt 0.835618 0.465028
vt 0.835505 0.465028
vt 0.835562 0.461729
vt 0.357352 0.085060
vt 0.362079 0.085060
vt 0.362079 0.091166
vt 0.357352 0.091166
vt 0.432218 0.005276
vt 0.436944 0.005276
vt 0.436944 0.011381
vt 0.432218 0.011381
vt 0.557720 0.005276
vt 0.561757 0.005276
vt 0.561757 0.010692
vt 0.557720 0.010692
vt 0.554085 0.557908
vt 0.558123 0.557908
vt 0.558123 0.563324
vt 0.554085 0.563324
vt 0.626415 0.663783
vt 0.626686 0.663783
vt 0.626550 0.669544
vt 0.636440 0.663783
vt 0.636711 0.663783
vt 0.636575 0.669544
vt 0.646465 0.663783
vt 0.646736 0.663783
vt 0.646600 0.669544
vt 0.656490 0.663783
vt 0.656761 0.663783
vt 0.656626 0.669544
vt 0.672184 0.004877
vt 0.672319 0.010638
vt 0.672048 0.010638
vt 0.672184 0.020392
vt 0.672319 0.026153
vt 0.672048 0.026153
vt 0.662294 0.258584
vt 0.661703 0.263754
vt 0.661112 0.258584
vt 0.662294 0.273508
vt 0.661703 0.278678
vt 0.661112 0.273508
vt 0.272535 0.434917
vt 0.277262 0.434917
vt 0.277262 0.441022
vt 0.272535 0.441022
vt 0.047620 0.436109
vt 0.052347 0.436109
vt 0.052347 0.442214
vt 0.047620 0.442214
vt 0.502873 0.558006
vt 0.506911 0.558006
vt 0.506911 0.563422
vt 0.502873 0.563422
vt 0.516665 0.558006
vt 0.520702 0.558006
vt 0.520702 0.563422
vt 0.516665 0.563422
vt 0.672184 0.035907
vt 0.672319 0.041667
vt 0.672048 0.041667
vt 0.672184 0.051421
vt 0.672319 0.057182
vt 0.672048 0.057182
vt 0.672048 0.066936
vt 0.672319 0.066936
vt 0.672184 0.072697
vt 0.672048 0.082451
vt 0.672319 0.082451
vt 0.672184 0.088212
vt 0.672048 0.097966
vt 0.672319 0.097966
vt 0.672184 0.103726
vt 0.672048 0.113480
vt 0.672319 0.113480
vt 0.672184 0.119241
vt 0.662294 0.288432
vt 0.661703 0.293601
vt 0.661112 0.288432
vt 0.662294 0.303355
vt 0.661703 0.308525
vt 0.661112 0.303355
vt 0.131580 0.436596
vt 0.136307 0.436596
vt 0.136307 0.442702
vt 0.131580 0.442702
vt 0.438973 0.406616
vt 0.443700 0.406616
vt 0.443700 0.412721
vt 0.438973 0.412721
vt 0.272535 0.558631
vt 0.276573 0.558631
vt 0.276573 0.564047
vt 0.272535 0.564047
vt 0.560340 0.072800
vt 0.564377 0.072800
vt 0.564377 0.078216
vt 0.560340 0.078216
vt 0.672184 0.128995
vt 0.672319 0.134756
vt 0.672048 0.134756
vt 0.672184 0.144510
vt 0.672319 0.150271
vt 0.672048 0.150271
vt 0.672184 0.160025
vt 0.672319 0.165785
vt 0.672048 0.165785
vt 0.672184 0.175539
vt 0.672319 0.181300
vt 0.672048 0.181300
vt 0.672048 0.191054
vt 0.672319 0.191054
vt 0.672184 0.196815
vt 0.672048 0.206569
vt 0.672319 0.206569
vt 0.672184 0.212330
vt 0.661703 0.323449
vt 0.661112 0.318279
vt 0.662294 0.318279
vt 0.661703 0.338373
vt 0.661112 0.333203
vt 0.662294 0.333203
vt 0.438973 0.422475
vt 0.443700 0.422475
vt 0.443700 0.428580
vt 0.438973 0.428580
vt 0.438973 0.438334
vt 0.443700 0.438334
vt 0.443700 0.444440
vt 0.438973 0.444440
vt 0.453454 0.558991
vt 0.457491 0.558991
vt 0.457491 0.564407
vt 0.453454 0.564407
vt 0.467245 0.558991
vt 0.471283 0.558991
vt 0.471283 0.564407
vt 0.467245 0.564407
vt 0.672184 0.222084
vt 0.672319 0.227845
vt 0.672048 0.227845
vt 0.672184 0.237599
vt 0.672319 0.243359
vt 0.672048 0.243359
vt 0.672048 0.253113
vt 0.672319 0.253113
vt 0.672184 0.258874
vt 0.672048 0.268628
vt 0.672319 0.268628
vt 0.672184 0.274389
vt 0.672048 0.284143
vt 0.672319 0.284143
vt 0.672184 0.289904
vt 0.672048 0.299658
vt 0.672319 0.299658
vt 0.672184 0.305418
vt 0.661703 0.353297
vt 0.661112 0.348127
vt 0.662294 0.348127
vt 0.661703 0.368221
vt 0.661112 0.363051
vt 0.662294 0.363051
vt 0.154672 0.237686
vt 0.154672 0.198887
vt 0.188547 0.198887
vt 0.188547 0.237686
vt 0.232177 0.198887
vt 0.232177 0.237686
vt 0.198301 0.237686
vt 0.198301 0.198887
vt 0.111043 0.392366
vt 0.111043 0.379810
vt 0.115228 0.379810
vt 0.115228 0.392366
vt 0.378414 0.101781
vt 0.378414 0.114337
vt 0.374228 0.114337
vt 0.374228 0.101781
vt 0.014808 0.775538
vt 0.014720 0.775538
vt 0.014764 0.770466
vt 0.024651 0.775538
vt 0.024562 0.775538
vt 0.024606 0.770466
vt 0.678416 0.760712
vt 0.678328 0.760712
vt 0.678372 0.755641
vt 0.688259 0.760712
vt 0.688170 0.760712
vt 0.688215 0.755641
vt 0.034494 0.775538
vt 0.034405 0.775538
vt 0.034450 0.770466
vt 0.044336 0.775538
vt 0.044248 0.775538
vt 0.044292 0.770466
vt 0.054135 0.775538
vt 0.054090 0.770466
vt 0.054179 0.770466
vt 0.063977 0.775538
vt 0.063933 0.770466
vt 0.064021 0.770466
vt 0.073820 0.775538
vt 0.073775 0.770466
vt 0.073864 0.770466
vt 0.083662 0.775538
vt 0.083618 0.770466
vt 0.083707 0.770466
vt 0.534786 0.296442
vt 0.534729 0.284477
vt 0.534842 0.284477
vt 0.534786 0.306196
vt 0.534842 0.318160
vt 0.534729 0.318160
vt 0.936116 0.626451
vt 0.936276 0.626472
vt 0.936240 0.626606
vt 0.936080 0.626585
vt 0.343225 0.500388
vt 0.343323 0.500388
vt 0.343208 0.512353
vt 0.323077 0.515632
vt 0.322979 0.515632
vt 0.322995 0.503667
vt 0.322881 0.515632
vt 0.343126 0.500388
vt 0.815720 0.350653
vt 0.815743 0.354198
vt 0.815605 0.354198
vt 0.815720 0.337354
vt 0.815748 0.340899
vt 0.815605 0.340899
vt 0.815661 0.513787
vt 0.815605 0.510242
vt 0.815718 0.510242
vt 0.825611 0.018176
vt 0.825668 0.021721
vt 0.825555 0.021721
vt 0.004877 0.332729
vt 0.004877 0.321848
vt 0.015660 0.321848
vt 0.015660 0.332729
vt 0.025414 0.332729
vt 0.025414 0.321848
vt 0.036197 0.321848
vt 0.036197 0.332729
vt 0.333176 0.352242
vt 0.333176 0.342050
vt 0.343270 0.342050
vt 0.343270 0.352242
vt 0.047620 0.352282
vt 0.047620 0.342090
vt 0.057714 0.342090
vt 0.057714 0.352282
vt 0.075585 0.582625
vt 0.075720 0.593063
vt 0.075449 0.593063
vt 0.085781 0.582625
vt 0.085917 0.593063
vt 0.085646 0.593063
vt 0.095978 0.582625
vt 0.096114 0.593063
vt 0.095843 0.593063
vt 0.252133 0.582763
vt 0.252269 0.593201
vt 0.251998 0.593201
vt 0.262159 0.582763
vt 0.262294 0.593201
vt 0.262023 0.593201
vt 0.107254 0.582817
vt 0.107389 0.593255
vt 0.107119 0.593255
vt 0.185224 0.435956
vt 0.185815 0.424632
vt 0.186406 0.435956
vt 0.197342 0.424632
vt 0.196751 0.435956
vt 0.196160 0.424632
vt 0.231461 0.421859
vt 0.234612 0.421859
vt 0.234612 0.429983
vt 0.231461 0.429983
vt 0.171034 0.421869
vt 0.174185 0.421869
vt 0.174185 0.429993
vt 0.171034 0.429993
vt 0.466017 0.633492
vt 0.466017 0.629307
vt 0.469218 0.629307
vt 0.469218 0.633492
vt 0.478972 0.633492
vt 0.478972 0.629307
vt 0.482172 0.629307
vt 0.482172 0.633492
vt 0.682073 0.017831
vt 0.684289 0.017831
vt 0.684289 0.021032
vt 0.682073 0.021032
vt 0.682073 0.030786
vt 0.684289 0.030786
vt 0.684289 0.033986
vt 0.682073 0.033986
vt 0.184422 0.652109
vt 0.184422 0.647924
vt 0.186638 0.647924
vt 0.186638 0.652109
vt 0.198608 0.647924
vt 0.198608 0.652109
vt 0.196392 0.652109
vt 0.196392 0.647924
vt 0.804030 0.172423
vt 0.805581 0.172685
vt 0.805306 0.174101
vt 0.804029 0.173888
vt 0.805485 0.185830
vt 0.804208 0.186043
vt 0.803933 0.184627
vt 0.805484 0.184365
vt 0.895977 0.550756
vt 0.895916 0.548688
vt 0.896039 0.548688
vt 0.895916 0.562578
vt 0.895977 0.560510
vt 0.896039 0.562578
vt 0.876222 0.432536
vt 0.876161 0.430468
vt 0.876284 0.430468
vt 0.876161 0.444358
vt 0.876222 0.442290
vt 0.876284 0.444358
vt 0.895977 0.574400
vt 0.895916 0.572332
vt 0.896039 0.572332
vt 0.895916 0.586222
vt 0.895977 0.584154
vt 0.896039 0.586222
vt 0.876161 0.503468
vt 0.876222 0.501400
vt 0.876284 0.503468
vt 0.876223 0.515290
vt 0.876161 0.513222
vt 0.876285 0.513222
vt 0.895916 0.598044
vt 0.895977 0.595976
vt 0.896039 0.598044
vt 0.895977 0.609866
vt 0.895916 0.607798
vt 0.896039 0.607798
vt 0.895916 0.621688
vt 0.895977 0.619620
vt 0.896039 0.621688
vt 0.895977 0.633510
vt 0.895916 0.631442
vt 0.896039 0.631442
vt 0.035468 0.866736
vt 0.035912 0.866736
vt 0.035690 0.868508
vt 0.045666 0.866736
vt 0.046109 0.866736
vt 0.045888 0.868508
vt 0.823435 0.841048
vt 0.823632 0.843904
vt 0.823238 0.843904
vt 0.833780 0.843904
vt 0.833386 0.843904
vt 0.833583 0.841048
vt 0.845678 0.004877
vt 0.845875 0.007733
vt 0.845481 0.007733
vt 0.845875 0.020343
vt 0.845481 0.020343
vt 0.845678 0.017487
vt 0.132782 0.716236
vt 0.132703 0.716236
vt 0.132742 0.710327
vt 0.181867 0.710327
vt 0.181946 0.710327
vt 0.181906 0.716236
vt 0.865625 0.263547
vt 0.865570 0.260519
vt 0.865679 0.260519
vt 0.865625 0.337212
vt 0.865679 0.340240
vt 0.865570 0.340240
vt 0.865625 0.276329
vt 0.865570 0.273301
vt 0.865679 0.273301
vt 0.865625 0.349994
vt 0.865679 0.353022
vt 0.865570 0.353022
vt 0.323450 0.114583
vt 0.323663 0.101781
vt 0.324090 0.114583
vt 0.803663 0.350520
vt 0.803663 0.347073
vt 0.804303 0.347073
vt 0.804303 0.350520
vt 0.127690 0.247440
vt 0.127690 0.260242
vt 0.124243 0.260242
vt 0.124243 0.247440
vt 0.137444 0.285846
vt 0.137444 0.273044
vt 0.140891 0.273044
vt 0.140891 0.285846
vt 0.079339 0.381982
vt 0.083672 0.381982
vt 0.083672 0.392174
vt 0.079339 0.392174
vt 0.093426 0.381982
vt 0.097759 0.381982
vt 0.097759 0.392174
vt 0.093426 0.392174
vt 0.448849 0.914024
vt 0.448972 0.915304
vt 0.448726 0.915304
vt 0.458849 0.914024
vt 0.458972 0.915304
vt 0.458726 0.915304
vt 0.793358 0.084076
vt 0.793269 0.084076
vt 0.793314 0.079004
vt 0.793358 0.098901
vt 0.793269 0.098901
vt 0.793314 0.093830
vt 0.793314 0.113727
vt 0.793269 0.108655
vt 0.793358 0.108655
vt 0.793314 0.128552
vt 0.793269 0.123481
vt 0.793358 0.123481
vt 0.793314 0.143377
vt 0.793269 0.138306
vt 0.793358 0.138306
vt 0.793314 0.158203
vt 0.793269 0.153131
vt 0.793358 0.153131
vt 0.793314 0.173028
vt 0.793269 0.167957
vt 0.793358 0.167957
vt 0.793314 0.187854
vt 0.793269 0.182782
vt 0.793358 0.182782
vt 0.793358 0.202679
vt 0.793269 0.202679
vt 0.793314 0.197608
vt 0.793358 0.217505
vt 0.793269 0.217505
vt 0.793314 0.212433
vt 0.494133 0.037728
vt 0.494020 0.037728
vt 0.494076 0.025222
vt 0.494020 0.047482
vt 0.494133 0.047482
vt 0.494076 0.059989
vt 0.946055 0.723601
vt 0.946153 0.723472
vt 0.946251 0.723570
vt 0.946153 0.723699
vt 0.463651 0.374503
vt 0.463553 0.374503
vt 0.463667 0.361996
vt 0.382822 0.455868
vt 0.382920 0.455868
vt 0.382904 0.468374
vt 0.383018 0.455868
vt 0.463749 0.374503
vt 0.512415 0.831294
vt 0.512392 0.827995
vt 0.512530 0.827995
vt 0.502465 0.831294
vt 0.502437 0.827995
vt 0.502580 0.827995
vt 0.613092 0.831294
vt 0.613035 0.827995
vt 0.613148 0.827995
vt 0.672294 0.827995
vt 0.672351 0.831294
vt 0.672238 0.831294
vt 0.150645 0.392563
vt 0.150645 0.380007
vt 0.154830 0.380007
vt 0.154830 0.392563
vt 0.235646 0.381672
vt 0.235646 0.394227
vt 0.231461 0.394227
vt 0.231461 0.381672
vt 0.093505 0.775538
vt 0.093461 0.770466
vt 0.093549 0.770466
vt 0.103347 0.775538
vt 0.103303 0.770466
vt 0.103392 0.770466
vt 0.113191 0.775538
vt 0.113146 0.770466
vt 0.113235 0.770466
vt 0.123032 0.775538
vt 0.122988 0.770466
vt 0.123077 0.770466
vt 0.132920 0.775538
vt 0.132831 0.775538
vt 0.132876 0.770466
vt 0.142762 0.775538
vt 0.142674 0.775538
vt 0.142718 0.770466
vt 0.152561 0.775538
vt 0.152516 0.770466
vt 0.152605 0.770466
vt 0.162403 0.775538
vt 0.162359 0.770466
vt 0.162448 0.770466
vt 0.172290 0.775538
vt 0.172202 0.775538
vt 0.172246 0.770466
vt 0.182133 0.775538
vt 0.182044 0.775538
vt 0.182088 0.770466
vt 0.535010 0.112663
vt 0.534953 0.100698
vt 0.535066 0.100698
vt 0.536098 0.339687
vt 0.536155 0.351652
vt 0.536042 0.351652
vt 0.936116 0.636431
vt 0.936276 0.636452
vt 0.936240 0.636587
vt 0.936080 0.636566
vt 0.523580 0.406615
vt 0.523678 0.406615
vt 0.523564 0.418580
vt 0.523678 0.440299
vt 0.523580 0.440299
vt 0.523596 0.428334
vt 0.523482 0.440299
vt 0.523482 0.406615
vt 0.815720 0.403850
vt 0.815743 0.407395
vt 0.815605 0.407395
vt 0.815720 0.390551
vt 0.815748 0.394096
vt 0.815605 0.394096
vt 0.815718 0.540385
vt 0.815605 0.540385
vt 0.815661 0.536840
vt 0.825555 0.044774
vt 0.825668 0.044774
vt 0.825611 0.048319
vt 0.333176 0.208484
vt 0.333176 0.197602
vt 0.343959 0.197602
vt 0.343959 0.208484
vt 0.333176 0.229119
vt 0.333176 0.218238
vt 0.343959 0.218238
vt 0.343959 0.229119
vt 0.004877 0.352676
vt 0.004877 0.342483
vt 0.014971 0.342483
vt 0.014971 0.352676
vt 0.024725 0.352676
vt 0.024725 0.342483
vt 0.034818 0.342483
vt 0.034818 0.352676
vt 0.411722 0.582881
vt 0.411858 0.593319
vt 0.411587 0.593319
vt 0.005012 0.583265
vt 0.005148 0.593703
vt 0.004877 0.593703
vt 0.015038 0.583265
vt 0.015173 0.593703
vt 0.014902 0.593703
vt 0.150780 0.583260
vt 0.150915 0.593698
vt 0.150645 0.593698
vt 0.185360 0.583265
vt 0.185495 0.593703
vt 0.185224 0.593703
vt 0.195385 0.583265
vt 0.195520 0.593703
vt 0.195249 0.593703
vt 0.439510 0.057625
vt 0.438919 0.046301
vt 0.440101 0.046301
vt 0.439510 0.067379
vt 0.440101 0.078704
vt 0.438919 0.078704
vt 0.333176 0.422130
vt 0.336328 0.422130
vt 0.336328 0.430254
vt 0.333176 0.430254
vt 0.372872 0.422130
vt 0.376023 0.422130
vt 0.376023 0.430254
vt 0.372872 0.430254
vt 0.491926 0.633492
vt 0.491926 0.629307
vt 0.495126 0.629307
vt 0.495126 0.633492
vt 0.504880 0.633492
vt 0.504880 0.629307
vt 0.508081 0.629307
vt 0.508081 0.633492
vt 0.682073 0.043740
vt 0.684289 0.043740
vt 0.684289 0.046941
vt 0.682073 0.046941
vt 0.682073 0.056695
vt 0.684289 0.056695
vt 0.684289 0.059895
vt 0.682073 0.059895
vt 0.399876 0.652109
vt 0.399876 0.647924
vt 0.402092 0.647924
vt 0.402092 0.652109
vt 0.414062 0.647924
vt 0.414062 0.652109
vt 0.411846 0.652109
vt 0.411846 0.647924
vt 0.804030 0.196307
vt 0.805581 0.196569
vt 0.805306 0.197985
vt 0.804029 0.197772
vt 0.803760 0.208710
vt 0.804759 0.207887
vt 0.805706 0.208975
vt 0.804493 0.209978
vt 0.895916 0.645332
vt 0.895977 0.643264
vt 0.896039 0.645332
vt 0.895977 0.657153
vt 0.895916 0.655086
vt 0.896039 0.655086
vt 0.876161 0.598044
vt 0.876222 0.595976
vt 0.876284 0.598044
vt 0.876222 0.609866
vt 0.876161 0.607798
vt 0.876284 0.607798
vt 0.895977 0.668975
vt 0.895916 0.666907
vt 0.896039 0.666907
vt 0.895916 0.680797
vt 0.895977 0.678729
vt 0.896039 0.680797
vt 0.876161 0.621688
vt 0.876223 0.619620
vt 0.876285 0.621688
vt 0.876223 0.633510
vt 0.876161 0.631442
vt 0.876285 0.631442
vt 0.895977 0.692619
vt 0.895916 0.690551
vt 0.896039 0.690551
vt 0.895916 0.704441
vt 0.895977 0.702373
vt 0.896039 0.704441
vt 0.895977 0.716263
vt 0.895916 0.714195
vt 0.896039 0.714195
vt 0.895916 0.728085
vt 0.895977 0.726017
vt 0.896039 0.728085
vt 0.056084 0.866736
vt 0.056306 0.868508
vt 0.055863 0.868508
vt 0.066281 0.866736
vt 0.066503 0.868508
vt 0.066060 0.868508
vt 0.845481 0.030097
vt 0.845875 0.030097
vt 0.845678 0.032952
vt 0.845678 0.045562
vt 0.845481 0.042706
vt 0.845875 0.042706
vt 0.845481 0.055316
vt 0.845875 0.055316
vt 0.845678 0.058172
vt 0.845678 0.070782
vt 0.845481 0.067926
vt 0.845875 0.067926
vt 0.142615 0.716236
vt 0.142536 0.716236
vt 0.142576 0.710327
vt 0.152369 0.710327
vt 0.152447 0.710327
vt 0.152408 0.716236
vt 0.865679 0.289111
vt 0.865570 0.289111
vt 0.865625 0.286083
vt 0.865570 0.362776
vt 0.865679 0.362776
vt 0.865625 0.365804
vt 0.865625 0.301893
vt 0.865570 0.298865
vt 0.865679 0.298865
vt 0.865625 0.375558
vt 0.865679 0.378586
vt 0.865570 0.378586
vt 0.323209 0.271365
vt 0.322782 0.258563
vt 0.323422 0.258563
vt 0.323877 0.127385
vt 0.803663 0.640933
vt 0.803663 0.637487
vt 0.804303 0.637487
vt 0.804303 0.640933
vt 0.803663 0.363720
vt 0.803663 0.360274
vt 0.804303 0.360274
vt 0.804303 0.363720
vt 0.127690 0.273044
vt 0.124243 0.273044
vt 0.137444 0.260242
vt 0.140891 0.260242
vt 0.227391 0.318992
vt 0.231724 0.318992
vt 0.231724 0.329184
vt 0.227391 0.329184
vt 0.065252 0.381982
vt 0.069585 0.381982
vt 0.069585 0.392174
vt 0.065252 0.392174
vt 0.468849 0.914024
vt 0.468972 0.915304
vt 0.468726 0.915304
vt 0.478849 0.914024
vt 0.478972 0.915304
vt 0.478726 0.915304
vt 0.793314 0.232330
vt 0.793269 0.227259
vt 0.793358 0.227259
vt 0.793314 0.247156
vt 0.793269 0.242084
vt 0.793358 0.242084
vt 0.793314 0.261981
vt 0.793269 0.256910
vt 0.793358 0.256910
vt 0.793314 0.276806
vt 0.793269 0.271735
vt 0.793358 0.271735
vt 0.793314 0.291632
vt 0.793269 0.286560
vt 0.793358 0.286560
vt 0.793314 0.306457
vt 0.793269 0.301386
vt 0.793358 0.301386
vt 0.793358 0.321283
vt 0.793269 0.321283
vt 0.793314 0.316211
vt 0.793358 0.336108
vt 0.793269 0.336108
vt 0.793314 0.331037
vt 0.793314 0.350934
vt 0.793269 0.345862
vt 0.793358 0.345862
vt 0.793314 0.365759
vt 0.793269 0.360688
vt 0.793358 0.360688
vt 0.494206 0.114287
vt 0.494150 0.101781
vt 0.494263 0.101781
vt 0.494206 0.124041
vt 0.494263 0.136548
vt 0.494150 0.136548
vt 0.946055 0.763523
vt 0.946153 0.763394
vt 0.946251 0.763492
vt 0.946153 0.763621
vt 0.185322 0.474076
vt 0.185224 0.474076
vt 0.185338 0.461570
vt 0.195174 0.461570
vt 0.195272 0.461570
vt 0.195256 0.474076
vt 0.195371 0.461570
vt 0.185420 0.474076
vt 0.532316 0.831294
vt 0.532293 0.827995
vt 0.532431 0.827995
vt 0.522365 0.831294
vt 0.522337 0.827995
vt 0.522481 0.827995
vt 0.632882 0.831294
vt 0.632769 0.831294
vt 0.632825 0.827995
vt 0.691973 0.827995
vt 0.692086 0.827995
vt 0.692029 0.831294
vt 0.374228 0.136646
vt 0.374228 0.124091
vt 0.378414 0.124091
vt 0.378414 0.136646
vt 0.337362 0.381943
vt 0.337362 0.394498
vt 0.333176 0.394498
vt 0.333176 0.381943
vt 0.191976 0.775538
vt 0.191887 0.775538
vt 0.191932 0.770466
vt 0.201818 0.775538
vt 0.201730 0.775538
vt 0.201774 0.770466
vt 0.211617 0.775538
vt 0.211572 0.770466
vt 0.211661 0.770466
vt 0.221459 0.775538
vt 0.221415 0.770466
vt 0.221503 0.770466
vt 0.231346 0.775538
vt 0.231257 0.775538
vt 0.231302 0.770466
vt 0.241189 0.775538
vt 0.241100 0.775538
vt 0.241145 0.770466
vt 0.698057 0.760712
vt 0.698013 0.755641
vt 0.698102 0.755641
vt 0.707900 0.760712
vt 0.707856 0.755641
vt 0.707944 0.755641
vt 0.250987 0.775538
vt 0.250943 0.770466
vt 0.251031 0.770466
vt 0.260830 0.775538
vt 0.260785 0.770466
vt 0.260874 0.770466
vt 0.291656 0.537055
vt 0.291600 0.525091
vt 0.291713 0.525091
vt 0.322937 0.525386
vt 0.322994 0.537351
vt 0.322881 0.537351
vt 0.936116 0.646412
vt 0.936276 0.646433
vt 0.936240 0.646567
vt 0.936080 0.646546
vt 0.065350 0.504071
vt 0.065448 0.504071
vt 0.065334 0.516036
vt 0.383018 0.512353
vt 0.382920 0.512353
vt 0.382936 0.500388
vt 0.382822 0.512353
vt 0.065252 0.504071
vt 0.815720 0.457046
vt 0.815743 0.460591
vt 0.815605 0.460591
vt 0.815720 0.443747
vt 0.815748 0.447292
vt 0.815605 0.447292
vt 0.815718 0.566984
vt 0.815605 0.566984
vt 0.815661 0.563439
vt 0.825555 0.071372
vt 0.825668 0.071372
vt 0.825611 0.074918
vt 0.333176 0.249754
vt 0.333176 0.238873
vt 0.343959 0.238873
vt 0.343959 0.249754
vt 0.333176 0.270390
vt 0.333176 0.259508
vt 0.343959 0.259508
vt 0.343959 0.270390
vt 0.353024 0.352242
vt 0.353024 0.342050
vt 0.363118 0.342050
vt 0.363118 0.352242
vt 0.353713 0.207794
vt 0.353713 0.197602
vt 0.363807 0.197602
vt 0.363807 0.207794
vt 0.205409 0.583265
vt 0.205545 0.593703
vt 0.205274 0.593703
vt 0.215434 0.583265
vt 0.215569 0.593703
vt 0.215299 0.593703
vt 0.302228 0.583255
vt 0.302363 0.593693
vt 0.302093 0.593693
vt 0.593696 0.421786
vt 0.593832 0.432224
vt 0.593561 0.432224
vt 0.231596 0.583644
vt 0.231732 0.594082
vt 0.231461 0.594082
vt 0.169593 0.583654
vt 0.169729 0.594092
vt 0.169458 0.594092
vt 0.207096 0.435956
vt 0.207687 0.424632
vt 0.208277 0.435956
vt 0.219213 0.424632
vt 0.218622 0.435956
vt 0.218031 0.424632
vt 0.385777 0.422130
vt 0.388928 0.422130
vt 0.388928 0.430254
vt 0.385777 0.430254
vt 0.398682 0.422130
vt 0.401833 0.422130
vt 0.401833 0.430254
vt 0.398682 0.430254
vt 0.517835 0.633492
vt 0.517835 0.629307
vt 0.521035 0.629307
vt 0.521035 0.633492
vt 0.530789 0.633492
vt 0.530789 0.629307
vt 0.533990 0.629307
vt 0.533990 0.633492
vt 0.682073 0.069649
vt 0.684289 0.069649
vt 0.684289 0.072850
vt 0.682073 0.072850
vt 0.682073 0.082604
vt 0.684289 0.082604
vt 0.684289 0.085804
vt 0.682073 0.085804
vt 0.208362 0.652109
vt 0.208362 0.647924
vt 0.210577 0.647924
vt 0.210577 0.652109
vt 0.222547 0.647924
vt 0.222547 0.652109
vt 0.220331 0.652109
vt 0.220331 0.647924
vt 0.804030 0.220190
vt 0.805581 0.220452
vt 0.805306 0.221868
vt 0.804029 0.221655
vt 0.803760 0.089292
vt 0.804759 0.088469
vt 0.805706 0.089558
vt 0.804493 0.090561
vt 0.895916 0.739907
vt 0.895977 0.737839
vt 0.896039 0.739907
vt 0.895977 0.751729
vt 0.895916 0.749661
vt 0.896039 0.749661
vt 0.876161 0.645332
vt 0.876222 0.643264
vt 0.876284 0.645332
vt 0.876222 0.657153
vt 0.876161 0.655085
vt 0.876284 0.655085
vt 0.895916 0.763551
vt 0.895977 0.761483
vt 0.896039 0.763551
vt 0.895977 0.775373
vt 0.895916 0.773305
vt 0.896039 0.773305
vt 0.876161 0.668975
vt 0.876223 0.666907
vt 0.876285 0.668975
vt 0.876223 0.680797
vt 0.876161 0.678729
vt 0.876285 0.678729
vt 0.895916 0.787195
vt 0.895977 0.785127
vt 0.896039 0.787195
vt 0.895977 0.799017
vt 0.895916 0.796949
vt 0.896039 0.796949
vt 0.895977 0.810839
vt 0.895916 0.808771
vt 0.896039 0.808771
vt 0.895916 0.822661
vt 0.895977 0.820593
vt 0.896039 0.822661
vt 0.076257 0.866736
vt 0.076700 0.866736
vt 0.076478 0.868508
vt 0.086454 0.866736
vt 0.086897 0.866736
vt 0.086675 0.868508
vt 0.845678 0.080536
vt 0.845875 0.083391
vt 0.845481 0.083391
vt 0.845875 0.096001
vt 0.845481 0.096001
vt 0.845678 0.093145
vt 0.845481 0.105755
vt 0.845875 0.105755
vt 0.845678 0.108611
vt 0.845678 0.121221
vt 0.845481 0.118365
vt 0.845875 0.118365
vt 0.162241 0.716236
vt 0.162201 0.710327
vt 0.162280 0.710327
vt 0.172073 0.710327
vt 0.172113 0.716236
vt 0.172034 0.716236
vt 0.865679 0.314676
vt 0.865570 0.314676
vt 0.865625 0.311647
vt 0.865570 0.388340
vt 0.865679 0.388340
vt 0.865625 0.391368
vt 0.865625 0.327458
vt 0.865570 0.324430
vt 0.865679 0.324430
vt 0.865625 0.401122
vt 0.865679 0.404150
vt 0.865570 0.404150
vt 0.323877 0.140186
vt 0.323450 0.127385
vt 0.324090 0.127385
vt 0.803663 0.654134
vt 0.803663 0.650687
vt 0.804303 0.650687
vt 0.804303 0.654134
vt 0.127690 0.285846
vt 0.124243 0.285846
vt 0.137444 0.247440
vt 0.140891 0.247440
vt 0.004877 0.382376
vt 0.009210 0.382376
vt 0.009210 0.392568
vt 0.004877 0.392568
vt 0.018964 0.382376
vt 0.023297 0.382376
vt 0.023297 0.392568
vt 0.018964 0.392568
vt 0.488726 0.914024
vt 0.488973 0.914024
vt 0.488849 0.915304
vt 0.498727 0.914024
vt 0.498973 0.914024
vt 0.498850 0.915304
vt 0.793314 0.380585
vt 0.793269 0.375513
vt 0.793358 0.375513
vt 0.793314 0.395410
vt 0.793269 0.390339
vt 0.793358 0.390339
vt 0.793358 0.410235
vt 0.793269 0.410235
vt 0.793314 0.405164
vt 0.793358 0.425061
vt 0.793269 0.425061
vt 0.793314 0.419989
vt 0.793358 0.439886
vt 0.793269 0.439886
vt 0.793314 0.434815
vt 0.793358 0.454712
vt 0.793269 0.454712
vt 0.793314 0.449640
vt 0.793358 0.469537
vt 0.793269 0.469537
vt 0.793314 0.464466
vt 0.793358 0.484363
vt 0.793269 0.484363
vt 0.793314 0.479291
vt 0.793358 0.499188
vt 0.793269 0.499188
vt 0.793314 0.494117
vt 0.793358 0.514014
vt 0.793269 0.514014
vt 0.793314 0.508942
vt 0.252055 0.494455
vt 0.251998 0.481949
vt 0.252111 0.481949
vt 0.262004 0.481949
vt 0.262061 0.494455
vt 0.261948 0.494455
vt 0.946055 0.783484
vt 0.946153 0.783355
vt 0.946251 0.783453
vt 0.946153 0.783582
vt 0.469853 0.085307
vt 0.469755 0.085307
vt 0.469869 0.072800
vt 0.464242 0.197602
vt 0.464340 0.197602
vt 0.464324 0.210108
vt 0.464438 0.197602
vt 0.469951 0.085307
vt 0.094509 0.831294
vt 0.094486 0.827995
vt 0.094624 0.827995
vt 0.084559 0.831294
vt 0.084531 0.827995
vt 0.084674 0.827995
vt 0.652560 0.831294
vt 0.652504 0.827995
vt 0.652617 0.827995
vt 0.711764 0.827995
vt 0.711820 0.831294
vt 0.711707 0.831294
vt 0.449761 0.245180
vt 0.454488 0.245180
vt 0.454488 0.251286
vt 0.449761 0.251286
vt 0.449761 0.261040
vt 0.454488 0.261040
vt 0.454488 0.267145
vt 0.449761 0.267145
vt 0.481037 0.558991
vt 0.485074 0.558991
vt 0.485074 0.564407
vt 0.481037 0.564407
vt 0.534351 0.559188
vt 0.538388 0.559188
vt 0.538388 0.564604
vt 0.534351 0.564604
vt 0.672048 0.315172
vt 0.672319 0.315172
vt 0.672184 0.320933
vt 0.672048 0.330687
vt 0.672319 0.330687
vt 0.672184 0.336448
vt 0.672048 0.346202
vt 0.672319 0.346202
vt 0.672184 0.351963
vt 0.672048 0.361717
vt 0.672319 0.361717
vt 0.672184 0.367478
vt 0.672048 0.377232
vt 0.672319 0.377232
vt 0.672184 0.382992
vt 0.672048 0.392746
vt 0.672319 0.392746
vt 0.672184 0.398507
vt 0.661703 0.377975
vt 0.662294 0.383145
vt 0.661112 0.383145
vt 0.661703 0.392899
vt 0.662294 0.398069
vt 0.661112 0.398069
vt 0.449761 0.276899
vt 0.454488 0.276899
vt 0.454488 0.283005
vt 0.449761 0.283005
vt 0.449761 0.292759
vt 0.454488 0.292759
vt 0.454488 0.298864
vt 0.449761 0.298864
vt 0.047620 0.559823
vt 0.051658 0.559823
vt 0.051658 0.565239
vt 0.047620 0.565239
vt 0.033829 0.559823
vt 0.037866 0.559823
vt 0.037866 0.565239
vt 0.033829 0.565239
vt 0.672184 0.408261
vt 0.672319 0.414022
vt 0.672048 0.414022
vt 0.672184 0.423776
vt 0.672319 0.429537
vt 0.672048 0.429537
vt 0.672048 0.439291
vt 0.672319 0.439291
vt 0.672184 0.445051
vt 0.672048 0.454805
vt 0.672319 0.454805
vt 0.672184 0.460566
vt 0.672048 0.470320
vt 0.672319 0.470320
vt 0.672184 0.476081
vt 0.672048 0.485835
vt 0.672319 0.485835
vt 0.672184 0.491596
vt 0.662294 0.407823
vt 0.661703 0.412993
vt 0.661112 0.407823
vt 0.662294 0.422747
vt 0.661703 0.427917
vt 0.661112 0.422747
vt 0.449761 0.308618
vt 0.454488 0.308618
vt 0.454488 0.314724
vt 0.449761 0.314724
vt 0.449855 0.025222
vt 0.454581 0.025222
vt 0.454581 0.031327
vt 0.449855 0.031327
vt 0.131580 0.560310
vt 0.135617 0.560310
vt 0.135617 0.565726
vt 0.131580 0.565726
vt 0.562606 0.494032
vt 0.566643 0.494032
vt 0.566643 0.499448
vt 0.562606 0.499448
vt 0.672184 0.501350
vt 0.672319 0.507111
vt 0.672048 0.507111
vt 0.672184 0.516865
vt 0.672319 0.522625
vt 0.672048 0.522625
vt 0.672184 0.532379
vt 0.672319 0.538140
vt 0.672048 0.538140
vt 0.672184 0.547894
vt 0.672319 0.553655
vt 0.672048 0.553655
vt 0.672048 0.563409
vt 0.672319 0.563409
vt 0.672184 0.569170
vt 0.672048 0.578924
vt 0.672319 0.578924
vt 0.672184 0.584684
vt 0.661112 0.442841
vt 0.661703 0.437671
vt 0.662294 0.442841
vt 0.661112 0.457765
vt 0.661703 0.452595
vt 0.662294 0.457765
vt 0.449855 0.041081
vt 0.454581 0.041081
vt 0.454581 0.047187
vt 0.449855 0.047187
vt 0.449855 0.056941
vt 0.454581 0.056941
vt 0.454581 0.063046
vt 0.449855 0.063046
vt 0.563148 0.472313
vt 0.567186 0.472313
vt 0.567186 0.477729
vt 0.563148 0.477729
vt 0.563314 0.406616
vt 0.567352 0.406616
vt 0.567352 0.412032
vt 0.563314 0.412032
vt 0.672048 0.594438
vt 0.672319 0.594438
vt 0.672184 0.600199
vt 0.672048 0.609953
vt 0.672319 0.609953
vt 0.672184 0.615714
vt 0.672184 0.625468
vt 0.672319 0.631229
vt 0.672048 0.631229
vt 0.672184 0.640983
vt 0.672319 0.646744
vt 0.672048 0.646744
vt 0.672048 0.656498
vt 0.672319 0.656498
vt 0.672184 0.662258
vt 0.004877 0.679298
vt 0.005148 0.679298
vt 0.005013 0.685059
vt 0.661703 0.472688
vt 0.661112 0.467519
vt 0.662294 0.467519
vt 0.661703 0.487612
vt 0.661112 0.482442
vt 0.662294 0.482442
vt 0.272535 0.337550
vt 0.280413 0.337550
vt 0.280413 0.346413
vt 0.272535 0.346413
vt 0.131580 0.339229
vt 0.139458 0.339229
vt 0.139458 0.348092
vt 0.131580 0.348092
vt 0.272535 0.356167
vt 0.280413 0.356167
vt 0.280413 0.365029
vt 0.272535 0.365029
vt 0.131580 0.357846
vt 0.139458 0.357846
vt 0.139458 0.366708
vt 0.131580 0.366708
vt 0.347116 0.381943
vt 0.354993 0.381943
vt 0.354993 0.389821
vt 0.347116 0.389821
vt 0.055498 0.381982
vt 0.055498 0.389860
vt 0.047620 0.389860
vt 0.047620 0.381982
vt 0.414200 0.633492
vt 0.414200 0.629307
vt 0.417400 0.629307
vt 0.417400 0.633492
vt 0.427154 0.633492
vt 0.427154 0.629307
vt 0.430354 0.629307
vt 0.430354 0.633492
vt 0.614588 0.679298
vt 0.616803 0.679298
vt 0.616803 0.682498
vt 0.614588 0.682498
vt 0.626557 0.679298
vt 0.628773 0.679298
vt 0.628773 0.682498
vt 0.626557 0.682498
vt 0.638207 0.545407
vt 0.638207 0.541222
vt 0.640423 0.541222
vt 0.640423 0.545407
vt 0.234517 0.647924
vt 0.234517 0.652109
vt 0.232301 0.652109
vt 0.232301 0.647924
vt 0.585322 0.802207
vt 0.584773 0.800732
vt 0.586137 0.800262
vt 0.586591 0.801475
vt 0.596535 0.801475
vt 0.596989 0.800262
vt 0.598353 0.800732
vt 0.597805 0.802207
vt 0.895916 0.834483
vt 0.895977 0.832415
vt 0.896039 0.834483
vt 0.895977 0.846305
vt 0.895916 0.844237
vt 0.896039 0.844237
vt 0.895977 0.858127
vt 0.895916 0.856059
vt 0.896039 0.856059
vt 0.895916 0.869949
vt 0.895977 0.867881
vt 0.896039 0.869949
vt 0.895916 0.881771
vt 0.895977 0.879703
vt 0.896039 0.881771
vt 0.004939 0.904270
vt 0.004877 0.902202
vt 0.005000 0.902202
vt 0.014754 0.904270
vt 0.014815 0.902202
vt 0.014877 0.904270
vt 0.024692 0.904270
vt 0.024631 0.902202
vt 0.024754 0.902202
vt 0.096651 0.868804
vt 0.096712 0.866736
vt 0.096774 0.868804
vt 0.106589 0.868804
vt 0.106528 0.866736
vt 0.106651 0.866736
vt 0.034508 0.904270
vt 0.034569 0.902202
vt 0.034631 0.904270
vt 0.044446 0.904270
vt 0.044385 0.902202
vt 0.044508 0.902202
vt 0.865570 0.552124
vt 0.866013 0.552124
vt 0.865791 0.553897
vt 0.865570 0.563651
vt 0.866013 0.563651
vt 0.865791 0.565423
vt 0.845678 0.130975
vt 0.845875 0.133830
vt 0.845481 0.133830
vt 0.845875 0.146440
vt 0.845481 0.146440
vt 0.845678 0.143584
vt 0.845678 0.156194
vt 0.845875 0.159050
vt 0.845481 0.159050
vt 0.845875 0.171660
vt 0.845481 0.171660
vt 0.845678 0.168804
vt 0.543744 0.633492
vt 0.543744 0.629307
vt 0.546944 0.629307
vt 0.546944 0.633492
vt 0.556698 0.633492
vt 0.556698 0.629307
vt 0.559899 0.629307
vt 0.559899 0.633492
vt 0.638527 0.679298
vt 0.640743 0.679298
vt 0.640743 0.682498
vt 0.638527 0.682498
vt 0.650497 0.679298
vt 0.652712 0.679298
vt 0.652712 0.682498
vt 0.650497 0.682498
vt 0.244271 0.652109
vt 0.244271 0.647924
vt 0.246486 0.647924
vt 0.246486 0.652109
vt 0.258456 0.647924
vt 0.258456 0.652109
vt 0.256240 0.652109
vt 0.256240 0.647924
vt 0.632361 0.801475
vt 0.633364 0.800262
vt 0.634453 0.801209
vt 0.633630 0.802208
vt 0.644568 0.801939
vt 0.644355 0.800662
vt 0.645771 0.800387
vt 0.646033 0.801938
vt 0.054262 0.904270
vt 0.054324 0.902202
vt 0.054386 0.904270
vt 0.064202 0.904270
vt 0.064140 0.902202
vt 0.064263 0.902202
vt 0.074017 0.904270
vt 0.074079 0.902202
vt 0.074140 0.904270
vt 0.083956 0.904270
vt 0.083894 0.902202
vt 0.084017 0.902202
vt 0.093833 0.904270
vt 0.093771 0.902202
vt 0.093894 0.902202
vt 0.103648 0.904270
vt 0.103710 0.902202
vt 0.103771 0.904270
vt 0.113525 0.904270
vt 0.113587 0.902202
vt 0.113648 0.904270
vt 0.123463 0.904270
vt 0.123402 0.902202
vt 0.123525 0.902202
vt 0.116467 0.868804
vt 0.116405 0.866736
vt 0.116529 0.866736
vt 0.126282 0.868804
vt 0.126344 0.866736
vt 0.126406 0.868804
vt 0.133341 0.904270
vt 0.133279 0.902202
vt 0.133402 0.902202
vt 0.143156 0.904270
vt 0.143218 0.902202
vt 0.143279 0.904270
vt 0.865570 0.575177
vt 0.866013 0.575177
vt 0.865791 0.576950
vt 0.865570 0.586704
vt 0.866013 0.586704
vt 0.865791 0.588477
vt 0.845481 0.181414
vt 0.845875 0.181414
vt 0.845678 0.184269
vt 0.845678 0.196879
vt 0.845481 0.194023
vt 0.845875 0.194023
vt 0.845678 0.206633
vt 0.845875 0.209489
vt 0.845481 0.209489
vt 0.845875 0.222099
vt 0.845481 0.222099
vt 0.845678 0.219243
vt 0.440108 0.633492
vt 0.440108 0.629307
vt 0.443309 0.629307
vt 0.443309 0.633492
vt 0.453063 0.633492
vt 0.453063 0.629307
vt 0.456263 0.629307
vt 0.456263 0.633492
vt 0.662466 0.679298
vt 0.664682 0.679298
vt 0.664682 0.682498
vt 0.662466 0.682498
vt 0.682073 0.004877
vt 0.684289 0.004877
vt 0.684289 0.008077
vt 0.682073 0.008077
vt 0.268210 0.652109
vt 0.268210 0.647924
vt 0.270426 0.647924
vt 0.270426 0.652109
vt 0.640423 0.555161
vt 0.640423 0.559346
vt 0.638207 0.559346
vt 0.638207 0.555161
vt 0.608744 0.801938
vt 0.609006 0.800387
vt 0.610422 0.800662
vt 0.610209 0.801939
vt 0.548770 0.800940
vt 0.549769 0.800117
vt 0.550716 0.801206
vt 0.549503 0.802209
vt 0.153033 0.904270
vt 0.153095 0.902202
vt 0.153156 0.904270
vt 0.162972 0.904270
vt 0.162910 0.902202
vt 0.163034 0.902202
vt 0.172788 0.904270
vt 0.172850 0.902202
vt 0.172911 0.904270
vt 0.182727 0.904270
vt 0.182665 0.902202
vt 0.182788 0.902202
vt 0.192603 0.904270
vt 0.192542 0.902202
vt 0.192665 0.902202
vt 0.202419 0.904270
vt 0.202481 0.902202
vt 0.202542 0.904270
vt 0.212296 0.904270
vt 0.212357 0.902202
vt 0.212419 0.904270
vt 0.222235 0.904270
vt 0.222173 0.902202
vt 0.222296 0.902202
vt 0.136221 0.868804
vt 0.136160 0.866736
vt 0.136283 0.866736
vt 0.146037 0.868804
vt 0.146098 0.866736
vt 0.146160 0.868804
vt 0.232111 0.904270
vt 0.232050 0.902202
vt 0.232173 0.902202
vt 0.241927 0.904270
vt 0.241988 0.902202
vt 0.242050 0.904270
vt 0.865570 0.598231
vt 0.866013 0.598231
vt 0.865791 0.600003
vt 0.865570 0.609757
vt 0.866013 0.609757
vt 0.865791 0.611530
vt 0.845481 0.231853
vt 0.845875 0.231853
vt 0.845678 0.234709
vt 0.845678 0.247318
vt 0.845481 0.244463
vt 0.845875 0.244463
vt 0.845678 0.257072
vt 0.845875 0.259928
vt 0.845481 0.259928
vt 0.845875 0.272538
vt 0.845481 0.272538
vt 0.845678 0.269682
vt 0.092449 0.240931
vt 0.092193 0.240931
vt 0.092264 0.154864
vt 0.242244 0.187848
vt 0.241988 0.187848
vt 0.242059 0.101781
vt 0.252311 0.187848
vt 0.252055 0.187848
vt 0.252126 0.101781
vt 0.262379 0.187848
vt 0.262122 0.187848
vt 0.262193 0.101781
vt 0.347116 0.399575
vt 0.351055 0.399575
vt 0.351055 0.408437
vt 0.347116 0.408437
vt 0.047620 0.399614
vt 0.051559 0.399614
vt 0.051559 0.408477
vt 0.047620 0.408477
vt 0.803663 0.283040
vt 0.805386 0.283040
vt 0.805386 0.285501
vt 0.803663 0.285501
vt 0.803663 0.295255
vt 0.805386 0.295255
vt 0.805386 0.297717
vt 0.803663 0.297717
s 1
usemtl residential_017_baked.001
f 3/1/1 1/2/2 4/3/3
f 3/1/1 4/3/3 2/4/4
f 2/5/4 4/6/3 1/7/2
f 2/5/4 1/7/2 3/8/1
f 6/9/5 11/10/5 12/11/5
f 6/9/5 12/11/5 7/12/5
f 9/13/6 8/14/6 5/15/6
f 9/13/6 5/15/6 10/16/6
f 8/17/7 6/18/7 7/19/7
f 8/17/7 7/19/7 5/20/7
f 11/21/8 9/22/8 10/23/8
f 11/21/8 10/23/8 12/24/8
f 8/25/9 9/26/9 11/27/9
f 8/25/9 11/27/9 6/28/9
f 7/29/10 12/30/10 10/31/10
f 7/29/10 10/31/10 5/32/10
f 15/33/11 13/34/12 17/35/13
f 15/33/11 17/35/13 14/36/14
f 14/37/14 17/38/13 13/39/12
f 14/37/14 13/39/12 15/40/11
f 21/41/15 3194/42/16 19/43/17
f 21/41/15 19/43/17 16/44/18
f 3194/45/16 21/46/15 16/47/18
f 3194/45/16 16/47/18 19/48/17
f 27/49/15 24/50/16 25/51/17
f 27/49/15 25/51/17 18/52/18
f 24/53/16 27/54/15 18/55/18
f 24/53/16 18/55/18 25/56/17
f 20/57/19 26/58/20 28/59/21
f 20/57/19 28/59/21 29/60/22
f 26/61/20 20/62/19 29/63/22
f 26/61/20 29/63/22 28/64/21
f 22/65/23 30/66/24 3188/67/25
f 22/65/23 3188/67/25 23/68/26
f 30/69/24 22/70/23 23/71/26
f 30/69/24 23/71/26 3188/72/25
f 34/73/27 33/74/28 31/75/29
f 34/73/27 31/75/29 32/76/30
f 32/77/30 31/78/29 33/79/28
f 32/77/30 33/79/28 34/80/27
f 37/81/31 38/82/32 36/83/33
f 37/81/31 36/83/33 35/84/34
f 35/85/34 36/86/33 38/87/32
f 35/85/34 38/87/32 37/88/31
f 39/89/35 41/90/35 40/91/35
f 39/92/35 40/93/35 41/94/35
f 44/95/35 42/96/35 43/97/35
f 42/98/35 44/99/35 43/100/35
f 45/101/35 47/102/35 46/103/35
f 47/104/35 45/105/35 46/106/35
f 48/107/35 50/108/35 49/109/35
f 48/110/35 49/111/35 50/112/35
f 51/113/36 52/114/36 3161/115/36
f 53/116/35 55/117/35 54/118/35
f 53/119/35 54/120/35 55/121/35
f 56/122/37 59/123/38 57/124/39
f 56/122/37 57/124/39 60/125/40
f 60/126/41 57/127/42 3161/128/43
f 57/129/42 59/130/38 3161/131/43
f 59/130/38 56/132/37 3161/131/43
f 56/133/37 60/126/41 3161/128/43
f 58/134/35 59/135/35 60/136/35
f 58/137/35 60/138/35 59/139/35
f 61/140/35 62/141/35 3161/142/35
f 62/143/35 61/144/35 3161/145/35
f 63/146/44 65/147/45 66/148/46
f 63/146/44 66/148/46 64/149/47
f 65/150/45 63/151/44 64/152/47
f 65/150/45 64/152/47 66/153/46
f 68/154/48 70/155/49 69/156/50
f 68/154/48 69/156/50 67/157/51
f 70/158/49 68/159/48 67/160/51
f 70/158/49 67/160/51 69/161/50
f 72/162/35 73/163/35 71/164/35
f 73/165/35 72/166/35 71/167/35
f 74/168/35 75/169/35 76/170/35
f 74/171/35 76/172/35 75/173/35
f 78/174/35 79/175/35 77/176/35
f 79/177/35 78/178/35 77/179/35
f 82/180/35 81/181/35 80/182/35
f 80/183/35 81/184/35 82/185/35
f 85/186/52 86/187/53 83/188/54
f 85/186/52 83/188/54 84/189/55
f 86/190/53 85/191/52 84/192/55
f 86/190/53 84/192/55 83/193/54
f 87/194/5 88/195/5 89/196/5
f 87/194/5 89/196/5 93/197/5
f 92/198/6 90/199/6 94/200/6
f 92/198/6 94/200/6 91/201/6
f 90/202/7 87/203/7 93/204/7
f 90/202/7 93/204/7 94/205/7
f 88/206/8 92/207/8 91/208/8
f 88/206/8 91/208/8 89/209/8
f 90/210/9 92/211/9 88/212/9
f 90/210/9 88/212/9 87/213/9
f 93/214/10 89/215/10 91/216/10
f 93/214/10 91/216/10 94/217/10
f 95/218/56 96/219/57 97/220/58
f 95/218/56 97/220/58 98/221/59
f 98/222/59 97/223/58 96/224/57
f 98/222/59 96/224/57 95/225/56
f 99/226/35 101/227/35 100/228/35
f 101/229/35 99/230/35 100/231/35
f 102/232/8 103/233/8 104/234/8
f 103/235/8 102/236/8 104/237/8
f 107/238/7 105/239/7 106/240/7
f 105/241/7 107/242/7 106/243/7
f 109/244/10 110/245/10 108/246/10
f 110/247/10 109/248/10 108/249/10
f 112/250/8 111/251/8 113/252/8
f 111/253/8 112/254/8 113/255/8
f 115/256/35 114/257/35 116/258/35
f 114/259/35 115/260/35 116/261/35
f 118/262/35 119/263/35 117/264/35
f 119/265/35 118/266/35 117/267/35
f 121/268/5 122/269/5 120/270/5
f 120/271/5 122/272/5 121/273/5
f 125/274/6 123/275/6 124/276/6
f 124/277/6 123/278/6 125/279/6
f 126/280/35 127/281/35 128/282/35
f 127/283/35 126/284/35 128/285/35
f 129/286/35 130/287/35 131/288/35
f 130/289/35 129/290/35 131/291/35
f 133/292/35 132/293/35 134/294/35
f 132/295/35 133/296/35 134/297/35
f 137/298/5 135/299/5 270/300/5
f 3164/301/60 137/302/61 270/303/62
f 3164/301/60 270/303/62 3157/304/63
f 135/305/64 137/306/64 3162/307/64
f 135/305/65 3162/307/64 136/308/66
f 136/309/67 3162/310/67 270/311/67
f 136/309/66 270/311/68 135/312/65
f 139/313/69 141/314/70 138/315/71
f 139/313/69 138/315/71 140/316/72
f 141/317/70 139/318/69 140/319/72
f 141/317/70 140/319/72 138/320/71
f 142/321/35 144/322/35 143/323/35
f 142/324/35 143/325/35 144/326/35
f 145/327/35 146/328/35 147/329/35
f 146/330/35 145/331/35 147/332/35
f 148/333/35 149/334/35 150/335/35
f 148/336/35 150/337/35 149/338/35
f 151/339/35 153/340/35 152/341/35
f 151/342/35 152/343/35 153/344/35
f 154/345/35 155/346/35 156/347/35
f 154/348/35 156/349/35 155/350/35
f 157/351/73 158/352/73 164/353/73
f 159/354/35 161/355/35 160/356/35
f 159/357/35 160/358/35 161/359/35
f 162/360/74 166/361/75 165/362/76
f 162/360/74 165/362/76 163/363/77
f 163/364/78 165/365/79 164/366/80
f 165/367/79 166/368/75 164/369/80
f 166/368/75 162/370/74 164/369/80
f 162/371/74 163/364/78 164/366/80
f 167/372/35 166/373/35 163/374/35
f 167/375/35 163/376/35 166/377/35
f 168/378/35 3137/379/35 3138/380/35
f 168/381/35 3138/382/35 3137/383/35
f 172/384/31 171/385/32 170/386/33
f 172/384/31 170/386/33 169/387/34
f 169/388/34 170/389/33 171/390/32
f 169/388/34 171/390/32 172/391/31
f 173/392/35 174/393/35 175/394/35
f 174/395/35 173/396/35 175/397/35
f 176/398/35 178/399/35 177/400/35
f 178/401/35 176/402/35 177/403/35
f 180/404/35 179/405/35 181/406/35
f 179/407/35 180/408/35 181/409/35
f 182/410/35 184/411/35 183/412/35
f 184/413/35 182/414/35 183/415/35
f 186/416/36 185/417/36 191/418/36
f 188/419/35 187/420/35 189/421/35
f 187/422/35 188/423/35 189/424/35
f 192/425/37 194/426/38 190/427/81
f 192/425/37 190/427/81 193/428/40
f 193/429/41 190/430/42 191/431/35
f 190/432/42 194/433/38 191/434/35
f 194/433/38 192/435/37 191/434/35
f 192/436/37 193/429/41 191/431/35
f 195/437/35 194/438/35 193/439/35
f 195/440/35 193/441/35 194/442/35
f 196/443/35 197/444/35 191/445/35
f 197/446/35 196/447/35 191/448/35
f 198/449/82 199/450/45 200/451/83
f 198/449/82 200/451/83 201/452/47
f 199/453/45 198/454/82 201/455/47
f 199/453/45 201/455/47 200/456/83
f 205/457/48 203/458/49 202/459/50
f 205/457/48 202/459/50 204/460/51
f 203/461/49 205/462/48 204/463/51
f 203/461/49 204/463/51 202/464/50
f 206/465/35 208/466/35 207/467/35
f 206/468/35 207/469/35 208/470/35
f 211/471/35 209/472/35 210/473/35
f 209/474/35 211/475/35 210/476/35
f 212/477/35 213/478/35 214/479/35
f 212/480/35 214/481/35 213/482/35
f 217/483/35 215/484/35 216/485/35
f 216/486/35 215/487/35 217/488/35
f 221/489/52 218/490/53 219/491/54
f 221/489/52 219/491/54 220/492/55
f 218/493/53 221/494/52 220/495/55
f 218/493/53 220/495/55 219/496/54
f 222/497/5 223/498/5 224/499/5
f 222/497/5 224/499/5 227/500/5
f 226/501/6 228/502/6 225/503/6
f 226/501/6 225/503/6 229/504/6
f 228/505/7 222/506/7 227/507/7
f 228/505/7 227/507/7 225/508/7
f 223/509/8 226/510/8 229/511/8
f 223/509/8 229/511/8 224/512/8
f 228/513/9 226/514/9 223/515/9
f 228/513/9 223/515/9 222/516/9
f 227/517/10 224/518/10 229/519/10
f 227/517/10 229/519/10 225/520/10
f 230/521/56 231/522/84 233/523/85
f 230/521/56 233/523/85 232/524/59
f 232/525/59 233/526/85 231/527/84
f 232/525/59 231/527/84 230/528/56
f 234/529/7 235/530/7 236/531/7
f 235/532/7 234/533/7 236/534/7
f 237/535/8 238/536/8 239/537/8
f 238/538/8 237/539/8 239/540/8
f 241/541/35 242/542/35 240/543/35
f 242/544/35 241/545/35 240/546/35
f 243/547/35 245/548/35 244/549/35
f 245/550/35 243/551/35 244/552/35
f 246/553/8 247/554/8 248/555/8
f 247/556/8 246/557/8 248/558/8
f 249/559/35 250/560/35 251/561/35
f 250/562/35 249/563/35 251/564/35
f 253/565/35 254/566/35 252/567/35
f 254/568/35 253/569/35 252/570/35
f 255/571/35 256/572/35 257/573/35
f 257/574/35 256/575/35 255/576/35
f 259/577/35 260/578/35 258/579/35
f 258/580/35 260/581/35 259/582/35
f 261/583/35 262/584/35 263/585/35
f 261/586/35 263/587/35 262/588/35
f 264/589/35 266/590/35 265/591/35
f 266/592/35 264/593/35 265/594/35
f 268/595/35 267/596/35 269/597/35
f 267/598/35 268/599/35 269/600/35
f 3165/601/5 137/298/5 270/300/5
f 3165/601/5 270/300/5 271/602/5
f 137/603/61 3164/604/60 3157/605/63
f 137/603/61 3157/605/63 270/606/62
f 410/607/62 3165/608/63 271/609/60
f 410/607/62 271/609/60 272/610/61
f 137/306/86 3165/611/86 3166/612/86
f 137/306/87 3166/612/87 3163/307/87
f 3163/310/67 3166/613/67 271/614/67
f 3163/310/88 271/614/88 270/311/88
f 276/615/69 275/616/70 273/617/71
f 276/615/69 273/617/71 274/618/72
f 275/619/70 276/620/69 274/621/72
f 275/619/70 274/621/72 273/622/71
f 277/623/35 278/624/35 279/625/35
f 277/626/35 279/627/35 278/628/35
f 280/629/35 281/630/35 282/631/35
f 280/632/35 282/633/35 281/634/35
f 284/635/35 285/636/35 283/637/35
f 285/638/35 284/639/35 283/640/35
f 286/641/35 287/642/35 288/643/35
f 286/644/35 288/645/35 287/646/35
f 289/647/35 291/648/35 290/649/35
f 291/650/35 289/651/35 290/652/35
f 292/653/35 294/654/35 293/655/35
f 292/656/35 293/657/35 294/658/35
f 295/659/35 297/660/35 296/661/35
f 295/662/35 296/663/35 297/664/35
f 300/665/74 299/666/75 298/667/89
f 300/665/74 298/667/89 302/668/77
f 302/669/78 298/670/79 305/671/90
f 298/672/79 299/673/75 305/674/90
f 299/673/75 300/675/74 305/674/90
f 300/676/74 302/669/78 305/671/90
f 301/677/35 299/678/35 302/679/35
f 301/680/35 302/681/35 299/682/35
f 304/683/35 303/684/35 305/685/35
f 303/686/35 304/687/35 305/688/35
f 308/689/31 307/690/32 309/691/33
f 308/689/31 309/691/33 306/692/34
f 306/693/34 309/694/33 307/695/32
f 306/693/34 307/695/32 308/696/31
f 311/697/35 310/698/35 312/699/35
f 311/700/35 312/701/35 310/702/35
f 313/703/35 315/704/35 314/705/35
f 313/706/35 314/707/35 315/708/35
f 316/709/35 317/710/35 318/711/35
f 316/712/35 318/713/35 317/714/35
f 320/715/35 319/716/35 321/717/35
f 319/718/35 320/719/35 321/720/35
f 322/721/35 324/722/35 323/723/35
f 322/724/35 323/725/35 324/726/35
f 326/727/35 325/728/35 327/729/35
f 325/730/35 326/731/35 327/732/35
f 328/733/37 332/734/38 331/735/81
f 328/733/37 331/735/81 329/736/40
f 329/737/41 331/738/42 3139/739/91
f 331/740/42 332/741/38 3139/742/91
f 332/741/38 328/743/37 3139/742/91
f 328/744/37 329/737/41 3139/739/91
f 333/745/35 332/746/35 329/747/35
f 333/748/35 329/749/35 332/750/35
f 334/751/35 335/752/35 330/753/35
f 334/754/35 330/755/35 335/756/35
f 337/757/44 336/758/45 339/759/46
f 337/757/44 339/759/46 338/760/47
f 336/761/45 337/762/44 338/763/47
f 336/761/45 338/763/47 339/764/46
f 342/765/48 343/766/49 340/767/50
f 342/765/48 340/767/50 341/768/51
f 343/769/49 342/770/48 341/771/51
f 343/769/49 341/771/51 340/772/50
f 344/773/35 345/774/35 346/775/35
f 344/776/35 346/777/35 345/778/35
f 347/779/35 349/780/35 348/781/35
f 347/782/35 348/783/35 349/784/35
f 351/785/35 350/786/35 352/787/35
f 351/788/35 352/789/35 350/790/35
f 353/791/35 354/792/35 355/793/35
f 355/794/35 354/795/35 353/796/35
f 359/797/52 358/798/53 356/799/54
f 359/797/52 356/799/54 357/800/55
f 358/801/53 359/802/52 357/803/55
f 358/801/53 357/803/55 356/804/54
f 360/805/5 365/806/5 361/807/5
f 360/805/5 361/807/5 363/808/5
f 364/809/6 366/810/6 362/811/6
f 364/809/6 362/811/6 367/812/6
f 366/813/7 360/814/7 363/815/7
f 366/813/7 363/815/7 362/816/7
f 365/817/8 364/818/8 367/819/8
f 365/817/8 367/819/8 361/820/8
f 366/821/9 364/822/9 365/823/9
f 366/821/9 365/823/9 360/824/9
f 363/825/10 361/826/10 367/827/10
f 363/825/10 367/827/10 362/828/10
f 368/829/56 370/830/84 369/831/85
f 368/829/56 369/831/85 371/832/59
f 371/833/59 369/834/85 370/835/84
f 371/833/59 370/835/84 368/836/56
f 372/837/7 373/838/7 374/839/7
f 373/840/7 372/841/7 374/842/7
f 376/843/8 377/844/8 375/845/8
f 377/846/8 376/847/8 375/848/8
f 378/849/35 380/850/35 379/851/35
f 380/852/35 378/853/35 379/854/35
f 382/855/8 383/856/8 381/857/8
f 383/858/8 382/859/8 381/860/8
f 386/861/8 384/862/8 385/863/8
f 384/864/8 386/865/8 385/866/8
f 389/867/35 388/868/35 387/869/35
f 388/870/35 389/871/35 387/872/35
f 391/873/35 392/874/35 390/875/35
f 392/876/35 391/877/35 390/878/35
f 395/879/92 393/880/93 394/881/93
f 394/882/93 393/883/93 395/884/92
f 398/885/5 396/886/5 397/887/5
f 397/888/5 396/889/5 398/890/5
f 399/891/35 400/892/35 401/893/35
f 399/894/35 401/895/35 400/896/35
f 402/897/35 403/898/35 404/899/35
f 403/900/35 402/901/35 404/902/35
f 405/903/35 406/904/35 407/905/35
f 405/906/35 407/907/35 406/908/35
f 409/909/5 3165/601/5 271/602/5
f 3165/910/63 410/911/62 272/912/61
f 3165/910/63 272/912/61 271/913/60
f 3165/611/94 409/914/95 408/915/96
f 3165/611/87 408/915/87 3167/612/87
f 3167/613/97 408/916/96 409/917/95
f 3167/613/97 409/917/97 271/614/97
f 411/918/69 412/919/70 414/920/71
f 411/918/69 414/920/71 413/921/72
f 412/922/70 411/923/69 413/924/72
f 412/922/70 413/924/72 414/925/71
f 415/926/35 416/927/35 417/928/35
f 415/929/35 417/930/35 416/931/35
f 418/932/35 420/933/35 419/934/35
f 418/935/35 419/936/35 420/937/35
f 421/938/35 422/939/35 423/940/35
f 421/941/35 423/942/35 422/943/35
f 425/944/35 424/945/35 426/946/35
f 424/947/35 425/948/35 426/949/35
f 429/950/35 427/951/35 428/952/35
f 427/953/35 429/954/35 428/955/35
f 430/956/73 431/957/73 437/958/73
f 432/959/35 433/960/35 434/961/35
f 432/962/35 434/963/35 433/964/35
f 435/965/74 436/966/75 438/967/89
f 435/965/74 438/967/89 440/968/77
f 440/969/78 438/970/98 437/971/35
f 438/972/98 436/973/75 437/974/35
f 436/973/75 435/975/74 437/974/35
f 435/976/74 440/969/78 437/971/35
f 439/977/35 436/978/35 440/979/35
f 439/980/35 440/981/35 436/982/35
f 442/983/35 441/984/35 437/985/35
f 441/986/35 442/987/35 437/988/35
f 443/989/99 446/990/100 444/991/101
f 443/989/99 444/991/101 445/992/102
f 446/993/100 443/994/99 445/995/102
f 446/993/100 445/995/102 444/996/101
f 447/997/103 450/998/104 449/999/105
f 447/997/103 449/999/105 448/1000/106
f 450/1001/104 447/1002/103 448/1003/106
f 450/1001/104 448/1003/106 449/1004/105
f 453/1005/35 451/1006/35 452/1007/35
f 451/1008/35 453/1009/35 452/1010/35
f 455/1011/35 456/1012/35 454/1013/35
f 456/1014/35 455/1015/35 454/1016/35
f 459/1017/35 458/1018/35 457/1019/35
f 459/1020/35 457/1021/35 458/1022/35
f 460/1023/35 461/1024/35 462/1025/35
f 460/1026/35 462/1027/35 461/1028/35
f 463/1029/107 466/1030/100 464/1031/108
f 463/1029/107 464/1031/108 465/1032/102
f 466/1033/100 463/1034/107 465/1035/102
f 466/1033/100 465/1035/102 464/1036/108
f 468/1037/109 470/1038/110 467/1039/111
f 468/1037/109 467/1039/111 469/1040/112
f 470/1041/110 468/1042/109 469/1043/112
f 470/1041/110 469/1043/112 467/1044/111
f 472/1045/35 471/1046/35 473/1047/35
f 472/1048/35 473/1049/35 471/1050/35
f 476/1051/35 474/1052/35 475/1053/35
f 474/1054/35 476/1055/35 475/1056/35
f 477/1057/35 479/1058/35 478/1059/35
f 477/1060/35 478/1061/35 479/1062/35
f 482/1063/35 481/1064/35 480/1065/35
f 480/1066/35 481/1067/35 482/1068/35
f 483/1069/113 486/1070/114 484/1071/115
f 483/1069/113 484/1071/115 485/1072/101
f 486/1073/114 483/1074/113 485/1075/101
f 486/1073/114 485/1075/101 484/1076/115
f 489/1077/116 490/1078/117 487/1079/118
f 489/1077/116 487/1079/118 488/1080/119
f 490/1081/117 489/1082/116 488/1083/119
f 490/1081/117 488/1083/119 487/1084/118
f 491/1085/35 492/1086/35 493/1087/35
f 491/1088/35 493/1089/35 492/1090/35
f 496/1091/35 495/1092/35 494/1093/35
f 495/1094/35 496/1095/35 494/1096/35
f 498/1097/7 499/1098/7 497/1099/7
f 499/1100/7 498/1101/7 497/1102/7
f 500/1103/35 502/1104/35 501/1105/35
f 500/1106/35 501/1107/35 502/1108/35
f 505/1109/120 504/1110/114 506/1111/102
f 505/1109/120 506/1111/102 503/1112/101
f 504/1113/114 505/1114/120 503/1115/101
f 504/1113/114 503/1115/101 506/1116/102
f 507/1117/121 510/1118/122 508/1119/123
f 507/1117/121 508/1119/123 509/1120/124
f 510/1121/122 507/1122/121 509/1123/124
f 510/1121/122 509/1123/124 508/1124/123
f 513/1125/35 511/1126/35 512/1127/35
f 513/1128/35 512/1129/35 511/1130/35
f 514/1131/35 515/1132/35 516/1133/35
f 514/1134/35 516/1135/35 515/1136/35
f 517/1137/35 519/1138/35 518/1139/35
f 517/1140/35 518/1141/35 519/1142/35
f 520/1143/35 522/1144/35 521/1145/35
f 520/1146/35 521/1147/35 522/1148/35
f 526/1149/27 524/1150/28 523/1151/29
f 526/1149/27 523/1151/29 525/1152/30
f 525/1153/30 523/1154/29 524/1155/28
f 525/1153/30 524/1155/28 526/1156/27
f 529/1157/31 530/1158/32 527/1159/33
f 529/1157/31 527/1159/33 528/1160/34
f 528/1161/34 527/1162/33 530/1163/32
f 528/1161/34 530/1163/32 529/1164/31
f 532/1165/35 531/1166/35 533/1167/35
f 531/1168/35 532/1169/35 533/1170/35
f 534/1171/35 536/1172/35 535/1173/35
f 534/1174/35 535/1175/35 536/1176/35
f 538/1177/35 537/1178/35 539/1179/35
f 537/1180/35 538/1181/35 539/1182/35
f 541/1183/35 540/1184/35 542/1185/35
f 540/1186/35 541/1187/35 542/1188/35
f 543/1189/35 544/1190/35 545/1191/35
f 543/1192/35 545/1193/35 544/1194/35
f 546/1195/35 548/1196/35 547/1197/35
f 548/1198/35 546/1199/35 547/1200/35
f 549/1201/37 551/1202/38 550/1203/125
f 549/1201/37 550/1203/125 553/1204/40
f 553/1205/41 550/1206/42 3149/1207/35
f 550/1208/42 551/1209/38 3149/1210/35
f 551/1209/38 549/1211/37 3149/1210/35
f 549/1212/37 553/1205/41 3149/1207/35
f 552/1213/35 551/1214/35 553/1215/35
f 552/1216/35 553/1217/35 551/1218/35
f 555/1219/126 554/1220/126 3149/1221/126
f 557/1222/44 556/1223/45 559/1224/46
f 557/1222/44 559/1224/46 558/1225/47
f 556/1226/45 557/1227/44 558/1228/47
f 556/1226/45 558/1228/47 559/1229/46
f 562/1230/48 561/1231/49 560/1232/50
f 562/1230/48 560/1232/50 563/1233/51
f 561/1234/49 562/1235/48 563/1236/51
f 561/1234/49 563/1236/51 560/1237/50
f 565/1238/127 566/1239/128 564/1240/128
f 566/1241/128 565/1242/127 564/1243/128
f 569/1244/127 567/1245/128 568/1246/128
f 567/1247/128 569/1248/127 568/1249/128
f 571/1250/128 570/1251/5 572/1252/128
f 570/1253/5 571/1254/128 572/1255/128
f 574/1256/35 573/1257/35 575/1258/35
f 575/1259/35 573/1260/35 574/1261/35
f 578/1262/52 576/1263/53 579/1264/54
f 578/1262/52 579/1264/54 577/1265/55
f 576/1266/53 578/1267/52 577/1268/55
f 576/1266/53 577/1268/55 579/1269/54
f 580/1270/5 587/1271/5 581/1272/5
f 580/1270/5 581/1272/5 584/1273/5
f 586/1274/6 583/1275/6 582/1276/6
f 586/1274/6 582/1276/6 585/1277/6
f 583/1278/7 580/1279/7 584/1280/7
f 583/1278/7 584/1280/7 582/1281/7
f 587/1282/8 586/1283/8 585/1284/8
f 587/1282/8 585/1284/8 581/1285/8
f 583/1286/9 586/1287/9 587/1288/9
f 583/1286/9 587/1288/9 580/1289/9
f 584/1290/10 581/1291/10 585/1292/10
f 584/1290/10 585/1292/10 582/1293/10
f 589/1294/129 588/1295/130 591/1296/85
f 589/1294/129 591/1296/85 590/1297/131
f 590/1298/131 591/1299/85 588/1300/130
f 590/1298/131 588/1300/130 589/1301/129
f 592/1302/7 593/1303/7 594/1304/7
f 593/1305/7 592/1306/7 594/1307/7
f 595/1308/10 597/1309/10 596/1310/10
f 597/1311/10 595/1312/10 596/1313/10
f 599/1314/35 598/1315/35 600/1316/35
f 598/1317/35 599/1318/35 600/1319/35
f 602/1320/35 601/1321/35 603/1322/35
f 601/1323/35 602/1324/35 603/1325/35
f 604/1326/132 606/1327/133 605/1328/134
f 606/1329/133 604/1330/132 605/1331/134
f 609/1332/35 607/1333/35 608/1334/35
f 607/1335/35 609/1336/35 608/1337/35
f 610/1338/35 612/1339/35 611/1340/35
f 612/1341/35 610/1342/35 611/1343/35
f 615/1344/6 614/1345/6 613/1346/6
f 613/1347/6 614/1348/6 615/1349/6
f 616/1350/6 617/1351/6 618/1352/6
f 618/1353/6 617/1354/6 616/1355/6
f 619/1356/35 620/1357/35 621/1358/35
f 620/1359/35 619/1360/35 621/1361/35
f 622/1362/35 623/1363/35 624/1364/35
f 622/1365/35 624/1366/35 623/1367/35
f 626/1368/35 625/1369/35 627/1370/35
f 625/1371/35 626/1372/35 627/1373/35
f 628/1374/6 630/1375/6 631/1376/6
f 630/1377/8 3142/1378/7 3141/1379/8
f 630/1377/8 3141/1379/8 631/1380/7
f 629/1381/135 3140/1382/135 630/1383/135
f 629/1381/136 630/1383/137 628/1384/138
f 628/1385/139 631/1386/139 3140/1387/139
f 628/1385/138 3140/1387/139 629/1388/136
f 632/1389/69 635/1390/70 633/1391/71
f 632/1389/69 633/1391/71 634/1392/72
f 635/1393/70 632/1394/69 634/1395/72
f 635/1393/70 634/1395/72 633/1396/71
f 636/1397/35 638/1398/35 637/1399/35
f 636/1400/35 637/1401/35 638/1402/35
f 639/1403/35 640/1404/35 641/1405/35
f 639/1406/35 641/1407/35 640/1408/35
f 642/1409/35 643/1410/35 644/1411/35
f 642/1412/35 644/1413/35 643/1414/35
f 646/1415/35 645/1416/35 647/1417/35
f 645/1418/35 646/1419/35 647/1420/35
f 648/1421/35 650/1422/35 649/1423/35
f 650/1424/35 648/1425/35 649/1426/35
f 651/1427/35 652/1428/35 653/1429/35
f 651/1430/35 653/1431/35 652/1432/35
f 654/1433/35 655/1434/35 656/1435/35
f 654/1436/35 656/1437/35 655/1438/35
f 657/1439/74 661/1440/75 660/1441/89
f 657/1439/74 660/1441/89 659/1442/77
f 659/1443/78 660/1444/98 658/1445/140
f 660/1446/98 661/1447/75 658/1448/140
f 661/1447/75 657/1449/74 658/1448/140
f 657/1450/74 659/1443/78 658/1445/140
f 662/1451/35 661/1452/35 659/1453/35
f 662/1454/35 659/1455/35 661/1456/35
f 663/1457/141 664/1458/141 658/1459/141
f 667/1460/31 666/1461/32 665/1462/33
f 667/1460/31 665/1462/33 668/1463/34
f 668/1464/34 665/1465/33 666/1466/32
f 668/1464/34 666/1466/32 667/1467/31
f 669/1468/35 670/1469/35 671/1470/35
f 669/1471/35 671/1472/35 670/1473/35
f 673/1474/35 672/1475/35 674/1476/35
f 672/1477/35 673/1478/35 674/1479/35
f 675/1480/35 677/1481/35 676/1482/35
f 675/1483/35 676/1484/35 677/1485/35
f 678/1486/35 679/1487/35 680/1488/35
f 678/1489/35 680/1490/35 679/1491/35
f 682/1492/35 681/1493/35 683/1494/35
f 681/1495/35 682/1496/35 683/1497/35
f 685/1498/35 684/1499/35 686/1500/35
f 684/1501/35 685/1502/35 686/1503/35
f 687/1504/37 690/1505/38 688/1506/39
f 687/1504/37 688/1506/39 689/1507/40
f 689/1508/41 688/1509/42 683/1510/35
f 688/1511/42 690/1512/38 683/1513/35
f 690/1512/38 687/1514/37 683/1513/35
f 687/1515/37 689/1508/41 683/1510/35
f 692/1516/35 690/1517/35 689/1518/35
f 692/1519/35 689/1520/35 690/1521/35
f 693/1522/35 694/1523/35 691/1524/35
f 693/1525/35 691/1526/35 694/1527/35
f 695/1528/142 696/1529/45 697/1530/143
f 695/1528/142 697/1530/143 698/1531/47
f 696/1532/45 695/1533/142 698/1534/47
f 696/1532/45 698/1534/47 697/1535/143
f 701/1536/48 702/1537/49 699/1538/50
f 701/1536/48 699/1538/50 700/1539/51
f 702/1540/49 701/1541/48 700/1542/51
f 702/1540/49 700/1542/51 699/1543/50
f 705/1544/5 703/1545/144 704/1546/145
f 703/1547/144 705/1548/5 704/1549/145
f 707/1550/5 706/1551/5 708/1552/5
f 706/1553/5 707/1554/5 708/1555/5
f 710/1556/5 709/1557/144 711/1558/145
f 709/1559/144 710/1560/5 711/1561/145
f 713/1562/35 714/1563/35 712/1564/35
f 713/1565/35 712/1566/35 714/1567/35
f 717/1568/52 715/1569/53 716/1570/54
f 717/1568/52 716/1570/54 718/1571/55
f 715/1572/53 717/1573/52 718/1574/55
f 715/1572/53 718/1574/55 716/1575/54
f 724/1576/5 719/1577/5 720/1578/5
f 724/1576/5 720/1578/5 725/1579/5
f 726/1580/6 723/1581/6 721/1582/6
f 726/1580/6 721/1582/6 722/1583/6
f 723/1584/7 724/1585/7 725/1586/7
f 723/1584/7 725/1586/7 721/1587/7
f 719/1588/8 726/1589/8 722/1590/8
f 719/1588/8 722/1590/8 720/1591/8
f 723/1592/9 726/1593/9 719/1594/9
f 723/1592/9 719/1594/9 724/1595/9
f 725/1596/10 720/1597/10 722/1598/10
f 725/1596/10 722/1598/10 721/1599/10
f 727/1600/129 728/1601/130 729/1602/85
f 727/1600/129 729/1602/85 730/1603/59
f 730/1604/59 729/1605/85 728/1606/130
f 730/1604/59 728/1606/130 727/1607/129
f 733/1608/146 731/1609/147 732/1610/148
f 731/1611/147 733/1612/146 732/1613/148
f 736/1614/5 734/1615/5 735/1616/5
f 734/1617/5 736/1618/5 735/1619/5
f 738/1620/7 737/1621/7 739/1622/7
f 737/1623/7 738/1624/7 739/1625/7
f 740/1626/35 742/1627/35 741/1628/35
f 742/1629/35 740/1630/35 741/1631/35
f 745/1632/149 743/1633/150 744/1634/149
f 743/1635/150 745/1636/149 744/1637/149
f 747/1638/10 746/1639/10 748/1640/10
f 746/1641/10 747/1642/10 748/1643/10
f 751/1644/35 750/1645/35 749/1646/35
f 750/1647/35 751/1648/35 749/1649/35
f 754/1650/5 753/1651/5 752/1652/5
f 752/1653/5 753/1654/5 754/1655/5
f 757/1656/35 756/1657/35 755/1658/35
f 755/1659/35 756/1660/35 757/1661/35
f 758/1662/35 759/1663/35 760/1664/35
f 758/1665/35 760/1666/35 759/1667/35
f 763/1668/35 761/1669/35 762/1670/35
f 763/1671/35 762/1672/35 761/1673/35
f 764/1674/35 766/1675/35 765/1676/35
f 764/1677/35 765/1678/35 766/1679/35
f 3143/1680/5 3142/1681/5 3141/1682/5
f 3143/1680/5 3141/1682/5 767/1683/5
f 3142/1684/7 630/1685/8 631/1686/7
f 3142/1684/7 631/1686/7 3141/1687/8
f 904/1688/8 3143/1689/7 767/1690/8
f 904/1688/8 767/1690/8 3197/1691/7
f 3142/1382/86 3143/1692/86 3195/1693/86
f 3142/1382/87 3195/1693/87 3190/1383/87
f 3190/1386/67 3195/1694/67 767/1695/67
f 3190/1386/88 767/1695/88 3141/1387/88
f 769/1696/69 771/1697/70 768/1698/71
f 769/1696/69 768/1698/71 770/1699/72
f 771/1700/70 769/1701/69 770/1702/72
f 771/1700/70 770/1702/72 768/1703/71
f 774/1704/35 772/1705/35 773/1706/35
f 772/1707/35 774/1708/35 773/1709/35
f 775/1710/35 776/1711/35 777/1712/35
f 776/1713/35 775/1714/35 777/1715/35
f 778/1716/35 780/1717/35 779/1718/35
f 778/1719/35 779/1720/35 780/1721/35
f 781/1722/35 783/1723/35 782/1724/35
f 781/1725/35 782/1726/35 783/1727/35
f 784/1728/35 786/1729/35 785/1730/35
f 786/1731/35 784/1732/35 785/1733/35
f 788/1734/73 787/1735/73 794/1736/73
f 790/1737/35 789/1738/35 791/1739/35
f 789/1740/35 790/1741/35 791/1742/35
f 795/1743/74 797/1744/75 792/1745/89
f 795/1743/74 792/1745/89 793/1746/77
f 793/1747/78 792/1748/98 794/1749/35
f 792/1750/98 797/1751/75 794/1752/35
f 797/1751/75 795/1753/74 794/1752/35
f 795/1754/74 793/1747/78 794/1749/35
f 796/1755/35 797/1756/35 793/1757/35
f 796/1758/35 793/1759/35 797/1760/35
f 798/1761/35 3198/1762/35 799/1763/35
f 798/1764/35 799/1765/35 3198/1766/35
f 801/1767/31 803/1768/32 800/1769/33
f 801/1767/31 800/1769/33 802/1770/34
f 802/1771/34 800/1772/33 803/1773/32
f 802/1771/34 803/1773/32 801/1774/31
f 805/1775/35 806/1776/35 804/1777/35
f 806/1778/35 805/1779/35 804/1780/35
f 807/1781/35 809/1782/35 808/1783/35
f 807/1784/35 808/1785/35 809/1786/35
f 810/1787/35 811/1788/35 812/1789/35
f 810/1790/35 812/1791/35 811/1792/35
f 813/1793/35 814/1794/35 815/1795/35
f 813/1796/35 815/1797/35 814/1798/35
f 816/1799/35 818/1800/35 817/1801/35
f 816/1802/35 817/1803/35 818/1804/35
f 819/1805/35 821/1806/35 820/1807/35
f 819/1808/35 820/1809/35 821/1810/35
f 822/1811/37 825/1812/38 823/1813/81
f 822/1811/37 823/1813/81 826/1814/40
f 826/1815/41 823/1816/42 824/1817/35
f 823/1818/42 825/1819/38 824/1820/35
f 825/1819/38 822/1821/37 824/1820/35
f 822/1822/37 826/1815/41 824/1817/35
f 827/1823/35 825/1824/35 826/1825/35
f 827/1826/35 826/1827/35 825/1828/35
f 828/1829/151 829/1830/151 824/1831/151
f 832/1832/44 830/1833/45 833/1834/46
f 832/1832/44 833/1834/46 831/1835/47
f 830/1836/45 832/1837/44 831/1838/47
f 830/1836/45 831/1838/47 833/1839/46
f 837/1840/48 835/1841/49 834/1842/50
f 837/1840/48 834/1842/50 836/1843/51
f 835/1844/49 837/1845/48 836/1846/51
f 835/1844/49 836/1846/51 834/1847/50
f 840/1848/128 838/1849/5 839/1850/128
f 838/1851/5 840/1852/128 839/1853/128
f 842/1854/127 841/1855/128 843/1856/128
f 841/1857/128 842/1858/127 843/1859/128
f 846/1860/127 844/1861/128 845/1862/128
f 844/1863/128 846/1864/127 845/1865/128
f 849/1866/35 848/1867/35 847/1868/35
f 847/1869/35 848/1870/35 849/1871/35
f 851/1872/52 852/1873/53 850/1874/54
f 851/1872/52 850/1874/54 853/1875/55
f 852/1876/53 851/1877/52 853/1878/55
f 852/1876/53 853/1878/55 850/1879/54
f 855/1880/5 854/1881/5 858/1882/5
f 855/1880/5 858/1882/5 860/1883/5
f 856/1884/6 859/1885/6 861/1886/6
f 856/1884/6 861/1886/6 857/1887/6
f 859/1888/7 855/1889/7 860/1890/7
f 859/1888/7 860/1890/7 861/1891/7
f 854/1892/8 856/1893/8 857/1894/8
f 854/1892/8 857/1894/8 858/1895/8
f 859/1896/9 856/1897/9 854/1898/9
f 859/1896/9 854/1898/9 855/1899/9
f 860/1900/10 858/1901/10 857/1902/10
f 860/1900/10 857/1902/10 861/1903/10
f 862/1904/56 864/1905/130 863/1906/58
f 862/1904/56 863/1906/58 865/1907/59
f 865/1908/59 863/1909/58 864/1910/130
f 865/1908/59 864/1910/130 862/1911/56
f 867/1912/152 866/1913/153 868/1914/152
f 866/1915/153 867/1916/152 868/1917/152
f 869/1918/154 871/1919/155 870/1920/154
f 871/1921/155 869/1922/154 870/1923/154
f 872/1924/35 874/1925/35 873/1926/35
f 874/1927/35 872/1928/35 873/1929/35
f 875/1930/10 876/1931/10 877/1932/10
f 876/1933/10 875/1934/10 877/1935/10
f 878/1936/156 879/1937/157 880/1938/158
f 879/1939/157 878/1940/156 880/1941/158
f 883/1942/152 882/1943/153 881/1944/152
f 882/1945/153 883/1946/152 881/1947/152
f 885/1948/35 886/1949/35 884/1950/35
f 886/1951/35 885/1952/35 884/1953/35
f 889/1954/7 888/1955/7 887/1956/7
f 887/1957/7 888/1958/7 889/1959/7
f 892/1960/35 891/1961/35 890/1962/35
f 890/1963/35 891/1964/35 892/1965/35
f 895/1966/35 893/1967/35 894/1968/35
f 893/1969/35 895/1970/35 894/1971/35
f 897/1972/35 898/1973/35 896/1974/35
f 897/1975/35 896/1976/35 898/1977/35
f 899/1978/35 900/1979/35 901/1980/35
f 899/1981/35 901/1982/35 900/1983/35
f 903/1984/5 3143/1680/5 767/1683/5
f 3143/1985/7 904/1986/8 3197/1987/7
f 3143/1985/7 3197/1987/7 767/1988/8
f 3143/1692/94 903/1989/95 902/1990/96
f 3143/1692/87 902/1990/87 3196/1693/87
f 3196/1694/97 902/1991/96 903/1992/95
f 3196/1694/97 903/1992/97 767/1695/97
f 905/1993/69 907/1994/70 908/1995/71
f 905/1993/69 908/1995/71 906/1996/72
f 907/1997/70 905/1998/69 906/1999/72
f 907/1997/70 906/1999/72 908/2000/71
f 910/2001/35 911/2002/35 909/2003/35
f 911/2004/35 910/2005/35 909/2006/35
f 912/2007/35 914/2008/35 913/2009/35
f 912/2010/35 913/2011/35 914/2012/35
f 915/2013/35 917/2014/35 916/2015/35
f 917/2016/35 915/2017/35 916/2018/35
f 919/2019/35 920/2020/35 918/2021/35
f 920/2022/35 919/2023/35 918/2024/35
f 921/2025/35 923/2026/35 922/2027/35
f 923/2028/35 921/2029/35 922/2030/35
f 925/2031/35 924/2032/35 926/2033/35
f 924/2034/35 925/2035/35 926/2036/35
f 927/2037/35 929/2038/35 928/2039/35
f 929/2040/35 927/2041/35 928/2042/35
f 932/2043/74 931/2044/75 930/2045/89
f 932/2043/74 930/2045/89 933/2046/77
f 933/2047/78 930/2048/98 926/2049/140
f 930/2050/98 931/2051/75 926/2052/140
f 931/2051/75 932/2053/74 926/2052/140
f 932/2054/74 933/2047/78 926/2049/140
f 934/2055/35 931/2056/35 933/2057/35
f 934/2058/35 933/2059/35 931/2060/35
f 935/2061/141 936/2062/141 926/2063/141
f 938/2064/114 940/2065/100 937/2066/101
f 938/2064/114 937/2066/101 939/2067/102
f 940/2068/100 938/2069/114 939/2070/102
f 940/2068/100 939/2070/102 937/2071/101
f 942/2072/103 944/2073/104 941/2074/105
f 942/2072/103 941/2074/105 943/2075/106
f 944/2076/104 942/2077/103 943/2078/106
f 944/2076/104 943/2078/106 941/2079/105
f 947/2080/35 945/2081/35 946/2082/35
f 947/2083/35 946/2084/35 945/2085/35
f 950/2086/35 948/2087/35 949/2088/35
f 950/2089/35 949/2090/35 948/2091/35
f 953/2092/35 951/2093/35 952/2094/35
f 953/2095/35 952/2096/35 951/2097/35
f 954/2098/35 956/2099/35 955/2100/35
f 954/2101/35 955/2102/35 956/2103/35
f 957/2104/114 959/2105/100 960/2106/101
f 957/2104/114 960/2106/101 958/2107/102
f 959/2108/100 957/2109/114 958/2110/102
f 959/2108/100 958/2110/102 960/2111/101
f 964/2112/109 961/2113/110 962/2114/111
f 964/2112/109 962/2114/111 963/2115/112
f 961/2116/110 964/2117/109 963/2118/112
f 961/2116/110 963/2118/112 962/2119/111
f 967/2120/35 965/2121/35 966/2122/35
f 965/2123/35 967/2124/35 966/2125/35
f 969/2126/35 970/2127/35 968/2128/35
f 969/2129/35 968/2130/35 970/2131/35
f 972/2132/35 973/2133/35 971/2134/35
f 973/2135/35 972/2136/35 971/2137/35
f 976/2138/35 975/2139/35 974/2140/35
f 974/2141/35 975/2142/35 976/2143/35
f 978/2144/100 977/2145/114 980/2146/102
f 978/2144/100 980/2146/102 979/2147/101
f 977/2148/114 978/2149/100 979/2150/101
f 977/2148/114 979/2150/101 980/2151/102
f 983/2152/116 981/2153/117 982/2154/118
f 983/2152/116 982/2154/118 984/2155/119
f 981/2156/117 983/2157/116 984/2158/119
f 981/2156/117 984/2158/119 982/2159/118
f 987/2160/35 985/2161/35 986/2162/35
f 987/2163/35 986/2164/35 985/2165/35
f 989/2166/35 990/2167/35 988/2168/35
f 990/2169/35 989/2170/35 988/2171/35
f 991/2172/35 993/2173/35 992/2174/35
f 991/2175/35 992/2176/35 993/2177/35
f 995/2178/35 996/2179/35 994/2180/35
f 995/2181/35 994/2182/35 996/2183/35
f 999/2184/100 997/2185/114 1000/2186/102
f 999/2184/100 1000/2186/102 998/2187/101
f 997/2188/114 999/2189/100 998/2190/101
f 997/2188/114 998/2190/101 1000/2191/102
f 1001/2192/121 1003/2193/122 1004/2194/123
f 1001/2192/121 1004/2194/123 1002/2195/124
f 1003/2196/122 1001/2197/121 1002/2198/124
f 1003/2196/122 1002/2198/124 1004/2199/123
f 1006/2200/35 1007/2201/35 1005/2202/35
f 1007/2203/35 1006/2204/35 1005/2205/35
f 1008/2206/35 1009/2207/35 1010/2208/35
f 1008/2209/35 1010/2210/35 1009/2211/35
f 1011/2212/35 1013/2213/35 1012/2214/35
f 1011/2215/35 1012/2216/35 1013/2217/35
f 1014/2218/35 1016/2219/35 1015/2220/35
f 1014/2221/35 1015/2222/35 1016/2223/35
f 1018/2224/27 1019/2225/28 1017/2226/29
f 1018/2224/27 1017/2226/29 1020/2227/30
f 1020/2228/30 1017/2229/29 1019/2230/28
f 1020/2228/30 1019/2230/28 1018/2231/27
f 1023/2232/31 1024/2233/32 1022/2234/33
f 1023/2232/31 1022/2234/33 1021/2235/34
f 1021/2236/34 1022/2237/33 1024/2238/32
f 1021/2236/34 1024/2238/32 1023/2239/31
f 1026/2240/35 1027/2241/35 1025/2242/35
f 1027/2243/35 1026/2244/35 1025/2245/35
f 1028/2246/35 1030/2247/35 1029/2248/35
f 1028/2249/35 1029/2250/35 1030/2251/35
f 1031/2252/35 1033/2253/35 1032/2254/35
f 1031/2255/35 1032/2256/35 1033/2257/35
f 1034/2258/35 1036/2259/35 1035/2260/35
f 1034/2261/35 1035/2262/35 1036/2263/35
f 1037/2264/35 1038/2265/35 1039/2266/35
f 1037/2267/35 1039/2268/35 1038/2269/35
f 1040/2270/35 1042/2271/35 1041/2272/35
f 1042/2273/35 1040/2274/35 1041/2275/35
f 1043/2276/159 1048/2277/160 1044/2278/81
f 1043/2276/159 1044/2278/81 1046/2279/40
f 1046/2280/41 1044/2281/42 1045/2282/35
f 1044/2283/42 1048/2284/160 1045/2285/35
f 1048/2284/160 1043/2286/159 1045/2285/35
f 1043/2287/159 1046/2280/41 1045/2282/35
f 1047/2288/35 1048/2289/35 1046/2290/35
f 1047/2291/35 1046/2292/35 1048/2293/35
f 1049/2294/35 1050/2295/35 1045/2296/35
f 1050/2297/35 1049/2298/35 1045/2299/35
f 1052/2300/44 1053/2301/161 1054/2302/46
f 1052/2300/44 1054/2302/46 1051/2303/162
f 1053/2304/161 1052/2305/44 1051/2306/162
f 1053/2304/161 1051/2306/162 1054/2307/46
f 1057/2308/48 1056/2309/49 1058/2310/50
f 1057/2308/48 1058/2310/50 1055/2311/51
f 1056/2312/49 1057/2313/48 1055/2314/51
f 1056/2312/49 1055/2314/51 1058/2315/50
f 1059/2316/35 1060/2317/35 1061/2318/35
f 1059/2319/35 1061/2320/35 1060/2321/35
f 1062/2322/35 1064/2323/35 1063/2324/35
f 1064/2325/35 1062/2326/35 1063/2327/35
f 1065/2328/35 1067/2329/35 1066/2330/35
f 1065/2331/35 1066/2332/35 1067/2333/35
f 1069/2334/5 1070/2335/5 1068/2336/5
f 1068/2337/5 1070/2338/5 1069/2339/5
f 1073/2340/52 1071/2341/53 1072/2342/54
f 1073/2340/52 1072/2342/54 1074/2343/55
f 1071/2344/53 1073/2345/52 1074/2346/55
f 1071/2344/53 1074/2346/55 1072/2347/54
f 1075/2348/5 1078/2349/5 1080/2350/5
f 1075/2348/5 1080/2350/5 1077/2351/5
f 1079/2352/6 1076/2353/6 1082/2354/6
f 1079/2352/6 1082/2354/6 1081/2355/6
f 1076/2356/7 1075/2357/7 1077/2358/7
f 1076/2356/7 1077/2358/7 1082/2359/7
f 1078/2360/8 1079/2361/8 1081/2362/8
f 1078/2360/8 1081/2362/8 1080/2363/8
f 1076/2364/9 1079/2365/9 1078/2366/9
f 1076/2364/9 1078/2366/9 1075/2367/9
f 1077/2368/10 1080/2369/10 1081/2370/10
f 1077/2368/10 1081/2370/10 1082/2371/10
f 1083/2372/129 1086/2373/57 1084/2374/85
f 1083/2372/129 1084/2374/85 1085/2375/59
f 1085/2376/59 1084/2377/85 1086/2378/57
f 1085/2376/59 1086/2378/57 1083/2379/129
f 1088/2380/35 1087/2381/35 1089/2382/35
f 1087/2383/35 1088/2384/35 1089/2385/35
f 1090/2386/163 1092/2387/164 1091/2388/164
f 1092/2389/164 1090/2390/163 1091/2391/164
f 1093/2392/35 1095/2393/35 1094/2394/35
f 1095/2395/35 1093/2396/35 1094/2397/35
f 1098/2398/7 1096/2399/7 1097/2400/7
f 1096/2401/7 1098/2402/7 1097/2403/7
f 1100/2404/7 1099/2405/7 1101/2406/7
f 1099/2407/7 1100/2408/7 1101/2409/7
f 1103/2410/35 1102/2411/35 1104/2412/35
f 1102/2413/35 1103/2414/35 1104/2415/35
f 1105/2416/35 1106/2417/35 1107/2418/35
f 1105/2419/35 1107/2420/35 1106/2421/35
f 1108/2422/5 1109/2423/5 1110/2424/5
f 1110/2425/5 1109/2426/5 1108/2427/5
f 1112/2428/35 1113/2429/35 1111/2430/35
f 1111/2431/35 1113/2432/35 1112/2433/35
f 1116/2434/35 1115/2435/35 1114/2436/35
f 1116/2437/35 1114/2438/35 1115/2439/35
f 1118/2440/35 1117/2441/35 1119/2442/35
f 1117/2443/35 1118/2444/35 1119/2445/35
f 1121/2446/35 1120/2447/35 1122/2448/35
f 1120/2449/35 1121/2450/35 1122/2451/35
f 3169/2452/5 1123/2453/5 3189/2454/5
f 1125/2455/8 3169/2456/7 3189/2457/8
f 1125/2455/8 3189/2457/8 1126/2458/7
f 1123/2459/64 3169/2460/64 3168/2461/64
f 1123/2459/65 3168/2461/64 1124/2462/66
f 1124/2463/67 3168/2464/67 3189/2465/67
f 1124/2463/66 3189/2465/68 1123/2466/65
f 1130/2467/69 1129/2468/70 1128/2469/71
f 1130/2467/69 1128/2469/71 1131/2470/72
f 1129/2471/70 1130/2472/69 1131/2473/72
f 1129/2471/70 1131/2473/72 1128/2474/71
f 1134/2475/35 1132/2476/35 1133/2477/35
f 1132/2478/35 1134/2479/35 1133/2480/35
f 1135/2481/35 1137/2482/35 1136/2483/35
f 1135/2484/35 1136/2485/35 1137/2486/35
f 1139/2487/35 1138/2488/35 1140/2489/35
f 1138/2490/35 1139/2491/35 1140/2492/35
f 1141/2493/35 1143/2494/35 1142/2495/35
f 1141/2496/35 1142/2497/35 1143/2498/35
f 1144/2499/35 1145/2500/35 1146/2501/35
f 1144/2502/35 1146/2503/35 1145/2504/35
f 1148/2505/73 1147/2506/73 1154/2507/73
f 1151/2508/7 1149/2509/10 1150/2510/165
f 1149/2511/10 1151/2512/7 1150/2513/165
f 1152/2514/74 1155/2515/75 1153/2516/89
f 1152/2514/74 1153/2516/89 1158/2517/166
f 1158/2518/78 1153/2519/79 1154/2520/167
f 1153/2521/79 1155/2522/75 1154/2523/167
f 1155/2522/75 1152/2524/74 1154/2523/167
f 1152/2525/74 1158/2518/78 1154/2520/167
f 1157/2526/35 1155/2527/35 1158/2528/35
f 1157/2529/35 1158/2530/35 1155/2531/35
f 1159/2532/35 3158/2533/35 1156/2534/35
f 1159/2535/35 1156/2536/35 3158/2537/35
f 1161/2538/31 1160/2539/32 1163/2540/33
f 1161/2538/31 1163/2540/33 1162/2541/34
f 1162/2542/34 1163/2543/33 1160/2544/32
f 1162/2542/34 1160/2544/32 1161/2545/31
f 1164/2546/35 1166/2547/35 1165/2548/35
f 1166/2549/35 1164/2550/35 1165/2551/35
f 1167/2552/35 1168/2553/35 1169/2554/35
f 1167/2555/35 1169/2556/35 1168/2557/35
f 1170/2558/35 1171/2559/35 1172/2560/35
f 1170/2561/35 1172/2562/35 1171/2563/35
f 1174/2564/35 1173/2565/35 1175/2566/35
f 1173/2567/35 1174/2568/35 1175/2569/35
f 1176/2570/35 1177/2571/35 1178/2572/35
f 1176/2573/35 1178/2574/35 1177/2575/35
f 1180/2576/35 1179/2577/35 1181/2578/35
f 1179/2579/35 1180/2580/35 1181/2581/35
f 1185/2582/159 1184/2583/160 1182/2584/81
f 1185/2582/159 1182/2584/81 1186/2585/168
f 1186/2586/41 1182/2587/42 1183/2588/169
f 1182/2589/42 1184/2590/160 1183/2591/169
f 1184/2590/160 1185/2592/159 1183/2591/169
f 1185/2593/159 1186/2586/41 1183/2588/169
f 1187/2594/35 1184/2595/35 1186/2596/35
f 1187/2597/35 1186/2598/35 1184/2599/35
f 1188/2600/35 1189/2601/35 1183/2602/35
f 1189/2603/35 1188/2604/35 1183/2605/35
f 1190/2606/142 1193/2607/45 1191/2608/143
f 1190/2606/142 1191/2608/143 1192/2609/47
f 1193/2610/45 1190/2611/142 1192/2612/47
f 1193/2610/45 1192/2612/47 1191/2613/143
f 1195/2614/48 1194/2615/49 1196/2616/50
f 1195/2614/48 1196/2616/50 1197/2617/51
f 1194/2618/49 1195/2619/48 1197/2620/51
f 1194/2618/49 1197/2620/51 1196/2621/50
f 1198/2622/35 1200/2623/35 1199/2624/35
f 1198/2625/35 1199/2626/35 1200/2627/35
f 1202/2628/35 1201/2629/35 1203/2630/35
f 1202/2631/35 1203/2632/35 1201/2633/35
f 1206/2634/35 1204/2635/35 1205/2636/35
f 1204/2637/35 1206/2638/35 1205/2639/35
f 1209/2640/35 1208/2641/35 1207/2642/35
f 1207/2643/35 1208/2644/35 1209/2645/35
f 1211/2646/52 1213/2647/53 1210/2648/54
f 1211/2646/52 1210/2648/54 1212/2649/55
f 1213/2650/53 1211/2651/52 1212/2652/55
f 1213/2650/53 1212/2652/55 1210/2653/54
f 1214/2654/5 1216/2655/5 1219/2656/5
f 1214/2654/5 1219/2656/5 1220/2657/5
f 1217/2658/6 1215/2659/6 1221/2660/6
f 1217/2658/6 1221/2660/6 1218/2661/6
f 1215/2662/7 1214/2663/7 1220/2664/7
f 1215/2662/7 1220/2664/7 1221/2665/7
f 1216/2666/8 1217/2667/8 1218/2668/8
f 1216/2666/8 1218/2668/8 1219/2669/8
f 1215/2670/9 1217/2671/9 1216/2672/9
f 1215/2670/9 1216/2672/9 1214/2673/9
f 1220/2674/10 1219/2675/10 1218/2676/10
f 1220/2674/10 1218/2676/10 1221/2677/10
f 1222/2678/129 1223/2679/84 1224/2680/85
f 1222/2678/129 1224/2680/85 1225/2681/59
f 1225/2682/59 1224/2683/85 1223/2684/84
f 1225/2682/59 1223/2684/84 1222/2685/129
f 1227/2686/35 1228/2687/35 1226/2688/35
f 1228/2689/35 1227/2690/35 1226/2691/35
f 1231/2692/170 1229/2693/171 1230/2694/170
f 1229/2695/171 1231/2696/170 1230/2697/170
f 1233/2698/10 1232/2699/10 1234/2700/10
f 1232/2701/10 1233/2702/10 1234/2703/10
f 1237/2704/7 1235/2705/7 1236/2706/7
f 1235/2707/7 1237/2708/7 1236/2709/7
f 1239/2710/8 1240/2711/8 1238/2712/8
f 1240/2713/8 1239/2714/8 1238/2715/8
f 1241/2716/5 1243/2717/5 1242/2718/5
f 1243/2719/5 1241/2720/5 1242/2721/5
f 1246/2722/35 1244/2723/35 1245/2724/35
f 1244/2725/35 1246/2726/35 1245/2727/35
f 1248/2728/6 1247/2729/6 1249/2730/6
f 1249/2731/6 1247/2732/6 1248/2733/6
f 1252/2734/35 1251/2735/35 1250/2736/35
f 1250/2737/35 1251/2738/35 1252/2739/35
f 1253/2740/35 1255/2741/35 1254/2742/35
f 1253/2743/35 1254/2744/35 1255/2745/35
f 1256/2746/35 1257/2747/35 1258/2748/35
f 1256/2749/35 1258/2750/35 1257/2751/35
f 1260/2752/35 1261/2753/35 1259/2754/35
f 1261/2755/35 1260/2756/35 1259/2757/35
f 1125/2758/6 3170/2759/6 1126/2760/6
f 3173/2761/5 1127/2762/5 3178/2763/5
f 3169/2764/7 1125/2765/8 1126/2766/7
f 3169/2764/7 1126/2766/7 3189/2767/8
f 3172/2768/8 3173/2769/7 3178/2770/8
f 3172/2768/8 3178/2770/8 1399/2771/7
f 1127/2460/64 3173/2772/64 3170/2773/64
f 1127/2460/172 3170/2773/172 1125/2461/172
f 1126/2464/173 3170/2774/173 3178/2775/173
f 1126/2464/174 3178/2775/174 1127/2465/174
f 1264/2776/69 1263/2777/70 1262/2778/71
f 1264/2776/69 1262/2778/71 1265/2779/72
f 1263/2780/70 1264/2781/69 1265/2782/72
f 1263/2780/70 1265/2782/72 1262/2783/71
f 1268/2784/35 1266/2785/35 1267/2786/35
f 1268/2787/35 1267/2788/35 1266/2789/35
f 1269/2790/35 1271/2791/35 1270/2792/35
f 1269/2793/35 1270/2794/35 1271/2795/35
f 1272/2796/35 1274/2797/35 1273/2798/35
f 1274/2799/35 1272/2800/35 1273/2801/35
f 1275/2802/35 1276/2803/35 1277/2804/35
f 1275/2805/35 1277/2806/35 1276/2807/35
f 1278/2808/35 1280/2809/35 1279/2810/35
f 1280/2811/35 1278/2812/35 1279/2813/35
f 1281/2814/35 1282/2815/35 1283/2816/35
f 1281/2817/35 1283/2818/35 1282/2819/35
f 1285/2820/35 1284/2821/35 1286/2822/35
f 1284/2823/35 1285/2824/35 1286/2825/35
f 1287/2826/74 1292/2827/75 1289/2828/89
f 1287/2826/74 1289/2828/89 1288/2829/166
f 1288/2830/78 1289/2831/98 1291/2832/175
f 1289/2833/98 1292/2834/75 1291/2835/175
f 1292/2834/75 1287/2836/74 1291/2835/175
f 1287/2837/74 1288/2830/78 1291/2832/175
f 1293/2838/35 1292/2839/35 1288/2840/35
f 1293/2841/35 1288/2842/35 1292/2843/35
f 1294/2844/35 1290/2845/35 1295/2846/35
f 1294/2847/35 1295/2848/35 1290/2849/35
f 1296/2850/31 1297/2851/32 1299/2852/33
f 1296/2850/31 1299/2852/33 1298/2853/34
f 1298/2854/34 1299/2855/33 1297/2856/32
f 1298/2854/34 1297/2856/32 1296/2857/31
f 1301/2858/35 1300/2859/35 1302/2860/35
f 1300/2861/35 1301/2862/35 1302/2863/35
f 1303/2864/35 1305/2865/35 1304/2866/35
f 1305/2867/35 1303/2868/35 1304/2869/35
f 1306/2870/35 1307/2871/35 1308/2872/35
f 1306/2873/35 1308/2874/35 1307/2875/35
f 1309/2876/35 1311/2877/35 1310/2878/35
f 1309/2879/35 1310/2880/35 1311/2881/35
f 1312/2882/35 1314/2883/35 1313/2884/35
f 1312/2885/35 1313/2886/35 1314/2887/35
f 1316/2888/35 1315/2889/35 1317/2890/35
f 1316/2891/35 1317/2892/35 1315/2893/35
f 1318/2894/159 1321/2895/160 1319/2896/81
f 1318/2894/159 1319/2896/81 1323/2897/40
f 1323/2898/41 1319/2899/42 1320/2900/35
f 1319/2901/42 1321/2902/160 1320/2903/35
f 1321/2902/160 1318/2904/159 1320/2903/35
f 1318/2905/159 1323/2898/41 1320/2900/35
f 1322/2906/35 1321/2907/35 1323/2908/35
f 1322/2909/35 1323/2910/35 1321/2911/35
f 1325/2912/35 1324/2913/35 1320/2914/35
f 1324/2915/35 1325/2916/35 1320/2917/35
f 1326/2918/44 1328/2919/161 1327/2920/46
f 1326/2918/44 1327/2920/46 1329/2921/162
f 1328/2922/161 1326/2923/44 1329/2924/162
f 1328/2922/161 1329/2924/162 1327/2925/46
f 1330/2926/48 1331/2927/49 1332/2928/50
f 1330/2926/48 1332/2928/50 1333/2929/51
f 1331/2930/49 1330/2931/48 1333/2932/51
f 1331/2930/49 1333/2932/51 1332/2933/50
f 1335/2934/35 1334/2935/35 1336/2936/35
f 1335/2937/35 1336/2938/35 1334/2939/35
f 1339/2940/35 1338/2941/35 1337/2942/35
f 1338/2943/35 1339/2944/35 1337/2945/35
f 1340/2946/35 1342/2947/35 1341/2948/35
f 1342/2949/35 1340/2950/35 1341/2951/35
f 1345/2952/35 1343/2953/35 1344/2954/35
f 1344/2955/35 1343/2956/35 1345/2957/35
f 1347/2958/52 1349/2959/53 1346/2960/54
f 1347/2958/52 1346/2960/54 1348/2961/55
f 1349/2962/53 1347/2963/52 1348/2964/55
f 1349/2962/53 1348/2964/55 1346/2965/54
f 1353/2966/5 1355/2967/5 1350/2968/5
f 1353/2966/5 1350/2968/5 1357/2969/5
f 1356/2970/6 1351/2971/6 1354/2972/6
f 1356/2970/6 1354/2972/6 1352/2973/6
f 1351/2974/7 1353/2975/7 1357/2976/7
f 1351/2974/7 1357/2976/7 1354/2977/7
f 1355/2978/8 1356/2979/8 1352/2980/8
f 1355/2978/8 1352/2980/8 1350/2981/8
f 1351/2982/9 1356/2983/9 1355/2984/9
f 1351/2982/9 1355/2984/9 1353/2985/9
f 1357/2986/10 1350/2987/10 1352/2988/10
f 1357/2986/10 1352/2988/10 1354/2989/10
f 1358/2990/56 1359/2991/84 1361/2992/85
f 1358/2990/56 1361/2992/85 1360/2993/59
f 1360/2994/59 1361/2995/85 1359/2996/84
f 1360/2994/59 1359/2996/84 1358/2997/56
f 1362/2998/176 1364/2999/177 1363/3000/178
f 1364/3001/177 1362/3002/176 1363/3003/178
f 1365/3004/7 1366/3005/7 1367/3006/7
f 1366/3007/7 1365/3008/7 1367/3009/7
f 1368/3010/35 1369/3011/35 1370/3012/35
f 1369/3013/35 1368/3014/35 1370/3015/35
f 1371/3016/7 1373/3017/7 1372/3018/7
f 1373/3019/7 1371/3020/7 1372/3021/7
f 1376/3022/9 1374/3023/9 1375/3024/9
f 1374/3025/9 1376/3026/9 1375/3027/9
f 1377/3028/35 1379/3029/35 1378/3030/35
f 1379/3031/35 1377/3032/35 1378/3033/35
f 1382/3034/35 1380/3035/35 1381/3036/35
f 1380/3037/35 1382/3038/35 1381/3039/35
f 1384/3040/35 1385/3041/35 1383/3042/35
f 1383/3043/35 1385/3044/35 1384/3045/35
f 1387/3046/35 1388/3047/35 1386/3048/35
f 1386/3049/35 1388/3050/35 1387/3051/35
f 1389/3052/35 1391/3053/35 1390/3054/35
f 1391/3055/35 1389/3056/35 1390/3057/35
f 1392/3058/35 1394/3059/35 1393/3060/35
f 1392/3061/35 1393/3062/35 1394/3063/35
f 1395/3064/35 1397/3065/35 1396/3066/35
f 1395/3067/35 1396/3068/35 1397/3069/35
f 1400/3070/5 3173/2761/5 3178/2763/5
f 3173/3071/7 3172/3072/8 1399/3073/7
f 3173/3071/7 1399/3073/7 3178/3074/8
f 3173/2772/94 1400/3075/95 1398/3076/96
f 3173/2772/87 1398/3076/87 3171/2773/87
f 3171/2774/97 1398/3077/96 1400/3078/95
f 3171/2774/97 1400/3078/97 3178/2775/97
f 1403/3079/69 1404/3080/70 1401/3081/71
f 1403/3079/69 1401/3081/71 1402/3082/72
f 1404/3083/70 1403/3084/69 1402/3085/72
f 1404/3083/70 1402/3085/72 1401/3086/71
f 1407/3087/35 1405/3088/35 1406/3089/35
f 1405/3090/35 1407/3091/35 1406/3092/35
f 1408/3093/35 1410/3094/35 1409/3095/35
f 1408/3096/35 1409/3097/35 1410/3098/35
f 1412/3099/35 1411/3100/35 1413/3101/35
f 1411/3102/35 1412/3103/35 1413/3104/35
f 1414/3105/35 1415/3106/35 1416/3107/35
f 1414/3108/35 1416/3109/35 1415/3110/35
f 1417/3111/35 1419/3112/35 1418/3113/35
f 1419/3114/35 1417/3115/35 1418/3116/35
f 1420/3117/35 1421/3118/35 1422/3119/35
f 1420/3120/35 1422/3121/35 1421/3122/35
f 1424/3123/35 1423/3124/35 1425/3125/35
f 1423/3126/35 1424/3127/35 1425/3128/35
f 1426/3129/74 1430/3130/75 1427/3131/89
f 1426/3129/74 1427/3131/89 1429/3132/166
f 1429/3133/78 1427/3134/98 3144/3135/179
f 1427/3136/98 1430/3137/75 3144/3138/179
f 1430/3137/75 1426/3139/74 3144/3138/179
f 1426/3140/74 1429/3133/78 3144/3135/179
f 1428/3141/35 1430/3142/35 1429/3143/35
f 1428/3144/35 1429/3145/35 1430/3146/35
f 1432/3147/35 1431/3148/35 3144/3149/35
f 1431/3150/35 1432/3151/35 3144/3152/35
f 1436/3153/114 1435/3154/100 1433/3155/101
f 1436/3153/114 1433/3155/101 1434/3156/180
f 1435/3157/100 1436/3158/114 1434/3159/180
f 1435/3157/100 1434/3159/180 1433/3160/101
f 1438/3161/109 1437/3162/104 1440/3163/111
f 1438/3161/109 1440/3163/111 1439/3164/106
f 1437/3165/104 1438/3166/109 1439/3167/106
f 1437/3165/104 1439/3167/106 1440/3168/111
f 1442/3169/35 1441/3170/35 1443/3171/35
f 1442/3172/35 1443/3173/35 1441/3174/35
f 1445/3175/35 1444/3176/35 1446/3177/35
f 1445/3178/35 1446/3179/35 1444/3180/35
f 1448/3181/35 1447/3182/35 1449/3183/35
f 1448/3184/35 1449/3185/35 1447/3186/35
f 1452/3187/35 1451/3188/35 1450/3189/35
f 1450/3190/35 1451/3191/35 1452/3192/35
f 1454/3193/114 1453/3194/100 1455/3195/101
f 1454/3193/114 1455/3195/101 1456/3196/102
f 1453/3197/100 1454/3198/114 1456/3199/102
f 1453/3197/100 1456/3199/102 1455/3200/101
f 1459/3201/103 1457/3202/104 1460/3203/105
f 1459/3201/103 1460/3203/105 1458/3204/106
f 1457/3205/104 1459/3206/103 1458/3207/106
f 1457/3205/104 1458/3207/106 1460/3208/105
f 1462/3209/35 1461/3210/35 1463/3211/35
f 1462/3212/35 1463/3213/35 1461/3214/35
f 1464/3215/35 1466/3216/35 1465/3217/35
f 1464/3218/35 1465/3219/35 1466/3220/35
f 1468/3221/35 1467/3222/35 1469/3223/35
f 1468/3224/35 1469/3225/35 1467/3226/35
f 1470/3227/35 1472/3228/35 1471/3229/35
f 1470/3230/35 1471/3231/35 1472/3232/35
f 1473/3233/100 1474/3234/114 1476/3235/102
f 1473/3233/100 1476/3235/102 1475/3236/101
f 1474/3237/114 1473/3238/100 1475/3239/101
f 1474/3237/114 1475/3239/101 1476/3240/102
f 1479/3241/121 1477/3242/122 1480/3243/123
f 1479/3241/121 1480/3243/123 1478/3244/124
f 1477/3245/122 1479/3246/121 1478/3247/124
f 1477/3245/122 1478/3247/124 1480/3248/123
f 1481/3249/35 1482/3250/35 1483/3251/35
f 1481/3252/35 1483/3253/35 1482/3254/35
f 1485/3255/35 1484/3256/35 1486/3257/35
f 1485/3258/35 1486/3259/35 1484/3260/35
f 1487/3261/35 1489/3262/35 1488/3263/35
f 1487/3264/35 1488/3265/35 1489/3266/35
f 1492/3267/35 1491/3268/35 1490/3269/35
f 1492/3270/35 1490/3271/35 1491/3272/35
f 1493/3273/100 1495/3274/114 1494/3275/180
f 1493/3273/100 1494/3275/180 1496/3276/101
f 1495/3277/114 1493/3278/100 1496/3279/101
f 1495/3277/114 1496/3279/101 1494/3280/180
f 1499/3281/116 1500/3282/122 1497/3283/118
f 1499/3281/116 1497/3283/118 1498/3284/124
f 1500/3285/122 1499/3286/116 1498/3287/124
f 1500/3285/122 1498/3287/124 1497/3288/118
f 1501/3289/35 1502/3290/35 1503/3291/35
f 1501/3292/35 1503/3293/35 1502/3294/35
f 1506/3295/35 1504/3296/35 1505/3297/35
f 1506/3298/35 1505/3299/35 1504/3300/35
f 1507/3301/181 1509/3302/181 1508/3303/182
f 1509/3304/181 1507/3305/181 1508/3306/182
f 1511/3307/35 1510/3308/35 1512/3309/35
f 1512/3310/35 1510/3311/35 1511/3312/35
f 1514/3313/183 1515/3314/28 1513/3315/184
f 1514/3313/183 1513/3315/184 1516/3316/30
f 1516/3317/30 1513/3318/184 1515/3319/28
f 1516/3317/30 1515/3319/28 1514/3320/183
f 1520/3321/31 1519/3322/32 1517/3323/33
f 1520/3321/31 1517/3323/33 1518/3324/34
f 1518/3325/34 1517/3326/33 1519/3327/32
f 1518/3325/34 1519/3327/32 1520/3328/31
f 1523/3329/35 1521/3330/35 1522/3331/35
f 1521/3332/35 1523/3333/35 1522/3334/35
f 1525/3335/35 1526/3336/35 1524/3337/35
f 1525/3338/35 1524/3339/35 1526/3340/35
f 1527/3341/35 1529/3342/35 1528/3343/35
f 1527/3344/35 1528/3345/35 1529/3346/35
f 1531/3347/35 1530/3348/35 1532/3349/35
f 1530/3350/35 1531/3351/35 1532/3352/35
f 1534/3353/35 1533/3354/35 1535/3355/35
f 1533/3356/35 1534/3357/35 1535/3358/35
f 1537/3359/9 1536/3360/9 1538/3361/9
f 1536/3362/9 1537/3363/9 1538/3364/9
f 1539/3365/37 1542/3366/38 1540/3367/125
f 1539/3365/37 1540/3367/125 1541/3368/40
f 1541/3369/41 1540/3370/42 3145/3371/35
f 1540/3372/42 1542/3373/38 3145/3374/35
f 1542/3373/38 1539/3375/37 3145/3374/35
f 1539/3376/37 1541/3369/41 3145/3371/35
f 1543/3377/35 1542/3378/35 1541/3379/35
f 1543/3380/35 1541/3381/35 1542/3382/35
f 1545/3383/35 1544/3384/35 3145/3385/35
f 1544/3386/35 1545/3387/35 3145/3388/35
f 1547/3389/82 1548/3390/45 1549/3391/83
f 1547/3389/82 1549/3391/83 1546/3392/47
f 1548/3393/45 1547/3394/82 1546/3395/47
f 1548/3393/45 1546/3395/47 1549/3396/83
f 1551/3397/48 1552/3398/49 1550/3399/50
f 1551/3397/48 1550/3399/50 1553/3400/51
f 1552/3401/49 1551/3402/48 1553/3403/51
f 1552/3401/49 1553/3403/51 1550/3404/50
f 1554/3405/35 1555/3406/35 1556/3407/35
f 1554/3408/35 1556/3409/35 1555/3410/35
f 1558/3411/35 1557/3412/35 1559/3413/35
f 1558/3414/35 1559/3415/35 1557/3416/35
f 1561/3417/35 1560/3418/35 1562/3419/35
f 1561/3420/35 1562/3421/35 1560/3422/35
f 1564/3423/35 1563/3424/35 1565/3425/35
f 1565/3426/35 1563/3427/35 1564/3428/35
f 1568/3429/52 1566/3430/53 1569/3431/54
f 1568/3429/52 1569/3431/54 1567/3432/55
f 1566/3433/53 1568/3434/52 1567/3435/55
f 1566/3433/53 1567/3435/55 1569/3436/54
f 1570/3437/5 1571/3438/5 1575/3439/5
f 1570/3437/5 1575/3439/5 1572/3440/5
f 1573/3441/6 1574/3442/6 1577/3443/6
f 1573/3441/6 1577/3443/6 1576/3444/6
f 1574/3445/7 1570/3446/7 1572/3447/7
f 1574/3445/7 1572/3447/7 1577/3448/7
f 1571/3449/8 1573/3450/8 1576/3451/8
f 1571/3449/8 1576/3451/8 1575/3452/8
f 1574/3453/9 1573/3454/9 1571/3455/9
f 1574/3453/9 1571/3455/9 1570/3456/9
f 1572/3457/10 1575/3458/10 1576/3459/10
f 1572/3457/10 1576/3459/10 1577/3460/10
f 1579/3461/129 1578/3462/57 1580/3463/185
f 1579/3461/129 1580/3463/185 1581/3464/59
f 1581/3465/59 1580/3466/185 1578/3467/57
f 1581/3465/59 1578/3467/57 1579/3468/129
f 1582/3469/10 1583/3470/10 1584/3471/10
f 1583/3472/10 1582/3473/10 1584/3474/10
f 1585/3475/35 1586/3476/35 1587/3477/35
f 1586/3478/35 1585/3479/35 1587/3480/35
f 1588/3481/8 1590/3482/8 1589/3483/8
f 1590/3484/8 1588/3485/8 1589/3486/8
f 1592/3487/35 1591/3488/35 1593/3489/35
f 1591/3490/35 1592/3491/35 1593/3492/35
f 1594/3493/35 1596/3494/35 1595/3495/35
f 1596/3496/35 1594/3497/35 1595/3498/35
f 1598/3499/35 1599/3500/35 1597/3501/35
f 1599/3502/35 1598/3503/35 1597/3504/35
f 1600/3505/35 1602/3506/35 1601/3507/35
f 1602/3508/35 1600/3509/35 1601/3510/35
f 1605/3511/6 1604/3512/6 1603/3513/6
f 1603/3514/6 1604/3515/6 1605/3516/6
f 1608/3517/6 1607/3518/6 1606/3519/6
f 1606/3520/6 1607/3521/6 1608/3522/6
f 1610/3523/35 1609/3524/35 1611/3525/35
f 1609/3526/35 1610/3527/35 1611/3528/35
f 1612/3529/35 1614/3530/35 1613/3531/35
f 1612/3532/35 1613/3533/35 1614/3534/35
f 1616/3535/35 1615/3536/35 1617/3537/35
f 1615/3538/35 1616/3539/35 1617/3540/35
f 1618/3541/6 1753/3542/6 1757/3543/6
f 1753/3544/8 1756/3545/7 1758/3546/8
f 1753/3544/8 1758/3546/8 1757/3547/7
f 1619/3548/135 3147/3549/135 1753/3550/135
f 1619/3548/136 1753/3550/137 1618/3551/138
f 1618/3552/139 1757/3553/139 3147/3554/139
f 1618/3552/138 3147/3554/139 1619/3555/136
f 1622/3556/69 1623/3557/70 1620/3558/71
f 1622/3556/69 1620/3558/71 1621/3559/72
f 1623/3560/70 1622/3561/69 1621/3562/72
f 1623/3560/70 1621/3562/72 1620/3563/71
f 1624/3564/35 1626/3565/35 1625/3566/35
f 1626/3567/35 1624/3568/35 1625/3569/35
f 1627/3570/35 1629/3571/35 1628/3572/35
f 1629/3573/35 1627/3574/35 1628/3575/35
f 1630/3576/35 1631/3577/35 1632/3578/35
f 1631/3579/35 1630/3580/35 1632/3581/35
f 1634/3582/35 1633/3583/35 1635/3584/35
f 1633/3585/35 1634/3586/35 1635/3587/35
f 1636/3588/35 1638/3589/35 1637/3590/35
f 1636/3591/35 1637/3592/35 1638/3593/35
f 1640/3594/73 1639/3595/73 1650/3596/73
f 1642/3597/10 1641/3598/10 1643/3599/10
f 1641/3600/10 1642/3601/10 1643/3602/10
f 1647/3603/74 1644/3604/75 1645/3605/89
f 1647/3603/74 1645/3605/89 1646/3606/186
f 1646/3607/78 1645/3608/98 1650/3609/187
f 1645/3610/98 1644/3611/75 1650/3612/187
f 1644/3611/75 1647/3613/74 1650/3612/187
f 1647/3614/74 1646/3607/78 1650/3609/187
f 1648/3615/35 1644/3616/35 1646/3617/35
f 1648/3618/35 1646/3619/35 1644/3620/35
f 1651/3621/35 1649/3622/35 1650/3623/35
f 1649/3624/35 1651/3625/35 1650/3626/35
f 1653/3627/31 1655/3628/32 1652/3629/33
f 1653/3627/31 1652/3629/33 1654/3630/34
f 1654/3631/34 1652/3632/33 1655/3633/32
f 1654/3631/34 1655/3633/32 1653/3634/31
f 1658/3635/35 1656/3636/35 1657/3637/35
f 1656/3638/35 1658/3639/35 1657/3640/35
f 1659/3641/35 1661/3642/35 1660/3643/35
f 1661/3644/35 1659/3645/35 1660/3646/35
f 1662/3647/35 1663/3648/35 1664/3649/35
f 1662/3650/35 1664/3651/35 1663/3652/35
f 1665/3653/35 1666/3654/35 1667/3655/35
f 1666/3656/35 1665/3657/35 1667/3658/35
f 1669/3659/35 1668/3660/35 1670/3661/35
f 1668/3662/35 1669/3663/35 1670/3664/35
f 1672/3665/35 1671/3666/35 1673/3667/35
f 1671/3668/35 1672/3669/35 1673/3670/35
f 1674/3671/37 1676/3672/38 1675/3673/39
f 1674/3671/37 1675/3673/39 1678/3674/40
f 1678/3675/41 1675/3676/42 1670/3677/35
f 1675/3678/42 1676/3679/38 1670/3680/35
f 1676/3679/38 1674/3681/37 1670/3680/35
f 1674/3682/37 1678/3675/41 1670/3677/35
f 1677/3683/35 1676/3684/35 1678/3685/35
f 1677/3686/35 1678/3687/35 1676/3688/35
f 1680/3689/126 1679/3690/126 1670/3691/126
f 1681/3692/142 1682/3693/45 1684/3694/143
f 1681/3692/142 1684/3694/143 1683/3695/47
f 1682/3696/45 1681/3697/142 1683/3698/47
f 1682/3696/45 1683/3698/47 1684/3699/143
f 1686/3700/48 1688/3701/49 1687/3702/50
f 1686/3700/48 1687/3702/50 1685/3703/51
f 1688/3704/49 1686/3705/48 1685/3706/51
f 1688/3704/49 1685/3706/51 1687/3707/50
f 1689/3708/35 1691/3709/35 1690/3710/35
f 1689/3711/35 1690/3712/35 1691/3713/35
f 1694/3714/35 1692/3715/35 1693/3716/35
f 1692/3717/35 1694/3718/35 1693/3719/35
f 1697/3720/35 1695/3721/35 1696/3722/35
f 1695/3723/35 1697/3724/35 1696/3725/35
f 1700/3726/35 1699/3727/35 1698/3728/35
f 1700/3729/35 1698/3730/35 1699/3731/35
f 1703/3732/52 1701/3733/53 1702/3734/54
f 1703/3732/52 1702/3734/54 1704/3735/55
f 1701/3736/53 1703/3737/52 1704/3738/55
f 1701/3736/53 1704/3738/55 1702/3739/54
f 1706/3740/5 1710/3741/5 1705/3742/5
f 1706/3740/5 1705/3742/5 1711/3743/5
f 1709/3744/6 1708/3745/6 1707/3746/6
f 1709/3744/6 1707/3746/6 1712/3747/6
f 1708/3748/7 1706/3749/7 1711/3750/7
f 1708/3748/7 1711/3750/7 1707/3751/7
f 1710/3752/8 1709/3753/8 1712/3754/8
f 1710/3752/8 1712/3754/8 1705/3755/8
f 1708/3756/9 1709/3757/9 1710/3758/9
f 1708/3756/9 1710/3758/9 1706/3759/9
f 1711/3760/10 1705/3761/10 1712/3762/10
f 1711/3760/10 1712/3762/10 1707/3763/10
f 1713/3764/129 1714/3765/84 1715/3766/185
f 1713/3764/129 1715/3766/185 1716/3767/59
f 1716/3768/59 1715/3769/185 1714/3770/84
f 1716/3768/59 1714/3770/84 1713/3771/129
f 1717/3772/35 1718/3773/35 1719/3774/35
f 1718/3775/35 1717/3776/35 1719/3777/35
f 1721/3778/7 1722/3779/7 1720/3780/7
f 1722/3781/7 1721/3782/7 1720/3783/7
f 1724/3784/8 1723/3785/8 1725/3786/8
f 1723/3787/8 1724/3788/8 1725/3789/8
f 1726/3790/188 1728/3791/189 1727/3792/188
f 1728/3793/189 1726/3794/188 1727/3795/188
f 1731/3796/35 1730/3797/35 1729/3798/35
f 1730/3799/35 1731/3800/35 1729/3801/35
f 1732/3802/8 1734/3803/8 1733/3804/8
f 1734/3805/8 1732/3806/8 1733/3807/8
f 1736/3808/35 1735/3809/35 1737/3810/35
f 1735/3811/35 1736/3812/35 1737/3813/35
f 1739/3814/5 1738/3815/5 1740/3816/5
f 1740/3817/5 1738/3818/5 1739/3819/5
f 1743/3820/35 1742/3821/35 1741/3822/35
f 1741/3823/35 1742/3824/35 1743/3825/35
f 1744/3826/35 1745/3827/35 1746/3828/35
f 1745/3829/35 1744/3830/35 1746/3831/35
f 1747/3832/35 1748/3833/35 1749/3834/35
f 1748/3835/35 1747/3836/35 1749/3837/35
f 1751/3838/35 1750/3839/35 1752/3840/35
f 1750/3841/35 1751/3842/35 1752/3843/35
f 1753/3542/6 1754/3844/6 3179/3845/6
f 1753/3542/6 3179/3845/6 1757/3543/6
f 1756/3846/7 1753/3847/8 1757/3848/7
f 1756/3846/7 1757/3848/7 1758/3849/8
f 1754/3850/8 1755/3851/7 3180/3852/8
f 1754/3850/8 3180/3852/8 3179/3853/7
f 3146/3549/135 3191/3854/135 1754/3855/135
f 3146/3549/190 1754/3855/190 1753/3550/190
f 1757/3553/191 3179/3856/191 3191/3857/191
f 1757/3553/192 3191/3857/192 3146/3554/192
f 1762/3858/69 1759/3859/70 1761/3860/71
f 1762/3858/69 1761/3860/71 1760/3861/72
f 1759/3862/70 1762/3863/69 1760/3864/72
f 1759/3862/70 1760/3864/72 1761/3865/71
f 1763/3866/35 1764/3867/35 1765/3868/35
f 1763/3869/35 1765/3870/35 1764/3871/35
f 1766/3872/35 1768/3873/35 1767/3874/35
f 1766/3875/35 1767/3876/35 1768/3877/35
f 1769/3878/35 1770/3879/35 1771/3880/35
f 1770/3881/35 1769/3882/35 1771/3883/35
f 1772/3884/35 1774/3885/35 1773/3886/35
f 1772/3887/35 1773/3888/35 1774/3889/35
f 1775/3890/35 1776/3891/35 1777/3892/35
f 1775/3893/35 1777/3894/35 1776/3895/35
f 1778/3896/35 1779/3897/35 1780/3898/35
f 1778/3899/35 1780/3900/35 1779/3901/35
f 1781/3902/35 1783/3903/35 1782/3904/35
f 1781/3905/35 1782/3906/35 1783/3907/35
f 1784/3908/74 1788/3909/75 1785/3910/89
f 1784/3908/74 1785/3910/89 1791/3911/77
f 1791/3912/78 1785/3913/98 1786/3914/187
f 1785/3915/98 1788/3916/75 1786/3917/187
f 1788/3916/75 1784/3918/74 1786/3917/187
f 1784/3919/74 1791/3912/78 1786/3914/187
f 1790/3920/35 1788/3921/35 1791/3922/35
f 1790/3923/35 1791/3924/35 1788/3925/35
f 1792/3926/35 1789/3927/35 1787/3928/35
f 1792/3929/35 1787/3930/35 1789/3931/35
f 1794/3932/31 1796/3933/32 1795/3934/33
f 1794/3932/31 1795/3934/33 1793/3935/34
f 1793/3936/34 1795/3937/33 1796/3938/32
f 1793/3936/34 1796/3938/32 1794/3939/31
f 1797/3940/35 1798/3941/35 1799/3942/35
f 1797/3943/35 1799/3944/35 1798/3945/35
f 1800/3946/35 1802/3947/35 1801/3948/35
f 1802/3949/35 1800/3950/35 1801/3951/35
f 1804/3952/35 1803/3953/35 1805/3954/35
f 1803/3955/35 1804/3956/35 1805/3957/35
f 1806/3958/35 1807/3959/35 1808/3960/35
f 1807/3961/35 1806/3962/35 1808/3963/35
f 1809/3964/35 1811/3965/35 1810/3966/35
f 1809/3967/35 1810/3968/35 1811/3969/35
f 1813/3970/35 1812/3971/35 1814/3972/35
f 1813/3973/35 1814/3974/35 1812/3975/35
f 1817/3976/37 1815/3977/38 1816/3978/39
f 1817/3976/37 1816/3978/39 1821/3979/40
f 1821/3980/41 1816/3981/42 1818/3982/193
f 1816/3983/42 1815/3984/38 1818/3985/193
f 1815/3984/38 1817/3986/37 1818/3985/193
f 1817/3987/37 1821/3980/41 1818/3982/193
f 1820/3988/35 1815/3989/35 1821/3990/35
f 1820/3991/35 1821/3992/35 1815/3993/35
f 1822/3994/35 1823/3995/35 1819/3996/35
f 1822/3997/35 1819/3998/35 1823/3999/35
f 1825/4000/44 1827/4001/45 1824/4002/83
f 1825/4000/44 1824/4002/83 1826/4003/47
f 1827/4004/45 1825/4005/44 1826/4006/47
f 1827/4004/45 1826/4006/47 1824/4007/83
f 1831/4008/48 1829/4009/49 1828/4010/50
f 1831/4008/48 1828/4010/50 1830/4011/51
f 1829/4012/49 1831/4013/48 1830/4014/51
f 1829/4012/49 1830/4014/51 1828/4015/50
f 1834/4016/35 1832/4017/35 1833/4018/35
f 1834/4019/35 1833/4020/35 1832/4021/35
f 1835/4022/35 1837/4023/35 1836/4024/35
f 1835/4025/35 1836/4026/35 1837/4027/35
f 1840/4028/35 1838/4029/35 1839/4030/35
f 1838/4031/35 1840/4032/35 1839/4033/35
f 1841/4034/35 1842/4035/35 1843/4036/35
f 1841/4037/35 1843/4038/35 1842/4039/35
f 1845/4040/52 1847/4041/53 1844/4042/54
f 1845/4040/52 1844/4042/54 1846/4043/55
f 1847/4044/53 1845/4045/52 1846/4046/55
f 1847/4044/53 1846/4046/55 1844/4047/54
f 1853/4048/5 1850/4049/5 1854/4050/5
f 1853/4048/5 1854/4050/5 1855/4051/5
f 1851/4052/6 1848/4053/6 1849/4054/6
f 1851/4052/6 1849/4054/6 1852/4055/6
f 1848/4056/7 1853/4057/7 1855/4058/7
f 1848/4056/7 1855/4058/7 1849/4059/7
f 1850/4060/8 1851/4061/8 1852/4062/8
f 1850/4060/8 1852/4062/8 1854/4063/8
f 1848/4064/9 1851/4065/9 1850/4066/9
f 1848/4064/9 1850/4066/9 1853/4067/9
f 1855/4068/10 1854/4069/10 1852/4070/10
f 1855/4068/10 1852/4070/10 1849/4071/10
f 1856/4072/129 1857/4073/84 1859/4074/85
f 1856/4072/129 1859/4074/85 1858/4075/59
f 1858/4076/59 1859/4077/85 1857/4078/84
f 1858/4076/59 1857/4078/84 1856/4079/129
f 1861/4080/194 1860/4081/195 1862/4082/194
f 1860/4083/195 1861/4084/194 1862/4085/194
f 1863/4086/35 1865/4087/35 1864/4088/35
f 1865/4089/35 1863/4090/35 1864/4091/35
f 1866/4092/8 1867/4093/8 1868/4094/8
f 1867/4095/8 1866/4096/8 1868/4097/8
f 1870/4098/35 1871/4099/35 1869/4100/35
f 1871/4101/35 1870/4102/35 1869/4103/35
f 1872/4104/35 1874/4105/35 1873/4106/35
f 1874/4107/35 1872/4108/35 1873/4109/35
f 1875/4110/35 1877/4111/35 1876/4112/35
f 1877/4113/35 1875/4114/35 1876/4115/35
f 1878/4116/35 1880/4117/35 1879/4118/35
f 1878/4119/35 1879/4120/35 1880/4121/35
f 1883/4122/8 1882/4123/8 1881/4124/8
f 1881/4125/8 1882/4126/8 1883/4127/8
f 1884/4128/35 1885/4129/35 1886/4130/35
f 1886/4131/35 1885/4132/35 1884/4133/35
f 1887/4134/35 1888/4135/35 1889/4136/35
f 1887/4137/35 1889/4138/35 1888/4139/35
f 1890/4140/35 1892/4141/35 1891/4142/35
f 1890/4143/35 1891/4144/35 1892/4145/35
f 1894/4146/35 1893/4147/35 1895/4148/35
f 1893/4149/35 1894/4150/35 1895/4151/35
f 1754/3844/6 1897/4152/6 3179/3845/6
f 1755/4153/7 1754/4154/8 3179/4155/7
f 1755/4153/7 3179/4155/7 3180/4156/8
f 3192/3854/172 1896/4157/196 1897/4158/197
f 3192/3854/172 1897/4158/172 1754/3855/172
f 3179/3856/198 1897/4159/197 1896/4160/196
f 3179/3856/192 1896/4160/192 3192/3857/192
f 1901/4161/69 1898/4162/70 1900/4163/71
f 1901/4161/69 1900/4163/71 1899/4164/72
f 1898/4165/70 1901/4166/69 1899/4167/72
f 1898/4165/70 1899/4167/72 1900/4168/71
f 1903/4169/35 1902/4170/35 1904/4171/35
f 1902/4172/35 1903/4173/35 1904/4174/35
f 1906/4175/35 1905/4176/35 1907/4177/35
f 1905/4178/35 1906/4179/35 1907/4180/35
f 1908/4181/35 1909/4182/35 1910/4183/35
f 1908/4184/35 1910/4185/35 1909/4186/35
f 1911/4187/35 1912/4188/35 1913/4189/35
f 1911/4190/35 1913/4191/35 1912/4192/35
f 1914/4193/35 1915/4194/35 1916/4195/35
f 1914/4196/35 1916/4197/35 1915/4198/35
f 1917/4199/73 1918/4200/73 3174/4201/73
f 1919/4202/35 1921/4203/35 1920/4204/35
f 1919/4205/35 1920/4206/35 1921/4207/35
f 1922/4208/74 1925/4209/75 1923/4210/89
f 1922/4208/74 1923/4210/89 1924/4211/77
f 1924/4212/78 1923/4213/98 3174/4214/187
f 1923/4215/98 1925/4216/75 3174/4217/187
f 1925/4216/75 1922/4218/74 3174/4217/187
f 1922/4219/74 1924/4212/78 3174/4214/187
f 1926/4220/35 1925/4221/35 1924/4222/35
f 1926/4223/35 1924/4224/35 1925/4225/35
f 1928/4226/35 1927/4227/35 3174/4228/35
f 1927/4229/35 1928/4230/35 3174/4231/35
f 1929/4232/199 1930/4233/100 1932/4234/200
f 1929/4232/199 1932/4234/200 1931/4235/102
f 1930/4236/100 1929/4237/199 1931/4238/102
f 1930/4236/100 1931/4238/102 1932/4239/200
f 1935/4240/109 1936/4241/104 1933/4242/105
f 1935/4240/109 1933/4242/105 1934/4243/106
f 1936/4244/104 1935/4245/109 1934/4246/106
f 1936/4244/104 1934/4246/106 1933/4247/105
f 1938/4248/35 1939/4249/35 1937/4250/35
f 1939/4251/35 1938/4252/35 1937/4253/35
f 1941/4254/35 1940/4255/35 1942/4256/35
f 1941/4257/35 1942/4258/35 1940/4259/35
f 1943/4260/35 1944/4261/35 1945/4262/35
f 1943/4263/35 1945/4264/35 1944/4265/35
f 1946/4266/35 1948/4267/35 1947/4268/35
f 1946/4269/35 1947/4270/35 1948/4271/35
f 1951/4272/199 1949/4273/100 1950/4274/200
f 1951/4272/199 1950/4274/200 1952/4275/102
f 1949/4276/100 1951/4277/199 1952/4278/102
f 1949/4276/100 1952/4278/102 1950/4279/200
f 1954/4280/109 1953/4281/104 1956/4282/105
f 1954/4280/109 1956/4282/105 1955/4283/106
f 1953/4284/104 1954/4285/109 1955/4286/106
f 1953/4284/104 1955/4286/106 1956/4287/105
f 1958/4288/35 1957/4289/35 1959/4290/35
f 1957/4291/35 1958/4292/35 1959/4293/35
f 1961/4294/35 1962/4295/35 1960/4296/35
f 1962/4297/35 1961/4298/35 1960/4299/35
f 1965/4300/35 1964/4301/35 1963/4302/35
f 1964/4303/35 1965/4304/35 1963/4305/35
f 1966/4306/35 1968/4307/35 1967/4308/35
f 1966/4309/35 1967/4310/35 1968/4311/35
f 1969/4312/201 1971/4313/114 1972/4314/202
f 1969/4312/201 1972/4314/202 1970/4315/101
f 1971/4316/114 1969/4317/201 1970/4318/101
f 1971/4316/114 1970/4318/101 1972/4319/202
f 1973/4320/116 1974/4321/122 1976/4322/123
f 1973/4320/116 1976/4322/123 1975/4323/124
f 1974/4324/122 1973/4325/116 1975/4326/124
f 1974/4324/122 1975/4326/124 1976/4327/123
f 1979/4328/35 1977/4329/35 1978/4330/35
f 1977/4331/35 1979/4332/35 1978/4333/35
f 1982/4334/35 1980/4335/35 1981/4336/35
f 1980/4337/35 1982/4338/35 1981/4339/35
f 1984/4340/35 1983/4341/35 1985/4342/35
f 1983/4343/35 1984/4344/35 1985/4345/35
f 1988/4346/35 1987/4347/35 1986/4348/35
f 1988/4349/35 1986/4350/35 1987/4351/35
f 1989/4352/201 1992/4353/114 1990/4354/202
f 1989/4352/201 1990/4354/202 1991/4355/101
f 1992/4356/114 1989/4357/201 1991/4358/101
f 1992/4356/114 1991/4358/101 1990/4359/202
f 1993/4360/116 1995/4361/122 1994/4362/123
f 1993/4360/116 1994/4362/123 1996/4363/124
f 1995/4364/122 1993/4365/116 1996/4366/124
f 1995/4364/122 1996/4366/124 1994/4367/123
f 1998/4368/35 1997/4369/35 1999/4370/35
f 1997/4371/35 1998/4372/35 1999/4373/35
f 2001/4374/35 2000/4375/35 2002/4376/35
f 2000/4377/35 2001/4378/35 2002/4379/35
f 2004/4380/35 2003/4381/35 2005/4382/35
f 2004/4383/35 2005/4384/35 2003/4385/35
f 2006/4386/35 2007/4387/35 2008/4388/35
f 2006/4389/35 2008/4390/35 2007/4391/35
f 2011/4392/27 2012/4393/28 2010/4394/29
f 2011/4392/27 2010/4394/29 2009/4395/30
f 2009/4396/30 2010/4397/29 2012/4398/28
f 2009/4396/30 2012/4398/28 2011/4399/27
f 2014/4400/31 2013/4401/203 2016/4402/33
f 2014/4400/31 2016/4402/33 2015/4403/204
f 2015/4404/204 2016/4405/33 2013/4406/203
f 2015/4404/204 2013/4406/203 2014/4407/31
f 2017/4408/35 2018/4409/35 2019/4410/35
f 2017/4411/35 2019/4412/35 2018/4413/35
f 2020/4414/35 2022/4415/35 2021/4416/35
f 2020/4417/35 2021/4418/35 2022/4419/35
f 2023/4420/35 2025/4421/35 2024/4422/35
f 2025/4423/35 2023/4424/35 2024/4425/35
f 2026/4426/35 2028/4427/35 2027/4428/35
f 2026/4429/35 2027/4430/35 2028/4431/35
f 2029/4432/35 2031/4433/35 2030/4434/35
f 2029/4435/35 2030/4436/35 2031/4437/35
f 2032/4438/35 2034/4439/35 2033/4440/35
f 2032/4441/35 2033/4442/35 2034/4443/35
f 2037/4444/205 2040/4445/206 2036/4446/81
f 2037/4444/205 2036/4446/81 2039/4447/40
f 2039/4448/41 2036/4449/42 3181/4450/35
f 2036/4451/42 2040/4452/206 3181/4453/35
f 2040/4452/206 2037/4454/205 3181/4453/35
f 2037/4455/205 2039/4448/41 3181/4450/35
f 2038/4456/35 2040/4457/35 2039/4458/35
f 2038/4459/35 2039/4460/35 2040/4461/35
f 2041/4462/35 2042/4463/35 2035/4464/35
f 2041/4465/35 2035/4466/35 2042/4467/35
f 2043/4468/44 2044/4469/207 2046/4470/46
f 2043/4468/44 2046/4470/46 2045/4471/208
f 2044/4472/207 2043/4473/44 2045/4474/208
f 2044/4472/207 2045/4474/208 2046/4475/46
f 2047/4476/48 2050/4477/49 2049/4478/50
f 2047/4476/48 2049/4478/50 2048/4479/51
f 2050/4480/49 2047/4481/48 2048/4482/51
f 2050/4480/49 2048/4482/51 2049/4483/50
f 2052/4484/35 2051/4485/35 2053/4486/35
f 2051/4487/35 2052/4488/35 2053/4489/35
f 2055/4490/35 2054/4491/35 2056/4492/35
f 2054/4493/35 2055/4494/35 2056/4495/35
f 2058/4496/35 2059/4497/35 2057/4498/35
f 2058/4499/35 2057/4500/35 2059/4501/35
f 2061/4502/35 2060/4503/35 2062/4504/35
f 2062/4505/35 2060/4506/35 2061/4507/35
f 2063/4508/52 2065/4509/53 2064/4510/54
f 2063/4508/52 2064/4510/54 2066/4511/55
f 2065/4512/53 2063/4513/52 2066/4514/55
f 2065/4512/53 2066/4514/55 2064/4515/54
f 2067/4516/5 2071/4517/5 2073/4518/5
f 2067/4516/5 2073/4518/5 2072/4519/5
f 2069/4520/6 2070/4521/6 2068/4522/6
f 2069/4520/6 2068/4522/6 2074/4523/6
f 2070/4524/7 2067/4525/7 2072/4526/7
f 2070/4524/7 2072/4526/7 2068/4527/7
f 2071/4528/8 2069/4529/8 2074/4530/8
f 2071/4528/8 2074/4530/8 2073/4531/8
f 2070/4532/9 2069/4533/9 2071/4534/9
f 2070/4532/9 2071/4534/9 2067/4535/9
f 2072/4536/10 2073/4537/10 2074/4538/10
f 2072/4536/10 2074/4538/10 2068/4539/10
f 2078/4540/56 2075/4541/84 2076/4542/85
f 2078/4540/56 2076/4542/85 2077/4543/59
f 2077/4544/59 2076/4545/85 2075/4546/84
f 2077/4544/59 2075/4546/84 2078/4547/56
f 2080/4548/209 2081/4549/210 2079/4550/210
f 2081/4551/210 2080/4552/209 2079/4553/210
f 2082/4554/209 2084/4555/210 2083/4556/210
f 2084/4557/210 2082/4558/209 2083/4559/210
f 2086/4560/211 2087/4561/212 2085/4562/211
f 2087/4563/212 2086/4564/211 2085/4565/211
f 2089/4566/35 2088/4567/35 2090/4568/35
f 2088/4569/35 2089/4570/35 2090/4571/35
f 2092/4572/35 2091/4573/35 2093/4574/35
f 2091/4575/35 2092/4576/35 2093/4577/35
f 2094/4578/35 2096/4579/35 2095/4580/35
f 2096/4581/35 2094/4582/35 2095/4583/35
f 2098/4584/35 2097/4585/35 2099/4586/35
f 2098/4587/35 2099/4588/35 2097/4589/35
f 2102/4590/35 2100/4591/35 2101/4592/35
f 2101/4593/35 2100/4594/35 2102/4595/35
f 2104/4596/35 2103/4597/35 2105/4598/35
f 2105/4599/35 2103/4600/35 2104/4601/35
f 2107/4602/35 2106/4603/35 2108/4604/35
f 2106/4605/35 2107/4606/35 2108/4607/35
f 2109/4608/35 2111/4609/35 2110/4610/35
f 2109/4611/35 2110/4612/35 2111/4613/35
f 2114/4614/35 2112/4615/35 2113/4616/35
f 2114/4617/35 2113/4618/35 2112/4619/35
f 3152/4620/5 2116/4621/5 3154/4622/5
f 3150/4623/8 3152/4624/7 3154/4625/8
f 3150/4623/8 3154/4625/8 3151/4626/7
f 2116/4627/64 3152/4628/64 2252/4629/64
f 2116/4627/65 2252/4629/64 2115/4630/66
f 2115/4631/67 2252/4632/67 3154/4633/67
f 2115/4631/66 3154/4633/68 2116/4634/65
f 2117/4635/69 2119/4636/70 2120/4637/71
f 2117/4635/69 2120/4637/71 2118/4638/72
f 2119/4639/70 2117/4640/69 2118/4641/72
f 2119/4639/70 2118/4641/72 2120/4642/71
f 2122/4643/35 2121/4644/35 2123/4645/35
f 2121/4646/35 2122/4647/35 2123/4648/35
f 2124/4649/35 2126/4650/35 2125/4651/35
f 2124/4652/35 2125/4653/35 2126/4654/35
f 2127/4655/35 2128/4656/35 2129/4657/35
f 2127/4658/35 2129/4659/35 2128/4660/35
f 2130/4661/35 2132/4662/35 2131/4663/35
f 2132/4664/35 2130/4665/35 2131/4666/35
f 2134/4667/35 2135/4668/35 2133/4669/35
f 2135/4670/35 2134/4671/35 2133/4672/35
f 2136/4673/35 2137/4674/35 2138/4675/35
f 2137/4676/35 2136/4677/35 2138/4678/35
f 2140/4679/35 2139/4680/35 2141/4681/35
f 2139/4682/35 2140/4683/35 2141/4684/35
f 2145/4685/74 2147/4686/213 2142/4687/89
f 2145/4685/74 2142/4687/89 2143/4688/214
f 2143/4689/78 2142/4690/215 2138/4691/216
f 2142/4692/215 2147/4693/213 2138/4694/216
f 2147/4693/213 2145/4695/74 2138/4694/216
f 2145/4696/74 2143/4689/78 2138/4691/216
f 2146/4697/35 2147/4698/35 2143/4699/35
f 2146/4700/35 2143/4701/35 2147/4702/35
f 2148/4703/35 2144/4704/35 2149/4705/35
f 2148/4706/35 2149/4707/35 2144/4708/35
f 2152/4709/31 2153/4710/203 2151/4711/33
f 2152/4709/31 2151/4711/33 2150/4712/204
f 2150/4713/204 2151/4714/33 2153/4715/203
f 2150/4713/204 2153/4715/203 2152/4716/31
f 2154/4717/35 2156/4718/35 2155/4719/35
f 2156/4720/35 2154/4721/35 2155/4722/35
f 2157/4723/35 2158/4724/35 2159/4725/35
f 2157/4726/35 2159/4727/35 2158/4728/35
f 2160/4729/35 2161/4730/35 2162/4731/35
f 2160/4732/35 2162/4733/35 2161/4734/35
f 2164/4735/35 2163/4736/35 2165/4737/35
f 2163/4738/35 2164/4739/35 2165/4740/35
f 2167/4741/35 2166/4742/35 2168/4743/35
f 2166/4744/35 2167/4745/35 2168/4746/35
f 2169/4747/35 2171/4748/35 2170/4749/35
f 2169/4750/35 2170/4751/35 2171/4752/35
f 2172/4753/205 2176/4754/217 2173/4755/81
f 2172/4753/205 2173/4755/81 2174/4756/40
f 2174/4757/41 2173/4758/42 2179/4759/218
f 2173/4760/42 2176/4761/217 2179/4762/218
f 2176/4761/217 2172/4763/205 2179/4762/218
f 2172/4764/205 2174/4757/41 2179/4759/218
f 2175/4765/35 2176/4766/35 2174/4767/35
f 2175/4768/35 2174/4769/35 2176/4770/35
f 2178/4771/35 2177/4772/35 2179/4773/35
f 2177/4774/35 2178/4775/35 2179/4776/35
f 2180/4777/44 2183/4778/161 2182/4779/46
f 2180/4777/44 2182/4779/46 2181/4780/162
f 2183/4781/161 2180/4782/44 2181/4783/162
f 2183/4781/161 2181/4783/162 2182/4784/46
f 2184/4785/48 2185/4786/49 2187/4787/50
f 2184/4785/48 2187/4787/50 2186/4788/51
f 2185/4789/49 2184/4790/48 2186/4791/51
f 2185/4789/49 2186/4791/51 2187/4792/50
f 2189/4793/35 2188/4794/35 2190/4795/35
f 2188/4796/35 2189/4797/35 2190/4798/35
f 2193/4799/35 2191/4800/35 2192/4801/35
f 2191/4802/35 2193/4803/35 2192/4804/35
f 2195/4805/35 2194/4806/35 2196/4807/35
f 2195/4808/35 2196/4809/35 2194/4810/35
f 2197/4811/35 2198/4812/35 2199/4813/35
f 2199/4814/35 2198/4815/35 2197/4816/35
f 2201/4817/52 2203/4818/53 2200/4819/54
f 2201/4817/52 2200/4819/54 2202/4820/55
f 2203/4821/53 2201/4822/52 2202/4823/55
f 2203/4821/53 2202/4823/55 2200/4824/54
f 2204/4825/5 2209/4826/5 2207/4827/5
f 2204/4825/5 2207/4827/5 2205/4828/5
f 2208/4829/6 2206/4830/6 2211/4831/6
f 2208/4829/6 2211/4831/6 2210/4832/6
f 2206/4833/7 2204/4834/7 2205/4835/7
f 2206/4833/7 2205/4835/7 2211/4836/7
f 2209/4837/8 2208/4838/8 2210/4839/8
f 2209/4837/8 2210/4839/8 2207/4840/8
f 2206/4841/9 2208/4842/9 2209/4843/9
f 2206/4841/9 2209/4843/9 2204/4844/9
f 2205/4845/10 2207/4846/10 2210/4847/10
f 2205/4845/10 2210/4847/10 2211/4848/10
f 2212/4849/56 2213/4850/84 2215/4851/85
f 2212/4849/56 2215/4851/85 2214/4852/59
f 2214/4853/59 2215/4854/85 2213/4855/84
f 2214/4853/59 2213/4855/84 2212/4856/56
f 2217/4857/8 2218/4858/8 2216/4859/8
f 2218/4860/8 2217/4861/8 2216/4862/8
f 2221/4863/8 2219/4864/8 2220/4865/8
f 2219/4866/8 2221/4867/8 2220/4868/8
f 2222/4869/35 2223/4870/35 2224/4871/35
f 2223/4872/35 2222/4873/35 2224/4874/35
f 2226/4875/10 2227/4876/10 2225/4877/10
f 2227/4878/10 2226/4879/10 2225/4880/10
f 2229/4881/35 2230/4882/35 2228/4883/35
f 2230/4884/35 2229/4885/35 2228/4886/35
f 2233/4887/35 2232/4888/35 2231/4889/35
f 2232/4890/35 2233/4891/35 2231/4892/35
f 2234/4893/35 2236/4894/35 2235/4895/35
f 2236/4896/35 2234/4897/35 2235/4898/35
f 2238/4899/35 2239/4900/35 2237/4901/35
f 2237/4902/35 2239/4903/35 2238/4904/35
f 2242/4905/6 2241/4906/6 2240/4907/6
f 2240/4908/6 2241/4909/6 2242/4910/6
f 2243/4911/35 2244/4912/35 2245/4913/35
f 2243/4914/35 2245/4915/35 2244/4916/35
f 2247/4917/35 2246/4918/35 2248/4919/35
f 2246/4920/35 2247/4921/35 2248/4922/35
f 2249/4923/35 2251/4924/35 2250/4925/35
f 2249/4926/35 2250/4927/35 2251/4928/35
f 3150/4929/6 3159/4930/6 3151/4931/6
f 3175/4932/5 3153/4933/5 3177/4934/5
f 3152/4935/7 3150/4936/8 3151/4937/7
f 3152/4935/7 3151/4937/7 3154/4938/8
f 3160/4939/8 3175/4940/7 3177/4941/8
f 3160/4939/8 3177/4941/8 2388/4942/7
f 3153/4628/64 3175/4943/64 3159/4944/64
f 3153/4628/172 3159/4944/172 3150/4629/172
f 3151/4632/173 3159/4945/173 3177/4946/173
f 3151/4632/174 3177/4946/174 3153/4633/174
f 2254/4947/69 2256/4948/70 2253/4949/71
f 2254/4947/69 2253/4949/71 2255/4950/72
f 2256/4951/70 2254/4952/69 2255/4953/72
f 2256/4951/70 2255/4953/72 2253/4954/71
f 2257/4955/35 2258/4956/35 2259/4957/35
f 2257/4958/35 2259/4959/35 2258/4960/35
f 2260/4961/35 2262/4962/35 2261/4963/35
f 2260/4964/35 2261/4965/35 2262/4966/35
f 2263/4967/35 2265/4968/35 2264/4969/35
f 2263/4970/35 2264/4971/35 2265/4972/35
f 2266/4973/35 2267/4974/35 2268/4975/35
f 2266/4976/35 2268/4977/35 2267/4978/35
f 2270/4979/35 2269/4980/35 2271/4981/35
f 2269/4982/35 2270/4983/35 2271/4984/35
f 2273/4985/73 2272/4986/73 2280/4987/73
f 2276/4988/35 2274/4989/35 2275/4990/35
f 2274/4991/35 2276/4992/35 2275/4993/35
f 2277/4994/74 2279/4995/219 2278/4996/89
f 2277/4994/74 2278/4996/89 2282/4997/166
f 2282/4998/78 2278/4999/215 2280/5000/220
f 2278/5001/215 2279/5002/219 2280/5003/220
f 2279/5002/219 2277/5004/74 2280/5003/220
f 2277/5005/74 2282/4998/78 2280/5000/220
f 2281/5006/35 2279/5007/35 2282/5008/35
f 2281/5009/35 2282/5010/35 2279/5011/35
f 2284/5012/35 2283/5013/35 2280/5014/35
f 2283/5015/35 2284/5016/35 2280/5017/35
f 2285/5018/31 2286/5019/203 2288/5020/33
f 2285/5018/31 2288/5020/33 2287/5021/204
f 2287/5022/204 2288/5023/33 2286/5024/203
f 2287/5022/204 2286/5024/203 2285/5025/31
f 2289/5026/35 2290/5027/35 2291/5028/35
f 2290/5029/35 2289/5030/35 2291/5031/35
f 2293/5032/35 2294/5033/35 2292/5034/35
f 2294/5035/35 2293/5036/35 2292/5037/35
f 2295/5038/35 2296/5039/35 2297/5040/35
f 2295/5041/35 2297/5042/35 2296/5043/35
f 2298/5044/35 2300/5045/35 2299/5046/35
f 2300/5047/35 2298/5048/35 2299/5049/35
f 2301/5050/35 2303/5051/35 2302/5052/35
f 2303/5053/35 2301/5054/35 2302/5055/35
f 2304/5056/35 2306/5057/35 2305/5058/35
f 2304/5059/35 2305/5060/35 2306/5061/35
f 2310/5062/221 2309/5063/217 2307/5064/81
f 2310/5062/221 2307/5064/81 2312/5065/40
f 2312/5066/41 2307/5067/42 2308/5068/35
f 2307/5069/42 2309/5070/217 2308/5071/35
f 2309/5070/217 2310/5072/221 2308/5071/35
f 2310/5073/221 2312/5066/41 2308/5068/35
f 2311/5074/35 2309/5075/35 2312/5076/35
f 2311/5077/35 2312/5078/35 2309/5079/35
f 2313/5080/126 2314/5081/126 2302/5082/126
f 2315/5083/44 2317/5084/207 2318/5085/46
f 2315/5083/44 2318/5085/46 2316/5086/208
f 2317/5087/207 2315/5088/44 2316/5089/208
f 2317/5087/207 2316/5089/208 2318/5090/46
f 2319/5091/48 2320/5092/49 2322/5093/50
f 2319/5091/48 2322/5093/50 2321/5094/51
f 2320/5095/49 2319/5096/48 2321/5097/51
f 2320/5095/49 2321/5097/51 2322/5098/50
f 2325/5099/35 2323/5100/35 2324/5101/35
f 2323/5102/35 2325/5103/35 2324/5104/35
f 2326/5105/35 2327/5106/35 2328/5107/35
f 2326/5108/35 2328/5109/35 2327/5110/35
f 2329/5111/35 2330/5112/35 2331/5113/35
f 2329/5114/35 2331/5115/35 2330/5116/35
f 2332/5117/35 2333/5118/35 2334/5119/35
f 2334/5120/35 2333/5121/35 2332/5122/35
f 2337/5123/52 2335/5124/53 2336/5125/54
f 2337/5123/52 2336/5125/54 2338/5126/55
f 2335/5127/53 2337/5128/52 2338/5129/55
f 2335/5127/53 2338/5129/55 2336/5130/54
f 2339/5131/222 2340/5132/223 2341/5133/224
f 2339/5131/222 2341/5133/224 2344/5134/5
f 2340/5135/225 2342/5136/154 2345/5137/6
f 2340/5135/225 2345/5137/6 2343/5138/226
f 2342/5139/7 2339/5140/7 2344/5141/7
f 2342/5139/7 2344/5141/7 2345/5142/7
f 2340/5143/225 2343/5144/226 2341/5145/8
f 2342/5146/154 2340/5147/225 2339/5148/9
f 2344/5149/10 2341/5150/10 2343/5151/10
f 2344/5149/10 2343/5151/10 2345/5152/10
f 2346/5153/129 2347/5154/84 2348/5155/58
f 2346/5153/129 2348/5155/58 2349/5156/227
f 2349/5157/227 2348/5158/58 2347/5159/84
f 2349/5157/227 2347/5159/84 2346/5160/129
f 2350/5161/194 2352/5162/195 2351/5163/194
f 2352/5164/195 2350/5165/194 2351/5166/194
f 2354/5167/194 2353/5168/195 2355/5169/194
f 2353/5170/195 2354/5171/194 2355/5172/194
f 2357/5173/228 2356/5174/229 2358/5175/230
f 2356/5176/229 2357/5177/228 2358/5178/230
f 2359/5179/35 2361/5180/35 2360/5181/35
f 2361/5182/35 2359/5183/35 2360/5184/35
f 2364/5185/35 2362/5186/35 2363/5187/35
f 2362/5188/35 2364/5189/35 2363/5190/35
f 2366/5191/35 2365/5192/35 2367/5193/35
f 2365/5194/35 2366/5195/35 2367/5196/35
f 2370/5197/35 2368/5198/35 2369/5199/35
f 2368/5200/35 2370/5201/35 2369/5202/35
f 2372/5203/231 2373/5204/232 2371/5205/233
f 2371/5206/233 2373/5207/232 2372/5208/231
f 2376/5209/35 2375/5210/35 2374/5211/35
f 2374/5212/35 2375/5213/35 2376/5214/35
f 2377/5215/35 2379/5216/35 2378/5217/35
f 2377/5218/35 2378/5219/35 2379/5220/35
f 2380/5221/35 2381/5222/35 2382/5223/35
f 2380/5224/35 2382/5225/35 2381/5226/35
f 2383/5227/35 2385/5228/35 2384/5229/35
f 2383/5230/35 2384/5231/35 2385/5232/35
f 3160/5233/6 2386/5234/6 2388/5235/6
f 3175/5236/7 3160/5237/8 2388/5238/7
f 3175/5236/7 2388/5238/7 3177/5239/8
f 3176/4943/172 2387/5240/196 2386/5241/197
f 3176/4943/172 2386/5241/172 3160/4944/172
f 2388/4945/198 2386/5242/197 2387/5243/196
f 2388/4945/192 2387/5243/192 3176/4946/192
f 2390/5244/69 2392/5245/70 2389/5246/71
f 2390/5244/69 2389/5246/71 2391/5247/72
f 2392/5248/70 2390/5249/69 2391/5250/72
f 2392/5248/70 2391/5250/72 2389/5251/71
f 2393/5252/35 2395/5253/35 2394/5254/35
f 2393/5255/35 2394/5256/35 2395/5257/35
f 2396/5258/35 2398/5259/35 2397/5260/35
f 2396/5261/35 2397/5262/35 2398/5263/35
f 2399/5264/35 2400/5265/35 2401/5266/35
f 2399/5267/35 2401/5268/35 2400/5269/35
f 2403/5270/35 2402/5271/35 2404/5272/35
f 2402/5273/35 2403/5274/35 2404/5275/35
f 2405/5276/35 2406/5277/35 2407/5278/35
f 2406/5279/35 2405/5280/35 2407/5281/35
f 2408/5282/35 2410/5283/35 2409/5284/35
f 2410/5285/35 2408/5286/35 2409/5287/35
f 2411/5288/35 2412/5289/35 2413/5290/35
f 2412/5291/35 2411/5292/35 2413/5293/35
f 2414/5294/74 2418/5295/219 2415/5296/89
f 2414/5294/74 2415/5296/89 2417/5297/166
f 2417/5298/78 2415/5299/79 2409/5300/175
f 2415/5301/79 2418/5302/219 2409/5303/175
f 2418/5302/219 2414/5304/74 2409/5303/175
f 2414/5305/74 2417/5298/78 2409/5300/175
f 2416/5306/35 2418/5307/35 2417/5308/35
f 2416/5309/35 2417/5310/35 2418/5311/35
f 2419/5312/141 2420/5313/141 2409/5314/141
f 2421/5315/199 2422/5316/100 2424/5317/200
f 2421/5315/199 2424/5317/200 2423/5318/102
f 2422/5319/100 2421/5320/199 2423/5321/102
f 2422/5319/100 2423/5321/102 2424/5322/200
f 2426/5323/109 2428/5324/104 2425/5325/111
f 2426/5323/109 2425/5325/111 2427/5326/106
f 2428/5327/104 2426/5328/109 2427/5329/106
f 2428/5327/104 2427/5329/106 2425/5330/111
f 2430/5331/35 2431/5332/35 2429/5333/35
f 2431/5334/35 2430/5335/35 2429/5336/35
f 2433/5337/35 2432/5338/35 2434/5339/35
f 2432/5340/35 2433/5341/35 2434/5342/35
f 2436/5343/35 2435/5344/35 2437/5345/35
f 2436/5346/35 2437/5347/35 2435/5348/35
f 2439/5349/35 2440/5350/35 2438/5351/35
f 2438/5352/35 2440/5353/35 2439/5354/35
f 2441/5355/199 2443/5356/100 2444/5357/200
f 2441/5355/199 2444/5357/200 2442/5358/102
f 2443/5359/100 2441/5360/199 2442/5361/102
f 2443/5359/100 2442/5361/102 2444/5362/200
f 2447/5363/109 2448/5364/104 2446/5365/111
f 2447/5363/109 2446/5365/111 2445/5366/106
f 2448/5367/104 2447/5368/109 2445/5369/106
f 2448/5367/104 2445/5369/106 2446/5370/111
f 2449/5371/35 2450/5372/35 2451/5373/35
f 2449/5374/35 2451/5375/35 2450/5376/35
f 2454/5377/35 2452/5378/35 2453/5379/35
f 2452/5380/35 2454/5381/35 2453/5382/35
f 2456/5383/35 2455/5384/35 2457/5385/35
f 2455/5386/35 2456/5387/35 2457/5388/35
f 2459/5389/35 2458/5390/35 2460/5391/35
f 2460/5392/35 2458/5393/35 2459/5394/35
f 2461/5395/201 2463/5396/114 2462/5397/202
f 2461/5395/201 2462/5397/202 2464/5398/101
f 2463/5399/114 2461/5400/201 2464/5401/101
f 2463/5399/114 2464/5401/101 2462/5402/202
f 2465/5403/116 2468/5404/122 2466/5405/123
f 2465/5403/116 2466/5405/123 2467/5406/124
f 2468/5407/122 2465/5408/116 2467/5409/124
f 2468/5407/122 2467/5409/124 2466/5410/123
f 2469/5411/35 2470/5412/35 2471/5413/35
f 2469/5414/35 2471/5415/35 2470/5416/35
f 2472/5417/35 2473/5418/35 2474/5419/35
f 2472/5420/35 2474/5421/35 2473/5422/35
f 2477/5423/35 2475/5424/35 2476/5425/35
f 2475/5426/35 2477/5427/35 2476/5428/35
f 2479/5429/35 2480/5430/35 2478/5431/35
f 2479/5432/35 2478/5433/35 2480/5434/35
f 2481/5435/201 2484/5436/114 2482/5437/202
f 2481/5435/201 2482/5437/202 2483/5438/101
f 2484/5439/114 2481/5440/201 2483/5441/101
f 2484/5439/114 2483/5441/101 2482/5442/202
f 2488/5443/121 2486/5444/117 2485/5445/118
f 2488/5443/121 2485/5445/118 2487/5446/124
f 2486/5447/117 2488/5448/121 2487/5449/124
f 2486/5447/117 2487/5449/124 2485/5450/118
f 2489/5451/35 2490/5452/35 2491/5453/35
f 2489/5454/35 2491/5455/35 2490/5456/35
f 2494/5457/35 2492/5458/35 2493/5459/35
f 2492/5460/35 2494/5461/35 2493/5462/35
f 2497/5463/35 2495/5464/35 2496/5465/35
f 2495/5466/35 2497/5467/35 2496/5468/35
f 2498/5469/35 2500/5470/35 2499/5471/35
f 2498/5472/35 2499/5473/35 2500/5474/35
f 2503/5475/27 2502/5476/28 2504/5477/29
f 2503/5475/27 2504/5477/29 2501/5478/30
f 2501/5479/30 2504/5480/29 2502/5481/28
f 2501/5479/30 2502/5481/28 2503/5482/27
f 2506/5483/31 2508/5484/32 2505/5485/33
f 2506/5483/31 2505/5485/33 2507/5486/34
f 2507/5487/34 2505/5488/33 2508/5489/32
f 2507/5487/34 2508/5489/32 2506/5490/31
f 2510/5491/35 2509/5492/35 2511/5493/35
f 2509/5494/35 2510/5495/35 2511/5496/35
f 2513/5497/35 2512/5498/35 2514/5499/35
f 2512/5500/35 2513/5501/35 2514/5502/35
f 2516/5503/35 2515/5504/35 2517/5505/35
f 2515/5506/35 2516/5507/35 2517/5508/35
f 2518/5509/35 2519/5510/35 2520/5511/35
f 2518/5512/35 2520/5513/35 2519/5514/35
f 2521/5515/35 2523/5516/35 2522/5517/35
f 2521/5518/35 2522/5519/35 2523/5520/35
f 2525/5521/35 2524/5522/35 2526/5523/35
f 2525/5524/35 2526/5525/35 2524/5526/35
f 2529/5527/37 2527/5528/38 2528/5529/125
f 2529/5527/37 2528/5529/125 2532/5530/234
f 2532/5531/41 2528/5532/42 2530/5533/35
f 2528/5534/42 2527/5535/38 2530/5536/35
f 2527/5535/38 2529/5537/37 2530/5536/35
f 2529/5538/37 2532/5531/41 2530/5533/35
f 2533/5539/35 2527/5540/35 2532/5541/35
f 2533/5542/35 2532/5543/35 2527/5544/35
f 2534/5545/35 2535/5546/35 2531/5547/35
f 2534/5548/35 2531/5549/35 2535/5550/35
f 2539/5551/82 2537/5552/45 2536/5553/83
f 2539/5551/82 2536/5553/83 2538/5554/47
f 2537/5555/45 2539/5556/82 2538/5557/47
f 2537/5555/45 2538/5557/47 2536/5558/83
f 2540/5559/48 2541/5560/49 2543/5561/50
f 2540/5559/48 2543/5561/50 2542/5562/51
f 2541/5563/49 2540/5564/48 2542/5565/51
f 2541/5563/49 2542/5565/51 2543/5566/50
f 2544/5567/35 2545/5568/35 2546/5569/35
f 2544/5570/35 2546/5571/35 2545/5572/35
f 2548/5573/35 2547/5574/35 2549/5575/35
f 2548/5576/35 2549/5577/35 2547/5578/35
f 2552/5579/35 2550/5580/35 2551/5581/35
f 2552/5582/35 2551/5583/35 2550/5584/35
f 2555/5585/35 2554/5586/35 2553/5587/35
f 2553/5588/35 2554/5589/35 2555/5590/35
f 2559/5591/52 2556/5592/53 2557/5593/54
f 2559/5591/52 2557/5593/54 2558/5594/55
f 2556/5595/53 2559/5596/52 2558/5597/55
f 2556/5595/53 2558/5597/55 2557/5598/54
f 2564/5599/5 2565/5600/5 2567/5601/5
f 2564/5599/5 2567/5601/5 2560/5602/5
f 2561/5603/6 2563/5604/6 2562/5605/6
f 2561/5603/6 2562/5605/6 2566/5606/6
f 2563/5607/7 2564/5608/7 2560/5609/7
f 2563/5607/7 2560/5609/7 2562/5610/7
f 2565/5611/8 2561/5612/8 2566/5613/8
f 2565/5611/8 2566/5613/8 2567/5614/8
f 2563/5615/9 2561/5616/9 2565/5617/9
f 2563/5615/9 2565/5617/9 2564/5618/9
f 2560/5619/10 2567/5620/10 2566/5621/10
f 2560/5619/10 2566/5621/10 2562/5622/10
f 2570/5623/129 2568/5624/130 2569/5625/85
f 2570/5623/129 2569/5625/85 2571/5626/59
f 2571/5627/59 2569/5628/85 2568/5629/130
f 2571/5627/59 2568/5629/130 2570/5630/129
f 2573/5631/10 2574/5632/10 2572/5633/10
f 2574/5634/10 2573/5635/10 2572/5636/10
f 2576/5637/35 2577/5638/35 2575/5639/35
f 2577/5640/35 2576/5641/35 2575/5642/35
f 2578/5643/35 2579/5644/35 2580/5645/35
f 2579/5646/35 2578/5647/35 2580/5648/35
f 2581/5649/8 2582/5650/8 2583/5651/8
f 2582/5652/8 2581/5653/8 2583/5654/8
f 2585/5655/235 2584/5656/236 2586/5657/237
f 2584/5658/236 2585/5659/235 2586/5660/237
f 2589/5661/238 2587/5662/239 2588/5663/240
f 2587/5664/239 2589/5665/238 2588/5666/240
f 2592/5667/35 2591/5668/35 2590/5669/35
f 2591/5670/35 2592/5671/35 2590/5672/35
f 2593/5673/5 2594/5674/5 2595/5675/5
f 2595/5676/5 2594/5677/5 2593/5678/5
f 2598/5679/6 2597/5680/6 2596/5681/6
f 2596/5682/6 2597/5683/6 2598/5684/6
f 2600/5685/35 2599/5686/35 2601/5687/35
f 2599/5688/35 2600/5689/35 2601/5690/35
f 2602/5691/35 2603/5692/35 2604/5693/35
f 2602/5694/35 2604/5695/35 2603/5696/35
f 2605/5697/35 2607/5698/35 2606/5699/35
f 2605/5700/35 2606/5701/35 2607/5702/35
f 2746/5703/5 2608/5704/5 3185/5705/5
f 3148/5706/8 2746/5707/7 3185/5708/8
f 3148/5706/8 3185/5708/8 3184/5709/7
f 2608/5710/64 2746/5711/64 3182/5712/64
f 2608/5710/65 3182/5712/64 2609/5713/66
f 2609/5714/67 3182/5715/67 3185/5716/67
f 2609/5714/66 3185/5716/68 2608/5717/65
f 2610/5718/69 2613/5719/70 2611/5720/71
f 2610/5718/69 2611/5720/71 2612/5721/72
f 2613/5722/70 2610/5723/69 2612/5724/72
f 2613/5722/70 2612/5724/72 2611/5725/71
f 2614/5726/35 2616/5727/35 2615/5728/35
f 2614/5729/35 2615/5730/35 2616/5731/35
f 2619/5732/35 2617/5733/35 2618/5734/35
f 2617/5735/35 2619/5736/35 2618/5737/35
f 2620/5738/35 2621/5739/35 2622/5740/35
f 2620/5741/35 2622/5742/35 2621/5743/35
f 2623/5744/35 2624/5745/35 2625/5746/35
f 2623/5747/35 2625/5748/35 2624/5749/35
f 2626/5750/35 2628/5751/35 2627/5752/35
f 2626/5753/35 2627/5754/35 2628/5755/35
f 2630/5756/35 2629/5757/35 2631/5758/35
f 2629/5759/35 2630/5760/35 2631/5761/35
f 2632/5762/35 2634/5763/35 2633/5764/35
f 2634/5765/35 2632/5766/35 2633/5767/35
f 2635/5768/74 2640/5769/75 2637/5770/89
f 2635/5768/74 2637/5770/89 2639/5771/77
f 2639/5772/78 2637/5773/79 2636/5774/241
f 2637/5775/79 2640/5776/75 2636/5777/241
f 2640/5776/75 2635/5778/74 2636/5777/241
f 2635/5779/74 2639/5772/78 2636/5774/241
f 2638/5780/35 2640/5781/35 2639/5782/35
f 2638/5783/35 2639/5784/35 2640/5785/35
f 2642/5786/35 2643/5787/35 2641/5788/35
f 2642/5789/35 2641/5790/35 2643/5791/35
f 2645/5792/31 2646/5793/32 2647/5794/33
f 2645/5792/31 2647/5794/33 2644/5795/34
f 2644/5796/34 2647/5797/33 2646/5798/32
f 2644/5796/34 2646/5798/32 2645/5799/31
f 2648/5800/35 2649/5801/35 2650/5802/35
f 2648/5803/35 2650/5804/35 2649/5805/35
f 2653/5806/35 2652/5807/35 2651/5808/35
f 2653/5809/35 2651/5810/35 2652/5811/35
f 2654/5812/35 2655/5813/35 2656/5814/35
f 2655/5815/35 2654/5816/35 2656/5817/35
f 2657/5818/35 2659/5819/35 2658/5820/35
f 2657/5821/35 2658/5822/35 2659/5823/35
f 2661/5824/35 2660/5825/35 2662/5826/35
f 2660/5827/35 2661/5828/35 2662/5829/35
f 2663/5830/35 2665/5831/35 2664/5832/35
f 2663/5833/35 2664/5834/35 2665/5835/35
f 2667/5836/37 2669/5837/38 2666/5838/125
f 2667/5836/37 2666/5838/125 2670/5839/40
f 2670/5840/41 2666/5841/42 2662/5842/35
f 2666/5843/42 2669/5844/38 2662/5845/35
f 2669/5844/38 2667/5846/37 2662/5845/35
f 2667/5847/37 2670/5840/41 2662/5842/35
f 2668/5848/35 2669/5849/35 2670/5850/35
f 2668/5851/35 2670/5852/35 2669/5853/35
f 2672/5854/35 2671/5855/35 2673/5856/35
f 2671/5857/35 2672/5858/35 2673/5859/35
f 2674/5860/44 2676/5861/207 2675/5862/46
f 2674/5860/44 2675/5862/46 2677/5863/208
f 2676/5864/207 2674/5865/44 2677/5866/208
f 2676/5864/207 2677/5866/208 2675/5867/46
f 2678/5868/48 2679/5869/49 2681/5870/50
f 2678/5868/48 2681/5870/50 2680/5871/51
f 2679/5872/49 2678/5873/48 2680/5874/51
f 2679/5872/49 2680/5874/51 2681/5875/50
f 2683/5876/35 2682/5877/35 2684/5878/35
f 2683/5879/35 2684/5880/35 2682/5881/35
f 2686/5882/35 2685/5883/35 2687/5884/35
f 2686/5885/35 2687/5886/35 2685/5887/35
f 2688/5888/35 2689/5889/35 2690/5890/35
f 2688/5891/35 2690/5892/35 2689/5893/35
f 2691/5894/35 2692/5895/35 2693/5896/35
f 2691/5897/35 2693/5898/35 2692/5899/35
f 2697/5900/52 2694/5901/53 2695/5902/54
f 2697/5900/52 2695/5902/54 2696/5903/55
f 2694/5904/53 2697/5905/52 2696/5906/55
f 2694/5904/53 2696/5906/55 2695/5907/54
f 2702/5908/5 2705/5909/5 2698/5910/5
f 2702/5908/5 2698/5910/5 2699/5911/5
f 2701/5912/6 2704/5913/6 2700/5914/6
f 2701/5912/6 2700/5914/6 2703/5915/6
f 2704/5916/7 2702/5917/7 2699/5918/7
f 2704/5916/7 2699/5918/7 2700/5919/7
f 2705/5920/8 2701/5921/8 2703/5922/8
f 2705/5920/8 2703/5922/8 2698/5923/8
f 2704/5924/9 2701/5925/9 2705/5926/9
f 2704/5924/9 2705/5926/9 2702/5927/9
f 2699/5928/10 2698/5929/10 2703/5930/10
f 2699/5928/10 2703/5930/10 2700/5931/10
f 2706/5932/129 2707/5933/130 2709/5934/85
f 2706/5932/129 2709/5934/85 2708/5935/59
f 2708/5936/59 2709/5937/85 2707/5938/130
f 2708/5936/59 2707/5938/130 2706/5939/129
f 2711/5940/8 2710/5941/8 2712/5942/8
f 2710/5943/8 2711/5944/8 2712/5945/8
f 2713/5946/10 2715/5947/10 2714/5948/10
f 2715/5949/10 2713/5950/10 2714/5951/10
f 2716/5952/9 2718/5953/9 2717/5954/9
f 2718/5955/9 2716/5956/9 2717/5957/9
f 2719/5958/8 2721/5959/8 2720/5960/8
f 2721/5961/8 2719/5962/8 2720/5963/8
f 2722/5964/242 2724/5965/243 2723/5966/243
f 2724/5967/243 2722/5968/242 2723/5969/243
f 2727/5970/244 2725/5971/245 2726/5972/35
f 2725/5973/245 2727/5974/244 2726/5975/35
f 2729/5976/35 2730/5977/35 2728/5978/35
f 2729/5979/35 2728/5980/35 2730/5981/35
f 2733/5982/6 2732/5983/6 2731/5984/6
f 2731/5985/6 2732/5986/6 2733/5987/6
f 2734/5988/35 2735/5989/35 2736/5990/35
f 2736/5991/35 2735/5992/35 2734/5993/35
f 2737/5994/35 2738/5995/35 2739/5996/35
f 2738/5997/35 2737/5998/35 2739/5999/35
f 2742/6000/35 2740/6001/35 2741/6002/35
f 2740/6003/35 2742/6004/35 2741/6005/35
f 2744/6006/35 2745/6007/35 2743/6008/35
f 2744/6009/35 2743/6010/35 2745/6011/35
f 3183/6012/6 2883/6013/6 3156/6014/6
f 3199/6015/5 2746/5703/5 3185/5705/5
f 2746/6016/7 3148/6017/8 3184/6018/7
f 2746/6016/7 3184/6018/7 3185/6019/8
f 2883/6020/8 3200/6021/7 3155/6022/8
f 2883/6020/8 3155/6022/8 3156/6023/7
f 2746/5711/246 3199/6024/246 2883/6025/246
f 2746/5711/247 2883/6025/247 3183/5712/247
f 3183/5715/139 3156/6026/139 3199/6027/139
f 3183/5715/97 3199/6027/97 3185/5716/97
f 2750/6028/69 2747/6029/70 2748/6030/71
f 2750/6028/69 2748/6030/71 2749/6031/72
f 2747/6032/70 2750/6033/69 2749/6034/72
f 2747/6032/70 2749/6034/72 2748/6035/71
f 2752/6036/35 2751/6037/35 2753/6038/35
f 2752/6039/35 2753/6040/35 2751/6041/35
f 2754/6042/35 2755/6043/35 2756/6044/35
f 2754/6045/35 2756/6046/35 2755/6047/35
f 2757/6048/35 2759/6049/35 2758/6050/35
f 2757/6051/35 2758/6052/35 2759/6053/35
f 2760/6054/35 2761/6055/35 2762/6056/35
f 2760/6057/35 2762/6058/35 2761/6059/35
f 2764/6060/35 2763/6061/35 2765/6062/35
f 2763/6063/35 2764/6064/35 2765/6065/35
f 2766/6066/35 2767/6067/35 2768/6068/35
f 2766/6069/35 2768/6070/35 2767/6071/35
f 2769/6072/35 2770/6073/35 2771/6074/35
f 2769/6075/35 2771/6076/35 2770/6077/35
f 2772/6078/74 2773/6079/75 2776/6080/89
f 2772/6078/74 2776/6080/89 2774/6081/77
f 2774/6082/78 2776/6083/98 2775/6084/248
f 2776/6085/98 2773/6086/75 2775/6087/248
f 2773/6086/75 2772/6088/74 2775/6087/248
f 2772/6089/74 2774/6082/78 2775/6084/248
f 2777/6090/35 2773/6091/35 2774/6092/35
f 2777/6093/35 2774/6094/35 2773/6095/35
f 2778/6096/35 2779/6097/35 2780/6098/35
f 2779/6099/35 2778/6100/35 2780/6101/35
f 2782/6102/31 2783/6103/32 2784/6104/33
f 2782/6102/31 2784/6104/33 2781/6105/34
f 2781/6106/34 2784/6107/33 2783/6108/32
f 2781/6106/34 2783/6108/32 2782/6109/31
f 2785/6110/35 2787/6111/35 2786/6112/35
f 2787/6113/35 2785/6114/35 2786/6115/35
f 2788/6116/35 2790/6117/35 2789/6118/35
f 2788/6119/35 2789/6120/35 2790/6121/35
f 2792/6122/35 2791/6123/35 2793/6124/35
f 2791/6125/35 2792/6126/35 2793/6127/35
f 2794/6128/35 2796/6129/35 2795/6130/35
f 2794/6131/35 2795/6132/35 2796/6133/35
f 2799/6134/35 2798/6135/35 2797/6136/35
f 2799/6137/35 2797/6138/35 2798/6139/35
f 2800/6140/35 2802/6141/35 2801/6142/35
f 2800/6143/35 2801/6144/35 2802/6145/35
f 2805/6146/37 2808/6147/38 2803/6148/125
f 2805/6146/37 2803/6148/125 2807/6149/40
f 2807/6150/41 2803/6151/42 2804/6152/35
f 2803/6153/42 2808/6154/38 2804/6155/35
f 2808/6154/38 2805/6156/37 2804/6155/35
f 2805/6157/37 2807/6150/41 2804/6152/35
f 2806/6158/35 2808/6159/35 2807/6160/35
f 2806/6161/35 2807/6162/35 2808/6163/35
f 2809/6164/35 2810/6165/35 2804/6166/35
f 2810/6167/35 2809/6168/35 2804/6169/35
f 2811/6170/82 2813/6171/45 2814/6172/83
f 2811/6170/82 2814/6172/83 2812/6173/47
f 2813/6174/45 2811/6175/82 2812/6176/47
f 2813/6174/45 2812/6176/47 2814/6177/83
f 2815/6178/48 2816/6179/49 2818/6180/50
f 2815/6178/48 2818/6180/50 2817/6181/51
f 2816/6182/49 2815/6183/48 2817/6184/51
f 2816/6182/49 2817/6184/51 2818/6185/50
f 2819/6186/35 2820/6187/35 2821/6188/35
f 2819/6189/35 2821/6190/35 2820/6191/35
f 2823/6192/35 2822/6193/35 2824/6194/35
f 2823/6195/35 2824/6196/35 2822/6197/35
f 2826/6198/35 2825/6199/35 2827/6200/35
f 2826/6201/35 2827/6202/35 2825/6203/35
f 2828/6204/35 2829/6205/35 2830/6206/35
f 2830/6207/35 2829/6208/35 2828/6209/35
f 2833/6210/52 2831/6211/53 2832/6212/54
f 2833/6210/52 2832/6212/54 2834/6213/55
f 2831/6214/53 2833/6215/52 2834/6216/55
f 2831/6214/53 2834/6216/55 2832/6217/54
f 2835/6218/5 2839/6219/5 2840/6220/5
f 2835/6218/5 2840/6220/5 2836/6221/5
f 2837/6222/6 2838/6223/6 2842/6224/6
f 2837/6222/6 2842/6224/6 2841/6225/6
f 2838/6226/7 2835/6227/7 2836/6228/7
f 2838/6226/7 2836/6228/7 2842/6229/7
f 2839/6230/8 2837/6231/8 2841/6232/8
f 2839/6230/8 2841/6232/8 2840/6233/8
f 2838/6234/9 2837/6235/9 2839/6236/9
f 2838/6234/9 2839/6236/9 2835/6237/9
f 2836/6238/10 2840/6239/10 2841/6240/10
f 2836/6238/10 2841/6240/10 2842/6241/10
f 2843/6242/56 2844/6243/84 2846/6244/85
f 2843/6242/56 2846/6244/85 2845/6245/59
f 2845/6246/59 2846/6247/85 2844/6248/84
f 2845/6246/59 2844/6248/84 2843/6249/56
f 2847/6250/249 2849/6251/250 2848/6252/249
f 2849/6253/250 2847/6254/249 2848/6255/249
f 2852/6256/35 2850/6257/35 2851/6258/35
f 2850/6259/35 2852/6260/35 2851/6261/35
f 2855/6262/7 2853/6263/7 2854/6264/7
f 2853/6265/7 2855/6266/7 2854/6267/7
f 2856/6268/8 2858/6269/8 2857/6270/8
f 2858/6271/8 2856/6272/8 2857/6273/8
f 2859/6274/251 2861/6275/252 2860/6276/251
f 2861/6277/252 2859/6278/251 2860/6279/251
f 2862/6280/154 2864/6281/155 2863/6282/9
f 2864/6283/155 2862/6284/154 2863/6285/9
f 2865/6286/35 2867/6287/35 2866/6288/35
f 2867/6289/35 2865/6290/35 2866/6291/35
f 2868/6292/35 2870/6293/35 2869/6294/35
f 2869/6295/35 2870/6296/35 2868/6297/35
f 2873/6298/35 2872/6299/35 2871/6300/35
f 2871/6301/35 2872/6302/35 2873/6303/35
f 2874/6304/35 2875/6305/35 2876/6306/35
f 2874/6307/35 2876/6308/35 2875/6309/35
f 2878/6310/35 2877/6311/35 2879/6312/35
f 2877/6313/35 2878/6314/35 2879/6315/35
f 2880/6316/35 2882/6317/35 2881/6318/35
f 2880/6319/35 2881/6320/35 2882/6321/35
f 2885/6322/5 3200/6323/5 3155/6324/5
f 3200/6325/7 2883/6326/8 3156/6327/7
f 3200/6325/7 3156/6327/7 3155/6328/8
f 3200/6024/94 2885/6329/95 2884/6330/96
f 3200/6024/87 2884/6330/87 3193/6025/87
f 3193/6026/97 2884/6331/96 2885/6332/95
f 3193/6026/97 2885/6332/97 3155/6027/97
f 2886/6333/69 2888/6334/70 2887/6335/71
f 2886/6333/69 2887/6335/71 2889/6336/72
f 2888/6337/70 2886/6338/69 2889/6339/72
f 2888/6337/70 2889/6339/72 2887/6340/71
f 2891/6341/35 2890/6342/35 2892/6343/35
f 2890/6344/35 2891/6345/35 2892/6346/35
f 2893/6347/35 2894/6348/35 2895/6349/35
f 2893/6350/35 2895/6351/35 2894/6352/35
f 2898/6353/35 2896/6354/35 2897/6355/35
f 2896/6356/35 2898/6357/35 2897/6358/35
f 2900/6359/35 2899/6360/35 2901/6361/35
f 2899/6362/35 2900/6363/35 2901/6364/35
f 2904/6365/35 2902/6366/35 2903/6367/35
f 2902/6368/35 2904/6369/35 2903/6370/35
f 2905/6371/35 2907/6372/35 2906/6373/35
f 2907/6374/35 2905/6375/35 2906/6376/35
f 2908/6377/35 2910/6378/35 2909/6379/35
f 2908/6380/35 2909/6381/35 2910/6382/35
f 2913/6383/74 2915/6384/75 2912/6385/89
f 2913/6383/74 2912/6385/89 2916/6386/77
f 2916/6387/78 2912/6388/79 3186/6389/253
f 2912/6390/79 2915/6391/75 3186/6392/253
f 2915/6391/75 2913/6393/74 3186/6392/253
f 2913/6394/74 2916/6387/78 3186/6389/253
f 2914/6395/35 2915/6396/35 2916/6397/35
f 2914/6398/35 2916/6399/35 2915/6400/35
f 2917/6401/35 3187/6402/35 2911/6403/35
f 2917/6404/35 2911/6405/35 3187/6406/35
f 2920/6407/114 2919/6408/100 2921/6409/101
f 2920/6407/114 2921/6409/101 2918/6410/180
f 2919/6411/100 2920/6412/114 2918/6413/180
f 2919/6411/100 2918/6413/180 2921/6414/101
f 2922/6415/103 2924/6416/104 2923/6417/111
f 2922/6415/103 2923/6417/111 2925/6418/112
f 2924/6419/104 2922/6420/103 2925/6421/112
f 2924/6419/104 2925/6421/112 2923/6422/111
f 2928/6423/35 2926/6424/35 2927/6425/35
f 2926/6426/35 2928/6427/35 2927/6428/35
f 2930/6429/35 2931/6430/35 2929/6431/35
f 2931/6432/35 2930/6433/35 2929/6434/35
f 2932/6435/35 2934/6436/35 2933/6437/35
f 2934/6438/35 2932/6439/35 2933/6440/35
f 2936/6441/35 2937/6442/35 2935/6443/35
f 2936/6444/35 2935/6445/35 2937/6446/35
f 2941/6447/99 2939/6448/120 2938/6449/101
f 2941/6447/99 2938/6449/101 2940/6450/102
f 2939/6451/120 2941/6452/99 2940/6453/102
f 2939/6451/120 2940/6453/102 2938/6454/101
f 2942/6455/103 2943/6456/104 2944/6457/105
f 2942/6455/103 2944/6457/105 2945/6458/112
f 2943/6459/104 2942/6460/103 2945/6461/112
f 2943/6459/104 2945/6461/112 2944/6462/105
f 2946/6463/35 2948/6464/35 2947/6465/35
f 2946/6466/35 2947/6467/35 2948/6468/35
f 2951/6469/35 2949/6470/35 2950/6471/35
f 2949/6472/35 2951/6473/35 2950/6474/35
f 2953/6475/35 2952/6476/35 2954/6477/35
f 2952/6478/35 2953/6479/35 2954/6480/35
f 2957/6481/35 2955/6482/35 2956/6483/35
f 2956/6484/35 2955/6485/35 2957/6486/35
f 2961/6487/120 2960/6488/99 2958/6489/102
f 2961/6487/120 2958/6489/102 2959/6490/101
f 2960/6491/99 2961/6492/120 2959/6493/101
f 2960/6491/99 2959/6493/101 2958/6494/102
f 2962/6495/121 2965/6496/122 2963/6497/118
f 2962/6495/121 2963/6497/118 2964/6498/124
f 2965/6499/122 2962/6500/121 2964/6501/124
f 2965/6499/122 2964/6501/124 2963/6502/118
f 2968/6503/35 2966/6504/35 2967/6505/35
f 2968/6506/35 2967/6507/35 2966/6508/35
f 2969/6509/35 2971/6510/35 2970/6511/35
f 2969/6512/35 2970/6513/35 2971/6514/35
f 2973/6515/35 2972/6516/35 2974/6517/35
f 2972/6518/35 2973/6519/35 2974/6520/35
f 2976/6521/35 2977/6522/35 2975/6523/35
f 2975/6524/35 2977/6525/35 2976/6526/35
f 2981/6527/100 2980/6528/114 2978/6529/180
f 2981/6527/100 2978/6529/180 2979/6530/101
f 2980/6531/114 2981/6532/100 2979/6533/101
f 2980/6531/114 2979/6533/101 2978/6534/180
f 2982/6535/121 2985/6536/122 2983/6537/118
f 2982/6535/121 2983/6537/118 2984/6538/119
f 2985/6539/122 2982/6540/121 2984/6541/119
f 2985/6539/122 2984/6541/119 2983/6542/118
f 2987/6543/35 2988/6544/35 2986/6545/35
f 2988/6546/35 2987/6547/35 2986/6548/35
f 2989/6549/35 2991/6550/35 2990/6551/35
f 2989/6552/35 2990/6553/35 2991/6554/35
f 2992/6555/35 2994/6556/35 2993/6557/35
f 2994/6558/35 2992/6559/35 2993/6560/35
f 2996/6561/35 2995/6562/35 2997/6563/35
f 2996/6564/35 2997/6565/35 2995/6566/35
f 3000/6567/5 3002/6568/5 2998/6569/5
f 3000/6567/5 2998/6569/5 3004/6570/5
f 3003/6571/6 3001/6572/6 2999/6573/6
f 3003/6571/6 2999/6573/6 3005/6574/6
f 3001/6575/7 3000/6576/7 3004/6577/7
f 3001/6575/7 3004/6577/7 2999/6578/7
f 3002/6579/8 3003/6580/8 3005/6581/8
f 3002/6579/8 3005/6581/8 2998/6582/8
f 3001/6583/9 3003/6584/9 3002/6585/9
f 3001/6583/9 3002/6585/9 3000/6586/9
f 3004/6587/10 2998/6588/10 3005/6589/10
f 3004/6587/10 3005/6589/10 2999/6590/10
f 3013/6591/5 3012/6592/5 3006/6593/5
f 3013/6591/5 3006/6593/5 3010/6594/5
f 3007/6595/6 3011/6596/6 3008/6597/6
f 3007/6595/6 3008/6597/6 3009/6598/6
f 3011/6599/7 3013/6600/7 3010/6601/7
f 3011/6599/7 3010/6601/7 3008/6602/7
f 3012/6603/8 3007/6604/8 3009/6605/8
f 3012/6603/8 3009/6605/8 3006/6606/8
f 3011/6607/9 3007/6608/9 3012/6609/9
f 3011/6607/9 3012/6609/9 3013/6610/9
f 3010/6611/10 3006/6612/10 3009/6613/10
f 3010/6611/10 3009/6613/10 3008/6614/10
f 3014/6615/129 3015/6616/84 3017/6617/85
f 3014/6615/129 3017/6617/85 3016/6618/59
f 3016/6619/59 3017/6620/85 3015/6621/84
f 3016/6619/59 3015/6621/84 3014/6622/129
f 3020/6623/35 3019/6624/35 3018/6625/35
f 3019/6626/35 3020/6627/35 3018/6628/35
f 3023/6629/7 3022/6630/7 3021/6631/7
f 3022/6632/7 3023/6633/7 3021/6634/7
f 3024/6635/254 3026/6636/255 3025/6637/254
f 3026/6638/255 3024/6639/254 3025/6640/254
f 3027/6641/35 3029/6642/35 3028/6643/35
f 3029/6644/35 3027/6645/35 3028/6646/35
f 3030/6647/7 3031/6648/7 3032/6649/7
f 3031/6650/7 3030/6651/7 3032/6652/7
f 3033/6653/8 3034/6654/8 3035/6655/8
f 3034/6656/8 3033/6657/8 3035/6658/8
f 3036/6659/35 3038/6660/35 3037/6661/35
f 3038/6662/35 3036/6663/35 3037/6664/35
f 3041/6665/5 3039/6666/5 3040/6667/5
f 3040/6668/5 3039/6669/5 3041/6670/5
f 3043/6671/5 3044/6672/5 3042/6673/5
f 3042/6674/5 3044/6675/5 3043/6676/5
f 3045/6677/5 3050/6678/5 3046/6679/5
f 3045/6677/5 3046/6679/5 3052/6680/5
f 3048/6681/6 3047/6682/6 3049/6683/6
f 3048/6681/6 3049/6683/6 3051/6684/6
f 3047/6685/7 3045/6686/7 3052/6687/7
f 3047/6685/7 3052/6687/7 3049/6688/7
f 3050/6689/8 3048/6690/8 3051/6691/8
f 3050/6689/8 3051/6691/8 3046/6692/8
f 3047/6693/9 3048/6694/9 3050/6695/9
f 3047/6693/9 3050/6695/9 3045/6696/9
f 3052/6697/10 3046/6698/10 3051/6699/10
f 3052/6697/10 3051/6699/10 3049/6700/10
f 3053/6701/129 3054/6702/57 3056/6703/85
f 3053/6701/129 3056/6703/85 3055/6704/59
f 3055/6705/59 3056/6706/85 3054/6707/57
f 3055/6705/59 3054/6707/57 3053/6708/129
f 3057/6709/35 3058/6710/35 3059/6711/35
f 3058/6712/35 3057/6713/35 3059/6714/35
f 3060/6715/8 3062/6716/8 3061/6717/8
f 3062/6718/8 3060/6719/8 3061/6720/8
f 3064/6721/8 3063/6722/8 3065/6723/8
f 3063/6724/8 3064/6725/8 3065/6726/8
f 3066/6727/35 3067/6728/35 3068/6729/35
f 3067/6730/35 3066/6731/35 3068/6732/35
f 3071/6733/256 3070/6734/256 3069/6735/257
f 3070/6736/256 3071/6737/256 3069/6738/257
f 3074/6739/10 3073/6740/10 3072/6741/10
f 3073/6742/10 3074/6743/10 3072/6744/10
f 3077/6745/35 3075/6746/35 3076/6747/35
f 3075/6748/35 3077/6749/35 3076/6750/35
f 3078/6751/258 3079/6752/259 3080/6753/260
f 3080/6754/260 3079/6755/259 3078/6756/258
f 3082/6757/261 3083/6758/262 3081/6759/263
f 3081/6760/263 3083/6761/262 3082/6762/261
f 3089/6763/5 3084/6764/5 3085/6765/5
f 3089/6763/5 3085/6765/5 3086/6766/5
f 3088/6767/6 3090/6768/6 3087/6769/6
f 3088/6767/6 3087/6769/6 3091/6770/6
f 3090/6771/7 3089/6772/7 3086/6773/7
f 3090/6771/7 3086/6773/7 3087/6774/7
f 3084/6775/8 3088/6776/8 3091/6777/8
f 3084/6775/8 3091/6777/8 3085/6778/8
f 3090/6779/9 3088/6780/9 3084/6781/9
f 3090/6779/9 3084/6781/9 3089/6782/9
f 3086/6783/10 3085/6784/10 3091/6785/10
f 3086/6783/10 3091/6785/10 3087/6786/10
f 3092/6787/129 3095/6788/57 3093/6789/85
f 3092/6787/129 3093/6789/85 3094/6790/59
f 3094/6791/59 3093/6792/85 3095/6793/57
f 3094/6791/59 3095/6793/57 3092/6794/129
f 3096/6795/35 3097/6796/35 3098/6797/35
f 3097/6798/35 3096/6799/35 3098/6800/35
f 3099/6801/264 3100/6802/265 3101/6803/266
f 3100/6804/265 3099/6805/264 3101/6806/266
f 3104/6807/8 3102/6808/8 3103/6809/8
f 3102/6810/8 3104/6811/8 3103/6812/8
f 3105/6813/35 3106/6814/35 3107/6815/35
f 3106/6816/35 3105/6817/35 3107/6818/35
f 3109/6819/10 3108/6820/10 3110/6821/10
f 3108/6822/10 3109/6823/10 3110/6824/10
f 3112/6825/35 3111/6826/35 3113/6827/35
f 3111/6828/35 3112/6829/35 3113/6830/35
f 3115/6831/35 3116/6832/35 3114/6833/35
f 3116/6834/35 3115/6835/35 3114/6836/35
f 3117/6837/5 3119/6838/5 3118/6839/5
f 3118/6840/5 3119/6841/5 3117/6842/5
f 3122/6843/6 3120/6844/6 3121/6845/6
f 3121/6846/6 3120/6847/6 3122/6848/6
f 3123/6849/35 3124/6850/35 3125/6851/35
f 3124/6852/35 3123/6853/35 3125/6854/35
f 3126/6855/35 3128/6856/35 3127/6857/35
f 3128/6858/35 3126/6859/35 3127/6860/35
f 3132/6861/267 3130/6862/268 3129/6863/269
f 3132/6861/267 3129/6863/269 3131/6864/270
f 3130/6865/268 3132/6866/267 3131/6867/270
f 3130/6865/268 3131/6867/270 3129/6868/269
f 3133/6869/271 3134/6870/272 3136/6871/273
f 3133/6869/271 3136/6871/273 3135/6872/274
f 3134/6873/272 3133/6874/271 3135/6875/274
f 3134/6873/272 3135/6875/274 3136/6876/273
