# Blender 4.5.0
# www.blender.org
mtllib residential_011.lod1.mtl
o residential_011
v -2.320296 0.905450 -3.385076
v -2.323309 0.901424 -3.388462
v -2.318610 0.905014 -3.389056
v -2.320277 0.409180 -3.388462
v -2.323291 0.405153 -3.385076
v -2.324977 0.405589 -3.389056
v -2.069490 0.905014 -3.389056
v -2.071176 0.905450 -3.385076
v -2.074190 0.901424 -3.388462
v -2.074172 0.405153 -3.385076
v -2.075858 0.405589 -3.389056
v -2.071158 0.409180 -3.388462
v -1.920019 0.905014 -3.389056
v -1.921705 0.905450 -3.385076
v -1.924718 0.901424 -3.388462
v -1.921686 0.409180 -3.388462
v -1.924700 0.405153 -3.385076
v -1.926386 0.405589 -3.389056
v -1.670899 0.905014 -3.389056
v -1.672585 0.905450 -3.385076
v -1.675599 0.901424 -3.388462
v -1.675581 0.405153 -3.385076
v -1.677267 0.405589 -3.389056
v -1.672567 0.409180 -3.388462
v -1.521427 0.905014 -3.389056
v -1.523113 0.905450 -3.385076
v -1.526127 0.901424 -3.388462
v -1.526109 0.405153 -3.385076
v -1.527795 0.405589 -3.389056
v -1.523095 0.409180 -3.388462
v -1.273994 0.905450 -3.385076
v -1.277008 0.901424 -3.388462
v -1.272308 0.905014 -3.389056
v -1.276989 0.405153 -3.385076
v -1.278676 0.405589 -3.389056
v -1.273976 0.409180 -3.388462
v 1.268711 0.905014 -3.389056
v 1.267025 0.905450 -3.385076
v 1.264011 0.901424 -3.388462
v 1.264029 0.405153 -3.385076
v 1.262343 0.405589 -3.389056
v 1.267043 0.409180 -3.388462
v 1.516144 0.905450 -3.385076
v 1.513130 0.901424 -3.388462
v 1.517830 0.905014 -3.389056
v 1.516162 0.409180 -3.388462
v 1.513149 0.405153 -3.385076
v 1.511463 0.405589 -3.389056
v 1.667302 0.905014 -3.389056
v 1.665616 0.905450 -3.385076
v 1.662602 0.901424 -3.388462
v 1.662620 0.405153 -3.385076
v 1.660934 0.405589 -3.389056
v 1.665634 0.409180 -3.388462
v 1.916422 0.905014 -3.389056
v 1.914735 0.905450 -3.385076
v 1.911721 0.901424 -3.388462
v 1.911740 0.405153 -3.385076
v 1.910054 0.405589 -3.389056
v 1.914754 0.409180 -3.388462
v 2.065893 0.905014 -3.389056
v 2.064207 0.905450 -3.385076
v 2.061193 0.901424 -3.388462
v 2.061212 0.405153 -3.385076
v 2.059525 0.405589 -3.389056
v 2.064225 0.409180 -3.388462
v 2.315012 0.905014 -3.389056
v 2.313326 0.905450 -3.385076
v 2.310313 0.901424 -3.388462
v 2.310331 0.405153 -3.385076
v 2.308645 0.405589 -3.389056
v 2.313345 0.409180 -3.388462
v -3.625000 -0.000000 -3.625000
v -3.625000 0.011898 3.625000
v 3.625000 0.000000 3.625000
v 3.625000 0.011898 -3.625000
v -2.883361 6.105186 -2.486754
v 2.883361 0.078084 -2.486753
v 2.883361 6.105186 2.984992
v 2.884765 6.106691 -2.484474
v -2.884764 6.106691 2.982712
v -2.884764 0.076578 -2.484474
v 2.884764 0.076578 2.982713
v -2.883361 0.078084 2.984992
v -2.903192 0.387061 -2.506584
v 2.903192 0.077874 -2.506584
v 2.903192 0.387061 3.004823
v -2.903192 0.077874 3.004823
v -2.904666 0.076427 -2.504244
v -2.904666 0.388508 3.002483
v 2.904666 0.388507 -2.504244
v 2.904665 0.076427 3.002483
v -3.213616 6.202602 3.349266
v -3.213629 6.202589 -2.853179
v 0.000581 7.457627 3.354798
v -0.000580 7.457626 -2.856560
v 3.213629 6.202590 3.351418
v 3.213616 6.202602 -2.851028
v -3.140782 6.203640 -2.865916
v -3.236454 6.136554 -2.859271
v -3.264355 6.255353 3.364154
v -3.243661 6.139570 3.357509
v -3.141405 6.201835 3.364809
v -3.265178 6.253632 -2.866572
v 3.286500 6.203640 -2.865916
v 3.162928 6.255353 3.364154
v 3.162105 6.253632 -2.866571
v 3.190829 6.136554 -2.859270
v 3.183622 6.139570 3.357508
v 3.285877 6.201835 3.364810
v 0.095210 7.462585 -2.867357
v -0.067280 7.527531 -2.868713
v -0.066162 7.530118 3.365594
v -0.038913 7.378565 3.357741
v -0.030128 7.374888 -2.859503
v 0.094192 7.459958 3.366951
v -3.222702 6.227304 -2.796574
v -3.187256 6.128373 -2.869385
v -3.212190 6.214962 -2.934552
v -3.206485 6.217262 -2.935035
v 0.005173 7.454824 -2.937240
v 0.021045 7.397309 -2.831244
v -0.012147 7.430703 -2.813636
v 0.004933 7.453074 -2.786885
v 0.002649 7.450449 -2.795885
v 0.003104 7.451983 -2.932093
v -3.233854 6.270679 -2.889517
v -0.040596 7.521028 -2.816054
v 3.194578 6.148880 -2.919451
v -0.023618 7.398325 -2.895755
v 0.012257 7.480658 -2.902807
v 0.013654 7.467787 -2.936393
v 3.232716 6.267714 -2.897118
v 0.025079 7.544440 -2.852106
v 3.215985 6.202357 -2.787150
v -3.222702 6.227305 3.431413
v -3.187256 6.128374 3.358603
v -3.233854 6.270680 3.338471
v 0.005172 7.454824 3.290747
v -0.040596 7.521029 3.411933
v -0.012147 7.430703 3.414351
v 0.004933 7.453074 3.441103
v 0.002649 7.450449 3.432102
v 0.021046 7.397310 3.396744
v -3.206485 6.217262 3.292953
v 0.003103 7.451983 3.295894
v 0.025079 7.544440 3.375881
v 0.012258 7.480659 3.325180
v -0.023618 7.398325 3.332232
v 3.194578 6.148880 3.308537
v 3.232716 6.267715 3.330869
v 3.215985 6.202357 3.440837
v 0.013654 7.467788 3.291594
v 0.020305 7.497957 -2.672645
v -0.014578 7.548565 -2.712499
v -0.447641 7.315300 -2.651670
v -0.449721 7.321483 -2.728085
v -0.462509 7.354602 -2.653487
v 0.018066 7.479541 -2.267278
v -0.470605 7.375504 -2.271970
v -0.012197 7.556962 -2.273617
v -0.442865 7.303756 -2.245312
v -0.441748 7.300868 -2.276872
v 0.009784 7.500814 -1.816323
v -0.005267 7.537270 -1.889784
v -0.459339 7.346366 -1.892283
v -0.451186 7.325278 -1.890286
v 0.010737 7.483418 -1.411749
v 0.001756 7.545782 -1.449692
v -0.442865 7.303756 -1.408271
v 0.020305 7.497957 -0.998562
v -0.447641 7.315300 -0.977587
v -0.014579 7.548565 -1.038416
v -0.459339 7.346366 -1.055242
v 0.019647 7.485616 -0.604579
v -0.014044 7.555578 -0.589744
v -0.464893 7.360738 -0.629908
v -0.442865 7.303756 -0.571229
v 0.020305 7.497957 -0.161521
v -0.470611 7.375501 -0.179369
v -0.447641 7.315300 -0.140545
v -0.014578 7.548565 -0.201375
v -0.459339 7.346366 -0.218200
v 0.019647 7.485617 0.232463
v -0.441748 7.300868 0.234252
v -0.469673 7.373091 0.249510
v -0.451142 7.325166 0.194342
v -0.443607 7.305676 0.206299
v -0.013739 7.555276 0.247315
v -0.452743 7.329297 0.282194
v 0.020305 7.497957 0.675520
v -0.014579 7.548565 0.635667
v -0.447641 7.315300 0.696496
v -0.440374 7.297306 0.646494
v -0.013739 7.555277 1.084356
v 0.019647 7.485616 1.069504
v -0.469673 7.373091 1.086551
v -0.441748 7.300868 1.071293
v -0.464466 7.359643 1.043562
v 0.020305 7.497957 1.512562
v -0.014578 7.548565 1.472709
v -0.457843 7.342496 1.449608
v 0.001756 7.545782 1.898474
v -0.447641 7.315300 1.874416
v -0.442865 7.303756 1.939895
v 0.010737 7.483418 1.936417
v -0.441748 7.300868 1.908335
v -0.011830 7.556566 2.329469
v -0.447641 7.315300 2.370579
v 0.018064 7.479805 2.336400
v -0.441753 7.300879 2.323686
v 0.019642 7.486596 2.744022
v -0.013739 7.555277 2.758440
v -0.468565 7.370255 2.725630
v -0.451654 7.326499 2.709465
v -0.464138 7.358763 2.784862
v -0.465866 7.363245 2.778757
v -0.440136 7.296801 2.767228
v 0.020305 7.497957 3.186646
v -0.014578 7.548565 3.146792
v -0.447641 7.315301 3.207621
v -0.451186 7.325278 3.131963
v -0.440374 7.297306 -2.701672
v -0.899140 7.125898 -2.723346
v -0.901632 7.132344 -2.661727
v -0.924098 7.190476 -2.715141
v -0.470608 7.375503 -2.690491
v -0.919664 7.178989 -2.655908
v -0.921398 7.183469 -2.662013
v -0.463067 7.356013 -2.236095
v -0.924846 7.192385 -2.263898
v -0.905250 7.141709 -2.309564
v -0.895898 7.117533 -2.283151
v -0.924111 7.190472 -1.878099
v -0.896926 7.120171 -1.843094
v -0.924846 7.192385 -1.845377
v -0.919664 7.178989 -1.818866
v -0.921398 7.183469 -1.824971
v -0.470608 7.375503 -1.853449
v -0.901632 7.132344 -1.824686
v -0.441748 7.300868 -1.439831
v -0.918058 7.174820 -1.397925
v -0.469313 7.372162 -1.426856
v -0.918600 7.176237 -1.470804
v -0.443607 7.305676 -1.467784
v -0.464138 7.358763 -1.400346
v -0.465866 7.363245 -1.406450
v -0.440015 7.296382 -1.033552
v -0.470611 7.375501 -1.016411
v -0.924846 7.192385 -1.008336
v -0.462519 7.354599 -0.979404
v -0.905250 7.141709 -0.635481
v -0.897678 7.122117 -0.594251
v -0.903174 7.135523 -0.559066
v -0.918607 7.176234 -0.633762
v -0.441748 7.300868 -0.602790
v -0.473834 7.383185 -0.597422
v -0.925003 7.193398 -0.597871
v -0.461354 7.351552 -0.560294
v -0.896926 7.120171 -0.169011
v -0.901632 7.132344 -0.150603
v -0.451186 7.325278 -0.216203
v -0.462517 7.354599 -0.142363
v -0.464967 7.360919 0.267918
v -0.895545 7.116608 0.222010
v -0.457843 7.342496 0.612566
v -0.924111 7.190472 0.633026
v -0.924846 7.192385 0.665747
v -0.901632 7.132344 0.686439
v -0.905137 7.141411 0.625382
v -0.919664 7.178989 0.692258
v -0.921398 7.183469 0.686153
v -0.464967 7.360919 1.104959
v -0.901414 7.131798 1.111433
v -0.914872 7.166590 1.037362
v -0.926133 7.195729 1.076195
v -0.447641 7.315300 1.533538
v -0.926131 7.195729 1.494716
v -0.913862 7.163964 1.537756
v -0.469513 7.372615 1.470581
v -0.470605 7.375504 1.494716
v -0.463067 7.356012 1.949112
v -0.926135 7.195727 1.913237
v -0.470605 7.375504 1.913237
v -0.899735 7.127309 1.879603
v -0.903174 7.135523 1.952059
v -0.463627 7.357466 2.367543
v -0.901631 7.132343 2.360522
v -0.467671 7.367997 2.303593
v -0.924098 7.190476 2.307108
v -0.903174 7.135523 2.292937
v -0.445199 7.309794 2.303279
v -0.469313 7.372162 2.758351
v -0.914872 7.166590 2.711445
v -0.903174 7.135523 2.789100
v -0.459339 7.346366 3.129966
v -0.462509 7.354602 3.205804
v -0.924846 7.192386 3.176872
v -0.470452 7.375108 3.179784
v -0.896926 7.120171 3.179155
v -0.901632 7.132345 3.197564
v -0.919664 7.178989 3.203382
v -0.921398 7.183470 3.197278
v -0.924846 7.192385 -2.682419
v -1.358707 6.955747 -2.651670
v -1.362723 6.966944 -2.312783
v -1.351217 6.937437 -2.261876
v -1.376032 7.001366 -2.243206
v -0.903174 7.135523 -2.233149
v -1.381797 7.016273 -2.268793
v -1.380739 7.013538 -2.261615
v -0.919164 7.177689 -2.236185
v -0.907188 7.146721 -1.894262
v -1.381672 7.015949 -1.853451
v -1.351079 6.936830 -1.870594
v -1.373598 6.995039 -1.816445
v -1.358707 6.955747 -1.814628
v -0.903174 7.135523 -1.396107
v -1.381797 7.016273 -1.431751
v -1.380739 7.013538 -1.424573
v -0.926136 7.195727 -1.434929
v -1.366279 6.976147 -1.487345
v -1.354673 6.946122 -1.467784
v -0.899735 7.127309 -1.468562
v -1.363824 6.969737 -1.391889
v -0.895898 7.117533 -1.446109
v -1.352813 6.941315 -1.439831
v -1.376032 7.001366 -1.406165
v -0.919664 7.178989 -0.981825
v -0.921398 7.183469 -0.987930
v -1.358707 6.955747 -0.977587
v -1.370405 6.986813 -1.055242
v -1.355267 6.947532 -1.050042
v -0.901632 7.132344 -0.987644
v -0.897281 7.121090 -1.021310
v -1.381792 7.016275 -0.594710
v -1.380739 7.013538 -0.587532
v -1.376032 7.001366 -0.569123
v -1.375542 7.000085 -0.630521
v -0.918062 7.174819 -0.560883
v -0.903174 7.135523 -0.218188
v -0.919664 7.178989 -0.144783
v -0.921398 7.183469 -0.150888
v -1.370405 6.986813 -0.218200
v -1.358707 6.955747 -0.140545
v -0.924846 7.192385 -0.171294
v -0.903174 7.135523 0.277976
v -0.906719 7.145501 0.202318
v -0.918062 7.174819 0.276158
v -1.381797 7.016273 0.242332
v -1.380739 7.013538 0.249510
v -0.926136 7.195727 0.239154
v -1.351217 6.937437 0.249249
v -1.363827 6.969736 0.282194
v -0.896926 7.120171 0.668030
v -1.358707 6.955747 0.696496
v -1.351079 6.936830 0.640531
v -1.381672 7.015949 0.657673
v -1.381797 7.016273 1.079373
v -1.380739 7.013538 1.086551
v -1.359319 6.958747 1.109846
v -1.351384 6.937605 1.072091
v -1.376032 7.001366 1.104960
v -1.374133 6.996459 1.458841
v -1.381668 7.015951 1.494715
v -0.901632 7.132344 1.523480
v -0.897281 7.121090 1.489814
v -1.362723 6.966944 1.872424
v -0.917659 7.173808 1.875475
v -1.375542 7.000085 1.880604
v -1.380739 7.013538 1.923593
v -1.363827 6.969736 1.956277
v -0.919664 7.178988 2.366341
v -0.921398 7.183469 2.360236
v -0.924846 7.192385 2.339830
v -1.358707 6.955747 2.370579
v -1.381672 7.015949 2.331756
v -0.895545 7.116608 2.733135
v -0.900362 7.129117 2.719639
v -0.926136 7.195727 2.750279
v -1.362723 6.966944 2.709466
v -0.918062 7.174819 2.787282
v -1.381797 7.016273 2.753456
v -1.380739 7.013538 2.760634
v -1.370405 6.986813 3.129966
v -1.355267 6.947532 3.135166
v -0.906675 7.145389 3.123987
v -1.381673 7.015949 3.168797
v -1.374698 6.997911 -2.654706
v -1.807991 6.760617 -2.680135
v -1.831495 6.821408 -2.722512
v -1.373193 6.994030 -2.728253
v -1.355267 6.947532 -2.724124
v -1.823370 6.800417 -2.647126
v -1.835912 6.832832 -2.263898
v -1.816319 6.782154 -2.309564
v -1.814240 6.775970 -2.233149
v -1.375542 7.000085 -2.304604
v -1.373193 6.994030 -1.891212
v -1.837195 6.836177 -1.853449
v -1.818257 6.787167 -1.894263
v -1.812697 6.772790 -1.824686
v -1.837202 6.836174 -1.434929
v -1.806609 6.757054 -1.452073
v -1.814240 6.775970 -1.396108
v -1.825938 6.807037 -1.473762
v -1.381672 7.015949 -1.016410
v -1.835807 6.832551 -1.039224
v -1.373598 6.995039 -0.979404
v -1.362723 6.966944 -0.638700
v -1.837199 6.836175 -0.597887
v -1.806967 6.757977 -0.609068
v -1.829129 6.815265 -0.560883
v -1.351217 6.937437 -0.587793
v -1.835176 6.830918 -0.204016
v -1.835912 6.832832 -0.171294
v -1.381672 7.015949 -0.179368
v -1.355267 6.947532 -0.213000
v -1.807991 6.760617 -0.169011
v -1.373592 6.995042 -0.142362
v -1.810241 6.766245 0.206864
v -1.362723 6.966944 0.198341
v -1.375542 7.000085 0.206521
v -1.806967 6.757977 0.227974
v -1.376032 7.001366 0.267918
v -1.355894 6.949340 0.627035
v -1.810206 6.766346 0.624820
v -1.812697 6.772790 0.686439
v -1.373193 6.994030 0.619913
v -1.835804 6.832552 0.634859
v -1.806454 6.756646 1.057683
v -1.835912 6.832832 1.084268
v -1.826371 6.771127 1.119576
v -1.375541 7.000085 1.043562
v -1.828725 6.814254 1.038434
v -1.362723 6.966944 1.035383
v -1.812697 6.772790 1.523480
v -1.818257 6.787167 1.453903
v -1.355267 6.947532 1.461083
v -1.351432 6.937755 1.483536
v -1.373598 6.995040 1.531720
v -1.358707 6.955747 1.533538
v -1.376032 7.001366 1.942001
v -1.817522 6.785150 1.902584
v -1.806967 6.757977 1.902057
v -1.351217 6.937437 1.923332
v -1.814240 6.775970 1.952058
v -1.810206 6.766346 1.946092
v -1.355267 6.947532 2.298125
v -1.810206 6.766346 2.298903
v -1.835912 6.832832 2.339830
v -1.812697 6.772790 2.360522
v -1.374129 6.996460 2.295883
v -1.808346 6.761537 2.326855
v -1.351432 6.937755 2.320577
v -1.830730 6.819435 2.366341
v -1.832464 6.823916 2.360236
v -1.363827 6.969736 2.793318
v -1.376032 7.001366 2.779043
v -1.834312 6.828650 2.722112
v -1.810241 6.766245 2.717989
v -1.375542 7.000085 2.717645
v -1.358707 6.955748 3.207621
v -1.373591 6.995043 3.205804
v -1.818258 6.787167 3.127986
v -1.835802 6.832553 3.145984
v -2.285199 6.636905 -2.726366
v -2.269772 6.596194 -2.651670
v -1.818257 6.787167 -2.731304
v -1.812697 6.772791 -2.661727
v -1.838718 6.839278 -2.690509
v -2.292737 6.656397 -2.690491
v -1.806967 6.757977 -2.283151
v -2.263879 6.581761 -2.276873
v -2.265738 6.586568 -2.304825
v -2.286262 6.639658 -2.237387
v -2.287997 6.644139 -2.243492
v -2.291444 6.653055 -2.263898
v -1.807991 6.760617 -1.843094
v -2.269772 6.596193 -1.814628
v -1.831073 6.820310 -1.886083
v -2.262149 6.577275 -1.870594
v -2.265009 6.584644 -1.408271
v -2.263879 6.581761 -1.439831
v -2.291345 6.652772 -1.457744
v -1.808346 6.761537 -1.021310
v -1.817741 6.785836 -1.061221
v -2.292739 6.656395 -1.016410
v -2.265774 6.586469 -1.048697
v -2.262507 6.578198 -1.027588
v -1.812697 6.772790 -0.987644
v -2.284651 6.635491 -0.979404
v -1.829663 6.816684 -0.633762
v -2.265738 6.586568 -0.630742
v -2.263879 6.581761 -0.602790
v -2.290711 6.651141 -0.622536
v -2.291444 6.653055 -0.589815
v -1.814240 6.775970 -0.559066
v -2.286262 6.639658 -0.563304
v -2.287997 6.644139 -0.569409
v -1.830730 6.819436 -0.144783
v -1.832464 6.823916 -0.150888
v -2.269772 6.596194 -0.140545
v -2.292737 6.656397 -0.179367
v -1.816203 6.781858 -0.211660
v -1.812697 6.772790 -0.150603
v -1.814240 6.775970 0.277975
v -1.837202 6.836174 0.239154
v -2.291444 6.653055 0.247226
v -2.265009 6.584644 0.265812
v -1.829129 6.815265 0.276158
v -2.271851 6.602377 0.620082
v -2.262507 6.578198 0.646494
v -2.292739 6.656395 0.657673
v -2.277344 6.616593 1.023780
v -2.263524 6.580842 1.086551
v -2.292864 6.656719 1.079374
v -2.291804 6.653985 1.086551
v -2.268230 6.593014 1.104959
v -1.807991 6.760617 1.505072
v -1.831071 6.820311 1.462083
v -1.837199 6.836175 1.494716
v -2.260195 6.572377 1.500156
v -2.262507 6.578198 1.483536
v -2.284653 6.635490 1.531721
v -2.269772 6.596193 1.533538
v -2.277668 6.617426 1.860753
v -2.265009 6.584644 1.939895
v -1.829124 6.815267 1.950241
v -2.269772 6.596194 2.370579
v -2.291444 6.653055 2.758351
v -2.273788 6.607391 2.709466
v -1.814240 6.775970 2.789100
v -1.835912 6.832832 2.758351
v -1.822958 6.799329 3.211240
v -1.807991 6.760618 3.179155
v -2.269773 6.596194 3.207621
v -1.812698 6.772791 3.197564
v -2.292739 6.656396 3.168799
v -2.262507 6.578198 -2.701671
v -2.725652 6.418147 -2.654616
v -2.740735 6.457128 -2.307846
v -2.273317 6.606172 -1.890286
v -2.292007 6.654498 -1.865741
v -2.292737 6.656397 -1.853449
v -2.746977 6.473279 -1.845378
v -2.725653 6.418148 -1.817575
v -2.740736 6.457127 -1.470804
v -2.721866 6.408202 -1.468563
v -2.718041 6.398421 -1.446110
v -2.719405 6.402207 -1.007673
v -2.725653 6.418147 -0.980533
v -2.746238 6.471367 -1.041057
v -2.746977 6.473279 -1.008336
v -2.729318 6.427616 -1.057221
v -2.269772 6.596194 -0.977587
v -2.741798 6.459880 -0.981824
v -2.743530 6.464362 -0.987930
v -2.718041 6.398421 -0.609068
v -2.725312 6.416414 -0.559066
v -2.262507 6.578198 -0.190547
v -2.746977 6.473279 -0.171295
v -2.719405 6.402207 -0.170632
v -2.729318 6.427616 -0.220180
v -2.284650 6.635491 -0.142362
v -2.741798 6.459880 -0.144783
v -2.743530 6.464362 -0.150888
v -2.725653 6.418147 -0.143492
v -2.263879 6.581761 0.234252
v -2.265738 6.586568 0.206299
v -2.740735 6.457127 0.203279
v -2.718041 6.398421 0.227973
v -2.722863 6.410911 0.210676
v -2.286262 6.639658 0.273737
v -2.287997 6.644139 0.267633
v -2.740184 6.455714 0.276159
v -2.284655 6.635490 0.694679
v -2.746977 6.473279 0.665747
v -2.741798 6.459880 0.692258
v -2.743530 6.464362 0.686153
v -2.729318 6.427616 0.616862
v -2.269772 6.596194 0.696496
v -2.725652 6.418147 0.693550
v -2.287098 6.641813 1.104959
v -2.719203 6.401440 1.050845
v -2.725312 6.416414 1.115017
v -2.748273 6.476619 1.076194
v -2.746977 6.473279 1.502788
v -2.291444 6.653055 1.921309
v -2.740734 6.457128 1.877362
v -2.263879 6.581761 1.908334
v -2.725312 6.416414 1.952058
v -2.718041 6.398421 1.902056
v -2.286262 6.639658 1.947820
v -2.287997 6.644139 1.941715
v -2.262507 6.578198 2.320577
v -2.272531 6.604259 2.318965
v -2.286262 6.639658 2.784862
v -2.287997 6.644139 2.778757
v -2.719203 6.401439 2.724927
v -2.719809 6.403011 2.753916
v -2.262439 6.578056 2.746174
v -2.270120 6.597925 2.786154
v -2.267482 6.591127 3.135466
v -2.725652 6.418148 3.204674
v -2.743530 6.464363 3.197278
v -2.262506 6.578199 3.157619
v -2.284653 6.635490 3.205804
v -2.746977 6.473280 3.176872
v -2.718034 6.398444 -2.692359
v -3.176448 6.231635 -2.718498
v -3.210728 6.276212 -2.674896
v -2.742134 6.460758 -2.723125
v -2.729318 6.427616 -2.731304
v -2.740728 6.457130 -2.654616
v -2.727381 6.422601 -2.309563
v -2.740184 6.455714 -2.234966
v -3.200111 6.278159 -2.306907
v -3.167258 6.235530 -2.243492
v -3.186248 6.248477 -2.233835
v -2.718041 6.398421 -2.283151
v -2.725312 6.416414 -2.233149
v -2.748270 6.476620 -2.271970
v -2.717975 6.398278 -1.857555
v -2.741798 6.459880 -1.818866
v -2.743530 6.464362 -1.824971
v -2.729318 6.427616 -1.894263
v -3.210728 6.276212 -1.837854
v -3.176447 6.231635 -1.881456
v -2.740184 6.455714 -1.397924
v -2.725312 6.416414 -1.396108
v -3.200111 6.278159 -1.469865
v -3.167258 6.235530 -1.406450
v -3.186248 6.248477 -1.396793
v -2.748274 6.476619 -1.434929
v -3.176447 6.231635 -1.044414
v -3.210728 6.276212 -1.000813
v -3.186249 6.248477 -0.559752
v -2.748270 6.476621 -0.597887
v -3.200111 6.278159 -0.632824
v -3.195402 6.232719 -0.586357
v -3.167258 6.235530 -0.569409
v -3.210727 6.276212 -0.163771
v -3.176447 6.231635 -0.207373
v -2.725312 6.416414 0.277975
v -3.200111 6.278158 0.204218
v -3.195402 6.232719 0.250684
v -3.186248 6.248477 0.277290
v -3.167258 6.235530 0.267633
v -3.176447 6.231635 0.629668
v -3.210728 6.276212 0.673270
v -3.200110 6.278159 1.041259
v -2.718041 6.398421 1.065015
v -3.195402 6.232719 1.087726
v -3.167258 6.235530 1.104674
v -3.186248 6.248477 1.114331
v -2.729318 6.427616 1.453903
v -3.176447 6.231635 1.466710
v -3.210728 6.276212 1.510312
v -2.725652 6.418147 1.530591
v -2.741798 6.459880 1.529300
v -2.743530 6.464362 1.523195
v -2.721866 6.408202 1.879603
v -3.200111 6.278159 1.878301
v -3.167258 6.235530 1.941715
v -3.186248 6.248477 1.951373
v -2.746977 6.473279 2.339830
v -3.176448 6.231635 2.303751
v -2.729321 6.427615 2.290944
v -2.717816 6.398107 2.341852
v -3.210728 6.276212 2.347354
v -2.725653 6.418148 2.367633
v -2.741797 6.459881 2.366341
v -2.743530 6.464362 2.360236
v -2.740736 6.457127 2.714403
v -3.195402 6.232719 2.761808
v -3.167258 6.235530 2.778757
v -3.186248 6.248477 2.788414
v -3.200111 6.278159 2.715342
v -2.725312 6.416414 2.789099
v -2.721271 6.406793 2.783134
v -2.740179 6.455716 2.787283
v -2.729318 6.427616 3.127986
v -3.176447 6.231635 3.140793
v -3.210727 6.276213 3.184395
v -0.016051 7.478228 -2.682331
v 0.447999 7.317027 -2.654616
v 0.005484 7.551584 -2.696747
v 0.463078 7.356009 -2.654616
v -0.002625 7.543684 -2.254125
v -0.010931 7.482588 -2.293977
v 0.453222 7.330543 -2.317079
v 0.476140 7.352777 -2.228590
v 0.005484 7.551584 -1.859706
v -0.016051 7.478228 -1.845289
v 0.441753 7.300879 -1.845377
v 0.463077 7.356008 -1.817575
v -0.002625 7.543684 -1.417083
v -0.010931 7.482589 -1.456937
v 0.441753 7.300879 -1.426857
v 0.451725 7.326673 -1.473763
v 0.468420 7.369933 -1.403327
v -0.016051 7.478228 -1.008248
v 0.441393 7.299948 -1.006053
v 0.459407 7.346543 -1.057221
v 0.458343 7.343734 -0.973368
v 0.005484 7.551583 -1.022665
v -0.002625 7.543684 -0.580042
v -0.010931 7.482588 -0.619895
v 0.441753 7.300879 -0.589815
v -0.016051 7.478228 -0.171206
v 0.440335 7.297214 -0.176187
v 0.441393 7.299948 -0.169011
v 0.459402 7.346545 -0.220180
v 0.005484 7.551583 -0.185623
v 0.446098 7.312120 -0.150603
v -0.002625 7.543684 0.257000
v 0.440460 7.297537 0.239154
v -0.010931 7.482589 0.217146
v 0.451725 7.326673 0.200320
v 0.471048 7.376657 0.222010
v 0.005484 7.551583 0.651418
v -0.016051 7.478228 0.665835
v 0.458343 7.343734 0.700715
v -0.002625 7.543685 1.094042
v -0.010931 7.482588 1.054188
v 0.448544 7.318442 1.113199
v 0.448936 7.319456 1.038433
v 0.005484 7.551583 1.488460
v -0.016051 7.478228 1.502877
v 0.459407 7.346543 1.453903
v 0.446933 7.314275 1.529299
v 0.441753 7.300879 1.502789
v -0.002625 7.543684 1.931083
v -0.010931 7.482589 1.891229
v 0.451725 7.326673 1.874403
v 0.468420 7.369933 1.944839
v 0.471203 7.377066 1.894724
v -0.016171 7.477409 2.338205
v 0.006892 7.553378 2.327032
v 0.442485 7.302794 2.307108
v 0.446933 7.314275 2.366341
v 0.445199 7.309794 2.360236
v -0.002625 7.543684 2.768124
v -0.010931 7.482588 2.728271
v 0.440460 7.297537 2.750279
v 0.461348 7.351555 2.712685
v 0.468420 7.369933 2.781880
v -0.016051 7.478228 3.176960
v 0.005484 7.551584 3.162543
v 0.470696 7.375714 3.166933
v 0.459407 7.346543 3.127987
v 0.463077 7.356009 3.204674
v 0.440460 7.297538 3.168799
v 0.459407 7.346543 -2.731304
v 0.907258 7.146897 -2.729325
v 0.926585 7.196880 -2.707635
v 0.919501 7.177749 -2.651669
v 0.922992 7.187588 -2.657636
v 0.440459 7.297538 -2.690491
v 0.448544 7.318442 -2.234966
v 0.440460 7.297537 -2.271970
v 0.468921 7.371146 -2.268332
v 0.459407 7.346543 -1.894262
v 0.903535 7.137249 -1.889325
v 0.904083 7.138664 -1.816445
v 0.446933 7.314275 -1.818866
v 0.445199 7.309794 -1.824971
v 0.895992 7.117760 -1.853449
v 0.471048 7.376657 -1.452073
v 0.447433 7.315575 -1.399144
v 0.909823 7.153518 -1.391564
v 0.446593 7.313399 -1.049042
v 0.446098 7.312120 -0.987644
v 0.919500 7.177749 -0.977587
v 0.895992 7.117760 -1.016408
v 0.916878 7.171780 -1.054002
v 0.447433 7.315575 -0.562103
v 0.471048 7.376657 -0.615031
v 0.914941 7.166765 -0.638700
v 0.925206 7.193316 -0.587532
v 0.476140 7.352777 -0.554507
v 0.446593 7.313399 -0.212000
v 0.916878 7.171780 -0.216960
v 0.476140 7.352777 0.282535
v 0.924850 7.192396 0.234252
v 0.459879 7.347762 0.202318
v 0.897286 7.121101 0.247227
v 0.466748 7.365502 0.630468
v 0.446098 7.312120 0.686438
v 0.919501 7.177749 0.696497
v 0.441393 7.299948 0.668030
v 0.459407 7.346543 0.616862
v 0.926226 7.195957 0.646495
v 0.895992 7.117760 0.657675
v 0.922992 7.187588 1.043341
v 0.920499 7.181143 1.104959
v 0.440460 7.297537 1.076195
v 0.897390 7.121382 1.053381
v 0.459879 7.347762 1.039359
v 0.476140 7.352777 1.119576
v 0.903526 7.137253 1.458841
v 0.463077 7.356009 1.530591
v 0.925206 7.193316 1.923592
v 0.920499 7.181143 1.942001
v 0.911381 7.157565 1.860821
v 0.447433 7.315575 1.949022
v 0.441753 7.300879 2.339830
v 0.923084 7.187637 2.299468
v 0.895992 7.117760 2.331757
v 0.469317 7.372172 2.326855
v 0.468921 7.371146 2.753916
v 0.448544 7.318442 2.787282
v 0.897394 7.121380 2.727464
v 0.920499 7.181143 2.779042
v 0.447998 7.317027 3.204674
v 0.926225 7.195958 3.157619
v 0.446592 7.313399 3.136166
v 0.919501 7.177749 3.207621
v 0.895993 7.117760 3.168799
v 0.904079 7.138666 -2.653487
v 1.359063 6.957474 -2.654616
v 0.895992 7.117760 -2.690491
v 0.914941 7.166765 -2.312783
v 0.897394 7.121380 -2.294785
v 1.359599 6.958893 -2.234966
v 1.387205 6.993226 -2.228590
v 0.925206 7.193316 -2.261615
v 0.920499 7.181143 -2.243207
v 0.919500 7.177749 -1.814628
v 1.374129 6.996460 -1.817574
v 1.381812 7.016563 -1.843355
v 1.370470 6.986990 -1.894262
v 1.352818 6.941325 -1.845377
v 1.358003 6.954720 -1.818866
v 1.356265 6.950241 -1.824971
v 0.914941 7.166765 -1.475742
v 0.925206 7.193316 -1.424573
v 1.376238 7.001916 -1.399691
v 1.352458 6.940395 -1.445284
v 1.374129 6.996460 -0.980533
v 0.903528 7.137252 -1.052283
v 0.926226 7.195957 -1.027588
v 1.381813 7.016327 -1.020512
v 0.910239 7.154605 -0.555446
v 1.376238 7.001916 -0.562650
v 0.920499 7.181143 -0.569124
v 0.904080 7.138665 -0.142362
v 0.895992 7.117760 -0.179367
v 1.380383 7.012619 -0.184269
v 1.352818 6.941325 -0.171294
v 1.370988 6.988321 -0.224179
v 0.926226 7.195957 -0.190547
v 0.919501 7.177749 -0.140545
v 1.358003 6.954720 -0.144784
v 1.356265 6.950241 -0.150888
v 0.920499 7.181143 0.267918
v 0.915455 7.168097 0.194342
v 1.351528 6.937983 0.239154
v 1.362791 6.967121 0.200320
v 0.902464 7.134500 0.273737
v 0.900732 7.130018 0.267633
v 0.904080 7.138665 0.694679
v 1.352818 6.941325 0.665747
v 1.370470 6.986990 0.616862
v 1.358003 6.954720 0.692258
v 1.356265 6.950241 0.686153
v 1.374129 6.996460 0.693550
v 1.387205 6.993226 1.119576
v 1.378618 7.007861 1.043905
v 0.919501 7.177749 1.533538
v 0.904080 7.138665 1.531721
v 1.381812 7.016563 1.504811
v 1.352911 6.941610 1.471901
v 0.926226 7.195957 1.483536
v 1.352458 6.940395 1.902882
v 1.387205 6.993226 1.956618
v 1.358497 6.956023 1.949022
v 0.895985 7.117763 1.913237
v 0.904079 7.138666 2.368762
v 1.351536 6.937980 2.331758
v 0.919501 7.177749 2.370579
v 1.373642 6.995175 2.374662
v 0.925206 7.193316 2.760634
v 1.351528 6.937983 2.750279
v 1.382118 7.017103 2.733134
v 0.914941 7.166765 2.709466
v 1.353544 6.943243 3.144150
v 1.352817 6.941326 3.176872
v 1.358003 6.954720 3.203382
v 1.356265 6.950241 3.197278
v 0.903527 7.137253 3.132924
v 0.916878 7.171780 3.131206
v 0.904079 7.138666 3.205804
v 1.381812 7.016563 -2.680397
v 1.357651 6.953848 -2.723124
v 1.351536 6.937980 -2.690491
v 1.834150 6.828084 -2.722780
v 1.837295 6.836402 -2.701672
v 1.370470 6.986990 -2.731304
v 1.830554 6.818165 -2.651651
v 1.805626 6.754502 -2.702648
v 1.378618 7.007861 -2.304260
v 1.360006 6.959901 -2.309732
v 1.831565 6.821590 -2.243206
v 1.836272 6.833762 -2.261615
v 1.807063 6.758204 -1.853449
v 1.834150 6.828084 -1.885739
v 1.382118 7.017103 -1.452073
v 1.358497 6.956023 -1.399144
v 1.819919 6.791483 -1.479578
v 1.360006 6.959901 -1.472691
v 1.819336 6.789969 -1.391889
v 1.807063 6.758204 -1.434929
v 1.370470 6.986990 -1.057221
v 1.358003 6.954720 -0.981825
v 1.356265 6.950241 -0.987930
v 1.353545 6.943242 -1.041057
v 1.807059 6.758205 -1.016408
v 1.352818 6.941325 -1.008336
v 1.382118 7.017103 -0.615032
v 1.360006 6.959901 -0.635649
v 1.809084 6.763462 -0.622536
v 1.836272 6.833762 -0.587532
v 1.359599 6.958893 -0.560883
v 1.831565 6.821590 -0.569123
v 1.842736 6.813449 -0.135985
v 1.834150 6.828084 -0.211656
v 1.807059 6.758205 -0.179367
v 1.834056 6.828034 0.206299
v 1.808464 6.761825 0.216339
v 1.381812 7.016563 0.667769
v 1.837653 6.837326 0.640531
v 1.808350 6.761548 0.665747
v 1.832905 6.825071 0.691789
v 1.814032 6.776245 0.693460
v 1.359599 6.958893 1.113200
v 1.808464 6.761825 1.053381
v 1.359068 6.957472 1.040321
v 1.381763 7.016179 1.065014
v 1.826521 6.808544 1.031383
v 1.834056 6.828034 1.043341
v 1.831565 6.821590 1.104960
v 1.370470 6.986990 1.453903
v 1.837295 6.836402 1.483536
v 1.370269 6.986547 1.540482
v 1.807060 6.758205 1.494716
v 1.382118 7.017103 1.896093
v 1.371649 6.990152 1.900446
v 1.360006 6.959901 1.875475
v 1.831565 6.821590 1.942001
v 1.807063 6.758204 1.913237
v 1.380383 7.012619 2.326855
v 1.370988 6.988321 2.286945
v 1.807059 6.758205 2.331757
v 1.832905 6.825071 2.365872
v 1.360006 6.959901 2.712516
v 1.808350 6.761548 2.758351
v 1.836272 6.833762 2.760634
v 1.387205 6.993226 2.793659
v 1.359599 6.958893 2.787282
v 1.381812 7.016564 3.178894
v 1.834150 6.828084 3.136510
v 1.832905 6.825072 3.202914
v 1.372526 6.992298 3.136506
v 1.374129 6.996460 3.204674
v 2.282054 6.628768 -2.735304
v 2.289589 6.648257 -2.723346
v 1.814596 6.777698 -2.726366
v 2.264614 6.583687 -2.715140
v 2.284536 6.635794 -2.656841
v 2.291448 6.653066 -2.695394
v 2.269060 6.595170 -2.655908
v 2.267330 6.590688 -2.662013
v 2.263883 6.581772 -2.682419
v 1.809084 6.763462 -2.296619
v 2.298270 6.633671 -2.228590
v 1.808350 6.761548 -2.263898
v 2.282352 6.629422 -2.282624
v 1.826007 6.807212 -2.312783
v 1.813532 6.774945 -2.237387
v 1.811798 6.770464 -2.243492
v 2.289589 6.648257 -1.886304
v 1.837295 6.836402 -1.864630
v 1.830554 6.818165 -1.814609
v 2.263883 6.581772 -1.845377
v 1.831565 6.821590 -1.406165
v 2.269569 6.596467 -1.399144
v 2.293345 6.657956 -1.453442
v 2.298270 6.633671 -1.391548
v 1.837653 6.837326 -1.033552
v 2.269060 6.595170 -0.981825
v 2.267330 6.590688 -0.987930
v 1.832796 6.824832 -1.047048
v 1.815536 6.780127 -1.054170
v 2.291448 6.653066 -1.021311
v 2.284536 6.635794 -0.982757
v 1.815141 6.779113 -0.979404
v 2.263883 6.581772 -1.008336
v 1.813532 6.774945 -0.563304
v 1.811798 6.770464 -0.569409
v 1.808350 6.761548 -0.589815
v 1.826521 6.808544 -0.642700
v 2.293184 6.657550 -0.615031
v 1.837295 6.836402 -0.190548
v 2.289589 6.648257 -0.212221
v 2.263883 6.581772 -0.171294
v 2.290342 6.650174 -0.152709
v 1.815137 6.779115 -0.142362
v 2.263883 6.581772 0.247226
v 2.289683 6.648307 0.206864
v 2.291052 6.652040 0.242791
v 1.831565 6.821590 0.267918
v 2.287304 6.642363 0.274392
v 1.826478 6.808433 0.620839
v 2.263991 6.582051 0.634860
v 2.290342 6.650174 0.684333
v 1.815536 6.780127 0.619913
v 2.291448 6.653066 0.652772
v 1.818324 6.787344 1.115029
v 2.282714 6.630598 1.063404
v 2.298270 6.633671 1.119576
v 1.830554 6.818165 1.533557
v 1.815137 6.779115 1.531721
v 1.814598 6.777697 1.458841
v 2.264003 6.582047 1.471901
v 2.291448 6.653066 1.489814
v 1.813188 6.774071 1.880604
v 2.265520 6.585939 1.885071
v 1.826521 6.808544 1.868425
v 1.834056 6.828034 1.880382
v 2.269569 6.596467 1.949022
v 1.814596 6.777699 2.295883
v 1.836127 6.833387 2.306407
v 1.837295 6.836402 2.320577
v 2.269060 6.595170 2.366341
v 2.267330 6.590688 2.360236
v 1.831565 6.821590 2.779043
v 2.282352 6.629422 2.739625
v 2.269569 6.596467 2.786063
v 1.826007 6.807212 2.709466
v 2.292831 6.656625 2.739097
v 1.813532 6.774945 2.784862
v 1.811798 6.770464 2.778757
v 2.263883 6.581772 3.176871
v 2.291448 6.653066 3.163897
v 1.837295 6.836403 3.157619
v 1.815141 6.779114 3.205804
v 2.721048 6.406164 -2.718657
v 2.725102 6.416689 -2.654706
v 2.292831 6.656625 -2.283151
v 2.737070 6.447660 -2.312784
v 2.724591 6.415394 -2.237387
v 2.722863 6.410911 -2.243492
v 2.263883 6.581772 -2.263898
v 2.748409 6.477234 -2.261876
v 2.740069 6.456018 -2.238319
v 2.269569 6.596467 -2.236185
v 2.269060 6.595170 -1.818866
v 2.267330 6.590688 -1.824971
v 2.723826 6.413421 -1.885470
v 2.748235 6.476539 -1.864488
v 2.291448 6.653066 -1.858352
v 2.284536 6.635794 -1.819799
v 2.727788 6.423648 -1.815153
v 2.754099 6.453794 -1.810085
v 2.271063 6.600351 -1.472691
v 2.740069 6.456018 -1.401278
v 2.719517 6.402278 -1.457745
v 2.754099 6.453794 -0.973044
v 2.745215 6.468531 -1.048698
v 2.721032 6.406171 -1.044574
v 2.269569 6.596467 -0.562102
v 2.271060 6.600354 -0.635649
v 2.719544 6.402267 -0.620703
v 2.739125 6.452969 -0.630180
v 2.298270 6.633671 -0.554506
v 2.740069 6.456018 -0.564237
v 2.748409 6.477234 -0.587793
v 2.720269 6.404152 -0.581146
v 2.269060 6.595170 -0.144783
v 2.267330 6.590688 -0.150888
v 2.739009 6.452673 -0.216960
v 2.746584 6.472263 -0.175729
v 2.291448 6.653066 -0.184269
v 2.721048 6.406164 -0.207533
v 2.725102 6.416689 -0.143582
v 2.719416 6.401995 0.247226
v 2.269569 6.596467 0.274939
v 2.735689 6.444086 0.613582
v 2.754099 6.453794 0.701039
v 2.748235 6.476539 0.646637
v 2.725102 6.416689 0.693460
v 2.719522 6.402276 1.053380
v 2.735040 6.442388 1.119761
v 2.292831 6.656625 1.065015
v 2.748409 6.477234 1.086290
v 2.739013 6.452672 1.457123
v 2.719416 6.401995 1.502788
v 2.284536 6.635794 1.528367
v 2.292831 6.656625 1.902056
v 2.745122 6.468481 1.880382
v 2.286087 6.638389 1.952077
v 2.724591 6.415394 1.947820
v 2.722863 6.410911 1.941715
v 2.291448 6.653065 2.326855
v 2.263883 6.581772 2.339830
v 2.719416 6.401995 2.339830
v 2.284536 6.635794 2.365408
v 2.748353 6.476852 2.320577
v 2.725102 6.416690 2.367543
v 2.737070 6.447660 2.709465
v 2.724591 6.415394 2.784862
v 2.722863 6.410911 2.778757
v 2.720172 6.403901 2.725629
v 2.745215 6.468531 3.136509
v 2.284536 6.635795 3.202450
v 2.269060 6.595171 3.203382
v 2.267330 6.590689 3.197278
v 2.748353 6.476852 -2.701671
v 3.210733 6.270744 -2.679447
v 3.181398 6.272101 -2.651657
v 2.719416 6.401995 -2.682419
v 3.178849 6.229620 -2.720701
v 2.741626 6.458608 -2.651651
v 2.719416 6.401995 -2.263898
v 3.192589 6.229303 -2.256375
v 3.197295 6.285553 -2.299976
v 3.175779 6.220638 -1.864997
v 3.210349 6.270585 -1.842202
v 3.192954 6.266414 -1.814613
v 2.737188 6.447967 -1.893000
v 3.194673 6.285919 -1.881481
v 3.181398 6.272101 -1.814616
v 2.737586 6.448990 -1.479741
v 2.745122 6.468481 -1.467784
v 3.197119 6.285774 -1.463202
v 3.192590 6.229303 -1.419333
v 2.746980 6.473289 -1.439831
v 2.748353 6.476852 -1.027588
v 2.725102 6.416689 -0.980623
v 3.178849 6.229620 -1.046618
v 3.210733 6.270744 -1.005363
v 3.192954 6.266414 -0.977572
v 3.192590 6.229303 -0.582292
v 3.197294 6.285553 -0.625894
v 3.178849 6.229620 -0.209577
v 3.210733 6.270744 -0.168322
v 3.181398 6.272101 -0.140533
v 2.741626 6.458608 -0.140526
v 2.724591 6.415394 0.273737
v 2.722863 6.410911 0.267633
v 3.197119 6.285773 0.210882
v 3.192590 6.229303 0.254750
v 2.745122 6.468481 0.206299
v 2.746981 6.473290 0.234252
v 2.740069 6.456018 0.272805
v 3.210349 6.270585 0.668923
v 3.181398 6.272101 0.696509
v 3.194673 6.285919 0.629643
v 3.172554 6.224356 0.636755
v 3.192590 6.229303 1.091792
v 3.197295 6.285553 1.048189
v 2.737070 6.447660 1.035382
v 2.725102 6.416689 1.530501
v 3.178849 6.229620 1.464506
v 3.210733 6.270744 1.505761
v 2.748353 6.476852 1.483536
v 3.181398 6.272101 1.533550
v 2.740069 6.456018 1.946888
v 3.192590 6.229303 1.928833
v 3.197119 6.285774 1.884964
v 2.719416 6.401995 1.921309
v 2.746980 6.473289 1.908335
v 3.178848 6.229620 2.301548
v 3.210733 6.270744 2.342802
v 2.754099 6.453795 2.375122
v 3.181398 6.272101 2.370592
v 2.740069 6.456018 2.783929
v 3.192589 6.229303 2.765874
v 2.719416 6.401995 2.758351
v 3.197295 6.285553 2.722272
v 2.725102 6.416690 3.204584
v 3.178849 6.229620 3.138589
v 3.210733 6.270745 3.179844
v 2.726595 6.420575 3.131037
v 3.181398 6.272102 3.207633
v -2.303294 2.273216 -2.613680
v -2.305061 2.273376 -2.469286
v -0.885436 2.273216 -2.468358
v -2.305061 0.748701 -2.612751
v -0.883669 2.273376 -2.612751
v -0.885436 0.748861 -2.613679
v -0.883669 0.748701 -2.469286
v -2.303294 0.748861 -2.468358
v -0.950182 0.820052 -2.631835
v -2.238547 0.820052 -2.629568
v -2.238547 2.202024 -2.631836
v -0.950182 2.202024 -2.629568
v -2.242075 2.258062 -2.660596
v -2.244057 0.786552 -2.687531
v -2.240094 0.786552 -2.633661
v -1.594365 2.258062 -2.660596
v -1.592383 0.786552 -2.633661
v -1.596346 0.786552 -2.687532
v -0.948636 0.786552 -2.687531
v -0.946654 2.258062 -2.660596
v -0.944672 0.786552 -2.633661
v -2.359510 0.741284 -2.798064
v -0.829219 0.750535 -2.798064
v -2.359510 0.750535 -2.562987
v -0.829219 0.741284 -2.562987
v -0.823704 2.295528 -2.480577
v -2.365026 2.302110 -2.480577
v -2.365026 2.295529 -2.880475
v -0.823704 2.302110 -2.880475
v 2.155589 2.273376 -2.612751
v 2.153822 0.748861 -2.613679
v 0.734197 0.748701 -2.612751
v 0.734197 2.273376 -2.469286
v 2.155589 0.748701 -2.469286
v 0.735964 2.273216 -2.613680
v 2.153822 2.273216 -2.468358
v 0.735964 0.748861 -2.468358
v 0.800711 0.820052 -2.629568
v 2.089075 0.820052 -2.631835
v 2.089075 2.202024 -2.629568
v 0.800711 2.202024 -2.631836
v 0.797182 2.258062 -2.660596
v 0.799164 0.786552 -2.633661
v 0.795201 0.786552 -2.687532
v 1.442911 0.786552 -2.687531
v 1.446875 0.786552 -2.633661
v 1.444893 2.258062 -2.660596
v 2.092604 2.258062 -2.660596
v 2.094585 0.786552 -2.633661
v 2.090622 0.786552 -2.687532
v 0.679748 0.741284 -2.798064
v 2.210039 0.741284 -2.562987
v 2.210039 0.750535 -2.798064
v 0.679748 0.750535 -2.562987
v 2.215554 2.302110 -2.880475
v 0.674232 2.302111 -2.480577
v 0.674232 2.295529 -2.880475
v 2.215554 2.295528 -2.480577
v -3.002979 1.938537 2.032796
v -2.856311 0.751314 2.032796
v -2.856423 1.939704 2.033798
v -3.002869 0.750146 2.033798
v -3.002869 1.939704 1.055283
v -2.856311 1.938537 1.056285
v -2.856423 0.750146 1.055283
v -3.002980 0.751314 1.056285
v -3.020477 0.820187 1.124436
v -3.020477 1.869664 1.964646
v -3.018179 0.820187 1.964646
v -3.018179 1.869664 1.124436
v -3.022287 1.913365 1.970026
v -3.049222 0.774082 1.968044
v -3.076158 1.913365 1.966062
v -3.049222 1.925836 1.544541
v -3.022287 0.786553 1.542559
v -3.076158 0.786553 1.546522
v -3.076158 1.913365 1.119056
v -3.022287 1.913365 1.123019
v -3.049222 0.774082 1.121038
v -3.188221 0.741535 2.085560
v -2.950084 0.741535 1.003521
v -2.950084 0.750284 2.085560
v -3.188220 0.750284 1.003521
v -3.002980 0.751314 -1.833501
v -2.856311 0.751314 -0.856990
v -3.002869 1.939704 -1.834503
v -2.856423 0.750146 -1.834503
v -2.856423 1.939704 -0.855988
v -2.856311 1.938536 -1.833501
v -3.002979 1.938536 -0.856990
v -3.002869 0.750146 -0.855988
v -3.020477 0.820186 -1.765350
v -3.020477 1.869664 -0.925140
v -3.018179 1.869664 -1.765350
v -3.018179 0.820186 -0.925140
v -3.022287 1.913365 -0.919760
v -3.076158 1.913365 -0.923724
v -3.049222 0.774082 -0.921742
v -3.076158 1.913365 -1.347227
v -3.022287 1.913365 -1.343264
v -3.049222 0.774082 -1.345245
v -3.049222 0.774082 -1.768748
v -3.022287 1.913365 -1.766767
v -3.076158 1.913365 -1.770730
v -3.188220 0.741535 -0.804226
v -2.950084 0.750284 -0.804226
v -2.950084 0.741535 -1.886265
v -3.188220 0.750284 -1.886265
v 1.056285 0.751314 3.102627
v 2.032796 1.938537 3.102627
v 2.032796 0.751314 2.955959
v 2.033798 1.939705 2.956069
v 1.055284 1.939704 3.102515
v 1.055284 0.750146 2.956069
v 1.056285 1.938537 2.955958
v 2.033798 0.750146 3.102516
v 1.124436 0.820187 3.120125
v 1.964646 1.869664 3.120125
v 1.964646 0.820187 3.117827
v 1.124436 1.869664 3.117827
v 1.970026 1.913365 3.121935
v 1.966062 1.913366 3.175806
v 1.968044 0.774082 3.148870
v 1.542559 1.913366 3.175805
v 1.544541 0.774082 3.148870
v 1.546523 1.913365 3.121935
v 1.119056 1.913366 3.175805
v 1.123019 1.913365 3.121935
v 1.121038 0.774082 3.148870
v 1.003521 0.750284 3.287868
v 2.085560 0.741535 3.287868
v 2.085560 0.750284 3.049731
v 1.003521 0.741535 3.049732
v -0.856990 1.938537 3.102627
v -1.833501 0.751314 3.102627
v -1.833501 1.938537 2.955958
v -0.855988 1.939705 2.956069
v -1.834503 0.750146 2.956069
v -1.834502 1.939704 3.102515
v -0.855988 0.750146 3.102516
v -0.856990 0.751314 2.955959
v -1.765350 1.869664 3.117827
v -1.765350 0.820187 3.120125
v -0.925140 1.869664 3.120125
v -0.925140 0.820187 3.117827
v -0.923724 1.913366 3.175806
v -0.921742 0.774082 3.148870
v -0.919760 1.913365 3.121935
v -1.347227 1.913366 3.175805
v -1.345245 0.774082 3.148870
v -1.343264 1.913365 3.121935
v -1.766767 1.913365 3.121935
v -1.768748 0.774082 3.148870
v -1.770730 1.913366 3.175805
v -1.886265 0.750284 3.287868
v -0.804226 0.750284 3.049732
v -0.804226 0.741535 3.287868
v -1.886265 0.741535 3.049732
v 2.856423 1.939704 -2.033798
v 2.856311 1.938536 -1.056286
v 2.856423 0.750146 -1.055284
v 3.002869 1.939704 -1.055284
v 3.002979 1.938536 -2.032797
v 3.002869 0.750146 -2.033798
v 3.002980 0.751314 -1.056286
v 2.856311 0.751314 -2.032796
v 3.018179 1.869664 -1.124436
v 3.020477 0.820186 -1.124436
v 3.020477 1.869664 -1.964646
v 3.018179 0.820186 -1.964646
v 3.049222 0.774082 -1.968044
v 3.076158 1.913365 -1.966062
v 3.022287 1.913365 -1.970026
v 3.076158 1.913365 -1.542559
v 3.049222 0.774082 -1.544541
v 3.022287 1.913365 -1.546523
v 3.076158 1.913365 -1.119056
v 3.049222 0.774082 -1.121038
v 3.022287 1.913365 -1.123020
v 3.188221 0.741535 -2.085560
v 2.950084 0.750284 -2.085560
v 2.950084 0.741535 -1.003522
v 3.188220 0.750284 -1.003522
v 2.856423 1.939704 0.855988
v 2.856311 0.751314 0.856990
v 2.856311 1.938537 1.833501
v 3.002979 1.938537 0.856990
v 3.002869 1.939704 1.834502
v 3.002980 0.751314 1.833501
v 2.856423 0.750146 1.834502
v 3.002869 0.750146 0.855988
v 3.020477 0.820187 1.765350
v 3.020477 1.869664 0.925140
v 3.018179 0.820186 0.925140
v 3.018179 1.869664 1.765350
v 3.076158 1.913365 0.923724
v 3.049222 0.774082 0.921742
v 3.022287 1.913365 0.919760
v 3.049222 1.925836 1.345245
v 3.076158 0.786553 1.343263
v 3.022287 0.786553 1.347227
v 3.076158 1.913365 1.770730
v 3.049222 0.774082 1.768748
v 3.022287 1.913365 1.766766
v 3.188220 0.741535 0.804226
v 3.188221 0.750284 1.886265
v 2.950084 0.750284 0.804226
v 2.950084 0.741535 1.886265
v -0.883669 5.293624 -2.612752
v -0.885436 3.769108 -2.613680
v -2.303294 3.769108 -2.468358
v -0.883669 3.768948 -2.469287
v -2.303294 5.293464 -2.613680
v -2.305061 3.768948 -2.612751
v -2.305060 5.293623 -2.469287
v -0.885436 5.293464 -2.468359
v -0.950182 3.840300 -2.631836
v -2.238547 3.840300 -2.629568
v -2.238547 5.222272 -2.631836
v -0.950182 5.222272 -2.629569
v -2.242075 3.794329 -2.660596
v -2.244057 5.265840 -2.633661
v -2.240094 5.265840 -2.687532
v -1.596346 5.265840 -2.633661
v -1.594365 3.794329 -2.660596
v -1.592383 5.265840 -2.687532
v -0.944672 5.265840 -2.687532
v -0.946654 3.794329 -2.660596
v -0.948636 5.265840 -2.633661
v -0.829219 3.761531 -2.562987
v -2.359510 3.770782 -2.562988
v -2.359510 3.761531 -2.798064
v -0.829219 3.770782 -2.798064
v -2.365026 5.315777 -2.880475
v -0.823703 5.322358 -2.880475
v -0.823703 5.315776 -2.480577
v -2.365026 5.322358 -2.480577
v 2.155589 5.293624 -2.612752
v 0.735964 5.293464 -2.613680
v 2.155589 3.768948 -2.469287
v 0.735964 3.769108 -2.468358
v 2.153822 3.769108 -2.613680
v 0.734197 5.293624 -2.469287
v 2.153822 5.293464 -2.468359
v 0.734197 3.768948 -2.612751
v 2.089075 5.222272 -2.629569
v 0.800711 5.222272 -2.631836
v 0.800711 3.840299 -2.629568
v 2.089075 3.840299 -2.631835
v 0.797182 3.794329 -2.660596
v 0.795201 5.265840 -2.633661
v 0.799164 5.265840 -2.687532
v 1.442911 3.806799 -2.687532
v 1.444893 5.278310 -2.660597
v 1.446875 3.806799 -2.633661
v 2.090622 3.806799 -2.687532
v 2.092604 5.278310 -2.660597
v 2.094585 3.806799 -2.633661
v 0.679748 3.761531 -2.798064
v 2.210039 3.770782 -2.798064
v 0.679748 3.770782 -2.562987
v 2.210039 3.761531 -2.562987
v 2.215554 5.322357 -2.880475
v 0.674231 5.322358 -2.480577
v 2.215555 5.315776 -2.480577
v 0.674231 5.315777 -2.880475
v -3.002980 4.958783 2.032796
v -3.002980 3.771561 1.056285
v -2.856311 4.958783 1.056285
v -2.856423 4.959951 2.033798
v -2.856311 3.771561 2.032796
v -3.002869 4.959951 1.055283
v -3.002869 3.770393 2.033798
v -2.856423 3.770393 1.055283
v -3.020477 3.840433 1.124436
v -3.018179 3.840434 1.964646
v -3.020477 4.889911 1.964646
v -3.018179 4.889911 1.124436
v -3.049222 3.794329 1.968044
v -3.022287 4.933612 1.970025
v -3.076158 4.933612 1.966062
v -3.076158 4.933612 1.542559
v -3.049222 3.794329 1.544541
v -3.022287 4.933612 1.546522
v -3.076158 4.933612 1.119056
v -3.022287 4.933612 1.123019
v -3.049222 3.794329 1.121037
v -3.188220 3.770531 1.003521
v -3.188221 3.761783 2.085560
v -2.950084 3.770531 2.085560
v -2.950084 3.761782 1.003521
v -3.002980 3.771561 -1.833501
v -2.856423 3.770393 -1.834503
v -3.002980 4.958783 -0.856990
v -3.002869 3.770393 -0.855988
v -2.856311 3.771561 -0.856990
v -2.856311 4.958783 -1.833501
v -3.002869 4.959951 -1.834503
v -2.856423 4.959951 -0.855989
v -3.020477 3.840433 -1.765350
v -3.018179 3.840433 -0.925141
v -3.020477 4.889911 -0.925141
v -3.018179 4.889911 -1.765351
v -3.076158 4.933612 -0.923724
v -3.049222 3.794329 -0.921742
v -3.022287 4.933612 -0.919761
v -3.049222 3.794329 -1.345245
v -3.076158 4.933612 -1.347227
v -3.022287 4.933612 -1.343264
v -3.049222 4.946083 -1.768749
v -3.022287 3.806799 -1.770730
v -3.076158 3.806799 -1.766767
v -2.950084 3.761782 -1.886265
v -2.950084 3.770531 -0.804226
v -3.188220 3.761782 -0.804226
v -3.188220 3.770531 -1.886265
v 1.056286 3.771561 3.102627
v 2.033798 3.770393 3.102515
v 1.056286 4.958783 2.955958
v 2.032796 3.771561 2.955958
v 2.032796 4.958783 3.102627
v 1.055284 3.770393 2.956069
v 2.033798 4.959951 2.956069
v 1.055284 4.959951 3.102515
v 1.124436 3.840434 3.120125
v 1.124436 4.889911 3.117827
v 1.964646 4.889911 3.120124
v 1.964646 3.840434 3.117827
v 1.968044 4.946083 3.148870
v 1.970026 3.806800 3.175805
v 1.966062 3.806800 3.121935
v 1.546523 3.806800 3.175805
v 1.542559 3.806800 3.121935
v 1.544541 4.946083 3.148870
v 1.123020 3.806800 3.175805
v 1.121038 4.946083 3.148870
v 1.119056 3.806800 3.121935
v 2.085560 3.761783 3.287868
v 2.085560 3.770531 3.049731
v 1.003521 3.761782 3.049731
v 1.003521 3.770532 3.287868
v -0.856990 4.958783 3.102627
v -0.856990 3.771561 2.955958
v -0.855988 4.959951 2.956069
v -1.834502 3.770393 2.956069
v -1.834502 4.959951 3.102515
v -1.833501 3.771561 3.102627
v -1.833500 4.958783 2.955958
v -0.855988 3.770393 3.102515
v -1.765350 3.840434 3.120125
v -1.765350 4.889911 3.117827
v -0.925140 4.889911 3.120124
v -0.925140 3.840434 3.117827
v -0.923724 4.933613 3.175805
v -0.921742 3.794329 3.148870
v -0.919760 4.933612 3.121934
v -1.345245 4.946083 3.148870
v -1.347227 3.806800 3.121935
v -1.343264 3.806800 3.175805
v -1.768748 3.794329 3.148870
v -1.770730 4.933613 3.175805
v -1.766767 4.933612 3.121934
v -1.886265 3.770532 3.287868
v -0.804226 3.770532 3.049731
v -1.886265 3.761782 3.049731
v -0.804226 3.761782 3.287868
v 2.856423 4.959951 -2.033798
v 2.856311 4.958783 -1.056286
v 2.856311 3.771561 -2.032797
v 3.002869 3.770393 -2.033798
v 2.856423 3.770393 -1.055284
v 3.002869 4.959951 -1.055284
v 3.002980 4.958783 -2.032797
v 3.002980 3.771561 -1.056286
v 3.020477 4.889911 -1.964646
v 3.018179 3.840433 -1.964646
v 3.018179 4.889911 -1.124436
v 3.020477 3.840433 -1.124436
v 3.076158 4.933612 -1.966063
v 3.022287 4.933612 -1.970026
v 3.049222 3.794329 -1.968044
v 3.076158 4.933612 -1.542560
v 3.049222 3.794329 -1.544541
v 3.022287 4.933612 -1.546523
v 3.049222 3.794329 -1.121038
v 3.076158 4.933612 -1.119056
v 3.022287 4.933612 -1.123020
v 3.188221 3.761782 -2.085561
v 2.950084 3.761782 -1.003522
v 2.950084 3.770531 -2.085561
v 3.188220 3.770531 -1.003522
v 3.002980 3.771561 1.833500
v 2.856311 3.771561 0.856989
v 2.856311 4.958783 1.833500
v 2.856423 4.959951 0.855988
v 3.002869 3.770393 0.855988
v 2.856423 3.770393 1.834502
v 3.002869 4.959951 1.834502
v 3.002980 4.958783 0.856990
v 3.018179 4.889911 1.765350
v 3.020477 4.889911 0.925140
v 3.018179 3.840433 0.925140
v 3.020477 3.840434 1.765350
v 3.076158 4.933612 0.923724
v 3.049222 3.794329 0.921742
v 3.022287 4.933612 0.919760
v 3.049222 3.794329 1.345245
v 3.076158 4.933612 1.347227
v 3.022287 4.933612 1.343263
v 3.076158 4.933612 1.770730
v 3.049222 3.794329 1.768748
v 3.022287 4.933612 1.766766
v 3.188220 3.761782 0.804226
v 2.950084 3.770531 0.804226
v 2.950084 3.761782 1.886264
v 3.188220 3.770532 1.886264
v -0.536376 2.371738 -2.668928
v 0.536375 2.371738 -2.532688
v -0.537206 2.372731 -2.533436
v -0.536375 0.116762 -2.532688
v 0.537206 0.115769 -2.533436
v 0.537206 2.372731 -2.668180
v -0.537206 0.115769 -2.668180
v 0.536375 0.116762 -2.668927
v -0.465798 2.292920 -2.692106
v 0.465798 0.185512 -2.692106
v 0.465798 2.292920 -2.688876
v -0.465798 0.185512 -2.688876
v -0.002010 2.295862 -2.695943
v 0.002010 2.295862 -2.744826
v -0.000000 0.171321 -2.720385
v -0.121736 0.950030 -2.812123
v -0.119577 1.364375 -2.780173
v -0.117418 0.950030 -2.748224
v 0.117418 0.950030 -2.812123
v 0.119577 1.364375 -2.780173
v 0.121736 0.950030 -2.748225
v 0.743838 2.506341 -3.328255
v -0.743838 2.506341 -2.511106
v -0.743838 2.499032 -3.328255
v 0.743838 2.499032 -2.511106
v -0.715850 0.199604 -3.283523
v -0.718206 0.073247 -3.281560
v -0.715850 0.074048 -2.675415
v 0.718206 0.073247 -2.677378
v 0.715850 0.074048 -3.283523
v -0.718206 0.200405 -2.677378
v 0.715850 0.199604 -2.675415
v 0.718206 0.200405 -3.281560
v 2.812266 1.169300 -3.200703
v 2.812461 0.078756 -3.202186
v 2.568520 0.078755 -3.414428
v 2.568715 0.080898 -3.200703
v 2.812266 0.080898 -3.415910
v 2.568520 1.171443 -3.202186
v 2.812461 1.171443 -3.414428
v 2.568715 1.169301 -3.415910
v 2.847894 1.091825 -3.381561
v 2.531605 1.093097 -3.383117
v 2.533087 0.802693 -3.381561
v 2.533087 1.091825 -3.553926
v 2.849376 0.801421 -3.383117
v 2.849376 1.093097 -3.552369
v 2.847894 0.802693 -3.553926
v 2.531605 0.801421 -3.552369
v -3.334571 0.724002 -3.137463
v -3.341831 0.053024 -3.137463
v -3.334572 0.053025 3.336759
v -3.341831 0.724003 3.336759
v 3.341831 0.724002 -3.137463
v 3.334572 0.053024 -3.137463
v 3.334571 0.724003 3.336759
v 3.341831 0.053025 3.336759
v -2.382245 0.430503 -3.545096
v -1.205076 0.430503 -3.230954
v -2.384389 0.430804 -3.232532
v -2.382245 0.074701 -3.230955
v -2.384389 0.074400 -3.543518
v -1.202931 0.074400 -3.232532
v -1.202931 0.430804 -3.543518
v -1.205076 0.074702 -3.545096
v -2.212155 0.865909 -3.344918
v -2.371888 0.865601 -3.288847
v -2.271698 0.865601 -3.487204
v -2.105673 0.655302 -3.388025
v -2.168886 0.655740 -3.249386
v -2.516040 0.578484 -3.377041
v -2.431432 0.865908 -3.431133
v -2.474701 0.655740 -3.526664
v -2.321793 0.655301 -3.191878
v -2.474701 0.654863 -3.249386
v -2.321794 0.655302 -3.584172
v -2.168886 0.654864 -3.526664
v -2.271699 0.445002 -3.288847
v -2.431432 0.444695 -3.344918
v -2.371888 0.445003 -3.487203
v -2.212155 0.444695 -3.431132
v -1.963035 0.865908 -3.344918
v -2.122769 0.865601 -3.288847
v -2.182313 0.865908 -3.431133
v -2.022579 0.865600 -3.487204
v -2.072674 0.655301 -3.191878
v -2.266921 0.578484 -3.377041
v -2.072674 0.655302 -3.584172
v -1.919767 0.655740 -3.249386
v -2.225582 0.654863 -3.249386
v -2.225582 0.655740 -3.526664
v -1.919766 0.654864 -3.526664
v -1.856554 0.655302 -3.388025
v -2.022579 0.445003 -3.288847
v -2.182313 0.444695 -3.344918
v -2.122769 0.445003 -3.487203
v -1.963035 0.444695 -3.431133
v -1.973298 0.865601 -3.288847
v -2.032841 0.865908 -3.431133
v -1.813564 0.865908 -3.344918
v -1.923202 0.655301 -3.191878
v -2.076110 0.654863 -3.249386
v -2.076110 0.655740 -3.526664
v -1.923202 0.655302 -3.584172
v -1.873107 0.865601 -3.487203
v -1.707082 0.655302 -3.388025
v -1.770295 0.655740 -3.249386
v -2.139323 0.655302 -3.388025
v -1.770295 0.654864 -3.526664
v -1.813564 0.444695 -3.431133
v -2.032841 0.444695 -3.344917
v -1.973298 0.445003 -3.487204
v -1.873108 0.445002 -3.288847
v -1.564444 0.865908 -3.344918
v -1.724178 0.865601 -3.288847
v -1.623988 0.865601 -3.487203
v -1.674082 0.655301 -3.191878
v -1.826991 0.654863 -3.249386
v -1.783721 0.865909 -3.431133
v -1.890203 0.655302 -3.388025
v -1.826990 0.655740 -3.526664
v -1.521175 0.654864 -3.526664
v -1.457963 0.655302 -3.388025
v -1.521176 0.655740 -3.249386
v -1.674083 0.655302 -3.584172
v -1.623988 0.445002 -3.288847
v -1.724178 0.445003 -3.487203
v -1.564444 0.444695 -3.431133
v -1.783721 0.444695 -3.344917
v -1.574706 0.865601 -3.288847
v -1.634250 0.865909 -3.431133
v -1.414973 0.865908 -3.344917
v -1.330365 0.578484 -3.399009
v -1.371704 0.655740 -3.249386
v -1.524611 0.655301 -3.191878
v -1.474516 0.865601 -3.487203
v -1.677519 0.654863 -3.249386
v -1.740732 0.655302 -3.388025
v -1.677519 0.655740 -3.526664
v -1.524611 0.655302 -3.584172
v -1.371704 0.654863 -3.526664
v -1.474516 0.445002 -3.288847
v -1.634250 0.444695 -3.344918
v -1.414972 0.444695 -3.431133
v -1.574706 0.445003 -3.487203
v -1.325587 0.865601 -3.288847
v -1.385130 0.865909 -3.431133
v -1.225397 0.865601 -3.487203
v -1.165853 0.865908 -3.344917
v -1.122584 0.655740 -3.249386
v -1.275491 0.655301 -3.191878
v -1.122585 0.654863 -3.526664
v -1.081245 0.578484 -3.399009
v -1.428399 0.654863 -3.249386
v -1.491612 0.655302 -3.388025
v -1.428400 0.655740 -3.526664
v -1.275491 0.655302 -3.584172
v -1.225397 0.445002 -3.288847
v -1.385131 0.444695 -3.344918
v -1.165853 0.444695 -3.431133
v -1.325587 0.445003 -3.487203
v 2.384389 0.074400 -3.232532
v 1.205076 0.430503 -3.545096
v 2.382245 0.430503 -3.230955
v 1.202931 0.430804 -3.232532
v 2.384389 0.430804 -3.543518
v 1.202931 0.074400 -3.543518
v 2.382245 0.074701 -3.545096
v 1.205076 0.074702 -3.230954
v 1.155888 0.865908 -3.431133
v 1.418434 0.655740 -3.249386
v 1.375166 0.865908 -3.344917
v 1.215432 0.865601 -3.288847
v 1.112620 0.654863 -3.249386
v 1.112620 0.655740 -3.526664
v 1.315622 0.865601 -3.487203
v 1.418434 0.654864 -3.526664
v 1.481648 0.655302 -3.388025
v 1.265527 0.655302 -3.191878
v 1.071281 0.732120 -3.399009
v 1.265527 0.655301 -3.584172
v 1.315622 0.445002 -3.288848
v 1.155888 0.444695 -3.344917
v 1.215432 0.445003 -3.487203
v 1.375166 0.444695 -3.431133
v 1.624285 0.865908 -3.344917
v 1.667554 0.655740 -3.249386
v 1.514646 0.655302 -3.191878
v 1.464552 0.865601 -3.288847
v 1.320400 0.732120 -3.399009
v 1.405008 0.865908 -3.431133
v 1.564741 0.865601 -3.487203
v 1.730767 0.655302 -3.388025
v 1.361739 0.654863 -3.249386
v 1.361739 0.655740 -3.526664
v 1.514646 0.655301 -3.584172
v 1.667554 0.654864 -3.526664
v 1.624285 0.444695 -3.431133
v 1.564741 0.445002 -3.288848
v 1.405008 0.444695 -3.344917
v 1.464551 0.445003 -3.487203
v 1.773757 0.865909 -3.344918
v 1.614023 0.865601 -3.288847
v 1.554479 0.865908 -3.431133
v 1.714213 0.865601 -3.487203
v 1.817026 0.655740 -3.249386
v 1.511211 0.654863 -3.249386
v 1.511210 0.655740 -3.526664
v 1.817026 0.654864 -3.526664
v 1.880239 0.655302 -3.388025
v 1.664118 0.655302 -3.191878
v 1.447998 0.655302 -3.388025
v 1.664118 0.655301 -3.584172
v 1.714213 0.445002 -3.288847
v 1.614023 0.445003 -3.487203
v 1.773757 0.444695 -3.431133
v 1.554479 0.444695 -3.344918
v 1.863143 0.865601 -3.288847
v 1.803599 0.865908 -3.431133
v 2.022877 0.865909 -3.344918
v 2.129358 0.655302 -3.388025
v 2.066145 0.655740 -3.249386
v 1.760330 0.655740 -3.526664
v 1.963333 0.865601 -3.487204
v 2.066145 0.654864 -3.526664
v 1.913237 0.655302 -3.191878
v 1.760330 0.654863 -3.249386
v 1.697117 0.655302 -3.388025
v 1.913237 0.655301 -3.584172
v 2.022877 0.444695 -3.431132
v 1.963333 0.445002 -3.288847
v 1.803599 0.444695 -3.344918
v 1.863143 0.445003 -3.487203
v 2.172348 0.865908 -3.344918
v 2.012614 0.865601 -3.288847
v 1.953071 0.865908 -3.431133
v 2.112804 0.865601 -3.487203
v 2.256956 0.578484 -3.399009
v 2.215617 0.655740 -3.249386
v 2.062709 0.655302 -3.191878
v 1.846589 0.655302 -3.388025
v 1.909802 0.655740 -3.526664
v 2.062709 0.655301 -3.584172
v 1.909802 0.654863 -3.249386
v 2.215617 0.654864 -3.526664
v 2.112804 0.445002 -3.288847
v 1.953071 0.444695 -3.344918
v 2.172348 0.444695 -3.431133
v 2.012614 0.445003 -3.487203
v 2.261733 0.865601 -3.288847
v 2.202190 0.865908 -3.431133
v 2.421468 0.865908 -3.344918
v 2.464736 0.655740 -3.249386
v 2.311829 0.655302 -3.191878
v 2.158921 0.654863 -3.249386
v 2.311829 0.655301 -3.584172
v 2.464737 0.654864 -3.526664
v 2.361924 0.865601 -3.487203
v 2.506075 0.578484 -3.399009
v 2.095708 0.655302 -3.388025
v 2.158921 0.655740 -3.526664
v 2.421468 0.444695 -3.431133
v 2.361924 0.445002 -3.288847
v 2.202190 0.444695 -3.344917
v 2.261733 0.445003 -3.487204
v -2.698068 0.064376 3.073995
v -2.734019 5.884688 3.035724
v -2.742613 5.885040 3.122923
v -2.761727 0.064786 3.038986
v -2.752940 0.060602 3.121385
v 2.727688 0.060602 3.121385
v 2.746610 5.884688 3.035724
v 2.738015 5.885040 3.122923
v 2.782561 0.064376 3.073995
v 2.718902 0.064786 3.038986
v -0.392232 2.200146 3.011016
v 0.392232 0.399097 3.011016
v -0.392232 0.399097 3.127288
v 0.392927 2.201286 3.011778
v 0.392927 0.397957 3.126526
v -0.392927 2.201286 3.126526
v 0.392232 2.200146 3.127288
v -0.392927 0.397957 3.011778
v 0.966258 1.256818 2.987352
v 0.966258 1.745125 3.150952
v 0.628107 1.256818 3.150952
v 0.967181 1.255116 3.149836
v 0.628107 1.745125 2.987351
v 0.967181 1.746826 2.988468
v 0.627184 1.746826 3.149836
v 0.627184 1.255117 2.988468
v -2.508521 0.790373 3.027847
v -2.510208 0.146661 3.029504
v -2.508521 0.147735 3.469189
v -1.675000 0.791446 3.029504
v -1.676687 0.790373 3.469189
v -2.510208 0.791446 3.467532
v -1.676687 0.147734 3.027847
v -1.675000 0.146661 3.467532
v -2.161673 0.540905 2.999389
v -1.932558 0.253808 2.993758
v -2.098331 0.316070 2.997922
v -1.994051 0.713717 2.999398
v -1.763361 0.648733 2.999408
v -1.706946 0.422022 3.000875
v -1.819696 0.284361 3.005039
v -2.141719 0.330673 2.965459
v -2.134559 0.316243 2.977291
v -1.723454 0.325592 2.969504
v -2.134559 0.383696 2.977291
v -1.723454 0.393044 2.969504
v -2.141719 0.398126 2.965459
v -1.723454 0.460496 2.969504
v -2.141719 0.456409 2.964475
v -2.134559 0.468363 2.978757
v -1.723454 0.527949 2.969504
v -2.141719 0.523861 2.964475
v -2.134559 0.535815 2.978757
v -2.141719 0.591313 2.964475
v -2.134559 0.603268 2.978757
v -1.723454 0.595401 2.969504
v -1.723454 0.662853 2.969504
v -2.141719 0.667934 2.965459
v -2.134559 0.653504 2.977291
v -2.423667 0.661839 3.002881
v -2.423667 0.306471 3.005881
v -2.339498 0.661839 3.005881
v -2.339498 0.306471 3.002881
v -2.437861 0.103388 2.956690
v -2.437861 0.109860 3.540346
v -2.345233 0.103388 3.540346
v -2.345233 0.109860 2.956690
v -1.747347 0.109860 2.956690
v -1.839974 0.109860 3.540346
v -1.839974 0.103388 2.956690
v -1.747347 0.103388 3.540346
v 0.014146 7.467280 -2.936361
v 0.916993 7.172075 2.717985
v 0.915455 7.168097 2.705466
v -0.897678 7.122117 1.079832
v -0.894750 7.114545 1.064238
v -1.353211 6.942340 -0.175729
v -1.350282 6.934768 -0.191324
v -0.470452 7.375107 -2.679506
v -0.470609 7.375503 -2.690491
v -0.470610 7.375503 -1.853449
v -0.446934 7.314284 -1.818862
v -0.432833 7.277785 -1.854245
v -0.447363 7.315402 -1.818312
v -0.445199 7.309794 -1.824971
v -0.451142 7.325166 -1.479741
v -0.450864 7.324446 -1.479221
v -0.447641 7.315300 -1.473750
v -0.899175 7.125799 -1.467218
v -0.905250 7.141709 -1.472522
v -0.900732 7.130018 -1.463407
v -0.905252 7.141708 -1.472522
v -0.893726 7.111514 -1.430109
v -0.446841 7.313459 -0.651838
v -0.451142 7.325166 -0.642700
v -0.449239 7.320230 -0.638425
v -0.447641 7.315300 -0.636709
v -0.899175 7.125799 -0.630177
v -0.900732 7.130018 -0.626366
v -0.893597 7.111707 -0.592448
v -0.910272 7.154707 -0.587751
v -0.905252 7.141708 -0.635481
v -0.443607 7.305676 -0.630742
v -0.447641 7.315300 0.200333
v -0.900732 7.130018 0.210676
v -0.906444 7.144989 0.228892
v -0.466810 7.365686 0.698638
v -0.470607 7.375503 0.657672
v -0.470611 7.375501 0.657672
v -0.459778 7.310454 1.538097
v -0.451142 7.325166 1.539529
v -0.443935 7.306502 1.548367
v -0.443607 7.305676 1.527571
v -0.899268 7.124910 1.514139
v -0.900732 7.130018 1.523195
v -0.925408 7.193828 -2.284262
v -0.927570 7.199431 -2.284127
v -0.923247 7.188203 -2.300136
v -0.923231 7.188209 -2.300136
v -0.912431 7.160428 -1.038870
v -0.911069 7.156757 -1.068893
v -0.924111 7.190472 -1.041058
v -0.924098 7.190476 -1.041058
v -0.927570 7.199431 1.901080
v -0.925408 7.193828 1.900945
v -0.926133 7.195729 1.913237
v -0.900282 7.128865 1.947351
v -0.915307 7.130679 1.956617
v -0.906675 7.145389 1.958050
v -0.899140 7.125898 1.946092
v -1.354803 6.945140 1.932656
v -1.356265 6.950241 1.941715
v -0.903174 7.135523 3.129978
v -0.899140 7.125898 3.135944
v -1.360670 6.961636 -2.304264
v -1.363906 6.970185 -2.291444
v -1.362208 6.965612 -2.316783
v -1.375640 7.000310 -2.308772
v -1.381792 7.016275 -2.268793
v -1.381792 7.016275 -1.431751
v -1.360670 6.961636 0.206861
v -1.375640 7.000310 0.202352
v -1.363906 6.970185 0.219680
v -1.362208 6.965612 0.194342
v -1.380578 7.013061 0.633539
v -1.383103 7.019654 0.645518
v -1.381665 7.015952 0.657673
v -1.360670 6.961636 1.043902
v -1.362208 6.965612 1.031383
v -1.360670 6.961636 1.880944
v -1.363906 6.970185 1.893763
v -1.375640 7.000310 1.876435
v -1.362208 6.965612 1.868425
v -1.816203 6.781858 -2.722784
v -1.817741 6.785836 -2.735304
v -1.826371 6.771127 -2.228590
v -1.812480 6.772245 -2.236733
v -1.817741 6.785836 -2.227158
v -1.810206 6.766346 -2.239115
v -1.810534 6.767173 -2.218320
v -2.267330 6.590688 -2.243492
v -1.837199 6.836175 -1.853449
v -1.817509 6.785434 -1.445192
v -1.836111 6.833285 -1.459065
v -1.837201 6.836175 -1.434929
v -1.814252 6.776000 1.115036
v -1.812480 6.772245 1.111433
v -1.810534 6.767173 1.129846
v -1.810206 6.766346 1.109051
v -1.812480 6.772245 1.948475
v -1.826371 6.771127 1.956618
v -1.817741 6.785836 1.958050
v -1.810534 6.767173 1.966888
v -2.265867 6.585583 1.932658
v -2.267330 6.590688 1.941715
v -1.835806 6.832552 3.145984
v -1.836272 6.833763 3.158444
v -2.279029 6.621099 -2.294432
v -2.277344 6.616593 -2.324385
v -2.269772 6.596194 -2.310791
v -2.273274 6.606059 -2.316783
v -2.721306 6.406693 -2.304260
v -2.722863 6.410911 -2.300448
v -2.721866 6.408202 -2.305604
v -2.719203 6.401440 -2.297322
v -2.269772 6.596194 -1.473750
v -2.273274 6.606059 -1.479741
v -2.265738 6.586568 -1.467784
v -2.277668 6.617426 -1.487413
v -2.279029 6.621099 -1.457391
v -2.290604 6.650892 -1.418187
v -2.291338 6.652775 -1.457744
v -2.279029 6.621099 -0.620349
v -2.273274 6.606059 -0.642700
v -2.269772 6.596193 -0.636709
v -2.277668 6.617426 -0.650371
v -2.722863 6.410911 -0.626366
v -2.727382 6.422601 -0.635481
v -2.721866 6.408202 -0.631521
v -2.279029 6.621099 0.216692
v -2.277668 6.617426 0.186670
v -2.269772 6.596194 0.200333
v -2.273274 6.606059 0.194342
v -2.721866 6.408202 0.205520
v -2.727382 6.422601 0.201561
v -2.292007 6.654498 0.645383
v -2.292736 6.656396 0.657673
v -2.273274 6.606059 1.031383
v -2.269772 6.596194 1.037374
v -2.265738 6.586568 1.043341
v -2.268013 6.592468 2.366996
v -2.281905 6.591348 2.375139
v -2.273274 6.606059 2.376570
v -2.265738 6.586568 2.364613
v -2.722863 6.410911 2.360236
v -3.195402 6.232719 -2.260441
v -2.737725 6.411442 -2.228606
v -2.728807 6.426283 -2.227158
v -2.749983 6.481054 -1.863532
v -2.746238 6.471367 -1.878098
v -2.746241 6.471366 -1.878098
v -2.749983 6.481054 0.647592
v -2.746238 6.471367 0.633026
v -2.746241 6.471366 0.633026
v -2.722413 6.409760 1.947352
v -2.737725 6.411442 1.956602
v -2.728807 6.426283 1.958050
v -2.721271 6.406793 1.946092
v -2.722198 6.409140 1.969596
v -3.195402 6.232719 1.924767
v -2.749983 6.481054 3.158717
v -2.746238 6.471368 3.144151
v -2.746241 6.471366 3.144151
v 0.440459 7.297538 -2.271970
v 0.461460 7.351852 -1.048701
v 0.458103 7.343351 -1.035882
v 0.466748 7.365502 -1.043615
v 0.459922 7.347874 -1.061221
v 0.463956 7.357495 -0.559047
v 0.467459 7.367364 -0.565032
v 0.440164 7.296769 0.640620
v 0.458103 7.343351 0.638201
v 0.440335 7.297214 0.660854
v 0.463956 7.357495 1.115036
v 0.467459 7.367364 1.109050
v 0.461834 7.352807 2.291220
v 0.459922 7.347874 2.286945
v 0.467459 7.367364 2.298903
v 0.461460 7.351852 3.136507
v 0.458103 7.343350 3.149325
v 0.459922 7.347874 3.123987
v 0.895989 7.117761 -2.690491
v 0.897394 7.121380 -0.620702
v 0.898131 7.123262 -0.581146
v 0.931672 7.173001 -0.135986
v 0.915455 7.168097 -0.134554
v 0.922992 7.187588 -0.146512
v 1.376931 7.003692 -0.150888
v 0.898026 7.123012 0.214506
v 0.898016 7.123016 0.214506
v 0.896731 7.119656 0.645383
v 0.915754 7.168752 0.647022
v 0.895990 7.117760 0.657675
v 0.896731 7.119656 1.482425
v 0.895989 7.117761 1.494716
v 0.920705 7.181693 3.204037
v 0.931672 7.173002 3.212180
v 0.915455 7.168097 3.213612
v 0.922992 7.187588 3.201654
v 1.376931 7.003693 3.197278
v 1.351528 6.937983 -2.271970
v 1.374043 6.996456 -0.200320
v 1.366914 6.977789 -0.231782
v 1.353545 6.943242 -0.204016
v 1.353565 6.943234 -0.204016
v 1.371649 6.990152 0.226363
v 1.350275 6.934491 0.228193
v 1.353545 6.943242 0.633026
v 1.353564 6.943234 0.633026
v 1.372526 6.992298 1.462423
v 1.370988 6.988321 1.449904
v 1.352458 6.940395 1.484361
v 1.375021 6.997942 1.952077
v 1.376238 7.001916 1.948475
v 1.378524 7.007811 1.946092
v 1.375033 6.997972 2.292937
v 1.834150 6.828084 2.299468
v 1.833548 6.826591 2.298124
v 1.839729 6.842320 2.336577
v 1.827944 6.812227 2.294164
v 1.832464 6.823916 2.303279
v 1.365130 6.973323 2.309296
v 1.366914 6.977789 2.279342
v 1.351531 6.937982 2.331758
v 1.370988 6.988321 3.123987
v 1.370471 6.986990 3.127986
v 1.808193 6.761078 -2.714627
v 1.807061 6.758205 -2.690491
v 1.807063 6.758204 -2.690491
v 2.281471 6.627260 -0.977574
v 1.834056 6.828034 -0.983553
v 1.830554 6.818165 -0.140526
v 1.832905 6.825071 -0.145252
v 1.833744 6.827201 -0.125716
v 1.834056 6.828034 -0.146512
v 1.805626 6.754502 1.482560
v 1.808193 6.761078 1.470581
v 1.805626 6.754502 3.156643
v 1.808193 6.761079 3.144663
v 1.807060 6.758205 3.168800
v 2.259372 6.569910 -1.877479
v 2.264633 6.583680 -1.878098
v 2.264614 6.583687 -1.878098
v 2.741626 6.458608 -0.977568
v 2.742837 6.462585 -0.981171
v 2.744228 6.466121 -0.960050
v 2.745122 6.468481 -0.983553
v 2.754099 6.453794 -0.136002
v 2.745122 6.468481 -0.146512
v 2.740640 6.457129 0.218198
v 2.733511 6.438457 0.186738
v 2.720172 6.403901 0.214505
v 2.720144 6.403912 0.214505
v 2.721034 6.406170 1.466550
v 2.721048 6.406164 1.466550
v 2.744228 6.466121 1.551074
v -0.457731 7.342233 -2.316619
v -0.464466 7.359643 -2.304603
v -0.461343 7.351557 -0.560294
v -0.442145 7.301893 -0.175729
v -0.439218 7.294322 -0.191324
v -0.460384 7.349008 2.706030
v -0.452840 7.329738 2.730805
v -0.468581 7.370248 2.725630
v -0.928993 7.203112 -1.847740
v -0.908372 7.149960 -1.872924
v -0.924101 7.190475 -1.878099
v -0.907265 7.146986 -0.974185
v -0.904028 7.138533 -0.973504
v -0.919666 7.178988 -0.981825
v -0.919666 7.178988 -0.144783
v -0.919666 7.178988 0.692258
v -0.913284 7.162449 1.450067
v -0.920008 7.179863 1.462083
v -0.924111 7.190472 2.307108
v -0.912430 7.160428 2.309296
v -0.908013 7.148851 2.284198
v -0.897678 7.122117 2.753916
v -0.893597 7.111707 2.755718
v -0.894750 7.114545 2.738321
v -0.895389 7.116199 2.731766
v -0.899175 7.125799 2.717989
v -1.353211 6.942340 -2.686854
v -1.350282 6.934768 -2.702449
v -1.353211 6.942340 -1.849812
v -1.349130 6.931930 -1.848010
v -1.350282 6.934768 -1.865407
v -1.354708 6.946022 -1.885739
v -1.350922 6.936421 -1.871963
v -1.375542 7.000085 -1.467562
v -1.353211 6.942340 -1.012771
v -1.350282 6.934768 -1.028366
v -1.359560 6.958756 -0.554983
v -1.362870 6.967411 -0.552122
v -1.363827 6.969736 -0.554848
v -1.363819 6.969739 -0.554848
v -1.353211 6.942340 1.498353
v -1.350282 6.934768 1.482759
v -1.353211 6.942340 2.335395
v -1.350282 6.934768 2.319800
v -1.808743 6.762564 -2.268333
v -1.805815 6.754992 -2.283928
v -1.808743 6.762564 -0.594250
v -1.804792 6.751960 -0.593067
v -1.810241 6.766245 -0.630177
v -1.805815 6.754992 -0.609845
v -1.819438 6.790406 -0.198842
v -1.831173 6.820534 -0.216169
v -1.835165 6.830923 -0.204016
v -1.815093 6.778980 -0.136462
v -1.818403 6.787633 -0.133600
v -1.830734 6.819434 -0.144783
v -1.833891 6.827568 0.680113
v -1.808743 6.762564 1.079833
v -1.805815 6.754992 1.064238
v -1.831073 6.820310 1.462083
v -1.806967 6.757977 2.739098
v -1.805815 6.754992 2.738321
v -1.808743 6.762564 2.753916
v -2.264276 6.582787 -2.686853
v -2.261348 6.575215 -2.702449
v -2.264276 6.582787 -1.849812
v -2.260195 6.572377 -1.848010
v -2.261348 6.575215 -1.865407
v -2.261994 6.576866 -1.871963
v -2.265774 6.586469 -1.885739
v -2.264276 6.582787 1.498354
v -2.261348 6.575215 1.482759
v -2.279029 6.621099 1.890775
v -2.290711 6.651141 1.888588
v -2.290708 6.651142 1.888588
v -2.719809 6.403011 -0.594250
v -2.732977 6.437397 -0.596279
v -2.721306 6.406693 -0.630177
v -2.716881 6.395438 -0.609845
v -2.719203 6.401440 -0.623238
v -2.718041 6.398421 2.739097
v -2.716881 6.395438 2.738321
v 0.446928 7.314277 -1.818866
v 0.470690 7.375734 2.739098
v 0.471848 7.378718 2.738321
v 0.918108 7.174952 -0.554983
v 0.907258 7.146897 -0.559054
v 0.910244 7.154603 -0.555446
v 0.914736 7.166324 -0.552121
v 0.897394 7.121380 1.053381
v 0.894481 7.113891 1.061518
v 1.357999 6.954721 -1.818866
v 1.357999 6.954721 -0.981825
v 1.379986 7.011593 -0.594250
v 1.383971 7.022042 -0.592448
v 1.382914 7.019165 -0.609845
v 1.382271 7.017513 -0.616400
v 1.378618 7.007861 -0.630178
v 1.379986 7.011593 0.242791
v 1.382914 7.019165 0.227196
v 1.379987 7.011593 1.079833
v 1.382914 7.019165 1.064238
v 1.813528 6.774947 -0.563304
v 1.835519 6.831816 -0.175729
v 1.838447 6.839389 -0.191324
v 1.808453 6.761829 0.216339
v 1.835519 6.831816 0.661312
v 1.839728 6.842319 0.662495
v 1.838447 6.839389 0.645717
v 1.837809 6.837735 0.639162
v 1.834150 6.828084 0.625385
v 2.264633 6.583680 -2.715140
v 2.269068 6.595167 -2.655908
v 2.284708 6.635622 -0.973503
v 2.281335 6.626993 -0.970642
v 2.269068 6.595167 -0.981825
v 2.264003 6.582047 0.634860
v 2.259853 6.571138 0.633180
v 2.277979 6.618236 0.605259
v 2.291052 6.652040 2.753916
v 2.293980 6.659611 2.738321
v 2.746584 6.472263 -2.686854
v 2.734786 6.442048 -2.688911
v 2.749512 6.479836 -2.702449
v 2.745215 6.468531 -2.722781
v 2.729390 6.427790 -1.396095
v 2.746584 6.472263 -1.012771
v 2.749512 6.479836 -1.028366
v 2.748353 6.476852 -0.190547
v 2.749512 6.479836 -0.191324
v 2.746584 6.472263 0.661312
v 2.747433 6.474562 0.663495
v 2.749512 6.479836 0.645717
v 2.741199 6.457859 0.622213
v 2.740647 6.456906 1.956389
v 2.736868 6.447217 1.959003
v 2.724598 6.415391 1.947820
v 2.740647 6.456906 2.793431
v 2.736868 6.447217 2.796045
v 2.724598 6.415391 2.784862
v -0.442856 7.303759 -2.245312
v -0.448495 7.318309 -2.229066
v -0.436987 7.288552 -2.265610
v -1.363819 6.969739 -1.391889
v -1.359560 6.958756 -1.392024
v -1.359329 6.958773 -1.401262
v -1.362870 6.967411 -1.389163
v -1.354804 6.945141 -1.415510
v -1.356265 6.950241 -1.406450
v -1.349259 6.931736 -1.011588
v -1.362252 6.965725 -1.053244
v -1.350922 6.936421 -1.034921
v -1.351079 6.936830 -1.033552
v -1.354708 6.946022 -1.048698
v -1.356265 6.950241 -1.044886
v -1.363819 6.969739 0.282194
v -1.359560 6.958756 0.282059
v -1.359329 6.958773 0.272821
v -1.362870 6.967411 0.284920
v -1.356265 6.950241 0.267633
v -1.362252 6.965725 0.620839
v -1.363819 6.969739 1.956277
v -1.359560 6.958756 1.956142
v -1.359329 6.958773 1.946904
v -1.362870 6.967411 1.959003
v -1.814862 6.778996 -0.982742
v -1.815093 6.778980 -0.973504
v -1.822961 6.799327 -0.973967
v -1.818403 6.787633 -0.970642
v -1.822958 6.799328 -0.973967
v -1.811798 6.770464 -0.987930
v -1.816319 6.782154 -0.635481
v -1.814862 6.778996 -0.145700
v -1.818324 6.787344 -0.140533
v -1.811798 6.770464 -0.150888
v -1.814862 6.778996 2.365424
v -1.811449 6.769570 2.367681
v -1.818324 6.787344 2.370592
v -1.818403 6.787633 2.377525
v -1.810333 6.765355 2.351182
v -1.811798 6.770464 2.360236
v -2.271851 6.602376 2.294164
v -2.725664 6.418143 2.367633
v -2.721879 6.408365 2.367495
v -2.725927 6.419443 2.365424
v -2.729469 6.428080 2.377525
v -2.725664 6.418143 3.204674
v -2.725747 6.418369 3.211952
v -2.725927 6.419444 3.202466
v -2.729396 6.427879 3.211023
v -2.721405 6.405818 3.188213
v -2.722863 6.410912 3.197278
v 0.456885 7.340019 -1.807986
v 0.462576 7.354729 -1.810545
v 0.463062 7.356014 -1.817575
v 0.459879 7.347762 -1.471765
v 0.915412 7.167985 -2.727327
v 0.917937 7.175125 -2.238320
v 0.910244 7.154603 -2.229529
v 0.918108 7.174952 -2.229065
v 0.910239 7.154605 -2.229529
v 0.914872 7.166590 -2.233136
v 0.914736 7.166324 -2.226204
v 0.917937 7.175125 -1.401279
v 0.914872 7.166590 -1.396095
v 0.920499 7.181143 -1.406165
v 0.918109 7.174952 2.793183
v 0.917937 7.175125 2.783929
v 0.910244 7.154603 2.792719
v 0.914872 7.166590 2.789112
v 0.914736 7.166324 2.796045
v 0.910239 7.154605 2.792719
v 0.923746 7.188221 2.769697
v 1.374131 6.996459 -1.817574
v 1.373642 6.995175 -1.810545
v 1.373460 6.995321 -1.819783
v 1.370269 6.986547 -1.807683
v 1.379281 7.008450 -1.834027
v 1.376931 7.003692 -1.824971
v 1.371649 6.990151 1.063404
v 1.383430 7.020406 1.081581
v 1.372409 6.992003 1.038602
v 1.372410 6.992003 1.038602
v 1.832796 6.824832 -2.721131
v 1.839728 6.842319 -2.685671
v 1.827944 6.812227 -2.728085
v 1.836127 6.833387 -2.715842
v 1.832796 6.824832 -1.884089
v 1.839728 6.842319 -1.848629
v 1.836127 6.833387 -1.878800
v 1.827944 6.812227 -1.891043
v 1.825938 6.807037 1.952071
v 1.829174 6.815399 1.956142
v 1.829003 6.815571 1.946888
v 1.819336 6.789970 1.956277
v 1.819342 6.789968 1.956277
v 1.825883 6.806967 1.955460
v 1.834812 6.828668 1.932656
v 2.281471 6.627260 -1.814616
v 2.282011 6.628655 -1.471765
v 2.295262 6.662543 -1.430109
v 2.293184 6.657550 -1.452073
v 2.289683 6.648307 -1.467219
v 2.282715 6.630598 -1.447720
v 2.282011 6.628654 -0.634723
v 2.282714 6.630599 0.226363
v 2.295261 6.662542 0.243974
v 2.283474 6.632450 0.201561
v 2.283477 6.632448 0.201561
v 2.295036 6.662488 1.081635
v 2.283477 6.632448 1.038602
v 2.283476 6.632449 1.038602
v 2.289683 6.648307 1.043905
v 2.283476 6.632449 1.875644
v 2.295262 6.662543 1.918057
v 2.289683 6.648307 1.880947
v 2.283477 6.632449 1.875644
v 2.295036 6.662488 2.755718
v 2.283477 6.632449 2.712685
v 2.289683 6.648307 2.717988
v 2.291667 6.653607 2.724928
v 2.263329 6.580327 2.737987
v 2.739011 6.452672 -2.728085
v 2.739009 6.452673 -2.728085
v -0.469513 7.372615 -2.714627
v -0.463073 7.356010 -2.726366
v -0.463060 7.356015 -2.726366
v -0.469876 7.373604 0.645383
v -0.463059 7.356015 0.621800
v -0.463073 7.356010 0.621800
v -0.440377 7.297325 2.748412
v -0.440313 7.297162 2.746174
v -0.441393 7.299948 2.739923
v -0.469513 7.372616 3.144664
v -0.462137 7.353579 3.131037
v -0.462116 7.353587 3.131037
v -0.899468 7.126725 -1.381278
v -0.900282 7.128865 -1.400814
v -0.918600 7.176237 -0.633762
v -0.917659 7.173808 0.201392
v -0.917670 7.173803 0.201392
v -0.914872 7.166590 0.200320
v -0.925408 7.193828 1.063904
v -0.906444 7.144989 1.065933
v -0.917666 7.173805 1.038433
v -0.917659 7.173808 1.038433
v -0.896926 7.120171 2.342113
v -0.897281 7.121090 2.326855
v -0.918057 7.174820 2.787282
v -1.373592 6.995042 0.694679
v -1.373589 6.995043 0.694679
v -1.383103 7.019654 1.482559
v -1.380941 7.014050 1.482424
v -1.374129 6.996460 1.458841
v -1.813439 6.774128 -2.744442
v -1.806706 6.757286 -2.691524
v -1.806806 6.757553 -2.689108
v -1.810333 6.765357 -2.671068
v -1.806750 6.757659 -2.680397
v -1.807991 6.760617 -2.700846
v -1.829665 6.816684 0.203279
v -1.829672 6.816681 0.203279
v -1.836111 6.833285 1.889101
v -1.829672 6.816681 1.877362
v -1.829665 6.816684 1.877362
v -1.817522 6.785150 2.739626
v -1.836474 6.834274 2.737987
v -1.834297 6.828656 2.722112
v -1.830231 6.818135 2.786063
v -1.832464 6.823916 2.778757
v -2.285199 6.636905 -0.215242
v -2.284653 6.635490 -0.142362
v -2.722198 6.409140 -2.215612
v -2.740182 6.455715 -2.234966
v -2.722413 6.409760 -2.237856
v -2.749701 6.480326 -1.447085
v -2.731406 6.433306 -1.433349
v -2.740734 6.457128 -1.470804
v -2.740735 6.457128 -0.633762
v -2.740732 6.457129 -0.633762
v -2.749701 6.480326 1.901081
v -2.740736 6.457127 1.877362
v -2.740184 6.455714 1.950242
v -2.740182 6.455715 1.950242
v 0.447994 7.317028 -2.307845
v 0.441198 7.299433 -2.284262
v 0.447996 7.317028 -2.307845
v 0.447437 7.315573 -0.562103
v 0.445199 7.309794 -0.569409
v 0.904476 7.139678 -2.728253
v 0.896731 7.119656 -2.702783
v 0.915754 7.168752 -2.701144
v 0.904465 7.139682 -2.728253
v 0.903535 7.137250 -1.052283
v 0.922678 7.186756 -0.125716
v 0.920706 7.181693 -0.144129
v 0.904083 7.138664 -0.142362
v 0.903535 7.137250 0.621800
v 0.903528 7.137252 0.621800
v 0.904079 7.138666 1.531721
v 0.930463 7.207283 1.923044
v 0.923746 7.188221 1.932656
v 0.924850 7.192396 1.908335
v 0.926389 7.196381 2.751661
v 0.926490 7.196647 2.749246
v 0.926278 7.196340 2.760373
v 0.925206 7.193316 2.739923
v 0.904083 7.138665 3.205804
v 1.376238 7.001916 -2.236733
v 1.359609 6.958889 -2.234966
v 1.358501 6.956021 -1.399144
v 1.356265 6.950241 -1.406450
v 1.359609 6.958889 1.113200
v 1.359992 6.959907 2.712516
v 1.362791 6.967121 2.711445
v 1.359609 6.958889 2.787282
v 1.833744 6.827201 -1.799799
v 1.815140 6.779114 -1.816445
v 1.832905 6.825071 -1.819335
v 1.841529 6.847730 -1.425122
v 1.836272 6.833762 -1.424573
v 1.834812 6.828667 -1.415510
v 1.835916 6.832842 -1.439831
v 1.837556 6.837094 -0.598920
v 1.834812 6.828668 -0.578469
v 1.837456 6.836827 -0.596505
v 1.835761 6.832684 -0.589152
v 1.836272 6.833762 -0.608243
v 1.814596 6.777698 -0.215242
v 1.814592 6.777700 -0.215242
v 1.841529 6.847730 0.248961
v 1.836272 6.833762 0.249510
v 1.835916 6.832842 0.234252
v 1.815532 6.780128 0.619913
v 1.818324 6.787344 0.618841
v 1.815141 6.779113 1.531721
v 1.815137 6.779115 3.205804
v 2.265530 6.585935 -2.300136
v 2.265500 6.585947 -2.300136
v 2.271069 6.600348 -1.472691
v 2.273857 6.607568 -1.473762
v 2.287304 6.642363 -0.562650
v 2.269565 6.596469 -0.562102
v 2.267330 6.590688 -0.569409
v 2.270136 6.597919 1.040321
v 2.270120 6.597925 1.040321
v 2.297061 6.667953 1.504523
v 2.290342 6.650174 1.521374
v 2.290329 6.650179 1.521374
v 2.290345 6.648892 1.514136
v 2.748355 6.476832 -2.273837
v 2.748421 6.476995 -2.276075
v 2.745881 6.469125 -2.252545
v 2.747336 6.474210 -2.282326
v 2.748355 6.476832 -0.599754
v 2.748421 6.476995 -0.601992
v 2.747336 6.474210 -0.608243
v 2.748355 6.476832 1.074329
v 2.748421 6.476995 1.072091
v 2.747336 6.474210 1.065840
v 2.742837 6.462586 2.366996
v 2.725096 6.416692 2.367543
v 2.722863 6.410911 2.360236
v -0.463065 7.356013 -2.236095
v -0.450864 7.324446 -2.316262
v -0.451143 7.325166 -2.316783
v -0.447641 7.315300 -2.310791
v -0.907258 7.146897 -0.977574
v -0.903796 7.138550 -0.982742
v -0.443607 7.305676 0.690530
v -0.442145 7.301893 0.661312
v -0.438065 7.291483 0.663114
v -0.439218 7.294322 0.645717
v -0.441531 7.300326 0.632324
v -0.438201 7.291693 1.914726
v -0.446932 7.314275 2.297175
v -0.446931 7.314275 2.297175
v -0.906718 7.145501 2.713443
v -0.443936 7.306503 3.222450
v -0.443607 7.305676 3.201654
v -0.442145 7.301894 3.172436
v -0.439218 7.294322 3.156842
v -1.375536 7.000087 -2.304604
v -0.921398 7.183469 -2.243492
v -0.919166 7.177688 -2.236185
v -1.359329 6.958773 -0.564221
v -0.895545 7.116608 1.059052
v -0.895389 7.116199 1.057683
v -0.899175 7.125800 1.043906
v -0.893597 7.111707 1.081635
v -0.906719 7.145501 1.039360
v -0.900732 7.130018 1.047717
v -0.906675 7.145389 1.449904
v -0.903174 7.135523 1.455895
v -1.352458 6.940395 -2.282326
v -1.362252 6.965725 -1.890286
v -1.355894 6.949340 -1.884090
v -1.354673 6.946122 -1.820595
v -1.831071 6.820311 -1.886083
v -1.833891 6.827568 -0.993970
v -1.373199 6.994028 0.619913
v -1.370405 6.986813 0.618841
v -1.354673 6.946122 1.527571
v -1.352458 6.940395 1.902882
v -1.830733 6.819434 2.366341
v -1.814862 6.778996 -2.656825
v -1.811798 6.770464 -2.662013
v -2.273054 6.605371 -1.864103
v -1.810206 6.766346 -0.565032
v -1.802485 6.746747 2.341565
v -1.807991 6.760617 2.342113
v -1.810206 6.766346 2.783134
v -1.822961 6.799328 3.211240
v -1.811449 6.769570 3.204723
v -1.833891 6.827569 3.191237
v -1.818403 6.787633 3.214566
v -2.281471 6.627260 -1.396095
v -2.265867 6.585583 -0.578466
v -2.265009 6.584644 -0.571230
v -2.258018 6.566972 -0.588080
v -2.265025 6.584638 -0.571230
v -2.265738 6.586568 1.527571
v -2.741801 6.459879 2.366341
v -2.741798 6.459881 3.203383
v -2.741801 6.459880 3.203383
v -2.721271 6.406793 -0.565032
v -2.721949 6.408510 -0.541273
v -2.722198 6.409140 2.806637
v 0.907258 7.146897 -2.233136
v 0.469673 7.373093 -1.026764
v 0.446594 7.313399 0.625042
v 0.440459 7.297538 1.076195
v 0.445199 7.309794 1.523195
v 0.447437 7.315573 1.949022
v 0.445199 7.309794 1.941715
v 0.468177 7.369295 2.358415
v 0.468192 7.369288 2.358415
v 0.447996 7.317028 2.714404
v 0.447994 7.317028 2.714404
v 0.907258 7.146897 2.789112
v 1.370945 6.988209 -0.634723
v 0.914872 7.166590 -0.559054
v 0.917937 7.175125 -0.564237
v 0.898110 7.123270 1.092937
v 0.898131 7.123262 1.092937
v 0.908269 7.149524 1.956277
v 0.914872 7.166590 1.952071
v 0.914736 7.166324 1.959004
v 0.918108 7.174952 1.956142
v 0.917937 7.175125 1.946887
v 0.908280 7.149520 1.956277
v 0.915455 7.168097 1.868424
v 1.364383 6.971261 2.287109
v 1.357651 6.953848 2.299125
v 1.835519 6.831816 -1.849812
v 1.838447 6.839389 -1.865407
v 1.378524 7.007811 0.272009
v 1.809181 6.763714 0.255895
v 1.832796 6.824832 0.627035
v 1.354837 6.946589 1.517154
v 1.835519 6.831816 -2.686854
v 1.838447 6.839389 -2.702449
v 1.826521 6.808544 -1.479741
v 1.829003 6.815571 -1.401278
v 1.825938 6.807037 -1.396095
v 1.825938 6.807037 -0.559054
v 1.825883 6.806967 -0.555664
v 1.829174 6.815399 -0.554983
v 1.829003 6.815571 -0.564237
v 2.292831 6.656625 0.227973
v 2.293980 6.659611 0.227196
v 1.834056 6.828034 0.690530
v 1.833744 6.827201 0.711325
v 2.264734 6.583930 0.674417
v 2.293980 6.659611 1.064238
v 2.291052 6.652040 1.079833
v 1.841529 6.847730 1.923044
v 1.836272 6.833762 1.923593
v 1.835916 6.832842 1.908335
v 1.835519 6.831816 2.335395
v 1.838447 6.839389 2.319800
v 2.293980 6.659611 -1.446886
v 2.291052 6.652040 -1.431292
v 2.739179 6.453110 0.629197
v 2.277979 6.618236 1.442301
v 2.285108 6.636902 1.473764
v 2.282054 6.628768 1.449904
v 2.745122 6.468481 1.527571
v 2.291052 6.652040 1.916874
v 2.293980 6.659611 1.901279
v 2.289589 6.648257 2.783134
v 2.740734 6.457128 2.786154
v 2.737004 6.447484 2.789112
v 2.740736 6.457127 2.786154
v 2.263883 6.581772 -0.589815
v 2.263524 6.580842 -0.608243
v 2.737586 6.448990 0.612862
v 2.739107 6.452925 0.624674
v 2.722863 6.410911 1.523195
v 2.742837 6.462586 1.529954
v 2.725096 6.416692 1.530501
v 2.745867 6.470401 1.939895
v 2.745870 6.470399 1.939895
v 2.737004 6.447484 1.952071
v 2.745122 6.468481 -2.657636
v 0.440164 7.296769 1.477662
v 0.442490 7.302791 1.470067
v 2.717161 6.395332 -1.853469
v 2.716881 6.395438 -1.841492
v 3.169448 6.234350 -1.849355
v -2.273857 6.607568 1.115029
v -2.273936 6.607857 1.121961
v -2.270384 6.599194 1.109846
v -2.270626 6.599203 1.119100
v -2.277662 6.617415 1.118520
v -2.277663 6.617414 1.118520
v 0.444256 7.307353 -1.393966
v 0.437541 7.289958 -1.436931
v 0.441393 7.299948 -1.445284
v 0.440459 7.297538 0.239154
v 0.446398 7.312893 0.279662
v 0.463956 7.357495 1.952077
v 0.476140 7.352777 1.956617
v 0.467459 7.367364 1.946092
v 2.281471 6.627260 -0.140533
v 2.281335 6.626993 -0.133601
v 2.284708 6.635622 -0.136462
v 2.290336 6.650176 -0.152709
v 2.284536 6.635794 -0.145716
v 3.181398 6.272101 -0.977574
v 3.192953 6.266414 3.207636
v 2.745122 6.468482 3.201654
v -2.716881 6.395438 -2.283928
v -2.719809 6.403011 -2.268333
v -2.741800 6.459879 1.529300
v -3.212189 6.214962 3.293435
v -0.438193 7.291289 -2.685671
v -0.457843 7.342496 -2.735600
v -0.441531 7.300326 -2.715842
v -0.447993 7.317029 2.786153
v -0.447997 7.317027 2.786153
v 2.737004 6.447484 0.277988
v 2.739009 6.452673 2.294164
v 2.739013 6.452672 2.294164
v -0.457843 7.342497 -0.224475
v -0.462116 7.353588 -0.217129
v -0.462136 7.353580 -0.217129
v 2.752594 6.488176 1.923043
v 2.729390 6.427790 3.129966
v 2.726603 6.420572 3.131037
v -0.442145 7.301893 -2.686854
v -0.439218 7.294322 -2.702449
v -0.463067 7.356012 -1.817575
v -0.463069 7.356011 -1.817575
v -0.450668 7.324004 -1.808199
v -0.905137 7.141411 -1.885743
v -0.906675 7.145389 -1.898262
v -0.442395 7.302540 -1.849317
v -0.440015 7.296382 -0.196511
v -0.439852 7.295977 -0.197880
v -0.438193 7.291289 -0.174547
v -0.926135 7.195727 0.239154
v -0.462524 7.354597 0.694679
v -0.462519 7.354599 0.694679
v -0.449721 7.321483 0.620081
v -0.926130 7.195730 1.076195
v -0.449605 7.321188 2.717986
v -0.451142 7.325166 2.705466
v -0.470609 7.375503 3.168799
v -0.899140 7.125898 -1.402074
v -0.926136 7.195727 -0.597887
v -0.926135 7.195727 -0.597887
v -0.925206 7.193316 -0.608243
v -1.381672 7.015949 1.494715
v -0.918062 7.174818 1.950241
v -0.918057 7.174820 1.950241
v -1.351451 6.937768 1.911371
v -1.351384 6.937605 1.909132
v -0.906675 7.145389 2.286945
v -1.352458 6.940395 -1.424573
v -1.346952 6.926526 -1.425122
v -1.829129 6.815265 -1.397925
v -1.829122 6.815268 -1.397925
v -1.818257 6.787167 -0.220180
v -1.817741 6.785836 -0.224179
v -1.837202 6.836174 1.913237
v -1.837199 6.836175 1.913237
v -2.273274 6.606059 1.868425
v -2.269772 6.596194 1.874416
v -2.285201 6.636905 2.295883
v -2.285196 6.636907 2.295883
v -2.271736 6.602082 2.717985
v -2.273274 6.606059 2.705466
v -2.268013 6.592468 0.692913
v -2.284651 6.635491 0.694679
v -2.261348 6.575215 2.319800
v -2.264276 6.582787 2.335395
v -2.263683 6.581211 2.306406
v -2.265774 6.586469 2.299469
v -2.260195 6.572377 2.337197
v -2.748273 6.476619 1.913237
v -2.716881 6.395438 1.901279
v -2.719809 6.403011 1.916874
v -2.731406 6.433306 1.914817
v -2.719203 6.401440 1.887886
v -2.721306 6.406693 1.880948
v -2.718034 6.398444 3.166932
v -2.717976 6.398278 3.164693
v -2.721271 6.406793 -2.239115
v 0.470696 7.375714 -1.855316
v 0.470757 7.375878 -1.857554
v 0.445199 7.309794 -1.406450
v 0.447437 7.315573 -1.399144
v 0.904083 7.138664 0.694679
v 1.359058 6.957476 1.040321
v 1.815140 6.779113 -2.653487
v 1.378524 7.007811 -2.239115
v 1.381748 7.016165 -1.855314
v 1.381813 7.016328 -1.857553
v 1.359599 6.958893 0.276158
v 1.359609 6.958889 0.276158
v 1.376238 7.001916 0.274392
v 1.382914 7.019165 1.901279
v 1.378618 7.007861 1.880947
v 1.379986 7.011593 1.916875
v 1.383430 7.020406 1.918622
v 1.382271 7.017513 1.894724
v 1.814593 6.777699 -2.726366
v 1.834056 6.828034 -1.820595
v 1.814593 6.777699 -1.889324
v 1.814596 6.777698 -1.889324
v 1.828059 6.812521 -0.630180
v 1.826007 6.807212 -0.638700
v 2.289589 6.648257 -0.565032
v 2.282054 6.628768 0.612862
v 2.281706 6.627211 0.622099
v 2.286092 6.638402 0.618847
v 2.282054 6.628768 2.286945
v 2.265530 6.585935 2.722113
v 2.265500 6.585947 2.722113
v 2.737586 6.448990 1.031383
v 2.739125 6.452969 1.043903
v 2.745122 6.468481 2.364613
v 2.264614 6.583687 -1.041057
v 2.264633 6.583680 -1.041057
v 2.720144 6.403912 1.888587
v 2.720172 6.403901 1.888587
v 0.895023 7.114442 -1.434947
v 0.894750 7.114545 -1.422971
v 3.163451 6.225685 -1.863805
v -0.894750 7.114545 -1.446887
v -0.897678 7.122117 -1.431292
v 0.924454 7.191370 -1.012771
v 0.927381 7.198942 -1.028366
v 0.902465 7.134500 0.273737
v -0.897071 7.120547 -2.297321
v -0.900732 7.130018 -2.300448
v -0.899175 7.125799 -2.304260
v -0.893597 7.111707 -2.266531
v -0.899735 7.127309 -2.305604
v -0.456899 7.340207 -1.457390
v -0.472522 7.380460 -1.421537
v -0.468565 7.370255 -1.459577
v -0.468579 7.370249 -1.459577
v -0.466810 7.365687 -0.138404
v -0.469513 7.372615 -0.203503
v -0.470606 7.375503 -0.179369
v -0.470902 7.376272 1.059141
v -0.456899 7.340207 1.053735
v -0.470736 7.375824 1.079373
v -0.466810 7.365688 1.535679
v -0.470609 7.375503 1.494716
v -0.470613 7.375501 1.913237
v -0.912430 7.160428 -2.712953
v -0.911069 7.156757 -2.742975
v -0.903174 7.135523 -2.729312
v -0.906675 7.145389 -2.735304
v -1.350169 6.934503 -2.685631
v -1.354708 6.946022 -2.722781
v -1.356265 6.950241 -2.718969
v -1.351079 6.936830 -2.707635
v -1.350922 6.936421 -2.709004
v -1.362252 6.965725 -2.727327
v -0.926133 7.195729 -1.434929
v -0.901414 7.131798 0.274392
v -0.915307 7.130679 0.282534
v -0.906675 7.145389 0.283967
v -0.899140 7.125898 0.272009
v -0.912430 7.160428 1.472254
v -0.910746 7.155923 1.442301
v -0.926133 7.195729 1.494716
v -1.355814 6.949089 -2.656377
v -1.370839 6.950903 -2.647110
v -1.362208 6.965612 -2.645678
v -1.354673 6.946122 -2.657636
v -1.370839 6.950903 -0.973027
v -1.355814 6.949089 -0.982294
v -1.362208 6.965612 -0.971595
v -1.355001 6.946949 -0.962758
v -1.354673 6.946122 -0.983553
v -1.381792 7.016275 0.242332
v -1.375640 7.000310 1.039394
v -1.363906 6.970185 1.056722
v -1.381792 7.016275 1.079373
v -1.355814 6.949089 2.365872
v -1.370839 6.950903 2.375139
v -1.362208 6.965612 2.376570
v -1.355001 6.946949 2.385409
v -1.354673 6.946122 2.364613
v -1.381792 7.016275 2.753456
v -1.355815 6.949090 3.202914
v -1.370839 6.950903 3.212180
v -1.362208 6.965613 3.213612
v -1.354673 6.946123 3.201654
v -1.811798 6.770465 3.197278
v -1.817741 6.785836 -1.898262
v -1.831173 6.820534 -1.890252
v -1.819438 6.790406 -1.872925
v -1.816203 6.781858 -1.885743
v -1.826371 6.771127 -0.554507
v -1.817741 6.785836 -0.553075
v -2.267330 6.590688 -0.569409
v -1.812480 6.772245 0.274392
v -1.826371 6.771127 0.282535
v -1.817741 6.785836 0.283967
v -1.810534 6.767173 0.292805
v -1.810206 6.766346 0.272009
v -2.265867 6.585584 0.258575
v -2.267330 6.590688 0.267633
v -1.814529 6.777761 0.636721
v -1.821812 6.796371 0.605259
v -1.817741 6.785836 0.612862
v -1.835807 6.832551 0.634859
v -1.836272 6.833762 0.647319
v -1.833868 6.827577 0.680113
v -2.281905 6.591348 -0.135986
v -2.268013 6.592468 -0.144129
v -2.273274 6.606059 -0.134554
v -2.265738 6.586568 -0.146512
v -2.722863 6.410911 -0.150888
v -2.722863 6.410911 1.047717
v -2.721306 6.406693 1.043906
v -2.728575 6.425880 1.065933
v -2.731406 6.433306 1.077775
v -2.727382 6.422601 1.038602
v -2.292739 6.656395 2.331760
v -2.292006 6.654497 2.319466
v -2.292738 6.656395 2.331760
v -2.730502 6.430854 -2.709967
v -2.749983 6.481054 -2.700574
v -2.748273 6.476619 -2.690491
v -2.727269 6.422305 -1.048701
v -2.728807 6.426283 -1.061221
v -2.737725 6.411442 -0.554522
v -2.722413 6.409760 -0.563773
v -2.728807 6.426283 -0.553075
v -2.749983 6.481054 -0.189449
v -2.746238 6.471367 -0.204015
v -2.746241 6.471366 -0.204015
v -2.748271 6.476620 1.076194
v -2.727269 6.422305 1.462423
v -2.733882 6.439665 1.490720
v -2.728807 6.426283 1.449904
v -2.719405 6.402207 1.503451
v 0.463956 7.357495 0.277994
v 0.467459 7.367364 0.272009
v 0.444256 7.307353 2.791241
v 0.441198 7.299433 2.737987
v 0.440459 7.297538 2.750279
v 0.898131 7.123262 -2.255229
v 0.895990 7.117760 -1.853449
v 0.916993 7.172075 -1.467222
v 0.915455 7.168097 -1.479741
v 0.919253 7.177312 -1.485353
v 0.920706 7.181693 -0.981171
v 0.931672 7.173001 -0.973028
v 0.915455 7.168097 -0.971595
v 0.922992 7.187588 -0.983553
v 1.379281 7.008450 -0.996986
v 1.376931 7.003692 -0.987930
v 0.923551 7.189105 1.040360
v 0.911381 7.157565 1.023780
v 0.915455 7.168097 1.031383
v 0.895990 7.117761 3.168799
v 0.896731 7.119657 3.156508
v 0.915754 7.168752 3.158147
v 1.375021 6.997942 -0.559047
v 1.387205 6.993226 -0.554507
v 1.378524 7.007811 -0.565032
v 1.387205 6.993226 0.282535
v 1.375021 6.997942 0.277994
v 1.372526 6.992298 0.625381
v 1.369169 6.983798 0.638201
v 1.357584 6.953613 0.620873
v 1.370988 6.988321 0.612862
v 1.834056 6.828034 -1.467784
v 1.805626 6.754502 0.645518
v 1.807991 6.760617 0.647319
v 1.808193 6.761078 0.633539
v 1.805626 6.754501 2.319601
v 1.808193 6.761078 2.307622
v 1.807061 6.758204 2.331757
v 1.824702 6.804021 2.730804
v 1.805345 6.753774 2.740196
v 1.809084 6.763462 2.725630
v 1.809094 6.763458 2.725630
v 2.281706 6.627211 -1.889025
v 2.282054 6.628768 -1.898262
v 2.277979 6.618236 -1.905865
v 2.286092 6.638402 -1.892277
v 2.739179 6.453110 -1.881928
v 2.285108 6.636902 -0.200319
v 2.277979 6.618236 -0.231782
v 2.282054 6.628768 -0.224179
v 2.286087 6.638389 0.277994
v 2.298270 6.633671 0.282535
v 2.289277 6.647425 0.292804
v 2.289589 6.648257 0.272009
v 2.289589 6.648257 0.624820
v 2.286087 6.638389 1.115036
v 2.287304 6.642363 1.111433
v 2.289589 6.648257 1.109051
v 2.289589 6.648257 2.298903
v 2.263883 6.581772 2.758351
v 2.298270 6.633671 2.793659
v 2.286087 6.638389 2.789119
v 2.754099 6.453795 -2.647127
v 2.724183 6.414282 -2.308774
v 2.739125 6.452969 -2.304263
v 2.735766 6.444470 -2.291447
v 2.737586 6.448990 -2.316783
v 2.720172 6.403901 -2.296620
v 2.720147 6.403911 -2.296620
v 2.737070 6.447660 -0.638701
v 2.737586 6.448990 -0.642700
v 2.744307 6.466352 -0.652334
v 3.192954 6.266414 -0.140530
v 2.719416 6.401995 0.665747
v 2.719056 6.401065 0.647320
v 2.719056 6.401065 1.065840
v 2.721440 6.407259 1.098634
v 3.192954 6.266414 1.533553
v -0.464130 7.358766 -1.400346
v -0.454179 7.333021 1.121660
v -0.448495 7.318310 1.119100
v -0.452747 7.329295 1.119235
v -0.452743 7.329297 1.119235
v -0.924098 7.190476 -0.204016
v -0.924111 7.190472 -0.204016
v -0.927852 7.200159 0.647592
v -0.908372 7.149960 0.638200
v -0.924101 7.190475 0.633026
v -1.375536 7.000087 -0.630521
v -1.375536 7.000087 0.206521
v -1.353211 6.942340 3.172437
v -1.350282 6.934769 3.156842
v -1.828150 6.813374 -2.666367
v -1.837195 6.836144 -2.695382
v -1.831494 6.821408 -2.722512
v -1.823368 6.800418 -2.647126
v -1.840431 6.843856 -2.690025
v -1.818366 6.787538 -2.644991
v -1.806454 6.756646 -1.453442
v -1.808743 6.762564 -1.431292
v -1.804792 6.751960 -1.430109
v -1.805815 6.754992 -1.446886
v -1.810241 6.766245 -1.467219
v -1.810241 6.766245 1.880947
v -1.808743 6.762564 1.916874
v -1.804792 6.751960 1.918057
v -1.805815 6.754992 1.901279
v -2.286266 6.639657 -2.237387
v -2.286266 6.639657 0.273737
v -2.279030 6.621099 1.053734
v -2.286607 6.640532 1.043562
v -2.279860 6.623127 1.031547
v -2.729396 6.427879 -0.137143
v -2.725747 6.418368 -0.136214
v -2.741800 6.459879 -0.144783
v -2.741800 6.459879 0.692258
v -2.721879 6.408365 0.693412
v -2.729396 6.427879 0.699898
v 0.462576 7.354729 -2.647586
v 0.456885 7.340019 -2.645027
v 0.447994 7.317029 -2.654616
v 0.470690 7.375734 -2.283151
v 0.471848 7.378718 -2.283928
v 0.468921 7.371146 -0.594250
v 0.472905 7.381595 -0.592448
v 0.468420 7.369933 -0.566286
v 0.471848 7.378718 -0.609845
v 0.471203 7.377066 -0.616401
v 0.446929 7.314276 2.366341
v 0.462576 7.354729 2.374662
v 0.456885 7.340018 2.377222
v 0.447994 7.317029 3.204674
v 0.924454 7.191370 -2.686854
v 0.928438 7.201819 -2.685052
v 0.923084 7.187637 -2.722781
v 0.927381 7.198942 -2.702449
v 0.926745 7.197287 -2.709004
v 0.896006 7.117788 -1.439819
v 0.904632 7.140722 -1.410807
v 0.901703 7.132526 -1.466950
v 0.907258 7.146897 1.115029
v 1.353564 6.943234 -1.041057
v 1.357999 6.954721 -0.144784
v 1.370269 6.986547 -0.133601
v 1.373642 6.995175 -0.136463
v 1.357999 6.954721 3.203382
v 1.370269 6.986547 3.214565
v 1.373642 6.995176 3.211703
v 1.829576 6.816680 -1.455882
v 1.813188 6.774071 -1.467562
v 1.822125 6.797177 -1.487413
v 1.825883 6.806967 -1.392706
v 1.819342 6.789968 -1.391889
v 1.829174 6.815399 -1.392024
v 1.808453 6.761829 1.053381
v 1.829576 6.816680 1.055243
v 1.822446 6.798011 1.023780
v 1.834150 6.828084 1.462427
v 1.835519 6.831816 1.498353
v 1.839728 6.842319 1.499537
v 1.838447 6.839389 1.482759
v 1.836126 6.833387 1.469365
v 2.273857 6.607568 1.533550
v 2.281335 6.626993 1.540482
v 2.284708 6.635622 1.537621
v 2.729390 6.427790 -0.559054
v 2.724598 6.415391 0.273737
v 2.740647 6.456906 0.282306
v 2.736868 6.447217 0.284920
v 2.724183 6.414282 1.039392
v 2.735766 6.444469 1.056720
v 2.719544 6.402267 1.053380
v -0.438193 7.291289 1.499536
v -0.451186 7.325278 1.457880
v -0.439852 7.295977 1.476203
v -0.440015 7.296382 1.477572
v -0.907258 7.146897 -1.814616
v -0.899268 7.124910 -0.996985
v -0.900732 7.130018 -0.987930
v -0.925408 7.193828 -0.610179
v -1.349259 6.931736 2.336578
v -1.360786 6.961930 2.294164
v -1.354708 6.946022 2.299468
v -1.356265 6.950241 2.303279
v -1.352614 6.940765 2.306407
v -1.817784 6.785948 -1.471765
v -1.811798 6.770464 -1.463407
v -1.814862 6.778996 1.528383
v -1.815093 6.778980 1.537621
v -1.824929 6.804410 1.537756
v -1.824919 6.804415 1.537756
v -1.818403 6.787633 1.540483
v -1.810333 6.765357 1.514139
v -1.811798 6.770464 1.523195
v -1.816318 6.782154 1.875644
v -1.816319 6.782154 2.712685
v -1.808136 6.760993 2.724928
v -1.804662 6.752153 2.755718
v -2.260195 6.572377 -1.010968
v -2.272531 6.604259 -1.029200
v -2.263682 6.581211 -1.041759
v -2.271851 6.602377 -1.054001
v -2.265025 6.584637 0.265812
v -2.270626 6.599204 0.282058
v -2.270394 6.599220 0.272821
v -2.273864 6.607656 0.281377
v -2.260195 6.572377 0.663115
v -2.272531 6.604259 0.644883
v -2.265774 6.586469 0.625385
v -2.263682 6.581211 0.632324
v 0.462576 7.354729 -0.973503
v 0.458340 7.343735 -0.973368
v 0.456885 7.340019 -0.970944
v 0.456885 7.340019 3.214263
v 0.462576 7.354729 3.211704
v 0.463062 7.356015 3.204674
v 0.916878 7.171780 0.620081
v 0.916117 7.169929 2.318966
v 0.928663 7.201873 2.336577
v 0.916878 7.171780 2.294164
v 1.374129 6.996460 -2.654616
v 1.374131 6.996459 -2.654616
v 1.373460 6.995321 -2.656825
v 1.379281 7.008449 -2.671070
v 1.376931 7.003692 -2.662013
v 1.382118 7.017103 -2.289114
v 1.383971 7.022042 -2.266531
v 1.371287 6.988976 -2.282624
v 1.382271 7.017513 -2.290483
v 1.370945 6.988209 -2.308806
v 1.352263 6.939879 -2.284261
v 1.371287 6.988976 2.739625
v 1.370945 6.988209 2.713443
v 1.374131 6.996459 3.204674
v 1.373460 6.995321 3.202466
v 1.826478 6.808433 -1.053244
v 1.833283 6.825933 -0.211806
v 1.839728 6.842319 -0.174546
v 1.836127 6.833387 -0.204718
v 1.827944 6.812227 -0.216960
v 1.827944 6.812227 1.457123
v 1.832796 6.824832 1.464077
v 2.284708 6.635622 -2.647587
v 2.290336 6.650176 -2.663833
v 2.281471 6.627260 -2.651657
v 2.281335 6.626993 -2.644725
v 2.290342 6.650174 -2.663833
v 2.290345 6.648892 -2.671071
v 2.295036 6.662488 -2.266531
v 2.283477 6.632449 -2.309564
v 2.289683 6.648307 -2.304261
v 2.291667 6.653607 -2.297321
v 2.263329 6.580327 -2.284262
v 2.290345 6.648892 -0.159946
v 2.740734 6.457128 -2.236095
v 2.740736 6.457127 -2.236095
v 2.737004 6.447484 -2.233136
v 2.745856 6.470405 -1.408271
v 2.740647 6.456906 -1.391777
v 2.737004 6.447484 -1.396095
v 2.736868 6.447217 -1.389163
v 2.745870 6.470399 -1.408271
v 2.745881 6.469125 -1.415503
v 2.734786 6.442047 3.170379
v 2.738247 6.450821 3.156009
v 2.748875 6.478181 3.150287
v 2.748713 6.477775 3.151655
v 2.737544 6.448879 3.131963
v -0.462524 7.354597 -0.142363
v -0.441393 7.299948 0.249510
v -0.450165 7.322632 0.196462
v -0.464977 7.360947 2.294250
v -0.463632 7.357464 2.367543
v -0.465866 7.363245 2.360236
v -0.463631 7.357464 2.371969
v -0.462522 7.354597 3.205804
v -0.891420 7.106301 -2.680684
v -0.896926 7.120171 -2.680135
v -0.897281 7.121090 -2.695393
v -0.895633 7.116842 -1.854482
v -0.894766 7.114672 -1.839372
v -0.895739 7.117107 -1.852067
v -0.897274 7.121313 -1.844715
v -0.896926 7.120171 -1.863805
v -0.891420 7.106301 -0.169560
v -0.899268 7.124909 -0.159943
v -0.897281 7.121090 -0.184269
v -0.895633 7.116842 0.656642
v -0.895739 7.117107 0.659058
v -0.896926 7.120171 0.647319
v -0.917665 7.173805 1.875475
v -0.914872 7.166590 1.874403
v -0.891420 7.106301 3.178606
v -0.899268 7.124910 3.188222
v -0.897281 7.121091 3.163897
v -1.351451 6.937768 -2.273837
v -1.351384 6.937606 -2.276075
v -1.354803 6.945141 -2.252552
v -1.373589 6.995043 -1.816445
v -1.355814 6.949089 -1.819335
v -1.373589 6.995043 -0.979404
v -1.351217 6.937437 1.086290
v -1.351451 6.937768 1.074329
v -1.352458 6.940395 1.065840
v -1.373589 6.995043 1.531720
v -1.355814 6.949089 1.528831
v -1.374133 6.996459 2.295883
v -1.806806 6.757553 -1.852067
v -1.806706 6.757286 -1.854482
v -1.806750 6.757659 -1.843355
v -1.807991 6.760617 -1.863805
v -1.810333 6.765356 -0.996985
v -1.802485 6.746747 -1.006601
v -1.807991 6.760617 -1.006053
v -1.812480 6.772245 -0.562650
v -1.829122 6.815267 -0.560883
v -1.810534 6.767173 -0.544237
v -1.810333 6.765356 -0.159943
v -1.806750 6.757659 -0.169272
v -1.806806 6.757553 -0.177984
v -1.806706 6.757286 -0.180399
v -1.807991 6.760617 -0.189722
v -1.830231 6.818135 1.111981
v -1.832464 6.823916 1.104674
v -2.277079 6.615100 -2.680417
v -2.292007 6.654498 -2.702783
v -2.285198 6.636906 -2.726366
v -2.284650 6.635491 -2.653487
v -2.284653 6.635490 -2.653487
v -2.284260 6.634476 -1.891212
v -2.281471 6.627260 -1.892283
v -2.284259 6.634477 -1.891212
v -2.268013 6.592468 -0.981170
v -2.284655 6.635489 -0.979404
v -2.284650 6.635491 1.531721
v -2.268013 6.592468 1.529954
v -2.265867 6.585584 2.769700
v -2.262283 6.577883 2.760373
v -2.262501 6.578220 2.748412
v -2.263524 6.580842 2.739923
v -2.292006 6.654498 3.156507
v -2.285198 6.636905 3.132924
v -2.719405 6.402207 -2.681756
v -2.717975 6.398278 -2.694597
v -2.719056 6.401064 -2.700846
v -2.718034 6.398444 -1.855317
v -2.719405 6.402207 -1.844715
v -2.719056 6.401064 -1.863805
v -2.717975 6.398278 -1.020514
v -2.718034 6.398444 -1.018276
v -2.721405 6.405818 -0.996994
v -2.719056 6.401064 -1.026763
v -2.718034 6.398444 0.655807
v -2.717975 6.398278 0.653569
v -2.721405 6.405818 0.677089
v -2.719056 6.401064 0.647320
v -2.749701 6.480326 2.738122
v -2.740732 6.457129 2.714403
v 0.470757 7.375878 -2.694596
v 0.470696 7.375714 -2.692357
v 0.469673 7.373093 -2.700846
v 0.470696 7.375714 -1.018274
v 0.470757 7.375878 -1.020513
v 0.470757 7.375878 0.653570
v 0.470696 7.375714 0.655809
v 0.469673 7.373093 0.647319
v 0.448546 7.318441 2.787282
v 0.903528 7.137252 -1.889325
v 0.903535 7.137250 -0.215242
v 0.903528 7.137252 -0.215242
v 0.897128 7.120632 -0.203502
v 0.930463 7.207283 1.086002
v 0.925206 7.193316 1.086551
v 0.924850 7.192396 1.071293
v 0.903533 7.137250 1.458841
v 1.381813 7.016327 -2.694595
v 1.381748 7.016165 -2.692356
v 1.380739 7.013538 -2.700846
v 1.380739 7.013538 -1.863805
v 1.359992 6.959907 -0.635649
v 1.362791 6.967121 -0.636721
v 1.359609 6.958889 -0.560883
v 1.359992 6.959907 0.201392
v 1.360006 6.959901 0.201392
v 1.381813 7.016327 1.490613
v 1.381748 7.016165 1.492851
v 1.379281 7.008449 1.514138
v 1.380739 7.013538 1.484361
v 1.358501 6.956021 1.949022
v 1.356265 6.950241 1.941715
v 1.381748 7.016165 3.166934
v 1.381813 7.016328 3.164696
v 1.379281 7.008450 3.188221
v 1.380739 7.013538 3.158444
v 1.837556 6.837094 -2.273003
v 1.837456 6.836827 -2.270588
v 1.835761 6.832684 -2.263235
v 1.836272 6.833762 -2.282326
v 1.833744 6.827201 -0.962758
v 1.815140 6.779114 -0.979404
v 1.832905 6.825071 -0.982294
v 1.814591 6.777700 3.132924
v 1.814597 6.777698 3.132924
v 2.271072 6.600349 -0.635649
v 2.282352 6.629422 -0.608541
v 2.263329 6.580327 -0.610179
v 2.273857 6.607568 -0.636721
v 2.297061 6.667953 -0.169560
v 2.269565 6.596469 0.274939
v 2.267330 6.590688 0.267633
v 2.297061 6.667953 0.667482
v 2.287304 6.642363 1.948474
v 2.289277 6.647425 1.966887
v 2.269565 6.596469 1.949022
v 2.267330 6.590688 1.941715
v 2.297060 6.667952 2.341564
v 2.290345 6.648893 2.351179
v 2.290342 6.650174 2.358416
v 2.290336 6.650176 2.358416
v 2.269565 6.596469 2.786063
v 2.287304 6.642363 2.785516
v 2.267330 6.590688 2.778757
v 2.738248 6.450822 -2.703282
v 2.721032 6.406171 -2.718657
v 2.718410 6.399335 -1.863927
v 2.723834 6.413418 -1.885470
v 2.726758 6.421616 -1.829327
v 2.715108 6.390477 -1.853994
v 2.743065 6.463174 -1.818406
v 2.727794 6.423646 -1.815153
v 2.725096 6.416692 -0.980623
v 2.722863 6.410911 -0.987930
v -0.457722 7.342236 1.031546
v -0.442590 7.303129 1.526318
v -0.442145 7.301893 1.498353
v -0.439218 7.294322 1.482759
v -0.459339 7.346366 1.455883
v -0.469313 7.372162 2.339830
v -0.467699 7.367986 2.303593
v -0.462450 7.354375 2.288595
v -0.900732 7.130019 3.197278
v -0.897678 7.122117 -2.268333
v -0.894750 7.114545 -2.283928
v -1.356265 6.950241 -2.243492
v -0.891420 7.106301 -1.006601
v -0.896926 7.120171 -1.006053
v -0.895898 7.117533 -0.609068
v -0.894750 7.114545 -0.609845
v -0.903796 7.138550 -0.145700
v -0.904028 7.138533 -0.136462
v -0.907258 7.146897 -0.140533
v -0.907265 7.146986 -0.137143
v -0.900732 7.130018 -0.150888
v -0.906675 7.145389 -0.224179
v -0.911069 7.156757 -0.231851
v -0.912430 7.160428 -0.201829
v -1.375536 7.000087 1.043562
v -0.907265 7.146986 3.211023
v -0.903796 7.138550 3.202466
v -0.904028 7.138534 3.211704
v -0.907258 7.146897 3.207633
v -1.375536 7.000087 2.717645
v -1.838447 6.839389 -2.678533
v -1.810206 6.766346 -1.402074
v -1.810534 6.767173 -1.381278
v -1.821812 6.796371 -1.068824
v -1.814529 6.777762 -1.037362
v -2.264276 6.582787 0.661313
v -2.261348 6.575215 0.645717
v -1.807991 6.760617 0.668030
v -1.802485 6.746747 0.667482
v -1.808346 6.761537 0.652773
v -2.292862 6.656720 1.079374
v -1.806750 6.757659 1.504811
v -1.806706 6.757286 1.493684
v -1.806806 6.757553 1.496099
v -2.267330 6.590688 2.778757
v -1.814862 6.778997 3.202466
v -2.742136 6.460757 -2.723125
v -2.264276 6.582787 -1.012771
v -2.261348 6.575215 -1.028366
v -2.722863 6.410911 -0.987930
v -2.725664 6.418143 -0.143492
v -2.725927 6.419443 -0.145700
v -2.722863 6.410911 0.686153
v -2.725664 6.418143 0.693550
v -2.725927 6.419443 0.691341
v -2.716881 6.395438 1.064238
v -2.719809 6.403011 1.079833
v -2.727382 6.422601 1.875644
v -2.722863 6.410911 1.884759
v -2.719056 6.401064 1.484361
v 0.463062 7.356014 -2.654616
v 0.453222 7.330543 -0.642996
v 0.459879 7.347762 -0.634723
v 0.448546 7.318441 0.276158
v 0.448543 7.318442 0.276158
v 0.471848 7.378718 1.901279
v 0.468921 7.371146 1.916875
v 0.927381 7.198942 2.319800
v 0.926226 7.195957 2.320578
v 0.924454 7.191370 2.335395
v 1.382914 7.019165 -2.283928
v 1.379986 7.011593 -2.268333
v 1.359992 6.959907 -2.309732
v 1.362791 6.967121 -2.310804
v 0.925206 7.193316 -1.445284
v 1.807061 6.758205 -1.434929
v 1.373460 6.995321 -0.145700
v 1.382271 7.017513 0.220641
v 1.382118 7.017103 0.222010
v 1.370945 6.988209 0.202318
v 1.383430 7.020406 0.244539
v 1.378618 7.007861 0.206864
v 1.380739 7.013538 0.647319
v 1.809194 6.763709 1.092937
v 1.376931 7.003692 1.523195
v 1.370945 6.988209 1.876401
v 1.833744 6.827201 -2.636841
v 1.834056 6.828034 -2.657636
v 1.815529 6.780130 -1.054170
v 1.818324 6.787344 -1.055242
v 2.269068 6.595167 -0.144783
v 1.811798 6.770464 0.686153
v 1.834056 6.828034 1.527571
v 1.833744 6.827201 1.548367
v 2.291052 6.652040 -2.268333
v 2.293980 6.659611 -2.283928
v 2.290336 6.650176 -1.826792
v 2.290342 6.650174 -1.826792
v 2.290345 6.648893 -1.834029
v 2.297061 6.667953 -1.843643
v 2.281471 6.627260 1.533550
v 2.263883 6.581772 1.921309
v 2.737586 6.448990 -1.898262
v 2.739107 6.452925 -1.886450
v 2.719416 6.401995 -1.008336
v 2.725096 6.416692 0.693460
v 2.722863 6.410911 0.686153
v 2.289589 6.648257 1.946092
v 2.749512 6.479836 3.156842
v 2.746584 6.472263 3.172436
v 1.367720 6.979068 -1.424857
v 1.350275 6.934491 -1.445890
v 1.352253 6.940473 -1.434913
v 1.352818 6.941325 -1.426857
v -0.473461 7.382889 -2.266261
v -0.456898 7.340206 -2.294431
v -0.470613 7.375501 -2.271970
v -1.370840 6.950903 1.538097
v -1.362208 6.965612 1.539529
v -2.748274 6.476619 -0.597887
v -2.749701 6.480326 -0.610044
v -2.737725 6.411442 2.793643
v -2.728807 6.426283 2.795091
v -2.722413 6.409760 2.784393
v 0.914872 7.166590 0.277988
v 0.914736 7.166324 0.284921
v 0.918108 7.174952 0.282059
v 0.917937 7.175125 0.272804
v 0.466748 7.365502 1.467509
v 0.461460 7.351852 1.462423
v 0.458103 7.343351 1.475242
v 0.459922 7.347874 1.449904
v 1.825938 6.807037 0.277988
v 1.825883 6.806967 0.281377
v 1.821304 6.795052 0.281595
v 1.829174 6.815399 0.282059
v 1.829003 6.815571 0.272805
v 1.821303 6.795053 0.281595
v 2.737004 6.447484 1.115029
v 2.736868 6.447217 1.121962
v 2.735044 6.442386 1.119761
v 2.740647 6.456906 1.119347
v 2.740069 6.456018 1.109846
v 2.754100 6.453795 3.212163
v 2.741626 6.458609 3.207640
v -0.452747 7.329295 0.282194
v -0.448495 7.318310 0.282058
v -0.451111 7.325083 0.284517
v -0.470535 7.375322 -1.872961
v -0.470145 7.374304 -1.866047
v -0.462118 7.353587 -1.891212
v -0.462136 7.353580 -1.891212
v -0.457843 7.342496 -1.061517
v -0.469513 7.372615 -1.040545
v -0.462116 7.353588 -1.054170
v -0.462136 7.353580 -1.054170
v -2.718035 6.398444 2.329891
v -2.717977 6.398278 2.327653
v -2.721404 6.405817 2.351172
v -2.719056 6.401065 2.321403
v 0.448936 7.319457 -1.472691
v 0.453221 7.330543 -1.480038
v 0.466748 7.365502 3.141593
v 0.470758 7.375878 3.164695
v 0.469673 7.373093 3.158444
v -0.442136 7.301810 -1.880695
v -0.439506 7.295068 -1.870543
v -0.439664 7.295489 -1.871419
v -0.438065 7.291483 -1.848010
v -0.451186 7.325278 -1.053244
v -0.906675 7.145389 -1.061221
v -0.903174 7.135523 -1.055230
v -0.462520 7.354598 1.531720
v -0.462509 7.354602 1.531720
v -1.360670 6.961636 -0.630181
v -1.362208 6.965612 -0.642700
v -0.897274 7.121313 0.666410
v -0.906675 7.145389 0.612862
v -0.907188 7.146721 0.616862
v -0.918058 7.174820 1.113200
v -2.258018 6.566972 0.248961
v -2.284648 6.635492 2.368762
v -2.284653 6.635490 2.368762
v -2.292740 6.656396 3.168799
v -2.291804 6.653986 -2.700846
v -2.292739 6.656396 -2.690491
v -2.291601 6.654068 -2.690475
v -2.265738 6.586568 -0.983553
v -2.285198 6.636905 -1.052283
v -2.261348 6.575215 -0.191324
v -2.265774 6.586469 -0.211656
v -2.264276 6.582787 -0.175729
v -2.260195 6.572377 -0.173927
v -2.263682 6.581211 -0.204718
v -2.285198 6.636906 0.621800
v -2.740731 6.457129 1.040320
v -2.740735 6.457127 1.040320
v -2.748272 6.476620 2.750279
v -2.748270 6.476620 2.750279
v -2.740183 6.455716 1.113200
v -2.740186 6.455714 1.113200
v -2.728807 6.426283 -2.735304
v -2.727269 6.422305 -2.722784
v -2.728807 6.426283 -1.898262
v -2.727269 6.422305 -1.885742
v -2.733882 6.439665 -1.857446
v 0.895990 7.117760 -0.179367
v 0.461460 7.351852 0.625382
v 0.459922 7.347874 0.612862
v 0.469673 7.373093 1.484361
v 0.903535 7.137250 2.295882
v 0.903528 7.137253 2.295882
v 1.357584 6.953613 -1.890252
v 1.372526 6.992298 -1.885743
v 1.369169 6.983798 -1.872924
v 1.370988 6.988321 -1.898262
v 1.814594 6.777699 1.458841
v 1.815141 6.779114 2.368762
v 1.815140 6.779114 2.368762
v 1.370988 6.988321 -2.735304
v 1.372526 6.992298 -2.722785
v 2.297061 6.667953 -2.680684
v 1.826521 6.808544 -2.316783
v 1.828059 6.812521 -2.304263
v 2.745122 6.468481 -1.820595
v 2.752594 6.488176 -1.425122
v -2.290711 6.651141 -2.296619
v -2.290708 6.651142 -2.296619
v -0.472119 7.378608 -0.597906
v -0.471848 7.378718 -0.585930
v 0.466748 7.365502 -1.880657
v 0.461460 7.351852 -1.885743
v 0.458103 7.343351 -1.872924
v 0.459922 7.347874 -1.898262
v 0.014147 7.467281 3.291626
v -0.459778 7.310454 -0.135986
v -0.442590 7.303129 -0.147765
v -0.451142 7.325166 -0.134554
v -0.443607 7.305676 -0.146512
v -0.443935 7.306502 -0.125716
v -0.470736 7.375824 0.242331
v -0.470902 7.376272 0.222099
v -0.456899 7.340207 0.216693
v -0.451142 7.325166 1.031383
v -0.447641 7.315300 1.037374
v -0.443607 7.305676 1.043341
v -0.446727 7.313375 2.375425
v -0.440603 7.297913 2.360923
v -0.451142 7.325166 2.376570
v -0.443935 7.306502 2.385409
v -0.441937 7.301360 2.360534
v -0.441938 7.301359 2.360534
v -0.900732 7.130018 2.360236
v -0.899140 7.125898 -1.049263
v -0.899140 7.125898 2.298903
v -0.926135 7.195727 2.750279
v -0.911069 7.156756 3.116315
v -0.912431 7.160428 3.146338
v -0.924110 7.190472 3.144150
v -0.924099 7.190476 3.144150
v -1.383103 7.019654 -2.702648
v -1.380739 7.013539 -2.700846
v -1.384609 7.023521 -2.692494
v -1.380379 7.012608 -2.682419
v -1.370839 6.950903 -1.810069
v -1.362208 6.965612 -1.808637
v -1.810333 6.765356 -1.834026
v -1.811798 6.770464 -1.824971
v -1.362208 6.965612 -1.479741
v -1.367964 6.980652 -1.457390
v -1.368805 6.982676 -1.479578
v -1.358707 6.955747 -1.473750
v -1.381667 7.015951 -1.016410
v -1.381665 7.015952 -0.179368
v -1.355814 6.949089 0.691789
v -1.370840 6.950903 0.701055
v -1.362208 6.965612 0.702488
v -1.355001 6.946949 0.711325
v -1.354673 6.946122 0.690530
v -1.810333 6.765357 0.677098
v -1.811798 6.770464 0.686153
v -1.381665 7.015953 3.168797
v -1.836111 6.833285 -2.296107
v -1.834312 6.828650 -2.300136
v -1.834297 6.828656 -2.300136
v -1.812480 6.772245 -1.399691
v -1.826371 6.771127 -1.391548
v -1.817741 6.785836 -1.390116
v -2.265867 6.585584 -1.415508
v -2.267330 6.590688 -1.406450
v -1.810206 6.766346 -1.049263
v -1.837201 6.836175 0.239154
v -1.836111 6.833285 0.215018
v -1.831173 6.820534 1.457914
v -1.816203 6.781858 1.462423
v -1.819438 6.790406 1.475241
v -1.817741 6.785836 1.449904
v -1.809600 6.764847 2.295922
v -1.821812 6.796371 2.279341
v -1.817741 6.785836 2.286945
v -1.826371 6.771127 2.793659
v -1.812480 6.772245 2.785516
v -1.817741 6.785836 2.795091
v -2.268013 6.592468 -1.818212
v -2.281905 6.591348 -1.810069
v -2.273274 6.606059 -1.808637
v -2.265738 6.586568 -1.820595
v -2.721404 6.405818 -1.834035
v -2.722863 6.410911 -1.824971
v -2.727382 6.422601 -1.472522
v -2.722863 6.410911 -1.463407
v -2.721306 6.406693 -1.467218
v -2.719203 6.401440 -1.460280
v -2.281905 6.591348 -0.973027
v -2.273274 6.606059 -0.971595
v -2.292739 6.656396 -0.179367
v -2.292007 6.654498 -0.191659
v -2.281905 6.591348 0.701056
v -2.273274 6.606059 0.702488
v -2.265738 6.586568 0.690530
v -2.281906 6.591348 1.538097
v -2.273274 6.606059 1.539529
v -2.722863 6.410911 1.523195
v -2.265738 6.586568 1.880382
v -2.737725 6.411442 0.282519
v -2.728807 6.426283 0.283967
v -2.721271 6.406793 0.272009
v -2.723546 6.412693 1.111433
v -2.737725 6.411442 1.119560
v -2.728807 6.426283 1.121008
v -2.722198 6.409140 1.132555
v -2.721271 6.406793 1.109051
v -2.749983 6.481054 1.484634
v -2.746238 6.471367 1.470068
v -2.746241 6.471366 1.470068
v -2.742238 6.460980 2.294955
v -2.733882 6.439665 2.327761
v -2.746239 6.471366 2.307109
v -2.746238 6.471366 2.307109
v -2.719405 6.402207 3.177534
v -2.727269 6.422305 3.136506
v -2.730502 6.430854 3.149324
v -2.728807 6.426283 3.123987
v 0.444256 7.307353 -0.556924
v 0.441198 7.299433 -0.610179
v 0.441393 7.299948 -0.608243
v 0.440164 7.296769 -0.196421
v 0.914872 7.166590 1.115029
v 0.914736 7.166324 1.121962
v 0.921742 7.184365 1.112119
v 0.917937 7.175125 1.109846
v 0.910239 7.154605 1.118636
v 0.910243 7.154603 1.118636
v 0.463956 7.357496 2.789119
v 0.476140 7.352777 2.793659
v 0.467459 7.367364 2.783134
v 0.440164 7.296769 3.151745
v 0.931672 7.173001 -2.647110
v 0.920706 7.181693 -2.655253
v 0.915455 7.168097 -2.645678
v 0.902052 7.133389 -2.308772
v 0.916993 7.172075 -2.304263
v 0.913636 7.163574 -2.291445
v 0.915455 7.168097 -2.316783
v 0.931672 7.173001 -1.810069
v 0.915455 7.168097 -1.808637
v 0.922992 7.187588 -1.820595
v 0.895989 7.117761 -1.016408
v 0.896731 7.119656 -1.028700
v 0.922992 7.187588 1.880382
v 0.895989 7.117761 1.913237
v 0.895989 7.117761 2.331757
v 0.897128 7.120632 2.307622
v 0.931672 7.173001 2.375138
v 0.915455 7.168097 2.376570
v 0.922992 7.187588 2.364613
v 1.376931 7.003692 2.360236
v 1.375021 6.997942 -2.233130
v 1.352458 6.940395 -1.424573
v 1.371287 6.988976 -0.608541
v 1.351528 6.937983 -0.597887
v 1.352263 6.939879 -0.610179
v 1.378524 7.007811 -0.212221
v 1.351528 6.937983 1.076196
v 1.350275 6.934491 1.065235
v 1.352263 6.939879 2.737987
v 1.805626 6.754502 -1.028565
v 1.808193 6.761078 -1.040544
v 1.807061 6.758205 -1.016408
v 1.830554 6.818165 -0.977568
v 1.842736 6.813449 -0.973027
v 1.805626 6.754502 -0.191523
v 1.808193 6.761078 -0.203502
v 1.842736 6.813449 0.701056
v 1.830554 6.818165 0.696515
v 1.807061 6.758204 1.913237
v 1.829576 6.816680 1.892284
v 1.822125 6.797177 1.860753
v 1.830554 6.818165 2.370598
v 1.842736 6.813449 2.375139
v 1.833744 6.827201 2.385409
v 1.834056 6.828034 2.364613
v 2.285108 6.636902 -2.711443
v 2.277979 6.618236 -2.742907
v 2.263726 6.581303 -1.459065
v 2.263883 6.581772 -1.426857
v 2.263524 6.580842 -1.445284
v 2.286087 6.638389 -1.396088
v 2.289589 6.648257 -1.402074
v 2.286087 6.638389 -0.559047
v 2.264633 6.583680 -0.204015
v 2.264614 6.583687 -0.204015
v 2.262585 6.578433 1.076196
v 2.263329 6.580327 1.063904
v 2.262579 6.578435 1.076196
v 2.289589 6.648257 1.461861
v 2.277979 6.618236 2.279342
v 2.264633 6.583680 2.307109
v 2.285108 6.636902 2.310805
v 2.264614 6.583687 2.307109
v 2.741626 6.458608 -1.814609
v 2.719544 6.402267 -1.457745
v 2.720269 6.404152 -1.418187
v 2.721032 6.406171 -0.207533
v 2.719416 6.401995 -0.171294
v 2.744228 6.466121 -0.123009
v 2.754100 6.453794 1.538081
v 2.741626 6.458608 1.533557
v 2.740641 6.457130 1.892279
v 2.737586 6.448990 1.868425
v 2.733511 6.438458 1.860822
v 2.724183 6.414282 2.713475
v 2.739125 6.452969 2.717986
v 2.735766 6.444470 2.730802
v 2.737586 6.448990 2.705466
v -0.442145 7.301893 -1.012771
v -0.438193 7.291289 -1.011588
v -0.439218 7.294322 -1.028366
v -0.439852 7.295977 -1.034921
v -0.464466 7.359643 1.880604
v -0.919666 7.178988 -2.655908
v -0.907337 7.147186 1.540483
v -0.913853 7.163968 1.537756
v -0.904028 7.138533 1.537620
v -0.919666 7.178988 2.366341
v -1.363827 6.969736 -2.228931
v -1.359560 6.958756 -2.229066
v -1.362870 6.967411 -2.226204
v -1.363819 6.969739 -2.228931
v -1.375536 7.000087 1.880604
v -1.808743 6.762564 0.242791
v -1.805815 6.754992 0.227196
v -2.290708 6.651142 -0.622536
v -2.286266 6.639657 -0.563304
v -2.273864 6.607656 -0.555664
v -2.270626 6.599204 -0.554983
v -2.286266 6.639657 1.947820
v -2.273936 6.607857 2.796044
v -2.286266 6.639657 2.784862
v -2.270626 6.599204 2.793183
v -2.261348 6.575215 3.156842
v -2.264276 6.582787 3.172436
v -2.741800 6.459879 -1.818866
v 0.471203 7.377066 -1.453442
v 0.468921 7.371146 -1.431291
v 0.471943 7.378991 -1.430069
v 0.471848 7.378718 -1.446887
v 0.451534 7.326179 -0.138364
v 0.466210 7.364142 -0.143443
v 0.458340 7.343735 -0.136327
v 0.458343 7.343734 -0.136327
v 0.909827 7.153517 -1.391564
v 0.893149 7.109739 -1.434810
v 0.914774 7.166419 -1.389429
v 0.918511 7.176233 1.892284
v 0.902127 7.133623 1.880603
v 0.908868 7.151030 1.868588
v 0.923084 7.187637 3.136509
v 0.924454 7.191370 3.172436
v 0.928438 7.201819 3.174238
v 0.927381 7.198943 3.156842
v 1.357584 6.953613 -2.727293
v 1.369169 6.983798 -2.709965
v 1.357660 6.953845 -2.723124
v 1.357999 6.954721 0.692258
v 1.370269 6.986547 0.703441
v 1.373642 6.995175 0.700579
v 1.357584 6.953613 1.457914
v 1.369169 6.983798 1.475242
v 1.352924 6.941605 1.471901
v 1.805345 6.753774 -2.282053
v 1.824702 6.804021 -2.291445
v 1.809094 6.763458 -2.296619
v 1.805345 6.753774 -0.607970
v 1.824702 6.804021 -0.617362
v 1.809094 6.763458 -0.622536
v 1.818324 6.787344 0.277988
v 1.819919 6.791483 1.868588
v 1.813528 6.774947 2.784862
v 2.273857 6.607568 0.696509
v 2.284708 6.635623 2.374662
v 2.281335 6.626993 2.377524
v 2.269068 6.595167 2.366341
v 2.724598 6.415391 -2.237387
v 2.740647 6.456906 -2.228818
v 2.736868 6.447217 -2.226204
v 2.741199 6.457859 -1.888911
v 2.746584 6.472263 -1.849812
v 2.747433 6.474562 -1.847629
v 2.749512 6.479836 -1.865407
v 2.720147 6.403911 2.725629
v -0.442856 7.303759 -0.571229
v -0.453222 7.330543 -0.552779
v -0.903796 7.138550 -2.656825
v -0.904028 7.138533 -2.647587
v -0.907258 7.146897 -2.651657
v -0.907265 7.146986 -2.648268
v -0.899268 7.124910 -2.671068
v -0.900732 7.130018 -2.662013
v -0.925408 7.193828 0.226863
v -0.903796 7.138550 1.528383
v -0.895389 7.116199 1.894724
v -0.893597 7.111707 1.918676
v -0.906719 7.145501 1.876401
v -0.895545 7.116608 1.896093
v -0.899175 7.125799 1.880947
v -0.900732 7.130018 1.884759
v -0.903796 7.138550 2.365424
v -0.904028 7.138533 2.374662
v -0.907258 7.146897 2.370592
v -0.907337 7.147186 2.377525
v -1.359329 6.958773 -2.238304
v -1.363819 6.969739 2.793318
v -1.359560 6.958756 2.793183
v -1.359329 6.958773 2.783945
v -1.362870 6.967411 2.796044
v -1.354803 6.945141 2.769697
v -1.356265 6.950241 2.778757
v -1.814862 6.778996 0.691341
v -1.815093 6.778980 0.700579
v -1.822958 6.799328 0.700116
v -1.822961 6.799327 0.700116
v -1.818403 6.787633 0.703441
v -1.804792 6.751960 1.081016
v -1.817522 6.785151 1.065543
v -1.806609 6.757054 1.059052
v -1.817784 6.785948 1.039360
v -1.810241 6.766245 1.043906
v -2.271851 6.602376 -2.728084
v -2.260195 6.572377 -2.685051
v -2.263682 6.581211 -2.715842
v -2.265774 6.586469 -2.722780
v -2.265022 6.584639 -1.408271
v -2.270626 6.599204 -1.392025
v -2.270394 6.599220 -1.401262
v -2.273864 6.607656 -1.392706
v -2.270394 6.599220 1.946904
v -2.273864 6.607656 1.955460
v -2.265025 6.584638 1.939895
v -2.270626 6.599204 1.956141
v -2.270136 6.597919 2.786154
v -2.270394 6.599220 2.783945
v -2.725664 6.418142 -2.654616
v -2.725747 6.418369 -2.647339
v -2.725927 6.419443 -2.656825
v -2.729396 6.427879 -2.648268
v -2.721405 6.405819 -2.671078
v -2.722863 6.410911 -2.662013
v -2.725664 6.418143 -1.817575
v -2.721879 6.408365 -1.817712
v -2.725927 6.419443 -1.819783
v -2.729396 6.427879 -1.811226
v -2.725664 6.418143 -0.980533
v -2.721879 6.408365 -0.980671
v -2.729396 6.427879 -0.974185
v -2.725927 6.419443 -0.982742
v 0.456885 7.340019 0.703139
v 0.462576 7.354729 0.700580
v 0.458340 7.343735 0.700715
v 0.471203 7.377066 1.057682
v 0.471048 7.376657 1.059051
v 0.463062 7.356014 1.530591
v 0.923746 7.188221 1.095614
v 1.374131 6.996459 0.693550
v 1.373460 6.995321 0.691341
v 1.379281 7.008449 0.677097
v 1.376931 7.003692 0.686153
v 1.368424 6.981725 1.538282
v 1.373642 6.995175 1.537620
v 1.368422 6.981726 1.538282
v 1.373460 6.995321 1.528383
v 1.829174 6.815399 1.119100
v 1.829003 6.815571 1.109846
v 1.821304 6.795052 1.118636
v 1.821303 6.795053 1.118636
v 1.825938 6.807037 1.115029
v 1.825802 6.806770 1.121962
v 1.832796 6.824832 3.138159
v 1.839728 6.842320 3.173620
v 1.827943 6.812226 3.131205
v 2.281471 6.627260 0.696509
v 2.290329 6.650179 0.684333
v 2.281335 6.626993 0.703441
v 2.284536 6.635794 0.691325
v 2.290345 6.648892 0.677095
v 2.281471 6.627260 2.370592
v 2.284708 6.635623 3.211704
v 2.281471 6.627260 3.207633
v 2.281335 6.626994 3.214566
v 2.734787 6.442048 -1.014828
v 2.738247 6.450821 -1.029199
v 2.739011 6.452672 -1.054002
v 2.739009 6.452673 -1.054002
v 2.745881 6.469125 1.095621
v 2.745882 6.469125 1.932663
v -0.441393 7.299948 1.086551
v -0.449238 7.320230 1.035658
v -0.918607 7.176234 -1.470804
v -0.925045 7.192839 -1.459065
v -0.927570 7.199431 -1.447086
v -0.918057 7.174820 -0.560883
v -0.927570 7.199431 2.738122
v -0.925408 7.193828 2.737987
v -0.917670 7.173803 2.712516
v -0.917659 7.173808 2.712516
v -1.370405 6.986813 -2.729325
v -1.373197 6.994028 -2.728253
v -1.351384 6.937606 -0.601992
v -1.351451 6.937768 -0.599754
v -1.354803 6.945141 -0.578469
v -1.352458 6.940395 -0.608243
v -1.383103 7.019654 -0.191524
v -1.373199 6.994028 -0.217129
v -1.380941 7.014050 -0.191659
v -1.373193 6.994030 -0.217129
v -1.373589 6.995043 -0.142362
v -1.373591 6.995042 2.368762
v -1.373589 6.995043 2.368762
v -1.383103 7.019655 3.156643
v -1.373197 6.994028 3.131037
v -1.380941 7.014051 3.156507
v -1.373193 6.994029 3.131037
v -1.373589 6.995044 3.205804
v -1.830231 6.818135 -2.236185
v -1.832464 6.823916 -2.243492
v -1.829122 6.815267 0.276158
v -1.807991 6.760617 1.484361
v -1.806806 6.757553 3.170182
v -1.810333 6.765357 3.188222
v -1.806707 6.757286 3.167767
v -1.806750 6.757660 3.178894
v -1.807991 6.760618 3.158444
v -2.265867 6.585584 -2.252549
v -2.258018 6.566972 -2.262163
v -2.265009 6.584644 -2.245312
v -2.265025 6.584638 -2.245312
v -2.284650 6.635491 -1.816445
v -2.284653 6.635490 -1.816445
v -2.258018 6.566972 1.086002
v -2.265871 6.585593 1.095610
v -2.263879 6.581761 1.071293
v -2.273054 6.605371 1.484062
v -2.292007 6.654498 1.482424
v -2.285199 6.636905 1.458842
v -2.740182 6.455715 -1.397924
v -2.722198 6.409140 -1.378570
v -2.722413 6.409760 -1.400814
v -2.718034 6.398444 -0.181235
v -2.721405 6.405818 -0.159953
v -2.717975 6.398278 -0.183473
v -2.719056 6.401064 -0.189722
v -2.749701 6.480326 0.226998
v -2.740732 6.457129 0.203279
v -2.740182 6.455715 0.276159
v -2.722198 6.409140 0.295513
v -2.722413 6.409760 0.273269
v 0.469673 7.373093 -1.863805
v 0.448936 7.319457 -0.635649
v 0.451725 7.326673 -0.636721
v 0.470694 7.375714 -0.181231
v 0.470754 7.375878 -0.183470
v 0.469673 7.373091 -0.189722
v 0.904079 7.138665 -2.653487
v 0.926390 7.196380 -1.433546
v 0.926490 7.196647 -1.435961
v 0.923746 7.188221 -1.415510
v 0.926278 7.196340 -1.424834
v 0.930463 7.207283 0.248961
v 0.925206 7.193316 0.249510
v 0.923746 7.188221 0.258573
v 0.903534 7.137250 3.132924
v 1.359997 6.959905 -1.472691
v 1.362791 6.967121 -1.473762
v 1.381812 7.016563 -1.006314
v 1.381748 7.016165 -1.018273
v 1.380739 7.013538 -1.026763
v 1.815141 6.779113 -0.142362
v 1.841529 6.847730 1.086002
v 1.836272 6.833762 1.086551
v 1.834812 6.828667 1.095614
v 1.835916 6.832842 1.071293
v 1.837456 6.836827 2.751661
v 1.837556 6.837094 2.749246
v 1.834812 6.828668 2.769697
v 1.835761 6.832684 2.759013
v 1.836272 6.833762 2.739923
v 2.269565 6.596469 -2.236185
v 2.267330 6.590688 -2.243492
v 2.297061 6.667954 3.178606
v 2.290337 6.650177 3.195457
v 2.290342 6.650174 3.195457
v 2.290345 6.648893 3.188219
v 2.742837 6.462586 -2.655253
v 2.725096 6.416692 -2.654706
v 2.744228 6.466121 -2.634134
v 2.722863 6.410911 -2.662013
v 2.722804 6.410764 0.640385
v 2.723763 6.413237 0.628911
v 2.735766 6.444469 0.638199
v 2.735199 6.442822 0.611106
v 2.725095 6.416693 3.204584
v 2.744228 6.466121 3.225157
v 2.742837 6.462585 3.204037
v 2.722863 6.410912 3.197278
v -0.466810 7.365686 -0.975445
v -0.470607 7.375503 -1.016411
v -0.457722 7.342236 0.194505
v -0.464466 7.359643 0.206521
v -0.897678 7.122117 1.916874
v -0.894750 7.114545 1.901279
v -0.919666 7.178989 3.203382
v -0.899140 7.125898 -0.565032
v -1.356265 6.950241 -0.569409
v -0.891420 7.106301 1.504523
v -0.896926 7.120171 1.505072
v -1.381792 7.016275 1.916415
v -1.381797 7.016273 1.916415
v -1.376931 7.003692 -2.662013
v -1.374696 6.997911 -2.654706
v -1.351079 6.936830 -0.196511
v -1.350922 6.936421 -0.197880
v -1.354708 6.946022 -0.211656
v -1.349130 6.931930 -0.173927
v -1.362252 6.965725 -0.216203
v -1.356265 6.950241 -0.207845
v -1.351079 6.936831 3.151655
v -1.350921 6.936422 3.150286
v -1.356265 6.950241 3.140321
v -1.354708 6.946022 3.136510
v -1.349130 6.931930 3.174239
v -1.362252 6.965725 3.131963
v -1.828732 6.814252 1.038434
v -1.825938 6.807037 1.037362
v -2.740734 6.457128 -2.654616
v -2.270394 6.599220 -0.564221
v -2.740182 6.455715 -0.560883
v -2.740184 6.455714 -0.560883
v -2.271851 6.602377 -0.216960
v -2.273054 6.605372 -0.190020
v -2.719809 6.403011 -1.431292
v -2.716881 6.395438 -1.446886
v -2.741800 6.459879 -0.981824
v -2.258018 6.566972 1.923044
v -2.719056 6.401064 3.158444
v 0.468420 7.369933 1.107797
v 0.471848 7.378718 1.064238
v 0.468921 7.371146 1.079833
v 0.446593 7.313399 3.136166
v 0.911381 7.157565 0.186739
v 0.918511 7.176233 0.218201
v 1.351531 6.937982 -2.690491
v 0.925206 7.193316 -2.282326
v 1.370945 6.988209 -1.471765
v 1.359997 6.959905 1.875475
v 1.362791 6.967121 1.874403
v 1.825938 6.807037 2.789112
v 1.829174 6.815399 2.793183
v 1.829003 6.815571 2.783929
v 1.825883 6.806967 2.792502
v 1.838447 6.839389 3.156842
v 1.835519 6.831817 3.172437
v 2.269068 6.595168 3.203382
v 2.287304 6.642363 -1.399691
v 2.267330 6.590688 -1.406450
v 2.289277 6.647425 -1.381279
v 2.269565 6.596469 -1.399144
v 2.277979 6.618235 3.116383
v 2.285108 6.636902 3.147847
v 2.282054 6.628768 3.123987
v 2.725096 6.416692 -0.143582
v 2.742837 6.462586 -0.144129
v 2.722863 6.410911 -0.150888
v 2.747336 6.474210 2.739923
v 2.719056 6.401066 3.158444
v 2.719416 6.401995 3.176871
v -0.451142 7.325166 1.868424
v -0.450864 7.324446 1.868945
v -0.456899 7.340207 1.890776
v -0.457731 7.342232 1.868588
v -2.748274 6.476619 -2.271970
v 0.468420 7.369933 -2.240369
v 0.463956 7.357495 -2.233130
v 0.467459 7.367364 -2.239115
v 0.463956 7.357495 -1.396089
v 0.476140 7.352777 -1.391548
v 0.467459 7.367364 -1.402074
v 1.825883 6.806967 -2.229747
v 1.829174 6.815399 -2.229065
v 1.829003 6.815571 -2.238319
v 1.825938 6.807037 -2.233136
v 2.737004 6.447484 -0.559054
v 2.736868 6.447217 -0.552121
v 2.735040 6.442388 -0.554322
v 2.731844 6.434137 -0.552423
v 2.735044 6.442386 -0.554322
v 2.737586 6.448990 0.194342
v -0.442856 7.303759 -1.408271
v -0.448495 7.318309 -1.392025
v -0.438201 7.291693 -1.433439
v 0.461348 7.351555 -2.309563
v 0.469523 7.372718 -2.297321
v 0.472905 7.381595 -2.266531
v -2.721405 6.405818 1.514130
v -2.718034 6.398444 1.492848
v -2.717975 6.398278 1.490610
v -2.740182 6.455715 2.787283
v 0.444256 7.307353 1.117159
v 0.466804 7.365639 1.132809
v 0.448546 7.318441 1.113199
v 0.470696 7.375714 1.492850
v 0.470757 7.375878 1.490612
v 0.453221 7.330543 1.868128
v 0.439210 7.294044 1.902276
v 0.448936 7.319456 1.875475
v -1.354708 6.946022 0.625385
v -1.350282 6.934768 0.645717
v -1.353211 6.942340 0.661312
v -1.349259 6.931736 0.662495
v -1.350922 6.936421 0.639162
v -1.351217 6.937437 2.760373
v -1.351451 6.937768 2.748412
v -1.351384 6.937606 2.746173
v -2.258018 6.566972 -1.425122
v -1.829122 6.815267 1.950241
v -2.748274 6.476619 0.239154
v -2.748270 6.476621 0.239154
v -2.292739 6.656396 1.494716
v -2.292737 6.656397 1.494716
v -2.721271 6.406793 -1.402074
v -2.728807 6.426283 -0.224179
v -2.727269 6.422305 -0.211660
v -2.730502 6.430854 -0.198842
v -2.728807 6.426283 2.286945
v -2.727269 6.422305 2.299465
v 0.471048 7.376657 1.896093
v 0.459879 7.347762 1.876401
v 0.472365 7.379959 1.918622
v 0.920706 7.181693 2.366996
v 0.922678 7.186756 2.385409
v 0.927381 7.198942 -1.865407
v 0.924454 7.191370 -1.849812
v 0.926226 7.195957 -1.864630
v 0.904080 7.138665 -0.979404
v 0.904079 7.138666 -0.979404
v 1.381748 7.016165 0.655810
v 1.381813 7.016327 0.653571
v 1.357584 6.953613 -1.053210
v 1.370988 6.988321 -1.061221
v 1.372526 6.992298 -1.048701
v 1.369169 6.983798 -1.035882
v 1.826521 6.808544 2.705466
v 1.828059 6.812521 2.717985
v 2.270676 6.599336 1.113200
v 2.270680 6.599335 1.113200
v 2.721048 6.406164 -1.044574
v 2.745867 6.470401 0.265812
v 2.745870 6.470399 0.265812
v 2.745881 6.469125 0.258580
v 2.752594 6.488178 0.248961
v -0.462136 7.353580 1.456954
v -0.462122 7.353585 1.456954
v 0.012488 7.457329 -2.781971
v 0.019221 7.511221 -2.778833
v 0.012488 7.457329 3.446017
v 0.019221 7.511221 3.449154
v -0.459778 7.310454 -2.647110
v -0.443680 7.305943 -2.657468
v -0.451142 7.325166 -2.645678
v -0.443935 7.306502 -2.636840
v -0.443607 7.305676 -2.657636
v -0.459778 7.310454 -0.973027
v -0.442590 7.303129 -0.984807
v -0.451142 7.325166 -0.971595
v -0.443935 7.306502 -0.962757
v -0.443607 7.305676 -0.983553
v -0.900282 7.128865 -2.237856
v -0.915307 7.130679 -2.228590
v -0.906675 7.145389 -2.227158
v -0.899140 7.125898 -2.239115
v -0.915307 7.130679 -1.391549
v -0.906675 7.145389 -1.390116
v -0.925206 7.193316 -0.587532
v -0.901414 7.131798 -0.562650
v -0.915307 7.130679 -0.554507
v -0.906675 7.145389 -0.553075
v -0.899140 7.125898 -0.212221
v -0.903186 7.135553 1.115035
v -0.915307 7.130679 1.119576
v -0.899140 7.125898 1.109050
v -1.360786 6.961930 1.457123
v -1.352614 6.940765 1.469366
v -1.349130 6.931930 1.500156
v -1.354708 6.946022 1.462427
v -1.356265 6.950241 1.466238
v -0.899140 7.125898 1.461861
v -0.900282 7.128865 2.784393
v -0.915307 7.130679 2.793658
v -0.906675 7.145389 2.795091
v -0.899140 7.125898 2.783134
v -1.383103 7.019654 -1.865607
v -1.380941 7.014050 -1.865741
v -1.381667 7.015951 -1.853451
v -1.375640 7.000310 -0.634689
v -1.363906 6.970185 -0.617361
v -1.381797 7.016273 -0.594710
v -1.355814 6.949089 -0.145252
v -1.370840 6.950903 -0.135986
v -1.362208 6.965612 -0.134554
v -1.354673 6.946122 -0.146512
v -1.381666 7.015952 2.331756
v -1.383103 7.019654 2.319601
v -1.380578 7.013061 2.307621
v -1.375640 7.000310 2.713477
v -1.360670 6.961636 2.717985
v -1.363906 6.970185 2.730805
v -1.362208 6.965612 2.705466
v -1.836272 6.833762 -1.026763
v -1.835804 6.832552 -1.039224
v -1.817522 6.785150 -0.608540
v -1.836111 6.833285 -0.622024
v -1.837201 6.836175 -0.597887
v -1.836272 6.833762 1.065840
v -1.836111 6.833285 1.052060
v -1.835176 6.830918 2.307108
v -1.838687 6.840054 2.317080
v -1.835166 6.830922 2.307108
v -1.831173 6.820534 3.131997
v -1.816203 6.781858 3.136507
v -1.822819 6.799218 3.164805
v -1.817741 6.785836 3.123987
v -2.291804 6.653986 -2.680135
v -2.281905 6.591348 -2.647110
v -2.268013 6.592468 -2.655253
v -2.273274 6.606059 -2.645678
v -2.265738 6.586568 -2.657636
v -2.292739 6.656396 -1.853449
v -2.292007 6.654498 -1.028700
v -2.292736 6.656396 -1.016410
v -2.290711 6.651141 0.214505
v -2.290708 6.651142 0.214505
v -2.274971 6.610631 2.730804
v -2.286705 6.640757 2.713477
v -2.290711 6.651141 2.725630
v -2.290707 6.651143 2.725630
v -2.281906 6.591349 3.212180
v -2.271138 6.600559 3.206887
v -2.273274 6.606060 3.213612
v -2.265738 6.586569 3.201654
v -2.737725 6.411442 -1.391564
v -2.728807 6.426283 -1.390116
v -3.195402 6.232719 -1.423399
v -2.719405 6.402207 0.666410
v -2.727269 6.422305 0.625382
v -2.733882 6.439665 0.653679
v -2.728807 6.426283 0.612862
v 0.466748 7.365502 -2.717698
v 0.461460 7.351851 -2.722784
v 0.458103 7.343351 -2.709965
v 0.459922 7.347874 -2.735304
v 0.440164 7.296769 -1.870504
v 0.442490 7.302791 -1.878099
v 0.440164 7.296769 -1.033463
v 0.440335 7.297214 -1.013229
v 0.459922 7.347874 -0.224179
v 0.461460 7.351852 -0.211659
v 0.454677 7.334557 -0.183360
v 0.470203 7.374519 -0.190278
v 0.902052 7.133389 -0.634689
v 0.916993 7.172075 -0.630180
v 0.913636 7.163574 -0.617362
v 0.915455 7.168097 -0.642700
v 0.922992 7.187588 0.206299
v 0.920706 7.181693 0.692912
v 0.931672 7.173001 0.701055
v 0.915455 7.168097 0.702488
v 0.922992 7.187588 0.690530
v 0.920706 7.181693 1.529954
v 0.931671 7.173001 1.538097
v 0.915455 7.168097 1.539529
v 0.922992 7.187588 1.527571
v 0.902052 7.133389 2.713476
v 0.913636 7.163574 2.730804
v 0.898131 7.123262 2.767020
v 1.353545 6.943242 -1.878099
v 1.353564 6.943234 -1.878099
v 1.375021 6.997942 -1.396089
v 1.387205 6.993226 -1.391548
v 1.378524 7.007811 -1.402074
v 1.376238 7.001916 1.111433
v 1.375021 6.997942 1.115036
v 1.378524 7.007811 1.109051
v 1.350275 6.934491 1.902276
v 1.352818 6.941325 1.921309
v 1.376238 7.001916 2.785516
v 1.375021 6.997942 2.789119
v 1.378524 7.007811 2.783134
v 1.832905 6.825072 -2.656377
v 1.842736 6.813449 -2.647110
v 1.805626 6.754502 -1.865606
v 1.808193 6.761078 -1.877585
v 1.807061 6.758205 -1.853449
v 1.842736 6.813449 -1.810068
v 1.829576 6.816680 0.218201
v 1.822125 6.797177 0.186670
v 1.826521 6.808544 0.194342
v 1.842736 6.813449 1.538098
v 1.832905 6.825071 1.528831
v 1.830554 6.818166 3.207639
v 1.842736 6.813450 3.212180
v 1.833744 6.827202 3.222450
v 1.834056 6.828035 3.201654
v 2.286087 6.638389 -2.233130
v 2.287304 6.642363 -2.236733
v 2.289589 6.648257 -2.239115
v 2.285108 6.636902 -1.037361
v 2.282054 6.628768 -1.061221
v 2.277979 6.618236 -1.068824
v 2.289589 6.648257 -1.049263
v 2.263726 6.581303 0.215018
v 2.265530 6.585935 0.210989
v 2.265496 6.585948 0.210989
v 2.264734 6.583930 1.511458
v 2.263991 6.582051 1.471901
v 2.298270 6.633671 1.956618
v 2.289589 6.648257 3.135944
v 2.264632 6.583681 3.144150
v 2.264614 6.583687 3.144150
v 3.192954 6.266414 -2.651655
v 2.740641 6.457130 -1.455886
v 2.733511 6.438458 -1.487344
v 2.742837 6.462586 0.692912
v 2.741626 6.458608 0.696515
v 2.744810 6.467648 0.711326
v 2.745122 6.468481 0.690530
v 2.738247 6.450822 2.318967
v 2.721380 6.407164 2.308885
v 2.721048 6.406164 2.303591
v 2.721034 6.406170 2.303591
v 2.741626 6.458608 2.370598
v -0.463065 7.356013 1.949112
v -0.924111 7.190472 -2.715141
v -0.919666 7.178988 -1.818866
v -0.904028 7.138533 -1.810545
v -0.899175 7.125800 0.206865
v -0.897678 7.122117 0.242791
v -0.893597 7.111707 0.244593
v -0.894750 7.114545 0.227196
v -0.895389 7.116199 0.220641
v -2.749983 6.481054 -1.026491
v -2.733882 6.439666 -1.020404
v -2.746241 6.471366 -1.041057
v -2.721306 6.406693 0.206865
v -2.719809 6.403011 0.242791
v -2.731406 6.433306 0.240734
v -2.716881 6.395438 0.227196
v -2.719203 6.401440 0.213803
v 0.440164 7.296769 -2.707546
v 0.446594 7.313399 -2.723124
v 0.471203 7.377066 0.220641
v 0.468420 7.369933 0.270756
v 0.468921 7.371146 0.242792
v 0.472365 7.379959 0.244539
v 0.471848 7.378718 0.227196
v 0.927381 7.198942 -0.191324
v 0.924454 7.191370 -0.175729
v 0.923084 7.187637 0.625385
v 0.924454 7.191370 0.661312
v 0.928438 7.201819 0.663114
v 0.927381 7.198942 0.645717
v 0.927381 7.198942 1.482759
v 0.924454 7.191370 1.498354
v 1.370269 6.986547 -2.644725
v 1.373642 6.995175 -2.647587
v 1.359061 6.957475 -2.654616
v 1.378618 7.007861 -1.467219
v 1.382271 7.017513 -1.453442
v 1.379987 7.011593 -1.431291
v 1.383430 7.020406 -1.429544
v 1.382914 7.019165 -1.446886
v 1.359052 6.957478 2.367633
v 1.359061 6.957475 2.367633
v 1.370269 6.986547 2.377524
v 1.378618 7.007861 2.717988
v 1.382271 7.017513 2.731766
v 1.379986 7.011593 2.753916
v 1.383971 7.022042 2.755718
v 1.382914 7.019165 2.738321
v 1.357584 6.953613 3.131997
v 1.369169 6.983797 3.149326
v 1.353565 6.943235 3.144150
v 1.813528 6.774947 -2.237387
v 1.837809 6.837735 -1.034921
v 1.834150 6.828084 -1.048698
v 1.835519 6.831816 -1.012771
v 1.839728 6.842319 -1.011588
v 1.838447 6.839389 -1.028366
v 2.269068 6.595167 -1.818866
v 2.281335 6.626993 -1.807683
v 2.289683 6.648307 -0.630178
v 2.291052 6.652040 -0.594250
v 2.295036 6.662488 -0.592448
v 2.293980 6.659611 -0.609845
v 2.293348 6.657955 -0.616400
v 2.724183 6.414282 -0.634690
v 2.735766 6.444469 -0.617364
v 2.719522 6.402276 -0.620703
v 2.745215 6.468531 2.299468
v 2.746584 6.472263 2.335395
v 2.747433 6.474564 2.337578
v 2.749512 6.479836 2.319800
v -0.907265 7.146986 0.699898
v -0.907258 7.146897 0.696509
v -0.903796 7.138550 0.691341
v -0.904028 7.138533 0.700579
v -0.900732 7.130018 0.686153
v -0.899268 7.124909 0.677098
v -1.363819 6.969739 1.119235
v -1.362791 6.967121 1.115029
v -1.359560 6.958756 1.119100
v -1.362870 6.967411 1.121961
v -1.363827 6.969736 1.119235
v -1.354803 6.945141 1.095614
v -1.810241 6.766245 -2.304260
v -1.817522 6.785150 -2.282623
v -1.808136 6.760993 -2.297321
v -1.804792 6.751960 -2.267150
v -1.824929 6.804410 -1.810410
v -1.814862 6.778996 -1.819783
v -1.818403 6.787633 -1.807683
v -1.815093 6.778980 -1.810545
v -1.824918 6.804415 -1.810410
v -1.804792 6.751960 0.243974
v -1.817522 6.785150 0.228501
v -1.816319 6.782154 0.201561
v -2.270394 6.599220 -2.238304
v -2.273936 6.607857 -2.226205
v -2.270626 6.599204 -2.229066
v -2.265774 6.586469 1.462427
v -2.271851 6.602377 1.457123
v -2.263682 6.581211 1.469365
v -2.271851 6.602376 3.131206
v -2.260195 6.572377 3.174239
v -2.263681 6.581212 3.143448
v -2.265773 6.586469 3.136510
v -2.721306 6.406693 2.717989
v -2.722493 6.410010 2.719639
v -2.727381 6.422601 2.712685
v -2.731407 6.433307 2.751857
v 0.923084 7.187637 -1.885740
v 0.915754 7.168752 -1.864102
v 0.928438 7.201819 -1.848011
v 0.916877 7.171780 -1.891043
v 0.896731 7.119656 -1.865741
v 0.923084 7.187637 -1.048698
v 0.915754 7.168752 -1.027061
v 0.928438 7.201819 -1.010970
v 0.915754 7.168752 -0.190019
v 0.928663 7.201873 -0.174547
v 0.923084 7.187637 -0.211656
v 0.923084 7.187637 1.462426
v 0.915754 7.168752 1.484063
v 0.928438 7.201819 1.500155
v 0.916878 7.171780 1.457123
v 1.373460 6.995321 -0.982742
v 1.370269 6.986547 -0.970642
v 1.374131 6.996459 -0.980533
v 1.373642 6.995175 -0.973504
v 1.373460 6.995321 2.365424
v 1.834812 6.828667 -2.252552
v 1.834812 6.828667 0.258573
v 2.745881 6.469125 -0.578462
v 2.745215 6.468531 -0.211657
v 2.738247 6.450821 -0.192158
v 2.734786 6.442048 -0.177787
v 2.739011 6.452672 -0.216960
v 2.745215 6.468531 1.462426
v 2.738247 6.450822 1.481925
v 2.734787 6.442048 1.496296
v 2.739009 6.452673 1.457123
v -0.462522 7.354597 -2.653487
v -0.462524 7.354597 -0.979404
v -0.918057 7.174820 0.276158
v -1.373199 6.994028 -1.891212
v -1.370405 6.986813 -1.892283
v -1.383103 7.019654 -1.028565
v -1.373199 6.994028 -1.054170
v -1.380578 7.013061 -1.040544
v -1.373193 6.994030 -1.054170
v -1.351451 6.937768 0.237288
v -1.354803 6.945141 0.258572
v -1.351384 6.937606 0.235049
v -1.352458 6.940395 0.228799
v -1.352458 6.940395 2.739923
v -1.828737 6.814250 -1.472691
v -1.828725 6.814255 -1.472691
v -1.829670 6.816682 -0.633762
v -2.284650 6.635492 3.205804
v -2.749701 6.480326 -2.284127
v -2.740732 6.457129 -2.307846
v -2.731407 6.433307 -2.270392
v 0.444256 7.307353 -2.231007
v 0.448546 7.318441 -2.234966
v 0.448936 7.319456 0.201392
v 0.450316 7.323029 0.194159
v 0.439210 7.294044 0.228193
v 0.923746 7.188221 -2.252552
v 0.926389 7.196381 -2.270588
v 0.926278 7.196340 -2.261876
v 0.926490 7.196647 -2.273003
v 0.904080 7.138665 -1.816445
v 0.920705 7.181693 -1.818212
v 0.926389 7.196381 -0.596505
v 0.923746 7.188221 -0.578469
v 0.926278 7.196340 -0.587793
v 0.926490 7.196647 -0.598920
v 0.925206 7.193316 -0.608243
v 1.385996 7.027505 -0.169560
v 1.379261 7.009733 -0.152709
v 1.379281 7.008450 -0.159945
v 1.379273 7.009728 -0.152709
v 1.379273 7.009728 2.358416
v 1.385996 7.027505 2.341564
v 1.379281 7.008450 2.351180
v 1.814592 6.777700 2.295883
v 2.290342 6.650174 -0.989750
v 2.297061 6.667953 -1.006601
v 2.290345 6.648892 -0.996988
v 2.290336 6.650176 -0.989750
v 2.282715 6.630598 1.900446
v 2.265495 6.585948 1.885071
v 2.263726 6.581303 1.889101
v 2.745881 6.469125 2.769704
v 2.748409 6.477234 2.760373
v 2.748355 6.476832 2.748412
v 2.748421 6.476995 2.746174
v 0.444256 7.307353 1.954200
v 0.441393 7.299948 1.902882
v 0.441753 7.300879 1.921309
v 2.749512 6.479836 1.482759
v 2.746584 6.472263 1.498354
v -0.459778 7.310454 0.701056
v -0.442590 7.303129 0.689276
v -0.451142 7.325166 0.702488
v -0.459778 7.310454 3.212180
v -0.443680 7.305943 3.201822
v -0.451142 7.325167 3.213612
v 3.192954 6.266414 0.696511
v 3.192953 6.266414 2.370594
v -0.471512 7.377837 -0.591965
v -0.464899 7.360736 -0.629908
v -0.465453 7.362691 -0.578991
v -0.464130 7.358766 2.784862
v -0.465825 7.363140 2.782958
v -0.448495 7.318309 2.793183
v 0.446928 7.314276 1.529299
v 0.462576 7.354729 1.537621
v 0.456885 7.340019 1.540180
v 0.440164 7.296769 2.314703
v 0.462978 7.356010 2.310805
v 0.442491 7.302791 2.307108
v -0.442856 7.303759 1.939895
v -0.448495 7.318310 1.956141
v -0.472522 7.380460 1.926629
v -0.457843 7.342496 3.123690
v -0.438193 7.291289 3.173620
v -0.439851 7.295978 3.150286
v -0.440015 7.296383 3.151655
v -2.721879 6.408365 1.530453
v -2.725664 6.418143 1.530591
v -2.725927 6.419443 1.528383
v -2.729396 6.427879 1.536940
v 0.469523 7.372718 2.724927
v 0.453222 7.330543 2.705170
v 0.472905 7.381595 2.755718
v 0.455312 7.335857 1.077891
v 0.451725 7.326673 1.037362
v 0.453222 7.330543 1.031087
vn -0.9585 0.0591 0.2788
vn 0.2921 -0.3712 0.8814
vn -0.2446 0.7821 0.5731
vn 0.0146 0.7748 -0.6321
vn 0.0145 0.7793 -0.6265
vn 0.0146 0.7772 -0.6291
vn 0.0002 -0.6445 -0.7646
vn 0.0002 -0.6476 -0.7619
vn 0.0002 -0.6514 -0.7587
vn 0.0204 -0.6380 -0.7698
vn 0.0205 -0.6411 -0.7672
vn 0.0204 -0.6367 -0.7708
vn 0.0267 0.7770 -0.6290
vn 0.0266 0.7792 -0.6262
vn 0.0268 0.7762 -0.6299
vn -0.6109 0.2975 -0.7336
vn -0.3139 0.8491 0.4249
vn -0.3157 0.8589 0.4033
vn -0.6110 0.2975 -0.7336
vn -0.3173 0.8224 0.4723
vn -0.6043 0.3009 -0.7378
vn -0.3151 0.8178 0.4816
vn -0.2680 -0.8327 0.4846
vn -0.3116 -0.2869 -0.9059
vn -0.2836 -0.8442 0.4548
vn 0.2112 -0.7074 -0.6745
vn -0.3624 -0.8249 0.4339
vn -0.3736 -0.8399 0.3938
vn -0.3624 -0.8248 0.4339
vn -0.0538 0.8433 0.5347
vn -0.4650 -0.5373 -0.7036
vn -0.3001 -0.5789 0.7582
vn -0.0000 -0.0000 -0.0000
vn 0.3564 0.8677 -0.3466
vn -0.3096 0.8650 0.3949
vn 0.9315 -0.0205 0.3631
vn 0.3565 0.8677 -0.3465
vn 0.3540 -0.9133 0.2014
vn -0.1776 0.4546 0.8728
vn -0.2023 0.5183 0.8309
vn -0.5262 -0.0678 0.8476
vn -0.2501 0.6888 0.6804
vn -0.2882 0.7707 0.5683
vn 0.3689 0.9185 0.1421
vn -0.2750 -0.6875 0.6721
vn -0.2907 -0.7266 0.6225
vn 0.3651 0.9088 0.2017
vn -0.1805 -0.4529 0.8731
vn -0.2062 -0.5168 0.8309
vn 0.0523 0.8419 -0.5372
vn 0.8306 -0.5490 -0.0934
vn 0.0630 -0.1890 -0.9800
vn 0.3516 -0.4876 0.7992
vn 0.0624 -0.1875 -0.9803
vn -0.3908 0.8719 0.2952
vn -0.1352 0.9247 -0.3558
vn 0.1235 -0.1635 -0.9788
vn 0.3224 -0.4318 0.8424
vn -0.0671 0.2478 0.9665
vn 0.3516 -0.4875 0.7992
vn 0.0839 -0.0692 -0.9941
vn -0.3099 -0.9038 0.2952
vn -0.5323 -0.7671 -0.3582
vn 0.0211 0.2031 -0.9789
vn -0.0289 0.1976 -0.9799
vn -0.2800 -0.9595 -0.0302
vn -0.5948 -0.7447 -0.3027
vn -0.5322 -0.7671 -0.3582
vn 0.1557 0.5086 0.8468
vn 0.0961 0.6277 0.7725
vn 0.0539 0.5194 0.8528
vn 0.0825 0.1797 -0.9803
vn -0.0287 0.1975 -0.9799
vn -0.2806 -0.9597 -0.0149
vn -0.0652 0.0768 -0.9949
vn -0.0666 0.0720 -0.9952
vn 0.1397 0.4903 0.8603
vn -0.0376 0.3041 0.9519
vn -0.0868 0.1516 0.9846
vn 0.1402 0.4151 0.8989
vn -0.0388 0.3011 0.9528
vn -0.0900 0.1419 0.9858
vn -0.0538 0.8427 0.5357
vn 0.9787 -0.1599 -0.1289
vn -0.0641 0.1773 -0.9821
vn 0.5449 0.8352 0.0739
vn 0.9782 -0.1724 -0.1161
vn -0.3229 0.7419 0.5876
vn 0.5420 0.8351 0.0939
vn 0.9773 -0.1776 -0.1157
vn -0.3369 0.7879 0.5155
vn 0.5460 0.8325 0.0941
vn 0.9810 -0.1750 -0.0840
vn -0.3741 0.8825 -0.2849
vn 0.5439 0.8298 0.1247
vn -0.6017 0.7907 -0.1127
vn -0.2916 -0.8050 0.5166
vn -0.9654 -0.2434 0.0933
vn -0.4767 0.7541 0.4518
vn -0.5961 0.7955 -0.1090
vn -0.3221 -0.8637 0.3877
vn -0.9671 -0.2349 0.0977
vn -0.2922 -0.8054 0.5157
vn -0.9675 -0.2446 0.0645
vn -0.5946 0.7990 -0.0898
vn 0.0524 0.8412 -0.5381
vn -0.7069 0.0259 0.7069
vn 0.7069 0.0259 -0.7069
vn -0.7069 -0.0259 -0.7069
vn 0.7069 -0.0259 0.7069
vn -0.5772 0.5772 -0.5776
vn 0.5772 -0.5772 -0.5776
vn -0.5775 -0.5775 -0.5770
vn -0.5775 0.5775 0.5770
vn 0.5775 0.5775 -0.5770
vn 0.5775 -0.5775 0.5770
vn 0.5772 0.5772 0.5776
vn -0.5772 -0.5772 0.5776
vn -0.5756 0.5765 -0.5800
vn 0.5756 -0.5765 -0.5800
vn -0.5792 -0.5782 -0.5746
vn 0.5792 0.5782 -0.5746
vn -0.5792 0.5782 0.5746
vn 0.5792 -0.5782 0.5746
vn 0.5756 0.5765 0.5800
vn -0.5756 -0.5765 0.5800
vn -0.3542 0.9063 -0.2307
vn -0.3637 0.9315 -0.0000
vn -0.0001 0.7725 0.6351
vn 0.3542 0.9063 0.2307
vn -0.0003 -0.0036 1.0000
vn 0.0001 0.7725 -0.6351
vn 0.0003 -0.0036 -1.0000
vn 0.3637 0.9315 -0.0000
vn 0.8191 0.0885 -0.5668
vn -0.2981 -0.7954 -0.5277
vn -0.5425 0.6179 -0.5691
vn -0.5153 0.6432 0.5663
vn 0.8204 0.0511 0.5695
vn -0.3497 -0.7741 0.5277
vn 0.8205 0.0893 -0.5646
vn -0.2984 -0.7939 -0.5298
vn -0.5419 0.6179 -0.5696
vn -0.5158 0.6448 0.5641
vn 0.8200 0.0515 0.5701
vn -0.3484 -0.7732 0.5298
vn -0.2548 -0.9670 0.0019
vn -0.6216 -0.0093 0.7833
vn -0.8183 0.5365 -0.2063
vn -0.5368 -0.1862 -0.8229
vn 0.8472 -0.4754 0.2372
vn 0.8281 -0.4127 -0.3794
vn 0.8835 0.4131 0.2207
vn 0.7417 0.6499 0.1656
vn 0.5012 -0.3524 0.7903
vn -0.0180 -0.0500 0.9986
vn -0.7098 -0.4733 0.5217
vn 0.5155 -0.2585 0.8170
vn 0.3617 0.9297 0.0694
vn -0.8697 0.0706 -0.4884
vn -0.8537 -0.4675 -0.2295
vn 0.2986 -0.8053 -0.5121
vn 0.7763 0.5249 -0.3489
vn 0.0631 0.1768 -0.9822
vn -0.8698 0.0706 -0.4883
vn 0.9595 -0.0602 0.2751
vn 0.5430 0.7686 -0.3382
vn -0.3382 0.8652 0.3702
vn 0.0059 -0.0603 -0.9982
vn 0.9327 0.3606 -0.0000
vn 0.9327 0.3606 -0.0001
vn 0.3425 -0.8601 0.3780
vn -0.9327 -0.3607 0.0002
vn -0.9327 -0.3607 -0.0000
vn -0.9327 -0.3606 0.0001
vn 0.3292 -0.8310 -0.4484
vn 0.9328 0.3605 0.0001
vn -0.3558 0.7928 -0.4948
vn 0.2016 -0.3132 -0.9281
vn -0.0946 0.4016 -0.9109
vn 0.2790 -0.7013 -0.6560
vn -0.3640 0.6995 0.6150
vn 0.5667 0.8238 -0.0114
vn 0.9763 -0.2033 0.0741
vn 0.2961 -0.6849 -0.6658
vn 0.3485 -0.8264 0.4423
vn -0.2638 0.8761 0.4036
vn -0.2736 0.9321 0.2374
vn -0.3782 0.9137 -0.1486
vn -0.9327 -0.3607 -0.0001
vn -0.9326 -0.3608 0.0001
vn -0.9328 -0.3603 -0.0006
vn -0.2311 0.5794 -0.7816
vn -0.3433 0.8792 0.3304
vn 0.9328 0.3603 0.0001
vn -0.0958 0.2499 -0.9635
vn 0.3854 -0.9214 0.0490
vn 0.4032 -0.9113 -0.0834
vn 0.6678 0.5645 -0.4851
vn 0.8626 0.0731 0.5005
vn -0.0154 -0.0100 -0.9998
vn -0.3499 0.8639 -0.3623
vn 0.0831 -0.1713 0.9817
vn 0.9327 0.3605 0.0001
vn 0.9327 0.3606 0.0002
vn 0.9327 0.3607 0.0001
vn -0.0085 0.1288 0.9916
vn -0.0228 -0.0458 -0.9987
vn -0.4265 0.9040 -0.0306
vn -0.0045 0.1163 0.9932
vn -0.0011 0.0938 0.9956
vn -0.9327 -0.3607 0.0001
vn 0.6805 0.6895 -0.2479
vn 0.9154 -0.2278 0.3319
vn 0.0327 -0.1875 0.9817
vn 0.1037 -0.0798 -0.9914
vn -0.3908 0.8177 0.4226
vn 0.3812 -0.6988 -0.6053
vn 0.9642 -0.0604 0.2583
vn 0.5347 0.7654 -0.3581
vn -0.2738 0.6859 0.6742
vn -0.0682 0.0704 -0.9952
vn 0.3277 -0.8125 -0.4821
vn -0.9327 -0.3606 0.0002
vn 0.9327 0.3607 -0.0000
vn 0.0789 -0.1176 0.9899
vn 0.9327 0.3607 0.0002
vn 0.1062 -0.3577 0.9278
vn 0.2133 -0.4246 -0.8799
vn -0.1489 0.5853 -0.7971
vn -0.9327 -0.3608 -0.0001
vn -0.9326 -0.3608 -0.0006
vn -0.2248 0.5687 0.7912
vn 0.9642 -0.0604 0.2584
vn -0.9327 -0.3606 -0.0000
vn 0.0511 -0.3424 0.9382
vn -0.9327 -0.3606 -0.0002
vn 0.0317 -0.1179 0.9925
vn 0.3777 -0.9211 0.0943
vn -0.3627 0.8542 0.3726
vn -0.9327 -0.3606 -0.0001
vn -0.3672 0.8667 0.3376
vn -0.3679 0.8802 0.2999
vn -0.9328 -0.3603 -0.0005
vn 0.2299 -0.4751 -0.8494
vn -0.0716 0.4075 -0.9104
vn 0.9327 0.3607 -0.0001
vn -0.1555 0.5044 0.8494
vn 0.0172 -0.2455 0.9693
vn 0.2502 -0.5456 -0.7999
vn -0.0618 0.3653 -0.9288
vn 0.3777 -0.9211 0.0944
vn -0.3574 0.7923 -0.4944
vn 0.2021 -0.3132 -0.9279
vn -0.0893 0.3928 -0.9153
vn 0.2810 -0.7059 -0.6502
vn 0.9327 0.3605 -0.0000
vn 0.9257 0.3683 0.0859
vn 0.5727 0.8183 -0.0497
vn -0.3860 0.9092 0.1562
vn -0.3915 0.9181 -0.0626
vn 0.1084 -0.1406 0.9841
vn 0.3638 -0.8739 0.3225
vn 0.3659 -0.9293 -0.0491
vn 0.3693 -0.8932 -0.2566
vn 0.9328 0.3604 0.0002
vn 0.1834 -0.4171 0.8901
vn 0.3776 -0.8090 -0.4504
vn -0.3267 0.9447 0.0295
vn 0.3752 -0.8699 0.3202
vn 0.2522 -0.6934 -0.6750
vn -0.2622 0.9605 0.0931
vn -0.0769 0.2255 -0.9712
vn -0.3670 0.9153 -0.1658
vn -0.9328 -0.3605 0.0001
vn -0.9328 -0.3605 -0.0000
vn -0.2353 0.6359 0.7350
vn -0.2612 0.9256 0.2739
vn 0.9595 -0.0603 0.2751
vn 0.5431 0.7686 -0.3381
vn -0.0946 0.4015 -0.9109
vn 0.9327 0.3605 -0.0002
vn -0.5656 -0.0958 0.8191
vn -0.2736 0.9321 0.2373
vn 0.9326 0.3609 -0.0001
vn 0.9326 0.3610 -0.0002
vn 0.9326 0.3608 -0.0000
vn 0.1959 -0.5363 -0.8210
vn -0.2622 0.9605 0.0930
vn 0.9327 0.3606 0.0001
vn -0.2612 0.9256 0.2738
vn -0.9328 -0.3605 0.0002
vn -0.1278 -0.0631 -0.9898
vn -0.9334 -0.3588 0.0021
vn -0.3653 0.7015 0.6119
vn -0.3251 0.9409 0.0950
vn -0.5475 -0.1527 0.8228
vn 0.9328 0.3605 -0.0002
vn 0.3853 -0.9179 0.0943
vn -0.1495 0.5066 0.8492
vn -0.3625 0.8159 0.4504
vn -0.1193 0.3323 0.9356
vn -0.5398 -0.1736 0.8237
vn 0.9327 0.3605 0.0002
vn -0.2767 0.7225 -0.6335
vn 0.0728 -0.2047 -0.9761
vn -0.3168 0.8307 -0.4577
vn -0.1495 0.5065 0.8492
vn -0.9506 -0.3099 -0.0178
vn 0.2521 -0.4040 -0.8793
vn -0.9326 -0.3608 0.0004
vn 0.9327 0.3607 -0.0002
vn 0.9327 0.3605 -0.0001
vn 0.9326 0.3608 0.0001
vn 0.9329 0.3601 0.0004
vn -0.3726 0.8282 0.4186
vn -0.3254 0.9454 0.0192
vn -0.5945 -0.1543 0.7892
vn -0.5796 -0.2775 0.7662
vn -0.1031 0.3750 0.9213
vn -0.2407 0.9400 -0.2417
vn -0.2526 0.6146 0.7473
vn -0.9326 -0.3609 0.0003
vn -0.9328 -0.3605 -0.0002
vn -0.9328 -0.3605 -0.0003
vn 0.0289 -0.1109 0.9934
vn -0.3650 0.9033 0.2256
vn -0.3674 0.9099 0.1923
vn -0.3687 0.8860 0.2812
vn -0.1495 0.5066 0.8491
vn -0.9327 -0.3606 -0.0005
vn -0.3672 0.8667 0.3375
vn -0.3679 0.8802 0.2998
vn 0.0317 -0.1178 0.9925
vn -0.9327 -0.3607 -0.0003
vn -0.9326 -0.3609 0.0004
vn -0.9328 -0.3605 -0.0001
vn -0.9327 -0.3605 -0.0000
vn -0.2922 0.6958 0.6561
vn 0.0535 -0.1672 -0.9845
vn 0.0329 -0.0642 -0.9974
vn 0.9327 0.3608 0.0008
vn 0.2021 -0.3133 -0.9279
vn 0.9326 0.3608 -0.0001
vn 0.9326 0.3609 -0.0002
vn -0.0670 0.8683 -0.4916
vn -0.3650 0.9033 0.2255
vn -0.3674 0.9100 0.1923
vn -0.3688 0.8860 0.2812
vn -0.9326 -0.3608 0.0003
vn -0.3543 0.9351 0.0056
vn -0.3545 0.9348 -0.0210
vn -0.3716 0.8988 0.2324
vn 0.0288 -0.1109 0.9934
vn 0.0445 0.0551 -0.9975
vn 0.0522 -0.8639 -0.5009
vn -0.9353 -0.3531 0.0240
vn -0.9327 -0.3607 -0.0002
vn -0.1570 0.2813 -0.9467
vn -0.1256 0.2234 -0.9666
vn -0.4717 0.8690 0.1495
vn 0.3925 -0.8952 -0.2109
vn -0.9236 0.3357 0.1852
vn 0.3599 -0.9282 0.0944
vn -0.4612 0.8507 0.2522
vn -0.0670 0.8682 -0.4917
vn -0.2767 0.7225 -0.6336
vn 0.9328 0.3605 -0.0000
vn -0.9327 -0.3608 -0.0002
vn -0.9327 -0.3606 -0.0004
vn -0.9328 -0.3603 -0.0001
vn -0.9328 -0.3604 -0.0001
vn -0.9328 -0.3604 -0.0000
vn 0.0232 -0.0971 0.9950
vn -0.9327 -0.3608 0.0002
vn -0.3812 0.8371 0.3925
vn -0.9326 -0.3609 -0.0002
vn -0.3670 0.9153 -0.1659
vn -0.9327 -0.3608 0.0001
vn 0.3383 -0.9174 0.2095
vn -0.9327 -0.3605 0.0001
vn 0.9327 0.3608 -0.0000
vn 0.9326 0.3608 -0.0002
vn 0.9326 0.3609 -0.0003
vn -0.8698 -0.3939 -0.2971
vn 0.3152 -0.8733 0.3714
vn -0.3442 -0.9012 -0.2634
vn 0.3806 -0.8952 -0.2319
vn 0.4781 0.0281 0.8779
vn -0.2952 0.9464 0.1308
vn -0.9570 0.0580 0.2841
vn -0.4135 -0.8365 -0.3596
vn 0.3939 -0.9141 -0.0960
vn -0.6117 0.6857 0.3946
vn 0.9327 0.3606 -0.0002
vn -0.9570 0.0580 0.2842
vn -0.9570 0.0579 0.2841
vn 0.3939 -0.9141 -0.0959
vn -0.8710 -0.3925 -0.2956
vn -0.6110 0.6862 0.3947
vn -0.4135 -0.8365 -0.3595
vn -0.3502 -0.9091 0.2257
vn -0.3530 -0.9156 0.1923
vn -0.3357 -0.8990 0.2813
vn 0.0517 0.0928 0.9943
vn 0.0859 0.1137 0.9898
vn -0.9327 0.3607 0.0001
vn -0.9326 0.3609 0.0002
vn -0.9326 0.3608 0.0001
vn 0.2617 0.7210 -0.6416
vn -0.0899 -0.1114 -0.9897
vn 0.9327 -0.3607 0.0001
vn 0.9327 -0.3606 0.0002
vn 0.2468 0.3490 -0.9040
vn -0.2695 -0.6912 0.6705
vn 0.2963 0.8393 0.4559
vn -0.6663 0.7003 0.2563
vn -0.9116 -0.1981 -0.3603
vn -0.3062 -0.8792 -0.3651
vn -0.9327 0.3606 -0.0000
vn 0.3155 0.8173 -0.4822
vn -0.9328 0.3605 -0.0000
vn 0.2232 0.5256 -0.8209
vn -0.9327 0.3606 0.0001
vn 0.3372 0.8622 0.3780
vn 0.9327 -0.3606 -0.0000
vn 0.9327 -0.3606 -0.0001
vn -0.2369 -0.4726 0.8489
vn -0.2924 -0.8436 0.4504
vn 0.9326 -0.3608 0.0002
vn 0.9327 -0.3607 0.0002
vn 0.9327 -0.3607 -0.0000
vn 0.9327 -0.3607 -0.0002
vn -0.9327 0.3608 0.0001
vn -0.0009 -0.1054 -0.9944
vn 0.6473 0.6518 0.3952
vn -0.4659 -0.8507 -0.2435
vn 0.0197 0.0692 -0.9974
vn -0.2617 -0.7079 0.6560
vn 0.9342 -0.3567 0.0088
vn -0.1809 -0.3448 0.9211
vn -0.2353 -0.6216 0.7472
vn -0.2683 -0.7572 0.5956
vn 0.3418 0.8347 0.4318
vn 0.9327 -0.3607 -0.0001
vn 0.4637 0.8785 -0.1151
vn 0.9327 -0.3607 -0.0003
vn 0.9338 -0.3578 0.0051
vn 0.3278 0.9410 -0.0835
vn 0.3639 0.8624 0.3518
vn 0.3531 0.9308 0.0944
vn 0.6708 0.5975 0.4392
vn -0.0419 -0.1328 0.9903
vn 0.4613 0.8821 -0.0958
vn 0.9330 -0.3598 0.0054
vn 0.3247 0.9220 -0.2111
vn 0.3301 0.8756 -0.3526
vn 0.0175 0.0720 -0.9972
vn -0.3203 -0.9022 0.2890
vn -0.6661 0.7007 0.2556
vn -0.9119 -0.1966 -0.3602
vn -0.0044 0.0893 0.9960
vn -0.0451 -0.2147 -0.9756
vn 0.3034 0.8558 0.4190
vn -0.2212 -0.4361 0.8723
vn -0.2758 -0.9422 0.1903
vn 0.4581 0.8754 -0.1545
vn -0.6662 0.7003 0.2563
vn -0.0071 0.0840 0.9964
vn -0.3115 -0.9089 -0.2773
vn -0.4028 -0.9104 0.0950
vn 0.9348 -0.3551 0.0104
vn 0.6209 0.7139 0.3238
vn 0.2735 0.7088 -0.6502
vn 0.1542 0.1823 0.9711
vn 0.1851 0.5636 -0.8050
vn -0.2089 -0.3081 -0.9281
vn -0.9327 0.3606 -0.0001
vn -0.9327 0.3607 -0.0001
vn -0.9327 0.3607 -0.0000
vn -0.3799 -0.9250 0.0057
vn -0.3795 -0.9250 -0.0209
vn -0.3424 -0.9104 0.2324
vn 0.0464 0.0788 0.9958
vn 0.9327 -0.3608 0.0002
vn 0.9328 -0.3604 0.0010
vn -0.9327 0.3605 -0.0000
vn 0.9327 -0.3606 -0.0002
vn 0.0752 0.1588 -0.9844
vn 0.9336 -0.3582 0.0036
vn 0.4739 0.8804 -0.0179
vn -0.1404 -0.3241 0.9355
vn 0.9342 -0.3568 0.0088
vn 0.3710 0.9238 0.0944
vn -0.2796 -0.8208 -0.4980
vn 0.0408 0.3214 -0.9461
vn -0.3997 -0.9143 0.0649
vn 0.2768 0.7075 -0.6502
vn 0.6849 -0.4227 0.5935
vn -0.3799 -0.9250 0.0056
vn -0.3795 -0.9250 -0.0210
vn 0.9341 -0.3570 0.0059
vn -0.0771 -0.3118 -0.9470
vn -0.0606 -0.2485 -0.9667
vn -0.2487 -0.9569 0.1496
vn 0.2091 0.7317 -0.6488
vn 0.9327 -0.3606 0.0001
vn 0.9327 -0.3605 0.0002
vn 0.9328 -0.3605 0.0003
vn 0.9328 -0.3603 0.0001
vn 0.9328 -0.3604 0.0001
vn 0.1599 0.1026 -0.9818
vn 0.9321 -0.3622 -0.0015
vn -0.2121 -0.7617 0.6123
vn -0.4413 -0.8546 0.2736
vn -0.4643 -0.8808 0.0930
vn -0.3572 -0.9194 -0.1645
vn -0.9328 0.3604 -0.0000
vn -0.9327 0.3605 -0.0001
vn 0.9328 -0.3605 -0.0000
vn -0.2310 -0.4750 0.8491
vn -0.9328 0.3605 -0.0001
vn 0.3278 0.9410 -0.0834
vn 0.9326 -0.3608 0.0003
vn 0.3477 0.9363 0.0490
vn 0.3413 0.9352 0.0944
vn -0.2152 -0.4385 0.8726
vn -0.4051 -0.9093 0.0950
vn 0.9327 -0.3605 -0.0001
vn 0.9326 -0.3608 0.0001
vn -0.4775 -0.8751 0.0786
vn -0.4838 -0.8673 -0.1170
vn -0.3666 -0.9169 -0.1578
vn -0.9328 0.3605 0.0002
vn -0.1102 -0.2318 -0.9665
vn -0.9327 0.3607 -0.0002
vn 0.2717 0.7041 -0.6561
vn -0.0979 -0.2174 -0.9712
vn -0.2438 -0.9363 0.2526
vn 0.9327 -0.3608 0.0001
vn 0.9327 -0.3608 -0.0000
vn -0.2152 -0.4386 0.8726
vn -0.4051 -0.9093 0.0949
vn -0.4056 -0.8203 0.4033
vn -0.4366 -0.8678 0.2373
vn -0.3478 -0.9259 -0.1474
vn -0.9321 0.3621 -0.0004
vn 0.1080 0.4161 0.9029
vn 0.9326 -0.3610 -0.0006
vn -0.1007 -0.2481 -0.9635
vn -0.4413 -0.8546 0.2737
vn 0.9325 -0.3610 -0.0007
vn -0.0240 -0.5116 0.8589
vn -0.2796 -0.8208 -0.4981
vn -0.9324 0.3613 -0.0005
vn -0.2121 -0.7617 0.6122
vn -0.2910 -0.7160 -0.6346
vn 0.0866 0.1994 -0.9761
vn -0.3366 -0.8248 -0.4542
vn -0.9324 0.3615 -0.0003
vn -0.0350 -0.4868 0.8728
vn 0.9326 -0.3608 -0.0004
vn 0.0614 -0.8999 0.4317
vn 0.9309 -0.3643 -0.0288
vn 0.2003 0.9463 0.2538
vn -0.2688 -0.9585 0.0947
vn -0.9327 0.3605 0.0001
vn 0.9326 -0.3609 -0.0004
vn -0.3997 -0.9143 0.0650
vn 0.9328 -0.3605 -0.0001
vn -0.9327 0.3608 0.0002
vn 0.9327 -0.3605 -0.0002
vn -0.9328 0.3604 -0.0002
vn -0.9328 0.3604 -0.0001
vn -0.9330 0.3599 -0.0004
vn 0.2232 0.5257 -0.8209
vn 0.9328 -0.3604 -0.0000
vn 0.9328 -0.3605 0.0001
vn 0.3450 0.9360 -0.0706
vn -0.2350 -0.6456 0.7266
vn -0.9326 0.3608 -0.0001
vn 0.9327 -0.3606 -0.0004
vn -0.9329 0.3601 -0.0003
vn -0.9329 0.3602 -0.0003
vn 0.0165 -0.8838 0.4676
vn 0.3365 0.9368 -0.0960
vn -0.3668 0.3103 0.8770
vn 0.8716 0.3305 -0.3622
vn 0.9328 -0.3604 -0.0003
vn 0.9327 -0.3605 0.0001
vn -0.4306 -0.8930 0.1307
vn 0.6624 -0.6940 0.2820
vn -0.2144 -0.5108 0.8325
vn 0.9326 -0.3609 -0.0003
vn -0.1647 -0.1964 -0.9666
vn 0.6162 0.4560 -0.6422
vn 0.6597 -0.3578 -0.6609
vn 0.3684 0.8525 0.3707
vn 0.3594 0.8030 -0.4754
vn 0.3447 0.9353 -0.0796
vn -0.1633 -0.3345 0.9281
vn -0.1682 -0.3563 0.9191
vn 0.2108 -0.7679 0.6049
vn 0.5269 -0.6530 0.5440
vn -0.9137 0.3514 -0.2039
vn -0.4444 -0.8930 -0.0707
vn 0.6570 -0.6993 0.2816
vn 0.9329 -0.3602 -0.0000
vn 0.3680 0.8527 0.3708
vn -0.4011 -0.8882 -0.2242
vn -0.3170 0.5974 0.7366
vn -0.5949 0.7061 -0.3841
vn 0.9328 -0.3603 -0.0003
vn 0.9328 -0.3604 -0.0001
vn 0.3881 0.8436 0.3710
vn -0.0336 -0.2177 0.9754
vn 0.3681 0.8527 0.3708
vn -0.9138 0.3514 -0.2038
vn -0.4445 -0.8930 -0.0707
vn 0.9328 -0.3603 -0.0001
vn 0.9328 -0.3605 0.0002
vn -0.4361 -0.8671 0.2408
vn 0.6081 0.4915 -0.6234
vn 0.1348 -0.9258 -0.3532
vn -0.4156 -0.8386 0.3520
vn 0.0928 -0.8289 0.5517
vn 0.8715 0.3305 -0.3622
vn -0.3667 0.3103 0.8770
vn 0.3366 0.9368 -0.0960
vn 0.3362 0.9369 -0.0960
vn 0.8271 0.3276 -0.4567
vn -0.9327 0.3608 -0.0000
vn -0.9327 0.3608 -0.0002
vn -0.3502 -0.7691 -0.5346
vn 0.1577 0.3346 -0.9291
vn 0.8625 -0.3290 -0.3846
vn -0.2747 -0.5863 0.7621
vn 0.0443 -0.8727 0.4863
vn 0.2402 -0.7006 -0.6719
vn 0.8772 -0.3367 -0.3423
vn 0.9164 -0.3951 -0.0643
vn 0.3194 0.9190 0.2313
vn 0.9622 -0.2655 0.0608
vn -0.5731 0.5778 -0.5811
vn 0.5731 -0.5778 -0.5811
vn -0.5810 -0.5775 -0.5735
vn 0.5810 0.5775 -0.5735
vn -0.5810 0.5775 0.5735
vn 0.5731 0.5778 0.5811
vn -0.5731 -0.5778 0.5811
vn 0.5810 -0.5775 0.5735
vn -0.7001 0.7137 -0.0245
vn 0.7001 -0.7136 -0.0245
vn -0.7001 -0.7136 0.0244
vn 0.7001 0.7136 0.0244
vn -0.8194 0.0222 0.5727
vn 0.8194 0.0222 -0.5727
vn -0.8194 -0.0222 -0.5727
vn 0.8194 -0.0222 0.5727
vn -0.8027 0.0054 0.5963
vn 0.8027 -0.0054 0.5963
vn 0.8027 0.0054 -0.5963
vn -0.8027 -0.0054 -0.5963
vn 0.7001 -0.7136 -0.0244
vn -0.7001 0.7136 -0.0244
vn -0.8028 -0.0054 -0.5963
vn 0.8028 0.0054 -0.5963
vn 0.8028 -0.0054 0.5963
vn -1.0000 -0.0000 -0.0000
vn -1.0000 -0.0001 0.0001
vn -1.0000 0.0001 -0.0001
vn -0.0086 0.7072 0.7069
vn -0.0105 0.7067 0.7075
vn 0.0086 -0.7072 0.7069
vn 0.0086 0.7072 -0.7069
vn 1.0000 -0.0000 -0.0000
vn 1.0000 -0.0001 -0.0001
vn 1.0000 0.0001 0.0001
vn 0.0105 -0.7067 0.7075
vn -0.0086 -0.7072 -0.7069
vn 0.0105 0.7067 -0.7075
vn -0.0105 -0.7067 -0.7075
vn -0.0144 0.7281 0.6853
vn -0.0144 -0.7281 -0.6853
vn 0.0144 -0.7280 0.6854
vn 0.0144 0.7280 -0.6854
vn 0.5875 0.0202 0.8089
vn -0.5875 0.0202 -0.8089
vn -0.5876 -0.0202 0.8089
vn 0.5876 -0.0202 -0.8089
vn -0.0144 0.7280 0.6854
vn -0.0144 -0.7280 -0.6854
vn 0.5876 0.0202 0.8089
vn -0.5876 0.0202 -0.8089
vn 0.7069 -0.7072 -0.0086
vn -0.7075 -0.7067 0.0105
vn -0.7069 -0.7072 0.0086
vn -0.0000 -0.0000 1.0000
vn 0.0001 -0.0001 1.0000
vn -0.0001 0.0001 1.0000
vn -0.7069 0.7072 -0.0086
vn 0.7069 0.7072 0.0086
vn 0.7075 0.7067 0.0105
vn -0.0000 -0.0000 -1.0000
vn -0.0001 -0.0001 -1.0000
vn 0.0001 0.0001 -1.0000
vn 0.7075 -0.7067 -0.0105
vn -0.7075 0.7067 -0.0105
vn 0.6855 0.7280 0.0144
vn -0.6854 -0.7280 0.0144
vn 0.6854 -0.7280 -0.0145
vn -0.6854 0.7280 -0.0144
vn 0.8089 0.0202 -0.5876
vn -0.8089 -0.0202 -0.5876
vn -0.8089 0.0202 0.5876
vn 0.8089 -0.0202 0.5876
vn -0.6854 0.7280 -0.0145
vn 0.0145 -0.7280 0.6854
vn 0.0144 0.7281 -0.6853
vn 0.0144 -0.7281 0.6853
vn -0.7001 0.7136 -0.0245
vn -0.7000 -0.7137 0.0245
vn 0.7000 0.7137 0.0245
vn -0.8195 0.0222 0.5727
vn 0.7002 0.7136 0.0245
vn 0.7001 -0.7137 -0.0245
vn -0.7002 -0.7135 0.0245
vn -0.8194 0.0223 0.5727
vn -0.0144 0.7281 0.6854
vn -0.0144 -0.7281 -0.6854
vn 0.0144 -0.7281 0.6854
vn 0.0144 0.7281 -0.6854
vn 0.0144 -0.7279 0.6855
vn 0.0144 0.7279 -0.6855
vn 0.5877 0.0202 0.8088
vn 0.5875 -0.0202 -0.8090
vn -0.5877 0.0202 -0.8088
vn -0.5875 -0.0202 0.8090
vn 0.6853 0.7281 0.0145
vn -0.6854 -0.7281 0.0145
vn 0.6855 -0.7279 -0.0144
vn 0.6854 0.7280 0.0144
vn -0.6854 -0.7280 0.0145
vn 0.6854 -0.7280 -0.0144
vn -0.0145 0.7281 0.6854
vn 0.0145 0.7281 -0.6854
vn -0.0145 0.7280 0.6854
vn -0.0145 -0.7280 -0.6854
vn -0.5758 0.5751 -0.5811
vn 0.5758 -0.5751 -0.5811
vn -0.5792 -0.5793 -0.5736
vn 0.5792 0.5793 -0.5736
vn -0.5792 0.5793 0.5736
vn 0.5758 0.5751 0.5811
vn -0.5758 -0.5751 0.5811
vn 0.5792 -0.5793 0.5736
vn -0.6320 0.7749 0.0128
vn 0.6320 -0.7749 0.0128
vn -0.6320 -0.7749 -0.0129
vn 0.6320 0.7749 -0.0129
vn -0.7597 0.0043 0.6502
vn 0.7597 -0.0042 0.6502
vn 0.7597 0.0043 -0.6502
vn -0.7597 -0.0043 -0.6502
vn -0.7140 0.0010 0.7001
vn -0.6986 0.0031 -0.7155
vn -0.7140 -0.0010 -0.7001
vn 0.6986 -0.0031 -0.7155
vn 0.7140 0.0010 -0.7001
vn -0.0003 1.0000 -0.0006
vn 0.0003 1.0000 0.0006
vn -0.0006 1.0000 -0.0013
vn -0.6986 -0.0031 0.7155
vn -0.0003 -1.0000 0.0006
vn 0.0003 -1.0000 -0.0006
vn -0.0006 -1.0000 0.0013
vn 0.0006 -1.0000 -0.0013
vn 0.6986 0.0031 0.7155
vn 0.7140 -0.0010 0.7001
vn 0.0006 1.0000 0.0013
vn 0.5783 0.5803 -0.5734
vn 0.5783 0.5714 0.5822
vn 0.5783 -0.5803 0.5734
vn -0.5783 0.5803 0.5734
vn -0.5783 -0.5714 0.5822
vn 0.5783 -0.5714 -0.5822
vn -0.5783 -0.5803 -0.5734
vn -0.5783 0.5714 -0.5822
vn 0.5739 0.5748 0.5833
vn -0.5739 -0.5748 0.5833
vn 0.5806 -0.5803 0.5711
vn -0.5806 0.5803 0.5711
vn 0.5806 0.5803 -0.5711
vn -0.5806 -0.5803 -0.5711
vn -0.5739 0.5748 -0.5833
vn 0.5739 -0.5748 -0.5833
vn -0.0105 0.5615 0.8274
vn 0.0103 0.5615 -0.8274
vn -0.0105 -0.5615 -0.8274
vn 0.0103 -0.5615 0.8274
vn 0.0103 0.5616 -0.8274
vn -0.0105 0.5616 0.8274
vn 0.0103 -0.5616 0.8274
vn -0.0105 -0.5616 -0.8274
vn -0.5795 0.5781 0.5744
vn -0.5734 0.5779 -0.5808
vn -0.5795 -0.5781 -0.5744
vn 0.5734 -0.5779 -0.5808
vn 0.5795 0.5781 -0.5744
vn 0.5734 0.5779 0.5808
vn -0.5734 -0.5779 0.5808
vn 0.5795 -0.5781 0.5744
vn -0.6342 -0.7168 -0.2898
vn -0.6871 0.0001 -0.7266
vn -0.4011 -0.9002 0.1698
vn -0.2882 -0.7075 0.6453
vn 0.7414 -0.6595 0.1244
vn 0.3174 -0.6929 -0.6474
vn 0.7602 -0.0714 -0.6458
vn 0.9807 0.1949 -0.0173
vn 0.6778 -0.6893 0.2556
vn 0.3626 -0.9192 -0.1537
vn -0.6871 -0.0001 0.7266
vn 0.1391 -0.9054 0.4012
vn 0.5577 -0.6431 0.5248
vn -0.1556 -0.8804 -0.4480
vn -0.3310 -0.9429 -0.0370
vn 0.7335 -0.0446 0.6783
vn -0.2773 0.7069 -0.6506
vn 0.6033 0.7358 -0.3075
vn 0.2708 0.7115 0.6484
vn -0.6245 0.7272 0.2849
vn -0.3626 0.9192 -0.1537
vn -0.7414 0.6595 0.1244
vn 0.3310 0.9429 -0.0370
vn 0.1556 0.8804 -0.4480
vn 0.4011 0.9002 0.1698
vn -0.5577 0.6431 0.5248
vn -0.1391 0.9054 0.4012
vn -0.3310 -0.9429 -0.0369
vn -0.6245 0.7272 0.2850
vn 0.2773 -0.7069 -0.6506
vn 0.6871 -0.0001 -0.7266
vn 0.6245 -0.7272 0.2850
vn 0.6871 0.0001 0.7266
vn 0.6342 0.7168 -0.2898
vn 0.2882 0.7075 0.6453
vn 0.3311 0.9429 -0.0370
vn -0.5577 0.6430 0.5248
vn 0.7413 -0.6595 0.1244
vn -0.7413 0.6595 0.1244
vn -0.6876 -0.6777 -0.2605
vn -0.9807 0.1949 0.0173
vn -0.7335 -0.0446 -0.6783
vn -0.3286 -0.6931 0.6416
vn -0.7602 -0.0714 0.6458
vn -0.3311 -0.9429 -0.0370
vn -0.5936 0.7456 0.3027
vn -0.2600 0.7108 -0.6536
vn 0.5936 -0.7456 0.3027
vn 0.9807 -0.1949 0.0173
vn 0.7602 0.0714 0.6458
vn 0.2600 -0.7108 -0.6536
vn 0.7335 0.0446 -0.6783
vn 0.6876 0.6777 -0.2605
vn 0.3286 0.6931 0.6416
vn -0.5792 0.5800 0.5729
vn -0.5760 0.5742 -0.5818
vn -0.5792 -0.5800 -0.5729
vn 0.5760 -0.5742 -0.5818
vn 0.5792 0.5800 -0.5729
vn 0.5792 -0.5800 0.5729
vn -0.5760 -0.5742 0.5818
vn 0.5760 0.5742 0.5818
vn -0.5794 -0.5804 -0.5722
vn 0.5763 -0.5731 -0.5827
vn 0.5794 -0.5804 0.5722
vn -0.5763 0.5731 -0.5827
vn 0.5794 0.5804 -0.5722
vn 0.5763 0.5731 0.5827
vn -0.5763 -0.5731 0.5827
vn -0.5794 0.5804 0.5722
vn -0.5788 0.5784 0.5748
vn -0.5756 0.5767 -0.5798
vn -0.5788 -0.5784 -0.5748
vn 0.5756 -0.5767 -0.5798
vn 0.5788 0.5784 -0.5748
vn 0.5788 -0.5784 0.5748
vn -0.5756 -0.5767 0.5798
vn 0.5756 0.5767 0.5798
vn 0.6050 -0.7888 0.1087
vn 0.9990 -0.0437 0.0037
vn 0.6418 0.7669 -0.0040
vn -0.2592 0.9658 -0.0000
vn -0.9389 0.3442 0.0040
vn -0.8441 -0.5362 -0.0036
vn -0.1268 -0.9860 -0.1083
vn 0.5912 0.8063 0.0195
vn -0.5912 0.8063 -0.0195
vn -0.5912 -0.8063 0.0195
vn 0.5912 -0.8063 -0.0195
vn -0.5730 0.0400 0.8186
vn 0.5730 0.0400 -0.8186
vn -0.5730 -0.0400 -0.8186
vn 0.5730 -0.0400 0.8186
vn -0.3050 -0.3532 -0.8845
vn -0.3048 -0.3535 -0.8844
vn 0.2258 -0.6653 -0.7116
vn -0.4121 0.9003 -0.1400
vn 0.3277 -0.8580 0.3954
vn -0.3299 -0.9356 -0.1260
vn 0.3774 0.8474 0.3735
vn 0.3785 0.8497 0.3671
vn -0.0819 0.2736 0.9583
vn -0.0819 0.2737 0.9583
vn -0.2160 0.4756 0.8527
vn -0.1669 -0.4947 0.8529
vn -0.2796 0.7283 -0.6257
vn 0.3454 -0.8852 0.3116
vn -0.3260 0.9390 0.1100
vn -0.2363 0.6334 0.7369
vn -0.2600 -0.6241 0.7368
vn -0.2688 -0.9569 0.1096
vn -0.0855 0.2250 0.9706
vn -0.9813 0.1888 -0.0387
vn -0.9328 -0.3604 0.0006
vn 0.9326 0.3610 0.0001
vn 0.9326 0.3610 0.0002
vn -0.9326 -0.3608 -0.0003
vn 0.9325 0.3612 0.0002
vn -0.9327 -0.3605 0.0002
vn 0.9328 0.3605 0.0002
vn 0.9326 0.3609 0.0003
vn 0.9328 0.3604 -0.0000
vn -0.9327 -0.3607 -0.0004
vn 0.9328 0.3604 -0.0001
vn 0.9325 0.3611 0.0002
vn -0.9326 -0.3608 0.0002
vn 0.9329 0.3601 -0.0000
vn 0.9328 0.3603 -0.0002
vn 0.9328 0.3603 -0.0000
vn 0.9327 0.3606 0.0003
vn 0.9326 0.3608 0.0003
vn -0.9327 -0.3608 -0.0005
vn 0.9326 0.3608 0.0002
vn 0.9325 0.3611 0.0001
vn -0.9326 -0.3608 -0.0005
vn -0.9328 -0.3604 -0.0002
vn 0.9328 0.3605 -0.0001
vn 0.9328 0.3603 -0.0001
vn 0.9328 0.3604 0.0001
vn -0.9328 -0.3604 -0.0003
vn -0.9329 -0.3601 0.0003
vn -0.9329 -0.3601 0.0004
vn 0.9328 0.3603 0.0002
vn -0.9328 -0.3604 -0.0004
vn -0.9328 -0.3604 0.0002
vn 0.9326 0.3609 -0.0000
vn -0.9328 -0.3604 0.0004
vn -0.9327 -0.3605 -0.0002
vn 0.9326 0.3609 0.0001
vn -0.9327 -0.3605 0.0003
vn 0.9328 -0.3604 -0.0002
vn -0.9327 0.3607 0.0002
vn -0.9327 0.3606 0.0002
vn -0.9327 0.3607 0.0003
vn -0.9327 0.3606 0.0003
vn 0.9329 -0.3602 -0.0001
vn -0.9328 0.3605 -0.0002
vn -0.9326 0.3609 -0.0001
vn -0.9326 0.3609 -0.0000
vn 0.9327 -0.3605 -0.0003
vn -0.9328 0.3604 0.0001
vn 0.9328 -0.3605 -0.0003
vn -0.9326 0.3610 -0.0000
vn -0.9327 0.3606 -0.0002
vn -0.9326 0.3609 -0.0002
vn -0.9326 0.3608 -0.0000
vn -0.9329 0.3601 -0.0000
vn 0.9327 -0.3608 0.0005
vn -0.9328 0.3603 0.0001
vn 0.9328 -0.3604 -0.0004
vn 0.9327 -0.3606 0.0003
vn -0.9328 0.3605 0.0001
vn 0.9328 -0.3604 0.0003
vn -0.9327 0.3608 -0.0001
vn 0.9326 -0.3608 0.0006
vn 0.9326 -0.3608 0.0005
vn -0.9328 0.3603 -0.0000
vn 0.9327 -0.3605 -0.0000
vn 0.9327 -0.3607 0.0003
vn 0.9326 -0.3608 -0.0001
vn -0.9324 0.3614 -0.0001
vn -0.9326 0.3608 0.0002
vn 0.9327 -0.3608 0.0004
vn 0.9327 -0.3605 -0.0004
vn 0.9328 -0.3604 0.0002
vn 0.9327 -0.3608 -0.0004
vn 0.9327 -0.3607 0.0004
vt 0.095367 0.699795
vt 0.095122 0.692391
vt 0.095531 0.692434
vt 0.936723 0.387124
vt 0.936903 0.395046
vt 0.936545 0.395043
vt 0.936723 0.407076
vt 0.937045 0.414996
vt 0.936593 0.414997
vt 0.936956 0.006017
vt 0.937347 0.013937
vt 0.936895 0.013937
vt 0.373275 0.929888
vt 0.373455 0.937810
vt 0.373097 0.937807
vt 0.650109 0.262184
vt 0.650845 0.271012
vt 0.650102 0.271025
vt 0.173425 0.593251
vt 0.174161 0.602079
vt 0.173419 0.602093
vt 0.652571 0.068253
vt 0.652628 0.059399
vt 0.653401 0.068235
vt 0.655269 0.432425
vt 0.656005 0.441253
vt 0.655263 0.441267
vt 0.435659 0.594315
vt 0.436395 0.603143
vt 0.435653 0.603157
vt 0.238378 0.593255
vt 0.239114 0.602083
vt 0.238371 0.602097
vt 0.575726 0.584619
vt 0.576462 0.593447
vt 0.575719 0.593461
vt 0.637759 0.240401
vt 0.637959 0.231350
vt 0.638579 0.240417
vt 0.421999 0.559721
vt 0.422724 0.568778
vt 0.421981 0.568763
vt 0.642510 0.582896
vt 0.643252 0.591953
vt 0.642509 0.591938
vt 0.642510 0.507724
vt 0.643252 0.516780
vt 0.642509 0.516766
vt 0.625039 0.186043
vt 0.625764 0.195100
vt 0.625021 0.195084
vt 0.640182 0.338728
vt 0.640924 0.347784
vt 0.640181 0.347769
vt 0.162345 0.430817
vt 0.163321 0.546002
vt 0.162546 0.545961
vt 0.485708 0.935744
vt 0.485532 0.927824
vt 0.485919 0.927822
vt 0.435531 0.582393
vt 0.437452 0.582399
vt 0.435680 0.582702
vt 0.584295 0.250262
vt 0.586216 0.250269
vt 0.584444 0.250572
vt 0.095098 0.684944
vt 0.094931 0.677482
vt 0.095341 0.677525
vt 0.703762 0.222962
vt 0.703522 0.215493
vt 0.703932 0.215536
vt 0.703460 0.314073
vt 0.703215 0.306669
vt 0.703624 0.306712
vt 0.333060 0.704346
vt 0.332815 0.696942
vt 0.333225 0.696985
vt 0.706137 0.390491
vt 0.705891 0.383087
vt 0.706301 0.383130
vt 0.141822 0.706697
vt 0.141577 0.699293
vt 0.141986 0.699336
vt 0.373396 0.653670
vt 0.373279 0.646229
vt 0.373688 0.646177
vt 0.691072 0.208635
vt 0.690955 0.201194
vt 0.691364 0.201142
vt 0.485975 0.423125
vt 0.486689 0.538498
vt 0.485729 0.538413
vt 0.215827 0.430742
vt 0.215996 0.545979
vt 0.215109 0.545951
vt 0.910606 0.928182
vt 0.910997 0.936102
vt 0.910545 0.936102
vt 0.695058 0.698603
vt 0.695112 0.689398
vt 0.695312 0.689273
vt 0.174595 0.675915
vt 0.174106 0.683457
vt 0.173902 0.675930
vt 0.629320 0.885746
vt 0.629368 0.876541
vt 0.629567 0.876416
vt 0.901953 0.664622
vt 0.902001 0.655417
vt 0.902200 0.655292
vt 0.902049 0.304809
vt 0.902097 0.295604
vt 0.902297 0.295478
vt 0.902068 0.068670
vt 0.902116 0.059465
vt 0.902316 0.059339
vt 0.902472 0.229806
vt 0.902520 0.220601
vt 0.902719 0.220476
vt 0.902037 0.347873
vt 0.902085 0.338668
vt 0.902284 0.338543
vt 0.720952 0.716569
vt 0.721006 0.707364
vt 0.721205 0.707239
vt 0.695058 0.717047
vt 0.695112 0.707842
vt 0.695312 0.707717
vt 0.773933 0.068670
vt 0.773986 0.059465
vt 0.774186 0.059339
vt 0.774243 0.570718
vt 0.774296 0.561513
vt 0.774496 0.561388
vt 0.772697 0.347873
vt 0.772751 0.338668
vt 0.772950 0.338542
vt 0.576419 0.689656
vt 0.576159 0.697130
vt 0.576012 0.689602
vt 0.720952 0.735013
vt 0.721006 0.725808
vt 0.721205 0.725683
vt 0.775302 0.033550
vt 0.775356 0.024345
vt 0.775556 0.024220
vt 0.695058 0.735491
vt 0.695112 0.726286
vt 0.695312 0.726161
vt 0.848431 0.894348
vt 0.848479 0.885143
vt 0.848678 0.885018
vt 0.773933 0.087114
vt 0.773986 0.077909
vt 0.774186 0.077783
vt 0.903354 0.187783
vt 0.903401 0.178578
vt 0.903601 0.178453
vt 0.774243 0.589162
vt 0.774296 0.579957
vt 0.774496 0.579832
vt 0.903334 0.570718
vt 0.903382 0.561513
vt 0.903582 0.561388
vt 0.772697 0.366317
vt 0.772751 0.357112
vt 0.772950 0.356986
vt 0.746110 0.694650
vt 0.746164 0.685423
vt 0.746365 0.685550
vt 0.746104 0.570614
vt 0.746158 0.561388
vt 0.746358 0.561514
vt 0.189607 0.630034
vt 0.189072 0.637185
vt 0.188698 0.629950
vt 0.669213 0.568841
vt 0.668679 0.575990
vt 0.668304 0.568757
vt 0.744558 0.347769
vt 0.744612 0.338543
vt 0.744812 0.338669
vt 0.757989 0.766406
vt 0.758043 0.757180
vt 0.758243 0.757306
vt 0.732830 0.774318
vt 0.732884 0.765091
vt 0.733084 0.765218
vt 0.407784 0.654121
vt 0.407765 0.646675
vt 0.408175 0.646636
vt 0.782864 0.151259
vt 0.782917 0.142032
vt 0.783118 0.142159
vt 0.783963 0.766407
vt 0.784016 0.757181
vt 0.784217 0.757307
vt 0.283975 0.774229
vt 0.284028 0.765003
vt 0.284229 0.765129
vt 0.782438 0.712843
vt 0.782492 0.703616
vt 0.782692 0.703743
vt 0.746110 0.713068
vt 0.746164 0.703842
vt 0.746365 0.703968
vt 0.503938 0.119835
vt 0.503404 0.126985
vt 0.503029 0.119751
vt 0.746104 0.589033
vt 0.746158 0.579806
vt 0.746358 0.579932
vt 0.189607 0.644725
vt 0.189072 0.651875
vt 0.188698 0.644641
vt 0.747472 0.650088
vt 0.746938 0.657238
vt 0.746563 0.650003
vt 0.669213 0.583532
vt 0.668679 0.590681
vt 0.668304 0.583448
vt 0.744558 0.366187
vt 0.744612 0.356961
vt 0.744812 0.357087
vt 0.746110 0.731487
vt 0.746164 0.722260
vt 0.746365 0.722386
vt 0.677229 0.307104
vt 0.677155 0.299658
vt 0.677565 0.299616
vt 0.746104 0.607451
vt 0.746158 0.598225
vt 0.746358 0.598351
vt 0.032547 0.671387
vt 0.032472 0.663941
vt 0.032882 0.663899
vt 0.905117 0.133066
vt 0.905176 0.123839
vt 0.905377 0.123966
vt 0.744558 0.384606
vt 0.744612 0.375379
vt 0.744812 0.375506
vt 0.175258 0.430817
vt 0.176335 0.546001
vt 0.175460 0.545961
vt 0.734148 0.496067
vt 0.733198 0.503313
vt 0.733736 0.496109
vt 0.745217 0.059339
vt 0.744886 0.066213
vt 0.744806 0.059383
vt 0.033300 0.690907
vt 0.032968 0.697780
vt 0.032888 0.690950
vt 0.707762 0.689249
vt 0.707882 0.696123
vt 0.707350 0.689292
vt 0.721033 0.496556
vt 0.720415 0.504139
vt 0.720147 0.496676
vt 0.682154 0.562029
vt 0.681564 0.569614
vt 0.681270 0.562152
vt 0.732409 0.339025
vt 0.731796 0.346614
vt 0.731527 0.339153
vt 0.730234 0.186346
vt 0.729617 0.193929
vt 0.729348 0.186467
vt 0.516710 0.680935
vt 0.516097 0.688524
vt 0.515828 0.681063
vt 0.732247 0.059828
vt 0.731630 0.067411
vt 0.731362 0.059948
vt 0.436052 0.677386
vt 0.435790 0.669938
vt 0.436594 0.669814
vt 0.733959 0.623894
vt 0.733342 0.631477
vt 0.733074 0.624014
vt 0.203126 0.430742
vt 0.203295 0.545979
vt 0.202408 0.545951
vt 0.498984 0.423125
vt 0.499699 0.538498
vt 0.498738 0.538413
vt 0.150554 0.150756
vt 0.006018 0.005857
vt 0.150635 0.005980
vt 0.307112 0.150701
vt 0.162587 0.005930
vt 0.307193 0.005933
vt 0.005936 0.150634
vt 0.162505 0.150697
vt 0.005776 0.321858
vt 0.125898 0.240886
vt 0.125319 0.321858
vt 0.272123 0.303059
vt 0.162574 0.418929
vt 0.162489 0.303172
vt 0.006284 0.240843
vt 0.421757 0.291899
vt 0.503810 0.290974
vt 0.503769 0.410582
vt 0.125350 0.162393
vt 0.318985 0.121543
vt 0.319046 0.005943
vt 0.428673 0.005921
vt 0.005953 0.334673
vt 0.089210 0.452939
vt 0.005908 0.454274
vt 0.089210 0.333411
vt 0.005818 0.162393
vt 0.272208 0.418817
vt 0.421757 0.411425
vt 0.428759 0.121670
vt 0.522168 0.290807
vt 0.515684 0.372347
vt 0.516246 0.290808
vt 0.521679 0.372385
vt 0.468059 0.505783
vt 0.467744 0.423145
vt 0.473737 0.423226
vt 0.410130 0.162644
vt 0.299479 0.279011
vt 0.299553 0.162600
vt 0.299636 0.407529
vt 0.299552 0.290968
vt 0.410123 0.291104
vt 0.516246 0.451395
vt 0.435642 0.506826
vt 0.441393 0.423055
vt 0.441636 0.506945
vt 0.435473 0.422977
vt 0.522168 0.451394
vt 0.410056 0.279055
vt 0.473980 0.505826
vt 0.410050 0.407506
vt 0.163076 0.162404
vt 0.287566 0.162407
vt 0.287157 0.226468
vt 0.504213 0.098271
vt 0.479321 0.051509
vt 0.504219 0.005776
vt 0.162539 0.226446
vt 0.299401 0.419217
vt 0.324149 0.463720
vt 0.299401 0.508532
vt 0.287564 0.291418
vt 0.163074 0.291415
vt 0.535065 0.521685
vt 0.535972 0.522704
vt 0.534194 0.522901
vt 0.407154 0.419462
vt 0.408728 0.543993
vt 0.407060 0.543995
vt 0.408553 0.419322
vt 0.544765 0.272149
vt 0.543350 0.272102
vt 0.543460 0.147579
vt 0.128475 0.439617
vt 0.130043 0.439597
vt 0.130460 0.532870
vt 0.129250 0.532941
vt 0.979642 0.172996
vt 0.980177 0.174580
vt 0.978768 0.174226
vt 0.544876 0.147582
vt 0.549046 0.521686
vt 0.549953 0.522704
vt 0.548175 0.522901
vt 0.543460 0.006021
vt 0.545034 0.130552
vt 0.543366 0.130555
vt 0.544859 0.005881
vt 0.284320 0.440337
vt 0.286304 0.533590
vt 0.285095 0.533661
vt 0.979642 0.159148
vt 0.980177 0.160731
vt 0.978768 0.160378
vt 0.285887 0.440317
vt 0.423246 0.547784
vt 0.421901 0.547921
vt 0.421941 0.423215
vt 0.423357 0.423217
vt 0.269511 0.519946
vt 0.270757 0.521285
vt 0.268395 0.521544
vt 0.284092 0.303217
vt 0.286142 0.427748
vt 0.283998 0.427751
vt 0.285929 0.303077
vt 0.149707 0.503518
vt 0.147882 0.503469
vt 0.147993 0.378946
vt 0.253622 0.431587
vt 0.256207 0.524814
vt 0.254565 0.524923
vt 0.823506 0.973579
vt 0.823789 0.975795
vt 0.822062 0.974921
vt 0.149849 0.378950
vt 0.255670 0.431542
vt 0.460277 0.163833
vt 0.461715 0.162421
vt 0.462414 0.163556
vt 0.436553 0.518679
vt 0.437778 0.518727
vt 0.461522 0.164570
vt 0.126908 0.333411
vt 0.127477 0.333758
vt 0.102640 0.379627
vt 0.485995 0.207091
vt 0.665576 0.238755
vt 0.664268 0.238789
vt 0.664006 0.187575
vt 0.516597 0.527800
vt 0.515518 0.463048
vt 0.516943 0.463031
vt 0.665468 0.186560
vt 0.663186 0.186410
vt 0.663873 0.185897
vt 0.664897 0.185857
vt 0.102045 0.379286
vt 0.667890 0.433306
vt 0.668680 0.432929
vt 0.668740 0.485370
vt 0.100971 0.379642
vt 0.101829 0.379347
vt 0.126465 0.426087
vt 0.485305 0.205202
vt 0.486274 0.207310
vt 0.485037 0.206281
vt 0.577845 0.496240
vt 0.575992 0.432572
vt 0.577707 0.432516
vt 0.576518 0.496327
vt 0.392136 0.653433
vt 0.393938 0.653148
vt 0.393366 0.654589
vt 0.486275 0.207313
vt 0.460565 0.249818
vt 0.393401 0.601384
vt 0.394301 0.601479
vt 0.563182 0.432444
vt 0.563987 0.497211
vt 0.562689 0.497250
vt 0.440705 0.007206
vt 0.442143 0.005793
vt 0.442841 0.006929
vt 0.585317 0.186549
vt 0.586542 0.186596
vt 0.441949 0.007943
vt 0.447909 0.162404
vt 0.448478 0.162751
vt 0.423641 0.208620
vt 0.466423 0.050464
vt 0.667590 0.112237
vt 0.666281 0.112272
vt 0.666020 0.061058
vt 0.667482 0.060043
vt 0.665200 0.059892
vt 0.665886 0.059379
vt 0.666911 0.059339
vt 0.421972 0.208635
vt 0.422830 0.208339
vt 0.447466 0.255079
vt 0.423046 0.208278
vt 0.667890 0.497894
vt 0.668680 0.497517
vt 0.668741 0.549958
vt 0.560433 0.403395
vt 0.559354 0.338643
vt 0.560780 0.338626
vt 0.664131 0.262124
vt 0.665032 0.262219
vt 0.664668 0.313888
vt 0.577845 0.572725
vt 0.576518 0.572812
vt 0.575992 0.509057
vt 0.577707 0.509001
vt 0.662866 0.314173
vt 0.664096 0.315329
vt 0.465465 0.049654
vt 0.466703 0.050685
vt 0.440993 0.093190
vt 0.465733 0.048574
vt 0.466702 0.050682
vt 0.574712 0.338621
vt 0.575517 0.403388
vt 0.574219 0.403427
vt 0.630581 0.647370
vt 0.629738 0.647334
vt 0.630216 0.638303
vt 0.128249 0.751798
vt 0.129207 0.751645
vt 0.128619 0.759433
vt 0.128768 0.758435
vt 0.129711 0.758689
vt 0.129623 0.759279
vt 0.392532 0.534257
vt 0.393585 0.534416
vt 0.393167 0.543550
vt 0.692863 0.131040
vt 0.694381 0.131147
vt 0.693960 0.131838
vt 0.629451 0.638362
vt 0.129631 0.759309
vt 0.128905 0.759477
vt 0.128269 0.759288
vt 0.128403 0.759394
vt 0.129662 0.759301
vt 0.128977 0.766857
vt 0.392972 0.543516
vt 0.391910 0.543696
vt 0.392208 0.534373
vt 0.630594 0.638353
vt 0.629709 0.638321
vt 0.629871 0.629245
vt 0.642599 0.799098
vt 0.643561 0.799258
vt 0.643181 0.807023
vt 0.590273 0.441557
vt 0.589419 0.441722
vt 0.590357 0.432563
vt 0.651066 0.316454
vt 0.650180 0.316421
vt 0.650381 0.307348
vt 0.285264 0.692210
vt 0.285093 0.693172
vt 0.283984 0.692535
vt 0.284495 0.692205
vt 0.284591 0.685357
vt 0.284468 0.692208
vt 0.642991 0.807045
vt 0.642731 0.806895
vt 0.642936 0.805911
vt 0.642607 0.806866
vt 0.643410 0.814220
vt 0.642607 0.814173
vt 0.238970 0.668598
vt 0.239660 0.675893
vt 0.239017 0.675955
vt 0.239653 0.668406
vt 0.590946 0.450803
vt 0.590069 0.450732
vt 0.590406 0.441561
vt 0.589397 0.441736
vt 0.598415 0.186116
vt 0.599325 0.186040
vt 0.598738 0.194997
vt 0.161674 0.656537
vt 0.160869 0.647484
vt 0.161687 0.647520
vt 0.160830 0.656502
vt 0.902367 0.628783
vt 0.903191 0.636241
vt 0.902265 0.636252
vt 0.903435 0.636185
vt 0.902173 0.636178
vt 0.902599 0.635299
vt 0.733456 0.692282
vt 0.734120 0.699309
vt 0.733324 0.699306
vt 0.707451 0.503785
vt 0.708048 0.503723
vt 0.708087 0.511157
vt 0.707424 0.511211
vt 0.734450 0.692831
vt 0.733719 0.693360
vt 0.732839 0.692623
vt 0.600428 0.059598
vt 0.601314 0.059557
vt 0.600992 0.068532
vt 0.681598 0.689839
vt 0.682336 0.696686
vt 0.681540 0.696683
vt 0.600130 0.068696
vt 0.161070 0.668593
vt 0.161753 0.668402
vt 0.161560 0.675935
vt 0.651559 0.249203
vt 0.650715 0.249167
vt 0.651479 0.240173
vt 0.746680 0.496629
vt 0.747638 0.496476
vt 0.747050 0.504264
vt 0.748062 0.504140
vt 0.005852 0.698107
vt 0.006950 0.698905
vt 0.005992 0.698668
vt 0.747199 0.503266
vt 0.748142 0.503520
vt 0.747975 0.504141
vt 0.587713 0.347682
vt 0.588767 0.347842
vt 0.588349 0.356977
vt 0.007457 0.698305
vt 0.954732 0.641569
vt 0.954003 0.641844
vt 0.953970 0.634418
vt 0.650429 0.240195
vt 0.746834 0.504225
vt 0.748093 0.504132
vt 0.747408 0.511688
vt 0.746741 0.504151
vt 0.603606 0.432599
vt 0.604212 0.441611
vt 0.602859 0.441701
vt 0.734592 0.502944
vt 0.733797 0.502940
vt 0.733111 0.503390
vt 0.826025 0.014054
vt 0.825553 0.014112
vt 0.824953 0.013766
vt 0.734419 0.503906
vt 0.733487 0.503861
vt 0.174018 0.668593
vt 0.174691 0.668409
vt 0.174357 0.675922
vt 0.466582 0.653088
vt 0.467298 0.660507
vt 0.466543 0.660346
vt 0.707061 0.751289
vt 0.708014 0.751132
vt 0.707426 0.758921
vt 0.708438 0.758796
vt 0.653885 0.401888
vt 0.653043 0.401858
vt 0.653805 0.392859
vt 0.667775 0.695985
vt 0.669380 0.696183
vt 0.668872 0.696784
vt 0.652755 0.392881
vt 0.653898 0.392872
vt 0.653012 0.392840
vt 0.653175 0.383764
vt 0.707575 0.757923
vt 0.708518 0.758176
vt 0.708351 0.758797
vt 0.284552 0.554430
vt 0.285605 0.554589
vt 0.285186 0.563724
vt 0.954732 0.603556
vt 0.954003 0.603831
vt 0.953970 0.596405
vt 0.707210 0.758882
vt 0.708469 0.758788
vt 0.707784 0.766344
vt 0.707117 0.758808
vt 0.720331 0.561728
vt 0.721025 0.561539
vt 0.720627 0.569061
vt 0.745778 0.067075
vt 0.744983 0.067242
vt 0.744379 0.066581
vt 0.517067 0.557938
vt 0.516190 0.557867
vt 0.516527 0.548696
vt 0.241241 0.805434
vt 0.240357 0.806006
vt 0.240830 0.805950
vt 0.515518 0.548871
vt 0.745682 0.066215
vt 0.655735 0.495674
vt 0.655414 0.486658
vt 0.656226 0.486695
vt 0.655340 0.486663
vt 0.655408 0.477579
vt 0.744913 0.066210
vt 0.226626 0.656541
vt 0.225782 0.656506
vt 0.226546 0.647512
vt 0.861139 0.885579
vt 0.862097 0.885421
vt 0.861549 0.893213
vt 0.225496 0.647534
vt 0.862560 0.893083
vt 0.188816 0.555607
vt 0.189869 0.555767
vt 0.189451 0.564901
vt 0.019204 0.698107
vt 0.020721 0.698215
vt 0.020301 0.698905
vt 0.954732 0.679582
vt 0.954003 0.679857
vt 0.953970 0.672431
vt 0.861693 0.892214
vt 0.862637 0.892463
vt 0.862552 0.893053
vt 0.848364 0.915017
vt 0.849226 0.914914
vt 0.848829 0.922434
vt 0.019343 0.698668
vt 0.861835 0.893256
vt 0.720353 0.432705
vt 0.721047 0.432517
vt 0.720709 0.440037
vt 0.436126 0.657564
vt 0.435805 0.648547
vt 0.436616 0.648584
vt 0.033764 0.697782
vt 0.033860 0.698642
vt 0.033066 0.698810
vt 0.032461 0.698148
vt 0.435730 0.648552
vt 0.435799 0.639469
vt 0.032995 0.697777
vt 0.601355 0.338743
vt 0.601884 0.347789
vt 0.600531 0.347878
vt 0.601970 0.356980
vt 0.601093 0.356909
vt 0.601429 0.347739
vt 0.826168 0.394647
vt 0.825284 0.395219
vt 0.825757 0.395163
vt 0.600421 0.347913
vt 0.954732 0.660575
vt 0.954003 0.660850
vt 0.953970 0.653424
vt 0.141455 0.751802
vt 0.142408 0.751645
vt 0.141820 0.759433
vt 0.142832 0.759309
vt 0.656213 0.570885
vt 0.655371 0.570855
vt 0.656133 0.561855
vt 0.655083 0.561877
vt 0.141604 0.759394
vt 0.142863 0.759301
vt 0.142178 0.766858
vt 0.590481 0.527249
vt 0.589419 0.527429
vt 0.589717 0.518106
vt 0.590041 0.517990
vt 0.591094 0.518149
vt 0.590677 0.527283
vt 0.188248 0.693712
vt 0.189853 0.693910
vt 0.189346 0.694510
vt 0.141969 0.758436
vt 0.142912 0.758689
vt 0.142745 0.759310
vt 0.226022 0.668598
vt 0.226705 0.668407
vt 0.226513 0.675939
vt 0.597908 0.262383
vt 0.598794 0.262342
vt 0.598472 0.271317
vt 0.597610 0.271481
vt 0.045906 0.698107
vt 0.046418 0.697777
vt 0.047187 0.697783
vt 0.597588 0.271495
vt 0.598597 0.271320
vt 0.598260 0.280491
vt 0.047016 0.698744
vt 0.046449 0.690936
vt 0.046391 0.697780
vt 0.175420 0.806002
vt 0.175160 0.805852
vt 0.175364 0.804869
vt 0.175036 0.805823
vt 0.175839 0.813177
vt 0.175036 0.813130
vt 0.599137 0.280562
vt 0.392434 0.666639
vt 0.393099 0.666440
vt 0.393047 0.673927
vt 0.746406 0.432756
vt 0.747344 0.432959
vt 0.746596 0.440571
vt 0.954732 0.584550
vt 0.953999 0.584828
vt 0.953970 0.577398
vt 0.604426 0.518141
vt 0.604212 0.527319
vt 0.602859 0.527408
vt 0.743764 0.192951
vt 0.743547 0.193797
vt 0.742765 0.192806
vt 0.747698 0.439887
vt 0.747062 0.440588
vt 0.746700 0.439571
vt 0.603069 0.518106
vt 0.826301 0.047231
vt 0.825746 0.047318
vt 0.826461 0.040278
vt 0.332552 0.894160
vt 0.332985 0.901561
vt 0.332590 0.901467
vt 0.584237 0.271495
vt 0.585246 0.271320
vt 0.584909 0.280491
vt 0.708227 0.696124
vt 0.708412 0.696824
vt 0.707247 0.696213
vt 0.720342 0.625661
vt 0.721031 0.632957
vt 0.720388 0.633018
vt 0.721025 0.625470
vt 0.825499 0.046359
vt 0.826281 0.046585
vt 0.826349 0.047155
vt 0.576683 0.638888
vt 0.575797 0.638856
vt 0.575998 0.629783
vt 0.707788 0.697189
vt 0.617230 0.648165
vt 0.616386 0.648129
vt 0.616865 0.639098
vt 0.667885 0.750821
vt 0.668843 0.750669
vt 0.668255 0.758457
vt 0.669267 0.758333
vt 0.616100 0.639157
vt 0.668404 0.757459
vt 0.669347 0.757713
vt 0.669180 0.758334
vt 0.587400 0.068479
vt 0.588453 0.068639
vt 0.588035 0.077773
vt 0.741890 0.269324
vt 0.743495 0.269522
vt 0.742988 0.270123
vt 0.667947 0.758344
vt 0.668039 0.758418
vt 0.669298 0.758325
vt 0.668613 0.765880
vt 0.587840 0.077738
vt 0.586778 0.077918
vt 0.587077 0.068595
vt 0.391888 0.543710
vt 0.392897 0.543535
vt 0.392560 0.552706
vt 0.694143 0.137724
vt 0.694239 0.138584
vt 0.693164 0.137813
vt 0.129260 0.766824
vt 0.128787 0.766879
vt 0.128137 0.766383
vt 0.129672 0.766307
vt 0.693499 0.138811
vt 0.129331 0.765818
vt 0.128669 0.765753
vt 0.128403 0.766701
vt 0.129206 0.774055
vt 0.128403 0.774007
vt 0.393437 0.552777
vt 0.630594 0.629274
vt 0.629709 0.629242
vt 0.629909 0.620169
vt 0.284361 0.699293
vt 0.285502 0.699652
vt 0.285081 0.700342
vt 0.643109 0.814256
vt 0.642383 0.813900
vt 0.642908 0.813221
vt 0.643827 0.814058
vt 0.643733 0.821347
vt 0.643186 0.821472
vt 0.643805 0.814097
vt 0.590041 0.450727
vt 0.591094 0.450886
vt 0.590677 0.460021
vt 0.643915 0.813468
vt 0.267919 0.892068
vt 0.268353 0.899469
vt 0.267957 0.899375
vt 0.734282 0.700051
vt 0.733476 0.700395
vt 0.733140 0.699397
vt 0.903156 0.642681
vt 0.903415 0.643315
vt 0.902494 0.642613
vt 0.599643 0.213516
vt 0.598766 0.213446
vt 0.599103 0.204275
vt 0.598094 0.204450
vt 0.161687 0.638441
vt 0.160801 0.638409
vt 0.161002 0.629336
vt 0.601657 0.077777
vt 0.600780 0.077706
vt 0.601116 0.068536
vt 0.669284 0.632891
vt 0.668503 0.633655
vt 0.668976 0.633599
vt 0.600108 0.068710
vt 0.682165 0.697648
vt 0.681356 0.696774
vt 0.668484 0.639824
vt 0.669427 0.640077
vt 0.669339 0.640667
vt 0.668621 0.640866
vt 0.667985 0.640676
vt 0.174382 0.638441
vt 0.173497 0.638409
vt 0.173571 0.629325
vt 0.681055 0.704020
vt 0.682153 0.704818
vt 0.681195 0.704581
vt 0.174382 0.629362
vt 0.174382 0.647520
vt 0.173497 0.647488
vt 0.173697 0.638415
vt 0.668119 0.633476
vt 0.668921 0.640830
vt 0.668119 0.640783
vt 0.669378 0.640689
vt 0.668693 0.648246
vt 0.667852 0.633158
vt 0.651572 0.240186
vt 0.650686 0.240154
vt 0.650849 0.231078
vt 0.007229 0.705652
vt 0.006489 0.705878
vt 0.006153 0.704881
vt 0.651572 0.231107
vt 0.650686 0.231075
vt 0.650887 0.222002
vt 0.007133 0.704792
vt 0.747691 0.511655
vt 0.747218 0.511710
vt 0.746568 0.511214
vt 0.746834 0.511532
vt 0.747636 0.518886
vt 0.746834 0.518838
vt 0.588153 0.356942
vt 0.587091 0.357121
vt 0.587390 0.347798
vt 0.826330 0.013345
vt 0.733291 0.510275
vt 0.734565 0.510083
vt 0.734941 0.510553
vt 0.826425 0.021121
vt 0.825708 0.021323
vt 0.825566 0.020281
vt 0.826369 0.028410
vt 0.825822 0.028539
vt 0.826403 0.021160
vt 0.825071 0.021136
vt 0.604298 0.450803
vt 0.603421 0.450732
vt 0.602714 0.441742
vt 0.603393 0.450727
vt 0.604446 0.450886
vt 0.604028 0.460020
vt 0.734385 0.511076
vt 0.826510 0.020530
vt 0.547073 0.915517
vt 0.547935 0.915414
vt 0.547535 0.922934
vt 0.652991 0.113553
vt 0.653217 0.104513
vt 0.653585 0.104590
vt 0.669151 0.703530
vt 0.668411 0.703757
vt 0.668076 0.702759
vt 0.708138 0.765305
vt 0.708478 0.765794
vt 0.707476 0.765241
vt 0.285457 0.572950
vt 0.284580 0.572879
vt 0.284916 0.563708
vt 0.284991 0.563689
vt 0.283930 0.563869
vt 0.284228 0.554546
vt 0.707594 0.766367
vt 0.708067 0.766311
vt 0.283908 0.563883
vt 0.669055 0.702671
vt 0.656226 0.477616
vt 0.516162 0.557862
vt 0.517215 0.558021
vt 0.516798 0.567155
vt 0.744402 0.073549
vt 0.746006 0.073747
vt 0.745499 0.074347
vt 0.240338 0.812175
vt 0.241281 0.812429
vt 0.241114 0.813050
vt 0.861199 0.893069
vt 0.019820 0.697766
vt 0.020484 0.704792
vt 0.019688 0.704789
vt 0.681319 0.751285
vt 0.681714 0.758687
vt 0.681319 0.758591
vt 0.020646 0.705535
vt 0.019840 0.705878
vt 0.019505 0.704881
vt 0.226639 0.638446
vt 0.225753 0.638414
vt 0.225954 0.629341
vt 0.862294 0.899593
vt 0.862559 0.900225
vt 0.861632 0.899533
vt 0.188172 0.565060
vt 0.189181 0.564885
vt 0.188844 0.574056
vt 0.436616 0.639505
vt 0.919273 0.711948
vt 0.920135 0.711844
vt 0.919735 0.719365
vt 0.032484 0.705117
vt 0.033581 0.705915
vt 0.032623 0.705678
vt 0.825265 0.401388
vt 0.826208 0.401642
vt 0.826041 0.402263
vt 0.601065 0.356904
vt 0.602118 0.357064
vt 0.601699 0.366198
vt 0.034089 0.705314
vt 0.824807 0.402273
vt 0.435974 0.639484
vt 0.435805 0.630389
vt 0.436616 0.630426
vt 0.189624 0.701257
vt 0.188591 0.701358
vt 0.188248 0.700722
vt 0.656226 0.561868
vt 0.655415 0.552752
vt 0.656226 0.552789
vt 0.655340 0.552757
vt 0.655541 0.543684
vt 0.189529 0.700397
vt 0.188760 0.700391
vt 0.655340 0.561836
vt 0.142461 0.766824
vt 0.141728 0.766730
vt 0.142194 0.765777
vt 0.142872 0.766307
vt 0.141988 0.766880
vt 0.141511 0.759320
vt 0.141335 0.758775
vt 0.141604 0.766701
vt 0.142406 0.774055
vt 0.141604 0.774008
vt 0.239335 0.647525
vt 0.238449 0.647493
vt 0.238650 0.638420
vt 0.045906 0.705117
vt 0.047511 0.705314
vt 0.047004 0.705915
vt 0.176177 0.813045
vt 0.174943 0.813056
vt 0.175401 0.812171
vt 0.176162 0.820303
vt 0.175615 0.820429
vt 0.176234 0.813053
vt 0.598232 0.280486
vt 0.599285 0.280645
vt 0.598868 0.289779
vt 0.176344 0.812424
vt 0.925816 0.655395
vt 0.926678 0.655292
vt 0.926278 0.662812
vt 0.746175 0.440250
vt 0.656226 0.637041
vt 0.655340 0.637009
vt 0.655415 0.627925
vt 0.656226 0.627962
vt 0.743765 0.200602
vt 0.743025 0.200828
vt 0.742689 0.199831
vt 0.747327 0.446947
vt 0.747667 0.447436
vt 0.746665 0.446882
vt 0.747256 0.447952
vt 0.746783 0.448008
vt 0.746133 0.447512
vt 0.746399 0.447830
vt 0.747202 0.455184
vt 0.746399 0.455136
vt 0.602749 0.527443
vt 0.603757 0.527268
vt 0.603421 0.536439
vt 0.743669 0.199742
vt 0.585786 0.280562
vt 0.333730 0.901376
vt 0.332497 0.901394
vt 0.332950 0.900506
vt 0.919819 0.779650
vt 0.920681 0.779547
vt 0.920281 0.787067
vt 0.333894 0.900755
vt 0.584881 0.280486
vt 0.585934 0.280645
vt 0.585516 0.289779
vt 0.706946 0.703459
vt 0.708551 0.703656
vt 0.708043 0.704257
vt 0.617243 0.639148
vt 0.616357 0.639116
vt 0.616520 0.630040
vt 0.743267 0.276869
vt 0.742527 0.277096
vt 0.742191 0.276098
vt 0.617243 0.630069
vt 0.616357 0.630037
vt 0.616558 0.620964
vt 0.743171 0.276009
vt 0.668896 0.765847
vt 0.668423 0.765903
vt 0.667773 0.765407
vt 0.668039 0.765725
vt 0.668841 0.773079
vt 0.668039 0.773031
vt 0.668967 0.764842
vt 0.669307 0.765331
vt 0.668305 0.764777
vt 0.588305 0.086999
vt 0.587428 0.086928
vt 0.587765 0.077757
vt 0.586756 0.077932
vt 0.920137 0.467284
vt 0.920999 0.467181
vt 0.920601 0.474701
vt 0.128704 0.773056
vt 0.129711 0.773302
vt 0.129544 0.773923
vt 0.392532 0.552701
vt 0.393585 0.552860
vt 0.393167 0.561994
vt 0.692939 0.144923
vt 0.694468 0.145256
vt 0.693960 0.145857
vt 0.283961 0.706595
vt 0.284495 0.706224
vt 0.285264 0.706229
vt 0.589397 0.460180
vt 0.590406 0.460005
vt 0.590069 0.469176
vt 0.285450 0.706929
vt 0.284566 0.707256
vt 0.590946 0.469247
vt 0.651066 0.298295
vt 0.650180 0.298263
vt 0.650248 0.289180
vt 0.651066 0.289216
vt 0.795774 0.906810
vt 0.796636 0.906707
vt 0.796236 0.914227
vt 0.650424 0.307354
vt 0.650254 0.298258
vt 0.732839 0.706643
vt 0.734444 0.706840
vt 0.733937 0.707441
vt 0.598738 0.213441
vt 0.599791 0.213600
vt 0.599373 0.222734
vt 0.268317 0.898414
vt 0.269261 0.898663
vt 0.269098 0.899284
vt 0.034982 0.915843
vt 0.035844 0.915739
vt 0.035444 0.923260
vt 0.267864 0.899302
vt 0.161045 0.629341
vt 0.160875 0.620246
vt 0.161687 0.620283
vt 0.600752 0.077701
vt 0.601805 0.077861
vt 0.601387 0.086996
vt 0.682707 0.704293
vt 0.682431 0.711564
vt 0.681637 0.711732
vt 0.681032 0.711071
vt 0.173497 0.629330
vt 0.173565 0.620247
vt 0.682336 0.710705
vt 0.681567 0.710699
vt 0.682329 0.703824
vt 0.601191 0.086961
vt 0.600130 0.087140
vt 0.600428 0.077817
vt 0.600108 0.087154
vt 0.601117 0.086980
vt 0.600780 0.096150
vt 0.669387 0.647695
vt 0.668503 0.648268
vt 0.668976 0.648212
vt 0.601657 0.096221
vt 0.174382 0.620283
vt 0.747762 0.510649
vt 0.748102 0.511138
vt 0.747100 0.510584
vt 0.588619 0.366202
vt 0.587741 0.366131
vt 0.588078 0.356961
vt 0.747199 0.517880
vt 0.748142 0.518133
vt 0.747975 0.518754
vt 0.587713 0.366126
vt 0.588767 0.366286
vt 0.588349 0.375421
vt 0.005852 0.712126
vt 0.007457 0.712324
vt 0.006950 0.712924
vt 0.587069 0.357135
vt 0.748093 0.518745
vt 0.747408 0.526302
vt 0.746741 0.518764
vt 0.588153 0.375386
vt 0.587091 0.375565
vt 0.587390 0.366242
vt 0.653585 0.095511
vt 0.652699 0.095479
vt 0.652767 0.086396
vt 0.734551 0.516963
vt 0.734734 0.517664
vt 0.733246 0.517325
vt 0.733782 0.516955
vt 0.652943 0.104569
vt 0.652773 0.095474
vt 0.733849 0.517989
vt 0.653585 0.086432
vt 0.706944 0.765870
vt 0.653898 0.383793
vt 0.653012 0.383761
vt 0.653213 0.374688
vt 0.707210 0.766188
vt 0.708012 0.773542
vt 0.707210 0.773495
vt 0.708351 0.773410
vt 0.707117 0.773421
vt 0.707575 0.772536
vt 0.502357 0.907913
vt 0.503219 0.907809
vt 0.502819 0.915330
vt 0.667775 0.710005
vt 0.668872 0.710803
vt 0.667914 0.710566
vt 0.708518 0.772789
vt 0.284552 0.572874
vt 0.285605 0.573033
vt 0.285187 0.582168
vt 0.669380 0.710202
vt 0.680979 0.900822
vt 0.681841 0.900718
vt 0.681441 0.908239
vt 0.239880 0.813060
vt 0.241099 0.820308
vt 0.240552 0.820433
vt 0.241171 0.813058
vt 0.655584 0.477595
vt 0.655415 0.468499
vt 0.656226 0.468537
vt 0.745868 0.080934
vt 0.744983 0.081261
vt 0.744379 0.080600
vt 0.655340 0.468504
vt 0.655408 0.459421
vt 0.745682 0.080234
vt 0.744913 0.080229
vt 0.517067 0.576382
vt 0.516190 0.576311
vt 0.516527 0.567140
vt 0.515518 0.567315
vt 0.189721 0.574127
vt 0.019204 0.712125
vt 0.020301 0.712924
vt 0.019343 0.712687
vt 0.681684 0.757633
vt 0.682627 0.757886
vt 0.682460 0.758507
vt 0.188816 0.574051
vt 0.189869 0.574211
vt 0.189451 0.583345
vt 0.020808 0.712324
vt 0.226639 0.629367
vt 0.225753 0.629335
vt 0.225828 0.620250
vt 0.033950 0.712501
vt 0.033066 0.712829
vt 0.032461 0.712167
vt 0.435730 0.630394
vt 0.435799 0.621311
vt 0.033764 0.711801
vt 0.032995 0.711796
vt 0.826026 0.409521
vt 0.825479 0.409646
vt 0.826098 0.402271
vt 0.601970 0.375424
vt 0.601093 0.375353
vt 0.601506 0.366189
vt 0.600421 0.366357
vt 0.436616 0.621347
vt 0.589397 0.527443
vt 0.590406 0.527268
vt 0.590069 0.536439
vt 0.142106 0.774091
vt 0.141471 0.773901
vt 0.141969 0.773049
vt 0.188248 0.707731
vt 0.189766 0.707839
vt 0.189346 0.708529
vt 0.590946 0.536510
vt 0.045883 0.712167
vt 0.046418 0.711796
vt 0.047187 0.711801
vt 0.597588 0.289939
vt 0.598597 0.289764
vt 0.598260 0.298935
vt 0.047373 0.712501
vt 0.046488 0.712829
vt 0.238693 0.638425
vt 0.238523 0.629330
vt 0.239335 0.629367
vt 0.238449 0.629335
vt 0.238517 0.620252
vt 0.655340 0.627930
vt 0.655541 0.618856
vt 0.604298 0.536510
vt 0.742388 0.207076
vt 0.743486 0.207874
vt 0.742528 0.207637
vt 0.746764 0.454177
vt 0.747707 0.454431
vt 0.747619 0.455021
vt 0.603393 0.536434
vt 0.604446 0.536593
vt 0.604028 0.545728
vt 0.743906 0.207184
vt 0.746901 0.455220
vt 0.746266 0.455029
vt 0.656226 0.618883
vt 0.655340 0.618850
vt 0.655415 0.609766
vt 0.656226 0.609803
vt 0.333753 0.908635
vt 0.333206 0.908763
vt 0.333787 0.901384
vt 0.706923 0.710509
vt 0.707457 0.710138
vt 0.708227 0.710143
vt 0.584237 0.289939
vt 0.585246 0.289764
vt 0.584909 0.298935
vt 0.708412 0.710843
vt 0.576041 0.629788
vt 0.575872 0.620693
vt 0.576683 0.620730
vt 0.707528 0.711170
vt 0.575797 0.620698
vt 0.575865 0.611615
vt 0.669180 0.772947
vt 0.667947 0.772957
vt 0.668404 0.772072
vt 0.669165 0.780205
vt 0.668618 0.780331
vt 0.669237 0.772955
vt 0.587400 0.086923
vt 0.588453 0.087083
vt 0.588035 0.096217
vt 0.741890 0.283343
vt 0.743495 0.283541
vt 0.742988 0.284141
vt 0.669347 0.772326
vt 0.742030 0.283904
vt 0.128310 0.773934
vt 0.108068 0.670058
vt 0.108711 0.677651
vt 0.107944 0.677489
vt 0.694305 0.152486
vt 0.693262 0.152744
vt 0.692663 0.152194
vt 0.393437 0.571221
vt 0.392560 0.571150
vt 0.391853 0.562160
vt 0.129529 0.781181
vt 0.128982 0.781307
vt 0.129601 0.773931
vt 0.694143 0.151743
vt 0.693348 0.151741
vt 0.128798 0.774103
vt 0.128787 0.781493
vt 0.630000 0.611000
vt 0.630226 0.601960
vt 0.630594 0.602037
vt 0.284361 0.713312
vt 0.285502 0.713671
vt 0.285081 0.714361
vt 0.650180 0.289184
vt 0.650254 0.280100
vt 0.590481 0.478430
vt 0.589419 0.478610
vt 0.589718 0.469287
vt 0.787956 0.013166
vt 0.787230 0.012810
vt 0.787755 0.012131
vt 0.787454 0.013083
vt 0.788713 0.012990
vt 0.788028 0.020545
vt 0.788674 0.012968
vt 0.788762 0.012377
vt 0.590041 0.469171
vt 0.591094 0.469330
vt 0.590676 0.478464
vt 0.734120 0.713328
vt 0.734282 0.714070
vt 0.732839 0.713652
vt 0.733182 0.714289
vt 0.160801 0.620251
vt 0.160869 0.611168
vt 0.733351 0.713322
vt 0.598094 0.222894
vt 0.599103 0.222719
vt 0.598766 0.231890
vt 0.269121 0.906543
vt 0.268574 0.906671
vt 0.269155 0.899292
vt 0.681055 0.718038
vt 0.682660 0.718236
vt 0.682153 0.718837
vt 0.173497 0.620251
vt 0.173659 0.611175
vt 0.600752 0.096145
vt 0.601805 0.096305
vt 0.601386 0.105439
vt 0.668484 0.654437
vt 0.669427 0.654691
vt 0.669260 0.655312
vt 0.668119 0.655396
vt 0.669378 0.655303
vt 0.668693 0.662858
vt 0.668027 0.655322
vt 0.601191 0.105405
vt 0.600130 0.105584
vt 0.600428 0.096261
vt 0.651572 0.222028
vt 0.650686 0.221996
vt 0.650761 0.212912
vt 0.007229 0.719671
vt 0.006251 0.719832
vt 0.006112 0.718918
vt 0.651572 0.212949
vt 0.650687 0.212917
vt 0.650754 0.203834
vt 0.007133 0.718811
vt 0.602749 0.460180
vt 0.603758 0.460005
vt 0.603421 0.469176
vt 0.733248 0.524294
vt 0.734900 0.524572
vt 0.734344 0.525095
vt 0.734523 0.524102
vt 0.652699 0.086400
vt 0.652862 0.077324
vt 0.603393 0.469171
vt 0.604446 0.469330
vt 0.604028 0.478465
vt 0.745427 0.758480
vt 0.746370 0.758733
vt 0.746282 0.759323
vt 0.745564 0.759522
vt 0.604298 0.469247
vt 0.744928 0.759333
vt 0.669217 0.717432
vt 0.668411 0.717776
vt 0.668076 0.716778
vt 0.653256 0.374693
vt 0.653087 0.365598
vt 0.653898 0.365635
vt 0.653012 0.365603
vt 0.653080 0.356520
vt 0.669055 0.716690
vt 0.708336 0.780668
vt 0.707789 0.780794
vt 0.708408 0.773418
vt 0.708138 0.779918
vt 0.708400 0.780550
vt 0.707476 0.779854
vt 0.285457 0.591394
vt 0.284580 0.591323
vt 0.284916 0.582152
vt 0.283908 0.582327
vt 0.055284 0.759771
vt 0.054648 0.759582
vt 0.055147 0.758729
vt 0.054782 0.759688
vt 0.056041 0.759595
vt 0.055356 0.767151
vt 0.056002 0.759573
vt 0.744402 0.087569
vt 0.745676 0.087373
vt 0.746053 0.087842
vt 0.516602 0.585565
vt 0.515540 0.585745
vt 0.515838 0.576422
vt 0.516162 0.576306
vt 0.517215 0.576465
vt 0.516797 0.585599
vt 0.745499 0.088366
vt 0.056090 0.758983
vt 0.656226 0.459458
vt 0.681226 0.758518
vt 0.682578 0.758498
vt 0.681893 0.766055
vt 0.189256 0.583310
vt 0.188194 0.583490
vt 0.188492 0.574167
vt 0.188172 0.583504
vt 0.189181 0.583329
vt 0.188844 0.592500
vt 0.020484 0.718811
vt 0.020580 0.719671
vt 0.019464 0.718918
vt 0.682176 0.766021
vt 0.681703 0.766077
vt 0.681039 0.765549
vt 0.682588 0.765504
vt 0.019602 0.719832
vt 0.226639 0.620288
vt 0.225753 0.620256
vt 0.225821 0.611172
vt 0.788291 0.394105
vt 0.787058 0.394115
vt 0.787452 0.393238
vt 0.787151 0.394189
vt 0.788409 0.394096
vt 0.787725 0.401652
vt 0.601504 0.384608
vt 0.600443 0.384787
vt 0.600741 0.375464
vt 0.032560 0.719000
vt 0.034089 0.719333
vt 0.033581 0.719934
vt 0.435731 0.621315
vt 0.435805 0.612231
vt 0.788458 0.393484
vt 0.601065 0.375348
vt 0.602118 0.375508
vt 0.601699 0.384642
vt 0.436616 0.612268
vt 0.189691 0.715159
vt 0.188591 0.715377
vt 0.188248 0.714741
vt 0.590041 0.536434
vt 0.591094 0.536593
vt 0.590677 0.545727
vt 0.188760 0.714411
vt 0.189529 0.714416
vt 0.142730 0.781181
vt 0.142183 0.781307
vt 0.142802 0.773931
vt 0.589397 0.545887
vt 0.590406 0.545712
vt 0.590069 0.554883
vt 0.142824 0.773892
vt 0.142912 0.773302
vt 0.918678 0.739087
vt 0.919539 0.738983
vt 0.919140 0.746504
vt 0.655584 0.543689
vt 0.655415 0.534594
vt 0.656226 0.534631
vt 0.239335 0.620288
vt 0.790262 0.227783
vt 0.791520 0.227689
vt 0.790836 0.235245
vt 0.790763 0.227866
vt 0.790128 0.227676
vt 0.790627 0.226824
vt 0.598232 0.298930
vt 0.599285 0.299089
vt 0.598868 0.308223
vt 0.045906 0.719136
vt 0.047558 0.719409
vt 0.047004 0.719934
vt 0.047180 0.718940
vt 0.791569 0.227077
vt 0.791481 0.227667
vt 0.599137 0.299006
vt 0.238449 0.620256
vt 0.238611 0.611179
vt 0.046046 0.719697
vt 0.747658 0.455043
vt 0.746973 0.462599
vt 0.603832 0.545693
vt 0.602771 0.545873
vt 0.603069 0.536550
vt 0.743005 0.213745
vt 0.743669 0.213761
vt 0.743595 0.220841
vt 0.602749 0.545887
vt 0.603758 0.545712
vt 0.603421 0.554883
vt 0.743765 0.214621
vt 0.742689 0.213850
vt 0.747256 0.462566
vt 0.746783 0.462621
vt 0.746133 0.462125
vt 0.747667 0.462049
vt 0.743025 0.214847
vt 0.747327 0.461560
vt 0.746665 0.461495
vt 0.604298 0.554954
vt 0.655517 0.609774
vt 0.655408 0.600688
vt 0.656226 0.600724
vt 0.576683 0.611651
vt 0.253970 0.899459
vt 0.253243 0.899106
vt 0.253763 0.898425
vt 0.254687 0.899257
vt 0.254631 0.906546
vt 0.254084 0.906674
vt 0.254665 0.899296
vt 0.585786 0.299006
vt 0.584881 0.298930
vt 0.585934 0.299089
vt 0.585516 0.308223
vt 0.707323 0.717226
vt 0.708464 0.717585
vt 0.708043 0.718276
vt 0.254772 0.898666
vt 0.927293 0.908269
vt 0.928155 0.908166
vt 0.927755 0.915686
vt 0.616601 0.620969
vt 0.616432 0.611874
vt 0.617243 0.611911
vt 0.586756 0.096376
vt 0.587765 0.096201
vt 0.587428 0.105372
vt 0.743171 0.290028
vt 0.743333 0.290771
vt 0.742150 0.290135
vt 0.742289 0.291049
vt 0.906323 0.746371
vt 0.905687 0.746184
vt 0.906181 0.745329
vt 0.693479 0.158736
vt 0.694143 0.165762
vt 0.693347 0.165760
vt 0.907041 0.746168
vt 0.575996 0.697109
vt 0.576858 0.697002
vt 0.576501 0.704524
vt 0.692863 0.159077
vt 0.693960 0.159875
vt 0.693002 0.159638
vt 0.907125 0.745578
vt 0.392532 0.571145
vt 0.393585 0.571304
vt 0.393167 0.580438
vt 0.694381 0.159185
vt 0.590946 0.487691
vt 0.590069 0.487620
vt 0.590406 0.478449
vt 0.788619 0.019805
vt 0.787838 0.020568
vt 0.788311 0.020512
vt 0.589397 0.478624
vt 0.285264 0.720248
vt 0.285093 0.721210
vt 0.284285 0.720337
vt 0.787188 0.020071
vt 0.651066 0.280137
vt 0.650180 0.280105
vt 0.650381 0.271032
vt 0.161687 0.611204
vt 0.599643 0.231960
vt 0.707345 0.533567
vt 0.708206 0.533459
vt 0.707849 0.540982
vt 0.732839 0.720662
vt 0.733937 0.721460
vt 0.732979 0.721223
vt 0.906776 0.691769
vt 0.907720 0.692018
vt 0.907557 0.692639
vt 0.598738 0.231885
vt 0.599791 0.232044
vt 0.599373 0.241178
vt 0.734444 0.720859
vt 0.601657 0.114665
vt 0.600780 0.114594
vt 0.601116 0.105424
vt 0.669284 0.662118
vt 0.668503 0.662881
vt 0.668976 0.662825
vt 0.600108 0.105598
vt 0.682336 0.724724
vt 0.682165 0.725685
vt 0.681315 0.724831
vt 0.174382 0.611204
vt 0.173497 0.611172
vt 0.173697 0.602099
vt 0.587069 0.375579
vt 0.588078 0.375405
vt 0.587741 0.384575
vt 0.748102 0.525751
vt 0.747218 0.526324
vt 0.747691 0.526268
vt 0.588619 0.384646
vt 0.746554 0.525796
vt 0.651572 0.203870
vt 0.005852 0.726144
vt 0.007370 0.726253
vt 0.006950 0.726943
vt 0.005992 0.726706
vt 0.747336 0.533535
vt 0.746701 0.533345
vt 0.747199 0.532493
vt 0.748054 0.533336
vt 0.006469 0.725804
vt 0.007133 0.732830
vt 0.006337 0.732827
vt 0.587713 0.384570
vt 0.588767 0.384730
vt 0.588349 0.393865
vt 0.748142 0.532746
vt 0.716048 0.299616
vt 0.716910 0.299508
vt 0.716553 0.307030
vt 0.745062 0.759439
vt 0.746321 0.759345
vt 0.745636 0.766901
vt 0.602749 0.478624
vt 0.603757 0.478449
vt 0.603421 0.487620
vt 0.734510 0.530982
vt 0.734336 0.531944
vt 0.733530 0.531068
vt 0.745919 0.766868
vt 0.745446 0.766924
vt 0.744795 0.766427
vt 0.746227 0.766160
vt 0.603832 0.478430
vt 0.602771 0.478610
vt 0.603069 0.469287
vt 0.604298 0.487691
vt 0.745062 0.766745
vt 0.745864 0.774099
vt 0.745062 0.774052
vt 0.653585 0.077353
vt 0.652699 0.077321
vt 0.652900 0.068247
vt 0.653898 0.356556
vt 0.718559 0.096831
vt 0.719421 0.096723
vt 0.719064 0.104245
vt 0.667775 0.724023
vt 0.668872 0.724822
vt 0.667914 0.724585
vt 0.107450 0.899504
vt 0.108394 0.899753
vt 0.108310 0.900344
vt 0.284552 0.591318
vt 0.285605 0.591477
vt 0.285186 0.600612
vt 0.669293 0.724131
vt 0.655340 0.459425
vt 0.655503 0.450349
vt 0.656226 0.450378
vt 0.655340 0.450346
vt 0.655541 0.441273
vt 0.745682 0.094253
vt 0.745511 0.095215
vt 0.744703 0.094342
vt 0.189721 0.592571
vt 0.226639 0.611209
vt 0.681821 0.773288
vt 0.681185 0.773098
vt 0.681684 0.772246
vt 0.682539 0.773089
vt 0.188816 0.592495
vt 0.189869 0.592655
vt 0.189451 0.601789
vt 0.019204 0.726144
vt 0.020721 0.726253
vt 0.020301 0.726943
vt 0.682627 0.772499
vt 0.019343 0.726706
vt 0.032461 0.726186
vt 0.032995 0.725815
vt 0.033764 0.725820
vt 0.033860 0.726680
vt 0.032924 0.726853
vt 0.601970 0.393868
vt 0.601093 0.393797
vt 0.601429 0.384627
vt 0.788419 0.401102
vt 0.787535 0.401674
vt 0.788007 0.401619
vt 0.600421 0.384801
vt 0.435731 0.612236
vt 0.435798 0.603153
vt 0.590946 0.554954
vt 0.655340 0.534599
vt 0.655408 0.525516
vt 0.656226 0.525552
vt 0.564591 0.899700
vt 0.563955 0.899513
vt 0.564449 0.898658
vt 0.188865 0.721409
vt 0.189529 0.728435
vt 0.188733 0.728432
vt 0.565308 0.899497
vt 0.590041 0.554878
vt 0.591094 0.555037
vt 0.590677 0.564171
vt 0.188248 0.721750
vt 0.189766 0.721858
vt 0.189346 0.722548
vt 0.565393 0.898907
vt 0.707345 0.469857
vt 0.708206 0.469749
vt 0.707849 0.477271
vt 0.188388 0.722311
vt 0.791118 0.235212
vt 0.790646 0.235268
vt 0.789995 0.234771
vt 0.790262 0.235089
vt 0.791064 0.242443
vt 0.790262 0.242396
vt 0.598672 0.308189
vt 0.597610 0.308369
vt 0.597908 0.299046
vt 0.392344 0.703771
vt 0.393206 0.703664
vt 0.392846 0.711186
vt 0.742388 0.221096
vt 0.743486 0.221893
vt 0.742528 0.221656
vt 0.746764 0.468791
vt 0.747707 0.469044
vt 0.747619 0.469634
vt 0.603393 0.554878
vt 0.604446 0.555037
vt 0.604028 0.564172
vt 0.743906 0.221203
vt 0.746901 0.469832
vt 0.746266 0.469643
vt 0.655584 0.600703
vt 0.655415 0.591608
vt 0.656226 0.591645
vt 0.708412 0.724862
vt 0.707788 0.725227
vt 0.707247 0.724251
vt 0.576041 0.611630
vt 0.575872 0.602535
vt 0.576683 0.602572
vt 0.575797 0.602540
vt 0.575998 0.593467
vt 0.708227 0.724162
vt 0.899355 0.033168
vt 0.899924 0.040559
vt 0.899527 0.040472
vt 0.584237 0.308383
vt 0.585246 0.308208
vt 0.584909 0.317379
vt 0.924131 0.386986
vt 0.924993 0.386883
vt 0.924593 0.394403
vt 0.588305 0.105443
vt 0.716546 0.223348
vt 0.717408 0.223241
vt 0.717051 0.230763
vt 0.741890 0.297363
vt 0.742988 0.298160
vt 0.742030 0.297923
vt 0.906776 0.718111
vt 0.907720 0.718360
vt 0.907636 0.718950
vt 0.587400 0.105367
vt 0.588453 0.105527
vt 0.588035 0.114661
vt 0.743408 0.297470
vt 0.906919 0.719153
vt 0.906282 0.718966
vt 0.742507 0.297021
vt 0.743171 0.304047
vt 0.742375 0.304045
vt 0.694329 0.166462
vt 0.693704 0.166827
vt 0.692863 0.166086
vt 0.906183 0.752640
vt 0.906916 0.752815
vt 0.907027 0.753379
vt 0.787454 0.020389
vt 0.788256 0.027744
vt 0.787454 0.027696
vt 0.787956 0.027779
vt 0.787321 0.027590
vt 0.787819 0.026737
vt 0.906323 0.692657
vt 0.734306 0.728046
vt 0.733682 0.728411
vt 0.733140 0.727435
vt 0.734120 0.727346
vt 0.733456 0.720320
vt 0.733324 0.727344
vt 0.906715 0.699088
vt 0.907512 0.699255
vt 0.907622 0.699819
vt 0.667839 0.662353
vt 0.668119 0.662702
vt 0.668921 0.670057
vt 0.668119 0.670009
vt 0.668621 0.670092
vt 0.667985 0.669903
vt 0.668484 0.669050
vt 0.669339 0.669894
vt 0.600428 0.114705
vt 0.601215 0.123646
vt 0.600405 0.123847
vt 0.600752 0.114589
vt 0.601804 0.114748
vt 0.681055 0.732057
vt 0.682573 0.732165
vt 0.682153 0.732856
vt 0.669427 0.669304
vt 0.007319 0.733530
vt 0.006695 0.733894
vt 0.006153 0.732919
vt 0.747100 0.539811
vt 0.747895 0.539981
vt 0.748003 0.540546
vt 0.588119 0.393852
vt 0.588576 0.403107
vt 0.587383 0.402959
vt 0.587069 0.394023
vt 0.462610 0.973103
vt 0.462610 0.980337
vt 0.462221 0.980220
vt 0.603393 0.487615
vt 0.604445 0.487774
vt 0.603856 0.496672
vt 0.733207 0.538312
vt 0.734726 0.538425
vt 0.734303 0.539114
vt 0.745427 0.773093
vt 0.746370 0.773346
vt 0.746282 0.773937
vt 0.745564 0.774135
vt 0.733345 0.538874
vt 0.107593 0.900546
vt 0.106956 0.900360
vt 0.668392 0.723682
vt 0.669055 0.730709
vt 0.668259 0.730706
vt 0.669241 0.731408
vt 0.668617 0.731773
vt 0.668076 0.730797
vt 0.653898 0.347477
vt 0.653012 0.347445
vt 0.653483 0.338604
vt 0.107389 0.906823
vt 0.108186 0.906990
vt 0.108296 0.907554
vt 0.284957 0.600600
vt 0.285414 0.609856
vt 0.284222 0.609707
vt 0.283908 0.600771
vt 0.517067 0.594826
vt 0.516190 0.594755
vt 0.516527 0.585584
vt 0.055947 0.766410
vt 0.055166 0.767173
vt 0.055639 0.767118
vt 0.515518 0.585759
vt 0.054515 0.766677
vt 0.054782 0.766995
vt 0.055584 0.774349
vt 0.054782 0.774301
vt 0.055284 0.774384
vt 0.054649 0.774195
vt 0.055147 0.773343
vt 0.516162 0.594750
vt 0.517215 0.594909
vt 0.516626 0.603807
vt 0.744402 0.101588
vt 0.745919 0.101695
vt 0.745499 0.102385
vt 0.056090 0.773596
vt 0.056002 0.774186
vt 0.515838 0.594866
vt 0.515815 0.604008
vt 0.744541 0.102148
vt 0.656226 0.432442
vt 0.718725 0.376034
vt 0.719586 0.375926
vt 0.719230 0.383448
vt 0.020670 0.733530
vt 0.020046 0.733894
vt 0.019505 0.732919
vt 0.020484 0.732830
vt 0.681585 0.779564
vt 0.682381 0.779734
vt 0.682488 0.780299
vt 0.019820 0.725804
vt 0.019688 0.732828
vt 0.188172 0.601948
vt 0.189222 0.601777
vt 0.188486 0.610884
vt 0.498434 0.973103
vt 0.498434 0.980337
vt 0.498045 0.980220
vt 0.189679 0.611032
vt 0.436616 0.603189
vt 0.787652 0.408886
vt 0.787017 0.408696
vt 0.787516 0.407844
vt 0.788370 0.408687
vt 0.600741 0.393908
vt 0.601528 0.402849
vt 0.600718 0.403050
vt 0.032484 0.733155
vt 0.033581 0.733953
vt 0.032623 0.733716
vt 0.788458 0.408097
vt 0.601065 0.393792
vt 0.602117 0.393951
vt 0.034002 0.733262
vt 0.189715 0.729135
vt 0.189091 0.729499
vt 0.188549 0.728524
vt 0.239335 0.611209
vt 0.238449 0.611176
vt 0.238650 0.602103
vt 0.047187 0.725820
vt 0.047016 0.726782
vt 0.046207 0.725909
vt 0.790763 0.242479
vt 0.790128 0.242290
vt 0.790627 0.241437
vt 0.045906 0.733155
vt 0.047424 0.733262
vt 0.047004 0.733953
vt 0.046046 0.733716
vt 0.597588 0.308383
vt 0.598597 0.308208
vt 0.598260 0.317379
vt 0.791427 0.234504
vt 0.599137 0.317450
vt 0.791569 0.241690
vt 0.791481 0.242280
vt 0.598232 0.317374
vt 0.599285 0.317533
vt 0.598696 0.326431
vt 0.747525 0.476923
vt 0.746978 0.477049
vt 0.747597 0.469673
vt 0.253766 0.905736
vt 0.254563 0.905903
vt 0.254674 0.906467
vt 0.900031 0.040544
vt 0.899391 0.040369
vt 0.899870 0.039505
vt 0.900744 0.040328
vt 0.584557 0.317490
vt 0.585345 0.326431
vt 0.584534 0.326632
vt 0.584881 0.317374
vt 0.585934 0.317533
vt 0.706946 0.731496
vt 0.708464 0.731604
vt 0.708043 0.732295
vt 0.900818 0.039736
vt 0.585786 0.317450
vt 0.743357 0.304747
vt 0.742733 0.305111
vt 0.742191 0.304136
vt 0.906715 0.725430
vt 0.907511 0.725597
vt 0.907622 0.726161
vt 0.617243 0.593753
vt 0.616357 0.593721
vt 0.616828 0.584880
vt 0.392938 0.580427
vt 0.393395 0.589682
vt 0.392202 0.589534
vt 0.391888 0.580598
vt 0.693374 0.165757
vt 0.630594 0.592958
vt 0.629709 0.592926
vt 0.630179 0.584085
vt 0.474552 0.973103
vt 0.474552 0.980337
vt 0.474163 0.980220
vt 0.788674 0.027581
vt 0.589718 0.487731
vt 0.590505 0.496672
vt 0.589695 0.496873
vt 0.788762 0.026991
vt 0.283984 0.727582
vt 0.285081 0.728380
vt 0.284123 0.728143
vt 0.651066 0.262201
vt 0.284637 0.734343
vt 0.285240 0.734937
vt 0.284665 0.735257
vt 0.590041 0.487615
vt 0.591094 0.487774
vt 0.285502 0.727690
vt 0.599144 0.241166
vt 0.599602 0.250422
vt 0.598408 0.250274
vt 0.598094 0.241338
vt 0.486493 0.973103
vt 0.486493 0.980337
vt 0.486104 0.980220
vt 0.681195 0.732619
vt 0.174382 0.593268
vt 0.681708 0.738818
vt 0.682312 0.739413
vt 0.681737 0.739733
vt 0.744928 0.773946
vt 0.603069 0.487731
vt 0.603046 0.496873
vt 0.653585 0.059416
vt 0.733841 0.545075
vt 0.734442 0.545671
vt 0.733866 0.545989
vt 0.450669 0.973103
vt 0.450669 0.980337
vt 0.450280 0.980220
vt 0.745055 0.108347
vt 0.745658 0.108942
vt 0.745083 0.109262
vt 0.436616 0.594332
vt 0.033137 0.739915
vt 0.033740 0.740510
vt 0.033165 0.740829
vt 0.589397 0.564331
vt 0.590447 0.564160
vt 0.589711 0.573267
vt 0.510376 0.973103
vt 0.510376 0.980337
vt 0.509987 0.980220
vt 0.590904 0.573416
vt 0.564388 0.905977
vt 0.565185 0.906144
vt 0.565295 0.906708
vt 0.597908 0.317490
vt 0.597885 0.326632
vt 0.239335 0.593272
vt 0.046560 0.739915
vt 0.047163 0.740510
vt 0.046588 0.740829
vt 0.743855 0.228480
vt 0.743231 0.228844
vt 0.742689 0.227869
vt 0.743669 0.227780
vt 0.522317 0.973103
vt 0.522317 0.980337
vt 0.521928 0.980220
vt 0.603798 0.564160
vt 0.604255 0.573416
vt 0.603063 0.573267
vt 0.602749 0.564331
vt 0.746665 0.476108
vt 0.747460 0.476280
vt 0.747568 0.476844
vt 0.707599 0.738257
vt 0.708202 0.738852
vt 0.707627 0.739171
vt 0.576683 0.584636
vt 0.586756 0.114820
vt 0.587806 0.114649
vt 0.587070 0.123756
vt 0.534258 0.973103
vt 0.534258 0.980337
vt 0.533869 0.980220
vt 0.588263 0.123904
vt 0.422907 0.614057
vt 0.422021 0.614088
vt 0.422097 0.605027
vt 0.422915 0.604992
vt 0.680162 0.338570
vt 0.680824 0.338639
vt 0.680445 0.345952
vt 0.720013 0.503290
vt 0.720731 0.503078
vt 0.721387 0.503455
vt 0.422401 0.622964
vt 0.422096 0.614093
vt 0.721211 0.504121
vt 0.611863 0.262334
vt 0.612404 0.271440
vt 0.611735 0.271508
vt 0.757579 0.931620
vt 0.757547 0.932165
vt 0.756207 0.932217
vt 0.954732 0.755657
vt 0.954002 0.755381
vt 0.954732 0.748287
vt 0.884417 0.885116
vt 0.885021 0.885040
vt 0.884632 0.892240
vt 0.624547 0.325561
vt 0.624298 0.316635
vt 0.625348 0.316659
vt 0.729903 0.270050
vt 0.729245 0.270207
vt 0.728739 0.269325
vt 0.625434 0.325489
vt 0.885647 0.892354
vt 0.730226 0.269561
vt 0.885546 0.899748
vt 0.884996 0.899629
vt 0.885617 0.892345
vt 0.729687 0.269073
vt 0.612092 0.195281
vt 0.613143 0.195119
vt 0.612726 0.204417
vt 0.884161 0.892900
vt 0.885389 0.892297
vt 0.885740 0.892970
vt 0.939708 0.908166
vt 0.940544 0.908383
vt 0.939708 0.915871
vt 0.486455 0.550371
vt 0.486997 0.559477
vt 0.486328 0.559545
vt 0.682359 0.569593
vt 0.627454 0.122769
vt 0.627149 0.113897
vt 0.627961 0.113861
vt 0.677485 0.262151
vt 0.678147 0.262220
vt 0.677768 0.269533
vt 0.668525 0.931208
vt 0.668492 0.931753
vt 0.667105 0.931509
vt 0.627075 0.113892
vt 0.627150 0.104831
vt 0.667665 0.930922
vt 0.681120 0.568801
vt 0.681875 0.568552
vt 0.682533 0.568926
vt 0.902194 0.432462
vt 0.902798 0.432389
vt 0.902365 0.439588
vt 0.903379 0.439708
vt 0.628266 0.401908
vt 0.627380 0.401980
vt 0.628181 0.393077
vt 0.627131 0.393053
vt 0.901817 0.440115
vt 0.903271 0.439675
vt 0.903468 0.440324
vt 0.902150 0.439628
vt 0.902543 0.439531
vt 0.902486 0.446794
vt 0.681049 0.131337
vt 0.680157 0.131927
vt 0.679548 0.131076
vt 0.005776 0.953845
vt 0.006613 0.954062
vt 0.005776 0.961550
vt 0.680536 0.130788
vt 0.046476 0.559863
vt 0.047528 0.559701
vt 0.047111 0.568999
vt 0.954732 0.831344
vt 0.954002 0.831068
vt 0.954732 0.823975
vt 0.643027 0.646139
vt 0.642709 0.637269
vt 0.643521 0.637231
vt 0.046573 0.626433
vt 0.047222 0.626503
vt 0.046843 0.633816
vt 0.931249 0.374122
vt 0.932109 0.374408
vt 0.930764 0.375041
vt 0.931863 0.375075
vt 0.642635 0.637263
vt 0.642693 0.628203
vt 0.930730 0.374541
vt 0.613459 0.068531
vt 0.614546 0.068700
vt 0.614133 0.077968
vt 0.732592 0.346596
vt 0.614380 0.059539
vt 0.614923 0.068655
vt 0.614254 0.068723
vt 0.615009 0.077895
vt 0.630594 0.572216
vt 0.629708 0.572288
vt 0.630509 0.563385
vt 0.954732 0.736735
vt 0.954003 0.736459
vt 0.954732 0.729365
vt 0.811246 0.887775
vt 0.811850 0.887699
vt 0.811461 0.894900
vt 0.812476 0.895014
vt 0.629459 0.563361
vt 0.810916 0.895430
vt 0.812368 0.894982
vt 0.812569 0.895629
vt 0.643028 0.570967
vt 0.642709 0.562096
vt 0.643521 0.562058
vt 0.680009 0.059366
vt 0.680658 0.059436
vt 0.680424 0.066738
vt 0.783811 0.931619
vt 0.783565 0.932286
vt 0.782466 0.932252
vt 0.782951 0.931333
vt 0.782432 0.931752
vt 0.406970 0.564974
vt 0.408057 0.565143
vt 0.407644 0.574411
vt 0.730413 0.193911
vt 0.642812 0.562088
vt 0.642693 0.553030
vt 0.643511 0.552993
vt 0.562492 0.637386
vt 0.561600 0.637458
vt 0.562316 0.628581
vt 0.188246 0.630617
vt 0.189624 0.630040
vt 0.189825 0.630688
vt 0.188888 0.630949
vt 0.188502 0.622833
vt 0.189106 0.622757
vt 0.188784 0.629945
vt 0.707727 0.131337
vt 0.706835 0.131927
vt 0.706266 0.131040
vt 0.189732 0.630072
vt 0.033125 0.559863
vt 0.034177 0.559701
vt 0.033759 0.568999
vt 0.707213 0.130788
vt 0.954732 0.774579
vt 0.954003 0.774303
vt 0.954732 0.767209
vt 0.941581 0.032816
vt 0.942417 0.033033
vt 0.941581 0.040522
vt 0.561840 0.628576
vt 0.561695 0.619513
vt 0.562507 0.619477
vt 0.032814 0.626433
vt 0.033464 0.626503
vt 0.033085 0.633816
vt 0.617020 0.432565
vt 0.617564 0.441681
vt 0.616895 0.441749
vt 0.637747 0.325553
vt 0.637445 0.316682
vt 0.638257 0.316646
vt 0.468016 0.930695
vt 0.467770 0.931362
vt 0.466671 0.931328
vt 0.516893 0.688506
vt 0.746367 0.628196
vt 0.746971 0.628120
vt 0.746582 0.635320
vt 0.747597 0.635434
vt 0.638756 0.249222
vt 0.637864 0.249295
vt 0.638670 0.240392
vt 0.637620 0.240368
vt 0.954732 0.793500
vt 0.954003 0.793224
vt 0.954732 0.786131
vt 0.732814 0.131040
vt 0.733762 0.130788
vt 0.734275 0.131337
vt 0.733383 0.131927
vt 0.638771 0.231314
vt 0.006699 0.550649
vt 0.007241 0.559754
vt 0.006572 0.559823
vt 0.732426 0.067393
vt 0.005776 0.559630
vt 0.006864 0.559799
vt 0.006450 0.569067
vt 0.454031 0.930409
vt 0.454890 0.930695
vt 0.453470 0.930996
vt 0.454859 0.931240
vt 0.731189 0.066597
vt 0.731946 0.066351
vt 0.732601 0.066727
vt 0.007327 0.568995
vt 0.625947 0.240379
vt 0.625061 0.240410
vt 0.625137 0.231349
vt 0.625955 0.231314
vt 0.677983 0.185884
vt 0.678645 0.185953
vt 0.678266 0.193266
vt 0.625441 0.249286
vt 0.625136 0.240415
vt 0.640769 0.122705
vt 0.639883 0.122777
vt 0.640684 0.113874
vt 0.639633 0.113850
vt 0.734423 0.568885
vt 0.733531 0.569476
vt 0.732922 0.568625
vt 0.667778 0.569295
vt 0.669230 0.568847
vt 0.669431 0.569494
vt 0.018165 0.953845
vt 0.019001 0.954061
vt 0.018165 0.961550
vt 0.733910 0.568336
vt 0.616746 0.518275
vt 0.617798 0.518112
vt 0.617380 0.527410
vt 0.954732 0.717813
vt 0.954003 0.717537
vt 0.954732 0.710443
vt 0.668108 0.561640
vt 0.668712 0.561564
vt 0.668323 0.568765
vt 0.669338 0.568879
vt 0.617185 0.527445
vt 0.616122 0.527265
vt 0.617057 0.518215
vt 0.643009 0.495791
vt 0.642709 0.486923
vt 0.643521 0.486885
vt 0.006507 0.626434
vt 0.007168 0.626503
vt 0.006789 0.633816
vt 0.203232 0.557912
vt 0.203789 0.567057
vt 0.202435 0.566969
vt 0.436847 0.677368
vt 0.437136 0.677102
vt 0.435865 0.677299
vt 0.642635 0.486917
vt 0.642693 0.477857
vt 0.643511 0.477820
vt 0.436638 0.676421
vt 0.630594 0.495731
vt 0.629708 0.495802
vt 0.630509 0.486900
vt 0.534050 0.887510
vt 0.534654 0.887434
vt 0.534265 0.894635
vt 0.533794 0.895294
vt 0.535022 0.894692
vt 0.535373 0.895364
vt 0.629459 0.486876
vt 0.535280 0.894749
vt 0.721027 0.131276
vt 0.720704 0.131765
vt 0.719540 0.131040
vt 0.535179 0.902143
vt 0.534629 0.902023
vt 0.535250 0.894740
vt 0.720046 0.131921
vt 0.720488 0.130788
vt 0.019774 0.559863
vt 0.020826 0.559701
vt 0.020408 0.568999
vt 0.954732 0.812422
vt 0.954003 0.812146
vt 0.954732 0.805053
vt 0.117275 0.953845
vt 0.118112 0.954061
vt 0.117275 0.961550
vt 0.640703 0.401970
vt 0.640381 0.393100
vt 0.641193 0.393062
vt 0.019858 0.626434
vt 0.020519 0.626503
vt 0.020140 0.633816
vt 0.071236 0.555994
vt 0.071778 0.565100
vt 0.071109 0.565168
vt 0.357412 0.931091
vt 0.357380 0.931635
vt 0.356039 0.931687
vt 0.732939 0.630628
vt 0.733657 0.630417
vt 0.734313 0.630793
vt 0.071864 0.574340
vt 0.070987 0.574413
vt 0.071401 0.565145
vt 0.070313 0.564976
vt 0.356553 0.930805
vt 0.734138 0.631459
vt 0.356034 0.931224
vt 0.640307 0.393095
vt 0.640365 0.384034
vt 0.756201 0.931754
vt 0.756720 0.931334
vt 0.610940 0.271316
vt 0.612027 0.271485
vt 0.611614 0.280753
vt 0.721497 0.510655
vt 0.720605 0.511245
vt 0.720036 0.510358
vt 0.611586 0.280758
vt 0.612637 0.280595
vt 0.612220 0.289893
vt 0.897499 0.825244
vt 0.898876 0.824667
vt 0.899077 0.825314
vt 0.720984 0.510106
vt 0.612490 0.280680
vt 0.831420 0.931397
vt 0.832257 0.931614
vt 0.831420 0.939102
vt 0.898141 0.825575
vt 0.898884 0.832093
vt 0.898334 0.831973
vt 0.898954 0.824690
vt 0.624799 0.316666
vt 0.624637 0.307617
vt 0.625449 0.307581
vt 0.485532 0.559353
vt 0.486620 0.559522
vt 0.486206 0.568790
vt 0.682693 0.576065
vt 0.682372 0.576556
vt 0.681205 0.575835
vt 0.602949 0.892136
vt 0.603705 0.891430
vt 0.604435 0.891591
vt 0.604334 0.898985
vt 0.603784 0.898865
vt 0.604405 0.891582
vt 0.681715 0.576714
vt 0.487083 0.568717
vt 0.030554 0.953845
vt 0.031390 0.954061
vt 0.030554 0.961550
vt 0.682152 0.575579
vt 0.627968 0.104796
vt 0.627326 0.104816
vt 0.627164 0.095767
vt 0.627976 0.095731
vt 0.604528 0.892206
vt 0.203227 0.641556
vt 0.203723 0.648862
vt 0.202958 0.649030
vt 0.903233 0.447101
vt 0.902683 0.446978
vt 0.903349 0.439699
vt 0.901893 0.447143
vt 0.901817 0.447766
vt 0.627687 0.384116
vt 0.627920 0.375011
vt 0.628289 0.374934
vt 0.643511 0.628166
vt 0.589397 0.931602
vt 0.590234 0.931819
vt 0.589397 0.939308
vt 0.795848 0.887460
vt 0.797427 0.887530
vt 0.796490 0.887791
vt 0.731416 0.352833
vt 0.732364 0.352581
vt 0.732903 0.353069
vt 0.614105 0.077973
vt 0.615157 0.077811
vt 0.614739 0.087109
vt 0.797334 0.886915
vt 0.796604 0.886755
vt 0.732580 0.353558
vt 0.731922 0.353714
vt 0.797233 0.894308
vt 0.796683 0.894189
vt 0.797304 0.886906
vt 0.732944 0.439602
vt 0.733931 0.439314
vt 0.734445 0.439863
vt 0.733553 0.440453
vt 0.629960 0.563392
vt 0.629797 0.554343
vt 0.630609 0.554307
vt 0.179219 0.953845
vt 0.180055 0.954062
vt 0.179219 0.961550
vt 0.614418 0.347967
vt 0.615470 0.347805
vt 0.615052 0.357103
vt 0.812375 0.902407
vt 0.811825 0.902288
vt 0.812446 0.895005
vt 0.613772 0.356943
vt 0.614859 0.357112
vt 0.614446 0.366380
vt 0.811626 0.902105
vt 0.812458 0.902553
vt 0.810973 0.902635
vt 0.811954 0.903214
vt 0.629723 0.554338
vt 0.629799 0.545277
vt 0.615322 0.366307
vt 0.408520 0.574338
vt 0.730401 0.200873
vt 0.729743 0.201030
vt 0.729237 0.200148
vt 0.746219 0.131366
vt 0.747480 0.131447
vt 0.746790 0.138550
vt 0.730724 0.200383
vt 0.745963 0.131984
vt 0.746719 0.131278
vt 0.747449 0.131439
vt 0.408055 0.583587
vt 0.406992 0.583407
vt 0.407291 0.574299
vt 0.978508 0.282125
vt 0.979085 0.282248
vt 0.979027 0.283573
vt 0.706754 0.137922
vt 0.707503 0.138132
vt 0.706205 0.138186
vt 0.034029 0.578204
vt 0.033153 0.578277
vt 0.033566 0.569009
vt 0.033564 0.569034
vt 0.032501 0.568854
vt 0.033436 0.559804
vt 0.707441 0.138983
vt 0.707730 0.138717
vt 0.032479 0.568840
vt 0.978325 0.283166
vt 0.561621 0.619508
vt 0.561697 0.610447
vt 0.617650 0.450921
vt 0.616774 0.450994
vt 0.617187 0.441726
vt 0.616100 0.441557
vt 0.467156 0.930409
vt 0.637371 0.316677
vt 0.637447 0.307616
vt 0.638265 0.307581
vt 0.938750 0.220476
vt 0.939586 0.220693
vt 0.938750 0.228181
vt 0.515717 0.694743
vt 0.516665 0.694491
vt 0.517204 0.694979
vt 0.616746 0.450999
vt 0.617798 0.450837
vt 0.617380 0.460134
vt 0.435547 0.888902
vt 0.437032 0.888357
vt 0.437126 0.888972
vt 0.466638 0.930828
vt 0.436303 0.888196
vt 0.516881 0.695468
vt 0.733326 0.139012
vt 0.733989 0.138983
vt 0.733913 0.146005
vt 0.499969 0.568756
vt 0.498905 0.568576
vt 0.499205 0.559469
vt 0.498883 0.568562
vt 0.499971 0.568731
vt 0.499558 0.577999
vt 0.978325 0.348578
vt 0.978508 0.347537
vt 0.979061 0.348984
vt 0.734278 0.138717
vt 0.732965 0.138897
vt 0.734051 0.138132
vt 0.979230 0.347859
vt 0.499530 0.559585
vt 0.500581 0.559423
vt 0.500164 0.568721
vt 0.746111 0.635979
vt 0.747489 0.635402
vt 0.747690 0.636050
vt 0.500434 0.577926
vt 0.732414 0.074355
vt 0.731756 0.074511
vt 0.731250 0.073630
vt 0.732737 0.073866
vt 0.894953 0.476488
vt 0.895709 0.475782
vt 0.896439 0.475943
vt 0.896338 0.483337
vt 0.895788 0.483217
vt 0.896409 0.475934
vt 0.896532 0.476558
vt 0.895595 0.476819
vt 0.978508 0.360619
vt 0.979252 0.361038
vt 0.979304 0.361951
vt 0.617650 0.536615
vt 0.616774 0.536688
vt 0.617187 0.527420
vt 0.734199 0.575681
vt 0.734138 0.576531
vt 0.734426 0.576266
vt 0.616100 0.527251
vt 0.978324 0.361660
vt 0.978854 0.362066
vt 0.640136 0.113881
vt 0.639972 0.104832
vt 0.640784 0.104796
vt 0.978325 0.531731
vt 0.978722 0.530710
vt 0.979027 0.532137
vt 0.436836 0.684330
vt 0.436178 0.684487
vt 0.435672 0.683605
vt 0.284238 0.636168
vt 0.285498 0.636249
vt 0.284808 0.643353
vt 0.437159 0.683840
vt 0.283982 0.636786
vt 0.284737 0.636081
vt 0.285467 0.636241
vt 0.203410 0.585546
vt 0.202347 0.585366
vt 0.202646 0.576258
vt 0.285560 0.636856
vt 0.642625 0.477852
vt 0.642690 0.468793
vt 0.284623 0.637117
vt 0.202325 0.566933
vt 0.203412 0.567102
vt 0.202999 0.576370
vt 0.203875 0.576297
vt 0.202971 0.576375
vt 0.204023 0.576213
vt 0.203605 0.585511
vt 0.436620 0.683352
vt 0.629960 0.486907
vt 0.629797 0.477858
vt 0.630609 0.477822
vt 0.535263 0.902289
vt 0.534758 0.902950
vt 0.533777 0.902371
vt 0.629723 0.477853
vt 0.629799 0.468792
vt 0.534430 0.901841
vt 0.641183 0.383997
vt 0.070959 0.574418
vt 0.072011 0.574255
vt 0.071594 0.583553
vt 0.897366 0.886594
vt 0.898852 0.886049
vt 0.898945 0.886664
vt 0.898122 0.885888
vt 0.732962 0.637696
vt 0.733910 0.637444
vt 0.734449 0.637932
vt 0.734126 0.638421
vt 0.884087 0.931922
vt 0.884924 0.932138
vt 0.884087 0.939627
vt 0.422273 0.605012
vt 0.422111 0.595963
vt 0.422923 0.595927
vt 0.422036 0.595958
vt 0.422245 0.586887
vt 0.720013 0.517469
vt 0.720731 0.517257
vt 0.721387 0.517635
vt 0.898944 0.832198
vt 0.898832 0.832733
vt 0.897499 0.832589
vt 0.611445 0.204258
vt 0.612533 0.204427
vt 0.612120 0.213695
vt 0.884797 0.899446
vt 0.885630 0.899894
vt 0.884144 0.899976
vt 0.067720 0.953845
vt 0.068557 0.954061
vt 0.067720 0.961550
vt 0.728739 0.283505
vt 0.729687 0.283252
vt 0.730200 0.283801
vt 0.729308 0.284392
vt 0.624638 0.298551
vt 0.625457 0.298516
vt 0.885125 0.900555
vt 0.624563 0.307612
vt 0.612996 0.213622
vt 0.612092 0.213700
vt 0.613143 0.213538
vt 0.612726 0.222835
vt 0.589471 0.885934
vt 0.590849 0.885358
vt 0.591050 0.886005
vt 0.486178 0.568795
vt 0.487230 0.568632
vt 0.486813 0.577930
vt 0.604394 0.899091
vt 0.604283 0.899625
vt 0.602945 0.899182
vt 0.681169 0.582981
vt 0.681924 0.582731
vt 0.682581 0.583106
vt 0.485532 0.577771
vt 0.486543 0.577946
vt 0.486206 0.587208
vt 0.603585 0.898683
vt 0.487083 0.587135
vt 0.627090 0.095762
vt 0.627298 0.086691
vt 0.903316 0.447248
vt 0.047381 0.578204
vt 0.046504 0.578277
vt 0.045821 0.568839
vt 0.902788 0.447890
vt 0.679548 0.145256
vt 0.680536 0.144967
vt 0.681049 0.145516
vt 0.046476 0.578282
vt 0.047528 0.578119
vt 0.047111 0.587417
vt 0.502504 0.120289
vt 0.503955 0.119841
vt 0.504156 0.120488
vt 0.939708 0.927424
vt 0.940544 0.927640
vt 0.939708 0.935129
vt 0.797294 0.894414
vt 0.797182 0.894948
vt 0.795844 0.894505
vt 0.731355 0.359979
vt 0.732111 0.359733
vt 0.732767 0.360110
vt 0.796484 0.894006
vt 0.615009 0.096314
vt 0.614133 0.096386
vt 0.614469 0.087125
vt 0.613459 0.086949
vt 0.642869 0.628187
vt 0.642690 0.619138
vt 0.643502 0.619101
vt 0.630617 0.545242
vt 0.191608 0.953845
vt 0.192444 0.954061
vt 0.191608 0.961550
vt 0.732984 0.453746
vt 0.733931 0.453493
vt 0.734445 0.454043
vt 0.614418 0.366385
vt 0.615470 0.366223
vt 0.615052 0.375521
vt 0.373171 0.890624
vt 0.374549 0.890047
vt 0.374750 0.890695
vt 0.730185 0.199895
vt 0.642625 0.553026
vt 0.642690 0.543966
vt 0.643502 0.543928
vt 0.747542 0.132054
vt 0.408520 0.592757
vt 0.407644 0.592830
vt 0.407980 0.583568
vt 0.730204 0.207144
vt 0.730413 0.208090
vt 0.730701 0.207825
vt 0.406970 0.583393
vt 0.978325 0.296248
vt 0.978722 0.295228
vt 0.979027 0.296655
vt 0.642616 0.543961
vt 0.642807 0.534890
vt 0.729430 0.208022
vt 0.746219 0.138711
vt 0.747020 0.146002
vt 0.746219 0.146057
vt 0.407616 0.574416
vt 0.408668 0.574254
vt 0.408250 0.583552
vt 0.706458 0.138914
vt 0.562515 0.610412
vt 0.188246 0.645308
vt 0.189624 0.644731
vt 0.189825 0.645379
vt 0.707727 0.145516
vt 0.706835 0.146106
vt 0.706266 0.145220
vt 0.033564 0.587452
vt 0.032501 0.587272
vt 0.033436 0.578222
vt 0.033125 0.578282
vt 0.034177 0.578119
vt 0.033759 0.587417
vt 0.707213 0.144967
vt 0.080109 0.953845
vt 0.080945 0.954061
vt 0.080109 0.961550
vt 0.516223 0.695625
vt 0.637623 0.307601
vt 0.637461 0.298552
vt 0.638272 0.298516
vt 0.436992 0.895856
vt 0.436880 0.896390
vt 0.435543 0.895947
vt 0.637386 0.298547
vt 0.637595 0.289476
vt 0.436183 0.895448
vt 0.436932 0.895750
vt 0.436382 0.895631
vt 0.437002 0.888348
vt 0.616100 0.459975
vt 0.617110 0.460151
vt 0.616774 0.469412
vt 0.515656 0.701889
vt 0.516412 0.701643
vt 0.517068 0.702020
vt 0.516675 0.891437
vt 0.516299 0.898685
vt 0.515898 0.898741
vt 0.092498 0.953845
vt 0.093334 0.954061
vt 0.092498 0.961550
vt 0.732813 0.145220
vt 0.733762 0.144967
vt 0.734301 0.145455
vt 0.499530 0.578004
vt 0.500581 0.577842
vt 0.500164 0.587139
vt 0.746111 0.650671
vt 0.747597 0.650126
vt 0.747690 0.650741
vt 0.733978 0.145945
vt 0.733320 0.146101
vt 0.746867 0.649965
vt 0.499969 0.587174
vt 0.498905 0.586994
vt 0.499841 0.577944
vt 0.638062 0.231342
vt 0.637960 0.222284
vt 0.638778 0.222249
vt 0.896476 0.931922
vt 0.897313 0.932138
vt 0.896476 0.939627
vt 0.732198 0.073378
vt 0.006422 0.569072
vt 0.007474 0.568910
vt 0.007057 0.578208
vt 0.625313 0.231334
vt 0.625151 0.222285
vt 0.625963 0.222249
vt 0.896399 0.483443
vt 0.896014 0.484084
vt 0.894937 0.483565
vt 0.007327 0.587413
vt 0.006450 0.587485
vt 0.006787 0.578224
vt 0.005776 0.578049
vt 0.895590 0.483034
vt 0.332577 0.749067
vt 0.332969 0.756313
vt 0.332577 0.756412
vt 0.625076 0.222280
vt 0.625285 0.213209
vt 0.639898 0.104827
vt 0.639973 0.095766
vt 0.640792 0.095731
vt 0.667778 0.583986
vt 0.669230 0.583538
vt 0.669431 0.584185
vt 0.129664 0.953845
vt 0.130500 0.954061
vt 0.129664 0.961550
vt 0.732922 0.582805
vt 0.733910 0.582516
vt 0.734423 0.583065
vt 0.616746 0.536693
vt 0.617798 0.536531
vt 0.617380 0.545828
vt 0.733531 0.583655
vt 0.643502 0.468755
vt 0.642616 0.468787
vt 0.642807 0.459716
vt 0.978324 0.544813
vt 0.978722 0.543792
vt 0.979304 0.545104
vt 0.978854 0.545219
vt 0.284238 0.643513
vt 0.285039 0.650804
vt 0.284238 0.650859
vt 0.020678 0.578204
vt 0.019802 0.578277
vt 0.020215 0.569009
vt 0.019128 0.568840
vt 0.630617 0.468757
vt 0.897366 0.859203
vt 0.898744 0.858625
vt 0.898945 0.859273
vt 0.019774 0.578282
vt 0.020826 0.578119
vt 0.020408 0.587417
vt 0.719540 0.145220
vt 0.720488 0.144967
vt 0.721001 0.145516
vt 0.720109 0.146107
vt 0.453756 0.749735
vt 0.454148 0.756981
vt 0.453756 0.757080
vt 0.898812 0.893549
vt 0.898700 0.894083
vt 0.897362 0.893640
vt 0.640541 0.384018
vt 0.640362 0.374970
vt 0.641174 0.374932
vt 0.640288 0.374964
vt 0.640479 0.365893
vt 0.898002 0.893141
vt 0.732901 0.644842
vt 0.733657 0.644596
vt 0.734313 0.644973
vt 0.733468 0.638578
vt 0.898751 0.893443
vt 0.898201 0.893323
vt 0.898822 0.886040
vt 0.612490 0.299098
vt 0.611614 0.299171
vt 0.611950 0.289909
vt 0.610940 0.289734
vt 0.898135 0.831790
vt 0.897560 0.832129
vt 0.345782 0.749067
vt 0.346174 0.756313
vt 0.345782 0.756412
vt 0.721200 0.525263
vt 0.720542 0.525419
vt 0.720036 0.524538
vt 0.347042 0.756493
vt 0.346352 0.763597
vt 0.721523 0.524773
vt 0.612025 0.308347
vt 0.610962 0.308166
vt 0.611261 0.299059
vt 0.611586 0.299176
vt 0.612637 0.299014
vt 0.612220 0.308311
vt 0.345526 0.757030
vt 0.346753 0.756428
vt 0.347104 0.757100
vt 0.720984 0.524285
vt 0.346167 0.757361
vt 0.422930 0.586862
vt 0.422044 0.586893
vt 0.422126 0.577833
vt 0.729252 0.284387
vt 0.729915 0.291447
vt 0.729119 0.291466
vt 0.590940 0.892929
vt 0.590674 0.893530
vt 0.589467 0.892980
vt 0.729228 0.290387
vt 0.730066 0.290742
vt 0.728678 0.290651
vt 0.612996 0.232040
vt 0.612120 0.232113
vt 0.612533 0.222845
vt 0.611445 0.222676
vt 0.590107 0.892481
vt 0.202385 0.898677
vt 0.203668 0.898208
vt 0.203947 0.898913
vt 0.627983 0.086666
vt 0.627097 0.086697
vt 0.627179 0.077637
vt 0.202987 0.899073
vt 0.486618 0.596384
vt 0.485554 0.596203
vt 0.485853 0.587096
vt 0.203481 0.890785
vt 0.203105 0.898032
vt 0.202704 0.898089
vt 0.682421 0.590735
vt 0.681764 0.590894
vt 0.681254 0.590015
vt 0.203949 0.898303
vt 0.202512 0.905294
vt 0.682742 0.590244
vt 0.680157 0.146107
vt 0.979304 0.414281
vt 0.978854 0.414395
vt 0.978325 0.413990
vt 0.046916 0.587452
vt 0.045852 0.587272
vt 0.046788 0.578222
vt 0.680825 0.152312
vt 0.680763 0.153162
vt 0.681052 0.152897
vt 0.045830 0.587258
vt 0.046918 0.587427
vt 0.046504 0.596695
vt 0.978508 0.412949
vt 0.979252 0.413368
vt 0.047381 0.596622
vt 0.628296 0.365869
vt 0.627410 0.365900
vt 0.627486 0.356839
vt 0.628304 0.356804
vt 0.642616 0.619133
vt 0.642807 0.610063
vt 0.466961 0.749735
vt 0.467353 0.756981
vt 0.466961 0.757080
vt 0.466704 0.757698
vt 0.468082 0.757121
vt 0.468283 0.757768
vt 0.643492 0.610036
vt 0.642606 0.610068
vt 0.642671 0.601009
vt 0.467346 0.758029
vt 0.733553 0.454633
vt 0.733496 0.454628
vt 0.734159 0.461688
vt 0.733363 0.461707
vt 0.374640 0.897619
vt 0.374374 0.898220
vt 0.373167 0.897670
vt 0.733472 0.460628
vt 0.734311 0.460983
vt 0.732923 0.460892
vt 0.615322 0.384726
vt 0.614446 0.384799
vt 0.614859 0.375531
vt 0.613772 0.375362
vt 0.373807 0.897171
vt 0.729237 0.214328
vt 0.730185 0.214075
vt 0.730724 0.214563
vt 0.407616 0.592835
vt 0.408668 0.592672
vt 0.408250 0.601970
vt 0.745963 0.146675
vt 0.747191 0.146073
vt 0.747542 0.146745
vt 0.730401 0.215052
vt 0.729743 0.215209
vt 0.747480 0.146138
vt 0.746789 0.153241
vt 0.408055 0.602005
vt 0.406992 0.601825
vt 0.407291 0.592718
vt 0.643492 0.534863
vt 0.642606 0.534896
vt 0.642671 0.525836
vt 0.032479 0.587258
vt 0.033566 0.587427
vt 0.033153 0.596695
vt 0.978325 0.427072
vt 0.978508 0.426031
vt 0.979061 0.427478
vt 0.707730 0.152897
vt 0.707441 0.153162
vt 0.706417 0.153076
vt 0.707503 0.152311
vt 0.979230 0.426353
vt 0.562522 0.601347
vt 0.561636 0.601378
vt 0.561712 0.592317
vt 0.617650 0.469339
vt 0.616746 0.469417
vt 0.617798 0.469255
vt 0.617380 0.478553
vt 0.515518 0.899193
vt 0.517009 0.898901
vt 0.517141 0.899566
vt 0.515677 0.708959
vt 0.516665 0.708670
vt 0.517178 0.709219
vt 0.638280 0.289451
vt 0.637394 0.289482
vt 0.637476 0.280422
vt 0.516286 0.709810
vt 0.638287 0.280386
vt 0.638138 0.222269
vt 0.637974 0.213220
vt 0.638786 0.213184
vt 0.734278 0.152897
vt 0.733989 0.153162
vt 0.732965 0.153076
vt 0.978508 0.439113
vt 0.979230 0.439435
vt 0.979061 0.440561
vt 0.500434 0.596344
vt 0.499558 0.596417
vt 0.499971 0.587149
vt 0.734051 0.152311
vt 0.498883 0.586980
vt 0.978324 0.440154
vt 0.637900 0.213215
vt 0.637975 0.204154
vt 0.006422 0.587491
vt 0.007474 0.587329
vt 0.007057 0.596627
vt 0.332321 0.757030
vt 0.333548 0.756428
vt 0.333899 0.757100
vt 0.731250 0.087810
vt 0.732198 0.087557
vt 0.732737 0.088045
vt 0.732414 0.088535
vt 0.625970 0.213184
vt 0.625084 0.213215
vt 0.625166 0.204155
vt 0.617185 0.545864
vt 0.616122 0.545683
vt 0.617057 0.536633
vt 0.978508 0.399866
vt 0.979252 0.400285
vt 0.979304 0.401198
vt 0.640799 0.086666
vt 0.639913 0.086697
vt 0.639989 0.077636
vt 0.640807 0.077601
vt 0.734199 0.589860
vt 0.734138 0.590711
vt 0.734426 0.590446
vt 0.978325 0.400907
vt 0.978854 0.401313
vt 0.203875 0.594716
vt 0.202999 0.594788
vt 0.203335 0.585527
vt 0.202325 0.585352
vt 0.283982 0.651477
vt 0.285209 0.650875
vt 0.285560 0.651547
vt 0.643492 0.459690
vt 0.642606 0.459722
vt 0.642671 0.450663
vt 0.284623 0.651808
vt 0.435672 0.697785
vt 0.436620 0.697532
vt 0.437159 0.698020
vt 0.202971 0.594793
vt 0.204023 0.594631
vt 0.203605 0.603929
vt 0.720053 0.146102
vt 0.720715 0.153162
vt 0.719919 0.153181
vt 0.898835 0.866197
vt 0.898569 0.866798
vt 0.897362 0.866248
vt 0.630624 0.459692
vt 0.629738 0.459723
vt 0.629814 0.450662
vt 0.898002 0.865749
vt 0.720028 0.152102
vt 0.720867 0.152457
vt 0.719479 0.152366
vt 0.020678 0.596622
vt 0.019802 0.596695
vt 0.020215 0.587427
vt 0.019128 0.587258
vt 0.502357 0.934231
vt 0.503193 0.934447
vt 0.502357 0.941936
vt 0.071864 0.592758
vt 0.070987 0.592831
vt 0.071324 0.583569
vt 0.070313 0.583394
vt 0.734126 0.652601
vt 0.733468 0.652758
vt 0.732962 0.651876
vt 0.455016 0.757161
vt 0.454326 0.764265
vt 0.734449 0.652112
vt 0.453499 0.757698
vt 0.454255 0.756992
vt 0.454985 0.757153
vt 0.071399 0.602007
vt 0.070335 0.601826
vt 0.070634 0.592719
vt 0.733910 0.651623
vt 0.070959 0.592836
vt 0.072011 0.592674
vt 0.071594 0.601971
vt 0.455078 0.757768
vt 0.610940 0.308152
vt 0.612027 0.308321
vt 0.611614 0.317589
vt 0.978325 0.453237
vt 0.978723 0.452216
vt 0.979028 0.453643
vt 0.721500 0.532215
vt 0.721211 0.532480
vt 0.720228 0.532412
vt 0.721002 0.531534
vt 0.612490 0.317517
vt 0.422938 0.577797
vt 0.422052 0.577828
vt 0.422127 0.568767
vt 0.422945 0.568732
vt 0.530134 0.934269
vt 0.530971 0.934486
vt 0.530134 0.941975
vt 0.728699 0.297721
vt 0.729687 0.297432
vt 0.730226 0.297920
vt 0.612092 0.232118
vt 0.613143 0.231956
vt 0.612726 0.241254
vt 0.898985 0.394683
vt 0.900175 0.394425
vt 0.900526 0.395097
vt 0.625464 0.289451
vt 0.624578 0.289482
vt 0.624653 0.280421
vt 0.729903 0.298409
vt 0.729009 0.298482
vt 0.900332 0.401876
vt 0.899782 0.401756
vt 0.900403 0.394473
vt 0.625472 0.280386
vt 0.682202 0.589758
vt 0.627991 0.077601
vt 0.978325 0.466319
vt 0.978722 0.465298
vt 0.979027 0.466726
vt 0.682746 0.597686
vt 0.682458 0.597952
vt 0.681475 0.597887
vt 0.682245 0.597006
vt 0.486178 0.587213
vt 0.487230 0.587051
vt 0.486813 0.596349
vt 0.627418 0.356835
vt 0.627500 0.347775
vt 0.502504 0.134980
vt 0.503955 0.134532
vt 0.504156 0.135179
vt 0.679548 0.159436
vt 0.680536 0.159147
vt 0.681049 0.159696
vt 0.680157 0.160286
vt 0.628311 0.347739
vt 0.502833 0.134491
vt 0.504094 0.134572
vt 0.503404 0.141676
vt 0.046916 0.605871
vt 0.045852 0.605690
vt 0.046152 0.596583
vt 0.046476 0.596700
vt 0.047528 0.596538
vt 0.047111 0.605835
vt 0.614105 0.096391
vt 0.615157 0.096229
vt 0.614739 0.105527
vt 0.731416 0.367013
vt 0.732364 0.366760
vt 0.732877 0.367310
vt 0.643482 0.600971
vt 0.642596 0.601003
vt 0.642655 0.591943
vt 0.732880 0.374690
vt 0.732592 0.374956
vt 0.731609 0.374887
vt 0.643473 0.591906
vt 0.732382 0.374009
vt 0.731985 0.367900
vt 0.468221 0.757161
vt 0.467531 0.764265
vt 0.614544 0.105562
vt 0.613481 0.105382
vt 0.613780 0.096275
vt 0.615009 0.114732
vt 0.614133 0.114805
vt 0.614546 0.105537
vt 0.613459 0.105368
vt 0.978325 0.387825
vt 0.978722 0.386804
vt 0.979027 0.388231
vt 0.630624 0.536177
vt 0.629738 0.536208
vt 0.629814 0.527147
vt 0.630632 0.527112
vt 0.614418 0.384804
vt 0.615470 0.384641
vt 0.615052 0.393939
vt 0.835012 0.892246
vt 0.836463 0.891798
vt 0.836664 0.892445
vt 0.732944 0.467962
vt 0.733931 0.467673
vt 0.734445 0.468222
vt 0.406970 0.601811
vt 0.408057 0.601980
vt 0.407644 0.611248
vt 0.978325 0.309331
vt 0.978722 0.308310
vt 0.979027 0.309737
vt 0.730701 0.222005
vt 0.730413 0.222270
vt 0.729430 0.222201
vt 0.730204 0.221323
vt 0.643482 0.525798
vt 0.642596 0.525831
vt 0.642655 0.516770
vt 0.562530 0.592282
vt 0.188284 0.659655
vt 0.189732 0.659454
vt 0.189825 0.660070
vt 0.189002 0.659294
vt 0.561644 0.592313
vt 0.561725 0.583253
vt 0.188502 0.659381
vt 0.189763 0.659462
vt 0.189072 0.666566
vt 0.707430 0.160124
vt 0.706535 0.160197
vt 0.706226 0.159436
vt 0.707753 0.159635
vt 0.033564 0.605871
vt 0.032501 0.605690
vt 0.032800 0.596583
vt 0.033125 0.596700
vt 0.034177 0.596538
vt 0.033759 0.605835
vt 0.707213 0.159147
vt 0.034029 0.596622
vt 0.517143 0.898955
vt 0.515705 0.905947
vt 0.617185 0.478588
vt 0.616122 0.478408
vt 0.616421 0.469300
vt 0.517181 0.716600
vt 0.516893 0.716865
vt 0.515868 0.716780
vt 0.978325 0.322413
vt 0.978722 0.321392
vt 0.979061 0.322820
vt 0.516683 0.715919
vt 0.617650 0.487758
vt 0.616779 0.487829
vt 0.616230 0.478414
vt 0.637551 0.280395
vt 0.637483 0.271357
vt 0.638295 0.271321
vt 0.638793 0.204119
vt 0.733978 0.160124
vt 0.733320 0.160280
vt 0.732814 0.159400
vt 0.734301 0.159635
vt 0.746111 0.665362
vt 0.746867 0.664656
vt 0.747597 0.664816
vt 0.747496 0.672210
vt 0.746946 0.672091
vt 0.747567 0.664807
vt 0.154442 0.953845
vt 0.155278 0.954061
vt 0.154442 0.961550
vt 0.747690 0.665432
vt 0.746753 0.665693
vt 0.733762 0.159147
vt 0.499530 0.596422
vt 0.500581 0.596260
vt 0.500164 0.605558
vt 0.731756 0.088692
vt 0.625978 0.204119
vt 0.333837 0.756493
vt 0.333147 0.763597
vt 0.006862 0.596662
vt 0.005798 0.596481
vt 0.006097 0.587374
vt 0.625091 0.204149
vt 0.625167 0.195089
vt 0.978325 0.479401
vt 0.978722 0.478381
vt 0.979061 0.479808
vt 0.007327 0.605832
vt 0.006450 0.605904
vt 0.006864 0.596636
vt 0.732217 0.094806
vt 0.732426 0.095752
vt 0.732714 0.095487
vt 0.005776 0.596467
vt 0.617650 0.555034
vt 0.616774 0.555106
vt 0.617187 0.545838
vt 0.616100 0.545669
vt 0.668108 0.598188
vt 0.669369 0.598269
vt 0.668679 0.605373
vt 0.734126 0.597673
vt 0.733232 0.597746
vt 0.732922 0.596984
vt 0.733910 0.596696
vt 0.734449 0.597184
vt 0.639921 0.077632
vt 0.640003 0.068572
vt 0.640814 0.068536
vt 0.436836 0.698509
vt 0.436178 0.698665
vt 0.643482 0.450625
vt 0.285498 0.650940
vt 0.284808 0.658044
vt 0.203410 0.603964
vt 0.202347 0.603784
vt 0.202646 0.594677
vt 0.642596 0.450657
vt 0.642655 0.441596
vt 0.437136 0.705462
vt 0.436847 0.705727
vt 0.435865 0.705659
vt 0.643473 0.441560
vt 0.436638 0.704780
vt 0.720704 0.160124
vt 0.719810 0.160197
vt 0.719500 0.159436
vt 0.721027 0.159635
vt 0.900634 0.020770
vt 0.900084 0.020650
vt 0.900705 0.013367
vt 0.927293 0.934587
vt 0.928130 0.934804
vt 0.927293 0.942292
vt 0.720488 0.159147
vt 0.630632 0.450627
vt 0.629990 0.450647
vt 0.629827 0.441598
vt 0.630639 0.441562
vt 0.019774 0.596700
vt 0.020826 0.596538
vt 0.020408 0.605835
vt 0.899287 0.013577
vt 0.900477 0.013319
vt 0.900828 0.013991
vt 0.641164 0.365867
vt 0.640343 0.356840
vt 0.641154 0.356802
vt 0.640268 0.356834
vt 0.640327 0.347774
vt 0.978325 0.492484
vt 0.978722 0.491463
vt 0.979027 0.492890
vt 0.640278 0.365899
vt 0.071864 0.611177
vt 0.070987 0.611249
vt 0.071401 0.601981
vt 0.733928 0.658872
vt 0.734138 0.659818
vt 0.734426 0.659553
vt 0.070313 0.601812
vt 0.721200 0.539443
vt 0.720305 0.539515
vt 0.719996 0.538754
vt 0.720984 0.538465
vt 0.721523 0.538953
vt 0.423003 0.559636
vt 0.611445 0.241095
vt 0.612497 0.241266
vt 0.611769 0.250195
vt 0.899583 0.401574
vt 0.900393 0.401982
vt 0.898943 0.402073
vt 0.625479 0.271321
vt 0.624593 0.271352
vt 0.625085 0.262276
vt 0.728678 0.304830
vt 0.729434 0.304584
vt 0.730090 0.304961
vt 0.624829 0.280406
vt 0.624667 0.271357
vt 0.900281 0.402516
vt 0.612910 0.250203
vt 0.422551 0.672364
vt 0.423154 0.679659
vt 0.422358 0.679834
vt 0.681357 0.604144
vt 0.681688 0.605063
vt 0.680983 0.604631
vt 0.128116 0.902030
vt 0.128697 0.901661
vt 0.128063 0.902656
vt 0.682468 0.604976
vt 0.933177 0.705169
vt 0.932721 0.712326
vt 0.931954 0.712432
vt 0.486178 0.605631
vt 0.487230 0.605469
vt 0.486684 0.614567
vt 0.129554 0.901890
vt 0.129665 0.902502
vt 0.682251 0.603938
vt 0.682787 0.604422
vt 0.129665 0.909104
vt 0.487083 0.605554
vt 0.486211 0.605625
vt 0.485662 0.596209
vt 0.746388 0.953845
vt 0.747223 0.954064
vt 0.746388 0.961367
vt 0.627403 0.068656
vt 0.627553 0.059774
vt 0.628056 0.059440
vt 0.627425 0.347770
vt 0.627918 0.338695
vt 0.978325 0.505566
vt 0.978722 0.504545
vt 0.979061 0.505972
vt 0.731376 0.381229
vt 0.732364 0.380940
vt 0.732903 0.381428
vt 0.614105 0.114810
vt 0.615156 0.114648
vt 0.614620 0.123743
vt 0.466743 0.772045
vt 0.468190 0.771844
vt 0.468283 0.772459
vt 0.732580 0.381918
vt 0.731686 0.381990
vt 0.467460 0.771683
vt 0.104886 0.953845
vt 0.105723 0.954062
vt 0.104886 0.961550
vt 0.733553 0.468812
vt 0.629990 0.527132
vt 0.629827 0.518083
vt 0.630639 0.518047
vt 0.933177 0.685423
vt 0.932722 0.692583
vt 0.932175 0.693281
vt 0.836470 0.899224
vt 0.835920 0.899104
vt 0.836541 0.891821
vt 0.835722 0.898921
vt 0.836531 0.899329
vt 0.835069 0.899451
vt 0.613806 0.393787
vt 0.615236 0.393904
vt 0.615236 0.402888
vt 0.836146 0.899971
vt 0.614095 0.402880
vt 0.629753 0.518078
vt 0.630246 0.509002
vt 0.643473 0.516733
vt 0.730401 0.229232
vt 0.729507 0.229305
vt 0.729197 0.228543
vt 0.730724 0.228743
vt 0.746001 0.161022
vt 0.746719 0.160660
vt 0.747449 0.160821
vt 0.407616 0.611253
vt 0.408667 0.611091
vt 0.408131 0.620186
vt 0.747542 0.161436
vt 0.730185 0.228255
vt 0.408520 0.611175
vt 0.643513 0.507637
vt 0.562537 0.583217
vt 0.561651 0.583248
vt 0.562144 0.574173
vt 0.978325 0.518648
vt 0.978722 0.517628
vt 0.979027 0.519055
vt 0.932582 0.738983
vt 0.932125 0.746141
vt 0.931259 0.746504
vt 0.515677 0.723139
vt 0.516665 0.722850
vt 0.517199 0.723336
vt 0.616746 0.487835
vt 0.617797 0.487673
vt 0.617251 0.496771
vt 0.142339 0.902198
vt 0.143936 0.901962
vt 0.143958 0.902584
vt 0.143021 0.901647
vt 0.143121 0.901613
vt 0.143013 0.909118
vt 0.637409 0.271352
vt 0.637425 0.262330
vt 0.638352 0.262225
vt 0.638151 0.204138
vt 0.637989 0.195090
vt 0.638801 0.195054
vt 0.933333 0.628097
vt 0.932877 0.635256
vt 0.932330 0.635954
vt 0.747557 0.672316
vt 0.747172 0.672957
vt 0.746094 0.672438
vt 0.746747 0.671908
vt 0.499935 0.605570
vt 0.500348 0.614507
vt 0.499207 0.614499
vt 0.498883 0.605399
vt 0.731401 0.095667
vt 0.625985 0.195054
vt 0.732414 0.102715
vt 0.731520 0.102787
vt 0.731210 0.102026
vt 0.732737 0.102225
vt 0.332359 0.771377
vt 0.333076 0.771015
vt 0.333806 0.771176
vt 0.333899 0.771791
vt 0.667890 0.598462
vt 0.669338 0.598261
vt 0.669431 0.598876
vt 0.668608 0.598100
vt 0.617185 0.564282
vt 0.616122 0.564102
vt 0.616421 0.554995
vt 0.616746 0.555111
vt 0.617798 0.554949
vt 0.617380 0.564247
vt 0.616100 0.564088
vt 0.617151 0.564259
vt 0.616424 0.573188
vt 0.978325 0.374743
vt 0.978722 0.373722
vt 0.979027 0.375149
vt 0.734426 0.604625
vt 0.734138 0.604891
vt 0.733155 0.604822
vt 0.733928 0.603944
vt 0.639928 0.068567
vt 0.640420 0.059491
vt 0.203875 0.613134
vt 0.202999 0.613207
vt 0.203412 0.603939
vt 0.202325 0.603770
vt 0.978324 0.335495
vt 0.978722 0.334475
vt 0.979027 0.335902
vt 0.284020 0.665824
vt 0.285467 0.665623
vt 0.285560 0.666238
vt 0.284737 0.665462
vt 0.202971 0.613212
vt 0.204022 0.613050
vt 0.203486 0.622145
vt 0.435632 0.712000
vt 0.436620 0.711712
vt 0.437159 0.712200
vt 0.436836 0.712689
vt 0.284546 0.665511
vt 0.285444 0.673119
vt 0.721611 0.953845
vt 0.722447 0.954064
vt 0.721611 0.961367
vt 0.435942 0.712762
vt 0.642719 0.441574
vt 0.642509 0.432544
vt 0.643513 0.432463
vt 0.019128 0.605676
vt 0.020179 0.605848
vt 0.019451 0.614776
vt 0.899885 0.020467
vt 0.900695 0.020875
vt 0.899245 0.020966
vt 0.900584 0.021410
vt 0.719479 0.166545
vt 0.720234 0.166299
vt 0.720891 0.166676
vt 0.020592 0.614784
vt 0.629753 0.441593
vt 0.630246 0.432517
vt 0.933307 0.432365
vt 0.932852 0.439525
vt 0.932305 0.440223
vt 0.733155 0.659750
vt 0.734423 0.666352
vt 0.733531 0.666942
vt 0.732922 0.666092
vt 0.641145 0.347737
vt 0.611586 0.317594
vt 0.612637 0.317432
vt 0.612101 0.326528
vt 0.345564 0.771377
vt 0.347011 0.771176
vt 0.347104 0.771791
vt 0.346281 0.771015
vt 0.345836 0.778647
vt 0.346988 0.778672
vt 0.346666 0.779230
vt 0.932582 0.758729
vt 0.932127 0.765888
vt 0.931580 0.766587
vt 0.931748 0.712966
vt 0.933004 0.712673
vt 0.932694 0.713329
vt 0.577573 0.922271
vt 0.577573 0.931471
vt 0.577220 0.931369
vt 0.045830 0.605676
vt 0.046882 0.605848
vt 0.046155 0.614776
vt 0.681052 0.167076
vt 0.680763 0.167342
vt 0.679739 0.167256
vt 0.680554 0.166395
vt 0.502833 0.141837
vt 0.503584 0.148969
vt 0.503156 0.149751
vt 0.047295 0.614784
vt 0.643513 0.582809
vt 0.467015 0.779315
vt 0.468167 0.779340
vt 0.467845 0.779898
vt 0.746273 0.168292
vt 0.747425 0.168317
vt 0.747104 0.168874
vt 0.707730 0.167076
vt 0.707441 0.167342
vt 0.706458 0.167273
vt 0.707232 0.166395
vt 0.188502 0.666727
vt 0.189252 0.673859
vt 0.188825 0.674642
vt 0.032479 0.605676
vt 0.033530 0.605848
vt 0.032803 0.614776
vt 0.033943 0.614784
vt 0.932408 0.746488
vt 0.932099 0.747144
vt 0.932904 0.467181
vt 0.932904 0.476381
vt 0.932551 0.476280
vt 0.637915 0.195084
vt 0.638408 0.186005
vt 0.732198 0.101737
vt 0.626043 0.185958
vt 0.332631 0.778647
vt 0.333783 0.778672
vt 0.333461 0.779230
vt 0.006422 0.605909
vt 0.007474 0.605747
vt 0.006938 0.614843
vt 0.617564 0.573196
vt 0.668108 0.605534
vt 0.668859 0.612666
vt 0.668431 0.613448
vt 0.284292 0.673091
vt 0.285122 0.673676
vt 0.733910 0.665803
vt 0.641185 0.338641
vt 0.453810 0.779315
vt 0.454962 0.779340
vt 0.454640 0.779898
vt 0.453426 0.772260
vt 0.454877 0.771812
vt 0.455078 0.772459
vt 0.070959 0.611254
vt 0.072011 0.611092
vt 0.071475 0.620188
vt 0.094595 0.495638
vt 0.114448 0.526088
vt 0.094592 0.526022
vt 0.114474 0.495820
vt 0.771853 0.186116
vt 0.773995 0.185921
vt 0.773970 0.216187
vt 0.518393 0.742651
vt 0.515583 0.771089
vt 0.515562 0.742675
vt 0.518414 0.771063
vt 0.038307 0.508546
vt 0.058722 0.508161
vt 0.058719 0.538542
vt 0.771853 0.216042
vt 0.038280 0.538810
vt 0.116511 0.495973
vt 0.116511 0.525901
vt 0.771420 0.290745
vt 0.774230 0.262312
vt 0.774251 0.290723
vt 0.771399 0.262335
vt 0.128063 0.544707
vt 0.146149 0.572020
vt 0.128063 0.571820
vt 0.146175 0.544813
vt 0.533837 0.535024
vt 0.552423 0.561928
vt 0.533810 0.562229
vt 0.552423 0.534818
vt 0.486201 0.769620
vt 0.486609 0.798146
vt 0.485752 0.798186
vt 0.801909 0.496267
vt 0.802205 0.524831
vt 0.801597 0.524836
vt 0.802276 0.059539
vt 0.802572 0.088103
vt 0.801965 0.088108
vt 0.498830 0.769620
vt 0.499238 0.798146
vt 0.498381 0.798186
vt 0.360288 0.770649
vt 0.360696 0.799176
vt 0.359839 0.799215
vt 0.589709 0.772123
vt 0.590005 0.800687
vt 0.589397 0.800691
vt 0.760997 0.338722
vt 0.756452 0.368967
vt 0.756426 0.338750
vt 0.761023 0.368938
vt 0.757689 0.089762
vt 0.762232 0.059523
vt 0.762259 0.089736
vt 0.757662 0.059547
vt 0.666627 0.005941
vt 0.666651 0.036583
vt 0.658944 0.036618
vt 0.658919 0.005976
vt 0.642350 0.688720
vt 0.650033 0.658052
vt 0.650057 0.688692
vt 0.642325 0.658080
vt 0.025697 0.466271
vt 0.027733 0.496352
vt 0.025671 0.496538
vt 0.027733 0.466424
vt 0.536596 0.741651
vt 0.536616 0.770063
vt 0.533785 0.770089
vt 0.533764 0.741675
vt 0.005818 0.466089
vt 0.094618 0.772953
vt 0.094597 0.744543
vt 0.097429 0.744520
vt 0.005815 0.496473
vt 0.771605 0.496326
vt 0.773747 0.496131
vt 0.773722 0.526397
vt 0.097449 0.772931
vt 0.771605 0.526252
vt 0.006038 0.508546
vt 0.026454 0.508161
vt 0.026451 0.538541
vt 0.006012 0.538810
vt 0.453542 0.543123
vt 0.472128 0.570028
vt 0.453516 0.570328
vt 0.472128 0.542918
vt 0.556992 0.059476
vt 0.575079 0.086790
vt 0.556992 0.086589
vt 0.575104 0.059582
vt 0.602063 0.772123
vt 0.602359 0.800687
vt 0.601752 0.800691
vt 0.795344 0.124079
vt 0.795752 0.152605
vt 0.794895 0.152645
vt 0.372917 0.770649
vt 0.373325 0.799176
vt 0.372468 0.799215
vt 0.629040 0.770746
vt 0.629336 0.799310
vt 0.628729 0.799315
vt 0.800625 0.005976
vt 0.800921 0.034540
vt 0.800314 0.034545
vt 0.616768 0.770786
vt 0.617176 0.799312
vt 0.616320 0.799352
vt 0.750286 0.005955
vt 0.745742 0.036201
vt 0.745715 0.005984
vt 0.756452 0.411123
vt 0.760996 0.380884
vt 0.761022 0.411098
vt 0.756426 0.380909
vt 0.750312 0.036172
vt 0.589480 0.692090
vt 0.589456 0.661451
vt 0.597163 0.661423
vt 0.597187 0.692062
vt 0.686027 0.005941
vt 0.678344 0.036618
vt 0.678319 0.005975
vt 0.686051 0.036583
vt 0.614167 0.135894
vt 0.628697 0.159266
vt 0.614161 0.159422
vt 0.628698 0.135744
vt 0.564930 0.789312
vt 0.567038 0.789278
vt 0.567038 0.812550
vt 0.359625 0.830640
vt 0.362544 0.811097
vt 0.362544 0.830647
vt 0.301540 0.562593
vt 0.315439 0.586034
vt 0.301539 0.586116
vt 0.315445 0.562504
vt 0.564919 0.812585
vt 0.828919 0.432497
vt 0.826001 0.452042
vt 0.826001 0.432493
vt 0.359624 0.811090
vt 0.828919 0.452046
vt 0.299401 0.562702
vt 0.299401 0.585976
vt 0.359619 0.702684
vt 0.372208 0.723142
vt 0.359620 0.723164
vt 0.372238 0.702540
vt 0.332374 0.716486
vt 0.344431 0.737001
vt 0.332346 0.737088
vt 0.344430 0.716520
vt 0.188172 0.831812
vt 0.189023 0.831776
vt 0.188577 0.853739
vt 0.859885 0.779790
vt 0.860475 0.779783
vt 0.860171 0.801750
vt 0.855636 0.178693
vt 0.855931 0.200612
vt 0.855323 0.200699
vt 0.284333 0.831345
vt 0.284717 0.853291
vt 0.283908 0.853289
vt 0.861185 0.817345
vt 0.861775 0.817338
vt 0.861471 0.839305
vt 0.667060 0.827663
vt 0.667911 0.827627
vt 0.667465 0.849590
vt 0.225575 0.785935
vt 0.230085 0.764696
vt 0.230110 0.785908
vt 0.225550 0.764721
vt 0.320211 0.763098
vt 0.315701 0.784339
vt 0.315676 0.763128
vt 0.320236 0.784310
vt 0.828919 0.463853
vt 0.828919 0.483402
vt 0.826001 0.483397
vt 0.359657 0.603126
vt 0.374187 0.626499
vt 0.359651 0.626654
vt 0.374188 0.602976
vt 0.160543 0.558087
vt 0.162683 0.581501
vt 0.160543 0.581361
vt 0.162683 0.557978
vt 0.176582 0.581419
vt 0.176588 0.557889
vt 0.332425 0.791157
vt 0.334533 0.814395
vt 0.332415 0.814430
vt 0.826001 0.463849
vt 0.828009 0.612412
vt 0.830927 0.592869
vt 0.830927 0.612419
vt 0.828008 0.592862
vt 0.334533 0.791123
vt 0.299401 0.698188
vt 0.311989 0.718646
vt 0.299401 0.718669
vt 0.312019 0.698045
vt 0.453553 0.717154
vt 0.465609 0.717188
vt 0.465610 0.737669
vt 0.453526 0.737756
vt 0.865730 0.338785
vt 0.866320 0.338778
vt 0.866016 0.360745
vt 0.239633 0.832410
vt 0.240483 0.832374
vt 0.240037 0.854337
vt 0.862634 0.387125
vt 0.863224 0.387118
vt 0.862920 0.409085
vt 0.853542 0.059578
vt 0.854393 0.059541
vt 0.853947 0.081504
vt 0.346086 0.831687
vt 0.346936 0.831651
vt 0.346490 0.853613
vt 0.857366 0.739226
vt 0.857956 0.739219
vt 0.857652 0.761186
vt 0.391553 0.763955
vt 0.387043 0.785196
vt 0.387018 0.763985
vt 0.391578 0.785167
vt 0.784587 0.359962
vt 0.784562 0.338749
vt 0.789098 0.338723
vt 0.789123 0.359936
vt 0.798693 0.812735
vt 0.798693 0.832284
vt 0.795775 0.832276
vt 0.128157 0.619539
vt 0.142141 0.642834
vt 0.128156 0.643059
vt 0.142147 0.619308
vt 0.202325 0.787660
vt 0.204516 0.810911
vt 0.202325 0.810934
vt 0.600390 0.135830
vt 0.602572 0.135945
vt 0.602577 0.159220
vt 0.817542 0.282113
vt 0.820461 0.262568
vt 0.820461 0.282118
vt 0.586789 0.135748
vt 0.600394 0.159354
vt 0.586788 0.159278
vt 0.795775 0.812728
vt 0.817542 0.262563
vt 0.204525 0.787637
vt 0.070430 0.696403
vt 0.082556 0.716796
vt 0.070403 0.717003
vt 0.082555 0.696317
vt 0.642267 0.733187
vt 0.654070 0.753844
vt 0.642267 0.753668
vt 0.654097 0.733243
vt 0.267875 0.824395
vt 0.268691 0.824393
vt 0.268263 0.846339
vt 0.783419 0.828081
vt 0.784042 0.827995
vt 0.783723 0.850003
vt 0.853625 0.432608
vt 0.854247 0.432522
vt 0.853928 0.454530
vt 0.253385 0.824398
vt 0.254201 0.824396
vt 0.253773 0.846342
vt 0.202585 0.822972
vt 0.203401 0.822970
vt 0.202973 0.844915
vt 0.642267 0.833453
vt 0.642889 0.833368
vt 0.642570 0.855376
vt 0.202405 0.775640
vt 0.202380 0.754426
vt 0.206915 0.754397
vt 0.206940 0.775610
vt 0.790644 0.561571
vt 0.790669 0.582783
vt 0.786134 0.582808
vt 0.786109 0.561597
vt 0.633286 0.006142
vt 0.647271 0.029437
vt 0.633286 0.029662
vt 0.647276 0.005911
vt 0.345880 0.581675
vt 0.348062 0.581790
vt 0.348067 0.605065
vt 0.419408 0.824005
vt 0.422326 0.804460
vt 0.422327 0.824010
vt 0.592316 0.812613
vt 0.592316 0.832162
vt 0.589398 0.832155
vt 0.005776 0.785825
vt 0.007967 0.809076
vt 0.005776 0.809099
vt 0.419408 0.804455
vt 0.332279 0.581594
vt 0.345885 0.605199
vt 0.332279 0.605123
vt 0.007977 0.785802
vt 0.589398 0.812606
vt 0.533837 0.709074
vt 0.545963 0.708988
vt 0.545963 0.729467
vt 0.225496 0.732148
vt 0.237299 0.752806
vt 0.225496 0.752629
vt 0.237326 0.732204
vt 0.533810 0.729675
vt 0.565012 0.824639
vt 0.565828 0.824637
vt 0.565400 0.846583
vt 0.853694 0.628339
vt 0.854316 0.628254
vt 0.853997 0.650262
vt 0.515779 0.823624
vt 0.516595 0.823622
vt 0.516167 0.845568
vt 0.853810 0.295721
vt 0.854432 0.295636
vt 0.854113 0.317644
vt 0.854232 0.220719
vt 0.854855 0.220633
vt 0.854536 0.242641
vt 0.845397 0.685664
vt 0.846213 0.685662
vt 0.845785 0.707607
vt 0.790334 0.059523
vt 0.790359 0.080735
vt 0.785824 0.080760
vt 0.005856 0.773805
vt 0.010367 0.752562
vt 0.010392 0.773775
vt 0.005831 0.752591
vt 0.785799 0.059549
vt 0.830927 0.561515
vt 0.830927 0.581065
vt 0.828009 0.581058
vt 0.533758 0.609744
vt 0.548289 0.609595
vt 0.548288 0.633118
vt 0.225496 0.558091
vt 0.227634 0.581505
vt 0.225496 0.581366
vt 0.828008 0.561508
vt 0.227635 0.557982
vt 0.814130 0.496337
vt 0.816238 0.496303
vt 0.816238 0.519575
vt 0.533752 0.633273
vt 0.814120 0.519609
vt 0.826486 0.315155
vt 0.826486 0.295606
vt 0.829404 0.295610
vt 0.829404 0.315159
vt 0.241540 0.557893
vt 0.241534 0.581423
vt 0.128190 0.718837
vt 0.140247 0.718871
vt 0.140247 0.739352
vt 0.128163 0.739439
vt 0.616100 0.702821
vt 0.628688 0.723279
vt 0.616101 0.723302
vt 0.628718 0.702678
vt 0.757188 0.828076
vt 0.758039 0.828039
vt 0.757593 0.850002
vt 0.732522 0.834589
vt 0.733112 0.834582
vt 0.732808 0.856549
vt 0.849813 0.387121
vt 0.850663 0.387085
vt 0.850217 0.409048
vt 0.862936 0.006019
vt 0.863526 0.006012
vt 0.863222 0.027979
vt 0.332247 0.826482
vt 0.333097 0.826446
vt 0.332651 0.848409
vt 0.485728 0.841539
vt 0.486318 0.841531
vt 0.486014 0.863498
vt 0.790213 0.186038
vt 0.785702 0.207276
vt 0.785678 0.186063
vt 0.790238 0.207250
vt 0.773779 0.249439
vt 0.778289 0.228198
vt 0.778314 0.249410
vt 0.773754 0.228228
vt 0.359619 0.567734
vt 0.361758 0.591148
vt 0.359619 0.591009
vt 0.830963 0.178580
vt 0.828045 0.198123
vt 0.828044 0.178573
vt 0.361759 0.567625
vt 0.299438 0.598092
vt 0.313969 0.597943
vt 0.313968 0.621466
vt 0.830963 0.198130
vt 0.826070 0.647773
vt 0.828988 0.628229
vt 0.828988 0.647777
vt 0.299433 0.621621
vt 0.453604 0.791825
vt 0.455712 0.791791
vt 0.455712 0.815063
vt 0.375658 0.591066
vt 0.375664 0.567536
vt 0.453594 0.815098
vt 0.826070 0.628224
vt 0.299528 0.730515
vt 0.311585 0.751031
vt 0.299500 0.751118
vt 0.311585 0.730550
vt 0.589397 0.704198
vt 0.601986 0.724656
vt 0.589398 0.724678
vt 0.602015 0.704054
vt 0.419603 0.835932
vt 0.420193 0.835925
vt 0.419889 0.857892
vt 0.107179 0.825481
vt 0.108030 0.825444
vt 0.107584 0.847407
vt 0.850540 0.005996
vt 0.850924 0.027942
vt 0.850115 0.027940
vt 0.694731 0.836016
vt 0.695026 0.857935
vt 0.694419 0.858023
vt 0.054441 0.829341
vt 0.055292 0.829305
vt 0.054846 0.851268
vt 0.498065 0.841539
vt 0.498655 0.841531
vt 0.498351 0.863498
vt 0.789814 0.432546
vt 0.785303 0.453785
vt 0.785278 0.432571
vt 0.789839 0.453758
vt 0.299479 0.784339
vt 0.303990 0.763098
vt 0.304015 0.784310
vt 0.299455 0.763128
vt 0.059206 0.466271
vt 0.061243 0.496352
vt 0.059180 0.496538
vt 0.039328 0.466089
vt 0.256000 0.743425
vt 0.253190 0.771863
vt 0.253169 0.743449
vt 0.256020 0.771837
vt 0.061243 0.466424
vt 0.267679 0.771865
vt 0.267658 0.743455
vt 0.270490 0.743432
vt 0.039325 0.496473
vt 0.299662 0.520476
vt 0.320075 0.550471
vt 0.299636 0.550740
vt 0.320078 0.520090
vt 0.771454 0.432624
vt 0.773570 0.462695
vt 0.771453 0.462550
vt 0.270511 0.771843
vt 0.773596 0.432429
vt 0.556992 0.098636
vt 0.575079 0.125949
vt 0.556993 0.125749
vt 0.575104 0.098742
vt 0.253241 0.536798
vt 0.271827 0.536592
vt 0.271827 0.563703
vt 0.253215 0.564003
vt 0.435473 0.773729
vt 0.436095 0.773643
vt 0.435776 0.802253
vt 0.790331 0.297119
vt 0.791147 0.297118
vt 0.790719 0.325665
vt 0.801845 0.178696
vt 0.802468 0.178610
vt 0.802149 0.207219
vt 0.720395 0.756045
vt 0.721211 0.756043
vt 0.720783 0.784590
vt 0.800011 0.387125
vt 0.800633 0.387040
vt 0.800314 0.415649
vt 0.419668 0.764013
vt 0.420484 0.764011
vt 0.420056 0.792558
vt 0.760219 0.186036
vt 0.760245 0.216253
vt 0.755675 0.216281
vt 0.755649 0.186065
vt 0.435556 0.761754
vt 0.440100 0.731515
vt 0.440126 0.761729
vt 0.435529 0.731540
vt 0.667514 0.135772
vt 0.659831 0.166448
vt 0.659806 0.135806
vt 0.667538 0.166414
vt 0.616183 0.690714
vt 0.623866 0.660046
vt 0.623890 0.690686
vt 0.616158 0.660075
vt 0.488914 0.119738
vt 0.490951 0.149819
vt 0.488888 0.150005
vt 0.490951 0.119891
vt 0.551086 0.741651
vt 0.551106 0.770063
vt 0.548275 0.770089
vt 0.548254 0.741675
vt 0.469036 0.119555
vt 0.771522 0.628355
vt 0.773665 0.628160
vt 0.773639 0.658426
vt 0.469032 0.149940
vt 0.109108 0.772953
vt 0.111918 0.744520
vt 0.111939 0.772930
vt 0.359881 0.525509
vt 0.380294 0.555504
vt 0.359855 0.555773
vt 0.109087 0.744543
vt 0.380297 0.525123
vt 0.771522 0.658281
vt 0.556992 0.147478
vt 0.575104 0.147585
vt 0.575079 0.174792
vt 0.094670 0.537910
vt 0.113256 0.564814
vt 0.094643 0.565115
vt 0.113256 0.537704
vt 0.556992 0.174592
vt 0.800730 0.338785
vt 0.801352 0.338700
vt 0.801033 0.367309
vt 0.794511 0.685664
vt 0.795326 0.685662
vt 0.794898 0.714209
vt 0.694909 0.756296
vt 0.695317 0.784823
vt 0.694461 0.784862
vt 0.801757 0.432565
vt 0.802052 0.461129
vt 0.801446 0.461134
vt 0.796443 0.739227
vt 0.796851 0.767753
vt 0.795994 0.767793
vt 0.801826 0.628296
vt 0.802122 0.656860
vt 0.801515 0.656865
vt 0.759722 0.262303
vt 0.755177 0.292548
vt 0.755151 0.262332
vt 0.759748 0.292520
vt 0.757998 0.591810
vt 0.762542 0.561571
vt 0.762568 0.591785
vt 0.757972 0.561596
vt 0.485615 0.692541
vt 0.485590 0.661901
vt 0.493298 0.661873
vt 0.648113 0.135772
vt 0.640430 0.166448
vt 0.640405 0.135806
vt 0.648137 0.166414
vt 0.493322 0.692513
vt 0.332284 0.617181
vt 0.346814 0.640555
vt 0.332279 0.640710
vt 0.346815 0.617032
vt 0.467443 0.791825
vt 0.469551 0.791791
vt 0.469551 0.815063
vt 0.826908 0.240146
vt 0.829827 0.220603
vt 0.829827 0.240153
vt 0.488457 0.810072
vt 0.488457 0.829621
vt 0.485538 0.829616
vt 0.533720 0.574353
vt 0.535860 0.597768
vt 0.533720 0.597628
vt 0.826907 0.220596
vt 0.535860 0.574244
vt 0.549765 0.574156
vt 0.549759 0.597685
vt 0.467432 0.815097
vt 0.485538 0.810068
vt 0.485532 0.704648
vt 0.498121 0.725106
vt 0.485533 0.725129
vt 0.498151 0.704504
vt 0.722049 0.005934
vt 0.734107 0.026450
vt 0.722022 0.026537
vt 0.734106 0.005968
vt 0.359815 0.842567
vt 0.360405 0.842560
vt 0.360101 0.864527
vt 0.852909 0.338781
vt 0.853760 0.338745
vt 0.853314 0.360708
vt 0.856896 0.256485
vt 0.857486 0.256477
vt 0.857182 0.278444
vt 0.160543 0.830377
vt 0.161394 0.830341
vt 0.160948 0.852304
vt 0.142339 0.826637
vt 0.143190 0.826601
vt 0.142744 0.848564
vt 0.616295 0.842703
vt 0.616885 0.842696
vt 0.616581 0.864663
vt 0.785372 0.649516
vt 0.785347 0.628303
vt 0.789882 0.628277
vt 0.789907 0.649490
vt 0.778438 0.304465
vt 0.773928 0.325706
vt 0.773903 0.304495
vt 0.778463 0.325677
vt 0.829137 0.059471
vt 0.829137 0.079020
vt 0.826218 0.079016
vt 0.453463 0.617850
vt 0.467993 0.641223
vt 0.453458 0.641378
vt 0.467994 0.617700
vt 0.253125 0.576128
vt 0.255263 0.599542
vt 0.253125 0.599403
vt 0.255264 0.576018
vt 0.269163 0.599460
vt 0.826218 0.059467
vt 0.667239 0.792338
vt 0.669347 0.792304
vt 0.669346 0.815576
vt 0.827797 0.547092
vt 0.830715 0.527549
vt 0.830715 0.547099
vt 0.667228 0.815610
vt 0.269169 0.575930
vt 0.827796 0.527542
vt 0.697662 0.006164
vt 0.710251 0.026622
vt 0.697663 0.026645
vt 0.710281 0.006020
vt 0.564879 0.723487
vt 0.576936 0.744003
vt 0.564852 0.744089
vt 0.576936 0.723521
vt 0.387160 0.836332
vt 0.387750 0.836325
vt 0.387446 0.858292
vt 0.070313 0.830777
vt 0.071164 0.830741
vt 0.070718 0.852704
vt 0.399498 0.836332
vt 0.400088 0.836325
vt 0.399784 0.858292
vt 0.174696 0.832406
vt 0.175547 0.832369
vt 0.175101 0.854332
vt 0.299891 0.835469
vt 0.300186 0.857388
vt 0.299578 0.857476
vt 0.128488 0.826622
vt 0.128872 0.848568
vt 0.128063 0.848566
vt 0.160622 0.785930
vt 0.160597 0.764717
vt 0.165133 0.764691
vt 0.569341 0.756069
vt 0.564830 0.777310
vt 0.564806 0.756099
vt 0.165158 0.785904
vt 0.569366 0.777281
vt 0.833578 0.685555
vt 0.833578 0.705104
vt 0.830660 0.705097
vt 0.589491 0.626045
vt 0.603481 0.625814
vt 0.603475 0.649341
vt 0.019690 0.785825
vt 0.021881 0.809076
vt 0.019690 0.809099
vt 0.589490 0.649565
vt 0.830660 0.685548
vt 0.467059 0.582343
vt 0.469241 0.582458
vt 0.469246 0.605733
vt 0.467064 0.605867
vt 0.453458 0.582261
vt 0.453458 0.605791
vt 0.021890 0.785802
vt 0.785376 0.548894
vt 0.785376 0.529344
vt 0.788295 0.529349
vt 0.788295 0.548899
vt 0.253242 0.710848
vt 0.265367 0.731241
vt 0.253215 0.731449
vt 0.265367 0.710762
vt 0.160543 0.732144
vt 0.172347 0.752802
vt 0.160544 0.752626
vt 0.172373 0.732200
vt 0.654933 0.833410
vt 0.655228 0.855373
vt 0.654622 0.855378
vt 0.844740 0.256481
vt 0.845148 0.278406
vt 0.844292 0.278445
vt 0.681290 0.833003
vt 0.681586 0.854965
vt 0.680979 0.854970
vt 0.844782 0.124079
vt 0.845190 0.146003
vt 0.844333 0.146043
vt 0.855209 0.496267
vt 0.855505 0.518230
vt 0.854897 0.518235
vt 0.842937 0.496307
vt 0.843345 0.518232
vt 0.842488 0.518271
vt 0.022078 0.773805
vt 0.026588 0.752562
vt 0.026613 0.773775
vt 0.022053 0.752591
vt 0.790644 0.594725
vt 0.786134 0.615962
vt 0.786109 0.594751
vt 0.790669 0.615937
vt 0.485626 0.626495
vt 0.499610 0.649791
vt 0.485625 0.650016
vt 0.499616 0.626264
vt 0.141696 0.583953
vt 0.143878 0.584068
vt 0.143883 0.607343
vt 0.825280 0.358215
vt 0.828198 0.338670
vt 0.828198 0.358220
vt 0.128096 0.583871
vt 0.141701 0.607477
vt 0.128095 0.607401
vt 0.438392 0.814177
vt 0.435474 0.833718
vt 0.435473 0.814170
vt 0.825280 0.338665
vt 0.438392 0.833726
vt 0.033603 0.785825
vt 0.035804 0.785802
vt 0.035793 0.809076
vt 0.033603 0.809099
vt 0.094670 0.711936
vt 0.106795 0.711849
vt 0.106796 0.732328
vt 0.094643 0.732536
vt 0.386964 0.731406
vt 0.398768 0.752064
vt 0.386965 0.751887
vt 0.398794 0.731462
vt 0.844802 0.739224
vt 0.845618 0.739222
vt 0.845190 0.761167
vt 0.706870 0.833336
vt 0.707492 0.833250
vt 0.707173 0.855258
vt 0.843149 0.561627
vt 0.843557 0.583552
vt 0.842700 0.583592
vt 0.745032 0.833588
vt 0.745329 0.855551
vt 0.744721 0.855556
vt 0.842777 0.178693
vt 0.843593 0.178692
vt 0.843165 0.200637
vt 0.855109 0.561631
vt 0.855732 0.561545
vt 0.855413 0.583553
vt 0.038300 0.773805
vt 0.038275 0.752591
vt 0.042810 0.752562
vt 0.042835 0.773775
vt 0.790435 0.262308
vt 0.785925 0.283545
vt 0.785900 0.262333
vt 0.790460 0.283520
vt 0.619024 0.811233
vt 0.619024 0.830783
vt 0.616106 0.830776
vt 0.253162 0.611519
vt 0.267693 0.611369
vt 0.267692 0.634892
vt 0.581863 0.006109
vt 0.584002 0.029523
vt 0.581863 0.029384
vt 0.616105 0.811226
vt 0.584003 0.006000
vt 0.253157 0.635047
vt 0.814378 0.178723
vt 0.816486 0.178688
vt 0.816486 0.201960
vt 0.500016 0.829616
vt 0.502934 0.810072
vt 0.502934 0.829621
vt 0.500016 0.810068
vt 0.597902 0.029440
vt 0.814368 0.201995
vt 0.597907 0.005911
vt 0.410446 0.699046
vt 0.423065 0.698902
vt 0.423035 0.719504
vt 0.070440 0.728957
vt 0.082498 0.749472
vt 0.070413 0.749560
vt 0.082497 0.728991
vt 0.410447 0.719526
vt 0.847064 0.779786
vt 0.847915 0.779749
vt 0.847469 0.801712
vt 0.856938 0.124082
vt 0.857528 0.124075
vt 0.857224 0.146042
vt 0.453426 0.827150
vt 0.454276 0.827114
vt 0.453830 0.849077
vt 0.628633 0.842703
vt 0.629223 0.842696
vt 0.628919 0.864663
vt 0.467265 0.827150
vt 0.468115 0.827114
vt 0.467669 0.849077
vt 0.589593 0.844077
vt 0.590183 0.844070
vt 0.589879 0.866037
vt 0.789965 0.496248
vt 0.785454 0.517487
vt 0.785429 0.496273
vt 0.070392 0.782781
vt 0.074902 0.761539
vt 0.074927 0.782752
vt 0.070367 0.761570
vt 0.789990 0.517460
vt 0.826218 0.110371
vt 0.826218 0.090823
vt 0.829136 0.090827
vt 0.096693 0.577129
vt 0.110592 0.600570
vt 0.096692 0.600653
vt 0.110598 0.577041
vt 0.814342 0.561657
vt 0.816450 0.584895
vt 0.814332 0.584929
vt 0.094591 0.612630
vt 0.109121 0.636004
vt 0.094585 0.636159
vt 0.109122 0.612481
vt 0.094553 0.577239
vt 0.094553 0.600514
vt 0.829137 0.110376
vt 0.816450 0.561623
vt 0.830715 0.496195
vt 0.830715 0.515744
vt 0.827797 0.515737
vt 0.827796 0.496188
vt 0.410573 0.731373
vt 0.422630 0.731407
vt 0.422631 0.751888
vt 0.410546 0.751975
vt 0.642267 0.700827
vt 0.654856 0.721285
vt 0.642268 0.721308
vt 0.654885 0.700683
vt 0.094553 0.825481
vt 0.095404 0.825444
vt 0.094958 0.847407
vt 0.311934 0.835472
vt 0.312524 0.835465
vt 0.312220 0.857432
vt 0.848364 0.817341
vt 0.849215 0.817304
vt 0.848769 0.839268
vt 0.719879 0.835767
vt 0.720469 0.835760
vt 0.720165 0.857727
vt 0.857961 0.685666
vt 0.858551 0.685659
vt 0.858247 0.707626
vt 0.225496 0.830353
vt 0.226347 0.830317
vt 0.225901 0.852279
vt 0.403265 0.785196
vt 0.407775 0.763955
vt 0.407799 0.785167
vt 0.403240 0.763985
vt 0.646856 0.765735
vt 0.646881 0.786947
vt 0.642346 0.786973
vt 0.642321 0.765760
vt 0.440544 0.105045
vt 0.455525 0.149962
vt 0.440558 0.149939
vt 0.455548 0.105152
vt 0.202331 0.697912
vt 0.204322 0.697762
vt 0.204292 0.742570
vt 0.130731 0.793234
vt 0.128122 0.814654
vt 0.128098 0.793263
vt 0.101023 0.439170
vt 0.116424 0.483742
vt 0.100998 0.483974
vt 0.116413 0.438853
vt 0.457441 0.105288
vt 0.457441 0.149820
vt 0.130754 0.814624
vt 0.202325 0.742441
vt 0.142398 0.814658
vt 0.145007 0.793241
vt 0.145030 0.814631
vt 0.142374 0.793269
vt 0.556992 0.005985
vt 0.570117 0.047629
vt 0.556992 0.047419
vt 0.570130 0.006038
vt 0.334595 0.528055
vt 0.348067 0.569399
vt 0.334585 0.569642
vt 0.348064 0.527971
vt 0.758182 0.685664
vt 0.758927 0.685662
vt 0.758534 0.727212
vt 0.759242 0.628338
vt 0.759793 0.628254
vt 0.759509 0.669865
vt 0.517179 0.271294
vt 0.517588 0.278933
vt 0.516750 0.278855
vt 0.932791 0.779740
vt 0.933263 0.787360
vt 0.932269 0.787319
vt 0.932711 0.198512
vt 0.933121 0.206150
vt 0.932283 0.206073
vt 0.932500 0.561580
vt 0.932971 0.569200
vt 0.931977 0.569159
vt 0.572591 0.186545
vt 0.572596 0.216460
vt 0.557087 0.216468
vt 0.557082 0.186554
vt 0.557087 0.258021
vt 0.572590 0.228114
vt 0.572595 0.258026
vt 0.557082 0.228109
vt 0.267738 0.927630
vt 0.267722 0.918601
vt 0.270159 0.918604
vt 0.775180 0.386967
vt 0.772739 0.407035
vt 0.772709 0.386990
vt 0.775176 0.407018
vt 0.601479 0.585279
vt 0.589465 0.613963
vt 0.589505 0.585203
vt 0.270215 0.927638
vt 0.609560 0.034615
vt 0.621573 0.005943
vt 0.621534 0.034701
vt 0.609600 0.005856
vt 0.160652 0.818371
vt 0.162906 0.797699
vt 0.163088 0.818403
vt 0.160595 0.797758
vt 0.775258 0.415669
vt 0.772781 0.415680
vt 0.601440 0.614041
vt 0.759055 0.228035
vt 0.762147 0.228015
vt 0.762147 0.249468
vt 0.563661 0.415187
vt 0.563684 0.420018
vt 0.559445 0.420002
vt 0.795820 0.779602
vt 0.799364 0.800991
vt 0.795805 0.801050
vt 0.799364 0.779547
vt 0.759040 0.249485
vt 0.575398 0.420003
vt 0.575375 0.415174
vt 0.579613 0.415193
vt 0.579637 0.420021
vt 0.802699 0.262474
vt 0.805946 0.262443
vt 0.805931 0.283892
vt 0.802699 0.283926
vt 0.755593 0.228015
vt 0.755593 0.249462
vt 0.559423 0.415173
vt 0.582049 0.041443
vt 0.586548 0.046988
vt 0.582007 0.047131
vt 0.586457 0.041284
vt 0.504690 0.275501
vt 0.504577 0.277973
vt 0.499138 0.277975
vt 0.774498 0.609897
vt 0.774500 0.616119
vt 0.771224 0.616157
vt 0.624306 0.926618
vt 0.626881 0.932158
vt 0.624308 0.932056
vt 0.771221 0.609933
vt 0.626920 0.926471
vt 0.865213 0.726662
vt 0.868487 0.720406
vt 0.868488 0.726629
vt 0.504757 0.271149
vt 0.499002 0.275462
vt 0.498938 0.271175
vt 0.865210 0.720440
vt 0.499086 0.259434
vt 0.498875 0.162415
vt 0.510937 0.162521
vt 0.359641 0.512690
vt 0.371742 0.419289
vt 0.371700 0.512887
vt 0.359619 0.419217
vt 0.511209 0.259528
vt 0.383317 0.512690
vt 0.383295 0.419217
vt 0.395418 0.419289
vt 0.395376 0.512887
vt 0.335945 0.516247
vt 0.335733 0.419228
vt 0.347796 0.419334
vt 0.348067 0.516341
vt 0.848847 0.720528
vt 0.853550 0.720318
vt 0.853515 0.727326
vt 0.492734 0.736817
vt 0.485621 0.753315
vt 0.485710 0.736823
vt 0.079092 0.466262
vt 0.072900 0.489880
vt 0.072876 0.466293
vt 0.492629 0.753345
vt 0.383821 0.150343
vt 0.390754 0.133461
vt 0.390828 0.150455
vt 0.383731 0.133385
vt 0.079115 0.489848
vt 0.492510 0.757821
vt 0.485815 0.757828
vt 0.848849 0.727224
vt 0.616205 0.758801
vt 0.622396 0.735190
vt 0.622420 0.758775
vt 0.616180 0.735216
vt 0.376444 0.910183
vt 0.378176 0.913992
vt 0.375562 0.913993
vt 0.696507 0.924422
vt 0.695093 0.923005
vt 0.697895 0.922819
vt 0.533143 0.914674
vt 0.530298 0.918896
vt 0.530860 0.915017
vt 0.696575 0.924491
vt 0.697857 0.926019
vt 0.696476 0.924549
vt 0.701238 0.038552
vt 0.700393 0.042443
vt 0.697819 0.042441
vt 0.698857 0.038649
vt 0.695055 0.926206
vt 0.743310 0.901616
vt 0.739954 0.905409
vt 0.740980 0.901616
vt 0.535289 0.918359
vt 0.532682 0.918647
vt 0.373097 0.913987
vt 0.374022 0.910172
vt 0.703072 0.042443
vt 0.745061 0.905403
vt 0.742668 0.905381
vt 0.374862 0.917875
vt 0.702206 0.046255
vt 0.699588 0.046245
vt 0.741775 0.909311
vt 0.532442 0.922487
vt 0.377183 0.917779
vt 0.176972 0.924524
vt 0.176966 0.922381
vt 0.178960 0.922540
vt 0.177002 0.922272
vt 0.176886 0.920104
vt 0.176905 0.922265
vt 0.744081 0.909216
vt 0.174898 0.922087
vt 0.534757 0.922245
vt 0.916813 0.158989
vt 0.918546 0.162798
vt 0.915932 0.162799
vt 0.334513 0.922862
vt 0.333099 0.921446
vt 0.335900 0.921259
vt 0.918173 0.178586
vt 0.915329 0.182808
vt 0.915890 0.178929
vt 0.334581 0.922932
vt 0.913468 0.162794
vt 0.914392 0.158978
vt 0.335862 0.924459
vt 0.334482 0.922989
vt 0.560568 0.269842
vt 0.559723 0.273733
vt 0.557150 0.273732
vt 0.558187 0.269939
vt 0.333061 0.924646
vt 0.315260 0.902052
vt 0.317011 0.905840
vt 0.314618 0.905818
vt 0.311904 0.905845
vt 0.312929 0.902052
vt 0.920319 0.182271
vt 0.917713 0.182559
vt 0.562403 0.273733
vt 0.561536 0.277545
vt 0.558918 0.277535
vt 0.915233 0.166681
vt 0.316030 0.909653
vt 0.313724 0.909747
vt 0.917472 0.186400
vt 0.917554 0.166584
vt 0.882318 0.724895
vt 0.882313 0.722752
vt 0.884307 0.722911
vt 0.882349 0.722643
vt 0.882233 0.720474
vt 0.882252 0.722635
vt 0.880244 0.722458
vt 0.919788 0.186157
vt 0.721679 0.039783
vt 0.723514 0.043674
vt 0.720834 0.043674
vt 0.314073 0.923944
vt 0.315392 0.922272
vt 0.315354 0.925472
vt 0.917194 0.367407
vt 0.913848 0.371211
vt 0.914773 0.367396
vt 0.313973 0.924002
vt 0.312553 0.925658
vt 0.718261 0.043671
vt 0.719298 0.039880
vt 0.286097 0.902054
vt 0.287848 0.905841
vt 0.285455 0.905819
vt 0.918927 0.371216
vt 0.916312 0.371217
vt 0.813924 0.914939
vt 0.811080 0.919161
vt 0.811642 0.915282
vt 0.314004 0.923875
vt 0.312590 0.922458
vt 0.282742 0.905847
vt 0.283767 0.902053
vt 0.816071 0.918623
vt 0.813464 0.918912
vt 0.915613 0.375099
vt 0.722647 0.047486
vt 0.720029 0.047476
vt 0.286868 0.909654
vt 0.284562 0.909749
vt 0.917934 0.375002
vt 0.813224 0.922753
vt 0.635468 0.046017
vt 0.635462 0.043874
vt 0.637457 0.044033
vt 0.635383 0.041597
vt 0.635499 0.043765
vt 0.635402 0.043758
vt 0.633394 0.043580
vt 0.815539 0.922509
vt 0.644602 0.923330
vt 0.645921 0.921657
vt 0.645883 0.924857
vt 0.644533 0.923261
vt 0.606221 0.911694
vt 0.602875 0.915499
vt 0.603800 0.911684
vt 0.605339 0.915505
vt 0.885607 0.665867
vt 0.887442 0.669757
vt 0.884763 0.669757
vt 0.644502 0.923388
vt 0.882189 0.669755
vt 0.883226 0.665963
vt 0.643081 0.925044
vt 0.919211 0.535657
vt 0.921357 0.539342
vt 0.918751 0.539630
vt 0.643119 0.921844
vt 0.723205 0.902347
vt 0.719849 0.906140
vt 0.720874 0.902347
vt 0.607954 0.915503
vt 0.916366 0.539880
vt 0.916928 0.536000
vt 0.724955 0.906134
vt 0.722563 0.906112
vt 0.886576 0.673569
vt 0.883958 0.673560
vt 0.604641 0.919387
vt 0.920826 0.543228
vt 0.918510 0.543471
vt 0.721669 0.910042
vt 0.606961 0.919290
vt 0.918995 0.280635
vt 0.918990 0.278492
vt 0.920984 0.278651
vt 0.919026 0.278383
vt 0.723975 0.909948
vt 0.916921 0.278199
vt 0.918929 0.278376
vt 0.918910 0.276215
vt 0.834766 0.911933
vt 0.831421 0.915738
vt 0.832345 0.911922
vt 0.802473 0.102926
vt 0.804307 0.106817
vt 0.801628 0.106817
vt 0.742123 0.923508
vt 0.743442 0.921835
vt 0.743405 0.925035
vt 0.742024 0.923566
vt 0.799055 0.106815
vt 0.800092 0.103023
vt 0.740603 0.925222
vt 0.417992 0.902512
vt 0.419743 0.906299
vt 0.417350 0.906277
vt 0.836499 0.915742
vt 0.833885 0.915743
vt 0.742055 0.923439
vt 0.740641 0.922022
vt 0.008784 0.915873
vt 0.005940 0.920095
vt 0.006502 0.916215
vt 0.008324 0.919845
vt 0.414636 0.906305
vt 0.415661 0.902511
vt 0.010931 0.919557
vt 0.835507 0.919529
vt 0.833186 0.919625
vt 0.008084 0.923686
vt 0.803442 0.110629
vt 0.800823 0.110619
vt 0.418762 0.910112
vt 0.416456 0.910207
vt 0.593535 0.419760
vt 0.593530 0.417618
vt 0.595524 0.417776
vt 0.593566 0.417508
vt 0.593450 0.415340
vt 0.593469 0.417501
vt 0.591461 0.417324
vt 0.010399 0.923443
vt 0.899920 0.158897
vt 0.901754 0.162788
vt 0.899074 0.162787
vt 0.396685 0.924807
vt 0.398005 0.923134
vt 0.397967 0.926334
vt 0.918367 0.432676
vt 0.915021 0.436481
vt 0.915945 0.432666
vt 0.396586 0.924865
vt 0.395165 0.926521
vt 0.395203 0.923321
vt 0.178217 0.900396
vt 0.174862 0.904189
vt 0.175887 0.900396
vt 0.177575 0.904161
vt 0.396617 0.924737
vt 0.919369 0.093430
vt 0.918909 0.097402
vt 0.916525 0.097652
vt 0.917086 0.093772
vt 0.920099 0.436485
vt 0.917485 0.436487
vt 0.896501 0.162786
vt 0.897538 0.158993
vt 0.179968 0.904183
vt 0.921515 0.097114
vt 0.916786 0.440369
vt 0.900887 0.166599
vt 0.898269 0.166589
vt 0.178988 0.907996
vt 0.176682 0.908091
vt 0.920984 0.101000
vt 0.918669 0.101243
vt 0.919107 0.440272
vt 0.920103 0.420572
vt 0.920098 0.418429
vt 0.922092 0.418588
vt 0.920134 0.418320
vt 0.920018 0.416151
vt 0.920037 0.418313
vt 0.918029 0.418135
vt 0.589502 0.760178
vt 0.589478 0.736593
vt 0.595694 0.736566
vt 0.402574 0.150343
vt 0.409507 0.133461
vt 0.409581 0.150455
vt 0.595718 0.760152
vt 0.762192 0.320811
vt 0.762073 0.325286
vt 0.755377 0.325293
vt 0.755184 0.320780
vt 0.762296 0.304282
vt 0.755272 0.304288
vt 0.832489 0.720528
vt 0.837192 0.720318
vt 0.837156 0.727326
vt 0.365916 0.735043
vt 0.359724 0.758661
vt 0.359700 0.735074
vt 0.402485 0.133385
vt 0.365939 0.758630
vt 0.832491 0.727224
vt 0.697762 0.902599
vt 0.699513 0.906387
vt 0.697120 0.906365
vt 0.084600 0.924618
vt 0.085981 0.926088
vt 0.083180 0.926274
vt 0.834235 0.665867
vt 0.830817 0.669755
vt 0.831854 0.665963
vt 0.438819 0.908460
vt 0.437937 0.912270
vt 0.435473 0.912264
vt 0.440552 0.912269
vt 0.084631 0.924491
vt 0.083218 0.923074
vt 0.086019 0.922888
vt 0.919728 0.256375
vt 0.916884 0.260597
vt 0.917446 0.256717
vt 0.084700 0.924560
vt 0.436398 0.908449
vt 0.836070 0.669757
vt 0.833390 0.669757
vt 0.694407 0.906392
vt 0.695432 0.902599
vt 0.921875 0.260059
vt 0.919268 0.260348
vt 0.437239 0.916152
vt 0.439559 0.916056
vt 0.919028 0.264189
vt 0.698533 0.910200
vt 0.696227 0.910294
vt 0.832585 0.673559
vt 0.835204 0.673570
vt 0.887429 0.042416
vt 0.885471 0.042148
vt 0.885457 0.040033
vt 0.885374 0.042141
vt 0.883366 0.041964
vt 0.885434 0.042257
vt 0.921343 0.263945
vt 0.885338 0.044346
vt 0.284842 0.923876
vt 0.286230 0.922273
vt 0.284910 0.923946
vt 0.918491 0.561699
vt 0.917610 0.565510
vt 0.915146 0.565503
vt 0.916070 0.561688
vt 0.286192 0.925473
vt 0.283428 0.922460
vt 0.919211 0.496201
vt 0.916366 0.500423
vt 0.916928 0.496543
vt 0.920225 0.565508
vt 0.882795 0.158897
vt 0.884630 0.162787
vt 0.881950 0.162787
vt 0.879377 0.162786
vt 0.880414 0.158993
vt 0.397872 0.902914
vt 0.399623 0.906702
vt 0.397230 0.906680
vt 0.284811 0.924004
vt 0.283390 0.925660
vt 0.394516 0.906708
vt 0.395542 0.902914
vt 0.921357 0.499885
vt 0.918751 0.500173
vt 0.881146 0.166589
vt 0.396337 0.910610
vt 0.918510 0.504014
vt 0.919232 0.569295
vt 0.916911 0.569391
vt 0.803688 0.673266
vt 0.803785 0.671177
vt 0.805779 0.671336
vt 0.803821 0.671068
vt 0.883764 0.166599
vt 0.398643 0.910515
vt 0.803807 0.668953
vt 0.803724 0.671061
vt 0.801716 0.670884
vt 0.920826 0.503771
vt 0.127471 0.923016
vt 0.128859 0.921413
vt 0.127540 0.923085
vt 0.918392 0.628408
vt 0.917510 0.632218
vt 0.915046 0.632213
vt 0.915971 0.628397
vt 0.128821 0.924613
vt 0.847689 0.158016
vt 0.849524 0.161906
vt 0.846844 0.161907
vt 0.359469 0.904315
vt 0.358827 0.908080
vt 0.356113 0.908108
vt 0.357139 0.904315
vt 0.127440 0.923143
vt 0.126020 0.924799
vt 0.126058 0.921599
vt 0.919937 0.123972
vt 0.922084 0.127657
vt 0.919477 0.127945
vt 0.920125 0.632217
vt 0.917093 0.128195
vt 0.917655 0.124315
vt 0.844271 0.161905
vt 0.845308 0.158113
vt 0.361220 0.908103
vt 0.916812 0.636100
vt 0.848658 0.165719
vt 0.846040 0.165709
vt 0.357934 0.912010
vt 0.919237 0.131786
vt 0.906081 0.418588
vt 0.904087 0.418429
vt 0.904123 0.418320
vt 0.919132 0.636003
vt 0.903990 0.420518
vt 0.360239 0.911916
vt 0.902018 0.418135
vt 0.904026 0.418313
vt 0.904109 0.416205
vt 0.921552 0.131543
vt 0.851359 0.665867
vt 0.853194 0.669757
vt 0.850515 0.669757
vt 0.913843 0.908477
vt 0.910498 0.912282
vt 0.911422 0.908467
vt 0.144674 0.923099
vt 0.145993 0.921427
vt 0.145955 0.924627
vt 0.847941 0.669755
vt 0.848978 0.665963
vt 0.489053 0.908121
vt 0.490804 0.911909
vt 0.488412 0.911887
vt 0.144574 0.923157
vt 0.143153 0.924814
vt 0.485698 0.911914
vt 0.486723 0.908121
vt 0.143191 0.921613
vt 0.915576 0.912286
vt 0.912961 0.912288
vt 0.144605 0.923030
vt 0.863999 0.912343
vt 0.861153 0.916566
vt 0.861716 0.912686
vt 0.863538 0.916316
vt 0.866145 0.916028
vt 0.849709 0.673559
vt 0.863298 0.920156
vt 0.914583 0.916073
vt 0.912263 0.916169
vt 0.609546 0.419760
vt 0.609540 0.417617
vt 0.611535 0.417776
vt 0.609577 0.417508
vt 0.609563 0.415393
vt 0.852327 0.673570
vt 0.609480 0.417501
vt 0.489824 0.915722
vt 0.487518 0.915816
vt 0.607472 0.417324
vt 0.865613 0.919914
vt 0.721949 0.924170
vt 0.723337 0.922567
vt 0.722018 0.924239
vt 0.887433 0.912458
vt 0.886552 0.916268
vt 0.884087 0.916262
vt 0.885012 0.912447
vt 0.723299 0.925767
vt 0.721918 0.924297
vt 0.720497 0.925953
vt 0.864813 0.158016
vt 0.861395 0.161905
vt 0.862432 0.158113
vt 0.863968 0.161907
vt 0.645788 0.901438
vt 0.647539 0.905225
vt 0.645146 0.905203
vt 0.720535 0.922753
vt 0.642433 0.905231
vt 0.643458 0.901438
vt 0.919211 0.515929
vt 0.921357 0.519613
vt 0.918751 0.519902
vt 0.916366 0.520151
vt 0.916928 0.516272
vt 0.889166 0.916267
vt 0.866648 0.161907
vt 0.888173 0.920053
vt 0.885853 0.920150
vt 0.918510 0.523743
vt 0.863163 0.165709
vt 0.644253 0.909133
vt 0.920825 0.523499
vt 0.865782 0.165719
vt 0.869598 0.042416
vt 0.867640 0.042148
vt 0.867626 0.040033
vt 0.646559 0.909039
vt 0.867543 0.042140
vt 0.865535 0.041963
vt 0.867506 0.044346
vt 0.867603 0.042257
vt 0.416805 0.924404
vt 0.418124 0.922731
vt 0.418086 0.925931
vt 0.915716 0.039773
vt 0.912370 0.043577
vt 0.913295 0.039763
vt 0.868484 0.665867
vt 0.870318 0.669757
vt 0.867639 0.669757
vt 0.416705 0.924462
vt 0.865065 0.669755
vt 0.866103 0.665963
vt 0.415285 0.926118
vt 0.627827 0.906850
vt 0.627185 0.910615
vt 0.624472 0.910643
vt 0.625497 0.906849
vt 0.415322 0.922918
vt 0.917449 0.043582
vt 0.914835 0.043584
vt 0.416736 0.924334
vt 0.918173 0.198315
vt 0.915329 0.202537
vt 0.915891 0.198657
vt 0.629578 0.910637
vt 0.920319 0.201999
vt 0.917713 0.202287
vt 0.914136 0.047465
vt 0.869451 0.673570
vt 0.866834 0.673559
vt 0.628598 0.914450
vt 0.626292 0.914545
vt 0.916457 0.047369
vt 0.917473 0.206128
vt 0.109023 0.924166
vt 0.109017 0.922023
vt 0.111012 0.922182
vt 0.109054 0.921914
vt 0.109040 0.919799
vt 0.108957 0.921907
vt 0.106949 0.921730
vt 0.919788 0.205885
vt 0.979428 0.215316
vt 0.979066 0.216445
vt 0.978391 0.215655
vt 0.979428 0.228540
vt 0.979066 0.229668
vt 0.978391 0.228878
vt 0.761926 0.006030
vt 0.763614 0.005893
vt 0.763584 0.041684
vt 0.070403 0.508248
vt 0.081334 0.544114
vt 0.070421 0.544119
vt 0.462287 0.261783
vt 0.460088 0.277398
vt 0.460064 0.261814
vt 0.081356 0.508322
vt 0.082960 0.543984
vt 0.473952 0.277402
vt 0.473928 0.261820
vt 0.476152 0.261790
vt 0.476175 0.277373
vt 0.559612 0.291104
vt 0.570847 0.326718
vt 0.559586 0.326891
vt 0.570832 0.290852
vt 0.761919 0.041557
vt 0.082960 0.508455
vt 0.462311 0.277367
vt 0.641889 0.420602
vt 0.641885 0.413807
vt 0.645054 0.413836
vt 0.421816 0.267999
vt 0.426494 0.277646
vt 0.421831 0.277650
vt 0.426504 0.268008
vt 0.428886 0.277540
vt 0.798484 0.474153
vt 0.803343 0.483611
vt 0.798417 0.483675
vt 0.803277 0.474045
vt 0.428883 0.268112
vt 0.630303 0.413831
vt 0.630308 0.420627
vt 0.627138 0.420601
vt 0.645059 0.420630
vt 0.757606 0.101804
vt 0.760039 0.111208
vt 0.757609 0.111231
vt 0.760071 0.101774
vt 0.627134 0.413806
vt 0.421238 0.133725
vt 0.427870 0.133530
vt 0.427846 0.146240
vt 0.705245 0.402497
vt 0.692521 0.414145
vt 0.692652 0.402497
vt 0.327772 0.133562
vt 0.319031 0.150209
vt 0.319014 0.133584
vt 0.705232 0.414169
vt 0.339584 0.150209
vt 0.348324 0.133572
vt 0.348341 0.150194
vt 0.421240 0.146180
vt 0.339567 0.133586
vt 0.360206 0.133533
vt 0.372179 0.145993
vt 0.360181 0.146242
vt 0.372179 0.133402
vt 0.327789 0.150186
vt 0.705142 0.420500
vt 0.692687 0.420502
vt 0.442909 0.276479
vt 0.440926 0.274086
vt 0.440870 0.269809
vt 0.443733 0.268088
vt 0.446551 0.270813
vt 0.446520 0.274973
vt 0.444951 0.276607
vt 0.146390 0.524034
vt 0.144456 0.522309
vt 0.144511 0.518351
vt 0.150023 0.521519
vt 0.148256 0.523709
vt 0.147293 0.515563
vt 0.150114 0.517221
vt 0.160738 0.926805
vt 0.161810 0.926703
vt 0.161954 0.933526
vt 0.160667 0.933649
vt 0.239728 0.926670
vt 0.240912 0.926691
vt 0.240836 0.933535
vt 0.239780 0.933616
vt 0.801397 0.548802
vt 0.799909 0.537643
vt 0.801365 0.537611
vt 0.203869 0.928568
vt 0.202380 0.917412
vt 0.203837 0.917378
vt 0.202411 0.928602
vt 0.799940 0.548834
vt 0.773149 0.549403
vt 0.771691 0.549436
vt 0.771660 0.538244
vt 0.773117 0.538213
vt 0.517062 0.929221
vt 0.515605 0.929253
vt 0.515574 0.918064
vt 0.517030 0.918030
vt 0.070365 0.927248
vt 0.070813 0.927248
vt 0.070414 0.935168
vt 0.935015 0.871250
vt 0.935464 0.871251
vt 0.935065 0.879171
vt 0.160954 0.675930
vt 0.225906 0.675935
vt 0.747204 0.440571
vt 0.655263 0.637008
vt 0.656042 0.637002
vt 0.655631 0.646036
vt 0.575685 0.638864
vt 0.576499 0.638849
vt 0.576192 0.647868
vt 0.616534 0.611882
vt 0.616279 0.602800
vt 0.617059 0.602794
vt 0.239753 0.713234
vt 0.239839 0.720405
vt 0.239432 0.720355
vt 0.161853 0.713229
vt 0.161939 0.720400
vt 0.161531 0.720350
vt 0.174801 0.713229
vt 0.174887 0.720400
vt 0.174479 0.720351
vt 0.721125 0.606367
vt 0.721211 0.613538
vt 0.720803 0.613488
vt 0.721146 0.477344
vt 0.721232 0.484515
vt 0.720825 0.484465
vt 0.226805 0.713234
vt 0.226891 0.720405
vt 0.226484 0.720355
vt 0.721125 0.670297
vt 0.721211 0.677468
vt 0.720803 0.677418
vt 0.679818 0.066733
vt 0.561535 0.628573
vt 0.680144 0.391065
vt 0.679515 0.391179
vt 0.679742 0.383539
vt 0.677467 0.314647
vt 0.676817 0.314729
vt 0.677065 0.307121
vt 0.046542 0.678930
vt 0.045913 0.679043
vt 0.046141 0.671404
vt 0.679978 0.111862
vt 0.679349 0.111975
vt 0.679577 0.104336
vt 0.032784 0.678930
vt 0.032134 0.679012
vt 0.032383 0.671404
vt 0.677965 0.238380
vt 0.677336 0.238493
vt 0.677563 0.230854
vt 0.006488 0.678930
vt 0.005859 0.679043
vt 0.006087 0.671404
vt 0.019840 0.678930
vt 0.019211 0.679043
vt 0.019438 0.671404
vt 0.499998 0.423217
vt 0.163097 0.430769
vt 0.435831 0.936087
vt 0.435473 0.936084
vt 0.435582 0.928165
vt 0.934964 0.851298
vt 0.935351 0.851296
vt 0.935065 0.859218
vt 0.935097 0.817339
vt 0.935484 0.817337
vt 0.935273 0.825259
vt 0.107737 0.647872
vt 0.108001 0.655162
vt 0.107592 0.655118
vt 0.516375 0.539734
vt 0.516798 0.548712
vt 0.515578 0.548847
vt 0.703382 0.185883
vt 0.703647 0.193173
vt 0.703237 0.193129
vt 0.561687 0.656492
vt 0.561947 0.663964
vt 0.561537 0.663921
vt 0.707208 0.632616
vt 0.707467 0.640088
vt 0.707058 0.640045
vt 0.707208 0.568686
vt 0.707467 0.576158
vt 0.707058 0.576114
vt 0.453764 0.660363
vt 0.454023 0.667835
vt 0.453614 0.667792
vt 0.107932 0.662599
vt 0.108191 0.670071
vt 0.107782 0.670027
vt 0.703080 0.276877
vt 0.703339 0.284349
vt 0.702929 0.284305
vt 0.332680 0.667150
vt 0.332939 0.674622
vt 0.332530 0.674578
vt 0.705591 0.074092
vt 0.705850 0.081564
vt 0.705441 0.081520
vt 0.705757 0.353295
vt 0.706016 0.360767
vt 0.705606 0.360724
vt 0.141442 0.669501
vt 0.141701 0.676973
vt 0.141291 0.676929
vt 0.094987 0.662599
vt 0.095246 0.670071
vt 0.094836 0.670027
vt 0.703578 0.200610
vt 0.703837 0.208082
vt 0.703427 0.208038
vt 0.562068 0.686310
vt 0.562327 0.693782
vt 0.561917 0.693738
vt 0.707589 0.662434
vt 0.707848 0.669906
vt 0.707438 0.669863
vt 0.467090 0.690181
vt 0.467349 0.697653
vt 0.466940 0.697610
vt 0.345911 0.689513
vt 0.346170 0.696985
vt 0.345761 0.696942
vt 0.707589 0.598504
vt 0.707848 0.605976
vt 0.707438 0.605932
vt 0.454145 0.690181
vt 0.454404 0.697653
vt 0.453994 0.697610
vt 0.254174 0.669490
vt 0.254383 0.676919
vt 0.253974 0.676971
vt 0.422618 0.657461
vt 0.422765 0.664891
vt 0.422356 0.664939
vt 0.360668 0.661097
vt 0.360878 0.668526
vt 0.360469 0.668577
vt 0.373616 0.661097
vt 0.373825 0.668526
vt 0.373416 0.668577
vt 0.690748 0.284880
vt 0.690958 0.292308
vt 0.690549 0.292360
vt 0.694990 0.519709
vt 0.695200 0.527137
vt 0.694791 0.527189
vt 0.693259 0.082095
vt 0.693469 0.089524
vt 0.693060 0.089575
vt 0.534769 0.667716
vt 0.534979 0.675145
vt 0.534570 0.675197
vt 0.681031 0.927379
vt 0.681479 0.927379
vt 0.681155 0.935299
vt 0.664215 0.238777
vt 0.663640 0.187613
vt 0.664039 0.187782
vt 0.666228 0.112260
vt 0.665654 0.061095
vt 0.666053 0.061265
vt 0.346642 0.771138
vt 0.467821 0.771806
vt 0.747079 0.160783
vt 0.333437 0.771138
vt 0.454616 0.771806
vt 0.486989 0.423217
vt 0.176011 0.430769
vt 0.599492 0.195097
vt 0.107802 0.655141
vt 0.108096 0.662616
vt 0.107687 0.662573
vt 0.332549 0.659692
vt 0.332844 0.667167
vt 0.332435 0.667124
vt 0.705460 0.066634
vt 0.705755 0.074109
vt 0.705345 0.074066
vt 0.705626 0.345837
vt 0.705921 0.353313
vt 0.705511 0.353269
vt 0.703447 0.193152
vt 0.703742 0.200627
vt 0.703332 0.200584
vt 0.707458 0.654976
vt 0.707753 0.662452
vt 0.707343 0.662408
vt 0.466959 0.682723
vt 0.467254 0.690199
vt 0.466844 0.690155
vt 0.345780 0.682055
vt 0.346075 0.689531
vt 0.345665 0.689487
vt 0.707458 0.591046
vt 0.707753 0.598521
vt 0.707343 0.598478
vt 0.108182 0.684959
vt 0.108477 0.692434
vt 0.108067 0.692391
vt 0.703330 0.299237
vt 0.332930 0.689510
vt 0.705841 0.096452
vt 0.706135 0.103927
vt 0.705726 0.103884
vt 0.706007 0.375655
vt 0.141692 0.691861
vt 0.703828 0.222969
vt 0.704122 0.230445
vt 0.703713 0.230402
vt 0.693390 0.361302
vt 0.693635 0.368727
vt 0.693226 0.368779
vt 0.203052 0.656463
vt 0.203202 0.663890
vt 0.202793 0.663936
vt 0.694936 0.648078
vt 0.695181 0.655502
vt 0.694772 0.655554
vt 0.694955 0.455125
vt 0.695200 0.462549
vt 0.694791 0.462601
vt 0.547681 0.667720
vt 0.547926 0.675145
vt 0.547517 0.675197
vt 0.267085 0.669495
vt 0.267330 0.676919
vt 0.266921 0.676971
vt 0.517658 0.616060
vt 0.516747 0.668313
vt 0.516542 0.615945
vt 0.486996 0.206004
vt 0.667590 0.338835
vt 0.666679 0.391088
vt 0.666475 0.338720
vt 0.467424 0.049376
vt 0.693002 0.131600
vt 0.693473 0.130699
vt 0.128134 0.758775
vt 0.284099 0.693075
vt 0.642338 0.806247
vt 0.643772 0.806281
vt 0.902000 0.635631
vt 0.733513 0.692276
vt 0.732955 0.693164
vt 0.903372 0.635515
vt 0.681132 0.697516
vt 0.746565 0.503606
vt 0.006526 0.697760
vt 0.825589 0.012967
vt 0.824864 0.013140
vt 0.706941 0.758262
vt 0.668448 0.695639
vt 0.667914 0.696547
vt 0.240804 0.804963
vt 0.240097 0.805856
vt 0.239726 0.805167
vt 0.825731 0.394176
vt 0.825024 0.395069
vt 0.824653 0.394380
vt 0.188922 0.693365
vt 0.176202 0.805238
vt 0.046022 0.698647
vt 0.174767 0.805203
vt 0.742487 0.193582
vt 0.824924 0.046950
vt 0.825582 0.047454
vt 0.707022 0.696954
vt 0.742030 0.269885
vt 0.742564 0.268977
vt 0.692939 0.138554
vt 0.284082 0.700069
vt 0.901958 0.643239
vt 0.902647 0.643701
vt 0.732916 0.700138
vt 0.668384 0.632529
vt 0.667850 0.640164
vt 0.681666 0.703680
vt 0.005929 0.705622
vt 0.733902 0.509936
vt 0.733428 0.510836
vt 0.824934 0.020624
vt 0.667851 0.703501
vt 0.861061 0.892557
vt 0.019813 0.697767
vt 0.861102 0.900165
vt 0.861796 0.900619
vt 0.019280 0.705622
vt 0.824631 0.401727
vt 0.033157 0.704769
vt 0.188388 0.694273
vt 0.141335 0.766081
vt 0.174767 0.812510
vt 0.046580 0.704769
vt 0.046046 0.705678
vt 0.742465 0.200572
vt 0.332317 0.900849
vt 0.707619 0.703111
vt 0.707085 0.704020
vt 0.667770 0.757799
vt 0.741967 0.276839
vt 0.692961 0.145583
vt 0.128063 0.773518
vt 0.693536 0.144711
vt 0.642410 0.821322
vt 0.643438 0.820615
vt 0.643031 0.821620
vt 0.643776 0.821268
vt 0.642360 0.820819
vt 0.267685 0.898757
vt 0.733513 0.706295
vt 0.732979 0.707204
vt 0.668950 0.647224
vt 0.668243 0.648118
vt 0.667871 0.647429
vt 0.005992 0.712687
vt 0.746565 0.518219
vt 0.006526 0.711779
vt 0.826070 0.027680
vt 0.825045 0.028392
vt 0.824992 0.027890
vt 0.825668 0.028687
vt 0.826412 0.028331
vt 0.706941 0.772876
vt 0.668448 0.709657
vt 0.744541 0.074110
vt 0.745075 0.073202
vt 0.239704 0.812515
vt 0.240804 0.819576
vt 0.239776 0.820283
vt 0.239726 0.819780
vt 0.240397 0.820581
vt 0.241142 0.820229
vt 0.681050 0.757972
vt 0.019877 0.711779
vt 0.825731 0.408789
vt 0.824703 0.409496
vt 0.824653 0.408994
vt 0.825324 0.409794
vt 0.826069 0.409442
vt 0.141334 0.773388
vt 0.188859 0.707391
vt 0.188388 0.708292
vt 0.174839 0.820279
vt 0.175867 0.819571
vt 0.175460 0.820577
vt 0.176205 0.820224
vt 0.174789 0.819776
vt 0.746130 0.454517
vt 0.742999 0.206736
vt 0.332429 0.908617
vt 0.333454 0.907905
vt 0.333052 0.908911
vt 0.333796 0.908556
vt 0.332376 0.908115
vt 0.667770 0.772411
vt 0.742564 0.282996
vt 0.128827 0.781455
vt 0.129072 0.780388
vt 0.129593 0.781063
vt 0.128189 0.781143
vt 0.128103 0.780516
vt 0.284082 0.714088
vt 0.268580 0.905755
vt 0.267797 0.906525
vt 0.267722 0.906063
vt 0.268420 0.906819
vt 0.269184 0.906425
vt 0.667850 0.654776
vt 0.681729 0.717691
vt 0.681195 0.718600
vt 0.733860 0.523955
vt 0.733386 0.524855
vt 0.744792 0.758819
vt 0.706944 0.780484
vt 0.707634 0.780942
vt 0.667851 0.717519
vt 0.745012 0.087228
vt 0.682007 0.764957
vt 0.033157 0.718788
vt 0.786810 0.393700
vt 0.032582 0.719661
vt 0.141407 0.781156
vt 0.142194 0.780391
vt 0.142028 0.781455
vt 0.142794 0.781063
vt 0.789992 0.227163
vt 0.046516 0.718795
vt 0.742465 0.214591
vt 0.667759 0.779989
vt 0.668727 0.779397
vt 0.668463 0.780478
vt 0.669229 0.780088
vt 0.693473 0.158736
vt 0.905549 0.745672
vt 0.787720 0.019442
vt 0.284060 0.721078
vt 0.681301 0.725702
vt 0.668652 0.661724
vt 0.747522 0.525204
vt 0.746565 0.532832
vt 0.006462 0.725805
vt 0.745327 0.765798
vt 0.733303 0.531808
vt 0.106817 0.899847
vt 0.668385 0.723683
vt 0.744541 0.088129
vt 0.054513 0.759068
vt 0.744478 0.095083
vt 0.019813 0.725805
vt 0.681050 0.772586
vt 0.787881 0.400565
vt 0.787275 0.401524
vt 0.786903 0.400836
vt 0.141335 0.780694
vt 0.563816 0.899001
vt 0.188858 0.721409
vt 0.790527 0.234142
vt 0.045983 0.726650
vt 0.746130 0.469129
vt 0.742998 0.220755
vt 0.707022 0.724992
vt 0.253237 0.906368
vt 0.253930 0.906822
vt 0.707044 0.718003
vt 0.906143 0.718454
vt 0.742501 0.297022
vt 0.692979 0.166627
vt 0.787185 0.027077
vt 0.284594 0.727242
vt 0.733513 0.720314
vt 0.906143 0.692111
vt 0.732916 0.728176
vt 0.667850 0.669389
vt 0.681666 0.731717
vt 0.747258 0.540899
vt 0.005929 0.733660
vt 0.746568 0.540440
vt 0.667851 0.731538
vt 0.107553 0.907910
vt 0.106860 0.907456
vt 0.055047 0.766047
vt 0.054513 0.773682
vt 0.745012 0.101247
vt 0.019280 0.733660
vt 0.681053 0.780193
vt 0.681743 0.780652
vt 0.033094 0.732814
vt 0.786881 0.408183
vt 0.188325 0.729265
vt 0.789992 0.241776
vt 0.046517 0.732814
vt 0.707556 0.731156
vt 0.741967 0.304877
vt 0.906186 0.726062
vt 0.906879 0.726516
vt 0.906284 0.753734
vt 0.905661 0.753440
vt 0.905586 0.752978
vt 0.906879 0.700174
vt 0.906186 0.699720
vt 0.733819 0.537974
vt 0.744792 0.773432
vt 0.563859 0.906609
vt 0.564552 0.907063
vt 0.742465 0.228610
vt 0.746133 0.476738
vt 0.746823 0.477197
vt 0.899243 0.039859
vt 0.707085 0.732058
vt 0.756852 0.932453
vt 0.720443 0.504141
vt 0.719918 0.503825
vt 0.721201 0.504073
vt 0.728621 0.269882
vt 0.884286 0.892388
vt 0.884803 0.893231
vt 0.667735 0.932043
vt 0.902058 0.439701
vt 0.902466 0.440572
vt 0.679552 0.131729
vt 0.731852 0.345596
vt 0.731823 0.346616
vt 0.731273 0.346260
vt 0.732582 0.346548
vt 0.732767 0.345930
vt 0.732948 0.440255
vt 0.811155 0.895015
vt 0.811567 0.895883
vt 0.729673 0.192910
vt 0.729644 0.193931
vt 0.729095 0.193574
vt 0.730403 0.193863
vt 0.730588 0.193245
vt 0.706149 0.131597
vt 0.188411 0.630073
vt 0.746753 0.636311
vt 0.732697 0.131597
vt 0.746276 0.635435
vt 0.731443 0.067325
vt 0.732416 0.067345
vt 0.454100 0.931530
vt 0.732926 0.569278
vt 0.668017 0.568880
vt 0.668430 0.569748
vt 0.435611 0.676571
vt 0.979398 0.531399
vt 0.719422 0.131597
vt 0.533918 0.894783
vt 0.534436 0.895625
vt 0.734128 0.631411
vt 0.733369 0.631479
vt 0.356685 0.931923
vt 0.732844 0.631163
vt 0.719918 0.510915
vt 0.897664 0.824700
vt 0.681376 0.569528
vt 0.682349 0.569545
vt 0.603073 0.891625
vt 0.681090 0.576392
vt 0.603591 0.892467
vt 0.679969 0.139001
vt 0.679843 0.138012
vt 0.680753 0.138935
vt 0.679266 0.138566
vt 0.680915 0.138278
vt 0.731299 0.353391
vt 0.795973 0.886949
vt 0.733135 0.447423
vt 0.733237 0.446517
vt 0.734149 0.447461
vt 0.734311 0.446804
vt 0.746087 0.131473
vt 0.979398 0.282834
vt 0.516883 0.688458
vt 0.516153 0.687506
vt 0.517068 0.687840
vt 0.516124 0.688526
vt 0.515575 0.688170
vt 0.436189 0.889233
vt 0.515600 0.695300
vt 0.435672 0.888391
vt 0.733067 0.137991
vt 0.895078 0.475977
vt 0.731133 0.074187
vt 0.733162 0.575600
vt 0.733794 0.576540
vt 0.732844 0.576235
vt 0.284107 0.636275
vt 0.435555 0.684161
vt 0.898008 0.886925
vt 0.732844 0.638253
vt 0.897491 0.886083
vt 0.898103 0.832916
vt 0.720443 0.518321
vt 0.719918 0.518005
vt 0.721201 0.518253
vt 0.728890 0.277182
vt 0.728992 0.276276
vt 0.729905 0.277220
vt 0.730066 0.276563
vt 0.590113 0.886266
vt 0.728621 0.284061
vt 0.603490 0.899802
vt 0.682399 0.583725
vt 0.681425 0.583708
vt 0.503155 0.120742
vt 0.502742 0.119874
vt 0.679552 0.145909
vt 0.796389 0.895125
vt 0.732582 0.360728
vt 0.373813 0.890956
vt 0.732867 0.454302
vt 0.373336 0.890080
vt 0.746605 0.132315
vt 0.729120 0.200705
vt 0.729176 0.207294
vt 0.979398 0.295916
vt 0.706149 0.145777
vt 0.188411 0.644764
vt 0.188888 0.645640
vt 0.436088 0.896567
vt 0.515910 0.702617
vt 0.516883 0.702638
vt 0.746753 0.651002
vt 0.746235 0.650159
vt 0.732697 0.145776
vt 0.732416 0.081525
vt 0.731636 0.080580
vt 0.732601 0.080907
vt 0.731401 0.081487
vt 0.668430 0.584439
vt 0.668017 0.583571
vt 0.732926 0.583458
vt 0.979380 0.544421
vt 0.435649 0.690716
vt 0.436504 0.691556
vt 0.435555 0.691252
vt 0.436847 0.691547
vt 0.436638 0.690601
vt 0.720705 0.138935
vt 0.719793 0.137991
vt 0.720867 0.138278
vt 0.719691 0.138897
vt 0.719422 0.145776
vt 0.897531 0.858659
vt 0.898008 0.859534
vt 0.733155 0.645570
vt 0.734128 0.645591
vt 0.897908 0.894260
vt 0.345650 0.756519
vt 0.719918 0.525095
vt 0.589636 0.885391
vt 0.590013 0.893600
vt 0.729905 0.291399
vt 0.202562 0.898181
vt 0.681139 0.590571
vt 0.679788 0.152231
vt 0.680420 0.153171
vt 0.679471 0.152866
vt 0.731609 0.360707
vt 0.731299 0.367570
vt 0.466870 0.757154
vt 0.733176 0.461620
vt 0.734149 0.461640
vt 0.373713 0.898290
vt 0.746605 0.147006
vt 0.746087 0.146164
vt 0.729120 0.214885
vt 0.706519 0.152171
vt 0.516118 0.899713
vt 0.515800 0.898805
vt 0.515681 0.709612
vt 0.733067 0.152171
vt 0.731133 0.088367
vt 0.332446 0.756519
vt 0.332962 0.757361
vt 0.733162 0.589780
vt 0.733794 0.590720
vt 0.732844 0.590415
vt 0.435555 0.698341
vt 0.284106 0.650966
vt 0.897908 0.866868
vt 0.720705 0.153114
vt 0.453625 0.757187
vt 0.454141 0.758029
vt 0.719975 0.531684
vt 0.979398 0.452905
vt 0.728932 0.291379
vt 0.899525 0.395351
vt 0.681218 0.597160
vt 0.979398 0.465987
vt 0.503155 0.135433
vt 0.679552 0.160089
vt 0.502742 0.134565
vt 0.979398 0.387493
vt 0.731355 0.374159
vt 0.729176 0.221473
vt 0.979398 0.308999
vt 0.188823 0.660324
vt 0.515819 0.715919
vt 0.979324 0.321822
vt 0.746235 0.664850
vt 0.732697 0.159956
vt 0.979324 0.478810
vt 0.731352 0.094806
vt 0.668430 0.599130
vt 0.979398 0.335164
vt 0.435611 0.704930
vt 0.899827 0.014245
vt 0.719732 0.153094
vt 0.979398 0.492152
vt 0.732844 0.652433
vt 0.732901 0.659022
vt 0.346103 0.772045
vt 0.728932 0.305558
vt 0.729905 0.305579
vt 0.899489 0.402693
vt 0.128823 0.902797
vt 0.979324 0.504975
vt 0.467282 0.772713
vt 0.835663 0.892699
vt 0.732948 0.468615
vt 0.835250 0.891831
vt 0.733135 0.475782
vt 0.733370 0.474876
vt 0.734149 0.475820
vt 0.734335 0.475202
vt 0.746540 0.161690
vt 0.979398 0.518317
vt 0.516796 0.723910
vt 0.515681 0.723792
vt 0.142935 0.902722
vt 0.732965 0.167256
vt 0.733200 0.166349
vt 0.733979 0.167294
vt 0.734165 0.166676
vt 0.332898 0.772045
vt 0.732901 0.604094
vt 0.979398 0.374411
vt 0.284559 0.666492
vt 0.719733 0.167273
vt 0.720705 0.167294
vt 0.899791 0.021586
vt 0.453665 0.771845
vt 0.679690 0.166395
vt 0.706205 0.166545
vt 0.454077 0.772713
vt 0.732926 0.666745
s 1
usemtl residential_011_baked.001
f 671/1/1 2378/2/2 3767/3/3
f 1914/4/4 1913/5/5 1915/6/6
f 1916/7/7 1918/8/8 1917/9/9
f 1924/10/10 1923/11/11 1922/12/12
f 1925/13/13 1927/14/14 1926/15/15
f 618/16/16 2507/17/17 4650/18/18
f 632/19/19 4096/20/17 2511/21/18
f 2271/22/20 640/23/21 2661/24/22
f 646/25/19 4105/26/17 4504/27/18
f 652/28/19 3761/29/17 2978/30/18
f 664/31/19 2097/32/17 2838/33/18
f 679/34/19 2662/35/17 4598/36/18
f 4725/37/23 3016/38/24 4258/39/25
f 1124/40/26 4145/41/27 2317/42/28
f 1142/43/26 2184/44/27 4040/45/28
f 1147/46/26 3856/47/27 4624/48/28
f 1166/49/26 2194/50/27 4628/51/28
f 1184/52/26 4152/53/29 3262/54/28
f 1876/55/30 1878/56/31 1874/57/32
f 1919/58/33 1920/59/33 1921/60/33
f 121/61/34 128/62/35 126/63/36
f 139/64/37 140/65/35 146/66/36
f 2079/67/38 2371/68/39 4375/69/40
f 4396/70/41 2648/71/42 4379/72/43
f 628/73/1 4000/74/2 3636/75/3
f 637/76/1 4004/77/2 4500/78/3
f 651/79/1 3115/80/2 4404/81/3
f 659/82/1 4718/83/2 2996/84/3
f 2530/85/44 3899/86/45 4416/87/46
f 4439/88/47 3780/89/48 2285/90/49
f 1870/91/50 1869/92/51 1872/93/31
f 1876/94/30 1874/95/32 1877/96/51
f 1919/97/33 1921/98/33 1920/99/33
f 3281/100/52 3580/101/52 3599/102/52
f 257/103/53 4333/104/53 1962/105/53
f 3607/106/54 2462/107/54 2606/108/54
f 2006/109/55 1984/110/56 2893/111/57
f 4353/112/55 3178/113/56 1968/114/57
f 2010/115/55 3950/116/56 4496/117/57
f 2936/118/55 2477/119/56 2624/120/57
f 2020/121/55 1993/122/56 3953/123/57
f 4363/124/55 4053/125/56 2217/126/57
f 2951/127/55 4351/128/56 2224/129/57
f 2246/130/55 4064/131/56 4173/132/57
f 3724/133/55 2487/134/56 4342/135/57
f 4377/136/55 4071/137/56 4180/138/57
f 3095/139/58 4383/140/59 2489/141/60
f 4392/142/55 2501/143/61 3196/144/57
f 3341/145/54 3324/146/54 3980/147/54
f 3345/148/54 544/149/54 2261/150/54
f 551/151/54 4387/152/54 3197/153/54
f 563/154/54 3747/155/54 3623/156/54
f 4402/157/54 2074/158/54 3205/159/54
f 2998/160/54 4093/161/54 523/162/54
f 3766/163/55 2981/164/61 2834/165/57
f 3770/166/54 3339/167/54 4592/168/54
f 3791/169/62 2520/170/63 4252/171/64
f 4418/172/62 3775/173/63 3123/174/64
f 4512/175/65 4199/176/66 4655/177/67
f 4287/178/65 806/179/66 4263/180/67
f 4431/181/62 3002/182/68 4724/183/64
f 3912/184/62 2525/185/63 3132/186/64
f 3643/187/62 4603/188/68 4601/189/64
f 839/190/69 3008/191/70 3903/192/71
f 4297/193/62 3799/194/68 4606/195/64
f 3028/196/62 2129/197/68 4518/198/64
f 3918/199/62 2132/200/68 4612/201/64
f 4538/202/62 3019/203/63 3910/204/64
f 3395/205/72 3229/206/72 3225/207/72
f 4528/208/73 3149/209/74 3542/210/75
f 2561/211/72 3812/212/72 2289/213/72
f 3511/214/73 4454/215/74 2145/216/75
f 2415/217/65 3155/218/66 3815/219/76
f 2860/220/73 3828/221/74 4442/222/75
f 4135/223/72 3816/224/72 4536/225/72
f 3062/226/62 3251/227/63 3247/228/64
f 3427/229/77 3041/230/78 2179/231/79
f 4554/232/62 3404/233/68 4551/234/64
f 4481/235/80 2870/236/81 2312/237/82
f 3168/238/62 3844/239/63 2444/240/64
f 3862/241/62 2456/242/63 2452/243/64
f 1871/244/83 1872/245/31 1873/246/32
f 175/247/84 4699/248/85 176/249/86
f 184/250/87 3672/251/88 189/252/89
f 196/253/90 2902/254/91 195/255/92
f 212/256/93 2200/257/94 213/258/95
f 688/259/96 4507/260/97 686/261/98
f 694/262/96 4410/263/97 695/264/98
f 707/265/99 4412/266/97 703/267/98
f 715/268/100 3777/269/101 711/270/102
f 722/271/99 2109/272/97 723/273/98
f 729/274/96 2740/275/97 730/276/98
f 4708/277/103 739/278/104 740/279/105
f 750/280/96 3787/281/97 749/282/98
f 1871/283/83 1873/284/32 1869/285/51
f 1875/286/106 1877/287/51 1878/288/31
f 74/289/107 76/290/108 73/291/109
f 73/292/109 75/293/110 74/294/107
f 74/289/107 75/295/110 76/290/108
f 73/292/109 76/296/108 75/293/110
f 77/297/111 78/298/112 82/299/113
f 81/300/114 80/301/115 77/302/111
f 77/297/111 80/303/115 78/298/112
f 81/304/114 77/305/111 82/306/113
f 80/303/115 83/307/116 78/298/112
f 82/308/113 78/309/112 83/310/116
f 79/311/117 84/312/118 83/313/116
f 79/311/117 81/314/114 84/312/118
f 80/303/115 79/315/117 83/307/116
f 81/300/114 79/316/117 80/301/115
f 81/304/114 82/306/113 84/317/118
f 82/308/113 83/310/116 84/318/118
f 85/319/119 86/320/120 89/321/121
f 85/319/119 91/322/122 86/320/120
f 90/323/123 85/324/119 89/325/121
f 90/326/123 91/327/122 85/328/119
f 89/329/121 86/330/120 92/331/124
f 91/322/122 92/332/124 86/320/120
f 87/333/125 88/334/126 92/335/124
f 87/333/125 90/336/123 88/334/126
f 91/322/122 87/337/125 92/332/124
f 90/326/123 87/338/125 91/327/122
f 90/323/123 89/325/121 88/339/126
f 89/329/121 92/331/124 88/340/126
f 94/341/127 93/342/128 95/343/129
f 97/344/130 95/345/129 93/346/131
f 94/341/127 95/343/129 96/347/132
f 94/348/127 96/349/132 98/350/133
f 96/347/132 95/343/129 97/351/130
f 97/351/130 98/352/134 96/347/132
f 99/353/135 100/354/136 104/355/137
f 99/356/135 101/357/138 103/358/139
f 99/356/135 104/359/137 101/357/138
f 100/360/136 99/361/135 103/362/139
f 104/363/137 100/364/136 102/365/140
f 104/363/137 102/365/140 101/366/138
f 101/367/138 102/368/140 103/369/139
f 100/360/136 103/362/139 102/370/140
f 105/371/135 108/372/136 107/373/137
f 105/374/135 106/375/138 110/376/139
f 105/374/135 107/377/137 106/375/138
f 107/378/137 109/379/140 106/380/138
f 106/381/138 109/382/140 110/383/139
f 107/378/137 108/384/136 109/379/140
f 108/385/136 105/386/135 110/387/139
f 108/385/136 110/387/139 109/388/140
f 111/389/141 115/390/142 112/391/143
f 111/392/141 113/393/144 116/394/145
f 111/392/141 112/395/143 113/393/144
f 115/396/142 111/397/141 116/398/145
f 112/399/143 114/400/146 113/401/144
f 113/402/144 114/403/146 116/404/145
f 115/396/142 116/398/145 114/405/146
f 112/399/143 115/406/142 114/400/146
f 118/407/147 117/408/148 127/409/149
f 127/410/149 117/411/148 128/62/35
f 118/407/147 127/409/149 119/412/150
f 117/413/148 118/414/147 122/415/151
f 119/412/150 127/409/149 121/416/34
f 118/417/147 119/418/150 126/419/152
f 118/420/147 126/421/152 122/422/151
f 122/423/151 126/419/152 128/424/153
f 127/410/149 128/62/35 121/61/34
f 122/423/151 123/425/154 125/426/155
f 122/423/151 128/424/153 123/425/154
f 117/413/148 122/415/151 125/427/155
f 4312/428/156 124/429/157 135/430/158
f 134/431/159 4312/432/156 135/433/158
f 124/434/157 132/435/160 130/436/161
f 124/437/157 129/438/162 135/439/158
f 124/437/157 130/440/161 129/438/162
f 129/441/162 133/442/163 135/443/158
f 130/436/161 1940/444/164 129/445/162
f 1940/446/164 133/442/163 129/441/162
f 1940/446/164 134/447/159 133/442/163
f 134/448/159 135/449/158 133/450/163
f 137/451/147 136/452/148 138/453/149
f 138/454/149 136/455/148 140/65/35
f 137/451/147 138/453/149 2770/456/150
f 136/457/148 137/458/147 144/459/151
f 2770/456/150 138/453/149 139/460/37
f 138/454/149 140/65/35 139/64/37
f 137/461/147 2770/462/150 146/463/152
f 144/464/151 146/463/152 140/465/153
f 144/464/151 140/465/153 141/466/154
f 144/464/151 141/466/154 143/467/155
f 147/468/159 4314/469/156 152/470/158
f 136/457/148 144/459/151 143/471/155
f 4314/472/156 142/473/157 152/474/158
f 137/475/147 146/476/152 144/477/151
f 3665/478/164 147/479/159 151/480/163
f 142/481/157 149/482/161 150/483/162
f 142/481/157 150/483/162 152/484/158
f 150/485/162 151/480/163 152/486/158
f 3665/478/164 151/480/163 150/485/162
f 149/487/161 3665/488/164 150/489/162
f 142/490/157 153/491/165 149/487/161
f 147/492/159 152/493/158 151/494/163
f 154/495/166 155/496/167 1947/497/168
f 155/498/167 154/499/166 2772/500/169
f 4630/501/170 4320/502/171 223/503/170
f 2786/504/172 4316/505/172 3948/506/172
f 1948/507/173 2773/508/174 4320/509/175
f 155/496/167 2772/510/169 1947/497/168
f 154/499/166 4317/511/176 2772/500/169
f 157/512/177 2461/513/177 4630/501/170
f 2459/514/178 2771/515/179 2909/516/180
f 223/503/170 157/512/177 4630/501/170
f 3275/517/181 2909/518/180 2771/519/179
f 4319/520/182 2459/521/178 2909/522/180
f 161/523/183 159/524/184 2599/525/185
f 2337/526/186 2599/527/185 159/528/184
f 2336/529/187 3546/530/188 1985/531/189
f 2600/532/190 2335/533/191 3547/534/174
f 3547/534/174 2196/535/192 2600/532/190
f 161/536/183 2599/532/193 3545/537/194
f 2600/538/195 2195/539/195 2598/540/170
f 3546/541/188 2894/542/196 1985/543/189
f 159/544/184 3545/545/194 2337/546/186
f 159/544/184 161/547/183 3545/545/194
f 4326/548/197 2892/549/197 2336/550/197
f 2600/551/198 2336/550/198 2892/549/198
f 165/552/199 164/553/200 3596/554/201
f 164/555/200 3579/556/202 2789/557/203
f 164/555/200 165/558/199 3579/556/202
f 165/559/199 3596/560/201 3579/561/202
f 3597/562/204 3581/563/205 2788/564/206
f 3580/565/207 3281/566/208 2203/567/209
f 1951/568/210 3580/569/207 2203/570/209
f 1951/568/210 2203/570/209 3279/571/211
f 3598/572/212 1952/573/212 1949/574/212
f 169/575/213 168/576/214 4249/577/215
f 169/578/213 1955/579/216 2896/580/217
f 4249/577/218 1955/581/216 169/575/213
f 168/582/214 169/583/213 2896/584/217
f 171/585/219 173/586/220 4155/587/221
f 173/588/220 171/589/219 3583/590/222
f 171/589/219 4322/591/223 3583/590/222
f 4156/592/212 4325/593/174 251/594/224
f 4631/595/206 4325/596/225 248/597/204
f 3868/598/172 4321/599/172 3176/600/172
f 4156/592/212 3869/601/174 4325/593/174
f 4155/602/221 4322/603/226 171/604/219
f 173/586/220 3583/605/222 4155/587/221
f 3584/606/178 3867/607/179 1989/608/180
f 248/597/204 3585/609/227 4631/595/206
f 175/610/84 3943/611/228 1964/612/229
f 175/247/84 1964/613/229 4699/248/230
f 4700/614/212 1963/613/212 3660/615/231
f 1971/616/170 1963/617/171 177/618/170
f 3942/619/231 259/620/232 3660/615/231
f 175/621/84 176/622/86 3943/623/228
f 176/624/86 4699/625/233 3943/626/228
f 182/627/220 179/628/234 2779/629/222
f 179/628/234 3667/630/223 2779/629/222
f 179/631/234 182/632/220 2899/633/221
f 2901/634/212 2794/635/174 3669/636/235
f 182/632/220 2779/637/222 2899/633/221
f 3670/638/182 2900/639/178 3453/640/180
f 3267/641/206 3669/642/225 2793/643/204
f 2199/644/172 3666/645/172 3284/646/172
f 2899/647/221 3667/648/226 179/649/234
f 2900/650/178 2795/651/179 3453/652/180
f 2793/643/204 2780/653/227 3267/641/206
f 184/654/87 189/655/89 3578/656/236
f 3268/657/190 3576/658/190 3671/659/237
f 2919/660/238 4494/661/239 3577/662/240
f 3268/663/190 187/664/241 188/665/235
f 187/666/198 3577/662/198 4494/661/198
f 187/667/241 3268/657/190 3671/659/237
f 189/668/89 3672/669/88 3578/670/236
f 3577/670/240 3673/671/242 1974/672/243
f 3671/659/237 4158/673/244 187/667/241
f 184/250/87 3269/667/245 3672/251/246
f 191/674/234 192/675/220 1975/676/221
f 192/677/220 191/678/234 266/679/222
f 192/675/220 266/680/222 1975/676/221
f 191/678/234 4692/681/223 266/679/222
f 2607/682/172 4691/683/172 4566/684/172
f 1976/685/212 2608/686/174 2604/687/174
f 1975/688/221 4692/689/226 191/690/234
f 2797/691/206 2604/692/247 194/693/170
f 2604/694/248 2462/695/248 4561/696/248
f 1976/685/212 2604/687/174 2798/697/224
f 194/693/170 2799/698/177 2797/691/206
f 196/699/90 195/700/92 3078/701/249
f 195/702/92 2902/703/91 3078/704/249
f 196/253/90 4047/705/250 2902/254/251
f 4046/706/190 3080/707/190 2904/708/237
f 3079/704/240 2903/709/242 2478/710/243
f 3674/705/241 4046/706/190 2904/708/237
f 2904/708/237 199/711/244 3674/705/241
f 196/712/90 3078/713/249 4047/714/250
f 274/715/238 2623/716/252 3079/717/240
f 4046/718/190 3674/719/241 3676/720/235
f 3674/721/198 3079/717/198 2623/716/198
f 2905/722/221 3432/723/226 200/724/219
f 201/725/220 200/726/219 202/727/222
f 200/726/219 3432/728/223 202/727/222
f 200/729/219 201/730/220 2905/731/221
f 201/730/220 202/732/222 2905/731/221
f 280/733/253 3171/734/254 2924/735/255
f 4164/736/256 2924/737/255 3171/738/254
f 3434/739/172 1978/740/172 1982/741/172
f 2906/742/224 3173/743/174 1981/744/175
f 3603/745/170 1981/746/170 3174/747/257
f 206/748/214 203/749/213 4713/750/217
f 203/751/213 206/752/214 2609/753/215
f 2609/753/218 4227/754/216 203/751/213
f 2907/755/174 3870/756/192 4226/757/190
f 4226/758/198 4712/759/198 3956/760/198
f 4226/757/190 4711/761/191 2907/755/174
f 203/762/213 4227/757/216 4713/763/217
f 4226/764/195 4229/765/195 4490/766/170
f 4228/767/188 285/768/196 1992/769/189
f 1995/770/197 3956/760/197 4712/759/197
f 210/771/258 208/772/259 3273/773/260
f 208/774/259 210/775/258 3270/776/261
f 3273/777/262 3678/778/263 210/779/264
f 3677/780/265 3683/781/265 2215/782/265
f 2611/783/235 3682/784/235 3437/785/235
f 3681/786/225 2610/787/266 3271/788/266
f 3438/789/267 3677/780/268 2215/782/269
f 218/790/270 2200/791/271 212/792/93
f 2201/793/272 379/794/273 4052/795/274
f 2802/796/198 4704/797/198 2220/798/198
f 2802/799/275 2465/800/276 214/801/235
f 212/802/93 4703/803/277 218/804/270
f 212/802/93 213/805/95 4703/803/277
f 4702/806/225 2775/807/204 2466/808/170
f 4704/809/278 2201/810/272 4052/811/274
f 2465/800/276 2774/812/241 214/801/235
f 219/813/279 220/814/280 299/815/168
f 220/816/280 219/817/279 4714/818/169
f 219/817/279 4695/819/176 4714/818/169
f 220/814/280 4714/820/169 299/815/168
f 3274/821/206 2614/822/170 4717/823/204
f 2616/824/172 4694/825/172 3292/826/172
f 2803/827/224 4716/828/174 2614/829/175
f 4717/823/204 2470/830/205 3274/821/206
f 2468/831/178 4715/832/179 3687/833/281
f 3291/834/181 3687/835/281 4715/836/179
f 2911/837/198 3945/838/198 2913/839/198
f 2911/840/174 3276/841/174 4491/842/235
f 224/843/257 2911/844/282 226/845/177
f 3276/846/174 2911/844/174 224/843/235
f 3276/841/174 3946/847/283 4491/842/235
f 3946/848/283 3276/846/174 3871/849/170
f 2908/850/284 393/851/196 3691/852/189
f 2926/853/197 2913/839/197 3945/838/197
f 3945/854/187 2908/855/284 3691/856/189
f 1987/857/235 2890/858/235 4329/859/235
f 232/860/285 1986/861/286 2619/862/287
f 233/863/225 232/860/285 2619/862/287
f 307/864/288 2006/865/288 2893/866/288
f 3441/867/172 4327/868/172 3296/869/172
f 2619/862/287 4329/870/205 233/863/225
f 2204/871/289 2631/872/273 4350/873/274
f 3280/874/174 3175/875/175 234/876/174
f 3175/877/290 3278/878/225 4492/879/290
f 3298/880/197 2226/881/197 4493/882/197
f 2791/883/198 4493/882/198 2226/881/198
f 2791/566/174 3280/874/174 234/876/174
f 4493/884/291 2204/885/289 4350/886/274
f 2472/887/197 1957/888/197 4248/889/197
f 170/890/235 1954/891/235 245/892/235
f 1954/893/198 4248/889/198 1957/888/198
f 1954/579/292 4247/894/190 2897/895/235
f 242/896/293 2804/897/294 326/898/225
f 1958/899/287 4048/900/225 242/896/293
f 326/898/225 1958/899/287 242/896/293
f 2471/901/295 4049/902/253 322/903/255
f 2918/904/241 2804/905/294 242/906/293
f 2471/901/295 322/903/255 2341/907/296
f 4248/908/187 2895/909/188 4050/910/189
f 2895/911/188 324/912/196 4050/913/189
f 4049/913/253 1961/914/254 322/915/255
f 245/892/170 1954/891/206 2898/916/247
f 4324/917/182 3584/918/178 1989/919/180
f 3444/920/174 2602/921/297 1990/922/235
f 2207/923/187 1988/924/284 4635/925/189
f 3601/926/174 3444/920/174 1990/922/235
f 3684/927/257 3601/928/298 1991/929/177
f 1988/930/284 333/931/196 4635/932/189
f 3443/933/181 1989/934/180 3867/935/179
f 1963/613/212 3942/619/231 3660/615/231
f 178/936/235 1963/617/235 1971/616/235
f 2806/937/241 1970/938/235 3446/939/235
f 3445/940/225 252/941/287 4051/942/225
f 414/943/288 4353/944/288 1968/945/288
f 252/941/287 255/946/225 4051/942/225
f 4333/947/299 1966/948/299 1962/949/299
f 3446/950/172 4334/951/172 4060/952/172
f 2806/937/241 3446/939/235 4162/953/241
f 4051/942/225 4162/954/205 3445/940/225
f 4162/955/300 3178/956/56 2232/957/301
f 257/958/302 4332/959/302 4333/960/302
f 260/961/174 3449/962/303 3083/963/235
f 3449/964/303 260/965/174 2209/966/170
f 4356/967/197 4172/968/197 3448/969/197
f 3283/970/181 3453/971/180 2795/972/179
f 260/965/174 3452/973/174 4336/974/235
f 3452/975/198 3448/969/198 4172/968/198
f 3452/976/174 260/961/174 3083/963/235
f 3577/670/240 1974/672/243 2919/977/238
f 4497/978/172 2920/979/172 4640/980/172
f 2796/981/241 4498/982/235 2922/983/241
f 4632/984/170 2922/985/170 265/986/225
f 2799/698/177 2463/987/304 2797/691/206
f 2462/988/305 3607/989/306 3084/990/307
f 3085/991/289 426/992/273 2014/993/274
f 3287/994/174 4562/995/175 267/996/174
f 4564/997/291 3085/998/289 2014/999/274
f 3608/989/174 3287/994/174 267/996/174
f 4562/1000/290 3286/1001/225 2210/1002/290
f 3608/1003/198 4564/1004/198 4265/1005/198
f 3079/704/240 2478/710/243 274/1006/238
f 4339/1007/308 2477/1008/56 4570/1009/301
f 276/1010/241 4339/1011/309 3610/1012/310
f 3610/1013/310 4339/1014/309 2621/1015/225
f 1944/1016/172 4338/1017/172 4572/1018/172
f 276/1010/241 2622/1019/235 4339/1011/309
f 2621/1015/225 2479/1020/257 3610/1013/310
f 2477/1021/56 2936/1022/55 4570/1023/301
f 4165/1024/241 279/1025/237 2925/1026/235
f 1980/1027/295 2924/1028/255 3872/1029/296
f 3874/1029/187 2923/1030/284 2486/1031/189
f 2627/1032/175 4165/1024/241 2925/1026/235
f 2925/1026/235 2212/1033/311 2627/1032/175
f 1980/1027/295 280/1034/253 2924/1028/255
f 4345/1035/247 2211/1036/312 3873/1037/313
f 4165/1038/241 2627/1039/175 4345/1035/235
f 4311/1040/290 281/1041/314 3603/745/170
f 2923/1042/284 439/1043/196 2486/1044/189
f 4712/1045/187 4228/1046/188 1992/1047/189
f 283/1048/241 3952/1049/235 1998/1050/241
f 3955/1051/225 3289/1052/170 2810/1053/170
f 446/1054/288 2020/1055/288 3953/1056/288
f 4160/1057/172 1996/1058/172 1999/1059/172
f 2810/1053/170 1998/1060/170 3955/1051/225
f 1998/1061/308 1993/1062/56 2359/1063/301
f 2610/787/266 289/1064/315 3271/788/266
f 3680/1065/316 3438/1066/267 2215/1067/269
f 3680/1065/316 2215/1067/269 3961/1068/317
f 2481/1069/174 3960/1070/318 2213/1071/235
f 3960/1072/318 2481/1073/174 3875/1074/170
f 3685/1075/257 2813/1076/298 290/1077/177
f 2214/1078/284 449/1079/196 4361/1080/189
f 2813/1081/198 3959/1082/198 3181/1083/198
f 2813/1084/174 2481/1069/174 2213/1071/235
f 2481/1073/174 2813/1076/174 3685/1075/235
f 4346/1085/197 2220/798/197 4704/797/197
f 378/1086/225 4054/1087/171 2483/1088/170
f 4349/1089/300 4053/1090/56 3966/1091/301
f 2483/1088/170 4349/1092/170 378/1086/225
f 2218/1093/172 4347/1094/172 3967/1095/172
f 3686/1096/241 2219/1097/235 4349/1098/241
f 2613/1099/182 2468/1100/178 3687/1101/281
f 300/1102/235 3459/1103/319 3689/1104/235
f 3458/1105/187 3688/1106/284 4069/1107/189
f 387/1108/174 300/1102/235 3689/1104/235
f 2002/1109/257 387/1110/313 3690/1111/177
f 3688/1112/284 386/1113/196 4069/1114/189
f 3459/1115/319 300/1116/235 4161/1117/170
f 2945/1118/197 4179/1119/197 3458/1120/197
f 300/1116/235 387/1110/174 2002/1109/235
f 387/1121/198 3458/1120/198 4179/1119/198
f 2929/1122/320 3693/1123/321 3096/1124/322
f 4169/1125/170 2929/1126/170 2915/1127/170
f 2222/1128/172 2927/1129/172 2492/1130/172
f 3692/1131/241 2916/1132/235 2929/1133/235
f 2007/1134/241 398/1135/323 2005/1136/235
f 2005/1137/198 3877/1138/198 4573/1139/198
f 2005/1136/235 3294/1140/324 2007/1134/241
f 3294/1140/324 3879/1141/325 2007/1134/241
f 2025/1142/326 4573/1139/252 3877/1138/327
f 3877/1143/327 2004/1144/328 4574/1145/329
f 3877/1143/327 4574/1145/329 2025/1146/326
f 4329/1147/300 1984/1148/56 3878/1149/301
f 1984/1150/56 2006/1151/55 3878/1143/301
f 4352/1152/237 2227/1153/235 2632/1154/241
f 2225/1155/172 3695/1156/172 3697/1157/172
f 3297/1158/170 2632/1159/170 315/1160/225
f 2632/1161/330 4351/1162/56 4579/1163/301
f 315/1160/225 4633/1164/225 3297/1158/170
f 4351/1165/56 2951/1166/55 4579/1167/301
f 2885/1168/172 4330/1169/172 2342/1170/172
f 2918/904/241 2885/1171/235 2804/905/294
f 2814/1172/237 2338/1173/331 2008/1174/190
f 2339/907/240 3700/1175/332 2031/1176/333
f 3699/1177/175 2814/1172/237 2008/1174/190
f 2008/1174/190 2228/1178/323 3699/1177/175
f 2918/904/241 1960/1179/175 2885/1171/235
f 2815/1180/256 322/1181/255 1961/1182/254
f 3699/1183/198 2339/1184/198 3101/1185/198
f 2814/1186/237 3699/1187/175 323/1188/235
f 3716/1189/334 3101/1185/252 2339/1184/240
f 2339/907/240 2031/1176/333 3716/1190/334
f 2602/1191/297 3444/1192/174 2208/1193/170
f 3444/1192/174 3601/928/174 3684/927/235
f 2931/1194/197 2348/1195/197 2207/1196/197
f 3299/1197/170 2934/1198/170 2347/1199/225
f 2230/1200/172 2930/1201/172 3310/1202/172
f 3703/1203/237 2346/1204/235 2934/1205/241
f 3601/1206/198 2207/1196/198 2348/1195/198
f 4637/932/253 2344/1207/254 3464/1208/255
f 2347/1199/225 4636/1209/225 3299/1197/170
f 3311/1210/256 3464/1211/255 2344/1212/254
f 2231/1213/327 4354/1214/328 4369/1215/329
f 3606/1216/235 4059/1217/324 336/1218/241
f 336/1218/241 339/1219/323 3606/1216/235
f 3178/1220/56 4353/1221/55 2232/1213/301
f 4059/1217/324 2234/1222/325 336/1218/241
f 2231/1213/327 4369/1215/329 3313/1223/326
f 4336/974/257 3452/973/298 3082/1224/177
f 3448/1225/187 3454/1226/284 4062/1227/189
f 3454/1228/284 418/1229/196 4062/1230/189
f 4170/1231/225 4063/1232/170 4066/1233/170
f 4359/1234/330 4064/1235/56 2249/1236/301
f 3704/1237/241 4359/1238/241 420/1239/335
f 4066/1233/170 4359/1240/170 4170/1231/225
f 1946/1241/172 4357/1242/172 3316/1243/172
f 3704/1237/241 4171/1244/235 4359/1238/241
f 2922/1245/308 3950/1246/56 2353/1247/301
f 265/986/225 2475/1248/171 4632/984/170
f 353/1249/288 2010/1250/288 4496/1251/288
f 3950/1252/56 2010/1253/55 2353/1254/301
f 4639/1255/324 2350/1256/325 2935/1257/241
f 2351/1254/327 2011/1258/328 4583/1259/329
f 2012/1260/235 4639/1255/324 2935/1257/241
f 2935/1257/241 423/1261/336 2012/1260/235
f 2957/1262/326 421/1263/252 2351/1264/327
f 2012/1265/198 2351/1264/198 421/1263/198
f 3705/1266/197 4265/1005/197 4564/1004/197
f 2015/1267/241 3709/1268/241 2484/1269/335
f 2485/1270/170 3709/1271/170 357/1272/225
f 4266/1273/172 3706/1274/172 3710/1275/172
f 2015/1267/241 4269/1276/235 3709/1268/241
f 3708/1277/295 2013/1278/253 2965/1279/255
f 3301/1280/324 4567/1281/325 2938/1282/241
f 4569/1023/327 2937/1283/328 3975/1284/329
f 2017/1285/235 3301/1280/324 2938/1282/241
f 2938/1282/241 434/1286/323 2017/1285/235
f 3300/1287/288 2936/1288/288 2624/1289/288
f 2035/1290/326 3978/1291/252 4569/1292/327
f 2017/1293/198 4569/1292/198 3978/1291/198
f 4569/1023/327 3975/1284/329 2035/1294/326
f 2627/1295/198 3874/1296/198 4343/1297/198
f 4340/1298/225 364/1299/170 3303/1300/225
f 365/1301/237 4341/1302/275 2637/1303/235
f 3304/1304/197 4343/1297/197 3874/1296/197
f 4166/1305/241 370/1306/323 2021/1307/235
f 2021/1308/198 2357/1309/198 3102/1310/198
f 2021/1307/235 2811/1311/324 4166/1305/241
f 2811/1311/324 2356/1312/325 4166/1305/241
f 1993/1313/56 2020/1314/55 2359/1315/301
f 2357/1315/327 2019/1316/328 444/1317/329
f 3959/1068/187 2214/1318/284 4361/1319/189
f 2939/1320/197 3181/1083/197 3959/1082/197
f 4360/1321/337 2943/1322/338 4067/1323/335
f 4068/1324/225 2943/1325/290 455/1326/225
f 2238/1327/172 2940/1328/172 2374/1329/172
f 4360/1321/337 3183/1330/275 2943/1322/338
f 3180/1331/225 3305/1332/170 4068/1324/225
f 455/1326/225 3180/1331/225 4068/1324/225
f 2942/1333/295 4362/1334/253 3729/1335/255
f 2942/1333/295 3729/1335/255 2373/1336/296
f 4270/1337/288 4363/1338/288 2217/1339/288
f 2944/1340/241 462/1341/323 4366/1342/235
f 4366/1343/198 3964/1344/198 461/1345/198
f 4366/1342/235 4271/1346/324 2944/1340/241
f 4053/1347/56 4363/1348/55 3966/1349/301
f 4271/1346/324 3963/1350/325 2944/1340/241
f 3964/1349/327 4365/1351/328 2500/1352/329
f 4176/1353/225 4070/1354/225 4073/1355/225
f 4081/1356/288 4377/1357/288 4180/1358/288
f 3090/1359/172 2946/1360/172 4079/1361/172
f 3712/1362/241 4177/1363/235 2948/1364/241
f 4073/1355/225 2948/1365/170 4176/1353/225
f 3712/1362/241 2948/1364/241 464/1366/335
f 2915/1127/170 4057/1367/170 4169/1125/170
f 3693/1368/321 3092/1369/339 3096/1370/322
f 2491/1371/175 394/1372/224 3461/1373/175
f 4383/1374/299 3982/1375/299 2489/1376/299
f 2493/1377/340 3092/1378/340 2912/1379/340
f 2023/1380/235 2491/1371/175 3461/1373/175
f 3093/1381/241 2023/1380/235 3461/1373/175
f 3693/852/321 2912/1382/341 3092/1383/339
f 3095/1384/58 4381/1385/302 4383/1386/59
f 3715/1387/235 4575/1388/235 2027/1389/342
f 2028/1146/295 3713/1390/253 2047/1391/255
f 4084/1392/256 2047/1393/255 4576/1394/343
f 396/1395/344 3714/1396/345 4074/1397/346
f 3713/1398/253 4576/1399/343 2047/1400/255
f 473/1401/225 396/1395/344 4074/1397/346
f 4074/1397/346 2027/1402/342 473/1401/225
f 2240/1403/172 2024/1404/172 4083/1405/172
f 2950/1406/175 3306/1407/241 2030/1408/235
f 3306/1407/241 4577/1409/237 2030/1408/235
f 4580/1167/347 2952/1410/348 2642/1411/349
f 2030/1408/235 481/1412/350 2950/1406/175
f 2950/1413/198 4580/1414/198 2264/1415/198
f 3308/1416/288 2951/1417/288 2224/1418/288
f 2033/1419/241 3097/1420/235 3462/1421/241
f 3463/1190/182 2032/1422/178 2057/1423/180
f 3100/1424/172 3717/1425/172 3719/1426/172
f 2817/1427/170 3462/1428/290 404/1429/225
f 2032/1430/178 3099/1431/179 2057/1432/180
f 404/1429/225 4644/1433/171 2817/1427/170
f 4273/1434/181 2057/1435/180 3099/1436/179
f 2933/1437/295 4637/1438/253 3464/1439/255
f 3312/1440/174 2364/1441/235 408/1442/174
f 2933/1437/295 3464/1439/255 2363/1443/296
f 2361/1443/351 3465/1444/352 3198/1445/353
f 487/1446/174 3312/1440/174 408/1442/174
f 3606/1447/198 2231/1448/198 2243/1449/198
f 4371/1450/241 2244/1451/235 2643/1452/241
f 4371/1450/241 2366/1453/235 2244/1451/235
f 3315/1223/182 4370/1454/178 2064/1455/180
f 2244/1456/172 2954/1457/172 2652/1458/172
f 3314/1459/170 2643/1460/290 412/1461/225
f 412/1461/225 2366/1462/225 3314/1459/170
f 3313/1463/326 2243/1449/252 2231/1448/327
f 2366/1462/225 4646/1464/170 3314/1459/170
f 3318/1465/174 2368/1466/175 415/1467/235
f 4064/1468/56 2246/1469/55 2249/1470/301
f 2248/1470/347 2245/1471/348 4189/1472/329
f 2819/1473/174 3318/1465/174 415/1467/235
f 3317/1474/288 2246/1475/288 4173/1476/288
f 2368/1477/247 3319/1478/170 2250/1479/170
f 2971/1480/354 3621/1481/252 2248/1482/347
f 2819/1483/198 2248/1482/198 3621/1481/198
f 4584/1484/225 2496/1485/225 4076/1486/170
f 3723/1487/178 4582/1488/179 2069/1489/180
f 424/1490/225 4584/1484/225 4076/1486/170
f 3722/1491/241 4584/1492/235 3882/1493/235
f 3611/1494/181 2069/1495/180 4582/1496/179
f 3882/1497/172 2958/1498/172 2962/1499/172
f 3722/1491/241 3882/1493/235 2961/1500/241
f 4076/1486/170 2961/1501/206 424/1490/225
f 2351/1254/327 4583/1259/329 2957/1502/326
f 357/1272/225 2635/1503/170 2485/1270/170
f 2013/993/253 4268/1504/343 2965/1505/255
f 3469/1506/256 2965/1507/255 4268/1508/343
f 2966/1509/198 3970/1510/198 3207/1511/198
f 2966/1512/174 3468/1513/174 2967/1514/174
f 427/1515/170 2966/1516/170 430/1517/170
f 3468/1518/174 2966/1516/174 427/1515/235
f 3468/1513/174 3971/1519/235 2967/1514/174
f 3708/1277/295 2965/1279/255 3973/1520/296
f 3970/1520/351 2964/1521/352 3206/1522/353
f 3976/1523/225 4182/1524/225 3321/1525/355
f 4373/1526/253 3974/1527/343 515/1528/255
f 4089/1529/256 515/1530/255 3974/1531/343
f 4372/1532/356 431/1533/235 2037/1534/357
f 2036/1294/295 4373/1535/253 515/1536/255
f 3321/1525/355 2037/1537/357 3976/1523/225
f 2253/1538/172 433/1539/172 4090/1540/172
f 2036/1294/295 515/1536/255 2746/1541/296
f 3474/1542/241 3188/1543/237 522/1544/235
f 2236/1545/172 3548/1546/172 3191/1547/172
f 522/1544/235 2254/1548/350 3727/1549/175
f 3472/1550/288 3724/1551/288 4342/1552/288
f 3727/1553/198 3187/1554/198 4588/1555/198
f 3727/1549/175 3474/1542/241 522/1544/235
f 440/1556/225 4340/1298/225 3303/1300/225
f 3303/1300/225 2637/1557/290 440/1556/225
f 2637/1558/300 2487/1559/56 3190/1560/301
f 2487/1561/56 3724/1562/55 3190/1563/301
f 2357/1315/327 444/1317/329 2038/1564/326
f 2497/1565/178 3104/1566/179 527/1567/180
f 3193/1568/225 2498/1569/170 4274/1570/170
f 3105/1571/172 2039/1572/172 2042/1573/172
f 2821/1574/241 3105/1575/235 448/1576/241
f 2821/1574/241 3193/1577/175 3105/1575/235
f 4274/1570/170 448/1578/290 445/1579/225
f 445/1579/225 3193/1568/225 4274/1570/170
f 2038/1580/326 3102/1310/252 2357/1309/327
f 2041/1564/182 2497/1581/178 527/1582/180
f 2821/1574/241 448/1576/241 529/1583/358
f 4362/1080/253 3179/1584/343 3729/1585/255
f 2644/1586/256 3729/1587/255 3179/1588/343
f 4375/1589/359 3728/1590/360 597/1591/361
f 3730/1592/362 2371/1593/362 2833/1594/362
f 3730/1590/174 2645/1595/174 4374/1596/174
f 450/1597/170 3730/1598/313 4376/1599/204
f 2645/1600/174 3730/1598/174 450/1597/235
f 2645/1595/174 2372/1601/363 4374/1596/174
f 2372/1602/363 2645/1600/174 2639/1603/247
f 2079/1604/38 2833/1594/364 2371/1593/39
f 4375/1605/359 597/1606/361 2079/1607/365
f 3964/1349/327 2500/1352/329 3732/1608/326
f 3194/1609/344 460/1610/345 2503/1611/366
f 2255/1612/225 3194/1609/344 2503/1611/366
f 3336/1613/288 4392/1614/288 3196/1615/288
f 3732/1616/326 461/1345/252 3964/1344/327
f 2256/1617/172 3731/1618/172 3335/1619/172
f 2502/1620/235 3195/1621/235 2646/1622/342
f 2503/1611/366 2646/1623/342 2255/1612/225
f 2948/1624/330 4071/1625/56 2650/1626/301
f 4071/1627/56 4377/1628/55 2650/1629/301
f 4380/1630/362 2648/1631/362 4594/1632/362
f 4380/1633/174 4078/1634/235 2044/1635/174
f 4078/1634/235 535/1636/235 2044/1635/174
f 3979/1637/257 467/1638/170 3326/1639/170
f 3324/1640/367 3341/1641/306 2984/1642/307
f 540/1643/368 3979/1637/257 3326/1639/170
f 4385/1644/248 3324/1645/248 3996/1646/248
f 3616/1647/338 4385/1648/224 3327/1649/235
f 3326/1639/170 4385/1650/171 540/1643/368
f 2259/1651/172 4382/1652/172 3997/1653/172
f 3616/1647/338 3981/1654/275 4385/1648/224
f 2509/1655/197 2050/1656/197 4587/1657/197
f 4085/1658/369 2049/1659/369 475/1660/369
f 2049/1661/198 4587/1657/198 2050/1656/198
f 2049/1662/370 4086/1663/371 3657/1664/372
f 475/1660/290 2049/1659/206 3658/1665/225
f 4587/1666/187 2046/1667/284 4648/1668/189
f 2028/1146/295 2047/1391/255 4586/1666/296
f 4580/1167/347 2642/1411/349 3734/1669/354
f 3734/1670/354 2264/1415/252 4580/1414/347
f 3737/1671/248 544/1672/248 4002/1673/248
f 4386/1674/235 3737/1675/175 4088/1676/175
f 4087/1677/170 3737/1678/171 482/1679/257
f 2262/1680/172 3735/1681/172 3738/1682/172
f 4386/1674/235 2263/1683/235 3737/1675/175
f 4097/1684/197 3742/1685/197 3984/1686/197
f 483/1687/369 2055/1688/369 2056/1689/369
f 2055/1690/198 3984/1686/198 3742/1685/198
f 2055/1691/370 3983/1692/373 485/1693/337
f 3984/1694/187 2058/1695/284 2510/1696/189
f 487/1697/198 2361/1698/198 489/1699/198
f 3312/1700/174 487/1701/174 3721/1702/235
f 3331/1703/374 489/1699/252 2361/1698/351
f 3721/1702/170 487/1701/170 4368/1704/170
f 2361/1443/351 3198/1445/353 3331/1705/374
f 4388/1706/276 3199/1707/275 3618/1708/175
f 4388/1706/276 3618/1708/175 3332/1709/190
f 3200/1710/257 3619/1711/170 492/1712/170
f 490/1713/368 3200/1710/257 492/1712/170
f 4387/1714/305 551/1715/306 4499/1716/307
f 3479/1717/172 3744/1718/172 3349/1719/172
f 492/1712/170 3618/1720/171 490/1713/368
f 3618/1721/248 4387/1722/248 4005/1723/248
f 4370/1724/178 2242/1725/179 2064/1726/180
f 2062/1727/198 3886/1728/198 2272/1729/198
f 2062/1730/370 2655/1731/371 496/1732/372
f 494/1733/290 2062/1734/206 3883/1735/225
f 2653/1736/369 2062/1734/369 494/1733/369
f 2654/1737/181 2064/1738/180 2242/1739/179
f 2989/1740/197 2272/1729/197 3886/1728/197
f 2061/1741/284 2067/1742/196 3551/1743/189
f 3886/1744/187 2061/1745/284 3551/1746/189
f 2248/1470/347 4189/1472/329 2971/1747/354
f 2973/1748/248 3747/1749/248 3111/1750/248
f 3746/1751/338 2973/1752/224 2506/1753/175
f 565/1754/170 2973/1755/171 561/1756/368
f 3620/1757/172 2970/1758/172 4099/1759/172
f 3746/1751/338 3624/1760/275 2973/1752/224
f 2960/1502/182 3723/1761/178 2069/1762/180
f 3202/1763/187 2068/1764/284 4102/1765/189
f 2071/1766/370 3201/1767/371 4389/1768/372
f 2828/1769/374 3207/1511/252 3970/1510/351
f 3970/1520/351 3206/1522/353 2828/1770/374
f 512/1771/368 3625/1772/170 2829/1773/170
f 513/1774/368 512/1771/368 2829/1773/170
f 3467/1775/172 3748/1776/172 3353/1777/172
f 2075/1778/276 3208/1779/275 3750/1780/224
f 2829/1773/170 3750/1781/171 513/1774/368
f 2075/1778/276 3750/1780/224 577/1782/190
f 3471/1783/212 3109/1784/375 2076/1785/235
f 516/1786/235 2749/1787/175 3471/1783/212
f 3758/1788/334 2976/1789/252 2748/1790/240
f 516/1791/235 2076/1792/235 2078/1793/235
f 2076/1794/198 2748/1790/198 2976/1789/198
f 2076/1785/235 516/1786/235 3471/1783/212
f 2748/1541/240 3108/1795/332 2977/1796/333
f 3334/1797/354 4588/1555/252 3187/1554/347
f 3187/1563/347 3726/1798/348 4092/1799/349
f 3187/1563/347 4092/1799/349 3334/1800/354
f 4589/1801/257 4094/1802/170 3333/1803/170
f 4093/1804/367 2998/1805/306 3763/1806/307
f 524/1807/368 4589/1801/257 3333/1803/170
f 2266/1808/172 3751/1809/172 4253/1810/172
f 4277/1811/338 4590/1812/275 2656/1813/224
f 3333/1803/170 2656/1814/171 524/1807/368
f 2656/1815/248 4093/1816/248 4721/1817/248
f 4277/1811/338 2656/1813/224 525/1818/175
f 3754/1819/290 2822/1820/206 2269/1821/225
f 2267/1822/284 663/1823/196 2515/1824/189
f 4193/1825/181 527/1826/180 3104/1827/179
f 2082/1828/330 2981/1829/330 2380/1830/330
f 2980/1831/276 2082/1832/224 3613/1833/175
f 3612/1834/171 2082/1835/313 596/1836/368
f 2830/1837/172 2080/1838/172 3589/1839/172
f 2980/1831/276 2832/1840/275 2082/1832/224
f 2376/1841/257 2824/1842/247 3612/1834/171
f 596/1836/368 2376/1841/257 3612/1834/171
f 2981/1843/61 3766/1844/55 2380/1845/376
f 3337/1846/377 3991/1847/190 4393/1848/174
f 2501/1849/61 4392/1850/55 3888/1851/376
f 3890/1851/278 4391/1852/289 3355/1853/378
f 2827/1854/379 3337/1846/377 4393/1848/174
f 4391/1855/289 4596/1856/273 3355/1857/378
f 2827/1858/198 3890/1859/198 4595/1860/198
f 2646/1861/330 2501/1862/330 3888/1863/330
f 4396/1864/41 4594/1632/380 2648/1631/42
f 4398/1865/248 3339/1866/248 2384/1867/248
f 539/1868/338 4398/1869/224 608/1870/235
f 4647/1871/170 4398/1872/171 607/1873/257
f 3891/1874/172 4395/1875/172 2385/1876/172
f 539/1868/338 4593/1877/381 4398/1869/224
f 4591/1878/257 3340/1879/225 4647/1871/170
f 3339/1880/367 3770/1881/306 2099/1882/307
f 610/1883/231 3993/1884/190 2985/1885/235
f 4184/1886/382 541/1887/383 3342/1888/225
f 2046/1889/284 2052/1890/196 4648/1891/189
f 616/1892/368 4649/1893/225 2508/1894/170
f 482/1679/257 3330/1895/170 4087/1677/170
f 3344/1896/231 3999/1897/358 2088/1898/174
f 3634/1899/173 3344/1896/231 2088/1898/174
f 544/1900/367 3345/1899/306 2087/1901/307
f 3893/1902/382 547/1903/384 624/1904/225
f 2056/1689/204 2055/1688/170 2060/1905/170
f 2058/1906/284 549/1907/196 2510/1908/189
f 3740/1909/257 2512/1910/247 4095/1911/171
f 550/1912/368 3740/1909/257 4095/1911/171
f 2511/1913/18 4401/1914/385 632/1915/19
f 4191/1916/386 4399/1917/386 4401/1914/386
f 635/1918/175 3743/1919/174 4279/1920/212
f 4095/1911/171 4279/1921/171 550/1912/368
f 3348/1922/231 4003/1923/358 553/1924/174
f 4192/1925/382 552/1926/384 3347/1927/225
f 4004/1928/2 637/1929/1 636/1930/387
f 2987/1931/388 4004/1928/2 636/1930/387
f 2987/1715/173 3348/1922/231 553/1924/174
f 4500/1932/3 636/1933/387 637/1934/1
f 2273/1935/386 2988/1936/386 641/1937/386
f 3550/1938/175 2274/1939/174 2660/1940/212
f 4186/1941/170 2660/1942/171 559/1943/368
f 559/1943/368 2066/1944/368 4186/1941/170
f 3550/1938/175 2660/1940/212 4187/1945/224
f 561/1756/368 4188/1946/257 565/1754/170
f 4188/1946/257 2505/1947/170 565/1754/170
f 3747/1948/367 563/1949/306 2991/1950/307
f 4098/1951/231 3481/1952/358 2992/1953/174
f 3112/1954/389 4282/1955/390 643/1956/391
f 4280/1949/173 4098/1951/231 2992/1953/174
f 3113/1957/382 568/1958/384 4100/1959/225
f 3112/1960/389 643/1961/391 644/1962/392
f 4280/1963/393 3112/1960/389 644/1962/392
f 4106/1964/197 4502/1965/197 3202/1966/197
f 510/1967/369 2071/1968/369 570/1969/369
f 2071/1970/198 3202/1966/198 4502/1965/198
f 570/1969/290 2071/1968/206 4390/1971/225
f 2068/1972/284 2072/1973/196 4102/1974/189
f 2073/1975/368 4103/1976/225 4104/1977/170
f 4505/1978/386 3755/1979/386 647/1980/386
f 4275/1981/175 4506/1982/174 3757/1983/212
f 4104/1977/170 3757/1984/171 572/1985/368
f 572/1985/368 2073/1975/368 4104/1977/170
f 4504/1986/18 647/1980/385 646/1987/19
f 4275/1981/175 3757/1983/212 576/1988/224
f 4105/26/17 646/25/19 648/1989/394
f 3750/1990/248 2074/1991/248 3116/1992/248
f 3351/1993/231 3484/1994/358 2091/1995/174
f 4405/1996/173 3351/1993/231 2091/1995/174
f 3114/1997/382 583/1998/384 3352/1999/225
f 2074/2000/305 4402/1996/306 2090/2001/307
f 4405/2002/388 3115/2003/2 650/2004/387
f 4404/2005/3 650/2006/387 651/2007/1
f 3115/2003/2 651/2008/1 650/2004/387
f 2748/1541/240 2977/1796/333 3758/2009/334
f 2979/2010/368 3626/2011/225 3630/2012/170
f 653/2013/368 2979/2010/368 3630/2012/170
f 2978/2014/18 654/2015/385 652/2016/19
f 2994/2017/235 3762/2018/235 3631/2019/175
f 3630/2012/170 3762/2020/171 653/2013/368
f 3486/2021/386 3759/2022/386 654/2015/386
f 2994/2017/235 585/2023/235 3762/2018/235
f 4254/2024/231 4719/2025/358 3764/2026/174
f 2997/1805/173 4254/2024/231 3764/2026/174
f 3990/2027/187 2267/2028/284 2515/2029/189
f 2822/2030/370 3989/2031/371 2268/2032/372
f 3488/2033/257 590/2034/247 2518/2035/171
f 2835/2036/175 2839/2037/174 2096/2038/212
f 2835/2036/175 2096/2038/212 2517/2039/224
f 2822/2040/198 3990/2041/198 2840/2042/198
f 528/2043/369 2822/1820/369 3754/1819/369
f 2093/2044/197 2840/2042/197 3990/2041/197
f 2518/2035/171 2096/2045/395 593/2046/368
f 2836/2047/386 2094/2048/386 2098/2049/386
f 593/2046/368 3488/2033/257 2518/2035/171
f 670/2050/288 3766/2051/288 2834/2052/288
f 3889/2053/247 603/2054/344 602/2055/344
f 4597/2056/368 3356/2057/225 4256/2058/170
f 2275/2059/368 4597/2056/368 4256/2058/170
f 4598/2060/18 676/2061/385 679/2062/19
f 2276/2063/386 3552/2064/386 676/2061/386
f 3628/2065/175 600/2066/174 681/2067/175
f 4256/2058/170 681/2068/171 2275/2059/368
f 3554/2069/197 4595/1860/197 3890/1859/197
f 607/1873/257 4591/1878/257 4647/1871/170
f 2841/2070/190 2381/2071/358 2100/2072/174
f 2659/2073/382 605/2074/384 2842/2075/225
f 2382/2076/389 3772/2077/390 685/2078/396
f 3773/1881/173 2841/2070/190 2100/2072/174
f 3994/2079/389 612/2080/397 611/2081/392
f 3632/2082/398 3994/2079/389 611/2081/392
f 3632/1641/174 610/1883/231 2985/1885/235
f 2985/1885/235 3477/2083/241 3632/1641/174
f 3994/2084/389 2983/2085/390 612/2086/397
f 2983/2087/390 611/2088/392 612/2089/397
f 621/2090/368 616/1892/368 2508/1894/170
f 4650/2091/18 2084/2092/385 618/2093/16
f 2508/1894/170 2843/2094/171 621/2090/368
f 4230/2095/212 2843/2096/212 617/2097/224
f 2507/17/17 618/16/16 620/2098/394
f 618/2099/16 2084/2100/385 620/2101/394
f 2767/2102/386 2085/2103/386 2084/2092/386
f 4230/2095/212 2053/2104/174 2843/2096/212
f 4000/2105/2 628/2106/1 629/2107/387
f 3634/2108/388 4000/2105/2 629/2107/387
f 3636/2109/3 629/2110/387 628/2111/1
f 635/1918/175 4279/1920/212 630/2112/224
f 4096/20/17 632/19/19 634/2113/394
f 632/2114/19 4401/2115/385 634/2116/394
f 2066/1944/368 2514/2117/225 4186/1941/170
f 2271/2118/20 641/1937/399 640/2119/21
f 2661/24/22 640/23/21 638/2120/400
f 640/2121/21 641/2122/399 638/2123/400
f 4282/2124/390 644/2125/392 643/2126/391
f 646/2127/19 647/2128/385 648/2129/394
f 3761/29/17 652/28/19 656/2130/394
f 652/2131/19 654/2132/385 656/2133/394
f 2997/2134/388 4718/2135/2 658/2136/387
f 2996/2137/3 658/2138/387 659/2139/1
f 4718/2135/2 659/2140/1 658/2136/387
f 2769/2141/382 660/2142/384 4255/2143/225
f 2838/2144/18 2098/2049/385 664/2145/19
f 2097/32/17 664/31/19 666/2146/394
f 664/2147/19 2098/2148/385 666/2149/394
f 3587/2150/231 2377/2151/190 3768/2152/174
f 4283/2153/212 3587/2150/231 3768/2152/174
f 3767/2154/3 668/2155/387 671/2156/1
f 2378/2157/2 671/2158/1 668/2159/387
f 4283/2160/388 2378/2157/2 668/2159/387
f 2657/2161/247 672/2162/384 3588/2163/247
f 679/2164/19 676/2165/385 678/2166/394
f 2662/35/17 679/34/19 678/2167/394
f 3773/2168/398 2382/2169/389 684/2170/401
f 3772/2171/390 684/2172/401 685/2173/396
f 2382/2169/389 685/2174/396 684/2170/401
f 3117/2175/402 4408/2176/403 2526/2177/404
f 3117/2175/402 2526/2177/404 3789/2178/405
f 688/2179/96 686/2180/98 3118/2181/406
f 3119/2182/407 689/2183/408 3357/2184/409
f 686/2185/98 4507/2186/97 3118/2175/406
f 688/259/96 4406/2187/410 4507/260/411
f 688/2188/96 3118/2189/406 4406/2190/410
f 3358/2191/412 3491/2192/413 760/2193/414
f 4651/2194/415 4231/2195/416 690/2196/417
f 691/2197/418 690/2198/417 692/2199/419
f 691/2200/418 692/2201/419 4651/2202/415
f 4250/2203/420 2519/2204/407 4652/2205/420
f 690/2206/417 691/2200/418 4651/2202/415
f 690/2198/417 4231/2207/416 692/2199/421
f 3120/2208/422 4250/2203/420 4652/2205/420
f 4658/2209/423 3791/2210/423 4252/2211/423
f 4652/2205/420 4233/2212/424 3120/2208/422
f 3121/2213/425 693/2214/425 4656/2215/425
f 2102/2216/426 4251/2217/426 4233/2218/427
f 4233/2219/428 2520/2220/63 2397/2221/429
f 694/2222/96 2387/2223/406 3661/2224/410
f 694/262/96 3661/2225/410 4410/263/411
f 695/2226/98 4410/2227/97 2387/2228/406
f 694/2229/96 695/2230/98 2387/2231/406
f 2844/2232/430 2389/2233/431 4411/2234/432
f 2388/2228/402 3663/2235/403 4600/2236/404
f 3664/2237/433 2844/2232/430 4411/2234/432
f 2277/2238/434 697/2239/408 2845/2240/409
f 699/2241/418 698/2242/417 3592/2243/435
f 698/2242/417 702/2244/416 3592/2243/435
f 698/2245/417 699/2246/418 2751/2247/415
f 699/2246/418 3592/2248/435 2751/2247/415
f 2753/2249/436 3894/2250/427 4236/2251/427
f 2752/2252/437 3896/2253/438 3136/2254/439
f 770/2255/420 3591/2256/440 2847/2257/420
f 4236/2258/441 2752/2259/437 3904/2260/442
f 2847/2257/420 4236/2261/424 770/2255/420
f 3897/2262/425 4235/2263/425 4116/2264/425
f 2751/2265/415 702/2266/416 698/2267/417
f 703/2268/98 4412/2269/97 3211/2270/443
f 707/2271/99 703/2272/98 3211/2273/444
f 2106/2274/445 3360/2275/433 4413/2276/446
f 3360/2275/433 3210/2277/447 4413/2276/446
f 3209/2270/402 2104/2278/403 4605/2279/404
f 4413/2276/446 773/2280/448 2106/2274/445
f 2106/2281/449 3209/2282/449 4604/2283/449
f 707/265/411 2105/2284/411 4412/266/411
f 707/2285/99 3211/2286/444 2105/2287/450
f 3009/2288/405 4604/2283/451 3209/2282/402
f 708/2289/417 709/2290/418 3774/2291/415
f 3774/2292/415 3124/2293/416 708/2294/417
f 709/2295/418 708/2296/417 3492/2297/435
f 708/2296/417 3124/2298/416 3492/2297/435
f 709/2290/418 3492/2299/435 3774/2291/415
f 3776/2300/452 3126/2301/427 2108/2302/427
f 711/2303/102 3777/2304/101 3898/2305/453
f 715/2306/100 711/2307/102 3898/2308/453
f 4110/2309/433 3900/2310/447 712/2311/454
f 4414/2312/445 4110/2309/433 712/2311/454
f 712/2311/454 783/2313/455 4414/2312/445
f 4414/2314/456 3899/2315/456 4609/2316/456
f 715/268/100 4417/2317/457 3777/269/458
f 4416/2318/459 4607/2319/459 2530/2320/459
f 717/2321/460 719/2322/461 2755/2323/462
f 2754/2324/426 4509/2325/426 3000/2326/427
f 2754/2324/426 3000/2326/427 3495/2327/426
f 719/2328/461 717/2329/460 4654/2330/463
f 721/2331/420 4653/2332/420 3494/2333/420
f 717/2329/460 4510/2334/464 4654/2330/463
f 4513/2335/425 785/2336/425 4120/2337/425
f 3494/2333/420 3000/2338/424 721/2331/420
f 2755/2339/462 4510/2340/464 717/2341/460
f 3000/2342/465 4655/2343/67 3556/2344/466
f 4655/2345/67 4199/2346/66 3556/2347/466
f 722/2348/99 723/2349/98 4007/2350/444
f 722/2351/99 4007/2352/444 789/2353/450
f 723/2354/98 2109/2355/97 4007/2356/443
f 3363/2357/433 4009/2358/447 2111/2359/467
f 722/271/411 789/2360/411 2109/272/411
f 726/2361/418 725/2362/468 4727/2363/435
f 725/2362/468 4195/2364/416 4727/2363/435
f 725/2365/468 726/2366/418 4257/2367/469
f 726/2366/418 4727/2368/435 4257/2367/470
f 4257/2369/469 4195/2370/416 725/2371/468
f 4259/2372/420 2113/2373/424 4011/2374/420
f 4011/2374/420 728/2375/420 4259/2372/420
f 4258/39/25 3016/38/24 3779/2376/471
f 729/2377/96 4707/2378/406 3559/2379/410
f 729/274/96 3559/2380/410 2740/275/411
f 3562/2381/449 4706/2382/449 4610/2383/449
f 3562/2384/433 4260/2385/430 2741/2386/432
f 4260/2385/430 4012/2387/431 2741/2386/432
f 4705/2388/434 803/2389/408 4261/2390/409
f 4427/2391/405 4610/2383/451 4706/2382/402
f 4706/2392/402 3561/2393/403 4611/2394/404
f 4706/2392/402 4611/2394/404 4427/2395/405
f 729/2396/96 730/2397/98 4707/2398/406
f 730/2399/98 2740/2400/97 4707/2392/406
f 734/2401/417 735/2402/418 4686/2403/415
f 735/2402/418 4262/2404/435 4686/2403/415
f 4285/2405/420 4264/2406/472 2668/2407/420
f 4687/2408/473 738/2409/427 2758/2410/427
f 2758/2411/465 4263/2412/67 2682/2413/466
f 2668/2407/420 2758/2414/424 4285/2405/420
f 3496/2415/425 2757/2416/425 2536/2417/425
f 4686/2418/415 737/2419/416 734/2420/417
f 735/2421/418 734/2422/417 4262/2423/435
f 734/2422/417 737/2424/416 4262/2423/435
f 2535/2425/474 806/2426/474 4287/2427/474
f 739/2428/104 4708/2429/103 3129/2430/475
f 740/2431/105 739/2432/104 3129/2433/475
f 740/2434/105 3129/2435/475 2114/2436/476
f 740/279/105 2114/2437/476 4708/277/477
f 2116/2438/478 2115/2437/479 741/2439/480
f 3128/2430/481 4709/2440/482 3216/2441/483
f 3128/2430/481 3216/2441/483 4288/2442/484
f 2671/2443/485 2115/2437/485 2116/2438/485
f 744/2444/468 745/2445/418 3001/2446/415
f 745/2447/418 744/2448/468 4723/2449/419
f 3003/2450/426 4722/2451/426 3786/2452/427
f 745/2445/418 4723/2453/419 3001/2446/415
f 744/2448/468 748/2454/416 4723/2449/421
f 2278/2455/422 747/2456/420 3365/2457/420
f 2540/2458/423 4431/2459/423 4724/2460/423
f 747/2456/420 2673/2461/407 3365/2457/420
f 3365/2457/420 3786/2462/424 2278/2455/422
f 2279/2463/425 3785/2464/425 2407/2465/425
f 3001/2466/415 748/2467/416 744/2468/468
f 3786/2469/428 3002/2470/68 2405/2471/429
f 749/2472/98 3787/2473/97 3212/2474/406
f 750/2475/96 749/2476/98 3212/2477/406
f 750/2478/96 3212/2479/406 3593/2480/410
f 751/2481/412 3214/2482/413 754/2483/426
f 3130/2484/407 753/2485/408 3594/2486/409
f 2134/2487/405 3908/2488/451 3213/2489/402
f 2119/2490/449 3213/2489/449 3908/2488/449
f 2119/2491/445 751/2481/412 754/2483/426
f 750/280/96 3593/2492/410 3787/281/411
f 754/2483/426 818/2493/426 2119/2491/445
f 3213/2474/402 2118/2494/403 3020/2495/404
f 760/2193/414 4508/2496/486 4409/2497/445
f 4409/2498/449 3117/2499/449 3133/2500/449
f 4409/2497/445 3358/2191/412 760/2193/414
f 757/2501/487 2524/2502/478 4113/2503/420
f 3134/2504/425 3788/2505/425 3222/2506/425
f 2120/2507/445 3135/2508/432 759/2509/432
f 4113/2503/420 759/2510/420 757/2501/487
f 3789/2511/405 3133/2500/451 3117/2499/402
f 759/2512/428 2525/2513/63 4522/2514/429
f 2120/2507/445 759/2509/432 821/2515/488
f 895/2516/423 3912/2517/423 3132/2518/423
f 2520/2519/63 3791/2520/62 2397/2521/429
f 3664/2522/449 2388/2523/449 4599/2524/449
f 4292/2525/424 4602/2526/422 4660/2527/420
f 3005/2528/427 4602/2529/426 4290/2530/432
f 832/2531/423 3643/2532/423 4601/2533/423
f 4602/2526/422 765/2534/487 4660/2527/420
f 4661/2535/405 4599/2524/451 2388/2523/402
f 3797/2536/428 4603/2537/68 2411/2538/429
f 4660/2527/420 3797/2539/420 4292/2525/424
f 2388/2228/402 4600/2236/404 4661/2540/405
f 4603/2541/68 3643/2542/62 2411/2543/429
f 3005/2528/427 4290/2530/432 3797/2544/427
f 2752/2545/437 3136/2546/439 3904/2547/442
f 4117/2548/489 3136/2549/489 3896/2550/489
f 3138/2551/490 3007/2254/426 2883/2552/491
f 3903/2553/71 3809/2554/492 839/2555/69
f 3209/2270/402 4605/2279/404 3009/2556/405
f 3012/2557/428 3799/2558/68 4615/2559/429
f 3798/2560/426 3012/2561/445 4294/2562/488
f 4293/2563/420 3012/2564/420 843/2565/420
f 2888/2566/425 3010/2567/425 3013/2568/425
f 3798/2560/426 2888/2569/432 3012/2561/445
f 3798/2560/426 777/2570/432 2888/2569/432
f 777/2571/422 2528/2572/420 4293/2563/420
f 843/2565/420 777/2571/422 4293/2563/420
f 4124/2573/423 4297/2574/423 4606/2575/423
f 2522/2576/420 2108/2577/424 779/2578/420
f 779/2578/420 4108/2579/493 2522/2576/420
f 3775/2580/63 4418/2581/62 2283/2582/429
f 2108/2583/428 3775/2584/63 2283/2585/429
f 3125/2586/425 782/2587/425 4663/2588/425
f 4664/2589/423 4418/2590/423 3123/2591/423
f 4421/2592/449 2280/2593/449 2292/2594/449
f 4421/2595/426 4662/2596/426 2121/2597/426
f 4662/2596/426 845/2598/426 2121/2597/426
f 2280/2582/402 4420/2599/403 3810/2600/404
f 846/2601/405 2292/2594/451 2280/2593/402
f 2530/2602/44 4609/2316/494 3899/2315/45
f 784/2603/422 3367/2604/420 848/2605/420
f 3369/2606/495 4608/2607/496 2141/2608/497
f 853/2609/420 784/2603/422 848/2605/420
f 3637/2610/427 784/2611/426 4514/2612/432
f 4667/2613/498 2141/2614/498 4608/2615/498
f 4119/2616/426 3555/2617/499 2127/2618/426
f 3555/2619/499 4119/2620/426 2889/2621/420
f 2856/2622/484 3512/2623/451 3557/2624/500
f 4118/2625/474 4199/2626/474 4512/2627/474
f 4119/2620/426 858/2628/426 4422/2629/426
f 858/2630/449 3557/2624/449 3512/2623/449
f 858/2631/426 4119/2616/426 2127/2618/426
f 3557/2347/500 4200/2632/501 2144/2633/483
f 4423/2634/405 4516/2635/451 4008/2636/402
f 3639/2637/449 4008/2636/449 4516/2635/449
f 3639/2638/445 3363/2357/433 2111/2359/467
f 4008/2356/402 2110/2639/403 2130/2640/404
f 4008/2356/402 2130/2640/404 4423/2641/405
f 4426/2642/428 2129/2643/68 3916/2644/429
f 863/2645/420 4426/2646/420 794/2647/420
f 4519/2648/425 4424/2649/425 4016/2650/425
f 2131/2651/427 4519/2652/432 4426/2653/427
f 2111/2359/467 2665/2654/502 3639/2638/445
f 2131/2651/427 3215/2655/426 4519/2652/432
f 794/2647/420 3215/2656/487 863/2645/420
f 2285/2657/503 3015/2658/504 2414/2659/505
f 3370/2660/506 3016/2661/24 4725/2662/23
f 3017/2663/456 3780/2664/456 870/2665/456
f 3017/2666/426 3371/2667/426 2284/2668/426
f 796/2669/420 3017/2658/480 799/2670/407
f 3371/2671/426 3017/2658/426 796/2669/426
f 3371/2667/426 3782/2672/426 2284/2668/426
f 4196/2673/425 801/2674/425 4013/2675/425
f 2666/2676/426 4010/2677/426 2113/2678/427
f 4439/2679/47 870/2665/494 3780/2664/48
f 4613/2680/487 3373/2681/420 872/2682/480
f 875/2683/420 4613/2680/487 872/2682/480
f 2133/2684/445 4613/2685/432 4520/2686/432
f 873/2687/423 3918/2688/423 4612/2689/423
f 2133/2684/445 4520/2686/432 4430/2690/445
f 2133/2684/445 4430/2690/445 2534/2691/488
f 804/2692/445 2685/2693/488 3801/2694/426
f 2152/2695/484 2858/2696/451 2683/2697/500
f 804/2698/445 2686/2699/507 3800/2700/426
f 2686/2701/449 2683/2697/449 2858/2696/449
f 2686/2702/507 804/2692/445 3801/2694/426
f 3801/2694/426 3906/2703/508 2686/2702/507
f 4263/2704/67 806/2705/66 2682/2706/466
f 2115/2707/509 2670/2708/510 4710/2709/511
f 3218/2710/422 3641/2711/487 880/2712/512
f 3803/2713/495 3217/2714/496 2161/2715/497
f 3499/2716/420 3218/2710/422 880/2712/512
f 3802/2717/427 3218/2718/432 3498/2719/432
f 4672/2720/498 2161/2721/498 3217/2722/498
f 3802/2717/427 3498/2719/432 3806/2723/513
f 4289/2442/514 3803/2724/495 2161/2725/497
f 3802/2717/427 3806/2723/513 880/2726/512
f 2115/2727/449 3128/2728/449 809/2729/449
f 4288/2730/484 809/2729/451 3128/2728/481
f 3498/2731/425 3804/2732/425 4673/2733/425
f 880/2712/512 3806/2734/513 3499/2716/420
f 3002/2735/68 4431/2736/62 2405/2737/429
f 2538/2738/426 2406/2739/426 814/2740/426
f 2401/2737/402 4432/2741/403 3230/2742/404
f 1942/2743/426 2538/2738/426 814/2740/426
f 3213/2474/402 3020/2495/404 2134/2744/405
f 3911/2745/425 2135/2746/425 3391/2747/425
f 3018/2748/427 3911/2749/432 2137/2750/427
f 3018/2748/427 893/2751/432 3911/2749/432
f 894/2752/420 2137/2753/420 817/2754/420
f 817/2754/420 893/2755/487 894/2752/420
f 2137/2756/428 3019/2757/63 3145/2758/429
f 2525/2759/63 3912/2760/62 4522/2761/429
f 4523/2761/515 3913/2762/516 902/2763/517
f 4524/2764/518 3219/2765/519 3374/2766/420
f 3375/2767/520 3220/2768/520 4201/2769/427
f 3794/2770/449 2394/2771/449 903/2772/449
f 3794/2773/426 4657/2774/426 825/2775/426
f 2851/2776/521 3229/2777/521 4237/2778/521
f 2544/2779/424 2851/2780/420 3224/2781/407
f 3224/2781/407 3503/2782/424 2544/2779/424
f 2394/2521/402 3226/2783/404 2543/2784/405
f 4657/2774/426 2395/2785/426 825/2775/426
f 2394/2521/402 3793/2786/403 3226/2783/404
f 2543/2787/405 903/2772/451 2394/2771/402
f 3501/2788/425 827/2789/425 4619/2790/425
f 2139/2791/413 3227/2792/426 2851/2793/507
f 4290/2794/425 3795/2795/425 2412/2796/425
f 2852/2797/432 2408/2798/488 4434/2799/427
f 2286/2800/422 831/2801/522 2853/2802/487
f 3646/2803/523 2409/2804/523 908/2805/523
f 3646/2806/524 2852/2797/432 4434/2799/427
f 2553/2807/525 908/2805/525 2409/2804/525
f 2409/2543/515 3645/2808/516 4449/2809/517
f 3007/2254/426 4114/2810/426 2883/2552/491
f 839/2811/69 4525/2812/526 3008/2813/70
f 4114/2810/426 772/2814/427 2883/2552/491
f 2545/2815/420 4438/2816/420 909/2817/480
f 4529/2818/425 4437/2819/425 2556/2820/425
f 840/2821/507 4526/2822/426 4438/2823/426
f 4438/2824/527 3542/2825/527 3150/2826/527
f 4125/2827/432 4616/2828/488 918/2829/427
f 2287/2830/422 841/2831/522 844/2832/487
f 4298/2833/524 4125/2827/432 918/2829/427
f 3399/2834/525 4543/2835/525 4617/2836/525
f 4298/2837/523 4617/2836/523 4543/2835/523
f 3799/2838/68 4297/2839/62 4615/2840/429
f 2280/2582/402 3810/2600/404 846/2841/405
f 3023/2842/521 3812/2843/521 2701/2844/521
f 3380/2845/424 3023/2846/420 921/2847/407
f 2290/2848/425 3022/2849/425 2559/2850/425
f 3811/2851/413 2291/2852/426 3023/2853/507
f 848/2605/420 2125/2854/420 853/2609/420
f 2529/2320/514 3369/2855/495 2141/2856/497
f 2529/2320/514 2141/2856/497 3142/2857/528
f 3637/2610/427 4514/2612/432 2125/2858/427
f 2171/2859/525 928/2860/525 3143/2861/525
f 4670/2862/529 852/2863/529 3813/2864/529
f 852/2865/523 3143/2861/523 928/2860/523
f 852/2866/530 4668/2867/427 2142/2868/445
f 3143/2857/531 2140/2869/532 3822/2870/533
f 3813/2864/424 852/2863/534 2143/2871/422
f 2140/2872/532 3235/2873/535 3822/2874/533
f 4514/2875/425 2123/2876/425 4669/2877/425
f 4422/2629/480 858/2628/536 2128/2878/407
f 3557/2347/500 2144/2633/483 2856/2879/484
f 859/2880/413 3508/2881/426 2691/2882/507
f 3509/2883/407 3381/2884/424 2855/2885/424
f 2565/2886/537 4454/2887/537 3511/2888/537
f 2294/2889/425 3024/2890/425 4620/2891/425
f 2855/2885/424 2691/2892/420 3509/2883/407
f 2691/2893/527 2145/2894/527 3564/2895/527
f 3215/2656/487 2532/2896/420 863/2645/420
f 2129/2897/68 3028/2898/62 3916/2899/429
f 4295/2900/432 4014/2901/488 2146/2902/427
f 3917/2899/515 3027/2903/516 3031/2904/517
f 3029/2905/524 4295/2900/432 2146/2902/427
f 932/2906/423 3028/2907/423 4518/2908/423
f 3029/2909/523 3917/2910/523 2305/2911/523
f 3915/2912/422 868/2913/522 4296/2914/487
f 3027/2915/516 2693/2916/538 3031/2917/517
f 4441/2918/465 3815/2919/465 4027/2920/465
f 2547/2921/420 4441/2922/478 940/2923/480
f 2296/2924/425 869/2925/425 4130/2926/425
f 3814/2927/413 2296/2928/426 4441/2929/507
f 2417/2930/407 2849/2931/424 2547/2921/420
f 940/2923/480 2417/2930/407 2547/2921/420
f 3814/2927/413 2416/2932/426 2296/2928/426
f 4128/2933/474 3155/2934/474 2415/2935/474
f 2285/2936/503 2414/2937/505 4439/2938/539
f 4430/2939/428 2132/2940/68 946/2941/429
f 872/2682/480 4430/2942/420 875/2683/420
f 4520/2943/425 4428/2944/425 3385/2945/425
f 2132/2946/68 3918/2947/62 946/2948/429
f 3384/2949/540 4018/2950/541 874/2951/530
f 4457/2952/525 3156/2953/525 4019/2954/525
f 2149/2955/523 4019/2954/523 3156/2953/523
f 2149/2956/524 3384/2949/540 874/2951/530
f 3919/2957/516 3240/2958/538 2174/2959/517
f 4019/2948/515 3919/2960/516 2174/2961/517
f 2683/2706/500 3905/2962/501 949/2963/483
f 2683/2706/500 949/2963/483 2152/2964/484
f 876/2965/507 2861/2966/426 2153/2967/426
f 2153/2968/542 4442/2969/542 2431/2970/542
f 3387/2971/420 2153/2972/420 948/2973/480
f 2857/2974/425 877/2975/425 2432/2976/425
f 948/2973/480 4204/2977/424 3387/2971/420
f 4289/2442/514 2161/2725/497 4532/2978/543
f 883/2978/544 2160/2979/545 3034/2980/546
f 954/2981/547 4671/2982/548 2162/2983/541
f 2162/2983/541 2688/2984/549 954/2981/547
f 2160/2985/545 2156/2986/550 3034/2987/546
f 4444/2988/405 4533/2989/451 2401/2990/402
f 1942/2991/449 2401/2990/449 4533/2989/449
f 2401/2737/402 3230/2742/404 4444/2992/405
f 885/2993/413 4534/2994/426 4446/2995/507
f 4537/2996/425 960/2997/425 4134/2998/425
f 2550/2999/424 4446/3000/420 886/3001/407
f 886/3001/407 2548/3002/424 2550/2999/424
f 4539/3003/516 4028/3004/538 2176/3005/517
f 3389/3006/432 3232/3007/488 888/3008/432
f 3019/3009/63 4538/3010/62 3145/3011/429
f 3146/3011/551 4539/3012/516 2176/3013/517
f 2163/3014/524 3389/3006/432 888/3008/432
f 3144/3015/522 966/3016/522 3390/3017/487
f 893/2755/487 4121/3018/420 894/2752/420
f 962/3019/423 4538/3020/423 3910/3021/423
f 4447/3022/525 898/3023/525 4523/3024/525
f 3650/3025/523 4523/3024/523 898/3023/523
f 3650/3026/427 3375/2767/520 4201/2769/427
f 4201/2769/427 896/3027/552 3650/3026/427
f 3913/3028/516 2418/3029/538 902/3030/517
f 2420/3031/480 2862/3032/420 2850/3033/553
f 2165/3030/554 2419/3034/496 3834/3035/497
f 899/3036/480 2420/3031/480 2850/3033/553
f 3652/3037/498 3834/3038/498 2419/3039/498
f 2696/3040/425 4448/3041/425 3246/3042/425
f 2166/3043/426 2421/3044/426 3518/3045/555
f 2850/3033/553 3518/3046/555 899/3036/480
f 2166/3043/426 3518/3045/555 2850/3047/553
f 3517/3048/556 2165/3049/554 3834/3050/497
f 3229/3051/557 3395/3052/558 3921/3053/559
f 3394/3054/432 4240/3055/427 976/3056/432
f 4240/3057/407 3393/3058/420 4541/3059/420
f 4463/3060/405 3249/3061/451 4238/3062/402
f 3653/3063/449 4238/3062/449 3249/3061/449
f 3653/3064/412 3394/3054/432 976/3056/432
f 4451/3065/426 2424/3066/426 2863/3067/560
f 2551/3068/556 4450/3069/554 3043/3070/497
f 4451/3065/426 2863/3067/560 2552/3071/561
f 3530/3072/498 3043/3073/498 2423/3074/498
f 3645/3075/516 2422/3076/538 4449/3077/517
f 2425/3078/480 2864/3079/420 2552/3080/561
f 4450/3077/554 2423/3081/496 3043/3082/497
f 984/3083/480 2425/3078/480 2552/3080/561
f 909/2817/480 4122/3084/424 2545/2815/420
f 3506/3085/426 3148/3086/562 2697/3087/427
f 2554/3088/537 3149/3089/537 4528/3090/537
f 2555/3091/426 2697/3092/427 3030/3093/426
f 2697/3094/449 3152/3095/449 2437/3096/449
f 2697/3087/427 2555/3097/426 3506/3085/426
f 2555/3097/426 913/3098/507 3506/3085/426
f 4213/3099/484 2437/3096/451 3152/3095/481
f 3152/3100/481 3147/3101/482 2438/3102/483
f 3152/3100/481 2438/3102/483 4213/3103/484
f 4617/2840/515 4300/3104/516 3817/3105/517
f 4300/3106/516 994/3107/538 3817/3108/517
f 3819/3109/426 4542/3110/426 2169/3111/507
f 3397/3112/556 3818/3113/554 4467/3114/497
f 3819/3109/426 2169/3111/507 3398/3115/507
f 921/2847/407 3378/3116/424 3380/2845/424
f 3812/3117/557 2561/3118/558 3924/3119/559
f 2560/3120/432 2700/3121/427 923/3122/432
f 2700/3123/407 2558/3124/420 2297/3125/420
f 2576/3126/405 4549/3127/451 2702/3128/402
f 1003/3129/449 2702/3128/449 4549/3127/449
f 1003/3130/412 2560/3120/432 923/3122/432
f 4127/3131/420 2173/3132/478 1005/3133/480
f 2299/3134/425 927/3135/425 3252/3136/425
f 929/3137/507 3237/3138/426 2173/3139/507
f 3238/3140/480 2564/3141/420 4127/3131/420
f 3823/2874/554 3236/3142/496 3047/3143/497
f 1005/3133/480 3238/3140/480 4127/3131/420
f 3406/3144/498 3047/3145/498 3236/3146/498
f 2172/3147/556 3823/3148/554 3047/3149/497
f 4455/3150/449 3566/3151/449 1011/3152/449
f 4455/3153/432 2566/3154/432 2300/3155/432
f 930/3156/420 4455/3157/424 931/3158/487
f 2566/3159/432 4455/3157/432 930/3156/426
f 2566/3154/432 3565/3160/445 2300/3155/432
f 3566/3161/481 4453/3162/482 2440/3163/483
f 935/3164/525 2305/2911/525 3917/2910/525
f 2303/3165/425 3824/3166/425 4035/3167/425
f 3032/3168/563 2304/3169/426 2706/3170/564
f 936/3171/565 2706/3172/564 933/3173/480
f 2707/3174/556 3033/3175/554 2313/3176/497
f 933/3173/480 2568/3177/420 936/3171/565
f 2707/3174/556 2313/3176/497 4033/3178/543
f 3815/3179/76 3155/3180/66 4027/3181/566
f 942/3182/420 941/3183/567 938/3184/487
f 4129/3185/432 4024/3186/445 3153/3187/432
f 3055/3188/484 2447/3189/451 4022/3190/481
f 4129/3191/432 941/3183/432 942/3182/426
f 941/3192/449 4022/3190/449 2447/3189/449
f 941/3193/432 4129/3185/432 3153/3187/432
f 4022/3181/481 3154/3194/482 1021/3195/483
f 3159/3196/425 4456/3197/425 2584/3198/425
f 947/3199/507 3160/3200/426 3523/3201/507
f 2570/3202/420 3523/3203/478 945/3204/480
f 945/3204/480 3239/3205/480 2570/3202/420
f 3524/3206/556 2175/3207/554 2719/3208/497
f 2711/3209/537 3828/3210/537 2860/3211/537
f 2712/3212/426 2429/3213/507 3826/3214/426
f 2427/3215/481 3827/3216/482 4679/3217/483
f 2427/3215/481 4679/3217/483 3410/3218/484
f 2712/3219/426 1030/3220/427 1031/3221/426
f 1030/3222/427 2712/3212/426 3826/3214/426
f 3826/3214/426 1028/3223/568 1030/3222/427
f 956/3224/525 2155/3225/525 883/3226/525
f 954/3227/523 883/3226/523 2155/3225/523
f 3036/3228/426 1034/3229/426 3832/3230/426
f 3831/3231/556 3035/3232/495 3847/3233/497
f 3036/3228/426 3832/3230/426 3649/3234/507
f 3648/3235/420 3832/3236/478 1035/3237/480
f 2715/3238/425 3830/3239/425 3415/3240/425
f 3816/3241/557 4135/3242/558 3038/3243/559
f 4132/3244/432 4206/3245/427 3039/3246/432
f 4207/3247/402 3037/3248/403 1039/3249/404
f 4301/3250/412 4132/3244/432 3039/3246/432
f 4206/3251/407 4133/3252/420 3929/3253/420
f 3419/3254/405 2454/3255/451 4207/3256/402
f 4301/3257/449 4207/3256/449 2454/3255/449
f 4446/3258/521 3816/3259/521 4209/3260/521
f 964/3261/525 963/3262/525 3146/3263/525
f 2163/3264/449 3146/3263/449 963/3262/449
f 4030/3265/480 3400/3266/420 1048/3267/420
f 2177/3005/554 4029/3268/496 4217/3269/569
f 1047/3270/480 4030/3265/480 1048/3267/420
f 2178/3271/507 4030/3272/426 4210/3273/426
f 4139/3274/498 4217/3275/498 4029/3276/498
f 1048/3267/420 4461/3277/420 1047/3270/480
f 4210/3278/425 4459/3279/425 4142/3280/425
f 2178/3271/507 4210/3273/426 4461/3281/507
f 967/3282/523 3241/3283/523 2319/3284/523
f 967/3285/570 3242/3286/507 2306/3287/426
f 968/3288/407 967/3289/536 970/3290/571
f 3245/3291/572 967/3289/572 968/3288/572
f 4143/3292/484 2319/3284/451 3241/3283/481
f 3517/3048/556 3834/3050/497 3244/3293/528
f 3241/3293/481 3833/3294/482 3421/3295/483
f 3241/3293/481 3421/3295/483 4143/3296/484
f 4464/3297/428 3251/3298/63 3936/3299/429
f 4137/3300/573 4464/3301/478 1051/3302/480
f 3526/3303/425 977/3304/425 2587/3305/425
f 2573/3306/507 3250/3307/412 4464/3308/507
f 4238/3309/402 3922/3310/403 979/3311/404
f 3248/3312/574 2572/3313/575 4137/3300/573
f 1051/3302/480 3248/3312/574 4137/3300/573
f 1056/3314/576 3062/3315/576 3247/3316/576
f 4238/3309/402 979/3311/404 4463/3317/405
f 2552/3080/561 2863/3318/560 984/3083/480
f 2551/3068/556 3043/3070/497 4548/3319/543
f 3042/3320/570 3527/3321/507 2180/3322/426
f 983/3323/407 3042/3324/536 2181/3325/571
f 3528/3326/572 3042/3324/572 983/3323/572
f 2690/3327/425 4452/3328/425 3529/3329/425
f 4215/3103/556 3835/3330/554 4480/3331/569
f 3837/3332/445 989/3333/432 3839/3334/426
f 4216/3335/420 3839/3336/420 2436/3337/420
f 2436/3337/420 2574/3338/420 4216/3335/420
f 4215/3103/556 4480/3331/569 3259/3339/528
f 3835/3340/554 2435/3341/496 4480/3342/569
f 3656/3343/498 4480/3344/498 2435/3345/498
f 2716/3346/425 990/3347/425 3261/3348/425
f 4546/3349/425 3821/3350/425 4677/3351/425
f 998/3352/420 2169/3353/478 991/3354/480
f 2308/3355/481 4465/3356/482 4041/3357/483
f 4468/3358/407 4466/3359/536 2878/3360/571
f 2308/3355/481 4041/3357/483 2183/3361/484
f 4675/3362/572 4466/3359/572 4468/3358/572
f 3397/3112/556 4467/3114/497 2309/3355/543
f 991/3354/480 3519/3363/424 998/3352/420
f 3818/3108/554 4545/3364/496 4467/3365/497
f 4676/3366/498 4467/3367/498 4545/3368/498
f 2183/3369/484 1071/3370/451 2308/3371/481
f 4466/3372/523 2308/3371/523 1071/3370/523
f 4466/3373/570 4678/3374/507 2879/3375/426
f 2702/3376/402 3925/3377/403 3403/3378/404
f 2702/3376/402 3403/3378/404 2576/3379/405
f 4552/3380/425 1077/3381/425 4621/3382/425
f 2730/3383/445 4553/3384/432 2868/3385/412
f 2577/3386/478 2868/3387/420 1004/3388/478
f 3048/3389/523 2761/3390/523 4622/3391/523
f 3048/3392/570 2762/3393/507 3841/3394/426
f 1006/3395/407 3048/3396/536 3842/3397/571
f 1008/3398/572 3048/3396/572 1006/3395/572
f 2172/3147/556 3047/3149/497 2760/3399/543
f 2761/3399/481 3046/3400/482 4623/3401/483
f 3566/3161/481 2440/3163/483 1014/3402/484
f 4471/3403/427 2705/3404/426 3052/3405/426
f 4471/3403/427 2442/3406/488 2705/3404/426
f 3051/3402/556 4469/3407/554 2189/3408/569
f 4469/3409/554 2441/3410/496 2189/3411/569
f 2443/3412/574 4470/3413/575 3407/3414/573
f 2704/3415/480 2443/3412/574 3407/3414/573
f 4309/3416/498 2189/3417/498 2441/3418/498
f 2705/3419/425 3050/3420/425 4308/3421/425
f 3407/3414/573 3052/3422/478 2704/3415/480
f 1014/3423/484 1011/3152/451 3566/3151/481
f 3033/2917/554 2302/3424/496 2313/3425/497
f 3409/3426/498 2313/3427/498 2302/3428/498
f 3053/3429/480 2869/3430/420 1016/3431/420
f 2869/3432/577 4032/3433/578 2311/3434/577
f 1017/3435/572 2869/3430/572 3053/3429/572
f 4481/3436/80 2328/3437/579 2870/3438/81
f 2312/3439/82 4147/3440/580 4481/3441/80
f 4022/3181/481 1021/3195/483 3055/3442/484
f 2445/3443/420 2579/3444/479 4303/3445/581
f 1096/3446/480 2445/3443/420 4303/3445/581
f 3843/3447/445 2446/3448/432 2709/3449/432
f 1097/3450/576 3168/3451/576 2444/3452/576
f 3056/3453/428 3844/3454/63 3570/3455/429
f 3843/3447/445 3056/3456/445 4304/3457/582
f 4303/3445/581 3056/3458/478 1096/3446/480
f 2709/3459/425 1022/3460/425 4044/3461/425
f 3843/3447/445 2709/3449/432 3056/3456/445
f 3239/3205/480 3647/3462/420 2570/3202/420
f 3524/3206/556 2719/3208/497 3162/3463/543
f 2175/2959/554 3158/3464/496 2719/3465/497
f 2581/3466/498 2719/3467/498 3158/3468/498
f 3163/3463/481 2720/3469/482 4627/3470/483
f 2721/3471/577 2583/3472/578 1026/3473/577
f 2734/3474/484 4626/3475/451 3163/3476/481
f 2582/3477/572 2721/3478/572 3846/3479/572
f 2721/3480/523 3163/3476/523 4626/3475/523
f 3410/3481/484 2450/3482/451 2427/3483/481
f 1030/3484/449 2427/3483/449 2450/3482/449
f 4681/3485/554 2449/3486/496 3861/3487/569
f 2451/3488/522 1029/3489/583 3412/3490/522
f 3412/3490/522 3538/3491/478 1101/3492/480
f 1101/3492/480 2451/3488/522 3412/3490/522
f 3411/3218/556 4681/3493/554 3861/3494/569
f 3411/3218/556 3861/3494/569 2330/3495/528
f 2158/3496/480 4674/3497/420 3648/3235/420
f 1035/3237/480 2158/3496/480 3648/3235/420
f 3831/3231/556 3847/3233/497 3932/3498/543
f 3035/2987/495 2157/3499/496 3847/3500/497
f 3414/3501/498 3847/3502/498 2157/3503/498
f 3931/3498/481 3849/3504/482 4485/3505/483
f 3057/3506/407 2872/3507/536 3850/3508/571
f 3931/3498/481 4485/3505/483 2595/3509/484
f 3416/3510/572 2872/3507/572 3057/3506/572
f 2453/3511/574 2873/3512/575 3418/3513/573
f 1042/3514/480 2453/3511/574 3418/3513/573
f 4683/3515/423 3862/3516/423 2452/3517/423
f 2725/3518/428 2456/3519/63 2333/3520/429
f 3418/3513/573 2725/3521/478 1042/3514/480
f 4207/3247/402 1039/3249/404 3419/3522/405
f 2456/3523/63 3862/3524/62 2333/3525/429
f 2315/3526/425 3059/3527/425 4682/3528/425
f 2874/3529/507 2455/3530/412 2725/3531/507
f 4460/3532/514 4217/3533/569 4039/3534/528
f 4037/3534/481 4218/3535/482 3263/3536/483
f 4219/3537/570 4140/3538/507 4476/3539/426
f 4460/3532/514 2177/3540/554 4217/3533/569
f 4153/3541/484 1116/3542/451 4037/3543/481
f 4141/3544/572 4219/3545/572 4475/3546/572
f 4219/3547/449 4037/3543/449 1116/3542/449
f 2458/3548/574 1049/3549/584 4144/3550/522
f 4144/3550/522 2739/3551/407 1120/3552/420
f 1120/3552/420 2458/3548/574 4144/3550/522
f 4145/41/27 1124/40/26 4478/3553/585
f 3065/3554/586 3935/3555/587 1128/3556/588
f 3065/3557/589 2585/3558/520 3066/3559/590
f 3935/3560/587 3064/3561/591 1127/3562/592
f 3934/3563/407 3254/3564/478 2586/3565/407
f 3251/3566/63 3062/3567/62 3936/3560/429
f 2585/3558/520 3253/3568/413 3066/3559/590
f 3935/3555/587 1127/3569/592 1128/3556/588
f 2179/3570/79 3423/3571/593 3427/3572/77
f 1065/3573/420 3424/3574/420 2743/3575/420
f 1061/3576/594 3533/3577/445 2743/3578/433
f 1132/3579/420 3424/3574/420 1065/3573/420
f 3425/3580/595 1133/3581/596 1129/3582/597
f 3940/3583/598 1066/3584/598 1130/3585/598
f 2743/3578/433 3940/3586/426 3655/3587/427
f 2743/3578/433 3533/3577/445 3940/3586/426
f 1065/3573/420 3655/3588/424 1062/3589/420
f 3533/3577/599 3939/3586/599 1130/3590/599
f 3427/3591/77 3937/3592/600 3041/3593/78
f 3655/3594/601 3426/3595/602 1131/3596/603
f 3426/3597/602 2744/3598/604 1131/3599/603
f 3257/3339/605 4479/3600/606 1138/3601/607
f 1135/3602/608 3256/3603/510 3852/3604/510
f 3429/3605/522 2185/3606/407 1140/3607/420
f 2322/3608/609 1070/3609/609 1143/3610/609
f 1072/3611/426 2322/3612/426 2185/3613/426
f 4043/3614/574 4305/3615/584 3429/3605/522
f 1140/3607/420 4043/3614/574 3429/3605/522
f 1072/3611/426 4042/3616/507 2322/3612/426
f 2868/3617/428 3404/3618/68 4242/3619/429
f 1004/3388/478 3402/3620/479 2577/3386/478
f 3404/3621/68 4554/3622/62 4242/3623/429
f 4555/3624/610 1146/3625/611 1145/3626/612
f 1079/3627/423 4554/3628/423 4551/3629/423
f 3069/3630/613 2589/3631/614 1075/3632/614
f 3070/3633/615 4244/3634/616 1145/3635/612
f 2589/3631/614 4245/3636/577 1075/3632/614
f 3070/3633/615 1145/3635/612 1146/3637/611
f 4244/3623/616 4555/3638/610 1145/3639/612
f 2761/3399/481 4623/3401/483 4221/3640/484
f 1083/3641/574 1086/3642/584 4220/3643/522
f 2323/3644/420 1083/3641/574 4220/3643/522
f 3854/3645/426 4625/3646/507 2324/3647/426
f 2324/3648/617 2186/3649/617 1148/3650/617
f 3854/3645/426 2324/3647/426 2187/3651/426
f 4220/3643/522 2187/3652/407 2323/3644/420
f 4221/3653/484 4622/3391/451 2761/3390/481
f 3856/47/27 1147/46/26 3071/3654/585
f 3051/3402/556 2189/3408/569 3167/3655/528
f 3166/3655/618 2188/3656/619 1154/3657/607
f 4246/3658/620 4306/3659/621 2190/3660/578
f 4149/3661/622 1160/3662/623 1161/3663/624
f 3536/3664/420 4484/3665/407 1092/3666/420
f 2327/3667/598 1091/3668/598 1158/3669/598
f 3073/3670/427 2327/3671/426 4484/3672/427
f 3073/3670/427 4150/3673/426 2327/3671/426
f 2731/3674/599 2326/3671/599 1158/3675/599
f 4483/3441/625 4149/3676/622 1161/3677/624
f 4483/3441/625 1161/3677/624 4697/3678/626
f 3844/3679/63 3168/3680/62 3570/3681/429
f 3169/3682/591 1163/3683/627 1162/3684/592
f 2592/3685/614 3571/3686/577 3170/3687/614
f 2875/3688/613 2592/3685/614 3170/3687/614
f 3572/3689/628 1162/3690/592 1163/3691/627
f 2875/3692/629 3572/3689/628 1163/3691/627
f 3846/3479/480 2721/3478/420 4473/3693/420
f 3163/3463/481 4627/3470/483 2734/3694/484
f 4629/3695/574 2193/3696/584 2735/3697/522
f 1168/3698/420 4629/3695/574 2735/3697/522
f 2192/3699/426 1098/3700/507 4689/3701/426
f 2192/3699/426 4689/3701/426 2722/3702/426
f 4680/3703/427 2724/3704/432 3538/3705/426
f 4680/3703/427 2448/3706/426 2724/3704/432
f 2782/3707/498 3861/3708/498 2449/3709/498
f 2724/3710/425 4474/3711/425 4045/3712/425
f 3860/3713/630 2329/3714/605 1172/3715/631
f 3860/3716/620 2736/3717/621 2881/3718/578
f 1102/3719/632 3860/3720/633 2880/3721/409
f 2737/3722/427 3860/3720/427 1102/3719/427
f 2329/3495/605 3859/3723/606 1171/3724/607
f 2595/3725/484 4557/3726/451 3931/3727/481
f 2872/3728/449 3931/3727/449 4557/3726/449
f 2872/3729/570 3417/3730/507 3848/3731/426
f 4488/3732/426 4560/3733/426 2877/3734/426
f 4488/3732/426 2778/3735/507 4560/3733/426
f 4560/3736/617 1177/3737/617 1176/3738/617
f 2596/3739/522 2877/3740/407 1110/3741/420
f 1110/3741/420 2777/3742/574 2596/3739/522
f 4486/3743/634 4559/3733/635 1176/3744/636
f 2877/3745/637 4486/3746/634 4698/3747/638
f 2777/3742/574 4487/3748/584 2596/3739/522
f 4486/3749/634 1175/3750/639 4698/3751/638
f 3865/3752/586 2332/3753/587 1182/3754/588
f 3865/3755/589 4684/3756/520 1115/3757/590
f 4684/3756/520 2726/3758/413 1115/3757/590
f 2334/3759/407 2728/3760/478 4685/3761/407
f 2332/3753/587 1180/3762/592 1182/3754/588
f 2332/3525/587 3864/3763/591 1180/3764/592
f 3864/3765/591 1182/3766/588 1180/3767/592
f 4475/3546/407 4219/3545/479 4477/3768/571
f 3265/3769/420 2784/3770/478 4151/3771/420
f 4037/3534/481 3263/3536/483 4153/3772/484
f 2318/3773/617 3061/3774/617 1121/3775/617
f 3422/3776/426 2318/3777/426 2739/3778/426
f 3422/3776/426 2457/3779/507 2318/3777/426
f 1124/3780/26 1121/3781/640 4478/3782/585
f 3064/3783/591 1128/3784/588 1127/3785/592
f 2744/3786/604 1129/3582/597 1133/3581/596
f 2744/3786/604 1130/3787/641 1131/3788/603
f 3533/3789/642 1130/3790/641 1133/3791/596
f 2744/3786/604 1133/3581/596 1130/3787/641
f 1135/3792/630 3257/3793/605 1137/3794/631
f 1136/3795/480 1135/3796/479 1069/3797/480
f 3260/3798/427 1135/3796/427 1136/3795/427
f 4479/3799/606 1137/3800/631 1138/3801/607
f 3257/3793/605 1138/3802/607 1137/3794/631
f 2184/44/27 1142/43/26 1144/3803/585
f 1142/3804/26 1143/3805/640 1144/3806/585
f 1147/3807/26 1148/3808/640 3071/3809/585
f 1155/3810/632 4246/3811/633 2191/3812/409
f 4307/3813/427 4246/3811/427 1155/3810/427
f 2188/3814/619 1153/3815/631 1154/3816/607
f 4246/3817/630 3166/3818/618 1153/3819/631
f 3166/3818/618 1154/3820/607 1153/3819/631
f 1161/3663/624 1158/3821/643 4697/3822/626
f 2731/3823/642 1158/3824/643 1160/3825/623
f 1161/3663/624 1160/3662/623 1158/3821/643
f 3572/3681/628 3169/3826/591 1162/3827/592
f 2735/3697/522 2722/3828/407 1168/3698/420
f 2194/50/27 1166/49/26 3076/3829/585
f 1166/3830/26 1167/3831/640 3076/3832/585
f 4689/3833/617 3857/3834/617 1167/3835/617
f 2329/3714/605 1171/3836/607 1172/3715/631
f 3859/3837/606 1172/3838/631 1171/3839/607
f 1175/3840/639 1176/3744/636 4698/3841/638
f 4151/3771/420 2766/3842/407 3265/3769/420
f 4152/53/29 1184/52/26 2765/3843/585
f 1184/3844/26 1185/3845/640 2765/3846/585
f 4224/3847/427 3264/3848/432 2766/3849/426
f 3539/3850/617 3574/3851/617 1185/3852/617
f 1188/3853/644 1193/3854/645 1191/3855/646
f 1188/3853/644 1192/3856/647 1193/3854/645
f 1189/3857/648 1188/3858/644 1191/3859/646
f 1189/3860/648 1192/3861/647 1188/3862/644
f 1189/3860/648 1190/3863/649 1192/3861/647
f 1190/3864/649 1189/3865/648 1195/3866/650
f 1189/3857/648 1191/3859/646 1195/3867/650
f 1190/3864/649 1195/3866/650 1194/3868/651
f 1192/3856/647 1190/3869/649 1194/3870/651
f 1191/3871/646 1194/3872/651 1195/3873/650
f 1191/3871/646 1193/3874/645 1194/3872/651
f 1192/3856/647 1194/3870/651 1193/3854/645
f 1198/3875/652 1196/3876/653 1197/3877/654
f 1198/3875/652 1199/3878/655 1196/3876/653
f 1199/3879/655 1197/3880/654 1196/3881/653
f 1199/3879/655 1198/3882/652 1197/3880/654
f 1200/3883/33 1202/3884/33 1201/3885/33
f 1200/3886/33 1201/3887/33 1202/3888/33
f 1203/3889/33 1205/3890/33 1204/3891/33
f 1203/3892/33 1204/3893/33 1205/3894/33
f 1207/3895/33 1208/3896/33 1206/3897/33
f 1207/3898/33 1206/3899/33 1208/3900/33
f 1211/3901/656 1210/3902/657 1209/3903/658
f 1211/3901/656 1212/3904/659 1210/3902/657
f 1209/3905/658 1212/3906/659 1211/3907/656
f 1209/3905/658 1210/3908/657 1212/3906/659
f 1214/3909/660 1213/3910/661 1216/3911/662
f 1214/3909/660 1216/3911/662 1215/3912/663
f 1215/3913/663 1213/3914/661 1214/3915/660
f 1215/3913/663 1216/3916/662 1213/3914/661
f 1217/3917/647 1221/3918/651 1218/3919/645
f 1217/3917/647 1223/3920/649 1221/3918/651
f 1220/3921/648 1223/3922/649 1217/3923/647
f 1220/3921/648 1217/3923/647 1222/3924/644
f 1222/3925/644 1217/3917/647 1218/3919/645
f 1219/3926/646 1218/3927/645 1221/3928/651
f 1222/3925/644 1218/3919/645 1219/3929/646
f 1220/3930/648 1222/3931/644 1219/3932/646
f 1219/3926/646 1221/3928/651 1224/3933/650
f 1220/3930/648 1219/3932/646 1224/3934/650
f 1223/3935/649 1220/3936/648 1224/3937/650
f 1223/3935/649 1224/3937/650 1221/3938/651
f 1227/3939/655 1225/3940/654 1226/3941/664
f 1227/3939/655 1228/3942/665 1225/3940/654
f 1228/3943/665 1226/3944/664 1225/3945/654
f 1228/3943/665 1227/3946/655 1226/3944/664
f 1229/3947/33 1231/3948/33 1230/3949/33
f 1229/3950/33 1230/3951/33 1231/3952/33
f 1234/3953/33 1233/3954/33 1232/3955/33
f 1234/3956/33 1232/3957/33 1233/3958/33
f 1235/3959/33 1237/3960/33 1236/3961/33
f 1235/3962/33 1236/3963/33 1237/3964/33
f 1241/3965/656 1240/3966/657 1238/3967/658
f 1238/3968/658 1239/3969/659 1241/3970/656
f 1238/3968/658 1240/3971/657 1239/3969/659
f 1241/3965/656 1239/3972/659 1240/3966/657
f 1244/3973/666 1242/3974/667 1245/3975/668
f 1244/3973/666 1245/3975/668 1243/3976/660
f 1243/3977/660 1242/3978/667 1244/3979/666
f 1243/3977/660 1245/3980/668 1242/3978/667
f 1246/3981/669 1253/3982/669 1249/3983/670
f 1246/3981/669 1250/3984/671 1253/3982/669
f 1248/3985/672 1246/3986/673 1249/3987/674
f 1248/3988/672 1250/3989/675 1246/3990/673
f 1251/3991/676 1247/3992/676 1252/3993/677
f 1251/3991/676 1248/3994/678 1247/3992/676
f 1248/3985/672 1249/3987/674 1247/3995/679
f 1249/3996/674 1252/3997/680 1247/3998/679
f 1248/3988/672 1251/3999/681 1250/3989/675
f 1249/3996/674 1253/4000/682 1252/3997/680
f 1250/4001/675 1252/3993/680 1253/4002/682
f 1250/4001/675 1251/3991/681 1252/3993/680
f 1255/4003/683 1254/4004/684 1256/4005/685
f 1255/4003/683 1257/4006/686 1254/4004/684
f 1257/4007/686 1256/4008/685 1254/4009/684
f 1257/4007/686 1255/4010/683 1256/4008/685
f 1260/4011/676 1258/4012/676 1259/4013/676
f 1258/4014/676 1260/4015/676 1259/4016/676
f 1261/4017/33 1263/4018/33 1262/4019/33
f 1261/4020/33 1262/4021/33 1263/4022/33
f 1265/4023/33 1264/4024/33 1266/4025/33
f 1264/4026/33 1265/4027/33 1266/4028/33
f 1269/4029/687 1270/4030/688 1267/4031/689
f 1269/4029/687 1268/4032/690 1270/4030/688
f 1267/4033/689 1268/4034/690 1269/4035/687
f 1267/4033/689 1270/4036/688 1268/4034/690
f 1278/4037/674 1271/4038/682 1274/4039/680
f 1277/4040/669 1271/4041/669 1278/4042/670
f 1277/4040/669 1273/4043/671 1271/4041/669
f 1273/4044/675 1274/4045/680 1271/4046/682
f 1276/4047/676 1272/4048/676 1274/4045/677
f 1276/4047/676 1275/4049/678 1272/4048/676
f 1275/4050/672 1278/4051/674 1272/4052/679
f 1278/4037/674 1274/4039/680 1272/4053/679
f 1275/4054/672 1273/4055/675 1277/4056/673
f 1275/4054/672 1276/4057/681 1273/4055/675
f 1273/4044/675 1276/4047/681 1274/4045/680
f 1275/4050/672 1277/4058/673 1278/4051/674
f 1280/4059/691 1279/4060/692 1282/4061/685
f 1280/4059/691 1281/4062/686 1279/4060/692
f 1281/4063/686 1280/4064/691 1282/4065/685
f 1281/4063/686 1282/4065/685 1279/4066/692
f 1283/4067/676 1284/4068/676 1285/4069/676
f 1284/4070/676 1283/4071/676 1285/4072/676
f 1287/4073/33 1286/4074/33 1288/4075/33
f 1286/4076/33 1287/4077/33 1288/4078/33
f 1291/4079/669 1290/4080/669 1289/4081/669
f 1290/4082/669 1291/4083/669 1289/4084/669
f 1292/4085/689 1294/4086/690 1293/4087/693
f 1292/4085/689 1295/4088/694 1294/4086/690
f 1293/4089/693 1294/4090/690 1295/4091/694
f 1293/4089/693 1295/4091/694 1292/4092/689
f 1303/4093/695 1296/4094/696 1301/4095/697
f 1297/4096/698 1296/4097/698 1303/4098/699
f 1297/4096/698 1300/4099/700 1296/4097/698
f 1300/4100/701 1301/4101/697 1296/4102/696
f 1299/4103/702 1297/4104/703 1303/4105/695
f 1299/4106/702 1300/4107/701 1297/4108/703
f 1302/4109/704 1298/4110/704 1301/4111/705
f 1302/4109/704 1299/4103/706 1298/4110/704
f 1299/4103/702 1303/4105/695 1298/4110/707
f 1303/4093/695 1301/4095/697 1298/4112/707
f 1299/4106/702 1302/4113/708 1300/4107/701
f 1300/4100/701 1302/4114/708 1301/4101/697
f 1305/4115/709 1304/4116/710 1306/4117/711
f 1305/4115/709 1307/4118/712 1304/4116/710
f 1307/4119/712 1306/4120/711 1304/4121/710
f 1307/4119/712 1305/4122/709 1306/4120/711
f 1308/4123/33 1309/4124/33 1310/4125/33
f 1309/4126/33 1308/4127/33 1310/4128/33
f 1311/4129/33 1313/4130/33 1312/4131/33
f 1313/4132/33 1311/4133/33 1312/4134/33
f 1315/4135/33 1314/4136/33 1316/4137/33
f 1314/4138/33 1315/4139/33 1316/4140/33
f 1319/4141/713 1320/4142/714 1317/4143/715
f 1319/4141/713 1317/4143/715 1318/4144/716
f 1318/4145/716 1317/4146/715 1320/4147/714
f 1318/4145/716 1320/4147/714 1319/4148/713
f 1321/4149/698 1322/4150/698 1327/4151/699
f 1321/4149/698 1326/4152/700 1322/4150/698
f 1324/4153/702 1321/4154/703 1327/4155/695
f 1324/4156/702 1326/4157/701 1321/4158/703
f 1327/4159/695 1322/4160/696 1325/4161/697
f 1326/4162/701 1325/4163/697 1322/4164/696
f 1324/4156/702 1323/4165/708 1326/4157/701
f 1323/4166/704 1324/4153/706 1328/4167/704
f 1323/4166/704 1328/4167/704 1325/4168/705
f 1326/4162/701 1323/4169/708 1325/4163/697
f 1324/4153/702 1327/4155/695 1328/4167/707
f 1327/4159/695 1325/4161/697 1328/4170/707
f 1331/4171/709 1329/4172/717 1330/4173/710
f 1329/4174/717 1332/4175/711 1330/4176/710
f 1329/4174/717 1331/4177/709 1332/4175/711
f 1331/4171/709 1330/4173/710 1332/4178/711
f 1335/4179/33 1333/4180/33 1334/4181/33
f 1333/4182/33 1335/4183/33 1334/4184/33
f 1338/4185/33 1336/4186/33 1337/4187/33
f 1336/4188/33 1338/4189/33 1337/4190/33
f 1341/4191/33 1339/4192/33 1340/4193/33
f 1339/4194/33 1341/4195/33 1340/4196/33
f 1344/4197/716 1342/4198/715 1345/4199/714
f 1343/4200/713 1342/4201/715 1344/4202/716
f 1343/4200/713 1345/4203/714 1342/4201/715
f 1344/4197/716 1345/4199/714 1343/4204/713
f 1346/4205/675 1347/4206/673 1349/4207/672
f 1347/4208/669 1346/4209/671 1353/4210/669
f 1346/4211/675 1351/4212/680 1353/4213/682
f 1346/4205/675 1349/4207/672 1350/4214/681
f 1346/4211/675 1350/4215/681 1351/4212/680
f 1349/4216/672 1347/4217/673 1348/4218/674
f 1347/4208/669 1353/4210/669 1348/4219/670
f 1349/4216/672 1348/4218/674 1352/4220/679
f 1351/4221/680 1352/4222/679 1348/4223/674
f 1351/4221/680 1348/4223/674 1353/4224/682
f 1350/4215/676 1349/4225/678 1352/4226/676
f 1350/4215/676 1352/4226/676 1351/4212/677
f 1356/4227/686 1354/4228/691 1355/4229/718
f 1356/4227/686 1355/4229/718 1357/4230/692
f 1354/4231/691 1357/4232/692 1355/4233/718
f 1354/4231/691 1356/4234/686 1357/4232/692
f 1360/4235/669 1359/4236/669 1358/4237/669
f 1359/4238/669 1360/4239/669 1358/4240/669
f 1363/4241/676 1361/4242/676 1362/4243/676
f 1361/4244/676 1363/4245/676 1362/4246/676
f 1366/4247/676 1364/4248/676 1365/4249/676
f 1364/4250/676 1366/4251/676 1365/4252/676
f 1368/4253/694 1370/4254/693 1367/4255/690
f 1368/4253/694 1369/4256/689 1370/4254/693
f 1367/4257/690 1369/4258/689 1368/4259/694
f 1367/4257/690 1370/4260/693 1369/4258/689
f 1371/4261/675 1378/4262/680 1372/4263/682
f 1371/4264/675 1375/4265/672 1374/4266/681
f 1371/4261/675 1374/4267/681 1378/4262/680
f 1373/4268/669 1371/4269/671 1372/4270/669
f 1371/4264/675 1373/4271/673 1375/4265/672
f 1378/4272/680 1377/4273/674 1372/4274/682
f 1373/4268/669 1372/4270/669 1377/4275/670
f 1375/4276/672 1373/4277/673 1377/4278/674
f 1374/4267/676 1376/4279/676 1378/4262/677
f 1374/4267/676 1375/4280/678 1376/4279/676
f 1375/4276/672 1377/4278/674 1376/4281/679
f 1378/4272/680 1376/4282/679 1377/4273/674
f 1380/4283/719 1379/4284/720 1381/4285/692
f 1380/4283/719 1382/4286/691 1379/4284/720
f 1382/4287/691 1381/4288/692 1379/4289/720
f 1382/4287/691 1380/4290/719 1381/4288/692
f 1383/4291/33 1385/4292/33 1384/4293/33
f 1385/4294/33 1383/4295/33 1384/4296/33
f 1386/4297/33 1387/4298/33 1388/4299/33
f 1386/4300/33 1388/4301/33 1387/4302/33
f 1391/4303/669 1389/4304/669 1390/4305/669
f 1389/4306/669 1391/4307/669 1390/4308/669
f 1394/4309/694 1393/4310/693 1392/4311/690
f 1394/4309/694 1395/4312/689 1393/4310/693
f 1392/4313/690 1395/4314/689 1394/4315/694
f 1392/4313/690 1393/4316/693 1395/4314/689
f 1396/4317/647 1399/4318/651 1397/4319/645
f 1400/4320/644 1396/4317/647 1397/4319/645
f 1402/4321/648 1396/4322/647 1400/4323/644
f 1402/4321/648 1403/4324/649 1396/4322/647
f 1396/4317/647 1403/4325/649 1399/4318/651
f 1401/4326/646 1397/4327/645 1399/4328/651
f 1400/4320/644 1397/4319/645 1401/4329/646
f 1403/4330/649 1398/4331/650 1399/4332/651
f 1403/4330/649 1402/4333/648 1398/4331/650
f 1402/4334/648 1401/4335/646 1398/4336/650
f 1401/4326/646 1399/4328/651 1398/4337/650
f 1402/4334/648 1400/4338/644 1401/4335/646
f 1406/4339/721 1404/4340/653 1405/4341/722
f 1406/4339/721 1407/4342/723 1404/4340/653
f 1407/4343/723 1406/4344/721 1405/4345/722
f 1407/4343/723 1405/4345/722 1404/4346/653
f 1409/4347/704 1410/4348/704 1408/4349/704
f 1410/4350/704 1409/4351/704 1408/4352/704
f 1411/4353/704 1413/4354/704 1412/4355/704
f 1413/4356/704 1411/4357/704 1412/4358/704
f 1416/4359/704 1414/4360/704 1415/4361/704
f 1414/4362/704 1416/4363/704 1415/4364/704
f 1418/4365/724 1417/4366/659 1420/4367/657
f 1418/4365/724 1420/4367/657 1419/4368/658
f 1419/4369/658 1417/4370/659 1418/4371/724
f 1419/4369/658 1420/4372/657 1417/4370/659
f 1424/4373/660 1422/4374/662 1421/4375/663
f 1424/4373/660 1423/4376/661 1422/4374/662
f 1421/4377/663 1423/4378/661 1424/4379/660
f 1421/4377/663 1422/4380/662 1423/4378/661
f 1425/4381/647 1427/4382/651 1429/4383/645
f 1425/4381/647 1431/4384/649 1427/4382/651
f 1430/4385/648 1431/4386/649 1425/4387/647
f 1430/4385/648 1425/4387/647 1426/4388/644
f 1426/4389/644 1425/4381/647 1429/4383/645
f 1430/4390/648 1426/4391/644 1432/4392/646
f 1426/4389/644 1429/4383/645 1432/4393/646
f 1432/4394/646 1427/4395/651 1428/4396/650
f 1431/4397/649 1428/4398/650 1427/4399/651
f 1432/4394/646 1429/4400/645 1427/4395/651
f 1431/4397/649 1430/4401/648 1428/4398/650
f 1430/4390/648 1432/4392/646 1428/4402/650
f 1434/4403/652 1433/4404/725 1436/4405/726
f 1433/4406/725 1435/4407/727 1436/4408/726
f 1433/4406/725 1434/4409/652 1435/4407/727
f 1434/4403/652 1436/4405/726 1435/4410/727
f 1438/4411/704 1439/4412/704 1437/4413/704
f 1439/4414/704 1438/4415/704 1437/4416/704
f 1441/4417/33 1442/4418/33 1440/4419/33
f 1441/4420/33 1440/4421/33 1442/4422/33
f 1444/4423/33 1445/4424/33 1443/4425/33
f 1444/4426/33 1443/4427/33 1445/4428/33
f 1448/4429/728 1447/4430/657 1446/4431/658
f 1448/4429/728 1449/4432/659 1447/4430/657
f 1446/4433/658 1449/4434/659 1448/4435/728
f 1446/4433/658 1447/4436/657 1449/4434/659
f 1453/4437/663 1450/4438/662 1452/4439/661
f 1451/4440/660 1450/4441/662 1453/4442/663
f 1451/4440/660 1452/4443/661 1450/4441/662
f 1453/4437/663 1452/4439/661 1451/4444/660
f 1454/4445/669 1455/4446/669 1460/4447/670
f 1454/4445/669 1459/4448/671 1455/4446/669
f 1457/4449/672 1454/4450/673 1460/4451/674
f 1457/4452/672 1459/4453/675 1454/4454/673
f 1460/4455/674 1455/4456/682 1461/4457/680
f 1459/4458/675 1461/4459/680 1455/4460/682
f 1457/4452/672 1456/4461/681 1459/4453/675
f 1456/4462/676 1457/4463/678 1458/4464/676
f 1456/4462/676 1458/4464/676 1461/4459/677
f 1459/4458/675 1456/4462/681 1461/4459/680
f 1457/4449/672 1460/4451/674 1458/4465/679
f 1460/4455/674 1461/4457/680 1458/4466/679
f 1464/4467/729 1462/4468/730 1463/4469/731
f 1464/4467/729 1465/4470/732 1462/4468/730
f 1465/4471/732 1463/4472/731 1462/4473/730
f 1465/4471/732 1464/4474/729 1463/4472/731
f 1467/4475/33 1468/4476/33 1466/4477/33
f 1468/4478/33 1467/4479/33 1466/4480/33
f 1471/4481/33 1469/4482/33 1470/4483/33
f 1469/4484/33 1471/4485/33 1470/4486/33
f 1472/4487/33 1473/4488/33 1474/4489/33
f 1473/4490/33 1472/4491/33 1474/4492/33
f 1477/4493/693 1478/4494/690 1475/4495/694
f 1477/4493/693 1475/4495/694 1476/4496/689
f 1476/4497/689 1478/4498/690 1477/4499/693
f 1476/4497/689 1475/4500/694 1478/4498/690
f 1482/4501/674 1479/4502/682 1480/4503/680
f 1481/4504/669 1479/4505/669 1482/4506/670
f 1481/4504/669 1485/4507/671 1479/4505/669
f 1485/4508/675 1480/4509/680 1479/4510/682
f 1484/4511/676 1483/4512/676 1480/4509/677
f 1482/4501/674 1480/4503/680 1483/4513/679
f 1485/4508/675 1484/4511/681 1480/4509/680
f 1486/4514/672 1481/4515/673 1482/4516/674
f 1486/4517/672 1485/4518/675 1481/4519/673
f 1486/4514/672 1482/4516/674 1483/4520/679
f 1484/4511/676 1486/4521/678 1483/4512/676
f 1486/4517/672 1484/4522/681 1485/4518/675
f 1489/4523/683 1487/4524/684 1488/4525/733
f 1489/4523/683 1490/4526/734 1487/4524/684
f 1490/4527/734 1488/4528/733 1487/4529/684
f 1490/4527/734 1489/4530/683 1488/4528/733
f 1493/4531/33 1491/4532/33 1492/4533/33
f 1491/4534/33 1493/4535/33 1492/4536/33
f 1496/4537/33 1495/4538/33 1494/4539/33
f 1495/4540/33 1496/4541/33 1494/4542/33
f 1497/4543/33 1499/4544/33 1498/4545/33
f 1497/4546/33 1498/4547/33 1499/4548/33
f 1501/4549/735 1500/4550/736 1503/4551/737
f 1502/4552/738 1500/4553/736 1501/4554/735
f 1501/4549/735 1503/4551/737 1502/4555/738
f 1502/4552/738 1503/4556/737 1500/4553/736
f 1505/4557/695 1504/4558/696 1509/4559/697
f 1508/4560/698 1511/4561/700 1504/4562/698
f 1511/4563/701 1509/4564/697 1504/4565/696
f 1508/4560/698 1504/4562/698 1505/4566/699
f 1505/4557/695 1509/4559/697 1507/4567/707
f 1510/4568/702 1508/4569/703 1505/4570/695
f 1510/4568/702 1505/4570/695 1507/4571/707
f 1506/4572/704 1507/4571/704 1509/4573/705
f 1506/4572/704 1510/4568/706 1507/4571/704
f 1511/4563/701 1506/4574/708 1509/4564/697
f 1510/4575/702 1506/4576/708 1511/4577/701
f 1510/4575/702 1511/4577/701 1508/4578/703
f 1514/4579/739 1512/4580/740 1515/4581/741
f 1514/4579/739 1513/4582/712 1512/4580/740
f 1513/4583/712 1515/4584/741 1512/4585/740
f 1513/4583/712 1514/4586/739 1515/4584/741
f 1516/4587/33 1518/4588/33 1517/4589/33
f 1516/4590/33 1517/4591/33 1518/4592/33
f 1521/4593/33 1520/4594/33 1519/4595/33
f 1521/4596/33 1519/4597/33 1520/4598/33
f 1523/4599/33 1524/4600/33 1522/4601/33
f 1523/4602/33 1522/4603/33 1524/4604/33
f 1526/4605/713 1528/4606/715 1525/4607/716
f 1526/4605/713 1527/4608/714 1528/4606/715
f 1525/4609/716 1527/4610/714 1526/4611/713
f 1525/4609/716 1528/4612/715 1527/4610/714
f 1529/4613/698 1534/4614/698 1536/4615/699
f 1529/4613/698 1533/4616/700 1534/4614/698
f 1531/4617/702 1529/4618/703 1536/4619/695
f 1531/4620/702 1533/4621/701 1529/4622/703
f 1535/4623/704 1530/4624/704 1532/4625/705
f 1535/4623/704 1531/4617/706 1530/4624/704
f 1531/4617/702 1536/4619/695 1530/4624/707
f 1536/4626/695 1532/4627/697 1530/4628/707
f 1531/4620/702 1535/4629/708 1533/4621/701
f 1536/4626/695 1534/4630/696 1532/4627/697
f 1533/4631/701 1535/4632/708 1532/4633/697
f 1533/4631/701 1532/4633/697 1534/4634/696
f 1539/4635/742 1538/4636/717 1537/4637/743
f 1539/4635/742 1537/4637/743 1540/4638/744
f 1538/4639/717 1540/4640/744 1537/4641/743
f 1538/4639/717 1539/4642/742 1540/4640/744
f 1543/4643/33 1541/4644/33 1542/4645/33
f 1541/4646/33 1543/4647/33 1542/4648/33
f 1544/4649/33 1546/4650/33 1545/4651/33
f 1544/4652/33 1545/4653/33 1546/4654/33
f 1549/4655/33 1548/4656/33 1547/4657/33
f 1548/4658/33 1549/4659/33 1547/4660/33
f 1551/4661/713 1552/4662/714 1550/4663/715
f 1551/4661/713 1550/4663/715 1553/4664/716
f 1553/4665/716 1552/4666/714 1551/4667/713
f 1553/4665/716 1550/4668/715 1552/4666/714
f 1554/4669/675 1555/4670/673 1559/4671/672
f 1555/4672/669 1554/4673/671 1556/4674/669
f 1554/4675/675 1557/4676/680 1556/4677/682
f 1554/4669/675 1559/4671/672 1560/4678/681
f 1554/4675/675 1560/4679/681 1557/4676/680
f 1555/4672/669 1556/4674/669 1558/4680/670
f 1559/4681/672 1555/4682/673 1558/4683/674
f 1557/4684/680 1558/4685/674 1556/4686/682
f 1557/4684/680 1561/4687/679 1558/4685/674
f 1560/4679/676 1561/4688/676 1557/4676/677
f 1559/4681/672 1558/4683/674 1561/4689/679
f 1560/4679/676 1559/4690/678 1561/4688/676
f 1564/4691/745 1562/4692/746 1563/4693/730
f 1562/4694/746 1565/4695/731 1563/4696/730
f 1562/4694/746 1564/4697/745 1565/4695/731
f 1564/4691/745 1563/4693/730 1565/4698/731
f 1567/4699/33 1566/4700/33 1568/4701/33
f 1566/4702/33 1567/4703/33 1568/4704/33
f 1571/4705/33 1569/4706/33 1570/4707/33
f 1569/4708/33 1571/4709/33 1570/4710/33
f 1574/4711/33 1573/4712/33 1572/4713/33
f 1573/4714/33 1574/4715/33 1572/4716/33
f 1577/4717/737 1578/4718/735 1575/4719/736
f 1575/4720/736 1576/4721/738 1577/4722/737
f 1575/4720/736 1578/4723/735 1576/4721/738
f 1577/4717/737 1576/4724/738 1578/4718/735
f 1583/4725/680 1579/4726/679 1584/4727/674
f 1586/4728/676 1579/4729/676 1583/4730/677
f 1586/4728/676 1585/4731/678 1579/4729/676
f 1585/4732/672 1584/4733/674 1579/4734/679
f 1581/4735/669 1580/4736/669 1584/4737/670
f 1581/4735/669 1582/4738/671 1580/4736/669
f 1582/4739/675 1583/4730/680 1580/4740/682
f 1583/4725/680 1584/4727/674 1580/4741/682
f 1585/4732/672 1581/4742/673 1584/4733/674
f 1582/4743/675 1581/4744/673 1585/4745/672
f 1582/4743/675 1585/4745/672 1586/4746/681
f 1582/4739/675 1586/4728/681 1583/4730/680
f 1588/4747/719 1587/4748/747 1590/4749/720
f 1588/4747/719 1590/4749/720 1589/4750/748
f 1587/4751/747 1589/4752/748 1590/4753/720
f 1587/4751/747 1588/4754/719 1589/4752/748
f 1593/4755/33 1591/4756/33 1592/4757/33
f 1591/4758/33 1593/4759/33 1592/4760/33
f 1596/4761/33 1595/4762/33 1594/4763/33
f 1595/4764/33 1596/4765/33 1594/4766/33
f 1597/4767/33 1599/4768/33 1598/4769/33
f 1599/4770/33 1597/4771/33 1598/4772/33
f 1600/4773/690 1602/4774/689 1601/4775/694
f 1600/4773/690 1603/4776/693 1602/4774/689
f 1601/4777/694 1602/4778/689 1603/4779/693
f 1601/4777/694 1603/4779/693 1600/4780/690
f 1604/4781/749 1611/4782/750 1610/4783/751
f 1604/4781/749 1609/4784/752 1611/4782/750
f 1606/4785/753 1604/4786/749 1610/4787/751
f 1606/4788/753 1609/4789/752 1604/4790/749
f 1605/4791/754 1607/4792/755 1608/4793/756
f 1605/4791/754 1606/4794/753 1607/4792/755
f 1609/4784/752 1605/4795/754 1608/4796/756
f 1606/4788/753 1605/4797/754 1609/4789/752
f 1606/4785/753 1610/4787/751 1607/4798/755
f 1610/4799/751 1608/4800/756 1607/4801/755
f 1610/4799/751 1611/4802/750 1608/4800/756
f 1609/4784/752 1608/4796/756 1611/4782/750
f 1612/4803/757 1613/4804/758 1615/4805/759
f 1612/4803/757 1614/4806/760 1613/4804/758
f 1614/4807/760 1615/4808/759 1613/4809/758
f 1614/4807/760 1612/4810/757 1615/4808/759
f 1617/4811/33 1616/4812/33 1618/4813/33
f 1616/4814/33 1617/4815/33 1618/4816/33
f 1620/4817/33 1621/4818/33 1619/4819/33
f 1620/4820/33 1619/4821/33 1621/4822/33
f 1623/4823/33 1624/4824/33 1622/4825/33
f 1623/4826/33 1622/4827/33 1624/4828/33
f 1626/4829/761 1628/4830/762 1625/4831/763
f 1626/4829/761 1625/4831/763 1627/4832/764
f 1627/4833/764 1628/4834/762 1626/4835/761
f 1627/4833/764 1625/4836/763 1628/4834/762
f 1634/4837/765 1629/4838/766 1630/4839/767
f 1629/4840/766 1633/4841/768 1630/4842/767
f 1629/4840/766 1636/4843/769 1633/4841/768
f 1634/4844/770 1636/4845/771 1629/4846/772
f 1634/4837/765 1630/4839/767 1631/4847/773
f 1630/4848/774 1632/4849/775 1631/4850/776
f 1630/4848/774 1633/4851/777 1632/4849/775
f 1635/4852/778 1631/4853/773 1632/4854/779
f 1635/4852/778 1634/4855/765 1631/4853/773
f 1636/4843/769 1635/4856/778 1632/4857/779
f 1636/4843/769 1632/4857/779 1633/4841/768
f 1634/4844/770 1635/4858/780 1636/4845/771
f 1643/4859/781 1637/4860/782 1638/4861/783
f 1642/4862/784 1637/4863/782 1643/4864/781
f 1637/4865/782 1640/4866/785 1638/4867/783
f 1637/4865/782 1642/4868/784 1640/4866/785
f 1643/4859/781 1638/4861/783 1641/4869/786
f 1639/4870/787 1641/4871/786 1638/4872/783
f 1639/4870/787 1638/4872/783 1640/4873/785
f 1642/4874/784 1644/4875/788 1639/4876/787
f 1642/4874/784 1639/4876/787 1640/4877/785
f 1644/4878/788 1641/4869/786 1639/4879/787
f 1644/4878/788 1643/4859/781 1641/4869/786
f 1642/4862/784 1643/4864/781 1644/4880/788
f 1645/4881/789 1647/4882/790 1649/4883/791
f 1645/4881/789 1646/4884/792 1647/4882/790
f 1650/4885/793 1645/4886/789 1649/4887/791
f 1646/4888/792 1645/4889/789 1650/4890/793
f 1646/4891/792 1652/4892/794 1647/4893/790
f 1646/4888/792 1650/4890/793 1648/4894/795
f 1646/4891/792 1648/4895/795 1652/4892/794
f 1652/4896/794 1649/4897/791 1647/4898/790
f 1648/4899/795 1651/4900/796 1652/4901/794
f 1648/4899/795 1650/4885/793 1651/4900/796
f 1652/4896/794 1651/4902/796 1649/4897/791
f 1650/4885/793 1649/4887/791 1651/4900/796
f 1656/4903/797 1653/4904/798 1654/4905/799
f 1653/4906/798 1655/4907/800 1654/4908/799
f 1653/4906/798 1656/4909/797 1655/4907/800
f 1656/4903/797 1654/4905/799 1655/4910/800
f 1657/4911/801 1659/4912/802 1660/4913/803
f 1657/4911/801 1660/4913/803 1658/4914/804
f 1659/4915/802 1657/4916/801 1658/4917/804
f 1659/4915/802 1658/4917/804 1660/4918/803
f 1663/4919/805 1661/4920/806 1665/4921/807
f 1661/4922/806 1668/4923/808 1665/4924/807
f 1663/4925/805 1667/4926/809 1661/4927/806
f 1661/4922/806 1667/4928/809 1668/4923/808
f 1662/4929/810 1664/4930/811 1666/4931/812
f 1662/4929/810 1663/4932/805 1664/4930/811
f 1663/4925/805 1662/4933/810 1667/4926/809
f 1667/4928/809 1662/4934/810 1666/4935/812
f 1663/4919/805 1665/4921/807 1664/4936/811
f 1665/4937/807 1666/4938/812 1664/4939/811
f 1665/4937/807 1668/4940/808 1666/4938/812
f 1667/4928/809 1666/4935/812 1668/4923/808
f 1669/4941/813 1672/4942/669 1673/4943/814
f 3/4944/815 1671/4945/816 1669/4946/813
f 1671/4947/816 1672/4948/669 1669/4949/813
f 1/4950/817 1670/4951/817 2/4952/817
f 1670/4953/818 1678/4954/819 1674/4955/820
f 1670/4953/818 1674/4955/820 1675/4956/821
f 2/4952/822 1670/4951/818 1675/4957/821
f 1675/4958/821 1679/4959/698 1671/4960/816
f 1671/4947/816 1679/4961/698 1680/4962/823
f 2/4952/824 1675/4957/821 1671/4945/816
f 2/4952/825 1671/4945/825 3/4944/825
f 1671/4947/816 1680/4962/823 1672/4948/669
f 1669/4941/813 1673/4943/814 1677/4963/704
f 1/4950/826 1669/4946/813 1670/4951/818
f 3/4944/827 1669/4946/827 1/4950/827
f 1669/4941/813 1677/4963/704 1670/4964/818
f 1670/4953/818 1677/4965/704 1678/4954/819
f 1675/4958/821 1674/4966/820 1676/4967/828
f 1675/4958/821 1676/4967/828 1679/4959/698
f 1672/4942/669 1681/4968/829 1673/4943/814
f 1673/4943/814 1681/4968/829 1677/4963/704
f 1677/4965/704 1681/4969/829 1682/4970/830
f 1677/4965/704 1682/4970/830 1678/4954/819
f 1674/4966/820 1683/4971/831 1676/4967/828
f 1676/4967/828 1683/4971/831 1679/4959/698
f 1679/4961/698 1684/4972/832 1680/4962/823
f 1680/4962/823 1684/4972/832 1672/4948/669
f 1672/4942/669 1684/4973/832 1681/4968/829
f 1684/4974/832 4/4975/833 1681/4976/829
f 1681/4976/834 4/4975/834 5/4977/834
f 1682/4978/835 5/4977/835 6/4979/835
f 1681/4976/829 5/4977/836 1682/4978/830
f 1678/4954/819 1682/4970/830 1674/4955/820
f 1674/4966/820 1682/4980/830 1683/4971/831
f 1682/4978/830 6/4979/837 1683/4981/831
f 1683/4981/838 6/4979/838 4/4975/838
f 1679/4961/698 1683/4982/831 1684/4972/832
f 1683/4981/831 4/4975/839 1684/4974/832
f 1685/4983/813 1696/4984/669 1692/4985/814
f 7/4986/815 1688/4987/816 1685/4988/813
f 1688/4989/816 1696/4990/669 1685/4991/813
f 7/4986/840 1685/4988/840 8/4992/840
f 1685/4983/813 1689/4993/704 1686/4994/818
f 1685/4983/813 1692/4985/814 1689/4993/704
f 8/4992/826 1685/4988/813 1686/4995/818
f 8/4992/817 1686/4995/817 9/4996/817
f 1686/4997/818 1693/4998/819 1690/4999/820
f 1686/4997/818 1690/4999/820 1687/5000/821
f 9/4996/822 1686/4995/818 1687/5001/821
f 1687/5002/821 1690/5003/820 1694/5004/828
f 9/4996/824 1687/5001/821 1688/4987/816
f 1687/5002/821 1691/5005/698 1688/5006/816
f 1687/5002/821 1694/5004/828 1691/5005/698
f 1688/4989/816 1691/5007/698 1695/5008/823
f 9/4996/825 1688/4987/825 7/4986/825
f 1688/4989/816 1695/5008/823 1696/4990/669
f 1686/4997/818 1689/5009/704 1693/4998/819
f 1689/5009/704 1697/5010/829 1698/5011/830
f 1692/4985/814 1697/5012/829 1689/4993/704
f 1689/5009/704 1698/5011/830 1693/4998/819
f 1693/4998/819 1698/5011/830 1690/4999/820
f 1690/5003/820 1698/5013/830 1699/5014/831
f 1690/5003/820 1699/5014/831 1694/5004/828
f 1694/5004/828 1699/5014/831 1691/5005/698
f 1695/5008/823 1700/5015/841 1696/4990/669
f 1691/5007/698 1700/5015/841 1695/5008/823
f 1696/4984/669 1700/5016/841 1697/5012/829
f 1696/4984/669 1697/5012/829 1692/4985/814
f 1700/5017/841 12/5018/833 1697/5019/829
f 1697/5019/834 12/5018/834 10/5020/834
f 1697/5019/829 10/5020/836 1698/5021/830
f 1698/5021/835 10/5020/835 11/5022/835
f 1698/5021/830 11/5022/837 1699/5023/831
f 1699/5023/838 11/5022/838 12/5018/838
f 1691/5007/698 1699/5024/831 1700/5015/841
f 1699/5023/831 12/5018/839 1700/5017/841
f 1701/5025/842 1704/5026/704 1705/5027/843
f 14/5028/826 1703/5029/813 1701/5030/842
f 1703/5031/813 1704/5032/704 1701/5033/842
f 15/5034/822 1701/5030/842 1702/5035/844
f 1701/5025/842 1711/5036/676 1702/5037/844
f 1702/5038/844 1711/5039/676 1706/5040/845
f 1703/5031/813 1709/5041/669 1710/5042/814
f 1708/5043/816 1709/5044/669 1703/5045/813
f 13/5046/815 1708/5047/816 1703/5029/813
f 13/5046/827 1703/5029/827 14/5028/827
f 1703/5031/813 1710/5042/814 1704/5032/704
f 1701/5025/842 1705/5027/843 1711/5036/676
f 14/5028/817 1701/5030/817 15/5034/817
f 1702/5038/844 1706/5040/845 1707/5048/698
f 15/5034/824 1702/5035/844 1708/5047/816
f 1702/5038/844 1707/5048/698 1708/5049/816
f 1708/5043/816 1707/5050/698 1712/5051/823
f 15/5034/825 1708/5047/825 13/5046/825
f 1708/5043/816 1712/5051/823 1709/5044/669
f 1709/5041/669 1716/5052/829 1710/5042/814
f 1710/5042/814 1716/5052/829 1704/5032/704
f 1704/5026/704 1716/5053/829 1714/5054/846
f 1704/5026/704 1714/5054/846 1705/5027/843
f 1705/5027/843 1714/5054/846 1711/5036/676
f 1711/5039/676 1714/5055/846 1715/5056/847
f 1711/5039/676 1715/5056/847 1706/5040/845
f 1709/5041/669 1713/5057/841 1716/5052/829
f 1712/5051/823 1713/5058/841 1709/5044/669
f 1713/5059/841 16/5060/833 1716/5061/829
f 1714/5062/848 17/5063/848 18/5064/848
f 1716/5061/829 17/5063/836 1714/5062/846
f 1706/5040/845 1715/5056/847 1707/5048/698
f 1714/5062/846 18/5064/837 1715/5065/847
f 1715/5065/849 18/5064/849 16/5060/849
f 1707/5050/698 1713/5058/841 1712/5051/823
f 1707/5050/698 1715/5066/847 1713/5058/841
f 1715/5065/847 16/5060/839 1713/5059/841
f 1716/5061/834 16/5060/834 17/5063/834
f 20/5067/826 1717/5068/813 1718/5069/842
f 19/5070/840 1717/5068/840 20/5067/840
f 1717/5071/813 1720/5072/704 1718/5073/842
f 1717/5071/813 1727/5074/814 1720/5072/704
f 1718/5075/842 1720/5076/704 1721/5077/843
f 20/5067/850 1718/5069/850 21/5078/850
f 1718/5075/842 1721/5077/843 1723/5079/676
f 1718/5075/842 1723/5079/676 1722/5080/844
f 21/5078/822 1718/5069/842 1722/5081/844
f 1719/5082/816 1728/5083/698 1725/5084/823
f 21/5078/824 1722/5081/844 1719/5085/816
f 1722/5086/844 1728/5087/698 1719/5088/816
f 1717/5071/813 1726/5089/669 1727/5074/814
f 19/5070/815 1719/5085/816 1717/5068/813
f 1719/5082/816 1726/5090/669 1717/5091/813
f 1722/5086/844 1723/5092/676 1724/5093/845
f 1722/5086/844 1724/5093/845 1728/5087/698
f 1719/5082/816 1725/5084/823 1726/5090/669
f 21/5078/825 1719/5085/825 19/5070/825
f 1720/5076/704 1729/5094/829 1732/5095/846
f 1727/5074/814 1729/5096/829 1720/5072/704
f 1720/5076/704 1732/5095/846 1721/5077/843
f 1728/5083/698 1730/5097/847 1731/5098/841
f 1724/5093/845 1730/5099/847 1728/5087/698
f 1728/5083/698 1731/5098/841 1725/5084/823
f 1726/5089/669 1731/5100/841 1729/5096/829
f 1726/5089/669 1729/5096/829 1727/5074/814
f 1725/5084/823 1731/5098/841 1726/5090/669
f 1731/5101/841 24/5102/833 1729/5103/829
f 1729/5103/851 24/5102/851 22/5104/851
f 1721/5077/843 1732/5095/846 1723/5079/676
f 1723/5092/676 1730/5099/847 1724/5093/845
f 1723/5092/676 1732/5105/846 1730/5099/847
f 1730/5106/838 23/5107/838 24/5102/838
f 1732/5108/846 23/5107/837 1730/5106/847
f 1730/5106/847 24/5102/839 1731/5101/841
f 1729/5103/829 22/5104/836 1732/5108/846
f 1732/5108/835 22/5104/835 23/5107/835
f 1735/5109/852 1738/5110/704 1733/5111/842
f 1733/5112/842 1738/5113/704 1740/5114/843
f 26/5115/826 1735/5116/852 1733/5117/842
f 26/5115/850 1733/5117/850 27/5118/850
f 1733/5112/842 1740/5114/843 1741/5119/676
f 1733/5112/842 1741/5119/676 1734/5120/844
f 27/5118/822 1733/5117/842 1734/5121/844
f 1734/5122/844 1741/5123/676 1742/5124/845
f 1735/5109/852 1736/5125/853 1737/5126/854
f 25/5127/815 1739/5128/855 1735/5116/852
f 1739/5129/855 1736/5130/853 1735/5131/852
f 1739/5129/855 1744/5132/856 1736/5130/853
f 1735/5109/852 1737/5126/854 1738/5110/704
f 25/5127/857 1735/5116/857 26/5115/857
f 27/5118/824 1734/5121/844 1739/5128/855
f 1734/5122/844 1743/5133/698 1739/5134/855
f 1734/5122/844 1742/5124/845 1743/5133/698
f 1739/5129/855 1743/5135/698 1744/5132/856
f 27/5118/825 1739/5128/825 25/5127/825
f 1736/5125/853 1747/5136/858 1745/5137/859
f 1736/5125/853 1745/5137/859 1737/5126/854
f 1744/5132/856 1747/5138/858 1736/5130/853
f 1738/5113/704 1745/5139/859 1746/5140/846
f 1737/5126/854 1745/5137/859 1738/5110/704
f 1738/5113/704 1746/5140/846 1740/5114/843
f 1740/5114/843 1746/5140/846 1741/5119/676
f 1741/5123/676 1746/5141/846 1748/5142/847
f 1741/5123/676 1748/5142/847 1742/5124/845
f 1743/5135/698 1747/5138/858 1744/5132/856
f 1747/5143/858 30/5144/833 1745/5145/859
f 1745/5145/834 30/5144/834 28/5146/834
f 1746/5147/846 29/5148/837 1748/5149/847
f 1742/5124/845 1748/5142/847 1743/5133/698
f 1743/5135/698 1748/5150/847 1747/5138/858
f 1745/5145/859 28/5146/836 1746/5147/846
f 1746/5147/848 28/5146/848 29/5148/848
f 1748/5149/849 29/5148/849 30/5144/849
f 1748/5149/847 30/5144/839 1747/5143/858
f 1749/5151/842 1754/5152/704 1757/5153/843
f 31/5154/826 1752/5155/852 1749/5156/842
f 1752/5157/852 1754/5158/704 1749/5159/842
f 32/5160/824 1750/5161/844 1751/5162/855
f 1750/5163/844 1760/5164/698 1751/5165/855
f 1750/5163/844 1759/5166/845 1760/5164/698
f 33/5167/815 1751/5162/855 1752/5155/852
f 32/5160/825 1751/5162/825 33/5167/825
f 1751/5168/855 1755/5169/856 1756/5170/853
f 1751/5168/855 1756/5170/853 1752/5171/852
f 1752/5157/852 1756/5172/853 1753/5173/854
f 1752/5157/852 1753/5173/854 1754/5158/704
f 33/5167/827 1752/5155/827 31/5154/827
f 31/5154/817 1749/5156/817 32/5160/817
f 1749/5151/842 1757/5153/843 1758/5174/676
f 1749/5151/842 1758/5174/676 1750/5175/844
f 32/5160/822 1749/5156/842 1750/5161/844
f 1750/5163/844 1758/5176/676 1759/5166/845
f 1751/5168/855 1760/5177/698 1755/5169/856
f 1756/5172/853 1761/5178/859 1753/5173/854
f 1753/5173/854 1761/5178/859 1754/5158/704
f 1754/5152/704 1761/5179/859 1762/5180/846
f 1754/5152/704 1762/5180/846 1757/5153/843
f 1757/5153/843 1762/5180/846 1758/5174/676
f 1758/5176/676 1762/5181/846 1764/5182/847
f 1758/5176/676 1764/5182/847 1759/5166/845
f 1759/5166/845 1764/5182/847 1760/5164/698
f 1760/5177/698 1764/5183/847 1763/5184/858
f 1760/5177/698 1763/5184/858 1755/5169/856
f 1755/5169/856 1763/5184/858 1756/5170/853
f 1756/5172/853 1763/5185/858 1761/5178/859
f 1763/5186/858 36/5187/833 1761/5188/859
f 1761/5188/834 36/5187/834 34/5189/834
f 1761/5188/859 34/5189/836 1762/5190/846
f 1762/5190/848 34/5189/848 35/5191/848
f 1764/5192/847 36/5187/839 1763/5186/858
f 1762/5190/846 35/5191/837 1764/5192/847
f 1764/5192/838 35/5191/838 36/5187/838
f 1770/5193/807 1771/5194/808 1765/5195/812
f 1767/5196/810 1772/5197/811 1765/5198/812
f 1770/5193/807 1765/5195/812 1772/5199/811
f 1769/5200/809 1767/5201/810 1765/5202/812
f 1769/5200/809 1765/5202/812 1771/5203/808
f 1766/5204/806 1771/5203/808 1770/5205/807
f 1766/5204/806 1769/5200/809 1771/5203/808
f 1768/5206/805 1766/5207/806 1770/5208/807
f 1768/5209/805 1769/5210/809 1766/5211/806
f 1767/5196/810 1768/5212/805 1772/5197/811
f 1768/5209/805 1767/5213/810 1769/5210/809
f 1768/5206/805 1770/5208/807 1772/5214/811
f 1773/5215/860 1783/5216/861 1778/5217/862
f 39/5218/822 1776/5219/863 1773/5220/860
f 1776/5221/863 1783/5222/861 1773/5223/860
f 1775/5224/813 1774/5225/814 1782/5226/704
f 1775/5224/813 1781/5227/669 1774/5225/814
f 37/5228/815 1779/5229/816 1775/5230/813
f 1779/5231/816 1781/5232/669 1775/5233/813
f 37/5228/857 1775/5230/857 38/5234/857
f 1775/5224/813 1782/5226/704 1776/5235/863
f 38/5234/826 1775/5230/813 1776/5219/863
f 1776/5221/863 1782/5236/704 1777/5237/864
f 1776/5221/863 1777/5237/864 1783/5222/861
f 38/5234/817 1776/5219/817 39/5218/817
f 1773/5215/860 1778/5217/862 1784/5238/698
f 1773/5215/860 1784/5238/698 1779/5239/816
f 39/5218/824 1773/5220/860 1779/5229/816
f 1779/5231/816 1784/5240/698 1780/5241/823
f 1779/5231/816 1780/5241/823 1781/5232/669
f 39/5218/825 1779/5229/825 37/5228/825
f 1781/5227/669 1785/5242/829 1774/5225/814
f 1781/5227/669 1788/5243/841 1785/5242/829
f 1780/5241/823 1788/5244/841 1781/5232/669
f 1774/5225/814 1785/5242/829 1782/5226/704
f 1783/5216/861 1786/5245/865 1787/5246/866
f 1777/5237/864 1786/5247/865 1783/5222/861
f 1783/5216/861 1787/5246/866 1778/5217/862
f 1784/5240/698 1788/5244/841 1780/5241/823
f 1782/5236/704 1785/5248/829 1786/5247/865
f 1785/5249/829 40/5250/836 1786/5251/865
f 1782/5236/704 1786/5247/865 1777/5237/864
f 1786/5251/848 40/5250/848 41/5252/848
f 1787/5253/838 41/5252/838 42/5254/838
f 1786/5251/865 41/5252/837 1787/5253/866
f 1778/5217/862 1787/5246/866 1784/5238/698
f 1784/5240/698 1787/5255/866 1788/5244/841
f 1787/5253/866 42/5254/839 1788/5256/841
f 1788/5256/841 42/5254/833 1785/5249/829
f 1785/5249/834 42/5254/834 40/5250/834
f 45/5257/857 1789/5258/857 43/5259/857
f 1789/5260/813 1790/5261/814 1791/5262/704
f 1789/5260/813 1791/5262/704 1792/5263/863
f 43/5259/826 1789/5258/813 1792/5264/863
f 45/5257/815 1795/5265/816 1789/5258/813
f 1795/5266/816 1796/5267/669 1789/5268/813
f 1789/5260/813 1796/5269/669 1790/5261/814
f 1792/5270/863 1791/5271/704 1797/5272/864
f 1792/5270/863 1793/5273/861 1794/5274/860
f 1792/5270/863 1797/5272/864 1793/5273/861
f 1794/5275/860 1793/5276/861 1798/5277/862
f 44/5278/822 1792/5264/863 1794/5279/860
f 43/5259/817 1792/5264/817 44/5278/817
f 1794/5275/860 1798/5277/862 1799/5280/698
f 1794/5275/860 1799/5280/698 1795/5281/816
f 44/5278/824 1794/5279/860 1795/5265/816
f 1795/5266/816 1799/5282/698 1800/5283/823
f 1795/5266/816 1800/5283/823 1796/5267/669
f 44/5278/825 1795/5265/825 45/5257/825
f 1791/5271/704 1803/5284/865 1797/5272/864
f 1797/5272/864 1803/5284/865 1793/5273/861
f 1798/5277/862 1804/5285/866 1799/5280/698
f 1793/5276/861 1804/5285/866 1798/5277/862
f 1800/5283/823 1801/5286/841 1796/5267/669
f 1799/5282/698 1801/5286/841 1800/5283/823
f 1796/5269/669 1801/5287/841 1802/5288/829
f 1796/5269/669 1802/5288/829 1790/5261/814
f 1801/5289/841 46/5290/833 1802/5291/829
f 1802/5291/834 46/5290/834 47/5292/834
f 1790/5261/814 1802/5288/829 1791/5262/704
f 1791/5271/704 1802/5293/829 1803/5284/865
f 1793/5276/861 1803/5294/865 1804/5285/866
f 1803/5295/865 48/5296/837 1804/5297/866
f 1799/5282/698 1804/5298/866 1801/5286/841
f 1804/5297/866 46/5290/839 1801/5289/841
f 1802/5291/829 47/5292/836 1803/5295/865
f 1803/5295/848 47/5292/848 48/5296/848
f 1804/5297/838 48/5296/838 46/5290/838
f 49/5299/857 1805/5300/857 50/5301/857
f 1805/5302/813 1809/5303/814 1814/5304/704
f 1805/5302/813 1814/5304/704 1806/5305/842
f 50/5301/826 1805/5300/813 1806/5306/842
f 1806/5307/842 1814/5308/704 1810/5309/843
f 1807/5310/844 1811/5311/845 1816/5312/698
f 1807/5310/844 1816/5312/698 1808/5313/816
f 51/5314/824 1807/5315/844 1808/5316/816
f 1808/5317/816 1816/5318/698 1812/5319/823
f 1805/5302/813 1813/5320/669 1809/5303/814
f 49/5299/815 1808/5316/816 1805/5300/813
f 1808/5317/816 1813/5321/669 1805/5322/813
f 1806/5307/842 1810/5309/843 1815/5323/676
f 50/5301/850 1806/5306/850 51/5314/850
f 1806/5307/842 1815/5323/676 1807/5324/844
f 51/5314/822 1806/5306/842 1807/5315/844
f 1807/5310/844 1815/5325/676 1811/5311/845
f 1808/5317/816 1812/5319/823 1813/5321/669
f 51/5314/825 1808/5316/825 49/5299/825
f 1809/5303/814 1817/5326/829 1814/5304/704
f 1814/5308/704 1817/5327/829 1820/5328/846
f 1814/5308/704 1820/5328/846 1810/5309/843
f 1811/5311/845 1818/5329/847 1816/5312/698
f 1815/5325/676 1818/5329/847 1811/5311/845
f 1816/5318/698 1819/5330/841 1812/5319/823
f 1812/5319/823 1819/5330/841 1813/5321/669
f 1813/5320/669 1817/5326/829 1809/5303/814
f 1817/5331/851 54/5332/851 52/5333/851
f 1813/5320/669 1819/5334/841 1817/5326/829
f 1819/5335/841 54/5332/833 1817/5331/829
f 1810/5309/843 1820/5328/846 1815/5323/676
f 1815/5325/676 1820/5336/846 1818/5329/847
f 1818/5337/838 53/5338/838 54/5332/838
f 1820/5339/846 53/5338/837 1818/5337/847
f 1816/5318/698 1818/5340/847 1819/5330/841
f 1818/5337/847 54/5332/839 1819/5335/841
f 1817/5331/829 52/5333/836 1820/5339/846
f 1820/5339/835 52/5333/835 53/5338/835
f 1821/5341/842 1829/5342/704 1830/5343/843
f 1823/5344/813 1829/5345/704 1821/5346/842
f 56/5347/826 1823/5348/813 1821/5349/842
f 1821/5341/842 1831/5350/676 1822/5351/844
f 1822/5352/844 1831/5353/676 1826/5354/845
f 57/5355/822 1821/5349/842 1822/5356/844
f 1822/5352/844 1826/5354/845 1832/5357/698
f 1822/5352/844 1832/5357/698 1827/5358/816
f 57/5355/824 1822/5356/844 1827/5359/816
f 1823/5344/813 1824/5360/669 1825/5361/814
f 55/5362/815 1827/5359/816 1823/5348/813
f 1827/5363/816 1824/5364/669 1823/5365/813
f 1827/5363/816 1828/5366/823 1824/5364/669
f 1823/5344/813 1825/5361/814 1829/5345/704
f 55/5362/827 1823/5348/827 56/5347/827
f 56/5347/850 1821/5349/850 57/5355/850
f 1821/5341/842 1830/5343/843 1831/5350/676
f 1827/5363/816 1832/5367/698 1828/5366/823
f 57/5355/825 1827/5359/825 55/5362/825
f 1829/5342/704 1835/5368/846 1830/5343/843
f 1830/5343/843 1835/5368/846 1831/5350/676
f 1828/5366/823 1833/5369/832 1824/5364/669
f 1824/5360/669 1833/5370/832 1834/5371/829
f 1833/5372/832 60/5373/833 1834/5374/829
f 1824/5360/669 1834/5371/829 1825/5361/814
f 1825/5361/814 1834/5371/829 1829/5345/704
f 1834/5374/829 58/5375/836 1835/5376/846
f 1829/5342/704 1834/5377/829 1835/5368/846
f 1835/5376/835 58/5375/835 59/5378/835
f 1831/5353/676 1835/5379/846 1836/5380/847
f 1831/5353/676 1836/5380/847 1826/5354/845
f 1836/5381/838 59/5378/838 60/5373/838
f 1835/5376/846 59/5378/837 1836/5381/847
f 1826/5354/845 1836/5380/847 1832/5357/698
f 1832/5367/698 1833/5369/832 1828/5366/823
f 1832/5367/698 1836/5382/847 1833/5369/832
f 1836/5381/847 60/5373/839 1833/5372/832
f 1834/5374/851 60/5373/851 58/5375/851
f 61/5383/857 1837/5384/857 62/5385/857
f 1837/5386/852 1842/5387/854 1843/5388/704
f 1837/5386/852 1843/5388/704 1838/5389/842
f 62/5385/826 1837/5384/852 1838/5390/842
f 63/5391/822 1838/5390/842 1839/5392/844
f 62/5385/850 1838/5390/850 63/5391/850
f 1838/5393/842 1844/5394/676 1839/5395/844
f 1838/5393/842 1847/5396/843 1844/5394/676
f 1839/5397/844 1844/5398/676 1845/5399/845
f 63/5391/824 1839/5392/844 1840/5400/855
f 1839/5397/844 1846/5401/698 1840/5402/855
f 1840/5403/855 1846/5404/698 1848/5405/856
f 1840/5403/855 1841/5406/853 1837/5407/852
f 1840/5403/855 1848/5405/856 1841/5406/853
f 1837/5386/852 1841/5408/853 1842/5387/854
f 61/5383/815 1840/5400/855 1837/5384/852
f 1838/5393/842 1843/5409/704 1847/5396/843
f 1839/5397/844 1845/5399/845 1846/5401/698
f 63/5391/825 1840/5400/825 61/5383/825
f 1841/5408/853 1851/5410/858 1849/5411/859
f 1848/5405/856 1851/5412/858 1841/5406/853
f 1841/5408/853 1849/5411/859 1842/5387/854
f 1842/5387/854 1849/5411/859 1843/5388/704
f 1843/5409/704 1850/5413/846 1847/5396/843
f 1847/5396/843 1850/5413/846 1844/5394/676
f 1845/5399/845 1852/5414/847 1846/5401/698
f 1844/5398/676 1852/5414/847 1845/5399/845
f 1846/5404/698 1852/5415/847 1851/5412/858
f 1846/5404/698 1851/5412/858 1848/5405/856
f 1843/5409/704 1849/5416/859 1850/5413/846
f 1849/5417/859 64/5418/836 1850/5419/846
f 1844/5398/676 1850/5420/846 1852/5414/847
f 1850/5419/846 65/5421/837 1852/5422/847
f 1851/5423/858 66/5424/833 1849/5417/859
f 1849/5417/851 66/5424/851 64/5418/851
f 1850/5419/835 64/5418/835 65/5421/835
f 1852/5422/838 65/5421/838 66/5424/838
f 1852/5422/847 66/5424/839 1851/5423/858
f 68/5425/826 1855/5426/852 1853/5427/842
f 1855/5428/852 1857/5429/704 1853/5430/842
f 1853/5431/842 1857/5432/704 1858/5433/843
f 68/5425/850 1853/5427/850 69/5434/850
f 1853/5431/842 1863/5435/676 1854/5436/844
f 1853/5431/842 1858/5433/843 1863/5435/676
f 69/5434/822 1853/5427/842 1854/5437/844
f 1854/5438/844 1864/5439/845 1859/5440/698
f 1854/5438/844 1859/5440/698 1861/5441/855
f 69/5434/824 1854/5437/844 1861/5442/855
f 1855/5428/852 1862/5443/853 1856/5444/854
f 67/5445/815 1861/5442/855 1855/5426/852
f 1861/5446/855 1862/5447/853 1855/5448/852
f 1855/5428/852 1856/5444/854 1857/5429/704
f 67/5445/857 1855/5426/857 68/5425/857
f 1854/5438/844 1863/5449/676 1864/5439/845
f 1861/5446/855 1859/5450/698 1860/5451/856
f 1861/5446/855 1860/5451/856 1862/5447/853
f 69/5434/825 1861/5442/825 67/5445/825
f 1856/5444/854 1866/5452/859 1857/5429/704
f 1862/5443/853 1866/5452/859 1856/5444/854
f 1857/5432/704 1866/5453/859 1867/5454/846
f 1857/5432/704 1867/5454/846 1858/5433/843
f 1858/5433/843 1867/5454/846 1863/5435/676
f 1863/5449/676 1867/5455/846 1868/5456/847
f 1863/5449/676 1868/5456/847 1864/5439/845
f 1862/5443/853 1865/5457/858 1866/5452/859
f 1860/5451/856 1865/5458/858 1862/5447/853
f 1865/5459/858 72/5460/833 1866/5461/859
f 1866/5461/859 70/5462/836 1867/5463/846
f 1867/5463/846 71/5464/837 1868/5465/847
f 1864/5439/845 1868/5456/847 1859/5440/698
f 1868/5465/838 71/5464/838 72/5460/838
f 1859/5450/698 1865/5458/858 1860/5451/856
f 1859/5450/698 1868/5466/847 1865/5458/858
f 1868/5465/847 72/5460/839 1865/5459/858
f 1866/5461/851 72/5460/851 70/5462/851
f 1867/5463/848 70/5462/848 71/5464/848
f 1873/5467/32 1872/5468/31 1869/5469/51
f 1874/5470/32 1878/5471/31 1877/5472/51
f 1884/5473/867 1879/5474/868 1886/5475/869
f 1879/5476/868 1880/5477/870 1886/5478/869
f 1884/5479/867 1882/5480/871 1879/5481/868
f 1879/5476/868 1882/5482/871 1880/5477/870
f 1882/5482/871 1883/5483/872 1880/5477/870
f 1886/5484/869 1880/5485/870 1883/5486/872
f 1886/5484/869 1883/5486/872 1881/5487/873
f 1885/5488/874 1881/5489/873 1883/5490/872
f 1885/5488/874 1884/5491/867 1881/5489/873
f 1884/5473/867 1886/5475/869 1881/5492/873
f 1882/5482/871 1885/5493/874 1883/5483/872
f 1884/5479/867 1885/5494/874 1882/5480/871
f 1894/5495/875 1887/5496/876 1890/5497/877
f 1891/5498/878 1887/5499/876 1894/5500/875
f 1891/5498/878 1892/5501/879 1887/5499/876
f 1892/5501/879 1890/5502/877 1887/5499/876
f 1888/5503/880 1889/5504/881 1890/5505/877
f 1888/5503/880 1893/5506/882 1889/5504/881
f 1892/5501/879 1888/5507/880 1890/5502/877
f 1893/5508/882 1888/5509/880 1892/5510/879
f 1894/5495/875 1890/5497/877 1889/5511/881
f 1893/5512/882 1894/5513/875 1889/5514/881
f 1893/5512/882 1891/5515/878 1894/5513/875
f 1893/5508/882 1892/5510/879 1891/5516/878
f 1900/5517/883 1895/5518/884 1896/5519/885
f 1895/5520/884 1901/5521/886 1896/5522/885
f 1900/5523/883 1898/5524/887 1895/5525/884
f 1895/5520/884 1898/5526/887 1901/5521/886
f 1896/5527/885 1902/5528/888 1897/5529/889
f 1900/5517/883 1896/5519/885 1897/5530/889
f 1896/5527/885 1901/5531/886 1902/5528/888
f 1899/5532/890 1897/5533/889 1902/5534/888
f 1899/5532/890 1900/5535/883 1897/5533/889
f 1900/5523/883 1899/5536/890 1898/5524/887
f 1898/5526/887 1899/5537/890 1902/5538/888
f 1898/5526/887 1902/5538/888 1901/5521/886
f 1909/5539/891 1908/5540/892 1907/5541/893
f 1909/5539/891 1907/5541/893 1906/5542/894
f 1909/5539/891 1906/5542/894 1903/5543/895
f 1909/5539/891 1905/5544/896 1904/5545/897
f 1909/5539/891 1903/5543/895 1905/5544/896
f 1904/5546/897 1905/5547/896 1903/5548/895
f 1904/5546/897 1908/5549/892 1909/5550/891
f 1904/5546/897 1903/5548/895 1906/5551/894
f 1904/5546/897 1907/5552/893 1908/5549/892
f 1904/5546/897 1906/5551/894 1907/5552/893
f 1930/5553/898 1928/5554/899 1929/5555/900
f 1930/5553/898 1929/5555/900 1931/5556/901
f 1928/5557/899 1930/5558/898 1931/5559/901
f 1928/5557/899 1931/5559/901 1929/5560/900
f 1933/5561/902 1935/5562/903 1932/5563/904
f 1932/5564/904 1934/5565/905 1933/5566/902
f 1932/5564/904 1935/5567/903 1934/5565/905
f 1933/5561/902 1934/5568/905 1935/5562/903
f 1937/5569/902 1939/5570/905 1936/5571/903
f 1937/5569/902 1936/5571/903 1938/5572/904
f 1938/5573/904 1936/5574/903 1939/5575/905
f 1938/5573/904 1939/5575/905 1937/5576/902
f 132/435/160 1940/444/906 130/436/161
f 153/491/165 3665/488/907 149/487/161
f 1915/5577/6 1913/5578/5 1914/5579/4
f 1926/5580/15 1927/5581/14 1925/5582/13
f 168/582/214 2896/584/217 4249/5583/215
f 206/748/214 4713/750/217 2609/5584/215
f 3678/5585/263 3270/776/908 210/775/264
f 3270/5586/261 3273/5587/260 208/5588/259
f 2200/5589/94 4703/5590/277 213/5591/95
f 4379/5592/43 604/5593/909 4396/5594/41
f 2086/5595/910 620/5596/910 2084/5597/910
f 4400/5598/910 634/5599/910 4401/5600/910
f 2990/5601/910 638/5602/910 641/5603/910
f 3756/5604/910 648/5605/910 647/5606/910
f 3760/5607/910 656/5608/910 654/5609/910
f 2095/5610/910 666/5611/910 2098/5612/910
f 3553/5613/910 678/5614/910 676/5615/910
f 715/2306/100 3898/2308/453 4417/5616/457
f 719/2322/461 4654/5617/463 2755/2323/911
f 4478/5618/912 1121/5619/912 2739/5620/912
f 1131/5621/913 1130/5622/913 3655/5623/913
f 1144/5624/912 1143/5625/912 2185/5626/912
f 3071/5627/912 1148/5628/912 2187/5629/912
f 4697/5630/913 1158/5631/913 4484/5632/913
f 3076/5633/912 1167/5634/912 2722/5635/912
f 4698/5636/912 1176/5637/912 2877/5638/912
f 2765/5639/912 1185/5640/912 2766/5641/912
f 1875/286/106 1876/5642/30 1877/287/51
f 1876/55/30 1875/5643/106 1878/56/31
f 1911/5644/676 1910/5645/676 1912/5646/676
f 1917/5647/9 1918/5648/8 1916/5649/7
f 1922/5650/12 1923/5651/11 1924/5652/10
f 154/5653/166 1947/5654/168 4317/5655/914
f 184/5656/87 3578/5657/236 3269/5658/245
f 219/5659/279 299/5660/168 4695/5661/915
f 2336/5662/187 1985/5663/189 4326/5664/916
f 4248/5665/187 4050/5666/189 2472/5667/916
f 4712/5668/187 1992/5669/189 1995/5670/916
f 4704/5671/278 4052/5672/274 4346/5673/916
f 3945/5674/187 3691/5675/189 2926/5676/916
f 4493/5677/291 4350/5678/274 3298/5679/916
f 2207/5680/187 4635/5681/189 2931/5682/916
f 3448/5683/187 4062/5684/189 4356/5685/916
f 4564/5686/291 2014/5687/274 3705/5688/916
f 3874/5689/187 2486/5690/189 3304/5691/916
f 3959/5692/187 4361/5693/189 2939/5694/916
f 3458/5695/187 4069/5696/189 2945/5697/916
f 4587/5698/187 4648/5699/189 2509/5700/916
f 3984/5701/187 2510/5702/189 4097/5703/916
f 3886/5704/187 3551/5705/189 2989/5706/916
f 3202/5707/187 4102/5708/189 4106/5709/916
f 3990/5710/187 2515/5711/189 2093/5712/916
f 3890/5713/278 3355/5714/378 3554/5715/916
f 4523/5716/515 902/5717/517 4447/5718/917
f 2409/5719/515 4449/5720/517 2553/5721/917
f 4617/5722/515 3817/5723/517 3399/5724/917
f 3143/5725/531 3822/5726/533 2171/5727/917
f 3917/5728/515 3031/5729/517 935/5730/917
f 4019/5731/515 2174/5732/517 4457/5733/917
f 883/5734/544 3034/5735/546 956/5736/917
f 3146/5737/551 2176/5738/517 964/5739/917
f 1910/5740/676 1911/5741/676 1912/5742/676
f 120/5743/918 131/5744/918 126/5745/918
f 145/5746/918 148/5747/918 146/5748/918
f 1121/3781/640 1124/3780/26 2317/5749/28
f 1143/3805/640 1142/3804/26 4040/5750/28
f 1148/3808/640 1147/3807/26 4624/5751/28
f 1167/3831/640 1166/3830/26 4628/5752/28
f 1176/3744/636 1175/3840/639 4486/3743/634
f 1185/3845/640 1184/3844/26 3262/5753/28
f 1870/91/50 1871/5754/83 1869/92/51
f 1871/244/83 1870/5755/50 1872/245/31
f 2789/5756/203 3596/554/919 164/553/200
f 4319/5757/182 2909/5758/180 3947/5759/920
f 4324/5760/182 1989/5761/180 2206/5762/920
f 3670/5763/182 3453/5764/180 3450/5765/920
f 2462/5766/305 3084/5767/307 4561/5768/921
f 2613/5769/182 3687/5770/281 3456/5771/920
f 3463/5772/182 2057/5773/180 3986/5774/920
f 3315/5775/182 2064/5776/180 3885/5777/920
f 2960/5778/182 2069/5779/180 3204/5780/920
f 2041/5781/182 527/5782/180 3988/5783/920
f 3324/5784/367 2984/5785/307 3996/5786/921
f 544/5787/367 2087/75/307 4002/74/921
f 4387/5788/305 4499/78/307 4005/77/921
f 3747/5789/367 2991/5790/307 3111/5791/921
f 2074/5792/305 2090/81/307 3116/80/921
f 4093/5793/367 3763/84/307 4721/83/921
f 3339/5794/367 2099/5795/307 2384/5796/921
f 3229/5797/557 3921/5798/559 4237/5799/922
f 3542/5800/75 3149/5801/74 3150/5802/923
f 3812/5803/557 3924/5804/559 2701/5805/922
f 2145/5806/75 4454/5807/74 3564/5808/923
f 4442/5809/75 3828/5810/74 2431/5811/923
f 3816/5812/557 3038/5813/559 4209/5814/922
f 128/5815/35 117/5816/148 125/5817/924
f 132/435/160 124/434/157 134/5818/925
f 140/5819/35 136/5820/148 143/5821/924
f 153/491/165 142/490/157 147/5822/925
f 1948/507/173 4320/509/175 158/5823/926
f 2773/508/174 1948/507/173 2460/5824/191
f 227/5825/927 4630/501/170 2461/513/177
f 3547/534/174 2335/533/191 230/5826/375
f 160/5827/287 2598/540/170 2195/539/195
f 2600/538/195 2598/540/170 162/5828/257
f 239/5829/928 2788/564/206 3581/563/205
f 3598/572/212 1949/574/212 3582/5830/173
f 1949/574/212 1952/573/212 2787/5831/173
f 2788/564/206 1950/5832/170 3597/562/204
f 2897/895/235 4247/894/190 246/5833/929
f 249/5834/930 4631/595/206 3585/609/227
f 3869/601/174 4156/592/212 3586/5835/173
f 2197/5836/170 177/618/170 3660/5837/225
f 2197/5836/170 1971/616/170 177/618/170
f 180/5838/930 3267/641/206 2780/653/227
f 2794/635/174 2901/634/212 2781/5839/173
f 2901/634/212 3669/636/235 263/5840/931
f 188/665/195 190/5841/227 3268/663/225
f 190/5841/227 4157/5842/932 3671/5843/933
f 190/5841/227 188/665/195 4157/5842/932
f 3081/5844/227 3431/5845/932 2904/5846/933
f 3676/720/195 3081/5844/227 4046/718/225
f 3081/5844/227 3676/720/195 3431/5845/932
f 3603/745/170 3174/747/257 4311/1040/290
f 3173/743/174 2906/742/224 4310/5847/173
f 4226/764/195 4490/766/170 205/5848/170
f 2907/755/174 4711/761/191 282/5849/375
f 284/5850/287 4490/766/170 4229/765/195
f 3437/785/235 3682/784/235 287/5851/175
f 2202/5852/285 4702/806/225 215/5853/225
f 215/5853/225 4702/806/225 2466/808/170
f 214/801/235 2774/812/241 216/5854/929
f 2803/827/224 2614/829/175 297/5855/926
f 4716/828/174 2803/827/224 2469/5856/375
f 3871/849/204 224/843/257 226/845/177
f 224/843/257 3871/849/204 3276/846/170
f 4491/842/235 3946/847/283 228/5857/381
f 1987/857/235 4329/859/235 312/5858/235
f 2205/5859/177 4492/879/290 313/5860/170
f 313/5860/170 4492/879/290 3278/878/225
f 234/876/174 3175/875/175 237/5861/381
f 245/892/170 3077/5862/171 170/890/170
f 321/5863/934 242/896/293 4048/900/225
f 1960/1179/175 2918/904/241 244/5864/338
f 3077/5862/171 245/892/170 2898/916/247
f 1990/922/235 2602/921/297 329/5865/381
f 2208/1193/204 3684/927/257 1991/929/177
f 1971/616/170 2197/5836/170 178/936/170
f 1970/938/235 2806/937/241 2473/5866/235
f 2806/937/241 4162/953/241 340/5867/935
f 2805/5868/936 4051/942/225 255/946/225
f 4336/974/257 2209/966/204 260/965/170
f 3083/963/235 3449/962/303 342/5869/381
f 1977/5870/937 2797/691/206 2463/987/304
f 2608/686/174 1976/685/212 2464/5871/938
f 3086/5872/204 2210/1002/290 3609/5873/170
f 267/996/174 4562/995/175 271/5874/381
f 3609/5873/170 2210/1002/290 3286/1001/225
f 3610/1013/310 2479/1020/257 2800/5875/939
f 2622/1019/235 276/1010/241 2480/5876/235
f 2906/742/224 1981/744/175 3604/5877/926
f 3873/1037/313 2211/1036/312 278/5878/940
f 4345/1035/247 3873/1037/313 4165/1038/368
f 1994/5879/941 2810/1053/170 3289/1052/170
f 3952/1049/235 283/1048/241 369/5880/241
f 283/1048/241 1998/1050/241 2809/5881/935
f 2213/1071/235 3960/1070/318 373/5882/381
f 3875/1074/204 3685/1075/257 290/1077/177
f 3685/1075/257 3875/1074/204 2481/1073/170
f 380/5883/936 2483/1088/170 4054/1087/171
f 2219/1097/235 3686/1096/241 4055/5884/241
f 3686/1096/241 4349/1098/241 382/5885/935
f 2803/5886/928 3274/821/206 2470/830/205
f 3689/1104/235 3459/1103/319 302/5887/175
f 4161/1117/204 2002/1109/257 3690/1111/177
f 2002/1109/257 4161/1117/204 300/1116/170
f 3692/1131/241 2929/1133/235 389/5888/235
f 4169/1125/170 4057/1367/170 3692/5889/170
f 2916/1132/235 3692/1131/241 392/5890/241
f 2617/5891/932 3876/5892/205 306/5893/942
f 306/5893/942 3876/5892/205 3295/5894/943
f 3876/5892/205 2617/5891/932 310/5895/266
f 314/5896/170 3297/1158/170 4633/1164/225
f 2227/1153/235 4352/1152/237 399/5897/235
f 4352/1152/237 2632/1154/241 316/5898/944
f 325/5899/227 3701/5900/205 319/5901/266
f 325/5899/227 323/1188/945 3701/5900/205
f 323/1188/945 325/5899/227 2814/1186/946
f 3684/927/257 2208/1193/204 3444/1192/170
f 3703/1203/237 2934/1205/241 409/5902/947
f 407/5903/170 3299/1197/170 4636/1209/225
f 2346/1204/235 3703/1203/237 4638/5904/235
f 2233/5905/205 3087/5906/932 4355/5907/266
f 3087/5906/932 2233/5905/205 410/5908/942
f 410/5908/942 2233/5905/205 4058/5909/943
f 2209/966/204 4336/974/257 3082/1224/177
f 417/5910/170 4066/1233/170 4063/1232/170
f 4171/1244/235 3704/1237/241 4065/5911/175
f 2796/981/241 2922/983/241 349/5912/935
f 4498/982/235 2796/981/241 2474/5913/241
f 352/5914/936 4632/984/170 2475/1248/171
f 354/5915/205 3088/5916/932 350/5917/266
f 422/5918/942 354/5915/205 4641/5919/943
f 358/5920/170 2485/1270/170 2635/1503/170
f 4269/1276/235 2015/1267/241 429/5921/175
f 4571/5922/205 3455/5923/932 359/5924/266
f 436/5925/942 4571/5922/205 362/5926/943
f 3455/5923/932 4571/5922/205 436/5925/942
f 2808/5927/225 3303/1300/225 364/1299/170
f 365/1301/237 2488/5928/948 4341/1302/275
f 365/1301/237 2637/1303/235 441/5929/944
f 3880/5930/932 372/5931/205 368/5932/942
f 368/5932/942 372/5931/205 2812/5933/943
f 372/5931/205 3880/5930/932 4167/5934/266
f 377/5935/225 4068/1324/225 3305/1332/170
f 4360/1321/337 453/5936/948 3183/1330/275
f 3460/5937/932 458/5938/205 381/5939/942
f 381/5939/942 458/5938/205 4272/5940/943
f 458/5938/205 3460/5937/932 383/5941/266
f 388/5942/170 4073/1355/225 4070/1354/225
f 4177/1363/235 3712/1362/241 4072/5943/175
f 469/5944/313 3094/5945/171 2490/5946/936
f 391/5947/247 3094/5945/171 469/5944/313
f 3094/5945/171 391/5947/247 3461/5948/344
f 3715/1387/235 2027/1389/342 4074/5949/346
f 4581/5950/949 2633/5951/313 400/5952/940
f 2633/5951/313 4581/5950/949 401/5953/171
f 401/5953/171 4581/5950/949 3307/5954/949
f 403/5955/950 2817/1427/170 4644/1433/171
f 3097/1420/235 2033/1419/241 4645/5956/235
f 2033/1419/241 3462/1421/241 2816/5957/935
f 4371/1450/241 493/5958/372 2366/1453/235
f 4371/1450/241 2643/1452/241 413/5959/935
f 411/5960/941 3314/1459/170 4646/1464/170
f 2247/5961/951 2250/1479/170 2818/5962/177
f 415/1467/235 2368/1466/175 501/5963/175
f 2818/5962/177 2250/1479/170 3319/1478/170
f 4584/1492/235 3722/1491/241 2495/5964/338
f 3088/5916/932 354/5915/205 422/5918/942
f 3972/5965/170 427/1515/170 430/1517/170
f 427/1515/170 3972/5965/170 3468/1518/225
f 431/1533/235 4372/1532/356 435/5966/237
f 3321/1525/355 4182/1524/225 4372/5967/356
f 4372/1532/356 2037/1534/357 3321/5968/355
f 521/5969/171 3189/5970/313 438/5971/171
f 438/5971/171 3189/5970/313 3473/5972/949
f 2820/5973/936 4274/1570/170 2498/1569/170
f 3193/1577/175 2821/1574/241 2499/5974/235
f 2639/1603/290 450/1597/170 4376/1599/204
f 450/1597/170 2639/1603/290 2645/1600/170
f 4374/1596/174 2372/1601/363 456/5975/175
f 466/5976/257 2647/5977/170 465/5978/170
f 465/5978/170 2647/5977/170 4080/5979/170
f 3616/1647/338 3325/5980/952 3981/1654/275
f 472/5981/225 3326/1639/170 467/1638/170
f 475/1660/290 3106/5982/290 4085/1658/266
f 3657/1664/372 4086/1663/371 476/5983/953
f 3106/5982/290 475/1660/290 3658/1665/225
f 485/1693/337 3983/1692/373 2651/5984/954
f 2056/1689/204 2651/5985/177 483/1687/955
f 3721/1702/170 2362/5986/170 3312/1700/225
f 2362/5986/170 3721/1702/170 4368/1704/170
f 488/5987/287 492/1712/170 3619/1711/170
f 3199/1707/275 4388/1706/276 3619/5988/948
f 3884/5989/290 494/1733/290 3883/1735/225
f 494/1733/290 3884/5989/290 2653/1736/266
f 496/1732/372 2655/1731/371 499/5990/953
f 504/5991/225 565/1754/170 2505/1947/170
f 3624/1760/275 3746/1751/338 2505/5992/948
f 3722/1491/241 2961/1500/241 511/5993/935
f 508/5994/934 4076/1486/170 2496/1485/225
f 4389/1768/372 3201/1767/371 574/5995/953
f 3208/1779/275 2075/1778/276 3625/5996/948
f 514/5997/287 2829/1773/170 3625/1772/170
f 2750/5998/290 2078/1793/951 3110/5999/204
f 2750/5998/290 3110/5999/204 517/6000/314
f 2078/1793/951 2750/5998/290 516/1791/170
f 3189/5970/313 521/5969/171 522/6001/949
f 4278/6002/225 3333/1803/170 4094/1802/170
f 4590/1812/275 4277/1811/338 4094/6003/948
f 3887/6004/290 3754/1819/290 2269/1821/225
f 2268/2032/372 3989/2031/371 594/6005/953
f 3612/1834/171 2824/1842/247 2982/6006/344
f 2980/1831/276 2825/6007/956 2832/1840/275
f 4393/1848/174 3991/1847/190 598/6008/957
f 4394/6009/225 3889/2053/247 532/6010/225
f 532/6010/225 3889/2053/247 602/2055/344
f 2502/1620/235 2646/1622/342 2503/6011/366
f 4647/1871/170 3340/1879/225 3614/6012/958
f 539/1868/338 3340/6013/948 4593/1877/381
f 2985/1885/235 3993/1884/190 615/6014/959
f 623/6015/287 2508/1894/170 4649/1893/225
f 2053/2104/174 4230/2095/212 542/6016/190
f 2263/1683/235 4386/1674/235 3328/6017/960
f 545/6018/382 4087/1677/170 3330/1895/170
f 2088/1898/174 3999/1897/358 625/6019/338
f 2651/5985/177 2056/1689/204 2060/1905/170
f 635/6020/285 4095/1911/171 2512/1910/247
f 635/1918/175 548/6021/174 3743/1919/174
f 555/6022/206 4192/1925/382 3347/1927/225
f 553/1924/174 4003/1923/358 557/6023/338
f 4501/6024/225 4192/1925/382 555/6022/206
f 2992/1953/174 3481/1952/358 566/6025/338
f 564/6026/206 3113/1957/382 4100/1959/225
f 2993/6027/225 3113/1957/382 564/6026/206
f 570/1969/290 3107/6028/290 510/1967/266
f 3107/6028/290 570/1969/290 4390/1971/225
f 4276/6029/382 4104/1977/170 4103/1976/225
f 4506/1982/174 4275/1981/175 571/6030/235
f 2091/1995/174 3484/1994/358 579/6031/338
f 2092/6032/225 3114/1997/382 581/6033/206
f 581/6033/206 3114/1997/382 3352/1999/225
f 585/2023/235 2994/2017/235 3627/6034/235
f 587/6035/958 3630/2012/170 3626/2011/225
f 3764/2026/174 4719/2025/358 661/6036/338
f 2835/6037/285 2518/2035/171 590/2034/247
f 2835/2036/175 2516/6038/174 2839/2037/174
f 3754/1819/290 3887/6004/290 528/2043/266
f 3628/2065/175 675/6039/174 600/2066/174
f 2100/2072/174 2381/2071/358 2658/6040/338
f 2101/6041/382 2659/2073/382 683/6042/206
f 683/6042/206 2659/2073/382 2842/2075/225
f 614/6043/225 4184/1886/382 3342/1888/225
f 4184/1886/382 613/6044/206 2985/6045/961
f 613/6044/206 4184/1886/382 614/6043/225
f 627/6046/206 3893/1902/382 624/1904/225
f 2089/6047/225 3893/1902/382 627/6046/206
f 2274/1939/174 3550/1938/175 2513/6048/241
f 639/6049/382 4186/1941/170 2514/2117/225
f 3765/6050/225 2769/2141/382 657/6051/206
f 657/6051/206 2769/2141/382 4255/2143/225
f 3768/2152/174 2377/2151/190 673/6052/338
f 3769/6053/290 2657/2161/247 669/6054/206
f 669/6054/206 2657/2161/247 3588/2163/247
f 3629/6055/287 4256/2058/170 3356/2057/225
f 3628/2065/175 681/2067/175 682/6056/962
f 760/2193/414 3491/2192/413 687/6057/963
f 3119/2182/407 4508/6058/486 760/6059/414
f 4508/6058/486 3119/2182/407 755/6060/480
f 755/6060/480 3119/2182/407 3357/2184/409
f 762/6061/424 4652/2205/420 2519/2204/407
f 4251/2217/426 2102/2216/426 2521/6062/507
f 2102/2216/426 4233/2218/427 761/6063/427
f 4411/2234/432 2389/2233/431 767/6064/614
f 3894/2250/427 2753/2249/436 3591/6065/440
f 2753/2249/436 4236/2251/427 771/6066/426
f 2847/2257/420 3591/2256/440 2753/6067/436
f 706/6068/964 773/6069/448 4413/6070/446
f 773/6069/448 706/6068/964 705/6071/965
f 705/6071/965 706/6068/964 3361/6072/965
f 2522/2576/420 4108/2579/493 3776/6073/452
f 3126/2301/427 3776/2300/452 4108/6074/493
f 3776/2300/452 2108/2302/427 778/6075/426
f 3901/6076/966 783/6077/455 712/6078/454
f 783/6077/455 3901/6076/966 714/6079/967
f 714/6079/967 3901/6076/966 4111/6080/967
f 718/6081/480 3494/2333/420 4653/2332/420
f 4509/2325/426 2754/2324/426 4653/6082/507
f 2666/2676/426 2113/2678/427 727/6083/427
f 798/6084/480 4259/2372/420 728/2375/420
f 4010/2677/426 2666/2676/426 728/6085/507
f 2741/6086/420 4705/2388/434 731/6087/480
f 731/6087/480 4705/2388/434 4261/2390/409
f 2741/2386/432 4012/2387/431 732/6088/614
f 2668/2407/420 4264/2406/472 4687/6089/473
f 738/2409/427 4687/2408/473 4264/6090/472
f 4687/2408/473 2758/2410/427 807/6091/426
f 3127/6092/420 2116/2438/478 741/2439/480
f 4710/2709/511 2670/2708/510 742/6093/968
f 2116/2438/478 3127/6092/420 2671/2443/969
f 746/6094/424 3365/2457/420 2673/2461/407
f 4722/2451/426 3003/2450/426 2672/6095/507
f 3003/2450/426 3786/2452/427 813/6096/427
f 752/6097/480 3130/2484/407 3594/2486/409
f 4198/6098/420 3130/2484/407 752/6097/480
f 754/2483/426 3214/2482/413 816/6099/963
f 3130/2484/407 4198/6098/420 754/6100/420
f 823/6101/970 4113/2503/420 2524/2502/478
f 3135/2508/432 2120/2507/445 2527/6102/432
f 4411/6103/420 2277/2238/434 764/6104/480
f 764/6104/480 2277/2238/434 2845/2240/409
f 4602/2529/426 3005/2528/427 3366/6105/426
f 769/6106/971 4660/2527/420 765/2534/487
f 3005/2528/427 3797/2544/427 766/6107/972
f 3138/6108/490 3902/6109/424 837/6110/424
f 3902/6109/424 3138/6108/490 2883/6111/491
f 837/6110/424 3902/6109/424 4115/6112/973
f 776/6113/971 4293/2563/420 2528/2572/420
f 777/2570/432 3798/2560/426 842/6114/507
f 2121/6115/424 2282/6116/567 780/6117/424
f 780/6117/424 2282/6116/567 4665/6118/422
f 784/2611/426 3637/2610/427 3368/6119/426
f 4422/2629/480 2889/2621/407 4119/2620/420
f 2127/2618/426 3555/2617/499 861/6120/412
f 793/6121/965 724/6122/964 3362/6123/965
f 724/6122/964 2665/6124/502 2111/6125/467
f 2665/6124/502 724/6122/964 793/6121/965
f 2131/2651/427 4426/2653/427 2848/6126/974
f 795/6127/971 863/2645/420 2532/2896/420
f 3215/2655/426 2131/2651/427 2533/6128/426
f 3783/6129/424 796/2669/420 799/2670/407
f 796/2669/420 3783/6129/424 3371/2671/487
f 2133/2684/445 802/6130/432 4613/2685/432
f 2133/6131/975 872/2682/480 3373/2681/420
f 3800/2700/522 2680/6132/479 804/2698/480
f 2680/6132/479 3800/2700/522 3907/6133/976
f 2680/6132/479 3907/6133/976 879/6134/977
f 3218/2718/432 3802/2717/427 3642/6135/507
f 810/6136/978 880/2712/512 3641/2711/487
f 3018/2748/427 2137/2750/427 2542/6137/972
f 820/6138/632 894/2752/420 4121/3018/420
f 3018/2748/427 892/6139/432 893/2751/432
f 4201/2769/427 3220/2768/520 822/6140/578
f 4524/2764/518 3914/6141/518 897/6142/979
f 3914/6141/518 4524/2764/518 900/6143/487
f 900/6143/487 4524/2764/518 3374/2766/420
f 825/6144/424 2393/6145/424 824/6146/424
f 824/6146/424 2393/6145/424 4659/6147/422
f 2139/2791/413 2851/2793/507 826/6148/980
f 2139/6149/981 2544/2779/424 3503/2782/424
f 4434/2799/427 2408/2798/488 835/6150/982
f 833/6151/422 2286/2800/422 2853/2802/487
f 4435/6152/518 2286/2800/422 833/6151/422
f 840/2821/507 4438/2823/426 910/6153/412
f 4526/2822/426 840/2821/507 912/6154/983
f 2545/2815/420 4122/3084/424 840/6155/984
f 918/2829/427 4616/2828/488 916/6156/982
f 915/6157/422 2287/2830/422 844/2832/487
f 3811/2851/413 3023/2853/507 925/6158/980
f 3811/6159/981 3380/2845/424 3378/3116/424
f 2291/2852/426 3811/2851/413 922/6160/621
f 3637/2610/427 2125/2858/427 2531/6161/974
f 849/6162/971 848/2605/420 3367/2604/420
f 3813/2864/424 3141/6163/420 4670/2862/407
f 2142/2868/445 4668/2867/427 855/6164/974
f 3141/6163/420 3813/2864/424 2143/2871/422
f 2889/2621/407 4422/2629/480 2128/2878/407
f 859/6165/973 2855/2885/424 3381/2884/424
f 3508/2881/426 859/2880/413 3382/6166/621
f 859/2880/413 2691/2882/507 2854/6167/980
f 2146/2902/427 4014/2901/488 866/6168/982
f 2147/6169/518 3915/2912/422 865/6170/422
f 865/6170/422 3915/2912/422 4296/2914/487
f 3814/2927/413 4441/2929/507 937/6171/980
f 2416/2932/426 3814/2927/413 939/6172/985
f 3814/6173/973 2547/2921/420 2849/2931/424
f 944/6174/478 4020/6175/478 3383/6176/986
f 3920/6177/519 4020/6175/478 944/6174/478
f 876/2965/507 2153/2967/426 878/6178/412
f 2861/2966/426 876/2965/507 950/6179/983
f 3387/2971/420 4204/2977/424 876/6180/984
f 2162/2983/541 4671/2982/548 4530/6181/987
f 4531/6182/420 2687/6183/409 881/6184/979
f 4531/6182/420 954/6185/547 2687/6183/409
f 954/6185/547 4531/6182/420 4671/6186/548
f 887/6187/424 2403/6188/424 2539/6189/422
f 814/6190/424 2403/6188/424 887/6187/424
f 885/6191/973 2550/2999/424 2548/3002/424
f 4534/2994/426 885/2993/413 957/6192/508
f 885/2993/413 4446/2995/507 961/6193/988
f 4540/6194/574 3144/3015/522 2164/6195/422
f 888/3008/432 3232/3007/488 890/6196/982
f 2164/6195/422 3144/3015/522 3390/3017/487
f 2421/3044/426 2166/3043/426 969/6197/426
f 2850/3033/553 2862/3032/420 2167/6198/989
f 3227/2792/426 2139/2791/413 904/6199/508
f 976/3056/432 4240/3055/427 981/6200/427
f 980/6201/519 4541/3059/420 3393/3058/420
f 2424/3066/426 4451/3065/426 2865/6202/426
f 2552/3080/561 2864/3079/420 907/6203/989
f 3151/6204/424 3030/3093/407 911/6205/424
f 3151/6204/424 911/6205/424 914/6206/984
f 3030/3093/407 3151/6204/424 2555/3091/420
f 3140/6207/518 2287/2830/422 915/6157/422
f 919/6208/984 998/3352/420 3519/3363/424
f 4542/3110/426 3819/3109/426 995/6209/426
f 3926/6210/522 2297/3125/420 2867/6211/478
f 2867/6211/478 2297/3125/420 2558/3124/420
f 923/3122/432 2700/3121/427 1000/6212/427
f 929/3137/507 2173/3139/507 1009/6213/431
f 3237/3138/426 929/3137/507 2563/6214/426
f 929/6215/422 4127/3131/420 2564/3141/420
f 3568/6216/420 930/3156/420 931/3158/487
f 930/3156/420 3568/6216/420 2566/3159/480
f 3032/3168/563 2706/3170/564 936/6217/565
f 2304/3169/426 3032/3168/563 1018/6218/507
f 936/3171/565 2568/3177/420 3032/6219/563
f 4025/6220/420 942/3182/420 938/3184/487
f 942/3182/420 4025/6220/420 4129/3191/480
f 947/6221/422 2570/3202/420 3647/3462/420
f 947/3199/507 1025/6222/426 3160/3200/426
f 947/3199/507 3523/3201/507 1024/6223/431
f 2430/6224/424 3928/6225/424 952/6226/984
f 2430/6224/424 1031/3221/407 3928/6225/424
f 1031/3221/407 2430/6224/424 2712/3219/420
f 955/6227/422 3648/3235/420 4674/3497/420
f 1034/3229/426 3036/3228/426 1033/6228/426
f 3039/3246/432 4206/3245/427 1043/6229/427
f 1041/6230/519 3929/3253/420 4133/3252/420
f 4030/3272/426 2178/3271/507 3401/6231/990
f 2178/3271/507 4461/3281/507 2571/6232/431
f 2307/6233/571 968/3288/407 970/3290/571
f 968/3288/407 2307/6233/571 3245/3291/964
f 2306/3287/426 3242/3286/507 973/6234/991
f 3923/6235/522 4541/3059/420 980/6201/519
f 2573/3306/507 4464/3308/507 1058/6236/426
f 4547/6237/571 983/3323/407 2181/3325/571
f 983/3323/407 4547/6237/571 3528/3326/964
f 2180/3322/426 3527/3321/507 1059/6238/991
f 3837/3332/445 3839/3334/426 988/6239/427
f 4216/3335/420 2574/3338/420 3837/6240/480
f 989/3333/432 3837/3332/445 1067/6241/433
f 2879/3375/426 4678/3374/507 992/6242/991
f 2310/6243/571 4468/3358/407 2878/3360/571
f 4468/3358/407 2310/6243/571 4675/3362/964
f 3521/6244/571 1006/3395/407 3842/3397/571
f 1006/3395/407 3521/6244/571 1008/3398/964
f 3841/3394/426 2762/3393/507 1081/6245/991
f 4471/3403/427 3052/3405/426 1089/6246/427
f 3930/6247/407 3053/3429/480 1016/3431/420
f 3053/3429/480 3930/6247/407 1017/3435/408
f 2311/3434/577 4032/3433/578 3930/6248/508
f 3843/3447/445 2580/6249/992 2446/3448/432
f 4303/3445/581 2579/3444/479 3845/6250/993
f 1026/3473/577 2583/3472/578 3161/6251/508
f 3846/3479/480 3161/6252/407 2582/3477/408
f 4680/3703/427 3538/3705/426 1032/6253/427
f 3848/3731/426 3417/3730/507 1036/6254/991
f 3933/6255/571 3057/3506/407 3850/3508/571
f 3057/3506/407 3933/6255/571 3416/3510/964
f 2874/3529/507 2725/3531/507 1040/6256/426
f 3040/6257/522 3929/3253/420 1041/6230/519
f 4476/3539/426 4140/3538/507 1118/6258/991
f 2178/6259/518 1048/3267/420 3400/3266/420
f 4475/3546/407 4212/6260/571 4141/3544/964
f 3422/3776/426 2739/3778/426 1050/6261/427
f 3067/6262/994 3934/3563/407 1052/6263/434
f 1052/6263/434 3934/3563/407 2586/3565/407
f 3066/3559/590 3253/3568/413 1053/6264/995
f 1132/3579/420 1065/3573/420 1062/3589/420
f 2743/3578/433 3655/3587/427 3428/6265/996
f 3852/3604/510 3256/3603/510 2320/6266/997
f 1072/3611/426 2185/3613/426 1141/6267/427
f 2730/3383/445 2868/3385/412 1073/6268/427
f 2577/3386/478 3402/3620/479 2730/6269/581
f 4553/3384/432 2730/3383/445 1074/6270/998
f 4556/6271/407 4243/6272/407 3068/6273/407
f 3068/6273/407 4243/6272/407 2590/6274/434
f 3854/3645/426 2187/3651/426 1087/6275/427
f 2190/3660/578 4306/3659/621 1151/6276/999
f 3536/3664/420 1090/6277/420 3073/6278/420
f 3073/3670/427 4484/3672/427 1093/6279/427
f 1090/6277/420 3536/3664/420 1092/3666/420
f 1094/6280/407 1095/6281/407 1164/6282/407
f 1164/6282/407 1095/6281/407 2593/6283/434
f 3161/6252/407 3846/3479/480 4473/3693/420
f 2192/3699/426 2722/3702/426 1165/6284/426
f 2331/6285/434 1102/3719/632 2880/3721/409
f 1102/3719/632 2331/6285/434 2737/3722/407
f 2881/3718/578 2736/3717/621 1104/6286/999
f 4488/3732/426 2877/3734/426 1111/6287/426
f 3941/6288/994 2334/3759/407 1112/6289/434
f 1112/6289/434 2334/3759/407 4685/3761/407
f 1115/3757/590 2726/3758/413 1113/6290/995
f 4212/6260/571 4475/3546/407 4477/3768/571
f 3264/3848/432 4224/3847/427 1186/6291/433
f 2320/6292/407 1136/3795/480 1069/3797/480
f 1136/3795/480 2320/6292/407 3260/3798/407
f 3165/6293/434 1155/3810/632 2191/3812/409
f 1155/3810/632 3165/6293/434 4307/3813/407
f 4224/3847/427 2766/3849/426 1183/6294/427
f 4151/3771/420 2784/3770/478 4224/6295/479
l 2034 2745
l 2107 2676
l 2151 2426
l 2168 3820
l 2170 2759
l 2182 2764
l 4701 1969
l 231 2618
l 2003 2629
l 2223 2632
l 2235 2637
l 2018 2638
l 2103 2664
l 2150 2694
l 2301 2706
l 2578 2729
l 1099 2733
l 1979 3951
l 1997 2358
l 2026 4585
l 2040 3987
l 2081 2379
l 2124 3507
l 2136 3233
l 2742 2884
l 2756 2681
l 1187 3575
l 1953 2792
l 2494 2022
l 700 2846
l 2541 1941
l 2562 2866
l 2594 2876
l 3021 2700
l 3025 3563
l 3049 2776
l 3054 3569
l 3060 2727
l 1149 1150
l 3074 3075
l 1169 3858
l 3091 3323
l 3137 3541
l 3272 3436
l 2801 2467
l 2953 3309
l 2826 3338
l 543 3329
l 2995 3490
l 2758 3497
l 2678 3139
l 3004 2663
l 3228 3504
l 3006 3505
l 934 3522
l 3413 3532
l 3420 3058
l 3063 2588
l 3430 3535
l 3405 2439
l 1076 2591
l 3072 3537
l 3266 2783
l 2921 2352
l 2928 2640
l 2932 2360
l 3186 3549
l 2941 2370
l 2947 3476
l 2955 4185
l 2959 3203
l 2972 3482
l 3011 4614
l 3282 2790
l 3350 2986
l 3343 3633
l 3346 3635
l 3560 3640
l 3012 2887
l 3364 3638
l 3377 3644
l 3386 2148
l 3376 3651
l 3396 3654
l 3659 2807
l 471 3615
l 3778 2112
l 3784 2404
l 3825 4031
l 3829 4036
l 3838 3258
l 3840 4241
l 3851 1134
l 253 4162
l 3694 4168
l 348 2476
l 395 4075
l 3605 4061
l 3881 2961
l 3977 4183
l 3725 4077
l 3771 4194
l 710 2523
l 3595 2117
l 3792 4202
l 3544 2546
l 2692 3927
l 3836 4214
l 4146 1123
l 3855 4222
l 3863 4223
l 4154 4225
l 3668 3447
l 3679 3958
l 3696 4578
l 3707 3969
l 3718 3985
l 3733 3992
l 3736 4001
l 4006 3745
l 3749 3485
l 3752 4720
l 3790 3221
l 3796 2410
l 3805 4618
l 4232 2396
l 4234 2399
l 3669 2198
l 4101 4281
l 3797 4291
l 4126 4299
l 3832 2714
l 4136 4302
l 4337 4568
l 4436 2699
l 4440 4026
l 901 3243
l 985 2433
l 1023 3531
l 4458 4038
l 4462 3255
l 1103 2738
l 1122 1125
l 4482 1159
l 4489 1178
l 4159 1998
l 4364 4643
l 432 3322
l 4378 4082
l 534 2504
l 4190 4279
l 4403 3354
l 4284 3590
l 4233 763
l 4407 3359
l 4419 4666
l 4197 2113
l 3500 3806
l 4443 3388
l 4544 2169
l 1055 4138
l 1010 3408
l 1108 2597
l 4318 3944
l 4323 2603
l 4328 3962
l 4331 2340
l 4335 2620
l 4348 3965
l 4358 2367
l 4384 3995
l 4397 2383
l 4425 4015
l 4429 4021
l 3433 1981
l 222 296
l 4339 1943
l 4349 2216
l 4359 1945
l 4642 2009
l 4398 3892
l 4726 800
l 4688 2669
l 4313 125
l 4315 143
l 4693 4563
l 4696 3457
l 1956 1959
l 1965 1967
l 1972 1973
l 185 187
l 277 1983
l 229 304
l 250 330
l 343 346
l 286 2000
l 3293 387
l 4178 2001
l 308 311
l 320 328
l 3302 2016
l 397 2029
l 447 2043
l 3103 448
l 2045 2649
l 2048 2051
l 3741 2054
l 2059 2651
l 2063 2065
l 2070 573
l 2975 2077
l 530 2083
l 619 622
l 546 626
l 554 558
l 578 580
l 592 665
l 606 609
l 790 792
l 743 808
l 2122 2281
l 854 2126
l 788 862
l 819 2138
l 851 856
l 864 867
l 2154 2159
l 953 954
l 3392 965
l 889 891
l 978 982
l 2713 1030
l 986 1060
l 1088 1152
l 268 272
l 337 338
l 2241 2643
l 416 502
l 2968 2251
l 518 584
l 696 768
l 704 774
l 834 836
l 917 920
l 1001 1002
l 974 975
l 993 999
l 1105 1173
l 1114 1181
l 318 2343
l 3602 2349
l 332 2345
l 347 2354
l 2355 2636
l 3312 491
l 331 2365
l 419 506
l 345 2369
l 376 2375
l 537 2386
l 701 2390
l 756 2391
l 828 829
l 838 2400
l 4236 2398
l 815 884
l 830 2413
l 2863 1064
l 2434 2575
l 275 2625
l 390 470
l 804 805
l 3231 2549
l 924 926
l 1015 2569
l 2891 2601
l 334 3444
l 211 292
l 217 293
l 294 2612
l 236 238
l 3675 2626
l 2628 4344
l 371 443
l 374 375
l 4634 2630
l 4367 2634
l 351 425
l 305 2641
l 589 595
l 3730 454
l 2667 733
l 4433 2674
l 3379 2675
l 781 847
l 1012 3052
l 2871 2718
l 2725 1179
l 3538 1170
l 516 519
l 588 662
l 183 262
l 3660 258
l 291 3182
l 3320 505
l 2823 3489
l 667 674
l 243 247
l 197 273
l 2910 2914
l 4056 2917
l 360 363
l 384 459
l 463 2949
l 498 2956
l 507 2963
l 503 2974
l 560 642
l 562 567
l 775 3014
l 3026 3513
l 4131 941
l 958 1044
l 3044 3045
l 1054 1126
l 451 457
l 477 478
l 509 575
l 3164 1080
l 3172 3435
l 235 240
l 172 3177
l 3702 3185
l 406 3184
l 437 520
l 3192 442
l 758 3223
l 3234 3520
l 3518 971
l 4464 1057
l 3839 1068
l 260 261
l 269 355
l 270 3288
l 3954 3290
l 300 301
l 402 479
l 486 487
l 860 3510
l 905 906
l 221 3439
l 309 3442
l 3601 335
l 181 3451
l 341 4175
l 3461 3617
l 533 3475
l 536 538
l 3480 556
l 582 3483
l 3493 4109
l 3514 1020
l 871 3515
l 3516 4205
l 677 680
l 166 167
l 174 3600
l 186 264
l 850 852
l 967 972
l 1135 1139
l 3662 4107
l 298 303
l 317 3698
l 356 3711
l 405 3720
l 480 3739
l 526 3753
l 645 649
l 586 655
l 713 716
l 882 3807
l 1007 1082
l 1037 1107
l 497 500
l 531 599
l 156 3949
l 204 3957
l 295 3968
l 468 3998
l 791 4017
l 344 4174
l 385 4181
l 4415 4112
l 4123 4203
l 959 1038
l 254 4163
l 4446 4208
l 736 4286
l 631 633
l 996 4466
l 1045 1119
l 193 4565
l 720 787
l 2604 2605
l 2614 2615
l 2257 2646
l 2265 2656
l 2270 2660
l 2293 2691
l 2314 2725
l 2316 2739
l 2027 2239
l 2037 2252
l 2082 2831
l 2096 2837
l 2768 2843
l 2153 2859
l 2173 2298
l 2185 2321
l 2882 840
l 2968 2969
l 2999 3555
l 3089 2948
l 3098 3462
l 3122 2108
l 2695 3518
l 3157 3523
l 2723 3538
l 2929 2221
l 2934 2229
l 2943 2237
l 2973 3622
l 3023 2288
l 3056 2710
l 3808 4240
l 3466 3750
l 3909 2137
l 2689 2863
l 3709 4267
l 3737 2260
l 3762 3487
l 3786 812
l 2851 3502
l 3839 2717
l 4445 4206
l 3440 4329
l 4495 2922
l 3478 3618
l 4503 3757
l 4236 3895
l 4511 3000
l 4515 2125
l 4535 4446
l 4550 2868
l 2708 3930
l 4558 2877
l 3540 2766
l 4320 2785
l 4325 3866
l 2804 2886
l 4385 2258
l 4426 4517
l 4430 4521
l 4438 4527
l 4441 2295
l 4461 4211
l 4464 3525
l 4484 2325
l 4690 2722
l 241 1954
l 1963 256
l 2037 2747
l 474 2049
l 484 2055
l 2062 495
l 569 2071
l 4091 2076
l 2108 2677
l 3781 2113
l 2115 811
l 2153 2428
l 997 2169
l 2173 2763
l 1084 2187
l 601 681
l 3853 2320
l 2327 2732
l 452 2645
l 4233 2392
l 3786 2402
l 951 2712
l 288 2481
l 2813 2482
l 2537 2686
l 2557 2697
l 2555 987
l 4455 2567
l 1013 2566
l 1027 2721
l 163 2600
l 4226 207
l 2627 367
l 2679 3139
l 2758 2684
l 2691 3567
l 4438 2698
l 3023 2703
l 2706 4034
l 3052 1157
l 3860 1174
l 3699 327
l 2822 591
l 2851 4239
l 2868 1078
l 2869 1019
l 1106 2872
l 2883 3543
l 2911 3277
l 2966 3470
l 3000 3558
l 3017 3372
l 3042 1063
l 3048 1085
l 3056 3573
l 4148 3073
l 3131 759
l 4472 3161
l 225 3276
l 3285 3452
l 797 3371
l 428 3468
l 3523 1100
l 3940 3534
l 4119 857
l 3938 3655
l 198 3674
l 209 3683
l 3832 1109
l 366 4165
l 4129 943
l 4441 4023
l 4461 1117
l 786 858
l 1046 4219
l 4246 1156
l 4339 361
