# Blender 4.5.0
# www.blender.org
mtllib rural_house_001.lod1.mtl
o rural_house_001
v 7.078008 1.141497 -2.117593
v 5.971720 1.802059 -2.512635
v 5.880502 1.285106 -2.178177
v 6.830681 1.802059 -2.512635
v 6.921898 1.285106 -2.178177
v 6.921898 1.302711 -5.120687
v 5.880502 1.302711 -5.120687
v 5.971720 1.804459 -4.771026
v 6.830681 1.804459 -4.771026
v 7.076326 1.208483 -2.435421
v 7.076326 1.208483 -4.875844
v 6.961305 1.813662 -4.695813
v 6.961305 1.813662 -2.605451
v 5.841095 1.813662 -2.605451
v 5.841095 1.813662 -4.695813
v 5.726073 1.208483 -4.875844
v 5.726073 1.208483 -2.435421
v -9.999452 0.115735 -10.000000
v -10.000000 -0.000001 -9.999105
v -10.000000 0.116285 9.999105
v 10.000000 0.000001 9.999105
v 9.999452 0.000548 -10.000000
v 9.999452 0.115736 10.000000
v 10.000000 0.116283 -9.999105
v -9.999452 0.000549 10.000000
v 9.851378 0.124981 9.851236
v -9.851378 0.124979 -9.851236
v -9.851378 0.126345 9.851236
v 9.851378 0.126343 -9.851236
v 3.298585 0.416409 -0.497687
v 3.298002 0.120491 -0.498487
v -7.698827 0.120492 7.499699
v -7.699409 0.120000 -0.497687
v 3.298002 0.415918 7.499698
v -7.699409 0.416409 7.498899
v -7.698827 0.415917 -0.498487
v 3.298585 0.120000 7.498899
v -7.448389 6.118151 -0.248537
v -7.449208 0.419757 -0.247622
v 3.047564 6.118152 7.249748
v -7.449208 6.118432 7.248833
v 3.047564 0.420037 -0.248536
v 3.048383 6.118431 -0.247622
v 3.048383 0.419758 7.248833
v -7.448389 0.420037 7.249749
v -7.951484 6.119981 7.846352
v -7.951487 6.119976 -0.845741
v -2.200444 8.169250 7.848320
v -2.200382 8.169249 -0.847108
v 3.550662 6.119977 7.846952
v 3.550659 6.119981 -0.845141
v -7.885268 6.094378 -0.852379
v -7.904262 6.168481 -0.849070
v -7.982319 6.054243 7.849759
v -7.950567 6.187665 7.850281
v -7.884995 6.144662 7.853680
v -7.981032 6.184445 -0.852470
v -8.016391 6.148695 7.853591
v -8.019700 6.119561 -0.847886
v -7.976143 6.051684 -0.848547
v -7.903528 6.071436 7.849098
v 3.616888 6.094379 -0.852379
v 3.597895 6.168481 -0.849069
v 3.526014 6.051684 -0.848548
v 3.521125 6.184445 -0.852470
v 3.519838 6.054243 7.849759
v 3.598629 6.071435 7.849097
v 3.617162 6.144660 7.853681
v 3.485767 6.148696 7.853590
v 3.482457 6.119561 -0.847887
v 3.551590 6.187665 7.850281
v -2.114853 8.137476 -0.853530
v -2.232410 8.082318 -0.848780
v -2.139038 8.233235 -0.849069
v -2.288625 8.170170 -0.847887
v -2.284295 8.207670 7.854739
v -2.240168 8.085534 7.849992
v -2.199488 8.258279 7.850281
v -2.238511 8.253941 -0.853642
v -2.138305 8.107899 7.849098
v -2.114512 8.202573 7.854852
v -7.974635 6.189453 -0.876636
v -7.930707 6.053854 -0.881829
v -2.179741 8.102984 -0.885427
v -7.949488 6.121054 -0.923356
v -2.225759 8.236502 -0.883503
v -2.219929 8.218810 -0.798637
v -7.967418 6.167852 -0.797136
v -7.951372 6.114042 -0.772399
v -2.187641 8.120711 -0.796350
v -2.200471 8.167765 -0.777716
v -2.202695 8.167811 -0.772319
v -2.202856 8.172182 -0.776974
v -2.196486 8.168776 -0.775872
v -2.218052 8.120225 -0.802489
v -2.183661 8.218008 -0.797858
v -2.175091 8.239710 -0.868764
v 3.565304 6.167558 -0.903779
v 3.573441 6.188839 -0.821328
v 3.544216 6.094057 -0.778802
v -2.226120 8.106218 -0.881829
v 3.542701 6.091067 -0.920648
v 3.525230 6.051799 -0.849223
v -2.197155 8.170547 -0.921143
v -2.206043 8.173257 -0.925848
v -2.178549 8.217660 -0.903762
v -7.947978 6.116784 7.924750
v -7.974635 6.189453 7.824870
v -7.933175 6.072653 7.798319
v -7.925718 6.050748 7.877100
v -2.180350 8.099647 7.816659
v -2.199657 8.174650 7.776076
v -2.201571 8.174108 7.776477
v -2.195866 8.169847 7.774193
v -2.201139 8.168511 7.781566
v -2.202695 8.167813 7.929187
v -2.202855 8.172183 7.924532
v -2.196486 8.168777 7.925634
v -7.954418 6.118899 7.786407
v -2.226265 8.238324 7.880192
v -7.967418 6.167852 7.904370
v -2.218051 8.120225 7.899017
v -2.178974 8.233966 7.894972
v 3.565317 6.167381 7.797717
v 3.573441 6.188840 7.880178
v -2.226120 8.106218 7.819678
v 3.543268 6.089730 7.782643
v -2.178714 8.217509 7.797611
v 3.544217 6.094059 7.922705
v 3.525230 6.051799 7.852283
v -7.955681 6.164738 -0.725352
v -7.932905 6.109781 -0.713717
v -2.187451 8.130076 -0.749399
v -2.197888 8.168590 -0.795026
v -2.199357 8.172397 -0.705112
v -7.930185 6.093317 -0.773842
v -2.216961 8.210081 -0.750833
v -7.946638 6.151465 -0.786835
v -2.189465 8.206497 -0.725353
v -2.190826 8.190494 -0.786835
v -2.214757 8.135002 -0.773841
v -2.206476 8.149490 -0.713717
v 3.552775 6.171054 -0.750833
v 3.542648 6.130710 -0.705112
v 3.541385 6.126828 -0.795026
v 3.525182 6.090368 -0.749398
v -2.197888 8.168590 -0.374953
v -2.199357 8.172397 -0.285040
v -7.930185 6.093317 -0.353770
v -2.187451 8.130076 -0.329326
v -7.946638 6.151465 -0.366762
v -2.216961 8.210081 -0.330760
v -7.955681 6.164738 -0.305280
v -7.932904 6.109781 -0.293644
v -2.189465 8.206497 -0.305280
v -2.214757 8.135002 -0.353768
v 3.541385 6.126828 -0.374953
v 3.525182 6.090368 -0.329325
v 3.552775 6.171054 -0.330760
v 3.542648 6.130710 -0.285039
v -2.190826 8.190494 -0.366762
v -2.206476 8.149490 -0.293644
v -7.955681 6.164738 0.114793
v -7.946638 6.151465 0.053311
v -2.197888 8.168590 0.045119
v -2.187451 8.130076 0.090747
v -2.199357 8.172397 0.135033
v -7.930185 6.093317 0.066303
v -2.216961 8.210081 0.089313
v -7.932904 6.109781 0.126429
v -2.189465 8.206497 0.114792
v -2.214757 8.135002 0.066305
v 3.541385 6.126828 0.045120
v 3.525182 6.090368 0.090748
v 3.542648 6.130710 0.135034
v -2.190826 8.190494 0.053310
v 3.552775 6.171054 0.089313
v -2.206476 8.149490 0.126428
v -7.946638 6.151465 0.473383
v -7.930185 6.093317 0.486376
v -7.932905 6.109781 0.546501
v -2.187451 8.130076 0.510819
v -2.216961 8.210081 0.509385
v -2.199357 8.172397 0.555106
v -2.197888 8.168590 0.465192
v -7.955681 6.164738 0.534866
v -2.189465 8.206497 0.534865
v -2.206476 8.149490 0.546501
v 3.541385 6.126828 0.465193
v 3.552775 6.171054 0.509386
v 3.542648 6.130710 0.555106
v -2.214757 8.135002 0.486377
v 3.525182 6.090368 0.510821
v -2.190826 8.190494 0.473383
v -7.932905 6.109781 0.966574
v -2.187451 8.130076 0.930892
v -7.930185 6.093317 0.906449
v -2.197888 8.168590 0.885265
v -7.946638 6.151465 0.893456
v -7.955681 6.164738 0.954938
v -2.216961 8.210081 0.929458
v -2.199357 8.172397 0.975179
v -2.189465 8.206497 0.954938
v -2.190826 8.190494 0.893456
v 3.541385 6.126828 0.885265
v 3.552775 6.171054 0.929458
v 3.542648 6.130710 0.975179
v -2.214757 8.135002 0.906450
v -2.206476 8.149490 0.966574
v 3.525182 6.090368 0.930893
v -7.932905 6.109781 1.386646
v -7.946638 6.151465 1.313529
v -7.930185 6.093317 1.326522
v -2.187451 8.130076 1.350965
v -2.216961 8.210081 1.349531
v -2.199357 8.172397 1.395251
v -2.197888 8.168590 1.305337
v -7.955681 6.164738 1.375011
v -2.189465 8.206497 1.375011
v -2.206476 8.149490 1.386646
v 3.525182 6.090368 1.350966
v -2.214757 8.135002 1.326523
v 3.541385 6.126828 1.305338
v -2.190826 8.190494 1.313529
v 3.542648 6.130710 1.395252
v 3.552775 6.171054 1.349531
v -7.955681 6.164738 1.795084
v -7.946638 6.151465 1.733601
v -7.930185 6.093317 1.746594
v -2.197888 8.168590 1.725410
v -2.199357 8.172397 1.815324
v -2.216961 8.210081 1.769603
v -7.932905 6.109781 1.806719
v -2.187451 8.130076 1.771038
v -2.189465 8.206497 1.795083
v 3.525182 6.090368 1.771039
v 3.541385 6.126828 1.725411
v 3.542648 6.130710 1.815325
v -2.214757 8.135002 1.746596
v -2.190826 8.190494 1.733601
v 3.552775 6.171054 1.769604
v -2.206476 8.149490 1.806719
v -7.946638 6.151465 2.153674
v -2.197888 8.168590 2.145483
v -2.216961 8.210081 2.189676
v -7.930185 6.093317 2.166667
v -2.187451 8.130076 2.191110
v -7.955681 6.164738 2.215158
v -2.199357 8.172397 2.235396
v -7.932904 6.109781 2.226793
v -2.190826 8.190494 2.153674
v 3.541386 6.126828 2.145484
v 3.525182 6.090368 2.191111
v 3.542649 6.130710 2.235396
v -2.214757 8.135002 2.166668
v -2.189465 8.206497 2.215158
v 3.552775 6.171054 2.189677
v -2.206476 8.149490 2.226792
v -7.955681 6.164738 2.635229
v -7.930185 6.093317 2.586740
v -2.187451 8.130076 2.611183
v -2.197888 8.168590 2.565555
v -2.216961 8.210081 2.609749
v -2.199358 8.172397 2.655470
v -7.946638 6.151465 2.573747
v -7.932904 6.109781 2.646865
v -2.206476 8.149491 2.646865
v -2.190826 8.190494 2.573747
v -2.214757 8.135001 2.586741
v 3.525182 6.090368 2.611184
v 3.552775 6.171054 2.609749
v 3.542648 6.130710 2.655470
v 3.541385 6.126828 2.565556
v -2.189465 8.206497 2.635228
v -7.955682 6.164737 3.055303
v -7.946638 6.151466 2.993820
v -2.197887 8.168589 2.985630
v -2.216961 8.210081 3.029822
v -2.199357 8.172397 3.075542
v -7.930184 6.093317 3.006811
v -7.932904 6.109781 3.066938
v -2.187451 8.130076 3.031256
v -2.189466 8.206496 3.055302
v -2.190826 8.190494 2.993819
v -2.214757 8.135001 3.006812
v 3.525182 6.090368 3.031257
v 3.541386 6.126827 2.985631
v 3.542649 6.130710 3.075542
v 3.552775 6.171054 3.029822
v -2.206476 8.149491 3.066937
v -7.955682 6.164738 3.475377
v -7.946638 6.151465 3.413892
v -2.197888 8.168590 3.405701
v -2.187451 8.130076 3.451328
v -7.930185 6.093317 3.426885
v -2.216961 8.210081 3.449894
v -7.932904 6.109781 3.487010
v -2.199357 8.172397 3.495614
v 3.541386 6.126828 3.405702
v 3.525182 6.090368 3.451329
v -2.214757 8.135002 3.426886
v -2.190826 8.190494 3.413892
v 3.552775 6.171054 3.449895
v -2.189466 8.206496 3.475376
v 3.542649 6.130710 3.495614
v -2.206476 8.149490 3.487010
v -7.955682 6.164738 3.895447
v -7.932904 6.109782 3.907083
v -7.946638 6.151465 3.833965
v -7.930185 6.093317 3.846958
v -2.216961 8.210081 3.869967
v -2.199358 8.172397 3.915688
v -2.187451 8.130076 3.871401
v -2.197888 8.168590 3.825774
v 3.541385 6.126829 3.825774
v -2.214757 8.135001 3.846959
v 3.525182 6.090368 3.871402
v -2.190826 8.190494 3.833965
v -2.189465 8.206497 3.895447
v 3.552775 6.171054 3.869967
v -2.206476 8.149490 3.907083
v 3.542648 6.130711 3.915689
v -7.946638 6.151465 4.254037
v -7.930185 6.093316 4.267032
v -2.199357 8.172396 4.335761
v -2.197887 8.168590 4.245847
v -2.216961 8.210081 4.290040
v -7.955681 6.164738 4.315520
v -2.187451 8.130076 4.291474
v -7.932905 6.109782 4.327156
v -2.189466 8.206496 4.315520
v -2.214757 8.135002 4.267033
v 3.525181 6.090368 4.291475
v 3.541386 6.126828 4.245847
v 3.552775 6.171054 4.290040
v -2.190826 8.190494 4.254038
v 3.542648 6.130710 4.335761
v -2.206476 8.149490 4.327156
v -7.932905 6.109782 4.747228
v -7.955682 6.164738 4.735593
v -7.946638 6.151465 4.674111
v -2.187451 8.130076 4.711546
v -2.199356 8.172396 4.755833
v -7.930185 6.093316 4.687104
v -2.197888 8.168590 4.665920
v -2.216961 8.210081 4.710113
v -2.189466 8.206496 4.735593
v -2.206476 8.149490 4.747228
v 3.541386 6.126828 4.665920
v -2.214757 8.135002 4.687105
v -2.190826 8.190494 4.674111
v 3.542649 6.130710 4.755834
v 3.552775 6.171054 4.710113
v 3.525181 6.090368 4.711547
v -7.955682 6.164738 5.155666
v -7.932905 6.109782 5.167301
v -7.930185 6.093316 5.107175
v -2.197886 8.168589 5.085994
v -2.187451 8.130076 5.131619
v -2.216961 8.210081 5.130186
v -7.946639 6.151466 5.094183
v -2.199356 8.172396 5.175906
v -2.189466 8.206496 5.155666
v -2.190826 8.190495 5.094183
v -2.214757 8.135002 5.107175
v 3.541386 6.126827 5.085994
v 3.542649 6.130710 5.175907
v 3.552775 6.171054 5.130185
v -2.206476 8.149490 5.167301
v 3.525182 6.090368 5.131620
v -7.932905 6.109782 5.587374
v -7.930186 6.093317 5.527247
v -2.197887 8.168589 5.506066
v -7.946638 6.151466 5.514256
v -2.216961 8.210081 5.550259
v -7.955681 6.164738 5.575738
v -2.199357 8.172396 5.595979
v -2.187451 8.130076 5.551692
v -2.189466 8.206496 5.575738
v -2.214757 8.135002 5.527248
v 3.541386 6.126828 5.506066
v 3.542648 6.130709 5.595980
v 3.552775 6.171054 5.550259
v -2.190825 8.190494 5.514256
v -2.206476 8.149490 5.587374
v 3.525182 6.090368 5.551693
v -7.932904 6.109781 6.007447
v -7.946638 6.151465 5.934328
v -7.930185 6.093317 5.947322
v -2.187451 8.130076 5.971765
v -2.197887 8.168590 5.926137
v -2.216961 8.210081 5.970330
v -7.955681 6.164738 5.995811
v -2.199357 8.172397 6.016051
v -2.189465 8.206497 5.995811
v 3.525182 6.090368 5.971766
v -2.214757 8.135002 5.947323
v 3.541386 6.126828 5.926138
v 3.552775 6.171054 5.970331
v -2.190826 8.190494 5.934329
v 3.542649 6.130710 6.016051
v -2.206476 8.149490 6.007447
v -7.955681 6.164739 6.415885
v -2.197887 8.168591 6.346210
v -2.216961 8.210083 6.390404
v -2.199356 8.172399 6.436122
v -7.930185 6.093317 6.367395
v -7.946638 6.151465 6.354402
v -7.932904 6.109781 6.427519
v -2.187451 8.130077 6.391838
v 3.542649 6.130710 6.436122
v 3.525181 6.090368 6.391839
v -2.214757 8.135003 6.367395
v 3.541386 6.126828 6.346211
v -2.190826 8.190495 6.354402
v 3.552774 6.171054 6.390404
v -2.189464 8.206498 6.415885
v -2.206476 8.149490 6.427519
v -7.946638 6.151465 6.774474
v -7.932905 6.109781 6.847592
v -2.187451 8.130077 6.811910
v -2.197887 8.168591 6.766283
v -2.199356 8.172399 6.856195
v -7.930185 6.093316 6.787468
v -2.216961 8.210083 6.810476
v -7.955681 6.164738 6.835958
v -2.206477 8.149490 6.847592
v -2.189465 8.206497 6.835958
v -2.214757 8.135003 6.787468
v 3.542649 6.130710 6.856195
v 3.541386 6.126828 6.766284
v -2.190826 8.190495 6.774474
v 3.552774 6.171054 6.810476
v 3.525181 6.090368 6.811912
v -2.187451 8.130077 7.231983
v -2.199357 8.172398 7.276269
v -7.930185 6.093316 7.207541
v -2.197888 8.168591 7.186356
v -7.946638 6.151465 7.194547
v -7.955681 6.164738 7.256029
v -2.216961 8.210083 7.230549
v -7.932905 6.109782 7.267664
v -2.189466 8.206497 7.256029
v -2.190826 8.190495 7.194547
v 3.541386 6.126828 7.186357
v -2.214757 8.135002 7.207541
v 3.542648 6.130710 7.276270
v 3.552774 6.171054 7.230549
v -2.206476 8.149491 7.267664
v 3.525181 6.090368 7.231984
v -7.955681 6.164738 7.676102
v -7.932905 6.109782 7.687737
v -7.930185 6.093316 7.627611
v -2.197886 8.168590 7.606431
v -2.187451 8.130077 7.652056
v -2.199356 8.172398 7.696342
v -7.946638 6.151467 7.614619
v -2.216961 8.210083 7.650621
v -2.206476 8.149491 7.687737
v -2.214757 8.135003 7.627612
v 3.552775 6.171054 7.650621
v 3.525181 6.090368 7.652057
v 3.541386 6.126827 7.606431
v -2.190825 8.190495 7.614619
v -2.189466 8.206497 7.676101
v 3.542649 6.130710 7.696343
v -6.918628 0.970578 -0.211694
v -4.683548 2.556718 -0.211694
v -6.919284 2.557138 -0.212594
v -4.682891 2.557138 -0.357505
v -6.918628 2.556718 -0.358405
v -4.683548 0.970578 -0.358405
v -6.919284 0.970157 -0.357505
v -4.682892 0.970157 -0.212594
v -6.852410 2.489748 -0.376247
v -6.852410 1.037548 -0.373883
v -4.749765 2.489748 -0.373883
v -4.749765 1.037548 -0.376247
v -6.849299 2.533083 -0.436951
v -6.853271 1.004215 -0.436951
v -6.853271 2.533083 -0.373190
v -6.849299 1.004215 -0.373189
v -5.799101 2.533083 -0.436951
v -5.799101 1.004215 -0.373190
v -5.803074 2.533083 -0.373189
v -5.803074 1.004215 -0.436951
v -4.752877 2.533083 -0.373189
v -4.752877 1.004215 -0.436951
v -4.748905 1.004215 -0.373189
v -4.748905 2.533083 -0.436951
v -6.963122 1.007858 -0.544206
v -4.639054 0.928966 -0.544206
v -6.963926 0.928958 -0.543772
v -6.963122 0.928966 -0.305941
v -4.638250 0.928958 -0.306376
v -6.963926 1.007866 -0.306376
v -4.638250 1.007866 -0.543772
v -4.639054 1.007858 -0.305941
v -3.317953 2.556718 -0.358405
v -1.082217 2.557138 -0.357505
v -1.082873 2.556718 -0.211694
v -1.082217 0.970157 -0.212594
v -3.318609 2.557139 -0.212594
v -3.318609 0.970157 -0.357504
v -1.082873 0.970578 -0.358405
v -3.317952 0.970578 -0.211694
v -1.149090 1.037548 -0.376247
v -3.251735 1.037548 -0.373883
v -3.251735 2.489748 -0.376247
v -1.149090 2.489748 -0.373883
v -3.252596 1.004215 -0.436951
v -3.252596 2.533083 -0.373190
v -3.248623 1.004215 -0.373189
v -3.248623 2.533083 -0.436951
v -2.198426 2.533083 -0.436951
v -2.202400 1.004215 -0.436951
v -2.202400 2.533083 -0.373190
v -2.198426 1.004215 -0.373189
v -1.152202 2.533083 -0.373189
v -1.148229 2.533083 -0.436951
v -1.152202 1.004215 -0.436951
v -1.148229 1.004215 -0.373189
v -1.037575 1.007866 -0.543772
v -1.038379 1.007857 -0.305941
v -3.362447 1.007858 -0.544206
v -3.363251 0.928958 -0.543772
v -3.362447 0.928966 -0.305941
v -1.037575 0.928958 -0.306376
v -1.038379 0.928966 -0.544206
v -3.363251 1.007866 -0.306376
v 2.517802 0.970577 -0.358404
v 0.282723 2.556718 -0.358405
v 0.282067 2.557138 -0.212594
v 0.282723 0.970578 -0.211694
v 0.282067 0.970157 -0.357505
v 2.517802 2.556718 -0.211695
v 2.518459 0.970157 -0.212594
v 2.518459 2.557139 -0.357505
v 2.451585 1.037548 -0.376247
v 0.348940 2.489748 -0.376247
v 0.348940 1.037548 -0.373883
v 2.451585 2.489748 -0.373883
v 0.348080 1.004215 -0.436951
v 0.352052 1.004215 -0.373189
v 0.348079 2.533083 -0.373189
v 0.352052 2.533083 -0.436951
v 1.398276 2.533083 -0.373189
v 1.402249 1.004215 -0.373189
v 1.402249 2.533083 -0.436951
v 1.398276 1.004215 -0.436951
v 2.452447 2.533083 -0.436951
v 2.448473 2.533083 -0.373189
v 2.452447 1.004215 -0.373190
v 2.448473 1.004215 -0.436951
v 0.238229 1.007858 -0.544206
v 2.562296 0.928966 -0.544206
v 2.562296 1.007857 -0.305941
v 2.563101 0.928958 -0.306376
v 0.237424 1.007866 -0.306376
v 0.238229 0.928966 -0.305941
v 2.563101 1.007866 -0.543772
v 0.237424 0.928958 -0.543772
v -6.918627 5.257519 -0.358405
v -4.682892 5.257940 -0.357505
v -4.683548 3.671379 -0.358405
v -4.683548 5.257519 -0.211695
v -6.919284 5.257940 -0.212594
v -6.919284 3.670958 -0.357505
v -4.682892 3.670958 -0.212594
v -6.918627 3.671378 -0.211695
v -6.852410 5.190548 -0.376248
v -4.749765 5.190548 -0.373883
v -6.852410 3.738348 -0.373883
v -4.749765 3.738349 -0.376248
v -6.853271 5.233884 -0.373190
v -6.849299 5.233884 -0.436951
v -6.849299 3.705016 -0.373190
v -6.853271 3.705016 -0.436951
v -5.803074 5.233884 -0.373190
v -5.803074 3.705016 -0.436951
v -5.799101 5.233884 -0.436951
v -5.799101 3.705016 -0.373190
v -4.748905 5.233884 -0.436951
v -4.748905 3.705016 -0.373189
v -4.752877 3.705016 -0.436951
v -4.752877 5.233884 -0.373190
v -6.963122 3.708658 -0.544206
v -6.963926 3.708667 -0.306376
v -4.639054 3.708658 -0.305942
v -4.638250 3.629759 -0.306376
v -4.638250 3.708667 -0.543772
v -4.639054 3.629767 -0.544206
v -6.963926 3.629758 -0.543772
v -6.963122 3.629767 -0.305942
v -3.317952 5.257519 -0.358405
v -3.317952 3.671378 -0.211695
v -1.082873 5.257519 -0.211695
v -1.082217 3.670958 -0.212594
v -1.082873 3.671378 -0.358405
v -3.318608 5.257940 -0.212594
v -1.082217 5.257940 -0.357505
v -3.318609 3.670958 -0.357505
v -1.149090 5.190548 -0.373883
v -1.149090 3.738349 -0.376247
v -3.251735 3.738349 -0.373883
v -3.251735 5.190548 -0.376248
v -3.248623 5.233884 -0.436951
v -3.248623 3.705016 -0.373190
v -3.252596 3.705016 -0.436951
v -3.252596 5.233884 -0.373190
v -2.198426 5.233884 -0.436951
v -2.198426 3.705016 -0.373189
v -2.202400 5.233884 -0.373190
v -2.202400 3.705016 -0.436951
v -1.152202 3.705016 -0.436951
v -1.148229 3.705016 -0.373190
v -1.152202 5.233884 -0.373190
v -1.148229 5.233884 -0.436951
v -3.363251 3.629758 -0.543772
v -3.362447 3.629767 -0.305942
v -1.038379 3.708658 -0.305942
v -1.037575 3.629758 -0.306376
v -3.362447 3.708658 -0.544206
v -1.037575 3.708667 -0.543772
v -1.038379 3.629767 -0.544206
v -3.363251 3.708667 -0.306376
v 0.282067 5.257940 -0.212594
v 0.282723 3.671378 -0.211695
v 2.518458 3.670958 -0.212594
v 2.517802 5.257519 -0.211695
v 2.517802 3.671378 -0.358405
v 2.518458 5.257940 -0.357505
v 0.282723 5.257519 -0.358405
v 0.282067 3.670958 -0.357505
v 0.348940 5.190548 -0.376248
v 2.451585 3.738349 -0.376247
v 0.348940 3.738349 -0.373883
v 2.451586 5.190548 -0.373883
v 0.348080 5.233884 -0.373190
v 0.352052 5.233884 -0.436951
v 0.348080 3.705016 -0.436951
v 0.352052 3.705016 -0.373190
v 1.402249 5.233884 -0.436951
v 1.398276 3.705016 -0.436951
v 1.398276 5.233884 -0.373190
v 1.402249 3.705016 -0.373189
v 2.448473 3.705016 -0.436951
v 2.452447 5.233884 -0.436951
v 2.452447 3.705016 -0.373190
v 2.448473 5.233884 -0.373190
v 0.238229 3.708658 -0.544206
v 2.562296 3.629767 -0.544206
v 2.562296 3.708658 -0.305942
v 0.237424 3.708667 -0.306376
v 0.237424 3.629758 -0.543772
v 0.238229 3.629767 -0.305942
v 2.563101 3.708667 -0.543772
v 2.563101 3.629758 -0.306376
v -3.027325 2.536877 -0.377497
v -4.673686 2.536230 -0.378395
v -3.027759 0.290857 -0.378395
v -3.027758 2.536231 -0.241712
v -4.674119 0.290211 -0.377496
v -4.673686 0.290857 -0.241712
v -3.027325 0.290211 -0.242611
v -4.674119 2.536877 -0.242611
v -3.098978 0.356277 -0.401478
v -4.602467 0.356277 -0.398661
v -4.602467 2.460808 -0.401478
v -3.098978 2.460808 -0.398660
v -3.848705 2.463057 -0.459377
v -3.852739 0.354029 -0.459377
v -3.852739 2.463056 -0.400773
v -3.848705 0.354029 -0.400772
v -3.968630 1.116122 -0.455846
v -3.972860 1.520909 -0.455846
v -3.968629 1.520909 -0.524324
v -3.972860 1.116122 -0.524324
v -3.728585 1.520909 -0.524324
v -3.732815 1.116122 -0.524324
v -3.732815 1.520909 -0.455846
v -3.728585 1.116122 -0.455846
v -7.449661 0.596847 -1.197868
v -7.450476 0.419222 -1.196841
v -7.449660 0.419704 -0.302391
v 3.049650 0.419223 -0.303419
v 3.048836 0.419704 -1.197868
v -7.450475 0.597328 -0.303419
v 3.048835 0.596847 -0.302391
v 3.049650 0.597328 -1.196841
v -7.698216 3.037838 -1.599385
v 3.297391 3.037837 -0.000892
v -7.698899 3.037928 -0.001275
v 3.298074 3.037927 -1.599003
v 3.297391 2.920178 -1.599385
v 3.298074 2.920089 -0.001275
v -7.698899 2.920088 -1.599003
v -7.698216 2.920178 -0.000892
v -7.138762 2.916566 -1.136928
v -7.263938 2.916566 -1.263488
v -7.138214 2.917114 -1.262593
v -7.138762 0.420673 -1.263488
v -7.264487 2.917114 -1.137823
v -7.264487 0.420125 -1.262593
v -7.138215 0.420125 -1.137823
v -7.263939 0.420673 -1.136928
v 2.863113 0.420673 -1.263488
v 2.863113 2.916566 -1.136928
v 2.863662 0.420125 -1.137823
v 2.737389 2.917114 -1.137823
v 2.737937 2.916566 -1.263488
v 2.737389 0.420125 -1.262593
v 2.737937 0.420673 -1.136928
v 2.863662 2.917114 -1.262593
v -7.575324 1.221007 6.520028
v -7.427148 2.605759 4.882046
v -7.427490 2.606378 6.520028
v -7.427148 1.221626 6.519928
v -7.575324 2.606378 4.881946
v -7.575665 2.605759 6.519928
v -7.575665 1.221626 4.882047
v -7.427490 1.221007 4.881947
v -7.592571 2.539898 6.452240
v -7.590276 1.287487 6.452240
v -7.590276 2.539898 4.949734
v -7.592572 1.287487 4.949734
v -7.653310 2.583098 6.449131
v -7.653310 1.254290 6.453104
v -7.589548 1.254290 6.449131
v -7.589548 2.583098 6.453103
v -7.653310 1.254290 5.702974
v -7.589548 1.254290 5.699001
v -7.589548 2.583098 5.702973
v -7.653310 2.583098 5.699001
v -7.653310 2.583098 4.948871
v -7.589548 2.583098 4.952844
v -7.653310 1.254290 4.952844
v -7.589548 1.254290 4.948871
v -7.760457 1.257860 6.562983
v -7.759995 1.257896 4.838176
v -7.522409 1.257860 4.838991
v -7.522409 1.179113 6.562984
v -7.522872 1.179077 4.838175
v -7.522872 1.257896 6.563798
v -7.759995 1.179077 6.563798
v -7.760457 1.179113 4.838991
v -7.575665 2.605759 2.119165
v -7.427490 2.606378 2.119266
v -7.575324 1.221007 2.119266
v -7.427148 1.221626 2.119165
v -7.575324 2.606377 0.481184
v -7.427490 1.221007 0.481185
v -7.427148 2.605758 0.481285
v -7.575665 1.221626 0.481285
v -7.592572 2.539898 2.051478
v -7.590276 1.287487 2.051478
v -7.590276 2.539897 0.548972
v -7.592572 1.287486 0.548972
v -7.589548 2.583098 2.052341
v -7.653310 2.583098 2.048368
v -7.653310 1.254290 2.052341
v -7.589548 1.254290 2.048368
v -7.589548 2.583098 1.302211
v -7.653310 2.583098 1.298239
v -7.589548 1.254290 1.298239
v -7.653310 1.254290 1.302211
v -7.653310 1.254290 0.552081
v -7.589548 1.254289 0.548109
v -7.589548 2.583098 0.552081
v -7.653310 2.583098 0.548109
v -7.760457 1.257860 2.162221
v -7.759995 1.257896 0.437414
v -7.760457 1.179113 0.438229
v -7.522409 1.179113 2.162222
v -7.522872 1.179077 0.437414
v -7.522872 1.257896 2.163036
v -7.522409 1.257859 0.438228
v -7.759995 1.179077 2.163036
v 3.174840 1.221626 2.119165
v 3.174840 2.605758 0.481285
v 3.174498 1.221007 0.481185
v 3.026664 2.606377 0.481184
v 3.026323 1.221626 0.481285
v 3.026323 2.605759 2.119165
v 3.174498 2.606378 2.119265
v 3.026664 1.221007 2.119266
v 3.191746 2.539898 0.548972
v 3.189450 2.539898 2.051478
v 3.191746 1.287487 2.051478
v 3.189450 1.287486 0.548972
v 3.188723 1.254290 0.552082
v 3.252485 2.583098 0.552081
v 3.188723 2.583097 0.548109
v 3.252485 1.254290 0.548109
v 3.252485 2.583098 1.302211
v 3.252485 1.254290 1.298239
v 3.188723 2.583097 1.298238
v 3.188723 1.254290 1.302211
v 3.252485 1.254290 2.048368
v 3.188723 2.583097 2.048368
v 3.252485 2.583098 2.052341
v 3.188723 1.254290 2.052341
v 3.359632 1.257859 0.438229
v 3.359169 1.257896 2.163036
v 3.359169 1.179077 0.437414
v 3.121583 1.179113 0.438229
v 3.359632 1.179113 2.162222
v 3.122046 1.257896 0.437414
v 3.121583 1.257860 2.162221
v 3.122046 1.179077 2.163036
v 3.174498 2.606378 6.520028
v 3.174840 1.221626 6.519928
v 3.026323 2.605759 6.519928
v 3.026664 2.606378 4.881947
v 3.026323 1.221627 4.882047
v 3.026664 1.221007 6.520028
v 3.174840 2.605759 4.882047
v 3.174498 1.221007 4.881947
v 3.191746 2.539898 4.949734
v 3.189451 1.287487 4.949734
v 3.191746 1.287487 6.452240
v 3.189451 2.539898 6.452240
v 3.252485 1.254290 4.948871
v 3.188723 2.583098 4.948870
v 3.188723 1.254290 4.952844
v 3.252485 2.583098 4.952844
v 3.188723 2.583098 5.699000
v 3.252485 2.583098 5.702973
v 3.188723 1.254290 5.702974
v 3.252485 1.254290 5.699001
v 3.252485 2.583098 6.453103
v 3.188723 2.583098 6.449130
v 3.252485 1.254290 6.449131
v 3.188723 1.254290 6.453104
v 3.359632 1.179113 6.562984
v 3.121583 1.179113 4.838991
v 3.122046 1.257896 4.838176
v 3.121583 1.257860 6.562983
v 3.122046 1.179077 6.563798
v 3.359169 1.257896 6.563798
v 3.359632 1.257860 4.838991
v 3.359169 1.179077 4.838176
v -7.267912 0.235543 7.307059
v -7.266468 5.721568 7.307648
v -7.301904 5.722475 7.389120
v -7.342916 5.717930 7.321602
v -7.344655 0.240088 7.325799
v -7.300467 0.236449 7.389724
v 2.901447 0.236449 7.389724
v 2.857257 0.240087 7.325800
v 2.934000 0.235543 7.307058
v 2.935446 5.721569 7.307648
v 2.900010 5.722475 7.389120
v 2.858995 5.717929 7.321603
v -1.802732 0.570361 7.271881
v -2.598356 0.569937 7.272168
v -2.598355 2.367184 7.390371
v -1.802469 2.367184 7.272168
v -1.802732 2.366760 7.390657
v -2.598093 2.366759 7.271881
v -1.802470 0.569937 7.390371
v -2.598093 0.570362 7.390658
v -1.227228 1.915887 7.415193
v -1.573298 1.915886 7.247346
v -1.573298 1.421354 7.415193
v -1.226880 1.916521 7.247767
v -1.226880 1.420719 7.414772
v -1.573645 1.916521 7.414772
v -1.573645 1.420720 7.247767
v -1.227228 1.421354 7.247346
v -4.704021 0.777270 -9.482150
v -9.699385 0.777129 -9.482526
v -9.699385 0.129388 -9.720798
v -4.703316 0.777129 -9.720798
v -4.703316 0.129388 -9.482526
v -9.698681 0.777271 -9.721174
v -4.704021 0.129247 -9.721174
v -9.698681 0.129246 -9.482150
v 2.402281 0.775358 -9.720389
v 2.401960 0.775997 -9.483499
v 2.401960 0.130519 -9.719826
v 9.600290 0.130520 -9.483499
v 9.599970 0.131158 -9.720389
v 9.599970 0.775358 -9.482935
v 9.600290 0.775998 -9.719826
v 2.402281 0.131159 -9.482935
v -9.826135 1.227672 -4.153832
v -9.377721 1.226780 -4.152757
v -9.825880 0.129871 -4.152757
v -9.377466 0.128979 -4.153833
v -9.826135 0.128979 -7.848245
v -9.377466 1.227672 -7.848245
v -9.825880 1.226780 -7.849321
v -9.377721 0.129871 -7.849321
v -9.377721 1.226780 -0.152064
v -9.825880 0.129872 -0.152064
v -9.826135 1.227672 -0.153140
v -9.825880 1.226780 -3.848629
v -9.377466 1.227672 -3.847552
v -9.826135 0.128979 -3.847552
v -9.377722 0.129871 -3.848628
v -9.377466 0.128979 -0.153140
v -9.377466 1.227672 0.153140
v -9.825879 0.129872 3.848628
v -9.377466 0.128980 3.847552
v -9.825880 1.226780 0.152064
v -9.826135 0.128980 0.153140
v -9.826135 1.227673 3.847552
v -9.377722 1.226781 3.848628
v -9.377721 0.129872 0.152064
v -9.825880 1.226781 4.152757
v -9.377721 0.129871 4.152757
v -9.377722 1.226781 7.849321
v -9.826135 1.227673 7.848245
v -9.377466 0.128980 7.848245
v -9.826135 0.128980 4.153832
v -9.825880 0.129872 7.849320
v -9.377466 1.227673 4.153833
v 9.199611 0.130498 -0.248089
v 4.002379 0.276517 8.248485
v 4.002866 0.130499 8.249474
v 4.002379 0.129854 -0.247099
v 9.199611 0.275872 8.249475
v 9.200097 0.129855 8.248485
v 9.200097 0.276516 -0.247100
v 4.002866 0.275872 -0.248089
v 4.203257 3.577335 1.602230
v 4.203257 0.280059 7.399328
v 4.202496 0.279675 1.603299
v 8.999219 3.577335 7.399327
v 4.202496 3.577719 7.398260
v 8.999979 3.577719 1.603298
v 8.999218 0.280058 1.602231
v 8.999979 0.279675 7.398260
v 9.201723 3.579227 1.404647
v 4.000752 3.579227 7.596910
v 4.000753 3.579223 1.404653
v 6.601772 4.378438 1.402912
v 6.600703 4.378438 7.598646
v 9.201722 3.579223 7.596904
v 3.976099 3.510929 1.401842
v 3.932541 3.578808 1.402503
v 3.971210 3.643692 1.397920
v 4.047980 3.627728 1.401321
v 3.935851 3.607944 7.603546
v 3.969922 3.513489 7.599715
v 4.048713 3.530683 7.599054
v 4.067247 3.603907 7.603638
v 4.001674 3.646911 7.600237
v 4.066972 3.553625 1.398009
v 9.267948 3.553626 1.398009
v 9.177073 3.510929 1.401843
v 9.133518 3.578808 1.402503
v 9.248955 3.627728 1.401321
v 9.202649 3.646911 7.600237
v 9.170897 3.513489 7.599715
v 9.249688 3.530683 7.599054
v 9.172182 3.643692 1.397920
v 9.136827 3.607942 7.603548
v 9.268223 3.603907 7.603637
v 6.686798 4.346351 1.396860
v 6.569242 4.291194 1.401609
v 6.662612 4.442111 1.401321
v 6.563139 4.462815 1.396746
v 6.602162 4.467153 7.600237
v 6.517356 4.416545 7.604698
v 6.663346 4.316774 7.599054
v 6.513026 4.379045 1.402503
v 6.561482 4.294410 7.599948
v 6.687139 4.411448 7.604810
v 3.986945 3.627753 1.453254
v 3.980685 3.649650 1.373755
v 6.601500 4.380875 1.322145
v 6.578390 4.448270 1.429073
v 6.599169 4.376553 1.478167
v 6.598863 4.381158 1.473438
v 6.605236 4.377827 1.474519
v 6.605899 4.380543 1.314999
v 4.018607 3.512251 1.368562
v 6.605680 4.379717 1.317388
v 6.604493 4.376255 1.325725
v 6.603690 4.381485 1.328041
v 6.606112 4.376572 1.323507
v 4.000613 3.573284 1.477989
v 6.615654 4.309997 1.443431
v 6.582994 4.307152 1.434767
v 6.590616 4.328947 1.346612
v 9.214867 3.629590 1.451741
v 9.179093 3.510469 1.369745
v 6.624251 4.448980 1.373754
v 9.220990 3.647047 1.367182
v 9.199670 3.575509 1.327192
v 9.196418 3.553044 1.471589
v 4.000613 3.573285 7.679061
v 6.578390 4.448271 7.630147
v 4.018607 3.512252 7.569635
v 6.605899 4.380543 7.516071
v 6.601499 4.380876 7.523219
v 3.980685 3.649650 7.574828
v 6.605680 4.379717 7.518461
v 6.604493 4.376255 7.526798
v 3.986945 3.627754 7.654327
v 6.615654 4.309997 7.644504
v 6.601112 4.376575 7.673767
v 6.603689 4.381486 7.529114
v 6.606112 4.376572 7.524580
v 6.590616 4.328948 7.547685
v 9.179093 3.510470 7.570818
v 9.196420 3.553045 7.672662
v 9.220990 3.647048 7.568255
v 6.624251 4.448980 7.574828
v 6.607810 4.388689 7.675869
v 9.214867 3.629591 7.652814
v 6.599169 4.376553 7.679241
v 6.598863 4.381159 7.674511
v 6.605236 4.377827 7.675591
v 6.582994 4.307153 7.635843
v 8.348981 0.380496 1.531964
v 4.853494 3.176809 1.531964
v 4.852874 3.177277 1.607683
v 4.852874 0.380028 1.532861
v 4.853494 0.380496 1.608580
v 8.349603 3.177277 1.532860
v 8.348982 3.176809 1.608580
v 8.349603 0.380028 1.607683
v 4.875628 3.181741 1.518746
v 4.926211 0.375564 1.518746
v 4.875628 0.375563 1.521782
v 4.926211 3.181741 1.521782
v 5.175683 3.181741 1.518746
v 5.226266 3.181741 1.521782
v 5.226266 0.375563 1.518746
v 5.175683 0.375564 1.521782
v 5.526323 0.375564 1.518746
v 5.475740 3.181741 1.518746
v 5.475740 0.375564 1.521782
v 5.526323 3.181741 1.521782
v 5.775797 3.181741 1.518746
v 5.826380 0.375564 1.518746
v 5.775797 0.375563 1.521782
v 5.826380 3.181741 1.521782
v 6.075852 3.181741 1.518746
v 6.075852 0.375563 1.521782
v 6.126435 3.181741 1.521782
v 6.126435 0.375563 1.518746
v 6.375909 0.375563 1.521782
v 6.375909 3.181741 1.518746
v 6.426492 3.181741 1.521782
v 6.426492 0.375564 1.518746
v 6.675965 0.375564 1.521782
v 6.675965 3.181741 1.518746
v 6.726548 0.375563 1.518746
v 6.726548 3.181741 1.521782
v 6.976021 3.181741 1.518746
v 7.026605 0.375564 1.518746
v 6.976021 0.375564 1.521782
v 7.026605 3.181741 1.521782
v 7.276078 0.375563 1.521782
v 7.276078 3.181741 1.518746
v 7.326661 3.181741 1.521782
v 7.326661 0.375564 1.518746
v 7.626717 3.181741 1.521782
v 7.576134 3.181741 1.518746
v 7.626717 0.375563 1.518746
v 7.576134 0.375563 1.521782
v 7.926774 3.181741 1.521782
v 7.876190 3.181741 1.518746
v 7.926774 0.375564 1.518746
v 7.876190 0.375563 1.521782
v 8.176246 3.181741 1.518746
v 8.226829 3.181741 1.521782
v 8.226829 0.375564 1.518745
v 8.176246 0.375564 1.521782
v 5.811628 0.439022 -2.178078
v 6.990773 0.439022 -5.023169
v 5.810935 0.438991 -5.022183
v 6.991466 0.637577 -5.022183
v 6.991466 0.438991 -2.179063
v 5.811628 0.637546 -5.023169
v 5.810935 0.637577 -2.179063
v 6.990772 0.637547 -2.178078
v 7.040353 0.723021 -1.906107
v 5.861912 1.047796 -1.906543
v 5.860867 0.648725 -1.907068
v 5.843137 1.040969 -5.295371
v 6.975936 0.722820 -5.294312
v 6.974968 1.021343 -5.299335
v 7.041128 0.578849 -2.156034
v 5.760828 0.721057 -1.907238
v 5.661843 1.069807 -2.155998
v 5.761420 0.974639 -1.907114
v 7.039559 1.177553 -2.152957
v 5.761250 1.177931 -2.155740
v 7.041072 0.977132 -1.907074
v 6.941373 1.047990 -1.905755
v 7.140548 0.686810 -2.156213
v 6.942050 0.649177 -1.908071
v 7.040511 0.579708 -5.095501
v 5.762868 0.579103 -2.151454
v 5.661211 0.686621 -2.155379
v 5.662674 1.070282 -5.096848
v 7.141194 1.070158 -2.155384
v 5.762559 0.579051 -5.095616
v 5.832245 0.735293 -5.298456
v 5.661989 0.686541 -5.094514
v 7.039841 1.177719 -5.095617
v 5.761869 1.177082 -5.095469
v 7.140412 1.070247 -5.094500
v 7.139740 0.686494 -5.096827
v 5.737124 1.169456 -2.125382
v 5.736434 1.119577 -2.124343
v 5.734131 1.127815 -5.174337
v 7.065603 1.189317 -5.175678
v 6.850780 1.149411 -2.564799
v 5.851803 1.278355 -2.565304
v 5.851558 1.736834 -2.563967
v 6.972034 1.110166 -2.128509
v 5.951608 1.149410 -4.716521
v 5.952660 1.148875 -2.565244
v 5.852193 1.276539 -4.718624
v 5.951352 1.866355 -2.565557
v 5.852153 1.739477 -4.714297
v 5.950908 1.866981 -4.716389
v 6.852533 1.867200 -2.565630
v 6.950272 1.739396 -2.566835
v 6.950204 1.276499 -2.562640
v 6.950589 1.278346 -4.715959
v 5.830011 1.109935 -5.173638
v 6.849649 1.148799 -4.715939
v 5.739329 1.208016 -5.174680
v 6.852552 1.866966 -4.716024
v 6.950387 1.738004 -4.715629
v 7.066204 1.122443 -5.175263
v 7.056931 1.171182 -3.649364
v 6.976005 1.873593 -3.627731
v 6.954406 1.869921 -3.673144
v 7.106542 1.179379 -3.653097
v 7.152528 1.130050 -2.584054
v 7.154153 1.130050 -2.726865
v 7.152528 1.086857 -2.726866
v 7.154153 1.086856 -2.584055
v 7.152529 1.130050 -4.674417
v 7.154152 1.086856 -4.674417
v 7.152529 1.086857 -4.817227
v 7.154152 1.130050 -4.817226
v 7.323545 1.326604 -2.417073
v 7.139166 1.326603 -2.573792
v 7.324318 1.326944 -2.572844
v 7.138394 1.210058 -2.572844
v 7.138394 1.326944 -2.418020
v 7.324318 1.210058 -2.418020
v 7.139167 1.210398 -2.417073
v 7.323545 1.210398 -2.573792
v 5.695630 1.179489 -3.649364
v 5.745218 1.171151 -3.653098
v 5.846862 1.870182 -3.627731
v 5.825241 1.873714 -3.673145
v 5.648248 1.130049 -2.584054
v 5.649871 1.086857 -2.584054
v 5.649871 1.130049 -2.726866
v 5.648248 1.086857 -2.726866
v 5.648249 1.130049 -4.674417
v 5.648249 1.086857 -4.817227
v 5.649870 1.130049 -4.817227
v 5.649870 1.086857 -4.674417
v 5.478082 1.326944 -2.418020
v 5.663234 1.326604 -2.417073
v 5.664007 1.326944 -2.572844
v 5.664007 1.210058 -2.418020
v 5.663234 1.210398 -2.573792
v 5.478082 1.210058 -2.572844
v 5.478855 1.326604 -2.573792
v 5.478855 1.210398 -2.417073
v 7.210949 0.509142 -2.893161
v 7.209986 0.713780 -2.765719
v 7.209586 0.767635 -2.529485
v 7.210928 0.173062 -2.699626
v 7.216947 0.155692 -2.508280
v 7.006827 0.199853 -2.407925
v 7.011739 0.150307 -2.585239
v 7.011719 0.386731 -2.277840
v 7.012681 0.624566 -2.317276
v 7.013082 0.764739 -2.514922
v 7.013112 0.722020 -2.754254
v 7.012871 0.520436 -2.891675
v 7.012187 0.339371 -2.868675
v 7.005722 0.207492 -2.768665
v 7.210480 0.239254 -2.365424
v 7.209796 0.397735 -2.274891
v 7.209556 0.636569 -2.324718
v 7.215842 0.286701 -2.844485
v 7.227391 0.560219 -2.758391
v 7.226834 0.457155 -2.786062
v 7.226355 0.255502 -2.529125
v 7.225876 0.558623 -2.407425
v 7.225319 0.634041 -2.482914
v 7.225947 0.407302 -2.380207
v 7.231244 0.660939 -2.586035
v 7.226763 0.312497 -2.733982
v 7.221466 0.635079 -2.682533
v 7.200126 0.460767 -2.567220
v 7.219062 0.618934 -2.607214
v 7.208319 0.622098 -2.563666
v 7.244464 0.451793 -2.585186
v 7.241909 0.463299 -2.582670
v 7.220388 0.457808 -2.606314
v 7.243497 0.459791 -2.585225
v 7.244608 0.464194 -2.582939
v 7.216439 0.435150 -2.588278
v 7.219255 0.479913 -2.573715
v 7.239635 0.499289 -2.742319
v 7.197466 0.519363 -2.735818
v 7.220354 0.435780 -2.565206
v 7.229445 0.314200 -2.663332
v 7.206416 0.337801 -2.696155
v 7.214776 0.469810 -2.601318
v 7.196944 0.467425 -2.584465
v 7.206353 0.466222 -2.563846
v 7.209226 0.467554 -2.570657
v 7.208273 0.338260 -2.469966
v 7.240108 0.334177 -2.488487
v 7.217813 0.314289 -2.508262
v 7.230804 0.466382 -2.564612
v 7.198673 0.456874 -2.581540
v 7.194798 0.463299 -2.584224
v 7.223551 0.435557 -2.600753
v 7.219256 0.435022 -2.578596
v 7.216443 0.479796 -2.593122
v 7.239635 0.518462 -2.430806
v 7.197466 0.498399 -2.424267
v 5.795575 0.286701 -2.844485
v 5.789720 0.713780 -2.765719
v 5.789319 0.767636 -2.529485
v 5.790661 0.173062 -2.699626
v 5.789289 0.636569 -2.324718
v 5.789529 0.397735 -2.274891
v 5.796680 0.155692 -2.508281
v 5.586561 0.199853 -2.407925
v 5.592415 0.624565 -2.317276
v 5.591473 0.150307 -2.585239
v 5.592816 0.764739 -2.514922
v 5.592845 0.722020 -2.754254
v 5.790214 0.239254 -2.365424
v 5.591453 0.386731 -2.277840
v 5.790682 0.509142 -2.893161
v 5.592605 0.520436 -2.891675
v 5.591921 0.339370 -2.868675
v 5.585455 0.207492 -2.768665
v 5.575567 0.459366 -2.786062
v 5.580934 0.281442 -2.682533
v 5.576453 0.509219 -2.380207
v 5.576524 0.357898 -2.407425
v 5.577082 0.282479 -2.482914
v 5.571157 0.255582 -2.586035
v 5.576046 0.661019 -2.529125
v 5.575844 0.634583 -2.684900
v 5.575680 0.560441 -2.759005
v 5.575009 0.356302 -2.758391
v 5.581438 0.455325 -2.557625
v 5.593029 0.458260 -2.567889
v 5.573030 0.622074 -2.604337
v 5.594123 0.622053 -2.562164
v 5.582078 0.457339 -2.606603
v 5.574643 0.458260 -2.599734
v 5.582132 0.435151 -2.588281
v 5.584950 0.479915 -2.573718
v 5.563158 0.519359 -2.735820
v 5.605332 0.499294 -2.742318
v 5.576086 0.448391 -2.569170
v 5.565912 0.454678 -2.581912
v 5.596725 0.314049 -2.663488
v 5.572111 0.337801 -2.696156
v 5.611949 0.457645 -2.585000
v 5.611630 0.462404 -2.584047
v 5.604393 0.331050 -2.489653
v 5.607855 0.463109 -2.582636
v 5.607603 0.463299 -2.582670
v 5.606002 0.455230 -2.586488
v 5.584967 0.471307 -2.604048
v 5.554985 0.466162 -2.588683
v 5.581081 0.429715 -2.603236
v 5.571596 0.442855 -2.596990
v 5.585286 0.342182 -2.469801
v 5.586426 0.472050 -2.563527
v 5.575536 0.459016 -2.570865
v 5.560216 0.463338 -2.583489
v 5.556958 0.467501 -2.591027
v 5.557436 0.460284 -2.584512
v 5.562563 0.327625 -2.493256
v 5.583509 0.314290 -2.508261
v 5.584950 0.435022 -2.578593
v 5.582136 0.479798 -2.593119
v 5.605332 0.518458 -2.430804
v 5.563157 0.498404 -2.424267
v 7.210928 0.173062 -4.733978
v 7.210949 0.509142 -4.927513
v 7.209986 0.713780 -4.800072
v 7.209556 0.636569 -4.359070
v 7.209796 0.397734 -4.309244
v 7.210480 0.239254 -4.399776
v 7.216947 0.155691 -4.542634
v 7.006827 0.199852 -4.442279
v 7.012681 0.624567 -4.351630
v 7.013082 0.764738 -4.549274
v 7.013112 0.722021 -4.788605
v 7.012871 0.520437 -4.926026
v 7.011739 0.150307 -4.619591
v 7.005722 0.207492 -4.803018
v 7.011718 0.386729 -4.312193
v 7.209586 0.767635 -4.563838
v 7.215842 0.286700 -4.878837
v 7.012187 0.339370 -4.903027
v 7.226763 0.312496 -4.768334
v 7.226355 0.255502 -4.563478
v 7.225947 0.407301 -4.414559
v 7.221466 0.635079 -4.716886
v 7.231244 0.660939 -4.620388
v 7.225319 0.634041 -4.517266
v 7.225876 0.558623 -4.441777
v 7.226834 0.457155 -4.820415
v 7.227392 0.560219 -4.792743
v 7.220852 0.458754 -4.640343
v 7.233438 0.453863 -4.631341
v 7.208320 0.622097 -4.598019
v 7.230295 0.621968 -4.638186
v 7.200129 0.460768 -4.601571
v 7.242158 0.462432 -4.618043
v 7.216440 0.435150 -4.622630
v 7.197466 0.519363 -4.770171
v 7.219256 0.479913 -4.608067
v 7.239635 0.499289 -4.776671
v 7.214774 0.469811 -4.635669
v 7.196607 0.468130 -4.618496
v 7.194097 0.452932 -4.616458
v 7.197870 0.458149 -4.616009
v 7.194798 0.463299 -4.618577
v 7.228387 0.314085 -4.698086
v 7.245191 0.457580 -4.617272
v 7.242184 0.454125 -4.614855
v 7.238837 0.457297 -4.616285
v 7.241909 0.454641 -4.621389
v 7.229815 0.447455 -4.617063
v 7.206414 0.337802 -4.730506
v 7.217291 0.474316 -4.595705
v 7.208274 0.338259 -4.504320
v 7.229371 0.313454 -4.538424
v 7.216438 0.479797 -4.627472
v 7.219255 0.435021 -4.612948
v 7.239635 0.518461 -4.465156
v 7.197466 0.498400 -4.458618
v 5.790682 0.509142 -4.927513
v 5.789720 0.713780 -4.800072
v 5.789289 0.636569 -4.359070
v 5.789529 0.397734 -4.309244
v 5.796679 0.155691 -4.542635
v 5.591452 0.386729 -4.312193
v 5.592816 0.764739 -4.549274
v 5.586561 0.199852 -4.442279
v 5.790213 0.239254 -4.399776
v 5.592415 0.624566 -4.351630
v 5.789319 0.767635 -4.563838
v 5.592845 0.722021 -4.788605
v 5.592605 0.520437 -4.926026
v 5.795575 0.286700 -4.878837
v 5.591921 0.339370 -4.903027
v 5.585455 0.207492 -4.803018
v 5.790661 0.173062 -4.733979
v 5.591473 0.150307 -4.619591
v 5.575567 0.459366 -4.820415
v 5.580934 0.281442 -4.716886
v 5.575638 0.604025 -4.768334
v 5.576453 0.509220 -4.414559
v 5.576046 0.661019 -4.563478
v 5.571157 0.255582 -4.620388
v 5.577082 0.282479 -4.517266
v 5.576524 0.357897 -4.441777
v 5.575009 0.356302 -4.792743
v 5.568268 0.454062 -4.628045
v 5.579625 0.456558 -4.593902
v 5.562389 0.462064 -4.618010
v 5.571235 0.622013 -4.597856
v 5.594287 0.621722 -4.638213
v 5.608790 0.456537 -4.620469
v 5.608886 0.463444 -4.618500
v 5.611664 0.460711 -4.618023
v 5.609239 0.463397 -4.619226
v 5.597299 0.461994 -4.636387
v 5.596857 0.462289 -4.637732
v 5.582133 0.435150 -4.622633
v 5.584950 0.479914 -4.608069
v 5.563158 0.519359 -4.770173
v 5.605332 0.499294 -4.776670
v 5.570976 0.453376 -4.633381
v 5.560216 0.463335 -4.617847
v 5.559940 0.454776 -4.614320
v 5.596862 0.314059 -4.697905
v 5.574342 0.338140 -4.730576
v 5.588199 0.445756 -4.597674
v 5.593451 0.467834 -4.630976
v 5.593451 0.448686 -4.630976
v 5.607675 0.331519 -4.526534
v 5.563665 0.337547 -4.512843
v 5.584698 0.470032 -4.594033
v 5.583507 0.314290 -4.542613
v 5.584949 0.435022 -4.612945
v 5.605332 0.518457 -4.465154
v 5.563157 0.498404 -4.458618
v 5.582131 0.479799 -4.627470
v 7.002375 1.046745 -1.851192
v 7.003035 1.047004 -1.909189
v 7.002375 0.890079 -1.909460
v 6.717138 1.047004 -1.851462
v 6.717797 0.890079 -1.851191
v 6.717798 1.046745 -1.909460
v 6.717137 0.889819 -1.909189
v 7.003035 0.889819 -1.851462
v 6.992477 1.096643 -5.291804
v 6.993101 1.096945 -5.349777
v 6.992477 0.930206 -5.350039
v 6.727695 1.096644 -5.350038
v 6.993101 0.929904 -5.292065
v 6.727072 0.929904 -5.349777
v 6.727072 1.096946 -5.292065
v 6.727695 0.930206 -5.291804
v 5.800026 1.046745 -1.909460
v 6.084603 0.890079 -1.909460
v 6.084603 1.046745 -1.851191
v 5.799366 1.047004 -1.851462
v 5.799365 0.889819 -1.909189
v 6.085263 1.047004 -1.909189
v 5.800025 0.890079 -1.851191
v 6.085263 0.889819 -1.851462
v 6.074706 1.096644 -5.291804
v 6.075328 1.096946 -5.349777
v 6.075328 0.929904 -5.292065
v 6.074706 0.930206 -5.350038
v 5.809300 0.929904 -5.349777
v 5.809923 0.930206 -5.291804
v 5.809923 1.096644 -5.350038
v 5.809300 1.096946 -5.292065
v 6.704579 0.778385 -1.862905
v 6.704579 0.658290 -1.867742
v 6.097821 0.778385 -1.867742
v 6.097821 0.658291 -1.862905
v 6.560789 0.799461 -5.339873
v 6.241611 0.667222 -5.339873
v 6.241611 0.799461 -5.341976
v 6.560790 0.667222 -5.341976
v 6.741536 0.800862 -1.853321
v 6.067045 0.814459 -1.854457
v 6.067045 0.787265 -1.852184
v 6.067045 0.874477 -1.854457
v 6.741536 0.860880 -1.853321
v 6.067045 0.847283 -1.852184
v 6.741536 0.920898 -1.853321
v 6.067045 0.919761 -1.866917
v 6.067045 0.922034 -1.839725
v -8.549126 0.140576 -3.902369
v -8.549126 0.285799 -7.099535
v -8.549685 0.286332 -3.903240
v -5.052867 0.140043 -3.903240
v -5.053426 0.285799 -3.902369
v -5.052866 0.286332 -7.098665
v -8.549685 0.140043 -7.098665
v -5.053426 0.140576 -7.099535
v -7.902104 0.289745 -6.330194
v -8.199518 0.290227 -6.499874
v -7.902215 0.290374 -6.672623
v -7.803769 0.646781 -6.500514
v -8.100381 0.646153 -6.329394
v -7.803198 0.290736 -6.502005
v -7.902340 0.645652 -6.672970
v -8.101032 0.290956 -6.672401
v -8.099424 0.646299 -6.673237
v -8.199597 0.645571 -6.501683
v -8.100745 0.290874 -6.329329
v -7.903111 0.645791 -6.328954
v -7.399368 0.290227 -6.499875
v -7.300881 0.290955 -6.672401
v -7.003048 0.290736 -6.502003
v -7.399447 0.645571 -6.501682
v -7.300230 0.646153 -6.329394
v -7.102065 0.290374 -6.672623
v -7.102190 0.645652 -6.672971
v -7.003619 0.646781 -6.500515
v -7.299275 0.646299 -6.673237
v -7.300595 0.290874 -6.329329
v -7.102962 0.645791 -6.328954
v -7.101954 0.289745 -6.330194
v -6.301805 0.289745 -6.330194
v -6.202899 0.290735 -6.502004
v -6.302040 0.645652 -6.672971
v -6.499124 0.646299 -6.673237
v -6.599298 0.645570 -6.501682
v -6.203469 0.646781 -6.500514
v -6.302811 0.645791 -6.328954
v -6.301915 0.290374 -6.672623
v -6.500731 0.290956 -6.672401
v -6.599218 0.290228 -6.499874
v -6.500080 0.646153 -6.329394
v -6.500444 0.290874 -6.329329
v -5.501655 0.289745 -6.330194
v -5.700581 0.290956 -6.672401
v -5.501764 0.290374 -6.672623
v -5.403319 0.646781 -6.500515
v -5.698975 0.646299 -6.673237
v -5.799147 0.645571 -6.501682
v -5.501890 0.645652 -6.672971
v -5.799068 0.290227 -6.499874
v -5.700294 0.290875 -6.329329
v -5.502661 0.645791 -6.328954
v -5.699930 0.646153 -6.329394
v -5.402748 0.290736 -6.502004
v -8.100746 0.290874 -5.529191
v -7.902104 0.289745 -5.530055
v -7.902214 0.290373 -5.872484
v -8.100381 0.646153 -5.529255
v -7.803198 0.290736 -5.701866
v -7.803769 0.646781 -5.700375
v -7.902340 0.645652 -5.872833
v -8.101032 0.290956 -5.872263
v -8.099425 0.646299 -5.873099
v -8.199518 0.290227 -5.699735
v -8.199597 0.645571 -5.701544
v -7.903111 0.645791 -5.528815
v -7.300595 0.290874 -5.529190
v -7.399368 0.290227 -5.699736
v -7.101954 0.289745 -5.530055
v -7.399447 0.645571 -5.701543
v -7.300230 0.646153 -5.529255
v -7.003619 0.646781 -5.700375
v -7.003048 0.290736 -5.701865
v -7.102064 0.290373 -5.872484
v -7.299276 0.646299 -5.873099
v -7.102190 0.645652 -5.872832
v -7.300881 0.290956 -5.872263
v -7.102961 0.645791 -5.528816
v -6.301805 0.289745 -5.530055
v -6.302040 0.645652 -5.872832
v -6.499125 0.646299 -5.873099
v -6.202899 0.290735 -5.701866
v -6.301914 0.290373 -5.872484
v -6.203469 0.646781 -5.700375
v -6.500731 0.290956 -5.872263
v -6.500444 0.290874 -5.529190
v -6.599218 0.290228 -5.699735
v -6.599298 0.645570 -5.701543
v -6.302811 0.645791 -5.528815
v -6.500080 0.646153 -5.529255
v -5.799068 0.290227 -5.699735
v -5.501655 0.289745 -5.530055
v -5.700581 0.290956 -5.872263
v -5.698976 0.646299 -5.873099
v -5.799147 0.645571 -5.701544
v -5.402748 0.290736 -5.701866
v -5.501764 0.290373 -5.872484
v -5.403319 0.646781 -5.700376
v -5.501890 0.645652 -5.872833
v -5.502661 0.645791 -5.528815
v -5.700294 0.290875 -5.529190
v -5.699930 0.646153 -5.529255
v -8.199518 0.290227 -4.899597
v -7.902104 0.289745 -4.729917
v -7.803198 0.290736 -4.901728
v -7.803769 0.646781 -4.900237
v -8.199597 0.645571 -4.901406
v -8.100381 0.646153 -4.729117
v -7.902340 0.645652 -5.072693
v -7.902215 0.290374 -5.072345
v -8.101032 0.290956 -5.072124
v -8.099425 0.646299 -5.072960
v -8.100745 0.290874 -4.729053
v -7.903111 0.645791 -4.728677
v -7.399368 0.290227 -4.899598
v -7.300881 0.290955 -5.072124
v -7.102065 0.290374 -5.072345
v -7.003619 0.646781 -4.900237
v -7.299275 0.646299 -5.072960
v -7.300230 0.646153 -4.729117
v -7.003048 0.290736 -4.901727
v -7.102190 0.645652 -5.072693
v -7.399447 0.645571 -4.901405
v -7.102962 0.645791 -4.728677
v -7.300595 0.290875 -4.729052
v -7.101954 0.289745 -4.729917
v -6.599218 0.290228 -4.899597
v -6.500731 0.290956 -5.072124
v -6.302041 0.645652 -5.072694
v -6.202899 0.290735 -4.901727
v -6.301914 0.290374 -5.072345
v -6.499124 0.646299 -5.072960
v -6.599298 0.645570 -4.901405
v -6.500444 0.290874 -4.729052
v -6.500080 0.646153 -4.729117
v -6.301805 0.289745 -4.729917
v -6.302811 0.645791 -4.728678
v -6.203469 0.646781 -4.900237
v -5.700294 0.290875 -4.729052
v -5.501655 0.289745 -4.729917
v -5.501890 0.645652 -5.072694
v -5.799147 0.645571 -4.901405
v -5.403319 0.646781 -4.900238
v -5.699930 0.646153 -4.729117
v -5.502661 0.645791 -4.728678
v -5.501764 0.290374 -5.072345
v -5.700581 0.290956 -5.072124
v -5.698975 0.646299 -5.072960
v -5.799068 0.290227 -4.899597
v -5.402748 0.290736 -4.901727
v -4.099585 1.325854 -9.228143
v -4.099585 0.130826 -9.575112
v -4.099453 0.131633 -9.227542
v -3.701878 1.325853 -9.575113
v -3.702010 1.325047 -9.227542
v -3.701878 0.130827 -9.228143
v -4.099454 1.325048 -9.575713
v -3.702009 0.131632 -9.575713
v -4.087868 1.366424 -9.675200
v -3.712909 1.366804 -9.674429
v -4.087868 1.100555 -9.428108
v -4.088555 1.100176 -9.674429
v -3.713595 1.366424 -9.428108
v -3.712909 1.100176 -9.428879
v -4.088554 1.366804 -9.428879
v -3.713595 1.100556 -9.675200
v -2.202463 8.172221 -0.923600
v 7.242400 0.461800 -2.578079
v 5.615095 0.459803 -4.620014
v 5.604805 0.328922 -4.522047
v 5.560352 0.454547 -2.586679
v 5.561028 0.453713 -2.585720
v -2.193410 8.179746 -0.775588
v -2.199415 8.173147 7.771058
v -2.200208 8.174391 7.774875
v 5.605126 0.453908 -2.583964
v 7.196891 0.460033 -4.616982
v 5.604200 0.463787 -4.617654
v 6.605434 4.381116 1.327336
v 7.241323 0.456646 -4.613125
v -2.193410 8.179747 7.925918
v 6.607810 4.388690 1.474797
v 5.603954 0.457139 -2.581904
v 5.599377 0.462280 -4.620159
v 6.605434 4.381116 7.528409
v 5.597613 0.443715 -2.569896
v 3.997914 3.578325 7.536378
v 7.238811 0.457578 -4.616349
v 6.615887 4.427575 1.452531
v 9.199669 3.575510 7.528265
v 5.555503 0.456172 -2.583216
v 5.559593 0.462360 -2.585464
v 5.609080 0.462839 -2.582376
v 5.613585 0.458004 -2.584031
v 5.607448 0.457276 -2.581189
v 7.243696 0.461987 -2.584259
v 7.238668 0.331008 -2.489603
v 7.197870 0.458149 -2.581657
v 5.562945 0.451120 -4.618684
v 5.607351 0.457706 -2.581547
v 5.564294 0.460669 -4.620422
v 7.224039 0.435776 -4.599847
v 3.997913 3.578324 1.335305
v 7.196890 0.460034 -2.582631
v 5.609602 0.451801 -4.616319
v 5.608513 0.454129 -4.620793
v 6.601746 4.378296 7.525222
v 5.561869 0.454323 -4.624500
v 7.241907 0.460693 -2.580338
v 7.243834 0.460683 -2.582396
v 7.240120 0.616787 -2.587384
v 5.560492 0.453727 -4.620131
v 5.559585 0.463364 -2.583443
v 5.557823 0.464142 -2.584195
v 6.601746 4.378295 1.324148
v -2.200470 8.167767 7.923790
v -2.187640 8.120712 7.905156
v 6.601113 4.376575 1.472694
v 6.615887 4.427576 7.653604
v 7.196288 0.454153 -4.619922
v 7.193544 0.452763 -2.583685
vn -0.0000 0.5432 0.8396
vn -0.0000 0.5717 -0.8204
vn 0.9824 0.1867 -0.0000
vn -0.9824 0.1867 -0.0000
vn 0.8501 -0.3028 0.4309
vn 0.4870 0.4232 -0.7640
vn -0.8811 0.2264 0.4153
vn 0.6731 -0.4077 0.6170
vn 0.1316 0.4478 -0.8844
vn 0.1516 0.6768 -0.7204
vn 0.1523 0.6914 -0.7063
vn -0.8097 0.4592 0.3654
vn -0.5367 0.3262 0.7782
vn -0.7128 0.4136 0.5664
vn 0.2595 0.8436 -0.4701
vn 0.3268 0.9254 0.1921
vn 0.8410 -0.3446 0.4171
vn -0.7552 0.4049 0.5155
vn 0.2596 0.8436 -0.4700
vn 0.3268 0.9254 0.1922
vn 0.8410 -0.3445 0.4171
vn -0.4798 0.0836 0.8734
vn -0.6989 0.4402 -0.5637
vn -0.0456 0.6651 -0.7454
vn -0.9484 0.1522 -0.2783
vn -0.7317 -0.0282 0.6811
vn -0.7313 -0.0282 0.6815
vn 0.9785 0.0433 -0.2016
vn 0.8616 0.1063 0.4964
vn -0.8146 0.4310 0.3882
vn -0.5792 0.5782 0.5746
vn -0.5755 0.5765 -0.5800
vn -0.5792 -0.5782 -0.5747
vn 0.5755 -0.5765 -0.5800
vn 0.5792 0.5782 -0.5746
vn -0.5755 -0.5765 0.5800
vn 0.5792 -0.5782 0.5747
vn 0.5755 0.5765 0.5800
vn -0.6119 -0.5010 -0.6119
vn 0.6119 0.5013 -0.6118
vn 0.6118 -0.5013 0.6118
vn -0.6120 0.5010 0.6119
vn -0.5781 0.5776 0.5764
vn 0.5781 0.5776 -0.5764
vn -0.5766 0.5771 -0.5783
vn 0.5766 0.5771 0.5783
vn 0.5766 -0.5771 -0.5783
vn 0.5781 -0.5776 0.5764
vn -0.5781 -0.5776 -0.5764
vn -0.5766 -0.5771 0.5783
vn -0.5774 0.5774 0.5772
vn 0.5774 0.5774 -0.5772
vn -0.5773 0.5773 -0.5774
vn 0.5773 -0.5773 -0.5774
vn -0.5774 -0.5774 -0.5772
vn 0.5774 -0.5774 0.5772
vn -0.5773 -0.5773 0.5774
vn 0.5773 0.5773 0.5774
vn 0.3280 0.9204 0.2129
vn -0.0000 0.7691 0.6391
vn -0.0001 -0.0008 1.0000
vn -0.3280 0.9204 -0.2129
vn -0.3357 0.9420 -0.0000
vn -0.0000 0.7691 -0.6391
vn 0.0001 -0.0008 -1.0000
vn 0.3357 0.9420 -0.0000
vn 0.7129 -0.3349 -0.6161
vn 0.5500 0.5794 -0.6014
vn 0.7210 0.2771 0.6351
vn -0.2315 -0.7792 -0.5824
vn -0.8016 -0.0204 -0.5975
vn 0.0208 0.7987 0.6014
vn -0.3139 0.7058 -0.6351
vn 0.5524 -0.5812 0.5975
vn -0.3873 -0.7147 0.5824
vn -0.7409 0.2673 0.6161
vn 0.5516 0.5791 -0.6003
vn 0.7122 -0.3356 -0.6166
vn -0.2319 -0.7784 -0.5833
vn 0.5531 -0.5798 0.5983
vn 0.7203 0.2784 0.6353
vn -0.3865 -0.7144 0.5833
vn -0.8010 -0.0189 -0.5983
vn 0.0194 0.7995 0.6003
vn -0.3125 0.7062 -0.6353
vn -0.7409 0.2662 0.6166
vn -0.4795 -0.4281 0.7660
vn -0.7717 0.3718 0.5160
vn -0.8076 0.5137 -0.2897
vn 0.3764 0.7715 0.5130
vn 0.3227 0.8947 -0.3087
vn -0.5628 -0.1766 -0.8075
vn -0.3040 -0.9295 -0.2087
vn 0.1869 -0.5252 -0.8302
vn 0.7976 -0.4919 -0.3491
vn 0.9441 0.3261 -0.0475
vn 0.7544 -0.3938 0.5252
vn 0.7363 0.4556 0.5003
vn -0.1817 0.5074 -0.8424
vn 0.1153 -0.3199 0.9404
vn 0.0233 0.0625 0.9978
vn -0.7338 -0.4243 0.5305
vn 0.5037 -0.4216 0.7540
vn -0.9318 0.3196 0.1720
vn -0.2947 0.7996 0.5232
vn -0.2547 0.9638 -0.0791
vn -0.8531 -0.0248 -0.5211
vn 0.2981 -0.9544 0.0134
vn -0.8200 -0.4780 -0.3149
vn 0.7954 0.4976 0.3460
vn 0.2159 0.5987 -0.7713
vn 0.0711 0.1948 -0.9783
vn 0.7508 0.3196 -0.5780
vn 0.4917 -0.5011 -0.7121
vn -0.7778 0.3324 0.5334
vn -0.1173 0.3293 0.9369
vn 0.6949 0.5292 0.4869
vn 0.1146 -0.3202 0.9404
vn -0.6402 -0.5796 0.5042
vn -0.3051 -0.9114 0.2763
vn 0.9372 -0.3125 0.1550
vn -0.8003 0.5118 -0.3123
vn 0.2792 0.9406 0.1930
vn -0.3461 -0.7337 -0.5847
vn 0.8010 -0.5046 -0.3222
vn -0.6600 -0.1330 -0.7394
vn 0.0754 -0.2161 -0.9734
vn 0.5145 0.7847 -0.3458
vn 0.0638 0.1727 -0.9829
vn 0.7473 0.3148 -0.5852
vn 0.5000 -0.5097 -0.7001
vn 0.2137 0.6216 0.7536
vn -0.7903 -0.3483 0.5041
vn -0.3620 0.7770 -0.5150
vn -0.8711 0.0473 -0.4889
vn -0.8248 -0.4686 -0.3165
vn 0.1964 -0.5561 -0.8076
vn 0.0211 0.0565 0.9982
vn 0.5037 -0.4215 0.7540
vn -0.9317 0.3258 0.1605
vn -0.3248 0.8798 0.3472
vn 0.2970 -0.9547 0.0153
vn 0.7953 0.4981 0.3457
vn -0.7997 0.4269 0.4222
vn 0.5676 0.2232 0.7925
vn 0.2516 0.9675 -0.0267
vn -0.3954 -0.5997 0.6957
vn -0.6750 0.2237 -0.7031
vn -0.3479 -0.8413 -0.4137
vn 0.8145 -0.5795 0.0268
vn 0.5856 0.1757 -0.7914
vn -0.3509 0.8358 0.4222
vn -0.6852 -0.2156 0.6957
vn 0.5811 -0.1851 0.7925
vn -0.8008 -0.4331 -0.4137
vn -0.3824 0.5995 -0.7031
vn 0.5651 -0.2333 -0.7914
vn 0.8057 0.5917 -0.0267
vn 0.2661 -0.9636 0.0268
vn 0.5676 0.2231 0.7925
vn 0.5856 0.1756 -0.7914
vn -0.8008 -0.4330 -0.4137
vn 0.5811 -0.1852 0.7925
vn -0.5787 -0.5782 -0.5751
vn 0.5787 -0.5782 0.5751
vn -0.5760 -0.5766 0.5795
vn 0.5760 0.5766 0.5795
vn -0.5787 0.5782 0.5751
vn 0.5787 0.5782 -0.5751
vn -0.5760 0.5766 -0.5795
vn 0.5760 -0.5766 -0.5795
vn 0.7412 0.6712 0.0119
vn -0.7412 0.6712 -0.0119
vn -0.7412 -0.6712 0.0119
vn 0.7412 -0.6712 -0.0118
vn -0.0367 0.8371 0.5458
vn 0.0367 0.8371 -0.5458
vn -0.0367 -0.8371 -0.5458
vn 0.0367 -0.8371 0.5458
vn -0.0367 0.8357 0.5480
vn 0.0366 0.8386 -0.5436
vn -0.0367 -0.8357 -0.5480
vn 0.0365 -0.8386 0.5436
vn -0.0366 0.8378 0.5447
vn -0.0366 -0.8378 -0.5447
vn 0.0367 -0.8364 0.5469
vn 0.0367 0.8364 -0.5469
vn -0.7024 0.0034 -0.7117
vn 0.7024 -0.0034 -0.7117
vn -0.7100 0.0004 -0.7042
vn 0.7100 -0.0004 -0.7042
vn -0.7100 -0.0004 0.7042
vn -0.0000 1.0000 -0.0000
vn 0.7100 0.0004 0.7042
vn -0.0000 -1.0000 -0.0000
vn -0.7024 -0.0034 0.7117
vn 0.7024 0.0034 0.7117
vn -0.7412 0.6712 -0.0118
vn 0.0365 0.8371 -0.5458
vn 0.0365 -0.8371 0.5458
vn -0.0365 -0.8371 -0.5458
vn -0.0365 0.8371 0.5458
vn -0.0366 0.8364 0.5469
vn 0.0365 0.8379 -0.5447
vn -0.0366 -0.8364 -0.5469
vn 0.0364 -0.8379 0.5447
vn 0.0367 0.8369 -0.5461
vn -0.0366 0.8373 0.5455
vn 0.0367 -0.8369 0.5461
vn -0.0366 -0.8373 -0.5455
vn 0.7412 -0.6712 -0.0120
vn 0.0366 0.8372 -0.5457
vn 0.0366 -0.8372 0.5457
vn -0.0367 -0.8370 -0.5459
vn -0.0367 0.8370 0.5459
vn 0.0366 -0.8371 0.5458
vn 0.7024 -0.0034 -0.7118
vn 0.7024 0.0034 0.7118
vn 0.7412 -0.6712 -0.0119
vn 0.7412 0.6712 0.0118
vn 0.0365 0.8372 -0.5457
vn -0.0365 0.8372 0.5457
vn 0.0365 -0.8372 0.5457
vn -0.0365 -0.8372 -0.5457
vn -0.0364 0.8378 0.5447
vn 0.0366 0.8364 -0.5469
vn -0.0364 -0.8379 -0.5447
vn 0.0366 -0.8364 0.5469
vn -0.7411 0.6712 -0.0118
vn 0.0368 -0.8364 0.5469
vn 0.0366 0.8378 -0.5447
vn 0.0366 -0.8378 0.5447
vn 0.0365 0.8375 -0.5452
vn 0.0365 -0.8375 0.5452
vn -0.0366 -0.8368 -0.5463
vn -0.0366 0.8368 0.5463
vn 0.7411 -0.6712 -0.0119
vn -0.7024 -0.0034 0.7118
vn 0.5783 0.5787 -0.5750
vn 0.5783 -0.5787 0.5750
vn 0.5765 -0.5759 -0.5796
vn 0.5765 0.5759 0.5796
vn -0.5783 0.5787 0.5750
vn -0.5765 0.5759 -0.5796
vn -0.5783 -0.5787 -0.5750
vn -0.5765 -0.5759 0.5796
vn -0.6744 0.7382 -0.0130
vn 0.6744 -0.7382 -0.0131
vn -0.6744 -0.7382 0.0130
vn 0.6744 0.7382 0.0130
vn -0.0404 0.8377 0.5446
vn 0.0400 0.8408 -0.5398
vn -0.0404 -0.8377 -0.5446
vn 0.0400 -0.8408 0.5398
vn -0.0354 0.8169 0.5756
vn -0.0354 -0.8169 -0.5756
vn 0.0354 -0.8169 0.5756
vn 0.0354 0.8169 -0.5756
vn -0.0354 0.8169 0.5757
vn 0.0354 0.8169 -0.5757
vn -0.0354 -0.8169 -0.5757
vn 0.0354 -0.8169 0.5757
vn -0.5754 0.5769 -0.5798
vn 0.5754 -0.5769 -0.5798
vn -0.5789 -0.5779 -0.5753
vn 0.5789 0.5779 -0.5753
vn -0.5789 0.5779 0.5753
vn 0.5789 -0.5779 0.5753
vn -0.5754 -0.5769 0.5798
vn 0.5754 0.5769 0.5798
vn -0.5792 0.5767 0.5761
vn -0.5752 0.5780 -0.5788
vn -0.5792 -0.5767 -0.5761
vn 0.5752 -0.5780 -0.5788
vn 0.5792 0.5767 -0.5761
vn 0.5752 0.5780 0.5788
vn 0.5792 -0.5767 0.5761
vn -0.5752 -0.5780 0.5788
vn 0.5754 0.5746 0.5820
vn -0.5754 -0.5746 0.5820
vn 0.5800 -0.5787 0.5733
vn -0.5800 0.5787 0.5733
vn 0.5800 0.5787 -0.5733
vn -0.5754 0.5746 -0.5820
vn 0.5754 -0.5746 -0.5820
vn -0.5800 -0.5787 -0.5733
vn -0.5760 -0.5786 0.5775
vn 0.5760 -0.5786 -0.5775
vn 0.5787 -0.5759 0.5774
vn -0.5787 -0.5759 -0.5774
vn 0.5760 0.5786 0.5775
vn -0.5787 0.5759 0.5774
vn 0.5787 0.5759 -0.5774
vn -0.5760 0.5786 -0.5775
vn -0.0213 0.6894 0.7241
vn -0.0214 -0.6894 -0.7241
vn 0.0212 -0.6894 0.7241
vn 0.0213 0.6894 -0.7241
vn 0.5473 0.8361 0.0365
vn -0.5473 0.8361 -0.0365
vn -0.5473 -0.8361 0.0365
vn 0.5473 -0.8361 -0.0365
vn -0.5473 0.8361 -0.0366
vn 0.5473 0.8361 0.0366
vn 0.5473 -0.8361 -0.0366
vn -0.5473 -0.8361 0.0366
vn -0.0001 1.0000 -0.0000
vn 0.0001 1.0000 -0.0000
vn -0.0002 1.0000 -0.0000
vn -0.7118 0.0033 0.7023
vn -0.7041 -0.0002 -0.7101
vn -0.7118 -0.0033 -0.7023
vn 0.7041 -0.0002 0.7101
vn -0.7041 0.0002 0.7101
vn 0.7041 0.0002 -0.7101
vn 0.7118 0.0033 -0.7023
vn 0.0002 1.0000 -0.0000
vn 0.7118 -0.0033 0.7023
vn 0.0001 -1.0000 -0.0000
vn -0.0001 -1.0000 -0.0000
vn 0.0002 -1.0000 -0.0000
vn -0.0002 -1.0000 -0.0000
vn -0.0213 -0.6894 -0.7241
vn 0.0213 -0.6894 0.7241
vn 0.0213 0.6892 -0.7242
vn 0.0213 -0.6892 0.7242
vn -0.0213 -0.6893 -0.7242
vn -0.0213 0.6893 0.7242
vn -0.5474 0.8361 -0.0366
vn 0.5472 -0.8362 -0.0366
vn -0.5474 -0.8361 0.0366
vn 0.5472 0.8362 0.0366
vn 0.5472 0.8362 0.0365
vn -0.5474 -0.8361 0.0365
vn 0.0212 0.6892 -0.7242
vn -0.5474 -0.8360 0.0366
vn -0.5474 0.8360 -0.0366
vn 0.5471 -0.8362 -0.0366
vn -0.5475 0.8360 -0.0366
vn -0.5475 -0.8360 0.0365
vn 0.6163 -0.5699 -0.5435
vn -0.7722 0.5314 -0.3483
vn 0.6446 0.5623 -0.5180
vn -0.7923 -0.5314 -0.2998
vn 0.0895 -0.5623 0.8221
vn 0.0515 0.5699 0.8201
vn 0.0896 -0.5623 0.8221
vn -0.5780 -0.5783 -0.5757
vn 0.5769 -0.5762 -0.5790
vn 0.5780 -0.5783 0.5757
vn -0.5769 0.5762 -0.5790
vn 0.5780 0.5783 -0.5757
vn -0.5769 -0.5762 0.5790
vn -0.5780 0.5783 0.5757
vn 0.5769 0.5762 0.5790
vn -0.5781 0.5785 0.5755
vn 0.5769 0.5758 0.5793
vn 0.5781 0.5785 -0.5755
vn 0.5781 -0.5785 0.5755
vn -0.5769 -0.5758 0.5793
vn -0.5769 0.5758 -0.5793
vn -0.5781 -0.5784 -0.5755
vn 0.5769 -0.5758 -0.5793
vn -0.7078 0.7064 -0.0008
vn 0.7058 0.7084 0.0017
vn 0.7078 0.7064 0.0008
vn 0.0001 -0.0005 1.0000
vn -0.0001 0.0006 1.0000
vn -0.0001 0.0005 1.0000
vn 0.0001 -0.0006 1.0000
vn 0.7078 -0.7064 -0.0008
vn -0.7078 -0.7064 0.0008
vn -0.7058 -0.7084 0.0017
vn -0.7058 0.7084 -0.0017
vn 0.7058 -0.7084 -0.0017
vn -0.0001 -0.0005 -1.0000
vn 0.0001 0.0005 -1.0000
vn -0.0001 -0.0006 -1.0000
vn 0.0001 0.0006 -1.0000
vn -0.5776 0.5784 0.5761
vn -0.5769 0.5764 -0.5787
vn -0.5776 -0.5784 -0.5761
vn 0.5769 -0.5764 -0.5787
vn 0.5776 0.5784 -0.5761
vn -0.5769 -0.5764 0.5787
vn 0.5769 0.5764 0.5787
vn 0.5776 -0.5784 0.5761
vn -0.5776 0.5782 0.5762
vn 0.5773 0.5767 0.5781
vn 0.5776 0.5782 -0.5762
vn -0.5773 -0.5767 0.5781
vn -0.5776 -0.5782 -0.5762
vn -0.5773 0.5767 -0.5781
vn 0.5776 -0.5782 0.5762
vn 0.5773 -0.5767 -0.5781
vn -0.5788 -0.5783 -0.5750
vn 0.5760 -0.5764 -0.5796
vn 0.5788 -0.5783 0.5750
vn -0.5760 0.5764 -0.5796
vn 0.5788 0.5783 -0.5750
vn -0.5788 0.5783 0.5750
vn 0.5760 0.5764 0.5796
vn -0.5760 -0.5764 0.5796
vn -0.5775 0.5774 0.5772
vn -0.5772 0.5773 -0.5775
vn -0.5775 -0.5774 -0.5772
vn 0.5772 -0.5773 -0.5775
vn 0.5775 0.5774 -0.5772
vn 0.5775 -0.5774 0.5772
vn -0.5772 -0.5773 0.5775
vn 0.5772 0.5773 0.5775
vn 0.2887 0.9391 0.1865
vn 0.2938 0.9559 -0.0000
vn -0.2887 0.9391 -0.1865
vn -0.1543 0.5004 -0.8519
vn -0.0000 -0.0022 -1.0000
vn -0.2938 0.9559 -0.0000
vn 0.1543 0.5004 0.8519
vn -0.0000 -0.0022 1.0000
vn 0.5499 0.5793 -0.6017
vn -0.2315 -0.7791 -0.5826
vn -0.8015 -0.0205 -0.5977
vn -0.3872 -0.7146 0.5826
vn -0.3138 0.7057 -0.6353
vn -0.7407 0.2672 0.6164
vn 0.0208 0.7985 0.6017
vn 0.7208 0.2771 0.6353
vn 0.7127 -0.3348 -0.6164
vn 0.5522 -0.5812 0.5977
vn -0.2316 -0.7791 -0.5826
vn 0.7209 0.2771 0.6353
vn -0.8014 -0.0205 -0.5977
vn -0.3138 0.7056 -0.6353
vn 0.0208 0.7985 0.6016
vn -0.2320 -0.7782 -0.5836
vn 0.7119 -0.3355 -0.6170
vn 0.5529 -0.5797 0.5985
vn 0.7201 0.2783 0.6356
vn 0.5515 0.5789 -0.6006
vn -0.3863 -0.7143 0.5836
vn -0.8009 -0.0190 -0.5985
vn -0.3124 0.7060 -0.6356
vn 0.0195 0.7993 0.6006
vn -0.7406 0.2662 0.6170
vn -0.4964 -0.3995 0.7707
vn -0.7551 0.4037 0.5166
vn -0.7682 0.5571 -0.3155
vn 0.7375 0.5052 0.4481
vn -0.6101 -0.1613 -0.7757
vn -0.3244 -0.9150 -0.2400
vn 0.5636 -0.6977 -0.4423
vn 0.7634 -0.5850 0.2740
vn 0.6611 0.6817 0.3133
vn 0.1145 -0.3629 0.9248
vn 0.0179 0.0516 0.9985
vn -0.7233 -0.5938 0.3525
vn 0.4958 -0.5028 0.7080
vn -0.9637 0.2490 0.0965
vn -0.3060 0.7963 0.5217
vn -0.6871 0.5280 -0.4991
vn -0.9312 -0.3234 -0.1682
vn 0.7836 0.5238 -0.3341
vn 0.5854 -0.2044 -0.7845
vn -0.3532 0.8916 -0.2834
vn -0.0966 -0.3102 -0.9457
vn 0.7420 0.3804 0.5520
vn 0.3326 -0.9118 -0.2407
vn 0.5636 -0.6977 -0.4422
vn 0.6613 0.6816 0.3133
vn 0.5854 -0.2044 -0.7846
vn -0.3061 0.7963 0.5217
vn -0.9637 0.2490 0.0966
vn -0.5750 0.5758 -0.5812
vn 0.5750 -0.5758 -0.5812
vn -0.5796 -0.5790 -0.5734
vn 0.5797 -0.5790 0.5734
vn 0.5796 0.5790 -0.5734
vn -0.5796 0.5790 0.5734
vn -0.5750 -0.5758 0.5812
vn 0.5750 0.5758 0.5812
vn -0.5406 0.8405 -0.0363
vn 0.5397 -0.8411 -0.0363
vn -0.5406 -0.8405 0.0363
vn 0.5397 0.8411 0.0363
vn -0.5410 0.8402 -0.0365
vn 0.5392 -0.8414 -0.0363
vn -0.5410 -0.8402 0.0364
vn 0.5392 0.8414 0.0363
vn -0.5397 0.8411 -0.0362
vn 0.5406 0.8405 0.0363
vn 0.5406 -0.8405 -0.0363
vn -0.5397 -0.8411 0.0363
vn -0.5397 0.8411 -0.0363
vn 0.5405 -0.8405 -0.0364
vn 0.5406 0.8405 0.0364
vn -0.5401 0.8408 -0.0364
vn 0.5401 0.8408 0.0364
vn 0.5401 -0.8408 -0.0363
vn -0.5401 -0.8408 0.0364
vn 0.5401 0.8408 0.0363
vn -0.5401 0.8408 -0.0363
vn -0.5401 -0.8408 0.0363
vn 0.5401 -0.8408 -0.0364
vn -0.5410 0.8402 -0.0364
vn -0.5406 0.8405 -0.0364
vn 0.5397 0.8411 0.0362
vn -0.5405 0.8405 -0.0363
vn -0.5405 -0.8405 0.0364
vn 0.7054 -0.0003 0.7089
vn -0.7092 0.0012 0.7050
vn -0.7054 0.0003 0.7089
vn 0.7092 -0.0012 0.7050
vn -0.7092 -0.0012 -0.7050
vn -0.7054 -0.0003 -0.7089
vn 0.7054 0.0003 -0.7089
vn 0.7092 0.0012 -0.7050
vn 0.5712 -0.3017 0.7634
vn -0.1784 0.2381 0.9547
vn -0.5611 0.2502 0.7890
vn 0.1491 0.5348 0.8317
vn 0.5482 0.1877 0.8150
vn 0.9279 -0.0018 0.3728
vn 0.9055 -0.1727 0.3877
vn -0.5426 -0.2232 0.8098
vn -0.1606 -0.6156 0.7715
vn 0.1846 -0.6291 0.7551
vn -0.8855 0.1866 0.4256
vn -0.2365 0.9043 0.3553
vn -0.1280 0.8570 0.4992
vn -0.6177 0.5666 0.5454
vn 0.2689 -0.9276 0.2591
vn -0.4028 -0.8981 0.1766
vn 0.3114 -0.3579 -0.8803
vn 0.0025 0.0056 -1.0000
vn 0.3527 0.3565 -0.8652
vn 0.3796 0.8702 -0.3140
vn 0.0009 0.8227 -0.5684
vn -0.0005 0.8265 -0.5630
vn -0.3795 -0.8689 -0.3177
vn 0.0005 -0.8115 -0.5843
vn -0.3473 -0.3552 -0.8679
vn 0.8837 0.3436 -0.3177
vn 0.6619 -0.6089 0.4372
vn 0.7355 -0.6775 -0.0001
vn 0.9384 -0.2631 -0.2241
vn 0.9313 -0.3642 -0.0002
vn 0.7325 -0.6807 -0.0004
vn -0.9281 0.0021 0.3722
vn -0.7191 -0.6735 0.1712
vn -0.6838 -0.6333 0.3624
vn -0.9314 0.3639 -0.0002
vn -0.8820 -0.3424 -0.3238
vn -1.0000 0.0016 -0.0003
vn -0.9336 0.2672 -0.2385
vn -0.7360 0.6769 -0.0001
vn 0.3868 0.8870 0.2521
vn 0.0002 1.0000 -0.0003
vn 0.7068 0.6632 0.2462
vn 0.6417 0.5964 0.4822
vn -0.7327 0.6805 -0.0004
vn 1.0000 -0.0017 -0.0003
vn 0.5880 -0.5537 -0.5896
vn -0.0002 -1.0000 -0.0003
vn -0.7371 0.0331 -0.6750
vn -0.5786 0.5453 -0.6065
vn 0.7433 -0.3452 0.5730
vn -0.3654 0.8368 0.4078
vn -0.7372 0.2447 0.6298
vn -0.8688 0.4345 0.2374
vn -0.6562 -0.5818 0.4806
vn 0.1692 -0.8851 0.4335
vn 0.3719 -0.9102 -0.1822
vn 0.0006 -0.9978 -0.0660
vn 0.9018 -0.3128 -0.2983
vn 0.8174 0.4474 0.3630
vn -0.8370 0.4499 -0.3115
vn -0.6830 -0.5810 -0.4425
vn -0.9091 -0.3097 0.2787
vn 0.6532 -0.5864 -0.4790
vn -0.1358 -0.8045 -0.5782
vn -0.6949 0.2740 -0.6649
vn 0.7294 0.2293 -0.6445
vn 0.0030 0.8657 -0.5005
vn 0.7075 0.5353 -0.4613
vn 0.9115 -0.2614 0.3174
vn 0.9701 0.0003 0.2427
vn 0.7877 -0.6161 -0.0004
vn 0.9458 -0.3247 -0.0000
vn 0.9455 -0.3256 -0.0002
vn 0.7888 -0.6146 -0.0002
vn 0.0006 -1.0000 0.0003
vn -0.9082 -0.2577 -0.3299
vn -0.9458 -0.3247 -0.0000
vn -0.9455 -0.3256 0.0001
vn -0.7878 -0.6159 0.0004
vn -0.7253 -0.5651 -0.3932
vn -0.7889 -0.6145 0.0002
vn -0.9677 0.0002 -0.2522
vn -0.9460 0.3241 -0.0000
vn 0.6902 0.5231 0.5000
vn -0.3742 -0.9108 0.1743
vn -0.0007 -0.9984 0.0569
vn -0.0007 -1.0000 -0.0002
vn -0.3680 0.8449 -0.3882
vn -0.0006 0.8519 0.5237
vn 0.7944 0.6073 -0.0001
vn 0.7966 0.6045 -0.0003
vn 0.7943 0.6075 -0.0001
vn 0.7967 0.6044 -0.0003
vn 1.0000 0.0004 0.0002
vn 1.0000 -0.0001 0.0001
vn 0.7306 -0.5692 0.3771
vn 0.6819 -0.7303 -0.0421
vn -0.4086 -0.9118 0.0404
vn -0.3750 0.7811 -0.4992
vn 0.0996 0.8606 0.4995
vn 0.0213 0.6051 -0.7959
vn -0.0213 0.6049 0.7960
vn 0.0213 -0.6051 0.7959
vn -0.0213 -0.6049 -0.7960
vn -0.0213 0.6048 0.7961
vn -0.0213 -0.6048 -0.7961
vn 0.0213 -0.6048 0.7961
vn 0.0213 0.6048 -0.7961
vn 0.5804 0.5792 -0.5724
vn 0.5739 0.5766 0.5814
vn 0.5804 -0.5792 0.5724
vn -0.5739 -0.5766 0.5814
vn -0.5804 0.5792 0.5724
vn -0.5739 0.5766 -0.5814
vn -0.5804 -0.5792 -0.5724
vn 0.5739 -0.5766 -0.5814
vn 0.4081 -0.9119 -0.0422
vn -0.6823 -0.7300 0.0404
vn -0.1015 0.8605 -0.4993
vn 0.3733 0.7819 0.4994
vn 0.0213 0.6049 -0.7960
vn 0.0213 -0.6049 0.7960
vn -0.0212 0.6049 0.7960
vn 0.0212 0.6050 -0.7960
vn -0.0212 -0.6049 -0.7960
vn 0.0212 -0.6050 0.7960
vn 0.6334 0.6286 -0.4513
vn 0.0266 0.1749 -0.9842
vn -0.0060 0.2341 -0.9722
vn 0.6595 -0.7006 -0.2723
vn 0.9999 0.0065 0.0115
vn -0.6317 0.6524 -0.4187
vn 0.6325 0.7636 0.1301
vn 0.6317 0.4425 0.6365
vn -0.6325 0.7552 0.1721
vn 0.8354 -0.4054 -0.3712
vn 1.0000 0.0020 0.0016
vn 0.9998 0.0180 -0.0022
vn 0.9430 -0.3275 -0.0594
vn -0.0013 -0.6898 -0.7240
vn -0.6595 -0.7515 -0.0166
vn -0.9430 -0.3252 -0.0705
vn 0.0012 -0.9143 0.4050
vn -0.8354 -0.5166 0.1878
vn 0.0609 -0.8604 0.5060
vn -0.0258 -0.5359 0.8439
vn -0.0266 -0.2150 0.9763
vn -0.0610 -0.5692 0.8200
vn -0.9999 0.0104 -0.0081
vn -0.6334 0.4080 0.6575
vn -1.0000 0.0025 -0.0007
vn -0.9998 0.0157 0.0089
vn 0.0060 -0.1557 0.9878
vn 0.0258 -0.1722 -0.9847
vn 0.0610 -0.2121 -0.9753
vn -0.0609 -0.6012 -0.7968
vn -0.1551 0.8336 -0.5302
vn 0.0489 0.3730 -0.9265
vn 0.0094 -0.1871 -0.9823
vn 0.0049 -0.7973 -0.6036
vn -0.0000 -0.9660 0.2587
vn -0.0049 -0.3887 0.9214
vn -0.0094 0.3292 0.9442
vn -0.0489 0.7863 0.6159
vn 0.1551 0.9870 0.0423
vn -0.4801 -0.5395 0.6917
vn 0.0191 -0.0230 0.9996
vn -0.9882 0.0470 0.1459
vn 0.4857 0.5833 0.6511
vn 0.0258 -0.9970 0.0730
vn -0.0385 -0.9977 0.0556
vn -0.5067 0.7174 0.4781
vn 0.8635 0.5037 0.0250
vn -0.2190 0.5423 -0.8111
vn 0.7885 0.0031 -0.6151
vn 0.0054 0.0906 -0.9959
vn 0.6833 -0.0337 -0.7293
vn -0.6975 0.1316 -0.7044
vn 0.6016 0.0398 0.7978
vn 0.5200 0.8538 0.0251
vn 0.3738 -0.5705 -0.7313
vn 0.2619 -0.9546 -0.1417
vn 0.8330 -0.3420 -0.4349
vn 0.5017 0.5142 0.6956
vn -0.3972 -0.1374 0.9074
vn 0.8251 -0.3313 0.4577
vn -0.5481 -0.3550 0.7573
vn -0.0421 -0.8211 0.5692
vn -0.5396 0.5037 -0.6746
vn 0.5450 -0.0073 -0.8384
vn 0.0356 0.3267 0.9444
vn -0.0785 0.7194 0.6901
vn -0.0131 0.7267 0.6868
vn 0.0948 -0.6598 0.7454
vn -0.9923 -0.1235 0.0126
vn -0.2434 -0.4157 -0.8763
vn -0.7823 0.3728 -0.4991
vn -0.6368 0.4760 -0.6065
vn -0.2424 0.5715 0.7840
vn -0.8820 0.2701 0.3862
vn -0.1782 0.6307 -0.7553
vn 0.2331 0.9719 0.0335
vn -0.1409 0.6952 -0.7048
vn -0.7120 -0.4280 -0.5567
vn -0.1561 -0.9480 -0.2773
vn -0.5164 -0.5037 -0.6925
vn -0.0421 0.3297 -0.9432
vn 0.0355 -0.8195 -0.5720
vn -0.5396 -0.0110 0.8418
vn 0.5449 0.4988 0.6740
vn -0.0013 -0.6897 -0.7240
vn -0.9430 -0.3252 -0.0704
vn -0.0266 -0.2150 0.9762
vn 0.1549 -0.8340 -0.5296
vn -0.0109 0.1356 -0.9907
vn -0.0052 0.5773 -0.8165
vn -0.0489 -0.3730 -0.9265
vn 0.0489 -0.7863 0.6159
vn -0.1550 -0.9870 0.0423
vn 0.0094 -0.3292 0.9442
vn -0.0018 0.9128 -0.4084
vn -0.0008 0.9551 0.2964
vn 0.0049 0.3887 0.9214
vn -0.0730 0.0327 0.9968
vn 0.6922 -0.0330 0.7209
vn 0.2521 0.8251 0.5056
vn 0.6677 0.1176 0.7351
vn 0.0030 0.0139 -0.9999
vn -0.7209 -0.0301 -0.6924
vn -0.2531 0.8224 -0.5095
vn -0.7745 0.0845 0.6270
vn 0.7159 0.0619 -0.6954
vn -0.3065 -0.9509 -0.0431
vn -0.5397 0.5036 -0.6747
vn 0.5450 -0.0072 -0.8384
vn -0.7390 -0.4964 0.4555
vn -0.9918 -0.1241 0.0307
vn -0.2815 -0.3924 -0.8757
vn 0.2876 -0.9505 -0.1179
vn 0.0101 0.7797 0.6261
vn 0.0819 0.2264 0.9706
vn 0.4063 0.0061 0.9137
vn 0.9719 0.0602 -0.2275
vn 0.0698 0.5327 -0.8434
vn 0.7645 0.3662 0.5305
vn -0.0048 -0.0327 0.9995
vn 0.7947 -0.4536 0.4034
vn -0.2443 0.7081 0.6625
vn 0.7572 -0.4082 -0.5100
vn -0.8308 -0.3569 -0.4272
vn -0.7878 -0.4012 -0.4674
vn 0.0370 -0.9646 -0.2609
vn 0.6313 0.4502 0.6315
vn -0.8009 -0.5408 0.2573
vn -0.6311 0.4212 0.6514
vn 0.1576 0.8995 -0.4075
vn -0.5397 -0.0108 0.8418
vn 0.5450 0.4987 0.6740
vn 0.9998 0.0179 -0.0022
vn 0.9430 -0.3274 -0.0594
vn 0.0013 -0.9143 0.4050
vn -0.1551 0.8336 -0.5301
vn 0.0049 -0.7974 -0.6035
vn -0.0049 -0.3887 0.9213
vn -0.0094 0.3291 0.9442
vn -0.0489 0.7863 0.6160
vn 0.0094 -0.1870 -0.9823
vn 0.7139 -0.0152 -0.7001
vn 0.5758 -0.0225 -0.8173
vn 0.2427 0.8310 -0.5006
vn 0.8970 0.0109 -0.4418
vn -0.7259 0.1198 -0.6773
vn -0.3173 0.8646 -0.3896
vn -0.6883 0.1320 -0.7133
vn -0.4620 -0.5487 0.6968
vn 0.3043 -0.6320 0.7127
vn 0.0536 -0.0247 0.9983
vn -0.9882 0.0470 0.1461
vn 0.0594 -0.9947 0.0834
vn -0.0057 -0.9988 0.0489
vn -0.0421 -0.8211 0.5693
vn -0.8093 0.3467 -0.4743
vn -0.6253 0.4810 -0.6145
vn -0.2386 -0.4274 -0.8720
vn -0.9730 -0.1977 0.1189
vn -0.8096 0.3449 0.4750
vn -0.9278 0.1958 0.3175
vn -0.2456 -0.3743 0.8942
vn -0.4432 0.0025 -0.8964
vn 0.2626 -0.9634 0.0546
vn -0.1058 0.7071 0.6992
vn -0.0223 0.7219 0.6917
vn -0.1276 0.7024 0.7003
vn 0.1665 -0.6584 0.7340
vn 0.7234 0.3104 -0.6167
vn 0.6872 0.3213 -0.6516
vn 0.2346 -0.9616 -0.1423
vn 0.8688 -0.2919 0.4000
vn 0.7418 0.3297 0.5840
vn -0.1128 0.5591 0.8214
vn -0.2182 0.6787 0.7013
vn 0.4757 0.8385 -0.2656
vn 0.2277 -0.1363 -0.9641
vn 0.9004 -0.2579 -0.3503
vn -0.0421 0.3297 -0.9431
vn 0.5450 0.4988 0.6740
vn -0.5396 -0.0109 0.8418
vn 0.1551 -0.8336 -0.5302
vn -0.0094 0.1870 -0.9823
vn -0.0049 0.7972 -0.6036
vn -0.1551 -0.9870 0.0423
vn -0.0000 0.9659 0.2588
vn -0.0060 -0.9972 0.0749
vn -0.5787 -0.7766 0.2492
vn -0.2240 -0.9157 -0.3337
vn -0.8265 0.1137 -0.5514
vn -0.2585 0.8319 0.4911
vn 0.1282 0.9731 0.1912
vn -0.9917 0.0686 -0.1089
vn 0.2618 -0.9647 -0.0272
vn 0.4123 -0.4574 -0.7879
vn 0.3043 0.0020 -0.9526
vn 0.0248 0.0534 0.9983
vn 0.7856 0.0943 0.6115
vn 0.9387 0.0141 -0.3444
vn 0.9855 0.0095 -0.1694
vn 0.9407 -0.2203 0.2580
vn 0.2445 -0.9659 -0.0850
vn 0.0282 -0.6562 0.7540
vn -0.0014 0.8932 -0.4497
vn 0.0871 0.9420 -0.3242
vn 0.0813 0.8706 0.4852
vn -0.6050 -0.5868 0.5382
vn -0.2511 -0.9529 -0.1700
vn -0.7500 -0.4039 -0.5238
vn -0.2074 0.4732 -0.8562
vn -0.0910 -0.9480 -0.3051
vn -0.6342 -0.1785 0.7523
vn -0.0574 0.9042 -0.4232
vn -0.7102 0.4464 0.5444
vn -0.8181 0.3893 0.4233
vn 0.2039 -0.4396 -0.8747
vn 0.7627 -0.4249 -0.4876
vn 0.7359 -0.4541 0.5022
vn 0.0356 -0.8195 -0.5720
vn 0.5729 0.5770 0.5821
vn -0.5729 -0.5770 0.5821
vn 0.5802 -0.5788 0.5729
vn -0.5802 0.5788 0.5729
vn 0.5802 0.5788 -0.5729
vn -0.5729 0.5770 -0.5821
vn 0.5728 -0.5770 -0.5821
vn -0.5802 -0.5788 -0.5729
vn 0.7080 0.7062 0.0070
vn -0.7080 0.7062 -0.0070
vn 0.7048 0.7094 0.0113
vn 0.0003 -0.0004 1.0000
vn -0.0010 0.0016 1.0000
vn -0.0003 0.0004 1.0000
vn 0.7080 -0.7062 -0.0070
vn 0.0010 -0.0016 1.0000
vn 0.7048 -0.7094 -0.0113
vn -0.7048 0.7094 -0.0113
vn -0.0003 -0.0004 -1.0000
vn 0.0010 0.0016 -1.0000
vn 0.0003 0.0004 -1.0000
vn -0.7080 -0.7062 0.0070
vn -0.0010 -0.0016 -1.0000
vn -0.7048 -0.7094 0.0113
vn -0.5728 0.5770 -0.5821
vn -0.5728 -0.5770 0.5821
vn 0.8124 0.5826 0.0224
vn -0.8124 -0.5827 0.0225
vn 0.8124 -0.5827 -0.0225
vn -0.8125 0.5826 -0.0224
vn 0.7788 0.6273 0.0067
vn -0.7787 -0.6274 0.0067
vn 0.7793 -0.6266 -0.0067
vn -0.7794 0.6265 -0.0067
vn 1.0000 -0.0000 -0.0000
vn -1.0000 -0.0000 -0.0000
vn -0.0000 -0.0000 -0.0000
vn 0.5759 0.5767 0.5795
vn -0.5759 -0.5767 0.5795
vn 0.5789 -0.5780 0.5752
vn -0.5789 0.5780 0.5752
vn -0.5789 -0.5780 -0.5752
vn 0.5789 0.5780 -0.5752
vn -0.5759 0.5767 -0.5795
vn 0.5759 -0.5767 -0.5795
vn 0.3978 -0.6124 0.6832
vn -0.7916 -0.6111 0.0028
vn -0.3987 -0.6086 -0.6860
vn -0.3970 -0.6063 0.6891
vn 0.7947 -0.6070 -0.0022
vn 0.7906 0.6124 0.0029
vn 0.3947 -0.6107 -0.6865
vn 0.3954 0.6070 0.6894
vn -0.7934 0.6086 -0.0023
vn -0.3972 0.6107 0.6850
vn 0.3983 0.6063 -0.6883
vn -0.3934 0.6111 -0.6869
vn -0.5776 0.5781 0.5763
vn 0.5776 0.5781 -0.5763
vn -0.5775 0.5760 -0.5785
vn 0.5775 0.5760 0.5785
vn -0.5776 -0.5781 -0.5763
vn -0.5775 -0.5760 0.5785
vn 0.5776 -0.5781 0.5763
vn 0.5775 -0.5760 -0.5785
vn -0.5786 0.5783 0.5751
vn 0.5786 0.5783 -0.5751
vn -0.5758 0.5769 -0.5793
vn -0.5786 -0.5783 -0.5751
vn 0.5758 -0.5769 -0.5793
vn 0.5786 -0.5783 0.5751
vn 0.5758 0.5769 0.5793
vn -0.5758 -0.5769 0.5793
vn 0.7869 -0.5221 0.3288
vn 0.7870 -0.5220 0.3288
vn 0.8161 -0.5011 0.2879
vn 0.8162 -0.5011 0.2877
vn -0.9506 -0.1163 -0.2878
vn 0.1026 0.9707 -0.2173
vn 0.9042 -0.3912 -0.1713
vn -0.4306 0.0676 0.9000
vn 0.7097 0.6637 0.2363
vn 0.9119 -0.3717 -0.1738
vn -0.8541 0.0720 -0.5151
vn 0.5254 -0.7916 0.3120
vn 0.8646 -0.3920 -0.3143
vn -0.8674 -0.0134 -0.4975
vn -0.8922 0.4167 -0.1744
vn -0.1532 0.9800 0.1271
vn 0.2825 -0.3904 -0.8762
vn 0.2413 -0.6763 -0.6960
vn 0.7250 -0.5096 0.4634
vn 0.7250 -0.5095 0.4634
vn 0.3351 0.8880 0.3151
vn -0.6288 -0.6429 -0.4373
vn 0.6288 0.7764 -0.0424
vn 0.6056 -0.1104 -0.7881
vn 0.6921 -0.4767 0.5420
vn 0.6922 -0.4767 0.5419
vn 0.6907 -0.2043 -0.6937
vn 0.0335 -0.7425 -0.6690
vn 0.1222 0.3424 -0.9316
vn 0.1573 -0.4383 -0.8849
vn 0.0963 0.2697 -0.9581
vn -0.9945 -0.0084 0.1040
vn 0.7774 -0.3588 0.5166
vn -0.0291 0.6779 -0.7346
vn 0.0545 -0.9977 -0.0403
vn -0.2224 0.8399 0.4951
vn 0.7375 0.3910 0.5507
vn -0.2310 0.7950 -0.5609
vn 0.7033 0.4000 0.5876
vn -0.8613 0.4632 -0.2087
vn -0.0816 0.9723 -0.2191
vn -0.0181 -0.9990 0.0410
vt 0.726999 0.224900
vt 0.726999 0.234461
vt 0.721188 0.235169
vt 0.721188 0.223577
vt 0.814172 0.267822
vt 0.814172 0.256263
vt 0.819830 0.257702
vt 0.819830 0.267237
vt 0.846709 0.227867
vt 0.846709 0.254713
vt 0.839954 0.252507
vt 0.839954 0.229511
vt 0.857258 0.360444
vt 0.857258 0.383364
vt 0.850480 0.385112
vt 0.850480 0.358354
vt 0.962030 0.045177
vt 0.962062 0.045235
vt 0.962058 0.045228
vt 0.444731 0.965726
vt 0.445549 0.965376
vt 0.445564 0.965404
vt 0.993334 0.444039
vt 0.993540 0.443925
vt 0.993548 0.443990
vt 0.969076 0.372188
vt 0.969267 0.372245
vt 0.969038 0.372299
vt 0.088220 0.967712
vt 0.088012 0.967490
vt 0.088591 0.967553
vt 0.982288 0.475095
vt 0.981952 0.475186
vt 0.982239 0.475029
vt 0.325682 0.851333
vt 0.324818 0.851352
vt 0.325666 0.851274
vt 0.822792 0.964448
vt 0.823201 0.964899
vt 0.822761 0.964451
vt 0.314114 0.851332
vt 0.313250 0.851352
vt 0.314098 0.851274
vt 0.844662 0.964418
vt 0.845071 0.964869
vt 0.844630 0.964421
vt 0.969821 0.784351
vt 0.969973 0.786039
vt 0.969939 0.786049
vt 0.312907 0.958294
vt 0.313553 0.959853
vt 0.312856 0.958284
vt 0.961993 0.057083
vt 0.962061 0.058770
vt 0.962019 0.058844
vt 0.961993 0.043445
vt 0.962062 0.045132
vt 0.962019 0.045206
vt 0.923907 0.711992
vt 0.925140 0.710846
vt 0.925209 0.710839
vt 0.386834 0.994480
vt 0.386912 0.994228
vt 0.386912 0.994556
vt 0.993601 0.454487
vt 0.993483 0.454794
vt 0.993513 0.454413
vt 0.686999 0.143964
vt 0.686964 0.363220
vt 0.685708 0.363222
vt 0.675296 0.143968
vt 0.674008 0.365937
vt 0.674023 0.143966
vt 0.675281 0.365938
vt 0.238960 0.228600
vt 0.462303 0.005191
vt 0.462303 0.228594
vt 0.685759 0.143968
vt 0.005189 0.228567
vt 0.228598 0.005222
vt 0.228582 0.228584
vt 0.005205 0.005205
vt 0.238960 0.005196
vt 0.663611 0.143967
vt 0.663596 0.366549
vt 0.662323 0.366547
vt 0.674074 0.596328
vt 0.674009 0.376351
vt 0.675264 0.376352
vt 0.675314 0.596328
vt 0.662338 0.143965
vt 0.005192 0.459014
vt 0.005198 0.238998
vt 0.225244 0.239003
vt 0.238960 0.459029
vt 0.238960 0.238986
vt 0.458951 0.238990
vt 0.458951 0.459033
vt 0.225237 0.459018
vt 0.469299 0.500644
vt 0.558587 0.377825
vt 0.558588 0.500639
vt 0.469298 0.377830
vt 0.693214 0.005177
vt 0.693210 0.127218
vt 0.689920 0.127218
vt 0.132526 0.597053
vt 0.132584 0.685004
vt 0.129294 0.684997
vt 0.129275 0.597053
vt 0.689908 0.005184
vt 0.472650 0.128030
vt 0.472649 0.005215
vt 0.561938 0.005210
vt 0.561939 0.128024
vt 0.648940 0.238967
vt 0.648936 0.361343
vt 0.645646 0.361341
vt 0.645635 0.238971
vt 0.146311 0.597053
vt 0.142989 0.684717
vt 0.143061 0.597060
vt 0.146279 0.684716
vt 0.005206 0.586672
vt 0.088930 0.469436
vt 0.088938 0.586663
vt 0.376527 0.469401
vt 0.376523 0.585884
vt 0.312920 0.585974
vt 0.601337 0.511027
vt 0.601312 0.593204
vt 0.537690 0.593342
vt 0.312917 0.469500
vt 0.099342 0.586672
vt 0.099334 0.469445
vt 0.183065 0.469436
vt 0.183074 0.586663
vt 0.537748 0.511175
vt 0.302572 0.469401
vt 0.238963 0.586250
vt 0.238960 0.469455
vt 0.302568 0.586205
vt 0.536249 0.138412
vt 0.536303 0.220859
vt 0.472674 0.220849
vt 0.005197 0.469444
vt 0.472653 0.138412
vt 0.611682 0.511027
vt 0.634561 0.574992
vt 0.611682 0.638904
vt 0.566443 0.367443
vt 0.469353 0.367443
vt 0.469410 0.303156
vt 0.566527 0.303158
vt 0.636257 0.005172
vt 0.659135 0.068946
vt 0.636257 0.132696
vt 0.469345 0.238962
vt 0.566436 0.238962
vt 0.481538 0.712062
vt 0.480784 0.712014
vt 0.481121 0.616374
vt 0.347907 0.966500
vt 0.347647 0.967883
vt 0.346952 0.967440
vt 0.708013 0.602712
vt 0.708540 0.699809
vt 0.707994 0.699810
vt 0.708839 0.602684
vt 0.348324 0.967166
vt 0.347124 0.966699
vt 0.469631 0.616376
vt 0.470402 0.713482
vt 0.469569 0.713482
vt 0.967234 0.693110
vt 0.966947 0.694473
vt 0.966249 0.694101
vt 0.966428 0.693301
vt 0.709087 0.699834
vt 0.967626 0.693774
vt 0.481887 0.616371
vt 0.504810 0.711765
vt 0.504268 0.711707
vt 0.504602 0.616367
vt 0.503829 0.616418
vt 0.503763 0.711745
vt 0.470412 0.616352
vt 0.493027 0.712062
vt 0.492610 0.616374
vt 0.493376 0.616371
vt 0.176893 0.966564
vt 0.177310 0.967229
vt 0.176633 0.967946
vt 0.710034 0.251549
vt 0.710816 0.251525
vt 0.710806 0.348655
vt 0.175938 0.967503
vt 0.176110 0.966763
vt 0.709736 0.144015
vt 0.710263 0.241112
vt 0.709717 0.241113
vt 0.710562 0.143986
vt 0.492273 0.712014
vt 0.709972 0.348655
vt 0.516234 0.711765
vt 0.515692 0.711707
vt 0.516026 0.616367
vt 0.515187 0.711746
vt 0.515253 0.616419
vt 0.967467 0.759302
vt 0.967858 0.759967
vt 0.967208 0.760677
vt 0.966481 0.760293
vt 0.966660 0.759493
vt 0.710810 0.241137
vt 0.675219 0.957818
vt 0.675756 0.958686
vt 0.674884 0.959612
vt 0.696594 0.602703
vt 0.697603 0.602679
vt 0.697594 0.699809
vt 0.557931 0.699458
vt 0.557368 0.603769
vt 0.558363 0.603761
vt 0.696514 0.699809
vt 0.673974 0.959047
vt 0.175976 0.597104
vt 0.176660 0.694200
vt 0.175957 0.694201
vt 0.177046 0.597075
vt 0.674201 0.958081
vt 0.556945 0.699404
vt 0.674637 0.702045
vt 0.674040 0.606769
vt 0.675054 0.606711
vt 0.673975 0.702096
vt 0.675337 0.702115
vt 0.954240 0.524603
vt 0.954751 0.525469
vt 0.953876 0.526379
vt 0.952963 0.525886
vt 0.953197 0.524861
vt 0.177366 0.694225
vt 0.966392 0.494497
vt 0.966908 0.494493
vt 0.967334 0.495202
vt 0.743554 0.666963
vt 0.742762 0.666925
vt 0.742797 0.602706
vt 0.743689 0.602738
vt 0.611856 0.239134
vt 0.612403 0.238968
vt 0.635227 0.302713
vt 0.966957 0.495980
vt 0.611296 0.239363
vt 0.634726 0.302865
vt 0.634186 0.303115
vt 0.966176 0.495817
vt 0.966879 0.179136
vt 0.966120 0.179258
vt 0.965806 0.178544
vt 0.746086 0.479230
vt 0.745120 0.415002
vt 0.746003 0.415029
vt 0.966246 0.177798
vt 0.966817 0.177834
vt 0.967196 0.178256
vt 0.745222 0.479195
vt 0.634738 0.302858
vt 0.578001 0.367318
vt 0.600337 0.303090
vt 0.600897 0.303337
vt 0.577451 0.367074
vt 0.599823 0.302971
vt 0.600377 0.303131
vt 0.577455 0.367075
vt 0.600454 0.303020
vt 0.599843 0.303293
vt 0.577229 0.239215
vt 0.445073 0.966883
vt 0.444644 0.966482
vt 0.445635 0.966837
vt 0.600887 0.302917
vt 0.745259 0.343642
vt 0.744717 0.279548
vt 0.745296 0.279467
vt 0.744400 0.343695
vt 0.446007 0.966071
vt 0.578038 0.238969
vt 0.751884 0.069330
vt 0.751129 0.069399
vt 0.751412 0.005206
vt 0.752309 0.069357
vt 0.612314 0.366945
vt 0.611526 0.366674
vt 0.965792 0.190730
vt 0.965970 0.189893
vt 0.966742 0.189663
vt 0.967170 0.190406
vt 0.752222 0.005242
vt 0.966504 0.191172
vt 0.634179 0.302791
vt 0.744134 0.279474
vt 0.194532 0.597755
vt 0.193982 0.597511
vt 0.216868 0.533528
vt 0.216354 0.533408
vt 0.216909 0.533568
vt 0.193476 0.597376
vt 0.631049 0.966527
vt 0.631467 0.965710
vt 0.631987 0.965702
vt 0.632412 0.966411
vt 0.743733 0.573047
vt 0.742941 0.573009
vt 0.743271 0.508830
vt 0.746862 0.745495
vt 0.746077 0.745546
vt 0.746201 0.681315
vt 0.733304 0.211719
vt 0.732769 0.211740
vt 0.733183 0.143992
vt 0.631998 0.967207
vt 0.631449 0.967217
vt 0.747100 0.681340
vt 0.100124 0.965772
vt 0.099322 0.964588
vt 0.100116 0.964453
vt 0.099334 0.965919
vt 0.100474 0.964893
vt 0.117660 0.665585
vt 0.118193 0.733434
vt 0.117346 0.733447
vt 0.117610 0.665596
vt 0.963015 0.019675
vt 0.962491 0.018162
vt 0.962995 0.018153
vt 0.963428 0.018931
vt 0.117098 0.665666
vt 0.755156 0.576522
vt 0.754539 0.508807
vt 0.755156 0.508745
vt 0.216986 0.533458
vt 0.216375 0.533731
vt 0.193761 0.469652
vt 0.962451 0.019690
vt 0.962044 0.019105
vt 0.217429 0.533774
vt 0.217418 0.533354
vt 0.754624 0.576495
vt 0.744119 0.508747
vt 0.745338 0.208168
vt 0.744796 0.144074
vt 0.745375 0.143994
vt 0.744479 0.208221
vt 0.194569 0.469407
vt 0.965846 0.145049
vt 0.966013 0.144224
vt 0.966792 0.143981
vt 0.967223 0.144725
vt 0.755527 0.666847
vt 0.754631 0.602696
vt 0.755441 0.602732
vt 0.754499 0.666861
vt 0.744213 0.144001
vt 0.966558 0.145491
vt 0.790695 0.823628
vt 0.790530 0.759471
vt 0.790936 0.759567
vt 0.016330 0.983081
vt 0.016499 0.982548
vt 0.017106 0.982693
vt 0.791309 0.823597
vt 0.016923 0.983229
vt 0.862273 0.069321
vt 0.861892 0.005172
vt 0.862276 0.005240
vt 0.861681 0.069289
vt 0.557457 0.777677
vt 0.556987 0.777681
vt 0.557232 0.709867
vt 0.529250 0.983282
vt 0.528848 0.982904
vt 0.529241 0.982430
vt 0.529639 0.982821
vt 0.861493 0.005239
vt 0.704330 0.811496
vt 0.703850 0.811473
vt 0.704123 0.743905
vt 0.791327 0.759488
vt 0.798232 0.508775
vt 0.798702 0.508772
vt 0.798457 0.576549
vt 0.455903 0.737534
vt 0.456397 0.737531
vt 0.456127 0.805171
vt 0.876619 0.666738
vt 0.876240 0.602662
vt 0.876624 0.602730
vt 0.876015 0.666721
vt 0.139070 0.983125
vt 0.139844 0.982617
vt 0.139660 0.983181
vt 0.139226 0.982549
vt 0.846051 0.745359
vt 0.845677 0.681378
vt 0.846073 0.681288
vt 0.845450 0.745401
vt 0.875840 0.602729
vt 0.981878 0.696125
vt 0.982620 0.695670
vt 0.982444 0.696248
vt 0.982039 0.695562
vt 0.845271 0.681295
vt 0.854781 0.208081
vt 0.854593 0.144031
vt 0.854993 0.143965
vt 0.428982 0.983282
vt 0.428972 0.982430
vt 0.429371 0.982821
vt 0.822032 0.479142
vt 0.821867 0.414986
vt 0.822273 0.415082
vt 0.855372 0.208113
vt 0.855376 0.144032
vt 0.428580 0.982904
vt 0.027488 0.983081
vt 0.028264 0.982693
vt 0.028081 0.983229
vt 0.645426 0.811721
vt 0.644946 0.811698
vt 0.645219 0.744130
vt 0.822646 0.479112
vt 0.822665 0.415002
vt 0.027657 0.982548
vt 0.777975 0.347275
vt 0.777505 0.347279
vt 0.777750 0.279465
vt 0.798626 0.602691
vt 0.799096 0.602688
vt 0.798851 0.670465
vt 0.842820 0.572835
vt 0.842219 0.572877
vt 0.842446 0.508854
vt 0.842041 0.508771
vt 0.842842 0.508763
vt 0.981878 0.707404
vt 0.982620 0.706948
vt 0.982444 0.707526
vt 0.982039 0.706841
vt 0.386815 0.877344
vt 0.386640 0.813352
vt 0.387040 0.813284
vt 0.387419 0.877361
vt 0.387424 0.813352
vt 0.250652 0.983125
vt 0.251427 0.982617
vt 0.251243 0.983181
vt 0.611708 0.735439
vt 0.612202 0.735436
vt 0.611932 0.803075
vt 0.250809 0.982549
vt 0.298753 0.819927
vt 0.298139 0.819958
vt 0.298353 0.755897
vt 0.094436 0.983081
vt 0.094605 0.982548
vt 0.095212 0.982693
vt 0.297947 0.755801
vt 0.298745 0.755817
vt 0.095029 0.983229
vt 0.656324 0.811721
vt 0.655843 0.811698
vt 0.656116 0.744130
vt 0.674162 0.854777
vt 0.673974 0.790727
vt 0.674374 0.790660
vt 0.440123 0.983282
vt 0.440113 0.982430
vt 0.440512 0.982821
vt 0.674754 0.854809
vt 0.674757 0.790728
vt 0.439721 0.982904
vt 0.767078 0.347275
vt 0.766608 0.347279
vt 0.766852 0.279465
vt 0.261811 0.983125
vt 0.261967 0.982549
vt 0.262585 0.982617
vt 0.434862 0.879619
vt 0.434259 0.879602
vt 0.434484 0.815543
vt 0.434084 0.815610
vt 0.262401 0.983181
vt 0.099344 0.736308
vt 0.099838 0.736304
vt 0.099568 0.803944
vt 0.434867 0.815611
vt 0.981878 0.842743
vt 0.982039 0.842180
vt 0.982620 0.842287
vt 0.835155 0.823348
vt 0.834555 0.823391
vt 0.834781 0.759367
vt 0.982444 0.842865
vt 0.834376 0.759284
vt 0.835178 0.759277
vt 0.778313 0.414989
vt 0.778783 0.414986
vt 0.778538 0.482763
vt 0.981878 0.910258
vt 0.982654 0.909869
vt 0.982470 0.910405
vt 0.313428 0.812531
vt 0.312948 0.812508
vt 0.313221 0.744940
vt 0.982047 0.909725
vt 0.812846 0.823412
vt 0.812232 0.823442
vt 0.812473 0.759382
vt 0.812864 0.759302
vt 0.856104 0.479108
vt 0.855724 0.414959
vt 0.856108 0.415027
vt 0.855512 0.479076
vt 0.756991 0.482796
vt 0.756521 0.482801
vt 0.756766 0.414987
vt 0.607237 0.983282
vt 0.607227 0.982430
vt 0.607626 0.982821
vt 0.855324 0.415026
vt 0.606835 0.982904
vt 0.812067 0.759286
vt 0.239495 0.983126
vt 0.239651 0.982549
vt 0.240269 0.982617
vt 0.445990 0.879619
vt 0.445387 0.879602
vt 0.445612 0.815542
vt 0.445212 0.815610
vt 0.240084 0.983181
vt 0.843214 0.666751
vt 0.842840 0.602770
vt 0.843236 0.602679
vt 0.842613 0.666793
vt 0.788400 0.279467
vt 0.788870 0.279464
vt 0.788625 0.347241
vt 0.842434 0.602687
vt 0.445995 0.815611
vt 0.981878 0.741238
vt 0.982039 0.740675
vt 0.982620 0.740783
vt 0.806290 0.005177
vt 0.806784 0.005174
vt 0.806514 0.072814
vt 0.982444 0.741361
vt 0.981878 0.966471
vt 0.982654 0.966083
vt 0.982470 0.966619
vt 0.982047 0.965938
vt 0.857201 0.745418
vt 0.856820 0.681270
vt 0.857204 0.681338
vt 0.856609 0.745387
vt 0.758088 0.749107
vt 0.757618 0.749111
vt 0.757863 0.681297
vt 0.540391 0.983282
vt 0.540382 0.982430
vt 0.540780 0.982821
vt 0.856421 0.681337
vt 0.539989 0.982904
vt 0.820497 0.576366
vt 0.820017 0.576343
vt 0.820290 0.508775
vt 0.758359 0.823634
vt 0.757987 0.759604
vt 0.758378 0.759525
vt 0.757746 0.823665
vt 0.757581 0.759508
vt 0.150229 0.983126
vt 0.150385 0.982549
vt 0.151003 0.982617
vt 0.623589 0.877524
vt 0.622985 0.877507
vt 0.623210 0.813447
vt 0.622810 0.813514
vt 0.150818 0.983181
vt 0.215263 0.742412
vt 0.215757 0.742409
vt 0.215487 0.810048
vt 0.623594 0.813515
vt 0.227735 0.840762
vt 0.227556 0.776656
vt 0.227961 0.776739
vt 0.981878 0.808908
vt 0.982039 0.808345
vt 0.982620 0.808452
vt 0.982444 0.809031
vt 0.228336 0.840720
vt 0.799297 0.279467
vt 0.799767 0.279464
vt 0.799523 0.347241
vt 0.228358 0.776648
vt 0.105594 0.983081
vt 0.106370 0.982693
vt 0.106187 0.983229
vt 0.105763 0.982548
vt 0.867233 0.479108
vt 0.866852 0.414959
vt 0.867236 0.415027
vt 0.866641 0.479076
vt 0.763187 0.073009
vt 0.762718 0.073013
vt 0.762962 0.005199
vt 0.324325 0.812531
vt 0.323845 0.812508
vt 0.324118 0.744940
vt 0.823743 0.745422
vt 0.823129 0.745453
vt 0.823370 0.681392
vt 0.823762 0.681313
vt 0.866452 0.415026
vt 0.506969 0.983282
vt 0.506959 0.982430
vt 0.507358 0.982821
vt 0.506566 0.982904
vt 0.822964 0.681297
vt 0.317602 0.983125
vt 0.317758 0.982549
vt 0.318377 0.982617
vt 0.877627 0.208041
vt 0.877024 0.208024
vt 0.877249 0.143964
vt 0.876849 0.144032
vt 0.318192 0.983181
vt 0.844144 0.343527
vt 0.843769 0.279546
vt 0.844166 0.279456
vt 0.843543 0.343569
vt 0.779410 0.681299
vt 0.779880 0.681297
vt 0.779635 0.749073
vt 0.981878 0.752517
vt 0.982620 0.752061
vt 0.982444 0.752639
vt 0.982039 0.751954
vt 0.843364 0.279463
vt 0.622605 0.735439
vt 0.623098 0.735436
vt 0.622828 0.803075
vt 0.877632 0.144033
vt 0.360229 0.826827
vt 0.360064 0.762670
vt 0.360470 0.762766
vt 0.116752 0.983081
vt 0.116921 0.982548
vt 0.117528 0.982693
vt 0.360843 0.826796
vt 0.117345 0.983229
vt 0.335222 0.812531
vt 0.334742 0.812508
vt 0.335015 0.744940
vt 0.360862 0.762686
vt 0.035773 0.868249
vt 0.035181 0.868217
vt 0.035393 0.804100
vt 0.034992 0.804167
vt 0.596096 0.983282
vt 0.595694 0.982904
vt 0.596086 0.982430
vt 0.596485 0.982821
vt 0.348685 0.770121
vt 0.348215 0.770126
vt 0.348460 0.702312
vt 0.035776 0.804168
vt 0.788479 0.143994
vt 0.788949 0.143991
vt 0.788704 0.211768
vt 0.844223 0.208054
vt 0.843849 0.144073
vt 0.844245 0.143982
vt 0.843622 0.208096
vt 0.981878 0.651012
vt 0.982620 0.650556
vt 0.982444 0.651134
vt 0.982039 0.650449
vt 0.843443 0.143990
vt 0.528343 0.742478
vt 0.528837 0.742475
vt 0.528567 0.810115
vt 0.878359 0.479036
vt 0.877980 0.414959
vt 0.878364 0.415028
vt 0.877755 0.479019
vt 0.877580 0.415027
vt 0.328761 0.983126
vt 0.329535 0.982617
vt 0.329350 0.983181
vt 0.328917 0.982549
vt 0.005172 0.983081
vt 0.005948 0.982693
vt 0.005765 0.983229
vt 0.812573 0.748890
vt 0.812093 0.748867
vt 0.812366 0.681299
vt 0.005341 0.982548
vt 0.492723 0.820199
vt 0.492109 0.820230
vt 0.492350 0.756169
vt 0.492742 0.756090
vt 0.557133 0.852168
vt 0.556945 0.788118
vt 0.557344 0.788052
vt 0.406700 0.983282
vt 0.406298 0.982904
vt 0.406691 0.982430
vt 0.407089 0.982821
vt 0.491944 0.756073
vt 0.557725 0.852200
vt 0.557729 0.788119
vt 0.176450 0.772433
vt 0.175980 0.772438
vt 0.176225 0.704624
vt 0.161387 0.983125
vt 0.162161 0.982617
vt 0.161976 0.983181
vt 0.539240 0.742478
vt 0.539734 0.742475
vt 0.539464 0.810115
vt 0.873400 0.069249
vt 0.873021 0.005172
vt 0.873405 0.005240
vt 0.872796 0.069232
vt 0.161543 0.982549
vt 0.831460 0.666793
vt 0.831282 0.602687
vt 0.831686 0.602770
vt 0.832061 0.666751
vt 0.832083 0.602680
vt 0.981878 0.797630
vt 0.982620 0.797174
vt 0.982444 0.797752
vt 0.982039 0.797067
vt 0.872621 0.005239
vt 0.799377 0.143994
vt 0.799847 0.143991
vt 0.799602 0.211768
vt 0.776909 0.576582
vt 0.776440 0.576587
vt 0.776684 0.508773
vt 0.038646 0.983081
vt 0.039422 0.982693
vt 0.039239 0.983229
vt 0.817672 0.072793
vt 0.817192 0.072770
vt 0.817465 0.005202
vt 0.515967 0.864458
vt 0.515375 0.864427
vt 0.515586 0.800310
vt 0.515186 0.800376
vt 0.417841 0.983282
vt 0.417439 0.982904
vt 0.417832 0.982430
vt 0.418230 0.982821
vt 0.515970 0.800378
vt 0.746818 0.820063
vt 0.746419 0.756033
vt 0.746810 0.755954
vt 0.746205 0.820095
vt 0.746013 0.755938
vt 0.038815 0.982548
vt 0.172545 0.983126
vt 0.173319 0.982617
vt 0.173135 0.983181
vt 0.415762 0.842180
vt 0.415388 0.778200
vt 0.415784 0.778109
vt 0.415161 0.842223
vt 0.172701 0.982549
vt 0.789211 0.414989
vt 0.789681 0.414986
vt 0.789436 0.482763
vt 0.633502 0.735439
vt 0.633995 0.735436
vt 0.633725 0.803075
vt 0.089200 0.878392
vt 0.088821 0.814316
vt 0.089205 0.814384
vt 0.088596 0.878375
vt 0.981878 0.854021
vt 0.982620 0.853565
vt 0.982444 0.854144
vt 0.982039 0.853458
vt 0.414982 0.778116
vt 0.088421 0.814383
vt 0.503264 0.820230
vt 0.503099 0.756073
vt 0.503505 0.756169
vt 0.981878 0.921501
vt 0.982047 0.920968
vt 0.982654 0.921112
vt 0.503878 0.820199
vt 0.982470 0.921648
vt 0.600725 0.810334
vt 0.600245 0.810311
vt 0.600518 0.742743
vt 0.503897 0.756090
vt 0.850553 0.069289
vt 0.850365 0.005239
vt 0.850765 0.005172
vt 0.518110 0.983282
vt 0.517707 0.982904
vt 0.518100 0.982430
vt 0.518499 0.982821
vt 0.851145 0.069321
vt 0.851148 0.005240
vt 0.774084 0.073009
vt 0.773615 0.073013
vt 0.773859 0.005199
vt 0.800108 0.414989
vt 0.800578 0.414986
vt 0.800333 0.482762
vt 0.876945 0.343497
vt 0.876769 0.279505
vt 0.877169 0.279438
vt 0.272969 0.983126
vt 0.273125 0.982549
vt 0.273744 0.982617
vt 0.877548 0.343514
vt 0.273559 0.983181
vt 0.578446 0.742719
vt 0.578939 0.742716
vt 0.578669 0.810356
vt 0.877553 0.279506
vt 0.833801 0.479049
vt 0.833427 0.415068
vt 0.833823 0.414977
vt 0.833200 0.479091
vt 0.981878 0.639734
vt 0.982620 0.639278
vt 0.982443 0.639856
vt 0.982039 0.639171
vt 0.833021 0.414985
vt 0.767157 0.211801
vt 0.766687 0.211806
vt 0.766932 0.143992
vt 0.127910 0.983081
vt 0.128686 0.982693
vt 0.128503 0.983229
vt 0.047308 0.813379
vt 0.046828 0.813356
vt 0.047101 0.745788
vt 0.128079 0.982548
vt 0.821836 0.343590
vt 0.821222 0.343621
vt 0.821463 0.279560
vt 0.821854 0.279481
vt 0.856842 0.823376
vt 0.856653 0.759326
vt 0.857053 0.759259
vt 0.551532 0.983282
vt 0.551523 0.982430
vt 0.551921 0.982821
vt 0.857434 0.823408
vt 0.857437 0.759327
vt 0.551130 0.982904
vt 0.821057 0.279464
vt 0.809509 0.602667
vt 0.810003 0.602664
vt 0.809733 0.670303
vt 0.868560 0.823336
vt 0.868181 0.759259
vt 0.868565 0.759327
vt 0.981878 0.820186
vt 0.982039 0.819623
vt 0.982620 0.819731
vt 0.839995 0.069261
vt 0.839621 0.005280
vt 0.840017 0.005190
vt 0.839394 0.069304
vt 0.982444 0.820309
vt 0.839216 0.005197
vt 0.183703 0.983126
vt 0.184477 0.982617
vt 0.184293 0.983181
vt 0.867957 0.823319
vt 0.183859 0.982549
vt 0.867781 0.759326
vt 0.674014 0.712515
vt 0.674484 0.712513
vt 0.674239 0.780289
vt 0.143130 0.828119
vt 0.142965 0.763962
vt 0.143371 0.764058
vt 0.981878 0.932743
vt 0.982047 0.932210
vt 0.982654 0.932355
vt 0.143744 0.828088
vt 0.982470 0.932891
vt 0.855294 0.343586
vt 0.854913 0.279438
vt 0.855297 0.279506
vt 0.854702 0.343555
vt 0.766012 0.576582
vt 0.765543 0.576587
vt 0.765787 0.508773
vt 0.811476 0.482580
vt 0.810996 0.482557
vt 0.811269 0.414989
vt 0.143762 0.763978
vt 0.854513 0.279504
vt 0.562673 0.983282
vt 0.562663 0.982430
vt 0.563062 0.982821
vt 0.562271 0.982904
vt 0.348356 0.844627
vt 0.348177 0.780521
vt 0.348582 0.780604
vt 0.284128 0.983125
vt 0.284902 0.982617
vt 0.284717 0.983181
vt 0.238986 0.739846
vt 0.239479 0.739843
vt 0.239209 0.807483
vt 0.348957 0.844585
vt 0.348979 0.780514
vt 0.981878 0.831465
vt 0.982620 0.831009
vt 0.982444 0.831587
vt 0.982039 0.830902
vt 0.457119 0.879619
vt 0.456740 0.815542
vt 0.457124 0.815611
vt 0.456515 0.879602
vt 0.284284 0.982549
vt 0.456340 0.815610
vt 0.784509 0.005201
vt 0.784979 0.005199
vt 0.784735 0.072975
vt 0.117609 0.811438
vt 0.117129 0.811415
vt 0.117402 0.743847
vt 0.049804 0.983081
vt 0.050580 0.982693
vt 0.050396 0.983229
vt 0.049973 0.982548
vt 0.074779 0.827637
vt 0.074165 0.827668
vt 0.074406 0.763607
vt 0.074797 0.763527
vt 0.573814 0.983282
vt 0.573804 0.982430
vt 0.574203 0.982821
vt 0.074000 0.763511
vt 0.864506 0.572863
vt 0.864318 0.508812
vt 0.864717 0.508746
vt 0.865098 0.572894
vt 0.573412 0.982904
vt 0.865101 0.508813
vt 0.756181 0.347275
vt 0.755711 0.347279
vt 0.755955 0.279465
vt 0.515226 0.722164
vt 0.515696 0.722162
vt 0.515451 0.789938
vt 0.339918 0.983126
vt 0.340693 0.982617
vt 0.340509 0.983181
vt 0.434110 0.737534
vt 0.434603 0.737531
vt 0.434333 0.805171
vt 0.844354 0.479091
vt 0.844175 0.414985
vt 0.844580 0.415068
vt 0.844954 0.479049
vt 0.844977 0.414977
vt 0.981878 0.763795
vt 0.982620 0.763339
vt 0.982444 0.763917
vt 0.982039 0.763232
vt 0.879085 0.823319
vt 0.878909 0.759326
vt 0.879309 0.759259
vt 0.879688 0.823336
vt 0.879693 0.759327
vt 0.340075 0.982549
vt 0.981878 0.887773
vt 0.982047 0.887240
vt 0.982654 0.887384
vt 0.982470 0.887920
vt 0.865493 0.666810
vt 0.865111 0.602662
vt 0.865496 0.602729
vt 0.864901 0.666779
vt 0.756260 0.211801
vt 0.755790 0.211806
vt 0.756035 0.143992
vt 0.371998 0.826796
vt 0.371384 0.826827
vt 0.371625 0.762766
vt 0.371219 0.762670
vt 0.693432 0.811496
vt 0.692952 0.811473
vt 0.693225 0.743905
vt 0.372017 0.762686
vt 0.451264 0.983282
vt 0.451254 0.982430
vt 0.451653 0.982821
vt 0.864712 0.602728
vt 0.450862 0.982904
vt 0.787334 0.508775
vt 0.787804 0.508772
vt 0.787559 0.576549
vt 0.250263 0.881914
vt 0.250088 0.817922
vt 0.250488 0.817855
vt 0.295286 0.983126
vt 0.295442 0.982549
vt 0.296060 0.982617
vt 0.250866 0.881931
vt 0.295876 0.983181
vt 0.828867 0.069261
vt 0.828467 0.005281
vt 0.828864 0.005190
vt 0.828266 0.069304
vt 0.088447 0.736308
vt 0.088941 0.736304
vt 0.088671 0.803944
vt 0.250871 0.817923
vt 0.981878 0.718682
vt 0.982039 0.718119
vt 0.982620 0.718226
vt 0.828063 0.005198
vt 0.982443 0.718804
vt 0.415490 0.767716
vt 0.415021 0.767721
vt 0.415265 0.699907
vt 0.060962 0.983081
vt 0.061738 0.982693
vt 0.061555 0.983229
vt 0.061131 0.982549
vt 0.846305 0.823408
vt 0.845925 0.759259
vt 0.846309 0.759327
vt 0.845714 0.823376
vt 0.589827 0.810334
vt 0.589347 0.810311
vt 0.589620 0.742743
vt 0.845525 0.759326
vt 0.384419 0.983282
vt 0.384409 0.982430
vt 0.384807 0.982821
vt 0.384016 0.982904
vt 0.824000 0.823412
vt 0.823387 0.823443
vt 0.823628 0.759382
vt 0.823222 0.759286
vt 0.824019 0.759302
vt 0.612461 0.877524
vt 0.611857 0.877507
vt 0.612082 0.813447
vt 0.194862 0.983126
vt 0.195018 0.982549
vt 0.195636 0.982617
vt 0.611682 0.813514
vt 0.195451 0.983181
vt 0.249882 0.739846
vt 0.250376 0.739843
vt 0.250106 0.807483
vt 0.612466 0.813515
vt 0.154323 0.828067
vt 0.154119 0.763961
vt 0.154524 0.764044
vt 0.981878 0.662290
vt 0.982039 0.661727
vt 0.982620 0.661835
vt 0.982444 0.662413
vt 0.787728 0.602691
vt 0.788198 0.602688
vt 0.787954 0.670465
vt 0.154924 0.828025
vt 0.154921 0.763953
vt 0.853970 0.572894
vt 0.853378 0.572863
vt 0.853590 0.508746
vt 0.981878 0.943986
vt 0.982654 0.943597
vt 0.982470 0.944133
vt 0.982047 0.943453
vt 0.853973 0.508814
vt 0.228320 0.766256
vt 0.227851 0.766260
vt 0.228095 0.698446
vt 0.853190 0.508812
vt 0.058206 0.813379
vt 0.057726 0.813356
vt 0.057999 0.745788
vt 0.130048 0.825735
vt 0.129675 0.761705
vt 0.130066 0.761626
vt 0.473546 0.983282
vt 0.473144 0.982904
vt 0.473536 0.982430
vt 0.129434 0.825766
vt 0.473935 0.982821
vt 0.129269 0.761610
vt 0.351077 0.983126
vt 0.351233 0.982549
vt 0.351851 0.982617
vt 0.868328 0.745347
vt 0.867724 0.745330
vt 0.867949 0.681270
vt 0.867549 0.681337
vt 0.017109 0.830300
vt 0.016509 0.830342
vt 0.016735 0.766319
vt 0.016330 0.766236
vt 0.981878 0.673569
vt 0.982620 0.673113
vt 0.982444 0.673691
vt 0.351667 0.983181
vt 0.193469 0.742412
vt 0.193963 0.742409
vt 0.193693 0.810049
vt 0.868333 0.681338
vt 0.982039 0.673006
vt 0.790307 0.681299
vt 0.790777 0.681297
vt 0.790532 0.749073
vt 0.017131 0.766228
vt 0.981878 0.955229
vt 0.982654 0.954840
vt 0.982470 0.955376
vt 0.982047 0.954696
vt 0.470076 0.866201
vt 0.469696 0.802052
vt 0.470079 0.802120
vt 0.469484 0.866169
vt 0.767888 0.482796
vt 0.767419 0.482801
vt 0.767663 0.414987
vt 0.810666 0.347058
vt 0.810186 0.347035
vt 0.810459 0.279467
vt 0.287598 0.819927
vt 0.286984 0.819958
vt 0.287198 0.755897
vt 0.287590 0.755817
vt 0.484687 0.983282
vt 0.484285 0.982904
vt 0.484677 0.982430
vt 0.485076 0.982821
vt 0.469296 0.802119
vt 0.286792 0.755802
vt 0.306444 0.983125
vt 0.306600 0.982549
vt 0.307218 0.982617
vt 0.100328 0.878392
vt 0.099724 0.878376
vt 0.099949 0.814316
vt 0.099549 0.814383
vt 0.832990 0.343527
vt 0.832616 0.279546
vt 0.833013 0.279456
vt 0.832390 0.343569
vt 0.981878 0.729960
vt 0.982620 0.729505
vt 0.982444 0.730083
vt 0.982039 0.729397
vt 0.832211 0.279463
vt 0.307034 0.983181
vt 0.397794 0.735115
vt 0.398288 0.735112
vt 0.398018 0.802751
vt 0.100333 0.814384
vt 0.469335 0.723907
vt 0.469805 0.723904
vt 0.469561 0.791681
vt 0.480954 0.820230
vt 0.480789 0.756074
vt 0.481195 0.756169
vt 0.072120 0.983081
vt 0.072289 0.982548
vt 0.072896 0.982693
vt 0.481568 0.820199
vt 0.719976 0.816232
vt 0.719496 0.816209
vt 0.719769 0.748641
vt 0.481587 0.756090
vt 0.495828 0.983282
vt 0.495425 0.982904
vt 0.495818 0.982430
vt 0.496217 0.982821
vt 0.176127 0.846925
vt 0.175938 0.782875
vt 0.176338 0.782808
vt 0.072712 0.983229
vt 0.778054 0.211801
vt 0.777585 0.211806
vt 0.777829 0.143992
vt 0.176719 0.846957
vt 0.176722 0.782876
vt 0.397944 0.877183
vt 0.397768 0.813190
vt 0.398168 0.813123
vt 0.981878 0.775073
vt 0.982620 0.774618
vt 0.982444 0.775196
vt 0.833070 0.208054
vt 0.832695 0.144073
vt 0.833092 0.143982
vt 0.832469 0.208096
vt 0.982039 0.774510
vt 0.832290 0.143990
vt 0.206020 0.983126
vt 0.206794 0.982617
vt 0.206610 0.983181
vt 0.204366 0.742412
vt 0.204860 0.742409
vt 0.204590 0.810049
vt 0.398547 0.877200
vt 0.398552 0.813191
vt 0.206176 0.982549
vt 0.801205 0.681299
vt 0.801675 0.681297
vt 0.801430 0.749073
vt 0.981878 0.876530
vt 0.982654 0.876141
vt 0.982470 0.876677
vt 0.810745 0.211585
vt 0.810265 0.211562
vt 0.810538 0.143994
vt 0.982047 0.875997
vt 0.780154 0.823597
vt 0.779540 0.823628
vt 0.779781 0.759567
vt 0.780172 0.759488
vt 0.854364 0.666810
vt 0.853984 0.602662
vt 0.854367 0.602729
vt 0.853772 0.666779
vt 0.777303 0.670498
vt 0.776834 0.670503
vt 0.777078 0.602689
vt 0.584955 0.983282
vt 0.584553 0.982904
vt 0.584945 0.982430
vt 0.585344 0.982821
vt 0.853584 0.602728
vt 0.779375 0.759472
vt 0.035032 0.725955
vt 0.035502 0.725952
vt 0.035258 0.793729
vt 0.217178 0.983126
vt 0.217952 0.982617
vt 0.217768 0.983181
vt 0.005981 0.830300
vt 0.005582 0.766319
vt 0.005978 0.766228
vt 0.005380 0.830342
vt 0.217334 0.982549
vt 0.005176 0.766236
vt 0.260779 0.739846
vt 0.261273 0.739843
vt 0.261003 0.807483
vt 0.876224 0.572822
vt 0.875846 0.508746
vt 0.876229 0.508814
vt 0.981878 0.684847
vt 0.982039 0.684284
vt 0.982620 0.684391
vt 0.875621 0.572805
vt 0.875446 0.508813
vt 0.982444 0.684969
vt 0.462405 0.983282
vt 0.462395 0.982430
vt 0.462794 0.982821
vt 0.866422 0.343586
vt 0.866042 0.279438
vt 0.866425 0.279506
vt 0.865830 0.343555
vt 0.865641 0.279504
vt 0.462003 0.982904
vt 0.821301 0.208148
vt 0.821136 0.143991
vt 0.821542 0.144087
vt 0.821915 0.208117
vt 0.821934 0.144007
vt 0.083278 0.983081
vt 0.084054 0.982693
vt 0.083871 0.983229
vt 0.820891 0.670282
vt 0.820411 0.670259
vt 0.820684 0.602691
vt 0.083447 0.982548
vt 0.766406 0.670498
vt 0.765937 0.670503
vt 0.766181 0.602689
vt 0.386911 0.735139
vt 0.387381 0.735136
vt 0.387136 0.802913
vt 0.362235 0.983126
vt 0.363010 0.982617
vt 0.362825 0.983181
vt 0.809115 0.508751
vt 0.809609 0.508747
vt 0.809339 0.576387
vt 0.239738 0.881931
vt 0.239360 0.817855
vt 0.239743 0.817923
vt 0.239135 0.881914
vt 0.362391 0.982549
vt 0.981878 0.865299
vt 0.982039 0.864736
vt 0.982620 0.864844
vt 0.834297 0.745401
vt 0.834118 0.681295
vt 0.834523 0.681378
vt 0.238960 0.817922
vt 0.982444 0.865422
vt 0.834898 0.745359
vt 0.834920 0.681288
vt 0.275829 0.819958
vt 0.275638 0.755802
vt 0.276044 0.755897
vt 0.981878 0.899015
vt 0.982047 0.898482
vt 0.982654 0.898627
vt 0.276443 0.819927
vt 0.866501 0.208113
vt 0.865909 0.208081
vt 0.866120 0.143965
vt 0.982470 0.899163
vt 0.866504 0.144032
vt 0.768985 0.749107
vt 0.768515 0.749111
vt 0.768760 0.681297
vt 0.865721 0.144031
vt 0.730873 0.816232
vt 0.730393 0.816209
vt 0.730666 0.748641
vt 0.276435 0.755817
vt 0.395560 0.983282
vt 0.395157 0.982904
vt 0.395550 0.982430
vt 0.395948 0.982821
vt 0.228336 0.983125
vt 0.229110 0.982617
vt 0.228926 0.983181
vt 0.831667 0.572835
vt 0.831292 0.508854
vt 0.831689 0.508764
vt 0.831066 0.572877
vt 0.228492 0.982549
vt 0.795407 0.005202
vt 0.795877 0.005199
vt 0.795632 0.072975
vt 0.445006 0.737534
vt 0.445500 0.737531
vt 0.445230 0.805171
vt 0.878852 0.745330
vt 0.878677 0.681337
vt 0.879077 0.681270
vt 0.981878 0.786351
vt 0.982620 0.785896
vt 0.982444 0.786474
vt 0.982039 0.785788
vt 0.879456 0.745347
vt 0.879461 0.681338
vt 0.830887 0.508771
vt 0.889839 0.670891
vt 0.891447 0.645935
vt 0.891449 0.670888
vt 0.022915 0.697372
vt 0.005202 0.722219
vt 0.005234 0.697372
vt 0.022904 0.722222
vt 0.917419 0.043492
vt 0.918988 0.061176
vt 0.917419 0.061153
vt 0.468437 0.901569
vt 0.468435 0.876615
vt 0.470045 0.876613
vt 0.809842 0.898900
vt 0.811418 0.898880
vt 0.811416 0.916582
vt 0.470047 0.901567
vt 0.918991 0.043476
vt 0.256719 0.704678
vt 0.256690 0.729460
vt 0.238990 0.729458
vt 0.809842 0.916563
vt 0.239038 0.704678
vt 0.889837 0.645937
vt 0.709100 0.710205
vt 0.709089 0.733495
vt 0.692951 0.733493
vt 0.692981 0.710205
vt 0.021366 0.732602
vt 0.005202 0.755827
vt 0.005248 0.732602
vt 0.021339 0.755829
vt 0.468407 0.911982
vt 0.468929 0.911983
vt 0.468926 0.928897
vt 0.457413 0.890044
vt 0.457933 0.906959
vt 0.457415 0.906969
vt 0.457936 0.890044
vt 0.468410 0.928904
vt 0.928953 0.833835
vt 0.929475 0.833836
vt 0.929471 0.850749
vt 0.895075 0.910831
vt 0.895598 0.910831
vt 0.895594 0.927746
vt 0.895077 0.927755
vt 0.928956 0.850757
vt 0.017019 0.912641
vt 0.017537 0.929556
vt 0.017022 0.929563
vt 0.017541 0.912642
vt 0.923269 0.114098
vt 0.923793 0.114097
vt 0.923789 0.131013
vt 0.923271 0.131022
vt 0.907073 0.043451
vt 0.906187 0.069225
vt 0.906182 0.043452
vt 0.907068 0.069229
vt 0.432226 0.962093
vt 0.432234 0.964656
vt 0.431354 0.964651
vt 0.867619 0.384347
vt 0.870252 0.358391
vt 0.870259 0.384342
vt 0.964027 0.536852
vt 0.963162 0.539417
vt 0.963174 0.536852
vt 0.018203 0.866747
vt 0.018196 0.840795
vt 0.020835 0.840789
vt 0.020842 0.866741
vt 0.431373 0.962093
vt 0.130156 0.877731
vt 0.129270 0.903576
vt 0.129265 0.877732
vt 0.130151 0.903581
vt 0.964043 0.539422
vt 0.867613 0.358397
vt 0.858714 0.900468
vt 0.860322 0.875512
vt 0.860324 0.900466
vt 0.733029 0.095856
vt 0.733000 0.120638
vt 0.715299 0.120636
vt 0.917807 0.005219
vt 0.919379 0.005203
vt 0.919376 0.022903
vt 0.715348 0.095856
vt 0.175938 0.899009
vt 0.177511 0.916691
vt 0.175938 0.916672
vt 0.177514 0.898989
vt 0.858712 0.875515
vt 0.404614 0.699880
vt 0.386901 0.724727
vt 0.386933 0.699880
vt 0.404603 0.724729
vt 0.891832 0.347975
vt 0.891829 0.323021
vt 0.893439 0.323019
vt 0.893441 0.347972
vt 0.917807 0.022880
vt 0.496978 0.722439
vt 0.496951 0.745666
vt 0.480815 0.745663
vt 0.480860 0.722439
vt 0.734546 0.455929
vt 0.718398 0.479217
vt 0.718427 0.455929
vt 0.734535 0.479219
vt 0.923691 0.645063
vt 0.924211 0.661978
vt 0.923693 0.661987
vt 0.190612 0.913115
vt 0.191135 0.913116
vt 0.191131 0.930030
vt 0.190615 0.930037
vt 0.924214 0.645063
vt 0.929762 0.005206
vt 0.930284 0.005207
vt 0.930280 0.022121
vt 0.923691 0.722928
vt 0.924215 0.722927
vt 0.924211 0.739843
vt 0.923693 0.739852
vt 0.929765 0.022128
vt 0.925184 0.387054
vt 0.925707 0.387054
vt 0.925703 0.403969
vt 0.005176 0.912644
vt 0.005695 0.929558
vt 0.005179 0.929566
vt 0.005699 0.912645
vt 0.925186 0.403978
vt 0.692938 0.876254
vt 0.695572 0.850297
vt 0.695578 0.876249
vt 0.692932 0.850303
vt 0.907460 0.005177
vt 0.907455 0.030956
vt 0.906575 0.030952
vt 0.963502 0.930076
vt 0.963519 0.932647
vt 0.962638 0.932642
vt 0.962650 0.930076
vt 0.902717 0.645035
vt 0.901831 0.670880
vt 0.901826 0.645036
vt 0.902712 0.670885
vt 0.906570 0.005179
vt 0.964384 0.602661
vt 0.964393 0.605224
vt 0.963512 0.605219
vt 0.154132 0.864471
vt 0.156765 0.838515
vt 0.156771 0.864466
vt 0.154126 0.838520
vt 0.963532 0.602661
vt 0.546077 0.707310
vt 0.528347 0.732090
vt 0.528396 0.707310
vt 0.480784 0.899037
vt 0.482358 0.916719
vt 0.480784 0.916700
vt 0.515220 0.899827
vt 0.515218 0.874873
vt 0.516828 0.874871
vt 0.546048 0.732092
vt 0.556945 0.900896
vt 0.558516 0.900880
vt 0.558514 0.918580
vt 0.299975 0.900841
vt 0.301583 0.875886
vt 0.301585 0.900839
vt 0.556945 0.918557
vt 0.299973 0.875888
vt 0.629425 0.700204
vt 0.629414 0.725053
vt 0.611712 0.725051
vt 0.611744 0.700204
vt 0.516830 0.899825
vt 0.482361 0.899017
vt 0.159154 0.730327
vt 0.142990 0.753552
vt 0.143036 0.730327
vt 0.159127 0.753555
vt 0.062976 0.712088
vt 0.046828 0.735376
vt 0.046857 0.712087
vt 0.062965 0.735378
vt 0.925519 0.358387
vt 0.926038 0.375302
vt 0.925521 0.375311
vt 0.926042 0.358387
vt 0.930018 0.903568
vt 0.930541 0.903569
vt 0.930537 0.920482
vt 0.930021 0.920490
vt 0.929374 0.043479
vt 0.929893 0.060394
vt 0.929377 0.060401
vt 0.929897 0.043480
vt 0.926595 0.227901
vt 0.927115 0.244815
vt 0.926597 0.244825
vt 0.927118 0.227900
vt 0.930284 0.875461
vt 0.930807 0.875462
vt 0.930803 0.892376
vt 0.858684 0.910881
vt 0.859207 0.910881
vt 0.859203 0.927796
vt 0.930287 0.892383
vt 0.858686 0.927805
vt 0.907983 0.875433
vt 0.907097 0.901207
vt 0.907092 0.875434
vt 0.907978 0.901211
vt 0.859559 0.962483
vt 0.859568 0.965046
vt 0.858687 0.965041
vt 0.866446 0.114184
vt 0.869079 0.088226
vt 0.869085 0.114178
vt 0.373089 0.863201
vt 0.373083 0.837251
vt 0.375722 0.837245
vt 0.964027 0.562721
vt 0.963162 0.565287
vt 0.963174 0.562721
vt 0.964043 0.565292
vt 0.902717 0.722899
vt 0.901831 0.748744
vt 0.901826 0.722900
vt 0.902712 0.748749
vt 0.866440 0.088232
vt 0.375729 0.863196
vt 0.858707 0.962483
vt 0.797765 0.900626
vt 0.799372 0.875670
vt 0.799374 0.900624
vt 0.211203 0.707245
vt 0.211174 0.732027
vt 0.193473 0.732024
vt 0.916998 0.833848
vt 0.918569 0.833832
vt 0.918567 0.851532
vt 0.193522 0.707244
vt 0.287441 0.898765
vt 0.289014 0.916447
vt 0.287441 0.916428
vt 0.289017 0.898745
vt 0.797763 0.875672
vt 0.894583 0.030163
vt 0.894581 0.005209
vt 0.896190 0.005207
vt 0.160703 0.695097
vt 0.142990 0.719945
vt 0.143022 0.695097
vt 0.160692 0.719947
vt 0.916998 0.851509
vt 0.896192 0.030161
vt 0.757855 0.376316
vt 0.741692 0.399541
vt 0.741737 0.376316
vt 0.757828 0.399543
vt 0.735643 0.714941
vt 0.719495 0.738229
vt 0.719524 0.714941
vt 0.735632 0.738231
vt 0.797735 0.911039
vt 0.798258 0.911039
vt 0.798254 0.927954
vt 0.129268 0.914000
vt 0.129790 0.914001
vt 0.129786 0.930915
vt 0.129271 0.930922
vt 0.797737 0.927963
vt 0.907095 0.911632
vt 0.907618 0.911632
vt 0.907615 0.928547
vt 0.930542 0.536886
vt 0.931064 0.536887
vt 0.931061 0.553800
vt 0.930545 0.553808
vt 0.907097 0.928556
vt 0.930542 0.564212
vt 0.931065 0.564212
vt 0.931061 0.581126
vt 0.930545 0.581134
vt 0.871263 0.911834
vt 0.871786 0.911833
vt 0.871782 0.928749
vt 0.871265 0.928758
vt 0.908954 0.544922
vt 0.908068 0.570696
vt 0.908063 0.544923
vt 0.908949 0.570701
vt 0.883930 0.962432
vt 0.883938 0.964994
vt 0.883058 0.964989
vt 0.869091 0.253861
vt 0.871724 0.227904
vt 0.871731 0.253856
vt 0.869085 0.227910
vt 0.906651 0.833806
vt 0.906646 0.859656
vt 0.905766 0.859651
vt 0.883077 0.962432
vt 0.964027 0.549787
vt 0.964043 0.552357
vt 0.963162 0.552352
vt 0.905761 0.833807
vt 0.963174 0.549787
vt 0.005190 0.866746
vt 0.005184 0.840795
vt 0.007823 0.840789
vt 0.007829 0.866741
vt 0.918329 0.875474
vt 0.919901 0.875459
vt 0.919898 0.893159
vt 0.596179 0.707551
vt 0.578450 0.732331
vt 0.578498 0.707551
vt 0.745177 0.900866
vt 0.746784 0.875910
vt 0.746786 0.900863
vt 0.596150 0.732333
vt 0.883085 0.900417
vt 0.884692 0.875461
vt 0.884694 0.900415
vt 0.293376 0.686936
vt 0.275663 0.711783
vt 0.275694 0.686936
vt 0.293364 0.711786
vt 0.918329 0.893135
vt 0.492740 0.899037
vt 0.494316 0.899017
vt 0.494313 0.916719
vt 0.745175 0.875912
vt 0.492740 0.916700
vt 0.883083 0.875464
vt 0.291826 0.722166
vt 0.291799 0.745393
vt 0.275663 0.745391
vt 0.275708 0.722166
vt 0.735643 0.681270
vt 0.719495 0.704558
vt 0.719524 0.681270
vt 0.735632 0.704560
vt 0.515190 0.910239
vt 0.515710 0.927154
vt 0.515192 0.927163
vt 0.515714 0.910239
vt 0.327700 0.914509
vt 0.328222 0.914509
vt 0.328218 0.931423
vt 0.327703 0.931431
vt 0.719468 0.914350
vt 0.719990 0.914351
vt 0.719987 0.931265
vt 0.719471 0.931272
vt 0.926868 0.322147
vt 0.927388 0.339062
vt 0.926870 0.339071
vt 0.927391 0.322147
vt 0.299945 0.911254
vt 0.300464 0.928169
vt 0.299947 0.928179
vt 0.058369 0.914200
vt 0.058888 0.931115
vt 0.058372 0.931122
vt 0.058892 0.914201
vt 0.300468 0.911254
vt 0.074012 0.864043
vt 0.076646 0.838086
vt 0.076652 0.864037
vt 0.074006 0.838092
vt 0.895290 0.962433
vt 0.895299 0.964996
vt 0.894418 0.964991
vt 0.894437 0.962433
vt 0.908954 0.508751
vt 0.908068 0.534525
vt 0.908063 0.508752
vt 0.904710 0.322119
vt 0.903824 0.347964
vt 0.903819 0.322120
vt 0.904705 0.347969
vt 0.964249 0.030262
vt 0.964266 0.032833
vt 0.963385 0.032828
vt 0.705951 0.876254
vt 0.705945 0.850303
vt 0.708585 0.850298
vt 0.963397 0.030262
vt 0.908949 0.534530
vt 0.708591 0.876249
vt 0.895105 0.900418
vt 0.896713 0.875462
vt 0.896715 0.900416
vt 0.919300 0.508792
vt 0.920869 0.526477
vt 0.919300 0.526454
vt 0.895103 0.875465
vt 0.106164 0.701073
vt 0.106153 0.725922
vt 0.088451 0.725920
vt 0.920872 0.508777
vt 0.889839 0.747885
vt 0.891447 0.722929
vt 0.891449 0.747883
vt 0.088483 0.701072
vt 0.916054 0.800934
vt 0.917631 0.800914
vt 0.917628 0.818616
vt 0.916055 0.818597
vt 0.889837 0.722931
vt 0.451843 0.702366
vt 0.434114 0.727146
vt 0.434163 0.702366
vt 0.451814 0.727148
vt 0.376253 0.729035
vt 0.360089 0.752260
vt 0.360134 0.729035
vt 0.376226 0.752262
vt 0.737366 0.245767
vt 0.737355 0.269057
vt 0.721218 0.269055
vt 0.721247 0.245767
vt 0.930937 0.602695
vt 0.931455 0.619610
vt 0.930939 0.619617
vt 0.931458 0.602696
vt 0.745147 0.911278
vt 0.745670 0.911278
vt 0.745666 0.928193
vt 0.745149 0.928203
vt 0.730376 0.914350
vt 0.730898 0.914351
vt 0.730895 0.931265
vt 0.883055 0.910830
vt 0.883574 0.927745
vt 0.883057 0.927754
vt 0.883578 0.910830
vt 0.730379 0.931272
vt 0.928014 0.800917
vt 0.928533 0.817832
vt 0.928016 0.817841
vt 0.312921 0.914506
vt 0.313443 0.914507
vt 0.313439 0.931421
vt 0.312924 0.931428
vt 0.928537 0.800917
vt 0.909348 0.602667
vt 0.908462 0.628441
vt 0.908457 0.602668
vt 0.909343 0.628445
vt 0.964384 0.615589
vt 0.964393 0.618151
vt 0.963512 0.618146
vt 0.871276 0.859795
vt 0.873909 0.833838
vt 0.873915 0.859790
vt 0.360076 0.863201
vt 0.360070 0.837251
vt 0.362710 0.837245
vt 0.707879 0.961789
vt 0.707015 0.964355
vt 0.707027 0.961789
vt 0.143503 0.879107
vt 0.142617 0.904951
vt 0.142612 0.879107
vt 0.143498 0.904956
vt 0.707895 0.964360
vt 0.871270 0.833844
vt 0.963532 0.615589
vt 0.362716 0.863196
vt 0.005172 0.877179
vt 0.006640 0.902212
vt 0.005172 0.902216
vt 0.006650 0.877183
vt 0.275633 0.917132
vt 0.275633 0.898728
vt 0.277096 0.898730
vt 0.277096 0.917134
vt 0.528321 0.671844
vt 0.546569 0.671866
vt 0.546564 0.696926
vt 0.528322 0.696899
vt 0.017015 0.877175
vt 0.018489 0.877183
vt 0.018478 0.902211
vt 0.915056 0.340532
vt 0.915056 0.322128
vt 0.916519 0.322130
vt 0.088425 0.665618
vt 0.106718 0.690689
vt 0.088425 0.690674
vt 0.106722 0.665628
vt 0.916519 0.340534
vt 0.017015 0.902209
vt 0.312921 0.711123
vt 0.329500 0.734527
vt 0.312922 0.734503
vt 0.329504 0.711143
vt 0.644919 0.710324
vt 0.661543 0.733717
vt 0.644920 0.733705
vt 0.661547 0.710332
vt 0.909469 0.143998
vt 0.909937 0.144000
vt 0.909934 0.167392
vt 0.909389 0.279471
vt 0.909856 0.302866
vt 0.909391 0.302875
vt 0.909471 0.167399
vt 0.909859 0.279471
vt 0.958816 0.706401
vt 0.959532 0.710793
vt 0.958811 0.710786
vt 0.662522 0.693752
vt 0.663245 0.693757
vt 0.663240 0.698143
vt 0.662517 0.698138
vt 0.959537 0.706408
vt 0.958940 0.227907
vt 0.959660 0.227914
vt 0.959655 0.232299
vt 0.719726 0.587182
vt 0.720443 0.591572
vt 0.719721 0.591567
vt 0.958934 0.232292
vt 0.720448 0.587186
vt 0.699335 0.143968
vt 0.697369 0.260476
vt 0.697393 0.143967
vt 0.699336 0.260482
vt 0.834469 0.123216
vt 0.834456 0.132996
vt 0.832491 0.132991
vt 0.434091 0.692012
vt 0.444082 0.574718
vt 0.444032 0.692016
vt 0.669535 0.122467
vt 0.679498 0.005186
vt 0.679508 0.122459
vt 0.669525 0.005194
vt 0.832483 0.123221
vt 0.663100 0.377790
vt 0.661133 0.494617
vt 0.661157 0.377789
vt 0.663100 0.494625
vt 0.648722 0.227806
vt 0.648736 0.217994
vt 0.650701 0.218006
vt 0.650709 0.227807
vt 0.434141 0.574714
vt 0.919669 0.903534
vt 0.919655 0.921021
vt 0.918346 0.921019
vt 0.708019 0.376323
vt 0.706698 0.498355
vt 0.706686 0.376325
vt 0.632919 0.500642
vt 0.650750 0.377827
vt 0.650753 0.500639
vt 0.708006 0.498356
vt 0.632915 0.377831
vt 0.914777 0.387021
vt 0.914820 0.404564
vt 0.913511 0.404562
vt 0.704921 0.005179
vt 0.703599 0.127546
vt 0.703587 0.005180
vt 0.704908 0.127549
vt 0.918429 0.903534
vt 0.913537 0.387021
vt 0.644928 0.633882
vt 0.644924 0.511070
vt 0.662760 0.511066
vt 0.662763 0.633878
vt 0.731213 0.853423
vt 0.732578 0.881300
vt 0.731210 0.881284
vt 0.732581 0.853439
vt 0.846115 0.860603
vt 0.847470 0.860587
vt 0.847469 0.888432
vt 0.480784 0.967989
vt 0.480784 0.966578
vt 0.482136 0.966571
vt 0.834375 0.860570
vt 0.835736 0.888447
vt 0.834372 0.888430
vt 0.835739 0.860587
vt 0.821798 0.860622
vt 0.823148 0.860609
vt 0.823147 0.888452
vt 0.482136 0.967982
vt 0.846115 0.888433
vt 0.966265 0.682672
vt 0.966280 0.681303
vt 0.967649 0.681287
vt 0.821798 0.888449
vt 0.967667 0.682689
vt 0.883753 0.046816
vt 0.885113 0.074693
vt 0.883749 0.074676
vt 0.810064 0.860625
vt 0.811418 0.888455
vt 0.810064 0.888455
vt 0.966299 0.473866
vt 0.966282 0.472464
vt 0.967651 0.472447
vt 0.885116 0.046833
vt 0.492481 0.967989
vt 0.492481 0.966578
vt 0.493833 0.966571
vt 0.811418 0.860609
vt 0.719468 0.853423
vt 0.720832 0.881300
vt 0.719465 0.881284
vt 0.720835 0.853439
vt 0.967669 0.473849
vt 0.493833 0.967982
vt 0.556945 0.862624
vt 0.558295 0.890455
vt 0.556945 0.890451
vt 0.558296 0.862612
vt 0.346971 0.914970
vt 0.348609 0.896680
vt 0.348612 0.914972
vt 0.346968 0.896677
vt 0.673988 0.906852
vt 0.675622 0.906859
vt 0.675618 0.922304
vt 0.673983 0.922298
vt 0.328345 0.822905
vt 0.312925 0.840925
vt 0.312926 0.822946
vt 0.226350 0.911104
vt 0.226347 0.892812
vt 0.227988 0.892814
vt 0.798926 0.376393
vt 0.798927 0.358356
vt 0.814347 0.358365
vt 0.814346 0.376403
vt 0.921932 0.681309
vt 0.923561 0.681317
vt 0.923557 0.696762
vt 0.227991 0.911106
vt 0.328344 0.840883
vt 0.921927 0.696755
vt 0.289596 0.830339
vt 0.275665 0.846707
vt 0.275723 0.830339
vt 0.289565 0.846708
vt 0.733377 0.826601
vt 0.719498 0.843022
vt 0.719503 0.826601
vt 0.733399 0.843024
vt 0.941843 0.602695
vt 0.942371 0.602695
vt 0.942368 0.617376
vt 0.943795 0.414993
vt 0.944322 0.414993
vt 0.944319 0.429673
vt 0.943797 0.429681
vt 0.941844 0.617384
vt 0.940925 0.930110
vt 0.941448 0.944790
vt 0.940927 0.944798
vt 0.275636 0.927526
vt 0.276163 0.927526
vt 0.276160 0.942207
vt 0.275637 0.942215
vt 0.941452 0.930110
vt 0.030234 0.930509
vt 0.030761 0.930509
vt 0.030757 0.945189
vt 0.030236 0.945197
vt 0.809845 0.926991
vt 0.810373 0.926991
vt 0.810369 0.941672
vt 0.809846 0.941680
vt 0.692938 0.905926
vt 0.695568 0.886674
vt 0.695574 0.905921
vt 0.921155 0.177777
vt 0.921150 0.196660
vt 0.920272 0.196656
vt 0.920568 0.632002
vt 0.920581 0.634597
vt 0.919702 0.634592
vt 0.920267 0.177779
vt 0.143487 0.960824
vt 0.142619 0.963409
vt 0.142634 0.960824
vt 0.143498 0.963413
vt 0.692933 0.886679
vt 0.919303 0.555840
vt 0.920187 0.536901
vt 0.920192 0.555841
vt 0.919308 0.536895
vt 0.705951 0.905926
vt 0.708581 0.886674
vt 0.708587 0.905921
vt 0.919716 0.632002
vt 0.705945 0.886679
vt 0.840128 0.358359
vt 0.824708 0.376378
vt 0.824709 0.358400
vt 0.840126 0.376337
vt 0.757590 0.906178
vt 0.759224 0.906185
vt 0.759220 0.921631
vt 0.117117 0.911676
vt 0.118755 0.893386
vt 0.118758 0.911678
vt 0.757586 0.921624
vt 0.117113 0.893384
vt 0.692929 0.839904
vt 0.692930 0.821867
vt 0.708351 0.821876
vt 0.914590 0.246173
vt 0.916228 0.227884
vt 0.916231 0.246175
vt 0.914586 0.227882
vt 0.708350 0.839914
vt 0.922164 0.759298
vt 0.923790 0.774751
vt 0.922159 0.774744
vt 0.923793 0.759306
vt 0.848336 0.833801
vt 0.834404 0.850170
vt 0.834463 0.833801
vt 0.848304 0.850170
vt 0.812830 0.386750
vt 0.798951 0.403171
vt 0.798956 0.386749
vt 0.812852 0.403172
vt 0.942054 0.508779
vt 0.942578 0.523460
vt 0.942055 0.523468
vt 0.942581 0.508779
vt 0.944716 0.681304
vt 0.945243 0.681304
vt 0.945239 0.695984
vt 0.944718 0.695992
vt 0.944977 0.114098
vt 0.945504 0.114098
vt 0.945500 0.128778
vt 0.175941 0.927100
vt 0.176468 0.927100
vt 0.176465 0.941780
vt 0.175942 0.941789
vt 0.944979 0.128786
vt 0.944948 0.759293
vt 0.945472 0.773973
vt 0.944950 0.773981
vt 0.480787 0.927128
vt 0.481312 0.941809
vt 0.480788 0.941817
vt 0.481315 0.927128
vt 0.945475 0.759293
vt 0.890054 0.820173
vt 0.892685 0.800921
vt 0.892690 0.820168
vt 0.921711 0.478051
vt 0.921706 0.496934
vt 0.920827 0.496931
vt 0.469270 0.959028
vt 0.469283 0.961623
vt 0.468404 0.961618
vt 0.920822 0.478054
vt 0.962920 0.005172
vt 0.962052 0.007757
vt 0.962067 0.005172
vt 0.962931 0.007761
vt 0.890049 0.800926
vt 0.611699 0.907205
vt 0.611693 0.887959
vt 0.614329 0.887954
vt 0.614334 0.907200
vt 0.919303 0.585180
vt 0.920187 0.566241
vt 0.920192 0.585181
vt 0.919308 0.566235
vt 0.468418 0.959028
vt 0.634374 0.896715
vt 0.634378 0.915006
vt 0.632736 0.915004
vt 0.814180 0.245906
vt 0.829601 0.227879
vt 0.829600 0.245916
vt 0.814181 0.227869
vt 0.030245 0.904640
vt 0.031875 0.920092
vt 0.030241 0.920086
vt 0.921011 0.414998
vt 0.922640 0.415007
vt 0.922637 0.430452
vt 0.048002 0.891565
vt 0.046364 0.909855
vt 0.046361 0.891563
vt 0.921006 0.430444
vt 0.632733 0.896713
vt 0.660343 0.822096
vt 0.660342 0.840073
vt 0.644923 0.840115
vt 0.048005 0.909856
vt 0.644924 0.822137
vt 0.031879 0.904647
vt 0.837140 0.386750
vt 0.823260 0.403171
vt 0.823266 0.386749
vt 0.837161 0.403172
vt 0.824027 0.833823
vt 0.810096 0.850192
vt 0.810154 0.833824
vt 0.823996 0.850192
vt 0.942280 0.279472
vt 0.942804 0.294151
vt 0.942282 0.294160
vt 0.491698 0.927128
vt 0.492226 0.927128
vt 0.492222 0.941809
vt 0.491699 0.941817
vt 0.942807 0.279472
vt 0.942305 0.177803
vt 0.942832 0.177803
vt 0.942829 0.192483
vt 0.632720 0.925399
vt 0.633245 0.940079
vt 0.632721 0.940087
vt 0.942307 0.192491
vt 0.633248 0.925398
vt 0.502609 0.927128
vt 0.503133 0.941809
vt 0.502610 0.941817
vt 0.503137 0.927128
vt 0.556948 0.928990
vt 0.557471 0.943669
vt 0.556950 0.943678
vt 0.557475 0.928990
vt 0.905693 0.800921
vt 0.903063 0.820174
vt 0.903057 0.800927
vt 0.919697 0.621650
vt 0.919702 0.602705
vt 0.920581 0.602711
vt 0.963176 0.916489
vt 0.963187 0.919078
vt 0.962308 0.919074
vt 0.920586 0.621650
vt 0.612556 0.959279
vt 0.611690 0.961869
vt 0.611704 0.959279
vt 0.612569 0.961874
vt 0.905699 0.820168
vt 0.400415 0.887629
vt 0.397785 0.906881
vt 0.397780 0.887635
vt 0.962324 0.916489
vt 0.400421 0.906876
vt 0.921209 0.143972
vt 0.920325 0.162851
vt 0.920320 0.143974
vt 0.921204 0.162855
vt 0.779384 0.905047
vt 0.781014 0.920499
vt 0.779380 0.920493
vt 0.808182 0.106228
vt 0.808183 0.088191
vt 0.823603 0.088201
vt 0.545299 0.892066
vt 0.543661 0.910356
vt 0.543658 0.892064
vt 0.545303 0.910358
vt 0.781018 0.905054
vt 0.915151 0.358370
vt 0.915155 0.376662
vt 0.913513 0.376660
vt 0.823602 0.106238
vt 0.062225 0.823753
vt 0.046805 0.841772
vt 0.046806 0.823794
vt 0.062224 0.841731
vt 0.923280 0.088228
vt 0.924906 0.103682
vt 0.923275 0.103674
vt 0.924910 0.088237
vt 0.913510 0.358368
vt 0.822086 0.116585
vt 0.808207 0.133006
vt 0.808212 0.116585
vt 0.822108 0.133007
vt 0.494748 0.830611
vt 0.480817 0.846980
vt 0.480875 0.830612
vt 0.494717 0.846980
vt 0.941449 0.536886
vt 0.941973 0.551566
vt 0.941450 0.551574
vt 0.942359 0.143998
vt 0.942882 0.158678
vt 0.942361 0.158686
vt 0.942886 0.143998
vt 0.941977 0.536886
vt 0.942861 0.448797
vt 0.943384 0.463477
vt 0.942863 0.463485
vt 0.943388 0.448797
vt 0.287444 0.926856
vt 0.287968 0.941536
vt 0.287445 0.941545
vt 0.287971 0.926856
vt 0.942861 0.473888
vt 0.943388 0.473888
vt 0.943384 0.488568
vt 0.941449 0.561977
vt 0.941977 0.561977
vt 0.941973 0.576657
vt 0.942863 0.488576
vt 0.941450 0.576666
vt 0.920243 0.298426
vt 0.921126 0.279487
vt 0.921131 0.298426
vt 0.382347 0.959116
vt 0.381481 0.961707
vt 0.381495 0.959116
vt 0.387407 0.887791
vt 0.387412 0.907037
vt 0.384777 0.907043
vt 0.920248 0.279481
vt 0.384771 0.887796
vt 0.921711 0.448770
vt 0.920827 0.467650
vt 0.920822 0.448773
vt 0.921706 0.467653
vt 0.963176 0.903534
vt 0.962308 0.906118
vt 0.962324 0.903534
vt 0.263863 0.886083
vt 0.261233 0.905335
vt 0.261227 0.886088
vt 0.263868 0.905330
vt 0.963187 0.906123
vt 0.382360 0.961711
vt 0.528866 0.881680
vt 0.528317 0.820536
vt 0.528796 0.820509
vt 0.528317 0.881653
vt 0.981969 0.617091
vt 0.982320 0.616512
vt 0.982671 0.617113
vt 0.117542 0.882976
vt 0.117098 0.882974
vt 0.117098 0.821857
vt 0.117581 0.821859
vt 0.982488 0.569867
vt 0.982634 0.570505
vt 0.981957 0.570350
vt 0.600986 0.881877
vt 0.600473 0.881913
vt 0.600434 0.820754
vt 0.601000 0.820727
vt 0.578733 0.881896
vt 0.578288 0.881894
vt 0.578288 0.820777
vt 0.578771 0.820779
vt 0.981969 0.628364
vt 0.982289 0.627799
vt 0.982671 0.628386
vt 0.589957 0.881877
vt 0.589405 0.820754
vt 0.589970 0.820727
vt 0.589444 0.881913
vt 0.539897 0.881680
vt 0.539348 0.881653
vt 0.539348 0.820536
vt 0.539827 0.820509
vt 0.982488 0.558594
vt 0.982650 0.559250
vt 0.981957 0.559076
vt 0.845136 0.592185
vt 0.845131 0.583335
vt 0.846434 0.583328
vt 0.757596 0.834066
vt 0.766380 0.834069
vt 0.766384 0.854149
vt 0.434105 0.890032
vt 0.435387 0.910100
vt 0.434100 0.910097
vt 0.757600 0.854145
vt 0.846439 0.592178
vt 0.445769 0.890032
vt 0.447053 0.890040
vt 0.447048 0.910102
vt 0.445765 0.910094
vt 0.850492 0.404354
vt 0.850487 0.395504
vt 0.851790 0.395497
vt 0.779390 0.834029
vt 0.788198 0.834026
vt 0.788203 0.854106
vt 0.851795 0.404347
vt 0.435392 0.890036
vt 0.779394 0.854109
vt 0.953773 0.498377
vt 0.953771 0.494509
vt 0.955622 0.494515
vt 0.818461 0.586845
vt 0.820289 0.586844
vt 0.820289 0.592310
vt 0.830911 0.583328
vt 0.834751 0.588835
vt 0.830912 0.588838
vt 0.834751 0.583326
vt 0.952962 0.508746
vt 0.954784 0.508751
vt 0.954784 0.514216
vt 0.834822 0.489565
vt 0.838651 0.495074
vt 0.834823 0.495074
vt 0.955623 0.498382
vt 0.838651 0.489565
vt 0.928014 0.790515
vt 0.929863 0.786653
vt 0.929864 0.790520
vt 0.952962 0.514211
vt 0.818461 0.592310
vt 0.928012 0.786647
vt 0.129267 0.751183
vt 0.129265 0.695433
vt 0.131942 0.695433
vt 0.652149 0.644308
vt 0.652145 0.699892
vt 0.644927 0.699893
vt 0.644931 0.644309
vt 0.732702 0.357841
vt 0.735296 0.357841
vt 0.735292 0.365059
vt 0.735382 0.489619
vt 0.737965 0.496845
vt 0.735385 0.496848
vt 0.131944 0.751182
vt 0.737968 0.489627
vt 0.073998 0.753084
vt 0.076673 0.697334
vt 0.076674 0.753084
vt 0.073996 0.697335
vt 0.054030 0.646260
vt 0.046809 0.701698
vt 0.046813 0.646267
vt 0.732704 0.365070
vt 0.054026 0.701692
vt 0.821876 0.489563
vt 0.824446 0.489578
vt 0.824444 0.496754
vt 0.293351 0.596667
vt 0.286191 0.676575
vt 0.286192 0.596662
vt 0.715269 0.085512
vt 0.717850 0.005172
vt 0.717850 0.085512
vt 0.293357 0.676557
vt 0.821871 0.496739
vt 0.715269 0.005172
vt 0.367276 0.596392
vt 0.367283 0.676503
vt 0.360116 0.676515
vt 0.706712 0.589162
vt 0.709334 0.508770
vt 0.709352 0.589135
vt 0.706694 0.508796
vt 0.745662 0.357862
vt 0.748241 0.357868
vt 0.748238 0.365045
vt 0.360117 0.596382
vt 0.745657 0.365038
vt 0.623297 0.121541
vt 0.618285 0.121541
vt 0.618285 0.080315
vt 0.058370 0.891554
vt 0.063354 0.891548
vt 0.063351 0.903797
vt 0.581022 0.652273
vt 0.568766 0.692801
vt 0.568777 0.652300
vt 0.623297 0.080315
vt 0.581011 0.692776
vt 0.386887 0.689490
vt 0.386898 0.648854
vt 0.399144 0.648869
vt 0.058369 0.903803
vt 0.792817 0.088189
vt 0.797829 0.129415
vt 0.792817 0.129415
vt 0.399134 0.689504
vt 0.797829 0.088189
vt 0.589320 0.892297
vt 0.594288 0.904542
vt 0.589319 0.904546
vt 0.594291 0.892294
vt 0.205468 0.892012
vt 0.210449 0.904255
vt 0.205467 0.904261
vt 0.767116 0.129415
vt 0.762104 0.129416
vt 0.762104 0.088189
vt 0.064403 0.686890
vt 0.064414 0.646254
vt 0.076660 0.646269
vt 0.210452 0.892006
vt 0.205715 0.656328
vt 0.193460 0.696856
vt 0.193470 0.656354
vt 0.781826 0.227867
vt 0.786839 0.269093
vt 0.781826 0.269093
vt 0.767116 0.088189
vt 0.205705 0.696830
vt 0.528321 0.892075
vt 0.533289 0.904320
vt 0.528320 0.904323
vt 0.533292 0.892072
vt 0.076650 0.686904
vt 0.786839 0.227867
vt 0.773216 0.399580
vt 0.768204 0.358354
vt 0.773216 0.358354
vt 0.768204 0.399580
vt 0.573995 0.892315
vt 0.578966 0.892312
vt 0.578963 0.904561
vt 0.005189 0.686983
vt 0.005199 0.646347
vt 0.017445 0.646362
vt 0.017435 0.686997
vt 0.719470 0.891705
vt 0.724450 0.903947
vt 0.719468 0.903953
vt 0.724453 0.891698
vt 0.325189 0.660164
vt 0.312933 0.700693
vt 0.312944 0.660191
vt 0.777460 0.088189
vt 0.782473 0.129415
vt 0.777460 0.129415
vt 0.782473 0.088189
vt 0.325178 0.700667
vt 0.573994 0.904564
vt 0.238964 0.892348
vt 0.243932 0.904593
vt 0.238963 0.904596
vt 0.623954 0.649287
vt 0.623944 0.689790
vt 0.611698 0.689815
vt 0.771482 0.269093
vt 0.766470 0.227867
vt 0.771482 0.227867
vt 0.243935 0.892345
vt 0.409521 0.689491
vt 0.421778 0.648869
vt 0.421768 0.689504
vt 0.783561 0.358354
vt 0.788573 0.358354
vt 0.788573 0.399580
vt 0.766470 0.269093
vt 0.409532 0.648854
vt 0.414983 0.892066
vt 0.419964 0.904308
vt 0.414982 0.904315
vt 0.419967 0.892059
vt 0.611709 0.649313
vt 0.783561 0.399580
vt 0.386875 0.469445
vt 0.444889 0.469440
vt 0.444890 0.564321
vt 0.195119 0.820421
vt 0.193475 0.878078
vt 0.193544 0.820422
vt 0.195092 0.878078
vt 0.594525 0.697197
vt 0.596155 0.603770
vt 0.596160 0.697199
vt 0.527314 0.605946
vt 0.469301 0.605952
vt 0.469300 0.511070
vt 0.262890 0.817854
vt 0.262865 0.875670
vt 0.261247 0.875669
vt 0.699000 0.270854
vt 0.697371 0.363980
vt 0.697365 0.270857
vt 0.527313 0.511065
vt 0.698987 0.363981
vt 0.261315 0.817854
vt 0.386876 0.564326
vt 0.594538 0.603763
vt 0.651944 0.143964
vt 0.651916 0.207486
vt 0.615115 0.207556
vt 0.275790 0.596643
vt 0.238962 0.649887
vt 0.239005 0.596672
vt 0.622532 0.442543
vt 0.568963 0.377831
vt 0.622526 0.377821
vt 0.275765 0.649853
vt 0.572315 0.005216
vt 0.625883 0.069927
vt 0.572320 0.069937
vt 0.349715 0.596368
vt 0.312919 0.649755
vt 0.312928 0.596394
vt 0.349713 0.649739
vt 0.615148 0.144049
vt 0.625878 0.005206
vt 0.568969 0.442553
vt 0.423676 0.574709
vt 0.423711 0.638438
vt 0.386896 0.638428
vt 0.386877 0.574709
vt 0.546673 0.207608
vt 0.546673 0.138441
vt 0.575703 0.138412
vt 0.537664 0.603725
vt 0.546584 0.632575
vt 0.537664 0.661457
vt 0.604769 0.138441
vt 0.604769 0.207608
vt 0.575703 0.207579
vt 0.156656 0.597053
vt 0.165578 0.625990
vt 0.156656 0.654945
vt 0.967448 0.859877
vt 0.967188 0.861260
vt 0.966493 0.860817
vt 0.733183 0.347394
vt 0.732677 0.347432
vt 0.732743 0.279521
vt 0.733724 0.347452
vt 0.733516 0.279470
vt 0.966665 0.860076
vt 0.721225 0.144015
vt 0.722052 0.143986
vt 0.721753 0.213182
vt 0.721206 0.213182
vt 0.967865 0.860543
vt 0.732023 0.670883
vt 0.731269 0.670834
vt 0.731606 0.602700
vt 0.722299 0.213206
vt 0.967314 0.159250
vt 0.967705 0.159915
vt 0.967055 0.160625
vt 0.966328 0.160241
vt 0.730508 0.376358
vt 0.731279 0.445533
vt 0.730446 0.445533
vt 0.732372 0.602698
vt 0.966507 0.159441
vt 0.731289 0.376334
vt 0.967435 0.771086
vt 0.967852 0.771752
vt 0.967174 0.772469
vt 0.728529 0.005214
vt 0.729311 0.005190
vt 0.729301 0.074389
vt 0.732202 0.576967
vt 0.731785 0.508784
vt 0.732551 0.508781
vt 0.740189 0.073128
vt 0.739684 0.073167
vt 0.739750 0.005256
vt 0.966480 0.772025
vt 0.740523 0.005204
vt 0.966652 0.771285
vt 0.740731 0.073186
vt 0.731449 0.576918
vt 0.721225 0.279489
vt 0.721753 0.348655
vt 0.721206 0.348656
vt 0.722052 0.279460
vt 0.967495 0.114107
vt 0.967237 0.115482
vt 0.966509 0.115098
vt 0.967887 0.114772
vt 0.966688 0.114298
vt 0.722299 0.348680
vt 0.728467 0.074389
vt 0.718791 0.376358
vt 0.719800 0.376334
vt 0.719790 0.445533
vt 0.720451 0.670889
vt 0.719887 0.602706
vt 0.720883 0.602697
vt 0.045524 0.958062
vt 0.046062 0.958930
vt 0.045189 0.959857
vt 0.718711 0.445534
vt 0.044279 0.959292
vt 0.044505 0.958326
vt 0.035030 0.646364
vt 0.035715 0.715530
vt 0.035011 0.715531
vt 0.036100 0.646335
vt 0.719465 0.670834
vt 0.036420 0.715555
vt 0.075273 0.957785
vt 0.075785 0.958651
vt 0.074938 0.959573
vt 0.073996 0.959068
vt 0.074230 0.958042
vt 0.721072 0.576772
vt 0.720372 0.576702
vt 0.720789 0.508785
vt 0.719775 0.508842
vt 0.719710 0.576753
vt 0.645344 0.965546
vt 0.645871 0.965541
vt 0.646299 0.966247
vt 0.325318 0.880346
vt 0.324526 0.880313
vt 0.089530 0.655221
vt 0.088967 0.655001
vt 0.097891 0.626100
vt 0.098462 0.626321
vt 0.893538 0.258060
vt 0.893005 0.258033
vt 0.893534 0.227867
vt 0.645878 0.967045
vt 0.645125 0.966867
vt 0.892345 0.388530
vt 0.891798 0.388555
vt 0.891805 0.358355
vt 0.964054 0.943699
vt 0.962957 0.944507
vt 0.962906 0.943209
vt 0.963711 0.943075
vt 0.097372 0.626002
vt 0.097934 0.626138
vt 0.088971 0.655002
vt 0.098010 0.626031
vt 0.097391 0.626277
vt 0.088747 0.597269
vt 0.822209 0.965963
vt 0.821797 0.965539
vt 0.822940 0.965791
vt 0.098450 0.625947
vt 0.047108 0.881151
vt 0.046797 0.852183
vt 0.047730 0.852164
vt 0.047972 0.881178
vt 0.143193 0.838543
vt 0.143718 0.868720
vt 0.143110 0.868721
vt 0.143741 0.838573
vt 0.142611 0.838574
vt 0.143169 0.838534
vt 0.821998 0.964710
vt 0.059228 0.881105
vt 0.058386 0.881172
vt 0.058415 0.852183
vt 0.089563 0.597059
vt 0.657428 0.879512
vt 0.656800 0.850531
vt 0.657680 0.850492
vt 0.656500 0.879477
vt 0.142618 0.868744
vt 0.059262 0.852155
vt 0.966254 0.461304
vt 0.967445 0.460791
vt 0.967646 0.461643
vt 0.966966 0.462083
vt 0.966627 0.460606
vt 0.657108 0.965546
vt 0.657635 0.965541
vt 0.658063 0.966247
vt 0.657642 0.967044
vt 0.656889 0.966867
vt 0.337227 0.880330
vt 0.336363 0.880303
vt 0.336985 0.851316
vt 0.313750 0.880346
vt 0.312958 0.880313
vt 0.109952 0.655221
vt 0.118313 0.626100
vt 0.118883 0.626321
vt 0.116473 0.964982
vt 0.115325 0.964492
vt 0.116131 0.964358
vt 0.336053 0.851335
vt 0.780022 0.894663
vt 0.779489 0.894636
vt 0.780018 0.864470
vt 0.891492 0.118365
vt 0.890945 0.118390
vt 0.890952 0.088190
vt 0.115376 0.965789
vt 0.109389 0.655001
vt 0.117793 0.626002
vt 0.118355 0.626138
vt 0.109393 0.655002
vt 0.844810 0.965761
vt 0.880023 0.088232
vt 0.880548 0.118410
vt 0.879940 0.118410
vt 0.880571 0.088262
vt 0.879441 0.088263
vt 0.879999 0.088223
vt 0.843868 0.964680
vt 0.645860 0.879512
vt 0.644932 0.879477
vt 0.645232 0.850531
vt 0.879448 0.118434
vt 0.966254 0.449471
vt 0.966627 0.448772
vt 0.967445 0.448957
vt 0.967647 0.449810
vt 0.966966 0.450249
vt 0.646112 0.850492
vt 0.118871 0.625947
vt 0.118431 0.626032
vt 0.109169 0.597269
vt 0.109985 0.597059
vt 0.415842 0.881617
vt 0.415028 0.852694
vt 0.415875 0.852666
vt 0.415000 0.881683
vt 0.844079 0.965933
vt 0.843667 0.965508
vt 0.117812 0.626277
vt 0.078077 0.597053
vt 0.046829 0.635837
vt 0.046886 0.597065
vt 0.216110 0.695358
vt 0.216108 0.656325
vt 0.216935 0.656323
vt 0.078045 0.635826
vt 0.798566 0.834059
vt 0.799368 0.865260
vt 0.798566 0.865241
vt 0.880615 0.358403
vt 0.881418 0.358386
vt 0.881415 0.389602
vt 0.662539 0.683334
vt 0.663364 0.644300
vt 0.663367 0.683333
vt 0.880615 0.389581
vt 0.662537 0.644302
vt 0.036441 0.597053
vt 0.036422 0.635932
vt 0.005204 0.635931
vt 0.216937 0.695356
vt 0.005249 0.597053
vt 0.799371 0.834041
vt 0.175945 0.857351
vt 0.176357 0.888579
vt 0.175944 0.888593
vt 0.176356 0.857365
vt 0.633944 0.813464
vt 0.634356 0.813478
vt 0.634357 0.844693
vt 0.633943 0.844708
vt 0.480791 0.857379
vt 0.481204 0.888607
vt 0.480791 0.888621
vt 0.481203 0.857393
vt 0.886974 0.602678
vt 0.887386 0.602692
vt 0.887387 0.633908
vt 0.886973 0.633922
vt 0.491591 0.857379
vt 0.492002 0.857393
vt 0.492003 0.888607
vt 0.491590 0.888621
vt 0.884277 0.833818
vt 0.884690 0.833832
vt 0.884691 0.865047
vt 0.884276 0.865062
vt 0.887984 0.143981
vt 0.888396 0.175210
vt 0.887983 0.175224
vt 0.888395 0.143995
vt 0.882092 0.227884
vt 0.882505 0.227898
vt 0.882506 0.259113
vt 0.882092 0.259128
vt 0.888715 0.456601
vt 0.889126 0.456614
vt 0.889127 0.487829
vt 0.888714 0.487843
vt 0.348179 0.855055
vt 0.348592 0.886284
vt 0.348178 0.886299
vt 0.348591 0.855068
vt 0.633944 0.855090
vt 0.634356 0.855103
vt 0.634357 0.886319
vt 0.633943 0.886333
vt 0.889812 0.681287
vt 0.890224 0.712515
vt 0.889811 0.712529
vt 0.890223 0.681301
vt 0.883755 0.005189
vt 0.884168 0.036418
vt 0.883754 0.036433
vt 0.884167 0.005203
vt 0.890044 0.759276
vt 0.890455 0.759290
vt 0.890457 0.790504
vt 0.890044 0.790518
vt 0.502391 0.857379
vt 0.502803 0.888607
vt 0.502390 0.888621
vt 0.502802 0.857393
vt 0.886580 0.508763
vt 0.886992 0.508776
vt 0.886993 0.539992
vt 0.886579 0.540006
vt 0.887903 0.279455
vt 0.888317 0.310684
vt 0.887903 0.310698
vt 0.888316 0.279468
vt 0.887984 0.185606
vt 0.888395 0.185620
vt 0.888396 0.216834
vt 0.887983 0.216848
vt 0.888715 0.414976
vt 0.889126 0.414990
vt 0.889128 0.446204
vt 0.888715 0.446219
vt 0.227558 0.851189
vt 0.227971 0.882418
vt 0.227557 0.882433
vt 0.227970 0.851203
vt 0.275640 0.857107
vt 0.276051 0.857121
vt 0.276052 0.888335
vt 0.275639 0.888349
vt 0.886580 0.550388
vt 0.886992 0.550402
vt 0.886993 0.581617
vt 0.886579 0.581632
vt 0.286439 0.857107
vt 0.286851 0.888335
vt 0.286438 0.888349
vt 0.286850 0.857121
vt 0.526616 0.616352
vt 0.527028 0.616365
vt 0.527030 0.647581
vt 0.526615 0.647595
vt 0.373215 0.718669
vt 0.360084 0.718679
vt 0.360080 0.686899
vt 0.928805 0.255194
vt 0.928796 0.268275
vt 0.926600 0.268276
vt 0.926591 0.255195
vt 0.131480 0.836171
vt 0.129282 0.867350
vt 0.129281 0.836169
vt 0.048021 0.920215
vt 0.045816 0.933264
vt 0.045807 0.920219
vt 0.048012 0.933262
vt 0.858697 0.865108
vt 0.860897 0.833834
vt 0.860898 0.865117
vt 0.373211 0.686888
vt 0.131482 0.867353
vt 0.858697 0.833822
vt 0.335570 0.660147
vt 0.348701 0.660137
vt 0.348705 0.691918
vt 0.335574 0.691929
vt 0.191420 0.888504
vt 0.195090 0.901581
vt 0.194278 0.902706
vt 0.195080 0.889571
vt 0.194302 0.888475
vt 0.802249 0.228036
vt 0.798360 0.230933
vt 0.799397 0.228032
vt 0.802637 0.230945
vt 0.191427 0.902717
vt 0.190639 0.901621
vt 0.959175 0.633484
vt 0.959175 0.629987
vt 0.960002 0.632835
vt 0.190639 0.889583
vt 0.918329 0.959973
vt 0.918329 0.956477
vt 0.919162 0.959326
vt 0.195646 0.645935
vt 0.208830 0.643147
vt 0.207697 0.645917
vt 0.397768 0.960914
vt 0.397768 0.958955
vt 0.399320 0.959088
vt 0.571026 0.641859
vt 0.584129 0.638700
vt 0.583120 0.641466
vt 0.569858 0.639189
vt 0.569931 0.641890
vt 0.031961 0.892018
vt 0.034080 0.879520
vt 0.034886 0.891825
vt 0.194561 0.610303
vt 0.196196 0.608114
vt 0.207193 0.608110
vt 0.208822 0.610309
vt 0.568807 0.606335
vt 0.581360 0.603725
vt 0.583061 0.605880
vt 0.030981 0.879586
vt 0.570367 0.604084
vt 0.872472 0.957286
vt 0.872472 0.960191
vt 0.871259 0.958287
vt 0.803067 0.227867
vt 0.803827 0.230748
vt 0.802628 0.263289
vt 0.803822 0.263046
vt 0.619345 0.452940
vt 0.616103 0.455435
vt 0.616494 0.452943
vt 0.568750 0.639191
vt 0.620378 0.455435
vt 0.616100 0.487664
vt 0.620365 0.487679
vt 0.621584 0.455629
vt 0.194552 0.643164
vt 0.797185 0.230716
vt 0.797183 0.263043
vt 0.194539 0.645895
vt 0.621579 0.487869
vt 0.798362 0.263262
vt 0.030231 0.893227
vt 0.031520 0.894256
vt 0.614946 0.487913
vt 0.614944 0.455644
vt 0.616967 0.490143
vt 0.619568 0.490138
vt 0.616259 0.490344
vt 0.035756 0.893899
vt 0.264520 0.660264
vt 0.272630 0.673106
vt 0.264902 0.675106
vt 0.271189 0.674233
vt 0.264336 0.675100
vt 0.264205 0.661364
vt 0.239007 0.694237
vt 0.251405 0.689416
vt 0.252744 0.694298
vt 0.241381 0.689420
vt 0.252507 0.689432
vt 0.253854 0.694328
vt 0.743677 0.129411
vt 0.745178 0.124825
vt 0.750337 0.124784
vt 0.754703 0.264262
vt 0.747873 0.269071
vt 0.749531 0.264320
vt 0.156845 0.680077
vt 0.156656 0.666166
vt 0.156806 0.665330
vt 0.157572 0.665379
vt 0.748602 0.269056
vt 0.240265 0.665341
vt 0.238967 0.660261
vt 0.240042 0.660306
vt 0.157521 0.680075
vt 0.165147 0.678275
vt 0.163769 0.679338
vt 0.745100 0.101146
vt 0.744088 0.095857
vt 0.750227 0.101139
vt 0.743409 0.095882
vt 0.743777 0.124993
vt 0.743684 0.101337
vt 0.743376 0.129346
vt 0.251394 0.665393
vt 0.748355 0.235669
vt 0.749505 0.240709
vt 0.747806 0.235690
vt 0.748162 0.264498
vt 0.748109 0.240920
vt 0.754618 0.240666
vt 0.756043 0.240872
vt 0.751753 0.124976
vt 0.241371 0.665395
vt 0.253784 0.660276
vt 0.747731 0.269023
vt 0.756123 0.264482
vt 0.272655 0.663091
vt 0.833966 0.112235
vt 0.844031 0.088215
vt 0.844017 0.112238
vt 0.833961 0.088223
vt 0.165127 0.668258
vt 0.751668 0.101312
vt 0.019626 0.947723
vt 0.019371 0.947726
vt 0.019501 0.939963
vt 0.877546 0.497198
vt 0.877338 0.489545
vt 0.877693 0.489561
vt 0.142912 0.950453
vt 0.142641 0.950429
vt 0.142793 0.942694
vt 0.952928 0.610312
vt 0.952751 0.602684
vt 0.953101 0.602669
vt 0.981894 0.237276
vt 0.981903 0.235815
vt 0.982309 0.235824
vt 0.982309 0.331645
vt 0.982300 0.333101
vt 0.981894 0.333093
vt 0.981903 0.331639
vt 0.982300 0.237284
vt 0.982309 0.343525
vt 0.981894 0.344974
vt 0.981903 0.343519
vt 0.982300 0.344982
vt 0.981894 0.249161
vt 0.981903 0.247700
vt 0.982309 0.247709
vt 0.982300 0.249169
vt 0.616411 0.131905
vt 0.616427 0.133590
vt 0.615141 0.133580
vt 0.965697 0.955167
vt 0.964432 0.957181
vt 0.964431 0.955168
vt 0.729153 0.131053
vt 0.727437 0.133108
vt 0.727428 0.131062
vt 0.965696 0.957189
vt 0.729162 0.133099
vt 0.957187 0.131778
vt 0.957198 0.133458
vt 0.955912 0.133449
vt 0.224864 0.962983
vt 0.223595 0.964992
vt 0.223598 0.962983
vt 0.224870 0.965005
vt 0.615155 0.131905
vt 0.262967 0.957447
vt 0.261252 0.959501
vt 0.261243 0.957456
vt 0.955931 0.131778
vt 0.262976 0.959492
vt 0.707305 0.951418
vt 0.707037 0.951394
vt 0.707180 0.943661
vt 0.871560 0.946914
vt 0.871289 0.946891
vt 0.871441 0.939153
vt 0.264406 0.693184
vt 0.264205 0.685551
vt 0.264568 0.685528
vt 0.908252 0.588804
vt 0.908066 0.581152
vt 0.908409 0.581138
vt 0.981894 0.261046
vt 0.981903 0.259585
vt 0.982309 0.259594
vt 0.982309 0.355406
vt 0.981894 0.356855
vt 0.981903 0.355400
vt 0.982300 0.261054
vt 0.982300 0.356863
vt 0.982309 0.367287
vt 0.982300 0.368743
vt 0.981894 0.368735
vt 0.981903 0.367281
vt 0.981894 0.272931
vt 0.982309 0.271479
vt 0.982300 0.272939
vt 0.981903 0.271470
vt 0.717021 0.131053
vt 0.715305 0.133107
vt 0.715296 0.131062
vt 0.544909 0.963074
vt 0.544907 0.965097
vt 0.543644 0.965089
vt 0.962537 0.847721
vt 0.961262 0.849391
vt 0.961281 0.847721
vt 0.717030 0.133099
vt 0.962548 0.849401
vt 0.954486 0.294680
vt 0.954502 0.296366
vt 0.953216 0.296356
vt 0.543643 0.963075
vt 0.953230 0.294680
vt 0.516456 0.962623
vt 0.516462 0.964644
vt 0.515188 0.964631
vt 0.952998 0.030297
vt 0.953006 0.032342
vt 0.951282 0.032351
vt 0.951273 0.030305
vt 0.515190 0.962622
vt 0.117351 0.949067
vt 0.117264 0.950958
vt 0.115100 0.950839
vt 0.549327 0.224710
vt 0.546673 0.221460
vt 0.547578 0.219024
vt 0.115205 0.949039
vt 0.953769 0.482290
vt 0.953770 0.479734
vt 0.955904 0.479841
vt 0.549933 0.217979
vt 0.953771 0.484146
vt 0.955903 0.482424
vt 0.552332 0.218959
vt 0.547608 0.223716
vt 0.553326 0.221385
vt 0.552783 0.223315
vt 0.551425 0.224426
vt 0.955452 0.143965
vt 0.955485 0.145105
vt 0.953287 0.144398
vt 0.953283 0.146418
vt 0.955482 0.147235
vt 0.953289 0.148323
vt 0.955480 0.148838
vt 0.644997 0.955182
vt 0.647114 0.953514
vt 0.647195 0.955191
vt 0.618821 0.224702
vt 0.616820 0.224486
vt 0.615097 0.222825
vt 0.614941 0.220236
vt 0.621102 0.220012
vt 0.621390 0.222001
vt 0.616645 0.218298
vt 0.619217 0.218204
vt 0.620595 0.223596
vt 0.644940 0.953398
vt 0.647140 0.950946
vt 0.644995 0.950812
vt 0.955905 0.484146
vt 0.115101 0.952838
vt 0.117317 0.953355
vt 0.115178 0.953947
vt 0.792375 0.588005
vt 0.793389 0.588584
vt 0.793922 0.589550
vt 0.793679 0.591176
vt 0.791824 0.592284
vt 0.789969 0.591136
vt 0.789714 0.589510
vt 0.790279 0.588524
vt 0.791212 0.587982
vt 0.747435 0.588000
vt 0.749531 0.588552
vt 0.750126 0.590094
vt 0.748596 0.587987
vt 0.749074 0.592009
vt 0.746905 0.591976
vt 0.745884 0.589523
vt 0.746400 0.588620
vt 0.745884 0.590670
vt 0.968534 0.400949
vt 0.968589 0.399248
vt 0.968716 0.401001
vt 0.600181 0.971939
vt 0.599925 0.971943
vt 0.600062 0.970219
vt 0.993235 0.476204
vt 0.993290 0.476608
vt 0.993166 0.476519
vt 0.993538 0.476201
vt 0.993344 0.563448
vt 0.993178 0.563114
vt 0.993461 0.563081
vt 0.982130 0.536302
vt 0.981878 0.536254
vt 0.982130 0.534578
vt 0.981948 0.582736
vt 0.981878 0.581029
vt 0.982002 0.581033
vt 0.968957 0.400970
vt 0.968970 0.399238
vt 0.968721 0.400990
vt 0.074043 0.971633
vt 0.074004 0.969945
vt 0.074276 0.969944
vt 0.805268 0.967545
vt 0.805499 0.967497
vt 0.805647 0.969233
vt 0.981878 0.199475
vt 0.982119 0.199343
vt 0.982119 0.201132
vt 0.589465 0.970259
vt 0.589559 0.971997
vt 0.589348 0.972005
vt 0.993506 0.443690
vt 0.993183 0.443605
vt 0.993157 0.443656
vt 0.970134 0.347878
vt 0.969928 0.346264
vt 0.970313 0.346251
vt 0.982147 0.392915
vt 0.981883 0.392912
vt 0.982020 0.391236
vt 0.952045 0.971223
vt 0.951839 0.969584
vt 0.952208 0.969591
vt 0.982149 0.128307
vt 0.981893 0.128305
vt 0.982029 0.126605
vt 0.993359 0.443963
vt 0.993529 0.443947
vt 0.275633 0.967061
vt 0.275825 0.967045
vt 0.275999 0.968751
vt 0.275633 0.968741
vt 0.805268 0.969225
vt 0.275881 0.966955
vt 0.982027 0.439303
vt 0.982288 0.439310
vt 0.982012 0.440703
vt 0.741895 0.967731
vt 0.742040 0.967719
vt 0.741952 0.969411
vt 0.993449 0.443657
vt 0.993359 0.443962
vt 0.993182 0.443603
vt 0.982017 0.486939
vt 0.982284 0.486952
vt 0.982003 0.488338
vt 0.742339 0.969414
vt 0.993540 0.899013
vt 0.993400 0.899283
vt 0.993246 0.899008
vt 0.981923 0.201154
vt 0.742330 0.967724
vt 0.982147 0.152549
vt 0.981897 0.152564
vt 0.982020 0.150855
vt 0.982146 0.321260
vt 0.981883 0.321257
vt 0.982029 0.319574
vt 0.005412 0.969096
vt 0.005629 0.970708
vt 0.005249 0.970722
vt 0.970915 0.266817
vt 0.971109 0.268457
vt 0.970738 0.268447
vt 0.101259 0.951054
vt 0.101312 0.953451
vt 0.099096 0.952933
vt 0.099173 0.954042
vt 0.566345 0.224710
vt 0.564626 0.223716
vt 0.563691 0.221460
vt 0.101346 0.949163
vt 0.099095 0.950935
vt 0.099200 0.949135
vt 0.564597 0.219024
vt 0.566952 0.217979
vt 0.953769 0.467047
vt 0.953770 0.464492
vt 0.955904 0.464599
vt 0.569350 0.218959
vt 0.953771 0.468903
vt 0.955903 0.467181
vt 0.569801 0.223315
vt 0.568443 0.224426
vt 0.570344 0.221385
vt 0.955432 0.178910
vt 0.953229 0.180223
vt 0.953233 0.178203
vt 0.955428 0.181040
vt 0.955398 0.177770
vt 0.955905 0.468903
vt 0.657573 0.953398
vt 0.657627 0.950812
vt 0.659772 0.950946
vt 0.659746 0.953514
vt 0.953235 0.182128
vt 0.657630 0.955182
vt 0.659828 0.955191
vt 0.635809 0.224702
vt 0.633808 0.224486
vt 0.632085 0.222825
vt 0.955426 0.182642
vt 0.631930 0.220236
vt 0.633633 0.218298
vt 0.636205 0.218204
vt 0.638090 0.220012
vt 0.638378 0.222001
vt 0.637583 0.223596
vt 0.756061 0.498370
vt 0.754507 0.496829
vt 0.754505 0.495681
vt 0.755052 0.497791
vt 0.758156 0.497846
vt 0.757261 0.498362
vt 0.758752 0.496843
vt 0.755066 0.494658
vt 0.756627 0.494083
vt 0.758495 0.495214
vt 0.770666 0.498367
vt 0.769120 0.496843
vt 0.769380 0.495219
vt 0.769634 0.497747
vt 0.771237 0.494074
vt 0.773358 0.495646
vt 0.773349 0.496808
vt 0.772793 0.494643
vt 0.772754 0.497817
vt 0.771831 0.498373
vt 0.969269 0.372243
vt 0.969076 0.372188
vt 0.969242 0.370500
vt 0.993554 0.519743
vt 0.993548 0.519731
vt 0.993423 0.520060
vt 0.968938 0.388820
vt 0.968729 0.388766
vt 0.968898 0.387058
vt 0.968534 0.387076
vt 0.968869 0.370500
vt 0.968575 0.388811
vt 0.993137 0.520062
vt 0.993200 0.519773
vt 0.968881 0.372202
vt 0.970219 0.229521
vt 0.970013 0.227906
vt 0.970399 0.227893
vt 0.261428 0.971568
vt 0.261223 0.969928
vt 0.261591 0.969935
vt 0.982149 0.116181
vt 0.981893 0.116178
vt 0.982029 0.114478
vt 0.982147 0.404981
vt 0.981883 0.404978
vt 0.982020 0.403302
vt 0.968869 0.358420
vt 0.969061 0.358404
vt 0.969236 0.360110
vt 0.968869 0.360100
vt 0.993433 0.779632
vt 0.993325 0.779965
vt 0.993132 0.779829
vt 0.030236 0.970254
vt 0.030468 0.970183
vt 0.030535 0.971611
vt 0.964875 0.967619
vt 0.964798 0.969307
vt 0.964636 0.967620
vt 0.964431 0.967618
vt 0.964431 0.969298
vt 0.044308 0.970297
vt 0.044521 0.972042
vt 0.044310 0.972050
vt 0.993132 0.779675
vt 0.981878 0.211630
vt 0.982119 0.211498
vt 0.982119 0.213287
vt 0.969301 0.358399
vt 0.981878 0.223653
vt 0.982125 0.223748
vt 0.982073 0.225429
vt 0.971310 0.815323
vt 0.971521 0.817020
vt 0.971285 0.816998
vt 0.993540 0.920562
vt 0.993490 0.920824
vt 0.993156 0.920820
vt 0.981923 0.213309
vt 0.993246 0.920557
vt 0.971498 0.815302
vt 0.766904 0.982445
vt 0.767014 0.982899
vt 0.766735 0.982710
vt 0.981878 0.225432
vt 0.982147 0.164672
vt 0.981897 0.164687
vt 0.982020 0.162978
vt 0.970977 0.306789
vt 0.971172 0.308430
vt 0.970800 0.308420
vt 0.982146 0.297116
vt 0.981883 0.297113
vt 0.982029 0.295430
vt 0.970582 0.071605
vt 0.970799 0.073217
vt 0.970419 0.073231
vt 0.600382 0.224710
vt 0.598662 0.223716
vt 0.597728 0.221460
vt 0.603386 0.218959
vt 0.604381 0.221385
vt 0.598633 0.219024
vt 0.603837 0.223315
vt 0.602479 0.224426
vt 0.633234 0.950457
vt 0.633268 0.951597
vt 0.631069 0.950890
vt 0.631065 0.952910
vt 0.600988 0.217979
vt 0.633264 0.953727
vt 0.845881 0.951042
vt 0.845935 0.953439
vt 0.843719 0.952922
vt 0.843717 0.950923
vt 0.953769 0.451805
vt 0.953770 0.449249
vt 0.955904 0.449356
vt 0.953771 0.453661
vt 0.955903 0.451939
vt 0.955905 0.453661
vt 0.821880 0.954054
vt 0.821823 0.952269
vt 0.823996 0.952386
vt 0.633263 0.955329
vt 0.631071 0.954815
vt 0.824077 0.954062
vt 0.713774 0.365800
vt 0.711773 0.365584
vt 0.710050 0.363923
vt 0.709894 0.361334
vt 0.711598 0.359396
vt 0.714170 0.359302
vt 0.845968 0.949151
vt 0.843823 0.949123
vt 0.716055 0.361110
vt 0.716343 0.363099
vt 0.715547 0.364694
vt 0.843796 0.954031
vt 0.824022 0.949817
vt 0.821877 0.949684
vt 0.786381 0.494096
vt 0.787685 0.497266
vt 0.785829 0.498374
vt 0.783975 0.497226
vt 0.783720 0.495600
vt 0.784285 0.494614
vt 0.787928 0.495640
vt 0.787395 0.494674
vt 0.785218 0.494072
vt 0.732820 0.588000
vt 0.735511 0.590094
vt 0.734459 0.592009
vt 0.732290 0.591976
vt 0.734917 0.588552
vt 0.733981 0.587987
vt 0.731270 0.589522
vt 0.731785 0.588620
vt 0.731270 0.590670
vt 0.982146 0.043353
vt 0.982043 0.043398
vt 0.982019 0.041647
vt 0.925209 0.710784
vt 0.925018 0.710706
vt 0.925591 0.709116
vt 0.794906 0.969210
vt 0.794538 0.967487
vt 0.794919 0.967478
vt 0.794670 0.969230
vt 0.925953 0.709233
vt 0.982149 0.006930
vt 0.981894 0.006934
vt 0.982031 0.005210
vt 0.794483 0.969188
vt 0.794665 0.969241
vt 0.993223 0.823498
vt 0.993340 0.823890
vt 0.993203 0.823821
vt 0.993510 0.823448
vt 0.982149 0.104054
vt 0.981893 0.104051
vt 0.982029 0.102351
vt 0.906080 0.971195
vt 0.905875 0.969556
vt 0.906244 0.969563
vt 0.970134 0.323768
vt 0.969928 0.322153
vt 0.970313 0.322140
vt 0.982147 0.417047
vt 0.981883 0.417044
vt 0.982020 0.415368
vt 0.982027 0.451213
vt 0.982288 0.451219
vt 0.982012 0.452612
vt 0.504370 0.966647
vt 0.504426 0.966557
vt 0.504544 0.968352
vt 0.556945 0.968467
vt 0.557107 0.968457
vt 0.557002 0.970148
vt 0.557388 0.970151
vt 0.993446 0.812813
vt 0.993492 0.813067
vt 0.993185 0.812998
vt 0.504177 0.966663
vt 0.925035 0.710680
vt 0.923687 0.711683
vt 0.504177 0.968343
vt 0.925299 0.711036
vt 0.925210 0.710863
vt 0.925952 0.712426
vt 0.925592 0.712534
vt 0.925386 0.710778
vt 0.993133 0.812805
vt 0.993401 0.834537
vt 0.993137 0.834622
vt 0.993132 0.834382
vt 0.925016 0.710951
vt 0.981892 0.546769
vt 0.982187 0.546651
vt 0.982150 0.548133
vt 0.982020 0.522671
vt 0.982283 0.522681
vt 0.982002 0.524067
vt 0.982146 0.285044
vt 0.981883 0.285041
vt 0.982029 0.283358
vt 0.982147 0.140426
vt 0.981897 0.140441
vt 0.982020 0.138732
vt 0.970915 0.254758
vt 0.971109 0.256399
vt 0.970738 0.256389
vt 0.970586 0.630041
vt 0.970803 0.631652
vt 0.970423 0.631667
vt 0.545856 0.949738
vt 0.545910 0.952135
vt 0.543694 0.951618
vt 0.543693 0.949619
vt 0.583364 0.224710
vt 0.581644 0.223716
vt 0.580710 0.221460
vt 0.581615 0.219024
vt 0.545944 0.947847
vt 0.583970 0.217979
vt 0.954013 0.862881
vt 0.954015 0.860326
vt 0.956148 0.860433
vt 0.952906 0.205979
vt 0.952960 0.203393
vt 0.955105 0.203527
vt 0.586368 0.218959
vt 0.587363 0.221385
vt 0.955079 0.206095
vt 0.955403 0.282709
vt 0.955402 0.284311
vt 0.953210 0.283796
vt 0.586819 0.223315
vt 0.585461 0.224426
vt 0.952963 0.207763
vt 0.955160 0.207772
vt 0.722443 0.496350
vt 0.720442 0.496134
vt 0.718719 0.494473
vt 0.720267 0.489945
vt 0.722839 0.489852
vt 0.956147 0.863016
vt 0.953204 0.281891
vt 0.955407 0.280579
vt 0.718563 0.491884
vt 0.954015 0.864738
vt 0.956149 0.864738
vt 0.543798 0.947819
vt 0.724724 0.491660
vt 0.725012 0.493648
vt 0.543771 0.952727
vt 0.724216 0.495243
vt 0.955373 0.279438
vt 0.953208 0.279871
vt 0.762055 0.592280
vt 0.760501 0.590739
vt 0.760759 0.589118
vt 0.761046 0.591701
vt 0.764150 0.591756
vt 0.763255 0.592271
vt 0.764746 0.590753
vt 0.762621 0.587993
vt 0.764489 0.589124
vt 0.776660 0.592277
vt 0.775374 0.589129
vt 0.777231 0.587983
vt 0.779091 0.589092
vt 0.779343 0.590717
vt 0.775628 0.591656
vt 0.775114 0.590753
vt 0.778748 0.591726
vt 0.777825 0.592283
vt 0.993179 0.595904
vt 0.993142 0.595636
vt 0.993379 0.595594
vt 0.312993 0.958322
vt 0.313256 0.956517
vt 0.313612 0.956622
vt 0.312867 0.958188
vt 0.993513 0.595929
vt 0.993592 0.595715
vt 0.982147 0.079797
vt 0.981914 0.079842
vt 0.982017 0.078082
vt 0.312702 0.958169
vt 0.970208 0.786039
vt 0.970207 0.784351
vt 0.969766 0.786045
vt 0.286467 0.966980
vt 0.286625 0.967053
vt 0.286786 0.968727
vt 0.286822 0.966998
vt 0.970134 0.335823
vt 0.969928 0.334208
vt 0.970313 0.334195
vt 0.982149 0.091927
vt 0.981893 0.091925
vt 0.982029 0.090224
vt 0.971031 0.802571
vt 0.970826 0.800932
vt 0.971195 0.800939
vt 0.982147 0.380849
vt 0.981883 0.380846
vt 0.982020 0.379170
vt 0.312899 0.958220
vt 0.982024 0.427392
vt 0.982289 0.427401
vt 0.982012 0.428794
vt 0.993163 0.454781
vt 0.993494 0.454458
vt 0.993421 0.454785
vt 0.312678 0.958359
vt 0.312848 0.958279
vt 0.311613 0.959450
vt 0.311401 0.959166
vt 0.993137 0.454836
vt 0.312696 0.958087
vt 0.313190 0.959958
vt 0.286419 0.968717
vt 0.970015 0.706482
vt 0.970466 0.706438
vt 0.970020 0.707915
vt 0.981886 0.187315
vt 0.982119 0.188977
vt 0.981923 0.188999
vt 0.993538 0.909796
vt 0.993309 0.910095
vt 0.993246 0.909782
vt 0.982124 0.498855
vt 0.982126 0.500256
vt 0.981891 0.500240
vt 0.982147 0.176795
vt 0.981897 0.176809
vt 0.982020 0.175100
vt 0.982146 0.309188
vt 0.981883 0.309185
vt 0.982029 0.307502
vt 0.970908 0.242735
vt 0.971126 0.244347
vt 0.970745 0.244362
vt 0.190854 0.969541
vt 0.191049 0.971182
vt 0.190677 0.971172
vt 0.591079 0.956644
vt 0.589341 0.959798
vt 0.589343 0.956642
vt 0.591077 0.959799
vt 0.967383 0.086764
vt 0.968011 0.086761
vt 0.968010 0.088503
vt 0.019667 0.958096
vt 0.019023 0.961219
vt 0.019023 0.958096
vt 0.019667 0.961220
vt 0.967383 0.088506
vt 0.240722 0.956695
vt 0.240720 0.959841
vt 0.238985 0.959842
vt 0.154760 0.958167
vt 0.154115 0.961291
vt 0.154115 0.958167
vt 0.238986 0.956694
vt 0.966819 0.722919
vt 0.967444 0.722917
vt 0.967443 0.724660
vt 0.966819 0.724661
vt 0.154760 0.961291
vt 0.963209 0.888672
vt 0.962566 0.891571
vt 0.962566 0.888672
vt 0.361932 0.956938
vt 0.361931 0.959873
vt 0.360085 0.959872
vt 0.966719 0.740613
vt 0.967346 0.740611
vt 0.967346 0.742464
vt 0.360087 0.956937
vt 0.966719 0.742466
vt 0.963209 0.891571
vt 0.130377 0.957073
vt 0.130376 0.959999
vt 0.128530 0.959999
vt 0.458052 0.959028
vt 0.457412 0.961952
vt 0.457409 0.959028
vt 0.128532 0.957073
vt 0.966820 0.645055
vt 0.967445 0.645052
vt 0.967439 0.646869
vt 0.458049 0.961949
vt 0.966824 0.646870
vt 0.960941 0.815127
vt 0.960941 0.818251
vt 0.960296 0.818251
vt 0.575753 0.956662
vt 0.575752 0.959809
vt 0.574016 0.959809
vt 0.967308 0.432768
vt 0.967934 0.432768
vt 0.967933 0.434510
vt 0.574018 0.956662
vt 0.693566 0.958000
vt 0.692921 0.961124
vt 0.692921 0.958000
vt 0.967384 0.098896
vt 0.968011 0.100636
vt 0.967384 0.100638
vt 0.907630 0.955970
vt 0.905893 0.959125
vt 0.905895 0.955969
vt 0.907629 0.959126
vt 0.968011 0.098893
vt 0.960296 0.815127
vt 0.967308 0.434512
vt 0.693566 0.961124
vt 0.963209 0.875427
vt 0.962566 0.878327
vt 0.962566 0.875427
vt 0.918871 0.861944
vt 0.918869 0.864878
vt 0.917024 0.864877
vt 0.739684 0.083581
vt 0.740311 0.083578
vt 0.740311 0.085431
vt 0.917025 0.861943
vt 0.739684 0.085434
vt 0.963209 0.878327
vt 0.759449 0.957141
vt 0.759448 0.960068
vt 0.757602 0.960068
vt 0.920883 0.308778
vt 0.920880 0.311699
vt 0.920243 0.311702
vt 0.920240 0.308778
vt 0.757603 0.957142
vt 0.966820 0.657239
vt 0.967439 0.659054
vt 0.966824 0.659054
vt 0.967445 0.657236
vt 0.915875 0.256576
vt 0.914583 0.263170
vt 0.914586 0.256573
vt 0.915872 0.263173
vt 0.907644 0.938966
vt 0.907641 0.945546
vt 0.906352 0.945544
vt 0.906356 0.938964
vt 0.960312 0.242719
vt 0.958934 0.246207
vt 0.958949 0.242695
vt 0.960298 0.246232
vt 0.960312 0.256628
vt 0.958934 0.260107
vt 0.958949 0.256605
vt 0.960298 0.260131
vt 0.956456 0.722898
vt 0.956335 0.730211
vt 0.956244 0.722894
vt 0.955779 0.681271
vt 0.955870 0.688608
vt 0.955658 0.688605
vt 0.956456 0.645033
vt 0.956335 0.652347
vt 0.956244 0.645030
vt 0.956040 0.114065
vt 0.956131 0.121402
vt 0.955919 0.121399
vt 0.088511 0.949713
vt 0.088600 0.957110
vt 0.088421 0.957117
vt 0.445880 0.947595
vt 0.445996 0.954977
vt 0.445766 0.954960
vt 0.856066 0.088193
vt 0.854443 0.127076
vt 0.854441 0.088193
vt 0.856050 0.127077
vt 0.746818 0.830475
vt 0.745192 0.865494
vt 0.745243 0.830477
vt 0.572287 0.119400
vt 0.607939 0.080333
vt 0.607939 0.119394
vt 0.568936 0.492016
vt 0.604588 0.452949
vt 0.604588 0.492009
vt 0.858711 0.227872
vt 0.858696 0.266649
vt 0.857088 0.266649
vt 0.746783 0.865493
vt 0.857086 0.227872
vt 0.568935 0.452955
vt 0.301551 0.830339
vt 0.299991 0.865471
vt 0.299975 0.830339
vt 0.572287 0.080340
vt 0.301582 0.865472
vt 0.721374 0.946037
vt 0.719465 0.942760
vt 0.721366 0.941660
vt 0.719468 0.944939
vt 0.242707 0.946285
vt 0.240640 0.946273
vt 0.240655 0.942315
vt 0.723276 0.942752
vt 0.723277 0.944935
vt 0.957837 0.591019
vt 0.955638 0.591029
vt 0.955642 0.587072
vt 0.242717 0.942327
vt 0.949376 0.310716
vt 0.947285 0.310753
vt 0.947303 0.306824
vt 0.945643 0.310725
vt 0.945634 0.306802
vt 0.238973 0.946278
vt 0.238960 0.942351
vt 0.417202 0.960338
vt 0.415024 0.956405
vt 0.417196 0.956416
vt 0.414998 0.960334
vt 0.858707 0.583309
vt 0.860603 0.586605
vt 0.858717 0.587706
vt 0.860600 0.584388
vt 0.856791 0.586613
vt 0.856791 0.584430
vt 0.957821 0.587072
vt 0.949376 0.306813
vt 0.948831 0.633940
vt 0.946740 0.633977
vt 0.946758 0.630048
vt 0.945089 0.630027
vt 0.007081 0.944330
vt 0.005176 0.943233
vt 0.005172 0.941054
vt 0.945098 0.633949
vt 0.007074 0.939953
vt 0.948831 0.630037
vt 0.008984 0.941046
vt 0.192832 0.959112
vt 0.190628 0.959108
vt 0.190655 0.955178
vt 0.077742 0.947370
vt 0.075675 0.947357
vt 0.075690 0.943399
vt 0.073995 0.943435
vt 0.074008 0.947362
vt 0.008984 0.943229
vt 0.878768 0.129207
vt 0.878736 0.133603
vt 0.876849 0.132508
vt 0.880661 0.132504
vt 0.277867 0.956568
vt 0.275672 0.952621
vt 0.277851 0.952622
vt 0.876851 0.130325
vt 0.192826 0.955189
vt 0.880660 0.130287
vt 0.077752 0.943412
vt 0.275668 0.956579
vt 0.925531 0.215969
vt 0.923622 0.212692
vt 0.925524 0.211592
vt 0.923626 0.214871
vt 0.264963 0.947040
vt 0.262896 0.947028
vt 0.262911 0.943070
vt 0.927433 0.212684
vt 0.927434 0.214867
vt 0.559179 0.958031
vt 0.556980 0.958041
vt 0.556984 0.954084
vt 0.264973 0.943082
vt 0.261216 0.943106
vt 0.261229 0.947033
vt 0.932238 0.959917
vt 0.930061 0.955984
vt 0.932232 0.955994
vt 0.872866 0.583309
vt 0.874758 0.584389
vt 0.874759 0.586606
vt 0.949474 0.075504
vt 0.947401 0.071612
vt 0.949474 0.071602
vt 0.872873 0.587706
vt 0.930034 0.959913
vt 0.870948 0.586611
vt 0.947383 0.075542
vt 0.945732 0.071591
vt 0.870949 0.584428
vt 0.559163 0.954084
vt 0.945741 0.075513
vt 0.932842 0.634382
vt 0.934744 0.631097
vt 0.934745 0.633280
vt 0.932834 0.630005
vt 0.363806 0.946530
vt 0.361755 0.942559
vt 0.363816 0.942572
vt 0.361740 0.946517
vt 0.930933 0.631105
vt 0.930936 0.633284
vt 0.796717 0.957055
vt 0.794518 0.957065
vt 0.794522 0.953108
vt 0.615424 0.948865
vt 0.613333 0.948902
vt 0.613350 0.944973
vt 0.615424 0.944963
vt 0.781594 0.959940
vt 0.779390 0.959936
vt 0.779417 0.956006
vt 0.360073 0.946522
vt 0.360059 0.942595
vt 0.781588 0.956017
vt 0.893653 0.400202
vt 0.895549 0.403497
vt 0.893663 0.404598
vt 0.895546 0.401280
vt 0.891737 0.403505
vt 0.891737 0.401322
vt 0.611682 0.944952
vt 0.611691 0.948874
vt 0.796701 0.953109
vt 0.178172 0.956142
vt 0.175973 0.956152
vt 0.175977 0.952195
vt 0.178157 0.952195
vt 0.192518 0.944802
vt 0.190612 0.943704
vt 0.190609 0.941525
vt 0.694572 0.947623
vt 0.692930 0.947595
vt 0.692921 0.943673
vt 0.192510 0.940424
vt 0.132251 0.946664
vt 0.130184 0.946652
vt 0.130199 0.942694
vt 0.194420 0.941517
vt 0.194421 0.943700
vt 0.132261 0.942706
vt 0.128517 0.946657
vt 0.128504 0.942730
vt 0.530541 0.960350
vt 0.528363 0.956417
vt 0.530535 0.956428
vt 0.528337 0.960346
vt 0.800229 0.493987
vt 0.798311 0.497289
vt 0.798312 0.495106
vt 0.800236 0.498384
vt 0.694590 0.943694
vt 0.802122 0.497285
vt 0.802121 0.495068
vt 0.696663 0.947586
vt 0.696663 0.943684
vt 0.383124 0.948739
vt 0.381482 0.948711
vt 0.381473 0.944789
vt 0.933387 0.311157
vt 0.931482 0.310060
vt 0.931478 0.307881
vt 0.495623 0.956170
vt 0.493424 0.956181
vt 0.493428 0.952223
vt 0.495607 0.952224
vt 0.933379 0.306780
vt 0.385215 0.948702
vt 0.383142 0.944810
vt 0.935289 0.307873
vt 0.935290 0.310056
vt 0.593063 0.946234
vt 0.591012 0.942264
vt 0.593073 0.942276
vt 0.590997 0.946222
vt 0.850940 0.489546
vt 0.852836 0.492841
vt 0.850951 0.493942
vt 0.385215 0.944800
vt 0.849025 0.492849
vt 0.849024 0.490666
vt 0.852833 0.490624
vt 0.589316 0.942300
vt 0.589330 0.946227
vt 0.954057 0.959132
vt 0.951879 0.955199
vt 0.954051 0.955209
vt 0.951853 0.959128
vt 0.943355 0.591429
vt 0.941446 0.588152
vt 0.943348 0.587053
vt 0.941450 0.590332
vt 0.209210 0.945947
vt 0.207144 0.945935
vt 0.207159 0.941977
vt 0.945258 0.588145
vt 0.945258 0.590328
vt 0.007406 0.958659
vt 0.005207 0.958669
vt 0.005211 0.954712
vt 0.209221 0.941989
vt 0.721688 0.960347
vt 0.719511 0.956413
vt 0.721682 0.956424
vt 0.205463 0.942013
vt 0.806220 0.587897
vt 0.808113 0.588976
vt 0.808116 0.591193
vt 0.205477 0.945939
vt 0.806192 0.592293
vt 0.719485 0.960343
vt 0.048021 0.947610
vt 0.045947 0.943718
vt 0.048021 0.943708
vt 0.804305 0.591200
vt 0.804304 0.589017
vt 0.045930 0.947647
vt 0.007391 0.954712
vt 0.044288 0.947619
vt 0.044279 0.943697
vt 0.948455 0.710314
vt 0.946364 0.710351
vt 0.946381 0.706422
vt 0.944713 0.706400
vt 0.743804 0.942966
vt 0.741899 0.941868
vt 0.741895 0.939689
vt 0.944722 0.710323
vt 0.743796 0.938589
vt 0.745707 0.939681
vt 0.745707 0.941864
vt 0.577738 0.946253
vt 0.575686 0.942282
vt 0.577748 0.942295
vt 0.575671 0.946240
vt 0.483019 0.956170
vt 0.480819 0.956181
vt 0.480824 0.952223
vt 0.329920 0.960136
vt 0.327716 0.960132
vt 0.327742 0.956202
vt 0.948455 0.706411
vt 0.911381 0.211596
vt 0.913277 0.214892
vt 0.911353 0.215992
vt 0.913275 0.212675
vt 0.329914 0.956213
vt 0.909466 0.214900
vt 0.574004 0.946245
vt 0.573991 0.942318
vt 0.909465 0.212717
vt 0.483003 0.952224
vt 0.060274 0.945886
vt 0.058365 0.942610
vt 0.060267 0.941509
vt 0.401510 0.948541
vt 0.399419 0.948578
vt 0.399437 0.944649
vt 0.058369 0.944789
vt 0.397777 0.948550
vt 0.397768 0.944628
vt 0.331443 0.945798
vt 0.329376 0.945786
vt 0.329391 0.941828
vt 0.062177 0.942602
vt 0.062177 0.944785
vt 0.871308 0.268227
vt 0.869109 0.268238
vt 0.869113 0.264280
vt 0.331453 0.941840
vt 0.327696 0.941864
vt 0.327709 0.945790
vt 0.879496 0.400202
vt 0.881392 0.403497
vt 0.879468 0.404598
vt 0.881389 0.401280
vt 0.877581 0.403505
vt 0.877580 0.401322
vt 0.401510 0.944639
vt 0.871292 0.264281
vt 0.300979 0.960470
vt 0.298802 0.956537
vt 0.300973 0.956547
vt 0.298776 0.960466
vt 0.948687 0.788303
vt 0.946596 0.788340
vt 0.946614 0.784411
vt 0.944945 0.784390
vt 0.933485 0.075946
vt 0.931580 0.074849
vt 0.931576 0.072669
vt 0.944954 0.788312
vt 0.933478 0.071569
vt 0.948687 0.784401
vt 0.935387 0.072662
vt 0.032455 0.959532
vt 0.030251 0.959528
vt 0.030277 0.955598
vt 0.935388 0.074845
vt 0.416659 0.945988
vt 0.414992 0.945993
vt 0.414978 0.942066
vt 0.032449 0.955610
vt 0.919338 0.071574
vt 0.921231 0.074871
vt 0.919307 0.075970
vt 0.921230 0.072654
vt 0.418725 0.946000
vt 0.416674 0.942030
vt 0.418735 0.942042
vt 0.917420 0.074876
vt 0.917421 0.072693
vt 0.956937 0.436729
vt 0.954742 0.432781
vt 0.956922 0.432782
vt 0.954738 0.436739
vt 0.157857 0.947754
vt 0.155766 0.947791
vt 0.155783 0.943862
vt 0.796392 0.942726
vt 0.794483 0.939450
vt 0.796385 0.938350
vt 0.794487 0.941629
vt 0.154124 0.947763
vt 0.154115 0.943840
vt 0.157857 0.943851
vt 0.798294 0.939442
vt 0.060589 0.960197
vt 0.058385 0.960193
vt 0.058412 0.956263
vt 0.529997 0.946000
vt 0.528317 0.942078
vt 0.530012 0.942042
vt 0.528330 0.946005
vt 0.060583 0.956273
vt 0.864062 0.395479
vt 0.865956 0.396557
vt 0.865958 0.398774
vt 0.798295 0.941625
vt 0.532064 0.946012
vt 0.864073 0.399875
vt 0.862147 0.398782
vt 0.744129 0.957295
vt 0.741934 0.953347
vt 0.744113 0.953348
vt 0.741930 0.957305
vt 0.862146 0.396599
vt 0.532074 0.942054
vt 0.809322 0.957055
vt 0.807122 0.957065
vt 0.807127 0.953108
vt 0.809306 0.953108
vt 0.941766 0.864738
vt 0.939860 0.863640
vt 0.939857 0.861461
vt 0.459060 0.948652
vt 0.457418 0.948623
vt 0.457409 0.944701
vt 0.943668 0.861453
vt 0.943669 0.863636
vt 0.941758 0.860361
vt 0.835954 0.269065
vt 0.833902 0.265095
vt 0.835964 0.265107
vt 0.833887 0.269053
vt 0.832207 0.265131
vt 0.865097 0.489546
vt 0.866990 0.490624
vt 0.866993 0.492841
vt 0.832220 0.269058
vt 0.207687 0.960285
vt 0.205510 0.956351
vt 0.207681 0.956362
vt 0.461151 0.948614
vt 0.459078 0.944722
vt 0.461151 0.944712
vt 0.865069 0.493942
vt 0.863181 0.492849
vt 0.863181 0.490666
vt 0.205483 0.960281
vt 0.312917 0.946160
vt 0.316733 0.941798
vt 0.316733 0.946160
vt 0.312917 0.941798
vt 0.821810 0.898887
vt 0.825605 0.898904
vt 0.825600 0.912222
vt 0.821807 0.912206
vt 0.312925 0.890765
vt 0.317329 0.890762
vt 0.317332 0.904082
vt 0.298756 0.946160
vt 0.302572 0.941798
vt 0.302572 0.946160
vt 0.327704 0.890765
vt 0.332099 0.904084
vt 0.327709 0.904084
vt 0.298756 0.941798
vt 0.312930 0.904084
vt 0.332097 0.890766
vt 0.843679 0.898868
vt 0.847482 0.912194
vt 0.843675 0.912188
vt 0.847487 0.898873
vt 0.346956 0.956081
vt 0.349664 0.951909
vt 0.349666 0.956075
vt 0.891005 0.130649
vt 0.893682 0.130634
vt 0.893676 0.133591
vt 0.226588 0.948469
vt 0.223623 0.952594
vt 0.223612 0.948474
vt 0.226580 0.952595
vt 0.747731 0.222334
vt 0.750410 0.225267
vt 0.747731 0.225246
vt 0.346955 0.951916
vt 0.750417 0.222310
vt 0.434341 0.947570
vt 0.431376 0.951704
vt 0.431364 0.947573
vt 0.434333 0.951707
vt 0.891005 0.133561
vt 0.953270 0.163416
vt 0.955979 0.159244
vt 0.955980 0.163409
vt 0.953269 0.159250
vt 0.600339 0.303115
vt 0.216871 0.533552
vt 0.097893 0.626119
vt 0.118314 0.626119
vt 0.993176 0.443563
vt 0.993170 0.443622
vt 0.993221 0.443649
vt 0.993132 0.443658
vt 0.962030 0.058815
vt 0.962061 0.058795
vt 0.962066 0.058872
vt 0.418076 0.994228
vt 0.418171 0.994300
vt 0.418145 0.994388
vt 0.962061 0.045157
vt 0.962014 0.045137
vt 0.925252 0.710932
vt 0.925169 0.710802
vt 0.925208 0.710870
vt 0.925046 0.710826
vt 0.445029 0.965355
vt 0.634707 0.302942
vt 0.968938 0.388821
vt 0.968695 0.388854
vt 0.968738 0.388767
vt 0.993132 0.779605
vt 0.286467 0.966979
vt 0.286618 0.966952
vt 0.286661 0.967042
vt 0.969089 0.372250
vt 0.969025 0.358354
vt 0.635228 0.303165
vt 0.733814 0.144030
vt 0.118211 0.665662
vt 0.963612 0.944537
vt 0.116031 0.965819
vt 0.981938 0.582720
vt 0.805711 0.967546
vt 0.993554 0.443985
vt 0.993560 0.779914
vt 0.044532 0.970340
vt 0.993512 0.834263
vt 0.674006 0.970012
vt 0.674227 0.970104
vt 0.674008 0.971815
vt 0.969895 0.706392
vt 0.969894 0.706386
s 1
usemtl rural_house_001_baked
f 4/1/1 2/2/1 3/3/1
f 4/1/1 3/3/1 5/4/1
f 6/5/2 7/6/2 8/7/2
f 6/5/2 8/7/2 9/8/2
f 10/9/3 11/10/3 12/11/3
f 10/9/3 12/11/3 13/12/3
f 14/13/4 15/14/4 16/15/4
f 14/13/4 16/15/4 17/16/4
f 1636/17/5 1334/18/5 1679/19/5
f 97/20/6 104/21/6 1626/22/6
f 1218/23/7 1217/24/7 1680/25/7
f 1652/26/8 1260/27/8 1635/28/8
f 1281/29/9 1280/30/10 1653/31/11
f 1671/32/12 1398/33/13 1660/34/14
f 980/35/15 974/36/16 1674/37/17
f 1674/38/18 987/39/18 1638/40/18
f 1000/41/19 995/42/20 1666/43/21
f 1666/44/18 1007/45/18 1644/46/18
f 1382/47/22 1643/48/22 1637/49/22
f 1667/50/23 1397/51/24 1671/52/25
f 1203/53/26 1663/54/26 1657/55/26
f 1324/56/27 1636/57/27 1335/58/27
f 1337/59/28 1647/60/28 1340/61/28
f 1207/62/29 1223/63/29 1204/64/29
f 1658/65/30 1403/66/30 1667/67/30
f 20/68/31 18/69/32 19/70/33
f 18/71/32 22/72/34 19/73/33
f 18/71/32 24/74/35 22/72/34
f 20/75/31 24/76/35 18/77/32
f 20/68/31 19/70/33 25/78/36
f 19/79/33 21/80/37 25/81/36
f 19/79/33 22/82/34 21/80/37
f 20/75/31 23/83/38 24/76/35
f 23/84/38 20/85/31 25/86/36
f 24/87/35 23/88/38 21/89/37
f 24/87/35 21/89/37 22/90/34
f 23/84/38 25/86/36 21/91/37
f 27/92/39 29/93/40 26/94/41
f 28/95/42 26/96/41 29/97/40
f 28/95/42 29/97/40 27/98/39
f 27/92/39 26/94/41 28/99/42
f 35/100/43 30/101/44 36/102/45
f 35/100/43 34/103/46 30/101/44
f 36/104/45 30/105/44 31/106/47
f 30/107/44 34/108/46 37/109/48
f 30/107/44 37/109/48 31/110/47
f 36/104/45 31/106/47 33/111/49
f 33/112/49 31/113/47 37/114/48
f 33/112/49 37/114/48 32/115/50
f 34/116/46 35/117/43 32/118/50
f 34/116/46 32/118/50 37/119/48
f 35/120/43 33/121/49 32/122/50
f 35/120/43 36/123/45 33/121/49
f 41/124/51 43/125/52 38/126/53
f 38/127/53 43/128/52 42/129/54
f 41/130/51 38/131/53 39/132/55
f 38/127/53 42/129/54 39/133/55
f 39/134/55 42/135/54 44/136/56
f 39/134/55 44/136/56 45/137/57
f 41/130/51 39/132/55 45/138/57
f 40/139/58 45/140/57 44/141/56
f 40/139/58 41/142/51 45/140/57
f 43/143/52 40/144/58 44/145/56
f 41/124/51 40/146/58 43/125/52
f 43/143/52 44/145/56 42/147/54
f 50/148/59 48/149/60 46/150/61
f 47/151/62 46/152/63 48/153/60
f 47/151/62 48/153/60 49/154/64
f 47/155/62 49/156/64 51/157/65
f 49/154/64 48/153/60 50/158/59
f 50/158/59 51/159/66 49/154/64
f 52/160/67 53/161/68 56/162/69
f 53/163/68 60/164/70 59/165/71
f 53/166/68 55/167/72 56/168/69
f 53/166/68 57/169/73 55/167/72
f 53/163/68 52/170/67 60/164/70
f 53/163/68 59/165/71 57/171/73
f 60/172/70 61/173/74 54/174/75
f 55/175/72 54/176/75 61/177/74
f 55/175/72 61/177/74 56/178/69
f 57/169/73 58/179/76 55/167/72
f 55/175/72 58/180/76 54/176/75
f 52/160/67 56/162/69 61/181/74
f 57/182/73 59/183/71 58/184/76
f 59/183/71 54/185/75 58/184/76
f 59/183/71 60/186/70 54/185/75
f 60/172/70 52/187/67 61/173/74
f 62/188/67 68/189/69 67/190/74
f 63/191/68 62/192/67 64/193/70
f 64/194/70 62/195/67 67/196/74
f 63/191/68 70/197/71 65/198/73
f 63/191/68 64/193/70 70/197/71
f 63/199/68 71/200/72 68/201/69
f 63/199/68 65/202/73 71/200/72
f 62/188/67 63/203/68 68/189/69
f 64/194/70 67/196/74 66/204/75
f 65/205/73 70/206/71 69/207/76
f 70/206/71 64/208/70 66/209/75
f 70/206/71 66/209/75 69/207/76
f 71/210/72 69/211/76 66/212/75
f 71/210/72 67/213/74 68/214/69
f 71/210/72 66/212/75 67/213/74
f 65/202/73 69/215/76 71/200/72
f 74/216/77 72/217/78 73/218/79
f 73/219/79 72/220/78 80/221/80
f 72/222/78 81/223/81 80/224/80
f 73/219/79 80/221/80 77/225/82
f 74/216/77 73/218/79 75/226/83
f 74/227/77 78/228/84 81/229/81
f 74/227/77 79/230/85 78/228/84
f 74/216/77 75/226/83 79/231/85
f 72/222/78 74/232/77 81/223/81
f 75/233/83 77/234/82 76/235/86
f 75/233/83 73/236/79 77/234/82
f 79/237/85 75/233/83 76/235/86
f 78/238/84 76/239/86 77/240/82
f 78/238/84 77/240/82 80/241/80
f 78/238/84 80/241/80 81/242/81
f 79/230/85 76/243/86 78/228/84
f 89/244/87 88/245/88 82/246/89
f 82/247/89 88/248/88 87/249/90
f 82/247/89 87/249/90 86/250/91
f 85/251/92 82/252/89 86/253/91
f 89/244/87 82/246/89 85/254/92
f 83/255/93 1626/256/94 84/257/95
f 83/255/93 85/251/92 1626/256/94
f 89/244/87 85/254/92 83/258/93
f 84/259/95 105/260/96 86/261/91
f 89/262/87 84/263/95 90/264/97
f 84/259/95 87/265/90 91/266/98
f 84/259/95 86/261/91 87/265/90
f 84/259/95 91/266/98 90/267/97
f 89/262/87 83/268/93 84/263/95
f 85/251/92 86/253/91 105/269/99
f 88/270/88 91/271/98 87/272/90
f 88/270/88 89/273/87 91/271/98
f 90/274/97 93/275/100 89/276/87
f 1632/277/101 95/278/102 100/279/103
f 94/280/104 96/281/104 95/282/104
f 96/283/105 1632/277/101 100/279/103
f 95/282/102 96/281/105 97/20/106
f 95/282/102 97/20/106 1626/22/107
f 95/284/102 103/285/108 100/286/103
f 95/284/102 101/287/109 103/285/108
f 95/282/102 1626/22/107 101/288/109
f 96/283/105 100/279/103 99/289/110
f 97/290/106 96/291/105 99/292/110
f 106/293/111 97/290/106 99/292/110
f 1626/256/112 98/294/113 102/295/114
f 103/296/108 102/297/114 98/298/113
f 103/296/108 98/298/113 99/299/110
f 106/293/111 99/292/110 98/300/113
f 103/296/108 99/299/110 100/301/103
f 101/302/109 1626/256/107 102/295/114
f 101/287/109 102/303/114 103/285/108
f 121/304/115 107/305/116 1675/306/117
f 1676/307/118 117/308/118 107/305/118
f 107/305/119 110/309/120 1676/307/121
f 110/310/120 107/311/119 121/312/115
f 110/310/120 121/312/115 108/313/122
f 108/314/122 121/315/115 120/316/123
f 110/317/120 109/318/124 111/319/125
f 109/320/124 119/321/126 112/322/127
f 110/310/120 119/323/126 109/324/124
f 110/317/120 111/319/125 1676/325/121
f 111/326/125 120/327/123 1675/328/117
f 111/326/125 1633/329/128 120/327/123
f 111/326/125 1675/328/117 1676/330/121
f 112/331/129 124/332/130 127/333/131
f 112/331/132 115/334/132 124/332/132
f 122/335/133 128/336/134 112/337/135
f 122/335/133 112/337/135 126/338/136
f 126/339/136 112/331/135 127/333/131
f 119/340/137 1633/341/137 114/342/137
f 1640/343/138 122/344/133 129/345/139
f 118/346/140 123/347/141 122/335/133
f 121/304/115 1675/306/117 120/348/123
f 123/349/141 1640/343/138 129/345/139
f 119/340/126 108/350/122 1633/341/128
f 110/310/120 108/313/122 119/323/126
f 108/314/122 120/316/123 1633/351/128
f 122/335/133 123/347/141 128/336/134
f 122/352/133 130/353/142 129/354/139
f 122/352/133 126/355/136 130/353/142
f 123/349/141 129/345/139 125/356/143
f 130/357/142 127/358/131 124/359/130
f 130/357/142 124/359/130 125/360/143
f 128/361/134 125/362/143 124/363/130
f 128/361/134 123/364/141 125/362/143
f 126/355/136 127/365/131 130/353/142
f 130/357/142 125/360/143 129/366/139
f 131/367/144 135/368/145 137/369/146
f 132/370/147 131/371/144 138/372/148
f 138/373/148 131/367/144 137/369/146
f 132/370/147 138/372/148 136/374/149
f 132/375/147 133/376/150 135/377/145
f 132/375/147 136/378/149 133/376/150
f 131/379/144 132/380/147 135/381/145
f 133/382/150 134/383/151 137/384/146
f 133/382/150 137/384/146 135/385/145
f 136/378/149 134/386/151 133/376/150
f 136/387/149 138/388/148 134/389/151
f 138/373/148 137/369/146 134/390/151
f 139/391/152 142/392/153 144/393/154
f 141/394/155 140/395/156 145/396/157
f 140/397/156 143/398/158 145/399/157
f 140/397/156 139/400/152 143/398/158
f 142/401/153 140/402/156 141/403/155
f 142/401/153 139/404/152 140/402/156
f 142/405/153 146/406/159 144/407/154
f 142/405/153 141/408/155 146/406/159
f 139/400/152 144/409/154 143/398/158
f 146/410/159 143/411/158 144/412/154
f 146/410/159 145/413/157 143/411/158
f 141/408/155 145/414/157 146/406/159
f 149/415/149 147/416/151 150/417/150
f 150/418/150 152/419/146 148/420/160
f 153/421/144 148/422/160 152/423/146
f 154/424/147 149/415/149 150/417/150
f 154/424/147 150/417/150 148/425/160
f 150/418/150 147/426/151 152/419/146
f 154/427/147 151/428/148 149/429/149
f 149/430/149 151/431/148 147/432/151
f 151/433/148 152/423/146 147/434/151
f 154/427/147 153/435/144 151/428/148
f 151/433/148 153/421/144 152/423/146
f 153/436/144 154/437/147 148/438/160
f 155/439/152 162/440/153 160/441/154
f 162/442/153 156/443/155 158/444/159
f 156/443/155 157/445/157 158/444/159
f 162/442/153 158/444/159 160/446/154
f 158/447/159 159/448/158 160/449/154
f 158/447/159 157/450/157 159/448/158
f 155/451/152 160/452/154 159/453/158
f 161/454/156 155/451/152 159/453/158
f 161/454/156 159/453/158 157/455/157
f 162/456/153 161/457/156 156/458/155
f 156/459/155 161/460/156 157/461/157
f 162/456/153 155/462/152 161/457/156
f 164/463/148 163/464/144 169/465/146
f 170/466/147 163/467/144 164/468/148
f 163/464/144 167/469/145 169/465/146
f 164/463/148 169/465/146 165/470/151
f 170/466/147 164/468/148 168/471/149
f 168/472/149 164/473/148 165/474/151
f 168/475/149 165/476/151 166/477/150
f 166/478/150 169/479/146 167/480/145
f 170/481/147 166/477/150 167/482/145
f 166/478/150 165/483/151 169/479/146
f 170/481/147 168/475/149 166/477/150
f 163/484/144 170/485/147 167/486/145
f 178/487/153 171/488/152 176/489/156
f 176/490/156 171/491/152 177/492/158
f 171/491/152 175/493/154 177/492/158
f 178/487/153 176/489/156 172/494/155
f 172/495/155 176/496/156 173/497/157
f 176/490/156 177/492/158 173/498/157
f 174/499/159 173/500/157 177/501/158
f 178/502/153 172/503/155 174/504/159
f 174/499/159 177/501/158 175/505/154
f 172/503/155 173/506/157 174/504/159
f 178/502/153 174/504/159 175/507/154
f 171/508/152 178/509/153 175/510/154
f 181/511/147 179/512/148 180/513/149
f 180/514/149 179/515/148 185/516/151
f 181/511/147 186/517/144 179/512/148
f 179/518/148 186/519/144 183/520/146
f 179/518/148 183/520/146 185/521/151
f 181/522/147 182/523/150 184/524/145
f 181/522/147 180/525/149 182/523/150
f 186/526/144 181/527/147 184/528/145
f 182/529/150 183/530/146 184/531/145
f 180/525/149 185/532/151 182/523/150
f 182/529/150 185/533/151 183/530/146
f 186/519/144 184/534/145 183/520/146
f 188/535/153 187/536/152 194/537/156
f 194/538/156 187/539/152 190/540/158
f 187/539/152 191/541/154 190/540/158
f 188/535/153 194/537/156 192/542/155
f 188/543/153 193/544/159 191/545/154
f 188/543/153 192/546/155 193/544/159
f 187/547/152 188/548/153 191/549/154
f 192/546/155 189/550/157 193/544/159
f 194/538/156 190/540/158 189/551/157
f 193/552/159 189/553/157 190/554/158
f 192/555/155 194/556/156 189/557/157
f 193/552/159 190/554/158 191/558/154
f 195/559/147 199/560/148 197/561/149
f 195/559/147 200/562/144 199/560/148
f 195/563/147 196/564/150 202/565/145
f 195/563/147 197/566/149 196/564/150
f 200/567/144 195/568/147 202/569/145
f 196/570/150 201/571/146 202/572/145
f 197/566/149 198/573/151 196/564/150
f 196/570/150 198/574/151 201/571/146
f 197/575/149 199/576/148 198/577/151
f 199/578/148 201/579/146 198/580/151
f 199/578/148 200/581/144 201/579/146
f 200/581/144 202/582/145 201/579/146
f 209/583/153 203/584/152 204/585/156
f 204/586/156 203/587/152 206/588/158
f 203/587/152 207/589/154 206/588/158
f 209/583/153 204/585/156 208/590/155
f 208/591/155 204/592/156 205/593/157
f 204/586/156 206/588/158 205/594/157
f 208/595/155 205/596/157 210/597/159
f 210/598/159 205/599/157 206/600/158
f 210/598/159 206/600/158 207/601/154
f 209/602/153 208/595/155 210/597/159
f 203/603/152 209/604/153 207/605/154
f 209/602/153 210/597/159 207/606/154
f 211/607/147 212/608/148 213/609/149
f 211/607/147 218/610/144 212/608/148
f 211/611/147 214/612/150 216/613/145
f 211/611/147 213/614/149 214/612/150
f 218/615/144 211/616/147 216/617/145
f 213/618/149 212/619/148 217/620/151
f 212/621/148 218/622/144 215/623/146
f 212/621/148 215/623/146 217/624/151
f 213/614/149 217/625/151 214/612/150
f 214/626/150 215/627/146 216/628/145
f 214/626/150 217/629/151 215/627/146
f 218/622/144 216/630/145 215/623/146
f 220/631/153 219/632/152 224/633/156
f 224/634/156 219/635/152 226/636/158
f 219/635/152 225/637/154 226/636/158
f 220/631/153 224/633/156 222/638/155
f 220/639/153 221/640/159 225/641/154
f 220/639/153 222/642/155 221/640/159
f 219/643/152 220/644/153 225/645/154
f 221/646/159 226/647/158 225/648/154
f 221/646/159 223/649/157 226/647/158
f 222/642/155 223/650/157 221/640/159
f 222/651/155 224/652/156 223/653/157
f 224/634/156 226/636/158 223/654/157
f 227/655/144 231/656/145 232/657/146
f 233/658/147 227/659/144 228/660/148
f 228/661/148 227/655/144 232/657/146
f 233/658/147 228/660/148 229/662/149
f 229/663/149 228/664/148 230/665/151
f 228/661/148 232/657/146 230/666/151
f 233/667/147 229/668/149 234/669/150
f 229/668/149 230/670/151 234/669/150
f 234/671/150 230/672/151 232/673/146
f 234/671/150 232/673/146 231/674/145
f 227/675/144 233/676/147 231/677/145
f 233/667/147 234/669/150 231/678/145
f 235/679/152 242/680/153 238/681/154
f 242/682/153 236/683/159 238/684/154
f 242/682/153 239/685/155 236/683/159
f 236/686/159 241/687/158 238/688/154
f 236/686/159 237/689/157 241/687/158
f 239/685/155 237/690/157 236/683/159
f 239/691/155 240/692/156 237/693/157
f 240/694/156 241/695/158 237/696/157
f 235/697/152 238/698/154 241/695/158
f 242/699/153 240/700/156 239/701/155
f 240/694/156 235/697/152 241/695/158
f 242/699/153 235/702/152 240/700/156
f 250/703/147 243/704/148 246/705/149
f 246/706/149 243/707/148 244/708/151
f 250/703/147 248/709/144 243/704/148
f 243/710/148 248/711/144 245/712/146
f 243/710/148 245/712/146 244/713/151
f 246/714/149 244/715/151 247/716/150
f 247/717/150 244/718/151 245/719/146
f 247/717/150 245/719/146 249/720/160
f 248/711/144 249/721/160 245/712/146
f 250/722/147 246/714/149 247/716/150
f 250/722/147 247/716/150 249/723/160
f 248/724/144 250/725/147 249/726/160
f 258/727/153 251/728/156 255/729/155
f 255/730/155 251/731/156 252/732/157
f 251/733/156 257/734/158 252/735/157
f 251/733/156 256/736/152 257/734/158
f 258/727/153 256/737/152 251/728/156
f 255/738/155 252/739/157 253/740/159
f 258/741/153 253/740/159 254/742/154
f 258/741/153 255/738/155 253/740/159
f 253/743/159 257/744/158 254/745/154
f 253/743/159 252/746/157 257/744/158
f 256/736/152 254/747/154 257/734/158
f 256/748/152 258/749/153 254/750/154
f 259/751/144 266/752/147 264/753/145
f 266/754/147 265/755/148 260/756/149
f 260/757/149 265/758/148 262/759/151
f 266/760/147 260/761/149 261/762/150
f 260/761/149 262/763/151 261/762/150
f 261/764/150 262/765/151 263/766/146
f 261/764/150 263/766/146 264/767/145
f 266/760/147 261/762/150 264/768/145
f 265/769/148 263/770/146 262/771/151
f 259/772/144 264/773/145 263/770/146
f 265/769/148 259/772/144 263/770/146
f 266/754/147 259/774/144 265/755/148
f 267/775/153 268/776/156 269/777/155
f 267/778/153 270/779/159 272/780/154
f 267/778/153 269/781/155 270/779/159
f 267/775/153 274/782/152 268/776/156
f 274/783/152 267/784/153 272/785/154
f 269/786/155 268/787/156 273/788/157
f 268/789/156 271/790/158 273/791/157
f 268/789/156 274/792/152 271/790/158
f 270/793/159 271/794/158 272/795/154
f 270/793/159 273/796/157 271/794/158
f 269/781/155 273/797/157 270/779/159
f 274/792/152 272/798/154 271/790/158
f 275/799/144 279/800/160 278/801/146
f 281/802/147 275/803/144 276/804/148
f 276/805/148 275/799/144 278/801/146
f 281/802/147 276/804/148 280/806/149
f 280/807/149 276/808/148 277/809/161
f 276/805/148 278/801/146 277/810/161
f 280/811/149 277/812/161 282/813/150
f 282/814/150 277/815/161 278/816/146
f 282/814/150 278/816/146 279/817/160
f 281/818/147 282/813/150 279/819/160
f 275/820/144 281/821/147 279/822/160
f 281/818/147 280/811/149 282/813/150
f 283/823/152 290/824/153 288/825/154
f 283/826/152 288/827/154 289/828/158
f 290/829/153 283/830/152 284/831/156
f 284/832/156 283/826/152 289/828/158
f 290/829/153 284/831/156 285/833/155
f 285/834/155 284/835/156 287/836/157
f 284/832/156 289/828/158 287/837/157
f 290/838/153 286/839/159 288/840/154
f 290/838/153 285/841/155 286/839/159
f 286/842/159 289/843/158 288/844/154
f 286/842/159 287/845/157 289/843/158
f 285/841/155 287/846/157 286/839/159
f 291/847/144 297/848/147 298/849/160
f 297/850/147 292/851/148 295/852/149
f 295/853/149 292/854/148 293/855/151
f 297/850/147 291/856/144 292/851/148
f 292/857/148 291/858/144 296/859/146
f 292/857/148 296/859/146 293/860/151
f 295/861/149 293/862/151 294/863/150
f 294/864/150 296/865/146 298/866/160
f 297/867/147 294/863/150 298/868/160
f 294/864/150 293/869/151 296/865/146
f 297/867/147 295/861/149 294/863/150
f 291/858/144 298/870/160 296/859/146
f 301/871/155 302/872/156 299/873/157
f 302/874/156 303/875/158 299/876/157
f 300/877/159 299/878/157 303/879/158
f 306/880/153 300/881/159 305/882/154
f 306/880/153 301/883/155 300/881/159
f 300/877/159 303/879/158 305/884/154
f 301/883/155 299/885/157 300/881/159
f 306/886/153 302/887/156 301/888/155
f 302/874/156 304/889/152 303/875/158
f 306/886/153 304/890/152 302/887/156
f 304/889/152 305/891/154 303/875/158
f 304/892/152 306/893/153 305/894/154
f 307/895/144 312/896/160 311/897/146
f 308/898/147 307/899/144 309/900/148
f 309/901/148 307/895/144 311/897/146
f 308/898/147 309/900/148 310/902/149
f 308/903/147 313/904/150 312/905/160
f 308/903/147 310/906/149 313/904/150
f 307/907/144 308/908/147 312/909/160
f 310/910/149 309/911/148 314/912/151
f 309/901/148 311/897/146 314/913/151
f 310/906/149 314/914/151 313/904/150
f 313/915/150 311/916/146 312/917/160
f 313/915/150 314/918/151 311/916/146
f 316/919/155 315/920/157 317/921/159
f 321/922/153 318/923/156 316/924/155
f 316/925/155 318/926/156 315/927/157
f 321/928/153 317/921/159 322/929/154
f 321/928/153 316/919/155 317/921/159
f 317/930/159 320/931/158 322/932/154
f 317/930/159 315/933/157 320/931/158
f 318/934/156 320/935/158 315/936/157
f 318/934/156 319/937/152 320/935/158
f 321/922/153 319/938/152 318/923/156
f 319/937/152 322/939/154 320/935/158
f 319/940/152 321/941/153 322/942/154
f 324/943/149 323/944/148 326/945/151
f 330/946/147 323/947/148 324/948/149
f 330/946/147 328/949/144 323/947/148
f 323/950/148 328/951/144 327/952/146
f 323/950/148 327/952/146 326/953/151
f 329/954/150 327/955/146 325/956/160
f 328/951/144 325/957/160 327/952/146
f 324/958/149 326/959/151 329/960/150
f 330/961/147 324/958/149 329/960/150
f 329/954/150 326/962/151 327/955/146
f 330/961/147 329/960/150 325/963/160
f 328/964/144 330/965/147 325/966/160
f 331/967/152 338/968/153 337/969/154
f 338/970/153 336/971/156 332/972/155
f 332/973/155 336/974/156 334/975/157
f 332/976/155 334/977/157 333/978/159
f 338/979/153 333/978/159 337/980/154
f 338/979/153 332/976/155 333/978/159
f 333/981/159 335/982/158 337/983/154
f 333/981/159 334/984/157 335/982/158
f 331/985/152 337/986/154 335/987/158
f 336/988/156 331/985/152 335/987/158
f 336/988/156 335/987/158 334/989/157
f 338/970/153 331/990/152 336/971/156
f 339/991/147 340/992/144 341/993/148
f 339/991/147 341/993/148 344/994/149
f 339/995/147 342/996/150 343/997/160
f 339/995/147 344/998/149 342/996/150
f 340/999/144 339/1000/147 343/1001/160
f 341/1002/148 340/1003/144 346/1004/146
f 340/1003/144 343/1005/160 346/1004/146
f 344/1006/149 341/1007/148 345/1008/151
f 341/1002/148 346/1004/146 345/1009/151
f 342/1010/150 346/1011/146 343/1012/160
f 344/998/149 345/1013/151 342/996/150
f 342/1010/150 345/1014/151 346/1011/146
f 347/1015/152 348/1016/153 352/1017/154
f 347/1018/152 352/1019/154 353/1020/158
f 348/1021/153 347/1022/152 351/1023/156
f 351/1024/156 347/1018/152 353/1020/158
f 348/1021/153 351/1023/156 350/1025/155
f 348/1026/153 354/1027/159 352/1028/154
f 348/1026/153 350/1029/155 354/1027/159
f 350/1030/155 351/1031/156 349/1032/157
f 351/1024/156 353/1020/158 349/1033/157
f 354/1034/159 349/1035/157 353/1036/158
f 350/1029/155 349/1037/157 354/1027/159
f 354/1034/159 353/1036/158 352/1038/154
f 355/1039/144 356/1040/147 362/1041/160
f 356/1042/147 361/1043/148 357/1044/149
f 356/1042/147 355/1045/144 361/1043/148
f 356/1046/147 359/1047/150 362/1048/160
f 356/1046/147 357/1049/149 359/1047/150
f 357/1050/149 361/1051/148 358/1052/161
f 357/1049/149 358/1053/161 359/1047/150
f 359/1054/150 360/1055/146 362/1056/160
f 359/1054/150 358/1057/161 360/1055/146
f 361/1058/148 355/1059/144 360/1060/146
f 355/1059/144 362/1061/160 360/1060/146
f 361/1058/148 360/1060/146 358/1062/161
f 364/1063/156 363/1064/152 368/1065/158
f 369/1066/153 363/1067/152 364/1068/156
f 363/1064/152 367/1069/154 368/1065/158
f 369/1066/153 364/1068/156 365/1070/162
f 365/1071/162 364/1072/156 366/1073/157
f 364/1063/156 368/1065/158 366/1074/157
f 365/1075/162 366/1076/157 370/1077/159
f 370/1078/159 366/1079/157 368/1080/158
f 370/1078/159 368/1080/158 367/1081/154
f 363/1082/152 369/1083/153 367/1084/154
f 369/1085/153 370/1077/159 367/1086/154
f 369/1085/153 365/1075/162 370/1077/159
f 371/1087/147 372/1088/149 378/1089/150
f 371/1090/147 374/1091/148 372/1092/149
f 371/1090/147 376/1093/144 374/1091/148
f 371/1087/147 378/1089/150 377/1094/160
f 376/1095/144 371/1096/147 377/1097/160
f 372/1088/149 373/1098/151 378/1089/150
f 372/1099/149 374/1100/148 373/1101/151
f 374/1102/148 375/1103/146 373/1104/151
f 378/1105/150 373/1106/151 375/1107/146
f 374/1102/148 376/1108/144 375/1103/146
f 378/1105/150 375/1107/146 377/1109/160
f 376/1108/144 377/1110/160 375/1103/146
f 385/1111/153 379/1112/152 384/1113/156
f 384/1114/156 379/1115/152 383/1116/158
f 379/1115/152 382/1117/163 383/1116/158
f 385/1118/153 380/1119/162 386/1120/159
f 380/1119/162 381/1121/157 386/1120/159
f 386/1122/159 383/1123/158 382/1124/163
f 385/1111/153 384/1113/156 380/1125/162
f 380/1126/162 384/1127/156 381/1128/157
f 384/1114/156 383/1116/158 381/1129/157
f 386/1122/159 381/1130/157 383/1123/158
f 379/1131/152 385/1132/153 382/1133/163
f 385/1118/153 386/1120/159 382/1134/163
f 387/1135/147 388/1136/148 389/1137/149
f 387/1135/147 393/1138/144 388/1136/148
f 387/1139/147 390/1140/150 394/1141/145
f 387/1139/147 389/1142/149 390/1140/150
f 393/1143/144 387/1144/147 394/1145/145
f 389/1146/149 388/1147/148 391/1148/151
f 388/1149/148 393/1150/144 392/1151/146
f 388/1149/148 392/1151/146 391/1152/151
f 390/1153/150 391/1154/151 392/1155/146
f 390/1153/150 392/1155/146 394/1156/145
f 389/1142/149 391/1157/151 390/1140/150
f 393/1150/144 394/1158/145 392/1151/146
f 402/1159/153 395/1160/152 400/1161/156
f 400/1162/156 395/1163/152 399/1164/158
f 395/1163/152 401/1165/154 399/1164/158
f 402/1166/153 396/1167/159 401/1168/154
f 402/1166/153 397/1169/155 396/1167/159
f 396/1170/159 399/1171/158 401/1172/154
f 396/1170/159 398/1173/157 399/1171/158
f 397/1169/155 398/1174/157 396/1167/159
f 402/1159/153 400/1161/156 397/1175/155
f 397/1176/155 400/1177/156 398/1178/157
f 400/1162/156 399/1164/158 398/1179/157
f 395/1180/152 402/1181/153 401/1182/154
f 403/1183/144 406/1184/160 405/1185/146
f 409/1186/147 403/1187/144 408/1188/148
f 408/1189/148 403/1183/144 405/1185/146
f 407/1190/149 408/1191/148 404/1192/151
f 408/1189/148 405/1185/146 404/1193/151
f 410/1194/150 404/1195/151 405/1196/146
f 410/1194/150 405/1196/146 406/1197/160
f 407/1198/149 404/1199/151 410/1200/150
f 409/1186/147 408/1188/148 407/1201/149
f 403/1202/144 409/1203/147 406/1204/160
f 409/1205/147 410/1200/150 406/1206/160
f 409/1205/147 407/1198/149 410/1200/150
f 417/1207/152 411/1208/154 416/1209/158
f 412/1210/159 416/1211/158 411/1212/154
f 418/1213/153 412/1214/159 411/1215/154
f 418/1213/153 413/1216/155 412/1214/159
f 412/1210/159 414/1217/157 416/1211/158
f 413/1216/155 414/1218/157 412/1214/159
f 418/1219/153 415/1220/156 413/1221/155
f 413/1222/155 415/1223/156 414/1224/157
f 415/1225/156 416/1209/158 414/1226/157
f 418/1219/153 417/1227/152 415/1220/156
f 415/1225/156 417/1207/152 416/1209/158
f 417/1228/152 418/1229/153 411/1230/154
f 420/1231/147 419/1232/148 424/1233/149
f 424/1234/149 419/1235/148 422/1236/151
f 420/1231/147 426/1237/144 419/1232/148
f 419/1238/148 426/1239/144 425/1240/146
f 419/1238/148 425/1240/146 422/1241/151
f 420/1242/147 421/1243/150 423/1244/145
f 420/1242/147 424/1245/149 421/1243/150
f 426/1246/144 420/1247/147 423/1248/145
f 421/1249/150 422/1250/151 425/1251/146
f 421/1249/150 425/1251/146 423/1252/145
f 424/1245/149 422/1253/151 421/1243/150
f 426/1239/144 423/1254/145 425/1240/146
f 428/1255/152 427/1256/153 430/1257/154
f 427/1258/153 432/1259/156 429/1260/155
f 427/1261/153 434/1262/159 430/1263/154
f 427/1261/153 429/1264/155 434/1262/159
f 427/1258/153 428/1265/152 432/1259/156
f 429/1264/155 431/1266/157 434/1262/159
f 429/1267/155 432/1268/156 431/1269/157
f 432/1270/156 433/1271/158 431/1272/157
f 434/1273/159 431/1274/157 433/1275/158
f 432/1270/156 428/1276/152 433/1271/158
f 428/1276/152 430/1277/154 433/1271/158
f 434/1273/159 433/1275/158 430/1278/154
f 435/1279/150 441/1280/146 436/1281/160
f 442/1282/147 435/1283/150 436/1284/160
f 437/1285/149 438/1286/151 435/1283/150
f 435/1279/150 438/1287/151 441/1280/146
f 442/1282/147 437/1285/149 435/1283/150
f 440/1288/144 436/1289/160 441/1290/146
f 439/1291/148 441/1290/146 438/1292/151
f 442/1293/147 439/1294/148 437/1295/149
f 437/1296/149 439/1297/148 438/1298/151
f 442/1293/147 440/1299/144 439/1294/148
f 439/1291/148 440/1288/144 441/1290/146
f 440/1300/144 442/1301/147 436/1302/160
f 443/1303/152 449/1304/153 447/1305/154
f 449/1306/153 444/1307/156 446/1308/155
f 446/1309/155 444/1310/156 445/1311/157
f 444/1312/156 448/1313/158 445/1314/157
f 444/1312/156 443/1315/152 448/1313/158
f 449/1306/153 443/1316/152 444/1307/156
f 450/1317/159 445/1318/157 448/1319/158
f 446/1320/155 445/1321/157 450/1322/159
f 443/1315/152 447/1323/154 448/1313/158
f 450/1317/159 448/1319/158 447/1324/154
f 449/1325/153 450/1322/159 447/1326/154
f 449/1325/153 446/1320/155 450/1322/159
f 451/1327/144 456/1328/145 458/1329/146
f 452/1330/147 451/1331/144 457/1332/148
f 457/1333/148 451/1327/144 458/1329/146
f 452/1334/147 453/1335/149 455/1336/150
f 452/1330/147 457/1332/148 453/1337/149
f 452/1334/147 455/1336/150 456/1338/145
f 451/1339/144 452/1340/147 456/1341/145
f 453/1335/149 454/1342/151 455/1336/150
f 453/1343/149 457/1344/148 454/1345/151
f 457/1333/148 458/1329/146 454/1346/151
f 455/1347/150 454/1348/151 458/1349/146
f 455/1347/150 458/1349/146 456/1350/145
f 459/1351/153 464/1352/156 460/1353/162
f 459/1354/153 462/1355/159 466/1356/154
f 459/1354/153 460/1357/162 462/1355/159
f 459/1351/153 465/1358/152 464/1352/156
f 465/1359/152 459/1360/153 466/1361/154
f 460/1362/162 464/1363/156 463/1364/157
f 465/1365/152 466/1366/154 461/1367/158
f 462/1368/159 461/1369/158 466/1370/154
f 462/1368/159 463/1371/157 461/1369/158
f 464/1372/156 465/1365/152 461/1367/158
f 464/1372/156 461/1367/158 463/1373/157
f 460/1357/162 463/1374/157 462/1355/159
f 473/1375/164 474/1376/165 467/1377/166
f 468/1378/167 467/1379/166 474/1380/165
f 468/1378/167 469/1381/168 467/1379/166
f 469/1382/168 473/1383/164 467/1384/166
f 469/1385/168 468/1386/167 470/1387/169
f 470/1388/169 468/1389/167 474/1390/165
f 469/1385/168 470/1387/169 471/1391/170
f 469/1382/168 471/1392/170 473/1383/164
f 471/1393/170 470/1394/169 472/1395/171
f 470/1388/169 474/1390/165 472/1396/171
f 471/1393/170 472/1395/171 473/1397/164
f 473/1375/164 472/1398/171 474/1376/165
f 477/1399/172 475/1400/173 476/1401/174
f 477/1399/172 476/1401/174 478/1402/175
f 475/1403/173 478/1404/175 476/1405/174
f 475/1403/173 477/1406/172 478/1404/175
f 481/1407/176 479/1408/177 480/1409/178
f 479/1410/177 482/1411/179 480/1412/178
f 479/1410/177 481/1413/176 482/1411/179
f 481/1407/176 480/1409/178 482/1414/179
f 485/1415/180 483/1416/181 486/1417/182
f 483/1418/181 485/1419/180 484/1420/183
f 483/1418/181 484/1420/183 486/1421/182
f 485/1415/180 486/1417/182 484/1422/183
f 487/1423/184 488/1424/185 489/1425/186
f 487/1423/184 490/1426/187 488/1424/185
f 490/1427/187 487/1428/184 489/1429/186
f 490/1427/187 489/1429/186 488/1430/185
f 491/1431/188 492/1432/189 493/1433/190
f 491/1431/188 497/1434/191 492/1432/189
f 496/1435/192 491/1436/188 493/1437/190
f 496/1438/193 497/1439/193 491/1440/193
f 497/1441/191 495/1442/194 492/1443/189
f 493/1444/195 492/1445/195 495/1446/195
f 493/1444/195 495/1446/195 494/1447/195
f 496/1435/192 493/1437/190 494/1448/196
f 498/1449/197 494/1450/196 495/1451/194
f 498/1449/197 496/1452/192 494/1450/196
f 497/1441/191 498/1453/197 495/1442/194
f 496/1438/193 498/1454/193 497/1439/193
f 503/1455/168 500/1456/169 499/1457/170
f 499/1458/170 500/1459/169 505/1460/171
f 503/1461/168 499/1462/170 504/1463/164
f 499/1458/170 505/1460/171 504/1464/164
f 500/1465/169 502/1466/165 505/1467/171
f 500/1465/169 501/1468/167 502/1466/165
f 503/1455/168 501/1469/167 500/1456/169
f 501/1470/167 506/1471/166 502/1472/165
f 501/1470/167 503/1473/168 506/1471/166
f 504/1474/164 505/1475/171 502/1476/165
f 504/1474/164 502/1476/165 506/1477/166
f 503/1461/168 504/1463/164 506/1478/166
f 509/1479/198 510/1480/172 507/1481/175
f 509/1479/198 507/1481/175 508/1482/174
f 510/1483/172 508/1484/174 507/1485/175
f 510/1483/172 509/1486/198 508/1484/174
f 514/1487/199 513/1488/200 511/1489/201
f 512/1490/202 514/1491/199 511/1492/201
f 512/1490/202 511/1492/201 513/1493/200
f 514/1487/199 512/1494/202 513/1488/200
f 517/1495/203 515/1496/204 516/1497/205
f 515/1498/204 517/1499/203 518/1500/206
f 515/1498/204 518/1500/206 516/1501/205
f 517/1495/203 516/1497/205 518/1502/206
f 520/1503/207 519/1504/208 522/1505/209
f 519/1506/208 521/1507/210 522/1508/209
f 519/1506/208 520/1509/207 521/1507/210
f 520/1503/207 522/1505/209 521/1510/210
f 530/1511/193 523/1512/193 525/1513/193
f 530/1511/193 524/1514/193 523/1512/193
f 525/1515/188 523/1516/191 529/1517/189
f 523/1518/191 524/1519/197 528/1520/194
f 523/1518/191 528/1520/194 529/1521/189
f 524/1522/197 527/1523/196 528/1524/194
f 524/1522/197 530/1525/192 527/1523/196
f 525/1515/188 529/1517/189 526/1526/190
f 530/1527/192 525/1528/188 526/1529/190
f 526/1530/195 528/1531/195 527/1532/195
f 526/1530/195 529/1533/195 528/1531/195
f 530/1527/192 526/1529/190 527/1534/196
f 532/1535/170 531/1536/171 535/1537/164
f 538/1538/169 537/1539/165 531/1540/171
f 535/1541/164 531/1542/171 537/1543/165
f 532/1535/170 538/1544/169 531/1536/171
f 533/1545/168 532/1546/170 535/1547/164
f 533/1548/168 538/1549/169 532/1550/170
f 533/1545/168 535/1547/164 534/1551/166
f 533/1548/168 536/1552/167 538/1549/169
f 536/1553/167 533/1554/168 534/1555/166
f 536/1553/167 534/1555/166 537/1556/165
f 535/1541/164 537/1543/165 534/1557/166
f 538/1538/169 536/1558/167 537/1539/165
f 540/1559/173 539/1560/211 541/1561/174
f 540/1559/173 542/1562/172 539/1560/211
f 542/1563/172 541/1564/174 539/1565/211
f 542/1563/172 540/1566/173 541/1564/174
f 546/1567/212 544/1568/213 543/1569/214
f 546/1567/212 545/1570/215 544/1568/213
f 545/1571/215 546/1572/212 543/1573/214
f 545/1571/215 543/1573/214 544/1574/213
f 547/1575/202 550/1576/201 548/1577/216
f 547/1575/202 549/1578/177 550/1576/201
f 549/1579/177 548/1580/216 550/1581/201
f 549/1579/177 547/1582/202 548/1580/216
f 552/1583/202 551/1584/199 554/1585/201
f 551/1586/199 552/1587/202 553/1588/200
f 552/1583/202 554/1585/201 553/1589/200
f 551/1586/199 553/1588/200 554/1590/201
f 555/1591/188 556/1592/217 562/1593/190
f 555/1591/188 561/1594/191 556/1592/217
f 559/1595/192 555/1596/188 562/1597/190
f 559/1598/193 561/1599/193 555/1600/193
f 562/1601/195 556/1602/195 558/1603/195
f 561/1604/191 558/1605/194 556/1606/217
f 561/1604/191 557/1607/218 558/1605/194
f 557/1608/218 560/1609/196 558/1610/194
f 557/1608/218 559/1611/192 560/1609/196
f 559/1598/193 557/1612/193 561/1599/193
f 562/1601/195 558/1603/195 560/1613/195
f 559/1595/192 562/1597/190 560/1614/196
f 567/1615/168 564/1616/169 563/1617/170
f 563/1618/170 564/1619/169 565/1620/171
f 567/1621/168 563/1622/170 568/1623/164
f 563/1618/170 565/1620/171 568/1624/164
f 564/1625/169 569/1626/165 565/1627/171
f 564/1625/169 566/1628/167 569/1626/165
f 567/1615/168 566/1629/167 564/1616/169
f 568/1630/164 565/1631/171 569/1632/165
f 566/1633/167 570/1634/166 569/1635/165
f 566/1633/167 567/1636/168 570/1634/166
f 567/1621/168 568/1623/164 570/1637/166
f 568/1630/164 569/1632/165 570/1638/166
f 571/1639/198 574/1640/219 573/1641/174
f 571/1639/198 572/1642/220 574/1640/219
f 572/1643/220 573/1644/174 574/1645/219
f 572/1643/220 571/1646/198 573/1644/174
f 576/1647/199 575/1648/202 577/1649/200
f 575/1650/202 576/1651/199 578/1652/201
f 575/1650/202 578/1652/201 577/1653/200
f 576/1647/199 577/1649/200 578/1654/201
f 581/1655/221 579/1656/222 582/1657/223
f 579/1658/222 581/1659/221 580/1660/224
f 579/1658/222 580/1660/224 582/1661/223
f 581/1655/221 582/1657/223 580/1662/224
f 586/1663/225 583/1664/226 585/1665/227
f 586/1663/225 585/1665/227 584/1666/228
f 583/1667/226 586/1668/225 584/1669/228
f 583/1667/226 584/1669/228 585/1670/227
f 587/1671/188 592/1672/217 593/1673/190
f 587/1671/188 591/1674/191 592/1672/217
f 588/1675/192 587/1676/188 593/1677/190
f 588/1678/193 591/1679/193 587/1680/193
f 588/1678/193 589/1681/193 591/1679/193
f 589/1682/218 588/1683/192 594/1684/196
f 588/1675/192 593/1677/190 594/1685/196
f 591/1686/191 589/1687/218 590/1688/194
f 589/1682/218 594/1684/196 590/1689/194
f 591/1686/191 590/1688/194 592/1690/217
f 593/1691/195 592/1692/195 590/1693/195
f 593/1691/195 590/1693/195 594/1694/195
f 600/1695/168 595/1696/170 602/1697/164
f 595/1698/170 599/1699/171 602/1700/164
f 600/1701/168 601/1702/169 595/1703/170
f 595/1698/170 601/1704/169 599/1699/171
f 602/1705/164 598/1706/165 596/1707/166
f 597/1708/167 596/1709/166 598/1710/165
f 597/1708/167 600/1711/168 596/1709/166
f 600/1695/168 602/1697/164 596/1712/166
f 601/1713/169 597/1714/167 598/1715/165
f 600/1701/168 597/1716/167 601/1702/169
f 601/1713/169 598/1715/165 599/1717/171
f 602/1705/164 599/1718/171 598/1706/165
f 606/1719/229 603/1720/172 604/1721/219
f 606/1719/229 604/1721/219 605/1722/174
f 603/1723/172 605/1724/174 604/1725/219
f 603/1723/172 606/1726/229 605/1724/174
f 607/1727/187 608/1728/230 609/1729/185
f 607/1727/187 610/1730/184 608/1728/230
f 610/1731/184 607/1732/187 609/1733/185
f 610/1731/184 609/1733/185 608/1734/230
f 613/1735/203 611/1736/231 614/1737/205
f 613/1735/203 614/1737/205 612/1738/232
f 611/1739/231 612/1740/232 614/1741/205
f 611/1739/231 613/1742/203 612/1740/232
f 618/1743/233 616/1744/234 615/1745/235
f 617/1746/236 615/1747/235 616/1748/234
f 617/1746/236 618/1749/233 615/1747/235
f 618/1743/233 617/1750/236 616/1744/234
f 619/1751/195 622/1752/195 620/1753/195
f 619/1751/195 625/1754/195 622/1752/195
f 626/1755/192 623/1756/188 619/1757/190
f 626/1755/192 619/1757/190 620/1758/196
f 623/1759/188 625/1760/189 619/1761/190
f 621/1762/197 620/1763/196 622/1764/194
f 621/1762/197 626/1765/192 620/1763/196
f 624/1766/191 621/1767/197 622/1768/194
f 626/1769/193 621/1770/193 624/1771/193
f 624/1766/191 622/1768/194 625/1772/189
f 623/1759/188 624/1773/191 625/1760/189
f 626/1769/193 624/1771/193 623/1774/193
f 627/1775/168 632/1776/169 633/1777/170
f 627/1778/168 634/1779/164 628/1780/166
f 627/1775/168 630/1781/167 632/1776/169
f 630/1782/167 627/1783/168 628/1784/166
f 627/1778/168 633/1785/170 634/1779/164
f 634/1786/164 629/1787/165 628/1788/166
f 630/1782/167 628/1784/166 629/1789/165
f 632/1790/169 630/1791/167 629/1792/165
f 632/1790/169 629/1792/165 631/1793/171
f 634/1786/164 631/1794/171 629/1787/165
f 633/1795/170 631/1796/171 634/1797/164
f 633/1795/170 632/1798/169 631/1796/171
f 635/1799/173 636/1800/237 637/1801/174
f 635/1799/173 638/1802/220 636/1800/237
f 638/1803/220 635/1804/173 637/1805/174
f 638/1803/220 637/1805/174 636/1806/237
f 639/1807/202 641/1808/201 642/1809/200
f 639/1807/202 640/1810/199 641/1808/201
f 640/1811/199 639/1812/202 642/1813/200
f 640/1811/199 642/1813/200 641/1814/201
f 645/1815/202 643/1816/199 644/1817/201
f 643/1818/199 646/1819/200 644/1820/201
f 643/1818/199 645/1821/202 646/1819/200
f 645/1815/202 644/1817/201 646/1822/200
f 648/1823/199 649/1824/200 647/1825/178
f 650/1826/176 648/1827/199 647/1828/178
f 650/1826/176 647/1828/178 649/1829/200
f 648/1823/199 650/1830/176 649/1824/200
f 651/1831/188 652/1832/217 655/1833/190
f 651/1831/188 657/1834/191 652/1832/217
f 654/1835/192 651/1836/188 655/1837/190
f 654/1838/193 657/1839/193 651/1840/193
f 655/1841/195 652/1842/195 658/1843/195
f 657/1844/191 658/1845/194 652/1846/217
f 653/1847/218 656/1848/238 658/1849/194
f 653/1847/218 654/1850/192 656/1848/238
f 657/1844/191 653/1851/218 658/1845/194
f 654/1838/193 653/1852/193 657/1839/193
f 654/1835/192 655/1837/190 656/1853/238
f 655/1841/195 658/1843/195 656/1854/195
f 659/1855/239 665/1856/240 661/1857/241
f 659/1855/239 662/1858/242 665/1856/240
f 666/1859/243 662/1860/242 659/1861/239
f 666/1859/243 659/1861/239 660/1862/244
f 660/1863/244 659/1864/239 661/1865/241
f 660/1863/244 661/1865/241 663/1866/245
f 666/1867/243 660/1868/244 663/1869/245
f 663/1870/245 661/1871/241 665/1872/240
f 662/1873/242 664/1874/246 665/1875/240
f 662/1873/242 666/1876/243 664/1874/246
f 663/1870/245 665/1872/240 664/1877/246
f 666/1867/243 663/1869/245 664/1878/246
f 669/1879/247 667/1880/248 668/1881/249
f 669/1879/247 670/1882/250 667/1880/248
f 670/1883/250 668/1884/249 667/1885/248
f 670/1883/250 669/1886/247 668/1884/249
f 673/1887/251 671/1888/252 672/1889/253
f 671/1890/252 674/1891/254 672/1892/253
f 673/1887/251 672/1889/253 674/1893/254
f 671/1890/252 673/1894/251 674/1891/254
f 676/1895/255 678/1896/256 675/1897/257
f 677/1898/258 676/1899/255 675/1900/257
f 677/1898/258 675/1900/257 678/1901/256
f 676/1895/255 677/1902/258 678/1896/256
f 681/1903/259 679/1904/260 680/1905/261
f 679/1906/260 682/1907/262 680/1908/261
f 681/1903/259 680/1905/261 682/1909/262
f 679/1906/260 681/1910/259 682/1907/262
f 683/1911/263 687/1912/264 684/1913/265
f 683/1911/263 690/1914/266 687/1912/264
f 688/1915/267 683/1916/263 684/1917/265
f 688/1918/267 690/1919/266 683/1920/263
f 684/1921/265 686/1922/268 685/1923/269
f 684/1921/265 687/1924/264 686/1922/268
f 688/1915/267 684/1917/265 685/1925/269
f 689/1926/270 685/1927/269 686/1928/268
f 689/1926/270 688/1929/267 685/1927/269
f 690/1930/266 689/1931/270 686/1932/268
f 690/1930/266 686/1932/268 687/1933/264
f 688/1918/267 689/1934/270 690/1919/266
f 693/1935/271 691/1936/272 697/1937/273
f 691/1938/272 695/1939/274 697/1940/273
f 693/1941/271 694/1942/275 691/1943/272
f 691/1938/272 694/1944/275 695/1939/274
f 693/1941/271 692/1945/276 694/1942/275
f 694/1946/275 692/1947/276 696/1948/277
f 692/1949/276 698/1950/278 696/1951/277
f 692/1949/276 693/1952/271 698/1950/278
f 693/1935/271 697/1937/273 698/1953/278
f 694/1946/275 696/1948/277 695/1954/274
f 697/1955/273 695/1956/274 696/1957/277
f 697/1955/273 696/1957/277 698/1958/278
f 699/1959/279 706/1960/280 705/1961/281
f 699/1959/279 703/1962/282 706/1960/280
f 701/1963/283 699/1964/279 705/1965/281
f 703/1966/282 699/1967/279 701/1968/283
f 700/1969/284 702/1970/285 704/1971/286
f 700/1969/284 701/1972/283 702/1970/285
f 703/1973/282 700/1974/284 704/1975/286
f 703/1966/282 701/1968/283 700/1976/284
f 701/1963/283 705/1965/281 702/1977/285
f 704/1978/286 702/1979/285 705/1980/281
f 703/1973/282 704/1975/286 706/1981/280
f 704/1978/286 705/1980/281 706/1982/280
f 711/1983/284 707/1984/285 712/1985/286
f 714/1986/283 709/1987/281 707/1988/285
f 712/1989/286 707/1990/285 709/1991/281
f 711/1983/284 714/1992/283 707/1984/285
f 710/1993/282 708/1994/279 714/1995/283
f 714/1986/283 708/1996/279 709/1987/281
f 708/1997/279 713/1998/280 709/1999/281
f 708/1997/279 710/2000/282 713/1998/280
f 712/1989/286 709/1991/281 713/2001/280
f 710/1993/282 714/1995/283 711/2002/284
f 710/2003/282 712/2004/286 713/2005/280
f 710/2003/282 711/2006/284 712/2004/286
f 715/2007/287 722/2008/288 718/2009/289
f 715/2007/287 721/2010/290 722/2008/288
f 717/2011/291 720/2012/292 715/2013/287
f 717/2011/291 715/2013/287 718/2014/289
f 720/2015/292 721/2016/290 715/2017/287
f 717/2018/291 716/2019/293 719/2020/294
f 716/2021/293 717/2022/291 718/2023/289
f 716/2021/293 718/2023/289 722/2024/288
f 719/2025/294 716/2026/293 722/2027/288
f 717/2018/291 719/2020/294 720/2028/292
f 720/2015/292 719/2029/294 721/2016/290
f 719/2025/294 722/2027/288 721/2030/290
f 723/2031/295 726/2032/296 724/2033/297
f 723/2031/295 725/2034/298 726/2032/296
f 725/2035/298 724/2036/297 726/2037/296
f 725/2035/298 723/2038/295 724/2036/297
f 730/2039/299 727/2040/300 728/2041/301
f 727/2042/300 730/2043/299 729/2044/302
f 727/2042/300 729/2044/302 728/2045/301
f 730/2039/299 728/2041/301 729/2046/302
f 734/2047/300 732/2048/302 731/2049/301
f 733/2050/299 734/2051/300 731/2052/301
f 733/2050/299 731/2052/301 732/2053/302
f 734/2047/300 733/2054/299 732/2048/302
f 735/2055/303 736/2056/304 738/2057/305
f 735/2055/303 738/2057/305 737/2058/306
f 736/2059/304 735/2060/303 737/2061/306
f 736/2059/304 737/2061/306 738/2062/305
f 744/2063/307 740/2064/308 739/2065/309
f 739/2066/310 740/2067/311 746/2068/312
f 744/2069/313 739/2070/310 745/2071/314
f 739/2066/310 746/2068/312 745/2072/314
f 740/2073/311 743/2074/315 746/2075/312
f 740/2073/311 741/2076/316 743/2074/315
f 744/2063/307 741/2077/317 740/2064/308
f 741/2078/316 742/2079/318 743/2080/315
f 741/2078/316 744/2081/313 742/2079/318
f 745/2082/319 743/2083/320 742/2084/321
f 744/2069/313 745/2071/314 742/2085/318
f 745/2082/319 746/2086/322 743/2083/320
f 747/2087/292 754/2088/290 749/2089/287
f 747/2087/292 751/2090/294 754/2088/290
f 748/2091/291 747/2092/292 749/2093/287
f 748/2094/291 751/2095/294 747/2096/292
f 748/2091/291 749/2093/287 750/2097/289
f 748/2094/291 753/2098/293 751/2095/294
f 753/2099/293 748/2100/291 750/2101/289
f 749/2102/287 752/2103/288 750/2104/289
f 749/2102/287 754/2105/290 752/2103/288
f 753/2099/293 750/2101/289 752/2106/288
f 751/2107/294 752/2108/288 754/2109/290
f 751/2107/294 753/2110/293 752/2108/288
f 755/2111/295 758/2112/323 756/2113/324
f 755/2111/295 757/2114/298 758/2112/323
f 757/2115/298 756/2116/324 758/2117/323
f 757/2115/298 755/2118/295 756/2116/324
f 759/2119/304 761/2120/306 762/2121/305
f 759/2119/304 760/2122/303 761/2120/306
f 760/2123/303 759/2124/304 762/2125/305
f 760/2123/303 762/2125/305 761/2126/306
f 764/2127/303 763/2128/304 765/2129/305
f 763/2130/304 764/2131/303 766/2132/306
f 763/2130/304 766/2132/306 765/2133/305
f 764/2127/303 765/2129/305 766/2134/306
f 770/2135/303 768/2136/305 767/2137/301
f 769/2138/299 767/2139/301 768/2140/305
f 769/2138/299 770/2141/303 767/2139/301
f 770/2135/303 769/2142/299 768/2136/305
f 776/2143/307 772/2144/308 771/2145/309
f 771/2146/310 772/2147/311 773/2148/312
f 776/2149/313 771/2150/310 778/2151/314
f 771/2146/310 773/2148/312 778/2152/314
f 772/2153/311 775/2154/315 773/2155/312
f 772/2153/311 777/2156/316 775/2154/315
f 776/2143/307 777/2157/317 772/2144/308
f 778/2158/319 773/2159/322 775/2160/320
f 778/2158/319 775/2160/320 774/2161/321
f 777/2162/316 774/2163/318 775/2164/315
f 777/2162/316 776/2165/313 774/2163/318
f 776/2149/313 778/2151/314 774/2166/318
f 781/2167/288 779/2168/289 786/2169/287
f 780/2170/293 779/2171/289 781/2172/288
f 780/2170/293 785/2173/291 779/2171/289
f 785/2174/291 786/2175/287 779/2176/289
f 782/2177/294 780/2178/293 781/2179/288
f 782/2180/294 785/2181/291 780/2182/293
f 782/2177/294 781/2179/288 783/2183/290
f 781/2167/288 786/2169/287 783/2184/290
f 784/2185/292 782/2186/294 783/2187/290
f 782/2180/294 784/2188/292 785/2181/291
f 784/2185/292 783/2187/290 786/2189/287
f 785/2174/291 784/2190/292 786/2175/287
f 787/2191/325 789/2192/326 790/2193/327
f 787/2191/325 788/2194/328 789/2192/326
f 788/2195/328 790/2196/327 789/2197/326
f 788/2195/328 787/2198/325 790/2196/327
f 793/2199/329 794/2200/330 791/2201/331
f 792/2202/332 793/2203/329 791/2204/331
f 792/2202/332 791/2204/331 794/2205/330
f 793/2199/329 792/2206/332 794/2200/330
f 797/2207/329 795/2208/333 796/2209/330
f 795/2210/333 798/2211/334 796/2212/330
f 797/2207/329 796/2209/330 798/2213/334
f 795/2210/333 797/2214/329 798/2211/334
f 801/2215/299 802/2216/301 799/2217/302
f 801/2215/299 800/2218/300 802/2216/301
f 800/2219/300 799/2220/302 802/2221/301
f 800/2219/300 801/2222/299 799/2220/302
f 808/2223/308 804/2224/307 803/2225/317
f 803/2226/316 804/2227/313 807/2228/318
f 808/2229/311 803/2230/316 805/2231/315
f 803/2226/316 807/2228/318 805/2232/315
f 804/2233/313 810/2234/314 807/2235/318
f 804/2233/313 809/2236/310 810/2234/314
f 808/2223/308 809/2237/309 804/2224/307
f 805/2238/320 810/2239/319 806/2240/322
f 808/2229/311 805/2231/315 806/2241/312
f 805/2238/320 807/2242/321 810/2239/319
f 809/2243/310 806/2244/312 810/2245/314
f 809/2243/310 808/2246/311 806/2244/312
f 811/2247/291 816/2248/287 812/2249/289
f 817/2250/293 811/2251/291 812/2252/289
f 814/2253/294 811/2254/291 817/2255/293
f 814/2253/294 813/2256/292 811/2254/291
f 811/2247/291 813/2257/292 816/2248/287
f 818/2258/288 812/2259/289 816/2260/287
f 817/2250/293 812/2252/289 818/2261/288
f 813/2262/292 815/2263/290 816/2264/287
f 813/2262/292 814/2265/294 815/2263/290
f 814/2266/294 818/2267/288 815/2268/290
f 814/2266/294 817/2269/293 818/2267/288
f 818/2258/288 816/2260/287 815/2270/290
f 819/2271/335 821/2272/326 820/2273/327
f 819/2271/335 822/2274/328 821/2272/326
f 822/2275/328 820/2276/327 821/2277/326
f 822/2275/328 819/2278/335 820/2276/327
f 826/2279/304 825/2280/336 823/2281/305
f 824/2282/337 823/2283/305 825/2284/336
f 824/2282/337 826/2285/304 823/2283/305
f 826/2279/304 824/2286/337 825/2280/336
f 827/2287/329 830/2288/338 829/2289/331
f 827/2287/329 828/2290/332 830/2288/338
f 828/2291/332 829/2292/331 830/2293/338
f 828/2291/332 827/2294/329 829/2292/331
f 832/2295/339 831/2296/333 833/2297/330
f 831/2298/333 832/2299/339 834/2300/340
f 832/2295/339 833/2297/330 834/2301/340
f 831/2298/333 834/2300/340 833/2302/330
f 841/2303/316 835/2304/318 842/2305/315
f 840/2306/313 839/2307/314 835/2308/318
f 842/2309/320 835/2310/321 839/2311/319
f 841/2303/316 840/2312/313 835/2304/318
f 842/2309/320 839/2311/319 836/2313/322
f 838/2314/310 836/2315/312 839/2316/314
f 838/2314/310 837/2317/311 836/2315/312
f 837/2318/311 842/2319/315 836/2320/312
f 837/2321/308 840/2322/307 841/2323/317
f 837/2321/308 838/2324/309 840/2322/307
f 837/2318/311 841/2325/316 842/2319/315
f 840/2306/313 838/2326/310 839/2307/314
f 843/2327/341 846/2328/342 844/2329/343
f 843/2327/341 847/2330/344 846/2328/342
f 848/2331/345 847/2332/344 843/2333/341
f 847/2334/344 848/2335/345 845/2336/346
f 847/2334/344 845/2336/346 846/2337/342
f 844/2338/343 846/2339/342 845/2340/346
f 848/2341/345 843/2342/341 844/2343/343
f 848/2341/345 844/2343/343 845/2344/346
f 850/2345/344 849/2346/347 853/2347/346
f 850/2345/344 853/2347/346 854/2348/342
f 849/2349/347 850/2350/344 851/2351/341
f 849/2352/347 852/2353/343 853/2354/346
f 849/2352/347 851/2355/341 852/2353/343
f 851/2356/341 850/2357/344 854/2358/342
f 851/2356/341 854/2358/342 852/2359/343
f 852/2360/343 854/2361/342 853/2362/346
f 856/2363/348 855/2364/349 861/2365/350
f 860/2366/351 858/2367/352 855/2368/349
f 858/2369/352 861/2370/350 855/2371/349
f 860/2366/351 855/2368/349 856/2372/348
f 856/2363/348 861/2365/350 862/2373/353
f 857/2374/354 860/2375/351 856/2376/348
f 857/2374/354 856/2376/348 862/2377/353
f 857/2378/354 859/2379/355 858/2380/352
f 859/2381/355 857/2382/354 862/2383/353
f 857/2378/354 858/2380/352 860/2384/351
f 858/2369/352 859/2385/355 861/2370/350
f 859/2381/355 862/2383/353 861/2386/350
f 868/2387/356 863/2388/357 866/2389/358
f 866/2390/358 863/2391/357 867/2392/359
f 863/2393/357 865/2394/360 867/2395/359
f 863/2393/357 868/2396/356 865/2394/360
f 868/2397/356 864/2398/361 869/2399/362
f 864/2400/361 870/2401/363 869/2402/362
f 868/2387/356 866/2389/358 864/2403/361
f 864/2400/361 866/2404/358 870/2401/363
f 869/2405/362 867/2406/359 865/2407/360
f 868/2397/356 869/2399/362 865/2408/360
f 866/2390/358 867/2392/359 870/2409/363
f 869/2405/362 870/2410/363 867/2406/359
f 872/2411/364 871/2412/365 874/2413/366
f 871/2414/367 872/2415/368 878/2416/369
f 871/2414/367 878/2416/369 875/2417/370
f 874/2418/366 871/2419/365 875/2420/371
f 872/2421/364 873/2422/372 878/2423/373
f 872/2411/364 874/2413/366 876/2424/374
f 872/2421/364 876/2425/374 873/2422/372
f 873/2426/372 875/2427/371 878/2428/373
f 873/2426/372 877/2429/375 875/2427/371
f 876/2430/376 877/2431/377 873/2432/378
f 874/2418/366 875/2420/371 877/2433/375
f 876/2430/376 874/2434/379 877/2431/377
f 880/2435/380 879/2436/381 881/2437/382
f 879/2438/381 883/2439/383 881/2440/382
f 880/2441/380 885/2442/384 879/2443/381
f 879/2438/381 885/2444/384 883/2439/383
f 880/2435/380 881/2437/382 886/2445/385
f 880/2441/380 884/2446/386 885/2442/384
f 884/2447/386 880/2448/380 886/2449/385
f 881/2450/382 882/2451/387 886/2452/385
f 881/2450/382 883/2453/383 882/2451/387
f 885/2454/384 884/2455/386 882/2456/387
f 884/2447/386 886/2449/385 882/2457/387
f 885/2454/384 882/2456/387 883/2458/383
f 887/2459/388 888/2460/389 892/2461/390
f 888/2462/389 887/2463/388 889/2464/391
f 887/2465/388 891/2466/392 889/2467/391
f 887/2459/388 892/2461/390 893/2468/393
f 887/2465/388 893/2469/393 891/2466/392
f 892/2470/390 888/2471/389 890/2472/394
f 888/2462/389 889/2464/391 890/2473/394
f 891/2474/392 890/2475/394 889/2476/391
f 892/2470/390 890/2472/394 894/2477/395
f 891/2474/392 894/2478/395 890/2475/394
f 893/2479/393 894/2480/395 891/2481/392
f 893/2479/393 892/2482/390 894/2480/395
f 895/2483/389 896/2484/391 902/2485/394
f 897/2486/388 895/2487/389 899/2488/390
f 899/2489/390 895/2490/389 902/2491/394
f 895/2483/389 897/2492/388 896/2484/391
f 897/2493/388 900/2494/392 896/2495/391
f 900/2496/392 902/2497/394 896/2498/391
f 897/2486/388 899/2488/390 898/2499/393
f 897/2493/388 898/2500/393 900/2494/392
f 898/2501/393 901/2502/395 900/2503/392
f 898/2501/393 899/2504/390 901/2502/395
f 899/2489/390 902/2491/394 901/2505/395
f 900/2496/392 901/2506/395 902/2497/394
f 908/2507/388 903/2508/390 906/2509/393
f 908/2507/388 909/2510/389 903/2508/390
f 906/2511/393 903/2512/390 910/2513/395
f 903/2514/390 909/2515/389 905/2516/394
f 903/2514/390 905/2516/394 910/2517/395
f 909/2518/389 904/2519/391 905/2520/394
f 909/2518/389 908/2521/388 904/2519/391
f 908/2522/388 907/2523/392 904/2524/391
f 907/2525/392 905/2526/394 904/2527/391
f 907/2525/392 910/2528/395 905/2526/394
f 908/2522/388 906/2529/393 907/2523/392
f 906/2511/393 910/2513/395 907/2530/392
f 911/2531/393 912/2532/395 916/2533/392
f 914/2534/388 911/2535/393 916/2536/392
f 914/2537/388 918/2538/390 911/2539/393
f 911/2531/393 918/2540/390 912/2532/395
f 918/2541/390 915/2542/394 912/2543/395
f 916/2544/392 912/2545/395 915/2546/394
f 914/2537/388 913/2547/389 918/2538/390
f 918/2541/390 913/2548/389 915/2542/394
f 913/2549/389 917/2550/391 915/2551/394
f 913/2549/389 914/2552/388 917/2550/391
f 914/2534/388 916/2536/392 917/2553/391
f 916/2544/392 915/2546/394 917/2554/391
f 922/2555/396 919/2556/397 924/2557/398
f 926/2558/399 919/2559/397 922/2560/396
f 926/2558/399 925/2561/400 919/2559/397
f 925/2562/400 924/2563/398 919/2564/397
f 920/2565/401 923/2566/402 925/2567/400
f 923/2568/402 920/2569/401 921/2570/403
f 920/2571/401 922/2572/396 921/2573/403
f 920/2565/401 925/2567/400 926/2574/399
f 920/2571/401 926/2575/399 922/2572/396
f 923/2568/402 921/2570/403 924/2576/398
f 922/2555/396 924/2557/398 921/2577/403
f 925/2562/400 923/2578/402 924/2563/398
f 931/2579/404 927/2580/405 929/2581/406
f 927/2582/405 933/2583/407 929/2584/406
f 931/2585/404 932/2586/408 927/2587/405
f 927/2582/405 932/2588/408 933/2583/407
f 929/2589/406 934/2590/409 928/2591/410
f 930/2592/411 928/2593/410 934/2594/409
f 930/2592/411 931/2595/404 928/2593/410
f 931/2579/404 929/2581/406 928/2596/410
f 929/2589/406 933/2597/407 934/2590/409
f 931/2585/404 930/2598/411 932/2586/408
f 932/2599/408 930/2600/411 934/2601/409
f 932/2599/408 934/2601/409 933/2602/407
f 940/2603/412 935/2604/413 938/2605/413
f 937/2606/414 938/2607/415 935/2608/416
f 937/2609/414 936/2610/417 939/2611/417
f 940/2612/412 939/2613/418 936/2614/419
f 937/2609/414 939/2611/417 938/2605/415
f 938/2605/413 939/2611/418 940/2603/412
f 944/2615/420 941/2616/421 942/2617/422
f 942/2618/422 941/2619/421 946/2620/423
f 943/2621/424 942/2618/422 945/2622/425
f 944/2615/420 942/2617/422 943/2623/424
f 942/2618/422 946/2620/423 945/2622/425
f 944/2624/420 943/2625/424 949/2626/426
f 944/2624/420 949/2626/426 948/2627/427
f 944/2615/420 950/2628/428 941/2616/421
f 950/2629/428 944/2630/420 948/2631/427
f 943/2625/424 945/2632/425 949/2626/426
f 949/2633/426 945/2634/425 946/2635/423
f 949/2633/426 946/2635/423 947/2636/429
f 941/2637/421 947/2638/429 946/2639/423
f 950/2629/428 948/2631/427 947/2640/429
f 949/2633/426 947/2636/429 948/2641/427
f 941/2637/421 950/2642/428 947/2638/429
f 954/2643/420 951/2644/428 952/2645/430
f 952/2646/430 951/2647/428 957/2648/429
f 951/2649/428 960/2650/431 957/2651/429
f 953/2652/432 952/2653/430 956/2654/423
f 954/2643/420 952/2645/430 953/2655/432
f 953/2652/432 956/2654/423 959/2656/425
f 954/2643/420 953/2655/432 958/2657/433
f 958/2658/433 953/2652/432 959/2656/425
f 951/2649/428 954/2659/420 960/2650/431
f 954/2660/420 955/2661/434 960/2662/431
f 954/2660/420 958/2663/433 955/2661/434
f 955/2664/434 956/2665/423 957/2666/429
f 955/2664/434 959/2667/425 956/2665/423
f 955/2664/434 957/2666/429 960/2668/431
f 958/2663/433 959/2669/425 955/2661/434
f 952/2646/430 957/2648/429 956/2670/423
f 962/2671/435 961/2672/436 967/2673/437
f 961/2674/436 970/2675/438 967/2676/437
f 963/2677/439 961/2678/436 962/2679/435
f 962/2671/435 967/2673/437 969/2680/440
f 963/2677/439 968/2681/441 964/2682/442
f 963/2677/439 962/2679/435 968/2681/441
f 963/2683/439 965/2684/443 970/2685/438
f 963/2683/439 964/2686/442 965/2684/443
f 961/2674/436 963/2687/439 970/2675/438
f 964/2686/442 966/2688/444 965/2684/443
f 965/2689/443 966/2690/444 969/2691/440
f 965/2689/443 967/2692/437 970/2693/438
f 965/2689/443 969/2691/440 967/2692/437
f 964/2694/442 968/2695/441 966/2696/444
f 968/2695/441 969/2697/440 966/2696/444
f 968/2695/441 962/2698/435 969/2697/440
f 984/2699/445 971/2700/446 972/2701/447
f 972/2702/447 971/2703/446 974/36/16
f 971/2704/446 984/2705/445 1677/2706/448
f 971/2704/446 1677/2706/448 974/2707/16
f 1662/2708/449 972/2709/447 980/2710/15
f 972/2702/447 974/36/16 980/35/15
f 984/2699/445 972/2701/447 1662/2711/449
f 984/2699/445 1662/2711/449 979/2712/450
f 979/2713/450 1662/2714/449 978/2715/451
f 985/2716/452 1674/2717/453 974/2718/16
f 985/2716/452 974/2718/16 1677/2719/448
f 985/2720/452 976/2721/454 984/2722/445
f 1641/2723/455 986/2724/456 993/2725/457
f 977/2726/458 1648/2727/458 986/2728/458
f 1648/2729/459 1641/2723/455 993/2725/457
f 979/2730/450 978/2731/451 985/2732/452
f 984/2733/445 979/2730/450 985/2732/452
f 986/2728/456 1638/40/460 987/39/461
f 1638/2734/460 991/2735/462 992/2736/463
f 1638/2734/460 990/2737/464 991/2735/462
f 987/2738/465 982/2739/465 992/2736/465
f 986/2728/456 990/2740/464 1638/40/460
f 990/2741/464 1648/2742/459 988/2743/466
f 1648/2729/459 993/2725/457 988/2744/466
f 986/2728/456 1648/2727/459 990/2740/464
f 986/2745/456 989/2746/467 993/2747/457
f 986/2745/456 987/2748/461 989/2746/467
f 987/2738/461 992/2736/463 989/2749/467
f 990/2741/464 988/2743/466 991/2750/462
f 989/2751/467 991/2752/462 988/2753/466
f 989/2751/467 988/2753/466 993/2754/457
f 989/2751/467 992/2755/463 991/2752/462
f 994/2756/445 1002/2757/446 999/2758/447
f 994/2756/445 1646/2759/449 996/2760/450
f 994/2756/445 999/2758/447 1646/2759/449
f 994/2761/445 996/2762/450 1003/2763/452
f 999/2764/447 1002/2765/446 995/42/20
f 1002/2766/446 1004/2767/448 995/2768/20
f 1003/2769/452 995/2770/20 1004/2771/448
f 996/2762/450 997/2772/468 1003/2763/452
f 1646/2773/449 999/2774/447 1000/2775/19
f 996/2776/450 1646/2777/449 997/2778/468
f 999/2764/447 995/42/20 1000/41/19
f 1003/2769/452 1666/2779/469 995/2770/20
f 1002/2766/446 994/2780/445 1004/2767/448
f 1003/2781/452 1015/2782/454 994/2783/445
f 1017/2784/456 1644/46/460 1007/45/461
f 1644/2785/460 1010/2786/462 1649/2787/470
f 1644/2785/460 1011/2788/464 1010/2786/462
f 1007/2789/465 1005/2790/465 1649/2787/465
f 1017/2784/456 1011/2791/464 1644/46/460
f 1017/2792/456 1007/2793/461 1008/2794/467
f 1007/2789/461 1649/2787/470 1008/2795/467
f 1008/2796/467 1649/2797/470 1010/2798/462
f 1008/2796/467 1013/2799/466 1009/2800/457
f 1008/2796/467 1010/2798/462 1013/2799/466
f 1017/2792/456 1008/2794/467 1009/2801/457
f 1678/2802/471 1012/2803/455 1009/2804/457
f 1678/2802/471 1009/2804/457 1013/2805/466
f 1011/2806/464 1013/2807/466 1010/2808/462
f 1011/2806/464 1678/2809/471 1013/2807/466
f 1016/2810/472 1678/2811/472 1017/2784/472
f 1017/2784/456 1678/2811/471 1011/2791/464
f 1012/2803/455 1017/2812/456 1009/2804/457
f 1019/2813/473 1018/2814/474 1021/2815/475
f 1021/2816/475 1018/2817/474 1025/2818/476
f 1019/2813/473 1023/2819/477 1018/2814/474
f 1023/2820/477 1025/2821/476 1018/2822/474
f 1020/2823/478 1019/2824/473 1021/2825/475
f 1020/2826/478 1023/2827/477 1019/2828/473
f 1020/2823/478 1021/2825/475 1022/2829/479
f 1020/2826/478 1024/2830/480 1023/2827/477
f 1024/2831/480 1020/2832/478 1022/2833/479
f 1021/2816/475 1025/2818/476 1022/2834/479
f 1024/2831/480 1022/2833/479 1025/2835/476
f 1023/2820/477 1024/2836/480 1025/2821/476
f 1026/2837/481 1027/2838/482 1028/2839/483
f 1026/2837/481 1029/2840/484 1027/2838/482
f 1029/2841/484 1026/2842/481 1028/2843/483
f 1029/2841/484 1028/2843/483 1027/2844/482
f 1030/2845/485 1032/2846/486 1033/2847/487
f 1030/2845/485 1031/2848/488 1032/2846/486
f 1031/2849/488 1030/2850/485 1033/2851/487
f 1031/2849/488 1033/2851/487 1032/2852/486
f 1035/2853/489 1037/2854/490 1034/2855/491
f 1035/2853/489 1034/2855/491 1036/2856/492
f 1037/2857/490 1035/2858/489 1036/2859/492
f 1037/2857/490 1036/2859/492 1034/2860/491
f 1038/2861/493 1039/2862/494 1040/2863/492
f 1038/2861/493 1041/2864/495 1039/2862/494
f 1041/2865/495 1038/2866/493 1040/2867/492
f 1041/2865/495 1040/2867/492 1039/2868/494
f 1042/2869/496 1044/2870/497 1045/2871/498
f 1042/2869/496 1045/2871/498 1043/2872/499
f 1044/2873/497 1043/2874/499 1045/2875/498
f 1044/2873/497 1042/2876/496 1043/2874/499
f 1048/2877/500 1047/2878/501 1046/2879/502
f 1048/2877/500 1046/2879/502 1049/2880/503
f 1047/2881/501 1049/2882/503 1046/2883/502
f 1047/2881/501 1048/2884/500 1049/2882/503
f 1053/2885/488 1050/2886/487 1052/2887/486
f 1053/2885/488 1051/2888/504 1050/2886/487
f 1051/2889/504 1053/2890/488 1052/2891/486
f 1051/2889/504 1052/2891/486 1050/2892/487
f 1054/2893/489 1055/2894/491 1056/2895/492
f 1054/2893/489 1057/2896/495 1055/2894/491
f 1057/2897/495 1054/2898/489 1056/2899/492
f 1057/2897/495 1056/2899/492 1055/2900/491
f 1060/2901/497 1058/2902/499 1061/2903/503
f 1060/2901/497 1059/2904/496 1058/2902/499
f 1059/2905/496 1060/2906/497 1061/2907/503
f 1059/2905/496 1061/2907/503 1058/2908/499
f 1063/2909/496 1062/2910/500 1064/2911/498
f 1063/2909/496 1064/2911/498 1065/2912/499
f 1062/2913/500 1065/2914/499 1064/2915/498
f 1062/2913/500 1063/2916/496 1065/2914/499
f 1067/2917/505 1066/2918/506 1068/2919/482
f 1067/2917/505 1068/2919/482 1069/2920/483
f 1066/2921/506 1067/2922/505 1069/2923/483
f 1066/2921/506 1069/2923/483 1068/2924/482
f 1070/2925/507 1072/2926/482 1073/2927/508
f 1070/2925/507 1071/2928/484 1072/2926/482
f 1071/2929/484 1070/2930/507 1073/2931/508
f 1071/2929/484 1073/2931/508 1072/2932/482
f 1078/2933/195 1074/2934/195 1076/2935/195
f 1081/2936/509 1080/2937/510 1074/2938/511
f 1081/2936/509 1074/2938/511 1078/2939/512
f 1080/2940/510 1076/2941/513 1074/2942/511
f 1079/2943/514 1075/2944/515 1076/2945/513
f 1079/2943/514 1077/2946/516 1075/2944/515
f 1077/2947/516 1078/2948/512 1075/2949/515
f 1078/2933/195 1076/2935/195 1075/2950/195
f 1080/2940/510 1079/2951/514 1076/2941/513
f 1077/2947/516 1081/2952/509 1078/2948/512
f 1077/2953/193 1079/2954/193 1080/2955/193
f 1077/2953/193 1080/2955/193 1081/2956/193
f 1082/2957/517 1083/2958/518 1091/2959/519
f 1082/2957/517 1095/2960/520 1083/2958/518
f 1082/2957/517 1094/2961/521 1095/2960/520
f 1082/2962/517 1102/2963/522 1094/2964/521
f 1082/2962/517 1096/2965/523 1102/2963/522
f 1082/2957/517 1089/2966/524 1084/2967/525
f 1082/2957/517 1091/2959/519 1089/2966/524
f 1097/2968/526 1096/2969/523 1082/2970/517
f 1082/2957/517 1084/2967/525 1097/2971/526
f 1083/2972/518 1090/2973/527 1091/2974/519
f 1095/2975/520 1093/2976/528 1083/2977/529
f 1083/2978/529 1093/2979/528 1090/2980/530
f 1084/2981/525 1088/2982/531 1097/2983/526
f 1084/2981/525 1099/2984/532 1088/2982/531
f 1099/2984/532 1084/2981/525 1089/2985/524
f 1086/2986/533 1085/2987/534 1087/2988/535
f 1106/2989/536 1087/2990/535 1085/2991/537
f 1106/2989/536 1085/2991/537 1107/2992/538
f 1103/2993/539 1086/2994/533 1098/2995/540
f 1086/2986/533 1104/2996/541 1085/2987/534
f 1103/2993/539 1104/2997/541 1086/2994/533
f 1108/2998/542 1087/2999/535 1106/3000/536
f 1097/3001/526 1088/3002/531 1096/2965/543
f 1088/3002/544 1109/3003/545 1096/2965/546
f 1088/3002/544 1098/3004/547 1109/3003/545
f 1091/3005/519 1100/3006/548 1089/3007/524
f 1100/3008/549 1099/2984/532 1089/2985/550
f 1090/3009/551 1105/3010/552 1100/3006/553
f 1090/3009/551 1101/3011/554 1105/3010/552
f 1091/3005/519 1090/3009/527 1100/3006/548
f 1093/3012/555 1101/3011/554 1090/3009/551
f 1092/3013/556 1106/2989/536 1107/2992/557
f 1095/2975/520 1092/3013/556 1093/2976/528
f 1102/2963/558 1092/3014/556 1094/2964/559
f 1102/2963/558 1106/3015/536 1092/3014/556
f 1092/3013/556 1095/2975/520 1094/3016/521
f 1093/3012/555 1107/3017/560 1101/3011/554
f 1096/2965/546 1108/3018/542 1102/2963/561
f 1096/2965/546 1109/3003/545 1108/3018/542
f 1098/3019/562 1086/2986/562 1109/3020/562
f 1099/2984/532 1103/2993/539 1098/2995/563
f 1100/3006/549 1103/3021/539 1099/3022/532
f 1100/3006/549 1105/3010/552 1103/3021/539
f 1101/3011/554 1104/3023/541 1105/3010/552
f 1101/3011/554 1085/3024/564 1104/3023/541
f 1107/3017/565 1085/3024/565 1101/3011/565
f 1102/2963/558 1108/3018/542 1106/3015/536
f 1105/3010/552 1104/3025/541 1103/3021/539
f 1109/3020/545 1087/2988/535 1108/3026/542
f 1109/3020/545 1086/2986/533 1087/2988/535
f 1/3027/566 1121/3028/567 1110/3029/568
f 1110/3029/568 1121/3028/567 1116/3030/569
f 1/3027/566 1111/3031/570 1117/3032/571
f 1111/3033/570 1114/3034/572 1117/3035/571
f 1111/3033/570 1119/3036/573 1114/3034/572
f 1/3027/566 1110/3029/568 1111/3031/570
f 1117/3035/571 1126/3037/574 1/3038/566
f 1/3039/566 1126/3040/574 1125/3041/575
f 1122/3042/576 1112/3043/577 1120/3044/578
f 1133/3045/579 1128/3046/580 1112/3047/577
f 1133/3045/579 1112/3047/577 1130/3048/581
f 1122/3042/576 1130/3049/581 1112/3043/577
f 1120/3050/578 1112/3051/577 1128/3052/580
f 1113/3053/582 1130/3048/581 1131/3054/583
f 1132/3055/584 1113/3053/584 1131/3054/584
f 1130/3048/581 1113/3053/582 1133/3045/579
f 1127/3056/585 1113/3057/582 1132/3058/586
f 1127/3056/585 1133/3059/579 1113/3057/582
f 1114/3060/587 1127/3056/588 1126/3040/589
f 1114/3060/587 1129/3061/590 1127/3056/588
f 1117/3062/571 1114/3060/572 1126/3040/574
f 1119/3036/195 1129/3063/195 1114/3034/591
f 1110/3064/568 1115/3065/592 1111/3066/570
f 1115/3065/593 1120/3044/594 1118/3067/595
f 1111/3066/570 1115/3065/592 1119/3068/596
f 1115/3065/593 1118/3067/595 1119/3068/597
f 1110/3064/568 1116/3069/598 1115/3065/592
f 1116/3069/569 1120/3044/594 1115/3065/593
f 1121/3070/567 1122/3042/599 1116/3069/569
f 1116/3069/569 1122/3042/599 1120/3044/594
f 1/3039/566 1125/3041/575 1124/3071/600
f 1118/3072/601 1133/3073/579 1129/3063/602
f 1118/3072/601 1128/3052/580 1133/3073/579
f 1119/3036/195 1118/3072/603 1129/3063/195
f 1120/3044/578 1128/3074/580 1118/3067/601
f 1121/3070/567 1123/3075/604 1122/3042/599
f 1/3027/566 1124/3076/605 1121/3028/567
f 1124/3077/605 1123/3078/604 1121/3079/567
f 1123/3075/604 1130/3049/581 1122/3042/576
f 1124/3077/605 1131/3080/583 1123/3078/604
f 1130/3048/581 1123/3081/604 1131/3054/583
f 1125/3041/606 1131/3082/607 1124/3071/608
f 1125/3041/606 1132/3058/609 1131/3082/607
f 1126/3040/589 1132/3058/610 1125/3041/611
f 1126/3040/589 1127/3056/588 1132/3058/610
f 1129/3061/612 1133/3059/579 1127/3056/585
f 1137/3083/613 1134/3084/614 1136/3085/615
f 1134/3086/614 1135/3087/616 1136/3088/615
f 1134/3089/614 1137/3090/613 1135/3091/616
f 1137/3092/613 1136/3093/615 1135/3094/616
f 1139/3095/617 1138/3096/618 1141/3097/619
f 1138/3098/618 1139/3099/617 1140/3100/620
f 1138/3098/618 1140/3100/620 1141/3101/619
f 1139/3095/617 1141/3097/619 1140/3102/620
f 1142/3103/621 1144/3104/622 1143/3105/623
f 1142/3103/621 1145/3106/624 1144/3104/622
f 1145/3107/624 1142/3108/621 1143/3109/623
f 1145/3107/624 1143/3109/623 1144/3110/622
f 1148/3111/625 1146/3112/626 1151/3113/627
f 1146/3114/626 1152/3115/628 1151/3116/627
f 1148/3117/625 1150/3118/629 1146/3119/626
f 1146/3114/626 1150/3120/629 1152/3115/628
f 1148/3117/625 1147/3121/630 1150/3118/629
f 1150/3122/629 1147/3123/630 1149/3124/631
f 1147/3125/630 1153/3126/632 1149/3127/631
f 1147/3125/630 1148/3128/625 1153/3126/632
f 1148/3111/625 1151/3113/627 1153/3129/632
f 1151/3130/627 1149/3131/631 1153/3132/632
f 1150/3122/629 1149/3124/631 1152/3133/628
f 1151/3130/627 1152/3134/628 1149/3131/631
f 1155/3135/633 1154/3136/634 1157/3137/635
f 1154/3138/634 1155/3139/633 1156/3140/636
f 1155/3141/633 1157/3142/635 1156/3143/636
f 1154/3144/634 1156/3145/636 1157/3146/635
f 1160/3147/637 1158/3148/618 1159/3149/638
f 1158/3150/618 1161/3151/620 1159/3152/638
f 1160/3147/637 1159/3149/638 1161/3153/620
f 1158/3150/618 1160/3154/637 1161/3151/620
f 1162/3155/639 1164/3156/640 1163/3157/641
f 1162/3155/639 1163/3157/641 1165/3158/642
f 1164/3159/640 1165/3160/642 1163/3161/641
f 1164/3159/640 1162/3162/639 1165/3160/642
f 1168/3163/625 1166/3164/629 1167/3165/626
f 1167/3166/626 1166/3167/629 1173/3168/628
f 1166/3169/629 1171/3170/631 1173/3171/628
f 1168/3163/625 1172/3172/630 1166/3164/629
f 1166/3169/629 1172/3173/630 1171/3170/631
f 1168/3174/625 1167/3175/626 1169/3176/627
f 1167/3166/626 1173/3168/628 1169/3177/627
f 1168/3174/625 1169/3176/627 1170/3178/632
f 1172/3179/630 1168/3180/625 1170/3181/632
f 1169/3182/627 1173/3183/628 1171/3184/631
f 1169/3182/627 1171/3184/631 1170/3185/632
f 1172/3179/630 1170/3181/632 1171/3186/631
f 1175/3187/643 1174/3188/644 1185/3189/645
f 1177/3190/646 1174/3191/647 1175/3192/643
f 1175/3187/643 1185/3189/645 1184/3193/648
f 1176/3194/649 1175/3195/643 1184/3196/648
f 1177/3190/646 1175/3192/643 1176/3197/649
f 1190/3198/650 1176/3194/649 1183/3199/651
f 1177/3190/646 1176/3197/649 1190/3200/650
f 1177/3190/646 1191/3201/652 1174/3191/647
f 1177/3190/646 1190/3200/650 1189/3202/653
f 1177/3190/646 1188/3203/654 1178/3204/655
f 1177/3190/646 1189/3202/653 1188/3203/654
f 1191/3205/652 1177/3206/646 1187/3207/656
f 1177/3206/646 1180/3208/657 1187/3207/658
f 1177/3206/646 1178/3209/655 1180/3208/657
f 1178/3209/659 1179/3210/660 1180/3208/657
f 1178/3209/659 1188/3211/661 1179/3210/660
f 1188/3212/662 1181/3213/663 1179/3214/664
f 1180/3215/657 1179/3216/660 1181/3217/665
f 1180/3215/657 1181/3217/665 1182/3218/666
f 1180/3215/657 1185/3219/667 1186/3220/668
f 1180/3215/657 1182/3218/666 1183/3221/651
f 1180/3215/657 1184/3222/648 1185/3219/667
f 1180/3215/657 1186/3220/668 1187/3223/658
f 1180/3215/657 1183/3221/651 1184/3222/648
f 1188/3212/662 1189/3224/669 1181/3213/663
f 1189/3224/669 1182/3225/666 1181/3213/663
f 1189/3224/669 1190/3226/650 1182/3225/666
f 1190/3198/650 1183/3199/651 1182/3227/666
f 1176/3194/649 1184/3196/648 1183/3199/651
f 1174/3188/644 1186/3228/670 1185/3189/645
f 1174/3188/644 1191/3229/671 1186/3228/670
f 1191/3229/652 1187/3230/656 1186/3228/672
f 1200/3231/673 1192/3232/674 1193/3233/675
f 1200/3231/673 1193/3233/675 1199/3234/676
f 1200/3231/673 1199/3234/676 1194/3235/677
f 1200/3231/673 1194/3235/677 1197/3236/678
f 1200/3231/673 1195/3237/679 1196/3238/680
f 1200/3231/673 1197/3236/678 1195/3237/679
f 1200/3231/673 1196/3238/680 1198/3239/681
f 1198/3240/681 1195/3241/679 1197/3242/678
f 1198/3240/681 1196/3243/680 1195/3241/679
f 1198/3240/681 1197/3242/678 1194/3244/677
f 1198/3240/681 1194/3244/677 1199/3245/676
f 1198/3240/681 1192/3246/674 1200/3247/673
f 1198/3240/681 1193/3248/675 1192/3246/674
f 1198/3240/681 1199/3245/676 1193/3248/675
f 1201/3249/682 1203/3250/683 1657/3251/684
f 1201/3252/682 1669/3253/685 1203/3254/683
f 1206/3255/686 1201/3256/682 1663/3257/687
f 1206/3255/686 1669/3258/685 1201/3256/682
f 1203/3259/688 1670/3260/689 1202/3261/690
f 1627/3262/691 1206/3263/692 1202/3264/690
f 1627/3265/693 1202/3266/690 1670/3267/689
f 1206/3268/692 1203/3250/688 1202/3269/690
f 1206/3268/692 1663/3270/694 1203/3250/688
f 1669/3271/695 1670/3272/689 1203/3273/688
f 1216/3274/696 1668/3275/697 1214/3276/698
f 1226/3277/699 1208/3278/699 1656/3279/699
f 1207/3280/700 1220/3281/701 1656/3282/702
f 1216/3283/696 1207/3284/703 1668/3285/697
f 1209/3286/704 1212/3287/705 1211/3288/706
f 1209/3289/704 1210/3290/707 1212/3291/705
f 1210/3292/707 1211/3293/706 1212/3294/705
f 1210/3295/707 1209/3296/704 1211/3297/706
f 1216/3283/696 1213/3298/708 1207/3284/703
f 1216/3283/696 1680/3299/709 1213/3298/708
f 1213/3300/710 1680/3301/711 1215/3302/712
f 1213/3300/710 1215/3302/712 1214/3303/698
f 1216/3274/696 1214/3276/698 1215/3304/712
f 1680/3301/711 1217/3305/713 1215/3302/712
f 1217/3306/713 1216/3307/714 1215/3308/712
f 1218/3309/715 1680/3310/716 1220/3311/701
f 1226/3312/717 1219/3313/718 1207/3314/719
f 1207/3315/700 1218/3316/715 1220/3317/701
f 1680/3310/720 1222/3318/721 1220/3311/701
f 1656/3319/702 1220/3320/701 1222/3321/721
f 1226/3277/722 1656/3279/702 1222/3322/721
f 1680/3310/720 1226/3323/722 1222/3318/721
f 1228/3324/723 1227/3325/724 1230/3326/725
f 1227/3327/724 1228/3328/723 1229/3329/726
f 1227/3330/724 1229/3331/726 1230/3332/725
f 1228/3333/723 1230/3334/725 1229/3335/726
f 1245/3336/644 1231/3337/671 1247/3338/670
f 1231/3337/652 1248/3339/727 1247/3338/672
f 1234/3340/646 1231/3341/652 1245/3342/647
f 1232/3343/643 1246/3344/645 1242/3345/648
f 1232/3343/643 1245/3336/644 1246/3344/645
f 1234/3340/646 1245/3342/647 1232/3346/643
f 1234/3340/646 1232/3346/643 1233/3347/649
f 1233/3348/649 1232/3349/643 1242/3350/648
f 1234/3340/646 1233/3347/649 1235/3351/650
f 1235/3352/650 1233/3348/649 1241/3353/651
f 1234/3340/646 1243/3354/654 1237/3355/655
f 1234/3340/646 1236/3356/653 1243/3354/654
f 1234/3357/646 1240/3358/657 1248/3359/728
f 1234/3357/646 1237/3360/655 1240/3358/657
f 1234/3340/646 1235/3351/650 1236/3356/653
f 1231/3361/652 1234/3357/646 1248/3359/727
f 1235/3352/650 1241/3353/651 1239/3362/666
f 1236/3363/669 1235/3364/650 1239/3365/666
f 1236/3363/669 1239/3365/666 1244/3366/729
f 1237/3360/659 1238/3367/660 1240/3358/657
f 1243/3368/662 1244/3366/729 1238/3369/664
f 1240/3370/657 1238/3371/660 1244/3372/665
f 1237/3360/659 1243/3373/661 1238/3367/660
f 1240/3370/657 1244/3372/665 1239/3374/666
f 1240/3370/657 1239/3374/666 1241/3375/651
f 1240/3370/657 1241/3375/651 1242/3376/648
f 1240/3370/657 1242/3376/648 1246/3377/667
f 1240/3370/657 1247/3378/668 1248/3379/728
f 1240/3370/657 1246/3377/667 1247/3378/668
f 1243/3368/662 1236/3363/669 1244/3366/729
f 1233/3348/649 1242/3350/648 1241/3353/651
f 1245/3336/644 1247/3338/670 1246/3344/645
f 1250/3380/730 1249/3381/731 1257/3382/732
f 1250/3380/730 1258/3383/733 1249/3381/731
f 1250/3380/730 1253/3384/734 1254/3385/735
f 1250/3380/730 1252/3386/736 1253/3384/734
f 1250/3380/730 1256/3387/737 1255/3388/738
f 1250/3380/730 1251/3389/739 1252/3386/736
f 1250/3380/730 1257/3382/732 1256/3387/737
f 1250/3380/730 1255/3388/738 1251/3389/739
f 1254/3390/735 1252/3391/736 1251/3392/739
f 1254/3390/735 1253/3393/734 1252/3391/736
f 1254/3390/735 1251/3392/739 1255/3394/738
f 1254/3390/735 1257/3395/732 1249/3396/731
f 1254/3390/735 1256/3397/737 1257/3395/732
f 1254/3390/735 1258/3398/733 1250/3399/730
f 1254/3390/735 1255/3394/738 1256/3397/737
f 1254/3390/735 1249/3396/731 1258/3398/733
f 1259/3400/740 1276/3401/741 1262/3402/742
f 1659/3403/743 1277/3404/743 1259/3405/743
f 1263/3406/744 1672/3407/745 1261/3408/746
f 1672/3407/747 1262/3409/742 1261/3408/746
f 1276/3401/748 1261/3410/746 1262/3402/742
f 1672/3407/747 1259/3411/740 1262/3409/742
f 1259/3405/749 1286/3412/749 1263/3413/749
f 1276/3401/748 1263/3414/744 1261/3410/746
f 1265/3415/704 1267/3416/750 1268/3417/751
f 1266/3418/707 1268/3419/751 1267/3420/750
f 1266/3421/707 1265/3422/704 1268/3423/751
f 1265/3424/704 1266/3425/707 1267/3426/750
f 1269/3427/752 1631/3428/753 1272/3429/754
f 1269/3427/752 1272/3429/754 1271/3430/755
f 1279/3431/756 1269/3432/757 1645/3433/758
f 1645/3434/758 1269/3435/757 1271/3436/755
f 1645/3437/758 1271/3438/755 1278/3439/759
f 1279/3440/760 1271/3438/755 1272/3441/754
f 1279/3440/760 1278/3439/759 1271/3438/755
f 1654/3442/761 1283/3443/762 1275/3444/763
f 1279/3431/756 1645/3433/758 1642/3445/764
f 1281/3446/765 1274/3447/765 1275/3448/765
f 1631/3428/753 1279/3449/760 1272/3429/754
f 1651/3450/766 1281/3451/767 1290/3452/768
f 1284/3453/769 1289/3454/770 1283/3455/762
f 1275/3456/763 1283/3457/762 1289/3458/770
f 1281/3446/767 1275/3448/763 1290/3459/768
f 1275/3456/763 1289/3458/770 1290/3460/768
f 1284/3453/771 1650/3461/771 1289/3454/771
f 1653/3462/11 1280/3463/10 1284/3464/772
f 1651/3450/766 1290/3452/768 1289/3465/770
f 1292/3466/723 1291/3467/724 1294/3468/773
f 1292/3469/723 1294/3470/773 1293/3471/774
f 1291/3472/724 1292/3473/723 1293/3474/774
f 1291/3475/724 1293/3476/774 1294/3477/773
f 1295/3478/646 1311/3479/652 1296/3480/647
f 1295/3478/646 1298/3481/650 1299/3482/653
f 1295/3478/646 1296/3480/647 1297/3483/643
f 1295/3478/646 1300/3484/775 1301/3485/776
f 1295/3478/646 1299/3482/653 1300/3484/775
f 1311/3486/652 1295/3487/646 1308/3488/656
f 1295/3487/646 1307/3489/657 1308/3488/658
f 1295/3478/646 1310/3490/649 1298/3481/650
f 1295/3478/646 1297/3483/643 1310/3490/649
f 1295/3487/646 1301/3491/776 1307/3489/657
f 1296/3492/644 1311/3493/671 1312/3494/670
f 1296/3492/644 1312/3494/670 1306/3495/645
f 1310/3496/649 1297/3497/643 1305/3498/648
f 1298/3499/650 1304/3500/651 1303/3501/666
f 1298/3499/650 1310/3496/649 1304/3500/651
f 1300/3502/662 1299/3503/669 1309/3504/729
f 1301/3491/777 1300/3505/661 1302/3506/660
f 1300/3502/662 1309/3504/729 1302/3507/664
f 1301/3491/777 1302/3506/660 1307/3489/657
f 1307/3508/657 1302/3509/660 1309/3510/665
f 1307/3508/657 1303/3511/666 1304/3512/651
f 1310/3496/649 1305/3498/648 1304/3500/651
f 1307/3508/657 1304/3512/651 1305/3513/648
f 1297/3514/643 1306/3495/645 1305/3515/648
f 1307/3508/657 1305/3513/648 1306/3516/667
f 1297/3514/643 1296/3492/644 1306/3495/645
f 1307/3508/657 1309/3510/665 1303/3511/666
f 1307/3508/657 1306/3516/667 1312/3517/668
f 1307/3508/657 1312/3517/668 1308/3518/658
f 1311/3493/652 1308/3519/656 1312/3494/672
f 1299/3503/669 1303/3520/666 1309/3504/729
f 1299/3503/669 1298/3521/650 1303/3520/666
f 1316/3522/778 1313/3523/779 1314/3524/677
f 1316/3522/778 1314/3524/677 1315/3525/780
f 1316/3522/778 1315/3525/780 1319/3526/781
f 1316/3522/778 1319/3526/781 1318/3527/782
f 1316/3522/778 1320/3528/783 1313/3523/779
f 1316/3522/778 1321/3529/674 1320/3528/783
f 1316/3522/778 1318/3527/782 1317/3530/681
f 1317/3531/681 1315/3532/780 1314/3533/677
f 1317/3531/681 1314/3533/677 1313/3534/779
f 1317/3531/681 1319/3535/781 1315/3532/780
f 1317/3531/681 1318/3536/782 1319/3535/781
f 1317/3531/681 1321/3537/674 1316/3538/778
f 1317/3531/681 1320/3539/783 1321/3537/674
f 1317/3531/681 1313/3534/779 1320/3539/783
f 1323/3540/784 1322/3541/785 1325/3542/786
f 1327/3543/787 1323/3544/784 1325/3545/786
f 1322/3546/788 1324/3547/789 1325/3548/786
f 1322/3546/788 1636/3549/790 1324/3547/789
f 1327/3543/787 1325/3545/786 1324/3550/789
f 1326/3551/791 1327/3552/792 1324/3553/793
f 1326/3554/791 1324/3547/793 1335/3555/794
f 1322/3556/795 1326/3557/791 1636/3558/796
f 1322/3556/795 1327/3559/792 1326/3557/791
f 1330/3560/707 1328/3561/797 1331/3562/706
f 1330/3563/707 1331/3564/706 1329/3565/705
f 1328/3566/797 1329/3567/705 1331/3568/706
f 1328/3569/797 1330/3570/707 1329/3571/705
f 1333/3572/798 1332/3573/799 1343/3574/800
f 1679/3575/801 1333/3576/798 1343/3577/800
f 1333/3578/802 1334/3579/803 1345/3580/804
f 1334/3579/805 1346/3581/806 1345/3580/804
f 1332/3582/807 1679/3583/808 1661/3584/809
f 1661/3585/810 1679/3575/801 1343/3577/800
f 1332/3586/811 1647/60/812 1337/59/813
f 1332/3586/811 1337/59/813 1343/3587/800
f 1661/3585/810 1343/3577/800 1337/3588/813
f 1661/3589/810 1337/59/813 1340/61/814
f 1639/3590/815 1345/3591/804 1346/3592/806
f 1639/3590/815 1344/3593/816 1345/3591/804
f 1332/3582/807 1661/3584/809 1647/3594/817
f 1344/3595/818 1339/3596/818 1323/3597/818
f 1323/3598/819 1639/3590/820 1346/3592/806
f 1334/3599/805 1323/3600/819 1346/3601/806
f 1344/3602/816 1333/3603/802 1345/3604/804
f 1348/3605/724 1347/3606/821 1349/3607/822
f 1347/3608/821 1348/3609/724 1350/3610/823
f 1347/3611/821 1350/3612/823 1349/3613/822
f 1348/3614/724 1349/3615/822 1350/3616/823
f 1351/3617/644 1364/3618/671 1365/3619/670
f 1351/3617/644 1365/3619/670 1363/3620/645
f 1367/3621/646 1364/3622/652 1351/3623/647
f 1367/3621/646 1351/3623/647 1352/3624/643
f 1352/3625/643 1351/3617/644 1363/3620/645
f 1367/3621/646 1352/3624/643 1361/3626/649
f 1361/3627/649 1352/3628/643 1362/3629/648
f 1354/3630/669 1353/3631/650 1360/3632/666
f 1367/3621/646 1353/3633/650 1354/3634/653
f 1354/3630/669 1360/3632/666 1356/3635/729
f 1355/3636/777 1359/3637/661 1358/3638/660
f 1367/3621/646 1359/3639/775 1355/3640/655
f 1359/3641/662 1356/3635/729 1358/3642/664
f 1368/3643/657 1358/3644/660 1356/3645/665
f 1359/3641/662 1354/3630/669 1356/3635/729
f 1368/3643/657 1357/3646/651 1362/3647/648
f 1361/3627/649 1362/3629/648 1357/3648/651
f 1355/3636/777 1358/3638/660 1368/3649/657
f 1367/3650/646 1355/3636/655 1368/3649/657
f 1367/3621/646 1354/3634/653 1359/3639/775
f 1368/3643/657 1356/3645/665 1360/3651/666
f 1368/3643/657 1360/3651/666 1357/3646/651
f 1353/3652/650 1357/3648/651 1360/3653/666
f 1367/3621/646 1361/3626/649 1353/3633/650
f 1353/3652/650 1361/3627/649 1357/3648/651
f 1352/3625/643 1363/3620/645 1362/3654/648
f 1368/3643/657 1362/3647/648 1363/3655/667
f 1368/3643/657 1363/3655/667 1365/3656/668
f 1364/3618/652 1366/3657/727 1365/3619/672
f 1368/3643/657 1365/3656/668 1366/3658/728
f 1364/3659/652 1367/3650/646 1366/3660/727
f 1367/3650/646 1368/3649/657 1366/3660/728
f 1370/3661/824 1369/3662/825 1371/3663/826
f 1370/3661/824 1377/3664/733 1369/3662/825
f 1370/3661/824 1375/3665/734 1374/3666/827
f 1370/3661/824 1376/3667/736 1375/3665/734
f 1370/3661/824 1371/3663/826 1373/3668/828
f 1370/3661/824 1372/3669/739 1376/3667/736
f 1370/3661/824 1373/3668/828 1372/3669/739
f 1374/3670/827 1372/3671/739 1373/3672/828
f 1374/3670/827 1373/3672/828 1371/3673/826
f 1374/3670/827 1371/3673/826 1369/3674/825
f 1374/3670/827 1375/3675/734 1376/3676/736
f 1374/3670/827 1376/3676/736 1372/3671/739
f 1374/3670/827 1377/3677/733 1370/3678/824
f 1374/3670/827 1369/3674/825 1377/3677/733
f 1379/3679/829 1394/3680/830 1378/3681/831
f 1378/3682/832 1381/3683/833 1382/3684/834
f 1378/3682/832 1380/3685/835 1381/3683/833
f 1378/3681/831 1643/3686/836 1379/3679/829
f 1378/3681/831 1388/3687/837 1643/3686/836
f 1388/3688/837 1378/3689/831 1382/3690/838
f 1380/3685/835 1379/3691/839 1381/3683/833
f 1379/3692/839 1382/47/834 1381/3693/833
f 1379/3692/839 1643/48/840 1382/47/834
f 1388/3694/837 1382/47/838 1637/49/841
f 1383/3695/842 1665/3696/843 1396/3697/844
f 1665/3696/843 1398/3698/845 1396/3697/844
f 1389/3699/704 1391/3700/750 1392/3701/751
f 1390/3702/707 1389/3703/704 1392/3704/751
f 1390/3705/707 1392/3706/751 1391/3707/750
f 1389/3708/704 1390/3709/707 1391/3710/750
f 1660/3711/846 1397/51/24 1667/50/23
f 1660/3712/846 1383/3713/847 1397/3714/24
f 1383/3715/847 1660/3716/846 1398/3717/848
f 1398/3718/845 1671/52/849 1397/51/850
f 1658/3719/851 1378/3682/852 1404/3720/853
f 1658/3719/851 1404/3720/853 1402/3721/854
f 1628/3722/855 1667/67/855 1403/66/855
f 1403/3723/856 1658/3719/857 1402/3721/854
f 1398/3718/845 1397/51/850 1396/3724/844
f 1383/3695/842 1396/3697/844 1397/3725/850
f 1378/3726/852 1628/3727/858 1404/3728/853
f 1628/3729/859 1629/3730/860 1404/3731/853
f 1629/3732/860 1402/3733/854 1404/3734/853
f 1403/3735/856 1402/3736/854 1629/3737/860
f 1408/3738/821 1405/3739/861 1407/3740/773
f 1405/3741/861 1408/3742/821 1406/3743/774
f 1405/3744/861 1406/3745/774 1407/3746/773
f 1408/3747/821 1407/3748/773 1406/3749/774
f 1409/3750/862 1413/3751/863 1416/3752/864
f 1409/3750/862 1412/3753/865 1413/3751/863
f 1410/3754/866 1409/3755/862 1416/3756/864
f 1410/3757/866 1412/3758/865 1409/3759/862
f 1410/3757/866 1414/3760/867 1412/3758/865
f 1410/3754/866 1416/3756/864 1411/3761/868
f 1414/3762/867 1410/3763/866 1411/3764/868
f 1416/3765/864 1415/3766/869 1411/3767/868
f 1414/3762/867 1411/3764/868 1415/3768/869
f 1412/3769/865 1414/3770/867 1415/3771/869
f 1412/3769/865 1415/3771/869 1413/3772/863
f 1416/3765/864 1413/3773/863 1415/3766/869
f 1418/3774/870 1423/3775/871 1417/3776/872
f 1417/3777/873 1423/3778/874 1424/3779/875
f 1418/3780/870 1417/3781/872 1421/3782/876
f 1417/3777/873 1424/3779/875 1421/3783/877
f 1418/3780/870 1421/3782/876 1419/3784/878
f 1418/3774/870 1420/3785/879 1423/3775/871
f 1420/3786/880 1418/3787/881 1419/3788/882
f 1421/3789/876 1422/3790/883 1419/3791/878
f 1420/3786/880 1419/3788/882 1422/3792/884
f 1423/3793/871 1420/3794/879 1422/3795/883
f 1421/3789/876 1424/3796/885 1422/3790/883
f 1423/3793/871 1422/3795/883 1424/3797/885
f 1430/3798/866 1425/3799/886 1428/3800/865
f 1425/3801/886 1430/3802/866 1426/3803/868
f 1428/3804/865 1425/3805/886 1429/3806/869
f 1425/3801/886 1426/3803/868 1429/3807/869
f 1432/3808/864 1429/3809/869 1426/3810/868
f 1430/3811/866 1432/3812/864 1426/3813/868
f 1427/3814/862 1431/3815/887 1432/3816/864
f 1427/3814/862 1428/3817/865 1431/3815/887
f 1430/3811/866 1427/3818/862 1432/3812/864
f 1430/3798/866 1428/3800/865 1427/3819/862
f 1428/3804/865 1429/3806/869 1431/3820/887
f 1432/3808/864 1431/3821/887 1429/3809/869
f 1434/3822/870 1440/3823/871 1433/3824/872
f 1433/3825/873 1440/3826/874 1438/3827/875
f 1434/3828/870 1433/3829/872 1435/3830/876
f 1433/3825/873 1438/3827/875 1435/3831/877
f 1434/3828/870 1435/3830/876 1436/3832/878
f 1434/3822/870 1439/3833/879 1440/3823/871
f 1439/3834/880 1434/3835/881 1436/3836/882
f 1435/3837/876 1438/3838/885 1437/3839/883
f 1435/3837/876 1437/3839/883 1436/3840/878
f 1439/3834/880 1436/3836/882 1437/3841/884
f 1440/3842/871 1437/3843/883 1438/3844/885
f 1440/3842/871 1439/3845/879 1437/3843/883
f 1441/3846/888 1444/3847/889 1442/3848/890
f 1441/3846/888 1443/3849/891 1444/3847/889
f 1443/3850/891 1441/3851/888 1442/3852/890
f 1443/3850/891 1442/3852/890 1444/3853/889
f 1445/3854/892 1446/3855/893 1448/3856/894
f 1445/3854/892 1447/3857/895 1446/3855/893
f 1447/3858/895 1448/3859/894 1446/3860/893
f 1447/3858/895 1445/3861/892 1448/3859/894
f 1450/3862/896 1449/3863/896 1451/3864/896
f 1449/3865/896 1450/3866/896 1451/3867/896
f 1452/3868/897 1453/3869/897 1454/3870/897
f 1453/3871/897 1452/3872/897 1454/3873/897
f 1455/3874/898 1456/3875/898 1457/3876/898
f 1455/3877/898 1457/3878/898 1456/3879/898
f 1462/3880/899 1458/3881/900 1461/3882/901
f 1462/3880/899 1460/3883/902 1458/3881/900
f 1460/3884/902 1464/3885/903 1458/3886/900
f 1464/3887/903 1461/3888/901 1458/3889/900
f 1460/3890/902 1463/3891/904 1459/3892/905
f 1459/3893/905 1463/3894/904 1465/3895/906
f 1460/3884/902 1459/3896/905 1464/3885/903
f 1459/3893/905 1465/3895/906 1464/3897/903
f 1460/3890/902 1462/3898/899 1463/3891/904
f 1463/3899/904 1461/3900/901 1465/3901/906
f 1464/3887/903 1465/3902/906 1461/3888/901
f 1463/3899/904 1462/3903/899 1461/3900/901
f 1466/3904/907 1467/3905/908 1473/3906/909
f 1466/3904/907 1476/3907/910 1467/3905/908
f 1466/3908/907 1471/3909/911 1469/3910/912
f 1466/3904/907 1468/3911/913 1471/3912/911
f 1476/3913/910 1466/3914/907 1477/3915/914
f 1466/3908/907 1469/3910/912 1477/3916/914
f 1466/3904/907 1473/3906/909 1468/3911/913
f 1473/3917/909 1467/3918/908 1475/3919/915
f 1467/3918/908 1476/3920/910 1470/3921/916
f 1467/3918/908 1470/3921/916 1475/3919/915
f 1471/3909/911 1468/3922/913 1472/3923/917
f 1468/3924/913 1474/3925/918 1472/3926/917
f 1468/3924/913 1473/3927/909 1474/3925/918
f 1471/3909/911 1472/3923/917 1469/3910/912
f 1469/3928/912 1474/3929/918 1475/3930/915
f 1469/3928/912 1472/3931/917 1474/3929/918
f 1469/3928/912 1470/3932/916 1477/3933/914
f 1469/3928/912 1475/3930/915 1470/3932/916
f 1476/3913/910 1477/3915/914 1470/3934/916
f 1473/3917/909 1475/3919/915 1474/3935/918
f 1479/3936/909 1478/3937/908 1481/3938/915
f 1478/3937/908 1482/3939/916 1481/3938/915
f 1489/3940/907 1487/3941/910 1478/3942/908
f 1478/3937/908 1487/3943/910 1482/3939/916
f 1489/3940/907 1478/3942/908 1479/3944/909
f 1479/3936/909 1481/3938/915 1486/3945/918
f 1489/3940/907 1479/3944/909 1483/3946/913
f 1483/3947/913 1479/3948/909 1486/3949/918
f 1489/3950/907 1480/3951/911 1485/3952/912
f 1480/3951/911 1484/3953/917 1485/3952/912
f 1480/3951/911 1483/3954/913 1484/3953/917
f 1489/3940/907 1483/3946/913 1480/3955/911
f 1485/3956/912 1481/3957/915 1482/3958/916
f 1485/3956/912 1486/3959/918 1481/3957/915
f 1487/3960/910 1488/3961/914 1482/3962/916
f 1485/3956/912 1482/3958/916 1488/3963/914
f 1483/3947/913 1486/3949/918 1484/3964/917
f 1485/3956/912 1484/3965/917 1486/3959/918
f 1489/3950/907 1485/3952/912 1488/3966/914
f 1487/3960/910 1489/3967/907 1488/3961/914
f 1490/3968/907 1499/3969/908 1498/3970/909
f 1490/3968/907 1501/3971/910 1499/3969/908
f 1490/3972/907 1491/3973/911 1495/3974/912
f 1490/3968/907 1497/3975/913 1491/3976/911
f 1501/3977/910 1490/3978/907 1496/3979/914
f 1490/3972/907 1495/3974/912 1496/3980/914
f 1490/3968/907 1498/3970/909 1497/3975/913
f 1491/3973/911 1492/3981/917 1495/3974/912
f 1491/3973/911 1497/3982/913 1492/3981/917
f 1497/3983/913 1493/3984/918 1492/3985/917
f 1495/3986/912 1492/3987/917 1493/3988/918
f 1498/3989/909 1494/3990/915 1493/3991/918
f 1495/3986/912 1493/3988/918 1494/3992/915
f 1497/3983/913 1498/3993/909 1493/3984/918
f 1495/3986/912 1494/3992/915 1500/3994/916
f 1498/3989/909 1499/3995/908 1494/3990/915
f 1499/3995/908 1500/3996/916 1494/3990/915
f 1495/3986/912 1500/3994/916 1496/3997/914
f 1501/3977/910 1496/3979/914 1500/3998/916
f 1499/3995/908 1501/3999/910 1500/3996/916
f 1502/4000/907 1504/4001/913 1513/4002/911
f 1502/4000/907 1503/4003/909 1504/4001/913
f 1502/4004/907 1505/4005/912 1511/4006/914
f 1502/4004/907 1513/4007/911 1505/4005/912
f 1502/4000/907 1509/4008/908 1503/4003/909
f 1502/4000/907 1510/4009/910 1509/4008/908
f 1510/4010/910 1502/4011/907 1511/4012/914
f 1503/4013/909 1509/4014/908 1507/4015/915
f 1503/4013/909 1507/4015/915 1506/4016/918
f 1504/4017/913 1503/4018/909 1506/4019/918
f 1513/4007/911 1504/4020/913 1508/4021/917
f 1504/4017/913 1506/4019/918 1508/4022/917
f 1505/4023/912 1506/4024/918 1507/4025/915
f 1505/4023/912 1508/4026/917 1506/4024/918
f 1505/4023/912 1512/4027/916 1511/4028/914
f 1505/4023/912 1507/4025/915 1512/4027/916
f 1513/4007/911 1508/4021/917 1505/4005/912
f 1509/4014/908 1512/4029/916 1507/4015/915
f 1509/4014/908 1510/4030/910 1512/4029/916
f 1510/4010/910 1511/4012/914 1512/4031/916
f 1514/4032/910 1515/4033/907 1525/4034/914
f 1514/4032/910 1525/4034/914 1517/4035/916
f 1515/4036/907 1514/4037/910 1523/4038/908
f 1523/4039/908 1514/4040/910 1517/4041/916
f 1515/4036/907 1523/4038/908 1521/4042/909
f 1515/4043/907 1518/4044/911 1519/4045/912
f 1515/4036/907 1516/4046/913 1518/4047/911
f 1515/4043/907 1519/4045/912 1525/4048/914
f 1515/4036/907 1521/4042/909 1516/4046/913
f 1518/4044/911 1516/4049/913 1520/4050/917
f 1516/4051/913 1522/4052/918 1520/4053/917
f 1516/4051/913 1521/4054/909 1522/4052/918
f 1519/4055/912 1517/4056/916 1525/4057/914
f 1519/4055/912 1524/4058/915 1517/4056/916
f 1523/4039/908 1517/4041/916 1524/4059/915
f 1518/4044/911 1520/4050/917 1519/4045/912
f 1519/4055/912 1522/4060/918 1524/4058/915
f 1519/4055/912 1520/4061/917 1522/4060/918
f 1521/4062/909 1523/4039/908 1524/4059/915
f 1521/4062/909 1524/4059/915 1522/4063/918
f 1527/4064/908 1526/4065/910 1530/4066/916
f 1528/4067/907 1526/4068/910 1527/4069/908
f 1526/4070/910 1528/4071/907 1537/4072/914
f 1526/4070/910 1537/4072/914 1530/4073/916
f 1528/4067/907 1527/4069/908 1536/4074/909
f 1536/4075/909 1527/4064/908 1529/4076/915
f 1527/4064/908 1530/4066/916 1529/4076/915
f 1528/4067/907 1533/4077/913 1532/4078/911
f 1528/4067/907 1536/4074/909 1533/4077/913
f 1528/4079/907 1531/4080/912 1537/4081/914
f 1528/4079/907 1532/4082/911 1531/4080/912
f 1531/4083/912 1534/4084/918 1529/4085/915
f 1536/4075/909 1529/4076/915 1534/4086/918
f 1531/4083/912 1529/4085/915 1530/4087/916
f 1531/4083/912 1530/4087/916 1537/4088/914
f 1531/4083/912 1535/4089/917 1534/4084/918
f 1532/4082/911 1535/4090/917 1531/4080/912
f 1532/4082/911 1533/4091/913 1535/4090/917
f 1533/4092/913 1534/4093/918 1535/4094/917
f 1533/4092/913 1536/4095/909 1534/4093/918
f 1538/4096/907 1546/4097/908 1544/4098/909
f 1538/4096/907 1545/4099/910 1546/4097/908
f 1538/4100/907 1541/4101/911 1543/4102/912
f 1538/4096/907 1542/4103/913 1541/4104/911
f 1545/4105/910 1538/4106/907 1548/4107/914
f 1538/4100/907 1543/4102/912 1548/4108/914
f 1538/4096/907 1544/4098/909 1542/4103/913
f 1542/4109/913 1540/4110/918 1539/4111/917
f 1541/4101/911 1539/4112/917 1543/4102/912
f 1543/4113/912 1539/4114/917 1540/4115/918
f 1541/4101/911 1542/4116/913 1539/4112/917
f 1543/4113/912 1540/4115/918 1547/4117/915
f 1542/4109/913 1544/4118/909 1540/4110/918
f 1544/4119/909 1547/4120/915 1540/4121/918
f 1543/4113/912 1549/4122/916 1548/4123/914
f 1543/4113/912 1547/4117/915 1549/4122/916
f 1544/4119/909 1546/4124/908 1547/4120/915
f 1545/4105/910 1548/4107/914 1549/4125/916
f 1546/4124/908 1545/4126/910 1549/4127/916
f 1546/4124/908 1549/4127/916 1547/4120/915
f 1552/4128/909 1550/4129/908 1554/4130/915
f 1550/4129/908 1561/4131/916 1554/4130/915
f 1551/4132/907 1560/4133/910 1550/4134/908
f 1550/4129/908 1560/4135/910 1561/4131/916
f 1551/4132/907 1550/4134/908 1552/4136/909
f 1551/4132/907 1552/4136/909 1556/4137/913
f 1551/4132/907 1556/4137/913 1555/4138/911
f 1551/4139/907 1557/4140/912 1559/4141/914
f 1551/4139/907 1555/4142/911 1557/4140/912
f 1560/4143/910 1551/4144/907 1559/4145/914
f 1556/4146/913 1552/4147/909 1553/4148/918
f 1552/4128/909 1554/4130/915 1553/4149/918
f 1557/4150/912 1553/4151/918 1554/4152/915
f 1557/4150/912 1558/4153/917 1553/4151/918
f 1556/4146/913 1553/4148/918 1558/4154/917
f 1557/4150/912 1554/4152/915 1561/4155/916
f 1555/4142/911 1556/4156/913 1558/4157/917
f 1555/4142/911 1558/4157/917 1557/4140/912
f 1557/4150/912 1561/4155/916 1559/4158/914
f 1560/4143/910 1559/4145/914 1561/4159/916
f 1563/4160/907 1562/4161/908 1570/4162/909
f 1570/4163/909 1562/4164/908 1566/4165/915
f 1563/4160/907 1572/4166/910 1562/4161/908
f 1562/4164/908 1572/4167/910 1567/4168/916
f 1562/4164/908 1567/4168/916 1566/4165/915
f 1563/4169/907 1564/4170/911 1565/4171/912
f 1563/4160/907 1569/4172/913 1564/4173/911
f 1572/4174/910 1563/4175/907 1573/4176/914
f 1563/4169/907 1565/4171/912 1573/4177/914
f 1563/4160/907 1570/4162/909 1569/4172/913
f 1564/4170/911 1568/4178/917 1565/4171/912
f 1564/4170/911 1569/4179/913 1568/4178/917
f 1565/4180/912 1571/4181/918 1566/4182/915
f 1565/4180/912 1568/4183/917 1571/4181/918
f 1565/4180/912 1567/4184/916 1573/4185/914
f 1565/4180/912 1566/4182/915 1567/4184/916
f 1570/4163/909 1566/4165/915 1571/4186/918
f 1572/4174/910 1573/4176/914 1567/4187/916
f 1569/4188/913 1571/4189/918 1568/4190/917
f 1569/4188/913 1570/4191/909 1571/4189/918
f 1575/4192/909 1574/4193/908 1582/4194/915
f 1574/4193/908 1579/4195/916 1582/4194/915
f 1585/4196/907 1584/4197/910 1574/4198/908
f 1574/4193/908 1584/4199/910 1579/4195/916
f 1585/4196/907 1574/4198/908 1575/4200/909
f 1575/4192/909 1582/4194/915 1578/4201/918
f 1585/4196/907 1575/4200/909 1576/4202/913
f 1576/4203/913 1575/4204/909 1578/4205/918
f 1585/4196/907 1576/4202/913 1580/4206/911
f 1580/4207/911 1576/4208/913 1581/4209/917
f 1576/4203/913 1578/4205/918 1581/4210/917
f 1577/4211/912 1578/4212/918 1582/4213/915
f 1577/4211/912 1581/4214/917 1578/4212/918
f 1585/4215/907 1577/4216/912 1583/4217/914
f 1577/4211/912 1579/4218/916 1583/4219/914
f 1585/4215/907 1580/4207/911 1577/4216/912
f 1577/4211/912 1582/4213/915 1579/4218/916
f 1580/4207/911 1581/4209/917 1577/4216/912
f 1584/4220/910 1583/4221/914 1579/4222/916
f 1584/4220/910 1585/4223/907 1583/4221/914
f 1587/4224/909 1586/4225/908 1592/4226/915
f 1595/4227/907 1586/4228/908 1587/4229/909
f 1595/4227/907 1593/4230/910 1586/4228/908
f 1586/4225/908 1593/4231/910 1594/4232/916
f 1586/4225/908 1594/4232/916 1592/4226/915
f 1587/4224/909 1592/4226/915 1591/4233/918
f 1595/4227/907 1587/4229/909 1590/4234/913
f 1590/4235/913 1587/4236/909 1591/4237/918
f 1589/4238/911 1588/4239/917 1597/4240/912
f 1589/4238/911 1590/4241/913 1588/4239/917
f 1590/4235/913 1591/4237/918 1588/4242/917
f 1597/4243/912 1588/4244/917 1591/4245/918
f 1595/4227/907 1590/4234/913 1589/4246/911
f 1595/4247/907 1589/4238/911 1597/4240/912
f 1597/4243/912 1591/4245/918 1592/4248/915
f 1597/4243/912 1592/4248/915 1594/4249/916
f 1593/4250/910 1596/4251/914 1594/4252/916
f 1593/4250/910 1595/4253/907 1596/4251/914
f 1597/4243/912 1594/4249/916 1596/4254/914
f 1595/4247/907 1597/4240/912 1596/4255/914
f 1598/4256/910 1599/4257/907 1604/4258/914
f 1598/4256/910 1604/4258/914 1603/4259/916
f 1599/4260/907 1598/4261/910 1608/4262/908
f 1608/4263/908 1598/4264/910 1603/4265/916
f 1599/4260/907 1605/4266/913 1609/4267/911
f 1599/4260/907 1606/4268/909 1605/4266/913
f 1599/4269/907 1602/4270/912 1604/4271/914
f 1599/4269/907 1609/4272/911 1602/4270/912
f 1599/4260/907 1608/4262/908 1606/4268/909
f 1609/4272/911 1600/4273/917 1602/4270/912
f 1602/4274/912 1600/4275/917 1607/4276/918
f 1609/4272/911 1605/4277/913 1600/4273/917
f 1605/4278/913 1607/4279/918 1600/4280/917
f 1606/4281/909 1601/4282/915 1607/4283/918
f 1606/4281/909 1608/4263/908 1601/4282/915
f 1608/4263/908 1603/4265/916 1601/4282/915
f 1602/4274/912 1601/4284/915 1603/4285/916
f 1602/4274/912 1607/4276/918 1601/4284/915
f 1602/4274/912 1603/4285/916 1604/4286/914
f 1605/4278/913 1606/4287/909 1607/4279/918
f 1610/4288/919 1613/4289/920 1616/4290/921
f 1610/4288/919 1614/4291/922 1613/4289/920
f 1610/4292/919 1616/4293/921 1611/4294/923
f 1610/4292/919 1611/4294/923 1612/4295/924
f 1614/4296/922 1610/4297/919 1612/4298/924
f 1611/4299/923 1615/4300/925 1612/4301/924
f 1616/4302/921 1617/4303/926 1611/4304/923
f 1611/4299/923 1617/4305/926 1615/4300/925
f 1614/4296/922 1612/4298/924 1615/4306/925
f 1616/4302/921 1613/4307/920 1617/4303/926
f 1613/4308/920 1615/4309/925 1617/4310/926
f 1613/4308/920 1614/4311/922 1615/4309/925
f 1624/4312/927 1619/4313/928 1618/4314/929
f 1624/4315/927 1618/4316/929 1621/4317/930
f 1618/4318/929 1625/4319/931 1621/4320/930
f 1618/4318/929 1619/4321/928 1625/4319/931
f 1619/4322/928 1623/4323/932 1625/4324/931
f 1624/4312/927 1622/4325/933 1619/4313/928
f 1619/4322/928 1622/4326/933 1623/4323/932
f 1622/4327/933 1620/4328/934 1623/4329/932
f 1622/4327/933 1624/4330/927 1620/4328/934
f 1624/4315/927 1621/4317/930 1620/4331/934
f 1621/4332/930 1623/4333/932 1620/4334/934
f 1621/4332/930 1625/4335/931 1623/4333/932
f 1632/277/935 92/4336/935 91/271/935
f 1640/343/936 116/4337/936 1675/306/936
f 1641/2723/937 975/4338/937 1677/2706/937
f 1012/2803/938 1014/4339/938 1004/2767/938
f 1207/3284/939 1204/4340/939 1668/3285/939
f 1669/4341/685 1206/4342/686 1627/4343/940
f 1663/4344/941 1201/4345/941 1680/4346/941
f 1680/4346/942 1224/55/942 1663/4344/942
f 1287/4347/943 1673/4348/943 1270/4349/943
f 1636/17/944 1326/4350/944 1334/18/944
f 1334/18/945 1333/4351/945 1679/19/945
f 1342/4352/946 1338/4353/946 1639/4354/946
f 1323/4355/947 1327/3543/947 1639/3590/947
f 1378/3682/948 1658/3719/948 1380/3685/948
f 97/20/949 106/4356/949 104/21/949
f 1218/23/950 1219/3313/950 1217/24/950
f 84/257/951 1626/256/951 104/4357/951
f 85/251/92 105/269/952 1626/256/94
f 95/278/953 1632/277/953 91/271/953
f 122/344/954 1640/343/954 1675/306/954
f 1219/3313/718 1218/23/955 1207/3314/719
f 1264/4358/956 1270/4359/956 1673/4360/956
f 1279/3431/957 1642/3445/957 1278/4361/957
f 1399/4362/958 1384/4363/958 1664/4364/958
f 986/2724/959 1641/2723/959 1677/2706/959
f 1017/2812/960 1012/2803/960 1004/2767/960
f 1276/3401/961 1659/4365/961 1263/3414/961
f 1631/3428/962 1630/4366/962 1279/3449/962
f 1626/256/963 106/4367/111 98/294/113
f 112/322/964 111/4368/125 109/320/124
f 115/334/965 128/4369/134 124/332/130
f 1674/2717/453 985/2716/452 978/4370/451
f 1666/2779/469 1003/2769/452 997/4371/468
f 1099/2984/532 1098/2995/563 1088/2982/531
f 1092/3013/556 1107/2992/557 1093/2976/528
f 1670/3267/966 1205/4372/966 1627/3265/966
f 1668/3275/967 1213/4373/710 1214/3276/698
f 1219/3313/968 1226/3312/968 1680/4374/968
f 1259/3405/969 1263/3413/969 1659/3403/969
f 1269/3432/970 1279/3431/970 1630/4375/970
f 1283/3443/762 1654/3442/971 1284/4376/769
f 1344/3595/972 1323/3597/819 1334/4377/805
f 1384/4378/973 1403/4379/973 1629/4380/973
f 1667/50/974 1671/52/12 1660/3711/14
f 1667/4381/975 1628/3727/858 1378/3726/852
f 1378/3726/976 1395/4382/976 1667/4381/976
l 113 114
l 1634 119
l 1384 1387
l 1655 1221
l 1273 1274
l 1380 1393
l 1385 1400
l 1386 1401
l 1335 1336
l 998 1001
l 1646 1006
l 1340 1341
l 1285 1673
l 1282 1288
l 973 981
l 1662 983
l 1657 1225
