# Blender 4.5.0
# www.blender.org
mtllib office_002.lod2.mtl
o office_002
v 1.181345 3.252878 -4.081675
v -1.271865 2.884846 -4.081674
v 4.550000 0.013296 -4.272000
v -4.548157 0.553977 0.637819
v 4.550000 -0.000000 4.272000
v -3.212314 13.733338 0.103163
v -0.943443 0.091578 -3.895942
v 4.338623 11.642119 0.519365
v -3.519355 2.751698 -3.847207
v -2.201485 2.751699 -3.836391
v -3.423076 2.686186 -3.929024
v -2.877052 0.629471 -3.937103
v -2.297761 2.686185 -3.926598
v -3.423451 2.740559 -3.956481
v -3.421373 0.626600 -3.927192
v -3.425529 0.626600 -3.985770
v -2.860418 2.740560 -3.956481
v -2.858341 0.626600 -3.927192
v -2.862497 0.626600 -3.985770
v -2.299466 0.626600 -3.985770
v -2.297387 2.740560 -3.956481
v -2.295309 0.626600 -3.927192
v -3.539073 0.556488 -4.082646
v -2.176109 0.587563 -3.860692
v -2.176108 0.595885 -4.090497
v -2.111774 2.751698 -3.847207
v -0.793905 2.751698 -3.836391
v -1.469473 0.629471 -3.937103
v -0.890182 2.686185 -3.926598
v -2.015497 2.686185 -3.929024
v -2.015871 2.740560 -3.956481
v -2.017949 0.626600 -3.985770
v -2.013793 0.626600 -3.927192
v -1.452839 2.740560 -3.956481
v -1.454917 0.626600 -3.985770
v -1.450761 0.626600 -3.927192
v -0.889808 2.740560 -3.956481
v -0.887730 0.626600 -3.927192
v -0.891886 0.626600 -3.985770
v -2.206282 0.591723 -3.975598
v -0.768529 0.587563 -3.860692
v -0.768528 0.595885 -4.090497
v 0.613675 2.751698 -3.836391
v -0.061193 0.163913 -4.047270
v -0.704195 2.751698 -3.847207
v -0.607917 2.686185 -3.929024
v -0.061894 0.629471 -3.937103
v 0.517397 2.686185 -3.926598
v -0.610370 0.626600 -3.985770
v -0.608292 2.740560 -3.956481
v -0.606214 0.626600 -3.927192
v -0.045260 2.740560 -3.956481
v -0.047338 0.626600 -3.985770
v -0.043182 0.626600 -3.927192
v 0.515694 0.626600 -3.985770
v 0.517772 2.740560 -3.956481
v 0.519850 0.626600 -3.927192
v 0.708183 0.591725 -3.975598
v -0.729571 0.587563 -4.090497
v -0.729570 0.595885 -3.860692
v 2.021254 2.751698 -3.836391
v 0.703384 2.751698 -3.847207
v 1.345686 0.629471 -3.937103
v 1.924977 2.686185 -3.926598
v 0.799662 2.686185 -3.929024
v 0.799288 2.740560 -3.956481
v 0.801366 0.626600 -3.927192
v 0.797210 0.626600 -3.985770
v 1.360241 0.626600 -3.985770
v 1.364397 0.626600 -3.927192
v 1.362319 2.740560 -3.956481
v 1.925351 2.740560 -3.956481
v 1.923273 0.626600 -3.985770
v 1.927429 0.626600 -3.927192
v 0.678009 0.595885 -3.860692
v 2.115762 0.591725 -3.975598
v 0.678008 0.587563 -4.090497
v 2.110965 2.751699 -3.847207
v 3.428834 2.751698 -3.836391
v 2.753265 0.629471 -3.937103
v 3.332556 2.686185 -3.926598
v 2.207242 2.686185 -3.929024
v 2.206867 2.740560 -3.956481
v 2.204789 0.626600 -3.985770
v 2.208946 0.626600 -3.927192
v 2.769898 2.740560 -3.956481
v 2.771977 0.626600 -3.927192
v 2.767820 0.626600 -3.985770
v 3.330853 0.626600 -3.985770
v 3.335009 0.626600 -3.927192
v 3.332931 2.740559 -3.956481
v 3.448553 0.626960 -4.082646
v 2.085588 0.587563 -4.090497
v 2.085588 0.595885 -3.860692
v -3.519354 3.565323 -3.836390
v -2.843785 5.696988 -3.937103
v -2.201485 3.565323 -3.847207
v -3.423076 5.658751 -3.929024
v -2.297762 5.658751 -3.926598
v -2.877052 3.602037 -3.937103
v -3.421373 5.699859 -3.985770
v -3.423451 3.585900 -3.956481
v -3.425529 5.699859 -3.927192
v -2.860419 3.585899 -3.956481
v -2.858341 5.699859 -3.985770
v -2.862497 5.699859 -3.927192
v -2.295309 5.699859 -3.985770
v -2.297387 3.585899 -3.956481
v -2.299465 5.699859 -3.927193
v -3.539073 3.529054 -4.082646
v -2.176109 3.560129 -3.860693
v -2.176108 3.568451 -4.090497
v -1.436206 5.696988 -3.937103
v -0.793905 3.565323 -3.847207
v -2.111773 3.565323 -3.836390
v -1.302027 3.273654 -3.935133
v -0.890182 5.658751 -3.926598
v -2.015497 5.658751 -3.929024
v -2.013793 5.699859 -3.985770
v -2.017949 5.699859 -3.927192
v -2.015871 3.585900 -3.956481
v -1.450761 5.699859 -3.985770
v -1.452839 3.585900 -3.956481
v -1.454917 5.699859 -3.927192
v -0.887730 5.699859 -3.985770
v -0.889808 3.585900 -3.956481
v -0.891886 5.699859 -3.927192
v -0.768528 3.568451 -4.090497
v -0.768529 3.560129 -3.860692
v -2.206282 3.564290 -3.975598
v 0.613674 3.565323 -3.847207
v -0.704194 3.565323 -3.836390
v -0.607917 5.658751 -3.929024
v 0.517397 5.658751 -3.926598
v -0.061894 3.602037 -3.937103
v -0.606214 5.699859 -3.985770
v -0.610370 5.699859 -3.927192
v -0.608292 3.585900 -3.956481
v -0.043182 5.699859 -3.985770
v -0.045260 3.585900 -3.956481
v -0.047338 5.699859 -3.927192
v 0.517772 3.585900 -3.956481
v 0.519850 5.699859 -3.985770
v 0.515694 5.699859 -3.927192
v 0.708183 3.564291 -3.975598
v -0.729571 3.560129 -4.090497
v -0.729570 3.568451 -3.860693
v 1.378953 5.696988 -3.937103
v 0.703385 3.565323 -3.836390
v 2.021253 3.565323 -3.847207
v 0.799662 5.658751 -3.929024
v 1.211507 3.273702 -3.935279
v 1.924977 5.658751 -3.926598
v 0.801366 5.699859 -3.985770
v 0.799288 3.585900 -3.956481
v 0.797210 5.699859 -3.927193
v 1.364397 5.699859 -3.985770
v 1.362319 3.585900 -3.956481
v 1.360241 5.699859 -3.927192
v 1.923273 5.699859 -3.927192
v 1.927429 5.699859 -3.985770
v 1.925351 3.585900 -3.956481
v 2.115762 3.564291 -3.975598
v 0.678009 3.568451 -3.860692
v 0.678008 3.560129 -4.090497
v 2.110965 3.565323 -3.836390
v 3.428834 3.565323 -3.847207
v 2.786532 5.696988 -3.937103
v 2.207242 5.658751 -3.929024
v 3.332556 5.658751 -3.926598
v 2.753265 3.602037 -3.937103
v 2.206867 3.585899 -3.956481
v 2.208945 5.699859 -3.985770
v 2.204789 5.699859 -3.927193
v 2.771977 5.699859 -3.985770
v 2.769898 3.585899 -3.956481
v 2.767820 5.699859 -3.927193
v 3.332931 3.585900 -3.956481
v 3.335009 5.699859 -3.985770
v 3.330853 5.699859 -3.927192
v 2.085588 3.560129 -4.090497
v 2.085588 3.568451 -3.860693
v 3.448553 3.599526 -4.082646
v -2.201484 8.696831 -3.836391
v -3.519355 8.696830 -3.847207
v -2.297761 6.603403 -3.929024
v -2.843785 8.669555 -3.937103
v -3.423076 6.603403 -3.926598
v -3.425529 6.571732 -3.985770
v -3.423451 8.685692 -3.956482
v -3.421373 6.571732 -3.927192
v -2.862497 6.571732 -3.985770
v -2.860418 8.685693 -3.956482
v -2.858341 6.571731 -3.927193
v -2.299466 6.571731 -3.985770
v -2.297387 8.685694 -3.956482
v -2.295309 6.571731 -3.927192
v -2.176108 6.541017 -4.090497
v -3.539073 6.501619 -4.082646
v -2.176109 6.532695 -3.860693
v -2.111774 8.696830 -3.847207
v -0.793904 8.696830 -3.836391
v -0.890182 6.603403 -3.929024
v -2.015497 6.603403 -3.926598
v -1.436206 8.669555 -3.937103
v -2.015871 8.685693 -3.956482
v -2.017949 6.571732 -3.985770
v -2.013793 6.571732 -3.927192
v -1.454917 6.571732 -3.985770
v -1.450761 6.571732 -3.927192
v -1.452839 8.685693 -3.956482
v -0.887730 6.571732 -3.927192
v -0.889808 8.685693 -3.956482
v -0.891886 6.571732 -3.985770
v -2.206282 6.536855 -3.975598
v -0.768529 6.532695 -3.860693
v -0.768528 6.541017 -4.090497
v 0.613675 8.696830 -3.836392
v -0.028626 5.696988 -3.937103
v -0.704195 8.696830 -3.847207
v -0.607918 6.603403 -3.926598
v -0.028626 8.669555 -3.937103
v 0.517398 6.603403 -3.929024
v -0.608292 8.685693 -3.956482
v -0.606214 6.571732 -3.927192
v -0.610370 6.571732 -3.985770
v -0.045260 8.685693 -3.956482
v -0.047338 6.571732 -3.985770
v -0.043182 6.571732 -3.927192
v 0.517772 8.685693 -3.956482
v 0.519850 6.571732 -3.927192
v 0.515694 6.571732 -3.985770
v 0.708183 6.536857 -3.975598
v -0.729571 6.532695 -4.090497
v -0.729570 6.541017 -3.860693
v 0.703384 8.696830 -3.847207
v 2.021254 8.696831 -3.836391
v 1.378953 8.669555 -3.937103
v 1.924977 6.603403 -3.929024
v 0.799662 6.603403 -3.926598
v 0.801366 6.571732 -3.927192
v 0.799288 8.685693 -3.956482
v 0.797210 6.571732 -3.985770
v 1.362319 8.685693 -3.956482
v 1.364397 6.571732 -3.927192
v 1.360241 6.571732 -3.985770
v 1.925351 8.685693 -3.956482
v 1.927429 6.571732 -3.927192
v 1.923273 6.571732 -3.985770
v 0.678008 6.532695 -4.090497
v 2.115762 6.536857 -3.975598
v 0.678009 6.541017 -3.860693
v 3.428835 8.696830 -3.836392
v 2.110964 8.696831 -3.847207
v 3.332556 6.603403 -3.929024
v 2.207242 6.603403 -3.926598
v 2.204789 6.571731 -3.985770
v 2.206867 8.685694 -3.956482
v 2.208945 6.571731 -3.927193
v 2.767820 6.571731 -3.985770
v 2.769898 8.685693 -3.956481
v 2.771977 6.571732 -3.927192
v 3.330853 6.571732 -3.985770
v 3.332931 8.685692 -3.956481
v 3.335009 6.571732 -3.927192
v 3.448553 6.572092 -4.082646
v 2.085589 6.541017 -3.860693
v 2.085588 6.532695 -4.090497
v -2.201483 11.669397 -3.836391
v -3.519356 11.669396 -3.847208
v -3.423076 11.603883 -3.929024
v -2.877052 9.547169 -3.937103
v -2.297762 11.603883 -3.926599
v -3.423451 11.658256 -3.956482
v -3.425529 9.544300 -3.985771
v -3.421373 9.544299 -3.927192
v -2.860418 11.658257 -3.956482
v -2.862497 9.544299 -3.985771
v -2.858341 9.544299 -3.927192
v -2.297387 11.658257 -3.956482
v -2.299466 9.544299 -3.985771
v -2.295309 9.544299 -3.927192
v -2.176106 9.513582 -4.090497
v -3.539073 9.474186 -4.082647
v -2.176107 9.505260 -3.860693
v -2.111776 11.669397 -3.847208
v -0.793903 11.669396 -3.836391
v -2.015497 11.603883 -3.929024
v -1.469473 9.547169 -3.937103
v -0.890182 11.603883 -3.926599
v -2.015871 11.658257 -3.956482
v -2.017949 9.544299 -3.985771
v -2.013793 9.544299 -3.927192
v -1.452839 11.658257 -3.956482
v -1.454917 9.544299 -3.985771
v -1.450761 9.544299 -3.927192
v -0.889808 11.658257 -3.956482
v -0.891886 9.544299 -3.985771
v -0.887730 9.544299 -3.927192
v -0.768527 9.513582 -4.090497
v -0.768527 9.505260 -3.860693
v -2.206280 9.509418 -3.975598
v 0.613677 11.669397 -3.836391
v -0.704197 11.669396 -3.847208
v 0.517397 11.603883 -3.926599
v -0.061894 9.547169 -3.937103
v -0.607917 11.603883 -3.929024
v -0.608292 11.658257 -3.956482
v -0.606214 9.544299 -3.927192
v -0.610370 9.544299 -3.985771
v -0.045260 11.658257 -3.956482
v -0.047338 9.544299 -3.985771
v -0.043182 9.544299 -3.927192
v 0.517772 11.658257 -3.956482
v 0.515694 9.544299 -3.985771
v 0.519850 9.544299 -3.927192
v 0.708182 9.509419 -3.975599
v -0.729572 9.513582 -3.860693
v -0.729573 9.505260 -4.090497
v 0.703383 11.669396 -3.847208
v 2.021255 11.669397 -3.836391
v 0.799662 11.603883 -3.929024
v 1.345686 9.547169 -3.937103
v 1.924977 11.603883 -3.926599
v 0.797210 9.544299 -3.985771
v 0.799288 11.658257 -3.956482
v 0.801366 9.544299 -3.927192
v 1.362319 11.658257 -3.956482
v 1.364397 9.544299 -3.927192
v 1.360241 9.544299 -3.985771
v 1.925351 11.658257 -3.956482
v 1.927429 9.544299 -3.927192
v 1.923273 9.544299 -3.985771
v 0.678006 9.505260 -4.090497
v 2.115760 9.509419 -3.975599
v 0.678008 9.513582 -3.860693
v 2.786532 8.669555 -3.937103
v 2.110963 11.669397 -3.847208
v 3.428836 11.669396 -3.836391
v 2.753265 9.547169 -3.937103
v 3.332556 11.603883 -3.926599
v 2.207242 11.603883 -3.929024
v 2.206867 11.658257 -3.956482
v 2.208946 9.544299 -3.927192
v 2.204789 9.544299 -3.985771
v 2.771977 9.544299 -3.927192
v 2.769898 11.658257 -3.956481
v 2.767820 9.544299 -3.985771
v 3.335009 9.544299 -3.927192
v 3.330853 9.544299 -3.985771
v 3.332931 11.658256 -3.956481
v 2.085586 9.505260 -4.090497
v 3.448553 9.474332 -4.082695
v 2.085587 9.513582 -3.860693
v -4.267998 3.003361 -3.968473
v 4.191505 3.059484 -3.989933
v 4.191505 3.049930 -3.808349
v -4.267998 6.078619 -3.829809
v 4.191505 6.032052 -3.989933
v 4.191505 6.022498 -3.808349
v 4.177478 9.051187 -3.968473
v -4.282025 8.995065 -3.989933
v -4.282025 9.004619 -3.808349
v 4.191505 11.977180 -3.989933
v -4.267998 11.921059 -3.968473
v 4.191505 11.967627 -3.808349
v -4.388370 0.629471 2.691691
v -4.282225 2.752635 2.049499
v -4.293986 2.752635 3.302261
v -4.379932 2.686362 3.210624
v -4.377255 2.686362 2.141136
v -4.439500 0.626857 3.212941
v -4.408757 2.740560 3.211057
v -4.378013 0.626857 3.209172
v -4.408757 2.740561 2.675880
v -4.439500 0.626856 2.677765
v -4.378013 0.626856 2.673995
v -4.439500 0.626856 2.142589
v -4.408756 2.740561 2.140704
v -4.378013 0.626856 2.138820
v -4.428862 0.591724 1.958031
v -4.550000 0.587551 3.326337
v -4.307728 0.595898 3.326338
v -4.293986 2.752635 1.964321
v -4.282225 2.752635 0.711559
v -4.388370 0.629471 1.353750
v -4.377255 2.686361 0.803196
v -4.379932 2.686362 1.872684
v -4.408756 2.740560 1.873116
v -4.439500 0.626856 1.875000
v -4.378013 0.626857 1.871232
v -4.439500 0.626856 1.339824
v -4.378013 0.626857 1.336056
v -4.408756 2.740560 1.337940
v -4.408756 2.740560 0.802764
v -4.378013 0.626857 0.800880
v -4.439500 0.626856 0.804648
v -4.550000 0.595897 0.687484
v -4.428861 0.591725 2.055788
v -4.307728 0.587551 0.687483
v -4.282225 2.752635 -0.626381
v -4.293986 2.752635 0.626380
v -4.379932 2.686361 0.534744
v -4.388370 0.629471 0.015810
v -4.377255 2.686361 -0.534745
v -4.408756 2.740560 0.535176
v -4.378013 0.626857 0.533291
v -4.439500 0.626856 0.537060
v -4.408756 2.740560 -0.000000
v -4.439500 0.626856 0.001884
v -4.378013 0.626856 -0.001885
v -4.408756 2.740560 -0.535177
v -4.439500 0.626856 -0.533292
v -4.378013 0.626856 -0.537061
v -4.550000 0.587551 0.650456
v -4.428861 0.591723 -0.717850
v -4.307728 0.595897 0.650457
v -4.282225 2.752635 -1.964322
v -4.293986 2.752635 -0.711560
v -4.388370 0.629471 -1.322130
v -4.379931 2.686361 -0.803197
v -4.377255 2.686361 -1.872685
v -4.408756 2.740560 -0.802765
v -4.378013 0.626856 -0.804649
v -4.439500 0.626856 -0.800880
v -4.439500 0.626856 -1.336056
v -4.408756 2.740560 -1.337941
v -4.378013 0.626856 -1.339825
v -4.408756 2.740560 -1.873117
v -4.378013 0.626856 -1.875001
v -4.439500 0.626856 -1.871232
v -4.550000 0.587551 -0.687484
v -4.428861 0.591723 -2.055789
v -4.307728 0.595897 -0.687483
v -4.293986 2.752634 -2.049500
v -4.388370 0.629471 -2.660070
v -4.282225 2.752635 -3.302262
v -4.379932 2.686361 -2.141137
v -4.377255 2.686361 -3.210625
v -4.378013 0.626856 -2.142590
v -4.408756 2.740561 -2.140705
v -4.439500 0.626856 -2.138820
v -4.408756 2.740560 -2.675881
v -4.439500 0.626856 -2.673996
v -4.378013 0.626856 -2.677765
v -4.439500 0.626856 -3.209173
v -4.408756 2.740560 -3.211058
v -4.378013 0.626856 -3.212942
v -4.550000 0.595897 -3.326337
v -4.428861 0.591725 -1.958032
v -4.307728 0.587551 -3.326338
v -4.388370 5.696989 2.660069
v -4.282225 3.564387 3.302260
v -4.293987 3.564387 2.049500
v -4.377255 5.658927 2.141136
v -4.388370 3.602037 2.691690
v -4.379932 5.658928 3.210624
v -4.408756 3.585900 3.211057
v -4.378013 5.699603 3.212941
v -4.439499 5.699604 3.209172
v -4.408756 3.585899 2.675880
v -4.439499 5.699604 2.673995
v -4.378013 5.699603 2.677764
v -4.408756 3.585899 2.140704
v -4.378013 5.699604 2.142589
v -4.439499 5.699604 2.138819
v -4.356823 3.570569 3.277953
v -4.550000 3.568464 2.025424
v -4.307728 3.560117 2.025423
v -4.388370 5.696989 1.322129
v -4.282224 3.564387 1.964320
v -4.293987 3.564387 0.711560
v -4.379932 5.658927 1.872684
v -4.377255 5.658927 0.803196
v -4.388370 3.602037 1.353750
v -4.439499 5.699604 1.871231
v -4.378013 5.699603 1.875000
v -4.408756 3.585899 1.873116
v -4.439499 5.699603 1.336055
v -4.408756 3.585899 1.337940
v -4.378013 5.699603 1.339824
v -4.439499 5.699604 0.800879
v -4.378013 5.699603 0.804648
v -4.408756 3.585899 0.802764
v -4.428861 3.564292 2.055788
v -4.307728 3.560117 0.687482
v -4.550000 3.568463 0.687483
v -4.293987 3.564387 -0.626380
v -4.282224 3.564387 0.626379
v -4.379932 5.658927 0.534743
v -4.377255 5.658927 -0.534745
v -4.388370 3.602037 0.015810
v -4.378013 5.699603 0.537060
v -4.408756 3.585899 0.535176
v -4.439499 5.699604 0.533291
v -4.439499 5.699604 -0.001885
v -4.408756 3.585899 -0.000001
v -4.378013 5.699603 0.001884
v -4.408756 3.585899 -0.535177
v -4.439499 5.699603 -0.537061
v -4.378013 5.699603 -0.533292
v -4.307728 3.568463 0.650457
v -4.428862 3.564290 -0.717850
v -4.550000 3.560117 0.650456
v -4.388370 5.696989 -1.353751
v -4.282224 3.564387 -0.711561
v -4.293987 3.564387 -1.964321
v -4.379932 5.658927 -0.803197
v -4.388370 3.602037 -1.322130
v -4.377255 5.658927 -1.872685
v -4.439499 5.699604 -0.804649
v -4.408756 3.585899 -0.802765
v -4.378013 5.699603 -0.800880
v -4.439499 5.699603 -1.339825
v -4.378013 5.699603 -1.336057
v -4.408756 3.585899 -1.337941
v -4.439499 5.699604 -1.875001
v -4.378013 5.699603 -1.871233
v -4.408756 3.585899 -1.873117
v -4.428861 3.564289 -2.055789
v -4.550000 3.560117 -0.687484
v -4.307728 3.568463 -0.687484
v -4.293987 3.564387 -3.302261
v -4.388370 5.696989 -2.691692
v -4.282224 3.564387 -2.049501
v -4.379931 5.658927 -2.141137
v -4.388370 3.602037 -2.660071
v -4.377255 5.658927 -3.210625
v -4.439499 5.699604 -2.142590
v -4.408756 3.585898 -2.140705
v -4.378013 5.699604 -2.138821
v -4.439499 5.699603 -2.677766
v -4.408757 3.585898 -2.675881
v -4.378013 5.699604 -2.673996
v -4.408757 3.585899 -3.211058
v -4.378013 5.699603 -3.209173
v -4.439499 5.699603 -3.212942
v -4.356823 3.570568 -3.277954
v -4.550000 3.560117 -2.025425
v -4.307728 3.568463 -2.025424
v -4.293986 8.697766 3.302261
v -4.282225 8.697766 2.049498
v -4.377255 6.603228 3.210624
v -4.388370 8.669555 2.660069
v -4.379932 6.603228 2.141135
v -4.439499 8.672170 3.209172
v -4.408756 6.558466 3.211056
v -4.378013 8.672169 3.212941
v -4.439499 6.571988 2.677764
v -4.408757 8.685694 2.675879
v -4.378013 6.571988 2.673995
v -4.439499 6.571988 2.142588
v -4.408756 8.685694 2.140704
v -4.378013 6.571988 2.138819
v -4.428861 6.536855 1.958031
v -4.307729 6.541030 3.326337
v -4.550000 6.532684 3.326336
v -4.282225 8.697766 0.711558
v -4.293986 8.697766 1.964321
v -4.388370 8.669555 1.322129
v -4.377255 6.603228 1.872684
v -4.379932 6.603228 0.803195
v -4.408756 8.685693 1.873116
v -4.439499 6.571988 1.875000
v -4.378013 6.571989 1.871231
v -4.408756 8.685693 1.337940
v -4.378013 6.571989 1.336055
v -4.439499 6.571989 1.339824
v -4.439499 6.571988 0.804648
v -4.378013 6.571989 0.800879
v -4.408756 8.685693 0.802763
v -4.428862 6.536857 2.055788
v -4.307728 6.532683 0.687482
v -4.550000 6.541029 0.687483
v -4.293986 8.697766 0.626380
v -4.282225 8.697766 -0.626382
v -4.388370 5.696989 -0.015811
v -4.388370 8.669555 -0.015811
v -4.379932 6.603228 -0.534745
v -4.377255 6.603228 0.534744
v -4.408756 8.685693 0.535175
v -4.439499 6.571989 0.537060
v -4.378013 6.571989 0.533291
v -4.378013 6.571989 -0.001885
v -4.408756 8.685693 -0.000001
v -4.439499 6.571988 0.001884
v -4.408756 8.685693 -0.535177
v -4.439499 6.571988 -0.533293
v -4.378013 6.571989 -0.537061
v -4.550000 6.541029 -0.650457
v -4.428861 6.536857 0.717849
v -4.307729 6.532683 -0.650458
v -4.293986 8.697766 -0.711560
v -4.282225 8.697766 -1.964323
v -4.388370 8.669555 -1.353752
v -4.377255 6.603228 -0.803197
v -4.379932 6.603228 -1.872685
v -4.408756 8.685693 -0.802765
v -4.378013 6.571989 -0.804649
v -4.439499 6.571988 -0.800881
v -4.408756 8.685693 -1.337941
v -4.378013 6.571989 -1.339825
v -4.439499 6.571988 -1.336057
v -4.408756 8.685693 -1.873117
v -4.439499 6.571988 -1.871233
v -4.378013 6.571989 -1.875002
v -4.428861 6.536855 -2.055789
v -4.550000 6.532683 -0.687485
v -4.307728 6.541029 -0.687484
v -4.293986 8.697766 -2.049500
v -4.282225 8.697766 -3.302263
v -4.379931 6.603227 -3.210626
v -4.377255 6.603227 -2.141137
v -4.408756 8.685694 -2.140705
v -4.439500 6.571988 -2.138821
v -4.378013 6.571988 -2.142590
v -4.439499 6.571988 -2.673996
v -4.408756 8.685694 -2.675881
v -4.378013 6.571989 -2.677766
v -4.408756 8.685693 -3.211058
v -4.439499 6.571987 -3.209173
v -4.378013 6.571988 -3.212942
v -4.428862 6.536857 -1.958032
v -4.550000 6.541029 -3.326338
v -4.307729 6.532682 -3.326339
v -4.282225 11.670333 2.049497
v -4.293986 11.670333 3.302262
v -4.388370 9.547169 2.691690
v -4.379932 11.604059 3.210624
v -4.377255 11.604059 2.141135
v -4.408757 11.658257 3.211056
v -4.378012 9.544556 3.209172
v -4.439500 9.544556 3.212941
v -4.439500 9.544555 2.677764
v -4.408757 11.658257 2.675879
v -4.378012 9.544555 2.673995
v -4.408756 11.658257 2.140703
v -4.439500 9.544555 2.142588
v -4.378012 9.544555 2.138819
v -4.356823 9.515699 3.277953
v -4.550000 9.513595 2.025422
v -4.307729 9.505247 2.025421
v -4.282225 11.670333 0.711556
v -4.293987 11.670333 1.964322
v -4.379932 11.604059 1.872683
v -4.388370 9.547169 1.353750
v -4.377255 11.604059 0.803195
v -4.439500 9.544555 1.875000
v -4.378012 9.544556 1.871231
v -4.408756 11.658257 1.873116
v -4.439500 9.544555 1.339824
v -4.378012 9.544556 1.336055
v -4.408756 11.658257 1.337939
v -4.439500 9.544555 0.804648
v -4.408756 11.658257 0.802763
v -4.378012 9.544556 0.800879
v -4.550000 9.513595 0.687482
v -4.428861 9.509419 2.055785
v -4.307729 9.505247 0.687480
v -4.293987 11.670333 0.626381
v -4.282225 11.670333 -0.626384
v -4.377255 11.604059 -0.534745
v -4.379932 11.604059 0.534743
v -4.388370 9.547169 0.015809
v -4.439500 9.544555 0.537060
v -4.378012 9.544556 0.533291
v -4.408756 11.658257 0.535175
v -4.408756 11.658257 -0.000001
v -4.439500 9.544555 0.001883
v -4.378012 9.544556 -0.001885
v -4.439500 9.544555 -0.533293
v -4.378012 9.544556 -0.537062
v -4.408756 11.658257 -0.535177
v -4.428862 9.509418 -0.717848
v -4.550000 9.505248 0.650457
v -4.307729 9.513595 0.650458
v -4.282225 11.670333 -1.964324
v -4.293987 11.670333 -0.711559
v -4.388370 9.547169 -1.322131
v -4.377255 11.604059 -1.872685
v -4.379932 11.604059 -0.803197
v -4.408756 11.658257 -0.802765
v -4.378012 9.544556 -0.804650
v -4.439500 9.544555 -0.800881
v -4.439500 9.544555 -1.336057
v -4.408756 11.658257 -1.337941
v -4.378012 9.544556 -1.339826
v -4.439500 9.544555 -1.871233
v -4.378012 9.544556 -1.875002
v -4.408756 11.658257 -1.873117
v -4.550000 9.505248 -0.687483
v -4.428862 9.509418 -2.055787
v -4.307729 9.513595 -0.687483
v -4.293987 11.670333 -2.049499
v -4.388370 8.669555 -2.691692
v -4.282225 11.670333 -3.302264
v -4.379932 11.604059 -2.141138
v -4.388370 9.547169 -2.660071
v -4.377255 11.604059 -3.210626
v -4.408756 11.658257 -2.140706
v -4.439500 9.544555 -2.138821
v -4.378012 9.544555 -2.142590
v -4.439500 9.544555 -2.673997
v -4.408756 11.658257 -2.675881
v -4.378012 9.544556 -2.677766
v -4.408756 11.658257 -3.211058
v -4.439500 9.544555 -3.209174
v -4.378012 9.544556 -3.212943
v -4.356823 9.515699 -3.277955
v -4.307729 9.513595 -2.025423
v -4.550000 9.505248 -2.025424
v -4.421373 3.106053 -4.013822
v -4.252755 3.059481 4.027143
v -4.444108 3.049934 4.027143
v -4.444108 6.032048 -4.027144
v -4.275489 6.078620 4.013820
v -4.252755 6.022501 -4.027144
v -4.444108 9.004615 -4.027144
v -4.275489 9.051187 4.013820
v -4.252755 8.995069 -4.027144
v -4.421373 11.921059 4.013820
v -4.252755 11.967630 -4.027145
v -4.444108 11.977176 -4.027145
v 3.428834 2.751698 3.847206
v 2.786532 0.629471 3.937102
v 2.110965 2.751699 3.836390
v 2.207242 2.686186 3.926597
v 3.332556 2.686186 3.929023
v 3.332931 2.740559 3.956480
v 3.330853 0.626600 3.927191
v 3.335009 0.626601 3.985770
v 2.769898 2.740560 3.956480
v 2.767820 0.626600 3.927192
v 2.771977 0.626601 3.985770
v 2.208946 0.626600 3.985770
v 2.206867 2.740561 3.956480
v 2.204789 0.626600 3.927191
v 3.448553 0.556488 4.082645
v 2.085589 0.587564 3.860692
v 2.085588 0.595886 4.090497
v 2.021254 2.751699 3.847206
v 0.703385 2.751699 3.836390
v 1.378953 0.629471 3.937102
v 1.924977 2.686186 3.929023
v 0.799662 2.686186 3.926597
v 1.925351 2.740560 3.956480
v 1.923273 0.626601 3.927191
v 1.927429 0.626601 3.985770
v 1.362319 2.740560 3.956480
v 1.360241 0.626601 3.927191
v 1.364397 0.626601 3.985770
v 0.801366 0.626601 3.985770
v 0.797210 0.626601 3.927191
v 0.799288 2.740560 3.956480
v 0.678008 0.595886 4.090497
v 2.115762 0.591724 3.975597
v 0.678009 0.587564 3.860692
v -0.439902 0.355806 3.842872
v 0.613675 2.751699 3.847206
v -0.704195 2.751699 3.836390
v -0.028626 0.629471 3.937102
v 0.517397 2.686186 3.929023
v -0.607917 2.686186 3.926597
v 0.517772 2.740560 3.956480
v 0.515694 0.626601 3.927191
v 0.519850 0.626601 3.985770
v -0.045260 2.740560 3.956480
v -0.043182 0.626601 3.985770
v -0.047338 0.626601 3.927191
v -0.608292 2.740560 3.956480
v -0.606214 0.626601 3.985770
v -0.610370 0.626601 3.927191
v 0.639051 0.587563 4.090497
v -0.798703 0.591725 3.975597
v 0.639050 0.595885 3.860692
v -0.793904 2.751699 3.847206
v -2.111774 2.751699 3.836390
v -0.890182 2.686186 3.929023
v -2.015497 2.686186 3.926597
v -1.436206 0.629471 3.937102
v -0.889808 2.740560 3.956480
v -0.887730 0.626601 3.985770
v -0.891886 0.626600 3.927191
v -1.450761 0.626601 3.985770
v -1.452839 2.740560 3.956480
v -1.454917 0.626601 3.927191
v -2.013793 0.626601 3.985770
v -2.015871 2.740560 3.956480
v -2.017949 0.626601 3.927191
v -0.768528 0.587563 4.090497
v -0.768529 0.595885 3.860692
v -2.206282 0.591725 3.975597
v -2.843785 0.629471 3.937102
v -3.519355 2.751698 3.836390
v -2.201485 2.751699 3.847206
v -3.423076 2.686186 3.926597
v -2.297762 2.686186 3.929023
v -2.297387 2.740561 3.956480
v -2.299465 0.626600 3.927191
v -2.295309 0.626600 3.985770
v -2.860419 2.740560 3.956480
v -2.858341 0.626600 3.985770
v -2.862497 0.626601 3.927191
v -3.423451 2.740559 3.956480
v -3.421373 0.626601 3.985770
v -3.425529 0.626601 3.927191
v -2.176108 0.587563 4.090497
v -3.539073 0.626961 4.082645
v -2.176109 0.595885 3.860692
v 2.753265 5.696989 3.937102
v 2.110965 3.565323 3.847206
v 3.428833 3.565324 3.836389
v 2.786532 3.602037 3.937102
v 3.332556 5.658752 3.929023
v 2.207242 5.658752 3.926597
v 3.330853 5.699860 3.985769
v 3.332931 3.585900 3.956480
v 3.335009 5.699860 3.927191
v 2.767820 5.699860 3.985769
v 2.769898 3.585900 3.956480
v 2.771977 5.699860 3.927191
v 2.206867 3.585899 3.956480
v 2.208945 5.699860 3.927191
v 2.204789 5.699860 3.985769
v 3.448553 3.529054 4.082645
v 2.085588 3.568452 4.090496
v 2.085588 3.560130 3.860692
v 1.345686 5.696989 3.937102
v 2.021253 3.565323 3.836389
v 0.703385 3.565323 3.847206
v 1.924977 5.658752 3.929023
v 1.378953 3.602037 3.937102
v 0.799662 5.658752 3.926597
v 1.923273 5.699860 3.985769
v 1.927429 5.699860 3.927191
v 1.925351 3.585900 3.956480
v 1.362319 3.585900 3.956480
v 1.364397 5.699860 3.927191
v 1.360241 5.699860 3.985769
v 0.797210 5.699860 3.985769
v 0.799288 3.585900 3.956480
v 0.801366 5.699860 3.927191
v 2.115762 3.564290 3.975597
v 0.678009 3.560130 3.860691
v 0.678008 3.568452 4.090496
v 0.613674 3.565323 3.836389
v -0.061894 5.696989 3.937102
v -0.704194 3.565323 3.847206
v -0.028626 3.602037 3.937102
v 0.517397 5.658752 3.929023
v -0.607917 5.658752 3.926597
v 0.517772 3.585900 3.956480
v 0.519850 5.699860 3.927191
v 0.515694 5.699860 3.985769
v -0.045260 3.585900 3.956480
v -0.043182 5.699860 3.927191
v -0.047338 5.699860 3.985769
v -0.610370 5.699860 3.985769
v -0.608292 3.585900 3.956480
v -0.606214 5.699860 3.927191
v 0.639051 3.560129 4.090496
v 0.639050 3.568451 3.860691
v -0.798703 3.564291 3.975597
v -1.469473 5.696989 3.937102
v -2.111773 3.565323 3.847206
v -0.793905 3.565323 3.836389
v -0.890182 5.658752 3.929023
v -2.015497 5.658752 3.926597
v -1.436206 3.602037 3.937102
v -0.891886 5.699860 3.985769
v -0.889808 3.585900 3.956480
v -0.887730 5.699860 3.927191
v -1.454917 5.699860 3.985769
v -1.452839 3.585900 3.956480
v -1.450761 5.699860 3.927191
v -2.015871 3.585900 3.956480
v -2.013793 5.699860 3.927191
v -2.017949 5.699860 3.985769
v -2.206282 3.564291 3.975597
v -0.768528 3.560129 4.090496
v -0.768529 3.568451 3.860691
v -3.519354 3.565324 3.847206
v -2.877052 5.696989 3.937102
v -2.201486 3.565323 3.836389
v -2.297762 5.658752 3.929023
v -2.843785 3.602037 3.937102
v -3.423076 5.658752 3.926597
v -2.299466 5.699860 3.985769
v -2.295309 5.699860 3.927191
v -2.297387 3.585899 3.956480
v -2.858341 5.699860 3.927191
v -2.860418 3.585900 3.956481
v -2.862497 5.699860 3.985769
v -3.425529 5.699860 3.985769
v -3.423451 3.585900 3.956481
v -3.421373 5.699860 3.927191
v -2.176108 3.560129 4.090496
v -2.176109 3.568451 3.860692
v -3.539073 3.599526 4.082645
v 3.428835 8.696830 3.847205
v 2.110964 8.696831 3.836390
v 2.753265 8.669555 3.937101
v 3.332556 6.603404 3.926597
v 2.207242 6.603404 3.929023
v 3.330853 8.672425 3.985770
v 3.335009 8.672425 3.927191
v 3.332931 6.558466 3.956480
v 2.769898 8.685693 3.956480
v 2.771977 6.571733 3.985769
v 2.767820 6.571733 3.927191
v 2.204789 8.672425 3.985769
v 2.206867 6.558465 3.956480
v 2.208946 8.672426 3.927191
v 3.448553 6.501620 4.082645
v 2.085589 6.532696 3.860691
v 2.085588 6.541018 4.090496
v 2.021254 8.696830 3.847205
v 0.703384 8.696830 3.836390
v 0.799662 6.603404 3.929023
v 1.924977 6.603404 3.926597
v 1.923273 8.672425 3.985770
v 1.927429 8.672425 3.927191
v 1.925351 6.558466 3.956480
v 1.362319 8.685693 3.956479
v 1.364397 6.571733 3.985769
v 1.360241 6.571733 3.927191
v 0.797210 8.672425 3.985769
v 0.799288 6.558466 3.956480
v 0.801366 8.672425 3.927191
v 0.678008 6.541018 4.090496
v 2.115762 6.536856 3.975597
v 0.678009 6.532696 3.860691
v 0.613675 8.696830 3.847205
v -0.704195 8.696830 3.836390
v 0.517398 6.603404 3.926597
v -0.061894 8.669555 3.937101
v -0.607918 6.603404 3.929023
v 0.515694 8.672425 3.985770
v 0.517772 6.558466 3.956480
v 0.519850 8.672425 3.927191
v -0.045260 8.685693 3.956480
v -0.047338 6.571733 3.927191
v -0.043182 6.571733 3.985769
v -0.608292 6.558466 3.956480
v -0.610370 8.672425 3.985770
v -0.606214 8.672425 3.927191
v 0.639051 6.532696 4.090496
v 0.639050 6.541018 3.860691
v -0.798703 6.536858 3.975597
v -0.793904 8.696830 3.847205
v -2.111774 8.696831 3.836390
v -1.469473 8.669555 3.937101
v -0.890182 6.603404 3.926597
v -2.015497 6.603404 3.929023
v -0.891886 8.672425 3.985769
v -0.889808 6.558466 3.956480
v -0.887730 8.672425 3.927191
v -1.452839 8.685693 3.956480
v -1.454917 6.571733 3.927191
v -1.450761 6.571733 3.985769
v -2.017949 8.672425 3.985770
v -2.013793 8.672425 3.927191
v -2.015871 6.558466 3.956480
v -0.768528 6.532696 4.090496
v -0.768529 6.541018 3.860691
v -2.206282 6.536858 3.975597
v -3.519355 8.696830 3.836390
v -2.201484 8.696831 3.847205
v -3.423076 6.603404 3.929023
v -2.877052 8.669555 3.937101
v -2.297761 6.603404 3.926597
v -2.299466 8.672426 3.985769
v -2.297387 6.558465 3.956480
v -2.295309 8.672426 3.927191
v -2.860419 8.685693 3.956479
v -2.858341 6.571733 3.985769
v -2.862497 6.571733 3.927191
v -3.421373 6.571733 3.985769
v -3.423451 8.685692 3.956479
v -3.425529 6.571733 3.927191
v -2.176108 6.532696 4.090496
v -3.539073 6.572093 4.082645
v -2.176109 6.541018 3.860691
v 3.428836 11.669396 3.847205
v 2.110963 11.669397 3.836389
v 2.207242 11.603883 3.926596
v 3.332556 11.603883 3.929022
v 2.786532 9.547169 3.937101
v 3.330853 11.644990 3.985769
v 3.335009 11.644990 3.927190
v 3.332931 9.531033 3.956480
v 2.771977 11.644990 3.927190
v 2.769898 9.531033 3.956480
v 2.767820 11.644991 3.985769
v 2.204789 11.644991 3.985769
v 2.206867 9.531032 3.956480
v 2.208946 11.644991 3.927190
v 3.448553 9.474186 4.082644
v 2.085587 9.505260 3.860692
v 2.085586 9.513582 4.090495
v 1.345686 8.669555 3.937101
v 2.021255 11.669397 3.847205
v 0.703383 11.669396 3.836389
v 1.378953 9.547169 3.937101
v 1.924977 11.603883 3.929022
v 0.799662 11.603883 3.926596
v 1.925351 9.531033 3.956480
v 1.923273 11.644990 3.985769
v 1.927429 11.644990 3.927190
v 1.360241 11.644990 3.985769
v 1.364397 11.644990 3.927190
v 1.362319 9.531033 3.956480
v 0.797210 11.644990 3.985769
v 0.799288 9.531033 3.956480
v 0.801366 11.644991 3.927190
v 2.115760 9.509418 3.975596
v 0.678007 9.513582 4.090495
v 0.678007 9.505260 3.860692
v 0.613677 11.669396 3.847205
v -0.704197 11.669396 3.836389
v -0.607917 11.603883 3.926596
v -0.028626 9.547169 3.937101
v 0.517397 11.603883 3.929022
v 0.517772 9.531033 3.956480
v 0.515694 11.644990 3.985769
v 0.519850 11.644990 3.927190
v -0.047338 11.644990 3.985769
v -0.045260 9.531033 3.956480
v -0.043182 11.644990 3.927190
v -0.606214 11.644990 3.927190
v -0.608292 9.531033 3.956480
v -0.610370 11.644990 3.985769
v 0.639053 9.505260 4.090495
v 0.639052 9.513582 3.860691
v -0.798701 9.509419 3.975597
v -2.111776 11.669397 3.836389
v -0.793903 11.669396 3.847205
v -0.890182 11.603883 3.929022
v -1.436206 9.547169 3.937101
v -2.015497 11.603883 3.926596
v -0.887730 11.644991 3.927190
v -0.889808 9.531033 3.956480
v -0.891886 11.644990 3.985769
v -1.452839 9.531033 3.956480
v -1.454918 11.644990 3.985769
v -1.450761 11.644990 3.927190
v -2.015871 9.531033 3.956480
v -2.013793 11.644991 3.927190
v -2.017949 11.644990 3.985769
v -2.206280 9.509419 3.975597
v -0.768526 9.505260 4.090495
v -0.768528 9.513582 3.860691
v -2.201483 11.669397 3.847205
v -3.519356 11.669396 3.836389
v -3.423076 11.603883 3.926596
v -2.297761 11.603883 3.929022
v -2.843785 9.547169 3.937101
v -2.295309 11.644991 3.927190
v -2.299466 11.644991 3.985769
v -2.297387 9.531032 3.956480
v -2.862497 11.644990 3.985769
v -2.860418 9.531033 3.956480
v -2.858340 11.644991 3.927190
v -3.425529 11.644990 3.985769
v -3.423451 9.531033 3.956480
v -3.421373 11.644991 3.927190
v -3.539073 9.474332 4.082693
v -2.176106 9.505260 4.090495
v -2.176107 9.513582 3.860691
v 4.191505 3.049931 3.989932
v -4.267998 3.106053 3.968472
v 4.191505 3.059485 3.808348
v -4.282025 6.022499 3.808348
v 4.177478 6.078620 3.829808
v -4.282025 6.032053 3.989932
v -4.267998 9.051187 3.968471
v 4.191505 9.004619 3.808347
v 4.191505 8.995065 3.989932
v 4.177478 11.921059 3.968471
v -4.282025 11.967627 3.808347
v -4.282025 11.977180 3.989931
v 4.203466 2.752635 -3.302262
v 4.191705 2.752634 -2.049500
v 4.297850 0.629471 -2.691691
v 4.286736 2.686361 -2.141137
v 4.289412 2.686361 -3.210625
v 4.318237 2.740560 -3.211058
v 4.287493 0.626856 -3.209173
v 4.348979 0.626856 -3.212942
v 4.348980 0.626856 -2.677765
v 4.318237 2.740560 -2.675881
v 4.287493 0.626856 -2.673996
v 4.318236 2.740561 -2.140705
v 4.348980 0.626856 -2.142589
v 4.287493 0.626856 -2.138820
v 4.338342 0.591723 -1.958032
v 4.459480 0.587551 -3.326337
v 4.217208 0.595897 -3.326338
v 4.203466 2.752635 -1.964322
v 4.191705 2.752635 -0.711560
v 4.289412 2.686361 -1.872685
v 4.297850 0.629471 -1.353751
v 4.286736 2.686361 -0.803197
v 4.318236 2.740560 -1.873117
v 4.287493 0.626856 -1.871232
v 4.348980 0.626856 -1.875001
v 4.318236 2.740560 -1.337941
v 4.348980 0.626856 -1.339825
v 4.287493 0.626856 -1.336056
v 4.318236 2.740560 -0.802765
v 4.287493 0.626856 -0.800880
v 4.348980 0.626856 -0.804649
v 4.459480 0.595897 -0.687484
v 4.338341 0.591725 -2.055789
v 4.217208 0.587551 -0.687483
v 4.203466 2.752635 -0.626381
v 4.191705 2.752635 0.626380
v 4.297850 0.629471 -0.015811
v 4.286736 2.686361 0.534744
v 4.289412 2.686361 -0.534745
v 4.318236 2.740560 -0.535177
v 4.348980 0.626856 -0.537061
v 4.287493 0.626856 -0.533292
v 4.318236 2.740560 -0.000001
v 4.287493 0.626856 0.001884
v 4.348980 0.626856 -0.001885
v 4.318236 2.740560 0.535176
v 4.287493 0.626857 0.537060
v 4.348980 0.626856 0.533292
v 4.338341 0.591724 0.717849
v 4.459480 0.587551 -0.650457
v 4.217208 0.595897 -0.650458
v 4.203466 2.752635 0.711559
v 4.191705 2.752635 1.964321
v 4.297850 0.629471 1.322130
v 4.289412 2.686361 0.803196
v 4.286736 2.686362 1.872684
v 4.348980 0.626856 0.800880
v 4.287493 0.626857 0.804648
v 4.318236 2.740560 0.802764
v 4.348980 0.626856 1.336056
v 4.287493 0.626857 1.339824
v 4.318236 2.740560 1.337940
v 4.318236 2.740560 1.873116
v 4.287493 0.626857 1.875001
v 4.348980 0.626856 1.871232
v 4.459480 0.587551 0.687484
v 4.217208 0.595897 0.687483
v 4.338342 0.591724 2.055788
v 4.203466 2.752635 2.049499
v 4.297850 0.629471 2.660070
v 4.191705 2.752635 3.302261
v 4.289412 2.686362 2.141136
v 4.286736 2.686362 3.210624
v 4.348980 0.626856 2.138820
v 4.318237 2.740561 2.140704
v 4.287493 0.626856 2.142589
v 4.348980 0.626856 2.673995
v 4.287493 0.626857 2.677765
v 4.318236 2.740561 2.675880
v 4.348980 0.626856 3.209172
v 4.318236 2.740560 3.211057
v 4.287493 0.626857 3.212941
v 4.459480 0.595898 3.326337
v 4.217208 0.587551 3.326338
v 4.338341 0.591725 1.958031
v 4.297850 5.696989 -2.660071
v 4.191705 3.564387 -3.302261
v 4.203467 3.564387 -2.049501
v 4.297850 3.602037 -2.691691
v 4.289412 5.658927 -3.210625
v 4.286736 5.658927 -2.141137
v 4.348979 5.699603 -3.209173
v 4.287493 5.699603 -3.212942
v 4.318236 3.585899 -3.211058
v 4.318236 3.585899 -2.675881
v 4.287493 5.699603 -2.677766
v 4.348979 5.699604 -2.673996
v 4.348979 5.699604 -2.138821
v 4.318236 3.585898 -2.140705
v 4.287493 5.699604 -2.142590
v 4.266303 3.570568 -3.277954
v 4.459480 3.568463 -2.025425
v 4.217208 3.560117 -2.025424
v 4.203467 3.564387 -0.711561
v 4.297850 5.696989 -1.322131
v 4.191704 3.564387 -1.964321
v 4.289412 5.658927 -1.872685
v 4.286735 5.658927 -0.803197
v 4.297850 3.602037 -1.353751
v 4.318236 3.585899 -1.873117
v 4.287493 5.699603 -1.875002
v 4.348979 5.699604 -1.871233
v 4.348979 5.699604 -1.336057
v 4.318236 3.585899 -1.337941
v 4.287493 5.699603 -1.339825
v 4.348979 5.699604 -0.800881
v 4.287493 5.699603 -0.804649
v 4.318236 3.585899 -0.802765
v 4.338341 3.564291 -2.055789
v 4.217208 3.560117 -0.687484
v 4.459480 3.568463 -0.687484
v 4.203467 3.564387 0.626379
v 4.191704 3.564387 -0.626380
v 4.289412 5.658927 -0.534745
v 4.286735 5.658927 0.534743
v 4.297850 3.602037 -0.015811
v 4.348979 5.699604 -0.533293
v 4.287493 5.699603 -0.537061
v 4.318236 3.585899 -0.535177
v 4.348979 5.699603 0.001884
v 4.318236 3.585899 -0.000000
v 4.287493 5.699603 -0.001885
v 4.318236 3.585899 0.535176
v 4.287493 5.699603 0.533291
v 4.348979 5.699603 0.537060
v 4.338341 3.564291 -0.717850
v 4.459480 3.568463 0.650456
v 4.217208 3.560117 0.650457
v 4.203467 3.564387 1.964320
v 4.191704 3.564387 0.711560
v 4.297850 3.602037 1.322129
v 4.289412 5.658927 0.803196
v 4.286736 5.658927 1.872684
v 4.287493 5.699603 0.800879
v 4.318236 3.585899 0.802764
v 4.348979 5.699604 0.804648
v 4.348979 5.699603 1.339824
v 4.318236 3.585899 1.337940
v 4.287493 5.699603 1.336055
v 4.318236 3.585899 1.873116
v 4.287493 5.699603 1.871231
v 4.348979 5.699603 1.875000
v 4.459480 3.560117 0.687483
v 4.217208 3.568463 0.687482
v 4.338341 3.564290 2.055788
v 4.203467 3.564387 3.302260
v 4.191704 3.564387 2.049500
v 4.289412 5.658927 2.141136
v 4.286736 5.658927 3.210624
v 4.297850 3.602037 2.660070
v 4.348979 5.699604 2.142588
v 4.287493 5.699604 2.138819
v 4.318236 3.585899 2.140704
v 4.348979 5.699603 2.677764
v 4.318237 3.585899 2.675880
v 4.287493 5.699604 2.673995
v 4.348979 5.699604 3.212941
v 4.318237 3.585900 3.211057
v 4.287493 5.699604 3.209172
v 4.459480 3.560117 2.025424
v 4.266303 3.570569 3.277953
v 4.217208 3.568464 2.025423
v 4.191705 8.697766 -2.049500
v 4.203466 8.697766 -3.302263
v 4.297850 8.669555 -2.660071
v 4.286736 6.603227 -3.210625
v 4.289412 6.603227 -2.141137
v 4.348979 6.571988 -3.212942
v 4.318237 8.685693 -3.211058
v 4.287493 6.571988 -3.209173
v 4.318237 8.685694 -2.675881
v 4.348980 6.571988 -2.677765
v 4.287493 6.571989 -2.673996
v 4.348980 6.571988 -2.142590
v 4.318236 8.685694 -2.140706
v 4.287493 6.571989 -2.138821
v 4.459480 6.532683 -3.326338
v 4.217209 6.541029 -3.326339
v 4.338341 6.536855 -1.958032
v 4.191705 8.697766 -0.711560
v 4.203466 8.697766 -1.964323
v 4.297850 8.669555 -1.322131
v 4.289412 6.603228 -0.803197
v 4.286735 6.603228 -1.872685
v 4.348979 6.571988 -1.875001
v 4.318236 8.685693 -1.873118
v 4.287493 6.571989 -1.871233
v 4.318236 8.685693 -1.337941
v 4.348979 6.571988 -1.339825
v 4.287493 6.571989 -1.336057
v 4.318236 8.685693 -0.802765
v 4.348979 6.571988 -0.804649
v 4.287493 6.571989 -0.800881
v 4.338342 6.536857 -2.055789
v 4.459480 6.541029 -0.687485
v 4.217208 6.532683 -0.687484
v 4.203466 8.697766 -0.626382
v 4.297850 5.696989 0.015810
v 4.191705 8.697766 0.626380
v 4.286735 6.603228 -0.534745
v 4.289412 6.603228 0.534744
v 4.318236 8.685693 -0.535177
v 4.348979 6.571989 -0.537061
v 4.287493 6.571989 -0.533293
v 4.318236 8.685693 -0.000001
v 4.348979 6.571988 -0.001885
v 4.287493 6.571989 0.001884
v 4.348979 6.571988 0.533291
v 4.318236 8.685693 0.535175
v 4.287493 6.571989 0.537060
v 4.338341 6.536855 0.717849
v 4.459480 6.532683 -0.650457
v 4.217209 6.541029 -0.650458
v 4.203466 8.697766 0.711558
v 4.297850 5.696989 1.353750
v 4.191705 8.697766 1.964321
v 4.286735 6.603228 0.803195
v 4.297850 8.669555 1.353750
v 4.289412 6.603228 1.872684
v 4.318236 8.685693 0.802763
v 4.348979 6.571988 0.800879
v 4.287493 6.571989 0.804648
v 4.348979 6.571988 1.336055
v 4.318236 8.685693 1.337939
v 4.287493 6.571989 1.339824
v 4.318236 8.685693 1.873115
v 4.348979 6.571988 1.871232
v 4.287493 6.571989 1.875000
v 4.338341 6.536855 2.055788
v 4.217208 6.541029 0.687482
v 4.459480 6.532683 0.687483
v 4.191705 8.697766 3.302261
v 4.203466 8.697766 2.049498
v 4.297850 5.696989 2.691690
v 4.286736 6.603228 2.141135
v 4.289412 6.603228 3.210624
v 4.318236 8.685694 2.140703
v 4.348980 6.571988 2.138819
v 4.287493 6.571988 2.142589
v 4.348979 6.571988 2.673995
v 4.318236 8.685694 2.675879
v 4.287493 6.571989 2.677764
v 4.348979 8.672170 3.212941
v 4.318237 6.558465 3.211057
v 4.287493 8.672170 3.209172
v 4.338342 6.536857 1.958031
v 4.217209 6.532683 3.326337
v 4.459480 6.541030 3.326336
v 4.203466 11.670333 -3.302264
v 4.191705 11.670333 -2.049499
v 4.289412 11.604059 -3.210626
v 4.297850 9.547169 -2.691692
v 4.286736 11.604059 -2.141138
v 4.348980 9.544556 -3.212943
v 4.318237 11.658257 -3.211059
v 4.287492 9.544556 -3.209173
v 4.318237 11.658257 -2.675882
v 4.348980 9.544555 -2.677766
v 4.287492 9.544555 -2.673997
v 4.318236 11.658257 -2.140706
v 4.287492 9.544555 -2.138821
v 4.348980 9.544555 -2.142590
v 4.266303 9.515699 -3.277955
v 4.459480 9.513595 -2.025424
v 4.217209 9.505247 -2.025423
v 4.203467 11.670333 -1.964324
v 4.191705 11.670333 -0.711559
v 4.286736 11.604059 -0.803197
v 4.297850 9.547169 -1.353752
v 4.289412 11.604059 -1.872685
v 4.348980 9.544555 -1.875002
v 4.318236 11.658257 -1.873118
v 4.287492 9.544556 -1.871233
v 4.318236 11.658257 -1.337942
v 4.348980 9.544555 -1.339826
v 4.287492 9.544556 -1.336057
v 4.318236 11.658257 -0.802765
v 4.348980 9.544555 -0.804649
v 4.287492 9.544556 -0.800881
v 4.338341 9.509419 -2.055787
v 4.459480 9.513595 -0.687484
v 4.217209 9.505247 -0.687482
v 4.297850 8.669555 0.015810
v 4.191705 11.670333 0.626381
v 4.203467 11.670333 -0.626384
v 4.286735 11.604059 0.534743
v 4.289412 11.604059 -0.534745
v 4.297850 9.547169 -0.015811
v 4.348980 9.544555 -0.537062
v 4.318236 11.658257 -0.535177
v 4.287492 9.544556 -0.533293
v 4.318236 11.658257 -0.000001
v 4.348980 9.544555 -0.001885
v 4.287492 9.544556 0.001884
v 4.348980 9.544555 0.533291
v 4.318236 11.658257 0.535175
v 4.287492 9.544556 0.537060
v 4.338342 9.509418 0.717846
v 4.459480 9.505248 -0.650459
v 4.217209 9.513595 -0.650460
v 4.203467 11.670333 0.711556
v 4.191705 11.670333 1.964322
v 4.289412 11.604059 0.803195
v 4.286735 11.604059 1.872683
v 4.297850 9.547169 1.322129
v 4.318236 11.658257 0.802763
v 4.348980 9.544555 0.800879
v 4.287492 9.544556 0.804648
v 4.318236 11.658257 1.337939
v 4.287492 9.544556 1.339824
v 4.348980 9.544555 1.336055
v 4.318236 11.658257 1.873115
v 4.287492 9.544556 1.875000
v 4.348980 9.544555 1.871231
v 4.338342 9.509418 2.055785
v 4.217209 9.513595 0.687481
v 4.459480 9.505248 0.687481
v 4.191705 11.670333 3.302262
v 4.203467 11.670333 2.049497
v 4.297850 8.669555 2.691690
v 4.289412 11.604059 2.141135
v 4.297850 9.547169 2.660069
v 4.286735 11.604059 3.210624
v 4.348980 11.644735 2.142588
v 4.318236 9.531032 2.140704
v 4.287492 11.644734 2.138819
v 4.318236 11.658257 2.675879
v 4.348980 9.544555 2.673995
v 4.287492 9.544556 2.677764
v 4.287492 9.544556 3.212941
v 4.348980 9.544555 3.209172
v 4.318236 11.658257 3.211056
v 4.266303 9.515699 3.277953
v 4.459480 9.505248 2.025422
v 4.217209 9.513595 2.025421
v 4.353588 3.059481 4.027143
v 4.162235 3.049934 4.027143
v 4.184969 3.106053 -4.013822
v 4.330853 6.078620 4.013820
v 4.162235 6.032048 -4.027144
v 4.353588 6.022501 -4.027144
v 4.353588 8.995069 -4.027144
v 4.330853 9.051187 4.013820
v 4.162235 9.004615 -4.027144
v 4.330853 11.921059 -4.013822
v 4.353588 11.977176 4.027143
v 4.162235 11.967630 4.027143
v 0.876286 0.074403 -3.962602
v -0.966806 0.074403 -3.950358
v -0.045260 2.646648 -3.956479
v -0.061193 2.718143 -3.982762
v -0.875281 0.157251 -4.041175
v 0.784761 0.157251 -4.043807
v -0.047371 2.142168 -4.044307
v -0.045260 0.142716 -4.071162
v -0.043149 2.142167 -4.098016
v -0.163718 0.873744 -4.096443
v -0.165910 1.270172 -4.128502
v -0.168102 0.873744 -4.160561
v 0.075390 1.270172 -4.128502
v 0.073198 0.873744 -4.160561
v 0.077582 0.873744 -4.096443
v -1.768776 2.728787 -4.235121
v -1.768776 2.738931 -3.888090
v 1.902729 2.718143 -3.976404
v 1.226504 2.854642 -4.011914
v -1.302027 3.273702 -4.073251
v 1.226505 3.283082 -3.996616
v 4.135109 12.554768 -3.789040
v 4.142289 12.551203 -3.782881
v -4.229489 12.554238 -3.786110
v 4.138968 12.554238 3.786107
v -4.225629 12.554768 3.789037
v -4.232809 12.551203 3.782879
v 4.135600 12.437963 3.789237
v 4.142289 12.444242 3.789237
v 4.135600 12.450520 3.789237
v 4.147134 12.444242 3.788249
v -4.237654 12.444242 -3.788252
v -4.226120 12.437963 -3.789239
v -4.232809 12.444242 -3.789239
v -4.226120 12.450520 -3.789239
v -4.386986 12.783963 -3.789239
v -4.389986 12.781969 -3.939660
v -4.393675 12.777684 -3.789239
v -4.386986 12.783963 -3.782881
v -4.239498 12.777684 -3.789239
v -4.235018 12.782305 -3.782817
v -4.251447 12.731363 3.809630
v -4.232809 12.444242 3.782879
v -4.239498 12.437963 3.789237
v -4.232809 12.443957 3.789233
v -4.401690 12.444242 -3.782881
v -4.393675 12.444242 -3.789239
v -4.386986 12.444242 -3.782881
v 4.296466 12.444242 -3.782881
v 4.336019 12.420374 -3.799899
v 4.303154 12.450520 -3.789239
v 4.309844 12.444242 -3.795598
v 4.296466 12.783963 3.789237
v 4.336014 12.807836 3.799896
v 4.303154 12.777684 3.789237
v 4.296466 12.783963 3.782879
v 4.144498 12.782305 3.782814
v 4.148977 12.777684 3.789237
v 4.145243 12.781075 -3.786168
v 4.142289 12.443957 -3.789235
v 4.145994 12.450520 -3.789239
v 4.142289 12.444242 -3.782881
v 4.148977 12.437963 -3.789239
v 4.311170 12.444242 3.782879
v 4.303154 12.444242 3.789237
v 4.296466 12.444242 3.782879
v -4.386638 12.444527 -3.938907
v -4.393675 12.451814 -3.938738
v 4.296466 12.783963 -3.795598
v 4.295140 12.783963 -3.789239
v 4.296466 12.783963 -3.782881
v 4.303154 12.776440 -3.789239
v 4.303154 12.776389 -3.938738
v 4.297439 12.781941 -3.939516
v -4.393675 12.783963 3.789237
v -4.401690 12.783963 3.782879
v -4.393675 12.783342 3.789237
v -4.386639 12.783691 3.938892
v -4.393675 12.776389 3.938736
v -4.386986 12.444242 3.789237
v -4.426539 12.420374 3.799896
v -4.393675 12.450520 3.789237
v -4.386986 12.444242 3.782879
v 4.303154 12.451814 3.938736
v 4.296118 12.444527 3.938905
v -3.204393 12.561632 0.095566
v -2.078896 11.670430 3.771171
v -0.907783 13.732922 0.095566
v 0.532853 13.239214 0.936866
v 1.349692 12.949642 0.917444
v 0.532853 12.640123 1.356744
v 1.058146 13.171833 0.907884
v 0.888491 12.825611 0.903814
v 1.389775 12.950010 0.911927
v 1.337403 12.805196 0.879217
v 0.910118 12.806234 0.890815
v 0.910118 12.804157 0.867619
v 1.337404 12.868422 0.879217
v 0.910118 12.867382 0.867618
v 0.910118 12.869459 0.890815
v 1.337404 12.931648 0.879217
v 0.910118 12.932687 0.890815
v 0.910118 12.930610 0.867618
v 0.910118 12.993835 0.867618
v 1.337404 12.994874 0.879217
v 0.910118 12.995913 0.890815
v 1.337404 13.058101 0.879217
v 0.910118 13.059139 0.890815
v 0.910118 13.057062 0.867618
v 0.910118 13.122365 0.890815
v 0.910118 13.120288 0.867618
v 1.337404 13.121326 0.879217
v 0.668584 13.148236 0.912665
v 0.623957 12.784299 0.914105
v 0.713211 12.784299 0.911225
v 0.610795 12.597005 0.863304
v 0.658530 12.599944 1.449291
v 0.706264 12.602878 0.863303
v 1.309512 12.602878 0.863303
v 1.214044 12.597005 0.863303
v 1.261777 12.599944 1.449292
v 1.940432 13.239214 0.936866
v 2.757272 12.949642 0.917444
v 1.940432 12.640123 1.356744
v 2.296071 12.825612 0.903814
v 2.797354 12.950010 0.911928
v 2.465726 13.171833 0.907884
v 2.739501 12.806234 0.867619
v 2.312216 12.805197 0.879217
v 2.739501 12.804157 0.890815
v 2.312216 12.868422 0.879217
v 2.739502 12.867382 0.890815
v 2.739502 12.869459 0.867618
v 2.312216 12.931648 0.879217
v 2.739501 12.930610 0.890815
v 2.739501 12.932687 0.867618
v 2.312216 12.994875 0.879217
v 2.739501 12.993835 0.890815
v 2.739501 12.995913 0.867618
v 2.312216 13.058101 0.879217
v 2.739502 13.059139 0.867618
v 2.739502 13.057062 0.890815
v 2.739501 13.122365 0.867618
v 2.312216 13.121326 0.879217
v 2.739501 13.120288 0.890815
v 2.120790 12.784299 0.911225
v 2.076163 13.148236 0.912665
v 2.031536 12.784299 0.914105
v 2.113843 12.602878 0.863303
v 2.018374 12.597006 0.863304
v 2.066108 12.599943 1.449291
v 2.621623 12.597005 0.863304
v 2.669357 12.599944 1.449291
v 2.717092 12.602878 0.863304
v -2.039492 13.753441 1.320624
v -2.053308 14.570000 1.337939
v -2.070976 13.753651 1.356608
v -4.142957 0.032195 3.938684
v -4.112183 12.129449 3.908698
v -4.083888 0.042860 3.876796
v 4.000896 0.032195 3.938684
v 4.059965 0.042860 3.876796
v 4.031671 12.129449 3.908697
v 0.372514 0.353830 3.894510
v -0.029327 2.718144 3.930199
v -0.463034 0.353832 3.903770
v 0.591113 1.157928 3.976558
v 0.926977 1.629763 3.821621
v 0.927029 1.157927 3.821722
vn -0.1953 0.2082 -0.9584
vn 0.1955 -0.2084 0.9583
vn -0.6844 0.7291 -0.0000
vn -0.9979 -0.0645 -0.0030
vn -0.6889 -0.0001 -0.7249
vn 0.6844 0.7291 -0.0000
vn 0.6670 0.7443 -0.0333
vn 0.6772 0.7220 0.1416
vn -0.1417 -0.0002 0.9899
vn -0.1417 -0.0003 0.9899
vn -0.1429 0.0002 0.9897
vn -0.6842 -0.7293 -0.0000
vn 0.0344 0.9994 0.0066
vn 0.0109 0.9999 -0.0000
vn 0.0130 0.9999 0.0033
vn -0.0001 -0.1547 -0.9880
vn 0.9043 -0.4269 -0.0000
vn -0.0109 0.9999 -0.0000
vn 0.0001 -1.0000 -0.0000
vn -0.0000 -1.0000 -0.0000
vn -0.0000 -0.7116 -0.7026
vn -0.0189 -0.9995 -0.0243
vn -0.0000 -1.0000 -0.0003
vn -0.0227 -0.9994 -0.0280
vn 0.6971 0.7170 -0.0054
vn 0.7194 -0.6937 0.0351
vn -0.0000 -0.4078 -0.9131
vn -0.6511 -0.0000 0.7590
vn 0.3468 0.9379 0.0003
vn 0.8095 0.5871 0.0018
vn -0.8192 0.0028 0.5734
vn 0.3503 -0.3718 0.8597
vn -0.5133 0.2671 -0.8156
vn 0.3624 -0.3675 0.8565
vn -0.0412 -0.0438 -0.9982
vn -0.0000 1.0000 -0.0000
vn 0.6511 -0.0000 -0.7590
vn 0.8192 0.0028 -0.5735
vn -0.2214 -0.3756 -0.9000
vn 0.5569 0.3334 0.7607
vn -0.2394 -0.3718 -0.8969
vn -0.0000 -0.0000 -0.0000
vn -0.0000 0.0007 1.0000
vn 0.0412 -0.0439 0.9982
vn -0.0000 0.9999 -0.0132
vn -0.0002 1.0000 -0.0002
vn -0.0002 1.0000 -0.0000
vn -0.9995 0.0308 -0.0007
vn -0.7890 0.6144 0.0001
vn -0.4445 0.8958 0.0002
vn -0.7201 0.6932 0.0322
vn -0.7194 -0.6937 -0.0351
vn 0.0082 0.0448 -0.9990
vn -1.0000 -0.0000 -0.0000
vn 0.0022 0.0045 -1.0000
vn -0.0082 -0.0448 0.9990
vn 0.0933 0.9956 -0.0000
vn 1.0000 -0.0000 -0.0000
vn -0.0082 -0.0446 -0.9990
vn 0.0150 0.9999 -0.0000
vn 0.0164 0.9999 -0.0000
vn 0.0170 0.9999 -0.0000
vn -0.0082 -0.0318 0.9995
vn 0.0082 0.0318 -0.9995
vn -0.0022 -0.0045 -1.0000
vn -1.0000 0.0047 -0.0025
vn -0.9988 0.0471 -0.0094
vn -0.0000 0.9701 -0.2425
vn -0.0000 0.9864 -0.1644
vn -0.9956 0.0933 -0.0078
vn -0.9980 0.0624 -0.0078
vn -0.9989 -0.0469 0.0094
vn 0.0622 0.9953 -0.0739
vn 0.0311 0.9965 -0.0778
vn -0.9994 0.0334 -0.0094
vn -1.0000 -0.0047 0.0025
vn 0.9994 -0.0334 0.0094
vn -0.2009 -0.0000 -0.9796
vn -0.3796 -0.0000 -0.9252
vn -0.2169 -0.0000 -0.9762
vn -0.0022 0.0045 1.0000
vn -0.0082 0.0448 0.9990
vn 0.0022 -0.0045 -1.0000
vn -0.0082 0.0318 0.9995
vn -0.0000 -0.0000 -1.0000
vn -0.9545 -0.0000 -0.2983
vn -0.9923 -0.0000 -0.1240
vn -0.9829 -0.0000 -0.1843
vn 0.0022 -0.0045 1.0000
vn 0.9831 0.1829 -0.0000
vn 0.9959 0.0905 -0.0000
vn 0.9974 0.0725 -0.0000
vn 0.0082 -0.0318 -0.9995
vn -0.9980 -0.0624 0.0078
vn -0.0000 -0.9864 0.1644
vn -0.0000 -0.9923 0.1240
vn 1.0000 0.0047 0.0025
vn 0.9988 0.0471 0.0094
vn -0.0000 -0.9701 -0.2425
vn -0.0000 -0.8944 -0.4472
vn -0.0000 0.9701 0.2425
vn -0.0000 0.9923 0.1240
vn 0.9989 -0.0469 -0.0094
vn -0.3714 -0.0000 -0.9285
vn -0.9994 -0.0334 -0.0094
vn -1.0000 0.0047 0.0025
vn 0.9994 0.0334 0.0094
vn 0.9915 -0.1239 -0.0387
vn -0.0000 0.9806 0.1961
vn 0.9873 0.1543 0.0386
vn 0.0003 0.6818 0.7316
vn -0.0003 0.6818 -0.7316
vn -0.0000 0.7245 -0.6892
vn -0.0000 0.7245 0.6892
vn -0.0003 0.0019 -1.0000
vn 0.7890 0.6144 -0.0001
vn 0.9995 0.0308 0.0007
vn 0.9996 0.0299 0.0004
vn -0.0000 0.0302 -0.9995
vn -0.9996 0.0299 -0.0004
vn 0.0003 0.0019 1.0000
vn -0.0000 0.0302 0.9995
vn -0.4781 0.8783 0.0003
vn -0.0000 -0.0000 1.0000
vn -0.8908 0.4542 -0.0089
vn -0.9986 0.0361 -0.0383
vn -0.2080 0.0034 -0.9781
vn 0.0155 -0.0016 -0.9999
vn -0.0000 0.9999 -0.0140
vn -0.0000 0.5202 -0.8540
vn 0.9979 0.0645 0.0026
vn 0.0090 -0.7216 -0.6922
vn 0.0004 -0.3620 -0.9322
vn -0.0027 -1.0000 -0.0021
vn 0.6215 -0.0000 -0.7834
vn -0.0148 0.0022 -0.9999
vn -0.0056 0.0066 -1.0000
vn -0.0000 0.0093 -1.0000
vn 0.9983 0.0240 0.0523
vn -0.9786 -0.0234 -0.2045
vn -0.0205 -0.0005 -0.9998
vn 0.5405 0.3131 0.7809
vn 0.0117 0.5586 0.8294
vn -0.0150 0.3505 0.9364
vn -0.0027 1.0000 0.0020
vn -0.0393 0.9992 -0.0000
vn -0.0191 0.9998 0.0017
vn 0.4091 -0.1264 -0.9037
vn 0.5134 -0.2671 -0.8155
vn -0.3479 0.3719 0.8606
vn -0.7083 0.7059 -0.0001
vn -1.0000 0.0088 -0.0001
vn 0.0150 -0.3505 0.9364
vn 0.0027 -1.0000 0.0021
vn -0.0117 -0.5585 0.8294
vn -0.4090 0.1264 -0.9037
vn 0.6963 0.6963 -0.1741
vn 0.8889 0.4444 -0.1111
vn 0.7715 0.6172 -0.1543
vn -0.9979 -0.0647 -0.0000
vn -0.9984 -0.0566 -0.0000
vn 1.0000 -0.0000 -0.0033
vn 0.9993 0.0359 -0.0033
vn 0.9701 0.2425 -0.0000
vn 0.9648 0.2631 -0.0000
vn -0.9980 -0.0628 0.0043
vn -0.9974 -0.0717 0.0043
vn -0.9739 0.2135 0.0775
vn -0.9794 0.1865 0.0775
vn -0.9789 0.1887 0.0784
vn -0.1955 -0.2085 -0.9583
vn 0.1954 0.2081 0.9584
vn -0.6844 0.7291 0.0040
vn -0.6670 0.7444 0.0333
vn 0.5148 0.2741 0.8123
vn 0.1595 0.1699 -0.9725
vn 0.8706 -0.4916 0.0220
vn 0.6772 0.7220 -0.1416
vn -0.6208 -0.0000 0.7840
vn -0.1595 -0.1699 -0.9725
vn 0.0340 0.7999 -0.5991
vn -0.0000 0.0004 -1.0000
vn -0.0000 -0.0928 0.9957
vn -0.0340 0.7999 0.5992
vn -0.0000 -0.7116 0.7026
vn -0.0006 -0.5812 0.8138
vn 0.7474 0.6644 -0.0002
vn 0.0188 -0.9995 0.0243
vn 0.0227 -0.9994 0.0280
vn 0.0398 -0.9979 0.0506
vn -0.0000 -1.0000 0.0003
vn 0.6890 -0.0000 0.7248
vn -0.6841 0.7294 -0.0006
vn 0.0763 0.0166 0.9969
vn -0.0266 -0.0025 -0.9996
vn -0.0192 0.9998 0.0040
vn -0.0000 0.4077 -0.9131
vn -0.6890 -0.0000 -0.7247
vn 0.0275 0.0293 0.9992
vn 0.4445 0.8958 -0.0002
vn -0.0763 0.0166 -0.9969
vn 0.7474 0.6644 -0.0001
vn -0.3602 0.3676 0.8574
vn 0.0002 -0.1551 0.9879
vn -0.0000 0.9999 -0.0133
vn -0.0275 0.0293 -0.9992
vn -0.0175 0.0092 -0.9998
vn 0.0405 0.9981 0.0464
vn -0.6840 -0.7295 0.0006
vn -0.0398 -0.9979 -0.0506
vn -0.0005 -0.7118 0.7024
vn 0.6844 -0.7291 -0.0000
vn -0.9997 0.0258 -0.0009
vn 0.9998 -0.0193 0.0009
vn -0.6844 -0.7291 -0.0000
vn 0.4781 0.8783 -0.0003
vn 0.0005 -0.7117 -0.7024
vn 0.9997 0.0258 0.0009
vn -0.9998 -0.0193 -0.0009
vn -0.0000 0.0005 1.0000
vn -0.0007 0.0182 0.9998
vn -0.0461 -0.0491 0.9977
vn -0.1401 -0.0009 0.9901
vn -0.0656 -0.0392 0.9971
vn -0.1419 -0.0000 0.9899
vn 0.6808 0.0164 0.7323
vn -0.0007 0.0187 0.9998
vn -0.6215 -0.0000 0.7834
vn 0.3110 -0.9482 0.0647
vn 0.6846 0.7289 0.0006
vn 0.6890 -0.0000 -0.7248
vn -0.0000 -0.0005 -1.0000
vn -0.0007 -0.0187 -0.9998
vn -0.6889 -0.0000 -0.7248
vn 0.0007 0.0188 -0.9998
vt 0.997147 0.192950
vt 0.997080 0.192911
vt 0.997295 0.192911
vt 0.997188 0.188725
vt 0.997188 0.188803
vt 0.997080 0.188911
vt 0.135886 0.504495
vt 0.135734 0.504495
vt 0.135886 0.504387
vt 0.997110 0.205314
vt 0.997114 0.205422
vt 0.997080 0.205422
vt 0.997080 0.197205
vt 0.997188 0.197097
vt 0.997295 0.197205
vt 0.518601 0.417926
vt 0.518448 0.417926
vt 0.518601 0.417818
vt 0.997145 0.201291
vt 0.997080 0.201205
vt 0.997266 0.201205
vt 0.518691 0.289327
vt 0.518508 0.289327
vt 0.518676 0.289219
vt 0.997209 0.184725
vt 0.997209 0.184714
vt 0.997317 0.184725
vt 0.379466 0.369363
vt 0.379619 0.369363
vt 0.379466 0.369471
vt 0.545665 0.016174
vt 0.545561 0.014443
vt 0.545669 0.014443
vt 0.514028 0.146698
vt 0.513925 0.281784
vt 0.513920 0.146512
vt 0.986099 0.681820
vt 0.984343 0.681712
vt 0.986099 0.681712
vt 0.545665 0.022124
vt 0.545558 0.020321
vt 0.545666 0.020321
vt 0.674048 0.010292
vt 0.545558 0.010443
vt 0.545665 0.010367
vt 0.984343 0.677602
vt 0.986116 0.677702
vt 0.984372 0.677712
vt 0.379706 0.497962
vt 0.281530 0.497997
vt 0.379797 0.497854
vt 0.518509 0.286790
vt 0.518642 0.286791
vt 0.518103 0.275111
vt 0.518197 0.277648
vt 0.518049 0.277627
vt 0.281290 0.369507
vt 0.379469 0.369174
vt 0.984349 0.669333
vt 0.986184 0.669440
vt 0.984343 0.669440
vt 0.135808 0.375896
vt 0.137458 0.376005
vt 0.279954 0.982284
vt 0.279770 0.988012
vt 0.279846 0.982282
vt 0.432112 0.353525
vt 0.426492 0.353479
vt 0.432213 0.353417
vt 0.984451 0.310722
vt 0.986935 0.310623
vt 0.987047 0.310726
vt 0.647522 0.042388
vt 0.545558 0.042280
vt 0.647616 0.042280
vt 0.984349 0.665225
vt 0.986184 0.665333
vt 0.984343 0.665333
vt 0.284138 0.982284
vt 0.283954 0.988012
vt 0.284030 0.982282
vt 0.518676 0.289435
vt 0.441950 0.142275
vt 0.436330 0.142229
vt 0.442031 0.142167
vt 0.680111 0.962211
vt 0.680257 0.975829
vt 0.679742 0.975815
vt 0.684743 0.962217
vt 0.684865 0.975843
vt 0.684398 0.975815
vt 0.256136 0.511167
vt 0.256239 0.376082
vt 0.256239 0.511059
vt 0.984451 0.306618
vt 0.986935 0.306519
vt 0.987047 0.306623
vt 0.135813 0.507018
vt 0.237757 0.504551
vt 0.237772 0.504659
vt 0.443368 0.555445
vt 0.443296 0.427061
vt 0.443398 0.426985
vt 0.986938 0.302433
vt 0.984401 0.302519
vt 0.984422 0.302371
vt 0.379630 0.497854
vt 0.379802 0.500498
vt 0.379655 0.500477
vt 0.281269 0.290590
vt 0.388546 0.218606
vt 0.388546 0.362721
vt 0.002883 0.325026
vt 0.107062 0.252957
vt 0.107062 0.397072
vt 0.276013 0.002096
vt 0.412116 0.002084
vt 0.344066 0.214350
vt 0.135792 0.002096
vt 0.271895 0.002084
vt 0.203845 0.214350
vt 0.026326 0.604240
vt 0.046539 0.604224
vt 0.036438 0.641323
vt 0.759816 0.744198
vt 0.759808 0.726193
vt 0.794493 0.735194
vt 0.574705 0.767718
vt 0.592710 0.767709
vt 0.583710 0.802395
vt 0.870695 0.377215
vt 0.896512 0.376884
vt 0.896551 0.377563
vt 0.900856 0.702400
vt 0.926775 0.702032
vt 0.926780 0.702730
vt 0.900856 0.707292
vt 0.926775 0.706923
vt 0.926780 0.707622
vt 0.870695 0.382107
vt 0.896512 0.381775
vt 0.896551 0.382455
vt 0.900856 0.712184
vt 0.926775 0.711815
vt 0.926780 0.712514
vt 0.870695 0.386999
vt 0.896512 0.386667
vt 0.896551 0.387346
vt 0.960525 0.752733
vt 0.976196 0.750811
vt 0.976195 0.754656
vt 0.270656 0.977924
vt 0.268727 0.962141
vt 0.272572 0.962139
vt 0.317811 0.604240
vt 0.338023 0.604224
vt 0.327923 0.641323
vt 0.342101 0.604240
vt 0.362314 0.604224
vt 0.352213 0.641323
vt 0.002010 0.767718
vt 0.020015 0.767709
vt 0.011015 0.802395
vt 0.900856 0.614333
vt 0.926776 0.613977
vt 0.926780 0.614675
vt 0.870695 0.832164
vt 0.896512 0.831833
vt 0.896551 0.832512
vt 0.900856 0.717076
vt 0.926775 0.716707
vt 0.926780 0.717406
vt 0.870696 0.391890
vt 0.896512 0.391559
vt 0.896550 0.392238
vt 0.295958 0.906248
vt 0.296326 0.932167
vt 0.295627 0.932172
vt 0.870695 0.837068
vt 0.896512 0.836724
vt 0.896551 0.837403
vt 0.066688 0.977924
vt 0.064759 0.962141
vt 0.068604 0.962139
vt 0.960525 0.917476
vt 0.976196 0.915554
vt 0.976195 0.919399
vt 0.619849 0.559583
vt 0.640061 0.559567
vt 0.629961 0.596666
vt 0.366392 0.604240
vt 0.386604 0.604224
vt 0.376504 0.641323
vt 0.759816 0.567984
vt 0.759808 0.549979
vt 0.794493 0.558980
vt 0.799818 0.020017
vt 0.799809 0.002012
vt 0.834495 0.011012
vt 0.900856 0.721968
vt 0.926775 0.721599
vt 0.926780 0.722298
vt 0.870695 0.396795
vt 0.896512 0.396451
vt 0.896551 0.397130
vt 0.900856 0.726860
vt 0.926775 0.726491
vt 0.926780 0.727190
vt 0.870695 0.401674
vt 0.896512 0.401343
vt 0.896551 0.402022
vt 0.900856 0.731752
vt 0.926775 0.731383
vt 0.926780 0.732082
vt 0.870695 0.406566
vt 0.896512 0.406235
vt 0.896550 0.406914
vt 0.072643 0.977931
vt 0.074527 0.962140
vt 0.076423 0.977917
vt 0.960577 0.923468
vt 0.976195 0.925321
vt 0.960473 0.927174
vt 0.414972 0.604240
vt 0.435185 0.604224
vt 0.425084 0.641323
vt 0.799818 0.284337
vt 0.799809 0.266332
vt 0.834495 0.275332
vt 0.799818 0.240284
vt 0.799809 0.222279
vt 0.834495 0.231279
vt 0.870695 0.411471
vt 0.896512 0.411127
vt 0.896551 0.411806
vt 0.900856 0.736643
vt 0.926775 0.736275
vt 0.926780 0.736974
vt 0.900856 0.741535
vt 0.926775 0.741167
vt 0.926780 0.741866
vt 0.870695 0.841948
vt 0.896512 0.841616
vt 0.896551 0.842295
vt 0.900856 0.746427
vt 0.926775 0.746059
vt 0.926780 0.746758
vt 0.870696 0.416350
vt 0.896512 0.416019
vt 0.896551 0.416698
vt 0.080488 0.977931
vt 0.082372 0.962140
vt 0.084268 0.977917
vt 0.021466 0.962663
vt 0.019612 0.978282
vt 0.017760 0.962559
vt 0.439263 0.604240
vt 0.459475 0.604224
vt 0.449375 0.641323
vt 0.759816 0.501904
vt 0.759808 0.483899
vt 0.794494 0.492899
vt 0.759816 0.259610
vt 0.759807 0.241605
vt 0.794493 0.250606
vt 0.900856 0.751319
vt 0.926775 0.750951
vt 0.926780 0.751649
vt 0.870695 0.421242
vt 0.896512 0.420911
vt 0.896551 0.421590
vt 0.900856 0.756211
vt 0.926775 0.755843
vt 0.926780 0.756541
vt 0.012247 0.876186
vt 0.012578 0.902003
vt 0.011899 0.902041
vt 0.900856 0.761091
vt 0.926775 0.760735
vt 0.926780 0.761433
vt 0.870695 0.426134
vt 0.896512 0.425802
vt 0.896551 0.426482
vt 0.960577 0.931313
vt 0.976195 0.933166
vt 0.960473 0.935019
vt 0.253076 0.977931
vt 0.254960 0.962140
vt 0.256856 0.977917
vt 0.473660 0.604232
vt 0.483772 0.641315
vt 0.463559 0.641331
vt 0.060723 0.604232
vt 0.070835 0.641315
vt 0.050623 0.641331
vt 0.799818 0.218257
vt 0.799809 0.200252
vt 0.834495 0.209253
vt 0.799818 0.042043
vt 0.799809 0.024039
vt 0.834495 0.033039
vt 0.900856 0.766333
vt 0.900856 0.765657
vt 0.926777 0.765976
vt 0.870695 0.431364
vt 0.870696 0.430688
vt 0.896531 0.431034
vt 0.870695 0.436268
vt 0.870695 0.435592
vt 0.896531 0.435926
vt 0.900856 0.771225
vt 0.900856 0.770549
vt 0.926777 0.770868
vt 0.870695 0.441148
vt 0.870696 0.440471
vt 0.896531 0.440818
vt 0.900856 0.619575
vt 0.900856 0.618899
vt 0.926778 0.619218
vt 0.960525 0.870406
vt 0.976196 0.868485
vt 0.976195 0.872330
vt 0.090223 0.977924
vt 0.088294 0.962141
vt 0.092139 0.962139
vt 0.497950 0.604232
vt 0.508062 0.641315
vt 0.487850 0.641331
vt 0.522240 0.604232
vt 0.532352 0.641315
vt 0.512140 0.641331
vt 0.759816 0.479877
vt 0.759808 0.461872
vt 0.794493 0.470872
vt 0.759816 0.237583
vt 0.759808 0.219579
vt 0.794494 0.228578
vt 0.900856 0.776105
vt 0.900856 0.775429
vt 0.926778 0.775760
vt 0.870695 0.446052
vt 0.870695 0.445376
vt 0.896531 0.445709
vt 0.870695 0.450944
vt 0.870695 0.450268
vt 0.896531 0.450601
vt 0.900856 0.781009
vt 0.900856 0.780333
vt 0.926777 0.780651
vt 0.900856 0.785888
vt 0.900856 0.785212
vt 0.926778 0.785543
vt 0.870695 0.455836
vt 0.870695 0.455160
vt 0.896531 0.455493
vt 0.960525 0.878251
vt 0.976196 0.876330
vt 0.976195 0.880175
vt 0.098067 0.977924
vt 0.096139 0.962141
vt 0.099984 0.962139
vt 0.654246 0.559575
vt 0.664358 0.596658
vt 0.644145 0.596674
vt 0.799818 0.416497
vt 0.799809 0.398492
vt 0.834495 0.407492
vt 0.799818 0.064070
vt 0.799809 0.046066
vt 0.834495 0.055065
vt 0.870695 0.460715
vt 0.870696 0.460039
vt 0.896531 0.460385
vt 0.900856 0.790793
vt 0.900856 0.790117
vt 0.926777 0.790435
vt 0.900856 0.795685
vt 0.900856 0.795009
vt 0.926777 0.795327
vt 0.870695 0.465607
vt 0.870696 0.464931
vt 0.896531 0.465277
vt 0.870695 0.470511
vt 0.870695 0.469835
vt 0.896531 0.470169
vt 0.900856 0.800577
vt 0.900856 0.799901
vt 0.926777 0.800219
vt 0.323680 0.977931
vt 0.325564 0.962140
vt 0.327460 0.977917
vt 0.960577 0.939158
vt 0.976195 0.941011
vt 0.960473 0.942864
vt 0.570821 0.604232
vt 0.580933 0.641315
vt 0.560721 0.641331
vt 0.546531 0.604232
vt 0.556643 0.641315
vt 0.536430 0.641331
vt 0.024037 0.767718
vt 0.042041 0.767709
vt 0.033041 0.802395
vt 0.222277 0.767718
vt 0.240282 0.767709
vt 0.231282 0.802395
vt 0.870695 0.475403
vt 0.870695 0.474727
vt 0.896531 0.475061
vt 0.900856 0.805469
vt 0.900856 0.804793
vt 0.926777 0.805111
vt 0.900856 0.810360
vt 0.900856 0.809684
vt 0.926777 0.810003
vt 0.870695 0.759123
vt 0.870696 0.758447
vt 0.896531 0.758793
vt 0.900856 0.815252
vt 0.900856 0.814576
vt 0.926777 0.814895
vt 0.870695 0.764027
vt 0.870695 0.763351
vt 0.896531 0.763685
vt 0.960577 0.947003
vt 0.976195 0.948856
vt 0.960473 0.950709
vt 0.339369 0.977931
vt 0.341254 0.962140
vt 0.343150 0.977917
vt 0.595112 0.604232
vt 0.605223 0.641315
vt 0.585011 0.641331
vt 0.619402 0.604232
vt 0.629514 0.641315
vt 0.609301 0.641331
vt 0.759816 0.590011
vt 0.759808 0.572006
vt 0.794493 0.581006
vt 0.759816 0.678117
vt 0.759807 0.660113
vt 0.794493 0.669113
vt 0.900856 0.624467
vt 0.900856 0.623791
vt 0.926778 0.624109
vt 0.870695 0.480295
vt 0.870695 0.479619
vt 0.896531 0.479953
vt 0.870695 0.768907
vt 0.870696 0.768231
vt 0.896531 0.768577
vt 0.900856 0.820132
vt 0.900856 0.819456
vt 0.926778 0.819787
vt 0.900856 0.825024
vt 0.900856 0.824348
vt 0.926778 0.824679
vt 0.870695 0.788474
vt 0.870696 0.787798
vt 0.896531 0.788145
vt 0.104022 0.977931
vt 0.105907 0.962140
vt 0.107803 0.977917
vt 0.960577 0.805794
vt 0.976195 0.807648
vt 0.960473 0.809500
vt 0.401236 0.559583
vt 0.421448 0.559567
vt 0.411348 0.596666
vt 0.055065 0.767713
vt 0.064070 0.802390
vt 0.046066 0.802399
vt 0.759812 0.272634
vt 0.794489 0.263630
vt 0.794498 0.281634
vt 0.870695 0.352755
vt 0.896512 0.352424
vt 0.896551 0.353103
vt 0.900856 0.829590
vt 0.926775 0.829222
vt 0.926780 0.829921
vt 0.900856 0.629021
vt 0.926775 0.628652
vt 0.926780 0.629351
vt 0.870695 0.484837
vt 0.896512 0.484505
vt 0.896551 0.485184
vt 0.900856 0.834482
vt 0.926775 0.834114
vt 0.926780 0.834812
vt 0.870695 0.739217
vt 0.896512 0.738886
vt 0.896551 0.739565
vt 0.294190 0.977924
vt 0.292262 0.962141
vt 0.296107 0.962139
vt 0.960525 0.854717
vt 0.976196 0.852795
vt 0.976195 0.856640
vt 0.002036 0.645377
vt 0.022248 0.645361
vt 0.012148 0.682460
vt 0.759812 0.514928
vt 0.794490 0.505924
vt 0.794497 0.523928
vt 0.759812 0.338715
vt 0.794489 0.329710
vt 0.794498 0.347715
vt 0.900856 0.839374
vt 0.926775 0.839006
vt 0.926780 0.839704
vt 0.870695 0.744109
vt 0.896512 0.743778
vt 0.896551 0.744457
vt 0.017139 0.876186
vt 0.017470 0.902003
vt 0.016791 0.902041
vt 0.900856 0.844266
vt 0.926775 0.843898
vt 0.926780 0.844596
vt 0.870695 0.793028
vt 0.896512 0.792697
vt 0.896551 0.793376
vt 0.900856 0.849158
vt 0.926775 0.848789
vt 0.926780 0.849488
vt 0.960525 0.760578
vt 0.976196 0.758656
vt 0.976195 0.762501
vt 0.058843 0.977924
vt 0.056914 0.962141
vt 0.060759 0.962139
vt 0.026326 0.645377
vt 0.046539 0.645361
vt 0.036438 0.682460
vt 0.147778 0.604240
vt 0.167991 0.604224
vt 0.157890 0.641323
vt 0.759812 0.294661
vt 0.794489 0.285657
vt 0.794498 0.303661
vt 0.077092 0.767713
vt 0.086097 0.802390
vt 0.068092 0.802399
vt 0.900856 0.854050
vt 0.926775 0.853681
vt 0.926780 0.854380
vt 0.870695 0.489729
vt 0.896512 0.489397
vt 0.896550 0.490076
vt 0.900856 0.858942
vt 0.926775 0.858573
vt 0.926780 0.859272
vt 0.870695 0.797932
vt 0.896512 0.797589
vt 0.896551 0.798268
vt 0.870695 0.802824
vt 0.896512 0.802481
vt 0.896551 0.803160
vt 0.900856 0.863834
vt 0.926775 0.863465
vt 0.926780 0.864164
vt 0.005776 0.962663
vt 0.003923 0.978282
vt 0.002070 0.962559
vt 0.111868 0.977931
vt 0.113752 0.962140
vt 0.115648 0.977917
vt 0.182622 0.559583
vt 0.202834 0.559567
vt 0.192734 0.596666
vt 0.099119 0.767713
vt 0.108124 0.802390
vt 0.090119 0.802399
vt 0.759812 0.404795
vt 0.794489 0.395790
vt 0.794498 0.413795
vt 0.870695 0.807704
vt 0.896512 0.807373
vt 0.896551 0.808052
vt 0.900856 0.868726
vt 0.926775 0.868357
vt 0.926780 0.869056
vt 0.870695 0.494633
vt 0.896512 0.494289
vt 0.896551 0.494968
vt 0.900856 0.873618
vt 0.926775 0.873249
vt 0.926780 0.873948
vt 0.870695 0.499512
vt 0.896512 0.499181
vt 0.896551 0.499860
vt 0.900856 0.687724
vt 0.926775 0.687356
vt 0.926780 0.688054
vt 0.119712 0.977931
vt 0.121597 0.962140
vt 0.123493 0.977917
vt 0.960577 0.813639
vt 0.976195 0.815492
vt 0.960473 0.817345
vt 0.206912 0.559583
vt 0.227125 0.559567
vt 0.217024 0.596666
vt 0.759812 0.360741
vt 0.794490 0.351737
vt 0.794498 0.369741
vt 0.900856 0.878509
vt 0.926775 0.878141
vt 0.926780 0.878840
vt 0.870695 0.504404
vt 0.896512 0.504073
vt 0.896551 0.504752
vt 0.870695 0.509296
vt 0.896512 0.508965
vt 0.896551 0.509644
vt 0.900856 0.883401
vt 0.926775 0.883033
vt 0.926780 0.883732
vt 0.900856 0.888293
vt 0.926775 0.887925
vt 0.926780 0.888624
vt 0.870695 0.514188
vt 0.896512 0.513857
vt 0.896551 0.514536
vt 0.127557 0.977931
vt 0.129441 0.962140
vt 0.131337 0.977917
vt 0.960577 0.821484
vt 0.976195 0.823337
vt 0.960473 0.825190
vt 0.050617 0.645377
vt 0.070829 0.645361
vt 0.060729 0.682460
vt 0.640785 0.767718
vt 0.658790 0.767709
vt 0.649789 0.802395
vt 0.799818 0.086097
vt 0.799809 0.068092
vt 0.834495 0.077092
vt 0.900856 0.893173
vt 0.926775 0.892817
vt 0.926780 0.893516
vt 0.870695 0.519080
vt 0.896512 0.518749
vt 0.896551 0.519428
vt 0.870695 0.523972
vt 0.896512 0.523641
vt 0.896551 0.524320
vt 0.900856 0.898077
vt 0.926775 0.897709
vt 0.926780 0.898408
vt 0.002442 0.906248
vt 0.002811 0.932167
vt 0.002112 0.932172
vt 0.870695 0.528864
vt 0.896512 0.528533
vt 0.896551 0.529212
vt 0.035303 0.962611
vt 0.037224 0.978282
vt 0.033379 0.978281
vt 0.137292 0.977924
vt 0.135364 0.962141
vt 0.139208 0.962139
vt 0.304074 0.559583
vt 0.324286 0.559567
vt 0.314186 0.596666
vt 0.799818 0.306363
vt 0.799809 0.288359
vt 0.834495 0.297359
vt 0.799818 0.108123
vt 0.799809 0.090119
vt 0.834495 0.099119
vt 0.007334 0.906248
vt 0.007703 0.932167
vt 0.007004 0.932172
vt 0.870695 0.533756
vt 0.896512 0.533424
vt 0.896551 0.534104
vt 0.012226 0.906248
vt 0.012595 0.932167
vt 0.011896 0.932172
vt 0.870695 0.538661
vt 0.896512 0.538316
vt 0.896551 0.538995
vt 0.870696 0.543540
vt 0.896512 0.543208
vt 0.896551 0.543887
vt 0.017118 0.906248
vt 0.017487 0.932167
vt 0.016788 0.932172
vt 0.960525 0.768423
vt 0.976196 0.766501
vt 0.976195 0.770346
vt 0.145137 0.977924
vt 0.143208 0.962141
vt 0.147053 0.962139
vt 0.172069 0.604240
vt 0.192281 0.604224
vt 0.182181 0.641323
vt 0.112144 0.767718
vt 0.130148 0.767709
vt 0.121148 0.802394
vt 0.266331 0.767718
vt 0.284335 0.767709
vt 0.275336 0.802394
vt 0.870695 0.357647
vt 0.896512 0.357316
vt 0.896551 0.357995
vt 0.022010 0.906248
vt 0.022379 0.932167
vt 0.021680 0.932172
vt 0.870695 0.548432
vt 0.896512 0.548100
vt 0.896551 0.548779
vt 0.026902 0.906248
vt 0.027271 0.932167
vt 0.026572 0.932172
vt 0.031794 0.906248
vt 0.032162 0.932167
vt 0.031464 0.932172
vt 0.870695 0.553324
vt 0.896512 0.552992
vt 0.896551 0.553671
vt 0.960577 0.774414
vt 0.976195 0.776268
vt 0.960473 0.778121
vt 0.151092 0.977931
vt 0.152976 0.962140
vt 0.154872 0.977917
vt 0.074907 0.645377
vt 0.095120 0.645361
vt 0.085019 0.682460
vt 0.799818 0.350417
vt 0.799809 0.332412
vt 0.834495 0.341412
vt 0.662812 0.767718
vt 0.680817 0.767709
vt 0.671816 0.802394
vt 0.036686 0.906248
vt 0.037054 0.932167
vt 0.036355 0.932172
vt 0.022030 0.876186
vt 0.022362 0.902003
vt 0.021683 0.902042
vt 0.041578 0.906248
vt 0.041946 0.932167
vt 0.041247 0.932172
vt 0.026922 0.876186
vt 0.027254 0.902003
vt 0.026575 0.902042
vt 0.046470 0.906248
vt 0.046838 0.932167
vt 0.046139 0.932172
vt 0.870695 0.558216
vt 0.896512 0.557884
vt 0.896550 0.558563
vt 0.300145 0.977931
vt 0.302030 0.962140
vt 0.303926 0.977917
vt 0.045001 0.962663
vt 0.043147 0.978282
vt 0.041294 0.962559
vt 0.279784 0.559583
vt 0.299996 0.559567
vt 0.289896 0.596666
vt 0.522687 0.559583
vt 0.542900 0.559567
vt 0.532799 0.596666
vt 0.684839 0.767718
vt 0.702843 0.767709
vt 0.693844 0.802395
vt 0.799818 0.174204
vt 0.799809 0.156199
vt 0.834495 0.165200
vt 0.870695 0.563107
vt 0.896512 0.562776
vt 0.896551 0.563455
vt 0.051362 0.906248
vt 0.051730 0.932167
vt 0.051031 0.932172
vt 0.870696 0.567999
vt 0.896512 0.567668
vt 0.896551 0.568347
vt 0.056253 0.906248
vt 0.056622 0.932167
vt 0.055923 0.932172
vt 0.870695 0.342983
vt 0.896512 0.342640
vt 0.896551 0.343319
vt 0.061145 0.906248
vt 0.061514 0.932167
vt 0.060815 0.932172
vt 0.307990 0.977931
vt 0.309874 0.962140
vt 0.311770 0.977917
vt 0.052846 0.962663
vt 0.050992 0.978282
vt 0.049139 0.962559
vt 0.644571 0.074080
vt 0.545558 0.075199
vt 0.545558 0.072820
vt 0.546219 0.107028
vt 0.642218 0.105811
vt 0.642218 0.108190
vt 0.644571 0.054296
vt 0.545558 0.055415
vt 0.545558 0.053036
vt 0.546219 0.126812
vt 0.642218 0.125596
vt 0.642218 0.127974
vt 0.644566 0.095062
vt 0.545557 0.093793
vt 0.644577 0.092666
vt 0.546275 0.119029
vt 0.642218 0.120209
vt 0.546163 0.121406
vt 0.644571 0.080675
vt 0.545557 0.081793
vt 0.545557 0.079414
vt 0.546219 0.113623
vt 0.642218 0.112406
vt 0.642218 0.114785
vt 0.838587 0.362356
vt 0.838591 0.342065
vt 0.865318 0.352208
vt 0.657904 0.806490
vt 0.678194 0.806487
vt 0.668050 0.833745
vt 0.788059 0.906249
vt 0.806086 0.906248
vt 0.797069 0.931134
vt 0.540751 0.686556
vt 0.541114 0.722411
vt 0.540373 0.722411
vt 0.719791 0.217686
vt 0.755646 0.217323
vt 0.755646 0.218064
vt 0.628806 0.686556
vt 0.629169 0.722411
vt 0.628428 0.722411
vt 0.511399 0.686556
vt 0.511763 0.722411
vt 0.511021 0.722411
vt 0.719791 0.222578
vt 0.755646 0.222215
vt 0.755646 0.222956
vt 0.633698 0.686556
vt 0.634061 0.722411
vt 0.633320 0.722411
vt 0.025522 0.936329
vt 0.024152 0.958049
vt 0.022764 0.936338
vt 0.952667 0.550816
vt 0.930961 0.549348
vt 0.952666 0.547770
vt 0.317839 0.806490
vt 0.338129 0.806487
vt 0.327985 0.833745
vt 0.721570 0.906249
vt 0.739597 0.906248
vt 0.730581 0.931134
vt 0.100200 0.876187
vt 0.118227 0.876186
vt 0.109217 0.901258
vt 0.638590 0.686556
vt 0.638953 0.722411
vt 0.638212 0.722411
vt 0.719791 0.560120
vt 0.755646 0.559757
vt 0.755646 0.560498
vt 0.719791 0.227470
vt 0.755646 0.227107
vt 0.755646 0.227848
vt 0.643481 0.686556
vt 0.643845 0.722411
vt 0.643104 0.722411
vt 0.719791 0.232362
vt 0.755646 0.231999
vt 0.755646 0.232740
vt 0.648373 0.686556
vt 0.648737 0.722411
vt 0.647995 0.722411
vt 0.952666 0.571971
vt 0.930970 0.573597
vt 0.930951 0.570456
vt 0.930957 0.856608
vt 0.952667 0.855218
vt 0.952677 0.857980
vt 0.682194 0.806490
vt 0.702485 0.806487
vt 0.692341 0.833745
vt 0.588595 0.906248
vt 0.606622 0.906248
vt 0.597604 0.931134
vt 0.454806 0.876186
vt 0.472833 0.876186
vt 0.463821 0.901258
vt 0.653265 0.686556
vt 0.653629 0.722411
vt 0.652887 0.722411
vt 0.719791 0.237254
vt 0.755646 0.236891
vt 0.755646 0.237632
vt 0.719791 0.242146
vt 0.755646 0.241783
vt 0.755646 0.242524
vt 0.658157 0.686556
vt 0.658521 0.722411
vt 0.657779 0.722411
vt 0.663049 0.686556
vt 0.663412 0.722411
vt 0.662671 0.722411
vt 0.545643 0.686556
vt 0.546006 0.722411
vt 0.545265 0.722411
vt 0.930952 0.820782
vt 0.952672 0.822152
vt 0.930961 0.823540
vt 0.952667 0.717128
vt 0.930961 0.715660
vt 0.952666 0.714082
vt 0.706485 0.806490
vt 0.726775 0.806487
vt 0.716631 0.833746
vt 0.002000 0.845353
vt 0.022290 0.845357
vt 0.012148 0.872084
vt 0.765897 0.906248
vt 0.783924 0.906248
vt 0.774906 0.931134
vt 0.271695 0.686556
vt 0.272058 0.722411
vt 0.271317 0.722411
vt 0.516291 0.686556
vt 0.516654 0.722411
vt 0.515913 0.722411
vt 0.719791 0.525876
vt 0.755646 0.525513
vt 0.755646 0.526254
vt 0.667941 0.686556
vt 0.668304 0.722411
vt 0.667563 0.722411
vt 0.550535 0.686556
vt 0.550898 0.722411
vt 0.550157 0.722411
vt 0.719791 0.247038
vt 0.755646 0.246675
vt 0.755646 0.247416
vt 0.930952 0.827672
vt 0.952672 0.829042
vt 0.930961 0.830430
vt 0.952667 0.611293
vt 0.930961 0.609825
vt 0.952666 0.608247
vt 0.838590 0.192323
vt 0.838587 0.172032
vt 0.865845 0.182176
vt 0.026290 0.845353
vt 0.046581 0.845357
vt 0.036438 0.872084
vt 0.810222 0.906248
vt 0.828249 0.906248
vt 0.819232 0.931134
vt 0.276587 0.686556
vt 0.276950 0.722411
vt 0.276209 0.722411
vt 0.281479 0.686556
vt 0.281842 0.722411
vt 0.281101 0.722411
vt 0.496724 0.686556
vt 0.497087 0.722411
vt 0.496346 0.722411
vt 0.719791 0.555228
vt 0.755646 0.554865
vt 0.755646 0.555606
vt 0.719791 0.251930
vt 0.755646 0.251567
vt 0.755646 0.252308
vt 0.672833 0.686556
vt 0.673196 0.722411
vt 0.672455 0.722411
vt 0.952666 0.723165
vt 0.930970 0.724790
vt 0.930951 0.721649
vt 0.930957 0.773936
vt 0.952667 0.772546
vt 0.952677 0.775308
vt 0.352274 0.806489
vt 0.362378 0.833679
vt 0.342174 0.833812
vt 0.230758 0.845355
vt 0.240866 0.872080
vt 0.220655 0.872088
vt 0.476969 0.876186
vt 0.494996 0.876186
vt 0.485984 0.901258
vt 0.930868 0.197392
vt 0.930868 0.179366
vt 0.955754 0.188383
vt 0.555056 0.686556
vt 0.555797 0.686556
vt 0.555419 0.722411
vt 0.719791 0.257193
vt 0.719791 0.256452
vt 0.755646 0.256829
vt 0.719791 0.262085
vt 0.719791 0.261343
vt 0.755647 0.261721
vt 0.677354 0.686556
vt 0.678095 0.686556
vt 0.677717 0.722411
vt 0.719791 0.266976
vt 0.719791 0.266235
vt 0.755646 0.266613
vt 0.256648 0.686556
vt 0.257389 0.686556
vt 0.257011 0.722411
vt 0.952666 0.730724
vt 0.930970 0.732350
vt 0.930951 0.729209
vt 0.031033 0.936334
vt 0.032423 0.958044
vt 0.029661 0.958055
vt 0.838588 0.012145
vt 0.865778 0.002042
vt 0.865912 0.022245
vt 0.838589 0.425081
vt 0.865314 0.414973
vt 0.865322 0.435185
vt 0.499132 0.876186
vt 0.517158 0.876186
vt 0.508147 0.901258
vt 0.743733 0.906249
vt 0.761760 0.906248
vt 0.752744 0.931134
vt 0.682246 0.686556
vt 0.682987 0.686556
vt 0.682609 0.722411
vt 0.719791 0.271868
vt 0.719791 0.271127
vt 0.755646 0.271505
vt 0.719791 0.276760
vt 0.719791 0.276019
vt 0.755646 0.276397
vt 0.687138 0.686556
vt 0.687879 0.686556
vt 0.687501 0.722411
vt 0.692030 0.686556
vt 0.692771 0.686556
vt 0.692393 0.722411
vt 0.559948 0.686556
vt 0.560689 0.686556
vt 0.560311 0.722411
vt 0.952666 0.451017
vt 0.930970 0.452642
vt 0.930951 0.449502
vt 0.930957 0.760157
vt 0.952667 0.758767
vt 0.952677 0.761528
vt 0.595178 0.806489
vt 0.605281 0.833679
vt 0.585078 0.833813
vt 0.832385 0.906248
vt 0.850412 0.906248
vt 0.841395 0.931134
vt 0.521294 0.876186
vt 0.539321 0.876186
vt 0.530309 0.901258
vt 0.564840 0.686556
vt 0.565581 0.686556
vt 0.565203 0.722411
vt 0.696922 0.686556
vt 0.697663 0.686556
vt 0.697285 0.722411
vt 0.701814 0.686556
vt 0.702555 0.686556
vt 0.702177 0.722411
vt 0.719791 0.501788
vt 0.719791 0.501047
vt 0.755646 0.501424
vt 0.378947 0.686556
vt 0.379688 0.686556
vt 0.379310 0.722411
vt 0.719791 0.281652
vt 0.719791 0.280911
vt 0.755646 0.281289
vt 0.930952 0.910344
vt 0.952672 0.911714
vt 0.930961 0.913102
vt 0.952667 0.520577
vt 0.930961 0.519109
vt 0.952666 0.517531
vt 0.376565 0.806489
vt 0.386668 0.833678
vt 0.366465 0.833812
vt 0.838589 0.255049
vt 0.865314 0.244940
vt 0.865322 0.265152
vt 0.344804 0.906249
vt 0.362831 0.906248
vt 0.353814 0.931134
vt 0.543457 0.876186
vt 0.561484 0.876186
vt 0.552472 0.901258
vt 0.706706 0.686556
vt 0.707447 0.686556
vt 0.707069 0.722411
vt 0.719791 0.286544
vt 0.719791 0.285803
vt 0.755647 0.286181
vt 0.711598 0.686556
vt 0.712339 0.686556
vt 0.711961 0.722411
vt 0.719791 0.291436
vt 0.719791 0.290695
vt 0.755646 0.291073
vt 0.569732 0.686556
vt 0.570473 0.686556
vt 0.570095 0.722411
vt 0.457217 0.686556
vt 0.457959 0.686556
vt 0.457581 0.722411
vt 0.952667 0.581054
vt 0.930961 0.579587
vt 0.952666 0.578008
vt 0.039301 0.936329
vt 0.037931 0.958049
vt 0.036543 0.936338
vt 0.619469 0.806489
vt 0.629572 0.833678
vt 0.609368 0.833812
vt 0.060726 0.845355
vt 0.070834 0.872080
vt 0.050623 0.872088
vt 0.854547 0.906249
vt 0.872574 0.906248
vt 0.863557 0.931134
vt 0.565619 0.876187
vt 0.583646 0.876186
vt 0.574635 0.901258
vt 0.719791 0.002813
vt 0.719791 0.002072
vt 0.755646 0.002450
vt 0.369163 0.686556
vt 0.369904 0.686556
vt 0.369526 0.722411
vt 0.719791 0.007705
vt 0.719791 0.006964
vt 0.755646 0.007342
vt 0.719791 0.296328
vt 0.719791 0.295587
vt 0.755646 0.295965
vt 0.719791 0.012597
vt 0.719791 0.011856
vt 0.755646 0.012234
vt 0.462110 0.686556
vt 0.462851 0.686556
vt 0.462473 0.722411
vt 0.952667 0.543256
vt 0.930961 0.541788
vt 0.952666 0.540210
vt 0.930952 0.834561
vt 0.952672 0.835931
vt 0.930961 0.837319
vt 0.390710 0.806490
vt 0.411000 0.806487
vt 0.400857 0.833745
vt 0.596796 0.876186
vt 0.605816 0.901247
vt 0.587780 0.901268
vt 0.309491 0.906248
vt 0.318484 0.931124
vt 0.300493 0.931145
vt 0.232189 0.686556
vt 0.232930 0.686556
vt 0.232552 0.722411
vt 0.374055 0.686556
vt 0.374796 0.686556
vt 0.374418 0.722411
vt 0.719791 0.300849
vt 0.755646 0.300486
vt 0.755646 0.301227
vt 0.198316 0.686556
vt 0.198679 0.722411
vt 0.197938 0.722411
vt 0.719791 0.017118
vt 0.755646 0.016755
vt 0.755646 0.017496
vt 0.719791 0.305741
vt 0.755646 0.305377
vt 0.755646 0.306119
vt 0.930952 0.779446
vt 0.952672 0.780816
vt 0.930961 0.782204
vt 0.952667 0.467659
vt 0.930961 0.466191
vt 0.952666 0.464613
vt 0.838590 0.240903
vt 0.838587 0.220613
vt 0.865845 0.230757
vt 0.618958 0.876186
vt 0.627978 0.901247
vt 0.609943 0.901268
vt 0.930868 0.210543
vt 0.955743 0.201550
vt 0.955764 0.219541
vt 0.393994 0.686556
vt 0.394357 0.722411
vt 0.393616 0.722411
vt 0.237452 0.686556
vt 0.237815 0.722411
vt 0.237074 0.722411
vt 0.719791 0.022010
vt 0.755646 0.021647
vt 0.755646 0.022388
vt 0.467372 0.686556
vt 0.467735 0.722411
vt 0.466994 0.722411
vt 0.345074 0.686556
vt 0.345438 0.722411
vt 0.344696 0.722411
vt 0.296155 0.686556
vt 0.296518 0.722411
vt 0.295777 0.722411
vt 0.930957 0.918612
vt 0.952667 0.917222
vt 0.952677 0.919984
vt 0.952667 0.556852
vt 0.930970 0.558478
vt 0.930951 0.555337
vt 0.415000 0.806490
vt 0.435291 0.806487
vt 0.425147 0.833745
vt 0.838587 0.775292
vt 0.838591 0.755002
vt 0.865318 0.765144
vt 0.686259 0.906248
vt 0.695251 0.931124
vt 0.677259 0.931145
vt 0.641122 0.876186
vt 0.650141 0.901247
vt 0.632105 0.901268
vt 0.719791 0.310633
vt 0.755646 0.310269
vt 0.755646 0.311011
vt 0.242343 0.686556
vt 0.242707 0.722411
vt 0.241966 0.722411
vt 0.719791 0.026902
vt 0.755646 0.026539
vt 0.755646 0.027280
vt 0.438021 0.686556
vt 0.438384 0.722411
vt 0.437643 0.722411
vt 0.719791 0.031794
vt 0.755646 0.031430
vt 0.755646 0.032171
vt 0.442913 0.686556
vt 0.443276 0.722411
vt 0.442535 0.722411
vt 0.930957 0.925502
vt 0.952667 0.924112
vt 0.952677 0.926873
vt 0.952666 0.587091
vt 0.930970 0.588717
vt 0.930951 0.585576
vt 0.755066 0.806490
vt 0.775356 0.806487
vt 0.765212 0.833745
vt 0.375980 0.906248
vt 0.384973 0.931124
vt 0.366981 0.931145
vt 0.064889 0.876186
vt 0.073909 0.901247
vt 0.055873 0.901268
vt 0.579886 0.686556
vt 0.580250 0.722411
vt 0.579508 0.722411
vt 0.574994 0.686556
vt 0.575358 0.722411
vt 0.574616 0.722411
vt 0.719791 0.036685
vt 0.755646 0.036322
vt 0.755646 0.037063
vt 0.719791 0.315525
vt 0.755646 0.315162
vt 0.755646 0.315903
vt 0.719791 0.320416
vt 0.755646 0.320053
vt 0.755646 0.320794
vt 0.193424 0.686556
vt 0.193787 0.722411
vt 0.193046 0.722411
vt 0.930952 0.786335
vt 0.952672 0.787705
vt 0.930961 0.789093
vt 0.952667 0.505458
vt 0.930961 0.503990
vt 0.952666 0.502411
vt 0.838590 0.046581
vt 0.838587 0.026290
vt 0.865845 0.036434
vt 0.331656 0.906248
vt 0.340647 0.931124
vt 0.322655 0.931144
vt 0.719791 0.325308
vt 0.755646 0.324945
vt 0.755646 0.325686
vt 0.203208 0.686556
vt 0.203571 0.722411
vt 0.202830 0.722411
vt 0.521183 0.686556
vt 0.521546 0.722411
vt 0.520805 0.722411
vt 0.584778 0.686556
vt 0.585141 0.722411
vt 0.584400 0.722411
vt 0.139613 0.686556
vt 0.139976 0.722411
vt 0.139235 0.722411
vt 0.183640 0.686556
vt 0.184004 0.722411
vt 0.183262 0.722411
vt 0.010365 0.936334
vt 0.011755 0.958044
vt 0.008993 0.958055
vt 0.952666 0.534173
vt 0.930970 0.535799
vt 0.930951 0.532658
vt 0.779356 0.806490
vt 0.799646 0.806487
vt 0.789503 0.833745
vt 0.930868 0.241718
vt 0.930868 0.223692
vt 0.955754 0.232708
vt 0.676434 0.876186
vt 0.694460 0.876186
vt 0.685449 0.901258
vt 0.719791 0.041577
vt 0.755646 0.041214
vt 0.755646 0.041955
vt 0.719791 0.330200
vt 0.755647 0.329837
vt 0.755646 0.330578
vt 0.472264 0.686556
vt 0.472627 0.722411
vt 0.471886 0.722411
vt 0.719791 0.335092
vt 0.755646 0.334729
vt 0.755646 0.335470
vt 0.325507 0.686556
vt 0.325870 0.722411
vt 0.325129 0.722411
vt 0.589670 0.686556
vt 0.590033 0.722411
vt 0.589292 0.722411
vt 0.952666 0.640008
vt 0.930970 0.641634
vt 0.930951 0.638493
vt 0.930957 0.767046
vt 0.952667 0.765656
vt 0.952677 0.768418
vt 0.317774 0.845353
vt 0.338065 0.845357
vt 0.327922 0.872084
vt 0.389129 0.906249
vt 0.407156 0.906248
vt 0.398140 0.931134
vt 0.698596 0.876186
vt 0.716623 0.876186
vt 0.707611 0.901258
vt 0.354858 0.686556
vt 0.355221 0.722411
vt 0.354480 0.722411
vt 0.719791 0.046469
vt 0.755646 0.046106
vt 0.755646 0.046847
vt 0.320615 0.686556
vt 0.320978 0.722411
vt 0.320237 0.722411
vt 0.398886 0.686556
vt 0.399249 0.722411
vt 0.398508 0.722411
vt 0.144505 0.686556
vt 0.144868 0.722411
vt 0.144127 0.722411
vt 0.403777 0.686556
vt 0.404141 0.722411
vt 0.403399 0.722411
vt 0.952666 0.685366
vt 0.930970 0.686992
vt 0.930951 0.683851
vt 0.044811 0.936334
vt 0.046201 0.958044
vt 0.043439 0.958055
vt 0.439291 0.806490
vt 0.459581 0.806487
vt 0.449438 0.833745
vt 0.930868 0.130905
vt 0.930868 0.112878
vt 0.955754 0.121895
vt 0.211015 0.876187
vt 0.229042 0.876186
vt 0.220031 0.901258
vt 0.188532 0.686556
vt 0.188896 0.722411
vt 0.188154 0.722411
vt 0.310831 0.686556
vt 0.311194 0.722411
vt 0.310453 0.722411
vt 0.719791 0.339984
vt 0.755646 0.339621
vt 0.755646 0.340362
vt 0.719791 0.051361
vt 0.755646 0.050998
vt 0.755646 0.051739
vt 0.719791 0.344876
vt 0.755646 0.344513
vt 0.755646 0.345254
vt 0.719791 0.056253
vt 0.755646 0.055890
vt 0.755646 0.056631
vt 0.930952 0.875897
vt 0.952672 0.877267
vt 0.930961 0.878655
vt 0.952667 0.633972
vt 0.930961 0.632504
vt 0.952666 0.630926
vt 0.633614 0.806490
vt 0.653904 0.806487
vt 0.643760 0.833745
vt 0.411292 0.906249
vt 0.429319 0.906248
vt 0.420302 0.931134
vt 0.720759 0.876186
vt 0.738786 0.876186
vt 0.729774 0.901258
vt 0.719791 0.061145
vt 0.755646 0.060782
vt 0.755646 0.061523
vt 0.408669 0.686556
vt 0.409032 0.722411
vt 0.408291 0.722411
vt 0.719791 0.349768
vt 0.755646 0.349405
vt 0.755646 0.350146
vt 0.719791 0.066037
vt 0.755646 0.065674
vt 0.755646 0.066415
vt 0.149397 0.686556
vt 0.149760 0.722411
vt 0.149019 0.722411
vt 0.719791 0.070929
vt 0.755646 0.070566
vt 0.755646 0.071307
vt 0.930952 0.869008
vt 0.952672 0.870378
vt 0.930961 0.871766
vt 0.952667 0.460099
vt 0.930961 0.458632
vt 0.952666 0.457053
vt 0.838591 0.095161
vt 0.838587 0.074871
vt 0.865845 0.085015
vt 0.838587 0.556679
vt 0.838591 0.536388
vt 0.865318 0.546531
vt 0.699408 0.906249
vt 0.717434 0.906248
vt 0.708418 0.931134
vt 0.742922 0.876186
vt 0.760948 0.876186
vt 0.751937 0.901258
vt 0.477156 0.686556
vt 0.477519 0.722411
vt 0.476778 0.722411
vt 0.301047 0.686556
vt 0.301410 0.722411
vt 0.300669 0.722411
vt 0.330399 0.686556
vt 0.330762 0.722411
vt 0.330021 0.722411
vt 0.719791 0.354660
vt 0.755646 0.354296
vt 0.755646 0.355038
vt 0.719791 0.075821
vt 0.755646 0.075458
vt 0.755646 0.076199
vt 0.335291 0.686556
vt 0.335654 0.722411
vt 0.334913 0.722411
vt 0.004854 0.936329
vt 0.003484 0.958049
vt 0.002096 0.936338
vt 0.952667 0.475219
vt 0.930961 0.473751
vt 0.952666 0.472173
vt 0.446793 0.138113
vt 0.447908 0.002099
vt 0.449134 0.138112
vt 0.491801 0.002109
vt 0.490902 0.138113
vt 0.489991 0.002071
vt 0.427382 0.357615
vt 0.428287 0.493638
vt 0.426489 0.493638
vt 0.438125 0.422845
vt 0.436843 0.286823
vt 0.439296 0.286840
vt 0.452233 0.282624
vt 0.450951 0.146603
vt 0.453404 0.146620
vt 0.493995 0.286822
vt 0.494900 0.422846
vt 0.493102 0.422845
vt 0.408151 0.363063
vt 0.409056 0.499086
vt 0.407258 0.499085
vt 0.445179 0.282624
vt 0.443897 0.146603
vt 0.446350 0.146620
vt 0.220649 0.604240
vt 0.240862 0.604224
vt 0.230761 0.641323
vt 0.352655 0.559583
vt 0.372867 0.559567
vt 0.362767 0.596666
vt 0.799818 0.328390
vt 0.799809 0.310386
vt 0.834495 0.319386
vt 0.870695 0.846840
vt 0.896512 0.846509
vt 0.896550 0.847188
vt 0.066050 0.906248
vt 0.066406 0.932167
vt 0.065707 0.932172
vt 0.070942 0.906248
vt 0.071298 0.932167
vt 0.070599 0.932172
vt 0.870695 0.851731
vt 0.896512 0.851400
vt 0.896551 0.852079
vt 0.870695 0.572891
vt 0.896512 0.572560
vt 0.896551 0.573239
vt 0.075821 0.906248
vt 0.076189 0.932167
vt 0.075491 0.932172
vt 0.160820 0.962140
vt 0.162717 0.977917
vt 0.158937 0.977931
vt 0.976195 0.784114
vt 0.960473 0.785966
vt 0.960577 0.782259
vt 0.074907 0.604240
vt 0.095120 0.604224
vt 0.085019 0.641323
vt 0.099198 0.645377
vt 0.119410 0.645361
vt 0.109310 0.682460
vt 0.596732 0.767718
vt 0.614736 0.767709
vt 0.605737 0.802395
vt 0.080713 0.906248
vt 0.081081 0.932167
vt 0.080383 0.932172
vt 0.870695 0.577783
vt 0.896512 0.577452
vt 0.896551 0.578131
vt 0.870695 0.856624
vt 0.896512 0.856292
vt 0.896551 0.856971
vt 0.085605 0.906248
vt 0.085973 0.932167
vt 0.085275 0.932172
vt 0.870695 0.582688
vt 0.896512 0.582344
vt 0.896551 0.583023
vt 0.090497 0.906248
vt 0.090865 0.932167
vt 0.090167 0.932172
vt 0.976195 0.886098
vt 0.960473 0.887950
vt 0.960577 0.884244
vt 0.168665 0.962140
vt 0.170562 0.977917
vt 0.166782 0.977931
vt 0.123488 0.645377
vt 0.143700 0.645361
vt 0.133600 0.682460
vt 0.546978 0.559583
vt 0.567190 0.559567
vt 0.557090 0.596666
vt 0.618759 0.767718
vt 0.636763 0.767709
vt 0.627763 0.802395
vt 0.759816 0.612037
vt 0.759808 0.594033
vt 0.794493 0.603032
vt 0.095389 0.906248
vt 0.095757 0.932167
vt 0.095059 0.932172
vt 0.870695 0.861515
vt 0.896512 0.861184
vt 0.896551 0.861863
vt 0.870695 0.587567
vt 0.896512 0.587236
vt 0.896551 0.587915
vt 0.100281 0.906248
vt 0.100649 0.932167
vt 0.099950 0.932172
vt 0.870695 0.592459
vt 0.896512 0.592128
vt 0.896551 0.592807
vt 0.900856 0.692616
vt 0.926775 0.692248
vt 0.926780 0.692946
vt 0.976195 0.793881
vt 0.960525 0.791957
vt 0.976196 0.790036
vt 0.178433 0.962139
vt 0.176517 0.977924
vt 0.174588 0.962141
vt 0.328364 0.559583
vt 0.348577 0.559567
vt 0.338476 0.596666
vt 0.759816 0.391770
vt 0.759807 0.373765
vt 0.794493 0.382765
vt 0.759816 0.700144
vt 0.759808 0.682139
vt 0.794493 0.691139
vt 0.031814 0.876186
vt 0.032146 0.902003
vt 0.031467 0.902042
vt 0.900856 0.697508
vt 0.926775 0.697140
vt 0.926780 0.697838
vt 0.870695 0.597351
vt 0.896512 0.597020
vt 0.896551 0.597699
vt 0.900856 0.682832
vt 0.926775 0.682464
vt 0.926780 0.683162
vt 0.870696 0.602243
vt 0.896512 0.601911
vt 0.896551 0.602591
vt 0.900856 0.663264
vt 0.926775 0.662896
vt 0.926780 0.663595
vt 0.358866 0.962139
vt 0.356950 0.977924
vt 0.355021 0.962141
vt 0.976195 0.801726
vt 0.960525 0.799803
vt 0.976196 0.797881
vt 0.172069 0.645377
vt 0.192281 0.645361
vt 0.182181 0.682460
vt 0.376945 0.559583
vt 0.397158 0.559567
vt 0.387057 0.596666
vt 0.799818 0.262310
vt 0.799809 0.244305
vt 0.834495 0.253306
vt 0.870695 0.607135
vt 0.896512 0.606803
vt 0.896551 0.607482
vt 0.105173 0.906248
vt 0.105541 0.932167
vt 0.104842 0.932172
vt 0.870695 0.612027
vt 0.896512 0.611696
vt 0.896551 0.612375
vt 0.900856 0.668156
vt 0.926775 0.667788
vt 0.926780 0.668486
vt 0.870695 0.616919
vt 0.896512 0.616588
vt 0.896551 0.617267
vt 0.110064 0.906248
vt 0.110433 0.932167
vt 0.109734 0.932172
vt 0.351021 0.962139
vt 0.349105 0.977924
vt 0.347176 0.962141
vt 0.976195 0.895864
vt 0.960525 0.893941
vt 0.976196 0.892020
vt 0.255046 0.604232
vt 0.265158 0.641315
vt 0.244946 0.641331
vt 0.119857 0.559575
vt 0.129969 0.596658
vt 0.109757 0.596674
vt 0.728892 0.767718
vt 0.746897 0.767709
vt 0.737896 0.802395
vt 0.799818 0.372443
vt 0.799809 0.354439
vt 0.834495 0.363439
vt 0.114618 0.906248
vt 0.115295 0.906248
vt 0.114976 0.932169
vt 0.870695 0.622149
vt 0.870696 0.621473
vt 0.896531 0.621819
vt 0.119522 0.906248
vt 0.120199 0.906248
vt 0.119868 0.932169
vt 0.870695 0.773799
vt 0.870696 0.773122
vt 0.896531 0.773469
vt 0.900856 0.673386
vt 0.900856 0.672710
vt 0.926777 0.673029
vt 0.870695 0.783595
vt 0.870695 0.782919
vt 0.896531 0.783252
vt 0.976195 0.831183
vt 0.960473 0.833035
vt 0.960577 0.829329
vt 0.262804 0.962140
vt 0.264701 0.977917
vt 0.260921 0.977931
vt 0.109304 0.604232
vt 0.119416 0.641315
vt 0.099203 0.641331
vt 0.206466 0.645369
vt 0.216577 0.682452
vt 0.196365 0.682468
vt 0.134170 0.767718
vt 0.152175 0.767709
vt 0.143175 0.802395
vt 0.799818 0.438524
vt 0.799809 0.420519
vt 0.834495 0.429519
vt 0.900856 0.678278
vt 0.900856 0.677602
vt 0.926777 0.677921
vt 0.870695 0.627041
vt 0.870696 0.626365
vt 0.896531 0.626711
vt 0.124402 0.906248
vt 0.125078 0.906248
vt 0.124760 0.932169
vt 0.870695 0.631945
vt 0.870695 0.631269
vt 0.896531 0.631603
vt 0.129294 0.906248
vt 0.129970 0.906248
vt 0.129652 0.932169
vt 0.036368 0.876186
vt 0.037044 0.876187
vt 0.036698 0.902022
vt 0.333408 0.962140
vt 0.335305 0.977917
vt 0.331525 0.977931
vt 0.976195 0.901788
vt 0.960473 0.903640
vt 0.960577 0.899933
vt 0.241309 0.559575
vt 0.251421 0.596658
vt 0.231209 0.596674
vt 0.230756 0.645369
vt 0.240868 0.682452
vt 0.220655 0.682468
vt 0.288358 0.767718
vt 0.306362 0.767709
vt 0.297362 0.802395
vt 0.759816 0.325690
vt 0.759808 0.307685
vt 0.794493 0.316685
vt 0.134186 0.906248
vt 0.134862 0.906248
vt 0.134544 0.932169
vt 0.870695 0.636825
vt 0.870696 0.636149
vt 0.896531 0.636495
vt 0.870695 0.778691
vt 0.870696 0.778015
vt 0.896531 0.778361
vt 0.139078 0.906248
vt 0.139754 0.906248
vt 0.139436 0.932169
vt 0.870695 0.372661
vt 0.870696 0.371985
vt 0.896531 0.372331
vt 0.143982 0.906248
vt 0.144659 0.906248
vt 0.144328 0.932169
vt 0.319641 0.962139
vt 0.317725 0.977924
vt 0.315796 0.962141
vt 0.976195 0.840950
vt 0.960525 0.839027
vt 0.976196 0.837105
vt 0.581375 0.559575
vt 0.591487 0.596658
vt 0.571274 0.596674
vt 0.255046 0.645369
vt 0.265158 0.682452
vt 0.244946 0.682468
vt 0.156197 0.767718
vt 0.174202 0.767709
vt 0.165202 0.802395
vt 0.799818 0.394470
vt 0.799809 0.376465
vt 0.834495 0.385465
vt 0.148862 0.906248
vt 0.149538 0.906248
vt 0.149219 0.932169
vt 0.870695 0.812934
vt 0.870696 0.812258
vt 0.896531 0.812604
vt 0.870695 0.362877
vt 0.870696 0.362201
vt 0.896531 0.362547
vt 0.153754 0.906248
vt 0.154430 0.906248
vt 0.154111 0.932169
vt 0.900856 0.653806
vt 0.900856 0.653130
vt 0.926778 0.653461
vt 0.870695 0.367781
vt 0.870695 0.367105
vt 0.896531 0.367439
vt 0.186278 0.962139
vt 0.184362 0.977924
vt 0.182433 0.962141
vt 0.976195 0.848795
vt 0.960525 0.846872
vt 0.976196 0.844950
vt 0.206465 0.604232
vt 0.216577 0.641315
vt 0.196365 0.641331
vt 0.279337 0.645369
vt 0.289449 0.682452
vt 0.269236 0.682468
vt 0.310384 0.767718
vt 0.328389 0.767709
vt 0.319388 0.802395
vt 0.759816 0.435824
vt 0.759807 0.417819
vt 0.794493 0.426819
vt 0.007004 0.876186
vt 0.007680 0.876186
vt 0.007347 0.902022
vt 0.158646 0.906248
vt 0.159322 0.906248
vt 0.159003 0.932169
vt 0.870695 0.641729
vt 0.870695 0.641053
vt 0.896531 0.641386
vt 0.163537 0.906248
vt 0.164214 0.906248
vt 0.163895 0.932169
vt 0.870695 0.749339
vt 0.870696 0.748663
vt 0.896531 0.749009
vt 0.168430 0.906248
vt 0.169106 0.906248
vt 0.168787 0.932169
vt 0.194123 0.962139
vt 0.192207 0.977924
vt 0.190278 0.962141
vt 0.976195 0.699742
vt 0.960525 0.697819
vt 0.976196 0.695897
vt 0.293521 0.645377
vt 0.313733 0.645361
vt 0.303633 0.682460
vt 0.341414 0.767713
vt 0.350418 0.802390
vt 0.332413 0.802399
vt 0.759812 0.448848
vt 0.794489 0.439844
vt 0.794498 0.457848
vt 0.173321 0.906248
vt 0.173998 0.906248
vt 0.173679 0.932169
vt 0.870695 0.754231
vt 0.870696 0.753555
vt 0.896531 0.753901
vt 0.002463 0.876186
vt 0.002794 0.902003
vt 0.002115 0.902042
vt 0.900856 0.633913
vt 0.926775 0.633544
vt 0.926780 0.634243
vt 0.178213 0.906248
vt 0.178889 0.906248
vt 0.178571 0.932169
vt 0.870695 0.646608
vt 0.870696 0.645932
vt 0.896531 0.646279
vt 0.239269 0.962140
vt 0.241166 0.977917
vt 0.237386 0.977931
vt 0.976195 0.862563
vt 0.960473 0.864415
vt 0.960577 0.860709
vt 0.317811 0.645377
vt 0.338023 0.645361
vt 0.327923 0.682460
vt 0.495600 0.767713
vt 0.504605 0.802390
vt 0.486600 0.802399
vt 0.183105 0.906248
vt 0.183781 0.906248
vt 0.183463 0.932169
vt 0.041260 0.876186
vt 0.041936 0.876186
vt 0.041590 0.902022
vt 0.870695 0.651175
vt 0.896512 0.650831
vt 0.896551 0.651510
vt 0.900856 0.638805
vt 0.926775 0.638436
vt 0.926780 0.639135
vt 0.187997 0.906248
vt 0.188673 0.906248
vt 0.188355 0.932169
vt 0.870695 0.817838
vt 0.870695 0.817162
vt 0.896531 0.817496
vt 0.286339 0.962140
vt 0.288236 0.977917
vt 0.284455 0.977931
vt 0.976195 0.705665
vt 0.960473 0.707517
vt 0.960577 0.703810
vt 0.366392 0.645377
vt 0.386604 0.645361
vt 0.376504 0.682460
vt 0.385467 0.767713
vt 0.394471 0.802390
vt 0.376467 0.802399
vt 0.759812 0.536955
vt 0.794489 0.527950
vt 0.794498 0.545955
vt 0.870695 0.822730
vt 0.870695 0.822054
vt 0.896531 0.822388
vt 0.192889 0.906248
vt 0.193566 0.906248
vt 0.193247 0.932169
vt 0.198119 0.906248
vt 0.198488 0.932167
vt 0.197789 0.932172
vt 0.870695 0.827284
vt 0.896512 0.826940
vt 0.896551 0.827619
vt 0.202685 0.906248
vt 0.203361 0.906248
vt 0.203031 0.932169
vt 0.870695 0.656392
vt 0.870696 0.655716
vt 0.896531 0.656062
vt 0.976195 0.911554
vt 0.960525 0.909631
vt 0.976196 0.907709
vt 0.201968 0.962139
vt 0.200052 0.977924
vt 0.198123 0.962141
vt 0.414973 0.645377
vt 0.435185 0.645361
vt 0.425084 0.682460
vt 0.187226 0.767713
vt 0.196231 0.802390
vt 0.178226 0.802399
vt 0.759812 0.713169
vt 0.794489 0.704164
vt 0.794498 0.722169
vt 0.207565 0.906248
vt 0.208241 0.906248
vt 0.207922 0.932169
vt 0.046152 0.876186
vt 0.046828 0.876186
vt 0.046482 0.902022
vt 0.870695 0.660946
vt 0.896512 0.660615
vt 0.896551 0.661294
vt 0.212795 0.906248
vt 0.213163 0.932167
vt 0.212465 0.932172
vt 0.217349 0.906248
vt 0.218025 0.906248
vt 0.217706 0.932169
vt 0.051044 0.876186
vt 0.051720 0.876187
vt 0.051374 0.902022
vt 0.280417 0.962139
vt 0.278501 0.977924
vt 0.276572 0.962141
vt 0.976195 0.715431
vt 0.960525 0.713508
vt 0.976196 0.711586
vt 0.463553 0.645377
vt 0.483766 0.645361
vt 0.473665 0.682460
vt 0.759922 0.767713
vt 0.768926 0.802390
vt 0.750921 0.802399
vt 0.759812 0.647089
vt 0.794489 0.638084
vt 0.794498 0.656089
vt 0.900856 0.658710
vt 0.900856 0.658034
vt 0.926777 0.658353
vt 0.870695 0.666176
vt 0.870696 0.665500
vt 0.896531 0.665846
vt 0.870695 0.670730
vt 0.896512 0.670399
vt 0.896551 0.671078
vt 0.222579 0.906248
vt 0.222947 0.932167
vt 0.222248 0.932172
vt 0.870695 0.675622
vt 0.896512 0.675291
vt 0.896551 0.675970
vt 0.227470 0.906248
vt 0.227839 0.932167
vt 0.227140 0.932172
vt 0.209813 0.962139
vt 0.207897 0.977924
vt 0.205968 0.962141
vt 0.025535 0.978281
vt 0.027458 0.962611
vt 0.029379 0.978282
vt 0.487844 0.645377
vt 0.508056 0.645361
vt 0.497956 0.682460
vt 0.398491 0.767718
vt 0.416496 0.767709
vt 0.407496 0.802394
vt 0.508625 0.767718
vt 0.526630 0.767709
vt 0.517630 0.802395
vt 0.232024 0.906248
vt 0.232701 0.906248
vt 0.232382 0.932169
vt 0.870695 0.680852
vt 0.870696 0.680176
vt 0.896531 0.680522
vt 0.870695 0.685744
vt 0.870696 0.685068
vt 0.896531 0.685414
vt 0.236916 0.906248
vt 0.237592 0.906248
vt 0.237274 0.932169
vt 0.241808 0.906248
vt 0.242484 0.906248
vt 0.242166 0.932169
vt 0.870695 0.690636
vt 0.870696 0.689960
vt 0.896531 0.690306
vt 0.247114 0.962140
vt 0.249011 0.977917
vt 0.245231 0.977931
vt 0.976195 0.721354
vt 0.960473 0.723206
vt 0.960577 0.719500
vt 0.609295 0.645377
vt 0.629508 0.645361
vt 0.619407 0.682460
vt 0.512134 0.645377
vt 0.532346 0.645361
vt 0.522246 0.682460
vt 0.799818 0.152177
vt 0.799809 0.134172
vt 0.834495 0.143172
vt 0.420518 0.767718
vt 0.438523 0.767709
vt 0.429523 0.802395
vt 0.870695 0.866745
vt 0.870696 0.866069
vt 0.896531 0.866415
vt 0.246700 0.906248
vt 0.247377 0.906248
vt 0.247058 0.932169
vt 0.251592 0.906248
vt 0.252268 0.906248
vt 0.251950 0.932169
vt 0.870695 0.871637
vt 0.870696 0.870961
vt 0.896531 0.871308
vt 0.870695 0.695528
vt 0.870696 0.694852
vt 0.896531 0.695198
vt 0.900856 0.644035
vt 0.900856 0.643358
vt 0.926777 0.643677
vt 0.976195 0.729199
vt 0.960473 0.731051
vt 0.960577 0.727345
vt 0.215735 0.962140
vt 0.217632 0.977917
vt 0.213852 0.977931
vt 0.134041 0.559583
vt 0.154254 0.559567
vt 0.144153 0.596666
vt 0.442545 0.767718
vt 0.460549 0.767709
vt 0.451550 0.802394
vt 0.530652 0.767718
vt 0.548656 0.767709
vt 0.539656 0.802395
vt 0.256484 0.906248
vt 0.257160 0.906248
vt 0.256841 0.932169
vt 0.870695 0.700419
vt 0.870696 0.699743
vt 0.896531 0.700090
vt 0.261376 0.906248
vt 0.262052 0.906248
vt 0.261733 0.932169
vt 0.870695 0.705311
vt 0.870696 0.704635
vt 0.896531 0.704982
vt 0.266268 0.906248
vt 0.266944 0.906248
vt 0.266625 0.932169
vt 0.870695 0.710216
vt 0.870695 0.709540
vt 0.896531 0.709873
vt 0.366711 0.962139
vt 0.364794 0.977924
vt 0.362866 0.962141
vt 0.976195 0.738966
vt 0.960525 0.737043
vt 0.976196 0.735121
vt 0.633586 0.645377
vt 0.653798 0.645361
vt 0.643698 0.682460
vt 0.552679 0.767718
vt 0.570683 0.767709
vt 0.561683 0.802395
vt 0.464572 0.767718
vt 0.482576 0.767709
vt 0.473576 0.802394
vt 0.271160 0.906248
vt 0.271836 0.906248
vt 0.271517 0.932169
vt 0.870695 0.715108
vt 0.870695 0.714432
vt 0.896531 0.714765
vt 0.276064 0.906248
vt 0.276740 0.906248
vt 0.276409 0.932169
vt 0.870695 0.720000
vt 0.870695 0.719323
vt 0.896531 0.719657
vt 0.870695 0.348213
vt 0.870695 0.347537
vt 0.896531 0.347871
vt 0.280943 0.906248
vt 0.281620 0.906248
vt 0.281301 0.932169
vt 0.225503 0.962139
vt 0.223586 0.977924
vt 0.221658 0.962141
vt 0.009845 0.978282
vt 0.011768 0.962611
vt 0.013690 0.978282
vt 0.560715 0.645377
vt 0.580927 0.645361
vt 0.570827 0.682460
vt 0.799818 0.196230
vt 0.799809 0.178226
vt 0.834495 0.187226
vt 0.200251 0.767718
vt 0.218255 0.767709
vt 0.209255 0.802395
vt 0.285836 0.906248
vt 0.286512 0.906248
vt 0.286193 0.932169
vt 0.870695 0.724891
vt 0.870695 0.724215
vt 0.896531 0.724549
vt 0.290727 0.906248
vt 0.291403 0.906248
vt 0.291085 0.932169
vt 0.870695 0.729771
vt 0.870696 0.729095
vt 0.896531 0.729441
vt 0.900856 0.648927
vt 0.900856 0.648251
vt 0.926777 0.648569
vt 0.870695 0.734663
vt 0.870696 0.733987
vt 0.896531 0.734333
vt 0.233348 0.962139
vt 0.231431 0.977924
vt 0.229503 0.962141
vt 0.976195 0.746811
vt 0.960525 0.744888
vt 0.976196 0.742966
vt 0.545558 0.086009
vt 0.644571 0.087270
vt 0.545558 0.088388
vt 0.642218 0.154353
vt 0.546219 0.153191
vt 0.642218 0.151974
vt 0.545558 0.047631
vt 0.644577 0.046503
vt 0.644566 0.048899
vt 0.642218 0.139974
vt 0.546163 0.141190
vt 0.546275 0.138814
vt 0.545558 0.059630
vt 0.644571 0.060891
vt 0.545558 0.062009
vt 0.642218 0.147758
vt 0.546219 0.146596
vt 0.642218 0.145379
vt 0.642218 0.133380
vt 0.546163 0.134595
vt 0.546275 0.132219
vt 0.545558 0.067415
vt 0.644577 0.066287
vt 0.644566 0.068683
vt 0.838587 0.823873
vt 0.838591 0.803582
vt 0.865318 0.813725
vt 0.099225 0.806490
vt 0.119515 0.806487
vt 0.109371 0.833746
vt 0.410480 0.876187
vt 0.428506 0.876186
vt 0.419496 0.901258
vt 0.719791 0.080713
vt 0.755646 0.080349
vt 0.755646 0.081090
vt 0.719791 0.359552
vt 0.755646 0.359188
vt 0.755646 0.359930
vt 0.305939 0.686556
vt 0.306302 0.722411
vt 0.305561 0.722411
vt 0.594562 0.686556
vt 0.594925 0.722411
vt 0.594184 0.722411
vt 0.154289 0.686556
vt 0.154652 0.722411
vt 0.153911 0.722411
vt 0.413561 0.686556
vt 0.413924 0.722411
vt 0.413183 0.722411
vt 0.930951 0.698970
vt 0.952666 0.700486
vt 0.930970 0.702111
vt 0.015882 0.958054
vt 0.017254 0.936334
vt 0.018644 0.958044
vt 0.838587 0.751002
vt 0.838591 0.730711
vt 0.865318 0.740854
vt 0.455618 0.906249
vt 0.473644 0.906248
vt 0.464628 0.931134
vt 0.299667 0.876186
vt 0.317693 0.876186
vt 0.308682 0.901258
vt 0.719791 0.550336
vt 0.755646 0.549973
vt 0.755646 0.550714
vt 0.599454 0.686556
vt 0.599817 0.722411
vt 0.599076 0.722411
vt 0.168964 0.686556
vt 0.169328 0.722411
vt 0.168587 0.722411
vt 0.719791 0.085605
vt 0.755646 0.085242
vt 0.755646 0.085983
vt 0.286371 0.686556
vt 0.286734 0.722411
vt 0.285993 0.722411
vt 0.719791 0.364444
vt 0.755646 0.364080
vt 0.755646 0.364821
vt 0.930961 0.692981
vt 0.952666 0.691403
vt 0.952667 0.694449
vt 0.051710 0.958049
vt 0.050322 0.936338
vt 0.053080 0.936329
vt 0.269194 0.845353
vt 0.289484 0.845357
vt 0.279341 0.872084
vt 0.765084 0.876187
vt 0.783110 0.876186
vt 0.774099 0.901258
vt 0.876711 0.906248
vt 0.894737 0.906248
vt 0.885720 0.931134
vt 0.159181 0.686556
vt 0.159544 0.722411
vt 0.158803 0.722411
vt 0.719791 0.090497
vt 0.755646 0.090134
vt 0.755646 0.090875
vt 0.719791 0.095388
vt 0.755647 0.095025
vt 0.755647 0.095766
vt 0.418453 0.686556
vt 0.418816 0.722411
vt 0.418075 0.722411
vt 0.604346 0.686556
vt 0.604709 0.722411
vt 0.603968 0.722411
vt 0.719791 0.369336
vt 0.755646 0.368972
vt 0.755646 0.369713
vt 0.952677 0.885538
vt 0.930957 0.884166
vt 0.952667 0.882776
vt 0.930951 0.646053
vt 0.952666 0.647568
vt 0.930970 0.649194
vt 0.172032 0.845353
vt 0.192323 0.845357
vt 0.182180 0.872084
vt 0.321829 0.876186
vt 0.339856 0.876186
vt 0.330845 0.901258
vt 0.898872 0.906249
vt 0.916899 0.906248
vt 0.907883 0.931134
vt 0.719791 0.100280
vt 0.755647 0.099917
vt 0.755647 0.100658
vt 0.719791 0.374228
vt 0.755646 0.373864
vt 0.755646 0.374605
vt 0.719791 0.379119
vt 0.755646 0.378756
vt 0.755646 0.379497
vt 0.719791 0.540552
vt 0.755646 0.540189
vt 0.755646 0.540930
vt 0.719791 0.384011
vt 0.755646 0.383648
vt 0.755646 0.384389
vt 0.719791 0.105172
vt 0.755647 0.104809
vt 0.755647 0.105550
vt 0.952677 0.754639
vt 0.930957 0.753268
vt 0.952667 0.751878
vt 0.930951 0.593135
vt 0.952666 0.594651
vt 0.930970 0.596276
vt 0.838587 0.580969
vt 0.838591 0.560678
vt 0.865318 0.570821
vt 0.838590 0.119452
vt 0.838587 0.099161
vt 0.865845 0.109305
vt 0.787246 0.876187
vt 0.805273 0.876186
vt 0.796262 0.901258
vt 0.719791 0.388903
vt 0.755646 0.388540
vt 0.755646 0.389281
vt 0.482048 0.686556
vt 0.482411 0.722411
vt 0.481670 0.722411
vt 0.719791 0.393795
vt 0.755646 0.393432
vt 0.755646 0.394173
vt 0.719791 0.496525
vt 0.755646 0.496162
vt 0.755646 0.496903
vt 0.486940 0.686556
vt 0.487303 0.722411
vt 0.486562 0.722411
vt 0.719791 0.516093
vt 0.755646 0.515729
vt 0.755646 0.516470
vt 0.058599 0.958049
vt 0.057211 0.936338
vt 0.059969 0.936329
vt 0.930961 0.677862
vt 0.952666 0.676284
vt 0.952667 0.679330
vt 0.255048 0.845355
vt 0.265157 0.872080
vt 0.244945 0.872088
vt 0.133661 0.806489
vt 0.143764 0.833679
vt 0.123560 0.833812
vt 0.809409 0.876187
vt 0.827436 0.876186
vt 0.818425 0.901258
vt 0.477780 0.906249
vt 0.495807 0.906248
vt 0.486791 0.931134
vt 0.719791 0.399058
vt 0.719791 0.398317
vt 0.755646 0.398695
vt 0.608867 0.686556
vt 0.609608 0.686556
vt 0.609230 0.722411
vt 0.383839 0.686556
vt 0.384580 0.686556
vt 0.384202 0.722411
vt 0.290892 0.686556
vt 0.291633 0.686556
vt 0.291255 0.722411
vt 0.719791 0.506680
vt 0.719791 0.505938
vt 0.755646 0.506316
vt 0.719791 0.403950
vt 0.719791 0.403209
vt 0.755646 0.403586
vt 0.930961 0.655183
vt 0.952666 0.653605
vt 0.952667 0.656651
vt 0.952672 0.808373
vt 0.930961 0.809761
vt 0.930952 0.807003
vt 0.352210 0.845355
vt 0.362318 0.872080
vt 0.342107 0.872088
vt 0.473727 0.806489
vt 0.483830 0.833679
vt 0.463626 0.833813
vt 0.343992 0.876186
vt 0.362019 0.876186
vt 0.353007 0.901258
vt 0.930868 0.020091
vt 0.930868 0.002064
vt 0.955754 0.011081
vt 0.447434 0.686556
vt 0.448175 0.686556
vt 0.447797 0.722411
vt 0.613759 0.686556
vt 0.614500 0.686556
vt 0.614122 0.722411
vt 0.719791 0.511572
vt 0.719791 0.510830
vt 0.755646 0.511208
vt 0.359379 0.686556
vt 0.360120 0.686556
vt 0.359743 0.722411
vt 0.719791 0.110435
vt 0.719791 0.109694
vt 0.755647 0.110072
vt 0.719791 0.408842
vt 0.719791 0.408101
vt 0.755646 0.408478
vt 0.952672 0.842821
vt 0.930961 0.844209
vt 0.930952 0.841451
vt 0.930961 0.526669
vt 0.952666 0.525090
vt 0.952667 0.528137
vt 0.838589 0.327920
vt 0.865314 0.317812
vt 0.865322 0.338023
vt 0.144527 0.876186
vt 0.162554 0.876186
vt 0.153542 0.901258
vt 0.930868 0.042253
vt 0.930868 0.024226
vt 0.955754 0.033244
vt 0.719791 0.115327
vt 0.719791 0.114586
vt 0.755646 0.114964
vt 0.719791 0.413733
vt 0.719791 0.412992
vt 0.755646 0.413370
vt 0.719791 0.521355
vt 0.719791 0.520614
vt 0.755646 0.520992
vt 0.719791 0.418625
vt 0.719791 0.417884
vt 0.755646 0.418262
vt 0.719791 0.423517
vt 0.719791 0.422776
vt 0.755646 0.423154
vt 0.719791 0.531139
vt 0.719791 0.530398
vt 0.755646 0.530776
vt 0.930961 0.511549
vt 0.952666 0.509971
vt 0.952667 0.513017
vt 0.065488 0.958049
vt 0.064100 0.936338
vt 0.066858 0.936329
vt 0.838589 0.279339
vt 0.865314 0.269231
vt 0.865322 0.289442
vt 0.366155 0.876186
vt 0.384182 0.876186
vt 0.375170 0.901258
vt 0.610757 0.906249
vt 0.628783 0.906248
vt 0.619767 0.931134
vt 0.719791 0.428409
vt 0.719791 0.427668
vt 0.755646 0.428046
vt 0.719791 0.120219
vt 0.719791 0.119478
vt 0.755646 0.119856
vt 0.525704 0.686556
vt 0.526445 0.686556
vt 0.526067 0.722411
vt 0.719791 0.545815
vt 0.719791 0.545074
vt 0.755646 0.545452
vt 0.388731 0.686556
vt 0.389472 0.686556
vt 0.389094 0.722411
vt 0.364271 0.686556
vt 0.365012 0.686556
vt 0.364634 0.722411
vt 0.070997 0.958055
vt 0.072369 0.936334
vt 0.073759 0.958044
vt 0.930951 0.736769
vt 0.952667 0.738284
vt 0.930970 0.739909
vt 0.838589 0.595114
vt 0.865314 0.585006
vt 0.865322 0.605217
vt 0.166689 0.876187
vt 0.184716 0.876186
vt 0.175705 0.901258
vt 0.930868 0.064417
vt 0.930868 0.046390
vt 0.955754 0.055406
vt 0.261540 0.686556
vt 0.262281 0.686556
vt 0.261903 0.722411
vt 0.719791 0.125111
vt 0.719791 0.124370
vt 0.755646 0.124748
vt 0.719791 0.130003
vt 0.719791 0.129262
vt 0.755646 0.129640
vt 0.618651 0.686556
vt 0.619392 0.686556
vt 0.619014 0.722411
vt 0.719791 0.134895
vt 0.719791 0.134154
vt 0.755646 0.134532
vt 0.452326 0.686556
vt 0.453067 0.686556
vt 0.452689 0.722411
vt 0.077886 0.958055
vt 0.079258 0.936334
vt 0.080648 0.958044
vt 0.930951 0.623374
vt 0.952666 0.624889
vt 0.930970 0.626515
vt 0.147806 0.806490
vt 0.168096 0.806487
vt 0.157952 0.833746
vt 0.641933 0.906248
vt 0.650925 0.931124
vt 0.632934 0.931145
vt 0.087052 0.876186
vt 0.096072 0.901247
vt 0.078036 0.901268
vt 0.719791 0.432930
vt 0.755646 0.432567
vt 0.755646 0.433308
vt 0.423345 0.686556
vt 0.423708 0.722411
vt 0.422967 0.722411
vt 0.266803 0.686556
vt 0.267166 0.722411
vt 0.266425 0.722411
vt 0.719791 0.139416
vt 0.755646 0.139052
vt 0.755646 0.139794
vt 0.247235 0.686556
vt 0.247599 0.722411
vt 0.246857 0.722411
vt 0.719791 0.535660
vt 0.755646 0.535297
vt 0.755646 0.536038
vt 0.930951 0.479740
vt 0.952666 0.481255
vt 0.930970 0.482881
vt 0.952678 0.892426
vt 0.930957 0.891055
vt 0.952667 0.889665
vt 0.244967 0.806490
vt 0.265258 0.806487
vt 0.255114 0.833746
vt 0.286518 0.876186
vt 0.295537 0.901247
vt 0.277501 0.901268
vt 0.508958 0.906248
vt 0.517949 0.931124
vt 0.499957 0.931144
vt 0.110262 0.686556
vt 0.110625 0.722411
vt 0.109884 0.722411
vt 0.719791 0.437822
vt 0.755646 0.437459
vt 0.755646 0.438200
vt 0.208100 0.686556
vt 0.208463 0.722411
vt 0.207722 0.722411
vt 0.719791 0.144308
vt 0.755646 0.143944
vt 0.755646 0.144686
vt 0.115153 0.686556
vt 0.115517 0.722411
vt 0.114776 0.722411
vt 0.719791 0.149200
vt 0.755646 0.148836
vt 0.755646 0.149578
vt 0.952672 0.897935
vt 0.930961 0.899323
vt 0.930952 0.896565
vt 0.930961 0.602266
vt 0.952666 0.600687
vt 0.952667 0.603733
vt 0.123452 0.845353
vt 0.143742 0.845357
vt 0.133599 0.872084
vt 0.269258 0.806490
vt 0.289548 0.806487
vt 0.279404 0.833745
vt 0.664096 0.906248
vt 0.673088 0.931124
vt 0.655097 0.931145
vt 0.623914 0.686556
vt 0.624277 0.722411
vt 0.623536 0.722411
vt 0.719791 0.442714
vt 0.755647 0.442351
vt 0.755647 0.443092
vt 0.120046 0.686556
vt 0.120409 0.722411
vt 0.119668 0.722411
vt 0.719791 0.154091
vt 0.755646 0.153728
vt 0.755646 0.154469
vt 0.252127 0.686556
vt 0.252490 0.722411
vt 0.251749 0.722411
vt 0.719791 0.158983
vt 0.755647 0.158620
vt 0.755646 0.159361
vt 0.952678 0.851091
vt 0.930957 0.849719
vt 0.952667 0.848329
vt 0.930951 0.661172
vt 0.952666 0.662687
vt 0.930970 0.664313
vt 0.293484 0.845353
vt 0.313774 0.845357
vt 0.303632 0.872084
vt 0.293548 0.806490
vt 0.313839 0.806487
vt 0.303695 0.833746
vt 0.862749 0.876186
vt 0.871768 0.901247
vt 0.853733 0.901268
vt 0.531119 0.906248
vt 0.540112 0.931124
vt 0.522120 0.931145
vt 0.719791 0.447606
vt 0.755646 0.447243
vt 0.755646 0.447984
vt 0.124937 0.686556
vt 0.125301 0.722411
vt 0.124559 0.722411
vt 0.212992 0.686556
vt 0.213355 0.722411
vt 0.212614 0.722411
vt 0.491832 0.686556
vt 0.492195 0.722411
vt 0.491454 0.722411
vt 0.217884 0.686556
vt 0.218247 0.722411
vt 0.217506 0.722411
vt 0.719791 0.163875
vt 0.755646 0.163512
vt 0.755646 0.164253
vt 0.952677 0.864870
vt 0.930957 0.863498
vt 0.952667 0.862108
vt 0.930951 0.487300
vt 0.952666 0.488815
vt 0.930970 0.490441
vt 0.838590 0.168032
vt 0.838587 0.147742
vt 0.865845 0.157886
vt 0.099161 0.845353
vt 0.119452 0.845357
vt 0.109309 0.872084
vt 0.930868 0.077565
vt 0.955743 0.068573
vt 0.955764 0.086565
vt 0.719791 0.452498
vt 0.755646 0.452134
vt 0.755646 0.452876
vt 0.719791 0.168767
vt 0.755646 0.168404
vt 0.755646 0.169145
vt 0.530967 0.686556
vt 0.531330 0.722411
vt 0.530589 0.722411
vt 0.719791 0.173659
vt 0.755646 0.173296
vt 0.755646 0.174037
vt 0.719791 0.457761
vt 0.719791 0.457020
vt 0.755646 0.457397
vt 0.719791 0.178922
vt 0.719791 0.178181
vt 0.755646 0.178559
vt 0.952672 0.815263
vt 0.930961 0.816651
vt 0.930952 0.813893
vt 0.930961 0.670302
vt 0.952666 0.668724
vt 0.952667 0.671770
vt 0.366355 0.845353
vt 0.386645 0.845357
vt 0.376503 0.872084
vt 0.388318 0.876186
vt 0.406345 0.876186
vt 0.397333 0.901258
vt 0.544268 0.906249
vt 0.562295 0.906248
vt 0.553279 0.931134
vt 0.164073 0.686556
vt 0.164436 0.722411
vt 0.163695 0.722411
vt 0.105370 0.686556
vt 0.105733 0.722411
vt 0.104992 0.722411
vt 0.501615 0.686556
vt 0.501979 0.722411
vt 0.501238 0.722411
vt 0.719791 0.462282
vt 0.755646 0.461919
vt 0.755646 0.462660
vt 0.719791 0.183443
vt 0.755646 0.183080
vt 0.755646 0.183821
vt 0.222776 0.686556
vt 0.223139 0.722411
vt 0.222398 0.722411
vt 0.930961 0.496430
vt 0.952666 0.494852
vt 0.952667 0.497898
vt 0.952672 0.904825
vt 0.930961 0.906213
vt 0.930952 0.903455
vt 0.838587 0.629550
vt 0.838591 0.609259
vt 0.865318 0.619402
vt 0.875898 0.876186
vt 0.893925 0.876186
vt 0.884913 0.901258
vt 0.566431 0.906248
vt 0.584458 0.906248
vt 0.575442 0.931134
vt 0.719791 0.467174
vt 0.755646 0.466810
vt 0.755646 0.467551
vt 0.719791 0.188335
vt 0.755646 0.187972
vt 0.755646 0.188713
vt 0.349966 0.686556
vt 0.350329 0.722411
vt 0.349588 0.722411
vt 0.227668 0.686556
vt 0.228031 0.722411
vt 0.227290 0.722411
vt 0.719791 0.193227
vt 0.755647 0.192864
vt 0.755646 0.193605
vt 0.428237 0.686556
vt 0.428600 0.722411
vt 0.427859 0.722411
vt 0.930961 0.708101
vt 0.952666 0.706523
vt 0.952667 0.709569
vt 0.952672 0.794595
vt 0.930961 0.795983
vt 0.930952 0.793225
vt 0.147742 0.845353
vt 0.168032 0.845357
vt 0.157890 0.872084
vt 0.838591 0.070871
vt 0.838587 0.050581
vt 0.865845 0.060725
vt 0.900857 0.020099
vt 0.900856 0.002072
vt 0.925928 0.011083
vt 0.930868 0.108742
vt 0.930868 0.090716
vt 0.955754 0.099732
vt 0.719791 0.472066
vt 0.755646 0.471702
vt 0.755646 0.472443
vt 0.129829 0.686556
vt 0.130192 0.722411
vt 0.129451 0.722411
vt 0.535859 0.686556
vt 0.536222 0.722411
vt 0.535481 0.722411
vt 0.719791 0.476957
vt 0.755646 0.476594
vt 0.755646 0.477335
vt 0.173857 0.686556
vt 0.174220 0.722411
vt 0.173479 0.722411
vt 0.719791 0.198119
vt 0.755646 0.197756
vt 0.755646 0.198497
vt 0.084775 0.958055
vt 0.086147 0.936334
vt 0.087537 0.958044
vt 0.930951 0.744328
vt 0.952666 0.745843
vt 0.930970 0.747469
vt 0.838587 0.653840
vt 0.838591 0.633550
vt 0.865318 0.643692
vt 0.900857 0.042262
vt 0.900856 0.024235
vt 0.925928 0.033246
vt 0.930868 0.263880
vt 0.930868 0.245854
vt 0.955754 0.254871
vt 0.340182 0.686556
vt 0.340546 0.722411
vt 0.339805 0.722411
vt 0.719791 0.203011
vt 0.755646 0.202648
vt 0.755646 0.203389
vt 0.506507 0.686556
vt 0.506871 0.722411
vt 0.506129 0.722411
vt 0.719791 0.481849
vt 0.755646 0.481486
vt 0.755646 0.482227
vt 0.719791 0.207903
vt 0.755647 0.207539
vt 0.755646 0.208281
vt 0.178748 0.686556
vt 0.179112 0.722411
vt 0.178371 0.722411
vt 0.091665 0.958054
vt 0.093037 0.936334
vt 0.094426 0.958044
vt 0.930951 0.615814
vt 0.952666 0.617329
vt 0.930970 0.618955
vt 0.560743 0.806490
vt 0.581033 0.806487
vt 0.570889 0.833746
vt 0.838587 0.678131
vt 0.838591 0.657840
vt 0.865318 0.667983
vt 0.233178 0.876186
vt 0.251205 0.876186
vt 0.242194 0.901258
vt 0.930868 0.175230
vt 0.930868 0.157204
vt 0.955753 0.166220
vt 0.134350 0.686556
vt 0.135091 0.686556
vt 0.134714 0.722411
vt 0.719791 0.487112
vt 0.719791 0.486371
vt 0.755646 0.486749
vt 0.719791 0.491633
vt 0.755647 0.491270
vt 0.755647 0.492011
vt 0.315723 0.686556
vt 0.316086 0.722411
vt 0.315345 0.722411
vt 0.719791 0.212795
vt 0.755646 0.212431
vt 0.755646 0.213172
vt 0.433129 0.686556
vt 0.433492 0.722411
vt 0.432751 0.722411
vt 0.952678 0.802864
vt 0.930957 0.801493
vt 0.952667 0.800103
vt 0.930951 0.562897
vt 0.952666 0.564412
vt 0.930970 0.566038
vt 0.445124 0.286832
vt 0.446350 0.422845
vt 0.444009 0.422845
vt 0.494064 0.282625
vt 0.493153 0.146583
vt 0.494963 0.146621
vt 0.439296 0.146620
vt 0.438125 0.282624
vt 0.436843 0.146603
vt 0.495886 0.138113
vt 0.496779 0.002090
vt 0.497684 0.138114
vt 0.487219 0.422845
vt 0.488112 0.286822
vt 0.489017 0.422846
vt 0.456188 0.002108
vt 0.455017 0.138112
vt 0.453735 0.002091
vt 0.499884 0.422845
vt 0.498973 0.286803
vt 0.500783 0.286841
vt 0.452178 0.286832
vt 0.453404 0.422845
vt 0.451063 0.422845
vt 0.678324 0.065155
vt 0.714640 0.050614
vt 0.714674 0.079709
vt 0.678359 0.098380
vt 0.714640 0.083805
vt 0.714674 0.112899
vt 0.799781 0.486649
vt 0.833664 0.473325
vt 0.833698 0.499987
vt 0.799816 0.455927
vt 0.833664 0.442567
vt 0.833698 0.469229
vt 0.930868 0.436051
vt 0.930868 0.435456
vt 0.955313 0.435756
vt 0.930868 0.440876
vt 0.930868 0.440281
vt 0.955384 0.440560
vt 0.412501 0.982282
vt 0.412981 0.986948
vt 0.412026 0.987002
vt 0.475544 0.982282
vt 0.476055 0.986831
vt 0.475022 0.986820
vt 0.470455 0.982283
vt 0.470967 0.986831
vt 0.469934 0.986820
vt 0.407387 0.982282
vt 0.407867 0.986948
vt 0.406912 0.987002
vt 0.017746 0.599589
vt 0.020239 0.559552
vt 0.022688 0.599590
vt 0.013496 0.560395
vt 0.011034 0.599675
vt 0.008560 0.560280
vt 0.545643 0.295032
vt 0.586020 0.291447
vt 0.586010 0.298632
vt 0.545647 0.280190
vt 0.586015 0.283790
vt 0.545638 0.287375
vt 0.541558 0.555501
vt 0.541557 0.427113
vt 0.514400 0.002109
vt 0.514468 0.136976
vt 0.512489 0.137195
vt 0.545557 0.030358
vt 0.673940 0.030358
vt 0.674049 0.031686
vt 0.545558 0.031686
vt 0.512597 0.002109
vt 0.379036 0.369472
vt 0.379201 0.497855
vt 0.377889 0.497964
vt 0.251988 0.376005
vt 0.250077 0.511091
vt 0.250185 0.376005
vt 0.252056 0.510872
vt 0.377724 0.369473
vt 0.283272 0.497995
vt 0.281366 0.369614
vt 0.283108 0.369504
vt 0.283106 0.369504
vt 0.283053 0.369521
vt 0.231745 0.982282
vt 0.234124 0.982390
vt 0.234340 0.988228
vt 0.377943 0.497947
vt 0.231638 0.982390
vt 0.225043 0.982282
vt 0.227422 0.982390
vt 0.227638 0.988228
vt 0.224935 0.982390
vt 0.137617 0.504388
vt 0.383796 0.497957
vt 0.383799 0.500492
vt 0.237772 0.507038
vt 0.545660 0.002149
vt 0.674043 0.002000
vt 0.674156 0.006143
vt 0.545730 0.099145
vt 0.643824 0.101660
vt 0.545558 0.101740
vt 0.383799 0.369466
vt 0.383708 0.369358
vt 0.281379 0.498213
vt 0.251750 0.982342
vt 0.254198 0.988013
vt 0.251663 0.987956
vt 0.514490 0.289330
vt 0.254198 0.982282
vt 0.402819 0.982282
vt 0.402819 0.987057
vt 0.402579 0.987083
vt 0.647443 0.038280
vt 0.545561 0.035766
vt 0.647620 0.035686
vt 0.674049 0.020321
vt 0.522242 0.275111
vt 0.522242 0.277646
vt 0.674084 0.022142
vt 0.287197 0.369607
vt 0.287362 0.497990
vt 0.283268 0.498102
vt 0.281200 0.369615
vt 0.281363 0.367020
vt 0.403218 0.358843
vt 0.403218 0.218677
vt 0.442020 0.002065
vt 0.436271 0.002108
vt 0.383612 0.366822
vt 0.383701 0.369358
vt 0.432154 0.213296
vt 0.426433 0.213358
vt 0.545670 0.210078
vt 0.545620 0.177339
vt 0.587630 0.194194
vt 0.545643 0.235328
vt 0.587650 0.221803
vt 0.587652 0.248827
vt 0.646593 0.962228
vt 0.641390 0.975842
vt 0.636189 0.962213
vt 0.655931 0.975841
vt 0.650730 0.962213
vt 0.661134 0.962228
vt 0.059902 0.986627
vt 0.062688 0.982307
vt 0.065435 0.986538
vt 0.071803 0.987839
vt 0.072073 0.982797
vt 0.076637 0.985150
vt 0.356608 0.987163
vt 0.356732 0.982282
vt 0.356824 0.987164
vt 0.430575 0.982391
vt 0.430466 0.987189
vt 0.430370 0.982377
vt 0.347797 0.987163
vt 0.347921 0.982282
vt 0.348013 0.987164
vt 0.434980 0.982391
vt 0.434871 0.987189
vt 0.434776 0.982377
vt 0.461412 0.982391
vt 0.461304 0.987189
vt 0.461208 0.982377
vt 0.361013 0.987163
vt 0.361138 0.982282
vt 0.361230 0.987164
vt 0.378634 0.987163
vt 0.378759 0.982282
vt 0.378851 0.987164
vt 0.439385 0.982391
vt 0.439277 0.987189
vt 0.439181 0.982377
vt 0.352202 0.987163
vt 0.352327 0.982282
vt 0.352419 0.987164
vt 0.417358 0.982391
vt 0.417250 0.987189
vt 0.417154 0.982377
vt 0.443791 0.982391
vt 0.443682 0.987189
vt 0.443586 0.982377
vt 0.365418 0.987163
vt 0.365543 0.982282
vt 0.365635 0.987164
vt 0.269678 0.982373
vt 0.270353 0.988026
vt 0.269014 0.988033
vt 0.258892 0.982373
vt 0.259567 0.988026
vt 0.258228 0.988033
vt 0.947960 0.962140
vt 0.948425 0.971305
vt 0.947492 0.971306
vt 0.928219 0.971307
vt 0.926957 0.971306
vt 0.927617 0.962140
vt 0.922522 0.971306
vt 0.921260 0.971306
vt 0.921920 0.962140
vt 0.933128 0.962140
vt 0.933593 0.971306
vt 0.932660 0.971306
vt 0.675674 0.962228
vt 0.670471 0.975841
vt 0.665271 0.962213
vt 0.626849 0.975841
vt 0.621647 0.962213
vt 0.632052 0.962228
vt 0.082204 0.986627
vt 0.084990 0.982307
vt 0.087738 0.986538
vt 0.049500 0.987839
vt 0.049770 0.982797
vt 0.054334 0.985150
vt 0.465715 0.982384
vt 0.465804 0.987189
vt 0.465614 0.987189
vt 0.369932 0.987163
vt 0.369853 0.982282
vt 0.370043 0.982282
vt 0.383148 0.987163
vt 0.383070 0.982282
vt 0.383259 0.982282
vt 0.448094 0.982384
vt 0.448182 0.987189
vt 0.447992 0.987189
vt 0.426067 0.982384
vt 0.426155 0.987189
vt 0.425966 0.987189
vt 0.387554 0.987163
vt 0.387475 0.982282
vt 0.387665 0.982282
vt 0.374337 0.987163
vt 0.374259 0.982282
vt 0.374448 0.982282
vt 0.421661 0.982384
vt 0.421750 0.987189
vt 0.421560 0.987189
vt 0.391959 0.987163
vt 0.391881 0.982282
vt 0.392071 0.982282
vt 0.452499 0.982384
vt 0.452587 0.987189
vt 0.452398 0.987189
vt 0.456904 0.982384
vt 0.456993 0.987189
vt 0.456803 0.987189
vt 0.396364 0.987163
vt 0.396286 0.982282
vt 0.396475 0.982282
vt 0.275071 0.982373
vt 0.275746 0.988026
vt 0.274407 0.988033
vt 0.264285 0.982373
vt 0.264960 0.988026
vt 0.263621 0.988033
vt 0.911128 0.971307
vt 0.909866 0.971306
vt 0.910525 0.962140
vt 0.943015 0.962140
vt 0.943480 0.971306
vt 0.942548 0.971306
vt 0.938072 0.962140
vt 0.938537 0.971306
vt 0.937604 0.971306
vt 0.916825 0.971307
vt 0.915563 0.971306
vt 0.916223 0.962140
vt 0.417105 0.209150
vt 0.416233 0.209142
vt 0.416607 0.002062
vt 0.276965 0.368202
vt 0.276279 0.368128
vt 0.276877 0.218517
vt 0.417105 0.420400
vt 0.416233 0.420392
vt 0.416607 0.213312
vt 0.271720 0.368202
vt 0.271033 0.368128
vt 0.271632 0.218517
vt 0.082360 0.806521
vt 0.088751 0.835633
vt 0.075988 0.835656
vt 0.065504 0.806521
vt 0.071896 0.835633
vt 0.059132 0.835656
vt 0.018541 0.982367
vt 0.021320 0.990300
vt 0.015762 0.990311
vt 0.008865 0.982367
vt 0.011645 0.990300
vt 0.006086 0.990311
vt 0.997187 0.193097
vt 0.997296 0.188911
vt 0.997263 0.205422
vt 0.518597 0.418115
vt 0.997113 0.201314
vt 0.997080 0.184725
vt 0.545557 0.016178
vt 0.514028 0.281676
vt 0.984379 0.681820
vt 0.545557 0.022125
vt 0.674264 0.010443
vt 0.986274 0.677602
vt 0.281530 0.498213
vt 0.518192 0.275003
vt 0.986298 0.669339
vt 0.279954 0.988123
vt 0.436373 0.002000
vt 0.984343 0.310726
vt 0.674157 0.020336
vt 0.545557 0.042388
vt 0.986298 0.665231
vt 0.250077 0.375897
vt 0.545665 0.026358
vt 0.545590 0.026259
vt 0.674049 0.026286
vt 0.284138 0.988123
vt 0.426534 0.213250
vt 0.256131 0.375896
vt 0.984343 0.306623
vt 0.512489 0.002001
vt 0.251601 0.988068
vt 0.987046 0.302519
vt 0.283119 0.498103
vt 0.377736 0.497964
vt 0.377723 0.369366
vt 0.231638 0.988120
vt 0.224935 0.988120
vt 0.545558 0.006292
vt 0.674048 0.006140
vt 0.426404 0.002237
vt 0.426512 0.002129
vt 0.432242 0.002129
vt 0.426404 0.142275
vt 0.247493 0.988109
vt 0.245040 0.983325
vt 0.247601 0.988001
vt 0.247601 0.982282
vt 0.432135 0.142404
vt 0.432242 0.142296
vt 0.514338 0.417929
vt 0.514338 0.289222
vt 0.522227 0.146512
vt 0.409056 0.218569
vt 0.409056 0.358736
vt 0.408948 0.358843
vt 0.409046 0.218569
vt 0.403326 0.218569
s 1
usemtl office_004_baked
f 1467/1/1 1469/2/1 1466/3/1
f 1470/4/2 1472/5/2 1473/6/2
f 1474/7/3 1476/8/3 1477/9/3
f 1481/10/4 1483/11/4 1480/12/4
f 1487/13/5 1489/14/5 1490/15/5
f 1491/16/6 1493/17/6 1494/18/6
f 1498/19/7 1500/20/7 1501/21/7
f 1508/22/8 1510/23/8 1507/24/8
f 1513/25/9 1515/26/10 1480/27/11
f 1518/28/12 1520/29/12 1521/30/12
f 1479/31/13 1474/32/14 1477/33/15
f 1473/34/16 1501/35/16 1470/36/16
f 1521/37/17 1480/38/17 1518/39/17
f 1495/40/18 1491/41/18 1494/42/18
f 1487/43/19 1503/44/20 1504/45/20
f 1499/46/21 1489/47/21 1500/48/21
f 1485/49/22 1487/50/23 1484/51/24
f 1507/24/25 1511/52/25 1512/53/25
f 1503/54/26 1522/55/26 1523/56/26
f 1518/28/27 1503/57/27 1519/58/27
f 1465/59/28 1481/60/28 1464/61/28
f 1477/9/15 1513/62/29 1480/63/30
f 1495/64/31 1469/65/31 1496/66/31
f 1517/67/32 1519/68/33 1516/69/34
f 1486/70/35 1472/71/35 1471/72/35
f 1513/73/36 1491/74/36 1514/75/36
f 1461/76/37 1500/77/37 1460/78/37
f 1479/79/38 1470/80/38 1478/81/38
f 1493/17/6 1509/82/6 1494/18/6
f 1511/83/39 1488/84/40 1512/85/41
f 1594/86/42 1593/87/42 1595/88/42
f 1594/89/42 1595/90/42 1593/91/42
f 1482/92/43 1468/93/43 1483/94/43
f 1504/95/44 1467/96/44 1466/97/44
f 1475/98/45 1508/99/46 1507/100/47
f 1462/101/48 1465/102/49 1464/103/50
f 1515/104/51 1517/105/51 1516/106/51
f 1521/30/20 1485/49/20 1486/107/20
f 1485/49/52 1506/108/52 1505/109/52
f 4/110/42 5/111/42 3/112/42
f 4/113/42 3/114/42 5/115/42
f 6/116/42 8/117/42 7/118/42
f 8/119/42 6/120/42 7/121/42
f 9/122/53 10/123/53 12/124/53
f 11/125/42 13/126/54 12/127/54
f 13/128/54 11/129/42 12/130/54
f 14/131/42 16/132/42 15/133/42
f 14/134/42 15/135/42 16/136/42
f 17/137/42 18/138/42 19/139/42
f 17/140/42 19/141/42 18/142/42
f 21/143/42 22/144/42 20/145/42
f 21/146/42 20/147/42 22/148/42
f 23/149/42 25/150/42 24/151/42
f 23/152/42 24/153/42 25/154/42
f 26/155/42 27/156/42 28/157/42
f 27/158/42 26/159/42 28/160/42
f 30/161/55 29/162/55 28/163/55
f 31/164/42 33/165/42 32/166/42
f 31/167/42 32/168/42 33/169/42
f 34/170/42 36/171/42 35/172/42
f 34/173/42 35/174/42 36/175/42
f 37/176/42 38/177/42 39/178/42
f 37/179/42 39/180/42 38/181/42
f 40/182/42 41/183/42 42/184/42
f 40/185/42 42/186/42 41/187/42
f 45/188/42 43/189/42 44/190/42
f 43/191/42 45/192/42 44/193/42
f 46/194/42 48/195/42 47/196/42
f 48/197/42 46/198/42 47/199/42
f 50/200/42 51/201/42 49/202/42
f 50/203/42 49/204/42 51/205/42
f 52/206/42 54/207/42 53/208/42
f 52/209/42 53/210/42 54/211/42
f 56/212/42 57/213/42 55/214/42
f 56/215/42 55/216/42 57/217/42
f 60/218/42 58/219/42 59/220/42
f 59/221/42 58/222/42 60/223/42
f 61/224/56 62/225/56 63/226/56
f 65/227/42 64/228/42 63/229/42
f 64/230/42 65/231/42 63/232/42
f 66/233/42 68/234/42 67/235/42
f 66/236/42 67/237/42 68/238/42
f 71/239/42 70/240/42 69/241/42
f 71/242/42 69/243/42 70/244/42
f 72/245/42 74/246/42 73/247/42
f 72/248/42 73/249/42 74/250/42
f 75/251/42 76/252/42 77/253/42
f 77/254/42 76/255/42 75/256/42
f 78/257/53 79/258/53 80/259/53
f 82/260/42 81/261/42 80/262/42
f 81/263/42 82/264/42 80/265/42
f 83/266/42 85/267/42 84/268/42
f 83/269/42 84/270/42 85/271/42
f 86/272/42 87/273/42 88/274/42
f 86/275/42 88/276/42 87/277/42
f 91/278/42 90/279/42 89/280/42
f 91/281/42 89/282/42 90/283/42
f 93/284/57 92/285/58 94/286/57
f 94/287/57 92/288/58 93/289/57
f 96/290/42 97/291/42 95/292/42
f 96/293/42 95/294/42 97/295/42
f 98/296/42 99/297/42 100/298/42
f 99/299/42 98/300/42 100/301/42
f 101/302/42 103/303/42 102/304/42
f 103/305/42 101/306/42 102/307/42
f 106/308/42 105/309/42 104/310/42
f 105/311/42 106/312/42 104/313/42
f 109/314/42 107/315/42 108/316/42
f 107/317/42 109/318/42 108/319/42
f 110/320/42 112/321/42 111/322/42
f 110/323/42 111/324/42 112/325/42
f 113/326/42 114/327/42 115/328/42
f 113/329/42 115/330/42 114/331/42
f 118/332/36 117/333/36 116/334/36
f 117/335/36 118/336/36 116/337/36
f 119/338/42 120/339/42 121/340/42
f 120/341/42 119/342/42 121/343/42
f 124/344/42 122/345/42 123/346/42
f 122/347/42 124/348/42 123/349/42
f 125/350/42 127/351/42 126/352/42
f 127/353/42 125/354/42 126/355/42
f 130/356/42 128/357/42 129/358/42
f 130/359/42 129/360/42 128/361/42
f 219/362/59 131/363/59 132/364/59
f 133/365/42 134/366/42 135/367/42
f 134/368/42 133/369/42 135/370/42
f 137/371/42 136/372/42 138/373/42
f 136/374/42 137/375/42 138/376/42
f 139/377/42 141/378/42 140/379/42
f 141/380/42 139/381/42 140/382/42
f 144/383/42 143/384/42 142/385/42
f 143/386/42 144/387/42 142/388/42
f 147/389/42 145/390/42 146/391/42
f 146/392/42 145/393/42 147/394/42
f 148/395/42 149/396/42 150/397/42
f 148/398/42 150/399/42 149/400/42
f 151/401/60 153/402/61 152/403/62
f 153/404/61 151/405/60 152/406/62
f 156/407/42 154/408/42 155/409/42
f 154/410/42 156/411/42 155/412/42
f 157/413/42 159/414/42 158/415/42
f 159/416/42 157/417/42 158/418/42
f 161/419/42 160/420/42 162/421/42
f 160/422/42 161/423/42 162/424/42
f 165/425/42 163/426/42 164/427/42
f 164/428/42 163/429/42 165/430/42
f 168/431/42 167/432/42 166/433/42
f 168/434/42 166/435/42 167/436/42
f 169/437/42 170/438/42 171/439/42
f 170/440/42 169/441/42 171/442/42
f 173/443/42 174/444/42 172/445/42
f 174/446/42 173/447/42 172/448/42
f 177/449/42 175/450/42 176/451/42
f 175/452/42 177/453/42 176/454/42
f 179/455/42 180/456/42 178/457/42
f 180/458/42 179/459/42 178/460/42
f 182/461/54 183/462/54 181/463/54
f 181/464/54 183/465/54 182/466/54
f 184/467/63 185/468/63 96/469/63
f 187/470/42 186/471/42 188/472/42
f 187/473/42 188/474/42 186/475/42
f 190/476/42 189/477/42 191/478/42
f 190/479/42 191/480/42 189/481/42
f 193/482/42 194/483/42 192/484/42
f 193/485/42 192/486/42 194/487/42
f 196/488/42 197/489/42 195/490/42
f 196/491/42 195/492/42 197/493/42
f 199/494/42 200/495/42 198/496/42
f 199/497/42 198/498/42 200/499/42
f 201/500/64 202/501/64 113/502/64
f 205/503/42 203/504/42 204/505/42
f 205/506/42 204/507/42 203/508/42
f 206/509/42 208/510/42 207/511/42
f 206/512/42 207/513/42 208/514/42
f 211/515/42 209/516/42 210/517/42
f 211/518/42 210/519/42 209/520/42
f 213/521/42 214/522/42 212/523/42
f 213/524/42 212/525/42 214/526/42
f 215/527/42 217/528/42 216/529/42
f 215/530/42 216/531/42 217/532/42
f 220/533/42 218/534/42 219/535/42
f 218/536/42 220/537/42 219/538/42
f 222/539/42 221/540/42 223/541/42
f 222/542/42 223/543/42 221/544/42
f 224/545/42 225/546/42 226/547/42
f 224/548/42 226/549/42 225/550/42
f 227/551/42 229/552/42 228/553/42
f 227/554/42 228/555/42 229/556/42
f 230/557/42 232/558/42 231/559/42
f 230/560/42 231/561/42 232/562/42
f 234/563/42 233/564/42 235/565/42
f 235/566/42 233/567/42 234/568/42
f 236/569/64 237/570/64 148/571/64
f 238/572/42 239/573/42 240/574/42
f 238/575/42 240/576/42 239/577/42
f 242/578/42 243/579/42 241/580/42
f 242/581/42 241/582/42 243/583/42
f 244/584/42 246/585/42 245/586/42
f 244/587/42 245/588/42 246/589/42
f 247/590/42 249/591/42 248/592/42
f 247/593/42 248/594/42 249/595/42
f 252/596/42 251/597/42 250/598/42
f 250/599/42 251/600/42 252/601/42
f 253/602/63 254/603/63 168/604/63
f 337/605/65 255/606/65 256/607/65
f 258/608/42 259/609/42 257/610/42
f 258/611/42 257/612/42 259/613/42
f 261/614/42 260/615/42 262/616/42
f 261/617/42 262/618/42 260/619/42
f 264/620/42 265/621/42 263/622/42
f 264/623/42 263/624/42 265/625/42
f 267/626/54 266/627/54 268/628/54
f 268/629/54 266/630/54 267/631/54
f 270/632/64 269/633/64 187/634/64
f 271/635/42 273/636/42 272/637/42
f 273/638/42 271/639/42 272/640/42
f 274/641/42 276/642/42 275/643/42
f 274/644/42 275/645/42 276/646/42
f 277/647/42 278/648/42 279/649/42
f 277/650/42 279/651/42 278/652/42
f 280/653/42 282/654/42 281/655/42
f 280/656/42 281/657/42 282/658/42
f 284/659/42 283/660/42 285/661/42
f 284/662/42 285/663/42 283/664/42
f 286/665/64 287/666/64 205/667/64
f 288/668/42 290/669/42 289/670/42
f 290/671/42 288/672/42 289/673/42
f 291/674/42 293/675/42 292/676/42
f 291/677/42 292/678/42 293/679/42
f 294/680/42 296/681/42 295/682/42
f 294/683/42 295/684/42 296/685/42
f 297/686/42 298/687/42 299/688/42
f 297/689/42 299/690/42 298/691/42
f 302/692/42 300/693/42 301/694/42
f 302/695/42 301/696/42 300/697/42
f 304/698/64 303/699/64 222/700/64
f 307/701/42 305/702/42 306/703/42
f 305/704/42 307/705/42 306/706/42
f 308/707/42 310/708/42 309/709/42
f 308/710/42 309/711/42 310/712/42
f 311/713/42 312/714/42 313/715/42
f 311/716/42 313/717/42 312/718/42
f 314/719/42 316/720/42 315/721/42
f 314/722/42 315/723/42 316/724/42
f 319/725/42 317/726/42 318/727/42
f 318/728/42 317/729/42 319/730/42
f 320/731/64 321/732/64 238/733/64
f 324/734/42 322/735/42 323/736/42
f 322/737/42 324/738/42 323/739/42
f 326/740/42 327/741/42 325/742/42
f 326/743/42 325/744/42 327/745/42
f 328/746/42 329/747/42 330/748/42
f 328/749/42 330/750/42 329/751/42
f 331/752/42 332/753/42 333/754/42
f 331/755/42 333/756/42 332/757/42
f 336/758/42 335/759/42 334/760/42
f 334/761/42 335/762/42 336/763/42
f 339/764/42 338/765/58 337/766/58
f 338/767/58 339/768/42 337/769/58
f 342/770/42 341/771/42 340/772/42
f 341/773/42 342/774/42 340/775/42
f 343/776/42 345/777/42 344/778/42
f 343/779/42 344/780/42 345/781/42
f 347/782/42 348/783/42 346/784/42
f 347/785/42 346/786/42 348/787/42
f 351/788/42 350/789/42 349/790/42
f 351/791/42 349/792/42 350/793/42
f 354/794/54 353/795/54 352/796/54
f 352/797/54 353/798/54 354/799/54
f 355/800/42 357/801/42 356/802/42
f 355/803/42 356/804/42 357/805/42
f 358/806/42 360/807/42 359/808/42
f 358/809/42 359/810/42 360/811/42
f 363/812/54 361/813/42 362/814/54
f 362/815/54 361/816/42 363/817/54
f 365/818/42 366/819/42 364/820/42
f 365/821/42 364/822/42 366/823/42
f 368/824/42 369/825/42 367/826/42
f 369/827/42 368/828/42 367/829/42
f 370/830/66 371/831/66 367/832/66
f 373/833/42 372/834/42 374/835/42
f 373/836/42 374/837/42 372/838/42
f 375/839/42 376/840/42 377/841/42
f 375/842/42 377/843/42 376/844/42
f 379/845/42 380/846/42 378/847/42
f 379/848/42 378/849/42 380/850/42
f 383/851/42 381/852/42 382/853/42
f 382/854/42 381/855/42 383/856/42
f 384/857/67 385/858/67 386/859/67
f 388/860/42 387/861/42 386/862/42
f 387/863/42 388/864/42 386/865/42
f 389/866/42 390/867/42 391/868/42
f 389/869/42 391/870/42 390/871/42
f 394/872/42 393/873/42 392/874/42
f 394/875/42 392/876/42 393/877/42
f 395/878/42 396/879/42 397/880/42
f 395/881/42 397/882/42 396/883/42
f 399/884/42 398/885/42 400/886/42
f 399/887/42 400/888/42 398/889/42
f 402/890/67 401/891/67 404/892/67
f 403/893/42 405/894/42 404/895/42
f 405/896/42 403/897/42 404/898/42
f 406/899/42 408/900/42 407/901/42
f 406/902/42 407/903/42 408/904/42
f 409/905/42 411/906/42 410/907/42
f 409/908/42 410/909/42 411/910/42
f 412/911/42 413/912/42 414/913/42
f 412/914/42 414/915/42 413/916/42
f 417/917/42 416/918/42 415/919/42
f 415/920/42 416/921/42 417/922/42
f 419/923/68 418/924/68 420/925/68
f 418/926/68 419/927/68 420/928/68
f 421/929/66 422/930/66 420/931/66
f 423/932/42 425/933/42 424/934/42
f 423/935/42 424/936/42 425/937/42
f 427/938/42 428/939/42 426/940/42
f 427/941/42 426/942/42 428/943/42
f 429/944/42 431/945/42 430/946/42
f 429/947/42 430/948/42 431/949/42
f 434/950/42 433/951/42 432/952/42
f 432/953/42 433/954/42 434/955/42
f 435/956/69 437/957/70 436/958/71
f 437/959/70 435/960/69 436/961/71
f 438/962/66 439/963/66 436/964/66
f 441/965/42 442/966/42 440/967/42
f 441/968/42 440/969/42 442/970/42
f 443/971/42 444/972/42 445/973/42
f 443/974/42 445/975/42 444/976/42
f 447/977/42 448/978/42 446/979/42
f 447/980/42 446/981/42 448/982/42
f 450/983/42 449/984/42 451/985/42
f 450/986/42 451/987/42 449/988/42
f 452/989/42 454/990/42 453/991/42
f 452/992/42 453/993/42 454/994/42
f 455/995/42 457/996/42 456/997/42
f 457/998/42 455/999/42 456/1000/42
f 459/1001/42 460/1002/42 458/1003/42
f 460/1004/42 459/1005/42 458/1006/42
f 462/1007/42 463/1008/42 461/1009/42
f 463/1010/42 462/1011/42 461/1012/42
f 466/1013/42 465/1014/42 464/1015/42
f 465/1016/42 466/1017/42 464/1018/42
f 467/1019/42 468/1020/42 469/1021/42
f 467/1022/42 469/1023/42 468/1024/42
f 470/1025/42 472/1026/42 471/1027/42
f 470/1028/42 471/1029/42 472/1030/42
f 474/1031/42 473/1032/42 475/1033/42
f 473/1034/42 474/1035/42 475/1036/42
f 477/1037/42 476/1038/42 478/1039/42
f 476/1040/42 477/1041/42 478/1042/42
f 479/1043/42 481/1044/42 480/1045/42
f 481/1046/42 479/1047/42 480/1048/42
f 483/1049/42 482/1050/42 484/1051/42
f 482/1052/42 483/1053/42 484/1054/42
f 485/1055/42 487/1056/42 486/1057/42
f 485/1058/42 486/1059/42 487/1060/42
f 577/1061/72 488/1062/72 489/1063/72
f 490/1064/42 491/1065/42 492/1066/42
f 491/1067/42 490/1068/42 492/1069/42
f 495/1070/42 493/1071/42 494/1072/42
f 493/1073/42 495/1074/42 494/1075/42
f 498/1076/42 496/1077/42 497/1078/42
f 496/1079/42 498/1080/42 497/1081/42
f 501/1082/42 500/1083/42 499/1084/42
f 500/1085/42 501/1086/42 499/1087/42
f 502/1088/42 503/1089/42 504/1090/42
f 504/1091/42 503/1092/42 502/1093/42
f 505/1094/42 507/1095/42 506/1096/42
f 505/1097/42 506/1098/42 507/1099/42
f 508/1100/42 510/1101/42 509/1102/42
f 510/1103/42 508/1104/42 509/1105/42
f 513/1106/42 511/1107/42 512/1108/42
f 511/1109/42 513/1110/42 512/1111/42
f 515/1112/42 514/1113/42 516/1114/42
f 514/1115/42 515/1116/42 516/1117/42
f 518/1118/42 517/1119/42 519/1120/42
f 517/1121/42 518/1122/42 519/1123/42
f 521/1124/42 520/1125/42 522/1126/42
f 522/1127/42 520/1128/42 521/1129/42
f 524/1130/42 523/1131/42 525/1132/42
f 524/1133/42 525/1134/42 523/1135/42
f 526/1136/42 528/1137/42 527/1138/42
f 528/1139/42 526/1140/42 527/1141/42
f 531/1142/42 529/1143/42 530/1144/42
f 529/1145/42 531/1146/42 530/1147/42
f 534/1148/42 532/1149/42 533/1150/42
f 532/1151/42 534/1152/42 533/1153/42
f 536/1154/42 537/1155/42 535/1156/42
f 537/1157/42 536/1158/42 535/1159/42
f 539/1160/73 538/1161/74 540/1162/74
f 540/1163/74 538/1164/74 539/1165/73
f 541/1166/75 542/1167/75 452/1168/75
f 544/1169/42 543/1170/42 545/1171/42
f 544/1172/42 545/1173/42 543/1174/42
f 548/1175/42 546/1176/42 547/1177/42
f 546/1178/42 548/1179/42 547/1180/42
f 550/1181/42 551/1182/42 549/1183/42
f 550/1184/42 549/1185/42 551/1186/42
f 553/1187/42 552/1188/42 554/1189/42
f 553/1190/42 554/1191/42 552/1192/42
f 556/1193/42 555/1194/42 557/1195/42
f 557/1196/42 555/1197/42 556/1198/42
f 559/1199/75 558/1200/75 470/1201/75
f 560/1202/42 561/1203/42 562/1204/42
f 560/1205/42 562/1206/42 561/1207/42
f 563/1208/42 565/1209/42 564/1210/42
f 563/1211/42 564/1212/42 565/1213/42
f 566/1214/42 568/1215/42 567/1216/42
f 566/1217/42 567/1218/42 568/1219/42
f 571/1220/42 570/1221/42 569/1222/42
f 571/1223/42 569/1224/42 570/1225/42
f 572/1226/42 573/1227/42 574/1228/42
f 572/1229/42 574/1230/42 573/1231/42
f 575/1232/42 576/1233/42 577/1234/42
f 576/1235/42 575/1236/42 577/1237/42
f 578/1238/42 579/1239/42 580/1240/42
f 578/1241/42 580/1242/42 579/1243/42
f 581/1244/42 583/1245/42 582/1246/42
f 581/1247/42 582/1248/42 583/1249/42
f 585/1250/42 586/1251/42 584/1252/42
f 585/1253/42 584/1254/42 586/1255/42
f 587/1256/42 588/1257/42 589/1258/42
f 587/1259/42 589/1260/42 588/1261/42
f 591/1262/42 592/1263/42 590/1264/42
f 591/1265/42 590/1266/42 592/1267/42
f 593/1268/75 594/1269/75 505/1270/75
f 595/1271/42 597/1272/42 596/1273/42
f 595/1274/42 596/1275/42 597/1276/42
f 598/1277/42 599/1278/42 600/1279/42
f 598/1280/42 600/1281/42 599/1282/42
f 601/1283/42 603/1284/42 602/1285/42
f 601/1286/42 602/1287/42 603/1288/42
f 604/1289/42 606/1290/42 605/1291/42
f 604/1292/42 605/1293/42 606/1294/42
f 609/1295/42 607/1296/42 608/1297/42
f 608/1298/42 607/1299/42 609/1300/42
f 610/1301/75 611/1302/75 524/1303/75
f 695/1304/76 612/1305/76 613/1306/76
f 614/1307/42 616/1308/42 615/1309/42
f 614/1310/42 615/1311/42 616/1312/42
f 618/1313/42 619/1314/42 617/1315/42
f 618/1316/42 617/1317/42 619/1318/42
f 620/1319/42 622/1320/42 621/1321/42
f 620/1322/42 621/1323/42 622/1324/42
f 623/1325/42 625/1326/42 624/1327/42
f 623/1328/42 624/1329/42 625/1330/42
f 627/1331/75 626/1332/75 544/1333/75
f 629/1334/42 630/1335/42 628/1336/42
f 630/1337/42 629/1338/42 628/1339/42
f 631/1340/42 633/1341/42 632/1342/42
f 631/1343/42 632/1344/42 633/1345/42
f 635/1346/42 634/1347/42 636/1348/42
f 635/1349/42 636/1350/42 634/1351/42
f 637/1352/42 638/1353/42 639/1354/42
f 637/1355/42 639/1356/42 638/1357/42
f 640/1358/42 641/1359/42 642/1360/42
f 640/1361/42 642/1362/42 641/1363/42
f 643/1364/77 644/1365/77 560/1366/77
f 645/1367/20 647/1368/20 646/1369/20
f 647/1370/20 645/1371/20 646/1372/20
f 650/1373/42 649/1374/42 648/1375/42
f 650/1376/42 648/1377/42 649/1378/42
f 653/1379/42 652/1380/42 651/1381/42
f 653/1382/42 651/1383/42 652/1384/42
f 655/1385/42 656/1386/42 654/1387/42
f 655/1388/42 654/1389/42 656/1390/42
f 658/1391/42 657/1392/42 659/1393/42
f 658/1394/42 659/1395/42 657/1396/42
f 660/1397/75 661/1398/75 578/1399/75
f 663/1400/42 662/1401/42 664/1402/42
f 662/1403/42 663/1404/42 664/1405/42
f 667/1406/42 665/1407/42 666/1408/42
f 667/1409/42 666/1410/42 665/1411/42
f 668/1412/42 670/1413/42 669/1414/42
f 668/1415/42 669/1416/42 670/1417/42
f 673/1418/42 672/1419/42 671/1420/42
f 673/1421/42 671/1422/42 672/1423/42
f 676/1424/42 674/1425/42 675/1426/42
f 675/1427/42 674/1428/42 676/1429/42
f 678/1430/75 677/1431/75 595/1432/75
f 681/1433/42 680/1434/42 679/1435/42
f 680/1436/42 681/1437/42 679/1438/42
f 682/1439/42 684/1440/42 683/1441/42
f 682/1442/42 683/1443/42 684/1444/42
f 686/1445/42 687/1446/42 685/1447/42
f 686/1448/42 685/1449/42 687/1450/42
f 690/1451/42 689/1452/42 688/1453/42
f 690/1454/42 688/1455/42 689/1456/42
f 693/1457/42 692/1458/42 691/1459/42
f 691/1460/42 692/1461/42 693/1462/42
f 694/1463/42 696/1464/42 695/1465/42
f 696/1466/42 694/1467/42 695/1468/42
f 697/1469/42 699/1470/42 698/1471/42
f 699/1472/42 697/1473/42 698/1474/42
f 700/1475/42 702/1476/42 701/1477/42
f 700/1478/42 701/1479/42 702/1480/42
f 704/1481/42 703/1482/42 705/1483/42
f 704/1484/42 705/1485/42 703/1486/42
f 706/1487/42 707/1488/42 708/1489/42
f 706/1490/42 708/1491/42 707/1492/42
f 710/1493/78 709/1494/79 711/1495/80
f 711/1496/80 709/1497/79 710/1498/78
f 714/1499/42 712/1500/42 713/1501/42
f 713/1502/42 712/1503/42 714/1504/42
f 716/1505/42 717/1506/42 715/1507/42
f 716/1508/42 715/1509/42 717/1510/42
f 719/1511/42 718/1512/42 720/1513/42
f 719/1514/42 720/1515/42 718/1516/42
f 721/1517/42 722/1518/42 723/1519/42
f 721/1520/42 723/1521/42 722/1522/42
f 724/1523/42 726/1524/42 725/1525/42
f 726/1526/42 724/1527/42 725/1528/42
f 728/1529/81 727/1530/81 725/1531/81
f 729/1532/42 730/1533/42 731/1534/42
f 729/1535/42 731/1536/42 730/1537/42
f 732/1538/42 734/1539/42 733/1540/42
f 732/1541/42 733/1542/42 734/1543/42
f 736/1544/42 737/1545/42 735/1546/42
f 736/1547/42 735/1548/42 737/1549/42
f 738/1550/42 739/1551/42 740/1552/42
f 738/1553/42 740/1554/42 739/1555/42
f 741/1556/42 742/1557/42 743/1558/42
f 742/1559/42 741/1560/42 743/1561/42
f 744/1562/81 745/1563/81 743/1564/81
f 746/1565/42 748/1566/42 747/1567/42
f 746/1568/42 747/1569/42 748/1570/42
f 749/1571/42 750/1572/42 751/1573/42
f 749/1574/42 751/1575/42 750/1576/42
f 754/1577/42 753/1578/42 752/1579/42
f 754/1580/42 752/1581/42 753/1582/42
f 756/1583/42 755/1584/42 757/1585/42
f 756/1586/42 757/1587/42 755/1588/42
f 760/1589/42 759/1590/42 758/1591/42
f 759/1592/42 760/1593/42 758/1594/42
f 762/1595/42 763/1596/54 761/1597/54
f 763/1598/54 762/1599/42 761/1600/54
f 764/1601/42 766/1602/42 765/1603/42
f 764/1604/42 765/1605/42 766/1606/42
f 767/1607/42 769/1608/42 768/1609/42
f 767/1610/42 768/1611/42 769/1612/42
f 770/1613/42 772/1614/42 771/1615/42
f 770/1616/42 771/1617/42 772/1618/42
f 773/1619/42 774/1620/42 775/1621/42
f 775/1622/42 774/1623/42 773/1624/42
f 776/1625/82 777/1626/82 780/1627/82
f 778/1628/42 779/1629/54 780/1630/54
f 779/1631/54 778/1632/42 780/1633/54
f 781/1634/42 783/1635/42 782/1636/42
f 781/1637/42 782/1638/42 783/1639/42
f 785/1640/42 786/1641/42 784/1642/42
f 785/1643/42 784/1644/42 786/1645/42
f 788/1646/42 789/1647/42 787/1648/42
f 788/1649/42 787/1650/42 789/1651/42
f 791/1652/42 792/1653/42 790/1654/42
f 790/1655/42 792/1656/42 791/1657/42
f 794/1658/42 795/1659/42 793/1660/42
f 795/1661/42 794/1662/42 793/1663/42
f 796/1664/83 797/1665/83 793/1666/83
f 798/1667/42 799/1668/42 800/1669/42
f 798/1670/42 800/1671/42 799/1672/42
f 801/1673/42 803/1674/42 802/1675/42
f 801/1676/42 802/1677/42 803/1678/42
f 804/1679/42 806/1680/42 805/1681/42
f 804/1682/42 805/1683/42 806/1684/42
f 809/1685/58 808/1686/58 807/1687/58
f 807/1688/58 808/1689/58 809/1690/58
f 810/1691/42 812/1692/42 811/1693/42
f 810/1694/42 811/1695/42 812/1696/42
f 814/1697/42 815/1698/42 813/1699/42
f 815/1700/42 814/1701/42 813/1702/42
f 818/1703/42 816/1704/42 817/1705/42
f 816/1706/42 818/1707/42 817/1708/42
f 821/1709/42 819/1710/42 820/1711/42
f 819/1712/42 821/1713/42 820/1714/42
f 823/1715/42 824/1716/42 822/1717/42
f 824/1718/42 823/1719/42 822/1720/42
f 825/1721/42 826/1722/42 827/1723/42
f 825/1724/42 827/1725/42 826/1726/42
f 828/1727/42 830/1728/42 829/1729/42
f 828/1730/42 829/1731/42 830/1732/42
f 831/1733/42 833/1734/42 832/1735/42
f 833/1736/42 831/1737/42 832/1738/42
f 835/1739/42 834/1740/42 836/1741/42
f 834/1742/42 835/1743/42 836/1744/42
f 838/1745/42 839/1746/42 837/1747/42
f 839/1748/42 838/1749/42 837/1750/42
f 842/1751/42 840/1752/42 841/1753/42
f 840/1754/42 842/1755/42 841/1756/42
f 843/1757/42 844/1758/42 845/1759/42
f 843/1760/42 845/1761/42 844/1762/42
f 847/1763/42 848/1764/42 846/1765/42
f 847/1766/42 846/1767/42 848/1768/42
f 851/1769/42 850/1770/42 849/1771/42
f 850/1772/42 851/1773/42 849/1774/42
f 853/1775/42 854/1776/42 852/1777/42
f 854/1778/42 853/1779/42 852/1780/42
f 857/1781/42 856/1782/42 855/1783/42
f 856/1784/42 857/1785/42 855/1786/42
f 858/1787/42 860/1788/42 859/1789/42
f 860/1790/42 858/1791/42 859/1792/42
f 862/1793/42 863/1794/42 861/1795/42
f 861/1796/42 863/1797/42 862/1798/42
f 864/1799/42 865/1800/42 866/1801/42
f 864/1802/42 866/1803/42 865/1804/42
f 867/1805/42 868/1806/42 869/1807/42
f 868/1808/42 867/1809/42 869/1810/42
f 872/1811/42 870/1812/42 871/1813/42
f 870/1814/42 872/1815/42 871/1816/42
f 873/1817/42 875/1818/42 874/1819/42
f 875/1820/42 873/1821/42 874/1822/42
f 877/1823/42 878/1824/42 876/1825/42
f 878/1826/42 877/1827/42 876/1828/42
f 881/1829/42 879/1830/42 880/1831/42
f 880/1832/42 879/1833/42 881/1834/42
f 883/1835/42 882/1836/42 884/1837/42
f 883/1838/42 884/1839/42 882/1840/42
f 887/1841/42 885/1842/42 886/1843/42
f 885/1844/42 887/1845/42 886/1846/42
f 888/1847/42 889/1848/42 890/1849/42
f 889/1850/42 888/1851/42 890/1852/42
f 893/1853/42 891/1854/42 892/1855/42
f 891/1856/42 893/1857/42 892/1858/42
f 894/1859/42 896/1860/42 895/1861/42
f 896/1862/42 894/1863/42 895/1864/42
f 898/1865/58 899/1866/58 897/1867/58
f 897/1868/58 899/1869/58 898/1870/58
f 900/1871/84 901/1872/84 810/1873/84
f 902/1874/42 903/1875/42 904/1876/42
f 902/1877/42 904/1878/42 903/1879/42
f 906/1880/85 905/1881/85 907/1882/85
f 905/1883/85 906/1884/85 907/1885/85
f 908/1886/42 910/1887/42 909/1888/42
f 908/1889/42 909/1890/42 910/1891/42
f 913/1892/86 911/1893/87 912/1894/88
f 911/1895/87 913/1896/86 912/1897/88
f 914/1898/42 915/1899/42 916/1900/42
f 914/1901/42 916/1902/42 915/1903/42
f 917/1904/84 918/1905/84 828/1906/84
f 1001/1907/89 919/1908/89 920/1909/89
f 922/1910/42 921/1911/42 923/1912/42
f 921/1913/42 922/1914/42 923/1915/42
f 924/1916/42 926/1917/42 925/1918/42
f 924/1919/42 925/1920/42 926/1921/42
f 929/1922/42 927/1923/42 928/1924/42
f 927/1925/42 929/1926/42 928/1927/42
f 931/1928/42 932/1929/42 930/1930/42
f 931/1931/42 930/1932/42 932/1933/42
f 933/1934/84 934/1935/84 847/1936/84
f 936/1937/42 935/1938/42 937/1939/42
f 936/1940/42 937/1941/42 935/1942/42
f 938/1943/42 940/1944/42 939/1945/42
f 940/1946/42 938/1947/42 939/1948/42
f 941/1949/42 943/1950/42 942/1951/42
f 941/1952/42 942/1953/42 943/1954/42
f 946/1955/42 945/1956/42 944/1957/42
f 945/1958/42 946/1959/42 944/1960/42
f 947/1961/42 949/1962/42 948/1963/42
f 948/1964/42 949/1965/42 947/1966/42
f 950/1967/84 951/1968/84 864/1969/84
f 952/1970/42 954/1971/42 953/1972/42
f 952/1973/42 953/1974/42 954/1975/42
f 957/1976/42 955/1977/42 956/1978/42
f 955/1979/42 957/1980/42 956/1981/42
f 958/1982/42 959/1983/42 960/1984/42
f 958/1985/42 960/1986/42 959/1987/42
f 962/1988/42 961/1989/42 963/1990/42
f 961/1991/42 962/1992/42 963/1993/42
f 965/1994/42 966/1995/42 964/1996/42
f 964/1997/42 966/1998/42 965/1999/42
f 968/2000/84 967/2001/84 883/2002/84
f 970/2003/42 969/2004/42 971/2005/42
f 970/2006/42 971/2007/42 969/2008/42
f 974/2009/42 972/2010/42 973/2011/42
f 972/2012/42 974/2013/42 973/2014/42
f 975/2015/42 977/2016/42 976/2017/42
f 975/2018/42 976/2019/42 977/2020/42
f 979/2021/42 980/2022/42 978/2023/42
f 979/2024/42 978/2025/42 980/2026/42
f 983/2027/58 982/2028/58 981/2029/58
f 981/2030/58 982/2031/58 983/2032/58
f 984/2033/84 985/2034/84 902/2035/84
f 986/2036/42 987/2037/42 988/2038/42
f 987/2039/42 986/2040/42 988/2041/42
f 990/2042/42 989/2043/42 991/2044/42
f 989/2045/42 990/2046/42 991/2047/42
f 994/2048/42 992/2049/42 993/2050/42
f 992/2051/42 994/2052/42 993/2053/42
f 997/2054/42 995/2055/42 996/2056/42
f 995/2057/42 997/2058/42 996/2059/42
f 998/2060/42 999/2061/42 1000/2062/42
f 998/2063/42 1000/2064/42 999/2065/42
f 1002/2066/90 1003/2067/91 1001/2068/92
f 1003/2069/91 1002/2070/90 1001/2071/92
f 1005/2072/42 1006/2073/42 1004/2074/42
f 1006/2075/42 1005/2076/42 1004/2077/42
f 1008/2078/42 1009/2079/42 1007/2080/42
f 1009/2081/42 1008/2082/42 1007/2083/42
f 1011/2084/42 1010/2085/42 1012/2086/42
f 1010/2087/42 1011/2088/42 1012/2089/42
f 1013/2090/42 1015/2091/42 1014/2092/42
f 1015/2093/42 1013/2094/42 1014/2095/42
f 1016/2096/42 1017/2097/42 1018/2098/42
f 1016/2099/42 1018/2100/42 1017/2101/42
f 1019/2102/84 1020/2103/84 936/2104/84
f 1021/2105/42 1023/2106/42 1022/2107/42
f 1023/2108/42 1021/2109/42 1022/2110/42
f 1026/2111/42 1025/2112/42 1024/2113/42
f 1025/2114/42 1026/2115/42 1024/2116/42
f 1029/2117/42 1027/2118/42 1028/2119/42
f 1027/2120/42 1029/2121/42 1028/2122/42
f 1030/2123/42 1032/2124/42 1031/2125/42
f 1032/2126/42 1030/2127/42 1031/2128/42
f 1034/2129/42 1035/2130/42 1033/2131/42
f 1033/2132/42 1035/2133/42 1034/2134/42
f 1037/2135/84 1036/2136/84 952/2137/84
f 1038/2138/42 1040/2139/42 1039/2140/42
f 1040/2141/42 1038/2142/42 1039/2143/42
f 1041/2144/42 1043/2145/42 1042/2146/42
f 1043/2147/42 1041/2148/42 1042/2149/42
f 1046/2150/42 1045/2151/42 1044/2152/42
f 1045/2153/42 1046/2154/42 1044/2155/42
f 1049/2156/42 1048/2157/42 1047/2158/42
f 1048/2159/42 1049/2160/42 1047/2161/42
f 1052/2162/42 1050/2163/42 1051/2164/42
f 1051/2165/42 1050/2166/42 1052/2167/42
f 1054/2168/93 1053/2169/93 970/2170/93
f 1055/2171/42 1056/2172/42 1057/2173/42
f 1056/2174/42 1055/2175/42 1057/2176/42
f 1058/2177/42 1059/2178/42 1060/2179/42
f 1059/2180/42 1058/2181/42 1060/2182/42
f 1063/2183/42 1061/2184/42 1062/2185/42
f 1061/2186/42 1063/2187/42 1062/2188/42
f 1066/2189/42 1064/2190/42 1065/2191/42
f 1064/2192/42 1066/2193/42 1065/2194/42
f 1069/2195/58 1067/2196/58 1068/2197/58
f 1068/2198/58 1067/2199/58 1069/2200/58
f 1072/2201/42 1071/2202/42 1070/2203/42
f 1070/2204/42 1071/2205/42 1072/2206/42
f 1074/2207/42 1073/2208/42 1075/2209/42
f 1074/2210/42 1075/2211/42 1073/2212/42
f 1077/2213/58 1076/2214/42 1078/2215/58
f 1078/2216/58 1076/2217/42 1077/2218/58
f 1079/2219/42 1081/2220/42 1080/2221/42
f 1079/2222/42 1080/2223/42 1081/2224/42
f 1082/2225/94 1083/2226/95 1084/2227/96
f 1083/2228/95 1082/2229/94 1084/2230/96
f 1086/2231/97 1085/2232/97 1084/2233/97
f 1087/2234/42 1089/2235/42 1088/2236/42
f 1087/2237/42 1088/2238/42 1089/2239/42
f 1091/2240/42 1092/2241/42 1090/2242/42
f 1091/2243/42 1090/2244/42 1092/2245/42
f 1093/2246/42 1095/2247/42 1094/2248/42
f 1093/2249/42 1094/2250/42 1095/2251/42
f 1097/2252/42 1096/2253/42 1098/2254/42
f 1098/2255/42 1096/2256/42 1097/2257/42
f 1099/2258/98 1100/2259/98 1102/2260/98
f 1103/2261/42 1101/2262/42 1102/2263/42
f 1101/2264/42 1103/2265/42 1102/2266/42
f 1104/2267/42 1106/2268/42 1105/2269/42
f 1104/2270/42 1105/2271/42 1106/2272/42
f 1107/2273/42 1109/2274/42 1108/2275/42
f 1107/2276/42 1108/2277/42 1109/2278/42
f 1110/2279/42 1112/2280/42 1111/2281/42
f 1110/2282/42 1111/2283/42 1112/2284/42
f 1114/2285/42 1113/2286/42 1115/2287/42
f 1114/2288/42 1115/2289/42 1113/2290/42
f 1116/2291/98 1117/2292/98 1118/2293/98
f 1120/2294/99 1119/2295/99 1118/2296/100
f 1119/2297/99 1120/2298/99 1118/2299/100
f 1121/2300/42 1123/2301/42 1122/2302/42
f 1121/2303/42 1122/2304/42 1123/2305/42
f 1124/2306/42 1126/2307/42 1125/2308/42
f 1124/2309/42 1125/2310/42 1126/2311/42
f 1127/2312/42 1129/2313/42 1128/2314/42
f 1127/2315/42 1128/2316/42 1129/2317/42
f 1132/2318/42 1130/2319/42 1131/2320/42
f 1131/2321/42 1130/2322/42 1132/2323/42
f 1133/2324/98 1134/2325/98 1135/2326/98
f 1136/2327/42 1137/2328/42 1135/2329/42
f 1137/2330/42 1136/2331/42 1135/2332/42
f 1140/2333/42 1138/2334/42 1139/2335/42
f 1140/2336/42 1139/2337/42 1138/2338/42
f 1143/2339/42 1142/2340/42 1141/2341/42
f 1143/2342/42 1141/2343/42 1142/2344/42
f 1144/2345/42 1145/2346/42 1146/2347/42
f 1144/2348/42 1146/2349/42 1145/2350/42
f 1148/2351/42 1149/2352/42 1147/2353/42
f 1147/2354/42 1149/2355/42 1148/2356/42
f 1150/2357/101 1152/2358/102 1151/2359/102
f 1152/2360/102 1150/2361/101 1151/2362/102
f 1153/2363/97 1154/2364/97 1151/2365/97
f 1156/2366/42 1157/2367/42 1155/2368/42
f 1156/2369/42 1155/2370/42 1157/2371/42
f 1160/2372/42 1159/2373/42 1158/2374/42
f 1160/2375/42 1158/2376/42 1159/2377/42
f 1162/2378/42 1163/2379/42 1161/2380/42
f 1162/2381/42 1161/2382/42 1163/2383/42
f 1166/2384/42 1165/2385/42 1164/2386/42
f 1166/2387/42 1164/2388/42 1165/2389/42
f 1167/2390/42 1169/2391/42 1168/2392/42
f 1167/2393/42 1168/2394/42 1169/2395/42
f 1171/2396/20 1172/2397/20 1170/2398/20
f 1172/2399/20 1171/2400/20 1170/2401/20
f 1173/2402/42 1174/2403/42 1175/2404/42
f 1174/2405/42 1173/2406/42 1175/2407/42
f 1177/2408/42 1178/2409/42 1176/2410/42
f 1178/2411/42 1177/2412/42 1176/2413/42
f 1181/2414/42 1179/2415/42 1180/2416/42
f 1179/2417/42 1181/2418/42 1180/2419/42
f 1182/2420/42 1183/2421/42 1184/2422/42
f 1182/2423/42 1184/2424/42 1183/2425/42
f 1186/2426/42 1185/2427/42 1187/2428/42
f 1186/2429/42 1187/2430/42 1185/2431/42
f 1188/2432/20 1189/2433/20 1190/2434/20
f 1189/2435/20 1188/2436/20 1190/2437/20
f 1193/2438/42 1192/2439/42 1191/2440/42
f 1192/2441/42 1193/2442/42 1191/2443/42
f 1196/2444/42 1194/2445/42 1195/2446/42
f 1194/2447/42 1196/2448/42 1195/2449/42
f 1198/2450/42 1197/2451/42 1199/2452/42
f 1197/2453/42 1198/2454/42 1199/2455/42
f 1200/2456/42 1201/2457/42 1202/2458/42
f 1200/2459/42 1202/2460/42 1201/2461/42
f 1289/2462/103 1203/2463/103 1204/2464/103
f 1205/2465/42 1206/2466/42 1207/2467/42
f 1206/2468/42 1205/2469/42 1207/2470/42
f 1209/2471/42 1208/2472/42 1210/2473/42
f 1208/2474/42 1209/2475/42 1210/2476/42
f 1213/2477/42 1211/2478/42 1212/2479/42
f 1211/2480/42 1213/2481/42 1212/2482/42
f 1216/2483/42 1215/2484/42 1214/2485/42
f 1215/2486/42 1216/2487/42 1214/2488/42
f 1217/2489/42 1218/2490/42 1219/2491/42
f 1217/2492/42 1219/2493/42 1218/2494/42
f 1306/2495/103 1220/2496/103 1221/2497/103
f 1223/2498/42 1224/2499/42 1222/2500/42
f 1224/2501/42 1223/2502/42 1222/2503/42
f 1227/2504/42 1225/2505/42 1226/2506/42
f 1225/2507/42 1227/2508/42 1226/2509/42
f 1228/2510/42 1230/2511/42 1229/2512/42
f 1230/2513/42 1228/2514/42 1229/2515/42
f 1232/2516/42 1233/2517/42 1231/2518/42
f 1233/2519/42 1232/2520/42 1231/2521/42
f 1235/2522/42 1236/2523/42 1234/2524/42
f 1234/2525/42 1236/2526/42 1235/2527/42
f 1325/2528/103 1237/2529/103 1238/2530/103
f 1239/2531/42 1240/2532/42 1241/2533/42
f 1240/2534/42 1239/2535/42 1241/2536/42
f 1242/2537/42 1243/2538/42 1244/2539/42
f 1243/2540/42 1242/2541/42 1244/2542/42
f 1247/2543/42 1245/2544/42 1246/2545/42
f 1245/2546/42 1247/2547/42 1246/2548/42
f 1250/2549/42 1248/2550/42 1249/2551/42
f 1248/2552/42 1250/2553/42 1249/2554/42
f 1253/2555/78 1252/2556/104 1251/2557/80
f 1251/2558/80 1252/2559/104 1253/2560/78
f 1254/2561/105 1255/2562/105 1167/2563/105
f 1256/2564/42 1257/2565/42 1258/2566/42
f 1256/2567/42 1258/2568/42 1257/2569/42
f 1260/2570/42 1261/2571/42 1259/2572/42
f 1260/2573/42 1259/2574/42 1261/2575/42
f 1262/2576/42 1264/2577/42 1263/2578/42
f 1262/2579/42 1263/2580/42 1264/2581/42
f 1266/2582/42 1267/2583/42 1265/2584/42
f 1266/2585/42 1265/2586/42 1267/2587/42
f 1268/2588/42 1270/2589/42 1269/2590/42
f 1269/2591/42 1270/2592/42 1268/2593/42
f 1271/2594/105 1272/2595/105 1186/2596/105
f 1273/2597/42 1274/2598/42 1275/2599/42
f 1273/2600/42 1275/2601/42 1274/2602/42
f 1277/2603/42 1276/2604/42 1278/2605/42
f 1277/2606/42 1278/2607/42 1276/2608/42
f 1279/2609/42 1281/2610/42 1280/2611/42
f 1279/2612/42 1280/2613/42 1281/2614/42
f 1282/2615/42 1284/2616/42 1283/2617/42
f 1282/2618/42 1283/2619/42 1284/2620/42
f 1285/2621/42 1287/2622/42 1286/2623/42
f 1285/2624/42 1286/2625/42 1287/2626/42
f 1288/2627/42 1290/2628/42 1289/2629/42
f 1290/2630/42 1288/2631/42 1289/2632/42
f 1374/2633/106 1291/2634/106 1292/2635/106
f 1293/2636/42 1294/2637/42 1295/2638/42
f 1293/2639/42 1295/2640/42 1294/2641/42
f 1296/2642/42 1298/2643/42 1297/2644/42
f 1296/2645/42 1297/2646/42 1298/2647/42
f 1300/2648/42 1301/2649/42 1299/2650/42
f 1300/2651/42 1299/2652/42 1301/2653/42
f 1304/2654/42 1302/2655/42 1303/2656/42
f 1303/2657/42 1302/2658/42 1304/2659/42
f 1305/2660/42 1307/2661/42 1306/2662/42
f 1307/2663/42 1305/2664/42 1306/2665/42
f 1309/2666/42 1310/2667/42 1308/2668/42
f 1309/2669/42 1308/2670/42 1310/2671/42
f 1311/2672/42 1313/2673/42 1312/2674/42
f 1311/2675/42 1312/2676/42 1313/2677/42
f 1315/2678/42 1316/2679/42 1314/2680/42
f 1315/2681/42 1314/2682/42 1316/2683/42
f 1317/2684/42 1319/2685/42 1318/2686/42
f 1317/2687/42 1318/2688/42 1319/2689/42
f 1321/2690/42 1320/2691/42 1322/2692/42
f 1322/2693/42 1320/2694/42 1321/2695/42
f 1323/2696/20 1324/2697/20 1325/2698/20
f 1324/2699/20 1323/2700/20 1325/2701/20
f 1411/2702/106 1326/2703/106 1327/2704/106
f 1328/2705/42 1330/2706/42 1329/2707/42
f 1328/2708/42 1329/2709/42 1330/2710/42
f 1332/2711/42 1333/2712/42 1331/2713/42
f 1332/2714/42 1331/2715/42 1333/2716/42
f 1334/2717/54 1336/2718/54 1335/2719/54
f 1336/2720/54 1334/2721/54 1335/2722/54
f 1337/2723/42 1338/2724/42 1339/2725/42
f 1337/2726/42 1339/2727/42 1338/2728/42
f 1340/2729/107 1341/2730/107 1256/2731/107
f 1342/2732/36 1344/2733/36 1343/2734/36
f 1344/2735/36 1342/2736/36 1343/2737/36
f 1346/2738/42 1347/2739/42 1345/2740/42
f 1346/2741/42 1345/2742/42 1347/2743/42
f 1348/2744/42 1349/2745/42 1350/2746/42
f 1348/2747/42 1350/2748/42 1349/2749/42
f 1351/2750/42 1353/2751/42 1352/2752/42
f 1351/2753/42 1352/2754/42 1353/2755/42
f 1354/2756/42 1355/2757/42 1356/2758/42
f 1354/2759/42 1356/2760/42 1355/2761/42
f 1357/2762/107 1358/2763/107 1273/2764/107
f 1361/2765/20 1359/2766/20 1360/2767/20
f 1359/2768/20 1361/2769/20 1360/2770/20
f 1363/2771/42 1364/2772/42 1362/2773/42
f 1363/2774/42 1362/2775/42 1364/2776/42
f 1365/2777/42 1366/2778/42 1367/2779/42
f 1365/2780/42 1367/2781/42 1366/2782/42
f 1368/2783/42 1369/2784/42 1370/2785/42
f 1368/2786/42 1370/2787/42 1369/2788/42
f 1371/2789/42 1372/2790/42 1373/2791/42
f 1371/2792/42 1373/2793/42 1372/2794/42
f 1376/2795/100 1375/2796/100 1374/2797/108
f 1375/2798/100 1376/2799/100 1374/2800/108
f 1378/2801/42 1377/2802/42 1379/2803/42
f 1377/2804/42 1378/2805/42 1379/2806/42
f 1381/2807/42 1382/2808/42 1380/2809/42
f 1381/2810/42 1380/2811/42 1382/2812/42
f 1383/2813/42 1384/2814/42 1385/2815/42
f 1383/2816/42 1385/2817/42 1384/2818/42
f 1387/2819/42 1388/2820/42 1386/2821/42
f 1387/2822/42 1386/2823/42 1388/2824/42
f 1391/2825/42 1389/2826/42 1390/2827/42
f 1390/2828/42 1389/2829/42 1391/2830/42
f 1392/2831/107 1393/2832/107 1309/2833/107
f 1394/2834/42 1395/2835/42 1396/2836/42
f 1395/2837/42 1394/2838/42 1396/2839/42
f 1397/2840/42 1399/2841/42 1398/2842/42
f 1397/2843/42 1398/2844/42 1399/2845/42
f 1400/2846/42 1402/2847/42 1401/2848/42
f 1400/2849/42 1401/2850/42 1402/2851/42
f 1403/2852/42 1405/2853/42 1404/2854/42
f 1403/2855/42 1404/2856/42 1405/2857/42
f 1407/2858/42 1406/2859/42 1408/2860/42
f 1408/2861/42 1406/2862/42 1407/2863/42
f 1409/2864/109 1410/2865/101 1411/2866/110
f 1410/2867/101 1409/2868/109 1411/2869/110
f 1412/2870/42 1414/2871/42 1413/2872/42
f 1414/2873/42 1412/2874/42 1413/2875/42
f 1417/2876/42 1415/2877/42 1416/2878/42
f 1415/2879/42 1417/2880/42 1416/2881/42
f 1418/2882/42 1420/2883/42 1419/2884/42
f 1418/2885/42 1419/2886/42 1420/2887/42
f 1423/2888/42 1422/2889/42 1421/2890/42
f 1423/2891/42 1421/2892/42 1422/2893/42
f 1426/2894/85 1424/2895/85 1425/2896/85
f 1425/2897/85 1424/2898/85 1426/2899/85
f 1429/2900/42 1427/2901/42 1428/2902/42
f 1429/2903/42 1428/2904/42 1427/2905/42
f 1432/2906/42 1430/2907/42 1431/2908/42
f 1431/2909/42 1430/2910/42 1432/2911/42
f 1435/2912/42 1434/2913/42 1433/2914/42
f 1433/2915/42 1434/2916/42 1435/2917/42
f 1436/2918/42 1438/2919/42 1437/2920/42
f 1436/2921/42 1437/2922/42 1438/2923/42
f 1441/2924/42 1439/2925/42 1440/2926/42
f 1441/2927/42 1440/2928/42 1439/2929/42
f 1442/2930/42 1443/2931/42 1444/2932/42
f 1442/2933/42 1444/2934/42 1443/2935/42
f 1445/2936/42 1447/2937/42 1446/2938/42
f 1447/2939/42 1445/2940/42 1446/2941/42
f 1449/2942/42 1450/2943/42 1448/2944/42
f 1449/2945/42 1448/2946/42 1450/2947/42
f 1451/2948/42 1453/2949/42 1452/2950/42
f 1451/2951/42 1452/2952/42 1453/2953/42
f 1455/2954/58 1456/2955/58 1454/2956/58
f 1454/2957/58 1456/2958/58 1455/2959/58
f 1458/2960/20 1459/2961/20 1457/2962/20
f 1459/2963/20 1458/2964/20 1457/2965/20
f 1464/103/111 1460/2966/112 1462/101/113
f 1464/103/111 1463/2967/114 1460/2966/112
f 1462/2968/113 1460/2969/112 1501/2970/115
f 1461/2971/116 1463/2972/117 1467/2973/118
f 1461/2971/116 1467/2973/118 1500/2974/58
f 1462/2968/113 1501/2970/115 1473/2975/119
f 1465/2976/49 1462/2977/48 1472/2978/120
f 1463/2979/114 1482/2980/121 1468/2981/122
f 1463/2979/114 1464/2982/111 1482/2980/121
f 1465/2976/49 1472/2978/120 1481/2983/54
f 1500/2984/20 1504/2985/20 1467/2986/20
f 1500/2984/123 1466/2987/123 1469/2988/123
f 1491/2989/124 1496/2990/124 1466/2991/124
f 1470/2992/20 1469/2988/20 1481/2983/20
f 1466/2991/124 1493/2993/124 1491/2989/124
f 1474/2994/85 1478/2995/85 1471/2996/85
f 1486/107/20 1472/2978/20 1481/2983/20
f 1471/2996/85 1476/2997/85 1474/2994/85
f 1480/63/30 1479/2998/13 1477/9/15
f 1476/2999/125 1475/3000/126 1506/108/127
f 1476/2999/54 1506/108/54 1485/49/54
f 1475/98/128 1507/100/129 1512/3001/130
f 1479/3002/13 1480/3003/30 1483/3004/131
f 1486/107/20 1481/2983/20 1521/30/20
f 1505/3005/132 1488/3006/133 1484/3007/134
f 1514/3008/135 1513/3009/135 1520/29/135
f 1500/2984/20 1490/3010/20 1504/2985/20
f 1497/3011/136 1489/3012/137 1499/3013/138
f 1511/52/139 1508/22/139 1489/3014/139
f 1508/22/140 1507/24/140 1489/3014/140
f 1497/3011/136 1508/3015/141 1489/3012/137
f 1511/3016/39 1489/3017/142 1488/3018/40
f 1516/3019/143 1492/3020/144 1514/3021/145
f 1495/40/146 1494/42/18 1509/3022/147
f 1493/3023/148 1492/3024/149 1522/55/150
f 1493/3023/58 1522/55/58 1503/54/58
f 1495/40/146 1509/3022/147 1497/3025/151
f 1495/3026/146 1497/3027/151 1498/3028/152
f 1519/58/153 1502/3029/154 1523/3030/155
f 1503/3031/20 1518/3032/20 1521/3032/20
f 1475/3033/128 1488/84/133 1505/3034/132
f 1475/3033/128 1512/85/130 1488/84/133
f 1517/3035/54 1515/3036/54 1520/29/54
f 1492/3037/144 1519/68/153 1523/3038/155
f 1492/3037/144 1516/69/143 1519/68/153
f 1517/3035/32 1520/29/156 1519/58/33
f 1524/3039/157 1526/3040/158 1525/3041/159
f 1525/3042/159 1526/3043/158 1524/3044/157
f 1527/3045/42 1528/3046/42 1529/3047/42
f 1528/3048/42 1527/3049/42 1529/3050/42
f 1532/3051/42 1530/3052/42 1531/3053/42
f 1531/3054/42 1530/3055/42 1532/3056/42
f 1534/3057/42 1533/3058/42 1535/3059/42
f 1535/3060/42 1533/3061/42 1534/3062/42
f 1538/3063/42 1536/3064/42 1537/3065/42
f 1537/3066/42 1536/3067/42 1538/3068/42
f 1541/3069/42 1539/3070/42 1540/3071/42
f 1540/3072/42 1539/3073/42 1541/3074/42
f 1544/3075/42 1543/3076/42 1542/3077/42
f 1542/3078/42 1543/3079/42 1544/3080/42
f 1546/3081/42 1545/3082/42 1547/3083/42
f 1547/3084/42 1545/3085/42 1546/3086/42
f 1549/3087/42 1550/3088/42 1548/3089/42
f 1548/3090/42 1550/3091/42 1549/3092/42
f 1551/3093/42 1553/3094/42 1552/3095/42
f 1551/3096/42 1552/3097/42 1553/3098/42
f 1555/3099/160 1556/3100/42 1554/3101/161
f 1554/3102/161 1556/3103/42 1555/3104/160
f 1558/3105/162 1557/3106/162 1559/3107/163
f 1559/3108/163 1557/3109/162 1558/3110/162
f 1560/3111/42 1561/3112/42 1562/3113/42
f 1561/3114/42 1560/3115/42 1562/3116/42
f 1564/3117/164 1565/3118/164 1563/3119/165
f 1563/3120/165 1565/3121/164 1564/3122/164
f 1567/3123/42 1566/3124/42 1568/3125/42
f 1567/3126/42 1568/3127/42 1566/3128/42
f 1569/3129/42 1570/3130/42 1571/3131/42
f 1569/3132/42 1571/3133/42 1570/3134/42
f 1572/3135/42 1574/3136/42 1573/3137/42
f 1572/3138/42 1573/3139/42 1574/3140/42
f 1575/3141/42 1576/3142/42 1577/3143/42
f 1575/3144/42 1577/3145/42 1576/3146/42
f 1578/3147/42 1580/3148/42 1579/3149/42
f 1578/3150/42 1579/3151/42 1580/3152/42
f 1582/3153/42 1581/3154/42 1583/3155/42
f 1582/3156/42 1583/3157/42 1581/3158/42
f 1585/3159/42 1584/3160/42 1586/3161/42
f 1585/3162/42 1586/3163/42 1584/3164/42
f 1588/3165/42 1587/3166/166 1589/3167/167
f 1589/3168/167 1587/3169/166 1588/3170/42
f 1591/3171/168 1592/3172/169 1590/3173/170
f 1590/3174/170 1592/3175/169 1591/3176/168
f 1598/3177/42 1596/3178/42 1597/3179/42
f 1596/3180/42 1598/3181/42 1597/3182/42
f 1600/3183/42 1599/3184/42 1601/3185/42
f 1599/3186/42 1600/3187/42 1601/3188/42
f 1603/3189/42 1602/3190/42 1604/3191/42
f 1603/3192/42 1604/3193/42 1602/3194/42
f 1606/3195/42 1607/3196/42 1605/3197/42
f 1606/3198/42 1605/3199/42 1607/3200/42
f 1467/1/171 1468/3201/171 1469/2/171
f 1470/4/172 1471/3202/172 1472/5/172
f 1474/7/173 1475/98/126 1476/8/125
f 1481/10/174 1482/3203/174 1483/11/174
f 1487/13/175 1488/13/40 1489/14/142
f 1491/16/176 1492/3204/149 1493/17/148
f 1498/19/177 1499/3205/177 1500/20/177
f 1508/22/178 1509/82/178 1510/23/178
f 1513/25/179 1514/3206/179 1515/26/179
f 1518/28/180 1519/58/33 1520/29/156
f 1479/31/181 1478/3207/181 1474/32/181
f 1473/34/182 1498/3208/182 1501/35/182
f 1521/37/183 1481/3209/183 1480/38/183
f 1495/40/184 1496/3210/184 1491/41/184
f 1487/43/20 1490/3211/20 1503/44/20
f 1499/46/185 1490/3212/185 1489/47/185
f 1485/49/186 1488/3213/186 1487/50/186
f 1507/24/187 1510/23/187 1511/52/187
f 1503/54/188 1502/3214/189 1522/55/190
f 1518/28/191 1502/3029/189 1503/57/188
f 1465/59/192 1482/3215/192 1481/60/192
f 1477/9/193 1476/8/193 1513/62/193
f 1495/64/194 1466/3216/194 1469/65/194
f 1475/3033/126 1505/3034/195 1506/3217/127
f 1486/70/20 1485/3218/20 1472/71/20
f 1497/3025/151 1509/3022/147 1508/3219/196
f 1513/73/197 1492/3220/197 1491/74/197
f 1461/76/198 1501/3221/198 1500/77/198
f 1468/2981/199 1467/3222/199 1463/2979/199
f 1461/3223/116 1460/3224/200 1463/3225/117
f 1479/79/201 1471/3226/201 1470/80/201
f 1493/17/202 1510/23/202 1509/82/202
f 1492/3037/149 1523/3038/203 1522/3227/150
f 1482/92/204 1469/3228/204 1468/93/204
f 1504/95/20 1503/3229/20 1467/96/20
f 1475/98/45 1474/7/205 1508/99/46
f 1473/2975/206 1472/3230/206 1462/2968/206
f 1499/3013/207 1498/3231/207 1497/3011/207
f 1515/104/208 1514/3232/208 1517/105/208
f 1521/30/209 1520/29/209 1485/49/209
f 1485/49/22 1484/51/24 1506/108/210
f 1470/2992/211 1501/3233/211 1500/2984/211
f 1500/2984/212 1467/2986/212 1466/2987/212
f 1469/2988/20 1470/2992/20 1500/2984/20
f 1466/2987/213 1495/3026/213 1498/3028/213
f 1466/2987/214 1498/3028/214 1500/2984/214
f 1481/2983/215 1472/2978/215 1471/3234/215
f 1481/2983/216 1471/3234/216 1470/2992/216
f 1469/2988/217 1482/3235/217 1481/2983/217
f 1503/3236/124 1493/2993/124 1466/2991/124
f 1485/3237/85 1476/2997/85 1471/2996/85
f 1471/3238/218 1479/3002/218 1483/3004/218
f 1471/3238/219 1483/3004/219 1481/3239/219
f 1485/49/54 1513/3009/54 1476/2999/54
f 1474/3240/124 1476/3241/124 1485/3242/220
f 1508/3243/221 1474/3240/124 1485/3242/220
f 1518/3244/222 1480/3245/223 1520/3246/224
f 1480/3245/223 1515/3247/225 1520/3246/224
f 1489/3248/226 1508/3243/226 1487/3249/226
f 1508/3243/221 1485/3242/220 1487/3249/227
f 1520/29/228 1515/3036/228 1514/3008/228
f 1513/3009/54 1485/49/54 1520/29/54
f 1511/52/229 1507/24/229 1508/22/229
f 1503/3250/230 1490/3251/230 1489/3014/230
f 1510/23/58 1503/3250/58 1489/3014/58
f 1507/24/231 1510/23/231 1489/3014/231
f 1503/54/58 1510/3252/58 1493/3023/58
f 1513/3253/36 1491/3254/36 1494/3254/36
f 1494/3254/231 1493/3255/231 1503/3031/231
f 1513/3253/232 1494/3254/233 1503/3031/233
f 1515/3256/85 1513/3253/232 1503/3031/233
f 1520/3257/234 1515/3256/234 1521/3032/234
f 1515/3256/235 1503/3031/235 1521/3032/235
l 1 2
