# Blender 4.5.0
# www.blender.org
mtllib office_003.lod2.mtl
o office_003
v -1.272264 3.069202 -4.251132
v 1.180898 3.460724 -4.251132
v 4.550000 0.014604 -4.450000
v 4.550000 -0.000000 4.450000
v -0.906416 14.614073 0.106414
v -4.548515 0.589565 0.664431
v 4.457149 0.589565 -0.664431
v -3.524258 2.423327 -4.006648
v -3.524257 0.633098 -3.995953
v -2.011129 0.707537 -4.078439
v -3.423551 2.356184 -4.092063
v -2.877524 0.669877 -4.100434
v -2.298023 2.356184 -4.089699
v -3.421811 2.399563 -4.151159
v -3.423809 0.652846 -4.120741
v -3.425806 2.399563 -4.090325
v -2.862785 2.399563 -4.090325
v -2.860787 0.652845 -4.120741
v -2.858790 2.399563 -4.151159
v -2.297766 0.652845 -4.120741
v -2.299764 2.399563 -4.090325
v -2.295769 2.399563 -4.151159
v -2.106145 0.629719 -4.140647
v -3.545781 0.625227 -4.260240
v -3.545781 0.634214 -4.021059
v -0.183925 1.324969 -4.266365
v -2.116707 2.423326 -4.006649
v -2.116707 0.633099 -3.995952
v -1.469972 0.669877 -4.100434
v -0.890471 2.356184 -4.089699
v -2.016000 2.356184 -4.092063
v -2.014259 2.399563 -4.151159
v -2.016256 0.652845 -4.120741
v -2.018254 2.399563 -4.090325
v -1.451238 2.399563 -4.151159
v -1.453235 0.652845 -4.120741
v -1.455233 2.399563 -4.090325
v -0.888217 2.399563 -4.151159
v -0.890215 0.652845 -4.120741
v -0.892212 2.399564 -4.090325
v -0.698592 0.629719 -4.140647
v -2.138229 0.634214 -4.021059
v -2.138229 0.625228 -4.260240
v -0.709156 2.423326 -4.006649
v 0.778064 2.268873 -4.195393
v -0.709155 0.633099 -3.995952
v -0.608447 2.356184 -4.092063
v -0.062420 0.669877 -4.100434
v 0.517081 2.356184 -4.089699
v -0.606707 2.399563 -4.151159
v -0.610702 2.399564 -4.090325
v -0.608704 0.652845 -4.120741
v -0.043686 2.399563 -4.151159
v -0.045683 0.652845 -4.120741
v -0.047681 2.399563 -4.090325
v 0.515340 2.399563 -4.090325
v 0.517337 0.652845 -4.120741
v 0.519335 2.399563 -4.151159
v -0.730677 0.625228 -4.260240
v 0.708960 0.629719 -4.140647
v -0.730677 0.634214 -4.021059
v 2.025341 2.423327 -3.995952
v 0.092558 1.325004 -4.266566
v 2.025340 0.633099 -4.006649
v 0.799105 2.356184 -4.092063
v 1.924633 2.356184 -4.089699
v 1.345132 0.669877 -4.100434
v 0.800845 2.399563 -4.151159
v 0.798848 0.652845 -4.120741
v 0.796850 2.399564 -4.090325
v 1.363866 2.399563 -4.151159
v 1.361869 0.652845 -4.120741
v 1.359871 2.399563 -4.090325
v 1.926887 2.399563 -4.151159
v 1.924889 0.652845 -4.120741
v 1.922892 2.399564 -4.090325
v 2.046862 0.634214 -4.260240
v 0.607225 0.629721 -4.140647
v 2.046862 0.625227 -4.021059
v 1.919762 2.348889 -4.078439
v 3.432891 2.423328 -3.995954
v 3.432891 0.633098 -4.006648
v 2.206657 2.356184 -4.092063
v 3.332185 2.356184 -4.089699
v 2.752684 0.669877 -4.100434
v 2.208397 2.399563 -4.151159
v 2.204402 2.399564 -4.090325
v 2.206400 0.652845 -4.120741
v 2.769421 0.652845 -4.120741
v 2.767423 2.399564 -4.090325
v 2.771418 2.399563 -4.151159
v 3.334439 2.399563 -4.151159
v 3.332442 0.652846 -4.120741
v 3.330444 2.399564 -4.090325
v 2.014778 0.629721 -4.140647
v 3.454414 0.625227 -4.021059
v 3.454414 0.634214 -4.260240
v -2.011129 3.869828 -4.078440
v -3.524257 3.795389 -3.995954
v -3.524257 5.585618 -4.006648
v -3.423551 5.518474 -4.092063
v -2.298023 5.518474 -4.089700
v -2.877524 3.832168 -4.100435
v -3.423809 5.575910 -4.120742
v -3.421811 3.829193 -4.090325
v -3.425806 3.829193 -4.151159
v -2.860787 5.575910 -4.120742
v -2.862785 3.829193 -4.151159
v -2.858790 3.829193 -4.090325
v -2.297766 5.575910 -4.120742
v -2.299764 3.829193 -4.151159
v -2.295769 3.829193 -4.090325
v -3.545781 3.787518 -4.260240
v -3.545781 3.796505 -4.021059
v -2.106145 3.792010 -4.140647
v -0.603577 3.869828 -4.078440
v -2.116707 5.585617 -4.006649
v -2.116707 3.795390 -3.995952
v -2.016000 5.518474 -4.092063
v -0.890471 5.518474 -4.089700
v -1.302426 3.482964 -4.098461
v -2.018254 3.829193 -4.151159
v -2.014259 3.829193 -4.090325
v -2.016256 5.575910 -4.120742
v -1.455233 3.829193 -4.151159
v -1.451238 3.829193 -4.090325
v -1.453235 5.575910 -4.120742
v -0.890215 5.575910 -4.120742
v -0.892212 3.829193 -4.151159
v -0.888217 3.829193 -4.090325
v -2.138229 3.787518 -4.260240
v -0.698592 3.792010 -4.140647
v -2.138229 3.796505 -4.021060
v 0.803975 3.869828 -4.078440
v -0.709155 5.585617 -4.006649
v -0.709155 3.795390 -3.995952
v -0.608447 5.518474 -4.092063
v 0.517081 5.518474 -4.089700
v -0.062420 3.832168 -4.100435
v -0.608704 5.575910 -4.120742
v -0.610702 3.829193 -4.151159
v -0.606707 3.829193 -4.090325
v -0.045683 5.575910 -4.120742
v -0.043686 3.829193 -4.090325
v -0.047681 3.829193 -4.151159
v 0.519335 5.561853 -4.151159
v 0.515340 5.561853 -4.090325
v 0.517337 3.815136 -4.120742
v 0.708960 3.792010 -4.140647
v -0.730677 3.787518 -4.260240
v -0.730677 3.796505 -4.021060
v 2.025340 5.585618 -3.995952
v 0.512210 5.511179 -4.078440
v 2.025341 3.795390 -4.006649
v 0.799105 5.518474 -4.092063
v 1.211059 3.483016 -4.098611
v 1.924633 5.518474 -4.089700
v 0.800845 3.829193 -4.090325
v 0.798848 5.575910 -4.120742
v 0.796850 3.829193 -4.151159
v 1.361869 5.575910 -4.120742
v 1.359871 3.829193 -4.151159
v 1.363866 3.829193 -4.090325
v 1.924889 5.575910 -4.120742
v 1.922892 3.829193 -4.151159
v 1.926887 3.829193 -4.090325
v 0.607226 3.792012 -4.140648
v 2.046862 3.787518 -4.021060
v 2.046862 3.796505 -4.260240
v 1.919762 5.511179 -4.078440
v 3.432891 3.795389 -4.006648
v 3.432891 5.585618 -3.995954
v 2.206657 5.518474 -4.092063
v 3.332185 5.518474 -4.089700
v 2.752684 3.832168 -4.100435
v 2.206400 3.815136 -4.120742
v 2.204402 5.561853 -4.090325
v 2.208397 5.561853 -4.151159
v 2.771418 5.561853 -4.151159
v 2.769421 3.815136 -4.120742
v 2.767423 5.561853 -4.090325
v 3.332442 5.575910 -4.120741
v 3.330444 3.829193 -4.151159
v 3.334439 3.829193 -4.090325
v 2.014778 3.792012 -4.140648
v 3.454415 3.787518 -4.021059
v 3.454414 3.796505 -4.260240
v -3.524258 6.957680 -3.995954
v -2.011129 7.032118 -4.078440
v -3.524257 8.747909 -4.006648
v -2.298023 8.680766 -4.089699
v -2.877524 6.994458 -4.100435
v -3.423551 8.680766 -4.092063
v -3.423809 6.977427 -4.120741
v -3.421811 8.724145 -4.151159
v -3.425806 8.724145 -4.090325
v -2.862785 8.724145 -4.090325
v -2.860787 6.977427 -4.120742
v -2.858790 8.724145 -4.151159
v -2.295769 8.724145 -4.151159
v -2.297766 6.977427 -4.120742
v -2.299764 8.724145 -4.090325
v -2.106145 6.954301 -4.140648
v -3.545781 6.949809 -4.260241
v -3.545781 6.958796 -4.021059
v -2.116706 8.747908 -4.006650
v -0.603577 7.032118 -4.078440
v -2.116707 6.957680 -3.995952
v -1.469972 6.994458 -4.100435
v -2.016000 8.680766 -4.092063
v -0.890471 8.680766 -4.089699
v -2.014259 8.724145 -4.151159
v -2.016256 6.977427 -4.120742
v -2.018254 8.724145 -4.090325
v -1.453235 6.977427 -4.120742
v -1.455233 8.724145 -4.090325
v -1.451238 8.724145 -4.151159
v -0.890215 6.977427 -4.120742
v -0.888217 8.724145 -4.151159
v -0.892212 8.724145 -4.090325
v -2.138229 6.958796 -4.021059
v -2.138229 6.949809 -4.260240
v -0.698592 6.954301 -4.140648
v 0.617788 8.747908 -3.995952
v 0.617789 6.957681 -4.006649
v -0.895398 7.032081 -4.078440
v -0.062420 6.994458 -4.100435
v -0.608447 8.680766 -4.092063
v 0.517081 8.680766 -4.089699
v -0.606707 8.724145 -4.151159
v -0.610702 8.724145 -4.090325
v -0.608704 6.977427 -4.120742
v -0.043686 8.724145 -4.151159
v -0.045683 6.977427 -4.120742
v -0.047681 8.724145 -4.090325
v 0.519335 8.724145 -4.151159
v 0.515340 8.724145 -4.090325
v 0.517337 6.977427 -4.120742
v -0.730677 6.949809 -4.260240
v 0.708960 6.954301 -4.140648
v -0.730677 6.958796 -4.021059
v 0.512154 7.032081 -4.078440
v 2.025341 6.957681 -4.006650
v 2.025340 8.747908 -3.995952
v 0.799105 8.680766 -4.092063
v 1.345132 6.994458 -4.100435
v 1.924633 8.680766 -4.089699
v 0.800845 8.724145 -4.151159
v 0.798848 6.977427 -4.120742
v 0.796850 8.724145 -4.090325
v 1.363866 8.724145 -4.151159
v 1.361869 6.977427 -4.120742
v 1.359871 8.724145 -4.090325
v 1.924889 6.977427 -4.120742
v 1.926887 8.724145 -4.151159
v 1.922892 8.724145 -4.090325
v 2.046862 6.958796 -4.260240
v 2.046862 6.949809 -4.021059
v 0.607226 6.954303 -4.140648
v 3.432890 8.747909 -3.995954
v 3.432891 6.957680 -4.006648
v 1.919706 7.032081 -4.078440
v 2.752684 6.994458 -4.100435
v 3.332185 8.680766 -4.089699
v 2.206657 8.680766 -4.092063
v 2.206400 6.977427 -4.120742
v 2.208397 8.724145 -4.151159
v 2.204402 8.724145 -4.090325
v 2.771418 8.724145 -4.151159
v 2.767423 8.724145 -4.090325
v 2.769421 6.977427 -4.120742
v 3.334439 8.724145 -4.151159
v 3.332442 6.977427 -4.120742
v 3.330444 8.724145 -4.090325
v 2.014778 6.954303 -4.140648
v 3.454414 6.958796 -4.260241
v 3.454414 6.949809 -4.021059
v -2.011129 10.194409 -4.078440
v -3.524256 10.119969 -3.995954
v -3.524257 11.910200 -4.006649
v -3.423551 11.843056 -4.092064
v -2.877524 10.156749 -4.100435
v -2.298024 11.843056 -4.089700
v -3.421811 11.886436 -4.151160
v -3.425806 11.886436 -4.090326
v -3.423809 10.139718 -4.120742
v -2.860787 11.900493 -4.120742
v -2.862785 10.153774 -4.151160
v -2.858790 10.153774 -4.090326
v -2.295769 11.886436 -4.151160
v -2.297766 10.139717 -4.120742
v -2.299764 11.886436 -4.090326
v -2.106144 10.116591 -4.140648
v -3.545780 10.112100 -4.260241
v -3.545780 10.121087 -4.021060
v -2.116706 11.910199 -4.006650
v -0.603577 10.194409 -4.078440
v -2.116706 10.119970 -3.995952
v -2.015999 11.843056 -4.092064
v -1.469972 10.156749 -4.100435
v -0.890472 11.843056 -4.089700
v -2.014259 11.886436 -4.151160
v -2.018254 11.886436 -4.090326
v -2.016256 10.139717 -4.120742
v -1.453235 11.900493 -4.120742
v -1.455233 10.153774 -4.151160
v -1.451238 10.153774 -4.090326
v -0.890215 11.900493 -4.120742
v -0.892212 10.153774 -4.151160
v -0.888217 10.153774 -4.090326
v -0.698592 10.116591 -4.140648
v -2.138228 10.121087 -4.021060
v -2.138228 10.112100 -4.260241
v -0.709154 10.119970 -3.995952
v 0.803975 10.194409 -4.078440
v -0.709154 11.910199 -4.006650
v 0.517080 11.843056 -4.089700
v -0.062420 10.156749 -4.100435
v -0.608447 11.843056 -4.092064
v -0.610702 11.886436 -4.090326
v -0.606707 11.886436 -4.151160
v -0.608704 10.139717 -4.120742
v -0.045683 11.900493 -4.120742
v -0.047681 10.153774 -4.151160
v -0.043686 10.153774 -4.090326
v 0.519335 11.886436 -4.151160
v 0.515340 11.886436 -4.090326
v 0.517337 10.139717 -4.120742
v 0.639310 10.112100 -4.021060
v -0.800327 10.116593 -4.140648
v 0.639309 10.121086 -4.260241
v 0.512210 11.835761 -4.078440
v 2.025339 10.119970 -4.006651
v 2.025339 11.910199 -3.995953
v 1.345132 10.156749 -4.100435
v 1.924632 11.843056 -4.089700
v 0.799105 11.843056 -4.092064
v 0.800845 11.886436 -4.151160
v 0.796850 11.886436 -4.090326
v 0.798848 10.139717 -4.120742
v 1.361869 10.139717 -4.120742
v 1.359871 11.886436 -4.090326
v 1.363866 11.886436 -4.151160
v 1.926887 11.886436 -4.151160
v 1.924889 10.139717 -4.120742
v 1.922892 11.886436 -4.090326
v 0.607225 10.116593 -4.140648
v 2.046861 10.121086 -4.260241
v 2.046862 10.112100 -4.021060
v 1.919762 11.835761 -4.078440
v 3.432890 11.910200 -3.995954
v 3.432889 10.119969 -4.006649
v 2.206657 11.843056 -4.092064
v 2.752684 10.156749 -4.100435
v 3.332184 11.843056 -4.089700
v 2.208397 11.886436 -4.151160
v 2.206400 10.139717 -4.120742
v 2.204402 11.886436 -4.090326
v 2.767423 11.886436 -4.090326
v 2.769421 10.139717 -4.120742
v 2.771418 11.886436 -4.151160
v 3.334439 11.886436 -4.151160
v 3.332442 10.139718 -4.120742
v 3.330444 11.886436 -4.090326
v 2.014778 10.116593 -4.140648
v 3.454413 10.121087 -4.260241
v 3.454414 10.112100 -4.021060
v -4.268339 3.195184 -4.133360
v 4.191586 3.244669 -3.966003
v 4.191586 3.255141 -4.156039
v -4.282953 6.406959 -4.156039
v -4.282953 6.417430 -3.966003
v 4.176972 6.357474 -3.988682
v -4.282953 9.569251 -4.156039
v 4.176972 9.629207 -4.133360
v -4.282953 9.579722 -3.966004
v 4.191586 12.742012 -4.156038
v -4.268339 12.682056 -4.133360
v 4.191586 12.731540 -3.966004
v -4.283046 0.633096 3.443815
v -4.366365 0.707538 1.945806
v -4.293848 2.423330 3.443815
v -4.380127 2.356184 3.344115
v -4.388583 0.669877 2.803545
v -4.377738 2.356184 2.229834
v -4.409095 0.652846 3.344371
v -4.378371 2.399564 3.346348
v -4.439818 2.399564 3.342393
v -4.439818 2.399564 2.784998
v -4.409095 0.652846 2.786975
v -4.378371 2.399564 2.788952
v -4.439818 2.399564 2.227602
v -4.409095 0.652846 2.229580
v -4.378371 2.399564 2.231557
v -4.429204 0.629722 2.039873
v -4.550000 0.625227 3.465124
v -4.308404 0.634215 3.465124
v -4.293850 2.423329 2.050329
v -4.283044 0.633097 2.050329
v -4.366365 0.707538 0.552319
v -4.388583 0.669877 1.410057
v -4.377739 2.356184 0.836347
v -4.380127 2.356184 1.950628
v -4.439818 2.399564 1.948905
v -4.378371 2.399564 1.952860
v -4.409095 0.652846 1.950883
v -4.409095 0.652846 1.393487
v -4.439818 2.399564 1.391510
v -4.378371 2.399563 1.395465
v -4.439818 2.399564 0.834115
v -4.378371 2.399563 0.838070
v -4.409095 0.652846 0.836092
v -4.308405 0.634214 2.071636
v -4.549999 0.625228 2.071636
v -4.429204 0.629722 0.646385
v -4.293850 0.633098 -0.656843
v -4.283044 2.423330 -0.656842
v -4.366365 2.348889 0.841169
v -4.380127 2.356184 0.557140
v -4.388583 0.669877 0.016570
v -4.377739 2.356184 -0.557141
v -4.439818 2.399564 0.555417
v -4.409095 0.652846 0.557395
v -4.378371 2.399563 0.559372
v -4.439818 2.399564 -0.001978
v -4.409095 0.652846 -0.000000
v -4.378371 2.399563 0.001977
v -4.439818 2.399564 -0.559373
v -4.378371 2.399563 -0.555418
v -4.409095 0.652846 -0.557395
v -4.550000 0.634214 -0.678149
v -4.429204 0.629720 0.747103
v -4.308404 0.625228 -0.678149
v -4.283044 2.423330 -2.050330
v -4.366365 2.348889 -0.552319
v -4.293850 0.633098 -2.050330
v -4.380127 2.356184 -0.836347
v -4.388583 0.669877 -1.376918
v -4.377738 2.356184 -1.950629
v -4.439818 2.399564 -0.838070
v -4.378371 2.399563 -0.834115
v -4.409095 0.652846 -0.836093
v -4.409095 0.652845 -1.393487
v -4.378371 2.399563 -1.391510
v -4.439818 2.399564 -1.395465
v -4.439818 2.399563 -1.952860
v -4.378371 2.399563 -1.948905
v -4.409095 0.652845 -1.950883
v -4.429204 0.629720 -0.646385
v -4.549999 0.634214 -2.071636
v -4.308405 0.625228 -2.071636
v -4.366365 2.348889 -1.945807
v -4.293848 0.633097 -3.443816
v -4.283046 2.423331 -3.443815
v -4.380127 2.356184 -2.229835
v -4.377738 2.356184 -3.344116
v -4.388583 0.669877 -2.770406
v -4.409095 0.652845 -2.229580
v -4.378371 2.399563 -2.227603
v -4.439818 2.399564 -2.231557
v -4.378371 2.399563 -2.784998
v -4.409095 0.652845 -2.786975
v -4.439818 2.399563 -2.788953
v -4.409095 0.652846 -3.344371
v -4.378371 2.399563 -3.342393
v -4.439818 2.399563 -3.346348
v -4.550000 0.634214 -3.465124
v -4.429204 0.629720 -2.039873
v -4.308404 0.625227 -3.465124
v -4.366365 3.869828 1.945806
v -4.283046 3.795387 3.443815
v -4.293848 5.585621 3.443815
v -4.377738 5.518475 2.229834
v -4.388583 3.832168 2.803544
v -4.380127 5.518476 3.344115
v -4.439818 3.829193 3.346348
v -4.409095 5.575911 3.344370
v -4.378371 3.829193 3.342393
v -4.409095 3.815137 2.786975
v -4.439818 5.561855 2.784997
v -4.378371 5.561854 2.788952
v -4.409095 3.815136 2.229580
v -4.378370 5.561855 2.231557
v -4.439818 5.561855 2.227602
v -4.550000 3.787518 3.465124
v -4.429204 3.792012 2.039873
v -4.308404 3.796505 3.465124
v -4.293850 5.585619 2.050329
v -4.283044 3.795388 2.050329
v -4.366365 3.869828 0.552318
v -4.380127 5.518475 1.950628
v -4.377738 5.518475 0.836347
v -4.388583 3.832168 1.410057
v -4.439818 5.561855 1.948905
v -4.409095 3.815136 1.950882
v -4.378371 5.561854 1.952860
v -4.439818 5.561855 1.391510
v -4.409095 3.815136 1.393487
v -4.378371 5.561855 1.395464
v -4.439818 5.561855 0.834115
v -4.378371 5.561855 0.838070
v -4.409095 3.815136 0.836092
v -4.308405 3.796505 2.071636
v -4.549999 3.787518 2.071636
v -4.429204 3.792012 0.646385
v -4.293849 5.585619 0.656842
v -4.366365 3.869828 -0.841169
v -4.283044 3.795388 0.656841
v -4.380127 5.518475 0.557140
v -4.377738 5.518475 -0.557141
v -4.388583 3.832168 0.016569
v -4.378371 5.561854 0.559372
v -4.409095 3.815136 0.557395
v -4.439818 5.561855 0.555417
v -4.439818 5.561855 -0.001978
v -4.378371 5.561854 0.001977
v -4.409095 3.815136 -0.000000
v -4.409095 3.815136 -0.557395
v -4.439818 5.561855 -0.559373
v -4.378371 5.561854 -0.555418
v -4.308405 3.796505 0.678148
v -4.429204 3.792012 -0.747103
v -4.549999 3.787518 0.678149
v -4.283044 5.585621 -2.050329
v -4.366365 5.511179 -0.552319
v -4.293850 3.795389 -2.050330
v -4.380127 5.518475 -0.836347
v -4.388583 3.832168 -1.376918
v -4.377738 5.518475 -1.950629
v -4.439818 5.561855 -0.838070
v -4.409095 3.815136 -0.836093
v -4.378371 5.561854 -0.834116
v -4.439818 5.561855 -1.395465
v -4.378371 5.561854 -1.391511
v -4.409095 3.815136 -1.393488
v -4.409095 5.575911 -1.950883
v -4.439818 3.829193 -1.948905
v -4.378371 3.829193 -1.952860
v -4.549999 3.796505 -2.071637
v -4.429204 3.792010 -0.646386
v -4.308405 3.787518 -2.071636
v -4.293848 3.795388 -3.443816
v -4.366365 5.511179 -1.945807
v -4.283046 5.585621 -3.443815
v -4.380127 5.518475 -2.229835
v -4.388583 3.832168 -2.770406
v -4.377739 5.518474 -3.344116
v -4.409095 5.575911 -2.229580
v -4.439818 3.829193 -2.227603
v -4.378371 3.829193 -2.231557
v -4.439818 5.561855 -2.788953
v -4.409095 3.815136 -2.786975
v -4.378371 5.561854 -2.784998
v -4.378371 3.829193 -3.346348
v -4.409095 5.575910 -3.344371
v -4.439818 3.829193 -3.342393
v -4.550000 3.796505 -3.465125
v -4.429204 3.792010 -2.039874
v -4.308404 3.787518 -3.465124
v -4.366365 7.032119 1.945806
v -4.293849 8.747910 3.443814
v -4.283046 6.957677 3.443815
v -4.388583 6.994458 2.803544
v -4.380127 8.680766 3.344115
v -4.377738 8.680766 2.229834
v -4.439818 8.724145 3.342392
v -4.409095 6.977428 3.344370
v -4.378371 8.724145 3.346347
v -4.409095 6.977427 2.786975
v -4.378371 8.724145 2.788952
v -4.439818 8.724145 2.784997
v -4.439818 8.724145 2.227602
v -4.409095 6.977427 2.229579
v -4.378371 8.724145 2.231556
v -4.429204 6.954303 2.039873
v -4.308404 6.958797 3.465123
v -4.550000 6.949810 3.465124
v -4.366365 7.032119 0.552318
v -4.293850 8.747910 2.050328
v -4.283044 6.957678 2.050329
v -4.380127 8.680766 1.950627
v -4.388583 6.994458 1.410056
v -4.377738 8.680766 0.836346
v -4.439818 8.724145 1.948905
v -4.409095 6.977427 1.950882
v -4.378371 8.724145 1.952859
v -4.439818 8.724145 1.391509
v -4.378371 8.724145 1.395464
v -4.409095 6.977427 1.393487
v -4.409095 6.977427 0.836092
v -4.378371 8.724145 0.838069
v -4.439818 8.724145 0.834114
v -4.549999 6.949810 2.071636
v -4.429204 6.954303 0.646385
v -4.308405 6.958796 2.071636
v -4.293850 8.747909 0.656841
v -4.366365 7.032119 -0.841169
v -4.283044 6.957679 0.656842
v -4.377738 8.680766 -0.557141
v -4.388583 6.994458 0.016569
v -4.380127 8.680766 0.557140
v -4.439818 8.724145 0.555417
v -4.409095 6.977427 0.557394
v -4.378371 8.724145 0.559372
v -4.409095 6.977427 -0.000001
v -4.439818 8.724145 -0.001978
v -4.378371 8.724145 0.001977
v -4.439818 8.724145 -0.559373
v -4.409095 6.977427 -0.557396
v -4.378371 8.724145 -0.555418
v -4.549999 6.958796 -0.678150
v -4.429204 6.954302 0.747102
v -4.308405 6.949810 -0.678149
v -4.366365 7.032082 -0.552264
v -4.293850 6.957680 -2.050330
v -4.283044 8.747910 -2.050329
v -4.380127 8.680766 -0.836348
v -4.388583 6.994458 -1.376918
v -4.377738 8.680766 -1.950629
v -4.439818 8.724145 -0.838071
v -4.378371 8.724145 -0.834116
v -4.409095 6.977427 -0.836093
v -4.439818 8.724145 -1.395465
v -4.409095 6.977427 -1.393488
v -4.378371 8.724145 -1.391511
v -4.439818 8.724145 -1.952861
v -4.378371 8.724145 -1.948906
v -4.409095 6.977427 -1.950883
v -4.549999 6.958796 -2.071637
v -4.429204 6.954302 -0.646386
v -4.308405 6.949810 -2.071637
v -4.366365 7.032082 -1.945751
v -4.293849 6.957678 -3.443816
v -4.283046 8.747911 -3.443815
v -4.380127 8.680766 -2.229835
v -4.377738 8.680766 -3.344116
v -4.388583 6.994458 -2.770406
v -4.439818 8.724145 -2.231558
v -4.409095 6.977427 -2.229580
v -4.378371 8.724145 -2.227603
v -4.409095 6.977427 -2.786976
v -4.378371 8.724145 -2.784999
v -4.439818 8.724145 -2.788953
v -4.439818 8.724145 -3.346349
v -4.409095 6.977427 -3.344371
v -4.378371 8.724145 -3.342394
v -4.429204 6.954302 -2.039874
v -4.550000 6.958796 -3.465125
v -4.308404 6.949809 -3.465124
v -4.366365 10.194409 1.945806
v -4.293849 11.910201 3.443814
v -4.283045 10.119967 3.443813
v -4.388583 10.156749 2.803544
v -4.380127 11.843056 3.344114
v -4.377738 11.843056 2.229834
v -4.409095 11.900492 3.344370
v -4.378371 10.153774 3.342392
v -4.439818 10.153774 3.346347
v -4.409095 10.139717 2.786974
v -4.378371 11.886436 2.788952
v -4.439818 11.886436 2.784997
v -4.439818 11.886436 2.227602
v -4.409095 10.139717 2.229579
v -4.378371 11.886436 2.231556
v -4.550000 10.112100 3.465123
v -4.429204 10.116593 2.039872
v -4.308404 10.121087 3.465122
v -4.283043 10.119967 2.050327
v -4.366365 10.194409 0.552318
v -4.293850 11.910200 2.050328
v -4.380127 11.843056 1.950627
v -4.388583 10.156749 1.410056
v -4.377739 11.843056 0.836346
v -4.409095 10.139717 1.950882
v -4.439818 11.886436 1.948904
v -4.378371 11.886436 1.952859
v -4.439818 10.153774 1.395464
v -4.378371 10.153774 1.391509
v -4.409095 11.900493 1.393486
v -4.439818 10.153774 0.838069
v -4.409095 11.900493 0.836092
v -4.378371 10.153774 0.834114
v -4.308405 10.121086 2.071635
v -4.549999 10.112100 2.071635
v -4.429204 10.116593 0.646384
v -4.293850 10.119969 -0.656842
v -4.366365 11.835761 0.841168
v -4.283044 11.910202 -0.656842
v -4.377738 11.843056 -0.557141
v -4.380127 11.843056 0.557139
v -4.388583 10.156749 0.016569
v -4.439818 10.153774 0.559372
v -4.378371 10.153774 0.555417
v -4.409095 11.900493 0.557394
v -4.439818 11.886436 -0.001978
v -4.409095 10.139717 -0.000001
v -4.378371 11.886436 0.001977
v -4.409095 10.139717 -0.557396
v -4.378371 11.886436 -0.555418
v -4.439818 11.886436 -0.559373
v -4.549999 10.121087 -0.678149
v -4.429204 10.116591 0.747102
v -4.308405 10.112100 -0.678149
v -4.293850 10.119968 -2.050329
v -4.283044 11.910202 -2.050329
v -4.366365 11.835761 -0.552320
v -4.388583 10.156749 -1.376919
v -4.377738 11.843056 -1.950629
v -4.380127 11.843056 -0.836348
v -4.378371 11.886436 -0.834116
v -4.409095 10.139717 -0.836093
v -4.439818 11.886436 -0.838071
v -4.409095 10.139717 -1.393488
v -4.439818 11.886436 -1.395466
v -4.378371 11.886436 -1.391511
v -4.439818 11.886436 -1.952861
v -4.409095 10.139717 -1.950883
v -4.378371 11.886436 -1.948906
v -4.429204 10.116591 -0.646385
v -4.549999 10.121087 -2.071636
v -4.308405 10.112100 -2.071636
v -4.366365 11.835761 -1.945807
v -4.293849 10.119968 -3.443815
v -4.283046 11.910203 -3.443815
v -4.380127 11.843056 -2.229836
v -4.377738 11.843056 -3.344116
v -4.388583 10.156749 -2.770406
v -4.439818 11.886436 -2.231558
v -4.409095 10.139717 -2.229581
v -4.378371 11.886436 -2.227603
v -4.439818 11.886436 -2.788954
v -4.409095 10.139717 -2.786976
v -4.378371 11.886436 -2.784999
v -4.378371 11.886436 -3.342394
v -4.409095 10.139718 -3.344371
v -4.439818 11.886436 -3.346349
v -4.550000 10.121087 -3.465124
v -4.308404 10.112100 -3.465124
v -4.429204 10.116591 -2.039873
v -4.444748 3.255141 -4.194930
v -4.252793 3.244669 -4.194931
v -4.421840 3.195184 4.180462
v -4.444748 6.417430 -4.194930
v -4.421840 6.357475 4.180462
v -4.252792 6.406960 -4.194931
v -4.421840 9.629207 -4.180463
v -4.252793 9.579722 4.194929
v -4.444747 9.569251 4.194928
v -4.444747 12.731540 4.194928
v -4.252794 12.742011 4.194928
v -4.275702 12.682056 -4.180463
v 3.432891 2.423328 4.006647
v 3.432891 0.633099 3.995953
v 1.919762 0.707538 4.078439
v 2.786157 0.669877 4.100434
v 2.206657 2.356184 4.089699
v 3.332185 2.356184 4.092063
v 3.330444 2.399564 4.151159
v 3.334439 2.399564 4.090325
v 3.332442 0.652846 4.120741
v 2.767423 2.399564 4.151159
v 2.771418 2.399564 4.090325
v 2.769421 0.652846 4.120741
v 2.206400 0.652846 4.120741
v 2.204402 2.399564 4.151159
v 2.208397 2.399564 4.090325
v 3.454414 0.634215 4.021058
v 2.014778 0.629720 4.140647
v 3.454414 0.625228 4.260240
v 2.025341 2.423327 4.006649
v 0.582688 1.726180 3.979222
v 2.025340 0.633100 3.995952
v 1.924633 2.356184 4.092063
v 1.378605 0.669877 4.100434
v 0.799105 2.356184 4.089699
v 1.922892 2.399564 4.151159
v 1.926887 2.399564 4.090325
v 1.924889 0.652846 4.120741
v 1.359871 2.399564 4.151159
v 1.363866 2.399564 4.090325
v 1.361869 0.652846 4.120741
v 0.798848 0.652846 4.120741
v 0.800845 2.399564 4.090325
v 0.796850 2.399564 4.151159
v 0.607225 0.629720 4.140647
v 2.046862 0.634215 4.021059
v 2.046862 0.625228 4.260240
v -0.709155 0.633100 4.006649
v 0.934576 1.726130 3.979073
v -0.709156 2.423327 3.995952
v -0.028947 0.669877 4.100434
v 0.517081 2.356184 4.092063
v -0.608447 2.356184 4.089699
v 0.519335 2.399564 4.090325
v 0.517337 0.652846 4.120741
v 0.515340 2.399564 4.151159
v -0.047681 2.399564 4.151159
v -0.045683 0.652846 4.120741
v -0.043686 2.399564 4.090325
v -0.610702 2.399564 4.151159
v -0.608704 0.652846 4.120741
v -0.606707 2.399564 4.090325
v 0.639310 0.625228 4.260240
v -0.800327 0.629720 4.140647
v 0.639310 0.634215 4.021059
v -0.444317 2.177852 4.001300
v -2.116707 2.423327 3.995952
v -2.116707 0.633100 4.006649
v -0.890471 2.356184 4.092063
v -2.015999 2.356184 4.089699
v -1.436499 0.669877 4.100434
v -0.892212 2.399564 4.151159
v -0.890215 0.652846 4.120741
v -0.888217 2.399564 4.090325
v -1.453235 0.652846 4.120741
v -1.455233 2.399564 4.151159
v -1.451238 2.399564 4.090325
v -2.016256 0.652846 4.120741
v -2.014259 2.399564 4.090325
v -2.018254 2.399564 4.151159
v -0.698592 0.629722 4.140647
v -2.138229 0.625228 4.021059
v -2.138228 0.634214 4.260240
v -2.011129 2.348889 4.078439
v -3.524258 2.423328 3.995953
v -3.524257 0.633099 4.006648
v -3.423551 2.356184 4.089699
v -2.844051 0.669877 4.100434
v -2.298023 2.356184 4.092063
v -2.299764 2.399564 4.151159
v -2.297766 0.652846 4.120741
v -2.295769 2.399564 4.090325
v -2.862785 2.399564 4.151159
v -2.858790 2.399564 4.090325
v -2.860787 0.652846 4.120741
v -3.425806 2.399563 4.151159
v -3.423809 0.652846 4.120741
v -3.421811 2.399564 4.090325
v -2.106145 0.629722 4.140647
v -3.545781 0.634215 4.260240
v -3.545781 0.625228 4.021059
v 1.919762 3.869828 4.078439
v 3.432891 5.585619 4.006647
v 3.432890 3.795389 3.995953
v 3.332185 5.518476 4.092062
v 2.786157 3.832168 4.100434
v 2.206657 5.518476 4.089698
v 3.332442 5.575911 4.120741
v 3.334439 3.829193 4.151158
v 3.330444 3.829193 4.090324
v 2.769421 5.575911 4.120741
v 2.771418 3.829193 4.151158
v 2.767423 3.829193 4.090324
v 2.206400 3.815137 4.120741
v 2.208397 5.561855 4.090324
v 2.204402 5.561855 4.151158
v 3.454414 3.787518 4.260239
v 2.014778 3.792011 4.140647
v 3.454415 3.796506 4.021058
v 2.025340 5.585618 4.006649
v 0.512210 3.869828 4.078439
v 2.025340 3.795390 3.995951
v 1.924633 5.518476 4.092062
v 1.378605 3.832168 4.100434
v 0.799105 5.518476 4.089698
v 1.924889 5.575911 4.120741
v 1.922892 3.829193 4.090324
v 1.926887 3.829193 4.151158
v 1.363866 3.829193 4.151158
v 1.361869 5.575911 4.120741
v 1.359871 3.829193 4.090324
v 0.798848 5.575911 4.120741
v 0.796850 3.829193 4.090324
v 0.800845 3.829193 4.151158
v 2.046862 3.787519 4.260239
v 0.607226 3.792011 4.140647
v 2.046863 3.796505 4.021059
v 0.803975 5.511180 4.078439
v -0.709155 5.585618 3.995952
v -0.709155 3.795391 4.006649
v -0.028947 3.832168 4.100434
v 0.517081 5.518476 4.092062
v -0.608447 5.518476 4.089698
v 0.519335 3.829193 4.151158
v 0.517337 5.575911 4.120741
v 0.515340 3.829193 4.090324
v -0.045683 3.815137 4.120741
v -0.043686 5.561855 4.090324
v -0.047681 5.561855 4.151158
v -0.608704 5.575911 4.120741
v -0.606707 3.829193 4.151158
v -0.610702 3.829193 4.090324
v 0.639310 3.787519 4.260239
v -0.800327 3.792011 4.140647
v 0.639310 3.796505 4.021059
v -0.603577 5.511180 4.078439
v -2.116707 3.795391 4.006649
v -2.116707 5.585618 3.995951
v -0.890471 5.518476 4.092062
v -2.016000 5.518476 4.089698
v -1.436499 3.832168 4.100434
v -0.888217 3.829193 4.151158
v -0.892212 3.829193 4.090324
v -0.890215 5.575911 4.120741
v -1.455233 5.561855 4.151158
v -1.453235 3.815137 4.120741
v -1.451238 5.561855 4.090324
v -2.014259 3.829193 4.151158
v -2.016256 5.575911 4.120741
v -2.018254 3.829193 4.090324
v -2.138229 3.796505 4.260239
v -2.138229 3.787518 4.021059
v -0.698593 3.792013 4.140647
v -3.524257 3.795390 4.006647
v -3.524257 5.585619 3.995953
v -2.011129 5.511180 4.078439
v -2.298023 5.518476 4.092062
v -2.844051 3.832168 4.100434
v -3.423551 5.518476 4.089698
v -2.299764 5.561855 4.151158
v -2.295769 5.561855 4.090324
v -2.297766 3.815137 4.120741
v -2.858790 5.561855 4.090324
v -2.860787 3.815137 4.120741
v -2.862785 5.561855 4.151158
v -3.423809 5.575911 4.120740
v -3.421811 3.829193 4.151158
v -3.425806 3.829193 4.090324
v -2.106145 3.792013 4.140647
v -3.545781 3.796505 4.260239
v -3.545781 3.787518 4.021058
v 3.432890 8.747909 4.006647
v 3.432891 6.957681 3.995953
v 1.919762 7.032119 4.078439
v 2.206657 8.680766 4.089698
v 2.786157 6.994459 4.100434
v 3.332185 8.680766 4.092062
v 3.330444 8.724145 4.151158
v 3.334439 8.724145 4.090324
v 3.332442 6.977428 4.120740
v 2.767423 8.724145 4.151158
v 2.769421 6.977427 4.120741
v 2.771418 8.724145 4.090324
v 2.204402 8.724145 4.151158
v 2.206400 6.977427 4.120741
v 2.208397 8.724145 4.090324
v 3.454414 6.958797 4.021058
v 3.454414 6.949810 4.260240
v 2.014778 6.954302 4.140647
v 2.025340 8.747908 4.006649
v 2.025341 6.957682 3.995951
v 0.512210 7.032119 4.078439
v 0.799105 8.680766 4.089698
v 1.378605 6.994459 4.100434
v 1.924633 8.680766 4.092062
v 1.922892 8.724145 4.151158
v 1.926887 8.724145 4.090324
v 1.924889 6.977427 4.120741
v 1.359871 8.724145 4.151158
v 1.361869 6.977427 4.120741
v 1.363866 8.724145 4.090324
v 0.796850 8.724145 4.151158
v 0.798848 6.977427 4.120741
v 0.800845 8.724145 4.090324
v 0.607226 6.954302 4.140647
v 2.046862 6.949810 4.260239
v 2.046862 6.958797 4.021058
v 0.617788 8.747908 4.006649
v -0.895342 7.032119 4.078439
v 0.617789 6.957682 3.995951
v -0.028947 6.994459 4.100434
v -0.608447 8.680766 4.089698
v 0.517080 8.680766 4.092062
v 0.515340 8.724145 4.151158
v 0.517337 6.977427 4.120741
v 0.519335 8.724145 4.090324
v -0.043686 8.724145 4.090324
v -0.045683 6.977427 4.120741
v -0.047681 8.724145 4.151158
v -0.608704 6.977427 4.120741
v -0.610702 8.724145 4.151158
v -0.606707 8.724145 4.090324
v 0.708960 6.954304 4.140647
v -0.730677 6.949810 4.021058
v -0.730677 6.958797 4.260239
v -0.603520 7.032082 4.078439
v -2.116706 8.747908 3.995951
v -2.116708 6.957682 4.006649
v -0.890471 8.680766 4.092062
v -1.436499 6.994459 4.100434
v -2.016000 8.680766 4.089698
v -0.892212 8.724145 4.151158
v -0.890215 6.977427 4.120741
v -0.888217 8.724145 4.090324
v -1.455233 8.724145 4.151158
v -1.451238 8.724145 4.090324
v -1.453235 6.977427 4.120741
v -2.018254 8.724145 4.151158
v -2.014259 8.724145 4.090324
v -2.016256 6.977427 4.120741
v -0.698592 6.954304 4.140647
v -2.138229 6.958797 4.260239
v -2.138229 6.949810 4.021058
v -3.524257 8.747909 3.995953
v -3.524258 6.957681 4.006647
v -2.011072 7.032082 4.078439
v -2.844051 6.994459 4.100434
v -3.423551 8.680766 4.089698
v -2.298023 8.680766 4.092062
v -2.299764 8.724145 4.151158
v -2.297766 6.977427 4.120741
v -2.295769 8.724145 4.090324
v -2.862785 8.724145 4.151158
v -2.860787 6.977427 4.120741
v -2.858790 8.724145 4.090324
v -3.423809 6.977428 4.120741
v -3.421811 8.724145 4.090324
v -3.425806 8.724145 4.151158
v -2.106145 6.954304 4.140647
v -3.545781 6.958797 4.260240
v -3.545781 6.949810 4.021058
v 3.432890 11.910200 4.006647
v 1.919762 10.194409 4.078438
v 3.432889 10.119969 3.995952
v 2.206657 11.843056 4.089698
v 3.332184 11.843056 4.092062
v 2.786157 10.156749 4.100433
v 3.332442 11.900492 4.120740
v 3.334439 10.153774 4.151158
v 3.330444 10.153774 4.090324
v 2.771418 10.153774 4.151158
v 2.767423 10.153774 4.090324
v 2.769421 11.900493 4.120740
v 2.204402 11.886436 4.151158
v 2.206400 10.139717 4.120740
v 2.208397 11.886436 4.090324
v 3.454413 10.112100 4.260239
v 3.454414 10.121087 4.021058
v 2.014778 10.116591 4.140646
v 0.512210 10.194409 4.078438
v 2.025339 10.119970 3.995950
v 2.025339 11.910199 4.006649
v 1.378605 10.156749 4.100433
v 1.924632 11.843056 4.092062
v 0.799105 11.843056 4.089698
v 1.924889 10.139717 4.120740
v 1.922892 11.886436 4.151158
v 1.926887 11.886436 4.090324
v 1.361869 11.900493 4.120740
v 1.359871 10.153774 4.090324
v 1.363866 10.153774 4.151158
v 0.796850 11.886436 4.151158
v 0.798848 10.139717 4.120740
v 0.800845 11.886436 4.090324
v 2.046861 10.112100 4.260239
v 0.607225 10.116591 4.140646
v 2.046862 10.121087 4.021058
v 0.617788 11.910199 4.006648
v 0.617787 10.119970 3.995951
v -0.895342 10.194409 4.078438
v -0.608447 11.843056 4.089698
v -0.028947 10.156749 4.100433
v 0.517080 11.843056 4.092062
v 0.517337 10.139717 4.120740
v 0.515340 11.886436 4.151158
v 0.519335 11.886436 4.090324
v -0.045683 11.900493 4.120740
v -0.043686 10.153774 4.151158
v -0.047681 10.153774 4.090324
v -0.606707 11.886436 4.090324
v -0.608704 10.139717 4.120740
v -0.610702 11.886436 4.151158
v 0.639309 10.112100 4.260239
v 0.639310 10.121087 4.021058
v -0.800327 10.116591 4.140646
v -2.116706 11.910199 3.995951
v -0.603577 11.835761 4.078438
v -2.116706 10.119970 4.006649
v -0.890472 11.843056 4.092062
v -1.436499 10.156749 4.100433
v -2.015999 11.843056 4.089698
v -0.888217 11.886436 4.090324
v -0.890215 10.139717 4.120740
v -0.892212 11.886436 4.151158
v -1.453235 10.139717 4.120740
v -1.455233 11.886436 4.151158
v -1.451238 11.886436 4.090324
v -2.016256 10.139717 4.120740
v -2.014259 11.886436 4.090324
v -2.018254 11.886436 4.151158
v -2.138228 10.121086 4.260239
v -0.698592 10.116593 4.140646
v -2.138228 10.112100 4.021058
v -2.011129 11.835761 4.078438
v -3.524257 11.910200 3.995952
v -3.524256 10.119969 4.006647
v -3.423551 11.843056 4.089698
v -2.298024 11.843056 4.092062
v -2.844051 10.156749 4.100433
v -2.295769 11.886436 4.090324
v -2.299764 11.886436 4.151158
v -2.297766 10.139717 4.120740
v -2.862785 11.886436 4.151158
v -2.860787 10.139717 4.120740
v -2.858790 11.886436 4.090324
v -3.425806 11.886436 4.151158
v -3.423809 10.139718 4.120740
v -3.421811 11.886436 4.090324
v -3.545780 10.121087 4.260239
v -2.106144 10.116593 4.140646
v -3.545780 10.112100 4.021058
v 4.176972 3.304626 3.988681
v -4.282953 3.255141 4.156038
v -4.282953 3.244669 3.966003
v -4.282953 6.406960 3.966002
v 4.176972 6.357475 4.133359
v -4.282953 6.417431 4.156038
v -4.268339 9.519766 3.988681
v 4.191586 9.579722 3.966003
v 4.191586 9.569251 4.156037
v 4.191586 12.742012 3.966003
v 4.191586 12.731540 4.156037
v -4.268339 12.682056 3.988681
v 4.274999 0.707537 -1.945806
v 4.191679 0.633096 -3.443815
v 4.202481 2.423329 -3.443816
v 4.288760 2.356184 -3.344116
v 4.286372 2.356184 -2.229835
v 4.297216 0.669877 -2.803545
v 4.348452 2.399563 -3.342393
v 4.317728 0.652846 -3.344371
v 4.287004 2.399563 -3.346348
v 4.348452 2.399564 -2.784998
v 4.317729 0.652845 -2.786975
v 4.287004 2.399563 -2.788953
v 4.348452 2.399563 -2.227603
v 4.317729 0.652845 -2.229580
v 4.287004 2.399563 -2.231557
v 4.458633 0.625227 -3.465124
v 4.217037 0.634214 -3.465124
v 4.337837 0.629721 -2.039873
v 4.274999 0.707537 -0.552319
v 4.191678 0.633096 -2.050329
v 4.202483 2.423328 -2.050330
v 4.297216 0.669877 -1.410057
v 4.288760 2.356184 -1.950629
v 4.286372 2.356184 -0.836347
v 4.287004 2.399563 -1.952860
v 4.348452 2.399563 -1.948905
v 4.317729 0.652845 -1.950883
v 4.317729 0.652846 -1.393487
v 4.287004 2.399563 -1.395465
v 4.348452 2.399564 -1.391510
v 4.348452 2.399564 -0.834115
v 4.287004 2.399563 -0.838070
v 4.317729 0.652846 -0.836093
v 4.458632 0.625227 -2.071636
v 4.217038 0.634214 -2.071636
v 4.337837 0.629722 -0.646385
v 4.191678 0.633097 -0.656842
v 4.202483 2.423328 -0.656843
v 4.274999 0.707538 0.841169
v 4.288760 2.356184 -0.557141
v 4.297216 0.669877 -0.016570
v 4.286372 2.356184 0.557140
v 4.348452 2.399564 -0.555418
v 4.317729 0.652846 -0.557395
v 4.287004 2.399563 -0.559373
v 4.348452 2.399564 0.001977
v 4.317729 0.652846 -0.000000
v 4.287004 2.399563 -0.001978
v 4.348452 2.399564 0.559372
v 4.317729 0.652846 0.557395
v 4.287004 2.399563 0.555417
v 4.458633 0.634215 0.678149
v 4.337837 0.629720 -0.747103
v 4.217038 0.625228 0.678148
v 4.274999 2.348889 0.552319
v 4.191678 2.423330 2.050329
v 4.202483 0.633098 2.050330
v 4.297216 0.669877 1.376918
v 4.288760 2.356184 0.836347
v 4.286372 2.356184 1.950628
v 4.317729 0.652846 0.836092
v 4.287004 2.399563 0.834115
v 4.348452 2.399564 0.838070
v 4.317729 0.652846 1.393487
v 4.348452 2.399564 1.395465
v 4.287004 2.399563 1.391510
v 4.348452 2.399564 1.952860
v 4.317729 0.652846 1.950883
v 4.287004 2.399564 1.948905
v 4.337837 0.629720 0.646385
v 4.217038 0.625228 2.071636
v 4.458632 0.634215 2.071636
v 4.274999 2.348889 1.945806
v 4.191679 2.423331 3.443815
v 4.202481 0.633097 3.443815
v 4.288760 2.356184 2.229834
v 4.297216 0.669877 2.770406
v 4.286372 2.356184 3.344115
v 4.317729 0.652846 2.229580
v 4.287004 2.399564 2.227602
v 4.348452 2.399564 2.231557
v 4.317729 0.652846 2.786975
v 4.348452 2.399564 2.788952
v 4.287004 2.399564 2.784998
v 4.317729 0.652846 3.344371
v 4.287004 2.399564 3.342393
v 4.348452 2.399564 3.346348
v 4.458633 0.634215 3.465124
v 4.217037 0.625228 3.465124
v 4.337837 0.629720 2.039873
v 4.202481 5.585619 -3.443816
v 4.274999 3.869828 -1.945807
v 4.191679 3.795387 -3.443815
v 4.286372 5.518475 -2.229835
v 4.297216 3.832168 -2.803545
v 4.288760 5.518474 -3.344116
v 4.348452 5.561854 -3.342393
v 4.317728 3.815136 -3.344371
v 4.287004 5.561853 -3.346349
v 4.317729 5.575911 -2.786976
v 4.348452 3.829193 -2.788953
v 4.287004 3.829193 -2.784998
v 4.317729 3.815136 -2.229580
v 4.348452 5.561855 -2.227603
v 4.287004 5.561855 -2.231558
v 4.458633 3.787518 -3.465125
v 4.217038 3.796505 -3.465124
v 4.337837 3.792012 -2.039874
v 4.274999 3.869828 -0.552319
v 4.191678 3.795387 -2.050329
v 4.202483 5.585619 -2.050330
v 4.288760 5.518475 -1.950629
v 4.286372 5.518475 -0.836347
v 4.297216 3.832168 -1.410057
v 4.317729 5.575911 -1.950883
v 4.348452 3.829193 -1.952860
v 4.287004 3.829193 -1.948905
v 4.348452 5.561855 -1.391511
v 4.317729 3.815136 -1.393488
v 4.287004 5.561854 -1.395465
v 4.317729 3.815136 -0.836093
v 4.287004 5.561854 -0.838070
v 4.348452 5.561855 -0.834116
v 4.458632 3.787518 -2.071637
v 4.217038 3.796505 -2.071636
v 4.337837 3.792012 -0.646386
v 4.274999 3.869828 0.841168
v 4.202483 5.585619 -0.656843
v 4.191678 3.795388 -0.656842
v 4.288760 5.518475 -0.557141
v 4.297216 3.832168 -0.016570
v 4.286372 5.518475 0.557140
v 4.348452 5.561855 -0.555418
v 4.287004 5.561854 -0.559373
v 4.317729 3.815136 -0.557395
v 4.317729 3.815136 -0.000000
v 4.287004 5.561854 -0.001978
v 4.348452 5.561855 0.001977
v 4.317729 3.815136 0.557395
v 4.287004 5.561854 0.555417
v 4.348452 5.561855 0.559372
v 4.337837 3.792010 -0.747103
v 4.458632 3.796505 0.678149
v 4.217038 3.787518 0.678148
v 4.191678 5.585621 2.050328
v 4.202483 3.795389 2.050329
v 4.274999 5.511179 0.552318
v 4.297216 3.832168 1.376918
v 4.288760 5.518475 0.836347
v 4.286372 5.518475 1.950628
v 4.287004 5.561854 0.834115
v 4.348452 5.561855 0.838070
v 4.317729 3.815136 0.836092
v 4.348452 5.561855 1.395464
v 4.317729 3.815136 1.393487
v 4.287004 5.561854 1.391510
v 4.317729 3.815137 1.950882
v 4.287004 5.561855 1.948905
v 4.348452 5.561855 1.952860
v 4.458632 3.796505 2.071636
v 4.337837 3.792010 0.646385
v 4.217038 3.787519 2.071636
v 4.274999 5.511179 1.945806
v 4.202481 3.795388 3.443815
v 4.191679 5.585622 3.443815
v 4.288760 5.518475 2.229834
v 4.286372 5.518476 3.344115
v 4.297216 3.832168 2.770405
v 4.348452 5.561855 2.231557
v 4.287004 5.561855 2.227602
v 4.317729 3.815136 2.229580
v 4.348452 5.561855 2.788952
v 4.317729 3.815136 2.786975
v 4.287004 5.561855 2.784997
v 4.317728 5.575911 3.344370
v 4.348452 3.829193 3.342393
v 4.287004 3.829193 3.346348
v 4.337837 3.792011 2.039873
v 4.217038 3.787518 3.465124
v 4.458633 3.796506 3.465124
v 4.202482 8.747910 -3.443815
v 4.191679 6.957677 -3.443816
v 4.274999 7.032119 -1.945807
v 4.288760 8.680766 -3.344116
v 4.297216 6.994458 -2.803545
v 4.286372 8.680766 -2.229835
v 4.287004 8.724145 -3.346349
v 4.317728 6.977427 -3.344371
v 4.348452 8.724145 -3.342394
v 4.348452 8.724145 -2.784999
v 4.317729 6.977427 -2.786976
v 4.287004 8.724145 -2.788953
v 4.317729 6.977427 -2.229580
v 4.287004 8.724145 -2.231558
v 4.348452 8.724145 -2.227603
v 4.458633 6.949809 -3.465125
v 4.217038 6.958796 -3.465124
v 4.337837 6.954303 -2.039874
v 4.274999 7.032119 -0.552319
v 4.191678 6.957678 -2.050330
v 4.202483 8.747910 -2.050329
v 4.297216 6.994458 -1.410057
v 4.286372 8.680766 -0.836348
v 4.288760 8.680766 -1.950629
v 4.317729 6.977427 -1.950883
v 4.348452 8.724145 -1.948906
v 4.287004 8.724145 -1.952861
v 4.348452 8.724145 -1.391511
v 4.317729 6.977427 -1.393488
v 4.287004 8.724145 -1.395465
v 4.348452 8.724145 -0.834116
v 4.287004 8.724145 -0.838071
v 4.317729 6.977427 -0.836093
v 4.337837 6.954303 -0.646386
v 4.217038 6.958796 -2.071637
v 4.458632 6.949810 -2.071637
v 4.202483 8.747909 -0.656842
v 4.274999 7.032119 0.841168
v 4.191678 6.957679 -0.656843
v 4.288760 8.680766 -0.557141
v 4.286372 8.680766 0.557140
v 4.297216 6.994458 -0.016570
v 4.317729 6.977427 -0.557396
v 4.287004 8.724145 -0.559373
v 4.348452 8.724145 -0.555418
v 4.287004 8.724145 -0.001978
v 4.317729 6.977427 -0.000001
v 4.348452 8.724145 0.001977
v 4.348452 8.724145 0.559372
v 4.317729 6.977427 0.557394
v 4.287004 8.724145 0.555417
v 4.217038 6.949810 0.678148
v 4.337837 6.954302 -0.747103
v 4.458633 6.958796 0.678149
v 4.274999 7.032082 0.552262
v 4.202483 6.957680 2.050329
v 4.191677 8.747910 2.050328
v 4.297216 6.994458 1.376917
v 4.288760 8.680766 0.836346
v 4.286372 8.680766 1.950627
v 4.348452 8.724145 0.838069
v 4.317729 6.977427 0.836092
v 4.287004 8.724145 0.834114
v 4.317729 6.977427 1.393487
v 4.287004 8.724145 1.391509
v 4.348452 8.724145 1.395464
v 4.348452 8.724145 1.952859
v 4.317729 6.977427 1.950882
v 4.287004 8.724145 1.948905
v 4.458632 6.958796 2.071636
v 4.217038 6.949810 2.071636
v 4.337837 6.954302 0.646385
v 4.191679 8.747911 3.443814
v 4.274999 7.032082 1.945750
v 4.202482 6.957679 3.443815
v 4.286372 8.680766 3.344115
v 4.288760 8.680766 2.229834
v 4.297216 6.994458 2.770405
v 4.348452 8.724145 2.231556
v 4.317729 6.977427 2.229579
v 4.287004 8.724145 2.227602
v 4.317729 6.977427 2.786975
v 4.287004 8.724145 2.784997
v 4.348452 8.724145 2.788952
v 4.348452 8.724145 3.346347
v 4.317729 6.977428 3.344370
v 4.287004 8.724145 3.342392
v 4.337837 6.954301 2.039873
v 4.217037 6.949810 3.465123
v 4.458633 6.958797 3.465124
v 4.274999 10.194409 -1.945807
v 4.191679 10.119967 -3.443814
v 4.202482 11.910201 -3.443815
v 4.297216 10.156749 -2.803545
v 4.286372 11.843056 -2.229836
v 4.288760 11.843056 -3.344116
v 4.348452 11.886436 -3.342394
v 4.317728 10.139718 -3.344371
v 4.287004 11.886436 -3.346349
v 4.287004 11.886436 -2.788954
v 4.317729 10.139717 -2.786976
v 4.348452 11.886436 -2.784999
v 4.287004 11.886436 -2.231558
v 4.317729 10.139717 -2.229581
v 4.348452 11.886436 -2.227603
v 4.217038 10.121087 -3.465124
v 4.337837 10.116593 -2.039873
v 4.458633 10.112100 -3.465124
v 4.274999 10.194409 -0.552319
v 4.202483 11.910201 -2.050330
v 4.191677 10.119967 -2.050328
v 4.288760 11.843056 -1.950629
v 4.297216 10.156749 -1.410058
v 4.286372 11.843056 -0.836348
v 4.287004 10.153774 -1.948906
v 4.317729 11.900493 -1.950884
v 4.348452 10.153774 -1.952861
v 4.317729 11.900493 -1.393488
v 4.287004 10.153774 -1.391511
v 4.348452 10.153774 -1.395465
v 4.348452 11.886436 -0.834116
v 4.317729 10.139717 -0.836093
v 4.287004 11.886436 -0.838071
v 4.458632 10.112100 -2.071636
v 4.337837 10.116593 -0.646385
v 4.217038 10.121086 -2.071636
v 4.274999 10.194409 0.841168
v 4.202483 11.910200 -0.656842
v 4.191677 10.119967 -0.656841
v 4.286372 11.843056 0.557139
v 4.288760 11.843056 -0.557141
v 4.297216 10.156749 -0.016570
v 4.348452 10.153774 -0.559373
v 4.317729 11.900493 -0.557396
v 4.287004 10.153774 -0.555418
v 4.317729 11.900493 -0.000001
v 4.348452 10.153774 -0.001978
v 4.287004 10.153774 0.001977
v 4.317729 11.900493 0.557394
v 4.348452 10.153774 0.555417
v 4.287004 10.153774 0.559372
v 4.458632 10.121087 0.678148
v 4.337837 10.116591 -0.747104
v 4.217038 10.112100 0.678147
v 4.274999 11.835761 0.552318
v 4.191677 11.910202 2.050327
v 4.202484 10.119968 2.050327
v 4.288760 11.843056 0.836346
v 4.286372 11.843056 1.950627
v 4.297216 10.156749 1.376917
v 4.317729 11.900493 0.836092
v 4.348452 10.153774 0.834114
v 4.287004 10.153774 0.838069
v 4.317729 11.900493 1.393486
v 4.287004 10.153774 1.395464
v 4.348452 10.153774 1.391509
v 4.317729 11.900493 1.950882
v 4.287004 10.153774 1.952859
v 4.348452 10.153774 1.948904
v 4.458632 10.121087 2.071635
v 4.337837 10.116591 0.646384
v 4.217038 10.112100 2.071635
v 4.191679 11.910203 3.443813
v 4.274999 11.835761 1.945805
v 4.202482 10.119967 3.443814
v 4.288760 11.843056 2.229834
v 4.297216 10.156749 2.770405
v 4.286372 11.843056 3.344114
v 4.348452 11.886436 2.231556
v 4.317729 10.139717 2.229579
v 4.287004 11.886436 2.227602
v 4.348452 11.886436 2.788952
v 4.317729 10.139717 2.786974
v 4.287004 11.886436 2.784997
v 4.287004 10.153774 3.346347
v 4.348452 10.153774 3.342392
v 4.317728 11.900492 3.344370
v 4.458633 10.121087 3.465123
v 4.337837 10.116591 2.039872
v 4.217038 10.112100 3.465122
v 4.330473 3.304626 4.180462
v 4.161426 3.255141 -4.194931
v 4.353382 3.244669 -4.194930
v 4.353382 6.406959 -4.194931
v 4.330473 6.466917 4.180462
v 4.161426 6.417430 -4.194931
v 4.353381 9.569251 -4.194930
v 4.330473 9.629207 4.180461
v 4.161427 9.579722 -4.194931
v 4.353381 12.731540 -4.194930
v 4.161427 12.742011 -4.194930
v 4.184335 12.682056 4.180461
v -0.967150 2.375042 -4.127167
v -0.062080 0.167926 -4.222118
v 0.875784 2.375042 -4.114317
v -0.062420 2.396588 -4.141048
v -0.875656 0.167320 -4.208942
v 0.784289 0.167320 -4.211704
v -0.045683 2.291877 -4.240183
v -0.047711 0.164973 -4.268054
v -0.043656 0.164973 -4.212313
v -0.168469 0.929935 -4.333391
v -0.166330 1.351392 -4.299904
v -0.164192 0.929935 -4.266418
v 0.074965 1.351392 -4.299904
v 0.072825 0.929935 -4.333391
v 0.077102 0.929935 -4.266418
v 1.679132 2.914097 -4.411238
v 1.679132 2.903059 -4.049222
v -1.754854 2.841889 -4.078773
v -1.302426 3.483016 -4.242408
v 1.226535 3.493057 -4.162509
v 1.226535 3.036868 -4.178512
v -4.229785 13.355889 -3.943359
v 4.138418 13.355889 3.943357
v -4.226098 13.356371 3.946371
v -4.233150 13.352633 3.940047
v 4.134731 13.356371 -3.946373
v 4.141784 13.352633 -3.940049
v 4.135211 13.232164 3.946555
v 4.141784 13.238728 3.946555
v 4.135211 13.245292 3.946555
v 4.146544 13.238728 3.945544
v -4.237911 13.238728 -3.945546
v -4.226577 13.232164 -3.946557
v -4.233150 13.238728 -3.946557
v -4.226577 13.245292 -3.946557
v -4.387440 13.600132 -3.946557
v -4.390279 13.598125 -4.103247
v -4.394013 13.593567 -3.946557
v -4.387440 13.600132 -3.940049
v -4.239724 13.593567 -3.946557
v -4.235437 13.598500 -3.939984
v -4.251065 13.543822 3.968389
v -4.233150 13.238728 3.940047
v -4.239724 13.232164 3.946555
v -4.233150 13.238430 3.946552
v -4.401889 13.238728 -3.940049
v -4.394013 13.238728 -3.946557
v -4.387440 13.238728 -3.940049
v 4.296073 13.238728 -3.940049
v 4.336246 13.213090 -3.957537
v 4.302647 13.245292 -3.946557
v 4.309220 13.238728 -3.953064
v 4.296073 13.600132 3.946555
v 4.336243 13.625774 3.957535
v 4.302647 13.593567 3.946555
v 4.296073 13.600132 3.940047
v 4.144071 13.598500 3.939982
v 4.148357 13.593567 3.946555
v 4.296073 13.600132 -3.940049
v 4.302647 13.592267 -3.946557
v 4.301476 13.598928 -4.101146
v 4.294769 13.600132 -3.946557
v 4.144927 13.597090 -3.943985
v 4.310523 13.238728 3.940047
v 4.302647 13.238728 3.946555
v 4.296073 13.238728 3.940047
v 4.141784 13.238430 -3.946554
v 4.145425 13.245292 -3.946557
v 4.141784 13.238728 -3.940049
v 4.148357 13.232164 -3.946557
v -4.387110 13.238990 -4.102433
v -4.394013 13.246645 -4.102324
v -4.394013 13.600132 3.946555
v -4.401889 13.600132 3.940047
v -4.394013 13.599483 3.946555
v -4.387111 13.599884 4.102416
v -4.394013 13.592216 4.102322
v -4.387440 13.238728 3.946555
v -4.427613 13.213090 3.957535
v -4.394013 13.245292 3.946555
v -4.387440 13.238728 3.940047
v 4.302647 13.246645 4.102322
v 4.295743 13.238990 4.102431
v -0.908052 14.609735 0.099534
v -0.908052 13.363535 2.687439
v -3.204891 14.609735 2.687439
v 0.532418 14.084572 0.975669
v 0.532418 13.446980 1.413164
v 1.336883 13.660140 0.947978
v 1.197363 14.035952 0.944800
v 0.888381 13.642293 0.941357
v 1.337155 13.622721 0.915719
v 0.909623 13.623862 0.927982
v 0.909623 13.621581 0.903457
v 1.337156 13.689981 0.915719
v 0.909622 13.688841 0.903457
v 0.909622 13.691123 0.927982
v 1.337155 13.757243 0.915719
v 0.909622 13.758384 0.927982
v 0.909622 13.756102 0.903457
v 0.909622 13.823364 0.903457
v 1.337156 13.824505 0.915719
v 0.909622 13.825645 0.927982
v 1.337156 13.891767 0.915719
v 0.909622 13.892907 0.927982
v 0.909622 13.890625 0.903457
v 0.909622 13.960169 0.927982
v 0.909622 13.957887 0.903457
v 1.337156 13.959028 0.915719
v 0.668147 13.987299 0.950556
v 0.623623 13.600296 0.952061
v 0.712670 13.600296 0.949052
v 0.658092 13.404372 0.879316
v 0.706122 13.401171 1.490028
v 0.610063 13.407573 1.490028
v 1.261329 13.404372 0.879316
v 1.309358 13.401171 1.490028
v 1.213300 13.407573 1.490028
v 1.349286 13.776462 0.955533
v 2.794555 13.446980 0.975669
v 2.794555 14.084572 1.413164
v 2.295933 13.642293 0.941357
v 2.604914 14.035952 0.944800
v 2.744435 13.660140 0.947978
v 2.739077 13.623862 0.903457
v 2.311544 13.622721 0.915719
v 2.739077 13.621581 0.927982
v 2.311544 13.689981 0.915719
v 2.739078 13.688841 0.927982
v 2.739078 13.691123 0.903457
v 2.311544 13.757243 0.915719
v 2.739077 13.756102 0.927982
v 2.739077 13.758384 0.903457
v 2.739078 13.823364 0.927982
v 2.311544 13.824505 0.915719
v 2.739078 13.825645 0.903457
v 2.311544 13.891767 0.915719
v 2.739078 13.892907 0.903457
v 2.739078 13.890625 0.927982
v 2.739078 13.960169 0.903457
v 2.311544 13.959028 0.915719
v 2.739078 13.957887 0.927982
v 2.120222 13.600296 0.949052
v 2.075699 13.987299 0.950557
v 2.031174 13.600296 0.952061
v 2.065645 13.404372 0.879316
v 2.113674 13.401171 1.490028
v 2.017615 13.407573 1.490028
v 2.668881 13.404372 0.879317
v 2.620852 13.407573 1.490027
v 2.716911 13.401171 1.490028
v -2.039997 14.631466 1.375355
v -2.053654 15.500000 1.393486
v -2.071204 14.631675 1.413024
v -4.143255 0.034592 4.102216
v -4.112470 12.903413 4.070975
v -4.084404 0.045787 4.037532
v 4.029743 0.021369 4.074518
v 4.030287 12.890189 4.030875
v 4.025701 12.878995 4.117809
v 0.372062 0.376603 4.056135
v -0.045682 2.458335 4.061024
v -0.463429 0.376604 4.065907
v 0.590589 1.232062 3.980215
v 0.926725 1.734013 4.141721
v 0.590539 1.734013 3.980320
vn -0.2033 0.2037 -0.9577
vn 0.2031 -0.2034 0.9578
vn -0.7066 0.7076 -0.0000
vn -0.9983 -0.0584 -0.0027
vn -0.7036 -0.0000 -0.7106
vn 0.7066 0.7076 -0.0000
vn 0.6996 0.7007 -0.1402
vn 0.6896 0.7235 -0.0331
vn -0.1549 0.0005 0.9879
vn -0.1549 0.0006 0.9879
vn -0.1546 0.0014 0.9880
vn -0.7066 -0.7076 -0.0000
vn 0.0107 0.9999 -0.0000
vn -0.0202 0.9998 0.0041
vn -0.7090 0.7053 -0.0001
vn -0.0201 0.9998 0.0018
vn -0.0002 -0.1517 -0.9884
vn 0.9129 -0.4081 -0.0000
vn -0.0107 0.9999 -0.0000
vn -0.0001 -1.0000 -0.0000
vn -0.0000 -1.0000 -0.0000
vn -0.0000 -0.7041 -0.7101
vn -0.0201 -0.9995 -0.0243
vn -0.0229 -0.9994 -0.0277
vn 0.7424 -0.6691 0.0340
vn -0.0000 -0.3937 -0.9192
vn -0.6676 -0.0000 0.7445
vn 0.0151 0.9999 0.0069
vn 0.3665 0.9304 0.0003
vn 0.8182 0.5749 0.0017
vn -0.8367 0.0027 0.5476
vn 0.3759 -0.3632 0.8525
vn -0.5193 0.2610 -0.8138
vn 0.3869 -0.3587 0.8495
vn -0.0421 -0.0422 -0.9982
vn -0.0000 1.0000 -0.0000
vn 0.6676 -0.0000 -0.7445
vn 0.8367 0.0027 -0.5476
vn 0.7067 0.7075 -0.0000
vn -0.0000 -0.0000 -0.0000
vn -0.0000 0.0006 1.0000
vn 0.0421 -0.0422 0.9982
vn 0.0114 0.6959 -0.7181
vn -0.0001 1.0000 -0.0078
vn 0.0313 0.5508 -0.8340
vn -0.9996 0.0293 -0.0007
vn -0.7980 0.6027 0.0003
vn -0.4686 0.8834 0.0002
vn -0.7432 0.6684 0.0312
vn -0.7424 -0.6691 -0.0340
vn -0.0640 -0.9979 -0.0016
vn -0.0624 -0.0156 0.9979
vn -0.1240 -0.0155 0.9922
vn -0.1240 -0.0078 0.9922
vn -0.0000 -0.0000 -1.0000
vn 0.9981 -0.0000 -0.0624
vn 1.0000 -0.0000 -0.0000
vn 0.9923 -0.0000 -0.1240
vn -0.9956 -0.0000 -0.0933
vn -0.9829 -0.0000 -0.1843
vn -0.0000 -0.0000 1.0000
vn -0.9923 -0.0000 -0.1240
vn -1.0000 -0.0000 -0.0000
vn -0.9981 -0.0624 -0.0000
vn 0.0624 0.0078 0.9980
vn 0.0933 0.0078 0.9956
vn 0.1240 0.0078 0.9922
vn -0.1240 0.0078 -0.9922
vn -0.1843 0.0077 -0.9828
vn -0.1240 -0.0000 -0.9923
vn 0.9995 0.0312 -0.0000
vn 0.9988 0.0499 -0.0000
vn 0.9829 -0.0000 -0.1843
vn 0.0948 0.9955 -0.0000
vn 0.0882 0.9961 -0.0000
vn 0.0839 0.9965 -0.0000
vn -0.9545 -0.0000 -0.2983
vn -0.9701 -0.0000 -0.2425
vn 0.9991 -0.0416 -0.0000
vn 0.9988 -0.0499 -0.0000
vn 0.9998 -0.0208 -0.0000
vn 0.2137 -0.0000 -0.9769
vn 0.2983 -0.0000 -0.9545
vn 0.1843 -0.0000 -0.9829
vn -0.9923 -0.1240 -0.0000
vn -0.9991 -0.0416 -0.0000
vn -0.9965 -0.0830 -0.0000
vn 0.1168 0.9932 -0.0000
vn 0.1179 0.9930 -0.0000
vn 0.1112 0.9938 -0.0000
vn 0.9981 0.0624 -0.0000
vn -0.0000 -0.0035 -1.0000
vn -0.0000 -0.0043 -1.0000
vn -0.0000 -0.0042 -1.0000
vn -0.9998 -0.0195 -0.0000
vn -0.0000 -0.0100 1.0000
vn -0.0000 -0.0121 0.9999
vn -0.0000 -0.0096 1.0000
vn -0.9922 0.0155 -0.1240
vn -0.9978 0.0234 -0.0624
vn -0.0000 0.6000 -0.8000
vn -0.0000 0.5300 -0.8480
vn 1.0000 -0.0039 0.0020
vn 1.0000 -0.0039 0.0039
vn -0.0000 -0.0167 -0.9999
vn -0.0000 -0.0132 -0.9999
vn -0.0000 -0.0156 -0.9999
vn 0.5711 0.0045 -0.8209
vn 0.4831 0.0075 -0.8756
vn 0.5547 0.0043 -0.8320
vn -0.9829 -0.0000 0.1843
vn -0.0000 0.0058 1.0000
vn -0.0000 0.0051 1.0000
vn -0.0000 0.0072 1.0000
vn -0.0000 -0.0388 0.9992
vn -0.0000 -0.0371 0.9993
vn -0.0000 -0.0363 0.9993
vn -0.0000 0.0284 -0.9996
vn -0.0000 0.0312 -0.9995
vn -0.0000 0.0272 -0.9996
vn -0.4831 -0.0075 0.8756
vn -0.4061 -0.0127 0.9137
vn -0.4586 -0.0107 0.8886
vn -0.0000 -0.0161 0.9999
vn -0.0000 -0.0150 0.9999
vn -0.0000 -0.0185 0.9998
vn -0.0000 -0.0357 0.9994
vn -0.0000 -0.0375 0.9993
vn -0.0000 -0.0341 0.9994
vn -0.0000 0.0066 1.0000
vn -0.0000 0.0100 1.0000
vn -0.0000 0.0060 1.0000
vn 0.0312 0.9995 -0.0000
vn 0.0624 0.9981 -0.0000
vn -0.6960 -0.0190 -0.7178
vn -0.5240 -0.0205 -0.8515
vn -0.4960 -0.0233 -0.8680
vn 0.9699 -0.0227 0.2425
vn 0.9156 -0.0358 0.4006
vn 0.9357 -0.0366 0.3509
vn 0.9362 0.0146 -0.3511
vn 0.9544 0.0149 -0.2982
vn -0.0000 0.1843 -0.9829
vn -0.0000 0.1758 -0.9844
vn -0.0000 0.2040 -0.9790
vn 0.9923 -0.1240 -0.0000
vn 0.1842 -0.0230 -0.9826
vn -0.9923 -0.0000 0.1240
vn -0.9981 -0.0000 0.0624
vn 0.9923 -0.0000 0.1240
vn -0.9701 -0.2425 -0.0000
vn -0.0312 -0.0078 0.9995
vn -0.0624 -0.0078 0.9980
vn 0.9701 -0.0000 0.2425
vn 0.9956 -0.0000 0.0933
vn 0.9981 -0.0000 0.0624
vn 0.9829 -0.0000 0.1843
vn -0.0078 0.0156 0.9998
vn -0.0029 0.0078 1.0000
vn -0.0059 0.0078 1.0000
vn -0.9923 0.1240 -0.0000
vn -0.9995 -0.0000 -0.0312
vn 0.9923 0.1240 -0.0000
vn -0.0000 0.0039 1.0000
vn -0.0000 0.0078 1.0000
vn -0.8944 -0.0000 0.4472
vn -0.9363 -0.0000 0.3511
vn 0.0879 -0.9961 -0.0000
vn 0.0710 -0.9975 -0.0000
vn 0.0836 -0.9965 -0.0000
vn 0.9950 -0.0995 -0.0000
vn 0.9956 -0.0933 -0.0000
vn 0.0933 -0.0039 0.9956
vn 0.0624 -0.0039 0.9980
vn 0.9995 -0.0312 -0.0000
vn -0.9995 -0.0312 -0.0000
vn -0.9995 0.0312 -0.0000
vn -0.2982 0.0224 -0.9542
vn -0.2981 0.0298 -0.9541
vn -0.2425 0.0227 -0.9699
vn -0.9995 -0.0312 -0.0039
vn -0.9995 -0.0312 -0.0020
vn -0.9996 -0.0273 -0.0020
vn -0.0000 0.0830 0.9965
vn -0.0000 0.0499 0.9988
vn -0.0000 0.0312 0.9995
vn 0.9998 0.0195 0.0020
vn -0.0000 0.9950 0.0995
vn -0.0000 0.9806 0.1961
vn -0.0000 0.0089 1.0000
vn -0.0000 0.0074 1.0000
vn -0.0000 0.0083 1.0000
vn -0.0000 -0.2425 0.9701
vn -0.0000 -0.1240 0.9923
vn -0.5545 0.0260 0.8318
vn -0.4704 0.0294 0.8820
vn -0.5388 0.0295 0.8419
vn -0.0000 0.0096 -1.0000
vn -0.0000 0.0078 -1.0000
vn -0.0000 0.0093 -1.0000
vn -0.0000 0.0357 -0.9994
vn -0.0000 0.0278 -0.9996
vn -0.0000 0.0156 -0.9999
vn 0.9354 0.0438 0.3508
vn 0.9538 0.0373 0.2981
vn 0.9697 0.0303 0.2424
vn -0.9528 -0.0595 0.2977
vn -0.9818 -0.0460 0.1841
vn -0.9691 -0.0454 0.2423
vn -0.0000 -0.1544 0.9880
vn -0.0000 0.0375 -0.9993
vn -0.0000 0.0250 -0.9997
vn -0.7295 -0.0000 -0.6839
vn -0.7071 -0.0000 -0.7071
vn -0.6246 -0.0146 -0.7808
vn -0.0000 -0.0192 -0.9998
vn -0.6060 -0.0142 -0.7954
vn -0.0000 0.0163 -0.9999
vn -0.0000 0.0172 -0.9999
vn 0.6244 0.0293 0.7805
vn 0.7759 0.0242 0.6304
vn 0.6057 0.0331 0.7950
vn -0.0000 -0.0156 0.9999
vn -0.6441 -0.0101 0.7649
vn -0.0000 -0.0074 1.0000
vn -0.0000 -0.1240 -0.9923
vn -0.0000 -0.1036 -0.9946
vn -0.0000 0.7234 -0.6905
vn -0.0004 0.0017 -1.0000
vn -0.0000 0.0289 -0.9996
vn -0.0003 0.6836 -0.7299
vn -0.9996 0.0285 -0.0004
vn 0.0003 0.6836 0.7299
vn -0.0000 0.7234 0.6905
vn 0.0004 0.0017 1.0000
vn -0.0000 0.0289 0.9996
vn 0.7979 0.6027 -0.0002
vn 0.9996 0.0293 0.0004
vn 0.9996 0.0285 0.0004
vn -0.5012 0.8653 0.0003
vn 0.0353 0.9994 0.0070
vn -0.8996 0.4366 -0.0087
vn -0.9988 0.0339 -0.0366
vn -0.1947 0.0034 -0.9808
vn 0.9983 0.0584 0.0024
vn 0.0094 -0.7207 -0.6932
vn 0.7618 -0.1862 -0.6204
vn -0.0029 -1.0000 -0.0019
vn 0.6957 0.0154 0.7182
vn 0.6370 -0.0000 -0.7709
vn -0.0120 0.0014 -0.9999
vn -0.0044 0.0053 -1.0000
vn -0.0000 0.0073 -1.0000
vn 1.0000 -0.0000 -0.0076
vn -0.7035 -0.0000 -0.7107
vn 0.5477 0.3060 0.7787
vn 0.0121 0.5610 0.8277
vn -0.0156 0.3436 0.9390
vn -0.0029 1.0000 0.0018
vn -0.0397 0.9992 -0.0000
vn 0.4187 -0.1303 -0.8987
vn 0.5194 -0.2610 -0.8137
vn -0.3733 0.3633 0.8536
vn -1.0000 0.0088 -0.0001
vn 0.0156 -0.3436 0.9390
vn 0.0029 -1.0000 0.0019
vn -0.0121 -0.5609 0.8278
vn -0.4186 0.1303 -0.8988
vn -0.0000 -0.8944 -0.4472
vn 0.2182 -0.8729 -0.4364
vn -0.2276 -0.5509 -0.8029
vn -0.9978 0.0668 -0.0000
vn -0.9980 0.0633 -0.0000
vn -0.9357 0.2495 -0.2495
vn -0.9734 0.2290 -0.0000
vn -0.9048 0.1905 -0.3810
vn 0.9790 -0.2040 -0.0000
vn 0.9806 -0.1961 -0.0000
vn 0.9864 -0.1644 -0.0000
vn -0.9972 0.0750 -0.0000
vn -0.9975 0.0703 -0.0000
vn -0.9939 0.1094 0.0122
vn -0.9957 0.0923 0.0122
vn 0.2935 -0.9560 -0.0000
vn 0.2635 -0.9646 -0.0000
vn 0.2185 -0.9758 -0.0000
vn -0.2030 -0.2033 -0.9578
vn 0.2033 0.2035 0.9577
vn -0.7064 0.7078 0.0037
vn -0.6896 0.7234 0.0331
vn 0.5252 0.2732 0.8060
vn 0.1621 0.1628 -0.9733
vn 0.7064 0.7074 0.0251
vn 0.8831 -0.4687 0.0215
vn -0.6342 -0.0000 0.7732
vn -0.1623 -0.1625 -0.9733
vn 0.0350 0.7882 -0.6145
vn -0.0000 0.0005 -1.0000
vn -0.0000 -0.0925 0.9957
vn -0.0350 0.7882 0.6145
vn 0.0001 -1.0000 -0.0000
vn -0.0000 -0.7041 0.7101
vn -0.0006 -0.5642 0.8256
vn 0.0201 -0.9995 0.0243
vn 0.0229 -0.9994 0.0278
vn 0.0419 -0.9978 0.0507
vn 0.7036 -0.0000 0.7106
vn -0.7065 0.7078 -0.0006
vn 0.0796 0.0160 0.9967
vn -0.0185 -0.0024 -0.9998
vn -0.0000 0.3937 -0.9193
vn 0.0280 0.0281 0.9992
vn 0.4685 0.8835 -0.0002
vn -0.0796 0.0160 -0.9967
vn 0.7672 0.6414 -0.0001
vn -0.3844 0.3589 0.8506
vn 0.0002 -0.1517 0.9884
vn -0.0000 1.0000 -0.0064
vn -0.0280 0.0281 -0.9992
vn -0.0145 0.0073 -0.9999
vn 0.0438 0.9980 0.0466
vn -0.7065 -0.7078 0.0006
vn -0.0419 -0.9978 -0.0507
vn -0.0005 -0.7044 0.7098
vn 0.7065 -0.7077 -0.0000
vn -0.9997 0.0242 -0.0008
vn 0.9998 -0.0192 0.0008
vn -0.7065 -0.7077 -0.0000
vn 0.5012 0.8653 -0.0003
vn 0.0005 -0.7044 -0.7098
vn 0.9997 0.0242 0.0008
vn -0.9998 -0.0192 -0.0008
vn -0.7036 -0.0000 0.7106
vn -0.0007 0.0171 0.9999
vn 0.0007 -0.0180 0.9998
vn 0.0007 -0.0171 0.9999
vn -0.0493 -0.0494 0.9976
vn -0.1493 -0.0009 0.9888
vn -0.0688 -0.0400 0.9968
vn -0.1510 -0.0000 0.9885
vn -0.0007 0.0180 0.9998
vn -0.6370 -0.0000 0.7709
vn 0.9998 0.0186 0.0008
vn -0.0165 -0.0054 -0.9998
vn -0.0168 -0.0168 -0.9997
vn 0.7036 -0.0000 -0.7106
vn -0.0000 -0.0005 -1.0000
vn -0.0007 -0.0180 -0.9998
vn 0.0007 0.0181 -0.9998
vt 0.987001 0.165634
vt 0.987001 0.165553
vt 0.987112 0.165746
vt 0.987001 0.169746
vt 0.987001 0.169827
vt 0.986889 0.169938
vt 0.138616 0.533680
vt 0.138458 0.533680
vt 0.138616 0.533569
vt 0.986926 0.178050
vt 0.986929 0.178162
vt 0.986889 0.178162
vt 0.986889 0.174050
vt 0.987001 0.173938
vt 0.987112 0.174050
vt 0.323052 0.458501
vt 0.322894 0.458501
vt 0.323052 0.458389
vt 0.322894 0.323080
vt 0.323084 0.323080
vt 0.323067 0.323192
vt 0.986923 0.182268
vt 0.986889 0.182162
vt 0.987071 0.182227
vt 0.987023 0.161553
vt 0.987023 0.161542
vt 0.987134 0.161553
vt 0.142774 0.529451
vt 0.142617 0.529451
vt 0.142774 0.529340
vt 0.564882 0.026974
vt 0.564773 0.025074
vt 0.564885 0.025074
vt 0.700196 0.002118
vt 0.700122 0.003951
vt 0.700084 0.002102
vt 0.273769 0.394026
vt 0.273662 0.536277
vt 0.273657 0.393833
vt 0.144580 0.529450
vt 0.564882 0.003825
vt 0.564775 0.002000
vt 0.564887 0.002000
vt 0.564994 0.021074
vt 0.700303 0.020910
vt 0.700192 0.020992
vt 0.977245 0.970372
vt 0.977142 0.972333
vt 0.977132 0.970396
vt 0.564869 0.048813
vt 0.673391 0.049036
vt 0.564771 0.048925
vt 0.125682 0.533681
vt 0.125779 0.536353
vt 0.125626 0.536330
vt 0.251297 0.529366
vt 0.142771 0.529646
vt 0.661086 0.977193
vt 0.660981 0.979128
vt 0.660975 0.977187
vt 0.138538 0.398259
vt 0.138616 0.398371
vt 0.381199 0.963529
vt 0.381009 0.969563
vt 0.381088 0.963528
vt 0.456368 0.164363
vt 0.462291 0.164412
vt 0.456262 0.164474
vt 0.468229 0.977298
vt 0.468331 0.979917
vt 0.468224 0.980033
vt 0.430613 0.458616
vt 0.430710 0.458504
vt 0.656974 0.977193
vt 0.656863 0.979127
vt 0.656863 0.977187
vt 0.385390 0.963529
vt 0.385199 0.969563
vt 0.385278 0.963528
vt 0.939104 0.957941
vt 0.953438 0.957706
vt 0.953422 0.958244
vt 0.962210 0.535215
vt 0.976578 0.535038
vt 0.976548 0.535524
vt 0.318782 0.469169
vt 0.318894 0.326918
vt 0.318889 0.469058
vt 0.464121 0.977298
vt 0.464224 0.979917
vt 0.464117 0.980033
vt 0.430547 0.320575
vt 0.322972 0.320449
vt 0.700081 0.031215
vt 0.564882 0.031294
vt 0.564804 0.031191
vt 0.138530 0.398259
vt 0.138442 0.395587
vt 0.138595 0.395610
vt 0.142708 0.394031
vt 0.142791 0.394142
vt 0.977207 0.963639
vt 0.977305 0.966312
vt 0.977152 0.966289
vt 0.322969 0.077978
vt 0.437141 0.002007
vt 0.437141 0.153771
vt 0.221170 0.002090
vt 0.292832 0.225612
vt 0.149511 0.225626
vt 0.073723 0.002090
vt 0.145385 0.225612
vt 0.002064 0.225626
vt 0.002095 0.673831
vt 0.023427 0.689077
vt 0.002085 0.704322
vt 0.155193 0.654509
vt 0.176534 0.639264
vt 0.176525 0.669756
vt 0.772333 0.021054
vt 0.772323 0.002066
vt 0.800336 0.011567
vt 0.256462 0.776026
vt 0.275450 0.776017
vt 0.265949 0.804030
vt 0.342888 0.938612
vt 0.343627 0.938607
vt 0.343311 0.959527
vt 0.888758 0.758487
vt 0.888758 0.757771
vt 0.909920 0.758104
vt 0.888758 0.555976
vt 0.888758 0.555260
vt 0.909920 0.555593
vt 0.914087 0.903549
vt 0.914083 0.902810
vt 0.935003 0.903136
vt 0.888758 0.872088
vt 0.888758 0.871373
vt 0.909920 0.871706
vt 0.387342 0.938612
vt 0.388081 0.938607
vt 0.387755 0.959527
vt 0.939018 0.695768
vt 0.955670 0.697787
vt 0.939022 0.699818
vt 0.939105 0.510662
vt 0.955907 0.512649
vt 0.939113 0.514647
vt 0.359333 0.604695
vt 0.380665 0.619942
vt 0.359324 0.635187
vt 0.180709 0.619941
vt 0.202051 0.604696
vt 0.202042 0.635188
vt 0.464598 0.776026
vt 0.483586 0.776017
vt 0.474085 0.804030
vt 0.695861 0.776027
vt 0.714849 0.776017
vt 0.705348 0.804030
vt 0.347828 0.938612
vt 0.348567 0.938607
vt 0.348251 0.959527
vt 0.888758 0.877028
vt 0.888758 0.876312
vt 0.909920 0.876645
vt 0.352767 0.938612
vt 0.353506 0.938607
vt 0.353190 0.959527
vt 0.888758 0.560915
vt 0.888758 0.560200
vt 0.909920 0.560533
vt 0.051476 0.938612
vt 0.052215 0.938607
vt 0.051898 0.959527
vt 0.888758 0.565855
vt 0.888758 0.565139
vt 0.909920 0.565472
vt 0.939018 0.703818
vt 0.955670 0.705837
vt 0.939022 0.707867
vt 0.939105 0.349666
vt 0.955907 0.351653
vt 0.939113 0.353652
vt 0.104163 0.604695
vt 0.125495 0.619941
vt 0.104154 0.635187
vt 0.333812 0.654508
vt 0.355153 0.639264
vt 0.355144 0.669755
vt 0.772333 0.391074
vt 0.772323 0.372086
vt 0.800336 0.381587
vt 0.210209 0.776026
vt 0.229197 0.776017
vt 0.219696 0.804030
vt 0.914087 0.908488
vt 0.914083 0.907749
vt 0.935003 0.908075
vt 0.204612 0.913298
vt 0.205328 0.913298
vt 0.204995 0.934459
vt 0.160159 0.913298
vt 0.160875 0.913298
vt 0.160542 0.934459
vt 0.914087 0.913428
vt 0.914083 0.912689
vt 0.935003 0.913015
vt 0.888758 0.570794
vt 0.888758 0.570078
vt 0.909920 0.570411
vt 0.914087 0.829459
vt 0.914082 0.828720
vt 0.935003 0.829037
vt 0.939018 0.623320
vt 0.955670 0.625339
vt 0.939022 0.627370
vt 0.939105 0.550910
vt 0.955907 0.552897
vt 0.939113 0.554896
vt 0.180714 0.639263
vt 0.202046 0.654510
vt 0.180705 0.669755
vt 0.333812 0.689077
vt 0.355154 0.673832
vt 0.355144 0.704323
vt 0.772333 0.645463
vt 0.772323 0.626475
vt 0.800336 0.635976
vt 0.772333 0.529832
vt 0.772323 0.510844
vt 0.800336 0.520345
vt 0.914087 0.834399
vt 0.914082 0.833660
vt 0.935003 0.833976
vt 0.888758 0.881967
vt 0.888758 0.881251
vt 0.909920 0.881584
vt 0.392281 0.938611
vt 0.393020 0.938607
vt 0.392694 0.959527
vt 0.209551 0.913298
vt 0.210267 0.913298
vt 0.209934 0.934459
vt 0.888758 0.575733
vt 0.888758 0.575018
vt 0.909920 0.575351
vt 0.914087 0.839338
vt 0.914082 0.838599
vt 0.935003 0.838916
vt 0.939109 0.440207
vt 0.955909 0.438176
vt 0.955906 0.442226
vt 0.939020 0.657544
vt 0.955662 0.655545
vt 0.955679 0.659531
vt 0.359329 0.689077
vt 0.380670 0.673832
vt 0.380661 0.704323
vt 0.206231 0.639263
vt 0.227563 0.654510
vt 0.206222 0.669755
vt 0.302714 0.776027
vt 0.321702 0.776017
vt 0.312201 0.804030
vt 0.487725 0.776026
vt 0.506713 0.776017
vt 0.497212 0.804030
vt 0.357706 0.938612
vt 0.358445 0.938607
vt 0.358119 0.959527
vt 0.888758 0.654763
vt 0.888758 0.654047
vt 0.909920 0.654380
vt 0.446613 0.938612
vt 0.447352 0.938607
vt 0.447035 0.959527
vt 0.888758 0.763426
vt 0.888758 0.762710
vt 0.909920 0.763043
vt 0.160137 0.938612
vt 0.160876 0.938607
vt 0.160560 0.959527
vt 0.888758 0.659702
vt 0.888758 0.658986
vt 0.909920 0.659319
vt 0.939020 0.617295
vt 0.955662 0.615296
vt 0.955679 0.619282
vt 0.939109 0.560953
vt 0.955909 0.558922
vt 0.955906 0.562972
vt 0.384850 0.604695
vt 0.406182 0.619941
vt 0.384841 0.635187
vt 0.206226 0.689076
vt 0.227568 0.673832
vt 0.227559 0.704324
vt 0.772333 0.136685
vt 0.772323 0.117697
vt 0.800336 0.127198
vt 0.510851 0.776026
vt 0.529839 0.776017
vt 0.520338 0.804030
vt 0.165446 0.938609
vt 0.165858 0.959527
vt 0.165142 0.959527
vt 0.888758 0.664283
vt 0.909917 0.663889
vt 0.909922 0.664628
vt 0.135811 0.938609
vt 0.136222 0.959527
vt 0.135506 0.959527
vt 0.888758 0.886548
vt 0.909917 0.886154
vt 0.909922 0.886893
vt 0.451922 0.938609
vt 0.452333 0.959527
vt 0.451617 0.959527
vt 0.888758 0.580315
vt 0.909917 0.579920
vt 0.909922 0.580659
vt 0.939018 0.663569
vt 0.955670 0.665588
vt 0.939022 0.667619
vt 0.939105 0.357716
vt 0.955907 0.359703
vt 0.939113 0.361702
vt 0.410367 0.604695
vt 0.431700 0.619942
vt 0.410358 0.635187
vt 0.129675 0.654508
vt 0.151017 0.639264
vt 0.151008 0.669755
vt 0.325841 0.776027
vt 0.344829 0.776017
vt 0.335328 0.804030
vt 0.772333 0.761095
vt 0.772323 0.742107
vt 0.800336 0.751608
vt 0.056784 0.938609
vt 0.057196 0.959527
vt 0.056480 0.959527
vt 0.888758 0.585254
vt 0.909917 0.584860
vt 0.909922 0.585599
vt 0.888758 0.891487
vt 0.909917 0.891093
vt 0.909922 0.891832
vt 0.456861 0.938609
vt 0.457272 0.959527
vt 0.456556 0.959527
vt 0.888758 0.896426
vt 0.909917 0.896032
vt 0.909922 0.896771
vt 0.914085 0.843908
vt 0.935003 0.843497
vt 0.935003 0.844212
vt 0.939105 0.365766
vt 0.955907 0.367753
vt 0.939113 0.369752
vt 0.939018 0.808465
vt 0.955670 0.810484
vt 0.939022 0.812515
vt 0.231748 0.673831
vt 0.253080 0.689077
vt 0.231739 0.704322
vt 0.231744 0.654508
vt 0.253085 0.639264
vt 0.253076 0.669755
vt 0.002073 0.776026
vt 0.021061 0.776017
vt 0.011560 0.804030
vt 0.718987 0.776027
vt 0.737975 0.776017
vt 0.728474 0.804030
vt 0.185213 0.913298
vt 0.185607 0.934456
vt 0.184868 0.934461
vt 0.914084 0.848847
vt 0.935003 0.848436
vt 0.935003 0.849152
vt 0.888758 0.669222
vt 0.909917 0.668828
vt 0.909922 0.669567
vt 0.914084 0.853787
vt 0.935003 0.853376
vt 0.935003 0.854092
vt 0.061354 0.938612
vt 0.062093 0.938607
vt 0.061777 0.959527
vt 0.214490 0.913298
vt 0.215206 0.913298
vt 0.214873 0.934459
vt 0.939105 0.309417
vt 0.955907 0.311404
vt 0.939113 0.313403
vt 0.939018 0.671619
vt 0.955670 0.673638
vt 0.939022 0.675669
vt 0.384846 0.689076
vt 0.406188 0.673832
vt 0.406178 0.704323
vt 0.435885 0.604695
vt 0.457217 0.619941
vt 0.435875 0.635187
vt 0.804510 0.159811
vt 0.804500 0.140823
vt 0.832513 0.150324
vt 0.772333 0.576084
vt 0.772323 0.557096
vt 0.800336 0.566597
vt 0.461800 0.938609
vt 0.462211 0.959527
vt 0.461495 0.959527
vt 0.888758 0.901365
vt 0.909917 0.900971
vt 0.909922 0.901710
vt 0.888758 0.590193
vt 0.909917 0.589799
vt 0.909922 0.590538
vt 0.145689 0.938609
vt 0.146101 0.959527
vt 0.145385 0.959527
vt 0.150629 0.938609
vt 0.151040 0.959527
vt 0.150324 0.959527
vt 0.888758 0.728493
vt 0.909917 0.728099
vt 0.909922 0.728838
vt 0.939020 0.713892
vt 0.955662 0.711894
vt 0.955679 0.715879
vt 0.939109 0.448256
vt 0.955909 0.446226
vt 0.955906 0.450275
vt 0.461397 0.654508
vt 0.482739 0.639264
vt 0.482729 0.669755
vt 0.564808 0.545812
vt 0.580055 0.524479
vt 0.595300 0.545821
vt 0.772333 0.159811
vt 0.772323 0.140823
vt 0.800336 0.150324
vt 0.025199 0.776027
vt 0.044187 0.776017
vt 0.034686 0.804030
vt 0.888758 0.718973
vt 0.888758 0.718257
vt 0.909920 0.718590
vt 0.066293 0.938612
vt 0.067032 0.938607
vt 0.066716 0.959527
vt 0.888758 0.768365
vt 0.888758 0.767649
vt 0.909920 0.767982
vt 0.914087 0.918367
vt 0.914083 0.917628
vt 0.935003 0.917954
vt 0.466739 0.938609
vt 0.467150 0.959527
vt 0.466434 0.959527
vt 0.888758 0.772946
vt 0.909917 0.772552
vt 0.909922 0.773291
vt 0.939109 0.456306
vt 0.955909 0.454275
vt 0.955906 0.458325
vt 0.939020 0.721942
vt 0.955662 0.719943
vt 0.955679 0.723929
vt 0.027612 0.673831
vt 0.048944 0.689078
vt 0.027602 0.704322
vt 0.053124 0.689077
vt 0.074466 0.673832
vt 0.074456 0.704323
vt 0.772333 0.182938
vt 0.772323 0.163950
vt 0.800336 0.173451
vt 0.772333 0.275443
vt 0.772323 0.256455
vt 0.800336 0.265956
vt 0.253983 0.938612
vt 0.254722 0.938607
vt 0.254406 0.959527
vt 0.888758 0.906662
vt 0.888758 0.905946
vt 0.909920 0.906280
vt 0.888758 0.595491
vt 0.888758 0.594775
vt 0.909920 0.595108
vt 0.071232 0.938612
vt 0.071971 0.938607
vt 0.071655 0.959527
vt 0.258923 0.938612
vt 0.259661 0.938607
vt 0.259345 0.959527
vt 0.046556 0.913298
vt 0.047272 0.913298
vt 0.046939 0.934459
vt 0.939018 0.888963
vt 0.955670 0.890982
vt 0.939022 0.893012
vt 0.939105 0.261119
vt 0.955908 0.263106
vt 0.939113 0.265105
vt 0.078646 0.673831
vt 0.099978 0.689078
vt 0.078636 0.704322
vt 0.640016 0.654509
vt 0.661358 0.639264
vt 0.661349 0.669755
vt 0.772333 0.460453
vt 0.772323 0.441465
vt 0.800336 0.450966
vt 0.772333 0.344822
vt 0.772323 0.325834
vt 0.800336 0.335335
vt 0.914087 0.923306
vt 0.914083 0.922567
vt 0.935003 0.922893
vt 0.888758 0.600430
vt 0.888758 0.599714
vt 0.909920 0.600047
vt 0.263862 0.938612
vt 0.264601 0.938607
vt 0.264284 0.959527
vt 0.888758 0.778244
vt 0.888758 0.777528
vt 0.909920 0.777861
vt 0.914087 0.928245
vt 0.914083 0.927506
vt 0.935003 0.927832
vt 0.051495 0.913298
vt 0.052211 0.913298
vt 0.051878 0.934459
vt 0.939105 0.462363
vt 0.955908 0.464350
vt 0.939113 0.466349
vt 0.939018 0.679668
vt 0.955670 0.681687
vt 0.939022 0.683718
vt 0.512431 0.654509
vt 0.533773 0.639264
vt 0.533763 0.669755
vt 0.588987 0.639263
vt 0.610319 0.654510
vt 0.588978 0.669755
vt 0.048325 0.776026
vt 0.067313 0.776017
vt 0.057812 0.804030
vt 0.612434 0.742654
vt 0.631422 0.742645
vt 0.621921 0.770657
vt 0.268801 0.938612
vt 0.269540 0.938607
vt 0.269223 0.959527
vt 0.888758 0.783183
vt 0.888758 0.782467
vt 0.909920 0.782800
vt 0.914087 0.933184
vt 0.914083 0.932445
vt 0.935003 0.932771
vt 0.179916 0.913298
vt 0.180632 0.913298
vt 0.180299 0.934459
vt 0.914087 0.859095
vt 0.914082 0.858356
vt 0.935003 0.858673
vt 0.888758 0.788122
vt 0.888758 0.787406
vt 0.909920 0.787739
vt 0.939105 0.373816
vt 0.955908 0.375803
vt 0.939113 0.377802
vt 0.939018 0.631370
vt 0.955670 0.633389
vt 0.939022 0.635420
vt 0.410363 0.689077
vt 0.431704 0.673832
vt 0.431695 0.704323
vt 0.308299 0.604695
vt 0.329632 0.619942
vt 0.308290 0.635187
vt 0.163957 0.776027
vt 0.182945 0.776017
vt 0.173444 0.804030
vt 0.658686 0.742654
vt 0.677674 0.742644
vt 0.668173 0.770657
vt 0.888758 0.793061
vt 0.888758 0.792345
vt 0.909920 0.792678
vt 0.002083 0.938611
vt 0.002822 0.938607
vt 0.002496 0.959527
vt 0.362646 0.938612
vt 0.363385 0.938607
vt 0.363068 0.959527
vt 0.888758 0.798001
vt 0.888758 0.797285
vt 0.909920 0.797618
vt 0.189772 0.938612
vt 0.190511 0.938607
vt 0.190195 0.959527
vt 0.056434 0.913298
vt 0.057150 0.913298
vt 0.056817 0.934459
vt 0.939020 0.786341
vt 0.955662 0.784342
vt 0.955679 0.788328
vt 0.939109 0.383859
vt 0.955909 0.381828
vt 0.955906 0.385878
vt 0.282777 0.654509
vt 0.304119 0.639264
vt 0.304110 0.669755
vt 0.308299 0.673831
vt 0.329632 0.689078
vt 0.308290 0.704323
vt 0.704939 0.742654
vt 0.723927 0.742645
vt 0.714426 0.770657
vt 0.804510 0.021054
vt 0.804500 0.002066
vt 0.832513 0.011567
vt 0.914087 0.864035
vt 0.914082 0.863296
vt 0.935003 0.863612
vt 0.888758 0.733791
vt 0.888758 0.733075
vt 0.909920 0.733408
vt 0.471309 0.938612
vt 0.472048 0.938607
vt 0.471731 0.959527
vt 0.888758 0.738730
vt 0.888758 0.738014
vt 0.909920 0.738347
vt 0.007023 0.938612
vt 0.007762 0.938607
vt 0.007435 0.959527
vt 0.888758 0.743669
vt 0.888758 0.742953
vt 0.909920 0.743286
vt 0.939109 0.295311
vt 0.955910 0.293280
vt 0.955906 0.297330
vt 0.939020 0.899037
vt 0.955662 0.897038
vt 0.955679 0.901024
vt 0.308299 0.639263
vt 0.329632 0.654510
vt 0.308290 0.669755
vt 0.410363 0.654509
vt 0.431704 0.639264
vt 0.431695 0.669755
vt 0.772333 0.206064
vt 0.772323 0.187076
vt 0.800336 0.196577
vt 0.772333 0.367948
vt 0.772323 0.348960
vt 0.800336 0.358461
vt 0.888758 0.674520
vt 0.888758 0.673804
vt 0.909920 0.674137
vt 0.914087 0.868974
vt 0.914082 0.868235
vt 0.935003 0.868551
vt 0.274109 0.938609
vt 0.274521 0.959527
vt 0.273805 0.959527
vt 0.061731 0.913298
vt 0.062126 0.934456
vt 0.061387 0.934461
vt 0.476248 0.938612
vt 0.476987 0.938607
vt 0.476671 0.959527
vt 0.888758 0.605359
vt 0.888759 0.604644
vt 0.909920 0.604986
vt 0.939105 0.269169
vt 0.955908 0.271156
vt 0.939113 0.273154
vt 0.939018 0.687718
vt 0.955670 0.689737
vt 0.939022 0.691768
vt 0.206231 0.604695
vt 0.227563 0.619942
vt 0.206222 0.635187
vt 0.461397 0.619941
vt 0.482739 0.604696
vt 0.482729 0.635188
vt 0.772333 0.668590
vt 0.772323 0.649602
vt 0.800336 0.659103
vt 0.804510 0.044180
vt 0.804500 0.025192
vt 0.832513 0.034693
vt 0.888758 0.802939
vt 0.888758 0.802224
vt 0.909920 0.802557
vt 0.397220 0.938611
vt 0.397959 0.938607
vt 0.397633 0.959527
vt 0.091367 0.913298
vt 0.091762 0.934456
vt 0.091023 0.934461
vt 0.338319 0.938609
vt 0.338730 0.959527
vt 0.338014 0.959527
vt 0.279049 0.938609
vt 0.279460 0.959527
vt 0.278744 0.959527
vt 0.888758 0.748251
vt 0.909917 0.747856
vt 0.909922 0.748595
vt 0.939018 0.792366
vt 0.955670 0.794385
vt 0.939022 0.796416
vt 0.939105 0.567010
vt 0.955907 0.568997
vt 0.939113 0.570995
vt 0.435885 0.673831
vt 0.457217 0.689077
vt 0.435875 0.704323
vt 0.486914 0.619941
vt 0.508256 0.604696
vt 0.508246 0.635188
vt 0.672734 0.776027
vt 0.691723 0.776017
vt 0.682222 0.804030
vt 0.772333 0.090432
vt 0.772323 0.071444
vt 0.800336 0.080945
vt 0.066313 0.913298
vt 0.067029 0.913298
vt 0.066696 0.934459
vt 0.914087 0.873913
vt 0.914082 0.873174
vt 0.935003 0.873491
vt 0.367954 0.938609
vt 0.368366 0.959527
vt 0.367650 0.959527
vt 0.071610 0.913298
vt 0.072004 0.934457
vt 0.071265 0.934462
vt 0.402160 0.938612
vt 0.402899 0.938607
vt 0.402572 0.959527
vt 0.095948 0.913298
vt 0.096664 0.913298
vt 0.096331 0.934459
vt 0.939020 0.641444
vt 0.955662 0.639446
vt 0.955679 0.643431
vt 0.939109 0.577052
vt 0.955909 0.575022
vt 0.955906 0.579071
vt 0.129675 0.689077
vt 0.151017 0.673832
vt 0.151008 0.704323
vt 0.512436 0.604695
vt 0.533768 0.619942
vt 0.512426 0.635187
vt 0.772333 0.483579
vt 0.772323 0.464591
vt 0.800336 0.474092
vt 0.772333 0.414200
vt 0.772323 0.395212
vt 0.800336 0.404713
vt 0.914087 0.878853
vt 0.914082 0.878114
vt 0.935003 0.878430
vt 0.888758 0.679459
vt 0.888758 0.678743
vt 0.909920 0.679076
vt 0.135463 0.913298
vt 0.136179 0.913298
vt 0.135846 0.934459
vt 0.407099 0.938611
vt 0.407838 0.938607
vt 0.407512 0.959527
vt 0.283618 0.938612
vt 0.284357 0.938607
vt 0.284041 0.959527
vt 0.888758 0.684398
vt 0.888758 0.683682
vt 0.909920 0.684015
vt 0.939109 0.472405
vt 0.955909 0.470375
vt 0.955906 0.474424
vt 0.939020 0.802440
vt 0.955662 0.800441
vt 0.955679 0.804427
vt 0.537948 0.619941
vt 0.559290 0.604696
vt 0.559280 0.635188
vt 0.537953 0.639263
vt 0.559285 0.654510
vt 0.537943 0.669755
vt 0.772333 0.691716
vt 0.772323 0.672728
vt 0.800336 0.682229
vt 0.603356 0.776027
vt 0.622344 0.776017
vt 0.612843 0.804030
vt 0.076192 0.913298
vt 0.076907 0.913298
vt 0.076574 0.934459
vt 0.194712 0.938612
vt 0.195451 0.938607
vt 0.195135 0.959527
vt 0.189794 0.913298
vt 0.190510 0.913298
vt 0.190177 0.934459
vt 0.412038 0.938611
vt 0.412777 0.938607
vt 0.412451 0.959527
vt 0.888758 0.689337
vt 0.888758 0.688621
vt 0.909920 0.688954
vt 0.199651 0.938612
vt 0.200390 0.938607
vt 0.200074 0.959527
vt 0.939109 0.480455
vt 0.955909 0.478424
vt 0.955906 0.482474
vt 0.939020 0.649494
vt 0.955662 0.647495
vt 0.955679 0.651481
vt 0.564840 0.074583
vt 0.670218 0.073233
vt 0.670218 0.075742
vt 0.564771 0.114914
vt 0.669222 0.113746
vt 0.669210 0.116274
vt 0.564771 0.120391
vt 0.669216 0.121742
vt 0.564771 0.122900
vt 0.564845 0.086784
vt 0.670218 0.087953
vt 0.564834 0.089312
vt 0.564771 0.140588
vt 0.669216 0.141939
vt 0.564771 0.143097
vt 0.564845 0.053122
vt 0.670218 0.054291
vt 0.564834 0.055650
vt 0.564840 0.081315
vt 0.670218 0.079966
vt 0.670218 0.082475
vt 0.564771 0.108150
vt 0.669222 0.107014
vt 0.669209 0.109542
vt 0.660780 0.846183
vt 0.682102 0.835180
vt 0.682074 0.857198
vt 0.836614 0.808758
vt 0.847531 0.787464
vt 0.858378 0.808787
vt 0.724806 0.913399
vt 0.743794 0.913380
vt 0.734332 0.933432
vt 0.862641 0.868008
vt 0.862641 0.849057
vt 0.882917 0.858527
vt 0.738945 0.047309
vt 0.738944 0.046530
vt 0.768170 0.046927
vt 0.174957 0.709266
vt 0.175736 0.709266
vt 0.175339 0.738491
vt 0.738945 0.037431
vt 0.738944 0.036652
vt 0.768170 0.037048
vt 0.704377 0.506618
vt 0.704377 0.505839
vt 0.733602 0.506235
vt 0.056415 0.709266
vt 0.057194 0.709266
vt 0.056798 0.738491
vt 0.179896 0.709266
vt 0.180675 0.709266
vt 0.180278 0.738491
vt 0.058507 0.831085
vt 0.059953 0.808205
vt 0.061418 0.831074
vt 0.827394 0.768197
vt 0.804512 0.766735
vt 0.827379 0.765260
vt 0.027365 0.861230
vt 0.048659 0.872147
vt 0.027337 0.882994
vt 0.255386 0.846183
vt 0.276708 0.835180
vt 0.276680 0.857198
vt 0.794185 0.913399
vt 0.813173 0.913380
vt 0.803711 0.933433
vt 0.002080 0.888046
vt 0.021031 0.888046
vt 0.011560 0.908321
vt 0.061354 0.709266
vt 0.062133 0.709266
vt 0.061737 0.738491
vt 0.510823 0.709266
vt 0.511602 0.709266
vt 0.511205 0.738491
vt 0.066294 0.709266
vt 0.067073 0.709266
vt 0.066676 0.738491
vt 0.738945 0.146094
vt 0.738945 0.145315
vt 0.768170 0.145711
vt 0.738945 0.151033
vt 0.738945 0.150254
vt 0.768170 0.150650
vt 0.704377 0.664676
vt 0.704377 0.663897
vt 0.733602 0.664293
vt 0.827394 0.598461
vt 0.804512 0.596999
vt 0.827379 0.595524
vt 0.100786 0.831085
vt 0.102232 0.808205
vt 0.103698 0.831075
vt 0.052688 0.872112
vt 0.073980 0.861261
vt 0.074011 0.883032
vt 0.796238 0.808114
vt 0.817562 0.819132
vt 0.796269 0.830140
vt 0.817311 0.913400
vt 0.836299 0.913381
vt 0.826838 0.933433
vt 0.372100 0.888047
vt 0.391051 0.888046
vt 0.381580 0.908322
vt 0.071233 0.709266
vt 0.072012 0.709266
vt 0.071615 0.738491
vt 0.738945 0.012734
vt 0.738945 0.011955
vt 0.768170 0.012352
vt 0.738945 0.155972
vt 0.738945 0.155193
vt 0.768170 0.155590
vt 0.076172 0.709266
vt 0.076951 0.709266
vt 0.076555 0.738491
vt 0.081111 0.709266
vt 0.081890 0.709266
vt 0.081494 0.738491
vt 0.545398 0.709266
vt 0.546177 0.709266
vt 0.545780 0.738491
vt 0.257266 0.831080
vt 0.255802 0.808210
vt 0.258710 0.808201
vt 0.827386 0.604065
vt 0.804519 0.605538
vt 0.804505 0.602605
vt 0.078025 0.872112
vt 0.099317 0.861261
vt 0.099348 0.883032
vt 0.836598 0.048674
vt 0.847616 0.027351
vt 0.858622 0.048643
vt 0.701680 0.913399
vt 0.720668 0.913380
vt 0.711206 0.933432
vt 0.025205 0.888047
vt 0.044157 0.888046
vt 0.034686 0.908322
vt 0.738945 0.111519
vt 0.738944 0.110740
vt 0.768170 0.111137
vt 0.540459 0.709266
vt 0.541237 0.709266
vt 0.540841 0.738491
vt 0.738945 0.116458
vt 0.738944 0.115680
vt 0.768170 0.116076
vt 0.659001 0.709266
vt 0.659780 0.709266
vt 0.659383 0.738491
vt 0.738945 0.052248
vt 0.738944 0.051469
vt 0.768170 0.051866
vt 0.738945 0.160912
vt 0.738944 0.160133
vt 0.768170 0.160529
vt 0.827386 0.611137
vt 0.804519 0.612611
vt 0.804505 0.609677
vt 0.088149 0.831080
vt 0.086685 0.808210
vt 0.089593 0.808201
vt 0.847496 0.226020
vt 0.836645 0.204727
vt 0.858416 0.204697
vt 0.686102 0.835171
vt 0.707425 0.846188
vt 0.686133 0.857195
vt 0.747933 0.913400
vt 0.766921 0.913380
vt 0.757459 0.933433
vt 0.672741 0.888047
vt 0.691692 0.888046
vt 0.682222 0.908322
vt 0.515762 0.709266
vt 0.516541 0.709266
vt 0.516145 0.738491
vt 0.086051 0.709266
vt 0.086829 0.709266
vt 0.086433 0.738491
vt 0.002084 0.709266
vt 0.002863 0.709266
vt 0.002466 0.738491
vt 0.738945 0.165851
vt 0.738944 0.165072
vt 0.768170 0.165468
vt 0.090990 0.709266
vt 0.091769 0.709266
vt 0.091372 0.738491
vt 0.738945 0.170790
vt 0.738944 0.170011
vt 0.768170 0.170407
vt 0.827386 0.618209
vt 0.804519 0.619683
vt 0.804505 0.616749
vt 0.024730 0.831080
vt 0.023267 0.808210
vt 0.026174 0.808201
vt 0.836614 0.251342
vt 0.847531 0.230049
vt 0.858378 0.251371
vt 0.128700 0.846183
vt 0.150022 0.835180
vt 0.149994 0.857198
vt 0.048332 0.888046
vt 0.067283 0.888046
vt 0.057812 0.908322
vt 0.771059 0.913399
vt 0.790047 0.913380
vt 0.780585 0.933432
vt 0.738944 0.175340
vt 0.768169 0.174957
vt 0.768170 0.175736
vt 0.704377 0.654408
vt 0.733602 0.654025
vt 0.733602 0.654804
vt 0.184835 0.709266
vt 0.185614 0.709266
vt 0.185218 0.738491
vt 0.738945 0.121398
vt 0.738944 0.120619
vt 0.768170 0.121015
vt 0.189774 0.709266
vt 0.190553 0.709266
vt 0.190157 0.738491
vt 0.738945 0.126337
vt 0.738944 0.125558
vt 0.768170 0.125954
vt 0.016227 0.831085
vt 0.017674 0.808205
vt 0.019139 0.831074
vt 0.827394 0.761124
vt 0.804512 0.759663
vt 0.827379 0.758187
vt 0.103376 0.861230
vt 0.124670 0.872147
vt 0.103348 0.882994
vt 0.280723 0.846183
vt 0.302045 0.835180
vt 0.302017 0.857198
vt 0.071458 0.888047
vt 0.090409 0.888046
vt 0.080939 0.908322
vt 0.609175 0.913399
vt 0.628163 0.913380
vt 0.618701 0.933433
vt 0.095929 0.709266
vt 0.096708 0.709266
vt 0.096312 0.738491
vt 0.704377 0.585647
vt 0.704377 0.584868
vt 0.733602 0.585264
vt 0.704377 0.590586
vt 0.704377 0.589807
vt 0.733602 0.590204
vt 0.100868 0.709266
vt 0.101647 0.709266
vt 0.101251 0.738491
vt 0.105807 0.709266
vt 0.106586 0.709266
vt 0.106190 0.738491
vt 0.663940 0.709266
vt 0.664719 0.709266
vt 0.664322 0.738491
vt 0.827394 0.541882
vt 0.804512 0.540421
vt 0.827379 0.538945
vt 0.072600 0.831085
vt 0.074046 0.808205
vt 0.075511 0.831074
vt 0.836614 0.276679
vt 0.847531 0.255386
vt 0.858378 0.276708
vt 0.154037 0.846183
vt 0.175360 0.835180
vt 0.175331 0.857198
vt 0.840438 0.913400
vt 0.859426 0.913381
vt 0.849964 0.933433
vt 0.418353 0.888047
vt 0.437304 0.888046
vt 0.427833 0.908322
vt 0.704377 0.521436
vt 0.704377 0.520657
vt 0.733602 0.521053
vt 0.738945 0.131276
vt 0.738944 0.130497
vt 0.768170 0.130894
vt 0.110747 0.709266
vt 0.111526 0.709266
vt 0.111129 0.738491
vt 0.629366 0.709266
vt 0.630145 0.709266
vt 0.629748 0.738491
vt 0.619488 0.709266
vt 0.620267 0.709266
vt 0.619870 0.738491
vt 0.194713 0.709266
vt 0.195492 0.709266
vt 0.195096 0.738491
vt 0.262856 0.831085
vt 0.264303 0.808205
vt 0.265768 0.831074
vt 0.827394 0.548954
vt 0.804512 0.547493
vt 0.827379 0.546017
vt 0.128699 0.872112
vt 0.149992 0.861261
vt 0.150022 0.883032
vt 0.306045 0.835171
vt 0.327368 0.846189
vt 0.306076 0.857195
vt 0.914112 0.067306
vt 0.914092 0.048318
vt 0.934144 0.057780
vt 0.094584 0.888047
vt 0.113536 0.888046
vt 0.104065 0.908322
vt 0.115686 0.709266
vt 0.116465 0.709266
vt 0.116068 0.738491
vt 0.199653 0.709266
vt 0.200432 0.709266
vt 0.200035 0.738491
vt 0.120625 0.709266
vt 0.121404 0.709266
vt 0.121008 0.738491
vt 0.204592 0.709266
vt 0.205371 0.709266
vt 0.204975 0.738491
vt 0.328461 0.709266
vt 0.328844 0.738491
vt 0.328065 0.738491
vt 0.704377 0.659347
vt 0.733602 0.658965
vt 0.733602 0.659744
vt 0.827386 0.625282
vt 0.804519 0.626755
vt 0.804505 0.623822
vt 0.109288 0.831080
vt 0.107825 0.808210
vt 0.110732 0.808201
vt 0.847496 0.302031
vt 0.836645 0.280738
vt 0.858416 0.280708
vt 0.331382 0.835171
vt 0.352706 0.846189
vt 0.331413 0.857195
vt 0.863564 0.913400
vt 0.882552 0.913380
vt 0.873091 0.933432
vt 0.441479 0.888047
vt 0.460430 0.888046
vt 0.450959 0.908322
vt 0.209921 0.709266
vt 0.210303 0.738491
vt 0.209524 0.738491
vt 0.125954 0.709266
vt 0.126336 0.738491
vt 0.125557 0.738491
vt 0.704377 0.531314
vt 0.704377 0.530535
vt 0.733602 0.530932
vt 0.214470 0.709266
vt 0.215249 0.709266
vt 0.214853 0.738491
vt 0.130893 0.709266
vt 0.131276 0.738491
vt 0.130497 0.738491
vt 0.526030 0.709266
vt 0.526412 0.738491
vt 0.525633 0.738491
vt 0.827386 0.533341
vt 0.804519 0.534815
vt 0.804505 0.531881
vt 0.116335 0.831080
vt 0.114872 0.808210
vt 0.117779 0.808201
vt 0.836614 0.149994
vt 0.847531 0.128700
vt 0.858378 0.150023
vt 0.356735 0.846183
vt 0.378057 0.835180
vt 0.378029 0.857198
vt 0.788372 0.888046
vt 0.807323 0.888046
vt 0.797853 0.908322
vt 0.632301 0.913399
vt 0.651289 0.913380
vt 0.641827 0.933432
vt 0.347829 0.709266
vt 0.348608 0.709266
vt 0.348212 0.738491
vt 0.219410 0.709266
vt 0.220189 0.709266
vt 0.219792 0.738491
vt 0.678757 0.709266
vt 0.679536 0.709266
vt 0.679140 0.738491
vt 0.135443 0.709266
vt 0.136222 0.709266
vt 0.135825 0.738491
vt 0.412039 0.709266
vt 0.412818 0.709266
vt 0.412422 0.738491
vt 0.589852 0.709266
vt 0.590631 0.709266
vt 0.590234 0.738491
vt 0.213530 0.831085
vt 0.214977 0.808205
vt 0.216442 0.831075
vt 0.827394 0.633823
vt 0.804512 0.632361
vt 0.827379 0.630885
vt 0.179388 0.861230
vt 0.200681 0.872147
vt 0.179359 0.882994
vt 0.847610 0.099333
vt 0.836606 0.078011
vt 0.858625 0.078039
vt 0.464605 0.888047
vt 0.483556 0.888046
vt 0.474086 0.908322
vt 0.401039 0.913400
vt 0.420027 0.913381
vt 0.410564 0.933433
vt 0.491066 0.709266
vt 0.491845 0.709266
vt 0.491449 0.738491
vt 0.416978 0.709266
vt 0.417757 0.709266
vt 0.417361 0.738491
vt 0.140382 0.709266
vt 0.141161 0.709266
vt 0.140765 0.738491
vt 0.249045 0.709266
vt 0.249824 0.709266
vt 0.249427 0.738491
vt 0.594791 0.709266
vt 0.595570 0.709266
vt 0.595173 0.738491
vt 0.421918 0.709266
vt 0.422696 0.709266
vt 0.422300 0.738491
vt 0.185344 0.831085
vt 0.186791 0.808205
vt 0.188256 0.831074
vt 0.827394 0.556027
vt 0.804512 0.554565
vt 0.827379 0.553090
vt 0.836614 0.834095
vt 0.847531 0.812802
vt 0.858378 0.834124
vt 0.770916 0.819127
vt 0.792238 0.808123
vt 0.792210 0.830141
vt 0.493544 0.913400
vt 0.512532 0.913380
vt 0.503070 0.933432
vt 0.487731 0.888047
vt 0.506682 0.888046
vt 0.497212 0.908322
vt 0.668879 0.709266
vt 0.669658 0.709266
vt 0.669261 0.738491
vt 0.273741 0.709266
vt 0.274519 0.709266
vt 0.274123 0.738491
vt 0.145321 0.709266
vt 0.146100 0.709266
vt 0.145704 0.738491
vt 0.624427 0.709266
vt 0.625206 0.709266
vt 0.624809 0.738491
vt 0.704377 0.536254
vt 0.704377 0.535475
vt 0.733602 0.535871
vt 0.323133 0.709266
vt 0.323912 0.709266
vt 0.323515 0.738491
vt 0.250219 0.831080
vt 0.248756 0.808210
vt 0.251663 0.808201
vt 0.827386 0.639426
vt 0.804519 0.640900
vt 0.804505 0.637966
vt 0.847496 0.682087
vt 0.836645 0.660795
vt 0.858416 0.660764
vt 0.720227 0.808114
vt 0.741550 0.819132
vt 0.720258 0.830139
vt 0.655428 0.913400
vt 0.674416 0.913380
vt 0.664953 0.933433
vt 0.117711 0.888047
vt 0.136662 0.888046
vt 0.127191 0.908322
vt 0.550337 0.709266
vt 0.551116 0.709266
vt 0.550719 0.738491
vt 0.337951 0.709266
vt 0.338730 0.709266
vt 0.338333 0.738491
vt 0.150261 0.709266
vt 0.151040 0.709266
vt 0.150643 0.738491
vt 0.738945 0.180669
vt 0.738944 0.179890
vt 0.768170 0.180286
vt 0.031719 0.709266
vt 0.032498 0.709266
vt 0.032102 0.738491
vt 0.738945 0.185608
vt 0.738945 0.184829
vt 0.768170 0.185225
vt 0.031776 0.831080
vt 0.030313 0.808210
vt 0.033220 0.808201
vt 0.827386 0.773800
vt 0.804519 0.775274
vt 0.804505 0.772341
vt 0.847496 0.175346
vt 0.836645 0.154053
vt 0.858416 0.154022
vt 0.382057 0.835171
vt 0.403380 0.846189
vt 0.382087 0.857195
vt 0.539796 0.913399
vt 0.558784 0.913380
vt 0.549323 0.933432
vt 0.348974 0.888047
vt 0.367925 0.888046
vt 0.358454 0.908322
vt 0.704377 0.595525
vt 0.704377 0.594746
vt 0.733602 0.595143
vt 0.704377 0.541193
vt 0.704377 0.540414
vt 0.733602 0.540810
vt 0.253984 0.709266
vt 0.254763 0.709266
vt 0.254366 0.738491
vt 0.738945 0.101641
vt 0.738944 0.100862
vt 0.768170 0.101258
vt 0.738945 0.096702
vt 0.738944 0.095923
vt 0.768170 0.096319
vt 0.738945 0.190547
vt 0.738944 0.189768
vt 0.768170 0.190164
vt 0.052916 0.831080
vt 0.051453 0.808210
vt 0.054360 0.808201
vt 0.827386 0.646499
vt 0.804519 0.647972
vt 0.804505 0.645039
vt 0.836614 0.327354
vt 0.847531 0.306060
vt 0.858378 0.327382
vt 0.745579 0.819127
vt 0.766901 0.808123
vt 0.766873 0.830141
vt 0.562923 0.913399
vt 0.581911 0.913380
vt 0.572448 0.933432
vt 0.510858 0.888047
vt 0.529809 0.888046
vt 0.520338 0.908322
vt 0.704377 0.545743
vt 0.733602 0.545360
vt 0.733602 0.546139
vt 0.600120 0.709266
vt 0.600502 0.738491
vt 0.599723 0.738491
vt 0.704377 0.486861
vt 0.704377 0.486082
vt 0.733602 0.486478
vt 0.683696 0.709266
vt 0.684475 0.709266
vt 0.684079 0.738491
vt 0.402161 0.709266
vt 0.402940 0.709266
vt 0.402543 0.738491
vt 0.555276 0.709266
vt 0.556055 0.709266
vt 0.555659 0.738491
vt 0.206484 0.831085
vt 0.207930 0.808205
vt 0.209395 0.831075
vt 0.827394 0.655040
vt 0.804512 0.653578
vt 0.827379 0.652102
vt 0.027352 0.846183
vt 0.048674 0.835180
vt 0.048646 0.857198
vt 0.836614 0.124657
vt 0.847531 0.103363
vt 0.858378 0.124686
vt 0.331660 0.913400
vt 0.350648 0.913381
vt 0.341186 0.933433
vt 0.140838 0.888046
vt 0.159789 0.888046
vt 0.150318 0.908321
vt 0.673818 0.709266
vt 0.674597 0.709266
vt 0.674201 0.738491
vt 0.397222 0.709266
vt 0.398001 0.709266
vt 0.397604 0.738491
vt 0.704377 0.511168
vt 0.733602 0.510785
vt 0.733602 0.511564
vt 0.713721 0.709266
vt 0.714103 0.738491
vt 0.713324 0.738491
vt 0.704377 0.600075
vt 0.733602 0.599693
vt 0.733602 0.600472
vt 0.718660 0.709266
vt 0.719043 0.738491
vt 0.718264 0.738491
vt 0.121925 0.831085
vt 0.123372 0.808205
vt 0.124837 0.831074
vt 0.827394 0.662112
vt 0.804512 0.660650
vt 0.827379 0.659175
vt 0.847496 0.707424
vt 0.836645 0.686132
vt 0.858416 0.686101
vt 0.711439 0.835171
vt 0.732762 0.846189
vt 0.711470 0.857195
vt 0.886690 0.913399
vt 0.905678 0.913380
vt 0.896216 0.933433
vt 0.857752 0.888046
vt 0.876703 0.888046
vt 0.867232 0.908321
vt 0.027169 0.709266
vt 0.027552 0.738491
vt 0.026773 0.738491
vt 0.560605 0.709266
vt 0.560988 0.738491
vt 0.560209 0.738491
vt 0.704377 0.551072
vt 0.704377 0.550293
vt 0.733602 0.550689
vt 0.604670 0.709266
vt 0.605448 0.709266
vt 0.605052 0.738491
vt 0.704377 0.556011
vt 0.704377 0.555232
vt 0.733602 0.555628
vt 0.688635 0.709266
vt 0.689414 0.709266
vt 0.689018 0.738491
vt 0.193847 0.831080
vt 0.192383 0.808210
vt 0.195291 0.808201
vt 0.827386 0.575775
vt 0.804519 0.577249
vt 0.804505 0.574315
vt 0.847496 0.352705
vt 0.836645 0.331413
vt 0.858416 0.331382
vt 0.052674 0.835171
vt 0.073997 0.846189
vt 0.052705 0.857195
vt 0.914112 0.021054
vt 0.914093 0.002066
vt 0.934145 0.011528
vt 0.834625 0.888046
vt 0.853576 0.888046
vt 0.844105 0.908322
vt 0.704377 0.560950
vt 0.704377 0.560171
vt 0.733602 0.560568
vt 0.318193 0.709266
vt 0.318972 0.709266
vt 0.318576 0.738491
vt 0.570094 0.709266
vt 0.570873 0.709266
vt 0.570477 0.738491
vt 0.704377 0.605404
vt 0.704377 0.604625
vt 0.733602 0.605022
vt 0.704377 0.565890
vt 0.704377 0.565111
vt 0.733602 0.565507
vt 0.278680 0.709266
vt 0.279459 0.709266
vt 0.279062 0.738491
vt 0.010637 0.831080
vt 0.009173 0.808210
vt 0.012081 0.808201
vt 0.827386 0.780873
vt 0.804519 0.782346
vt 0.804505 0.779413
vt 0.847496 0.732761
vt 0.836645 0.711469
vt 0.858416 0.711438
vt 0.078011 0.835171
vt 0.099334 0.846189
vt 0.078042 0.857195
vt 0.354787 0.913400
vt 0.373774 0.913381
vt 0.364313 0.933433
vt 0.626489 0.888047
vt 0.645440 0.888046
vt 0.635969 0.908322
vt 0.704377 0.570829
vt 0.704377 0.570050
vt 0.733602 0.570446
vt 0.530580 0.709266
vt 0.531359 0.709266
vt 0.530962 0.738491
vt 0.407100 0.709266
vt 0.407879 0.709266
vt 0.407483 0.738491
vt 0.738945 0.017674
vt 0.738944 0.016895
vt 0.768170 0.017291
vt 0.258923 0.709266
vt 0.259702 0.709266
vt 0.259306 0.738491
vt 0.520701 0.709266
vt 0.521480 0.709266
vt 0.521084 0.738491
vt 0.095195 0.831080
vt 0.093732 0.808210
vt 0.096639 0.808201
vt 0.827386 0.745511
vt 0.804519 0.746985
vt 0.804505 0.744051
vt 0.492683 0.145335
vt 0.491716 0.002072
vt 0.493639 0.002110
vt 0.515594 0.307699
vt 0.514634 0.164435
vt 0.516541 0.164476
vt 0.509608 0.307699
vt 0.508648 0.164435
vt 0.510555 0.164476
vt 0.486681 0.145335
vt 0.485713 0.002072
vt 0.487636 0.002110
vt 0.492574 0.459414
vt 0.493523 0.316170
vt 0.494485 0.459413
vt 0.502675 0.307698
vt 0.503616 0.164455
vt 0.504569 0.307699
vt 0.503733 0.145335
vt 0.504674 0.002093
vt 0.505627 0.145337
vt 0.486571 0.459414
vt 0.487520 0.316170
vt 0.488482 0.459413
vt 0.231748 0.604695
vt 0.253080 0.619941
vt 0.231739 0.635187
vt 0.563465 0.619941
vt 0.584807 0.604695
vt 0.584797 0.635188
vt 0.187083 0.776026
vt 0.206071 0.776017
vt 0.196570 0.804030
vt 0.071452 0.776027
vt 0.090440 0.776017
vt 0.080939 0.804030
vt 0.372524 0.938612
vt 0.373263 0.938607
vt 0.372947 0.959527
vt 0.081131 0.913298
vt 0.081847 0.913298
vt 0.081513 0.934459
vt 0.086070 0.913298
vt 0.086786 0.913298
vt 0.086453 0.934459
vt 0.076172 0.938612
vt 0.076910 0.938607
vt 0.076594 0.959527
vt 0.140402 0.913298
vt 0.141118 0.913298
vt 0.140785 0.934459
vt 0.170016 0.938612
vt 0.170755 0.938607
vt 0.170439 0.959527
vt 0.955679 0.748078
vt 0.939020 0.746092
vt 0.955662 0.744093
vt 0.955906 0.530773
vt 0.939109 0.528754
vt 0.955909 0.526723
vt 0.564808 0.571329
vt 0.580055 0.549996
vt 0.595300 0.571338
vt 0.588982 0.619941
vt 0.610323 0.604695
vt 0.610314 0.635188
vt 0.348967 0.776026
vt 0.367955 0.776017
vt 0.358454 0.804030
vt 0.772333 0.599211
vt 0.772323 0.580223
vt 0.800336 0.589724
vt 0.100888 0.913298
vt 0.101604 0.913298
vt 0.101271 0.934459
vt 0.174955 0.938612
vt 0.175694 0.938607
vt 0.175378 0.959527
vt 0.179894 0.938612
vt 0.180633 0.938607
vt 0.180317 0.959527
vt 0.888758 0.694276
vt 0.888758 0.693560
vt 0.909920 0.693894
vt 0.204591 0.938612
vt 0.205330 0.938607
vt 0.205013 0.959527
vt 0.888758 0.699216
vt 0.888758 0.698500
vt 0.909920 0.698833
vt 0.955906 0.393927
vt 0.939109 0.391908
vt 0.955909 0.389878
vt 0.955679 0.828577
vt 0.939020 0.826590
vt 0.955662 0.824591
vt 0.461402 0.673831
vt 0.482734 0.689077
vt 0.461392 0.704323
vt 0.257261 0.689077
vt 0.278602 0.673832
vt 0.278593 0.704323
vt 0.372093 0.776026
vt 0.391081 0.776017
vt 0.381580 0.804030
vt 0.772333 0.044180
vt 0.772323 0.025192
vt 0.800336 0.034693
vt 0.416977 0.938612
vt 0.417716 0.938607
vt 0.417390 0.959527
vt 0.888758 0.753548
vt 0.888758 0.752832
vt 0.909920 0.753165
vt 0.421917 0.938612
vt 0.422656 0.938607
vt 0.422330 0.959527
vt 0.002103 0.913298
vt 0.002819 0.913298
vt 0.002486 0.934459
vt 0.155198 0.938612
vt 0.155937 0.938607
vt 0.155621 0.959527
vt 0.105827 0.913298
vt 0.106543 0.913298
vt 0.106210 0.934459
vt 0.955906 0.321479
vt 0.939109 0.319460
vt 0.955909 0.317429
vt 0.955679 0.731979
vt 0.939020 0.729992
vt 0.955662 0.727993
vt 0.282778 0.689076
vt 0.304119 0.673832
vt 0.304110 0.704323
vt 0.486919 0.673831
vt 0.508251 0.689077
vt 0.486909 0.704322
vt 0.649608 0.776026
vt 0.668596 0.776017
vt 0.659095 0.804030
vt 0.772333 0.067306
vt 0.772323 0.048318
vt 0.800336 0.057819
vt 0.140381 0.938612
vt 0.141120 0.938607
vt 0.140804 0.959527
vt 0.110766 0.913298
vt 0.111482 0.913298
vt 0.111149 0.934459
vt 0.145341 0.913298
vt 0.146057 0.913298
vt 0.145724 0.934459
vt 0.288558 0.938612
vt 0.289296 0.938607
vt 0.288980 0.959527
vt 0.174976 0.913298
vt 0.175692 0.913298
vt 0.175359 0.934459
vt 0.426856 0.938612
vt 0.427595 0.938607
vt 0.427269 0.959527
vt 0.955907 0.327504
vt 0.939113 0.329503
vt 0.939105 0.325517
vt 0.955670 0.754136
vt 0.939022 0.756166
vt 0.939018 0.752117
vt 0.180714 0.673831
vt 0.202046 0.689077
vt 0.180705 0.704322
vt 0.129675 0.619941
vt 0.151017 0.604696
vt 0.151008 0.635188
vt 0.804510 0.113559
vt 0.804500 0.094571
vt 0.832513 0.104072
vt 0.395220 0.776026
vt 0.414207 0.776017
vt 0.404707 0.804030
vt 0.081111 0.938612
vt 0.081850 0.938607
vt 0.081533 0.959527
vt 0.115706 0.913298
vt 0.116422 0.913298
vt 0.116089 0.934459
vt 0.209530 0.938612
vt 0.210269 0.938607
vt 0.209952 0.959527
vt 0.150280 0.913298
vt 0.150996 0.913298
vt 0.150663 0.934459
vt 0.888758 0.807879
vt 0.888758 0.807163
vt 0.909920 0.807496
vt 0.214469 0.938612
vt 0.215208 0.938607
vt 0.214892 0.959527
vt 0.955670 0.609239
vt 0.939022 0.611270
vt 0.939018 0.607220
vt 0.955907 0.399952
vt 0.939113 0.401951
vt 0.939105 0.397965
vt 0.257261 0.619941
vt 0.278602 0.604696
vt 0.278593 0.635188
vt 0.027612 0.604695
vt 0.048944 0.619941
vt 0.027603 0.635187
vt 0.742113 0.776026
vt 0.761101 0.776017
vt 0.751600 0.804030
vt 0.804510 0.136685
vt 0.804500 0.117697
vt 0.832513 0.127198
vt 0.012331 0.938609
vt 0.012733 0.959527
vt 0.012017 0.959527
vt 0.888758 0.812460
vt 0.909917 0.812066
vt 0.909922 0.812805
vt 0.017271 0.938609
vt 0.017672 0.959527
vt 0.016956 0.959527
vt 0.888758 0.817399
vt 0.909917 0.817005
vt 0.909922 0.817744
vt 0.120645 0.913298
vt 0.121361 0.913298
vt 0.121028 0.934459
vt 0.293497 0.938612
vt 0.294236 0.938607
vt 0.293920 0.959527
vt 0.955679 0.836626
vt 0.939020 0.834640
vt 0.955662 0.832641
vt 0.955906 0.410027
vt 0.939109 0.408008
vt 0.955909 0.405977
vt 0.564808 0.596846
vt 0.580055 0.575514
vt 0.595300 0.596855
vt 0.614499 0.619941
vt 0.635841 0.604695
vt 0.635831 0.635188
vt 0.418346 0.776026
vt 0.437334 0.776017
vt 0.427833 0.804030
vt 0.233336 0.776027
vt 0.252324 0.776017
vt 0.242823 0.804030
vt 0.125942 0.913298
vt 0.126336 0.934457
vt 0.125597 0.934462
vt 0.432165 0.938609
vt 0.432566 0.959527
vt 0.431850 0.959527
vt 0.219778 0.938609
vt 0.220189 0.959527
vt 0.219473 0.959527
vt 0.155577 0.913298
vt 0.155972 0.934457
vt 0.155233 0.934462
vt 0.298805 0.938609
vt 0.299216 0.959527
vt 0.298501 0.959527
vt 0.130881 0.913298
vt 0.131276 0.934457
vt 0.130537 0.934462
vt 0.955679 0.595133
vt 0.939021 0.593146
vt 0.955663 0.591147
vt 0.955906 0.305379
vt 0.939109 0.303360
vt 0.955910 0.301330
vt 0.333816 0.604695
vt 0.355148 0.619942
vt 0.333807 0.635187
vt 0.640016 0.619941
vt 0.661357 0.604696
vt 0.661349 0.635188
vt 0.804510 0.067306
vt 0.804500 0.048318
vt 0.832513 0.057819
vt 0.772333 0.506705
vt 0.772323 0.487717
vt 0.800336 0.497218
vt 0.303745 0.938609
vt 0.304156 0.959527
vt 0.303440 0.959527
vt 0.888758 0.822338
vt 0.909917 0.821944
vt 0.909922 0.822683
vt 0.308314 0.938612
vt 0.309053 0.938607
vt 0.308737 0.959527
vt 0.007042 0.913298
vt 0.007758 0.913298
vt 0.007425 0.934459
vt 0.022210 0.938609
vt 0.022611 0.959527
vt 0.021896 0.959527
vt 0.012340 0.913298
vt 0.012734 0.934457
vt 0.011995 0.934462
vt 0.955679 0.844676
vt 0.939020 0.842689
vt 0.955662 0.840690
vt 0.955906 0.337579
vt 0.939109 0.335560
vt 0.955909 0.333529
vt 0.665534 0.619941
vt 0.686875 0.604696
vt 0.686866 0.635188
vt 0.512436 0.673831
vt 0.533768 0.689077
vt 0.512426 0.704322
vt 0.441472 0.776026
vt 0.460460 0.776017
vt 0.450959 0.804030
vt 0.094578 0.776027
vt 0.113566 0.776017
vt 0.104065 0.804030
vt 0.185203 0.938609
vt 0.185614 0.959527
vt 0.184898 0.959527
vt 0.195091 0.913298
vt 0.195486 0.934456
vt 0.194747 0.934461
vt 0.914087 0.883792
vt 0.914082 0.883053
vt 0.935003 0.883379
vt 0.888758 0.610309
vt 0.888758 0.609593
vt 0.909920 0.609926
vt 0.017279 0.913298
vt 0.017673 0.934457
vt 0.016934 0.934462
vt 0.130872 0.938609
vt 0.131283 0.959527
vt 0.130567 0.959527
vt 0.955670 0.601190
vt 0.939022 0.603220
vt 0.939018 0.599171
vt 0.955907 0.416051
vt 0.939113 0.418050
vt 0.939105 0.414065
vt 0.053124 0.619941
vt 0.074466 0.604696
vt 0.074456 0.635188
vt 0.002095 0.639263
vt 0.023427 0.654509
vt 0.002085 0.669755
vt 0.279588 0.776027
vt 0.298576 0.776017
vt 0.289075 0.804030
vt 0.635560 0.742654
vt 0.654548 0.742644
vt 0.645047 0.770657
vt 0.224348 0.938612
vt 0.225087 0.938607
vt 0.224771 0.959527
vt 0.888758 0.615248
vt 0.888758 0.614532
vt 0.909920 0.614865
vt 0.313253 0.938612
vt 0.313992 0.938607
vt 0.313676 0.959527
vt 0.888758 0.620187
vt 0.888758 0.619471
vt 0.909920 0.619804
vt 0.027149 0.938609
vt 0.027551 0.959527
vt 0.026835 0.959527
vt 0.165456 0.913298
vt 0.165850 0.934456
vt 0.165111 0.934461
vt 0.955907 0.520698
vt 0.939113 0.522697
vt 0.939105 0.518711
vt 0.955670 0.850733
vt 0.939022 0.852764
vt 0.939018 0.848714
vt 0.027612 0.639263
vt 0.048944 0.654510
vt 0.027603 0.669755
vt 0.486914 0.654509
vt 0.508256 0.639264
vt 0.508246 0.669755
vt 0.772333 0.229190
vt 0.772323 0.210202
vt 0.800336 0.219703
vt 0.117704 0.776027
vt 0.136692 0.776017
vt 0.127191 0.804030
vt 0.888758 0.625126
vt 0.888758 0.624410
vt 0.909920 0.624744
vt 0.318192 0.938612
vt 0.318931 0.938607
vt 0.318615 0.959527
vt 0.888758 0.827636
vt 0.888758 0.826920
vt 0.909920 0.827253
vt 0.377464 0.938612
vt 0.378202 0.938607
vt 0.377886 0.959527
vt 0.888758 0.832575
vt 0.888758 0.831859
vt 0.909920 0.832192
vt 0.323132 0.938612
vt 0.323871 0.938607
vt 0.323554 0.959527
vt 0.955679 0.740029
vt 0.939020 0.738042
vt 0.955662 0.736043
vt 0.955906 0.281230
vt 0.939109 0.279211
vt 0.955910 0.277181
vt 0.053129 0.639263
vt 0.074461 0.654510
vt 0.053120 0.669755
vt 0.537948 0.689077
vt 0.559290 0.673832
vt 0.559280 0.704323
vt 0.772333 0.298569
vt 0.772323 0.279581
vt 0.800336 0.289082
vt 0.681813 0.742654
vt 0.700801 0.742645
vt 0.691300 0.770657
vt 0.888758 0.837514
vt 0.888758 0.836798
vt 0.909920 0.837131
vt 0.328071 0.938612
vt 0.328810 0.938607
vt 0.328494 0.959527
vt 0.888758 0.842453
vt 0.888758 0.841737
vt 0.909920 0.842070
vt 0.914087 0.888731
vt 0.914082 0.887992
vt 0.935003 0.888309
vt 0.888758 0.630066
vt 0.888758 0.629350
vt 0.909920 0.629683
vt 0.436734 0.938612
vt 0.437473 0.938607
vt 0.437147 0.959527
vt 0.955679 0.820527
vt 0.939020 0.818540
vt 0.955662 0.816541
vt 0.955906 0.426126
vt 0.939109 0.424107
vt 0.955909 0.422077
vt 0.078646 0.639263
vt 0.099978 0.654510
vt 0.078637 0.669755
vt 0.104158 0.654509
vt 0.125500 0.639264
vt 0.125490 0.669755
vt 0.728065 0.742654
vt 0.747053 0.742645
vt 0.737552 0.770657
vt 0.772333 0.113559
vt 0.772323 0.094571
vt 0.800336 0.104072
vt 0.031719 0.938612
vt 0.032458 0.938607
vt 0.032132 0.959527
vt 0.888758 0.847392
vt 0.888758 0.846676
vt 0.909920 0.847010
vt 0.086050 0.938612
vt 0.086789 0.938607
vt 0.086473 0.959527
vt 0.888758 0.852322
vt 0.888758 0.851606
vt 0.909920 0.851949
vt 0.888758 0.857271
vt 0.888758 0.856555
vt 0.909920 0.856888
vt 0.090989 0.938612
vt 0.091728 0.938607
vt 0.091412 0.959527
vt 0.955907 0.343604
vt 0.939113 0.345603
vt 0.939105 0.341617
vt 0.955670 0.762185
vt 0.939022 0.764216
vt 0.939018 0.760166
vt 0.155192 0.619941
vt 0.176534 0.604696
vt 0.176525 0.635188
vt 0.665538 0.639263
vt 0.686870 0.654510
vt 0.665529 0.669755
vt 0.772333 0.321695
vt 0.772323 0.302707
vt 0.800336 0.312208
vt 0.772333 0.437327
vt 0.772323 0.418339
vt 0.800336 0.427840
vt 0.219429 0.913298
vt 0.220145 0.913298
vt 0.219812 0.934459
vt 0.036658 0.938612
vt 0.037397 0.938607
vt 0.037071 0.959527
vt 0.095928 0.938612
vt 0.096667 0.938607
vt 0.096351 0.959527
vt 0.888758 0.704155
vt 0.888758 0.703439
vt 0.909920 0.703772
vt 0.888758 0.635005
vt 0.888758 0.634289
vt 0.909920 0.634622
vt 0.100867 0.938612
vt 0.101606 0.938607
vt 0.101290 0.959527
vt 0.955670 0.858783
vt 0.939022 0.860813
vt 0.939018 0.856764
vt 0.955907 0.432151
vt 0.939113 0.434150
vt 0.939105 0.430164
vt 0.563465 0.654509
vt 0.584807 0.639264
vt 0.584797 0.669755
vt 0.282782 0.604695
vt 0.304114 0.619942
vt 0.282773 0.635187
vt 0.772333 0.252316
vt 0.772323 0.233328
vt 0.800336 0.242829
vt 0.772333 0.622337
vt 0.772323 0.603349
vt 0.800336 0.612850
vt 0.888758 0.639945
vt 0.888758 0.639229
vt 0.909920 0.639562
vt 0.105806 0.938612
vt 0.106545 0.938607
vt 0.106229 0.959527
vt 0.914087 0.893671
vt 0.914082 0.892932
vt 0.935003 0.893248
vt 0.021860 0.913298
vt 0.022576 0.913298
vt 0.022243 0.934459
vt 0.110745 0.938612
vt 0.111484 0.938607
vt 0.111168 0.959527
vt 0.170037 0.913298
vt 0.170753 0.913298
vt 0.170420 0.934459
vt 0.955908 0.287255
vt 0.939113 0.289254
vt 0.939105 0.285268
vt 0.955670 0.585090
vt 0.939022 0.587121
vt 0.939018 0.583071
vt 0.359333 0.639263
vt 0.380666 0.654510
vt 0.359325 0.669755
vt 0.155192 0.689077
vt 0.176534 0.673832
vt 0.176525 0.704323
vt 0.626482 0.776027
vt 0.645470 0.776017
vt 0.635969 0.804030
vt 0.765240 0.776027
vt 0.784228 0.776017
vt 0.774727 0.804030
vt 0.481556 0.938609
vt 0.481958 0.959527
vt 0.481242 0.959527
vt 0.027157 0.913298
vt 0.027551 0.934457
vt 0.026812 0.934462
vt 0.442043 0.938609
vt 0.442444 0.959527
vt 0.441728 0.959527
vt 0.224726 0.913298
vt 0.225121 0.934456
vt 0.224382 0.934461
vt 0.888758 0.644884
vt 0.888758 0.644168
vt 0.909920 0.644501
vt 0.229287 0.938612
vt 0.230026 0.938607
vt 0.229710 0.959527
vt 0.955679 0.868825
vt 0.939020 0.866839
vt 0.955662 0.864840
vt 0.955906 0.490524
vt 0.939109 0.488505
vt 0.955909 0.486474
vt 0.563470 0.673831
vt 0.584802 0.689077
vt 0.563461 0.704323
vt 0.384846 0.654509
vt 0.406187 0.639264
vt 0.406178 0.669755
vt 0.557103 0.776027
vt 0.576091 0.776017
vt 0.566590 0.804030
vt 0.140830 0.776027
vt 0.159818 0.776017
vt 0.150317 0.804030
vt 0.914087 0.898610
vt 0.914083 0.897871
vt 0.935003 0.898188
vt 0.229308 0.913298
vt 0.230024 0.913298
vt 0.229690 0.934459
vt 0.234605 0.913298
vt 0.234999 0.934457
vt 0.234260 0.934462
vt 0.234596 0.938609
vt 0.235007 0.959527
vt 0.234291 0.959527
vt 0.333010 0.938612
vt 0.333749 0.938607
vt 0.333433 0.959527
vt 0.888758 0.862210
vt 0.888758 0.861494
vt 0.909920 0.861827
vt 0.955679 0.876875
vt 0.939020 0.874888
vt 0.955662 0.872889
vt 0.955906 0.538822
vt 0.939109 0.536803
vt 0.955909 0.534773
vt 0.078646 0.604695
vt 0.099978 0.619942
vt 0.078637 0.635187
vt 0.614499 0.654509
vt 0.635841 0.639264
vt 0.635831 0.669755
vt 0.804510 0.090432
vt 0.804500 0.071444
vt 0.832513 0.080945
vt 0.772333 0.714842
vt 0.772323 0.695854
vt 0.800336 0.705355
vt 0.888758 0.709094
vt 0.888758 0.708378
vt 0.909920 0.708712
vt 0.115685 0.938612
vt 0.116424 0.938607
vt 0.116108 0.959527
vt 0.239535 0.938609
vt 0.239946 0.959527
vt 0.239230 0.959527
vt 0.888758 0.713675
vt 0.909917 0.713281
vt 0.909922 0.714020
vt 0.031738 0.913298
vt 0.032454 0.913298
vt 0.032121 0.934459
vt 0.120624 0.938612
vt 0.121363 0.938607
vt 0.121047 0.959527
vt 0.955679 0.884925
vt 0.939020 0.882938
vt 0.955662 0.880939
vt 0.955906 0.498574
vt 0.939109 0.496555
vt 0.955909 0.494524
vt 0.435880 0.654509
vt 0.457221 0.639264
vt 0.457212 0.669755
vt 0.104163 0.673831
vt 0.125495 0.689077
vt 0.104154 0.704322
vt 0.772333 0.737968
vt 0.772323 0.718981
vt 0.800336 0.728481
vt 0.533977 0.776027
vt 0.552965 0.776017
vt 0.543464 0.804030
vt 0.199673 0.913298
vt 0.200389 0.913298
vt 0.200055 0.934459
vt 0.244105 0.938612
vt 0.244844 0.938607
vt 0.244528 0.959527
vt 0.036677 0.913298
vt 0.037393 0.913298
vt 0.037060 0.934459
vt 0.125563 0.938612
vt 0.126302 0.938607
vt 0.125976 0.959527
vt 0.041597 0.938612
vt 0.042336 0.938607
vt 0.042010 0.959527
vt 0.041616 0.913298
vt 0.042332 0.913298
vt 0.041999 0.934459
vt 0.955670 0.770235
vt 0.939022 0.772266
vt 0.939018 0.768216
vt 0.955907 0.504598
vt 0.939113 0.506597
vt 0.939105 0.502611
vt 0.002095 0.604695
vt 0.023427 0.619942
vt 0.002085 0.635187
vt 0.257261 0.654509
vt 0.278602 0.639264
vt 0.278593 0.669755
vt 0.772333 0.552958
vt 0.772323 0.533970
vt 0.800336 0.543471
vt 0.580230 0.776027
vt 0.599218 0.776017
vt 0.589717 0.804030
vt 0.888758 0.723902
vt 0.888759 0.723186
vt 0.909920 0.723529
vt 0.046536 0.938612
vt 0.047275 0.938607
vt 0.046950 0.959527
vt 0.888758 0.867149
vt 0.888758 0.866433
vt 0.909920 0.866766
vt 0.382403 0.938612
vt 0.383142 0.938607
vt 0.382815 0.959527
vt 0.888758 0.649823
vt 0.888758 0.649107
vt 0.909920 0.649440
vt 0.249044 0.938612
vt 0.249783 0.938607
vt 0.249467 0.959527
vt 0.955670 0.778285
vt 0.939022 0.780316
vt 0.939018 0.776266
vt 0.955907 0.544847
vt 0.939113 0.546846
vt 0.939105 0.542860
vt 0.670218 0.067755
vt 0.564834 0.069115
vt 0.564845 0.066587
vt 0.669216 0.128475
vt 0.564771 0.129613
vt 0.564771 0.127104
vt 0.669216 0.148672
vt 0.564771 0.149830
vt 0.564771 0.147321
vt 0.670218 0.094685
vt 0.564834 0.096044
vt 0.564845 0.093516
vt 0.669209 0.136471
vt 0.564771 0.135091
vt 0.669221 0.133943
vt 0.670218 0.062294
vt 0.564840 0.061118
vt 0.670218 0.059785
vt 0.670218 0.102672
vt 0.564840 0.101512
vt 0.670218 0.100163
vt 0.669209 0.156668
vt 0.564771 0.155288
vt 0.669221 0.154140
vt 0.736776 0.835171
vt 0.758099 0.846189
vt 0.736807 0.857195
vt 0.847496 0.758098
vt 0.836645 0.736806
vt 0.858416 0.736775
vt 0.695867 0.888047
vt 0.714819 0.888046
vt 0.705348 0.908322
vt 0.586049 0.913400
vt 0.605037 0.913380
vt 0.595576 0.933432
vt 0.704377 0.694311
vt 0.704377 0.693532
vt 0.733602 0.693929
vt 0.738945 0.200425
vt 0.738944 0.199646
vt 0.768170 0.200043
vt 0.283619 0.709266
vt 0.284398 0.709266
vt 0.284001 0.738491
vt 0.704377 0.575768
vt 0.704377 0.574989
vt 0.733602 0.575386
vt 0.704377 0.610344
vt 0.704377 0.609565
vt 0.733602 0.609961
vt 0.634305 0.709266
vt 0.635084 0.709266
vt 0.634688 0.738491
vt 0.272803 0.808201
vt 0.271359 0.831080
vt 0.269895 0.808210
vt 0.804505 0.567243
vt 0.827386 0.568703
vt 0.804519 0.570177
vt 0.179360 0.835171
vt 0.200683 0.846189
vt 0.179391 0.857195
vt 0.204710 0.872112
vt 0.226003 0.861261
vt 0.226033 0.883032
vt 0.533984 0.888046
vt 0.552936 0.888046
vt 0.543464 0.908322
vt 0.678554 0.913400
vt 0.697542 0.913380
vt 0.688079 0.933433
vt 0.738945 0.086823
vt 0.738944 0.086044
vt 0.768170 0.086441
vt 0.476249 0.709266
vt 0.477027 0.709266
vt 0.476631 0.738491
vt 0.738945 0.091762
vt 0.738944 0.090983
vt 0.768170 0.091380
vt 0.708392 0.709266
vt 0.709171 0.709266
vt 0.708775 0.738491
vt 0.704377 0.699251
vt 0.704377 0.698472
vt 0.733602 0.698868
vt 0.738944 0.022613
vt 0.738944 0.021834
vt 0.768170 0.022230
vt 0.131872 0.808201
vt 0.130428 0.831080
vt 0.128965 0.808210
vt 0.804505 0.666256
vt 0.827386 0.667716
vt 0.804519 0.669189
vt 0.103348 0.835171
vt 0.124671 0.846189
vt 0.103379 0.857195
vt 0.847496 0.580738
vt 0.836645 0.559446
vt 0.858416 0.559415
vt 0.914111 0.090432
vt 0.914092 0.071445
vt 0.934145 0.080907
vt 0.557111 0.888046
vt 0.576062 0.888046
vt 0.566591 0.908321
vt 0.704377 0.704190
vt 0.704377 0.703411
vt 0.733602 0.703807
vt 0.007023 0.709266
vt 0.007802 0.709266
vt 0.007405 0.738491
vt 0.011962 0.709266
vt 0.012741 0.709266
vt 0.012345 0.738491
vt 0.704377 0.684433
vt 0.704377 0.683654
vt 0.733602 0.684050
vt 0.288558 0.709266
vt 0.289337 0.709266
vt 0.288941 0.738491
vt 0.016901 0.709266
vt 0.017680 0.709266
vt 0.017284 0.738491
vt 0.278395 0.808205
vt 0.279861 0.831075
vt 0.276949 0.831085
vt 0.804512 0.674795
vt 0.827379 0.673319
vt 0.827394 0.676256
vt 0.407409 0.846183
vt 0.428731 0.835180
vt 0.428703 0.857198
vt 0.836614 0.783421
vt 0.847531 0.762127
vt 0.858378 0.783449
vt 0.580237 0.888046
vt 0.599188 0.888046
vt 0.589717 0.908321
vt 0.914112 0.044180
vt 0.914092 0.025192
vt 0.934144 0.034653
vt 0.021841 0.709266
vt 0.022619 0.709266
vt 0.022223 0.738491
vt 0.704377 0.615283
vt 0.704377 0.614504
vt 0.733602 0.614900
vt 0.565155 0.709266
vt 0.565934 0.709266
vt 0.565538 0.738491
vt 0.293497 0.709266
vt 0.294276 0.709266
vt 0.293880 0.738491
vt 0.738945 0.057188
vt 0.738944 0.056409
vt 0.768170 0.056805
vt 0.704377 0.620222
vt 0.704377 0.619443
vt 0.733602 0.619840
vt 0.285442 0.808205
vt 0.286908 0.831074
vt 0.283996 0.831085
vt 0.804512 0.787952
vt 0.827377 0.786477
vt 0.827394 0.789414
vt 0.762128 0.846183
vt 0.783450 0.835180
vt 0.783422 0.857198
vt 0.230062 0.861230
vt 0.251355 0.872147
vt 0.230033 0.882994
vt 0.603363 0.888047
vt 0.622314 0.888046
vt 0.612843 0.908322
vt 0.516670 0.913400
vt 0.535658 0.913380
vt 0.526196 0.933432
vt 0.298436 0.709266
vt 0.299215 0.709266
vt 0.298819 0.738491
vt 0.639244 0.709266
vt 0.640023 0.709266
vt 0.639627 0.738491
vt 0.738944 0.062127
vt 0.738944 0.061348
vt 0.768170 0.061744
vt 0.738945 0.027552
vt 0.738944 0.026773
vt 0.768170 0.027170
vt 0.649122 0.709266
vt 0.649901 0.709266
vt 0.649505 0.738491
vt 0.738945 0.081884
vt 0.738944 0.081105
vt 0.768170 0.081501
vt 0.137465 0.808205
vt 0.138930 0.831075
vt 0.136019 0.831085
vt 0.804512 0.582855
vt 0.827379 0.581379
vt 0.827394 0.584316
vt 0.432731 0.835171
vt 0.454054 0.846189
vt 0.432762 0.857195
vt 0.847496 0.378042
vt 0.836645 0.356750
vt 0.858416 0.356719
vt 0.914112 0.113559
vt 0.914092 0.094571
vt 0.934144 0.104032
vt 0.811499 0.888046
vt 0.830450 0.888046
vt 0.820979 0.908322
vt 0.738945 0.067066
vt 0.738944 0.066287
vt 0.768170 0.066684
vt 0.704377 0.467103
vt 0.704377 0.466325
vt 0.733602 0.466721
vt 0.704377 0.525986
vt 0.733602 0.525603
vt 0.733602 0.526382
vt 0.738944 0.032102
vt 0.768169 0.031719
vt 0.768170 0.032498
vt 0.738945 0.195486
vt 0.738945 0.194707
vt 0.768170 0.195104
vt 0.229288 0.709266
vt 0.230067 0.709266
vt 0.229671 0.738491
vt 0.145965 0.808201
vt 0.144521 0.831080
vt 0.143058 0.808210
vt 0.804505 0.793558
vt 0.827386 0.795018
vt 0.804519 0.796491
vt 0.458068 0.835171
vt 0.479391 0.846189
vt 0.458099 0.857195
vt 0.847496 0.403379
vt 0.836645 0.382087
vt 0.858416 0.382056
vt 0.718994 0.888047
vt 0.737945 0.888046
vt 0.728474 0.908322
vt 0.914112 0.136685
vt 0.914093 0.117697
vt 0.934145 0.127159
vt 0.234617 0.709266
vt 0.234999 0.738491
vt 0.234220 0.738491
vt 0.481577 0.709266
vt 0.481960 0.738491
vt 0.481181 0.738491
vt 0.738945 0.136215
vt 0.738945 0.135437
vt 0.768170 0.135833
vt 0.704377 0.625161
vt 0.704377 0.624382
vt 0.733602 0.624779
vt 0.723210 0.709266
vt 0.723989 0.709266
vt 0.723593 0.738491
vt 0.239167 0.709266
vt 0.239945 0.709266
vt 0.239549 0.738491
vt 0.804505 0.680400
vt 0.827386 0.681860
vt 0.804519 0.683334
vt 0.174151 0.808201
vt 0.172707 0.831080
vt 0.171244 0.808210
vt 0.836598 0.074011
vt 0.847615 0.052688
vt 0.858622 0.073981
vt 0.847496 0.606076
vt 0.836645 0.584783
vt 0.858416 0.584752
vt 0.163963 0.888046
vt 0.182914 0.888046
vt 0.173444 0.908322
vt 0.239155 0.913400
vt 0.258143 0.913380
vt 0.248682 0.933432
vt 0.704377 0.630101
vt 0.704377 0.629322
vt 0.733602 0.629718
vt 0.704377 0.501679
vt 0.704377 0.500900
vt 0.733602 0.501296
vt 0.738945 0.072005
vt 0.738945 0.071226
vt 0.768170 0.071623
vt 0.704377 0.635040
vt 0.704377 0.634261
vt 0.733602 0.634657
vt 0.738945 0.076945
vt 0.738945 0.076166
vt 0.768170 0.076562
vt 0.308315 0.709266
vt 0.309094 0.709266
vt 0.308697 0.738491
vt 0.804512 0.688940
vt 0.827379 0.687464
vt 0.827394 0.690401
vt 0.038813 0.808205
vt 0.040279 0.831074
vt 0.037367 0.831085
vt 0.483420 0.846183
vt 0.504742 0.835180
vt 0.504714 0.857198
vt 0.836614 0.428702
vt 0.847531 0.407408
vt 0.858378 0.428730
vt 0.395226 0.888047
vt 0.414177 0.888046
vt 0.404707 0.908322
vt 0.914112 0.182937
vt 0.914092 0.163949
vt 0.934144 0.173411
vt 0.461431 0.709266
vt 0.462210 0.709266
vt 0.461813 0.738491
vt 0.704377 0.669615
vt 0.704377 0.668836
vt 0.733602 0.669233
vt 0.704377 0.689372
vt 0.704377 0.688593
vt 0.733602 0.688990
vt 0.728149 0.709266
vt 0.728928 0.709266
vt 0.728532 0.738491
vt 0.704377 0.462164
vt 0.704377 0.461386
vt 0.733602 0.461782
vt 0.387343 0.709266
vt 0.388122 0.709266
vt 0.387726 0.738491
vt 0.804512 0.696012
vt 0.827379 0.694536
vt 0.827394 0.697473
vt 0.236116 0.808205
vt 0.237582 0.831074
vt 0.234670 0.831085
vt 0.508757 0.846183
vt 0.530079 0.835180
vt 0.530051 0.857198
vt 0.836614 0.454039
vt 0.847531 0.432745
vt 0.858378 0.454067
vt 0.742120 0.888047
vt 0.761071 0.888046
vt 0.751601 0.908322
vt 0.914112 0.159811
vt 0.914092 0.140823
vt 0.934144 0.150285
vt 0.466370 0.709266
vt 0.467149 0.709266
vt 0.466753 0.738491
vt 0.704377 0.674554
vt 0.704377 0.673776
vt 0.733602 0.674172
vt 0.155200 0.709266
vt 0.155979 0.709266
vt 0.155582 0.738491
vt 0.738945 0.106580
vt 0.738944 0.105801
vt 0.768170 0.106197
vt 0.244495 0.709266
vt 0.244878 0.738491
vt 0.244099 0.738491
vt 0.160528 0.709266
vt 0.160911 0.738491
vt 0.160132 0.738491
vt 0.804512 0.703085
vt 0.827379 0.701609
vt 0.827394 0.704546
vt 0.229070 0.808205
vt 0.230535 0.831075
vt 0.227623 0.831085
vt 0.534079 0.835171
vt 0.555403 0.846189
vt 0.534110 0.857195
vt 0.847496 0.631413
vt 0.836645 0.610120
vt 0.858416 0.610090
vt 0.187090 0.888046
vt 0.206041 0.888046
vt 0.196570 0.908321
vt 0.262281 0.913400
vt 0.281269 0.913381
vt 0.271808 0.933433
vt 0.313254 0.709266
vt 0.314033 0.709266
vt 0.313637 0.738491
vt 0.046537 0.709266
vt 0.047316 0.709266
vt 0.046919 0.738491
vt 0.165078 0.709266
vt 0.165857 0.709266
vt 0.165461 0.738491
vt 0.431796 0.709266
vt 0.432575 0.709266
vt 0.432178 0.738491
vt 0.362647 0.709266
vt 0.363426 0.709266
vt 0.363029 0.738491
vt 0.263862 0.709266
vt 0.264641 0.709266
vt 0.264245 0.738491
vt 0.181198 0.808201
vt 0.179754 0.831080
vt 0.178290 0.808210
vt 0.804505 0.800630
vt 0.827386 0.802090
vt 0.804519 0.803563
vt 0.787450 0.835171
vt 0.808773 0.846189
vt 0.787481 0.857195
vt 0.847496 0.479390
vt 0.836645 0.458098
vt 0.858416 0.458067
vt 0.424165 0.913400
vt 0.443153 0.913380
vt 0.433692 0.933432
vt 0.210216 0.888046
vt 0.229168 0.888046
vt 0.219696 0.908321
vt 0.704377 0.580708
vt 0.704377 0.579929
vt 0.733602 0.580325
vt 0.436735 0.709266
vt 0.437514 0.709266
vt 0.437118 0.738491
vt 0.170017 0.709266
vt 0.170796 0.709266
vt 0.170400 0.738491
vt 0.441674 0.709266
vt 0.442453 0.709266
vt 0.442057 0.738491
vt 0.733089 0.709266
vt 0.733867 0.709266
vt 0.733471 0.738491
vt 0.036658 0.709266
vt 0.037437 0.709266
vt 0.037041 0.738491
vt 0.804505 0.708690
vt 0.827386 0.710150
vt 0.804519 0.711623
vt 0.153012 0.808201
vt 0.151567 0.831080
vt 0.150104 0.808210
vt 0.204697 0.835171
vt 0.226020 0.846189
vt 0.204727 0.857195
vt 0.154036 0.872112
vt 0.175328 0.861261
vt 0.175359 0.883032
vt 0.233342 0.888047
vt 0.252293 0.888046
vt 0.242823 0.908322
vt 0.914112 0.229190
vt 0.914093 0.210202
vt 0.934145 0.219664
vt 0.738945 0.002856
vt 0.738944 0.002077
vt 0.768170 0.002473
vt 0.704377 0.472043
vt 0.704377 0.471264
vt 0.733602 0.471660
vt 0.704377 0.516497
vt 0.704377 0.515718
vt 0.733602 0.516114
vt 0.051476 0.709266
vt 0.052255 0.709266
vt 0.051859 0.738491
vt 0.704377 0.679494
vt 0.704377 0.678715
vt 0.733602 0.679111
vt 0.704377 0.476982
vt 0.704377 0.476203
vt 0.733602 0.476600
vt 0.804512 0.717229
vt 0.827379 0.715753
vt 0.827394 0.718690
vt 0.045859 0.808205
vt 0.047325 0.831074
vt 0.044413 0.831085
vt 0.230049 0.846183
vt 0.251371 0.835180
vt 0.251343 0.857198
vt 0.255399 0.861230
vt 0.276692 0.872147
vt 0.255370 0.882994
vt 0.285408 0.913400
vt 0.304396 0.913380
vt 0.294933 0.933432
vt 0.256469 0.888047
vt 0.275420 0.888046
vt 0.265949 0.908322
vt 0.268801 0.709266
vt 0.269580 0.709266
vt 0.269184 0.738491
vt 0.367586 0.709266
vt 0.368365 0.709266
vt 0.367969 0.738491
vt 0.333011 0.709266
vt 0.333790 0.709266
vt 0.333394 0.738491
vt 0.224349 0.709266
vt 0.225128 0.709266
vt 0.224732 0.738491
vt 0.738945 0.042370
vt 0.738944 0.041591
vt 0.768170 0.041987
vt 0.446613 0.709266
vt 0.447392 0.709266
vt 0.446996 0.738491
vt 0.804512 0.724301
vt 0.827379 0.722825
vt 0.827394 0.725763
vt 0.158604 0.808205
vt 0.160070 0.831075
vt 0.157158 0.831085
vt 0.836614 0.504713
vt 0.847531 0.483419
vt 0.858378 0.504741
vt 0.559432 0.846183
vt 0.580754 0.835180
vt 0.580725 0.857198
vt 0.862641 0.844881
vt 0.862641 0.825930
vt 0.882917 0.835401
vt 0.914112 0.252316
vt 0.914092 0.233328
vt 0.934144 0.242790
vt 0.738945 0.141155
vt 0.738944 0.140376
vt 0.768170 0.140772
vt 0.372526 0.709266
vt 0.373305 0.709266
vt 0.372908 0.738491
vt 0.486127 0.709266
vt 0.486906 0.709266
vt 0.486510 0.738491
vt 0.041598 0.709266
vt 0.042376 0.709266
vt 0.041980 0.738491
vt 0.377465 0.709266
vt 0.378244 0.709266
vt 0.377847 0.738491
vt 0.738945 0.007795
vt 0.738945 0.007016
vt 0.768170 0.007412
vt 0.243163 0.808205
vt 0.244628 0.831075
vt 0.241717 0.831085
vt 0.804512 0.752591
vt 0.827379 0.751115
vt 0.827394 0.754052
vt 0.002000 0.835171
vt 0.023323 0.846189
vt 0.002031 0.857195
vt 0.847496 0.530064
vt 0.836645 0.508772
vt 0.858416 0.508741
vt 0.377913 0.913400
vt 0.396901 0.913381
vt 0.387439 0.933433
vt 0.279595 0.888047
vt 0.298546 0.888046
vt 0.289075 0.908322
vt 0.471309 0.709266
vt 0.472088 0.709266
vt 0.471692 0.738491
vt 0.382404 0.709266
vt 0.383183 0.709266
vt 0.382787 0.738491
vt 0.451553 0.709266
vt 0.452331 0.709266
vt 0.451935 0.738491
vt 0.496005 0.709266
vt 0.496784 0.709266
vt 0.496388 0.738491
vt 0.654062 0.709266
vt 0.654840 0.709266
vt 0.654444 0.738491
vt 0.456492 0.709266
vt 0.457271 0.709266
vt 0.456874 0.738491
vt 0.005034 0.808199
vt 0.003574 0.831079
vt 0.002101 0.808213
vt 0.068453 0.808201
vt 0.067009 0.831080
vt 0.065546 0.808210
vt 0.584754 0.835171
vt 0.606077 0.846189
vt 0.584784 0.857195
vt 0.847496 0.656750
vt 0.836645 0.635458
vt 0.858416 0.635427
vt 0.302722 0.888046
vt 0.321673 0.888046
vt 0.312202 0.908321
vt 0.308534 0.913400
vt 0.327522 0.913380
vt 0.318060 0.933432
vt 0.501334 0.709266
vt 0.501716 0.738491
vt 0.500937 0.738491
vt 0.693964 0.709266
vt 0.694347 0.738491
vt 0.693568 0.738491
vt 0.644573 0.709266
vt 0.644955 0.738491
vt 0.644176 0.738491
vt 0.343279 0.709266
vt 0.343662 0.738491
vt 0.342883 0.738491
vt 0.698514 0.709266
vt 0.699293 0.709266
vt 0.698896 0.738491
vt 0.704377 0.491800
vt 0.704377 0.491021
vt 0.733602 0.491418
vt 0.082546 0.808201
vt 0.081102 0.831080
vt 0.079639 0.808210
vt 0.804505 0.729907
vt 0.827386 0.731367
vt 0.804519 0.732840
vt 0.610091 0.835171
vt 0.631414 0.846189
vt 0.610122 0.857195
vt 0.002014 0.872112
vt 0.023306 0.861261
vt 0.023337 0.883032
vt 0.765246 0.888047
vt 0.784197 0.888046
vt 0.774727 0.908322
vt 0.914111 0.206063
vt 0.914092 0.187076
vt 0.934145 0.196537
vt 0.303765 0.709266
vt 0.304148 0.738491
vt 0.303369 0.738491
vt 0.506273 0.709266
vt 0.506656 0.738491
vt 0.505877 0.738491
vt 0.353158 0.709266
vt 0.353540 0.738491
vt 0.352761 0.738491
vt 0.703842 0.709266
vt 0.704225 0.738491
vt 0.703446 0.738491
vt 0.704377 0.639590
vt 0.733602 0.639207
vt 0.733602 0.639986
vt 0.427246 0.709266
vt 0.427629 0.738491
vt 0.426850 0.738491
vt 0.804512 0.589927
vt 0.827379 0.588451
vt 0.827394 0.591388
vt 0.165651 0.808205
vt 0.167116 0.831074
vt 0.164205 0.831085
vt 0.847610 0.023322
vt 0.836607 0.002000
vt 0.858625 0.002028
vt 0.836614 0.200668
vt 0.847531 0.179375
vt 0.858378 0.200697
vt 0.325847 0.888047
vt 0.344799 0.888046
vt 0.335328 0.908322
vt 0.447291 0.913400
vt 0.466279 0.913380
vt 0.456818 0.933432
vt 0.392672 0.709266
vt 0.393054 0.738491
vt 0.392276 0.738491
vt 0.358097 0.709266
vt 0.358479 0.738491
vt 0.357701 0.738491
vt 0.535909 0.709266
vt 0.536291 0.738491
vt 0.535512 0.738491
vt 0.609998 0.709266
vt 0.610381 0.738491
vt 0.609602 0.738491
vt 0.575423 0.709266
vt 0.575805 0.738491
vt 0.575027 0.738491
vt 0.704377 0.644529
vt 0.733602 0.644147
vt 0.733602 0.644926
vt 0.200883 0.808205
vt 0.202349 0.831074
vt 0.199437 0.831085
vt 0.804512 0.738446
vt 0.827379 0.736970
vt 0.827394 0.739908
vt 0.836614 0.555387
vt 0.847531 0.534093
vt 0.858378 0.555415
vt 0.635443 0.846183
vt 0.656765 0.835180
vt 0.656737 0.857198
vt 0.649615 0.888047
vt 0.668566 0.888046
vt 0.659096 0.908322
vt 0.470418 0.913400
vt 0.489406 0.913380
vt 0.479944 0.933432
vt 0.579973 0.709266
vt 0.580752 0.709266
vt 0.580356 0.738491
vt 0.614548 0.709266
vt 0.615327 0.709266
vt 0.614931 0.738491
vt 0.704377 0.649858
vt 0.704377 0.649079
vt 0.733602 0.649476
vt 0.704377 0.496739
vt 0.704377 0.495960
vt 0.733602 0.496357
vt 0.585302 0.709266
vt 0.585684 0.738491
vt 0.584906 0.738491
vt 0.704377 0.481532
vt 0.733602 0.481149
vt 0.733602 0.481928
vt 0.222023 0.808205
vt 0.223489 0.831074
vt 0.220577 0.831085
vt 0.804512 0.561638
vt 0.827379 0.560162
vt 0.827394 0.563099
vt 0.498583 0.164473
vt 0.497628 0.307697
vt 0.496660 0.164435
vt 0.517600 0.002113
vt 0.516653 0.145336
vt 0.515693 0.002072
vt 0.506473 0.316192
vt 0.505526 0.459415
vt 0.504566 0.316151
vt 0.499641 0.002110
vt 0.498686 0.145335
vt 0.497718 0.002072
vt 0.500487 0.316189
vt 0.499532 0.459413
vt 0.498564 0.316151
vt 0.511614 0.002113
vt 0.510666 0.145336
vt 0.509706 0.002072
vt 0.512459 0.316192
vt 0.511512 0.459415
vt 0.510552 0.316151
vt 0.492581 0.164473
vt 0.491625 0.307697
vt 0.490657 0.164435
vt 0.564815 0.446391
vt 0.564849 0.415826
vt 0.603097 0.431113
vt 0.564815 0.411653
vt 0.564849 0.381087
vt 0.603097 0.396375
vt 0.564868 0.496779
vt 0.600517 0.482710
vt 0.600554 0.510786
vt 0.564832 0.464567
vt 0.600517 0.450533
vt 0.600554 0.478609
vt 0.804421 0.513548
vt 0.830275 0.513192
vt 0.830280 0.513850
vt 0.804499 0.522921
vt 0.830058 0.522544
vt 0.830058 0.523175
vt 0.555130 0.963528
vt 0.555669 0.968329
vt 0.554581 0.968316
vt 0.565432 0.963626
vt 0.566009 0.968369
vt 0.564862 0.968369
vt 0.560278 0.963527
vt 0.560817 0.968329
vt 0.559728 0.968316
vt 0.570605 0.963626
vt 0.571182 0.968369
vt 0.570035 0.968369
vt 0.564771 0.313157
vt 0.607005 0.310593
vt 0.607003 0.315803
vt 0.564808 0.303734
vt 0.607418 0.301074
vt 0.607418 0.306315
vt 0.564862 0.293180
vt 0.607377 0.289401
vt 0.607368 0.296974
vt 0.564866 0.277757
vt 0.607373 0.281552
vt 0.564857 0.285331
vt 0.263568 0.393946
vt 0.261556 0.536198
vt 0.261668 0.393946
vt 0.263639 0.535972
vt 0.700193 0.032679
vt 0.426547 0.600648
vt 0.323000 0.465270
vt 0.426547 0.465445
vt 0.257407 0.393946
vt 0.255395 0.536198
vt 0.255507 0.393946
vt 0.257478 0.535972
vt 0.564770 0.036679
vt 0.699968 0.036679
vt 0.700080 0.038081
vt 0.322973 0.600547
vt 0.564884 0.032679
vt 0.564771 0.038081
vt 0.249304 0.394058
vt 0.251215 0.529254
vt 0.249288 0.529367
vt 0.249281 0.529367
vt 0.249347 0.529350
vt 0.325320 0.963528
vt 0.327829 0.963639
vt 0.328052 0.969787
vt 0.144658 0.394046
vt 0.144701 0.529338
vt 0.325209 0.963639
vt 0.318476 0.963528
vt 0.320985 0.963639
vt 0.321209 0.969787
vt 0.144717 0.394029
vt 0.318365 0.963639
vt 0.700131 0.026904
vt 0.138543 0.536339
vt 0.134239 0.536360
vt 0.134142 0.533688
vt 0.564875 0.012540
vt 0.700073 0.012386
vt 0.700191 0.016756
vt 0.564959 0.042081
vt 0.673392 0.044732
vt 0.564771 0.044813
vt 0.446086 0.312079
vt 0.452233 0.312101
vt 0.452122 0.312213
vt 0.138445 0.398371
vt 0.134222 0.398267
vt 0.251395 0.393833
vt 0.338885 0.963648
vt 0.341594 0.969563
vt 0.338924 0.969563
vt 0.130048 0.395586
vt 0.130049 0.398259
vt 0.125779 0.398260
vt 0.125775 0.398148
vt 0.125625 0.398065
vt 0.430531 0.461237
vt 0.323049 0.458696
vt 0.324881 0.458391
vt 0.130049 0.533679
vt 0.130048 0.536350
vt 0.324896 0.323194
vt 0.700195 0.008334
vt 0.251395 0.529254
vt 0.251214 0.531986
vt 0.441142 0.149850
vt 0.441142 0.002245
vt 0.441141 0.002245
vt 0.457376 0.002070
vt 0.457354 0.149660
vt 0.451379 0.149667
vt 0.451318 0.002112
vt 0.456323 0.312029
vt 0.462352 0.311967
vt 0.134222 0.395597
vt 0.564863 0.187944
vt 0.609084 0.173554
vt 0.609127 0.202314
vt 0.609110 0.206400
vt 0.609100 0.234906
vt 0.564864 0.220665
vt 0.976568 0.485467
vt 0.962232 0.479985
vt 0.976576 0.474503
vt 0.183346 0.969773
vt 0.184208 0.964601
vt 0.188788 0.968208
vt 0.160024 0.968217
vt 0.164602 0.964579
vt 0.165460 0.969784
vt 0.523888 0.963527
vt 0.523768 0.968674
vt 0.523685 0.963527
vt 0.453082 0.963603
vt 0.452956 0.968794
vt 0.452849 0.963602
vt 0.528315 0.963527
vt 0.528195 0.968674
vt 0.528112 0.963527
vt 0.492924 0.963602
vt 0.492799 0.968794
vt 0.492692 0.963602
vt 0.457509 0.963603
vt 0.457383 0.968794
vt 0.457276 0.963602
vt 0.501754 0.963528
vt 0.501633 0.968674
vt 0.501550 0.963528
vt 0.506181 0.963528
vt 0.506060 0.968674
vt 0.505977 0.963528
vt 0.461936 0.963603
vt 0.461810 0.968794
vt 0.461703 0.963602
vt 0.532742 0.963527
vt 0.532621 0.968674
vt 0.532539 0.963527
vt 0.497351 0.963602
vt 0.497225 0.968794
vt 0.497119 0.963602
vt 0.466363 0.963603
vt 0.466237 0.968794
vt 0.466130 0.963602
vt 0.510608 0.963527
vt 0.510487 0.968674
vt 0.510404 0.963527
vt 0.376272 0.963619
vt 0.376982 0.969581
vt 0.375574 0.969589
vt 0.365335 0.963619
vt 0.366045 0.969581
vt 0.364637 0.969588
vt 0.023013 0.973185
vt 0.022030 0.973186
vt 0.022523 0.963529
vt 0.017523 0.963528
vt 0.018018 0.973183
vt 0.017025 0.973186
vt 0.012516 0.963528
vt 0.013013 0.973183
vt 0.012021 0.973186
vt 0.028009 0.973185
vt 0.027025 0.973186
vt 0.027518 0.963529
vt 0.976572 0.525285
vt 0.962228 0.530767
vt 0.962237 0.519803
vt 0.976567 0.515667
vt 0.962232 0.510185
vt 0.976576 0.504703
vt 0.171814 0.969773
vt 0.172677 0.964601
vt 0.177257 0.968208
vt 0.148492 0.968217
vt 0.153071 0.964579
vt 0.153928 0.969784
vt 0.470673 0.963602
vt 0.470766 0.968794
vt 0.470562 0.968794
vt 0.537068 0.963527
vt 0.537164 0.968674
vt 0.536932 0.968674
vt 0.514933 0.963528
vt 0.515030 0.968675
vt 0.514797 0.968674
vt 0.475100 0.963603
vt 0.475192 0.968794
vt 0.474989 0.968794
vt 0.479527 0.963603
vt 0.479619 0.968794
vt 0.479416 0.968794
vt 0.541494 0.963527
vt 0.541591 0.968674
vt 0.541359 0.968674
vt 0.545922 0.963527
vt 0.546018 0.968674
vt 0.545786 0.968674
vt 0.448538 0.963602
vt 0.448631 0.968794
vt 0.448427 0.968794
vt 0.519360 0.963527
vt 0.519457 0.968674
vt 0.519224 0.968674
vt 0.483954 0.963603
vt 0.484046 0.968794
vt 0.483843 0.968794
vt 0.488381 0.963602
vt 0.488473 0.968794
vt 0.488269 0.968794
vt 0.550348 0.963527
vt 0.550445 0.968674
vt 0.550212 0.968674
vt 0.359867 0.963619
vt 0.360577 0.969581
vt 0.359169 0.969589
vt 0.370804 0.963619
vt 0.371513 0.969581
vt 0.370105 0.969589
vt 0.002507 0.963527
vt 0.003004 0.973183
vt 0.002012 0.973186
vt 0.033005 0.973185
vt 0.032021 0.973186
vt 0.032514 0.963529
vt 0.007511 0.963528
vt 0.008009 0.973183
vt 0.007016 0.973186
vt 0.038001 0.973185
vt 0.037017 0.973186
vt 0.037505 0.963528
vt 0.297866 0.220142
vt 0.296956 0.220133
vt 0.297345 0.002063
vt 0.318647 0.322291
vt 0.317919 0.322212
vt 0.318552 0.164446
vt 0.318254 0.159886
vt 0.318150 0.002067
vt 0.318894 0.002098
vt 0.307876 0.380371
vt 0.307326 0.224357
vt 0.308100 0.224416
vt 0.619759 0.673826
vt 0.626489 0.704489
vt 0.613047 0.704511
vt 0.602219 0.673826
vt 0.608949 0.704489
vt 0.595507 0.704511
vt 0.090949 0.963619
vt 0.096798 0.963607
vt 0.093875 0.971981
vt 0.080972 0.963618
vt 0.086821 0.963607
vt 0.083898 0.971981
vt 0.986889 0.165746
vt 0.987112 0.169938
vt 0.987083 0.178162
vt 0.986889 0.182278
vt 0.986889 0.161553
vt 0.564771 0.026979
vt 0.273769 0.536166
vt 0.564771 0.003834
vt 0.564771 0.020910
vt 0.977245 0.972496
vt 0.673392 0.048813
vt 0.125774 0.533569
vt 0.661086 0.979245
vt 0.381199 0.969678
vt 0.451424 0.002000
vt 0.468224 0.977187
vt 0.656968 0.979245
vt 0.255395 0.393835
vt 0.322894 0.465348
vt 0.385390 0.969678
vt 0.462246 0.312079
vt 0.318782 0.326725
vt 0.464117 0.977187
vt 0.430546 0.323195
vt 0.261556 0.393835
vt 0.338862 0.969680
vt 0.977305 0.963528
vt 0.249462 0.393946
vt 0.564775 0.008386
vt 0.700084 0.008330
vt 0.144875 0.394029
vt 0.144695 0.529450
vt 0.325209 0.969675
vt 0.318365 0.969675
vt 0.564771 0.016910
vt 0.700080 0.016752
vt 0.446086 0.164608
vt 0.446197 0.164496
vt 0.452233 0.164496
vt 0.348215 0.969664
vt 0.345630 0.964628
vt 0.348327 0.969552
vt 0.348327 0.963527
vt 0.446219 0.312213
vt 0.341594 0.963661
vt 0.341460 0.963527
vt 0.447289 0.002134
vt 0.447289 0.149738
vt 0.447178 0.149850
vt 0.447278 0.002134
vt 0.441253 0.002134
s 1
usemtl office_003_baked.001
f 1524/1/1 1526/2/1 1523/3/1
f 1527/4/2 1529/5/2 1530/6/2
f 1531/7/3 1533/8/3 1534/9/3
f 1538/10/4 1540/11/4 1537/12/4
f 1544/13/5 1546/14/5 1547/15/5
f 1548/16/6 1550/17/6 1551/18/6
f 1555/19/7 1557/20/7 1554/21/7
f 1562/22/8 1564/23/8 1565/24/8
f 1568/25/9 1570/26/10 1537/27/11
f 1573/28/12 1575/29/12 1576/30/12
f 1536/31/13 1531/32/13 1534/33/13
f 1557/34/14 1558/35/15 1554/36/16
f 1530/37/17 1565/38/17 1527/39/17
f 1576/30/18 1537/40/18 1573/28/18
f 1552/41/19 1548/42/19 1551/43/19
f 1544/44/20 1560/45/21 1561/46/21
f 1563/47/22 1546/48/22 1564/49/22
f 1542/50/23 1544/51/21 1541/52/24
f 1560/53/25 1577/54/25 1578/55/25
f 1573/28/26 1560/56/26 1574/57/26
f 1520/58/27 1538/59/27 1519/60/27
f 1534/9/28 1568/61/29 1537/62/30
f 1552/63/31 1526/64/31 1553/65/31
f 1572/66/32 1574/67/33 1571/68/34
f 1543/69/35 1529/70/35 1528/71/35
f 1568/72/36 1548/16/36 1569/73/36
f 1522/74/37 1564/75/37 1521/76/37
f 1536/77/38 1527/78/38 1535/79/38
f 1550/17/39 1554/21/39 1551/18/39
f 1648/80/40 1647/81/40 1649/82/40
f 1648/83/40 1649/84/40 1647/85/40
f 1539/86/41 1525/87/41 1540/88/41
f 1561/89/42 1524/90/42 1523/91/42
f 1532/92/43 1557/20/44 1556/93/45
f 1517/94/46 1520/95/47 1519/96/48
f 1570/97/49 1572/98/49 1571/99/49
f 1576/30/21 1542/100/21 1543/101/21
f 1542/102/50 1567/103/50 1566/104/50
f 6/105/51 3/106/51 4/107/51
f 5/108/40 7/109/40 6/110/40
f 5/111/40 6/112/40 7/113/40
f 8/114/52 10/115/53 9/116/54
f 10/117/53 8/118/52 9/119/54
f 11/120/40 13/121/40 12/122/40
f 13/123/40 11/124/40 12/125/40
f 16/126/40 14/127/40 15/128/40
f 14/129/40 16/130/40 15/131/40
f 19/132/55 17/133/55 18/134/56
f 17/135/55 19/136/55 18/137/56
f 22/138/55 21/139/55 20/140/55
f 21/141/55 22/142/55 20/143/55
f 25/144/55 23/145/55 24/146/55
f 24/147/55 23/148/55 25/149/55
f 27/150/57 26/151/57 28/152/57
f 26/153/57 27/154/57 28/155/57
f 30/156/40 31/157/40 29/158/40
f 31/159/40 30/160/40 29/161/40
f 34/162/58 32/163/58 33/164/56
f 32/165/58 34/166/58 33/167/56
f 37/168/58 35/169/58 36/170/56
f 35/171/58 37/172/58 36/173/56
f 40/174/59 38/175/60 39/176/60
f 38/177/60 40/178/59 39/179/60
f 42/180/55 41/181/55 43/182/55
f 43/183/55 41/184/55 42/185/55
f 44/186/36 45/187/36 46/188/40
f 45/189/36 44/190/36 46/191/40
f 47/192/40 49/193/40 48/194/40
f 49/195/40 47/196/40 48/197/40
f 51/198/57 50/199/57 52/200/57
f 50/201/57 51/202/57 52/203/57
f 53/204/57 55/205/57 54/206/57
f 55/207/57 53/208/57 54/209/57
f 58/210/55 56/211/55 57/212/55
f 56/213/55 58/214/55 57/215/55
f 61/216/61 60/217/61 59/218/61
f 59/219/61 60/220/61 61/221/61
f 62/222/40 63/223/40 64/224/40
f 63/225/40 62/226/40 64/227/40
f 65/228/40 66/229/40 67/230/40
f 66/231/40 65/232/40 67/233/40
f 70/234/62 68/235/55 69/236/55
f 68/237/55 70/238/62 69/239/55
f 73/240/58 71/241/58 72/242/56
f 71/243/58 73/244/58 72/245/56
f 74/246/60 76/247/59 75/248/60
f 76/249/59 74/250/60 75/251/60
f 78/252/40 77/253/40 79/254/40
f 78/255/40 79/256/40 77/257/40
f 80/258/40 81/259/63 82/260/40
f 81/261/63 80/262/40 82/263/40
f 83/264/40 84/265/40 85/266/40
f 84/267/40 83/268/40 85/269/40
f 87/270/62 86/271/55 88/272/55
f 86/273/55 87/274/62 88/275/55
f 90/276/62 91/277/55 89/278/55
f 91/279/55 90/280/62 89/281/55
f 94/282/40 92/283/40 93/284/40
f 92/285/40 94/286/40 93/287/40
f 95/288/40 96/289/40 97/290/40
f 95/291/40 97/292/40 96/293/40
f 100/294/64 98/295/54 99/296/64
f 98/297/54 100/298/64 99/299/64
f 101/300/40 102/301/40 103/302/40
f 102/303/40 101/304/40 103/305/40
f 104/306/40 106/307/40 105/308/40
f 104/309/40 105/310/40 106/311/40
f 107/312/40 108/313/40 109/314/40
f 107/315/40 109/316/40 108/317/40
f 110/318/40 111/319/40 112/320/40
f 110/321/40 112/322/40 111/323/40
f 114/324/40 115/325/40 113/326/40
f 113/327/40 115/328/40 114/329/40
f 117/330/65 116/331/66 118/332/67
f 116/333/66 117/334/65 118/335/67
f 119/336/40 120/337/40 121/338/40
f 120/339/40 119/340/40 121/341/40
f 124/342/40 122/343/40 123/344/40
f 124/345/40 123/346/40 122/347/40
f 127/348/40 126/349/40 125/350/40
f 127/351/40 125/352/40 126/353/40
f 128/354/40 130/355/40 129/356/40
f 128/357/40 129/358/40 130/359/40
f 131/360/61 132/361/61 133/362/61
f 133/363/61 132/364/61 131/365/61
f 135/366/40 134/367/40 136/368/40
f 134/369/40 135/370/40 136/371/40
f 138/372/40 137/373/40 139/374/40
f 137/375/40 138/376/40 139/377/40
f 140/378/40 142/379/40 141/380/40
f 140/381/40 141/382/40 142/383/40
f 143/384/40 144/385/40 145/386/40
f 143/387/40 145/388/40 144/389/40
f 147/390/40 146/391/40 148/392/40
f 146/393/40 147/394/40 148/395/40
f 150/396/40 149/397/40 151/398/40
f 151/399/40 149/400/40 150/401/40
f 153/402/63 152/403/63 154/404/63
f 152/405/63 153/406/63 154/407/63
f 155/408/40 157/409/40 156/410/40
f 157/411/40 155/412/40 156/413/40
f 159/414/40 160/415/40 158/416/40
f 159/417/40 158/418/40 160/419/40
f 161/420/40 163/421/40 162/422/40
f 161/423/40 162/424/40 163/425/40
f 164/426/40 165/427/40 166/428/40
f 164/429/40 166/430/40 165/431/40
f 167/432/40 168/433/40 169/434/40
f 167/435/40 169/436/40 168/437/40
f 170/438/40 172/439/40 171/440/40
f 172/441/40 170/442/40 171/443/40
f 173/444/40 174/445/40 175/446/40
f 174/447/40 173/448/40 175/449/40
f 178/450/40 177/451/40 176/452/40
f 177/453/40 178/454/40 176/455/40
f 179/456/40 181/457/40 180/458/40
f 181/459/40 179/460/40 180/461/40
f 182/462/40 183/463/40 184/464/40
f 182/465/40 184/466/40 183/467/40
f 185/468/40 187/469/40 186/470/40
f 185/471/40 186/472/40 187/473/40
f 190/474/68 189/475/69 188/476/70
f 189/477/69 190/478/68 188/479/70
f 193/480/40 191/481/40 192/482/40
f 191/483/40 193/484/40 192/485/40
f 196/486/55 195/487/55 194/488/55
f 195/489/55 196/490/55 194/491/55
f 199/492/56 197/493/58 198/494/56
f 197/495/58 199/496/56 198/497/56
f 202/498/58 200/499/56 201/500/56
f 200/501/56 202/502/58 201/503/56
f 205/504/40 203/505/40 204/506/40
f 204/507/40 203/508/40 205/509/40
f 206/510/71 207/511/72 208/512/71
f 207/513/72 206/514/71 208/515/71
f 210/516/40 211/517/40 209/518/40
f 211/519/40 210/520/40 209/521/40
f 214/522/73 212/523/73 213/524/58
f 212/525/73 214/526/73 213/527/58
f 216/528/73 217/529/73 215/530/58
f 217/531/73 216/532/73 215/533/58
f 220/534/73 219/535/73 218/536/58
f 219/537/73 220/538/73 218/539/58
f 222/540/40 223/541/40 221/542/40
f 221/543/40 223/544/40 222/545/40
f 226/546/74 224/547/75 225/548/76
f 224/549/75 226/550/74 225/551/76
f 229/552/40 228/553/40 227/554/40
f 228/555/40 229/556/40 227/557/40
f 231/558/73 230/559/73 232/560/58
f 230/561/73 231/562/73 232/563/58
f 235/564/77 233/565/78 234/566/60
f 233/567/78 235/568/77 234/569/60
f 237/570/73 236/571/73 238/572/58
f 236/573/73 237/574/73 238/575/58
f 239/576/40 240/577/40 241/578/40
f 241/579/40 240/580/40 239/581/40
f 242/582/79 244/583/80 243/584/81
f 244/585/80 242/586/79 243/587/81
f 245/588/40 247/589/40 246/590/40
f 247/591/40 245/592/40 246/593/40
f 248/594/40 250/595/40 249/596/40
f 250/597/40 248/598/40 249/599/40
f 253/600/73 251/601/73 252/602/58
f 251/603/73 253/604/73 252/605/58
f 256/606/73 255/607/73 254/608/58
f 255/609/73 256/610/73 254/611/58
f 259/612/40 258/613/40 257/614/40
f 259/615/40 257/616/40 258/617/40
f 262/618/82 260/619/83 261/620/84
f 260/621/83 262/622/82 261/623/84
f 265/624/40 264/625/40 263/626/40
f 264/627/40 265/628/40 263/629/40
f 268/630/58 267/631/56 266/632/56
f 267/633/56 268/634/58 266/635/56
f 270/636/58 269/637/56 271/638/56
f 269/639/56 270/640/58 271/641/56
f 274/642/40 272/643/40 273/644/40
f 272/645/40 274/646/40 273/647/40
f 275/648/40 276/649/40 277/650/40
f 275/651/40 277/652/40 276/653/40
f 280/654/85 278/655/86 279/656/87
f 278/657/86 280/658/85 279/659/87
f 281/660/40 283/661/40 282/662/40
f 283/663/40 281/664/40 282/665/40
f 284/666/40 285/667/40 286/668/40
f 285/669/40 284/670/40 286/671/40
f 287/672/40 288/673/40 289/674/40
f 287/675/40 289/676/40 288/677/40
f 292/678/40 290/679/40 291/680/40
f 290/681/40 292/682/40 291/683/40
f 294/684/40 293/685/40 295/686/40
f 295/687/40 293/688/40 294/689/40
f 296/690/85 297/691/64 298/692/87
f 297/693/64 296/694/85 298/695/87
f 299/696/40 301/697/40 300/698/40
f 301/699/40 299/700/40 300/701/40
f 302/702/40 303/703/40 304/704/40
f 303/705/40 302/706/40 304/707/40
f 305/708/40 307/709/40 306/710/40
f 305/711/40 306/712/40 307/713/40
f 308/714/40 309/715/40 310/716/40
f 308/717/40 310/718/40 309/719/40
f 312/720/55 311/721/55 313/722/55
f 313/723/55 311/724/55 312/725/55
f 316/726/88 315/727/89 314/728/90
f 315/729/89 316/730/88 314/731/90
f 319/732/40 317/733/40 318/734/40
f 317/735/40 319/736/40 318/737/40
f 321/738/40 320/739/40 322/740/40
f 320/741/40 321/742/40 322/743/40
f 323/744/40 324/745/40 325/746/40
f 323/747/40 325/748/40 324/749/40
f 327/750/40 326/751/40 328/752/40
f 326/753/40 327/754/40 328/755/40
f 330/756/40 329/757/40 331/758/40
f 330/759/40 331/760/40 329/761/40
f 332/762/71 334/763/71 333/764/71
f 334/765/71 332/766/71 333/767/71
f 337/768/40 336/769/40 335/770/40
f 336/771/40 337/772/40 335/773/40
f 339/774/40 338/775/40 340/776/40
f 338/777/40 339/778/40 340/779/40
f 343/780/40 342/781/40 341/782/40
f 342/783/40 343/784/40 341/785/40
f 346/786/40 344/787/40 345/788/40
f 344/789/40 346/790/40 345/791/40
f 347/792/40 348/793/40 349/794/40
f 347/795/40 349/796/40 348/797/40
f 350/798/91 351/799/91 352/800/57
f 351/801/91 350/802/91 352/803/57
f 353/804/40 355/805/40 354/806/40
f 355/807/40 353/808/40 354/809/40
f 356/810/40 358/811/40 357/812/40
f 358/813/40 356/814/40 357/815/40
f 361/816/40 359/817/40 360/818/40
f 359/819/40 361/820/40 360/821/40
f 362/822/40 364/823/40 363/824/40
f 364/825/40 362/826/40 363/827/40
f 365/828/40 366/829/40 367/830/40
f 365/831/40 367/832/40 366/833/40
f 368/834/40 370/835/40 369/836/40
f 368/837/40 369/838/40 370/839/40
f 372/840/40 373/841/63 371/842/63
f 371/843/63 373/844/63 372/845/40
f 376/846/63 375/847/40 374/848/63
f 374/849/63 375/850/40 376/851/63
f 378/852/40 377/853/40 379/854/40
f 378/855/40 379/856/40 377/857/40
f 381/858/92 382/859/93 380/860/94
f 382/861/93 381/862/92 380/863/94
f 383/864/95 385/865/21 384/866/21
f 385/867/21 383/868/95 384/869/21
f 387/870/40 388/871/40 386/872/40
f 388/873/40 387/874/40 386/875/40
f 391/876/40 389/877/40 390/878/40
f 389/879/40 391/880/40 390/881/40
f 394/882/63 392/883/63 393/884/63
f 392/885/63 394/886/63 393/887/63
f 397/888/40 395/889/40 396/890/40
f 396/891/40 395/892/40 397/893/40
f 398/894/96 400/895/97 399/896/98
f 400/897/97 398/898/96 399/899/98
f 403/900/36 402/901/36 401/902/36
f 402/903/36 403/904/36 401/905/36
f 405/906/40 404/907/40 406/908/40
f 404/909/40 405/910/40 406/911/40
f 409/912/40 408/913/40 407/914/40
f 408/915/40 409/916/40 407/917/40
f 410/918/57 411/919/57 412/920/57
f 411/921/57 410/922/57 412/923/57
f 414/924/40 415/925/40 413/926/40
f 413/927/40 415/928/40 414/929/40
f 418/930/99 417/931/100 416/932/99
f 417/933/100 418/934/99 416/935/99
f 419/936/40 421/937/40 420/938/40
f 421/939/40 419/940/40 420/941/40
f 424/942/40 422/943/40 423/944/40
f 422/945/40 424/946/40 423/947/40
f 425/948/63 427/949/63 426/950/63
f 427/951/63 425/952/63 426/953/63
f 429/954/40 428/955/40 430/956/40
f 428/957/40 429/958/40 430/959/40
f 432/960/40 433/961/40 431/962/40
f 432/963/40 431/964/40 433/965/40
f 435/966/36 434/967/40 436/968/36
f 434/969/40 435/970/36 436/971/36
f 437/972/63 439/973/40 438/974/40
f 439/975/40 437/976/63 438/977/40
f 441/978/57 440/979/57 442/980/57
f 440/981/57 441/982/57 442/983/57
f 444/984/57 445/985/57 443/986/57
f 445/987/57 444/988/57 443/989/57
f 447/990/40 446/991/40 448/992/40
f 446/993/40 447/994/40 448/995/40
f 449/996/40 450/997/40 451/998/40
f 449/999/40 451/1000/40 450/1001/40
f 452/1002/101 454/1003/102 453/1004/36
f 454/1005/102 452/1006/101 453/1007/36
f 455/1008/103 456/1009/103 457/1010/104
f 456/1011/103 455/1012/103 457/1013/104
f 460/1014/40 459/1015/40 458/1016/40
f 459/1017/40 460/1018/40 458/1019/40
f 461/1020/63 463/1021/63 462/1022/63
f 463/1023/63 461/1024/63 462/1025/63
f 465/1026/40 466/1027/40 464/1028/40
f 466/1029/40 465/1030/40 464/1031/40
f 468/1032/40 467/1033/40 469/1034/40
f 468/1035/40 469/1036/40 467/1037/40
f 472/1038/105 470/1039/106 471/1040/107
f 470/1041/106 472/1042/105 471/1043/107
f 473/1044/36 475/1045/36 474/1046/36
f 475/1047/36 473/1048/36 474/1049/36
f 477/1050/40 478/1051/40 476/1052/40
f 477/1053/40 476/1054/40 478/1055/40
f 480/1056/40 481/1057/40 479/1058/40
f 481/1059/40 480/1060/40 479/1061/40
f 484/1062/40 483/1063/40 482/1064/40
f 483/1065/40 484/1066/40 482/1067/40
f 487/1068/40 486/1069/40 485/1070/40
f 485/1071/40 486/1072/40 487/1073/40
f 488/1074/108 490/1075/109 489/1076/110
f 490/1077/109 488/1078/108 489/1079/110
f 492/1080/40 491/1081/40 493/1082/40
f 491/1083/40 492/1084/40 493/1085/40
f 496/1086/40 494/1087/40 495/1088/40
f 494/1089/40 496/1090/40 495/1091/40
f 497/1092/40 499/1093/40 498/1094/40
f 499/1095/40 497/1096/40 498/1097/40
f 501/1098/40 500/1099/40 502/1100/40
f 500/1101/40 501/1102/40 502/1103/40
f 504/1104/57 505/1105/57 503/1106/57
f 503/1107/57 505/1108/57 504/1109/57
f 506/1110/55 507/1111/55 508/1112/55
f 507/1113/55 506/1114/55 508/1115/55
f 509/1116/40 510/1117/40 511/1118/40
f 510/1119/40 509/1120/40 511/1121/40
f 514/1122/40 512/1123/40 513/1124/40
f 512/1125/40 514/1126/40 513/1127/40
f 516/1128/40 515/1129/40 517/1130/40
f 515/1131/40 516/1132/40 517/1133/40
f 520/1134/40 519/1135/40 518/1136/40
f 519/1137/40 520/1138/40 518/1139/40
f 521/1140/40 522/1141/40 523/1142/40
f 523/1143/40 522/1144/40 521/1145/40
f 525/1146/111 524/1147/111 526/1148/111
f 524/1149/111 525/1150/111 526/1151/111
f 527/1152/40 529/1153/40 528/1154/40
f 529/1155/40 527/1156/40 528/1157/40
f 532/1158/40 530/1159/40 531/1160/40
f 530/1161/40 532/1162/40 531/1163/40
f 534/1164/40 533/1165/40 535/1166/40
f 533/1167/40 534/1168/40 535/1169/40
f 536/1170/40 538/1171/40 537/1172/40
f 536/1173/40 537/1174/40 538/1175/40
f 540/1176/40 539/1177/40 541/1178/40
f 540/1179/40 541/1180/40 539/1181/40
f 543/1182/112 544/1183/113 542/1184/114
f 544/1185/113 543/1186/112 542/1187/114
f 545/1188/40 547/1189/40 546/1190/40
f 547/1191/40 545/1192/40 546/1193/40
f 548/1194/40 550/1195/40 549/1196/40
f 548/1197/40 549/1198/40 550/1199/40
f 553/1200/40 551/1201/40 552/1202/40
f 551/1203/40 553/1204/40 552/1205/40
f 555/1206/40 556/1207/40 554/1208/40
f 555/1209/40 554/1210/40 556/1211/40
f 558/1212/40 557/1213/40 559/1214/40
f 558/1215/40 559/1216/40 557/1217/40
f 561/1218/115 560/1219/116 562/1220/117
f 560/1221/116 561/1222/115 562/1223/117
f 565/1224/40 564/1225/40 563/1226/40
f 564/1227/40 565/1228/40 563/1229/40
f 568/1230/63 566/1231/63 567/1232/63
f 566/1233/63 568/1234/63 567/1235/63
f 571/1236/40 570/1237/40 569/1238/40
f 570/1239/40 571/1240/40 569/1241/40
f 574/1242/40 572/1243/40 573/1244/40
f 572/1245/40 574/1246/40 573/1247/40
f 576/1248/40 575/1249/40 577/1250/40
f 577/1251/40 575/1252/40 576/1253/40
f 579/1254/118 578/1255/119 580/1256/120
f 578/1257/119 579/1258/118 580/1259/120
f 583/1260/36 581/1261/36 582/1262/36
f 581/1263/36 583/1264/36 582/1265/36
f 584/1266/63 586/1267/63 585/1268/63
f 586/1269/63 584/1270/63 585/1271/63
f 588/1272/57 587/1273/57 589/1274/57
f 587/1275/57 588/1276/57 589/1277/57
f 592/1278/57 591/1279/57 590/1280/57
f 591/1281/57 592/1282/57 590/1283/57
f 595/1284/40 594/1285/40 593/1286/40
f 593/1287/40 594/1288/40 595/1289/40
f 596/1290/121 597/1291/122 598/1292/123
f 597/1293/122 596/1294/121 598/1295/123
f 601/1296/40 599/1297/40 600/1298/40
f 599/1299/40 601/1300/40 600/1301/40
f 604/1302/57 602/1303/57 603/1304/57
f 602/1305/57 604/1306/57 603/1307/57
f 607/1308/57 606/1309/57 605/1310/57
f 606/1311/57 607/1312/57 605/1313/57
f 610/1314/57 608/1315/57 609/1316/57
f 608/1317/57 610/1318/57 609/1319/57
f 612/1320/40 613/1321/40 611/1322/40
f 612/1323/40 611/1324/40 613/1325/40
f 614/1326/124 616/1327/125 615/1328/126
f 616/1329/125 614/1330/124 615/1331/126
f 617/1332/40 619/1333/40 618/1334/40
f 619/1335/40 617/1336/40 618/1337/40
f 620/1338/57 621/1339/57 622/1340/57
f 621/1341/57 620/1342/57 622/1343/57
f 625/1344/40 623/1345/40 624/1346/40
f 623/1347/40 625/1348/40 624/1349/40
f 627/1350/57 626/1351/57 628/1352/57
f 626/1353/57 627/1354/57 628/1355/57
f 630/1356/40 631/1357/40 629/1358/40
f 630/1359/40 629/1360/40 631/1361/40
f 632/1362/127 634/1363/128 633/1364/129
f 634/1365/128 632/1366/127 633/1367/129
f 635/1368/40 636/1369/40 637/1370/40
f 636/1371/40 635/1372/40 637/1373/40
f 638/1374/40 640/1375/40 639/1376/40
f 640/1377/40 638/1378/40 639/1379/40
f 643/1380/40 642/1381/40 641/1382/40
f 642/1383/40 643/1384/40 641/1385/40
f 646/1386/40 644/1387/40 645/1388/40
f 644/1389/40 646/1390/40 645/1391/40
f 647/1392/40 649/1393/40 648/1394/40
f 647/1395/40 648/1396/40 649/1397/40
f 651/1398/130 650/1399/131 652/1400/132
f 650/1401/131 651/1402/130 652/1403/132
f 654/1404/21 655/1405/21 653/1406/21
f 655/1407/21 654/1408/21 653/1409/21
f 656/1410/40 658/1411/40 657/1412/40
f 656/1413/40 657/1414/40 658/1415/40
f 660/1416/40 661/1417/40 659/1418/40
f 661/1419/40 660/1420/40 659/1421/40
f 664/1422/40 662/1423/40 663/1424/40
f 662/1425/40 664/1426/40 663/1427/40
f 667/1428/133 666/1429/57 665/1430/134
f 665/1431/134 666/1432/57 667/1433/133
f 669/1434/135 670/1435/136 668/1436/137
f 670/1437/136 669/1438/135 668/1439/137
f 671/1440/40 673/1441/40 672/1442/40
f 673/1443/40 671/1444/40 672/1445/40
f 676/1446/40 675/1447/40 674/1448/40
f 675/1449/40 676/1450/40 674/1451/40
f 679/1452/40 678/1453/40 677/1454/40
f 679/1455/40 677/1456/40 678/1457/40
f 681/1458/40 682/1459/40 680/1460/40
f 681/1461/40 680/1462/40 682/1463/40
f 683/1464/63 685/1465/63 684/1466/63
f 684/1467/63 685/1468/63 683/1469/63
f 687/1470/138 688/1471/139 686/1472/140
f 688/1473/139 687/1474/138 686/1475/140
f 690/1476/40 689/1477/40 691/1478/40
f 689/1479/40 690/1480/40 691/1481/40
f 694/1482/40 692/1483/40 693/1484/40
f 694/1485/40 693/1486/40 692/1487/40
f 697/1488/40 695/1489/40 696/1490/40
f 695/1491/40 697/1492/40 696/1493/40
f 699/1494/40 700/1495/40 698/1496/40
f 700/1497/40 699/1498/40 698/1499/40
f 702/1500/40 703/1501/40 701/1502/40
f 702/1503/40 701/1504/40 703/1505/40
f 706/1506/141 705/1507/142 704/1508/142
f 705/1509/142 706/1510/141 704/1511/142
f 709/1512/40 708/1513/40 707/1514/40
f 708/1515/40 709/1516/40 707/1517/40
f 710/1518/40 712/1519/40 711/1520/40
f 712/1521/40 710/1522/40 711/1523/40
f 715/1524/40 714/1525/40 713/1526/40
f 714/1527/40 715/1528/40 713/1529/40
f 718/1530/40 716/1531/40 717/1532/40
f 716/1533/40 718/1534/40 717/1535/40
f 719/1536/40 721/1537/40 720/1538/40
f 719/1539/40 720/1540/40 721/1541/40
f 722/1542/143 724/1543/144 723/1544/145
f 724/1545/144 722/1546/143 723/1547/145
f 725/1548/40 726/1549/40 727/1550/40
f 726/1551/40 725/1552/40 727/1553/40
f 730/1554/40 728/1555/40 729/1556/40
f 728/1557/40 730/1558/40 729/1559/40
f 733/1560/40 731/1561/40 732/1562/40
f 731/1563/40 733/1564/40 732/1565/40
f 734/1566/40 736/1567/40 735/1568/40
f 736/1569/40 734/1570/40 735/1571/40
f 739/1572/40 738/1573/40 737/1574/40
f 739/1575/40 737/1576/40 738/1577/40
f 742/1578/40 740/1579/40 741/1580/40
f 742/1581/40 741/1582/40 740/1583/40
f 744/1584/40 745/1585/40 743/1586/40
f 744/1587/40 743/1588/40 745/1589/40
f 748/1590/40 746/1591/61 747/1592/61
f 747/1593/61 746/1594/61 748/1595/40
f 750/1596/40 751/1597/61 749/1598/61
f 749/1599/61 751/1600/61 750/1601/40
f 752/1602/146 754/1603/147 753/1604/146
f 754/1605/147 752/1606/146 753/1607/146
f 757/1608/40 756/1609/57 755/1610/57
f 756/1611/57 757/1612/40 755/1613/57
f 758/1614/148 759/1615/149 760/1616/61
f 759/1617/149 758/1618/148 760/1619/61
f 762/1620/61 761/1621/61 763/1622/61
f 761/1623/61 762/1624/61 763/1625/61
f 766/1626/150 765/1627/61 764/1628/61
f 765/1629/61 766/1630/150 764/1631/61
f 767/1632/61 768/1633/61 769/1634/61
f 769/1635/61 768/1636/61 767/1637/61
f 770/1638/151 771/1639/152 772/1640/153
f 771/1641/152 770/1642/151 772/1643/153
f 773/1644/40 775/1645/57 774/1646/57
f 775/1647/57 773/1648/40 774/1649/57
f 777/1650/61 776/1651/61 778/1652/61
f 776/1653/61 777/1654/61 778/1655/61
f 779/1656/40 780/1657/63 781/1658/40
f 780/1659/63 779/1660/40 781/1661/40
f 784/1662/63 783/1663/63 782/1664/63
f 783/1665/63 784/1666/63 782/1667/63
f 787/1668/40 785/1669/40 786/1670/40
f 786/1671/40 785/1672/40 787/1673/40
f 790/1674/57 789/1675/57 788/1676/57
f 789/1677/57 790/1678/57 788/1679/57
f 792/1680/40 793/1681/57 791/1682/57
f 793/1683/57 792/1684/40 791/1685/57
f 796/1686/61 794/1687/154 795/1688/61
f 794/1689/154 796/1690/61 795/1691/61
f 797/1692/150 799/1693/155 798/1694/156
f 799/1695/155 797/1696/150 798/1697/156
f 800/1698/157 802/1699/155 801/1700/157
f 802/1701/155 800/1702/157 801/1703/157
f 803/1704/40 804/1705/40 805/1706/40
f 805/1707/40 804/1708/40 803/1709/40
f 806/1710/158 807/1711/159 808/1712/160
f 807/1713/159 806/1714/158 808/1715/160
f 809/1716/40 810/1717/57 811/1718/57
f 810/1719/57 809/1720/40 811/1721/57
f 812/1722/63 814/1723/63 813/1724/63
f 814/1725/63 812/1726/63 813/1727/63
f 817/1728/148 816/1729/148 815/1730/149
f 816/1731/148 817/1732/148 815/1733/149
f 819/1734/57 820/1735/40 818/1736/40
f 820/1737/40 819/1738/57 818/1739/40
f 821/1740/40 823/1741/40 822/1742/40
f 821/1743/40 822/1744/40 823/1745/40
f 825/1746/63 824/1747/161 826/1748/161
f 824/1749/161 825/1750/63 826/1751/161
f 827/1752/40 829/1753/57 828/1754/57
f 829/1755/57 827/1756/40 828/1757/57
f 830/1758/61 832/1759/61 831/1760/61
f 832/1761/61 830/1762/61 831/1763/61
f 833/1764/61 834/1765/150 835/1766/61
f 834/1767/150 833/1768/61 835/1769/61
f 838/1770/62 836/1771/162 837/1772/162
f 836/1773/162 838/1774/62 837/1775/162
f 839/1776/40 841/1777/40 840/1778/40
f 839/1779/40 840/1780/40 841/1781/40
f 842/1782/55 843/1783/55 844/1784/55
f 843/1785/55 842/1786/55 844/1787/55
f 845/1788/40 847/1789/40 846/1790/40
f 847/1791/40 845/1792/40 846/1793/40
f 848/1794/40 850/1795/40 849/1796/40
f 848/1797/40 849/1798/40 850/1799/40
f 851/1800/40 853/1801/40 852/1802/40
f 851/1803/40 852/1804/40 853/1805/40
f 855/1806/40 856/1807/40 854/1808/40
f 856/1809/40 855/1810/40 854/1811/40
f 859/1812/55 858/1813/55 857/1814/55
f 857/1815/55 858/1816/55 859/1817/55
f 860/1818/57 861/1819/57 862/1820/57
f 861/1821/57 860/1822/57 862/1823/57
f 863/1824/40 865/1825/40 864/1826/40
f 865/1827/40 863/1828/40 864/1829/40
f 866/1830/40 868/1831/40 867/1832/40
f 866/1833/40 867/1834/40 868/1835/40
f 870/1836/40 871/1837/40 869/1838/40
f 870/1839/40 869/1840/40 871/1841/40
f 872/1842/40 873/1843/40 874/1844/40
f 872/1845/40 874/1846/40 873/1847/40
f 877/1848/40 876/1849/40 875/1850/40
f 875/1851/40 876/1852/40 877/1853/40
f 879/1854/91 878/1855/91 880/1856/163
f 878/1857/91 879/1858/91 880/1859/163
f 883/1860/40 882/1861/40 881/1862/40
f 882/1863/40 883/1864/40 881/1865/40
f 885/1866/40 886/1867/40 884/1868/40
f 885/1869/40 884/1870/40 886/1871/40
f 889/1872/40 888/1873/40 887/1874/40
f 888/1875/40 889/1876/40 887/1877/40
f 890/1878/40 892/1879/40 891/1880/40
f 890/1881/40 891/1882/40 892/1883/40
f 895/1884/40 894/1885/40 893/1886/40
f 893/1887/40 894/1888/40 895/1889/40
f 896/1890/63 898/1891/63 897/1892/63
f 898/1893/63 896/1894/63 897/1895/63
f 899/1896/40 900/1897/40 901/1898/40
f 900/1899/40 899/1900/40 901/1901/40
f 904/1902/40 903/1903/40 902/1904/40
f 904/1905/40 902/1906/40 903/1907/40
f 905/1908/40 907/1909/40 906/1910/40
f 907/1911/40 905/1912/40 906/1913/40
f 909/1914/40 908/1915/40 910/1916/40
f 909/1917/40 910/1918/40 908/1919/40
f 913/1920/40 912/1921/40 911/1922/40
f 913/1923/40 911/1924/40 912/1925/40
f 916/1926/40 915/1927/40 914/1928/40
f 915/1929/40 916/1930/40 914/1931/40
f 919/1932/40 917/1933/40 918/1934/40
f 917/1935/40 919/1936/40 918/1937/40
f 920/1938/40 921/1939/40 922/1940/40
f 921/1941/40 920/1942/40 922/1943/40
f 925/1944/40 923/1945/40 924/1946/40
f 923/1947/40 925/1948/40 924/1949/40
f 926/1950/40 928/1951/40 927/1952/40
f 926/1953/40 927/1954/40 928/1955/40
f 929/1956/40 930/1957/40 931/1958/40
f 929/1959/40 931/1960/40 930/1961/40
f 932/1962/164 934/1963/165 933/1964/164
f 934/1965/165 932/1966/164 933/1967/164
f 937/1968/40 935/1969/40 936/1970/40
f 935/1971/40 937/1972/40 936/1973/40
f 939/1974/166 938/1975/166 940/1976/167
f 938/1977/166 939/1978/166 940/1979/167
f 943/1980/40 941/1981/40 942/1982/40
f 941/1983/40 943/1984/40 942/1985/40
f 946/1986/40 944/1987/40 945/1988/40
f 944/1989/40 946/1990/40 945/1991/40
f 947/1992/40 949/1993/40 948/1994/40
f 948/1995/40 949/1996/40 947/1997/40
f 950/1998/57 952/1999/57 951/2000/57
f 952/2001/57 950/2002/57 951/2003/57
f 955/2004/40 953/2005/40 954/2006/40
f 953/2007/40 955/2008/40 954/2009/40
f 957/2010/40 956/2011/40 958/2012/40
f 956/2013/40 957/2014/40 958/2015/40
f 961/2016/40 959/2017/40 960/2018/40
f 959/2019/40 961/2020/40 960/2021/40
f 964/2022/40 962/2023/40 963/2024/40
f 962/2025/40 964/2026/40 963/2027/40
f 967/2028/40 965/2029/40 966/2030/40
f 966/2031/40 965/2032/40 967/2033/40
f 968/2034/168 969/2035/169 970/2036/170
f 969/2037/169 968/2038/168 970/2039/170
f 972/2040/40 973/2041/40 971/2042/40
f 973/2043/40 972/2044/40 971/2045/40
f 974/2046/40 976/2047/40 975/2048/40
f 976/2049/40 974/2050/40 975/2051/40
f 979/2052/40 977/2053/40 978/2054/40
f 977/2055/40 979/2056/40 978/2057/40
f 982/2058/40 981/2059/40 980/2060/40
f 981/2061/40 982/2062/40 980/2063/40
f 983/2064/40 985/2065/40 984/2066/40
f 983/2067/40 984/2068/40 985/2069/40
f 986/2070/171 987/2071/172 988/2072/172
f 987/2073/172 986/2074/171 988/2075/172
f 989/2076/40 991/2077/40 990/2078/40
f 991/2079/40 989/2080/40 990/2081/40
f 994/2082/40 992/2083/40 993/2084/40
f 992/2085/40 994/2086/40 993/2087/40
f 995/2088/40 996/2089/40 997/2090/40
f 996/2091/40 995/2092/40 997/2093/40
f 999/2094/40 998/2095/40 1000/2096/40
f 998/2097/40 999/2098/40 1000/2099/40
f 1001/2100/40 1003/2101/40 1002/2102/40
f 1001/2103/40 1002/2104/40 1003/2105/40
f 1006/2106/64 1004/2107/85 1005/2108/85
f 1004/2109/85 1006/2110/64 1005/2111/85
f 1009/2112/40 1008/2113/40 1007/2114/40
f 1008/2115/40 1009/2116/40 1007/2117/40
f 1012/2118/40 1010/2119/40 1011/2120/40
f 1010/2121/40 1012/2122/40 1011/2123/40
f 1013/2124/40 1015/2125/40 1014/2126/40
f 1015/2127/40 1013/2128/40 1014/2129/40
f 1018/2130/40 1017/2131/40 1016/2132/40
f 1017/2133/40 1018/2134/40 1016/2135/40
f 1019/2136/40 1020/2137/40 1021/2138/40
f 1019/2139/40 1021/2140/40 1020/2141/40
f 1022/2142/173 1023/2143/173 1024/2144/174
f 1023/2145/173 1022/2146/173 1024/2147/174
f 1025/2148/40 1026/2149/40 1027/2150/40
f 1026/2151/40 1025/2152/40 1027/2153/40
f 1028/2154/40 1030/2155/40 1029/2156/40
f 1028/2157/40 1029/2158/40 1030/2159/40
f 1033/2160/40 1032/2161/40 1031/2162/40
f 1033/2163/40 1031/2164/40 1032/2165/40
f 1036/2166/40 1034/2167/40 1035/2168/40
f 1034/2169/40 1036/2170/40 1035/2171/40
f 1038/2172/55 1039/2173/55 1037/2174/55
f 1037/2175/55 1039/2176/55 1038/2177/55
f 1042/2178/79 1040/2179/175 1041/2180/79
f 1040/2181/175 1042/2182/79 1041/2183/79
f 1044/2184/40 1045/2185/40 1043/2186/40
f 1045/2187/40 1044/2188/40 1043/2189/40
f 1047/2190/40 1048/2191/40 1046/2192/40
f 1048/2193/40 1047/2194/40 1046/2195/40
f 1049/2196/40 1051/2197/40 1050/2198/40
f 1049/2199/40 1050/2200/40 1051/2201/40
f 1052/2202/40 1054/2203/40 1053/2204/40
f 1054/2205/40 1052/2206/40 1053/2207/40
f 1057/2208/61 1056/2209/61 1055/2210/61
f 1055/2211/61 1056/2212/61 1057/2213/61
f 1058/2214/86 1060/2215/176 1059/2216/86
f 1060/2217/176 1058/2218/86 1059/2219/86
f 1061/2220/40 1063/2221/40 1062/2222/40
f 1063/2223/40 1061/2224/40 1062/2225/40
f 1066/2226/40 1065/2227/40 1064/2228/40
f 1065/2229/40 1066/2230/40 1064/2231/40
f 1067/2232/40 1069/2233/40 1068/2234/40
f 1067/2235/40 1068/2236/40 1069/2237/40
f 1070/2238/40 1072/2239/40 1071/2240/40
f 1072/2241/40 1070/2242/40 1071/2243/40
f 1074/2244/40 1075/2245/40 1073/2246/40
f 1073/2247/40 1075/2248/40 1074/2249/40
f 1077/2250/177 1076/2251/177 1078/2252/177
f 1076/2253/177 1077/2254/177 1078/2255/177
f 1079/2256/40 1081/2257/40 1080/2258/40
f 1081/2259/40 1079/2260/40 1080/2261/40
f 1082/2262/40 1084/2263/40 1083/2264/40
f 1084/2265/40 1082/2266/40 1083/2267/40
f 1087/2268/40 1086/2269/40 1085/2270/40
f 1086/2271/40 1087/2272/40 1085/2273/40
f 1090/2274/40 1089/2275/40 1088/2276/40
f 1089/2277/40 1090/2278/40 1088/2279/40
f 1092/2280/40 1093/2281/40 1091/2282/40
f 1092/2283/40 1091/2284/40 1093/2285/40
f 1095/2286/178 1094/2287/179 1096/2288/180
f 1094/2289/179 1095/2290/178 1096/2291/180
f 1097/2292/40 1098/2293/40 1099/2294/40
f 1098/2295/40 1097/2296/40 1099/2297/40
f 1100/2298/40 1101/2299/40 1102/2300/40
f 1101/2301/40 1100/2302/40 1102/2303/40
f 1105/2304/40 1103/2305/40 1104/2306/40
f 1103/2307/40 1105/2308/40 1104/2309/40
f 1108/2310/40 1106/2311/40 1107/2312/40
f 1106/2313/40 1108/2314/40 1107/2315/40
f 1110/2316/40 1111/2317/40 1109/2318/40
f 1110/2319/40 1109/2320/40 1111/2321/40
f 1112/2322/40 1113/2323/40 1114/2324/40
f 1112/2325/40 1114/2326/40 1113/2327/40
f 1116/2328/40 1115/2329/40 1117/2330/40
f 1116/2331/40 1117/2332/40 1115/2333/40
f 1119/2334/40 1118/2335/57 1120/2336/57
f 1120/2337/57 1118/2338/57 1119/2339/40
f 1122/2340/63 1123/2341/40 1121/2342/63
f 1121/2343/63 1123/2344/40 1122/2345/63
f 1126/2346/61 1124/2347/61 1125/2348/61
f 1124/2349/61 1126/2350/61 1125/2351/61
f 1127/2352/181 1128/2353/182 1129/2354/183
f 1128/2355/182 1127/2356/181 1129/2357/183
f 1130/2358/40 1132/2359/40 1131/2360/40
f 1132/2361/40 1130/2362/40 1131/2363/40
f 1133/2364/40 1135/2365/40 1134/2366/40
f 1135/2367/40 1133/2368/40 1134/2369/40
f 1136/2370/40 1138/2371/40 1137/2372/40
f 1138/2373/40 1136/2374/40 1137/2375/40
f 1140/2376/40 1141/2377/40 1139/2378/40
f 1139/2379/40 1141/2380/40 1140/2381/40
f 1144/2382/184 1142/2383/185 1143/2384/186
f 1142/2385/185 1144/2386/184 1143/2387/186
f 1146/2388/187 1147/2389/188 1145/2390/189
f 1147/2391/188 1146/2392/187 1145/2393/189
f 1149/2394/40 1148/2395/40 1150/2396/40
f 1148/2397/40 1149/2398/40 1150/2399/40
f 1153/2400/40 1152/2401/40 1151/2402/40
f 1152/2403/40 1153/2404/40 1151/2405/40
f 1155/2406/40 1154/2407/40 1156/2408/40
f 1154/2409/40 1155/2410/40 1156/2411/40
f 1158/2412/40 1159/2413/40 1157/2414/40
f 1157/2415/40 1159/2416/40 1158/2417/40
f 1161/2418/190 1162/2419/191 1160/2420/192
f 1162/2421/191 1161/2422/190 1160/2423/192
f 1165/2424/40 1163/2425/40 1164/2426/40
f 1163/2427/40 1165/2428/40 1164/2429/40
f 1166/2430/40 1168/2431/40 1167/2432/40
f 1168/2433/40 1166/2434/40 1167/2435/40
f 1171/2436/40 1169/2437/40 1170/2438/40
f 1169/2439/40 1171/2440/40 1170/2441/40
f 1172/2442/63 1174/2443/63 1173/2444/63
f 1174/2445/63 1172/2446/63 1173/2447/63
f 1176/2448/40 1177/2449/40 1175/2450/40
f 1176/2451/40 1175/2452/40 1177/2453/40
f 1178/2454/193 1179/2455/193 1180/2456/194
f 1179/2457/193 1178/2458/193 1180/2459/194
f 1182/2460/63 1183/2461/40 1181/2462/40
f 1183/2463/40 1182/2464/63 1181/2465/40
f 1185/2466/57 1186/2467/57 1184/2468/57
f 1186/2469/57 1185/2470/57 1184/2471/57
f 1189/2472/40 1188/2473/40 1187/2474/40
f 1188/2475/40 1189/2476/40 1187/2477/40
f 1192/2478/40 1190/2479/40 1191/2480/40
f 1190/2481/40 1192/2482/40 1191/2483/40
f 1193/2484/40 1194/2485/40 1195/2486/40
f 1193/2487/40 1195/2488/40 1194/2489/40
f 1196/2490/40 1197/2491/40 1198/2492/40
f 1197/2493/40 1196/2494/40 1198/2495/40
f 1199/2496/40 1201/2497/40 1200/2498/40
f 1201/2499/40 1199/2500/40 1200/2501/40
f 1204/2502/63 1203/2503/63 1202/2504/63
f 1203/2505/63 1204/2506/63 1202/2507/63
f 1207/2508/40 1206/2509/40 1205/2510/40
f 1206/2511/40 1207/2512/40 1205/2513/40
f 1209/2514/40 1210/2515/40 1208/2516/40
f 1210/2517/40 1209/2518/40 1208/2519/40
f 1213/2520/40 1212/2521/40 1211/2522/40
f 1213/2523/40 1211/2524/40 1212/2525/40
f 1214/2526/195 1215/2527/196 1216/2528/197
f 1215/2529/196 1214/2530/195 1216/2531/197
f 1217/2532/40 1219/2533/40 1218/2534/40
f 1219/2535/40 1217/2536/40 1218/2537/40
f 1222/2538/40 1220/2539/40 1221/2540/40
f 1220/2541/40 1222/2542/40 1221/2543/40
f 1223/2544/40 1224/2545/40 1225/2546/40
f 1223/2547/40 1225/2548/40 1224/2549/40
f 1228/2550/40 1227/2551/40 1226/2552/40
f 1227/2553/40 1228/2554/40 1226/2555/40
f 1230/2556/40 1231/2557/40 1229/2558/40
f 1229/2559/40 1231/2560/40 1230/2561/40
f 1234/2562/198 1232/2563/199 1233/2564/200
f 1232/2565/199 1234/2566/198 1233/2567/200
f 1235/2568/36 1236/2569/36 1237/2570/36
f 1236/2571/36 1235/2572/36 1237/2573/36
f 1238/2574/40 1240/2575/40 1239/2576/40
f 1238/2577/40 1239/2578/40 1240/2579/40
f 1243/2580/40 1241/2581/40 1242/2582/40
f 1241/2583/40 1243/2584/40 1242/2585/40
f 1245/2586/40 1246/2587/40 1244/2588/40
f 1246/2589/40 1245/2590/40 1244/2591/40
f 1247/2592/40 1249/2593/40 1248/2594/40
f 1248/2595/40 1249/2596/40 1247/2597/40
f 1251/2598/201 1250/2599/202 1252/2600/203
f 1250/2601/202 1251/2602/201 1252/2603/203
f 1253/2604/40 1255/2605/40 1254/2606/40
f 1255/2607/40 1253/2608/40 1254/2609/40
f 1256/2610/40 1257/2611/40 1258/2612/40
f 1257/2613/40 1256/2614/40 1258/2615/40
f 1260/2616/40 1261/2617/40 1259/2618/40
f 1261/2619/40 1260/2620/40 1259/2621/40
f 1263/2622/40 1264/2623/40 1262/2624/40
f 1264/2625/40 1263/2626/40 1262/2627/40
f 1265/2628/40 1266/2629/40 1267/2630/40
f 1265/2631/40 1267/2632/40 1266/2633/40
f 1270/2634/204 1268/2635/205 1269/2636/206
f 1268/2637/205 1270/2638/204 1269/2639/206
f 1272/2640/40 1273/2641/40 1271/2642/40
f 1273/2643/40 1272/2644/40 1271/2645/40
f 1275/2646/40 1274/2647/40 1276/2648/40
f 1274/2649/40 1275/2650/40 1276/2651/40
f 1277/2652/40 1279/2653/40 1278/2654/40
f 1279/2655/40 1277/2656/40 1278/2657/40
f 1281/2658/40 1282/2659/40 1280/2660/40
f 1282/2661/40 1281/2662/40 1280/2663/40
f 1284/2664/40 1283/2665/40 1285/2666/40
f 1284/2667/40 1285/2668/40 1283/2669/40
f 1286/2670/207 1288/2671/208 1287/2672/209
f 1288/2673/208 1286/2674/207 1287/2675/209
f 1289/2676/21 1290/2677/21 1291/2678/21
f 1290/2679/21 1289/2680/21 1291/2681/21
f 1292/2682/40 1293/2683/40 1294/2684/40
f 1293/2685/40 1292/2686/40 1294/2687/40
f 1297/2688/40 1295/2689/40 1296/2690/40
f 1295/2691/40 1297/2692/40 1296/2693/40
f 1298/2694/40 1300/2695/40 1299/2696/40
f 1298/2697/40 1299/2698/40 1300/2699/40
f 1301/2700/40 1303/2701/40 1302/2702/40
f 1301/2703/40 1302/2704/40 1303/2705/40
f 1304/2706/194 1306/2707/194 1305/2708/210
f 1306/2709/194 1304/2710/194 1305/2711/210
f 1307/2712/36 1309/2713/36 1308/2714/36
f 1309/2715/36 1307/2716/36 1308/2717/36
f 1312/2718/40 1310/2719/40 1311/2720/40
f 1310/2721/40 1312/2722/40 1311/2723/40
f 1315/2724/40 1313/2725/40 1314/2726/40
f 1313/2727/40 1315/2728/40 1314/2729/40
f 1318/2730/40 1317/2731/40 1316/2732/40
f 1317/2733/40 1318/2734/40 1316/2735/40
f 1320/2736/40 1321/2737/40 1319/2738/40
f 1319/2739/40 1321/2740/40 1320/2741/40
f 1324/2742/119 1322/2743/211 1323/2744/212
f 1322/2745/211 1324/2746/119 1323/2747/212
f 1326/2748/40 1327/2749/40 1325/2750/40
f 1327/2751/40 1326/2752/40 1325/2753/40
f 1330/2754/57 1329/2755/57 1328/2756/57
f 1329/2757/57 1330/2758/57 1328/2759/57
f 1333/2760/40 1331/2761/40 1332/2762/40
f 1331/2763/40 1333/2764/40 1332/2765/40
f 1335/2766/63 1334/2767/63 1336/2768/63
f 1334/2769/63 1335/2770/63 1336/2771/63
f 1339/2772/40 1337/2773/40 1338/2774/40
f 1338/2775/40 1337/2776/40 1339/2777/40
f 1340/2778/61 1341/2779/61 1342/2780/61
f 1341/2781/61 1340/2782/61 1342/2783/61
f 1343/2784/40 1344/2785/40 1345/2786/40
f 1344/2787/40 1343/2788/40 1345/2789/40
f 1347/2790/57 1348/2791/57 1346/2792/57
f 1348/2793/57 1347/2794/57 1346/2795/57
f 1351/2796/57 1349/2797/57 1350/2798/57
f 1349/2799/57 1351/2800/57 1350/2801/57
f 1354/2802/57 1352/2803/57 1353/2804/57
f 1352/2805/57 1354/2806/57 1353/2807/57
f 1356/2808/40 1357/2809/40 1355/2810/40
f 1356/2811/40 1355/2812/40 1357/2813/40
f 1358/2814/55 1360/2815/213 1359/2816/214
f 1360/2817/213 1358/2818/55 1359/2819/214
f 1363/2820/40 1362/2821/40 1361/2822/40
f 1362/2823/40 1363/2824/40 1361/2825/40
f 1366/2826/57 1364/2827/57 1365/2828/57
f 1364/2829/57 1366/2830/57 1365/2831/57
f 1368/2832/57 1369/2833/57 1367/2834/57
f 1369/2835/57 1368/2836/57 1367/2837/57
f 1372/2838/63 1370/2839/63 1371/2840/63
f 1370/2841/63 1372/2842/63 1371/2843/63
f 1375/2844/40 1373/2845/40 1374/2846/40
f 1375/2847/40 1374/2848/40 1373/2849/40
f 1376/2850/215 1377/2851/216 1378/2852/217
f 1377/2853/216 1376/2854/215 1378/2855/217
f 1380/2856/40 1379/2857/40 1381/2858/40
f 1379/2859/40 1380/2860/40 1381/2861/40
f 1384/2862/40 1382/2863/40 1383/2864/40
f 1382/2865/40 1384/2866/40 1383/2867/40
f 1386/2868/40 1387/2869/40 1385/2870/40
f 1387/2871/40 1386/2872/40 1385/2873/40
f 1388/2874/63 1390/2875/63 1389/2876/63
f 1390/2877/63 1388/2878/63 1389/2879/63
f 1391/2880/40 1392/2881/40 1393/2882/40
f 1391/2883/40 1393/2884/40 1392/2885/40
f 1396/2886/218 1394/2887/219 1395/2888/203
f 1394/2889/219 1396/2890/218 1395/2891/203
f 1398/2892/36 1399/2893/36 1397/2894/36
f 1399/2895/36 1398/2896/36 1397/2897/36
f 1402/2898/40 1400/2899/40 1401/2900/40
f 1400/2901/40 1402/2902/40 1401/2903/40
f 1405/2904/40 1403/2905/40 1404/2906/40
f 1403/2907/40 1405/2908/40 1404/2909/40
f 1406/2910/40 1408/2911/40 1407/2912/40
f 1408/2913/40 1406/2914/40 1407/2915/40
f 1411/2916/40 1410/2917/40 1409/2918/40
f 1409/2919/40 1410/2920/40 1411/2921/40
f 1413/2922/220 1412/2923/221 1414/2924/222
f 1412/2925/221 1413/2926/220 1414/2927/222
f 1415/2928/21 1417/2929/21 1416/2930/21
f 1417/2931/21 1415/2932/21 1416/2933/21
f 1419/2934/40 1420/2935/40 1418/2936/40
f 1419/2937/40 1418/2938/40 1420/2939/40
f 1421/2940/40 1423/2941/40 1422/2942/40
f 1421/2943/40 1422/2944/40 1423/2945/40
f 1424/2946/40 1426/2947/40 1425/2948/40
f 1426/2949/40 1424/2950/40 1425/2951/40
f 1429/2952/57 1428/2953/57 1427/2954/57
f 1427/2955/57 1428/2956/57 1429/2957/57
f 1431/2958/223 1430/2959/224 1432/2960/225
f 1430/2961/224 1431/2962/223 1432/2963/225
f 1434/2964/40 1433/2965/40 1435/2966/40
f 1433/2967/40 1434/2968/40 1435/2969/40
f 1437/2970/40 1438/2971/40 1436/2972/40
f 1437/2973/40 1436/2974/40 1438/2975/40
f 1439/2976/40 1440/2977/40 1441/2978/40
f 1439/2979/40 1441/2980/40 1440/2981/40
f 1442/2982/40 1444/2983/40 1443/2984/40
f 1442/2985/40 1443/2986/40 1444/2987/40
f 1446/2988/40 1445/2989/40 1447/2990/40
f 1446/2991/40 1447/2992/40 1445/2993/40
f 1448/2994/36 1449/2995/40 1450/2996/36
f 1449/2997/40 1448/2998/36 1450/2999/36
f 1451/3000/40 1452/3001/40 1453/3002/40
f 1452/3003/40 1451/3004/40 1453/3005/40
f 1454/3006/40 1456/3007/40 1455/3008/40
f 1454/3009/40 1455/3010/40 1456/3011/40
f 1457/3012/40 1459/3013/40 1458/3014/40
f 1457/3015/40 1458/3016/40 1459/3017/40
f 1460/3018/40 1462/3019/40 1461/3020/40
f 1460/3021/40 1461/3022/40 1462/3023/40
f 1464/3024/40 1465/3025/40 1463/3026/40
f 1464/3027/40 1463/3028/40 1465/3029/40
f 1466/3030/226 1467/3031/226 1468/3032/227
f 1467/3033/226 1466/3034/226 1468/3035/227
f 1469/3036/40 1471/3037/40 1470/3038/40
f 1471/3039/40 1469/3040/40 1470/3041/40
f 1474/3042/40 1472/3043/40 1473/3044/40
f 1472/3045/40 1474/3046/40 1473/3047/40
f 1475/3048/40 1477/3049/40 1476/3050/40
f 1477/3051/40 1475/3052/40 1476/3053/40
f 1480/3054/40 1479/3055/40 1478/3056/40
f 1480/3057/40 1478/3058/40 1479/3059/40
f 1482/3060/40 1483/3061/40 1481/3062/40
f 1482/3063/40 1481/3064/40 1483/3065/40
f 1486/3066/40 1484/3067/55 1485/3068/55
f 1485/3069/55 1484/3070/55 1486/3071/40
f 1489/3072/40 1488/3073/40 1487/3074/40
f 1487/3075/40 1488/3076/40 1489/3077/40
f 1490/3078/40 1491/3079/40 1492/3080/40
f 1492/3081/40 1491/3082/40 1490/3083/40
f 1494/3084/40 1495/3085/40 1493/3086/40
f 1493/3087/40 1495/3088/40 1494/3089/40
f 1498/3090/40 1496/3091/63 1497/3092/63
f 1496/3093/63 1498/3094/40 1497/3095/63
f 1499/3096/40 1501/3097/40 1500/3098/40
f 1499/3099/40 1500/3100/40 1501/3101/40
f 1502/3102/40 1504/3103/40 1503/3104/40
f 1502/3105/40 1503/3106/40 1504/3107/40
f 1506/3108/40 1507/3109/40 1505/3110/40
f 1506/3111/40 1505/3112/40 1507/3113/40
f 1508/3114/40 1510/3115/40 1509/3116/40
f 1508/3117/40 1509/3118/40 1510/3119/40
f 1513/3120/40 1512/3121/40 1511/3122/40
f 1513/3123/40 1511/3124/40 1512/3125/40
f 1514/3126/36 1515/3127/36 1516/3128/36
f 1515/3129/36 1514/3130/36 1516/3131/36
f 1517/3132/228 1565/3133/229 1530/3134/230
f 1517/3132/228 1521/3135/231 1565/3133/229
f 1520/95/47 1517/94/46 1529/3136/232
f 1519/3137/233 1521/3138/231 1517/3139/228
f 1518/3140/234 1539/3141/235 1525/3142/236
f 1518/3140/234 1519/3143/233 1539/3141/235
f 1522/3144/237 1518/3145/238 1524/3146/239
f 1519/3137/233 1518/3147/234 1521/3138/231
f 1520/95/47 1529/3136/232 1538/3148/63
f 1522/3144/237 1524/3146/239 1564/3149/57
f 1564/3150/21 1561/3151/21 1524/3152/21
f 1564/3150/240 1523/3153/240 1526/3154/240
f 1548/3155/61 1553/3156/61 1523/3157/61
f 1527/3158/21 1526/3154/21 1538/3159/21
f 1523/3157/61 1550/3160/61 1548/3155/61
f 1531/3161/55 1535/3162/55 1528/3163/55
f 1543/101/21 1529/3164/21 1538/3159/21
f 1528/3163/55 1533/3165/55 1531/3161/55
f 1537/3166/30 1536/31/241 1534/33/28
f 1533/8/242 1532/3167/243 1567/3168/244
f 1533/8/63 1567/3168/63 1542/3169/63
f 1536/3170/241 1537/3171/30 1540/3172/245
f 1543/101/21 1538/3159/21 1576/30/21
f 1566/3173/246 1545/3174/247 1541/3175/248
f 1557/3176/249 1544/3177/249 1546/3178/249
f 1569/3179/250 1568/61/250 1575/3180/250
f 1564/3150/21 1547/3181/21 1561/3151/21
f 1558/3182/251 1546/3183/252 1563/3184/253
f 1556/3185/254 1555/3186/254 1546/3187/254
f 1555/3186/255 1547/3188/255 1546/3187/255
f 1556/3185/45 1546/3187/256 1545/3189/247
f 1571/3190/257 1549/3191/258 1569/73/259
f 1552/3192/260 1551/18/19 1554/21/16
f 1550/3193/261 1549/3194/262 1577/54/263
f 1550/3193/57 1577/54/57 1560/53/57
f 1552/3192/260 1554/21/16 1558/3195/15
f 1552/41/260 1558/35/15 1562/3196/264
f 1574/57/265 1559/3197/266 1578/3198/267
f 1560/3199/21 1573/3200/21 1576/3201/21
f 1532/3202/43 1556/3203/45 1545/3204/247
f 1532/3202/43 1545/3204/247 1566/3205/246
f 1572/98/63 1570/97/63 1575/3180/63
f 1549/3206/258 1574/67/265 1578/3207/267
f 1549/3206/258 1571/68/257 1574/67/265
f 1572/98/32 1575/3180/268 1574/3208/33
f 1579/3209/269 1580/3210/270 1581/3211/270
f 1581/3212/270 1580/3213/270 1579/3214/269
f 1582/3215/271 1614/3216/271 1583/3217/271
f 1584/3218/40 1585/3219/40 1586/3220/40
f 1586/3221/40 1585/3222/40 1584/3223/40
f 1588/3224/40 1587/3225/40 1589/3226/40
f 1589/3227/40 1587/3228/40 1588/3229/40
f 1592/3230/40 1590/3231/40 1591/3232/40
f 1591/3233/40 1590/3234/40 1592/3235/40
f 1595/3236/40 1593/3237/40 1594/3238/40
f 1594/3239/40 1593/3240/40 1595/3241/40
f 1598/3242/40 1597/3243/40 1596/3244/40
f 1596/3245/40 1597/3246/40 1598/3247/40
f 1600/3248/40 1599/3249/40 1601/3250/40
f 1601/3251/40 1599/3252/40 1600/3253/40
f 1603/3254/40 1604/3255/40 1602/3256/40
f 1602/3257/40 1604/3258/40 1603/3259/40
f 1605/3260/40 1607/3261/40 1606/3262/40
f 1605/3263/40 1606/3264/40 1607/3265/40
f 1610/3266/63 1609/3267/63 1608/3268/63
f 1608/3269/63 1609/3270/63 1610/3271/63
f 1611/3272/272 1612/3273/40 1613/3274/273
f 1613/3275/273 1612/3276/40 1611/3277/272
f 1614/3278/274 1616/3279/275 1615/3280/276
f 1616/3281/275 1614/3282/274 1615/3283/276
f 1619/3284/277 1618/3285/278 1617/3286/279
f 1617/3287/279 1618/3288/278 1619/3289/277
f 1621/3290/40 1620/3291/40 1622/3292/40
f 1621/3293/40 1622/3294/40 1620/3295/40
f 1623/3296/40 1624/3297/40 1625/3298/40
f 1623/3299/40 1625/3300/40 1624/3301/40
f 1626/3302/40 1628/3303/40 1627/3304/40
f 1626/3305/40 1627/3306/40 1628/3307/40
f 1630/3308/40 1629/3309/40 1631/3310/40
f 1630/3311/40 1631/3312/40 1629/3313/40
f 1632/3314/40 1634/3315/40 1633/3316/40
f 1632/3317/40 1633/3318/40 1634/3319/40
f 1636/3320/40 1635/3321/40 1637/3322/40
f 1636/3323/40 1637/3324/40 1635/3325/40
f 1639/3326/40 1638/3327/40 1640/3328/40
f 1639/3329/40 1640/3330/40 1638/3331/40
f 1641/3332/280 1642/3333/40 1643/3334/281
f 1643/3335/281 1642/3336/40 1641/3337/280
f 1644/3338/282 1646/3339/283 1645/3340/283
f 1645/3341/283 1646/3342/283 1644/3343/282
f 1652/3344/21 1650/3345/40 1651/3346/40
f 1650/3347/40 1652/3348/21 1651/3349/40
f 1653/3350/40 1654/3351/40 1655/3352/40
f 1653/3353/40 1655/3354/40 1654/3355/40
f 1657/3356/40 1656/3357/40 1658/3358/40
f 1657/3359/40 1658/3360/40 1656/3361/40
f 1660/3362/284 1661/3363/285 1659/3364/286
f 1661/3365/285 1660/3366/284 1659/3367/286
f 1524/1/287 1525/3368/287 1526/2/287
f 1527/4/288 1528/3369/288 1529/5/288
f 1531/7/289 1532/3167/243 1533/8/242
f 1538/10/290 1539/3370/290 1540/11/290
f 1544/13/291 1545/13/247 1546/14/256
f 1548/16/292 1549/3191/262 1550/17/261
f 1555/19/293 1556/93/293 1557/20/293
f 1562/22/294 1563/3371/294 1564/23/294
f 1568/25/295 1569/3372/295 1570/26/295
f 1573/28/296 1574/57/33 1575/29/268
f 1536/31/297 1535/3373/297 1531/32/297
f 1530/37/298 1562/3374/298 1565/38/298
f 1576/30/299 1538/3159/299 1537/40/299
f 1552/41/300 1553/3375/300 1548/42/300
f 1544/44/301 1547/3376/301 1560/45/301
f 1563/47/302 1547/3377/302 1546/48/302
f 1542/50/303 1545/3378/303 1544/51/303
f 1560/53/304 1559/3379/305 1577/54/306
f 1573/28/21 1559/3197/305 1560/56/304
f 1520/58/307 1539/3380/307 1538/59/307
f 1534/9/308 1533/8/308 1568/61/308
f 1552/63/309 1523/3381/309 1526/64/309
f 1532/3202/243 1566/3205/310 1567/3382/244
f 1543/69/21 1542/3383/21 1529/70/21
f 1568/72/311 1549/3191/311 1548/16/311
f 1522/74/5 1565/3384/5 1564/75/5
f 1525/3142/312 1524/3385/312 1518/3140/312
f 1522/3386/237 1521/3138/313 1518/3147/238
f 1536/77/314 1528/3387/314 1527/78/314
f 1550/17/315 1555/19/315 1554/21/315
f 1549/3206/262 1578/3207/316 1577/3388/263
f 1539/86/317 1526/3389/317 1525/87/317
f 1561/89/21 1560/3390/21 1524/90/21
f 1532/92/43 1531/3391/318 1557/20/44
f 1530/3134/319 1529/3392/319 1517/3132/319
f 1563/3184/320 1562/3393/320 1558/3182/320
f 1570/97/321 1569/3179/321 1572/98/321
f 1576/30/322 1575/29/322 1542/100/322
f 1542/102/23 1541/3394/24 1567/103/323
f 1527/3158/324 1565/3395/324 1564/3150/324
f 1564/3150/325 1524/3152/325 1523/3153/325
f 1526/3154/21 1527/3158/21 1564/3150/21
f 1523/3396/326 1552/41/326 1562/3196/326
f 1523/3396/327 1562/3196/327 1564/3397/327
f 1538/3159/328 1529/3164/328 1528/3398/328
f 1538/3159/329 1528/3398/329 1527/3158/329
f 1526/3154/330 1539/3399/330 1538/3159/330
f 1560/3400/61 1550/3160/61 1523/3157/61
f 1542/3401/55 1533/3165/55 1528/3163/55
f 1528/3402/331 1536/3170/331 1540/3172/331
f 1528/3402/332 1540/3172/332 1538/3403/332
f 1542/3169/63 1568/61/63 1533/8/63
f 1557/3176/44 1531/3404/318 1534/3404/36
f 1534/3404/333 1533/3405/333 1542/3406/333
f 1557/3176/334 1534/3404/335 1542/3406/336
f 1573/3407/337 1537/3408/338 1575/3409/339
f 1537/3408/338 1570/3410/340 1575/3409/339
f 1546/3178/61 1555/3411/61 1557/3176/61
f 1557/3176/334 1542/3406/336 1544/3177/341
f 1575/3180/342 1570/97/342 1569/3179/342
f 1568/61/63 1542/3169/63 1575/3180/63
f 1555/3186/343 1560/53/343 1547/3188/343
f 1546/3183/252 1558/3182/251 1555/3412/344
f 1558/3182/251 1557/3413/345 1555/3412/344
f 1560/53/57 1555/3186/57 1550/3193/57
f 1568/3414/36 1548/3415/36 1551/3415/36
f 1551/3415/346 1550/3416/346 1560/3199/346
f 1568/3414/347 1551/3415/348 1560/3199/348
f 1570/3417/55 1568/3414/347 1560/3199/348
f 1575/3418/5 1570/3417/5 1576/3201/5
f 1570/3417/349 1560/3199/349 1576/3201/349
l 1 2
