# Blender 4.5.0
# www.blender.org
mtllib shop_008.lod1.mtl
o shop_008
v 4.650000 0.180000 -4.094948
v 4.650000 0.180000 4.163399
v -4.650000 0.000000 4.163399
v -4.650000 0.180000 -4.094948
v -4.650000 -0.000000 -4.094948
v 4.650000 0.000000 4.163399
v -4.650000 0.180000 4.163399
v 4.650000 -0.000000 -4.094948
v 4.550000 21.530001 -3.994238
v -4.550000 0.180000 -3.994236
v 4.550000 21.530001 4.062686
v 4.550000 0.180000 4.062687
v -4.550000 21.530001 4.062686
v -4.550000 0.180000 4.062687
v -4.550000 21.530001 -3.994238
v 4.550000 0.180000 -3.994236
v 4.609729 0.350004 -4.054664
v -4.609729 0.349995 -4.054664
v 4.610000 0.400000 4.123115
v -4.609729 0.350005 4.123115
v 4.609729 0.349996 4.123115
v -4.610000 0.300000 4.123115
v -4.610000 0.400000 4.123115
v -4.610000 0.350005 -4.054353
v -4.610000 0.349995 4.122804
v 4.610000 0.350006 4.122804
v 4.610000 0.349994 -4.054353
v 4.610000 0.400000 -4.054663
v -4.610000 0.400000 -4.054663
v -4.610000 0.300000 -4.054663
v 4.610000 0.300000 -4.054663
v 4.610000 0.300000 4.123115
v -1.505000 2.770000 -4.094948
v -3.495000 2.770000 -4.094948
v -1.505000 0.950000 -4.094948
v -1.505000 2.770000 -3.943881
v -3.495000 0.950000 -3.943881
v -1.505000 0.950000 -3.943881
v -3.495000 2.766925 -4.019797
v -3.495000 0.953075 -4.019032
v -1.505000 2.766925 -4.019032
v -1.505000 0.953075 -4.019797
v -3.495000 2.770000 -3.943881
v -1.507815 2.770000 -4.019094
v -3.492185 2.770000 -4.019735
v -3.495000 0.950000 -4.094948
v -1.507815 0.950000 -4.019735
v -3.492185 0.950000 -4.019094
v -3.425000 2.700000 -4.122644
v -1.575000 2.700000 -4.122644
v -1.575000 1.020000 -4.122644
v -3.425000 2.700000 -4.097466
v -3.425000 1.020000 -4.097466
v -1.575000 2.700000 -4.097466
v -3.425000 2.699907 -4.110057
v -3.425000 1.020093 -4.110053
v -1.575000 2.699907 -4.110053
v -1.575000 1.020093 -4.110057
v -1.575084 2.700000 -4.110053
v -3.424916 2.700000 -4.110056
v -3.425000 1.020000 -4.122644
v -1.575084 1.020000 -4.110056
v -3.424916 1.020000 -4.110053
v -1.575000 1.020000 -4.097466
v -3.424989 2.739711 -4.167964
v -3.402500 0.990000 -4.167964
v -3.447500 2.740000 -4.167964
v -3.425011 0.990289 -4.167964
v -3.425011 2.739711 -4.112572
v -3.447500 0.990000 -4.112572
v -3.402500 2.740000 -4.112572
v -3.424989 0.990289 -4.112572
v -3.447500 2.739568 -4.140289
v -3.447500 2.740000 -4.112572
v -3.447500 0.990432 -4.140247
v -3.402500 2.739568 -4.140247
v -3.402500 0.990000 -4.112572
v -3.402500 0.990432 -4.140289
v -3.417479 2.740000 -4.118744
v -3.402500 2.740000 -4.167964
v -3.432521 2.740000 -4.161793
v -3.417479 0.990000 -4.161793
v -3.447500 0.990000 -4.167964
v -3.432521 0.990000 -4.118744
v -2.499989 2.739711 -4.167964
v -2.477500 0.990000 -4.167964
v -2.522500 2.740000 -4.167964
v -2.500011 0.990289 -4.167964
v -2.500011 2.739711 -4.112572
v -2.522500 0.990000 -4.112572
v -2.477500 2.740000 -4.112572
v -2.499989 0.990289 -4.112572
v -2.522500 2.739568 -4.140289
v -2.522500 0.990000 -4.167964
v -2.522500 2.740000 -4.112572
v -2.522500 0.990432 -4.140247
v -2.477500 2.739568 -4.140247
v -2.477500 0.990000 -4.112572
v -2.477500 0.990432 -4.140289
v -2.492479 2.740000 -4.118744
v -2.477500 2.740000 -4.167964
v -2.507521 2.740000 -4.161793
v -2.492479 0.990000 -4.161793
v -2.507521 0.990000 -4.118744
v -1.574989 2.739711 -4.167964
v -1.552500 0.990000 -4.167964
v -1.597500 2.740000 -4.167964
v -1.575011 0.990289 -4.167964
v -1.575011 2.739711 -4.112572
v -1.597500 0.990000 -4.112572
v -1.552500 2.740000 -4.112572
v -1.574989 0.990289 -4.112572
v -1.597500 2.739568 -4.140289
v -1.597500 0.990432 -4.140247
v -1.552500 2.739568 -4.140247
v -1.552500 0.990000 -4.112572
v -1.552500 0.990432 -4.140289
v -1.567479 2.740000 -4.118744
v -1.552500 2.740000 -4.167964
v -1.597500 2.740000 -4.112572
v -1.582521 2.740000 -4.161793
v -1.567479 0.990000 -4.161793
v -1.597500 0.990000 -4.167964
v -1.582521 0.990000 -4.118744
v -3.540000 0.990000 -4.281264
v -1.460768 0.950044 -4.281264
v -3.539232 0.949955 -4.281264
v -1.460000 0.910000 -4.281264
v -1.460000 0.990000 -4.039557
v -3.539232 0.950044 -4.039557
v -1.460768 0.949955 -4.039557
v -3.540000 0.953077 -4.275066
v -3.540000 0.946923 -4.045754
v -1.460000 0.953077 -4.045754
v -1.460000 0.946923 -4.275066
v -1.460000 0.910000 -4.039557
v -3.540000 0.990000 -4.039557
v -1.460000 0.990000 -4.281264
v -3.540000 0.910000 -4.281264
v -3.540000 0.910000 -4.039557
v 0.995000 0.950000 -4.094948
v -0.995000 2.770000 -4.094948
v -0.995000 0.950000 -4.094948
v 0.995000 2.770000 -3.943881
v -0.995000 0.950000 -3.943881
v -0.995000 2.766925 -4.019797
v -0.995000 2.770000 -3.943881
v -0.995000 0.953075 -4.019032
v 0.995000 2.766925 -4.019032
v 0.995000 0.950000 -3.943881
v 0.995000 2.770000 -4.094948
v 0.995000 0.953075 -4.019797
v 0.992185 2.770000 -4.019094
v -0.992185 2.770000 -4.019735
v 0.992185 0.950000 -4.019735
v -0.992185 0.950000 -4.019094
v 0.925000 2.700000 -4.122644
v 0.925000 1.020000 -4.122644
v -0.925000 2.700000 -4.122644
v -0.925000 1.020000 -4.122644
v 0.925000 2.700000 -4.097466
v -0.925000 1.020000 -4.097466
v -0.925000 2.699907 -4.110057
v -0.925000 2.700000 -4.097466
v -0.925000 1.020093 -4.110053
v 0.925000 2.699907 -4.110053
v 0.925000 1.020000 -4.097466
v 0.925000 1.020093 -4.110057
v 0.924916 2.700000 -4.110053
v -0.924916 2.700000 -4.110056
v 0.924916 1.020000 -4.110056
v -0.924916 1.020000 -4.110053
v -0.924989 2.739711 -4.167964
v -0.902500 0.990000 -4.167964
v -0.947500 2.740000 -4.167964
v -0.925011 0.990289 -4.167964
v -0.925011 2.739711 -4.112572
v -0.947500 0.990000 -4.112572
v -0.902500 2.740000 -4.112572
v -0.924989 0.990289 -4.112572
v -0.947500 2.739568 -4.140289
v -0.947500 0.990000 -4.167964
v -0.947500 2.740000 -4.112572
v -0.947500 0.990432 -4.140247
v -0.902500 2.739568 -4.140247
v -0.902500 0.990000 -4.112572
v -0.902500 0.990432 -4.140289
v -0.917479 2.740000 -4.118744
v -0.902500 2.740000 -4.167964
v -0.932521 2.740000 -4.161793
v -0.917479 0.990000 -4.161793
v -0.932521 0.990000 -4.118744
v 0.000011 2.739711 -4.167964
v 0.022500 0.990000 -4.167964
v -0.022500 2.740000 -4.167964
v -0.000011 0.990289 -4.167964
v -0.000011 2.739711 -4.112572
v -0.022500 0.990000 -4.112572
v 0.022500 2.740000 -4.112572
v 0.000011 0.990289 -4.112572
v -0.022500 2.739568 -4.140289
v -0.022500 0.990432 -4.140247
v 0.022500 2.739568 -4.140247
v 0.022500 0.990432 -4.140289
v 0.007521 2.740000 -4.118744
v 0.022500 2.740000 -4.167964
v -0.022500 2.740000 -4.112572
v -0.007521 2.740000 -4.161793
v 0.007521 0.990000 -4.161793
v 0.022500 0.990000 -4.112572
v -0.022500 0.990000 -4.167964
v -0.007521 0.990000 -4.118744
v 0.925011 2.739711 -4.167964
v 0.947500 0.990000 -4.167964
v 0.902500 2.740000 -4.167964
v 0.924989 0.990289 -4.167964
v 0.924989 2.739711 -4.112572
v 0.902500 0.990000 -4.112572
v 0.947500 2.740000 -4.112572
v 0.925011 0.990289 -4.112572
v 0.902500 2.739568 -4.140289
v 0.902500 0.990000 -4.167964
v 0.902500 2.740000 -4.112572
v 0.902500 0.990432 -4.140247
v 0.947500 2.739568 -4.140247
v 0.947500 2.740000 -4.167964
v 0.947500 0.990432 -4.140289
v 0.932521 2.740000 -4.118744
v 0.917479 2.740000 -4.161793
v 0.932521 0.990000 -4.161793
v 0.947500 0.990000 -4.112572
v 0.917479 0.990000 -4.118744
v 1.039232 0.950044 -4.281264
v -1.039232 0.949955 -4.281264
v 1.040000 0.910000 -4.281264
v 1.040000 0.990000 -4.039557
v -1.039232 0.950044 -4.039557
v 1.039232 0.949955 -4.039557
v -1.040000 0.910000 -4.039557
v -1.040000 0.953077 -4.275066
v -1.040000 0.946923 -4.045754
v -1.040000 0.910000 -4.281264
v 1.040000 0.990000 -4.281264
v 1.040000 0.953077 -4.045754
v 1.040000 0.946923 -4.275066
v -1.040000 0.990000 -4.039557
v -1.040000 0.990000 -4.281264
v 1.040000 0.910000 -4.039557
v 1.505000 2.770000 -4.094948
v 3.495000 0.950000 -4.094948
v 3.495000 2.770000 -3.943881
v 1.505000 0.950000 -3.943881
v 1.505000 2.766925 -4.019797
v 1.505000 0.950000 -4.094948
v 1.505000 0.953075 -4.019032
v 3.495000 2.766925 -4.019032
v 3.495000 0.950000 -3.943881
v 3.495000 2.770000 -4.094948
v 3.495000 0.953075 -4.019797
v 1.505000 2.770000 -3.943881
v 3.492185 2.770000 -4.019094
v 1.507815 2.770000 -4.019735
v 3.492185 0.950000 -4.019735
v 1.507815 0.950000 -4.019094
v 1.575000 2.700000 -4.122644
v 3.425000 1.020000 -4.122644
v 1.575000 2.700000 -4.097466
v 1.575000 1.020000 -4.097466
v 3.425000 2.700000 -4.097466
v 3.425000 1.020000 -4.097466
v 1.575000 2.699907 -4.110057
v 1.575000 1.020093 -4.110053
v 3.425000 2.699907 -4.110053
v 3.425000 1.020093 -4.110057
v 3.424916 2.700000 -4.110053
v 1.575084 2.700000 -4.110056
v 3.425000 2.700000 -4.122644
v 1.575000 1.020000 -4.122644
v 3.424916 1.020000 -4.110056
v 1.575084 1.020000 -4.110053
v 1.575011 2.739711 -4.167964
v 1.597500 0.990000 -4.167964
v 1.552500 2.740000 -4.167964
v 1.574989 0.990289 -4.167964
v 1.574989 2.739711 -4.112572
v 1.552500 0.990000 -4.112572
v 1.597500 2.740000 -4.112572
v 1.575011 0.990289 -4.112572
v 1.552500 2.739568 -4.140289
v 1.552500 0.990000 -4.167964
v 1.552500 0.990432 -4.140247
v 1.597500 2.739568 -4.140247
v 1.597500 2.740000 -4.167964
v 1.597500 0.990432 -4.140289
v 1.582521 2.740000 -4.118744
v 1.552500 2.740000 -4.112572
v 1.567479 2.740000 -4.161793
v 1.582521 0.990000 -4.161793
v 1.597500 0.990000 -4.112572
v 1.567479 0.990000 -4.118744
v 2.500011 2.739711 -4.167964
v 2.522500 0.990000 -4.167964
v 2.477500 2.740000 -4.167964
v 2.499989 0.990289 -4.167964
v 2.499989 2.739711 -4.112572
v 2.477500 0.990000 -4.112572
v 2.522500 2.740000 -4.112572
v 2.500011 0.990289 -4.112572
v 2.477500 2.739568 -4.140289
v 2.477500 0.990000 -4.167964
v 2.477500 2.740000 -4.112572
v 2.477500 0.990432 -4.140247
v 2.522500 2.739568 -4.140247
v 2.522500 0.990000 -4.112572
v 2.522500 0.990432 -4.140289
v 2.507521 2.740000 -4.118744
v 2.522500 2.740000 -4.167964
v 2.492479 2.740000 -4.161793
v 2.507521 0.990000 -4.161793
v 2.492479 0.990000 -4.118744
v 3.425011 2.739711 -4.167964
v 3.447500 0.990000 -4.167964
v 3.402500 2.740000 -4.167964
v 3.424989 0.990289 -4.167964
v 3.424989 2.739711 -4.112572
v 3.402500 0.990000 -4.112572
v 3.447500 2.740000 -4.112572
v 3.425011 0.990289 -4.112572
v 3.402500 2.739568 -4.140289
v 3.402500 2.740000 -4.112572
v 3.402500 0.990432 -4.140247
v 3.447500 2.739568 -4.140247
v 3.447500 0.990000 -4.112572
v 3.447500 2.740000 -4.167964
v 3.447500 0.990432 -4.140289
v 3.432521 2.740000 -4.118744
v 3.417479 2.740000 -4.161793
v 3.432521 0.990000 -4.161793
v 3.402500 0.990000 -4.167964
v 3.417479 0.990000 -4.118744
v 3.539232 0.950044 -4.281264
v 1.460768 0.949955 -4.281264
v 3.540000 0.910000 -4.281264
v 3.540000 0.990000 -4.039557
v 1.460768 0.950044 -4.039557
v 3.539232 0.949955 -4.039557
v 1.460000 0.953077 -4.275066
v 1.460000 0.946923 -4.045754
v 3.540000 0.953077 -4.045754
v 3.540000 0.946923 -4.275066
v 3.540000 0.990000 -4.281264
v 1.460000 0.990000 -4.039557
v 1.460000 0.990000 -4.281264
v 1.460000 0.910000 -4.281264
v 3.540000 0.910000 -4.039557
v 1.460000 0.910000 -4.039557
v -4.650000 2.770000 3.554094
v -4.650000 0.950000 1.549934
v -4.650000 0.950000 3.554094
v -4.500000 2.770000 3.554094
v -4.500000 2.770000 1.549934
v -4.500000 0.950000 3.554094
v -4.575380 2.766925 3.554094
v -4.574620 0.953075 3.554094
v -4.574620 2.766925 1.549934
v -4.575380 0.953075 1.549934
v -4.574682 2.770000 1.552769
v -4.575318 2.770000 3.551259
v -4.650000 2.770000 1.549934
v -4.575318 0.950000 1.552769
v -4.574682 0.950000 3.551260
v -4.500000 0.950000 1.549934
v -4.677500 2.700000 3.483596
v -4.677500 2.700000 1.620432
v -4.677500 1.020000 1.620432
v -4.677500 1.020000 3.483596
v -4.652500 2.700000 1.620432
v -4.652500 1.020000 3.483596
v -4.665002 2.699907 3.483596
v -4.652500 2.700000 3.483596
v -4.664998 1.020093 3.483596
v -4.664998 2.699907 1.620432
v -4.652500 1.020000 1.620432
v -4.665002 1.020093 1.620432
v -4.664998 2.700000 1.620517
v -4.665002 2.700000 3.483511
v -4.665002 1.020000 1.620517
v -4.664998 1.020000 3.483511
v -4.722500 2.739711 3.483585
v -4.722500 0.990000 3.460936
v -4.722500 2.740000 3.506256
v -4.722500 0.990289 3.483607
v -4.667500 2.739711 3.483607
v -4.667500 0.990000 3.506256
v -4.667500 2.740000 3.460936
v -4.667500 0.990289 3.483585
v -4.695020 2.739568 3.506256
v -4.722500 0.990000 3.506256
v -4.667500 2.740000 3.506256
v -4.694980 0.990432 3.506256
v -4.694980 2.739568 3.460936
v -4.667500 0.990000 3.460936
v -4.695020 0.990432 3.460936
v -4.673628 2.740000 3.476022
v -4.722500 2.740000 3.460936
v -4.716372 2.740000 3.491170
v -4.716372 0.990000 3.476022
v -4.673628 0.990000 3.491170
v -4.722500 2.739711 2.552003
v -4.722500 0.990000 2.529354
v -4.722500 2.740000 2.574674
v -4.722500 0.990289 2.552026
v -4.667500 2.739711 2.552025
v -4.667500 0.990000 2.574674
v -4.667500 2.740000 2.529354
v -4.667500 0.990289 2.552003
v -4.695020 2.739568 2.574674
v -4.722500 0.990000 2.574674
v -4.667500 2.740000 2.574674
v -4.694980 0.990432 2.574674
v -4.694980 2.739568 2.529354
v -4.722500 2.740000 2.529354
v -4.695020 0.990432 2.529354
v -4.673628 2.740000 2.544440
v -4.716372 2.740000 2.559588
v -4.716372 0.990000 2.544440
v -4.667500 0.990000 2.529354
v -4.673628 0.990000 2.559588
v -4.722500 2.739711 1.620421
v -4.722500 0.990000 1.597772
v -4.722500 2.740000 1.643092
v -4.722500 0.990289 1.620444
v -4.667500 2.739711 1.620443
v -4.667500 0.990000 1.643092
v -4.667500 2.740000 1.597772
v -4.667500 0.990289 1.620421
v -4.695020 2.739568 1.643092
v -4.694980 0.990432 1.643092
v -4.694980 2.739568 1.597772
v -4.722500 2.740000 1.597772
v -4.695020 0.990432 1.597772
v -4.673628 2.740000 1.612858
v -4.667500 2.740000 1.643092
v -4.716372 2.740000 1.628006
v -4.716372 0.990000 1.612858
v -4.667500 0.990000 1.597772
v -4.722500 0.990000 1.643092
v -4.673628 0.990000 1.628007
v -4.835000 0.990000 3.599414
v -4.835000 0.950044 1.505388
v -4.835000 0.949956 3.598640
v -4.835000 0.910000 1.504614
v -4.595000 0.950045 3.598640
v -4.595000 0.949956 1.505388
v -4.828846 0.953077 3.599414
v -4.601154 0.946923 3.599414
v -4.835000 0.990000 1.504614
v -4.601154 0.953077 1.504614
v -4.828846 0.946923 1.504614
v -4.595000 0.990000 3.599414
v -4.595000 0.990000 1.504614
v -4.595000 0.910000 1.504614
v -4.835000 0.910000 3.599414
v -4.595000 0.910000 3.599414
v -4.650000 0.950000 -0.967854
v -4.650000 2.770000 1.036305
v -4.500000 2.770000 1.036305
v -4.500000 0.950000 1.036305
v -4.500000 2.770000 -0.967855
v -4.500000 0.950000 -0.967854
v -4.575380 2.766925 1.036305
v -4.574620 0.953075 1.036305
v -4.574620 2.766925 -0.967855
v -4.575380 0.953075 -0.967854
v -4.574682 2.770000 -0.965020
v -4.575318 2.770000 1.033471
v -4.650000 2.770000 -0.967855
v -4.650000 0.950000 1.036305
v -4.575318 0.950000 -0.965020
v -4.574682 0.950000 1.033471
v -4.677500 2.700000 0.965807
v -4.677500 2.700000 -0.897357
v -4.677500 1.020000 -0.897356
v -4.652500 2.700000 -0.897357
v -4.652500 1.020000 0.965807
v -4.665002 2.699907 0.965807
v -4.664998 1.020093 0.965807
v -4.664998 2.699907 -0.897357
v -4.652500 1.020000 -0.897356
v -4.665002 1.020093 -0.897356
v -4.652500 2.700000 0.965807
v -4.664998 2.700000 -0.897271
v -4.665002 2.700000 0.965722
v -4.677500 1.020000 0.965807
v -4.665002 1.020000 -0.897271
v -4.664998 1.020000 0.965722
v -4.722500 2.739711 0.965796
v -4.722500 0.990000 0.943147
v -4.722500 2.740000 0.988467
v -4.722500 0.990289 0.965818
v -4.667500 2.739711 0.965818
v -4.667500 0.990000 0.988467
v -4.667500 2.740000 0.943147
v -4.667500 0.990289 0.965796
v -4.695020 2.739568 0.988467
v -4.722500 0.990000 0.988467
v -4.667500 2.740000 0.988467
v -4.694980 0.990432 0.988467
v -4.694980 2.739568 0.943147
v -4.667500 0.990000 0.943147
v -4.722500 2.740000 0.943147
v -4.695020 0.990432 0.943147
v -4.673628 2.740000 0.958233
v -4.716372 2.740000 0.973381
v -4.716372 0.990000 0.958233
v -4.673628 0.990000 0.973382
v -4.722500 2.739711 0.034214
v -4.722500 0.990000 0.011565
v -4.722500 2.740000 0.056885
v -4.722500 0.990289 0.034237
v -4.667500 2.739711 0.034237
v -4.667500 0.990000 0.056886
v -4.667500 2.740000 0.011565
v -4.667500 0.990289 0.034214
v -4.695020 2.739568 0.056885
v -4.694980 0.990432 0.056886
v -4.694980 2.739568 0.011565
v -4.667500 0.990000 0.011565
v -4.695020 0.990432 0.011565
v -4.673628 2.740000 0.026651
v -4.722500 2.740000 0.011565
v -4.667500 2.740000 0.056885
v -4.716372 2.740000 0.041799
v -4.716372 0.990000 0.026651
v -4.722500 0.990000 0.056886
v -4.673628 0.990000 0.041800
v -4.722500 2.739711 -0.897368
v -4.722500 0.990000 -0.920016
v -4.722500 2.740000 -0.874696
v -4.722500 0.990289 -0.897345
v -4.667500 2.739711 -0.897345
v -4.667500 0.990000 -0.874696
v -4.667500 2.740000 -0.920017
v -4.667500 0.990289 -0.897368
v -4.695020 2.739568 -0.874696
v -4.722500 0.990000 -0.874696
v -4.667500 2.740000 -0.874696
v -4.694980 0.990432 -0.874696
v -4.694980 2.739568 -0.920017
v -4.667500 0.990000 -0.920016
v -4.722500 2.740000 -0.920017
v -4.695020 0.990432 -0.920016
v -4.673628 2.740000 -0.904931
v -4.716372 2.740000 -0.889782
v -4.716372 0.990000 -0.904930
v -4.673628 0.990000 -0.889782
v -4.835000 0.990000 1.081625
v -4.835000 0.950044 -1.012401
v -4.835000 0.949956 1.080852
v -4.595000 0.990000 -1.013175
v -4.595000 0.950044 1.080852
v -4.595000 0.949956 -1.012401
v -4.595000 0.910000 1.081625
v -4.828846 0.953077 1.081625
v -4.601154 0.946923 1.081625
v -4.835000 0.910000 1.081625
v -4.601154 0.953077 -1.013175
v -4.828846 0.946923 -1.013175
v -4.595000 0.990000 1.081625
v -4.835000 0.990000 -1.013175
v -4.835000 0.910000 -1.013175
v -4.595000 0.910000 -1.013175
v -4.650000 2.770000 -1.481484
v -4.650000 0.950000 -3.485643
v -4.500000 2.770000 -3.485643
v -4.500000 0.950000 -1.481483
v -4.575380 2.766925 -1.481483
v -4.650000 0.950000 -1.481483
v -4.500000 2.770000 -1.481484
v -4.574620 0.953075 -1.481483
v -4.574620 2.766925 -3.485643
v -4.575380 0.953075 -3.485643
v -4.574682 2.770000 -3.482809
v -4.575318 2.770000 -1.484318
v -4.650000 2.770000 -3.485643
v -4.575318 0.950000 -3.482808
v -4.574682 0.950000 -1.484318
v -4.500000 0.950000 -3.485643
v -4.677500 2.700000 -1.551982
v -4.677500 1.020000 -3.415145
v -4.677500 1.020000 -1.551982
v -4.652500 2.700000 -1.551982
v -4.652500 1.020000 -1.551982
v -4.652500 2.700000 -3.415145
v -4.665002 2.699907 -1.551982
v -4.664998 1.020093 -1.551982
v -4.664998 2.699907 -3.415145
v -4.665002 1.020093 -3.415145
v -4.664998 2.700000 -3.415060
v -4.665002 2.700000 -1.552067
v -4.677500 2.700000 -3.415145
v -4.665002 1.020000 -3.415060
v -4.664998 1.020000 -1.552067
v -4.652500 1.020000 -3.415145
v -4.722500 2.739711 -1.551993
v -4.722500 0.990000 -1.574642
v -4.722500 2.740000 -1.529322
v -4.722500 0.990289 -1.551970
v -4.667500 2.739711 -1.551970
v -4.667500 0.990000 -1.529321
v -4.667500 2.740000 -1.574642
v -4.667500 0.990289 -1.551993
v -4.695020 2.739568 -1.529322
v -4.667500 2.740000 -1.529322
v -4.694980 0.990432 -1.529322
v -4.694980 2.739568 -1.574642
v -4.667500 0.990000 -1.574642
v -4.722500 2.740000 -1.574642
v -4.695020 0.990432 -1.574642
v -4.673628 2.740000 -1.559556
v -4.716372 2.740000 -1.544407
v -4.716372 0.990000 -1.559556
v -4.722500 0.990000 -1.529321
v -4.673628 0.990000 -1.544407
v -4.722500 2.739711 -2.483574
v -4.722500 0.990000 -2.506223
v -4.722500 2.740000 -2.460903
v -4.722500 0.990289 -2.483552
v -4.667500 2.739711 -2.483552
v -4.667500 0.990000 -2.460903
v -4.667500 2.740000 -2.506224
v -4.667500 0.990289 -2.483574
v -4.695020 2.739568 -2.460903
v -4.694980 0.990432 -2.460903
v -4.694980 2.739568 -2.506224
v -4.667500 0.990000 -2.506223
v -4.722500 2.740000 -2.506224
v -4.695020 0.990432 -2.506223
v -4.673628 2.740000 -2.491138
v -4.667500 2.740000 -2.460903
v -4.716372 2.740000 -2.475989
v -4.716372 0.990000 -2.491138
v -4.722500 0.990000 -2.460903
v -4.673628 0.990000 -2.475989
v -4.722500 2.739711 -3.415157
v -4.722500 0.990000 -3.437805
v -4.722500 2.740000 -3.392485
v -4.722500 0.990289 -3.415134
v -4.667500 2.739711 -3.415134
v -4.667500 0.990000 -3.392485
v -4.667500 2.740000 -3.437805
v -4.667500 0.990289 -3.415156
v -4.695020 2.739568 -3.392485
v -4.722500 0.990000 -3.392485
v -4.694980 0.990432 -3.392485
v -4.694980 2.739568 -3.437805
v -4.722500 2.740000 -3.437805
v -4.695020 0.990432 -3.437805
v -4.673628 2.740000 -3.422719
v -4.667500 2.740000 -3.392485
v -4.716372 2.740000 -3.407571
v -4.716372 0.990000 -3.422719
v -4.667500 0.990000 -3.437805
v -4.673628 0.990000 -3.407571
v -4.835000 0.990000 -1.436163
v -4.835000 0.950044 -3.530189
v -4.835000 0.949956 -1.436937
v -4.835000 0.910000 -3.530963
v -4.595000 0.950044 -1.436937
v -4.595000 0.949955 -3.530189
v -4.828846 0.953077 -1.436163
v -4.601154 0.946923 -1.436163
v -4.835000 0.910000 -1.436163
v -4.835000 0.990000 -3.530963
v -4.601154 0.953077 -3.530963
v -4.828846 0.946923 -3.530963
v -4.595000 0.990000 -1.436163
v -4.595000 0.990000 -3.530963
v -4.595000 0.910000 -3.530963
v -4.595000 0.910000 -1.436163
v 1.505000 0.950000 4.163399
v 3.495000 2.770000 4.163399
v 1.505000 2.770000 4.012331
v 3.495000 0.950000 4.012332
v 3.495000 2.766925 4.088248
v 3.495000 0.950000 4.163399
v 3.495000 0.953075 4.087482
v 1.505000 2.766925 4.087482
v 1.505000 2.770000 4.163399
v 1.505000 0.953075 4.088248
v 3.495000 2.770000 4.012331
v 1.507815 2.770000 4.087545
v 3.492185 2.770000 4.088186
v 1.507815 0.950000 4.088186
v 3.492185 0.950000 4.087545
v 1.505000 0.950000 4.012332
v 3.425000 2.700000 4.191095
v 1.575000 2.700000 4.191095
v 1.575000 1.020000 4.191095
v 1.575000 2.700000 4.165917
v 3.425000 2.700000 4.165917
v 3.425000 1.020000 4.165917
v 3.425000 2.699907 4.178508
v 3.425000 1.020000 4.191095
v 3.425000 1.020093 4.178504
v 1.575000 2.699907 4.178504
v 1.575000 1.020093 4.178508
v 1.575084 2.700000 4.178504
v 3.424916 2.700000 4.178507
v 1.575084 1.020000 4.178507
v 3.424916 1.020000 4.178504
v 1.575000 1.020000 4.165917
v 3.424989 2.739711 4.236415
v 3.402500 0.990000 4.236415
v 3.447500 2.740000 4.236415
v 3.425011 0.990289 4.236415
v 3.425011 2.739711 4.181024
v 3.447500 0.990000 4.181024
v 3.402500 2.740000 4.181024
v 3.424989 0.990289 4.181024
v 3.447500 2.739568 4.208740
v 3.447500 0.990000 4.236415
v 3.447500 0.990432 4.208699
v 3.402500 2.739568 4.208699
v 3.402500 2.740000 4.236415
v 3.402500 0.990432 4.208740
v 3.417479 2.740000 4.187195
v 3.447500 2.740000 4.181024
v 3.432521 2.740000 4.230244
v 3.417479 0.990000 4.230244
v 3.402500 0.990000 4.181024
v 3.432521 0.990000 4.187195
v 2.499989 2.739711 4.236415
v 2.477500 0.990000 4.236415
v 2.522500 2.740000 4.236415
v 2.500011 0.990289 4.236415
v 2.500011 2.739711 4.181024
v 2.522500 0.990000 4.181024
v 2.477500 2.740000 4.181024
v 2.499989 0.990289 4.181024
v 2.522500 2.739568 4.208740
v 2.522500 0.990000 4.236415
v 2.522500 0.990432 4.208699
v 2.477500 2.739568 4.208699
v 2.477500 0.990000 4.181024
v 2.477500 0.990432 4.208740
v 2.492479 2.740000 4.187195
v 2.477500 2.740000 4.236415
v 2.522500 2.740000 4.181024
v 2.507521 2.740000 4.230244
v 2.492479 0.990000 4.230244
v 2.507521 0.990000 4.187195
v 1.574989 2.739711 4.236415
v 1.552500 0.990000 4.236415
v 1.597500 2.740000 4.236415
v 1.575011 0.990289 4.236415
v 1.575011 2.739711 4.181024
v 1.597500 0.990000 4.181024
v 1.552500 2.740000 4.181024
v 1.574989 0.990289 4.181024
v 1.597500 2.739568 4.208740
v 1.597500 0.990000 4.236415
v 1.597500 2.740000 4.181024
v 1.597500 0.990432 4.208699
v 1.552500 2.739568 4.208699
v 1.552500 2.740000 4.236415
v 1.552500 0.990432 4.208740
v 1.567479 2.740000 4.187195
v 1.582521 2.740000 4.230244
v 1.567479 0.990000 4.230244
v 1.552500 0.990000 4.181024
v 1.582521 0.990000 4.187195
v 3.540000 0.990000 4.349715
v 1.460768 0.950045 4.349715
v 3.539232 0.949956 4.349715
v 3.539232 0.950045 4.108008
v 1.460768 0.949956 4.108008
v 3.540000 0.990000 4.108008
v 3.540000 0.953077 4.343517
v 3.540000 0.946923 4.114206
v 1.460000 0.953077 4.114206
v 1.460000 0.946923 4.343517
v 1.460000 0.990000 4.108008
v 1.460000 0.990000 4.349715
v 1.460000 0.910000 4.349715
v 3.540000 0.910000 4.349715
v 1.460000 0.910000 4.108008
v 3.540000 0.910000 4.108008
v 0.995000 2.770000 4.163399
v -0.995000 2.770000 4.163399
v -0.995000 0.950000 4.163399
v 0.995000 0.950000 4.012332
v -0.995000 2.770000 4.012331
v 0.995000 2.766925 4.088248
v 0.995000 0.953075 4.087482
v -0.995000 2.766925 4.087482
v -0.995000 0.953075 4.088248
v 0.995000 2.770000 4.012331
v -0.992185 2.770000 4.087545
v 0.992185 2.770000 4.088186
v 0.995000 0.950000 4.163399
v -0.992185 0.950000 4.088186
v 0.992185 0.950000 4.087545
v -0.995000 0.950000 4.012332
v 0.925000 2.700000 4.191095
v -0.925000 1.020000 4.191095
v 0.925000 1.020000 4.191095
v 0.925000 2.700000 4.165917
v -0.925000 2.700000 4.165917
v 0.925000 1.020000 4.165917
v 0.925000 2.699907 4.178508
v 0.925000 1.020093 4.178504
v -0.925000 2.699907 4.178504
v -0.925000 1.020093 4.178508
v -0.924916 2.700000 4.178504
v 0.924916 2.700000 4.178507
v -0.925000 2.700000 4.191095
v -0.924916 1.020000 4.178507
v 0.924916 1.020000 4.178504
v -0.925000 1.020000 4.165917
v 0.924989 2.739711 4.236415
v 0.902500 0.990000 4.236415
v 0.947500 2.740000 4.236415
v 0.925011 0.990289 4.236415
v 0.925011 2.739711 4.181024
v 0.947500 0.990000 4.181024
v 0.902500 2.740000 4.181024
v 0.924989 0.990289 4.181024
v 0.947500 2.739568 4.208740
v 0.947500 2.740000 4.181024
v 0.947500 0.990432 4.208699
v 0.902500 2.739568 4.208699
v 0.902500 0.990000 4.181024
v 0.902500 2.740000 4.236415
v 0.902500 0.990432 4.208740
v 0.917479 2.740000 4.187195
v 0.932521 2.740000 4.230244
v 0.917479 0.990000 4.230244
v 0.947500 0.990000 4.236415
v 0.932521 0.990000 4.187195
v -0.000011 2.739711 4.236415
v -0.022500 0.990000 4.236415
v 0.022500 2.740000 4.236415
v 0.000011 0.990289 4.236415
v 0.000011 2.739711 4.181024
v 0.022500 0.990000 4.181024
v -0.022500 2.740000 4.181024
v -0.000011 0.990289 4.181024
v 0.022500 2.739568 4.208740
v 0.022500 0.990432 4.208699
v -0.022500 2.739568 4.208699
v -0.022500 2.740000 4.236415
v -0.022500 0.990432 4.208740
v -0.007521 2.740000 4.187195
v 0.022500 2.740000 4.181024
v 0.007521 2.740000 4.230244
v -0.007521 0.990000 4.230244
v -0.022500 0.990000 4.181024
v 0.022500 0.990000 4.236415
v 0.007521 0.990000 4.187195
v -0.925011 2.739711 4.236415
v -0.947500 0.990000 4.236415
v -0.902500 2.740000 4.236415
v -0.924989 0.990289 4.236415
v -0.924989 2.739711 4.181024
v -0.902500 0.990000 4.181024
v -0.947500 2.740000 4.181024
v -0.925011 0.990289 4.181024
v -0.902500 2.739568 4.208740
v -0.902500 0.990000 4.236415
v -0.902500 2.740000 4.181024
v -0.902500 0.990432 4.208699
v -0.947500 2.739568 4.208699
v -0.947500 0.990000 4.181024
v -0.947500 0.990432 4.208740
v -0.932521 2.740000 4.187195
v -0.947500 2.740000 4.236415
v -0.917479 2.740000 4.230244
v -0.932521 0.990000 4.230244
v -0.917479 0.990000 4.187195
v 1.040000 0.990000 4.349715
v -1.039232 0.950045 4.349715
v 1.039232 0.949956 4.349715
v -1.040000 0.910000 4.349715
v 1.039232 0.950045 4.108008
v -1.039232 0.949956 4.108008
v 1.040000 0.910000 4.108008
v 1.040000 0.953077 4.343517
v 1.040000 0.946923 4.114206
v 1.040000 0.910000 4.349715
v -1.040000 0.990000 4.349715
v -1.040000 0.953077 4.114206
v -1.040000 0.946923 4.343517
v -1.040000 0.910000 4.108008
v 1.040000 0.990000 4.108008
v -1.040000 0.990000 4.108008
v -1.505000 2.770000 4.163399
v -3.495000 0.950000 4.163399
v -3.495000 2.770000 4.012331
v -1.505000 0.950000 4.012332
v -3.495000 0.950000 4.012332
v -1.505000 2.766925 4.088248
v -1.505000 0.953075 4.087482
v -3.495000 2.766925 4.087482
v -3.495000 0.953075 4.088248
v -1.505000 2.770000 4.012331
v -3.492185 2.770000 4.087545
v -1.507815 2.770000 4.088186
v -3.495000 2.770000 4.163399
v -1.505000 0.950000 4.163399
v -3.492185 0.950000 4.088186
v -1.507815 0.950000 4.087545
v -1.575000 2.700000 4.191095
v -3.425000 1.020000 4.191095
v -1.575000 1.020000 4.191095
v -1.575000 1.020000 4.165917
v -3.425000 2.700000 4.165917
v -1.575000 2.699907 4.178508
v -1.575000 2.700000 4.165917
v -1.575000 1.020093 4.178504
v -3.425000 2.699907 4.178504
v -3.425000 1.020000 4.165917
v -3.425000 2.700000 4.191095
v -3.425000 1.020093 4.178508
v -3.424916 2.700000 4.178504
v -1.575084 2.700000 4.178507
v -3.424916 1.020000 4.178507
v -1.575084 1.020000 4.178504
v -1.575011 2.739711 4.236415
v -1.597500 0.990000 4.236415
v -1.552500 2.740000 4.236415
v -1.574989 0.990289 4.236415
v -1.574989 2.739711 4.181024
v -1.552500 0.990000 4.181024
v -1.597500 2.740000 4.181024
v -1.575011 0.990289 4.181024
v -1.552500 2.739568 4.208740
v -1.552500 0.990000 4.236415
v -1.552500 2.740000 4.181024
v -1.552500 0.990432 4.208699
v -1.597500 2.739568 4.208699
v -1.597500 0.990000 4.181024
v -1.597500 0.990432 4.208740
v -1.582521 2.740000 4.187195
v -1.597500 2.740000 4.236415
v -1.567479 2.740000 4.230244
v -1.582521 0.990000 4.230244
v -1.567479 0.990000 4.187195
v -2.500011 2.739711 4.236415
v -2.522500 0.990000 4.236415
v -2.477500 2.740000 4.236415
v -2.499989 0.990289 4.236415
v -2.499989 2.739711 4.181024
v -2.477500 0.990000 4.181024
v -2.522500 2.740000 4.181024
v -2.500011 0.990289 4.181024
v -2.477500 2.739568 4.208740
v -2.477500 0.990000 4.236415
v -2.477500 2.740000 4.181024
v -2.477500 0.990432 4.208699
v -2.522500 2.739568 4.208699
v -2.522500 0.990432 4.208740
v -2.507521 2.740000 4.187195
v -2.522500 2.740000 4.236415
v -2.492479 2.740000 4.230244
v -2.507521 0.990000 4.230244
v -2.522500 0.990000 4.181024
v -2.492479 0.990000 4.187195
v -3.425011 2.739711 4.236415
v -3.447500 0.990000 4.236415
v -3.402500 2.740000 4.236415
v -3.424989 0.990289 4.236415
v -3.424989 2.739711 4.181024
v -3.402500 0.990000 4.181024
v -3.447500 2.740000 4.181024
v -3.425011 0.990289 4.181024
v -3.402500 2.739568 4.208740
v -3.402500 0.990432 4.208699
v -3.447500 2.739568 4.208699
v -3.447500 0.990432 4.208740
v -3.432521 2.740000 4.187195
v -3.447500 2.740000 4.236415
v -3.402500 2.740000 4.181024
v -3.417479 2.740000 4.230244
v -3.432521 0.990000 4.230244
v -3.447500 0.990000 4.181024
v -3.402500 0.990000 4.236415
v -3.417479 0.990000 4.187195
v -3.539232 0.950045 4.349715
v -1.460768 0.949956 4.349715
v -3.540000 0.990000 4.108008
v -1.460768 0.950045 4.108008
v -3.539232 0.949956 4.108008
v -1.460000 0.953077 4.343517
v -1.460000 0.946923 4.114206
v -1.460000 0.910000 4.349715
v -3.540000 0.953077 4.114206
v -3.540000 0.946923 4.343517
v -1.460000 0.990000 4.108008
v -3.540000 0.990000 4.349715
v -1.460000 0.990000 4.349715
v -3.540000 0.910000 4.349715
v -3.540000 0.910000 4.108008
v -1.460000 0.910000 4.108008
v 4.650000 2.770000 -3.485643
v 4.650000 0.950000 -1.481483
v 4.500000 0.950000 -3.485643
v 4.500000 2.770000 -1.481484
v 4.575380 2.766925 -3.485643
v 4.650000 0.950000 -3.485643
v 4.574620 0.953075 -3.485643
v 4.574620 2.766925 -1.481483
v 4.500000 0.950000 -1.481483
v 4.650000 2.770000 -1.481484
v 4.575380 0.953075 -1.481483
v 4.500000 2.770000 -3.485643
v 4.574682 2.770000 -1.484318
v 4.575318 2.770000 -3.482809
v 4.575318 0.950000 -1.484318
v 4.574682 0.950000 -3.482808
v 4.677500 2.700000 -3.415145
v 4.677500 1.020000 -1.551982
v 4.652500 2.700000 -1.551982
v 4.652500 2.700000 -3.415145
v 4.652500 1.020000 -3.415145
v 4.665002 2.699907 -3.415145
v 4.664998 1.020093 -3.415145
v 4.664998 2.699907 -1.551982
v 4.677500 2.700000 -1.551982
v 4.665002 1.020093 -1.551982
v 4.664998 2.700000 -1.552067
v 4.665002 2.700000 -3.415060
v 4.677500 1.020000 -3.415145
v 4.665002 1.020000 -1.552067
v 4.664998 1.020000 -3.415060
v 4.652500 1.020000 -1.551982
v 4.722500 2.739711 -3.415134
v 4.722500 0.990000 -3.392485
v 4.722500 2.740000 -3.437805
v 4.722500 0.990289 -3.415156
v 4.667500 2.739711 -3.415157
v 4.667500 0.990000 -3.437805
v 4.667500 2.740000 -3.392485
v 4.667500 0.990289 -3.415134
v 4.695020 2.739568 -3.437805
v 4.694980 0.990432 -3.437805
v 4.694980 2.739568 -3.392485
v 4.695020 0.990432 -3.392485
v 4.673628 2.740000 -3.407571
v 4.722500 2.740000 -3.392485
v 4.667500 2.740000 -3.437805
v 4.716372 2.740000 -3.422719
v 4.716372 0.990000 -3.407571
v 4.667500 0.990000 -3.392485
v 4.722500 0.990000 -3.437805
v 4.673628 0.990000 -3.422719
v 4.722500 2.739711 -2.483552
v 4.722500 0.990000 -2.460903
v 4.722500 2.740000 -2.506224
v 4.722500 0.990289 -2.483574
v 4.667500 2.739711 -2.483574
v 4.667500 0.990000 -2.506223
v 4.667500 2.740000 -2.460903
v 4.667500 0.990289 -2.483552
v 4.695020 2.739568 -2.506224
v 4.722500 0.990000 -2.506223
v 4.694980 0.990432 -2.506223
v 4.694980 2.739568 -2.460903
v 4.667500 0.990000 -2.460903
v 4.722500 2.740000 -2.460903
v 4.695020 0.990432 -2.460903
v 4.673628 2.740000 -2.475989
v 4.667500 2.740000 -2.506224
v 4.716372 2.740000 -2.491138
v 4.716372 0.990000 -2.475989
v 4.673628 0.990000 -2.491138
v 4.722500 2.739711 -1.551970
v 4.722500 0.990000 -1.529321
v 4.722500 2.740000 -1.574642
v 4.722500 0.990289 -1.551993
v 4.667500 2.739711 -1.551993
v 4.667500 0.990000 -1.574642
v 4.667500 2.740000 -1.529322
v 4.667500 0.990289 -1.551970
v 4.695020 2.739568 -1.574642
v 4.694980 0.990432 -1.574642
v 4.694980 2.739568 -1.529322
v 4.722500 2.740000 -1.529322
v 4.695020 0.990432 -1.529322
v 4.673628 2.740000 -1.544407
v 4.667500 2.740000 -1.574642
v 4.716372 2.740000 -1.559556
v 4.716372 0.990000 -1.544407
v 4.667500 0.990000 -1.529321
v 4.722500 0.990000 -1.574642
v 4.673628 0.990000 -1.559556
v 4.835000 0.950044 -1.436937
v 4.835000 0.949955 -3.530189
v 4.835000 0.910000 -1.436163
v 4.595000 0.990000 -1.436163
v 4.595000 0.950044 -3.530189
v 4.595000 0.949956 -1.436937
v 4.595000 0.990000 -3.530963
v 4.828846 0.953077 -3.530963
v 4.601154 0.946923 -3.530963
v 4.835000 0.910000 -3.530963
v 4.601154 0.953077 -1.436163
v 4.828846 0.946923 -1.436163
v 4.835000 0.990000 -1.436163
v 4.835000 0.990000 -3.530963
v 4.595000 0.910000 -1.436163
v 4.595000 0.910000 -3.530963
v 4.650000 2.770000 -0.967855
v 4.650000 0.950000 1.036305
v 4.500000 2.770000 1.036305
v 4.500000 0.950000 -0.967854
v 4.575380 2.766925 -0.967855
v 4.650000 0.950000 -0.967854
v 4.574620 0.953075 -0.967854
v 4.574620 2.766925 1.036305
v 4.500000 0.950000 1.036305
v 4.575380 0.953075 1.036305
v 4.500000 2.770000 -0.967855
v 4.574682 2.770000 1.033471
v 4.575318 2.770000 -0.965020
v 4.650000 2.770000 1.036305
v 4.575318 0.950000 1.033471
v 4.574682 0.950000 -0.965020
v 4.677500 1.020000 0.965807
v 4.677500 2.700000 -0.897357
v 4.677500 1.020000 -0.897356
v 4.652500 2.700000 0.965807
v 4.652500 2.700000 -0.897357
v 4.652500 1.020000 -0.897356
v 4.665002 2.699907 -0.897357
v 4.664998 1.020093 -0.897356
v 4.664998 2.699907 0.965807
v 4.652500 1.020000 0.965807
v 4.665002 1.020093 0.965807
v 4.664998 2.700000 0.965722
v 4.665002 2.700000 -0.897271
v 4.677500 2.700000 0.965807
v 4.665002 1.020000 0.965722
v 4.664998 1.020000 -0.897271
v 4.722500 2.739711 -0.897345
v 4.722500 0.990000 -0.874696
v 4.722500 2.740000 -0.920017
v 4.722500 0.990289 -0.897368
v 4.667500 2.739711 -0.897368
v 4.667500 0.990000 -0.920016
v 4.667500 2.740000 -0.874696
v 4.667500 0.990289 -0.897345
v 4.695020 2.739568 -0.920017
v 4.667500 2.740000 -0.920017
v 4.694980 0.990432 -0.920016
v 4.694980 2.739568 -0.874696
v 4.722500 2.740000 -0.874696
v 4.695020 0.990432 -0.874696
v 4.673628 2.740000 -0.889782
v 4.716372 2.740000 -0.904931
v 4.716372 0.990000 -0.889782
v 4.667500 0.990000 -0.874696
v 4.722500 0.990000 -0.920016
v 4.673628 0.990000 -0.904931
v 4.722500 2.739711 0.034237
v 4.722500 0.990000 0.056886
v 4.722500 2.740000 0.011565
v 4.722500 0.990289 0.034214
v 4.667500 2.739711 0.034214
v 4.667500 0.990000 0.011565
v 4.667500 2.740000 0.056885
v 4.667500 0.990289 0.034237
v 4.695020 2.739568 0.011565
v 4.722500 0.990000 0.011565
v 4.694980 0.990432 0.011565
v 4.694980 2.739568 0.056885
v 4.695020 0.990432 0.056886
v 4.673628 2.740000 0.041800
v 4.722500 2.740000 0.056885
v 4.667500 2.740000 0.011565
v 4.716372 2.740000 0.026651
v 4.716372 0.990000 0.041800
v 4.667500 0.990000 0.056886
v 4.673628 0.990000 0.026651
v 4.722500 2.739711 0.965818
v 4.722500 0.990000 0.988467
v 4.722500 2.740000 0.943147
v 4.722500 0.990289 0.965796
v 4.667500 2.739711 0.965796
v 4.667500 0.990000 0.943147
v 4.667500 2.740000 0.988467
v 4.667500 0.990289 0.965818
v 4.695020 2.739568 0.943147
v 4.722500 0.990000 0.943147
v 4.694980 0.990432 0.943147
v 4.694980 2.739568 0.988467
v 4.667500 0.990000 0.988467
v 4.695020 0.990432 0.988467
v 4.673628 2.740000 0.973381
v 4.722500 2.740000 0.988467
v 4.667500 2.740000 0.943147
v 4.716372 2.740000 0.958233
v 4.716372 0.990000 0.973381
v 4.673628 0.990000 0.958233
v 4.835000 0.990000 -1.013175
v 4.835000 0.950044 1.080852
v 4.835000 0.949956 -1.012401
v 4.835000 0.910000 1.081625
v 4.595000 0.990000 1.081625
v 4.595000 0.950044 -1.012401
v 4.595000 0.949956 1.080852
v 4.595000 0.910000 -1.013175
v 4.828846 0.953077 -1.013175
v 4.601154 0.946923 -1.013175
v 4.601154 0.953077 1.081625
v 4.828846 0.946923 1.081625
v 4.835000 0.990000 1.081625
v 4.595000 0.990000 -1.013175
v 4.595000 0.910000 1.081625
v 4.835000 0.910000 -1.013175
v 4.650000 2.770000 3.554094
v 4.650000 2.770000 1.549934
v 4.650000 0.950000 3.554094
v 4.650000 0.950000 1.549934
v 4.500000 2.770000 3.554094
v 4.500000 2.770000 1.549934
v 4.500000 0.950000 1.549934
v 4.575380 2.766925 1.549934
v 4.574620 0.953075 1.549934
v 4.574620 2.766925 3.554094
v 4.575380 0.953075 3.554094
v 4.574682 2.770000 3.551259
v 4.575318 2.770000 1.552769
v 4.575318 0.950000 3.551260
v 4.574682 0.950000 1.552769
v 4.500000 0.950000 3.554094
v 4.677500 2.700000 3.483596
v 4.677500 2.700000 1.620432
v 4.677500 1.020000 3.483596
v 4.677500 1.020000 1.620432
v 4.652500 2.700000 3.483596
v 4.652500 2.700000 1.620432
v 4.652500 1.020000 1.620432
v 4.665002 2.699907 1.620432
v 4.664998 1.020093 1.620432
v 4.664998 2.699907 3.483596
v 4.652500 1.020000 3.483596
v 4.665002 1.020093 3.483596
v 4.664998 2.700000 3.483511
v 4.665002 2.700000 1.620517
v 4.665002 1.020000 3.483511
v 4.664998 1.020000 1.620517
v 4.722500 2.739711 1.620443
v 4.722500 0.990000 1.643092
v 4.722500 2.740000 1.597772
v 4.722500 0.990289 1.620421
v 4.667500 2.739711 1.620421
v 4.667500 0.990000 1.597772
v 4.667500 2.740000 1.643092
v 4.667500 0.990289 1.620444
v 4.695020 2.739568 1.597772
v 4.722500 0.990000 1.597772
v 4.667500 2.740000 1.597772
v 4.694980 0.990432 1.597772
v 4.694980 2.739568 1.643092
v 4.695020 0.990432 1.643092
v 4.673628 2.740000 1.628006
v 4.722500 2.740000 1.643092
v 4.716372 2.740000 1.612858
v 4.716372 0.990000 1.628006
v 4.667500 0.990000 1.643092
v 4.673628 0.990000 1.612858
v 4.722500 2.739711 2.552025
v 4.722500 0.990000 2.574674
v 4.722500 2.740000 2.529354
v 4.722500 0.990289 2.552003
v 4.667500 2.739711 2.552003
v 4.667500 0.990000 2.529354
v 4.667500 2.740000 2.574674
v 4.667500 0.990289 2.552026
v 4.695020 2.739568 2.529354
v 4.667500 2.740000 2.529354
v 4.694980 0.990432 2.529354
v 4.694980 2.739568 2.574674
v 4.695020 0.990432 2.574674
v 4.673628 2.740000 2.559588
v 4.722500 2.740000 2.574674
v 4.716372 2.740000 2.544440
v 4.716372 0.990000 2.559588
v 4.667500 0.990000 2.574674
v 4.722500 0.990000 2.529354
v 4.673628 0.990000 2.544440
v 4.722500 2.739711 3.483607
v 4.722500 0.990000 3.506256
v 4.722500 2.740000 3.460936
v 4.722500 0.990289 3.483585
v 4.667500 2.739711 3.483585
v 4.667500 0.990000 3.460936
v 4.667500 2.740000 3.506256
v 4.667500 0.990289 3.483607
v 4.695020 2.739568 3.460936
v 4.722500 0.990000 3.460936
v 4.667500 2.740000 3.460936
v 4.694980 0.990432 3.460936
v 4.694980 2.739568 3.506256
v 4.667500 0.990000 3.506256
v 4.722500 2.740000 3.506256
v 4.695020 0.990432 3.506256
v 4.673628 2.740000 3.491170
v 4.716372 2.740000 3.476022
v 4.716372 0.990000 3.491170
v 4.673628 0.990000 3.476022
v 4.835000 0.990000 1.504614
v 4.835000 0.950045 3.598640
v 4.835000 0.949956 1.505388
v 4.835000 0.910000 3.599414
v 4.595000 0.990000 3.599414
v 4.595000 0.950044 1.505388
v 4.595000 0.949956 3.598640
v 4.595000 0.910000 1.504614
v 4.828846 0.953077 1.504614
v 4.601154 0.946923 1.504614
v 4.835000 0.910000 1.504614
v 4.835000 0.990000 3.599414
v 4.601154 0.953077 3.599414
v 4.828846 0.946923 3.599414
v 4.595000 0.990000 1.504614
v 4.595000 0.910000 3.599414
v -4.610000 3.450000 -4.054664
v 4.609729 3.400004 -4.054664
v -4.609729 3.399995 -4.054664
v 4.610000 3.350000 -4.054664
v -4.609729 3.400005 4.123114
v 4.609729 3.399996 4.123114
v -4.610000 3.350000 4.123114
v -4.610000 3.400006 -4.054354
v -4.610000 3.399995 4.122804
v 4.610000 3.400006 4.122804
v 4.610000 3.399994 -4.054354
v 4.610000 3.350000 4.123114
v -4.610000 3.450000 4.123114
v 4.610000 3.450000 4.123114
v 4.610000 3.450000 -4.054664
v -4.610000 3.350000 -4.054664
v -3.495000 5.820000 -4.094948
v -1.505000 4.000000 -4.094948
v -1.505000 5.820000 -3.943881
v -3.495000 4.000000 -3.943881
v -3.495000 5.816925 -4.019798
v -3.495000 4.000000 -4.094948
v -3.495000 4.003075 -4.019032
v -1.505000 5.816925 -4.019032
v -1.505000 4.000000 -3.943881
v -1.505000 5.820000 -4.094948
v -1.505000 4.003075 -4.019798
v -3.495000 5.820000 -3.943881
v -1.507815 5.820000 -4.019094
v -3.492185 5.820000 -4.019735
v -1.507815 4.000000 -4.019735
v -3.492185 4.000000 -4.019094
v -1.575000 5.750000 -4.122644
v -3.425000 5.750000 -4.122644
v -1.575000 4.070000 -4.122644
v -1.575000 5.750000 -4.097466
v -3.425000 4.070000 -4.097466
v -3.425000 5.749907 -4.110057
v -3.425000 4.070093 -4.110053
v -1.575000 5.749907 -4.110053
v -1.575000 4.070000 -4.097466
v -1.575000 4.070093 -4.110057
v -3.425000 5.750000 -4.097466
v -1.575084 5.750000 -4.110054
v -3.424916 5.750000 -4.110057
v -3.425000 4.070000 -4.122644
v -1.575084 4.070000 -4.110057
v -3.424916 4.070000 -4.110054
v -3.424989 5.789711 -4.167964
v -3.402500 4.039999 -4.167964
v -3.447500 5.789999 -4.167964
v -3.425011 4.040288 -4.167964
v -3.425011 5.789711 -4.112573
v -3.447500 4.039999 -4.112573
v -3.402500 5.789999 -4.112573
v -3.424989 4.040288 -4.112573
v -3.447500 5.789567 -4.140289
v -3.447500 4.039999 -4.167964
v -3.447500 4.040431 -4.140248
v -3.402500 5.789567 -4.140248
v -3.402500 5.789999 -4.167964
v -3.402500 4.040431 -4.140289
v -3.417479 5.790000 -4.118744
v -3.447500 5.789999 -4.112573
v -3.432521 5.790000 -4.161793
v -3.417479 4.040000 -4.161793
v -3.402500 4.039999 -4.112573
v -3.432521 4.040000 -4.118744
v -2.499989 5.789711 -4.167964
v -2.477500 4.039999 -4.167964
v -2.522500 5.789999 -4.167964
v -2.500011 4.040288 -4.167964
v -2.500011 5.789711 -4.112573
v -2.522500 4.039999 -4.112573
v -2.477500 5.789999 -4.112573
v -2.499989 4.040288 -4.112573
v -2.522500 5.789567 -4.140289
v -2.522500 4.039999 -4.167964
v -2.522500 5.789999 -4.112573
v -2.522500 4.040431 -4.140248
v -2.477500 5.789567 -4.140248
v -2.477500 4.040431 -4.140289
v -2.492479 5.790000 -4.118744
v -2.477500 5.789999 -4.167964
v -2.507521 5.790000 -4.161793
v -2.492479 4.040000 -4.161793
v -2.477500 4.039999 -4.112573
v -2.507521 4.040000 -4.118744
v -1.574989 5.789711 -4.167964
v -1.552500 4.039999 -4.167964
v -1.597500 5.789999 -4.167964
v -1.575011 4.040288 -4.167964
v -1.575011 5.789711 -4.112573
v -1.597500 4.039999 -4.112573
v -1.552500 5.789999 -4.112573
v -1.574989 4.040288 -4.112573
v -1.597500 5.789567 -4.140289
v -1.597500 4.039999 -4.167964
v -1.597500 5.789999 -4.112573
v -1.597500 4.040431 -4.140248
v -1.552500 5.789567 -4.140248
v -1.552500 5.789999 -4.167964
v -1.552500 4.040431 -4.140289
v -1.567479 5.790000 -4.118744
v -1.582521 5.790000 -4.161793
v -1.567479 4.040000 -4.161793
v -1.552500 4.039999 -4.112573
v -1.582521 4.040000 -4.118744
v -3.540000 4.039999 -4.281265
v -1.460768 4.000044 -4.281265
v -3.539232 3.999955 -4.281265
v -1.460000 3.960000 -4.281265
v -3.539232 4.000044 -4.039557
v -1.460768 3.999955 -4.039557
v -3.540000 4.003077 -4.275067
v -3.540000 3.996923 -4.045754
v -1.460000 4.003077 -4.045754
v -1.460000 3.996923 -4.275067
v -1.460000 4.039999 -4.039557
v -1.460000 4.039999 -4.281265
v -3.540000 4.039999 -4.039557
v -3.540000 3.960000 -4.281265
v -1.460000 3.960000 -4.039557
v -3.540000 3.960000 -4.039557
v -0.995000 5.820000 -4.094948
v 0.995000 4.000000 -4.094948
v -0.995000 4.000000 -4.094948
v 0.995000 5.820000 -3.943881
v -0.995000 5.820000 -3.943881
v -0.995000 4.000000 -3.943881
v -0.995000 5.816925 -4.019798
v -0.995000 4.003075 -4.019032
v 0.995000 5.816925 -4.019032
v 0.995000 4.000000 -3.943881
v 0.995000 4.003075 -4.019798
v 0.992185 5.820000 -4.019094
v -0.992185 5.820000 -4.019735
v 0.995000 5.820000 -4.094948
v 0.992185 4.000000 -4.019735
v -0.992185 4.000000 -4.019094
v 0.925000 5.750000 -4.122644
v -0.925000 5.750000 -4.122644
v 0.925000 4.070000 -4.122644
v 0.925000 5.750000 -4.097466
v -0.925000 4.070000 -4.097466
v -0.925000 5.749907 -4.110057
v -0.925000 4.070000 -4.122644
v -0.925000 5.750000 -4.097466
v -0.925000 4.070093 -4.110053
v 0.925000 5.749907 -4.110053
v 0.925000 4.070000 -4.097466
v 0.925000 4.070093 -4.110057
v 0.924916 5.750000 -4.110054
v -0.924916 5.750000 -4.110057
v 0.924916 4.070000 -4.110057
v -0.924916 4.070000 -4.110054
v -0.924989 5.789711 -4.167964
v -0.902500 4.039999 -4.167964
v -0.947500 5.789999 -4.167964
v -0.925011 4.040288 -4.167964
v -0.925011 5.789711 -4.112573
v -0.947500 4.039999 -4.112573
v -0.902500 5.789999 -4.112573
v -0.924989 4.040288 -4.112573
v -0.947500 5.789567 -4.140289
v -0.947500 4.039999 -4.167964
v -0.947500 5.789999 -4.112573
v -0.947500 4.040431 -4.140248
v -0.902500 5.789567 -4.140248
v -0.902500 4.039999 -4.112573
v -0.902500 4.040431 -4.140289
v -0.917479 5.790000 -4.118744
v -0.902500 5.789999 -4.167964
v -0.932521 5.790000 -4.161793
v -0.917479 4.040000 -4.161793
v -0.932521 4.040000 -4.118744
v 0.000011 5.789711 -4.167964
v 0.022500 4.039999 -4.167964
v -0.022500 5.789999 -4.167964
v -0.000011 4.040288 -4.167964
v -0.000011 5.789711 -4.112573
v -0.022500 4.039999 -4.112573
v 0.022500 5.789999 -4.112573
v 0.000011 4.040288 -4.112573
v -0.022500 5.789567 -4.140289
v -0.022500 4.040431 -4.140248
v 0.022500 5.789567 -4.140248
v 0.022500 4.039999 -4.112573
v 0.022500 4.040431 -4.140289
v 0.007521 5.790000 -4.118744
v 0.022500 5.789999 -4.167964
v -0.022500 5.789999 -4.112573
v -0.007521 5.790000 -4.161793
v 0.007521 4.040000 -4.161793
v -0.022500 4.039999 -4.167964
v -0.007521 4.040000 -4.118744
v 0.925011 5.789711 -4.167964
v 0.947500 4.039999 -4.167964
v 0.902500 5.789999 -4.167964
v 0.924989 4.040288 -4.167964
v 0.924989 5.789711 -4.112573
v 0.902500 4.039999 -4.112573
v 0.947500 5.789999 -4.112573
v 0.925011 4.040288 -4.112573
v 0.902500 5.789567 -4.140289
v 0.902500 4.039999 -4.167964
v 0.902500 5.789999 -4.112573
v 0.902500 4.040431 -4.140248
v 0.947500 5.789567 -4.140248
v 0.947500 4.040431 -4.140289
v 0.932521 5.790000 -4.118744
v 0.947500 5.789999 -4.167964
v 0.917479 5.790000 -4.161793
v 0.932521 4.040000 -4.161793
v 0.947500 4.039999 -4.112573
v 0.917479 4.040000 -4.118744
v -1.040000 4.039999 -4.281265
v 1.039232 4.000044 -4.281265
v -1.039232 3.999955 -4.281265
v 1.040000 3.960000 -4.281265
v -1.039232 4.000044 -4.039557
v 1.039232 3.999955 -4.039557
v -1.040000 4.003077 -4.275067
v -1.040000 3.996923 -4.045754
v 1.040000 4.039999 -4.281265
v 1.040000 4.003077 -4.045754
v 1.040000 3.996923 -4.275067
v -1.040000 4.039999 -4.039557
v 1.040000 4.039999 -4.039557
v -1.040000 3.960000 -4.281265
v 1.040000 3.960000 -4.039557
v -1.040000 3.960000 -4.039557
v 3.495000 5.820000 -4.094948
v 1.505000 5.820000 -4.094948
v 3.495000 4.000000 -4.094948
v 3.495000 5.820000 -3.943881
v 1.505000 5.820000 -3.943881
v 1.505000 4.000000 -3.943881
v 1.505000 5.816925 -4.019798
v 1.505000 4.003075 -4.019032
v 3.495000 5.816925 -4.019032
v 3.495000 4.003075 -4.019798
v 3.492185 5.820000 -4.019094
v 1.507815 5.820000 -4.019735
v 1.505000 4.000000 -4.094948
v 3.492185 4.000000 -4.019735
v 1.507815 4.000000 -4.019094
v 3.495000 4.000000 -3.943881
v 3.425000 5.750000 -4.122644
v 3.425000 4.070000 -4.122644
v 1.575000 5.750000 -4.122644
v 3.425000 5.750000 -4.097466
v 1.575000 4.070000 -4.097466
v 1.575000 5.749907 -4.110057
v 1.575000 4.070000 -4.122644
v 1.575000 5.750000 -4.097466
v 1.575000 4.070093 -4.110053
v 3.425000 5.749907 -4.110053
v 3.425000 4.070093 -4.110057
v 3.424916 5.750000 -4.110054
v 1.575084 5.750000 -4.110057
v 3.424916 4.070000 -4.110057
v 1.575084 4.070000 -4.110054
v 3.425000 4.070000 -4.097466
v 1.575011 5.789711 -4.167964
v 1.597500 4.039999 -4.167964
v 1.552500 5.789999 -4.167964
v 1.574989 4.040288 -4.167964
v 1.574989 5.789711 -4.112573
v 1.552500 4.039999 -4.112573
v 1.597500 5.789999 -4.112573
v 1.575011 4.040288 -4.112573
v 1.552500 5.789567 -4.140289
v 1.552500 4.039999 -4.167964
v 1.552500 5.789999 -4.112573
v 1.552500 4.040431 -4.140248
v 1.597500 5.789567 -4.140248
v 1.597500 4.039999 -4.112573
v 1.597500 5.789999 -4.167964
v 1.597500 4.040431 -4.140289
v 1.582521 5.790000 -4.118744
v 1.567479 5.790000 -4.161793
v 1.582521 4.040000 -4.161793
v 1.567479 4.040000 -4.118744
v 2.500011 5.789711 -4.167964
v 2.522500 4.039999 -4.167964
v 2.477500 5.789999 -4.167964
v 2.499989 4.040288 -4.167964
v 2.499989 5.789711 -4.112573
v 2.477500 4.039999 -4.112573
v 2.522500 5.789999 -4.112573
v 2.500011 4.040288 -4.112573
v 2.477500 5.789567 -4.140289
v 2.477500 4.040431 -4.140248
v 2.522500 5.789567 -4.140248
v 2.522500 4.039999 -4.112573
v 2.522500 4.040431 -4.140289
v 2.507521 5.790000 -4.118744
v 2.522500 5.789999 -4.167964
v 2.477500 5.789999 -4.112573
v 2.492479 5.790000 -4.161793
v 2.507521 4.040000 -4.161793
v 2.477500 4.039999 -4.167964
v 2.492479 4.040000 -4.118744
v 3.425011 5.789711 -4.167964
v 3.447500 4.039999 -4.167964
v 3.402500 5.789999 -4.167964
v 3.424989 4.040288 -4.167964
v 3.424989 5.789711 -4.112573
v 3.402500 4.039999 -4.112573
v 3.447500 5.789999 -4.112573
v 3.425011 4.040288 -4.112573
v 3.402500 5.789567 -4.140289
v 3.402500 4.040431 -4.140248
v 3.447500 5.789567 -4.140248
v 3.447500 4.039999 -4.112573
v 3.447500 4.040431 -4.140289
v 3.432521 5.790000 -4.118744
v 3.447500 5.789999 -4.167964
v 3.402500 5.789999 -4.112573
v 3.417479 5.790000 -4.161793
v 3.432521 4.040000 -4.161793
v 3.402500 4.039999 -4.167964
v 3.417479 4.040000 -4.118744
v 1.460000 4.039999 -4.281265
v 3.539232 4.000044 -4.281265
v 1.460768 3.999955 -4.281265
v 1.460768 4.000044 -4.039557
v 3.539232 3.999955 -4.039557
v 1.460000 3.960000 -4.039557
v 1.460000 4.003077 -4.275067
v 1.460000 3.996923 -4.045754
v 3.540000 4.039999 -4.281265
v 3.540000 4.003077 -4.045754
v 3.540000 3.996923 -4.275067
v 3.540000 4.039999 -4.039557
v 1.460000 4.039999 -4.039557
v 1.460000 3.960000 -4.281265
v 3.540000 3.960000 -4.281265
v 3.540000 3.960000 -4.039557
v -4.650000 5.820001 3.554094
v -4.650000 5.820000 1.549934
v -4.650000 4.000000 1.549934
v -4.500000 5.820000 1.549934
v -4.500000 4.000000 3.554094
v -4.575380 5.816926 3.554094
v -4.650000 4.000000 3.554094
v -4.500000 5.820001 3.554094
v -4.574620 4.003076 3.554094
v -4.574620 5.816925 1.549934
v -4.575380 4.003075 1.549934
v -4.574682 5.820001 1.552769
v -4.575318 5.820001 3.551259
v -4.575318 4.000000 1.552769
v -4.574682 4.000000 3.551259
v -4.500000 4.000000 1.549934
v -4.677500 5.750000 3.483596
v -4.677500 4.070000 1.620432
v -4.652500 4.070001 3.483596
v -4.652500 5.750000 1.620432
v -4.665002 5.749907 3.483596
v -4.677500 4.070001 3.483596
v -4.652500 5.750000 3.483596
v -4.664998 4.070094 3.483596
v -4.664998 5.749907 1.620432
v -4.677500 5.750000 1.620432
v -4.665002 4.070093 1.620432
v -4.664998 5.750000 1.620517
v -4.665002 5.750000 3.483510
v -4.665002 4.070001 1.620517
v -4.664998 4.070001 3.483511
v -4.652500 4.070000 1.620432
v -4.722500 5.789711 3.483585
v -4.722500 4.040000 3.460936
v -4.722500 5.790000 3.506256
v -4.722500 4.040289 3.483607
v -4.667500 5.789711 3.483607
v -4.667500 4.040000 3.506256
v -4.667500 5.790000 3.460935
v -4.667500 4.040289 3.483585
v -4.695020 5.789568 3.506256
v -4.722500 4.040000 3.506256
v -4.694980 4.040432 3.506256
v -4.694980 5.789568 3.460936
v -4.667500 4.040000 3.460936
v -4.722500 5.790000 3.460935
v -4.695020 4.040432 3.460936
v -4.673628 5.790000 3.476021
v -4.667500 5.790000 3.506256
v -4.716372 5.790000 3.491170
v -4.716372 4.040000 3.476022
v -4.673628 4.040000 3.491170
v -4.722500 5.789711 2.552002
v -4.722500 4.040000 2.529354
v -4.722500 5.790000 2.574674
v -4.722500 4.040289 2.552025
v -4.667500 5.789711 2.552025
v -4.667500 4.040000 2.574674
v -4.667500 5.790000 2.529354
v -4.667500 4.040289 2.552003
v -4.695020 5.789568 2.574674
v -4.722500 4.040000 2.574674
v -4.667500 5.790000 2.574674
v -4.694980 4.040432 2.574674
v -4.694980 5.789568 2.529354
v -4.667500 4.040000 2.529354
v -4.722500 5.790000 2.529354
v -4.695020 4.040432 2.529354
v -4.673628 5.790000 2.544440
v -4.716372 5.790000 2.559588
v -4.716372 4.040000 2.544440
v -4.673628 4.040000 2.559588
v -4.722500 5.789711 1.620421
v -4.722500 4.040000 1.597772
v -4.722500 5.790000 1.643092
v -4.722500 4.040289 1.620443
v -4.667500 5.789711 1.620443
v -4.667500 4.040000 1.643092
v -4.667500 5.790000 1.597772
v -4.667500 4.040289 1.620421
v -4.695020 5.789568 1.643092
v -4.722500 4.040000 1.643092
v -4.667500 5.790000 1.643092
v -4.694980 4.040432 1.643092
v -4.694980 5.789568 1.597772
v -4.695020 4.040432 1.597772
v -4.673628 5.790000 1.612858
v -4.722500 5.790000 1.597772
v -4.716372 5.790000 1.628006
v -4.716372 4.040000 1.612858
v -4.667500 4.040000 1.597772
v -4.673628 4.040000 1.628006
v -4.835000 4.000044 1.505388
v -4.835000 3.999956 3.598640
v -4.595000 4.000044 3.598640
v -4.595000 3.999956 1.505388
v -4.828846 4.003078 3.599414
v -4.601154 3.996923 3.599414
v -4.835000 4.040000 1.504614
v -4.601154 4.003077 1.504614
v -4.828846 3.996923 1.504614
v -4.595000 4.040000 3.599414
v -4.595000 4.040000 1.504614
v -4.835000 4.040000 3.599414
v -4.835000 3.960000 3.599414
v -4.835000 3.960000 1.504614
v -4.595000 3.960000 1.504614
v -4.595000 3.960000 3.599414
v -4.650000 5.820000 1.036305
v -4.650000 5.820000 -0.967855
v -4.650000 4.000000 -0.967855
v -4.500000 4.000000 1.036305
v -4.500000 5.820000 -0.967855
v -4.575380 5.816925 1.036305
v -4.574620 4.003075 1.036305
v -4.574620 5.816925 -0.967855
v -4.500000 4.000000 -0.967855
v -4.575380 4.003075 -0.967855
v -4.500000 5.820000 1.036305
v -4.574682 5.820001 -0.965020
v -4.575318 5.820001 1.033470
v -4.650000 4.000000 1.036305
v -4.575318 4.000000 -0.965020
v -4.574682 4.000000 1.033471
v -4.677500 5.750000 0.965807
v -4.677500 4.070000 -0.897357
v -4.677500 4.070000 0.965807
v -4.652500 5.750000 -0.897357
v -4.652500 4.070000 0.965807
v -4.665002 5.749907 0.965807
v -4.664998 4.070093 0.965807
v -4.664998 5.749907 -0.897357
v -4.677500 5.750000 -0.897357
v -4.665002 4.070093 -0.897357
v -4.652500 5.750000 0.965807
v -4.664998 5.750000 -0.897272
v -4.665002 5.750000 0.965722
v -4.665002 4.070001 -0.897272
v -4.664998 4.070001 0.965722
v -4.652500 4.070000 -0.897357
v -4.722500 5.789711 0.965796
v -4.722500 4.040000 0.943147
v -4.722500 5.790000 0.988467
v -4.722500 4.040289 0.965818
v -4.667500 5.789711 0.965818
v -4.667500 4.040000 0.988467
v -4.667500 5.790000 0.943147
v -4.667500 4.040289 0.965796
v -4.695020 5.789568 0.988467
v -4.694980 4.040432 0.988467
v -4.694980 5.789568 0.943147
v -4.722500 5.790000 0.943147
v -4.695020 4.040432 0.943147
v -4.673628 5.790000 0.958233
v -4.667500 5.790000 0.988467
v -4.716372 5.790000 0.973381
v -4.716372 4.040000 0.958233
v -4.667500 4.040000 0.943147
v -4.722500 4.040000 0.988467
v -4.673628 4.040000 0.973381
v -4.722500 5.789711 0.034214
v -4.722500 4.040000 0.011565
v -4.722500 5.790000 0.056885
v -4.722500 4.040289 0.034236
v -4.667500 5.789711 0.034236
v -4.667500 4.040000 0.056885
v -4.667500 5.790000 0.011565
v -4.667500 4.040289 0.034214
v -4.695020 5.789568 0.056885
v -4.722500 4.040000 0.056885
v -4.667500 5.790000 0.056885
v -4.694980 4.040432 0.056885
v -4.694980 5.789568 0.011565
v -4.695020 4.040432 0.011565
v -4.673628 5.790000 0.026651
v -4.722500 5.790000 0.011565
v -4.716372 5.790000 0.041799
v -4.716372 4.040000 0.026651
v -4.667500 4.040000 0.011565
v -4.673628 4.040000 0.041799
v -4.722500 5.789711 -0.897368
v -4.722500 4.040000 -0.920017
v -4.722500 5.790000 -0.874697
v -4.722500 4.040289 -0.897345
v -4.667500 5.789711 -0.897345
v -4.667500 4.040000 -0.874696
v -4.667500 5.790000 -0.920017
v -4.667500 4.040289 -0.897368
v -4.695020 5.789568 -0.874697
v -4.694980 4.040432 -0.874696
v -4.694980 5.789568 -0.920017
v -4.667500 4.040000 -0.920017
v -4.695020 4.040432 -0.920017
v -4.673628 5.790000 -0.904931
v -4.722500 5.790000 -0.920017
v -4.667500 5.790000 -0.874697
v -4.716372 5.790000 -0.889783
v -4.716372 4.040000 -0.904931
v -4.722500 4.040000 -0.874696
v -4.673628 4.040000 -0.889782
v -4.835000 4.000044 -1.012401
v -4.835000 3.999956 1.080851
v -4.595000 4.040000 -1.013175
v -4.595000 4.000044 1.080851
v -4.595000 3.999956 -1.012401
v -4.828846 4.003077 1.081625
v -4.601154 3.996923 1.081625
v -4.601154 4.003077 -1.013175
v -4.828846 3.996923 -1.013175
v -4.835000 4.040000 -1.013175
v -4.595000 4.040000 1.081625
v -4.835000 4.040000 1.081625
v -4.835000 3.960000 1.081625
v -4.835000 3.960000 -1.013175
v -4.595000 3.960000 -1.013175
v -4.595000 3.960000 1.081625
v -4.650000 5.820000 -1.481484
v -4.650000 4.000000 -3.485643
v -4.500000 5.820000 -3.485643
v -4.500000 4.000000 -1.481484
v -4.500000 4.000000 -3.485643
v -4.575380 5.816925 -1.481484
v -4.650000 4.000000 -1.481484
v -4.500000 5.820000 -1.481484
v -4.574620 4.003075 -1.481484
v -4.574620 5.816925 -3.485643
v -4.650000 5.820000 -3.485643
v -4.575380 4.003075 -3.485643
v -4.574682 5.820000 -3.482809
v -4.575318 5.820000 -1.484318
v -4.575318 4.000000 -3.482809
v -4.574682 4.000000 -1.484318
v -4.677500 5.750000 -3.415145
v -4.677500 5.750000 -1.551982
v -4.677500 4.070000 -3.415145
v -4.677500 4.070000 -1.551982
v -4.652500 5.750000 -1.551982
v -4.652500 4.070000 -1.551982
v -4.652500 5.750000 -3.415145
v -4.652500 4.070000 -3.415145
v -4.665002 5.749907 -1.551982
v -4.664998 4.070093 -1.551982
v -4.664998 5.749907 -3.415146
v -4.665002 4.070093 -3.415145
v -4.664998 5.750000 -3.415061
v -4.665002 5.750000 -1.552067
v -4.665002 4.070000 -3.415060
v -4.664998 4.070000 -1.552067
v -4.722500 5.789711 -1.551993
v -4.722500 4.040000 -1.574642
v -4.722500 5.790000 -1.529322
v -4.722500 4.040289 -1.551970
v -4.667500 5.789711 -1.551971
v -4.667500 4.040000 -1.529322
v -4.667500 5.790000 -1.574642
v -4.667500 4.040289 -1.551993
v -4.695020 5.789568 -1.529322
v -4.667500 5.790000 -1.529322
v -4.694980 4.040432 -1.529322
v -4.694980 5.789568 -1.574642
v -4.722500 5.790000 -1.574642
v -4.695020 4.040432 -1.574642
v -4.673628 5.790000 -1.559556
v -4.716372 5.790000 -1.544408
v -4.716372 4.040000 -1.559556
v -4.667500 4.040000 -1.574642
v -4.722500 4.040000 -1.529322
v -4.673628 4.040000 -1.544407
v -4.722500 5.789711 -2.483575
v -4.722500 4.040000 -2.506224
v -4.722500 5.790000 -2.460904
v -4.722500 4.040289 -2.483552
v -4.667500 5.789711 -2.483553
v -4.667500 4.040000 -2.460903
v -4.667500 5.790000 -2.506224
v -4.667500 4.040289 -2.483575
v -4.695020 5.789568 -2.460904
v -4.722500 4.040000 -2.460903
v -4.667500 5.790000 -2.460904
v -4.694980 4.040432 -2.460904
v -4.694980 5.789568 -2.506224
v -4.667500 4.040000 -2.506224
v -4.722500 5.790000 -2.506224
v -4.695020 4.040432 -2.506224
v -4.673628 5.790000 -2.491138
v -4.716372 5.790000 -2.475990
v -4.716372 4.040000 -2.491138
v -4.673628 4.040000 -2.475989
v -4.722500 5.789711 -3.415157
v -4.722500 4.039999 -3.437805
v -4.722500 5.789999 -3.392485
v -4.722500 4.040288 -3.415134
v -4.667500 5.789711 -3.415134
v -4.667500 4.039999 -3.392485
v -4.667500 5.789999 -3.437806
v -4.667500 4.040288 -3.415156
v -4.695020 5.789567 -3.392485
v -4.722500 4.039999 -3.392485
v -4.667500 5.789999 -3.392485
v -4.694980 4.040431 -3.392485
v -4.694980 5.789567 -3.437805
v -4.667500 4.039999 -3.437805
v -4.695020 4.040431 -3.437805
v -4.673628 5.790000 -3.422720
v -4.722500 5.789999 -3.437806
v -4.716372 5.790000 -3.407571
v -4.716372 4.040000 -3.422719
v -4.673628 4.040000 -3.407571
v -4.835000 4.040000 -1.436164
v -4.835000 4.000044 -3.530190
v -4.835000 3.999956 -1.436937
v -4.835000 3.960000 -3.530963
v -4.595000 4.000044 -1.436937
v -4.595000 3.999955 -3.530190
v -4.595000 3.960000 -1.436164
v -4.828846 4.003077 -1.436164
v -4.601154 3.996923 -1.436164
v -4.835000 4.039999 -3.530963
v -4.601153 4.003077 -3.530964
v -4.828846 3.996923 -3.530964
v -4.595000 3.960000 -3.530963
v -4.595000 4.039999 -3.530963
v -4.595000 4.040000 -1.436164
v -4.835000 3.960000 -1.436164
v 1.505000 4.000000 4.163398
v 3.495000 5.820001 4.163398
v 3.495000 4.000000 4.163398
v 3.495000 4.000000 4.012331
v 1.505000 5.820001 4.012331
v 1.505000 4.000000 4.012331
v 3.495000 5.816926 4.088248
v 3.495000 5.820001 4.012331
v 3.495000 4.003076 4.087482
v 1.505000 5.816926 4.087482
v 1.505000 4.003076 4.088248
v 1.507815 5.820001 4.087544
v 3.492185 5.820001 4.088185
v 1.505000 5.820001 4.163398
v 1.507815 4.000001 4.088185
v 3.492185 4.000001 4.087545
v 3.425000 5.750000 4.191094
v 1.575000 4.070001 4.191094
v 1.575000 5.750000 4.165916
v 3.425000 4.070001 4.165916
v 3.425000 5.749907 4.178507
v 3.425000 5.750000 4.165916
v 3.425000 4.070094 4.178503
v 1.575000 5.749907 4.178503
v 1.575000 4.070001 4.165916
v 1.575000 5.750000 4.191094
v 1.575000 4.070094 4.178507
v 1.575084 5.750001 4.178504
v 3.424916 5.750001 4.178507
v 3.425000 4.070001 4.191094
v 1.575084 4.070001 4.178507
v 3.424916 4.070001 4.178504
v 3.424989 5.789711 4.236414
v 3.402500 4.040000 4.236414
v 3.447500 5.790000 4.236414
v 3.425011 4.040289 4.236414
v 3.425011 5.789711 4.181023
v 3.447500 4.040000 4.181023
v 3.402500 5.790000 4.181023
v 3.424989 4.040289 4.181023
v 3.447500 5.789568 4.208739
v 3.447500 4.040000 4.236414
v 3.447500 5.790000 4.181023
v 3.447500 4.040432 4.208698
v 3.402500 5.789568 4.208698
v 3.402500 4.040000 4.181023
v 3.402500 4.040432 4.208739
v 3.417479 5.790000 4.187194
v 3.402500 5.790000 4.236414
v 3.432521 5.790000 4.230243
v 3.417479 4.040000 4.230243
v 3.432521 4.040000 4.187194
v 2.499989 5.789711 4.236414
v 2.477500 4.040000 4.236414
v 2.522500 5.790000 4.236414
v 2.500011 4.040289 4.236414
v 2.500011 5.789711 4.181023
v 2.522500 4.040000 4.181023
v 2.477500 5.790000 4.181023
v 2.499989 4.040289 4.181023
v 2.522500 5.789568 4.208739
v 2.522500 4.040432 4.208698
v 2.477500 5.789568 4.208698
v 2.477500 5.790000 4.236414
v 2.477500 4.040432 4.208739
v 2.492479 5.790000 4.187194
v 2.522500 5.790000 4.181023
v 2.507521 5.790000 4.230243
v 2.492479 4.040000 4.230243
v 2.477500 4.040000 4.181023
v 2.522500 4.040000 4.236414
v 2.507521 4.040000 4.187194
v 1.574989 5.789711 4.236414
v 1.552500 4.040000 4.236414
v 1.597500 5.790000 4.236414
v 1.575011 4.040289 4.236414
v 1.575011 5.789711 4.181023
v 1.597500 4.040000 4.181023
v 1.552500 5.790000 4.181023
v 1.574989 4.040289 4.181023
v 1.597500 5.789568 4.208739
v 1.597500 4.040000 4.236414
v 1.597500 5.790000 4.181023
v 1.597500 4.040432 4.208698
v 1.552500 5.789568 4.208698
v 1.552500 4.040000 4.181023
v 1.552500 4.040432 4.208739
v 1.567479 5.790000 4.187194
v 1.552500 5.790000 4.236414
v 1.582521 5.790000 4.230243
v 1.567479 4.040000 4.230243
v 1.582521 4.040000 4.187194
v 1.460768 4.000045 4.349715
v 3.539232 3.999956 4.349715
v 1.460000 3.960000 4.349715
v 1.460000 4.040000 4.108007
v 3.539232 4.000045 4.108007
v 1.460768 3.999956 4.108007
v 3.540000 4.003078 4.343517
v 3.540000 3.996923 4.114205
v 1.460000 4.003078 4.114205
v 1.460000 3.996923 4.343517
v 1.460000 3.960000 4.108007
v 1.460000 4.040000 4.349715
v 3.540000 4.040000 4.108007
v 3.540000 4.040000 4.349715
v 3.540000 3.960000 4.349715
v 3.540000 3.960000 4.108007
v 0.995000 5.820001 4.163398
v -0.995000 4.000000 4.163398
v -0.995000 5.820001 4.012331
v 0.995000 4.000000 4.012331
v -0.995000 4.000000 4.012331
v 0.995000 5.816926 4.088248
v 0.995000 4.000000 4.163398
v 0.995000 5.820001 4.012331
v 0.995000 4.003076 4.087482
v -0.995000 5.816926 4.087482
v -0.995000 5.820001 4.163398
v -0.995000 4.003076 4.088248
v -0.992185 5.820001 4.087544
v 0.992185 5.820001 4.088185
v -0.992185 4.000001 4.088185
v 0.992185 4.000001 4.087545
v 0.925000 5.750000 4.191094
v -0.925000 4.070001 4.191094
v 0.925000 4.070001 4.165916
v -0.925000 5.750000 4.165916
v 0.925000 5.749907 4.178507
v 0.925000 5.750000 4.165916
v 0.925000 4.070094 4.178503
v -0.925000 5.749907 4.178503
v -0.925000 5.750000 4.191094
v -0.925000 4.070094 4.178507
v -0.924916 5.750001 4.178504
v 0.924916 5.750001 4.178507
v 0.925000 4.070001 4.191094
v -0.924916 4.070001 4.178507
v 0.924916 4.070001 4.178504
v -0.925000 4.070001 4.165916
v 0.924989 5.789711 4.236414
v 0.902500 4.040000 4.236414
v 0.947500 5.790000 4.236414
v 0.925011 4.040289 4.236414
v 0.925011 5.789711 4.181023
v 0.947500 4.040000 4.181023
v 0.902500 5.790000 4.181023
v 0.924989 4.040289 4.181023
v 0.947500 5.789568 4.208739
v 0.947500 5.790000 4.181023
v 0.947500 4.040432 4.208698
v 0.902500 5.789568 4.208698
v 0.902500 4.040432 4.208739
v 0.917479 5.790000 4.187194
v 0.902500 5.790000 4.236414
v 0.932521 5.790000 4.230243
v 0.917479 4.040000 4.230243
v 0.902500 4.040000 4.181023
v 0.947500 4.040000 4.236414
v 0.932521 4.040000 4.187194
v -0.000011 5.789711 4.236414
v -0.022500 4.040000 4.236414
v 0.022500 5.790000 4.236414
v 0.000011 4.040289 4.236414
v 0.000011 5.789711 4.181023
v 0.022500 4.040000 4.181023
v -0.022500 5.790000 4.181023
v -0.000011 4.040289 4.181023
v 0.022500 5.789568 4.208739
v 0.022500 5.790000 4.181023
v 0.022500 4.040432 4.208698
v -0.022500 5.789568 4.208698
v -0.022500 4.040000 4.181023
v -0.022500 5.790000 4.236414
v -0.022500 4.040432 4.208739
v -0.007521 5.790000 4.187194
v 0.007521 5.790000 4.230243
v -0.007521 4.040000 4.230243
v 0.022500 4.040000 4.236414
v 0.007521 4.040000 4.187194
v -0.925011 5.789711 4.236414
v -0.947500 4.040000 4.236414
v -0.902500 5.790000 4.236414
v -0.924989 4.040289 4.236414
v -0.924989 5.789711 4.181023
v -0.902500 4.040000 4.181023
v -0.947500 5.790000 4.181023
v -0.925011 4.040289 4.181023
v -0.902500 5.789568 4.208739
v -0.902500 4.040000 4.236414
v -0.902500 4.040432 4.208698
v -0.947500 5.789568 4.208698
v -0.947500 4.040000 4.181023
v -0.947500 5.790000 4.236414
v -0.947500 4.040432 4.208739
v -0.932521 5.790000 4.187194
v -0.902500 5.790000 4.181023
v -0.917479 5.790000 4.230243
v -0.932521 4.040000 4.230243
v -0.917479 4.040000 4.187194
v 1.040000 4.040000 4.349715
v -1.039232 4.000045 4.349715
v 1.039232 3.999956 4.349715
v -1.040000 3.960000 4.349715
v 1.039232 4.000045 4.108007
v -1.039232 3.999956 4.108007
v 1.040000 3.960000 4.108007
v 1.040000 4.040000 4.108007
v 1.040000 4.003078 4.343517
v 1.040000 3.996923 4.114205
v 1.040000 3.960000 4.349715
v -1.040000 4.003078 4.114205
v -1.040000 3.996923 4.343517
v -1.040000 3.960000 4.108007
v -1.040000 4.040000 4.108007
v -1.040000 4.040000 4.349715
v -3.495000 5.820001 4.163398
v -1.505000 5.820001 4.163398
v -3.495000 4.000000 4.163398
v -1.505000 4.000000 4.163398
v -1.505000 5.820001 4.012331
v -1.505000 4.000000 4.012331
v -3.495000 5.820001 4.012331
v -3.495000 4.000000 4.012331
v -1.505000 5.816926 4.088248
v -1.505000 4.003076 4.087482
v -3.495000 5.816926 4.087482
v -3.495000 4.003076 4.088248
v -3.492185 5.820001 4.087544
v -1.507815 5.820001 4.088185
v -3.492185 4.000001 4.088185
v -1.507815 4.000001 4.087545
v -3.425000 4.070001 4.191094
v -1.575000 5.750000 4.191094
v -1.575000 4.070001 4.191094
v -1.575000 5.750000 4.165916
v -1.575000 4.070001 4.165916
v -3.425000 5.750000 4.165916
v -1.575000 5.749907 4.178507
v -1.575000 4.070094 4.178503
v -3.425000 5.749907 4.178503
v -3.425000 4.070001 4.165916
v -3.425000 5.750000 4.191094
v -3.425000 4.070094 4.178507
v -3.424916 5.750001 4.178504
v -1.575084 5.750001 4.178507
v -3.424916 4.070001 4.178507
v -1.575084 4.070001 4.178504
v -1.575011 5.789711 4.236414
v -1.597500 4.040000 4.236414
v -1.552500 5.790000 4.236414
v -1.574989 4.040289 4.236414
v -1.574989 5.789711 4.181023
v -1.552500 4.040000 4.181023
v -1.597500 5.790000 4.181023
v -1.575011 4.040289 4.181023
v -1.552500 5.789568 4.208739
v -1.552500 5.790000 4.181023
v -1.552500 4.040432 4.208698
v -1.597500 5.789568 4.208698
v -1.597500 4.040000 4.181023
v -1.597500 4.040432 4.208739
v -1.582521 5.790000 4.187194
v -1.597500 5.790000 4.236414
v -1.567479 5.790000 4.230243
v -1.582521 4.040000 4.230243
v -1.552500 4.040000 4.236414
v -1.567479 4.040000 4.187194
v -2.500011 5.789711 4.236414
v -2.522500 4.040000 4.236414
v -2.477500 5.790000 4.236414
v -2.499989 4.040289 4.236414
v -2.499989 5.789711 4.181023
v -2.477500 4.040000 4.181023
v -2.522500 5.790000 4.181023
v -2.500011 4.040289 4.181023
v -2.477500 5.789568 4.208739
v -2.477500 4.040000 4.236414
v -2.477500 5.790000 4.181023
v -2.477500 4.040432 4.208698
v -2.522500 5.789568 4.208698
v -2.522500 4.040000 4.181023
v -2.522500 4.040432 4.208739
v -2.507521 5.790000 4.187194
v -2.522500 5.790000 4.236414
v -2.492479 5.790000 4.230243
v -2.507521 4.040000 4.230243
v -2.492479 4.040000 4.187194
v -3.425011 5.789711 4.236414
v -3.447500 4.040000 4.236414
v -3.402500 5.790000 4.236414
v -3.424989 4.040289 4.236414
v -3.424989 5.789711 4.181023
v -3.402500 4.040000 4.181023
v -3.447500 5.790000 4.181023
v -3.425011 4.040289 4.181023
v -3.402500 5.789568 4.208739
v -3.402500 4.040000 4.236414
v -3.402500 4.040432 4.208698
v -3.447500 5.789568 4.208698
v -3.447500 5.790000 4.236414
v -3.447500 4.040432 4.208739
v -3.432521 5.790000 4.187194
v -3.402500 5.790000 4.181023
v -3.417479 5.790000 4.230243
v -3.432521 4.040000 4.230243
v -3.447500 4.040000 4.181023
v -3.417479 4.040000 4.187194
v -1.460000 4.040000 4.349715
v -3.539232 4.000045 4.349715
v -1.460768 3.999956 4.349715
v -3.540000 4.040000 4.108007
v -1.460768 4.000045 4.108007
v -3.539232 3.999956 4.108007
v -1.460000 4.003078 4.343517
v -1.460000 3.996923 4.114205
v -3.540000 4.003078 4.114205
v -3.540000 3.996923 4.343517
v -3.540000 3.960000 4.108007
v -1.460000 4.040000 4.108007
v -3.540000 4.040000 4.349715
v -3.540000 3.960000 4.349715
v -1.460000 3.960000 4.349715
v -1.460000 3.960000 4.108007
v 4.650000 5.820000 -3.485643
v 4.650000 4.000000 -1.481484
v 4.650000 4.000000 -3.485643
v 4.500000 5.820000 -1.481484
v 4.500000 4.000000 -3.485643
v 4.500000 4.000000 -1.481484
v 4.575380 5.816925 -3.485643
v 4.574620 4.003075 -3.485643
v 4.574620 5.816925 -1.481484
v 4.650000 5.820000 -1.481484
v 4.575380 4.003075 -1.481484
v 4.500000 5.820000 -3.485643
v 4.574682 5.820000 -1.484318
v 4.575318 5.820000 -3.482809
v 4.575318 4.000000 -1.484318
v 4.574682 4.000000 -3.482809
v 4.677500 5.750000 -3.415145
v 4.677500 4.070000 -1.551982
v 4.652500 5.750000 -3.415145
v 4.652500 5.750000 -1.551982
v 4.652500 4.070000 -3.415145
v 4.652500 4.070000 -1.551982
v 4.665002 5.749907 -3.415146
v 4.664998 4.070093 -3.415145
v 4.664998 5.749907 -1.551982
v 4.665002 4.070093 -1.551982
v 4.664998 5.750000 -1.552067
v 4.665002 5.750000 -3.415061
v 4.677500 5.750000 -1.551982
v 4.677500 4.070000 -3.415145
v 4.665002 4.070000 -1.552067
v 4.664998 4.070000 -3.415060
v 4.722500 5.789711 -3.415134
v 4.722500 4.039999 -3.392485
v 4.722500 5.789999 -3.437806
v 4.722500 4.040288 -3.415156
v 4.667500 5.789711 -3.415157
v 4.667500 4.039999 -3.437805
v 4.667500 5.789999 -3.392485
v 4.667500 4.040288 -3.415134
v 4.695020 5.789567 -3.437805
v 4.722500 4.039999 -3.437805
v 4.667500 5.789999 -3.437806
v 4.694980 4.040431 -3.437805
v 4.694980 5.789567 -3.392485
v 4.722500 5.789999 -3.392485
v 4.695020 4.040431 -3.392485
v 4.673628 5.790000 -3.407571
v 4.716372 5.790000 -3.422720
v 4.716372 4.040000 -3.407571
v 4.667500 4.039999 -3.392485
v 4.673628 4.040000 -3.422719
v 4.722500 5.789711 -2.483553
v 4.722500 4.040000 -2.460903
v 4.722500 5.790000 -2.506224
v 4.722500 4.040289 -2.483575
v 4.667500 5.789711 -2.483575
v 4.667500 4.040000 -2.506224
v 4.667500 5.790000 -2.460904
v 4.667500 4.040289 -2.483552
v 4.695020 5.789568 -2.506224
v 4.694980 4.040432 -2.506224
v 4.694980 5.789568 -2.460904
v 4.722500 5.790000 -2.460904
v 4.695020 4.040432 -2.460904
v 4.673628 5.790000 -2.475990
v 4.667500 5.790000 -2.506224
v 4.716372 5.790000 -2.491138
v 4.716372 4.040000 -2.475989
v 4.667500 4.040000 -2.460903
v 4.722500 4.040000 -2.506224
v 4.673628 4.040000 -2.491138
v 4.722500 5.789711 -1.551971
v 4.722500 4.040000 -1.529322
v 4.722500 5.790000 -1.574642
v 4.722500 4.040289 -1.551993
v 4.667500 5.789711 -1.551993
v 4.667500 4.040000 -1.574642
v 4.667500 5.790000 -1.529322
v 4.667500 4.040289 -1.551970
v 4.695020 5.789568 -1.574642
v 4.694980 4.040432 -1.574642
v 4.694980 5.789568 -1.529322
v 4.667500 4.040000 -1.529322
v 4.722500 5.790000 -1.529322
v 4.695020 4.040432 -1.529322
v 4.673628 5.790000 -1.544408
v 4.667500 5.790000 -1.574642
v 4.716372 5.790000 -1.559556
v 4.716372 4.040000 -1.544408
v 4.722500 4.040000 -1.574642
v 4.673628 4.040000 -1.559556
v 4.835000 4.000044 -1.436937
v 4.835000 3.999955 -3.530190
v 4.835000 3.960000 -1.436164
v 4.595000 4.000044 -3.530190
v 4.595000 3.999956 -1.436937
v 4.595000 4.039999 -3.530963
v 4.828846 4.003077 -3.530964
v 4.601153 3.996923 -3.530964
v 4.835000 4.040000 -1.436164
v 4.601154 4.003077 -1.436164
v 4.828846 3.996923 -1.436164
v 4.595000 4.040000 -1.436164
v 4.835000 4.039999 -3.530963
v 4.835000 3.960000 -3.530963
v 4.595000 3.960000 -1.436164
v 4.595000 3.960000 -3.530963
v 4.650000 5.820000 -0.967855
v 4.650000 4.000000 1.036305
v 4.650000 4.000000 -0.967855
v 4.500000 5.820000 1.036305
v 4.500000 4.000000 -0.967855
v 4.575380 5.816925 -0.967855
v 4.574620 4.003075 -0.967855
v 4.574620 5.816925 1.036305
v 4.500000 4.000000 1.036305
v 4.650000 5.820000 1.036305
v 4.575380 4.003075 1.036305
v 4.500000 5.820000 -0.967855
v 4.574682 5.820001 1.033470
v 4.575318 5.820001 -0.965020
v 4.575318 4.000000 1.033471
v 4.574682 4.000000 -0.965020
v 4.677500 5.750000 0.965807
v 4.677500 5.750000 -0.897357
v 4.677500 4.070000 0.965807
v 4.652500 5.750000 0.965807
v 4.652500 5.750000 -0.897357
v 4.652500 4.070000 -0.897357
v 4.652500 4.070000 0.965807
v 4.665002 5.749907 -0.897357
v 4.664998 4.070093 -0.897357
v 4.664998 5.749907 0.965807
v 4.665002 4.070093 0.965807
v 4.664998 5.750000 0.965722
v 4.665002 5.750000 -0.897272
v 4.677500 4.070000 -0.897357
v 4.665002 4.070001 0.965722
v 4.664998 4.070001 -0.897272
v 4.722500 5.789711 -0.897345
v 4.722500 4.040000 -0.874696
v 4.722500 5.790000 -0.920017
v 4.722500 4.040289 -0.897368
v 4.667500 5.789711 -0.897368
v 4.667500 4.040000 -0.920017
v 4.667500 5.790000 -0.874697
v 4.667500 4.040289 -0.897345
v 4.695020 5.789568 -0.920017
v 4.667500 5.790000 -0.920017
v 4.694980 4.040432 -0.920017
v 4.694980 5.789568 -0.874697
v 4.667500 4.040000 -0.874696
v 4.722500 5.790000 -0.874697
v 4.695020 4.040432 -0.874696
v 4.673628 5.790000 -0.889782
v 4.716372 5.790000 -0.904931
v 4.716372 4.040000 -0.889782
v 4.722500 4.040000 -0.920017
v 4.673628 4.040000 -0.904931
v 4.722500 5.789711 0.034236
v 4.722500 4.040000 0.056885
v 4.722500 5.790000 0.011565
v 4.722500 4.040289 0.034214
v 4.667500 5.789711 0.034214
v 4.667500 4.040000 0.011565
v 4.667500 5.790000 0.056885
v 4.667500 4.040289 0.034236
v 4.695020 5.789568 0.011565
v 4.694980 4.040432 0.011565
v 4.694980 5.789568 0.056885
v 4.667500 4.040000 0.056885
v 4.722500 5.790000 0.056885
v 4.695020 4.040432 0.056885
v 4.673628 5.790000 0.041799
v 4.667500 5.790000 0.011565
v 4.716372 5.790000 0.026651
v 4.716372 4.040000 0.041799
v 4.722500 4.040000 0.011565
v 4.673628 4.040000 0.026651
v 4.722500 5.789711 0.965818
v 4.722500 4.040000 0.988467
v 4.722500 5.790000 0.943147
v 4.722500 4.040289 0.965796
v 4.667500 5.789711 0.965796
v 4.667500 4.040000 0.943147
v 4.667500 5.790000 0.988467
v 4.667500 4.040289 0.965818
v 4.695020 5.789568 0.943147
v 4.722500 4.040000 0.943147
v 4.694980 4.040432 0.943147
v 4.694980 5.789568 0.988467
v 4.695020 4.040432 0.988467
v 4.673628 5.790000 0.973381
v 4.722500 5.790000 0.988467
v 4.667500 5.790000 0.943147
v 4.716372 5.790000 0.958233
v 4.716372 4.040000 0.973381
v 4.667500 4.040000 0.988467
v 4.673628 4.040000 0.958233
v 4.835000 4.040000 -1.013175
v 4.835000 4.000044 1.080851
v 4.835000 3.999956 -1.012401
v 4.595000 4.040000 1.081625
v 4.595000 4.000044 -1.012401
v 4.595000 3.999956 1.080851
v 4.595000 4.040000 -1.013175
v 4.828846 4.003077 -1.013175
v 4.601154 3.996923 -1.013175
v 4.835000 3.960000 -1.013175
v 4.601154 4.003077 1.081625
v 4.828846 3.996923 1.081625
v 4.595000 3.960000 1.081625
v 4.835000 4.040000 1.081625
v 4.835000 3.960000 1.081625
v 4.595000 3.960000 -1.013175
v 4.650000 5.820000 1.549934
v 4.650000 5.820001 3.554094
v 4.650000 4.000000 3.554094
v 4.500000 5.820001 3.554094
v 4.500000 4.000000 1.549934
v 4.575380 5.816925 1.549934
v 4.650000 4.000000 1.549934
v 4.500000 5.820000 1.549934
v 4.574620 4.003075 1.549934
v 4.574620 5.816926 3.554094
v 4.500000 4.000000 3.554094
v 4.575380 4.003076 3.554094
v 4.574682 5.820001 3.551259
v 4.575318 5.820001 1.552769
v 4.575318 4.000000 3.551259
v 4.574682 4.000000 1.552769
v 4.677500 5.750000 1.620432
v 4.677500 4.070001 3.483596
v 4.677500 4.070000 1.620432
v 4.652500 5.750000 1.620432
v 4.652500 5.750000 3.483596
v 4.652500 4.070000 1.620432
v 4.665002 5.749907 1.620432
v 4.664998 4.070093 1.620432
v 4.664998 5.749907 3.483596
v 4.652500 4.070001 3.483596
v 4.665002 4.070094 3.483596
v 4.664998 5.750000 3.483510
v 4.665002 5.750000 1.620517
v 4.677500 5.750000 3.483596
v 4.665002 4.070001 3.483511
v 4.664998 4.070001 1.620517
v 4.722500 5.789711 1.620443
v 4.722500 4.040000 1.643092
v 4.722500 5.790000 1.597772
v 4.722500 4.040289 1.620421
v 4.667500 5.789711 1.620421
v 4.667500 4.040000 1.597772
v 4.667500 5.790000 1.643092
v 4.667500 4.040289 1.620443
v 4.695020 5.789568 1.597772
v 4.667500 5.790000 1.597772
v 4.694980 4.040432 1.597772
v 4.694980 5.789568 1.643092
v 4.722500 5.790000 1.643092
v 4.695020 4.040432 1.643092
v 4.673628 5.790000 1.628006
v 4.716372 5.790000 1.612858
v 4.716372 4.040000 1.628006
v 4.667500 4.040000 1.643092
v 4.722500 4.040000 1.597772
v 4.673628 4.040000 1.612858
v 4.722500 5.789711 2.552025
v 4.722500 4.040000 2.574674
v 4.722500 5.790000 2.529354
v 4.722500 4.040289 2.552003
v 4.667500 5.789711 2.552002
v 4.667500 4.040000 2.529354
v 4.667500 5.790000 2.574674
v 4.667500 4.040289 2.552025
v 4.695020 5.789568 2.529354
v 4.722500 4.040000 2.529354
v 4.667500 5.790000 2.529354
v 4.694980 4.040432 2.529354
v 4.694980 5.789568 2.574674
v 4.667500 4.040000 2.574674
v 4.695020 4.040432 2.574674
v 4.673628 5.790000 2.559588
v 4.722500 5.790000 2.574674
v 4.716372 5.790000 2.544440
v 4.716372 4.040000 2.559588
v 4.673628 4.040000 2.544440
v 4.722500 5.789711 3.483607
v 4.722500 4.040000 3.506256
v 4.722500 5.790000 3.460935
v 4.722500 4.040289 3.483585
v 4.667500 5.789711 3.483585
v 4.667500 4.040000 3.460936
v 4.667500 5.790000 3.506256
v 4.667500 4.040289 3.483607
v 4.695020 5.789568 3.460936
v 4.667500 5.790000 3.460935
v 4.694980 4.040432 3.460936
v 4.694980 5.789568 3.506256
v 4.722500 5.790000 3.506256
v 4.695020 4.040432 3.506256
v 4.673628 5.790000 3.491170
v 4.716372 5.790000 3.476021
v 4.716372 4.040000 3.491170
v 4.667500 4.040000 3.506256
v 4.722500 4.040000 3.460936
v 4.673628 4.040000 3.476022
v 4.835000 4.040000 1.504614
v 4.835000 4.000044 3.598640
v 4.835000 3.999956 1.505388
v 4.595000 4.040000 3.599414
v 4.595000 4.000044 1.505388
v 4.595000 3.999956 3.598640
v 4.828846 4.003077 1.504614
v 4.601154 3.996923 1.504614
v 4.601154 4.003078 3.599414
v 4.828846 3.996923 3.599414
v 4.595000 4.040000 1.504614
v 4.835000 4.040000 3.599414
v 4.835000 3.960000 1.504614
v 4.835000 3.960000 3.599414
v 4.595000 3.960000 3.599414
v 4.595000 3.960000 1.504614
v -4.470000 3.650000 -4.145304
v -3.790000 5.900000 -4.306443
v -3.790000 3.650000 -4.145304
v -3.790000 3.650000 -4.306443
v -4.470000 5.900000 -4.145304
v -3.790000 5.900000 -4.145304
v -4.470000 5.900000 -4.306443
v -4.470000 3.650000 -4.306443
v -3.820000 5.869999 -4.311478
v -4.440000 5.869999 -4.311478
v -3.820000 3.680000 -4.311478
v -4.440000 3.680000 -4.311478
v 4.609729 6.450004 -4.054664
v -4.609729 6.449995 -4.054664
v -4.609729 6.450005 4.123114
v 4.609729 6.449996 4.123114
v -4.610000 6.400001 4.123114
v -4.610000 6.500000 4.123114
v -4.610000 6.450005 -4.054354
v -4.610000 6.449995 4.122804
v -4.610000 6.400000 -4.054664
v 4.610000 6.500000 -4.054664
v 4.610000 6.450006 4.122804
v 4.610000 6.449994 -4.054354
v 4.610000 6.400001 4.123114
v 4.610000 6.500000 4.123114
v -4.610000 6.500000 -4.054664
v 4.610000 6.400000 -4.054664
v -3.495000 8.870000 -4.094948
v -1.505000 7.050000 -4.094948
v -3.495000 7.050000 -4.094948
v -1.505000 8.870000 -3.943882
v -3.495000 8.870000 -3.943882
v -3.495000 7.050000 -3.943881
v -3.495000 8.866925 -4.019798
v -3.495000 7.053075 -4.019032
v -1.505000 8.866925 -4.019032
v -1.505000 7.050000 -3.943881
v -1.505000 7.053075 -4.019798
v -1.507815 8.870001 -4.019094
v -3.492185 8.870001 -4.019735
v -1.505000 8.870000 -4.094948
v -1.507815 7.050000 -4.019735
v -3.492185 7.050000 -4.019094
v -3.425000 8.800000 -4.122644
v -1.575000 7.119999 -4.122644
v -1.575000 8.800000 -4.097466
v -3.425000 7.119999 -4.097466
v -3.425000 8.799907 -4.110057
v -3.425000 7.120092 -4.110053
v -1.575000 8.799907 -4.110053
v -1.575000 7.119999 -4.097466
v -1.575000 7.120092 -4.110057
v -3.425000 8.800000 -4.097466
v -1.575084 8.800001 -4.110054
v -3.424916 8.800001 -4.110057
v -1.575000 8.800000 -4.122644
v -3.425000 7.119999 -4.122644
v -1.575084 7.120000 -4.110057
v -3.424916 7.120000 -4.110054
v -3.424989 8.839711 -4.167964
v -3.402500 7.090000 -4.167964
v -3.447500 8.840000 -4.167964
v -3.425011 7.090289 -4.167964
v -3.425011 8.839711 -4.112573
v -3.447500 7.090000 -4.112573
v -3.402500 8.840000 -4.112573
v -3.424989 7.090289 -4.112573
v -3.447500 8.839568 -4.140289
v -3.447500 7.090432 -4.140248
v -3.402500 8.839568 -4.140248
v -3.402500 7.090432 -4.140289
v -3.417479 8.840000 -4.118744
v -3.402500 8.840000 -4.167964
v -3.447500 8.840000 -4.112573
v -3.432521 8.840000 -4.161793
v -3.417479 7.090000 -4.161793
v -3.402500 7.090000 -4.112573
v -3.447500 7.090000 -4.167964
v -3.432521 7.090000 -4.118744
v -2.499989 8.839711 -4.167964
v -2.477500 7.090000 -4.167964
v -2.522500 8.840000 -4.167964
v -2.500011 7.090289 -4.167964
v -2.500011 8.839711 -4.112573
v -2.522500 7.090000 -4.112573
v -2.477500 8.840000 -4.112573
v -2.499989 7.090289 -4.112573
v -2.522500 8.839568 -4.140289
v -2.522500 7.090432 -4.140248
v -2.477500 8.839568 -4.140248
v -2.477500 7.090000 -4.112573
v -2.477500 7.090432 -4.140289
v -2.492479 8.840000 -4.118744
v -2.477500 8.840000 -4.167964
v -2.522500 8.840000 -4.112573
v -2.507521 8.840000 -4.161793
v -2.492479 7.090000 -4.161793
v -2.522500 7.090000 -4.167964
v -2.507521 7.090000 -4.118744
v -1.574989 8.839711 -4.167964
v -1.552500 7.090000 -4.167964
v -1.597500 8.840000 -4.167964
v -1.575011 7.090289 -4.167964
v -1.575011 8.839711 -4.112573
v -1.597500 7.090000 -4.112573
v -1.552500 8.840000 -4.112573
v -1.574989 7.090289 -4.112573
v -1.597500 8.839568 -4.140289
v -1.597500 7.090000 -4.167964
v -1.597500 8.840000 -4.112573
v -1.597500 7.090432 -4.140248
v -1.552500 8.839568 -4.140248
v -1.552500 7.090000 -4.112573
v -1.552500 7.090432 -4.140289
v -1.567479 8.840000 -4.118744
v -1.552500 8.840000 -4.167964
v -1.582521 8.840000 -4.161793
v -1.567479 7.090000 -4.161793
v -1.582521 7.090000 -4.118744
v -3.540000 7.090000 -4.281265
v -1.460768 7.050044 -4.281265
v -3.539232 7.049955 -4.281265
v -1.460000 7.010000 -4.281265
v -3.539232 7.050044 -4.039557
v -1.460768 7.049955 -4.039557
v -3.540000 7.053077 -4.275067
v -3.540000 7.046923 -4.045755
v -3.540000 7.010000 -4.281265
v -1.460000 7.053077 -4.045755
v -1.460000 7.046923 -4.275067
v -3.540000 7.090000 -4.039557
v -1.460000 7.090000 -4.039557
v -1.460000 7.090000 -4.281265
v -1.460000 7.010000 -4.039557
v -3.540000 7.010000 -4.039557
v -0.995000 8.870000 -4.094948
v 0.995000 7.050000 -4.094948
v 0.995000 8.870000 -3.943882
v -0.995000 7.050000 -3.943881
v -0.995000 8.866925 -4.019798
v -0.995000 8.870000 -3.943882
v -0.995000 7.053075 -4.019032
v 0.995000 8.866925 -4.019032
v 0.995000 7.053075 -4.019798
v 0.992185 8.870001 -4.019094
v -0.992185 8.870001 -4.019735
v 0.995000 8.870000 -4.094948
v -0.995000 7.050000 -4.094948
v 0.992185 7.050000 -4.019735
v -0.992185 7.050000 -4.019094
v 0.995000 7.050000 -3.943881
v -0.925000 8.800000 -4.122644
v 0.925000 7.119999 -4.122644
v 0.925000 8.800000 -4.097466
v -0.925000 7.119999 -4.097466
v -0.925000 8.799907 -4.110057
v -0.925000 7.119999 -4.122644
v -0.925000 8.800000 -4.097466
v -0.925000 7.120092 -4.110053
v 0.925000 8.799907 -4.110053
v 0.925000 7.119999 -4.097466
v 0.925000 7.120092 -4.110057
v 0.924916 8.800001 -4.110054
v -0.924916 8.800001 -4.110057
v 0.925000 8.800000 -4.122644
v 0.924916 7.120000 -4.110057
v -0.924916 7.120000 -4.110054
v -0.924989 8.839711 -4.167964
v -0.902500 7.090000 -4.167964
v -0.947500 8.840000 -4.167964
v -0.925011 7.090289 -4.167964
v -0.925011 8.839711 -4.112573
v -0.947500 7.090000 -4.112573
v -0.902500 8.840000 -4.112573
v -0.924989 7.090289 -4.112573
v -0.947500 8.839568 -4.140289
v -0.947500 7.090000 -4.167964
v -0.947500 7.090432 -4.140248
v -0.902500 8.839568 -4.140248
v -0.902500 7.090000 -4.112573
v -0.902500 8.840000 -4.167964
v -0.902500 7.090432 -4.140289
v -0.917479 8.840000 -4.118744
v -0.947500 8.840000 -4.112573
v -0.932521 8.840000 -4.161793
v -0.917479 7.090000 -4.161793
v -0.932521 7.090000 -4.118744
v 0.000011 8.839711 -4.167964
v 0.022500 7.090000 -4.167964
v -0.022500 8.840000 -4.167964
v -0.000011 7.090289 -4.167964
v -0.000011 8.839711 -4.112573
v -0.022500 7.090000 -4.112573
v 0.022500 8.840000 -4.112573
v 0.000011 7.090289 -4.112573
v -0.022500 8.839568 -4.140289
v -0.022500 7.090000 -4.167964
v -0.022500 8.840000 -4.112573
v -0.022500 7.090432 -4.140248
v 0.022500 8.839568 -4.140248
v 0.022500 7.090000 -4.112573
v 0.022500 7.090432 -4.140289
v 0.007521 8.840000 -4.118744
v 0.022500 8.840000 -4.167964
v -0.007521 8.840000 -4.161793
v 0.007521 7.090000 -4.161793
v -0.007521 7.090000 -4.118744
v 0.925011 8.839711 -4.167964
v 0.947500 7.090000 -4.167964
v 0.902500 8.840000 -4.167964
v 0.924989 7.090289 -4.167964
v 0.924989 8.839711 -4.112573
v 0.902500 7.090000 -4.112573
v 0.947500 8.840000 -4.112573
v 0.925011 7.090289 -4.112573
v 0.902500 8.839568 -4.140289
v 0.902500 7.090432 -4.140248
v 0.947500 8.839568 -4.140248
v 0.947500 8.840000 -4.167964
v 0.947500 7.090432 -4.140289
v 0.932521 8.840000 -4.118744
v 0.902500 8.840000 -4.112573
v 0.917479 8.840000 -4.161793
v 0.932521 7.090000 -4.161793
v 0.947500 7.090000 -4.112573
v 0.902500 7.090000 -4.167964
v 0.917479 7.090000 -4.118744
v -1.040000 7.090000 -4.281265
v 1.039232 7.050044 -4.281265
v -1.039232 7.049955 -4.281265
v 1.040000 7.090000 -4.039557
v -1.039232 7.050044 -4.039557
v 1.039232 7.049955 -4.039557
v -1.040000 7.053077 -4.275067
v -1.040000 7.046923 -4.045755
v 1.040000 7.053077 -4.045755
v 1.040000 7.046923 -4.275067
v -1.040000 7.090000 -4.039557
v 1.040000 7.090000 -4.281265
v 1.040000 7.010000 -4.281265
v 1.040000 7.010000 -4.039557
v -1.040000 7.010000 -4.281265
v -1.040000 7.010000 -4.039557
v 1.505000 8.870000 -4.094948
v 3.495000 7.050000 -4.094948
v 1.505000 7.050000 -4.094948
v 3.495000 8.870000 -3.943882
v 1.505000 7.050000 -3.943881
v 1.505000 8.866925 -4.019798
v 1.505000 8.870000 -3.943882
v 1.505000 7.053075 -4.019032
v 3.495000 8.866925 -4.019032
v 3.495000 7.053075 -4.019798
v 3.492185 8.870001 -4.019094
v 1.507815 8.870001 -4.019735
v 3.495000 8.870000 -4.094948
v 3.492185 7.050000 -4.019735
v 1.507815 7.050000 -4.019094
v 3.495000 7.050000 -3.943881
v 3.425000 8.800000 -4.122644
v 1.575000 8.800000 -4.122644
v 3.425000 7.119999 -4.122644
v 3.425000 8.800000 -4.097466
v 1.575000 8.800000 -4.097466
v 1.575000 7.119999 -4.097466
v 1.575000 8.799907 -4.110057
v 1.575000 7.119999 -4.122644
v 1.575000 7.120092 -4.110053
v 3.425000 8.799907 -4.110053
v 3.425000 7.119999 -4.097466
v 3.425000 7.120092 -4.110057
v 3.424916 8.800001 -4.110054
v 1.575084 8.800001 -4.110057
v 3.424916 7.120000 -4.110057
v 1.575084 7.120000 -4.110054
v 1.575011 8.839711 -4.167964
v 1.597500 7.090000 -4.167964
v 1.552500 8.840000 -4.167964
v 1.574989 7.090289 -4.167964
v 1.574989 8.839711 -4.112573
v 1.552500 7.090000 -4.112573
v 1.597500 8.840000 -4.112573
v 1.575011 7.090289 -4.112573
v 1.552500 8.839568 -4.140289
v 1.552500 7.090000 -4.167964
v 1.552500 8.840000 -4.112573
v 1.552500 7.090432 -4.140248
v 1.597500 8.839568 -4.140248
v 1.597500 7.090432 -4.140289
v 1.582521 8.840000 -4.118744
v 1.597500 8.840000 -4.167964
v 1.567479 8.840000 -4.161793
v 1.582521 7.090000 -4.161793
v 1.597500 7.090000 -4.112573
v 1.567479 7.090000 -4.118744
v 2.500011 8.839711 -4.167964
v 2.522500 7.090000 -4.167964
v 2.477500 8.840000 -4.167964
v 2.499989 7.090289 -4.167964
v 2.499989 8.839711 -4.112573
v 2.477500 7.090000 -4.112573
v 2.522500 8.840000 -4.112573
v 2.500011 7.090289 -4.112573
v 2.477500 8.839568 -4.140289
v 2.477500 7.090000 -4.167964
v 2.477500 8.840000 -4.112573
v 2.477500 7.090432 -4.140248
v 2.522500 8.839568 -4.140248
v 2.522500 7.090432 -4.140289
v 2.507521 8.840000 -4.118744
v 2.522500 8.840000 -4.167964
v 2.492479 8.840000 -4.161793
v 2.507521 7.090000 -4.161793
v 2.522500 7.090000 -4.112573
v 2.492479 7.090000 -4.118744
v 3.425011 8.839711 -4.167964
v 3.447500 7.090000 -4.167964
v 3.402500 8.840000 -4.167964
v 3.424989 7.090289 -4.167964
v 3.424989 8.839711 -4.112573
v 3.402500 7.090000 -4.112573
v 3.447500 8.840000 -4.112573
v 3.425011 7.090289 -4.112573
v 3.402500 8.839568 -4.140289
v 3.402500 7.090000 -4.167964
v 3.402500 7.090432 -4.140248
v 3.447500 8.839568 -4.140248
v 3.447500 8.840000 -4.167964
v 3.447500 7.090432 -4.140289
v 3.432521 8.840000 -4.118744
v 3.402500 8.840000 -4.112573
v 3.417479 8.840000 -4.161793
v 3.432521 7.090000 -4.161793
v 3.447500 7.090000 -4.112573
v 3.417479 7.090000 -4.118744
v 1.460000 7.090000 -4.281265
v 3.539232 7.050044 -4.281265
v 1.460768 7.049955 -4.281265
v 3.540000 7.010000 -4.281265
v 3.540000 7.090000 -4.039557
v 1.460768 7.050044 -4.039557
v 3.539232 7.049955 -4.039557
v 1.460000 7.010000 -4.039557
v 1.460000 7.053077 -4.275067
v 1.460000 7.046923 -4.045755
v 3.540000 7.090000 -4.281265
v 3.540000 7.053077 -4.045755
v 3.540000 7.046923 -4.275067
v 1.460000 7.090000 -4.039557
v 3.540000 7.010000 -4.039557
v 1.460000 7.010000 -4.281265
v -4.650000 8.870000 3.554093
v -4.650000 7.050000 1.549934
v -4.500000 8.870000 3.554093
v -4.500000 7.050001 3.554094
v -4.500000 8.870000 1.549934
v -4.575380 8.866925 3.554094
v -4.574620 7.053076 3.554094
v -4.574620 8.866925 1.549934
v -4.500000 7.050000 1.549934
v -4.650000 8.870000 1.549934
v -4.575380 7.053075 1.549934
v -4.574682 8.870001 1.552768
v -4.575318 8.870001 3.551259
v -4.650000 7.050001 3.554094
v -4.575318 7.050001 1.552769
v -4.574682 7.050001 3.551259
v -4.677500 8.800000 3.483595
v -4.677500 7.120000 1.620432
v -4.652500 8.800000 1.620432
v -4.652500 8.800000 3.483595
v -4.652500 7.120000 3.483596
v -4.652500 7.120000 1.620432
v -4.665002 8.799907 3.483595
v -4.664998 7.120093 3.483595
v -4.664998 8.799907 1.620432
v -4.665002 7.120093 1.620432
v -4.664998 8.800001 1.620517
v -4.665002 8.800001 3.483510
v -4.677500 8.800000 1.620432
v -4.677500 7.120000 3.483596
v -4.665002 7.120000 1.620517
v -4.664998 7.120000 3.483510
v -4.722500 8.839711 3.483584
v -4.722500 7.090001 3.460935
v -4.722500 8.840000 3.506255
v -4.722500 7.090290 3.483607
v -4.667500 8.839711 3.483606
v -4.667500 7.090001 3.506256
v -4.667500 8.840000 3.460935
v -4.667500 7.090290 3.483584
v -4.695020 8.839568 3.506255
v -4.722500 7.090001 3.506256
v -4.694980 7.090433 3.506255
v -4.694980 8.839568 3.460935
v -4.667500 7.090001 3.460935
v -4.722500 8.840000 3.460935
v -4.695020 7.090433 3.460935
v -4.673628 8.840000 3.476021
v -4.667500 8.840000 3.506255
v -4.716372 8.840000 3.491169
v -4.716372 7.090001 3.476021
v -4.673628 7.090001 3.491170
v -4.722500 8.839711 2.552002
v -4.722500 7.090000 2.529354
v -4.722500 8.840000 2.574674
v -4.722500 7.090289 2.552025
v -4.667500 8.839711 2.552025
v -4.667500 7.090000 2.574674
v -4.667500 8.840000 2.529353
v -4.667500 7.090289 2.552003
v -4.695020 8.839568 2.574674
v -4.694980 7.090432 2.574674
v -4.694980 8.839568 2.529354
v -4.695020 7.090432 2.529354
v -4.673628 8.840000 2.544439
v -4.722500 8.840000 2.529353
v -4.667500 8.840000 2.574674
v -4.716372 8.840000 2.559588
v -4.716372 7.090000 2.544440
v -4.667500 7.090000 2.529354
v -4.722500 7.090000 2.574674
v -4.673628 7.090000 2.559588
v -4.722500 8.839711 1.620420
v -4.722500 7.090000 1.597772
v -4.722500 8.840000 1.643092
v -4.722500 7.090289 1.620443
v -4.667500 8.839711 1.620443
v -4.667500 7.090000 1.643092
v -4.667500 8.840000 1.597772
v -4.667500 7.090289 1.620421
v -4.695020 8.839568 1.643092
v -4.722500 7.090000 1.643092
v -4.694980 7.090432 1.643092
v -4.694980 8.839568 1.597772
v -4.667500 7.090000 1.597772
v -4.695020 7.090432 1.597772
v -4.673628 8.840000 1.612857
v -4.722500 8.840000 1.597772
v -4.667500 8.840000 1.643092
v -4.716372 8.840000 1.628006
v -4.716372 7.090000 1.612858
v -4.673628 7.090000 1.628006
v -4.835000 7.050044 1.505388
v -4.835000 7.049956 3.598640
v -4.595000 7.050045 3.598640
v -4.595000 7.049956 1.505388
v -4.595000 7.090001 3.599414
v -4.828846 7.053078 3.599414
v -4.601154 7.046924 3.599414
v -4.601154 7.053077 1.504614
v -4.828846 7.046923 1.504614
v -4.595000 7.090000 1.504614
v -4.835000 7.090000 1.504614
v -4.835000 7.090001 3.599414
v -4.835000 7.010000 1.504614
v -4.835000 7.010001 3.599414
v -4.595000 7.010000 1.504614
v -4.595000 7.010001 3.599414
v -4.650000 8.870000 1.036305
v -4.650000 7.050000 -0.967855
v -4.650000 7.050000 1.036305
v -4.500000 8.870000 -0.967855
v -4.500000 7.050000 1.036305
v -4.500000 7.050000 -0.967855
v -4.575380 8.866925 1.036305
v -4.574620 7.053075 1.036305
v -4.574620 8.866925 -0.967855
v -4.650000 8.870000 -0.967855
v -4.575380 7.053075 -0.967855
v -4.500000 8.870000 1.036305
v -4.574682 8.870001 -0.965020
v -4.575318 8.870001 1.033470
v -4.575318 7.050001 -0.965020
v -4.574682 7.050001 1.033470
v -4.677500 8.800000 0.965807
v -4.677500 7.120000 -0.897357
v -4.652500 8.800000 -0.897357
v -4.652500 7.120000 0.965807
v -4.665002 8.799907 0.965807
v -4.677500 7.120000 0.965807
v -4.664998 7.120093 0.965807
v -4.664998 8.799907 -0.897357
v -4.677500 8.800000 -0.897357
v -4.665002 7.120093 -0.897357
v -4.652500 8.800000 0.965807
v -4.664998 8.800001 -0.897272
v -4.665002 8.800001 0.965722
v -4.665002 7.120000 -0.897272
v -4.664998 7.120000 0.965722
v -4.652500 7.120000 -0.897357
v -4.722500 8.839711 0.965795
v -4.722500 7.090000 0.943147
v -4.722500 8.840000 0.988467
v -4.722500 7.090289 0.965818
v -4.667500 8.839711 0.965818
v -4.667500 7.090000 0.988467
v -4.667500 8.840000 0.943147
v -4.667500 7.090289 0.965796
v -4.695020 8.839568 0.988467
v -4.667500 8.840000 0.988467
v -4.694980 7.090432 0.988467
v -4.694980 8.839568 0.943147
v -4.667500 7.090000 0.943147
v -4.722500 8.840000 0.943147
v -4.695020 7.090432 0.943147
v -4.673628 8.840000 0.958232
v -4.716372 8.840000 0.973381
v -4.716372 7.090000 0.958233
v -4.722500 7.090000 0.988467
v -4.673628 7.090000 0.973381
v -4.722500 8.839711 0.034214
v -4.722500 7.090000 0.011565
v -4.722500 8.840000 0.056885
v -4.722500 7.090289 0.034236
v -4.667500 8.839711 0.034236
v -4.667500 7.090000 0.056885
v -4.667500 8.840000 0.011565
v -4.667500 7.090289 0.034214
v -4.695020 8.839568 0.056885
v -4.694980 7.090432 0.056885
v -4.694980 8.839568 0.011565
v -4.667500 7.090000 0.011565
v -4.722500 8.840000 0.011565
v -4.695020 7.090432 0.011565
v -4.673628 8.840000 0.026651
v -4.667500 8.840000 0.056885
v -4.716372 8.840000 0.041799
v -4.716372 7.090000 0.026651
v -4.722500 7.090000 0.056885
v -4.673628 7.090000 0.041799
v -4.722500 8.839711 -0.897368
v -4.722500 7.090000 -0.920017
v -4.722500 8.840000 -0.874697
v -4.722500 7.090289 -0.897346
v -4.667500 8.839711 -0.897346
v -4.667500 7.090000 -0.874697
v -4.667500 8.840000 -0.920017
v -4.667500 7.090289 -0.897368
v -4.695020 8.839568 -0.874697
v -4.667500 8.840000 -0.874697
v -4.694980 7.090432 -0.874697
v -4.694980 8.839568 -0.920017
v -4.722500 8.840000 -0.920017
v -4.695020 7.090432 -0.920017
v -4.673628 8.840000 -0.904931
v -4.716372 8.840000 -0.889783
v -4.716372 7.090000 -0.904931
v -4.667500 7.090000 -0.920017
v -4.722500 7.090000 -0.874697
v -4.673628 7.090000 -0.889783
v -4.835000 7.090000 1.081625
v -4.835000 7.050045 -1.012401
v -4.835000 7.049956 1.080851
v -4.835000 7.010000 -1.013175
v -4.595000 7.050045 1.080851
v -4.595000 7.049956 -1.012401
v -4.595000 7.010000 1.081625
v -4.828846 7.053077 1.081625
v -4.601154 7.046923 1.081625
v -4.601154 7.053077 -1.013175
v -4.828846 7.046923 -1.013175
v -4.595000 7.090000 1.081625
v -4.595000 7.090000 -1.013175
v -4.835000 7.090000 -1.013175
v -4.595000 7.010000 -1.013175
v -4.835000 7.010000 1.081625
v -4.650000 8.870000 -1.481484
v -4.650000 7.050000 -3.485643
v -4.500000 8.870000 -1.481484
v -4.500000 7.050000 -1.481484
v -4.500000 8.870000 -3.485644
v -4.575380 8.866925 -1.481484
v -4.574620 7.053075 -1.481484
v -4.574620 8.866925 -3.485644
v -4.500000 7.050000 -3.485643
v -4.575380 7.053075 -3.485643
v -4.574682 8.870001 -3.482809
v -4.575318 8.870001 -1.484319
v -4.650000 8.870000 -3.485644
v -4.650000 7.050000 -1.481484
v -4.575318 7.050000 -3.482809
v -4.574682 7.050001 -1.484318
v -4.677500 7.119999 -3.415145
v -4.677500 8.800000 -1.551982
v -4.652500 7.120000 -1.551982
v -4.652500 8.800000 -3.415146
v -4.665002 8.799907 -1.551982
v -4.664998 7.120093 -1.551982
v -4.664998 8.799907 -3.415146
v -4.677500 8.800000 -3.415146
v -4.665002 7.120092 -3.415146
v -4.652500 8.800000 -1.551982
v -4.664998 8.800001 -3.415061
v -4.665002 8.800001 -1.552067
v -4.677500 7.120000 -1.551982
v -4.665002 7.120000 -3.415061
v -4.664998 7.120000 -1.552067
v -4.652500 7.119999 -3.415145
v -4.722500 8.839711 -1.551993
v -4.722500 7.090000 -1.574642
v -4.722500 8.840000 -1.529322
v -4.722500 7.090289 -1.551971
v -4.667500 8.839711 -1.551971
v -4.667500 7.090000 -1.529322
v -4.667500 8.840000 -1.574642
v -4.667500 7.090289 -1.551993
v -4.695020 8.839568 -1.529322
v -4.722500 7.090000 -1.529322
v -4.667500 8.840000 -1.529322
v -4.694980 7.090432 -1.529322
v -4.694980 8.839568 -1.574642
v -4.667500 7.090000 -1.574642
v -4.722500 8.840000 -1.574642
v -4.695020 7.090432 -1.574642
v -4.673628 8.840000 -1.559556
v -4.716372 8.840000 -1.544408
v -4.716372 7.090000 -1.559556
v -4.673628 7.090000 -1.544408
v -4.722500 8.839711 -2.483575
v -4.722500 7.090000 -2.506224
v -4.722500 8.840000 -2.460904
v -4.722500 7.090289 -2.483552
v -4.667500 8.839711 -2.483553
v -4.667500 7.090000 -2.460904
v -4.667500 8.840000 -2.506224
v -4.667500 7.090289 -2.483575
v -4.695020 8.839568 -2.460904
v -4.722500 7.090000 -2.460904
v -4.667500 8.840000 -2.460904
v -4.694980 7.090432 -2.460904
v -4.694980 8.839568 -2.506224
v -4.722500 8.840000 -2.506224
v -4.695020 7.090432 -2.506224
v -4.673628 8.840000 -2.491138
v -4.716372 8.840000 -2.475990
v -4.716372 7.090000 -2.491138
v -4.667500 7.090000 -2.506224
v -4.673628 7.090000 -2.475990
v -4.722500 8.839711 -3.415157
v -4.722500 7.090000 -3.437806
v -4.722500 8.840000 -3.392486
v -4.722500 7.090289 -3.415134
v -4.667500 8.839711 -3.415135
v -4.667500 7.090000 -3.392485
v -4.667500 8.840000 -3.437806
v -4.667500 7.090289 -3.415157
v -4.695020 8.839568 -3.392486
v -4.694980 7.090432 -3.392486
v -4.694980 8.839568 -3.437806
v -4.667500 7.090000 -3.437806
v -4.722500 8.840000 -3.437806
v -4.695020 7.090432 -3.437806
v -4.673628 8.840000 -3.422720
v -4.667500 8.840000 -3.392486
v -4.716372 8.840000 -3.407572
v -4.716372 7.090000 -3.422720
v -4.722500 7.090000 -3.392485
v -4.673628 7.090000 -3.407571
v -4.835000 7.050044 -3.530190
v -4.835000 7.049956 -1.436937
v -4.835000 7.010000 -3.530964
v -4.595000 7.050045 -1.436937
v -4.595000 7.049956 -3.530190
v -4.595000 7.090000 -1.436164
v -4.828846 7.053077 -1.436164
v -4.601154 7.046923 -1.436164
v -4.835000 7.010000 -1.436164
v -4.601154 7.053077 -3.530964
v -4.828846 7.046923 -3.530964
v -4.595000 7.090000 -3.530964
v -4.835000 7.090000 -3.530964
v -4.835000 7.090000 -1.436164
v -4.595000 7.010000 -3.530964
v -4.595000 7.010000 -1.436164
v 3.495000 8.870000 4.163398
v 1.505000 8.870000 4.163398
v 1.505000 7.050001 4.163398
v 3.495000 8.870000 4.012331
v 3.495000 7.050001 4.012331
v 1.505000 8.870000 4.012331
v 3.495000 8.866925 4.088248
v 3.495000 7.053076 4.087482
v 1.505000 8.866925 4.087482
v 1.505000 7.050001 4.012331
v 1.505000 7.053076 4.088248
v 1.507815 8.870001 4.087544
v 3.492185 8.870001 4.088185
v 3.495000 7.050001 4.163398
v 1.507815 7.050001 4.088185
v 3.492185 7.050001 4.087544
v 1.575000 8.800000 4.191094
v 1.575000 7.120000 4.191094
v 3.425000 8.800000 4.191094
v 1.575000 8.800000 4.165916
v 3.425000 7.120000 4.165916
v 3.425000 8.799907 4.178507
v 3.425000 8.800000 4.165916
v 3.425000 7.120093 4.178503
v 1.575000 8.799907 4.178503
v 1.575000 7.120000 4.165916
v 1.575000 7.120093 4.178507
v 1.575084 8.800001 4.178504
v 3.424916 8.800001 4.178507
v 3.425000 7.120000 4.191094
v 1.575084 7.120000 4.178507
v 3.424916 7.120000 4.178504
v 3.424989 8.839711 4.236414
v 3.402500 7.090001 4.236414
v 3.447500 8.840000 4.236414
v 3.425011 7.090290 4.236414
v 3.425011 8.839711 4.181023
v 3.447500 7.090001 4.181023
v 3.402500 8.840000 4.181023
v 3.424989 7.090290 4.181023
v 3.447500 8.839568 4.208739
v 3.447500 7.090001 4.236414
v 3.447500 8.840000 4.181023
v 3.447500 7.090433 4.208698
v 3.402500 8.839568 4.208698
v 3.402500 7.090001 4.181023
v 3.402500 7.090433 4.208739
v 3.417479 8.840000 4.187194
v 3.402500 8.840000 4.236414
v 3.432521 8.840000 4.230243
v 3.417479 7.090001 4.230243
v 3.432521 7.090001 4.187194
v 2.499989 8.839711 4.236414
v 2.477500 7.090001 4.236414
v 2.522500 8.840000 4.236414
v 2.500011 7.090290 4.236414
v 2.500011 8.839711 4.181023
v 2.522500 7.090001 4.181023
v 2.477500 8.840000 4.181023
v 2.499989 7.090290 4.181023
v 2.522500 8.839568 4.208739
v 2.522500 7.090001 4.236414
v 2.522500 8.840000 4.181023
v 2.522500 7.090433 4.208698
v 2.477500 8.839568 4.208698
v 2.477500 7.090433 4.208739
v 2.492479 8.840000 4.187194
v 2.477500 8.840000 4.236414
v 2.507521 8.840000 4.230243
v 2.492479 7.090001 4.230243
v 2.477500 7.090001 4.181023
v 2.507521 7.090001 4.187194
v 1.574989 8.839711 4.236414
v 1.552500 7.090001 4.236414
v 1.597500 8.840000 4.236414
v 1.575011 7.090290 4.236414
v 1.575011 8.839711 4.181023
v 1.597500 7.090001 4.181023
v 1.552500 8.840000 4.181023
v 1.574989 7.090290 4.181023
v 1.597500 8.839568 4.208739
v 1.597500 7.090433 4.208698
v 1.552500 8.839568 4.208698
v 1.552500 7.090001 4.181023
v 1.552500 8.840000 4.236414
v 1.552500 7.090433 4.208739
v 1.567479 8.840000 4.187194
v 1.597500 8.840000 4.181023
v 1.582521 8.840000 4.230243
v 1.567479 7.090001 4.230243
v 1.597500 7.090001 4.236414
v 1.582521 7.090001 4.187194
v 1.460768 7.050045 4.349715
v 3.539232 7.049956 4.349715
v 3.539232 7.050045 4.108007
v 1.460768 7.049956 4.108007
v 3.540000 7.053078 4.343517
v 3.540000 7.046924 4.114205
v 1.460000 7.053078 4.114205
v 1.460000 7.046924 4.343517
v 3.540000 7.090001 4.108007
v 1.460000 7.090001 4.108007
v 1.460000 7.090001 4.349715
v 3.540000 7.090001 4.349715
v 1.460000 7.010001 4.349715
v 1.460000 7.010001 4.108007
v 3.540000 7.010001 4.349715
v 3.540000 7.010001 4.108007
v 0.995000 8.870000 4.163398
v -0.995000 7.050001 4.163398
v -0.995000 8.870000 4.012331
v 0.995000 7.050001 4.012331
v 0.995000 8.866925 4.088248
v 0.995000 7.053076 4.087482
v -0.995000 8.866925 4.087482
v -0.995000 7.050001 4.012331
v -0.995000 7.053076 4.088248
v 0.995000 8.870000 4.012331
v -0.992185 8.870001 4.087544
v 0.992185 8.870001 4.088185
v -0.995000 8.870000 4.163398
v 0.995000 7.050001 4.163398
v -0.992185 7.050001 4.088185
v 0.992185 7.050001 4.087544
v -0.925000 7.120000 4.191094
v 0.925000 8.800000 4.191094
v 0.925000 7.120000 4.191094
v -0.925000 8.800000 4.165916
v 0.925000 7.120000 4.165916
v -0.925000 7.120000 4.165916
v 0.925000 8.799907 4.178507
v 0.925000 8.800000 4.165916
v 0.925000 7.120093 4.178503
v -0.925000 8.799907 4.178503
v -0.925000 7.120093 4.178507
v -0.924916 8.800001 4.178504
v 0.924916 8.800001 4.178507
v -0.925000 8.800000 4.191094
v -0.924916 7.120000 4.178507
v 0.924916 7.120000 4.178504
v 0.924989 8.839711 4.236414
v 0.902500 7.090001 4.236414
v 0.947500 8.840000 4.236414
v 0.925011 7.090290 4.236414
v 0.925011 8.839711 4.181023
v 0.947500 7.090001 4.181023
v 0.902500 8.840000 4.181023
v 0.924989 7.090290 4.181023
v 0.947500 8.839568 4.208739
v 0.947500 7.090001 4.236414
v 0.947500 7.090433 4.208698
v 0.902500 8.839568 4.208698
v 0.902500 8.840000 4.236414
v 0.902500 7.090433 4.208739
v 0.917479 8.840000 4.187194
v 0.947500 8.840000 4.181023
v 0.932521 8.840000 4.230243
v 0.917479 7.090001 4.230243
v 0.902500 7.090001 4.181023
v 0.932521 7.090001 4.187194
v -0.000011 8.839711 4.236414
v -0.022500 7.090001 4.236414
v 0.022500 8.840000 4.236414
v 0.000011 7.090290 4.236414
v 0.000011 8.839711 4.181023
v 0.022500 7.090001 4.181023
v -0.022500 8.840000 4.181023
v -0.000011 7.090290 4.181023
v 0.022500 8.839568 4.208739
v 0.022500 7.090433 4.208698
v -0.022500 8.839568 4.208698
v -0.022500 8.840000 4.236414
v -0.022500 7.090433 4.208739
v -0.007521 8.840000 4.187194
v 0.022500 8.840000 4.181023
v 0.007521 8.840000 4.230243
v -0.007521 7.090001 4.230243
v -0.022500 7.090001 4.181023
v 0.022500 7.090001 4.236414
v 0.007521 7.090001 4.187194
v -0.925011 8.839711 4.236414
v -0.947500 7.090001 4.236414
v -0.902500 8.840000 4.236414
v -0.924989 7.090290 4.236414
v -0.924989 8.839711 4.181023
v -0.902500 7.090001 4.181023
v -0.947500 8.840000 4.181023
v -0.925011 7.090290 4.181023
v -0.902500 8.839568 4.208739
v -0.902500 7.090433 4.208698
v -0.947500 8.839568 4.208698
v -0.947500 8.840000 4.236414
v -0.947500 7.090433 4.208739
v -0.932521 8.840000 4.187194
v -0.902500 8.840000 4.181023
v -0.917479 8.840000 4.230243
v -0.932521 7.090001 4.230243
v -0.947500 7.090001 4.181023
v -0.902500 7.090001 4.236414
v -0.917479 7.090001 4.187194
v -1.039232 7.050045 4.349715
v 1.039232 7.049956 4.349715
v -1.040000 7.010001 4.349715
v 1.039232 7.050045 4.108007
v -1.039232 7.049956 4.108007
v 1.040000 7.053078 4.343517
v 1.040000 7.046924 4.114205
v -1.040000 7.053078 4.114205
v -1.040000 7.046924 4.343517
v -1.040000 7.010001 4.108007
v -1.040000 7.090001 4.108007
v 1.040000 7.090001 4.108007
v -1.040000 7.090001 4.349715
v 1.040000 7.090001 4.349715
v 1.040000 7.010001 4.349715
v 1.040000 7.010001 4.108007
v -3.495000 8.870000 4.163398
v -1.505000 8.870000 4.163398
v -3.495000 7.050001 4.163398
v -1.505000 7.050001 4.012331
v -3.495000 8.870000 4.012331
v -1.505000 8.866925 4.088248
v -1.505000 7.053076 4.087482
v -3.495000 8.866925 4.087482
v -3.495000 7.053076 4.088248
v -1.505000 8.870000 4.012331
v -3.492185 8.870001 4.087544
v -1.507815 8.870001 4.088185
v -1.505000 7.050001 4.163398
v -3.492185 7.050001 4.088185
v -1.507815 7.050001 4.087544
v -3.495000 7.050001 4.012331
v -1.575000 8.800000 4.191094
v -3.425000 7.120000 4.191094
v -1.575000 7.120000 4.191094
v -3.425000 8.800000 4.165916
v -1.575000 7.120000 4.165916
v -1.575000 8.799907 4.178507
v -1.575000 7.120093 4.178503
v -3.425000 8.799907 4.178503
v -3.425000 8.800000 4.191094
v -3.425000 7.120093 4.178507
v -1.575000 8.800000 4.165916
v -3.424916 8.800001 4.178504
v -1.575084 8.800001 4.178507
v -3.424916 7.120000 4.178507
v -1.575084 7.120000 4.178504
v -3.425000 7.120000 4.165916
v -1.575011 8.839711 4.236414
v -1.597500 7.090001 4.236414
v -1.552500 8.840000 4.236414
v -1.574989 7.090290 4.236414
v -1.574989 8.839711 4.181023
v -1.552500 7.090001 4.181023
v -1.597500 8.840000 4.181023
v -1.575011 7.090290 4.181023
v -1.552500 8.839568 4.208739
v -1.552500 7.090433 4.208698
v -1.597500 8.839568 4.208698
v -1.597500 7.090001 4.181023
v -1.597500 7.090433 4.208739
v -1.582521 8.840000 4.187194
v -1.597500 8.840000 4.236414
v -1.552500 8.840000 4.181023
v -1.567479 8.840000 4.230243
v -1.582521 7.090001 4.230243
v -1.552500 7.090001 4.236414
v -1.567479 7.090001 4.187194
v -2.500011 8.839711 4.236414
v -2.522500 7.090001 4.236414
v -2.477500 8.840000 4.236414
v -2.499989 7.090290 4.236414
v -2.499989 8.839711 4.181023
v -2.477500 7.090001 4.181023
v -2.522500 8.840000 4.181023
v -2.500011 7.090290 4.181023
v -2.477500 8.839568 4.208739
v -2.477500 8.840000 4.181023
v -2.477500 7.090433 4.208698
v -2.522500 8.839568 4.208698
v -2.522500 8.840000 4.236414
v -2.522500 7.090433 4.208739
v -2.507521 8.840000 4.187194
v -2.492479 8.840000 4.230243
v -2.507521 7.090001 4.230243
v -2.522500 7.090001 4.181023
v -2.477500 7.090001 4.236414
v -2.492479 7.090001 4.187194
v -3.425011 8.839711 4.236414
v -3.447500 7.090001 4.236414
v -3.402500 8.840000 4.236414
v -3.424989 7.090290 4.236414
v -3.424989 8.839711 4.181023
v -3.402500 7.090001 4.181023
v -3.447500 8.840000 4.181023
v -3.425011 7.090290 4.181023
v -3.402500 8.839568 4.208739
v -3.402500 7.090001 4.236414
v -3.402500 7.090433 4.208698
v -3.447500 8.839568 4.208698
v -3.447500 7.090433 4.208739
v -3.432521 8.840000 4.187194
v -3.447500 8.840000 4.236414
v -3.402500 8.840000 4.181023
v -3.417479 8.840000 4.230243
v -3.432521 7.090001 4.230243
v -3.447500 7.090001 4.181023
v -3.417479 7.090001 4.187194
v -1.460000 7.090001 4.349715
v -3.539232 7.050045 4.349715
v -1.460768 7.049956 4.349715
v -3.540000 7.010001 4.349715
v -3.540000 7.090001 4.108007
v -1.460768 7.050045 4.108007
v -3.539232 7.049956 4.108007
v -1.460000 7.053078 4.343517
v -1.460000 7.046924 4.114205
v -3.540000 7.053078 4.114205
v -3.540000 7.046924 4.343517
v -3.540000 7.010001 4.108007
v -1.460000 7.090001 4.108007
v -3.540000 7.090001 4.349715
v -1.460000 7.010001 4.349715
v -1.460000 7.010001 4.108007
v 4.650000 8.870000 -3.485644
v 4.650000 7.050000 -1.481484
v 4.500000 8.870000 -1.481484
v 4.500000 7.050000 -3.485643
v 4.575380 8.866925 -3.485644
v 4.650000 7.050000 -3.485643
v 4.500000 8.870000 -3.485644
v 4.574620 7.053075 -3.485643
v 4.574620 8.866925 -1.481484
v 4.650000 8.870000 -1.481484
v 4.575380 7.053075 -1.481484
v 4.574682 8.870001 -1.484319
v 4.575318 8.870001 -3.482809
v 4.575318 7.050001 -1.484318
v 4.574682 7.050000 -3.482809
v 4.500000 7.050000 -1.481484
v 4.677500 8.800000 -3.415146
v 4.677500 7.120000 -1.551982
v 4.677500 7.119999 -3.415145
v 4.652500 8.800000 -1.551982
v 4.652500 7.119999 -3.415145
v 4.665002 8.799907 -3.415146
v 4.652500 8.800000 -3.415146
v 4.664998 7.120092 -3.415146
v 4.664998 8.799907 -1.551982
v 4.677500 8.800000 -1.551982
v 4.665002 7.120093 -1.551982
v 4.664998 8.800001 -1.552067
v 4.665002 8.800001 -3.415061
v 4.665002 7.120000 -1.552067
v 4.664998 7.120000 -3.415061
v 4.652500 7.120000 -1.551982
v 4.722500 8.839711 -3.415135
v 4.722500 7.090000 -3.392485
v 4.722500 8.840000 -3.437806
v 4.722500 7.090289 -3.415157
v 4.667500 8.839711 -3.415157
v 4.667500 7.090000 -3.437806
v 4.667500 8.840000 -3.392486
v 4.667500 7.090289 -3.415134
v 4.695020 8.839568 -3.437806
v 4.694980 7.090432 -3.437806
v 4.694980 8.839568 -3.392486
v 4.667500 7.090000 -3.392485
v 4.722500 8.840000 -3.392486
v 4.695020 7.090432 -3.392486
v 4.673628 8.840000 -3.407572
v 4.667500 8.840000 -3.437806
v 4.716372 8.840000 -3.422720
v 4.716372 7.090000 -3.407571
v 4.722500 7.090000 -3.437806
v 4.673628 7.090000 -3.422720
v 4.722500 8.839711 -2.483553
v 4.722500 7.090000 -2.460904
v 4.722500 8.840000 -2.506224
v 4.722500 7.090289 -2.483575
v 4.667500 8.839711 -2.483575
v 4.667500 7.090000 -2.506224
v 4.667500 8.840000 -2.460904
v 4.667500 7.090289 -2.483552
v 4.695020 8.839568 -2.506224
v 4.667500 8.840000 -2.506224
v 4.694980 7.090432 -2.506224
v 4.694980 8.839568 -2.460904
v 4.695020 7.090432 -2.460904
v 4.673628 8.840000 -2.475990
v 4.722500 8.840000 -2.460904
v 4.716372 8.840000 -2.491138
v 4.716372 7.090000 -2.475990
v 4.667500 7.090000 -2.460904
v 4.722500 7.090000 -2.506224
v 4.673628 7.090000 -2.491138
v 4.722500 8.839711 -1.551971
v 4.722500 7.090000 -1.529322
v 4.722500 8.840000 -1.574642
v 4.722500 7.090289 -1.551993
v 4.667500 8.839711 -1.551993
v 4.667500 7.090000 -1.574642
v 4.667500 8.840000 -1.529322
v 4.667500 7.090289 -1.551971
v 4.695020 8.839568 -1.574642
v 4.722500 7.090000 -1.574642
v 4.694980 7.090432 -1.574642
v 4.694980 8.839568 -1.529322
v 4.722500 8.840000 -1.529322
v 4.695020 7.090432 -1.529322
v 4.673628 8.840000 -1.544408
v 4.667500 8.840000 -1.574642
v 4.716372 8.840000 -1.559556
v 4.716372 7.090000 -1.544408
v 4.667500 7.090000 -1.529322
v 4.673628 7.090000 -1.559556
v 4.835000 7.090000 -3.530964
v 4.835000 7.050045 -1.436937
v 4.835000 7.049956 -3.530190
v 4.595000 7.050044 -3.530190
v 4.595000 7.049956 -1.436937
v 4.828846 7.053077 -3.530964
v 4.601154 7.046923 -3.530964
v 4.835000 7.010000 -3.530964
v 4.601154 7.053077 -1.436164
v 4.828846 7.046923 -1.436164
v 4.595000 7.090000 -1.436164
v 4.595000 7.090000 -3.530964
v 4.835000 7.090000 -1.436164
v 4.835000 7.010000 -1.436164
v 4.595000 7.010000 -1.436164
v 4.595000 7.010000 -3.530964
v 4.650000 8.870000 -0.967855
v 4.650000 7.050000 1.036305
v 4.650000 7.050000 -0.967855
v 4.500000 7.050000 -0.967855
v 4.500000 8.870000 1.036305
v 4.575380 8.866925 -0.967855
v 4.500000 8.870000 -0.967855
v 4.574620 7.053075 -0.967855
v 4.574620 8.866925 1.036305
v 4.575380 7.053075 1.036305
v 4.574682 8.870001 1.033470
v 4.575318 8.870001 -0.965020
v 4.650000 8.870000 1.036305
v 4.575318 7.050001 1.033470
v 4.574682 7.050001 -0.965020
v 4.500000 7.050000 1.036305
v 4.677500 8.800000 0.965807
v 4.677500 8.800000 -0.897357
v 4.677500 7.120000 0.965807
v 4.677500 7.120000 -0.897357
v 4.652500 8.800000 0.965807
v 4.652500 7.120000 -0.897357
v 4.652500 7.120000 0.965807
v 4.665002 8.799907 -0.897357
v 4.664998 7.120093 -0.897357
v 4.664998 8.799907 0.965807
v 4.665002 7.120093 0.965807
v 4.652500 8.800000 -0.897357
v 4.664998 8.800001 0.965722
v 4.665002 8.800001 -0.897272
v 4.665002 7.120000 0.965722
v 4.664998 7.120000 -0.897272
v 4.722500 8.839711 -0.897346
v 4.722500 7.090000 -0.874697
v 4.722500 8.840000 -0.920017
v 4.722500 7.090289 -0.897368
v 4.667500 8.839711 -0.897368
v 4.667500 7.090000 -0.920017
v 4.667500 8.840000 -0.874697
v 4.667500 7.090289 -0.897346
v 4.695020 8.839568 -0.920017
v 4.722500 7.090000 -0.920017
v 4.667500 8.840000 -0.920017
v 4.694980 7.090432 -0.920017
v 4.694980 8.839568 -0.874697
v 4.695020 7.090432 -0.874697
v 4.673628 8.840000 -0.889783
v 4.722500 8.840000 -0.874697
v 4.716372 8.840000 -0.904931
v 4.716372 7.090000 -0.889783
v 4.667500 7.090000 -0.874697
v 4.673628 7.090000 -0.904931
v 4.722500 8.839711 0.034236
v 4.722500 7.090000 0.056885
v 4.722500 8.840000 0.011565
v 4.722500 7.090289 0.034214
v 4.667500 8.839711 0.034214
v 4.667500 7.090000 0.011565
v 4.667500 8.840000 0.056885
v 4.667500 7.090289 0.034236
v 4.695020 8.839568 0.011565
v 4.722500 7.090000 0.011565
v 4.694980 7.090432 0.011565
v 4.694980 8.839568 0.056885
v 4.667500 7.090000 0.056885
v 4.695020 7.090432 0.056885
v 4.673628 8.840000 0.041799
v 4.722500 8.840000 0.056885
v 4.667500 8.840000 0.011565
v 4.716372 8.840000 0.026651
v 4.716372 7.090000 0.041799
v 4.673628 7.090000 0.026651
v 4.722500 8.839711 0.965818
v 4.722500 7.090000 0.988467
v 4.722500 8.840000 0.943147
v 4.722500 7.090289 0.965796
v 4.667500 8.839711 0.965795
v 4.667500 7.090000 0.943147
v 4.667500 8.840000 0.988467
v 4.667500 7.090289 0.965818
v 4.695020 8.839568 0.943147
v 4.667500 8.840000 0.943147
v 4.694980 7.090432 0.943147
v 4.694980 8.839568 0.988467
v 4.695020 7.090432 0.988467
v 4.673628 8.840000 0.973381
v 4.722500 8.840000 0.988467
v 4.716372 8.840000 0.958233
v 4.716372 7.090000 0.973381
v 4.667500 7.090000 0.988467
v 4.722500 7.090000 0.943147
v 4.673628 7.090000 0.958233
v 4.835000 7.090000 -1.013175
v 4.835000 7.050045 1.080851
v 4.835000 7.049956 -1.012401
v 4.835000 7.010000 1.081625
v 4.595000 7.090000 1.081625
v 4.595000 7.050045 -1.012401
v 4.595000 7.049956 1.080851
v 4.595000 7.010000 -1.013175
v 4.828846 7.053077 -1.013175
v 4.601154 7.046923 -1.013175
v 4.601154 7.053077 1.081625
v 4.828846 7.046923 1.081625
v 4.595000 7.010000 1.081625
v 4.595000 7.090000 -1.013175
v 4.835000 7.090000 1.081625
v 4.835000 7.010000 -1.013175
v 4.650000 8.870000 1.549934
v 4.650000 7.050001 3.554094
v 4.500000 8.870000 3.554093
v 4.500000 7.050000 1.549934
v 4.575380 8.866925 1.549934
v 4.500000 8.870000 1.549934
v 4.574620 7.053075 1.549934
v 4.574620 8.866925 3.554094
v 4.500000 7.050001 3.554094
v 4.575380 7.053076 3.554094
v 4.574682 8.870001 3.551259
v 4.575318 8.870001 1.552768
v 4.650000 8.870000 3.554093
v 4.650000 7.050000 1.549934
v 4.575318 7.050001 3.551259
v 4.574682 7.050001 1.552769
v 4.677500 8.800000 1.620432
v 4.677500 7.120000 3.483596
v 4.652500 7.120000 1.620432
v 4.652500 8.800000 3.483595
v 4.652500 7.120000 3.483596
v 4.665002 8.799907 1.620432
v 4.677500 7.120000 1.620432
v 4.652500 8.800000 1.620432
v 4.664998 7.120093 1.620432
v 4.664998 8.799907 3.483595
v 4.677500 8.800000 3.483595
v 4.665002 7.120093 3.483595
v 4.664998 8.800001 3.483510
v 4.665002 8.800001 1.620517
v 4.665002 7.120000 3.483510
v 4.664998 7.120000 1.620517
v 4.722500 8.839711 1.620443
v 4.722500 7.090000 1.643092
v 4.722500 8.840000 1.597772
v 4.722500 7.090289 1.620421
v 4.667500 8.839711 1.620420
v 4.667500 7.090000 1.597772
v 4.667500 8.840000 1.643092
v 4.667500 7.090289 1.620443
v 4.695020 8.839568 1.597772
v 4.667500 8.840000 1.597772
v 4.694980 7.090432 1.597772
v 4.694980 8.839568 1.643092
v 4.722500 8.840000 1.643092
v 4.695020 7.090432 1.643092
v 4.673628 8.840000 1.628006
v 4.716372 8.840000 1.612858
v 4.716372 7.090000 1.628006
v 4.667500 7.090000 1.643092
v 4.722500 7.090000 1.597772
v 4.673628 7.090000 1.612858
v 4.722500 8.839711 2.552025
v 4.722500 7.090000 2.574674
v 4.722500 8.840000 2.529353
v 4.722500 7.090289 2.552003
v 4.667500 8.839711 2.552002
v 4.667500 7.090000 2.529354
v 4.667500 8.840000 2.574674
v 4.667500 7.090289 2.552025
v 4.695020 8.839568 2.529354
v 4.722500 7.090000 2.529354
v 4.694980 7.090432 2.529354
v 4.694980 8.839568 2.574674
v 4.722500 8.840000 2.574674
v 4.695020 7.090432 2.574674
v 4.673628 8.840000 2.559588
v 4.667500 8.840000 2.529353
v 4.716372 8.840000 2.544439
v 4.716372 7.090000 2.559588
v 4.667500 7.090000 2.574674
v 4.673628 7.090000 2.544440
v 4.722500 8.839711 3.483606
v 4.722500 7.090001 3.506256
v 4.722500 8.840000 3.460935
v 4.722500 7.090290 3.483584
v 4.667500 8.839711 3.483584
v 4.667500 7.090001 3.460935
v 4.667500 8.840000 3.506255
v 4.667500 7.090290 3.483607
v 4.695020 8.839568 3.460935
v 4.667500 8.840000 3.460935
v 4.694980 7.090433 3.460935
v 4.694980 8.839568 3.506255
v 4.667500 7.090001 3.506256
v 4.722500 8.840000 3.506255
v 4.695020 7.090433 3.506255
v 4.673628 8.840000 3.491169
v 4.716372 8.840000 3.476021
v 4.716372 7.090001 3.491170
v 4.722500 7.090001 3.460935
v 4.673628 7.090001 3.476021
v 4.835000 7.050045 3.598640
v 4.835000 7.049956 1.505388
v 4.835000 7.010001 3.599414
v 4.595000 7.090001 3.599414
v 4.595000 7.050044 1.505388
v 4.595000 7.049956 3.598640
v 4.595000 7.010000 1.504614
v 4.828846 7.053077 1.504614
v 4.601154 7.046923 1.504614
v 4.835000 7.090001 3.599414
v 4.601154 7.053078 3.599414
v 4.828846 7.046924 3.599414
v 4.595000 7.090000 1.504614
v 4.835000 7.090000 1.504614
v 4.595000 7.010001 3.599414
v 4.835000 7.010000 1.504614
v -3.790000 6.699999 -4.306443
v -4.470000 6.699999 -4.306443
v -4.470000 6.699999 -4.145304
v -4.470000 8.950000 -4.145304
v -4.470000 8.950000 -4.306443
v -3.790000 8.950000 -4.306443
v -3.790000 6.699999 -4.145304
v -3.790000 8.950000 -4.145304
v -4.440000 8.920000 -4.311478
v -3.820000 8.920000 -4.311478
v -3.820000 6.730000 -4.311478
v -4.440000 6.730000 -4.311478
v -4.610000 9.550000 -4.054664
v 4.609729 9.500005 -4.054664
v -4.609729 9.499995 -4.054664
v 4.610000 9.450000 -4.054664
v 4.610000 9.550000 4.123114
v -4.609729 9.500005 4.123114
v 4.609729 9.499995 4.123114
v -4.610000 9.450000 4.123114
v -4.610000 9.500006 -4.054354
v -4.610000 9.499994 4.122804
v 4.610000 9.500006 4.122804
v 4.610000 9.499994 -4.054354
v -4.610000 9.550000 4.123114
v 4.610000 9.550000 -4.054664
v -4.610000 9.450000 -4.054664
v 4.610000 9.450000 4.123114
v -1.505000 11.920000 -4.094949
v -3.495000 11.920000 -4.094949
v -1.505000 10.100000 -4.094949
v -1.505000 11.920000 -3.943882
v -3.495000 10.100000 -3.943882
v -1.505000 10.100000 -3.943882
v -3.495000 11.916925 -4.019798
v -3.495000 10.100000 -4.094949
v -3.495000 10.103075 -4.019032
v -1.505000 11.916925 -4.019032
v -1.505000 10.103075 -4.019798
v -3.495000 11.920000 -3.943882
v -1.507815 11.920001 -4.019094
v -3.492185 11.920001 -4.019736
v -1.507815 10.100000 -4.019736
v -3.492185 10.100000 -4.019094
v -3.425000 11.850000 -4.122645
v -1.575000 11.850000 -4.122645
v -1.575000 10.170000 -4.122645
v -1.575000 11.850000 -4.097467
v -3.425000 11.850000 -4.097467
v -3.425000 10.170000 -4.097467
v -3.425000 11.849907 -4.110058
v -3.425000 10.170094 -4.110054
v -1.575000 11.849907 -4.110054
v -1.575000 10.170094 -4.110058
v -1.575084 11.850001 -4.110054
v -3.424916 11.850001 -4.110057
v -3.425000 10.170000 -4.122645
v -1.575084 10.170000 -4.110057
v -3.424916 10.170000 -4.110054
v -1.575000 10.170000 -4.097467
v -3.424989 11.889711 -4.167965
v -3.402500 10.140000 -4.167965
v -3.447500 11.890000 -4.167965
v -3.425011 10.140289 -4.167965
v -3.425011 11.889711 -4.112574
v -3.447500 10.140000 -4.112573
v -3.402500 11.890000 -4.112573
v -3.424989 10.140289 -4.112574
v -3.447500 11.889568 -4.140290
v -3.447500 10.140000 -4.167965
v -3.447500 10.140432 -4.140248
v -3.402500 11.889568 -4.140248
v -3.402500 10.140000 -4.112573
v -3.402500 11.890000 -4.167965
v -3.402500 10.140432 -4.140290
v -3.417479 11.890001 -4.118745
v -3.447500 11.890000 -4.112573
v -3.432521 11.890001 -4.161794
v -3.417479 10.140001 -4.161794
v -3.432521 10.140001 -4.118745
v -2.499989 11.889711 -4.167965
v -2.477500 10.140000 -4.167965
v -2.522500 11.890000 -4.167965
v -2.500011 10.140289 -4.167965
v -2.500011 11.889711 -4.112574
v -2.522500 10.140000 -4.112573
v -2.477500 11.890000 -4.112573
v -2.499989 10.140289 -4.112574
v -2.522500 11.889568 -4.140290
v -2.522500 11.890000 -4.112573
v -2.522500 10.140432 -4.140248
v -2.477500 11.889568 -4.140248
v -2.477500 10.140000 -4.112573
v -2.477500 11.890000 -4.167965
v -2.477500 10.140432 -4.140290
v -2.492479 11.890001 -4.118745
v -2.507521 11.890001 -4.161794
v -2.492479 10.140001 -4.161794
v -2.522500 10.140000 -4.167965
v -2.507521 10.140001 -4.118745
v -1.574989 11.889711 -4.167965
v -1.552500 10.140000 -4.167965
v -1.597500 11.890000 -4.167965
v -1.575011 10.140289 -4.167965
v -1.575011 11.889711 -4.112574
v -1.597500 10.140000 -4.112573
v -1.552500 11.890000 -4.112573
v -1.574989 10.140289 -4.112574
v -1.597500 11.889568 -4.140290
v -1.597500 10.140432 -4.140248
v -1.552500 11.889568 -4.140248
v -1.552500 10.140432 -4.140290
v -1.567479 11.890001 -4.118745
v -1.552500 11.890000 -4.167965
v -1.597500 11.890000 -4.112573
v -1.582521 11.890001 -4.161794
v -1.567479 10.140001 -4.161794
v -1.552500 10.140000 -4.112573
v -1.597500 10.140000 -4.167965
v -1.582521 10.140001 -4.118745
v -3.540000 10.140000 -4.281265
v -1.460768 10.100044 -4.281265
v -3.539232 10.099957 -4.281265
v -1.460000 10.060000 -4.281265
v -1.460000 10.140000 -4.039557
v -3.539232 10.100044 -4.039557
v -1.460768 10.099957 -4.039557
v -3.540000 10.060000 -4.039557
v -3.540000 10.140000 -4.039557
v -3.540000 10.103077 -4.275067
v -3.540000 10.096924 -4.045755
v -1.460000 10.140000 -4.281265
v -1.460000 10.103077 -4.045755
v -1.460000 10.096924 -4.275067
v -1.460000 10.060000 -4.039557
v -3.540000 10.060000 -4.281265
v -0.995000 11.920000 -4.094949
v 0.995000 10.100000 -4.094949
v 0.995000 11.920000 -3.943882
v -0.995000 10.100000 -3.943882
v -0.995000 11.916925 -4.019798
v -0.995000 10.100000 -4.094949
v -0.995000 11.920000 -3.943882
v -0.995000 10.103075 -4.019032
v 0.995000 11.916925 -4.019032
v 0.995000 10.100000 -3.943882
v 0.995000 11.920000 -4.094949
v 0.995000 10.103075 -4.019798
v 0.992185 11.920001 -4.019094
v -0.992185 11.920001 -4.019736
v 0.992185 10.100000 -4.019736
v -0.992185 10.100000 -4.019094
v 0.925000 10.170000 -4.122645
v -0.925000 11.850000 -4.122645
v -0.925000 11.850000 -4.097467
v 0.925000 11.850000 -4.097467
v -0.925000 10.170000 -4.097467
v -0.925000 11.849907 -4.110058
v -0.925000 10.170000 -4.122645
v -0.925000 10.170094 -4.110054
v 0.925000 11.849907 -4.110054
v 0.925000 10.170094 -4.110058
v 0.924916 11.850001 -4.110054
v -0.924916 11.850001 -4.110057
v 0.925000 11.850000 -4.122645
v 0.924916 10.170000 -4.110057
v -0.924916 10.170000 -4.110054
v 0.925000 10.170000 -4.097467
v -0.924989 11.889711 -4.167965
v -0.902500 10.140000 -4.167965
v -0.947500 11.890000 -4.167965
v -0.925011 10.140289 -4.167965
v -0.925011 11.889711 -4.112574
v -0.947500 10.140000 -4.112573
v -0.902500 11.890000 -4.112573
v -0.924989 10.140289 -4.112574
v -0.947500 11.889568 -4.140290
v -0.947500 11.890000 -4.112573
v -0.947500 10.140432 -4.140248
v -0.902500 11.889568 -4.140248
v -0.902500 11.890000 -4.167965
v -0.902500 10.140432 -4.140290
v -0.917479 11.890001 -4.118745
v -0.932521 11.890001 -4.161794
v -0.917479 10.140001 -4.161794
v -0.902500 10.140000 -4.112573
v -0.947500 10.140000 -4.167965
v -0.932521 10.140001 -4.118745
v 0.000011 11.889711 -4.167965
v 0.022500 10.140000 -4.167965
v -0.022500 11.890000 -4.167965
v -0.000011 10.140289 -4.167965
v -0.000011 11.889711 -4.112574
v -0.022500 10.140000 -4.112573
v 0.022500 11.890000 -4.112573
v 0.000011 10.140289 -4.112574
v -0.022500 11.889568 -4.140290
v -0.022500 11.890000 -4.112573
v -0.022500 10.140432 -4.140248
v 0.022500 11.889568 -4.140248
v 0.022500 10.140000 -4.112573
v 0.022500 11.890000 -4.167965
v 0.022500 10.140432 -4.140290
v 0.007521 11.890001 -4.118745
v -0.007521 11.890001 -4.161794
v 0.007521 10.140001 -4.161794
v -0.022500 10.140000 -4.167965
v -0.007521 10.140001 -4.118745
v 0.925011 11.889711 -4.167965
v 0.947500 10.140000 -4.167965
v 0.902500 11.890000 -4.167965
v 0.924989 10.140289 -4.167965
v 0.924989 11.889711 -4.112574
v 0.902500 10.140000 -4.112573
v 0.947500 11.890000 -4.112573
v 0.925011 10.140289 -4.112574
v 0.902500 11.889568 -4.140290
v 0.902500 11.890000 -4.112573
v 0.902500 10.140432 -4.140248
v 0.947500 11.889568 -4.140248
v 0.947500 10.140432 -4.140290
v 0.932521 11.890001 -4.118745
v 0.947500 11.890000 -4.167965
v 0.917479 11.890001 -4.161794
v 0.932521 10.140001 -4.161794
v 0.947500 10.140000 -4.112573
v 0.902500 10.140000 -4.167965
v 0.917479 10.140001 -4.118745
v -1.040000 10.140000 -4.281265
v 1.039232 10.100044 -4.281265
v -1.039232 10.099957 -4.281265
v -1.039232 10.100044 -4.039557
v 1.039232 10.099957 -4.039557
v -1.040000 10.140000 -4.039557
v -1.040000 10.103077 -4.275067
v -1.040000 10.096924 -4.045755
v 1.040000 10.103077 -4.045755
v 1.040000 10.096924 -4.275067
v 1.040000 10.060000 -4.039557
v 1.040000 10.140000 -4.039557
v 1.040000 10.140000 -4.281265
v 1.040000 10.060000 -4.281265
v -1.040000 10.060000 -4.281265
v -1.040000 10.060000 -4.039557
v 3.495000 10.100000 -4.094949
v 1.505000 11.920000 -4.094949
v 3.495000 11.920000 -3.943882
v 1.505000 10.100000 -3.943882
v 1.505000 11.916925 -4.019798
v 1.505000 10.100000 -4.094949
v 1.505000 11.920000 -3.943882
v 1.505000 10.103075 -4.019032
v 3.495000 11.916925 -4.019032
v 3.495000 10.103075 -4.019798
v 3.492185 11.920001 -4.019094
v 1.507815 11.920001 -4.019736
v 3.495000 11.920000 -4.094949
v 3.492185 10.100000 -4.019736
v 1.507815 10.100000 -4.019094
v 3.495000 10.100000 -3.943882
v 3.425000 11.850000 -4.122645
v 3.425000 10.170000 -4.122645
v 1.575000 11.850000 -4.122645
v 1.575000 10.170000 -4.097467
v 3.425000 11.850000 -4.097467
v 3.425000 10.170000 -4.097467
v 1.575000 11.849907 -4.110058
v 1.575000 11.850000 -4.097467
v 1.575000 10.170094 -4.110054
v 3.425000 11.849907 -4.110054
v 3.425000 10.170094 -4.110058
v 3.424916 11.850001 -4.110054
v 1.575084 11.850001 -4.110057
v 1.575000 10.170000 -4.122645
v 3.424916 10.170000 -4.110057
v 1.575084 10.170000 -4.110054
v 1.575011 11.889711 -4.167965
v 1.597500 10.140000 -4.167965
v 1.552500 11.890000 -4.167965
v 1.574989 10.140289 -4.167965
v 1.574989 11.889711 -4.112574
v 1.552500 10.140000 -4.112573
v 1.597500 11.890000 -4.112573
v 1.575011 10.140289 -4.112574
v 1.552500 11.889568 -4.140290
v 1.552500 10.140000 -4.167965
v 1.552500 10.140432 -4.140248
v 1.597500 11.889568 -4.140248
v 1.597500 10.140432 -4.140290
v 1.582521 11.890001 -4.118745
v 1.597500 11.890000 -4.167965
v 1.552500 11.890000 -4.112573
v 1.567479 11.890001 -4.161794
v 1.582521 10.140001 -4.161794
v 1.597500 10.140000 -4.112573
v 1.567479 10.140001 -4.118745
v 2.500011 11.889711 -4.167965
v 2.522500 10.140000 -4.167965
v 2.477500 11.890000 -4.167965
v 2.499989 10.140289 -4.167965
v 2.499989 11.889711 -4.112574
v 2.477500 10.140000 -4.112573
v 2.522500 11.890000 -4.112573
v 2.500011 10.140289 -4.112574
v 2.477500 11.889568 -4.140290
v 2.477500 11.890000 -4.112573
v 2.477500 10.140432 -4.140248
v 2.522500 11.889568 -4.140248
v 2.522500 10.140000 -4.112573
v 2.522500 10.140432 -4.140290
v 2.507521 11.890001 -4.118745
v 2.522500 11.890000 -4.167965
v 2.492479 11.890001 -4.161794
v 2.507521 10.140001 -4.161794
v 2.477500 10.140000 -4.167965
v 2.492479 10.140001 -4.118745
v 3.425011 11.889711 -4.167965
v 3.447500 10.140000 -4.167965
v 3.402500 11.890000 -4.167965
v 3.424989 10.140289 -4.167965
v 3.424989 11.889711 -4.112574
v 3.402500 10.140000 -4.112573
v 3.447500 11.890000 -4.112573
v 3.425011 10.140289 -4.112574
v 3.402500 11.889568 -4.140290
v 3.402500 10.140000 -4.167965
v 3.402500 10.140432 -4.140248
v 3.447500 11.889568 -4.140248
v 3.447500 11.890000 -4.167965
v 3.447500 10.140432 -4.140290
v 3.432521 11.890001 -4.118745
v 3.402500 11.890000 -4.112573
v 3.417479 11.890001 -4.161794
v 3.432521 10.140001 -4.161794
v 3.447500 10.140000 -4.112573
v 3.417479 10.140001 -4.118745
v 3.539232 10.100044 -4.281265
v 1.460768 10.099957 -4.281265
v 3.540000 10.140000 -4.039557
v 1.460768 10.100044 -4.039557
v 3.539232 10.099957 -4.039557
v 1.460000 10.060000 -4.039557
v 1.460000 10.103077 -4.275067
v 1.460000 10.096924 -4.045755
v 1.460000 10.060000 -4.281265
v 3.540000 10.140000 -4.281265
v 3.540000 10.103077 -4.045755
v 3.540000 10.096924 -4.275067
v 1.460000 10.140000 -4.039557
v 1.460000 10.140000 -4.281265
v 3.540000 10.060000 -4.281265
v 3.540000 10.060000 -4.039557
v -4.650000 11.920000 3.554093
v -4.650000 10.100000 1.549934
v -4.650000 10.100000 3.554093
v -4.500000 11.920000 1.549933
v -4.500000 10.100000 3.554093
v -4.575380 11.916925 3.554093
v -4.500000 11.920000 3.554093
v -4.574620 10.103075 3.554093
v -4.574620 11.916925 1.549933
v -4.500000 10.100000 1.549934
v -4.575380 10.103075 1.549934
v -4.574682 11.920001 1.552768
v -4.575318 11.920001 3.551259
v -4.650000 11.920000 1.549933
v -4.575318 10.100000 1.552768
v -4.574682 10.100000 3.551259
v -4.677500 10.170000 1.620432
v -4.677500 11.850000 3.483595
v -4.652500 11.850000 1.620432
v -4.652500 10.170000 3.483595
v -4.665002 11.849907 3.483595
v -4.677500 10.170000 3.483595
v -4.664998 10.170094 3.483595
v -4.664998 11.849907 1.620432
v -4.677500 11.850000 1.620432
v -4.665002 10.170094 1.620432
v -4.652500 11.850000 3.483595
v -4.664998 11.850001 1.620517
v -4.665002 11.850001 3.483510
v -4.665002 10.170000 1.620517
v -4.664998 10.170000 3.483510
v -4.652500 10.170000 1.620432
v -4.722500 11.889711 3.483584
v -4.722500 10.140000 3.460935
v -4.722500 11.890000 3.506255
v -4.722500 10.140289 3.483607
v -4.667500 11.889711 3.483606
v -4.667500 10.140000 3.506255
v -4.667500 11.890000 3.460935
v -4.667500 10.140289 3.483584
v -4.695020 11.889568 3.506255
v -4.694980 10.140432 3.506255
v -4.694980 11.889568 3.460935
v -4.695020 10.140432 3.460935
v -4.673628 11.890001 3.476021
v -4.722500 11.890000 3.460935
v -4.667500 11.890000 3.506255
v -4.716372 11.890001 3.491169
v -4.716372 10.140001 3.476021
v -4.667500 10.140000 3.460935
v -4.722500 10.140000 3.506255
v -4.673628 10.140001 3.491169
v -4.722500 11.889711 2.552002
v -4.722500 10.140000 2.529353
v -4.722500 11.890000 2.574673
v -4.722500 10.140289 2.552025
v -4.667500 11.889711 2.552024
v -4.667500 10.140000 2.574674
v -4.667500 11.890000 2.529353
v -4.667500 10.140289 2.552002
v -4.695020 11.889568 2.574673
v -4.667500 11.890000 2.574673
v -4.694980 10.140432 2.574673
v -4.694980 11.889568 2.529353
v -4.695020 10.140432 2.529353
v -4.673628 11.890001 2.544439
v -4.722500 11.890000 2.529353
v -4.716372 11.890001 2.559587
v -4.716372 10.140001 2.544439
v -4.667500 10.140000 2.529353
v -4.722500 10.140000 2.574674
v -4.673628 10.140001 2.559588
v -4.722500 11.889711 1.620420
v -4.722500 10.140000 1.597772
v -4.722500 11.890000 1.643092
v -4.722500 10.140289 1.620443
v -4.667500 11.889711 1.620443
v -4.667500 10.140000 1.643092
v -4.667500 11.890000 1.597771
v -4.667500 10.140289 1.620420
v -4.695020 11.889568 1.643092
v -4.722500 10.140000 1.643092
v -4.667500 11.890000 1.643092
v -4.694980 10.140432 1.643092
v -4.694980 11.889568 1.597771
v -4.695020 10.140432 1.597772
v -4.673628 11.890001 1.612857
v -4.722500 11.890000 1.597771
v -4.716372 11.890001 1.628006
v -4.716372 10.140001 1.612858
v -4.667500 10.140000 1.597772
v -4.673628 10.140001 1.628006
v -4.835000 10.100044 1.505387
v -4.835000 10.099957 3.598640
v -4.835000 10.060000 1.504614
v -4.595000 10.140000 1.504614
v -4.595000 10.100044 3.598640
v -4.595000 10.099957 1.505387
v -4.595000 10.060000 3.599414
v -4.828846 10.103077 3.599414
v -4.601154 10.096924 3.599414
v -4.835000 10.060000 3.599414
v -4.601154 10.103077 1.504614
v -4.828846 10.096924 1.504614
v -4.595000 10.140000 3.599414
v -4.835000 10.140000 1.504614
v -4.835000 10.140000 3.599414
v -4.595000 10.060000 1.504614
v -4.650000 11.920000 1.036305
v -4.650000 10.100000 -0.967855
v -4.500000 10.100000 1.036305
v -4.500000 11.920000 -0.967855
v -4.575380 11.916925 1.036305
v -4.500000 11.920000 1.036305
v -4.574620 10.103075 1.036305
v -4.574620 11.916925 -0.967855
v -4.500000 10.100000 -0.967855
v -4.575380 10.103075 -0.967855
v -4.574682 11.920001 -0.965021
v -4.575318 11.920001 1.033470
v -4.650000 11.920000 -0.967855
v -4.650000 10.100000 1.036305
v -4.575318 10.100000 -0.965020
v -4.574682 10.100000 1.033470
v -4.677500 10.170000 -0.897357
v -4.677500 11.850000 0.965806
v -4.652500 11.850000 0.965806
v -4.652500 10.170000 0.965807
v -4.652500 11.850000 -0.897357
v -4.652500 10.170000 -0.897357
v -4.665002 11.849907 0.965806
v -4.677500 10.170000 0.965807
v -4.664998 10.170094 0.965807
v -4.664998 11.849907 -0.897357
v -4.677500 11.850000 -0.897357
v -4.665002 10.170094 -0.897357
v -4.664998 11.850001 -0.897272
v -4.665002 11.850001 0.965721
v -4.665002 10.170000 -0.897272
v -4.664998 10.170000 0.965722
v -4.722500 11.889711 0.965795
v -4.722500 10.140000 0.943146
v -4.722500 11.890000 0.988467
v -4.722500 10.140289 0.965818
v -4.667500 11.889711 0.965818
v -4.667500 10.140000 0.988467
v -4.667500 11.890000 0.943146
v -4.667500 10.140289 0.965795
v -4.695020 11.889568 0.988467
v -4.722500 10.140000 0.988467
v -4.667500 11.890000 0.988467
v -4.694980 10.140432 0.988467
v -4.694980 11.889568 0.943146
v -4.667500 10.140000 0.943146
v -4.695020 10.140432 0.943147
v -4.673628 11.890001 0.958232
v -4.722500 11.890000 0.943146
v -4.716372 11.890001 0.973381
v -4.716372 10.140001 0.958232
v -4.673628 10.140001 0.973381
v -4.722500 11.889711 0.034213
v -4.722500 10.140000 0.011565
v -4.722500 11.890000 0.056885
v -4.722500 10.140289 0.034236
v -4.667500 11.889711 0.034236
v -4.667500 10.140000 0.056885
v -4.667500 11.890000 0.011565
v -4.667500 10.140289 0.034214
v -4.695020 11.889568 0.056885
v -4.722500 10.140000 0.056885
v -4.694980 10.140432 0.056885
v -4.694980 11.889568 0.011565
v -4.667500 10.140000 0.011565
v -4.722500 11.890000 0.011565
v -4.695020 10.140432 0.011565
v -4.673628 11.890001 0.026650
v -4.667500 11.890000 0.056885
v -4.716372 11.890001 0.041799
v -4.716372 10.140001 0.026651
v -4.673628 10.140001 0.041799
v -4.722500 11.889711 -0.897368
v -4.722500 10.140000 -0.920017
v -4.722500 11.890000 -0.874697
v -4.722500 10.140289 -0.897346
v -4.667500 11.889711 -0.897346
v -4.667500 10.140000 -0.874697
v -4.667500 11.890000 -0.920017
v -4.667500 10.140289 -0.897368
v -4.695020 11.889568 -0.874697
v -4.694980 10.140432 -0.874697
v -4.694980 11.889568 -0.920017
v -4.722500 11.890000 -0.920017
v -4.695020 10.140432 -0.920017
v -4.673628 11.890001 -0.904931
v -4.667500 11.890000 -0.874697
v -4.716372 11.890001 -0.889783
v -4.716372 10.140001 -0.904931
v -4.667500 10.140000 -0.920017
v -4.722500 10.140000 -0.874697
v -4.673628 10.140001 -0.889783
v -4.835000 10.140000 1.081625
v -4.835000 10.100044 -1.012401
v -4.835000 10.099957 1.080851
v -4.595000 10.100044 1.080851
v -4.595000 10.099957 -1.012401
v -4.595000 10.060000 1.081625
v -4.828846 10.103077 1.081625
v -4.601154 10.096924 1.081625
v -4.835000 10.140000 -1.013175
v -4.601154 10.103077 -1.013175
v -4.828846 10.096924 -1.013175
v -4.595000 10.140000 1.081625
v -4.595000 10.140000 -1.013175
v -4.835000 10.060000 1.081625
v -4.835000 10.060000 -1.013175
v -4.595000 10.060000 -1.013175
v -4.650000 11.920000 -1.481484
v -4.650000 11.920000 -3.485644
v -4.650000 10.100000 -3.485644
v -4.500000 10.100000 -1.481484
v -4.500000 11.920000 -3.485644
v -4.575380 11.916925 -1.481484
v -4.574620 10.103075 -1.481484
v -4.574620 11.916925 -3.485644
v -4.500000 10.100000 -3.485644
v -4.575380 10.103075 -3.485644
v -4.500000 11.920000 -1.481484
v -4.574682 11.920001 -3.482809
v -4.575318 11.920001 -1.484319
v -4.650000 10.100000 -1.481484
v -4.575318 10.100000 -3.482809
v -4.574682 10.100000 -1.484319
v -4.677500 11.850000 -1.551982
v -4.677500 10.170000 -3.415146
v -4.652500 11.850000 -3.415146
v -4.652500 11.850000 -1.551982
v -4.652500 10.170000 -1.551982
v -4.652500 10.170000 -3.415146
v -4.665002 11.849907 -1.551983
v -4.664998 10.170094 -1.551982
v -4.664998 11.849907 -3.415146
v -4.677500 11.850000 -3.415146
v -4.665002 10.170094 -3.415146
v -4.664998 11.850001 -3.415061
v -4.665002 11.850001 -1.552067
v -4.677500 10.170000 -1.551982
v -4.665002 10.170000 -3.415061
v -4.664998 10.170000 -1.552067
v -4.722500 11.889711 -1.551993
v -4.722500 10.140000 -1.574642
v -4.722500 11.890000 -1.529322
v -4.722500 10.140289 -1.551971
v -4.667500 11.889711 -1.551971
v -4.667500 10.140000 -1.529322
v -4.667500 11.890000 -1.574642
v -4.667500 10.140289 -1.551993
v -4.695020 11.889568 -1.529322
v -4.694980 10.140432 -1.529322
v -4.694980 11.889568 -1.574642
v -4.695020 10.140432 -1.574642
v -4.673628 11.890001 -1.559557
v -4.722500 11.890000 -1.574642
v -4.667500 11.890000 -1.529322
v -4.716372 11.890001 -1.544408
v -4.716372 10.140001 -1.559556
v -4.667500 10.140000 -1.574642
v -4.722500 10.140000 -1.529322
v -4.673628 10.140001 -1.544408
v -4.722500 11.889711 -2.483575
v -4.722500 10.140000 -2.506224
v -4.722500 11.890000 -2.460904
v -4.722500 10.140289 -2.483553
v -4.667500 11.889711 -2.483553
v -4.667500 10.140000 -2.460904
v -4.667500 11.890000 -2.506224
v -4.667500 10.140289 -2.483575
v -4.695020 11.889568 -2.460904
v -4.722500 10.140000 -2.460904
v -4.667500 11.890000 -2.460904
v -4.694980 10.140432 -2.460904
v -4.694980 11.889568 -2.506224
v -4.695020 10.140432 -2.506224
v -4.673628 11.890001 -2.491138
v -4.722500 11.890000 -2.506224
v -4.716372 11.890001 -2.475990
v -4.716372 10.140001 -2.491138
v -4.667500 10.140000 -2.506224
v -4.673628 10.140001 -2.475990
v -4.722500 11.889711 -3.415157
v -4.722500 10.140000 -3.437806
v -4.722500 11.890000 -3.392486
v -4.722500 10.140289 -3.415134
v -4.667500 11.889711 -3.415135
v -4.667500 10.140000 -3.392486
v -4.667500 11.890000 -3.437806
v -4.667500 10.140289 -3.415157
v -4.695020 11.889568 -3.392486
v -4.722500 10.140000 -3.392486
v -4.694980 10.140432 -3.392486
v -4.694980 11.889568 -3.437806
v -4.667500 10.140000 -3.437806
v -4.695020 10.140432 -3.437806
v -4.673628 11.890001 -3.422720
v -4.722500 11.890000 -3.437806
v -4.667500 11.890000 -3.392486
v -4.716372 11.890001 -3.407572
v -4.716372 10.140001 -3.422720
v -4.673628 10.140001 -3.407572
v -4.835000 10.100044 -3.530190
v -4.835000 10.099957 -1.436938
v -4.595000 10.100044 -1.436938
v -4.595000 10.099957 -3.530190
v -4.595000 10.060000 -1.436164
v -4.828846 10.103077 -1.436164
v -4.601154 10.096924 -1.436164
v -4.601154 10.103077 -3.530964
v -4.828846 10.096924 -3.530964
v -4.595000 10.140000 -3.530964
v -4.595000 10.140000 -1.436164
v -4.835000 10.140000 -3.530964
v -4.835000 10.140000 -1.436164
v -4.835000 10.060000 -3.530964
v -4.595000 10.060000 -3.530964
v -4.835000 10.060000 -1.436164
v 1.505000 11.920000 4.163398
v 3.495000 11.920000 4.163398
v 1.505000 10.100000 4.163398
v 3.495000 10.100000 4.163398
v 1.505000 11.920000 4.012331
v 3.495000 10.100000 4.012331
v 3.495000 11.916925 4.088247
v 3.495000 11.920000 4.012331
v 3.495000 10.103075 4.087482
v 1.505000 11.916925 4.087482
v 1.505000 10.103075 4.088247
v 1.507815 11.920001 4.087544
v 3.492185 11.920001 4.088185
v 1.507815 10.100000 4.088185
v 3.492185 10.100000 4.087544
v 1.505000 10.100000 4.012331
v 3.425000 11.850000 4.191094
v 1.575000 11.850000 4.191094
v 1.575000 10.170000 4.191094
v 1.575000 11.850000 4.165916
v 3.425000 11.850000 4.165916
v 3.425000 10.170000 4.165916
v 1.575000 10.170000 4.165916
v 3.425000 11.849907 4.178507
v 3.425000 10.170094 4.178503
v 1.575000 11.849907 4.178503
v 1.575000 10.170094 4.178507
v 1.575084 11.850001 4.178503
v 3.424916 11.850001 4.178506
v 3.425000 10.170000 4.191094
v 1.575084 10.170000 4.178506
v 3.424916 10.170000 4.178503
v 3.424989 11.889711 4.236414
v 3.402500 10.140000 4.236414
v 3.447500 11.890000 4.236414
v 3.425011 10.140289 4.236414
v 3.425011 11.889711 4.181023
v 3.447500 10.140000 4.181023
v 3.402500 11.890000 4.181023
v 3.424989 10.140289 4.181023
v 3.447500 11.889568 4.208739
v 3.447500 11.890000 4.181023
v 3.447500 10.140432 4.208698
v 3.402500 11.889568 4.208698
v 3.402500 11.890000 4.236414
v 3.402500 10.140432 4.208739
v 3.417479 11.890001 4.187194
v 3.432521 11.890001 4.230243
v 3.417479 10.140001 4.230243
v 3.402500 10.140000 4.181023
v 3.447500 10.140000 4.236414
v 3.432521 10.140001 4.187194
v 2.499989 11.889711 4.236414
v 2.477500 10.140000 4.236414
v 2.522500 11.890000 4.236414
v 2.500011 10.140289 4.236414
v 2.500011 11.889711 4.181023
v 2.522500 10.140000 4.181023
v 2.477500 11.890000 4.181023
v 2.499989 10.140289 4.181023
v 2.522500 11.889568 4.208739
v 2.522500 10.140000 4.236414
v 2.522500 10.140432 4.208698
v 2.477500 11.889568 4.208698
v 2.477500 10.140432 4.208739
v 2.492479 11.890001 4.187194
v 2.477500 11.890000 4.236414
v 2.522500 11.890000 4.181023
v 2.507521 11.890001 4.230243
v 2.492479 10.140001 4.230243
v 2.477500 10.140000 4.181023
v 2.507521 10.140001 4.187194
v 1.574989 11.889711 4.236414
v 1.552500 10.140000 4.236414
v 1.597500 11.890000 4.236414
v 1.575011 10.140289 4.236414
v 1.575011 11.889711 4.181023
v 1.597500 10.140000 4.181023
v 1.552500 11.890000 4.181023
v 1.574989 10.140289 4.181023
v 1.597500 11.889568 4.208739
v 1.597500 10.140000 4.236414
v 1.597500 11.890000 4.181023
v 1.597500 10.140432 4.208698
v 1.552500 11.889568 4.208698
v 1.552500 10.140432 4.208739
v 1.567479 11.890001 4.187194
v 1.552500 11.890000 4.236414
v 1.582521 11.890001 4.230243
v 1.567479 10.140001 4.230243
v 1.552500 10.140000 4.181023
v 1.582521 10.140001 4.187194
v 3.540000 10.140000 4.349714
v 1.460768 10.100044 4.349714
v 3.539232 10.099957 4.349714
v 3.539232 10.100044 4.108007
v 1.460768 10.099957 4.108007
v 3.540000 10.103077 4.343516
v 3.540000 10.096924 4.114205
v 1.460000 10.103077 4.114205
v 1.460000 10.096924 4.343516
v 3.540000 10.140000 4.108007
v 1.460000 10.140000 4.108007
v 1.460000 10.140000 4.349714
v 3.540000 10.060000 4.349714
v 1.460000 10.060000 4.349714
v 1.460000 10.060000 4.108007
v 3.540000 10.060000 4.108007
v -0.995000 11.920000 4.163398
v -0.995000 10.100000 4.163398
v 0.995000 11.920000 4.163398
v -0.995000 11.920000 4.012331
v 0.995000 10.100000 4.012331
v 0.995000 11.916925 4.088247
v 0.995000 10.100000 4.163398
v 0.995000 11.920000 4.012331
v 0.995000 10.103075 4.087482
v -0.995000 11.916925 4.087482
v -0.995000 10.100000 4.012331
v -0.995000 10.103075 4.088247
v -0.992185 11.920001 4.087544
v 0.992185 11.920001 4.088185
v -0.992185 10.100000 4.088185
v 0.992185 10.100000 4.087544
v 0.925000 11.850000 4.191094
v -0.925000 10.170000 4.191094
v -0.925000 11.850000 4.165916
v 0.925000 10.170000 4.165916
v -0.925000 10.170000 4.165916
v 0.925000 11.849907 4.178507
v 0.925000 10.170000 4.191094
v 0.925000 11.850000 4.165916
v 0.925000 10.170094 4.178503
v -0.925000 11.849907 4.178503
v -0.925000 10.170094 4.178507
v -0.924916 11.850001 4.178503
v 0.924916 11.850001 4.178506
v -0.925000 11.850000 4.191094
v -0.924916 10.170000 4.178506
v 0.924916 10.170000 4.178503
v 0.924989 11.889711 4.236414
v 0.902500 10.140000 4.236414
v 0.947500 11.890000 4.236414
v 0.925011 10.140289 4.236414
v 0.925011 11.889711 4.181023
v 0.947500 10.140000 4.181023
v 0.902500 11.890000 4.181023
v 0.924989 10.140289 4.181023
v 0.947500 11.889568 4.208739
v 0.947500 10.140432 4.208698
v 0.902500 11.889568 4.208698
v 0.902500 10.140000 4.181023
v 0.902500 11.890000 4.236414
v 0.902500 10.140432 4.208739
v 0.917479 11.890001 4.187194
v 0.947500 11.890000 4.181023
v 0.932521 11.890001 4.230243
v 0.917479 10.140001 4.230243
v 0.947500 10.140000 4.236414
v 0.932521 10.140001 4.187194
v -0.000011 11.889711 4.236414
v -0.022500 10.140000 4.236414
v 0.022500 11.890000 4.236414
v 0.000011 10.140289 4.236414
v 0.000011 11.889711 4.181023
v 0.022500 10.140000 4.181023
v -0.022500 11.890000 4.181023
v -0.000011 10.140289 4.181023
v 0.022500 11.889568 4.208739
v 0.022500 10.140432 4.208698
v -0.022500 11.889568 4.208698
v -0.022500 11.890000 4.236414
v -0.022500 10.140432 4.208739
v -0.007521 11.890001 4.187194
v 0.022500 11.890000 4.181023
v 0.007521 11.890001 4.230243
v -0.007521 10.140001 4.230243
v -0.022500 10.140000 4.181023
v 0.022500 10.140000 4.236414
v 0.007521 10.140001 4.187194
v -0.925011 11.889711 4.236414
v -0.947500 10.140000 4.236414
v -0.902500 11.890000 4.236414
v -0.924989 10.140289 4.236414
v -0.924989 11.889711 4.181023
v -0.902500 10.140000 4.181023
v -0.947500 11.890000 4.181023
v -0.925011 10.140289 4.181023
v -0.902500 11.889568 4.208739
v -0.902500 10.140000 4.236414
v -0.902500 11.890000 4.181023
v -0.902500 10.140432 4.208698
v -0.947500 11.889568 4.208698
v -0.947500 10.140000 4.181023
v -0.947500 10.140432 4.208739
v -0.932521 11.890001 4.187194
v -0.947500 11.890000 4.236414
v -0.917479 11.890001 4.230243
v -0.932521 10.140001 4.230243
v -0.917479 10.140001 4.187194
v 1.040000 10.140000 4.349714
v -1.039232 10.100044 4.349714
v 1.039232 10.099957 4.349714
v -1.040000 10.060000 4.349714
v 1.039232 10.100044 4.108007
v -1.039232 10.099957 4.108007
v 1.040000 10.140000 4.108007
v 1.040000 10.103077 4.343516
v 1.040000 10.096924 4.114205
v -1.040000 10.140000 4.349714
v -1.040000 10.103077 4.114205
v -1.040000 10.096924 4.343516
v -1.040000 10.140000 4.108007
v 1.040000 10.060000 4.349714
v -1.040000 10.060000 4.108007
v 1.040000 10.060000 4.108007
v -1.505000 11.920000 4.163398
v -3.495000 10.100000 4.163398
v -1.505000 10.100000 4.163398
v -1.505000 10.100000 4.012331
v -3.495000 11.920000 4.012331
v -1.505000 11.916925 4.088247
v -1.505000 11.920000 4.012331
v -1.505000 10.103075 4.087482
v -3.495000 11.916925 4.087482
v -3.495000 11.920000 4.163398
v -3.495000 10.103075 4.088247
v -3.492185 11.920001 4.087544
v -1.507815 11.920001 4.088185
v -3.492185 10.100000 4.088185
v -1.507815 10.100000 4.087544
v -3.495000 10.100000 4.012331
v -3.425000 11.850000 4.191094
v -3.425000 10.170000 4.191094
v -1.575000 11.850000 4.191094
v -3.425000 11.850000 4.165916
v -1.575000 10.170000 4.165916
v -3.425000 10.170000 4.165916
v -1.575000 11.849907 4.178507
v -1.575000 10.170000 4.191094
v -1.575000 11.850000 4.165916
v -1.575000 10.170094 4.178503
v -3.425000 11.849907 4.178503
v -3.425000 10.170094 4.178507
v -3.424916 11.850001 4.178503
v -1.575084 11.850001 4.178506
v -3.424916 10.170000 4.178506
v -1.575084 10.170000 4.178503
v -1.575011 11.889711 4.236414
v -1.597500 10.140000 4.236414
v -1.552500 11.890000 4.236414
v -1.574989 10.140289 4.236414
v -1.574989 11.889711 4.181023
v -1.552500 10.140000 4.181023
v -1.597500 11.890000 4.181023
v -1.575011 10.140289 4.181023
v -1.552500 11.889568 4.208739
v -1.552500 10.140000 4.236414
v -1.552500 10.140432 4.208698
v -1.597500 11.889568 4.208698
v -1.597500 10.140000 4.181023
v -1.597500 10.140432 4.208739
v -1.582521 11.890001 4.187194
v -1.597500 11.890000 4.236414
v -1.552500 11.890000 4.181023
v -1.567479 11.890001 4.230243
v -1.582521 10.140001 4.230243
v -1.567479 10.140001 4.187194
v -2.500011 11.889711 4.236414
v -2.522500 10.140000 4.236414
v -2.477500 11.890000 4.236414
v -2.499989 10.140289 4.236414
v -2.499989 11.889711 4.181023
v -2.477500 10.140000 4.181023
v -2.522500 11.890000 4.181023
v -2.500011 10.140289 4.181023
v -2.477500 11.889568 4.208739
v -2.477500 10.140000 4.236414
v -2.477500 10.140432 4.208698
v -2.522500 11.889568 4.208698
v -2.522500 10.140000 4.181023
v -2.522500 10.140432 4.208739
v -2.507521 11.890001 4.187194
v -2.522500 11.890000 4.236414
v -2.477500 11.890000 4.181023
v -2.492479 11.890001 4.230243
v -2.507521 10.140001 4.230243
v -2.492479 10.140001 4.187194
v -3.425011 11.889711 4.236414
v -3.447500 10.140000 4.236414
v -3.402500 11.890000 4.236414
v -3.424989 10.140289 4.236414
v -3.424989 11.889711 4.181023
v -3.402500 10.140000 4.181023
v -3.447500 11.890000 4.181023
v -3.425011 10.140289 4.181023
v -3.402500 11.889568 4.208739
v -3.402500 10.140000 4.236414
v -3.402500 11.890000 4.181023
v -3.402500 10.140432 4.208698
v -3.447500 11.889568 4.208698
v -3.447500 11.890000 4.236414
v -3.447500 10.140432 4.208739
v -3.432521 11.890001 4.187194
v -3.417479 11.890001 4.230243
v -3.432521 10.140001 4.230243
v -3.447500 10.140000 4.181023
v -3.417479 10.140001 4.187194
v -3.539232 10.100044 4.349714
v -1.460768 10.099957 4.349714
v -3.540000 10.060000 4.349714
v -1.460768 10.100044 4.108007
v -3.539232 10.099957 4.108007
v -1.460000 10.140000 4.108007
v -1.460000 10.103077 4.343516
v -1.460000 10.096924 4.114205
v -1.460000 10.060000 4.349714
v -3.540000 10.103077 4.114205
v -3.540000 10.096924 4.343516
v -3.540000 10.140000 4.108007
v -3.540000 10.140000 4.349714
v -1.460000 10.140000 4.349714
v -3.540000 10.060000 4.108007
v -1.460000 10.060000 4.108007
v 4.650000 11.920000 -3.485644
v 4.650000 10.100000 -1.481484
v 4.500000 11.920000 -1.481484
v 4.500000 11.920000 -3.485644
v 4.500000 10.100000 -3.485644
v 4.500000 10.100000 -1.481484
v 4.575380 11.916925 -3.485644
v 4.574620 10.103075 -3.485644
v 4.574620 11.916925 -1.481484
v 4.650000 11.920000 -1.481484
v 4.575380 10.103075 -1.481484
v 4.574682 11.920001 -1.484319
v 4.575318 11.920001 -3.482809
v 4.650000 10.100000 -3.485644
v 4.575318 10.100000 -1.484319
v 4.574682 10.100000 -3.482809
v 4.677500 11.850000 -3.415146
v 4.677500 10.170000 -1.551982
v 4.677500 10.170000 -3.415146
v 4.652500 11.850000 -1.551982
v 4.652500 11.850000 -3.415146
v 4.652500 10.170000 -3.415146
v 4.652500 10.170000 -1.551982
v 4.665002 11.849907 -3.415146
v 4.664998 10.170094 -3.415146
v 4.664998 11.849907 -1.551983
v 4.665002 10.170094 -1.551982
v 4.664998 11.850001 -1.552067
v 4.665002 11.850001 -3.415061
v 4.677500 11.850000 -1.551982
v 4.665002 10.170000 -1.552067
v 4.664998 10.170000 -3.415061
v 4.722500 11.889711 -3.415135
v 4.722500 10.140000 -3.392486
v 4.722500 11.890000 -3.437806
v 4.722500 10.140289 -3.415157
v 4.667500 11.889711 -3.415157
v 4.667500 10.140000 -3.437806
v 4.667500 11.890000 -3.392486
v 4.667500 10.140289 -3.415134
v 4.695020 11.889568 -3.437806
v 4.722500 10.140000 -3.437806
v 4.694980 10.140432 -3.437806
v 4.694980 11.889568 -3.392486
v 4.722500 11.890000 -3.392486
v 4.695020 10.140432 -3.392486
v 4.673628 11.890001 -3.407572
v 4.667500 11.890000 -3.437806
v 4.716372 11.890001 -3.422720
v 4.716372 10.140001 -3.407572
v 4.667500 10.140000 -3.392486
v 4.673628 10.140001 -3.422720
v 4.722500 11.889711 -2.483553
v 4.722500 10.140000 -2.460904
v 4.722500 11.890000 -2.506224
v 4.722500 10.140289 -2.483575
v 4.667500 11.889711 -2.483575
v 4.667500 10.140000 -2.506224
v 4.667500 11.890000 -2.460904
v 4.667500 10.140289 -2.483553
v 4.695020 11.889568 -2.506224
v 4.722500 10.140000 -2.506224
v 4.667500 11.890000 -2.506224
v 4.694980 10.140432 -2.506224
v 4.694980 11.889568 -2.460904
v 4.695020 10.140432 -2.460904
v 4.673628 11.890001 -2.475990
v 4.722500 11.890000 -2.460904
v 4.716372 11.890001 -2.491138
v 4.716372 10.140001 -2.475990
v 4.667500 10.140000 -2.460904
v 4.673628 10.140001 -2.491138
v 4.722500 11.889711 -1.551971
v 4.722500 10.140000 -1.529322
v 4.722500 11.890000 -1.574642
v 4.722500 10.140289 -1.551993
v 4.667500 11.889711 -1.551993
v 4.667500 10.140000 -1.574642
v 4.667500 11.890000 -1.529322
v 4.667500 10.140289 -1.551971
v 4.695020 11.889568 -1.574642
v 4.722500 10.140000 -1.574642
v 4.694980 10.140432 -1.574642
v 4.694980 11.889568 -1.529322
v 4.695020 10.140432 -1.529322
v 4.673628 11.890001 -1.544408
v 4.722500 11.890000 -1.529322
v 4.667500 11.890000 -1.574642
v 4.716372 11.890001 -1.559556
v 4.716372 10.140001 -1.544408
v 4.667500 10.140000 -1.529322
v 4.673628 10.140001 -1.559556
v 4.835000 10.140000 -3.530964
v 4.835000 10.100044 -1.436938
v 4.835000 10.099957 -3.530190
v 4.595000 10.100044 -3.530190
v 4.595000 10.099957 -1.436938
v 4.595000 10.060000 -3.530964
v 4.595000 10.140000 -3.530964
v 4.828846 10.103077 -3.530964
v 4.601154 10.096924 -3.530964
v 4.835000 10.140000 -1.436164
v 4.601154 10.103077 -1.436164
v 4.828846 10.096924 -1.436164
v 4.595000 10.140000 -1.436164
v 4.835000 10.060000 -3.530964
v 4.835000 10.060000 -1.436164
v 4.595000 10.060000 -1.436164
v 4.650000 11.920000 -0.967855
v 4.650000 10.100000 1.036305
v 4.500000 11.920000 1.036305
v 4.500000 10.100000 -0.967855
v 4.500000 10.100000 1.036305
v 4.575380 11.916925 -0.967855
v 4.650000 10.100000 -0.967855
v 4.574620 10.103075 -0.967855
v 4.574620 11.916925 1.036305
v 4.650000 11.920000 1.036305
v 4.575380 10.103075 1.036305
v 4.500000 11.920000 -0.967855
v 4.574682 11.920001 1.033470
v 4.575318 11.920001 -0.965021
v 4.575318 10.100000 1.033470
v 4.574682 10.100000 -0.965020
v 4.677500 11.850000 0.965806
v 4.677500 11.850000 -0.897357
v 4.677500 10.170000 0.965807
v 4.677500 10.170000 -0.897357
v 4.652500 11.850000 0.965806
v 4.652500 10.170000 -0.897357
v 4.665002 11.849907 -0.897357
v 4.664998 10.170094 -0.897357
v 4.664998 11.849907 0.965806
v 4.652500 10.170000 0.965807
v 4.665002 10.170094 0.965807
v 4.652500 11.850000 -0.897357
v 4.664998 11.850001 0.965721
v 4.665002 11.850001 -0.897272
v 4.665002 10.170000 0.965722
v 4.664998 10.170000 -0.897272
v 4.722500 11.889711 -0.897346
v 4.722500 10.140000 -0.874697
v 4.722500 11.890000 -0.920017
v 4.722500 10.140289 -0.897368
v 4.667500 11.889711 -0.897368
v 4.667500 10.140000 -0.920017
v 4.667500 11.890000 -0.874697
v 4.667500 10.140289 -0.897346
v 4.695020 11.889568 -0.920017
v 4.667500 11.890000 -0.920017
v 4.694980 10.140432 -0.920017
v 4.694980 11.889568 -0.874697
v 4.722500 11.890000 -0.874697
v 4.695020 10.140432 -0.874697
v 4.673628 11.890001 -0.889783
v 4.716372 11.890001 -0.904931
v 4.716372 10.140001 -0.889783
v 4.667500 10.140000 -0.874697
v 4.722500 10.140000 -0.920017
v 4.673628 10.140001 -0.904931
v 4.722500 11.889711 0.034236
v 4.722500 10.140000 0.056885
v 4.722500 11.890000 0.011565
v 4.722500 10.140289 0.034214
v 4.667500 11.889711 0.034213
v 4.667500 10.140000 0.011565
v 4.667500 11.890000 0.056885
v 4.667500 10.140289 0.034236
v 4.695020 11.889568 0.011565
v 4.722500 10.140000 0.011565
v 4.694980 10.140432 0.011565
v 4.694980 11.889568 0.056885
v 4.695020 10.140432 0.056885
v 4.673628 11.890001 0.041799
v 4.722500 11.890000 0.056885
v 4.667500 11.890000 0.011565
v 4.716372 11.890001 0.026651
v 4.716372 10.140001 0.041799
v 4.667500 10.140000 0.056885
v 4.673628 10.140001 0.026651
v 4.722500 11.889711 0.965818
v 4.722500 10.140000 0.988467
v 4.722500 11.890000 0.943146
v 4.722500 10.140289 0.965795
v 4.667500 11.889711 0.965795
v 4.667500 10.140000 0.943146
v 4.667500 11.890000 0.988467
v 4.667500 10.140289 0.965818
v 4.695020 11.889568 0.943146
v 4.667500 11.890000 0.943146
v 4.694980 10.140432 0.943147
v 4.694980 11.889568 0.988467
v 4.722500 11.890000 0.988467
v 4.695020 10.140432 0.988467
v 4.673628 11.890001 0.973381
v 4.716372 11.890001 0.958232
v 4.716372 10.140001 0.973381
v 4.667500 10.140000 0.988467
v 4.722500 10.140000 0.943146
v 4.673628 10.140001 0.958232
v 4.835000 10.100044 1.080851
v 4.835000 10.099957 -1.012401
v 4.595000 10.100044 -1.012401
v 4.595000 10.099957 1.080851
v 4.595000 10.140000 -1.013175
v 4.828846 10.103077 -1.013175
v 4.601154 10.096924 -1.013175
v 4.835000 10.060000 -1.013175
v 4.601154 10.103077 1.081625
v 4.828846 10.096924 1.081625
v 4.595000 10.140000 1.081625
v 4.835000 10.140000 1.081625
v 4.835000 10.140000 -1.013175
v 4.835000 10.060000 1.081625
v 4.595000 10.060000 1.081625
v 4.595000 10.060000 -1.013175
v 4.650000 11.920000 1.549933
v 4.650000 11.920000 3.554093
v 4.650000 10.100000 3.554093
v 4.500000 11.920000 3.554093
v 4.500000 11.920000 1.549933
v 4.500000 10.100000 1.549934
v 4.500000 10.100000 3.554093
v 4.575380 11.916925 1.549933
v 4.574620 10.103075 1.549934
v 4.574620 11.916925 3.554093
v 4.575380 10.103075 3.554093
v 4.574682 11.920001 3.551259
v 4.575318 11.920001 1.552768
v 4.650000 10.100000 1.549934
v 4.575318 10.100000 3.551259
v 4.574682 10.100000 1.552768
v 4.677500 11.850000 1.620432
v 4.677500 10.170000 3.483595
v 4.677500 10.170000 1.620432
v 4.652500 11.850000 1.620432
v 4.652500 11.850000 3.483595
v 4.652500 10.170000 1.620432
v 4.652500 10.170000 3.483595
v 4.665002 11.849907 1.620432
v 4.664998 10.170094 1.620432
v 4.664998 11.849907 3.483595
v 4.677500 11.850000 3.483595
v 4.665002 10.170094 3.483595
v 4.664998 11.850001 3.483510
v 4.665002 11.850001 1.620517
v 4.665002 10.170000 3.483510
v 4.664998 10.170000 1.620517
v 4.722500 11.889711 1.620443
v 4.722500 10.140000 1.643092
v 4.722500 11.890000 1.597771
v 4.722500 10.140289 1.620420
v 4.667500 11.889711 1.620420
v 4.667500 10.140000 1.597772
v 4.667500 11.890000 1.643092
v 4.667500 10.140289 1.620443
v 4.695020 11.889568 1.597771
v 4.722500 10.140000 1.597772
v 4.694980 10.140432 1.597772
v 4.694980 11.889568 1.643092
v 4.667500 10.140000 1.643092
v 4.722500 11.890000 1.643092
v 4.695020 10.140432 1.643092
v 4.673628 11.890001 1.628006
v 4.667500 11.890000 1.597771
v 4.716372 11.890001 1.612857
v 4.716372 10.140001 1.628006
v 4.673628 10.140001 1.612857
v 4.722500 11.889711 2.552024
v 4.722500 10.140000 2.574674
v 4.722500 11.890000 2.529353
v 4.722500 10.140289 2.552002
v 4.667500 11.889711 2.552002
v 4.667500 10.140000 2.529353
v 4.667500 11.890000 2.574673
v 4.667500 10.140289 2.552025
v 4.695020 11.889568 2.529353
v 4.722500 10.140000 2.529353
v 4.667500 11.890000 2.529353
v 4.694980 10.140432 2.529353
v 4.694980 11.889568 2.574673
v 4.667500 10.140000 2.574674
v 4.722500 11.890000 2.574673
v 4.695020 10.140432 2.574673
v 4.673628 11.890001 2.559587
v 4.716372 11.890001 2.544439
v 4.716372 10.140001 2.559588
v 4.673628 10.140001 2.544439
v 4.722500 11.889711 3.483606
v 4.722500 10.140000 3.506255
v 4.722500 11.890000 3.460935
v 4.722500 10.140289 3.483584
v 4.667500 11.889711 3.483584
v 4.667500 10.140000 3.460935
v 4.667500 11.890000 3.506255
v 4.667500 10.140289 3.483607
v 4.695020 11.889568 3.460935
v 4.722500 10.140000 3.460935
v 4.667500 11.890000 3.460935
v 4.694980 10.140432 3.460935
v 4.694980 11.889568 3.506255
v 4.722500 11.890000 3.506255
v 4.695020 10.140432 3.506255
v 4.673628 11.890001 3.491169
v 4.716372 11.890001 3.476021
v 4.716372 10.140001 3.491169
v 4.667500 10.140000 3.506255
v 4.673628 10.140001 3.476021
v 4.835000 10.140000 1.504614
v 4.835000 10.100044 3.598640
v 4.835000 10.099957 1.505387
v 4.595000 10.140000 3.599414
v 4.595000 10.100044 1.505387
v 4.595000 10.099957 3.598640
v 4.595000 10.060000 1.504614
v 4.595000 10.140000 1.504614
v 4.828846 10.103077 1.504614
v 4.601154 10.096924 1.504614
v 4.835000 10.060000 1.504614
v 4.835000 10.140000 3.599414
v 4.601154 10.103077 3.599414
v 4.828846 10.096924 3.599414
v 4.595000 10.060000 3.599414
v 4.835000 10.060000 3.599414
v -4.470000 12.000000 -4.306443
v -3.790000 12.000000 -4.306443
v -3.790000 9.750000 -4.145305
v -3.790000 9.750000 -4.306443
v -4.470000 12.000000 -4.145305
v -3.790000 12.000000 -4.145305
v -4.470000 9.750000 -4.306443
v -4.470000 9.750000 -4.145305
v -4.440000 11.970000 -4.311479
v -3.820000 11.970000 -4.311479
v -3.820000 9.780000 -4.311479
v -4.440000 9.780000 -4.311479
v 4.609729 12.550005 -4.054664
v -4.609729 12.549995 -4.054664
v -4.609729 12.550005 4.123114
v 4.609729 12.549995 4.123114
v -4.610000 12.550006 -4.054354
v -4.610000 12.549994 4.122803
v 4.610000 12.600000 -4.054664
v 4.610000 12.550006 4.122803
v 4.610000 12.549994 -4.054354
v -4.610000 12.600000 4.123114
v 4.610000 12.600000 4.123114
v -4.610000 12.600000 -4.054664
v 4.610000 12.500000 -4.054664
v 4.610000 12.500000 4.123114
v -4.610000 12.500000 -4.054664
v -4.610000 12.500000 4.123114
v -3.495000 14.970000 -4.094949
v -1.505000 13.150000 -4.094949
v -3.495000 14.970000 -3.943882
v -3.495000 13.150000 -3.943882
v -1.505000 14.970000 -3.943882
v -1.505000 13.150000 -3.943882
v -3.495000 14.966926 -4.019798
v -3.495000 13.150000 -4.094949
v -3.495000 13.153074 -4.019032
v -1.505000 14.966926 -4.019032
v -1.505000 13.153074 -4.019798
v -1.507815 14.970000 -4.019095
v -3.492185 14.970000 -4.019736
v -1.505000 14.970000 -4.094949
v -1.507815 13.150000 -4.019736
v -3.492185 13.150000 -4.019094
v -1.575000 13.220000 -4.122645
v -3.425000 14.900000 -4.122645
v -1.575000 14.900000 -4.097467
v -3.425000 14.900000 -4.097467
v -3.425000 13.220000 -4.097467
v -3.425000 14.899906 -4.110058
v -3.425000 13.220000 -4.122645
v -3.425000 13.220094 -4.110054
v -1.575000 14.899906 -4.110054
v -1.575000 13.220000 -4.097467
v -1.575000 13.220094 -4.110058
v -1.575084 14.900000 -4.110054
v -3.424916 14.900000 -4.110057
v -1.575000 14.900000 -4.122645
v -1.575084 13.220000 -4.110057
v -3.424916 13.220000 -4.110054
v -3.424989 14.939711 -4.167965
v -3.402500 13.190000 -4.167965
v -3.447500 14.940000 -4.167965
v -3.425011 13.190289 -4.167965
v -3.425011 14.939711 -4.112574
v -3.447500 13.190000 -4.112573
v -3.402500 14.940000 -4.112573
v -3.424989 13.190289 -4.112574
v -3.447500 14.939568 -4.140290
v -3.447500 14.940000 -4.112573
v -3.447500 13.190432 -4.140248
v -3.402500 14.939568 -4.140248
v -3.402500 13.190432 -4.140290
v -3.417479 14.940001 -4.118745
v -3.402500 14.940000 -4.167965
v -3.432521 14.940001 -4.161794
v -3.417479 13.190001 -4.161794
v -3.402500 13.190000 -4.112573
v -3.447500 13.190000 -4.167965
v -3.432521 13.190001 -4.118745
v -2.499989 14.939711 -4.167965
v -2.477500 13.190000 -4.167965
v -2.522500 14.940000 -4.167965
v -2.500011 13.190289 -4.167965
v -2.500011 14.939711 -4.112574
v -2.522500 13.190000 -4.112573
v -2.477500 14.940000 -4.112573
v -2.499989 13.190289 -4.112574
v -2.522500 14.939568 -4.140290
v -2.522500 14.940000 -4.112573
v -2.522500 13.190432 -4.140248
v -2.477500 14.939568 -4.140248
v -2.477500 13.190000 -4.112573
v -2.477500 14.940000 -4.167965
v -2.477500 13.190432 -4.140290
v -2.492479 14.940001 -4.118745
v -2.507521 14.940001 -4.161794
v -2.492479 13.190001 -4.161794
v -2.522500 13.190000 -4.167965
v -2.507521 13.190001 -4.118745
v -1.574989 14.939711 -4.167965
v -1.552500 13.190000 -4.167965
v -1.597500 14.940000 -4.167965
v -1.575011 13.190289 -4.167965
v -1.575011 14.939711 -4.112574
v -1.597500 13.190000 -4.112573
v -1.552500 14.940000 -4.112573
v -1.574989 13.190289 -4.112574
v -1.597500 14.939568 -4.140290
v -1.597500 13.190000 -4.167965
v -1.597500 13.190432 -4.140248
v -1.552500 14.939568 -4.140248
v -1.552500 13.190432 -4.140290
v -1.567479 14.940001 -4.118745
v -1.552500 14.940000 -4.167965
v -1.597500 14.940000 -4.112573
v -1.582521 14.940001 -4.161794
v -1.567479 13.190001 -4.161794
v -1.552500 13.190000 -4.112573
v -1.582521 13.190001 -4.118745
v -1.460768 13.150043 -4.281265
v -3.539232 13.149956 -4.281265
v -1.460000 13.110000 -4.281265
v -1.460000 13.190000 -4.039557
v -3.539232 13.150043 -4.039557
v -1.460768 13.149956 -4.039557
v -3.540000 13.190000 -4.039557
v -3.540000 13.153076 -4.275067
v -3.540000 13.146923 -4.045755
v -1.460000 13.153076 -4.045755
v -1.460000 13.146923 -4.275067
v -1.460000 13.110000 -4.039557
v -1.460000 13.190000 -4.281265
v -3.540000 13.190000 -4.281265
v -3.540000 13.110000 -4.281265
v -3.540000 13.110000 -4.039557
v -0.995000 14.970000 -4.094949
v 0.995000 13.150000 -4.094949
v 0.995000 14.970000 -3.943882
v -0.995000 14.970000 -3.943882
v -0.995000 13.150000 -3.943882
v -0.995000 14.966926 -4.019798
v -0.995000 13.153074 -4.019032
v 0.995000 14.966926 -4.019032
v 0.995000 13.153074 -4.019798
v 0.992185 14.970000 -4.019095
v -0.992185 14.970000 -4.019736
v 0.995000 14.970000 -4.094949
v -0.995000 13.150000 -4.094949
v 0.992185 13.150000 -4.019736
v -0.992185 13.150000 -4.019094
v 0.995000 13.150000 -3.943882
v -0.925000 14.900000 -4.122645
v 0.925000 13.220000 -4.122645
v -0.925000 13.220000 -4.097467
v 0.925000 14.900000 -4.097467
v 0.925000 13.220000 -4.097467
v -0.925000 14.899906 -4.110058
v -0.925000 13.220094 -4.110054
v 0.925000 14.899906 -4.110054
v 0.925000 14.900000 -4.122645
v 0.925000 13.220094 -4.110058
v -0.925000 14.900000 -4.097467
v 0.924916 14.900000 -4.110054
v -0.924916 14.900000 -4.110057
v -0.925000 13.220000 -4.122645
v 0.924916 13.220000 -4.110057
v -0.924916 13.220000 -4.110054
v -0.924989 14.939711 -4.167965
v -0.902500 13.190000 -4.167965
v -0.947500 14.940000 -4.167965
v -0.925011 13.190289 -4.167965
v -0.925011 14.939711 -4.112574
v -0.947500 13.190000 -4.112573
v -0.902500 14.940000 -4.112573
v -0.924989 13.190289 -4.112574
v -0.947500 14.939568 -4.140290
v -0.947500 13.190000 -4.167965
v -0.947500 13.190432 -4.140248
v -0.902500 14.939568 -4.140248
v -0.902500 13.190000 -4.112573
v -0.902500 13.190432 -4.140290
v -0.917479 14.940001 -4.118745
v -0.902500 14.940000 -4.167965
v -0.947500 14.940000 -4.112573
v -0.932521 14.940001 -4.161794
v -0.917479 13.190001 -4.161794
v -0.932521 13.190001 -4.118745
v 0.000011 14.939711 -4.167965
v 0.022500 13.190000 -4.167965
v -0.022500 14.940000 -4.167965
v -0.000011 13.190289 -4.167965
v -0.000011 14.939711 -4.112574
v -0.022500 13.190000 -4.112573
v 0.022500 14.940000 -4.112573
v 0.000011 13.190289 -4.112574
v -0.022500 14.939568 -4.140290
v -0.022500 13.190000 -4.167965
v -0.022500 13.190432 -4.140248
v 0.022500 14.939568 -4.140248
v 0.022500 14.940000 -4.167965
v 0.022500 13.190432 -4.140290
v 0.007521 14.940001 -4.118745
v -0.022500 14.940000 -4.112573
v -0.007521 14.940001 -4.161794
v 0.007521 13.190001 -4.161794
v 0.022500 13.190000 -4.112573
v -0.007521 13.190001 -4.118745
v 0.925011 14.939711 -4.167965
v 0.947500 13.190000 -4.167965
v 0.902500 14.940000 -4.167965
v 0.924989 13.190289 -4.167965
v 0.924989 14.939711 -4.112574
v 0.902500 13.190000 -4.112573
v 0.947500 14.940000 -4.112573
v 0.925011 13.190289 -4.112574
v 0.902500 14.939568 -4.140290
v 0.902500 13.190432 -4.140248
v 0.947500 14.939568 -4.140248
v 0.947500 13.190000 -4.112573
v 0.947500 13.190432 -4.140290
v 0.932521 14.940001 -4.118745
v 0.947500 14.940000 -4.167965
v 0.902500 14.940000 -4.112573
v 0.917479 14.940001 -4.161794
v 0.932521 13.190001 -4.161794
v 0.902500 13.190000 -4.167965
v 0.917479 13.190001 -4.118745
v 1.039232 13.150043 -4.281265
v -1.039232 13.149956 -4.281265
v 1.040000 13.110000 -4.281265
v -1.039232 13.150043 -4.039557
v 1.039232 13.149956 -4.039557
v -1.040000 13.190000 -4.039557
v -1.040000 13.153076 -4.275067
v -1.040000 13.146923 -4.045755
v 1.040000 13.153076 -4.045755
v 1.040000 13.146923 -4.275067
v 1.040000 13.110000 -4.039557
v 1.040000 13.190000 -4.039557
v 1.040000 13.190000 -4.281265
v -1.040000 13.190000 -4.281265
v -1.040000 13.110000 -4.281265
v -1.040000 13.110000 -4.039557
v 1.505000 14.970000 -4.094949
v 3.495000 13.150000 -4.094949
v 1.505000 13.150000 -3.943882
v 3.495000 14.970000 -3.943882
v 1.505000 14.966926 -4.019798
v 1.505000 13.150000 -4.094949
v 1.505000 14.970000 -3.943882
v 1.505000 13.153074 -4.019032
v 3.495000 14.966926 -4.019032
v 3.495000 13.153074 -4.019798
v 3.492185 14.970000 -4.019095
v 1.507815 14.970000 -4.019736
v 3.495000 14.970000 -4.094949
v 3.492185 13.150000 -4.019736
v 1.507815 13.150000 -4.019094
v 3.495000 13.150000 -3.943882
v 3.425000 13.220000 -4.122645
v 1.575000 14.900000 -4.122645
v 3.425000 14.900000 -4.097467
v 1.575000 13.220000 -4.097467
v 3.425000 13.220000 -4.097467
v 1.575000 14.899906 -4.110058
v 1.575000 13.220000 -4.122645
v 1.575000 13.220094 -4.110054
v 3.425000 14.899906 -4.110054
v 3.425000 14.900000 -4.122645
v 3.425000 13.220094 -4.110058
v 1.575000 14.900000 -4.097467
v 3.424916 14.900000 -4.110054
v 1.575084 14.900000 -4.110057
v 3.424916 13.220000 -4.110057
v 1.575084 13.220000 -4.110054
v 1.575011 14.939711 -4.167965
v 1.597500 13.190000 -4.167965
v 1.552500 14.940000 -4.167965
v 1.574989 13.190289 -4.167965
v 1.574989 14.939711 -4.112574
v 1.552500 13.190000 -4.112573
v 1.597500 14.940000 -4.112573
v 1.575011 13.190289 -4.112574
v 1.552500 14.939568 -4.140290
v 1.552500 14.940000 -4.112573
v 1.552500 13.190432 -4.140248
v 1.597500 14.939568 -4.140248
v 1.597500 14.940000 -4.167965
v 1.597500 13.190432 -4.140290
v 1.582521 14.940001 -4.118745
v 1.567479 14.940001 -4.161794
v 1.582521 13.190001 -4.161794
v 1.597500 13.190000 -4.112573
v 1.552500 13.190000 -4.167965
v 1.567479 13.190001 -4.118745
v 2.500011 14.939711 -4.167965
v 2.522500 13.190000 -4.167965
v 2.477500 14.940000 -4.167965
v 2.499989 13.190289 -4.167965
v 2.499989 14.939711 -4.112574
v 2.477500 13.190000 -4.112573
v 2.522500 14.940000 -4.112573
v 2.500011 13.190289 -4.112574
v 2.477500 14.939568 -4.140290
v 2.477500 13.190432 -4.140248
v 2.522500 14.939568 -4.140248
v 2.522500 13.190000 -4.112573
v 2.522500 14.940000 -4.167965
v 2.522500 13.190432 -4.140290
v 2.507521 14.940001 -4.118745
v 2.477500 14.940000 -4.112573
v 2.492479 14.940001 -4.161794
v 2.507521 13.190001 -4.161794
v 2.477500 13.190000 -4.167965
v 2.492479 13.190001 -4.118745
v 3.425011 14.939711 -4.167965
v 3.447500 13.190000 -4.167965
v 3.402500 14.940000 -4.167965
v 3.424989 13.190289 -4.167965
v 3.424989 14.939711 -4.112574
v 3.402500 13.190000 -4.112573
v 3.447500 14.940000 -4.112573
v 3.425011 13.190289 -4.112574
v 3.402500 14.939568 -4.140290
v 3.402500 13.190432 -4.140248
v 3.447500 14.939568 -4.140248
v 3.447500 14.940000 -4.167965
v 3.447500 13.190432 -4.140290
v 3.432521 14.940001 -4.118745
v 3.402500 14.940000 -4.112573
v 3.417479 14.940001 -4.161794
v 3.432521 13.190001 -4.161794
v 3.447500 13.190000 -4.112573
v 3.402500 13.190000 -4.167965
v 3.417479 13.190001 -4.118745
v 3.539232 13.150043 -4.281265
v 1.460768 13.149956 -4.281265
v 3.540000 13.190000 -4.039557
v 1.460768 13.150043 -4.039557
v 3.539232 13.149956 -4.039557
v 1.460000 13.110000 -4.039557
v 1.460000 13.153076 -4.275067
v 1.460000 13.146923 -4.045755
v 3.540000 13.153076 -4.045755
v 3.540000 13.146923 -4.275067
v 1.460000 13.190000 -4.039557
v 3.540000 13.190000 -4.281265
v 1.460000 13.190000 -4.281265
v 1.460000 13.110000 -4.281265
v 3.540000 13.110000 -4.281265
v 3.540000 13.110000 -4.039557
v -4.650000 14.970000 3.554093
v -4.650000 13.150000 1.549933
v -4.500000 14.970000 1.549933
v -4.500000 13.150000 3.554093
v -4.500000 13.150000 1.549933
v -4.575380 14.966926 3.554093
v -4.650000 13.150000 3.554093
v -4.500000 14.970000 3.554093
v -4.574620 13.153074 3.554093
v -4.574620 14.966926 1.549933
v -4.575380 13.153074 1.549933
v -4.574682 14.970000 1.552768
v -4.575318 14.970000 3.551258
v -4.650000 14.970000 1.549933
v -4.575318 13.150000 1.552768
v -4.574682 13.150000 3.551259
v -4.677500 14.900000 3.483595
v -4.677500 14.900000 1.620431
v -4.677500 13.220000 1.620432
v -4.652500 14.900000 1.620431
v -4.652500 14.900000 3.483595
v -4.652500 13.220000 3.483595
v -4.652500 13.220000 1.620432
v -4.665002 14.899906 3.483595
v -4.664998 13.220094 3.483595
v -4.664998 14.899906 1.620432
v -4.665002 13.220094 1.620432
v -4.664998 14.900000 1.620516
v -4.665002 14.900000 3.483510
v -4.677500 13.220000 3.483595
v -4.665002 13.220000 1.620517
v -4.664998 13.220000 3.483510
v -4.722500 14.939711 3.483584
v -4.722500 13.190000 3.460935
v -4.722500 14.940000 3.506255
v -4.722500 13.190289 3.483606
v -4.667500 14.939711 3.483606
v -4.667500 13.190000 3.506255
v -4.667500 14.940000 3.460935
v -4.667500 13.190289 3.483584
v -4.695020 14.939568 3.506255
v -4.722500 13.190000 3.506255
v -4.667500 14.940000 3.506255
v -4.694980 13.190432 3.506255
v -4.694980 14.939568 3.460935
v -4.667500 13.190000 3.460935
v -4.695020 13.190432 3.460935
v -4.673628 14.940001 3.476021
v -4.722500 14.940000 3.460935
v -4.716372 14.940001 3.491169
v -4.716372 13.190001 3.476021
v -4.673628 13.190001 3.491169
v -4.722500 14.939711 2.552002
v -4.722500 13.190000 2.529353
v -4.722500 14.940000 2.574673
v -4.722500 13.190289 2.552025
v -4.667500 14.939711 2.552024
v -4.667500 13.190000 2.574673
v -4.667500 14.940000 2.529353
v -4.667500 13.190289 2.552002
v -4.695020 14.939568 2.574673
v -4.694980 13.190432 2.574673
v -4.694980 14.939568 2.529353
v -4.695020 13.190432 2.529353
v -4.673628 14.940001 2.544439
v -4.722500 14.940000 2.529353
v -4.667500 14.940000 2.574673
v -4.716372 14.940001 2.559587
v -4.716372 13.190001 2.544439
v -4.667500 13.190000 2.529353
v -4.722500 13.190000 2.574673
v -4.673628 13.190001 2.559587
v -4.722500 14.939711 1.620420
v -4.722500 13.190000 1.597771
v -4.722500 14.940000 1.643091
v -4.722500 13.190289 1.620443
v -4.667500 14.939711 1.620443
v -4.667500 13.190000 1.643092
v -4.667500 14.940000 1.597771
v -4.667500 13.190289 1.620420
v -4.695020 14.939568 1.643091
v -4.667500 14.940000 1.643091
v -4.694980 13.190432 1.643091
v -4.694980 14.939568 1.597771
v -4.695020 13.190432 1.597772
v -4.673628 14.940001 1.612857
v -4.722500 14.940000 1.597771
v -4.716372 14.940001 1.628006
v -4.716372 13.190001 1.612857
v -4.667500 13.190000 1.597771
v -4.722500 13.190000 1.643092
v -4.673628 13.190001 1.628006
v -4.835000 13.190000 3.599413
v -4.835000 13.150043 1.505387
v -4.835000 13.149956 3.598639
v -4.595000 13.150043 3.598639
v -4.595000 13.149956 1.505387
v -4.828846 13.153076 3.599413
v -4.601154 13.146923 3.599413
v -4.835000 13.110000 3.599413
v -4.601154 13.153076 1.504613
v -4.828846 13.146923 1.504613
v -4.595000 13.190000 1.504613
v -4.595000 13.190000 3.599413
v -4.835000 13.190000 1.504613
v -4.835000 13.110000 1.504613
v -4.595000 13.110000 1.504613
v -4.595000 13.110000 3.599413
v -4.650000 14.970000 1.036304
v -4.650000 14.970000 -0.967856
v -4.650000 13.150000 -0.967855
v -4.650000 13.150000 1.036304
v -4.500000 14.970000 1.036304
v -4.500000 14.970000 -0.967856
v -4.500000 13.150000 1.036304
v -4.575380 14.966926 1.036304
v -4.574620 13.153074 1.036304
v -4.574620 14.966926 -0.967856
v -4.500000 13.150000 -0.967855
v -4.575380 13.153074 -0.967855
v -4.574682 14.970000 -0.965021
v -4.575318 14.970000 1.033470
v -4.575318 13.150000 -0.965021
v -4.574682 13.150000 1.033470
v -4.677500 14.900000 0.965806
v -4.677500 14.900000 -0.897357
v -4.677500 13.220000 -0.897357
v -4.652500 14.900000 -0.897357
v -4.652500 13.220000 0.965806
v -4.665002 14.899906 0.965806
v -4.664998 13.220094 0.965806
v -4.664998 14.899906 -0.897358
v -4.665002 13.220094 -0.897357
v -4.652500 14.900000 0.965806
v -4.664998 14.900000 -0.897272
v -4.665002 14.900000 0.965721
v -4.677500 13.220000 0.965806
v -4.665002 13.220000 -0.897272
v -4.664998 13.220000 0.965721
v -4.652500 13.220000 -0.897357
v -4.722500 14.939711 0.965795
v -4.722500 13.190000 0.943146
v -4.722500 14.940000 0.988466
v -4.722500 13.190289 0.965818
v -4.667500 14.939711 0.965817
v -4.667500 13.190000 0.988466
v -4.667500 14.940000 0.943146
v -4.667500 13.190289 0.965795
v -4.695020 14.939568 0.988466
v -4.694980 13.190432 0.988467
v -4.694980 14.939568 0.943146
v -4.695020 13.190432 0.943146
v -4.673628 14.940001 0.958232
v -4.722500 14.940000 0.943146
v -4.667500 14.940000 0.988466
v -4.716372 14.940001 0.973380
v -4.716372 13.190001 0.958232
v -4.667500 13.190000 0.943146
v -4.722500 13.190000 0.988466
v -4.673628 13.190001 0.973381
v -4.722500 14.939711 0.034213
v -4.722500 13.190000 0.011564
v -4.722500 14.940000 0.056885
v -4.722500 13.190289 0.034236
v -4.667500 14.939711 0.034236
v -4.667500 13.190000 0.056885
v -4.667500 14.940000 0.011564
v -4.667500 13.190289 0.034213
v -4.695020 14.939568 0.056885
v -4.722500 13.190000 0.056885
v -4.694980 13.190432 0.056885
v -4.694980 14.939568 0.011564
v -4.667500 13.190000 0.011564
v -4.695020 13.190432 0.011564
v -4.673628 14.940001 0.026650
v -4.722500 14.940000 0.011564
v -4.667500 14.940000 0.056885
v -4.716372 14.940001 0.041799
v -4.716372 13.190001 0.026650
v -4.673628 13.190001 0.041799
v -4.722500 14.939711 -0.897369
v -4.722500 13.190000 -0.920017
v -4.722500 14.940000 -0.874697
v -4.722500 13.190289 -0.897346
v -4.667500 14.939711 -0.897346
v -4.667500 13.190000 -0.874697
v -4.667500 14.940000 -0.920018
v -4.667500 13.190289 -0.897368
v -4.695020 14.939568 -0.874697
v -4.722500 13.190000 -0.874697
v -4.694980 13.190432 -0.874697
v -4.694980 14.939568 -0.920018
v -4.695020 13.190432 -0.920017
v -4.673628 14.940001 -0.904932
v -4.722500 14.940000 -0.920018
v -4.667500 14.940000 -0.874697
v -4.716372 14.940001 -0.889783
v -4.716372 13.190001 -0.904931
v -4.667500 13.190000 -0.920017
v -4.673628 13.190001 -0.889783
v -4.835000 13.190000 1.081625
v -4.835000 13.150043 -1.012402
v -4.835000 13.149956 1.080851
v -4.595000 13.190000 -1.013175
v -4.595000 13.150043 1.080851
v -4.595000 13.149956 -1.012402
v -4.828846 13.153076 1.081625
v -4.601154 13.146923 1.081625
v -4.835000 13.190000 -1.013175
v -4.601154 13.153076 -1.013175
v -4.828846 13.146923 -1.013175
v -4.595000 13.190000 1.081625
v -4.835000 13.110000 1.081625
v -4.835000 13.110000 -1.013175
v -4.595000 13.110000 -1.013175
v -4.595000 13.110000 1.081625
v -4.650000 13.150000 -3.485644
v -4.650000 14.970000 -1.481484
v -4.500000 14.970000 -3.485644
v -4.500000 13.150000 -1.481484
v -4.500000 13.150000 -3.485644
v -4.575380 14.966926 -1.481484
v -4.650000 13.150000 -1.481484
v -4.574620 13.153074 -1.481484
v -4.574620 14.966926 -3.485644
v -4.575380 13.153074 -3.485644
v -4.500000 14.970000 -1.481484
v -4.574682 14.970000 -3.482810
v -4.575318 14.970000 -1.484319
v -4.650000 14.970000 -3.485644
v -4.575318 13.150000 -3.482809
v -4.574682 13.150000 -1.484319
v -4.677500 14.900000 -1.551983
v -4.677500 13.220000 -3.415146
v -4.652500 13.220000 -1.551982
v -4.652500 14.900000 -3.415146
v -4.652500 13.220000 -3.415146
v -4.665002 14.899906 -1.551983
v -4.677500 13.220000 -1.551982
v -4.664998 13.220094 -1.551983
v -4.664998 14.899906 -3.415146
v -4.677500 14.900000 -3.415146
v -4.665002 13.220094 -3.415146
v -4.652500 14.900000 -1.551983
v -4.664998 14.900000 -3.415061
v -4.665002 14.900000 -1.552068
v -4.665002 13.220000 -3.415061
v -4.664998 13.220000 -1.552067
v -4.722500 14.939711 -1.551994
v -4.722500 13.190000 -1.574642
v -4.722500 14.940000 -1.529322
v -4.722500 13.190289 -1.551971
v -4.667500 14.939711 -1.551971
v -4.667500 13.190000 -1.529322
v -4.667500 14.940000 -1.574643
v -4.667500 13.190289 -1.551993
v -4.695020 14.939568 -1.529322
v -4.722500 13.190000 -1.529322
v -4.694980 13.190432 -1.529322
v -4.694980 14.939568 -1.574643
v -4.722500 14.940000 -1.574643
v -4.695020 13.190432 -1.574643
v -4.673628 14.940001 -1.559557
v -4.667500 14.940000 -1.529322
v -4.716372 14.940001 -1.544408
v -4.716372 13.190001 -1.559556
v -4.667500 13.190000 -1.574642
v -4.673628 13.190001 -1.544408
v -4.722500 14.939711 -2.483575
v -4.722500 13.190000 -2.506224
v -4.722500 14.940000 -2.460904
v -4.722500 13.190289 -2.483553
v -4.667500 14.939711 -2.483553
v -4.667500 13.190000 -2.460904
v -4.667500 14.940000 -2.506225
v -4.667500 13.190289 -2.483575
v -4.695020 14.939568 -2.460904
v -4.722500 13.190000 -2.460904
v -4.667500 14.940000 -2.460904
v -4.694980 13.190432 -2.460904
v -4.694980 14.939568 -2.506225
v -4.667500 13.190000 -2.506224
v -4.695020 13.190432 -2.506224
v -4.673628 14.940001 -2.491139
v -4.722500 14.940000 -2.506225
v -4.716372 14.940001 -2.475990
v -4.716372 13.190001 -2.491138
v -4.673628 13.190001 -2.475990
v -4.722500 14.939711 -3.415158
v -4.722500 13.190000 -3.437806
v -4.722500 14.940000 -3.392486
v -4.722500 13.190289 -3.415135
v -4.667500 14.939711 -3.415135
v -4.667500 13.190000 -3.392486
v -4.667500 14.940000 -3.437806
v -4.667500 13.190289 -3.415157
v -4.695020 14.939568 -3.392486
v -4.722500 13.190000 -3.392486
v -4.667500 14.940000 -3.392486
v -4.694980 13.190432 -3.392486
v -4.694980 14.939568 -3.437806
v -4.667500 13.190000 -3.437806
v -4.695020 13.190432 -3.437806
v -4.673628 14.940001 -3.422720
v -4.722500 14.940000 -3.437806
v -4.716372 14.940001 -3.407572
v -4.716372 13.190001 -3.422720
v -4.673628 13.190001 -3.407572
v -4.835000 13.190000 -1.436164
v -4.835000 13.150043 -3.530190
v -4.835000 13.149956 -1.436938
v -4.595000 13.150043 -1.436938
v -4.595000 13.149956 -3.530190
v -4.595000 13.190000 -1.436164
v -4.828846 13.153076 -1.436164
v -4.601154 13.146923 -1.436164
v -4.835000 13.110000 -1.436164
v -4.601154 13.153076 -3.530964
v -4.828846 13.146923 -3.530964
v -4.595000 13.110000 -3.530964
v -4.595000 13.190000 -3.530964
v -4.835000 13.190000 -3.530964
v -4.835000 13.110000 -3.530964
v -4.595000 13.110000 -1.436164
v 1.505000 13.150000 4.163398
v 3.495000 14.970000 4.163398
v 1.505000 14.970000 4.012331
v 3.495000 13.150000 4.012331
v 3.495000 14.966926 4.088247
v 3.495000 13.150000 4.163398
v 3.495000 13.153074 4.087481
v 1.505000 14.966926 4.087481
v 1.505000 13.150000 4.012331
v 1.505000 14.970000 4.163398
v 1.505000 13.153074 4.088247
v 3.495000 14.970000 4.012331
v 1.507815 14.970000 4.087544
v 3.492185 14.970000 4.088185
v 1.507815 13.150000 4.088185
v 3.492185 13.150000 4.087544
v 3.425000 14.900000 4.191094
v 1.575000 13.220000 4.191094
v 3.425000 13.220000 4.191094
v 3.425000 13.220000 4.165916
v 1.575000 14.900000 4.165916
v 3.425000 14.899906 4.178507
v 3.425000 14.900000 4.165916
v 3.425000 13.220094 4.178503
v 1.575000 14.899906 4.178503
v 1.575000 13.220000 4.165916
v 1.575000 13.220094 4.178507
v 1.575084 14.900000 4.178503
v 3.424916 14.900000 4.178506
v 1.575000 14.900000 4.191094
v 1.575084 13.220000 4.178506
v 3.424916 13.220000 4.178503
v 3.424989 14.939711 4.236414
v 3.402500 13.190000 4.236414
v 3.447500 14.940000 4.236414
v 3.425011 13.190289 4.236414
v 3.425011 14.939711 4.181023
v 3.447500 13.190000 4.181023
v 3.402500 14.940000 4.181023
v 3.424989 13.190289 4.181023
v 3.447500 14.939568 4.208739
v 3.447500 14.940000 4.181023
v 3.447500 13.190432 4.208698
v 3.402500 14.939568 4.208698
v 3.402500 13.190000 4.181023
v 3.402500 14.940000 4.236414
v 3.402500 13.190432 4.208739
v 3.417479 14.940001 4.187194
v 3.432521 14.940001 4.230243
v 3.417479 13.190001 4.230243
v 3.447500 13.190000 4.236414
v 3.432521 13.190001 4.187194
v 2.499989 14.939711 4.236414
v 2.477500 13.190000 4.236414
v 2.522500 14.940000 4.236414
v 2.500011 13.190289 4.236414
v 2.500011 14.939711 4.181023
v 2.522500 13.190000 4.181023
v 2.477500 14.940000 4.181023
v 2.499989 13.190289 4.181023
v 2.522500 14.939568 4.208739
v 2.522500 13.190000 4.236414
v 2.522500 14.940000 4.181023
v 2.522500 13.190432 4.208698
v 2.477500 14.939568 4.208698
v 2.477500 13.190432 4.208739
v 2.492479 14.940001 4.187194
v 2.477500 14.940000 4.236414
v 2.507521 14.940001 4.230243
v 2.492479 13.190001 4.230243
v 2.477500 13.190000 4.181023
v 2.507521 13.190001 4.187194
v 1.574989 14.939711 4.236414
v 1.552500 13.190000 4.236414
v 1.597500 14.940000 4.236414
v 1.575011 13.190289 4.236414
v 1.575011 14.939711 4.181023
v 1.597500 13.190000 4.181023
v 1.552500 14.940000 4.181023
v 1.574989 13.190289 4.181023
v 1.597500 14.939568 4.208739
v 1.597500 14.940000 4.181023
v 1.597500 13.190432 4.208698
v 1.552500 14.939568 4.208698
v 1.552500 13.190432 4.208739
v 1.567479 14.940001 4.187194
v 1.552500 14.940000 4.236414
v 1.582521 14.940001 4.230243
v 1.567479 13.190001 4.230243
v 1.552500 13.190000 4.181023
v 1.597500 13.190000 4.236414
v 1.582521 13.190001 4.187194
v 3.540000 13.190000 4.349714
v 1.460768 13.150043 4.349714
v 3.539232 13.149956 4.349714
v 3.539232 13.150043 4.108007
v 1.460768 13.149956 4.108007
v 3.540000 13.153076 4.343516
v 3.540000 13.146923 4.114205
v 1.460000 13.190000 4.349714
v 1.460000 13.153076 4.114205
v 1.460000 13.146923 4.343516
v 1.460000 13.110000 4.108007
v 1.460000 13.190000 4.108007
v 3.540000 13.190000 4.108007
v 3.540000 13.110000 4.349714
v 1.460000 13.110000 4.349714
v 3.540000 13.110000 4.108007
v 0.995000 14.970000 4.163398
v -0.995000 13.150000 4.163398
v 0.995000 13.150000 4.163398
v -0.995000 14.970000 4.012331
v 0.995000 14.970000 4.012331
v 0.995000 13.150000 4.012331
v -0.995000 13.150000 4.012331
v 0.995000 14.966926 4.088247
v 0.995000 13.153074 4.087481
v -0.995000 14.966926 4.087481
v -0.995000 14.970000 4.163398
v -0.995000 13.153074 4.088247
v -0.992185 14.970000 4.087544
v 0.992185 14.970000 4.088185
v -0.992185 13.150000 4.088185
v 0.992185 13.150000 4.087544
v 0.925000 14.900000 4.191094
v -0.925000 13.220000 4.191094
v 0.925000 13.220000 4.191094
v 0.925000 14.900000 4.165916
v -0.925000 14.900000 4.165916
v 0.925000 13.220000 4.165916
v 0.925000 14.899906 4.178507
v 0.925000 13.220094 4.178503
v -0.925000 14.899906 4.178503
v -0.925000 13.220094 4.178507
v -0.924916 14.900000 4.178503
v 0.924916 14.900000 4.178506
v -0.925000 14.900000 4.191094
v -0.924916 13.220000 4.178506
v 0.924916 13.220000 4.178503
v -0.925000 13.220000 4.165916
v 0.924989 14.939711 4.236414
v 0.902500 13.190000 4.236414
v 0.947500 14.940000 4.236414
v 0.925011 13.190289 4.236414
v 0.925011 14.939711 4.181023
v 0.947500 13.190000 4.181023
v 0.902500 14.940000 4.181023
v 0.924989 13.190289 4.181023
v 0.947500 14.939568 4.208739
v 0.947500 13.190432 4.208698
v 0.902500 14.939568 4.208698
v 0.902500 13.190000 4.181023
v 0.902500 13.190432 4.208739
v 0.917479 14.940001 4.187194
v 0.902500 14.940000 4.236414
v 0.947500 14.940000 4.181023
v 0.932521 14.940001 4.230243
v 0.917479 13.190001 4.230243
v 0.947500 13.190000 4.236414
v 0.932521 13.190001 4.187194
v -0.000011 14.939711 4.236414
v -0.022500 13.190000 4.236414
v 0.022500 14.940000 4.236414
v 0.000011 13.190289 4.236414
v 0.000011 14.939711 4.181023
v 0.022500 13.190000 4.181023
v -0.022500 14.940000 4.181023
v -0.000011 13.190289 4.181023
v 0.022500 14.939568 4.208739
v 0.022500 13.190432 4.208698
v -0.022500 14.939568 4.208698
v -0.022500 14.940000 4.236414
v -0.022500 13.190432 4.208739
v -0.007521 14.940001 4.187194
v 0.022500 14.940000 4.181023
v 0.007521 14.940001 4.230243
v -0.007521 13.190001 4.230243
v -0.022500 13.190000 4.181023
v 0.022500 13.190000 4.236414
v 0.007521 13.190001 4.187194
v -0.925011 14.939711 4.236414
v -0.947500 13.190000 4.236414
v -0.902500 14.940000 4.236414
v -0.924989 13.190289 4.236414
v -0.924989 14.939711 4.181023
v -0.902500 13.190000 4.181023
v -0.947500 14.940000 4.181023
v -0.925011 13.190289 4.181023
v -0.902500 14.939568 4.208739
v -0.902500 13.190000 4.236414
v -0.902500 13.190432 4.208698
v -0.947500 14.939568 4.208698
v -0.947500 13.190432 4.208739
v -0.932521 14.940001 4.187194
v -0.947500 14.940000 4.236414
v -0.902500 14.940000 4.181023
v -0.917479 14.940001 4.230243
v -0.932521 13.190001 4.230243
v -0.947500 13.190000 4.181023
v -0.917479 13.190001 4.187194
v 1.040000 13.190000 4.349714
v -1.039232 13.150043 4.349714
v 1.039232 13.149956 4.349714
v 1.039232 13.150043 4.108007
v -1.039232 13.149956 4.108007
v 1.040000 13.153076 4.343516
v 1.040000 13.146923 4.114205
v -1.040000 13.153076 4.114205
v -1.040000 13.146923 4.343516
v 1.040000 13.190000 4.108007
v -1.040000 13.190000 4.108007
v -1.040000 13.190000 4.349714
v 1.040000 13.110000 4.349714
v -1.040000 13.110000 4.349714
v -1.040000 13.110000 4.108007
v 1.040000 13.110000 4.108007
v -3.495000 13.150000 4.163398
v -1.505000 14.970000 4.163398
v -3.495000 14.970000 4.012331
v -1.505000 13.150000 4.012331
v -3.495000 13.150000 4.012331
v -1.505000 14.966926 4.088247
v -1.505000 13.150000 4.163398
v -1.505000 14.970000 4.012331
v -1.505000 13.153074 4.087481
v -3.495000 14.966926 4.087481
v -3.495000 14.970000 4.163398
v -3.495000 13.153074 4.088247
v -3.492185 14.970000 4.087544
v -1.507815 14.970000 4.088185
v -3.492185 13.150000 4.088185
v -1.507815 13.150000 4.087544
v -1.575000 14.900000 4.191094
v -3.425000 13.220000 4.191094
v -1.575000 14.900000 4.165916
v -3.425000 14.900000 4.165916
v -1.575000 13.220000 4.165916
v -1.575000 14.899906 4.178507
v -1.575000 13.220000 4.191094
v -1.575000 13.220094 4.178503
v -3.425000 14.899906 4.178503
v -3.425000 13.220094 4.178507
v -3.424916 14.900000 4.178503
v -1.575084 14.900000 4.178506
v -3.425000 14.900000 4.191094
v -3.424916 13.220000 4.178506
v -1.575084 13.220000 4.178503
v -3.425000 13.220000 4.165916
v -1.575011 14.939711 4.236414
v -1.597500 13.190000 4.236414
v -1.552500 14.940000 4.236414
v -1.574989 13.190289 4.236414
v -1.574989 14.939711 4.181023
v -1.552500 13.190000 4.181023
v -1.597500 14.940000 4.181023
v -1.575011 13.190289 4.181023
v -1.552500 14.939568 4.208739
v -1.552500 14.940000 4.181023
v -1.552500 13.190432 4.208698
v -1.597500 14.939568 4.208698
v -1.597500 13.190000 4.181023
v -1.597500 14.940000 4.236414
v -1.597500 13.190432 4.208739
v -1.582521 14.940001 4.187194
v -1.567479 14.940001 4.230243
v -1.582521 13.190001 4.230243
v -1.552500 13.190000 4.236414
v -1.567479 13.190001 4.187194
v -2.500011 14.939711 4.236414
v -2.522500 13.190000 4.236414
v -2.477500 14.940000 4.236414
v -2.499989 13.190289 4.236414
v -2.499989 14.939711 4.181023
v -2.477500 13.190000 4.181023
v -2.522500 14.940000 4.181023
v -2.500011 13.190289 4.181023
v -2.477500 14.939568 4.208739
v -2.477500 14.940000 4.181023
v -2.477500 13.190432 4.208698
v -2.522500 14.939568 4.208698
v -2.522500 13.190000 4.181023
v -2.522500 13.190432 4.208739
v -2.507521 14.940001 4.187194
v -2.522500 14.940000 4.236414
v -2.492479 14.940001 4.230243
v -2.507521 13.190001 4.230243
v -2.477500 13.190000 4.236414
v -2.492479 13.190001 4.187194
v -3.425011 14.939711 4.236414
v -3.447500 13.190000 4.236414
v -3.402500 14.940000 4.236414
v -3.424989 13.190289 4.236414
v -3.424989 14.939711 4.181023
v -3.402500 13.190000 4.181023
v -3.447500 14.940000 4.181023
v -3.425011 13.190289 4.181023
v -3.402500 14.939568 4.208739
v -3.402500 13.190000 4.236414
v -3.402500 14.940000 4.181023
v -3.402500 13.190432 4.208698
v -3.447500 14.939568 4.208698
v -3.447500 13.190000 4.181023
v -3.447500 13.190432 4.208739
v -3.432521 14.940001 4.187194
v -3.447500 14.940000 4.236414
v -3.417479 14.940001 4.230243
v -3.432521 13.190001 4.230243
v -3.417479 13.190001 4.187194
v -1.460000 13.190000 4.349714
v -3.539232 13.150043 4.349714
v -1.460768 13.149956 4.349714
v -3.540000 13.110000 4.349714
v -1.460768 13.150043 4.108007
v -3.539232 13.149956 4.108007
v -1.460000 13.153076 4.343516
v -1.460000 13.146923 4.114205
v -3.540000 13.153076 4.114205
v -3.540000 13.146923 4.343516
v -1.460000 13.190000 4.108007
v -3.540000 13.190000 4.108007
v -3.540000 13.190000 4.349714
v -1.460000 13.110000 4.349714
v -3.540000 13.110000 4.108007
v -1.460000 13.110000 4.108007
v 4.650000 14.970000 -3.485644
v 4.650000 13.150000 -1.481484
v 4.500000 14.970000 -1.481484
v 4.500000 13.150000 -3.485644
v 4.500000 13.150000 -1.481484
v 4.575380 14.966926 -3.485644
v 4.650000 13.150000 -3.485644
v 4.500000 14.970000 -3.485644
v 4.574620 13.153074 -3.485644
v 4.574620 14.966926 -1.481484
v 4.650000 14.970000 -1.481484
v 4.575380 13.153074 -1.481484
v 4.574682 14.970000 -1.484319
v 4.575318 14.970000 -3.482810
v 4.575318 13.150000 -1.484319
v 4.574682 13.150000 -3.482809
v 4.677500 14.900000 -3.415146
v 4.677500 14.900000 -1.551983
v 4.677500 13.220000 -1.551982
v 4.677500 13.220000 -3.415146
v 4.652500 14.900000 -1.551983
v 4.652500 13.220000 -3.415146
v 4.665002 14.899906 -3.415146
v 4.664998 13.220094 -3.415146
v 4.664998 14.899906 -1.551983
v 4.652500 13.220000 -1.551982
v 4.665002 13.220094 -1.551983
v 4.652500 14.900000 -3.415146
v 4.664998 14.900000 -1.552068
v 4.665002 14.900000 -3.415061
v 4.665002 13.220000 -1.552067
v 4.664998 13.220000 -3.415061
v 4.722500 14.939711 -3.415135
v 4.722500 13.190000 -3.392486
v 4.722500 14.940000 -3.437806
v 4.722500 13.190289 -3.415157
v 4.667500 14.939711 -3.415158
v 4.667500 13.190000 -3.437806
v 4.667500 14.940000 -3.392486
v 4.667500 13.190289 -3.415135
v 4.695020 14.939568 -3.437806
v 4.694980 13.190432 -3.437806
v 4.694980 14.939568 -3.392486
v 4.667500 13.190000 -3.392486
v 4.695020 13.190432 -3.392486
v 4.673628 14.940001 -3.407572
v 4.722500 14.940000 -3.392486
v 4.667500 14.940000 -3.437806
v 4.716372 14.940001 -3.422720
v 4.716372 13.190001 -3.407572
v 4.722500 13.190000 -3.437806
v 4.673628 13.190001 -3.422720
v 4.722500 14.939711 -2.483553
v 4.722500 13.190000 -2.460904
v 4.722500 14.940000 -2.506225
v 4.722500 13.190289 -2.483575
v 4.667500 14.939711 -2.483575
v 4.667500 13.190000 -2.506224
v 4.667500 14.940000 -2.460904
v 4.667500 13.190289 -2.483553
v 4.695020 14.939568 -2.506225
v 4.722500 13.190000 -2.506224
v 4.694980 13.190432 -2.506224
v 4.694980 14.939568 -2.460904
v 4.667500 13.190000 -2.460904
v 4.722500 14.940000 -2.460904
v 4.695020 13.190432 -2.460904
v 4.673628 14.940001 -2.475990
v 4.667500 14.940000 -2.506225
v 4.716372 14.940001 -2.491139
v 4.716372 13.190001 -2.475990
v 4.673628 13.190001 -2.491138
v 4.722500 14.939711 -1.551971
v 4.722500 13.190000 -1.529322
v 4.722500 14.940000 -1.574643
v 4.722500 13.190289 -1.551993
v 4.667500 14.939711 -1.551994
v 4.667500 13.190000 -1.574642
v 4.667500 14.940000 -1.529322
v 4.667500 13.190289 -1.551971
v 4.695020 14.939568 -1.574643
v 4.694980 13.190432 -1.574643
v 4.694980 14.939568 -1.529322
v 4.667500 13.190000 -1.529322
v 4.722500 14.940000 -1.529322
v 4.695020 13.190432 -1.529322
v 4.673628 14.940001 -1.544408
v 4.667500 14.940000 -1.574643
v 4.716372 14.940001 -1.559557
v 4.716372 13.190001 -1.544408
v 4.722500 13.190000 -1.574642
v 4.673628 13.190001 -1.559557
v 4.835000 13.190000 -3.530964
v 4.835000 13.150043 -1.436938
v 4.835000 13.149956 -3.530190
v 4.595000 13.150043 -3.530190
v 4.595000 13.149956 -1.436938
v 4.595000 13.190000 -3.530964
v 4.828846 13.153076 -3.530964
v 4.601154 13.146923 -3.530964
v 4.835000 13.190000 -1.436164
v 4.601154 13.153076 -1.436164
v 4.828846 13.146923 -1.436164
v 4.595000 13.190000 -1.436164
v 4.835000 13.110000 -3.530964
v 4.835000 13.110000 -1.436164
v 4.595000 13.110000 -1.436164
v 4.595000 13.110000 -3.530964
v 4.650000 14.970000 1.036304
v 4.650000 14.970000 -0.967856
v 4.650000 13.150000 1.036304
v 4.500000 14.970000 1.036304
v 4.500000 13.150000 -0.967855
v 4.575380 14.966926 -0.967856
v 4.574620 13.153074 -0.967855
v 4.574620 14.966926 1.036304
v 4.575380 13.153074 1.036304
v 4.500000 14.970000 -0.967856
v 4.574682 14.970000 1.033470
v 4.575318 14.970000 -0.965021
v 4.650000 13.150000 -0.967855
v 4.575318 13.150000 1.033470
v 4.574682 13.150000 -0.965021
v 4.500000 13.150000 1.036304
v 4.677500 14.900000 -0.897357
v 4.677500 13.220000 0.965806
v 4.652500 14.900000 0.965806
v 4.652500 13.220000 -0.897357
v 4.665002 14.899906 -0.897358
v 4.677500 13.220000 -0.897357
v 4.652500 14.900000 -0.897357
v 4.664998 13.220094 -0.897357
v 4.664998 14.899906 0.965806
v 4.652500 13.220000 0.965806
v 4.665002 13.220094 0.965806
v 4.664998 14.900000 0.965721
v 4.665002 14.900000 -0.897272
v 4.677500 14.900000 0.965806
v 4.665002 13.220000 0.965721
v 4.664998 13.220000 -0.897272
v 4.722500 14.939711 -0.897346
v 4.722500 13.190000 -0.874697
v 4.722500 14.940000 -0.920018
v 4.722500 13.190289 -0.897368
v 4.667500 14.939711 -0.897369
v 4.667500 13.190000 -0.920017
v 4.667500 14.940000 -0.874697
v 4.667500 13.190289 -0.897346
v 4.695020 14.939568 -0.920018
v 4.694980 13.190432 -0.920017
v 4.694980 14.939568 -0.874697
v 4.695020 13.190432 -0.874697
v 4.673628 14.940001 -0.889783
v 4.722500 14.940000 -0.874697
v 4.667500 14.940000 -0.920018
v 4.716372 14.940001 -0.904932
v 4.716372 13.190001 -0.889783
v 4.667500 13.190000 -0.874697
v 4.722500 13.190000 -0.920017
v 4.673628 13.190001 -0.904932
v 4.722500 14.939711 0.034236
v 4.722500 13.190000 0.056885
v 4.722500 14.940000 0.011564
v 4.722500 13.190289 0.034213
v 4.667500 14.939711 0.034213
v 4.667500 13.190000 0.011564
v 4.667500 14.940000 0.056885
v 4.667500 13.190289 0.034236
v 4.695020 14.939568 0.011564
v 4.722500 13.190000 0.011564
v 4.667500 14.940000 0.011564
v 4.694980 13.190432 0.011564
v 4.694980 14.939568 0.056885
v 4.667500 13.190000 0.056885
v 4.722500 14.940000 0.056885
v 4.695020 13.190432 0.056885
v 4.673628 14.940001 0.041799
v 4.716372 14.940001 0.026650
v 4.716372 13.190001 0.041799
v 4.673628 13.190001 0.026650
v 4.722500 14.939711 0.965817
v 4.722500 13.190000 0.988466
v 4.722500 14.940000 0.943146
v 4.722500 13.190289 0.965795
v 4.667500 14.939711 0.965795
v 4.667500 13.190000 0.943146
v 4.667500 14.940000 0.988466
v 4.667500 13.190289 0.965818
v 4.695020 14.939568 0.943146
v 4.722500 13.190000 0.943146
v 4.667500 14.940000 0.943146
v 4.694980 13.190432 0.943146
v 4.694980 14.939568 0.988466
v 4.667500 13.190000 0.988466
v 4.722500 14.940000 0.988466
v 4.695020 13.190432 0.988467
v 4.673628 14.940001 0.973381
v 4.716372 14.940001 0.958232
v 4.716372 13.190001 0.973380
v 4.673628 13.190001 0.958232
v 4.835000 13.150043 1.080851
v 4.835000 13.149956 -1.012402
v 4.835000 13.110000 1.081625
v 4.595000 13.190000 1.081625
v 4.595000 13.150043 -1.012402
v 4.595000 13.149956 1.080851
v 4.595000 13.110000 -1.013175
v 4.828846 13.153076 -1.013175
v 4.601154 13.146923 -1.013175
v 4.601154 13.153076 1.081625
v 4.828846 13.146923 1.081625
v 4.595000 13.190000 -1.013175
v 4.835000 13.190000 1.081625
v 4.835000 13.190000 -1.013175
v 4.595000 13.110000 1.081625
v 4.835000 13.110000 -1.013175
v 4.650000 14.970000 1.549933
v 4.650000 13.150000 3.554093
v 4.650000 13.150000 1.549933
v 4.500000 14.970000 3.554093
v 4.500000 14.970000 1.549933
v 4.500000 13.150000 1.549933
v 4.500000 13.150000 3.554093
v 4.575380 14.966926 1.549933
v 4.574620 13.153074 1.549933
v 4.574620 14.966926 3.554093
v 4.575380 13.153074 3.554093
v 4.574682 14.970000 3.551258
v 4.575318 14.970000 1.552768
v 4.650000 14.970000 3.554093
v 4.575318 13.150000 3.551259
v 4.574682 13.150000 1.552768
v 4.677500 14.900000 3.483595
v 4.677500 14.900000 1.620431
v 4.677500 13.220000 3.483595
v 4.652500 13.220000 1.620432
v 4.652500 14.900000 3.483595
v 4.665002 14.899906 1.620432
v 4.677500 13.220000 1.620432
v 4.664998 13.220094 1.620432
v 4.664998 14.899906 3.483595
v 4.652500 13.220000 3.483595
v 4.665002 13.220094 3.483595
v 4.652500 14.900000 1.620431
v 4.664998 14.900000 3.483510
v 4.665002 14.900000 1.620516
v 4.665002 13.220000 3.483510
v 4.664998 13.220000 1.620517
v 4.722500 14.939711 1.620443
v 4.722500 13.190000 1.643092
v 4.722500 14.940000 1.597771
v 4.722500 13.190289 1.620420
v 4.667500 14.939711 1.620420
v 4.667500 13.190000 1.597771
v 4.667500 14.940000 1.643091
v 4.667500 13.190289 1.620443
v 4.695020 14.939568 1.597771
v 4.667500 14.940000 1.597771
v 4.694980 13.190432 1.597772
v 4.694980 14.939568 1.643091
v 4.667500 13.190000 1.643092
v 4.695020 13.190432 1.643091
v 4.673628 14.940001 1.628006
v 4.722500 14.940000 1.643091
v 4.716372 14.940001 1.612857
v 4.716372 13.190001 1.628006
v 4.722500 13.190000 1.597771
v 4.673628 13.190001 1.612857
v 4.722500 14.939711 2.552024
v 4.722500 13.190000 2.574673
v 4.722500 14.940000 2.529353
v 4.722500 13.190289 2.552002
v 4.667500 14.939711 2.552002
v 4.667500 13.190000 2.529353
v 4.667500 14.940000 2.574673
v 4.667500 13.190289 2.552025
v 4.695020 14.939568 2.529353
v 4.722500 13.190000 2.529353
v 4.694980 13.190432 2.529353
v 4.694980 14.939568 2.574673
v 4.667500 13.190000 2.574673
v 4.695020 13.190432 2.574673
v 4.673628 14.940001 2.559587
v 4.722500 14.940000 2.574673
v 4.667500 14.940000 2.529353
v 4.716372 14.940001 2.544439
v 4.716372 13.190001 2.559587
v 4.673628 13.190001 2.544439
v 4.722500 14.939711 3.483606
v 4.722500 13.190000 3.506255
v 4.722500 14.940000 3.460935
v 4.722500 13.190289 3.483584
v 4.667500 14.939711 3.483584
v 4.667500 13.190000 3.460935
v 4.667500 14.940000 3.506255
v 4.667500 13.190289 3.483606
v 4.695020 14.939568 3.460935
v 4.722500 13.190000 3.460935
v 4.694980 13.190432 3.460935
v 4.694980 14.939568 3.506255
v 4.695020 13.190432 3.506255
v 4.673628 14.940001 3.491169
v 4.722500 14.940000 3.506255
v 4.667500 14.940000 3.460935
v 4.716372 14.940001 3.476021
v 4.716372 13.190001 3.491169
v 4.667500 13.190000 3.506255
v 4.673628 13.190001 3.476021
v 4.835000 13.190000 1.504613
v 4.835000 13.150043 3.598639
v 4.835000 13.149956 1.505387
v 4.835000 13.110000 3.599413
v 4.595000 13.150043 1.505387
v 4.595000 13.149956 3.598639
v 4.595000 13.110000 1.504613
v 4.595000 13.190000 1.504613
v 4.828846 13.153076 1.504613
v 4.601154 13.146923 1.504613
v 4.835000 13.190000 3.599413
v 4.601154 13.153076 3.599413
v 4.828846 13.146923 3.599413
v 4.595000 13.190000 3.599413
v 4.835000 13.110000 1.504613
v 4.595000 13.110000 3.599413
v -4.470000 15.050000 -4.306443
v -3.790000 12.800000 -4.306443
v -3.790000 15.050000 -4.145305
v -4.470000 12.800000 -4.145305
v -3.790000 12.800000 -4.145305
v -4.470000 12.800000 -4.306443
v -4.470000 15.050000 -4.145305
v -3.790000 15.050000 -4.306443
v -4.440000 15.020000 -4.311479
v -3.820000 15.020000 -4.311479
v -3.820000 12.830000 -4.311479
v -4.440000 12.830000 -4.311479
v 4.609729 15.600004 -4.054664
v -4.609729 15.599996 -4.054664
v 4.610000 15.550000 -4.054664
v 4.610000 15.650000 4.123114
v -4.609729 15.600004 4.123114
v 4.609729 15.599996 4.123114
v -4.610000 15.600006 -4.054354
v -4.610000 15.599995 4.122803
v 4.610000 15.600006 4.122803
v 4.610000 15.599995 -4.054354
v -4.610000 15.650000 4.123114
v 4.610000 15.650000 -4.054664
v -4.610000 15.650000 -4.054664
v 4.610000 15.550000 4.123114
v -4.610000 15.550000 -4.054664
v -4.610000 15.550000 4.123114
v -3.495000 18.020000 -4.094949
v -1.505000 16.200001 -4.094949
v -1.505000 18.020000 -3.943882
v -3.495000 16.200001 -3.943882
v -3.495000 18.016926 -4.019799
v -3.495000 16.200001 -4.094949
v -3.495000 18.020000 -3.943882
v -3.495000 16.203075 -4.019032
v -1.505000 18.016926 -4.019033
v -1.505000 18.020000 -4.094949
v -1.505000 16.203075 -4.019799
v -1.507815 18.020000 -4.019095
v -3.492185 18.020000 -4.019736
v -1.507815 16.200001 -4.019736
v -3.492185 16.200001 -4.019095
v -1.505000 16.200001 -3.943882
v -3.425000 17.950001 -4.122645
v -1.575000 17.950001 -4.122645
v -1.575000 16.270000 -4.122645
v -1.575000 17.950001 -4.097467
v -3.425000 16.270000 -4.097467
v -3.425000 17.949907 -4.110058
v -3.425000 16.270094 -4.110054
v -1.575000 17.949907 -4.110054
v -1.575000 16.270094 -4.110058
v -3.425000 17.950001 -4.097467
v -1.575084 17.950001 -4.110054
v -3.424916 17.950001 -4.110058
v -3.425000 16.270000 -4.122645
v -1.575084 16.270000 -4.110058
v -3.424916 16.270000 -4.110054
v -1.575000 16.270000 -4.097467
v -3.424989 17.989710 -4.167965
v -3.402500 16.240000 -4.167965
v -3.447500 17.990000 -4.167965
v -3.425011 16.240290 -4.167965
v -3.425011 17.989710 -4.112574
v -3.447500 16.240000 -4.112574
v -3.402500 17.990000 -4.112574
v -3.424989 16.240290 -4.112574
v -3.447500 17.989569 -4.140290
v -3.447500 16.240000 -4.167965
v -3.447500 17.990000 -4.112574
v -3.447500 16.240431 -4.140249
v -3.402500 17.989569 -4.140249
v -3.402500 16.240000 -4.112574
v -3.402500 17.990000 -4.167965
v -3.402500 16.240431 -4.140290
v -3.417479 17.990002 -4.118745
v -3.432521 17.990002 -4.161794
v -3.417479 16.240002 -4.161794
v -3.432521 16.240002 -4.118745
v -2.499989 17.989710 -4.167965
v -2.477500 16.240000 -4.167965
v -2.522500 17.990000 -4.167965
v -2.500011 16.240290 -4.167965
v -2.500011 17.989710 -4.112574
v -2.522500 16.240000 -4.112574
v -2.477500 17.990000 -4.112574
v -2.499989 16.240290 -4.112574
v -2.522500 17.989569 -4.140290
v -2.522500 16.240000 -4.167965
v -2.522500 16.240431 -4.140249
v -2.477500 17.989569 -4.140249
v -2.477500 17.990000 -4.167965
v -2.477500 16.240431 -4.140290
v -2.492479 17.990002 -4.118745
v -2.522500 17.990000 -4.112574
v -2.507521 17.990002 -4.161794
v -2.492479 16.240002 -4.161794
v -2.477500 16.240000 -4.112574
v -2.507521 16.240002 -4.118745
v -1.574989 17.989710 -4.167965
v -1.552500 16.240000 -4.167965
v -1.597500 17.990000 -4.167965
v -1.575011 16.240290 -4.167965
v -1.575011 17.989710 -4.112574
v -1.597500 16.240000 -4.112574
v -1.552500 17.990000 -4.112574
v -1.574989 16.240290 -4.112574
v -1.597500 17.989569 -4.140290
v -1.597500 17.990000 -4.112574
v -1.597500 16.240431 -4.140249
v -1.552500 17.989569 -4.140249
v -1.552500 16.240000 -4.112574
v -1.552500 16.240431 -4.140290
v -1.567479 17.990002 -4.118745
v -1.552500 17.990000 -4.167965
v -1.582521 17.990002 -4.161794
v -1.567479 16.240002 -4.161794
v -1.597500 16.240000 -4.167965
v -1.582521 16.240002 -4.118745
v -3.540000 16.240000 -4.281266
v -1.460768 16.200045 -4.281266
v -3.539232 16.199957 -4.281266
v -1.460000 16.240000 -4.039558
v -3.539232 16.200045 -4.039558
v -1.460768 16.199957 -4.039558
v -3.540000 16.160000 -4.039558
v -3.540000 16.203077 -4.275068
v -3.540000 16.196924 -4.045756
v -1.460000 16.203077 -4.045755
v -1.460000 16.196924 -4.275068
v -3.540000 16.240000 -4.039558
v -1.460000 16.240000 -4.281266
v -3.540000 16.160000 -4.281266
v -1.460000 16.160000 -4.281266
v -1.460000 16.160000 -4.039558
v -0.995000 18.020000 -4.094949
v 0.995000 16.200001 -4.094949
v -0.995000 16.200001 -4.094949
v 0.995000 18.020000 -3.943882
v -0.995000 18.020000 -3.943882
v -0.995000 16.200001 -3.943882
v 0.995000 16.200001 -3.943882
v -0.995000 18.016926 -4.019799
v -0.995000 16.203075 -4.019032
v 0.995000 18.016926 -4.019033
v 0.995000 18.020000 -4.094949
v 0.995000 16.203075 -4.019799
v 0.992185 18.020000 -4.019095
v -0.992185 18.020000 -4.019736
v 0.992185 16.200001 -4.019736
v -0.992185 16.200001 -4.019095
v -0.925000 17.950001 -4.122645
v 0.925000 17.950001 -4.122645
v 0.925000 16.270000 -4.122645
v -0.925000 16.270000 -4.097467
v 0.925000 17.950001 -4.097467
v 0.925000 16.270000 -4.097467
v -0.925000 17.949907 -4.110058
v -0.925000 16.270000 -4.122645
v -0.925000 16.270094 -4.110054
v 0.925000 17.949907 -4.110054
v 0.925000 16.270094 -4.110058
v -0.925000 17.950001 -4.097467
v 0.924916 17.950001 -4.110054
v -0.924916 17.950001 -4.110058
v 0.924916 16.270000 -4.110058
v -0.924916 16.270000 -4.110054
v -0.924989 17.989710 -4.167965
v -0.902500 16.240000 -4.167965
v -0.947500 17.990000 -4.167965
v -0.925011 16.240290 -4.167965
v -0.925011 17.989710 -4.112574
v -0.947500 16.240000 -4.112574
v -0.902500 17.990000 -4.112574
v -0.924989 16.240290 -4.112574
v -0.947500 17.989569 -4.140290
v -0.947500 16.240000 -4.167965
v -0.947500 16.240431 -4.140249
v -0.902500 17.989569 -4.140249
v -0.902500 16.240000 -4.112574
v -0.902500 16.240431 -4.140290
v -0.917479 17.990002 -4.118745
v -0.902500 17.990000 -4.167965
v -0.947500 17.990000 -4.112574
v -0.932521 17.990002 -4.161794
v -0.917479 16.240002 -4.161794
v -0.932521 16.240002 -4.118745
v 0.000011 17.989710 -4.167965
v 0.022500 16.240000 -4.167965
v -0.022500 17.990000 -4.167965
v -0.000011 16.240290 -4.167965
v -0.000011 17.989710 -4.112574
v -0.022500 16.240000 -4.112574
v 0.022500 17.990000 -4.112574
v 0.000011 16.240290 -4.112574
v -0.022500 17.989569 -4.140290
v -0.022500 17.990000 -4.112574
v -0.022500 16.240431 -4.140249
v 0.022500 17.989569 -4.140249
v 0.022500 16.240000 -4.112574
v 0.022500 16.240431 -4.140290
v 0.007521 17.990002 -4.118745
v 0.022500 17.990000 -4.167965
v -0.007521 17.990002 -4.161794
v 0.007521 16.240002 -4.161794
v -0.022500 16.240000 -4.167965
v -0.007521 16.240002 -4.118745
v 0.925011 17.989710 -4.167965
v 0.947500 16.240000 -4.167965
v 0.902500 17.990000 -4.167965
v 0.924989 16.240290 -4.167965
v 0.924989 17.989710 -4.112574
v 0.902500 16.240000 -4.112574
v 0.947500 17.990000 -4.112574
v 0.925011 16.240290 -4.112574
v 0.902500 17.989569 -4.140290
v 0.902500 16.240431 -4.140249
v 0.947500 17.989569 -4.140249
v 0.947500 16.240431 -4.140290
v 0.932521 17.990002 -4.118745
v 0.947500 17.990000 -4.167965
v 0.902500 17.990000 -4.112574
v 0.917479 17.990002 -4.161794
v 0.932521 16.240002 -4.161794
v 0.947500 16.240000 -4.112574
v 0.902500 16.240000 -4.167965
v 0.917479 16.240002 -4.118745
v 1.039232 16.200045 -4.281266
v -1.039232 16.199957 -4.281266
v 1.040000 16.160000 -4.281266
v 1.040000 16.240000 -4.039558
v -1.039232 16.200045 -4.039558
v 1.039232 16.199957 -4.039558
v -1.040000 16.203077 -4.275068
v -1.040000 16.196924 -4.045756
v -1.040000 16.160000 -4.281266
v 1.040000 16.203077 -4.045755
v 1.040000 16.196924 -4.275068
v 1.040000 16.160000 -4.039558
v 1.040000 16.240000 -4.281266
v -1.040000 16.240000 -4.039558
v -1.040000 16.240000 -4.281266
v -1.040000 16.160000 -4.039558
v 3.495000 16.200001 -4.094949
v 1.505000 18.020000 -4.094949
v 1.505000 18.020000 -3.943882
v 3.495000 18.020000 -3.943882
v 1.505000 16.200001 -3.943882
v 1.505000 18.016926 -4.019799
v 1.505000 16.203075 -4.019032
v 3.495000 18.016926 -4.019033
v 3.495000 16.203075 -4.019799
v 3.492185 18.020000 -4.019095
v 1.507815 18.020000 -4.019736
v 3.495000 18.020000 -4.094949
v 1.505000 16.200001 -4.094949
v 3.492185 16.200001 -4.019736
v 1.507815 16.200001 -4.019095
v 3.495000 16.200001 -3.943882
v 3.425000 17.950001 -4.122645
v 3.425000 16.270000 -4.122645
v 1.575000 17.950001 -4.122645
v 1.575000 16.270000 -4.122645
v 3.425000 17.950001 -4.097467
v 1.575000 17.950001 -4.097467
v 1.575000 16.270000 -4.097467
v 1.575000 17.949907 -4.110058
v 1.575000 16.270094 -4.110054
v 3.425000 17.949907 -4.110054
v 3.425000 16.270094 -4.110058
v 3.424916 17.950001 -4.110054
v 1.575084 17.950001 -4.110058
v 3.424916 16.270000 -4.110058
v 1.575084 16.270000 -4.110054
v 3.425000 16.270000 -4.097467
v 1.575011 17.989710 -4.167965
v 1.597500 16.240000 -4.167965
v 1.552500 17.990000 -4.167965
v 1.574989 16.240290 -4.167965
v 1.574989 17.989710 -4.112574
v 1.552500 16.240000 -4.112574
v 1.597500 17.990000 -4.112574
v 1.575011 16.240290 -4.112574
v 1.552500 17.989569 -4.140290
v 1.552500 16.240000 -4.167965
v 1.552500 16.240431 -4.140249
v 1.597500 17.989569 -4.140249
v 1.597500 16.240431 -4.140290
v 1.582521 17.990002 -4.118745
v 1.597500 17.990000 -4.167965
v 1.552500 17.990000 -4.112574
v 1.567479 17.990002 -4.161794
v 1.582521 16.240002 -4.161794
v 1.597500 16.240000 -4.112574
v 1.567479 16.240002 -4.118745
v 2.500011 17.989710 -4.167965
v 2.522500 16.240000 -4.167965
v 2.477500 17.990000 -4.167965
v 2.499989 16.240290 -4.167965
v 2.499989 17.989710 -4.112574
v 2.477500 16.240000 -4.112574
v 2.522500 17.990000 -4.112574
v 2.500011 16.240290 -4.112574
v 2.477500 17.989569 -4.140290
v 2.477500 16.240000 -4.167965
v 2.477500 16.240431 -4.140249
v 2.522500 17.989569 -4.140249
v 2.522500 16.240000 -4.112574
v 2.522500 17.990000 -4.167965
v 2.522500 16.240431 -4.140290
v 2.507521 17.990002 -4.118745
v 2.477500 17.990000 -4.112574
v 2.492479 17.990002 -4.161794
v 2.507521 16.240002 -4.161794
v 2.492479 16.240002 -4.118745
v 3.425011 17.989710 -4.167965
v 3.447500 16.240000 -4.167965
v 3.402500 17.990000 -4.167965
v 3.424989 16.240290 -4.167965
v 3.424989 17.989710 -4.112574
v 3.402500 16.240000 -4.112574
v 3.447500 17.990000 -4.112574
v 3.425011 16.240290 -4.112574
v 3.402500 17.989569 -4.140290
v 3.402500 16.240000 -4.167965
v 3.402500 17.990000 -4.112574
v 3.402500 16.240431 -4.140249
v 3.447500 17.989569 -4.140249
v 3.447500 16.240431 -4.140290
v 3.432521 17.990002 -4.118745
v 3.447500 17.990000 -4.167965
v 3.417479 17.990002 -4.161794
v 3.432521 16.240002 -4.161794
v 3.447500 16.240000 -4.112574
v 3.417479 16.240002 -4.118745
v 1.460000 16.240000 -4.281266
v 3.539232 16.200045 -4.281266
v 1.460768 16.199957 -4.281266
v 3.540000 16.160000 -4.281266
v 3.540000 16.240000 -4.039558
v 1.460768 16.200045 -4.039558
v 3.539232 16.199957 -4.039558
v 1.460000 16.203077 -4.275068
v 1.460000 16.196924 -4.045756
v 3.540000 16.203077 -4.045755
v 3.540000 16.196924 -4.275068
v 1.460000 16.240000 -4.039558
v 3.540000 16.240000 -4.281266
v 3.540000 16.160000 -4.039558
v 1.460000 16.160000 -4.281266
v 1.460000 16.160000 -4.039558
v -4.650000 18.020000 3.554093
v -4.650000 16.200001 1.549933
v -4.650000 16.200001 3.554093
v -4.500000 16.200001 3.554093
v -4.500000 18.020000 1.549933
v -4.500000 16.200001 1.549933
v -4.575380 18.016926 3.554093
v -4.574620 16.203075 3.554093
v -4.574620 18.016926 1.549933
v -4.650000 18.020000 1.549933
v -4.575380 16.203075 1.549933
v -4.500000 18.020000 3.554093
v -4.574682 18.020000 1.552768
v -4.575318 18.020000 3.551258
v -4.575318 16.200001 1.552768
v -4.574682 16.200001 3.551258
v -4.677500 17.950001 1.620431
v -4.677500 16.270000 1.620431
v -4.677500 17.950001 3.483595
v -4.652500 17.950001 1.620431
v -4.652500 16.270000 3.483595
v -4.665002 17.949907 3.483595
v -4.664998 16.270094 3.483595
v -4.664998 17.949907 1.620431
v -4.652500 16.270000 1.620431
v -4.665002 16.270094 1.620431
v -4.652500 17.950001 3.483595
v -4.664998 17.950001 1.620516
v -4.665002 17.950001 3.483510
v -4.677500 16.270000 3.483595
v -4.665002 16.270000 1.620516
v -4.664998 16.270000 3.483510
v -4.722500 17.989710 3.483584
v -4.722500 16.240000 3.460935
v -4.722500 17.990000 3.506255
v -4.722500 16.240290 3.483606
v -4.667500 17.989710 3.483606
v -4.667500 16.240000 3.506255
v -4.667500 17.990000 3.460934
v -4.667500 16.240290 3.483584
v -4.695020 17.989569 3.506255
v -4.722500 16.240000 3.506255
v -4.667500 17.990000 3.506255
v -4.694980 16.240431 3.506255
v -4.694980 17.989569 3.460935
v -4.695020 16.240431 3.460935
v -4.673628 17.990002 3.476020
v -4.722500 17.990000 3.460934
v -4.716372 17.990002 3.491169
v -4.716372 16.240002 3.476021
v -4.667500 16.240000 3.460935
v -4.673628 16.240002 3.491169
v -4.722500 17.989710 2.552001
v -4.722500 16.240000 2.529353
v -4.722500 17.990000 2.574673
v -4.722500 16.240290 2.552024
v -4.667500 17.989710 2.552024
v -4.667500 16.240000 2.574673
v -4.667500 17.990000 2.529353
v -4.667500 16.240290 2.552002
v -4.695020 17.989569 2.574673
v -4.722500 16.240000 2.574673
v -4.694980 16.240431 2.574673
v -4.694980 17.989569 2.529353
v -4.667500 16.240000 2.529353
v -4.695020 16.240431 2.529353
v -4.673628 17.990002 2.544439
v -4.722500 17.990000 2.529353
v -4.667500 17.990000 2.574673
v -4.716372 17.990002 2.559587
v -4.716372 16.240002 2.544439
v -4.673628 16.240002 2.559587
v -4.722500 17.989710 1.620420
v -4.722500 16.240000 1.597771
v -4.722500 17.990000 1.643091
v -4.722500 16.240290 1.620443
v -4.667500 17.989710 1.620442
v -4.667500 16.240000 1.643091
v -4.667500 17.990000 1.597771
v -4.667500 16.240290 1.620420
v -4.695020 17.989569 1.643091
v -4.722500 16.240000 1.643091
v -4.667500 17.990000 1.643091
v -4.694980 16.240431 1.643091
v -4.694980 17.989569 1.597771
v -4.667500 16.240000 1.597771
v -4.722500 17.990000 1.597771
v -4.695020 16.240431 1.597771
v -4.673628 17.990002 1.612857
v -4.716372 17.990002 1.628005
v -4.716372 16.240002 1.612857
v -4.673628 16.240002 1.628006
v -4.835000 16.200045 1.505387
v -4.835000 16.199957 3.598639
v -4.595000 16.240000 1.504613
v -4.595000 16.200045 3.598639
v -4.595000 16.199957 1.505387
v -4.828846 16.203077 3.599413
v -4.601154 16.196924 3.599413
v -4.835000 16.160000 3.599413
v -4.835000 16.240000 1.504613
v -4.601153 16.203077 1.504613
v -4.828846 16.196924 1.504613
v -4.595000 16.240000 3.599413
v -4.835000 16.240000 3.599413
v -4.835000 16.160000 1.504613
v -4.595000 16.160000 1.504613
v -4.595000 16.160000 3.599413
v -4.650000 16.200001 -0.967856
v -4.650000 18.020000 1.036304
v -4.650000 16.200001 1.036304
v -4.500000 18.020000 -0.967856
v -4.500000 16.200001 1.036304
v -4.575380 18.016926 1.036304
v -4.574620 16.203075 1.036304
v -4.574620 18.016926 -0.967856
v -4.575380 16.203075 -0.967856
v -4.500000 18.020000 1.036304
v -4.574682 18.020000 -0.965021
v -4.575318 18.020000 1.033469
v -4.650000 18.020000 -0.967856
v -4.575318 16.200001 -0.965021
v -4.574682 16.200001 1.033470
v -4.500000 16.200001 -0.967856
v -4.677500 17.950001 0.965806
v -4.677500 16.270000 -0.897358
v -4.677500 16.270000 0.965806
v -4.652500 17.950001 -0.897358
v -4.652500 16.270000 0.965806
v -4.665002 17.949907 0.965806
v -4.652500 17.950001 0.965806
v -4.664998 16.270094 0.965806
v -4.664998 17.949907 -0.897358
v -4.652500 16.270000 -0.897358
v -4.665002 16.270094 -0.897358
v -4.664998 17.950001 -0.897273
v -4.665002 17.950001 0.965721
v -4.677500 17.950001 -0.897358
v -4.665002 16.270000 -0.897273
v -4.664998 16.270000 0.965721
v -4.722500 17.989710 0.965795
v -4.722500 16.240000 0.943146
v -4.722500 17.990000 0.988466
v -4.722500 16.240290 0.965817
v -4.667500 17.989710 0.965817
v -4.667500 16.240000 0.988466
v -4.667500 17.990000 0.943146
v -4.667500 16.240290 0.965795
v -4.695020 17.989569 0.988466
v -4.694980 16.240431 0.988466
v -4.694980 17.989569 0.943146
v -4.722500 17.990000 0.943146
v -4.695020 16.240431 0.943146
v -4.673628 17.990002 0.958232
v -4.667500 17.990000 0.988466
v -4.716372 17.990002 0.973380
v -4.716372 16.240002 0.958232
v -4.667500 16.240000 0.943146
v -4.722500 16.240000 0.988466
v -4.673628 16.240002 0.973380
v -4.722500 17.989710 0.034213
v -4.722500 16.240000 0.011564
v -4.722500 17.990000 0.056884
v -4.722500 16.240290 0.034236
v -4.667500 17.989710 0.034235
v -4.667500 16.240000 0.056884
v -4.667500 17.990000 0.011564
v -4.667500 16.240290 0.034213
v -4.695020 17.989569 0.056884
v -4.667500 17.990000 0.056884
v -4.694980 16.240431 0.056884
v -4.694980 17.989569 0.011564
v -4.695020 16.240431 0.011564
v -4.673628 17.990002 0.026650
v -4.722500 17.990000 0.011564
v -4.716372 17.990002 0.041798
v -4.716372 16.240002 0.026650
v -4.667500 16.240000 0.011564
v -4.722500 16.240000 0.056884
v -4.673628 16.240002 0.041799
v -4.722500 17.989710 -0.897369
v -4.722500 16.240000 -0.920018
v -4.722500 17.990000 -0.874698
v -4.722500 16.240290 -0.897346
v -4.667500 17.989710 -0.897346
v -4.667500 16.240000 -0.874697
v -4.667500 17.990000 -0.920018
v -4.667500 16.240290 -0.897369
v -4.695020 17.989569 -0.874698
v -4.694980 16.240431 -0.874697
v -4.694980 17.989569 -0.920018
v -4.667500 16.240000 -0.920018
v -4.722500 17.990000 -0.920018
v -4.695020 16.240431 -0.920018
v -4.673628 17.990002 -0.904932
v -4.667500 17.990000 -0.874698
v -4.716372 17.990002 -0.889784
v -4.716372 16.240002 -0.904932
v -4.722500 16.240000 -0.874697
v -4.673628 16.240002 -0.889783
v -4.835000 16.240000 1.081624
v -4.835000 16.200045 -1.012402
v -4.835000 16.199957 1.080850
v -4.835000 16.160000 -1.013176
v -4.595000 16.240000 -1.013176
v -4.595000 16.200045 1.080850
v -4.595000 16.199957 -1.012402
v -4.595000 16.160000 1.081624
v -4.828846 16.203077 1.081624
v -4.601154 16.196924 1.081624
v -4.835000 16.160000 1.081624
v -4.601153 16.203077 -1.013176
v -4.828846 16.196924 -1.013176
v -4.835000 16.240000 -1.013176
v -4.595000 16.240000 1.081624
v -4.595000 16.160000 -1.013176
v -4.650000 18.020000 -3.485644
v -4.650000 18.020000 -1.481485
v -4.650000 16.200001 -3.485644
v -4.500000 18.020000 -3.485644
v -4.500000 16.200001 -1.481485
v -4.575380 18.016926 -1.481485
v -4.574620 16.203075 -1.481485
v -4.574620 18.016926 -3.485644
v -4.575380 16.203075 -3.485644
v -4.500000 18.020000 -1.481485
v -4.574682 18.020000 -3.482810
v -4.575318 18.020000 -1.484319
v -4.650000 16.200001 -1.481485
v -4.575318 16.200001 -3.482810
v -4.574682 16.200001 -1.484319
v -4.500000 16.200001 -3.485644
v -4.677500 17.950001 -1.551983
v -4.677500 16.270000 -3.415146
v -4.652500 17.950001 -3.415146
v -4.652500 16.270000 -1.551983
v -4.665002 17.949907 -1.551983
v -4.677500 16.270000 -1.551983
v -4.664998 16.270094 -1.551983
v -4.664998 17.949907 -3.415146
v -4.652500 16.270000 -3.415146
v -4.665002 16.270094 -3.415146
v -4.652500 17.950001 -1.551983
v -4.664998 17.950001 -3.415061
v -4.665002 17.950001 -1.552068
v -4.677500 17.950001 -3.415146
v -4.665002 16.270000 -3.415061
v -4.664998 16.270000 -1.552068
v -4.722500 17.989710 -1.551994
v -4.722500 16.240000 -1.574643
v -4.722500 17.990000 -1.529323
v -4.722500 16.240290 -1.551971
v -4.667500 17.989710 -1.551971
v -4.667500 16.240000 -1.529323
v -4.667500 17.990000 -1.574643
v -4.667500 16.240290 -1.551994
v -4.695020 17.989569 -1.529323
v -4.694980 16.240431 -1.529323
v -4.694980 17.989569 -1.574643
v -4.722500 17.990000 -1.574643
v -4.695020 16.240431 -1.574643
v -4.673628 17.990002 -1.559557
v -4.667500 17.990000 -1.529323
v -4.716372 17.990002 -1.544409
v -4.716372 16.240002 -1.559557
v -4.667500 16.240000 -1.574643
v -4.722500 16.240000 -1.529323
v -4.673628 16.240002 -1.544408
v -4.722500 17.989710 -2.483576
v -4.722500 16.240000 -2.506225
v -4.722500 17.990000 -2.460905
v -4.722500 16.240290 -2.483553
v -4.667500 17.989710 -2.483554
v -4.667500 16.240000 -2.460904
v -4.667500 17.990000 -2.506225
v -4.667500 16.240290 -2.483576
v -4.695020 17.989569 -2.460905
v -4.667500 17.990000 -2.460905
v -4.694980 16.240431 -2.460905
v -4.694980 17.989569 -2.506225
v -4.667500 16.240000 -2.506225
v -4.695020 16.240431 -2.506225
v -4.673628 17.990002 -2.491139
v -4.722500 17.990000 -2.506225
v -4.716372 17.990002 -2.475991
v -4.716372 16.240002 -2.491139
v -4.722500 16.240000 -2.460904
v -4.673628 16.240002 -2.475990
v -4.722500 17.989710 -3.415158
v -4.722500 16.240000 -3.437806
v -4.722500 17.990000 -3.392486
v -4.722500 16.240290 -3.415135
v -4.667500 17.989710 -3.415135
v -4.667500 16.240000 -3.392486
v -4.667500 17.990000 -3.437807
v -4.667500 16.240290 -3.415157
v -4.695020 17.989569 -3.392487
v -4.722500 16.240000 -3.392486
v -4.694980 16.240431 -3.392486
v -4.694980 17.989569 -3.437807
v -4.667500 16.240000 -3.437806
v -4.722500 17.990000 -3.437807
v -4.695020 16.240431 -3.437806
v -4.673628 17.990002 -3.422721
v -4.667500 17.990000 -3.392486
v -4.716372 17.990002 -3.407572
v -4.716372 16.240002 -3.422720
v -4.673628 16.240002 -3.407572
v -4.835000 16.240000 -1.436164
v -4.835000 16.200045 -3.530191
v -4.835000 16.199957 -1.436938
v -4.835000 16.160000 -3.530964
v -4.595000 16.200045 -1.436938
v -4.595000 16.199957 -3.530191
v -4.595000 16.160000 -1.436164
v -4.595000 16.240000 -1.436164
v -4.828846 16.203077 -1.436164
v -4.601154 16.196924 -1.436164
v -4.835000 16.160000 -1.436164
v -4.835000 16.240000 -3.530964
v -4.601153 16.203077 -3.530965
v -4.828846 16.196924 -3.530965
v -4.595000 16.240000 -3.530964
v -4.595000 16.160000 -3.530964
v 3.495000 18.020000 4.163397
v 1.505000 18.020000 4.163397
v 1.505000 16.200001 4.163397
v 3.495000 16.200001 4.163397
v 1.505000 18.020000 4.012331
v 3.495000 18.020000 4.012331
v 3.495000 16.200001 4.012331
v 1.505000 16.200001 4.012331
v 3.495000 18.016926 4.088247
v 3.495000 16.203075 4.087481
v 1.505000 18.016926 4.087481
v 1.505000 16.203075 4.088247
v 1.507815 18.020000 4.087543
v 3.492185 18.020000 4.088184
v 1.507815 16.200001 4.088184
v 3.492185 16.200001 4.087544
v 3.425000 17.950001 4.191093
v 1.575000 16.270000 4.191093
v 3.425000 16.270000 4.191093
v 3.425000 16.270000 4.165915
v 1.575000 17.950001 4.165915
v 1.575000 16.270000 4.165915
v 3.425000 17.949907 4.178506
v 3.425000 16.270094 4.178502
v 1.575000 17.949907 4.178502
v 1.575000 17.950001 4.191093
v 1.575000 16.270094 4.178506
v 3.425000 17.950001 4.165915
v 1.575084 17.950001 4.178503
v 3.424916 17.950001 4.178506
v 1.575084 16.270000 4.178506
v 3.424916 16.270000 4.178503
v 3.424989 17.989710 4.236413
v 3.402500 16.240000 4.236413
v 3.447500 17.990000 4.236413
v 3.425011 16.240290 4.236413
v 3.425011 17.989710 4.181022
v 3.447500 16.240000 4.181022
v 3.402500 17.990000 4.181022
v 3.424989 16.240290 4.181022
v 3.447500 17.989569 4.208738
v 3.447500 17.990000 4.181022
v 3.447500 16.240431 4.208697
v 3.402500 17.989569 4.208697
v 3.402500 16.240000 4.181022
v 3.402500 16.240431 4.208738
v 3.417479 17.990002 4.187193
v 3.402500 17.990000 4.236413
v 3.432521 17.990002 4.230242
v 3.417479 16.240002 4.230242
v 3.447500 16.240000 4.236413
v 3.432521 16.240002 4.187193
v 2.499989 17.989710 4.236413
v 2.477500 16.240000 4.236413
v 2.522500 17.990000 4.236413
v 2.500011 16.240290 4.236413
v 2.500011 17.989710 4.181022
v 2.522500 16.240000 4.181022
v 2.477500 17.990000 4.181022
v 2.499989 16.240290 4.181022
v 2.522500 17.989569 4.208738
v 2.522500 17.990000 4.181022
v 2.522500 16.240431 4.208697
v 2.477500 17.989569 4.208697
v 2.477500 16.240431 4.208738
v 2.492479 17.990002 4.187193
v 2.477500 17.990000 4.236413
v 2.507521 17.990002 4.230242
v 2.492479 16.240002 4.230242
v 2.477500 16.240000 4.181022
v 2.522500 16.240000 4.236413
v 2.507521 16.240002 4.187193
v 1.574989 17.989710 4.236413
v 1.552500 16.240000 4.236413
v 1.597500 17.990000 4.236413
v 1.575011 16.240290 4.236413
v 1.575011 17.989710 4.181022
v 1.597500 16.240000 4.181022
v 1.552500 17.990000 4.181022
v 1.574989 16.240290 4.181022
v 1.597500 17.989569 4.208738
v 1.597500 17.990000 4.181022
v 1.597500 16.240431 4.208697
v 1.552500 17.989569 4.208697
v 1.552500 17.990000 4.236413
v 1.552500 16.240431 4.208738
v 1.567479 17.990002 4.187193
v 1.582521 17.990002 4.230242
v 1.567479 16.240002 4.230242
v 1.552500 16.240000 4.181022
v 1.597500 16.240000 4.236413
v 1.582521 16.240002 4.187193
v 1.460768 16.200045 4.349714
v 3.539232 16.199957 4.349714
v 1.460000 16.160000 4.349714
v 3.539232 16.200045 4.108007
v 1.460768 16.199957 4.108007
v 3.540000 16.203077 4.343516
v 3.540000 16.196924 4.114204
v 1.460000 16.203077 4.114204
v 1.460000 16.196924 4.343516
v 1.460000 16.240000 4.108006
v 3.540000 16.240000 4.108006
v 1.460000 16.240000 4.349714
v 3.540000 16.240000 4.349714
v 3.540000 16.160000 4.349714
v 1.460000 16.160000 4.108006
v 3.540000 16.160000 4.108006
v 0.995000 18.020000 4.163397
v -0.995000 16.200001 4.163397
v -0.995000 18.020000 4.012331
v 0.995000 16.200001 4.012331
v -0.995000 16.200001 4.012331
v 0.995000 18.016926 4.088247
v 0.995000 16.200001 4.163397
v 0.995000 18.020000 4.012331
v 0.995000 16.203075 4.087481
v -0.995000 18.016926 4.087481
v -0.995000 16.203075 4.088247
v -0.992185 18.020000 4.087543
v 0.992185 18.020000 4.088184
v -0.995000 18.020000 4.163397
v -0.992185 16.200001 4.088184
v 0.992185 16.200001 4.087544
v 0.925000 17.950001 4.191093
v -0.925000 17.950001 4.191093
v -0.925000 16.270000 4.191093
v -0.925000 17.950001 4.165915
v 0.925000 16.270000 4.165915
v -0.925000 16.270000 4.165915
v 0.925000 17.949907 4.178506
v 0.925000 16.270094 4.178502
v -0.925000 17.949907 4.178502
v -0.925000 16.270094 4.178506
v 0.925000 17.950001 4.165915
v -0.924916 17.950001 4.178503
v 0.924916 17.950001 4.178506
v 0.925000 16.270000 4.191093
v -0.924916 16.270000 4.178506
v 0.924916 16.270000 4.178503
v 0.924989 17.989710 4.236413
v 0.902500 16.240000 4.236413
v 0.947500 17.990000 4.236413
v 0.925011 16.240290 4.236413
v 0.925011 17.989710 4.181022
v 0.947500 16.240000 4.181022
v 0.902500 17.990000 4.181022
v 0.924989 16.240290 4.181022
v 0.947500 17.989569 4.208738
v 0.947500 16.240000 4.236413
v 0.947500 16.240431 4.208697
v 0.902500 17.989569 4.208697
v 0.902500 16.240000 4.181022
v 0.902500 16.240431 4.208738
v 0.917479 17.990002 4.187193
v 0.902500 17.990000 4.236413
v 0.947500 17.990000 4.181022
v 0.932521 17.990002 4.230242
v 0.917479 16.240002 4.230242
v 0.932521 16.240002 4.187193
v -0.000011 17.989710 4.236413
v -0.022500 16.240000 4.236413
v 0.022500 17.990000 4.236413
v 0.000011 16.240290 4.236413
v 0.000011 17.989710 4.181022
v 0.022500 16.240000 4.181022
v -0.022500 17.990000 4.181022
v -0.000011 16.240290 4.181022
v 0.022500 17.989569 4.208738
v 0.022500 17.990000 4.181022
v 0.022500 16.240431 4.208697
v -0.022500 17.989569 4.208697
v -0.022500 16.240000 4.181022
v -0.022500 16.240431 4.208738
v -0.007521 17.990002 4.187193
v -0.022500 17.990000 4.236413
v 0.007521 17.990002 4.230242
v -0.007521 16.240002 4.230242
v 0.022500 16.240000 4.236413
v 0.007521 16.240002 4.187193
v -0.925011 17.989710 4.236413
v -0.947500 16.240000 4.236413
v -0.902500 17.990000 4.236413
v -0.924989 16.240290 4.236413
v -0.924989 17.989710 4.181022
v -0.902500 16.240000 4.181022
v -0.947500 17.990000 4.181022
v -0.925011 16.240290 4.181022
v -0.902500 17.989569 4.208738
v -0.902500 16.240431 4.208697
v -0.947500 17.989569 4.208697
v -0.947500 17.990000 4.236413
v -0.947500 16.240431 4.208738
v -0.932521 17.990002 4.187193
v -0.902500 17.990000 4.181022
v -0.917479 17.990002 4.230242
v -0.932521 16.240002 4.230242
v -0.947500 16.240000 4.181022
v -0.902500 16.240000 4.236413
v -0.917479 16.240002 4.187193
v 1.040000 16.240000 4.349714
v -1.039232 16.200045 4.349714
v 1.039232 16.199957 4.349714
v -1.040000 16.160000 4.349714
v 1.039232 16.200045 4.108007
v -1.039232 16.199957 4.108007
v 1.040000 16.160000 4.108006
v 1.040000 16.203077 4.343516
v 1.040000 16.196924 4.114204
v -1.040000 16.240000 4.349714
v -1.040000 16.203077 4.114204
v -1.040000 16.196924 4.343516
v 1.040000 16.240000 4.108006
v -1.040000 16.240000 4.108006
v 1.040000 16.160000 4.349714
v -1.040000 16.160000 4.108006
v -1.505000 18.020000 4.163397
v -3.495000 18.020000 4.163397
v -3.495000 16.200001 4.163397
v -1.505000 18.020000 4.012331
v -1.505000 16.200001 4.012331
v -3.495000 18.020000 4.012331
v -1.505000 18.016926 4.088247
v -1.505000 16.200001 4.163397
v -1.505000 16.203075 4.087481
v -3.495000 18.016926 4.087481
v -3.495000 16.200001 4.012331
v -3.495000 16.203075 4.088247
v -3.492185 18.020000 4.087543
v -1.507815 18.020000 4.088184
v -3.492185 16.200001 4.088184
v -1.507815 16.200001 4.087544
v -1.575000 17.950001 4.191093
v -3.425000 16.270000 4.191093
v -3.425000 17.950001 4.165915
v -1.575000 17.950001 4.165915
v -1.575000 16.270000 4.165915
v -1.575000 17.949907 4.178506
v -1.575000 16.270094 4.178502
v -3.425000 17.949907 4.178502
v -3.425000 16.270000 4.165915
v -3.425000 17.950001 4.191093
v -3.425000 16.270094 4.178506
v -3.424916 17.950001 4.178503
v -1.575084 17.950001 4.178506
v -1.575000 16.270000 4.191093
v -3.424916 16.270000 4.178506
v -1.575084 16.270000 4.178503
v -1.575011 17.989710 4.236413
v -1.597500 16.240000 4.236413
v -1.552500 17.990000 4.236413
v -1.574989 16.240290 4.236413
v -1.574989 17.989710 4.181022
v -1.552500 16.240000 4.181022
v -1.597500 17.990000 4.181022
v -1.575011 16.240290 4.181022
v -1.552500 17.989569 4.208738
v -1.552500 16.240431 4.208697
v -1.597500 17.989569 4.208697
v -1.597500 16.240000 4.181022
v -1.597500 16.240431 4.208738
v -1.582521 17.990002 4.187193
v -1.597500 17.990000 4.236413
v -1.552500 17.990000 4.181022
v -1.567479 17.990002 4.230242
v -1.582521 16.240002 4.230242
v -1.552500 16.240000 4.236413
v -1.567479 16.240002 4.187193
v -2.500011 17.989710 4.236413
v -2.522500 16.240000 4.236413
v -2.477500 17.990000 4.236413
v -2.499989 16.240290 4.236413
v -2.499989 17.989710 4.181022
v -2.477500 16.240000 4.181022
v -2.522500 17.990000 4.181022
v -2.500011 16.240290 4.181022
v -2.477500 17.989569 4.208738
v -2.477500 16.240431 4.208697
v -2.522500 17.989569 4.208697
v -2.522500 17.990000 4.236413
v -2.522500 16.240431 4.208738
v -2.507521 17.990002 4.187193
v -2.477500 17.990000 4.181022
v -2.492479 17.990002 4.230242
v -2.507521 16.240002 4.230242
v -2.522500 16.240000 4.181022
v -2.477500 16.240000 4.236413
v -2.492479 16.240002 4.187193
v -3.425011 17.989710 4.236413
v -3.447500 16.240000 4.236413
v -3.402500 17.990000 4.236413
v -3.424989 16.240290 4.236413
v -3.424989 17.989710 4.181022
v -3.402500 16.240000 4.181022
v -3.447500 17.990000 4.181022
v -3.425011 16.240290 4.181022
v -3.402500 17.989569 4.208738
v -3.402500 17.990000 4.181022
v -3.402500 16.240431 4.208697
v -3.447500 17.989569 4.208697
v -3.447500 16.240000 4.181022
v -3.447500 16.240431 4.208738
v -3.432521 17.990002 4.187193
v -3.447500 17.990000 4.236413
v -3.417479 17.990002 4.230242
v -3.432521 16.240002 4.230242
v -3.402500 16.240000 4.236413
v -3.417479 16.240002 4.187193
v -1.460000 16.240000 4.349714
v -3.539232 16.200045 4.349714
v -1.460768 16.199957 4.349714
v -3.540000 16.240000 4.108006
v -1.460768 16.200045 4.108007
v -3.539232 16.199957 4.108007
v -1.460000 16.203077 4.343516
v -1.460000 16.196924 4.114204
v -3.540000 16.203077 4.114204
v -3.540000 16.196924 4.343516
v -3.540000 16.240000 4.349714
v -1.460000 16.240000 4.108006
v -1.460000 16.160000 4.349714
v -3.540000 16.160000 4.349714
v -3.540000 16.160000 4.108006
v -1.460000 16.160000 4.108006
v 4.650000 18.020000 -3.485644
v 4.650000 16.200001 -1.481485
v 4.500000 18.020000 -1.481485
v 4.500000 16.200001 -3.485644
v 4.575380 18.016926 -3.485644
v 4.650000 16.200001 -3.485644
v 4.574620 16.203075 -3.485644
v 4.574620 18.016926 -1.481485
v 4.575380 16.203075 -1.481485
v 4.500000 18.020000 -3.485644
v 4.574682 18.020000 -1.484319
v 4.575318 18.020000 -3.482810
v 4.650000 18.020000 -1.481485
v 4.575318 16.200001 -1.484319
v 4.574682 16.200001 -3.482810
v 4.500000 16.200001 -1.481485
v 4.677500 17.950001 -1.551983
v 4.677500 16.270000 -1.551983
v 4.677500 17.950001 -3.415146
v 4.652500 17.950001 -1.551983
v 4.652500 16.270000 -3.415146
v 4.665002 17.949907 -3.415146
v 4.677500 16.270000 -3.415146
v 4.652500 17.950001 -3.415146
v 4.664998 16.270094 -3.415146
v 4.664998 17.949907 -1.551983
v 4.652500 16.270000 -1.551983
v 4.665002 16.270094 -1.551983
v 4.664998 17.950001 -1.552068
v 4.665002 17.950001 -3.415061
v 4.665002 16.270000 -1.552068
v 4.664998 16.270000 -3.415061
v 4.722500 17.989710 -3.415135
v 4.722500 16.240000 -3.392486
v 4.722500 17.990000 -3.437807
v 4.722500 16.240290 -3.415157
v 4.667500 17.989710 -3.415158
v 4.667500 16.240000 -3.437806
v 4.667500 17.990000 -3.392486
v 4.667500 16.240290 -3.415135
v 4.695020 17.989569 -3.437807
v 4.667500 17.990000 -3.437807
v 4.694980 16.240431 -3.437806
v 4.694980 17.989569 -3.392487
v 4.667500 16.240000 -3.392486
v 4.722500 17.990000 -3.392486
v 4.695020 16.240431 -3.392486
v 4.673628 17.990002 -3.407572
v 4.716372 17.990002 -3.422721
v 4.716372 16.240002 -3.407572
v 4.722500 16.240000 -3.437806
v 4.673628 16.240002 -3.422720
v 4.722500 17.989710 -2.483554
v 4.722500 16.240000 -2.460904
v 4.722500 17.990000 -2.506225
v 4.722500 16.240290 -2.483576
v 4.667500 17.989710 -2.483576
v 4.667500 16.240000 -2.506225
v 4.667500 17.990000 -2.460905
v 4.667500 16.240290 -2.483553
v 4.695020 17.989569 -2.506225
v 4.694980 16.240431 -2.506225
v 4.694980 17.989569 -2.460905
v 4.695020 16.240431 -2.460905
v 4.673628 17.990002 -2.475991
v 4.722500 17.990000 -2.460905
v 4.667500 17.990000 -2.506225
v 4.716372 17.990002 -2.491139
v 4.716372 16.240002 -2.475990
v 4.667500 16.240000 -2.460904
v 4.722500 16.240000 -2.506225
v 4.673628 16.240002 -2.491139
v 4.722500 17.989710 -1.551971
v 4.722500 16.240000 -1.529323
v 4.722500 17.990000 -1.574643
v 4.722500 16.240290 -1.551994
v 4.667500 17.989710 -1.551994
v 4.667500 16.240000 -1.574643
v 4.667500 17.990000 -1.529323
v 4.667500 16.240290 -1.551971
v 4.695020 17.989569 -1.574643
v 4.722500 16.240000 -1.574643
v 4.667500 17.990000 -1.574643
v 4.694980 16.240431 -1.574643
v 4.694980 17.989569 -1.529323
v 4.695020 16.240431 -1.529323
v 4.673628 17.990002 -1.544408
v 4.722500 17.990000 -1.529323
v 4.716372 17.990002 -1.559557
v 4.716372 16.240002 -1.544408
v 4.667500 16.240000 -1.529323
v 4.673628 16.240002 -1.559557
v 4.835000 16.240000 -3.530964
v 4.835000 16.200045 -1.436938
v 4.835000 16.199957 -3.530191
v 4.835000 16.160000 -1.436164
v 4.595000 16.200045 -3.530191
v 4.595000 16.199957 -1.436938
v 4.595000 16.240000 -3.530964
v 4.828846 16.203077 -3.530965
v 4.601154 16.196924 -3.530965
v 4.601153 16.203077 -1.436164
v 4.828846 16.196924 -1.436164
v 4.595000 16.240000 -1.436164
v 4.835000 16.240000 -1.436164
v 4.595000 16.160000 -1.436164
v 4.835000 16.160000 -3.530964
v 4.595000 16.160000 -3.530964
v 4.650000 18.020000 1.036304
v 4.650000 16.200001 1.036304
v 4.650000 18.020000 -0.967856
v 4.650000 16.200001 -0.967856
v 4.500000 18.020000 1.036304
v 4.500000 16.200001 -0.967856
v 4.575380 18.016926 -0.967856
v 4.500000 18.020000 -0.967856
v 4.574620 16.203075 -0.967856
v 4.574620 18.016926 1.036304
v 4.500000 16.200001 1.036304
v 4.575380 16.203075 1.036304
v 4.574682 18.020000 1.033469
v 4.575318 18.020000 -0.965021
v 4.575318 16.200001 1.033470
v 4.574682 16.200001 -0.965021
v 4.677500 16.270000 0.965806
v 4.677500 17.950001 -0.897358
v 4.652500 17.950001 0.965806
v 4.652500 16.270000 -0.897358
v 4.652500 16.270000 0.965806
v 4.665002 17.949907 -0.897358
v 4.664998 16.270094 -0.897358
v 4.664998 17.949907 0.965806
v 4.665002 16.270094 0.965806
v 4.652500 17.950001 -0.897358
v 4.664998 17.950001 0.965721
v 4.665002 17.950001 -0.897273
v 4.677500 17.950001 0.965806
v 4.677500 16.270000 -0.897358
v 4.665002 16.270000 0.965721
v 4.664998 16.270000 -0.897273
v 4.722500 17.989710 -0.897346
v 4.722500 16.240000 -0.874697
v 4.722500 17.990000 -0.920018
v 4.722500 16.240290 -0.897369
v 4.667500 17.989710 -0.897369
v 4.667500 16.240000 -0.920018
v 4.667500 17.990000 -0.874698
v 4.667500 16.240290 -0.897346
v 4.695020 17.989569 -0.920018
v 4.694980 16.240431 -0.920018
v 4.694980 17.989569 -0.874698
v 4.695020 16.240431 -0.874697
v 4.673628 17.990002 -0.889783
v 4.722500 17.990000 -0.874698
v 4.667500 17.990000 -0.920018
v 4.716372 17.990002 -0.904932
v 4.716372 16.240002 -0.889783
v 4.667500 16.240000 -0.874697
v 4.722500 16.240000 -0.920018
v 4.673628 16.240002 -0.904932
v 4.722500 17.989710 0.034235
v 4.722500 16.240000 0.056884
v 4.722500 17.990000 0.011564
v 4.722500 16.240290 0.034213
v 4.667500 17.989710 0.034213
v 4.667500 16.240000 0.011564
v 4.667500 17.990000 0.056884
v 4.667500 16.240290 0.034236
v 4.695020 17.989569 0.011564
v 4.667500 17.990000 0.011564
v 4.694980 16.240431 0.011564
v 4.694980 17.989569 0.056884
v 4.667500 16.240000 0.056884
v 4.722500 17.990000 0.056884
v 4.695020 16.240431 0.056884
v 4.673628 17.990002 0.041798
v 4.716372 17.990002 0.026650
v 4.716372 16.240002 0.041798
v 4.722500 16.240000 0.011564
v 4.673628 16.240002 0.026650
v 4.722500 17.989710 0.965817
v 4.722500 16.240000 0.988466
v 4.722500 17.990000 0.943146
v 4.722500 16.240290 0.965795
v 4.667500 17.989710 0.965795
v 4.667500 16.240000 0.943146
v 4.667500 17.990000 0.988466
v 4.667500 16.240290 0.965817
v 4.695020 17.989569 0.943146
v 4.694980 16.240431 0.943146
v 4.694980 17.989569 0.988466
v 4.722500 17.990000 0.988466
v 4.695020 16.240431 0.988466
v 4.673628 17.990002 0.973380
v 4.667500 17.990000 0.943146
v 4.716372 17.990002 0.958232
v 4.716372 16.240002 0.973380
v 4.667500 16.240000 0.988466
v 4.722500 16.240000 0.943146
v 4.673628 16.240002 0.958232
v 4.835000 16.240000 -1.013176
v 4.835000 16.200045 1.080850
v 4.835000 16.199957 -1.012402
v 4.835000 16.160000 1.081624
v 4.595000 16.200045 -1.012402
v 4.595000 16.199957 1.080850
v 4.595000 16.160000 -1.013176
v 4.828846 16.203077 -1.013176
v 4.601154 16.196924 -1.013176
v 4.835000 16.160000 -1.013176
v 4.601153 16.203077 1.081624
v 4.828846 16.196924 1.081624
v 4.595000 16.240000 -1.013176
v 4.595000 16.240000 1.081624
v 4.835000 16.240000 1.081624
v 4.595000 16.160000 1.081624
v 4.650000 16.200001 3.554093
v 4.650000 18.020000 1.549933
v 4.500000 18.020000 1.549933
v 4.500000 16.200001 1.549933
v 4.500000 18.020000 3.554093
v 4.575380 18.016926 1.549933
v 4.650000 16.200001 1.549933
v 4.574620 16.203075 1.549933
v 4.574620 18.016926 3.554093
v 4.575380 16.203075 3.554093
v 4.574682 18.020000 3.551258
v 4.575318 18.020000 1.552768
v 4.650000 18.020000 3.554093
v 4.575318 16.200001 3.551258
v 4.574682 16.200001 1.552768
v 4.500000 16.200001 3.554093
v 4.677500 16.270000 3.483595
v 4.677500 17.950001 1.620431
v 4.652500 16.270000 1.620431
v 4.652500 17.950001 3.483595
v 4.665002 17.949907 1.620431
v 4.664998 16.270094 1.620431
v 4.664998 17.949907 3.483595
v 4.677500 17.950001 3.483595
v 4.665002 16.270094 3.483595
v 4.652500 17.950001 1.620431
v 4.664998 17.950001 3.483510
v 4.665002 17.950001 1.620516
v 4.677500 16.270000 1.620431
v 4.665002 16.270000 3.483510
v 4.664998 16.270000 1.620516
v 4.652500 16.270000 3.483595
v 4.722500 17.989710 1.620442
v 4.722500 16.240000 1.643091
v 4.722500 17.990000 1.597771
v 4.722500 16.240290 1.620420
v 4.667500 17.989710 1.620420
v 4.667500 16.240000 1.597771
v 4.667500 17.990000 1.643091
v 4.667500 16.240290 1.620443
v 4.695020 17.989569 1.597771
v 4.722500 16.240000 1.597771
v 4.694980 16.240431 1.597771
v 4.694980 17.989569 1.643091
v 4.667500 16.240000 1.643091
v 4.695020 16.240431 1.643091
v 4.673628 17.990002 1.628005
v 4.722500 17.990000 1.643091
v 4.667500 17.990000 1.597771
v 4.716372 17.990002 1.612857
v 4.716372 16.240002 1.628005
v 4.673628 16.240002 1.612857
v 4.722500 17.989710 2.552024
v 4.722500 16.240000 2.574673
v 4.722500 17.990000 2.529353
v 4.722500 16.240290 2.552002
v 4.667500 17.989710 2.552001
v 4.667500 16.240000 2.529353
v 4.667500 17.990000 2.574673
v 4.667500 16.240290 2.552024
v 4.695020 17.989569 2.529353
v 4.722500 16.240000 2.529353
v 4.667500 17.990000 2.529353
v 4.694980 16.240431 2.529353
v 4.694980 17.989569 2.574673
v 4.667500 16.240000 2.574673
v 4.695020 16.240431 2.574673
v 4.673628 17.990002 2.559587
v 4.722500 17.990000 2.574673
v 4.716372 17.990002 2.544439
v 4.716372 16.240002 2.559587
v 4.673628 16.240002 2.544439
v 4.722500 17.989710 3.483606
v 4.722500 16.240000 3.506255
v 4.722500 17.990000 3.460934
v 4.722500 16.240290 3.483584
v 4.667500 17.989710 3.483584
v 4.667500 16.240000 3.460935
v 4.667500 17.990000 3.506255
v 4.667500 16.240290 3.483606
v 4.695020 17.989569 3.460935
v 4.722500 16.240000 3.460935
v 4.667500 17.990000 3.460934
v 4.694980 16.240431 3.460935
v 4.694980 17.989569 3.506255
v 4.667500 16.240000 3.506255
v 4.695020 16.240431 3.506255
v 4.673628 17.990002 3.491169
v 4.722500 17.990000 3.506255
v 4.716372 17.990002 3.476020
v 4.716372 16.240002 3.491169
v 4.673628 16.240002 3.476021
v 4.835000 16.200045 3.598639
v 4.835000 16.199957 1.505387
v 4.835000 16.160000 3.599413
v 4.595000 16.200045 1.505387
v 4.595000 16.199957 3.598639
v 4.828846 16.203077 1.504613
v 4.601154 16.196924 1.504613
v 4.835000 16.240000 3.599413
v 4.601153 16.203077 3.599413
v 4.828846 16.196924 3.599413
v 4.595000 16.240000 1.504613
v 4.595000 16.240000 3.599413
v 4.835000 16.240000 1.504613
v 4.595000 16.160000 3.599413
v 4.835000 16.160000 1.504613
v 4.595000 16.160000 1.504613
v 4.609729 18.650005 -4.054665
v -4.609729 18.649996 -4.054665
v -4.609729 18.650005 4.123113
v 4.609729 18.649996 4.123113
v -4.610000 18.650007 -4.054355
v -4.610000 18.649996 4.122803
v 4.610000 18.650007 4.122803
v 4.610000 18.649996 -4.054355
v 4.610000 18.700001 4.123113
v -4.610000 18.700001 4.123113
v 4.610000 18.700001 -4.054665
v -4.610000 18.700001 -4.054665
v -4.610000 18.600000 -4.054665
v 4.610000 18.600000 -4.054665
v 4.610000 18.600000 4.123113
v -4.610000 18.600000 4.123113
v -3.495000 21.070000 -4.094949
v -1.505000 21.070000 -4.094949
v -1.505000 19.250000 -4.094949
v -3.495000 19.250000 -4.094949
v -1.505000 21.070000 -3.943882
v -3.495000 19.250000 -3.943882
v -1.505000 19.250000 -3.943882
v -3.495000 21.066925 -4.019799
v -3.495000 19.253075 -4.019033
v -1.505000 21.066925 -4.019033
v -1.505000 19.253075 -4.019799
v -3.495000 21.070000 -3.943882
v -1.507815 21.070000 -4.019095
v -3.492185 21.070000 -4.019736
v -1.507815 19.250000 -4.019736
v -3.492185 19.250000 -4.019095
v -3.425000 21.000000 -4.122645
v -1.575000 19.320000 -4.122645
v -3.425000 19.320000 -4.122645
v -3.425000 19.320000 -4.097467
v -1.575000 21.000000 -4.097467
v -3.425000 20.999907 -4.110058
v -3.425000 19.320093 -4.110054
v -1.575000 20.999907 -4.110054
v -1.575000 19.320093 -4.110058
v -3.425000 21.000000 -4.097467
v -1.575084 21.000000 -4.110054
v -3.424916 21.000000 -4.110058
v -1.575000 21.000000 -4.122645
v -1.575084 19.320000 -4.110058
v -3.424916 19.320000 -4.110054
v -1.575000 19.320000 -4.097467
v -3.424989 21.039711 -4.167965
v -3.402500 19.290001 -4.167965
v -3.447500 21.040001 -4.167965
v -3.425011 19.290291 -4.167965
v -3.425011 21.039711 -4.112574
v -3.447500 19.290001 -4.112574
v -3.402500 21.040001 -4.112574
v -3.424989 19.290291 -4.112574
v -3.447500 21.039570 -4.140290
v -3.447500 19.290001 -4.167965
v -3.447500 19.290432 -4.140249
v -3.402500 21.039570 -4.140249
v -3.402500 19.290001 -4.112574
v -3.402500 19.290432 -4.140290
v -3.417479 21.040001 -4.118745
v -3.402500 21.040001 -4.167965
v -3.447500 21.040001 -4.112574
v -3.432521 21.040001 -4.161794
v -3.417479 19.290001 -4.161794
v -3.432521 19.290001 -4.118745
v -2.499989 21.039711 -4.167965
v -2.477500 19.290001 -4.167965
v -2.522500 21.040001 -4.167965
v -2.500011 19.290291 -4.167965
v -2.500011 21.039711 -4.112574
v -2.522500 19.290001 -4.112574
v -2.477500 21.040001 -4.112574
v -2.499989 19.290291 -4.112574
v -2.522500 21.039570 -4.140290
v -2.522500 19.290001 -4.167965
v -2.522500 19.290432 -4.140249
v -2.477500 21.039570 -4.140249
v -2.477500 19.290001 -4.112574
v -2.477500 21.040001 -4.167965
v -2.477500 19.290432 -4.140290
v -2.492479 21.040001 -4.118745
v -2.522500 21.040001 -4.112574
v -2.507521 21.040001 -4.161794
v -2.492479 19.290001 -4.161794
v -2.507521 19.290001 -4.118745
v -1.574989 21.039711 -4.167965
v -1.552500 19.290001 -4.167965
v -1.597500 21.040001 -4.167965
v -1.575011 19.290291 -4.167965
v -1.575011 21.039711 -4.112574
v -1.597500 19.290001 -4.112574
v -1.552500 21.040001 -4.112574
v -1.574989 19.290291 -4.112574
v -1.597500 21.039570 -4.140290
v -1.597500 19.290432 -4.140249
v -1.552500 21.039570 -4.140249
v -1.552500 19.290001 -4.112574
v -1.552500 21.040001 -4.167965
v -1.552500 19.290432 -4.140290
v -1.567479 21.040001 -4.118745
v -1.597500 21.040001 -4.112574
v -1.582521 21.040001 -4.161794
v -1.567479 19.290001 -4.161794
v -1.597500 19.290001 -4.167965
v -1.582521 19.290001 -4.118745
v -1.460768 19.250044 -4.281266
v -3.539232 19.249956 -4.281266
v -1.460000 19.290001 -4.039558
v -3.539232 19.250044 -4.039558
v -1.460768 19.249956 -4.039558
v -3.540000 19.253077 -4.275068
v -3.540000 19.246923 -4.045756
v -3.540000 19.209999 -4.281266
v -1.460000 19.290001 -4.281266
v -1.460000 19.253077 -4.045756
v -1.460000 19.246923 -4.275068
v -1.460000 19.209999 -4.039558
v -3.540000 19.290001 -4.039558
v -3.540000 19.290001 -4.281266
v -1.460000 19.209999 -4.281266
v -3.540000 19.209999 -4.039558
v -0.995000 21.070000 -4.094949
v 0.995000 19.250000 -4.094949
v 0.995000 21.070000 -3.943882
v -0.995000 19.250000 -3.943882
v -0.995000 21.066925 -4.019799
v -0.995000 19.253075 -4.019033
v 0.995000 21.066925 -4.019033
v 0.995000 21.070000 -4.094949
v 0.995000 19.253075 -4.019799
v -0.995000 21.070000 -3.943882
v 0.992185 21.070000 -4.019095
v -0.992185 21.070000 -4.019736
v -0.995000 19.250000 -4.094949
v 0.992185 19.250000 -4.019736
v -0.992185 19.250000 -4.019095
v 0.995000 19.250000 -3.943882
v 0.925000 21.000000 -4.122645
v 0.925000 19.320000 -4.122645
v -0.925000 21.000000 -4.122645
v 0.925000 21.000000 -4.097467
v -0.925000 19.320000 -4.097467
v 0.925000 19.320000 -4.097467
v -0.925000 20.999907 -4.110058
v -0.925000 19.320000 -4.122645
v -0.925000 21.000000 -4.097467
v -0.925000 19.320093 -4.110054
v 0.925000 20.999907 -4.110054
v 0.925000 19.320093 -4.110058
v 0.924916 21.000000 -4.110054
v -0.924916 21.000000 -4.110058
v 0.924916 19.320000 -4.110058
v -0.924916 19.320000 -4.110054
v -0.924989 21.039711 -4.167965
v -0.902500 19.290001 -4.167965
v -0.947500 21.040001 -4.167965
v -0.925011 19.290291 -4.167965
v -0.925011 21.039711 -4.112574
v -0.947500 19.290001 -4.112574
v -0.902500 21.040001 -4.112574
v -0.924989 19.290291 -4.112574
v -0.947500 21.039570 -4.140290
v -0.947500 19.290432 -4.140249
v -0.902500 21.039570 -4.140249
v -0.902500 21.040001 -4.167965
v -0.902500 19.290432 -4.140290
v -0.917479 21.040001 -4.118745
v -0.947500 21.040001 -4.112574
v -0.932521 21.040001 -4.161794
v -0.917479 19.290001 -4.161794
v -0.902500 19.290001 -4.112574
v -0.947500 19.290001 -4.167965
v -0.932521 19.290001 -4.118745
v 0.000011 21.039711 -4.167965
v 0.022500 19.290001 -4.167965
v -0.022500 21.040001 -4.167965
v -0.000011 19.290291 -4.167965
v -0.000011 21.039711 -4.112574
v -0.022500 19.290001 -4.112574
v 0.022500 21.040001 -4.112574
v 0.000011 19.290291 -4.112574
v -0.022500 21.039570 -4.140290
v -0.022500 19.290001 -4.167965
v -0.022500 21.040001 -4.112574
v -0.022500 19.290432 -4.140249
v 0.022500 21.039570 -4.140249
v 0.022500 19.290001 -4.112574
v 0.022500 21.040001 -4.167965
v 0.022500 19.290432 -4.140290
v 0.007521 21.040001 -4.118745
v -0.007521 21.040001 -4.161794
v 0.007521 19.290001 -4.161794
v -0.007521 19.290001 -4.118745
v 0.925011 21.039711 -4.167965
v 0.947500 19.290001 -4.167965
v 0.902500 21.040001 -4.167965
v 0.924989 19.290291 -4.167965
v 0.924989 21.039711 -4.112574
v 0.902500 19.290001 -4.112574
v 0.947500 21.040001 -4.112574
v 0.925011 19.290291 -4.112574
v 0.902500 21.039570 -4.140290
v 0.902500 19.290001 -4.167965
v 0.902500 21.040001 -4.112574
v 0.902500 19.290432 -4.140249
v 0.947500 21.039570 -4.140249
v 0.947500 19.290432 -4.140290
v 0.932521 21.040001 -4.118745
v 0.947500 21.040001 -4.167965
v 0.917479 21.040001 -4.161794
v 0.932521 19.290001 -4.161794
v 0.947500 19.290001 -4.112574
v 0.917479 19.290001 -4.118745
v -1.040000 19.290001 -4.281266
v 1.039232 19.250044 -4.281266
v -1.039232 19.249956 -4.281266
v -1.039232 19.250044 -4.039558
v 1.039232 19.249956 -4.039558
v -1.040000 19.209999 -4.039558
v -1.040000 19.253077 -4.275068
v -1.040000 19.246923 -4.045756
v 1.040000 19.290001 -4.281266
v 1.040000 19.253077 -4.045756
v 1.040000 19.246923 -4.275068
v 1.040000 19.290001 -4.039558
v -1.040000 19.290001 -4.039558
v -1.040000 19.209999 -4.281266
v 1.040000 19.209999 -4.281266
v 1.040000 19.209999 -4.039558
v 1.505000 21.070000 -4.094949
v 3.495000 19.250000 -4.094949
v 1.505000 19.250000 -4.094949
v 3.495000 21.070000 -3.943882
v 1.505000 19.250000 -3.943882
v 1.505000 21.066925 -4.019799
v 1.505000 19.253075 -4.019033
v 3.495000 21.066925 -4.019033
v 3.495000 21.070000 -4.094949
v 3.495000 19.253075 -4.019799
v 1.505000 21.070000 -3.943882
v 3.492185 21.070000 -4.019095
v 1.507815 21.070000 -4.019736
v 3.492185 19.250000 -4.019736
v 1.507815 19.250000 -4.019095
v 3.495000 19.250000 -3.943882
v 1.575000 21.000000 -4.122645
v 3.425000 19.320000 -4.122645
v 3.425000 21.000000 -4.097467
v 1.575000 19.320000 -4.097467
v 3.425000 19.320000 -4.097467
v 1.575000 20.999907 -4.110058
v 1.575000 19.320000 -4.122645
v 1.575000 21.000000 -4.097467
v 1.575000 19.320093 -4.110054
v 3.425000 20.999907 -4.110054
v 3.425000 21.000000 -4.122645
v 3.425000 19.320093 -4.110058
v 3.424916 21.000000 -4.110054
v 1.575084 21.000000 -4.110058
v 3.424916 19.320000 -4.110058
v 1.575084 19.320000 -4.110054
v 1.575011 21.039711 -4.167965
v 1.597500 19.290001 -4.167965
v 1.552500 21.040001 -4.167965
v 1.574989 19.290291 -4.167965
v 1.574989 21.039711 -4.112574
v 1.552500 19.290001 -4.112574
v 1.597500 21.040001 -4.112574
v 1.575011 19.290291 -4.112574
v 1.552500 21.039570 -4.140290
v 1.552500 21.040001 -4.112574
v 1.552500 19.290432 -4.140249
v 1.597500 21.039570 -4.140249
v 1.597500 19.290001 -4.112574
v 1.597500 19.290432 -4.140290
v 1.582521 21.040001 -4.118745
v 1.597500 21.040001 -4.167965
v 1.567479 21.040001 -4.161794
v 1.582521 19.290001 -4.161794
v 1.552500 19.290001 -4.167965
v 1.567479 19.290001 -4.118745
v 2.500011 21.039711 -4.167965
v 2.522500 19.290001 -4.167965
v 2.477500 21.040001 -4.167965
v 2.499989 19.290291 -4.167965
v 2.499989 21.039711 -4.112574
v 2.477500 19.290001 -4.112574
v 2.522500 21.040001 -4.112574
v 2.500011 19.290291 -4.112574
v 2.477500 21.039570 -4.140290
v 2.477500 19.290001 -4.167965
v 2.477500 21.040001 -4.112574
v 2.477500 19.290432 -4.140249
v 2.522500 21.039570 -4.140249
v 2.522500 19.290001 -4.112574
v 2.522500 19.290432 -4.140290
v 2.507521 21.040001 -4.118745
v 2.522500 21.040001 -4.167965
v 2.492479 21.040001 -4.161794
v 2.507521 19.290001 -4.161794
v 2.492479 19.290001 -4.118745
v 3.425011 21.039711 -4.167965
v 3.447500 19.290001 -4.167965
v 3.402500 21.040001 -4.167965
v 3.424989 19.290291 -4.167965
v 3.424989 21.039711 -4.112574
v 3.402500 19.290001 -4.112574
v 3.447500 21.040001 -4.112574
v 3.425011 19.290291 -4.112574
v 3.402500 21.039570 -4.140290
v 3.402500 21.040001 -4.112574
v 3.402500 19.290432 -4.140249
v 3.447500 21.039570 -4.140249
v 3.447500 21.040001 -4.167965
v 3.447500 19.290432 -4.140290
v 3.432521 21.040001 -4.118745
v 3.417479 21.040001 -4.161794
v 3.432521 19.290001 -4.161794
v 3.447500 19.290001 -4.112574
v 3.402500 19.290001 -4.167965
v 3.417479 19.290001 -4.118745
v 1.460000 19.290001 -4.281266
v 3.539232 19.250044 -4.281266
v 1.460768 19.249956 -4.281266
v 1.460768 19.250044 -4.039558
v 3.539232 19.249956 -4.039558
v 1.460000 19.209999 -4.039558
v 1.460000 19.290001 -4.039558
v 1.460000 19.253077 -4.275068
v 1.460000 19.246923 -4.045756
v 3.540000 19.290001 -4.281266
v 3.540000 19.253077 -4.045756
v 3.540000 19.246923 -4.275068
v 3.540000 19.290001 -4.039558
v 1.460000 19.209999 -4.281266
v 3.540000 19.209999 -4.281266
v 3.540000 19.209999 -4.039558
v -4.650000 21.070000 3.554092
v -4.650000 21.070000 1.549933
v -4.650000 19.250000 1.549933
v -4.500000 21.070000 1.549933
v -4.500000 19.250000 3.554093
v -4.575380 21.066925 3.554093
v -4.650000 19.250000 3.554093
v -4.574620 19.253075 3.554093
v -4.574620 21.066925 1.549933
v -4.500000 19.250000 1.549933
v -4.575380 19.253075 1.549933
v -4.500000 21.070000 3.554092
v -4.574682 21.070000 1.552768
v -4.575318 21.070000 3.551258
v -4.575318 19.250000 1.552768
v -4.574682 19.250000 3.551258
v -4.677500 21.000000 3.483594
v -4.677500 21.000000 1.620431
v -4.677500 19.320000 1.620431
v -4.652500 21.000000 1.620431
v -4.652500 21.000000 3.483594
v -4.652500 19.320000 3.483595
v -4.665002 20.999907 3.483594
v -4.664998 19.320093 3.483594
v -4.664998 20.999907 1.620431
v -4.665002 19.320093 1.620431
v -4.664998 21.000000 1.620516
v -4.665002 21.000000 3.483509
v -4.677500 19.320000 3.483595
v -4.665002 19.320000 1.620516
v -4.664998 19.320000 3.483510
v -4.652500 19.320000 1.620431
v -4.722500 21.039711 3.483583
v -4.722500 19.290001 3.460934
v -4.722500 21.040001 3.506254
v -4.722500 19.290291 3.483606
v -4.667500 21.039711 3.483605
v -4.667500 19.290001 3.506255
v -4.667500 21.040001 3.460934
v -4.667500 19.290291 3.483583
v -4.695020 21.039570 3.506254
v -4.722500 19.290001 3.506255
v -4.694980 19.290432 3.506254
v -4.694980 21.039570 3.460934
v -4.667500 19.290001 3.460934
v -4.695020 19.290432 3.460934
v -4.673628 21.040001 3.476020
v -4.722500 21.040001 3.460934
v -4.667500 21.040001 3.506254
v -4.716372 21.040001 3.491168
v -4.716372 19.290001 3.476020
v -4.673628 19.290001 3.491169
v -4.722500 21.039711 2.552001
v -4.722500 19.290001 2.529353
v -4.722500 21.040001 2.574673
v -4.722500 19.290291 2.552024
v -4.667500 21.039711 2.552024
v -4.667500 19.290001 2.574673
v -4.667500 21.040001 2.529352
v -4.667500 19.290291 2.552002
v -4.695020 21.039570 2.574673
v -4.722500 19.290001 2.574673
v -4.667500 21.040001 2.574673
v -4.694980 19.290432 2.574673
v -4.694980 21.039570 2.529353
v -4.695020 19.290432 2.529353
v -4.673628 21.040001 2.544438
v -4.722500 21.040001 2.529352
v -4.716372 21.040001 2.559587
v -4.716372 19.290001 2.544439
v -4.667500 19.290001 2.529353
v -4.673628 19.290001 2.559587
v -4.722500 21.039711 1.620420
v -4.722500 19.290001 1.597771
v -4.722500 21.040001 1.643091
v -4.722500 19.290291 1.620442
v -4.667500 21.039711 1.620442
v -4.667500 19.290001 1.643091
v -4.667500 21.040001 1.597771
v -4.667500 19.290291 1.620420
v -4.695020 21.039570 1.643091
v -4.722500 19.290001 1.643091
v -4.694980 19.290432 1.643091
v -4.694980 21.039570 1.597771
v -4.722500 21.040001 1.597771
v -4.695020 19.290432 1.597771
v -4.673628 21.040001 1.612857
v -4.667500 21.040001 1.643091
v -4.716372 21.040001 1.628005
v -4.716372 19.290001 1.612857
v -4.667500 19.290001 1.597771
v -4.673628 19.290001 1.628005
v -4.835000 19.250044 1.505387
v -4.835000 19.249956 3.598639
v -4.835000 19.209999 1.504613
v -4.595000 19.290001 1.504613
v -4.595000 19.250044 3.598639
v -4.595000 19.249956 1.505387
v -4.595000 19.209999 3.599413
v -4.828846 19.253077 3.599413
v -4.601154 19.246923 3.599413
v -4.835000 19.209999 3.599413
v -4.601154 19.253077 1.504613
v -4.828846 19.246923 1.504613
v -4.595000 19.209999 1.504613
v -4.595000 19.290001 3.599413
v -4.835000 19.290001 1.504613
v -4.835000 19.290001 3.599413
v -4.650000 21.070000 1.036304
v -4.650000 19.250000 -0.967856
v -4.500000 21.070000 -0.967856
v -4.500000 19.250000 1.036304
v -4.575380 21.066925 1.036304
v -4.650000 19.250000 1.036304
v -4.574620 19.253075 1.036304
v -4.574620 21.066925 -0.967856
v -4.650000 21.070000 -0.967856
v -4.575380 19.253075 -0.967856
v -4.500000 21.070000 1.036304
v -4.574682 21.070000 -0.965021
v -4.575318 21.070000 1.033469
v -4.575318 19.250000 -0.965021
v -4.574682 19.250000 1.033469
v -4.500000 19.250000 -0.967856
v -4.677500 19.320000 -0.897358
v -4.677500 21.000000 0.965806
v -4.652500 21.000000 -0.897358
v -4.652500 19.320000 0.965806
v -4.665002 20.999907 0.965806
v -4.664998 19.320093 0.965806
v -4.664998 20.999907 -0.897358
v -4.677500 21.000000 -0.897358
v -4.665002 19.320093 -0.897358
v -4.652500 21.000000 0.965806
v -4.664998 21.000000 -0.897273
v -4.665002 21.000000 0.965721
v -4.677500 19.320000 0.965806
v -4.665002 19.320000 -0.897273
v -4.664998 19.320000 0.965721
v -4.652500 19.320000 -0.897358
v -4.722500 21.039711 0.965795
v -4.722500 19.290001 0.943146
v -4.722500 21.040001 0.988466
v -4.722500 19.290291 0.965817
v -4.667500 21.039711 0.965817
v -4.667500 19.290001 0.988466
v -4.667500 21.040001 0.943146
v -4.667500 19.290291 0.965795
v -4.695020 21.039570 0.988466
v -4.667500 21.040001 0.988466
v -4.694980 19.290432 0.988466
v -4.694980 21.039570 0.943146
v -4.667500 19.290001 0.943146
v -4.695020 19.290432 0.943146
v -4.673628 21.040001 0.958232
v -4.722500 21.040001 0.943146
v -4.716372 21.040001 0.973380
v -4.716372 19.290001 0.958232
v -4.722500 19.290001 0.988466
v -4.673628 19.290001 0.973380
v -4.722500 21.039711 0.034213
v -4.722500 19.290001 0.011564
v -4.722500 21.040001 0.056884
v -4.722500 19.290291 0.034235
v -4.667500 21.039711 0.034235
v -4.667500 19.290001 0.056884
v -4.667500 21.040001 0.011564
v -4.667500 19.290291 0.034213
v -4.695020 21.039570 0.056884
v -4.722500 19.290001 0.056884
v -4.694980 19.290432 0.056884
v -4.694980 21.039570 0.011564
v -4.667500 19.290001 0.011564
v -4.695020 19.290432 0.011564
v -4.673628 21.040001 0.026650
v -4.722500 21.040001 0.011564
v -4.667500 21.040001 0.056884
v -4.716372 21.040001 0.041798
v -4.716372 19.290001 0.026650
v -4.673628 19.290001 0.041798
v -4.722500 21.039711 -0.897369
v -4.722500 19.290001 -0.920018
v -4.722500 21.040001 -0.874698
v -4.722500 19.290291 -0.897346
v -4.667500 21.039711 -0.897347
v -4.667500 19.290001 -0.874698
v -4.667500 21.040001 -0.920018
v -4.667500 19.290291 -0.897369
v -4.695020 21.039570 -0.874698
v -4.667500 21.040001 -0.874698
v -4.694980 19.290432 -0.874698
v -4.694980 21.039570 -0.920018
v -4.667500 19.290001 -0.920018
v -4.722500 21.040001 -0.920018
v -4.695020 19.290432 -0.920018
v -4.673628 21.040001 -0.904932
v -4.716372 21.040001 -0.889784
v -4.716372 19.290001 -0.904932
v -4.722500 19.290001 -0.874698
v -4.673628 19.290001 -0.889783
v -4.835000 19.290001 1.081624
v -4.835000 19.250044 -1.012402
v -4.835000 19.249956 1.080850
v -4.595000 19.250044 1.080850
v -4.595000 19.249956 -1.012402
v -4.828846 19.253077 1.081624
v -4.601154 19.246923 1.081624
v -4.835000 19.209999 1.081624
v -4.601154 19.253077 -1.013176
v -4.828846 19.246923 -1.013176
v -4.595000 19.290001 -1.013176
v -4.835000 19.290001 -1.013176
v -4.595000 19.290001 1.081624
v -4.835000 19.209999 -1.013176
v -4.595000 19.209999 -1.013176
v -4.595000 19.209999 1.081624
v -4.650000 21.070000 -1.481485
v -4.650000 21.070000 -3.485645
v -4.650000 19.250000 -3.485644
v -4.650000 19.250000 -1.481485
v -4.500000 21.070000 -3.485645
v -4.500000 19.250000 -1.481485
v -4.575380 21.066925 -1.481485
v -4.574620 19.253075 -1.481485
v -4.574620 21.066925 -3.485645
v -4.575380 19.253075 -3.485645
v -4.500000 21.070000 -1.481485
v -4.574682 21.070000 -3.482810
v -4.575318 21.070000 -1.484320
v -4.575318 19.250000 -3.482810
v -4.574682 19.250000 -1.484319
v -4.500000 19.250000 -3.485644
v -4.677500 21.000000 -3.415147
v -4.677500 19.320000 -3.415146
v -4.677500 21.000000 -1.551983
v -4.652500 21.000000 -1.551983
v -4.652500 21.000000 -3.415147
v -4.652500 19.320000 -1.551983
v -4.652500 19.320000 -3.415146
v -4.665002 20.999907 -1.551983
v -4.664998 19.320093 -1.551983
v -4.664998 20.999907 -3.415147
v -4.665002 19.320093 -3.415147
v -4.664998 21.000000 -3.415062
v -4.665002 21.000000 -1.552068
v -4.677500 19.320000 -1.551983
v -4.665002 19.320000 -3.415061
v -4.664998 19.320000 -1.552068
v -4.722500 21.039711 -1.551994
v -4.722500 19.290001 -1.574643
v -4.722500 21.040001 -1.529323
v -4.722500 19.290291 -1.551972
v -4.667500 21.039711 -1.551972
v -4.667500 19.290001 -1.529323
v -4.667500 21.040001 -1.574643
v -4.667500 19.290291 -1.551994
v -4.695020 21.039570 -1.529323
v -4.722500 19.290001 -1.529323
v -4.694980 19.290432 -1.529323
v -4.694980 21.039570 -1.574643
v -4.667500 19.290001 -1.574643
v -4.722500 21.040001 -1.574643
v -4.695020 19.290432 -1.574643
v -4.673628 21.040001 -1.559557
v -4.667500 21.040001 -1.529323
v -4.716372 21.040001 -1.544409
v -4.716372 19.290001 -1.559557
v -4.673628 19.290001 -1.544409
v -4.722500 21.039711 -2.483576
v -4.722500 19.290001 -2.506225
v -4.722500 21.040001 -2.460905
v -4.722500 19.290291 -2.483553
v -4.667500 21.039711 -2.483554
v -4.667500 19.290001 -2.460905
v -4.667500 21.040001 -2.506225
v -4.667500 19.290291 -2.483576
v -4.695020 21.039570 -2.460905
v -4.722500 19.290001 -2.460905
v -4.667500 21.040001 -2.460905
v -4.694980 19.290432 -2.460905
v -4.694980 21.039570 -2.506225
v -4.667500 19.290001 -2.506225
v -4.722500 21.040001 -2.506225
v -4.695020 19.290432 -2.506225
v -4.673628 21.040001 -2.491139
v -4.716372 21.040001 -2.475991
v -4.716372 19.290001 -2.491139
v -4.673628 19.290001 -2.475991
v -4.722500 21.039711 -3.415158
v -4.722500 19.290001 -3.437807
v -4.722500 21.040001 -3.392487
v -4.722500 19.290291 -3.415135
v -4.667500 21.039711 -3.415136
v -4.667500 19.290001 -3.392486
v -4.667500 21.040001 -3.437807
v -4.667500 19.290291 -3.415158
v -4.695020 21.039570 -3.392487
v -4.722500 19.290001 -3.392486
v -4.667500 21.040001 -3.392487
v -4.694980 19.290432 -3.392487
v -4.694980 21.039570 -3.437807
v -4.695020 19.290432 -3.437807
v -4.673628 21.040001 -3.422721
v -4.722500 21.040001 -3.437807
v -4.716372 21.040001 -3.407573
v -4.716372 19.290001 -3.422721
v -4.667500 19.290001 -3.437807
v -4.673628 19.290001 -3.407572
v -4.835000 19.290001 -1.436165
v -4.835000 19.250044 -3.530191
v -4.835000 19.249956 -1.436938
v -4.835000 19.209999 -3.530965
v -4.595000 19.250044 -1.436938
v -4.595000 19.249956 -3.530191
v -4.828846 19.253077 -1.436165
v -4.601154 19.246923 -1.436165
v -4.601154 19.253077 -3.530965
v -4.828846 19.246923 -3.530965
v -4.595000 19.290001 -3.530965
v -4.595000 19.290001 -1.436165
v -4.835000 19.290001 -3.530965
v -4.835000 19.209999 -1.436165
v -4.595000 19.209999 -3.530965
v -4.595000 19.209999 -1.436165
v 3.495000 21.070000 4.163397
v 1.505000 21.070000 4.163397
v 1.505000 19.250000 4.163397
v 3.495000 19.250000 4.012331
v 1.505000 21.070000 4.012330
v 3.495000 21.066925 4.088247
v 3.495000 19.250000 4.163397
v 3.495000 19.253075 4.087481
v 1.505000 21.066925 4.087481
v 1.505000 19.253075 4.088247
v 3.495000 21.070000 4.012330
v 1.507815 21.070000 4.087543
v 3.492185 21.070000 4.088184
v 1.507815 19.250000 4.088184
v 3.492185 19.250000 4.087543
v 1.505000 19.250000 4.012331
v 3.425000 21.000000 4.191093
v 1.575000 21.000000 4.191093
v 1.575000 19.320000 4.191093
v 1.575000 21.000000 4.165915
v 3.425000 19.320000 4.165915
v 3.425000 20.999907 4.178506
v 3.425000 21.000000 4.165915
v 3.425000 19.320093 4.178502
v 1.575000 20.999907 4.178502
v 1.575000 19.320093 4.178506
v 1.575084 21.000000 4.178503
v 3.424916 21.000000 4.178506
v 3.425000 19.320000 4.191093
v 1.575084 19.320000 4.178506
v 3.424916 19.320000 4.178503
v 1.575000 19.320000 4.165915
v 3.424989 21.039711 4.236413
v 3.402500 19.290001 4.236413
v 3.447500 21.040001 4.236413
v 3.425011 19.290291 4.236413
v 3.425011 21.039711 4.181022
v 3.447500 19.290001 4.181022
v 3.402500 21.040001 4.181022
v 3.424989 19.290291 4.181022
v 3.447500 21.039570 4.208738
v 3.447500 21.040001 4.181022
v 3.447500 19.290432 4.208697
v 3.402500 21.039570 4.208697
v 3.402500 19.290001 4.181022
v 3.402500 21.040001 4.236413
v 3.402500 19.290432 4.208738
v 3.417479 21.040001 4.187193
v 3.432521 21.040001 4.230242
v 3.417479 19.290001 4.230242
v 3.447500 19.290001 4.236413
v 3.432521 19.290001 4.187193
v 2.499989 21.039711 4.236413
v 2.477500 19.290001 4.236413
v 2.522500 21.040001 4.236413
v 2.500011 19.290291 4.236413
v 2.500011 21.039711 4.181022
v 2.522500 19.290001 4.181022
v 2.477500 21.040001 4.181022
v 2.499989 19.290291 4.181022
v 2.522500 21.039570 4.208738
v 2.522500 19.290432 4.208697
v 2.477500 21.039570 4.208697
v 2.477500 19.290432 4.208738
v 2.492479 21.040001 4.187193
v 2.477500 21.040001 4.236413
v 2.522500 21.040001 4.181022
v 2.507521 21.040001 4.230242
v 2.492479 19.290001 4.230242
v 2.477500 19.290001 4.181022
v 2.522500 19.290001 4.236413
v 2.507521 19.290001 4.187193
v 1.574989 21.039711 4.236413
v 1.552500 19.290001 4.236413
v 1.597500 21.040001 4.236413
v 1.575011 19.290291 4.236413
v 1.575011 21.039711 4.181022
v 1.597500 19.290001 4.181022
v 1.552500 21.040001 4.181022
v 1.574989 19.290291 4.181022
v 1.597500 21.039570 4.208738
v 1.597500 19.290001 4.236413
v 1.597500 21.040001 4.181022
v 1.597500 19.290432 4.208697
v 1.552500 21.039570 4.208697
v 1.552500 19.290001 4.181022
v 1.552500 19.290432 4.208738
v 1.567479 21.040001 4.187193
v 1.552500 21.040001 4.236413
v 1.582521 21.040001 4.230242
v 1.567479 19.290001 4.230242
v 1.582521 19.290001 4.187193
v 3.540000 19.290001 4.349714
v 1.460768 19.250044 4.349714
v 3.539232 19.249956 4.349714
v 1.460000 19.209999 4.349714
v 1.460000 19.290001 4.108006
v 3.539232 19.250044 4.108007
v 1.460768 19.249956 4.108007
v 3.540000 19.253077 4.343516
v 3.540000 19.246923 4.114204
v 3.540000 19.209999 4.349714
v 1.460000 19.253077 4.114204
v 1.460000 19.246923 4.343516
v 1.460000 19.209999 4.108006
v 3.540000 19.290001 4.108006
v 1.460000 19.290001 4.349714
v 3.540000 19.209999 4.108006
v 0.995000 21.070000 4.163397
v -0.995000 19.250000 4.163397
v 0.995000 19.250000 4.163397
v -0.995000 21.070000 4.012330
v 0.995000 19.250000 4.012331
v 0.995000 21.066925 4.088247
v 0.995000 19.253075 4.087481
v -0.995000 21.066925 4.087481
v -0.995000 19.253075 4.088247
v 0.995000 21.070000 4.012330
v -0.992185 21.070000 4.087543
v 0.992185 21.070000 4.088184
v -0.995000 21.070000 4.163397
v -0.992185 19.250000 4.088184
v 0.992185 19.250000 4.087543
v -0.995000 19.250000 4.012331
v -0.925000 19.320000 4.191093
v 0.925000 21.000000 4.191093
v -0.925000 21.000000 4.165915
v 0.925000 19.320000 4.165915
v 0.925000 20.999907 4.178506
v 0.925000 19.320000 4.191093
v 0.925000 19.320093 4.178502
v -0.925000 20.999907 4.178502
v -0.925000 19.320000 4.165915
v -0.925000 21.000000 4.191093
v -0.925000 19.320093 4.178506
v 0.925000 21.000000 4.165915
v -0.924916 21.000000 4.178503
v 0.924916 21.000000 4.178506
v -0.924916 19.320000 4.178506
v 0.924916 19.320000 4.178503
v 0.924989 21.039711 4.236413
v 0.902500 19.290001 4.236413
v 0.947500 21.040001 4.236413
v 0.925011 19.290291 4.236413
v 0.925011 21.039711 4.181022
v 0.947500 19.290001 4.181022
v 0.902500 21.040001 4.181022
v 0.924989 19.290291 4.181022
v 0.947500 21.039570 4.208738
v 0.947500 19.290432 4.208697
v 0.902500 21.039570 4.208697
v 0.902500 21.040001 4.236413
v 0.902500 19.290432 4.208738
v 0.917479 21.040001 4.187193
v 0.947500 21.040001 4.181022
v 0.932521 21.040001 4.230242
v 0.917479 19.290001 4.230242
v 0.902500 19.290001 4.181022
v 0.947500 19.290001 4.236413
v 0.932521 19.290001 4.187193
v -0.000011 21.039711 4.236413
v -0.022500 19.290001 4.236413
v 0.022500 21.040001 4.236413
v 0.000011 19.290291 4.236413
v 0.000011 21.039711 4.181022
v 0.022500 19.290001 4.181022
v -0.022500 21.040001 4.181022
v -0.000011 19.290291 4.181022
v 0.022500 21.039570 4.208738
v 0.022500 19.290001 4.236413
v 0.022500 19.290432 4.208697
v -0.022500 21.039570 4.208697
v -0.022500 19.290432 4.208738
v -0.007521 21.040001 4.187193
v -0.022500 21.040001 4.236413
v 0.022500 21.040001 4.181022
v 0.007521 21.040001 4.230242
v -0.007521 19.290001 4.230242
v -0.022500 19.290001 4.181022
v 0.007521 19.290001 4.187193
v -0.925011 21.039711 4.236413
v -0.947500 19.290001 4.236413
v -0.902500 21.040001 4.236413
v -0.924989 19.290291 4.236413
v -0.924989 21.039711 4.181022
v -0.902500 19.290001 4.181022
v -0.947500 21.040001 4.181022
v -0.925011 19.290291 4.181022
v -0.902500 21.039570 4.208738
v -0.902500 19.290001 4.236413
v -0.902500 21.040001 4.181022
v -0.902500 19.290432 4.208697
v -0.947500 21.039570 4.208697
v -0.947500 19.290001 4.181022
v -0.947500 21.040001 4.236413
v -0.947500 19.290432 4.208738
v -0.932521 21.040001 4.187193
v -0.917479 21.040001 4.230242
v -0.932521 19.290001 4.230242
v -0.917479 19.290001 4.187193
v -1.039232 19.250044 4.349714
v 1.039232 19.249956 4.349714
v -1.040000 19.209999 4.349714
v -1.040000 19.290001 4.108006
v 1.039232 19.250044 4.108007
v -1.039232 19.249956 4.108007
v 1.040000 19.209999 4.108006
v 1.040000 19.253077 4.343516
v 1.040000 19.246923 4.114204
v -1.040000 19.290001 4.349714
v -1.040000 19.253077 4.114204
v -1.040000 19.246923 4.343516
v -1.040000 19.209999 4.108006
v 1.040000 19.290001 4.108006
v 1.040000 19.290001 4.349714
v 1.040000 19.209999 4.349714
v -3.495000 19.250000 4.163397
v -1.505000 21.070000 4.163397
v -1.505000 19.250000 4.163397
v -1.505000 21.070000 4.012330
v -1.505000 19.250000 4.012331
v -3.495000 21.070000 4.012330
v -3.495000 19.250000 4.012331
v -1.505000 21.066925 4.088247
v -1.505000 19.253075 4.087481
v -3.495000 21.066925 4.087481
v -3.495000 19.253075 4.088247
v -3.492185 21.070000 4.087543
v -1.507815 21.070000 4.088184
v -3.495000 21.070000 4.163397
v -3.492185 19.250000 4.088184
v -1.507815 19.250000 4.087543
v -3.425000 19.320000 4.191093
v -1.575000 21.000000 4.191093
v -1.575000 19.320000 4.165915
v -3.425000 21.000000 4.165915
v -1.575000 20.999907 4.178506
v -1.575000 19.320000 4.191093
v -1.575000 21.000000 4.165915
v -1.575000 19.320093 4.178502
v -3.425000 20.999907 4.178502
v -3.425000 19.320093 4.178506
v -3.424916 21.000000 4.178503
v -1.575084 21.000000 4.178506
v -3.425000 21.000000 4.191093
v -3.424916 19.320000 4.178506
v -1.575084 19.320000 4.178503
v -3.425000 19.320000 4.165915
v -1.575011 21.039711 4.236413
v -1.597500 19.290001 4.236413
v -1.552500 21.040001 4.236413
v -1.574989 19.290291 4.236413
v -1.574989 21.039711 4.181022
v -1.552500 19.290001 4.181022
v -1.597500 21.040001 4.181022
v -1.575011 19.290291 4.181022
v -1.552500 21.039570 4.208738
v -1.552500 19.290001 4.236413
v -1.552500 19.290432 4.208697
v -1.597500 21.039570 4.208697
v -1.597500 19.290001 4.181022
v -1.597500 21.040001 4.236413
v -1.597500 19.290432 4.208738
v -1.582521 21.040001 4.187193
v -1.552500 21.040001 4.181022
v -1.567479 21.040001 4.230242
v -1.582521 19.290001 4.230242
v -1.567479 19.290001 4.187193
v -2.500011 21.039711 4.236413
v -2.522500 19.290001 4.236413
v -2.477500 21.040001 4.236413
v -2.499989 19.290291 4.236413
v -2.499989 21.039711 4.181022
v -2.477500 19.290001 4.181022
v -2.522500 21.040001 4.181022
v -2.500011 19.290291 4.181022
v -2.477500 21.039570 4.208738
v -2.477500 21.040001 4.181022
v -2.477500 19.290432 4.208697
v -2.522500 21.039570 4.208697
v -2.522500 21.040001 4.236413
v -2.522500 19.290432 4.208738
v -2.507521 21.040001 4.187193
v -2.492479 21.040001 4.230242
v -2.507521 19.290001 4.230242
v -2.522500 19.290001 4.181022
v -2.477500 19.290001 4.236413
v -2.492479 19.290001 4.187193
v -3.425011 21.039711 4.236413
v -3.447500 19.290001 4.236413
v -3.402500 21.040001 4.236413
v -3.424989 19.290291 4.236413
v -3.424989 21.039711 4.181022
v -3.402500 19.290001 4.181022
v -3.447500 21.040001 4.181022
v -3.425011 19.290291 4.181022
v -3.402500 21.039570 4.208738
v -3.402500 19.290001 4.236413
v -3.402500 21.040001 4.181022
v -3.402500 19.290432 4.208697
v -3.447500 21.039570 4.208697
v -3.447500 19.290001 4.181022
v -3.447500 21.040001 4.236413
v -3.447500 19.290432 4.208738
v -3.432521 21.040001 4.187193
v -3.417479 21.040001 4.230242
v -3.432521 19.290001 4.230242
v -3.417479 19.290001 4.187193
v -3.539232 19.250044 4.349714
v -1.460768 19.249956 4.349714
v -3.540000 19.209999 4.349714
v -3.540000 19.290001 4.108006
v -1.460768 19.250044 4.108007
v -3.539232 19.249956 4.108007
v -1.460000 19.209999 4.108006
v -1.460000 19.253077 4.343516
v -1.460000 19.246923 4.114204
v -3.540000 19.290001 4.349714
v -3.540000 19.253077 4.114204
v -3.540000 19.246923 4.343516
v -3.540000 19.209999 4.108006
v -1.460000 19.290001 4.108006
v -1.460000 19.290001 4.349714
v -1.460000 19.209999 4.349714
v 4.650000 21.070000 -3.485645
v 4.650000 21.070000 -1.481485
v 4.650000 19.250000 -1.481485
v 4.650000 19.250000 -3.485644
v 4.500000 21.070000 -1.481485
v 4.500000 19.250000 -3.485644
v 4.575380 21.066925 -3.485645
v 4.500000 21.070000 -3.485645
v 4.574620 19.253075 -3.485645
v 4.574620 21.066925 -1.481485
v 4.500000 19.250000 -1.481485
v 4.575380 19.253075 -1.481485
v 4.574682 21.070000 -1.484320
v 4.575318 21.070000 -3.482810
v 4.575318 19.250000 -1.484319
v 4.574682 19.250000 -3.482810
v 4.677500 21.000000 -3.415147
v 4.677500 19.320000 -1.551983
v 4.652500 21.000000 -1.551983
v 4.652500 19.320000 -3.415146
v 4.665002 20.999907 -3.415147
v 4.677500 19.320000 -3.415146
v 4.652500 21.000000 -3.415147
v 4.664998 19.320093 -3.415147
v 4.664998 20.999907 -1.551983
v 4.665002 19.320093 -1.551983
v 4.664998 21.000000 -1.552068
v 4.665002 21.000000 -3.415062
v 4.677500 21.000000 -1.551983
v 4.665002 19.320000 -1.552068
v 4.664998 19.320000 -3.415061
v 4.652500 19.320000 -1.551983
v 4.722500 21.039711 -3.415136
v 4.722500 19.290001 -3.392486
v 4.722500 21.040001 -3.437807
v 4.722500 19.290291 -3.415158
v 4.667500 21.039711 -3.415158
v 4.667500 19.290001 -3.437807
v 4.667500 21.040001 -3.392487
v 4.667500 19.290291 -3.415135
v 4.695020 21.039570 -3.437807
v 4.667500 21.040001 -3.437807
v 4.694980 19.290432 -3.437807
v 4.694980 21.039570 -3.392487
v 4.722500 21.040001 -3.392487
v 4.695020 19.290432 -3.392487
v 4.673628 21.040001 -3.407573
v 4.716372 21.040001 -3.422721
v 4.716372 19.290001 -3.407572
v 4.667500 19.290001 -3.392486
v 4.722500 19.290001 -3.437807
v 4.673628 19.290001 -3.422721
v 4.722500 21.039711 -2.483554
v 4.722500 19.290001 -2.460905
v 4.722500 21.040001 -2.506225
v 4.722500 19.290291 -2.483576
v 4.667500 21.039711 -2.483576
v 4.667500 19.290001 -2.506225
v 4.667500 21.040001 -2.460905
v 4.667500 19.290291 -2.483553
v 4.695020 21.039570 -2.506225
v 4.667500 21.040001 -2.506225
v 4.694980 19.290432 -2.506225
v 4.694980 21.039570 -2.460905
v 4.695020 19.290432 -2.460905
v 4.673628 21.040001 -2.475991
v 4.722500 21.040001 -2.460905
v 4.716372 21.040001 -2.491139
v 4.716372 19.290001 -2.475991
v 4.667500 19.290001 -2.460905
v 4.722500 19.290001 -2.506225
v 4.673628 19.290001 -2.491139
v 4.722500 21.039711 -1.551972
v 4.722500 19.290001 -1.529323
v 4.722500 21.040001 -1.574643
v 4.722500 19.290291 -1.551994
v 4.667500 21.039711 -1.551994
v 4.667500 19.290001 -1.574643
v 4.667500 21.040001 -1.529323
v 4.667500 19.290291 -1.551972
v 4.695020 21.039570 -1.574643
v 4.722500 19.290001 -1.574643
v 4.694980 19.290432 -1.574643
v 4.694980 21.039570 -1.529323
v 4.722500 21.040001 -1.529323
v 4.695020 19.290432 -1.529323
v 4.673628 21.040001 -1.544409
v 4.667500 21.040001 -1.574643
v 4.716372 21.040001 -1.559557
v 4.716372 19.290001 -1.544409
v 4.667500 19.290001 -1.529323
v 4.673628 19.290001 -1.559557
v 4.835000 19.290001 -3.530965
v 4.835000 19.250044 -1.436938
v 4.835000 19.249956 -3.530191
v 4.595000 19.250044 -3.530191
v 4.595000 19.249956 -1.436938
v 4.828846 19.253077 -3.530965
v 4.601154 19.246923 -3.530965
v 4.601154 19.253077 -1.436165
v 4.828846 19.246923 -1.436165
v 4.595000 19.209999 -1.436165
v 4.595000 19.290001 -1.436165
v 4.835000 19.290001 -1.436165
v 4.595000 19.290001 -3.530965
v 4.835000 19.209999 -3.530965
v 4.835000 19.209999 -1.436165
v 4.595000 19.209999 -3.530965
v 4.650000 21.070000 1.036304
v 4.650000 21.070000 -0.967856
v 4.650000 19.250000 1.036304
v 4.500000 21.070000 1.036304
v 4.500000 19.250000 -0.967856
v 4.575380 21.066925 -0.967856
v 4.574620 19.253075 -0.967856
v 4.574620 21.066925 1.036304
v 4.500000 19.250000 1.036304
v 4.575380 19.253075 1.036304
v 4.500000 21.070000 -0.967856
v 4.574682 21.070000 1.033469
v 4.575318 21.070000 -0.965021
v 4.650000 19.250000 -0.967856
v 4.575318 19.250000 1.033469
v 4.574682 19.250000 -0.965021
v 4.677500 21.000000 -0.897358
v 4.677500 21.000000 0.965806
v 4.677500 19.320000 0.965806
v 4.652500 21.000000 0.965806
v 4.652500 19.320000 -0.897358
v 4.665002 20.999907 -0.897358
v 4.677500 19.320000 -0.897358
v 4.652500 21.000000 -0.897358
v 4.664998 19.320093 -0.897358
v 4.664998 20.999907 0.965806
v 4.665002 19.320093 0.965806
v 4.664998 21.000000 0.965721
v 4.665002 21.000000 -0.897273
v 4.665002 19.320000 0.965721
v 4.664998 19.320000 -0.897273
v 4.652500 19.320000 0.965806
v 4.722500 21.039711 -0.897347
v 4.722500 19.290001 -0.874698
v 4.722500 21.040001 -0.920018
v 4.722500 19.290291 -0.897369
v 4.667500 21.039711 -0.897369
v 4.667500 19.290001 -0.920018
v 4.667500 21.040001 -0.874698
v 4.667500 19.290291 -0.897346
v 4.695020 21.039570 -0.920018
v 4.694980 19.290432 -0.920018
v 4.694980 21.039570 -0.874698
v 4.695020 19.290432 -0.874698
v 4.673628 21.040001 -0.889784
v 4.722500 21.040001 -0.874698
v 4.667500 21.040001 -0.920018
v 4.716372 21.040001 -0.904932
v 4.716372 19.290001 -0.889784
v 4.667500 19.290001 -0.874698
v 4.722500 19.290001 -0.920018
v 4.673628 19.290001 -0.904932
v 4.722500 21.039711 0.034235
v 4.722500 19.290001 0.056884
v 4.722500 21.040001 0.011564
v 4.722500 19.290291 0.034213
v 4.667500 21.039711 0.034213
v 4.667500 19.290001 0.011564
v 4.667500 21.040001 0.056884
v 4.667500 19.290291 0.034235
v 4.695020 21.039570 0.011564
v 4.722500 19.290001 0.011564
v 4.694980 19.290432 0.011564
v 4.694980 21.039570 0.056884
v 4.667500 19.290001 0.056884
v 4.722500 21.040001 0.056884
v 4.695020 19.290432 0.056884
v 4.673628 21.040001 0.041798
v 4.667500 21.040001 0.011564
v 4.716372 21.040001 0.026650
v 4.716372 19.290001 0.041798
v 4.673628 19.290001 0.026650
v 4.722500 21.039711 0.965817
v 4.722500 19.290001 0.988466
v 4.722500 21.040001 0.943146
v 4.722500 19.290291 0.965795
v 4.667500 21.039711 0.965795
v 4.667500 19.290001 0.943146
v 4.667500 21.040001 0.988466
v 4.667500 19.290291 0.965817
v 4.695020 21.039570 0.943146
v 4.722500 19.290001 0.943146
v 4.694980 19.290432 0.943146
v 4.694980 21.039570 0.988466
v 4.722500 21.040001 0.988466
v 4.695020 19.290432 0.988466
v 4.673628 21.040001 0.973380
v 4.667500 21.040001 0.943146
v 4.716372 21.040001 0.958232
v 4.716372 19.290001 0.973380
v 4.667500 19.290001 0.988466
v 4.673628 19.290001 0.958232
v 4.835000 19.250044 1.080850
v 4.835000 19.249956 -1.012402
v 4.595000 19.290001 1.081624
v 4.595000 19.250044 -1.012402
v 4.595000 19.249956 1.080850
v 4.828846 19.253077 -1.013176
v 4.601154 19.246923 -1.013176
v 4.835000 19.209999 -1.013176
v 4.601154 19.253077 1.081624
v 4.828846 19.246923 1.081624
v 4.595000 19.290001 -1.013176
v 4.835000 19.290001 1.081624
v 4.835000 19.290001 -1.013176
v 4.835000 19.209999 1.081624
v 4.595000 19.209999 1.081624
v 4.595000 19.209999 -1.013176
v 4.650000 21.070000 1.549933
v 4.650000 19.250000 3.554093
v 4.650000 19.250000 1.549933
v 4.500000 21.070000 3.554092
v 4.500000 21.070000 1.549933
v 4.500000 19.250000 1.549933
v 4.575380 21.066925 1.549933
v 4.574620 19.253075 1.549933
v 4.574620 21.066925 3.554093
v 4.500000 19.250000 3.554093
v 4.575380 19.253075 3.554093
v 4.574682 21.070000 3.551258
v 4.575318 21.070000 1.552768
v 4.650000 21.070000 3.554092
v 4.575318 19.250000 3.551258
v 4.574682 19.250000 1.552768
v 4.677500 21.000000 1.620431
v 4.677500 19.320000 3.483595
v 4.652500 19.320000 1.620431
v 4.652500 21.000000 3.483594
v 4.665002 20.999907 1.620431
v 4.677500 19.320000 1.620431
v 4.664998 19.320093 1.620431
v 4.664998 20.999907 3.483594
v 4.665002 19.320093 3.483594
v 4.652500 21.000000 1.620431
v 4.664998 21.000000 3.483509
v 4.665002 21.000000 1.620516
v 4.677500 21.000000 3.483594
v 4.665002 19.320000 3.483510
v 4.664998 19.320000 1.620516
v 4.652500 19.320000 3.483595
v 4.722500 21.039711 1.620442
v 4.722500 19.290001 1.643091
v 4.722500 21.040001 1.597771
v 4.722500 19.290291 1.620420
v 4.667500 21.039711 1.620420
v 4.667500 19.290001 1.597771
v 4.667500 21.040001 1.643091
v 4.667500 19.290291 1.620442
v 4.695020 21.039570 1.597771
v 4.694980 19.290432 1.597771
v 4.694980 21.039570 1.643091
v 4.667500 19.290001 1.643091
v 4.722500 21.040001 1.643091
v 4.695020 19.290432 1.643091
v 4.673628 21.040001 1.628005
v 4.667500 21.040001 1.597771
v 4.716372 21.040001 1.612857
v 4.716372 19.290001 1.628005
v 4.722500 19.290001 1.597771
v 4.673628 19.290001 1.612857
v 4.722500 21.039711 2.552024
v 4.722500 19.290001 2.574673
v 4.722500 21.040001 2.529352
v 4.722500 19.290291 2.552002
v 4.667500 21.039711 2.552001
v 4.667500 19.290001 2.529353
v 4.667500 21.040001 2.574673
v 4.667500 19.290291 2.552024
v 4.695020 21.039570 2.529353
v 4.667500 21.040001 2.529352
v 4.694980 19.290432 2.529353
v 4.694980 21.039570 2.574673
v 4.667500 19.290001 2.574673
v 4.722500 21.040001 2.574673
v 4.695020 19.290432 2.574673
v 4.673628 21.040001 2.559587
v 4.716372 21.040001 2.544438
v 4.716372 19.290001 2.559587
v 4.722500 19.290001 2.529353
v 4.673628 19.290001 2.544439
v 4.722500 21.039711 3.483605
v 4.722500 19.290001 3.506255
v 4.722500 21.040001 3.460934
v 4.722500 19.290291 3.483583
v 4.667500 21.039711 3.483583
v 4.667500 19.290001 3.460934
v 4.667500 21.040001 3.506254
v 4.667500 19.290291 3.483606
v 4.695020 21.039570 3.460934
v 4.694980 19.290432 3.460934
v 4.694980 21.039570 3.506254
v 4.722500 21.040001 3.506254
v 4.695020 19.290432 3.506254
v 4.673628 21.040001 3.491168
v 4.667500 21.040001 3.460934
v 4.716372 21.040001 3.476020
v 4.716372 19.290001 3.491169
v 4.667500 19.290001 3.506255
v 4.722500 19.290001 3.460934
v 4.673628 19.290001 3.476020
v 4.835000 19.290001 1.504613
v 4.835000 19.250044 3.598639
v 4.835000 19.249956 1.505387
v 4.835000 19.209999 3.599413
v 4.595000 19.290001 3.599413
v 4.595000 19.250044 1.505387
v 4.595000 19.249956 3.598639
v 4.595000 19.290001 1.504613
v 4.828846 19.253077 1.504613
v 4.601154 19.246923 1.504613
v 4.601154 19.253077 3.599413
v 4.828846 19.246923 3.599413
v 4.595000 19.209999 3.599413
v 4.835000 19.290001 3.599413
v 4.835000 19.209999 1.504613
v 4.595000 19.209999 1.504613
v -0.625000 2.420000 -4.145304
v 0.625000 0.170000 -4.145304
v 0.625000 2.420000 -4.004308
v -0.625000 0.170000 -4.004308
v -0.625000 2.417828 -4.075010
v -0.625000 0.170000 -4.145304
v -0.625000 2.420000 -4.004308
v -0.625000 0.172171 -4.074602
v 0.625000 2.417828 -4.074602
v 0.625000 0.170000 -4.004308
v 0.625000 0.172171 -4.075010
v 0.621117 2.420000 -4.074149
v -0.621117 2.420000 -4.075462
v 0.625000 2.420000 -4.145304
v 0.621117 0.170000 -4.075462
v -0.621117 0.170000 -4.074149
v -0.550000 2.340000 -4.180553
v 0.550000 0.240000 -4.180553
v -0.550000 0.240000 -4.150340
v 0.550000 2.340000 -4.150340
v 0.550000 0.240000 -4.150340
v -0.550000 2.339893 -4.165449
v -0.550000 0.240000 -4.180553
v -0.550000 2.340000 -4.150340
v -0.550000 0.240107 -4.165444
v 0.550000 2.339893 -4.165444
v 0.550000 0.240107 -4.165449
v 0.549796 2.340000 -4.165438
v -0.549796 2.340000 -4.165455
v 0.550000 2.340000 -4.180553
v 0.549796 0.240000 -4.165455
v -0.549796 0.240000 -4.165438
v 0.000008 2.339759 -4.220837
v 0.022500 0.240000 -4.220837
v -0.022500 2.340000 -4.220837
v -0.000008 0.240241 -4.220837
v -0.000008 2.339759 -4.170482
v -0.022500 0.240000 -4.170482
v 0.022500 2.340000 -4.170482
v 0.000008 0.240241 -4.170482
v -0.022500 2.339702 -4.195671
v -0.022500 0.240297 -4.195649
v 0.022500 2.339702 -4.195649
v 0.022500 0.240297 -4.195671
v 0.008503 2.340000 -4.176825
v 0.022500 2.340000 -4.220837
v -0.022500 2.340000 -4.170482
v -0.008503 2.340000 -4.214494
v 0.008503 0.240000 -4.214494
v 0.022500 0.240000 -4.170482
v -0.022500 0.240000 -4.220837
v -0.008503 0.240000 -4.176825
v -0.119900 1.399238 -4.291336
v -0.102500 1.000000 -4.291336
v -0.137500 1.400000 -4.291336
v -0.120100 1.000761 -4.291336
v -0.120100 1.399238 -4.220837
v -0.137500 1.000000 -4.220837
v -0.102500 1.400000 -4.220837
v -0.119900 1.000761 -4.220837
v -0.137500 1.397006 -4.256878
v -0.137500 1.002993 -4.255295
v -0.102500 1.397006 -4.255295
v -0.102500 1.000000 -4.220837
v -0.102500 1.400000 -4.291336
v -0.102500 1.002993 -4.256878
v -0.117237 1.400000 -4.224547
v -0.137500 1.400000 -4.220837
v -0.122763 1.400000 -4.287625
v -0.117237 1.000000 -4.287625
v -0.137500 1.000000 -4.291336
v -0.122763 1.000000 -4.224547
v 0.120100 1.399238 -4.291336
v 0.137500 1.000000 -4.291336
v 0.102500 1.400000 -4.291336
v 0.119900 1.000761 -4.291336
v 0.119900 1.399238 -4.220837
v 0.102500 1.000000 -4.220837
v 0.137500 1.400000 -4.220837
v 0.120100 1.000761 -4.220837
v 0.102500 1.397006 -4.256878
v 0.102500 1.400000 -4.220837
v 0.102500 1.002993 -4.255295
v 0.137500 1.397006 -4.255295
v 0.137500 1.002993 -4.256878
v 0.122763 1.400000 -4.224547
v 0.137500 1.400000 -4.291336
v 0.117237 1.400000 -4.287625
v 0.122763 1.000000 -4.287625
v 0.137500 1.000000 -4.220837
v 0.102500 1.000000 -4.291336
v 0.117237 1.000000 -4.224547
v -1.405000 0.250000 -4.120126
v -3.595000 0.250000 -3.969059
v -3.595000 2.387381 -4.044869
v -3.595000 0.250000 -4.120126
v -3.595000 2.390000 -3.969059
v -3.595000 0.252619 -4.044315
v -1.405000 2.387381 -4.044315
v -1.405000 0.250000 -3.969059
v -1.405000 0.252619 -4.044869
v -1.405000 2.390000 -3.969059
v -1.405000 2.390000 -4.120126
v -3.595000 2.390000 -4.120126
v -3.525000 2.320000 -4.147822
v -1.475000 0.320000 -4.147822
v -3.525000 0.320000 -4.147822
v -1.475000 2.320000 -4.122644
v -3.525000 0.320000 -4.122644
v -3.525000 2.319921 -4.135234
v -3.525000 0.320078 -4.135231
v -1.475000 2.319921 -4.135231
v -1.475000 2.320000 -4.147822
v -1.475000 0.320078 -4.135234
v -3.525000 2.320000 -4.122644
v -1.475076 2.320000 -4.135231
v -3.524924 2.320000 -4.135234
v -1.475076 0.320000 -4.135234
v -3.524924 0.320000 -4.135231
v -1.475000 0.320000 -4.122644
v -3.524992 2.359755 -4.193142
v -3.502500 0.290000 -4.193142
v -3.547500 2.360000 -4.193142
v -3.525008 0.290244 -4.193142
v -3.525008 2.359755 -4.137750
v -3.547500 0.290000 -4.137750
v -3.502500 2.360000 -4.137750
v -3.524992 0.290244 -4.137750
v -3.547500 2.359634 -4.165461
v -3.547500 0.290000 -4.193142
v -3.547500 2.360000 -4.137750
v -3.547500 0.290365 -4.165431
v -3.502500 2.359634 -4.165431
v -3.502500 0.290365 -4.165461
v -3.517479 2.360000 -4.143922
v -3.502500 2.360000 -4.193142
v -3.532521 2.360000 -4.186971
v -3.517479 0.290000 -4.186971
v -3.502500 0.290000 -4.137750
v -3.532521 0.290000 -4.143922
v -2.499992 2.359755 -4.193142
v -2.477500 0.290000 -4.193142
v -2.522500 2.360000 -4.193142
v -2.500008 0.290244 -4.193142
v -2.500008 2.359755 -4.137750
v -2.522500 0.290000 -4.137750
v -2.477500 2.360000 -4.137750
v -2.499992 0.290244 -4.137750
v -2.522500 2.359634 -4.165461
v -2.522500 2.360000 -4.137750
v -2.522500 0.290365 -4.165431
v -2.477500 2.359634 -4.165431
v -2.477500 0.290000 -4.137750
v -2.477500 2.360000 -4.193142
v -2.477500 0.290365 -4.165461
v -2.492479 2.360000 -4.143922
v -2.507521 2.360000 -4.186971
v -2.492479 0.290000 -4.186971
v -2.522500 0.290000 -4.193142
v -2.507521 0.290000 -4.143922
v -1.474992 2.359755 -4.193142
v -1.452500 0.290000 -4.193142
v -1.497500 2.360000 -4.193142
v -1.475008 0.290244 -4.193142
v -1.475008 2.359755 -4.137750
v -1.497500 0.290000 -4.137750
v -1.452500 2.360000 -4.137750
v -1.474992 0.290244 -4.137750
v -1.497500 2.359634 -4.165461
v -1.497500 0.290000 -4.193142
v -1.497500 2.360000 -4.137750
v -1.497500 0.290365 -4.165431
v -1.452500 2.359634 -4.165431
v -1.452500 0.290000 -4.137750
v -1.452500 2.360000 -4.193142
v -1.452500 0.290365 -4.165461
v -1.467479 2.360000 -4.143922
v -1.482520 2.360000 -4.186971
v -1.467479 0.290000 -4.186971
v -1.482520 0.290000 -4.143922
v -1.360701 0.250037 -4.306443
v -3.639299 0.249963 -4.306443
v -1.360000 0.290000 -4.064735
v -3.639299 0.250037 -4.064735
v -1.360701 0.249963 -4.064735
v -3.640000 0.253077 -4.300244
v -3.640000 0.246923 -4.070932
v -1.360000 0.253077 -4.070932
v -1.360000 0.246923 -4.300244
v -1.360000 0.210000 -4.064735
v -3.640000 0.290000 -4.064735
v -1.360000 0.290000 -4.306442
v -3.640000 0.290000 -4.306442
v -3.640000 0.210000 -4.306442
v -1.360000 0.210000 -4.306442
v -3.640000 0.210000 -4.064735
v -1.175000 3.140000 -4.351762
v -3.825000 3.140000 -4.351762
v -1.175000 2.500000 -4.351762
v -3.825000 2.500000 -4.200695
v -3.825000 3.131559 -4.279217
v -3.825000 2.508441 -4.273240
v -1.175000 3.131559 -4.273240
v -1.175000 2.500000 -4.200695
v -1.175000 2.508441 -4.279217
v -3.825000 3.140000 -4.200695
v -1.175000 3.140000 -4.200695
v -3.825000 2.500000 -4.351762
v -1.205000 3.110000 -4.357805
v -1.205000 2.530000 -4.357805
v -3.795000 3.110000 -4.357805
v -3.795000 2.530000 -4.357805
v -3.825000 2.470000 -4.810000
v -1.176356 2.410092 -4.810000
v -3.823644 2.409907 -4.810000
v -1.175000 2.470000 -4.024450
v -3.823644 2.410092 -4.024450
v -1.176356 2.409908 -4.024450
v -3.825000 2.350000 -4.024450
v -3.825000 2.411046 -4.805433
v -3.825000 2.408953 -4.029017
v -1.175000 2.411046 -4.029017
v -1.175000 2.408953 -4.805433
v -3.825000 2.470000 -4.024450
v -1.175000 2.470000 -4.810000
v -1.175000 2.349999 -4.810000
v -3.825000 2.349999 -4.810000
v -1.175000 2.350000 -4.024450
v 3.495000 2.390000 -4.120126
v 1.305000 2.390000 -4.120126
v 3.495000 0.250000 -3.969059
v 1.305000 2.387381 -4.044869
v 1.305000 0.250000 -4.120126
v 1.305000 0.252619 -4.044315
v 3.495000 2.387381 -4.044315
v 3.495000 0.252619 -4.044869
v 1.305000 2.390000 -3.969059
v 3.495000 2.390000 -3.969059
v 1.307559 2.390000 -4.044857
v 3.495000 0.250000 -4.120126
v 1.305000 0.250000 -3.969059
v 1.375000 2.320000 -4.147822
v 3.425000 2.320000 -4.147822
v 3.425000 0.320000 -4.147822
v 1.375000 0.320000 -4.147822
v 3.425000 2.320000 -4.122644
v 1.375000 0.320000 -4.122644
v 1.375000 2.319921 -4.135234
v 1.375000 2.320000 -4.122644
v 1.375000 0.320078 -4.135231
v 3.425000 2.319921 -4.135231
v 3.425000 0.320000 -4.122644
v 3.425000 0.320078 -4.135234
v 3.424924 2.320000 -4.135231
v 1.375076 2.320000 -4.135234
v 3.424924 0.320000 -4.135234
v 1.375076 0.320000 -4.135231
v 1.375008 2.359755 -4.193142
v 1.397500 0.290000 -4.193142
v 1.352500 2.360000 -4.193142
v 1.374992 0.290244 -4.193142
v 1.374992 2.359755 -4.137750
v 1.352500 0.290000 -4.137750
v 1.397500 2.360000 -4.137750
v 1.375008 0.290244 -4.137750
v 1.352500 2.359634 -4.165461
v 1.352500 0.290000 -4.193142
v 1.352500 2.360000 -4.137750
v 1.352500 0.290365 -4.165431
v 1.397500 2.359634 -4.165431
v 1.397500 2.360000 -4.193142
v 1.397500 0.290365 -4.165461
v 1.382521 2.360000 -4.143922
v 1.367479 2.360000 -4.186971
v 1.382521 0.290000 -4.186971
v 1.397500 0.290000 -4.137750
v 1.367479 0.290000 -4.143922
v 2.400008 2.359755 -4.193142
v 2.422500 0.290000 -4.193142
v 2.377500 2.360000 -4.193142
v 2.399992 0.290244 -4.193142
v 2.399992 2.359755 -4.137750
v 2.377500 0.290000 -4.137750
v 2.422500 2.360000 -4.137750
v 2.400008 0.290244 -4.137750
v 2.377500 2.359634 -4.165461
v 2.377500 0.290000 -4.193142
v 2.377500 0.290365 -4.165431
v 2.422500 2.359634 -4.165431
v 2.422500 0.290000 -4.137750
v 2.422500 0.290365 -4.165461
v 2.407521 2.360000 -4.143922
v 2.422500 2.360000 -4.193142
v 2.377500 2.360000 -4.137750
v 2.392479 2.360000 -4.186971
v 2.407521 0.290000 -4.186971
v 2.392479 0.290000 -4.143922
v 3.425008 2.359755 -4.193142
v 3.447500 0.290000 -4.193142
v 3.402500 2.360000 -4.193142
v 3.424992 0.290244 -4.193142
v 3.424992 2.359755 -4.137750
v 3.402500 0.290000 -4.137750
v 3.447500 2.360000 -4.137750
v 3.425008 0.290244 -4.137750
v 3.402500 2.359634 -4.165461
v 3.402500 2.360000 -4.137750
v 3.402500 0.290365 -4.165431
v 3.447500 2.359634 -4.165431
v 3.447500 2.360000 -4.193142
v 3.447500 0.290365 -4.165461
v 3.432521 2.360000 -4.143922
v 3.417479 2.360000 -4.186971
v 3.432521 0.290000 -4.186971
v 3.447500 0.290000 -4.137750
v 3.402500 0.290000 -4.193142
v 3.417479 0.290000 -4.143922
v 1.260000 0.290000 -4.306442
v 3.539299 0.250037 -4.306443
v 1.260701 0.249963 -4.306443
v 3.540000 0.210000 -4.306442
v 1.260701 0.250037 -4.064735
v 3.539299 0.249963 -4.064735
v 1.260000 0.290000 -4.064735
v 1.260000 0.253077 -4.300244
v 1.260000 0.246923 -4.070932
v 3.540000 0.290000 -4.306442
v 3.540000 0.253077 -4.070932
v 3.540000 0.246923 -4.300244
v 3.540000 0.290000 -4.064735
v 1.260000 0.210000 -4.306442
v 3.540000 0.210000 -4.064735
v 1.260000 0.210000 -4.064735
v 1.075000 3.131559 -4.279217
v 1.075000 2.508441 -4.273240
v 3.725000 3.131559 -4.273240
v 3.725000 2.500000 -4.200695
v 3.725000 2.508441 -4.279217
v 3.725000 3.140000 -4.200695
v 1.075000 3.140000 -4.200695
v 3.725000 3.140000 -4.351762
v 1.075000 3.140000 -4.351762
v 1.075000 2.500000 -4.351762
v 3.725000 2.500000 -4.351762
v 1.075000 2.500000 -4.200695
v 1.105000 3.110000 -4.357805
v 3.695000 3.110000 -4.357805
v 3.695000 2.530000 -4.357805
v 1.105000 2.530000 -4.357805
v 1.075000 2.470000 -4.810000
v 3.723644 2.410092 -4.810000
v 1.076356 2.409907 -4.810000
v 3.725000 2.349999 -4.810000
v 1.076356 2.410092 -4.024450
v 3.723644 2.409908 -4.024450
v 1.075000 2.350000 -4.024450
v 1.075000 2.411046 -4.805433
v 1.075000 2.408953 -4.029017
v 3.725000 2.411046 -4.029017
v 3.725000 2.408953 -4.805433
v 3.725000 2.470000 -4.024450
v 1.075000 2.470000 -4.024450
v 3.725000 2.470000 -4.810000
v 1.075000 2.349999 -4.810000
v 3.725000 2.350000 -4.024450
v -4.780000 3.100000 -3.732387
v -4.780000 3.100000 -3.047548
v -4.620000 3.100000 -3.732387
v -4.780000 5.349999 -3.732387
v -4.620000 3.100000 -3.047548
v -4.785000 5.320000 -3.702173
v -4.785000 5.320000 -3.077762
v -4.785000 3.130000 -3.702173
v -4.785000 3.130000 -3.077761
v -4.620000 5.349999 -3.732387
v -4.780000 5.350000 -3.047548
v -4.620000 5.350000 -3.047548
v -4.615000 5.320000 -3.077762
v -4.615000 3.130000 -3.077761
v -4.615000 5.320000 -3.702173
v -4.615000 3.130000 -3.702173
v 4.420000 -0.000000 -4.679075
v 3.640000 -0.000000 -3.994236
v 3.640000 1.830000 -3.994236
v 3.640000 1.830000 -4.679075
v 3.640000 -0.000000 -4.679075
v 4.420000 -0.000000 -3.994236
v 4.420000 1.830000 -3.994236
v 4.420000 1.830000 -4.679075
v 3.710000 1.650000 -4.701735
v 4.350000 0.630000 -4.701735
v 4.350000 1.650000 -4.676557
v 3.710000 0.630000 -4.676557
v 4.350000 0.630000 -4.676557
v 3.710000 1.649847 -4.689151
v 3.710000 1.650000 -4.676557
v 3.710000 0.630153 -4.689140
v 4.350000 1.649847 -4.689140
v 4.350000 1.650000 -4.701735
v 4.350000 0.630153 -4.689151
v 4.349756 1.650000 -4.689131
v 3.710244 1.650000 -4.689160
v 3.710000 0.630000 -4.701735
v 4.349756 0.630000 -4.689160
v 3.710244 0.630000 -4.689131
v 3.807491 0.941343 -4.739501
v 3.837500 0.820000 -4.739501
v 3.762500 0.950000 -4.739501
v 3.792509 0.828656 -4.739501
v 3.792509 0.941343 -4.699217
v 3.762500 0.820000 -4.699217
v 3.837500 0.950000 -4.699217
v 3.807491 0.828656 -4.699217
v 3.762500 0.947127 -4.720695
v 3.762500 0.822873 -4.718024
v 3.837500 0.947127 -4.718024
v 3.837500 0.820000 -4.699217
v 3.837500 0.822873 -4.720695
v 3.762500 0.950000 -4.699217
v 3.833105 0.950000 -4.715818
v 3.766896 0.950000 -4.722901
v 3.837500 0.950000 -4.739501
v 3.762500 0.820000 -4.739501
v 3.833105 0.820000 -4.722901
v 3.766896 0.820000 -4.715818
v 3.957491 0.941343 -4.739501
v 3.987500 0.820000 -4.739501
v 3.912500 0.950000 -4.739501
v 3.942509 0.828656 -4.739501
v 3.942509 0.941343 -4.699217
v 3.912500 0.820000 -4.699217
v 3.987500 0.950000 -4.699217
v 3.957491 0.828656 -4.699217
v 3.912500 0.947127 -4.720695
v 3.912500 0.820000 -4.739501
v 3.912500 0.950000 -4.699217
v 3.912500 0.822873 -4.718024
v 3.987500 0.947127 -4.718024
v 3.987500 0.820000 -4.699217
v 3.987500 0.822873 -4.720695
v 3.983104 0.950000 -4.715818
v 3.916895 0.950000 -4.722901
v 3.987500 0.950000 -4.739501
v 3.983104 0.820000 -4.722901
v 3.916895 0.820000 -4.715818
v 4.107491 0.941343 -4.739501
v 4.137500 0.820000 -4.739501
v 4.062500 0.950000 -4.739501
v 4.092509 0.828656 -4.739501
v 4.092509 0.941343 -4.699217
v 4.062500 0.820000 -4.699217
v 4.137500 0.950000 -4.699217
v 4.107491 0.828656 -4.699217
v 4.062500 0.947127 -4.720695
v 4.062500 0.820000 -4.739501
v 4.062500 0.822873 -4.718024
v 4.137500 0.947127 -4.718024
v 4.137500 0.822873 -4.720695
v 4.062500 0.950000 -4.699217
v 4.133104 0.950000 -4.715818
v 4.066895 0.950000 -4.722901
v 4.137500 0.950000 -4.739501
v 4.133104 0.820000 -4.722901
v 4.066895 0.820000 -4.715818
v 4.137500 0.820000 -4.699217
v 4.257491 0.941343 -4.739501
v 4.287500 0.820000 -4.739501
v 4.212500 0.950000 -4.739501
v 4.242509 0.828656 -4.739501
v 4.242509 0.941343 -4.699217
v 4.212500 0.820000 -4.699217
v 4.287500 0.950000 -4.699217
v 4.257491 0.828656 -4.699217
v 4.212501 0.947127 -4.720695
v 4.212500 0.820000 -4.739501
v 4.212501 0.822873 -4.718024
v 4.287500 0.947127 -4.718024
v 4.287500 0.820000 -4.699217
v 4.287500 0.950000 -4.739501
v 4.287500 0.822873 -4.720695
v 4.212500 0.950000 -4.699217
v 4.283104 0.950000 -4.715818
v 4.216896 0.950000 -4.722901
v 4.283104 0.820000 -4.722901
v 4.216896 0.820000 -4.715818
v 3.807491 1.171343 -4.739501
v 3.837500 1.050000 -4.739501
v 3.762500 1.180000 -4.739501
v 3.792509 1.058656 -4.739501
v 3.792509 1.171343 -4.699217
v 3.762500 1.050000 -4.699217
v 3.837500 1.180000 -4.699217
v 3.807491 1.058656 -4.699217
v 3.762500 1.177127 -4.720695
v 3.762500 1.050000 -4.739501
v 3.762500 1.052873 -4.718024
v 3.837500 1.177127 -4.718024
v 3.837500 1.180000 -4.739501
v 3.837500 1.052873 -4.720695
v 3.762500 1.180000 -4.699217
v 3.833105 1.180000 -4.715818
v 3.766896 1.180000 -4.722901
v 3.833105 1.050000 -4.722901
v 3.766896 1.050000 -4.715818
v 3.837500 1.050000 -4.699217
v 3.957491 1.171343 -4.739501
v 3.987500 1.050000 -4.739501
v 3.912500 1.180000 -4.739501
v 3.942509 1.058656 -4.739501
v 3.942509 1.171343 -4.699217
v 3.912500 1.050000 -4.699217
v 3.987500 1.180000 -4.699217
v 3.957491 1.058656 -4.699217
v 3.912500 1.177127 -4.720695
v 3.912500 1.052873 -4.718024
v 3.987500 1.177127 -4.718024
v 3.987500 1.050000 -4.699217
v 3.987500 1.052873 -4.720695
v 3.912500 1.180000 -4.699217
v 3.983104 1.180000 -4.715818
v 3.916895 1.180000 -4.722901
v 3.987500 1.180000 -4.739501
v 3.912500 1.050000 -4.739501
v 3.983104 1.050000 -4.722901
v 3.916895 1.050000 -4.715818
v 4.107491 1.171343 -4.739501
v 4.137500 1.050000 -4.739501
v 4.062500 1.180000 -4.739501
v 4.092509 1.058656 -4.739501
v 4.092509 1.171343 -4.699217
v 4.062500 1.050000 -4.699217
v 4.137500 1.180000 -4.699217
v 4.107491 1.058656 -4.699217
v 4.062500 1.177127 -4.720695
v 4.062500 1.050000 -4.739501
v 4.062500 1.052873 -4.718024
v 4.137500 1.177127 -4.718024
v 4.137500 1.050000 -4.699217
v 4.137500 1.180000 -4.739501
v 4.137500 1.052873 -4.720695
v 4.062500 1.180000 -4.699217
v 4.133104 1.180000 -4.715818
v 4.066895 1.180000 -4.722901
v 4.133104 1.050000 -4.722901
v 4.066895 1.050000 -4.715818
v 4.257491 1.171343 -4.739501
v 4.287500 1.050000 -4.739501
v 4.212500 1.180000 -4.739501
v 4.242509 1.058656 -4.739501
v 4.242509 1.171343 -4.699217
v 4.212500 1.050000 -4.699217
v 4.287500 1.180000 -4.699217
v 4.257491 1.058656 -4.699217
v 4.212501 1.177127 -4.720695
v 4.212500 1.180000 -4.699217
v 4.212501 1.052873 -4.718024
v 4.287500 1.177127 -4.718024
v 4.287500 1.180000 -4.739501
v 4.287500 1.052873 -4.720695
v 4.283104 1.180000 -4.715818
v 4.216896 1.180000 -4.722901
v 4.212500 1.050000 -4.739501
v 4.283104 1.050000 -4.722901
v 4.216896 1.050000 -4.715818
v 4.287500 1.050000 -4.699217
v 3.807491 1.401343 -4.739501
v 3.837500 1.280000 -4.739501
v 3.762500 1.410000 -4.739501
v 3.792509 1.288656 -4.739501
v 3.792509 1.401343 -4.699217
v 3.762500 1.280000 -4.699217
v 3.837500 1.410000 -4.699217
v 3.807491 1.288656 -4.699217
v 3.762500 1.407127 -4.720695
v 3.762500 1.282873 -4.718024
v 3.837500 1.407127 -4.718024
v 3.837500 1.280000 -4.699217
v 3.837500 1.282873 -4.720695
v 3.762500 1.410000 -4.699217
v 3.833105 1.410000 -4.715818
v 3.766896 1.410000 -4.722901
v 3.837500 1.410000 -4.739501
v 3.762500 1.280000 -4.739501
v 3.833105 1.280000 -4.722901
v 3.766896 1.280000 -4.715818
v 3.957491 1.401343 -4.739501
v 3.987500 1.280000 -4.739501
v 3.912500 1.410000 -4.739501
v 3.942509 1.288656 -4.739501
v 3.942509 1.401343 -4.699217
v 3.912500 1.280000 -4.699217
v 3.987500 1.410000 -4.699217
v 3.957491 1.288656 -4.699217
v 3.912500 1.407127 -4.720695
v 3.912500 1.282873 -4.718024
v 3.987500 1.407127 -4.718024
v 3.987500 1.280000 -4.699217
v 3.987500 1.410000 -4.739501
v 3.987500 1.282873 -4.720695
v 3.912500 1.410000 -4.699217
v 3.983104 1.410000 -4.715818
v 3.916895 1.410000 -4.722901
v 3.912500 1.280000 -4.739501
v 3.983104 1.280000 -4.722901
v 3.916895 1.280000 -4.715818
v 4.107491 1.401343 -4.739501
v 4.137500 1.280000 -4.739501
v 4.062500 1.410000 -4.739501
v 4.092509 1.288656 -4.739501
v 4.092509 1.401343 -4.699217
v 4.062500 1.280000 -4.699217
v 4.137500 1.410000 -4.699217
v 4.107491 1.288656 -4.699217
v 4.062500 1.407127 -4.720695
v 4.062500 1.280000 -4.739501
v 4.062500 1.282873 -4.718024
v 4.137500 1.407127 -4.718024
v 4.137500 1.410000 -4.739501
v 4.137500 1.282873 -4.720695
v 4.062500 1.410000 -4.699217
v 4.133104 1.410000 -4.715818
v 4.066895 1.410000 -4.722901
v 4.133104 1.280000 -4.722901
v 4.066895 1.280000 -4.715818
v 4.137500 1.280000 -4.699217
v 4.257491 1.401343 -4.739501
v 4.287500 1.280000 -4.739501
v 4.212500 1.410000 -4.739501
v 4.242509 1.288656 -4.739501
v 4.242509 1.401343 -4.699217
v 4.212500 1.280000 -4.699217
v 4.287500 1.410000 -4.699217
v 4.257491 1.288656 -4.699217
v 4.212501 1.407127 -4.720695
v 4.212500 1.280000 -4.739501
v 4.212500 1.410000 -4.699217
v 4.212501 1.282873 -4.718024
v 4.287500 1.407127 -4.718024
v 4.287500 1.280000 -4.699217
v 4.287500 1.282873 -4.720695
v 4.283104 1.410000 -4.715818
v 4.216896 1.410000 -4.722901
v 4.287500 1.410000 -4.739501
v 4.283104 1.280000 -4.722901
v 4.216896 1.280000 -4.715818
v -4.300000 -0.000000 -4.709289
v -3.700000 0.160000 -4.004308
v -3.700000 -0.000000 -4.709289
v -3.700000 0.160000 -4.709289
v -4.300000 0.160000 -4.004308
v -4.300000 0.160000 -4.709289
v -3.700000 -0.000000 -4.004308
v -4.300000 -0.000000 -4.004308
v -4.350000 0.660000 -4.684111
v -4.350000 0.160000 -4.684111
v -4.350000 0.660000 -4.029485
v -3.650000 0.660000 -4.029485
v -3.650000 0.160000 -4.684111
v -3.650000 0.660000 -4.684111
v -3.650000 0.160000 -4.029485
v -4.350000 0.160000 -4.029485
v -2.625000 0.150000 -4.522972
v -3.275000 1.300000 -4.522972
v -3.275000 0.150000 -4.371905
v -2.625000 1.300000 -4.371905
v -2.625000 0.150000 -4.371905
v -3.275000 1.295170 -4.448390
v -3.275000 0.150000 -4.522972
v -3.275000 0.154829 -4.446487
v -2.625000 1.295170 -4.446487
v -2.625000 1.300000 -4.522972
v -2.625000 0.154829 -4.448390
v -3.275000 1.300000 -4.371905
v -2.633322 1.300000 -4.444537
v -3.266679 1.300000 -4.450339
v -2.633322 0.150000 -4.450339
v -3.266679 0.150000 -4.444537
v -2.655000 1.270000 -4.529015
v -2.655000 0.180000 -4.529015
v -3.245000 1.270000 -4.529015
v -3.245000 0.180000 -4.529015
v 4.425000 0.400000 3.936798
v 4.425000 1.050000 4.390000
v 3.575000 0.400000 4.390000
v 4.425000 0.400000 4.390000
v 3.575000 1.050000 4.390000
v 4.425000 1.050000 3.936798
v 3.575000 1.050000 3.936798
v 3.575000 0.400000 3.936798
v 4.357030 0.638935 3.921691
v 4.375251 0.768180 3.921691
v 4.324193 0.879597 3.921691
v 4.224752 0.944877 3.921691
v 4.107397 0.948071 3.921691
v 4.275000 0.540814 3.921691
v 4.006107 0.889591 3.921691
v 3.950196 0.786361 3.921691
v 3.957009 0.667603 3.921691
v 4.027970 0.567677 3.921691
v 4.149010 0.518835 3.921691
v 4.058935 0.542970 3.901549
v 3.959497 0.656779 3.901549
v 3.948006 0.778798 3.901549
v 4.001484 0.885052 3.901549
v 4.101521 0.946496 3.901549
v 4.218479 0.946496 3.901549
v 4.160000 0.510000 3.901549
v 4.318516 0.885052 3.901549
v 4.371994 0.778798 3.901549
v 4.360503 0.656779 3.901549
v 4.261065 0.542970 3.901549
v 4.160000 0.510000 3.921691
v 4.045794 0.540601 3.911829
v 4.159205 0.510213 3.911412
v 4.045000 0.540814 3.901549
v 4.045000 0.540814 3.921691
v 3.961396 0.624419 3.911829
v 4.044418 0.541396 3.911412
v 3.960814 0.625000 3.901549
v 3.960814 0.625000 3.921691
v 3.930213 0.739206 3.911829
v 3.960601 0.625795 3.911412
v 3.930000 0.740000 3.901549
v 3.930000 0.740000 3.921691
v 3.960601 0.854206 3.911829
v 3.930213 0.740795 3.911412
v 3.960814 0.855000 3.901549
v 3.960814 0.855000 3.921691
v 4.044418 0.938605 3.911829
v 3.961396 0.855582 3.911412
v 4.045000 0.939186 3.901549
v 4.045000 0.939186 3.921691
v 4.159205 0.969787 3.911829
v 4.045794 0.939399 3.911412
v 4.160000 0.970000 3.901549
v 4.160000 0.970000 3.921691
v 4.274206 0.939399 3.911829
v 4.160794 0.969787 3.911412
v 4.275000 0.939186 3.901549
v 4.275000 0.939186 3.921691
v 4.358604 0.855582 3.911829
v 4.275582 0.938605 3.911412
v 4.359186 0.855000 3.901549
v 4.359186 0.855000 3.921691
v 4.389787 0.740795 3.911829
v 4.359399 0.854206 3.911412
v 4.390000 0.740000 3.901549
v 4.390000 0.740000 3.921691
v 4.359399 0.625795 3.911829
v 4.389787 0.739206 3.911412
v 4.359186 0.625000 3.901549
v 4.359186 0.625000 3.921691
v 4.275582 0.541396 3.911829
v 4.358604 0.624419 3.911412
v 4.275000 0.540814 3.901549
v 4.160794 0.510213 3.911829
v 4.274206 0.540601 3.911412
v 3.950000 0.595000 3.868818
v 4.369629 0.582533 3.868818
v 3.950371 0.582467 3.868818
v 4.370000 0.570000 3.868818
v 4.370000 0.595000 3.893996
v 3.950371 0.582533 3.893996
v 4.369629 0.582467 3.893996
v 3.950000 0.570000 3.893996
v 3.950000 0.587857 3.872415
v 3.950000 0.577143 3.890399
v 4.370000 0.595000 3.868818
v 4.370000 0.587857 3.890399
v 4.370000 0.577143 3.872415
v 4.370000 0.570000 3.893996
v 3.950000 0.595000 3.893996
v 4.369629 0.595000 3.881440
v 3.950371 0.595000 3.881373
v 3.950000 0.570000 3.868818
v 4.369629 0.570000 3.881373
v 3.950371 0.570000 3.881440
v 3.950000 0.662000 3.868818
v 4.369629 0.649533 3.868818
v 3.950371 0.649467 3.868818
v 4.370000 0.637000 3.868818
v 4.370000 0.662000 3.893996
v 3.950371 0.649533 3.893996
v 4.369629 0.649467 3.893996
v 3.950000 0.637000 3.893996
v 3.950000 0.662000 3.893996
v 3.950000 0.654857 3.872415
v 3.950000 0.644143 3.890399
v 3.950000 0.637000 3.868818
v 4.370000 0.662000 3.868818
v 4.370000 0.654857 3.890399
v 4.370000 0.644143 3.872415
v 4.369629 0.662000 3.881440
v 3.950371 0.662000 3.881373
v 4.369629 0.637000 3.881373
v 3.950371 0.637000 3.881440
v 4.370000 0.637000 3.893996
v 3.950000 0.729000 3.868818
v 4.369629 0.716533 3.868818
v 3.950371 0.716467 3.868818
v 4.370000 0.704000 3.868818
v 4.370000 0.729000 3.893996
v 3.950371 0.716533 3.893996
v 4.369629 0.716467 3.893996
v 3.950000 0.704000 3.893996
v 3.950000 0.721857 3.872415
v 3.950000 0.711143 3.890399
v 3.950000 0.704000 3.868818
v 4.370000 0.729000 3.868818
v 4.370000 0.721857 3.890399
v 4.370000 0.711143 3.872415
v 3.950000 0.729000 3.893996
v 4.369629 0.729000 3.881440
v 3.950371 0.729000 3.881373
v 4.369629 0.704000 3.881373
v 3.950371 0.704000 3.881440
v 4.370000 0.704000 3.893996
v 3.950000 0.796000 3.868818
v 4.369629 0.783533 3.868818
v 3.950371 0.783467 3.868818
v 4.370000 0.771000 3.868818
v 4.370000 0.796000 3.893996
v 3.950371 0.783533 3.893996
v 4.369629 0.783467 3.893996
v 3.950000 0.771000 3.893996
v 3.950000 0.796000 3.893996
v 3.950000 0.788857 3.872415
v 3.950000 0.778143 3.890399
v 3.950000 0.771000 3.868818
v 4.370000 0.796000 3.868818
v 4.370000 0.788857 3.890399
v 4.370000 0.778143 3.872415
v 4.369629 0.796000 3.881440
v 3.950371 0.796000 3.881373
v 4.369629 0.771000 3.881373
v 3.950371 0.771000 3.881440
v 4.370000 0.771000 3.893996
v 3.950000 0.863000 3.868818
v 4.369629 0.850533 3.868818
v 3.950371 0.850467 3.868818
v 4.370000 0.838000 3.868818
v 4.370000 0.863000 3.893996
v 3.950371 0.850533 3.893996
v 4.369629 0.850467 3.893996
v 3.950000 0.838000 3.893996
v 3.950000 0.863000 3.893996
v 3.950000 0.855857 3.872415
v 3.950000 0.845143 3.890399
v 3.950000 0.838000 3.868818
v 4.370000 0.855857 3.890399
v 4.370000 0.845143 3.872415
v 4.370000 0.838000 3.893996
v 4.369629 0.863000 3.881440
v 3.950371 0.863000 3.881373
v 4.370000 0.863000 3.868818
v 4.369629 0.838000 3.881373
v 3.950371 0.838000 3.881440
v 3.950000 0.930000 3.868818
v 4.369629 0.917533 3.868818
v 3.950371 0.917467 3.868818
v 4.370000 0.905000 3.868818
v 4.370000 0.930000 3.893996
v 3.950371 0.917533 3.893996
v 4.369629 0.917467 3.893996
v 3.950000 0.905000 3.893996
v 3.950000 0.930000 3.893996
v 3.950000 0.922857 3.872415
v 3.950000 0.912143 3.890399
v 3.950000 0.905000 3.868818
v 4.370000 0.922857 3.890399
v 4.370000 0.912143 3.872415
v 4.369629 0.930000 3.881440
v 3.950371 0.930000 3.881373
v 4.370000 0.930000 3.868818
v 4.369629 0.905000 3.881373
v 3.950371 0.905000 3.881440
v 4.370000 0.905000 3.893996
v 3.712015 0.914627 3.901549
v 3.755000 0.560000 3.901549
v 3.665000 0.920000 3.901549
v 3.707985 0.565373 3.901549
v 3.707985 0.914627 3.931762
v 3.665000 0.560000 3.931762
v 3.755000 0.920000 3.931762
v 3.712015 0.565373 3.931762
v 3.665000 0.919379 3.916578
v 3.665000 0.920000 3.931762
v 3.665000 0.560622 3.916734
v 3.755000 0.919379 3.916734
v 3.755000 0.920000 3.901549
v 3.755000 0.560622 3.916578
v 3.752692 0.920000 3.917818
v 3.667308 0.920000 3.915494
v 3.665000 0.560000 3.901549
v 3.752692 0.560000 3.915494
v 3.667308 0.560000 3.917818
v 3.755000 0.560000 3.931762
v 3.660000 0.400000 3.871336
v 3.730273 0.377767 3.871336
v 3.669727 0.352234 3.871336
v 3.740000 0.330000 3.871336
v 3.740000 0.400000 4.455462
v 3.669727 0.377767 4.455463
v 3.730273 0.352234 4.455463
v 3.660000 0.330000 4.455462
v 3.660000 0.400000 4.455462
v 3.660000 0.365379 3.873440
v 3.660000 0.364622 4.453359
v 3.660000 0.330000 3.871336
v 3.740000 0.365379 4.453359
v 3.740000 0.364622 3.873440
v 3.700563 0.400000 4.452723
v 3.740000 0.400000 3.871336
v 3.699437 0.400000 3.874075
v 3.700563 0.330000 3.874075
v 3.740000 0.330000 4.455462
v 3.699437 0.330000 4.452723
v 4.260000 0.400000 3.871336
v 4.330273 0.377767 3.871336
v 4.269727 0.352234 3.871336
v 4.340000 0.330000 3.871336
v 4.340000 0.400000 4.455462
v 4.269727 0.377767 4.455463
v 4.330273 0.352234 4.455463
v 4.260000 0.330000 4.455462
v 4.260000 0.400000 4.455462
v 4.260000 0.365379 3.873440
v 4.260000 0.364622 4.453359
v 4.260000 0.330000 3.871336
v 4.340000 0.365379 4.453359
v 4.340000 0.364622 3.873440
v 4.300563 0.400000 4.452723
v 4.340000 0.400000 3.871336
v 4.299438 0.400000 3.874075
v 4.300563 0.330000 3.874075
v 4.340000 0.330000 4.455462
v 4.299438 0.330000 4.452723
v 3.575000 4.050001 3.936798
v 3.575000 3.400000 3.936798
v 4.425000 4.050001 4.389999
v 3.575000 4.050001 4.389999
v 3.575000 3.400000 4.389999
v 4.425000 4.050001 3.936798
v 4.425000 3.400000 4.389999
v 4.425000 3.400000 3.936798
v 4.357030 3.638935 3.921691
v 4.375251 3.768179 3.921691
v 4.324193 3.879597 3.921691
v 4.224752 3.944876 3.921691
v 4.107397 3.948071 3.921691
v 4.006107 3.889591 3.921691
v 3.950196 3.786361 3.921691
v 3.957009 3.667603 3.921691
v 4.027970 3.567677 3.921691
v 4.149010 3.518835 3.921691
v 4.058934 3.542970 3.901549
v 3.959497 3.656779 3.901549
v 3.948006 3.778798 3.901549
v 4.160000 3.510000 3.901549
v 4.001484 3.885052 3.901549
v 4.101521 3.946496 3.901549
v 4.218479 3.946496 3.901549
v 4.318516 3.885052 3.901549
v 4.371994 3.778798 3.901549
v 4.360503 3.656779 3.901549
v 4.261065 3.542970 3.901549
v 4.359186 3.625000 3.901549
v 4.160000 3.510000 3.921691
v 4.045794 3.540601 3.911829
v 4.159205 3.510213 3.911411
v 4.045000 3.540814 3.901549
v 4.045000 3.540814 3.921691
v 3.961396 3.624418 3.911829
v 4.044419 3.541396 3.911411
v 3.960814 3.625000 3.901549
v 3.960814 3.625000 3.921691
v 3.930213 3.739206 3.911829
v 3.960601 3.625795 3.911411
v 3.930000 3.740000 3.901549
v 3.930000 3.740000 3.921691
v 3.960601 3.854206 3.911829
v 3.930213 3.740795 3.911411
v 3.960814 3.855000 3.901549
v 3.960814 3.855000 3.921691
v 4.044419 3.938605 3.911829
v 3.961396 3.855582 3.911411
v 4.045000 3.939186 3.901549
v 4.045000 3.939186 3.921691
v 4.159205 3.969787 3.911829
v 4.045794 3.939399 3.911411
v 4.160000 3.970000 3.901549
v 4.160000 3.970000 3.921691
v 4.274206 3.939399 3.911829
v 4.160794 3.969787 3.911411
v 4.275000 3.939186 3.901549
v 4.275000 3.939186 3.921691
v 4.358605 3.855582 3.911829
v 4.275581 3.938605 3.911411
v 4.359186 3.855000 3.901549
v 4.359186 3.855000 3.921691
v 4.389787 3.740795 3.911829
v 4.359399 3.854206 3.911411
v 4.390000 3.740000 3.901549
v 4.390000 3.740000 3.921691
v 4.359399 3.625795 3.911829
v 4.389787 3.739206 3.911411
v 4.359186 3.625000 3.921691
v 4.275581 3.541396 3.911829
v 4.358605 3.624418 3.911411
v 4.275000 3.540814 3.901549
v 4.275000 3.540814 3.921691
v 4.160794 3.510213 3.911829
v 4.274206 3.540601 3.911411
v 3.950000 3.595000 3.868817
v 4.369629 3.582533 3.868817
v 3.950371 3.582467 3.868817
v 4.370000 3.570000 3.868817
v 4.370000 3.595000 3.893996
v 3.950371 3.582533 3.893996
v 4.369629 3.582467 3.893996
v 3.950000 3.570000 3.893996
v 3.950000 3.591429 3.876011
v 3.950000 3.570000 3.868817
v 3.950000 3.577143 3.890399
v 4.370000 3.591429 3.886802
v 4.370000 3.577143 3.872414
v 4.370000 3.570000 3.893996
v 3.950000 3.595000 3.893996
v 4.369629 3.595000 3.881440
v 3.950371 3.595000 3.881373
v 4.370000 3.595000 3.868817
v 4.369629 3.570000 3.881373
v 3.950371 3.570000 3.881440
v 3.950000 3.662000 3.868817
v 4.369629 3.649534 3.868817
v 3.950371 3.649467 3.868817
v 4.370000 3.637000 3.868817
v 4.370000 3.662000 3.893996
v 3.950371 3.649534 3.893996
v 4.369629 3.649467 3.893996
v 3.950000 3.637000 3.893996
v 3.950000 3.654857 3.872414
v 3.950000 3.644143 3.890399
v 4.370000 3.654857 3.890399
v 4.370000 3.644143 3.872414
v 3.950000 3.662000 3.893996
v 4.369629 3.662000 3.881440
v 3.950371 3.662000 3.881373
v 4.370000 3.662000 3.868817
v 3.950000 3.637000 3.868817
v 4.369629 3.637001 3.881373
v 3.950371 3.637001 3.881440
v 4.370000 3.637000 3.893996
v 3.950000 3.729000 3.868817
v 4.369629 3.716533 3.868817
v 3.950371 3.716467 3.868817
v 4.370000 3.704000 3.868817
v 4.370000 3.729000 3.893996
v 3.950371 3.716533 3.893996
v 4.369629 3.716467 3.893996
v 3.950000 3.704000 3.893996
v 3.950000 3.725429 3.876011
v 3.950000 3.704000 3.868817
v 3.950000 3.729000 3.893996
v 3.950000 3.707572 3.886802
v 4.370000 3.725429 3.886802
v 4.370000 3.711143 3.872414
v 4.370000 3.704000 3.893996
v 4.369629 3.729001 3.881440
v 3.950371 3.729001 3.881373
v 4.370000 3.729000 3.868817
v 4.369629 3.704000 3.881373
v 3.950371 3.704000 3.881440
v 3.950000 3.796000 3.868817
v 4.369629 3.783533 3.868817
v 3.950371 3.783467 3.868817
v 4.370000 3.771000 3.868817
v 4.370000 3.796000 3.893996
v 3.950371 3.783533 3.893996
v 4.369629 3.783467 3.893996
v 3.950000 3.771000 3.893996
v 3.950000 3.792429 3.876011
v 3.950000 3.774572 3.886802
v 4.370000 3.788857 3.890399
v 4.370000 3.778143 3.872414
v 3.950000 3.796000 3.893996
v 4.369629 3.796000 3.881440
v 3.950371 3.796000 3.881373
v 4.370000 3.796000 3.868817
v 3.950000 3.771000 3.868817
v 4.369629 3.771000 3.881373
v 3.950371 3.771000 3.881440
v 4.370000 3.771000 3.893996
v 3.950000 3.863000 3.868817
v 4.369629 3.850533 3.868817
v 3.950371 3.850467 3.868817
v 4.370000 3.838000 3.868817
v 4.370000 3.863000 3.893996
v 3.950371 3.850533 3.893996
v 4.369629 3.850467 3.893996
v 3.950000 3.838000 3.893996
v 3.950000 3.855857 3.872414
v 3.950000 3.845143 3.890399
v 3.950000 3.838000 3.868817
v 4.370000 3.863000 3.868817
v 4.370000 3.855857 3.890399
v 4.370000 3.845143 3.872414
v 3.950000 3.863000 3.893996
v 4.369629 3.863000 3.881440
v 3.950371 3.863000 3.881373
v 4.369629 3.838000 3.881373
v 3.950371 3.838000 3.881440
v 4.370000 3.838000 3.893996
v 3.950000 3.930000 3.868817
v 4.369629 3.917533 3.868817
v 3.950371 3.917467 3.868817
v 4.370000 3.905000 3.868817
v 4.370000 3.930000 3.893996
v 3.950371 3.917533 3.893996
v 4.369629 3.917467 3.893996
v 3.950000 3.905000 3.893996
v 3.950000 3.926429 3.876011
v 3.950000 3.905000 3.868817
v 3.950000 3.930000 3.893996
v 3.950000 3.908572 3.886802
v 4.370000 3.922858 3.890399
v 4.370000 3.912143 3.872414
v 4.370000 3.905000 3.893996
v 4.369629 3.930000 3.881440
v 3.950371 3.930000 3.881373
v 4.370000 3.930000 3.868817
v 4.369629 3.905000 3.881373
v 3.950371 3.905000 3.881440
v 3.712015 3.914627 3.901549
v 3.755000 3.560000 3.901549
v 3.665000 3.920000 3.901549
v 3.707985 3.565373 3.901549
v 3.707985 3.914627 3.931762
v 3.665000 3.560000 3.931762
v 3.755000 3.920000 3.931762
v 3.712015 3.565373 3.931762
v 3.665000 3.919379 3.916577
v 3.665000 3.560622 3.916734
v 3.755000 3.919379 3.916734
v 3.755000 3.560000 3.931762
v 3.755000 3.560622 3.916577
v 3.665000 3.920000 3.931762
v 3.752692 3.920001 3.917817
v 3.667308 3.920001 3.915493
v 3.755000 3.920000 3.901549
v 3.665000 3.560000 3.901549
v 3.752692 3.560000 3.915493
v 3.667308 3.560000 3.917817
v 3.660000 3.400000 3.871335
v 3.730273 3.377767 3.871336
v 3.669727 3.352233 3.871336
v 3.740000 3.330000 3.871335
v 3.740000 3.400000 4.455462
v 3.669727 3.377767 4.455462
v 3.730273 3.352233 4.455462
v 3.660000 3.330000 4.455462
v 3.660000 3.400000 4.455462
v 3.660000 3.365378 3.873439
v 3.660000 3.364622 4.453358
v 3.740000 3.365378 4.453358
v 3.740000 3.364622 3.873439
v 3.700563 3.400000 4.452723
v 3.740000 3.400000 3.871335
v 3.699437 3.400000 3.874074
v 3.700563 3.330000 3.874074
v 3.740000 3.330000 4.455462
v 3.660000 3.330000 3.871335
v 3.699437 3.330000 4.452723
v 4.260000 3.400000 3.871335
v 4.330273 3.377767 3.871336
v 4.269727 3.352233 3.871336
v 4.340000 3.330000 3.871335
v 4.340000 3.400000 4.455462
v 4.269727 3.377767 4.455462
v 4.330273 3.352233 4.455462
v 4.260000 3.330000 4.455462
v 4.260000 3.400000 4.455462
v 4.260000 3.365378 3.873439
v 4.260000 3.364622 4.453358
v 4.260000 3.330000 3.871335
v 4.340000 3.365378 4.453358
v 4.340000 3.364622 3.873439
v 4.300563 3.400000 4.452723
v 4.340000 3.400000 3.871335
v 4.299438 3.400000 3.874074
v 4.300563 3.330000 3.874074
v 4.340000 3.330000 4.455462
v 4.299438 3.330000 4.452723
v -4.403238 0.120000 4.194597
v -4.368180 0.120000 4.185374
v -4.433173 0.120000 4.174144
v -4.436242 0.120000 4.140350
v -4.412887 0.120000 4.116828
v -4.379331 0.120000 4.119919
v -4.359023 0.120000 4.156589
v -4.373314 5.400001 4.121840
v -4.408842 5.400001 4.114985
v -4.434739 5.400001 4.136695
v -4.434739 5.400001 4.169960
v -4.408842 5.400001 4.191670
v -4.368735 5.400001 4.180202
v -4.361590 0.120056 4.137305
v -4.368180 5.400001 4.121281
v -4.355000 0.120000 4.153328
v -4.361590 5.399944 4.137305
v -4.384090 0.120056 4.114645
v -4.400000 5.400001 4.108007
v -4.368180 0.120000 4.121281
v -4.384089 5.399944 4.114645
v -4.415910 0.120056 4.114645
v -4.431820 5.400001 4.121281
v -4.400000 0.120000 4.108008
v -4.415909 5.399944 4.114645
v -4.438410 0.120056 4.137306
v -4.445000 5.400001 4.153327
v -4.431820 0.120000 4.121281
v -4.438410 5.399944 4.137304
v -4.438410 0.120056 4.169352
v -4.431820 5.400001 4.185374
v -4.445000 0.120000 4.153328
v -4.438410 5.399944 4.169351
v -4.415909 0.120056 4.192012
v -4.400000 5.400001 4.198648
v -4.431820 0.120000 4.185374
v -4.415910 5.399944 4.192010
v -4.384089 0.120056 4.192011
v -4.368180 5.400001 4.185374
v -4.400000 0.120000 4.198648
v -4.384090 5.399944 4.192011
v -4.361590 0.120056 4.169351
v -4.355000 5.400001 4.153327
v -4.361590 5.399944 4.169351
v 4.403238 0.120000 4.194597
v 4.366827 0.120000 4.174144
v 4.431820 0.120000 4.185374
v 4.363758 0.120000 4.140350
v 4.387113 0.120000 4.116828
v 4.420669 0.120000 4.119919
v 4.440977 0.120000 4.156589
v 4.431820 0.120000 4.121281
v 4.426685 5.400001 4.121840
v 4.391159 5.400001 4.114985
v 4.365261 5.400001 4.136695
v 4.365261 5.400001 4.169960
v 4.445000 5.400001 4.153327
v 4.391159 5.400001 4.191670
v 4.431264 5.400001 4.180203
v 4.438410 0.120056 4.137304
v 4.431820 5.400001 4.121281
v 4.445000 0.120000 4.153328
v 4.438410 5.399944 4.137305
v 4.415909 0.120056 4.114645
v 4.400000 5.400001 4.108007
v 4.415910 5.399944 4.114645
v 4.384089 0.120056 4.114645
v 4.368180 5.400001 4.121281
v 4.400000 0.120000 4.108008
v 4.384091 5.399944 4.114645
v 4.361590 0.120056 4.137306
v 4.355000 5.400001 4.153327
v 4.368180 0.120000 4.121281
v 4.361590 5.399944 4.137304
v 4.361590 0.120056 4.169352
v 4.368180 5.400001 4.185374
v 4.355000 0.120000 4.153328
v 4.361590 5.399944 4.169350
v 4.384090 0.120056 4.192011
v 4.400000 5.400001 4.198648
v 4.368180 0.120000 4.185374
v 4.384089 5.399944 4.192010
v 4.415911 0.120056 4.192011
v 4.431820 5.400001 4.185374
v 4.400000 0.120000 4.198648
v 4.415909 5.399944 4.192011
v 4.438410 0.120056 4.169351
v 4.438410 5.399944 4.169352
v -0.400000 2.250000 4.082830
v 0.400000 2.250000 4.082830
v 0.400000 0.450000 4.082830
v 0.400000 2.250000 4.203683
v -0.400000 0.450000 4.203683
v -0.400000 2.248007 4.143056
v -0.400000 0.450000 4.082830
v -0.400000 0.451994 4.143457
v 0.400000 2.248007 4.143457
v 0.400000 0.451994 4.143056
v -0.400000 2.250000 4.203683
v 0.395575 2.250000 4.144259
v -0.395575 2.250000 4.142254
v 0.395575 0.450000 4.142254
v -0.395575 0.450000 4.144259
v 0.400000 0.450000 4.203683
v 0.975000 1.800000 4.057652
v 0.975000 1.300000 4.057652
v 0.625000 1.300000 4.057652
v 0.975000 1.300000 4.228861
v 0.625000 1.800000 4.228861
v 0.975000 1.800000 4.228861
v 0.625000 1.800000 4.057652
v 0.625000 1.300000 4.228861
v -4.490000 21.650000 -3.933811
v 4.489599 21.590008 -3.933811
v -4.489599 21.589993 -3.933811
v 4.490000 21.650000 4.002259
v -4.489599 21.590008 4.002259
v 4.489599 21.589993 4.002259
v -4.490000 21.590010 -3.933351
v -4.490000 21.589991 4.001799
v 4.490000 21.590010 4.001799
v 4.490000 21.589991 -3.933351
v -4.490000 21.650000 4.002259
v 4.490000 21.650000 -3.933811
v 4.490000 21.530001 4.002259
v -4.559677 21.874516 -3.933811
v -4.490000 21.530001 -3.933811
v -4.580323 21.545485 -3.933811
v -4.580322 21.874516 4.002259
v -4.650000 21.530001 4.002259
v -4.559677 21.545485 4.002259
v -4.490000 21.889999 4.002259
v -4.490000 21.889999 -3.933811
v -4.490000 21.530001 4.002259
v 4.580322 21.874516 -3.933811
v 4.490000 21.889999 -3.933811
v 4.559677 21.545485 -3.933811
v 4.559677 21.874516 4.002259
v 4.580323 21.545485 4.002259
v 4.490000 21.889999 4.002259
v 4.490000 21.530001 -3.933811
v -4.650000 21.530001 -4.094949
v -4.650000 21.530001 -3.933811
v -4.650001 21.874516 -4.024776
v -4.650001 21.545485 -4.003984
v 4.650001 21.874516 -4.003984
v 4.650001 21.545485 -4.024776
v -4.650000 21.889999 -3.933811
v 4.650000 21.889999 -3.933811
v 4.650000 21.889999 -4.094949
v -4.650000 21.889999 -4.094949
v 4.650000 21.530001 -4.094949
v 4.650000 21.530001 -3.933811
v -4.650000 21.889999 4.002259
v -4.650000 21.530001 4.163397
v 4.650000 21.889999 4.163397
v -4.650001 21.874516 4.072433
v -4.650001 21.545485 4.093225
v 4.650001 21.874516 4.093225
v 4.650000 21.530001 4.163397
v 4.650001 21.545485 4.072432
v -4.650000 21.889999 4.163397
v 4.650000 21.889999 4.002259
v 4.650000 21.530001 4.002259
v 2.550000 23.049999 3.861263
v 2.550000 21.549999 3.861263
v 4.350000 23.049999 3.861263
v 4.350000 21.549999 3.861263
v 4.350000 23.049999 2.048455
v 2.550000 23.049999 2.048455
v 2.550000 21.549999 2.048455
v 4.350000 21.549999 2.048455
v -1.575000 21.600000 -0.192377
v -2.425000 22.250000 0.260825
v -2.425000 21.600000 -0.192377
v -1.575000 21.600000 0.260825
v -1.575000 22.250000 -0.192377
v -1.575000 22.250000 0.260825
v -2.425000 22.250000 -0.192377
v -2.425000 21.600000 0.260825
v -1.642969 21.838936 -0.207484
v -1.624748 21.968182 -0.207484
v -1.675807 22.079597 -0.207484
v -1.775248 22.144878 -0.207484
v -1.892604 22.148071 -0.207484
v -1.993893 22.089592 -0.207484
v -1.725000 21.740814 -0.207484
v -2.049805 21.986362 -0.207484
v -2.042992 21.867603 -0.207484
v -1.972030 21.767677 -0.207484
v -1.850990 21.718834 -0.207484
v -1.941065 21.742970 -0.227626
v -2.039186 21.825001 -0.227626
v -2.040504 21.856779 -0.227626
v -2.051994 21.978800 -0.227626
v -1.998516 22.085052 -0.227626
v -1.898479 22.146498 -0.227626
v -1.781521 22.146498 -0.227626
v -1.681484 22.085052 -0.227626
v -1.840000 21.709999 -0.227626
v -1.628006 21.978798 -0.227626
v -1.639496 21.856779 -0.227626
v -1.738935 21.742970 -0.227626
v -1.840000 21.709999 -0.207484
v -1.954205 21.740602 -0.217346
v -1.840794 21.710213 -0.217764
v -1.955000 21.740814 -0.227626
v -1.955000 21.740814 -0.207484
v -2.038604 21.824419 -0.217346
v -1.955582 21.741396 -0.217764
v -2.039186 21.825001 -0.207484
v -2.069787 21.939205 -0.217346
v -2.039399 21.825794 -0.217764
v -2.070000 21.940001 -0.227626
v -2.070000 21.940001 -0.207484
v -2.039399 22.054207 -0.217346
v -2.069788 21.940796 -0.217764
v -2.039186 22.055000 -0.227626
v -2.039186 22.055000 -0.207484
v -1.955582 22.138605 -0.217346
v -2.038606 22.055584 -0.217764
v -1.955000 22.139187 -0.227626
v -1.955000 22.139187 -0.207484
v -1.840795 22.169786 -0.217346
v -1.954206 22.139402 -0.217764
v -1.840000 22.170000 -0.227626
v -1.840000 22.170000 -0.207484
v -1.725794 22.139402 -0.217346
v -1.839206 22.169786 -0.217764
v -1.725000 22.139187 -0.227626
v -1.725000 22.139187 -0.207484
v -1.641394 22.055584 -0.217346
v -1.724418 22.138605 -0.217764
v -1.640814 22.055000 -0.227626
v -1.640814 22.055000 -0.207484
v -1.610212 21.940796 -0.217346
v -1.640601 22.054207 -0.217764
v -1.610000 21.940001 -0.227626
v -1.610000 21.940001 -0.207484
v -1.640601 21.825794 -0.217346
v -1.610213 21.939207 -0.217764
v -1.640814 21.825001 -0.227626
v -1.640814 21.825001 -0.207484
v -1.724418 21.741396 -0.217346
v -1.641396 21.824419 -0.217764
v -1.725000 21.740814 -0.227626
v -1.839206 21.710213 -0.217346
v -1.725795 21.740602 -0.217764
v -2.050000 21.795000 -0.260357
v -1.630371 21.782534 -0.260357
v -2.049629 21.782467 -0.260357
v -1.630000 21.770000 -0.260357
v -1.630000 21.795000 -0.235180
v -2.049629 21.782534 -0.235180
v -1.630371 21.782467 -0.235180
v -2.050000 21.770000 -0.235180
v -2.050000 21.787857 -0.256761
v -2.050000 21.777143 -0.238776
v -1.630000 21.795000 -0.260357
v -1.630000 21.787857 -0.238776
v -1.630000 21.777143 -0.256760
v -1.630000 21.770000 -0.235180
v -2.050000 21.795000 -0.235180
v -1.630371 21.795002 -0.247735
v -2.049629 21.795002 -0.247802
v -2.050000 21.770000 -0.260357
v -1.630371 21.770000 -0.247802
v -2.049629 21.770000 -0.247735
v -2.050000 21.862000 -0.260357
v -1.630371 21.849533 -0.260357
v -2.049629 21.849466 -0.260357
v -1.630000 21.837000 -0.260357
v -1.630000 21.862000 -0.235180
v -2.049629 21.849533 -0.235180
v -1.630371 21.849466 -0.235180
v -2.050000 21.837000 -0.235180
v -2.050000 21.854856 -0.256760
v -2.050000 21.844143 -0.238776
v -1.630000 21.862000 -0.260357
v -1.630000 21.854856 -0.238776
v -1.630000 21.844143 -0.256761
v -1.630000 21.837000 -0.235180
v -2.050000 21.862000 -0.235180
v -1.630371 21.862000 -0.247735
v -2.049629 21.862000 -0.247802
v -2.050000 21.837000 -0.260357
v -1.630371 21.837002 -0.247802
v -2.049629 21.837002 -0.247735
v -2.050000 21.929001 -0.260357
v -1.630371 21.916533 -0.260357
v -2.049629 21.916468 -0.260357
v -1.630000 21.903999 -0.260357
v -1.630000 21.929001 -0.235180
v -2.049629 21.916533 -0.235180
v -1.630371 21.916468 -0.235180
v -2.050000 21.903999 -0.235180
v -2.050000 21.925430 -0.253163
v -2.050000 21.903999 -0.260357
v -2.050000 21.929001 -0.235180
v -2.050000 21.907570 -0.242374
v -1.630000 21.925430 -0.242374
v -1.630000 21.903999 -0.235180
v -1.630000 21.929001 -0.260357
v -1.630000 21.907570 -0.253163
v -1.630371 21.929001 -0.247735
v -2.049629 21.929001 -0.247802
v -1.630371 21.903999 -0.247802
v -2.049629 21.903999 -0.247735
v -2.050000 21.996000 -0.260357
v -1.630371 21.983534 -0.260357
v -2.049629 21.983467 -0.260357
v -1.630000 21.971001 -0.260357
v -1.630000 21.996000 -0.235180
v -2.049629 21.983534 -0.235180
v -1.630371 21.983467 -0.235180
v -2.050000 21.971001 -0.235180
v -2.050000 21.988857 -0.256761
v -2.050000 21.978144 -0.238776
v -1.630000 21.996000 -0.260357
v -1.630000 21.988857 -0.238776
v -1.630000 21.978144 -0.256760
v -2.050000 21.996000 -0.235180
v -1.630371 21.996000 -0.247735
v -2.049629 21.996000 -0.247802
v -2.050000 21.971001 -0.260357
v -1.630371 21.971001 -0.247802
v -2.049629 21.971001 -0.247735
v -1.630000 21.971001 -0.235180
v -2.050000 22.063000 -0.260357
v -1.630371 22.050533 -0.260357
v -2.049629 22.050467 -0.260357
v -1.630000 22.038000 -0.260357
v -1.630000 22.063000 -0.235180
v -2.049629 22.050533 -0.235180
v -1.630371 22.050467 -0.235180
v -2.050000 22.038000 -0.235180
v -2.050000 22.055857 -0.256760
v -2.050000 22.045143 -0.238776
v -2.050000 22.038000 -0.260357
v -1.630000 22.055857 -0.238776
v -1.630000 22.045143 -0.256761
v -2.050000 22.063000 -0.235180
v -1.630371 22.063000 -0.247735
v -2.049629 22.063000 -0.247802
v -1.630000 22.063000 -0.260357
v -1.630371 22.038000 -0.247802
v -2.049629 22.038000 -0.247735
v -1.630000 22.038000 -0.235180
v -2.050000 22.129999 -0.260357
v -1.630371 22.117533 -0.260357
v -2.049629 22.117466 -0.260357
v -1.630000 22.105000 -0.260357
v -1.630000 22.129999 -0.235180
v -2.049629 22.117533 -0.235180
v -1.630371 22.117466 -0.235180
v -2.050000 22.105000 -0.235180
v -2.050000 22.129999 -0.235180
v -2.050000 22.122856 -0.256761
v -2.050000 22.112143 -0.238776
v -1.630000 22.122856 -0.238776
v -1.630000 22.112143 -0.256760
v -1.630371 22.130001 -0.247735
v -2.049629 22.130001 -0.247802
v -1.630000 22.129999 -0.260357
v -2.050000 22.105000 -0.260357
v -1.630371 22.105001 -0.247802
v -2.049629 22.105001 -0.247735
v -1.630000 22.105000 -0.235180
v -2.287985 22.114628 -0.227626
v -2.245000 21.760000 -0.227626
v -2.335000 22.120001 -0.227626
v -2.292015 21.765373 -0.227626
v -2.292015 22.114628 -0.197413
v -2.335000 21.760000 -0.197413
v -2.245000 22.120001 -0.197413
v -2.287985 21.765373 -0.197413
v -2.335000 22.119379 -0.212598
v -2.335000 22.120001 -0.197413
v -2.335000 21.760622 -0.212441
v -2.245000 22.119379 -0.212441
v -2.245000 21.760622 -0.212598
v -2.247308 22.120001 -0.211357
v -2.332692 22.120001 -0.213682
v -2.245000 22.120001 -0.227626
v -2.335000 21.760000 -0.227626
v -2.247308 21.760000 -0.213681
v -2.332692 21.760000 -0.211357
v -2.245000 21.760000 -0.197413
v -2.340000 21.600000 -0.257840
v -2.269727 21.577766 -0.257840
v -2.330273 21.552235 -0.257840
v -2.260000 21.530001 -0.257840
v -2.260000 21.600000 0.326287
v -2.330273 21.577766 0.326287
v -2.269727 21.552235 0.326287
v -2.340000 21.530001 0.326287
v -2.340000 21.600000 0.326287
v -2.340000 21.565378 -0.255735
v -2.340000 21.564623 0.324183
v -2.260000 21.600000 -0.257840
v -2.260000 21.565378 0.324183
v -2.260000 21.564623 -0.255735
v -2.299437 21.600002 0.323548
v -2.300563 21.600002 -0.255100
v -2.299437 21.530003 -0.255100
v -2.260000 21.530001 0.326287
v -2.340000 21.530001 -0.257840
v -2.300563 21.530003 0.323548
v -1.740000 21.600000 -0.257840
v -1.669727 21.577766 -0.257840
v -1.730273 21.552235 -0.257840
v -1.660000 21.530001 -0.257840
v -1.660000 21.600000 0.326287
v -1.730273 21.577766 0.326287
v -1.669727 21.552235 0.326287
v -1.740000 21.530001 0.326287
v -1.740000 21.565378 -0.255735
v -1.740000 21.564623 0.324183
v -1.740000 21.530001 -0.257840
v -1.660000 21.565378 0.324183
v -1.660000 21.564623 -0.255735
v -1.660000 21.530001 0.326287
v -1.699437 21.600002 0.323548
v -1.660000 21.600000 -0.257840
v -1.740000 21.600000 0.326287
v -1.700563 21.600002 -0.255100
v -1.699437 21.530003 -0.255100
v -1.700563 21.530003 0.323548
v -0.425000 22.250000 -0.192377
v 0.425000 21.600000 -0.192377
v -0.425000 21.600000 -0.192377
v -0.425000 22.250000 0.260825
v -0.425000 21.600000 0.260825
v 0.425000 22.250000 -0.192377
v 0.425000 22.250000 0.260825
v 0.425000 21.600000 0.260825
v 0.357031 21.838936 -0.207484
v 0.375252 21.968182 -0.207484
v 0.324194 22.079597 -0.207484
v 0.224752 22.144878 -0.207484
v 0.107396 22.148071 -0.207484
v 0.006107 22.089592 -0.207484
v -0.049805 21.986362 -0.207484
v -0.042991 21.867603 -0.207484
v 0.275000 21.740814 -0.207484
v 0.027970 21.767677 -0.207484
v 0.170990 21.718834 -0.207484
v 0.045000 21.740814 -0.207484
v 0.058935 21.742970 -0.227626
v -0.040504 21.856779 -0.227626
v -0.051994 21.978798 -0.227626
v 0.001484 22.085052 -0.227626
v 0.101521 22.146498 -0.227626
v 0.218479 22.146498 -0.227626
v 0.318516 22.085052 -0.227626
v 0.371994 21.978798 -0.227626
v 0.160000 21.709999 -0.227626
v 0.360504 21.856779 -0.227626
v 0.261065 21.742970 -0.227626
v 0.160000 21.709999 -0.207484
v 0.045795 21.740602 -0.217346
v 0.159206 21.710213 -0.217764
v 0.045000 21.740814 -0.227626
v -0.038604 21.824419 -0.217346
v 0.044418 21.741396 -0.217764
v -0.039186 21.825001 -0.227626
v -0.039186 21.825001 -0.207484
v -0.069787 21.939205 -0.217346
v -0.039399 21.825794 -0.217764
v -0.070000 21.940001 -0.227626
v -0.070000 21.940001 -0.207484
v -0.039399 22.054205 -0.217346
v -0.069788 21.940796 -0.217764
v -0.039186 22.055000 -0.227626
v -0.039186 22.055000 -0.207484
v 0.044418 22.138605 -0.217346
v -0.038606 22.055584 -0.217764
v 0.045000 22.139187 -0.227626
v 0.045000 22.139187 -0.207484
v 0.159205 22.169786 -0.217346
v 0.045794 22.139402 -0.217764
v 0.160000 22.170000 -0.227626
v 0.160000 22.170000 -0.207484
v 0.274206 22.139402 -0.217346
v 0.160794 22.169786 -0.217764
v 0.275000 22.139187 -0.227626
v 0.275000 22.139187 -0.207484
v 0.358606 22.055584 -0.217346
v 0.275582 22.138605 -0.217764
v 0.359186 22.055000 -0.227626
v 0.359186 22.055000 -0.207484
v 0.389788 21.940796 -0.217346
v 0.359399 22.054207 -0.217764
v 0.390000 21.940001 -0.227626
v 0.390000 21.940001 -0.207484
v 0.359399 21.825794 -0.217346
v 0.389787 21.939205 -0.217764
v 0.359186 21.825001 -0.227626
v 0.359186 21.825001 -0.207484
v 0.275582 21.741396 -0.217346
v 0.358604 21.824419 -0.217764
v 0.275000 21.740814 -0.227626
v 0.160794 21.710213 -0.217346
v 0.274205 21.740602 -0.217764
v -0.050000 21.795000 -0.260357
v 0.369629 21.782534 -0.260357
v -0.049629 21.782467 -0.260357
v 0.370000 21.770000 -0.260357
v 0.370000 21.795000 -0.235180
v -0.049629 21.782534 -0.235180
v 0.369629 21.782467 -0.235180
v -0.050000 21.770000 -0.235180
v -0.050000 21.795000 -0.235180
v -0.050000 21.787857 -0.256761
v -0.050000 21.777143 -0.238776
v -0.050000 21.770000 -0.260357
v 0.370000 21.795000 -0.260357
v 0.370000 21.787857 -0.238776
v 0.370000 21.777143 -0.256760
v 0.370000 21.770000 -0.235180
v 0.369629 21.795002 -0.247735
v -0.049629 21.795002 -0.247802
v 0.369629 21.770000 -0.247802
v -0.049629 21.770000 -0.247735
v -0.050000 21.862000 -0.260357
v 0.369629 21.849533 -0.260357
v -0.049629 21.849466 -0.260357
v 0.370000 21.837000 -0.260357
v 0.370000 21.862000 -0.235180
v -0.049629 21.849533 -0.235180
v 0.369629 21.849466 -0.235180
v -0.050000 21.837000 -0.235180
v -0.050000 21.854856 -0.256760
v -0.050000 21.844143 -0.238776
v 0.370000 21.862000 -0.260357
v 0.370000 21.854856 -0.238776
v 0.370000 21.844143 -0.256761
v 0.370000 21.837000 -0.235180
v -0.050000 21.862000 -0.235180
v 0.369629 21.862000 -0.247735
v -0.049629 21.862000 -0.247802
v -0.050000 21.837000 -0.260357
v 0.369629 21.837002 -0.247802
v -0.049629 21.837002 -0.247735
v -0.050000 21.929001 -0.260357
v 0.369629 21.916533 -0.260357
v -0.049629 21.916468 -0.260357
v 0.370000 21.903999 -0.260357
v 0.370000 21.929001 -0.235180
v -0.049629 21.916533 -0.235180
v 0.369629 21.916468 -0.235180
v -0.050000 21.903999 -0.235180
v -0.050000 21.925430 -0.253163
v -0.050000 21.929001 -0.235180
v -0.050000 21.907570 -0.242374
v 0.370000 21.925430 -0.242374
v 0.370000 21.903999 -0.235180
v 0.370000 21.929001 -0.260357
v 0.370000 21.907570 -0.253163
v 0.369629 21.929001 -0.247735
v -0.049629 21.929001 -0.247802
v -0.050000 21.903999 -0.260357
v 0.369629 21.903999 -0.247802
v -0.049629 21.903999 -0.247735
v -0.050000 21.996000 -0.260357
v 0.369629 21.983534 -0.260357
v -0.049629 21.983467 -0.260357
v 0.370000 21.971001 -0.260357
v 0.370000 21.996000 -0.235180
v -0.049629 21.983534 -0.235180
v 0.369629 21.983467 -0.235180
v -0.050000 21.971001 -0.235180
v -0.050000 21.996000 -0.235180
v -0.050000 21.988857 -0.256761
v -0.050000 21.978144 -0.238776
v 0.370000 21.988857 -0.238776
v 0.370000 21.978144 -0.256760
v 0.370000 21.971001 -0.235180
v 0.369629 21.996000 -0.247735
v -0.049629 21.996000 -0.247802
v 0.370000 21.996000 -0.260357
v -0.050000 21.971001 -0.260357
v 0.369629 21.971001 -0.247802
v -0.049629 21.971001 -0.247735
v -0.050000 22.063000 -0.260357
v 0.369629 22.050533 -0.260357
v -0.049629 22.050467 -0.260357
v 0.370000 22.038000 -0.260357
v 0.370000 22.063000 -0.235180
v -0.049629 22.050533 -0.235180
v 0.369629 22.050467 -0.235180
v -0.050000 22.038000 -0.235180
v -0.050000 22.055857 -0.256760
v -0.050000 22.045143 -0.238776
v 0.370000 22.055857 -0.238776
v 0.370000 22.045143 -0.256761
v 0.370000 22.038000 -0.235180
v -0.050000 22.063000 -0.235180
v 0.369629 22.063000 -0.247735
v -0.049629 22.063000 -0.247802
v 0.370000 22.063000 -0.260357
v -0.050000 22.038000 -0.260357
v 0.369629 22.038000 -0.247802
v -0.049629 22.038000 -0.247735
v -0.050000 22.129999 -0.260357
v 0.369629 22.117533 -0.260357
v -0.049629 22.117466 -0.260357
v 0.370000 22.105000 -0.260357
v 0.370000 22.129999 -0.235180
v -0.049629 22.117533 -0.235180
v 0.369629 22.117466 -0.235180
v -0.050000 22.105000 -0.235180
v -0.050000 22.129999 -0.235180
v -0.050000 22.122856 -0.256761
v -0.050000 22.112143 -0.238776
v 0.370000 22.122856 -0.238776
v 0.370000 22.112143 -0.256760
v 0.370000 22.105000 -0.235180
v 0.369629 22.130001 -0.247735
v -0.049629 22.130001 -0.247802
v 0.370000 22.129999 -0.260357
v -0.050000 22.105000 -0.260357
v 0.369629 22.105001 -0.247802
v -0.049629 22.105001 -0.247735
v -0.287985 22.114628 -0.227626
v -0.245000 21.760000 -0.227626
v -0.335000 22.120001 -0.227626
v -0.292015 21.765373 -0.227626
v -0.292015 22.114628 -0.197413
v -0.335000 21.760000 -0.197413
v -0.245000 22.120001 -0.197413
v -0.287985 21.765373 -0.197413
v -0.335000 22.119379 -0.212598
v -0.335000 21.760000 -0.227626
v -0.335000 22.120001 -0.197413
v -0.335000 21.760622 -0.212441
v -0.245000 22.119379 -0.212441
v -0.245000 21.760000 -0.197413
v -0.245000 21.760622 -0.212598
v -0.247308 22.120001 -0.211357
v -0.332692 22.120001 -0.213682
v -0.245000 22.120001 -0.227626
v -0.247308 21.760000 -0.213681
v -0.332692 21.760000 -0.211357
v -0.340000 21.600000 -0.257840
v -0.269727 21.577766 -0.257840
v -0.330273 21.552235 -0.257840
v -0.260000 21.530001 -0.257840
v -0.260000 21.600000 0.326287
v -0.330273 21.577766 0.326287
v -0.269727 21.552235 0.326287
v -0.340000 21.530001 0.326287
v -0.340000 21.565378 -0.255735
v -0.340000 21.564623 0.324183
v -0.340000 21.530001 -0.257840
v -0.260000 21.600000 -0.257840
v -0.260000 21.565378 0.324183
v -0.260000 21.564623 -0.255735
v -0.299437 21.600002 0.323548
v -0.340000 21.600000 0.326287
v -0.300563 21.600002 -0.255100
v -0.299437 21.530003 -0.255100
v -0.260000 21.530001 0.326287
v -0.300563 21.530003 0.323548
v 0.260000 21.600000 -0.257840
v 0.330273 21.577766 -0.257840
v 0.269727 21.552235 -0.257840
v 0.340000 21.530001 -0.257840
v 0.340000 21.600000 0.326287
v 0.269727 21.577766 0.326287
v 0.330273 21.552235 0.326287
v 0.260000 21.530001 0.326287
v 0.260000 21.565378 -0.255735
v 0.260000 21.564623 0.324183
v 0.260000 21.530001 -0.257840
v 0.340000 21.600000 -0.257840
v 0.340000 21.565378 0.324183
v 0.340000 21.564623 -0.255735
v 0.300563 21.600002 0.323548
v 0.260000 21.600000 0.326287
v 0.299437 21.600002 -0.255100
v 0.300563 21.530003 -0.255100
v 0.340000 21.530001 0.326287
v 0.299437 21.530003 0.323548
v 2.425000 21.600000 -0.192377
v 1.575000 22.250000 -0.192377
v 1.575000 21.600000 0.260825
v 1.575000 21.600000 -0.192377
v 2.425000 22.250000 0.260825
v 1.575000 22.250000 0.260825
v 2.425000 22.250000 -0.192377
v 2.425000 21.600000 0.260825
v 2.357031 21.838936 -0.207484
v 2.375252 21.968182 -0.207484
v 2.324193 22.079597 -0.207484
v 2.224752 22.144878 -0.207484
v 2.275000 21.740814 -0.207484
v 2.107396 22.148071 -0.207484
v 2.006108 22.089592 -0.207484
v 1.950195 21.986362 -0.207484
v 1.957008 21.867603 -0.207484
v 2.027970 21.767677 -0.207484
v 2.149010 21.718834 -0.207484
v 2.058935 21.742970 -0.227626
v 1.960814 21.825001 -0.227626
v 1.959496 21.856779 -0.227626
v 2.160000 21.709999 -0.227626
v 1.948006 21.978800 -0.227626
v 2.001484 22.085052 -0.227626
v 2.101521 22.146498 -0.227626
v 2.218479 22.146498 -0.227626
v 2.318516 22.085052 -0.227626
v 2.371994 21.978798 -0.227626
v 2.360504 21.856779 -0.227626
v 2.261065 21.742970 -0.227626
v 2.160000 21.709999 -0.207484
v 2.045795 21.740602 -0.217346
v 2.159206 21.710213 -0.217764
v 2.045000 21.740814 -0.227626
v 2.045000 21.740814 -0.207484
v 1.961396 21.824419 -0.217346
v 2.044418 21.741396 -0.217764
v 1.960814 21.825001 -0.207484
v 1.930213 21.939205 -0.217346
v 1.960601 21.825796 -0.217764
v 1.930000 21.940001 -0.227626
v 1.930000 21.940001 -0.207484
v 1.960601 22.054205 -0.217346
v 1.930212 21.940796 -0.217764
v 1.960814 22.055000 -0.227626
v 1.960814 22.055000 -0.207484
v 2.044418 22.138605 -0.217346
v 1.961394 22.055584 -0.217764
v 2.045000 22.139187 -0.227626
v 2.045000 22.139187 -0.207484
v 2.159206 22.169786 -0.217346
v 2.045794 22.139402 -0.217764
v 2.160000 22.170000 -0.227626
v 2.160000 22.170000 -0.207484
v 2.274206 22.139402 -0.217346
v 2.160794 22.169786 -0.217764
v 2.275000 22.139187 -0.227626
v 2.275000 22.139187 -0.207484
v 2.358606 22.055584 -0.217346
v 2.275582 22.138605 -0.217764
v 2.359186 22.055000 -0.227626
v 2.359186 22.055000 -0.207484
v 2.389788 21.940796 -0.217346
v 2.359399 22.054205 -0.217764
v 2.390000 21.940001 -0.227626
v 2.390000 21.940001 -0.207484
v 2.359399 21.825796 -0.217346
v 2.389787 21.939205 -0.217764
v 2.359186 21.825001 -0.227626
v 2.359186 21.825001 -0.207484
v 2.275582 21.741396 -0.217346
v 2.358604 21.824419 -0.217764
v 2.275000 21.740814 -0.227626
v 2.160794 21.710213 -0.217346
v 2.274205 21.740602 -0.217764
v 1.950000 21.795000 -0.260357
v 2.369629 21.782534 -0.260357
v 1.950371 21.782467 -0.260357
v 2.370000 21.770000 -0.260357
v 2.370000 21.795000 -0.235180
v 1.950371 21.782534 -0.235180
v 2.369629 21.782467 -0.235180
v 1.950000 21.770000 -0.235180
v 1.950000 21.787857 -0.256761
v 1.950000 21.777143 -0.238776
v 1.950000 21.770000 -0.260357
v 2.370000 21.795000 -0.260357
v 2.370000 21.787857 -0.238776
v 2.370000 21.777143 -0.256760
v 1.950000 21.795000 -0.235180
v 2.369629 21.795002 -0.247735
v 1.950371 21.795002 -0.247802
v 2.369629 21.770000 -0.247802
v 1.950371 21.770000 -0.247735
v 2.370000 21.770000 -0.235180
v 1.950000 21.862000 -0.260357
v 2.369629 21.849533 -0.260357
v 1.950371 21.849466 -0.260357
v 2.370000 21.837000 -0.260357
v 2.370000 21.862000 -0.235180
v 1.950371 21.849533 -0.235180
v 2.369629 21.849466 -0.235180
v 1.950000 21.837000 -0.235180
v 1.950000 21.862000 -0.235180
v 1.950000 21.854856 -0.256760
v 1.950000 21.844143 -0.238776
v 2.370000 21.854856 -0.238776
v 2.370000 21.844143 -0.256761
v 2.369629 21.862000 -0.247735
v 1.950371 21.862000 -0.247802
v 2.370000 21.862000 -0.260357
v 1.950000 21.837000 -0.260357
v 2.369629 21.837002 -0.247802
v 1.950371 21.837002 -0.247735
v 2.370000 21.837000 -0.235180
v 1.950000 21.929001 -0.260357
v 2.369629 21.916533 -0.260357
v 1.950371 21.916468 -0.260357
v 2.370000 21.903999 -0.260357
v 2.370000 21.929001 -0.235180
v 1.950371 21.916533 -0.235180
v 2.369629 21.916468 -0.235180
v 1.950000 21.903999 -0.235180
v 1.950000 21.925430 -0.253163
v 1.950000 21.907570 -0.242374
v 2.370000 21.925430 -0.242374
v 2.370000 21.903999 -0.235180
v 2.370000 21.907570 -0.253163
v 1.950000 21.929001 -0.235180
v 2.369629 21.929001 -0.247735
v 1.950371 21.929001 -0.247802
v 2.370000 21.929001 -0.260357
v 1.950000 21.903999 -0.260357
v 2.369629 21.903999 -0.247802
v 1.950371 21.903999 -0.247735
v 1.950000 21.996000 -0.260357
v 2.369629 21.983534 -0.260357
v 1.950371 21.983467 -0.260357
v 2.370000 21.971001 -0.260357
v 2.370000 21.996000 -0.235180
v 1.950371 21.983534 -0.235180
v 2.369629 21.983467 -0.235180
v 1.950000 21.971001 -0.235180
v 1.950000 21.988857 -0.256761
v 1.950000 21.978144 -0.238776
v 1.950000 21.971001 -0.260357
v 2.370000 21.996000 -0.260357
v 2.370000 21.988857 -0.238776
v 2.370000 21.978144 -0.256760
v 2.370000 21.971001 -0.235180
v 1.950000 21.996000 -0.235180
v 2.369629 21.996000 -0.247735
v 1.950371 21.996000 -0.247802
v 2.369629 21.971001 -0.247802
v 1.950371 21.971001 -0.247735
v 1.950000 22.063000 -0.260357
v 2.369629 22.050533 -0.260357
v 1.950371 22.050467 -0.260357
v 2.370000 22.038000 -0.260357
v 2.370000 22.063000 -0.235180
v 1.950371 22.050533 -0.235180
v 2.369629 22.050467 -0.235180
v 1.950000 22.038000 -0.235180
v 1.950000 22.055857 -0.256760
v 1.950000 22.045143 -0.238776
v 1.950000 22.038000 -0.260357
v 2.370000 22.055857 -0.238776
v 2.370000 22.045143 -0.256761
v 2.370000 22.038000 -0.235180
v 1.950000 22.063000 -0.235180
v 2.369629 22.063000 -0.247735
v 1.950371 22.063000 -0.247802
v 2.370000 22.063000 -0.260357
v 2.369629 22.038000 -0.247802
v 1.950371 22.038000 -0.247735
v 1.950000 22.129999 -0.260357
v 2.369629 22.117533 -0.260357
v 1.950371 22.117466 -0.260357
v 2.370000 22.105000 -0.260357
v 2.370000 22.129999 -0.235180
v 1.950371 22.117533 -0.235180
v 2.369629 22.117466 -0.235180
v 1.950000 22.105000 -0.235180
v 1.950000 22.129999 -0.235180
v 1.950000 22.122856 -0.256761
v 1.950000 22.112143 -0.238776
v 1.950000 22.105000 -0.260357
v 2.370000 22.129999 -0.260357
v 2.370000 22.122856 -0.238776
v 2.370000 22.112143 -0.256760
v 2.370000 22.105000 -0.235180
v 2.369629 22.130001 -0.247735
v 1.950371 22.130001 -0.247802
v 2.369629 22.105001 -0.247802
v 1.950371 22.105001 -0.247735
v 1.712015 22.114628 -0.227626
v 1.755000 21.760000 -0.227626
v 1.665000 22.120001 -0.227626
v 1.707985 21.765373 -0.227626
v 1.707985 22.114628 -0.197413
v 1.665000 21.760000 -0.197413
v 1.755000 22.120001 -0.197413
v 1.712015 21.765373 -0.197413
v 1.665000 22.119379 -0.212598
v 1.665000 21.760622 -0.212441
v 1.755000 22.119379 -0.212441
v 1.755000 21.760000 -0.197413
v 1.755000 21.760622 -0.212598
v 1.665000 22.120001 -0.197413
v 1.752692 22.120001 -0.211357
v 1.667308 22.120001 -0.213681
v 1.755000 22.120001 -0.227626
v 1.665000 21.760000 -0.227626
v 1.752692 21.760000 -0.213681
v 1.667308 21.760000 -0.211357
v 1.660000 21.600000 -0.257840
v 1.730273 21.577766 -0.257840
v 1.669727 21.552235 -0.257840
v 1.740000 21.530001 -0.257840
v 1.740000 21.600000 0.326287
v 1.669727 21.577766 0.326287
v 1.730273 21.552235 0.326287
v 1.660000 21.530001 0.326287
v 1.660000 21.565378 -0.255735
v 1.660000 21.564623 0.324183
v 1.660000 21.530001 -0.257840
v 1.740000 21.565378 0.324183
v 1.740000 21.564623 -0.255735
v 1.740000 21.530001 0.326287
v 1.700563 21.600002 0.323548
v 1.740000 21.600000 -0.257840
v 1.660000 21.600000 0.326287
v 1.699437 21.600002 -0.255100
v 1.700563 21.530003 -0.255100
v 1.699437 21.530003 0.323548
v 2.260000 21.600000 -0.257840
v 2.330273 21.577766 -0.257840
v 2.269727 21.552235 -0.257840
v 2.340000 21.530001 -0.257840
v 2.340000 21.600000 0.326287
v 2.269727 21.577766 0.326287
v 2.330273 21.552235 0.326287
v 2.260000 21.530001 0.326287
v 2.260000 21.600000 0.326287
v 2.260000 21.565378 -0.255735
v 2.260000 21.564623 0.324183
v 2.340000 21.565378 0.324183
v 2.340000 21.564623 -0.255735
v 2.340000 21.530001 0.326287
v 2.300563 21.600002 0.323548
v 2.340000 21.600000 -0.257840
v 2.299437 21.600002 -0.255100
v 2.300563 21.530003 -0.255100
v 2.260000 21.530001 -0.257840
v 2.299437 21.530003 0.323548
vn -0.5773 0.5773 -0.5774
vn 0.5773 0.5774 -0.5773
vn 0.5773 -0.5773 -0.5774
vn -0.5773 -0.5774 -0.5773
vn 0.5773 0.5773 0.5774
vn -0.5773 0.5774 0.5773
vn -0.5773 -0.5773 0.5774
vn 0.5773 -0.5774 0.5773
vn -0.5774 0.5774 -0.5773
vn 0.5773 0.5774 -0.5774
vn 0.5774 -0.5774 -0.5773
vn -0.5773 -0.5774 -0.5774
vn 0.5774 0.5774 0.5773
vn -0.5773 0.5774 0.5774
vn -0.5774 -0.5774 0.5773
vn 0.5773 -0.5774 0.5774
vn -0.0000 1.0000 -0.0000
vn -0.0000 -1.0000 -0.0000
vn -0.0000 -0.0000 -1.0000
vn -0.0000 -0.0000 1.0000
vn -1.0000 -0.0000 -0.0000
vn 1.0000 -0.0000 -0.0000
vn 0.5774 0.5773 -0.5774
vn -0.5774 -0.5773 -0.5774
vn -0.5774 0.5773 0.5774
vn 0.5774 -0.5773 0.5774
vn -0.0000 0.7071 -0.7071
vn -0.0000 -0.7071 -0.7071
vn -0.0000 0.7071 0.7071
vn -0.0000 -0.7071 0.7071
vn -0.0000 0.0438 0.9990
vn -0.5774 0.5773 -0.5774
vn -0.5774 -0.5773 0.5774
vn 0.5774 0.5773 0.5774
vn 0.5774 -0.5773 -0.5774
vn 0.5774 0.5774 -0.5773
vn -0.5774 -0.5774 -0.5773
vn -0.5774 0.5774 0.5773
vn 0.5774 -0.5774 0.5773
vn 0.5773 0.5773 -0.5774
vn -0.5773 -0.5773 -0.5774
vn -0.5773 0.5773 0.5774
vn 0.5773 -0.5773 0.5774
vn -0.7071 0.7071 -0.0000
vn -0.7071 -0.7071 -0.0000
vn 0.7071 0.7071 -0.0000
vn 0.7071 -0.7071 -0.0000
vt 0.753906 0.757812
vt 0.871094 0.757812
vt 0.871094 0.992188
vt 0.753906 0.992188
vt 0.253906 0.757812
vt 0.371094 0.757812
vt 0.371094 0.992188
vt 0.253906 0.992188
vt 0.378906 0.507812
vt 0.496094 0.507812
vt 0.496094 0.742188
vt 0.378906 0.742188
vt 0.503906 0.757812
vt 0.621094 0.757812
vt 0.621094 0.992188
vt 0.503906 0.992188
vt 0.878906 0.757812
vt 0.996094 0.757812
vt 0.996094 0.992188
vt 0.878906 0.992188
vt 0.628906 0.507812
vt 0.746094 0.507812
vt 0.746094 0.742188
vt 0.628906 0.742188
vt 0.503906 0.242188
vt 0.621094 0.242188
vt 0.621094 0.007812
vt 0.503906 0.007812
vt 0.628906 0.242188
vt 0.746094 0.242188
vt 0.746094 0.007812
vt 0.628906 0.007812
vt 0.753906 0.242188
vt 0.871094 0.242188
vt 0.871094 0.007812
vt 0.753906 0.007812
vt 0.878906 0.242188
vt 0.996094 0.242188
vt 0.996094 0.007812
vt 0.878906 0.007812
vt 0.246094 0.452344
vt 0.128906 0.452344
vt 0.128906 0.297656
vt 0.246094 0.297656
vt 0.003906 0.507812
vt 0.121094 0.507812
vt 0.121094 0.742188
vt 0.003906 0.742188
vt 0.746094 0.452344
vt 0.628906 0.452344
vt 0.628906 0.297656
vt 0.746094 0.297656
vt 0.378906 0.242188
vt 0.496094 0.242188
vt 0.496094 0.007812
vt 0.378906 0.007812
vt 0.128906 0.507812
vt 0.246094 0.507812
vt 0.246094 0.742188
vt 0.128906 0.742188
vt 0.378906 0.757812
vt 0.496094 0.757812
vt 0.496094 0.992188
vt 0.378906 0.992188
vt 0.503906 0.507812
vt 0.621094 0.507812
vt 0.621094 0.742188
vt 0.503906 0.742188
vt 0.628906 0.757812
vt 0.746094 0.757812
vt 0.746094 0.992188
vt 0.628906 0.992188
s 1
usemtl TownAtlas.003
f 4/1/1 1/2/2 8/3/3
f 4/1/1 8/3/3 5/4/4
f 2/1/5 7/2/6 3/3/7
f 2/1/5 3/3/7 6/4/8
f 7/1/6 4/2/1 5/3/4
f 7/1/6 5/3/4 3/4/7
f 1/1/2 2/2/5 6/3/8
f 1/1/2 6/3/8 8/4/3
f 7/1/6 2/2/5 1/3/2
f 7/1/6 1/3/2 4/4/1
f 5/1/4 8/2/3 6/3/8
f 5/1/4 6/3/8 3/4/7
f 15/5/9 9/6/10 16/7/11
f 15/5/9 16/7/11 10/8/12
f 11/5/13 13/6/14 14/7/15
f 11/5/13 14/7/15 12/8/16
f 13/5/14 15/6/9 10/7/12
f 13/5/14 10/7/12 14/8/15
f 9/5/10 11/6/13 12/7/16
f 9/5/10 12/7/16 16/8/11
f 13/5/14 11/6/13 9/7/10
f 13/5/14 9/7/10 15/8/9
f 10/5/12 16/6/11 12/7/16
f 10/5/12 12/7/16 14/8/15
f 23/1/17 19/2/17 28/3/17
f 23/1/17 28/3/17 29/4/17
f 30/1/18 31/2/18 32/3/18
f 30/1/18 32/3/18 22/4/18
f 34/9/19 33/10/19 35/11/19
f 34/9/19 35/11/19 46/12/19
f 36/9/20 43/10/20 37/11/20
f 36/9/20 37/11/20 38/12/20
f 49/13/19 50/14/19 51/15/19
f 49/13/19 51/15/19 61/16/19
f 54/13/20 52/14/20 53/15/20
f 54/13/20 53/15/20 64/16/20
f 137/17/17 129/18/17 138/19/17
f 137/17/17 138/19/17 125/20/17
f 139/17/18 128/18/18 136/19/18
f 139/17/18 136/19/18 140/20/18
f 142/9/19 151/10/19 141/11/19
f 142/9/19 141/11/19 143/12/19
f 144/9/20 147/10/20 145/11/20
f 144/9/20 145/11/20 150/12/20
f 159/13/19 157/14/19 158/15/19
f 159/13/19 158/15/19 160/16/19
f 161/13/20 164/14/20 162/15/20
f 161/13/20 162/15/20 167/16/20
f 246/17/17 236/18/17 243/19/17
f 246/17/17 243/19/17 247/20/17
f 242/17/18 235/18/18 248/19/18
f 242/17/18 248/19/18 239/20/18
f 249/9/19 258/10/19 250/11/19
f 249/9/19 250/11/19 254/12/19
f 251/9/20 260/10/20 252/11/20
f 251/9/20 252/11/20 257/12/20
f 265/13/19 277/14/19 266/15/19
f 265/13/19 266/15/19 278/16/19
f 269/13/20 267/14/20 268/15/20
f 269/13/20 268/15/20 270/16/20
f 352/17/17 344/18/17 351/19/17
f 352/17/17 351/19/17 353/20/17
f 354/17/18 343/18/18 355/19/18
f 354/17/18 355/19/18 356/20/18
f 357/9/21 369/10/21 358/11/21
f 357/9/21 358/11/21 359/12/21
f 361/9/22 360/10/22 362/11/22
f 361/9/22 362/11/22 372/12/22
f 373/13/21 374/14/21 375/15/21
f 373/13/21 375/15/21 376/16/21
f 377/13/22 380/14/22 378/15/22
f 377/13/22 378/15/22 383/16/22
f 460/17/17 461/18/17 457/19/17
f 460/17/17 457/19/17 449/20/17
f 463/17/18 452/18/18 462/19/18
f 463/17/18 462/19/18 464/20/18
f 466/9/21 477/10/21 465/11/21
f 466/9/21 465/11/21 478/12/21
f 469/9/22 467/10/22 468/11/22
f 469/9/22 468/11/22 470/12/22
f 481/13/21 482/14/21 483/15/21
f 481/13/21 483/15/21 494/16/21
f 484/13/22 491/14/22 485/15/22
f 484/13/22 485/15/22 489/16/22
f 569/17/17 560/18/17 570/19/17
f 569/17/17 570/19/17 557/20/17
f 566/17/18 571/18/18 572/19/18
f 566/17/18 572/19/18 563/20/18
f 573/9/21 585/10/21 574/11/21
f 573/9/21 574/11/21 578/12/21
f 575/9/22 579/10/22 576/11/22
f 575/9/22 576/11/22 588/12/22
f 589/13/21 601/14/21 590/15/21
f 589/13/21 590/15/21 591/16/21
f 594/13/22 592/14/22 593/15/22
f 594/13/22 593/15/22 604/16/22
f 677/17/17 678/18/17 674/19/17
f 677/17/17 674/19/17 665/20/17
f 673/17/18 668/18/18 679/19/18
f 673/17/18 679/19/18 680/20/18
f 682/9/20 689/10/20 681/11/20
f 682/9/20 681/11/20 686/12/20
f 683/9/19 691/10/19 684/11/19
f 683/9/19 684/11/19 696/12/19
f 697/13/20 698/14/20 699/15/20
f 697/13/20 699/15/20 704/16/20
f 700/13/19 701/14/19 702/15/19
f 700/13/19 702/15/19 712/16/19
f 778/17/17 783/18/17 784/19/17
f 778/17/17 784/19/17 773/20/17
f 786/17/18 785/18/18 787/19/18
f 786/17/18 787/19/18 788/20/18
f 789/9/20 790/10/20 791/11/20
f 789/9/20 791/11/20 801/12/20
f 793/9/19 798/10/19 792/11/19
f 793/9/19 792/11/19 804/12/19
f 805/13/20 817/14/20 806/15/20
f 805/13/20 806/15/20 807/16/20
f 809/13/19 808/14/19 810/15/19
f 809/13/19 810/15/19 820/16/19
f 895/17/17 896/18/17 891/19/17
f 895/17/17 891/19/17 881/20/17
f 890/17/18 884/18/18 894/19/18
f 890/17/18 894/19/18 887/20/18
f 897/9/20 909/10/20 898/11/20
f 897/9/20 898/11/20 910/12/20
f 899/9/19 906/10/19 900/11/19
f 899/9/19 900/11/19 901/12/19
f 913/13/20 923/14/20 914/15/20
f 913/13/20 914/15/20 915/16/20
f 917/13/19 919/14/19 916/15/19
f 917/13/19 916/15/19 922/16/19
f 999/17/17 991/18/17 1000/19/17
f 999/17/17 1000/19/17 1001/20/17
f 996/17/18 1002/18/18 1003/19/18
f 996/17/18 1003/19/18 1004/20/18
f 1005/9/22 1014/10/22 1006/11/22
f 1005/9/22 1006/11/22 1010/12/22
f 1008/9/21 1016/10/21 1007/11/21
f 1008/9/21 1007/11/21 1013/12/21
f 1021/13/22 1029/14/22 1022/15/22
f 1021/13/22 1022/15/22 1033/16/22
f 1023/13/21 1024/14/21 1025/15/21
f 1023/13/21 1025/15/21 1036/16/21
f 1103/17/17 1100/18/17 1109/19/17
f 1103/17/17 1109/19/17 1110/20/17
f 1106/17/18 1099/18/18 1111/19/18
f 1106/17/18 1111/19/18 1112/20/18
f 1113/9/22 1126/10/22 1114/11/22
f 1113/9/22 1114/11/22 1118/12/22
f 1115/9/21 1123/10/21 1116/11/21
f 1115/9/21 1116/11/21 1121/12/21
f 1130/13/22 1142/14/22 1129/15/22
f 1130/13/22 1129/15/22 1131/16/22
f 1132/13/21 1133/14/21 1134/15/21
f 1132/13/21 1134/15/21 1138/16/21
f 1218/17/17 1209/18/17 1217/19/17
f 1218/17/17 1217/19/17 1205/20/17
f 1220/17/18 1208/18/18 1219/19/18
f 1220/17/18 1219/19/18 1212/20/18
f 1222/9/22 1221/10/22 1223/11/22
f 1222/9/22 1223/11/22 1224/12/22
f 1225/9/21 1226/10/21 1227/11/21
f 1225/9/21 1227/11/21 1236/12/21
f 1238/13/22 1237/14/22 1239/15/22
f 1238/13/22 1239/15/22 1240/16/22
f 1241/13/21 1242/14/21 1243/15/21
f 1241/13/21 1243/15/21 1247/16/21
f 1327/17/17 1317/18/17 1324/19/17
f 1327/17/17 1324/19/17 1313/20/17
f 1323/17/18 1316/18/18 1328/19/18
f 1323/17/18 1328/19/18 1320/20/18
f 1341/1/17 1342/2/17 1343/3/17
f 1341/1/17 1343/3/17 1329/4/17
f 1344/1/18 1332/2/18 1340/3/18
f 1344/1/18 1340/3/18 1335/4/18
f 1345/9/19 1354/10/19 1346/11/19
f 1345/9/19 1346/11/19 1350/12/19
f 1347/9/20 1356/10/20 1348/11/20
f 1347/9/20 1348/11/20 1353/12/20
f 1362/13/19 1361/14/19 1363/15/19
f 1362/13/19 1363/15/19 1374/16/19
f 1364/13/20 1371/14/20 1365/15/20
f 1364/13/20 1365/15/20 1369/16/20
f 1449/17/17 1447/18/17 1448/19/17
f 1449/17/17 1448/19/17 1437/20/17
f 1450/17/18 1440/18/18 1451/19/18
f 1450/17/18 1451/19/18 1452/20/18
f 1453/9/19 1466/10/19 1454/11/19
f 1453/9/19 1454/11/19 1455/12/19
f 1456/9/20 1457/10/20 1458/11/20
f 1456/9/20 1458/11/20 1462/12/20
f 1470/13/19 1469/14/19 1471/15/19
f 1470/13/19 1471/15/19 1475/16/19
f 1472/13/20 1476/14/20 1473/15/20
f 1472/13/20 1473/15/20 1479/16/20
f 1556/17/17 1557/18/17 1553/19/17
f 1556/17/17 1553/19/17 1545/20/17
f 1558/17/18 1548/18/18 1559/19/18
f 1558/17/18 1559/19/18 1560/20/18
f 1562/9/19 1561/10/19 1563/11/19
f 1562/9/19 1563/11/19 1573/12/19
f 1564/9/20 1565/10/20 1566/11/20
f 1564/9/20 1566/11/20 1576/12/20
f 1579/13/19 1577/14/19 1578/15/19
f 1579/13/19 1578/15/19 1583/16/19
f 1580/13/20 1584/14/20 1581/15/20
f 1580/13/20 1581/15/20 1592/16/20
f 1665/17/17 1664/18/17 1661/19/17
f 1665/17/17 1661/19/17 1653/20/17
f 1666/17/18 1667/18/18 1668/19/18
f 1666/17/18 1668/19/18 1658/20/18
f 1669/9/21 1670/10/21 1671/11/21
f 1669/9/21 1671/11/21 1675/12/21
f 1672/9/22 1676/10/22 1673/11/22
f 1672/9/22 1673/11/22 1684/12/22
f 1685/13/21 1694/14/21 1686/15/21
f 1685/13/21 1686/15/21 1690/16/21
f 1688/13/22 1691/14/22 1687/15/22
f 1688/13/22 1687/15/22 1700/16/22
f 1770/17/17 1771/18/17 1767/19/17
f 1770/17/17 1767/19/17 1772/20/17
f 1773/17/18 1774/18/18 1775/19/18
f 1773/17/18 1775/19/18 1776/20/18
f 1777/9/21 1778/10/21 1779/11/21
f 1777/9/21 1779/11/21 1790/12/21
f 1781/9/22 1787/10/22 1780/11/22
f 1781/9/22 1780/11/22 1785/12/22
f 1793/13/21 1801/14/21 1794/15/21
f 1793/13/21 1794/15/21 1795/16/21
f 1796/13/22 1803/14/22 1797/15/22
f 1796/13/22 1797/15/22 1808/16/22
f 1879/17/17 1871/18/17 1878/19/17
f 1879/17/17 1878/19/17 1880/20/17
f 1881/17/18 1882/18/18 1883/19/18
f 1881/17/18 1883/19/18 1884/20/18
f 1885/9/21 1895/10/21 1886/11/21
f 1885/9/21 1886/11/21 1891/12/21
f 1887/9/22 1892/10/22 1888/11/22
f 1887/9/22 1888/11/22 1889/12/22
f 1902/13/21 1901/14/21 1903/15/21
f 1902/13/21 1903/15/21 1904/16/21
f 1907/13/22 1905/14/22 1906/15/22
f 1907/13/22 1906/15/22 1908/16/22
f 1991/17/17 1990/18/17 1986/19/17
f 1991/17/17 1986/19/17 1977/20/17
f 1992/17/18 1980/18/18 1989/19/18
f 1992/17/18 1989/19/18 1983/20/18
f 1994/9/20 2006/10/20 1993/11/20
f 1994/9/20 1993/11/20 1995/12/20
f 1997/9/19 2000/10/19 1996/11/19
f 1997/9/19 1996/11/19 1998/12/19
f 2009/13/20 2018/14/20 2010/15/20
f 2009/13/20 2010/15/20 2022/16/20
f 2011/13/19 2014/14/19 2012/15/19
f 2011/13/19 2012/15/19 2017/16/19
f 2097/17/17 2088/18/17 2096/19/17
f 2097/17/17 2096/19/17 2098/20/17
f 2099/17/18 2087/18/18 2095/19/18
f 2099/17/18 2095/19/18 2100/20/18
f 2101/9/20 2111/10/20 2102/11/20
f 2101/9/20 2102/11/20 2107/12/20
f 2103/9/19 2108/10/19 2104/11/19
f 2103/9/19 2104/11/19 2105/12/19
f 2117/13/20 2125/14/20 2118/15/20
f 2117/13/20 2118/15/20 2129/16/20
f 2120/13/19 2122/14/19 2119/15/19
f 2120/13/19 2119/15/19 2132/16/19
f 2200/17/17 2207/18/17 2208/19/17
f 2200/17/17 2208/19/17 2193/20/17
f 2203/17/18 2196/18/18 2206/19/18
f 2203/17/18 2206/19/18 2199/20/18
f 2210/9/20 2209/10/20 2211/11/20
f 2210/9/20 2211/11/20 2212/12/20
f 2215/9/19 2213/10/19 2214/11/19
f 2215/9/19 2214/11/19 2216/12/19
f 2226/13/20 2235/14/20 2225/15/20
f 2226/13/20 2225/15/20 2227/16/20
f 2230/13/19 2228/14/19 2229/15/19
f 2230/13/19 2229/15/19 2234/16/19
f 2312/17/17 2304/18/17 2313/19/17
f 2312/17/17 2313/19/17 2301/20/17
f 2315/17/18 2314/18/18 2311/19/18
f 2315/17/18 2311/19/18 2316/20/18
f 2317/9/22 2326/10/22 2318/11/22
f 2317/9/22 2318/11/22 2319/12/22
f 2320/9/21 2328/10/21 2321/11/21
f 2320/9/21 2321/11/21 2322/12/21
f 2333/13/22 2345/14/22 2334/15/22
f 2333/13/22 2334/15/22 2346/16/22
f 2336/13/21 2335/14/21 2337/15/21
f 2336/13/21 2337/15/21 2338/16/21
f 2414/17/17 2420/18/17 2417/19/17
f 2414/17/17 2417/19/17 2421/20/17
f 2422/17/18 2411/18/18 2423/19/18
f 2422/17/18 2423/19/18 2424/20/18
f 2425/9/22 2434/10/22 2426/11/22
f 2425/9/22 2426/11/22 2427/12/22
f 2428/9/21 2436/10/21 2429/11/21
f 2428/9/21 2429/11/21 2433/12/21
f 2442/13/22 2441/14/22 2443/15/22
f 2442/13/22 2443/15/22 2454/16/22
f 2444/13/21 2445/14/21 2446/15/21
f 2444/13/21 2446/15/21 2447/16/21
f 2523/17/17 2520/18/17 2530/19/17
f 2523/17/17 2530/19/17 2517/20/17
f 2526/17/18 2531/18/18 2529/19/18
f 2526/17/18 2529/19/18 2532/20/18
f 2533/9/22 2534/10/22 2535/11/22
f 2533/9/22 2535/11/22 2539/12/22
f 2536/9/21 2540/10/21 2537/11/21
f 2536/9/21 2537/11/21 2543/12/21
f 2549/13/22 2562/14/22 2550/15/22
f 2549/13/22 2550/15/22 2551/16/22
f 2553/13/21 2552/14/21 2554/15/21
f 2553/13/21 2554/15/21 2558/16/21
f 2635/17/17 2628/18/17 2636/19/17
f 2635/17/17 2636/19/17 2625/20/17
f 2637/17/18 2638/18/18 2639/19/18
f 2637/17/18 2639/19/18 2640/20/18
f 2647/21/9 2642/22/23 2644/23/11
f 2647/21/9 2644/23/11 2648/24/24
f 2646/21/13 2645/22/25 2641/23/15
f 2646/21/13 2641/23/15 2643/24/26
f 2645/21/25 2647/22/9 2648/23/24
f 2645/21/25 2648/23/24 2641/24/15
f 2642/21/23 2646/22/13 2643/23/26
f 2642/21/23 2643/23/26 2644/24/11
f 2645/21/25 2646/22/13 2642/23/23
f 2645/21/25 2642/23/23 2647/24/9
f 2648/21/24 2644/22/11 2643/23/26
f 2648/21/24 2643/23/26 2641/24/15
f 2650/25/19 2649/26/19 2651/27/19
f 2650/25/19 2651/27/19 2652/28/19
f 2658/1/17 2666/2/17 2662/3/17
f 2658/1/17 2662/3/17 2667/4/17
f 2661/1/18 2668/2/18 2665/3/18
f 2661/1/18 2665/3/18 2657/4/18
f 2669/9/19 2682/10/19 2670/11/19
f 2669/9/19 2670/11/19 2671/12/19
f 2672/9/20 2673/10/20 2674/11/20
f 2672/9/20 2674/11/20 2678/12/20
f 2685/13/19 2697/14/19 2686/15/19
f 2685/13/19 2686/15/19 2698/16/19
f 2687/13/20 2694/14/20 2688/15/20
f 2687/13/20 2688/15/20 2692/16/20
f 2772/17/17 2773/18/17 2774/19/17
f 2772/17/17 2774/19/17 2761/20/17
f 2769/17/18 2764/18/18 2775/19/18
f 2769/17/18 2775/19/18 2776/20/18
f 2777/9/19 2788/10/19 2778/11/19
f 2777/9/19 2778/11/19 2789/12/19
f 2779/9/20 2782/10/20 2780/11/20
f 2779/9/20 2780/11/20 2792/12/20
f 2793/13/19 2806/14/19 2794/15/19
f 2793/13/19 2794/15/19 2798/16/19
f 2795/13/20 2799/14/20 2796/15/20
f 2795/13/20 2796/15/20 2802/16/20
f 2879/17/17 2872/18/17 2880/19/17
f 2879/17/17 2880/19/17 2869/20/17
f 2883/17/18 2881/18/18 2882/19/18
f 2883/17/18 2882/19/18 2884/20/18
f 2885/9/19 2897/10/19 2886/11/19
f 2885/9/19 2886/11/19 2887/12/19
f 2888/9/20 2891/10/20 2889/11/20
f 2888/9/20 2889/11/20 2900/12/20
f 2902/13/19 2901/14/19 2903/15/19
f 2902/13/19 2903/15/19 2908/16/19
f 2904/13/20 2905/14/20 2906/15/20
f 2904/13/20 2906/15/20 2911/16/20
f 2990/17/17 2981/18/17 2987/19/17
f 2990/17/17 2987/19/17 2977/20/17
f 2992/17/18 2980/18/18 2991/19/18
f 2992/17/18 2991/19/18 2984/20/18
f 2993/9/21 3002/10/21 2994/11/21
f 2993/9/21 2994/11/21 3006/12/21
f 2997/9/22 2995/10/22 2996/11/22
f 2997/9/22 2996/11/22 3001/12/22
f 3009/13/21 3021/14/21 3010/15/21
f 3009/13/21 3010/15/21 3022/16/21
f 3011/13/22 3012/14/22 3013/15/22
f 3011/13/22 3013/15/22 3014/16/22
f 3089/17/17 3094/18/17 3095/19/17
f 3089/17/17 3095/19/17 3096/20/17
f 3098/17/18 3097/18/18 3099/19/18
f 3098/17/18 3099/19/18 3100/20/18
f 3101/9/21 3110/10/21 3102/11/21
f 3101/9/21 3102/11/21 3103/12/21
f 3104/9/22 3112/10/22 3105/11/22
f 3104/9/22 3105/11/22 3106/12/22
f 3117/13/21 3125/14/21 3118/15/21
f 3117/13/21 3118/15/21 3122/16/21
f 3119/13/22 3127/14/22 3120/15/22
f 3119/13/22 3120/15/22 3132/16/22
f 3204/17/17 3205/18/17 3206/19/17
f 3204/17/17 3206/19/17 3193/20/17
f 3208/17/18 3196/18/18 3207/19/18
f 3208/17/18 3207/19/18 3199/20/18
f 3209/9/21 3221/10/21 3210/11/21
f 3209/9/21 3210/11/21 3222/12/21
f 3213/9/22 3211/10/22 3212/11/22
f 3213/9/22 3212/11/22 3217/12/22
f 3226/13/21 3232/14/21 3225/15/21
f 3226/13/21 3225/15/21 3237/16/21
f 3228/13/22 3234/14/22 3227/15/22
f 3228/13/22 3227/15/22 3240/16/22
f 3306/17/17 3312/18/17 3313/19/17
f 3306/17/17 3313/19/17 3314/20/17
f 3309/17/18 3303/18/18 3315/19/18
f 3309/17/18 3315/19/18 3316/20/18
f 3317/9/20 3318/10/20 3319/11/20
f 3317/9/20 3319/11/20 3330/12/20
f 3322/9/19 3320/10/19 3321/11/19
f 3322/9/19 3321/11/19 3326/12/19
f 3335/13/20 3333/14/20 3334/15/20
f 3335/13/20 3334/15/20 3346/16/20
f 3336/13/19 3339/14/19 3337/15/19
f 3336/13/19 3337/15/19 3342/16/19
f 3417/17/17 3418/18/17 3419/19/17
f 3417/17/17 3419/19/17 3420/20/17
f 3423/17/18 3421/18/18 3422/19/18
f 3423/17/18 3422/19/18 3424/20/18
f 3425/9/20 3437/10/20 3426/11/20
f 3425/9/20 3426/11/20 3438/12/20
f 3427/9/19 3434/10/19 3428/11/19
f 3427/9/19 3428/11/19 3432/12/19
f 3442/13/20 3454/14/20 3441/15/20
f 3442/13/20 3441/15/20 3443/16/20
f 3444/13/19 3448/14/19 3445/15/19
f 3444/13/19 3445/15/19 3446/16/19
f 3528/17/17 3527/18/17 3529/19/17
f 3528/17/17 3529/19/17 3530/20/17
f 3531/17/18 3519/18/18 3526/19/18
f 3531/17/18 3526/19/18 3532/20/18
f 3534/9/20 3533/10/20 3535/11/20
f 3534/9/20 3535/11/20 3545/12/20
f 3537/9/19 3542/10/19 3536/11/19
f 3537/9/19 3536/11/19 3548/12/19
f 3549/13/20 3557/14/20 3550/15/20
f 3549/13/20 3550/15/20 3551/16/20
f 3552/13/19 3559/14/19 3553/15/19
f 3552/13/19 3553/15/19 3564/16/19
f 3637/17/17 3629/18/17 3638/19/17
f 3637/17/17 3638/19/17 3625/20/17
f 3639/17/18 3628/18/18 3636/19/18
f 3639/17/18 3636/19/18 3640/20/18
f 3641/9/22 3650/10/22 3642/11/22
f 3641/9/22 3642/11/22 3646/12/22
f 3643/9/21 3647/10/21 3644/11/21
f 3643/9/21 3644/11/21 3656/12/21
f 3657/13/22 3666/14/22 3658/15/22
f 3657/13/22 3658/15/22 3659/16/22
f 3660/13/21 3663/14/21 3661/15/21
f 3660/13/21 3661/15/21 3672/16/21
f 3744/17/17 3743/18/17 3745/19/17
f 3744/17/17 3745/19/17 3733/20/17
f 3740/17/18 3746/18/18 3747/19/18
f 3740/17/18 3747/19/18 3748/20/18
f 3749/9/22 3761/10/22 3750/11/22
f 3749/9/22 3750/11/22 3751/12/22
f 3753/9/21 3755/10/21 3752/11/21
f 3753/9/21 3752/11/21 3764/12/21
f 3766/13/22 3765/14/22 3767/15/22
f 3766/13/22 3767/15/22 3768/16/22
f 3769/13/21 3776/14/21 3770/15/21
f 3769/13/21 3770/15/21 3771/16/21
f 3854/17/17 3845/18/17 3855/19/17
f 3854/17/17 3855/19/17 3841/20/17
f 3856/17/18 3844/18/18 3853/19/18
f 3856/17/18 3853/19/18 3848/20/18
f 3857/9/22 3869/10/22 3858/11/22
f 3857/9/22 3858/11/22 3870/12/22
f 3859/9/21 3862/10/21 3860/11/21
f 3859/9/21 3860/11/21 3865/12/21
f 3873/13/22 3883/14/22 3874/15/22
f 3873/13/22 3874/15/22 3879/16/22
f 3876/13/21 3880/14/21 3875/15/21
f 3876/13/21 3875/15/21 3877/16/21
f 3961/17/17 3952/18/17 3958/19/17
f 3961/17/17 3958/19/17 3962/20/17
f 3964/17/18 3951/18/18 3963/19/18
f 3964/17/18 3963/19/18 3955/20/18
f 3969/21/9 3970/22/23 3965/23/11
f 3969/21/9 3965/23/11 3966/24/24
f 3972/21/13 3968/22/25 3967/23/15
f 3972/21/13 3967/23/15 3971/24/26
f 3968/21/25 3969/22/9 3966/23/24
f 3968/21/25 3966/23/24 3967/24/15
f 3970/21/23 3972/22/13 3971/23/26
f 3970/21/23 3971/23/26 3965/24/11
f 3968/21/25 3972/22/13 3970/23/23
f 3968/21/25 3970/23/23 3969/24/9
f 3966/21/24 3965/22/11 3971/23/26
f 3966/21/24 3971/23/26 3967/24/15
f 3973/29/19 3974/30/19 3975/31/19
f 3973/29/19 3975/31/19 3976/32/19
f 3989/1/17 3981/2/17 3990/3/17
f 3989/1/17 3990/3/17 3977/4/17
f 3991/1/18 3980/2/18 3992/3/18
f 3991/1/18 3992/3/18 3984/4/18
f 3994/9/19 3993/10/19 3995/11/19
f 3994/9/19 3995/11/19 4000/12/19
f 3996/9/20 4004/10/20 3997/11/20
f 3996/9/20 3997/11/20 3998/12/20
f 4009/13/19 4010/14/19 4011/15/19
f 4009/13/19 4011/15/19 4021/16/19
f 4012/13/20 4013/14/20 4014/15/20
f 4012/13/20 4014/15/20 4024/16/20
f 4093/17/17 4089/18/17 4096/19/17
f 4093/17/17 4096/19/17 4085/20/17
f 4100/17/18 4088/18/18 4099/19/18
f 4100/17/18 4099/19/18 4092/20/18
f 4101/9/19 4111/10/19 4102/11/19
f 4101/9/19 4102/11/19 4106/12/19
f 4103/9/20 4107/10/20 4104/11/20
f 4103/9/20 4104/11/20 4110/12/20
f 4118/13/19 4129/14/19 4117/15/19
f 4118/13/19 4117/15/19 4123/16/19
f 4120/13/20 4119/14/20 4121/15/20
f 4120/13/20 4121/15/20 4132/16/20
f 4198/17/17 4204/18/17 4205/19/17
f 4198/17/17 4205/19/17 4193/20/17
f 4207/17/18 4206/18/18 4203/19/18
f 4207/17/18 4203/19/18 4208/20/18
f 4210/9/19 4221/10/19 4209/11/19
f 4210/9/19 4209/11/19 4214/12/19
f 4211/9/20 4215/10/20 4212/11/20
f 4211/9/20 4212/11/20 4224/12/20
f 4227/13/19 4225/14/19 4226/15/19
f 4227/13/19 4226/15/19 4238/16/19
f 4229/13/20 4232/14/20 4228/15/20
f 4229/13/20 4228/15/20 4230/16/20
f 4313/17/17 4303/18/17 4310/19/17
f 4313/17/17 4310/19/17 4314/20/17
f 4309/17/18 4315/18/18 4316/19/18
f 4309/17/18 4316/19/18 4306/20/18
f 4317/9/21 4330/10/21 4318/11/21
f 4317/9/21 4318/11/21 4319/12/21
f 4320/9/22 4323/10/22 4321/11/22
f 4320/9/22 4321/11/22 4326/12/22
f 4334/13/21 4341/14/21 4333/15/21
f 4334/13/21 4333/15/21 4338/16/21
f 4335/13/22 4343/14/22 4336/15/22
f 4335/13/22 4336/15/22 4348/16/22
f 4421/17/17 4412/18/17 4422/19/17
f 4421/17/17 4422/19/17 4423/20/17
f 4418/17/18 4411/18/18 4424/19/18
f 4418/17/18 4424/19/18 4415/20/18
f 4425/9/21 4437/10/21 4426/11/21
f 4425/9/21 4426/11/21 4438/12/21
f 4428/9/22 4430/10/22 4427/11/22
f 4428/9/22 4427/11/22 4433/12/22
f 4442/13/21 4451/14/21 4441/15/21
f 4442/13/21 4441/15/21 4448/16/21
f 4445/13/22 4443/14/22 4444/15/22
f 4445/13/22 4444/15/22 4446/16/22
f 4528/17/17 4529/18/17 4525/19/17
f 4528/17/17 4525/19/17 4517/20/17
f 4530/17/18 4531/18/18 4532/19/18
f 4530/17/18 4532/19/18 4522/20/18
f 4533/9/21 4534/10/21 4535/11/21
f 4533/9/21 4535/11/21 4546/12/21
f 4537/9/22 4543/10/22 4536/11/22
f 4537/9/22 4536/11/22 4541/12/22
f 4549/13/21 4558/14/21 4550/15/21
f 4549/13/21 4550/15/21 4562/16/21
f 4551/13/22 4552/14/22 4553/15/22
f 4551/13/22 4553/15/22 4554/16/22
f 4635/17/17 4634/18/17 4636/19/17
f 4635/17/17 4636/19/17 4637/20/17
f 4640/17/18 4638/18/18 4639/19/18
f 4640/17/18 4639/19/18 4629/20/18
f 4642/9/20 4641/10/20 4643/11/20
f 4642/9/20 4643/11/20 4644/12/20
f 4645/9/19 4648/10/19 4646/11/19
f 4645/9/19 4646/11/19 4656/12/19
f 4657/13/20 4658/14/20 4659/15/20
f 4657/13/20 4659/15/20 4670/16/20
f 4660/13/19 4661/14/19 4662/15/19
f 4660/13/19 4662/15/19 4663/16/19
f 4742/17/17 4743/18/17 4744/19/17
f 4742/17/17 4744/19/17 4733/20/17
f 4745/17/18 4746/18/18 4747/19/18
f 4745/17/18 4747/19/18 4748/20/18
f 4751/9/20 4749/10/20 4750/11/20
f 4751/9/20 4750/11/20 4755/12/20
f 4752/9/19 4756/10/19 4753/11/19
f 4752/9/19 4753/11/19 4759/12/19
f 4765/13/20 4778/14/20 4766/15/20
f 4765/13/20 4766/15/20 4771/16/20
f 4767/13/19 4772/14/19 4768/15/19
f 4767/13/19 4768/15/19 4769/16/19
f 4847/17/17 4853/18/17 4850/19/17
f 4847/17/17 4850/19/17 4841/20/17
f 4854/17/18 4844/18/18 4855/19/18
f 4854/17/18 4855/19/18 4856/20/18
f 4857/9/20 4866/10/20 4858/11/20
f 4857/9/20 4858/11/20 4859/12/20
f 4861/9/19 4863/10/19 4860/11/19
f 4861/9/19 4860/11/19 4872/12/19
f 4875/13/20 4873/14/20 4874/15/20
f 4875/13/20 4874/15/20 4880/16/20
f 4876/13/19 4881/14/19 4877/15/19
f 4876/13/19 4877/15/19 4878/16/19
f 4954/17/17 4960/18/17 4961/19/17
f 4954/17/17 4961/19/17 4962/20/17
f 4957/17/18 4951/18/18 4963/19/18
f 4957/17/18 4963/19/18 4964/20/18
f 4965/9/22 4974/10/22 4966/11/22
f 4965/9/22 4966/11/22 4978/12/22
f 4967/9/21 4968/10/21 4969/11/21
f 4967/9/21 4969/11/21 4970/12/21
f 4981/13/22 4994/14/22 4982/15/22
f 4981/13/22 4982/15/22 4983/16/22
f 4984/13/21 4985/14/21 4986/15/21
f 4984/13/21 4986/15/21 4987/16/21
f 5063/17/17 5069/18/17 5066/19/17
f 5063/17/17 5066/19/17 5057/20/17
f 5070/17/18 5071/18/18 5072/19/18
f 5070/17/18 5072/19/18 5062/20/18
f 5073/9/22 5082/10/22 5074/11/22
f 5073/9/22 5074/11/22 5079/12/22
f 5075/9/21 5084/10/21 5076/11/21
f 5075/9/21 5076/11/21 5077/12/21
f 5090/13/22 5089/14/22 5091/15/22
f 5090/13/22 5091/15/22 5092/16/22
f 5093/13/21 5100/14/21 5094/15/21
f 5093/13/21 5094/15/21 5098/16/21
f 5169/17/17 5175/18/17 5176/19/17
f 5169/17/17 5176/19/17 5177/20/17
f 5172/17/18 5178/18/18 5179/19/18
f 5172/17/18 5179/19/18 5180/20/18
f 5181/9/22 5182/10/22 5183/11/22
f 5181/9/22 5183/11/22 5194/12/22
f 5184/9/21 5185/10/21 5186/11/21
f 5184/9/21 5186/11/21 5187/12/21
f 5197/13/22 5207/14/22 5198/15/22
f 5197/13/22 5198/15/22 5199/16/22
f 5201/13/21 5200/14/21 5202/15/21
f 5201/13/21 5202/15/21 5203/16/21
f 5280/17/17 5276/18/17 5284/19/17
f 5280/17/17 5284/19/17 5273/20/17
f 5283/17/18 5288/18/18 5287/19/18
f 5283/17/18 5287/19/18 5279/20/18
f 5289/21/9 5290/22/23 5292/23/11
f 5289/21/9 5292/23/11 5295/24/24
f 5294/21/13 5293/22/25 5296/23/15
f 5294/21/13 5296/23/15 5291/24/26
f 5293/21/25 5289/22/9 5295/23/24
f 5293/21/25 5295/23/24 5296/24/15
f 5290/21/23 5294/22/13 5291/23/26
f 5290/21/23 5291/23/26 5292/24/11
f 5293/21/25 5294/22/13 5290/23/23
f 5293/21/25 5290/23/23 5289/24/9
f 5295/21/24 5292/22/11 5291/23/26
f 5295/21/24 5291/23/26 5296/24/15
f 5297/33/19 5298/34/19 5299/35/19
f 5297/33/19 5299/35/19 5300/36/19
f 5310/1/17 5311/2/17 5307/3/17
f 5310/1/17 5307/3/17 5312/4/17
f 5315/1/18 5313/2/18 5314/3/18
f 5315/1/18 5314/3/18 5316/4/18
f 5317/9/19 5330/10/19 5318/11/19
f 5317/9/19 5318/11/19 5324/12/19
f 5321/9/20 5319/10/20 5320/11/20
f 5321/9/20 5320/11/20 5322/12/20
f 5334/13/19 5346/14/19 5333/15/19
f 5334/13/19 5333/15/19 5339/16/19
f 5335/13/20 5336/14/20 5337/15/20
f 5335/13/20 5337/15/20 5342/16/20
f 5415/17/17 5412/18/17 5421/19/17
f 5415/17/17 5421/19/17 5422/20/17
f 5423/17/18 5411/18/18 5420/19/18
f 5423/17/18 5420/19/18 5424/20/18
f 5425/9/19 5436/10/19 5426/11/19
f 5425/9/19 5426/11/19 5437/12/19
f 5427/9/20 5428/10/20 5429/11/20
f 5427/9/20 5429/11/20 5440/12/20
f 5441/13/19 5449/14/19 5442/15/19
f 5441/13/19 5442/15/19 5454/16/19
f 5444/13/20 5451/14/20 5443/15/20
f 5444/13/20 5443/15/20 5445/16/20
f 5522/17/17 5528/18/17 5529/19/17
f 5522/17/17 5529/19/17 5530/20/17
f 5531/17/18 5519/18/18 5527/19/18
f 5531/17/18 5527/19/18 5532/20/18
f 5533/9/19 5545/10/19 5534/11/19
f 5533/9/19 5534/11/19 5538/12/19
f 5536/9/20 5539/10/20 5535/11/20
f 5536/9/20 5535/11/20 5548/12/20
f 5550/13/19 5558/14/19 5549/15/19
f 5550/13/19 5549/15/19 5555/16/19
f 5551/13/20 5560/14/20 5552/15/20
f 5551/13/20 5552/15/20 5553/16/20
f 5635/17/17 5627/18/17 5636/19/17
f 5635/17/17 5636/19/17 5637/20/17
f 5638/17/18 5639/18/18 5640/19/18
f 5638/17/18 5640/19/18 5630/20/18
f 5641/9/21 5654/10/21 5642/11/21
f 5641/9/21 5642/11/21 5647/12/21
f 5643/9/22 5648/10/22 5644/11/22
f 5643/9/22 5644/11/22 5645/12/22
f 5657/13/21 5658/14/21 5659/15/21
f 5657/13/21 5659/15/21 5670/16/21
f 5660/13/22 5661/14/22 5662/15/22
f 5660/13/22 5662/15/22 5663/16/22
f 5744/17/17 5743/18/17 5745/19/17
f 5744/17/17 5745/19/17 5733/20/17
f 5740/17/18 5746/18/18 5747/19/18
f 5740/17/18 5747/19/18 5748/20/18
f 5749/9/21 5750/10/21 5751/11/21
f 5749/9/21 5751/11/21 5752/12/21
f 5754/9/22 5753/10/22 5755/11/22
f 5754/9/22 5755/11/22 5759/12/22
f 5765/13/21 5766/14/21 5767/15/21
f 5765/13/21 5767/15/21 5777/16/21
f 5768/13/22 5774/14/22 5769/15/22
f 5768/13/22 5769/15/22 5780/16/22
f 5852/17/17 5844/18/17 5849/19/17
f 5852/17/17 5849/19/17 5841/20/17
f 5853/17/18 5854/18/18 5855/19/18
f 5853/17/18 5855/19/18 5856/20/18
f 5858/9/21 5870/10/21 5857/11/21
f 5858/9/21 5857/11/21 5863/12/21
f 5859/9/22 5867/10/22 5860/11/22
f 5859/9/22 5860/11/22 5861/12/22
f 5873/13/21 5882/14/21 5874/15/21
f 5873/13/21 5874/15/21 5879/16/21
f 5876/13/22 5884/14/22 5875/15/22
f 5876/13/22 5875/15/22 5877/16/22
f 5954/17/17 5961/18/17 5962/19/17
f 5954/17/17 5962/19/17 5949/20/17
f 5957/17/18 5963/18/18 5960/19/18
f 5957/17/18 5960/19/18 5964/20/18
f 5966/9/20 5974/10/20 5965/11/20
f 5966/9/20 5965/11/20 5970/12/20
f 5967/9/19 5976/10/19 5968/11/19
f 5967/9/19 5968/11/19 5973/12/19
f 5981/13/20 5994/14/20 5982/15/20
f 5981/13/20 5982/15/20 5983/16/20
f 5985/13/19 5987/14/19 5984/15/19
f 5985/13/19 5984/15/19 5990/16/19
f 6069/17/17 6068/18/17 6064/19/17
f 6069/17/17 6064/19/17 6057/20/17
f 6070/17/18 6071/18/18 6067/19/18
f 6070/17/18 6067/19/18 6072/20/18
f 6073/9/20 6083/10/20 6074/11/20
f 6073/9/20 6074/11/20 6075/12/20
f 6076/9/19 6077/10/19 6078/11/19
f 6076/9/19 6078/11/19 6079/12/19
f 6089/13/20 6101/14/20 6090/15/20
f 6089/13/20 6090/15/20 6091/16/20
f 6093/13/19 6092/14/19 6094/15/19
f 6093/13/19 6094/15/19 6104/16/19
f 6174/17/17 6175/18/17 6176/19/17
f 6174/17/17 6176/19/17 6165/20/17
f 6177/17/18 6178/18/18 6179/19/18
f 6177/17/18 6179/19/18 6180/20/18
f 6182/9/20 6191/10/20 6181/11/20
f 6182/9/20 6181/11/20 6187/12/20
f 6183/9/19 6188/10/19 6184/11/19
f 6183/9/19 6184/11/19 6185/12/19
f 6197/13/20 6209/14/20 6198/15/20
f 6197/13/20 6198/15/20 6203/16/20
f 6200/13/19 6199/14/19 6201/15/19
f 6200/13/19 6201/15/19 6212/16/19
f 6283/17/17 6284/18/17 6285/19/17
f 6283/17/17 6285/19/17 6273/20/17
f 6286/17/18 6276/18/18 6287/19/18
f 6286/17/18 6287/19/18 6288/20/18
f 6289/9/22 6299/10/22 6290/11/22
f 6289/9/22 6290/11/22 6295/12/22
f 6291/9/21 6296/10/21 6292/11/21
f 6291/9/21 6292/11/21 6293/12/21
f 6305/13/22 6306/14/22 6307/15/22
f 6305/13/22 6307/15/22 6308/16/22
f 6309/13/21 6316/14/21 6310/15/21
f 6309/13/21 6310/15/21 6314/16/21
f 6386/17/17 6392/18/17 6389/19/17
f 6386/17/17 6389/19/17 6381/20/17
f 6393/17/18 6394/18/18 6395/19/18
f 6393/17/18 6395/19/18 6396/20/18
f 6398/9/22 6397/10/22 6399/11/22
f 6398/9/22 6399/11/22 6409/12/22
f 6400/9/21 6406/10/21 6401/11/21
f 6400/9/21 6401/11/21 6412/12/21
f 6413/13/22 6426/14/22 6414/15/22
f 6413/13/22 6414/15/22 6418/16/22
f 6415/13/21 6419/14/21 6416/15/21
f 6415/13/21 6416/15/21 6422/16/21
f 6500/17/17 6492/18/17 6501/19/17
f 6500/17/17 6501/19/17 6502/20/17
f 6504/17/18 6491/18/18 6503/19/18
f 6504/17/18 6503/19/18 6495/20/18
f 6505/9/22 6518/10/22 6506/11/22
f 6505/9/22 6506/11/22 6507/12/22
f 6508/9/21 6509/10/21 6510/11/21
f 6508/9/21 6510/11/21 6511/12/21
f 6522/13/22 6521/14/22 6523/15/22
f 6522/13/22 6523/15/22 6527/16/22
f 6525/13/21 6532/14/21 6524/15/21
f 6525/13/21 6524/15/21 6530/16/21
f 6604/17/17 6610/18/17 6607/19/17
f 6604/17/17 6607/19/17 6597/20/17
f 6611/17/18 6600/18/18 6612/19/18
f 6611/17/18 6612/19/18 6603/20/18
f 6613/21/9 6620/22/23 6614/23/11
f 6613/21/9 6614/23/11 6618/24/24
f 6615/21/13 6619/22/25 6616/23/15
f 6615/21/13 6616/23/15 6617/24/26
f 6619/21/25 6613/22/9 6618/23/24
f 6619/21/25 6618/23/24 6616/24/15
f 6620/21/23 6615/22/13 6617/23/26
f 6620/21/23 6617/23/26 6614/24/11
f 6619/21/25 6615/22/13 6620/23/23
f 6619/21/25 6620/23/23 6613/24/9
f 6618/21/24 6614/22/11 6617/23/26
f 6618/21/24 6617/23/26 6616/24/15
f 6621/37/19 6622/38/19 6623/39/19
f 6621/37/19 6623/39/19 6624/40/19
f 6635/1/17 6628/2/17 6636/3/17
f 6635/1/17 6636/3/17 6637/4/17
f 6639/1/18 6627/2/18 6638/3/18
f 6639/1/18 6638/3/18 6640/4/18
f 6641/9/19 6650/10/19 6642/11/19
f 6641/9/19 6642/11/19 6646/12/19
f 6643/9/20 6647/10/20 6644/11/20
f 6643/9/20 6644/11/20 6656/12/20
f 6657/13/19 6658/14/19 6659/15/19
f 6657/13/19 6659/15/19 6669/16/19
f 6660/13/20 6666/14/20 6661/15/20
f 6660/13/20 6661/15/20 6672/16/20
f 6744/17/17 6736/18/17 6745/19/17
f 6744/17/17 6745/19/17 6733/20/17
f 6746/17/18 6747/18/18 6748/19/18
f 6746/17/18 6748/19/18 6739/20/18
f 6749/9/19 6759/10/19 6750/11/19
f 6749/9/19 6750/11/19 6751/12/19
f 6752/9/20 6753/10/20 6754/11/20
f 6752/9/20 6754/11/20 6755/12/20
f 6765/13/19 6766/14/19 6767/15/19
f 6765/13/19 6767/15/19 6772/16/19
f 6769/13/20 6776/14/20 6768/15/20
f 6769/13/20 6768/15/20 6770/16/20
f 6854/17/17 6844/18/17 6853/19/17
f 6854/17/17 6853/19/17 6855/20/17
f 6849/17/18 6843/18/18 6852/19/18
f 6849/17/18 6852/19/18 6856/20/18
f 6858/9/19 6868/10/19 6857/11/19
f 6858/9/19 6857/11/19 6869/12/19
f 6860/9/20 6859/10/20 6861/11/20
f 6860/9/20 6861/11/20 6872/12/20
f 6875/13/19 6873/14/19 6874/15/19
f 6875/13/19 6874/15/19 6876/16/19
f 6877/13/20 6878/14/20 6879/15/20
f 6877/13/20 6879/15/20 6888/16/20
f 6960/17/17 6953/18/17 6961/19/17
f 6960/17/17 6961/19/17 6949/20/17
f 6963/17/18 6952/18/18 6962/19/18
f 6963/17/18 6962/19/18 6964/20/18
f 6965/9/21 6974/10/21 6966/11/21
f 6965/9/21 6966/11/21 6967/12/21
f 6969/9/22 6976/10/22 6968/11/22
f 6969/9/22 6968/11/22 6970/12/22
f 6983/13/21 6981/14/21 6982/15/21
f 6983/13/21 6982/15/21 6994/16/21
f 6984/13/22 6991/14/22 6985/15/22
f 6984/13/22 6985/15/22 6989/16/22
f 7068/17/17 7059/18/17 7065/19/17
f 7068/17/17 7065/19/17 7069/20/17
f 7064/17/18 7070/18/18 7071/19/18
f 7064/17/18 7071/19/18 7072/20/18
f 7074/9/21 7085/10/21 7073/11/21
f 7074/9/21 7073/11/21 7075/12/21
f 7076/9/22 7082/10/22 7077/11/22
f 7076/9/22 7077/11/22 7088/12/22
f 7089/13/21 7102/14/21 7090/15/21
f 7089/13/21 7090/15/21 7091/16/21
f 7092/13/22 7095/14/22 7093/15/22
f 7092/13/22 7093/15/22 7098/16/22
f 7179/17/17 7169/18/17 7178/19/17
f 7179/17/17 7178/19/17 7165/20/17
f 7175/17/18 7168/18/18 7180/19/18
f 7175/17/18 7180/19/18 7172/20/18
f 7182/9/21 7181/10/21 7183/11/21
f 7182/9/21 7183/11/21 7193/12/21
f 7184/9/22 7190/10/22 7185/11/22
f 7184/9/22 7185/11/22 7196/12/22
f 7197/13/21 7210/14/21 7198/15/21
f 7197/13/21 7198/15/21 7202/16/21
f 7199/13/22 7207/14/22 7200/15/22
f 7199/13/22 7200/15/22 7205/16/22
f 7280/17/17 7287/18/17 7284/19/17
f 7280/17/17 7284/19/17 7273/20/17
f 7283/17/18 7276/18/18 7288/19/18
f 7283/17/18 7288/19/18 7279/20/18
f 7289/9/20 7290/10/20 7291/11/20
f 7289/9/20 7291/11/20 7292/12/20
f 7293/9/19 7294/10/19 7295/11/19
f 7293/9/19 7295/11/19 7296/12/19
f 7305/13/20 7314/14/20 7306/15/20
f 7305/13/20 7306/15/20 7307/16/20
f 7309/13/19 7316/14/19 7308/15/19
f 7309/13/19 7308/15/19 7310/16/19
f 7391/17/17 7390/18/17 7392/19/17
f 7391/17/17 7392/19/17 7393/20/17
f 7394/17/18 7383/18/18 7395/19/18
f 7394/17/18 7395/19/18 7396/20/18
f 7397/9/20 7410/10/20 7398/11/20
f 7397/9/20 7398/11/20 7403/12/20
f 7399/9/19 7404/10/19 7400/11/19
f 7399/9/19 7400/11/19 7401/12/19
f 7413/13/20 7414/14/20 7415/15/20
f 7413/13/20 7415/15/20 7426/16/20
f 7416/13/19 7423/14/19 7417/15/19
f 7416/13/19 7417/15/19 7418/16/19
f 7501/17/17 7502/18/17 7498/19/17
f 7501/17/17 7498/19/17 7489/20/17
f 7503/17/18 7492/18/18 7504/19/18
f 7503/17/18 7504/19/18 7495/20/18
f 7505/9/20 7506/10/20 7507/11/20
f 7505/9/20 7507/11/20 7512/12/20
f 7510/9/19 7508/10/19 7509/11/19
f 7510/9/19 7509/11/19 7515/12/19
f 7521/13/20 7530/14/20 7522/15/20
f 7521/13/20 7522/15/20 7534/16/20
f 7523/13/19 7524/14/19 7525/15/19
f 7523/13/19 7525/15/19 7529/16/19
f 7608/17/17 7600/18/17 7607/19/17
f 7608/17/17 7607/19/17 7597/20/17
f 7609/17/18 7610/18/18 7611/19/18
f 7609/17/18 7611/19/18 7612/20/18
f 7613/9/22 7625/10/22 7614/11/22
f 7613/9/22 7614/11/22 7618/12/22
f 7615/9/21 7622/10/21 7616/11/21
f 7615/9/21 7616/11/21 7628/12/21
f 7631/13/22 7629/14/22 7630/15/22
f 7631/13/22 7630/15/22 7635/16/22
f 7632/13/21 7636/14/21 7633/15/21
f 7632/13/21 7633/15/21 7639/16/21
f 7711/17/17 7716/18/17 7717/19/17
f 7711/17/17 7717/19/17 7705/20/17
f 7719/17/18 7708/18/18 7718/19/18
f 7719/17/18 7718/19/18 7720/20/18
f 7723/9/22 7721/10/22 7722/11/22
f 7723/9/22 7722/11/22 7724/12/22
f 7725/9/21 7728/10/21 7726/11/21
f 7725/9/21 7726/11/21 7731/12/21
f 7738/13/22 7749/14/22 7737/15/22
f 7738/13/22 7737/15/22 7750/16/22
f 7739/13/21 7746/14/21 7740/15/21
f 7739/13/21 7740/15/21 7741/16/21
f 7825/17/17 7826/18/17 7827/19/17
f 7825/17/17 7827/19/17 7813/20/17
f 7822/17/18 7816/18/18 7828/19/18
f 7822/17/18 7828/19/18 7819/20/18
f 7830/9/22 7841/10/22 7829/11/22
f 7830/9/22 7829/11/22 7835/12/22
f 7833/9/21 7831/10/21 7832/11/21
f 7833/9/21 7832/11/21 7844/12/21
f 7846/13/22 7852/14/22 7845/15/22
f 7846/13/22 7845/15/22 7857/16/22
f 7848/13/21 7854/14/21 7847/15/21
f 7848/13/21 7847/15/21 7860/16/21
f 7931/17/17 7932/18/17 7928/19/17
f 7931/17/17 7928/19/17 7933/20/17
f 7935/17/18 7923/18/18 7934/19/18
f 7935/17/18 7934/19/18 7936/20/18
f 7946/1/17 7945/2/17 7947/3/17
f 7946/1/17 7947/3/17 7948/4/17
f 7949/1/18 7950/2/18 7951/3/18
f 7949/1/18 7951/3/18 7952/4/18
f 7953/9/19 7954/10/19 7955/11/19
f 7953/9/19 7955/11/19 7956/12/19
f 7957/9/20 7964/10/20 7958/11/20
f 7957/9/20 7958/11/20 7959/12/20
f 7969/13/19 7981/14/19 7970/15/19
f 7969/13/19 7970/15/19 7971/16/19
f 7973/13/20 7978/14/20 7972/15/20
f 7973/13/20 7972/15/20 7984/16/20
f 8057/17/17 8047/18/17 8053/19/17
f 8057/17/17 8053/19/17 8058/20/17
f 8052/17/18 8059/18/18 8056/19/18
f 8052/17/18 8056/19/18 8060/20/18
f 8061/9/19 8068/10/19 8062/11/19
f 8061/9/19 8062/11/19 8073/12/19
f 8063/9/20 8070/10/20 8064/11/20
f 8063/9/20 8064/11/20 8076/12/20
f 8079/13/19 8077/14/19 8078/15/19
f 8079/13/19 8078/15/19 8084/16/19
f 8080/13/20 8085/14/20 8081/15/20
f 8080/13/20 8081/15/20 8082/16/20
f 8165/17/17 8164/18/17 8161/19/17
f 8165/17/17 8161/19/17 8153/20/17
f 8166/17/18 8167/18/18 8168/19/18
f 8166/17/18 8168/19/18 8158/20/18
f 8169/9/19 8177/10/19 8170/11/19
f 8169/9/19 8170/11/19 8171/12/19
f 8172/9/20 8179/10/20 8173/11/20
f 8172/9/20 8173/11/20 8184/12/20
f 8185/13/19 8195/14/19 8186/15/19
f 8185/13/19 8186/15/19 8191/16/19
f 8187/13/20 8192/14/20 8188/15/20
f 8187/13/20 8188/15/20 8189/16/20
f 8267/17/17 8273/18/17 8270/19/17
f 8267/17/17 8270/19/17 8261/20/17
f 8274/17/18 8275/18/18 8276/19/18
f 8274/17/18 8276/19/18 8266/20/18
f 8277/9/21 8278/10/21 8279/11/21
f 8277/9/21 8279/11/21 8283/12/21
f 8280/9/22 8288/10/22 8281/11/22
f 8280/9/22 8281/11/22 8286/12/22
f 8293/13/21 8294/14/21 8295/15/21
f 8293/13/21 8295/15/21 8305/16/21
f 8296/13/22 8297/14/22 8298/15/22
f 8296/13/22 8298/15/22 8308/16/22
f 8382/17/17 8372/18/17 8383/19/17
f 8382/17/17 8383/19/17 8384/20/17
f 8378/17/18 8371/18/18 8381/19/18
f 8378/17/18 8381/19/18 8375/20/18
f 8385/9/21 8393/10/21 8386/11/21
f 8385/9/21 8386/11/21 8390/12/21
f 8387/9/22 8395/10/22 8388/11/22
f 8387/9/22 8388/11/22 8400/12/22
f 8402/13/21 8408/14/21 8401/15/21
f 8402/13/21 8401/15/21 8413/16/21
f 8403/13/22 8410/14/22 8404/15/22
f 8403/13/22 8404/15/22 8416/16/22
f 8489/17/17 8487/18/17 8488/19/17
f 8489/17/17 8488/19/17 8477/20/17
f 8484/17/18 8490/18/18 8491/19/18
f 8484/17/18 8491/19/18 8492/20/18
f 8493/9/21 8494/10/21 8495/11/21
f 8493/9/21 8495/11/21 8496/12/21
f 8497/9/22 8503/10/22 8498/11/22
f 8497/9/22 8498/11/22 8508/12/22
f 8511/13/21 8509/14/21 8510/15/21
f 8511/13/21 8510/15/21 8522/16/21
f 8513/13/22 8512/14/22 8514/15/22
f 8513/13/22 8514/15/22 8515/16/22
f 8596/17/17 8595/18/17 8597/19/17
f 8596/17/17 8597/19/17 8585/20/17
f 8598/17/18 8588/18/18 8599/19/18
f 8598/17/18 8599/19/18 8600/20/18
f 8601/9/20 8602/10/20 8603/11/20
f 8601/9/20 8603/11/20 8607/12/20
f 8605/9/19 8611/10/19 8604/11/19
f 8605/9/19 8604/11/19 8616/12/19
f 8617/13/20 8618/14/20 8619/15/20
f 8617/13/20 8619/15/20 8629/16/20
f 8620/13/19 8623/14/19 8621/15/19
f 8620/13/19 8621/15/19 8632/16/19
f 8706/17/17 8697/18/17 8707/19/17
f 8706/17/17 8707/19/17 8693/20/17
f 8702/17/18 8696/18/18 8705/19/18
f 8702/17/18 8705/19/18 8708/20/18
f 8709/9/20 8721/10/20 8710/11/20
f 8709/9/20 8710/11/20 8711/12/20
f 8712/9/19 8718/10/19 8713/11/19
f 8712/9/19 8713/11/19 8724/12/19
f 8726/13/20 8734/14/20 8725/15/20
f 8726/13/20 8725/15/20 8730/16/20
f 8727/13/19 8736/14/19 8728/15/19
f 8727/13/19 8728/15/19 8733/16/19
f 8814/17/17 8804/18/17 8810/19/17
f 8814/17/17 8810/19/17 8815/20/17
f 8816/17/18 8803/18/18 8813/19/18
f 8816/17/18 8813/19/18 8807/20/18
f 8818/9/20 8830/10/20 8817/11/20
f 8818/9/20 8817/11/20 8819/12/20
f 8822/9/19 8820/10/19 8821/11/19
f 8822/9/19 8821/11/19 8823/12/19
f 8834/13/20 8845/14/20 8833/15/20
f 8834/13/20 8833/15/20 8838/16/20
f 8836/13/19 8839/14/19 8835/15/19
f 8836/13/19 8835/15/19 8848/16/19
f 8922/17/17 8912/18/17 8918/19/17
f 8922/17/17 8918/19/17 8923/20/17
f 8924/17/18 8911/18/18 8921/19/18
f 8924/17/18 8921/19/18 8915/20/18
f 8925/9/22 8926/10/22 8927/11/22
f 8925/9/22 8927/11/22 8928/12/22
f 8929/9/21 8932/10/21 8930/11/21
f 8929/9/21 8930/11/21 8935/12/21
f 8941/13/22 8953/14/22 8942/15/22
f 8941/13/22 8942/15/22 8946/16/22
f 8943/13/21 8947/14/21 8944/15/21
f 8943/13/21 8944/15/21 8956/16/21
f 9029/17/17 9027/18/17 9028/19/17
f 9029/17/17 9028/19/17 9017/20/17
f 9030/17/18 9031/18/18 9026/19/18
f 9030/17/18 9026/19/18 9032/20/18
f 9034/9/22 9033/10/22 9035/11/22
f 9034/9/22 9035/11/22 9046/12/22
f 9036/9/21 9043/10/21 9037/11/21
f 9036/9/21 9037/11/21 9041/12/21
f 9049/13/22 9050/14/22 9051/15/22
f 9049/13/22 9051/15/22 9055/16/22
f 9052/13/21 9056/14/21 9053/15/21
f 9052/13/21 9053/15/21 9064/16/21
f 9135/17/17 9127/18/17 9136/19/17
f 9135/17/17 9136/19/17 9137/20/17
f 9132/17/18 9138/18/18 9139/19/18
f 9132/17/18 9139/19/18 9140/20/18
f 9141/9/22 9154/10/22 9142/11/22
f 9141/9/22 9142/11/22 9143/12/22
f 9144/9/21 9145/10/21 9146/11/21
f 9144/9/21 9146/11/21 9150/12/21
f 9157/13/22 9169/14/22 9158/15/22
f 9157/13/22 9158/15/22 9162/16/22
f 9160/13/21 9166/14/21 9159/15/21
f 9160/13/21 9159/15/21 9172/16/21
f 9240/17/17 9237/18/17 9246/19/17
f 9240/17/17 9246/19/17 9233/20/17
f 9247/17/18 9236/18/18 9245/19/18
f 9247/17/18 9245/19/18 9248/20/18
f 9249/9/19 9262/10/19 9250/11/19
f 9249/9/19 9250/11/19 9254/12/19
f 9251/9/20 9255/10/20 9252/11/20
f 9251/9/20 9252/11/20 9258/12/20
f 9265/13/19 9278/14/19 9266/15/19
f 9265/13/19 9266/15/19 9271/16/19
f 9268/13/20 9272/14/20 9267/15/20
f 9268/13/20 9267/15/20 9269/16/20
f 9352/9/27 9351/10/27 9341/11/28
f 9352/9/27 9341/11/28 9344/12/28
f 9350/9/29 9345/10/29 9342/11/30
f 9350/9/29 9342/11/30 9348/12/30
f 9345/9/29 9350/10/29 9351/11/27
f 9345/9/29 9351/11/27 9352/12/27
f 9344/9/28 9341/10/28 9348/11/30
f 9344/9/28 9348/11/30 9342/12/30
f 9353/13/19 9361/14/19 9354/15/19
f 9353/13/19 9354/15/19 9355/16/19
f 9356/13/20 9363/14/20 9357/15/20
f 9356/13/20 9357/15/20 9368/16/20
f 9439/17/17 9431/18/17 9440/19/17
f 9439/17/17 9440/19/17 9441/20/17
f 9442/17/18 9443/18/18 9438/19/18
f 9442/17/18 9438/19/18 9444/20/18
f 9446/17/27 9445/18/27 9447/19/28
f 9446/17/27 9447/19/28 9456/20/28
f 9455/17/29 9454/18/29 9448/19/30
f 9455/17/29 9448/19/30 9452/20/30
f 9454/17/29 9455/18/29 9445/19/27
f 9454/17/29 9445/19/27 9446/20/27
f 9456/17/28 9447/18/28 9452/19/30
f 9456/17/28 9452/19/30 9448/20/30
f 9459/41/19 9457/42/19 9458/43/19
f 9459/41/19 9458/43/19 9460/44/19
f 9472/45/17 9464/46/17 9473/47/17
f 9472/45/17 9473/47/17 9461/48/17
f 9475/45/18 9474/46/18 9476/47/18
f 9475/45/18 9476/47/18 9467/48/18
f 9478/9/19 9477/10/19 9488/11/28
f 9478/9/19 9488/11/28 9481/12/28
f 9486/9/29 9485/10/31 9489/11/30
f 9486/9/29 9489/11/30 9479/12/30
f 9485/9/31 9486/10/29 9477/11/17
f 9481/9/28 9488/10/28 9479/11/30
f 9481/9/28 9479/11/30 9489/12/30
f 9490/13/19 9491/14/19 9492/15/19
f 9490/13/19 9492/15/19 9493/16/19
f 9494/13/20 9497/14/20 9495/15/20
f 9494/13/20 9495/15/20 9500/16/20
f 9572/17/17 9578/18/17 9575/19/17
f 9572/17/17 9575/19/17 9566/20/17
f 9579/17/18 9569/18/18 9580/19/18
f 9579/17/18 9580/19/18 9581/20/18
f 9590/17/27 9589/18/27 9592/19/28
f 9590/17/27 9592/19/28 9591/20/28
f 9587/17/29 9588/18/29 9593/19/30
f 9587/17/29 9593/19/30 9585/20/30
f 9588/17/29 9587/18/29 9589/19/27
f 9588/17/29 9589/19/27 9590/20/27
f 9591/17/28 9592/18/28 9585/19/30
f 9591/17/28 9585/19/30 9593/20/30
f 9594/49/19 9595/50/19 9596/51/19
f 9594/49/19 9596/51/19 9597/52/19
f 9610/45/17 9609/46/17 9611/47/17
f 9610/45/17 9611/47/17 9598/48/17
f 9612/45/18 9601/46/18 9613/47/18
f 9612/45/18 9613/47/18 9604/48/18
f 9624/21/14 9617/22/32 9614/23/12
f 9624/21/14 9614/23/12 9615/24/33
f 9623/21/10 9625/22/34 9618/23/16
f 9623/21/10 9618/23/16 9616/24/35
f 9625/21/34 9624/22/14 9615/23/33
f 9625/21/34 9615/23/33 9618/24/16
f 9617/21/32 9623/22/10 9616/23/35
f 9617/21/32 9616/23/35 9614/24/12
f 9625/21/34 9623/22/10 9617/23/32
f 9625/21/34 9617/23/32 9624/24/14
f 9615/21/33 9614/22/12 9616/23/35
f 9615/21/33 9616/23/35 9618/24/16
f 9620/53/21 9619/54/21 9621/55/21
f 9620/53/21 9621/55/21 9622/56/21
f 9628/53/22 9626/54/22 9627/55/22
f 9628/53/22 9627/55/22 9629/56/22
f 9633/57/9 9637/58/10 9630/59/11
f 9633/57/9 9630/59/11 9634/60/12
f 9636/57/13 9632/58/14 9631/59/15
f 9636/57/13 9631/59/15 9635/60/16
f 9632/57/14 9633/58/9 9634/59/12
f 9632/57/14 9634/59/12 9631/60/15
f 9637/57/10 9636/58/13 9635/59/16
f 9637/57/10 9635/59/16 9630/60/11
f 9632/57/14 9636/58/13 9637/59/10
f 9632/57/14 9637/59/10 9633/60/9
f 9634/57/12 9630/58/11 9635/59/16
f 9634/57/12 9635/59/16 9631/60/15
f 9638/17/19 9647/18/19 9639/19/19
f 9638/17/19 9639/19/19 9651/20/19
f 9640/17/20 9644/18/20 9641/19/20
f 9640/17/20 9641/19/20 9642/20/20
f 9899/61/9 9897/62/2 9896/63/11
f 9899/61/9 9896/63/11 9894/64/4
f 9895/61/13 9898/62/6 9901/63/15
f 9895/61/13 9901/63/15 9900/64/8
f 9898/61/6 9899/62/9 9894/63/4
f 9898/61/6 9894/63/4 9901/64/15
f 9897/61/2 9895/62/13 9900/63/8
f 9897/61/2 9900/63/8 9896/64/11
f 9898/61/6 9895/62/13 9897/63/2
f 9898/61/6 9897/63/2 9899/64/9
f 9894/61/4 9896/62/11 9900/63/8
f 9894/61/4 9900/63/8 9901/64/15
f 9902/65/1 9907/66/36 9906/67/3
f 9902/65/1 9906/67/3 9903/68/37
f 9905/65/5 9904/66/38 9909/67/7
f 9905/65/5 9909/67/7 9908/68/39
f 9904/65/38 9902/66/1 9903/67/37
f 9904/65/38 9903/67/37 9909/68/7
f 9907/65/36 9905/66/5 9908/67/39
f 9907/65/36 9908/67/39 9906/68/3
f 9904/65/38 9905/66/5 9907/67/36
f 9904/65/38 9907/67/36 9902/68/1
f 9903/65/37 9906/66/3 9908/67/39
f 9903/65/37 9908/67/39 9909/68/7
f 9911/17/19 9919/18/19 9910/19/19
f 9911/17/19 9910/19/19 9916/20/19
f 9913/17/20 9921/18/20 9912/19/20
f 9913/17/20 9912/19/20 9914/20/20
f 9928/41/19 9926/42/19 9927/43/19
f 9928/41/19 9927/43/19 9929/44/19
f 9936/17/1 9935/18/23 9930/19/3
f 9936/17/1 9930/19/3 9937/20/24
f 9931/17/5 9934/18/25 9932/19/7
f 9931/17/5 9932/19/7 9933/20/26
f 9934/17/25 9936/18/1 9937/19/24
f 9934/17/25 9937/19/24 9932/20/7
f 9935/17/23 9931/18/5 9933/19/26
f 9935/17/23 9933/19/26 9930/20/3
f 9934/17/25 9931/18/5 9935/19/23
f 9934/17/25 9935/19/23 9936/20/1
f 9937/17/24 9930/18/3 9933/19/26
f 9937/17/24 9933/19/26 9932/20/7
f 10186/17/1 10191/18/23 10193/19/3
f 10186/17/1 10193/19/3 10187/20/24
f 10188/17/5 10189/18/25 10190/19/7
f 10188/17/5 10190/19/7 10192/20/26
f 10189/17/25 10186/18/1 10187/19/24
f 10189/17/25 10187/19/24 10190/20/7
f 10191/17/23 10188/18/5 10192/19/26
f 10191/17/23 10192/19/26 10193/20/3
f 10189/17/25 10188/18/5 10191/19/23
f 10189/17/25 10191/19/23 10186/20/1
f 10187/17/24 10193/18/3 10192/19/26
f 10187/17/24 10192/19/26 10190/20/7
f 10530/21/19 10531/22/19 10532/23/19
f 10530/21/19 10532/23/19 10536/24/19
f 10533/21/20 10540/22/20 10534/23/20
f 10533/21/20 10534/23/20 10545/24/20
f 10552/69/1 10546/70/40 10547/71/3
f 10552/69/1 10547/71/3 10548/72/41
f 10551/69/5 10550/70/42 10553/71/7
f 10551/69/5 10553/71/7 10549/72/43
f 10550/69/42 10552/70/1 10548/71/41
f 10550/69/42 10548/71/41 10553/72/7
f 10546/69/40 10551/70/5 10549/71/43
f 10546/69/40 10549/71/43 10547/72/3
f 10550/69/42 10551/70/5 10546/71/40
f 10550/69/42 10546/71/40 10552/72/1
f 10548/69/41 10547/70/3 10549/71/43
f 10548/69/41 10549/71/43 10553/72/7
f 10564/69/17 10557/70/17 10565/71/17
f 10564/69/17 10565/71/17 10554/72/17
f 10568/69/18 10582/70/18 10566/71/18
f 10568/69/18 10566/71/18 10575/72/18
f 10595/17/44 10589/18/44 10584/19/45
f 10595/17/44 10584/19/45 10571/20/45
f 10574/17/46 10573/18/46 10575/19/22
f 10574/17/46 10575/19/22 10568/20/22
f 10595/17/44 10573/18/46 10574/19/46
f 10595/17/44 10574/19/46 10589/20/44
f 10584/17/45 10568/18/18 10575/19/18
f 10584/17/45 10575/19/18 10571/20/45
f 10581/17/44 10577/18/44 10582/19/21
f 10581/17/44 10582/19/21 10566/20/21
f 10590/17/46 10604/18/46 10605/19/47
f 10590/17/46 10605/19/47 10594/20/47
f 10581/17/44 10604/18/46 10590/19/46
f 10581/17/44 10590/19/46 10577/20/44
f 10582/17/18 10594/18/47 10605/19/47
f 10582/17/18 10605/19/47 10566/20/18
f 10592/17/27 10591/18/27 10593/19/28
f 10592/17/27 10593/19/28 10583/20/28
f 10590/17/29 10589/18/29 10584/19/30
f 10590/17/29 10584/19/30 10594/20/30
f 10589/17/29 10590/18/29 10591/19/27
f 10589/17/29 10591/19/27 10592/20/27
f 10583/17/28 10593/18/28 10594/19/30
f 10583/17/28 10594/19/30 10584/20/30
f 10595/17/27 10604/18/27 10605/19/28
f 10595/17/27 10605/19/28 10571/20/28
f 10597/17/29 10603/18/29 10596/19/30
f 10597/17/29 10596/19/30 10601/20/30
f 10603/17/29 10597/18/29 10604/19/27
f 10603/17/29 10604/19/27 10595/20/27
f 10571/17/28 10605/18/28 10601/19/30
f 10571/17/28 10601/19/30 10596/20/30
f 10611/17/1 10610/18/36 10613/19/3
f 10611/17/1 10613/19/3 10612/20/37
f 10608/17/5 10606/18/38 10607/19/7
f 10608/17/5 10607/19/7 10609/20/39
f 10606/17/38 10611/18/1 10612/19/37
f 10606/17/38 10612/19/37 10607/20/7
f 10610/17/36 10608/18/5 10609/19/39
f 10610/17/36 10609/19/39 10613/20/3
f 10606/17/38 10608/18/5 10610/19/36
f 10606/17/38 10610/19/36 10611/20/1
f 10612/17/37 10613/18/3 10609/19/39
f 10612/17/37 10609/19/39 10607/20/7
f 10620/17/1 10618/18/23 10614/19/3
f 10620/17/1 10614/19/3 10616/20/24
f 10619/17/5 10615/18/25 10621/19/7
f 10619/17/5 10621/19/7 10617/20/26
f 10615/17/25 10620/18/1 10616/19/24
f 10615/17/25 10616/19/24 10621/20/7
f 10618/17/23 10619/18/5 10617/19/26
f 10618/17/23 10617/19/26 10614/20/3
f 10615/17/25 10619/18/5 10618/19/23
f 10615/17/25 10618/19/23 10620/20/1
f 10616/17/24 10614/18/3 10617/19/26
f 10616/17/24 10617/19/26 10621/20/7
f 10870/17/1 10875/18/23 10871/19/3
f 10870/17/1 10871/19/3 10872/20/24
f 10876/17/5 10873/18/25 10874/19/7
f 10876/17/5 10874/19/7 10877/20/26
f 10873/17/25 10870/18/1 10872/19/24
f 10873/17/25 10872/19/24 10874/20/7
f 10875/17/23 10876/18/5 10877/19/26
f 10875/17/23 10877/19/26 10871/20/3
f 10873/17/25 10876/18/5 10875/19/23
f 10873/17/25 10875/19/23 10870/20/1
f 10872/17/24 10871/18/3 10877/19/26
f 10872/17/24 10877/19/26 10874/20/7
f 11127/17/1 11132/18/23 11126/19/3
f 11127/17/1 11126/19/3 11129/20/24
f 11130/17/5 11131/18/25 11128/19/7
f 11130/17/5 11128/19/7 11133/20/26
f 11131/17/25 11127/18/1 11129/19/24
f 11131/17/25 11129/19/24 11128/20/7
f 11132/17/23 11130/18/5 11133/19/26
f 11132/17/23 11133/19/26 11126/20/3
f 11131/17/25 11130/18/5 11132/19/23
f 11131/17/25 11132/19/23 11127/20/1
f 11129/17/24 11126/18/3 11133/19/26
f 11129/17/24 11133/19/26 11128/20/7
l 85 86
l 100 101
l 125 126
l 181 182
l 193 194
l 205 206
l 221 222
l 253 254
l 289 290
l 301 302
l 316 317
l 397 398
l 409 410
l 449 450
l 491 492
l 505 506
l 517 518
l 530 531
l 545 546
l 557 558
l 577 578
l 625 626
l 653 654
l 665 666
l 685 686
l 721 722
l 733 734
l 747 748
l 761 762
l 773 774
l 841 842
l 869 870
l 881 882
l 937 938
l 949 950
l 963 964
l 1009 1010
l 1057 1058
l 1117 1118
l 1165 1166
l 1178 1179
l 1193 1194
l 1205 1206
l 1261 1262
l 1273 1274
l 1286 1287
l 1301 1302
l 1313 1314
l 1356 1357
l 1377 1378
l 1405 1406
l 1417 1418
l 1474 1475
l 1485 1486
l 1500 1501
l 1525 1526
l 1539 1540
l 1582 1583
l 1593 1594
l 1633 1634
l 1646 1647
l 1689 1690
l 1701 1702
l 1729 1730
l 1741 1742
l 1755 1756
l 1787 1788
l 1809 1810
l 1837 1838
l 1849 1850
l 1862 1863
l 1917 1918
l 1945 1946
l 1957 1958
l 1972 1973
l 2025 2026
l 2040 2041
l 2065 2066
l 2080 2081
l 2133 2134
l 2146 2147
l 2173 2174
l 2200 2201
l 2241 2242
l 2255 2256
l 2269 2270
l 2281 2282
l 2328 2329
l 2349 2350
l 2389 2390
l 2414 2415
l 2436 2437
l 2457 2458
l 2497 2498
l 2510 2511
l 2523 2524
l 2565 2566
l 2593 2594
l 2605 2606
l 2677 2678
l 2698 2699
l 2725 2726
l 2753 2754
l 2820 2821
l 2833 2834
l 2872 2873
l 2941 2942
l 2954 2955
l 2981 2982
l 3000 3001
l 3022 3023
l 3036 3037
l 3049 3050
l 3061 3062
l 3076 3077
l 3144 3145
l 3157 3158
l 3216 3217
l 3237 3238
l 3253 3254
l 3265 3266
l 3278 3279
l 3291 3292
l 3325 3326
l 3346 3347
l 3361 3362
l 3373 3374
l 3386 3387
l 3399 3400
l 3431 3432
l 3481 3482
l 3493 3494
l 3575 3576
l 3589 3590
l 3601 3602
l 3629 3630
l 3683 3684
l 3697 3698
l 3709 3710
l 3805 3806
l 3845 3846
l 3864 3865
l 3913 3914
l 3926 3927
l 3940 3941
l 3952 3953
l 3977 3978
l 3999 4000
l 4033 4034
l 4045 4046
l 4085 4086
l 4105 4106
l 4153 4154
l 4193 4194
l 4213 4214
l 4249 4250
l 4261 4262
l 4275 4276
l 4289 4290
l 4343 4344
l 4369 4370
l 4382 4383
l 4397 4398
l 4465 4466
l 4477 4478
l 4517 4518
l 4585 4586
l 4599 4600
l 4613 4614
l 4693 4694
l 4706 4707
l 4721 4722
l 4733 4734
l 4754 4755
l 4801 4802
l 4829 4830
l 4841 4842
l 4897 4898
l 4909 4910
l 4923 4924
l 4937 4938
l 5005 5006
l 5017 5018
l 5031 5032
l 5045 5046
l 5057 5058
l 5078 5079
l 5100 5101
l 5125 5126
l 5138 5139
l 5221 5222
l 5233 5234
l 5261 5262
l 5273 5274
l 5307 5308
l 5341 5342
l 5353 5354
l 5365 5366
l 5380 5381
l 5393 5394
l 5406 5407
l 5437 5438
l 5461 5462
l 5501 5502
l 5569 5570
l 5581 5582
l 5595 5596
l 5609 5610
l 5621 5622
l 5677 5678
l 5717 5718
l 5729 5730
l 5785 5786
l 5797 5798
l 5812 5813
l 5825 5826
l 5838 5839
l 5849 5850
l 5893 5894
l 5906 5907
l 5921 5922
l 5933 5934
l 5989 5990
l 6001 6002
l 6041 6042
l 6053 6054
l 6064 6065
l 6109 6110
l 6149 6150
l 6162 6163
l 6217 6218
l 6244 6245
l 6257 6258
l 6313 6314
l 6325 6326
l 6352 6353
l 6365 6366
l 6389 6390
l 6409 6410
l 6421 6422
l 6433 6434
l 6445 6446
l 6461 6462
l 6473 6474
l 6529 6530
l 6541 6542
l 6568 6569
l 6581 6582
l 6594 6595
l 6607 6608
l 6673 6674
l 6701 6702
l 6713 6714
l 6727 6728
l 6771 6772
l 6781 6782
l 6795 6796
l 6821 6822
l 6833 6834
l 6889 6890
l 6902 6903
l 6917 6918
l 6929 6930
l 6943 6944
l 6976 6977
l 6997 6998
l 7011 7012
l 7025 7026
l 7037 7038
l 7082 7083
l 7105 7106
l 7145 7146
l 7190 7191
l 7201 7202
l 7213 7214
l 7253 7254
l 7280 7281
l 7321 7322
l 7335 7336
l 7361 7362
l 7429 7430
l 7443 7444
l 7469 7470
l 7537 7538
l 7550 7551
l 7577 7578
l 7591 7592
l 7622 7623
l 7634 7635
l 7645 7646
l 7685 7686
l 7699 7700
l 7711 7712
l 7753 7754
l 7765 7766
l 7793 7794
l 7861 7862
l 7875 7876
l 7889 7890
l 7901 7902
l 7916 7917
l 7978 7979
l 7993 7994
l 8005 8006
l 8113 8114
l 8141 8142
l 8153 8154
l 8221 8222
l 8236 8237
l 8261 8262
l 8282 8283
l 8317 8318
l 8329 8330
l 8343 8344
l 8357 8358
l 8389 8390
l 8410 8411
l 8437 8438
l 8451 8452
l 8477 8478
l 8533 8534
l 8545 8546
l 8573 8574
l 8585 8586
l 8606 8607
l 8653 8654
l 8665 8666
l 8681 8682
l 8693 8694
l 8736 8737
l 8761 8762
l 8774 8775
l 8789 8790
l 8857 8858
l 8869 8870
l 8897 8898
l 8977 8978
l 8990 8991
l 9005 9006
l 9017 9018
l 9085 9086
l 9113 9114
l 9166 9167
l 9193 9194
l 9233 9234
l 9253 9254
l 9301 9302
l 9369 9370
l 9383 9384
l 9409 9410
l 9464 9465
l 9530 9531
l 9584 9585
l 9598 9599
l 9654 9655
l 9667 9668
l 9682 9683
l 9694 9695
l 9707 9708
l 9722 9723
l 9734 9735
l 9748 9749
l 9774 9775
l 9789 9790
l 9814 9815
l 9827 9828
l 9854 9855
l 9868 9869
l 9882 9883
l 9921 9922
l 9964 9965
l 9980 9981
l 9996 9997
l 10010 10011
l 10023 10024
l 10038 10039
l 10050 10051
l 10078 10079
l 10090 10091
l 10130 10131
l 10142 10143
l 10170 10171
l 10183 10184
l 10228 10229
l 10244 10245
l 10259 10260
l 10286 10287
l 10298 10299
l 10326 10327
l 10338 10339
l 10353 10354
l 10366 10367
l 10392 10393
l 10406 10407
l 10418 10419
l 10467 10468
l 10483 10484
l 10505 10506
l 10520 10521
l 10557 10558
l 10628 10629
l 10649 10650
l 10664 10665
l 10680 10681
l 10694 10695
l 10707 10708
l 10720 10721
l 10734 10735
l 10760 10761
l 10774 10775
l 10814 10815
l 10826 10827
l 10841 10842
l 10854 10855
l 10898 10899
l 10912 10913
l 10928 10929
l 10958 10959
l 10970 10971
l 10983 10984
l 10997 10998
l 11010 11011
l 11023 11024
l 11050 11051
l 11063 11064
l 11078 11079
l 11090 11091
l 11103 11104
l 11117 11118
l 11161 11162
l 11176 11177
l 11192 11193
l 11206 11207
l 11246 11247
l 11259 11260
l 11273 11274
l 11286 11287
l 11314 11315
l 11326 11327
l 11339 11340
l 11366 11367
l 21 22
l 63 64
l 91 92
l 151 152
l 199 200
l 211 212
l 226 227
l 238 239
l 258 259
l 293 294
l 307 308
l 334 335
l 415 416
l 440 441
l 511 512
l 523 524
l 535 536
l 551 552
l 562 563
l 603 604
l 618 619
l 631 632
l 643 644
l 657 658
l 689 690
l 711 712
l 725 726
l 739 740
l 766 767
l 819 820
l 834 835
l 847 848
l 859 860
l 886 887
l 955 956
l 1014 1015
l 1035 1036
l 1063 1064
l 1088 1089
l 1157 1158
l 1171 1172
l 1211 1212
l 1279 1280
l 1291 1292
l 1307 1308
l 1319 1320
l 1339 1340
l 1383 1384
l 1423 1424
l 1491 1492
l 1531 1532
l 1575 1576
l 1599 1600
l 1639 1640
l 1651 1652
l 1683 1684
l 1694 1695
l 1707 1708
l 1735 1736
l 1747 1748
l 1801 1802
l 1815 1816
l 1827 1828
l 1855 1856
l 1867 1868
l 1923 1924
l 1935 1936
l 1951 1952
l 1963 1964
l 1988 1989
l 2018 2019
l 2031 2032
l 2056 2057
l 2071 2072
l 2094 2095
l 2125 2126
l 2139 2140
l 2151 2152
l 2166 2167
l 2179 2180
l 2205 2206
l 2235 2236
l 2247 2248
l 2259 2260
l 2287 2288
l 2310 2311
l 2355 2356
l 2380 2381
l 2395 2396
l 2407 2408
l 2463 2464
l 2475 2476
l 2489 2490
l 2503 2504
l 2528 2529
l 2571 2572
l 2583 2584
l 2611 2612
l 2623 2624
l 2660 2661
l 2681 2682
l 2703 2704
l 2715 2716
l 2743 2744
l 2768 2769
l 2787 2788
l 2799 2800
l 2811 2812
l 2825 2826
l 2839 2840
l 2851 2852
l 2863 2864
l 2896 2897
l 2919 2920
l 2947 2948
l 2959 2960
l 2972 2973
l 3027 3028
l 3041 3042
l 3067 3068
l 3081 3082
l 3135 3136
l 3175 3176
l 3220 3221
l 3243 3244
l 3271 3272
l 3283 3284
l 3296 3297
l 3308 3309
l 3339 3340
l 3351 3352
l 3379 3380
l 3391 3392
l 3404 3405
l 3436 3437
l 3448 3449
l 3459 3460
l 3472 3473
l 3499 3500
l 3511 3512
l 3567 3568
l 3580 3581
l 3594 3595
l 3607 3608
l 3620 3621
l 3663 3664
l 3675 3676
l 3688 3689
l 3702 3703
l 3715 3716
l 3728 3729
l 3739 3740
l 3760 3761
l 3783 3784
l 3823 3824
l 3868 3869
l 3880 3881
l 3891 3892
l 3931 3932
l 3983 3984
l 4023 4024
l 4038 4039
l 4051 4052
l 4063 4064
l 4091 4092
l 4111 4112
l 4131 4132
l 4145 4146
l 4159 4160
l 4171 4172
l 4267 4268
l 4279 4280
l 4293 4294
l 4305 4306
l 4347 4348
l 4375 4376
l 4387 4388
l 4414 4415
l 4483 4484
l 4508 4509
l 4521 4522
l 4591 4592
l 4628 4629
l 4685 4686
l 4699 4700
l 4793 4794
l 4807 4808
l 4819 4820
l 4866 4867
l 4915 4916
l 4942 4943
l 4974 4975
l 5009 5010
l 5023 5024
l 5061 5062
l 5082 5083
l 5117 5118
l 5131 5132
l 5157 5158
l 5226 5227
l 5239 5240
l 5266 5267
l 5278 5279
l 5345 5346
l 5358 5359
l 5371 5372
l 5410 5411
l 5479 5480
l 5492 5493
l 5518 5519
l 5539 5540
l 5574 5575
l 5587 5588
l 5600 5601
l 5648 5649
l 5683 5684
l 5695 5696
l 5707 5708
l 5722 5723
l 5803 5804
l 5817 5818
l 5911 5912
l 5939 5940
l 5993 5994
l 6006 6007
l 6019 6020
l 6046 6047
l 6100 6101
l 6127 6128
l 6139 6140
l 6188 6189
l 6208 6209
l 6222 6223
l 6235 6236
l 6263 6264
l 6275 6276
l 6296 6297
l 6343 6344
l 6357 6358
l 6425 6426
l 6451 6452
l 6479 6480
l 6490 6491
l 6546 6547
l 6559 6560
l 6573 6574
l 6599 6600
l 6655 6656
l 6679 6680
l 6705 6706
l 6719 6720
l 6731 6732
l 6787 6788
l 6827 6828
l 6839 6840
l 6851 6852
l 6871 6872
l 6895 6896
l 6922 6923
l 6935 6936
l 7003 7004
l 7043 7044
l 7087 7088
l 7111 7112
l 7123 7124
l 7151 7152
l 7163 7164
l 7195 7196
l 7219 7220
l 7231 7232
l 7259 7260
l 7314 7315
l 7327 7328
l 7339 7340
l 7367 7368
l 7379 7380
l 7435 7436
l 7475 7476
l 7487 7488
l 7530 7531
l 7543 7544
l 7555 7556
l 7568 7569
l 7583 7584
l 7595 7596
l 7627 7628
l 7651 7652
l 7663 7664
l 7691 7692
l 7759 7760
l 7771 7772
l 7786 7787
l 7799 7800
l 7811 7812
l 7843 7844
l 7852 7853
l 7867 7868
l 7907 7908
l 7983 7984
l 8011 8012
l 8037 8038
l 8068 8069
l 8104 8105
l 8119 8120
l 8157 8158
l 8177 8178
l 8227 8228
l 8253 8254
l 8265 8266
l 8307 8308
l 8335 8336
l 8361 8362
l 8374 8375
l 8393 8394
l 8415 8416
l 8443 8444
l 8470 8471
l 8538 8539
l 8551 8552
l 8631 8632
l 8646 8647
l 8659 8660
l 8671 8672
l 8752 8753
l 8767 8768
l 8795 8796
l 8806 8807
l 8847 8848
l 8862 8863
l 8875 8876
l 8887 8888
l 8903 8904
l 8914 8915
l 8955 8956
l 8969 8970
l 8983 8984
l 8995 8996
l 9009 9010
l 9063 9064
l 9091 9092
l 9117 9118
l 9171 9172
l 9185 9186
l 9199 9200
l 9211 9212
l 9224 9225
l 9307 9308
l 9319 9320
l 9361 9362
l 9375 9376
l 9402 9403
l 9415 9416
l 9437 9438
l 9497 9498
l 9508 9509
l 9548 9549
l 9603 9604
l 9647 9648
l 9660 9661
l 9700 9701
l 9712 9713
l 9727 9728
l 9740 9741
l 9752 9753
l 9780 9781
l 9806 9807
l 9820 9821
l 9846 9847
l 9860 9861
l 9872 9873
l 9970 9971
l 9986 9987
l 10002 10003
l 10028 10029
l 10055 10056
l 10068 10069
l 10096 10097
l 10108 10109
l 10121 10122
l 10135 10136
l 10148 10149
l 10176 10177
l 10207 10208
l 10218 10219
l 10234 10235
l 10250 10251
l 10264 10265
l 10278 10279
l 10304 10305
l 10318 10319
l 10344 10345
l 10372 10373
l 10384 10385
l 10397 10398
l 10424 10425
l 10457 10458
l 10473 10474
l 10510 10511
l 10526 10527
l 10641 10642
l 10654 10655
l 10670 10671
l 10686 10687
l 10712 10713
l 10740 10741
l 10752 10753
l 10779 10780
l 10792 10793
l 10804 10805
l 10819 10820
l 10832 10833
l 10859 10860
l 10903 10904
l 10918 10919
l 10934 10935
l 10948 10949
l 10988 10989
l 11028 11029
l 11041 11042
l 11068 11069
l 11082 11083
l 11095 11096
l 11108 11109
l 11121 11122
l 11166 11167
l 11182 11183
l 11198 11199
l 11211 11212
l 11224 11225
l 11236 11237
l 11264 11265
l 11291 11292
l 11304 11305
l 11344 11345
l 11358 11359
l 46 47
l 69 70
l 97 98
l 109 110
l 166 167
l 177 178
l 217 218
l 230 231
l 243 244
l 285 286
l 298 299
l 313 314
l 325 326
l 382 383
l 393 394
l 433 434
l 445 446
l 457 458
l 478 479
l 488 489
l 501 502
l 527 528
l 541 542
l 609 610
l 635 636
l 649 650
l 662 663
l 674 675
l 717 718
l 730 731
l 744 745
l 757 758
l 770 771
l 801 802
l 825 826
l 865 866
l 891 892
l 910 911
l 921 922
l 933 934
l 973 974
l 985 986
l 1041 1042
l 1053 1054
l 1068 1069
l 1081 1082
l 1093 1094
l 1137 1138
l 1149 1150
l 1161 1162
l 1189 1190
l 1246 1247
l 1257 1258
l 1270 1271
l 1297 1298
l 1324 1325
l 1352 1353
l 1374 1375
l 1401 1402
l 1414 1415
l 1461 1462
l 1497 1498
l 1509 1510
l 1605 1606
l 1617 1618
l 1643 1644
l 1712 1713
l 1725 1726
l 1784 1785
l 1833 1834
l 1846 1847
l 1859 1860
l 1871 1872
l 1941 1942
l 1969 1970
l 2022 2023
l 2037 2038
l 2049 2050
l 2061 2062
l 2077 2078
l 2088 2089
l 2129 2130
l 2157 2158
l 2184 2185
l 2252 2253
l 2265 2266
l 2304 2305
l 2346 2347
l 2373 2374
l 2385 2386
l 2399 2400
l 2432 2433
l 2454 2455
l 2468 2469
l 2481 2482
l 2520 2521
l 2542 2543
l 2589 2590
l 2628 2629
l 2694 2695
l 2721 2722
l 2734 2735
l 2749 2750
l 2761 2762
l 2817 2818
l 2829 2830
l 2844 2845
l 2869 2870
l 2925 2926
l 2937 2938
l 2951 2952
l 2965 2966
l 2977 2978
l 3033 3034
l 3045 3046
l 3057 3058
l 3073 3074
l 3127 3128
l 3153 3154
l 3193 3194
l 3234 3235
l 3249 3250
l 3261 3262
l 3357 3358
l 3369 3370
l 3383 3384
l 3465 3466
l 3477 3478
l 3559 3560
l 3585 3586
l 3613 3614
l 3625 3626
l 3645 3646
l 3693 3694
l 3706 3707
l 3721 3722
l 3733 3734
l 3776 3777
l 3789 3790
l 3801 3802
l 3815 3816
l 3841 3842
l 3909 3910
l 4029 4030
l 4056 4057
l 4069 4070
l 4081 4082
l 4096 4097
l 4137 4138
l 4149 4150
l 4164 4165
l 4177 4178
l 4189 4190
l 4245 4246
l 4258 4259
l 4272 4273
l 4285 4286
l 4298 4299
l 4310 4311
l 4353 4354
l 4365 4366
l 4393 4394
l 4406 4407
l 4438 4439
l 4461 4462
l 4488 4489
l 4501 4502
l 4513 4514
l 4525 4526
l 4546 4547
l 4569 4570
l 4581 4582
l 4609 4610
l 4677 4678
l 4689 4690
l 4717 4718
l 4730 4731
l 4785 4786
l 4825 4826
l 4850 4851
l 4893 4894
l 4920 4921
l 4933 4934
l 4946 4947
l 4978 4979
l 5001 5002
l 5014 5015
l 5041 5042
l 5054 5055
l 5066 5067
l 5097 5098
l 5109 5110
l 5121 5122
l 5149 5150
l 5161 5162
l 5194 5195
l 5217 5218
l 5245 5246
l 5257 5258
l 5270 5271
l 5284 5285
l 5338 5339
l 5349 5350
l 5362 5363
l 5389 5390
l 5402 5403
l 5415 5416
l 5457 5458
l 5471 5472
l 5485 5486
l 5497 5498
l 5510 5511
l 5522 5523
l 5554 5555
l 5565 5566
l 5605 5606
l 5673 5674
l 5688 5689
l 5713 5714
l 5726 5727
l 5781 5782
l 5793 5794
l 5809 5810
l 5821 5822
l 5834 5835
l 5867 5868
l 5878 5879
l 5889 5890
l 5917 5918
l 5929 5930
l 5944 5945
l 5954 5955
l 5976 5977
l 5997 5998
l 6025 6026
l 6037 6038
l 6050 6051
l 6105 6106
l 6118 6119
l 6145 6146
l 6158 6159
l 6202 6203
l 6213 6214
l 6253 6254
l 6268 6269
l 6321 6322
l 6334 6335
l 6349 6350
l 6361 6362
l 6386 6387
l 6406 6407
l 6417 6418
l 6429 6430
l 6441 6442
l 6457 6458
l 6469 6470
l 6526 6527
l 6537 6538
l 6551 6552
l 6565 6566
l 6577 6578
l 6590 6591
l 6604 6605
l 6628 6629
l 6669 6670
l 6685 6686
l 6697 6698
l 6710 6711
l 6724 6725
l 6736 6737
l 6792 6793
l 6805 6806
l 6844 6845
l 6913 6914
l 6953 6954
l 6994 6995
l 7021 7022
l 7049 7050
l 7059 7060
l 7129 7130
l 7141 7142
l 7155 7156
l 7169 7170
l 7237 7238
l 7264 7265
l 7332 7333
l 7345 7346
l 7357 7358
l 7426 7427
l 7440 7441
l 7453 7454
l 7514 7515
l 7534 7535
l 7547 7548
l 7561 7562
l 7573 7574
l 7588 7589
l 7600 7601
l 7656 7657
l 7669 7670
l 7681 7682
l 7730 7731
l 7750 7751
l 7777 7778
l 7857 7858
l 7872 7873
l 7885 7886
l 7913 7914
l 7989 7990
l 8016 8017
l 8029 8030
l 8053 8054
l 8073 8074
l 8097 8098
l 8109 8110
l 8125 8126
l 8137 8138
l 8150 8151
l 8161 8162
l 8205 8206
l 8233 8234
l 8245 8246
l 8257 8258
l 8270 8271
l 8313 8314
l 8353 8354
l 8366 8367
l 8421 8422
l 8448 8449
l 8461 8462
l 8529 8530
l 8557 8558
l 8569 8570
l 8582 8583
l 8637 8638
l 8677 8678
l 8732 8733
l 8745 8746
l 8757 8758
l 8785 8786
l 8810 8811
l 8853 8854
l 8893 8894
l 8918 8919
l 8961 8962
l 8973 8974
l 9001 9002
l 9014 9015
l 9046 9047
l 9069 9070
l 9081 9082
l 9096 9097
l 9109 9110
l 9122 9123
l 9177 9178
l 9204 9205
l 9217 9218
l 9229 9230
l 9285 9286
l 9297 9298
l 9311 9312
l 9325 9326
l 9337 9338
l 9347 9348
l 9393 9394
l 9421 9422
l 9431 9432
l 9451 9452
l 9461 9462
l 9480 9481
l 9514 9515
l 9526 9527
l 9540 9541
l 9566 9567
l 9651 9652
l 9664 9665
l 9678 9679
l 9718 9719
l 9758 9759
l 9771 9772
l 9785 9786
l 9798 9799
l 9810 9811
l 9824 9825
l 9838 9839
l 9851 9852
l 9878 9879
l 9960 9961
l 9976 9977
l 9992 9993
l 10006 10007
l 10020 10021
l 10034 10035
l 10046 10047
l 10060 10061
l 10074 10075
l 10086 10087
l 10114 10115
l 10126 10127
l 10154 10155
l 10166 10167
l 10180 10181
l 10224 10225
l 10240 10241
l 10255 10256
l 10270 10271
l 10282 10283
l 10294 10295
l 10310 10311
l 10322 10323
l 10334 10335
l 10362 10363
l 10402 10403
l 10415 10416
l 10430 10431
l 10463 10464
l 10479 10480
l 10501 10502
l 10516 10517
l 10540 10541
l 10554 10555
l 10645 10646
l 10660 10661
l 10676 10677
l 10690 10691
l 10704 10705
l 10730 10731
l 10770 10771
l 10783 10784
l 10798 10799
l 10810 10811
l 10838 10839
l 10850 10851
l 10864 10865
l 10886 10887
l 10908 10909
l 10924 10925
l 10940 10941
l 10954 10955
l 10966 10967
l 10980 10981
l 11006 11007
l 11046 11047
l 11074 11075
l 11086 11087
l 11138 11139
l 11148 11149
l 11157 11158
l 11172 11173
l 11188 11189
l 11202 11203
l 11216 11217
l 11230 11231
l 11242 11243
l 11255 11256
l 11282 11283
l 11296 11297
l 11310 11311
l 11322 11323
l 11335 11336
l 11362 11363
l 11376 11377
l 74 75
l 87 88
l 127 128
l 147 148
l 183 184
l 195 196
l 207 208
l 223 224
l 234 235
l 276 277
l 303 304
l 330 331
l 342 343
l 399 400
l 411 412
l 451 452
l 507 508
l 519 520
l 532 533
l 547 548
l 579 580
l 600 601
l 614 615
l 627 628
l 640 641
l 667 668
l 735 736
l 749 750
l 763 764
l 816 817
l 830 831
l 843 844
l 855 856
l 871 872
l 883 884
l 939 940
l 951 952
l 1059 1060
l 1073 1074
l 1098 1099
l 1141 1142
l 1154 1155
l 1167 1168
l 1180 1181
l 1207 1208
l 1263 1264
l 1275 1276
l 1303 1304
l 1315 1316
l 1379 1380
l 1392 1393
l 1407 1408
l 1419 1420
l 1465 1466
l 1476 1477
l 1487 1488
l 1527 1528
l 1584 1585
l 1595 1596
l 1635 1636
l 1648 1649
l 1691 1692
l 1703 1704
l 1717 1718
l 1731 1732
l 1743 1744
l 1811 1812
l 1823 1824
l 1839 1840
l 1851 1852
l 1864 1865
l 1919 1920
l 1947 1948
l 1959 1960
l 2005 2006
l 2014 2015
l 2027 2028
l 2067 2068
l 2122 2123
l 2135 2136
l 2162 2163
l 2175 2176
l 2189 2190
l 2202 2203
l 2243 2244
l 2271 2272
l 2283 2284
l 2296 2297
l 2351 2352
l 2391 2392
l 2404 2405
l 2459 2460
l 2499 2500
l 2512 2513
l 2525 2526
l 2567 2568
l 2595 2596
l 2607 2608
l 2656 2657
l 2727 2728
l 2739 2740
l 2822 2823
l 2835 2836
l 2860 2861
l 2943 2944
l 2969 2970
l 2983 2984
l 3002 3003
l 3038 3039
l 3051 3052
l 3063 3064
l 3110 3111
l 3131 3132
l 3146 3147
l 3159 3160
l 3171 3172
l 3185 3186
l 3198 3199
l 3239 3240
l 3255 3256
l 3267 3268
l 3293 3294
l 3375 3376
l 3401 3402
l 3469 3470
l 3483 3484
l 3495 3496
l 3508 3509
l 3563 3564
l 3591 3592
l 3603 3604
l 3650 3651
l 3671 3672
l 3685 3686
l 3699 3700
l 3711 3712
l 3725 3726
l 3807 3808
l 3847 3848
l 3901 3902
l 3915 3916
l 3942 3943
l 3954 3955
l 3979 3980
l 4047 4048
l 4087 4088
l 4107 4108
l 4128 4129
l 4142 4143
l 4155 4156
l 4182 4183
l 4215 4216
l 4263 4264
l 4323 4324
l 4371 4372
l 4399 4400
l 4410 4411
l 4430 4431
l 4467 4468
l 4479 4480
l 4493 4494
l 4587 4588
l 4648 4649
l 4682 4683
l 4695 4696
l 4708 4709
l 4723 4724
l 4756 4757
l 4777 4778
l 4803 4804
l 4815 4816
l 4831 4832
l 4843 4844
l 4863 4864
l 4911 4912
l 4925 4926
l 4939 4940
l 4950 4951
l 4993 4994
l 5019 5020
l 5114 5115
l 5127 5128
l 5140 5141
l 5154 5155
l 5235 5236
l 5263 5264
l 5355 5356
l 5367 5368
l 5382 5383
l 5395 5396
l 5419 5420
l 5439 5440
l 5449 5450
l 5463 5464
l 5489 5490
l 5503 5504
l 5515 5516
l 5526 5527
l 5547 5548
l 5558 5559
l 5571 5572
l 5583 5584
l 5597 5598
l 5611 5612
l 5623 5624
l 5679 5680
l 5719 5720
l 5731 5732
l 5787 5788
l 5799 5800
l 5827 5828
l 5882 5883
l 5895 5896
l 5935 5936
l 5959 5960
l 6003 6004
l 6015 6016
l 6043 6044
l 6055 6056
l 6066 6067
l 6111 6112
l 6123 6124
l 6136 6137
l 6151 6152
l 6219 6220
l 6231 6232
l 6259 6260
l 6327 6328
l 6339 6340
l 6354 6355
l 6367 6368
l 6379 6380
l 6411 6412
l 6435 6436
l 6447 6448
l 6463 6464
l 6475 6476
l 6543 6544
l 6555 6556
l 6583 6584
l 6675 6676
l 6715 6716
l 6783 6784
l 6797 6798
l 6810 6811
l 6823 6824
l 6835 6836
l 6848 6849
l 6867 6868
l 6891 6892
l 6904 6905
l 6931 6932
l 6999 7000
l 7039 7040
l 7063 7064
l 7084 7085
l 7095 7096
l 7107 7108
l 7119 7120
l 7134 7135
l 7147 7148
l 7160 7161
l 7174 7175
l 7215 7216
l 7227 7228
l 7242 7243
l 7255 7256
l 7269 7270
l 7282 7283
l 7323 7324
l 7350 7351
l 7363 7364
l 7409 7410
l 7431 7432
l 7445 7446
l 7458 7459
l 7471 7472
l 7483 7484
l 7539 7540
l 7552 7553
l 7579 7580
l 7624 7625
l 7636 7637
l 7647 7648
l 7687 7688
l 7755 7756
l 7767 7768
l 7782 7783
l 7795 7796
l 7807 7808
l 7821 7822
l 7840 7841
l 7863 7864
l 7877 7878
l 7891 7892
l 7903 7904
l 7980 7981
l 8007 8008
l 8021 8022
l 8115 8116
l 8143 8144
l 8210 8211
l 8223 8224
l 8250 8251
l 8331 8332
l 8370 8371
l 8426 8427
l 8439 8440
l 8453 8454
l 8466 8467
l 8547 8548
l 8575 8576
l 8587 8588
l 8642 8643
l 8655 8656
l 8667 8668
l 8683 8684
l 8695 8696
l 8763 8764
l 8776 8777
l 8791 8792
l 8802 8803
l 8844 8845
l 8871 8872
l 8899 8900
l 8910 8911
l 8932 8933
l 8952 8953
l 8966 8967
l 8979 8980
l 9087 9088
l 9101 9102
l 9168 9169
l 9195 9196
l 9235 9236
l 9255 9256
l 9277 9278
l 9303 9304
l 9316 9317
l 9330 9331
l 9371 9372
l 9398 9399
l 9411 9412
l 9466 9467
l 9519 9520
l 9532 9533
l 9558 9559
l 9600 9601
l 9644 9645
l 9656 9657
l 9669 9670
l 9684 9685
l 9696 9697
l 9709 9710
l 9736 9737
l 9776 9777
l 9803 9804
l 9816 9817
l 9829 9830
l 9856 9857
l 9884 9885
l 9966 9967
l 9982 9983
l 9998 9999
l 10012 10013
l 10052 10053
l 10064 10065
l 10092 10093
l 10132 10133
l 10144 10145
l 10172 10173
l 10214 10215
l 10230 10231
l 10246 10247
l 10274 10275
l 10288 10289
l 10300 10301
l 10315 10316
l 10328 10329
l 10340 10341
l 10368 10369
l 10408 10409
l 10420 10421
l 10469 10470
l 10522 10523
l 10544 10545
l 10666 10667
l 10682 10683
l 10696 10697
l 10722 10723
l 10736 10737
l 10776 10777
l 10788 10789
l 10816 10817
l 10828 10829
l 10856 10857
l 10914 10915
l 10930 10931
l 10960 10961
l 10972 10973
l 10999 11000
l 11012 11013
l 11037 11038
l 11052 11053
l 11092 11093
l 11178 11179
l 11194 11195
l 11208 11209
l 11220 11221
l 11248 11249
l 11275 11276
l 11288 11289
l 11316 11317
l 11328 11329
l 11354 11355
l 11368 11369
l 11380 11381
l 23 24
l 43 44
l 65 66
l 79 80
l 93 94
l 105 106
l 118 119
l 173 174
l 188 189
l 213 214
l 260 261
l 281 282
l 309 310
l 321 322
l 389 390
l 404 405
l 417 418
l 429 430
l 497 498
l 537 538
l 605 606
l 645 646
l 691 692
l 703 704
l 713 714
l 741 742
l 753 754
l 778 779
l 798 799
l 821 822
l 861 862
l 876 877
l 906 907
l 929 930
l 944 945
l 957 958
l 969 970
l 981 982
l 1016 1017
l 1037 1038
l 1049 1050
l 1065 1066
l 1077 1078
l 1103 1104
l 1123 1124
l 1145 1146
l 1173 1174
l 1185 1186
l 1199 1200
l 1253 1254
l 1267 1268
l 1293 1294
l 1329 1330
l 1349 1350
l 1371 1372
l 1385 1386
l 1397 1398
l 1411 1412
l 1425 1426
l 1437 1438
l 1493 1494
l 1505 1506
l 1518 1519
l 1533 1534
l 1545 1546
l 1601 1602
l 1613 1614
l 1626 1627
l 1653 1654
l 1674 1675
l 1709 1710
l 1721 1722
l 1749 1750
l 1803 1804
l 1829 1830
l 1843 1844
l 1890 1891
l 1937 1938
l 1965 1966
l 1977 1978
l 2033 2034
l 2045 2046
l 2073 2074
l 2106 2107
l 2153 2154
l 2181 2182
l 2193 2194
l 2261 2262
l 2276 2277
l 2289 2290
l 2301 2302
l 2357 2358
l 2369 2370
l 2477 2478
l 2505 2506
l 2517 2518
l 2538 2539
l 2585 2586
l 2600 2601
l 2625 2626
l 2662 2663
l 2691 2692
l 2705 2706
l 2717 2718
l 2731 2732
l 2745 2746
l 2789 2790
l 2801 2802
l 2813 2814
l 2841 2842
l 2853 2854
l 2865 2866
l 2910 2911
l 2921 2922
l 2934 2935
l 2961 2962
l 2974 2975
l 2987 2988
l 3006 3007
l 3029 3030
l 3069 3070
l 3137 3138
l 3163 3164
l 3177 3178
l 3189 3190
l 3222 3223
l 3245 3246
l 3285 3286
l 3330 3331
l 3341 3342
l 3353 3354
l 3393 3394
l 3438 3439
l 3461 3462
l 3474 3475
l 3501 3502
l 3513 3514
l 3545 3546
l 3569 3570
l 3609 3610
l 3622 3623
l 3677 3678
l 3717 3718
l 3730 3731
l 3785 3786
l 3798 3799
l 3812 3813
l 3825 3826
l 3837 3838
l 3870 3871
l 3893 3894
l 3905 3906
l 3933 3934
l 3958 3959
l 4004 4005
l 4025 4026
l 4065 4066
l 4077 4078
l 4093 4094
l 4122 4123
l 4133 4134
l 4173 4174
l 4186 4187
l 4198 4199
l 4241 4242
l 4254 4255
l 4281 4282
l 4337 4338
l 4349 4350
l 4361 4362
l 4389 4390
l 4403 4404
l 4447 4448
l 4457 4458
l 4472 4473
l 4485 4486
l 4497 4498
l 4543 4544
l 4565 4566
l 4577 4578
l 4593 4594
l 4605 4606
l 4619 4620
l 4673 4674
l 4701 4702
l 4713 4714
l 4727 4728
l 4770 4771
l 4781 4782
l 4821 4822
l 4836 4837
l 4847 4848
l 4879 4880
l 4889 4890
l 4903 4904
l 4917 4918
l 4929 4930
l 4954 4955
l 4997 4998
l 5025 5026
l 5037 5038
l 5050 5051
l 5063 5064
l 5084 5085
l 5105 5106
l 5133 5134
l 5145 5146
l 5169 5170
l 5213 5214
l 5241 5242
l 5253 5254
l 5280 5281
l 5373 5374
l 5412 5413
l 5454 5455
l 5468 5469
l 5481 5482
l 5494 5495
l 5507 5508
l 5589 5590
l 5627 5628
l 5670 5671
l 5685 5686
l 5697 5698
l 5709 5710
l 5758 5759
l 5777 5778
l 5805 5806
l 5844 5845
l 5913 5914
l 5941 5942
l 5972 5973
l 6008 6009
l 6021 6022
l 6034 6035
l 6115 6116
l 6129 6130
l 6141 6142
l 6224 6225
l 6237 6238
l 6265 6266
l 6331 6332
l 6345 6346
l 6371 6372
l 6453 6454
l 6481 6482
l 6492 6493
l 6548 6549
l 6561 6562
l 6645 6646
l 6666 6667
l 6681 6682
l 6693 6694
l 6733 6734
l 6776 6777
l 6789 6790
l 6801 6802
l 6815 6816
l 6897 6898
l 6909 6910
l 6937 6938
l 6949 6950
l 6991 6992
l 7005 7006
l 7017 7018
l 7031 7032
l 7045 7046
l 7125 7126
l 7138 7139
l 7165 7166
l 7207 7208
l 7233 7234
l 7247 7248
l 7261 7262
l 7273 7274
l 7316 7317
l 7341 7342
l 7354 7355
l 7402 7403
l 7423 7424
l 7437 7438
l 7449 7450
l 7463 7464
l 7489 7490
l 7511 7512
l 7557 7558
l 7597 7598
l 7617 7618
l 7665 7666
l 7677 7678
l 7693 7694
l 7705 7706
l 7746 7747
l 7773 7774
l 7813 7814
l 7834 7835
l 7854 7855
l 7869 7870
l 7881 7882
l 7896 7897
l 7909 7910
l 7964 7965
l 7985 7986
l 7999 8000
l 8013 8014
l 8025 8026
l 8070 8071
l 8083 8084
l 8093 8094
l 8121 8122
l 8133 8134
l 8147 8148
l 8179 8180
l 8190 8191
l 8201 8202
l 8215 8216
l 8229 8230
l 8241 8242
l 8267 8268
l 8288 8289
l 8309 8310
l 8323 8324
l 8337 8338
l 8349 8350
l 8395 8396
l 8417 8418
l 8431 8432
l 8445 8446
l 8457 8458
l 8503 8504
l 8525 8526
l 8553 8554
l 8565 8566
l 8579 8580
l 8611 8612
l 8633 8634
l 8673 8674
l 8688 8689
l 8718 8719
l 8729 8730
l 8741 8742
l 8769 8770
l 8781 8782
l 8837 8838
l 8849 8850
l 8889 8890
l 8945 8946
l 8957 8958
l 8997 8998
l 9043 9044
l 9054 9055
l 9065 9066
l 9077 9078
l 9093 9094
l 9105 9106
l 9161 9162
l 9173 9174
l 9213 9214
l 9240 9241
l 9270 9271
l 9281 9282
l 9293 9294
l 9321 9322
l 9334 9335
l 9343 9344
l 9363 9364
l 9377 9378
l 9389 9390
l 9417 9418
l 9499 9500
l 9510 9511
l 9523 9524
l 9537 9538
l 9550 9551
l 9562 9563
l 9575 9576
l 9674 9675
l 9702 9703
l 9714 9715
l 9729 9730
l 9742 9743
l 9754 9755
l 9767 9768
l 9782 9783
l 9794 9795
l 9834 9835
l 9848 9849
l 9862 9863
l 9874 9875
l 9915 9916
l 9972 9973
l 9988 9989
l 10016 10017
l 10030 10031
l 10057 10058
l 10070 10071
l 10110 10111
l 10150 10151
l 10163 10164
l 10220 10221
l 10236 10237
l 10252 10253
l 10266 10267
l 10306 10307
l 10346 10347
l 10386 10387
l 10399 10400
l 10426 10427
l 10439 10440
l 10459 10460
l 10475 10476
l 10488 10489
l 10498 10499
l 10512 10513
l 10570 10571
l 10600 10601
l 10633 10634
l 10656 10657
l 10672 10673
l 10700 10701
l 10714 10715
l 10727 10728
l 10742 10743
l 10754 10755
l 10766 10767
l 10794 10795
l 10806 10807
l 10834 10835
l 10846 10847
l 10920 10921
l 10936 10937
l 10950 10951
l 10976 10977
l 10990 10991
l 11003 11004
l 11030 11031
l 11043 11044
l 11070 11071
l 11097 11098
l 11110 11111
l 11123 11124
l 11145 11146
l 11168 11169
l 11184 11185
l 11213 11214
l 11226 11227
l 11238 11239
l 11252 11253
l 11266 11267
l 11306 11307
l 11332 11333
l 11346 11347
l 71 72
l 83 84
l 111 112
l 123 124
l 135 136
l 179 180
l 219 220
l 287 288
l 327 328
l 339 340
l 371 372
l 395 396
l 422 423
l 435 436
l 447 448
l 503 504
l 543 544
l 587 588
l 611 612
l 623 624
l 637 638
l 651 652
l 695 696
l 719 720
l 759 760
l 803 804
l 827 828
l 839 840
l 852 853
l 867 868
l 893 894
l 923 924
l 935 936
l 975 976
l 987 988
l 1029 1030
l 1043 1044
l 1055 1056
l 1070 1071
l 1083 1084
l 1095 1096
l 1151 1152
l 1163 1164
l 1191 1192
l 1235 1236
l 1259 1260
l 1299 1300
l 1334 1335
l 1354 1355
l 1389 1390
l 1403 1404
l 1430 1431
l 1511 1512
l 1523 1524
l 1591 1592
l 1607 1608
l 1619 1620
l 1631 1632
l 1657 1658
l 1699 1700
l 1714 1715
l 1727 1728
l 1807 1808
l 1820 1821
l 1835 1836
l 1895 1896
l 1929 1930
l 1943 1944
l 1982 1983
l 2051 2052
l 2063 2064
l 2111 2112
l 2131 2132
l 2159 2160
l 2171 2172
l 2186 2187
l 2198 2199
l 2267 2268
l 2293 2294
l 2326 2327
l 2362 2363
l 2375 2376
l 2387 2388
l 2401 2402
l 2434 2435
l 2470 2471
l 2483 2484
l 2495 2496
l 2577 2578
l 2591 2592
l 2617 2618
l 2696 2697
l 2723 2724
l 2736 2737
l 2751 2752
l 2763 2764
l 2782 2783
l 2805 2806
l 2831 2832
l 2891 2892
l 2927 2928
l 2939 2940
l 2979 2980
l 3020 3021
l 3047 3048
l 3059 3060
l 3142 3143
l 3155 3156
l 3168 3169
l 3182 3183
l 3195 3196
l 3251 3252
l 3263 3264
l 3302 3303
l 3359 3360
l 3371 3372
l 3453 3454
l 3479 3480
l 3491 3492
l 3518 3519
l 3587 3588
l 3627 3628
l 3647 3648
l 3695 3696
l 3755 3756
l 3791 3792
l 3803 3804
l 3817 3818
l 3830 3831
l 3843 3844
l 3862 3863
l 3898 3899
l 3911 3912
l 3924 3925
l 3938 3939
l 3950 3951
l 4031 4032
l 4058 4059
l 4071 4072
l 4083 4084
l 4139 4140
l 4151 4152
l 4166 4167
l 4179 4180
l 4191 4192
l 4202 4203
l 4223 4224
l 4247 4248
l 4287 4288
l 4341 4342
l 4355 4356
l 4367 4368
l 4395 4396
l 4451 4452
l 4463 4464
l 4490 4491
l 4503 4504
l 4515 4516
l 4558 4559
l 4571 4572
l 4583 4584
l 4611 4612
l 4655 4656
l 4679 4680
l 4691 4692
l 4719 4720
l 4787 4788
l 4799 4800
l 4812 4813
l 4827 4828
l 4871 4872
l 4895 4896
l 4935 4936
l 5003 5004
l 5043 5044
l 5111 5112
l 5123 5124
l 5151 5152
l 5163 5164
l 5207 5208
l 5219 5220
l 5247 5248
l 5259 5260
l 5286 5287
l 5329 5330
l 5351 5352
l 5378 5379
l 5391 5392
l 5404 5405
l 5435 5436
l 5459 5460
l 5473 5474
l 5499 5500
l 5512 5513
l 5544 5545
l 5567 5568
l 5607 5608
l 5619 5620
l 5653 5654
l 5675 5676
l 5715 5716
l 5739 5740
l 5783 5784
l 5795 5796
l 5823 5824
l 5836 5837
l 5869 5870
l 5891 5892
l 5904 5905
l 5919 5920
l 5931 5932
l 5956 5957
l 5987 5988
l 5999 6000
l 6027 6028
l 6039 6040
l 6107 6108
l 6120 6121
l 6147 6148
l 6160 6161
l 6215 6216
l 6242 6243
l 6255 6256
l 6323 6324
l 6336 6337
l 6363 6364
l 6376 6377
l 6419 6420
l 6431 6432
l 6443 6444
l 6459 6460
l 6471 6472
l 6517 6518
l 6539 6540
l 6579 6580
l 6592 6593
l 6650 6651
l 6671 6672
l 6687 6688
l 6699 6700
l 6738 6739
l 6759 6760
l 6807 6808
l 6819 6820
l 6887 6888
l 6915 6916
l 6974 6975
l 7023 7024
l 7051 7052
l 7116 7117
l 7131 7132
l 7143 7144
l 7157 7158
l 7171 7172
l 7224 7225
l 7239 7240
l 7251 7252
l 7266 7267
l 7278 7279
l 7347 7348
l 7359 7360
l 7373 7374
l 7455 7456
l 7467 7468
l 7480 7481
l 7494 7495
l 7563 7564
l 7575 7576
l 7658 7659
l 7671 7672
l 7683 7684
l 7779 7780
l 7791 7792
l 7804 7805
l 7818 7819
l 7859 7860
l 7887 7888
l 7991 7992
l 8018 8019
l 8031 8032
l 8043 8044
l 8055 8056
l 8075 8076
l 8099 8100
l 8111 8112
l 8127 8128
l 8139 8140
l 8183 8184
l 8195 8196
l 8207 8208
l 8219 8220
l 8247 8248
l 8259 8260
l 8315 8316
l 8355 8356
l 8380 8381
l 8399 8400
l 8408 8409
l 8423 8424
l 8435 8436
l 8463 8464
l 8475 8476
l 8507 8508
l 8531 8532
l 8559 8560
l 8571 8572
l 8615 8616
l 8639 8640
l 8651 8652
l 8679 8680
l 8704 8705
l 8723 8724
l 8734 8735
l 8747 8748
l 8759 8760
l 8787 8788
l 8812 8813
l 8855 8856
l 8881 8882
l 8895 8896
l 8920 8921
l 8963 8964
l 8975 8976
l 9003 9004
l 9025 9026
l 9071 9072
l 9083 9084
l 9098 9099
l 9111 9112
l 9179 9180
l 9191 9192
l 9206 9207
l 9219 9220
l 9231 9232
l 9244 9245
l 9287 9288
l 9299 9300
l 9313 9314
l 9327 9328
l 9339 9340
l 9367 9368
l 9395 9396
l 9407 9408
l 9423 9424
l 9516 9517
l 9528 9529
l 9542 9543
l 9555 9556
l 9568 9569
l 9680 9681
l 9720 9721
l 9746 9747
l 9760 9761
l 9787 9788
l 9800 9801
l 9812 9813
l 9840 9841
l 9866 9867
l 9880 9881
l 9919 9920
l 9943 9944
l 9962 9963
l 9978 9979
l 9994 9995
l 10008 10009
l 10036 10037
l 10048 10049
l 10076 10077
l 10088 10089
l 10102 10103
l 10116 10117
l 10128 10129
l 10156 10157
l 10168 10169
l 10226 10227
l 10242 10243
l 10257 10258
l 10284 10285
l 10296 10297
l 10312 10313
l 10324 10325
l 10336 10337
l 10351 10352
l 10364 10365
l 10378 10379
l 10404 10405
l 10432 10433
l 10443 10444
l 10465 10466
l 10481 10482
l 10492 10493
l 10503 10504
l 10518 10519
l 10577 10578
l 10647 10648
l 10662 10663
l 10678 10679
l 10692 10693
l 10732 10733
l 10772 10773
l 10785 10786
l 10812 10813
l 10824 10825
l 10852 10853
l 10866 10867
l 10888 10889
l 10910 10911
l 10926 10927
l 10942 10943
l 10956 10957
l 10968 10969
l 10995 10996
l 11008 11009
l 11021 11022
l 11048 11049
l 11061 11062
l 11076 11077
l 11088 11089
l 11101 11102
l 11115 11116
l 11159 11160
l 11174 11175
l 11190 11191
l 11204 11205
l 11244 11245
l 11257 11258
l 11271 11272
l 11284 11285
l 11298 11299
l 11312 11313
l 11324 11325
l 11337 11338
l 11351 11352
l 11364 11365
l 19 20
l 61 62
l 76 77
l 89 90
l 115 116
l 129 130
l 149 150
l 185 186
l 197 198
l 209 210
l 236 237
l 256 257
l 278 279
l 305 306
l 332 333
l 344 345
l 401 402
l 413 414
l 426 427
l 494 495
l 509 510
l 521 522
l 549 550
l 560 561
l 616 617
l 629 630
l 737 738
l 832 833
l 845 846
l 857 858
l 873 874
l 941 942
l 953 954
l 966 967
l 991 992
l 1012 1013
l 1033 1034
l 1061 1062
l 1100 1101
l 1120 1121
l 1169 1170
l 1182 1183
l 1196 1197
l 1209 1210
l 1277 1278
l 1289 1290
l 1305 1306
l 1317 1318
l 1368 1369
l 1381 1382
l 1394 1395
l 1421 1422
l 1434 1435
l 1478 1479
l 1489 1490
l 1515 1516
l 1529 1530
l 1542 1543
l 1553 1554
l 1573 1574
l 1597 1598
l 1623 1624
l 1637 1638
l 1661 1662
l 1705 1706
l 1733 1734
l 1745 1746
l 1758 1759
l 1767 1768
l 1790 1791
l 1813 1814
l 1825 1826
l 1853 1854
l 1921 1922
l 1933 1934
l 1949 1950
l 1961 1962
l 1986 1987
l 2016 2017
l 2029 2030
l 2069 2070
l 2137 2138
l 2149 2150
l 2164 2165
l 2177 2178
l 2233 2234
l 2245 2246
l 2273 2274
l 2285 2286
l 2298 2299
l 2353 2354
l 2366 2367
l 2393 2394
l 2417 2418
l 2461 2462
l 2487 2488
l 2501 2502
l 2514 2515
l 2557 2558
l 2569 2570
l 2581 2582
l 2597 2598
l 2609 2610
l 2621 2622
l 2658 2659
l 2701 2702
l 2713 2714
l 2741 2742
l 2756 2757
l 2797 2798
l 2809 2810
l 2837 2838
l 2849 2850
l 2907 2908
l 2917 2918
l 2931 2932
l 2945 2946
l 2957 2958
l 3025 3026
l 3065 3066
l 3079 3080
l 3089 3090
l 3112 3113
l 3121 3122
l 3133 3134
l 3173 3174
l 3241 3242
l 3269 3270
l 3281 3282
l 3306 3307
l 3349 3350
l 3364 3365
l 3377 3378
l 3389 3390
l 3434 3435
l 3457 3458
l 3497 3498
l 3542 3543
l 3565 3566
l 3578 3579
l 3605 3606
l 3618 3619
l 3673 3674
l 3713 3714
l 3781 3782
l 3795 3796
l 3809 3810
l 3821 3822
l 3834 3835
l 3878 3879
l 3889 3890
l 3917 3918
l 3929 3930
l 3981 3982
l 4021 4022
l 4036 4037
l 4049 4050
l 4089 4090
l 4109 4110
l 4157 4158
l 4238 4239
l 4265 4266
l 4303 4304
l 4325 4326
l 4373 4374
l 4385 4386
l 4412 4413
l 4432 4433
l 4469 4470
l 4481 4482
l 4540 4541
l 4562 4563
l 4589 4590
l 4602 4603
l 4616 4617
l 4670 4671
l 4697 4698
l 4710 4711
l 4758 4759
l 4791 4792
l 4805 4806
l 4817 4818
l 4833 4834
l 4900 4901
l 4913 4914
l 5021 5022
l 5034 5035
l 5129 5130
l 5142 5143
l 5224 5225
l 5237 5238
l 5276 5277
l 5323 5324
l 5369 5370
l 5397 5398
l 5451 5452
l 5465 5466
l 5477 5478
l 5537 5538
l 5560 5561
l 5585 5586
l 5646 5647
l 5681 5682
l 5693 5694
l 5705 5706
l 5733 5734
l 5774 5775
l 5801 5802
l 5815 5816
l 5829 5830
l 5841 5842
l 5862 5863
l 5884 5885
l 5897 5898
l 5909 5910
l 5924 5925
l 5937 5938
l 5949 5950
l 5969 5970
l 6017 6018
l 6031 6032
l 6057 6058
l 6125 6126
l 6153 6154
l 6165 6166
l 6186 6187
l 6233 6234
l 6247 6248
l 6261 6262
l 6273 6274
l 6294 6295
l 6316 6317
l 6341 6342
l 6381 6382
l 6449 6450
l 6477 6478
l 6532 6533
l 6557 6558
l 6571 6572
l 6585 6586
l 6597 6598
l 6677 6678
l 6717 6718
l 6785 6786
l 6812 6813
l 6825 6826
l 6837 6838
l 6869 6870
l 6893 6894
l 6906 6907
l 6920 6921
l 6933 6934
l 6946 6947
l 6988 6989
l 7001 7002
l 7014 7015
l 7028 7029
l 7041 7042
l 7065 7066
l 7097 7098
l 7109 7110
l 7121 7122
l 7149 7150
l 7193 7194
l 7204 7205
l 7217 7218
l 7229 7230
l 7244 7245
l 7257 7258
l 7284 7285
l 7325 7326
l 7365 7366
l 7377 7378
l 7433 7434
l 7460 7461
l 7473 7474
l 7485 7486
l 7498 7499
l 7528 7529
l 7541 7542
l 7581 7582
l 7638 7639
l 7649 7650
l 7689 7690
l 7702 7703
l 7757 7758
l 7769 7770
l 7784 7785
l 7797 7798
l 7809 7810
l 7865 7866
l 7893 7894
l 7905 7906
l 7928 7929
l 7996 7997
l 8009 8010
l 8035 8036
l 8047 8048
l 8117 8118
l 8212 8213
l 8225 8226
l 8285 8286
l 8305 8306
l 8320 8321
l 8333 8334
l 8346 8347
l 8372 8373
l 8413 8414
l 8428 8429
l 8441 8442
l 8468 8469
l 8522 8523
l 8536 8537
l 8549 8550
l 8629 8630
l 8644 8645
l 8657 8658
l 8669 8670
l 8685 8686
l 8697 8698
l 8765 8766
l 8778 8779
l 8793 8794
l 8804 8805
l 8860 8861
l 8873 8874
l 8885 8886
l 8901 8902
l 8912 8913
l 8934 8935
l 8981 8982
l 8993 8994
l 9040 9041
l 9089 9090
l 9127 9128
l 9149 9150
l 9183 9184
l 9197 9198
l 9237 9238
l 9257 9258
l 9305 9306
l 9373 9374
l 9386 9387
l 9400 9401
l 9413 9414
l 9506 9507
l 9534 9535
l 9546 9547
l 9572 9573
l 9658 9659
l 9671 9672
l 9686 9687
l 9698 9699
l 9725 9726
l 9738 9739
l 9764 9765
l 9778 9779
l 9818 9819
l 9831 9832
l 9844 9845
l 9858 9859
l 9886 9887
l 9955 9956
l 9968 9969
l 9984 9985
l 10000 10001
l 10026 10027
l 10066 10067
l 10094 10095
l 10106 10107
l 10146 10147
l 10160 10161
l 10174 10175
l 10216 10217
l 10232 10233
l 10248 10249
l 10262 10263
l 10276 10277
l 10302 10303
l 10342 10343
l 10356 10357
l 10370 10371
l 10382 10383
l 10395 10396
l 10410 10411
l 10422 10423
l 10436 10437
l 10455 10456
l 10471 10472
l 10508 10509
l 10524 10525
l 10535 10536
l 10567 10568
l 10652 10653
l 10668 10669
l 10684 10685
l 10710 10711
l 10724 10725
l 10738 10739
l 10750 10751
l 10763 10764
l 10790 10791
l 10830 10831
l 10901 10902
l 10916 10917
l 10932 10933
l 10946 10947
l 10986 10987
l 11014 11015
l 11026 11027
l 11039 11040
l 11054 11055
l 11066 11067
l 11106 11107
l 11164 11165
l 11180 11181
l 11196 11197
l 11222 11223
l 11262 11263
l 11277 11278
l 11302 11303
l 11342 11343
l 11356 11357
l 11370 11371
l 67 68
l 95 96
l 107 108
l 120 121
l 164 165
l 175 176
l 215 216
l 241 242
l 283 284
l 296 297
l 311 312
l 323 324
l 368 369
l 380 381
l 391 392
l 419 420
l 431 432
l 443 444
l 476 477
l 499 500
l 539 540
l 565 566
l 584 585
l 607 608
l 647 648
l 660 661
l 672 673
l 715 716
l 728 729
l 755 756
l 823 824
l 863 864
l 889 890
l 908 909
l 919 920
l 931 932
l 959 960
l 971 972
l 983 984
l 995 996
l 1039 1040
l 1051 1052
l 1079 1080
l 1091 1092
l 1105 1106
l 1125 1126
l 1147 1148
l 1187 1188
l 1201 1202
l 1255 1256
l 1282 1283
l 1295 1296
l 1322 1323
l 1331 1332
l 1399 1400
l 1427 1428
l 1439 1440
l 1495 1496
l 1507 1508
l 1520 1521
l 1535 1536
l 1547 1548
l 1603 1604
l 1615 1616
l 1628 1629
l 1676 1677
l 1723 1724
l 1751 1752
l 1831 1832
l 1892 1893
l 1926 1927
l 1939 1940
l 1967 1968
l 1979 1980
l 2000 2001
l 2035 2036
l 2047 2048
l 2059 2060
l 2075 2076
l 2086 2087
l 2108 2109
l 2142 2143
l 2155 2156
l 2195 2196
l 2250 2251
l 2263 2264
l 2344 2345
l 2359 2360
l 2371 2372
l 2383 2384
l 2410 2411
l 2466 2467
l 2479 2480
l 2492 2493
l 2540 2541
l 2561 2562
l 2574 2575
l 2587 2588
l 2614 2615
l 2664 2665
l 2707 2708
l 2719 2720
l 2747 2748
l 2791 2792
l 2815 2816
l 2855 2856
l 2867 2868
l 2899 2900
l 2923 2924
l 2963 2964
l 3031 3032
l 3071 3072
l 3125 3126
l 3139 3140
l 3151 3152
l 3165 3166
l 3179 3180
l 3191 3192
l 3232 3233
l 3247 3248
l 3274 3275
l 3287 3288
l 3299 3300
l 3355 3356
l 3395 3396
l 3407 3408
l 3463 3464
l 3488 3489
l 3503 3504
l 3515 3516
l 3525 3526
l 3547 3548
l 3557 3558
l 3571 3572
l 3583 3584
l 3597 3598
l 3611 3612
l 3635 3636
l 3655 3656
l 3666 3667
l 3679 3680
l 3691 3692
l 3719 3720
l 3763 3764
l 3787 3788
l 3827 3828
l 3839 3840
l 3852 3853
l 3883 3884
l 3895 3896
l 3907 3908
l 3921 3922
l 3935 3936
l 3947 3948
l 4027 4028
l 4041 4042
l 4054 4055
l 4067 4068
l 4079 4080
l 4135 4136
l 4162 4163
l 4175 4176
l 4220 4221
l 4232 4233
l 4243 4244
l 4256 4257
l 4270 4271
l 4283 4284
l 4296 4297
l 4308 4309
l 4329 4330
l 4351 4352
l 4363 4364
l 4378 4379
l 4391 4392
l 4417 4418
l 4436 4437
l 4459 4460
l 4499 4500
l 4511 4512
l 4567 4568
l 4579 4580
l 4595 4596
l 4607 4608
l 4621 4622
l 4675 4676
l 4715 4716
l 4772 4773
l 4783 4784
l 4796 4797
l 4823 4824
l 4881 4882
l 4891 4892
l 4905 4906
l 4931 4932
l 4956 4957
l 4999 5000
l 5012 5013
l 5027 5028
l 5039 5040
l 5052 5053
l 5107 5108
l 5147 5148
l 5171 5172
l 5215 5216
l 5229 5230
l 5243 5244
l 5255 5256
l 5282 5283
l 5375 5376
l 5387 5388
l 5483 5484
l 5577 5578
l 5591 5592
l 5603 5604
l 5616 5617
l 5629 5630
l 5699 5700
l 5711 5712
l 5779 5780
l 5807 5808
l 5901 5902
l 5915 5916
l 5974 5975
l 6010 6011
l 6023 6024
l 6083 6084
l 6103 6104
l 6131 6132
l 6143 6144
l 6191 6192
l 6211 6212
l 6226 6227
l 6239 6240
l 6251 6252
l 6299 6300
l 6347 6348
l 6373 6374
l 6455 6456
l 6483 6484
l 6494 6495
l 6563 6564
l 6602 6603
l 6626 6627
l 6647 6648
l 6683 6684
l 6695 6696
l 6708 6709
l 6722 6723
l 6803 6804
l 6842 6843
l 6911 6912
l 6925 6926
l 6939 6940
l 6951 6952
l 7007 7008
l 7019 7020
l 7033 7034
l 7047 7048
l 7101 7102
l 7127 7128
l 7167 7168
l 7209 7210
l 7235 7236
l 7275 7276
l 7330 7331
l 7343 7344
l 7370 7371
l 7382 7383
l 7404 7405
l 7451 7452
l 7491 7492
l 7559 7560
l 7571 7572
l 7586 7587
l 7654 7655
l 7667 7668
l 7679 7680
l 7695 7696
l 7707 7708
l 7728 7729
l 7748 7749
l 7775 7776
l 7815 7816
l 7883 7884
l 7911 7912
l 7922 7923
l 7987 7988
l 8001 8002
l 8027 8028
l 8040 8041
l 8051 8052
l 8085 8086
l 8095 8096
l 8107 8108
l 8123 8124
l 8135 8136
l 8192 8193
l 8203 8204
l 8231 8232
l 8243 8244
l 8311 8312
l 8325 8326
l 8339 8340
l 8351 8352
l 8364 8365
l 8377 8378
l 8419 8420
l 8459 8460
l 8483 8484
l 8527 8528
l 8541 8542
l 8555 8556
l 8567 8568
l 8623 8624
l 8635 8636
l 8675 8676
l 8701 8702
l 8720 8721
l 8743 8744
l 8755 8756
l 8783 8784
l 8829 8830
l 8839 8840
l 8851 8852
l 8865 8866
l 8878 8879
l 8891 8892
l 8947 8948
l 8959 8960
l 8986 8987
l 8999 9000
l 9012 9013
l 9056 9057
l 9067 9068
l 9079 9080
l 9107 9108
l 9120 9121
l 9131 9132
l 9153 9154
l 9175 9176
l 9188 9189
l 9202 9203
l 9215 9216
l 9227 9228
l 9261 9262
l 9272 9273
l 9283 9284
l 9295 9296
l 9323 9324
l 9345 9346
l 9379 9380
l 9391 9392
l 9419 9420
l 9512 9513
l 9552 9553
l 9564 9565
l 9676 9677
l 9690 9691
l 9716 9717
l 9756 9757
l 9769 9770
l 9796 9797
l 9836 9837
l 9876 9877
l 9890 9891
l 9974 9975
l 9990 9991
l 10018 10019
l 10032 10033
l 10044 10045
l 10072 10073
l 10084 10085
l 10099 10100
l 10112 10113
l 10124 10125
l 10138 10139
l 10152 10153
l 10222 10223
l 10238 10239
l 10268 10269
l 10308 10309
l 10348 10349
l 10360 10361
l 10375 10376
l 10388 10389
l 10428 10429
l 10461 10462
l 10477 10478
l 10514 10515
l 10658 10659
l 10674 10675
l 10702 10703
l 10716 10717
l 10744 10745
l 10756 10757
l 10768 10769
l 10796 10797
l 10808 10809
l 10836 10837
l 10848 10849
l 10862 10863
l 10906 10907
l 10922 10923
l 10938 10939
l 10952 10953
l 10978 10979
l 10992 10993
l 11018 11019
l 11032 11033
l 11058 11059
l 11072 11073
l 11112 11113
l 11170 11171
l 11186 11187
l 11228 11229
l 11240 11241
l 11268 11269
l 11294 11295
l 11308 11309
l 11348 11349
l 11374 11375
l 29 17
l 39 46
l 52 59
l 73 83
l 113 123
l 146 143
l 164 169
l 247 233
l 267 275
l 329 339
l 353 341
l 363 359
l 380 385
l 424 422
l 437 447
l 471 478
l 592 599
l 613 623
l 639 637
l 701 708
l 794 801
l 808 815
l 829 839
l 854 852
l 902 910
l 919 925
l 977 987
l 1001 989
l 1024 1031
l 1045 1055
l 1072 1070
l 1085 1095
l 1110 1097
l 1133 1140
l 1153 1163
l 1228 1224
l 1242 1249
l 1341 1336
l 1366 1374
l 1391 1389
l 1432 1430
l 1449 1443
l 1457 1464
l 1513 1523
l 1556 1551
l 1565 1571
l 1609 1607
l 1621 1631
l 1665 1659
l 1676 1680
l 1716 1714
l 1770 1765
l 1798 1795
l 1822 1820
l 1879 1874
l 1892 1897
l 1909 1904
l 1931 1929
l 1991 1984
l 2000 2004
l 2013 2022
l 2053 2063
l 2097 2091
l 2108 2113
l 2121 2129
l 2161 2171
l 2188 2186
l 2213 2221
l 2231 2227
l 2295 2293
l 2312 2307
l 2339 2346
l 2364 2362
l 2377 2387
l 2403 2401
l 2448 2454
l 2472 2470
l 2485 2495
l 2540 2545
l 2555 2551
l 2579 2577
l 2619 2617
l 2635 2631
l 2666 2655
l 2711 2718
l 2738 2732
l 2773 2765
l 2784 2792
l 2798 2807
l 2847 2842
l 2859 2866
l 2893 2900
l 2908 2915
l 2929 2935
l 2968 2975
l 3094 3087
l 3109 3106
l 3122 3130
l 3170 3164
l 3184 3190
l 3205 3197
l 3312 3304
l 3418 3411
l 3443 3455
l 3468 3475
l 3507 3514
l 3527 3520
l 3540 3548
l 3551 3562
l 3616 3623
l 3649 3656
l 3659 3670
l 3724 3731
l 3743 3736
l 3757 3764
l 3768 3779
l 3793 3799
l 3819 3813
l 3832 3838
l 3879 3887
l 3900 3906
l 4013 4019
l 4060 4058
l 4073 4083
l 4119 4127
l 4141 4151
l 4168 4166
l 4181 4191
l 4232 4236
l 4314 4301
l 4322 4319
l 4357 4367
l 4423 4409
l 4429 4438
l 4443 4453
l 4492 4490
l 4505 4515
l 4538 4546
l 4552 4560
l 4573 4583
l 4637 4625
l 4647 4644
l 4661 4668
l 4681 4691
l 4772 4776
l 4789 4799
l 4814 4812
l 4862 4859
l 4881 4885
l 4962 4949
l 4971 4978
l 4985 4992
l 5113 5123
l 5153 5163
l 5177 5165
l 5188 5194
l 5200 5209
l 5249 5247
l 5324 5331
l 5421 5418
l 5448 5445
l 5475 5469
l 5488 5495
l 5514 5508
l 5529 5525
l 5538 5546
l 5557 5553
l 5636 5633
l 5647 5655
l 5666 5663
l 5691 5686
l 5703 5710
l 5745 5741
l 5752 5763
l 5772 5780
l 5863 5871
l 5881 5877
l 5947 5942
l 5962 5958
l 5970 5979
l 6014 6009
l 6029 6035
l 6075 6087
l 6097 6104
l 6122 6116
l 6135 6142
l 6176 6172
l 6187 6195
l 6205 6212
l 6230 6225
l 6271 6266
l 6285 6281
l 6295 6303
l 6338 6332
l 6378 6372
l 6487 6482
l 6501 6498
l 6507 6519
l 6554 6549
l 6635 6631
l 6647 6652
l 6662 6669
l 6689 6687
l 6744 6740
l 6753 6761
l 6809 6819
l 6854 6847
l 6859 6866
l 6880 6876
l 6960 6956
l 6986 6994
l 7053 7051
l 7068 7062
l 7094 7091
l 7118 7116
l 7133 7143
l 7159 7157
l 7179 7173
l 7226 7224
l 7241 7251
l 7268 7266
l 7294 7301
l 7311 7307
l 7349 7359
l 7375 7373
l 7391 7386
l 7404 7408
l 7419 7426
l 7457 7467
l 7482 7480
l 7501 7496
l 7508 7517
l 7526 7534
l 7565 7575
l 7608 7603
l 7660 7658
l 7673 7683
l 7728 7733
l 7742 7750
l 7781 7791
l 7806 7804
l 7825 7820
l 7831 7839
l 7849 7857
l 7931 7926
l 7948 7937
l 7960 7956
l 8020 8018
l 8033 8043
l 8058 8045
l 8065 8073
l 8085 8089
l 8101 8111
l 8129 8127
l 8174 8171
l 8192 8197
l 8209 8219
l 8249 8259
l 8297 8303
l 8384 8369
l 8425 8435
l 8465 8475
l 8499 8496
l 8512 8520
l 8561 8559
l 8623 8627
l 8641 8651
l 8714 8711
l 8749 8759
l 8815 8801
l 8824 8819
l 8839 8843
l 8883 8881
l 8923 8909
l 8931 8928
l 8947 8951
l 8965 8975
l 9038 9046
l 9056 9060
l 9073 9083
l 9100 9098
l 9137 9125
l 9147 9143
l 9181 9191
l 9208 9206
l 9221 9231
l 9272 9276
l 9289 9299
l 9315 9313
l 9329 9339
l 9358 9355
l 9397 9407
l 9425 9423
l 9439 9434
l 9483 9479
l 9493 9504
l 9518 9524
l 9544 9538
l 9557 9563
l 9578 9570
l 9643 9651
l 9762 9771
l 9802 9810
l 9842 9851
l 9943 9945
l 9955 9953
l 10056 10063
l 10097 10104
l 10122 10118
l 10161 10158
l 10259 10196
l 10204 10223
l 10207 10213
l 10273 10275
l 10314 10316
l 10371 10380
l 10437 10434
l 10443 10445
l 10484 10453
l 10498 10494
l 10536 10543
l 10579 10566
l 10587 10594
l 10641 10638
l 10739 10748
l 10780 10787
l 10805 10801
l 10868 10863
l 10886 10880
l 10890 10907
l 10886 10944
l 11042 11036
l 11138 11141
l 11148 11151
l 11212 11219
l 11237 11233
l 11292 11300
l 11357 11353
l 11379 11375
l 33 42
l 80 78
l 94 104
l 119 117
l 131 140
l 172 167
l 189 187
l 280 270
l 310 320
l 346 356
l 369 366
l 388 383
l 405 403
l 418 428
l 454 464
l 477 474
l 496 489
l 585 582
l 670 680
l 742 752
l 777 788
l 790 797
l 877 875
l 909 905
l 928 922
l 945 943
l 958 968
l 982 980
l 993 1004
l 1050 1048
l 1066 1076
l 1102 1112
l 1126 1122
l 1144 1138
l 1174 1184
l 1200 1198
l 1221 1231
l 1252 1247
l 1268 1266
l 1360 1353
l 1361 1370
l 1386 1396
l 1412 1410
l 1426 1436
l 1446 1451
l 1468 1462
l 1469 1480
l 1494 1504
l 1519 1517
l 1534 1544
l 1555 1559
l 1577 1587
l 1602 1612
l 1627 1625
l 1663 1668
l 1710 1720
l 1750 1760
l 1769 1775
l 1792 1785
l 1844 1842
l 1877 1883
l 1900 1889
l 1901 1912
l 1966 1976
l 2008 1998
l 2034 2044
l 2074 2084
l 2116 2105
l 2182 2192
l 2224 2216
l 2277 2275
l 2290 2300
l 2332 2322
l 2345 2342
l 2358 2368
l 2419 2423
l 2440 2433
l 2441 2451
l 2506 2516
l 2548 2543
l 2562 2559
l 2601 2599
l 2634 2639
l 2694 2690
l 2736 2730
l 2751 2758
l 2876 2883
l 2905 2909
l 2927 2933
l 2986 2992
l 3005 3002
l 3012 3016
l 3059 3054
l 3091 3098
l 3114 3110
l 3127 3123
l 3142 3149
l 3168 3162
l 3182 3188
l 3201 3208
l 3234 3230
l 3251 3258
l 3329 3318
l 3359 3366
l 3414 3423
l 3491 3486
l 3523 3531
l 3544 3533
l 3559 3555
l 3633 3639
l 3653 3650
l 3776 3773
l 3791 3797
l 3817 3811
l 3830 3836
l 3850 3856
l 3898 3904
l 3924 3919
l 3938 3945
l 3957 3964
l 3993 4003
l 4078 4076
l 4187 4185
l 4197 4208
l 4221 4218
l 4240 4230
l 4255 4253
l 4330 4327
l 4362 4360
l 4404 4402
l 4437 4434
l 4456 4446
l 4473 4471
l 4486 4496
l 4534 4542
l 4564 4554
l 4578 4576
l 4594 4604
l 4620 4618
l 4641 4651
l 4672 4663
l 4702 4712
l 4728 4726
l 4737 4748
l 4749 4760
l 4780 4769
l 4837 4835
l 4846 4856
l 4888 4878
l 4904 4902
l 4918 4928
l 4953 4964
l 4996 4987
l 5026 5036
l 5051 5049
l 5104 5098
l 5134 5144
l 5168 5180
l 5182 5191
l 5212 5203
l 5242 5252
l 5302 5313
l 5319 5325
l 5378 5385
l 5404 5399
l 5428 5431
l 5453 5449
l 5473 5467
l 5512 5506
l 5562 5558
l 5619 5614
l 5626 5639
l 5669 5658
l 5735 5746
l 5753 5757
l 5776 5766
l 5795 5790
l 5836 5831
l 5843 5854
l 5867 5864
l 5886 5882
l 5904 5899
l 5919 5926
l 5951 5963
l 5976 5971
l 6027 6033
l 6059 6071
l 6077 6081
l 6120 6114
l 6160 6155
l 6167 6178
l 6242 6249
l 6318 6306
l 6336 6330
l 6376 6370
l 6383 6394
l 6406 6403
l 6443 6438
l 6459 6466
l 6509 6513
l 6534 6521
l 6592 6587
l 6634 6638
l 6658 6665
l 6682 6692
l 6743 6748
l 6764 6755
l 6766 6775
l 6790 6800
l 6816 6814
l 6873 6883
l 6898 6908
l 6938 6948
l 6959 6962
l 6980 6970
l 6981 6990
l 7006 7016
l 7032 7030
l 7046 7056
l 7067 7071
l 7102 7099
l 7139 7137
l 7177 7180
l 7210 7206
l 7248 7246
l 7262 7272
l 7286 7288
l 7304 7296
l 7355 7353
l 7389 7395
l 7412 7401
l 7414 7422
l 7438 7448
l 7464 7462
l 7500 7504
l 7520 7515
l 7606 7611
l 7629 7640
l 7678 7676
l 7694 7704
l 7715 7718
l 7736 7731
l 7749 7745
l 7824 7828
l 7870 7880
l 7897 7895
l 7910 7920
l 7930 7934
l 7940 7952
l 7954 7963
l 8000 7998
l 8014 8024
l 8049 8060
l 8092 8082
l 8122 8132
l 8148 8146
l 8200 8189
l 8216 8214
l 8230 8240
l 8278 8287
l 8324 8322
l 8338 8348
l 8432 8430
l 8446 8456
l 8481 8492
l 8494 8502
l 8524 8515
l 8554 8564
l 8580 8578
l 8590 8600
l 8602 8610
l 8689 8687
l 8699 8708
l 8721 8717
l 8740 8733
l 8770 8780
l 8830 8827
l 8926 8936
l 9021 9032
l 9033 9042
l 9078 9076
l 9094 9104
l 9129 9140
l 9154 9151
l 9239 9248
l 9262 9259
l 9280 9269
l 9294 9292
l 9335 9333
l 9378 9388
l 9418 9428
l 9469 9475
l 9487 9477
l 9516 9522
l 9542 9536
l 9555 9561
l 9574 9579
l 9673 9665
l 9691 9688
l 9770 9766
l 9793 9786
l 9833 9825
l 9891 9888
l 9925 9914
l 9943 9939
l 9943 9948
l 9955 9957
l 10015 10023
l 10042 10038
l 10082 10078
l 10154 10162
l 10259 10199
l 10291 10298
l 10334 10331
l 10358 10353
l 10412 10420
l 10430 10438
l 10448 10461
l 10488 10487
l 10498 10497
l 10540 10537
l 10561 10568
l 10589 10569
l 10603 10599
l 10628 10623
l 10628 10632
l 10699 10707
l 10726 10720
l 10765 10760
l 10838 10845
l 10886 10883
l 10898 10893
l 10963 10958
l 10975 10983
l 11002 10999
l 11016 11023
l 11056 11063
l 11138 11135
l 11138 11144
l 11148 11154
l 11255 11251
l 11279 11273
l 11319 11314
l 11335 11331
l 11372 11380
l 28 26
l 57 64
l 82 77
l 122 116
l 138 134
l 143 155
l 191 186
l 203 210
l 254 263
l 273 270
l 338 333
l 351 349
l 359 370
l 407 402
l 421 427
l 515 510
l 555 550
l 570 567
l 578 586
l 597 604
l 622 617
l 686 694
l 706 712
l 784 781
l 813 820
l 838 833
l 851 858
l 879 874
l 947 942
l 961 967
l 1000 997
l 1010 1019
l 1028 1036
l 1109 1107
l 1118 1127
l 1176 1183
l 1203 1197
l 1217 1215
l 1224 1234
l 1284 1290
l 1311 1306
l 1342 1333
l 1388 1395
l 1429 1435
l 1447 1441
l 1475 1483
l 1522 1516
l 1537 1543
l 1557 1549
l 1569 1576
l 1583 1590
l 1630 1624
l 1664 1656
l 1678 1684
l 1690 1698
l 1739 1734
l 1753 1759
l 1771 1763
l 1795 1806
l 1819 1826
l 1894 1889
l 1904 1915
l 1928 1934
l 1955 1950
l 1990 1981
l 2002 1998
l 2110 2105
l 2144 2150
l 2170 2165
l 2207 2197
l 2219 2216
l 2227 2239
l 2279 2274
l 2292 2299
l 2325 2322
l 2361 2367
l 2420 2412
l 2494 2488
l 2508 2515
l 2551 2563
l 2576 2582
l 2603 2598
l 2616 2622
l 2667 2653
l 2675 2671
l 2709 2719
l 2781 2789
l 2799 2804
l 2857 2867
l 2890 2887
l 2905 2913
l 2998 3006
l 3012 3019
l 3096 3085
l 3107 3103
l 3141 3151
l 3167 3165
l 3181 3191
l 3214 3222
l 3276 3274
l 3289 3299
l 3314 3301
l 3323 3330
l 3339 3344
l 3397 3407
l 3420 3409
l 3429 3438
l 3448 3452
l 3490 3488
l 3505 3515
l 3530 3517
l 3538 3545
l 3573 3583
l 3599 3597
l 3663 3668
l 3681 3691
l 3754 3751
l 3829 3839
l 3861 3870
l 3880 3885
l 3897 3907
l 3923 3921
l 3937 3947
l 3962 3949
l 3990 3987
l 4000 4007
l 4017 4024
l 4043 4037
l 4106 4115
l 4125 4132
l 4205 4201
l 4214 4222
l 4234 4230
l 4319 4331
l 4340 4348
l 4380 4386
l 4422 4419
l 4450 4446
l 4475 4470
l 4557 4554
l 4597 4603
l 4623 4617
l 4636 4632
l 4644 4654
l 4666 4663
l 4704 4711
l 4744 4740
l 4755 4763
l 4774 4769
l 4798 4792
l 4811 4818
l 4839 4834
l 4859 4870
l 4883 4878
l 4907 4901
l 4961 4958
l 4990 4987
l 5029 5035
l 5079 5087
l 5136 5143
l 5176 5173
l 5206 5203
l 5231 5225
l 5310 5305
l 5319 5328
l 5377 5387
l 5428 5434
l 5446 5454
l 5539 5543
l 5579 5577
l 5593 5603
l 5618 5616
l 5635 5631
l 5648 5652
l 5664 5670
l 5701 5711
l 5744 5738
l 5753 5761
l 5770 5777
l 5852 5847
l 5903 5901
l 5986 5983
l 6012 6010
l 6069 6062
l 6077 6085
l 6095 6091
l 6133 6143
l 6174 6170
l 6188 6193
l 6228 6226
l 6241 6251
l 6283 6279
l 6296 6301
l 6311 6308
l 6375 6373
l 6485 6483
l 6500 6496
l 6509 6516
l 6649 6656
l 6758 6755
l 6772 6779
l 6818 6813
l 6831 6838
l 6864 6872
l 6876 6886
l 6900 6907
l 6927 6921
l 6941 6947
l 6973 6970
l 7009 7015
l 7035 7029
l 7080 7088
l 7091 7103
l 7115 7122
l 7188 7196
l 7202 7211
l 7223 7230
l 7250 7245
l 7287 7277
l 7299 7296
l 7307 7319
l 7372 7378
l 7390 7384
l 7406 7401
l 7466 7461
l 7479 7486
l 7502 7493
l 7620 7628
l 7635 7643
l 7697 7703
l 7716 7709
l 7763 7770
l 7790 7785
l 7803 7810
l 7826 7817
l 7837 7844
l 7899 7894
l 7932 7924
l 7947 7943
l 7956 7967
l 7976 7984
l 8003 7997
l 8042 8036
l 8087 8082
l 8171 8182
l 8194 8189
l 8218 8213
l 8283 8291
l 8301 8308
l 8327 8321
l 8341 8347
l 8383 8379
l 8390 8398
l 8407 8416
l 8434 8429
l 8474 8469
l 8488 8485
l 8496 8506
l 8518 8515
l 8543 8537
l 8597 8593
l 8607 8614
l 8625 8632
l 8650 8645
l 8663 8670
l 8691 8686
l 8707 8703
l 8711 8722
l 8772 8779
l 8799 8794
l 8819 8831
l 8841 8848
l 8867 8861
l 8880 8886
l 8907 8902
l 8928 8939
l 8949 8956
l 8988 8994
l 9028 9024
l 9058 9064
l 9136 9133
l 9143 9155
l 9164 9172
l 9190 9184
l 9246 9243
l 9254 9263
l 9274 9269
l 9355 9366
l 9381 9387
l 9406 9401
l 9497 9502
l 9554 9564
l 9582 9591
l 9611 9607
l 9683 9692
l 9705 9713
l 9723 9732
l 9745 9753
l 9865 9873
l 9883 9892
l 9918 9914
l 9943 9942
l 9955 9951
l 10094 10101
l 10135 10140
l 10259 10194
l 10259 10202
l 10207 10211
l 10356 10350
l 10372 10377
l 10390 10399
l 10443 10442
l 10484 10451
l 10488 10491
l 10576 10594
l 10585 10583
l 10628 10626
l 10641 10636
l 10724 10718
l 10740 10746
l 10763 10758
l 10819 10823
l 10886 10878
l 10898 10896
l 10994 11003
l 11014 11020
l 11039 11034
l 11054 11060
l 11100 11097
l 11121 11114
l 11277 11270
l 11358 11350
l 18 31
l 43 40
l 60 50
l 95 102
l 120 114
l 170 157
l 260 255
l 296 291
l 311 318
l 360 364
l 386 374
l 419 425
l 443 438
l 467 472
l 493 482
l 559 571
l 660 655
l 691 687
l 709 698
l 728 723
l 775 785
l 798 795
l 906 903
l 926 923
l 959 965
l 983 978
l 990 1002
l 1016 1011
l 1032 1029
l 1051 1046
l 1091 1086
l 1123 1119
l 1201 1195
l 1226 1229
l 1250 1237
l 1282 1288
l 1337 1344
l 1358 1354
l 1371 1367
l 1427 1433
l 1444 1450
l 1495 1502
l 1520 1514
l 1535 1541
l 1552 1558
l 1572 1561
l 1603 1610
l 1628 1622
l 1660 1666
l 1681 1670
l 1751 1757
l 1766 1773
l 1789 1778
l 1803 1799
l 1875 1881
l 1898 1895
l 1905 1910
l 1926 1932
l 1967 1974
l 1985 1992
l 2035 2042
l 2059 2054
l 2075 2082
l 2092 2099
l 2114 2111
l 2142 2148
l 2222 2209
l 2228 2232
l 2250 2257
l 2308 2315
l 2330 2326
l 2335 2340
l 2359 2365
l 2383 2378
l 2416 2422
l 2438 2434
l 2445 2449
l 2466 2473
l 2492 2486
l 2546 2534
l 2552 2556
l 2574 2580
l 2614 2620
l 2632 2637
l 2682 2679
l 2700 2692
l 2714 2712
l 2757 2755
l 2766 2776
l 2788 2785
l 2808 2802
l 2838 2848
l 2874 2884
l 2897 2894
l 2916 2911
l 2932 2930
l 2946 2956
l 3024 3014
l 3080 3078
l 3088 3100
l 3221 3218
l 3270 3280
l 3305 3316
l 3318 3327
l 3348 3342
l 3365 3363
l 3378 3388
l 3412 3424
l 3437 3433
l 3456 3446
l 3521 3532
l 3533 3541
l 3579 3577
l 3619 3617
l 3631 3640
l 3737 3748
l 3761 3758
l 3780 3771
l 3796 3794
l 3810 3820
l 3835 3833
l 3869 3866
l 3888 3877
l 3918 3928
l 4004 4001
l 4020 4010
l 4041 4035
l 4054 4061
l 4079 4074
l 4162 4169
l 4195 4206
l 4237 4225
l 4256 4251
l 4270 4277
l 4296 4291
l 4302 4315
l 4345 4341
l 4363 4358
l 4378 4384
l 4454 4451
l 4511 4506
l 4519 4531
l 4543 4539
l 4561 4558
l 4579 4574
l 4595 4601
l 4621 4615
l 4626 4638
l 4669 4658
l 4735 4746
l 4796 4790
l 4886 4873
l 4905 4899
l 4968 4972
l 5012 5007
l 5027 5033
l 5052 5047
l 5059 5071
l 5084 5080
l 5102 5089
l 5166 5178
l 5185 5189
l 5210 5207
l 5229 5223
l 5243 5250
l 5275 5288
l 5309 5314
l 5332 5322
l 5346 5343
l 5398 5408
l 5466 5476
l 5634 5640
l 5656 5645
l 5658 5667
l 5682 5692
l 5706 5704
l 5742 5747
l 5764 5759
l 5766 5773
l 5816 5814
l 5830 5840
l 5851 5855
l 5872 5861
l 5898 5908
l 5925 5923
l 5938 5948
l 5980 5973
l 5994 5991
l 6032 6030
l 6088 6079
l 6101 6098
l 6154 6164
l 6173 6179
l 6196 6185
l 6209 6206
l 6248 6246
l 6262 6272
l 6282 6287
l 6304 6293
l 6306 6315
l 6391 6395
l 6426 6423
l 6478 6488
l 6499 6503
l 6520 6511
l 6521 6531
l 6572 6570
l 6586 6596
l 6609 6612
l 6632 6639
l 6653 6650
l 6666 6663
l 6683 6690
l 6708 6703
l 6722 6729
l 6741 6746
l 6762 6759
l 6776 6773
l 6878 6881
l 6925 6919
l 6939 6945
l 6957 6963
l 6978 6974
l 6991 6987
l 7007 7013
l 7033 7027
l 7047 7054
l 7192 7181
l 7207 7203
l 7302 7290
l 7316 7312
l 7330 7337
l 7370 7376
l 7387 7394
l 7423 7420
l 7497 7503
l 7518 7506
l 7524 7527
l 7571 7566
l 7586 7593
l 7604 7609
l 7654 7661
l 7679 7674
l 7695 7701
l 7713 7719
l 7734 7721
l 7746 7743
l 7854 7850
l 7911 7918
l 7927 7935
l 7938 7950
l 7964 7961
l 8001 7995
l 8040 8034
l 8046 8059
l 8070 8066
l 8090 8077
l 8107 8102
l 8123 8130
l 8155 8167
l 8179 8175
l 8198 8195
l 8231 8238
l 8263 8275
l 8288 8284
l 8304 8294
l 8325 8319
l 8339 8345
l 8364 8359
l 8395 8391
l 8412 8408
l 8479 8490
l 8503 8500
l 8521 8509
l 8541 8535
l 8555 8562
l 8611 8608
l 8628 8618
l 8718 8715
l 8738 8734
l 8755 8750
l 8820 8825
l 8865 8859
l 8878 8884
l 8986 8992
l 9012 9007
l 9019 9031
l 9043 9039
l 9061 9050
l 9079 9074
l 9120 9115
l 9126 9138
l 9145 9148
l 9188 9182
l 9202 9209
l 9227 9222
l 9295 9290
l 9363 9359
l 9379 9385
l 9419 9426
l 9435 9442
l 9477 9484
l 9505 9500
l 9535 9545
l 9571 9581
l 9589 9586
l 9729 9724
l 9750 9746
l 9767 9763
l 9791 9787
l 9848 9843
l 9870 9866
l 9923 9919
l 9943 9946
l 9955 9954
l 10025 10019
l 10040 10045
l 10080 10085
l 10105 10100
l 10119 10125
l 10159 10164
l 10177 10185
l 10259 10197
l 10207 10205
l 10261 10207
l 10355 10361
l 10381 10376
l 10398 10394
l 10435 10440
l 10443 10446
l 10454 10476
l 10443 10485
l 10498 10495
l 10493 10507
l 10559 10575
l 10604 10580
l 10591 10588
l 10628 10630
l 10641 10639
l 10651 10634
l 10709 10703
l 10749 10743
l 10762 10769
l 10802 10809
l 10843 10847
l 10860 10869
l 10886 10881
l 10898 10891
l 10900 10939
l 10945 10898
l 10985 10979
l 11025 11019
l 11065 11059
l 11083 11080
l 11096 11105
l 11119 11124
l 11138 11142
l 11148 11152
l 11163 11146
l 11234 11241
l 11261 11253
l 11301 11295
l 11341 11333
l 55 61
l 137 132
l 147 153
l 163 160
l 201 211
l 228 226
l 246 240
l 271 278
l 295 293
l 336 334
l 352 347
l 360 367
l 379 376
l 442 440
l 460 455
l 467 475
l 486 494
l 513 511
l 525 535
l 553 551
l 569 564
l 579 583
l 595 591
l 620 618
l 633 643
l 659 657
l 677 671
l 727 725
l 768 766
l 811 807
l 836 834
l 849 859
l 895 888
l 918 915
l 999 994
l 1026 1033
l 1090 1088
l 1135 1131
l 1159 1157
l 1218 1213
l 1226 1232
l 1244 1240
l 1281 1291
l 1309 1307
l 1327 1321
l 1459 1455
l 1476 1481
l 1567 1573
l 1584 1588
l 1641 1651
l 1691 1696
l 1737 1735
l 1772 1761
l 1782 1790
l 1817 1827
l 1857 1867
l 1880 1869
l 1905 1913
l 1925 1935
l 1953 1951
l 1999 1995
l 2014 2020
l 2058 2056
l 2098 2085
l 2122 2127
l 2141 2151
l 2168 2166
l 2217 2212
l 2228 2237
l 2249 2259
l 2323 2319
l 2335 2343
l 2382 2380
l 2397 2407
l 2421 2409
l 2430 2427
l 2445 2452
l 2465 2475
l 2491 2489
l 2552 2560
l 2573 2583
l 2613 2623
l 2671 2683
l 2759 2754
l 2774 2770
l 2827 2821
l 2880 2877
l 2887 2898
l 2949 2955
l 3017 3014
l 3043 3037
l 3055 3062
l 3083 3077
l 3095 3092
l 3103 3115
l 3124 3132
l 3150 3145
l 3206 3202
l 3231 3240
l 3259 3254
l 3273 3279
l 3298 3292
l 3313 3310
l 3367 3362
l 3381 3387
l 3406 3400
l 3419 3415
l 3450 3446
l 3487 3494
l 3529 3524
l 3556 3564
l 3582 3576
l 3596 3602
l 3638 3634
l 3646 3654
l 3665 3672
l 3690 3684
l 3704 3710
l 3745 3741
l 3751 3762
l 3774 3771
l 3855 3851
l 3882 3877
l 3920 3927
l 3946 3941
l 3989 3985
l 4015 4021
l 4040 4038
l 4053 4063
l 4107 4113
l 4147 4145
l 4161 4171
l 4215 4219
l 4231 4238
l 4269 4279
l 4295 4293
l 4313 4307
l 4323 4328
l 4377 4387
l 4421 4416
l 4430 4435
l 4510 4508
l 4528 4523
l 4555 4562
l 4635 4630
l 4648 4652
l 4664 4670
l 4687 4685
l 4742 4738
l 4756 4761
l 4795 4793
l 4809 4819
l 4863 4868
l 4944 4942
l 4968 4976
l 4988 4983
l 5011 5009
l 5095 5092
l 5119 5117
l 5159 5157
l 5185 5192
l 5204 5199
l 5228 5226
l 5268 5266
l 5311 5303
l 5326 5322
l 5339 5347
l 5360 5366
l 5386 5381
l 5400 5407
l 5432 5440
l 5528 5520
l 5541 5548
l 5555 5563
l 5576 5582
l 5602 5596
l 5615 5622
l 5650 5645
l 5724 5730
l 5743 5736
l 5791 5798
l 5819 5813
l 5832 5839
l 5865 5861
l 5879 5887
l 5900 5907
l 5927 5922
l 5961 5952
l 5983 5995
l 6048 6054
l 6068 6060
l 6082 6079
l 6091 6102
l 6156 6163
l 6175 6168
l 6190 6185
l 6203 6210
l 6250 6245
l 6284 6277
l 6298 6293
l 6308 6319
l 6359 6353
l 6392 6384
l 6404 6412
l 6418 6427
l 6439 6446
l 6467 6462
l 6514 6511
l 6527 6535
l 6575 6569
l 6588 6595
l 6610 6601
l 6637 6625
l 6707 6705
l 6721 6731
l 6756 6751
l 6829 6839
l 6855 6841
l 6862 6869
l 6878 6884
l 6924 6922
l 6971 6967
l 7069 7057
l 7078 7075
l 7095 7100
l 7113 7123
l 7153 7163
l 7186 7193
l 7221 7231
l 7297 7292
l 7329 7339
l 7369 7379
l 7393 7381
l 7477 7487
l 7524 7532
l 7545 7555
l 7570 7568
l 7585 7595
l 7636 7641
l 7653 7663
l 7727 7724
l 7761 7771
l 7788 7786
l 7801 7811
l 7933 7921
l 7946 7941
l 7974 7971
l 8039 8037
l 8057 8050
l 8106 8104
l 8165 8159
l 8255 8253
l 8299 8305
l 8363 8361
l 8382 8376
l 8405 8413
l 8472 8470
l 8489 8482
l 8516 8522
l 8540 8538
l 8596 8591
l 8622 8629
l 8648 8646
l 8661 8671
l 8706 8700
l 8754 8752
l 8797 8795
l 8814 8808
l 8820 8828
l 8864 8862
l 8877 8887
l 8905 8903
l 8922 8916
l 8932 8937
l 8971 8969
l 8985 8995
l 9011 9009
l 9029 9022
l 9119 9117
l 9135 9130
l 9145 9152
l 9187 9185
l 9201 9211
l 9226 9224
l 9255 9260
l 9309 9319
l 9404 9402
l 9441 9429
l 9449 9456
l 9473 9470
l 9610 9605
l 9644 9649
l 9662 9671
l 9684 9689
l 9803 9808
l 9822 9831
l 9884 9889
l 9943 9940
l 9949 9967
l 9955 9958
l 9943 10004
l 10037 10043
l 10077 10083
l 10103 10098
l 10117 10123
l 10137 10145
l 10181 10178
l 10259 10200
l 10207 10209
l 10271 10280
l 10297 10292
l 10311 10320
l 10337 10332
l 10352 10359
l 10379 10374
l 10416 10413
l 10484 10449
l 10528 10498
l 10538 10545
l 10565 10562
l 10628 10624
l 10641 10643
l 10628 10688
l 10786 10781
l 10821 10829
l 10865 10861
l 10886 10884
l 10898 10894
l 10889 10905
l 10957 10964
l 11022 11017
l 11062 11057
l 11075 11084
l 11138 11136
l 11148 11155
l 11138 11200
l 11272 11280
l 11299 11293
l 11313 11320
l 11360 11355
l 11377 11373
l 27 32
l 48 38
l 50 58
l 101 99
l 156 150
l 157 168
l 182 192
l 206 204
l 222 232
l 245 248
l 264 257
l 277 274
l 290 300
l 317 315
l 350 355
l 374 384
l 398 408
l 459 462
l 480 470
l 482 490
l 506 516
l 531 529
l 546 556
l 568 572
l 601 598
l 654 664
l 676 679
l 698 707
l 722 732
l 748 746
l 762 772
l 782 787
l 817 814
l 870 880
l 912 901
l 938 948
l 964 962
l 998 1003
l 1020 1013
l 1108 1111
l 1128 1121
l 1142 1139
l 1179 1177
l 1194 1204
l 1216 1219
l 1237 1248
l 1262 1272
l 1287 1285
l 1302 1312
l 1326 1328
l 1376 1369
l 1406 1416
l 1442 1452
l 1466 1463
l 1484 1479
l 1501 1499
l 1540 1538
l 1550 1560
l 1561 1570
l 1647 1645
l 1670 1679
l 1730 1740
l 1756 1754
l 1764 1776
l 1778 1786
l 1838 1848
l 1863 1861
l 1873 1884
l 1916 1908
l 1946 1956
l 1973 1971
l 2006 2003
l 2024 2017
l 2041 2039
l 2081 2079
l 2090 2100
l 2147 2145
l 2209 2220
l 2240 2234
l 2256 2254
l 2270 2280
l 2306 2316
l 2348 2338
l 2413 2424
l 2456 2447
l 2511 2509
l 2522 2532
l 2534 2544
l 2564 2558
l 2594 2604
l 2630 2640
l 2654 2668
l 2673 2676
l 2715 2710
l 2825 2819
l 2839 2846
l 2863 2858
l 2871 2881
l 2914 2901
l 2947 2953
l 2972 2967
l 2995 2999
l 3041 3035
l 3081 3075
l 3086 3097
l 3112 3108
l 3129 3125
l 3211 3215
l 3236 3232
l 3271 3277
l 3296 3290
l 3320 3324
l 3345 3333
l 3379 3385
l 3404 3398
l 3410 3421
l 3434 3430
l 3472 3467
l 3511 3506
l 3542 3539
l 3561 3557
l 3580 3574
l 3594 3600
l 3620 3615
l 3669 3666
l 3688 3682
l 3702 3708
l 3728 3723
l 3735 3746
l 3778 3765
l 3886 3883
l 3988 3992
l 4008 3998
l 4010 4018
l 4034 4044
l 4098 4099
l 4116 4110
l 4129 4126
l 4225 4235
l 4250 4260
l 4276 4274
l 4290 4300
l 4312 4316
l 4332 4326
l 4383 4381
l 4398 4408
l 4420 4424
l 4440 4433
l 4466 4476
l 4527 4532
l 4548 4541
l 4600 4598
l 4614 4624
l 4633 4639
l 4658 4667
l 4707 4705
l 4722 4732
l 4741 4747
l 4764 4759
l 4778 4775
l 4830 4840
l 4852 4855
l 4873 4884
l 4898 4908
l 4924 4922
l 4938 4948
l 4959 4963
l 4980 4970
l 4994 4991
l 5006 5016
l 5032 5030
l 5046 5056
l 5068 5072
l 5088 5077
l 5089 5099
l 5139 5137
l 5174 5179
l 5196 5187
l 5222 5232
l 5262 5272
l 5306 5315
l 5336 5340
l 5358 5364
l 5417 5423
l 5451 5447
l 5492 5487
l 5524 5531
l 5560 5556
l 5574 5580
l 5600 5594
l 5632 5638
l 5661 5665
l 5683 5690
l 5707 5702
l 5722 5728
l 5762 5750
l 5774 5771
l 5817 5811
l 5848 5853
l 5884 5880
l 5939 5946
l 5978 5974
l 6006 6013
l 6046 6052
l 6063 6070
l 6086 6083
l 6092 6096
l 6139 6134
l 6171 6177
l 6194 6191
l 6199 6204
l 6222 6229
l 6263 6270
l 6280 6286
l 6302 6299
l 6316 6312
l 6357 6351
l 6388 6393
l 6408 6397
l 6479 6486
l 6497 6504
l 6532 6528
l 6546 6553
l 6573 6567
l 6606 6611
l 6630 6640
l 6702 6712
l 6728 6726
l 6780 6770
l 6796 6794
l 6834 6832
l 6846 6856
l 6868 6865
l 6903 6901
l 6918 6928
l 6944 6942
l 6955 6964
l 6996 6989
l 7012 7010
l 7026 7036
l 7061 7072
l 7085 7081
l 7104 7098
l 7181 7189
l 7212 7205
l 7290 7300
l 7320 7310
l 7336 7334
l 7385 7396
l 7410 7407
l 7428 7418
l 7444 7442
l 7506 7516
l 7536 7529
l 7551 7549
l 7592 7590
l 7602 7612
l 7625 7621
l 7644 7639
l 7700 7698
l 7710 7720
l 7721 7732
l 7752 7741
l 7766 7764
l 7841 7838
l 7876 7874
l 7890 7900
l 7917 7915
l 7925 7936
l 7944 7951
l 7968 7959
l 7981 7977
l 7994 8004
l 8077 8088
l 8142 8152
l 8163 8168
l 8237 8235
l 8272 8276
l 8292 8286
l 8294 8302
l 8318 8328
l 8344 8342
l 8358 8368
l 8452 8450
l 8486 8491
l 8509 8519
l 8534 8544
l 8574 8584
l 8594 8599
l 8618 8626
l 8666 8664
l 8682 8692
l 8775 8773
l 8790 8800
l 8832 8823
l 8845 8842
l 8858 8868
l 8898 8908
l 8940 8935
l 8953 8950
l 8991 8989
l 9006 9016
l 9048 9041
l 9050 9059
l 9114 9124
l 9134 9139
l 9156 9150
l 9169 9165
l 9264 9258
l 9278 9275
l 9351 9349
l 9384 9382
l 9433 9444
l 9445 9453
l 9463 9474
l 9485 9482
l 9503 9491
l 9588 9583
l 9608 9613
l 9653 9642
l 9670 9666
l 9693 9687
l 9710 9706
l 9733 9726
l 9773 9765
l 9830 9826
l 9853 9845
l 9893 9887
l 9955 9952
l 10022 10016
l 10062 10057
l 10141 10138
l 10174 10182
l 10259 10195
l 10259 10203
l 10207 10212
l 10272 10271
l 10395 10391
l 10410 10417
l 10484 10452
l 10542 10531
l 10556 10582
l 10589 10586
l 10628 10627
l 10641 10637
l 10706 10700
l 10719 10727
l 10747 10744
l 10759 10766
l 10800 10806
l 10840 10848
l 10886 10879
l 10898 10897
l 10982 10976
l 11035 11043
l 11138 11140
l 11148 11150
l 11218 11213
l 11232 11238
l 11370 11378
l 41 38
l 103 98
l 160 171
l 225 231
l 292 299
l 319 314
l 365 372
l 376 387
l 439 446
l 461 453
l 473 470
l 534 528
l 581 588
l 591 602
l 642 636
l 656 663
l 678 669
l 688 696
l 704 710
l 724 731
l 751 745
l 765 771
l 783 776
l 796 804
l 807 818
l 896 885
l 904 901
l 915 927
l 979 986
l 1047 1054
l 1075 1069
l 1087 1094
l 1131 1143
l 1156 1162
l 1230 1236
l 1240 1251
l 1265 1271
l 1343 1338
l 1350 1359
l 1409 1415
l 1448 1445
l 1455 1467
l 1503 1498
l 1586 1592
l 1611 1606
l 1650 1644
l 1675 1682
l 1693 1700
l 1719 1713
l 1800 1808
l 1841 1847
l 1866 1860
l 1878 1876
l 1891 1899
l 1911 1908
l 1975 1970
l 1995 2007
l 2043 2038
l 2055 2062
l 2083 2078
l 2096 2093
l 2107 2115
l 2124 2132
l 2191 2185
l 2208 2204
l 2212 2223
l 2258 2253
l 2313 2309
l 2319 2331
l 2341 2338
l 2379 2386
l 2406 2400
l 2427 2439
l 2450 2447
l 2474 2469
l 2530 2527
l 2539 2547
l 2636 2633
l 2673 2680
l 2689 2698
l 2729 2739
l 2772 2767
l 2782 2786
l 2824 2822
l 2862 2860
l 2879 2875
l 2891 2895
l 2971 2969
l 2990 2985
l 2995 3004
l 3015 3022
l 3040 3038
l 3053 3063
l 3148 3146
l 3161 3171
l 3187 3185
l 3204 3200
l 3211 3219
l 3229 3237
l 3257 3255
l 3295 3293
l 3320 3328
l 3338 3346
l 3403 3401
l 3417 3413
l 3447 3443
l 3471 3469
l 3485 3495
l 3510 3508
l 3528 3522
l 3554 3551
l 3593 3603
l 3637 3632
l 3647 3652
l 3662 3659
l 3687 3685
l 3701 3711
l 3727 3725
l 3744 3738
l 3755 3759
l 3772 3768
l 3854 3849
l 3862 3867
l 3903 3901
l 3944 3942
l 3961 3956
l 4002 3998
l 4062 4057
l 4075 4082
l 4123 4130
l 4144 4150
l 4170 4165
l 4184 4190
l 4204 4196
l 4217 4224
l 4252 4259
l 4278 4273
l 4292 4299
l 4338 4346
l 4359 4366
l 4401 4407
l 4448 4455
l 4495 4489
l 4507 4514
l 4529 4520
l 4575 4582
l 4634 4627
l 4650 4656
l 4684 4690
l 4725 4731
l 4743 4736
l 4771 4779
l 4853 4845
l 4865 4872
l 4880 4887
l 4927 4921
l 4941 4947
l 4960 4952
l 4973 4970
l 4983 4995
l 5008 5015
l 5048 5055
l 5069 5060
l 5081 5077
l 5092 5103
l 5116 5122
l 5156 5162
l 5175 5167
l 5190 5187
l 5199 5211
l 5251 5246
l 5265 5271
l 5312 5301
l 5336 5344
l 5357 5367
l 5384 5382
l 5422 5409
l 5430 5437
l 5491 5489
l 5505 5515
l 5530 5517
l 5573 5583
l 5599 5597
l 5613 5623
l 5637 5625
l 5661 5668
l 5721 5731
l 5756 5752
l 5789 5799
l 5987 5992
l 6005 6015
l 6045 6055
l 6080 6075
l 6092 6099
l 6113 6123
l 6138 6136
l 6199 6207
l 6221 6231
l 6329 6339
l 6356 6354
l 6369 6379
l 6402 6409
l 6419 6424
l 6437 6447
l 6465 6463
l 6502 6489
l 6512 6507
l 6545 6555
l 6636 6633
l 6646 6654
l 6664 6672
l 6691 6686
l 6704 6711
l 6730 6725
l 6745 6742
l 6751 6763
l 6774 6770
l 6799 6793
l 6853 6850
l 6882 6888
l 6961 6958
l 6967 6979
l 7055 7050
l 7075 7086
l 7136 7142
l 7162 7156
l 7178 7176
l 7271 7265
l 7292 7303
l 7313 7310
l 7338 7333
l 7352 7358
l 7392 7388
l 7403 7411
l 7421 7418
l 7447 7441
l 7512 7519
l 7554 7548
l 7567 7574
l 7594 7589
l 7607 7605
l 7618 7626
l 7662 7657
l 7675 7682
l 7717 7714
l 7724 7735
l 7744 7741
l 7827 7823
l 7835 7842
l 7851 7860
l 7879 7873
l 7919 7914
l 7945 7939
l 7962 7959
l 7971 7982
l 8023 8017
l 8067 8076
l 8084 8091
l 8103 8110
l 8131 8126
l 8145 8151
l 8164 8156
l 8176 8184
l 8191 8199
l 8239 8234
l 8252 8258
l 8273 8264
l 8360 8367
l 8392 8400
l 8455 8449
l 8487 8480
l 8501 8508
l 8563 8558
l 8577 8583
l 8595 8589
l 8609 8616
l 8716 8724
l 8730 8739
l 8751 8758
l 8826 8823
l 8838 8846
l 8946 8954
l 8968 8974
l 9008 9015
l 9027 9020
l 9055 9062
l 9075 9082
l 9103 9097
l 9116 9123
l 9162 9170
l 9210 9205
l 9223 9230
l 9271 9279
l 9291 9298
l 9318 9312
l 9332 9338
l 9360 9368
l 9427 9422
l 9440 9436
l 9472 9468
l 9496 9493
l 9521 9519
l 9560 9558
l 9609 9602
l 9646 9642
l 9703 9711
l 9743 9751
l 9783 9792
l 9805 9813
l 9863 9871
l 9916 9924
l 9943 9938
l 9943 9947
l 10020 10014
l 10034 10041
l 10060 10054
l 10074 10081
l 10114 10120
l 10134 10142
l 10259 10198
l 10207 10206
l 10294 10290
l 10312 10317
l 10330 10338
l 10443 10447
l 10486 10522
l 10498 10496
l 10564 10560
l 10598 10571
l 10628 10622
l 10628 10631
l 10641 10640
l 10704 10698
l 10783 10778
l 10798 10803
l 10818 10826
l 10844 10841
l 10866 10858
l 10886 10882
l 10898 10892
l 10954 10962
l 10980 10974
l 10995 11001
l 11076 11081
l 11101 11094
l 11120 11117
l 11138 11134
l 11138 11143
l 11148 11153
l 11216 11210
l 11230 11235
l 11250 11259
l 11296 11290
l 11310 11318
l 11330 11339
l 25 30
l 45 33
l 52 56
l 74 81
l 133 139
l 154 151
l 183 190
l 207 202
l 223 229
l 262 258
l 267 272
l 330 337
l 348 354
l 399 406
l 456 463
l 491 487
l 507 514
l 532 526
l 547 554
l 592 596
l 614 621
l 640 634
l 693 689
l 701 705
l 749 743
l 763 769
l 780 786
l 800 790
l 808 812
l 830 837
l 855 850
l 871 878
l 939 946
l 1018 1014
l 1024 1027
l 1073 1067
l 1133 1136
l 1154 1160
l 1180 1175
l 1214 1220
l 1233 1221
l 1242 1245
l 1263 1269
l 1303 1310
l 1356 1351
l 1373 1361
l 1392 1387
l 1407 1413
l 1457 1460
l 1482 1469
l 1565 1568
l 1589 1577
l 1648 1642
l 1655 1667
l 1697 1694
l 1717 1711
l 1731 1738
l 1762 1774
l 1787 1783
l 1805 1801
l 1823 1818
l 1839 1845
l 1864 1858
l 1870 1882
l 1914 1901
l 1947 1954
l 2021 2018
l 2128 2125
l 2162 2169
l 2189 2183
l 2213 2218
l 2238 2235
l 2271 2278
l 2296 2291
l 2303 2314
l 2328 2324
l 2404 2398
l 2436 2431
l 2453 2441
l 2512 2507
l 2519 2531
l 2595 2602
l 2627 2638
l 2684 2678
l 2697 2693
l 2735 2733
l 2750 2760
l 2771 2775
l 2806 2803
l 2818 2828
l 2845 2843
l 2878 2882
l 2901 2912
l 2926 2936
l 2952 2950
l 2966 2976
l 2989 2991
l 3008 3001
l 3021 3018
l 3034 3044
l 3058 3056
l 3074 3084
l 3093 3099
l 3116 3106
l 3203 3207
l 3224 3217
l 3250 3260
l 3311 3315
l 3332 3326
l 3333 3343
l 3358 3368
l 3384 3382
l 3416 3422
l 3440 3432
l 3454 3451
l 3466 3476
l 3614 3624
l 3707 3705
l 3722 3732
l 3742 3747
l 3765 3775
l 3790 3800
l 3816 3814
l 3872 3865
l 3960 3963
l 3986 3991
l 4006 3993
l 4013 4016
l 4095 4100
l 4114 4111
l 4119 4124
l 4142 4148
l 4182 4188
l 4200 4207
l 4343 4339
l 4399 4405
l 4443 4449
l 4467 4474
l 4493 4487
l 4524 4530
l 4545 4534
l 4552 4556
l 4631 4640
l 4653 4641
l 4661 4665
l 4682 4688
l 4708 4703
l 4723 4729
l 4739 4745
l 4762 4749
l 4815 4810
l 4831 4838
l 4849 4854
l 4869 4866
l 4925 4919
l 4939 4945
l 4977 4974
l 4985 4989
l 5065 5070
l 5086 5082
l 5100 5096
l 5114 5120
l 5140 5135
l 5154 5160
l 5193 5182
l 5200 5205
l 5263 5269
l 5304 5316
l 5330 5327
l 5348 5342
l 5363 5361
l 5403 5401
l 5414 5424
l 5436 5433
l 5456 5445
l 5472 5470
l 5486 5496
l 5511 5509
l 5521 5532
l 5545 5542
l 5564 5553
l 5654 5651
l 5672 5663
l 5689 5687
l 5727 5725
l 5737 5748
l 5750 5760
l 5794 5792
l 5810 5820
l 5835 5833
l 5846 5856
l 5870 5866
l 5888 5877
l 5918 5928
l 5945 5943
l 5953 5964
l 5996 5990
l 6026 6036
l 6051 6049
l 6061 6072
l 6119 6117
l 6159 6157
l 6169 6180
l 6269 6267
l 6278 6288
l 6320 6314
l 6335 6333
l 6350 6360
l 6385 6396
l 6397 6405
l 6428 6422
l 6442 6440
l 6458 6468
l 6518 6515
l 6536 6530
l 6552 6550
l 6566 6576
l 6591 6589
l 6668 6658
l 6735 6747
l 6753 6757
l 6778 6766
l 6797 6791
l 6810 6817
l 6835 6830
l 6859 6863
l 6885 6873
l 6904 6899
l 6976 6972
l 6993 6981
l 7058 7070
l 7082 7079
l 7119 7114
l 7134 7140
l 7160 7154
l 7190 7187
l 7227 7222
l 7242 7249
l 7269 7263
l 7294 7298
l 7318 7314
l 7350 7356
l 7425 7414
l 7445 7439
l 7458 7465
l 7483 7478
l 7508 7513
l 7533 7530
l 7552 7546
l 7599 7610
l 7622 7619
l 7642 7629
l 7767 7762
l 7782 7789
l 7807 7802
l 7831 7836
l 7856 7852
l 7877 7871
l 7891 7898
l 7942 7949
l 7966 7954
l 7978 7975
l 8021 8015
l 8072 8068
l 8143 8149
l 8160 8166
l 8181 8177
l 8210 8217
l 8250 8256
l 8269 8274
l 8290 8278
l 8297 8300
l 8397 8393
l 8410 8406
l 8426 8433
l 8453 8447
l 8466 8473
l 8505 8494
l 8512 8517
l 8575 8581
l 8592 8598
l 8613 8602
l 8642 8649
l 8667 8662
l 8683 8690
l 8736 8731
l 8776 8771
l 8791 8798
l 8809 8816
l 8899 8906
l 8917 8924
l 8938 8926
l 8966 8972
l 9023 9030
l 9045 9033
l 9101 9095
l 9166 9163
l 9242 9247
l 9316 9310
l 9330 9336
l 9365 9361
l 9398 9405
l 9430 9443
l 9454 9450
l 9471 9476
l 9491 9501
l 9515 9525
l 9541 9539
l 9577 9580
l 9606 9612
l 9650 9647
l 9667 9663
l 9707 9704
l 9731 9727
l 9748 9744
l 9789 9784
l 9809 9806
l 9827 9823
l 9850 9846
l 9868 9864
l 9921 9917
l 9943 9941
l 9955 9950
l 9959 9999
l 10005 9955
l 10059 10065
l 10157 10165
l 10179 10184
l 10259 10201
l 10207 10210
l 10254 10215
l 10281 10275
l 10293 10301
l 10321 10316
l 10333 10341
l 10401 10393
l 10414 10419
l 10433 10441
l 10484 10450
l 10488 10490
l 10500 10521
l 10488 10529
l 10531 10539
l 10563 10566
l 10573 10572
l 10604 10602
l 10628 10625
l 10641 10635
l 10644 10683
l 10689 10641
l 10729 10723
l 10782 10789
l 10825 10822
l 10886 10885
l 10898 10895
l 10965 10961
l 11005 10998
l 11045 11038
l 11085 11079
l 11099 11104
l 11116 11125
l 11138 11137
l 11148 11147
l 11156 11195
l 11201 11148
l 11215 11221
l 11258 11254
l 11281 11276
l 11321 11317
l 11338 11334
l 11352 11361
