# Blender 4.5.0
# www.blender.org
mtllib shop_010.lod2.mtl
o shop_010
v -4.980000 0.160000 -4.753012
v 4.979337 0.080016 -4.753012
v -4.979337 0.079984 -4.753012
v 4.980000 0.160000 4.390000
v -4.979337 0.080016 4.390000
v 4.979337 0.079984 4.390000
v -4.980000 0.080022 -4.752142
v -4.980000 0.079977 4.389130
v 4.980000 0.080023 4.389130
v 4.980000 0.079977 -4.752142
v -4.980000 0.160000 4.390000
v 4.980000 0.160000 -4.753012
v -4.980000 -0.000000 -4.753012
v 4.980000 -0.000000 -4.753012
v 4.980000 0.000000 4.390000
v -4.980000 0.000000 4.390000
v -4.700510 0.160000 -4.641512
v -4.700510 8.860000 4.278499
v -4.700510 0.160000 4.278500
v -0.076224 8.860000 4.278499
v -0.076224 8.860000 -4.641513
v -0.076224 0.160000 -4.641512
v -4.700510 8.860000 -4.641513
v -0.076224 0.160000 4.278500
v -4.776734 9.040000 -4.725138
v 0.000000 9.040000 -4.725138
v 0.000000 9.040000 4.362124
v -4.776734 9.040000 4.362124
v -4.776734 8.860000 4.362124
v -4.776734 8.860000 -4.725138
v 0.000000 8.860000 -4.725138
v 0.000000 8.860000 4.362124
v -3.522989 2.305992 -4.853363
v -3.048980 0.170000 -4.853363
v -4.166939 2.420000 -4.853363
v -3.692930 0.284007 -4.853363
v -3.630826 2.340000 -4.881238
v -4.166939 0.170000 -4.697262
v -3.048980 2.420000 -4.697262
v -4.166939 2.417828 -4.775538
v -4.166939 0.172171 -4.775086
v -3.048980 2.417828 -4.775086
v -3.048980 0.172171 -4.775538
v -4.166939 2.420000 -4.697262
v -3.053452 2.420000 -4.774375
v -4.162466 2.420000 -4.776249
v -3.048980 2.420000 -4.853363
v -3.053452 0.170000 -4.776249
v -4.162466 0.170000 -4.774375
v -3.048980 0.170000 -4.697262
v -3.585092 2.340000 -4.881238
v -3.125204 0.240000 -4.892387
v -4.090714 2.340000 -4.892387
v -3.125204 2.340000 -4.858938
v -3.585092 0.240000 -4.881238
v -4.090715 2.339893 -4.875665
v -4.090714 0.240000 -4.892387
v -4.090714 2.340000 -4.858938
v -4.090715 0.240107 -4.875660
v -3.125204 2.339893 -4.875660
v -3.125204 0.240000 -4.858938
v -3.125204 2.340000 -4.892387
v -3.125204 0.240107 -4.875665
v -3.125445 2.340000 -4.875650
v -4.090474 2.340000 -4.875675
v -3.125445 0.240000 -4.875675
v -4.090474 0.240000 -4.875650
v -3.607951 2.339759 -4.936988
v -3.585092 0.240000 -4.936987
v -3.630826 2.340000 -4.936987
v -3.607967 0.240241 -4.936988
v -3.607967 2.339759 -4.881238
v -3.630826 0.240000 -4.881238
v -3.607951 0.240241 -4.881238
v -3.630826 2.339702 -4.909124
v -3.630826 0.240297 -4.909101
v -3.585092 2.339702 -4.909101
v -3.585092 2.340000 -4.936987
v -3.585092 0.240297 -4.909124
v -3.599317 2.340000 -4.888260
v -3.616601 2.340000 -4.929965
v -3.599317 0.240000 -4.929965
v -3.630826 0.240000 -4.936987
v -3.616601 0.240000 -4.888260
v -3.729817 1.399238 -5.015038
v -3.712132 1.000000 -5.015038
v -3.747704 1.400000 -5.015038
v -3.730020 1.000761 -5.015038
v -3.730020 1.399238 -4.936988
v -3.747704 1.000000 -4.936987
v -3.712132 1.400000 -4.936987
v -3.729817 1.000761 -4.936988
v -3.747704 1.397006 -4.976889
v -3.747704 1.000000 -5.015038
v -3.747704 1.002993 -4.975137
v -3.712132 1.397006 -4.975137
v -3.712132 1.000000 -4.936987
v -3.712132 1.400000 -5.015038
v -3.712132 1.002993 -4.976889
v -3.727110 1.400000 -4.941095
v -3.747704 1.400000 -4.936987
v -3.732727 1.400000 -5.010930
v -3.727110 1.000000 -5.010930
v -3.732727 1.000000 -4.941095
v -3.485898 1.399238 -5.015038
v -3.468214 1.000000 -5.015038
v -3.503786 1.400000 -5.015038
v -3.486101 1.000761 -5.015038
v -3.486101 1.399238 -4.936988
v -3.503786 1.000000 -4.936987
v -3.468214 1.400000 -4.936987
v -3.485898 1.000761 -4.936988
v -3.503786 1.397006 -4.976889
v -3.503786 1.000000 -5.015038
v -3.503786 1.002993 -4.975137
v -3.468214 1.397006 -4.975137
v -3.468214 1.000000 -4.936987
v -3.468214 1.400000 -5.015038
v -3.468214 1.002993 -4.976889
v -3.483192 1.400000 -4.941095
v -3.503786 1.400000 -4.936987
v -3.488808 1.400000 -5.010930
v -3.483192 1.000000 -5.010930
v -3.488808 1.000000 -4.941095
v -2.789816 2.280000 -4.814338
v -0.767327 0.320000 -4.814338
v -2.789816 0.320000 -4.814338
v -2.789816 2.280000 -4.647087
v -2.789816 0.320000 -4.647087
v -0.767327 2.280000 -4.647087
v -2.789816 2.277142 -4.731078
v -2.789816 0.322857 -4.730346
v -0.767327 2.277142 -4.730346
v -0.767327 2.280000 -4.814338
v -0.767327 0.322857 -4.731078
v -0.770187 2.280000 -4.730358
v -2.786956 2.280000 -4.731067
v -0.770187 0.320000 -4.731067
v -2.786956 0.320000 -4.730358
v -0.767327 0.320000 -4.647087
v -2.718673 2.210000 -4.845000
v -0.838469 2.210000 -4.845000
v -0.838469 0.390000 -4.845000
v -0.838469 2.210000 -4.817125
v -2.718673 0.390000 -4.817125
v -2.718673 2.209914 -4.831064
v -2.718673 0.390000 -4.845000
v -2.718673 2.210000 -4.817125
v -2.718673 0.390085 -4.831060
v -0.838469 2.209914 -4.831060
v -0.838469 0.390000 -4.817125
v -0.838469 0.390085 -4.831064
v -0.838555 2.210000 -4.831060
v -2.718588 2.210000 -4.831064
v -0.838555 0.390000 -4.831064
v -2.718588 0.390000 -4.831060
v -2.718664 2.249732 -4.895175
v -2.695806 0.360000 -4.895175
v -2.741541 2.250000 -4.895175
v -2.718683 0.360267 -4.895175
v -2.718683 2.249732 -4.833850
v -2.741541 0.360000 -4.833850
v -2.695806 2.250000 -4.833850
v -2.718664 0.360267 -4.833850
v -2.741541 2.249600 -4.864532
v -2.741541 2.250000 -4.833850
v -2.741541 0.360400 -4.864493
v -2.695806 2.249600 -4.864493
v -2.695806 0.360000 -4.833850
v -2.695806 0.360400 -4.864532
v -2.711030 2.250000 -4.840683
v -2.695806 2.250000 -4.895175
v -2.726317 2.250000 -4.888342
v -2.711030 0.360000 -4.888342
v -2.741541 0.360000 -4.895175
v -2.726317 0.360000 -4.840683
v -1.778562 2.249732 -4.895175
v -1.755704 0.360000 -4.895175
v -1.801439 2.250000 -4.895175
v -1.778581 0.360267 -4.895175
v -1.778581 2.249732 -4.833850
v -1.801439 0.360000 -4.833850
v -1.755704 2.250000 -4.833850
v -1.778562 0.360267 -4.833850
v -1.801439 2.249600 -4.864532
v -1.801439 0.360400 -4.864493
v -1.755704 2.249600 -4.864493
v -1.755704 0.360000 -4.833850
v -1.755704 0.360400 -4.864532
v -1.770928 2.250000 -4.840683
v -1.755704 2.250000 -4.895175
v -1.801439 2.250000 -4.833850
v -1.786215 2.250000 -4.888342
v -1.770928 0.360000 -4.888342
v -1.801439 0.360000 -4.895175
v -1.786215 0.360000 -4.840683
v -0.838460 2.249732 -4.895175
v -0.815602 0.360000 -4.895175
v -0.861337 2.250000 -4.895175
v -0.838479 0.360267 -4.895175
v -0.838479 2.249732 -4.833850
v -0.861337 0.360000 -4.833850
v -0.815602 2.250000 -4.833850
v -0.838460 0.360267 -4.833850
v -0.861337 2.249600 -4.864532
v -0.861337 0.360000 -4.895175
v -0.861337 2.250000 -4.833850
v -0.861337 0.360400 -4.864493
v -0.815602 2.249600 -4.864493
v -0.815602 0.360400 -4.864532
v -0.830826 2.250000 -4.840683
v -0.815602 2.250000 -4.895175
v -0.846113 2.250000 -4.888342
v -0.830826 0.360000 -4.888342
v -0.815602 0.360000 -4.833850
v -0.846113 0.360000 -4.840683
v -2.835551 0.360000 -5.020613
v -0.722373 0.320044 -5.020613
v -2.834770 0.319955 -5.020613
v -0.721592 0.280000 -5.020613
v -0.721592 0.360000 -4.753012
v -2.834770 0.320044 -4.753012
v -0.722373 0.319955 -4.753012
v -2.835551 0.280000 -4.753012
v -2.835551 0.360000 -4.753012
v -2.835551 0.323077 -5.013751
v -2.835551 0.316923 -4.759874
v -0.721592 0.360000 -5.020613
v -0.721592 0.323077 -4.759874
v -0.721592 0.316923 -5.013751
v -0.721592 0.280000 -4.753012
v -4.497245 3.150000 -5.059638
v -0.279490 3.150000 -4.892387
v -4.497245 2.500000 -4.892387
v -4.497245 3.141678 -4.979225
v -4.497245 2.500000 -5.059638
v -4.497245 3.150000 -4.892387
v -4.497245 2.508321 -4.972801
v -0.279490 3.141678 -4.972801
v -0.279490 2.500000 -4.892387
v -0.279490 3.150000 -5.059638
v -0.279490 2.508321 -4.979225
v -0.280866 3.150000 -4.975931
v -4.495869 3.150000 -4.976095
v -0.280866 2.500000 -4.976095
v -4.495869 2.500000 -4.975931
v -4.466755 3.120000 -5.066328
v -0.309980 3.120000 -5.066328
v -4.466755 2.530000 -5.066328
v -0.309980 2.530000 -5.066328
v -4.675102 2.470000 -5.583688
v -0.102445 2.410031 -5.583689
v -4.674289 2.409967 -5.583689
v -0.101633 2.349999 -5.583688
v -0.101633 2.470000 -4.635937
v -4.674289 2.410032 -4.635938
v -0.102445 2.409968 -4.635938
v -4.675102 2.350000 -4.635937
v -4.675102 2.410883 -5.579035
v -4.675102 2.409116 -4.640590
v -0.101633 2.470000 -5.583688
v -0.101633 2.410883 -4.640590
v -0.101633 2.409116 -5.579035
v -4.675102 2.470000 -4.635937
v -0.279490 2.500000 -5.059638
v -4.675102 2.349999 -5.583688
v -0.101633 2.350000 -4.635937
v -4.238081 4.690000 -4.780888
v -2.774571 3.250000 -4.780888
v -2.774571 4.690000 -4.613637
v -4.238081 3.250000 -4.613637
v -4.238081 4.686125 -4.697937
v -4.238081 4.690000 -4.613637
v -4.238081 3.253875 -4.696587
v -2.774572 4.686125 -4.696587
v -2.774571 3.250000 -4.613637
v -2.774571 4.690000 -4.780888
v -2.774572 3.253875 -4.697937
v -2.778509 4.690000 -4.696587
v -4.234144 4.690000 -4.697937
v -2.778509 3.250000 -4.697937
v -4.234144 3.250000 -4.696587
v -4.166939 4.619999 -4.811551
v -2.845714 4.619999 -4.811551
v -2.845714 3.320000 -4.811551
v -2.845714 4.619999 -4.783675
v -4.166939 4.619999 -4.783675
v -2.845714 3.320000 -4.783675
v -4.166939 3.320000 -4.783675
v -4.166939 4.619879 -4.797617
v -4.166939 3.320000 -4.811551
v -4.166939 3.320120 -4.797609
v -2.845714 4.619879 -4.797609
v -2.845714 3.320120 -4.797617
v -2.845836 4.620000 -4.797609
v -4.166817 4.620000 -4.797617
v -2.845836 3.320000 -4.797617
v -4.166817 3.320000 -4.797609
v -4.166920 4.659630 -4.861726
v -4.144071 3.290000 -4.861726
v -4.189806 4.659999 -4.861726
v -4.166957 3.290369 -4.861726
v -4.166957 4.659630 -4.800401
v -4.189806 3.290000 -4.800400
v -4.144071 4.659999 -4.800400
v -4.166920 3.290369 -4.800401
v -4.189806 4.659448 -4.831100
v -4.189806 4.659999 -4.800400
v -4.189806 3.290551 -4.831026
v -4.144072 4.659448 -4.831026
v -4.144072 3.290551 -4.831100
v -4.159295 4.659999 -4.807233
v -4.144071 4.659999 -4.861726
v -4.174582 4.659999 -4.854893
v -4.159295 3.290000 -4.854893
v -4.144071 3.290000 -4.800400
v -4.189806 3.290000 -4.861726
v -4.174582 3.290000 -4.807233
v -3.506308 4.659630 -4.861726
v -3.483459 3.290000 -4.861726
v -3.529194 4.659999 -4.861726
v -3.506345 3.290369 -4.861726
v -3.506345 4.659630 -4.800401
v -3.529194 3.290000 -4.800400
v -3.483459 4.659999 -4.800400
v -3.506308 3.290369 -4.800401
v -3.529194 4.659448 -4.831100
v -3.529194 3.290551 -4.831026
v -3.483459 4.659448 -4.831026
v -3.483459 3.290000 -4.800400
v -3.483459 3.290551 -4.831100
v -3.498683 4.659999 -4.807233
v -3.483459 4.659999 -4.861726
v -3.529194 4.659999 -4.800400
v -3.513970 4.659999 -4.854893
v -3.498683 3.290000 -4.854893
v -3.529194 3.290000 -4.861726
v -3.513970 3.290000 -4.807233
v -2.845696 4.659630 -4.861726
v -2.822847 3.290000 -4.861726
v -2.868582 4.659999 -4.861726
v -2.845733 3.290369 -4.861726
v -2.845733 4.659630 -4.800401
v -2.868582 3.290000 -4.800400
v -2.822847 4.659999 -4.800400
v -2.845696 3.290369 -4.800401
v -2.868582 4.659448 -4.831100
v -2.868582 3.290000 -4.861726
v -2.868582 3.290551 -4.831026
v -2.822847 4.659448 -4.831026
v -2.822847 3.290000 -4.800400
v -2.822847 3.290551 -4.831100
v -2.838071 4.659999 -4.807233
v -2.822847 4.659999 -4.861726
v -2.868582 4.659999 -4.800400
v -2.853358 4.659999 -4.854893
v -2.838071 3.290000 -4.854893
v -2.853358 3.290000 -4.807233
v -4.283816 3.290000 -4.987163
v -2.729897 3.250082 -4.987163
v -4.282755 3.249918 -4.987163
v -2.728837 3.210000 -4.987163
v -2.728837 3.290000 -4.719563
v -4.282755 3.250082 -4.719563
v -2.729897 3.249918 -4.719563
v -4.283816 3.210000 -4.719563
v -4.283816 3.253077 -4.980301
v -4.283816 3.246923 -4.726425
v -2.728837 3.253077 -4.726425
v -2.728837 3.246923 -4.980301
v -4.283816 3.290000 -4.719563
v -2.728837 3.290000 -4.987163
v -4.283816 3.210000 -4.987163
v -4.238081 3.250000 -4.780888
v -2.728837 3.210000 -4.719563
v -2.002163 4.690000 -4.780888
v -0.538653 4.690000 -4.613637
v -2.002163 3.250000 -4.613637
v -2.002163 4.686125 -4.697937
v -2.002163 4.690000 -4.613637
v -2.002163 3.253875 -4.696587
v -0.538653 4.686125 -4.696587
v -0.538653 3.250000 -4.613637
v -0.538653 4.690000 -4.780888
v -0.538653 3.253875 -4.697937
v -0.542591 4.690000 -4.696587
v -1.998225 4.690000 -4.697937
v -0.542591 3.250000 -4.697937
v -1.998225 3.250000 -4.696587
v -1.931020 4.619999 -4.811551
v -0.609796 3.320000 -4.811551
v -0.609796 4.619999 -4.783675
v -0.904531 3.300000 -4.842213
v -1.931020 4.619879 -4.797617
v -1.931020 3.320000 -4.811551
v -1.931020 3.320120 -4.797609
v -0.609796 4.619879 -4.797609
v -0.609796 4.619999 -4.811551
v -0.609796 3.320120 -4.797617
v -1.931020 4.619999 -4.783675
v -0.609918 4.620000 -4.797609
v -1.930898 4.620000 -4.797617
v -0.609918 3.320000 -4.797617
v -1.930898 3.320000 -4.797609
v -0.609796 3.320000 -4.783675
v -1.931002 4.659630 -4.861726
v -1.908153 3.290000 -4.861726
v -1.953888 4.659999 -4.861726
v -1.931039 3.290369 -4.861726
v -1.931039 4.659630 -4.800401
v -1.953888 3.290000 -4.800400
v -1.908153 4.659999 -4.800400
v -1.931002 3.290369 -4.800401
v -1.953888 4.659448 -4.831100
v -1.953888 3.290551 -4.831026
v -1.908153 4.659448 -4.831026
v -1.908153 3.290551 -4.831100
v -1.923377 4.659999 -4.807233
v -1.908153 4.659999 -4.861726
v -1.953888 4.659999 -4.800400
v -1.938664 4.659999 -4.854893
v -1.923377 3.290000 -4.854893
v -1.908153 3.290000 -4.800400
v -1.953888 3.290000 -4.861726
v -1.938664 3.290000 -4.807233
v -1.270390 4.659630 -4.861726
v -1.247541 3.290000 -4.861726
v -1.293275 4.659999 -4.861726
v -1.270427 3.290369 -4.861726
v -1.270427 4.659630 -4.800401
v -1.293275 3.290000 -4.800400
v -1.247541 4.659999 -4.800400
v -1.270390 3.290369 -4.800401
v -1.293275 4.659448 -4.831100
v -1.293275 3.290000 -4.861726
v -1.293275 3.290551 -4.831026
v -1.247541 4.659448 -4.831026
v -1.247541 3.290000 -4.800400
v -1.247541 3.290551 -4.831100
v -1.262765 4.659999 -4.807233
v -1.247541 4.659999 -4.861726
v -1.293275 4.659999 -4.800400
v -1.278051 4.659999 -4.854893
v -1.262765 3.290000 -4.854893
v -1.278051 3.290000 -4.807233
v -0.609777 4.659630 -4.861726
v -0.586929 3.290000 -4.861726
v -0.632663 4.659999 -4.861726
v -0.609814 3.290369 -4.861726
v -0.609814 4.659630 -4.800401
v -0.632663 3.290000 -4.800400
v -0.586929 4.659999 -4.800400
v -0.609777 3.290369 -4.800401
v -0.632663 4.659448 -4.831100
v -0.632663 3.290551 -4.831026
v -0.586929 4.659448 -4.831026
v -0.586929 4.659999 -4.861726
v -0.586929 3.290551 -4.831100
v -0.602153 4.659999 -4.807233
v -0.632663 4.659999 -4.800400
v -0.617439 4.659999 -4.854893
v -0.602153 3.290000 -4.854893
v -0.586929 3.290000 -4.800400
v -0.632663 3.290000 -4.861726
v -0.617439 3.290000 -4.807233
v -2.047898 3.290000 -4.987163
v -0.493979 3.250082 -4.987163
v -2.046837 3.249918 -4.987163
v -0.492918 3.210000 -4.987163
v -0.492918 3.290000 -4.719563
v -2.046837 3.250082 -4.719563
v -0.493979 3.249918 -4.719563
v -2.047898 3.210000 -4.719563
v -2.047898 3.290000 -4.719563
v -2.047898 3.253077 -4.980301
v -2.047898 3.246923 -4.726425
v -0.492918 3.253077 -4.726425
v -0.492918 3.246923 -4.980301
v -0.538653 3.250000 -4.780888
v -2.047898 3.210000 -4.987163
v -2.002163 3.250000 -4.780888
v -0.492918 3.210000 -4.719563
v -4.238081 7.489999 -4.780888
v -4.166939 6.119999 -4.783675
v -2.774571 7.489999 -4.613637
v -4.238081 6.050000 -4.613637
v -4.238081 7.486125 -4.697937
v -4.238081 7.489999 -4.613637
v -4.238081 6.053874 -4.696588
v -2.774572 7.486125 -4.696588
v -2.774571 7.489999 -4.780888
v -2.774572 6.053874 -4.697937
v -2.778509 7.489999 -4.696588
v -4.234144 7.489999 -4.697937
v -4.238081 6.050000 -4.780888
v -2.778509 6.050000 -4.697937
v -4.234144 6.050000 -4.696588
v -2.774571 6.050000 -4.613637
v -3.483459 7.460000 -4.800400
v -2.845714 6.119999 -4.811551
v -2.845714 7.420000 -4.783675
v -4.166939 7.419879 -4.797617
v -4.166939 7.420000 -4.783675
v -4.166939 6.120120 -4.797609
v -2.845714 7.419879 -4.797609
v -2.845714 6.119999 -4.783675
v -2.845714 6.120120 -4.797617
v -2.845836 7.420000 -4.797609
v -4.166817 7.420000 -4.797617
v -2.845714 7.420000 -4.811551
v -4.166939 6.119999 -4.811551
v -2.845836 6.120000 -4.797617
v -4.166817 6.120000 -4.797609
v -4.166920 7.459630 -4.861726
v -4.144071 6.090000 -4.861726
v -4.189806 7.460000 -4.861726
v -4.166957 6.090369 -4.861726
v -4.166957 7.459630 -4.800401
v -4.189806 6.090000 -4.800400
v -4.144071 7.460000 -4.800400
v -4.166920 6.090369 -4.800401
v -4.189806 7.459448 -4.831100
v -4.189806 6.090000 -4.861726
v -4.189806 6.090551 -4.831026
v -4.144072 7.459448 -4.831026
v -4.144071 7.460000 -4.861726
v -4.144072 6.090551 -4.831100
v -4.159295 7.460000 -4.807233
v -4.189806 7.460000 -4.800400
v -4.174582 7.460000 -4.854893
v -4.159295 6.090000 -4.854893
v -4.144071 6.090000 -4.800400
v -4.174582 6.090000 -4.807233
v -3.506308 7.459630 -4.861726
v -3.483459 6.090000 -4.861726
v -3.529194 7.460000 -4.861726
v -3.506345 6.090369 -4.861726
v -3.506345 7.459630 -4.800401
v -3.529194 6.090000 -4.800400
v -3.506308 6.090369 -4.800401
v -3.529194 7.459448 -4.831100
v -3.529194 6.090000 -4.861726
v -3.529194 6.090551 -4.831026
v -3.483459 7.459448 -4.831026
v -3.483459 6.090551 -4.831100
v -3.498683 7.460000 -4.807233
v -3.483459 7.460000 -4.861726
v -3.529194 7.460000 -4.800400
v -3.513970 7.460000 -4.854893
v -3.498683 6.090000 -4.854893
v -3.483459 6.090000 -4.800400
v -3.513970 6.090000 -4.807233
v -2.845696 7.459630 -4.861726
v -2.822847 6.090000 -4.861726
v -2.868582 7.460000 -4.861726
v -2.845733 6.090369 -4.861726
v -2.845733 7.459630 -4.800401
v -2.868582 6.090000 -4.800400
v -2.822847 7.460000 -4.800400
v -2.845696 6.090369 -4.800401
v -2.868582 7.459448 -4.831100
v -2.868582 6.090000 -4.861726
v -2.868582 7.460000 -4.800400
v -2.868582 6.090551 -4.831026
v -2.822847 7.459448 -4.831026
v -2.822847 6.090000 -4.800400
v -2.822847 6.090551 -4.831100
v -2.838071 7.460000 -4.807233
v -2.822847 7.460000 -4.861726
v -2.853358 7.460000 -4.854893
v -2.838071 6.090000 -4.854893
v -2.853358 6.090000 -4.807233
v -4.283816 6.090000 -4.987163
v -2.729897 6.050082 -4.987163
v -4.282755 6.049918 -4.987163
v -2.728837 6.010000 -4.987163
v -2.728837 6.090000 -4.719563
v -4.282755 6.050082 -4.719563
v -2.729897 6.049918 -4.719563
v -4.283816 6.010000 -4.719563
v -4.283816 6.090000 -4.719563
v -4.283816 6.053077 -4.980301
v -4.283816 6.046923 -4.726425
v -4.283816 6.010000 -4.987163
v -2.728837 6.090000 -4.987163
v -2.728837 6.053077 -4.726425
v -2.728837 6.046923 -4.980301
v -2.774571 6.050000 -4.780888
v -2.728837 6.010000 -4.719563
v -2.002163 7.489999 -4.780888
v -0.538653 7.489999 -4.613637
v -2.002163 6.050000 -4.613637
v -2.002163 7.486125 -4.697937
v -2.002163 6.053874 -4.696588
v -0.538653 7.486125 -4.696588
v -0.538653 7.489999 -4.780888
v -0.538653 6.053874 -4.697937
v -2.002163 7.489999 -4.613637
v -0.542591 7.489999 -4.696588
v -1.998225 7.489999 -4.697937
v -0.542591 6.050000 -4.697937
v -1.998225 6.050000 -4.696588
v -0.538653 6.050000 -4.613637
v -0.609796 6.119999 -4.811551
v -1.931020 7.420000 -4.811551
v -1.293275 6.090000 -4.800400
v -1.931020 6.119999 -4.783675
v -0.609796 7.420000 -4.783675
v -1.247541 6.090000 -4.800400
v -1.931020 7.419879 -4.797617
v -1.931020 6.120120 -4.797609
v -0.609796 7.419879 -4.797609
v -0.609796 6.119999 -4.783675
v -0.609796 6.120120 -4.797617
v -1.931020 7.420000 -4.783675
v -0.609918 7.420000 -4.797609
v -1.930898 7.420000 -4.797617
v -0.609796 7.420000 -4.811551
v -1.931020 6.119999 -4.811551
v -0.609918 6.120000 -4.797617
v -1.930898 6.120000 -4.797609
v -1.931002 7.459630 -4.861726
v -1.908153 6.090000 -4.861726
v -1.953888 7.460000 -4.861726
v -1.931039 6.090369 -4.861726
v -1.931039 7.459630 -4.800401
v -1.953888 6.090000 -4.800400
v -1.908153 7.460000 -4.800400
v -1.931002 6.090369 -4.800401
v -1.953888 7.459448 -4.831100
v -1.953888 6.090000 -4.861726
v -1.953888 7.460000 -4.800400
v -1.953888 6.090551 -4.831026
v -1.908153 7.459448 -4.831026
v -1.908153 7.460000 -4.861726
v -1.908153 6.090551 -4.831100
v -1.923377 7.460000 -4.807233
v -1.938664 7.460000 -4.854893
v -1.923377 6.090000 -4.854893
v -1.908153 6.090000 -4.800400
v -1.938664 6.090000 -4.807233
v -1.270390 7.459630 -4.861726
v -1.247541 6.090000 -4.861726
v -1.293275 7.460000 -4.861726
v -1.270427 6.090369 -4.861726
v -1.270427 7.459630 -4.800401
v -1.247541 7.460000 -4.800400
v -1.270390 6.090369 -4.800401
v -1.293275 7.459448 -4.831100
v -1.293275 6.090000 -4.861726
v -1.293275 6.090551 -4.831026
v -1.247541 7.459448 -4.831026
v -1.247541 6.090551 -4.831100
v -1.262765 7.460000 -4.807233
v -1.247541 7.460000 -4.861726
v -1.293275 7.460000 -4.800400
v -1.278051 7.460000 -4.854893
v -1.262765 6.090000 -4.854893
v -1.278051 6.090000 -4.807233
v -0.609777 7.459630 -4.861726
v -0.586929 6.090000 -4.861726
v -0.632663 7.460000 -4.861726
v -0.609814 6.090369 -4.861726
v -0.609814 7.459630 -4.800401
v -0.632663 6.090000 -4.800400
v -0.586929 7.460000 -4.800400
v -0.609777 6.090369 -4.800401
v -0.632663 7.459448 -4.831100
v -0.632663 6.090000 -4.861726
v -0.632663 7.460000 -4.800400
v -0.632663 6.090551 -4.831026
v -0.586929 7.459448 -4.831026
v -0.586929 6.090551 -4.831100
v -0.602153 7.460000 -4.807233
v -0.586929 7.460000 -4.861726
v -0.617439 7.460000 -4.854893
v -0.602153 6.090000 -4.854893
v -0.586929 6.090000 -4.800400
v -0.617439 6.090000 -4.807233
v -2.047898 6.090000 -4.987163
v -0.493979 6.050082 -4.987163
v -2.046837 6.049918 -4.987163
v -0.492918 6.010000 -4.987163
v -0.492918 6.090000 -4.719563
v -2.046837 6.050082 -4.719563
v -0.493979 6.049918 -4.719563
v -2.047898 6.010000 -4.719563
v -2.047898 6.053077 -4.980301
v -2.047898 6.046923 -4.726425
v -0.492918 6.053077 -4.726425
v -0.492918 6.046923 -4.980301
v -0.492918 6.010000 -4.719563
v -2.047898 6.090000 -4.719563
v -0.492918 6.090000 -4.987163
v -2.047898 6.010000 -4.987163
v -0.538653 6.050000 -4.780888
v -2.002163 6.050000 -4.780888
v -0.243918 5.520000 -5.026188
v -0.213429 3.300000 -5.020613
v -0.904531 5.550000 -5.020613
v -0.492918 3.290000 -4.987163
v -0.904531 5.550000 -4.842213
v -0.213429 5.550000 -4.842213
v -0.536826 3.348083 -4.842213
v -0.904531 5.547166 -4.931750
v -0.904531 3.302833 -4.931076
v -0.213429 5.547166 -4.931076
v -0.213429 3.302833 -4.931750
v -0.222613 5.550000 -4.927857
v -0.895346 5.550000 -4.934969
v -0.213429 5.550000 -5.020613
v -0.904531 3.300000 -5.020613
v -0.222613 3.300000 -4.934969
v -0.895347 3.300000 -4.927857
v -0.213429 3.300000 -4.842213
v -0.243918 3.330000 -5.026188
v -0.874041 5.520000 -5.026188
v -4.177102 2.150000 -5.012250
v -4.177102 1.750000 -5.012250
v -3.038816 1.750000 -5.012250
v -3.038816 2.150000 -4.984375
v -4.177102 1.750000 -4.984375
v -4.177102 2.149610 -4.998353
v -4.177102 1.750389 -4.998272
v -3.038816 2.149610 -4.998272
v -3.038816 2.150000 -5.012250
v -3.038816 1.750389 -4.998353
v -4.177102 2.150000 -4.984375
v -3.038958 2.150000 -4.998307
v -4.176960 2.150000 -4.998318
v -3.038958 1.750000 -4.998318
v -4.176960 1.750000 -4.998307
v -3.038816 1.750000 -4.984375
v -2.957510 2.150000 -5.012250
v -2.957510 1.750000 -5.012250
v -1.819224 1.750000 -5.012250
v -1.819224 2.150000 -4.984375
v -1.819224 1.750000 -4.984375
v -2.957510 1.750000 -4.984375
v -2.957510 2.149610 -4.998353
v -2.957510 1.750389 -4.998272
v -1.819224 2.149610 -4.998272
v -1.819224 2.150000 -5.012250
v -1.819224 1.750389 -4.998353
v -2.957510 2.150000 -4.984375
v -1.819366 2.150000 -4.998307
v -2.957368 2.150000 -4.998318
v -1.819366 1.750000 -4.998318
v -2.957368 1.750000 -4.998307
v -1.737918 2.150000 -5.012250
v -1.737918 1.750000 -5.012250
v -0.599633 1.750000 -5.012250
v -0.599633 2.150000 -4.984375
v -0.599633 1.750000 -4.984375
v -1.737918 1.750000 -4.984375
v -1.737918 2.149610 -4.998353
v -1.737918 1.750389 -4.998272
v -0.599633 2.149610 -4.998272
v -0.599633 1.750389 -4.998353
v -1.737918 2.150000 -4.984375
v -0.599774 2.150000 -4.998307
v -1.737777 2.150000 -4.998318
v -0.599633 2.150000 -5.012250
v -0.599774 1.750000 -4.998318
v -1.737777 1.750000 -4.998307
v -1.803980 3.800000 -5.093089
v -1.027892 3.574083 -5.093089
v -1.716189 3.375917 -5.093089
v -0.940102 3.150000 -5.093088
v -1.803980 3.800000 -4.591337
v -1.803980 3.150000 -5.093088
v -0.940102 3.800000 -5.093089
v -0.940102 3.800000 -4.591337
v -1.803980 3.150000 -4.591337
v -0.940102 3.150000 -4.591337
v -1.092551 3.290814 -5.109813
v -1.009181 3.388934 -5.109814
v -0.990663 3.518179 -5.109814
v -1.042554 3.629596 -5.109814
v -1.143619 3.694876 -5.109814
v -1.262891 3.698070 -5.109814
v -1.365834 3.639591 -5.109814
v -1.422658 3.536361 -5.109814
v -1.415734 3.417603 -5.109814
v -1.343614 3.317676 -5.109814
v -1.220598 3.268834 -5.109814
v -1.312144 3.292969 -5.132113
v -1.411867 3.375000 -5.132113
v -1.413205 3.406778 -5.132113
v -1.424884 3.528797 -5.132113
v -1.370532 3.635052 -5.132113
v -1.268863 3.696496 -5.132113
v -1.149994 3.696496 -5.132113
v -1.048325 3.635052 -5.132113
v -0.993973 3.528797 -5.132113
v -1.005652 3.406778 -5.132113
v -1.106713 3.292969 -5.132113
v -1.209429 3.260000 -5.109813
v -1.325499 3.290601 -5.120732
v -1.210236 3.260213 -5.121194
v -1.326306 3.290814 -5.132113
v -1.326306 3.290814 -5.109813
v -1.411276 3.374418 -5.120732
v -1.326897 3.291395 -5.121194
v -1.411867 3.375000 -5.109813
v -1.442967 3.489205 -5.120732
v -1.412083 3.375794 -5.121194
v -1.443184 3.490000 -5.132113
v -1.443184 3.490000 -5.109813
v -1.412083 3.604205 -5.120732
v -1.442967 3.490794 -5.121194
v -1.411867 3.605000 -5.132113
v -1.411867 3.605000 -5.109813
v -1.326897 3.688604 -5.120732
v -1.411276 3.605582 -5.121194
v -1.326306 3.689186 -5.132113
v -1.326306 3.689186 -5.109813
v -1.210236 3.719787 -5.120732
v -1.325499 3.689399 -5.121194
v -1.209429 3.720000 -5.132113
v -1.209429 3.720000 -5.109813
v -1.093359 3.689399 -5.120732
v -1.208621 3.719787 -5.121194
v -1.092551 3.689186 -5.132113
v -1.092551 3.689186 -5.109813
v -1.007582 3.605581 -5.120732
v -1.091960 3.688604 -5.121194
v -1.006991 3.605000 -5.132113
v -1.006991 3.605000 -5.109813
v -0.975890 3.490794 -5.120732
v -1.006774 3.604205 -5.121194
v -0.975673 3.490000 -5.132113
v -0.975673 3.490000 -5.109813
v -1.006774 3.375794 -5.120732
v -0.975890 3.489205 -5.121194
v -1.006991 3.375000 -5.132113
v -1.006991 3.375000 -5.109813
v -1.091960 3.291395 -5.120732
v -1.007582 3.374418 -5.121194
v -1.092551 3.290814 -5.132113
v -1.208621 3.260213 -5.120732
v -1.093359 3.290601 -5.121194
v -1.209429 3.260000 -5.132113
v -1.422857 3.345000 -5.168351
v -0.996377 3.332533 -5.168351
v -1.422480 3.332467 -5.168351
v -0.996000 3.320000 -5.168351
v -0.996000 3.345000 -5.140476
v -1.422480 3.332533 -5.140477
v -0.996377 3.332467 -5.140477
v -1.422857 3.320000 -5.140476
v -1.422857 3.341429 -5.160386
v -1.422857 3.345000 -5.140476
v -1.422857 3.323571 -5.148440
v -0.996000 3.341429 -5.148440
v -0.996000 3.323571 -5.160386
v -0.996377 3.345000 -5.154377
v -1.422480 3.345000 -5.154450
v -0.996000 3.345000 -5.168351
v -1.422857 3.320000 -5.168351
v -0.996377 3.320000 -5.154450
v -1.422480 3.320000 -5.154377
v -0.996000 3.320000 -5.140476
v -1.422857 3.412000 -5.168351
v -0.996377 3.399533 -5.168351
v -1.422480 3.399467 -5.168351
v -0.996000 3.387000 -5.168351
v -0.996000 3.412000 -5.140476
v -1.422480 3.399533 -5.140477
v -0.996377 3.399467 -5.140477
v -1.422857 3.387000 -5.140476
v -1.422857 3.408428 -5.160387
v -1.422857 3.387000 -5.168351
v -1.422857 3.412000 -5.140476
v -1.422857 3.390571 -5.148440
v -0.996000 3.408428 -5.148440
v -0.996000 3.390571 -5.160386
v -0.996377 3.412000 -5.154377
v -1.422480 3.412000 -5.154450
v -0.996000 3.412000 -5.168351
v -0.996377 3.387000 -5.154450
v -1.422480 3.387000 -5.154377
v -0.996000 3.387000 -5.140476
v -1.422857 3.479000 -5.168351
v -0.996377 3.466533 -5.168351
v -1.422480 3.466467 -5.168351
v -0.996000 3.454000 -5.168351
v -0.996000 3.479000 -5.140476
v -1.422480 3.466533 -5.140477
v -0.996377 3.466467 -5.140477
v -1.422857 3.454000 -5.140476
v -1.422857 3.475429 -5.160386
v -1.422857 3.454000 -5.168351
v -1.422857 3.457571 -5.148440
v -0.996000 3.475429 -5.148440
v -0.996000 3.454000 -5.140476
v -0.996000 3.479000 -5.168351
v -0.996000 3.457571 -5.160386
v -1.422857 3.479000 -5.140476
v -0.996377 3.479000 -5.154377
v -1.422480 3.479000 -5.154450
v -0.996377 3.454000 -5.154450
v -1.422480 3.454000 -5.154377
v -1.422857 3.546000 -5.168351
v -0.996377 3.533533 -5.168351
v -1.422480 3.533467 -5.168351
v -0.996000 3.521000 -5.168351
v -0.996000 3.546000 -5.140476
v -1.422480 3.533533 -5.140477
v -0.996377 3.533467 -5.140477
v -1.422857 3.521000 -5.140476
v -1.422857 3.542428 -5.160386
v -1.422857 3.524571 -5.148440
v -0.996000 3.542428 -5.148440
v -0.996000 3.521000 -5.140476
v -0.996000 3.524571 -5.160386
v -1.422857 3.546000 -5.140476
v -0.996377 3.546000 -5.154377
v -1.422480 3.546000 -5.154450
v -0.996000 3.546000 -5.168351
v -1.422857 3.521000 -5.168351
v -0.996377 3.521000 -5.154450
v -1.422480 3.521000 -5.154377
v -1.422857 3.613000 -5.168351
v -0.996377 3.600533 -5.168351
v -1.422480 3.600466 -5.168351
v -0.996000 3.588000 -5.168351
v -0.996000 3.613000 -5.140476
v -1.422480 3.600533 -5.140477
v -0.996377 3.600466 -5.140477
v -1.422857 3.588000 -5.140476
v -1.422857 3.609428 -5.160386
v -1.422857 3.588000 -5.168351
v -1.422857 3.613000 -5.140476
v -1.422857 3.591571 -5.148440
v -0.996000 3.609428 -5.148440
v -0.996000 3.588000 -5.140476
v -0.996000 3.591571 -5.160387
v -0.996377 3.613000 -5.154377
v -1.422480 3.613000 -5.154450
v -0.996000 3.613000 -5.168351
v -0.996377 3.588000 -5.154450
v -1.422480 3.588000 -5.154377
v -1.422857 3.680000 -5.168351
v -0.996377 3.667533 -5.168351
v -1.422480 3.667467 -5.168351
v -0.996000 3.655000 -5.168351
v -0.996000 3.680000 -5.140476
v -1.422480 3.667533 -5.140477
v -0.996377 3.667467 -5.140477
v -1.422857 3.655000 -5.140476
v -1.422857 3.676429 -5.160386
v -1.422857 3.655000 -5.168351
v -1.422857 3.680000 -5.140476
v -1.422857 3.658571 -5.148440
v -0.996000 3.676429 -5.148440
v -0.996000 3.655000 -5.140476
v -0.996000 3.680000 -5.168351
v -0.996000 3.658571 -5.160386
v -0.996377 3.680000 -5.154377
v -1.422480 3.680000 -5.154450
v -0.996377 3.655000 -5.154450
v -1.422480 3.655000 -5.154377
v -1.664728 3.664627 -5.132113
v -1.621041 3.310000 -5.132113
v -1.712510 3.670000 -5.132113
v -1.668823 3.315373 -5.132113
v -1.668823 3.664627 -5.098664
v -1.712510 3.310000 -5.098663
v -1.621041 3.670000 -5.098663
v -1.664728 3.315373 -5.098664
v -1.712510 3.669378 -5.115475
v -1.712510 3.310000 -5.132113
v -1.712510 3.670000 -5.098663
v -1.712510 3.310622 -5.115301
v -1.621041 3.669378 -5.115301
v -1.621041 3.310000 -5.098663
v -1.621041 3.670000 -5.132113
v -1.621041 3.310622 -5.115475
v -1.623386 3.670000 -5.114101
v -1.710165 3.670000 -5.116674
v -1.623386 3.310000 -5.116674
v -1.710165 3.310000 -5.114101
v -1.717592 3.150000 -5.165563
v -1.646172 3.127767 -5.165563
v -1.707706 3.102233 -5.165563
v -1.636286 3.080000 -5.165563
v -1.636286 3.150000 -4.518862
v -1.707706 3.127767 -4.518862
v -1.646172 3.102233 -4.518862
v -1.717592 3.080000 -4.518862
v -1.717592 3.115378 -5.163233
v -1.717592 3.114622 -4.521192
v -1.636286 3.150000 -5.165563
v -1.636286 3.115378 -4.521192
v -1.636286 3.114622 -5.163233
v -1.676367 3.150000 -4.521895
v -1.717592 3.150000 -4.518862
v -1.677511 3.150000 -5.162530
v -1.676367 3.080000 -5.162530
v -1.636286 3.080000 -4.518862
v -1.717592 3.080000 -5.165563
v -1.677511 3.080000 -4.521895
v -1.107796 3.150000 -5.165563
v -1.036376 3.127767 -5.165563
v -1.097910 3.102233 -5.165563
v -1.026490 3.080000 -5.165563
v -1.026490 3.150000 -4.518862
v -1.097910 3.127767 -4.518862
v -1.036376 3.102233 -4.518862
v -1.107796 3.080000 -4.518862
v -1.107796 3.150000 -4.518862
v -1.107796 3.115378 -5.163233
v -1.107796 3.114622 -4.521192
v -1.107796 3.080000 -5.165563
v -1.026490 3.150000 -5.165563
v -1.026490 3.115378 -4.521192
v -1.026490 3.114622 -5.163233
v -1.066571 3.150000 -4.521895
v -1.067715 3.150000 -5.162530
v -1.066571 3.080000 -5.162530
v -1.026490 3.080000 -4.518862
v -1.067715 3.080000 -4.521895
v 4.873286 4.540000 -3.688186
v 4.720837 4.540000 -2.249834
v 4.720837 3.400000 -3.688186
v 4.798038 4.535129 -3.688186
v 4.720837 4.540000 -3.688186
v 4.796084 3.404871 -3.688186
v 4.796084 4.535129 -2.249834
v 4.798038 3.404871 -2.249834
v 4.796296 4.540000 -2.254647
v 4.797827 4.540000 -3.683373
v 4.873286 4.540000 -2.249834
v 4.873286 3.400000 -3.688186
v 4.797827 3.400000 -2.254647
v 4.796296 3.400000 -3.683373
v 4.720837 3.400000 -2.249834
v 4.901235 4.470000 -3.610136
v 4.901235 4.470000 -2.327884
v 4.901235 3.470000 -2.327884
v 4.875826 4.470000 -2.327884
v 4.875826 3.470000 -2.327884
v 4.875826 3.470000 -3.610136
v 4.888537 4.469843 -3.610136
v 4.875826 4.470000 -3.610136
v 4.888525 3.470156 -3.610136
v 4.888525 4.469843 -2.327884
v 4.888537 3.470156 -2.327884
v 4.888526 4.470000 -2.328036
v 4.888535 4.470000 -3.609985
v 4.901235 3.470000 -3.610136
v 4.888535 3.470000 -2.328036
v 4.888526 3.470000 -3.609985
v 4.946969 4.509528 -3.610103
v 4.946969 3.440000 -3.585048
v 4.946969 4.510000 -3.635224
v 4.946969 3.440472 -3.610169
v 4.891071 4.509528 -3.610169
v 4.891071 3.440000 -3.635224
v 4.891071 4.510000 -3.585048
v 4.891071 3.440472 -3.610103
v 4.919076 4.509295 -3.635224
v 4.891071 4.510000 -3.635224
v 4.918965 3.440705 -3.635224
v 4.918965 4.509295 -3.585049
v 4.919076 3.440705 -3.585049
v 4.897299 4.510000 -3.601751
v 4.946969 4.510000 -3.585048
v 4.940741 4.510000 -3.618522
v 4.940741 3.440000 -3.601751
v 4.891071 3.440000 -3.585048
v 4.897299 3.440000 -3.618522
v 4.946969 4.509528 -2.968977
v 4.946969 3.440000 -2.943923
v 4.946969 4.510000 -2.994098
v 4.946969 3.440472 -2.969043
v 4.891071 4.509528 -2.969043
v 4.891071 3.440000 -2.994098
v 4.891071 4.510000 -2.943923
v 4.891071 3.440472 -2.968977
v 4.919076 4.509295 -2.994098
v 4.918965 3.440705 -2.994098
v 4.918965 4.509295 -2.943923
v 4.919076 3.440705 -2.943923
v 4.897299 4.510000 -2.960625
v 4.946969 4.510000 -2.943923
v 4.891071 4.510000 -2.994098
v 4.940741 4.510000 -2.977396
v 4.940741 3.440000 -2.960625
v 4.891071 3.440000 -2.943923
v 4.946969 3.440000 -2.994098
v 4.897299 3.440000 -2.977396
v 4.946969 4.509528 -2.327851
v 4.946969 3.440000 -2.302797
v 4.946969 4.510000 -2.352972
v 4.946969 3.440472 -2.327918
v 4.891071 4.509528 -2.327918
v 4.891071 3.440000 -2.352972
v 4.891071 4.510000 -2.302797
v 4.891071 3.440472 -2.327851
v 4.919076 4.509295 -2.352972
v 4.946969 3.440000 -2.352972
v 4.918965 3.440705 -2.352972
v 4.918965 4.509295 -2.302797
v 4.891071 3.440000 -2.302797
v 4.919076 3.440705 -2.302797
v 4.897299 4.510000 -2.319499
v 4.946969 4.510000 -2.302797
v 4.891071 4.510000 -2.352972
v 4.940741 4.510000 -2.336270
v 4.940741 3.440000 -2.319499
v 4.897299 3.440000 -2.336270
v 5.061306 3.440000 -3.738361
v 5.061306 3.400100 -2.200949
v 5.061306 3.399899 -3.737072
v 5.061306 3.360000 -2.199659
v 4.817388 3.440000 -2.199659
v 4.817388 3.400100 -3.737072
v 4.817388 3.399899 -2.200948
v 4.817388 3.360000 -3.738361
v 4.817388 3.440000 -3.738361
v 5.055051 3.403077 -3.738361
v 4.823642 3.396923 -3.738361
v 5.061306 3.360000 -3.738361
v 4.823642 3.403077 -2.199659
v 5.055051 3.396923 -2.199659
v 4.946969 3.440000 -3.635224
v 5.061306 3.440000 -2.199659
v 4.873286 3.400000 -2.249834
v 4.817388 3.360000 -2.199659
v 4.873286 4.540000 -0.900683
v 4.720837 4.540000 0.537669
v 4.720837 3.400000 -0.900682
v 4.798038 4.535129 -0.900683
v 4.873286 3.400000 -0.900682
v 4.720837 4.540000 -0.900683
v 4.796084 3.404871 -0.900682
v 4.796084 4.535129 0.537669
v 4.873286 4.540000 0.537669
v 4.798038 3.404871 0.537670
v 4.796296 4.540000 0.532856
v 4.797827 4.540000 -0.895869
v 4.797827 3.400000 0.532856
v 4.796296 3.400000 -0.895869
v 4.720837 3.400000 0.537670
v 4.901235 4.470000 -0.822632
v 4.901235 4.470000 0.459619
v 4.901235 3.470000 -0.822632
v 4.901235 3.470000 0.459619
v 4.875826 4.470000 0.459619
v 4.875826 3.470000 0.459619
v 4.875826 3.470000 -0.822632
v 4.888537 4.469843 -0.822632
v 4.888525 3.470156 -0.822632
v 4.888525 4.469843 0.459619
v 4.888537 3.470156 0.459619
v 4.875826 4.470000 -0.822632
v 4.888526 4.470000 0.459468
v 4.888535 4.470000 -0.822481
v 4.888535 3.470000 0.459468
v 4.888526 3.470000 -0.822481
v 4.946969 4.509528 -0.822599
v 4.946969 3.440000 -0.797545
v 4.946969 4.510000 -0.847720
v 4.946969 3.440473 -0.822666
v 4.891071 4.509528 -0.822666
v 4.891071 3.440000 -0.847720
v 4.891071 4.510000 -0.797545
v 4.891071 3.440473 -0.822599
v 4.919076 4.509295 -0.847720
v 4.918965 3.440706 -0.847720
v 4.918965 4.509295 -0.797545
v 4.919076 3.440706 -0.797545
v 4.897299 4.510000 -0.814247
v 4.946969 4.510000 -0.797545
v 4.891071 4.510000 -0.847720
v 4.940741 4.510000 -0.831018
v 4.940741 3.440000 -0.814247
v 4.891071 3.440000 -0.797545
v 4.897299 3.440000 -0.831018
v 4.946969 4.509528 -0.181473
v 4.946969 3.440000 -0.156419
v 4.946969 4.510000 -0.206594
v 4.946969 3.440473 -0.181540
v 4.891071 4.509528 -0.181540
v 4.891071 3.440000 -0.206594
v 4.891071 4.510000 -0.156419
v 4.891071 3.440473 -0.181473
v 4.919076 4.509295 -0.206594
v 4.891071 4.510000 -0.206594
v 4.918965 3.440706 -0.206594
v 4.918965 4.509295 -0.156419
v 4.946969 4.510000 -0.156419
v 4.919076 3.440706 -0.156419
v 4.897299 4.510000 -0.173121
v 4.940741 4.510000 -0.189892
v 4.940741 3.440000 -0.173121
v 4.891071 3.440000 -0.156419
v 4.946969 3.440000 -0.206594
v 4.897299 3.440000 -0.189892
v 4.946969 4.509528 0.459653
v 4.946969 3.440000 0.484707
v 4.946969 4.510000 0.434532
v 4.946969 3.440473 0.459586
v 4.891071 4.509528 0.459586
v 4.891071 3.440000 0.434532
v 4.891071 4.510000 0.484707
v 4.891071 3.440473 0.459653
v 4.919076 4.509295 0.434532
v 4.891071 4.510000 0.434532
v 4.918965 3.440706 0.434532
v 4.918965 4.509295 0.484707
v 4.891071 3.440000 0.484707
v 4.946969 4.510000 0.484707
v 4.919076 3.440706 0.484707
v 4.897299 4.510000 0.468005
v 4.940741 4.510000 0.451234
v 4.940741 3.440000 0.468005
v 4.946969 3.440000 0.434532
v 4.897299 3.440000 0.451234
v 5.061306 3.440000 -0.950857
v 5.061306 3.400101 0.586555
v 5.061306 3.399899 -0.949568
v 5.061306 3.360000 0.587845
v 4.817388 3.440000 0.587845
v 4.817388 3.400101 -0.949568
v 4.817388 3.399899 0.586555
v 4.817388 3.360000 -0.950857
v 4.817388 3.440000 -0.950857
v 5.055051 3.403077 -0.950857
v 4.823642 3.396923 -0.950857
v 5.061306 3.360000 -0.950857
v 4.823642 3.403077 0.587845
v 5.055051 3.396923 0.587845
v 4.817388 3.360000 0.587845
v 4.873286 3.400000 0.537670
v 4.946969 3.440000 -0.847720
v 5.061306 3.440000 0.587845
v 4.873286 4.540000 1.886821
v 4.875826 4.470000 3.247123
v 4.720837 4.540000 3.325173
v 4.720837 3.400000 1.886821
v 4.798038 4.535129 1.886821
v 4.720837 4.540000 1.886821
v 4.796084 3.404871 1.886822
v 4.796084 4.535129 3.325174
v 4.720837 3.400000 3.325173
v 4.873286 4.540000 3.325173
v 4.798038 3.404871 3.325174
v 4.796296 4.540000 3.320360
v 4.797827 4.540000 1.891634
v 4.797827 3.400000 3.320360
v 4.796296 3.400000 1.891634
v 4.901235 4.470000 1.964871
v 4.901235 3.470000 1.964871
v 4.901235 3.470000 3.247123
v 4.875826 3.470000 1.964871
v 4.888537 4.469843 1.964871
v 4.875826 4.470000 1.964871
v 4.888525 3.470156 1.964871
v 4.888525 4.469843 3.247123
v 4.875826 3.470000 3.247123
v 4.888537 3.470156 3.247123
v 4.888526 4.470000 3.246972
v 4.888535 4.470000 1.965023
v 4.901235 4.470000 3.247123
v 4.888535 3.470000 3.246972
v 4.888526 3.470000 1.965023
v 4.946969 4.509528 1.964905
v 4.946969 3.440000 1.989959
v 4.946969 4.510000 1.939784
v 4.946969 3.440473 1.964838
v 4.891071 4.509528 1.964838
v 4.891071 3.440000 1.939784
v 4.891071 4.510000 1.989959
v 4.891071 3.440473 1.964905
v 4.919076 4.509295 1.939784
v 4.946969 3.440000 1.939784
v 4.891071 4.510000 1.939784
v 4.918965 3.440706 1.939784
v 4.918965 4.509295 1.989959
v 4.891071 3.440000 1.989959
v 4.946969 4.510000 1.989959
v 4.919076 3.440706 1.989959
v 4.897299 4.510000 1.973257
v 4.940741 4.510000 1.956486
v 4.940741 3.440000 1.973257
v 4.897299 3.440000 1.956486
v 4.946969 4.509528 2.606030
v 4.946969 3.440000 2.631085
v 4.946969 4.510000 2.580910
v 4.946969 3.440473 2.605964
v 4.891071 4.509528 2.605964
v 4.891071 3.440000 2.580910
v 4.891071 4.510000 2.631085
v 4.891071 3.440473 2.606030
v 4.919076 4.509295 2.580910
v 4.946969 3.440000 2.580910
v 4.891071 4.510000 2.580910
v 4.918965 3.440706 2.580910
v 4.918965 4.509295 2.631085
v 4.946969 4.510000 2.631085
v 4.919076 3.440706 2.631085
v 4.897299 4.510000 2.614383
v 4.940741 4.510000 2.597612
v 4.940741 3.440000 2.614383
v 4.891071 3.440000 2.631085
v 4.897299 3.440000 2.597612
v 4.946969 4.509528 3.247156
v 4.946969 3.440000 3.272211
v 4.946969 4.510000 3.222036
v 4.946969 3.440473 3.247090
v 4.891071 4.509528 3.247090
v 4.891071 3.440000 3.222036
v 4.891071 4.510000 3.272211
v 4.891071 3.440473 3.247156
v 4.919076 4.509295 3.222036
v 4.946969 3.440000 3.222036
v 4.918965 3.440706 3.222036
v 4.918965 4.509295 3.272211
v 4.919076 3.440706 3.272211
v 4.897299 4.510000 3.255509
v 4.946969 4.510000 3.272211
v 4.891071 4.510000 3.222036
v 4.940741 4.510000 3.238738
v 4.940741 3.440000 3.255509
v 4.891071 3.440000 3.272211
v 4.897299 3.440000 3.238738
v 5.061306 3.440000 1.836646
v 5.061306 3.400101 3.374059
v 5.061306 3.399899 1.837936
v 5.061306 3.360000 3.375348
v 4.817388 3.440000 3.375348
v 4.817388 3.400101 1.837936
v 4.817388 3.399899 3.374059
v 4.817388 3.360000 1.836646
v 5.055051 3.403077 1.836646
v 4.823642 3.396923 1.836646
v 5.061306 3.440000 3.375348
v 4.823642 3.403077 3.375349
v 5.055051 3.396923 3.375349
v 4.817388 3.440000 1.836646
v 5.061306 3.360000 1.836646
v 4.873286 3.400000 3.325173
v 4.873286 3.400000 1.886821
v 4.817388 3.360000 3.375348
v 0.076224 0.160000 -4.641512
v 4.700510 6.160000 4.278499
v 0.076224 6.160000 4.278499
v 0.076224 0.160000 4.278500
v 4.700510 0.160000 -4.641512
v 4.700510 6.159999 -4.641513
v 0.076224 6.159999 -4.641513
v 4.700510 0.160000 4.278500
v 4.776734 6.159999 -4.725138
v 4.776734 6.340001 4.362124
v 0.000000 6.340001 4.362124
v 4.776734 6.160000 4.362124
v 0.000000 6.340000 -4.725138
v 4.776734 6.340000 -4.725138
v 0.000000 6.159999 -4.725138
v 0.000000 6.160000 4.362124
v 1.253746 2.305992 -4.853363
v 1.727755 0.170000 -4.853363
v 0.609796 2.420000 -4.853363
v 1.083805 0.284007 -4.853363
v 0.609796 0.170000 -4.697262
v 1.727755 2.420000 -4.697262
v 0.609796 2.417828 -4.775538
v 0.609796 2.420000 -4.697262
v 0.609796 0.172171 -4.775086
v 1.727755 2.417828 -4.775086
v 1.727755 0.170000 -4.697262
v 1.727755 0.172171 -4.775538
v 1.723282 2.420000 -4.774375
v 0.614269 2.420000 -4.776249
v 1.727755 2.420000 -4.853363
v 0.609796 0.170000 -4.853363
v 1.723282 0.170000 -4.776249
v 0.614269 0.170000 -4.774375
v 1.191643 2.340000 -4.881238
v 1.651531 0.240000 -4.892387
v 0.686020 2.340000 -4.892387
v 1.145908 0.240000 -4.881238
v 0.686020 0.240000 -4.858938
v 1.651531 2.340000 -4.858938
v 0.686020 2.339893 -4.875665
v 0.686020 0.240000 -4.892387
v 0.686020 2.340000 -4.858938
v 0.686020 0.240107 -4.875660
v 1.651531 2.339893 -4.875660
v 1.651531 0.240000 -4.858938
v 1.651531 2.340000 -4.892387
v 1.651531 0.240107 -4.875665
v 1.651290 2.340000 -4.875650
v 0.686261 2.340000 -4.875675
v 1.651290 0.240000 -4.875675
v 0.686261 0.240000 -4.875650
v 1.168783 2.339759 -4.936988
v 1.191643 0.240000 -4.936987
v 1.145908 2.340000 -4.936987
v 1.168768 0.240241 -4.936988
v 1.168768 2.339759 -4.881238
v 1.168783 0.240241 -4.881238
v 1.145908 2.339702 -4.909124
v 1.145908 0.240000 -4.936987
v 1.145908 2.340000 -4.881238
v 1.145908 0.240297 -4.909101
v 1.191643 2.339702 -4.909101
v 1.191643 2.340000 -4.936987
v 1.191643 0.240297 -4.909124
v 1.177418 2.340000 -4.888260
v 1.160134 2.340000 -4.929965
v 1.177418 0.240000 -4.929965
v 1.191643 0.240000 -4.881238
v 1.160133 0.240000 -4.888260
v 1.046918 1.399238 -5.015038
v 1.064602 1.000000 -5.015038
v 1.029031 1.400000 -5.015038
v 1.046715 1.000761 -5.015038
v 1.046715 1.399238 -4.936988
v 1.029031 1.000000 -4.936987
v 1.064602 1.400000 -4.936987
v 1.046918 1.000761 -4.936988
v 1.029031 1.397006 -4.976889
v 1.029031 1.400000 -4.936987
v 1.029031 1.002993 -4.975137
v 1.064602 1.397006 -4.975137
v 1.064602 1.000000 -4.936987
v 1.064602 1.400000 -5.015038
v 1.064602 1.002993 -4.976889
v 1.049625 1.400000 -4.941095
v 1.044008 1.400000 -5.010930
v 1.049625 1.000000 -5.010930
v 1.029031 1.000000 -5.015038
v 1.044008 1.000000 -4.941095
v 1.290836 1.399238 -5.015038
v 1.308520 1.000000 -5.015038
v 1.272949 1.400000 -5.015038
v 1.290633 1.000761 -5.015038
v 1.290633 1.399238 -4.936988
v 1.272949 1.000000 -4.936987
v 1.308520 1.400000 -4.936987
v 1.290836 1.000761 -4.936988
v 1.272949 1.397006 -4.976889
v 1.272949 1.400000 -4.936987
v 1.272949 1.002993 -4.975137
v 1.308521 1.397006 -4.975137
v 1.308520 1.000000 -4.936987
v 1.308520 1.400000 -5.015038
v 1.308521 1.002993 -4.976889
v 1.293543 1.400000 -4.941095
v 1.287926 1.400000 -5.010930
v 1.293543 1.000000 -5.010930
v 1.272949 1.000000 -5.015038
v 1.287927 1.000000 -4.941095
v 1.986918 2.280000 -4.814338
v 4.009408 0.320000 -4.814338
v 1.986918 0.320000 -4.814338
v 4.009408 2.280000 -4.647087
v 1.986918 2.280000 -4.647087
v 1.986918 0.320000 -4.647087
v 1.986918 2.277142 -4.731078
v 1.986918 0.322857 -4.730346
v 4.009408 2.277142 -4.730346
v 4.009408 0.320000 -4.647087
v 4.009408 2.280000 -4.814338
v 4.009408 0.322857 -4.731078
v 4.006547 2.280000 -4.730358
v 1.989779 2.280000 -4.731067
v 4.006547 0.320000 -4.731067
v 1.989779 0.320000 -4.730358
v 2.058061 2.210000 -4.845000
v 3.938265 0.390000 -4.845000
v 2.058061 2.210000 -4.817125
v 3.938265 2.210000 -4.817125
v 2.058061 0.390000 -4.817125
v 2.058061 2.209914 -4.831064
v 2.058061 0.390085 -4.831060
v 3.938265 2.209914 -4.831060
v 3.938265 0.390000 -4.817125
v 3.938265 2.210000 -4.845000
v 3.938265 0.390085 -4.831064
v 3.938179 2.210000 -4.831060
v 2.058147 2.210000 -4.831064
v 2.058061 0.390000 -4.845000
v 3.938179 0.390000 -4.831064
v 2.058147 0.390000 -4.831060
v 2.058071 2.249732 -4.895175
v 2.080928 0.360000 -4.895175
v 2.035194 2.250000 -4.895175
v 2.058052 0.360267 -4.895175
v 2.058052 2.249732 -4.833850
v 2.035194 0.360000 -4.833850
v 2.080928 2.250000 -4.833850
v 2.058071 0.360267 -4.833850
v 2.035194 2.249600 -4.864532
v 2.035194 2.250000 -4.833850
v 2.035194 0.360400 -4.864493
v 2.080929 2.249600 -4.864493
v 2.080929 0.360400 -4.864532
v 2.065705 2.250000 -4.840683
v 2.080928 2.250000 -4.895175
v 2.050418 2.250000 -4.888342
v 2.065705 0.360000 -4.888342
v 2.080928 0.360000 -4.833850
v 2.035194 0.360000 -4.895175
v 2.050418 0.360000 -4.840683
v 2.998173 2.249732 -4.895175
v 3.021031 0.360000 -4.895175
v 2.975296 2.250000 -4.895175
v 2.998154 0.360267 -4.895175
v 2.998154 2.249732 -4.833850
v 2.975296 0.360000 -4.833850
v 3.021031 2.250000 -4.833850
v 2.998173 0.360267 -4.833850
v 2.975296 2.249600 -4.864532
v 2.975296 2.250000 -4.833850
v 2.975296 0.360400 -4.864493
v 3.021031 2.249600 -4.864493
v 3.021031 0.360400 -4.864532
v 3.005807 2.250000 -4.840683
v 3.021031 2.250000 -4.895175
v 2.990520 2.250000 -4.888342
v 3.005807 0.360000 -4.888342
v 3.021031 0.360000 -4.833850
v 2.975296 0.360000 -4.895175
v 2.990520 0.360000 -4.840683
v 3.938275 2.249732 -4.895175
v 3.961133 0.360000 -4.895175
v 3.915398 2.250000 -4.895175
v 3.938256 0.360267 -4.895175
v 3.938256 2.249732 -4.833850
v 3.915398 0.360000 -4.833850
v 3.961133 2.250000 -4.833850
v 3.938275 0.360267 -4.833850
v 3.915398 2.249600 -4.864532
v 3.915398 2.250000 -4.833850
v 3.915398 0.360400 -4.864493
v 3.961133 2.249600 -4.864493
v 3.961133 0.360000 -4.833850
v 3.961133 2.250000 -4.895175
v 3.961133 0.360400 -4.864532
v 3.945909 2.250000 -4.840683
v 3.930622 2.250000 -4.888342
v 3.945909 0.360000 -4.888342
v 3.915398 0.360000 -4.895175
v 3.930622 0.360000 -4.840683
v 1.941184 0.360000 -5.020613
v 4.054362 0.320044 -5.020613
v 1.941965 0.319955 -5.020613
v 4.055143 0.280000 -5.020613
v 4.055143 0.360000 -4.753012
v 1.941965 0.320044 -4.753012
v 4.054362 0.319955 -4.753012
v 1.941184 0.280000 -4.753012
v 1.941184 0.360000 -4.753012
v 1.941184 0.323077 -5.013751
v 1.941184 0.316923 -4.759874
v 1.941184 0.280000 -5.020613
v 4.055143 0.323077 -4.759874
v 4.055143 0.316923 -5.013751
v 4.055143 0.360000 -5.020613
v 4.055143 0.280000 -4.753012
v 0.279490 3.150000 -5.059638
v 4.466755 3.120000 -5.066328
v 4.497245 3.150000 -4.892387
v 4.497245 2.500000 -4.892387
v 0.279490 2.500000 -4.892387
v 0.279490 3.141678 -4.979225
v 0.279490 2.500000 -5.059638
v 0.279490 3.150000 -4.892387
v 0.279490 2.508321 -4.972801
v 4.497245 3.141678 -4.972801
v 4.497245 3.150000 -5.059638
v 4.497245 2.508321 -4.979225
v 4.495869 3.150000 -4.975931
v 0.280866 3.150000 -4.976095
v 4.495869 2.500000 -4.976095
v 0.280866 2.500000 -4.975931
v 0.309980 3.120000 -5.066328
v 0.309980 2.530000 -5.066328
v 4.466755 2.530000 -5.066328
v 0.101633 2.470000 -5.583688
v 4.674289 2.410031 -5.583689
v 0.102445 2.409967 -5.583689
v 4.675102 2.349999 -5.583688
v 4.675102 2.470000 -4.635937
v 0.102445 2.410032 -4.635938
v 4.674289 2.409968 -4.635938
v 0.101633 2.350000 -4.635937
v 0.101633 2.470000 -4.635937
v 0.101633 2.410883 -5.579035
v 0.101633 2.409116 -4.640590
v 4.675102 2.410883 -4.640590
v 4.675102 2.409116 -5.579035
v 4.675102 2.350000 -4.635937
v 4.497245 2.500000 -5.059638
v 4.675102 2.470000 -5.583688
v 0.101633 2.349999 -5.583688
v 0.538653 4.690000 -4.780888
v 1.931020 4.619999 -4.783675
v 2.002163 3.250000 -4.780888
v 2.002163 4.690000 -4.613637
v 0.609796 4.619999 -4.783675
v 0.538653 3.250000 -4.613637
v 0.538653 4.686125 -4.697937
v 0.538653 4.690000 -4.613637
v 0.538653 3.253875 -4.696587
v 2.002163 4.686125 -4.696587
v 2.002163 3.250000 -4.613637
v 2.002163 4.690000 -4.780888
v 2.002163 3.253875 -4.697937
v 1.998225 4.690000 -4.696587
v 0.542591 4.690000 -4.697937
v 1.998225 3.250000 -4.697937
v 0.542591 3.250000 -4.696587
v 1.931020 3.320000 -4.811551
v 0.609796 3.320000 -4.811551
v 0.609796 3.320000 -4.783675
v 0.609796 4.619879 -4.797617
v 0.609796 3.320120 -4.797609
v 1.931020 4.619879 -4.797609
v 1.931020 4.619999 -4.811551
v 1.931020 3.320120 -4.797617
v 1.930898 4.620000 -4.797609
v 0.609918 4.620000 -4.797617
v 1.930898 3.320000 -4.797617
v 0.609918 3.320000 -4.797609
v 1.931020 3.320000 -4.783675
v 0.609814 4.659630 -4.861726
v 0.632663 3.290000 -4.861726
v 0.586929 4.659999 -4.861726
v 0.609777 3.290369 -4.861726
v 0.609777 4.659630 -4.800401
v 0.586929 3.290000 -4.800400
v 0.632663 4.659999 -4.800400
v 0.609814 3.290369 -4.800401
v 0.586929 4.659448 -4.831100
v 0.586929 3.290000 -4.861726
v 0.586929 3.290551 -4.831026
v 0.632663 4.659448 -4.831026
v 0.632663 3.290000 -4.800400
v 0.632663 3.290551 -4.831100
v 0.617439 4.659999 -4.807233
v 0.632663 4.659999 -4.861726
v 0.586929 4.659999 -4.800400
v 0.602153 4.659999 -4.854893
v 0.617439 3.290000 -4.854893
v 0.602153 3.290000 -4.807233
v 1.270427 4.659630 -4.861726
v 1.293275 3.290000 -4.861726
v 1.247541 4.659999 -4.861726
v 1.270390 3.290369 -4.861726
v 1.270390 4.659630 -4.800401
v 1.247541 3.290000 -4.800400
v 1.293275 4.659999 -4.800400
v 1.270427 3.290369 -4.800401
v 1.247541 4.659448 -4.831100
v 1.247541 4.659999 -4.800400
v 1.247541 3.290551 -4.831026
v 1.293275 4.659448 -4.831026
v 1.293275 4.659999 -4.861726
v 1.293275 3.290551 -4.831100
v 1.278051 4.659999 -4.807233
v 1.262765 4.659999 -4.854893
v 1.278051 3.290000 -4.854893
v 1.293275 3.290000 -4.800400
v 1.247541 3.290000 -4.861726
v 1.262765 3.290000 -4.807233
v 1.931039 4.659630 -4.861726
v 1.953888 3.290000 -4.861726
v 1.908153 4.659999 -4.861726
v 1.931002 3.290369 -4.861726
v 1.931002 4.659630 -4.800401
v 1.908153 3.290000 -4.800400
v 1.953888 4.659999 -4.800400
v 1.931039 3.290369 -4.800401
v 1.908153 4.659448 -4.831100
v 1.908153 3.290000 -4.861726
v 1.908153 3.290551 -4.831026
v 1.953888 4.659448 -4.831026
v 1.953888 3.290551 -4.831100
v 1.938664 4.659999 -4.807233
v 1.953888 4.659999 -4.861726
v 1.908153 4.659999 -4.800400
v 1.923377 4.659999 -4.854893
v 1.938664 3.290000 -4.854893
v 1.953888 3.290000 -4.800400
v 1.923377 3.290000 -4.807233
v 0.492918 3.290000 -4.987163
v 2.046837 3.250082 -4.987163
v 0.493979 3.249918 -4.987163
v 2.047898 3.210000 -4.987163
v 2.047898 3.290000 -4.719563
v 0.493979 3.250082 -4.719563
v 2.046837 3.249918 -4.719563
v 0.492918 3.210000 -4.719563
v 0.492918 3.253077 -4.980301
v 0.492918 3.246923 -4.726425
v 0.492918 3.210000 -4.987163
v 2.047898 3.290000 -4.987163
v 2.047898 3.253077 -4.726425
v 2.047898 3.246923 -4.980301
v 0.492918 3.290000 -4.719563
v 0.538653 3.250000 -4.780888
v 2.047898 3.210000 -4.719563
v 2.774571 4.690000 -4.780888
v 4.238081 4.690000 -4.613637
v 2.774571 3.250000 -4.613637
v 2.774572 4.686125 -4.697937
v 2.774571 4.690000 -4.613637
v 2.774572 3.253875 -4.696587
v 4.238081 4.686125 -4.696587
v 4.238081 4.690000 -4.780888
v 4.238081 3.253875 -4.697937
v 4.234144 4.690000 -4.696587
v 2.778509 4.690000 -4.697937
v 4.234144 3.250000 -4.697937
v 2.778509 3.250000 -4.696587
v 4.238081 3.250000 -4.613637
v 2.845714 4.619999 -4.811551
v 2.972755 3.800000 -4.591337
v 4.166939 3.320000 -4.811551
v 4.166939 4.619999 -4.783675
v 2.845714 4.619999 -4.783675
v 2.845714 3.320000 -4.783675
v 2.845714 4.619879 -4.797617
v 2.845714 3.320120 -4.797609
v 4.166939 4.619879 -4.797609
v 4.166939 3.320000 -4.783675
v 4.166939 3.320120 -4.797617
v 4.166817 4.620000 -4.797609
v 2.845836 4.620000 -4.797617
v 4.166939 4.619999 -4.811551
v 2.845714 3.320000 -4.811551
v 4.166817 3.320000 -4.797617
v 2.845836 3.320000 -4.797609
v 2.845733 4.659630 -4.861726
v 2.868582 3.290000 -4.861726
v 2.822847 4.659999 -4.861726
v 2.845696 3.290369 -4.861726
v 2.845696 4.659630 -4.800401
v 2.822847 3.290000 -4.800400
v 2.868582 4.659999 -4.800400
v 2.845733 3.290369 -4.800401
v 2.822847 4.659448 -4.831100
v 2.822847 3.290000 -4.861726
v 2.822847 3.290551 -4.831026
v 2.868582 4.659448 -4.831026
v 2.868582 4.659999 -4.861726
v 2.868582 3.290551 -4.831100
v 2.853358 4.659999 -4.807233
v 2.822847 4.659999 -4.800400
v 2.838071 4.659999 -4.854893
v 2.853358 3.290000 -4.854893
v 2.868582 3.290000 -4.800400
v 2.838071 3.290000 -4.807233
v 3.506345 4.659630 -4.861726
v 3.529194 3.290000 -4.861726
v 3.483459 4.659999 -4.861726
v 3.506308 3.290369 -4.861726
v 3.506308 4.659630 -4.800401
v 3.483459 3.290000 -4.800400
v 3.529194 4.659999 -4.800400
v 3.506345 3.290369 -4.800401
v 3.483459 4.659448 -4.831100
v 3.483459 4.659999 -4.800400
v 3.483459 3.290551 -4.831026
v 3.529194 4.659448 -4.831026
v 3.529194 3.290551 -4.831100
v 3.513970 4.659999 -4.807233
v 3.529194 4.659999 -4.861726
v 3.498683 4.659999 -4.854893
v 3.513970 3.290000 -4.854893
v 3.529194 3.290000 -4.800400
v 3.483459 3.290000 -4.861726
v 3.498683 3.290000 -4.807233
v 4.166957 4.659630 -4.861726
v 4.189806 3.290000 -4.861726
v 4.144071 4.659999 -4.861726
v 4.166920 3.290369 -4.861726
v 4.166920 4.659630 -4.800401
v 4.144071 3.290000 -4.800400
v 4.189806 4.659999 -4.800400
v 4.166957 3.290369 -4.800401
v 4.144072 4.659448 -4.831100
v 4.144072 3.290551 -4.831026
v 4.189806 4.659448 -4.831026
v 4.189806 3.290000 -4.800400
v 4.189806 3.290551 -4.831100
v 4.174582 4.659999 -4.807233
v 4.189806 4.659999 -4.861726
v 4.144071 4.659999 -4.800400
v 4.159295 4.659999 -4.854893
v 4.174582 3.290000 -4.854893
v 4.144071 3.290000 -4.861726
v 4.159295 3.290000 -4.807233
v 2.728837 3.290000 -4.987163
v 4.282755 3.250082 -4.987163
v 2.729897 3.249918 -4.987163
v 4.283816 3.210000 -4.987163
v 4.283816 3.290000 -4.719563
v 2.729897 3.250082 -4.719563
v 4.282755 3.249918 -4.719563
v 2.728837 3.210000 -4.719563
v 2.728837 3.253077 -4.980301
v 2.728837 3.246923 -4.726425
v 4.283816 3.253077 -4.726425
v 4.283816 3.246923 -4.980301
v 2.728837 3.290000 -4.719563
v 4.283816 3.290000 -4.987163
v 2.728837 3.210000 -4.987163
v 4.238081 3.250000 -4.780888
v 2.774571 3.250000 -4.780888
v 4.283816 3.210000 -4.719563
v 4.532816 5.520000 -5.026188
v 4.563306 3.300000 -5.020613
v 3.872204 5.550000 -5.020613
v 3.872204 5.550000 -4.842213
v 4.563306 5.550000 -4.842213
v 4.239909 3.348083 -4.842213
v 3.872204 5.547166 -4.931750
v 3.872204 3.300000 -5.020613
v 3.872204 3.302833 -4.931076
v 4.563306 5.547166 -4.931076
v 4.563306 3.300000 -4.842213
v 4.563306 3.302833 -4.931750
v 4.554122 5.550000 -4.927857
v 3.881388 5.550000 -4.934969
v 4.563306 5.550000 -5.020613
v 4.554122 3.300000 -4.934969
v 3.881388 3.300000 -4.927857
v 4.532816 3.330000 -5.026188
v 3.902694 5.520000 -5.026188
v 0.599633 2.150000 -5.012250
v 0.599633 1.750000 -5.012250
v 1.737918 1.750000 -5.012250
v 1.737918 2.150000 -4.984375
v 0.599633 2.150000 -4.984375
v 0.599633 1.750000 -4.984375
v 0.599633 2.149610 -4.998353
v 0.599633 1.750389 -4.998272
v 1.737918 2.149610 -4.998272
v 1.737918 1.750000 -4.984375
v 1.737918 2.150000 -5.012250
v 1.737918 1.750389 -4.998353
v 1.737777 2.150000 -4.998307
v 0.599774 2.150000 -4.998318
v 1.737777 1.750000 -4.998318
v 0.599774 1.750000 -4.998307
v 1.819224 2.150000 -5.012250
v 2.957510 1.750000 -5.012250
v 2.957510 2.150000 -4.984375
v 2.957510 1.750000 -4.984375
v 1.819224 1.750000 -4.984375
v 1.819224 2.149610 -4.998353
v 1.819224 2.150000 -4.984375
v 1.819224 1.750389 -4.998272
v 2.957510 2.149610 -4.998272
v 2.957510 1.750389 -4.998353
v 2.957368 2.150000 -4.998307
v 1.819366 2.150000 -4.998318
v 2.957510 2.150000 -5.012250
v 1.819224 1.750000 -5.012250
v 2.957368 1.750000 -4.998318
v 1.819366 1.750000 -4.998307
v 3.038816 2.150000 -5.012250
v 3.038816 1.750000 -5.012250
v 4.177102 1.750000 -5.012250
v 4.177102 2.150000 -4.984375
v 4.177102 1.750000 -4.984375
v 3.038816 1.750000 -4.984375
v 3.038816 2.149610 -4.998353
v 3.038816 2.150000 -4.984375
v 3.038816 1.750389 -4.998272
v 4.177102 2.149610 -4.998272
v 4.177102 2.150000 -5.012250
v 4.177102 1.750389 -4.998353
v 4.176960 2.150000 -4.998307
v 3.038958 2.150000 -4.998318
v 4.176960 1.750000 -4.998318
v 3.038958 1.750000 -4.998307
v 3.748842 3.574083 -5.093089
v 3.060545 3.375917 -5.093089
v 3.836633 3.150000 -5.093088
v 3.836633 3.800000 -4.591337
v 2.972755 3.150000 -4.591337
v 2.972755 3.800000 -5.093089
v 3.836633 3.800000 -5.093089
v 2.972755 3.150000 -5.093088
v 3.872204 3.300000 -4.842213
v 3.836633 3.150000 -4.591337
v 3.767553 3.388935 -5.109814
v 3.786072 3.518180 -5.109814
v 3.734180 3.629596 -5.109814
v 3.633116 3.694876 -5.109814
v 3.684184 3.290814 -5.109813
v 3.513844 3.698070 -5.109814
v 3.410901 3.639591 -5.109814
v 3.354076 3.536361 -5.109814
v 3.361001 3.417603 -5.109814
v 3.433120 3.317676 -5.109814
v 3.578475 3.268834 -5.109814
v 3.464591 3.292969 -5.132113
v 3.364868 3.375000 -5.132113
v 3.363529 3.406778 -5.132113
v 3.567306 3.260000 -5.132113
v 3.351851 3.528798 -5.132113
v 3.406202 3.635052 -5.132113
v 3.507872 3.696496 -5.132113
v 3.626740 3.696496 -5.132113
v 3.728410 3.635052 -5.132113
v 3.782761 3.528798 -5.132113
v 3.771083 3.406778 -5.132113
v 3.670022 3.292969 -5.132113
v 3.567306 3.260000 -5.109813
v 3.451236 3.290601 -5.120732
v 3.566499 3.260213 -5.121194
v 3.450428 3.290814 -5.132113
v 3.450428 3.290814 -5.109813
v 3.365459 3.374418 -5.120732
v 3.449837 3.291395 -5.121194
v 3.364868 3.375000 -5.109813
v 3.333767 3.489205 -5.120732
v 3.364652 3.375794 -5.121194
v 3.333551 3.490000 -5.132113
v 3.333551 3.490000 -5.109813
v 3.364652 3.604205 -5.120732
v 3.333767 3.490794 -5.121194
v 3.364868 3.605000 -5.132113
v 3.364868 3.605000 -5.109813
v 3.449837 3.688604 -5.120732
v 3.365459 3.605581 -5.121194
v 3.450428 3.689186 -5.132113
v 3.450428 3.689186 -5.109813
v 3.566499 3.719787 -5.120732
v 3.451236 3.689399 -5.121194
v 3.567306 3.720000 -5.132113
v 3.567306 3.720000 -5.109813
v 3.683376 3.689399 -5.120732
v 3.568113 3.719787 -5.121194
v 3.684184 3.689186 -5.132113
v 3.684184 3.689186 -5.109813
v 3.769153 3.605582 -5.120732
v 3.684775 3.688605 -5.121194
v 3.769744 3.605000 -5.132113
v 3.769744 3.605000 -5.109813
v 3.800845 3.490794 -5.120732
v 3.769961 3.604205 -5.121194
v 3.801061 3.490000 -5.132113
v 3.801061 3.490000 -5.109813
v 3.769961 3.375794 -5.120732
v 3.800845 3.489205 -5.121194
v 3.769744 3.375000 -5.132113
v 3.769744 3.375000 -5.109813
v 3.684775 3.291395 -5.120732
v 3.769153 3.374418 -5.121194
v 3.684184 3.290814 -5.132113
v 3.568113 3.260213 -5.120732
v 3.683376 3.290601 -5.121194
v 3.353878 3.345000 -5.168351
v 3.780358 3.332533 -5.168351
v 3.354254 3.332467 -5.168351
v 3.780735 3.320000 -5.168351
v 3.780735 3.345000 -5.140476
v 3.354254 3.332533 -5.140477
v 3.780358 3.332467 -5.140477
v 3.353878 3.320000 -5.140476
v 3.353878 3.341429 -5.160386
v 3.353878 3.320000 -5.168351
v 3.353878 3.345000 -5.140476
v 3.353878 3.323571 -5.148440
v 3.780735 3.341429 -5.148440
v 3.780735 3.345000 -5.168351
v 3.780735 3.323571 -5.160386
v 3.780358 3.345000 -5.154377
v 3.354254 3.345000 -5.154450
v 3.780358 3.320000 -5.154450
v 3.354254 3.320000 -5.154377
v 3.780735 3.320000 -5.140476
v 3.353878 3.412000 -5.168351
v 3.780358 3.399533 -5.168351
v 3.354254 3.399467 -5.168351
v 3.780735 3.387000 -5.168351
v 3.780735 3.412000 -5.140476
v 3.354254 3.399533 -5.140477
v 3.780358 3.399467 -5.140477
v 3.353878 3.387000 -5.140476
v 3.353878 3.408428 -5.160387
v 3.353878 3.390571 -5.148440
v 3.780735 3.408428 -5.148440
v 3.780735 3.387000 -5.140476
v 3.780735 3.390571 -5.160386
v 3.353878 3.412000 -5.140476
v 3.780358 3.412000 -5.154377
v 3.354254 3.412000 -5.154450
v 3.780735 3.412000 -5.168351
v 3.353878 3.387000 -5.168351
v 3.780358 3.387000 -5.154450
v 3.354254 3.387000 -5.154377
v 3.353878 3.479000 -5.168351
v 3.780358 3.466533 -5.168351
v 3.354254 3.466467 -5.168351
v 3.780735 3.454000 -5.168351
v 3.780735 3.479000 -5.140476
v 3.354254 3.466533 -5.140477
v 3.780358 3.466467 -5.140477
v 3.353878 3.454000 -5.140476
v 3.353878 3.475429 -5.160386
v 3.353878 3.454000 -5.168351
v 3.353878 3.479000 -5.140476
v 3.353878 3.457571 -5.148440
v 3.780735 3.475429 -5.148440
v 3.780735 3.479000 -5.168351
v 3.780735 3.457571 -5.160386
v 3.780358 3.479000 -5.154377
v 3.354254 3.479000 -5.154450
v 3.780358 3.454000 -5.154450
v 3.354254 3.454000 -5.154377
v 3.780735 3.454000 -5.140476
v 3.353878 3.546000 -5.168351
v 3.780358 3.533533 -5.168351
v 3.354254 3.533467 -5.168351
v 3.780735 3.521000 -5.168351
v 3.780735 3.546000 -5.140476
v 3.354254 3.533533 -5.140477
v 3.780358 3.533467 -5.140477
v 3.353878 3.521000 -5.140476
v 3.353878 3.542428 -5.160386
v 3.353878 3.524571 -5.148440
v 3.780735 3.542428 -5.148440
v 3.780735 3.521000 -5.140476
v 3.780735 3.546000 -5.168351
v 3.780735 3.524571 -5.160386
v 3.353878 3.546000 -5.140476
v 3.780358 3.546000 -5.154377
v 3.354254 3.546000 -5.154450
v 3.353878 3.521000 -5.168351
v 3.780358 3.521000 -5.154450
v 3.354254 3.521000 -5.154377
v 3.353878 3.613000 -5.168351
v 3.780358 3.600533 -5.168351
v 3.354254 3.600466 -5.168351
v 3.780735 3.588000 -5.168351
v 3.780735 3.613000 -5.140476
v 3.354254 3.600533 -5.140477
v 3.780358 3.600466 -5.140477
v 3.353878 3.588000 -5.140476
v 3.353878 3.609428 -5.160386
v 3.353878 3.613000 -5.140476
v 3.353878 3.591571 -5.148440
v 3.780735 3.609428 -5.148440
v 3.780735 3.613000 -5.168351
v 3.780735 3.591571 -5.160387
v 3.780358 3.613000 -5.154377
v 3.354254 3.613000 -5.154450
v 3.353878 3.588000 -5.168351
v 3.780358 3.588000 -5.154450
v 3.354254 3.588000 -5.154377
v 3.780735 3.588000 -5.140476
v 3.353878 3.680000 -5.168351
v 3.780358 3.667533 -5.168351
v 3.354254 3.667467 -5.168351
v 3.780735 3.655000 -5.168351
v 3.780735 3.680000 -5.140476
v 3.354254 3.667533 -5.140477
v 3.780358 3.667467 -5.140477
v 3.353878 3.655000 -5.140476
v 3.353878 3.676429 -5.160386
v 3.353878 3.655000 -5.168351
v 3.353878 3.680000 -5.140476
v 3.353878 3.658571 -5.148440
v 3.780735 3.676429 -5.148440
v 3.780735 3.680000 -5.168351
v 3.780735 3.658571 -5.160386
v 3.780358 3.680000 -5.154377
v 3.354254 3.680000 -5.154450
v 3.780358 3.655000 -5.154450
v 3.354254 3.655000 -5.154377
v 3.780735 3.655000 -5.140476
v 3.112007 3.664627 -5.132113
v 3.155694 3.310000 -5.132113
v 3.064224 3.670000 -5.132113
v 3.107911 3.315373 -5.132113
v 3.107911 3.664627 -5.098664
v 3.064224 3.310000 -5.098663
v 3.155694 3.670000 -5.098663
v 3.112007 3.315373 -5.098664
v 3.064224 3.669378 -5.115475
v 3.064224 3.310000 -5.132113
v 3.064224 3.670000 -5.098663
v 3.064224 3.310622 -5.115301
v 3.155694 3.669378 -5.115301
v 3.155694 3.670000 -5.132113
v 3.155694 3.310622 -5.115475
v 3.153348 3.670000 -5.114101
v 3.066570 3.670000 -5.116674
v 3.153348 3.310000 -5.116674
v 3.066570 3.310000 -5.114101
v 3.155694 3.310000 -5.098663
v 3.059143 3.150000 -5.165563
v 3.130563 3.127767 -5.165563
v 3.069029 3.102233 -5.165563
v 3.140449 3.080000 -5.165563
v 3.140449 3.150000 -4.518862
v 3.069029 3.127767 -4.518862
v 3.130563 3.102233 -4.518862
v 3.059143 3.080000 -4.518862
v 3.059143 3.150000 -4.518862
v 3.059143 3.115378 -5.163233
v 3.059143 3.114622 -4.521192
v 3.059143 3.080000 -5.165563
v 3.140449 3.150000 -5.165563
v 3.140449 3.115378 -4.521192
v 3.140449 3.114622 -5.163233
v 3.100368 3.150000 -4.521895
v 3.099224 3.150000 -5.162530
v 3.100368 3.080000 -5.162530
v 3.140449 3.080000 -4.518862
v 3.099224 3.080000 -4.521895
v 3.668939 3.150000 -5.165563
v 3.740359 3.127767 -5.165563
v 3.678824 3.102233 -5.165563
v 3.750245 3.080000 -5.165563
v 3.750245 3.150000 -4.518862
v 3.678824 3.127767 -4.518862
v 3.740359 3.102233 -4.518862
v 3.668939 3.080000 -4.518862
v 3.668939 3.115378 -5.163233
v 3.668939 3.114622 -4.521192
v 3.750245 3.115378 -4.521192
v 3.750245 3.114622 -5.163233
v 3.710164 3.150000 -4.521895
v 3.750245 3.150000 -5.165563
v 3.668939 3.150000 -4.518862
v 3.709020 3.150000 -5.162530
v 3.710164 3.080000 -5.162530
v 3.750245 3.080000 -4.518862
v 3.668939 3.080000 -5.165563
v 3.709020 3.080000 -4.521895
v -4.873286 4.540000 3.325173
v -4.720837 4.540000 1.886821
v -4.720837 3.400000 3.325173
v -4.798038 4.535129 3.325174
v -4.796084 3.404871 3.325174
v -4.796084 4.535129 1.886821
v -4.720837 3.400000 1.886821
v -4.873286 4.540000 1.886821
v -4.798038 3.404871 1.886822
v -4.720837 4.540000 3.325173
v -4.796296 4.540000 1.891634
v -4.797827 4.540000 3.320360
v -4.873286 3.400000 3.325173
v -4.797827 3.400000 1.891634
v -4.796296 3.400000 3.320360
v -4.901235 4.470000 3.247123
v -4.901235 3.470000 3.247123
v -4.901235 3.470000 1.964871
v -4.875826 4.470000 1.964871
v -4.875826 3.470000 1.964871
v -4.875826 3.470000 3.247123
v -4.888537 4.469843 3.247123
v -4.888525 3.470156 3.247123
v -4.888525 4.469843 1.964871
v -4.888537 3.470156 1.964871
v -4.875826 4.470000 3.247123
v -4.888526 4.470000 1.965023
v -4.888535 4.470000 3.246972
v -4.901235 4.470000 1.964871
v -4.888535 3.470000 1.965023
v -4.888526 3.470000 3.246972
v -4.946969 4.509528 3.247090
v -4.946969 3.440000 3.222036
v -4.946969 4.510000 3.272211
v -4.946969 3.440473 3.247156
v -4.891071 4.509528 3.247156
v -4.891071 3.440000 3.272211
v -4.891071 4.510000 3.222036
v -4.891071 3.440473 3.247090
v -4.919076 4.509295 3.272211
v -4.918965 3.440706 3.272211
v -4.918965 4.509295 3.222036
v -4.891071 3.440000 3.222036
v -4.946969 4.510000 3.222036
v -4.919076 3.440706 3.222036
v -4.897299 4.510000 3.238738
v -4.891071 4.510000 3.272211
v -4.940741 4.510000 3.255509
v -4.940741 3.440000 3.238738
v -4.897299 3.440000 3.255509
v -4.946969 4.509528 2.605964
v -4.946969 3.440000 2.580910
v -4.946969 4.510000 2.631085
v -4.946969 3.440473 2.606030
v -4.891071 4.509528 2.606030
v -4.891071 3.440000 2.631085
v -4.891071 4.510000 2.580910
v -4.891071 3.440473 2.605964
v -4.919076 4.509295 2.631085
v -4.918965 3.440706 2.631085
v -4.918965 4.509295 2.580910
v -4.891071 3.440000 2.580910
v -4.919076 3.440706 2.580910
v -4.897299 4.510000 2.597612
v -4.946969 4.510000 2.580910
v -4.891071 4.510000 2.631085
v -4.940741 4.510000 2.614383
v -4.940741 3.440000 2.597612
v -4.946969 3.440000 2.631085
v -4.897299 3.440000 2.614383
v -4.946969 4.509528 1.964838
v -4.946969 3.440000 1.939784
v -4.946969 4.510000 1.989959
v -4.946969 3.440473 1.964905
v -4.891071 4.509528 1.964905
v -4.891071 3.440000 1.989959
v -4.891071 4.510000 1.939784
v -4.891071 3.440473 1.964838
v -4.919076 4.509295 1.989959
v -4.891071 4.510000 1.989959
v -4.918965 3.440706 1.989959
v -4.918965 4.509295 1.939784
v -4.891071 3.440000 1.939784
v -4.919076 3.440706 1.939784
v -4.897299 4.510000 1.956486
v -4.946969 4.510000 1.939784
v -4.940741 4.510000 1.973257
v -4.940741 3.440000 1.956486
v -4.946969 3.440000 1.989959
v -4.897299 3.440000 1.973257
v -5.061306 3.440000 3.375348
v -5.061306 3.400101 1.837936
v -5.061306 3.399899 3.374059
v -5.061306 3.360000 1.836646
v -4.817388 3.440000 1.836646
v -4.817388 3.400101 3.374059
v -4.817388 3.399899 1.837936
v -4.817388 3.360000 3.375348
v -5.055051 3.403077 3.375349
v -4.823642 3.396923 3.375349
v -4.823642 3.403077 1.836646
v -5.055051 3.396923 1.836646
v -4.817388 3.440000 3.375348
v -4.946969 3.440000 3.272211
v -5.061306 3.440000 1.836646
v -5.061306 3.360000 3.375348
v -4.873286 3.400000 1.886821
v -4.817388 3.360000 1.836646
v -4.873286 4.540000 0.537669
v -4.875826 4.470000 -0.822632
v -4.720837 4.540000 -0.900683
v -4.720837 3.400000 0.537670
v -4.798038 4.535129 0.537669
v -4.796084 3.404871 0.537670
v -4.796084 4.535129 -0.900683
v -4.798038 3.404871 -0.900682
v -4.720837 4.540000 0.537669
v -4.796296 4.540000 -0.895869
v -4.797827 4.540000 0.532856
v -4.873286 4.540000 -0.900683
v -4.873286 3.400000 0.537670
v -4.797827 3.400000 -0.895869
v -4.796296 3.400000 0.532856
v -4.720837 3.400000 -0.900682
v -4.901235 4.470000 0.459619
v -4.901235 3.470000 0.459619
v -4.901235 3.470000 -0.822632
v -4.875826 3.470000 0.459619
v -4.888537 4.469843 0.459619
v -4.875826 4.470000 0.459619
v -4.888525 3.470156 0.459619
v -4.888525 4.469843 -0.822632
v -4.875826 3.470000 -0.822632
v -4.888537 3.470156 -0.822632
v -4.888526 4.470000 -0.822481
v -4.888535 4.470000 0.459468
v -4.901235 4.470000 -0.822632
v -4.888535 3.470000 -0.822481
v -4.888526 3.470000 0.459468
v -4.946969 4.509528 0.459586
v -4.946969 3.440000 0.434532
v -4.946969 4.510000 0.484707
v -4.946969 3.440473 0.459653
v -4.891071 4.509528 0.459653
v -4.891071 3.440000 0.484707
v -4.891071 4.510000 0.434532
v -4.891071 3.440473 0.459586
v -4.919076 4.509295 0.484707
v -4.918965 3.440706 0.484707
v -4.918965 4.509295 0.434532
v -4.891071 3.440000 0.434532
v -4.919076 3.440706 0.434532
v -4.897299 4.510000 0.451234
v -4.946969 4.510000 0.434532
v -4.891071 4.510000 0.484707
v -4.940741 4.510000 0.468005
v -4.940741 3.440000 0.451234
v -4.946969 3.440000 0.484707
v -4.897299 3.440000 0.468005
v -4.946969 4.509528 -0.181540
v -4.946969 3.440000 -0.206594
v -4.946969 4.510000 -0.156419
v -4.946969 3.440473 -0.181473
v -4.891071 4.509528 -0.181473
v -4.891071 3.440000 -0.156419
v -4.891071 4.510000 -0.206594
v -4.891071 3.440473 -0.181540
v -4.919076 4.509295 -0.156419
v -4.918965 3.440706 -0.156419
v -4.918965 4.509295 -0.206594
v -4.891071 3.440000 -0.206594
v -4.919076 3.440706 -0.206594
v -4.897299 4.510000 -0.189892
v -4.946969 4.510000 -0.206594
v -4.891071 4.510000 -0.156419
v -4.940741 4.510000 -0.173121
v -4.940741 3.440000 -0.189892
v -4.946969 3.440000 -0.156419
v -4.897299 3.440000 -0.173121
v -4.946969 4.509528 -0.822666
v -4.946969 3.440000 -0.847720
v -4.946969 4.510000 -0.797545
v -4.946969 3.440473 -0.822599
v -4.891071 4.509528 -0.822599
v -4.891071 3.440000 -0.797545
v -4.891071 4.510000 -0.847720
v -4.891071 3.440473 -0.822666
v -4.919076 4.509295 -0.797545
v -4.891071 4.510000 -0.797545
v -4.918965 3.440706 -0.797545
v -4.918965 4.509295 -0.847720
v -4.891071 3.440000 -0.847720
v -4.919076 3.440706 -0.847720
v -4.897299 4.510000 -0.831018
v -4.946969 4.510000 -0.847720
v -4.940741 4.510000 -0.814247
v -4.940741 3.440000 -0.831018
v -4.946969 3.440000 -0.797545
v -4.897299 3.440000 -0.814247
v -5.061306 3.440000 0.587845
v -5.061306 3.400101 -0.949568
v -5.061306 3.399899 0.586555
v -5.061306 3.360000 -0.950857
v -4.817388 3.440000 -0.950857
v -4.817388 3.400101 0.586555
v -4.817388 3.399899 -0.949568
v -4.817388 3.360000 0.587845
v -5.055051 3.403077 0.587845
v -4.823642 3.396923 0.587845
v -4.823642 3.403077 -0.950857
v -5.055051 3.396923 -0.950857
v -4.817388 3.360000 -0.950857
v -4.817388 3.440000 0.587845
v -5.061306 3.440000 -0.950857
v -5.061306 3.360000 0.587845
v -4.873286 3.400000 -0.900682
v -4.873286 4.540000 -2.249834
v -4.720837 4.540000 -3.688186
v -4.720837 3.400000 -2.249834
v -4.798038 4.535129 -2.249834
v -4.796084 3.404871 -2.249834
v -4.796084 4.535129 -3.688186
v -4.873286 4.540000 -3.688186
v -4.798038 3.404871 -3.688186
v -4.720837 4.540000 -2.249834
v -4.796296 4.540000 -3.683373
v -4.797827 4.540000 -2.254647
v -4.873286 3.400000 -2.249834
v -4.797827 3.400000 -3.683373
v -4.796296 3.400000 -2.254647
v -4.720837 3.400000 -3.688186
v -4.901235 4.470000 -2.327884
v -4.901235 3.470000 -3.610136
v -4.875826 4.470000 -3.610136
v -4.875826 3.470000 -2.327884
v -4.888537 4.469843 -2.327884
v -4.901235 3.470000 -2.327884
v -4.875826 4.470000 -2.327884
v -4.888525 3.470156 -2.327884
v -4.888525 4.469843 -3.610136
v -4.875826 3.470000 -3.610136
v -4.888537 3.470156 -3.610136
v -4.888526 4.470000 -3.609985
v -4.888535 4.470000 -2.328036
v -4.901235 4.470000 -3.610136
v -4.888535 3.470000 -3.609985
v -4.888526 3.470000 -2.328036
v -4.946969 4.509528 -2.327918
v -4.946969 3.440000 -2.352972
v -4.946969 4.510000 -2.302797
v -4.946969 3.440472 -2.327851
v -4.891071 4.509528 -2.327851
v -4.891071 3.440000 -2.302797
v -4.891071 4.510000 -2.352972
v -4.891071 3.440472 -2.327918
v -4.919076 4.509295 -2.302797
v -4.946969 3.440000 -2.302797
v -4.918965 3.440705 -2.302797
v -4.918965 4.509295 -2.352972
v -4.946969 4.510000 -2.352972
v -4.919076 3.440705 -2.352972
v -4.897299 4.510000 -2.336270
v -4.891071 4.510000 -2.302797
v -4.940741 4.510000 -2.319499
v -4.940741 3.440000 -2.336270
v -4.891071 3.440000 -2.352972
v -4.897299 3.440000 -2.319499
v -4.946969 4.509528 -2.969043
v -4.946969 3.440000 -2.994098
v -4.946969 4.510000 -2.943923
v -4.946969 3.440472 -2.968977
v -4.891071 4.509528 -2.968977
v -4.891071 3.440000 -2.943923
v -4.891071 4.510000 -2.994098
v -4.891071 3.440472 -2.969043
v -4.919076 4.509295 -2.943923
v -4.946969 3.440000 -2.943923
v -4.891071 4.510000 -2.943923
v -4.918965 3.440705 -2.943923
v -4.918965 4.509295 -2.994098
v -4.891071 3.440000 -2.994098
v -4.946969 4.510000 -2.994098
v -4.919076 3.440705 -2.994098
v -4.897299 4.510000 -2.977396
v -4.940741 4.510000 -2.960625
v -4.940741 3.440000 -2.977396
v -4.897299 3.440000 -2.960625
v -4.946969 4.509528 -3.610169
v -4.946969 3.440000 -3.635224
v -4.946969 4.510000 -3.585048
v -4.946969 3.440472 -3.610103
v -4.891071 4.509528 -3.610103
v -4.891071 3.440000 -3.585048
v -4.891071 4.510000 -3.635224
v -4.891071 3.440472 -3.610169
v -4.919076 4.509295 -3.585049
v -4.891071 4.510000 -3.585048
v -4.918965 3.440705 -3.585049
v -4.918965 4.509295 -3.635224
v -4.891071 3.440000 -3.635224
v -4.919076 3.440705 -3.635224
v -4.897299 4.510000 -3.618522
v -4.946969 4.510000 -3.635224
v -4.940741 4.510000 -3.601751
v -4.940741 3.440000 -3.618522
v -4.946969 3.440000 -3.585048
v -4.897299 3.440000 -3.601751
v -5.061306 3.440000 -2.199659
v -5.061306 3.400100 -3.737072
v -5.061306 3.399899 -2.200948
v -5.061306 3.360000 -3.738361
v -4.817388 3.440000 -3.738361
v -4.817388 3.400100 -2.200949
v -4.817388 3.399899 -3.737072
v -4.817388 3.360000 -2.199659
v -4.817388 3.440000 -2.199659
v -5.055051 3.403077 -2.199659
v -4.823642 3.396923 -2.199659
v -5.061306 3.440000 -3.738361
v -4.823642 3.403077 -3.738361
v -5.055051 3.396923 -3.738361
v -4.817388 3.360000 -3.738361
v -5.061306 3.360000 -2.199659
v -4.873286 3.400000 -3.688186
v 3.750245 -0.000000 -5.399713
v 4.542979 1.830000 -4.641512
v 3.750245 1.830000 -5.399713
v 4.542979 -0.000000 -4.641512
v 4.542979 -0.000000 -5.399713
v 3.750245 1.830000 -4.641512
v 4.542979 1.830000 -5.399713
v 3.750245 -0.000000 -4.641512
v 4.471837 0.630000 -5.424800
v 3.821388 1.650000 -5.424800
v 4.103418 1.410000 -5.422013
v 3.821388 0.630000 -5.396925
v 4.471837 1.650000 -5.396925
v 4.255867 0.820000 -5.422013
v 3.821388 1.649847 -5.410869
v 3.821388 1.650000 -5.396925
v 3.821388 0.630153 -5.410856
v 4.471837 1.649847 -5.410856
v 4.471837 0.630000 -5.396925
v 4.471837 0.630153 -5.410869
v 4.471589 1.650000 -5.410847
v 3.821635 1.650000 -5.410879
v 4.471837 1.650000 -5.424800
v 3.821388 0.630000 -5.424800
v 4.471589 0.630000 -5.410879
v 3.821635 0.630000 -5.410847
v 3.920470 0.941343 -5.466613
v 3.950969 0.820000 -5.466613
v 3.874745 0.950000 -5.466613
v 3.905244 0.828656 -5.466613
v 3.905244 0.941343 -5.422013
v 3.874745 0.820000 -5.422013
v 3.950969 0.950000 -5.422013
v 3.920470 0.828656 -5.422013
v 3.874745 0.947127 -5.445792
v 3.874745 0.950000 -5.422013
v 3.874745 0.822873 -5.442834
v 3.950970 0.947127 -5.442834
v 3.950969 0.950000 -5.466613
v 3.950970 0.822873 -5.445792
v 3.946502 0.950000 -5.440392
v 3.879212 0.950000 -5.448234
v 3.874745 0.820000 -5.466613
v 3.946502 0.820000 -5.448234
v 3.879212 0.820000 -5.440392
v 3.950969 0.820000 -5.422013
v 4.072919 0.941343 -5.466613
v 4.103418 0.820000 -5.466613
v 4.027194 0.950000 -5.466613
v 4.057693 0.828656 -5.466613
v 4.057693 0.941343 -5.422013
v 4.027194 0.820000 -5.422013
v 4.103418 0.950000 -5.422013
v 4.072919 0.828656 -5.422013
v 4.027194 0.947127 -5.445792
v 4.027194 0.822873 -5.442834
v 4.103418 0.947127 -5.442834
v 4.103418 0.820000 -5.422013
v 4.103418 0.950000 -5.466613
v 4.103418 0.822873 -5.445792
v 4.027194 0.950000 -5.422013
v 4.098951 0.950000 -5.440392
v 4.031662 0.950000 -5.448234
v 4.027194 0.820000 -5.466613
v 4.098951 0.820000 -5.448234
v 4.031662 0.820000 -5.440392
v 4.225368 0.941343 -5.466613
v 4.255867 0.820000 -5.466613
v 4.179643 0.950000 -5.466613
v 4.210142 0.828656 -5.466613
v 4.210142 0.941343 -5.422013
v 4.179643 0.820000 -5.422013
v 4.255867 0.950000 -5.422013
v 4.225368 0.828656 -5.422013
v 4.179643 0.947127 -5.445792
v 4.179643 0.950000 -5.422013
v 4.179643 0.822873 -5.442834
v 4.255867 0.947127 -5.442834
v 4.255867 0.822873 -5.445792
v 4.251400 0.950000 -5.440392
v 4.184110 0.950000 -5.448234
v 4.255867 0.950000 -5.466613
v 4.179643 0.820000 -5.466613
v 4.251400 0.820000 -5.448234
v 4.184110 0.820000 -5.440392
v 4.377818 0.941343 -5.466613
v 4.408316 0.820000 -5.466613
v 4.332092 0.950000 -5.466613
v 4.362591 0.828656 -5.466613
v 4.362591 0.941343 -5.422013
v 4.332092 0.820000 -5.422013
v 4.408316 0.950000 -5.422013
v 4.377818 0.828656 -5.422013
v 4.332092 0.947127 -5.445792
v 4.332092 0.822873 -5.442834
v 4.408317 0.947127 -5.442834
v 4.408317 0.822873 -5.445792
v 4.332092 0.950000 -5.422013
v 4.403849 0.950000 -5.440392
v 4.336559 0.950000 -5.448234
v 4.408316 0.950000 -5.466613
v 4.332092 0.820000 -5.466613
v 4.403849 0.820000 -5.448234
v 4.336559 0.820000 -5.440392
v 4.408316 0.820000 -5.422013
v 3.920470 1.171343 -5.466613
v 3.950969 1.050000 -5.466613
v 3.874745 1.180000 -5.466613
v 3.905244 1.058656 -5.466613
v 3.905244 1.171343 -5.422013
v 3.874745 1.050000 -5.422013
v 3.950969 1.180000 -5.422013
v 3.920470 1.058656 -5.422013
v 3.874745 1.177127 -5.445792
v 3.874745 1.050000 -5.466613
v 3.874745 1.180000 -5.422013
v 3.874745 1.052873 -5.442834
v 3.950970 1.177127 -5.442834
v 3.950969 1.050000 -5.422013
v 3.950969 1.180000 -5.466613
v 3.950970 1.052873 -5.445792
v 3.946502 1.180000 -5.440392
v 3.879212 1.180000 -5.448234
v 3.946502 1.050000 -5.448234
v 3.879212 1.050000 -5.440392
v 4.072919 1.171343 -5.466613
v 4.103418 1.050000 -5.466613
v 4.027194 1.180000 -5.466613
v 4.057693 1.058656 -5.466613
v 4.057693 1.171343 -5.422013
v 4.027194 1.050000 -5.422013
v 4.103418 1.180000 -5.422013
v 4.072919 1.058656 -5.422013
v 4.027194 1.177127 -5.445792
v 4.027194 1.050000 -5.466613
v 4.027194 1.180000 -5.422013
v 4.027194 1.052873 -5.442834
v 4.103418 1.177127 -5.442834
v 4.103418 1.180000 -5.466613
v 4.103418 1.052873 -5.445792
v 4.098951 1.180000 -5.440392
v 4.031662 1.180000 -5.448234
v 4.098951 1.050000 -5.448234
v 4.031662 1.050000 -5.440392
v 4.103418 1.050000 -5.422013
v 4.225368 1.171343 -5.466613
v 4.255867 1.050000 -5.466613
v 4.179643 1.180000 -5.466613
v 4.210142 1.058656 -5.466613
v 4.210142 1.171343 -5.422013
v 4.179643 1.050000 -5.422013
v 4.255867 1.180000 -5.422013
v 4.225368 1.058656 -5.422013
v 4.179643 1.177127 -5.445792
v 4.179643 1.180000 -5.422013
v 4.179643 1.052873 -5.442834
v 4.255867 1.177127 -5.442834
v 4.255867 1.052873 -5.445792
v 4.251400 1.180000 -5.440392
v 4.184110 1.180000 -5.448234
v 4.255867 1.180000 -5.466613
v 4.179643 1.050000 -5.466613
v 4.251400 1.050000 -5.448234
v 4.184110 1.050000 -5.440392
v 4.255867 1.050000 -5.422013
v 4.377818 1.171343 -5.466613
v 4.408316 1.050000 -5.466613
v 4.332092 1.180000 -5.466613
v 4.362590 1.058656 -5.466613
v 4.362591 1.171343 -5.422013
v 4.332092 1.050000 -5.422013
v 4.408316 1.180000 -5.422013
v 4.377818 1.058656 -5.422013
v 4.332092 1.177127 -5.445792
v 4.332092 1.052873 -5.442834
v 4.408317 1.177127 -5.442834
v 4.408317 1.052873 -5.445792
v 4.332092 1.180000 -5.422013
v 4.403849 1.180000 -5.440392
v 4.336559 1.180000 -5.448234
v 4.408316 1.180000 -5.466613
v 4.332092 1.050000 -5.466613
v 4.403849 1.050000 -5.448234
v 4.336559 1.050000 -5.440392
v 4.408316 1.050000 -5.422013
v 3.920470 1.401343 -5.466613
v 3.950969 1.280000 -5.466613
v 3.874745 1.410000 -5.466613
v 3.905244 1.288656 -5.466613
v 3.905244 1.401343 -5.422013
v 3.874745 1.280000 -5.422013
v 3.950969 1.410000 -5.422013
v 3.920470 1.288656 -5.422013
v 3.874745 1.407127 -5.445792
v 3.874745 1.280000 -5.466613
v 3.874745 1.410000 -5.422013
v 3.874745 1.282873 -5.442834
v 3.950970 1.407127 -5.442834
v 3.950969 1.280000 -5.422013
v 3.950969 1.410000 -5.466613
v 3.950970 1.282873 -5.445792
v 3.946502 1.410000 -5.440392
v 3.879212 1.410000 -5.448234
v 3.946502 1.280000 -5.448234
v 3.879212 1.280000 -5.440392
v 4.072919 1.401343 -5.466613
v 4.103418 1.280000 -5.466613
v 4.027194 1.410000 -5.466613
v 4.057693 1.288656 -5.466613
v 4.057693 1.401343 -5.422013
v 4.027194 1.280000 -5.422013
v 4.072919 1.288656 -5.422013
v 4.027194 1.407127 -5.445792
v 4.027194 1.280000 -5.466613
v 4.027194 1.410000 -5.422013
v 4.027194 1.282873 -5.442834
v 4.103418 1.407127 -5.442834
v 4.103418 1.280000 -5.422013
v 4.103418 1.282873 -5.445792
v 4.098951 1.410000 -5.440392
v 4.031662 1.410000 -5.448234
v 4.103418 1.410000 -5.466613
v 4.098951 1.280000 -5.448234
v 4.031662 1.280000 -5.440392
v 4.225368 1.401343 -5.466613
v 4.255867 1.280000 -5.466613
v 4.179643 1.410000 -5.466613
v 4.210142 1.288656 -5.466613
v 4.210142 1.401343 -5.422013
v 4.179643 1.280000 -5.422013
v 4.255867 1.410000 -5.422013
v 4.225368 1.288656 -5.422013
v 4.179643 1.407127 -5.445792
v 4.179643 1.282873 -5.442834
v 4.255867 1.407127 -5.442834
v 4.255867 1.282873 -5.445792
v 4.179643 1.410000 -5.422013
v 4.251400 1.410000 -5.440392
v 4.184110 1.410000 -5.448234
v 4.255867 1.410000 -5.466613
v 4.179643 1.280000 -5.466613
v 4.251400 1.280000 -5.448234
v 4.184110 1.280000 -5.440392
v 4.255867 1.280000 -5.422013
v 4.377818 1.401343 -5.466613
v 4.408316 1.280000 -5.466613
v 4.332092 1.410000 -5.466613
v 4.362590 1.288656 -5.466613
v 4.362591 1.401343 -5.422013
v 4.332092 1.280000 -5.422013
v 4.408316 1.410000 -5.422013
v 4.377818 1.288656 -5.422013
v 4.332092 1.407127 -5.445792
v 4.332092 1.280000 -5.466613
v 4.332092 1.282873 -5.442834
v 4.408317 1.407127 -5.442834
v 4.408316 1.410000 -5.466613
v 4.408317 1.282873 -5.445792
v 4.332092 1.410000 -5.422013
v 4.403849 1.410000 -5.440392
v 4.336559 1.410000 -5.448234
v 4.403849 1.280000 -5.448234
v 4.336559 1.280000 -5.440392
v 4.408316 1.280000 -5.422013
v -3.821516 0.084050 -5.433163
v -4.410728 0.075949 -5.433163
v -3.811224 -0.000000 -5.433163
v -4.410728 0.084050 -4.652662
v -3.821516 0.075949 -4.652662
v -4.421020 -0.000000 -4.652662
v -4.421020 0.160000 -4.652662
v -4.421020 0.083016 -5.423353
v -4.421020 0.076983 -4.662472
v -4.421020 -0.000000 -5.433163
v -3.811224 0.160000 -5.433163
v -3.811224 0.083016 -4.662472
v -3.811224 0.076983 -5.423353
v -3.811224 -0.000000 -4.652662
v -4.090714 0.240000 -4.858938
v -4.421020 0.160000 -5.433163
v -4.471837 0.660000 -5.405288
v -3.760408 0.660000 -4.680537
v -3.811224 0.160000 -4.652662
v -4.471837 0.160000 -4.680537
v -3.760408 0.160000 -5.405288
v -4.471837 0.660000 -4.680537
v -3.760408 0.660000 -5.405288
v -4.471837 0.160000 -5.405288
v -4.166939 0.170000 -4.853363
v -3.760408 0.160000 -4.680537
v -2.718673 0.150000 -5.226888
v -3.379286 1.300000 -5.226888
v -3.379286 0.150000 -5.059638
v -2.718673 1.300000 -5.059638
v -2.835551 0.280000 -5.020613
v -3.379286 1.295170 -5.144316
v -3.379286 0.150000 -5.226888
v -3.379286 0.154829 -5.142210
v -2.718673 1.295170 -5.142210
v -2.718673 0.150000 -5.059638
v -2.718673 0.154829 -5.144316
v -3.379286 1.300000 -5.059638
v -2.727131 1.300000 -5.140051
v -3.370828 1.300000 -5.146474
v -2.718673 1.300000 -5.226888
v -2.727131 0.150000 -5.146474
v -3.370828 0.150000 -5.140051
v -2.749163 1.270000 -5.233578
v -2.749163 0.180000 -5.233578
v -3.348796 1.270000 -5.233578
v -3.348796 0.180000 -5.233578
v 4.460271 0.824083 4.139125
v 3.771974 0.625917 4.139125
v 4.548061 1.050000 4.640875
v 3.684184 1.050000 4.640875
v 4.461673 0.400000 4.713350
v 3.684184 0.400000 4.640875
v 3.684184 1.050000 4.139125
v 4.548061 1.050000 4.139125
v 3.684184 0.400000 4.139125
v 4.548061 0.400000 4.139125
v 4.548061 0.400000 4.640875
v 4.395612 0.540814 4.122399
v 4.478981 0.638935 4.122400
v 4.497500 0.768180 4.122400
v 4.445609 0.879597 4.122400
v 4.344544 0.944877 4.122400
v 4.225273 0.948071 4.122400
v 4.122330 0.889591 4.122400
v 4.065505 0.786361 4.122400
v 4.072430 0.667603 4.122400
v 4.144549 0.567677 4.122400
v 4.289904 0.518834 4.122400
v 4.161857 0.540814 4.122399
v 4.278735 0.510000 4.100100
v 4.156673 0.553960 4.100100
v 4.074958 0.656779 4.100100
v 4.063280 0.778798 4.100100
v 4.117631 0.885052 4.100100
v 4.219301 0.946496 4.100100
v 4.338169 0.946496 4.100100
v 4.439838 0.885052 4.100100
v 4.494190 0.778798 4.100100
v 4.482511 0.656779 4.100100
v 4.381450 0.542970 4.100100
v 4.278735 0.510000 4.122399
v 4.162664 0.540601 4.111481
v 4.277927 0.510213 4.111019
v 4.161857 0.540814 4.100100
v 4.076888 0.624419 4.111481
v 4.161266 0.541396 4.111019
v 4.076297 0.625000 4.100100
v 4.076297 0.625000 4.122399
v 4.045196 0.739206 4.111481
v 4.076081 0.625795 4.111019
v 4.044980 0.740000 4.100100
v 4.044980 0.740000 4.122399
v 4.076081 0.854206 4.111481
v 4.045196 0.740795 4.111019
v 4.076297 0.855000 4.100100
v 4.076297 0.855000 4.122399
v 4.161266 0.938605 4.111481
v 4.076888 0.855582 4.111019
v 4.161857 0.939186 4.100100
v 4.161857 0.939186 4.122399
v 4.277927 0.969787 4.111481
v 4.162664 0.939399 4.111019
v 4.278735 0.970000 4.100100
v 4.278735 0.970000 4.122399
v 4.394804 0.939399 4.111481
v 4.279542 0.969787 4.111019
v 4.395612 0.939186 4.100100
v 4.395612 0.939186 4.122399
v 4.480581 0.855582 4.111481
v 4.396203 0.938605 4.111019
v 4.481173 0.855000 4.100100
v 4.481173 0.855000 4.122399
v 4.512274 0.740795 4.111481
v 4.481389 0.854206 4.111019
v 4.512490 0.740000 4.100100
v 4.512490 0.740000 4.122399
v 4.481389 0.625795 4.111481
v 4.512274 0.739206 4.111019
v 4.481173 0.625000 4.100100
v 4.481173 0.625000 4.122399
v 4.396203 0.541396 4.111481
v 4.480581 0.624419 4.111019
v 4.395612 0.540814 4.100100
v 4.279542 0.510213 4.111481
v 4.394804 0.540601 4.111019
v 4.065306 0.595000 4.063862
v 4.491786 0.582533 4.063862
v 4.065683 0.582467 4.063862
v 4.492163 0.570000 4.063862
v 4.492163 0.595000 4.091737
v 4.065683 0.582533 4.091737
v 4.491786 0.582467 4.091737
v 4.065306 0.570000 4.091737
v 4.065306 0.587857 4.067844
v 4.065306 0.577143 4.087755
v 4.492163 0.587857 4.087755
v 4.492163 0.577143 4.067844
v 4.492163 0.570000 4.091737
v 4.065306 0.595000 4.091737
v 4.491786 0.595000 4.077837
v 4.065683 0.595000 4.077763
v 4.492163 0.595000 4.063862
v 4.065306 0.570000 4.063862
v 4.491786 0.570000 4.077763
v 4.065683 0.570000 4.077837
v 4.065306 0.662000 4.063862
v 4.491786 0.649533 4.063862
v 4.065683 0.649467 4.063862
v 4.492163 0.637000 4.063862
v 4.492163 0.662000 4.091737
v 4.065683 0.649533 4.091737
v 4.491786 0.649467 4.091737
v 4.065306 0.637000 4.091737
v 4.065306 0.662000 4.091737
v 4.065306 0.654857 4.067844
v 4.065306 0.644143 4.087755
v 4.065306 0.637000 4.063862
v 4.492163 0.662000 4.063862
v 4.492163 0.654857 4.087755
v 4.492163 0.644143 4.067844
v 4.492163 0.637000 4.091737
v 4.491786 0.662000 4.077837
v 4.065683 0.662000 4.077763
v 4.491786 0.637000 4.077763
v 4.065683 0.637000 4.077837
v 4.065306 0.729000 4.063862
v 4.491786 0.716533 4.063862
v 4.065683 0.716467 4.063862
v 4.492163 0.704000 4.063862
v 4.492163 0.729000 4.091737
v 4.065683 0.716533 4.091737
v 4.491786 0.716467 4.091737
v 4.065306 0.704000 4.091737
v 4.065306 0.729000 4.091737
v 4.065306 0.721857 4.067844
v 4.065306 0.711143 4.087755
v 4.065306 0.704000 4.063862
v 4.492163 0.729000 4.063862
v 4.492163 0.721857 4.087755
v 4.492163 0.711143 4.067844
v 4.492163 0.704000 4.091737
v 4.491786 0.729000 4.077837
v 4.065683 0.729000 4.077763
v 4.491786 0.704000 4.077763
v 4.065683 0.704000 4.077837
v 4.065306 0.796000 4.063862
v 4.491786 0.783533 4.063862
v 4.065683 0.783467 4.063862
v 4.492163 0.771000 4.063862
v 4.492163 0.796000 4.091737
v 4.065683 0.783533 4.091737
v 4.491786 0.783467 4.091737
v 4.065306 0.771000 4.091737
v 4.065306 0.788857 4.067844
v 4.065306 0.778143 4.087755
v 4.492163 0.796000 4.063862
v 4.492163 0.788857 4.087755
v 4.492163 0.778143 4.067844
v 4.492163 0.771000 4.091737
v 4.065306 0.796000 4.091737
v 4.491786 0.796000 4.077837
v 4.065683 0.796000 4.077763
v 4.065306 0.771000 4.063862
v 4.491786 0.771000 4.077763
v 4.065683 0.771000 4.077837
v 4.065306 0.863000 4.063862
v 4.491786 0.850533 4.063862
v 4.065683 0.850467 4.063862
v 4.492163 0.838000 4.063862
v 4.492163 0.863000 4.091737
v 4.065683 0.850533 4.091737
v 4.491786 0.850467 4.091737
v 4.065306 0.838000 4.091737
v 4.065306 0.863000 4.091737
v 4.065306 0.855857 4.067844
v 4.065306 0.845143 4.087755
v 4.492163 0.863000 4.063862
v 4.492163 0.855857 4.087755
v 4.492163 0.845143 4.067844
v 4.491786 0.863000 4.077837
v 4.065683 0.863000 4.077763
v 4.065306 0.838000 4.063862
v 4.491786 0.838000 4.077763
v 4.065683 0.838000 4.077837
v 4.492163 0.838000 4.091737
v 4.065306 0.930000 4.063862
v 4.491786 0.917533 4.063862
v 4.065683 0.917467 4.063862
v 4.492163 0.905000 4.063862
v 4.492163 0.930000 4.091737
v 4.065683 0.917533 4.091737
v 4.491786 0.917467 4.091737
v 4.065306 0.905000 4.091737
v 4.065306 0.922857 4.067844
v 4.065306 0.912143 4.087755
v 4.065306 0.905000 4.063862
v 4.492163 0.930000 4.063862
v 4.492163 0.922857 4.087755
v 4.492163 0.912143 4.067844
v 4.065306 0.930000 4.091737
v 4.491786 0.930000 4.077837
v 4.065683 0.930000 4.077763
v 4.491786 0.905000 4.077763
v 4.065683 0.905000 4.077837
v 4.492163 0.905000 4.091737
v 3.823436 0.914627 4.100100
v 3.867122 0.560000 4.100100
v 3.775653 0.920000 4.100100
v 3.819340 0.565373 4.100100
v 3.819340 0.914627 4.133550
v 3.775653 0.560000 4.133550
v 3.867122 0.920000 4.133550
v 3.823436 0.565373 4.133550
v 3.775653 0.919379 4.116738
v 3.775653 0.560000 4.100100
v 3.775653 0.560622 4.116911
v 3.867122 0.919379 4.116911
v 3.867122 0.920000 4.100100
v 3.867122 0.560622 4.116738
v 3.775653 0.920000 4.133550
v 3.864777 0.920000 4.118111
v 3.777998 0.920000 4.115538
v 3.864777 0.560000 4.115538
v 3.777998 0.560000 4.118111
v 3.867122 0.560000 4.133550
v 3.770571 0.400000 4.066649
v 3.841992 0.377767 4.066650
v 3.780457 0.352234 4.066650
v 3.851877 0.330000 4.066649
v 3.851877 0.400000 4.713350
v 3.780457 0.377767 4.713351
v 3.841992 0.352234 4.713351
v 3.770571 0.330000 4.713350
v 3.770571 0.400000 4.713350
v 3.770571 0.365378 4.068979
v 3.770571 0.364622 4.711021
v 3.770571 0.330000 4.066649
v 3.851877 0.365379 4.711021
v 3.851877 0.364622 4.068979
v 3.851877 0.330000 4.713350
v 3.811796 0.400000 4.710318
v 3.851877 0.400000 4.066649
v 3.810652 0.400000 4.069682
v 3.811796 0.330000 4.069682
v 3.810652 0.330000 4.710318
v 4.380367 0.400000 4.066649
v 4.451787 0.377767 4.066650
v 4.390253 0.352234 4.066650
v 4.461673 0.330000 4.066649
v 4.390253 0.377767 4.713351
v 4.451787 0.352234 4.713351
v 4.380367 0.330000 4.713350
v 4.380368 0.365378 4.068979
v 4.380368 0.364622 4.711021
v 4.380367 0.330000 4.066649
v 4.461674 0.365379 4.711021
v 4.461674 0.364622 4.068979
v 4.421592 0.400000 4.710318
v 4.461673 0.400000 4.066649
v 4.380367 0.400000 4.713350
v 4.420448 0.400000 4.069682
v 4.421592 0.330000 4.069682
v 4.461673 0.330000 4.713350
v 4.420448 0.330000 4.710318
v 3.684184 4.050001 4.139124
v 4.460271 3.824084 4.139124
v 3.771974 3.625917 4.139124
v 3.684184 3.400000 4.640874
v 3.684184 4.050001 4.640874
v 4.548061 4.050001 4.640874
v 4.548061 3.400000 4.640874
v 4.548061 4.050001 4.139124
v 3.684184 3.400000 4.139124
v 4.548061 3.400000 4.139124
v 4.478981 3.638935 4.122399
v 4.497500 3.768180 4.122399
v 4.445609 3.879597 4.122399
v 4.344544 3.944877 4.122399
v 4.395612 3.540814 4.122399
v 4.225273 3.948071 4.122399
v 4.122330 3.889591 4.122399
v 4.065505 3.786361 4.122399
v 4.072430 3.667603 4.122399
v 4.144549 3.567677 4.122399
v 4.289904 3.518835 4.122399
v 4.161857 3.540814 4.122399
v 4.278735 3.510000 4.100099
v 4.156673 3.553960 4.100099
v 4.074958 3.656779 4.100099
v 4.063280 3.778798 4.100099
v 4.117631 3.885052 4.100099
v 4.219301 3.946496 4.100099
v 4.338169 3.946496 4.100099
v 4.439838 3.885052 4.100099
v 4.494190 3.778798 4.100099
v 4.482511 3.656779 4.100099
v 4.381450 3.542970 4.100099
v 4.481173 3.625000 4.100099
v 4.278735 3.510000 4.122399
v 4.162664 3.540601 4.111480
v 4.277927 3.510213 4.111018
v 4.161857 3.540814 4.100099
v 4.076888 3.624419 4.111480
v 4.161266 3.541396 4.111018
v 4.076297 3.625000 4.100099
v 4.076297 3.625000 4.122399
v 4.045196 3.739206 4.111480
v 4.076081 3.625795 4.111018
v 4.044980 3.740000 4.100099
v 4.044980 3.740000 4.122399
v 4.076081 3.854206 4.111480
v 4.045196 3.740795 4.111018
v 4.076297 3.855000 4.100099
v 4.076297 3.855000 4.122399
v 4.161266 3.938605 4.111480
v 4.076888 3.855582 4.111018
v 4.161857 3.939186 4.100099
v 4.161857 3.939186 4.122399
v 4.277927 3.969787 4.111480
v 4.162664 3.939399 4.111018
v 4.278735 3.970000 4.100099
v 4.278735 3.970000 4.122399
v 4.394804 3.939399 4.111480
v 4.279542 3.969787 4.111018
v 4.395612 3.939186 4.100099
v 4.395612 3.939186 4.122399
v 4.480582 3.855582 4.111480
v 4.396203 3.938605 4.111018
v 4.481173 3.855000 4.100099
v 4.481173 3.855000 4.122399
v 4.512274 3.740795 4.111480
v 4.481389 3.854206 4.111018
v 4.512490 3.740000 4.100099
v 4.512490 3.740000 4.122399
v 4.481389 3.625795 4.111480
v 4.512274 3.739206 4.111018
v 4.481173 3.625000 4.122399
v 4.396203 3.541396 4.111480
v 4.480582 3.624418 4.111018
v 4.395612 3.540814 4.100099
v 4.279542 3.510213 4.111480
v 4.394804 3.540601 4.111018
v 4.065306 3.595000 4.063862
v 4.491786 3.582533 4.063862
v 4.065683 3.582467 4.063862
v 4.492163 3.570000 4.063862
v 4.492163 3.595000 4.091737
v 4.065683 3.582533 4.091737
v 4.491786 3.582467 4.091737
v 4.065306 3.570000 4.091737
v 4.065306 3.591429 4.071826
v 4.065306 3.577143 4.087755
v 4.492163 3.595000 4.063862
v 4.492163 3.587857 4.087755
v 4.492163 3.577143 4.067844
v 4.492163 3.570000 4.091737
v 4.065306 3.595000 4.091737
v 4.491786 3.595000 4.077836
v 4.065683 3.595000 4.077762
v 4.065306 3.570000 4.063862
v 4.491786 3.570000 4.077762
v 4.065683 3.570000 4.077836
v 4.065306 3.662000 4.063862
v 4.491786 3.649534 4.063862
v 4.065683 3.649467 4.063862
v 4.492163 3.637000 4.063862
v 4.492163 3.662000 4.091737
v 4.065683 3.649534 4.091737
v 4.491786 3.649467 4.091737
v 4.065306 3.637000 4.091737
v 4.065306 3.662000 4.091737
v 4.065306 3.654857 4.067843
v 4.065306 3.644143 4.087755
v 4.492163 3.654857 4.087755
v 4.492163 3.644143 4.067844
v 4.491786 3.662000 4.077836
v 4.065683 3.662000 4.077762
v 4.492163 3.662000 4.063862
v 4.065306 3.637000 4.063862
v 4.491786 3.637001 4.077762
v 4.065683 3.637001 4.077836
v 4.492163 3.637000 4.091737
v 4.065306 3.729000 4.063862
v 4.491786 3.716533 4.063862
v 4.065683 3.716467 4.063862
v 4.492163 3.704000 4.063862
v 4.492163 3.729000 4.091737
v 4.065683 3.716533 4.091737
v 4.491786 3.716467 4.091737
v 4.065306 3.704000 4.091737
v 4.065306 3.729000 4.091737
v 4.065306 3.721858 4.067844
v 4.065306 3.707572 4.083773
v 4.492163 3.729000 4.063862
v 4.492163 3.721858 4.087755
v 4.492163 3.707572 4.071826
v 4.491786 3.729001 4.077836
v 4.065683 3.729001 4.077762
v 4.065306 3.704000 4.063862
v 4.491786 3.704000 4.077762
v 4.065683 3.704000 4.077836
v 4.492163 3.704000 4.091737
v 4.065306 3.796000 4.063862
v 4.491786 3.783533 4.063862
v 4.065683 3.783467 4.063862
v 4.492163 3.771000 4.063862
v 4.492163 3.796000 4.091737
v 4.065683 3.783533 4.091737
v 4.491786 3.783467 4.091737
v 4.065306 3.771000 4.091737
v 4.065306 3.792429 4.071826
v 4.065306 3.778143 4.087755
v 4.492163 3.796000 4.063862
v 4.492163 3.788857 4.087755
v 4.492163 3.774572 4.071826
v 4.065306 3.796000 4.091737
v 4.491786 3.796000 4.077836
v 4.065683 3.796000 4.077762
v 4.065306 3.771000 4.063862
v 4.491786 3.771000 4.077762
v 4.065683 3.771000 4.077836
v 4.492163 3.771000 4.091737
v 4.065306 3.863000 4.063862
v 4.491786 3.850533 4.063862
v 4.065683 3.850467 4.063862
v 4.492163 3.838000 4.063862
v 4.492163 3.863000 4.091737
v 4.065683 3.850533 4.091737
v 4.491786 3.850467 4.091737
v 4.065306 3.838000 4.091737
v 4.065306 3.855857 4.067844
v 4.065306 3.845143 4.087755
v 4.065306 3.838000 4.063862
v 4.492163 3.863000 4.063862
v 4.492163 3.855857 4.087755
v 4.492163 3.845143 4.067843
v 4.492163 3.838000 4.091737
v 4.065306 3.863000 4.091737
v 4.491786 3.863000 4.077836
v 4.065683 3.863000 4.077762
v 4.491786 3.838000 4.077762
v 4.065683 3.838000 4.077836
v 4.065306 3.930000 4.063862
v 4.491786 3.917533 4.063862
v 4.065683 3.917467 4.063862
v 4.492163 3.905000 4.063862
v 4.492163 3.930000 4.091737
v 4.065683 3.917533 4.091737
v 4.491786 3.917467 4.091737
v 4.065306 3.905000 4.091737
v 4.065306 3.926429 4.071826
v 4.065306 3.905000 4.063862
v 4.065306 3.912143 4.087755
v 4.492163 3.926429 4.083773
v 4.492163 3.908572 4.071826
v 4.065306 3.930000 4.091737
v 4.491786 3.930000 4.077836
v 4.065683 3.930000 4.077762
v 4.492163 3.930000 4.063862
v 4.491786 3.905000 4.077762
v 4.065683 3.905000 4.077836
v 4.492163 3.905000 4.091737
v 3.823436 3.914627 4.100099
v 3.867122 3.560000 4.100099
v 3.775653 3.920000 4.100099
v 3.819340 3.565373 4.100099
v 3.819340 3.914627 4.133549
v 3.775653 3.560000 4.133549
v 3.867122 3.920000 4.133549
v 3.823436 3.565373 4.133549
v 3.775653 3.919379 4.116737
v 3.775653 3.560622 4.116911
v 3.867122 3.919379 4.116911
v 3.867122 3.920000 4.100099
v 3.867122 3.560622 4.116737
v 3.775653 3.920000 4.133549
v 3.864777 3.920001 4.118111
v 3.777998 3.920001 4.115538
v 3.775653 3.560000 4.100099
v 3.864777 3.560000 4.115538
v 3.777998 3.560000 4.118111
v 3.867122 3.560000 4.133549
v 3.770571 3.400000 4.066649
v 3.841992 3.377767 4.066649
v 3.780457 3.352233 4.066649
v 3.851877 3.330000 4.066649
v 3.851877 3.400000 4.713350
v 3.780457 3.377767 4.713350
v 3.841992 3.352233 4.713350
v 3.770571 3.330000 4.713350
v 3.770571 3.365378 4.068979
v 3.770571 3.364622 4.711020
v 3.770571 3.330000 4.066649
v 3.851877 3.365378 4.711020
v 3.851877 3.364622 4.068979
v 3.811796 3.400000 4.710317
v 3.851877 3.400000 4.066649
v 3.770571 3.400000 4.713350
v 3.810652 3.400000 4.069682
v 3.811796 3.330000 4.069682
v 3.851877 3.330000 4.713350
v 3.810652 3.330000 4.710317
v 4.380367 3.400000 4.066649
v 4.451787 3.377767 4.066649
v 4.390253 3.352233 4.066649
v 4.461673 3.330000 4.066649
v 4.461673 3.400000 4.713350
v 4.390253 3.377767 4.713350
v 4.451787 3.352233 4.713350
v 4.380367 3.330000 4.713350
v 4.380368 3.365378 4.068979
v 4.380368 3.364622 4.711020
v 4.461673 3.400000 4.066649
v 4.461674 3.365378 4.711020
v 4.461674 3.364622 4.068979
v 4.421592 3.400000 4.710317
v 4.380367 3.400000 4.713350
v 4.420448 3.400000 4.069682
v 4.421592 3.330000 4.069682
v 4.461673 3.330000 4.713350
v 4.380367 3.330000 4.066649
v 4.420448 3.330000 4.710317
v -4.519362 0.120000 4.424540
v -4.556367 0.120000 4.401896
v -4.559486 0.120000 4.364481
v -4.535750 0.120000 4.338440
v -4.490314 0.120000 4.414329
v -4.501647 0.120000 4.341862
v -4.481007 0.120000 4.382460
v -4.495532 5.400001 4.343989
v -4.476919 5.400001 4.378850
v -4.531639 5.400001 4.336399
v -4.557960 5.400001 4.360435
v -4.557960 5.400001 4.397263
v -4.531638 5.400001 4.421299
v -4.490878 5.400001 4.408604
v -4.483616 0.120056 4.361110
v -4.490314 5.400001 4.343370
v -4.476919 0.120000 4.378850
v -4.483615 5.399944 4.361110
v -4.506484 0.120056 4.336023
v -4.522653 5.400001 4.328674
v -4.490314 0.120000 4.343370
v -4.506483 5.399944 4.336023
v -4.538823 0.120056 4.336023
v -4.554993 5.400001 4.343370
v -4.522653 0.120000 4.328675
v -4.538822 5.399944 4.336023
v -4.561691 0.120056 4.361111
v -4.568388 5.400001 4.378850
v -4.554993 0.120000 4.343370
v -4.561690 5.399944 4.361109
v -4.561691 0.120056 4.396591
v -4.554993 5.400001 4.414329
v -4.568388 0.120000 4.378850
v -4.561691 5.399944 4.396589
v -4.538822 0.120056 4.421678
v -4.522653 5.400001 4.429025
v -4.554993 0.120000 4.414329
v -4.538823 5.399944 4.421677
v -4.506483 0.120056 4.421677
v -4.490314 5.400001 4.414329
v -4.522653 0.120000 4.429025
v -4.506484 5.399944 4.421677
v -4.483615 0.120056 4.396589
v -4.483616 5.399944 4.396589
v 4.519362 0.120000 4.424540
v 4.488939 0.120000 4.401896
v 4.485819 0.120000 4.364481
v 4.509555 0.120000 4.338440
v 4.543659 0.120000 4.341862
v 4.564299 0.120000 4.382460
v 4.554993 0.120000 4.343370
v 4.554428 5.400001 4.349094
v 4.522653 5.400001 4.328674
v 4.513667 5.400001 4.336399
v 4.487347 5.400001 4.360435
v 4.487347 5.400001 4.397263
v 4.513667 5.400001 4.421299
v 4.554428 5.400001 4.408604
v 4.561690 0.120056 4.361110
v 4.554993 5.400001 4.343370
v 4.568388 0.120000 4.378850
v 4.561691 5.399944 4.361110
v 4.538822 0.120056 4.336023
v 4.538823 5.399944 4.336023
v 4.506483 0.120056 4.336023
v 4.490314 5.400001 4.343370
v 4.522653 0.120000 4.328675
v 4.506484 5.399944 4.336023
v 4.483615 0.120056 4.361111
v 4.476919 5.400001 4.378850
v 4.490314 0.120000 4.343370
v 4.483616 5.399944 4.361110
v 4.483616 0.120056 4.396590
v 4.490314 5.400001 4.414329
v 4.476919 0.120000 4.378850
v 4.483615 5.399944 4.396589
v 4.506484 0.120056 4.421678
v 4.522653 5.400001 4.429025
v 4.490314 0.120000 4.414329
v 4.506483 5.399944 4.421677
v 4.538823 0.120056 4.421678
v 4.554993 5.400001 4.414329
v 4.522653 0.120000 4.429025
v 4.538822 5.399944 4.421677
v 4.561691 0.120056 4.396589
v 4.568388 5.400001 4.378850
v 4.554993 0.120000 4.414329
v 4.561690 5.399944 4.396590
v 0.406531 0.450000 4.300800
v -0.406531 2.250000 4.300800
v -0.406531 0.450000 4.434600
v 0.406531 2.250000 4.434600
v 0.406531 0.450000 4.434600
v -0.406531 2.248007 4.367477
v -0.406531 0.450000 4.300800
v -0.406531 2.250000 4.434600
v -0.406531 0.451994 4.367922
v 0.406531 2.248007 4.367922
v 0.406531 2.250000 4.300800
v 0.406531 0.451994 4.367477
v 0.402033 2.250000 4.368810
v -0.402033 2.250000 4.366590
v 0.402033 0.450000 4.366590
v -0.402033 0.450000 4.368810
v 0.990918 1.800000 4.272924
v 0.990918 1.300000 4.272925
v 0.635204 1.800000 4.272924
v 0.635204 1.300000 4.272925
v 0.635204 1.300000 4.462475
v 0.990918 1.800000 4.462475
v 0.635204 1.786703 4.360138
v 0.635204 1.800000 4.462475
v 0.635204 1.313298 4.375261
v 0.990918 1.786703 4.375261
v 0.990918 1.300000 4.462475
v 0.990918 1.313298 4.360138
v 0.973092 1.800000 4.381948
v 0.653030 1.800000 4.353452
v 0.973093 1.300000 4.353452
v 0.653030 1.300000 4.381948
vn -0.0000 1.0000 -0.0000
vn -0.0000 -1.0000 -0.0000
vn -0.5774 0.5774 -0.5773
vn 0.5774 0.5773 -0.5773
vn 0.5774 -0.5774 -0.5773
vn -0.5774 -0.5773 -0.5773
vn 0.5774 0.5774 0.5773
vn -0.5774 0.5773 0.5773
vn -0.5774 -0.5774 0.5773
vn 0.5774 -0.5773 0.5773
vn -0.0000 -0.0000 -1.0000
vn -0.0000 -0.0000 1.0000
vn -0.5773 0.5773 -0.5774
vn 0.5774 0.5773 -0.5774
vn 0.5773 -0.5773 -0.5774
vn -0.5774 -0.5773 -0.5774
vn 0.5773 0.5773 0.5774
vn -0.5774 0.5773 0.5774
vn -0.5773 -0.5773 0.5774
vn 0.5774 -0.5773 0.5774
vt 0.753906 0.757812
vt 0.871094 0.757812
vt 0.871094 0.992188
vt 0.753906 0.992188
vt 0.253906 0.757812
vt 0.371094 0.757812
vt 0.371094 0.992188
vt 0.253906 0.992188
vt 0.628906 0.757812
vt 0.746094 0.757812
vt 0.746094 0.992188
vt 0.628906 0.992188
vt 0.378906 0.507812
vt 0.496094 0.507812
vt 0.496094 0.742188
vt 0.378906 0.742188
vt 0.503906 0.757812
vt 0.621094 0.757812
vt 0.621094 0.992188
vt 0.503906 0.992188
vt 0.378906 0.757812
vt 0.496094 0.757812
vt 0.496094 0.992188
vt 0.378906 0.992188
s 1
usemtl TownAtlas.005
f 11/1/1 4/2/1 12/3/1
f 11/1/1 12/3/1 1/4/1
f 13/1/2 14/2/2 15/3/2
f 13/1/2 15/3/2 16/4/2
f 23/5/3 21/6/4 22/7/5
f 23/5/3 22/7/5 17/8/6
f 20/5/7 18/6/8 19/7/9
f 20/5/7 19/7/9 24/8/10
f 18/5/8 23/6/3 17/7/6
f 18/5/8 17/7/6 19/8/9
f 21/5/4 20/6/7 24/7/10
f 21/5/4 24/7/10 22/8/5
f 18/5/8 20/6/7 21/7/4
f 18/5/8 21/7/4 23/8/3
f 17/5/6 22/6/5 24/7/10
f 17/5/6 24/7/10 19/8/9
f 28/9/1 27/10/1 26/11/1
f 28/9/1 26/11/1 25/12/1
f 30/9/2 31/10/2 32/11/2
f 30/9/2 32/11/2 29/12/2
f 125/13/11 134/14/11 126/15/11
f 125/13/11 126/15/11 127/16/11
f 130/13/12 128/14/12 129/15/12
f 130/13/12 129/15/12 140/16/12
f 141/17/11 142/18/11 143/19/11
f 141/17/11 143/19/11 147/20/11
f 144/17/12 148/18/12 145/19/12
f 144/17/12 145/19/12 151/20/12
f 268/13/11 269/15/11 374/16/11
f 270/13/12 271/15/12 276/16/12
f 377/13/12 378/15/12 383/16/12
f 1354/21/13 1353/22/14 1352/23/15
f 1354/21/13 1352/23/15 1348/24/16
f 1349/21/17 1350/22/18 1351/23/19
f 1349/21/17 1351/23/19 1355/24/20
f 1350/21/18 1354/22/13 1348/23/16
f 1350/21/18 1348/23/16 1351/24/19
f 1353/21/14 1349/22/17 1355/23/20
f 1353/21/14 1355/23/20 1352/24/15
f 1350/21/18 1349/22/17 1353/23/14
f 1350/21/18 1353/23/14 1354/24/13
f 1348/21/16 1352/22/15 1355/23/20
f 1348/21/16 1355/23/20 1351/24/19
f 1358/9/1 1357/10/1 1361/11/1
f 1358/9/1 1361/11/1 1360/12/1
f 1362/9/2 1356/10/2 1359/11/2
f 1362/9/2 1359/11/2 1363/12/2
f 1458/13/11 1468/14/11 1459/15/11
f 1458/13/11 1459/15/11 1460/16/11
f 1461/13/12 1462/14/12 1463/15/12
f 1461/13/12 1463/15/12 1467/16/12
f 1474/17/11 1483/18/11 1475/19/11
f 1474/17/11 1475/19/11 1487/20/11
f 1477/17/12 1476/18/12 1478/19/12
f 1477/17/12 1478/19/12 1482/20/12
f 1602/13/11 1604/15/11 1707/16/11
f 1710/13/12 1711/15/12 1722/16/12
l 1 2
l 51 52
l 85 86
l 113 114
l 146 147
l 157 158
l 171 172
l 197 198
l 211 212
l 225 226
l 255 256
l 275 276
l 286 287
l 323 324
l 350 351
l 363 364
l 382 383
l 430 431
l 470 471
l 511 512
l 538 539
l 550 551
l 565 566
l 577 578
l 619 620
l 684 685
l 695 696
l 728 729
l 760 761
l 776 777
l 805 806
l 821 822
l 837 838
l 864 865
l 892 893
l 904 905
l 917 918
l 932 933
l 944 945
l 972 973
l 984 985
l 1012 1013
l 1055 1056
l 1068 1069
l 1094 1095
l 1108 1109
l 1122 1123
l 1163 1164
l 1175 1176
l 1202 1203
l 1230 1231
l 1240 1241
l 1270 1271
l 1298 1299
l 1310 1311
l 1323 1324
l 1364 1365
l 1388 1389
l 1400 1401
l 1438 1439
l 1510 1511
l 1523 1524
l 1550 1551
l 1571 1572
l 1605 1606
l 1636 1637
l 1676 1677
l 1689 1690
l 1703 1704
l 1731 1732
l 1744 1745
l 1757 1758
l 1784 1785
l 1899 1900
l 1909 1910
l 1918 1919
l 1933 1934
l 1949 1950
l 1963 1964
l 2003 2004
l 2043 2044
l 2071 2072
l 2083 2084
l 2111 2112
l 2123 2124
l 2135 2136
l 2168 2169
l 2193 2194
l 2206 2207
l 2233 2234
l 2302 2303
l 2315 2316
l 2342 2343
l 2398 2399
l 2410 2411
l 2450 2451
l 2513 2514
l 2527 2528
l 2552 2553
l 2564 2565
l 2580 2581
l 2592 2593
l 2632 2633
l 2644 2645
l 2660 2661
l 2672 2673
l 2711 2712
l 2725 2726
l 2737 2738
l 2762 2763
l 2774 2775
l 2801 2802
l 2823 2824
l 2839 2840
l 2881 2882
l 2909 2910
l 2921 2922
l 2934 2935
l 2948 2949
l 2961 2962
l 3001 3002
l 3044 3045
l 3089 3090
l 3105 3106
l 3118 3119
l 3131 3132
l 3158 3159
l 3170 3171
l 3184 3185
l 3198 3199
l 3238 3239
l 3250 3251
l 3278 3279
l 3290 3291
l 3312 3313
l 3328 3329
l 3362 3363
l 3378 3379
l 54 55
l 78 79
l 91 92
l 118 119
l 139 140
l 163 164
l 175 176
l 203 204
l 230 231
l 301 302
l 341 342
l 355 356
l 408 409
l 420 421
l 448 449
l 460 461
l 503 504
l 516 517
l 529 530
l 555 556
l 583 584
l 624 625
l 662 663
l 700 701
l 710 711
l 732 733
l 743 744
l 754 755
l 811 812
l 827 828
l 842 843
l 870 871
l 882 883
l 897 898
l 910 911
l 950 951
l 978 979
l 990 991
l 1002 1003
l 1037 1038
l 1061 1062
l 1100 1101
l 1145 1146
l 1169 1170
l 1194 1195
l 1208 1209
l 1220 1221
l 1235 1236
l 1276 1277
l 1303 1304
l 1316 1317
l 1394 1395
l 1431 1432
l 1444 1445
l 1456 1457
l 1468 1469
l 1516 1517
l 1528 1529
l 1543 1544
l 1556 1557
l 1576 1577
l 1587 1588
l 1609 1610
l 1654 1655
l 1694 1695
l 1713 1714
l 1724 1725
l 1735 1736
l 1762 1763
l 1802 1803
l 1847 1848
l 1856 1857
l 1879 1880
l 1939 1940
l 1955 1956
l 1969 1970
l 1981 1982
l 2009 2010
l 2021 2022
l 2035 2036
l 2049 2050
l 2061 2062
l 2076 2077
l 2089 2090
l 2101 2102
l 2129 2130
l 2141 2142
l 2150 2151
l 2162 2163
l 2186 2187
l 2199 2200
l 2211 2212
l 2239 2240
l 2308 2309
l 2320 2321
l 2348 2349
l 2365 2366
l 2402 2403
l 2416 2417
l 2456 2457
l 2479 2480
l 2505 2506
l 2519 2520
l 2558 2559
l 2570 2571
l 2586 2587
l 2598 2599
l 2610 2611
l 2638 2639
l 2650 2651
l 2666 2667
l 2717 2718
l 2729 2730
l 2743 2744
l 2749 2750
l 2755 2756
l 2814 2815
l 2829 2830
l 2845 2846
l 2859 2860
l 2872 2873
l 2887 2888
l 2899 2900
l 2939 2940
l 2966 2967
l 2979 2980
l 3007 3008
l 3019 3020
l 3031 3032
l 3056 3057
l 3079 3080
l 3095 3096
l 3110 3111
l 3136 3137
l 3148 3149
l 3176 3177
l 3203 3204
l 3216 3217
l 3229 3230
l 3256 3257
l 3269 3270
l 3318 3319
l 3334 3335
l 3343 3344
l 3354 3355
l 3368 3369
l 3405 3406
l 37 38
l 60 61
l 72 73
l 96 97
l 109 110
l 168 169
l 181 182
l 221 222
l 239 240
l 251 252
l 264 265
l 283 284
l 319 320
l 332 333
l 347 348
l 359 360
l 400 401
l 426 427
l 440 441
l 466 467
l 499 500
l 522 523
l 534 535
l 546 547
l 561 562
l 573 574
l 615 616
l 630 631
l 642 643
l 654 655
l 668 669
l 680 681
l 802 803
l 817 818
l 833 834
l 848 849
l 860 861
l 888 889
l 914 915
l 928 929
l 956 957
l 968 969
l 994 995
l 1008 1009
l 1021 1022
l 1052 1053
l 1078 1079
l 1090 1091
l 1105 1106
l 1118 1119
l 1186 1187
l 1198 1199
l 1213 1214
l 1226 1227
l 1247 1248
l 1282 1283
l 1294 1295
l 1307 1308
l 1334 1335
l 1344 1345
l 1373 1374
l 1422 1423
l 1449 1450
l 1481 1482
l 1494 1495
l 1506 1507
l 1534 1535
l 1593 1594
l 1602 1603
l 1632 1633
l 1646 1647
l 1672 1673
l 1685 1686
l 1740 1741
l 1780 1781
l 1793 1794
l 1818 1819
l 1840 1841
l 1906 1907
l 1929 1930
l 1945 1946
l 1987 1988
l 2000 2001
l 2027 2028
l 2040 2041
l 2067 2068
l 2107 2108
l 2120 2121
l 2155 2156
l 2178 2179
l 2203 2204
l 2217 2218
l 2263 2264
l 2274 2275
l 2286 2287
l 2312 2313
l 2326 2327
l 2370 2371
l 2382 2383
l 2394 2395
l 2407 2408
l 2422 2423
l 2434 2435
l 2461 2462
l 2484 2485
l 2497 2498
l 2509 2510
l 2523 2524
l 2537 2538
l 2549 2550
l 2576 2577
l 2616 2617
l 2628 2629
l 2656 2657
l 2683 2684
l 2695 2696
l 2707 2708
l 2789 2790
l 2819 2820
l 2835 2836
l 2851 2852
l 2877 2878
l 2905 2906
l 2917 2918
l 2931 2932
l 2945 2946
l 2957 2958
l 2971 2972
l 2985 2986
l 2997 2998
l 3012 3013
l 3036 3037
l 3050 3051
l 3070 3071
l 3085 3086
l 3101 3102
l 3114 3115
l 3128 3129
l 3142 3143
l 3154 3155
l 3194 3195
l 3209 3210
l 3222 3223
l 3234 3235
l 3247 3248
l 3274 3275
l 3298 3299
l 3308 3309
l 3324 3325
l 3358 3359
l 3374 3375
l 3387 3388
l 3398 3399
l 87 88
l 101 102
l 148 149
l 159 160
l 199 200
l 257 258
l 277 278
l 288 289
l 325 326
l 337 338
l 365 366
l 374 375
l 384 385
l 392 393
l 404 405
l 432 433
l 457 458
l 472 473
l 481 482
l 491 492
l 526 527
l 579 580
l 596 597
l 608 609
l 635 636
l 647 648
l 686 687
l 719 720
l 751 752
l 762 763
l 807 808
l 823 824
l 839 840
l 853 854
l 866 867
l 879 880
l 906 907
l 919 920
l 934 935
l 946 947
l 974 975
l 986 987
l 998 999
l 1014 1015
l 1033 1034
l 1046 1047
l 1057 1058
l 1096 1097
l 1110 1111
l 1124 1125
l 1165 1166
l 1177 1178
l 1191 1192
l 1204 1205
l 1232 1233
l 1260 1261
l 1272 1273
l 1300 1301
l 1312 1313
l 1325 1326
l 1366 1367
l 1377 1378
l 1390 1391
l 1402 1403
l 1427 1428
l 1440 1441
l 1499 1500
l 1512 1513
l 1539 1540
l 1552 1553
l 1573 1574
l 1583 1584
l 1597 1598
l 1625 1626
l 1638 1639
l 1664 1665
l 1678 1679
l 1721 1722
l 1746 1747
l 1786 1787
l 1798 1799
l 1822 1823
l 1864 1865
l 1876 1877
l 1886 1887
l 1920 1921
l 1935 1936
l 1951 1952
l 1965 1966
l 2005 2006
l 2045 2046
l 2073 2074
l 2085 2086
l 2113 2114
l 2125 2126
l 2137 2138
l 2159 2160
l 2170 2171
l 2195 2196
l 2208 2209
l 2222 2223
l 2235 2236
l 2246 2247
l 2268 2269
l 2278 2279
l 2304 2305
l 2317 2318
l 2331 2332
l 2344 2345
l 2386 2387
l 2412 2413
l 2439 2440
l 2452 2453
l 2488 2489
l 2502 2503
l 2515 2516
l 2542 2543
l 2554 2555
l 2566 2567
l 2582 2583
l 2594 2595
l 2621 2622
l 2634 2635
l 2646 2647
l 2662 2663
l 2674 2675
l 2687 2688
l 2713 2714
l 2739 2740
l 2776 2777
l 2825 2826
l 2841 2842
l 2868 2869
l 2883 2884
l 2911 2912
l 2923 2924
l 2963 2964
l 2975 2976
l 2989 2990
l 3003 3004
l 3075 3076
l 3091 3092
l 3120 3121
l 3160 3161
l 3172 3173
l 3200 3201
l 3240 3241
l 3252 3253
l 3280 3281
l 3292 3293
l 3302 3303
l 3314 3315
l 3330 3331
l 3364 3365
l 3380 3381
l 3392 3393
l 33 34
l 44 45
l 56 57
l 68 69
l 93 94
l 105 106
l 177 178
l 190 191
l 205 206
l 217 218
l 235 236
l 247 248
l 261 262
l 303 304
l 315 316
l 329 330
l 343 344
l 410 411
l 422 423
l 437 438
l 450 451
l 462 463
l 495 496
l 505 506
l 518 519
l 531 532
l 557 558
l 585 586
l 612 613
l 626 627
l 639 640
l 664 665
l 677 678
l 712 713
l 745 746
l 766 767
l 798 799
l 813 814
l 829 830
l 844 845
l 872 873
l 884 885
l 899 900
l 924 925
l 952 953
l 964 965
l 1004 1005
l 1039 1040
l 1074 1075
l 1086 1087
l 1102 1103
l 1114 1115
l 1135 1136
l 1147 1148
l 1158 1159
l 1182 1183
l 1222 1223
l 1278 1279
l 1290 1291
l 1318 1319
l 1330 1331
l 1382 1383
l 1406 1407
l 1418 1419
l 1490 1491
l 1503 1504
l 1530 1531
l 1558 1559
l 1566 1567
l 1589 1590
l 1611 1612
l 1643 1644
l 1656 1657
l 1668 1669
l 1696 1697
l 1726 1727
l 1737 1738
l 1764 1765
l 1776 1777
l 1790 1791
l 1804 1805
l 1814 1815
l 1827 1828
l 1925 1926
l 1941 1942
l 1957 1958
l 1971 1972
l 1983 1984
l 1996 1997
l 2011 2012
l 2023 2024
l 2037 2038
l 2063 2064
l 2091 2092
l 2103 2104
l 2152 2153
l 2174 2175
l 2213 2214
l 2227 2228
l 2251 2252
l 2259 2260
l 2282 2283
l 2295 2296
l 2322 2323
l 2336 2337
l 2367 2368
l 2378 2379
l 2390 2391
l 2418 2419
l 2430 2431
l 2444 2445
l 2458 2459
l 2493 2494
l 2533 2534
l 2572 2573
l 2600 2601
l 2612 2613
l 2652 2653
l 2679 2680
l 2691 2692
l 2703 2704
l 2719 2720
l 2768 2769
l 2780 2781
l 2786 2787
l 2831 2832
l 2847 2848
l 2861 2862
l 2874 2875
l 2889 2890
l 2901 2902
l 2927 2928
l 2941 2942
l 2953 2954
l 2968 2969
l 2981 2982
l 3033 3034
l 3041 3042
l 3058 3059
l 3081 3082
l 3097 3098
l 3124 3125
l 3138 3139
l 3150 3151
l 3165 3166
l 3178 3179
l 3190 3191
l 3205 3206
l 3218 3219
l 3258 3259
l 3271 3272
l 3284 3285
l 3320 3321
l 3345 3346
l 3370 3371
l 3407 3408
l 49 50
l 62 63
l 83 84
l 98 99
l 111 112
l 134 135
l 183 184
l 195 196
l 223 224
l 241 242
l 253 254
l 273 274
l 308 309
l 321 322
l 334 335
l 361 362
l 380 381
l 428 429
l 442 443
l 468 469
l 488 489
l 509 510
l 536 537
l 548 549
l 563 564
l 575 576
l 605 606
l 617 618
l 632 633
l 644 645
l 656 657
l 670 671
l 682 683
l 726 727
l 738 739
l 774 775
l 819 820
l 835 836
l 850 851
l 862 863
l 890 891
l 930 931
l 958 959
l 970 971
l 1010 1011
l 1043 1044
l 1080 1081
l 1092 1093
l 1120 1121
l 1140 1141
l 1152 1153
l 1188 1189
l 1200 1201
l 1215 1216
l 1228 1229
l 1249 1250
l 1284 1285
l 1296 1297
l 1336 1337
l 1346 1347
l 1411 1412
l 1424 1425
l 1436 1437
l 1451 1452
l 1483 1484
l 1496 1497
l 1508 1509
l 1536 1537
l 1548 1549
l 1569 1570
l 1634 1635
l 1648 1649
l 1661 1662
l 1674 1675
l 1687 1688
l 1701 1702
l 1742 1743
l 1755 1756
l 1769 1770
l 1782 1783
l 1795 1796
l 1831 1832
l 1873 1874
l 1931 1932
l 1947 1948
l 1976 1977
l 1989 1990
l 2016 2017
l 2029 2030
l 2055 2056
l 2069 2070
l 2081 2082
l 2096 2097
l 2109 2110
l 2180 2181
l 2219 2220
l 2231 2232
l 2265 2266
l 2288 2289
l 2300 2301
l 2328 2329
l 2340 2341
l 2353 2354
l 2372 2373
l 2396 2397
l 2424 2425
l 2436 2437
l 2448 2449
l 2463 2464
l 2499 2500
l 2511 2512
l 2525 2526
l 2539 2540
l 2578 2579
l 2605 2606
l 2618 2619
l 2630 2631
l 2658 2659
l 2697 2698
l 2709 2710
l 2723 2724
l 2735 2736
l 2760 2761
l 2799 2800
l 2821 2822
l 2837 2838
l 2853 2854
l 2879 2880
l 2907 2908
l 2919 2920
l 2959 2960
l 2999 3000
l 3025 3026
l 3072 3073
l 3087 3088
l 3103 3104
l 3116 3117
l 3156 3157
l 3196 3197
l 3236 3237
l 3263 3264
l 3276 3277
l 3288 3289
l 3310 3311
l 3326 3327
l 3360 3361
l 3376 3377
l 3389 3390
l 3400 3401
l 4 5
l 89 90
l 116 117
l 150 151
l 161 162
l 187 188
l 201 202
l 214 215
l 228 229
l 290 291
l 299 300
l 312 313
l 339 340
l 353 354
l 394 395
l 406 407
l 418 419
l 434 435
l 446 447
l 474 475
l 514 515
l 541 542
l 553 554
l 568 569
l 581 582
l 598 599
l 622 623
l 649 650
l 660 661
l 674 675
l 698 699
l 787 788
l 809 810
l 825 826
l 868 869
l 895 896
l 908 909
l 921 922
l 936 937
l 948 949
l 976 977
l 988 989
l 1000 1001
l 1016 1017
l 1035 1036
l 1059 1060
l 1071 1072
l 1098 1099
l 1167 1168
l 1179 1180
l 1206 1207
l 1262 1263
l 1274 1275
l 1314 1315
l 1327 1328
l 1340 1341
l 1379 1380
l 1392 1393
l 1415 1416
l 1429 1430
l 1442 1443
l 1466 1467
l 1487 1488
l 1514 1515
l 1526 1527
l 1541 1542
l 1554 1555
l 1585 1586
l 1640 1641
l 1652 1653
l 1680 1681
l 1692 1693
l 1748 1749
l 1760 1761
l 1773 1774
l 1800 1801
l 1824 1825
l 1845 1846
l 1866 1867
l 1892 1893
l 1922 1923
l 1937 1938
l 1953 1954
l 1967 1968
l 1993 1994
l 2007 2008
l 2033 2034
l 2047 2048
l 2059 2060
l 2087 2088
l 2115 2116
l 2127 2128
l 2139 2140
l 2148 2149
l 2184 2185
l 2197 2198
l 2224 2225
l 2237 2238
l 2248 2249
l 2292 2293
l 2306 2307
l 2333 2334
l 2346 2347
l 2357 2358
l 2414 2415
l 2441 2442
l 2454 2455
l 2465 2466
l 2477 2478
l 2490 2491
l 2517 2518
l 2530 2531
l 2556 2557
l 2568 2569
l 2584 2585
l 2596 2597
l 2636 2637
l 2648 2649
l 2664 2665
l 2676 2677
l 2715 2716
l 2741 2742
l 2765 2766
l 2812 2813
l 2827 2828
l 2843 2844
l 2857 2858
l 2870 2871
l 2885 2886
l 2897 2898
l 2937 2938
l 2977 2978
l 2991 2992
l 3005 3006
l 3017 3018
l 3029 3030
l 3077 3078
l 3093 3094
l 3108 3109
l 3134 3135
l 3162 3163
l 3174 3175
l 3187 3188
l 3214 3215
l 3227 3228
l 3254 3255
l 3267 3268
l 3316 3317
l 3332 3333
l 3352 3353
l 3366 3367
l 35 36
l 46 47
l 58 59
l 70 71
l 107 108
l 121 122
l 166 167
l 179 180
l 192 193
l 207 208
l 219 220
l 237 238
l 249 250
l 305 306
l 317 318
l 345 346
l 398 399
l 412 413
l 424 425
l 452 453
l 464 465
l 497 498
l 520 521
l 559 560
l 602 603
l 628 629
l 666 667
l 691 692
l 703 704
l 714 715
l 735 736
l 768 769
l 800 801
l 815 816
l 831 832
l 846 847
l 858 859
l 874 875
l 886 887
l 926 927
l 940 941
l 954 955
l 966 967
l 1006 1007
l 1028 1029
l 1064 1065
l 1076 1077
l 1088 1089
l 1116 1117
l 1128 1129
l 1137 1138
l 1149 1150
l 1184 1185
l 1211 1212
l 1224 1225
l 1238 1239
l 1245 1246
l 1256 1257
l 1266 1267
l 1280 1281
l 1292 1293
l 1332 1333
l 1371 1372
l 1384 1385
l 1408 1409
l 1420 1421
l 1447 1448
l 1492 1493
l 1519 1520
l 1532 1533
l 1560 1561
l 1591 1592
l 1613 1614
l 1630 1631
l 1658 1659
l 1670 1671
l 1698 1699
l 1707 1708
l 1716 1717
l 1752 1753
l 1766 1767
l 1778 1779
l 1806 1807
l 1816 1817
l 1838 1839
l 1859 1860
l 1870 1871
l 1927 1928
l 1943 1944
l 1959 1960
l 1973 1974
l 1985 1986
l 1998 1999
l 2013 2014
l 2025 2026
l 2052 2053
l 2065 2066
l 2093 2094
l 2105 2106
l 2176 2177
l 2189 2190
l 2215 2216
l 2261 2262
l 2272 2273
l 2284 2285
l 2297 2298
l 2324 2325
l 2380 2381
l 2392 2393
l 2405 2406
l 2420 2421
l 2432 2433
l 2482 2483
l 2495 2496
l 2535 2536
l 2547 2548
l 2574 2575
l 2602 2603
l 2614 2615
l 2626 2627
l 2654 2655
l 2681 2682
l 2693 2694
l 2705 2706
l 2732 2733
l 2770 2771
l 2782 2783
l 2817 2818
l 2833 2834
l 2849 2850
l 2863 2864
l 2891 2892
l 2903 2904
l 2929 2930
l 2943 2944
l 2955 2956
l 2983 2984
l 2995 2996
l 3010 3011
l 3022 3023
l 3068 3069
l 3083 3084
l 3099 3100
l 3126 3127
l 3140 3141
l 3152 3153
l 3180 3181
l 3192 3193
l 3207 3208
l 3220 3221
l 3232 3233
l 3245 3246
l 3260 3261
l 3322 3323
l 3372 3373
l 3385 3386
l 40 2755
l 58 64
l 75 83
l 100 98
l 128 136
l 185 195
l 232 248
l 237 243
l 266 265
l 291 297
l 310 316
l 336 330
l 373 269
l 392 400
l 395 403
l 416 423
l 444 438
l 456 463
l 480 479
l 490 498
l 501 503
l 525 532
l 584 588
l 595 603
l 656 607
l 634 640
l 646 606
l 658 609
l 672 678
l 707 715
l 718 726
l 740 735
l 750 763
l 766 771
l 776 785
l 843 794
l 852 860
l 874 878
l 954 960
l 997 994
l 1024 1042
l 1028 1032
l 1045 1052
l 1082 1092
l 1132 1151
l 1137 1142
l 1154 1149
l 1190 1200
l 1217 1215
l 1245 1251
l 1259 1256
l 1286 1284
l 1343 1338
l 1371 1376
l 1413 1411
l 1426 1436
l 1453 1451
l 1464 1460
l 1476 1485
l 1498 1508
l 1538 1548
l 1558 1459
l 1582 1567
l 1600 1596
l 1707 1617
l 1624 1631
l 1650 1644
l 1663 1669
l 1710 1727
l 1816 1720
l 1771 1777
l 1797 1791
l 1813 1810
l 1821 1893
l 1825 1833
l 1843 1838
l 1853 1865
l 1859 1863
l 1875 1870
l 1890 1885
l 1724 1888
l 1973 1978
l 1991 2000
l 2013 2018
l 2031 2040
l 2052 2057
l 2093 2098
l 2146 2155
l 2158 2171
l 2182 2246
l 2221 2231
l 2245 2249
l 2255 2263
l 2267 2279
l 2272 2277
l 2290 2300
l 2330 2340
l 2355 2358
l 2362 2370
l 2374 2387
l 2380 2385
l 2426 2424
l 2438 2448
l 2458 2466
l 2469 2467
l 2697 2475
l 2482 2487
l 2501 2509
l 2541 2549
l 2602 2607
l 2620 2628
l 2681 2686
l 2699 2707
l 2747 2753
l 2752 2748
l 2780 2788
l 2789 2792
l 2801 2810
l 2789 2855
l 2873 2867
l 2888 2895
l 2967 2974
l 2988 2996
l 3015 3011
l 3030 3027
l 3041 3040
l 3050 3053
l 3058 3063
l 3057 3074
l 3149 3145
l 3204 3212
l 3225 3233
l 3268 3265
l 3302 3301
l 3380 3340
l 3379 3350
l 3391 3386
l 3405 3402
l 3401 3412
l 6 16
l 47 43
l 67 61
l 94 104
l 142 152
l 191 189
l 206 216
l 240 234
l 246 240
l 260 266
l 280 277
l 287 292
l 308 314
l 334 328
l 368 373
l 770 479
l 387 384
l 400 396
l 442 436
l 476 480
l 484 588
l 494 491
l 548 543
l 563 570
l 607 696
l 600 596
l 615 611
l 632 638
l 656 651
l 670 676
l 689 695
l 733 722
l 765 754
l 772 393
l 776 780
l 843 789
l 797 836
l 859 856
l 923 915
l 941 938
l 963 957
l 1018 1022
l 1043 1026
l 1040 1049
l 1128 1073
l 1087 1085
l 1103 1113
l 1127 1131
l 1152 1134
l 1148 1157
l 1238 1181
l 1263 1243
l 1254 1248
l 1267 1264
l 1279 1289
l 1319 1329
l 1342 1347
l 1369 1416
l 1381 1374
l 1382 1405
l 1407 1417
l 1489 1482
l 1504 1502
l 1460 1565
l 1572 1600
l 1620 1619
l 1628 1625
l 1648 1642
l 1661 1667
l 1687 1682
l 1641 1703
l 1755 1750
l 1769 1775
l 1795 1789
l 1749 1813
l 1821 1826
l 1836 1813
l 1868 1856
l 2127 1889
l 1889 1894
l 1899 1903
l 1909 1913
l 1924 1907
l 1999 1995
l 2117 2121
l 2173 2162
l 2228 2226
l 2155 2250
l 2262 2258
l 2275 2270
l 2281 2275
l 2296 2294
l 2337 2335
l 2263 2354
l 2383 2377
l 2389 2383
l 2419 2429
l 2445 2443
l 2370 2464
l 2473 2471
l 2492 2485
l 2532 2524
l 2548 2545
l 2627 2624
l 2477 2678
l 2690 2684
l 2706 2702
l 2771 2767
l 2779 2787
l 2784 2785
l 2789 2795
l 2801 2805
l 2914 2909
l 2926 2934
l 2952 2948
l 2993 2989
l 3040 3039
l 3050 3047
l 3058 3066
l 3123 3131
l 3162 3164
l 3189 3184
l 3247 3243
l 3283 3292
l 3298 3295
l 3302 3305
l 3383 3388
l 3395 3392
l 12 9
l 2755 48
l 82 55
l 123 117
l 133 140
l 147 155
l 194 188
l 209 215
l 2761 126
l 272 374
l 287 295
l 307 317
l 371 269
l 379 481
l 390 398
l 414 424
l 454 464
l 474 479
l 487 495
l 503 508
l 581 588
l 593 697
l 647 604
l 693 696
l 705 712
l 698 716
l 725 733
l 737 745
l 735 748
l 758 754
l 773 770
l 771 393
l 776 783
l 843 792
l 876 883
l 893 902
l 933 942
l 973 982
l 1030 1038
l 1042 1046
l 1066 1072
l 1125 1130
l 1139 1146
l 1151 1158
l 1149 1161
l 1173 1180
l 1233 1237
l 1241 1260
l 1256 1268
l 1321 1328
l 1408 1386
l 1389 1398
l 1410 1416
l 1435 1430
l 1460 1472
l 1521 1527
l 1547 1542
l 1564 1562
l 1568 1573
l 1572 1580
l 1609 1615
l 1622 1620
l 1660 1670
l 1706 1700
l 1709 1726
l 1713 1718
l 1729 1737
l 1754 1752
l 1768 1778
l 1812 1808
l 1821 1830
l 1838 1851
l 1861 1856
l 1872 1876
l 1870 1883
l 1888 1894
l 1899 1897
l 1909 1916
l 1899 1961
l 1975 1982
l 2015 2022
l 2054 2062
l 2072 2080
l 2095 2102
l 2136 2133
l 2144 2168
l 2166 2162
l 2191 2185
l 2230 2225
l 2247 2243
l 2253 2272
l 2299 2293
l 2339 2334
l 2356 2352
l 2360 2380
l 2447 2442
l 1873 2474
l 2467 2471
l 2562 2571
l 2581 2590
l 2604 2611
l 2642 2651
l 2661 2670
l 2722 2730
l 2749 2734
l 2733 2744
l 2753 2748
l 2768 2759
l 2763 2772
l 2784 2786
l 2789 2798
l 2801 2808
l 2870 2865
l 2885 2893
l 3031 3024
l 3058 3061
l 3162 3168
l 3182 3190
l 3269 3262
l 3287 3284
l 3380 3338
l 3379 3348
l 3405 3410
l 3 14
l 44 41
l 53 73
l 65 62
l 37 76
l 121 115
l 137 134
l 166 173
l 192 186
l 207 213
l 227 2761
l 249 265
l 244 241
l 236 267
l 298 288
l 313 311
l 354 352
l 419 417
l 435 445
l 501 551
l 513 506
l 499 540
l 542 552
l 569 567
l 495 589
l 621 613
l 650 659
l 675 673
l 697 692
l 711 708
l 730 726
l 745 741
l 770 423
l 776 778
l 776 786
l 843 795
l 899 894
l 961 958
l 1044 1130
l 1064 1070
l 1088 1083
l 1153 1237
l 1143 1140
l 1158 1155
l 1211 1218
l 1258 1345
l 1252 1249
l 1280 1287
l 1339 1344
l 1408 1414
l 1447 1454
l 1462 1465
l 1486 1483
l 1519 1525
l 1508 1564
l 1631 1607
l 1618 1612
l 1641 1651
l 1681 1691
l 1705 1708
l 1736 1733
l 1749 1759
l 1774 1772
l 1811 1817
l 1834 1828
l 1841 1844
l 1866 1854
l 1890 1891
l 1899 1901
l 1909 1911
l 1979 1976
l 1996 1992
l 2019 2016
l 2037 2032
l 2058 2055
l 2099 2096
l 2152 2147
l 2189 2183
l 2259 2256
l 2297 2291
l 2300 2356
l 2367 2363
l 2379 2375
l 2405 2400
l 2420 2427
l 2399 2461
l 2472 2474
l 2476 2524
l 2529 2525
l 2608 2605
l 2703 2700
l 2727 2723
l 2746 2751
l 2768 2764
l 2785 2787
l 2789 2793
l 2801 2803
l 2811 2850
l 2856 2801
l 2896 2892
l 2936 2930
l 2950 2956
l 3008 3016
l 3028 3034
l 3278 3039
l 3039 3042
l 3050 3054
l 3058 3064
l 3107 3069
l 3133 3127
l 3146 3153
l 3184 3186
l 3213 3208
l 3230 3226
l 3266 3272
l 3380 3341
l 3351 3371
l 3403 3408
l 3413 3408
l 11 7
l 80 78
l 120 118
l 131 127
l 148 153
l 165 175
l 225 126
l 270 287
l 374 281
l 293 288
l 357 351
l 372 369
l 377 400
l 481 388
l 397 405
l 701 477
l 485 503
l 544 551
l 571 566
l 591 615
l 697 601
l 652 609
l 694 690
l 702 393
l 723 719
l 734 743
l 756 751
l 776 781
l 843 790
l 853 857
l 912 921
l 934 939
l 974 980
l 998 992
l 1019 1016
l 1027 1035
l 1046 1050
l 1063 1128
l 1122 1130
l 1171 1238
l 1196 1194
l 1210 1220
l 1230 1237
l 1244 1346
l 1255 1267
l 1260 1265
l 1305 1303
l 1343 1345
l 1370 1379
l 1390 1396
l 1433 1431
l 1446 1456
l 1462 1470
l 1479 1487
l 1518 1528
l 1545 1543
l 1573 1578
l 1601 1599
l 1661 1621
l 1620 1629
l 1683 1690
l 1702 1604
l 1715 1722
l 1751 1758
l 1837 1847
l 1841 1849
l 1858 1866
l 1869 1879
l 1876 1881
l 1890 1892
l 1899 1895
l 1899 1904
l 1909 1914
l 2051 2059
l 2073 2078
l 2118 2115
l 2137 2131
l 2143 2161
l 2164 2159
l 2188 2186
l 2201 2211
l 2245 2241
l 2271 2268
l 2310 2320
l 2355 2350
l 2359 2376
l 2404 2402
l 2479 2471
l 2472 2468
l 2481 2490
l 2502 2507
l 2521 2530
l 2542 2546
l 2560 2568
l 2582 2588
l 2621 2625
l 2640 2648
l 2662 2668
l 2746 2731
l 2745 2741
l 2752 2747
l 2774 2757
l 2789 2796
l 2801 2806
l 2800 2816
l 2908 2915
l 2986 2994
l 3013 3009
l 2782 3021
l 3050 3048
l 3058 3067
l 3050 3112
l 3223 3231
l 3244 3253
l 3298 3296
l 3302 3306
l 3336 3302
l 3356 3346
l 3389 3384
l 3388 3396
l 10 15
l 39 55
l 51 74
l 114 124
l 156 151
l 172 170
l 212 210
l 127 231
l 236 261
l 291 285
l 296 284
l 355 349
l 317 372
l 770 391
l 402 398
l 420 415
l 460 455
l 424 701
l 511 500
l 529 524
l 523 585
l 598 594
l 631 694
l 702 706
l 717 701
l 749 738
l 763 759
l 1008 774
l 776 784
l 843 793
l 804 788
l 880 877
l 903 896
l 920 916
l 943 937
l 983 977
l 996 1001
l 1015 1023
l 1034 1031
l 1054 1043
l 1069 1067
l 1109 1107
l 1035 1131
l 1162 1152
l 1176 1174
l 1136 1236
l 1263 1258
l 1269 1263
l 1299 1309
l 1324 1322
l 1378 1375
l 1387 1416
l 1399 1393
l 1473 1467
l 1524 1522
l 1563 1565
l 1581 1569
l 1595 1601
l 1616 1613
l 1606 1623
l 1724 1815
l 1719 1716
l 1727 1730
l 1809 1814
l 1820 1813
l 1846 1842
l 1852 1846
l 1865 1862
l 1884 1873
l 1891 1893
l 1899 1898
l 1909 1908
l 1917 1956
l 1962 1909
l 2002 1994
l 2042 2034
l 2114 2122
l 2134 2140
l 2162 2145
l 2157 2149
l 2171 2167
l 2246 2192
l 2207 2205
l 2244 2250
l 2275 2254
l 2279 2276
l 2316 2314
l 2383 2361
l 2387 2384
l 2399 2409
l 2468 1565
l 2474 2470
l 2489 2486
l 2551 2480
l 2567 2563
l 2591 2585
l 2647 2643
l 2671 2665
l 2688 2685
l 2740 38
l 2751 2756
l 2773 2766
l 2781 2783
l 2789 2791
l 2801 2809
l 2866 2874
l 2894 2889
l 2933 2927
l 2947 2953
l 2973 2968
l 2991 2987
l 3005 3014
l 3038 3045
l 3036 3043
l 3050 3052
l 3058 3062
l 3130 3124
l 3144 3150
l 3169 3165
l 3183 3190
l 3211 3205
l 3224 3223
l 3249 3245
l 3300 3314
l 3380 3339
l 3379 3349
l 3411 3398
l 42 50
l 37 2745
l 57 66
l 77 55
l 103 97
l 127 138
l 174 169
l 233 237
l 236 245
l 264 259
l 268 286
l 273 279
l 327 337
l 371 367
l 376 392
l 380 386
l 459 457
l 483 501
l 488 493
l 502 511
l 528 526
l 590 608
l 610 619
l 637 635
l 693 688
l 702 709
l 721 728
l 719 731
l 742 738
l 753 760
l 751 764
l 773 775
l 776 779
l 843 796
l 776 841
l 855 863
l 873 881
l 953 962
l 1025 1046
l 1048 1043
l 1084 1091
l 1112 1106
l 1129 1126
l 1133 1158
l 1136 1144
l 1156 1152
l 1193 1199
l 1219 1214
l 1239 1234
l 1242 1260
l 1346 1253
l 1288 1283
l 1302 1308
l 1408 1368
l 1404 1385
l 1455 1450
l 1501 1507
l 1561 1459
l 1575 1569
l 1593 1599
l 1608 1707
l 1658 1619
l 1606 1627
l 1666 1664
l 1706 1604
l 1712 1816
l 1723 1736
l 1727 1734
l 1788 1798
l 1812 1815
l 1818 1835
l 1855 1859
l 1878 1873
l 1899 1902
l 1909 1912
l 1972 1980
l 2012 2020
l 2075 2082
l 2092 2100
l 2161 2168
l 2159 2172
l 2210 2204
l 2257 2266
l 2252 2272
l 2268 2280
l 2319 2313
l 2364 2373
l 2376 2380
l 2379 2388
l 2401 2408
l 2428 2423
l 2468 2470
l 2504 2512
l 2544 2480
l 2601 2609
l 2623 2631
l 2680 2689
l 2701 2710
l 2720 2728
l 2754 2751
l 2784 2778
l 2789 2794
l 2801 2804
l 2905 2913
l 2931 2925
l 2945 2951
l 2971 2965
l 3036 3044
l 3050 3046
l 3050 3055
l 3058 3065
l 3122 3131
l 3142 3147
l 3209 3202
l 3242 3250
l 3288 3282
l 3294 3330
l 3302 3304
l 3380 3342
l 3392 3382
l 3389 3394
l 3404 3401
l 8 13
l 37 81
l 101 95
l 128 132
l 154 142
l 175 228
l 263 267
l 282 276
l 284 294
l 333 331
l 348 358
l 370 375
l 389 383
l 441 439
l 478 482
l 506 486
l 510 507
l 523 533
l 547 545
l 562 572
l 587 589
l 613 592
l 618 614
l 631 641
l 655 653
l 669 679
l 728 724
l 747 743
l 760 757
l 766 772
l 776 782
l 843 791
l 901 897
l 917 913
l 981 978
l 993 1002
l 1012 1020
l 1052 1041
l 1051 1040
l 1110 1104
l 1160 1148
l 1177 1172
l 1191 1197
l 1300 1306
l 1325 1320
l 1279 1340
l 1397 1394
l 1427 1434
l 1471 1468
l 1476 1480
l 1499 1505
l 1539 1546
l 1583 1599
l 1579 1576
l 1572 1598
l 1631 1621
l 1647 1645
l 1686 1684
l 1888 1728
l 1739 1732
l 1794 1792
l 1832 1829
l 1850 1847
l 1882 1879
l 1724 1758
l 1899 1896
l 1905 1922
l 1909 1915
l 2039 2035
l 2079 2076
l 2111 2119
l 2132 2141
l 2163 2249
l 2154 2150
l 2168 2165
l 2208 2202
l 2222 2229
l 2242 2248
l 2270 2358
l 2317 2311
l 2331 2338
l 2351 2357
l 2377 2466
l 2369 2365
l 2439 2446
l 2460 2465
l 2469 2473
l 2508 2505
l 2527 2522
l 2564 2561
l 2589 2586
l 2644 2641
l 2669 2666
l 2725 2721
l 2737 2746
l 2750 2754
l 2758 2777
l 2783 2788
l 2789 2797
l 2801 2807
l 2876 2869
l 2916 2912
l 2970 2976
l 3026 3035
l 3043 3045
l 3050 3049
l 3058 3060
l 3113 3058
l 3165 3167
l 3264 3273
l 3286 3291
l 3298 3297
l 3307 3329
l 3298 3337
l 3379 3347
l 3344 3357
l 3397 3386
l 3398 3409
