===== DebugLog started 2026-10-02 03:43:36 =====
[0s] [GameApp] started
[0s] [GameApp] direct start: load 'roundtrip'
[0s] [StreetMaterials] asphalt=true pavement=true
[1.39998s] [RiverNetwork] reaches=146822 lengthKm=913.9 confluences=114 spillways=160 sinks=0 self=90 exhausted=0
[3.65095s] [DistrictHierarchy] areas=422 boundaries=16955 uncoveredCells=0
[6.11392s] [UrbanFacility] town=汐淵 type=18 requested=1 placed=1 candidates=424
[6.12034s] [UrbanFacility] town=汐淵 type=19 requested=1 placed=0 candidates=0
[6.19856s] [UrbanFacility] town=汐淵 type=20 requested=1 placed=1 candidates=424
[6.26839s] [UrbanFacility] town=汐淵 type=21 requested=2 placed=2 candidates=225
[6.353s] [UrbanFacility] town=汐淵 type=17 requested=2 placed=2 candidates=123
[6.44965s] [UrbanFacility] town=葦草 type=18 requested=1 placed=1 candidates=1552
[6.45637s] [UrbanFacility] town=葦草 type=19 requested=1 placed=0 candidates=0
[6.55027s] [UrbanFacility] town=葦草 type=20 requested=1 placed=1 candidates=1552
[6.6361s] [UrbanFacility] town=葦草 type=21 requested=2 placed=2 candidates=896
[6.75261s] [UrbanFacility] town=葦草 type=17 requested=2 placed=2 candidates=219
[6.80828s] [UrbanFacility] town=玉寺 type=18 requested=1 placed=1 candidates=164
[6.81573s] [UrbanFacility] town=玉寺 type=19 requested=1 placed=0 candidates=0
[6.87012s] [UrbanFacility] town=玉寺 type=20 requested=1 placed=1 candidates=164
[6.92523s] [UrbanFacility] town=玉寺 type=21 requested=2 placed=1 candidates=87
[6.98646s] [UrbanFacility] town=玉寺 type=17 requested=2 placed=2 candidates=38
[7.07265s] [UrbanFacility] town=網瀬洗 type=18 requested=1 placed=1 candidates=283
[7.0794s] [UrbanFacility] town=網瀬洗 type=19 requested=1 placed=0 candidates=0
[7.162s] [UrbanFacility] town=網瀬洗 type=20 requested=1 placed=1 candidates=283
[7.24574s] [UrbanFacility] town=網瀬洗 type=21 requested=2 placed=2 candidates=47
[7.28092s] [UrbanFacility] town=鵜池 type=21 requested=1 placed=1 candidates=187
[7.31581s] [UrbanFacility] town=秋神 type=21 requested=1 placed=1 candidates=185
[7.36418s] [UrbanFacility] town=常宮 type=21 requested=1 placed=0 candidates=181
[7.69107s] [RoadsideServices] district=0 convenience=6 fuel=3
[8.0163s] [RoadsideServices] district=1 convenience=6 fuel=3
[8.23573s] [RoadsideServices] district=2 convenience=6 fuel=1
[8.46181s] [RoadsideServices] district=3 convenience=6 fuel=2
[8.60175s] [RoadsideServices] district=4 convenience=3 fuel=0
[8.64855s] [RoadsideServices] district=5 convenience=1 fuel=0
[8.68854s] [RoadsideServices] district=6 convenience=1 fuel=0
[8.80551s] [RoadsideServices] district=7 convenience=6 fuel=1
[8.87793s] [RoadsideServices] district=8 convenience=0 fuel=0
[8.98016s] [RoadsideServices] district=9 convenience=6 fuel=1
[9.10983s] [RoadsideServices] district=10 convenience=6 fuel=2
[9.18318s] [RoadsideServices] district=11 convenience=6 fuel=2
[9.24469s] [RoadsideServices] district=12 convenience=3 fuel=2
[9.30562s] [RoadsideServices] district=13 convenience=4 fuel=0
[9.35832s] [RoadsideServices] district=14 convenience=0 fuel=0
[9.40515s] [RoadsideServices] district=15 convenience=0 fuel=0
[9.44535s] [RoadsideServices] district=16 convenience=0 fuel=0
[9.48505s] [RoadsideServices] district=17 convenience=0 fuel=0
[9.52656s] [RoadsideServices] district=18 convenience=0 fuel=0
[9.5734s] [RoadsideServices] district=19 convenience=0 fuel=0
[9.61324s] [RoadsideServices] district=20 convenience=1 fuel=0
[9.6592s] [RoadsideServices] district=21 convenience=0 fuel=0
[9.69888s] [RoadsideServices] district=22 convenience=0 fuel=0
[9.74088s] [RoadsideServices] district=23 convenience=1 fuel=0
[9.78292s] [RoadsideServices] district=24 convenience=1 fuel=0
[9.82404s] [RoadsideServices] district=25 convenience=0 fuel=0
[9.86523s] [RoadsideServices] district=26 convenience=1 fuel=0
[9.90517s] [RoadsideServices] district=27 convenience=0 fuel=0
[9.94608s] [RoadsideServices] district=28 convenience=1 fuel=0
[9.99372s] [RoadsideServices] district=29 convenience=0 fuel=0
[10.0352s] [RoadsideServices] district=30 convenience=0 fuel=0
[10.0762s] [RoadsideServices] district=31 convenience=1 fuel=0
[10.1152s] [RoadsideServices] district=32 convenience=1 fuel=0
[10.1553s] [RoadsideServices] district=33 convenience=0 fuel=0
[10.2017s] [RoadsideServices] district=34 convenience=0 fuel=0
[10.242s] [RoadsideServices] district=35 convenience=1 fuel=0
[10.282s] [RoadsideServices] district=36 convenience=0 fuel=0
[10.3217s] [RoadsideServices] district=37 convenience=0 fuel=0
[10.362s] [RoadsideServices] district=38 convenience=0 fuel=0
[10.4078s] [RoadsideServices] district=39 convenience=0 fuel=0
[10.4483s] [RoadsideServices] district=40 convenience=0 fuel=0
[10.4881s] [RoadsideServices] district=41 convenience=0 fuel=0
[10.5283s] [RoadsideServices] district=42 convenience=0 fuel=0
[10.569s] [RoadsideServices] district=43 convenience=0 fuel=0
[10.6089s] [RoadsideServices] district=44 convenience=0 fuel=0
[10.6495s] [RoadsideServices] district=45 convenience=0 fuel=0
[10.6899s] [RoadsideServices] district=46 convenience=0 fuel=0
[10.7319s] [RoadsideServices] district=47 convenience=0 fuel=0
[10.7718s] [RoadsideServices] district=48 convenience=0 fuel=0
[10.813s] [RoadsideServices] district=49 convenience=0 fuel=0
[10.8543s] [RoadsideServices] district=50 convenience=0 fuel=0
[10.8954s] [RoadsideServices] district=51 convenience=0 fuel=0
[10.9372s] [RoadsideServices] district=52 convenience=0 fuel=0
[10.9761s] [RoadsideServices] district=53 convenience=0 fuel=0
[11.0158s] [RoadsideServices] district=54 convenience=0 fuel=0
[11.0559s] [RoadsideServices] district=55 convenience=0 fuel=0
[11.0958s] [RoadsideServices] district=56 convenience=0 fuel=0
[11.1307s] [RoadsideServices] district=57 convenience=0 fuel=0
[11.1719s] [RoadsideServices] district=58 convenience=0 fuel=0
[11.2123s] [RoadsideServices] district=59 convenience=0 fuel=0
[11.2523s] [RoadsideServices] district=60 convenience=0 fuel=0
[11.328s] [NewTownGreenClearance] rejected=68
[11.328s] [UrbanMix] midrise=942 towers=40 offices=116 detached=14239
[11.328s] [PlacementReview] slots=46509 placed=26139 density=8448 clearance=331 neighbor=2550
[12.1995s] [RearLots] placed=8253
[12.4744s] [GreenTrafficIsland] center=(62368.77283292591, 53480.56647009464) area=3045.335397005081 cells=12
[12.4744s] [GreenTrafficIsland] center=(24104.03417962813, 23680.493387931274) area=2832.4106851816177 cells=12
[12.4744s] [BlockCoverage] blocks=2244 emptyBefore=2 infill=0 greenIslands=2 emptyAfter=0
[12.7581s] [placeInitialBuildings] placed=26139 infill=1161 fields=2027056 rejectedRoad=1372 rejectedSlope=307 elapsedMs=6958.7
[16.237s] [ParcelValidation] failure=0 count=37274
[16.9432s] [CityConstraintValidation] buildings=35553 noFrontage=0 missingEdge=0 missingParcel=173 roadOverlap=0 frontageDistance=0 coastal=0 passed=false
[17.183s] [GuideSignClearance] generated=177 exclusionViolations=0 clearanceM=30
[24.9941s] [ParcelValidation] failure=0 count=37274
[25.6941s] [CityConstraintValidation] buildings=35553 noFrontage=0 missingEdge=0 missingParcel=173 roadOverlap=0 frontageDistance=0 coastal=0 passed=false
[25.707s] [RiverRenderer] leveeRoads=29
[25.707s] [RiverRenderer] batches=957 shader=true
[25.707s] [TunnelJunction] rooms=0 roadSections=15
[25.707s] [TunnelRenderer] roadSections=15 railSections=267 mouthOpenings=6426
[25.707s] [TreeModels] models=17 nearCapacity=64 farCapacity=1024 preloadMs=67.16
[25.707s] [BuildingPreload] assets=62 ms=1060.36
[25.707s] [JunctionGeometry] repaired node=26 approaches=4 regions=1 sourceFailure=6
[25.707s] [JunctionGeometry] repaired node=42 approaches=2 regions=1 sourceFailure=6
[25.707s] [JunctionGeometry] repaired node=15619 approaches=3 regions=1 sourceFailure=6
[25.707s] [JunctionGeometry] repaired node=15618 approaches=3 regions=1 sourceFailure=6
[25.707s] [JunctionGeometry] repaired node=15816 approaches=3 regions=1 sourceFailure=6
[25.707s] [JunctionGeometry] repaired node=15533 approaches=3 regions=1 sourceFailure=6
[25.707s] [JunctionGeometry] repaired node=2552 approaches=3 regions=1 sourceFailure=6
[25.707s] [JunctionGeometry] repaired node=15421 approaches=3 regions=1 sourceFailure=6
[25.707s] [JunctionGeometry] repaired node=3594 approaches=4 regions=1 sourceFailure=6
[25.707s] [JunctionGeometry] repaired node=15810 approaches=3 regions=1 sourceFailure=6
[25.707s] [JunctionGeometry] repaired node=15809 approaches=3 regions=1 sourceFailure=6
[25.707s] [JunctionGeometry] repaired node=15807 approaches=3 regions=1 sourceFailure=6
[25.707s] [JunctionGeometry] repaired node=15294 approaches=3 regions=1 sourceFailure=6
[25.707s] [JunctionGeometry] repaired node=15293 approaches=3 regions=1 sourceFailure=6
[25.707s] [JunctionGeometry] repaired node=15808 approaches=4 regions=1 sourceFailure=6
[25.707s] [JunctionGeometry] repaired node=6711 approaches=3 regions=1 sourceFailure=6
[25.707s] [JunctionGeometry] repaired node=6724 approaches=5 regions=1 sourceFailure=6
[25.707s] [JunctionGeometry] repaired node=6895 approaches=3 regions=1 sourceFailure=6
[25.707s] [JunctionGeometry] repaired node=9330 approaches=2 regions=1 sourceFailure=6
[25.707s] [JunctionGeometry] repaired node=15814 approaches=3 regions=1 sourceFailure=6
[25.707s] [JunctionGeometry] repaired node=15813 approaches=3 regions=1 sourceFailure=6
[25.707s] [JunctionGeometry] repaired node=10360 approaches=3 regions=1 sourceFailure=6
[25.707s] [JunctionGeometry] repaired node=15190 approaches=3 regions=1 sourceFailure=6
[25.707s] [JunctionGeometry] repaired node=15804 approaches=3 regions=1 sourceFailure=6
[25.707s] [JunctionGeometry] repaired node=15715 approaches=3 regions=1 sourceFailure=6
[25.707s] [JunctionGeometry] repaired node=15736 approaches=3 regions=1 sourceFailure=6
[25.707s] [JunctionGeometry] repaired node=17672 approaches=4 regions=1 sourceFailure=6
[25.707s] [JunctionGeometry] repaired node=17673 approaches=4 regions=1 sourceFailure=6
[25.707s] [JunctionGeometry] repaired node=17674 approaches=4 regions=1 sourceFailure=6
[25.707s] [JunctionGeometry] repaired node=17675 approaches=4 regions=1 sourceFailure=6
[25.707s] [JunctionGeometry] repaired node=17676 approaches=4 regions=1 sourceFailure=6
[25.707s] [JunctionGeometry] repaired node=17677 approaches=4 regions=1 sourceFailure=6
[25.707s] [JunctionGeometry] repaired node=18975 approaches=3 regions=1 sourceFailure=6
[25.707s] [JunctionGeometry] repaired node=19196 approaches=2 regions=2 sourceFailure=6
[25.707s] [JunctionGeometry] repaired node=19346 approaches=3 regions=1 sourceFailure=6
[25.707s] [JunctionGeometry] repaired node=19368 approaches=2 regions=1 sourceFailure=6
[25.707s] [JunctionGeometry] repaired node=19381 approaches=3 regions=1 sourceFailure=6
[25.707s] [JunctionGeometry] repaired node=19384 approaches=3 regions=1 sourceFailure=6
[25.707s] [JunctionGeometry] repaired node=19400 approaches=3 regions=1 sourceFailure=6
[25.707s] [JunctionGeometry] repaired node=19459 approaches=3 regions=1 sourceFailure=6
[25.707s] [JunctionGeometry] repaired node=19471 approaches=3 regions=1 sourceFailure=6
[25.707s] [JunctionGeometry] repaired node=19490 approaches=3 regions=1 sourceFailure=6
[25.707s] [JunctionGeometry] repaired node=19500 approaches=3 regions=1 sourceFailure=6
[25.707s] [JunctionGeometry] repaired node=19502 approaches=3 regions=1 sourceFailure=6
[25.707s] [JunctionGeometry] repaired node=19507 approaches=3 regions=1 sourceFailure=6
[25.707s] [JunctionGeometry] repaired node=19599 approaches=3 regions=1 sourceFailure=6
[25.707s] [JunctionGeometry] repaired node=19767 approaches=3 regions=1 sourceFailure=6
[25.707s] [JunctionGeometry] repaired node=19827 approaches=3 regions=1 sourceFailure=6
[25.707s] [JunctionGeometry] repaired node=19842 approaches=3 regions=1 sourceFailure=6
[25.707s] [JunctionGeometry] repaired node=19866 approaches=3 regions=1 sourceFailure=6
[25.707s] [JunctionGeometry] repaired node=19879 approaches=2 regions=1 sourceFailure=6
[25.707s] [JunctionGeometry] repaired node=19890 approaches=3 regions=1 sourceFailure=6
[25.707s] [JunctionGeometry] repaired node=19904 approaches=3 regions=1 sourceFailure=6
[25.707s] [JunctionGeometry] repaired node=20064 approaches=3 regions=1 sourceFailure=6
[25.707s] [JunctionGeometry] repaired node=20107 approaches=3 regions=1 sourceFailure=6
[25.707s] [JunctionGeometry] repaired node=20245 approaches=3 regions=1 sourceFailure=6
[25.707s] [JunctionGeometry] repaired node=20246 approaches=3 regions=1 sourceFailure=6
[25.707s] [JunctionGeometry] repaired node=20261 approaches=3 regions=1 sourceFailure=6
[25.707s] [JunctionGeometry] repaired node=20293 approaches=3 regions=1 sourceFailure=6
[25.707s] [JunctionGeometry] repaired node=20317 approaches=3 regions=1 sourceFailure=6
[25.707s] [JunctionGeometry] repaired node=20371 approaches=3 regions=1 sourceFailure=6
[25.707s] [JunctionGeometry] repaired node=20380 approaches=3 regions=1 sourceFailure=6
[25.707s] [JunctionGeometry] repaired node=20400 approaches=3 regions=1 sourceFailure=6
[25.707s] [JunctionGeometry] repaired node=20465 approaches=3 regions=1 sourceFailure=6
[25.707s] [JunctionGeometry] repaired node=20570 approaches=3 regions=1 sourceFailure=6
[25.707s] [JunctionGeometry] repaired node=20582 approaches=3 regions=1 sourceFailure=6
[25.707s] [JunctionGeometry] repaired node=20584 approaches=3 regions=1 sourceFailure=6
[25.707s] [JunctionGeometry] repaired node=20656 approaches=2 regions=1 sourceFailure=6
[25.707s] [JunctionGeometry] repaired node=20755 approaches=3 regions=1 sourceFailure=6
[25.707s] [JunctionGeometry] repaired node=20918 approaches=3 regions=1 sourceFailure=6
[25.707s] [JunctionGeometry] repaired node=20921 approaches=3 regions=1 sourceFailure=6
[25.707s] [JunctionGeometry] repaired node=20933 approaches=3 regions=1 sourceFailure=6
[25.707s] [JunctionGeometry] repaired node=20967 approaches=3 regions=1 sourceFailure=6
[25.707s] [JunctionGeometry] repaired node=21127 approaches=3 regions=1 sourceFailure=6
[25.707s] [JunctionGeometry] repaired node=21176 approaches=3 regions=1 sourceFailure=6
[25.707s] [JunctionGeometry] repaired node=21209 approaches=3 regions=1 sourceFailure=6
[25.707s] [JunctionGeometry] repaired node=21371 approaches=3 regions=1 sourceFailure=6
[25.707s] [JunctionGeometry] repaired node=21472 approaches=3 regions=1 sourceFailure=6
[25.707s] [JunctionGeometry] repaired node=21490 approaches=3 regions=1 sourceFailure=6
[25.707s] [JunctionGeometry] repaired node=21513 approaches=3 regions=1 sourceFailure=6
[25.707s] [JunctionGeometry] repaired node=21516 approaches=3 regions=1 sourceFailure=6
[25.707s] [JunctionGeometry] repaired node=21519 approaches=3 regions=1 sourceFailure=6
[25.707s] [JunctionGeometry] repaired node=21568 approaches=3 regions=1 sourceFailure=6
[25.707s] [JunctionGeometry] repaired node=21709 approaches=3 regions=1 sourceFailure=6
[25.707s] [JunctionGeometry] repaired node=21859 approaches=2 regions=2 sourceFailure=6
[25.707s] [JunctionGeometry] repaired node=21861 approaches=3 regions=1 sourceFailure=6
[25.707s] [JunctionGeometry] repaired node=21995 approaches=3 regions=1 sourceFailure=6
[25.707s] [JunctionGeometry] repaired node=22145 approaches=3 regions=1 sourceFailure=6
[25.707s] [JunctionGeometry] repaired node=22179 approaches=3 regions=1 sourceFailure=6
[25.707s] [JunctionGeometry] repaired node=22222 approaches=3 regions=1 sourceFailure=6
[25.707s] [JunctionGeometry] repaired node=22298 approaches=3 regions=1 sourceFailure=6
[25.707s] [JunctionGeometry] repaired node=22340 approaches=3 regions=1 sourceFailure=6
[25.707s] [JunctionGeometry] repaired node=22391 approaches=3 regions=1 sourceFailure=6
[25.707s] [JunctionGeometry] repaired node=22477 approaches=3 regions=1 sourceFailure=6
[25.707s] [JunctionGeometry] repaired node=22501 approaches=3 regions=1 sourceFailure=6
[25.707s] [JunctionGeometry] repaired node=22689 approaches=3 regions=1 sourceFailure=6
[25.707s] [JunctionGeometry] repaired node=22740 approaches=3 regions=1 sourceFailure=6
[25.707s] [JunctionGeometry] repaired node=22743 approaches=3 regions=1 sourceFailure=6
[25.707s] [JunctionGeometry] repaired node=22833 approaches=3 regions=1 sourceFailure=6
[25.707s] [JunctionGeometry] repaired node=22840 approaches=3 regions=1 sourceFailure=6
[25.707s] [JunctionGeometry] repaired node=22982 approaches=3 regions=1 sourceFailure=6
[25.707s] [JunctionGeometry] repaired node=22996 approaches=3 regions=1 sourceFailure=6
[25.707s] [JunctionGeometry] repaired node=23015 approaches=3 regions=1 sourceFailure=6
[25.707s] [JunctionGeometry] repaired node=23100 approaches=3 regions=1 sourceFailure=6
[25.707s] [JunctionGeometry] repaired node=23119 approaches=3 regions=1 sourceFailure=6
[25.707s] [JunctionGeometry] repaired node=23121 approaches=3 regions=1 sourceFailure=6
[25.707s] [JunctionGeometry] repaired node=23151 approaches=3 regions=1 sourceFailure=6
[25.707s] [JunctionGeometry] repaired node=23208 approaches=3 regions=1 sourceFailure=6
[25.707s] [JunctionGeometry] repaired node=23235 approaches=3 regions=1 sourceFailure=6
[25.707s] [JunctionGeometry] repaired node=23343 approaches=3 regions=1 sourceFailure=6
[25.707s] [JunctionGeometry] repaired node=23430 approaches=3 regions=1 sourceFailure=6
[25.707s] [JunctionGeometry] repaired node=23458 approaches=3 regions=1 sourceFailure=6
[25.707s] [JunctionGeometry] repaired node=23499 approaches=3 regions=1 sourceFailure=6
[25.707s] [JunctionGeometry] repaired node=23518 approaches=3 regions=1 sourceFailure=6
[25.707s] [JunctionGeometry] repaired node=23556 approaches=3 regions=1 sourceFailure=6
[25.707s] [JunctionGeometry] repaired node=23574 approaches=3 regions=1 sourceFailure=6
[25.707s] [JunctionGeometry] repaired node=23644 approaches=3 regions=1 sourceFailure=6
[25.707s] [JunctionGeometry] repaired node=23654 approaches=3 regions=1 sourceFailure=6
[25.707s] [JunctionGeometry] repaired node=23672 approaches=3 regions=1 sourceFailure=6
[25.707s] [JunctionGeometry] repaired node=23691 approaches=3 regions=1 sourceFailure=6
[25.707s] [JunctionGeometry] repaired node=23732 approaches=3 regions=1 sourceFailure=6
[25.707s] [JunctionGeometry] repaired node=23843 approaches=3 regions=1 sourceFailure=6
[25.707s] [JunctionGeometry] repaired node=23844 approaches=3 regions=1 sourceFailure=6
[25.707s] [JunctionGeometry] repaired node=23869 approaches=3 regions=1 sourceFailure=6
[25.707s] [JunctionGeometry] repaired node=23901 approaches=3 regions=1 sourceFailure=6
[25.707s] [JunctionGeometry] repaired node=23920 approaches=3 regions=1 sourceFailure=6
[25.707s] [JunctionGeometry] repaired node=23992 approaches=3 regions=1 sourceFailure=6
[25.707s] [JunctionGeometry] repaired node=24047 approaches=3 regions=1 sourceFailure=6
[25.707s] [JunctionGeometry] repaired node=24078 approaches=3 regions=1 sourceFailure=6
[25.707s] [JunctionGeometry] repaired node=24103 approaches=3 regions=1 sourceFailure=6
[25.707s] [JunctionGeometry] repaired node=24115 approaches=3 regions=1 sourceFailure=6
[25.707s] [JunctionGeometry] repaired node=24208 approaches=3 regions=1 sourceFailure=6
[25.707s] [JunctionGeometry] repaired node=24210 approaches=3 regions=1 sourceFailure=6
[25.707s] [JunctionGeometry] repaired node=24324 approaches=3 regions=1 sourceFailure=6
[25.707s] [JunctionGeometry] repaired node=24352 approaches=3 regions=1 sourceFailure=6
[25.707s] [JunctionGeometry] repaired node=24398 approaches=3 regions=1 sourceFailure=6
[25.707s] [JunctionGeometry] repaired node=24446 approaches=3 regions=1 sourceFailure=6
[25.707s] [JunctionGeometry] repaired node=24452 approaches=3 regions=1 sourceFailure=6
[25.707s] [JunctionGeometry] repaired node=24473 approaches=3 regions=1 sourceFailure=6
[25.707s] [JunctionGeometry] repaired node=24489 approaches=3 regions=1 sourceFailure=6
[25.707s] [JunctionGeometry] repaired node=24548 approaches=3 regions=1 sourceFailure=6
[25.707s] [JunctionGeometry] repaired node=24623 approaches=3 regions=1 sourceFailure=6
[25.707s] [JunctionGeometry] repaired node=24660 approaches=3 regions=1 sourceFailure=6
[25.707s] [JunctionGeometry] repaired node=24675 approaches=3 regions=1 sourceFailure=6
[25.707s] [JunctionGeometry] repaired node=24755 approaches=3 regions=1 sourceFailure=6
[25.707s] [JunctionGeometry] repaired node=24821 approaches=3 regions=1 sourceFailure=6
[25.707s] [JunctionGeometry] repaired node=24896 approaches=3 regions=1 sourceFailure=6
[25.707s] [JunctionGeometry] repaired node=24935 approaches=3 regions=1 sourceFailure=6
[25.707s] [JunctionGeometry] repaired node=24953 approaches=3 regions=1 sourceFailure=6
[25.707s] [JunctionGeometry] repaired node=25067 approaches=3 regions=1 sourceFailure=6
[25.707s] [JunctionGeometry] repaired node=25336 approaches=3 regions=1 sourceFailure=6
[25.707s] [JunctionGeometry] repaired node=25390 approaches=3 regions=1 sourceFailure=6
[25.707s] [JunctionGeometry] repaired node=25416 approaches=3 regions=1 sourceFailure=6
[25.707s] [JunctionGeometry] repaired node=25551 approaches=3 regions=1 sourceFailure=6
[25.707s] [JunctionGeometry] repaired node=25561 approaches=3 regions=1 sourceFailure=6
[25.707s] [JunctionGeometry] repaired node=25565 approaches=3 regions=1 sourceFailure=6
[25.707s] [JunctionGeometry] repaired node=25725 approaches=3 regions=1 sourceFailure=6
[25.707s] [JunctionGeometry] repaired node=25783 approaches=2 regions=2 sourceFailure=6
[25.707s] [JunctionGeometry] repaired node=25892 approaches=3 regions=1 sourceFailure=6
[25.707s] [JunctionGeometry] repaired node=25907 approaches=3 regions=1 sourceFailure=6
[25.707s] [JunctionGeometry] repaired node=25961 approaches=3 regions=1 sourceFailure=6
[25.707s] [JunctionGeometry] repaired node=26044 approaches=3 regions=1 sourceFailure=6
[25.707s] [JunctionGeometry] repaired node=26059 approaches=3 regions=1 sourceFailure=6
[25.707s] [JunctionGeometry] repaired node=26180 approaches=2 regions=2 sourceFailure=6
[25.707s] [JunctionGeometry] repaired node=26526 approaches=3 regions=1 sourceFailure=6
[25.707s] [JunctionGeometry] repaired node=26536 approaches=3 regions=1 sourceFailure=6
[25.707s] [JunctionGeometry] repaired node=26567 approaches=3 regions=1 sourceFailure=6
[25.707s] [JunctionGeometry] repaired node=26647 approaches=3 regions=1 sourceFailure=6
[25.707s] [JunctionGeometry] repaired node=26737 approaches=3 regions=1 sourceFailure=6
[25.707s] [JunctionGeometry] repaired node=26744 approaches=3 regions=1 sourceFailure=6
[25.707s] [JunctionGeometry] repaired node=26745 approaches=3 regions=1 sourceFailure=6
[25.707s] [JunctionGeometry] repaired node=26789 approaches=2 regions=2 sourceFailure=6
[25.707s] [JunctionGeometry] repaired node=26825 approaches=3 regions=1 sourceFailure=6
[25.707s] [JunctionGeometry] repaired node=26830 approaches=3 regions=1 sourceFailure=6
[25.707s] [JunctionGeometry] repaired node=26869 approaches=3 regions=1 sourceFailure=6
[25.707s] [JunctionGeometry] repaired node=27283 approaches=3 regions=1 sourceFailure=6
[25.707s] [JunctionGeometry] repaired node=27369 approaches=3 regions=1 sourceFailure=6
[25.707s] [JunctionGeometry] repaired node=27726 approaches=3 regions=1 sourceFailure=6
[25.707s] [JunctionGeometry] repaired node=28093 approaches=3 regions=1 sourceFailure=6
[25.707s] [JunctionGeometry] repaired node=28300 approaches=3 regions=1 sourceFailure=6
[25.707s] [JunctionGeometry] repaired node=28320 approaches=3 regions=1 sourceFailure=6
[25.707s] [JunctionGeometry] repaired node=28380 approaches=3 regions=1 sourceFailure=6
[25.707s] [JunctionGeometry] repaired node=28402 approaches=3 regions=1 sourceFailure=6
[25.707s] [JunctionGeometry] repaired node=28488 approaches=3 regions=1 sourceFailure=6
[25.707s] [JunctionGeometry] repaired node=28769 approaches=3 regions=1 sourceFailure=6
[25.707s] [JunctionGeometry] repaired node=28904 approaches=3 regions=1 sourceFailure=6
[25.707s] [JunctionGeometry] repaired node=28951 approaches=3 regions=1 sourceFailure=6
[25.707s] [JunctionGeometry] repaired node=28977 approaches=3 regions=1 sourceFailure=6
[25.707s] [JunctionGeometry] repaired node=29002 approaches=3 regions=1 sourceFailure=6
[25.707s] [JunctionGeometry] repaired node=29235 approaches=3 regions=1 sourceFailure=6
[25.707s] [JunctionGeometry] repaired node=29311 approaches=3 regions=1 sourceFailure=6
[25.707s] [JunctionGeometry] repaired node=29369 approaches=3 regions=1 sourceFailure=6
[25.707s] [JunctionGeometry] repaired node=29688 approaches=3 regions=1 sourceFailure=6
[25.707s] [JunctionGeometry] repaired node=29752 approaches=3 regions=1 sourceFailure=6
[25.707s] [JunctionGeometry] repaired node=29843 approaches=3 regions=1 sourceFailure=6
[25.707s] [JunctionGeometry] repaired node=29893 approaches=3 regions=1 sourceFailure=6
[25.707s] [JunctionGeometry] repaired node=29926 approaches=3 regions=1 sourceFailure=6
[25.707s] [JunctionGeometry] repaired node=29989 approaches=3 regions=1 sourceFailure=6
[25.707s] [JunctionGeometry] repaired node=30035 approaches=3 regions=1 sourceFailure=6
[25.707s] [JunctionGeometry] repaired node=30101 approaches=2 regions=2 sourceFailure=6
[25.707s] [JunctionGeometry] repaired node=30196 approaches=3 regions=1 sourceFailure=6
[25.707s] [JunctionGeometry] repaired node=30249 approaches=3 regions=1 sourceFailure=6
[25.707s] [JunctionGeometry] repaired node=30334 approaches=3 regions=1 sourceFailure=6
[25.707s] [JunctionGeometry] repaired node=30351 approaches=3 regions=1 sourceFailure=6
[25.707s] [JunctionGeometry] repaired node=30390 approaches=3 regions=1 sourceFailure=6
[25.707s] [JunctionGeometry] repaired node=30505 approaches=2 regions=2 sourceFailure=6
[25.707s] [JunctionGeometry] repaired node=30536 approaches=3 regions=1 sourceFailure=6
[25.707s] [JunctionGeometry] repaired node=30560 approaches=3 regions=1 sourceFailure=6
[25.707s] [JunctionGeometry] repaired node=30630 approaches=3 regions=1 sourceFailure=6
[25.707s] [JunctionGeometry] repaired node=30690 approaches=3 regions=1 sourceFailure=6
[25.707s] [JunctionGeometry] repaired node=30840 approaches=2 regions=2 sourceFailure=6
[25.707s] [JunctionGeometry] repaired node=30863 approaches=3 regions=1 sourceFailure=6
[25.707s] [JunctionGeometry] repaired node=31002 approaches=3 regions=1 sourceFailure=6
[25.707s] [JunctionGeometry] repaired node=31028 approaches=3 regions=1 sourceFailure=6
[25.707s] [JunctionGeometry] repaired node=31071 approaches=3 regions=1 sourceFailure=6
[25.707s] [JunctionGeometry] repaired node=31080 approaches=2 regions=1 sourceFailure=6
[25.707s] [JunctionGeometry] repaired node=31104 approaches=3 regions=1 sourceFailure=6
[25.707s] [JunctionGeometry] repaired node=31152 approaches=3 regions=1 sourceFailure=6
[25.707s] [JunctionGeometry] repaired node=31397 approaches=3 regions=1 sourceFailure=6
[25.707s] [JunctionGeometry] repaired node=31411 approaches=3 regions=1 sourceFailure=6
[25.707s] [JunctionGeometry] repaired node=31450 approaches=2 regions=1 sourceFailure=6
[25.707s] [JunctionGeometry] repaired node=31474 approaches=2 regions=2 sourceFailure=6
[25.707s] [JunctionGeometry] repaired node=31477 approaches=3 regions=1 sourceFailure=6
[25.707s] [JunctionGeometry] repaired node=31755 approaches=3 regions=1 sourceFailure=6
[25.707s] [RoadFallback] preload edges=33331 nodes=29538 ms=1535.40
[25.807s] [PlaytestCommand] id=1 action=map_open
[25.807s] [MapTerrain] full (1536, 1152) px step=28.76m build=59.7ms
[25.807s] [TravelCost] frame=0 total=263.06 terrain=0.00 road=0.00 parts=0.00 node=0.00 marks=0.00 furniture=0.00 fallback=0.00 edges=0 nodes=0
[144.483s] [Streaming] buildings chunk=(23, 23) ms=268.04
[144.483s] [Streaming] buildings chunk=(24, 23) ms=167.75
[144.483s] [Streaming] buildings chunk=(23, 22) ms=288.45
[144.483s] [Streaming] buildings chunk=(24, 22) ms=274.75
[144.483s] [Streaming] buildings chunk=(23, 24) ms=106.90
[144.483s] [Streaming] buildings chunk=(22, 23) ms=163.15
[144.483s] [Streaming] buildings chunk=(24, 24) ms=16.90
[144.483s] [Streaming] buildings chunk=(22, 22) ms=13.93
[144.483s] [Streaming] buildings chunk=(22, 24) ms=16.86
[144.483s] [Streaming] buildings chunk=(23, 21) ms=22.31
[144.483s] [Streaming] buildings chunk=(24, 21) ms=11.85
[144.483s] [Streaming] buildings chunk=(22, 21) ms=0.02
[144.483s] [Streaming] buildings chunk=(25, 21) ms=0.34
[144.483s] [Streaming] buildings chunk=(23, 20) ms=8.15
[144.483s] [Streaming] buildings chunk=(24, 20) ms=0.03
[144.483s] [Streaming] buildings chunk=(22, 20) ms=4.99
[144.483s] [Streaming] buildings chunk=(25, 20) ms=0.10
[144.483s] [Streaming] buildings chunk=(21, 20) ms=0.02
[144.483s] [Streaming] buildings chunk=(26, 20) ms=0.20
[144.483s] [Streaming] buildings chunk=(23, 19) ms=56.87
[144.483s] [Streaming] buildings chunk=(24, 19) ms=0.08
[144.483s] [Streaming] buildings chunk=(22, 19) ms=31.67
[144.483s] [Streaming] buildings chunk=(20, 20) ms=0.02
[144.483s] [Streaming] buildings chunk=(25, 19) ms=0.02
[144.483s] [Streaming] buildings chunk=(21, 19) ms=0.02
[144.483s] [Streaming] buildings chunk=(26, 19) ms=0.02
[144.483s] [Streaming] buildings chunk=(20, 19) ms=0.02
[144.483s] [Streaming] buildings chunk=(27, 19) ms=0.34
[144.483s] [HudStats] updateMs=2.71 housing=315937
[144.483s] [MapTerrain] local (512, 512) px step=8.99m build=8.7ms
[144.483s] [TravelCost] frame=13371 total=6064.46 terrain=4479.07 road=54.31 parts=0.70 node=3.69 marks=0.00 furniture=0.00 fallback=0.00 edges=1 nodes=4
[144.483s] [PlaytestInput] frame=13371 key=M
[144.483s] [PlaytestState] {"cameraMode":0,"commandId":1,"commandInput":"","commandMessage":"","commandPalette":false,"cursorX":400,"cursorY":322,"development":{"completed":0,"count":0},"draftMessage":"","draftPoints":0,"draftValid":false,"driving":false,"editMode":0,"eyeY":127.85540962219238,"focusX":24252.0,"focusY":32.575355529785156,"focusZ":23772.0,"focused":true,"fps":103.75596596804316,"fpsGraph":false,"frame":13371,"funds":30.0,"gameHour":8.039999961853027,"income":30.30898,"localMapCenter":[24252.0,23772.0],"localMapHeadingUp":false,"localMapSpan":2000.0,"logicMs":0.004,"maintenance":22.71789867024176,"map":false,"mapBuilds":1,"mapContext":false,"mapCustomPixelShader":false,"mapX":24252.0,"mapZ":23772.0,"mapZoom":4.0,"nearbyRoads":[{"id":13765,"length":50.096553802490234,"open":true,"points":[[24184.24609375,37.4201545715332,23402.494140625],[24186.875701653287,37.40728381084992,23399.251700376903],[24189.505321628036,37.39441322377609,23396.009269413647],[24192.13495535041,37.38154279538986,23392.76685086862],[24194.764607319616,37.3686724969565,23389.524444394105],[24197.39427686403,37.35580232505256,23386.28205601808],[24200.023969426198,37.34293224633382,23383.03968422982],[24202.653686687965,37.3300622458652,23379.797332155933],[24205.28343221296,37.31719229950511,23376.55500060337],[24207.913208624905,37.3043223877148,23373.312691538697],[24210.54301290479,37.29145251857272,23370.070413886242],[24213.172855200828,37.27858263572094,23366.82816033748],[24215.802734375,37.26571273803711,23363.5859375]],"width":6.839999675750732},{"id":12848,"length":75.3116455078125,"open":true,"points":[[24084.107421875,37.087406158447266,23525.958984375],[24088.060467116073,37.16626111068103,23521.08506040685],[24092.013515184633,37.24511625176747,23516.21113973381],[24095.96657208912,37.323971675073395,23511.33722172911],[24099.919638182968,37.40282736116019,23506.46331273845],[24103.872715586796,37.481683325840706,23501.58941692878],[24107.825811369345,37.5605396836325,23496.71553236658],[24111.778925530612,37.63939640804538,23491.841665833912],[24115.732066553086,37.718253641796956,23486.96781365497],[24119.685233023018,37.79711133019375,23482.09398435553],[24123.638427767906,37.87596950314544,23477.220181232686],[24127.591653615236,37.95482819056031,23472.346407583984],[24131.544921875,38.033687591552734,23467.47265625]],"width":6.839999675750732},{"id":13803,"length":42.66592788696289,"open":true,"points":[[24030.35546875,36.810420989990234,23592.232421875],[24032.595074936515,36.82196156057961,23589.47091519256],[24034.834717167832,36.83350218446301,23586.7094386571],[24037.07439424246,36.84504288193082,23583.947986972722],[24039.31409935193,36.85658364438469,23581.18656175571],[24041.553831294757,36.86812449212058,23578.425157708254],[24043.793586466458,36.87966543305448,23575.663772494532],[24046.033362464048,36.89120648129518,23572.902402296728],[24048.27315287956,36.902747630316185,23570.14104823402],[24050.51295771298,36.91428890661078,23567.37970352492],[24052.75277215836,36.92583031190877,23564.61836731265],[24054.992594613694,36.937371864449794,23561.857034790108],[24057.232421875,36.94891357421875,23559.095703125]],"width":6.839999675750732},{"id":12846,"length":67.05158233642578,"open":true,"points":[[23932.33984375,36.665016174316406,23713.080078125],[23935.859602655484,36.65745122294311,23708.740449793775],[23939.37936581846,36.649886408187065,23704.400825228724],[23942.8991291114,36.64232170975856,23700.06119957648],[23946.418888408632,36.63475710736793,23695.721567982335],[23949.938637068397,36.627192586136054,23691.381928694373],[23953.458367820655,36.61962813253649,23687.042280735826],[23956.978079690016,36.6120637195163,23682.70261536913],[23960.497765407727,36.60449933354903,23678.36293161607],[23964.01741896398,36.596934958402926,23674.023226945996],[23967.537046936166,36.58937055079332,23669.683483307534],[23971.056630726198,36.581806121541376,23665.343713689967],[23974.576171875,36.574241638183594,23661.00390625]],"width":6.839999675750732},{"id":13798,"length":43.819332122802734,"open":true,"points":[[23877.13671875,35.95730972290039,23781.14453125],[23879.43667615991,35.98679878586915,23778.30845421157],[23881.736678975623,36.01628748771652,23775.472413177602],[23884.036723496563,36.04577588123472,23772.636404344812],[23886.336802732694,36.075263977032684,23769.800427966748],[23888.636915658204,36.10475186217441,23766.964476943947],[23890.937058780375,36.134239592086665,23764.12854721956],[23893.237225316567,36.16372718001316,23761.292638793584],[23895.537410952373,36.193214670834266,23758.4567486234],[23897.837613841682,36.22270214106757,23755.620870623734],[23900.13782884821,36.25218962504794,23752.785002766177],[23902.438054126484,36.28167719929376,23749.949138965458],[23904.73828125,36.31116485595703,23747.11328125]],"width":6.839999675750732},{"id":12828,"length":75.30938720703125,"open":true,"points":[[24013.26953125,37.10893249511719,23468.50390625],[24017.222511742268,37.1708810068476,23463.63006072069],[24021.175491108555,37.232829739645666,23458.756215],[24025.128469283103,37.29477877226197,23453.88236758934],[24029.081446199918,37.35672818344729,23449.00851699034],[24033.034417904953,37.41867799102468,23444.13466649836],[24036.987388219233,37.480628334671515,23439.260809822343],[24040.94035601517,37.542579276520016,23434.386946772516],[24044.893314509874,37.60453079007914,23429.51308413177],[24048.846263988315,37.666482959633385,23424.63921996844],[24052.799211802725,37.72843598024197,23419.765343636907],[24056.75214834066,37.790389781096486,23414.89146540829],[24060.705078125,37.85234451293945,23410.017578125]],"width":11.699999809265137},{"id":12827,"length":85.33165740966797,"open":true,"points":[[23959.517578125,36.91480255126953,23534.77734375],[23963.996674585433,36.93097999515878,23529.254367616777],[23968.475848849805,36.94715758307664,23523.731455351623],[23972.95509053209,36.96333527551393,23518.20859783474],[23977.434389246013,36.97951303296118,23512.68578594618],[23981.913732602752,36.99569080867683,23507.163013034788],[23986.393113820086,37.01186857616892,23501.64026553667],[23990.87251490219,37.02804626844681,23496.11754371365],[23995.35193707665,37.044223887947325,23490.594824126943],[23999.831360745695,37.060401361895565,23485.072109014116],[24004.31076631146,37.07657861751818,23479.549400613523],[24008.790166215997,37.09275569775327,23474.02666166201],[24013.26953125,37.10893249511719,23468.50390625]],"width":11.699999809265137},{"id":13709,"length":44.274784088134766,"open":true,"points":[[23903.73828125,37.11899185180664,23603.55078125],[23906.062333638198,37.11048459153696,23600.68521746723],[23908.386348553508,37.10197722021235,23597.81962305773],[23910.71033726955,37.09346974619996,23594.95400762107],[23913.03431023004,37.08496218090954,23592.088381782087],[23915.35827933422,37.07645453042631,23589.222754372517],[23917.68226146896,37.06794678257984,23586.3571280755],[23920.00626105515,37.059438970838755,23583.49152094687],[23922.33029082559,37.050931098245655,23580.625940794293],[23924.654361020206,37.04242317697094,23577.760398499933],[23926.9784885285,37.03391519484421,23574.89489674798],[23929.302681929003,37.02540717012107,23572.02944847039],[23931.626953125,37.01689910888672,23569.1640625]],"width":11.699999809265137},{"id":12825,"length":67.05155181884766,"open":true,"points":[[23861.5,37.06214904785156,23655.626953125],[23865.019852805905,37.06688577552947,23651.287268684824],[23868.53966801083,37.07162254386452,23646.947553776536],[23872.059456972547,37.07635934989213,23642.607817897562],[23875.579231049614,37.08109619064771,23638.26807054566],[23879.099003804145,37.08583306613127,23633.928318502767],[23882.618783134385,37.09056996871959,23629.588575535163],[23886.138582603602,37.095306898412666,23625.248848425177],[23889.658413257974,37.10004385182243,23620.909147059323],[23893.178288661627,37.10478082894883,23616.569478220266],[23896.698217343874,37.10951782301572,23612.229854898615],[23900.218207834067,37.114254827246896,23607.890290084742],[23903.73828125,37.11899185180664,23603.55078125]],"width":11.699999809265137},{"id":12863,"length":95.55066680908203,"open":true,"points":[[23879.728515625,33.08394241333008,23906.271484375],[23884.744139429185,33.14690962367487,23900.08740381815],[23889.75976323336,33.20987670156497,23893.9033232613],[23894.775388831273,33.272843696010014,23887.71924049285],[23899.791012635458,33.33581058846346,23881.535159936],[23904.80663823336,33.398777450453714,23875.35107716755],[23909.822263831273,33.46174428595299,23869.1669943991],[23914.83788584173,33.52471107641486,23862.98291605385],[23919.85351323336,33.58767796092376,23856.7988310738],[23924.869140625,33.65064489841461,23850.61474609375],[23929.884764429185,33.713611870340856,23844.4306655369],[23934.90038823336,33.77657894823086,23838.24658498005],[23939.916015625,33.83954620361328,23832.0625]],"width":11.699999809265137},{"id":13800,"length":43.81911087036133,"open":true,"points":[[23939.916015625,33.83954620361328,23832.0625],[23942.21624357117,33.866601192475855,23829.226641270332],[23944.516467204146,33.89365621036609,23826.390779498033],[23946.816682622004,33.920711291149594,23823.554911133368],[23949.116886745254,33.94776647836784,23820.71903161239],[23951.417073203665,33.974821776858796,23817.88314042799],[23953.717239739835,34.00187723983982,23815.04723200202],[23956.017382039387,34.028932896338574,23812.211303291842],[23958.31749496488,34.05598876570684,23809.37535226904],[23960.61757502354,34.08304488664816,23806.539374876767],[23962.91761872191,34.110101297866095,23803.703367058188],[23965.217620920717,34.1371580187124,23800.86732678488],[23967.517578125,34.164215087890625,23798.03125]],"width":11.699999809265137},{"id":12865,"length":67.05329895019531,"open":true,"points":[[23995.12109375,34.48888397216797,23764.0],[23998.64062938188,34.52957832157744,23759.660190670154],[24002.160202633302,34.57027316000235,23755.320411133245],[24005.67980990219,34.61096834088757,23750.98066063098],[24009.199448845262,34.651663732229316,23746.640936851985],[24012.7191161751,34.69235919110732,23742.301238648168],[24016.23881489763,34.733054647368476,23737.961557111295],[24019.758536689937,34.77374989987762,23733.621897300804],[24023.27827826322,34.814444805714594,23729.282258068662],[24026.798036327833,34.85513922196077,23724.942638267617],[24030.317817663505,34.89583312212774,23720.603024335614],[24033.837616461224,34.936526334194355,23716.263418231687],[24037.357421875,34.97721862792969,23711.923828125]],"width":11.699999809265137},{"id":13838,"length":44.27477264404297,"open":true,"points":[[24037.357421875,34.97721862792969,23711.923828125],[24039.681514259955,34.984874387861225,23709.058298306856],[24042.005635605947,34.9925303979742,23706.19279223199],[24044.329775391227,35.0001866194645,23703.327300952984],[24046.65392309358,35.00784301352515,23700.461815520986],[24048.97806819043,35.01549954134668,23697.596326985862],[24051.302198496604,35.02315615864126,23694.730828446016],[24053.626305567086,35.03081283344134,23691.865308387547],[24055.9503759699,35.03846951734913,23688.999761444655],[24058.274400428956,35.04612617565716,23686.134177127326],[24060.59836883717,35.05378277091949,23683.268545970204],[24062.92226776348,35.061439254738005,23680.402862607305],[24065.24609375,35.069095611572266,23677.537109375]],"width":11.699999809265137},{"id":13805,"length":42.66621017456055,"open":true,"points":[[24093.13671875,35.160972595214844,23643.150390625],[24095.376478798866,35.17807311961731,23640.389140428164],[24097.61623166541,35.195173773418325,23637.62788394325],[24099.85596896586,35.21227451789498,23634.866616363466],[24102.095684719436,35.22937533267133,23632.105329919537],[24104.335370141973,35.246476175966606,23629.344020298522],[24106.575020053744,35.263577033520846,23626.582678743725],[24108.81462527028,35.28067786049566,23623.82130143613],[24111.05417660736,35.297778612052944,23621.05988455699],[24113.29367048734,35.31487928616497,23618.29841737471],[24115.533096925374,35.33197983187869,23615.536897058384],[24117.77244914044,35.349080222704444,23612.775316827],[24120.01171875,35.366180419921875,23610.013671875]],"width":11.699999809265137},{"id":12868,"length":75.3056869506836,"open":true,"points":[[24146.888671875,35.571388244628906,23576.876953125],[24150.84187114453,35.572666267647826,23572.003285452134],[24154.79502970216,35.573944412155285,23567.129585009192],[24158.74814783494,35.575222653942156,23562.255849864967],[24162.701223002638,35.576500967886844,23557.382081573513],[24166.65425549261,35.57777932978333,23552.508278202306],[24170.60724276476,35.57905771451226,23547.6344413044],[24174.560189347416,35.58033609924075,23542.760563717216],[24178.5130912864,35.5816144583929,23537.886648736127],[24182.465941800103,35.582892765478306,23533.012703142584],[24186.418753897626,35.58417100040609,23528.138709314935],[24190.371509487406,35.585449133027254,23523.264687979212],[24194.32421875,35.586727142333984,23518.390625]],"width":11.699999809265137},{"id":12869,"length":83.66351318359375,"open":true,"points":[[24194.32421875,35.586727142333984,23518.390625],[24198.716282468078,35.571062044128325,23512.97602062058],[24203.108272871577,35.555396965530576,23507.56135520152],[24207.500201953488,35.53973191214299,23502.146644242952],[24211.892089560028,35.52406686155655,23496.73189356258],[24216.283943757302,35.50840183337914,23491.317123501452],[24220.675787532586,35.4927367939972,23485.902336004074],[24225.06762502529,35.47707177702432,23480.487556252632],[24229.45948236391,35.4614067376424,23475.07278231859],[24233.851366829185,35.44574169826047,23469.658035511213],[24238.24329512582,35.430076647674014,23464.24332552093],[24242.635283958687,35.414411574678525,23458.82866203837],[24247.02734375,35.398746490478516,23453.4140625]],"width":11.699999809265137},{"id":12870,"length":100.1954345703125,"open":true,"points":[[24247.02734375,35.398746490478516,23453.4140625],[24252.286625672285,35.33585647150697,23446.929233396535],[24257.545945410602,35.27296621388653,23440.44443384452],[24262.805298461706,35.21007582607446,23433.959664196016],[24268.064685965022,35.147185349053295,23427.47491784504],[24273.324102476887,35.084294902523546,23420.99019630201],[24278.583545374742,35.021404572448546,23414.505497598435],[24283.843010154815,34.95851446728277,23408.020822084938],[24289.102499836597,34.8956246055169,23401.536160836054],[24294.36200615351,34.83273514058905,23395.05151884134],[24299.621535885934,34.769846046009924,23388.566882538275],[24304.88107324183,34.706957565185576,23382.08226619463],[24310.140625,34.64406967163086,23375.59765625]],"width":11.699999809265137},{"id":13860,"length":47.774295806884766,"open":true,"points":[[23929.4140625,32.499351501464844,23946.568359375],[23931.921953550307,32.51656212450474,23943.476464527605],[23934.42984101316,32.53377286863406,23940.38456732076],[23936.93772152532,32.55098369752456,23937.292665118686],[23939.445593517274,32.568194587157464,23934.200753074303],[23941.953452056274,32.585405490432684,23931.108830487286],[23944.461292658,32.602616363327236,23928.016896104844],[23946.96911532246,32.61982719259334,23924.924943145877],[23949.47691287473,32.63703791574318,23921.83297367587],[23951.984687108546,32.6542485318399,23918.74097870318],[23954.492430849004,32.671458978396466,23915.648960294704],[23957.00014050864,32.688669217546796,23912.556916095113],[23959.5078125,32.70587921142578,23909.46484375]],"width":13.199999809265137},{"id":12885,"length":67.05479431152344,"open":true,"points":[[24044.8046875,33.62478256225586,23804.298828125],[24048.3245399912,33.68003555464113,23799.959144072836],[24051.84435551083,33.73528916361205,23795.619428776536],[24055.364144472547,33.79054331328093,23791.279692897562],[24058.883918549614,33.845797947519294,23786.93994554566],[24062.403690045376,33.901053020077775,23782.60019505479],[24065.923470634385,33.956308474825384,23778.260450535163],[24069.443270103602,34.011564225988764,23773.920723425177],[24072.963100757974,34.06682022731537,23769.581022059323],[24076.482976161627,34.12207645231277,23765.241353220266],[24080.002904843874,34.177332795444535,23760.901729898615],[24083.522900369382,34.23258923021713,23756.562158877136],[24087.04296875,34.287845611572266,23752.22265625]],"width":13.199999809265137},{"id":13840,"length":44.27477264404297,"open":true,"points":[[24087.04296875,34.287845611572266,23752.22265625],[24089.367020930407,34.29522195075178,23749.357092723447],[24091.691035222346,34.30259851734804,23746.49149908259],[24094.015023938406,34.309975280920696,23743.625883645916],[24096.33899773004,34.31735220575073,23740.760256782087],[24098.662967665343,34.32472925743607,23737.894628347687],[24100.98694896896,34.33210641476422,23735.0290030755],[24103.310945230667,34.33948361958525,23732.16340004608],[24105.634976663336,34.346860866513346,23729.29781784386],[24107.959048520206,34.354238102672724,23726.432273499933],[24110.2831760285,34.361615306845835,23723.56677174798],[24112.607369429003,34.36899244198496,23720.70132347039],[24114.931640625,34.37636947631836,23717.8359375]],"width":13.199999809265137}],"pauseMenu":false,"pedestrians":{"completed":0,"drawCalls":0,"population":10000,"renderMs":0.127,"ridingCar":0,"ridingTrain":0,"updateMs":0.0,"visible":0,"waitingCar":0,"waitingTrain":0,"walking":0},"plans":0,"population":233146,"railway":{"depots":0,"edgeCount":1269,"editorVisible":false,"lines":[{"enabled":true,"first":480,"id":0,"interval":270.0,"last":1380,"name":"汐淵・鵜池線","next":270.0,"stops":[17680,17681]},{"enabled":true,"first":480,"id":1,"interval":1380.0,"last":1380,"name":"鵜池・常宮線","next":1440.0,"stops":[17681,17743]},{"enabled":true,"first":480,"id":2,"interval":210.0,"last":1380,"name":"常宮・網瀬洗線","next":210.0,"stops":[17743,18160]},{"enabled":true,"first":480,"id":3,"interval":1140.0,"last":1380,"name":"網瀬洗・葦草第3地区線","next":1440.0,"stops":[18160,18212]},{"enabled":true,"first":480,"id":4,"interval":120.0,"last":1380,"name":"葦草第3地区・葦草線","next":120.0,"stops":[18212,18559]},{"enabled":true,"first":480,"id":5,"interval":150.0,"last":1380,"name":"葦草第3地区・葦草第2地区線","next":150.0,"stops":[18212,18574]},{"enabled":true,"first":480,"id":6,"interval":210.0,"last":1380,"name":"葦草第3地区・秋神線","next":210.0,"stops":[18212,18602]},{"enabled":true,"first":480,"id":7,"interval":990.0,"last":1380,"name":"葦草第2地区・玉寺線","next":1440.0,"stops":[18574,18654]}],"message":"","stations":[{"id":17680,"name":"汐淵","position":[62375.3515625,52.0,53503.86328125]},{"id":17681,"name":"鵜池","position":[58668.0078125,43.0,52852.76953125]},{"id":17743,"name":"常宮","position":[48529.0546875,69.5,30835.60546875]},{"id":18160,"name":"網瀬洗","position":[45508.171875,48.5,30061.234375]},{"id":18212,"name":"葦草第3地区","position":[24688.427734375,52.0,22959.96875]},{"id":18559,"name":"葦草","position":[24090.08984375,57.0,23697.6875]},{"id":18574,"name":"葦草第2地区","position":[23546.435546875,44.5,24367.982421875]},{"id":18602,"name":"秋神","position":[23495.00390625,64.0,19984.44140625]},{"id":18654,"name":"玉寺","position":[16738.02734375,50.0,43665.12890625]}],"trains":[]},"renderMs":6064.464,"selectionId":-1,"selectionKind":0,"signalsMs":0.735,"sound":{"enginePitch":1.0,"enginePlaying":false,"events":0,"outputPeak":0.0,"volume":0.6},"textInput":false,"timeSpeed":0,"townLabels":[],"traffic":{"accessPoints":20526,"cars":0,"completed":0,"localCars":0,"localTarget":0,"routeFailures":0,"spawned":0,"stopped":0,"updateMs":0.0},"zone":2,"zoneBrush":1,"zoneCells":[{"angle":0.0,"building":0,"builtAt":0.0,"edge":-1,"offsetX":0.0,"offsetZ":0.0,"x":24120.0,"z":23640.0,"zone":4},{"angle":0.0,"building":0,"builtAt":0.0,"edge":-1,"offsetX":0.0,"offsetZ":0.0,"x":24136.0,"z":23640.0,"zone":4},{"angle":0.0,"building":0,"builtAt":0.0,"edge":-1,"offsetX":0.0,"offsetZ":0.0,"x":24152.0,"z":23640.0,"zone":4},{"angle":0.0,"building":0,"builtAt":0.0,"edge":-1,"offsetX":0.0,"offsetZ":0.0,"x":24168.0,"z":23640.0,"zone":4},{"angle":0.0,"building":0,"builtAt":0.0,"edge":-1,"offsetX":0.0,"offsetZ":0.0,"x":24184.0,"z":23640.0,"zone":4},{"angle":0.0,"building":0,"builtAt":0.0,"edge":-1,"offsetX":0.0,"offsetZ":0.0,"x":24200.0,"z":23640.0,"zone":4},{"angle":0.6814513206481934,"building":3,"builtAt":0.0,"edge":13314,"offsetX":-6.154786109924316,"offsetZ":2.631944417953491,"x":24216.0,"z":23640.0,"zone":4},{"angle":-2.460141897201538,"building":5,"builtAt":0.0,"edge":13314,"offsetX":1.7993888854980469,"offsetZ":-6.4174346923828125,"x":24232.0,"z":23640.0,"zone":4},{"angle":-2.4601361751556396,"building":2,"builtAt":0.0,"edge":13314,"offsetX":-4.6434125900268555,"offsetZ":2.282050371170044,"x":24248.0,"z":23640.0,"zone":3},{"angle":2.252218246459961,"building":2,"builtAt":0.0,"edge":12908,"offsetX":-0.9941437244415283,"offsetZ":-0.4055778384208679,"x":24264.0,"z":23640.0,"zone":3},{"angle":-0.8893780708312988,"building":22,"builtAt":0.0,"edge":12908,"offsetX":7.369665145874023,"offsetZ":2.3371095657348633,"x":24280.0,"z":23640.0,"zone":3},{"angle":-0.889374315738678,"building":1,"builtAt":0.0,"edge":12908,"offsetX":7.7662787437438965,"offsetZ":-1.3832064867019653,"x":24296.0,"z":23640.0,"zone":3},{"angle":0.6814509630203247,"building":22,"builtAt":0.0,"edge":13331,"offsetX":6.718299388885498,"offsetZ":-6.901330947875977,"x":24312.0,"z":23640.0,"zone":3},{"angle":0.681452214717865,"building":22,"builtAt":0.0,"edge":13331,"offsetX":4.242094039916992,"offsetZ":4.104255676269531,"x":24328.0,"z":23640.0,"zone":3},{"angle":0.0,"building":0,"builtAt":0.0,"edge":-1,"offsetX":0.0,"offsetZ":0.0,"x":24344.0,"z":23640.0,"zone":3},{"angle":0.0,"building":0,"builtAt":0.0,"edge":-1,"offsetX":0.0,"offsetZ":0.0,"x":24360.0,"z":23640.0,"zone":3},{"angle":-2.4601478576660156,"building":1,"builtAt":0.0,"edge":13332,"offsetX":4.05752420425415,"offsetZ":3.6997785568237305,"x":24376.0,"z":23640.0,"zone":3},{"angle":0.0,"building":0,"builtAt":0.0,"edge":-1,"offsetX":0.0,"offsetZ":0.0,"x":24120.0,"z":23656.0,"zone":4},{"angle":0.0,"building":0,"builtAt":0.0,"edge":-1,"offsetX":0.0,"offsetZ":0.0,"x":24136.0,"z":23656.0,"zone":4},{"angle":0.0,"building":0,"builtAt":0.0,"edge":-1,"offsetX":0.0,"offsetZ":0.0,"x":24152.0,"z":23656.0,"zone":4},{"angle":0.0,"building":0,"builtAt":0.0,"edge":-1,"offsetX":0.0,"offsetZ":0.0,"x":24168.0,"z":23656.0,"zone":4},{"angle":0.0,"building":0,"builtAt":0.0,"edge":-1,"offsetX":0.0,"offsetZ":0.0,"x":24184.0,"z":23656.0,"zone":4},{"angle":0.0,"building":0,"builtAt":0.0,"edge":-1,"offsetX":0.0,"offsetZ":0.0,"x":24200.0,"z":23656.0,"zone":4},{"angle":0.0,"building":0,"builtAt":0.0,"edge":-1,"offsetX":0.0,"offsetZ":0.0,"x":24216.0,"z":23656.0,"zone":4},{"angle":0.6814565062522888,"building":6,"builtAt":0.0,"edge":13314,"offsetX":-2.1279075145721436,"offsetZ":2.9075474739074707,"x":24232.0,"z":23656.0,"zone":4},{"angle":-2.4601240158081055,"building":1,"builtAt":0.0,"edge":13314,"offsetX":4.912959575653076,"offsetZ":-5.019773960113525,"x":24248.0,"z":23656.0,"zone":3},{"angle":-0.889363169670105,"building":22,"builtAt":0.0,"edge":12908,"offsetX":6.674422264099121,"offsetZ":6.832186698913574,"x":24264.0,"z":23656.0,"zone":3},{"angle":-0.889374315738678,"building":1,"builtAt":0.0,"edge":12908,"offsetX":-2.0070576667785645,"offsetZ":-4.250811576843262,"x":24280.0,"z":23656.0,"zone":3},{"angle":-0.8893780708312988,"building":2,"builtAt":0.0,"edge":12908,"offsetX":0.8451632261276245,"offsetZ":-5.978168964385986,"x":24296.0,"z":23656.0,"zone":3},{"angle":2.2522571086883545,"building":2,"builtAt":0.0,"edge":12932,"offsetX":-5.701452255249023,"offsetZ":1.687943935394287,"x":24312.0,"z":23656.0,"zone":3},{"angle":0.0,"building":0,"builtAt":0.0,"edge":-1,"offsetX":0.0,"offsetZ":0.0,"x":24328.0,"z":23656.0,"zone":3},{"angle":0.0,"building":0,"builtAt":0.0,"edge":-1,"offsetX":0.0,"offsetZ":0.0,"x":24344.0,"z":23656.0,"zone":3},{"angle":0.0,"building":0,"builtAt":0.0,"edge":-1,"offsetX":0.0,"offsetZ":0.0,"x":24360.0,"z":23656.0,"zone":3},{"angle":-2.4601478576660156,"building":1,"builtAt":0.0,"edge":13332,"offsetX":-2.367616653442383,"offsetZ":-4.378254413604736,"x":24376.0,"z":23656.0,"zone":3},{"angle":0.0,"building":0,"builtAt":0.0,"edge":-1,"offsetX":0.0,"offsetZ":0.0,"x":24120.0,"z":23672.0,"zone":0},{"angle":0.0,"building":0,"builtAt":0.0,"edge":-1,"offsetX":0.0,"offsetZ":0.0,"x":24136.0,"z":23672.0,"zone":4},{"angle":0.0,"building":0,"builtAt":0.0,"edge":-1,"offsetX":0.0,"offsetZ":0.0,"x":24152.0,"z":23672.0,"zone":4},{"angle":0.0,"building":0,"builtAt":0.0,"edge":-1,"offsetX":0.0,"offsetZ":0.0,"x":24168.0,"z":23672.0,"zone":4},{"angle":0.0,"building":0,"builtAt":0.0,"edge":-1,"offsetX":0.0,"offsetZ":0.0,"x":24184.0,"z":23672.0,"zone":4},{"angle":0.0,"building":0,"builtAt":0.0,"edge":-1,"offsetX":0.0,"offsetZ":0.0,"x":24200.0,"z":23672.0,"zone":4},{"angle":0.0,"building":0,"builtAt":0.0,"edge":-1,"offsetX":0.0,"offsetZ":0.0,"x":24216.0,"z":23672.0,"zone":4},{"angle":0.0,"building":0,"builtAt":0.0,"edge":-1,"offsetX":0.0,"offsetZ":0.0,"x":24232.0,"z":23672.0,"zone":4},{"angle":0.0,"building":0,"builtAt":0.0,"edge":-1,"offsetX":0.0,"offsetZ":0.0,"x":24248.0,"z":23672.0,"zone":4},{"angle":0.6814480423927307,"building":2,"builtAt":0.0,"edge":13315,"offsetX":-6.2546539306640625,"offsetZ":7.643273830413818,"x":24264.0,"z":23672.0,"zone":3},{"angle":-2.460141897201538,"building":2,"builtAt":0.0,"edge":13315,"offsetX":4.364665508270264,"offsetZ":3.4552180767059326,"x":24280.0,"z":23672.0,"zone":3},{"angle":-2.460141897201538,"building":2,"builtAt":0.0,"edge":13315,"offsetX":-4.265265464782715,"offsetZ":-5.631700038909912,"x":24296.0,"z":23672.0,"zone":3},{"angle":2.2522571086883545,"building":22,"builtAt":0.0,"edge":12932,"offsetX":3.77371883392334,"offsetZ":-6.626931667327881,"x":24312.0,"z":23672.0,"zone":3},{"angle":0.0,"building":0,"builtAt":0.0,"edge":-1,"offsetX":0.0,"offsetZ":0.0,"x":24328.0,"z":23672.0,"zone":3},{"angle":0.0,"building":0,"builtAt":0.0,"edge":-1,"offsetX":0.0,"offsetZ":0.0,"x":24344.0,"z":23672.0,"zone":3},{"angle":-0.8893195986747742,"building":2,"builtAt":0.0,"edge":12932,"offsetX":-4.963898181915283,"offsetZ":0.13080857694149017,"x":24360.0,"z":23672.0,"zone":3},{"angle":0.6814391613006592,"building":5,"builtAt":0.0,"edge":13332,"offsetX":-2.5466763973236084,"offsetZ":5.799123764038086,"x":24376.0,"z":23672.0,"zone":3},{"angle":0.0,"building":0,"builtAt":0.0,"edge":-1,"offsetX":0.0,"offsetZ":0.0,"x":24120.0,"z":23688.0,"zone":0},{"angle":0.0,"building":0,"builtAt":0.0,"edge":-1,"offsetX":0.0,"offsetZ":0.0,"x":24136.0,"z":23688.0,"zone":0},{"angle":0.0,"building":0,"builtAt":0.0,"edge":-1,"offsetX":0.0,"offsetZ":0.0,"x":24152.0,"z":23688.0,"zone":4},{"angle":-2.46014142036438,"building":4,"builtAt":0.0,"edge":13297,"offsetX":4.891820430755615,"offsetZ":0.837200939655304,"x":24168.0,"z":23688.0,"zone":4},{"angle":0.0,"building":0,"builtAt":0.0,"edge":-1,"offsetX":0.0,"offsetZ":0.0,"x":24184.0,"z":23688.0,"zone":4},{"angle":0.0,"building":0,"builtAt":0.0,"edge":-1,"offsetX":0.0,"offsetZ":0.0,"x":24200.0,"z":23688.0,"zone":4},{"angle":0.0,"building":0,"builtAt":0.0,"edge":-1,"offsetX":0.0,"offsetZ":0.0,"x":24216.0,"z":23688.0,"zone":4},{"angle":2.252243757247925,"building":3,"builtAt":0.0,"edge":13917,"offsetX":-5.8597493171691895,"offsetZ":-5.189786434173584,"x":24232.0,"z":23688.0,"zone":4},{"angle":0.0,"building":0,"builtAt":0.0,"edge":-1,"offsetX":0.0,"offsetZ":0.0,"x":24248.0,"z":23688.0,"zone":4},{"angle":0.6814508438110352,"building":1,"builtAt":0.0,"edge":13315,"offsetX":8.208112716674805,"offsetZ":2.4436228275299072,"x":24264.0,"z":23688.0,"zone":3},{"angle":0.0,"building":0,"builtAt":0.0,"edge":-1,"offsetX":0.0,"offsetZ":0.0,"x":24280.0,"z":23688.0,"zone":3},{"angle":-2.4601430892944336,"building":22,"builtAt":0.0,"edge":13315,"offsetX":2.7603113651275635,"offsetZ":-1.6592469215393066,"x":24296.0,"z":23688.0,"zone":3},{"angle":0.0,"building":0,"builtAt":0.0,"edge":-1,"offsetX":0.0,"offsetZ":0.0,"x":24312.0,"z":23688.0,"zone":3},{"angle":0.0,"building":0,"builtAt":0.0,"edge":-1,"offsetX":0.0,"offsetZ":0.0,"x":24328.0,"z":23688.0,"zone":3},{"angle":-0.889335572719574,"building":5,"builtAt":0.0,"edge":12932,"offsetX":-0.674935519695282,"offsetZ":-0.28057900071144104,"x":24344.0,"z":23688.0,"zone":3},{"angle":0.0,"building":0,"builtAt":0.0,"edge":-1,"offsetX":0.0,"offsetZ":0.0,"x":24360.0,"z":23688.0,"zone":3},{"angle":0.0,"building":0,"builtAt":0.0,"edge":-1,"offsetX":0.0,"offsetZ":0.0,"x":24376.0,"z":23688.0,"zone":3},{"angle":0.0,"building":0,"builtAt":0.0,"edge":-1,"offsetX":0.0,"offsetZ":0.0,"x":24120.0,"z":23704.0,"zone":0},{"angle":0.0,"building":0,"builtAt":0.0,"edge":-1,"offsetX":0.0,"offsetZ":0.0,"x":24136.0,"z":23704.0,"zone":4},{"angle":0.6814571022987366,"building":5,"builtAt":0.0,"edge":13297,"offsetX":-6.4882965087890625,"offsetZ":-0.3709557354450226,"x":24152.0,"z":23704.0,"zone":4},{"angle":0.0,"building":0,"builtAt":0.0,"edge":-1,"offsetX":0.0,"offsetZ":0.0,"x":24168.0,"z":23704.0,"zone":4},{"angle":0.0,"building":0,"builtAt":0.0,"edge":-1,"offsetX":0.0,"offsetZ":0.0,"x":24184.0,"z":23704.0,"zone":4},{"angle":0.0,"building":0,"builtAt":0.0,"edge":-1,"offsetX":0.0,"offsetZ":0.0,"x":24200.0,"z":23704.0,"zone":4},{"angle":2.2522826194763184,"building":5,"builtAt":0.0,"edge":13916,"offsetX":-2.0932695865631104,"offsetZ":-4.877505779266357,"x":24216.0,"z":23704.0,"zone":4},{"angle":0.68142169713974,"building":5,"builtAt":0.0,"edge":13920,"offsetX":-1.6337822675704956,"offsetZ":8.301788330078125,"x":24232.0,"z":23704.0,"zone":4},{"angle":-2.4601709842681885,"building":5,"builtAt":0.0,"edge":13920,"offsetX":-5.114377021789551,"offsetZ":-7.134913921356201,"x":24248.0,"z":23704.0,"zone":4},{"angle":-2.4601423740386963,"building":1,"builtAt":0.0,"edge":13920,"offsetX":-7.655180931091309,"offsetZ":5.672732830047607,"x":24264.0,"z":23704.0,"zone":3},{"angle":2.252223491668701,"building":1,"builtAt":0.0,"edge":13919,"offsetX":-0.2726516127586365,"offsetZ":8.086469650268555,"x":24280.0,"z":23704.0,"zone":3},{"angle":0.0,"building":0,"builtAt":0.0,"edge":-1,"offsetX":0.0,"offsetZ":0.0,"x":24296.0,"z":23704.0,"zone":3},{"angle":0.0,"building":0,"builtAt":0.0,"edge":-1,"offsetX":0.0,"offsetZ":0.0,"x":24312.0,"z":23704.0,"zone":3},{"angle":-0.8893449306488037,"building":2,"builtAt":0.0,"edge":12932,"offsetX":2.4476985931396484,"offsetZ":-1.634270429611206,"x":24328.0,"z":23704.0,"zone":3},{"angle":-2.4601356983184814,"building":22,"builtAt":0.0,"edge":13316,"offsetX":3.7056233882904053,"offsetZ":5.545018196105957,"x":24344.0,"z":23704.0,"zone":3},{"angle":-2.4601356983184814,"building":22,"builtAt":0.0,"edge":13316,"offsetX":-4.294325828552246,"offsetZ":-4.318510055541992,"x":24360.0,"z":23704.0,"zone":3},{"angle":2.252216100692749,"building":1,"builtAt":0.0,"edge":12956,"offsetX":0.7638989686965942,"offsetZ":-0.11521328240633011,"x":24376.0,"z":23704.0,"zone":3},{"angle":0.0,"building":0,"builtAt":0.0,"edge":-1,"offsetX":0.0,"offsetZ":0.0,"x":24120.0,"z":23720.0,"zone":4},{"angle":0.0,"building":0,"builtAt":0.0,"edge":-1,"offsetX":0.0,"offsetZ":0.0,"x":24136.0,"z":23720.0,"zone":4},{"angle":0.0,"building":0,"builtAt":0.0,"edge":-1,"offsetX":0.0,"offsetZ":0.0,"x":24152.0,"z":23720.0,"zone":4},{"angle":0.6814506649971008,"building":3,"builtAt":0.0,"edge":13297,"offsetX":-4.416891098022461,"offsetZ":-0.7193522453308105,"x":24168.0,"z":23720.0,"zone":4},{"angle":0.0,"building":0,"builtAt":0.0,"edge":-1,"offsetX":0.0,"offsetZ":0.0,"x":24184.0,"z":23720.0,"zone":4},{"angle":-2.4601268768310547,"building":5,"builtAt":0.0,"edge":13297,"offsetX":0.282716304063797,"offsetZ":-8.037588119506836,"x":24200.0,"z":23720.0,"zone":4},{"angle":0.0,"building":0,"builtAt":0.0,"edge":-1,"offsetX":0.0,"offsetZ":0.0,"x":24216.0,"z":23720.0,"zone":4},{"angle":0.0,"building":0,"builtAt":0.0,"edge":-1,"offsetX":0.0,"offsetZ":0.0,"x":24232.0,"z":23720.0,"zone":4},{"angle":0.6814502477645874,"building":6,"builtAt":0.0,"edge":13920,"offsetX":-3.741553783416748,"offsetZ":4.574628829956055,"x":24248.0,"z":23720.0,"zone":4},{"angle":-2.460155487060547,"building":2,"builtAt":0.0,"edge":13920,"offsetX":7.2204813957214355,"offsetZ":0.7308982014656067,"x":24264.0,"z":23720.0,"zone":3},{"angle":0.0,"building":0,"builtAt":0.0,"edge":-1,"offsetX":0.0,"offsetZ":0.0,"x":24280.0,"z":23720.0,"zone":3},{"angle":0.0,"building":0,"builtAt":0.0,"edge":-1,"offsetX":0.0,"offsetZ":0.0,"x":24296.0,"z":23720.0,"zone":3},{"angle":0.0,"building":0,"builtAt":0.0,"edge":-1,"offsetX":0.0,"offsetZ":0.0,"x":24312.0,"z":23720.0,"zone":3},{"angle":0.0,"building":0,"builtAt":0.0,"edge":-1,"offsetX":0.0,"offsetZ":0.0,"x":24328.0,"z":23720.0,"zone":3},{"angle":-2.4601356983184814,"building":22,"builtAt":0.0,"edge":13316,"offsetX":-4.294427394866943,"offsetZ":-0.5914531350135803,"x":24344.0,"z":23720.0,"zone":3},{"angle":2.252216100692749,"building":1,"builtAt":0.0,"edge":12956,"offsetX":6.057580947875977,"offsetZ":-2.8847968578338623,"x":24360.0,"z":23720.0,"zone":3},{"angle":0.0,"building":0,"builtAt":0.0,"edge":-1,"offsetX":0.0,"offsetZ":0.0,"x":24376.0,"z":23720.0,"zone":3},{"angle":0.0,"building":0,"builtAt":0.0,"edge":-1,"offsetX":0.0,"offsetZ":0.0,"x":24120.0,"z":23736.0,"zone":4},{"angle":0.6814290881156921,"building":3,"builtAt":0.0,"edge":13867,"offsetX":-7.418963432312012,"offsetZ":6.49083137512207,"x":24136.0,"z":23736.0,"zone":4},{"angle":-2.460156202316284,"building":5,"builtAt":0.0,"edge":13867,"offsetX":-0.24348965287208557,"offsetZ":-0.9351714253425598,"x":24152.0,"z":23736.0,"zone":4},{"angle":-2.4601457118988037,"building":3,"builtAt":0.0,"edge":13867,"offsetX":-5.414515495300293,"offsetZ":6.8617167472839355,"x":24168.0,"z":23736.0,"zone":4},{"angle":0.6814658045768738,"building":4,"builtAt":0.0,"edge":13297,"offsetX":-1.8803954124450684,"offsetZ":-1.6440891027450562,"x":24184.0,"z":23736.0,"zone":4},{"angle":0.0,"building":0,"builtAt":0.0,"edge":-1,"offsetX":0.0,"offsetZ":0.0,"x":24200.0,"z":23736.0,"zone":4},{"angle":-2.46014404296875,"building":5,"builtAt":0.0,"edge":13298,"offsetX":5.145206928253174,"offsetZ":-7.172271251678467,"x":24216.0,"z":23736.0,"zone":4},{"angle":-2.460141658782959,"building":3,"builtAt":0.0,"edge":13298,"offsetX":2.513239860534668,"offsetZ":2.6676149368286133,"x":24232.0,"z":23736.0,"zone":4},{"angle":0.0,"building":0,"builtAt":0.0,"edge":-1,"offsetX":0.0,"offsetZ":0.0,"x":24248.0,"z":23736.0,"zone":4},{"angle":0.6814371943473816,"building":2,"builtAt":0.0,"edge":13920,"offsetX":-4.435117721557617,"offsetZ":-0.8979468941688538,"x":24264.0,"z":23736.0,"zone":3},{"angle":0.0,"building":0,"builtAt":0.0,"edge":-1,"offsetX":0.0,"offsetZ":0.0,"x":24280.0,"z":23736.0,"zone":3},{"angle":-2.460118055343628,"building":1,"builtAt":0.0,"edge":13968,"offsetX":2.240954875946045,"offsetZ":7.524169921875,"x":24296.0,"z":23736.0,"zone":3},{"angle":-0.8893690705299377,"building":22,"builtAt":0.0,"edge":13919,"offsetX":-6.009950160980225,"offsetZ":-2.6138317584991455,"x":24312.0,"z":23736.0,"zone":3},{"angle":0.6814569234848022,"building":12,"builtAt":0.0,"edge":13316,"offsetX":-2.771904945373535,"offsetZ":1.2583122253417969,"x":24328.0,"z":23736.0,"zone":4},{"angle":0.0,"building":0,"builtAt":0.0,"edge":-1,"offsetX":0.0,"offsetZ":0.0,"x":24344.0,"z":23736.0,"zone":3},{"angle":2.2522284984588623,"building":1,"builtAt":0.0,"edge":12956,"offsetX":-4.647260665893555,"offsetZ":-5.656870365142822,"x":24360.0,"z":23736.0,"zone":3},{"angle":-0.8893765211105347,"building":22,"builtAt":0.0,"edge":12956,"offsetX":5.840118408203125,"offsetZ":-6.084964275360107,"x":24376.0,"z":23736.0,"zone":3},{"angle":-2.460148811340332,"building":3,"builtAt":0.0,"edge":13279,"offsetX":-3.748384475708008,"offsetZ":6.22449254989624,"x":24120.0,"z":23752.0,"zone":4},{"angle":0.6814364790916443,"building":5,"builtAt":0.0,"edge":13867,"offsetX":3.3919272422790527,"offsetZ":-1.689828634262085,"x":24136.0,"z":23752.0,"zone":4},{"angle":0.0,"building":0,"builtAt":0.0,"edge":-1,"offsetX":0.0,"offsetZ":0.0,"x":24152.0,"z":23752.0,"zone":4},{"angle":0.0,"building":0,"builtAt":0.0,"edge":-1,"offsetX":0.0,"offsetZ":0.0,"x":24168.0,"z":23752.0,"zone":4},{"angle":0.0,"building":0,"builtAt":0.0,"edge":-1,"offsetX":0.0,"offsetZ":0.0,"x":24184.0,"z":23752.0,"zone":4},{"angle":0.6814486980438232,"building":3,"builtAt":0.0,"edge":13298,"offsetX":2.9281845092773438,"offsetZ":-0.7115193605422974,"x":24200.0,"z":23752.0,"zone":4},{"angle":0.0,"building":0,"builtAt":0.0,"edge":-1,"offsetX":0.0,"offsetZ":0.0,"x":24216.0,"z":23752.0,"zone":4},{"angle":0.0,"building":0,"builtAt":0.0,"edge":-1,"offsetX":0.0,"offsetZ":0.0,"x":24232.0,"z":23752.0,"zone":4},{"angle":-2.4601430892944336,"building":1,"builtAt":0.0,"edge":13298,"offsetX":-2.0073299407958984,"offsetZ":-1.1659783124923706,"x":24248.0,"z":23752.0,"zone":3},{"angle":0.0,"building":0,"builtAt":0.0,"edge":-1,"offsetX":0.0,"offsetZ":0.0,"x":24264.0,"z":23752.0,"zone":3},{"angle":0.0,"building":0,"builtAt":0.0,"edge":-1,"offsetX":0.0,"offsetZ":0.0,"x":24280.0,"z":23752.0,"zone":3},{"angle":0.0,"building":0,"builtAt":0.0,"edge":-1,"offsetX":0.0,"offsetZ":0.0,"x":24296.0,"z":23752.0,"zone":3},{"angle":-2.460118055343628,"building":3,"builtAt":0.0,"edge":13968,"offsetX":1.0539374351501465,"offsetZ":0.6009067893028259,"x":24312.0,"z":23752.0,"zone":3},{"angle":0.0,"building":0,"builtAt":0.0,"edge":-1,"offsetX":0.0,"offsetZ":0.0,"x":24328.0,"z":23752.0,"zone":3},{"angle":2.252286911010742,"building":2,"builtAt":0.0,"edge":13967,"offsetX":-4.31481409072876,"offsetZ":-3.4959464073181152,"x":24344.0,"z":23752.0,"zone":3},{"angle":0.0,"building":0,"builtAt":0.0,"edge":-1,"offsetX":0.0,"offsetZ":0.0,"x":24360.0,"z":23752.0,"zone":3},{"angle":0.0,"building":0,"builtAt":0.0,"edge":-1,"offsetX":0.0,"offsetZ":0.0,"x":24376.0,"z":23752.0,"zone":3},{"angle":0.0,"building":0,"builtAt":0.0,"edge":-1,"offsetX":0.0,"offsetZ":0.0,"x":24120.0,"z":23768.0,"zone":4},{"angle":-2.4601643085479736,"building":3,"builtAt":0.0,"edge":13279,"offsetX":-0.5097224712371826,"offsetZ":5.789901256561279,"x":24136.0,"z":23768.0,"zone":4},{"angle":2.252201795578003,"building":5,"builtAt":0.0,"edge":13865,"offsetX":7.266538143157959,"offsetZ":-1.437010645866394,"x":24152.0,"z":23768.0,"zone":4},{"angle":0.0,"building":0,"builtAt":0.0,"edge":-1,"offsetX":0.0,"offsetZ":0.0,"x":24168.0,"z":23768.0,"zone":4},{"angle":0.0,"building":0,"builtAt":0.0,"edge":-1,"offsetX":0.0,"offsetZ":0.0,"x":24184.0,"z":23768.0,"zone":4},{"angle":-2.460141181945801,"building":6,"builtAt":0.0,"edge":13915,"offsetX":-1.9083888530731201,"offsetZ":3.5614821910858154,"x":24200.0,"z":23768.0,"zone":4},{"angle":0.6814509034156799,"building":3,"builtAt":0.0,"edge":13298,"offsetX":-0.21406996250152588,"offsetZ":-6.242576599121094,"x":24216.0,"z":23768.0,"zone":4},{"angle":0.6814495921134949,"building":5,"builtAt":0.0,"edge":13298,"offsetX":-2.8850762844085693,"offsetZ":3.6434693336486816,"x":24232.0,"z":23768.0,"zone":4},{"angle":0.0,"building":0,"builtAt":0.0,"edge":-1,"offsetX":0.0,"offsetZ":0.0,"x":24248.0,"z":23768.0,"zone":3},{"angle":0.0,"building":0,"builtAt":0.0,"edge":-1,"offsetX":0.0,"offsetZ":0.0,"x":24264.0,"z":23768.0,"zone":3},{"angle":-0.8893424272537231,"building":2,"builtAt":0.0,"edge":13918,"offsetX":-1.1172178983688354,"offsetZ":-2.1888198852539063,"x":24280.0,"z":23768.0,"zone":3},{"angle":0.6814746260643005,"building":22,"builtAt":0.0,"edge":13968,"offsetX":3.9526541233062744,"offsetZ":0.7533313035964966,"x":24296.0,"z":23768.0,"zone":3},{"angle":0.0,"building":0,"builtAt":0.0,"edge":-1,"offsetX":0.0,"offsetZ":0.0,"x":24312.0,"z":23768.0,"zone":3},{"angle":2.2522470951080322,"building":22,"builtAt":0.0,"edge":13967,"offsetX":-0.984815239906311,"offsetZ":-4.811115741729736,"x":24328.0,"z":23768.0,"zone":3},{"angle":0.0,"building":0,"builtAt":0.0,"edge":-1,"offsetX":0.0,"offsetZ":0.0,"x":24344.0,"z":23768.0,"zone":3},{"angle":-0.889305830001831,"building":2,"builtAt":0.0,"edge":13967,"offsetX":-4.502233505249023,"offsetZ":-6.669894695281982,"x":24360.0,"z":23768.0,"zone":3},{"angle":0.0,"building":0,"builtAt":0.0,"edge":-1,"offsetX":0.0,"offsetZ":0.0,"x":24376.0,"z":23768.0,"zone":3},{"angle":0.0,"building":0,"builtAt":0.0,"edge":-1,"offsetX":0.0,"offsetZ":0.0,"x":24120.0,"z":23784.0,"zone":4},{"angle":0.0,"building":0,"builtAt":0.0,"edge":-1,"offsetX":0.0,"offsetZ":0.0,"x":24136.0,"z":23784.0,"zone":4},{"angle":0.0,"building":0,"builtAt":0.0,"edge":-1,"offsetX":0.0,"offsetZ":0.0,"x":24152.0,"z":23784.0,"zone":4},{"angle":0.0,"building":0,"builtAt":0.0,"edge":-1,"offsetX":0.0,"offsetZ":0.0,"x":24168.0,"z":23784.0,"zone":4},{"angle":0.6814515590667725,"building":3,"builtAt":0.0,"edge":13915,"offsetX":0.6662012934684753,"offsetZ":4.1142988204956055,"x":24184.0,"z":23784.0,"zone":4},{"angle":0.0,"building":0,"builtAt":0.0,"edge":-1,"offsetX":0.0,"offsetZ":0.0,"x":24200.0,"z":23784.0,"zone":4},{"angle":-2.4601402282714844,"building":5,"builtAt":0.0,"edge":13915,"offsetX":1.0855140686035156,"offsetZ":3.8696911334991455,"x":24216.0,"z":23784.0,"zone":4},{"angle":0.0,"building":0,"builtAt":0.0,"edge":-1,"offsetX":0.0,"offsetZ":0.0,"x":24232.0,"z":23784.0,"zone":3},{"angle":0.0,"building":0,"builtAt":0.0,"edge":-1,"offsetX":0.0,"offsetZ":0.0,"x":24248.0,"z":23784.0,"zone":3},{"angle":0.0,"building":0,"builtAt":0.0,"edge":-1,"offsetX":0.0,"offsetZ":0.0,"x":24264.0,"z":23784.0,"zone":3},{"angle":-2.460134506225586,"building":22,"builtAt":0.0,"edge":13299,"offsetX":7.200653076171875,"offsetZ":-1.6011860370635986,"x":24280.0,"z":23784.0,"zone":3},{"angle":0.0,"building":0,"builtAt":0.0,"edge":-1,"offsetX":0.0,"offsetZ":0.0,"x":24296.0,"z":23784.0,"zone":3},{"angle":2.2522799968719482,"building":1,"builtAt":0.0,"edge":13966,"offsetX":1.7720768451690674,"offsetZ":-2.303173542022705,"x":24312.0,"z":23784.0,"zone":3},{"angle":0.0,"building":0,"builtAt":0.0,"edge":-1,"offsetX":0.0,"offsetZ":0.0,"x":24328.0,"z":23784.0,"zone":3},{"angle":-0.8893455266952515,"building":22,"builtAt":0.0,"edge":13967,"offsetX":-0.24460305273532867,"offsetZ":-7.233736991882324,"x":24344.0,"z":23784.0,"zone":3},{"angle":-0.8893455266952515,"building":2,"builtAt":0.0,"edge":13967,"offsetX":-6.769355297088623,"offsetZ":0.45129290223121643,"x":24360.0,"z":23784.0,"zone":3},{"angle":0.0,"building":0,"builtAt":0.0,"edge":-1,"offsetX":0.0,"offsetZ":0.0,"x":24376.0,"z":23784.0,"zone":3},{"angle":0.0,"building":0,"builtAt":0.0,"edge":-1,"offsetX":0.0,"offsetZ":0.0,"x":24120.0,"z":23800.0,"zone":4},{"angle":0.6814245581626892,"building":6,"builtAt":0.0,"edge":13279,"offsetX":-8.263826370239258,"offsetZ":2.9965758323669434,"x":24136.0,"z":23800.0,"zone":4},{"angle":0.0,"building":0,"builtAt":0.0,"edge":-1,"offsetX":0.0,"offsetZ":0.0,"x":24152.0,"z":23800.0,"zone":4},{"angle":-2.460118055343628,"building":5,"builtAt":0.0,"edge":13280,"offsetX":-4.052587032318115,"offsetZ":-2.238645076751709,"x":24168.0,"z":23800.0,"zone":4},{"angle":0.0,"building":0,"builtAt":0.0,"edge":-1,"offsetX":0.0,"offsetZ":0.0,"x":24184.0,"z":23800.0,"zone":4},{"angle":0.0,"building":0,"builtAt":0.0,"edge":-1,"offsetX":0.0,"offsetZ":0.0,"x":24200.0,"z":23800.0,"zone":4},{"angle":0.0,"building":0,"builtAt":0.0,"edge":-1,"offsetX":0.0,"offsetZ":0.0,"x":24216.0,"z":23800.0,"zone":4},{"angle":0.0,"building":0,"builtAt":0.0,"edge":-1,"offsetX":0.0,"offsetZ":0.0,"x":24232.0,"z":23800.0,"zone":3},{"angle":-0.8893441557884216,"building":1,"builtAt":0.0,"edge":13914,"offsetX":2.38733172416687,"offsetZ":-0.28208062052726746,"x":24248.0,"z":23800.0,"zone":3},{"angle":0.681458055973053,"building":22,"builtAt":0.0,"edge":13299,"offsetX":5.44960880279541,"offsetZ":4.2846174240112305,"x":24264.0,"z":23800.0,"zone":3},{"angle":0.0,"building":0,"builtAt":0.0,"edge":-1,"offsetX":0.0,"offsetZ":0.0,"x":24280.0,"z":23800.0,"zone":3},{"angle":-2.4601528644561768,"building":2,"builtAt":0.0,"edge":13299,"offsetX":2.685356378555298,"offsetZ":-7.56892204284668,"x":24296.0,"z":23800.0,"zone":3},{"angle":-0.8893820643424988,"building":2,"builtAt":0.0,"edge":13966,"offsetX":6.448911666870117,"offsetZ":6.947901248931885,"x":24312.0,"z":23800.0,"zone":3},{"angle":-0.8893126845359802,"building":1,"builtAt":0.0,"edge":13966,"offsetX":0.3708116114139557,"offsetZ":-6.461874008178711,"x":24328.0,"z":23800.0,"zone":3},{"angle":-0.8893126845359802,"building":2,"builtAt":0.0,"edge":13966,"offsetX":-7.124991416931152,"offsetZ":0.436034619808197,"x":24344.0,"z":23800.0,"zone":3},{"angle":0.0,"building":0,"builtAt":0.0,"edge":-1,"offsetX":0.0,"offsetZ":0.0,"x":24360.0,"z":23800.0,"zone":3},{"angle":2.2522425651550293,"building":22,"builtAt":0.0,"edge":12975,"offsetX":2.1745519638061523,"offsetZ":5.092523574829102,"x":24376.0,"z":23800.0,"zone":3},{"angle":0.0,"building":0,"builtAt":0.0,"edge":-1,"offsetX":0.0,"offsetZ":0.0,"x":24120.0,"z":23816.0,"zone":4},{"angle":0.0,"building":0,"builtAt":0.0,"edge":-1,"offsetX":0.0,"offsetZ":0.0,"x":24136.0,"z":23816.0,"zone":4},{"angle":0.681474506855011,"building":3,"builtAt":0.0,"edge":13280,"offsetX":-5.007899761199951,"offsetZ":2.665374994277954,"x":24152.0,"z":23816.0,"zone":4},{"angle":0.0,"building":0,"builtAt":0.0,"edge":-1,"offsetX":0.0,"offsetZ":0.0,"x":24168.0,"z":23816.0,"zone":4},{"angle":0.0,"building":0,"builtAt":0.0,"edge":-1,"offsetX":0.0,"offsetZ":0.0,"x":24184.0,"z":23816.0,"zone":4},{"angle":2.2522544860839844,"building":5,"builtAt":0.0,"edge":13913,"offsetX":-3.4997942447662354,"offsetZ":-3.5718746185302734,"x":24200.0,"z":23816.0,"zone":4},{"angle":0.0,"building":0,"builtAt":0.0,"edge":-1,"offsetX":0.0,"offsetZ":0.0,"x":24216.0,"z":23816.0,"zone":3},{"angle":0.0,"building":0,"builtAt":0.0,"edge":-1,"offsetX":0.0,"offsetZ":0.0,"x":24232.0,"z":23816.0,"zone":3},{"angle":-2.460146903991699,"building":1,"builtAt":0.0,"edge":13965,"offsetX":-4.702062606811523,"offsetZ":-5.03186559677124,"x":24248.0,"z":23816.0,"zone":3},{"angle":-2.460153579711914,"building":2,"builtAt":0.0,"edge":13965,"offsetX":-6.684779644012451,"offsetZ":5.3215813636779785,"x":24264.0,"z":23816.0,"zone":3},{"angle":0.6814397573471069,"building":2,"builtAt":0.0,"edge":13299,"offsetX":1.6340430974960327,"offsetZ":-2.545053482055664,"x":24280.0,"z":23816.0,"zone":3},{"angle":0.0,"building":0,"builtAt":0.0,"edge":-1,"offsetX":0.0,"offsetZ":0.0,"x":24296.0,"z":23816.0,"zone":3},{"angle":0.0,"building":0,"builtAt":0.0,"edge":-1,"offsetX":0.0,"offsetZ":0.0,"x":24312.0,"z":23816.0,"zone":3},{"angle":0.0,"building":0,"builtAt":0.0,"edge":-1,"offsetX":0.0,"offsetZ":0.0,"x":24328.0,"z":23816.0,"zone":3},{"angle":0.0,"building":0,"builtAt":0.0,"edge":-1,"offsetX":0.0,"offsetZ":0.0,"x":24344.0,"z":23816.0,"zone":3},{"angle":-2.4601523876190186,"building":1,"builtAt":0.0,"edge":13300,"offsetX":-1.480333924293518,"offsetZ":6.839914798736572,"x":24360.0,"z":23816.0,"zone":3},{"angle":0.0,"building":0,"builtAt":0.0,"edge":-1,"offsetX":0.0,"offsetZ":0.0,"x":24376.0,"z":23816.0,"zone":3},{"angle":-0.8893335461616516,"building":6,"builtAt":0.0,"edge":12905,"offsetX":8.369619369506836,"offsetZ":7.637101173400879,"x":24120.0,"z":23832.0,"zone":4},{"angle":-0.8893336653709412,"building":5,"builtAt":0.0,"edge":12905,"offsetX":1.0052577257156372,"offsetZ":-4.226216793060303,"x":24136.0,"z":23832.0,"zone":4},{"angle":0.0,"building":0,"builtAt":0.0,"edge":-1,"offsetX":0.0,"offsetZ":0.0,"x":24152.0,"z":23832.0,"zone":4},{"angle":0.6814512610435486,"building":5,"builtAt":0.0,"edge":13280,"offsetX":-7.015697956085205,"offsetZ":-2.9103903770446777,"x":24168.0,"z":23832.0,"zone":4},{"angle":0.0,"building":0,"builtAt":0.0,"edge":-1,"offsetX":0.0,"offsetZ":0.0,"x":24184.0,"z":23832.0,"zone":3},{"angle":0.0,"building":0,"builtAt":0.0,"edge":-1,"offsetX":0.0,"offsetZ":0.0,"x":24200.0,"z":23832.0,"zone":3},{"angle":-0.8893382549285889,"building":2,"builtAt":0.0,"edge":13913,"offsetX":7.370224475860596,"offsetZ":2.221745729446411,"x":24216.0,"z":23832.0,"zone":3},{"angle":0.6814456582069397,"building":2,"builtAt":0.0,"edge":13965,"offsetX":0.0811879113316536,"offsetZ":-7.202043533325195,"x":24232.0,"z":23832.0,"zone":3},{"angle":0.6814391613006592,"building":22,"builtAt":0.0,"edge":13965,"offsetX":-2.7888317108154297,"offsetZ":4.245611190795898,"x":24248.0,"z":23832.0,"zone":3},{"angle":-2.4601383209228516,"building":2,"builtAt":0.0,"edge":13965,"offsetX":6.860041618347168,"offsetZ":0.25982865691185,"x":24264.0,"z":23832.0,"zone":3},{"angle":0.0,"building":0,"builtAt":0.0,"edge":-1,"offsetX":0.0,"offsetZ":0.0,"x":24280.0,"z":23832.0,"zone":3},{"angle":-0.889312744140625,"building":2,"builtAt":0.0,"edge":13964,"offsetX":3.954041004180908,"offsetZ":-2.263199806213379,"x":24296.0,"z":23832.0,"zone":3},{"angle":0.0,"building":0,"builtAt":0.0,"edge":-1,"offsetX":0.0,"offsetZ":0.0,"x":24312.0,"z":23832.0,"zone":3},{"angle":0.0,"building":0,"builtAt":0.0,"edge":-1,"offsetX":0.0,"offsetZ":0.0,"x":24328.0,"z":23832.0,"zone":3},{"angle":-2.4601523876190186,"building":3,"builtAt":0.0,"edge":13300,"offsetX":6.677258491516113,"offsetZ":0.5094102621078491,"x":24344.0,"z":23832.0,"zone":3},{"angle":0.0,"building":0,"builtAt":0.0,"edge":-1,"offsetX":0.0,"offsetZ":0.0,"x":24360.0,"z":23832.0,"zone":3},{"angle":-0.8893610239028931,"building":1,"builtAt":0.0,"edge":12975,"offsetX":5.940396785736084,"offsetZ":0.885206937789917,"x":24376.0,"z":23832.0,"zone":3},{"angle":-0.8893309235572815,"building":5,"builtAt":0.0,"edge":12905,"offsetX":-1.4291815757751465,"offsetZ":2.5570321083068848,"x":24120.0,"z":23848.0,"zone":4},{"angle":-2.460141658782959,"building":22,"builtAt":0.0,"edge":13263,"offsetX":4.917278289794922,"offsetZ":4.317948818206787,"x":24136.0,"z":23848.0,"zone":4},{"angle":0.0,"building":0,"builtAt":0.0,"edge":-1,"offsetX":0.0,"offsetZ":0.0,"x":24152.0,"z":23848.0,"zone":4},{"angle":2.252253532409668,"building":2,"builtAt":0.0,"edge":12929,"offsetX":3.917691469192505,"offsetZ":-4.106988906860352,"x":24168.0,"z":23848.0,"zone":3},{"angle":0.0,"building":0,"builtAt":0.0,"edge":-1,"offsetX":0.0,"offsetZ":0.0,"x":24184.0,"z":23848.0,"zone":3},{"angle":0.0,"building":0,"builtAt":0.0,"edge":-1,"offsetX":0.0,"offsetZ":0.0,"x":24200.0,"z":23848.0,"zone":3},{"angle":-2.4601595401763916,"building":1,"builtAt":0.0,"edge":13281,"offsetX":1.5349116325378418,"offsetZ":-5.021668910980225,"x":24216.0,"z":23848.0,"zone":3},{"angle":-2.4601502418518066,"building":2,"builtAt":0.0,"edge":13281,"offsetX":-1.4731359481811523,"offsetZ":4.506253242492676,"x":24232.0,"z":23848.0,"zone":3},{"angle":0.0,"building":0,"builtAt":0.0,"edge":-1,"offsetX":0.0,"offsetZ":0.0,"x":24248.0,"z":23848.0,"zone":3},{"angle":2.25219988822937,"building":2,"builtAt":0.0,"edge":13963,"offsetX":-5.5043511390686035,"offsetZ":0.6997568011283875,"x":24264.0,"z":23848.0,"zone":3},{"angle":0.0,"building":0,"builtAt":0.0,"edge":-1,"offsetX":0.0,"offsetZ":0.0,"x":24280.0,"z":23848.0,"zone":3},{"angle":-0.8893073201179504,"building":9,"builtAt":0.0,"edge":13964,"offsetX":-7.772511005401611,"offsetZ":-4.036646366119385,"x":24296.0,"z":23848.0,"zone":3},{"angle":0.6814513802528381,"building":2,"builtAt":0.0,"edge":13300,"offsetX":6.445250511169434,"offsetZ":-4.565215587615967,"x":24312.0,"z":23848.0,"zone":3},{"angle":0.6814402341842651,"building":1,"builtAt":0.0,"edge":13300,"offsetX":4.994560241699219,"offsetZ":6.311740875244141,"x":24328.0,"z":23848.0,"zone":3},{"angle":0.0,"building":0,"builtAt":0.0,"edge":-1,"offsetX":0.0,"offsetZ":0.0,"x":24344.0,"z":23848.0,"zone":3},{"angle":0.0,"building":0,"builtAt":0.0,"edge":-1,"offsetX":0.0,"offsetZ":0.0,"x":24360.0,"z":23848.0,"zone":3},{"angle":-2.460163116455078,"building":1,"builtAt":0.0,"edge":13301,"offsetX":-2.968886137008667,"offsetZ":5.472465991973877,"x":24376.0,"z":23848.0,"zone":3},{"angle":0.0,"building":0,"builtAt":0.0,"edge":-1,"offsetX":0.0,"offsetZ":0.0,"x":24120.0,"z":23864.0,"zone":3},{"angle":-2.460141658782959,"building":22,"builtAt":0.0,"edge":13263,"offsetX":-3.0827133655548096,"offsetZ":-1.8184751272201538,"x":24136.0,"z":23864.0,"zone":3},{"angle":2.252227306365967,"building":1,"builtAt":0.0,"edge":12929,"offsetX":0.513929009437561,"offsetZ":4.960330963134766,"x":24152.0,"z":23864.0,"zone":3},{"angle":2.2522449493408203,"building":2,"builtAt":0.0,"edge":12929,"offsetX":-6.07537317276001,"offsetZ":-7.8087944984436035,"x":24168.0,"z":23864.0,"zone":3},{"angle":0.0,"building":0,"builtAt":0.0,"edge":-1,"offsetX":0.0,"offsetZ":0.0,"x":24184.0,"z":23864.0,"zone":3},{"angle":-0.8893392086029053,"building":1,"builtAt":0.0,"edge":12929,"offsetX":-2.346407413482666,"offsetZ":0.7667375802993774,"x":24200.0,"z":23864.0,"zone":3},{"angle":0.6814424395561218,"building":1,"builtAt":0.0,"edge":13281,"offsetX":-0.7527654767036438,"offsetZ":7.345574378967285,"x":24216.0,"z":23864.0,"zone":3},{"angle":0.0,"building":0,"builtAt":0.0,"edge":-1,"offsetX":0.0,"offsetZ":0.0,"x":24232.0,"z":23864.0,"zone":3},{"angle":2.2522294521331787,"building":3,"builtAt":0.0,"edge":13963,"offsetX":-2.9162232875823975,"offsetZ":-1.1500428915023804,"x":24248.0,"z":23864.0,"zone":3},{"angle":0.0,"building":0,"builtAt":0.0,"edge":-1,"offsetX":0.0,"offsetZ":0.0,"x":24264.0,"z":23864.0,"zone":3},{"angle":-0.8893927335739136,"building":22,"builtAt":0.0,"edge":13963,"offsetX":-5.304691791534424,"offsetZ":-2.1625545024871826,"x":24280.0,"z":23864.0,"zone":3},{"angle":0.0,"building":0,"builtAt":0.0,"edge":-1,"offsetX":0.0,"offsetZ":0.0,"x":24296.0,"z":23864.0,"zone":3},{"angle":0.6814402341842651,"building":1,"builtAt":0.0,"edge":13300,"offsetX":7.199481964111328,"offsetZ":7.320732593536377,"x":24312.0,"z":23864.0,"zone":3},{"angle":0.6814402341842651,"building":2,"builtAt":0.0,"edge":13300,"offsetX":-1.9029790163040161,"offsetZ":-1.1837632656097412,"x":24328.0,"z":23864.0,"zone":3},{"angle":0.0,"building":0,"builtAt":0.0,"edge":-1,"offsetX":0.0,"offsetZ":0.0,"x":24344.0,"z":23864.0,"zone":3},{"angle":0.0,"building":0,"builtAt":0.0,"edge":-1,"offsetX":0.0,"offsetZ":0.0,"x":24360.0,"z":23864.0,"zone":3},{"angle":0.0,"building":0,"builtAt":0.0,"edge":-1,"offsetX":0.0,"offsetZ":0.0,"x":24376.0,"z":23864.0,"zone":3},{"angle":0.6814510226249695,"building":3,"builtAt":0.0,"edge":13263,"offsetX":-0.9781666994094849,"offsetZ":-0.6861004829406738,"x":24120.0,"z":23880.0,"zone":3},{"angle":0.0,"building":0,"builtAt":0.0,"edge":-1,"offsetX":0.0,"offsetZ":0.0,"x":24136.0,"z":23880.0,"zone":3},{"angle":0.0,"building":0,"builtAt":0.0,"edge":-1,"offsetX":0.0,"offsetZ":0.0,"x":24152.0,"z":23880.0,"zone":3},{"angle":0.0,"building":0,"builtAt":0.0,"edge":-1,"offsetX":0.0,"offsetZ":0.0,"x":24168.0,"z":23880.0,"zone":3},{"angle":-0.8893476724624634,"building":22,"builtAt":0.0,"edge":12929,"offsetX":4.715261936187744,"offsetZ":-2.0799789428710938,"x":24184.0,"z":23880.0,"zone":3},{"angle":-0.8893476724624634,"building":2,"builtAt":0.0,"edge":12929,"offsetX":-1.8094741106033325,"offsetZ":5.605030536651611,"x":24200.0,"z":23880.0,"zone":3},{"angle":0.6814424395561218,"building":1,"builtAt":0.0,"edge":13281,"offsetX":-7.177887916564941,"offsetZ":-0.7324435114860535,"x":24216.0,"z":23880.0,"zone":3},{"angle":0.6814351677894592,"building":22,"builtAt":0.0,"edge":13281,"offsetX":-5.124192714691162,"offsetZ":2.552527666091919,"x":24232.0,"z":23880.0,"zone":3},{"angle":0.0,"building":0,"builtAt":0.0,"edge":-1,"offsetX":0.0,"offsetZ":0.0,"x":24248.0,"z":23880.0,"zone":3},{"angle":-2.460120439529419,"building":1,"builtAt":0.0,"edge":13282,"offsetX":-0.1702347695827484,"offsetZ":0.36719614267349243,"x":24264.0,"z":23880.0,"zone":3},{"angle":0.0,"building":0,"builtAt":0.0,"edge":-1,"offsetX":0.0,"offsetZ":0.0,"x":24280.0,"z":23880.0,"zone":3},{"angle":0.0,"building":0,"builtAt":0.0,"edge":-1,"offsetX":0.0,"offsetZ":0.0,"x":24296.0,"z":23880.0,"zone":3},{"angle":0.0,"building":0,"builtAt":0.0,"edge":-1,"offsetX":0.0,"offsetZ":0.0,"x":24312.0,"z":23880.0,"zone":3},{"angle":0.0,"building":0,"builtAt":0.0,"edge":-1,"offsetX":0.0,"offsetZ":0.0,"x":24328.0,"z":23880.0,"zone":3},{"angle":0.6814295053482056,"building":2,"builtAt":0.0,"edge":13301,"offsetX":4.860622882843018,"offsetZ":3.2747409343719482,"x":24344.0,"z":23880.0,"zone":3},{"angle":0.6814295053482056,"building":2,"builtAt":0.0,"edge":13301,"offsetX":-3.769501209259033,"offsetZ":-5.812334060668945,"x":24360.0,"z":23880.0,"zone":3},{"angle":0.0,"building":0,"builtAt":0.0,"edge":-1,"offsetX":0.0,"offsetZ":0.0,"x":24376.0,"z":23880.0,"zone":3},{"angle":0.0,"building":0,"builtAt":0.0,"edge":-1,"offsetX":0.0,"offsetZ":0.0,"x":24120.0,"z":23896.0,"zone":3},{"angle":0.6814523339271545,"building":2,"builtAt":0.0,"edge":13263,"offsetX":-1.9446426630020142,"offsetZ":-6.384598731994629,"x":24136.0,"z":23896.0,"zone":3},{"angle":0.0,"building":0,"builtAt":0.0,"edge":-1,"offsetX":0.0,"offsetZ":0.0,"x":24152.0,"z":23896.0,"zone":3},{"angle":0.0,"building":0,"builtAt":0.0,"edge":-1,"offsetX":0.0,"offsetZ":0.0,"x":24168.0,"z":23896.0,"zone":3},{"angle":-0.8893652558326721,"building":2,"builtAt":0.0,"edge":12929,"offsetX":-5.706597805023193,"offsetZ":-6.131718158721924,"x":24184.0,"z":23896.0,"zone":3},{"angle":-2.460132598876953,"building":1,"builtAt":0.0,"edge":13264,"offsetX":-5.5728678703308105,"offsetZ":2.5290729999542236,"x":24200.0,"z":23896.0,"zone":3},{"angle":2.252258777618408,"building":22,"builtAt":0.0,"edge":12953,"offsetX":-0.5795812010765076,"offsetZ":4.807994365692139,"x":24216.0,"z":23896.0,"zone":3},{"angle":0.0,"building":0,"builtAt":0.0,"edge":-1,"offsetX":0.0,"offsetZ":0.0,"x":24232.0,"z":23896.0,"zone":3},{"angle":0.68147212266922,"building":2,"builtAt":0.0,"edge":13282,"offsetX":0.43848636746406555,"offsetZ":3.343026876449585,"x":24248.0,"z":23896.0,"zone":3},{"angle":0.0,"building":0,"builtAt":0.0,"edge":-1,"offsetX":0.0,"offsetZ":0.0,"x":24264.0,"z":23896.0,"zone":3},{"angle":0.0,"building":0,"builtAt":0.0,"edge":-1,"offsetX":0.0,"offsetZ":0.0,"x":24280.0,"z":23896.0,"zone":3},{"angle":-2.4601526260375977,"building":1,"builtAt":0.0,"edge":13282,"offsetX":4.047951698303223,"offsetZ":0.5160175561904907,"x":24296.0,"z":23896.0,"zone":3},{"angle":0.0,"building":0,"builtAt":0.0,"edge":-1,"offsetX":0.0,"offsetZ":0.0,"x":24312.0,"z":23896.0,"zone":3},{"angle":0.0,"building":0,"builtAt":0.0,"edge":-1,"offsetX":0.0,"offsetZ":0.0,"x":24328.0,"z":23896.0,"zone":3},{"angle":0.0,"building":0,"builtAt":0.0,"edge":-1,"offsetX":0.0,"offsetZ":0.0,"x":24344.0,"z":23896.0,"zone":3},{"angle":0.0,"building":0,"builtAt":0.0,"edge":-1,"offsetX":0.0,"offsetZ":0.0,"x":24360.0,"z":23896.0,"zone":3},{"angle":0.6814571619033813,"building":1,"builtAt":0.0,"edge":13301,"offsetX":7.092221260070801,"offsetZ":-0.9299120306968689,"x":24376.0,"z":23896.0,"zone":3}],"zonePalette":false}
[144.583s] [TreeStreaming] key=98784247831 revision=2 placementMs=43.96 masksMs=10.44 patchesMs=30.25 woodlandMs=2.32 instances=193 excludedTrees=0
[144.583s] [TreeStreaming] key=103079215127 revision=1 placementMs=31.43 masksMs=10.11 patchesMs=14.90 woodlandMs=5.34 instances=236 excludedTrees=0
[144.583s] [TravelCost] frame=13372 total=1856.78 terrain=36.28 road=12.30 parts=1.57 node=1.50 marks=0.21 furniture=0.73 fallback=0.00 edges=4 nodes=1
[144.683s] [TreeStreaming] key=98784247830 revision=2 placementMs=44.38 masksMs=13.96 patchesMs=26.63 woodlandMs=2.64 instances=349 excludedTrees=0
[144.683s] [TreeStreaming] key=103079215126 revision=2 placementMs=32.53 masksMs=8.64 patchesMs=19.82 woodlandMs=2.81 instances=261 excludedTrees=0
[144.683s] [TravelCost] frame=13373 total=1637.40 terrain=8.81 road=10.78 parts=1.46 node=1.50 marks=0.52 furniture=0.52 fallback=0.00 edges=5 nodes=2
[144.783s] [TreeStreaming] key=98784247832 revision=1 placementMs=23.58 masksMs=7.79 patchesMs=13.13 woodlandMs=1.88 instances=261 excludedTrees=0
[144.783s] [TreeStreaming] key=94489280535 revision=2 placementMs=23.79 masksMs=8.52 patchesMs=13.37 woodlandMs=1.45 instances=324 excludedTrees=0
[144.783s] [Streaming] terrain workerMs=1114.01 uploadTotalMs=34.62 maxFrameUploadMs=29.50 uploadFrames=3
[144.783s] [LandscapeStreaming] key=98784247831 terrainMs=942.60 masksMs=10.85 patchesMs=159.55 woodlandMs=0.00 landscapeVertices=303240 landscapeTriangles=114040
[144.783s] [TravelCost] frame=13374 total=1740.39 terrain=25.53 road=11.29 parts=1.07 node=2.83 marks=0.21 furniture=0.32 fallback=0.00 edges=4 nodes=3
[144.883s] [TreeStreaming] key=103079215128 revision=1 placementMs=5.62 masksMs=2.11 patchesMs=0.86 woodlandMs=2.43 instances=143 excludedTrees=0
[144.883s] [TreeStreaming] key=94489280534 revision=1 placementMs=2.75 masksMs=0.90 patchesMs=0.58 woodlandMs=1.21 instances=4620 excludedTrees=0
[144.883s] [TravelCost] frame=13375 total=1749.27 terrain=18.74 road=12.54 parts=2.09 node=1.72 marks=0.24 furniture=0.74 fallback=0.00 edges=7 nodes=2
[144.983s] [Save] Saved atomically to saves/roundtrip
[144.983s] [TreeStreaming] key=94489280536 revision=2 placementMs=6.43 masksMs=2.94 patchesMs=1.26 woodlandMs=1.94 instances=107 excludedTrees=0
[144.983s] [TreeStreaming] key=98784247829 revision=2 placementMs=8.02 masksMs=4.40 patchesMs=1.95 woodlandMs=1.30 instances=268 excludedTrees=0
[144.983s] [TravelCost] frame=13376 total=1747.37 terrain=8.40 road=11.47 parts=1.35 node=2.11 marks=0.29 furniture=0.54 fallback=0.00 edges=5 nodes=3
[144.983s] [PlaytestInput] frame=13376 key=Shift
[144.983s] [PlaytestInput] frame=13376 key=Control
[144.983s] [PlaytestInput] frame=13376 key=S
[144.983s] [PlaytestInput] frame=13376 key=Left Shift
[144.983s] [PlaytestInput] frame=13376 key=Left Control
[144.983s] [PlaytestState] {"cameraMode":0,"commandId":1,"commandInput":"","commandMessage":"","commandPalette":false,"cursorX":400,"cursorY":322,"development":{"completed":0,"count":0},"draftMessage":"","draftPoints":0,"draftValid":false,"driving":false,"editMode":0,"eyeY":127.85540962219238,"focusX":24252.0,"focusY":32.575355529785156,"focusZ":23772.0,"focused":true,"fps":0.5673263158850234,"fpsGraph":false,"frame":13376,"funds":30.0,"gameHour":8.039999961853027,"income":30.30898,"localMapCenter":[24252.0,23772.0],"localMapHeadingUp":false,"localMapSpan":2000.0,"logicMs":0.015,"maintenance":22.71789867024176,"map":false,"mapBuilds":1,"mapContext":false,"mapCustomPixelShader":false,"mapX":24252.0,"mapZ":23772.0,"mapZoom":4.0,"nearbyRoads":[{"id":13765,"length":50.096553802490234,"open":true,"points":[[24184.24609375,37.4201545715332,23402.494140625],[24186.875701653287,37.40728381084992,23399.251700376903],[24189.505321628036,37.39441322377609,23396.009269413647],[24192.13495535041,37.38154279538986,23392.76685086862],[24194.764607319616,37.3686724969565,23389.524444394105],[24197.39427686403,37.35580232505256,23386.28205601808],[24200.023969426198,37.34293224633382,23383.03968422982],[24202.653686687965,37.3300622458652,23379.797332155933],[24205.28343221296,37.31719229950511,23376.55500060337],[24207.913208624905,37.3043223877148,23373.312691538697],[24210.54301290479,37.29145251857272,23370.070413886242],[24213.172855200828,37.27858263572094,23366.82816033748],[24215.802734375,37.26571273803711,23363.5859375]],"width":6.839999675750732},{"id":12848,"length":75.3116455078125,"open":true,"points":[[24084.107421875,37.087406158447266,23525.958984375],[24088.060467116073,37.16626111068103,23521.08506040685],[24092.013515184633,37.24511625176747,23516.21113973381],[24095.96657208912,37.323971675073395,23511.33722172911],[24099.919638182968,37.40282736116019,23506.46331273845],[24103.872715586796,37.481683325840706,23501.58941692878],[24107.825811369345,37.5605396836325,23496.71553236658],[24111.778925530612,37.63939640804538,23491.841665833912],[24115.732066553086,37.718253641796956,23486.96781365497],[24119.685233023018,37.79711133019375,23482.09398435553],[24123.638427767906,37.87596950314544,23477.220181232686],[24127.591653615236,37.95482819056031,23472.346407583984],[24131.544921875,38.033687591552734,23467.47265625]],"width":6.839999675750732},{"id":13803,"length":42.66592788696289,"open":true,"points":[[24030.35546875,36.810420989990234,23592.232421875],[24032.595074936515,36.82196156057961,23589.47091519256],[24034.834717167832,36.83350218446301,23586.7094386571],[24037.07439424246,36.84504288193082,23583.947986972722],[24039.31409935193,36.85658364438469,23581.18656175571],[24041.553831294757,36.86812449212058,23578.425157708254],[24043.793586466458,36.87966543305448,23575.663772494532],[24046.033362464048,36.89120648129518,23572.902402296728],[24048.27315287956,36.902747630316185,23570.14104823402],[24050.51295771298,36.91428890661078,23567.37970352492],[24052.75277215836,36.92583031190877,23564.61836731265],[24054.992594613694,36.937371864449794,23561.857034790108],[24057.232421875,36.94891357421875,23559.095703125]],"width":6.839999675750732},{"id":12846,"length":67.05158233642578,"open":true,"points":[[23932.33984375,36.665016174316406,23713.080078125],[23935.859602655484,36.65745122294311,23708.740449793775],[23939.37936581846,36.649886408187065,23704.400825228724],[23942.8991291114,36.64232170975856,23700.06119957648],[23946.418888408632,36.63475710736793,23695.721567982335],[23949.938637068397,36.627192586136054,23691.381928694373],[23953.458367820655,36.61962813253649,23687.042280735826],[23956.978079690016,36.6120637195163,23682.70261536913],[23960.497765407727,36.60449933354903,23678.36293161607],[23964.01741896398,36.596934958402926,23674.023226945996],[23967.537046936166,36.58937055079332,23669.683483307534],[23971.056630726198,36.581806121541376,23665.343713689967],[23974.576171875,36.574241638183594,23661.00390625]],"width":6.839999675750732},{"id":13798,"length":43.819332122802734,"open":true,"points":[[23877.13671875,35.95730972290039,23781.14453125],[23879.43667615991,35.98679878586915,23778.30845421157],[23881.736678975623,36.01628748771652,23775.472413177602],[23884.036723496563,36.04577588123472,23772.636404344812],[23886.336802732694,36.075263977032684,23769.800427966748],[23888.636915658204,36.10475186217441,23766.964476943947],[23890.937058780375,36.134239592086665,23764.12854721956],[23893.237225316567,36.16372718001316,23761.292638793584],[23895.537410952373,36.193214670834266,23758.4567486234],[23897.837613841682,36.22270214106757,23755.620870623734],[23900.13782884821,36.25218962504794,23752.785002766177],[23902.438054126484,36.28167719929376,23749.949138965458],[23904.73828125,36.31116485595703,23747.11328125]],"width":6.839999675750732},{"id":12828,"length":75.30938720703125,"open":true,"points":[[24013.26953125,37.10893249511719,23468.50390625],[24017.222511742268,37.1708810068476,23463.63006072069],[24021.175491108555,37.232829739645666,23458.756215],[24025.128469283103,37.29477877226197,23453.88236758934],[24029.081446199918,37.35672818344729,23449.00851699034],[24033.034417904953,37.41867799102468,23444.13466649836],[24036.987388219233,37.480628334671515,23439.260809822343],[24040.94035601517,37.542579276520016,23434.386946772516],[24044.893314509874,37.60453079007914,23429.51308413177],[24048.846263988315,37.666482959633385,23424.63921996844],[24052.799211802725,37.72843598024197,23419.765343636907],[24056.75214834066,37.790389781096486,23414.89146540829],[24060.705078125,37.85234451293945,23410.017578125]],"width":11.699999809265137},{"id":12827,"length":85.33165740966797,"open":true,"points":[[23959.517578125,36.91480255126953,23534.77734375],[23963.996674585433,36.93097999515878,23529.254367616777],[23968.475848849805,36.94715758307664,23523.731455351623],[23972.95509053209,36.96333527551393,23518.20859783474],[23977.434389246013,36.97951303296118,23512.68578594618],[23981.913732602752,36.99569080867683,23507.163013034788],[23986.393113820086,37.01186857616892,23501.64026553667],[23990.87251490219,37.02804626844681,23496.11754371365],[23995.35193707665,37.044223887947325,23490.594824126943],[23999.831360745695,37.060401361895565,23485.072109014116],[24004.31076631146,37.07657861751818,23479.549400613523],[24008.790166215997,37.09275569775327,23474.02666166201],[24013.26953125,37.10893249511719,23468.50390625]],"width":11.699999809265137},{"id":13709,"length":44.274784088134766,"open":true,"points":[[23903.73828125,37.11899185180664,23603.55078125],[23906.062333638198,37.11048459153696,23600.68521746723],[23908.386348553508,37.10197722021235,23597.81962305773],[23910.71033726955,37.09346974619996,23594.95400762107],[23913.03431023004,37.08496218090954,23592.088381782087],[23915.35827933422,37.07645453042631,23589.222754372517],[23917.68226146896,37.06794678257984,23586.3571280755],[23920.00626105515,37.059438970838755,23583.49152094687],[23922.33029082559,37.050931098245655,23580.625940794293],[23924.654361020206,37.04242317697094,23577.760398499933],[23926.9784885285,37.03391519484421,23574.89489674798],[23929.302681929003,37.02540717012107,23572.02944847039],[23931.626953125,37.01689910888672,23569.1640625]],"width":11.699999809265137},{"id":12825,"length":67.05155181884766,"open":true,"points":[[23861.5,37.06214904785156,23655.626953125],[23865.019852805905,37.06688577552947,23651.287268684824],[23868.53966801083,37.07162254386452,23646.947553776536],[23872.059456972547,37.07635934989213,23642.607817897562],[23875.579231049614,37.08109619064771,23638.26807054566],[23879.099003804145,37.08583306613127,23633.928318502767],[23882.618783134385,37.09056996871959,23629.588575535163],[23886.138582603602,37.095306898412666,23625.248848425177],[23889.658413257974,37.10004385182243,23620.909147059323],[23893.178288661627,37.10478082894883,23616.569478220266],[23896.698217343874,37.10951782301572,23612.229854898615],[23900.218207834067,37.114254827246896,23607.890290084742],[23903.73828125,37.11899185180664,23603.55078125]],"width":11.699999809265137},{"id":12863,"length":95.55066680908203,"open":true,"points":[[23879.728515625,33.08394241333008,23906.271484375],[23884.744139429185,33.14690962367487,23900.08740381815],[23889.75976323336,33.20987670156497,23893.9033232613],[23894.775388831273,33.272843696010014,23887.71924049285],[23899.791012635458,33.33581058846346,23881.535159936],[23904.80663823336,33.398777450453714,23875.35107716755],[23909.822263831273,33.46174428595299,23869.1669943991],[23914.83788584173,33.52471107641486,23862.98291605385],[23919.85351323336,33.58767796092376,23856.7988310738],[23924.869140625,33.65064489841461,23850.61474609375],[23929.884764429185,33.713611870340856,23844.4306655369],[23934.90038823336,33.77657894823086,23838.24658498005],[23939.916015625,33.83954620361328,23832.0625]],"width":11.699999809265137},{"id":13800,"length":43.81911087036133,"open":true,"points":[[23939.916015625,33.83954620361328,23832.0625],[23942.21624357117,33.866601192475855,23829.226641270332],[23944.516467204146,33.89365621036609,23826.390779498033],[23946.816682622004,33.920711291149594,23823.554911133368],[23949.116886745254,33.94776647836784,23820.71903161239],[23951.417073203665,33.974821776858796,23817.88314042799],[23953.717239739835,34.00187723983982,23815.04723200202],[23956.017382039387,34.028932896338574,23812.211303291842],[23958.31749496488,34.05598876570684,23809.37535226904],[23960.61757502354,34.08304488664816,23806.539374876767],[23962.91761872191,34.110101297866095,23803.703367058188],[23965.217620920717,34.1371580187124,23800.86732678488],[23967.517578125,34.164215087890625,23798.03125]],"width":11.699999809265137},{"id":12865,"length":67.05329895019531,"open":true,"points":[[23995.12109375,34.48888397216797,23764.0],[23998.64062938188,34.52957832157744,23759.660190670154],[24002.160202633302,34.57027316000235,23755.320411133245],[24005.67980990219,34.61096834088757,23750.98066063098],[24009.199448845262,34.651663732229316,23746.640936851985],[24012.7191161751,34.69235919110732,23742.301238648168],[24016.23881489763,34.733054647368476,23737.961557111295],[24019.758536689937,34.77374989987762,23733.621897300804],[24023.27827826322,34.814444805714594,23729.282258068662],[24026.798036327833,34.85513922196077,23724.942638267617],[24030.317817663505,34.89583312212774,23720.603024335614],[24033.837616461224,34.936526334194355,23716.263418231687],[24037.357421875,34.97721862792969,23711.923828125]],"width":11.699999809265137},{"id":13838,"length":44.27477264404297,"open":true,"points":[[24037.357421875,34.97721862792969,23711.923828125],[24039.681514259955,34.984874387861225,23709.058298306856],[24042.005635605947,34.9925303979742,23706.19279223199],[24044.329775391227,35.0001866194645,23703.327300952984],[24046.65392309358,35.00784301352515,23700.461815520986],[24048.97806819043,35.01549954134668,23697.596326985862],[24051.302198496604,35.02315615864126,23694.730828446016],[24053.626305567086,35.03081283344134,23691.865308387547],[24055.9503759699,35.03846951734913,23688.999761444655],[24058.274400428956,35.04612617565716,23686.134177127326],[24060.59836883717,35.05378277091949,23683.268545970204],[24062.92226776348,35.061439254738005,23680.402862607305],[24065.24609375,35.069095611572266,23677.537109375]],"width":11.699999809265137},{"id":13805,"length":42.66621017456055,"open":true,"points":[[24093.13671875,35.160972595214844,23643.150390625],[24095.376478798866,35.17807311961731,23640.389140428164],[24097.61623166541,35.195173773418325,23637.62788394325],[24099.85596896586,35.21227451789498,23634.866616363466],[24102.095684719436,35.22937533267133,23632.105329919537],[24104.335370141973,35.246476175966606,23629.344020298522],[24106.575020053744,35.263577033520846,23626.582678743725],[24108.81462527028,35.28067786049566,23623.82130143613],[24111.05417660736,35.297778612052944,23621.05988455699],[24113.29367048734,35.31487928616497,23618.29841737471],[24115.533096925374,35.33197983187869,23615.536897058384],[24117.77244914044,35.349080222704444,23612.775316827],[24120.01171875,35.366180419921875,23610.013671875]],"width":11.699999809265137},{"id":12868,"length":75.3056869506836,"open":true,"points":[[24146.888671875,35.571388244628906,23576.876953125],[24150.84187114453,35.572666267647826,23572.003285452134],[24154.79502970216,35.573944412155285,23567.129585009192],[24158.74814783494,35.575222653942156,23562.255849864967],[24162.701223002638,35.576500967886844,23557.382081573513],[24166.65425549261,35.57777932978333,23552.508278202306],[24170.60724276476,35.57905771451226,23547.6344413044],[24174.560189347416,35.58033609924075,23542.760563717216],[24178.5130912864,35.5816144583929,23537.886648736127],[24182.465941800103,35.582892765478306,23533.012703142584],[24186.418753897626,35.58417100040609,23528.138709314935],[24190.371509487406,35.585449133027254,23523.264687979212],[24194.32421875,35.586727142333984,23518.390625]],"width":11.699999809265137},{"id":12869,"length":83.66351318359375,"open":true,"points":[[24194.32421875,35.586727142333984,23518.390625],[24198.716282468078,35.571062044128325,23512.97602062058],[24203.108272871577,35.555396965530576,23507.56135520152],[24207.500201953488,35.53973191214299,23502.146644242952],[24211.892089560028,35.52406686155655,23496.73189356258],[24216.283943757302,35.50840183337914,23491.317123501452],[24220.675787532586,35.4927367939972,23485.902336004074],[24225.06762502529,35.47707177702432,23480.487556252632],[24229.45948236391,35.4614067376424,23475.07278231859],[24233.851366829185,35.44574169826047,23469.658035511213],[24238.24329512582,35.430076647674014,23464.24332552093],[24242.635283958687,35.414411574678525,23458.82866203837],[24247.02734375,35.398746490478516,23453.4140625]],"width":11.699999809265137},{"id":12870,"length":100.1954345703125,"open":true,"points":[[24247.02734375,35.398746490478516,23453.4140625],[24252.286625672285,35.33585647150697,23446.929233396535],[24257.545945410602,35.27296621388653,23440.44443384452],[24262.805298461706,35.21007582607446,23433.959664196016],[24268.064685965022,35.147185349053295,23427.47491784504],[24273.324102476887,35.084294902523546,23420.99019630201],[24278.583545374742,35.021404572448546,23414.505497598435],[24283.843010154815,34.95851446728277,23408.020822084938],[24289.102499836597,34.8956246055169,23401.536160836054],[24294.36200615351,34.83273514058905,23395.05151884134],[24299.621535885934,34.769846046009924,23388.566882538275],[24304.88107324183,34.706957565185576,23382.08226619463],[24310.140625,34.64406967163086,23375.59765625]],"width":11.699999809265137},{"id":13860,"length":47.774295806884766,"open":true,"points":[[23929.4140625,32.499351501464844,23946.568359375],[23931.921953550307,32.51656212450474,23943.476464527605],[23934.42984101316,32.53377286863406,23940.38456732076],[23936.93772152532,32.55098369752456,23937.292665118686],[23939.445593517274,32.568194587157464,23934.200753074303],[23941.953452056274,32.585405490432684,23931.108830487286],[23944.461292658,32.602616363327236,23928.016896104844],[23946.96911532246,32.61982719259334,23924.924943145877],[23949.47691287473,32.63703791574318,23921.83297367587],[23951.984687108546,32.6542485318399,23918.74097870318],[23954.492430849004,32.671458978396466,23915.648960294704],[23957.00014050864,32.688669217546796,23912.556916095113],[23959.5078125,32.70587921142578,23909.46484375]],"width":13.199999809265137},{"id":12885,"length":67.05479431152344,"open":true,"points":[[24044.8046875,33.62478256225586,23804.298828125],[24048.3245399912,33.68003555464113,23799.959144072836],[24051.84435551083,33.73528916361205,23795.619428776536],[24055.364144472547,33.79054331328093,23791.279692897562],[24058.883918549614,33.845797947519294,23786.93994554566],[24062.403690045376,33.901053020077775,23782.60019505479],[24065.923470634385,33.956308474825384,23778.260450535163],[24069.443270103602,34.011564225988764,23773.920723425177],[24072.963100757974,34.06682022731537,23769.581022059323],[24076.482976161627,34.12207645231277,23765.241353220266],[24080.002904843874,34.177332795444535,23760.901729898615],[24083.522900369382,34.23258923021713,23756.562158877136],[24087.04296875,34.287845611572266,23752.22265625]],"width":13.199999809265137},{"id":13840,"length":44.27477264404297,"open":true,"points":[[24087.04296875,34.287845611572266,23752.22265625],[24089.367020930407,34.29522195075178,23749.357092723447],[24091.691035222346,34.30259851734804,23746.49149908259],[24094.015023938406,34.309975280920696,23743.625883645916],[24096.33899773004,34.31735220575073,23740.760256782087],[24098.662967665343,34.32472925743607,23737.894628347687],[24100.98694896896,34.33210641476422,23735.0290030755],[24103.310945230667,34.33948361958525,23732.16340004608],[24105.634976663336,34.346860866513346,23729.29781784386],[24107.959048520206,34.354238102672724,23726.432273499933],[24110.2831760285,34.361615306845835,23723.56677174798],[24112.607369429003,34.36899244198496,23720.70132347039],[24114.931640625,34.37636947631836,23717.8359375]],"width":13.199999809265137}],"pauseMenu":false,"pedestrians":{"completed":0,"drawCalls":0,"population":10000,"renderMs":0.068,"ridingCar":0,"ridingTrain":0,"updateMs":0.0,"visible":0,"waitingCar":0,"waitingTrain":0,"walking":0},"plans":0,"population":233146,"railway":{"depots":0,"edgeCount":1269,"editorVisible":false,"lines":[{"enabled":true,"first":480,"id":0,"interval":270.0,"last":1380,"name":"汐淵・鵜池線","next":270.0,"stops":[17680,17681]},{"enabled":true,"first":480,"id":1,"interval":1380.0,"last":1380,"name":"鵜池・常宮線","next":1440.0,"stops":[17681,17743]},{"enabled":true,"first":480,"id":2,"interval":210.0,"last":1380,"name":"常宮・網瀬洗線","next":210.0,"stops":[17743,18160]},{"enabled":true,"first":480,"id":3,"interval":1140.0,"last":1380,"name":"網瀬洗・葦草第3地区線","next":1440.0,"stops":[18160,18212]},{"enabled":true,"first":480,"id":4,"interval":120.0,"last":1380,"name":"葦草第3地区・葦草線","next":120.0,"stops":[18212,18559]},{"enabled":true,"first":480,"id":5,"interval":150.0,"last":1380,"name":"葦草第3地区・葦草第2地区線","next":150.0,"stops":[18212,18574]},{"enabled":true,"first":480,"id":6,"interval":210.0,"last":1380,"name":"葦草第3地区・秋神線","next":210.0,"stops":[18212,18602]},{"enabled":true,"first":480,"id":7,"interval":990.0,"last":1380,"name":"葦草第2地区・玉寺線","next":1440.0,"stops":[18574,18654]}],"message":"","stations":[{"id":17680,"name":"汐淵","position":[62375.3515625,52.0,53503.86328125]},{"id":17681,"name":"鵜池","position":[58668.0078125,43.0,52852.76953125]},{"id":17743,"name":"常宮","position":[48529.0546875,69.5,30835.60546875]},{"id":18160,"name":"網瀬洗","position":[45508.171875,48.5,30061.234375]},{"id":18212,"name":"葦草第3地区","position":[24688.427734375,52.0,22959.96875]},{"id":18559,"name":"葦草","position":[24090.08984375,57.0,23697.6875]},{"id":18574,"name":"葦草第2地区","position":[23546.435546875,44.5,24367.982421875]},{"id":18602,"name":"秋神","position":[23495.00390625,64.0,19984.44140625]},{"id":18654,"name":"玉寺","position":[16738.02734375,50.0,43665.12890625]}],"trains":[]},"renderMs":1747.365,"selectionId":-1,"selectionKind":0,"signalsMs":0.546,"sound":{"enginePitch":1.0,"enginePlaying":false,"events":0,"outputPeak":0.0,"volume":0.6},"textInput":false,"timeSpeed":0,"townLabels":[],"traffic":{"accessPoints":20526,"cars":0,"completed":0,"localCars":0,"localTarget":0,"routeFailures":0,"spawned":0,"stopped":0,"updateMs":0.0},"zone":2,"zoneBrush":1,"zoneCells":[{"angle":0.0,"building":0,"builtAt":0.0,"edge":-1,"offsetX":0.0,"offsetZ":0.0,"x":24120.0,"z":23640.0,"zone":4},{"angle":0.0,"building":0,"builtAt":0.0,"edge":-1,"offsetX":0.0,"offsetZ":0.0,"x":24136.0,"z":23640.0,"zone":4},{"angle":0.0,"building":0,"builtAt":0.0,"edge":-1,"offsetX":0.0,"offsetZ":0.0,"x":24152.0,"z":23640.0,"zone":4},{"angle":0.0,"building":0,"builtAt":0.0,"edge":-1,"offsetX":0.0,"offsetZ":0.0,"x":24168.0,"z":23640.0,"zone":4},{"angle":0.0,"building":0,"builtAt":0.0,"edge":-1,"offsetX":0.0,"offsetZ":0.0,"x":24184.0,"z":23640.0,"zone":4},{"angle":0.0,"building":0,"builtAt":0.0,"edge":-1,"offsetX":0.0,"offsetZ":0.0,"x":24200.0,"z":23640.0,"zone":4},{"angle":0.6814513206481934,"building":3,"builtAt":0.0,"edge":13314,"offsetX":-6.154786109924316,"offsetZ":2.631944417953491,"x":24216.0,"z":23640.0,"zone":4},{"angle":-2.460141897201538,"building":5,"builtAt":0.0,"edge":13314,"offsetX":1.7993888854980469,"offsetZ":-6.4174346923828125,"x":24232.0,"z":23640.0,"zone":4},{"angle":-2.4601361751556396,"building":2,"builtAt":0.0,"edge":13314,"offsetX":-4.6434125900268555,"offsetZ":2.282050371170044,"x":24248.0,"z":23640.0,"zone":3},{"angle":2.252218246459961,"building":2,"builtAt":0.0,"edge":12908,"offsetX":-0.9941437244415283,"offsetZ":-0.4055778384208679,"x":24264.0,"z":23640.0,"zone":3},{"angle":-0.8893780708312988,"building":22,"builtAt":0.0,"edge":12908,"offsetX":7.369665145874023,"offsetZ":2.3371095657348633,"x":24280.0,"z":23640.0,"zone":3},{"angle":-0.889374315738678,"building":1,"builtAt":0.0,"edge":12908,"offsetX":7.7662787437438965,"offsetZ":-1.3832064867019653,"x":24296.0,"z":23640.0,"zone":3},{"angle":0.6814509630203247,"building":22,"builtAt":0.0,"edge":13331,"offsetX":6.718299388885498,"offsetZ":-6.901330947875977,"x":24312.0,"z":23640.0,"zone":3},{"angle":0.681452214717865,"building":22,"builtAt":0.0,"edge":13331,"offsetX":4.242094039916992,"offsetZ":4.104255676269531,"x":24328.0,"z":23640.0,"zone":3},{"angle":0.0,"building":0,"builtAt":0.0,"edge":-1,"offsetX":0.0,"offsetZ":0.0,"x":24344.0,"z":23640.0,"zone":3},{"angle":0.0,"building":0,"builtAt":0.0,"edge":-1,"offsetX":0.0,"offsetZ":0.0,"x":24360.0,"z":23640.0,"zone":3},{"angle":-2.4601478576660156,"building":1,"builtAt":0.0,"edge":13332,"offsetX":4.05752420425415,"offsetZ":3.6997785568237305,"x":24376.0,"z":23640.0,"zone":3},{"angle":0.0,"building":0,"builtAt":0.0,"edge":-1,"offsetX":0.0,"offsetZ":0.0,"x":24120.0,"z":23656.0,"zone":4},{"angle":0.0,"building":0,"builtAt":0.0,"edge":-1,"offsetX":0.0,"offsetZ":0.0,"x":24136.0,"z":23656.0,"zone":4},{"angle":0.0,"building":0,"builtAt":0.0,"edge":-1,"offsetX":0.0,"offsetZ":0.0,"x":24152.0,"z":23656.0,"zone":4},{"angle":0.0,"building":0,"builtAt":0.0,"edge":-1,"offsetX":0.0,"offsetZ":0.0,"x":24168.0,"z":23656.0,"zone":4},{"angle":0.0,"building":0,"builtAt":0.0,"edge":-1,"offsetX":0.0,"offsetZ":0.0,"x":24184.0,"z":23656.0,"zone":4},{"angle":0.0,"building":0,"builtAt":0.0,"edge":-1,"offsetX":0.0,"offsetZ":0.0,"x":24200.0,"z":23656.0,"zone":4},{"angle":0.0,"building":0,"builtAt":0.0,"edge":-1,"offsetX":0.0,"offsetZ":0.0,"x":24216.0,"z":23656.0,"zone":4},{"angle":0.6814565062522888,"building":6,"builtAt":0.0,"edge":13314,"offsetX":-2.1279075145721436,"offsetZ":2.9075474739074707,"x":24232.0,"z":23656.0,"zone":4},{"angle":-2.4601240158081055,"building":1,"builtAt":0.0,"edge":13314,"offsetX":4.912959575653076,"offsetZ":-5.019773960113525,"x":24248.0,"z":23656.0,"zone":3},{"angle":-0.889363169670105,"building":22,"builtAt":0.0,"edge":12908,"offsetX":6.674422264099121,"offsetZ":6.832186698913574,"x":24264.0,"z":23656.0,"zone":3},{"angle":-0.889374315738678,"building":1,"builtAt":0.0,"edge":12908,"offsetX":-2.0070576667785645,"offsetZ":-4.250811576843262,"x":24280.0,"z":23656.0,"zone":3},{"angle":-0.8893780708312988,"building":2,"builtAt":0.0,"edge":12908,"offsetX":0.8451632261276245,"offsetZ":-5.978168964385986,"x":24296.0,"z":23656.0,"zone":3},{"angle":2.2522571086883545,"building":2,"builtAt":0.0,"edge":12932,"offsetX":-5.701452255249023,"offsetZ":1.687943935394287,"x":24312.0,"z":23656.0,"zone":3},{"angle":0.0,"building":0,"builtAt":0.0,"edge":-1,"offsetX":0.0,"offsetZ":0.0,"x":24328.0,"z":23656.0,"zone":3},{"angle":0.0,"building":0,"builtAt":0.0,"edge":-1,"offsetX":0.0,"offsetZ":0.0,"x":24344.0,"z":23656.0,"zone":3},{"angle":0.0,"building":0,"builtAt":0.0,"edge":-1,"offsetX":0.0,"offsetZ":0.0,"x":24360.0,"z":23656.0,"zone":3},{"angle":-2.4601478576660156,"building":1,"builtAt":0.0,"edge":13332,"offsetX":-2.367616653442383,"offsetZ":-4.378254413604736,"x":24376.0,"z":23656.0,"zone":3},{"angle":0.0,"building":0,"builtAt":0.0,"edge":-1,"offsetX":0.0,"offsetZ":0.0,"x":24120.0,"z":23672.0,"zone":0},{"angle":0.0,"building":0,"builtAt":0.0,"edge":-1,"offsetX":0.0,"offsetZ":0.0,"x":24136.0,"z":23672.0,"zone":4},{"angle":0.0,"building":0,"builtAt":0.0,"edge":-1,"offsetX":0.0,"offsetZ":0.0,"x":24152.0,"z":23672.0,"zone":4},{"angle":0.0,"building":0,"builtAt":0.0,"edge":-1,"offsetX":0.0,"offsetZ":0.0,"x":24168.0,"z":23672.0,"zone":4},{"angle":0.0,"building":0,"builtAt":0.0,"edge":-1,"offsetX":0.0,"offsetZ":0.0,"x":24184.0,"z":23672.0,"zone":4},{"angle":0.0,"building":0,"builtAt":0.0,"edge":-1,"offsetX":0.0,"offsetZ":0.0,"x":24200.0,"z":23672.0,"zone":4},{"angle":0.0,"building":0,"builtAt":0.0,"edge":-1,"offsetX":0.0,"offsetZ":0.0,"x":24216.0,"z":23672.0,"zone":4},{"angle":0.0,"building":0,"builtAt":0.0,"edge":-1,"offsetX":0.0,"offsetZ":0.0,"x":24232.0,"z":23672.0,"zone":4},{"angle":0.0,"building":0,"builtAt":0.0,"edge":-1,"offsetX":0.0,"offsetZ":0.0,"x":24248.0,"z":23672.0,"zone":4},{"angle":0.6814480423927307,"building":2,"builtAt":0.0,"edge":13315,"offsetX":-6.2546539306640625,"offsetZ":7.643273830413818,"x":24264.0,"z":23672.0,"zone":3},{"angle":-2.460141897201538,"building":2,"builtAt":0.0,"edge":13315,"offsetX":4.364665508270264,"offsetZ":3.4552180767059326,"x":24280.0,"z":23672.0,"zone":3},{"angle":-2.460141897201538,"building":2,"builtAt":0.0,"edge":13315,"offsetX":-4.265265464782715,"offsetZ":-5.631700038909912,"x":24296.0,"z":23672.0,"zone":3},{"angle":2.2522571086883545,"building":22,"builtAt":0.0,"edge":12932,"offsetX":3.77371883392334,"offsetZ":-6.626931667327881,"x":24312.0,"z":23672.0,"zone":3},{"angle":0.0,"building":0,"builtAt":0.0,"edge":-1,"offsetX":0.0,"offsetZ":0.0,"x":24328.0,"z":23672.0,"zone":3},{"angle":0.0,"building":0,"builtAt":0.0,"edge":-1,"offsetX":0.0,"offsetZ":0.0,"x":24344.0,"z":23672.0,"zone":3},{"angle":-0.8893195986747742,"building":2,"builtAt":0.0,"edge":12932,"offsetX":-4.963898181915283,"offsetZ":0.13080857694149017,"x":24360.0,"z":23672.0,"zone":3},{"angle":0.6814391613006592,"building":5,"builtAt":0.0,"edge":13332,"offsetX":-2.5466763973236084,"offsetZ":5.799123764038086,"x":24376.0,"z":23672.0,"zone":3},{"angle":0.0,"building":0,"builtAt":0.0,"edge":-1,"offsetX":0.0,"offsetZ":0.0,"x":24120.0,"z":23688.0,"zone":0},{"angle":0.0,"building":0,"builtAt":0.0,"edge":-1,"offsetX":0.0,"offsetZ":0.0,"x":24136.0,"z":23688.0,"zone":0},{"angle":0.0,"building":0,"builtAt":0.0,"edge":-1,"offsetX":0.0,"offsetZ":0.0,"x":24152.0,"z":23688.0,"zone":4},{"angle":-2.46014142036438,"building":4,"builtAt":0.0,"edge":13297,"offsetX":4.891820430755615,"offsetZ":0.837200939655304,"x":24168.0,"z":23688.0,"zone":4},{"angle":0.0,"building":0,"builtAt":0.0,"edge":-1,"offsetX":0.0,"offsetZ":0.0,"x":24184.0,"z":23688.0,"zone":4},{"angle":0.0,"building":0,"builtAt":0.0,"edge":-1,"offsetX":0.0,"offsetZ":0.0,"x":24200.0,"z":23688.0,"zone":4},{"angle":0.0,"building":0,"builtAt":0.0,"edge":-1,"offsetX":0.0,"offsetZ":0.0,"x":24216.0,"z":23688.0,"zone":4},{"angle":2.252243757247925,"building":3,"builtAt":0.0,"edge":13917,"offsetX":-5.8597493171691895,"offsetZ":-5.189786434173584,"x":24232.0,"z":23688.0,"zone":4},{"angle":0.0,"building":0,"builtAt":0.0,"edge":-1,"offsetX":0.0,"offsetZ":0.0,"x":24248.0,"z":23688.0,"zone":4},{"angle":0.6814508438110352,"building":1,"builtAt":0.0,"edge":13315,"offsetX":8.208112716674805,"offsetZ":2.4436228275299072,"x":24264.0,"z":23688.0,"zone":3},{"angle":0.0,"building":0,"builtAt":0.0,"edge":-1,"offsetX":0.0,"offsetZ":0.0,"x":24280.0,"z":23688.0,"zone":3},{"angle":-2.4601430892944336,"building":22,"builtAt":0.0,"edge":13315,"offsetX":2.7603113651275635,"offsetZ":-1.6592469215393066,"x":24296.0,"z":23688.0,"zone":3},{"angle":0.0,"building":0,"builtAt":0.0,"edge":-1,"offsetX":0.0,"offsetZ":0.0,"x":24312.0,"z":23688.0,"zone":3},{"angle":0.0,"building":0,"builtAt":0.0,"edge":-1,"offsetX":0.0,"offsetZ":0.0,"x":24328.0,"z":23688.0,"zone":3},{"angle":-0.889335572719574,"building":5,"builtAt":0.0,"edge":12932,"offsetX":-0.674935519695282,"offsetZ":-0.28057900071144104,"x":24344.0,"z":23688.0,"zone":3},{"angle":0.0,"building":0,"builtAt":0.0,"edge":-1,"offsetX":0.0,"offsetZ":0.0,"x":24360.0,"z":23688.0,"zone":3},{"angle":0.0,"building":0,"builtAt":0.0,"edge":-1,"offsetX":0.0,"offsetZ":0.0,"x":24376.0,"z":23688.0,"zone":3},{"angle":0.0,"building":0,"builtAt":0.0,"edge":-1,"offsetX":0.0,"offsetZ":0.0,"x":24120.0,"z":23704.0,"zone":0},{"angle":0.0,"building":0,"builtAt":0.0,"edge":-1,"offsetX":0.0,"offsetZ":0.0,"x":24136.0,"z":23704.0,"zone":4},{"angle":0.6814571022987366,"building":5,"builtAt":0.0,"edge":13297,"offsetX":-6.4882965087890625,"offsetZ":-0.3709557354450226,"x":24152.0,"z":23704.0,"zone":4},{"angle":0.0,"building":0,"builtAt":0.0,"edge":-1,"offsetX":0.0,"offsetZ":0.0,"x":24168.0,"z":23704.0,"zone":4},{"angle":0.0,"building":0,"builtAt":0.0,"edge":-1,"offsetX":0.0,"offsetZ":0.0,"x":24184.0,"z":23704.0,"zone":4},{"angle":0.0,"building":0,"builtAt":0.0,"edge":-1,"offsetX":0.0,"offsetZ":0.0,"x":24200.0,"z":23704.0,"zone":4},{"angle":2.2522826194763184,"building":5,"builtAt":0.0,"edge":13916,"offsetX":-2.0932695865631104,"offsetZ":-4.877505779266357,"x":24216.0,"z":23704.0,"zone":4},{"angle":0.68142169713974,"building":5,"builtAt":0.0,"edge":13920,"offsetX":-1.6337822675704956,"offsetZ":8.301788330078125,"x":24232.0,"z":23704.0,"zone":4},{"angle":-2.4601709842681885,"building":5,"builtAt":0.0,"edge":13920,"offsetX":-5.114377021789551,"offsetZ":-7.134913921356201,"x":24248.0,"z":23704.0,"zone":4},{"angle":-2.4601423740386963,"building":1,"builtAt":0.0,"edge":13920,"offsetX":-7.655180931091309,"offsetZ":5.672732830047607,"x":24264.0,"z":23704.0,"zone":3},{"angle":2.252223491668701,"building":1,"builtAt":0.0,"edge":13919,"offsetX":-0.2726516127586365,"offsetZ":8.086469650268555,"x":24280.0,"z":23704.0,"zone":3},{"angle":0.0,"building":0,"builtAt":0.0,"edge":-1,"offsetX":0.0,"offsetZ":0.0,"x":24296.0,"z":23704.0,"zone":3},{"angle":0.0,"building":0,"builtAt":0.0,"edge":-1,"offsetX":0.0,"offsetZ":0.0,"x":24312.0,"z":23704.0,"zone":3},{"angle":-0.8893449306488037,"building":2,"builtAt":0.0,"edge":12932,"offsetX":2.4476985931396484,"offsetZ":-1.634270429611206,"x":24328.0,"z":23704.0,"zone":3},{"angle":-2.4601356983184814,"building":22,"builtAt":0.0,"edge":13316,"offsetX":3.7056233882904053,"offsetZ":5.545018196105957,"x":24344.0,"z":23704.0,"zone":3},{"angle":-2.4601356983184814,"building":22,"builtAt":0.0,"edge":13316,"offsetX":-4.294325828552246,"offsetZ":-4.318510055541992,"x":24360.0,"z":23704.0,"zone":3},{"angle":2.252216100692749,"building":1,"builtAt":0.0,"edge":12956,"offsetX":0.7638989686965942,"offsetZ":-0.11521328240633011,"x":24376.0,"z":23704.0,"zone":3},{"angle":0.0,"building":0,"builtAt":0.0,"edge":-1,"offsetX":0.0,"offsetZ":0.0,"x":24120.0,"z":23720.0,"zone":4},{"angle":0.0,"building":0,"builtAt":0.0,"edge":-1,"offsetX":0.0,"offsetZ":0.0,"x":24136.0,"z":23720.0,"zone":4},{"angle":0.0,"building":0,"builtAt":0.0,"edge":-1,"offsetX":0.0,"offsetZ":0.0,"x":24152.0,"z":23720.0,"zone":4},{"angle":0.6814506649971008,"building":3,"builtAt":0.0,"edge":13297,"offsetX":-4.416891098022461,"offsetZ":-0.7193522453308105,"x":24168.0,"z":23720.0,"zone":4},{"angle":0.0,"building":0,"builtAt":0.0,"edge":-1,"offsetX":0.0,"offsetZ":0.0,"x":24184.0,"z":23720.0,"zone":4},{"angle":-2.4601268768310547,"building":5,"builtAt":0.0,"edge":13297,"offsetX":0.282716304063797,"offsetZ":-8.037588119506836,"x":24200.0,"z":23720.0,"zone":4},{"angle":0.0,"building":0,"builtAt":0.0,"edge":-1,"offsetX":0.0,"offsetZ":0.0,"x":24216.0,"z":23720.0,"zone":4},{"angle":0.0,"building":0,"builtAt":0.0,"edge":-1,"offsetX":0.0,"offsetZ":0.0,"x":24232.0,"z":23720.0,"zone":4},{"angle":0.6814502477645874,"building":6,"builtAt":0.0,"edge":13920,"offsetX":-3.741553783416748,"offsetZ":4.574628829956055,"x":24248.0,"z":23720.0,"zone":4},{"angle":-2.460155487060547,"building":2,"builtAt":0.0,"edge":13920,"offsetX":7.2204813957214355,"offsetZ":0.7308982014656067,"x":24264.0,"z":23720.0,"zone":3},{"angle":0.0,"building":0,"builtAt":0.0,"edge":-1,"offsetX":0.0,"offsetZ":0.0,"x":24280.0,"z":23720.0,"zone":3},{"angle":0.0,"building":0,"builtAt":0.0,"edge":-1,"offsetX":0.0,"offsetZ":0.0,"x":24296.0,"z":23720.0,"zone":3},{"angle":0.0,"building":0,"builtAt":0.0,"edge":-1,"offsetX":0.0,"offsetZ":0.0,"x":24312.0,"z":23720.0,"zone":3},{"angle":0.0,"building":0,"builtAt":0.0,"edge":-1,"offsetX":0.0,"offsetZ":0.0,"x":24328.0,"z":23720.0,"zone":3},{"angle":-2.4601356983184814,"building":22,"builtAt":0.0,"edge":13316,"offsetX":-4.294427394866943,"offsetZ":-0.5914531350135803,"x":24344.0,"z":23720.0,"zone":3},{"angle":2.252216100692749,"building":1,"builtAt":0.0,"edge":12956,"offsetX":6.057580947875977,"offsetZ":-2.8847968578338623,"x":24360.0,"z":23720.0,"zone":3},{"angle":0.0,"building":0,"builtAt":0.0,"edge":-1,"offsetX":0.0,"offsetZ":0.0,"x":24376.0,"z":23720.0,"zone":3},{"angle":0.0,"building":0,"builtAt":0.0,"edge":-1,"offsetX":0.0,"offsetZ":0.0,"x":24120.0,"z":23736.0,"zone":4},{"angle":0.6814290881156921,"building":3,"builtAt":0.0,"edge":13867,"offsetX":-7.418963432312012,"offsetZ":6.49083137512207,"x":24136.0,"z":23736.0,"zone":4},{"angle":-2.460156202316284,"building":5,"builtAt":0.0,"edge":13867,"offsetX":-0.24348965287208557,"offsetZ":-0.9351714253425598,"x":24152.0,"z":23736.0,"zone":4},{"angle":-2.4601457118988037,"building":3,"builtAt":0.0,"edge":13867,"offsetX":-5.414515495300293,"offsetZ":6.8617167472839355,"x":24168.0,"z":23736.0,"zone":4},{"angle":0.6814658045768738,"building":4,"builtAt":0.0,"edge":13297,"offsetX":-1.8803954124450684,"offsetZ":-1.6440891027450562,"x":24184.0,"z":23736.0,"zone":4},{"angle":0.0,"building":0,"builtAt":0.0,"edge":-1,"offsetX":0.0,"offsetZ":0.0,"x":24200.0,"z":23736.0,"zone":4},{"angle":-2.46014404296875,"building":5,"builtAt":0.0,"edge":13298,"offsetX":5.145206928253174,"offsetZ":-7.172271251678467,"x":24216.0,"z":23736.0,"zone":4},{"angle":-2.460141658782959,"building":3,"builtAt":0.0,"edge":13298,"offsetX":2.513239860534668,"offsetZ":2.6676149368286133,"x":24232.0,"z":23736.0,"zone":4},{"angle":0.0,"building":0,"builtAt":0.0,"edge":-1,"offsetX":0.0,"offsetZ":0.0,"x":24248.0,"z":23736.0,"zone":4},{"angle":0.6814371943473816,"building":2,"builtAt":0.0,"edge":13920,"offsetX":-4.435117721557617,"offsetZ":-0.8979468941688538,"x":24264.0,"z":23736.0,"zone":3},{"angle":0.0,"building":0,"builtAt":0.0,"edge":-1,"offsetX":0.0,"offsetZ":0.0,"x":24280.0,"z":23736.0,"zone":3},{"angle":-2.460118055343628,"building":1,"builtAt":0.0,"edge":13968,"offsetX":2.240954875946045,"offsetZ":7.524169921875,"x":24296.0,"z":23736.0,"zone":3},{"angle":-0.8893690705299377,"building":22,"builtAt":0.0,"edge":13919,"offsetX":-6.009950160980225,"offsetZ":-2.6138317584991455,"x":24312.0,"z":23736.0,"zone":3},{"angle":0.6814569234848022,"building":12,"builtAt":0.0,"edge":13316,"offsetX":-2.771904945373535,"offsetZ":1.2583122253417969,"x":24328.0,"z":23736.0,"zone":4},{"angle":0.0,"building":0,"builtAt":0.0,"edge":-1,"offsetX":0.0,"offsetZ":0.0,"x":24344.0,"z":23736.0,"zone":3},{"angle":2.2522284984588623,"building":1,"builtAt":0.0,"edge":12956,"offsetX":-4.647260665893555,"offsetZ":-5.656870365142822,"x":24360.0,"z":23736.0,"zone":3},{"angle":-0.8893765211105347,"building":22,"builtAt":0.0,"edge":12956,"offsetX":5.840118408203125,"offsetZ":-6.084964275360107,"x":24376.0,"z":23736.0,"zone":3},{"angle":-2.460148811340332,"building":3,"builtAt":0.0,"edge":13279,"offsetX":-3.748384475708008,"offsetZ":6.22449254989624,"x":24120.0,"z":23752.0,"zone":4},{"angle":0.6814364790916443,"building":5,"builtAt":0.0,"edge":13867,"offsetX":3.3919272422790527,"offsetZ":-1.689828634262085,"x":24136.0,"z":23752.0,"zone":4},{"angle":0.0,"building":0,"builtAt":0.0,"edge":-1,"offsetX":0.0,"offsetZ":0.0,"x":24152.0,"z":23752.0,"zone":4},{"angle":0.0,"building":0,"builtAt":0.0,"edge":-1,"offsetX":0.0,"offsetZ":0.0,"x":24168.0,"z":23752.0,"zone":4},{"angle":0.0,"building":0,"builtAt":0.0,"edge":-1,"offsetX":0.0,"offsetZ":0.0,"x":24184.0,"z":23752.0,"zone":4},{"angle":0.6814486980438232,"building":3,"builtAt":0.0,"edge":13298,"offsetX":2.9281845092773438,"offsetZ":-0.7115193605422974,"x":24200.0,"z":23752.0,"zone":4},{"angle":0.0,"building":0,"builtAt":0.0,"edge":-1,"offsetX":0.0,"offsetZ":0.0,"x":24216.0,"z":23752.0,"zone":4},{"angle":0.0,"building":0,"builtAt":0.0,"edge":-1,"offsetX":0.0,"offsetZ":0.0,"x":24232.0,"z":23752.0,"zone":4},{"angle":-2.4601430892944336,"building":1,"builtAt":0.0,"edge":13298,"offsetX":-2.0073299407958984,"offsetZ":-1.1659783124923706,"x":24248.0,"z":23752.0,"zone":3},{"angle":0.0,"building":0,"builtAt":0.0,"edge":-1,"offsetX":0.0,"offsetZ":0.0,"x":24264.0,"z":23752.0,"zone":3},{"angle":0.0,"building":0,"builtAt":0.0,"edge":-1,"offsetX":0.0,"offsetZ":0.0,"x":24280.0,"z":23752.0,"zone":3},{"angle":0.0,"building":0,"builtAt":0.0,"edge":-1,"offsetX":0.0,"offsetZ":0.0,"x":24296.0,"z":23752.0,"zone":3},{"angle":-2.460118055343628,"building":3,"builtAt":0.0,"edge":13968,"offsetX":1.0539374351501465,"offsetZ":0.6009067893028259,"x":24312.0,"z":23752.0,"zone":3},{"angle":0.0,"building":0,"builtAt":0.0,"edge":-1,"offsetX":0.0,"offsetZ":0.0,"x":24328.0,"z":23752.0,"zone":3},{"angle":2.252286911010742,"building":2,"builtAt":0.0,"edge":13967,"offsetX":-4.31481409072876,"offsetZ":-3.4959464073181152,"x":24344.0,"z":23752.0,"zone":3},{"angle":0.0,"building":0,"builtAt":0.0,"edge":-1,"offsetX":0.0,"offsetZ":0.0,"x":24360.0,"z":23752.0,"zone":3},{"angle":0.0,"building":0,"builtAt":0.0,"edge":-1,"offsetX":0.0,"offsetZ":0.0,"x":24376.0,"z":23752.0,"zone":3},{"angle":0.0,"building":0,"builtAt":0.0,"edge":-1,"offsetX":0.0,"offsetZ":0.0,"x":24120.0,"z":23768.0,"zone":4},{"angle":-2.4601643085479736,"building":3,"builtAt":0.0,"edge":13279,"offsetX":-0.5097224712371826,"offsetZ":5.789901256561279,"x":24136.0,"z":23768.0,"zone":4},{"angle":2.252201795578003,"building":5,"builtAt":0.0,"edge":13865,"offsetX":7.266538143157959,"offsetZ":-1.437010645866394,"x":24152.0,"z":23768.0,"zone":4},{"angle":0.0,"building":0,"builtAt":0.0,"edge":-1,"offsetX":0.0,"offsetZ":0.0,"x":24168.0,"z":23768.0,"zone":4},{"angle":0.0,"building":0,"builtAt":0.0,"edge":-1,"offsetX":0.0,"offsetZ":0.0,"x":24184.0,"z":23768.0,"zone":4},{"angle":-2.460141181945801,"building":6,"builtAt":0.0,"edge":13915,"offsetX":-1.9083888530731201,"offsetZ":3.5614821910858154,"x":24200.0,"z":23768.0,"zone":4},{"angle":0.6814509034156799,"building":3,"builtAt":0.0,"edge":13298,"offsetX":-0.21406996250152588,"offsetZ":-6.242576599121094,"x":24216.0,"z":23768.0,"zone":4},{"angle":0.6814495921134949,"building":5,"builtAt":0.0,"edge":13298,"offsetX":-2.8850762844085693,"offsetZ":3.6434693336486816,"x":24232.0,"z":23768.0,"zone":4},{"angle":0.0,"building":0,"builtAt":0.0,"edge":-1,"offsetX":0.0,"offsetZ":0.0,"x":24248.0,"z":23768.0,"zone":3},{"angle":0.0,"building":0,"builtAt":0.0,"edge":-1,"offsetX":0.0,"offsetZ":0.0,"x":24264.0,"z":23768.0,"zone":3},{"angle":-0.8893424272537231,"building":2,"builtAt":0.0,"edge":13918,"offsetX":-1.1172178983688354,"offsetZ":-2.1888198852539063,"x":24280.0,"z":23768.0,"zone":3},{"angle":0.6814746260643005,"building":22,"builtAt":0.0,"edge":13968,"offsetX":3.9526541233062744,"offsetZ":0.7533313035964966,"x":24296.0,"z":23768.0,"zone":3},{"angle":0.0,"building":0,"builtAt":0.0,"edge":-1,"offsetX":0.0,"offsetZ":0.0,"x":24312.0,"z":23768.0,"zone":3},{"angle":2.2522470951080322,"building":22,"builtAt":0.0,"edge":13967,"offsetX":-0.984815239906311,"offsetZ":-4.811115741729736,"x":24328.0,"z":23768.0,"zone":3},{"angle":0.0,"building":0,"builtAt":0.0,"edge":-1,"offsetX":0.0,"offsetZ":0.0,"x":24344.0,"z":23768.0,"zone":3},{"angle":-0.889305830001831,"building":2,"builtAt":0.0,"edge":13967,"offsetX":-4.502233505249023,"offsetZ":-6.669894695281982,"x":24360.0,"z":23768.0,"zone":3},{"angle":0.0,"building":0,"builtAt":0.0,"edge":-1,"offsetX":0.0,"offsetZ":0.0,"x":24376.0,"z":23768.0,"zone":3},{"angle":0.0,"building":0,"builtAt":0.0,"edge":-1,"offsetX":0.0,"offsetZ":0.0,"x":24120.0,"z":23784.0,"zone":4},{"angle":0.0,"building":0,"builtAt":0.0,"edge":-1,"offsetX":0.0,"offsetZ":0.0,"x":24136.0,"z":23784.0,"zone":4},{"angle":0.0,"building":0,"builtAt":0.0,"edge":-1,"offsetX":0.0,"offsetZ":0.0,"x":24152.0,"z":23784.0,"zone":4},{"angle":0.0,"building":0,"builtAt":0.0,"edge":-1,"offsetX":0.0,"offsetZ":0.0,"x":24168.0,"z":23784.0,"zone":4},{"angle":0.6814515590667725,"building":3,"builtAt":0.0,"edge":13915,"offsetX":0.6662012934684753,"offsetZ":4.1142988204956055,"x":24184.0,"z":23784.0,"zone":4},{"angle":0.0,"building":0,"builtAt":0.0,"edge":-1,"offsetX":0.0,"offsetZ":0.0,"x":24200.0,"z":23784.0,"zone":4},{"angle":-2.4601402282714844,"building":5,"builtAt":0.0,"edge":13915,"offsetX":1.0855140686035156,"offsetZ":3.8696911334991455,"x":24216.0,"z":23784.0,"zone":4},{"angle":0.0,"building":0,"builtAt":0.0,"edge":-1,"offsetX":0.0,"offsetZ":0.0,"x":24232.0,"z":23784.0,"zone":3},{"angle":0.0,"building":0,"builtAt":0.0,"edge":-1,"offsetX":0.0,"offsetZ":0.0,"x":24248.0,"z":23784.0,"zone":3},{"angle":0.0,"building":0,"builtAt":0.0,"edge":-1,"offsetX":0.0,"offsetZ":0.0,"x":24264.0,"z":23784.0,"zone":3},{"angle":-2.460134506225586,"building":22,"builtAt":0.0,"edge":13299,"offsetX":7.200653076171875,"offsetZ":-1.6011860370635986,"x":24280.0,"z":23784.0,"zone":3},{"angle":0.0,"building":0,"builtAt":0.0,"edge":-1,"offsetX":0.0,"offsetZ":0.0,"x":24296.0,"z":23784.0,"zone":3},{"angle":2.2522799968719482,"building":1,"builtAt":0.0,"edge":13966,"offsetX":1.7720768451690674,"offsetZ":-2.303173542022705,"x":24312.0,"z":23784.0,"zone":3},{"angle":0.0,"building":0,"builtAt":0.0,"edge":-1,"offsetX":0.0,"offsetZ":0.0,"x":24328.0,"z":23784.0,"zone":3},{"angle":-0.8893455266952515,"building":22,"builtAt":0.0,"edge":13967,"offsetX":-0.24460305273532867,"offsetZ":-7.233736991882324,"x":24344.0,"z":23784.0,"zone":3},{"angle":-0.8893455266952515,"building":2,"builtAt":0.0,"edge":13967,"offsetX":-6.769355297088623,"offsetZ":0.45129290223121643,"x":24360.0,"z":23784.0,"zone":3},{"angle":0.0,"building":0,"builtAt":0.0,"edge":-1,"offsetX":0.0,"offsetZ":0.0,"x":24376.0,"z":23784.0,"zone":3},{"angle":0.0,"building":0,"builtAt":0.0,"edge":-1,"offsetX":0.0,"offsetZ":0.0,"x":24120.0,"z":23800.0,"zone":4},{"angle":0.6814245581626892,"building":6,"builtAt":0.0,"edge":13279,"offsetX":-8.263826370239258,"offsetZ":2.9965758323669434,"x":24136.0,"z":23800.0,"zone":4},{"angle":0.0,"building":0,"builtAt":0.0,"edge":-1,"offsetX":0.0,"offsetZ":0.0,"x":24152.0,"z":23800.0,"zone":4},{"angle":-2.460118055343628,"building":5,"builtAt":0.0,"edge":13280,"offsetX":-4.052587032318115,"offsetZ":-2.238645076751709,"x":24168.0,"z":23800.0,"zone":4},{"angle":0.0,"building":0,"builtAt":0.0,"edge":-1,"offsetX":0.0,"offsetZ":0.0,"x":24184.0,"z":23800.0,"zone":4},{"angle":0.0,"building":0,"builtAt":0.0,"edge":-1,"offsetX":0.0,"offsetZ":0.0,"x":24200.0,"z":23800.0,"zone":4},{"angle":0.0,"building":0,"builtAt":0.0,"edge":-1,"offsetX":0.0,"offsetZ":0.0,"x":24216.0,"z":23800.0,"zone":4},{"angle":0.0,"building":0,"builtAt":0.0,"edge":-1,"offsetX":0.0,"offsetZ":0.0,"x":24232.0,"z":23800.0,"zone":3},{"angle":-0.8893441557884216,"building":1,"builtAt":0.0,"edge":13914,"offsetX":2.38733172416687,"offsetZ":-0.28208062052726746,"x":24248.0,"z":23800.0,"zone":3},{"angle":0.681458055973053,"building":22,"builtAt":0.0,"edge":13299,"offsetX":5.44960880279541,"offsetZ":4.2846174240112305,"x":24264.0,"z":23800.0,"zone":3},{"angle":0.0,"building":0,"builtAt":0.0,"edge":-1,"offsetX":0.0,"offsetZ":0.0,"x":24280.0,"z":23800.0,"zone":3},{"angle":-2.4601528644561768,"building":2,"builtAt":0.0,"edge":13299,"offsetX":2.685356378555298,"offsetZ":-7.56892204284668,"x":24296.0,"z":23800.0,"zone":3},{"angle":-0.8893820643424988,"building":2,"builtAt":0.0,"edge":13966,"offsetX":6.448911666870117,"offsetZ":6.947901248931885,"x":24312.0,"z":23800.0,"zone":3},{"angle":-0.8893126845359802,"building":1,"builtAt":0.0,"edge":13966,"offsetX":0.3708116114139557,"offsetZ":-6.461874008178711,"x":24328.0,"z":23800.0,"zone":3},{"angle":-0.8893126845359802,"building":2,"builtAt":0.0,"edge":13966,"offsetX":-7.124991416931152,"offsetZ":0.436034619808197,"x":24344.0,"z":23800.0,"zone":3},{"angle":0.0,"building":0,"builtAt":0.0,"edge":-1,"offsetX":0.0,"offsetZ":0.0,"x":24360.0,"z":23800.0,"zone":3},{"angle":2.2522425651550293,"building":22,"builtAt":0.0,"edge":12975,"offsetX":2.1745519638061523,"offsetZ":5.092523574829102,"x":24376.0,"z":23800.0,"zone":3},{"angle":0.0,"building":0,"builtAt":0.0,"edge":-1,"offsetX":0.0,"offsetZ":0.0,"x":24120.0,"z":23816.0,"zone":4},{"angle":0.0,"building":0,"builtAt":0.0,"edge":-1,"offsetX":0.0,"offsetZ":0.0,"x":24136.0,"z":23816.0,"zone":4},{"angle":0.681474506855011,"building":3,"builtAt":0.0,"edge":13280,"offsetX":-5.007899761199951,"offsetZ":2.665374994277954,"x":24152.0,"z":23816.0,"zone":4},{"angle":0.0,"building":0,"builtAt":0.0,"edge":-1,"offsetX":0.0,"offsetZ":0.0,"x":24168.0,"z":23816.0,"zone":4},{"angle":0.0,"building":0,"builtAt":0.0,"edge":-1,"offsetX":0.0,"offsetZ":0.0,"x":24184.0,"z":23816.0,"zone":4},{"angle":2.2522544860839844,"building":5,"builtAt":0.0,"edge":13913,"offsetX":-3.4997942447662354,"offsetZ":-3.5718746185302734,"x":24200.0,"z":23816.0,"zone":4},{"angle":0.0,"building":0,"builtAt":0.0,"edge":-1,"offsetX":0.0,"offsetZ":0.0,"x":24216.0,"z":23816.0,"zone":3},{"angle":0.0,"building":0,"builtAt":0.0,"edge":-1,"offsetX":0.0,"offsetZ":0.0,"x":24232.0,"z":23816.0,"zone":3},{"angle":-2.460146903991699,"building":1,"builtAt":0.0,"edge":13965,"offsetX":-4.702062606811523,"offsetZ":-5.03186559677124,"x":24248.0,"z":23816.0,"zone":3},{"angle":-2.460153579711914,"building":2,"builtAt":0.0,"edge":13965,"offsetX":-6.684779644012451,"offsetZ":5.3215813636779785,"x":24264.0,"z":23816.0,"zone":3},{"angle":0.6814397573471069,"building":2,"builtAt":0.0,"edge":13299,"offsetX":1.6340430974960327,"offsetZ":-2.545053482055664,"x":24280.0,"z":23816.0,"zone":3},{"angle":0.0,"building":0,"builtAt":0.0,"edge":-1,"offsetX":0.0,"offsetZ":0.0,"x":24296.0,"z":23816.0,"zone":3},{"angle":0.0,"building":0,"builtAt":0.0,"edge":-1,"offsetX":0.0,"offsetZ":0.0,"x":24312.0,"z":23816.0,"zone":3},{"angle":0.0,"building":0,"builtAt":0.0,"edge":-1,"offsetX":0.0,"offsetZ":0.0,"x":24328.0,"z":23816.0,"zone":3},{"angle":0.0,"building":0,"builtAt":0.0,"edge":-1,"offsetX":0.0,"offsetZ":0.0,"x":24344.0,"z":23816.0,"zone":3},{"angle":-2.4601523876190186,"building":1,"builtAt":0.0,"edge":13300,"offsetX":-1.480333924293518,"offsetZ":6.839914798736572,"x":24360.0,"z":23816.0,"zone":3},{"angle":0.0,"building":0,"builtAt":0.0,"edge":-1,"offsetX":0.0,"offsetZ":0.0,"x":24376.0,"z":23816.0,"zone":3},{"angle":-0.8893335461616516,"building":6,"builtAt":0.0,"edge":12905,"offsetX":8.369619369506836,"offsetZ":7.637101173400879,"x":24120.0,"z":23832.0,"zone":4},{"angle":-0.8893336653709412,"building":5,"builtAt":0.0,"edge":12905,"offsetX":1.0052577257156372,"offsetZ":-4.226216793060303,"x":24136.0,"z":23832.0,"zone":4},{"angle":0.0,"building":0,"builtAt":0.0,"edge":-1,"offsetX":0.0,"offsetZ":0.0,"x":24152.0,"z":23832.0,"zone":4},{"angle":0.6814512610435486,"building":5,"builtAt":0.0,"edge":13280,"offsetX":-7.015697956085205,"offsetZ":-2.9103903770446777,"x":24168.0,"z":23832.0,"zone":4},{"angle":0.0,"building":0,"builtAt":0.0,"edge":-1,"offsetX":0.0,"offsetZ":0.0,"x":24184.0,"z":23832.0,"zone":3},{"angle":0.0,"building":0,"builtAt":0.0,"edge":-1,"offsetX":0.0,"offsetZ":0.0,"x":24200.0,"z":23832.0,"zone":3},{"angle":-0.8893382549285889,"building":2,"builtAt":0.0,"edge":13913,"offsetX":7.370224475860596,"offsetZ":2.221745729446411,"x":24216.0,"z":23832.0,"zone":3},{"angle":0.6814456582069397,"building":2,"builtAt":0.0,"edge":13965,"offsetX":0.0811879113316536,"offsetZ":-7.202043533325195,"x":24232.0,"z":23832.0,"zone":3},{"angle":0.6814391613006592,"building":22,"builtAt":0.0,"edge":13965,"offsetX":-2.7888317108154297,"offsetZ":4.245611190795898,"x":24248.0,"z":23832.0,"zone":3},{"angle":-2.4601383209228516,"building":2,"builtAt":0.0,"edge":13965,"offsetX":6.860041618347168,"offsetZ":0.25982865691185,"x":24264.0,"z":23832.0,"zone":3},{"angle":0.0,"building":0,"builtAt":0.0,"edge":-1,"offsetX":0.0,"offsetZ":0.0,"x":24280.0,"z":23832.0,"zone":3},{"angle":-0.889312744140625,"building":2,"builtAt":0.0,"edge":13964,"offsetX":3.954041004180908,"offsetZ":-2.263199806213379,"x":24296.0,"z":23832.0,"zone":3},{"angle":0.0,"building":0,"builtAt":0.0,"edge":-1,"offsetX":0.0,"offsetZ":0.0,"x":24312.0,"z":23832.0,"zone":3},{"angle":0.0,"building":0,"builtAt":0.0,"edge":-1,"offsetX":0.0,"offsetZ":0.0,"x":24328.0,"z":23832.0,"zone":3},{"angle":-2.4601523876190186,"building":3,"builtAt":0.0,"edge":13300,"offsetX":6.677258491516113,"offsetZ":0.5094102621078491,"x":24344.0,"z":23832.0,"zone":3},{"angle":0.0,"building":0,"builtAt":0.0,"edge":-1,"offsetX":0.0,"offsetZ":0.0,"x":24360.0,"z":23832.0,"zone":3},{"angle":-0.8893610239028931,"building":1,"builtAt":0.0,"edge":12975,"offsetX":5.940396785736084,"offsetZ":0.885206937789917,"x":24376.0,"z":23832.0,"zone":3},{"angle":-0.8893309235572815,"building":5,"builtAt":0.0,"edge":12905,"offsetX":-1.4291815757751465,"offsetZ":2.5570321083068848,"x":24120.0,"z":23848.0,"zone":4},{"angle":-2.460141658782959,"building":22,"builtAt":0.0,"edge":13263,"offsetX":4.917278289794922,"offsetZ":4.317948818206787,"x":24136.0,"z":23848.0,"zone":4},{"angle":0.0,"building":0,"builtAt":0.0,"edge":-1,"offsetX":0.0,"offsetZ":0.0,"x":24152.0,"z":23848.0,"zone":4},{"angle":2.252253532409668,"building":2,"builtAt":0.0,"edge":12929,"offsetX":3.917691469192505,"offsetZ":-4.106988906860352,"x":24168.0,"z":23848.0,"zone":3},{"angle":0.0,"building":0,"builtAt":0.0,"edge":-1,"offsetX":0.0,"offsetZ":0.0,"x":24184.0,"z":23848.0,"zone":3},{"angle":0.0,"building":0,"builtAt":0.0,"edge":-1,"offsetX":0.0,"offsetZ":0.0,"x":24200.0,"z":23848.0,"zone":3},{"angle":-2.4601595401763916,"building":1,"builtAt":0.0,"edge":13281,"offsetX":1.5349116325378418,"offsetZ":-5.021668910980225,"x":24216.0,"z":23848.0,"zone":3},{"angle":-2.4601502418518066,"building":2,"builtAt":0.0,"edge":13281,"offsetX":-1.4731359481811523,"offsetZ":4.506253242492676,"x":24232.0,"z":23848.0,"zone":3},{"angle":0.0,"building":0,"builtAt":0.0,"edge":-1,"offsetX":0.0,"offsetZ":0.0,"x":24248.0,"z":23848.0,"zone":3},{"angle":2.25219988822937,"building":2,"builtAt":0.0,"edge":13963,"offsetX":-5.5043511390686035,"offsetZ":0.6997568011283875,"x":24264.0,"z":23848.0,"zone":3},{"angle":0.0,"building":0,"builtAt":0.0,"edge":-1,"offsetX":0.0,"offsetZ":0.0,"x":24280.0,"z":23848.0,"zone":3},{"angle":-0.8893073201179504,"building":9,"builtAt":0.0,"edge":13964,"offsetX":-7.772511005401611,"offsetZ":-4.036646366119385,"x":24296.0,"z":23848.0,"zone":3},{"angle":0.6814513802528381,"building":2,"builtAt":0.0,"edge":13300,"offsetX":6.445250511169434,"offsetZ":-4.565215587615967,"x":24312.0,"z":23848.0,"zone":3},{"angle":0.6814402341842651,"building":1,"builtAt":0.0,"edge":13300,"offsetX":4.994560241699219,"offsetZ":6.311740875244141,"x":24328.0,"z":23848.0,"zone":3},{"angle":0.0,"building":0,"builtAt":0.0,"edge":-1,"offsetX":0.0,"offsetZ":0.0,"x":24344.0,"z":23848.0,"zone":3},{"angle":0.0,"building":0,"builtAt":0.0,"edge":-1,"offsetX":0.0,"offsetZ":0.0,"x":24360.0,"z":23848.0,"zone":3},{"angle":-2.460163116455078,"building":1,"builtAt":0.0,"edge":13301,"offsetX":-2.968886137008667,"offsetZ":5.472465991973877,"x":24376.0,"z":23848.0,"zone":3},{"angle":0.0,"building":0,"builtAt":0.0,"edge":-1,"offsetX":0.0,"offsetZ":0.0,"x":24120.0,"z":23864.0,"zone":3},{"angle":-2.460141658782959,"building":22,"builtAt":0.0,"edge":13263,"offsetX":-3.0827133655548096,"offsetZ":-1.8184751272201538,"x":24136.0,"z":23864.0,"zone":3},{"angle":2.252227306365967,"building":1,"builtAt":0.0,"edge":12929,"offsetX":0.513929009437561,"offsetZ":4.960330963134766,"x":24152.0,"z":23864.0,"zone":3},{"angle":2.2522449493408203,"building":2,"builtAt":0.0,"edge":12929,"offsetX":-6.07537317276001,"offsetZ":-7.8087944984436035,"x":24168.0,"z":23864.0,"zone":3},{"angle":0.0,"building":0,"builtAt":0.0,"edge":-1,"offsetX":0.0,"offsetZ":0.0,"x":24184.0,"z":23864.0,"zone":3},{"angle":-0.8893392086029053,"building":1,"builtAt":0.0,"edge":12929,"offsetX":-2.346407413482666,"offsetZ":0.7667375802993774,"x":24200.0,"z":23864.0,"zone":3},{"angle":0.6814424395561218,"building":1,"builtAt":0.0,"edge":13281,"offsetX":-0.7527654767036438,"offsetZ":7.345574378967285,"x":24216.0,"z":23864.0,"zone":3},{"angle":0.0,"building":0,"builtAt":0.0,"edge":-1,"offsetX":0.0,"offsetZ":0.0,"x":24232.0,"z":23864.0,"zone":3},{"angle":2.2522294521331787,"building":3,"builtAt":0.0,"edge":13963,"offsetX":-2.9162232875823975,"offsetZ":-1.1500428915023804,"x":24248.0,"z":23864.0,"zone":3},{"angle":0.0,"building":0,"builtAt":0.0,"edge":-1,"offsetX":0.0,"offsetZ":0.0,"x":24264.0,"z":23864.0,"zone":3},{"angle":-0.8893927335739136,"building":22,"builtAt":0.0,"edge":13963,"offsetX":-5.304691791534424,"offsetZ":-2.1625545024871826,"x":24280.0,"z":23864.0,"zone":3},{"angle":0.0,"building":0,"builtAt":0.0,"edge":-1,"offsetX":0.0,"offsetZ":0.0,"x":24296.0,"z":23864.0,"zone":3},{"angle":0.6814402341842651,"building":1,"builtAt":0.0,"edge":13300,"offsetX":7.199481964111328,"offsetZ":7.320732593536377,"x":24312.0,"z":23864.0,"zone":3},{"angle":0.6814402341842651,"building":2,"builtAt":0.0,"edge":13300,"offsetX":-1.9029790163040161,"offsetZ":-1.1837632656097412,"x":24328.0,"z":23864.0,"zone":3},{"angle":0.0,"building":0,"builtAt":0.0,"edge":-1,"offsetX":0.0,"offsetZ":0.0,"x":24344.0,"z":23864.0,"zone":3},{"angle":0.0,"building":0,"builtAt":0.0,"edge":-1,"offsetX":0.0,"offsetZ":0.0,"x":24360.0,"z":23864.0,"zone":3},{"angle":0.0,"building":0,"builtAt":0.0,"edge":-1,"offsetX":0.0,"offsetZ":0.0,"x":24376.0,"z":23864.0,"zone":3},{"angle":0.6814510226249695,"building":3,"builtAt":0.0,"edge":13263,"offsetX":-0.9781666994094849,"offsetZ":-0.6861004829406738,"x":24120.0,"z":23880.0,"zone":3},{"angle":0.0,"building":0,"builtAt":0.0,"edge":-1,"offsetX":0.0,"offsetZ":0.0,"x":24136.0,"z":23880.0,"zone":3},{"angle":0.0,"building":0,"builtAt":0.0,"edge":-1,"offsetX":0.0,"offsetZ":0.0,"x":24152.0,"z":23880.0,"zone":3},{"angle":0.0,"building":0,"builtAt":0.0,"edge":-1,"offsetX":0.0,"offsetZ":0.0,"x":24168.0,"z":23880.0,"zone":3},{"angle":-0.8893476724624634,"building":22,"builtAt":0.0,"edge":12929,"offsetX":4.715261936187744,"offsetZ":-2.0799789428710938,"x":24184.0,"z":23880.0,"zone":3},{"angle":-0.8893476724624634,"building":2,"builtAt":0.0,"edge":12929,"offsetX":-1.8094741106033325,"offsetZ":5.605030536651611,"x":24200.0,"z":23880.0,"zone":3},{"angle":0.6814424395561218,"building":1,"builtAt":0.0,"edge":13281,"offsetX":-7.177887916564941,"offsetZ":-0.7324435114860535,"x":24216.0,"z":23880.0,"zone":3},{"angle":0.6814351677894592,"building":22,"builtAt":0.0,"edge":13281,"offsetX":-5.124192714691162,"offsetZ":2.552527666091919,"x":24232.0,"z":23880.0,"zone":3},{"angle":0.0,"building":0,"builtAt":0.0,"edge":-1,"offsetX":0.0,"offsetZ":0.0,"x":24248.0,"z":23880.0,"zone":3},{"angle":-2.460120439529419,"building":1,"builtAt":0.0,"edge":13282,"offsetX":-0.1702347695827484,"offsetZ":0.36719614267349243,"x":24264.0,"z":23880.0,"zone":3},{"angle":0.0,"building":0,"builtAt":0.0,"edge":-1,"offsetX":0.0,"offsetZ":0.0,"x":24280.0,"z":23880.0,"zone":3},{"angle":0.0,"building":0,"builtAt":0.0,"edge":-1,"offsetX":0.0,"offsetZ":0.0,"x":24296.0,"z":23880.0,"zone":3},{"angle":0.0,"building":0,"builtAt":0.0,"edge":-1,"offsetX":0.0,"offsetZ":0.0,"x":24312.0,"z":23880.0,"zone":3},{"angle":0.0,"building":0,"builtAt":0.0,"edge":-1,"offsetX":0.0,"offsetZ":0.0,"x":24328.0,"z":23880.0,"zone":3},{"angle":0.6814295053482056,"building":2,"builtAt":0.0,"edge":13301,"offsetX":4.860622882843018,"offsetZ":3.2747409343719482,"x":24344.0,"z":23880.0,"zone":3},{"angle":0.6814295053482056,"building":2,"builtAt":0.0,"edge":13301,"offsetX":-3.769501209259033,"offsetZ":-5.812334060668945,"x":24360.0,"z":23880.0,"zone":3},{"angle":0.0,"building":0,"builtAt":0.0,"edge":-1,"offsetX":0.0,"offsetZ":0.0,"x":24376.0,"z":23880.0,"zone":3},{"angle":0.0,"building":0,"builtAt":0.0,"edge":-1,"offsetX":0.0,"offsetZ":0.0,"x":24120.0,"z":23896.0,"zone":3},{"angle":0.6814523339271545,"building":2,"builtAt":0.0,"edge":13263,"offsetX":-1.9446426630020142,"offsetZ":-6.384598731994629,"x":24136.0,"z":23896.0,"zone":3},{"angle":0.0,"building":0,"builtAt":0.0,"edge":-1,"offsetX":0.0,"offsetZ":0.0,"x":24152.0,"z":23896.0,"zone":3},{"angle":0.0,"building":0,"builtAt":0.0,"edge":-1,"offsetX":0.0,"offsetZ":0.0,"x":24168.0,"z":23896.0,"zone":3},{"angle":-0.8893652558326721,"building":2,"builtAt":0.0,"edge":12929,"offsetX":-5.706597805023193,"offsetZ":-6.131718158721924,"x":24184.0,"z":23896.0,"zone":3},{"angle":-2.460132598876953,"building":1,"builtAt":0.0,"edge":13264,"offsetX":-5.5728678703308105,"offsetZ":2.5290729999542236,"x":24200.0,"z":23896.0,"zone":3},{"angle":2.252258777618408,"building":22,"builtAt":0.0,"edge":12953,"offsetX":-0.5795812010765076,"offsetZ":4.807994365692139,"x":24216.0,"z":23896.0,"zone":3},{"angle":0.0,"building":0,"builtAt":0.0,"edge":-1,"offsetX":0.0,"offsetZ":0.0,"x":24232.0,"z":23896.0,"zone":3},{"angle":0.68147212266922,"building":2,"builtAt":0.0,"edge":13282,"offsetX":0.43848636746406555,"offsetZ":3.343026876449585,"x":24248.0,"z":23896.0,"zone":3},{"angle":0.0,"building":0,"builtAt":0.0,"edge":-1,"offsetX":0.0,"offsetZ":0.0,"x":24264.0,"z":23896.0,"zone":3},{"angle":0.0,"building":0,"builtAt":0.0,"edge":-1,"offsetX":0.0,"offsetZ":0.0,"x":24280.0,"z":23896.0,"zone":3},{"angle":-2.4601526260375977,"building":1,"builtAt":0.0,"edge":13282,"offsetX":4.047951698303223,"offsetZ":0.5160175561904907,"x":24296.0,"z":23896.0,"zone":3},{"angle":0.0,"building":0,"builtAt":0.0,"edge":-1,"offsetX":0.0,"offsetZ":0.0,"x":24312.0,"z":23896.0,"zone":3},{"angle":0.0,"building":0,"builtAt":0.0,"edge":-1,"offsetX":0.0,"offsetZ":0.0,"x":24328.0,"z":23896.0,"zone":3},{"angle":0.0,"building":0,"builtAt":0.0,"edge":-1,"offsetX":0.0,"offsetZ":0.0,"x":24344.0,"z":23896.0,"zone":3},{"angle":0.0,"building":0,"builtAt":0.0,"edge":-1,"offsetX":0.0,"offsetZ":0.0,"x":24360.0,"z":23896.0,"zone":3},{"angle":0.6814571619033813,"building":1,"builtAt":0.0,"edge":13301,"offsetX":7.092221260070801,"offsetZ":-0.9299120306968689,"x":24376.0,"z":23896.0,"zone":3}],"zonePalette":false}
[145.083s] [TreeStreaming] key=103079215125 revision=2 placementMs=3.53 masksMs=1.88 patchesMs=0.88 woodlandMs=0.58 instances=124 excludedTrees=0
[145.083s] [TreeStreaming] key=94489280533 revision=1 placementMs=0.84 masksMs=0.00 patchesMs=0.00 woodlandMs=0.84 instances=4840 excludedTrees=0
[145.083s] [Streaming] terrain workerMs=555.92 uploadTotalMs=17.43 maxFrameUploadMs=14.16 uploadFrames=3
[145.083s] [LandscapeStreaming] key=103079215127 terrainMs=436.42 masksMs=5.72 patchesMs=113.13 woodlandMs=0.00 landscapeVertices=240304 landscapeTriangles=97578
[145.083s] [TravelCost] frame=13377 total=1956.35 terrain=6.91 road=12.87 parts=1.95 node=2.31 marks=0.09 furniture=0.55 fallback=0.00 edges=4 nodes=2
[145.183s] [TreeStreaming] key=107374182421 revision=2 placementMs=2.00 masksMs=0.69 patchesMs=0.01 woodlandMs=1.24 instances=0 excludedTrees=0
[145.183s] [TreeStreaming] key=98784247828 revision=2 placementMs=3.63 masksMs=1.97 patchesMs=0.67 woodlandMs=0.76 instances=75 excludedTrees=0
[145.183s] [TravelCost] frame=13378 total=1839.51 terrain=20.23 road=12.55 parts=0.76 node=4.11 marks=0.01 furniture=0.55 fallback=0.00 edges=5 nodes=4
[145.283s] [TreeStreaming] key=103079215124 revision=1 placementMs=0.13 masksMs=0.00 patchesMs=0.00 woodlandMs=0.13 instances=0 excludedTrees=0
[145.283s] [TreeStreaming] key=94489280532 revision=1 placementMs=2.03 masksMs=0.76 patchesMs=0.29 woodlandMs=0.94 instances=4477 excludedTrees=0
[145.283s] [TravelCost] frame=13379 total=1815.99 terrain=7.89 road=10.86 parts=1.49 node=1.58 marks=0.34 furniture=0.63 fallback=0.00 edges=5 nodes=3
[145.383s] [TreeStreaming] key=107374182420 revision=2 placementMs=4.97 masksMs=0.57 patchesMs=0.00 woodlandMs=4.34 instances=1669 excludedTrees=0
[145.383s] [TreeStreaming] key=90194313236 revision=1 placementMs=0.96 masksMs=0.00 patchesMs=0.00 woodlandMs=0.95 instances=6358 excludedTrees=0
[145.383s] [Streaming] terrain workerMs=917.59 uploadTotalMs=18.40 maxFrameUploadMs=14.00 uploadFrames=3
[145.383s] [LandscapeStreaming] key=98784247830 terrainMs=779.13 masksMs=7.84 patchesMs=129.86 woodlandMs=0.00 landscapeVertices=315516 landscapeTriangles=124532
[145.383s] [LocationHover] world=(24288.384765625, 23758.1953125) place=葦草市 road=生活道路
[145.383s] [TravelCost] frame=13380 total=1869.33 terrain=7.59 road=11.79 parts=2.10 node=1.69 marks=0.22 furniture=0.62 fallback=0.00 edges=7 nodes=3
[145.483s] [TreeStreaming] key=111669149716 revision=2 placementMs=10.03 masksMs=0.61 patchesMs=0.00 woodlandMs=9.38 instances=2484 excludedTrees=1
[145.483s] [TreeStreaming] key=98784247827 revision=2 placementMs=9.21 masksMs=3.81 patchesMs=3.97 woodlandMs=1.09 instances=135 excludedTrees=0
[145.483s] [TravelCost] frame=13381 total=1858.49 terrain=27.25 road=11.24 parts=1.54 node=2.21 marks=0.07 furniture=0.46 fallback=0.00 edges=4 nodes=2
[145.583s] [TreeStreaming] key=103079215123 revision=1 placementMs=0.85 masksMs=0.49 patchesMs=0.00 woodlandMs=0.34 instances=0 excludedTrees=0
[145.583s] [TreeStreaming] key=94489280531 revision=2 placementMs=6.75 masksMs=2.97 patchesMs=2.32 woodlandMs=1.18 instances=827 excludedTrees=0
[145.583s] [TravelCost] frame=13382 total=1834.15 terrain=9.14 road=11.81 parts=1.04 node=2.60 marks=0.20 furniture=0.28 fallback=0.00 edges=4 nodes=3
[145.683s] [TreeStreaming] key=85899345940 revision=1 placementMs=0.97 masksMs=0.00 patchesMs=0.00 woodlandMs=0.97 instances=7772 excludedTrees=0
[145.683s] [TreeStreaming] key=107374182419 revision=1 placementMs=25.48 masksMs=0.89 patchesMs=0.00 woodlandMs=24.52 instances=5573 excludedTrees=0
[145.683s] [TravelCost] frame=13383 total=1847.25 terrain=9.35 road=7.67 parts=0.32 node=0.00 marks=0.00 furniture=0.31 fallback=0.00 edges=1 nodes=0
[145.783s] [TreeStreaming] key=90194313235 revision=1 placementMs=0.75 masksMs=0.00 patchesMs=0.00 woodlandMs=0.75 instances=3976 excludedTrees=0
[145.783s] [TreeStreaming] key=111669149715 revision=1 placementMs=14.40 masksMs=0.65 patchesMs=0.00 woodlandMs=13.66 instances=2956 excludedTrees=0
[145.783s] [Streaming] terrain workerMs=1108.33 uploadTotalMs=27.34 maxFrameUploadMs=22.31 uploadFrames=4
[145.783s] [LandscapeStreaming] key=103079215126 terrainMs=869.50 masksMs=11.98 patchesMs=225.23 woodlandMs=0.00 landscapeVertices=319404 landscapeTriangles=125868
[145.783s] [TravelCost] frame=13384 total=1873.86 terrain=7.17 road=6.91 parts=0.00 node=0.00 marks=0.00 furniture=0.00 fallback=0.00 edges=0 nodes=0
[145.883s] [TreeStreaming] key=85899345939 revision=1 placementMs=0.96 masksMs=0.00 patchesMs=0.00 woodlandMs=0.96 instances=7160 excludedTrees=0
[145.883s] [TreeStreaming] key=115964117011 revision=1 placementMs=2.19 masksMs=0.64 patchesMs=0.00 woodlandMs=1.51 instances=4 excludedTrees=0
[145.883s] [TravelCost] frame=13385 total=1828.30 terrain=7.27 road=7.00 parts=0.00 node=0.00 marks=0.00 furniture=0.00 fallback=0.00 edges=0 nodes=0
[145.983s] [TravelCost] frame=13386 total=1869.60 terrain=13.92 road=6.92 parts=0.00 node=0.00 marks=0.00 furniture=0.00 fallback=0.00 edges=0 nodes=0
[146.083s] [TravelCost] frame=13387 total=1118.60 terrain=4.95 road=7.29 parts=0.00 node=0.00 marks=0.00 furniture=0.00 fallback=0.00 edges=0 nodes=0
[146.183s] [Streaming] terrain workerMs=602.13 uploadTotalMs=20.77 maxFrameUploadMs=12.20 uploadFrames=4
[146.183s] [LandscapeStreaming] key=98784247832 terrainMs=497.46 masksMs=5.13 patchesMs=98.86 woodlandMs=0.00 landscapeVertices=239835 landscapeTriangles=96997
[146.183s] [TravelCost] frame=13388 total=1159.35 terrain=3.99 road=7.01 parts=0.00 node=0.00 marks=0.00 furniture=0.00 fallback=0.00 edges=0 nodes=0
[146.283s] [TravelCost] frame=13389 total=1861.21 terrain=12.00 road=7.12 parts=0.00 node=0.00 marks=0.00 furniture=0.00 fallback=0.00 edges=0 nodes=0
[146.383s] [TravelCost] frame=13390 total=1114.65 terrain=3.96 road=7.16 parts=0.00 node=0.00 marks=0.00 furniture=0.00 fallback=0.00 edges=0 nodes=0
[146.483s] [TravelCost] frame=13391 total=1127.81 terrain=4.01 road=7.05 parts=0.00 node=0.00 marks=0.00 furniture=0.00 fallback=0.00 edges=0 nodes=0
[146.583s] [Streaming] terrain workerMs=519.60 uploadTotalMs=14.58 maxFrameUploadMs=9.87 uploadFrames=4
[146.583s] [LandscapeStreaming] key=94489280535 terrainMs=436.33 masksMs=5.20 patchesMs=77.62 woodlandMs=0.00 landscapeVertices=219642 landscapeTriangles=87060
[146.583s] [TravelCost] frame=13392 total=1148.14 terrain=3.75 road=6.96 parts=0.00 node=0.00 marks=0.00 furniture=0.00 fallback=0.00 edges=0 nodes=0
[146.683s] [TravelCost] frame=13393 total=1886.07 terrain=7.72 road=7.24 parts=0.00 node=0.00 marks=0.00 furniture=0.00 fallback=0.00 edges=0 nodes=0
[146.783s] [Streaming] terrain workerMs=174.55 uploadTotalMs=6.24 maxFrameUploadMs=5.24 uploadFrames=2
[146.783s] [LandscapeStreaming] key=103079215128 terrainMs=140.82 masksMs=1.90 patchesMs=31.67 woodlandMs=0.00 landscapeVertices=82777 landscapeTriangles=36867
[146.783s] [TravelCost] frame=13394 total=1181.82 terrain=4.79 road=6.89 parts=0.00 node=0.00 marks=0.00 furniture=0.00 fallback=0.00 edges=0 nodes=0
[146.883s] [PlaytestInput] frame=13395 key=M
[146.883s] [PlaytestState] {"cameraMode":0,"commandId":1,"commandInput":"","commandMessage":"","commandPalette":false,"cursorX":400,"cursorY":322,"development":{"completed":0,"count":0},"draftMessage":"","draftPoints":0,"draftValid":false,"driving":false,"editMode":0,"eyeY":127.85540962219238,"focusX":24252.0,"focusY":32.575355529785156,"focusZ":23772.0,"focused":true,"fps":0.836124595942789,"fpsGraph":false,"frame":13395,"funds":30.0,"gameHour":8.039999961853027,"income":30.30898,"localMapCenter":[24252.0,23772.0],"localMapHeadingUp":false,"localMapSpan":2000.0,"logicMs":0.007,"maintenance":22.71789867024176,"map":true,"mapBuilds":1,"mapContext":false,"mapCustomPixelShader":false,"mapX":24252.0,"mapZ":23772.0,"mapZoom":4.0,"nearbyRoads":[{"id":13765,"length":50.096553802490234,"open":true,"points":[[24184.24609375,37.4201545715332,23402.494140625],[24186.875701653287,37.40728381084992,23399.251700376903],[24189.505321628036,37.39441322377609,23396.009269413647],[24192.13495535041,37.38154279538986,23392.76685086862],[24194.764607319616,37.3686724969565,23389.524444394105],[24197.39427686403,37.35580232505256,23386.28205601808],[24200.023969426198,37.34293224633382,23383.03968422982],[24202.653686687965,37.3300622458652,23379.797332155933],[24205.28343221296,37.31719229950511,23376.55500060337],[24207.913208624905,37.3043223877148,23373.312691538697],[24210.54301290479,37.29145251857272,23370.070413886242],[24213.172855200828,37.27858263572094,23366.82816033748],[24215.802734375,37.26571273803711,23363.5859375]],"width":6.839999675750732},{"id":12848,"length":75.3116455078125,"open":true,"points":[[24084.107421875,37.087406158447266,23525.958984375],[24088.060467116073,37.16626111068103,23521.08506040685],[24092.013515184633,37.24511625176747,23516.21113973381],[24095.96657208912,37.323971675073395,23511.33722172911],[24099.919638182968,37.40282736116019,23506.46331273845],[24103.872715586796,37.481683325840706,23501.58941692878],[24107.825811369345,37.5605396836325,23496.71553236658],[24111.778925530612,37.63939640804538,23491.841665833912],[24115.732066553086,37.718253641796956,23486.96781365497],[24119.685233023018,37.79711133019375,23482.09398435553],[24123.638427767906,37.87596950314544,23477.220181232686],[24127.591653615236,37.95482819056031,23472.346407583984],[24131.544921875,38.033687591552734,23467.47265625]],"width":6.839999675750732},{"id":13803,"length":42.66592788696289,"open":true,"points":[[24030.35546875,36.810420989990234,23592.232421875],[24032.595074936515,36.82196156057961,23589.47091519256],[24034.834717167832,36.83350218446301,23586.7094386571],[24037.07439424246,36.84504288193082,23583.947986972722],[24039.31409935193,36.85658364438469,23581.18656175571],[24041.553831294757,36.86812449212058,23578.425157708254],[24043.793586466458,36.87966543305448,23575.663772494532],[24046.033362464048,36.89120648129518,23572.902402296728],[24048.27315287956,36.902747630316185,23570.14104823402],[24050.51295771298,36.91428890661078,23567.37970352492],[24052.75277215836,36.92583031190877,23564.61836731265],[24054.992594613694,36.937371864449794,23561.857034790108],[24057.232421875,36.94891357421875,23559.095703125]],"width":6.839999675750732},{"id":12846,"length":67.05158233642578,"open":true,"points":[[23932.33984375,36.665016174316406,23713.080078125],[23935.859602655484,36.65745122294311,23708.740449793775],[23939.37936581846,36.649886408187065,23704.400825228724],[23942.8991291114,36.64232170975856,23700.06119957648],[23946.418888408632,36.63475710736793,23695.721567982335],[23949.938637068397,36.627192586136054,23691.381928694373],[23953.458367820655,36.61962813253649,23687.042280735826],[23956.978079690016,36.6120637195163,23682.70261536913],[23960.497765407727,36.60449933354903,23678.36293161607],[23964.01741896398,36.596934958402926,23674.023226945996],[23967.537046936166,36.58937055079332,23669.683483307534],[23971.056630726198,36.581806121541376,23665.343713689967],[23974.576171875,36.574241638183594,23661.00390625]],"width":6.839999675750732},{"id":13798,"length":43.819332122802734,"open":true,"points":[[23877.13671875,35.95730972290039,23781.14453125],[23879.43667615991,35.98679878586915,23778.30845421157],[23881.736678975623,36.01628748771652,23775.472413177602],[23884.036723496563,36.04577588123472,23772.636404344812],[23886.336802732694,36.075263977032684,23769.800427966748],[23888.636915658204,36.10475186217441,23766.964476943947],[23890.937058780375,36.134239592086665,23764.12854721956],[23893.237225316567,36.16372718001316,23761.292638793584],[23895.537410952373,36.193214670834266,23758.4567486234],[23897.837613841682,36.22270214106757,23755.620870623734],[23900.13782884821,36.25218962504794,23752.785002766177],[23902.438054126484,36.28167719929376,23749.949138965458],[23904.73828125,36.31116485595703,23747.11328125]],"width":6.839999675750732},{"id":12828,"length":75.30938720703125,"open":true,"points":[[24013.26953125,37.10893249511719,23468.50390625],[24017.222511742268,37.1708810068476,23463.63006072069],[24021.175491108555,37.232829739645666,23458.756215],[24025.128469283103,37.29477877226197,23453.88236758934],[24029.081446199918,37.35672818344729,23449.00851699034],[24033.034417904953,37.41867799102468,23444.13466649836],[24036.987388219233,37.480628334671515,23439.260809822343],[24040.94035601517,37.542579276520016,23434.386946772516],[24044.893314509874,37.60453079007914,23429.51308413177],[24048.846263988315,37.666482959633385,23424.63921996844],[24052.799211802725,37.72843598024197,23419.765343636907],[24056.75214834066,37.790389781096486,23414.89146540829],[24060.705078125,37.85234451293945,23410.017578125]],"width":11.699999809265137},{"id":12827,"length":85.33165740966797,"open":true,"points":[[23959.517578125,36.91480255126953,23534.77734375],[23963.996674585433,36.93097999515878,23529.254367616777],[23968.475848849805,36.94715758307664,23523.731455351623],[23972.95509053209,36.96333527551393,23518.20859783474],[23977.434389246013,36.97951303296118,23512.68578594618],[23981.913732602752,36.99569080867683,23507.163013034788],[23986.393113820086,37.01186857616892,23501.64026553667],[23990.87251490219,37.02804626844681,23496.11754371365],[23995.35193707665,37.044223887947325,23490.594824126943],[23999.831360745695,37.060401361895565,23485.072109014116],[24004.31076631146,37.07657861751818,23479.549400613523],[24008.790166215997,37.09275569775327,23474.02666166201],[24013.26953125,37.10893249511719,23468.50390625]],"width":11.699999809265137},{"id":13709,"length":44.274784088134766,"open":true,"points":[[23903.73828125,37.11899185180664,23603.55078125],[23906.062333638198,37.11048459153696,23600.68521746723],[23908.386348553508,37.10197722021235,23597.81962305773],[23910.71033726955,37.09346974619996,23594.95400762107],[23913.03431023004,37.08496218090954,23592.088381782087],[23915.35827933422,37.07645453042631,23589.222754372517],[23917.68226146896,37.06794678257984,23586.3571280755],[23920.00626105515,37.059438970838755,23583.49152094687],[23922.33029082559,37.050931098245655,23580.625940794293],[23924.654361020206,37.04242317697094,23577.760398499933],[23926.9784885285,37.03391519484421,23574.89489674798],[23929.302681929003,37.02540717012107,23572.02944847039],[23931.626953125,37.01689910888672,23569.1640625]],"width":11.699999809265137},{"id":12825,"length":67.05155181884766,"open":true,"points":[[23861.5,37.06214904785156,23655.626953125],[23865.019852805905,37.06688577552947,23651.287268684824],[23868.53966801083,37.07162254386452,23646.947553776536],[23872.059456972547,37.07635934989213,23642.607817897562],[23875.579231049614,37.08109619064771,23638.26807054566],[23879.099003804145,37.08583306613127,23633.928318502767],[23882.618783134385,37.09056996871959,23629.588575535163],[23886.138582603602,37.095306898412666,23625.248848425177],[23889.658413257974,37.10004385182243,23620.909147059323],[23893.178288661627,37.10478082894883,23616.569478220266],[23896.698217343874,37.10951782301572,23612.229854898615],[23900.218207834067,37.114254827246896,23607.890290084742],[23903.73828125,37.11899185180664,23603.55078125]],"width":11.699999809265137},{"id":12863,"length":95.55066680908203,"open":true,"points":[[23879.728515625,33.08394241333008,23906.271484375],[23884.744139429185,33.14690962367487,23900.08740381815],[23889.75976323336,33.20987670156497,23893.9033232613],[23894.775388831273,33.272843696010014,23887.71924049285],[23899.791012635458,33.33581058846346,23881.535159936],[23904.80663823336,33.398777450453714,23875.35107716755],[23909.822263831273,33.46174428595299,23869.1669943991],[23914.83788584173,33.52471107641486,23862.98291605385],[23919.85351323336,33.58767796092376,23856.7988310738],[23924.869140625,33.65064489841461,23850.61474609375],[23929.884764429185,33.713611870340856,23844.4306655369],[23934.90038823336,33.77657894823086,23838.24658498005],[23939.916015625,33.83954620361328,23832.0625]],"width":11.699999809265137},{"id":13800,"length":43.81911087036133,"open":true,"points":[[23939.916015625,33.83954620361328,23832.0625],[23942.21624357117,33.866601192475855,23829.226641270332],[23944.516467204146,33.89365621036609,23826.390779498033],[23946.816682622004,33.920711291149594,23823.554911133368],[23949.116886745254,33.94776647836784,23820.71903161239],[23951.417073203665,33.974821776858796,23817.88314042799],[23953.717239739835,34.00187723983982,23815.04723200202],[23956.017382039387,34.028932896338574,23812.211303291842],[23958.31749496488,34.05598876570684,23809.37535226904],[23960.61757502354,34.08304488664816,23806.539374876767],[23962.91761872191,34.110101297866095,23803.703367058188],[23965.217620920717,34.1371580187124,23800.86732678488],[23967.517578125,34.164215087890625,23798.03125]],"width":11.699999809265137},{"id":12865,"length":67.05329895019531,"open":true,"points":[[23995.12109375,34.48888397216797,23764.0],[23998.64062938188,34.52957832157744,23759.660190670154],[24002.160202633302,34.57027316000235,23755.320411133245],[24005.67980990219,34.61096834088757,23750.98066063098],[24009.199448845262,34.651663732229316,23746.640936851985],[24012.7191161751,34.69235919110732,23742.301238648168],[24016.23881489763,34.733054647368476,23737.961557111295],[24019.758536689937,34.77374989987762,23733.621897300804],[24023.27827826322,34.814444805714594,23729.282258068662],[24026.798036327833,34.85513922196077,23724.942638267617],[24030.317817663505,34.89583312212774,23720.603024335614],[24033.837616461224,34.936526334194355,23716.263418231687],[24037.357421875,34.97721862792969,23711.923828125]],"width":11.699999809265137},{"id":13838,"length":44.27477264404297,"open":true,"points":[[24037.357421875,34.97721862792969,23711.923828125],[24039.681514259955,34.984874387861225,23709.058298306856],[24042.005635605947,34.9925303979742,23706.19279223199],[24044.329775391227,35.0001866194645,23703.327300952984],[24046.65392309358,35.00784301352515,23700.461815520986],[24048.97806819043,35.01549954134668,23697.596326985862],[24051.302198496604,35.02315615864126,23694.730828446016],[24053.626305567086,35.03081283344134,23691.865308387547],[24055.9503759699,35.03846951734913,23688.999761444655],[24058.274400428956,35.04612617565716,23686.134177127326],[24060.59836883717,35.05378277091949,23683.268545970204],[24062.92226776348,35.061439254738005,23680.402862607305],[24065.24609375,35.069095611572266,23677.537109375]],"width":11.699999809265137},{"id":13805,"length":42.66621017456055,"open":true,"points":[[24093.13671875,35.160972595214844,23643.150390625],[24095.376478798866,35.17807311961731,23640.389140428164],[24097.61623166541,35.195173773418325,23637.62788394325],[24099.85596896586,35.21227451789498,23634.866616363466],[24102.095684719436,35.22937533267133,23632.105329919537],[24104.335370141973,35.246476175966606,23629.344020298522],[24106.575020053744,35.263577033520846,23626.582678743725],[24108.81462527028,35.28067786049566,23623.82130143613],[24111.05417660736,35.297778612052944,23621.05988455699],[24113.29367048734,35.31487928616497,23618.29841737471],[24115.533096925374,35.33197983187869,23615.536897058384],[24117.77244914044,35.349080222704444,23612.775316827],[24120.01171875,35.366180419921875,23610.013671875]],"width":11.699999809265137},{"id":12868,"length":75.3056869506836,"open":true,"points":[[24146.888671875,35.571388244628906,23576.876953125],[24150.84187114453,35.572666267647826,23572.003285452134],[24154.79502970216,35.573944412155285,23567.129585009192],[24158.74814783494,35.575222653942156,23562.255849864967],[24162.701223002638,35.576500967886844,23557.382081573513],[24166.65425549261,35.57777932978333,23552.508278202306],[24170.60724276476,35.57905771451226,23547.6344413044],[24174.560189347416,35.58033609924075,23542.760563717216],[24178.5130912864,35.5816144583929,23537.886648736127],[24182.465941800103,35.582892765478306,23533.012703142584],[24186.418753897626,35.58417100040609,23528.138709314935],[24190.371509487406,35.585449133027254,23523.264687979212],[24194.32421875,35.586727142333984,23518.390625]],"width":11.699999809265137},{"id":12869,"length":83.66351318359375,"open":true,"points":[[24194.32421875,35.586727142333984,23518.390625],[24198.716282468078,35.571062044128325,23512.97602062058],[24203.108272871577,35.555396965530576,23507.56135520152],[24207.500201953488,35.53973191214299,23502.146644242952],[24211.892089560028,35.52406686155655,23496.73189356258],[24216.283943757302,35.50840183337914,23491.317123501452],[24220.675787532586,35.4927367939972,23485.902336004074],[24225.06762502529,35.47707177702432,23480.487556252632],[24229.45948236391,35.4614067376424,23475.07278231859],[24233.851366829185,35.44574169826047,23469.658035511213],[24238.24329512582,35.430076647674014,23464.24332552093],[24242.635283958687,35.414411574678525,23458.82866203837],[24247.02734375,35.398746490478516,23453.4140625]],"width":11.699999809265137},{"id":12870,"length":100.1954345703125,"open":true,"points":[[24247.02734375,35.398746490478516,23453.4140625],[24252.286625672285,35.33585647150697,23446.929233396535],[24257.545945410602,35.27296621388653,23440.44443384452],[24262.805298461706,35.21007582607446,23433.959664196016],[24268.064685965022,35.147185349053295,23427.47491784504],[24273.324102476887,35.084294902523546,23420.99019630201],[24278.583545374742,35.021404572448546,23414.505497598435],[24283.843010154815,34.95851446728277,23408.020822084938],[24289.102499836597,34.8956246055169,23401.536160836054],[24294.36200615351,34.83273514058905,23395.05151884134],[24299.621535885934,34.769846046009924,23388.566882538275],[24304.88107324183,34.706957565185576,23382.08226619463],[24310.140625,34.64406967163086,23375.59765625]],"width":11.699999809265137},{"id":13860,"length":47.774295806884766,"open":true,"points":[[23929.4140625,32.499351501464844,23946.568359375],[23931.921953550307,32.51656212450474,23943.476464527605],[23934.42984101316,32.53377286863406,23940.38456732076],[23936.93772152532,32.55098369752456,23937.292665118686],[23939.445593517274,32.568194587157464,23934.200753074303],[23941.953452056274,32.585405490432684,23931.108830487286],[23944.461292658,32.602616363327236,23928.016896104844],[23946.96911532246,32.61982719259334,23924.924943145877],[23949.47691287473,32.63703791574318,23921.83297367587],[23951.984687108546,32.6542485318399,23918.74097870318],[23954.492430849004,32.671458978396466,23915.648960294704],[23957.00014050864,32.688669217546796,23912.556916095113],[23959.5078125,32.70587921142578,23909.46484375]],"width":13.199999809265137},{"id":12885,"length":67.05479431152344,"open":true,"points":[[24044.8046875,33.62478256225586,23804.298828125],[24048.3245399912,33.68003555464113,23799.959144072836],[24051.84435551083,33.73528916361205,23795.619428776536],[24055.364144472547,33.79054331328093,23791.279692897562],[24058.883918549614,33.845797947519294,23786.93994554566],[24062.403690045376,33.901053020077775,23782.60019505479],[24065.923470634385,33.956308474825384,23778.260450535163],[24069.443270103602,34.011564225988764,23773.920723425177],[24072.963100757974,34.06682022731537,23769.581022059323],[24076.482976161627,34.12207645231277,23765.241353220266],[24080.002904843874,34.177332795444535,23760.901729898615],[24083.522900369382,34.23258923021713,23756.562158877136],[24087.04296875,34.287845611572266,23752.22265625]],"width":13.199999809265137},{"id":13840,"length":44.27477264404297,"open":true,"points":[[24087.04296875,34.287845611572266,23752.22265625],[24089.367020930407,34.29522195075178,23749.357092723447],[24091.691035222346,34.30259851734804,23746.49149908259],[24094.015023938406,34.309975280920696,23743.625883645916],[24096.33899773004,34.31735220575073,23740.760256782087],[24098.662967665343,34.32472925743607,23737.894628347687],[24100.98694896896,34.33210641476422,23735.0290030755],[24103.310945230667,34.33948361958525,23732.16340004608],[24105.634976663336,34.346860866513346,23729.29781784386],[24107.959048520206,34.354238102672724,23726.432273499933],[24110.2831760285,34.361615306845835,23723.56677174798],[24112.607369429003,34.36899244198496,23720.70132347039],[24114.931640625,34.37636947631836,23717.8359375]],"width":13.199999809265137}],"pauseMenu":false,"pedestrians":{"completed":0,"drawCalls":0,"population":10000,"renderMs":0.0,"ridingCar":0,"ridingTrain":0,"updateMs":0.0,"visible":0,"waitingCar":0,"waitingTrain":0,"walking":0},"plans":0,"population":233146,"railway":{"depots":0,"edgeCount":1269,"editorVisible":false,"lines":[{"enabled":true,"first":480,"id":0,"interval":270.0,"last":1380,"name":"汐淵・鵜池線","next":270.0,"stops":[17680,17681]},{"enabled":true,"first":480,"id":1,"interval":1380.0,"last":1380,"name":"鵜池・常宮線","next":1440.0,"stops":[17681,17743]},{"enabled":true,"first":480,"id":2,"interval":210.0,"last":1380,"name":"常宮・網瀬洗線","next":210.0,"stops":[17743,18160]},{"enabled":true,"first":480,"id":3,"interval":1140.0,"last":1380,"name":"網瀬洗・葦草第3地区線","next":1440.0,"stops":[18160,18212]},{"enabled":true,"first":480,"id":4,"interval":120.0,"last":1380,"name":"葦草第3地区・葦草線","next":120.0,"stops":[18212,18559]},{"enabled":true,"first":480,"id":5,"interval":150.0,"last":1380,"name":"葦草第3地区・葦草第2地区線","next":150.0,"stops":[18212,18574]},{"enabled":true,"first":480,"id":6,"interval":210.0,"last":1380,"name":"葦草第3地区・秋神線","next":210.0,"stops":[18212,18602]},{"enabled":true,"first":480,"id":7,"interval":990.0,"last":1380,"name":"葦草第2地区・玉寺線","next":1440.0,"stops":[18574,18654]}],"message":"","stations":[{"id":17680,"name":"汐淵","position":[62375.3515625,52.0,53503.86328125]},{"id":17681,"name":"鵜池","position":[58668.0078125,43.0,52852.76953125]},{"id":17743,"name":"常宮","position":[48529.0546875,69.5,30835.60546875]},{"id":18160,"name":"網瀬洗","position":[45508.171875,48.5,30061.234375]},{"id":18212,"name":"葦草第3地区","position":[24688.427734375,52.0,22959.96875]},{"id":18559,"name":"葦草","position":[24090.08984375,57.0,23697.6875]},{"id":18574,"name":"葦草第2地区","position":[23546.435546875,44.5,24367.982421875]},{"id":18602,"name":"秋神","position":[23495.00390625,64.0,19984.44140625]},{"id":18654,"name":"玉寺","position":[16738.02734375,50.0,43665.12890625]}],"trains":[]},"renderMs":0.282,"selectionId":-1,"selectionKind":0,"signalsMs":0.0,"sound":{"enginePitch":1.0,"enginePlaying":false,"events":0,"outputPeak":0.0,"volume":0.6},"textInput":false,"timeSpeed":0,"townLabels":[],"traffic":{"accessPoints":20526,"cars":0,"completed":0,"localCars":0,"localTarget":0,"routeFailures":0,"spawned":0,"stopped":0,"updateMs":0.0},"zone":2,"zoneBrush":1,"zoneCells":[{"angle":0.0,"building":0,"builtAt":0.0,"edge":-1,"offsetX":0.0,"offsetZ":0.0,"x":24120.0,"z":23640.0,"zone":4},{"angle":0.0,"building":0,"builtAt":0.0,"edge":-1,"offsetX":0.0,"offsetZ":0.0,"x":24136.0,"z":23640.0,"zone":4},{"angle":0.0,"building":0,"builtAt":0.0,"edge":-1,"offsetX":0.0,"offsetZ":0.0,"x":24152.0,"z":23640.0,"zone":4},{"angle":0.0,"building":0,"builtAt":0.0,"edge":-1,"offsetX":0.0,"offsetZ":0.0,"x":24168.0,"z":23640.0,"zone":4},{"angle":0.0,"building":0,"builtAt":0.0,"edge":-1,"offsetX":0.0,"offsetZ":0.0,"x":24184.0,"z":23640.0,"zone":4},{"angle":0.0,"building":0,"builtAt":0.0,"edge":-1,"offsetX":0.0,"offsetZ":0.0,"x":24200.0,"z":23640.0,"zone":4},{"angle":0.6814513206481934,"building":3,"builtAt":0.0,"edge":13314,"offsetX":-6.154786109924316,"offsetZ":2.631944417953491,"x":24216.0,"z":23640.0,"zone":4},{"angle":-2.460141897201538,"building":5,"builtAt":0.0,"edge":13314,"offsetX":1.7993888854980469,"offsetZ":-6.4174346923828125,"x":24232.0,"z":23640.0,"zone":4},{"angle":-2.4601361751556396,"building":2,"builtAt":0.0,"edge":13314,"offsetX":-4.6434125900268555,"offsetZ":2.282050371170044,"x":24248.0,"z":23640.0,"zone":3},{"angle":2.252218246459961,"building":2,"builtAt":0.0,"edge":12908,"offsetX":-0.9941437244415283,"offsetZ":-0.4055778384208679,"x":24264.0,"z":23640.0,"zone":3},{"angle":-0.8893780708312988,"building":22,"builtAt":0.0,"edge":12908,"offsetX":7.369665145874023,"offsetZ":2.3371095657348633,"x":24280.0,"z":23640.0,"zone":3},{"angle":-0.889374315738678,"building":1,"builtAt":0.0,"edge":12908,"offsetX":7.7662787437438965,"offsetZ":-1.3832064867019653,"x":24296.0,"z":23640.0,"zone":3},{"angle":0.6814509630203247,"building":22,"builtAt":0.0,"edge":13331,"offsetX":6.718299388885498,"offsetZ":-6.901330947875977,"x":24312.0,"z":23640.0,"zone":3},{"angle":0.681452214717865,"building":22,"builtAt":0.0,"edge":13331,"offsetX":4.242094039916992,"offsetZ":4.104255676269531,"x":24328.0,"z":23640.0,"zone":3},{"angle":0.0,"building":0,"builtAt":0.0,"edge":-1,"offsetX":0.0,"offsetZ":0.0,"x":24344.0,"z":23640.0,"zone":3},{"angle":0.0,"building":0,"builtAt":0.0,"edge":-1,"offsetX":0.0,"offsetZ":0.0,"x":24360.0,"z":23640.0,"zone":3},{"angle":-2.4601478576660156,"building":1,"builtAt":0.0,"edge":13332,"offsetX":4.05752420425415,"offsetZ":3.6997785568237305,"x":24376.0,"z":23640.0,"zone":3},{"angle":0.0,"building":0,"builtAt":0.0,"edge":-1,"offsetX":0.0,"offsetZ":0.0,"x":24120.0,"z":23656.0,"zone":4},{"angle":0.0,"building":0,"builtAt":0.0,"edge":-1,"offsetX":0.0,"offsetZ":0.0,"x":24136.0,"z":23656.0,"zone":4},{"angle":0.0,"building":0,"builtAt":0.0,"edge":-1,"offsetX":0.0,"offsetZ":0.0,"x":24152.0,"z":23656.0,"zone":4},{"angle":0.0,"building":0,"builtAt":0.0,"edge":-1,"offsetX":0.0,"offsetZ":0.0,"x":24168.0,"z":23656.0,"zone":4},{"angle":0.0,"building":0,"builtAt":0.0,"edge":-1,"offsetX":0.0,"offsetZ":0.0,"x":24184.0,"z":23656.0,"zone":4},{"angle":0.0,"building":0,"builtAt":0.0,"edge":-1,"offsetX":0.0,"offsetZ":0.0,"x":24200.0,"z":23656.0,"zone":4},{"angle":0.0,"building":0,"builtAt":0.0,"edge":-1,"offsetX":0.0,"offsetZ":0.0,"x":24216.0,"z":23656.0,"zone":4},{"angle":0.6814565062522888,"building":6,"builtAt":0.0,"edge":13314,"offsetX":-2.1279075145721436,"offsetZ":2.9075474739074707,"x":24232.0,"z":23656.0,"zone":4},{"angle":-2.4601240158081055,"building":1,"builtAt":0.0,"edge":13314,"offsetX":4.912959575653076,"offsetZ":-5.019773960113525,"x":24248.0,"z":23656.0,"zone":3},{"angle":-0.889363169670105,"building":22,"builtAt":0.0,"edge":12908,"offsetX":6.674422264099121,"offsetZ":6.832186698913574,"x":24264.0,"z":23656.0,"zone":3},{"angle":-0.889374315738678,"building":1,"builtAt":0.0,"edge":12908,"offsetX":-2.0070576667785645,"offsetZ":-4.250811576843262,"x":24280.0,"z":23656.0,"zone":3},{"angle":-0.8893780708312988,"building":2,"builtAt":0.0,"edge":12908,"offsetX":0.8451632261276245,"offsetZ":-5.978168964385986,"x":24296.0,"z":23656.0,"zone":3},{"angle":2.2522571086883545,"building":2,"builtAt":0.0,"edge":12932,"offsetX":-5.701452255249023,"offsetZ":1.687943935394287,"x":24312.0,"z":23656.0,"zone":3},{"angle":0.0,"building":0,"builtAt":0.0,"edge":-1,"offsetX":0.0,"offsetZ":0.0,"x":24328.0,"z":23656.0,"zone":3},{"angle":0.0,"building":0,"builtAt":0.0,"edge":-1,"offsetX":0.0,"offsetZ":0.0,"x":24344.0,"z":23656.0,"zone":3},{"angle":0.0,"building":0,"builtAt":0.0,"edge":-1,"offsetX":0.0,"offsetZ":0.0,"x":24360.0,"z":23656.0,"zone":3},{"angle":-2.4601478576660156,"building":1,"builtAt":0.0,"edge":13332,"offsetX":-2.367616653442383,"offsetZ":-4.378254413604736,"x":24376.0,"z":23656.0,"zone":3},{"angle":0.0,"building":0,"builtAt":0.0,"edge":-1,"offsetX":0.0,"offsetZ":0.0,"x":24120.0,"z":23672.0,"zone":0},{"angle":0.0,"building":0,"builtAt":0.0,"edge":-1,"offsetX":0.0,"offsetZ":0.0,"x":24136.0,"z":23672.0,"zone":4},{"angle":0.0,"building":0,"builtAt":0.0,"edge":-1,"offsetX":0.0,"offsetZ":0.0,"x":24152.0,"z":23672.0,"zone":4},{"angle":0.0,"building":0,"builtAt":0.0,"edge":-1,"offsetX":0.0,"offsetZ":0.0,"x":24168.0,"z":23672.0,"zone":4},{"angle":0.0,"building":0,"builtAt":0.0,"edge":-1,"offsetX":0.0,"offsetZ":0.0,"x":24184.0,"z":23672.0,"zone":4},{"angle":0.0,"building":0,"builtAt":0.0,"edge":-1,"offsetX":0.0,"offsetZ":0.0,"x":24200.0,"z":23672.0,"zone":4},{"angle":0.0,"building":0,"builtAt":0.0,"edge":-1,"offsetX":0.0,"offsetZ":0.0,"x":24216.0,"z":23672.0,"zone":4},{"angle":0.0,"building":0,"builtAt":0.0,"edge":-1,"offsetX":0.0,"offsetZ":0.0,"x":24232.0,"z":23672.0,"zone":4},{"angle":0.0,"building":0,"builtAt":0.0,"edge":-1,"offsetX":0.0,"offsetZ":0.0,"x":24248.0,"z":23672.0,"zone":4},{"angle":0.6814480423927307,"building":2,"builtAt":0.0,"edge":13315,"offsetX":-6.2546539306640625,"offsetZ":7.643273830413818,"x":24264.0,"z":23672.0,"zone":3},{"angle":-2.460141897201538,"building":2,"builtAt":0.0,"edge":13315,"offsetX":4.364665508270264,"offsetZ":3.4552180767059326,"x":24280.0,"z":23672.0,"zone":3},{"angle":-2.460141897201538,"building":2,"builtAt":0.0,"edge":13315,"offsetX":-4.265265464782715,"offsetZ":-5.631700038909912,"x":24296.0,"z":23672.0,"zone":3},{"angle":2.2522571086883545,"building":22,"builtAt":0.0,"edge":12932,"offsetX":3.77371883392334,"offsetZ":-6.626931667327881,"x":24312.0,"z":23672.0,"zone":3},{"angle":0.0,"building":0,"builtAt":0.0,"edge":-1,"offsetX":0.0,"offsetZ":0.0,"x":24328.0,"z":23672.0,"zone":3},{"angle":0.0,"building":0,"builtAt":0.0,"edge":-1,"offsetX":0.0,"offsetZ":0.0,"x":24344.0,"z":23672.0,"zone":3},{"angle":-0.8893195986747742,"building":2,"builtAt":0.0,"edge":12932,"offsetX":-4.963898181915283,"offsetZ":0.13080857694149017,"x":24360.0,"z":23672.0,"zone":3},{"angle":0.6814391613006592,"building":5,"builtAt":0.0,"edge":13332,"offsetX":-2.5466763973236084,"offsetZ":5.799123764038086,"x":24376.0,"z":23672.0,"zone":3},{"angle":0.0,"building":0,"builtAt":0.0,"edge":-1,"offsetX":0.0,"offsetZ":0.0,"x":24120.0,"z":23688.0,"zone":0},{"angle":0.0,"building":0,"builtAt":0.0,"edge":-1,"offsetX":0.0,"offsetZ":0.0,"x":24136.0,"z":23688.0,"zone":0},{"angle":0.0,"building":0,"builtAt":0.0,"edge":-1,"offsetX":0.0,"offsetZ":0.0,"x":24152.0,"z":23688.0,"zone":4},{"angle":-2.46014142036438,"building":4,"builtAt":0.0,"edge":13297,"offsetX":4.891820430755615,"offsetZ":0.837200939655304,"x":24168.0,"z":23688.0,"zone":4},{"angle":0.0,"building":0,"builtAt":0.0,"edge":-1,"offsetX":0.0,"offsetZ":0.0,"x":24184.0,"z":23688.0,"zone":4},{"angle":0.0,"building":0,"builtAt":0.0,"edge":-1,"offsetX":0.0,"offsetZ":0.0,"x":24200.0,"z":23688.0,"zone":4},{"angle":0.0,"building":0,"builtAt":0.0,"edge":-1,"offsetX":0.0,"offsetZ":0.0,"x":24216.0,"z":23688.0,"zone":4},{"angle":2.252243757247925,"building":3,"builtAt":0.0,"edge":13917,"offsetX":-5.8597493171691895,"offsetZ":-5.189786434173584,"x":24232.0,"z":23688.0,"zone":4},{"angle":0.0,"building":0,"builtAt":0.0,"edge":-1,"offsetX":0.0,"offsetZ":0.0,"x":24248.0,"z":23688.0,"zone":4},{"angle":0.6814508438110352,"building":1,"builtAt":0.0,"edge":13315,"offsetX":8.208112716674805,"offsetZ":2.4436228275299072,"x":24264.0,"z":23688.0,"zone":3},{"angle":0.0,"building":0,"builtAt":0.0,"edge":-1,"offsetX":0.0,"offsetZ":0.0,"x":24280.0,"z":23688.0,"zone":3},{"angle":-2.4601430892944336,"building":22,"builtAt":0.0,"edge":13315,"offsetX":2.7603113651275635,"offsetZ":-1.6592469215393066,"x":24296.0,"z":23688.0,"zone":3},{"angle":0.0,"building":0,"builtAt":0.0,"edge":-1,"offsetX":0.0,"offsetZ":0.0,"x":24312.0,"z":23688.0,"zone":3},{"angle":0.0,"building":0,"builtAt":0.0,"edge":-1,"offsetX":0.0,"offsetZ":0.0,"x":24328.0,"z":23688.0,"zone":3},{"angle":-0.889335572719574,"building":5,"builtAt":0.0,"edge":12932,"offsetX":-0.674935519695282,"offsetZ":-0.28057900071144104,"x":24344.0,"z":23688.0,"zone":3},{"angle":0.0,"building":0,"builtAt":0.0,"edge":-1,"offsetX":0.0,"offsetZ":0.0,"x":24360.0,"z":23688.0,"zone":3},{"angle":0.0,"building":0,"builtAt":0.0,"edge":-1,"offsetX":0.0,"offsetZ":0.0,"x":24376.0,"z":23688.0,"zone":3},{"angle":0.0,"building":0,"builtAt":0.0,"edge":-1,"offsetX":0.0,"offsetZ":0.0,"x":24120.0,"z":23704.0,"zone":0},{"angle":0.0,"building":0,"builtAt":0.0,"edge":-1,"offsetX":0.0,"offsetZ":0.0,"x":24136.0,"z":23704.0,"zone":4},{"angle":0.6814571022987366,"building":5,"builtAt":0.0,"edge":13297,"offsetX":-6.4882965087890625,"offsetZ":-0.3709557354450226,"x":24152.0,"z":23704.0,"zone":4},{"angle":0.0,"building":0,"builtAt":0.0,"edge":-1,"offsetX":0.0,"offsetZ":0.0,"x":24168.0,"z":23704.0,"zone":4},{"angle":0.0,"building":0,"builtAt":0.0,"edge":-1,"offsetX":0.0,"offsetZ":0.0,"x":24184.0,"z":23704.0,"zone":4},{"angle":0.0,"building":0,"builtAt":0.0,"edge":-1,"offsetX":0.0,"offsetZ":0.0,"x":24200.0,"z":23704.0,"zone":4},{"angle":2.2522826194763184,"building":5,"builtAt":0.0,"edge":13916,"offsetX":-2.0932695865631104,"offsetZ":-4.877505779266357,"x":24216.0,"z":23704.0,"zone":4},{"angle":0.68142169713974,"building":5,"builtAt":0.0,"edge":13920,"offsetX":-1.6337822675704956,"offsetZ":8.301788330078125,"x":24232.0,"z":23704.0,"zone":4},{"angle":-2.4601709842681885,"building":5,"builtAt":0.0,"edge":13920,"offsetX":-5.114377021789551,"offsetZ":-7.134913921356201,"x":24248.0,"z":23704.0,"zone":4},{"angle":-2.4601423740386963,"building":1,"builtAt":0.0,"edge":13920,"offsetX":-7.655180931091309,"offsetZ":5.672732830047607,"x":24264.0,"z":23704.0,"zone":3},{"angle":2.252223491668701,"building":1,"builtAt":0.0,"edge":13919,"offsetX":-0.2726516127586365,"offsetZ":8.086469650268555,"x":24280.0,"z":23704.0,"zone":3},{"angle":0.0,"building":0,"builtAt":0.0,"edge":-1,"offsetX":0.0,"offsetZ":0.0,"x":24296.0,"z":23704.0,"zone":3},{"angle":0.0,"building":0,"builtAt":0.0,"edge":-1,"offsetX":0.0,"offsetZ":0.0,"x":24312.0,"z":23704.0,"zone":3},{"angle":-0.8893449306488037,"building":2,"builtAt":0.0,"edge":12932,"offsetX":2.4476985931396484,"offsetZ":-1.634270429611206,"x":24328.0,"z":23704.0,"zone":3},{"angle":-2.4601356983184814,"building":22,"builtAt":0.0,"edge":13316,"offsetX":3.7056233882904053,"offsetZ":5.545018196105957,"x":24344.0,"z":23704.0,"zone":3},{"angle":-2.4601356983184814,"building":22,"builtAt":0.0,"edge":13316,"offsetX":-4.294325828552246,"offsetZ":-4.318510055541992,"x":24360.0,"z":23704.0,"zone":3},{"angle":2.252216100692749,"building":1,"builtAt":0.0,"edge":12956,"offsetX":0.7638989686965942,"offsetZ":-0.11521328240633011,"x":24376.0,"z":23704.0,"zone":3},{"angle":0.0,"building":0,"builtAt":0.0,"edge":-1,"offsetX":0.0,"offsetZ":0.0,"x":24120.0,"z":23720.0,"zone":4},{"angle":0.0,"building":0,"builtAt":0.0,"edge":-1,"offsetX":0.0,"offsetZ":0.0,"x":24136.0,"z":23720.0,"zone":4},{"angle":0.0,"building":0,"builtAt":0.0,"edge":-1,"offsetX":0.0,"offsetZ":0.0,"x":24152.0,"z":23720.0,"zone":4},{"angle":0.6814506649971008,"building":3,"builtAt":0.0,"edge":13297,"offsetX":-4.416891098022461,"offsetZ":-0.7193522453308105,"x":24168.0,"z":23720.0,"zone":4},{"angle":0.0,"building":0,"builtAt":0.0,"edge":-1,"offsetX":0.0,"offsetZ":0.0,"x":24184.0,"z":23720.0,"zone":4},{"angle":-2.4601268768310547,"building":5,"builtAt":0.0,"edge":13297,"offsetX":0.282716304063797,"offsetZ":-8.037588119506836,"x":24200.0,"z":23720.0,"zone":4},{"angle":0.0,"building":0,"builtAt":0.0,"edge":-1,"offsetX":0.0,"offsetZ":0.0,"x":24216.0,"z":23720.0,"zone":4},{"angle":0.0,"building":0,"builtAt":0.0,"edge":-1,"offsetX":0.0,"offsetZ":0.0,"x":24232.0,"z":23720.0,"zone":4},{"angle":0.6814502477645874,"building":6,"builtAt":0.0,"edge":13920,"offsetX":-3.741553783416748,"offsetZ":4.574628829956055,"x":24248.0,"z":23720.0,"zone":4},{"angle":-2.460155487060547,"building":2,"builtAt":0.0,"edge":13920,"offsetX":7.2204813957214355,"offsetZ":0.7308982014656067,"x":24264.0,"z":23720.0,"zone":3},{"angle":0.0,"building":0,"builtAt":0.0,"edge":-1,"offsetX":0.0,"offsetZ":0.0,"x":24280.0,"z":23720.0,"zone":3},{"angle":0.0,"building":0,"builtAt":0.0,"edge":-1,"offsetX":0.0,"offsetZ":0.0,"x":24296.0,"z":23720.0,"zone":3},{"angle":0.0,"building":0,"builtAt":0.0,"edge":-1,"offsetX":0.0,"offsetZ":0.0,"x":24312.0,"z":23720.0,"zone":3},{"angle":0.0,"building":0,"builtAt":0.0,"edge":-1,"offsetX":0.0,"offsetZ":0.0,"x":24328.0,"z":23720.0,"zone":3},{"angle":-2.4601356983184814,"building":22,"builtAt":0.0,"edge":13316,"offsetX":-4.294427394866943,"offsetZ":-0.5914531350135803,"x":24344.0,"z":23720.0,"zone":3},{"angle":2.252216100692749,"building":1,"builtAt":0.0,"edge":12956,"offsetX":6.057580947875977,"offsetZ":-2.8847968578338623,"x":24360.0,"z":23720.0,"zone":3},{"angle":0.0,"building":0,"builtAt":0.0,"edge":-1,"offsetX":0.0,"offsetZ":0.0,"x":24376.0,"z":23720.0,"zone":3},{"angle":0.0,"building":0,"builtAt":0.0,"edge":-1,"offsetX":0.0,"offsetZ":0.0,"x":24120.0,"z":23736.0,"zone":4},{"angle":0.6814290881156921,"building":3,"builtAt":0.0,"edge":13867,"offsetX":-7.418963432312012,"offsetZ":6.49083137512207,"x":24136.0,"z":23736.0,"zone":4},{"angle":-2.460156202316284,"building":5,"builtAt":0.0,"edge":13867,"offsetX":-0.24348965287208557,"offsetZ":-0.9351714253425598,"x":24152.0,"z":23736.0,"zone":4},{"angle":-2.4601457118988037,"building":3,"builtAt":0.0,"edge":13867,"offsetX":-5.414515495300293,"offsetZ":6.8617167472839355,"x":24168.0,"z":23736.0,"zone":4},{"angle":0.6814658045768738,"building":4,"builtAt":0.0,"edge":13297,"offsetX":-1.8803954124450684,"offsetZ":-1.6440891027450562,"x":24184.0,"z":23736.0,"zone":4},{"angle":0.0,"building":0,"builtAt":0.0,"edge":-1,"offsetX":0.0,"offsetZ":0.0,"x":24200.0,"z":23736.0,"zone":4},{"angle":-2.46014404296875,"building":5,"builtAt":0.0,"edge":13298,"offsetX":5.145206928253174,"offsetZ":-7.172271251678467,"x":24216.0,"z":23736.0,"zone":4},{"angle":-2.460141658782959,"building":3,"builtAt":0.0,"edge":13298,"offsetX":2.513239860534668,"offsetZ":2.6676149368286133,"x":24232.0,"z":23736.0,"zone":4},{"angle":0.0,"building":0,"builtAt":0.0,"edge":-1,"offsetX":0.0,"offsetZ":0.0,"x":24248.0,"z":23736.0,"zone":4},{"angle":0.6814371943473816,"building":2,"builtAt":0.0,"edge":13920,"offsetX":-4.435117721557617,"offsetZ":-0.8979468941688538,"x":24264.0,"z":23736.0,"zone":3},{"angle":0.0,"building":0,"builtAt":0.0,"edge":-1,"offsetX":0.0,"offsetZ":0.0,"x":24280.0,"z":23736.0,"zone":3},{"angle":-2.460118055343628,"building":1,"builtAt":0.0,"edge":13968,"offsetX":2.240954875946045,"offsetZ":7.524169921875,"x":24296.0,"z":23736.0,"zone":3},{"angle":-0.8893690705299377,"building":22,"builtAt":0.0,"edge":13919,"offsetX":-6.009950160980225,"offsetZ":-2.6138317584991455,"x":24312.0,"z":23736.0,"zone":3},{"angle":0.6814569234848022,"building":12,"builtAt":0.0,"edge":13316,"offsetX":-2.771904945373535,"offsetZ":1.2583122253417969,"x":24328.0,"z":23736.0,"zone":4},{"angle":0.0,"building":0,"builtAt":0.0,"edge":-1,"offsetX":0.0,"offsetZ":0.0,"x":24344.0,"z":23736.0,"zone":3},{"angle":2.2522284984588623,"building":1,"builtAt":0.0,"edge":12956,"offsetX":-4.647260665893555,"offsetZ":-5.656870365142822,"x":24360.0,"z":23736.0,"zone":3},{"angle":-0.8893765211105347,"building":22,"builtAt":0.0,"edge":12956,"offsetX":5.840118408203125,"offsetZ":-6.084964275360107,"x":24376.0,"z":23736.0,"zone":3},{"angle":-2.460148811340332,"building":3,"builtAt":0.0,"edge":13279,"offsetX":-3.748384475708008,"offsetZ":6.22449254989624,"x":24120.0,"z":23752.0,"zone":4},{"angle":0.6814364790916443,"building":5,"builtAt":0.0,"edge":13867,"offsetX":3.3919272422790527,"offsetZ":-1.689828634262085,"x":24136.0,"z":23752.0,"zone":4},{"angle":0.0,"building":0,"builtAt":0.0,"edge":-1,"offsetX":0.0,"offsetZ":0.0,"x":24152.0,"z":23752.0,"zone":4},{"angle":0.0,"building":0,"builtAt":0.0,"edge":-1,"offsetX":0.0,"offsetZ":0.0,"x":24168.0,"z":23752.0,"zone":4},{"angle":0.0,"building":0,"builtAt":0.0,"edge":-1,"offsetX":0.0,"offsetZ":0.0,"x":24184.0,"z":23752.0,"zone":4},{"angle":0.6814486980438232,"building":3,"builtAt":0.0,"edge":13298,"offsetX":2.9281845092773438,"offsetZ":-0.7115193605422974,"x":24200.0,"z":23752.0,"zone":4},{"angle":0.0,"building":0,"builtAt":0.0,"edge":-1,"offsetX":0.0,"offsetZ":0.0,"x":24216.0,"z":23752.0,"zone":4},{"angle":0.0,"building":0,"builtAt":0.0,"edge":-1,"offsetX":0.0,"offsetZ":0.0,"x":24232.0,"z":23752.0,"zone":4},{"angle":-2.4601430892944336,"building":1,"builtAt":0.0,"edge":13298,"offsetX":-2.0073299407958984,"offsetZ":-1.1659783124923706,"x":24248.0,"z":23752.0,"zone":3},{"angle":0.0,"building":0,"builtAt":0.0,"edge":-1,"offsetX":0.0,"offsetZ":0.0,"x":24264.0,"z":23752.0,"zone":3},{"angle":0.0,"building":0,"builtAt":0.0,"edge":-1,"offsetX":0.0,"offsetZ":0.0,"x":24280.0,"z":23752.0,"zone":3},{"angle":0.0,"building":0,"builtAt":0.0,"edge":-1,"offsetX":0.0,"offsetZ":0.0,"x":24296.0,"z":23752.0,"zone":3},{"angle":-2.460118055343628,"building":3,"builtAt":0.0,"edge":13968,"offsetX":1.0539374351501465,"offsetZ":0.6009067893028259,"x":24312.0,"z":23752.0,"zone":3},{"angle":0.0,"building":0,"builtAt":0.0,"edge":-1,"offsetX":0.0,"offsetZ":0.0,"x":24328.0,"z":23752.0,"zone":3},{"angle":2.252286911010742,"building":2,"builtAt":0.0,"edge":13967,"offsetX":-4.31481409072876,"offsetZ":-3.4959464073181152,"x":24344.0,"z":23752.0,"zone":3},{"angle":0.0,"building":0,"builtAt":0.0,"edge":-1,"offsetX":0.0,"offsetZ":0.0,"x":24360.0,"z":23752.0,"zone":3},{"angle":0.0,"building":0,"builtAt":0.0,"edge":-1,"offsetX":0.0,"offsetZ":0.0,"x":24376.0,"z":23752.0,"zone":3},{"angle":0.0,"building":0,"builtAt":0.0,"edge":-1,"offsetX":0.0,"offsetZ":0.0,"x":24120.0,"z":23768.0,"zone":4},{"angle":-2.4601643085479736,"building":3,"builtAt":0.0,"edge":13279,"offsetX":-0.5097224712371826,"offsetZ":5.789901256561279,"x":24136.0,"z":23768.0,"zone":4},{"angle":2.252201795578003,"building":5,"builtAt":0.0,"edge":13865,"offsetX":7.266538143157959,"offsetZ":-1.437010645866394,"x":24152.0,"z":23768.0,"zone":4},{"angle":0.0,"building":0,"builtAt":0.0,"edge":-1,"offsetX":0.0,"offsetZ":0.0,"x":24168.0,"z":23768.0,"zone":4},{"angle":0.0,"building":0,"builtAt":0.0,"edge":-1,"offsetX":0.0,"offsetZ":0.0,"x":24184.0,"z":23768.0,"zone":4},{"angle":-2.460141181945801,"building":6,"builtAt":0.0,"edge":13915,"offsetX":-1.9083888530731201,"offsetZ":3.5614821910858154,"x":24200.0,"z":23768.0,"zone":4},{"angle":0.6814509034156799,"building":3,"builtAt":0.0,"edge":13298,"offsetX":-0.21406996250152588,"offsetZ":-6.242576599121094,"x":24216.0,"z":23768.0,"zone":4},{"angle":0.6814495921134949,"building":5,"builtAt":0.0,"edge":13298,"offsetX":-2.8850762844085693,"offsetZ":3.6434693336486816,"x":24232.0,"z":23768.0,"zone":4},{"angle":0.0,"building":0,"builtAt":0.0,"edge":-1,"offsetX":0.0,"offsetZ":0.0,"x":24248.0,"z":23768.0,"zone":3},{"angle":0.0,"building":0,"builtAt":0.0,"edge":-1,"offsetX":0.0,"offsetZ":0.0,"x":24264.0,"z":23768.0,"zone":3},{"angle":-0.8893424272537231,"building":2,"builtAt":0.0,"edge":13918,"offsetX":-1.1172178983688354,"offsetZ":-2.1888198852539063,"x":24280.0,"z":23768.0,"zone":3},{"angle":0.6814746260643005,"building":22,"builtAt":0.0,"edge":13968,"offsetX":3.9526541233062744,"offsetZ":0.7533313035964966,"x":24296.0,"z":23768.0,"zone":3},{"angle":0.0,"building":0,"builtAt":0.0,"edge":-1,"offsetX":0.0,"offsetZ":0.0,"x":24312.0,"z":23768.0,"zone":3},{"angle":2.2522470951080322,"building":22,"builtAt":0.0,"edge":13967,"offsetX":-0.984815239906311,"offsetZ":-4.811115741729736,"x":24328.0,"z":23768.0,"zone":3},{"angle":0.0,"building":0,"builtAt":0.0,"edge":-1,"offsetX":0.0,"offsetZ":0.0,"x":24344.0,"z":23768.0,"zone":3},{"angle":-0.889305830001831,"building":2,"builtAt":0.0,"edge":13967,"offsetX":-4.502233505249023,"offsetZ":-6.669894695281982,"x":24360.0,"z":23768.0,"zone":3},{"angle":0.0,"building":0,"builtAt":0.0,"edge":-1,"offsetX":0.0,"offsetZ":0.0,"x":24376.0,"z":23768.0,"zone":3},{"angle":0.0,"building":0,"builtAt":0.0,"edge":-1,"offsetX":0.0,"offsetZ":0.0,"x":24120.0,"z":23784.0,"zone":4},{"angle":0.0,"building":0,"builtAt":0.0,"edge":-1,"offsetX":0.0,"offsetZ":0.0,"x":24136.0,"z":23784.0,"zone":4},{"angle":0.0,"building":0,"builtAt":0.0,"edge":-1,"offsetX":0.0,"offsetZ":0.0,"x":24152.0,"z":23784.0,"zone":4},{"angle":0.0,"building":0,"builtAt":0.0,"edge":-1,"offsetX":0.0,"offsetZ":0.0,"x":24168.0,"z":23784.0,"zone":4},{"angle":0.6814515590667725,"building":3,"builtAt":0.0,"edge":13915,"offsetX":0.6662012934684753,"offsetZ":4.1142988204956055,"x":24184.0,"z":23784.0,"zone":4},{"angle":0.0,"building":0,"builtAt":0.0,"edge":-1,"offsetX":0.0,"offsetZ":0.0,"x":24200.0,"z":23784.0,"zone":4},{"angle":-2.4601402282714844,"building":5,"builtAt":0.0,"edge":13915,"offsetX":1.0855140686035156,"offsetZ":3.8696911334991455,"x":24216.0,"z":23784.0,"zone":4},{"angle":0.0,"building":0,"builtAt":0.0,"edge":-1,"offsetX":0.0,"offsetZ":0.0,"x":24232.0,"z":23784.0,"zone":3},{"angle":0.0,"building":0,"builtAt":0.0,"edge":-1,"offsetX":0.0,"offsetZ":0.0,"x":24248.0,"z":23784.0,"zone":3},{"angle":0.0,"building":0,"builtAt":0.0,"edge":-1,"offsetX":0.0,"offsetZ":0.0,"x":24264.0,"z":23784.0,"zone":3},{"angle":-2.460134506225586,"building":22,"builtAt":0.0,"edge":13299,"offsetX":7.200653076171875,"offsetZ":-1.6011860370635986,"x":24280.0,"z":23784.0,"zone":3},{"angle":0.0,"building":0,"builtAt":0.0,"edge":-1,"offsetX":0.0,"offsetZ":0.0,"x":24296.0,"z":23784.0,"zone":3},{"angle":2.2522799968719482,"building":1,"builtAt":0.0,"edge":13966,"offsetX":1.7720768451690674,"offsetZ":-2.303173542022705,"x":24312.0,"z":23784.0,"zone":3},{"angle":0.0,"building":0,"builtAt":0.0,"edge":-1,"offsetX":0.0,"offsetZ":0.0,"x":24328.0,"z":23784.0,"zone":3},{"angle":-0.8893455266952515,"building":22,"builtAt":0.0,"edge":13967,"offsetX":-0.24460305273532867,"offsetZ":-7.233736991882324,"x":24344.0,"z":23784.0,"zone":3},{"angle":-0.8893455266952515,"building":2,"builtAt":0.0,"edge":13967,"offsetX":-6.769355297088623,"offsetZ":0.45129290223121643,"x":24360.0,"z":23784.0,"zone":3},{"angle":0.0,"building":0,"builtAt":0.0,"edge":-1,"offsetX":0.0,"offsetZ":0.0,"x":24376.0,"z":23784.0,"zone":3},{"angle":0.0,"building":0,"builtAt":0.0,"edge":-1,"offsetX":0.0,"offsetZ":0.0,"x":24120.0,"z":23800.0,"zone":4},{"angle":0.6814245581626892,"building":6,"builtAt":0.0,"edge":13279,"offsetX":-8.263826370239258,"offsetZ":2.9965758323669434,"x":24136.0,"z":23800.0,"zone":4},{"angle":0.0,"building":0,"builtAt":0.0,"edge":-1,"offsetX":0.0,"offsetZ":0.0,"x":24152.0,"z":23800.0,"zone":4},{"angle":-2.460118055343628,"building":5,"builtAt":0.0,"edge":13280,"offsetX":-4.052587032318115,"offsetZ":-2.238645076751709,"x":24168.0,"z":23800.0,"zone":4},{"angle":0.0,"building":0,"builtAt":0.0,"edge":-1,"offsetX":0.0,"offsetZ":0.0,"x":24184.0,"z":23800.0,"zone":4},{"angle":0.0,"building":0,"builtAt":0.0,"edge":-1,"offsetX":0.0,"offsetZ":0.0,"x":24200.0,"z":23800.0,"zone":4},{"angle":0.0,"building":0,"builtAt":0.0,"edge":-1,"offsetX":0.0,"offsetZ":0.0,"x":24216.0,"z":23800.0,"zone":4},{"angle":0.0,"building":0,"builtAt":0.0,"edge":-1,"offsetX":0.0,"offsetZ":0.0,"x":24232.0,"z":23800.0,"zone":3},{"angle":-0.8893441557884216,"building":1,"builtAt":0.0,"edge":13914,"offsetX":2.38733172416687,"offsetZ":-0.28208062052726746,"x":24248.0,"z":23800.0,"zone":3},{"angle":0.681458055973053,"building":22,"builtAt":0.0,"edge":13299,"offsetX":5.44960880279541,"offsetZ":4.2846174240112305,"x":24264.0,"z":23800.0,"zone":3},{"angle":0.0,"building":0,"builtAt":0.0,"edge":-1,"offsetX":0.0,"offsetZ":0.0,"x":24280.0,"z":23800.0,"zone":3},{"angle":-2.4601528644561768,"building":2,"builtAt":0.0,"edge":13299,"offsetX":2.685356378555298,"offsetZ":-7.56892204284668,"x":24296.0,"z":23800.0,"zone":3},{"angle":-0.8893820643424988,"building":2,"builtAt":0.0,"edge":13966,"offsetX":6.448911666870117,"offsetZ":6.947901248931885,"x":24312.0,"z":23800.0,"zone":3},{"angle":-0.8893126845359802,"building":1,"builtAt":0.0,"edge":13966,"offsetX":0.3708116114139557,"offsetZ":-6.461874008178711,"x":24328.0,"z":23800.0,"zone":3},{"angle":-0.8893126845359802,"building":2,"builtAt":0.0,"edge":13966,"offsetX":-7.124991416931152,"offsetZ":0.436034619808197,"x":24344.0,"z":23800.0,"zone":3},{"angle":0.0,"building":0,"builtAt":0.0,"edge":-1,"offsetX":0.0,"offsetZ":0.0,"x":24360.0,"z":23800.0,"zone":3},{"angle":2.2522425651550293,"building":22,"builtAt":0.0,"edge":12975,"offsetX":2.1745519638061523,"offsetZ":5.092523574829102,"x":24376.0,"z":23800.0,"zone":3},{"angle":0.0,"building":0,"builtAt":0.0,"edge":-1,"offsetX":0.0,"offsetZ":0.0,"x":24120.0,"z":23816.0,"zone":4},{"angle":0.0,"building":0,"builtAt":0.0,"edge":-1,"offsetX":0.0,"offsetZ":0.0,"x":24136.0,"z":23816.0,"zone":4},{"angle":0.681474506855011,"building":3,"builtAt":0.0,"edge":13280,"offsetX":-5.007899761199951,"offsetZ":2.665374994277954,"x":24152.0,"z":23816.0,"zone":4},{"angle":0.0,"building":0,"builtAt":0.0,"edge":-1,"offsetX":0.0,"offsetZ":0.0,"x":24168.0,"z":23816.0,"zone":4},{"angle":0.0,"building":0,"builtAt":0.0,"edge":-1,"offsetX":0.0,"offsetZ":0.0,"x":24184.0,"z":23816.0,"zone":4},{"angle":2.2522544860839844,"building":5,"builtAt":0.0,"edge":13913,"offsetX":-3.4997942447662354,"offsetZ":-3.5718746185302734,"x":24200.0,"z":23816.0,"zone":4},{"angle":0.0,"building":0,"builtAt":0.0,"edge":-1,"offsetX":0.0,"offsetZ":0.0,"x":24216.0,"z":23816.0,"zone":3},{"angle":0.0,"building":0,"builtAt":0.0,"edge":-1,"offsetX":0.0,"offsetZ":0.0,"x":24232.0,"z":23816.0,"zone":3},{"angle":-2.460146903991699,"building":1,"builtAt":0.0,"edge":13965,"offsetX":-4.702062606811523,"offsetZ":-5.03186559677124,"x":24248.0,"z":23816.0,"zone":3},{"angle":-2.460153579711914,"building":2,"builtAt":0.0,"edge":13965,"offsetX":-6.684779644012451,"offsetZ":5.3215813636779785,"x":24264.0,"z":23816.0,"zone":3},{"angle":0.6814397573471069,"building":2,"builtAt":0.0,"edge":13299,"offsetX":1.6340430974960327,"offsetZ":-2.545053482055664,"x":24280.0,"z":23816.0,"zone":3},{"angle":0.0,"building":0,"builtAt":0.0,"edge":-1,"offsetX":0.0,"offsetZ":0.0,"x":24296.0,"z":23816.0,"zone":3},{"angle":0.0,"building":0,"builtAt":0.0,"edge":-1,"offsetX":0.0,"offsetZ":0.0,"x":24312.0,"z":23816.0,"zone":3},{"angle":0.0,"building":0,"builtAt":0.0,"edge":-1,"offsetX":0.0,"offsetZ":0.0,"x":24328.0,"z":23816.0,"zone":3},{"angle":0.0,"building":0,"builtAt":0.0,"edge":-1,"offsetX":0.0,"offsetZ":0.0,"x":24344.0,"z":23816.0,"zone":3},{"angle":-2.4601523876190186,"building":1,"builtAt":0.0,"edge":13300,"offsetX":-1.480333924293518,"offsetZ":6.839914798736572,"x":24360.0,"z":23816.0,"zone":3},{"angle":0.0,"building":0,"builtAt":0.0,"edge":-1,"offsetX":0.0,"offsetZ":0.0,"x":24376.0,"z":23816.0,"zone":3},{"angle":-0.8893335461616516,"building":6,"builtAt":0.0,"edge":12905,"offsetX":8.369619369506836,"offsetZ":7.637101173400879,"x":24120.0,"z":23832.0,"zone":4},{"angle":-0.8893336653709412,"building":5,"builtAt":0.0,"edge":12905,"offsetX":1.0052577257156372,"offsetZ":-4.226216793060303,"x":24136.0,"z":23832.0,"zone":4},{"angle":0.0,"building":0,"builtAt":0.0,"edge":-1,"offsetX":0.0,"offsetZ":0.0,"x":24152.0,"z":23832.0,"zone":4},{"angle":0.6814512610435486,"building":5,"builtAt":0.0,"edge":13280,"offsetX":-7.015697956085205,"offsetZ":-2.9103903770446777,"x":24168.0,"z":23832.0,"zone":4},{"angle":0.0,"building":0,"builtAt":0.0,"edge":-1,"offsetX":0.0,"offsetZ":0.0,"x":24184.0,"z":23832.0,"zone":3},{"angle":0.0,"building":0,"builtAt":0.0,"edge":-1,"offsetX":0.0,"offsetZ":0.0,"x":24200.0,"z":23832.0,"zone":3},{"angle":-0.8893382549285889,"building":2,"builtAt":0.0,"edge":13913,"offsetX":7.370224475860596,"offsetZ":2.221745729446411,"x":24216.0,"z":23832.0,"zone":3},{"angle":0.6814456582069397,"building":2,"builtAt":0.0,"edge":13965,"offsetX":0.0811879113316536,"offsetZ":-7.202043533325195,"x":24232.0,"z":23832.0,"zone":3},{"angle":0.6814391613006592,"building":22,"builtAt":0.0,"edge":13965,"offsetX":-2.7888317108154297,"offsetZ":4.245611190795898,"x":24248.0,"z":23832.0,"zone":3},{"angle":-2.4601383209228516,"building":2,"builtAt":0.0,"edge":13965,"offsetX":6.860041618347168,"offsetZ":0.25982865691185,"x":24264.0,"z":23832.0,"zone":3},{"angle":0.0,"building":0,"builtAt":0.0,"edge":-1,"offsetX":0.0,"offsetZ":0.0,"x":24280.0,"z":23832.0,"zone":3},{"angle":-0.889312744140625,"building":2,"builtAt":0.0,"edge":13964,"offsetX":3.954041004180908,"offsetZ":-2.263199806213379,"x":24296.0,"z":23832.0,"zone":3},{"angle":0.0,"building":0,"builtAt":0.0,"edge":-1,"offsetX":0.0,"offsetZ":0.0,"x":24312.0,"z":23832.0,"zone":3},{"angle":0.0,"building":0,"builtAt":0.0,"edge":-1,"offsetX":0.0,"offsetZ":0.0,"x":24328.0,"z":23832.0,"zone":3},{"angle":-2.4601523876190186,"building":3,"builtAt":0.0,"edge":13300,"offsetX":6.677258491516113,"offsetZ":0.5094102621078491,"x":24344.0,"z":23832.0,"zone":3},{"angle":0.0,"building":0,"builtAt":0.0,"edge":-1,"offsetX":0.0,"offsetZ":0.0,"x":24360.0,"z":23832.0,"zone":3},{"angle":-0.8893610239028931,"building":1,"builtAt":0.0,"edge":12975,"offsetX":5.940396785736084,"offsetZ":0.885206937789917,"x":24376.0,"z":23832.0,"zone":3},{"angle":-0.8893309235572815,"building":5,"builtAt":0.0,"edge":12905,"offsetX":-1.4291815757751465,"offsetZ":2.5570321083068848,"x":24120.0,"z":23848.0,"zone":4},{"angle":-2.460141658782959,"building":22,"builtAt":0.0,"edge":13263,"offsetX":4.917278289794922,"offsetZ":4.317948818206787,"x":24136.0,"z":23848.0,"zone":4},{"angle":0.0,"building":0,"builtAt":0.0,"edge":-1,"offsetX":0.0,"offsetZ":0.0,"x":24152.0,"z":23848.0,"zone":4},{"angle":2.252253532409668,"building":2,"builtAt":0.0,"edge":12929,"offsetX":3.917691469192505,"offsetZ":-4.106988906860352,"x":24168.0,"z":23848.0,"zone":3},{"angle":0.0,"building":0,"builtAt":0.0,"edge":-1,"offsetX":0.0,"offsetZ":0.0,"x":24184.0,"z":23848.0,"zone":3},{"angle":0.0,"building":0,"builtAt":0.0,"edge":-1,"offsetX":0.0,"offsetZ":0.0,"x":24200.0,"z":23848.0,"zone":3},{"angle":-2.4601595401763916,"building":1,"builtAt":0.0,"edge":13281,"offsetX":1.5349116325378418,"offsetZ":-5.021668910980225,"x":24216.0,"z":23848.0,"zone":3},{"angle":-2.4601502418518066,"building":2,"builtAt":0.0,"edge":13281,"offsetX":-1.4731359481811523,"offsetZ":4.506253242492676,"x":24232.0,"z":23848.0,"zone":3},{"angle":0.0,"building":0,"builtAt":0.0,"edge":-1,"offsetX":0.0,"offsetZ":0.0,"x":24248.0,"z":23848.0,"zone":3},{"angle":2.25219988822937,"building":2,"builtAt":0.0,"edge":13963,"offsetX":-5.5043511390686035,"offsetZ":0.6997568011283875,"x":24264.0,"z":23848.0,"zone":3},{"angle":0.0,"building":0,"builtAt":0.0,"edge":-1,"offsetX":0.0,"offsetZ":0.0,"x":24280.0,"z":23848.0,"zone":3},{"angle":-0.8893073201179504,"building":9,"builtAt":0.0,"edge":13964,"offsetX":-7.772511005401611,"offsetZ":-4.036646366119385,"x":24296.0,"z":23848.0,"zone":3},{"angle":0.6814513802528381,"building":2,"builtAt":0.0,"edge":13300,"offsetX":6.445250511169434,"offsetZ":-4.565215587615967,"x":24312.0,"z":23848.0,"zone":3},{"angle":0.6814402341842651,"building":1,"builtAt":0.0,"edge":13300,"offsetX":4.994560241699219,"offsetZ":6.311740875244141,"x":24328.0,"z":23848.0,"zone":3},{"angle":0.0,"building":0,"builtAt":0.0,"edge":-1,"offsetX":0.0,"offsetZ":0.0,"x":24344.0,"z":23848.0,"zone":3},{"angle":0.0,"building":0,"builtAt":0.0,"edge":-1,"offsetX":0.0,"offsetZ":0.0,"x":24360.0,"z":23848.0,"zone":3},{"angle":-2.460163116455078,"building":1,"builtAt":0.0,"edge":13301,"offsetX":-2.968886137008667,"offsetZ":5.472465991973877,"x":24376.0,"z":23848.0,"zone":3},{"angle":0.0,"building":0,"builtAt":0.0,"edge":-1,"offsetX":0.0,"offsetZ":0.0,"x":24120.0,"z":23864.0,"zone":3},{"angle":-2.460141658782959,"building":22,"builtAt":0.0,"edge":13263,"offsetX":-3.0827133655548096,"offsetZ":-1.8184751272201538,"x":24136.0,"z":23864.0,"zone":3},{"angle":2.252227306365967,"building":1,"builtAt":0.0,"edge":12929,"offsetX":0.513929009437561,"offsetZ":4.960330963134766,"x":24152.0,"z":23864.0,"zone":3},{"angle":2.2522449493408203,"building":2,"builtAt":0.0,"edge":12929,"offsetX":-6.07537317276001,"offsetZ":-7.8087944984436035,"x":24168.0,"z":23864.0,"zone":3},{"angle":0.0,"building":0,"builtAt":0.0,"edge":-1,"offsetX":0.0,"offsetZ":0.0,"x":24184.0,"z":23864.0,"zone":3},{"angle":-0.8893392086029053,"building":1,"builtAt":0.0,"edge":12929,"offsetX":-2.346407413482666,"offsetZ":0.7667375802993774,"x":24200.0,"z":23864.0,"zone":3},{"angle":0.6814424395561218,"building":1,"builtAt":0.0,"edge":13281,"offsetX":-0.7527654767036438,"offsetZ":7.345574378967285,"x":24216.0,"z":23864.0,"zone":3},{"angle":0.0,"building":0,"builtAt":0.0,"edge":-1,"offsetX":0.0,"offsetZ":0.0,"x":24232.0,"z":23864.0,"zone":3},{"angle":2.2522294521331787,"building":3,"builtAt":0.0,"edge":13963,"offsetX":-2.9162232875823975,"offsetZ":-1.1500428915023804,"x":24248.0,"z":23864.0,"zone":3},{"angle":0.0,"building":0,"builtAt":0.0,"edge":-1,"offsetX":0.0,"offsetZ":0.0,"x":24264.0,"z":23864.0,"zone":3},{"angle":-0.8893927335739136,"building":22,"builtAt":0.0,"edge":13963,"offsetX":-5.304691791534424,"offsetZ":-2.1625545024871826,"x":24280.0,"z":23864.0,"zone":3},{"angle":0.0,"building":0,"builtAt":0.0,"edge":-1,"offsetX":0.0,"offsetZ":0.0,"x":24296.0,"z":23864.0,"zone":3},{"angle":0.6814402341842651,"building":1,"builtAt":0.0,"edge":13300,"offsetX":7.199481964111328,"offsetZ":7.320732593536377,"x":24312.0,"z":23864.0,"zone":3},{"angle":0.6814402341842651,"building":2,"builtAt":0.0,"edge":13300,"offsetX":-1.9029790163040161,"offsetZ":-1.1837632656097412,"x":24328.0,"z":23864.0,"zone":3},{"angle":0.0,"building":0,"builtAt":0.0,"edge":-1,"offsetX":0.0,"offsetZ":0.0,"x":24344.0,"z":23864.0,"zone":3},{"angle":0.0,"building":0,"builtAt":0.0,"edge":-1,"offsetX":0.0,"offsetZ":0.0,"x":24360.0,"z":23864.0,"zone":3},{"angle":0.0,"building":0,"builtAt":0.0,"edge":-1,"offsetX":0.0,"offsetZ":0.0,"x":24376.0,"z":23864.0,"zone":3},{"angle":0.6814510226249695,"building":3,"builtAt":0.0,"edge":13263,"offsetX":-0.9781666994094849,"offsetZ":-0.6861004829406738,"x":24120.0,"z":23880.0,"zone":3},{"angle":0.0,"building":0,"builtAt":0.0,"edge":-1,"offsetX":0.0,"offsetZ":0.0,"x":24136.0,"z":23880.0,"zone":3},{"angle":0.0,"building":0,"builtAt":0.0,"edge":-1,"offsetX":0.0,"offsetZ":0.0,"x":24152.0,"z":23880.0,"zone":3},{"angle":0.0,"building":0,"builtAt":0.0,"edge":-1,"offsetX":0.0,"offsetZ":0.0,"x":24168.0,"z":23880.0,"zone":3},{"angle":-0.8893476724624634,"building":22,"builtAt":0.0,"edge":12929,"offsetX":4.715261936187744,"offsetZ":-2.0799789428710938,"x":24184.0,"z":23880.0,"zone":3},{"angle":-0.8893476724624634,"building":2,"builtAt":0.0,"edge":12929,"offsetX":-1.8094741106033325,"offsetZ":5.605030536651611,"x":24200.0,"z":23880.0,"zone":3},{"angle":0.6814424395561218,"building":1,"builtAt":0.0,"edge":13281,"offsetX":-7.177887916564941,"offsetZ":-0.7324435114860535,"x":24216.0,"z":23880.0,"zone":3},{"angle":0.6814351677894592,"building":22,"builtAt":0.0,"edge":13281,"offsetX":-5.124192714691162,"offsetZ":2.552527666091919,"x":24232.0,"z":23880.0,"zone":3},{"angle":0.0,"building":0,"builtAt":0.0,"edge":-1,"offsetX":0.0,"offsetZ":0.0,"x":24248.0,"z":23880.0,"zone":3},{"angle":-2.460120439529419,"building":1,"builtAt":0.0,"edge":13282,"offsetX":-0.1702347695827484,"offsetZ":0.36719614267349243,"x":24264.0,"z":23880.0,"zone":3},{"angle":0.0,"building":0,"builtAt":0.0,"edge":-1,"offsetX":0.0,"offsetZ":0.0,"x":24280.0,"z":23880.0,"zone":3},{"angle":0.0,"building":0,"builtAt":0.0,"edge":-1,"offsetX":0.0,"offsetZ":0.0,"x":24296.0,"z":23880.0,"zone":3},{"angle":0.0,"building":0,"builtAt":0.0,"edge":-1,"offsetX":0.0,"offsetZ":0.0,"x":24312.0,"z":23880.0,"zone":3},{"angle":0.0,"building":0,"builtAt":0.0,"edge":-1,"offsetX":0.0,"offsetZ":0.0,"x":24328.0,"z":23880.0,"zone":3},{"angle":0.6814295053482056,"building":2,"builtAt":0.0,"edge":13301,"offsetX":4.860622882843018,"offsetZ":3.2747409343719482,"x":24344.0,"z":23880.0,"zone":3},{"angle":0.6814295053482056,"building":2,"builtAt":0.0,"edge":13301,"offsetX":-3.769501209259033,"offsetZ":-5.812334060668945,"x":24360.0,"z":23880.0,"zone":3},{"angle":0.0,"building":0,"builtAt":0.0,"edge":-1,"offsetX":0.0,"offsetZ":0.0,"x":24376.0,"z":23880.0,"zone":3},{"angle":0.0,"building":0,"builtAt":0.0,"edge":-1,"offsetX":0.0,"offsetZ":0.0,"x":24120.0,"z":23896.0,"zone":3},{"angle":0.6814523339271545,"building":2,"builtAt":0.0,"edge":13263,"offsetX":-1.9446426630020142,"offsetZ":-6.384598731994629,"x":24136.0,"z":23896.0,"zone":3},{"angle":0.0,"building":0,"builtAt":0.0,"edge":-1,"offsetX":0.0,"offsetZ":0.0,"x":24152.0,"z":23896.0,"zone":3},{"angle":0.0,"building":0,"builtAt":0.0,"edge":-1,"offsetX":0.0,"offsetZ":0.0,"x":24168.0,"z":23896.0,"zone":3},{"angle":-0.8893652558326721,"building":2,"builtAt":0.0,"edge":12929,"offsetX":-5.706597805023193,"offsetZ":-6.131718158721924,"x":24184.0,"z":23896.0,"zone":3},{"angle":-2.460132598876953,"building":1,"builtAt":0.0,"edge":13264,"offsetX":-5.5728678703308105,"offsetZ":2.5290729999542236,"x":24200.0,"z":23896.0,"zone":3},{"angle":2.252258777618408,"building":22,"builtAt":0.0,"edge":12953,"offsetX":-0.5795812010765076,"offsetZ":4.807994365692139,"x":24216.0,"z":23896.0,"zone":3},{"angle":0.0,"building":0,"builtAt":0.0,"edge":-1,"offsetX":0.0,"offsetZ":0.0,"x":24232.0,"z":23896.0,"zone":3},{"angle":0.68147212266922,"building":2,"builtAt":0.0,"edge":13282,"offsetX":0.43848636746406555,"offsetZ":3.343026876449585,"x":24248.0,"z":23896.0,"zone":3},{"angle":0.0,"building":0,"builtAt":0.0,"edge":-1,"offsetX":0.0,"offsetZ":0.0,"x":24264.0,"z":23896.0,"zone":3},{"angle":0.0,"building":0,"builtAt":0.0,"edge":-1,"offsetX":0.0,"offsetZ":0.0,"x":24280.0,"z":23896.0,"zone":3},{"angle":-2.4601526260375977,"building":1,"builtAt":0.0,"edge":13282,"offsetX":4.047951698303223,"offsetZ":0.5160175561904907,"x":24296.0,"z":23896.0,"zone":3},{"angle":0.0,"building":0,"builtAt":0.0,"edge":-1,"offsetX":0.0,"offsetZ":0.0,"x":24312.0,"z":23896.0,"zone":3},{"angle":0.0,"building":0,"builtAt":0.0,"edge":-1,"offsetX":0.0,"offsetZ":0.0,"x":24328.0,"z":23896.0,"zone":3},{"angle":0.0,"building":0,"builtAt":0.0,"edge":-1,"offsetX":0.0,"offsetZ":0.0,"x":24344.0,"z":23896.0,"zone":3},{"angle":0.0,"building":0,"builtAt":0.0,"edge":-1,"offsetX":0.0,"offsetZ":0.0,"x":24360.0,"z":23896.0,"zone":3},{"angle":0.6814571619033813,"building":1,"builtAt":0.0,"edge":13301,"offsetX":7.092221260070801,"offsetZ":-0.9299120306968689,"x":24376.0,"z":23896.0,"zone":3}],"zonePalette":false}
[158.512s] [PlaytestCommand] id=2 action=plan
[173.063s] [Streaming] terrain workerMs=99.90 uploadTotalMs=1.90 maxFrameUploadMs=1.90 uploadFrames=1
[173.063s] [LandscapeStreaming] key=94489280534 terrainMs=85.52 masksMs=0.93 patchesMs=13.37 woodlandMs=0.00 landscapeVertices=42603 landscapeTriangles=16905
[173.063s] [TravelCost] frame=16407 total=2180.50 terrain=5.43 road=7.02 parts=0.00 node=0.00 marks=0.00 furniture=0.00 fallback=0.00 edges=0 nodes=0
[173.063s] [PlaytestInput] frame=16407 key=Escape
[173.063s] [PlaytestState] {"cameraMode":0,"commandId":2,"commandInput":"","commandMessage":"","commandPalette":false,"cursorX":400,"cursorY":322,"development":{"completed":0,"count":0},"draftMessage":"","draftPoints":2,"draftValid":false,"driving":false,"editMode":1,"eyeY":127.85540962219238,"focusX":24252.0,"focusY":32.575355529785156,"focusZ":23772.0,"focused":true,"fps":100.19218683110329,"fpsGraph":false,"frame":16407,"funds":30.0,"gameHour":8.039999961853027,"income":30.30898,"localMapCenter":[24252.0,23772.0],"localMapHeadingUp":false,"localMapSpan":2000.0,"logicMs":0.004,"maintenance":22.71789867024176,"map":false,"mapBuilds":1,"mapContext":false,"mapCustomPixelShader":false,"mapX":24252.0,"mapZ":23772.0,"mapZoom":4.0,"nearbyRoads":[{"id":13765,"length":50.096553802490234,"open":true,"points":[[24184.24609375,37.4201545715332,23402.494140625],[24186.875701653287,37.40728381084992,23399.251700376903],[24189.505321628036,37.39441322377609,23396.009269413647],[24192.13495535041,37.38154279538986,23392.76685086862],[24194.764607319616,37.3686724969565,23389.524444394105],[24197.39427686403,37.35580232505256,23386.28205601808],[24200.023969426198,37.34293224633382,23383.03968422982],[24202.653686687965,37.3300622458652,23379.797332155933],[24205.28343221296,37.31719229950511,23376.55500060337],[24207.913208624905,37.3043223877148,23373.312691538697],[24210.54301290479,37.29145251857272,23370.070413886242],[24213.172855200828,37.27858263572094,23366.82816033748],[24215.802734375,37.26571273803711,23363.5859375]],"width":6.839999675750732},{"id":12848,"length":75.3116455078125,"open":true,"points":[[24084.107421875,37.087406158447266,23525.958984375],[24088.060467116073,37.16626111068103,23521.08506040685],[24092.013515184633,37.24511625176747,23516.21113973381],[24095.96657208912,37.323971675073395,23511.33722172911],[24099.919638182968,37.40282736116019,23506.46331273845],[24103.872715586796,37.481683325840706,23501.58941692878],[24107.825811369345,37.5605396836325,23496.71553236658],[24111.778925530612,37.63939640804538,23491.841665833912],[24115.732066553086,37.718253641796956,23486.96781365497],[24119.685233023018,37.79711133019375,23482.09398435553],[24123.638427767906,37.87596950314544,23477.220181232686],[24127.591653615236,37.95482819056031,23472.346407583984],[24131.544921875,38.033687591552734,23467.47265625]],"width":6.839999675750732},{"id":13803,"length":42.66592788696289,"open":true,"points":[[24030.35546875,36.810420989990234,23592.232421875],[24032.595074936515,36.82196156057961,23589.47091519256],[24034.834717167832,36.83350218446301,23586.7094386571],[24037.07439424246,36.84504288193082,23583.947986972722],[24039.31409935193,36.85658364438469,23581.18656175571],[24041.553831294757,36.86812449212058,23578.425157708254],[24043.793586466458,36.87966543305448,23575.663772494532],[24046.033362464048,36.89120648129518,23572.902402296728],[24048.27315287956,36.902747630316185,23570.14104823402],[24050.51295771298,36.91428890661078,23567.37970352492],[24052.75277215836,36.92583031190877,23564.61836731265],[24054.992594613694,36.937371864449794,23561.857034790108],[24057.232421875,36.94891357421875,23559.095703125]],"width":6.839999675750732},{"id":12846,"length":67.05158233642578,"open":true,"points":[[23932.33984375,36.665016174316406,23713.080078125],[23935.859602655484,36.65745122294311,23708.740449793775],[23939.37936581846,36.649886408187065,23704.400825228724],[23942.8991291114,36.64232170975856,23700.06119957648],[23946.418888408632,36.63475710736793,23695.721567982335],[23949.938637068397,36.627192586136054,23691.381928694373],[23953.458367820655,36.61962813253649,23687.042280735826],[23956.978079690016,36.6120637195163,23682.70261536913],[23960.497765407727,36.60449933354903,23678.36293161607],[23964.01741896398,36.596934958402926,23674.023226945996],[23967.537046936166,36.58937055079332,23669.683483307534],[23971.056630726198,36.581806121541376,23665.343713689967],[23974.576171875,36.574241638183594,23661.00390625]],"width":6.839999675750732},{"id":13798,"length":43.819332122802734,"open":true,"points":[[23877.13671875,35.95730972290039,23781.14453125],[23879.43667615991,35.98679878586915,23778.30845421157],[23881.736678975623,36.01628748771652,23775.472413177602],[23884.036723496563,36.04577588123472,23772.636404344812],[23886.336802732694,36.075263977032684,23769.800427966748],[23888.636915658204,36.10475186217441,23766.964476943947],[23890.937058780375,36.134239592086665,23764.12854721956],[23893.237225316567,36.16372718001316,23761.292638793584],[23895.537410952373,36.193214670834266,23758.4567486234],[23897.837613841682,36.22270214106757,23755.620870623734],[23900.13782884821,36.25218962504794,23752.785002766177],[23902.438054126484,36.28167719929376,23749.949138965458],[23904.73828125,36.31116485595703,23747.11328125]],"width":6.839999675750732},{"id":12828,"length":75.30938720703125,"open":true,"points":[[24013.26953125,37.10893249511719,23468.50390625],[24017.222511742268,37.1708810068476,23463.63006072069],[24021.175491108555,37.232829739645666,23458.756215],[24025.128469283103,37.29477877226197,23453.88236758934],[24029.081446199918,37.35672818344729,23449.00851699034],[24033.034417904953,37.41867799102468,23444.13466649836],[24036.987388219233,37.480628334671515,23439.260809822343],[24040.94035601517,37.542579276520016,23434.386946772516],[24044.893314509874,37.60453079007914,23429.51308413177],[24048.846263988315,37.666482959633385,23424.63921996844],[24052.799211802725,37.72843598024197,23419.765343636907],[24056.75214834066,37.790389781096486,23414.89146540829],[24060.705078125,37.85234451293945,23410.017578125]],"width":11.699999809265137},{"id":12827,"length":85.33165740966797,"open":true,"points":[[23959.517578125,36.91480255126953,23534.77734375],[23963.996674585433,36.93097999515878,23529.254367616777],[23968.475848849805,36.94715758307664,23523.731455351623],[23972.95509053209,36.96333527551393,23518.20859783474],[23977.434389246013,36.97951303296118,23512.68578594618],[23981.913732602752,36.99569080867683,23507.163013034788],[23986.393113820086,37.01186857616892,23501.64026553667],[23990.87251490219,37.02804626844681,23496.11754371365],[23995.35193707665,37.044223887947325,23490.594824126943],[23999.831360745695,37.060401361895565,23485.072109014116],[24004.31076631146,37.07657861751818,23479.549400613523],[24008.790166215997,37.09275569775327,23474.02666166201],[24013.26953125,37.10893249511719,23468.50390625]],"width":11.699999809265137},{"id":13709,"length":44.274784088134766,"open":true,"points":[[23903.73828125,37.11899185180664,23603.55078125],[23906.062333638198,37.11048459153696,23600.68521746723],[23908.386348553508,37.10197722021235,23597.81962305773],[23910.71033726955,37.09346974619996,23594.95400762107],[23913.03431023004,37.08496218090954,23592.088381782087],[23915.35827933422,37.07645453042631,23589.222754372517],[23917.68226146896,37.06794678257984,23586.3571280755],[23920.00626105515,37.059438970838755,23583.49152094687],[23922.33029082559,37.050931098245655,23580.625940794293],[23924.654361020206,37.04242317697094,23577.760398499933],[23926.9784885285,37.03391519484421,23574.89489674798],[23929.302681929003,37.02540717012107,23572.02944847039],[23931.626953125,37.01689910888672,23569.1640625]],"width":11.699999809265137},{"id":12825,"length":67.05155181884766,"open":true,"points":[[23861.5,37.06214904785156,23655.626953125],[23865.019852805905,37.06688577552947,23651.287268684824],[23868.53966801083,37.07162254386452,23646.947553776536],[23872.059456972547,37.07635934989213,23642.607817897562],[23875.579231049614,37.08109619064771,23638.26807054566],[23879.099003804145,37.08583306613127,23633.928318502767],[23882.618783134385,37.09056996871959,23629.588575535163],[23886.138582603602,37.095306898412666,23625.248848425177],[23889.658413257974,37.10004385182243,23620.909147059323],[23893.178288661627,37.10478082894883,23616.569478220266],[23896.698217343874,37.10951782301572,23612.229854898615],[23900.218207834067,37.114254827246896,23607.890290084742],[23903.73828125,37.11899185180664,23603.55078125]],"width":11.699999809265137},{"id":12863,"length":95.55066680908203,"open":true,"points":[[23879.728515625,33.08394241333008,23906.271484375],[23884.744139429185,33.14690962367487,23900.08740381815],[23889.75976323336,33.20987670156497,23893.9033232613],[23894.775388831273,33.272843696010014,23887.71924049285],[23899.791012635458,33.33581058846346,23881.535159936],[23904.80663823336,33.398777450453714,23875.35107716755],[23909.822263831273,33.46174428595299,23869.1669943991],[23914.83788584173,33.52471107641486,23862.98291605385],[23919.85351323336,33.58767796092376,23856.7988310738],[23924.869140625,33.65064489841461,23850.61474609375],[23929.884764429185,33.713611870340856,23844.4306655369],[23934.90038823336,33.77657894823086,23838.24658498005],[23939.916015625,33.83954620361328,23832.0625]],"width":11.699999809265137},{"id":13800,"length":43.81911087036133,"open":true,"points":[[23939.916015625,33.83954620361328,23832.0625],[23942.21624357117,33.866601192475855,23829.226641270332],[23944.516467204146,33.89365621036609,23826.390779498033],[23946.816682622004,33.920711291149594,23823.554911133368],[23949.116886745254,33.94776647836784,23820.71903161239],[23951.417073203665,33.974821776858796,23817.88314042799],[23953.717239739835,34.00187723983982,23815.04723200202],[23956.017382039387,34.028932896338574,23812.211303291842],[23958.31749496488,34.05598876570684,23809.37535226904],[23960.61757502354,34.08304488664816,23806.539374876767],[23962.91761872191,34.110101297866095,23803.703367058188],[23965.217620920717,34.1371580187124,23800.86732678488],[23967.517578125,34.164215087890625,23798.03125]],"width":11.699999809265137},{"id":12865,"length":67.05329895019531,"open":true,"points":[[23995.12109375,34.48888397216797,23764.0],[23998.64062938188,34.52957832157744,23759.660190670154],[24002.160202633302,34.57027316000235,23755.320411133245],[24005.67980990219,34.61096834088757,23750.98066063098],[24009.199448845262,34.651663732229316,23746.640936851985],[24012.7191161751,34.69235919110732,23742.301238648168],[24016.23881489763,34.733054647368476,23737.961557111295],[24019.758536689937,34.77374989987762,23733.621897300804],[24023.27827826322,34.814444805714594,23729.282258068662],[24026.798036327833,34.85513922196077,23724.942638267617],[24030.317817663505,34.89583312212774,23720.603024335614],[24033.837616461224,34.936526334194355,23716.263418231687],[24037.357421875,34.97721862792969,23711.923828125]],"width":11.699999809265137},{"id":13838,"length":44.27477264404297,"open":true,"points":[[24037.357421875,34.97721862792969,23711.923828125],[24039.681514259955,34.984874387861225,23709.058298306856],[24042.005635605947,34.9925303979742,23706.19279223199],[24044.329775391227,35.0001866194645,23703.327300952984],[24046.65392309358,35.00784301352515,23700.461815520986],[24048.97806819043,35.01549954134668,23697.596326985862],[24051.302198496604,35.02315615864126,23694.730828446016],[24053.626305567086,35.03081283344134,23691.865308387547],[24055.9503759699,35.03846951734913,23688.999761444655],[24058.274400428956,35.04612617565716,23686.134177127326],[24060.59836883717,35.05378277091949,23683.268545970204],[24062.92226776348,35.061439254738005,23680.402862607305],[24065.24609375,35.069095611572266,23677.537109375]],"width":11.699999809265137},{"id":13805,"length":42.66621017456055,"open":true,"points":[[24093.13671875,35.160972595214844,23643.150390625],[24095.376478798866,35.17807311961731,23640.389140428164],[24097.61623166541,35.195173773418325,23637.62788394325],[24099.85596896586,35.21227451789498,23634.866616363466],[24102.095684719436,35.22937533267133,23632.105329919537],[24104.335370141973,35.246476175966606,23629.344020298522],[24106.575020053744,35.263577033520846,23626.582678743725],[24108.81462527028,35.28067786049566,23623.82130143613],[24111.05417660736,35.297778612052944,23621.05988455699],[24113.29367048734,35.31487928616497,23618.29841737471],[24115.533096925374,35.33197983187869,23615.536897058384],[24117.77244914044,35.349080222704444,23612.775316827],[24120.01171875,35.366180419921875,23610.013671875]],"width":11.699999809265137},{"id":12868,"length":75.3056869506836,"open":true,"points":[[24146.888671875,35.571388244628906,23576.876953125],[24150.84187114453,35.572666267647826,23572.003285452134],[24154.79502970216,35.573944412155285,23567.129585009192],[24158.74814783494,35.575222653942156,23562.255849864967],[24162.701223002638,35.576500967886844,23557.382081573513],[24166.65425549261,35.57777932978333,23552.508278202306],[24170.60724276476,35.57905771451226,23547.6344413044],[24174.560189347416,35.58033609924075,23542.760563717216],[24178.5130912864,35.5816144583929,23537.886648736127],[24182.465941800103,35.582892765478306,23533.012703142584],[24186.418753897626,35.58417100040609,23528.138709314935],[24190.371509487406,35.585449133027254,23523.264687979212],[24194.32421875,35.586727142333984,23518.390625]],"width":11.699999809265137},{"id":12869,"length":83.66351318359375,"open":true,"points":[[24194.32421875,35.586727142333984,23518.390625],[24198.716282468078,35.571062044128325,23512.97602062058],[24203.108272871577,35.555396965530576,23507.56135520152],[24207.500201953488,35.53973191214299,23502.146644242952],[24211.892089560028,35.52406686155655,23496.73189356258],[24216.283943757302,35.50840183337914,23491.317123501452],[24220.675787532586,35.4927367939972,23485.902336004074],[24225.06762502529,35.47707177702432,23480.487556252632],[24229.45948236391,35.4614067376424,23475.07278231859],[24233.851366829185,35.44574169826047,23469.658035511213],[24238.24329512582,35.430076647674014,23464.24332552093],[24242.635283958687,35.414411574678525,23458.82866203837],[24247.02734375,35.398746490478516,23453.4140625]],"width":11.699999809265137},{"id":12870,"length":100.1954345703125,"open":true,"points":[[24247.02734375,35.398746490478516,23453.4140625],[24252.286625672285,35.33585647150697,23446.929233396535],[24257.545945410602,35.27296621388653,23440.44443384452],[24262.805298461706,35.21007582607446,23433.959664196016],[24268.064685965022,35.147185349053295,23427.47491784504],[24273.324102476887,35.084294902523546,23420.99019630201],[24278.583545374742,35.021404572448546,23414.505497598435],[24283.843010154815,34.95851446728277,23408.020822084938],[24289.102499836597,34.8956246055169,23401.536160836054],[24294.36200615351,34.83273514058905,23395.05151884134],[24299.621535885934,34.769846046009924,23388.566882538275],[24304.88107324183,34.706957565185576,23382.08226619463],[24310.140625,34.64406967163086,23375.59765625]],"width":11.699999809265137},{"id":13860,"length":47.774295806884766,"open":true,"points":[[23929.4140625,32.499351501464844,23946.568359375],[23931.921953550307,32.51656212450474,23943.476464527605],[23934.42984101316,32.53377286863406,23940.38456732076],[23936.93772152532,32.55098369752456,23937.292665118686],[23939.445593517274,32.568194587157464,23934.200753074303],[23941.953452056274,32.585405490432684,23931.108830487286],[23944.461292658,32.602616363327236,23928.016896104844],[23946.96911532246,32.61982719259334,23924.924943145877],[23949.47691287473,32.63703791574318,23921.83297367587],[23951.984687108546,32.6542485318399,23918.74097870318],[23954.492430849004,32.671458978396466,23915.648960294704],[23957.00014050864,32.688669217546796,23912.556916095113],[23959.5078125,32.70587921142578,23909.46484375]],"width":13.199999809265137},{"id":12885,"length":67.05479431152344,"open":true,"points":[[24044.8046875,33.62478256225586,23804.298828125],[24048.3245399912,33.68003555464113,23799.959144072836],[24051.84435551083,33.73528916361205,23795.619428776536],[24055.364144472547,33.79054331328093,23791.279692897562],[24058.883918549614,33.845797947519294,23786.93994554566],[24062.403690045376,33.901053020077775,23782.60019505479],[24065.923470634385,33.956308474825384,23778.260450535163],[24069.443270103602,34.011564225988764,23773.920723425177],[24072.963100757974,34.06682022731537,23769.581022059323],[24076.482976161627,34.12207645231277,23765.241353220266],[24080.002904843874,34.177332795444535,23760.901729898615],[24083.522900369382,34.23258923021713,23756.562158877136],[24087.04296875,34.287845611572266,23752.22265625]],"width":13.199999809265137},{"id":13840,"length":44.27477264404297,"open":true,"points":[[24087.04296875,34.287845611572266,23752.22265625],[24089.367020930407,34.29522195075178,23749.357092723447],[24091.691035222346,34.30259851734804,23746.49149908259],[24094.015023938406,34.309975280920696,23743.625883645916],[24096.33899773004,34.31735220575073,23740.760256782087],[24098.662967665343,34.32472925743607,23737.894628347687],[24100.98694896896,34.33210641476422,23735.0290030755],[24103.310945230667,34.33948361958525,23732.16340004608],[24105.634976663336,34.346860866513346,23729.29781784386],[24107.959048520206,34.354238102672724,23726.432273499933],[24110.2831760285,34.361615306845835,23723.56677174798],[24112.607369429003,34.36899244198496,23720.70132347039],[24114.931640625,34.37636947631836,23717.8359375]],"width":13.199999809265137}],"pauseMenu":false,"pedestrians":{"completed":0,"drawCalls":0,"population":10000,"renderMs":0.07,"ridingCar":0,"ridingTrain":0,"updateMs":0.0,"visible":0,"waitingCar":0,"waitingTrain":0,"walking":0},"plans":0,"population":233146,"railway":{"depots":0,"edgeCount":1269,"editorVisible":false,"lines":[{"enabled":true,"first":480,"id":0,"interval":270.0,"last":1380,"name":"汐淵・鵜池線","next":270.0,"stops":[17680,17681]},{"enabled":true,"first":480,"id":1,"interval":1380.0,"last":1380,"name":"鵜池・常宮線","next":1440.0,"stops":[17681,17743]},{"enabled":true,"first":480,"id":2,"interval":210.0,"last":1380,"name":"常宮・網瀬洗線","next":210.0,"stops":[17743,18160]},{"enabled":true,"first":480,"id":3,"interval":1140.0,"last":1380,"name":"網瀬洗・葦草第3地区線","next":1440.0,"stops":[18160,18212]},{"enabled":true,"first":480,"id":4,"interval":120.0,"last":1380,"name":"葦草第3地区・葦草線","next":120.0,"stops":[18212,18559]},{"enabled":true,"first":480,"id":5,"interval":150.0,"last":1380,"name":"葦草第3地区・葦草第2地区線","next":150.0,"stops":[18212,18574]},{"enabled":true,"first":480,"id":6,"interval":210.0,"last":1380,"name":"葦草第3地区・秋神線","next":210.0,"stops":[18212,18602]},{"enabled":true,"first":480,"id":7,"interval":990.0,"last":1380,"name":"葦草第2地区・玉寺線","next":1440.0,"stops":[18574,18654]}],"message":"","stations":[{"id":17680,"name":"汐淵","position":[62375.3515625,52.0,53503.86328125]},{"id":17681,"name":"鵜池","position":[58668.0078125,43.0,52852.76953125]},{"id":17743,"name":"常宮","position":[48529.0546875,69.5,30835.60546875]},{"id":18160,"name":"網瀬洗","position":[45508.171875,48.5,30061.234375]},{"id":18212,"name":"葦草第3地区","position":[24688.427734375,52.0,22959.96875]},{"id":18559,"name":"葦草","position":[24090.08984375,57.0,23697.6875]},{"id":18574,"name":"葦草第2地区","position":[23546.435546875,44.5,24367.982421875]},{"id":18602,"name":"秋神","position":[23495.00390625,64.0,19984.44140625]},{"id":18654,"name":"玉寺","position":[16738.02734375,50.0,43665.12890625]}],"trains":[]},"renderMs":2180.501,"selectionId":-1,"selectionKind":0,"signalsMs":0.548,"sound":{"enginePitch":1.0,"enginePlaying":false,"events":0,"outputPeak":0.0,"volume":0.6},"textInput":false,"timeSpeed":0,"townLabels":[],"traffic":{"accessPoints":20526,"cars":0,"completed":0,"localCars":0,"localTarget":0,"routeFailures":0,"spawned":0,"stopped":0,"updateMs":0.0},"zone":2,"zoneBrush":1,"zoneCells":[{"angle":0.0,"building":0,"builtAt":0.0,"edge":-1,"offsetX":0.0,"offsetZ":0.0,"x":24120.0,"z":23640.0,"zone":4},{"angle":0.0,"building":0,"builtAt":0.0,"edge":-1,"offsetX":0.0,"offsetZ":0.0,"x":24136.0,"z":23640.0,"zone":4},{"angle":0.0,"building":0,"builtAt":0.0,"edge":-1,"offsetX":0.0,"offsetZ":0.0,"x":24152.0,"z":23640.0,"zone":4},{"angle":0.0,"building":0,"builtAt":0.0,"edge":-1,"offsetX":0.0,"offsetZ":0.0,"x":24168.0,"z":23640.0,"zone":4},{"angle":0.0,"building":0,"builtAt":0.0,"edge":-1,"offsetX":0.0,"offsetZ":0.0,"x":24184.0,"z":23640.0,"zone":4},{"angle":0.0,"building":0,"builtAt":0.0,"edge":-1,"offsetX":0.0,"offsetZ":0.0,"x":24200.0,"z":23640.0,"zone":4},{"angle":0.6814513206481934,"building":3,"builtAt":0.0,"edge":13314,"offsetX":-6.154786109924316,"offsetZ":2.631944417953491,"x":24216.0,"z":23640.0,"zone":4},{"angle":-2.460141897201538,"building":5,"builtAt":0.0,"edge":13314,"offsetX":1.7993888854980469,"offsetZ":-6.4174346923828125,"x":24232.0,"z":23640.0,"zone":4},{"angle":-2.4601361751556396,"building":2,"builtAt":0.0,"edge":13314,"offsetX":-4.6434125900268555,"offsetZ":2.282050371170044,"x":24248.0,"z":23640.0,"zone":3},{"angle":2.252218246459961,"building":2,"builtAt":0.0,"edge":12908,"offsetX":-0.9941437244415283,"offsetZ":-0.4055778384208679,"x":24264.0,"z":23640.0,"zone":3},{"angle":-0.8893780708312988,"building":22,"builtAt":0.0,"edge":12908,"offsetX":7.369665145874023,"offsetZ":2.3371095657348633,"x":24280.0,"z":23640.0,"zone":3},{"angle":-0.889374315738678,"building":1,"builtAt":0.0,"edge":12908,"offsetX":7.7662787437438965,"offsetZ":-1.3832064867019653,"x":24296.0,"z":23640.0,"zone":3},{"angle":0.6814509630203247,"building":22,"builtAt":0.0,"edge":13331,"offsetX":6.718299388885498,"offsetZ":-6.901330947875977,"x":24312.0,"z":23640.0,"zone":3},{"angle":0.681452214717865,"building":22,"builtAt":0.0,"edge":13331,"offsetX":4.242094039916992,"offsetZ":4.104255676269531,"x":24328.0,"z":23640.0,"zone":3},{"angle":0.0,"building":0,"builtAt":0.0,"edge":-1,"offsetX":0.0,"offsetZ":0.0,"x":24344.0,"z":23640.0,"zone":3},{"angle":0.0,"building":0,"builtAt":0.0,"edge":-1,"offsetX":0.0,"offsetZ":0.0,"x":24360.0,"z":23640.0,"zone":3},{"angle":-2.4601478576660156,"building":1,"builtAt":0.0,"edge":13332,"offsetX":4.05752420425415,"offsetZ":3.6997785568237305,"x":24376.0,"z":23640.0,"zone":3},{"angle":0.0,"building":0,"builtAt":0.0,"edge":-1,"offsetX":0.0,"offsetZ":0.0,"x":24120.0,"z":23656.0,"zone":4},{"angle":0.0,"building":0,"builtAt":0.0,"edge":-1,"offsetX":0.0,"offsetZ":0.0,"x":24136.0,"z":23656.0,"zone":4},{"angle":0.0,"building":0,"builtAt":0.0,"edge":-1,"offsetX":0.0,"offsetZ":0.0,"x":24152.0,"z":23656.0,"zone":4},{"angle":0.0,"building":0,"builtAt":0.0,"edge":-1,"offsetX":0.0,"offsetZ":0.0,"x":24168.0,"z":23656.0,"zone":4},{"angle":0.0,"building":0,"builtAt":0.0,"edge":-1,"offsetX":0.0,"offsetZ":0.0,"x":24184.0,"z":23656.0,"zone":4},{"angle":0.0,"building":0,"builtAt":0.0,"edge":-1,"offsetX":0.0,"offsetZ":0.0,"x":24200.0,"z":23656.0,"zone":4},{"angle":0.0,"building":0,"builtAt":0.0,"edge":-1,"offsetX":0.0,"offsetZ":0.0,"x":24216.0,"z":23656.0,"zone":4},{"angle":0.6814565062522888,"building":6,"builtAt":0.0,"edge":13314,"offsetX":-2.1279075145721436,"offsetZ":2.9075474739074707,"x":24232.0,"z":23656.0,"zone":4},{"angle":-2.4601240158081055,"building":1,"builtAt":0.0,"edge":13314,"offsetX":4.912959575653076,"offsetZ":-5.019773960113525,"x":24248.0,"z":23656.0,"zone":3},{"angle":-0.889363169670105,"building":22,"builtAt":0.0,"edge":12908,"offsetX":6.674422264099121,"offsetZ":6.832186698913574,"x":24264.0,"z":23656.0,"zone":3},{"angle":-0.889374315738678,"building":1,"builtAt":0.0,"edge":12908,"offsetX":-2.0070576667785645,"offsetZ":-4.250811576843262,"x":24280.0,"z":23656.0,"zone":3},{"angle":-0.8893780708312988,"building":2,"builtAt":0.0,"edge":12908,"offsetX":0.8451632261276245,"offsetZ":-5.978168964385986,"x":24296.0,"z":23656.0,"zone":3},{"angle":2.2522571086883545,"building":2,"builtAt":0.0,"edge":12932,"offsetX":-5.701452255249023,"offsetZ":1.687943935394287,"x":24312.0,"z":23656.0,"zone":3},{"angle":0.0,"building":0,"builtAt":0.0,"edge":-1,"offsetX":0.0,"offsetZ":0.0,"x":24328.0,"z":23656.0,"zone":3},{"angle":0.0,"building":0,"builtAt":0.0,"edge":-1,"offsetX":0.0,"offsetZ":0.0,"x":24344.0,"z":23656.0,"zone":3},{"angle":0.0,"building":0,"builtAt":0.0,"edge":-1,"offsetX":0.0,"offsetZ":0.0,"x":24360.0,"z":23656.0,"zone":3},{"angle":-2.4601478576660156,"building":1,"builtAt":0.0,"edge":13332,"offsetX":-2.367616653442383,"offsetZ":-4.378254413604736,"x":24376.0,"z":23656.0,"zone":3},{"angle":0.0,"building":0,"builtAt":0.0,"edge":-1,"offsetX":0.0,"offsetZ":0.0,"x":24120.0,"z":23672.0,"zone":0},{"angle":0.0,"building":0,"builtAt":0.0,"edge":-1,"offsetX":0.0,"offsetZ":0.0,"x":24136.0,"z":23672.0,"zone":4},{"angle":0.0,"building":0,"builtAt":0.0,"edge":-1,"offsetX":0.0,"offsetZ":0.0,"x":24152.0,"z":23672.0,"zone":4},{"angle":0.0,"building":0,"builtAt":0.0,"edge":-1,"offsetX":0.0,"offsetZ":0.0,"x":24168.0,"z":23672.0,"zone":4},{"angle":0.0,"building":0,"builtAt":0.0,"edge":-1,"offsetX":0.0,"offsetZ":0.0,"x":24184.0,"z":23672.0,"zone":4},{"angle":0.0,"building":0,"builtAt":0.0,"edge":-1,"offsetX":0.0,"offsetZ":0.0,"x":24200.0,"z":23672.0,"zone":4},{"angle":0.0,"building":0,"builtAt":0.0,"edge":-1,"offsetX":0.0,"offsetZ":0.0,"x":24216.0,"z":23672.0,"zone":4},{"angle":0.0,"building":0,"builtAt":0.0,"edge":-1,"offsetX":0.0,"offsetZ":0.0,"x":24232.0,"z":23672.0,"zone":4},{"angle":0.0,"building":0,"builtAt":0.0,"edge":-1,"offsetX":0.0,"offsetZ":0.0,"x":24248.0,"z":23672.0,"zone":4},{"angle":0.6814480423927307,"building":2,"builtAt":0.0,"edge":13315,"offsetX":-6.2546539306640625,"offsetZ":7.643273830413818,"x":24264.0,"z":23672.0,"zone":3},{"angle":-2.460141897201538,"building":2,"builtAt":0.0,"edge":13315,"offsetX":4.364665508270264,"offsetZ":3.4552180767059326,"x":24280.0,"z":23672.0,"zone":3},{"angle":-2.460141897201538,"building":2,"builtAt":0.0,"edge":13315,"offsetX":-4.265265464782715,"offsetZ":-5.631700038909912,"x":24296.0,"z":23672.0,"zone":3},{"angle":2.2522571086883545,"building":22,"builtAt":0.0,"edge":12932,"offsetX":3.77371883392334,"offsetZ":-6.626931667327881,"x":24312.0,"z":23672.0,"zone":3},{"angle":0.0,"building":0,"builtAt":0.0,"edge":-1,"offsetX":0.0,"offsetZ":0.0,"x":24328.0,"z":23672.0,"zone":3},{"angle":0.0,"building":0,"builtAt":0.0,"edge":-1,"offsetX":0.0,"offsetZ":0.0,"x":24344.0,"z":23672.0,"zone":3},{"angle":-0.8893195986747742,"building":2,"builtAt":0.0,"edge":12932,"offsetX":-4.963898181915283,"offsetZ":0.13080857694149017,"x":24360.0,"z":23672.0,"zone":3},{"angle":0.6814391613006592,"building":5,"builtAt":0.0,"edge":13332,"offsetX":-2.5466763973236084,"offsetZ":5.799123764038086,"x":24376.0,"z":23672.0,"zone":3},{"angle":0.0,"building":0,"builtAt":0.0,"edge":-1,"offsetX":0.0,"offsetZ":0.0,"x":24120.0,"z":23688.0,"zone":0},{"angle":0.0,"building":0,"builtAt":0.0,"edge":-1,"offsetX":0.0,"offsetZ":0.0,"x":24136.0,"z":23688.0,"zone":0},{"angle":0.0,"building":0,"builtAt":0.0,"edge":-1,"offsetX":0.0,"offsetZ":0.0,"x":24152.0,"z":23688.0,"zone":4},{"angle":-2.46014142036438,"building":4,"builtAt":0.0,"edge":13297,"offsetX":4.891820430755615,"offsetZ":0.837200939655304,"x":24168.0,"z":23688.0,"zone":4},{"angle":0.0,"building":0,"builtAt":0.0,"edge":-1,"offsetX":0.0,"offsetZ":0.0,"x":24184.0,"z":23688.0,"zone":4},{"angle":0.0,"building":0,"builtAt":0.0,"edge":-1,"offsetX":0.0,"offsetZ":0.0,"x":24200.0,"z":23688.0,"zone":4},{"angle":0.0,"building":0,"builtAt":0.0,"edge":-1,"offsetX":0.0,"offsetZ":0.0,"x":24216.0,"z":23688.0,"zone":4},{"angle":2.252243757247925,"building":3,"builtAt":0.0,"edge":13917,"offsetX":-5.8597493171691895,"offsetZ":-5.189786434173584,"x":24232.0,"z":23688.0,"zone":4},{"angle":0.0,"building":0,"builtAt":0.0,"edge":-1,"offsetX":0.0,"offsetZ":0.0,"x":24248.0,"z":23688.0,"zone":4},{"angle":0.6814508438110352,"building":1,"builtAt":0.0,"edge":13315,"offsetX":8.208112716674805,"offsetZ":2.4436228275299072,"x":24264.0,"z":23688.0,"zone":3},{"angle":0.0,"building":0,"builtAt":0.0,"edge":-1,"offsetX":0.0,"offsetZ":0.0,"x":24280.0,"z":23688.0,"zone":3},{"angle":-2.4601430892944336,"building":22,"builtAt":0.0,"edge":13315,"offsetX":2.7603113651275635,"offsetZ":-1.6592469215393066,"x":24296.0,"z":23688.0,"zone":3},{"angle":0.0,"building":0,"builtAt":0.0,"edge":-1,"offsetX":0.0,"offsetZ":0.0,"x":24312.0,"z":23688.0,"zone":3},{"angle":0.0,"building":0,"builtAt":0.0,"edge":-1,"offsetX":0.0,"offsetZ":0.0,"x":24328.0,"z":23688.0,"zone":3},{"angle":-0.889335572719574,"building":5,"builtAt":0.0,"edge":12932,"offsetX":-0.674935519695282,"offsetZ":-0.28057900071144104,"x":24344.0,"z":23688.0,"zone":3},{"angle":0.0,"building":0,"builtAt":0.0,"edge":-1,"offsetX":0.0,"offsetZ":0.0,"x":24360.0,"z":23688.0,"zone":3},{"angle":0.0,"building":0,"builtAt":0.0,"edge":-1,"offsetX":0.0,"offsetZ":0.0,"x":24376.0,"z":23688.0,"zone":3},{"angle":0.0,"building":0,"builtAt":0.0,"edge":-1,"offsetX":0.0,"offsetZ":0.0,"x":24120.0,"z":23704.0,"zone":0},{"angle":0.0,"building":0,"builtAt":0.0,"edge":-1,"offsetX":0.0,"offsetZ":0.0,"x":24136.0,"z":23704.0,"zone":4},{"angle":0.6814571022987366,"building":5,"builtAt":0.0,"edge":13297,"offsetX":-6.4882965087890625,"offsetZ":-0.3709557354450226,"x":24152.0,"z":23704.0,"zone":4},{"angle":0.0,"building":0,"builtAt":0.0,"edge":-1,"offsetX":0.0,"offsetZ":0.0,"x":24168.0,"z":23704.0,"zone":4},{"angle":0.0,"building":0,"builtAt":0.0,"edge":-1,"offsetX":0.0,"offsetZ":0.0,"x":24184.0,"z":23704.0,"zone":4},{"angle":0.0,"building":0,"builtAt":0.0,"edge":-1,"offsetX":0.0,"offsetZ":0.0,"x":24200.0,"z":23704.0,"zone":4},{"angle":2.2522826194763184,"building":5,"builtAt":0.0,"edge":13916,"offsetX":-2.0932695865631104,"offsetZ":-4.877505779266357,"x":24216.0,"z":23704.0,"zone":4},{"angle":0.68142169713974,"building":5,"builtAt":0.0,"edge":13920,"offsetX":-1.6337822675704956,"offsetZ":8.301788330078125,"x":24232.0,"z":23704.0,"zone":4},{"angle":-2.4601709842681885,"building":5,"builtAt":0.0,"edge":13920,"offsetX":-5.114377021789551,"offsetZ":-7.134913921356201,"x":24248.0,"z":23704.0,"zone":4},{"angle":-2.4601423740386963,"building":1,"builtAt":0.0,"edge":13920,"offsetX":-7.655180931091309,"offsetZ":5.672732830047607,"x":24264.0,"z":23704.0,"zone":3},{"angle":2.252223491668701,"building":1,"builtAt":0.0,"edge":13919,"offsetX":-0.2726516127586365,"offsetZ":8.086469650268555,"x":24280.0,"z":23704.0,"zone":3},{"angle":0.0,"building":0,"builtAt":0.0,"edge":-1,"offsetX":0.0,"offsetZ":0.0,"x":24296.0,"z":23704.0,"zone":3},{"angle":0.0,"building":0,"builtAt":0.0,"edge":-1,"offsetX":0.0,"offsetZ":0.0,"x":24312.0,"z":23704.0,"zone":3},{"angle":-0.8893449306488037,"building":2,"builtAt":0.0,"edge":12932,"offsetX":2.4476985931396484,"offsetZ":-1.634270429611206,"x":24328.0,"z":23704.0,"zone":3},{"angle":-2.4601356983184814,"building":22,"builtAt":0.0,"edge":13316,"offsetX":3.7056233882904053,"offsetZ":5.545018196105957,"x":24344.0,"z":23704.0,"zone":3},{"angle":-2.4601356983184814,"building":22,"builtAt":0.0,"edge":13316,"offsetX":-4.294325828552246,"offsetZ":-4.318510055541992,"x":24360.0,"z":23704.0,"zone":3},{"angle":2.252216100692749,"building":1,"builtAt":0.0,"edge":12956,"offsetX":0.7638989686965942,"offsetZ":-0.11521328240633011,"x":24376.0,"z":23704.0,"zone":3},{"angle":0.0,"building":0,"builtAt":0.0,"edge":-1,"offsetX":0.0,"offsetZ":0.0,"x":24120.0,"z":23720.0,"zone":4},{"angle":0.0,"building":0,"builtAt":0.0,"edge":-1,"offsetX":0.0,"offsetZ":0.0,"x":24136.0,"z":23720.0,"zone":4},{"angle":0.0,"building":0,"builtAt":0.0,"edge":-1,"offsetX":0.0,"offsetZ":0.0,"x":24152.0,"z":23720.0,"zone":4},{"angle":0.6814506649971008,"building":3,"builtAt":0.0,"edge":13297,"offsetX":-4.416891098022461,"offsetZ":-0.7193522453308105,"x":24168.0,"z":23720.0,"zone":4},{"angle":0.0,"building":0,"builtAt":0.0,"edge":-1,"offsetX":0.0,"offsetZ":0.0,"x":24184.0,"z":23720.0,"zone":4},{"angle":-2.4601268768310547,"building":5,"builtAt":0.0,"edge":13297,"offsetX":0.282716304063797,"offsetZ":-8.037588119506836,"x":24200.0,"z":23720.0,"zone":4},{"angle":0.0,"building":0,"builtAt":0.0,"edge":-1,"offsetX":0.0,"offsetZ":0.0,"x":24216.0,"z":23720.0,"zone":4},{"angle":0.0,"building":0,"builtAt":0.0,"edge":-1,"offsetX":0.0,"offsetZ":0.0,"x":24232.0,"z":23720.0,"zone":4},{"angle":0.6814502477645874,"building":6,"builtAt":0.0,"edge":13920,"offsetX":-3.741553783416748,"offsetZ":4.574628829956055,"x":24248.0,"z":23720.0,"zone":4},{"angle":-2.460155487060547,"building":2,"builtAt":0.0,"edge":13920,"offsetX":7.2204813957214355,"offsetZ":0.7308982014656067,"x":24264.0,"z":23720.0,"zone":3},{"angle":0.0,"building":0,"builtAt":0.0,"edge":-1,"offsetX":0.0,"offsetZ":0.0,"x":24280.0,"z":23720.0,"zone":3},{"angle":0.0,"building":0,"builtAt":0.0,"edge":-1,"offsetX":0.0,"offsetZ":0.0,"x":24296.0,"z":23720.0,"zone":3},{"angle":0.0,"building":0,"builtAt":0.0,"edge":-1,"offsetX":0.0,"offsetZ":0.0,"x":24312.0,"z":23720.0,"zone":3},{"angle":0.0,"building":0,"builtAt":0.0,"edge":-1,"offsetX":0.0,"offsetZ":0.0,"x":24328.0,"z":23720.0,"zone":3},{"angle":-2.4601356983184814,"building":22,"builtAt":0.0,"edge":13316,"offsetX":-4.294427394866943,"offsetZ":-0.5914531350135803,"x":24344.0,"z":23720.0,"zone":3},{"angle":2.252216100692749,"building":1,"builtAt":0.0,"edge":12956,"offsetX":6.057580947875977,"offsetZ":-2.8847968578338623,"x":24360.0,"z":23720.0,"zone":3},{"angle":0.0,"building":0,"builtAt":0.0,"edge":-1,"offsetX":0.0,"offsetZ":0.0,"x":24376.0,"z":23720.0,"zone":3},{"angle":0.0,"building":0,"builtAt":0.0,"edge":-1,"offsetX":0.0,"offsetZ":0.0,"x":24120.0,"z":23736.0,"zone":4},{"angle":0.6814290881156921,"building":3,"builtAt":0.0,"edge":13867,"offsetX":-7.418963432312012,"offsetZ":6.49083137512207,"x":24136.0,"z":23736.0,"zone":4},{"angle":-2.460156202316284,"building":5,"builtAt":0.0,"edge":13867,"offsetX":-0.24348965287208557,"offsetZ":-0.9351714253425598,"x":24152.0,"z":23736.0,"zone":4},{"angle":-2.4601457118988037,"building":3,"builtAt":0.0,"edge":13867,"offsetX":-5.414515495300293,"offsetZ":6.8617167472839355,"x":24168.0,"z":23736.0,"zone":4},{"angle":0.6814658045768738,"building":4,"builtAt":0.0,"edge":13297,"offsetX":-1.8803954124450684,"offsetZ":-1.6440891027450562,"x":24184.0,"z":23736.0,"zone":4},{"angle":0.0,"building":0,"builtAt":0.0,"edge":-1,"offsetX":0.0,"offsetZ":0.0,"x":24200.0,"z":23736.0,"zone":4},{"angle":-2.46014404296875,"building":5,"builtAt":0.0,"edge":13298,"offsetX":5.145206928253174,"offsetZ":-7.172271251678467,"x":24216.0,"z":23736.0,"zone":4},{"angle":-2.460141658782959,"building":3,"builtAt":0.0,"edge":13298,"offsetX":2.513239860534668,"offsetZ":2.6676149368286133,"x":24232.0,"z":23736.0,"zone":4},{"angle":0.0,"building":0,"builtAt":0.0,"edge":-1,"offsetX":0.0,"offsetZ":0.0,"x":24248.0,"z":23736.0,"zone":4},{"angle":0.6814371943473816,"building":2,"builtAt":0.0,"edge":13920,"offsetX":-4.435117721557617,"offsetZ":-0.8979468941688538,"x":24264.0,"z":23736.0,"zone":3},{"angle":0.0,"building":0,"builtAt":0.0,"edge":-1,"offsetX":0.0,"offsetZ":0.0,"x":24280.0,"z":23736.0,"zone":3},{"angle":-2.460118055343628,"building":1,"builtAt":0.0,"edge":13968,"offsetX":2.240954875946045,"offsetZ":7.524169921875,"x":24296.0,"z":23736.0,"zone":3},{"angle":-0.8893690705299377,"building":22,"builtAt":0.0,"edge":13919,"offsetX":-6.009950160980225,"offsetZ":-2.6138317584991455,"x":24312.0,"z":23736.0,"zone":3},{"angle":0.6814569234848022,"building":12,"builtAt":0.0,"edge":13316,"offsetX":-2.771904945373535,"offsetZ":1.2583122253417969,"x":24328.0,"z":23736.0,"zone":4},{"angle":0.0,"building":0,"builtAt":0.0,"edge":-1,"offsetX":0.0,"offsetZ":0.0,"x":24344.0,"z":23736.0,"zone":3},{"angle":2.2522284984588623,"building":1,"builtAt":0.0,"edge":12956,"offsetX":-4.647260665893555,"offsetZ":-5.656870365142822,"x":24360.0,"z":23736.0,"zone":3},{"angle":-0.8893765211105347,"building":22,"builtAt":0.0,"edge":12956,"offsetX":5.840118408203125,"offsetZ":-6.084964275360107,"x":24376.0,"z":23736.0,"zone":3},{"angle":-2.460148811340332,"building":3,"builtAt":0.0,"edge":13279,"offsetX":-3.748384475708008,"offsetZ":6.22449254989624,"x":24120.0,"z":23752.0,"zone":4},{"angle":0.6814364790916443,"building":5,"builtAt":0.0,"edge":13867,"offsetX":3.3919272422790527,"offsetZ":-1.689828634262085,"x":24136.0,"z":23752.0,"zone":4},{"angle":0.0,"building":0,"builtAt":0.0,"edge":-1,"offsetX":0.0,"offsetZ":0.0,"x":24152.0,"z":23752.0,"zone":4},{"angle":0.0,"building":0,"builtAt":0.0,"edge":-1,"offsetX":0.0,"offsetZ":0.0,"x":24168.0,"z":23752.0,"zone":4},{"angle":0.0,"building":0,"builtAt":0.0,"edge":-1,"offsetX":0.0,"offsetZ":0.0,"x":24184.0,"z":23752.0,"zone":4},{"angle":0.6814486980438232,"building":3,"builtAt":0.0,"edge":13298,"offsetX":2.9281845092773438,"offsetZ":-0.7115193605422974,"x":24200.0,"z":23752.0,"zone":4},{"angle":0.0,"building":0,"builtAt":0.0,"edge":-1,"offsetX":0.0,"offsetZ":0.0,"x":24216.0,"z":23752.0,"zone":4},{"angle":0.0,"building":0,"builtAt":0.0,"edge":-1,"offsetX":0.0,"offsetZ":0.0,"x":24232.0,"z":23752.0,"zone":4},{"angle":-2.4601430892944336,"building":1,"builtAt":0.0,"edge":13298,"offsetX":-2.0073299407958984,"offsetZ":-1.1659783124923706,"x":24248.0,"z":23752.0,"zone":3},{"angle":0.0,"building":0,"builtAt":0.0,"edge":-1,"offsetX":0.0,"offsetZ":0.0,"x":24264.0,"z":23752.0,"zone":3},{"angle":0.0,"building":0,"builtAt":0.0,"edge":-1,"offsetX":0.0,"offsetZ":0.0,"x":24280.0,"z":23752.0,"zone":3},{"angle":0.0,"building":0,"builtAt":0.0,"edge":-1,"offsetX":0.0,"offsetZ":0.0,"x":24296.0,"z":23752.0,"zone":3},{"angle":-2.460118055343628,"building":3,"builtAt":0.0,"edge":13968,"offsetX":1.0539374351501465,"offsetZ":0.6009067893028259,"x":24312.0,"z":23752.0,"zone":3},{"angle":0.0,"building":0,"builtAt":0.0,"edge":-1,"offsetX":0.0,"offsetZ":0.0,"x":24328.0,"z":23752.0,"zone":3},{"angle":2.252286911010742,"building":2,"builtAt":0.0,"edge":13967,"offsetX":-4.31481409072876,"offsetZ":-3.4959464073181152,"x":24344.0,"z":23752.0,"zone":3},{"angle":0.0,"building":0,"builtAt":0.0,"edge":-1,"offsetX":0.0,"offsetZ":0.0,"x":24360.0,"z":23752.0,"zone":3},{"angle":0.0,"building":0,"builtAt":0.0,"edge":-1,"offsetX":0.0,"offsetZ":0.0,"x":24376.0,"z":23752.0,"zone":3},{"angle":0.0,"building":0,"builtAt":0.0,"edge":-1,"offsetX":0.0,"offsetZ":0.0,"x":24120.0,"z":23768.0,"zone":4},{"angle":-2.4601643085479736,"building":3,"builtAt":0.0,"edge":13279,"offsetX":-0.5097224712371826,"offsetZ":5.789901256561279,"x":24136.0,"z":23768.0,"zone":4},{"angle":2.252201795578003,"building":5,"builtAt":0.0,"edge":13865,"offsetX":7.266538143157959,"offsetZ":-1.437010645866394,"x":24152.0,"z":23768.0,"zone":4},{"angle":0.0,"building":0,"builtAt":0.0,"edge":-1,"offsetX":0.0,"offsetZ":0.0,"x":24168.0,"z":23768.0,"zone":4},{"angle":0.0,"building":0,"builtAt":0.0,"edge":-1,"offsetX":0.0,"offsetZ":0.0,"x":24184.0,"z":23768.0,"zone":4},{"angle":-2.460141181945801,"building":6,"builtAt":0.0,"edge":13915,"offsetX":-1.9083888530731201,"offsetZ":3.5614821910858154,"x":24200.0,"z":23768.0,"zone":4},{"angle":0.6814509034156799,"building":3,"builtAt":0.0,"edge":13298,"offsetX":-0.21406996250152588,"offsetZ":-6.242576599121094,"x":24216.0,"z":23768.0,"zone":4},{"angle":0.6814495921134949,"building":5,"builtAt":0.0,"edge":13298,"offsetX":-2.8850762844085693,"offsetZ":3.6434693336486816,"x":24232.0,"z":23768.0,"zone":4},{"angle":0.0,"building":0,"builtAt":0.0,"edge":-1,"offsetX":0.0,"offsetZ":0.0,"x":24248.0,"z":23768.0,"zone":3},{"angle":0.0,"building":0,"builtAt":0.0,"edge":-1,"offsetX":0.0,"offsetZ":0.0,"x":24264.0,"z":23768.0,"zone":3},{"angle":-0.8893424272537231,"building":2,"builtAt":0.0,"edge":13918,"offsetX":-1.1172178983688354,"offsetZ":-2.1888198852539063,"x":24280.0,"z":23768.0,"zone":3},{"angle":0.6814746260643005,"building":22,"builtAt":0.0,"edge":13968,"offsetX":3.9526541233062744,"offsetZ":0.7533313035964966,"x":24296.0,"z":23768.0,"zone":3},{"angle":0.0,"building":0,"builtAt":0.0,"edge":-1,"offsetX":0.0,"offsetZ":0.0,"x":24312.0,"z":23768.0,"zone":3},{"angle":2.2522470951080322,"building":22,"builtAt":0.0,"edge":13967,"offsetX":-0.984815239906311,"offsetZ":-4.811115741729736,"x":24328.0,"z":23768.0,"zone":3},{"angle":0.0,"building":0,"builtAt":0.0,"edge":-1,"offsetX":0.0,"offsetZ":0.0,"x":24344.0,"z":23768.0,"zone":3},{"angle":-0.889305830001831,"building":2,"builtAt":0.0,"edge":13967,"offsetX":-4.502233505249023,"offsetZ":-6.669894695281982,"x":24360.0,"z":23768.0,"zone":3},{"angle":0.0,"building":0,"builtAt":0.0,"edge":-1,"offsetX":0.0,"offsetZ":0.0,"x":24376.0,"z":23768.0,"zone":3},{"angle":0.0,"building":0,"builtAt":0.0,"edge":-1,"offsetX":0.0,"offsetZ":0.0,"x":24120.0,"z":23784.0,"zone":4},{"angle":0.0,"building":0,"builtAt":0.0,"edge":-1,"offsetX":0.0,"offsetZ":0.0,"x":24136.0,"z":23784.0,"zone":4},{"angle":0.0,"building":0,"builtAt":0.0,"edge":-1,"offsetX":0.0,"offsetZ":0.0,"x":24152.0,"z":23784.0,"zone":4},{"angle":0.0,"building":0,"builtAt":0.0,"edge":-1,"offsetX":0.0,"offsetZ":0.0,"x":24168.0,"z":23784.0,"zone":4},{"angle":0.6814515590667725,"building":3,"builtAt":0.0,"edge":13915,"offsetX":0.6662012934684753,"offsetZ":4.1142988204956055,"x":24184.0,"z":23784.0,"zone":4},{"angle":0.0,"building":0,"builtAt":0.0,"edge":-1,"offsetX":0.0,"offsetZ":0.0,"x":24200.0,"z":23784.0,"zone":4},{"angle":-2.4601402282714844,"building":5,"builtAt":0.0,"edge":13915,"offsetX":1.0855140686035156,"offsetZ":3.8696911334991455,"x":24216.0,"z":23784.0,"zone":4},{"angle":0.0,"building":0,"builtAt":0.0,"edge":-1,"offsetX":0.0,"offsetZ":0.0,"x":24232.0,"z":23784.0,"zone":3},{"angle":0.0,"building":0,"builtAt":0.0,"edge":-1,"offsetX":0.0,"offsetZ":0.0,"x":24248.0,"z":23784.0,"zone":3},{"angle":0.0,"building":0,"builtAt":0.0,"edge":-1,"offsetX":0.0,"offsetZ":0.0,"x":24264.0,"z":23784.0,"zone":3},{"angle":-2.460134506225586,"building":22,"builtAt":0.0,"edge":13299,"offsetX":7.200653076171875,"offsetZ":-1.6011860370635986,"x":24280.0,"z":23784.0,"zone":3},{"angle":0.0,"building":0,"builtAt":0.0,"edge":-1,"offsetX":0.0,"offsetZ":0.0,"x":24296.0,"z":23784.0,"zone":3},{"angle":2.2522799968719482,"building":1,"builtAt":0.0,"edge":13966,"offsetX":1.7720768451690674,"offsetZ":-2.303173542022705,"x":24312.0,"z":23784.0,"zone":3},{"angle":0.0,"building":0,"builtAt":0.0,"edge":-1,"offsetX":0.0,"offsetZ":0.0,"x":24328.0,"z":23784.0,"zone":3},{"angle":-0.8893455266952515,"building":22,"builtAt":0.0,"edge":13967,"offsetX":-0.24460305273532867,"offsetZ":-7.233736991882324,"x":24344.0,"z":23784.0,"zone":3},{"angle":-0.8893455266952515,"building":2,"builtAt":0.0,"edge":13967,"offsetX":-6.769355297088623,"offsetZ":0.45129290223121643,"x":24360.0,"z":23784.0,"zone":3},{"angle":0.0,"building":0,"builtAt":0.0,"edge":-1,"offsetX":0.0,"offsetZ":0.0,"x":24376.0,"z":23784.0,"zone":3},{"angle":0.0,"building":0,"builtAt":0.0,"edge":-1,"offsetX":0.0,"offsetZ":0.0,"x":24120.0,"z":23800.0,"zone":4},{"angle":0.6814245581626892,"building":6,"builtAt":0.0,"edge":13279,"offsetX":-8.263826370239258,"offsetZ":2.9965758323669434,"x":24136.0,"z":23800.0,"zone":4},{"angle":0.0,"building":0,"builtAt":0.0,"edge":-1,"offsetX":0.0,"offsetZ":0.0,"x":24152.0,"z":23800.0,"zone":4},{"angle":-2.460118055343628,"building":5,"builtAt":0.0,"edge":13280,"offsetX":-4.052587032318115,"offsetZ":-2.238645076751709,"x":24168.0,"z":23800.0,"zone":4},{"angle":0.0,"building":0,"builtAt":0.0,"edge":-1,"offsetX":0.0,"offsetZ":0.0,"x":24184.0,"z":23800.0,"zone":4},{"angle":0.0,"building":0,"builtAt":0.0,"edge":-1,"offsetX":0.0,"offsetZ":0.0,"x":24200.0,"z":23800.0,"zone":4},{"angle":0.0,"building":0,"builtAt":0.0,"edge":-1,"offsetX":0.0,"offsetZ":0.0,"x":24216.0,"z":23800.0,"zone":4},{"angle":0.0,"building":0,"builtAt":0.0,"edge":-1,"offsetX":0.0,"offsetZ":0.0,"x":24232.0,"z":23800.0,"zone":3},{"angle":-0.8893441557884216,"building":1,"builtAt":0.0,"edge":13914,"offsetX":2.38733172416687,"offsetZ":-0.28208062052726746,"x":24248.0,"z":23800.0,"zone":3},{"angle":0.681458055973053,"building":22,"builtAt":0.0,"edge":13299,"offsetX":5.44960880279541,"offsetZ":4.2846174240112305,"x":24264.0,"z":23800.0,"zone":3},{"angle":0.0,"building":0,"builtAt":0.0,"edge":-1,"offsetX":0.0,"offsetZ":0.0,"x":24280.0,"z":23800.0,"zone":3},{"angle":-2.4601528644561768,"building":2,"builtAt":0.0,"edge":13299,"offsetX":2.685356378555298,"offsetZ":-7.56892204284668,"x":24296.0,"z":23800.0,"zone":3},{"angle":-0.8893820643424988,"building":2,"builtAt":0.0,"edge":13966,"offsetX":6.448911666870117,"offsetZ":6.947901248931885,"x":24312.0,"z":23800.0,"zone":3},{"angle":-0.8893126845359802,"building":1,"builtAt":0.0,"edge":13966,"offsetX":0.3708116114139557,"offsetZ":-6.461874008178711,"x":24328.0,"z":23800.0,"zone":3},{"angle":-0.8893126845359802,"building":2,"builtAt":0.0,"edge":13966,"offsetX":-7.124991416931152,"offsetZ":0.436034619808197,"x":24344.0,"z":23800.0,"zone":3},{"angle":0.0,"building":0,"builtAt":0.0,"edge":-1,"offsetX":0.0,"offsetZ":0.0,"x":24360.0,"z":23800.0,"zone":3},{"angle":2.2522425651550293,"building":22,"builtAt":0.0,"edge":12975,"offsetX":2.1745519638061523,"offsetZ":5.092523574829102,"x":24376.0,"z":23800.0,"zone":3},{"angle":0.0,"building":0,"builtAt":0.0,"edge":-1,"offsetX":0.0,"offsetZ":0.0,"x":24120.0,"z":23816.0,"zone":4},{"angle":0.0,"building":0,"builtAt":0.0,"edge":-1,"offsetX":0.0,"offsetZ":0.0,"x":24136.0,"z":23816.0,"zone":4},{"angle":0.681474506855011,"building":3,"builtAt":0.0,"edge":13280,"offsetX":-5.007899761199951,"offsetZ":2.665374994277954,"x":24152.0,"z":23816.0,"zone":4},{"angle":0.0,"building":0,"builtAt":0.0,"edge":-1,"offsetX":0.0,"offsetZ":0.0,"x":24168.0,"z":23816.0,"zone":4},{"angle":0.0,"building":0,"builtAt":0.0,"edge":-1,"offsetX":0.0,"offsetZ":0.0,"x":24184.0,"z":23816.0,"zone":4},{"angle":2.2522544860839844,"building":5,"builtAt":0.0,"edge":13913,"offsetX":-3.4997942447662354,"offsetZ":-3.5718746185302734,"x":24200.0,"z":23816.0,"zone":4},{"angle":0.0,"building":0,"builtAt":0.0,"edge":-1,"offsetX":0.0,"offsetZ":0.0,"x":24216.0,"z":23816.0,"zone":3},{"angle":0.0,"building":0,"builtAt":0.0,"edge":-1,"offsetX":0.0,"offsetZ":0.0,"x":24232.0,"z":23816.0,"zone":3},{"angle":-2.460146903991699,"building":1,"builtAt":0.0,"edge":13965,"offsetX":-4.702062606811523,"offsetZ":-5.03186559677124,"x":24248.0,"z":23816.0,"zone":3},{"angle":-2.460153579711914,"building":2,"builtAt":0.0,"edge":13965,"offsetX":-6.684779644012451,"offsetZ":5.3215813636779785,"x":24264.0,"z":23816.0,"zone":3},{"angle":0.6814397573471069,"building":2,"builtAt":0.0,"edge":13299,"offsetX":1.6340430974960327,"offsetZ":-2.545053482055664,"x":24280.0,"z":23816.0,"zone":3},{"angle":0.0,"building":0,"builtAt":0.0,"edge":-1,"offsetX":0.0,"offsetZ":0.0,"x":24296.0,"z":23816.0,"zone":3},{"angle":0.0,"building":0,"builtAt":0.0,"edge":-1,"offsetX":0.0,"offsetZ":0.0,"x":24312.0,"z":23816.0,"zone":3},{"angle":0.0,"building":0,"builtAt":0.0,"edge":-1,"offsetX":0.0,"offsetZ":0.0,"x":24328.0,"z":23816.0,"zone":3},{"angle":0.0,"building":0,"builtAt":0.0,"edge":-1,"offsetX":0.0,"offsetZ":0.0,"x":24344.0,"z":23816.0,"zone":3},{"angle":-2.4601523876190186,"building":1,"builtAt":0.0,"edge":13300,"offsetX":-1.480333924293518,"offsetZ":6.839914798736572,"x":24360.0,"z":23816.0,"zone":3},{"angle":0.0,"building":0,"builtAt":0.0,"edge":-1,"offsetX":0.0,"offsetZ":0.0,"x":24376.0,"z":23816.0,"zone":3},{"angle":-0.8893335461616516,"building":6,"builtAt":0.0,"edge":12905,"offsetX":8.369619369506836,"offsetZ":7.637101173400879,"x":24120.0,"z":23832.0,"zone":4},{"angle":-0.8893336653709412,"building":5,"builtAt":0.0,"edge":12905,"offsetX":1.0052577257156372,"offsetZ":-4.226216793060303,"x":24136.0,"z":23832.0,"zone":4},{"angle":0.0,"building":0,"builtAt":0.0,"edge":-1,"offsetX":0.0,"offsetZ":0.0,"x":24152.0,"z":23832.0,"zone":4},{"angle":0.6814512610435486,"building":5,"builtAt":0.0,"edge":13280,"offsetX":-7.015697956085205,"offsetZ":-2.9103903770446777,"x":24168.0,"z":23832.0,"zone":4},{"angle":0.0,"building":0,"builtAt":0.0,"edge":-1,"offsetX":0.0,"offsetZ":0.0,"x":24184.0,"z":23832.0,"zone":3},{"angle":0.0,"building":0,"builtAt":0.0,"edge":-1,"offsetX":0.0,"offsetZ":0.0,"x":24200.0,"z":23832.0,"zone":3},{"angle":-0.8893382549285889,"building":2,"builtAt":0.0,"edge":13913,"offsetX":7.370224475860596,"offsetZ":2.221745729446411,"x":24216.0,"z":23832.0,"zone":3},{"angle":0.6814456582069397,"building":2,"builtAt":0.0,"edge":13965,"offsetX":0.0811879113316536,"offsetZ":-7.202043533325195,"x":24232.0,"z":23832.0,"zone":3},{"angle":0.6814391613006592,"building":22,"builtAt":0.0,"edge":13965,"offsetX":-2.7888317108154297,"offsetZ":4.245611190795898,"x":24248.0,"z":23832.0,"zone":3},{"angle":-2.4601383209228516,"building":2,"builtAt":0.0,"edge":13965,"offsetX":6.860041618347168,"offsetZ":0.25982865691185,"x":24264.0,"z":23832.0,"zone":3},{"angle":0.0,"building":0,"builtAt":0.0,"edge":-1,"offsetX":0.0,"offsetZ":0.0,"x":24280.0,"z":23832.0,"zone":3},{"angle":-0.889312744140625,"building":2,"builtAt":0.0,"edge":13964,"offsetX":3.954041004180908,"offsetZ":-2.263199806213379,"x":24296.0,"z":23832.0,"zone":3},{"angle":0.0,"building":0,"builtAt":0.0,"edge":-1,"offsetX":0.0,"offsetZ":0.0,"x":24312.0,"z":23832.0,"zone":3},{"angle":0.0,"building":0,"builtAt":0.0,"edge":-1,"offsetX":0.0,"offsetZ":0.0,"x":24328.0,"z":23832.0,"zone":3},{"angle":-2.4601523876190186,"building":3,"builtAt":0.0,"edge":13300,"offsetX":6.677258491516113,"offsetZ":0.5094102621078491,"x":24344.0,"z":23832.0,"zone":3},{"angle":0.0,"building":0,"builtAt":0.0,"edge":-1,"offsetX":0.0,"offsetZ":0.0,"x":24360.0,"z":23832.0,"zone":3},{"angle":-0.8893610239028931,"building":1,"builtAt":0.0,"edge":12975,"offsetX":5.940396785736084,"offsetZ":0.885206937789917,"x":24376.0,"z":23832.0,"zone":3},{"angle":-0.8893309235572815,"building":5,"builtAt":0.0,"edge":12905,"offsetX":-1.4291815757751465,"offsetZ":2.5570321083068848,"x":24120.0,"z":23848.0,"zone":4},{"angle":-2.460141658782959,"building":22,"builtAt":0.0,"edge":13263,"offsetX":4.917278289794922,"offsetZ":4.317948818206787,"x":24136.0,"z":23848.0,"zone":4},{"angle":0.0,"building":0,"builtAt":0.0,"edge":-1,"offsetX":0.0,"offsetZ":0.0,"x":24152.0,"z":23848.0,"zone":4},{"angle":2.252253532409668,"building":2,"builtAt":0.0,"edge":12929,"offsetX":3.917691469192505,"offsetZ":-4.106988906860352,"x":24168.0,"z":23848.0,"zone":3},{"angle":0.0,"building":0,"builtAt":0.0,"edge":-1,"offsetX":0.0,"offsetZ":0.0,"x":24184.0,"z":23848.0,"zone":3},{"angle":0.0,"building":0,"builtAt":0.0,"edge":-1,"offsetX":0.0,"offsetZ":0.0,"x":24200.0,"z":23848.0,"zone":3},{"angle":-2.4601595401763916,"building":1,"builtAt":0.0,"edge":13281,"offsetX":1.5349116325378418,"offsetZ":-5.021668910980225,"x":24216.0,"z":23848.0,"zone":3},{"angle":-2.4601502418518066,"building":2,"builtAt":0.0,"edge":13281,"offsetX":-1.4731359481811523,"offsetZ":4.506253242492676,"x":24232.0,"z":23848.0,"zone":3},{"angle":0.0,"building":0,"builtAt":0.0,"edge":-1,"offsetX":0.0,"offsetZ":0.0,"x":24248.0,"z":23848.0,"zone":3},{"angle":2.25219988822937,"building":2,"builtAt":0.0,"edge":13963,"offsetX":-5.5043511390686035,"offsetZ":0.6997568011283875,"x":24264.0,"z":23848.0,"zone":3},{"angle":0.0,"building":0,"builtAt":0.0,"edge":-1,"offsetX":0.0,"offsetZ":0.0,"x":24280.0,"z":23848.0,"zone":3},{"angle":-0.8893073201179504,"building":9,"builtAt":0.0,"edge":13964,"offsetX":-7.772511005401611,"offsetZ":-4.036646366119385,"x":24296.0,"z":23848.0,"zone":3},{"angle":0.6814513802528381,"building":2,"builtAt":0.0,"edge":13300,"offsetX":6.445250511169434,"offsetZ":-4.565215587615967,"x":24312.0,"z":23848.0,"zone":3},{"angle":0.6814402341842651,"building":1,"builtAt":0.0,"edge":13300,"offsetX":4.994560241699219,"offsetZ":6.311740875244141,"x":24328.0,"z":23848.0,"zone":3},{"angle":0.0,"building":0,"builtAt":0.0,"edge":-1,"offsetX":0.0,"offsetZ":0.0,"x":24344.0,"z":23848.0,"zone":3},{"angle":0.0,"building":0,"builtAt":0.0,"edge":-1,"offsetX":0.0,"offsetZ":0.0,"x":24360.0,"z":23848.0,"zone":3},{"angle":-2.460163116455078,"building":1,"builtAt":0.0,"edge":13301,"offsetX":-2.968886137008667,"offsetZ":5.472465991973877,"x":24376.0,"z":23848.0,"zone":3},{"angle":0.0,"building":0,"builtAt":0.0,"edge":-1,"offsetX":0.0,"offsetZ":0.0,"x":24120.0,"z":23864.0,"zone":3},{"angle":-2.460141658782959,"building":22,"builtAt":0.0,"edge":13263,"offsetX":-3.0827133655548096,"offsetZ":-1.8184751272201538,"x":24136.0,"z":23864.0,"zone":3},{"angle":2.252227306365967,"building":1,"builtAt":0.0,"edge":12929,"offsetX":0.513929009437561,"offsetZ":4.960330963134766,"x":24152.0,"z":23864.0,"zone":3},{"angle":2.2522449493408203,"building":2,"builtAt":0.0,"edge":12929,"offsetX":-6.07537317276001,"offsetZ":-7.8087944984436035,"x":24168.0,"z":23864.0,"zone":3},{"angle":0.0,"building":0,"builtAt":0.0,"edge":-1,"offsetX":0.0,"offsetZ":0.0,"x":24184.0,"z":23864.0,"zone":3},{"angle":-0.8893392086029053,"building":1,"builtAt":0.0,"edge":12929,"offsetX":-2.346407413482666,"offsetZ":0.7667375802993774,"x":24200.0,"z":23864.0,"zone":3},{"angle":0.6814424395561218,"building":1,"builtAt":0.0,"edge":13281,"offsetX":-0.7527654767036438,"offsetZ":7.345574378967285,"x":24216.0,"z":23864.0,"zone":3},{"angle":0.0,"building":0,"builtAt":0.0,"edge":-1,"offsetX":0.0,"offsetZ":0.0,"x":24232.0,"z":23864.0,"zone":3},{"angle":2.2522294521331787,"building":3,"builtAt":0.0,"edge":13963,"offsetX":-2.9162232875823975,"offsetZ":-1.1500428915023804,"x":24248.0,"z":23864.0,"zone":3},{"angle":0.0,"building":0,"builtAt":0.0,"edge":-1,"offsetX":0.0,"offsetZ":0.0,"x":24264.0,"z":23864.0,"zone":3},{"angle":-0.8893927335739136,"building":22,"builtAt":0.0,"edge":13963,"offsetX":-5.304691791534424,"offsetZ":-2.1625545024871826,"x":24280.0,"z":23864.0,"zone":3},{"angle":0.0,"building":0,"builtAt":0.0,"edge":-1,"offsetX":0.0,"offsetZ":0.0,"x":24296.0,"z":23864.0,"zone":3},{"angle":0.6814402341842651,"building":1,"builtAt":0.0,"edge":13300,"offsetX":7.199481964111328,"offsetZ":7.320732593536377,"x":24312.0,"z":23864.0,"zone":3},{"angle":0.6814402341842651,"building":2,"builtAt":0.0,"edge":13300,"offsetX":-1.9029790163040161,"offsetZ":-1.1837632656097412,"x":24328.0,"z":23864.0,"zone":3},{"angle":0.0,"building":0,"builtAt":0.0,"edge":-1,"offsetX":0.0,"offsetZ":0.0,"x":24344.0,"z":23864.0,"zone":3},{"angle":0.0,"building":0,"builtAt":0.0,"edge":-1,"offsetX":0.0,"offsetZ":0.0,"x":24360.0,"z":23864.0,"zone":3},{"angle":0.0,"building":0,"builtAt":0.0,"edge":-1,"offsetX":0.0,"offsetZ":0.0,"x":24376.0,"z":23864.0,"zone":3},{"angle":0.6814510226249695,"building":3,"builtAt":0.0,"edge":13263,"offsetX":-0.9781666994094849,"offsetZ":-0.6861004829406738,"x":24120.0,"z":23880.0,"zone":3},{"angle":0.0,"building":0,"builtAt":0.0,"edge":-1,"offsetX":0.0,"offsetZ":0.0,"x":24136.0,"z":23880.0,"zone":3},{"angle":0.0,"building":0,"builtAt":0.0,"edge":-1,"offsetX":0.0,"offsetZ":0.0,"x":24152.0,"z":23880.0,"zone":3},{"angle":0.0,"building":0,"builtAt":0.0,"edge":-1,"offsetX":0.0,"offsetZ":0.0,"x":24168.0,"z":23880.0,"zone":3},{"angle":-0.8893476724624634,"building":22,"builtAt":0.0,"edge":12929,"offsetX":4.715261936187744,"offsetZ":-2.0799789428710938,"x":24184.0,"z":23880.0,"zone":3},{"angle":-0.8893476724624634,"building":2,"builtAt":0.0,"edge":12929,"offsetX":-1.8094741106033325,"offsetZ":5.605030536651611,"x":24200.0,"z":23880.0,"zone":3},{"angle":0.6814424395561218,"building":1,"builtAt":0.0,"edge":13281,"offsetX":-7.177887916564941,"offsetZ":-0.7324435114860535,"x":24216.0,"z":23880.0,"zone":3},{"angle":0.6814351677894592,"building":22,"builtAt":0.0,"edge":13281,"offsetX":-5.124192714691162,"offsetZ":2.552527666091919,"x":24232.0,"z":23880.0,"zone":3},{"angle":0.0,"building":0,"builtAt":0.0,"edge":-1,"offsetX":0.0,"offsetZ":0.0,"x":24248.0,"z":23880.0,"zone":3},{"angle":-2.460120439529419,"building":1,"builtAt":0.0,"edge":13282,"offsetX":-0.1702347695827484,"offsetZ":0.36719614267349243,"x":24264.0,"z":23880.0,"zone":3},{"angle":0.0,"building":0,"builtAt":0.0,"edge":-1,"offsetX":0.0,"offsetZ":0.0,"x":24280.0,"z":23880.0,"zone":3},{"angle":0.0,"building":0,"builtAt":0.0,"edge":-1,"offsetX":0.0,"offsetZ":0.0,"x":24296.0,"z":23880.0,"zone":3},{"angle":0.0,"building":0,"builtAt":0.0,"edge":-1,"offsetX":0.0,"offsetZ":0.0,"x":24312.0,"z":23880.0,"zone":3},{"angle":0.0,"building":0,"builtAt":0.0,"edge":-1,"offsetX":0.0,"offsetZ":0.0,"x":24328.0,"z":23880.0,"zone":3},{"angle":0.6814295053482056,"building":2,"builtAt":0.0,"edge":13301,"offsetX":4.860622882843018,"offsetZ":3.2747409343719482,"x":24344.0,"z":23880.0,"zone":3},{"angle":0.6814295053482056,"building":2,"builtAt":0.0,"edge":13301,"offsetX":-3.769501209259033,"offsetZ":-5.812334060668945,"x":24360.0,"z":23880.0,"zone":3},{"angle":0.0,"building":0,"builtAt":0.0,"edge":-1,"offsetX":0.0,"offsetZ":0.0,"x":24376.0,"z":23880.0,"zone":3},{"angle":0.0,"building":0,"builtAt":0.0,"edge":-1,"offsetX":0.0,"offsetZ":0.0,"x":24120.0,"z":23896.0,"zone":3},{"angle":0.6814523339271545,"building":2,"builtAt":0.0,"edge":13263,"offsetX":-1.9446426630020142,"offsetZ":-6.384598731994629,"x":24136.0,"z":23896.0,"zone":3},{"angle":0.0,"building":0,"builtAt":0.0,"edge":-1,"offsetX":0.0,"offsetZ":0.0,"x":24152.0,"z":23896.0,"zone":3},{"angle":0.0,"building":0,"builtAt":0.0,"edge":-1,"offsetX":0.0,"offsetZ":0.0,"x":24168.0,"z":23896.0,"zone":3},{"angle":-0.8893652558326721,"building":2,"builtAt":0.0,"edge":12929,"offsetX":-5.706597805023193,"offsetZ":-6.131718158721924,"x":24184.0,"z":23896.0,"zone":3},{"angle":-2.460132598876953,"building":1,"builtAt":0.0,"edge":13264,"offsetX":-5.5728678703308105,"offsetZ":2.5290729999542236,"x":24200.0,"z":23896.0,"zone":3},{"angle":2.252258777618408,"building":22,"builtAt":0.0,"edge":12953,"offsetX":-0.5795812010765076,"offsetZ":4.807994365692139,"x":24216.0,"z":23896.0,"zone":3},{"angle":0.0,"building":0,"builtAt":0.0,"edge":-1,"offsetX":0.0,"offsetZ":0.0,"x":24232.0,"z":23896.0,"zone":3},{"angle":0.68147212266922,"building":2,"builtAt":0.0,"edge":13282,"offsetX":0.43848636746406555,"offsetZ":3.343026876449585,"x":24248.0,"z":23896.0,"zone":3},{"angle":0.0,"building":0,"builtAt":0.0,"edge":-1,"offsetX":0.0,"offsetZ":0.0,"x":24264.0,"z":23896.0,"zone":3},{"angle":0.0,"building":0,"builtAt":0.0,"edge":-1,"offsetX":0.0,"offsetZ":0.0,"x":24280.0,"z":23896.0,"zone":3},{"angle":-2.4601526260375977,"building":1,"builtAt":0.0,"edge":13282,"offsetX":4.047951698303223,"offsetZ":0.5160175561904907,"x":24296.0,"z":23896.0,"zone":3},{"angle":0.0,"building":0,"builtAt":0.0,"edge":-1,"offsetX":0.0,"offsetZ":0.0,"x":24312.0,"z":23896.0,"zone":3},{"angle":0.0,"building":0,"builtAt":0.0,"edge":-1,"offsetX":0.0,"offsetZ":0.0,"x":24328.0,"z":23896.0,"zone":3},{"angle":0.0,"building":0,"builtAt":0.0,"edge":-1,"offsetX":0.0,"offsetZ":0.0,"x":24344.0,"z":23896.0,"zone":3},{"angle":0.0,"building":0,"builtAt":0.0,"edge":-1,"offsetX":0.0,"offsetZ":0.0,"x":24360.0,"z":23896.0,"zone":3},{"angle":0.6814571619033813,"building":1,"builtAt":0.0,"edge":13301,"offsetX":7.092221260070801,"offsetZ":-0.9299120306968689,"x":24376.0,"z":23896.0,"zone":3}],"zonePalette":false}
[173.163s] [TravelCost] frame=16408 total=1865.27 terrain=9.56 road=7.34 parts=0.00 node=0.00 marks=0.00 furniture=0.00 fallback=0.00 edges=0 nodes=0
[173.263s] [TravelCost] frame=16409 total=1167.83 terrain=3.87 road=7.21 parts=0.00 node=0.00 marks=0.00 furniture=0.00 fallback=0.00 edges=0 nodes=0
[173.363s] [Streaming] terrain workerMs=256.07 uploadTotalMs=9.71 maxFrameUploadMs=7.39 uploadFrames=3
[173.363s] [LandscapeStreaming] key=94489280536 terrainMs=229.49 masksMs=3.04 patchesMs=23.29 woodlandMs=0.00 landscapeVertices=69704 landscapeTriangles=31048
[173.363s] [TravelCost] frame=16410 total=1221.02 terrain=4.01 road=8.14 parts=0.00 node=0.00 marks=0.00 furniture=0.00 fallback=0.00 edges=0 nodes=0
[173.463s] [TravelCost] frame=16411 total=1887.49 terrain=11.76 road=7.01 parts=0.00 node=0.00 marks=0.00 furniture=0.00 fallback=0.00 edges=0 nodes=0
[173.563s] [TravelCost] frame=16412 total=1201.94 terrain=4.06 road=7.04 parts=0.00 node=0.00 marks=0.00 furniture=0.00 fallback=0.00 edges=0 nodes=0
[173.663s] [Streaming] terrain workerMs=320.53 uploadTotalMs=12.83 maxFrameUploadMs=9.65 uploadFrames=3
[173.663s] [LandscapeStreaming] key=98784247829 terrainMs=299.73 masksMs=2.62 patchesMs=17.96 woodlandMs=0.00 landscapeVertices=69417 landscapeTriangles=29675
[173.663s] [TravelCost] frame=16413 total=1253.48 terrain=3.85 road=7.10 parts=0.00 node=0.00 marks=0.00 furniture=0.00 fallback=0.00 edges=0 nodes=0
[173.763s] [TravelCost] frame=16414 total=1904.41 terrain=4.10 road=8.29 parts=0.00 node=0.00 marks=0.00 furniture=0.00 fallback=0.00 edges=0 nodes=0
[173.863s] [Streaming] terrain workerMs=142.01 uploadTotalMs=3.89 maxFrameUploadMs=2.01 uploadFrames=2
[173.863s] [LandscapeStreaming] key=103079215125 terrainMs=115.65 masksMs=2.15 patchesMs=24.05 woodlandMs=0.00 landscapeVertices=61187 landscapeTriangles=26905
[173.863s] [TravelCost] frame=16415 total=1225.55 terrain=5.26 road=7.98 parts=0.00 node=0.00 marks=0.00 furniture=0.00 fallback=0.00 edges=0 nodes=0
[173.963s] [Streaming] terrain workerMs=0.89 uploadTotalMs=0.28 maxFrameUploadMs=0.28 uploadFrames=1
[173.963s] [LandscapeStreaming] key=94489280533 terrainMs=0.89 masksMs=0.00 patchesMs=0.00 woodlandMs=0.00 landscapeVertices=0 landscapeTriangles=0
[173.963s] [TravelCost] frame=16416 total=1912.27 terrain=3.94 road=8.18 parts=0.00 node=0.00 marks=0.00 furniture=0.00 fallback=0.00 edges=0 nodes=0
[174.063s] [Streaming] terrain workerMs=7.39 uploadTotalMs=0.48 maxFrameUploadMs=0.48 uploadFrames=1
[174.063s] [LandscapeStreaming] key=107374182421 terrainMs=4.77 masksMs=1.29 patchesMs=1.25 woodlandMs=0.00 landscapeVertices=4472 landscapeTriangles=2238
[174.063s] [TravelCost] frame=16417 total=1872.25 terrain=3.66 road=8.02 parts=0.00 node=0.00 marks=0.00 furniture=0.00 fallback=0.00 edges=0 nodes=0
[174.063s] [PlaytestInput] frame=16417 key=Escape
[174.063s] [PlaytestState] {"cameraMode":0,"commandId":2,"commandInput":"","commandMessage":"","commandPalette":false,"cursorX":400,"cursorY":322,"development":{"completed":0,"count":0},"draftMessage":"","draftPoints":0,"draftValid":false,"driving":false,"editMode":1,"eyeY":127.85540962219238,"focusX":24252.0,"focusY":32.575355529785156,"focusZ":23772.0,"focused":true,"fps":0.5185266997175586,"fpsGraph":false,"frame":16417,"funds":30.0,"gameHour":8.039999961853027,"income":30.30898,"localMapCenter":[24252.0,23772.0],"localMapHeadingUp":false,"localMapSpan":2000.0,"logicMs":0.016,"maintenance":22.71789867024176,"map":false,"mapBuilds":1,"mapContext":false,"mapCustomPixelShader":false,"mapX":24252.0,"mapZ":23772.0,"mapZoom":4.0,"nearbyRoads":[{"id":13765,"length":50.096553802490234,"open":true,"points":[[24184.24609375,37.4201545715332,23402.494140625],[24186.875701653287,37.40728381084992,23399.251700376903],[24189.505321628036,37.39441322377609,23396.009269413647],[24192.13495535041,37.38154279538986,23392.76685086862],[24194.764607319616,37.3686724969565,23389.524444394105],[24197.39427686403,37.35580232505256,23386.28205601808],[24200.023969426198,37.34293224633382,23383.03968422982],[24202.653686687965,37.3300622458652,23379.797332155933],[24205.28343221296,37.31719229950511,23376.55500060337],[24207.913208624905,37.3043223877148,23373.312691538697],[24210.54301290479,37.29145251857272,23370.070413886242],[24213.172855200828,37.27858263572094,23366.82816033748],[24215.802734375,37.26571273803711,23363.5859375]],"width":6.839999675750732},{"id":12848,"length":75.3116455078125,"open":true,"points":[[24084.107421875,37.087406158447266,23525.958984375],[24088.060467116073,37.16626111068103,23521.08506040685],[24092.013515184633,37.24511625176747,23516.21113973381],[24095.96657208912,37.323971675073395,23511.33722172911],[24099.919638182968,37.40282736116019,23506.46331273845],[24103.872715586796,37.481683325840706,23501.58941692878],[24107.825811369345,37.5605396836325,23496.71553236658],[24111.778925530612,37.63939640804538,23491.841665833912],[24115.732066553086,37.718253641796956,23486.96781365497],[24119.685233023018,37.79711133019375,23482.09398435553],[24123.638427767906,37.87596950314544,23477.220181232686],[24127.591653615236,37.95482819056031,23472.346407583984],[24131.544921875,38.033687591552734,23467.47265625]],"width":6.839999675750732},{"id":13803,"length":42.66592788696289,"open":true,"points":[[24030.35546875,36.810420989990234,23592.232421875],[24032.595074936515,36.82196156057961,23589.47091519256],[24034.834717167832,36.83350218446301,23586.7094386571],[24037.07439424246,36.84504288193082,23583.947986972722],[24039.31409935193,36.85658364438469,23581.18656175571],[24041.553831294757,36.86812449212058,23578.425157708254],[24043.793586466458,36.87966543305448,23575.663772494532],[24046.033362464048,36.89120648129518,23572.902402296728],[24048.27315287956,36.902747630316185,23570.14104823402],[24050.51295771298,36.91428890661078,23567.37970352492],[24052.75277215836,36.92583031190877,23564.61836731265],[24054.992594613694,36.937371864449794,23561.857034790108],[24057.232421875,36.94891357421875,23559.095703125]],"width":6.839999675750732},{"id":12846,"length":67.05158233642578,"open":true,"points":[[23932.33984375,36.665016174316406,23713.080078125],[23935.859602655484,36.65745122294311,23708.740449793775],[23939.37936581846,36.649886408187065,23704.400825228724],[23942.8991291114,36.64232170975856,23700.06119957648],[23946.418888408632,36.63475710736793,23695.721567982335],[23949.938637068397,36.627192586136054,23691.381928694373],[23953.458367820655,36.61962813253649,23687.042280735826],[23956.978079690016,36.6120637195163,23682.70261536913],[23960.497765407727,36.60449933354903,23678.36293161607],[23964.01741896398,36.596934958402926,23674.023226945996],[23967.537046936166,36.58937055079332,23669.683483307534],[23971.056630726198,36.581806121541376,23665.343713689967],[23974.576171875,36.574241638183594,23661.00390625]],"width":6.839999675750732},{"id":13798,"length":43.819332122802734,"open":true,"points":[[23877.13671875,35.95730972290039,23781.14453125],[23879.43667615991,35.98679878586915,23778.30845421157],[23881.736678975623,36.01628748771652,23775.472413177602],[23884.036723496563,36.04577588123472,23772.636404344812],[23886.336802732694,36.075263977032684,23769.800427966748],[23888.636915658204,36.10475186217441,23766.964476943947],[23890.937058780375,36.134239592086665,23764.12854721956],[23893.237225316567,36.16372718001316,23761.292638793584],[23895.537410952373,36.193214670834266,23758.4567486234],[23897.837613841682,36.22270214106757,23755.620870623734],[23900.13782884821,36.25218962504794,23752.785002766177],[23902.438054126484,36.28167719929376,23749.949138965458],[23904.73828125,36.31116485595703,23747.11328125]],"width":6.839999675750732},{"id":12828,"length":75.30938720703125,"open":true,"points":[[24013.26953125,37.10893249511719,23468.50390625],[24017.222511742268,37.1708810068476,23463.63006072069],[24021.175491108555,37.232829739645666,23458.756215],[24025.128469283103,37.29477877226197,23453.88236758934],[24029.081446199918,37.35672818344729,23449.00851699034],[24033.034417904953,37.41867799102468,23444.13466649836],[24036.987388219233,37.480628334671515,23439.260809822343],[24040.94035601517,37.542579276520016,23434.386946772516],[24044.893314509874,37.60453079007914,23429.51308413177],[24048.846263988315,37.666482959633385,23424.63921996844],[24052.799211802725,37.72843598024197,23419.765343636907],[24056.75214834066,37.790389781096486,23414.89146540829],[24060.705078125,37.85234451293945,23410.017578125]],"width":11.699999809265137},{"id":12827,"length":85.33165740966797,"open":true,"points":[[23959.517578125,36.91480255126953,23534.77734375],[23963.996674585433,36.93097999515878,23529.254367616777],[23968.475848849805,36.94715758307664,23523.731455351623],[23972.95509053209,36.96333527551393,23518.20859783474],[23977.434389246013,36.97951303296118,23512.68578594618],[23981.913732602752,36.99569080867683,23507.163013034788],[23986.393113820086,37.01186857616892,23501.64026553667],[23990.87251490219,37.02804626844681,23496.11754371365],[23995.35193707665,37.044223887947325,23490.594824126943],[23999.831360745695,37.060401361895565,23485.072109014116],[24004.31076631146,37.07657861751818,23479.549400613523],[24008.790166215997,37.09275569775327,23474.02666166201],[24013.26953125,37.10893249511719,23468.50390625]],"width":11.699999809265137},{"id":13709,"length":44.274784088134766,"open":true,"points":[[23903.73828125,37.11899185180664,23603.55078125],[23906.062333638198,37.11048459153696,23600.68521746723],[23908.386348553508,37.10197722021235,23597.81962305773],[23910.71033726955,37.09346974619996,23594.95400762107],[23913.03431023004,37.08496218090954,23592.088381782087],[23915.35827933422,37.07645453042631,23589.222754372517],[23917.68226146896,37.06794678257984,23586.3571280755],[23920.00626105515,37.059438970838755,23583.49152094687],[23922.33029082559,37.050931098245655,23580.625940794293],[23924.654361020206,37.04242317697094,23577.760398499933],[23926.9784885285,37.03391519484421,23574.89489674798],[23929.302681929003,37.02540717012107,23572.02944847039],[23931.626953125,37.01689910888672,23569.1640625]],"width":11.699999809265137},{"id":12825,"length":67.05155181884766,"open":true,"points":[[23861.5,37.06214904785156,23655.626953125],[23865.019852805905,37.06688577552947,23651.287268684824],[23868.53966801083,37.07162254386452,23646.947553776536],[23872.059456972547,37.07635934989213,23642.607817897562],[23875.579231049614,37.08109619064771,23638.26807054566],[23879.099003804145,37.08583306613127,23633.928318502767],[23882.618783134385,37.09056996871959,23629.588575535163],[23886.138582603602,37.095306898412666,23625.248848425177],[23889.658413257974,37.10004385182243,23620.909147059323],[23893.178288661627,37.10478082894883,23616.569478220266],[23896.698217343874,37.10951782301572,23612.229854898615],[23900.218207834067,37.114254827246896,23607.890290084742],[23903.73828125,37.11899185180664,23603.55078125]],"width":11.699999809265137},{"id":12863,"length":95.55066680908203,"open":true,"points":[[23879.728515625,33.08394241333008,23906.271484375],[23884.744139429185,33.14690962367487,23900.08740381815],[23889.75976323336,33.20987670156497,23893.9033232613],[23894.775388831273,33.272843696010014,23887.71924049285],[23899.791012635458,33.33581058846346,23881.535159936],[23904.80663823336,33.398777450453714,23875.35107716755],[23909.822263831273,33.46174428595299,23869.1669943991],[23914.83788584173,33.52471107641486,23862.98291605385],[23919.85351323336,33.58767796092376,23856.7988310738],[23924.869140625,33.65064489841461,23850.61474609375],[23929.884764429185,33.713611870340856,23844.4306655369],[23934.90038823336,33.77657894823086,23838.24658498005],[23939.916015625,33.83954620361328,23832.0625]],"width":11.699999809265137},{"id":13800,"length":43.81911087036133,"open":true,"points":[[23939.916015625,33.83954620361328,23832.0625],[23942.21624357117,33.866601192475855,23829.226641270332],[23944.516467204146,33.89365621036609,23826.390779498033],[23946.816682622004,33.920711291149594,23823.554911133368],[23949.116886745254,33.94776647836784,23820.71903161239],[23951.417073203665,33.974821776858796,23817.88314042799],[23953.717239739835,34.00187723983982,23815.04723200202],[23956.017382039387,34.028932896338574,23812.211303291842],[23958.31749496488,34.05598876570684,23809.37535226904],[23960.61757502354,34.08304488664816,23806.539374876767],[23962.91761872191,34.110101297866095,23803.703367058188],[23965.217620920717,34.1371580187124,23800.86732678488],[23967.517578125,34.164215087890625,23798.03125]],"width":11.699999809265137},{"id":12865,"length":67.05329895019531,"open":true,"points":[[23995.12109375,34.48888397216797,23764.0],[23998.64062938188,34.52957832157744,23759.660190670154],[24002.160202633302,34.57027316000235,23755.320411133245],[24005.67980990219,34.61096834088757,23750.98066063098],[24009.199448845262,34.651663732229316,23746.640936851985],[24012.7191161751,34.69235919110732,23742.301238648168],[24016.23881489763,34.733054647368476,23737.961557111295],[24019.758536689937,34.77374989987762,23733.621897300804],[24023.27827826322,34.814444805714594,23729.282258068662],[24026.798036327833,34.85513922196077,23724.942638267617],[24030.317817663505,34.89583312212774,23720.603024335614],[24033.837616461224,34.936526334194355,23716.263418231687],[24037.357421875,34.97721862792969,23711.923828125]],"width":11.699999809265137},{"id":13838,"length":44.27477264404297,"open":true,"points":[[24037.357421875,34.97721862792969,23711.923828125],[24039.681514259955,34.984874387861225,23709.058298306856],[24042.005635605947,34.9925303979742,23706.19279223199],[24044.329775391227,35.0001866194645,23703.327300952984],[24046.65392309358,35.00784301352515,23700.461815520986],[24048.97806819043,35.01549954134668,23697.596326985862],[24051.302198496604,35.02315615864126,23694.730828446016],[24053.626305567086,35.03081283344134,23691.865308387547],[24055.9503759699,35.03846951734913,23688.999761444655],[24058.274400428956,35.04612617565716,23686.134177127326],[24060.59836883717,35.05378277091949,23683.268545970204],[24062.92226776348,35.061439254738005,23680.402862607305],[24065.24609375,35.069095611572266,23677.537109375]],"width":11.699999809265137},{"id":13805,"length":42.66621017456055,"open":true,"points":[[24093.13671875,35.160972595214844,23643.150390625],[24095.376478798866,35.17807311961731,23640.389140428164],[24097.61623166541,35.195173773418325,23637.62788394325],[24099.85596896586,35.21227451789498,23634.866616363466],[24102.095684719436,35.22937533267133,23632.105329919537],[24104.335370141973,35.246476175966606,23629.344020298522],[24106.575020053744,35.263577033520846,23626.582678743725],[24108.81462527028,35.28067786049566,23623.82130143613],[24111.05417660736,35.297778612052944,23621.05988455699],[24113.29367048734,35.31487928616497,23618.29841737471],[24115.533096925374,35.33197983187869,23615.536897058384],[24117.77244914044,35.349080222704444,23612.775316827],[24120.01171875,35.366180419921875,23610.013671875]],"width":11.699999809265137},{"id":12868,"length":75.3056869506836,"open":true,"points":[[24146.888671875,35.571388244628906,23576.876953125],[24150.84187114453,35.572666267647826,23572.003285452134],[24154.79502970216,35.573944412155285,23567.129585009192],[24158.74814783494,35.575222653942156,23562.255849864967],[24162.701223002638,35.576500967886844,23557.382081573513],[24166.65425549261,35.57777932978333,23552.508278202306],[24170.60724276476,35.57905771451226,23547.6344413044],[24174.560189347416,35.58033609924075,23542.760563717216],[24178.5130912864,35.5816144583929,23537.886648736127],[24182.465941800103,35.582892765478306,23533.012703142584],[24186.418753897626,35.58417100040609,23528.138709314935],[24190.371509487406,35.585449133027254,23523.264687979212],[24194.32421875,35.586727142333984,23518.390625]],"width":11.699999809265137},{"id":12869,"length":83.66351318359375,"open":true,"points":[[24194.32421875,35.586727142333984,23518.390625],[24198.716282468078,35.571062044128325,23512.97602062058],[24203.108272871577,35.555396965530576,23507.56135520152],[24207.500201953488,35.53973191214299,23502.146644242952],[24211.892089560028,35.52406686155655,23496.73189356258],[24216.283943757302,35.50840183337914,23491.317123501452],[24220.675787532586,35.4927367939972,23485.902336004074],[24225.06762502529,35.47707177702432,23480.487556252632],[24229.45948236391,35.4614067376424,23475.07278231859],[24233.851366829185,35.44574169826047,23469.658035511213],[24238.24329512582,35.430076647674014,23464.24332552093],[24242.635283958687,35.414411574678525,23458.82866203837],[24247.02734375,35.398746490478516,23453.4140625]],"width":11.699999809265137},{"id":12870,"length":100.1954345703125,"open":true,"points":[[24247.02734375,35.398746490478516,23453.4140625],[24252.286625672285,35.33585647150697,23446.929233396535],[24257.545945410602,35.27296621388653,23440.44443384452],[24262.805298461706,35.21007582607446,23433.959664196016],[24268.064685965022,35.147185349053295,23427.47491784504],[24273.324102476887,35.084294902523546,23420.99019630201],[24278.583545374742,35.021404572448546,23414.505497598435],[24283.843010154815,34.95851446728277,23408.020822084938],[24289.102499836597,34.8956246055169,23401.536160836054],[24294.36200615351,34.83273514058905,23395.05151884134],[24299.621535885934,34.769846046009924,23388.566882538275],[24304.88107324183,34.706957565185576,23382.08226619463],[24310.140625,34.64406967163086,23375.59765625]],"width":11.699999809265137},{"id":13860,"length":47.774295806884766,"open":true,"points":[[23929.4140625,32.499351501464844,23946.568359375],[23931.921953550307,32.51656212450474,23943.476464527605],[23934.42984101316,32.53377286863406,23940.38456732076],[23936.93772152532,32.55098369752456,23937.292665118686],[23939.445593517274,32.568194587157464,23934.200753074303],[23941.953452056274,32.585405490432684,23931.108830487286],[23944.461292658,32.602616363327236,23928.016896104844],[23946.96911532246,32.61982719259334,23924.924943145877],[23949.47691287473,32.63703791574318,23921.83297367587],[23951.984687108546,32.6542485318399,23918.74097870318],[23954.492430849004,32.671458978396466,23915.648960294704],[23957.00014050864,32.688669217546796,23912.556916095113],[23959.5078125,32.70587921142578,23909.46484375]],"width":13.199999809265137},{"id":12885,"length":67.05479431152344,"open":true,"points":[[24044.8046875,33.62478256225586,23804.298828125],[24048.3245399912,33.68003555464113,23799.959144072836],[24051.84435551083,33.73528916361205,23795.619428776536],[24055.364144472547,33.79054331328093,23791.279692897562],[24058.883918549614,33.845797947519294,23786.93994554566],[24062.403690045376,33.901053020077775,23782.60019505479],[24065.923470634385,33.956308474825384,23778.260450535163],[24069.443270103602,34.011564225988764,23773.920723425177],[24072.963100757974,34.06682022731537,23769.581022059323],[24076.482976161627,34.12207645231277,23765.241353220266],[24080.002904843874,34.177332795444535,23760.901729898615],[24083.522900369382,34.23258923021713,23756.562158877136],[24087.04296875,34.287845611572266,23752.22265625]],"width":13.199999809265137},{"id":13840,"length":44.27477264404297,"open":true,"points":[[24087.04296875,34.287845611572266,23752.22265625],[24089.367020930407,34.29522195075178,23749.357092723447],[24091.691035222346,34.30259851734804,23746.49149908259],[24094.015023938406,34.309975280920696,23743.625883645916],[24096.33899773004,34.31735220575073,23740.760256782087],[24098.662967665343,34.32472925743607,23737.894628347687],[24100.98694896896,34.33210641476422,23735.0290030755],[24103.310945230667,34.33948361958525,23732.16340004608],[24105.634976663336,34.346860866513346,23729.29781784386],[24107.959048520206,34.354238102672724,23726.432273499933],[24110.2831760285,34.361615306845835,23723.56677174798],[24112.607369429003,34.36899244198496,23720.70132347039],[24114.931640625,34.37636947631836,23717.8359375]],"width":13.199999809265137}],"pauseMenu":false,"pedestrians":{"completed":0,"drawCalls":0,"population":10000,"renderMs":0.068,"ridingCar":0,"ridingTrain":0,"updateMs":0.0,"visible":0,"waitingCar":0,"waitingTrain":0,"walking":0},"plans":0,"population":233146,"railway":{"depots":0,"edgeCount":1269,"editorVisible":false,"lines":[{"enabled":true,"first":480,"id":0,"interval":270.0,"last":1380,"name":"汐淵・鵜池線","next":270.0,"stops":[17680,17681]},{"enabled":true,"first":480,"id":1,"interval":1380.0,"last":1380,"name":"鵜池・常宮線","next":1440.0,"stops":[17681,17743]},{"enabled":true,"first":480,"id":2,"interval":210.0,"last":1380,"name":"常宮・網瀬洗線","next":210.0,"stops":[17743,18160]},{"enabled":true,"first":480,"id":3,"interval":1140.0,"last":1380,"name":"網瀬洗・葦草第3地区線","next":1440.0,"stops":[18160,18212]},{"enabled":true,"first":480,"id":4,"interval":120.0,"last":1380,"name":"葦草第3地区・葦草線","next":120.0,"stops":[18212,18559]},{"enabled":true,"first":480,"id":5,"interval":150.0,"last":1380,"name":"葦草第3地区・葦草第2地区線","next":150.0,"stops":[18212,18574]},{"enabled":true,"first":480,"id":6,"interval":210.0,"last":1380,"name":"葦草第3地区・秋神線","next":210.0,"stops":[18212,18602]},{"enabled":true,"first":480,"id":7,"interval":990.0,"last":1380,"name":"葦草第2地区・玉寺線","next":1440.0,"stops":[18574,18654]}],"message":"","stations":[{"id":17680,"name":"汐淵","position":[62375.3515625,52.0,53503.86328125]},{"id":17681,"name":"鵜池","position":[58668.0078125,43.0,52852.76953125]},{"id":17743,"name":"常宮","position":[48529.0546875,69.5,30835.60546875]},{"id":18160,"name":"網瀬洗","position":[45508.171875,48.5,30061.234375]},{"id":18212,"name":"葦草第3地区","position":[24688.427734375,52.0,22959.96875]},{"id":18559,"name":"葦草","position":[24090.08984375,57.0,23697.6875]},{"id":18574,"name":"葦草第2地区","position":[23546.435546875,44.5,24367.982421875]},{"id":18602,"name":"秋神","position":[23495.00390625,64.0,19984.44140625]},{"id":18654,"name":"玉寺","position":[16738.02734375,50.0,43665.12890625]}],"trains":[]},"renderMs":1872.251,"selectionId":-1,"selectionKind":0,"signalsMs":0.559,"sound":{"enginePitch":1.0,"enginePlaying":false,"events":0,"outputPeak":0.0,"volume":0.6},"textInput":false,"timeSpeed":0,"townLabels":[],"traffic":{"accessPoints":20526,"cars":0,"completed":0,"localCars":0,"localTarget":0,"routeFailures":0,"spawned":0,"stopped":0,"updateMs":0.0},"zone":2,"zoneBrush":1,"zoneCells":[{"angle":0.0,"building":0,"builtAt":0.0,"edge":-1,"offsetX":0.0,"offsetZ":0.0,"x":24120.0,"z":23640.0,"zone":4},{"angle":0.0,"building":0,"builtAt":0.0,"edge":-1,"offsetX":0.0,"offsetZ":0.0,"x":24136.0,"z":23640.0,"zone":4},{"angle":0.0,"building":0,"builtAt":0.0,"edge":-1,"offsetX":0.0,"offsetZ":0.0,"x":24152.0,"z":23640.0,"zone":4},{"angle":0.0,"building":0,"builtAt":0.0,"edge":-1,"offsetX":0.0,"offsetZ":0.0,"x":24168.0,"z":23640.0,"zone":4},{"angle":0.0,"building":0,"builtAt":0.0,"edge":-1,"offsetX":0.0,"offsetZ":0.0,"x":24184.0,"z":23640.0,"zone":4},{"angle":0.0,"building":0,"builtAt":0.0,"edge":-1,"offsetX":0.0,"offsetZ":0.0,"x":24200.0,"z":23640.0,"zone":4},{"angle":0.6814513206481934,"building":3,"builtAt":0.0,"edge":13314,"offsetX":-6.154786109924316,"offsetZ":2.631944417953491,"x":24216.0,"z":23640.0,"zone":4},{"angle":-2.460141897201538,"building":5,"builtAt":0.0,"edge":13314,"offsetX":1.7993888854980469,"offsetZ":-6.4174346923828125,"x":24232.0,"z":23640.0,"zone":4},{"angle":-2.4601361751556396,"building":2,"builtAt":0.0,"edge":13314,"offsetX":-4.6434125900268555,"offsetZ":2.282050371170044,"x":24248.0,"z":23640.0,"zone":3},{"angle":2.252218246459961,"building":2,"builtAt":0.0,"edge":12908,"offsetX":-0.9941437244415283,"offsetZ":-0.4055778384208679,"x":24264.0,"z":23640.0,"zone":3},{"angle":-0.8893780708312988,"building":22,"builtAt":0.0,"edge":12908,"offsetX":7.369665145874023,"offsetZ":2.3371095657348633,"x":24280.0,"z":23640.0,"zone":3},{"angle":-0.889374315738678,"building":1,"builtAt":0.0,"edge":12908,"offsetX":7.7662787437438965,"offsetZ":-1.3832064867019653,"x":24296.0,"z":23640.0,"zone":3},{"angle":0.6814509630203247,"building":22,"builtAt":0.0,"edge":13331,"offsetX":6.718299388885498,"offsetZ":-6.901330947875977,"x":24312.0,"z":23640.0,"zone":3},{"angle":0.681452214717865,"building":22,"builtAt":0.0,"edge":13331,"offsetX":4.242094039916992,"offsetZ":4.104255676269531,"x":24328.0,"z":23640.0,"zone":3},{"angle":0.0,"building":0,"builtAt":0.0,"edge":-1,"offsetX":0.0,"offsetZ":0.0,"x":24344.0,"z":23640.0,"zone":3},{"angle":0.0,"building":0,"builtAt":0.0,"edge":-1,"offsetX":0.0,"offsetZ":0.0,"x":24360.0,"z":23640.0,"zone":3},{"angle":-2.4601478576660156,"building":1,"builtAt":0.0,"edge":13332,"offsetX":4.05752420425415,"offsetZ":3.6997785568237305,"x":24376.0,"z":23640.0,"zone":3},{"angle":0.0,"building":0,"builtAt":0.0,"edge":-1,"offsetX":0.0,"offsetZ":0.0,"x":24120.0,"z":23656.0,"zone":4},{"angle":0.0,"building":0,"builtAt":0.0,"edge":-1,"offsetX":0.0,"offsetZ":0.0,"x":24136.0,"z":23656.0,"zone":4},{"angle":0.0,"building":0,"builtAt":0.0,"edge":-1,"offsetX":0.0,"offsetZ":0.0,"x":24152.0,"z":23656.0,"zone":4},{"angle":0.0,"building":0,"builtAt":0.0,"edge":-1,"offsetX":0.0,"offsetZ":0.0,"x":24168.0,"z":23656.0,"zone":4},{"angle":0.0,"building":0,"builtAt":0.0,"edge":-1,"offsetX":0.0,"offsetZ":0.0,"x":24184.0,"z":23656.0,"zone":4},{"angle":0.0,"building":0,"builtAt":0.0,"edge":-1,"offsetX":0.0,"offsetZ":0.0,"x":24200.0,"z":23656.0,"zone":4},{"angle":0.0,"building":0,"builtAt":0.0,"edge":-1,"offsetX":0.0,"offsetZ":0.0,"x":24216.0,"z":23656.0,"zone":4},{"angle":0.6814565062522888,"building":6,"builtAt":0.0,"edge":13314,"offsetX":-2.1279075145721436,"offsetZ":2.9075474739074707,"x":24232.0,"z":23656.0,"zone":4},{"angle":-2.4601240158081055,"building":1,"builtAt":0.0,"edge":13314,"offsetX":4.912959575653076,"offsetZ":-5.019773960113525,"x":24248.0,"z":23656.0,"zone":3},{"angle":-0.889363169670105,"building":22,"builtAt":0.0,"edge":12908,"offsetX":6.674422264099121,"offsetZ":6.832186698913574,"x":24264.0,"z":23656.0,"zone":3},{"angle":-0.889374315738678,"building":1,"builtAt":0.0,"edge":12908,"offsetX":-2.0070576667785645,"offsetZ":-4.250811576843262,"x":24280.0,"z":23656.0,"zone":3},{"angle":-0.8893780708312988,"building":2,"builtAt":0.0,"edge":12908,"offsetX":0.8451632261276245,"offsetZ":-5.978168964385986,"x":24296.0,"z":23656.0,"zone":3},{"angle":2.2522571086883545,"building":2,"builtAt":0.0,"edge":12932,"offsetX":-5.701452255249023,"offsetZ":1.687943935394287,"x":24312.0,"z":23656.0,"zone":3},{"angle":0.0,"building":0,"builtAt":0.0,"edge":-1,"offsetX":0.0,"offsetZ":0.0,"x":24328.0,"z":23656.0,"zone":3},{"angle":0.0,"building":0,"builtAt":0.0,"edge":-1,"offsetX":0.0,"offsetZ":0.0,"x":24344.0,"z":23656.0,"zone":3},{"angle":0.0,"building":0,"builtAt":0.0,"edge":-1,"offsetX":0.0,"offsetZ":0.0,"x":24360.0,"z":23656.0,"zone":3},{"angle":-2.4601478576660156,"building":1,"builtAt":0.0,"edge":13332,"offsetX":-2.367616653442383,"offsetZ":-4.378254413604736,"x":24376.0,"z":23656.0,"zone":3},{"angle":0.0,"building":0,"builtAt":0.0,"edge":-1,"offsetX":0.0,"offsetZ":0.0,"x":24120.0,"z":23672.0,"zone":0},{"angle":0.0,"building":0,"builtAt":0.0,"edge":-1,"offsetX":0.0,"offsetZ":0.0,"x":24136.0,"z":23672.0,"zone":4},{"angle":0.0,"building":0,"builtAt":0.0,"edge":-1,"offsetX":0.0,"offsetZ":0.0,"x":24152.0,"z":23672.0,"zone":4},{"angle":0.0,"building":0,"builtAt":0.0,"edge":-1,"offsetX":0.0,"offsetZ":0.0,"x":24168.0,"z":23672.0,"zone":4},{"angle":0.0,"building":0,"builtAt":0.0,"edge":-1,"offsetX":0.0,"offsetZ":0.0,"x":24184.0,"z":23672.0,"zone":4},{"angle":0.0,"building":0,"builtAt":0.0,"edge":-1,"offsetX":0.0,"offsetZ":0.0,"x":24200.0,"z":23672.0,"zone":4},{"angle":0.0,"building":0,"builtAt":0.0,"edge":-1,"offsetX":0.0,"offsetZ":0.0,"x":24216.0,"z":23672.0,"zone":4},{"angle":0.0,"building":0,"builtAt":0.0,"edge":-1,"offsetX":0.0,"offsetZ":0.0,"x":24232.0,"z":23672.0,"zone":4},{"angle":0.0,"building":0,"builtAt":0.0,"edge":-1,"offsetX":0.0,"offsetZ":0.0,"x":24248.0,"z":23672.0,"zone":4},{"angle":0.6814480423927307,"building":2,"builtAt":0.0,"edge":13315,"offsetX":-6.2546539306640625,"offsetZ":7.643273830413818,"x":24264.0,"z":23672.0,"zone":3},{"angle":-2.460141897201538,"building":2,"builtAt":0.0,"edge":13315,"offsetX":4.364665508270264,"offsetZ":3.4552180767059326,"x":24280.0,"z":23672.0,"zone":3},{"angle":-2.460141897201538,"building":2,"builtAt":0.0,"edge":13315,"offsetX":-4.265265464782715,"offsetZ":-5.631700038909912,"x":24296.0,"z":23672.0,"zone":3},{"angle":2.2522571086883545,"building":22,"builtAt":0.0,"edge":12932,"offsetX":3.77371883392334,"offsetZ":-6.626931667327881,"x":24312.0,"z":23672.0,"zone":3},{"angle":0.0,"building":0,"builtAt":0.0,"edge":-1,"offsetX":0.0,"offsetZ":0.0,"x":24328.0,"z":23672.0,"zone":3},{"angle":0.0,"building":0,"builtAt":0.0,"edge":-1,"offsetX":0.0,"offsetZ":0.0,"x":24344.0,"z":23672.0,"zone":3},{"angle":-0.8893195986747742,"building":2,"builtAt":0.0,"edge":12932,"offsetX":-4.963898181915283,"offsetZ":0.13080857694149017,"x":24360.0,"z":23672.0,"zone":3},{"angle":0.6814391613006592,"building":5,"builtAt":0.0,"edge":13332,"offsetX":-2.5466763973236084,"offsetZ":5.799123764038086,"x":24376.0,"z":23672.0,"zone":3},{"angle":0.0,"building":0,"builtAt":0.0,"edge":-1,"offsetX":0.0,"offsetZ":0.0,"x":24120.0,"z":23688.0,"zone":0},{"angle":0.0,"building":0,"builtAt":0.0,"edge":-1,"offsetX":0.0,"offsetZ":0.0,"x":24136.0,"z":23688.0,"zone":0},{"angle":0.0,"building":0,"builtAt":0.0,"edge":-1,"offsetX":0.0,"offsetZ":0.0,"x":24152.0,"z":23688.0,"zone":4},{"angle":-2.46014142036438,"building":4,"builtAt":0.0,"edge":13297,"offsetX":4.891820430755615,"offsetZ":0.837200939655304,"x":24168.0,"z":23688.0,"zone":4},{"angle":0.0,"building":0,"builtAt":0.0,"edge":-1,"offsetX":0.0,"offsetZ":0.0,"x":24184.0,"z":23688.0,"zone":4},{"angle":0.0,"building":0,"builtAt":0.0,"edge":-1,"offsetX":0.0,"offsetZ":0.0,"x":24200.0,"z":23688.0,"zone":4},{"angle":0.0,"building":0,"builtAt":0.0,"edge":-1,"offsetX":0.0,"offsetZ":0.0,"x":24216.0,"z":23688.0,"zone":4},{"angle":2.252243757247925,"building":3,"builtAt":0.0,"edge":13917,"offsetX":-5.8597493171691895,"offsetZ":-5.189786434173584,"x":24232.0,"z":23688.0,"zone":4},{"angle":0.0,"building":0,"builtAt":0.0,"edge":-1,"offsetX":0.0,"offsetZ":0.0,"x":24248.0,"z":23688.0,"zone":4},{"angle":0.6814508438110352,"building":1,"builtAt":0.0,"edge":13315,"offsetX":8.208112716674805,"offsetZ":2.4436228275299072,"x":24264.0,"z":23688.0,"zone":3},{"angle":0.0,"building":0,"builtAt":0.0,"edge":-1,"offsetX":0.0,"offsetZ":0.0,"x":24280.0,"z":23688.0,"zone":3},{"angle":-2.4601430892944336,"building":22,"builtAt":0.0,"edge":13315,"offsetX":2.7603113651275635,"offsetZ":-1.6592469215393066,"x":24296.0,"z":23688.0,"zone":3},{"angle":0.0,"building":0,"builtAt":0.0,"edge":-1,"offsetX":0.0,"offsetZ":0.0,"x":24312.0,"z":23688.0,"zone":3},{"angle":0.0,"building":0,"builtAt":0.0,"edge":-1,"offsetX":0.0,"offsetZ":0.0,"x":24328.0,"z":23688.0,"zone":3},{"angle":-0.889335572719574,"building":5,"builtAt":0.0,"edge":12932,"offsetX":-0.674935519695282,"offsetZ":-0.28057900071144104,"x":24344.0,"z":23688.0,"zone":3},{"angle":0.0,"building":0,"builtAt":0.0,"edge":-1,"offsetX":0.0,"offsetZ":0.0,"x":24360.0,"z":23688.0,"zone":3},{"angle":0.0,"building":0,"builtAt":0.0,"edge":-1,"offsetX":0.0,"offsetZ":0.0,"x":24376.0,"z":23688.0,"zone":3},{"angle":0.0,"building":0,"builtAt":0.0,"edge":-1,"offsetX":0.0,"offsetZ":0.0,"x":24120.0,"z":23704.0,"zone":0},{"angle":0.0,"building":0,"builtAt":0.0,"edge":-1,"offsetX":0.0,"offsetZ":0.0,"x":24136.0,"z":23704.0,"zone":4},{"angle":0.6814571022987366,"building":5,"builtAt":0.0,"edge":13297,"offsetX":-6.4882965087890625,"offsetZ":-0.3709557354450226,"x":24152.0,"z":23704.0,"zone":4},{"angle":0.0,"building":0,"builtAt":0.0,"edge":-1,"offsetX":0.0,"offsetZ":0.0,"x":24168.0,"z":23704.0,"zone":4},{"angle":0.0,"building":0,"builtAt":0.0,"edge":-1,"offsetX":0.0,"offsetZ":0.0,"x":24184.0,"z":23704.0,"zone":4},{"angle":0.0,"building":0,"builtAt":0.0,"edge":-1,"offsetX":0.0,"offsetZ":0.0,"x":24200.0,"z":23704.0,"zone":4},{"angle":2.2522826194763184,"building":5,"builtAt":0.0,"edge":13916,"offsetX":-2.0932695865631104,"offsetZ":-4.877505779266357,"x":24216.0,"z":23704.0,"zone":4},{"angle":0.68142169713974,"building":5,"builtAt":0.0,"edge":13920,"offsetX":-1.6337822675704956,"offsetZ":8.301788330078125,"x":24232.0,"z":23704.0,"zone":4},{"angle":-2.4601709842681885,"building":5,"builtAt":0.0,"edge":13920,"offsetX":-5.114377021789551,"offsetZ":-7.134913921356201,"x":24248.0,"z":23704.0,"zone":4},{"angle":-2.4601423740386963,"building":1,"builtAt":0.0,"edge":13920,"offsetX":-7.655180931091309,"offsetZ":5.672732830047607,"x":24264.0,"z":23704.0,"zone":3},{"angle":2.252223491668701,"building":1,"builtAt":0.0,"edge":13919,"offsetX":-0.2726516127586365,"offsetZ":8.086469650268555,"x":24280.0,"z":23704.0,"zone":3},{"angle":0.0,"building":0,"builtAt":0.0,"edge":-1,"offsetX":0.0,"offsetZ":0.0,"x":24296.0,"z":23704.0,"zone":3},{"angle":0.0,"building":0,"builtAt":0.0,"edge":-1,"offsetX":0.0,"offsetZ":0.0,"x":24312.0,"z":23704.0,"zone":3},{"angle":-0.8893449306488037,"building":2,"builtAt":0.0,"edge":12932,"offsetX":2.4476985931396484,"offsetZ":-1.634270429611206,"x":24328.0,"z":23704.0,"zone":3},{"angle":-2.4601356983184814,"building":22,"builtAt":0.0,"edge":13316,"offsetX":3.7056233882904053,"offsetZ":5.545018196105957,"x":24344.0,"z":23704.0,"zone":3},{"angle":-2.4601356983184814,"building":22,"builtAt":0.0,"edge":13316,"offsetX":-4.294325828552246,"offsetZ":-4.318510055541992,"x":24360.0,"z":23704.0,"zone":3},{"angle":2.252216100692749,"building":1,"builtAt":0.0,"edge":12956,"offsetX":0.7638989686965942,"offsetZ":-0.11521328240633011,"x":24376.0,"z":23704.0,"zone":3},{"angle":0.0,"building":0,"builtAt":0.0,"edge":-1,"offsetX":0.0,"offsetZ":0.0,"x":24120.0,"z":23720.0,"zone":4},{"angle":0.0,"building":0,"builtAt":0.0,"edge":-1,"offsetX":0.0,"offsetZ":0.0,"x":24136.0,"z":23720.0,"zone":4},{"angle":0.0,"building":0,"builtAt":0.0,"edge":-1,"offsetX":0.0,"offsetZ":0.0,"x":24152.0,"z":23720.0,"zone":4},{"angle":0.6814506649971008,"building":3,"builtAt":0.0,"edge":13297,"offsetX":-4.416891098022461,"offsetZ":-0.7193522453308105,"x":24168.0,"z":23720.0,"zone":4},{"angle":0.0,"building":0,"builtAt":0.0,"edge":-1,"offsetX":0.0,"offsetZ":0.0,"x":24184.0,"z":23720.0,"zone":4},{"angle":-2.4601268768310547,"building":5,"builtAt":0.0,"edge":13297,"offsetX":0.282716304063797,"offsetZ":-8.037588119506836,"x":24200.0,"z":23720.0,"zone":4},{"angle":0.0,"building":0,"builtAt":0.0,"edge":-1,"offsetX":0.0,"offsetZ":0.0,"x":24216.0,"z":23720.0,"zone":4},{"angle":0.0,"building":0,"builtAt":0.0,"edge":-1,"offsetX":0.0,"offsetZ":0.0,"x":24232.0,"z":23720.0,"zone":4},{"angle":0.6814502477645874,"building":6,"builtAt":0.0,"edge":13920,"offsetX":-3.741553783416748,"offsetZ":4.574628829956055,"x":24248.0,"z":23720.0,"zone":4},{"angle":-2.460155487060547,"building":2,"builtAt":0.0,"edge":13920,"offsetX":7.2204813957214355,"offsetZ":0.7308982014656067,"x":24264.0,"z":23720.0,"zone":3},{"angle":0.0,"building":0,"builtAt":0.0,"edge":-1,"offsetX":0.0,"offsetZ":0.0,"x":24280.0,"z":23720.0,"zone":3},{"angle":0.0,"building":0,"builtAt":0.0,"edge":-1,"offsetX":0.0,"offsetZ":0.0,"x":24296.0,"z":23720.0,"zone":3},{"angle":0.0,"building":0,"builtAt":0.0,"edge":-1,"offsetX":0.0,"offsetZ":0.0,"x":24312.0,"z":23720.0,"zone":3},{"angle":0.0,"building":0,"builtAt":0.0,"edge":-1,"offsetX":0.0,"offsetZ":0.0,"x":24328.0,"z":23720.0,"zone":3},{"angle":-2.4601356983184814,"building":22,"builtAt":0.0,"edge":13316,"offsetX":-4.294427394866943,"offsetZ":-0.5914531350135803,"x":24344.0,"z":23720.0,"zone":3},{"angle":2.252216100692749,"building":1,"builtAt":0.0,"edge":12956,"offsetX":6.057580947875977,"offsetZ":-2.8847968578338623,"x":24360.0,"z":23720.0,"zone":3},{"angle":0.0,"building":0,"builtAt":0.0,"edge":-1,"offsetX":0.0,"offsetZ":0.0,"x":24376.0,"z":23720.0,"zone":3},{"angle":0.0,"building":0,"builtAt":0.0,"edge":-1,"offsetX":0.0,"offsetZ":0.0,"x":24120.0,"z":23736.0,"zone":4},{"angle":0.6814290881156921,"building":3,"builtAt":0.0,"edge":13867,"offsetX":-7.418963432312012,"offsetZ":6.49083137512207,"x":24136.0,"z":23736.0,"zone":4},{"angle":-2.460156202316284,"building":5,"builtAt":0.0,"edge":13867,"offsetX":-0.24348965287208557,"offsetZ":-0.9351714253425598,"x":24152.0,"z":23736.0,"zone":4},{"angle":-2.4601457118988037,"building":3,"builtAt":0.0,"edge":13867,"offsetX":-5.414515495300293,"offsetZ":6.8617167472839355,"x":24168.0,"z":23736.0,"zone":4},{"angle":0.6814658045768738,"building":4,"builtAt":0.0,"edge":13297,"offsetX":-1.8803954124450684,"offsetZ":-1.6440891027450562,"x":24184.0,"z":23736.0,"zone":4},{"angle":0.0,"building":0,"builtAt":0.0,"edge":-1,"offsetX":0.0,"offsetZ":0.0,"x":24200.0,"z":23736.0,"zone":4},{"angle":-2.46014404296875,"building":5,"builtAt":0.0,"edge":13298,"offsetX":5.145206928253174,"offsetZ":-7.172271251678467,"x":24216.0,"z":23736.0,"zone":4},{"angle":-2.460141658782959,"building":3,"builtAt":0.0,"edge":13298,"offsetX":2.513239860534668,"offsetZ":2.6676149368286133,"x":24232.0,"z":23736.0,"zone":4},{"angle":0.0,"building":0,"builtAt":0.0,"edge":-1,"offsetX":0.0,"offsetZ":0.0,"x":24248.0,"z":23736.0,"zone":4},{"angle":0.6814371943473816,"building":2,"builtAt":0.0,"edge":13920,"offsetX":-4.435117721557617,"offsetZ":-0.8979468941688538,"x":24264.0,"z":23736.0,"zone":3},{"angle":0.0,"building":0,"builtAt":0.0,"edge":-1,"offsetX":0.0,"offsetZ":0.0,"x":24280.0,"z":23736.0,"zone":3},{"angle":-2.460118055343628,"building":1,"builtAt":0.0,"edge":13968,"offsetX":2.240954875946045,"offsetZ":7.524169921875,"x":24296.0,"z":23736.0,"zone":3},{"angle":-0.8893690705299377,"building":22,"builtAt":0.0,"edge":13919,"offsetX":-6.009950160980225,"offsetZ":-2.6138317584991455,"x":24312.0,"z":23736.0,"zone":3},{"angle":0.6814569234848022,"building":12,"builtAt":0.0,"edge":13316,"offsetX":-2.771904945373535,"offsetZ":1.2583122253417969,"x":24328.0,"z":23736.0,"zone":4},{"angle":0.0,"building":0,"builtAt":0.0,"edge":-1,"offsetX":0.0,"offsetZ":0.0,"x":24344.0,"z":23736.0,"zone":3},{"angle":2.2522284984588623,"building":1,"builtAt":0.0,"edge":12956,"offsetX":-4.647260665893555,"offsetZ":-5.656870365142822,"x":24360.0,"z":23736.0,"zone":3},{"angle":-0.8893765211105347,"building":22,"builtAt":0.0,"edge":12956,"offsetX":5.840118408203125,"offsetZ":-6.084964275360107,"x":24376.0,"z":23736.0,"zone":3},{"angle":-2.460148811340332,"building":3,"builtAt":0.0,"edge":13279,"offsetX":-3.748384475708008,"offsetZ":6.22449254989624,"x":24120.0,"z":23752.0,"zone":4},{"angle":0.6814364790916443,"building":5,"builtAt":0.0,"edge":13867,"offsetX":3.3919272422790527,"offsetZ":-1.689828634262085,"x":24136.0,"z":23752.0,"zone":4},{"angle":0.0,"building":0,"builtAt":0.0,"edge":-1,"offsetX":0.0,"offsetZ":0.0,"x":24152.0,"z":23752.0,"zone":4},{"angle":0.0,"building":0,"builtAt":0.0,"edge":-1,"offsetX":0.0,"offsetZ":0.0,"x":24168.0,"z":23752.0,"zone":4},{"angle":0.0,"building":0,"builtAt":0.0,"edge":-1,"offsetX":0.0,"offsetZ":0.0,"x":24184.0,"z":23752.0,"zone":4},{"angle":0.6814486980438232,"building":3,"builtAt":0.0,"edge":13298,"offsetX":2.9281845092773438,"offsetZ":-0.7115193605422974,"x":24200.0,"z":23752.0,"zone":4},{"angle":0.0,"building":0,"builtAt":0.0,"edge":-1,"offsetX":0.0,"offsetZ":0.0,"x":24216.0,"z":23752.0,"zone":4},{"angle":0.0,"building":0,"builtAt":0.0,"edge":-1,"offsetX":0.0,"offsetZ":0.0,"x":24232.0,"z":23752.0,"zone":4},{"angle":-2.4601430892944336,"building":1,"builtAt":0.0,"edge":13298,"offsetX":-2.0073299407958984,"offsetZ":-1.1659783124923706,"x":24248.0,"z":23752.0,"zone":3},{"angle":0.0,"building":0,"builtAt":0.0,"edge":-1,"offsetX":0.0,"offsetZ":0.0,"x":24264.0,"z":23752.0,"zone":3},{"angle":0.0,"building":0,"builtAt":0.0,"edge":-1,"offsetX":0.0,"offsetZ":0.0,"x":24280.0,"z":23752.0,"zone":3},{"angle":0.0,"building":0,"builtAt":0.0,"edge":-1,"offsetX":0.0,"offsetZ":0.0,"x":24296.0,"z":23752.0,"zone":3},{"angle":-2.460118055343628,"building":3,"builtAt":0.0,"edge":13968,"offsetX":1.0539374351501465,"offsetZ":0.6009067893028259,"x":24312.0,"z":23752.0,"zone":3},{"angle":0.0,"building":0,"builtAt":0.0,"edge":-1,"offsetX":0.0,"offsetZ":0.0,"x":24328.0,"z":23752.0,"zone":3},{"angle":2.252286911010742,"building":2,"builtAt":0.0,"edge":13967,"offsetX":-4.31481409072876,"offsetZ":-3.4959464073181152,"x":24344.0,"z":23752.0,"zone":3},{"angle":0.0,"building":0,"builtAt":0.0,"edge":-1,"offsetX":0.0,"offsetZ":0.0,"x":24360.0,"z":23752.0,"zone":3},{"angle":0.0,"building":0,"builtAt":0.0,"edge":-1,"offsetX":0.0,"offsetZ":0.0,"x":24376.0,"z":23752.0,"zone":3},{"angle":0.0,"building":0,"builtAt":0.0,"edge":-1,"offsetX":0.0,"offsetZ":0.0,"x":24120.0,"z":23768.0,"zone":4},{"angle":-2.4601643085479736,"building":3,"builtAt":0.0,"edge":13279,"offsetX":-0.5097224712371826,"offsetZ":5.789901256561279,"x":24136.0,"z":23768.0,"zone":4},{"angle":2.252201795578003,"building":5,"builtAt":0.0,"edge":13865,"offsetX":7.266538143157959,"offsetZ":-1.437010645866394,"x":24152.0,"z":23768.0,"zone":4},{"angle":0.0,"building":0,"builtAt":0.0,"edge":-1,"offsetX":0.0,"offsetZ":0.0,"x":24168.0,"z":23768.0,"zone":4},{"angle":0.0,"building":0,"builtAt":0.0,"edge":-1,"offsetX":0.0,"offsetZ":0.0,"x":24184.0,"z":23768.0,"zone":4},{"angle":-2.460141181945801,"building":6,"builtAt":0.0,"edge":13915,"offsetX":-1.9083888530731201,"offsetZ":3.5614821910858154,"x":24200.0,"z":23768.0,"zone":4},{"angle":0.6814509034156799,"building":3,"builtAt":0.0,"edge":13298,"offsetX":-0.21406996250152588,"offsetZ":-6.242576599121094,"x":24216.0,"z":23768.0,"zone":4},{"angle":0.6814495921134949,"building":5,"builtAt":0.0,"edge":13298,"offsetX":-2.8850762844085693,"offsetZ":3.6434693336486816,"x":24232.0,"z":23768.0,"zone":4},{"angle":0.0,"building":0,"builtAt":0.0,"edge":-1,"offsetX":0.0,"offsetZ":0.0,"x":24248.0,"z":23768.0,"zone":3},{"angle":0.0,"building":0,"builtAt":0.0,"edge":-1,"offsetX":0.0,"offsetZ":0.0,"x":24264.0,"z":23768.0,"zone":3},{"angle":-0.8893424272537231,"building":2,"builtAt":0.0,"edge":13918,"offsetX":-1.1172178983688354,"offsetZ":-2.1888198852539063,"x":24280.0,"z":23768.0,"zone":3},{"angle":0.6814746260643005,"building":22,"builtAt":0.0,"edge":13968,"offsetX":3.9526541233062744,"offsetZ":0.7533313035964966,"x":24296.0,"z":23768.0,"zone":3},{"angle":0.0,"building":0,"builtAt":0.0,"edge":-1,"offsetX":0.0,"offsetZ":0.0,"x":24312.0,"z":23768.0,"zone":3},{"angle":2.2522470951080322,"building":22,"builtAt":0.0,"edge":13967,"offsetX":-0.984815239906311,"offsetZ":-4.811115741729736,"x":24328.0,"z":23768.0,"zone":3},{"angle":0.0,"building":0,"builtAt":0.0,"edge":-1,"offsetX":0.0,"offsetZ":0.0,"x":24344.0,"z":23768.0,"zone":3},{"angle":-0.889305830001831,"building":2,"builtAt":0.0,"edge":13967,"offsetX":-4.502233505249023,"offsetZ":-6.669894695281982,"x":24360.0,"z":23768.0,"zone":3},{"angle":0.0,"building":0,"builtAt":0.0,"edge":-1,"offsetX":0.0,"offsetZ":0.0,"x":24376.0,"z":23768.0,"zone":3},{"angle":0.0,"building":0,"builtAt":0.0,"edge":-1,"offsetX":0.0,"offsetZ":0.0,"x":24120.0,"z":23784.0,"zone":4},{"angle":0.0,"building":0,"builtAt":0.0,"edge":-1,"offsetX":0.0,"offsetZ":0.0,"x":24136.0,"z":23784.0,"zone":4},{"angle":0.0,"building":0,"builtAt":0.0,"edge":-1,"offsetX":0.0,"offsetZ":0.0,"x":24152.0,"z":23784.0,"zone":4},{"angle":0.0,"building":0,"builtAt":0.0,"edge":-1,"offsetX":0.0,"offsetZ":0.0,"x":24168.0,"z":23784.0,"zone":4},{"angle":0.6814515590667725,"building":3,"builtAt":0.0,"edge":13915,"offsetX":0.6662012934684753,"offsetZ":4.1142988204956055,"x":24184.0,"z":23784.0,"zone":4},{"angle":0.0,"building":0,"builtAt":0.0,"edge":-1,"offsetX":0.0,"offsetZ":0.0,"x":24200.0,"z":23784.0,"zone":4},{"angle":-2.4601402282714844,"building":5,"builtAt":0.0,"edge":13915,"offsetX":1.0855140686035156,"offsetZ":3.8696911334991455,"x":24216.0,"z":23784.0,"zone":4},{"angle":0.0,"building":0,"builtAt":0.0,"edge":-1,"offsetX":0.0,"offsetZ":0.0,"x":24232.0,"z":23784.0,"zone":3},{"angle":0.0,"building":0,"builtAt":0.0,"edge":-1,"offsetX":0.0,"offsetZ":0.0,"x":24248.0,"z":23784.0,"zone":3},{"angle":0.0,"building":0,"builtAt":0.0,"edge":-1,"offsetX":0.0,"offsetZ":0.0,"x":24264.0,"z":23784.0,"zone":3},{"angle":-2.460134506225586,"building":22,"builtAt":0.0,"edge":13299,"offsetX":7.200653076171875,"offsetZ":-1.6011860370635986,"x":24280.0,"z":23784.0,"zone":3},{"angle":0.0,"building":0,"builtAt":0.0,"edge":-1,"offsetX":0.0,"offsetZ":0.0,"x":24296.0,"z":23784.0,"zone":3},{"angle":2.2522799968719482,"building":1,"builtAt":0.0,"edge":13966,"offsetX":1.7720768451690674,"offsetZ":-2.303173542022705,"x":24312.0,"z":23784.0,"zone":3},{"angle":0.0,"building":0,"builtAt":0.0,"edge":-1,"offsetX":0.0,"offsetZ":0.0,"x":24328.0,"z":23784.0,"zone":3},{"angle":-0.8893455266952515,"building":22,"builtAt":0.0,"edge":13967,"offsetX":-0.24460305273532867,"offsetZ":-7.233736991882324,"x":24344.0,"z":23784.0,"zone":3},{"angle":-0.8893455266952515,"building":2,"builtAt":0.0,"edge":13967,"offsetX":-6.769355297088623,"offsetZ":0.45129290223121643,"x":24360.0,"z":23784.0,"zone":3},{"angle":0.0,"building":0,"builtAt":0.0,"edge":-1,"offsetX":0.0,"offsetZ":0.0,"x":24376.0,"z":23784.0,"zone":3},{"angle":0.0,"building":0,"builtAt":0.0,"edge":-1,"offsetX":0.0,"offsetZ":0.0,"x":24120.0,"z":23800.0,"zone":4},{"angle":0.6814245581626892,"building":6,"builtAt":0.0,"edge":13279,"offsetX":-8.263826370239258,"offsetZ":2.9965758323669434,"x":24136.0,"z":23800.0,"zone":4},{"angle":0.0,"building":0,"builtAt":0.0,"edge":-1,"offsetX":0.0,"offsetZ":0.0,"x":24152.0,"z":23800.0,"zone":4},{"angle":-2.460118055343628,"building":5,"builtAt":0.0,"edge":13280,"offsetX":-4.052587032318115,"offsetZ":-2.238645076751709,"x":24168.0,"z":23800.0,"zone":4},{"angle":0.0,"building":0,"builtAt":0.0,"edge":-1,"offsetX":0.0,"offsetZ":0.0,"x":24184.0,"z":23800.0,"zone":4},{"angle":0.0,"building":0,"builtAt":0.0,"edge":-1,"offsetX":0.0,"offsetZ":0.0,"x":24200.0,"z":23800.0,"zone":4},{"angle":0.0,"building":0,"builtAt":0.0,"edge":-1,"offsetX":0.0,"offsetZ":0.0,"x":24216.0,"z":23800.0,"zone":4},{"angle":0.0,"building":0,"builtAt":0.0,"edge":-1,"offsetX":0.0,"offsetZ":0.0,"x":24232.0,"z":23800.0,"zone":3},{"angle":-0.8893441557884216,"building":1,"builtAt":0.0,"edge":13914,"offsetX":2.38733172416687,"offsetZ":-0.28208062052726746,"x":24248.0,"z":23800.0,"zone":3},{"angle":0.681458055973053,"building":22,"builtAt":0.0,"edge":13299,"offsetX":5.44960880279541,"offsetZ":4.2846174240112305,"x":24264.0,"z":23800.0,"zone":3},{"angle":0.0,"building":0,"builtAt":0.0,"edge":-1,"offsetX":0.0,"offsetZ":0.0,"x":24280.0,"z":23800.0,"zone":3},{"angle":-2.4601528644561768,"building":2,"builtAt":0.0,"edge":13299,"offsetX":2.685356378555298,"offsetZ":-7.56892204284668,"x":24296.0,"z":23800.0,"zone":3},{"angle":-0.8893820643424988,"building":2,"builtAt":0.0,"edge":13966,"offsetX":6.448911666870117,"offsetZ":6.947901248931885,"x":24312.0,"z":23800.0,"zone":3},{"angle":-0.8893126845359802,"building":1,"builtAt":0.0,"edge":13966,"offsetX":0.3708116114139557,"offsetZ":-6.461874008178711,"x":24328.0,"z":23800.0,"zone":3},{"angle":-0.8893126845359802,"building":2,"builtAt":0.0,"edge":13966,"offsetX":-7.124991416931152,"offsetZ":0.436034619808197,"x":24344.0,"z":23800.0,"zone":3},{"angle":0.0,"building":0,"builtAt":0.0,"edge":-1,"offsetX":0.0,"offsetZ":0.0,"x":24360.0,"z":23800.0,"zone":3},{"angle":2.2522425651550293,"building":22,"builtAt":0.0,"edge":12975,"offsetX":2.1745519638061523,"offsetZ":5.092523574829102,"x":24376.0,"z":23800.0,"zone":3},{"angle":0.0,"building":0,"builtAt":0.0,"edge":-1,"offsetX":0.0,"offsetZ":0.0,"x":24120.0,"z":23816.0,"zone":4},{"angle":0.0,"building":0,"builtAt":0.0,"edge":-1,"offsetX":0.0,"offsetZ":0.0,"x":24136.0,"z":23816.0,"zone":4},{"angle":0.681474506855011,"building":3,"builtAt":0.0,"edge":13280,"offsetX":-5.007899761199951,"offsetZ":2.665374994277954,"x":24152.0,"z":23816.0,"zone":4},{"angle":0.0,"building":0,"builtAt":0.0,"edge":-1,"offsetX":0.0,"offsetZ":0.0,"x":24168.0,"z":23816.0,"zone":4},{"angle":0.0,"building":0,"builtAt":0.0,"edge":-1,"offsetX":0.0,"offsetZ":0.0,"x":24184.0,"z":23816.0,"zone":4},{"angle":2.2522544860839844,"building":5,"builtAt":0.0,"edge":13913,"offsetX":-3.4997942447662354,"offsetZ":-3.5718746185302734,"x":24200.0,"z":23816.0,"zone":4},{"angle":0.0,"building":0,"builtAt":0.0,"edge":-1,"offsetX":0.0,"offsetZ":0.0,"x":24216.0,"z":23816.0,"zone":3},{"angle":0.0,"building":0,"builtAt":0.0,"edge":-1,"offsetX":0.0,"offsetZ":0.0,"x":24232.0,"z":23816.0,"zone":3},{"angle":-2.460146903991699,"building":1,"builtAt":0.0,"edge":13965,"offsetX":-4.702062606811523,"offsetZ":-5.03186559677124,"x":24248.0,"z":23816.0,"zone":3},{"angle":-2.460153579711914,"building":2,"builtAt":0.0,"edge":13965,"offsetX":-6.684779644012451,"offsetZ":5.3215813636779785,"x":24264.0,"z":23816.0,"zone":3},{"angle":0.6814397573471069,"building":2,"builtAt":0.0,"edge":13299,"offsetX":1.6340430974960327,"offsetZ":-2.545053482055664,"x":24280.0,"z":23816.0,"zone":3},{"angle":0.0,"building":0,"builtAt":0.0,"edge":-1,"offsetX":0.0,"offsetZ":0.0,"x":24296.0,"z":23816.0,"zone":3},{"angle":0.0,"building":0,"builtAt":0.0,"edge":-1,"offsetX":0.0,"offsetZ":0.0,"x":24312.0,"z":23816.0,"zone":3},{"angle":0.0,"building":0,"builtAt":0.0,"edge":-1,"offsetX":0.0,"offsetZ":0.0,"x":24328.0,"z":23816.0,"zone":3},{"angle":0.0,"building":0,"builtAt":0.0,"edge":-1,"offsetX":0.0,"offsetZ":0.0,"x":24344.0,"z":23816.0,"zone":3},{"angle":-2.4601523876190186,"building":1,"builtAt":0.0,"edge":13300,"offsetX":-1.480333924293518,"offsetZ":6.839914798736572,"x":24360.0,"z":23816.0,"zone":3},{"angle":0.0,"building":0,"builtAt":0.0,"edge":-1,"offsetX":0.0,"offsetZ":0.0,"x":24376.0,"z":23816.0,"zone":3},{"angle":-0.8893335461616516,"building":6,"builtAt":0.0,"edge":12905,"offsetX":8.369619369506836,"offsetZ":7.637101173400879,"x":24120.0,"z":23832.0,"zone":4},{"angle":-0.8893336653709412,"building":5,"builtAt":0.0,"edge":12905,"offsetX":1.0052577257156372,"offsetZ":-4.226216793060303,"x":24136.0,"z":23832.0,"zone":4},{"angle":0.0,"building":0,"builtAt":0.0,"edge":-1,"offsetX":0.0,"offsetZ":0.0,"x":24152.0,"z":23832.0,"zone":4},{"angle":0.6814512610435486,"building":5,"builtAt":0.0,"edge":13280,"offsetX":-7.015697956085205,"offsetZ":-2.9103903770446777,"x":24168.0,"z":23832.0,"zone":4},{"angle":0.0,"building":0,"builtAt":0.0,"edge":-1,"offsetX":0.0,"offsetZ":0.0,"x":24184.0,"z":23832.0,"zone":3},{"angle":0.0,"building":0,"builtAt":0.0,"edge":-1,"offsetX":0.0,"offsetZ":0.0,"x":24200.0,"z":23832.0,"zone":3},{"angle":-0.8893382549285889,"building":2,"builtAt":0.0,"edge":13913,"offsetX":7.370224475860596,"offsetZ":2.221745729446411,"x":24216.0,"z":23832.0,"zone":3},{"angle":0.6814456582069397,"building":2,"builtAt":0.0,"edge":13965,"offsetX":0.0811879113316536,"offsetZ":-7.202043533325195,"x":24232.0,"z":23832.0,"zone":3},{"angle":0.6814391613006592,"building":22,"builtAt":0.0,"edge":13965,"offsetX":-2.7888317108154297,"offsetZ":4.245611190795898,"x":24248.0,"z":23832.0,"zone":3},{"angle":-2.4601383209228516,"building":2,"builtAt":0.0,"edge":13965,"offsetX":6.860041618347168,"offsetZ":0.25982865691185,"x":24264.0,"z":23832.0,"zone":3},{"angle":0.0,"building":0,"builtAt":0.0,"edge":-1,"offsetX":0.0,"offsetZ":0.0,"x":24280.0,"z":23832.0,"zone":3},{"angle":-0.889312744140625,"building":2,"builtAt":0.0,"edge":13964,"offsetX":3.954041004180908,"offsetZ":-2.263199806213379,"x":24296.0,"z":23832.0,"zone":3},{"angle":0.0,"building":0,"builtAt":0.0,"edge":-1,"offsetX":0.0,"offsetZ":0.0,"x":24312.0,"z":23832.0,"zone":3},{"angle":0.0,"building":0,"builtAt":0.0,"edge":-1,"offsetX":0.0,"offsetZ":0.0,"x":24328.0,"z":23832.0,"zone":3},{"angle":-2.4601523876190186,"building":3,"builtAt":0.0,"edge":13300,"offsetX":6.677258491516113,"offsetZ":0.5094102621078491,"x":24344.0,"z":23832.0,"zone":3},{"angle":0.0,"building":0,"builtAt":0.0,"edge":-1,"offsetX":0.0,"offsetZ":0.0,"x":24360.0,"z":23832.0,"zone":3},{"angle":-0.8893610239028931,"building":1,"builtAt":0.0,"edge":12975,"offsetX":5.940396785736084,"offsetZ":0.885206937789917,"x":24376.0,"z":23832.0,"zone":3},{"angle":-0.8893309235572815,"building":5,"builtAt":0.0,"edge":12905,"offsetX":-1.4291815757751465,"offsetZ":2.5570321083068848,"x":24120.0,"z":23848.0,"zone":4},{"angle":-2.460141658782959,"building":22,"builtAt":0.0,"edge":13263,"offsetX":4.917278289794922,"offsetZ":4.317948818206787,"x":24136.0,"z":23848.0,"zone":4},{"angle":0.0,"building":0,"builtAt":0.0,"edge":-1,"offsetX":0.0,"offsetZ":0.0,"x":24152.0,"z":23848.0,"zone":4},{"angle":2.252253532409668,"building":2,"builtAt":0.0,"edge":12929,"offsetX":3.917691469192505,"offsetZ":-4.106988906860352,"x":24168.0,"z":23848.0,"zone":3},{"angle":0.0,"building":0,"builtAt":0.0,"edge":-1,"offsetX":0.0,"offsetZ":0.0,"x":24184.0,"z":23848.0,"zone":3},{"angle":0.0,"building":0,"builtAt":0.0,"edge":-1,"offsetX":0.0,"offsetZ":0.0,"x":24200.0,"z":23848.0,"zone":3},{"angle":-2.4601595401763916,"building":1,"builtAt":0.0,"edge":13281,"offsetX":1.5349116325378418,"offsetZ":-5.021668910980225,"x":24216.0,"z":23848.0,"zone":3},{"angle":-2.4601502418518066,"building":2,"builtAt":0.0,"edge":13281,"offsetX":-1.4731359481811523,"offsetZ":4.506253242492676,"x":24232.0,"z":23848.0,"zone":3},{"angle":0.0,"building":0,"builtAt":0.0,"edge":-1,"offsetX":0.0,"offsetZ":0.0,"x":24248.0,"z":23848.0,"zone":3},{"angle":2.25219988822937,"building":2,"builtAt":0.0,"edge":13963,"offsetX":-5.5043511390686035,"offsetZ":0.6997568011283875,"x":24264.0,"z":23848.0,"zone":3},{"angle":0.0,"building":0,"builtAt":0.0,"edge":-1,"offsetX":0.0,"offsetZ":0.0,"x":24280.0,"z":23848.0,"zone":3},{"angle":-0.8893073201179504,"building":9,"builtAt":0.0,"edge":13964,"offsetX":-7.772511005401611,"offsetZ":-4.036646366119385,"x":24296.0,"z":23848.0,"zone":3},{"angle":0.6814513802528381,"building":2,"builtAt":0.0,"edge":13300,"offsetX":6.445250511169434,"offsetZ":-4.565215587615967,"x":24312.0,"z":23848.0,"zone":3},{"angle":0.6814402341842651,"building":1,"builtAt":0.0,"edge":13300,"offsetX":4.994560241699219,"offsetZ":6.311740875244141,"x":24328.0,"z":23848.0,"zone":3},{"angle":0.0,"building":0,"builtAt":0.0,"edge":-1,"offsetX":0.0,"offsetZ":0.0,"x":24344.0,"z":23848.0,"zone":3},{"angle":0.0,"building":0,"builtAt":0.0,"edge":-1,"offsetX":0.0,"offsetZ":0.0,"x":24360.0,"z":23848.0,"zone":3},{"angle":-2.460163116455078,"building":1,"builtAt":0.0,"edge":13301,"offsetX":-2.968886137008667,"offsetZ":5.472465991973877,"x":24376.0,"z":23848.0,"zone":3},{"angle":0.0,"building":0,"builtAt":0.0,"edge":-1,"offsetX":0.0,"offsetZ":0.0,"x":24120.0,"z":23864.0,"zone":3},{"angle":-2.460141658782959,"building":22,"builtAt":0.0,"edge":13263,"offsetX":-3.0827133655548096,"offsetZ":-1.8184751272201538,"x":24136.0,"z":23864.0,"zone":3},{"angle":2.252227306365967,"building":1,"builtAt":0.0,"edge":12929,"offsetX":0.513929009437561,"offsetZ":4.960330963134766,"x":24152.0,"z":23864.0,"zone":3},{"angle":2.2522449493408203,"building":2,"builtAt":0.0,"edge":12929,"offsetX":-6.07537317276001,"offsetZ":-7.8087944984436035,"x":24168.0,"z":23864.0,"zone":3},{"angle":0.0,"building":0,"builtAt":0.0,"edge":-1,"offsetX":0.0,"offsetZ":0.0,"x":24184.0,"z":23864.0,"zone":3},{"angle":-0.8893392086029053,"building":1,"builtAt":0.0,"edge":12929,"offsetX":-2.346407413482666,"offsetZ":0.7667375802993774,"x":24200.0,"z":23864.0,"zone":3},{"angle":0.6814424395561218,"building":1,"builtAt":0.0,"edge":13281,"offsetX":-0.7527654767036438,"offsetZ":7.345574378967285,"x":24216.0,"z":23864.0,"zone":3},{"angle":0.0,"building":0,"builtAt":0.0,"edge":-1,"offsetX":0.0,"offsetZ":0.0,"x":24232.0,"z":23864.0,"zone":3},{"angle":2.2522294521331787,"building":3,"builtAt":0.0,"edge":13963,"offsetX":-2.9162232875823975,"offsetZ":-1.1500428915023804,"x":24248.0,"z":23864.0,"zone":3},{"angle":0.0,"building":0,"builtAt":0.0,"edge":-1,"offsetX":0.0,"offsetZ":0.0,"x":24264.0,"z":23864.0,"zone":3},{"angle":-0.8893927335739136,"building":22,"builtAt":0.0,"edge":13963,"offsetX":-5.304691791534424,"offsetZ":-2.1625545024871826,"x":24280.0,"z":23864.0,"zone":3},{"angle":0.0,"building":0,"builtAt":0.0,"edge":-1,"offsetX":0.0,"offsetZ":0.0,"x":24296.0,"z":23864.0,"zone":3},{"angle":0.6814402341842651,"building":1,"builtAt":0.0,"edge":13300,"offsetX":7.199481964111328,"offsetZ":7.320732593536377,"x":24312.0,"z":23864.0,"zone":3},{"angle":0.6814402341842651,"building":2,"builtAt":0.0,"edge":13300,"offsetX":-1.9029790163040161,"offsetZ":-1.1837632656097412,"x":24328.0,"z":23864.0,"zone":3},{"angle":0.0,"building":0,"builtAt":0.0,"edge":-1,"offsetX":0.0,"offsetZ":0.0,"x":24344.0,"z":23864.0,"zone":3},{"angle":0.0,"building":0,"builtAt":0.0,"edge":-1,"offsetX":0.0,"offsetZ":0.0,"x":24360.0,"z":23864.0,"zone":3},{"angle":0.0,"building":0,"builtAt":0.0,"edge":-1,"offsetX":0.0,"offsetZ":0.0,"x":24376.0,"z":23864.0,"zone":3},{"angle":0.6814510226249695,"building":3,"builtAt":0.0,"edge":13263,"offsetX":-0.9781666994094849,"offsetZ":-0.6861004829406738,"x":24120.0,"z":23880.0,"zone":3},{"angle":0.0,"building":0,"builtAt":0.0,"edge":-1,"offsetX":0.0,"offsetZ":0.0,"x":24136.0,"z":23880.0,"zone":3},{"angle":0.0,"building":0,"builtAt":0.0,"edge":-1,"offsetX":0.0,"offsetZ":0.0,"x":24152.0,"z":23880.0,"zone":3},{"angle":0.0,"building":0,"builtAt":0.0,"edge":-1,"offsetX":0.0,"offsetZ":0.0,"x":24168.0,"z":23880.0,"zone":3},{"angle":-0.8893476724624634,"building":22,"builtAt":0.0,"edge":12929,"offsetX":4.715261936187744,"offsetZ":-2.0799789428710938,"x":24184.0,"z":23880.0,"zone":3},{"angle":-0.8893476724624634,"building":2,"builtAt":0.0,"edge":12929,"offsetX":-1.8094741106033325,"offsetZ":5.605030536651611,"x":24200.0,"z":23880.0,"zone":3},{"angle":0.6814424395561218,"building":1,"builtAt":0.0,"edge":13281,"offsetX":-7.177887916564941,"offsetZ":-0.7324435114860535,"x":24216.0,"z":23880.0,"zone":3},{"angle":0.6814351677894592,"building":22,"builtAt":0.0,"edge":13281,"offsetX":-5.124192714691162,"offsetZ":2.552527666091919,"x":24232.0,"z":23880.0,"zone":3},{"angle":0.0,"building":0,"builtAt":0.0,"edge":-1,"offsetX":0.0,"offsetZ":0.0,"x":24248.0,"z":23880.0,"zone":3},{"angle":-2.460120439529419,"building":1,"builtAt":0.0,"edge":13282,"offsetX":-0.1702347695827484,"offsetZ":0.36719614267349243,"x":24264.0,"z":23880.0,"zone":3},{"angle":0.0,"building":0,"builtAt":0.0,"edge":-1,"offsetX":0.0,"offsetZ":0.0,"x":24280.0,"z":23880.0,"zone":3},{"angle":0.0,"building":0,"builtAt":0.0,"edge":-1,"offsetX":0.0,"offsetZ":0.0,"x":24296.0,"z":23880.0,"zone":3},{"angle":0.0,"building":0,"builtAt":0.0,"edge":-1,"offsetX":0.0,"offsetZ":0.0,"x":24312.0,"z":23880.0,"zone":3},{"angle":0.0,"building":0,"builtAt":0.0,"edge":-1,"offsetX":0.0,"offsetZ":0.0,"x":24328.0,"z":23880.0,"zone":3},{"angle":0.6814295053482056,"building":2,"builtAt":0.0,"edge":13301,"offsetX":4.860622882843018,"offsetZ":3.2747409343719482,"x":24344.0,"z":23880.0,"zone":3},{"angle":0.6814295053482056,"building":2,"builtAt":0.0,"edge":13301,"offsetX":-3.769501209259033,"offsetZ":-5.812334060668945,"x":24360.0,"z":23880.0,"zone":3},{"angle":0.0,"building":0,"builtAt":0.0,"edge":-1,"offsetX":0.0,"offsetZ":0.0,"x":24376.0,"z":23880.0,"zone":3},{"angle":0.0,"building":0,"builtAt":0.0,"edge":-1,"offsetX":0.0,"offsetZ":0.0,"x":24120.0,"z":23896.0,"zone":3},{"angle":0.6814523339271545,"building":2,"builtAt":0.0,"edge":13263,"offsetX":-1.9446426630020142,"offsetZ":-6.384598731994629,"x":24136.0,"z":23896.0,"zone":3},{"angle":0.0,"building":0,"builtAt":0.0,"edge":-1,"offsetX":0.0,"offsetZ":0.0,"x":24152.0,"z":23896.0,"zone":3},{"angle":0.0,"building":0,"builtAt":0.0,"edge":-1,"offsetX":0.0,"offsetZ":0.0,"x":24168.0,"z":23896.0,"zone":3},{"angle":-0.8893652558326721,"building":2,"builtAt":0.0,"edge":12929,"offsetX":-5.706597805023193,"offsetZ":-6.131718158721924,"x":24184.0,"z":23896.0,"zone":3},{"angle":-2.460132598876953,"building":1,"builtAt":0.0,"edge":13264,"offsetX":-5.5728678703308105,"offsetZ":2.5290729999542236,"x":24200.0,"z":23896.0,"zone":3},{"angle":2.252258777618408,"building":22,"builtAt":0.0,"edge":12953,"offsetX":-0.5795812010765076,"offsetZ":4.807994365692139,"x":24216.0,"z":23896.0,"zone":3},{"angle":0.0,"building":0,"builtAt":0.0,"edge":-1,"offsetX":0.0,"offsetZ":0.0,"x":24232.0,"z":23896.0,"zone":3},{"angle":0.68147212266922,"building":2,"builtAt":0.0,"edge":13282,"offsetX":0.43848636746406555,"offsetZ":3.343026876449585,"x":24248.0,"z":23896.0,"zone":3},{"angle":0.0,"building":0,"builtAt":0.0,"edge":-1,"offsetX":0.0,"offsetZ":0.0,"x":24264.0,"z":23896.0,"zone":3},{"angle":0.0,"building":0,"builtAt":0.0,"edge":-1,"offsetX":0.0,"offsetZ":0.0,"x":24280.0,"z":23896.0,"zone":3},{"angle":-2.4601526260375977,"building":1,"builtAt":0.0,"edge":13282,"offsetX":4.047951698303223,"offsetZ":0.5160175561904907,"x":24296.0,"z":23896.0,"zone":3},{"angle":0.0,"building":0,"builtAt":0.0,"edge":-1,"offsetX":0.0,"offsetZ":0.0,"x":24312.0,"z":23896.0,"zone":3},{"angle":0.0,"building":0,"builtAt":0.0,"edge":-1,"offsetX":0.0,"offsetZ":0.0,"x":24328.0,"z":23896.0,"zone":3},{"angle":0.0,"building":0,"builtAt":0.0,"edge":-1,"offsetX":0.0,"offsetZ":0.0,"x":24344.0,"z":23896.0,"zone":3},{"angle":0.0,"building":0,"builtAt":0.0,"edge":-1,"offsetX":0.0,"offsetZ":0.0,"x":24360.0,"z":23896.0,"zone":3},{"angle":0.6814571619033813,"building":1,"builtAt":0.0,"edge":13301,"offsetX":7.092221260070801,"offsetZ":-0.9299120306968689,"x":24376.0,"z":23896.0,"zone":3}],"zonePalette":false}
[174.163s] [TravelCost] frame=16418 total=1915.78 terrain=6.54 road=6.96 parts=0.00 node=0.00 marks=0.00 furniture=0.00 fallback=0.00 edges=0 nodes=0
[174.263s] [Streaming] terrain workerMs=139.72 uploadTotalMs=6.21 maxFrameUploadMs=4.52 uploadFrames=2
[174.263s] [LandscapeStreaming] key=98784247828 terrainMs=118.48 masksMs=2.45 patchesMs=18.62 woodlandMs=0.00 landscapeVertices=63841 landscapeTriangles=29271
[174.263s] [TravelCost] frame=16419 total=1173.48 terrain=5.00 road=7.07 parts=0.00 node=0.00 marks=0.00 furniture=0.00 fallback=0.00 edges=0 nodes=0
[174.363s] [Streaming] terrain workerMs=1.26 uploadTotalMs=0.32 maxFrameUploadMs=0.32 uploadFrames=1
[174.363s] [LandscapeStreaming] key=103079215124 terrainMs=0.83 masksMs=0.00 patchesMs=0.42 woodlandMs=0.00 landscapeVertices=1830 landscapeTriangles=930
[174.363s] [TravelCost] frame=16420 total=1864.98 terrain=3.68 road=7.42 parts=0.00 node=0.00 marks=0.00 furniture=0.00 fallback=0.00 edges=0 nodes=0
[174.463s] [Streaming] terrain workerMs=49.68 uploadTotalMs=1.55 maxFrameUploadMs=1.55 uploadFrames=1
[174.463s] [LandscapeStreaming] key=94489280532 terrainMs=44.19 masksMs=0.75 patchesMs=4.68 woodlandMs=0.00 landscapeVertices=21279 landscapeTriangles=8989
[174.463s] [TravelCost] frame=16421 total=1926.01 terrain=4.92 road=6.94 parts=0.00 node=0.00 marks=0.00 furniture=0.00 fallback=0.00 edges=0 nodes=0
[174.563s] [Streaming] terrain workerMs=2.60 uploadTotalMs=0.36 maxFrameUploadMs=0.36 uploadFrames=1
[174.563s] [LandscapeStreaming] key=107374182420 terrainMs=1.72 masksMs=0.81 patchesMs=0.00 woodlandMs=0.00 landscapeVertices=0 landscapeTriangles=0
[174.563s] [TravelCost] frame=16422 total=1888.92 terrain=4.07 road=7.00 parts=0.00 node=0.00 marks=0.00 furniture=0.00 fallback=0.00 edges=0 nodes=0
[174.663s] [Streaming] terrain workerMs=0.94 uploadTotalMs=0.41 maxFrameUploadMs=0.41 uploadFrames=1
[174.663s] [LandscapeStreaming] key=90194313236 terrainMs=0.93 masksMs=0.00 patchesMs=0.00 woodlandMs=0.00 landscapeVertices=0 landscapeTriangles=0
[174.663s] [TravelCost] frame=16423 total=1896.19 terrain=4.43 road=7.21 parts=0.00 node=0.00 marks=0.00 furniture=0.00 fallback=0.00 edges=0 nodes=0
[174.763s] [Streaming] terrain workerMs=2.21 uploadTotalMs=0.32 maxFrameUploadMs=0.32 uploadFrames=1
[174.763s] [LandscapeStreaming] key=111669149716 terrainMs=1.50 masksMs=0.67 patchesMs=0.00 woodlandMs=0.00 landscapeVertices=0 landscapeTriangles=0
[174.763s] [TravelCost] frame=16424 total=1896.27 terrain=3.51 road=6.84 parts=0.00 node=0.00 marks=0.00 furniture=0.00 fallback=0.00 edges=0 nodes=0
[174.863s] [TravelCost] frame=16425 total=1871.73 terrain=10.76 road=6.88 parts=0.00 node=0.00 marks=0.00 furniture=0.00 fallback=0.00 edges=0 nodes=0
[174.863s] [PlaytestInput] frame=16425 key=Escape
[174.863s] [PlaytestState] {"cameraMode":0,"commandId":2,"commandInput":"","commandMessage":"","commandPalette":false,"cursorX":400,"cursorY":322,"development":{"completed":0,"count":0},"draftMessage":"","draftPoints":0,"draftValid":false,"driving":false,"editMode":0,"eyeY":127.85540962219238,"focusX":24252.0,"focusY":32.575355529785156,"focusZ":23772.0,"focused":true,"fps":0.5231219920485457,"fpsGraph":false,"frame":16425,"funds":30.0,"gameHour":8.039999961853027,"income":30.30898,"localMapCenter":[24252.0,23772.0],"localMapHeadingUp":false,"localMapSpan":2000.0,"logicMs":0.099,"maintenance":22.71789867024176,"map":false,"mapBuilds":1,"mapContext":false,"mapCustomPixelShader":false,"mapX":24252.0,"mapZ":23772.0,"mapZoom":4.0,"nearbyRoads":[{"id":13765,"length":50.096553802490234,"open":true,"points":[[24184.24609375,37.4201545715332,23402.494140625],[24186.875701653287,37.40728381084992,23399.251700376903],[24189.505321628036,37.39441322377609,23396.009269413647],[24192.13495535041,37.38154279538986,23392.76685086862],[24194.764607319616,37.3686724969565,23389.524444394105],[24197.39427686403,37.35580232505256,23386.28205601808],[24200.023969426198,37.34293224633382,23383.03968422982],[24202.653686687965,37.3300622458652,23379.797332155933],[24205.28343221296,37.31719229950511,23376.55500060337],[24207.913208624905,37.3043223877148,23373.312691538697],[24210.54301290479,37.29145251857272,23370.070413886242],[24213.172855200828,37.27858263572094,23366.82816033748],[24215.802734375,37.26571273803711,23363.5859375]],"width":6.839999675750732},{"id":12848,"length":75.3116455078125,"open":true,"points":[[24084.107421875,37.087406158447266,23525.958984375],[24088.060467116073,37.16626111068103,23521.08506040685],[24092.013515184633,37.24511625176747,23516.21113973381],[24095.96657208912,37.323971675073395,23511.33722172911],[24099.919638182968,37.40282736116019,23506.46331273845],[24103.872715586796,37.481683325840706,23501.58941692878],[24107.825811369345,37.5605396836325,23496.71553236658],[24111.778925530612,37.63939640804538,23491.841665833912],[24115.732066553086,37.718253641796956,23486.96781365497],[24119.685233023018,37.79711133019375,23482.09398435553],[24123.638427767906,37.87596950314544,23477.220181232686],[24127.591653615236,37.95482819056031,23472.346407583984],[24131.544921875,38.033687591552734,23467.47265625]],"width":6.839999675750732},{"id":13803,"length":42.66592788696289,"open":true,"points":[[24030.35546875,36.810420989990234,23592.232421875],[24032.595074936515,36.82196156057961,23589.47091519256],[24034.834717167832,36.83350218446301,23586.7094386571],[24037.07439424246,36.84504288193082,23583.947986972722],[24039.31409935193,36.85658364438469,23581.18656175571],[24041.553831294757,36.86812449212058,23578.425157708254],[24043.793586466458,36.87966543305448,23575.663772494532],[24046.033362464048,36.89120648129518,23572.902402296728],[24048.27315287956,36.902747630316185,23570.14104823402],[24050.51295771298,36.91428890661078,23567.37970352492],[24052.75277215836,36.92583031190877,23564.61836731265],[24054.992594613694,36.937371864449794,23561.857034790108],[24057.232421875,36.94891357421875,23559.095703125]],"width":6.839999675750732},{"id":12846,"length":67.05158233642578,"open":true,"points":[[23932.33984375,36.665016174316406,23713.080078125],[23935.859602655484,36.65745122294311,23708.740449793775],[23939.37936581846,36.649886408187065,23704.400825228724],[23942.8991291114,36.64232170975856,23700.06119957648],[23946.418888408632,36.63475710736793,23695.721567982335],[23949.938637068397,36.627192586136054,23691.381928694373],[23953.458367820655,36.61962813253649,23687.042280735826],[23956.978079690016,36.6120637195163,23682.70261536913],[23960.497765407727,36.60449933354903,23678.36293161607],[23964.01741896398,36.596934958402926,23674.023226945996],[23967.537046936166,36.58937055079332,23669.683483307534],[23971.056630726198,36.581806121541376,23665.343713689967],[23974.576171875,36.574241638183594,23661.00390625]],"width":6.839999675750732},{"id":13798,"length":43.819332122802734,"open":true,"points":[[23877.13671875,35.95730972290039,23781.14453125],[23879.43667615991,35.98679878586915,23778.30845421157],[23881.736678975623,36.01628748771652,23775.472413177602],[23884.036723496563,36.04577588123472,23772.636404344812],[23886.336802732694,36.075263977032684,23769.800427966748],[23888.636915658204,36.10475186217441,23766.964476943947],[23890.937058780375,36.134239592086665,23764.12854721956],[23893.237225316567,36.16372718001316,23761.292638793584],[23895.537410952373,36.193214670834266,23758.4567486234],[23897.837613841682,36.22270214106757,23755.620870623734],[23900.13782884821,36.25218962504794,23752.785002766177],[23902.438054126484,36.28167719929376,23749.949138965458],[23904.73828125,36.31116485595703,23747.11328125]],"width":6.839999675750732},{"id":12828,"length":75.30938720703125,"open":true,"points":[[24013.26953125,37.10893249511719,23468.50390625],[24017.222511742268,37.1708810068476,23463.63006072069],[24021.175491108555,37.232829739645666,23458.756215],[24025.128469283103,37.29477877226197,23453.88236758934],[24029.081446199918,37.35672818344729,23449.00851699034],[24033.034417904953,37.41867799102468,23444.13466649836],[24036.987388219233,37.480628334671515,23439.260809822343],[24040.94035601517,37.542579276520016,23434.386946772516],[24044.893314509874,37.60453079007914,23429.51308413177],[24048.846263988315,37.666482959633385,23424.63921996844],[24052.799211802725,37.72843598024197,23419.765343636907],[24056.75214834066,37.790389781096486,23414.89146540829],[24060.705078125,37.85234451293945,23410.017578125]],"width":11.699999809265137},{"id":12827,"length":85.33165740966797,"open":true,"points":[[23959.517578125,36.91480255126953,23534.77734375],[23963.996674585433,36.93097999515878,23529.254367616777],[23968.475848849805,36.94715758307664,23523.731455351623],[23972.95509053209,36.96333527551393,23518.20859783474],[23977.434389246013,36.97951303296118,23512.68578594618],[23981.913732602752,36.99569080867683,23507.163013034788],[23986.393113820086,37.01186857616892,23501.64026553667],[23990.87251490219,37.02804626844681,23496.11754371365],[23995.35193707665,37.044223887947325,23490.594824126943],[23999.831360745695,37.060401361895565,23485.072109014116],[24004.31076631146,37.07657861751818,23479.549400613523],[24008.790166215997,37.09275569775327,23474.02666166201],[24013.26953125,37.10893249511719,23468.50390625]],"width":11.699999809265137},{"id":13709,"length":44.274784088134766,"open":true,"points":[[23903.73828125,37.11899185180664,23603.55078125],[23906.062333638198,37.11048459153696,23600.68521746723],[23908.386348553508,37.10197722021235,23597.81962305773],[23910.71033726955,37.09346974619996,23594.95400762107],[23913.03431023004,37.08496218090954,23592.088381782087],[23915.35827933422,37.07645453042631,23589.222754372517],[23917.68226146896,37.06794678257984,23586.3571280755],[23920.00626105515,37.059438970838755,23583.49152094687],[23922.33029082559,37.050931098245655,23580.625940794293],[23924.654361020206,37.04242317697094,23577.760398499933],[23926.9784885285,37.03391519484421,23574.89489674798],[23929.302681929003,37.02540717012107,23572.02944847039],[23931.626953125,37.01689910888672,23569.1640625]],"width":11.699999809265137},{"id":12825,"length":67.05155181884766,"open":true,"points":[[23861.5,37.06214904785156,23655.626953125],[23865.019852805905,37.06688577552947,23651.287268684824],[23868.53966801083,37.07162254386452,23646.947553776536],[23872.059456972547,37.07635934989213,23642.607817897562],[23875.579231049614,37.08109619064771,23638.26807054566],[23879.099003804145,37.08583306613127,23633.928318502767],[23882.618783134385,37.09056996871959,23629.588575535163],[23886.138582603602,37.095306898412666,23625.248848425177],[23889.658413257974,37.10004385182243,23620.909147059323],[23893.178288661627,37.10478082894883,23616.569478220266],[23896.698217343874,37.10951782301572,23612.229854898615],[23900.218207834067,37.114254827246896,23607.890290084742],[23903.73828125,37.11899185180664,23603.55078125]],"width":11.699999809265137},{"id":12863,"length":95.55066680908203,"open":true,"points":[[23879.728515625,33.08394241333008,23906.271484375],[23884.744139429185,33.14690962367487,23900.08740381815],[23889.75976323336,33.20987670156497,23893.9033232613],[23894.775388831273,33.272843696010014,23887.71924049285],[23899.791012635458,33.33581058846346,23881.535159936],[23904.80663823336,33.398777450453714,23875.35107716755],[23909.822263831273,33.46174428595299,23869.1669943991],[23914.83788584173,33.52471107641486,23862.98291605385],[23919.85351323336,33.58767796092376,23856.7988310738],[23924.869140625,33.65064489841461,23850.61474609375],[23929.884764429185,33.713611870340856,23844.4306655369],[23934.90038823336,33.77657894823086,23838.24658498005],[23939.916015625,33.83954620361328,23832.0625]],"width":11.699999809265137},{"id":13800,"length":43.81911087036133,"open":true,"points":[[23939.916015625,33.83954620361328,23832.0625],[23942.21624357117,33.866601192475855,23829.226641270332],[23944.516467204146,33.89365621036609,23826.390779498033],[23946.816682622004,33.920711291149594,23823.554911133368],[23949.116886745254,33.94776647836784,23820.71903161239],[23951.417073203665,33.974821776858796,23817.88314042799],[23953.717239739835,34.00187723983982,23815.04723200202],[23956.017382039387,34.028932896338574,23812.211303291842],[23958.31749496488,34.05598876570684,23809.37535226904],[23960.61757502354,34.08304488664816,23806.539374876767],[23962.91761872191,34.110101297866095,23803.703367058188],[23965.217620920717,34.1371580187124,23800.86732678488],[23967.517578125,34.164215087890625,23798.03125]],"width":11.699999809265137},{"id":12865,"length":67.05329895019531,"open":true,"points":[[23995.12109375,34.48888397216797,23764.0],[23998.64062938188,34.52957832157744,23759.660190670154],[24002.160202633302,34.57027316000235,23755.320411133245],[24005.67980990219,34.61096834088757,23750.98066063098],[24009.199448845262,34.651663732229316,23746.640936851985],[24012.7191161751,34.69235919110732,23742.301238648168],[24016.23881489763,34.733054647368476,23737.961557111295],[24019.758536689937,34.77374989987762,23733.621897300804],[24023.27827826322,34.814444805714594,23729.282258068662],[24026.798036327833,34.85513922196077,23724.942638267617],[24030.317817663505,34.89583312212774,23720.603024335614],[24033.837616461224,34.936526334194355,23716.263418231687],[24037.357421875,34.97721862792969,23711.923828125]],"width":11.699999809265137},{"id":13838,"length":44.27477264404297,"open":true,"points":[[24037.357421875,34.97721862792969,23711.923828125],[24039.681514259955,34.984874387861225,23709.058298306856],[24042.005635605947,34.9925303979742,23706.19279223199],[24044.329775391227,35.0001866194645,23703.327300952984],[24046.65392309358,35.00784301352515,23700.461815520986],[24048.97806819043,35.01549954134668,23697.596326985862],[24051.302198496604,35.02315615864126,23694.730828446016],[24053.626305567086,35.03081283344134,23691.865308387547],[24055.9503759699,35.03846951734913,23688.999761444655],[24058.274400428956,35.04612617565716,23686.134177127326],[24060.59836883717,35.05378277091949,23683.268545970204],[24062.92226776348,35.061439254738005,23680.402862607305],[24065.24609375,35.069095611572266,23677.537109375]],"width":11.699999809265137},{"id":13805,"length":42.66621017456055,"open":true,"points":[[24093.13671875,35.160972595214844,23643.150390625],[24095.376478798866,35.17807311961731,23640.389140428164],[24097.61623166541,35.195173773418325,23637.62788394325],[24099.85596896586,35.21227451789498,23634.866616363466],[24102.095684719436,35.22937533267133,23632.105329919537],[24104.335370141973,35.246476175966606,23629.344020298522],[24106.575020053744,35.263577033520846,23626.582678743725],[24108.81462527028,35.28067786049566,23623.82130143613],[24111.05417660736,35.297778612052944,23621.05988455699],[24113.29367048734,35.31487928616497,23618.29841737471],[24115.533096925374,35.33197983187869,23615.536897058384],[24117.77244914044,35.349080222704444,23612.775316827],[24120.01171875,35.366180419921875,23610.013671875]],"width":11.699999809265137},{"id":12868,"length":75.3056869506836,"open":true,"points":[[24146.888671875,35.571388244628906,23576.876953125],[24150.84187114453,35.572666267647826,23572.003285452134],[24154.79502970216,35.573944412155285,23567.129585009192],[24158.74814783494,35.575222653942156,23562.255849864967],[24162.701223002638,35.576500967886844,23557.382081573513],[24166.65425549261,35.57777932978333,23552.508278202306],[24170.60724276476,35.57905771451226,23547.6344413044],[24174.560189347416,35.58033609924075,23542.760563717216],[24178.5130912864,35.5816144583929,23537.886648736127],[24182.465941800103,35.582892765478306,23533.012703142584],[24186.418753897626,35.58417100040609,23528.138709314935],[24190.371509487406,35.585449133027254,23523.264687979212],[24194.32421875,35.586727142333984,23518.390625]],"width":11.699999809265137},{"id":12869,"length":83.66351318359375,"open":true,"points":[[24194.32421875,35.586727142333984,23518.390625],[24198.716282468078,35.571062044128325,23512.97602062058],[24203.108272871577,35.555396965530576,23507.56135520152],[24207.500201953488,35.53973191214299,23502.146644242952],[24211.892089560028,35.52406686155655,23496.73189356258],[24216.283943757302,35.50840183337914,23491.317123501452],[24220.675787532586,35.4927367939972,23485.902336004074],[24225.06762502529,35.47707177702432,23480.487556252632],[24229.45948236391,35.4614067376424,23475.07278231859],[24233.851366829185,35.44574169826047,23469.658035511213],[24238.24329512582,35.430076647674014,23464.24332552093],[24242.635283958687,35.414411574678525,23458.82866203837],[24247.02734375,35.398746490478516,23453.4140625]],"width":11.699999809265137},{"id":12870,"length":100.1954345703125,"open":true,"points":[[24247.02734375,35.398746490478516,23453.4140625],[24252.286625672285,35.33585647150697,23446.929233396535],[24257.545945410602,35.27296621388653,23440.44443384452],[24262.805298461706,35.21007582607446,23433.959664196016],[24268.064685965022,35.147185349053295,23427.47491784504],[24273.324102476887,35.084294902523546,23420.99019630201],[24278.583545374742,35.021404572448546,23414.505497598435],[24283.843010154815,34.95851446728277,23408.020822084938],[24289.102499836597,34.8956246055169,23401.536160836054],[24294.36200615351,34.83273514058905,23395.05151884134],[24299.621535885934,34.769846046009924,23388.566882538275],[24304.88107324183,34.706957565185576,23382.08226619463],[24310.140625,34.64406967163086,23375.59765625]],"width":11.699999809265137},{"id":13860,"length":47.774295806884766,"open":true,"points":[[23929.4140625,32.499351501464844,23946.568359375],[23931.921953550307,32.51656212450474,23943.476464527605],[23934.42984101316,32.53377286863406,23940.38456732076],[23936.93772152532,32.55098369752456,23937.292665118686],[23939.445593517274,32.568194587157464,23934.200753074303],[23941.953452056274,32.585405490432684,23931.108830487286],[23944.461292658,32.602616363327236,23928.016896104844],[23946.96911532246,32.61982719259334,23924.924943145877],[23949.47691287473,32.63703791574318,23921.83297367587],[23951.984687108546,32.6542485318399,23918.74097870318],[23954.492430849004,32.671458978396466,23915.648960294704],[23957.00014050864,32.688669217546796,23912.556916095113],[23959.5078125,32.70587921142578,23909.46484375]],"width":13.199999809265137},{"id":12885,"length":67.05479431152344,"open":true,"points":[[24044.8046875,33.62478256225586,23804.298828125],[24048.3245399912,33.68003555464113,23799.959144072836],[24051.84435551083,33.73528916361205,23795.619428776536],[24055.364144472547,33.79054331328093,23791.279692897562],[24058.883918549614,33.845797947519294,23786.93994554566],[24062.403690045376,33.901053020077775,23782.60019505479],[24065.923470634385,33.956308474825384,23778.260450535163],[24069.443270103602,34.011564225988764,23773.920723425177],[24072.963100757974,34.06682022731537,23769.581022059323],[24076.482976161627,34.12207645231277,23765.241353220266],[24080.002904843874,34.177332795444535,23760.901729898615],[24083.522900369382,34.23258923021713,23756.562158877136],[24087.04296875,34.287845611572266,23752.22265625]],"width":13.199999809265137},{"id":13840,"length":44.27477264404297,"open":true,"points":[[24087.04296875,34.287845611572266,23752.22265625],[24089.367020930407,34.29522195075178,23749.357092723447],[24091.691035222346,34.30259851734804,23746.49149908259],[24094.015023938406,34.309975280920696,23743.625883645916],[24096.33899773004,34.31735220575073,23740.760256782087],[24098.662967665343,34.32472925743607,23737.894628347687],[24100.98694896896,34.33210641476422,23735.0290030755],[24103.310945230667,34.33948361958525,23732.16340004608],[24105.634976663336,34.346860866513346,23729.29781784386],[24107.959048520206,34.354238102672724,23726.432273499933],[24110.2831760285,34.361615306845835,23723.56677174798],[24112.607369429003,34.36899244198496,23720.70132347039],[24114.931640625,34.37636947631836,23717.8359375]],"width":13.199999809265137}],"pauseMenu":false,"pedestrians":{"completed":0,"drawCalls":0,"population":10000,"renderMs":0.067,"ridingCar":0,"ridingTrain":0,"updateMs":0.0,"visible":0,"waitingCar":0,"waitingTrain":0,"walking":0},"plans":0,"population":233146,"railway":{"depots":0,"edgeCount":1269,"editorVisible":false,"lines":[{"enabled":true,"first":480,"id":0,"interval":270.0,"last":1380,"name":"汐淵・鵜池線","next":270.0,"stops":[17680,17681]},{"enabled":true,"first":480,"id":1,"interval":1380.0,"last":1380,"name":"鵜池・常宮線","next":1440.0,"stops":[17681,17743]},{"enabled":true,"first":480,"id":2,"interval":210.0,"last":1380,"name":"常宮・網瀬洗線","next":210.0,"stops":[17743,18160]},{"enabled":true,"first":480,"id":3,"interval":1140.0,"last":1380,"name":"網瀬洗・葦草第3地区線","next":1440.0,"stops":[18160,18212]},{"enabled":true,"first":480,"id":4,"interval":120.0,"last":1380,"name":"葦草第3地区・葦草線","next":120.0,"stops":[18212,18559]},{"enabled":true,"first":480,"id":5,"interval":150.0,"last":1380,"name":"葦草第3地区・葦草第2地区線","next":150.0,"stops":[18212,18574]},{"enabled":true,"first":480,"id":6,"interval":210.0,"last":1380,"name":"葦草第3地区・秋神線","next":210.0,"stops":[18212,18602]},{"enabled":true,"first":480,"id":7,"interval":990.0,"last":1380,"name":"葦草第2地区・玉寺線","next":1440.0,"stops":[18574,18654]}],"message":"","stations":[{"id":17680,"name":"汐淵","position":[62375.3515625,52.0,53503.86328125]},{"id":17681,"name":"鵜池","position":[58668.0078125,43.0,52852.76953125]},{"id":17743,"name":"常宮","position":[48529.0546875,69.5,30835.60546875]},{"id":18160,"name":"網瀬洗","position":[45508.171875,48.5,30061.234375]},{"id":18212,"name":"葦草第3地区","position":[24688.427734375,52.0,22959.96875]},{"id":18559,"name":"葦草","position":[24090.08984375,57.0,23697.6875]},{"id":18574,"name":"葦草第2地区","position":[23546.435546875,44.5,24367.982421875]},{"id":18602,"name":"秋神","position":[23495.00390625,64.0,19984.44140625]},{"id":18654,"name":"玉寺","position":[16738.02734375,50.0,43665.12890625]}],"trains":[]},"renderMs":1871.73,"selectionId":-1,"selectionKind":0,"signalsMs":0.547,"sound":{"enginePitch":1.0,"enginePlaying":false,"events":0,"outputPeak":0.0,"volume":0.6},"textInput":false,"timeSpeed":0,"townLabels":[],"traffic":{"accessPoints":20526,"cars":0,"completed":0,"localCars":0,"localTarget":0,"routeFailures":0,"spawned":0,"stopped":0,"updateMs":0.0},"zone":2,"zoneBrush":1,"zoneCells":[{"angle":0.0,"building":0,"builtAt":0.0,"edge":-1,"offsetX":0.0,"offsetZ":0.0,"x":24120.0,"z":23640.0,"zone":4},{"angle":0.0,"building":0,"builtAt":0.0,"edge":-1,"offsetX":0.0,"offsetZ":0.0,"x":24136.0,"z":23640.0,"zone":4},{"angle":0.0,"building":0,"builtAt":0.0,"edge":-1,"offsetX":0.0,"offsetZ":0.0,"x":24152.0,"z":23640.0,"zone":4},{"angle":0.0,"building":0,"builtAt":0.0,"edge":-1,"offsetX":0.0,"offsetZ":0.0,"x":24168.0,"z":23640.0,"zone":4},{"angle":0.0,"building":0,"builtAt":0.0,"edge":-1,"offsetX":0.0,"offsetZ":0.0,"x":24184.0,"z":23640.0,"zone":4},{"angle":0.0,"building":0,"builtAt":0.0,"edge":-1,"offsetX":0.0,"offsetZ":0.0,"x":24200.0,"z":23640.0,"zone":4},{"angle":0.6814513206481934,"building":3,"builtAt":0.0,"edge":13314,"offsetX":-6.154786109924316,"offsetZ":2.631944417953491,"x":24216.0,"z":23640.0,"zone":4},{"angle":-2.460141897201538,"building":5,"builtAt":0.0,"edge":13314,"offsetX":1.7993888854980469,"offsetZ":-6.4174346923828125,"x":24232.0,"z":23640.0,"zone":4},{"angle":-2.4601361751556396,"building":2,"builtAt":0.0,"edge":13314,"offsetX":-4.6434125900268555,"offsetZ":2.282050371170044,"x":24248.0,"z":23640.0,"zone":3},{"angle":2.252218246459961,"building":2,"builtAt":0.0,"edge":12908,"offsetX":-0.9941437244415283,"offsetZ":-0.4055778384208679,"x":24264.0,"z":23640.0,"zone":3},{"angle":-0.8893780708312988,"building":22,"builtAt":0.0,"edge":12908,"offsetX":7.369665145874023,"offsetZ":2.3371095657348633,"x":24280.0,"z":23640.0,"zone":3},{"angle":-0.889374315738678,"building":1,"builtAt":0.0,"edge":12908,"offsetX":7.7662787437438965,"offsetZ":-1.3832064867019653,"x":24296.0,"z":23640.0,"zone":3},{"angle":0.6814509630203247,"building":22,"builtAt":0.0,"edge":13331,"offsetX":6.718299388885498,"offsetZ":-6.901330947875977,"x":24312.0,"z":23640.0,"zone":3},{"angle":0.681452214717865,"building":22,"builtAt":0.0,"edge":13331,"offsetX":4.242094039916992,"offsetZ":4.104255676269531,"x":24328.0,"z":23640.0,"zone":3},{"angle":0.0,"building":0,"builtAt":0.0,"edge":-1,"offsetX":0.0,"offsetZ":0.0,"x":24344.0,"z":23640.0,"zone":3},{"angle":0.0,"building":0,"builtAt":0.0,"edge":-1,"offsetX":0.0,"offsetZ":0.0,"x":24360.0,"z":23640.0,"zone":3},{"angle":-2.4601478576660156,"building":1,"builtAt":0.0,"edge":13332,"offsetX":4.05752420425415,"offsetZ":3.6997785568237305,"x":24376.0,"z":23640.0,"zone":3},{"angle":0.0,"building":0,"builtAt":0.0,"edge":-1,"offsetX":0.0,"offsetZ":0.0,"x":24120.0,"z":23656.0,"zone":4},{"angle":0.0,"building":0,"builtAt":0.0,"edge":-1,"offsetX":0.0,"offsetZ":0.0,"x":24136.0,"z":23656.0,"zone":4},{"angle":0.0,"building":0,"builtAt":0.0,"edge":-1,"offsetX":0.0,"offsetZ":0.0,"x":24152.0,"z":23656.0,"zone":4},{"angle":0.0,"building":0,"builtAt":0.0,"edge":-1,"offsetX":0.0,"offsetZ":0.0,"x":24168.0,"z":23656.0,"zone":4},{"angle":0.0,"building":0,"builtAt":0.0,"edge":-1,"offsetX":0.0,"offsetZ":0.0,"x":24184.0,"z":23656.0,"zone":4},{"angle":0.0,"building":0,"builtAt":0.0,"edge":-1,"offsetX":0.0,"offsetZ":0.0,"x":24200.0,"z":23656.0,"zone":4},{"angle":0.0,"building":0,"builtAt":0.0,"edge":-1,"offsetX":0.0,"offsetZ":0.0,"x":24216.0,"z":23656.0,"zone":4},{"angle":0.6814565062522888,"building":6,"builtAt":0.0,"edge":13314,"offsetX":-2.1279075145721436,"offsetZ":2.9075474739074707,"x":24232.0,"z":23656.0,"zone":4},{"angle":-2.4601240158081055,"building":1,"builtAt":0.0,"edge":13314,"offsetX":4.912959575653076,"offsetZ":-5.019773960113525,"x":24248.0,"z":23656.0,"zone":3},{"angle":-0.889363169670105,"building":22,"builtAt":0.0,"edge":12908,"offsetX":6.674422264099121,"offsetZ":6.832186698913574,"x":24264.0,"z":23656.0,"zone":3},{"angle":-0.889374315738678,"building":1,"builtAt":0.0,"edge":12908,"offsetX":-2.0070576667785645,"offsetZ":-4.250811576843262,"x":24280.0,"z":23656.0,"zone":3},{"angle":-0.8893780708312988,"building":2,"builtAt":0.0,"edge":12908,"offsetX":0.8451632261276245,"offsetZ":-5.978168964385986,"x":24296.0,"z":23656.0,"zone":3},{"angle":2.2522571086883545,"building":2,"builtAt":0.0,"edge":12932,"offsetX":-5.701452255249023,"offsetZ":1.687943935394287,"x":24312.0,"z":23656.0,"zone":3},{"angle":0.0,"building":0,"builtAt":0.0,"edge":-1,"offsetX":0.0,"offsetZ":0.0,"x":24328.0,"z":23656.0,"zone":3},{"angle":0.0,"building":0,"builtAt":0.0,"edge":-1,"offsetX":0.0,"offsetZ":0.0,"x":24344.0,"z":23656.0,"zone":3},{"angle":0.0,"building":0,"builtAt":0.0,"edge":-1,"offsetX":0.0,"offsetZ":0.0,"x":24360.0,"z":23656.0,"zone":3},{"angle":-2.4601478576660156,"building":1,"builtAt":0.0,"edge":13332,"offsetX":-2.367616653442383,"offsetZ":-4.378254413604736,"x":24376.0,"z":23656.0,"zone":3},{"angle":0.0,"building":0,"builtAt":0.0,"edge":-1,"offsetX":0.0,"offsetZ":0.0,"x":24120.0,"z":23672.0,"zone":0},{"angle":0.0,"building":0,"builtAt":0.0,"edge":-1,"offsetX":0.0,"offsetZ":0.0,"x":24136.0,"z":23672.0,"zone":4},{"angle":0.0,"building":0,"builtAt":0.0,"edge":-1,"offsetX":0.0,"offsetZ":0.0,"x":24152.0,"z":23672.0,"zone":4},{"angle":0.0,"building":0,"builtAt":0.0,"edge":-1,"offsetX":0.0,"offsetZ":0.0,"x":24168.0,"z":23672.0,"zone":4},{"angle":0.0,"building":0,"builtAt":0.0,"edge":-1,"offsetX":0.0,"offsetZ":0.0,"x":24184.0,"z":23672.0,"zone":4},{"angle":0.0,"building":0,"builtAt":0.0,"edge":-1,"offsetX":0.0,"offsetZ":0.0,"x":24200.0,"z":23672.0,"zone":4},{"angle":0.0,"building":0,"builtAt":0.0,"edge":-1,"offsetX":0.0,"offsetZ":0.0,"x":24216.0,"z":23672.0,"zone":4},{"angle":0.0,"building":0,"builtAt":0.0,"edge":-1,"offsetX":0.0,"offsetZ":0.0,"x":24232.0,"z":23672.0,"zone":4},{"angle":0.0,"building":0,"builtAt":0.0,"edge":-1,"offsetX":0.0,"offsetZ":0.0,"x":24248.0,"z":23672.0,"zone":4},{"angle":0.6814480423927307,"building":2,"builtAt":0.0,"edge":13315,"offsetX":-6.2546539306640625,"offsetZ":7.643273830413818,"x":24264.0,"z":23672.0,"zone":3},{"angle":-2.460141897201538,"building":2,"builtAt":0.0,"edge":13315,"offsetX":4.364665508270264,"offsetZ":3.4552180767059326,"x":24280.0,"z":23672.0,"zone":3},{"angle":-2.460141897201538,"building":2,"builtAt":0.0,"edge":13315,"offsetX":-4.265265464782715,"offsetZ":-5.631700038909912,"x":24296.0,"z":23672.0,"zone":3},{"angle":2.2522571086883545,"building":22,"builtAt":0.0,"edge":12932,"offsetX":3.77371883392334,"offsetZ":-6.626931667327881,"x":24312.0,"z":23672.0,"zone":3},{"angle":0.0,"building":0,"builtAt":0.0,"edge":-1,"offsetX":0.0,"offsetZ":0.0,"x":24328.0,"z":23672.0,"zone":3},{"angle":0.0,"building":0,"builtAt":0.0,"edge":-1,"offsetX":0.0,"offsetZ":0.0,"x":24344.0,"z":23672.0,"zone":3},{"angle":-0.8893195986747742,"building":2,"builtAt":0.0,"edge":12932,"offsetX":-4.963898181915283,"offsetZ":0.13080857694149017,"x":24360.0,"z":23672.0,"zone":3},{"angle":0.6814391613006592,"building":5,"builtAt":0.0,"edge":13332,"offsetX":-2.5466763973236084,"offsetZ":5.799123764038086,"x":24376.0,"z":23672.0,"zone":3},{"angle":0.0,"building":0,"builtAt":0.0,"edge":-1,"offsetX":0.0,"offsetZ":0.0,"x":24120.0,"z":23688.0,"zone":0},{"angle":0.0,"building":0,"builtAt":0.0,"edge":-1,"offsetX":0.0,"offsetZ":0.0,"x":24136.0,"z":23688.0,"zone":0},{"angle":0.0,"building":0,"builtAt":0.0,"edge":-1,"offsetX":0.0,"offsetZ":0.0,"x":24152.0,"z":23688.0,"zone":4},{"angle":-2.46014142036438,"building":4,"builtAt":0.0,"edge":13297,"offsetX":4.891820430755615,"offsetZ":0.837200939655304,"x":24168.0,"z":23688.0,"zone":4},{"angle":0.0,"building":0,"builtAt":0.0,"edge":-1,"offsetX":0.0,"offsetZ":0.0,"x":24184.0,"z":23688.0,"zone":4},{"angle":0.0,"building":0,"builtAt":0.0,"edge":-1,"offsetX":0.0,"offsetZ":0.0,"x":24200.0,"z":23688.0,"zone":4},{"angle":0.0,"building":0,"builtAt":0.0,"edge":-1,"offsetX":0.0,"offsetZ":0.0,"x":24216.0,"z":23688.0,"zone":4},{"angle":2.252243757247925,"building":3,"builtAt":0.0,"edge":13917,"offsetX":-5.8597493171691895,"offsetZ":-5.189786434173584,"x":24232.0,"z":23688.0,"zone":4},{"angle":0.0,"building":0,"builtAt":0.0,"edge":-1,"offsetX":0.0,"offsetZ":0.0,"x":24248.0,"z":23688.0,"zone":4},{"angle":0.6814508438110352,"building":1,"builtAt":0.0,"edge":13315,"offsetX":8.208112716674805,"offsetZ":2.4436228275299072,"x":24264.0,"z":23688.0,"zone":3},{"angle":0.0,"building":0,"builtAt":0.0,"edge":-1,"offsetX":0.0,"offsetZ":0.0,"x":24280.0,"z":23688.0,"zone":3},{"angle":-2.4601430892944336,"building":22,"builtAt":0.0,"edge":13315,"offsetX":2.7603113651275635,"offsetZ":-1.6592469215393066,"x":24296.0,"z":23688.0,"zone":3},{"angle":0.0,"building":0,"builtAt":0.0,"edge":-1,"offsetX":0.0,"offsetZ":0.0,"x":24312.0,"z":23688.0,"zone":3},{"angle":0.0,"building":0,"builtAt":0.0,"edge":-1,"offsetX":0.0,"offsetZ":0.0,"x":24328.0,"z":23688.0,"zone":3},{"angle":-0.889335572719574,"building":5,"builtAt":0.0,"edge":12932,"offsetX":-0.674935519695282,"offsetZ":-0.28057900071144104,"x":24344.0,"z":23688.0,"zone":3},{"angle":0.0,"building":0,"builtAt":0.0,"edge":-1,"offsetX":0.0,"offsetZ":0.0,"x":24360.0,"z":23688.0,"zone":3},{"angle":0.0,"building":0,"builtAt":0.0,"edge":-1,"offsetX":0.0,"offsetZ":0.0,"x":24376.0,"z":23688.0,"zone":3},{"angle":0.0,"building":0,"builtAt":0.0,"edge":-1,"offsetX":0.0,"offsetZ":0.0,"x":24120.0,"z":23704.0,"zone":0},{"angle":0.0,"building":0,"builtAt":0.0,"edge":-1,"offsetX":0.0,"offsetZ":0.0,"x":24136.0,"z":23704.0,"zone":4},{"angle":0.6814571022987366,"building":5,"builtAt":0.0,"edge":13297,"offsetX":-6.4882965087890625,"offsetZ":-0.3709557354450226,"x":24152.0,"z":23704.0,"zone":4},{"angle":0.0,"building":0,"builtAt":0.0,"edge":-1,"offsetX":0.0,"offsetZ":0.0,"x":24168.0,"z":23704.0,"zone":4},{"angle":0.0,"building":0,"builtAt":0.0,"edge":-1,"offsetX":0.0,"offsetZ":0.0,"x":24184.0,"z":23704.0,"zone":4},{"angle":0.0,"building":0,"builtAt":0.0,"edge":-1,"offsetX":0.0,"offsetZ":0.0,"x":24200.0,"z":23704.0,"zone":4},{"angle":2.2522826194763184,"building":5,"builtAt":0.0,"edge":13916,"offsetX":-2.0932695865631104,"offsetZ":-4.877505779266357,"x":24216.0,"z":23704.0,"zone":4},{"angle":0.68142169713974,"building":5,"builtAt":0.0,"edge":13920,"offsetX":-1.6337822675704956,"offsetZ":8.301788330078125,"x":24232.0,"z":23704.0,"zone":4},{"angle":-2.4601709842681885,"building":5,"builtAt":0.0,"edge":13920,"offsetX":-5.114377021789551,"offsetZ":-7.134913921356201,"x":24248.0,"z":23704.0,"zone":4},{"angle":-2.4601423740386963,"building":1,"builtAt":0.0,"edge":13920,"offsetX":-7.655180931091309,"offsetZ":5.672732830047607,"x":24264.0,"z":23704.0,"zone":3},{"angle":2.252223491668701,"building":1,"builtAt":0.0,"edge":13919,"offsetX":-0.2726516127586365,"offsetZ":8.086469650268555,"x":24280.0,"z":23704.0,"zone":3},{"angle":0.0,"building":0,"builtAt":0.0,"edge":-1,"offsetX":0.0,"offsetZ":0.0,"x":24296.0,"z":23704.0,"zone":3},{"angle":0.0,"building":0,"builtAt":0.0,"edge":-1,"offsetX":0.0,"offsetZ":0.0,"x":24312.0,"z":23704.0,"zone":3},{"angle":-0.8893449306488037,"building":2,"builtAt":0.0,"edge":12932,"offsetX":2.4476985931396484,"offsetZ":-1.634270429611206,"x":24328.0,"z":23704.0,"zone":3},{"angle":-2.4601356983184814,"building":22,"builtAt":0.0,"edge":13316,"offsetX":3.7056233882904053,"offsetZ":5.545018196105957,"x":24344.0,"z":23704.0,"zone":3},{"angle":-2.4601356983184814,"building":22,"builtAt":0.0,"edge":13316,"offsetX":-4.294325828552246,"offsetZ":-4.318510055541992,"x":24360.0,"z":23704.0,"zone":3},{"angle":2.252216100692749,"building":1,"builtAt":0.0,"edge":12956,"offsetX":0.7638989686965942,"offsetZ":-0.11521328240633011,"x":24376.0,"z":23704.0,"zone":3},{"angle":0.0,"building":0,"builtAt":0.0,"edge":-1,"offsetX":0.0,"offsetZ":0.0,"x":24120.0,"z":23720.0,"zone":4},{"angle":0.0,"building":0,"builtAt":0.0,"edge":-1,"offsetX":0.0,"offsetZ":0.0,"x":24136.0,"z":23720.0,"zone":4},{"angle":0.0,"building":0,"builtAt":0.0,"edge":-1,"offsetX":0.0,"offsetZ":0.0,"x":24152.0,"z":23720.0,"zone":4},{"angle":0.6814506649971008,"building":3,"builtAt":0.0,"edge":13297,"offsetX":-4.416891098022461,"offsetZ":-0.7193522453308105,"x":24168.0,"z":23720.0,"zone":4},{"angle":0.0,"building":0,"builtAt":0.0,"edge":-1,"offsetX":0.0,"offsetZ":0.0,"x":24184.0,"z":23720.0,"zone":4},{"angle":-2.4601268768310547,"building":5,"builtAt":0.0,"edge":13297,"offsetX":0.282716304063797,"offsetZ":-8.037588119506836,"x":24200.0,"z":23720.0,"zone":4},{"angle":0.0,"building":0,"builtAt":0.0,"edge":-1,"offsetX":0.0,"offsetZ":0.0,"x":24216.0,"z":23720.0,"zone":4},{"angle":0.0,"building":0,"builtAt":0.0,"edge":-1,"offsetX":0.0,"offsetZ":0.0,"x":24232.0,"z":23720.0,"zone":4},{"angle":0.6814502477645874,"building":6,"builtAt":0.0,"edge":13920,"offsetX":-3.741553783416748,"offsetZ":4.574628829956055,"x":24248.0,"z":23720.0,"zone":4},{"angle":-2.460155487060547,"building":2,"builtAt":0.0,"edge":13920,"offsetX":7.2204813957214355,"offsetZ":0.7308982014656067,"x":24264.0,"z":23720.0,"zone":3},{"angle":0.0,"building":0,"builtAt":0.0,"edge":-1,"offsetX":0.0,"offsetZ":0.0,"x":24280.0,"z":23720.0,"zone":3},{"angle":0.0,"building":0,"builtAt":0.0,"edge":-1,"offsetX":0.0,"offsetZ":0.0,"x":24296.0,"z":23720.0,"zone":3},{"angle":0.0,"building":0,"builtAt":0.0,"edge":-1,"offsetX":0.0,"offsetZ":0.0,"x":24312.0,"z":23720.0,"zone":3},{"angle":0.0,"building":0,"builtAt":0.0,"edge":-1,"offsetX":0.0,"offsetZ":0.0,"x":24328.0,"z":23720.0,"zone":3},{"angle":-2.4601356983184814,"building":22,"builtAt":0.0,"edge":13316,"offsetX":-4.294427394866943,"offsetZ":-0.5914531350135803,"x":24344.0,"z":23720.0,"zone":3},{"angle":2.252216100692749,"building":1,"builtAt":0.0,"edge":12956,"offsetX":6.057580947875977,"offsetZ":-2.8847968578338623,"x":24360.0,"z":23720.0,"zone":3},{"angle":0.0,"building":0,"builtAt":0.0,"edge":-1,"offsetX":0.0,"offsetZ":0.0,"x":24376.0,"z":23720.0,"zone":3},{"angle":0.0,"building":0,"builtAt":0.0,"edge":-1,"offsetX":0.0,"offsetZ":0.0,"x":24120.0,"z":23736.0,"zone":4},{"angle":0.6814290881156921,"building":3,"builtAt":0.0,"edge":13867,"offsetX":-7.418963432312012,"offsetZ":6.49083137512207,"x":24136.0,"z":23736.0,"zone":4},{"angle":-2.460156202316284,"building":5,"builtAt":0.0,"edge":13867,"offsetX":-0.24348965287208557,"offsetZ":-0.9351714253425598,"x":24152.0,"z":23736.0,"zone":4},{"angle":-2.4601457118988037,"building":3,"builtAt":0.0,"edge":13867,"offsetX":-5.414515495300293,"offsetZ":6.8617167472839355,"x":24168.0,"z":23736.0,"zone":4},{"angle":0.6814658045768738,"building":4,"builtAt":0.0,"edge":13297,"offsetX":-1.8803954124450684,"offsetZ":-1.6440891027450562,"x":24184.0,"z":23736.0,"zone":4},{"angle":0.0,"building":0,"builtAt":0.0,"edge":-1,"offsetX":0.0,"offsetZ":0.0,"x":24200.0,"z":23736.0,"zone":4},{"angle":-2.46014404296875,"building":5,"builtAt":0.0,"edge":13298,"offsetX":5.145206928253174,"offsetZ":-7.172271251678467,"x":24216.0,"z":23736.0,"zone":4},{"angle":-2.460141658782959,"building":3,"builtAt":0.0,"edge":13298,"offsetX":2.513239860534668,"offsetZ":2.6676149368286133,"x":24232.0,"z":23736.0,"zone":4},{"angle":0.0,"building":0,"builtAt":0.0,"edge":-1,"offsetX":0.0,"offsetZ":0.0,"x":24248.0,"z":23736.0,"zone":4},{"angle":0.6814371943473816,"building":2,"builtAt":0.0,"edge":13920,"offsetX":-4.435117721557617,"offsetZ":-0.8979468941688538,"x":24264.0,"z":23736.0,"zone":3},{"angle":0.0,"building":0,"builtAt":0.0,"edge":-1,"offsetX":0.0,"offsetZ":0.0,"x":24280.0,"z":23736.0,"zone":3},{"angle":-2.460118055343628,"building":1,"builtAt":0.0,"edge":13968,"offsetX":2.240954875946045,"offsetZ":7.524169921875,"x":24296.0,"z":23736.0,"zone":3},{"angle":-0.8893690705299377,"building":22,"builtAt":0.0,"edge":13919,"offsetX":-6.009950160980225,"offsetZ":-2.6138317584991455,"x":24312.0,"z":23736.0,"zone":3},{"angle":0.6814569234848022,"building":12,"builtAt":0.0,"edge":13316,"offsetX":-2.771904945373535,"offsetZ":1.2583122253417969,"x":24328.0,"z":23736.0,"zone":4},{"angle":0.0,"building":0,"builtAt":0.0,"edge":-1,"offsetX":0.0,"offsetZ":0.0,"x":24344.0,"z":23736.0,"zone":3},{"angle":2.2522284984588623,"building":1,"builtAt":0.0,"edge":12956,"offsetX":-4.647260665893555,"offsetZ":-5.656870365142822,"x":24360.0,"z":23736.0,"zone":3},{"angle":-0.8893765211105347,"building":22,"builtAt":0.0,"edge":12956,"offsetX":5.840118408203125,"offsetZ":-6.084964275360107,"x":24376.0,"z":23736.0,"zone":3},{"angle":-2.460148811340332,"building":3,"builtAt":0.0,"edge":13279,"offsetX":-3.748384475708008,"offsetZ":6.22449254989624,"x":24120.0,"z":23752.0,"zone":4},{"angle":0.6814364790916443,"building":5,"builtAt":0.0,"edge":13867,"offsetX":3.3919272422790527,"offsetZ":-1.689828634262085,"x":24136.0,"z":23752.0,"zone":4},{"angle":0.0,"building":0,"builtAt":0.0,"edge":-1,"offsetX":0.0,"offsetZ":0.0,"x":24152.0,"z":23752.0,"zone":4},{"angle":0.0,"building":0,"builtAt":0.0,"edge":-1,"offsetX":0.0,"offsetZ":0.0,"x":24168.0,"z":23752.0,"zone":4},{"angle":0.0,"building":0,"builtAt":0.0,"edge":-1,"offsetX":0.0,"offsetZ":0.0,"x":24184.0,"z":23752.0,"zone":4},{"angle":0.6814486980438232,"building":3,"builtAt":0.0,"edge":13298,"offsetX":2.9281845092773438,"offsetZ":-0.7115193605422974,"x":24200.0,"z":23752.0,"zone":4},{"angle":0.0,"building":0,"builtAt":0.0,"edge":-1,"offsetX":0.0,"offsetZ":0.0,"x":24216.0,"z":23752.0,"zone":4},{"angle":0.0,"building":0,"builtAt":0.0,"edge":-1,"offsetX":0.0,"offsetZ":0.0,"x":24232.0,"z":23752.0,"zone":4},{"angle":-2.4601430892944336,"building":1,"builtAt":0.0,"edge":13298,"offsetX":-2.0073299407958984,"offsetZ":-1.1659783124923706,"x":24248.0,"z":23752.0,"zone":3},{"angle":0.0,"building":0,"builtAt":0.0,"edge":-1,"offsetX":0.0,"offsetZ":0.0,"x":24264.0,"z":23752.0,"zone":3},{"angle":0.0,"building":0,"builtAt":0.0,"edge":-1,"offsetX":0.0,"offsetZ":0.0,"x":24280.0,"z":23752.0,"zone":3},{"angle":0.0,"building":0,"builtAt":0.0,"edge":-1,"offsetX":0.0,"offsetZ":0.0,"x":24296.0,"z":23752.0,"zone":3},{"angle":-2.460118055343628,"building":3,"builtAt":0.0,"edge":13968,"offsetX":1.0539374351501465,"offsetZ":0.6009067893028259,"x":24312.0,"z":23752.0,"zone":3},{"angle":0.0,"building":0,"builtAt":0.0,"edge":-1,"offsetX":0.0,"offsetZ":0.0,"x":24328.0,"z":23752.0,"zone":3},{"angle":2.252286911010742,"building":2,"builtAt":0.0,"edge":13967,"offsetX":-4.31481409072876,"offsetZ":-3.4959464073181152,"x":24344.0,"z":23752.0,"zone":3},{"angle":0.0,"building":0,"builtAt":0.0,"edge":-1,"offsetX":0.0,"offsetZ":0.0,"x":24360.0,"z":23752.0,"zone":3},{"angle":0.0,"building":0,"builtAt":0.0,"edge":-1,"offsetX":0.0,"offsetZ":0.0,"x":24376.0,"z":23752.0,"zone":3},{"angle":0.0,"building":0,"builtAt":0.0,"edge":-1,"offsetX":0.0,"offsetZ":0.0,"x":24120.0,"z":23768.0,"zone":4},{"angle":-2.4601643085479736,"building":3,"builtAt":0.0,"edge":13279,"offsetX":-0.5097224712371826,"offsetZ":5.789901256561279,"x":24136.0,"z":23768.0,"zone":4},{"angle":2.252201795578003,"building":5,"builtAt":0.0,"edge":13865,"offsetX":7.266538143157959,"offsetZ":-1.437010645866394,"x":24152.0,"z":23768.0,"zone":4},{"angle":0.0,"building":0,"builtAt":0.0,"edge":-1,"offsetX":0.0,"offsetZ":0.0,"x":24168.0,"z":23768.0,"zone":4},{"angle":0.0,"building":0,"builtAt":0.0,"edge":-1,"offsetX":0.0,"offsetZ":0.0,"x":24184.0,"z":23768.0,"zone":4},{"angle":-2.460141181945801,"building":6,"builtAt":0.0,"edge":13915,"offsetX":-1.9083888530731201,"offsetZ":3.5614821910858154,"x":24200.0,"z":23768.0,"zone":4},{"angle":0.6814509034156799,"building":3,"builtAt":0.0,"edge":13298,"offsetX":-0.21406996250152588,"offsetZ":-6.242576599121094,"x":24216.0,"z":23768.0,"zone":4},{"angle":0.6814495921134949,"building":5,"builtAt":0.0,"edge":13298,"offsetX":-2.8850762844085693,"offsetZ":3.6434693336486816,"x":24232.0,"z":23768.0,"zone":4},{"angle":0.0,"building":0,"builtAt":0.0,"edge":-1,"offsetX":0.0,"offsetZ":0.0,"x":24248.0,"z":23768.0,"zone":3},{"angle":0.0,"building":0,"builtAt":0.0,"edge":-1,"offsetX":0.0,"offsetZ":0.0,"x":24264.0,"z":23768.0,"zone":3},{"angle":-0.8893424272537231,"building":2,"builtAt":0.0,"edge":13918,"offsetX":-1.1172178983688354,"offsetZ":-2.1888198852539063,"x":24280.0,"z":23768.0,"zone":3},{"angle":0.6814746260643005,"building":22,"builtAt":0.0,"edge":13968,"offsetX":3.9526541233062744,"offsetZ":0.7533313035964966,"x":24296.0,"z":23768.0,"zone":3},{"angle":0.0,"building":0,"builtAt":0.0,"edge":-1,"offsetX":0.0,"offsetZ":0.0,"x":24312.0,"z":23768.0,"zone":3},{"angle":2.2522470951080322,"building":22,"builtAt":0.0,"edge":13967,"offsetX":-0.984815239906311,"offsetZ":-4.811115741729736,"x":24328.0,"z":23768.0,"zone":3},{"angle":0.0,"building":0,"builtAt":0.0,"edge":-1,"offsetX":0.0,"offsetZ":0.0,"x":24344.0,"z":23768.0,"zone":3},{"angle":-0.889305830001831,"building":2,"builtAt":0.0,"edge":13967,"offsetX":-4.502233505249023,"offsetZ":-6.669894695281982,"x":24360.0,"z":23768.0,"zone":3},{"angle":0.0,"building":0,"builtAt":0.0,"edge":-1,"offsetX":0.0,"offsetZ":0.0,"x":24376.0,"z":23768.0,"zone":3},{"angle":0.0,"building":0,"builtAt":0.0,"edge":-1,"offsetX":0.0,"offsetZ":0.0,"x":24120.0,"z":23784.0,"zone":4},{"angle":0.0,"building":0,"builtAt":0.0,"edge":-1,"offsetX":0.0,"offsetZ":0.0,"x":24136.0,"z":23784.0,"zone":4},{"angle":0.0,"building":0,"builtAt":0.0,"edge":-1,"offsetX":0.0,"offsetZ":0.0,"x":24152.0,"z":23784.0,"zone":4},{"angle":0.0,"building":0,"builtAt":0.0,"edge":-1,"offsetX":0.0,"offsetZ":0.0,"x":24168.0,"z":23784.0,"zone":4},{"angle":0.6814515590667725,"building":3,"builtAt":0.0,"edge":13915,"offsetX":0.6662012934684753,"offsetZ":4.1142988204956055,"x":24184.0,"z":23784.0,"zone":4},{"angle":0.0,"building":0,"builtAt":0.0,"edge":-1,"offsetX":0.0,"offsetZ":0.0,"x":24200.0,"z":23784.0,"zone":4},{"angle":-2.4601402282714844,"building":5,"builtAt":0.0,"edge":13915,"offsetX":1.0855140686035156,"offsetZ":3.8696911334991455,"x":24216.0,"z":23784.0,"zone":4},{"angle":0.0,"building":0,"builtAt":0.0,"edge":-1,"offsetX":0.0,"offsetZ":0.0,"x":24232.0,"z":23784.0,"zone":3},{"angle":0.0,"building":0,"builtAt":0.0,"edge":-1,"offsetX":0.0,"offsetZ":0.0,"x":24248.0,"z":23784.0,"zone":3},{"angle":0.0,"building":0,"builtAt":0.0,"edge":-1,"offsetX":0.0,"offsetZ":0.0,"x":24264.0,"z":23784.0,"zone":3},{"angle":-2.460134506225586,"building":22,"builtAt":0.0,"edge":13299,"offsetX":7.200653076171875,"offsetZ":-1.6011860370635986,"x":24280.0,"z":23784.0,"zone":3},{"angle":0.0,"building":0,"builtAt":0.0,"edge":-1,"offsetX":0.0,"offsetZ":0.0,"x":24296.0,"z":23784.0,"zone":3},{"angle":2.2522799968719482,"building":1,"builtAt":0.0,"edge":13966,"offsetX":1.7720768451690674,"offsetZ":-2.303173542022705,"x":24312.0,"z":23784.0,"zone":3},{"angle":0.0,"building":0,"builtAt":0.0,"edge":-1,"offsetX":0.0,"offsetZ":0.0,"x":24328.0,"z":23784.0,"zone":3},{"angle":-0.8893455266952515,"building":22,"builtAt":0.0,"edge":13967,"offsetX":-0.24460305273532867,"offsetZ":-7.233736991882324,"x":24344.0,"z":23784.0,"zone":3},{"angle":-0.8893455266952515,"building":2,"builtAt":0.0,"edge":13967,"offsetX":-6.769355297088623,"offsetZ":0.45129290223121643,"x":24360.0,"z":23784.0,"zone":3},{"angle":0.0,"building":0,"builtAt":0.0,"edge":-1,"offsetX":0.0,"offsetZ":0.0,"x":24376.0,"z":23784.0,"zone":3},{"angle":0.0,"building":0,"builtAt":0.0,"edge":-1,"offsetX":0.0,"offsetZ":0.0,"x":24120.0,"z":23800.0,"zone":4},{"angle":0.6814245581626892,"building":6,"builtAt":0.0,"edge":13279,"offsetX":-8.263826370239258,"offsetZ":2.9965758323669434,"x":24136.0,"z":23800.0,"zone":4},{"angle":0.0,"building":0,"builtAt":0.0,"edge":-1,"offsetX":0.0,"offsetZ":0.0,"x":24152.0,"z":23800.0,"zone":4},{"angle":-2.460118055343628,"building":5,"builtAt":0.0,"edge":13280,"offsetX":-4.052587032318115,"offsetZ":-2.238645076751709,"x":24168.0,"z":23800.0,"zone":4},{"angle":0.0,"building":0,"builtAt":0.0,"edge":-1,"offsetX":0.0,"offsetZ":0.0,"x":24184.0,"z":23800.0,"zone":4},{"angle":0.0,"building":0,"builtAt":0.0,"edge":-1,"offsetX":0.0,"offsetZ":0.0,"x":24200.0,"z":23800.0,"zone":4},{"angle":0.0,"building":0,"builtAt":0.0,"edge":-1,"offsetX":0.0,"offsetZ":0.0,"x":24216.0,"z":23800.0,"zone":4},{"angle":0.0,"building":0,"builtAt":0.0,"edge":-1,"offsetX":0.0,"offsetZ":0.0,"x":24232.0,"z":23800.0,"zone":3},{"angle":-0.8893441557884216,"building":1,"builtAt":0.0,"edge":13914,"offsetX":2.38733172416687,"offsetZ":-0.28208062052726746,"x":24248.0,"z":23800.0,"zone":3},{"angle":0.681458055973053,"building":22,"builtAt":0.0,"edge":13299,"offsetX":5.44960880279541,"offsetZ":4.2846174240112305,"x":24264.0,"z":23800.0,"zone":3},{"angle":0.0,"building":0,"builtAt":0.0,"edge":-1,"offsetX":0.0,"offsetZ":0.0,"x":24280.0,"z":23800.0,"zone":3},{"angle":-2.4601528644561768,"building":2,"builtAt":0.0,"edge":13299,"offsetX":2.685356378555298,"offsetZ":-7.56892204284668,"x":24296.0,"z":23800.0,"zone":3},{"angle":-0.8893820643424988,"building":2,"builtAt":0.0,"edge":13966,"offsetX":6.448911666870117,"offsetZ":6.947901248931885,"x":24312.0,"z":23800.0,"zone":3},{"angle":-0.8893126845359802,"building":1,"builtAt":0.0,"edge":13966,"offsetX":0.3708116114139557,"offsetZ":-6.461874008178711,"x":24328.0,"z":23800.0,"zone":3},{"angle":-0.8893126845359802,"building":2,"builtAt":0.0,"edge":13966,"offsetX":-7.124991416931152,"offsetZ":0.436034619808197,"x":24344.0,"z":23800.0,"zone":3},{"angle":0.0,"building":0,"builtAt":0.0,"edge":-1,"offsetX":0.0,"offsetZ":0.0,"x":24360.0,"z":23800.0,"zone":3},{"angle":2.2522425651550293,"building":22,"builtAt":0.0,"edge":12975,"offsetX":2.1745519638061523,"offsetZ":5.092523574829102,"x":24376.0,"z":23800.0,"zone":3},{"angle":0.0,"building":0,"builtAt":0.0,"edge":-1,"offsetX":0.0,"offsetZ":0.0,"x":24120.0,"z":23816.0,"zone":4},{"angle":0.0,"building":0,"builtAt":0.0,"edge":-1,"offsetX":0.0,"offsetZ":0.0,"x":24136.0,"z":23816.0,"zone":4},{"angle":0.681474506855011,"building":3,"builtAt":0.0,"edge":13280,"offsetX":-5.007899761199951,"offsetZ":2.665374994277954,"x":24152.0,"z":23816.0,"zone":4},{"angle":0.0,"building":0,"builtAt":0.0,"edge":-1,"offsetX":0.0,"offsetZ":0.0,"x":24168.0,"z":23816.0,"zone":4},{"angle":0.0,"building":0,"builtAt":0.0,"edge":-1,"offsetX":0.0,"offsetZ":0.0,"x":24184.0,"z":23816.0,"zone":4},{"angle":2.2522544860839844,"building":5,"builtAt":0.0,"edge":13913,"offsetX":-3.4997942447662354,"offsetZ":-3.5718746185302734,"x":24200.0,"z":23816.0,"zone":4},{"angle":0.0,"building":0,"builtAt":0.0,"edge":-1,"offsetX":0.0,"offsetZ":0.0,"x":24216.0,"z":23816.0,"zone":3},{"angle":0.0,"building":0,"builtAt":0.0,"edge":-1,"offsetX":0.0,"offsetZ":0.0,"x":24232.0,"z":23816.0,"zone":3},{"angle":-2.460146903991699,"building":1,"builtAt":0.0,"edge":13965,"offsetX":-4.702062606811523,"offsetZ":-5.03186559677124,"x":24248.0,"z":23816.0,"zone":3},{"angle":-2.460153579711914,"building":2,"builtAt":0.0,"edge":13965,"offsetX":-6.684779644012451,"offsetZ":5.3215813636779785,"x":24264.0,"z":23816.0,"zone":3},{"angle":0.6814397573471069,"building":2,"builtAt":0.0,"edge":13299,"offsetX":1.6340430974960327,"offsetZ":-2.545053482055664,"x":24280.0,"z":23816.0,"zone":3},{"angle":0.0,"building":0,"builtAt":0.0,"edge":-1,"offsetX":0.0,"offsetZ":0.0,"x":24296.0,"z":23816.0,"zone":3},{"angle":0.0,"building":0,"builtAt":0.0,"edge":-1,"offsetX":0.0,"offsetZ":0.0,"x":24312.0,"z":23816.0,"zone":3},{"angle":0.0,"building":0,"builtAt":0.0,"edge":-1,"offsetX":0.0,"offsetZ":0.0,"x":24328.0,"z":23816.0,"zone":3},{"angle":0.0,"building":0,"builtAt":0.0,"edge":-1,"offsetX":0.0,"offsetZ":0.0,"x":24344.0,"z":23816.0,"zone":3},{"angle":-2.4601523876190186,"building":1,"builtAt":0.0,"edge":13300,"offsetX":-1.480333924293518,"offsetZ":6.839914798736572,"x":24360.0,"z":23816.0,"zone":3},{"angle":0.0,"building":0,"builtAt":0.0,"edge":-1,"offsetX":0.0,"offsetZ":0.0,"x":24376.0,"z":23816.0,"zone":3},{"angle":-0.8893335461616516,"building":6,"builtAt":0.0,"edge":12905,"offsetX":8.369619369506836,"offsetZ":7.637101173400879,"x":24120.0,"z":23832.0,"zone":4},{"angle":-0.8893336653709412,"building":5,"builtAt":0.0,"edge":12905,"offsetX":1.0052577257156372,"offsetZ":-4.226216793060303,"x":24136.0,"z":23832.0,"zone":4},{"angle":0.0,"building":0,"builtAt":0.0,"edge":-1,"offsetX":0.0,"offsetZ":0.0,"x":24152.0,"z":23832.0,"zone":4},{"angle":0.6814512610435486,"building":5,"builtAt":0.0,"edge":13280,"offsetX":-7.015697956085205,"offsetZ":-2.9103903770446777,"x":24168.0,"z":23832.0,"zone":4},{"angle":0.0,"building":0,"builtAt":0.0,"edge":-1,"offsetX":0.0,"offsetZ":0.0,"x":24184.0,"z":23832.0,"zone":3},{"angle":0.0,"building":0,"builtAt":0.0,"edge":-1,"offsetX":0.0,"offsetZ":0.0,"x":24200.0,"z":23832.0,"zone":3},{"angle":-0.8893382549285889,"building":2,"builtAt":0.0,"edge":13913,"offsetX":7.370224475860596,"offsetZ":2.221745729446411,"x":24216.0,"z":23832.0,"zone":3},{"angle":0.6814456582069397,"building":2,"builtAt":0.0,"edge":13965,"offsetX":0.0811879113316536,"offsetZ":-7.202043533325195,"x":24232.0,"z":23832.0,"zone":3},{"angle":0.6814391613006592,"building":22,"builtAt":0.0,"edge":13965,"offsetX":-2.7888317108154297,"offsetZ":4.245611190795898,"x":24248.0,"z":23832.0,"zone":3},{"angle":-2.4601383209228516,"building":2,"builtAt":0.0,"edge":13965,"offsetX":6.860041618347168,"offsetZ":0.25982865691185,"x":24264.0,"z":23832.0,"zone":3},{"angle":0.0,"building":0,"builtAt":0.0,"edge":-1,"offsetX":0.0,"offsetZ":0.0,"x":24280.0,"z":23832.0,"zone":3},{"angle":-0.889312744140625,"building":2,"builtAt":0.0,"edge":13964,"offsetX":3.954041004180908,"offsetZ":-2.263199806213379,"x":24296.0,"z":23832.0,"zone":3},{"angle":0.0,"building":0,"builtAt":0.0,"edge":-1,"offsetX":0.0,"offsetZ":0.0,"x":24312.0,"z":23832.0,"zone":3},{"angle":0.0,"building":0,"builtAt":0.0,"edge":-1,"offsetX":0.0,"offsetZ":0.0,"x":24328.0,"z":23832.0,"zone":3},{"angle":-2.4601523876190186,"building":3,"builtAt":0.0,"edge":13300,"offsetX":6.677258491516113,"offsetZ":0.5094102621078491,"x":24344.0,"z":23832.0,"zone":3},{"angle":0.0,"building":0,"builtAt":0.0,"edge":-1,"offsetX":0.0,"offsetZ":0.0,"x":24360.0,"z":23832.0,"zone":3},{"angle":-0.8893610239028931,"building":1,"builtAt":0.0,"edge":12975,"offsetX":5.940396785736084,"offsetZ":0.885206937789917,"x":24376.0,"z":23832.0,"zone":3},{"angle":-0.8893309235572815,"building":5,"builtAt":0.0,"edge":12905,"offsetX":-1.4291815757751465,"offsetZ":2.5570321083068848,"x":24120.0,"z":23848.0,"zone":4},{"angle":-2.460141658782959,"building":22,"builtAt":0.0,"edge":13263,"offsetX":4.917278289794922,"offsetZ":4.317948818206787,"x":24136.0,"z":23848.0,"zone":4},{"angle":0.0,"building":0,"builtAt":0.0,"edge":-1,"offsetX":0.0,"offsetZ":0.0,"x":24152.0,"z":23848.0,"zone":4},{"angle":2.252253532409668,"building":2,"builtAt":0.0,"edge":12929,"offsetX":3.917691469192505,"offsetZ":-4.106988906860352,"x":24168.0,"z":23848.0,"zone":3},{"angle":0.0,"building":0,"builtAt":0.0,"edge":-1,"offsetX":0.0,"offsetZ":0.0,"x":24184.0,"z":23848.0,"zone":3},{"angle":0.0,"building":0,"builtAt":0.0,"edge":-1,"offsetX":0.0,"offsetZ":0.0,"x":24200.0,"z":23848.0,"zone":3},{"angle":-2.4601595401763916,"building":1,"builtAt":0.0,"edge":13281,"offsetX":1.5349116325378418,"offsetZ":-5.021668910980225,"x":24216.0,"z":23848.0,"zone":3},{"angle":-2.4601502418518066,"building":2,"builtAt":0.0,"edge":13281,"offsetX":-1.4731359481811523,"offsetZ":4.506253242492676,"x":24232.0,"z":23848.0,"zone":3},{"angle":0.0,"building":0,"builtAt":0.0,"edge":-1,"offsetX":0.0,"offsetZ":0.0,"x":24248.0,"z":23848.0,"zone":3},{"angle":2.25219988822937,"building":2,"builtAt":0.0,"edge":13963,"offsetX":-5.5043511390686035,"offsetZ":0.6997568011283875,"x":24264.0,"z":23848.0,"zone":3},{"angle":0.0,"building":0,"builtAt":0.0,"edge":-1,"offsetX":0.0,"offsetZ":0.0,"x":24280.0,"z":23848.0,"zone":3},{"angle":-0.8893073201179504,"building":9,"builtAt":0.0,"edge":13964,"offsetX":-7.772511005401611,"offsetZ":-4.036646366119385,"x":24296.0,"z":23848.0,"zone":3},{"angle":0.6814513802528381,"building":2,"builtAt":0.0,"edge":13300,"offsetX":6.445250511169434,"offsetZ":-4.565215587615967,"x":24312.0,"z":23848.0,"zone":3},{"angle":0.6814402341842651,"building":1,"builtAt":0.0,"edge":13300,"offsetX":4.994560241699219,"offsetZ":6.311740875244141,"x":24328.0,"z":23848.0,"zone":3},{"angle":0.0,"building":0,"builtAt":0.0,"edge":-1,"offsetX":0.0,"offsetZ":0.0,"x":24344.0,"z":23848.0,"zone":3},{"angle":0.0,"building":0,"builtAt":0.0,"edge":-1,"offsetX":0.0,"offsetZ":0.0,"x":24360.0,"z":23848.0,"zone":3},{"angle":-2.460163116455078,"building":1,"builtAt":0.0,"edge":13301,"offsetX":-2.968886137008667,"offsetZ":5.472465991973877,"x":24376.0,"z":23848.0,"zone":3},{"angle":0.0,"building":0,"builtAt":0.0,"edge":-1,"offsetX":0.0,"offsetZ":0.0,"x":24120.0,"z":23864.0,"zone":3},{"angle":-2.460141658782959,"building":22,"builtAt":0.0,"edge":13263,"offsetX":-3.0827133655548096,"offsetZ":-1.8184751272201538,"x":24136.0,"z":23864.0,"zone":3},{"angle":2.252227306365967,"building":1,"builtAt":0.0,"edge":12929,"offsetX":0.513929009437561,"offsetZ":4.960330963134766,"x":24152.0,"z":23864.0,"zone":3},{"angle":2.2522449493408203,"building":2,"builtAt":0.0,"edge":12929,"offsetX":-6.07537317276001,"offsetZ":-7.8087944984436035,"x":24168.0,"z":23864.0,"zone":3},{"angle":0.0,"building":0,"builtAt":0.0,"edge":-1,"offsetX":0.0,"offsetZ":0.0,"x":24184.0,"z":23864.0,"zone":3},{"angle":-0.8893392086029053,"building":1,"builtAt":0.0,"edge":12929,"offsetX":-2.346407413482666,"offsetZ":0.7667375802993774,"x":24200.0,"z":23864.0,"zone":3},{"angle":0.6814424395561218,"building":1,"builtAt":0.0,"edge":13281,"offsetX":-0.7527654767036438,"offsetZ":7.345574378967285,"x":24216.0,"z":23864.0,"zone":3},{"angle":0.0,"building":0,"builtAt":0.0,"edge":-1,"offsetX":0.0,"offsetZ":0.0,"x":24232.0,"z":23864.0,"zone":3},{"angle":2.2522294521331787,"building":3,"builtAt":0.0,"edge":13963,"offsetX":-2.9162232875823975,"offsetZ":-1.1500428915023804,"x":24248.0,"z":23864.0,"zone":3},{"angle":0.0,"building":0,"builtAt":0.0,"edge":-1,"offsetX":0.0,"offsetZ":0.0,"x":24264.0,"z":23864.0,"zone":3},{"angle":-0.8893927335739136,"building":22,"builtAt":0.0,"edge":13963,"offsetX":-5.304691791534424,"offsetZ":-2.1625545024871826,"x":24280.0,"z":23864.0,"zone":3},{"angle":0.0,"building":0,"builtAt":0.0,"edge":-1,"offsetX":0.0,"offsetZ":0.0,"x":24296.0,"z":23864.0,"zone":3},{"angle":0.6814402341842651,"building":1,"builtAt":0.0,"edge":13300,"offsetX":7.199481964111328,"offsetZ":7.320732593536377,"x":24312.0,"z":23864.0,"zone":3},{"angle":0.6814402341842651,"building":2,"builtAt":0.0,"edge":13300,"offsetX":-1.9029790163040161,"offsetZ":-1.1837632656097412,"x":24328.0,"z":23864.0,"zone":3},{"angle":0.0,"building":0,"builtAt":0.0,"edge":-1,"offsetX":0.0,"offsetZ":0.0,"x":24344.0,"z":23864.0,"zone":3},{"angle":0.0,"building":0,"builtAt":0.0,"edge":-1,"offsetX":0.0,"offsetZ":0.0,"x":24360.0,"z":23864.0,"zone":3},{"angle":0.0,"building":0,"builtAt":0.0,"edge":-1,"offsetX":0.0,"offsetZ":0.0,"x":24376.0,"z":23864.0,"zone":3},{"angle":0.6814510226249695,"building":3,"builtAt":0.0,"edge":13263,"offsetX":-0.9781666994094849,"offsetZ":-0.6861004829406738,"x":24120.0,"z":23880.0,"zone":3},{"angle":0.0,"building":0,"builtAt":0.0,"edge":-1,"offsetX":0.0,"offsetZ":0.0,"x":24136.0,"z":23880.0,"zone":3},{"angle":0.0,"building":0,"builtAt":0.0,"edge":-1,"offsetX":0.0,"offsetZ":0.0,"x":24152.0,"z":23880.0,"zone":3},{"angle":0.0,"building":0,"builtAt":0.0,"edge":-1,"offsetX":0.0,"offsetZ":0.0,"x":24168.0,"z":23880.0,"zone":3},{"angle":-0.8893476724624634,"building":22,"builtAt":0.0,"edge":12929,"offsetX":4.715261936187744,"offsetZ":-2.0799789428710938,"x":24184.0,"z":23880.0,"zone":3},{"angle":-0.8893476724624634,"building":2,"builtAt":0.0,"edge":12929,"offsetX":-1.8094741106033325,"offsetZ":5.605030536651611,"x":24200.0,"z":23880.0,"zone":3},{"angle":0.6814424395561218,"building":1,"builtAt":0.0,"edge":13281,"offsetX":-7.177887916564941,"offsetZ":-0.7324435114860535,"x":24216.0,"z":23880.0,"zone":3},{"angle":0.6814351677894592,"building":22,"builtAt":0.0,"edge":13281,"offsetX":-5.124192714691162,"offsetZ":2.552527666091919,"x":24232.0,"z":23880.0,"zone":3},{"angle":0.0,"building":0,"builtAt":0.0,"edge":-1,"offsetX":0.0,"offsetZ":0.0,"x":24248.0,"z":23880.0,"zone":3},{"angle":-2.460120439529419,"building":1,"builtAt":0.0,"edge":13282,"offsetX":-0.1702347695827484,"offsetZ":0.36719614267349243,"x":24264.0,"z":23880.0,"zone":3},{"angle":0.0,"building":0,"builtAt":0.0,"edge":-1,"offsetX":0.0,"offsetZ":0.0,"x":24280.0,"z":23880.0,"zone":3},{"angle":0.0,"building":0,"builtAt":0.0,"edge":-1,"offsetX":0.0,"offsetZ":0.0,"x":24296.0,"z":23880.0,"zone":3},{"angle":0.0,"building":0,"builtAt":0.0,"edge":-1,"offsetX":0.0,"offsetZ":0.0,"x":24312.0,"z":23880.0,"zone":3},{"angle":0.0,"building":0,"builtAt":0.0,"edge":-1,"offsetX":0.0,"offsetZ":0.0,"x":24328.0,"z":23880.0,"zone":3},{"angle":0.6814295053482056,"building":2,"builtAt":0.0,"edge":13301,"offsetX":4.860622882843018,"offsetZ":3.2747409343719482,"x":24344.0,"z":23880.0,"zone":3},{"angle":0.6814295053482056,"building":2,"builtAt":0.0,"edge":13301,"offsetX":-3.769501209259033,"offsetZ":-5.812334060668945,"x":24360.0,"z":23880.0,"zone":3},{"angle":0.0,"building":0,"builtAt":0.0,"edge":-1,"offsetX":0.0,"offsetZ":0.0,"x":24376.0,"z":23880.0,"zone":3},{"angle":0.0,"building":0,"builtAt":0.0,"edge":-1,"offsetX":0.0,"offsetZ":0.0,"x":24120.0,"z":23896.0,"zone":3},{"angle":0.6814523339271545,"building":2,"builtAt":0.0,"edge":13263,"offsetX":-1.9446426630020142,"offsetZ":-6.384598731994629,"x":24136.0,"z":23896.0,"zone":3},{"angle":0.0,"building":0,"builtAt":0.0,"edge":-1,"offsetX":0.0,"offsetZ":0.0,"x":24152.0,"z":23896.0,"zone":3},{"angle":0.0,"building":0,"builtAt":0.0,"edge":-1,"offsetX":0.0,"offsetZ":0.0,"x":24168.0,"z":23896.0,"zone":3},{"angle":-0.8893652558326721,"building":2,"builtAt":0.0,"edge":12929,"offsetX":-5.706597805023193,"offsetZ":-6.131718158721924,"x":24184.0,"z":23896.0,"zone":3},{"angle":-2.460132598876953,"building":1,"builtAt":0.0,"edge":13264,"offsetX":-5.5728678703308105,"offsetZ":2.5290729999542236,"x":24200.0,"z":23896.0,"zone":3},{"angle":2.252258777618408,"building":22,"builtAt":0.0,"edge":12953,"offsetX":-0.5795812010765076,"offsetZ":4.807994365692139,"x":24216.0,"z":23896.0,"zone":3},{"angle":0.0,"building":0,"builtAt":0.0,"edge":-1,"offsetX":0.0,"offsetZ":0.0,"x":24232.0,"z":23896.0,"zone":3},{"angle":0.68147212266922,"building":2,"builtAt":0.0,"edge":13282,"offsetX":0.43848636746406555,"offsetZ":3.343026876449585,"x":24248.0,"z":23896.0,"zone":3},{"angle":0.0,"building":0,"builtAt":0.0,"edge":-1,"offsetX":0.0,"offsetZ":0.0,"x":24264.0,"z":23896.0,"zone":3},{"angle":0.0,"building":0,"builtAt":0.0,"edge":-1,"offsetX":0.0,"offsetZ":0.0,"x":24280.0,"z":23896.0,"zone":3},{"angle":-2.4601526260375977,"building":1,"builtAt":0.0,"edge":13282,"offsetX":4.047951698303223,"offsetZ":0.5160175561904907,"x":24296.0,"z":23896.0,"zone":3},{"angle":0.0,"building":0,"builtAt":0.0,"edge":-1,"offsetX":0.0,"offsetZ":0.0,"x":24312.0,"z":23896.0,"zone":3},{"angle":0.0,"building":0,"builtAt":0.0,"edge":-1,"offsetX":0.0,"offsetZ":0.0,"x":24328.0,"z":23896.0,"zone":3},{"angle":0.0,"building":0,"builtAt":0.0,"edge":-1,"offsetX":0.0,"offsetZ":0.0,"x":24344.0,"z":23896.0,"zone":3},{"angle":0.0,"building":0,"builtAt":0.0,"edge":-1,"offsetX":0.0,"offsetZ":0.0,"x":24360.0,"z":23896.0,"zone":3},{"angle":0.6814571619033813,"building":1,"builtAt":0.0,"edge":13301,"offsetX":7.092221260070801,"offsetZ":-0.9299120306968689,"x":24376.0,"z":23896.0,"zone":3}],"zonePalette":false}
[174.963s] [TravelCost] frame=16426 total=1181.71 terrain=5.68 road=5.48 parts=0.00 node=0.00 marks=0.00 furniture=0.00 fallback=0.00 edges=0 nodes=0
[175.063s] [TravelCost] frame=16427 total=1167.02 terrain=3.77 road=7.03 parts=0.00 node=0.00 marks=0.00 furniture=0.00 fallback=0.00 edges=0 nodes=0
[175.163s] [Streaming] terrain workerMs=375.19 uploadTotalMs=14.77 maxFrameUploadMs=8.68 uploadFrames=4
[175.163s] [LandscapeStreaming] key=98784247827 terrainMs=309.93 masksMs=5.11 patchesMs=59.79 woodlandMs=0.00 landscapeVertices=164834 landscapeTriangles=69958
[175.163s] [TravelCost] frame=16428 total=1224.02 terrain=4.25 road=6.82 parts=0.00 node=0.00 marks=0.00 furniture=0.00 fallback=0.00 edges=0 nodes=0
[175.263s] [Streaming] terrain workerMs=5.18 uploadTotalMs=0.99 maxFrameUploadMs=0.99 uploadFrames=1
[175.263s] [LandscapeStreaming] key=103079215123 terrainMs=3.67 masksMs=0.41 patchesMs=1.08 woodlandMs=0.00 landscapeVertices=5524 landscapeTriangles=2718
[175.263s] [TravelCost] frame=16429 total=1894.42 terrain=4.21 road=6.96 parts=0.00 node=0.00 marks=0.00 furniture=0.00 fallback=0.00 edges=0 nodes=0
[175.363s] [TravelCost] frame=16430 total=1903.37 terrain=9.05 road=6.81 parts=0.00 node=0.00 marks=0.00 furniture=0.00 fallback=0.00 edges=0 nodes=0
[175.463s] [TravelCost] frame=16431 total=1179.83 terrain=4.27 road=6.99 parts=0.00 node=0.00 marks=0.00 furniture=0.00 fallback=0.00 edges=0 nodes=0
[175.563s] [Streaming] terrain workerMs=301.94 uploadTotalMs=10.69 maxFrameUploadMs=6.79 uploadFrames=3
[175.563s] [LandscapeStreaming] key=94489280531 terrainMs=262.59 masksMs=5.85 patchesMs=33.23 woodlandMs=0.00 landscapeVertices=101855 landscapeTriangles=42999
[175.563s] [TravelCost] frame=16432 total=1180.96 terrain=4.55 road=6.91 parts=0.00 node=0.00 marks=0.00 furniture=0.00 fallback=0.00 edges=0 nodes=0
[175.663s] [Streaming] terrain workerMs=0.91 uploadTotalMs=0.28 maxFrameUploadMs=0.28 uploadFrames=1
[175.663s] [LandscapeStreaming] key=85899345940 terrainMs=0.91 masksMs=0.00 patchesMs=0.00 woodlandMs=0.00 landscapeVertices=0 landscapeTriangles=0
[175.663s] [TravelCost] frame=16433 total=1900.57 terrain=3.47 road=7.02 parts=0.00 node=0.00 marks=0.00 furniture=0.00 fallback=0.00 edges=0 nodes=0
[175.763s] [Streaming] terrain workerMs=1.70 uploadTotalMs=0.29 maxFrameUploadMs=0.29 uploadFrames=1
[175.763s] [LandscapeStreaming] key=107374182419 terrainMs=0.91 masksMs=0.76 patchesMs=0.00 woodlandMs=0.00 landscapeVertices=0 landscapeTriangles=0
[175.763s] [TravelCost] frame=16434 total=1949.37 terrain=3.41 road=7.02 parts=0.00 node=0.00 marks=0.00 furniture=0.00 fallback=0.00 edges=0 nodes=0
[175.863s] [Streaming] terrain workerMs=0.95 uploadTotalMs=0.38 maxFrameUploadMs=0.38 uploadFrames=1
[175.863s] [LandscapeStreaming] key=90194313235 terrainMs=0.95 masksMs=0.00 patchesMs=0.00 woodlandMs=0.00 landscapeVertices=0 landscapeTriangles=0
[175.863s] [TravelCost] frame=16435 total=1871.48 terrain=3.61 road=7.08 parts=0.00 node=0.00 marks=0.00 furniture=0.00 fallback=0.00 edges=0 nodes=0
[175.963s] [Streaming] terrain workerMs=1.62 uploadTotalMs=0.32 maxFrameUploadMs=0.32 uploadFrames=1
[175.963s] [LandscapeStreaming] key=111669149715 terrainMs=0.84 masksMs=0.75 patchesMs=0.00 woodlandMs=0.00 landscapeVertices=0 landscapeTriangles=0
[175.963s] [TravelCost] frame=16436 total=1866.90 terrain=3.60 road=6.99 parts=0.00 node=0.00 marks=0.00 furniture=0.00 fallback=0.00 edges=0 nodes=0
[176.063s] [Streaming] terrain workerMs=0.91 uploadTotalMs=0.37 maxFrameUploadMs=0.37 uploadFrames=1
[176.063s] [LandscapeStreaming] key=85899345939 terrainMs=0.91 masksMs=0.00 patchesMs=0.00 woodlandMs=0.00 landscapeVertices=0 landscapeTriangles=0
[176.063s] [TravelCost] frame=16437 total=1905.79 terrain=2.20 road=7.08 parts=0.00 node=0.00 marks=0.00 furniture=0.00 fallback=0.00 edges=0 nodes=0
[176.163s] [Streaming] terrain workerMs=21.49 uploadTotalMs=0.72 maxFrameUploadMs=0.72 uploadFrames=1
[176.163s] [LandscapeStreaming] key=115964117011 terrainMs=18.56 masksMs=0.94 patchesMs=1.94 woodlandMs=0.00 landscapeVertices=5703 landscapeTriangles=2871
[176.163s] [TravelCost] frame=16438 total=1869.31 terrain=2.54 road=6.79 parts=0.00 node=0.00 marks=0.00 furniture=0.00 fallback=0.00 edges=0 nodes=0
[176.263s] [TravelCost] frame=16439 total=1887.79 terrain=1.68 road=7.28 parts=0.00 node=0.00 marks=0.00 furniture=0.00 fallback=0.00 edges=0 nodes=0
[176.363s] [LocationHover] world=(24288.384765625, 23758.1953125) place=葦草市 road=生活道路
[176.363s] [TravelCost] frame=16440 total=1213.75 terrain=1.90 road=7.05 parts=0.00 node=0.00 marks=0.00 furniture=0.00 fallback=0.00 edges=0 nodes=0
[176.463s] [TravelCost] frame=16441 total=1155.21 terrain=1.71 road=5.66 parts=0.00 node=0.00 marks=0.00 furniture=0.00 fallback=0.00 edges=0 nodes=0
[176.563s] [TravelCost] frame=16442 total=1168.66 terrain=1.97 road=7.25 parts=0.00 node=0.00 marks=0.00 furniture=0.00 fallback=0.00 edges=0 nodes=0
[176.663s] [HudStats] updateMs=2.64 housing=315937
[176.663s] [TravelCost] frame=16443 total=1184.04 terrain=2.06 road=5.34 parts=0.00 node=0.00 marks=0.00 furniture=0.00 fallback=0.00 edges=0 nodes=0
[176.663s] [PlaytestInput] frame=16443 key=R
[176.663s] [PlaytestState] {"cameraMode":0,"commandId":2,"commandInput":"","commandMessage":"","commandPalette":false,"cursorX":400,"cursorY":322,"development":{"completed":0,"count":0},"draftMessage":"","draftPoints":0,"draftValid":false,"driving":false,"editMode":1,"eyeY":127.85540962219238,"focusX":24252.0,"focusY":32.575355529785156,"focusZ":23772.0,"focused":true,"fps":0.8456609559182313,"fpsGraph":false,"frame":16443,"funds":30.0,"gameHour":8.039999961853027,"income":30.30898,"localMapCenter":[24252.0,23772.0],"localMapHeadingUp":false,"localMapSpan":2000.0,"logicMs":0.015,"maintenance":22.71789867024176,"map":false,"mapBuilds":1,"mapContext":false,"mapCustomPixelShader":false,"mapX":24252.0,"mapZ":23772.0,"mapZoom":4.0,"nearbyRoads":[{"id":13765,"length":50.096553802490234,"open":true,"points":[[24184.24609375,37.4201545715332,23402.494140625],[24186.875701653287,37.40728381084992,23399.251700376903],[24189.505321628036,37.39441322377609,23396.009269413647],[24192.13495535041,37.38154279538986,23392.76685086862],[24194.764607319616,37.3686724969565,23389.524444394105],[24197.39427686403,37.35580232505256,23386.28205601808],[24200.023969426198,37.34293224633382,23383.03968422982],[24202.653686687965,37.3300622458652,23379.797332155933],[24205.28343221296,37.31719229950511,23376.55500060337],[24207.913208624905,37.3043223877148,23373.312691538697],[24210.54301290479,37.29145251857272,23370.070413886242],[24213.172855200828,37.27858263572094,23366.82816033748],[24215.802734375,37.26571273803711,23363.5859375]],"width":6.839999675750732},{"id":12848,"length":75.3116455078125,"open":true,"points":[[24084.107421875,37.087406158447266,23525.958984375],[24088.060467116073,37.16626111068103,23521.08506040685],[24092.013515184633,37.24511625176747,23516.21113973381],[24095.96657208912,37.323971675073395,23511.33722172911],[24099.919638182968,37.40282736116019,23506.46331273845],[24103.872715586796,37.481683325840706,23501.58941692878],[24107.825811369345,37.5605396836325,23496.71553236658],[24111.778925530612,37.63939640804538,23491.841665833912],[24115.732066553086,37.718253641796956,23486.96781365497],[24119.685233023018,37.79711133019375,23482.09398435553],[24123.638427767906,37.87596950314544,23477.220181232686],[24127.591653615236,37.95482819056031,23472.346407583984],[24131.544921875,38.033687591552734,23467.47265625]],"width":6.839999675750732},{"id":13803,"length":42.66592788696289,"open":true,"points":[[24030.35546875,36.810420989990234,23592.232421875],[24032.595074936515,36.82196156057961,23589.47091519256],[24034.834717167832,36.83350218446301,23586.7094386571],[24037.07439424246,36.84504288193082,23583.947986972722],[24039.31409935193,36.85658364438469,23581.18656175571],[24041.553831294757,36.86812449212058,23578.425157708254],[24043.793586466458,36.87966543305448,23575.663772494532],[24046.033362464048,36.89120648129518,23572.902402296728],[24048.27315287956,36.902747630316185,23570.14104823402],[24050.51295771298,36.91428890661078,23567.37970352492],[24052.75277215836,36.92583031190877,23564.61836731265],[24054.992594613694,36.937371864449794,23561.857034790108],[24057.232421875,36.94891357421875,23559.095703125]],"width":6.839999675750732},{"id":12846,"length":67.05158233642578,"open":true,"points":[[23932.33984375,36.665016174316406,23713.080078125],[23935.859602655484,36.65745122294311,23708.740449793775],[23939.37936581846,36.649886408187065,23704.400825228724],[23942.8991291114,36.64232170975856,23700.06119957648],[23946.418888408632,36.63475710736793,23695.721567982335],[23949.938637068397,36.627192586136054,23691.381928694373],[23953.458367820655,36.61962813253649,23687.042280735826],[23956.978079690016,36.6120637195163,23682.70261536913],[23960.497765407727,36.60449933354903,23678.36293161607],[23964.01741896398,36.596934958402926,23674.023226945996],[23967.537046936166,36.58937055079332,23669.683483307534],[23971.056630726198,36.581806121541376,23665.343713689967],[23974.576171875,36.574241638183594,23661.00390625]],"width":6.839999675750732},{"id":13798,"length":43.819332122802734,"open":true,"points":[[23877.13671875,35.95730972290039,23781.14453125],[23879.43667615991,35.98679878586915,23778.30845421157],[23881.736678975623,36.01628748771652,23775.472413177602],[23884.036723496563,36.04577588123472,23772.636404344812],[23886.336802732694,36.075263977032684,23769.800427966748],[23888.636915658204,36.10475186217441,23766.964476943947],[23890.937058780375,36.134239592086665,23764.12854721956],[23893.237225316567,36.16372718001316,23761.292638793584],[23895.537410952373,36.193214670834266,23758.4567486234],[23897.837613841682,36.22270214106757,23755.620870623734],[23900.13782884821,36.25218962504794,23752.785002766177],[23902.438054126484,36.28167719929376,23749.949138965458],[23904.73828125,36.31116485595703,23747.11328125]],"width":6.839999675750732},{"id":12828,"length":75.30938720703125,"open":true,"points":[[24013.26953125,37.10893249511719,23468.50390625],[24017.222511742268,37.1708810068476,23463.63006072069],[24021.175491108555,37.232829739645666,23458.756215],[24025.128469283103,37.29477877226197,23453.88236758934],[24029.081446199918,37.35672818344729,23449.00851699034],[24033.034417904953,37.41867799102468,23444.13466649836],[24036.987388219233,37.480628334671515,23439.260809822343],[24040.94035601517,37.542579276520016,23434.386946772516],[24044.893314509874,37.60453079007914,23429.51308413177],[24048.846263988315,37.666482959633385,23424.63921996844],[24052.799211802725,37.72843598024197,23419.765343636907],[24056.75214834066,37.790389781096486,23414.89146540829],[24060.705078125,37.85234451293945,23410.017578125]],"width":11.699999809265137},{"id":12827,"length":85.33165740966797,"open":true,"points":[[23959.517578125,36.91480255126953,23534.77734375],[23963.996674585433,36.93097999515878,23529.254367616777],[23968.475848849805,36.94715758307664,23523.731455351623],[23972.95509053209,36.96333527551393,23518.20859783474],[23977.434389246013,36.97951303296118,23512.68578594618],[23981.913732602752,36.99569080867683,23507.163013034788],[23986.393113820086,37.01186857616892,23501.64026553667],[23990.87251490219,37.02804626844681,23496.11754371365],[23995.35193707665,37.044223887947325,23490.594824126943],[23999.831360745695,37.060401361895565,23485.072109014116],[24004.31076631146,37.07657861751818,23479.549400613523],[24008.790166215997,37.09275569775327,23474.02666166201],[24013.26953125,37.10893249511719,23468.50390625]],"width":11.699999809265137},{"id":13709,"length":44.274784088134766,"open":true,"points":[[23903.73828125,37.11899185180664,23603.55078125],[23906.062333638198,37.11048459153696,23600.68521746723],[23908.386348553508,37.10197722021235,23597.81962305773],[23910.71033726955,37.09346974619996,23594.95400762107],[23913.03431023004,37.08496218090954,23592.088381782087],[23915.35827933422,37.07645453042631,23589.222754372517],[23917.68226146896,37.06794678257984,23586.3571280755],[23920.00626105515,37.059438970838755,23583.49152094687],[23922.33029082559,37.050931098245655,23580.625940794293],[23924.654361020206,37.04242317697094,23577.760398499933],[23926.9784885285,37.03391519484421,23574.89489674798],[23929.302681929003,37.02540717012107,23572.02944847039],[23931.626953125,37.01689910888672,23569.1640625]],"width":11.699999809265137},{"id":12825,"length":67.05155181884766,"open":true,"points":[[23861.5,37.06214904785156,23655.626953125],[23865.019852805905,37.06688577552947,23651.287268684824],[23868.53966801083,37.07162254386452,23646.947553776536],[23872.059456972547,37.07635934989213,23642.607817897562],[23875.579231049614,37.08109619064771,23638.26807054566],[23879.099003804145,37.08583306613127,23633.928318502767],[23882.618783134385,37.09056996871959,23629.588575535163],[23886.138582603602,37.095306898412666,23625.248848425177],[23889.658413257974,37.10004385182243,23620.909147059323],[23893.178288661627,37.10478082894883,23616.569478220266],[23896.698217343874,37.10951782301572,23612.229854898615],[23900.218207834067,37.114254827246896,23607.890290084742],[23903.73828125,37.11899185180664,23603.55078125]],"width":11.699999809265137},{"id":12863,"length":95.55066680908203,"open":true,"points":[[23879.728515625,33.08394241333008,23906.271484375],[23884.744139429185,33.14690962367487,23900.08740381815],[23889.75976323336,33.20987670156497,23893.9033232613],[23894.775388831273,33.272843696010014,23887.71924049285],[23899.791012635458,33.33581058846346,23881.535159936],[23904.80663823336,33.398777450453714,23875.35107716755],[23909.822263831273,33.46174428595299,23869.1669943991],[23914.83788584173,33.52471107641486,23862.98291605385],[23919.85351323336,33.58767796092376,23856.7988310738],[23924.869140625,33.65064489841461,23850.61474609375],[23929.884764429185,33.713611870340856,23844.4306655369],[23934.90038823336,33.77657894823086,23838.24658498005],[23939.916015625,33.83954620361328,23832.0625]],"width":11.699999809265137},{"id":13800,"length":43.81911087036133,"open":true,"points":[[23939.916015625,33.83954620361328,23832.0625],[23942.21624357117,33.866601192475855,23829.226641270332],[23944.516467204146,33.89365621036609,23826.390779498033],[23946.816682622004,33.920711291149594,23823.554911133368],[23949.116886745254,33.94776647836784,23820.71903161239],[23951.417073203665,33.974821776858796,23817.88314042799],[23953.717239739835,34.00187723983982,23815.04723200202],[23956.017382039387,34.028932896338574,23812.211303291842],[23958.31749496488,34.05598876570684,23809.37535226904],[23960.61757502354,34.08304488664816,23806.539374876767],[23962.91761872191,34.110101297866095,23803.703367058188],[23965.217620920717,34.1371580187124,23800.86732678488],[23967.517578125,34.164215087890625,23798.03125]],"width":11.699999809265137},{"id":12865,"length":67.05329895019531,"open":true,"points":[[23995.12109375,34.48888397216797,23764.0],[23998.64062938188,34.52957832157744,23759.660190670154],[24002.160202633302,34.57027316000235,23755.320411133245],[24005.67980990219,34.61096834088757,23750.98066063098],[24009.199448845262,34.651663732229316,23746.640936851985],[24012.7191161751,34.69235919110732,23742.301238648168],[24016.23881489763,34.733054647368476,23737.961557111295],[24019.758536689937,34.77374989987762,23733.621897300804],[24023.27827826322,34.814444805714594,23729.282258068662],[24026.798036327833,34.85513922196077,23724.942638267617],[24030.317817663505,34.89583312212774,23720.603024335614],[24033.837616461224,34.936526334194355,23716.263418231687],[24037.357421875,34.97721862792969,23711.923828125]],"width":11.699999809265137},{"id":13838,"length":44.27477264404297,"open":true,"points":[[24037.357421875,34.97721862792969,23711.923828125],[24039.681514259955,34.984874387861225,23709.058298306856],[24042.005635605947,34.9925303979742,23706.19279223199],[24044.329775391227,35.0001866194645,23703.327300952984],[24046.65392309358,35.00784301352515,23700.461815520986],[24048.97806819043,35.01549954134668,23697.596326985862],[24051.302198496604,35.02315615864126,23694.730828446016],[24053.626305567086,35.03081283344134,23691.865308387547],[24055.9503759699,35.03846951734913,23688.999761444655],[24058.274400428956,35.04612617565716,23686.134177127326],[24060.59836883717,35.05378277091949,23683.268545970204],[24062.92226776348,35.061439254738005,23680.402862607305],[24065.24609375,35.069095611572266,23677.537109375]],"width":11.699999809265137},{"id":13805,"length":42.66621017456055,"open":true,"points":[[24093.13671875,35.160972595214844,23643.150390625],[24095.376478798866,35.17807311961731,23640.389140428164],[24097.61623166541,35.195173773418325,23637.62788394325],[24099.85596896586,35.21227451789498,23634.866616363466],[24102.095684719436,35.22937533267133,23632.105329919537],[24104.335370141973,35.246476175966606,23629.344020298522],[24106.575020053744,35.263577033520846,23626.582678743725],[24108.81462527028,35.28067786049566,23623.82130143613],[24111.05417660736,35.297778612052944,23621.05988455699],[24113.29367048734,35.31487928616497,23618.29841737471],[24115.533096925374,35.33197983187869,23615.536897058384],[24117.77244914044,35.349080222704444,23612.775316827],[24120.01171875,35.366180419921875,23610.013671875]],"width":11.699999809265137},{"id":12868,"length":75.3056869506836,"open":true,"points":[[24146.888671875,35.571388244628906,23576.876953125],[24150.84187114453,35.572666267647826,23572.003285452134],[24154.79502970216,35.573944412155285,23567.129585009192],[24158.74814783494,35.575222653942156,23562.255849864967],[24162.701223002638,35.576500967886844,23557.382081573513],[24166.65425549261,35.57777932978333,23552.508278202306],[24170.60724276476,35.57905771451226,23547.6344413044],[24174.560189347416,35.58033609924075,23542.760563717216],[24178.5130912864,35.5816144583929,23537.886648736127],[24182.465941800103,35.582892765478306,23533.012703142584],[24186.418753897626,35.58417100040609,23528.138709314935],[24190.371509487406,35.585449133027254,23523.264687979212],[24194.32421875,35.586727142333984,23518.390625]],"width":11.699999809265137},{"id":12869,"length":83.66351318359375,"open":true,"points":[[24194.32421875,35.586727142333984,23518.390625],[24198.716282468078,35.571062044128325,23512.97602062058],[24203.108272871577,35.555396965530576,23507.56135520152],[24207.500201953488,35.53973191214299,23502.146644242952],[24211.892089560028,35.52406686155655,23496.73189356258],[24216.283943757302,35.50840183337914,23491.317123501452],[24220.675787532586,35.4927367939972,23485.902336004074],[24225.06762502529,35.47707177702432,23480.487556252632],[24229.45948236391,35.4614067376424,23475.07278231859],[24233.851366829185,35.44574169826047,23469.658035511213],[24238.24329512582,35.430076647674014,23464.24332552093],[24242.635283958687,35.414411574678525,23458.82866203837],[24247.02734375,35.398746490478516,23453.4140625]],"width":11.699999809265137},{"id":12870,"length":100.1954345703125,"open":true,"points":[[24247.02734375,35.398746490478516,23453.4140625],[24252.286625672285,35.33585647150697,23446.929233396535],[24257.545945410602,35.27296621388653,23440.44443384452],[24262.805298461706,35.21007582607446,23433.959664196016],[24268.064685965022,35.147185349053295,23427.47491784504],[24273.324102476887,35.084294902523546,23420.99019630201],[24278.583545374742,35.021404572448546,23414.505497598435],[24283.843010154815,34.95851446728277,23408.020822084938],[24289.102499836597,34.8956246055169,23401.536160836054],[24294.36200615351,34.83273514058905,23395.05151884134],[24299.621535885934,34.769846046009924,23388.566882538275],[24304.88107324183,34.706957565185576,23382.08226619463],[24310.140625,34.64406967163086,23375.59765625]],"width":11.699999809265137},{"id":13860,"length":47.774295806884766,"open":true,"points":[[23929.4140625,32.499351501464844,23946.568359375],[23931.921953550307,32.51656212450474,23943.476464527605],[23934.42984101316,32.53377286863406,23940.38456732076],[23936.93772152532,32.55098369752456,23937.292665118686],[23939.445593517274,32.568194587157464,23934.200753074303],[23941.953452056274,32.585405490432684,23931.108830487286],[23944.461292658,32.602616363327236,23928.016896104844],[23946.96911532246,32.61982719259334,23924.924943145877],[23949.47691287473,32.63703791574318,23921.83297367587],[23951.984687108546,32.6542485318399,23918.74097870318],[23954.492430849004,32.671458978396466,23915.648960294704],[23957.00014050864,32.688669217546796,23912.556916095113],[23959.5078125,32.70587921142578,23909.46484375]],"width":13.199999809265137},{"id":12885,"length":67.05479431152344,"open":true,"points":[[24044.8046875,33.62478256225586,23804.298828125],[24048.3245399912,33.68003555464113,23799.959144072836],[24051.84435551083,33.73528916361205,23795.619428776536],[24055.364144472547,33.79054331328093,23791.279692897562],[24058.883918549614,33.845797947519294,23786.93994554566],[24062.403690045376,33.901053020077775,23782.60019505479],[24065.923470634385,33.956308474825384,23778.260450535163],[24069.443270103602,34.011564225988764,23773.920723425177],[24072.963100757974,34.06682022731537,23769.581022059323],[24076.482976161627,34.12207645231277,23765.241353220266],[24080.002904843874,34.177332795444535,23760.901729898615],[24083.522900369382,34.23258923021713,23756.562158877136],[24087.04296875,34.287845611572266,23752.22265625]],"width":13.199999809265137},{"id":13840,"length":44.27477264404297,"open":true,"points":[[24087.04296875,34.287845611572266,23752.22265625],[24089.367020930407,34.29522195075178,23749.357092723447],[24091.691035222346,34.30259851734804,23746.49149908259],[24094.015023938406,34.309975280920696,23743.625883645916],[24096.33899773004,34.31735220575073,23740.760256782087],[24098.662967665343,34.32472925743607,23737.894628347687],[24100.98694896896,34.33210641476422,23735.0290030755],[24103.310945230667,34.33948361958525,23732.16340004608],[24105.634976663336,34.346860866513346,23729.29781784386],[24107.959048520206,34.354238102672724,23726.432273499933],[24110.2831760285,34.361615306845835,23723.56677174798],[24112.607369429003,34.36899244198496,23720.70132347039],[24114.931640625,34.37636947631836,23717.8359375]],"width":13.199999809265137}],"pauseMenu":false,"pedestrians":{"completed":0,"drawCalls":0,"population":10000,"renderMs":0.068,"ridingCar":0,"ridingTrain":0,"updateMs":0.0,"visible":0,"waitingCar":0,"waitingTrain":0,"walking":0},"plans":0,"population":233146,"railway":{"depots":0,"edgeCount":1269,"editorVisible":false,"lines":[{"enabled":true,"first":480,"id":0,"interval":270.0,"last":1380,"name":"汐淵・鵜池線","next":270.0,"stops":[17680,17681]},{"enabled":true,"first":480,"id":1,"interval":1380.0,"last":1380,"name":"鵜池・常宮線","next":1440.0,"stops":[17681,17743]},{"enabled":true,"first":480,"id":2,"interval":210.0,"last":1380,"name":"常宮・網瀬洗線","next":210.0,"stops":[17743,18160]},{"enabled":true,"first":480,"id":3,"interval":1140.0,"last":1380,"name":"網瀬洗・葦草第3地区線","next":1440.0,"stops":[18160,18212]},{"enabled":true,"first":480,"id":4,"interval":120.0,"last":1380,"name":"葦草第3地区・葦草線","next":120.0,"stops":[18212,18559]},{"enabled":true,"first":480,"id":5,"interval":150.0,"last":1380,"name":"葦草第3地区・葦草第2地区線","next":150.0,"stops":[18212,18574]},{"enabled":true,"first":480,"id":6,"interval":210.0,"last":1380,"name":"葦草第3地区・秋神線","next":210.0,"stops":[18212,18602]},{"enabled":true,"first":480,"id":7,"interval":990.0,"last":1380,"name":"葦草第2地区・玉寺線","next":1440.0,"stops":[18574,18654]}],"message":"","stations":[{"id":17680,"name":"汐淵","position":[62375.3515625,52.0,53503.86328125]},{"id":17681,"name":"鵜池","position":[58668.0078125,43.0,52852.76953125]},{"id":17743,"name":"常宮","position":[48529.0546875,69.5,30835.60546875]},{"id":18160,"name":"網瀬洗","position":[45508.171875,48.5,30061.234375]},{"id":18212,"name":"葦草第3地区","position":[24688.427734375,52.0,22959.96875]},{"id":18559,"name":"葦草","position":[24090.08984375,57.0,23697.6875]},{"id":18574,"name":"葦草第2地区","position":[23546.435546875,44.5,24367.982421875]},{"id":18602,"name":"秋神","position":[23495.00390625,64.0,19984.44140625]},{"id":18654,"name":"玉寺","position":[16738.02734375,50.0,43665.12890625]}],"trains":[]},"renderMs":1184.044,"selectionId":-1,"selectionKind":0,"signalsMs":0.542,"sound":{"enginePitch":1.0,"enginePlaying":false,"events":0,"outputPeak":0.0,"volume":0.6},"textInput":false,"timeSpeed":0,"townLabels":[],"traffic":{"accessPoints":20526,"cars":0,"completed":0,"localCars":0,"localTarget":0,"routeFailures":0,"spawned":0,"stopped":0,"updateMs":0.0},"zone":2,"zoneBrush":1,"zoneCells":[{"angle":0.0,"building":0,"builtAt":0.0,"edge":-1,"offsetX":0.0,"offsetZ":0.0,"x":24120.0,"z":23640.0,"zone":4},{"angle":0.0,"building":0,"builtAt":0.0,"edge":-1,"offsetX":0.0,"offsetZ":0.0,"x":24136.0,"z":23640.0,"zone":4},{"angle":0.0,"building":0,"builtAt":0.0,"edge":-1,"offsetX":0.0,"offsetZ":0.0,"x":24152.0,"z":23640.0,"zone":4},{"angle":0.0,"building":0,"builtAt":0.0,"edge":-1,"offsetX":0.0,"offsetZ":0.0,"x":24168.0,"z":23640.0,"zone":4},{"angle":0.0,"building":0,"builtAt":0.0,"edge":-1,"offsetX":0.0,"offsetZ":0.0,"x":24184.0,"z":23640.0,"zone":4},{"angle":0.0,"building":0,"builtAt":0.0,"edge":-1,"offsetX":0.0,"offsetZ":0.0,"x":24200.0,"z":23640.0,"zone":4},{"angle":0.6814513206481934,"building":3,"builtAt":0.0,"edge":13314,"offsetX":-6.154786109924316,"offsetZ":2.631944417953491,"x":24216.0,"z":23640.0,"zone":4},{"angle":-2.460141897201538,"building":5,"builtAt":0.0,"edge":13314,"offsetX":1.7993888854980469,"offsetZ":-6.4174346923828125,"x":24232.0,"z":23640.0,"zone":4},{"angle":-2.4601361751556396,"building":2,"builtAt":0.0,"edge":13314,"offsetX":-4.6434125900268555,"offsetZ":2.282050371170044,"x":24248.0,"z":23640.0,"zone":3},{"angle":2.252218246459961,"building":2,"builtAt":0.0,"edge":12908,"offsetX":-0.9941437244415283,"offsetZ":-0.4055778384208679,"x":24264.0,"z":23640.0,"zone":3},{"angle":-0.8893780708312988,"building":22,"builtAt":0.0,"edge":12908,"offsetX":7.369665145874023,"offsetZ":2.3371095657348633,"x":24280.0,"z":23640.0,"zone":3},{"angle":-0.889374315738678,"building":1,"builtAt":0.0,"edge":12908,"offsetX":7.7662787437438965,"offsetZ":-1.3832064867019653,"x":24296.0,"z":23640.0,"zone":3},{"angle":0.6814509630203247,"building":22,"builtAt":0.0,"edge":13331,"offsetX":6.718299388885498,"offsetZ":-6.901330947875977,"x":24312.0,"z":23640.0,"zone":3},{"angle":0.681452214717865,"building":22,"builtAt":0.0,"edge":13331,"offsetX":4.242094039916992,"offsetZ":4.104255676269531,"x":24328.0,"z":23640.0,"zone":3},{"angle":0.0,"building":0,"builtAt":0.0,"edge":-1,"offsetX":0.0,"offsetZ":0.0,"x":24344.0,"z":23640.0,"zone":3},{"angle":0.0,"building":0,"builtAt":0.0,"edge":-1,"offsetX":0.0,"offsetZ":0.0,"x":24360.0,"z":23640.0,"zone":3},{"angle":-2.4601478576660156,"building":1,"builtAt":0.0,"edge":13332,"offsetX":4.05752420425415,"offsetZ":3.6997785568237305,"x":24376.0,"z":23640.0,"zone":3},{"angle":0.0,"building":0,"builtAt":0.0,"edge":-1,"offsetX":0.0,"offsetZ":0.0,"x":24120.0,"z":23656.0,"zone":4},{"angle":0.0,"building":0,"builtAt":0.0,"edge":-1,"offsetX":0.0,"offsetZ":0.0,"x":24136.0,"z":23656.0,"zone":4},{"angle":0.0,"building":0,"builtAt":0.0,"edge":-1,"offsetX":0.0,"offsetZ":0.0,"x":24152.0,"z":23656.0,"zone":4},{"angle":0.0,"building":0,"builtAt":0.0,"edge":-1,"offsetX":0.0,"offsetZ":0.0,"x":24168.0,"z":23656.0,"zone":4},{"angle":0.0,"building":0,"builtAt":0.0,"edge":-1,"offsetX":0.0,"offsetZ":0.0,"x":24184.0,"z":23656.0,"zone":4},{"angle":0.0,"building":0,"builtAt":0.0,"edge":-1,"offsetX":0.0,"offsetZ":0.0,"x":24200.0,"z":23656.0,"zone":4},{"angle":0.0,"building":0,"builtAt":0.0,"edge":-1,"offsetX":0.0,"offsetZ":0.0,"x":24216.0,"z":23656.0,"zone":4},{"angle":0.6814565062522888,"building":6,"builtAt":0.0,"edge":13314,"offsetX":-2.1279075145721436,"offsetZ":2.9075474739074707,"x":24232.0,"z":23656.0,"zone":4},{"angle":-2.4601240158081055,"building":1,"builtAt":0.0,"edge":13314,"offsetX":4.912959575653076,"offsetZ":-5.019773960113525,"x":24248.0,"z":23656.0,"zone":3},{"angle":-0.889363169670105,"building":22,"builtAt":0.0,"edge":12908,"offsetX":6.674422264099121,"offsetZ":6.832186698913574,"x":24264.0,"z":23656.0,"zone":3},{"angle":-0.889374315738678,"building":1,"builtAt":0.0,"edge":12908,"offsetX":-2.0070576667785645,"offsetZ":-4.250811576843262,"x":24280.0,"z":23656.0,"zone":3},{"angle":-0.8893780708312988,"building":2,"builtAt":0.0,"edge":12908,"offsetX":0.8451632261276245,"offsetZ":-5.978168964385986,"x":24296.0,"z":23656.0,"zone":3},{"angle":2.2522571086883545,"building":2,"builtAt":0.0,"edge":12932,"offsetX":-5.701452255249023,"offsetZ":1.687943935394287,"x":24312.0,"z":23656.0,"zone":3},{"angle":0.0,"building":0,"builtAt":0.0,"edge":-1,"offsetX":0.0,"offsetZ":0.0,"x":24328.0,"z":23656.0,"zone":3},{"angle":0.0,"building":0,"builtAt":0.0,"edge":-1,"offsetX":0.0,"offsetZ":0.0,"x":24344.0,"z":23656.0,"zone":3},{"angle":0.0,"building":0,"builtAt":0.0,"edge":-1,"offsetX":0.0,"offsetZ":0.0,"x":24360.0,"z":23656.0,"zone":3},{"angle":-2.4601478576660156,"building":1,"builtAt":0.0,"edge":13332,"offsetX":-2.367616653442383,"offsetZ":-4.378254413604736,"x":24376.0,"z":23656.0,"zone":3},{"angle":0.0,"building":0,"builtAt":0.0,"edge":-1,"offsetX":0.0,"offsetZ":0.0,"x":24120.0,"z":23672.0,"zone":0},{"angle":0.0,"building":0,"builtAt":0.0,"edge":-1,"offsetX":0.0,"offsetZ":0.0,"x":24136.0,"z":23672.0,"zone":4},{"angle":0.0,"building":0,"builtAt":0.0,"edge":-1,"offsetX":0.0,"offsetZ":0.0,"x":24152.0,"z":23672.0,"zone":4},{"angle":0.0,"building":0,"builtAt":0.0,"edge":-1,"offsetX":0.0,"offsetZ":0.0,"x":24168.0,"z":23672.0,"zone":4},{"angle":0.0,"building":0,"builtAt":0.0,"edge":-1,"offsetX":0.0,"offsetZ":0.0,"x":24184.0,"z":23672.0,"zone":4},{"angle":0.0,"building":0,"builtAt":0.0,"edge":-1,"offsetX":0.0,"offsetZ":0.0,"x":24200.0,"z":23672.0,"zone":4},{"angle":0.0,"building":0,"builtAt":0.0,"edge":-1,"offsetX":0.0,"offsetZ":0.0,"x":24216.0,"z":23672.0,"zone":4},{"angle":0.0,"building":0,"builtAt":0.0,"edge":-1,"offsetX":0.0,"offsetZ":0.0,"x":24232.0,"z":23672.0,"zone":4},{"angle":0.0,"building":0,"builtAt":0.0,"edge":-1,"offsetX":0.0,"offsetZ":0.0,"x":24248.0,"z":23672.0,"zone":4},{"angle":0.6814480423927307,"building":2,"builtAt":0.0,"edge":13315,"offsetX":-6.2546539306640625,"offsetZ":7.643273830413818,"x":24264.0,"z":23672.0,"zone":3},{"angle":-2.460141897201538,"building":2,"builtAt":0.0,"edge":13315,"offsetX":4.364665508270264,"offsetZ":3.4552180767059326,"x":24280.0,"z":23672.0,"zone":3},{"angle":-2.460141897201538,"building":2,"builtAt":0.0,"edge":13315,"offsetX":-4.265265464782715,"offsetZ":-5.631700038909912,"x":24296.0,"z":23672.0,"zone":3},{"angle":2.2522571086883545,"building":22,"builtAt":0.0,"edge":12932,"offsetX":3.77371883392334,"offsetZ":-6.626931667327881,"x":24312.0,"z":23672.0,"zone":3},{"angle":0.0,"building":0,"builtAt":0.0,"edge":-1,"offsetX":0.0,"offsetZ":0.0,"x":24328.0,"z":23672.0,"zone":3},{"angle":0.0,"building":0,"builtAt":0.0,"edge":-1,"offsetX":0.0,"offsetZ":0.0,"x":24344.0,"z":23672.0,"zone":3},{"angle":-0.8893195986747742,"building":2,"builtAt":0.0,"edge":12932,"offsetX":-4.963898181915283,"offsetZ":0.13080857694149017,"x":24360.0,"z":23672.0,"zone":3},{"angle":0.6814391613006592,"building":5,"builtAt":0.0,"edge":13332,"offsetX":-2.5466763973236084,"offsetZ":5.799123764038086,"x":24376.0,"z":23672.0,"zone":3},{"angle":0.0,"building":0,"builtAt":0.0,"edge":-1,"offsetX":0.0,"offsetZ":0.0,"x":24120.0,"z":23688.0,"zone":0},{"angle":0.0,"building":0,"builtAt":0.0,"edge":-1,"offsetX":0.0,"offsetZ":0.0,"x":24136.0,"z":23688.0,"zone":0},{"angle":0.0,"building":0,"builtAt":0.0,"edge":-1,"offsetX":0.0,"offsetZ":0.0,"x":24152.0,"z":23688.0,"zone":4},{"angle":-2.46014142036438,"building":4,"builtAt":0.0,"edge":13297,"offsetX":4.891820430755615,"offsetZ":0.837200939655304,"x":24168.0,"z":23688.0,"zone":4},{"angle":0.0,"building":0,"builtAt":0.0,"edge":-1,"offsetX":0.0,"offsetZ":0.0,"x":24184.0,"z":23688.0,"zone":4},{"angle":0.0,"building":0,"builtAt":0.0,"edge":-1,"offsetX":0.0,"offsetZ":0.0,"x":24200.0,"z":23688.0,"zone":4},{"angle":0.0,"building":0,"builtAt":0.0,"edge":-1,"offsetX":0.0,"offsetZ":0.0,"x":24216.0,"z":23688.0,"zone":4},{"angle":2.252243757247925,"building":3,"builtAt":0.0,"edge":13917,"offsetX":-5.8597493171691895,"offsetZ":-5.189786434173584,"x":24232.0,"z":23688.0,"zone":4},{"angle":0.0,"building":0,"builtAt":0.0,"edge":-1,"offsetX":0.0,"offsetZ":0.0,"x":24248.0,"z":23688.0,"zone":4},{"angle":0.6814508438110352,"building":1,"builtAt":0.0,"edge":13315,"offsetX":8.208112716674805,"offsetZ":2.4436228275299072,"x":24264.0,"z":23688.0,"zone":3},{"angle":0.0,"building":0,"builtAt":0.0,"edge":-1,"offsetX":0.0,"offsetZ":0.0,"x":24280.0,"z":23688.0,"zone":3},{"angle":-2.4601430892944336,"building":22,"builtAt":0.0,"edge":13315,"offsetX":2.7603113651275635,"offsetZ":-1.6592469215393066,"x":24296.0,"z":23688.0,"zone":3},{"angle":0.0,"building":0,"builtAt":0.0,"edge":-1,"offsetX":0.0,"offsetZ":0.0,"x":24312.0,"z":23688.0,"zone":3},{"angle":0.0,"building":0,"builtAt":0.0,"edge":-1,"offsetX":0.0,"offsetZ":0.0,"x":24328.0,"z":23688.0,"zone":3},{"angle":-0.889335572719574,"building":5,"builtAt":0.0,"edge":12932,"offsetX":-0.674935519695282,"offsetZ":-0.28057900071144104,"x":24344.0,"z":23688.0,"zone":3},{"angle":0.0,"building":0,"builtAt":0.0,"edge":-1,"offsetX":0.0,"offsetZ":0.0,"x":24360.0,"z":23688.0,"zone":3},{"angle":0.0,"building":0,"builtAt":0.0,"edge":-1,"offsetX":0.0,"offsetZ":0.0,"x":24376.0,"z":23688.0,"zone":3},{"angle":0.0,"building":0,"builtAt":0.0,"edge":-1,"offsetX":0.0,"offsetZ":0.0,"x":24120.0,"z":23704.0,"zone":0},{"angle":0.0,"building":0,"builtAt":0.0,"edge":-1,"offsetX":0.0,"offsetZ":0.0,"x":24136.0,"z":23704.0,"zone":4},{"angle":0.6814571022987366,"building":5,"builtAt":0.0,"edge":13297,"offsetX":-6.4882965087890625,"offsetZ":-0.3709557354450226,"x":24152.0,"z":23704.0,"zone":4},{"angle":0.0,"building":0,"builtAt":0.0,"edge":-1,"offsetX":0.0,"offsetZ":0.0,"x":24168.0,"z":23704.0,"zone":4},{"angle":0.0,"building":0,"builtAt":0.0,"edge":-1,"offsetX":0.0,"offsetZ":0.0,"x":24184.0,"z":23704.0,"zone":4},{"angle":0.0,"building":0,"builtAt":0.0,"edge":-1,"offsetX":0.0,"offsetZ":0.0,"x":24200.0,"z":23704.0,"zone":4},{"angle":2.2522826194763184,"building":5,"builtAt":0.0,"edge":13916,"offsetX":-2.0932695865631104,"offsetZ":-4.877505779266357,"x":24216.0,"z":23704.0,"zone":4},{"angle":0.68142169713974,"building":5,"builtAt":0.0,"edge":13920,"offsetX":-1.6337822675704956,"offsetZ":8.301788330078125,"x":24232.0,"z":23704.0,"zone":4},{"angle":-2.4601709842681885,"building":5,"builtAt":0.0,"edge":13920,"offsetX":-5.114377021789551,"offsetZ":-7.134913921356201,"x":24248.0,"z":23704.0,"zone":4},{"angle":-2.4601423740386963,"building":1,"builtAt":0.0,"edge":13920,"offsetX":-7.655180931091309,"offsetZ":5.672732830047607,"x":24264.0,"z":23704.0,"zone":3},{"angle":2.252223491668701,"building":1,"builtAt":0.0,"edge":13919,"offsetX":-0.2726516127586365,"offsetZ":8.086469650268555,"x":24280.0,"z":23704.0,"zone":3},{"angle":0.0,"building":0,"builtAt":0.0,"edge":-1,"offsetX":0.0,"offsetZ":0.0,"x":24296.0,"z":23704.0,"zone":3},{"angle":0.0,"building":0,"builtAt":0.0,"edge":-1,"offsetX":0.0,"offsetZ":0.0,"x":24312.0,"z":23704.0,"zone":3},{"angle":-0.8893449306488037,"building":2,"builtAt":0.0,"edge":12932,"offsetX":2.4476985931396484,"offsetZ":-1.634270429611206,"x":24328.0,"z":23704.0,"zone":3},{"angle":-2.4601356983184814,"building":22,"builtAt":0.0,"edge":13316,"offsetX":3.7056233882904053,"offsetZ":5.545018196105957,"x":24344.0,"z":23704.0,"zone":3},{"angle":-2.4601356983184814,"building":22,"builtAt":0.0,"edge":13316,"offsetX":-4.294325828552246,"offsetZ":-4.318510055541992,"x":24360.0,"z":23704.0,"zone":3},{"angle":2.252216100692749,"building":1,"builtAt":0.0,"edge":12956,"offsetX":0.7638989686965942,"offsetZ":-0.11521328240633011,"x":24376.0,"z":23704.0,"zone":3},{"angle":0.0,"building":0,"builtAt":0.0,"edge":-1,"offsetX":0.0,"offsetZ":0.0,"x":24120.0,"z":23720.0,"zone":4},{"angle":0.0,"building":0,"builtAt":0.0,"edge":-1,"offsetX":0.0,"offsetZ":0.0,"x":24136.0,"z":23720.0,"zone":4},{"angle":0.0,"building":0,"builtAt":0.0,"edge":-1,"offsetX":0.0,"offsetZ":0.0,"x":24152.0,"z":23720.0,"zone":4},{"angle":0.6814506649971008,"building":3,"builtAt":0.0,"edge":13297,"offsetX":-4.416891098022461,"offsetZ":-0.7193522453308105,"x":24168.0,"z":23720.0,"zone":4},{"angle":0.0,"building":0,"builtAt":0.0,"edge":-1,"offsetX":0.0,"offsetZ":0.0,"x":24184.0,"z":23720.0,"zone":4},{"angle":-2.4601268768310547,"building":5,"builtAt":0.0,"edge":13297,"offsetX":0.282716304063797,"offsetZ":-8.037588119506836,"x":24200.0,"z":23720.0,"zone":4},{"angle":0.0,"building":0,"builtAt":0.0,"edge":-1,"offsetX":0.0,"offsetZ":0.0,"x":24216.0,"z":23720.0,"zone":4},{"angle":0.0,"building":0,"builtAt":0.0,"edge":-1,"offsetX":0.0,"offsetZ":0.0,"x":24232.0,"z":23720.0,"zone":4},{"angle":0.6814502477645874,"building":6,"builtAt":0.0,"edge":13920,"offsetX":-3.741553783416748,"offsetZ":4.574628829956055,"x":24248.0,"z":23720.0,"zone":4},{"angle":-2.460155487060547,"building":2,"builtAt":0.0,"edge":13920,"offsetX":7.2204813957214355,"offsetZ":0.7308982014656067,"x":24264.0,"z":23720.0,"zone":3},{"angle":0.0,"building":0,"builtAt":0.0,"edge":-1,"offsetX":0.0,"offsetZ":0.0,"x":24280.0,"z":23720.0,"zone":3},{"angle":0.0,"building":0,"builtAt":0.0,"edge":-1,"offsetX":0.0,"offsetZ":0.0,"x":24296.0,"z":23720.0,"zone":3},{"angle":0.0,"building":0,"builtAt":0.0,"edge":-1,"offsetX":0.0,"offsetZ":0.0,"x":24312.0,"z":23720.0,"zone":3},{"angle":0.0,"building":0,"builtAt":0.0,"edge":-1,"offsetX":0.0,"offsetZ":0.0,"x":24328.0,"z":23720.0,"zone":3},{"angle":-2.4601356983184814,"building":22,"builtAt":0.0,"edge":13316,"offsetX":-4.294427394866943,"offsetZ":-0.5914531350135803,"x":24344.0,"z":23720.0,"zone":3},{"angle":2.252216100692749,"building":1,"builtAt":0.0,"edge":12956,"offsetX":6.057580947875977,"offsetZ":-2.8847968578338623,"x":24360.0,"z":23720.0,"zone":3},{"angle":0.0,"building":0,"builtAt":0.0,"edge":-1,"offsetX":0.0,"offsetZ":0.0,"x":24376.0,"z":23720.0,"zone":3},{"angle":0.0,"building":0,"builtAt":0.0,"edge":-1,"offsetX":0.0,"offsetZ":0.0,"x":24120.0,"z":23736.0,"zone":4},{"angle":0.6814290881156921,"building":3,"builtAt":0.0,"edge":13867,"offsetX":-7.418963432312012,"offsetZ":6.49083137512207,"x":24136.0,"z":23736.0,"zone":4},{"angle":-2.460156202316284,"building":5,"builtAt":0.0,"edge":13867,"offsetX":-0.24348965287208557,"offsetZ":-0.9351714253425598,"x":24152.0,"z":23736.0,"zone":4},{"angle":-2.4601457118988037,"building":3,"builtAt":0.0,"edge":13867,"offsetX":-5.414515495300293,"offsetZ":6.8617167472839355,"x":24168.0,"z":23736.0,"zone":4},{"angle":0.6814658045768738,"building":4,"builtAt":0.0,"edge":13297,"offsetX":-1.8803954124450684,"offsetZ":-1.6440891027450562,"x":24184.0,"z":23736.0,"zone":4},{"angle":0.0,"building":0,"builtAt":0.0,"edge":-1,"offsetX":0.0,"offsetZ":0.0,"x":24200.0,"z":23736.0,"zone":4},{"angle":-2.46014404296875,"building":5,"builtAt":0.0,"edge":13298,"offsetX":5.145206928253174,"offsetZ":-7.172271251678467,"x":24216.0,"z":23736.0,"zone":4},{"angle":-2.460141658782959,"building":3,"builtAt":0.0,"edge":13298,"offsetX":2.513239860534668,"offsetZ":2.6676149368286133,"x":24232.0,"z":23736.0,"zone":4},{"angle":0.0,"building":0,"builtAt":0.0,"edge":-1,"offsetX":0.0,"offsetZ":0.0,"x":24248.0,"z":23736.0,"zone":4},{"angle":0.6814371943473816,"building":2,"builtAt":0.0,"edge":13920,"offsetX":-4.435117721557617,"offsetZ":-0.8979468941688538,"x":24264.0,"z":23736.0,"zone":3},{"angle":0.0,"building":0,"builtAt":0.0,"edge":-1,"offsetX":0.0,"offsetZ":0.0,"x":24280.0,"z":23736.0,"zone":3},{"angle":-2.460118055343628,"building":1,"builtAt":0.0,"edge":13968,"offsetX":2.240954875946045,"offsetZ":7.524169921875,"x":24296.0,"z":23736.0,"zone":3},{"angle":-0.8893690705299377,"building":22,"builtAt":0.0,"edge":13919,"offsetX":-6.009950160980225,"offsetZ":-2.6138317584991455,"x":24312.0,"z":23736.0,"zone":3},{"angle":0.6814569234848022,"building":12,"builtAt":0.0,"edge":13316,"offsetX":-2.771904945373535,"offsetZ":1.2583122253417969,"x":24328.0,"z":23736.0,"zone":4},{"angle":0.0,"building":0,"builtAt":0.0,"edge":-1,"offsetX":0.0,"offsetZ":0.0,"x":24344.0,"z":23736.0,"zone":3},{"angle":2.2522284984588623,"building":1,"builtAt":0.0,"edge":12956,"offsetX":-4.647260665893555,"offsetZ":-5.656870365142822,"x":24360.0,"z":23736.0,"zone":3},{"angle":-0.8893765211105347,"building":22,"builtAt":0.0,"edge":12956,"offsetX":5.840118408203125,"offsetZ":-6.084964275360107,"x":24376.0,"z":23736.0,"zone":3},{"angle":-2.460148811340332,"building":3,"builtAt":0.0,"edge":13279,"offsetX":-3.748384475708008,"offsetZ":6.22449254989624,"x":24120.0,"z":23752.0,"zone":4},{"angle":0.6814364790916443,"building":5,"builtAt":0.0,"edge":13867,"offsetX":3.3919272422790527,"offsetZ":-1.689828634262085,"x":24136.0,"z":23752.0,"zone":4},{"angle":0.0,"building":0,"builtAt":0.0,"edge":-1,"offsetX":0.0,"offsetZ":0.0,"x":24152.0,"z":23752.0,"zone":4},{"angle":0.0,"building":0,"builtAt":0.0,"edge":-1,"offsetX":0.0,"offsetZ":0.0,"x":24168.0,"z":23752.0,"zone":4},{"angle":0.0,"building":0,"builtAt":0.0,"edge":-1,"offsetX":0.0,"offsetZ":0.0,"x":24184.0,"z":23752.0,"zone":4},{"angle":0.6814486980438232,"building":3,"builtAt":0.0,"edge":13298,"offsetX":2.9281845092773438,"offsetZ":-0.7115193605422974,"x":24200.0,"z":23752.0,"zone":4},{"angle":0.0,"building":0,"builtAt":0.0,"edge":-1,"offsetX":0.0,"offsetZ":0.0,"x":24216.0,"z":23752.0,"zone":4},{"angle":0.0,"building":0,"builtAt":0.0,"edge":-1,"offsetX":0.0,"offsetZ":0.0,"x":24232.0,"z":23752.0,"zone":4},{"angle":-2.4601430892944336,"building":1,"builtAt":0.0,"edge":13298,"offsetX":-2.0073299407958984,"offsetZ":-1.1659783124923706,"x":24248.0,"z":23752.0,"zone":3},{"angle":0.0,"building":0,"builtAt":0.0,"edge":-1,"offsetX":0.0,"offsetZ":0.0,"x":24264.0,"z":23752.0,"zone":3},{"angle":0.0,"building":0,"builtAt":0.0,"edge":-1,"offsetX":0.0,"offsetZ":0.0,"x":24280.0,"z":23752.0,"zone":3},{"angle":0.0,"building":0,"builtAt":0.0,"edge":-1,"offsetX":0.0,"offsetZ":0.0,"x":24296.0,"z":23752.0,"zone":3},{"angle":-2.460118055343628,"building":3,"builtAt":0.0,"edge":13968,"offsetX":1.0539374351501465,"offsetZ":0.6009067893028259,"x":24312.0,"z":23752.0,"zone":3},{"angle":0.0,"building":0,"builtAt":0.0,"edge":-1,"offsetX":0.0,"offsetZ":0.0,"x":24328.0,"z":23752.0,"zone":3},{"angle":2.252286911010742,"building":2,"builtAt":0.0,"edge":13967,"offsetX":-4.31481409072876,"offsetZ":-3.4959464073181152,"x":24344.0,"z":23752.0,"zone":3},{"angle":0.0,"building":0,"builtAt":0.0,"edge":-1,"offsetX":0.0,"offsetZ":0.0,"x":24360.0,"z":23752.0,"zone":3},{"angle":0.0,"building":0,"builtAt":0.0,"edge":-1,"offsetX":0.0,"offsetZ":0.0,"x":24376.0,"z":23752.0,"zone":3},{"angle":0.0,"building":0,"builtAt":0.0,"edge":-1,"offsetX":0.0,"offsetZ":0.0,"x":24120.0,"z":23768.0,"zone":4},{"angle":-2.4601643085479736,"building":3,"builtAt":0.0,"edge":13279,"offsetX":-0.5097224712371826,"offsetZ":5.789901256561279,"x":24136.0,"z":23768.0,"zone":4},{"angle":2.252201795578003,"building":5,"builtAt":0.0,"edge":13865,"offsetX":7.266538143157959,"offsetZ":-1.437010645866394,"x":24152.0,"z":23768.0,"zone":4},{"angle":0.0,"building":0,"builtAt":0.0,"edge":-1,"offsetX":0.0,"offsetZ":0.0,"x":24168.0,"z":23768.0,"zone":4},{"angle":0.0,"building":0,"builtAt":0.0,"edge":-1,"offsetX":0.0,"offsetZ":0.0,"x":24184.0,"z":23768.0,"zone":4},{"angle":-2.460141181945801,"building":6,"builtAt":0.0,"edge":13915,"offsetX":-1.9083888530731201,"offsetZ":3.5614821910858154,"x":24200.0,"z":23768.0,"zone":4},{"angle":0.6814509034156799,"building":3,"builtAt":0.0,"edge":13298,"offsetX":-0.21406996250152588,"offsetZ":-6.242576599121094,"x":24216.0,"z":23768.0,"zone":4},{"angle":0.6814495921134949,"building":5,"builtAt":0.0,"edge":13298,"offsetX":-2.8850762844085693,"offsetZ":3.6434693336486816,"x":24232.0,"z":23768.0,"zone":4},{"angle":0.0,"building":0,"builtAt":0.0,"edge":-1,"offsetX":0.0,"offsetZ":0.0,"x":24248.0,"z":23768.0,"zone":3},{"angle":0.0,"building":0,"builtAt":0.0,"edge":-1,"offsetX":0.0,"offsetZ":0.0,"x":24264.0,"z":23768.0,"zone":3},{"angle":-0.8893424272537231,"building":2,"builtAt":0.0,"edge":13918,"offsetX":-1.1172178983688354,"offsetZ":-2.1888198852539063,"x":24280.0,"z":23768.0,"zone":3},{"angle":0.6814746260643005,"building":22,"builtAt":0.0,"edge":13968,"offsetX":3.9526541233062744,"offsetZ":0.7533313035964966,"x":24296.0,"z":23768.0,"zone":3},{"angle":0.0,"building":0,"builtAt":0.0,"edge":-1,"offsetX":0.0,"offsetZ":0.0,"x":24312.0,"z":23768.0,"zone":3},{"angle":2.2522470951080322,"building":22,"builtAt":0.0,"edge":13967,"offsetX":-0.984815239906311,"offsetZ":-4.811115741729736,"x":24328.0,"z":23768.0,"zone":3},{"angle":0.0,"building":0,"builtAt":0.0,"edge":-1,"offsetX":0.0,"offsetZ":0.0,"x":24344.0,"z":23768.0,"zone":3},{"angle":-0.889305830001831,"building":2,"builtAt":0.0,"edge":13967,"offsetX":-4.502233505249023,"offsetZ":-6.669894695281982,"x":24360.0,"z":23768.0,"zone":3},{"angle":0.0,"building":0,"builtAt":0.0,"edge":-1,"offsetX":0.0,"offsetZ":0.0,"x":24376.0,"z":23768.0,"zone":3},{"angle":0.0,"building":0,"builtAt":0.0,"edge":-1,"offsetX":0.0,"offsetZ":0.0,"x":24120.0,"z":23784.0,"zone":4},{"angle":0.0,"building":0,"builtAt":0.0,"edge":-1,"offsetX":0.0,"offsetZ":0.0,"x":24136.0,"z":23784.0,"zone":4},{"angle":0.0,"building":0,"builtAt":0.0,"edge":-1,"offsetX":0.0,"offsetZ":0.0,"x":24152.0,"z":23784.0,"zone":4},{"angle":0.0,"building":0,"builtAt":0.0,"edge":-1,"offsetX":0.0,"offsetZ":0.0,"x":24168.0,"z":23784.0,"zone":4},{"angle":0.6814515590667725,"building":3,"builtAt":0.0,"edge":13915,"offsetX":0.6662012934684753,"offsetZ":4.1142988204956055,"x":24184.0,"z":23784.0,"zone":4},{"angle":0.0,"building":0,"builtAt":0.0,"edge":-1,"offsetX":0.0,"offsetZ":0.0,"x":24200.0,"z":23784.0,"zone":4},{"angle":-2.4601402282714844,"building":5,"builtAt":0.0,"edge":13915,"offsetX":1.0855140686035156,"offsetZ":3.8696911334991455,"x":24216.0,"z":23784.0,"zone":4},{"angle":0.0,"building":0,"builtAt":0.0,"edge":-1,"offsetX":0.0,"offsetZ":0.0,"x":24232.0,"z":23784.0,"zone":3},{"angle":0.0,"building":0,"builtAt":0.0,"edge":-1,"offsetX":0.0,"offsetZ":0.0,"x":24248.0,"z":23784.0,"zone":3},{"angle":0.0,"building":0,"builtAt":0.0,"edge":-1,"offsetX":0.0,"offsetZ":0.0,"x":24264.0,"z":23784.0,"zone":3},{"angle":-2.460134506225586,"building":22,"builtAt":0.0,"edge":13299,"offsetX":7.200653076171875,"offsetZ":-1.6011860370635986,"x":24280.0,"z":23784.0,"zone":3},{"angle":0.0,"building":0,"builtAt":0.0,"edge":-1,"offsetX":0.0,"offsetZ":0.0,"x":24296.0,"z":23784.0,"zone":3},{"angle":2.2522799968719482,"building":1,"builtAt":0.0,"edge":13966,"offsetX":1.7720768451690674,"offsetZ":-2.303173542022705,"x":24312.0,"z":23784.0,"zone":3},{"angle":0.0,"building":0,"builtAt":0.0,"edge":-1,"offsetX":0.0,"offsetZ":0.0,"x":24328.0,"z":23784.0,"zone":3},{"angle":-0.8893455266952515,"building":22,"builtAt":0.0,"edge":13967,"offsetX":-0.24460305273532867,"offsetZ":-7.233736991882324,"x":24344.0,"z":23784.0,"zone":3},{"angle":-0.8893455266952515,"building":2,"builtAt":0.0,"edge":13967,"offsetX":-6.769355297088623,"offsetZ":0.45129290223121643,"x":24360.0,"z":23784.0,"zone":3},{"angle":0.0,"building":0,"builtAt":0.0,"edge":-1,"offsetX":0.0,"offsetZ":0.0,"x":24376.0,"z":23784.0,"zone":3},{"angle":0.0,"building":0,"builtAt":0.0,"edge":-1,"offsetX":0.0,"offsetZ":0.0,"x":24120.0,"z":23800.0,"zone":4},{"angle":0.6814245581626892,"building":6,"builtAt":0.0,"edge":13279,"offsetX":-8.263826370239258,"offsetZ":2.9965758323669434,"x":24136.0,"z":23800.0,"zone":4},{"angle":0.0,"building":0,"builtAt":0.0,"edge":-1,"offsetX":0.0,"offsetZ":0.0,"x":24152.0,"z":23800.0,"zone":4},{"angle":-2.460118055343628,"building":5,"builtAt":0.0,"edge":13280,"offsetX":-4.052587032318115,"offsetZ":-2.238645076751709,"x":24168.0,"z":23800.0,"zone":4},{"angle":0.0,"building":0,"builtAt":0.0,"edge":-1,"offsetX":0.0,"offsetZ":0.0,"x":24184.0,"z":23800.0,"zone":4},{"angle":0.0,"building":0,"builtAt":0.0,"edge":-1,"offsetX":0.0,"offsetZ":0.0,"x":24200.0,"z":23800.0,"zone":4},{"angle":0.0,"building":0,"builtAt":0.0,"edge":-1,"offsetX":0.0,"offsetZ":0.0,"x":24216.0,"z":23800.0,"zone":4},{"angle":0.0,"building":0,"builtAt":0.0,"edge":-1,"offsetX":0.0,"offsetZ":0.0,"x":24232.0,"z":23800.0,"zone":3},{"angle":-0.8893441557884216,"building":1,"builtAt":0.0,"edge":13914,"offsetX":2.38733172416687,"offsetZ":-0.28208062052726746,"x":24248.0,"z":23800.0,"zone":3},{"angle":0.681458055973053,"building":22,"builtAt":0.0,"edge":13299,"offsetX":5.44960880279541,"offsetZ":4.2846174240112305,"x":24264.0,"z":23800.0,"zone":3},{"angle":0.0,"building":0,"builtAt":0.0,"edge":-1,"offsetX":0.0,"offsetZ":0.0,"x":24280.0,"z":23800.0,"zone":3},{"angle":-2.4601528644561768,"building":2,"builtAt":0.0,"edge":13299,"offsetX":2.685356378555298,"offsetZ":-7.56892204284668,"x":24296.0,"z":23800.0,"zone":3},{"angle":-0.8893820643424988,"building":2,"builtAt":0.0,"edge":13966,"offsetX":6.448911666870117,"offsetZ":6.947901248931885,"x":24312.0,"z":23800.0,"zone":3},{"angle":-0.8893126845359802,"building":1,"builtAt":0.0,"edge":13966,"offsetX":0.3708116114139557,"offsetZ":-6.461874008178711,"x":24328.0,"z":23800.0,"zone":3},{"angle":-0.8893126845359802,"building":2,"builtAt":0.0,"edge":13966,"offsetX":-7.124991416931152,"offsetZ":0.436034619808197,"x":24344.0,"z":23800.0,"zone":3},{"angle":0.0,"building":0,"builtAt":0.0,"edge":-1,"offsetX":0.0,"offsetZ":0.0,"x":24360.0,"z":23800.0,"zone":3},{"angle":2.2522425651550293,"building":22,"builtAt":0.0,"edge":12975,"offsetX":2.1745519638061523,"offsetZ":5.092523574829102,"x":24376.0,"z":23800.0,"zone":3},{"angle":0.0,"building":0,"builtAt":0.0,"edge":-1,"offsetX":0.0,"offsetZ":0.0,"x":24120.0,"z":23816.0,"zone":4},{"angle":0.0,"building":0,"builtAt":0.0,"edge":-1,"offsetX":0.0,"offsetZ":0.0,"x":24136.0,"z":23816.0,"zone":4},{"angle":0.681474506855011,"building":3,"builtAt":0.0,"edge":13280,"offsetX":-5.007899761199951,"offsetZ":2.665374994277954,"x":24152.0,"z":23816.0,"zone":4},{"angle":0.0,"building":0,"builtAt":0.0,"edge":-1,"offsetX":0.0,"offsetZ":0.0,"x":24168.0,"z":23816.0,"zone":4},{"angle":0.0,"building":0,"builtAt":0.0,"edge":-1,"offsetX":0.0,"offsetZ":0.0,"x":24184.0,"z":23816.0,"zone":4},{"angle":2.2522544860839844,"building":5,"builtAt":0.0,"edge":13913,"offsetX":-3.4997942447662354,"offsetZ":-3.5718746185302734,"x":24200.0,"z":23816.0,"zone":4},{"angle":0.0,"building":0,"builtAt":0.0,"edge":-1,"offsetX":0.0,"offsetZ":0.0,"x":24216.0,"z":23816.0,"zone":3},{"angle":0.0,"building":0,"builtAt":0.0,"edge":-1,"offsetX":0.0,"offsetZ":0.0,"x":24232.0,"z":23816.0,"zone":3},{"angle":-2.460146903991699,"building":1,"builtAt":0.0,"edge":13965,"offsetX":-4.702062606811523,"offsetZ":-5.03186559677124,"x":24248.0,"z":23816.0,"zone":3},{"angle":-2.460153579711914,"building":2,"builtAt":0.0,"edge":13965,"offsetX":-6.684779644012451,"offsetZ":5.3215813636779785,"x":24264.0,"z":23816.0,"zone":3},{"angle":0.6814397573471069,"building":2,"builtAt":0.0,"edge":13299,"offsetX":1.6340430974960327,"offsetZ":-2.545053482055664,"x":24280.0,"z":23816.0,"zone":3},{"angle":0.0,"building":0,"builtAt":0.0,"edge":-1,"offsetX":0.0,"offsetZ":0.0,"x":24296.0,"z":23816.0,"zone":3},{"angle":0.0,"building":0,"builtAt":0.0,"edge":-1,"offsetX":0.0,"offsetZ":0.0,"x":24312.0,"z":23816.0,"zone":3},{"angle":0.0,"building":0,"builtAt":0.0,"edge":-1,"offsetX":0.0,"offsetZ":0.0,"x":24328.0,"z":23816.0,"zone":3},{"angle":0.0,"building":0,"builtAt":0.0,"edge":-1,"offsetX":0.0,"offsetZ":0.0,"x":24344.0,"z":23816.0,"zone":3},{"angle":-2.4601523876190186,"building":1,"builtAt":0.0,"edge":13300,"offsetX":-1.480333924293518,"offsetZ":6.839914798736572,"x":24360.0,"z":23816.0,"zone":3},{"angle":0.0,"building":0,"builtAt":0.0,"edge":-1,"offsetX":0.0,"offsetZ":0.0,"x":24376.0,"z":23816.0,"zone":3},{"angle":-0.8893335461616516,"building":6,"builtAt":0.0,"edge":12905,"offsetX":8.369619369506836,"offsetZ":7.637101173400879,"x":24120.0,"z":23832.0,"zone":4},{"angle":-0.8893336653709412,"building":5,"builtAt":0.0,"edge":12905,"offsetX":1.0052577257156372,"offsetZ":-4.226216793060303,"x":24136.0,"z":23832.0,"zone":4},{"angle":0.0,"building":0,"builtAt":0.0,"edge":-1,"offsetX":0.0,"offsetZ":0.0,"x":24152.0,"z":23832.0,"zone":4},{"angle":0.6814512610435486,"building":5,"builtAt":0.0,"edge":13280,"offsetX":-7.015697956085205,"offsetZ":-2.9103903770446777,"x":24168.0,"z":23832.0,"zone":4},{"angle":0.0,"building":0,"builtAt":0.0,"edge":-1,"offsetX":0.0,"offsetZ":0.0,"x":24184.0,"z":23832.0,"zone":3},{"angle":0.0,"building":0,"builtAt":0.0,"edge":-1,"offsetX":0.0,"offsetZ":0.0,"x":24200.0,"z":23832.0,"zone":3},{"angle":-0.8893382549285889,"building":2,"builtAt":0.0,"edge":13913,"offsetX":7.370224475860596,"offsetZ":2.221745729446411,"x":24216.0,"z":23832.0,"zone":3},{"angle":0.6814456582069397,"building":2,"builtAt":0.0,"edge":13965,"offsetX":0.0811879113316536,"offsetZ":-7.202043533325195,"x":24232.0,"z":23832.0,"zone":3},{"angle":0.6814391613006592,"building":22,"builtAt":0.0,"edge":13965,"offsetX":-2.7888317108154297,"offsetZ":4.245611190795898,"x":24248.0,"z":23832.0,"zone":3},{"angle":-2.4601383209228516,"building":2,"builtAt":0.0,"edge":13965,"offsetX":6.860041618347168,"offsetZ":0.25982865691185,"x":24264.0,"z":23832.0,"zone":3},{"angle":0.0,"building":0,"builtAt":0.0,"edge":-1,"offsetX":0.0,"offsetZ":0.0,"x":24280.0,"z":23832.0,"zone":3},{"angle":-0.889312744140625,"building":2,"builtAt":0.0,"edge":13964,"offsetX":3.954041004180908,"offsetZ":-2.263199806213379,"x":24296.0,"z":23832.0,"zone":3},{"angle":0.0,"building":0,"builtAt":0.0,"edge":-1,"offsetX":0.0,"offsetZ":0.0,"x":24312.0,"z":23832.0,"zone":3},{"angle":0.0,"building":0,"builtAt":0.0,"edge":-1,"offsetX":0.0,"offsetZ":0.0,"x":24328.0,"z":23832.0,"zone":3},{"angle":-2.4601523876190186,"building":3,"builtAt":0.0,"edge":13300,"offsetX":6.677258491516113,"offsetZ":0.5094102621078491,"x":24344.0,"z":23832.0,"zone":3},{"angle":0.0,"building":0,"builtAt":0.0,"edge":-1,"offsetX":0.0,"offsetZ":0.0,"x":24360.0,"z":23832.0,"zone":3},{"angle":-0.8893610239028931,"building":1,"builtAt":0.0,"edge":12975,"offsetX":5.940396785736084,"offsetZ":0.885206937789917,"x":24376.0,"z":23832.0,"zone":3},{"angle":-0.8893309235572815,"building":5,"builtAt":0.0,"edge":12905,"offsetX":-1.4291815757751465,"offsetZ":2.5570321083068848,"x":24120.0,"z":23848.0,"zone":4},{"angle":-2.460141658782959,"building":22,"builtAt":0.0,"edge":13263,"offsetX":4.917278289794922,"offsetZ":4.317948818206787,"x":24136.0,"z":23848.0,"zone":4},{"angle":0.0,"building":0,"builtAt":0.0,"edge":-1,"offsetX":0.0,"offsetZ":0.0,"x":24152.0,"z":23848.0,"zone":4},{"angle":2.252253532409668,"building":2,"builtAt":0.0,"edge":12929,"offsetX":3.917691469192505,"offsetZ":-4.106988906860352,"x":24168.0,"z":23848.0,"zone":3},{"angle":0.0,"building":0,"builtAt":0.0,"edge":-1,"offsetX":0.0,"offsetZ":0.0,"x":24184.0,"z":23848.0,"zone":3},{"angle":0.0,"building":0,"builtAt":0.0,"edge":-1,"offsetX":0.0,"offsetZ":0.0,"x":24200.0,"z":23848.0,"zone":3},{"angle":-2.4601595401763916,"building":1,"builtAt":0.0,"edge":13281,"offsetX":1.5349116325378418,"offsetZ":-5.021668910980225,"x":24216.0,"z":23848.0,"zone":3},{"angle":-2.4601502418518066,"building":2,"builtAt":0.0,"edge":13281,"offsetX":-1.4731359481811523,"offsetZ":4.506253242492676,"x":24232.0,"z":23848.0,"zone":3},{"angle":0.0,"building":0,"builtAt":0.0,"edge":-1,"offsetX":0.0,"offsetZ":0.0,"x":24248.0,"z":23848.0,"zone":3},{"angle":2.25219988822937,"building":2,"builtAt":0.0,"edge":13963,"offsetX":-5.5043511390686035,"offsetZ":0.6997568011283875,"x":24264.0,"z":23848.0,"zone":3},{"angle":0.0,"building":0,"builtAt":0.0,"edge":-1,"offsetX":0.0,"offsetZ":0.0,"x":24280.0,"z":23848.0,"zone":3},{"angle":-0.8893073201179504,"building":9,"builtAt":0.0,"edge":13964,"offsetX":-7.772511005401611,"offsetZ":-4.036646366119385,"x":24296.0,"z":23848.0,"zone":3},{"angle":0.6814513802528381,"building":2,"builtAt":0.0,"edge":13300,"offsetX":6.445250511169434,"offsetZ":-4.565215587615967,"x":24312.0,"z":23848.0,"zone":3},{"angle":0.6814402341842651,"building":1,"builtAt":0.0,"edge":13300,"offsetX":4.994560241699219,"offsetZ":6.311740875244141,"x":24328.0,"z":23848.0,"zone":3},{"angle":0.0,"building":0,"builtAt":0.0,"edge":-1,"offsetX":0.0,"offsetZ":0.0,"x":24344.0,"z":23848.0,"zone":3},{"angle":0.0,"building":0,"builtAt":0.0,"edge":-1,"offsetX":0.0,"offsetZ":0.0,"x":24360.0,"z":23848.0,"zone":3},{"angle":-2.460163116455078,"building":1,"builtAt":0.0,"edge":13301,"offsetX":-2.968886137008667,"offsetZ":5.472465991973877,"x":24376.0,"z":23848.0,"zone":3},{"angle":0.0,"building":0,"builtAt":0.0,"edge":-1,"offsetX":0.0,"offsetZ":0.0,"x":24120.0,"z":23864.0,"zone":3},{"angle":-2.460141658782959,"building":22,"builtAt":0.0,"edge":13263,"offsetX":-3.0827133655548096,"offsetZ":-1.8184751272201538,"x":24136.0,"z":23864.0,"zone":3},{"angle":2.252227306365967,"building":1,"builtAt":0.0,"edge":12929,"offsetX":0.513929009437561,"offsetZ":4.960330963134766,"x":24152.0,"z":23864.0,"zone":3},{"angle":2.2522449493408203,"building":2,"builtAt":0.0,"edge":12929,"offsetX":-6.07537317276001,"offsetZ":-7.8087944984436035,"x":24168.0,"z":23864.0,"zone":3},{"angle":0.0,"building":0,"builtAt":0.0,"edge":-1,"offsetX":0.0,"offsetZ":0.0,"x":24184.0,"z":23864.0,"zone":3},{"angle":-0.8893392086029053,"building":1,"builtAt":0.0,"edge":12929,"offsetX":-2.346407413482666,"offsetZ":0.7667375802993774,"x":24200.0,"z":23864.0,"zone":3},{"angle":0.6814424395561218,"building":1,"builtAt":0.0,"edge":13281,"offsetX":-0.7527654767036438,"offsetZ":7.345574378967285,"x":24216.0,"z":23864.0,"zone":3},{"angle":0.0,"building":0,"builtAt":0.0,"edge":-1,"offsetX":0.0,"offsetZ":0.0,"x":24232.0,"z":23864.0,"zone":3},{"angle":2.2522294521331787,"building":3,"builtAt":0.0,"edge":13963,"offsetX":-2.9162232875823975,"offsetZ":-1.1500428915023804,"x":24248.0,"z":23864.0,"zone":3},{"angle":0.0,"building":0,"builtAt":0.0,"edge":-1,"offsetX":0.0,"offsetZ":0.0,"x":24264.0,"z":23864.0,"zone":3},{"angle":-0.8893927335739136,"building":22,"builtAt":0.0,"edge":13963,"offsetX":-5.304691791534424,"offsetZ":-2.1625545024871826,"x":24280.0,"z":23864.0,"zone":3},{"angle":0.0,"building":0,"builtAt":0.0,"edge":-1,"offsetX":0.0,"offsetZ":0.0,"x":24296.0,"z":23864.0,"zone":3},{"angle":0.6814402341842651,"building":1,"builtAt":0.0,"edge":13300,"offsetX":7.199481964111328,"offsetZ":7.320732593536377,"x":24312.0,"z":23864.0,"zone":3},{"angle":0.6814402341842651,"building":2,"builtAt":0.0,"edge":13300,"offsetX":-1.9029790163040161,"offsetZ":-1.1837632656097412,"x":24328.0,"z":23864.0,"zone":3},{"angle":0.0,"building":0,"builtAt":0.0,"edge":-1,"offsetX":0.0,"offsetZ":0.0,"x":24344.0,"z":23864.0,"zone":3},{"angle":0.0,"building":0,"builtAt":0.0,"edge":-1,"offsetX":0.0,"offsetZ":0.0,"x":24360.0,"z":23864.0,"zone":3},{"angle":0.0,"building":0,"builtAt":0.0,"edge":-1,"offsetX":0.0,"offsetZ":0.0,"x":24376.0,"z":23864.0,"zone":3},{"angle":0.6814510226249695,"building":3,"builtAt":0.0,"edge":13263,"offsetX":-0.9781666994094849,"offsetZ":-0.6861004829406738,"x":24120.0,"z":23880.0,"zone":3},{"angle":0.0,"building":0,"builtAt":0.0,"edge":-1,"offsetX":0.0,"offsetZ":0.0,"x":24136.0,"z":23880.0,"zone":3},{"angle":0.0,"building":0,"builtAt":0.0,"edge":-1,"offsetX":0.0,"offsetZ":0.0,"x":24152.0,"z":23880.0,"zone":3},{"angle":0.0,"building":0,"builtAt":0.0,"edge":-1,"offsetX":0.0,"offsetZ":0.0,"x":24168.0,"z":23880.0,"zone":3},{"angle":-0.8893476724624634,"building":22,"builtAt":0.0,"edge":12929,"offsetX":4.715261936187744,"offsetZ":-2.0799789428710938,"x":24184.0,"z":23880.0,"zone":3},{"angle":-0.8893476724624634,"building":2,"builtAt":0.0,"edge":12929,"offsetX":-1.8094741106033325,"offsetZ":5.605030536651611,"x":24200.0,"z":23880.0,"zone":3},{"angle":0.6814424395561218,"building":1,"builtAt":0.0,"edge":13281,"offsetX":-7.177887916564941,"offsetZ":-0.7324435114860535,"x":24216.0,"z":23880.0,"zone":3},{"angle":0.6814351677894592,"building":22,"builtAt":0.0,"edge":13281,"offsetX":-5.124192714691162,"offsetZ":2.552527666091919,"x":24232.0,"z":23880.0,"zone":3},{"angle":0.0,"building":0,"builtAt":0.0,"edge":-1,"offsetX":0.0,"offsetZ":0.0,"x":24248.0,"z":23880.0,"zone":3},{"angle":-2.460120439529419,"building":1,"builtAt":0.0,"edge":13282,"offsetX":-0.1702347695827484,"offsetZ":0.36719614267349243,"x":24264.0,"z":23880.0,"zone":3},{"angle":0.0,"building":0,"builtAt":0.0,"edge":-1,"offsetX":0.0,"offsetZ":0.0,"x":24280.0,"z":23880.0,"zone":3},{"angle":0.0,"building":0,"builtAt":0.0,"edge":-1,"offsetX":0.0,"offsetZ":0.0,"x":24296.0,"z":23880.0,"zone":3},{"angle":0.0,"building":0,"builtAt":0.0,"edge":-1,"offsetX":0.0,"offsetZ":0.0,"x":24312.0,"z":23880.0,"zone":3},{"angle":0.0,"building":0,"builtAt":0.0,"edge":-1,"offsetX":0.0,"offsetZ":0.0,"x":24328.0,"z":23880.0,"zone":3},{"angle":0.6814295053482056,"building":2,"builtAt":0.0,"edge":13301,"offsetX":4.860622882843018,"offsetZ":3.2747409343719482,"x":24344.0,"z":23880.0,"zone":3},{"angle":0.6814295053482056,"building":2,"builtAt":0.0,"edge":13301,"offsetX":-3.769501209259033,"offsetZ":-5.812334060668945,"x":24360.0,"z":23880.0,"zone":3},{"angle":0.0,"building":0,"builtAt":0.0,"edge":-1,"offsetX":0.0,"offsetZ":0.0,"x":24376.0,"z":23880.0,"zone":3},{"angle":0.0,"building":0,"builtAt":0.0,"edge":-1,"offsetX":0.0,"offsetZ":0.0,"x":24120.0,"z":23896.0,"zone":3},{"angle":0.6814523339271545,"building":2,"builtAt":0.0,"edge":13263,"offsetX":-1.9446426630020142,"offsetZ":-6.384598731994629,"x":24136.0,"z":23896.0,"zone":3},{"angle":0.0,"building":0,"builtAt":0.0,"edge":-1,"offsetX":0.0,"offsetZ":0.0,"x":24152.0,"z":23896.0,"zone":3},{"angle":0.0,"building":0,"builtAt":0.0,"edge":-1,"offsetX":0.0,"offsetZ":0.0,"x":24168.0,"z":23896.0,"zone":3},{"angle":-0.8893652558326721,"building":2,"builtAt":0.0,"edge":12929,"offsetX":-5.706597805023193,"offsetZ":-6.131718158721924,"x":24184.0,"z":23896.0,"zone":3},{"angle":-2.460132598876953,"building":1,"builtAt":0.0,"edge":13264,"offsetX":-5.5728678703308105,"offsetZ":2.5290729999542236,"x":24200.0,"z":23896.0,"zone":3},{"angle":2.252258777618408,"building":22,"builtAt":0.0,"edge":12953,"offsetX":-0.5795812010765076,"offsetZ":4.807994365692139,"x":24216.0,"z":23896.0,"zone":3},{"angle":0.0,"building":0,"builtAt":0.0,"edge":-1,"offsetX":0.0,"offsetZ":0.0,"x":24232.0,"z":23896.0,"zone":3},{"angle":0.68147212266922,"building":2,"builtAt":0.0,"edge":13282,"offsetX":0.43848636746406555,"offsetZ":3.343026876449585,"x":24248.0,"z":23896.0,"zone":3},{"angle":0.0,"building":0,"builtAt":0.0,"edge":-1,"offsetX":0.0,"offsetZ":0.0,"x":24264.0,"z":23896.0,"zone":3},{"angle":0.0,"building":0,"builtAt":0.0,"edge":-1,"offsetX":0.0,"offsetZ":0.0,"x":24280.0,"z":23896.0,"zone":3},{"angle":-2.4601526260375977,"building":1,"builtAt":0.0,"edge":13282,"offsetX":4.047951698303223,"offsetZ":0.5160175561904907,"x":24296.0,"z":23896.0,"zone":3},{"angle":0.0,"building":0,"builtAt":0.0,"edge":-1,"offsetX":0.0,"offsetZ":0.0,"x":24312.0,"z":23896.0,"zone":3},{"angle":0.0,"building":0,"builtAt":0.0,"edge":-1,"offsetX":0.0,"offsetZ":0.0,"x":24328.0,"z":23896.0,"zone":3},{"angle":0.0,"building":0,"builtAt":0.0,"edge":-1,"offsetX":0.0,"offsetZ":0.0,"x":24344.0,"z":23896.0,"zone":3},{"angle":0.0,"building":0,"builtAt":0.0,"edge":-1,"offsetX":0.0,"offsetZ":0.0,"x":24360.0,"z":23896.0,"zone":3},{"angle":0.6814571619033813,"building":1,"builtAt":0.0,"edge":13301,"offsetX":7.092221260070801,"offsetZ":-0.9299120306968689,"x":24376.0,"z":23896.0,"zone":3}],"zonePalette":false}
[176.763s] [TravelCost] frame=16444 total=1171.10 terrain=2.00 road=6.02 parts=0.00 node=0.00 marks=0.00 furniture=0.00 fallback=0.00 edges=0 nodes=0
[176.863s] [TravelCost] frame=16445 total=1195.61 terrain=2.28 road=6.84 parts=0.00 node=0.00 marks=0.00 furniture=0.00 fallback=0.00 edges=0 nodes=0
[176.963s] [TravelCost] frame=16446 total=1198.43 terrain=1.94 road=7.04 parts=0.00 node=0.00 marks=0.00 furniture=0.00 fallback=0.00 edges=0 nodes=0
[177.063s] [TravelCost] frame=16447 total=1176.64 terrain=2.20 road=7.48 parts=0.00 node=0.00 marks=0.00 furniture=0.00 fallback=0.00 edges=0 nodes=0
[177.163s] [TravelCost] frame=16448 total=1197.05 terrain=2.09 road=7.28 parts=0.00 node=0.00 marks=0.00 furniture=0.00 fallback=0.00 edges=0 nodes=0
[177.263s] [TravelCost] frame=16449 total=1219.17 terrain=1.73 road=7.24 parts=0.00 node=0.00 marks=0.00 furniture=0.00 fallback=0.00 edges=0 nodes=0
[177.363s] [TravelCost] frame=16450 total=1233.37 terrain=1.77 road=7.12 parts=0.00 node=0.00 marks=0.00 furniture=0.00 fallback=0.00 edges=0 nodes=0
[177.463s] [TravelCost] frame=16451 total=1234.57 terrain=2.41 road=7.14 parts=0.00 node=0.00 marks=0.00 furniture=0.00 fallback=0.00 edges=0 nodes=0
[177.563s] [TravelCost] frame=16452 total=1181.56 terrain=1.68 road=7.07 parts=0.00 node=0.00 marks=0.00 furniture=0.00 fallback=0.00 edges=0 nodes=0
[177.663s] [TravelCost] frame=16453 total=1169.84 terrain=2.41 road=7.22 parts=0.00 node=0.00 marks=0.00 furniture=0.00 fallback=0.00 edges=0 nodes=0
[177.763s] [TravelCost] frame=16454 total=1213.90 terrain=1.91 road=6.77 parts=0.00 node=0.00 marks=0.00 furniture=0.00 fallback=0.00 edges=0 nodes=0
[177.863s] [TravelCost] frame=16455 total=1172.76 terrain=1.97 road=7.04 parts=0.00 node=0.00 marks=0.00 furniture=0.00 fallback=0.00 edges=0 nodes=0
[177.963s] [TravelCost] frame=16456 total=1219.61 terrain=1.72 road=5.41 parts=0.00 node=0.00 marks=0.00 furniture=0.00 fallback=0.00 edges=0 nodes=0
[178.063s] [TravelCost] frame=16457 total=1168.95 terrain=1.91 road=6.83 parts=0.00 node=0.00 marks=0.00 furniture=0.00 fallback=0.00 edges=0 nodes=0
[178.163s] [TravelCost] frame=16458 total=1172.33 terrain=2.87 road=7.11 parts=0.00 node=0.00 marks=0.00 furniture=0.00 fallback=0.00 edges=0 nodes=0
[178.263s] [TravelCost] frame=16459 total=1193.70 terrain=1.86 road=7.36 parts=0.00 node=0.00 marks=0.00 furniture=0.00 fallback=0.00 edges=0 nodes=0
[178.363s] [PlaytestInput] frame=16460 key=M
[178.363s] [PlaytestState] {"cameraMode":0,"commandId":2,"commandInput":"","commandMessage":"","commandPalette":false,"cursorX":400,"cursorY":322,"development":{"completed":0,"count":0},"draftMessage":"","draftPoints":0,"draftValid":false,"driving":false,"editMode":1,"eyeY":127.85540962219238,"focusX":24252.0,"focusY":32.575355529785156,"focusZ":23772.0,"focused":true,"fps":0.8249021459829327,"fpsGraph":false,"frame":16460,"funds":30.0,"gameHour":8.039999961853027,"income":30.30898,"localMapCenter":[24252.0,23772.0],"localMapHeadingUp":false,"localMapSpan":2000.0,"logicMs":0.007,"maintenance":22.71789867024176,"map":true,"mapBuilds":1,"mapContext":false,"mapCustomPixelShader":false,"mapX":24252.0,"mapZ":23772.0,"mapZoom":4.0,"nearbyRoads":[{"id":13765,"length":50.096553802490234,"open":true,"points":[[24184.24609375,37.4201545715332,23402.494140625],[24186.875701653287,37.40728381084992,23399.251700376903],[24189.505321628036,37.39441322377609,23396.009269413647],[24192.13495535041,37.38154279538986,23392.76685086862],[24194.764607319616,37.3686724969565,23389.524444394105],[24197.39427686403,37.35580232505256,23386.28205601808],[24200.023969426198,37.34293224633382,23383.03968422982],[24202.653686687965,37.3300622458652,23379.797332155933],[24205.28343221296,37.31719229950511,23376.55500060337],[24207.913208624905,37.3043223877148,23373.312691538697],[24210.54301290479,37.29145251857272,23370.070413886242],[24213.172855200828,37.27858263572094,23366.82816033748],[24215.802734375,37.26571273803711,23363.5859375]],"width":6.839999675750732},{"id":12848,"length":75.3116455078125,"open":true,"points":[[24084.107421875,37.087406158447266,23525.958984375],[24088.060467116073,37.16626111068103,23521.08506040685],[24092.013515184633,37.24511625176747,23516.21113973381],[24095.96657208912,37.323971675073395,23511.33722172911],[24099.919638182968,37.40282736116019,23506.46331273845],[24103.872715586796,37.481683325840706,23501.58941692878],[24107.825811369345,37.5605396836325,23496.71553236658],[24111.778925530612,37.63939640804538,23491.841665833912],[24115.732066553086,37.718253641796956,23486.96781365497],[24119.685233023018,37.79711133019375,23482.09398435553],[24123.638427767906,37.87596950314544,23477.220181232686],[24127.591653615236,37.95482819056031,23472.346407583984],[24131.544921875,38.033687591552734,23467.47265625]],"width":6.839999675750732},{"id":13803,"length":42.66592788696289,"open":true,"points":[[24030.35546875,36.810420989990234,23592.232421875],[24032.595074936515,36.82196156057961,23589.47091519256],[24034.834717167832,36.83350218446301,23586.7094386571],[24037.07439424246,36.84504288193082,23583.947986972722],[24039.31409935193,36.85658364438469,23581.18656175571],[24041.553831294757,36.86812449212058,23578.425157708254],[24043.793586466458,36.87966543305448,23575.663772494532],[24046.033362464048,36.89120648129518,23572.902402296728],[24048.27315287956,36.902747630316185,23570.14104823402],[24050.51295771298,36.91428890661078,23567.37970352492],[24052.75277215836,36.92583031190877,23564.61836731265],[24054.992594613694,36.937371864449794,23561.857034790108],[24057.232421875,36.94891357421875,23559.095703125]],"width":6.839999675750732},{"id":12846,"length":67.05158233642578,"open":true,"points":[[23932.33984375,36.665016174316406,23713.080078125],[23935.859602655484,36.65745122294311,23708.740449793775],[23939.37936581846,36.649886408187065,23704.400825228724],[23942.8991291114,36.64232170975856,23700.06119957648],[23946.418888408632,36.63475710736793,23695.721567982335],[23949.938637068397,36.627192586136054,23691.381928694373],[23953.458367820655,36.61962813253649,23687.042280735826],[23956.978079690016,36.6120637195163,23682.70261536913],[23960.497765407727,36.60449933354903,23678.36293161607],[23964.01741896398,36.596934958402926,23674.023226945996],[23967.537046936166,36.58937055079332,23669.683483307534],[23971.056630726198,36.581806121541376,23665.343713689967],[23974.576171875,36.574241638183594,23661.00390625]],"width":6.839999675750732},{"id":13798,"length":43.819332122802734,"open":true,"points":[[23877.13671875,35.95730972290039,23781.14453125],[23879.43667615991,35.98679878586915,23778.30845421157],[23881.736678975623,36.01628748771652,23775.472413177602],[23884.036723496563,36.04577588123472,23772.636404344812],[23886.336802732694,36.075263977032684,23769.800427966748],[23888.636915658204,36.10475186217441,23766.964476943947],[23890.937058780375,36.134239592086665,23764.12854721956],[23893.237225316567,36.16372718001316,23761.292638793584],[23895.537410952373,36.193214670834266,23758.4567486234],[23897.837613841682,36.22270214106757,23755.620870623734],[23900.13782884821,36.25218962504794,23752.785002766177],[23902.438054126484,36.28167719929376,23749.949138965458],[23904.73828125,36.31116485595703,23747.11328125]],"width":6.839999675750732},{"id":12828,"length":75.30938720703125,"open":true,"points":[[24013.26953125,37.10893249511719,23468.50390625],[24017.222511742268,37.1708810068476,23463.63006072069],[24021.175491108555,37.232829739645666,23458.756215],[24025.128469283103,37.29477877226197,23453.88236758934],[24029.081446199918,37.35672818344729,23449.00851699034],[24033.034417904953,37.41867799102468,23444.13466649836],[24036.987388219233,37.480628334671515,23439.260809822343],[24040.94035601517,37.542579276520016,23434.386946772516],[24044.893314509874,37.60453079007914,23429.51308413177],[24048.846263988315,37.666482959633385,23424.63921996844],[24052.799211802725,37.72843598024197,23419.765343636907],[24056.75214834066,37.790389781096486,23414.89146540829],[24060.705078125,37.85234451293945,23410.017578125]],"width":11.699999809265137},{"id":12827,"length":85.33165740966797,"open":true,"points":[[23959.517578125,36.91480255126953,23534.77734375],[23963.996674585433,36.93097999515878,23529.254367616777],[23968.475848849805,36.94715758307664,23523.731455351623],[23972.95509053209,36.96333527551393,23518.20859783474],[23977.434389246013,36.97951303296118,23512.68578594618],[23981.913732602752,36.99569080867683,23507.163013034788],[23986.393113820086,37.01186857616892,23501.64026553667],[23990.87251490219,37.02804626844681,23496.11754371365],[23995.35193707665,37.044223887947325,23490.594824126943],[23999.831360745695,37.060401361895565,23485.072109014116],[24004.31076631146,37.07657861751818,23479.549400613523],[24008.790166215997,37.09275569775327,23474.02666166201],[24013.26953125,37.10893249511719,23468.50390625]],"width":11.699999809265137},{"id":13709,"length":44.274784088134766,"open":true,"points":[[23903.73828125,37.11899185180664,23603.55078125],[23906.062333638198,37.11048459153696,23600.68521746723],[23908.386348553508,37.10197722021235,23597.81962305773],[23910.71033726955,37.09346974619996,23594.95400762107],[23913.03431023004,37.08496218090954,23592.088381782087],[23915.35827933422,37.07645453042631,23589.222754372517],[23917.68226146896,37.06794678257984,23586.3571280755],[23920.00626105515,37.059438970838755,23583.49152094687],[23922.33029082559,37.050931098245655,23580.625940794293],[23924.654361020206,37.04242317697094,23577.760398499933],[23926.9784885285,37.03391519484421,23574.89489674798],[23929.302681929003,37.02540717012107,23572.02944847039],[23931.626953125,37.01689910888672,23569.1640625]],"width":11.699999809265137},{"id":12825,"length":67.05155181884766,"open":true,"points":[[23861.5,37.06214904785156,23655.626953125],[23865.019852805905,37.06688577552947,23651.287268684824],[23868.53966801083,37.07162254386452,23646.947553776536],[23872.059456972547,37.07635934989213,23642.607817897562],[23875.579231049614,37.08109619064771,23638.26807054566],[23879.099003804145,37.08583306613127,23633.928318502767],[23882.618783134385,37.09056996871959,23629.588575535163],[23886.138582603602,37.095306898412666,23625.248848425177],[23889.658413257974,37.10004385182243,23620.909147059323],[23893.178288661627,37.10478082894883,23616.569478220266],[23896.698217343874,37.10951782301572,23612.229854898615],[23900.218207834067,37.114254827246896,23607.890290084742],[23903.73828125,37.11899185180664,23603.55078125]],"width":11.699999809265137},{"id":12863,"length":95.55066680908203,"open":true,"points":[[23879.728515625,33.08394241333008,23906.271484375],[23884.744139429185,33.14690962367487,23900.08740381815],[23889.75976323336,33.20987670156497,23893.9033232613],[23894.775388831273,33.272843696010014,23887.71924049285],[23899.791012635458,33.33581058846346,23881.535159936],[23904.80663823336,33.398777450453714,23875.35107716755],[23909.822263831273,33.46174428595299,23869.1669943991],[23914.83788584173,33.52471107641486,23862.98291605385],[23919.85351323336,33.58767796092376,23856.7988310738],[23924.869140625,33.65064489841461,23850.61474609375],[23929.884764429185,33.713611870340856,23844.4306655369],[23934.90038823336,33.77657894823086,23838.24658498005],[23939.916015625,33.83954620361328,23832.0625]],"width":11.699999809265137},{"id":13800,"length":43.81911087036133,"open":true,"points":[[23939.916015625,33.83954620361328,23832.0625],[23942.21624357117,33.866601192475855,23829.226641270332],[23944.516467204146,33.89365621036609,23826.390779498033],[23946.816682622004,33.920711291149594,23823.554911133368],[23949.116886745254,33.94776647836784,23820.71903161239],[23951.417073203665,33.974821776858796,23817.88314042799],[23953.717239739835,34.00187723983982,23815.04723200202],[23956.017382039387,34.028932896338574,23812.211303291842],[23958.31749496488,34.05598876570684,23809.37535226904],[23960.61757502354,34.08304488664816,23806.539374876767],[23962.91761872191,34.110101297866095,23803.703367058188],[23965.217620920717,34.1371580187124,23800.86732678488],[23967.517578125,34.164215087890625,23798.03125]],"width":11.699999809265137},{"id":12865,"length":67.05329895019531,"open":true,"points":[[23995.12109375,34.48888397216797,23764.0],[23998.64062938188,34.52957832157744,23759.660190670154],[24002.160202633302,34.57027316000235,23755.320411133245],[24005.67980990219,34.61096834088757,23750.98066063098],[24009.199448845262,34.651663732229316,23746.640936851985],[24012.7191161751,34.69235919110732,23742.301238648168],[24016.23881489763,34.733054647368476,23737.961557111295],[24019.758536689937,34.77374989987762,23733.621897300804],[24023.27827826322,34.814444805714594,23729.282258068662],[24026.798036327833,34.85513922196077,23724.942638267617],[24030.317817663505,34.89583312212774,23720.603024335614],[24033.837616461224,34.936526334194355,23716.263418231687],[24037.357421875,34.97721862792969,23711.923828125]],"width":11.699999809265137},{"id":13838,"length":44.27477264404297,"open":true,"points":[[24037.357421875,34.97721862792969,23711.923828125],[24039.681514259955,34.984874387861225,23709.058298306856],[24042.005635605947,34.9925303979742,23706.19279223199],[24044.329775391227,35.0001866194645,23703.327300952984],[24046.65392309358,35.00784301352515,23700.461815520986],[24048.97806819043,35.01549954134668,23697.596326985862],[24051.302198496604,35.02315615864126,23694.730828446016],[24053.626305567086,35.03081283344134,23691.865308387547],[24055.9503759699,35.03846951734913,23688.999761444655],[24058.274400428956,35.04612617565716,23686.134177127326],[24060.59836883717,35.05378277091949,23683.268545970204],[24062.92226776348,35.061439254738005,23680.402862607305],[24065.24609375,35.069095611572266,23677.537109375]],"width":11.699999809265137},{"id":13805,"length":42.66621017456055,"open":true,"points":[[24093.13671875,35.160972595214844,23643.150390625],[24095.376478798866,35.17807311961731,23640.389140428164],[24097.61623166541,35.195173773418325,23637.62788394325],[24099.85596896586,35.21227451789498,23634.866616363466],[24102.095684719436,35.22937533267133,23632.105329919537],[24104.335370141973,35.246476175966606,23629.344020298522],[24106.575020053744,35.263577033520846,23626.582678743725],[24108.81462527028,35.28067786049566,23623.82130143613],[24111.05417660736,35.297778612052944,23621.05988455699],[24113.29367048734,35.31487928616497,23618.29841737471],[24115.533096925374,35.33197983187869,23615.536897058384],[24117.77244914044,35.349080222704444,23612.775316827],[24120.01171875,35.366180419921875,23610.013671875]],"width":11.699999809265137},{"id":12868,"length":75.3056869506836,"open":true,"points":[[24146.888671875,35.571388244628906,23576.876953125],[24150.84187114453,35.572666267647826,23572.003285452134],[24154.79502970216,35.573944412155285,23567.129585009192],[24158.74814783494,35.575222653942156,23562.255849864967],[24162.701223002638,35.576500967886844,23557.382081573513],[24166.65425549261,35.57777932978333,23552.508278202306],[24170.60724276476,35.57905771451226,23547.6344413044],[24174.560189347416,35.58033609924075,23542.760563717216],[24178.5130912864,35.5816144583929,23537.886648736127],[24182.465941800103,35.582892765478306,23533.012703142584],[24186.418753897626,35.58417100040609,23528.138709314935],[24190.371509487406,35.585449133027254,23523.264687979212],[24194.32421875,35.586727142333984,23518.390625]],"width":11.699999809265137},{"id":12869,"length":83.66351318359375,"open":true,"points":[[24194.32421875,35.586727142333984,23518.390625],[24198.716282468078,35.571062044128325,23512.97602062058],[24203.108272871577,35.555396965530576,23507.56135520152],[24207.500201953488,35.53973191214299,23502.146644242952],[24211.892089560028,35.52406686155655,23496.73189356258],[24216.283943757302,35.50840183337914,23491.317123501452],[24220.675787532586,35.4927367939972,23485.902336004074],[24225.06762502529,35.47707177702432,23480.487556252632],[24229.45948236391,35.4614067376424,23475.07278231859],[24233.851366829185,35.44574169826047,23469.658035511213],[24238.24329512582,35.430076647674014,23464.24332552093],[24242.635283958687,35.414411574678525,23458.82866203837],[24247.02734375,35.398746490478516,23453.4140625]],"width":11.699999809265137},{"id":12870,"length":100.1954345703125,"open":true,"points":[[24247.02734375,35.398746490478516,23453.4140625],[24252.286625672285,35.33585647150697,23446.929233396535],[24257.545945410602,35.27296621388653,23440.44443384452],[24262.805298461706,35.21007582607446,23433.959664196016],[24268.064685965022,35.147185349053295,23427.47491784504],[24273.324102476887,35.084294902523546,23420.99019630201],[24278.583545374742,35.021404572448546,23414.505497598435],[24283.843010154815,34.95851446728277,23408.020822084938],[24289.102499836597,34.8956246055169,23401.536160836054],[24294.36200615351,34.83273514058905,23395.05151884134],[24299.621535885934,34.769846046009924,23388.566882538275],[24304.88107324183,34.706957565185576,23382.08226619463],[24310.140625,34.64406967163086,23375.59765625]],"width":11.699999809265137},{"id":13860,"length":47.774295806884766,"open":true,"points":[[23929.4140625,32.499351501464844,23946.568359375],[23931.921953550307,32.51656212450474,23943.476464527605],[23934.42984101316,32.53377286863406,23940.38456732076],[23936.93772152532,32.55098369752456,23937.292665118686],[23939.445593517274,32.568194587157464,23934.200753074303],[23941.953452056274,32.585405490432684,23931.108830487286],[23944.461292658,32.602616363327236,23928.016896104844],[23946.96911532246,32.61982719259334,23924.924943145877],[23949.47691287473,32.63703791574318,23921.83297367587],[23951.984687108546,32.6542485318399,23918.74097870318],[23954.492430849004,32.671458978396466,23915.648960294704],[23957.00014050864,32.688669217546796,23912.556916095113],[23959.5078125,32.70587921142578,23909.46484375]],"width":13.199999809265137},{"id":12885,"length":67.05479431152344,"open":true,"points":[[24044.8046875,33.62478256225586,23804.298828125],[24048.3245399912,33.68003555464113,23799.959144072836],[24051.84435551083,33.73528916361205,23795.619428776536],[24055.364144472547,33.79054331328093,23791.279692897562],[24058.883918549614,33.845797947519294,23786.93994554566],[24062.403690045376,33.901053020077775,23782.60019505479],[24065.923470634385,33.956308474825384,23778.260450535163],[24069.443270103602,34.011564225988764,23773.920723425177],[24072.963100757974,34.06682022731537,23769.581022059323],[24076.482976161627,34.12207645231277,23765.241353220266],[24080.002904843874,34.177332795444535,23760.901729898615],[24083.522900369382,34.23258923021713,23756.562158877136],[24087.04296875,34.287845611572266,23752.22265625]],"width":13.199999809265137},{"id":13840,"length":44.27477264404297,"open":true,"points":[[24087.04296875,34.287845611572266,23752.22265625],[24089.367020930407,34.29522195075178,23749.357092723447],[24091.691035222346,34.30259851734804,23746.49149908259],[24094.015023938406,34.309975280920696,23743.625883645916],[24096.33899773004,34.31735220575073,23740.760256782087],[24098.662967665343,34.32472925743607,23737.894628347687],[24100.98694896896,34.33210641476422,23735.0290030755],[24103.310945230667,34.33948361958525,23732.16340004608],[24105.634976663336,34.346860866513346,23729.29781784386],[24107.959048520206,34.354238102672724,23726.432273499933],[24110.2831760285,34.361615306845835,23723.56677174798],[24112.607369429003,34.36899244198496,23720.70132347039],[24114.931640625,34.37636947631836,23717.8359375]],"width":13.199999809265137}],"pauseMenu":false,"pedestrians":{"completed":0,"drawCalls":0,"population":10000,"renderMs":0.0,"ridingCar":0,"ridingTrain":0,"updateMs":0.0,"visible":0,"waitingCar":0,"waitingTrain":0,"walking":0},"plans":0,"population":233146,"railway":{"depots":0,"edgeCount":1269,"editorVisible":false,"lines":[{"enabled":true,"first":480,"id":0,"interval":270.0,"last":1380,"name":"汐淵・鵜池線","next":270.0,"stops":[17680,17681]},{"enabled":true,"first":480,"id":1,"interval":1380.0,"last":1380,"name":"鵜池・常宮線","next":1440.0,"stops":[17681,17743]},{"enabled":true,"first":480,"id":2,"interval":210.0,"last":1380,"name":"常宮・網瀬洗線","next":210.0,"stops":[17743,18160]},{"enabled":true,"first":480,"id":3,"interval":1140.0,"last":1380,"name":"網瀬洗・葦草第3地区線","next":1440.0,"stops":[18160,18212]},{"enabled":true,"first":480,"id":4,"interval":120.0,"last":1380,"name":"葦草第3地区・葦草線","next":120.0,"stops":[18212,18559]},{"enabled":true,"first":480,"id":5,"interval":150.0,"last":1380,"name":"葦草第3地区・葦草第2地区線","next":150.0,"stops":[18212,18574]},{"enabled":true,"first":480,"id":6,"interval":210.0,"last":1380,"name":"葦草第3地区・秋神線","next":210.0,"stops":[18212,18602]},{"enabled":true,"first":480,"id":7,"interval":990.0,"last":1380,"name":"葦草第2地区・玉寺線","next":1440.0,"stops":[18574,18654]}],"message":"","stations":[{"id":17680,"name":"汐淵","position":[62375.3515625,52.0,53503.86328125]},{"id":17681,"name":"鵜池","position":[58668.0078125,43.0,52852.76953125]},{"id":17743,"name":"常宮","position":[48529.0546875,69.5,30835.60546875]},{"id":18160,"name":"網瀬洗","position":[45508.171875,48.5,30061.234375]},{"id":18212,"name":"葦草第3地区","position":[24688.427734375,52.0,22959.96875]},{"id":18559,"name":"葦草","position":[24090.08984375,57.0,23697.6875]},{"id":18574,"name":"葦草第2地区","position":[23546.435546875,44.5,24367.982421875]},{"id":18602,"name":"秋神","position":[23495.00390625,64.0,19984.44140625]},{"id":18654,"name":"玉寺","position":[16738.02734375,50.0,43665.12890625]}],"trains":[]},"renderMs":0.24,"selectionId":-1,"selectionKind":0,"signalsMs":0.0,"sound":{"enginePitch":1.0,"enginePlaying":false,"events":0,"outputPeak":0.0,"volume":0.6},"textInput":false,"timeSpeed":0,"townLabels":[],"traffic":{"accessPoints":20526,"cars":0,"completed":0,"localCars":0,"localTarget":0,"routeFailures":0,"spawned":0,"stopped":0,"updateMs":0.0},"zone":2,"zoneBrush":1,"zoneCells":[{"angle":0.0,"building":0,"builtAt":0.0,"edge":-1,"offsetX":0.0,"offsetZ":0.0,"x":24120.0,"z":23640.0,"zone":4},{"angle":0.0,"building":0,"builtAt":0.0,"edge":-1,"offsetX":0.0,"offsetZ":0.0,"x":24136.0,"z":23640.0,"zone":4},{"angle":0.0,"building":0,"builtAt":0.0,"edge":-1,"offsetX":0.0,"offsetZ":0.0,"x":24152.0,"z":23640.0,"zone":4},{"angle":0.0,"building":0,"builtAt":0.0,"edge":-1,"offsetX":0.0,"offsetZ":0.0,"x":24168.0,"z":23640.0,"zone":4},{"angle":0.0,"building":0,"builtAt":0.0,"edge":-1,"offsetX":0.0,"offsetZ":0.0,"x":24184.0,"z":23640.0,"zone":4},{"angle":0.0,"building":0,"builtAt":0.0,"edge":-1,"offsetX":0.0,"offsetZ":0.0,"x":24200.0,"z":23640.0,"zone":4},{"angle":0.6814513206481934,"building":3,"builtAt":0.0,"edge":13314,"offsetX":-6.154786109924316,"offsetZ":2.631944417953491,"x":24216.0,"z":23640.0,"zone":4},{"angle":-2.460141897201538,"building":5,"builtAt":0.0,"edge":13314,"offsetX":1.7993888854980469,"offsetZ":-6.4174346923828125,"x":24232.0,"z":23640.0,"zone":4},{"angle":-2.4601361751556396,"building":2,"builtAt":0.0,"edge":13314,"offsetX":-4.6434125900268555,"offsetZ":2.282050371170044,"x":24248.0,"z":23640.0,"zone":3},{"angle":2.252218246459961,"building":2,"builtAt":0.0,"edge":12908,"offsetX":-0.9941437244415283,"offsetZ":-0.4055778384208679,"x":24264.0,"z":23640.0,"zone":3},{"angle":-0.8893780708312988,"building":22,"builtAt":0.0,"edge":12908,"offsetX":7.369665145874023,"offsetZ":2.3371095657348633,"x":24280.0,"z":23640.0,"zone":3},{"angle":-0.889374315738678,"building":1,"builtAt":0.0,"edge":12908,"offsetX":7.7662787437438965,"offsetZ":-1.3832064867019653,"x":24296.0,"z":23640.0,"zone":3},{"angle":0.6814509630203247,"building":22,"builtAt":0.0,"edge":13331,"offsetX":6.718299388885498,"offsetZ":-6.901330947875977,"x":24312.0,"z":23640.0,"zone":3},{"angle":0.681452214717865,"building":22,"builtAt":0.0,"edge":13331,"offsetX":4.242094039916992,"offsetZ":4.104255676269531,"x":24328.0,"z":23640.0,"zone":3},{"angle":0.0,"building":0,"builtAt":0.0,"edge":-1,"offsetX":0.0,"offsetZ":0.0,"x":24344.0,"z":23640.0,"zone":3},{"angle":0.0,"building":0,"builtAt":0.0,"edge":-1,"offsetX":0.0,"offsetZ":0.0,"x":24360.0,"z":23640.0,"zone":3},{"angle":-2.4601478576660156,"building":1,"builtAt":0.0,"edge":13332,"offsetX":4.05752420425415,"offsetZ":3.6997785568237305,"x":24376.0,"z":23640.0,"zone":3},{"angle":0.0,"building":0,"builtAt":0.0,"edge":-1,"offsetX":0.0,"offsetZ":0.0,"x":24120.0,"z":23656.0,"zone":4},{"angle":0.0,"building":0,"builtAt":0.0,"edge":-1,"offsetX":0.0,"offsetZ":0.0,"x":24136.0,"z":23656.0,"zone":4},{"angle":0.0,"building":0,"builtAt":0.0,"edge":-1,"offsetX":0.0,"offsetZ":0.0,"x":24152.0,"z":23656.0,"zone":4},{"angle":0.0,"building":0,"builtAt":0.0,"edge":-1,"offsetX":0.0,"offsetZ":0.0,"x":24168.0,"z":23656.0,"zone":4},{"angle":0.0,"building":0,"builtAt":0.0,"edge":-1,"offsetX":0.0,"offsetZ":0.0,"x":24184.0,"z":23656.0,"zone":4},{"angle":0.0,"building":0,"builtAt":0.0,"edge":-1,"offsetX":0.0,"offsetZ":0.0,"x":24200.0,"z":23656.0,"zone":4},{"angle":0.0,"building":0,"builtAt":0.0,"edge":-1,"offsetX":0.0,"offsetZ":0.0,"x":24216.0,"z":23656.0,"zone":4},{"angle":0.6814565062522888,"building":6,"builtAt":0.0,"edge":13314,"offsetX":-2.1279075145721436,"offsetZ":2.9075474739074707,"x":24232.0,"z":23656.0,"zone":4},{"angle":-2.4601240158081055,"building":1,"builtAt":0.0,"edge":13314,"offsetX":4.912959575653076,"offsetZ":-5.019773960113525,"x":24248.0,"z":23656.0,"zone":3},{"angle":-0.889363169670105,"building":22,"builtAt":0.0,"edge":12908,"offsetX":6.674422264099121,"offsetZ":6.832186698913574,"x":24264.0,"z":23656.0,"zone":3},{"angle":-0.889374315738678,"building":1,"builtAt":0.0,"edge":12908,"offsetX":-2.0070576667785645,"offsetZ":-4.250811576843262,"x":24280.0,"z":23656.0,"zone":3},{"angle":-0.8893780708312988,"building":2,"builtAt":0.0,"edge":12908,"offsetX":0.8451632261276245,"offsetZ":-5.978168964385986,"x":24296.0,"z":23656.0,"zone":3},{"angle":2.2522571086883545,"building":2,"builtAt":0.0,"edge":12932,"offsetX":-5.701452255249023,"offsetZ":1.687943935394287,"x":24312.0,"z":23656.0,"zone":3},{"angle":0.0,"building":0,"builtAt":0.0,"edge":-1,"offsetX":0.0,"offsetZ":0.0,"x":24328.0,"z":23656.0,"zone":3},{"angle":0.0,"building":0,"builtAt":0.0,"edge":-1,"offsetX":0.0,"offsetZ":0.0,"x":24344.0,"z":23656.0,"zone":3},{"angle":0.0,"building":0,"builtAt":0.0,"edge":-1,"offsetX":0.0,"offsetZ":0.0,"x":24360.0,"z":23656.0,"zone":3},{"angle":-2.4601478576660156,"building":1,"builtAt":0.0,"edge":13332,"offsetX":-2.367616653442383,"offsetZ":-4.378254413604736,"x":24376.0,"z":23656.0,"zone":3},{"angle":0.0,"building":0,"builtAt":0.0,"edge":-1,"offsetX":0.0,"offsetZ":0.0,"x":24120.0,"z":23672.0,"zone":0},{"angle":0.0,"building":0,"builtAt":0.0,"edge":-1,"offsetX":0.0,"offsetZ":0.0,"x":24136.0,"z":23672.0,"zone":4},{"angle":0.0,"building":0,"builtAt":0.0,"edge":-1,"offsetX":0.0,"offsetZ":0.0,"x":24152.0,"z":23672.0,"zone":4},{"angle":0.0,"building":0,"builtAt":0.0,"edge":-1,"offsetX":0.0,"offsetZ":0.0,"x":24168.0,"z":23672.0,"zone":4},{"angle":0.0,"building":0,"builtAt":0.0,"edge":-1,"offsetX":0.0,"offsetZ":0.0,"x":24184.0,"z":23672.0,"zone":4},{"angle":0.0,"building":0,"builtAt":0.0,"edge":-1,"offsetX":0.0,"offsetZ":0.0,"x":24200.0,"z":23672.0,"zone":4},{"angle":0.0,"building":0,"builtAt":0.0,"edge":-1,"offsetX":0.0,"offsetZ":0.0,"x":24216.0,"z":23672.0,"zone":4},{"angle":0.0,"building":0,"builtAt":0.0,"edge":-1,"offsetX":0.0,"offsetZ":0.0,"x":24232.0,"z":23672.0,"zone":4},{"angle":0.0,"building":0,"builtAt":0.0,"edge":-1,"offsetX":0.0,"offsetZ":0.0,"x":24248.0,"z":23672.0,"zone":4},{"angle":0.6814480423927307,"building":2,"builtAt":0.0,"edge":13315,"offsetX":-6.2546539306640625,"offsetZ":7.643273830413818,"x":24264.0,"z":23672.0,"zone":3},{"angle":-2.460141897201538,"building":2,"builtAt":0.0,"edge":13315,"offsetX":4.364665508270264,"offsetZ":3.4552180767059326,"x":24280.0,"z":23672.0,"zone":3},{"angle":-2.460141897201538,"building":2,"builtAt":0.0,"edge":13315,"offsetX":-4.265265464782715,"offsetZ":-5.631700038909912,"x":24296.0,"z":23672.0,"zone":3},{"angle":2.2522571086883545,"building":22,"builtAt":0.0,"edge":12932,"offsetX":3.77371883392334,"offsetZ":-6.626931667327881,"x":24312.0,"z":23672.0,"zone":3},{"angle":0.0,"building":0,"builtAt":0.0,"edge":-1,"offsetX":0.0,"offsetZ":0.0,"x":24328.0,"z":23672.0,"zone":3},{"angle":0.0,"building":0,"builtAt":0.0,"edge":-1,"offsetX":0.0,"offsetZ":0.0,"x":24344.0,"z":23672.0,"zone":3},{"angle":-0.8893195986747742,"building":2,"builtAt":0.0,"edge":12932,"offsetX":-4.963898181915283,"offsetZ":0.13080857694149017,"x":24360.0,"z":23672.0,"zone":3},{"angle":0.6814391613006592,"building":5,"builtAt":0.0,"edge":13332,"offsetX":-2.5466763973236084,"offsetZ":5.799123764038086,"x":24376.0,"z":23672.0,"zone":3},{"angle":0.0,"building":0,"builtAt":0.0,"edge":-1,"offsetX":0.0,"offsetZ":0.0,"x":24120.0,"z":23688.0,"zone":0},{"angle":0.0,"building":0,"builtAt":0.0,"edge":-1,"offsetX":0.0,"offsetZ":0.0,"x":24136.0,"z":23688.0,"zone":0},{"angle":0.0,"building":0,"builtAt":0.0,"edge":-1,"offsetX":0.0,"offsetZ":0.0,"x":24152.0,"z":23688.0,"zone":4},{"angle":-2.46014142036438,"building":4,"builtAt":0.0,"edge":13297,"offsetX":4.891820430755615,"offsetZ":0.837200939655304,"x":24168.0,"z":23688.0,"zone":4},{"angle":0.0,"building":0,"builtAt":0.0,"edge":-1,"offsetX":0.0,"offsetZ":0.0,"x":24184.0,"z":23688.0,"zone":4},{"angle":0.0,"building":0,"builtAt":0.0,"edge":-1,"offsetX":0.0,"offsetZ":0.0,"x":24200.0,"z":23688.0,"zone":4},{"angle":0.0,"building":0,"builtAt":0.0,"edge":-1,"offsetX":0.0,"offsetZ":0.0,"x":24216.0,"z":23688.0,"zone":4},{"angle":2.252243757247925,"building":3,"builtAt":0.0,"edge":13917,"offsetX":-5.8597493171691895,"offsetZ":-5.189786434173584,"x":24232.0,"z":23688.0,"zone":4},{"angle":0.0,"building":0,"builtAt":0.0,"edge":-1,"offsetX":0.0,"offsetZ":0.0,"x":24248.0,"z":23688.0,"zone":4},{"angle":0.6814508438110352,"building":1,"builtAt":0.0,"edge":13315,"offsetX":8.208112716674805,"offsetZ":2.4436228275299072,"x":24264.0,"z":23688.0,"zone":3},{"angle":0.0,"building":0,"builtAt":0.0,"edge":-1,"offsetX":0.0,"offsetZ":0.0,"x":24280.0,"z":23688.0,"zone":3},{"angle":-2.4601430892944336,"building":22,"builtAt":0.0,"edge":13315,"offsetX":2.7603113651275635,"offsetZ":-1.6592469215393066,"x":24296.0,"z":23688.0,"zone":3},{"angle":0.0,"building":0,"builtAt":0.0,"edge":-1,"offsetX":0.0,"offsetZ":0.0,"x":24312.0,"z":23688.0,"zone":3},{"angle":0.0,"building":0,"builtAt":0.0,"edge":-1,"offsetX":0.0,"offsetZ":0.0,"x":24328.0,"z":23688.0,"zone":3},{"angle":-0.889335572719574,"building":5,"builtAt":0.0,"edge":12932,"offsetX":-0.674935519695282,"offsetZ":-0.28057900071144104,"x":24344.0,"z":23688.0,"zone":3},{"angle":0.0,"building":0,"builtAt":0.0,"edge":-1,"offsetX":0.0,"offsetZ":0.0,"x":24360.0,"z":23688.0,"zone":3},{"angle":0.0,"building":0,"builtAt":0.0,"edge":-1,"offsetX":0.0,"offsetZ":0.0,"x":24376.0,"z":23688.0,"zone":3},{"angle":0.0,"building":0,"builtAt":0.0,"edge":-1,"offsetX":0.0,"offsetZ":0.0,"x":24120.0,"z":23704.0,"zone":0},{"angle":0.0,"building":0,"builtAt":0.0,"edge":-1,"offsetX":0.0,"offsetZ":0.0,"x":24136.0,"z":23704.0,"zone":4},{"angle":0.6814571022987366,"building":5,"builtAt":0.0,"edge":13297,"offsetX":-6.4882965087890625,"offsetZ":-0.3709557354450226,"x":24152.0,"z":23704.0,"zone":4},{"angle":0.0,"building":0,"builtAt":0.0,"edge":-1,"offsetX":0.0,"offsetZ":0.0,"x":24168.0,"z":23704.0,"zone":4},{"angle":0.0,"building":0,"builtAt":0.0,"edge":-1,"offsetX":0.0,"offsetZ":0.0,"x":24184.0,"z":23704.0,"zone":4},{"angle":0.0,"building":0,"builtAt":0.0,"edge":-1,"offsetX":0.0,"offsetZ":0.0,"x":24200.0,"z":23704.0,"zone":4},{"angle":2.2522826194763184,"building":5,"builtAt":0.0,"edge":13916,"offsetX":-2.0932695865631104,"offsetZ":-4.877505779266357,"x":24216.0,"z":23704.0,"zone":4},{"angle":0.68142169713974,"building":5,"builtAt":0.0,"edge":13920,"offsetX":-1.6337822675704956,"offsetZ":8.301788330078125,"x":24232.0,"z":23704.0,"zone":4},{"angle":-2.4601709842681885,"building":5,"builtAt":0.0,"edge":13920,"offsetX":-5.114377021789551,"offsetZ":-7.134913921356201,"x":24248.0,"z":23704.0,"zone":4},{"angle":-2.4601423740386963,"building":1,"builtAt":0.0,"edge":13920,"offsetX":-7.655180931091309,"offsetZ":5.672732830047607,"x":24264.0,"z":23704.0,"zone":3},{"angle":2.252223491668701,"building":1,"builtAt":0.0,"edge":13919,"offsetX":-0.2726516127586365,"offsetZ":8.086469650268555,"x":24280.0,"z":23704.0,"zone":3},{"angle":0.0,"building":0,"builtAt":0.0,"edge":-1,"offsetX":0.0,"offsetZ":0.0,"x":24296.0,"z":23704.0,"zone":3},{"angle":0.0,"building":0,"builtAt":0.0,"edge":-1,"offsetX":0.0,"offsetZ":0.0,"x":24312.0,"z":23704.0,"zone":3},{"angle":-0.8893449306488037,"building":2,"builtAt":0.0,"edge":12932,"offsetX":2.4476985931396484,"offsetZ":-1.634270429611206,"x":24328.0,"z":23704.0,"zone":3},{"angle":-2.4601356983184814,"building":22,"builtAt":0.0,"edge":13316,"offsetX":3.7056233882904053,"offsetZ":5.545018196105957,"x":24344.0,"z":23704.0,"zone":3},{"angle":-2.4601356983184814,"building":22,"builtAt":0.0,"edge":13316,"offsetX":-4.294325828552246,"offsetZ":-4.318510055541992,"x":24360.0,"z":23704.0,"zone":3},{"angle":2.252216100692749,"building":1,"builtAt":0.0,"edge":12956,"offsetX":0.7638989686965942,"offsetZ":-0.11521328240633011,"x":24376.0,"z":23704.0,"zone":3},{"angle":0.0,"building":0,"builtAt":0.0,"edge":-1,"offsetX":0.0,"offsetZ":0.0,"x":24120.0,"z":23720.0,"zone":4},{"angle":0.0,"building":0,"builtAt":0.0,"edge":-1,"offsetX":0.0,"offsetZ":0.0,"x":24136.0,"z":23720.0,"zone":4},{"angle":0.0,"building":0,"builtAt":0.0,"edge":-1,"offsetX":0.0,"offsetZ":0.0,"x":24152.0,"z":23720.0,"zone":4},{"angle":0.6814506649971008,"building":3,"builtAt":0.0,"edge":13297,"offsetX":-4.416891098022461,"offsetZ":-0.7193522453308105,"x":24168.0,"z":23720.0,"zone":4},{"angle":0.0,"building":0,"builtAt":0.0,"edge":-1,"offsetX":0.0,"offsetZ":0.0,"x":24184.0,"z":23720.0,"zone":4},{"angle":-2.4601268768310547,"building":5,"builtAt":0.0,"edge":13297,"offsetX":0.282716304063797,"offsetZ":-8.037588119506836,"x":24200.0,"z":23720.0,"zone":4},{"angle":0.0,"building":0,"builtAt":0.0,"edge":-1,"offsetX":0.0,"offsetZ":0.0,"x":24216.0,"z":23720.0,"zone":4},{"angle":0.0,"building":0,"builtAt":0.0,"edge":-1,"offsetX":0.0,"offsetZ":0.0,"x":24232.0,"z":23720.0,"zone":4},{"angle":0.6814502477645874,"building":6,"builtAt":0.0,"edge":13920,"offsetX":-3.741553783416748,"offsetZ":4.574628829956055,"x":24248.0,"z":23720.0,"zone":4},{"angle":-2.460155487060547,"building":2,"builtAt":0.0,"edge":13920,"offsetX":7.2204813957214355,"offsetZ":0.7308982014656067,"x":24264.0,"z":23720.0,"zone":3},{"angle":0.0,"building":0,"builtAt":0.0,"edge":-1,"offsetX":0.0,"offsetZ":0.0,"x":24280.0,"z":23720.0,"zone":3},{"angle":0.0,"building":0,"builtAt":0.0,"edge":-1,"offsetX":0.0,"offsetZ":0.0,"x":24296.0,"z":23720.0,"zone":3},{"angle":0.0,"building":0,"builtAt":0.0,"edge":-1,"offsetX":0.0,"offsetZ":0.0,"x":24312.0,"z":23720.0,"zone":3},{"angle":0.0,"building":0,"builtAt":0.0,"edge":-1,"offsetX":0.0,"offsetZ":0.0,"x":24328.0,"z":23720.0,"zone":3},{"angle":-2.4601356983184814,"building":22,"builtAt":0.0,"edge":13316,"offsetX":-4.294427394866943,"offsetZ":-0.5914531350135803,"x":24344.0,"z":23720.0,"zone":3},{"angle":2.252216100692749,"building":1,"builtAt":0.0,"edge":12956,"offsetX":6.057580947875977,"offsetZ":-2.8847968578338623,"x":24360.0,"z":23720.0,"zone":3},{"angle":0.0,"building":0,"builtAt":0.0,"edge":-1,"offsetX":0.0,"offsetZ":0.0,"x":24376.0,"z":23720.0,"zone":3},{"angle":0.0,"building":0,"builtAt":0.0,"edge":-1,"offsetX":0.0,"offsetZ":0.0,"x":24120.0,"z":23736.0,"zone":4},{"angle":0.6814290881156921,"building":3,"builtAt":0.0,"edge":13867,"offsetX":-7.418963432312012,"offsetZ":6.49083137512207,"x":24136.0,"z":23736.0,"zone":4},{"angle":-2.460156202316284,"building":5,"builtAt":0.0,"edge":13867,"offsetX":-0.24348965287208557,"offsetZ":-0.9351714253425598,"x":24152.0,"z":23736.0,"zone":4},{"angle":-2.4601457118988037,"building":3,"builtAt":0.0,"edge":13867,"offsetX":-5.414515495300293,"offsetZ":6.8617167472839355,"x":24168.0,"z":23736.0,"zone":4},{"angle":0.6814658045768738,"building":4,"builtAt":0.0,"edge":13297,"offsetX":-1.8803954124450684,"offsetZ":-1.6440891027450562,"x":24184.0,"z":23736.0,"zone":4},{"angle":0.0,"building":0,"builtAt":0.0,"edge":-1,"offsetX":0.0,"offsetZ":0.0,"x":24200.0,"z":23736.0,"zone":4},{"angle":-2.46014404296875,"building":5,"builtAt":0.0,"edge":13298,"offsetX":5.145206928253174,"offsetZ":-7.172271251678467,"x":24216.0,"z":23736.0,"zone":4},{"angle":-2.460141658782959,"building":3,"builtAt":0.0,"edge":13298,"offsetX":2.513239860534668,"offsetZ":2.6676149368286133,"x":24232.0,"z":23736.0,"zone":4},{"angle":0.0,"building":0,"builtAt":0.0,"edge":-1,"offsetX":0.0,"offsetZ":0.0,"x":24248.0,"z":23736.0,"zone":4},{"angle":0.6814371943473816,"building":2,"builtAt":0.0,"edge":13920,"offsetX":-4.435117721557617,"offsetZ":-0.8979468941688538,"x":24264.0,"z":23736.0,"zone":3},{"angle":0.0,"building":0,"builtAt":0.0,"edge":-1,"offsetX":0.0,"offsetZ":0.0,"x":24280.0,"z":23736.0,"zone":3},{"angle":-2.460118055343628,"building":1,"builtAt":0.0,"edge":13968,"offsetX":2.240954875946045,"offsetZ":7.524169921875,"x":24296.0,"z":23736.0,"zone":3},{"angle":-0.8893690705299377,"building":22,"builtAt":0.0,"edge":13919,"offsetX":-6.009950160980225,"offsetZ":-2.6138317584991455,"x":24312.0,"z":23736.0,"zone":3},{"angle":0.6814569234848022,"building":12,"builtAt":0.0,"edge":13316,"offsetX":-2.771904945373535,"offsetZ":1.2583122253417969,"x":24328.0,"z":23736.0,"zone":4},{"angle":0.0,"building":0,"builtAt":0.0,"edge":-1,"offsetX":0.0,"offsetZ":0.0,"x":24344.0,"z":23736.0,"zone":3},{"angle":2.2522284984588623,"building":1,"builtAt":0.0,"edge":12956,"offsetX":-4.647260665893555,"offsetZ":-5.656870365142822,"x":24360.0,"z":23736.0,"zone":3},{"angle":-0.8893765211105347,"building":22,"builtAt":0.0,"edge":12956,"offsetX":5.840118408203125,"offsetZ":-6.084964275360107,"x":24376.0,"z":23736.0,"zone":3},{"angle":-2.460148811340332,"building":3,"builtAt":0.0,"edge":13279,"offsetX":-3.748384475708008,"offsetZ":6.22449254989624,"x":24120.0,"z":23752.0,"zone":4},{"angle":0.6814364790916443,"building":5,"builtAt":0.0,"edge":13867,"offsetX":3.3919272422790527,"offsetZ":-1.689828634262085,"x":24136.0,"z":23752.0,"zone":4},{"angle":0.0,"building":0,"builtAt":0.0,"edge":-1,"offsetX":0.0,"offsetZ":0.0,"x":24152.0,"z":23752.0,"zone":4},{"angle":0.0,"building":0,"builtAt":0.0,"edge":-1,"offsetX":0.0,"offsetZ":0.0,"x":24168.0,"z":23752.0,"zone":4},{"angle":0.0,"building":0,"builtAt":0.0,"edge":-1,"offsetX":0.0,"offsetZ":0.0,"x":24184.0,"z":23752.0,"zone":4},{"angle":0.6814486980438232,"building":3,"builtAt":0.0,"edge":13298,"offsetX":2.9281845092773438,"offsetZ":-0.7115193605422974,"x":24200.0,"z":23752.0,"zone":4},{"angle":0.0,"building":0,"builtAt":0.0,"edge":-1,"offsetX":0.0,"offsetZ":0.0,"x":24216.0,"z":23752.0,"zone":4},{"angle":0.0,"building":0,"builtAt":0.0,"edge":-1,"offsetX":0.0,"offsetZ":0.0,"x":24232.0,"z":23752.0,"zone":4},{"angle":-2.4601430892944336,"building":1,"builtAt":0.0,"edge":13298,"offsetX":-2.0073299407958984,"offsetZ":-1.1659783124923706,"x":24248.0,"z":23752.0,"zone":3},{"angle":0.0,"building":0,"builtAt":0.0,"edge":-1,"offsetX":0.0,"offsetZ":0.0,"x":24264.0,"z":23752.0,"zone":3},{"angle":0.0,"building":0,"builtAt":0.0,"edge":-1,"offsetX":0.0,"offsetZ":0.0,"x":24280.0,"z":23752.0,"zone":3},{"angle":0.0,"building":0,"builtAt":0.0,"edge":-1,"offsetX":0.0,"offsetZ":0.0,"x":24296.0,"z":23752.0,"zone":3},{"angle":-2.460118055343628,"building":3,"builtAt":0.0,"edge":13968,"offsetX":1.0539374351501465,"offsetZ":0.6009067893028259,"x":24312.0,"z":23752.0,"zone":3},{"angle":0.0,"building":0,"builtAt":0.0,"edge":-1,"offsetX":0.0,"offsetZ":0.0,"x":24328.0,"z":23752.0,"zone":3},{"angle":2.252286911010742,"building":2,"builtAt":0.0,"edge":13967,"offsetX":-4.31481409072876,"offsetZ":-3.4959464073181152,"x":24344.0,"z":23752.0,"zone":3},{"angle":0.0,"building":0,"builtAt":0.0,"edge":-1,"offsetX":0.0,"offsetZ":0.0,"x":24360.0,"z":23752.0,"zone":3},{"angle":0.0,"building":0,"builtAt":0.0,"edge":-1,"offsetX":0.0,"offsetZ":0.0,"x":24376.0,"z":23752.0,"zone":3},{"angle":0.0,"building":0,"builtAt":0.0,"edge":-1,"offsetX":0.0,"offsetZ":0.0,"x":24120.0,"z":23768.0,"zone":4},{"angle":-2.4601643085479736,"building":3,"builtAt":0.0,"edge":13279,"offsetX":-0.5097224712371826,"offsetZ":5.789901256561279,"x":24136.0,"z":23768.0,"zone":4},{"angle":2.252201795578003,"building":5,"builtAt":0.0,"edge":13865,"offsetX":7.266538143157959,"offsetZ":-1.437010645866394,"x":24152.0,"z":23768.0,"zone":4},{"angle":0.0,"building":0,"builtAt":0.0,"edge":-1,"offsetX":0.0,"offsetZ":0.0,"x":24168.0,"z":23768.0,"zone":4},{"angle":0.0,"building":0,"builtAt":0.0,"edge":-1,"offsetX":0.0,"offsetZ":0.0,"x":24184.0,"z":23768.0,"zone":4},{"angle":-2.460141181945801,"building":6,"builtAt":0.0,"edge":13915,"offsetX":-1.9083888530731201,"offsetZ":3.5614821910858154,"x":24200.0,"z":23768.0,"zone":4},{"angle":0.6814509034156799,"building":3,"builtAt":0.0,"edge":13298,"offsetX":-0.21406996250152588,"offsetZ":-6.242576599121094,"x":24216.0,"z":23768.0,"zone":4},{"angle":0.6814495921134949,"building":5,"builtAt":0.0,"edge":13298,"offsetX":-2.8850762844085693,"offsetZ":3.6434693336486816,"x":24232.0,"z":23768.0,"zone":4},{"angle":0.0,"building":0,"builtAt":0.0,"edge":-1,"offsetX":0.0,"offsetZ":0.0,"x":24248.0,"z":23768.0,"zone":3},{"angle":0.0,"building":0,"builtAt":0.0,"edge":-1,"offsetX":0.0,"offsetZ":0.0,"x":24264.0,"z":23768.0,"zone":3},{"angle":-0.8893424272537231,"building":2,"builtAt":0.0,"edge":13918,"offsetX":-1.1172178983688354,"offsetZ":-2.1888198852539063,"x":24280.0,"z":23768.0,"zone":3},{"angle":0.6814746260643005,"building":22,"builtAt":0.0,"edge":13968,"offsetX":3.9526541233062744,"offsetZ":0.7533313035964966,"x":24296.0,"z":23768.0,"zone":3},{"angle":0.0,"building":0,"builtAt":0.0,"edge":-1,"offsetX":0.0,"offsetZ":0.0,"x":24312.0,"z":23768.0,"zone":3},{"angle":2.2522470951080322,"building":22,"builtAt":0.0,"edge":13967,"offsetX":-0.984815239906311,"offsetZ":-4.811115741729736,"x":24328.0,"z":23768.0,"zone":3},{"angle":0.0,"building":0,"builtAt":0.0,"edge":-1,"offsetX":0.0,"offsetZ":0.0,"x":24344.0,"z":23768.0,"zone":3},{"angle":-0.889305830001831,"building":2,"builtAt":0.0,"edge":13967,"offsetX":-4.502233505249023,"offsetZ":-6.669894695281982,"x":24360.0,"z":23768.0,"zone":3},{"angle":0.0,"building":0,"builtAt":0.0,"edge":-1,"offsetX":0.0,"offsetZ":0.0,"x":24376.0,"z":23768.0,"zone":3},{"angle":0.0,"building":0,"builtAt":0.0,"edge":-1,"offsetX":0.0,"offsetZ":0.0,"x":24120.0,"z":23784.0,"zone":4},{"angle":0.0,"building":0,"builtAt":0.0,"edge":-1,"offsetX":0.0,"offsetZ":0.0,"x":24136.0,"z":23784.0,"zone":4},{"angle":0.0,"building":0,"builtAt":0.0,"edge":-1,"offsetX":0.0,"offsetZ":0.0,"x":24152.0,"z":23784.0,"zone":4},{"angle":0.0,"building":0,"builtAt":0.0,"edge":-1,"offsetX":0.0,"offsetZ":0.0,"x":24168.0,"z":23784.0,"zone":4},{"angle":0.6814515590667725,"building":3,"builtAt":0.0,"edge":13915,"offsetX":0.6662012934684753,"offsetZ":4.1142988204956055,"x":24184.0,"z":23784.0,"zone":4},{"angle":0.0,"building":0,"builtAt":0.0,"edge":-1,"offsetX":0.0,"offsetZ":0.0,"x":24200.0,"z":23784.0,"zone":4},{"angle":-2.4601402282714844,"building":5,"builtAt":0.0,"edge":13915,"offsetX":1.0855140686035156,"offsetZ":3.8696911334991455,"x":24216.0,"z":23784.0,"zone":4},{"angle":0.0,"building":0,"builtAt":0.0,"edge":-1,"offsetX":0.0,"offsetZ":0.0,"x":24232.0,"z":23784.0,"zone":3},{"angle":0.0,"building":0,"builtAt":0.0,"edge":-1,"offsetX":0.0,"offsetZ":0.0,"x":24248.0,"z":23784.0,"zone":3},{"angle":0.0,"building":0,"builtAt":0.0,"edge":-1,"offsetX":0.0,"offsetZ":0.0,"x":24264.0,"z":23784.0,"zone":3},{"angle":-2.460134506225586,"building":22,"builtAt":0.0,"edge":13299,"offsetX":7.200653076171875,"offsetZ":-1.6011860370635986,"x":24280.0,"z":23784.0,"zone":3},{"angle":0.0,"building":0,"builtAt":0.0,"edge":-1,"offsetX":0.0,"offsetZ":0.0,"x":24296.0,"z":23784.0,"zone":3},{"angle":2.2522799968719482,"building":1,"builtAt":0.0,"edge":13966,"offsetX":1.7720768451690674,"offsetZ":-2.303173542022705,"x":24312.0,"z":23784.0,"zone":3},{"angle":0.0,"building":0,"builtAt":0.0,"edge":-1,"offsetX":0.0,"offsetZ":0.0,"x":24328.0,"z":23784.0,"zone":3},{"angle":-0.8893455266952515,"building":22,"builtAt":0.0,"edge":13967,"offsetX":-0.24460305273532867,"offsetZ":-7.233736991882324,"x":24344.0,"z":23784.0,"zone":3},{"angle":-0.8893455266952515,"building":2,"builtAt":0.0,"edge":13967,"offsetX":-6.769355297088623,"offsetZ":0.45129290223121643,"x":24360.0,"z":23784.0,"zone":3},{"angle":0.0,"building":0,"builtAt":0.0,"edge":-1,"offsetX":0.0,"offsetZ":0.0,"x":24376.0,"z":23784.0,"zone":3},{"angle":0.0,"building":0,"builtAt":0.0,"edge":-1,"offsetX":0.0,"offsetZ":0.0,"x":24120.0,"z":23800.0,"zone":4},{"angle":0.6814245581626892,"building":6,"builtAt":0.0,"edge":13279,"offsetX":-8.263826370239258,"offsetZ":2.9965758323669434,"x":24136.0,"z":23800.0,"zone":4},{"angle":0.0,"building":0,"builtAt":0.0,"edge":-1,"offsetX":0.0,"offsetZ":0.0,"x":24152.0,"z":23800.0,"zone":4},{"angle":-2.460118055343628,"building":5,"builtAt":0.0,"edge":13280,"offsetX":-4.052587032318115,"offsetZ":-2.238645076751709,"x":24168.0,"z":23800.0,"zone":4},{"angle":0.0,"building":0,"builtAt":0.0,"edge":-1,"offsetX":0.0,"offsetZ":0.0,"x":24184.0,"z":23800.0,"zone":4},{"angle":0.0,"building":0,"builtAt":0.0,"edge":-1,"offsetX":0.0,"offsetZ":0.0,"x":24200.0,"z":23800.0,"zone":4},{"angle":0.0,"building":0,"builtAt":0.0,"edge":-1,"offsetX":0.0,"offsetZ":0.0,"x":24216.0,"z":23800.0,"zone":4},{"angle":0.0,"building":0,"builtAt":0.0,"edge":-1,"offsetX":0.0,"offsetZ":0.0,"x":24232.0,"z":23800.0,"zone":3},{"angle":-0.8893441557884216,"building":1,"builtAt":0.0,"edge":13914,"offsetX":2.38733172416687,"offsetZ":-0.28208062052726746,"x":24248.0,"z":23800.0,"zone":3},{"angle":0.681458055973053,"building":22,"builtAt":0.0,"edge":13299,"offsetX":5.44960880279541,"offsetZ":4.2846174240112305,"x":24264.0,"z":23800.0,"zone":3},{"angle":0.0,"building":0,"builtAt":0.0,"edge":-1,"offsetX":0.0,"offsetZ":0.0,"x":24280.0,"z":23800.0,"zone":3},{"angle":-2.4601528644561768,"building":2,"builtAt":0.0,"edge":13299,"offsetX":2.685356378555298,"offsetZ":-7.56892204284668,"x":24296.0,"z":23800.0,"zone":3},{"angle":-0.8893820643424988,"building":2,"builtAt":0.0,"edge":13966,"offsetX":6.448911666870117,"offsetZ":6.947901248931885,"x":24312.0,"z":23800.0,"zone":3},{"angle":-0.8893126845359802,"building":1,"builtAt":0.0,"edge":13966,"offsetX":0.3708116114139557,"offsetZ":-6.461874008178711,"x":24328.0,"z":23800.0,"zone":3},{"angle":-0.8893126845359802,"building":2,"builtAt":0.0,"edge":13966,"offsetX":-7.124991416931152,"offsetZ":0.436034619808197,"x":24344.0,"z":23800.0,"zone":3},{"angle":0.0,"building":0,"builtAt":0.0,"edge":-1,"offsetX":0.0,"offsetZ":0.0,"x":24360.0,"z":23800.0,"zone":3},{"angle":2.2522425651550293,"building":22,"builtAt":0.0,"edge":12975,"offsetX":2.1745519638061523,"offsetZ":5.092523574829102,"x":24376.0,"z":23800.0,"zone":3},{"angle":0.0,"building":0,"builtAt":0.0,"edge":-1,"offsetX":0.0,"offsetZ":0.0,"x":24120.0,"z":23816.0,"zone":4},{"angle":0.0,"building":0,"builtAt":0.0,"edge":-1,"offsetX":0.0,"offsetZ":0.0,"x":24136.0,"z":23816.0,"zone":4},{"angle":0.681474506855011,"building":3,"builtAt":0.0,"edge":13280,"offsetX":-5.007899761199951,"offsetZ":2.665374994277954,"x":24152.0,"z":23816.0,"zone":4},{"angle":0.0,"building":0,"builtAt":0.0,"edge":-1,"offsetX":0.0,"offsetZ":0.0,"x":24168.0,"z":23816.0,"zone":4},{"angle":0.0,"building":0,"builtAt":0.0,"edge":-1,"offsetX":0.0,"offsetZ":0.0,"x":24184.0,"z":23816.0,"zone":4},{"angle":2.2522544860839844,"building":5,"builtAt":0.0,"edge":13913,"offsetX":-3.4997942447662354,"offsetZ":-3.5718746185302734,"x":24200.0,"z":23816.0,"zone":4},{"angle":0.0,"building":0,"builtAt":0.0,"edge":-1,"offsetX":0.0,"offsetZ":0.0,"x":24216.0,"z":23816.0,"zone":3},{"angle":0.0,"building":0,"builtAt":0.0,"edge":-1,"offsetX":0.0,"offsetZ":0.0,"x":24232.0,"z":23816.0,"zone":3},{"angle":-2.460146903991699,"building":1,"builtAt":0.0,"edge":13965,"offsetX":-4.702062606811523,"offsetZ":-5.03186559677124,"x":24248.0,"z":23816.0,"zone":3},{"angle":-2.460153579711914,"building":2,"builtAt":0.0,"edge":13965,"offsetX":-6.684779644012451,"offsetZ":5.3215813636779785,"x":24264.0,"z":23816.0,"zone":3},{"angle":0.6814397573471069,"building":2,"builtAt":0.0,"edge":13299,"offsetX":1.6340430974960327,"offsetZ":-2.545053482055664,"x":24280.0,"z":23816.0,"zone":3},{"angle":0.0,"building":0,"builtAt":0.0,"edge":-1,"offsetX":0.0,"offsetZ":0.0,"x":24296.0,"z":23816.0,"zone":3},{"angle":0.0,"building":0,"builtAt":0.0,"edge":-1,"offsetX":0.0,"offsetZ":0.0,"x":24312.0,"z":23816.0,"zone":3},{"angle":0.0,"building":0,"builtAt":0.0,"edge":-1,"offsetX":0.0,"offsetZ":0.0,"x":24328.0,"z":23816.0,"zone":3},{"angle":0.0,"building":0,"builtAt":0.0,"edge":-1,"offsetX":0.0,"offsetZ":0.0,"x":24344.0,"z":23816.0,"zone":3},{"angle":-2.4601523876190186,"building":1,"builtAt":0.0,"edge":13300,"offsetX":-1.480333924293518,"offsetZ":6.839914798736572,"x":24360.0,"z":23816.0,"zone":3},{"angle":0.0,"building":0,"builtAt":0.0,"edge":-1,"offsetX":0.0,"offsetZ":0.0,"x":24376.0,"z":23816.0,"zone":3},{"angle":-0.8893335461616516,"building":6,"builtAt":0.0,"edge":12905,"offsetX":8.369619369506836,"offsetZ":7.637101173400879,"x":24120.0,"z":23832.0,"zone":4},{"angle":-0.8893336653709412,"building":5,"builtAt":0.0,"edge":12905,"offsetX":1.0052577257156372,"offsetZ":-4.226216793060303,"x":24136.0,"z":23832.0,"zone":4},{"angle":0.0,"building":0,"builtAt":0.0,"edge":-1,"offsetX":0.0,"offsetZ":0.0,"x":24152.0,"z":23832.0,"zone":4},{"angle":0.6814512610435486,"building":5,"builtAt":0.0,"edge":13280,"offsetX":-7.015697956085205,"offsetZ":-2.9103903770446777,"x":24168.0,"z":23832.0,"zone":4},{"angle":0.0,"building":0,"builtAt":0.0,"edge":-1,"offsetX":0.0,"offsetZ":0.0,"x":24184.0,"z":23832.0,"zone":3},{"angle":0.0,"building":0,"builtAt":0.0,"edge":-1,"offsetX":0.0,"offsetZ":0.0,"x":24200.0,"z":23832.0,"zone":3},{"angle":-0.8893382549285889,"building":2,"builtAt":0.0,"edge":13913,"offsetX":7.370224475860596,"offsetZ":2.221745729446411,"x":24216.0,"z":23832.0,"zone":3},{"angle":0.6814456582069397,"building":2,"builtAt":0.0,"edge":13965,"offsetX":0.0811879113316536,"offsetZ":-7.202043533325195,"x":24232.0,"z":23832.0,"zone":3},{"angle":0.6814391613006592,"building":22,"builtAt":0.0,"edge":13965,"offsetX":-2.7888317108154297,"offsetZ":4.245611190795898,"x":24248.0,"z":23832.0,"zone":3},{"angle":-2.4601383209228516,"building":2,"builtAt":0.0,"edge":13965,"offsetX":6.860041618347168,"offsetZ":0.25982865691185,"x":24264.0,"z":23832.0,"zone":3},{"angle":0.0,"building":0,"builtAt":0.0,"edge":-1,"offsetX":0.0,"offsetZ":0.0,"x":24280.0,"z":23832.0,"zone":3},{"angle":-0.889312744140625,"building":2,"builtAt":0.0,"edge":13964,"offsetX":3.954041004180908,"offsetZ":-2.263199806213379,"x":24296.0,"z":23832.0,"zone":3},{"angle":0.0,"building":0,"builtAt":0.0,"edge":-1,"offsetX":0.0,"offsetZ":0.0,"x":24312.0,"z":23832.0,"zone":3},{"angle":0.0,"building":0,"builtAt":0.0,"edge":-1,"offsetX":0.0,"offsetZ":0.0,"x":24328.0,"z":23832.0,"zone":3},{"angle":-2.4601523876190186,"building":3,"builtAt":0.0,"edge":13300,"offsetX":6.677258491516113,"offsetZ":0.5094102621078491,"x":24344.0,"z":23832.0,"zone":3},{"angle":0.0,"building":0,"builtAt":0.0,"edge":-1,"offsetX":0.0,"offsetZ":0.0,"x":24360.0,"z":23832.0,"zone":3},{"angle":-0.8893610239028931,"building":1,"builtAt":0.0,"edge":12975,"offsetX":5.940396785736084,"offsetZ":0.885206937789917,"x":24376.0,"z":23832.0,"zone":3},{"angle":-0.8893309235572815,"building":5,"builtAt":0.0,"edge":12905,"offsetX":-1.4291815757751465,"offsetZ":2.5570321083068848,"x":24120.0,"z":23848.0,"zone":4},{"angle":-2.460141658782959,"building":22,"builtAt":0.0,"edge":13263,"offsetX":4.917278289794922,"offsetZ":4.317948818206787,"x":24136.0,"z":23848.0,"zone":4},{"angle":0.0,"building":0,"builtAt":0.0,"edge":-1,"offsetX":0.0,"offsetZ":0.0,"x":24152.0,"z":23848.0,"zone":4},{"angle":2.252253532409668,"building":2,"builtAt":0.0,"edge":12929,"offsetX":3.917691469192505,"offsetZ":-4.106988906860352,"x":24168.0,"z":23848.0,"zone":3},{"angle":0.0,"building":0,"builtAt":0.0,"edge":-1,"offsetX":0.0,"offsetZ":0.0,"x":24184.0,"z":23848.0,"zone":3},{"angle":0.0,"building":0,"builtAt":0.0,"edge":-1,"offsetX":0.0,"offsetZ":0.0,"x":24200.0,"z":23848.0,"zone":3},{"angle":-2.4601595401763916,"building":1,"builtAt":0.0,"edge":13281,"offsetX":1.5349116325378418,"offsetZ":-5.021668910980225,"x":24216.0,"z":23848.0,"zone":3},{"angle":-2.4601502418518066,"building":2,"builtAt":0.0,"edge":13281,"offsetX":-1.4731359481811523,"offsetZ":4.506253242492676,"x":24232.0,"z":23848.0,"zone":3},{"angle":0.0,"building":0,"builtAt":0.0,"edge":-1,"offsetX":0.0,"offsetZ":0.0,"x":24248.0,"z":23848.0,"zone":3},{"angle":2.25219988822937,"building":2,"builtAt":0.0,"edge":13963,"offsetX":-5.5043511390686035,"offsetZ":0.6997568011283875,"x":24264.0,"z":23848.0,"zone":3},{"angle":0.0,"building":0,"builtAt":0.0,"edge":-1,"offsetX":0.0,"offsetZ":0.0,"x":24280.0,"z":23848.0,"zone":3},{"angle":-0.8893073201179504,"building":9,"builtAt":0.0,"edge":13964,"offsetX":-7.772511005401611,"offsetZ":-4.036646366119385,"x":24296.0,"z":23848.0,"zone":3},{"angle":0.6814513802528381,"building":2,"builtAt":0.0,"edge":13300,"offsetX":6.445250511169434,"offsetZ":-4.565215587615967,"x":24312.0,"z":23848.0,"zone":3},{"angle":0.6814402341842651,"building":1,"builtAt":0.0,"edge":13300,"offsetX":4.994560241699219,"offsetZ":6.311740875244141,"x":24328.0,"z":23848.0,"zone":3},{"angle":0.0,"building":0,"builtAt":0.0,"edge":-1,"offsetX":0.0,"offsetZ":0.0,"x":24344.0,"z":23848.0,"zone":3},{"angle":0.0,"building":0,"builtAt":0.0,"edge":-1,"offsetX":0.0,"offsetZ":0.0,"x":24360.0,"z":23848.0,"zone":3},{"angle":-2.460163116455078,"building":1,"builtAt":0.0,"edge":13301,"offsetX":-2.968886137008667,"offsetZ":5.472465991973877,"x":24376.0,"z":23848.0,"zone":3},{"angle":0.0,"building":0,"builtAt":0.0,"edge":-1,"offsetX":0.0,"offsetZ":0.0,"x":24120.0,"z":23864.0,"zone":3},{"angle":-2.460141658782959,"building":22,"builtAt":0.0,"edge":13263,"offsetX":-3.0827133655548096,"offsetZ":-1.8184751272201538,"x":24136.0,"z":23864.0,"zone":3},{"angle":2.252227306365967,"building":1,"builtAt":0.0,"edge":12929,"offsetX":0.513929009437561,"offsetZ":4.960330963134766,"x":24152.0,"z":23864.0,"zone":3},{"angle":2.2522449493408203,"building":2,"builtAt":0.0,"edge":12929,"offsetX":-6.07537317276001,"offsetZ":-7.8087944984436035,"x":24168.0,"z":23864.0,"zone":3},{"angle":0.0,"building":0,"builtAt":0.0,"edge":-1,"offsetX":0.0,"offsetZ":0.0,"x":24184.0,"z":23864.0,"zone":3},{"angle":-0.8893392086029053,"building":1,"builtAt":0.0,"edge":12929,"offsetX":-2.346407413482666,"offsetZ":0.7667375802993774,"x":24200.0,"z":23864.0,"zone":3},{"angle":0.6814424395561218,"building":1,"builtAt":0.0,"edge":13281,"offsetX":-0.7527654767036438,"offsetZ":7.345574378967285,"x":24216.0,"z":23864.0,"zone":3},{"angle":0.0,"building":0,"builtAt":0.0,"edge":-1,"offsetX":0.0,"offsetZ":0.0,"x":24232.0,"z":23864.0,"zone":3},{"angle":2.2522294521331787,"building":3,"builtAt":0.0,"edge":13963,"offsetX":-2.9162232875823975,"offsetZ":-1.1500428915023804,"x":24248.0,"z":23864.0,"zone":3},{"angle":0.0,"building":0,"builtAt":0.0,"edge":-1,"offsetX":0.0,"offsetZ":0.0,"x":24264.0,"z":23864.0,"zone":3},{"angle":-0.8893927335739136,"building":22,"builtAt":0.0,"edge":13963,"offsetX":-5.304691791534424,"offsetZ":-2.1625545024871826,"x":24280.0,"z":23864.0,"zone":3},{"angle":0.0,"building":0,"builtAt":0.0,"edge":-1,"offsetX":0.0,"offsetZ":0.0,"x":24296.0,"z":23864.0,"zone":3},{"angle":0.6814402341842651,"building":1,"builtAt":0.0,"edge":13300,"offsetX":7.199481964111328,"offsetZ":7.320732593536377,"x":24312.0,"z":23864.0,"zone":3},{"angle":0.6814402341842651,"building":2,"builtAt":0.0,"edge":13300,"offsetX":-1.9029790163040161,"offsetZ":-1.1837632656097412,"x":24328.0,"z":23864.0,"zone":3},{"angle":0.0,"building":0,"builtAt":0.0,"edge":-1,"offsetX":0.0,"offsetZ":0.0,"x":24344.0,"z":23864.0,"zone":3},{"angle":0.0,"building":0,"builtAt":0.0,"edge":-1,"offsetX":0.0,"offsetZ":0.0,"x":24360.0,"z":23864.0,"zone":3},{"angle":0.0,"building":0,"builtAt":0.0,"edge":-1,"offsetX":0.0,"offsetZ":0.0,"x":24376.0,"z":23864.0,"zone":3},{"angle":0.6814510226249695,"building":3,"builtAt":0.0,"edge":13263,"offsetX":-0.9781666994094849,"offsetZ":-0.6861004829406738,"x":24120.0,"z":23880.0,"zone":3},{"angle":0.0,"building":0,"builtAt":0.0,"edge":-1,"offsetX":0.0,"offsetZ":0.0,"x":24136.0,"z":23880.0,"zone":3},{"angle":0.0,"building":0,"builtAt":0.0,"edge":-1,"offsetX":0.0,"offsetZ":0.0,"x":24152.0,"z":23880.0,"zone":3},{"angle":0.0,"building":0,"builtAt":0.0,"edge":-1,"offsetX":0.0,"offsetZ":0.0,"x":24168.0,"z":23880.0,"zone":3},{"angle":-0.8893476724624634,"building":22,"builtAt":0.0,"edge":12929,"offsetX":4.715261936187744,"offsetZ":-2.0799789428710938,"x":24184.0,"z":23880.0,"zone":3},{"angle":-0.8893476724624634,"building":2,"builtAt":0.0,"edge":12929,"offsetX":-1.8094741106033325,"offsetZ":5.605030536651611,"x":24200.0,"z":23880.0,"zone":3},{"angle":0.6814424395561218,"building":1,"builtAt":0.0,"edge":13281,"offsetX":-7.177887916564941,"offsetZ":-0.7324435114860535,"x":24216.0,"z":23880.0,"zone":3},{"angle":0.6814351677894592,"building":22,"builtAt":0.0,"edge":13281,"offsetX":-5.124192714691162,"offsetZ":2.552527666091919,"x":24232.0,"z":23880.0,"zone":3},{"angle":0.0,"building":0,"builtAt":0.0,"edge":-1,"offsetX":0.0,"offsetZ":0.0,"x":24248.0,"z":23880.0,"zone":3},{"angle":-2.460120439529419,"building":1,"builtAt":0.0,"edge":13282,"offsetX":-0.1702347695827484,"offsetZ":0.36719614267349243,"x":24264.0,"z":23880.0,"zone":3},{"angle":0.0,"building":0,"builtAt":0.0,"edge":-1,"offsetX":0.0,"offsetZ":0.0,"x":24280.0,"z":23880.0,"zone":3},{"angle":0.0,"building":0,"builtAt":0.0,"edge":-1,"offsetX":0.0,"offsetZ":0.0,"x":24296.0,"z":23880.0,"zone":3},{"angle":0.0,"building":0,"builtAt":0.0,"edge":-1,"offsetX":0.0,"offsetZ":0.0,"x":24312.0,"z":23880.0,"zone":3},{"angle":0.0,"building":0,"builtAt":0.0,"edge":-1,"offsetX":0.0,"offsetZ":0.0,"x":24328.0,"z":23880.0,"zone":3},{"angle":0.6814295053482056,"building":2,"builtAt":0.0,"edge":13301,"offsetX":4.860622882843018,"offsetZ":3.2747409343719482,"x":24344.0,"z":23880.0,"zone":3},{"angle":0.6814295053482056,"building":2,"builtAt":0.0,"edge":13301,"offsetX":-3.769501209259033,"offsetZ":-5.812334060668945,"x":24360.0,"z":23880.0,"zone":3},{"angle":0.0,"building":0,"builtAt":0.0,"edge":-1,"offsetX":0.0,"offsetZ":0.0,"x":24376.0,"z":23880.0,"zone":3},{"angle":0.0,"building":0,"builtAt":0.0,"edge":-1,"offsetX":0.0,"offsetZ":0.0,"x":24120.0,"z":23896.0,"zone":3},{"angle":0.6814523339271545,"building":2,"builtAt":0.0,"edge":13263,"offsetX":-1.9446426630020142,"offsetZ":-6.384598731994629,"x":24136.0,"z":23896.0,"zone":3},{"angle":0.0,"building":0,"builtAt":0.0,"edge":-1,"offsetX":0.0,"offsetZ":0.0,"x":24152.0,"z":23896.0,"zone":3},{"angle":0.0,"building":0,"builtAt":0.0,"edge":-1,"offsetX":0.0,"offsetZ":0.0,"x":24168.0,"z":23896.0,"zone":3},{"angle":-0.8893652558326721,"building":2,"builtAt":0.0,"edge":12929,"offsetX":-5.706597805023193,"offsetZ":-6.131718158721924,"x":24184.0,"z":23896.0,"zone":3},{"angle":-2.460132598876953,"building":1,"builtAt":0.0,"edge":13264,"offsetX":-5.5728678703308105,"offsetZ":2.5290729999542236,"x":24200.0,"z":23896.0,"zone":3},{"angle":2.252258777618408,"building":22,"builtAt":0.0,"edge":12953,"offsetX":-0.5795812010765076,"offsetZ":4.807994365692139,"x":24216.0,"z":23896.0,"zone":3},{"angle":0.0,"building":0,"builtAt":0.0,"edge":-1,"offsetX":0.0,"offsetZ":0.0,"x":24232.0,"z":23896.0,"zone":3},{"angle":0.68147212266922,"building":2,"builtAt":0.0,"edge":13282,"offsetX":0.43848636746406555,"offsetZ":3.343026876449585,"x":24248.0,"z":23896.0,"zone":3},{"angle":0.0,"building":0,"builtAt":0.0,"edge":-1,"offsetX":0.0,"offsetZ":0.0,"x":24264.0,"z":23896.0,"zone":3},{"angle":0.0,"building":0,"builtAt":0.0,"edge":-1,"offsetX":0.0,"offsetZ":0.0,"x":24280.0,"z":23896.0,"zone":3},{"angle":-2.4601526260375977,"building":1,"builtAt":0.0,"edge":13282,"offsetX":4.047951698303223,"offsetZ":0.5160175561904907,"x":24296.0,"z":23896.0,"zone":3},{"angle":0.0,"building":0,"builtAt":0.0,"edge":-1,"offsetX":0.0,"offsetZ":0.0,"x":24312.0,"z":23896.0,"zone":3},{"angle":0.0,"building":0,"builtAt":0.0,"edge":-1,"offsetX":0.0,"offsetZ":0.0,"x":24328.0,"z":23896.0,"zone":3},{"angle":0.0,"building":0,"builtAt":0.0,"edge":-1,"offsetX":0.0,"offsetZ":0.0,"x":24344.0,"z":23896.0,"zone":3},{"angle":0.0,"building":0,"builtAt":0.0,"edge":-1,"offsetX":0.0,"offsetZ":0.0,"x":24360.0,"z":23896.0,"zone":3},{"angle":0.6814571619033813,"building":1,"builtAt":0.0,"edge":13301,"offsetX":7.092221260070801,"offsetZ":-0.9299120306968689,"x":24376.0,"z":23896.0,"zone":3}],"zonePalette":false}
