# Blender 4.5.0
# www.blender.org
mtllib residential_004.mtl
o residential_004
v -2.375966 0.982367 -3.197140
v -2.380952 0.985292 -3.196688
v -2.379392 0.986027 -3.200330
v -2.374501 0.474193 -3.196688
v -2.379488 0.477117 -3.197140
v -2.376061 0.473458 -3.200330
v -2.120845 0.982367 -3.197140
v -2.125832 0.985292 -3.196688
v -2.124271 0.986027 -3.200330
v -2.119380 0.474193 -3.196688
v -2.124367 0.477117 -3.197140
v -2.120940 0.473458 -3.200330
v -1.967772 0.982367 -3.197140
v -1.972759 0.985292 -3.196688
v -1.971199 0.986027 -3.200330
v -1.966307 0.474193 -3.196688
v -1.971294 0.477117 -3.197140
v -1.967868 0.473458 -3.200330
v -1.712651 0.982367 -3.197140
v -1.717638 0.985292 -3.196688
v -1.716078 0.986026 -3.200330
v -1.711187 0.474193 -3.196688
v -1.716174 0.477117 -3.197140
v -1.712747 0.473458 -3.200330
v -1.559579 0.982367 -3.197140
v -1.564566 0.985292 -3.196688
v -1.563005 0.986027 -3.200330
v -1.558114 0.474193 -3.196688
v -1.563101 0.477117 -3.197140
v -1.559674 0.473458 -3.200330
v -1.304458 0.982367 -3.197140
v -1.309445 0.985292 -3.196688
v -1.307885 0.986026 -3.200330
v -1.302993 0.474193 -3.196688
v -1.307980 0.477117 -3.197140
v -1.304553 0.473458 -3.200330
v 1.297775 0.982367 -3.197140
v 1.292788 0.985292 -3.196688
v 1.294348 0.986027 -3.200330
v 1.299240 0.474193 -3.196688
v 1.294253 0.477117 -3.197140
v 1.297680 0.473458 -3.200330
v 1.552896 0.982367 -3.197140
v 1.547909 0.985292 -3.196688
v 1.549469 0.986027 -3.200330
v 1.554361 0.474193 -3.196688
v 1.549374 0.477117 -3.197140
v 1.552801 0.473458 -3.200330
v 1.705969 0.982367 -3.197140
v 1.700982 0.985292 -3.196688
v 1.702542 0.986027 -3.200330
v 1.707433 0.474193 -3.196688
v 1.702446 0.477117 -3.197140
v 1.705873 0.473458 -3.200330
v 1.961090 0.982367 -3.197140
v 1.956103 0.985292 -3.196688
v 1.957663 0.986027 -3.200330
v 1.962554 0.474193 -3.196688
v 1.957567 0.477117 -3.197140
v 1.960994 0.473458 -3.200330
v 2.114162 0.982367 -3.197140
v 2.109175 0.985292 -3.196688
v 2.110735 0.986027 -3.200330
v 2.115627 0.474193 -3.196688
v 2.110640 0.477117 -3.197140
v 2.114067 0.473458 -3.200330
v 2.369283 0.982367 -3.197140
v 2.364296 0.985292 -3.196688
v 2.365856 0.986026 -3.200330
v 2.370748 0.474193 -3.196688
v 2.365761 0.477117 -3.197140
v 2.369188 0.473458 -3.200330
v 3.696990 0.000517 -3.407500
v 3.696990 0.129919 3.407500
v 3.697500 0.000000 3.406717
v 3.697500 0.130436 -3.406717
v -3.697500 0.130437 3.406717
v -3.696990 0.129919 -3.407500
v -3.697500 -0.000000 -3.406717
v -3.696990 0.000518 3.407500
v 2.957140 0.134520 -2.349554
v 2.957631 0.133990 2.819026
v -2.957140 6.311469 -2.349555
v -2.957140 0.134521 2.819777
v 2.957631 6.311999 -2.348803
v 2.957140 6.311468 2.819777
v -2.957631 6.311999 2.819025
v -2.957631 0.133990 -2.348802
v -2.977519 0.134447 2.838551
v -2.978035 0.460119 2.837780
v 2.977519 0.459611 2.838551
v 2.977519 0.134447 -2.368327
v 2.978035 0.460119 -2.367556
v -2.977519 0.459610 -2.368327
v -2.978035 0.133938 -2.367556
v 2.978035 0.133939 2.837780
v 2.919158 6.435671 -2.600170
v 2.923686 6.433098 -2.596379
v -2.921530 6.435308 -2.598320
v 2.921530 6.435308 2.598319
v -2.923686 6.433098 2.596378
v -2.919158 6.435671 2.600169
v 2.923686 6.313522 -2.600333
v 2.926066 6.318140 -2.600337
v 2.923686 6.313803 -2.596379
v 2.927982 6.309467 -2.600337
v 2.919389 6.309467 2.600336
v 2.923686 6.313803 2.600336
v 2.919389 6.318140 2.600336
v 2.926777 6.313803 2.599732
v -2.926777 6.313803 -2.599733
v -2.919389 6.309467 -2.600337
v -2.923686 6.313803 -2.600337
v -2.919389 6.318140 -2.600337
v -3.086963 6.313803 -2.600337
v -3.092110 6.313803 -2.596379
v -3.086963 6.313803 -2.600337
v -3.082668 6.313803 -2.596379
v -2.925737 6.682762 2.598711
v -3.082668 6.684700 -2.600337
v -3.084498 6.683444 -2.749176
v -3.086963 6.680363 -2.600337
v -3.082668 6.684700 -2.596379
v -2.926066 6.318140 2.600336
v -2.923686 6.313803 2.596378
v -2.927982 6.309467 2.600336
v -2.923686 6.313522 2.600332
v -2.927982 6.680363 -2.600337
v -2.925193 6.683638 -2.596344
v -3.082668 6.313803 2.596378
v -3.082668 6.313803 2.604295
v -3.086963 6.318140 2.600336
v -3.091259 6.313803 2.604295
v 2.925795 6.682704 -2.598958
v 2.925612 6.684595 2.596221
v 2.927982 6.680363 2.600336
v 3.082668 6.684700 2.596378
v 3.084498 6.683444 2.749175
v 3.086963 6.680363 2.600336
v 3.091259 6.684700 2.604295
v 3.082668 6.684700 -2.596379
v 3.086963 6.679503 -2.600337
v 3.086948 6.684470 -2.747220
v 3.081815 6.684700 -2.600337
v 3.085461 6.316446 -2.749446
v -3.086963 6.319033 -2.748686
v -3.082529 6.313932 -2.748629
v 3.082668 6.313803 -2.600337
v 3.082668 6.313803 -2.604296
v 3.086963 6.318140 -2.600337
v 3.082668 6.313803 -2.596379
v -3.082668 6.684700 2.596378
v -3.086963 6.679503 2.600336
v -3.086948 6.684470 2.747219
v -3.081815 6.684700 2.600336
v -3.085461 6.316446 2.749445
v 3.086963 6.319033 2.748685
v 3.082529 6.313932 2.748628
v 3.092110 6.313803 2.596378
v 3.086963 6.313803 2.600336
v 3.082668 6.313803 2.596378
v 3.086963 6.313803 2.600336
v -1.022070 6.229491 -2.477581
v -2.345530 6.228913 -2.477749
v -1.022066 0.464341 -2.477749
v -1.022066 6.228913 -2.337342
v -2.345530 0.464341 -2.337341
v -2.345526 0.463762 -2.477581
v -1.022070 0.463763 -2.337509
v -2.345526 6.229491 -2.337510
v -0.901022 2.387393 -2.328341
v -0.900382 0.823488 -2.328665
v -2.365165 0.823488 -2.467616
v -0.901022 0.823549 -2.467940
v -2.365166 2.387454 -2.328665
v -0.900382 2.387454 -2.467616
v -2.364525 2.387393 -2.467941
v -2.364526 0.823549 -2.328341
v -2.297239 2.317553 -2.483782
v -0.968309 2.317554 -2.481780
v -2.297239 0.893389 -2.481780
v -0.968309 0.893388 -2.483782
v -2.294003 2.362332 -2.541108
v -2.298174 2.362332 -2.480882
v -2.294002 0.858914 -2.480881
v -2.298174 0.858914 -2.541108
v -1.630689 2.362332 -2.541108
v -1.634860 2.362332 -2.480882
v -1.630688 0.858914 -2.480881
v -1.634859 0.858914 -2.541108
v -0.967374 2.362332 -2.541108
v -0.971545 0.858914 -2.541108
v -0.971545 2.362332 -2.480882
v -0.967374 0.858914 -2.480881
v -2.410550 0.863017 -2.641665
v -2.411343 0.781871 -2.641220
v -0.854997 0.863017 -2.417941
v -0.854204 0.863061 -2.641220
v -2.411343 0.863062 -2.418386
v -0.854997 0.781915 -2.641666
v -0.854204 0.781871 -2.418386
v -2.410550 0.781915 -2.417941
v -0.844432 2.378741 -2.716545
v -2.426578 2.408293 -2.721245
v -2.426578 2.415020 -2.338362
v -0.844432 2.444573 -2.343062
v -0.843573 2.444727 -2.716017
v -0.843573 2.378587 -2.343589
v 0.747950 2.387393 -2.467941
v 0.747949 0.823549 -2.328341
v 2.211453 2.387393 -2.328341
v 0.747309 2.387454 -2.328665
v 2.212092 2.387454 -2.467616
v 0.747310 0.823488 -2.467616
v 2.211452 0.823549 -2.467940
v 2.212093 0.823488 -2.328665
v 2.144166 0.893389 -2.483782
v 0.815237 2.317554 -2.483782
v 0.815236 0.893388 -2.481780
v 2.144166 2.317553 -2.481780
v 0.814302 0.858914 -2.541108
v 0.814301 2.362332 -2.480882
v 0.818473 0.858914 -2.480881
v 0.818472 2.362332 -2.541108
v 1.481786 2.362332 -2.541108
v 1.477615 2.362332 -2.480882
v 1.477616 0.858914 -2.541108
v 1.481787 0.858913 -2.480881
v 2.145101 2.362332 -2.541107
v 2.140930 0.858914 -2.541108
v 2.140930 2.362332 -2.480883
v 2.145102 0.858914 -2.480882
v 0.701924 0.863017 -2.641666
v 2.257478 0.781915 -2.641665
v 0.701924 0.781915 -2.417940
v 0.701132 0.781871 -2.641220
v 2.257478 0.863017 -2.417941
v 0.701132 0.863061 -2.418386
v 2.258271 0.863061 -2.641220
v 2.258270 0.781871 -2.418386
v 0.691359 2.444573 -2.716545
v 0.690500 2.444727 -2.343589
v 2.273505 2.408293 -2.338362
v 0.690500 2.378587 -2.716017
v 0.691359 2.378741 -2.343061
v 2.273505 2.415020 -2.721245
v -3.076255 0.824258 0.993971
v -2.924230 2.047093 1.921771
v -2.924188 2.046695 0.993971
v -3.076214 2.047093 0.993615
v -3.076255 2.046696 1.921415
v -2.924230 0.823861 0.993615
v -3.076214 0.823861 1.921771
v -2.924188 0.824258 1.921415
v -3.093274 1.977902 1.858414
v -3.090856 0.893051 1.858414
v -3.090857 1.977902 1.056973
v -3.093274 0.893051 1.056973
v -3.155145 0.859514 1.859136
v -3.090214 2.021742 1.859136
v -3.090214 0.859514 1.855631
v -3.155145 2.021742 1.855630
v -3.155145 2.021742 1.455940
v -3.155145 0.859514 1.459446
v -3.090214 2.021742 1.459445
v -3.090214 0.859514 1.455941
v -3.090214 0.859514 1.056251
v -3.090214 2.021742 1.059756
v -3.155145 0.859514 1.059756
v -3.155145 2.021742 1.056250
v -3.021758 0.862930 0.952628
v -3.022236 0.781906 0.951915
v -3.022236 0.863027 1.963471
v -3.264421 0.862930 1.962758
v -3.263943 0.781906 1.963471
v -3.263943 0.863027 0.951915
v -3.264422 0.782002 0.952628
v -3.021758 0.782003 1.962758
v -3.076255 0.824258 -1.733326
v -2.924188 0.824258 -0.805882
v -2.924230 0.823861 -1.733682
v -3.076255 2.046695 -0.805882
v -3.076214 0.823861 -0.805526
v -3.076214 2.047092 -1.733682
v -2.924188 2.046695 -1.733326
v -2.924230 2.047093 -0.805526
v -3.093275 0.893051 -1.670324
v -3.090856 1.977902 -1.670324
v -3.090856 0.893051 -0.868884
v -3.093274 1.977902 -0.868884
v -3.155145 2.021742 -0.871667
v -3.155145 0.859514 -0.868161
v -3.090214 2.021742 -0.868162
v -3.090214 0.859514 -0.871666
v -3.155145 2.021742 -1.271357
v -3.090214 2.021742 -1.267852
v -3.090214 0.859514 -1.271356
v -3.155145 0.859514 -1.267851
v -3.090214 2.021741 -1.667542
v -3.155145 0.859514 -1.667541
v -3.090214 0.859514 -1.671046
v -3.155145 2.021741 -1.671047
v -3.263943 0.863026 -1.775382
v -3.264421 0.782002 -1.774669
v -3.022236 0.863027 -0.763825
v -3.263943 0.781906 -0.763825
v -3.022236 0.781906 -1.775382
v -3.021758 0.862930 -1.774669
v -3.264422 0.862930 -0.764539
v -3.021758 0.782003 -0.764539
v 1.078060 2.046989 2.928990
v 2.085079 2.046581 2.929026
v 2.085079 0.824373 2.788893
v 1.078420 2.046581 2.788893
v 1.078420 0.824373 2.929026
v 2.085440 2.046989 2.788929
v 2.085440 0.823965 2.928990
v 1.078059 0.823965 2.788929
v 2.016556 1.977564 2.944612
v 1.146943 0.893390 2.944613
v 1.146943 1.977564 2.942587
v 2.016556 0.893390 2.942587
v 2.013370 2.022343 3.001927
v 2.017541 2.022343 2.941700
v 2.017541 0.858914 3.001927
v 2.013369 0.858914 2.941700
v 1.579664 2.022343 3.001927
v 1.583835 0.858914 3.001927
v 1.583836 2.022343 2.941700
v 1.579664 0.858914 2.941700
v 1.150130 0.858914 3.001927
v 1.150130 2.022343 2.941700
v 1.145958 0.858914 2.941700
v 1.145959 2.022343 3.001927
v 1.033493 0.862893 2.878931
v 2.130805 0.781944 3.101822
v 2.130006 0.782039 2.878931
v 1.032694 0.781945 2.879422
v 1.033493 0.782040 3.102314
v 2.130805 0.862989 2.879423
v 1.032694 0.862988 3.101822
v 2.130006 0.862893 3.102313
v -1.880983 0.824373 2.929026
v -0.873963 2.046989 2.788929
v -0.874323 0.824373 2.788893
v -0.874323 2.046581 2.929026
v -0.873963 0.823965 2.928990
v -1.880983 2.046581 2.788893
v -1.881343 2.046989 2.928990
v -1.881343 0.823965 2.788929
v -0.942846 1.977564 2.944613
v -1.812459 0.893390 2.944613
v -1.812460 1.977564 2.942587
v -0.942846 0.893390 2.942587
v -0.946033 2.022343 3.001927
v -0.941862 0.858914 3.001927
v -0.941861 2.022343 2.941700
v -0.946033 0.858914 2.941700
v -1.379738 2.022343 3.001927
v -1.375567 0.858914 3.001927
v -1.375567 2.022343 2.941700
v -1.379739 0.858914 2.941700
v -1.813444 2.022343 3.001927
v -1.809273 0.858914 3.001927
v -1.813445 0.858914 2.941700
v -1.809273 2.022343 2.941700
v -1.925909 0.862893 2.878931
v -0.829397 0.782040 2.878931
v -1.926709 0.781945 2.879422
v -0.828597 0.781945 3.101823
v -0.828597 0.862988 2.879422
v -1.926709 0.862988 3.101823
v -0.829397 0.862893 3.102314
v -1.925909 0.782040 3.102314
v 3.076255 0.824258 -0.993972
v 2.924188 2.046695 -0.993972
v 2.924230 2.047092 -1.921771
v 2.924188 0.824258 -1.921415
v 3.076255 2.046695 -1.921415
v 3.076214 2.047093 -0.993616
v 2.924230 0.823861 -0.993616
v 3.076214 0.823861 -1.921771
v 3.090857 1.977902 -1.056973
v 3.093274 0.893051 -1.056973
v 3.093274 1.977902 -1.858414
v 3.090856 0.893051 -1.858414
v 3.090214 2.021741 -1.859136
v 3.090214 0.859514 -1.855631
v 3.155145 0.859514 -1.859136
v 3.155145 2.021741 -1.855631
v 3.155145 2.021742 -1.455940
v 3.090214 2.021742 -1.459446
v 3.155145 0.859514 -1.459446
v 3.090214 0.859514 -1.455941
v 3.155145 2.021742 -1.056250
v 3.090214 0.859514 -1.056251
v 3.090214 2.021742 -1.059756
v 3.155145 0.859514 -1.059756
v 3.263943 0.863027 -0.951915
v 3.264422 0.782002 -0.952629
v 3.022236 0.863027 -1.963472
v 3.021758 0.862930 -0.952628
v 3.264421 0.862930 -1.962758
v 3.263943 0.781906 -1.963471
v 3.021758 0.782002 -1.962758
v 3.022236 0.781906 -0.951915
v 3.076255 2.046695 0.805882
v 3.076214 2.047093 1.733681
v 3.076255 0.824258 1.733325
v 2.924188 2.046696 1.733325
v 2.924188 0.824258 0.805882
v 2.924230 0.823861 1.733682
v 2.924230 2.047093 0.805526
v 3.076214 0.823861 0.805526
v 3.093274 1.977902 0.868883
v 3.090856 1.977903 1.670324
v 3.090856 0.893051 0.868883
v 3.093275 0.893051 1.670324
v 3.155145 2.021742 0.871666
v 3.155145 0.859514 0.868161
v 3.090214 2.021742 0.868161
v 3.090214 0.859514 0.871666
v 3.155145 2.021742 1.271357
v 3.155145 0.859514 1.267851
v 3.090214 0.859514 1.271356
v 3.090214 2.021742 1.267851
v 3.155145 0.859514 1.667541
v 3.090214 2.021742 1.667542
v 3.090214 0.859514 1.671046
v 3.155145 2.021742 1.671047
v 3.264421 0.782003 1.774669
v 3.263943 0.781906 0.763825
v 3.021758 0.782003 0.764539
v 3.022236 0.863027 0.763825
v 3.264422 0.862930 0.764539
v 3.022236 0.781906 1.775382
v 3.021758 0.862930 1.774669
v 3.263943 0.863027 1.775382
v -2.753069 3.398874 -2.376286
v -2.753921 3.531589 -2.376899
v -2.753069 3.531341 -3.172354
v -2.753921 3.398626 -3.171740
v -0.511627 3.531589 -3.171740
v -0.512478 3.531341 -2.376286
v -0.512478 3.398874 -3.172354
v -0.511627 3.398626 -2.376899
v -2.676940 3.530442 -3.085481
v -2.711072 3.530499 -3.083088
v -2.701272 4.594940 -3.099139
v -2.686077 4.594996 -3.070485
v -2.003537 3.530498 -3.083088
v -1.969403 3.530443 -3.085481
v -1.978542 4.594995 -3.070485
v -1.993737 4.594940 -3.099139
v -1.261869 3.530442 -3.085481
v -1.271006 4.594995 -3.070485
v -1.286202 4.594940 -3.099139
v -1.296003 3.530498 -3.083088
v -0.588466 3.530498 -3.083088
v -0.578666 4.594940 -3.099139
v -0.554334 3.530442 -3.085481
v -0.563471 4.594996 -3.070485
v -2.696733 3.678212 -3.082686
v -2.696688 3.632989 -3.085673
v -0.568655 3.665354 -3.103625
v -0.568699 3.645010 -3.066056
v -2.691360 4.593891 -3.062145
v -2.694077 4.583908 -3.069894
v -2.684939 4.593071 -3.109328
v -2.694077 4.602331 -3.099021
v -2.694077 4.581405 -3.098971
v -2.694077 4.565219 -3.099440
v -2.712194 4.582498 -3.084561
v -2.694195 4.569488 -3.084667
v -2.696553 4.567388 -3.081239
v -2.694077 4.564548 -3.084667
v -0.572681 4.602742 -3.102129
v -0.577173 4.581839 -3.102659
v -0.571471 4.584872 -3.100963
v -0.581542 4.590221 -3.059629
v -0.571471 4.584872 -3.068372
v -0.571471 4.600594 -3.068310
v -2.701816 4.579184 -2.400151
v -2.710683 4.607269 -3.079989
v -2.694077 4.611995 -3.082057
v -2.689782 4.614780 -3.081239
v -2.689782 4.614780 -3.088095
v -2.696065 4.614780 -3.079384
v -2.690357 4.614780 -3.080708
v -2.694077 4.610977 -3.084667
v -2.671236 4.594476 -3.083574
v -2.681524 4.612248 -2.407696
v -0.569239 4.616058 -2.404993
v -0.572638 4.570281 -2.404985
v -0.567176 4.567388 -3.081239
v -0.567176 4.567388 -3.088095
v -0.571471 4.569556 -3.083084
v -0.591438 4.578988 -3.082229
v -0.571471 4.569556 -3.086251
v -0.548385 4.593349 -3.083866
v -0.589220 4.600594 -3.084667
v -0.575766 4.614780 -3.081239
v -0.566890 4.622288 -3.088889
v -0.575191 4.614780 -3.080708
v -0.567751 4.614780 -3.080708
v -0.571471 4.610977 -3.084667
v -0.575766 4.614780 -3.088095
v -2.684712 4.255057 -3.115821
v -0.580836 4.255058 -3.109946
v -2.684711 3.602401 -3.109946
v -0.580837 3.602400 -3.115820
v -0.685422 5.858678 -2.466284
v -0.685880 3.606566 -2.467068
v -2.580125 3.606001 -2.466284
v -2.579668 3.606567 -2.329213
v -2.579668 5.858112 -2.467068
v -0.685879 5.858112 -2.329214
v -0.685422 3.606000 -2.329997
v -2.580126 5.858678 -2.329998
v -0.754042 3.675115 -2.483790
v -2.511506 5.789563 -2.483790
v -2.511506 3.675116 -2.481772
v -0.754042 5.789563 -2.481773
v -2.512476 3.640641 -2.541108
v -2.508305 3.640641 -2.480882
v -2.512477 5.834341 -2.480883
v -2.508306 5.834341 -2.541108
v -1.634859 3.640641 -2.541109
v -1.630688 3.640641 -2.480881
v -1.630689 5.834341 -2.541108
v -1.634860 5.834341 -2.480882
v -0.757243 3.640641 -2.541109
v -0.757243 5.834341 -2.480882
v -0.753072 3.640641 -2.480881
v -0.753073 5.834341 -2.541108
v -0.640730 3.644807 -2.417849
v -2.624817 3.563581 -2.417849
v -2.625603 3.644827 -2.418272
v -0.639944 3.644827 -2.641334
v -2.624817 3.644807 -2.641758
v -2.625603 3.563561 -2.641335
v -0.640730 3.563581 -2.641758
v -0.639944 3.563561 -2.418272
v -0.609662 5.257822 -3.010937
v -0.614919 3.547483 -3.010937
v -0.614919 5.257822 -2.406040
v -0.609662 3.547483 -2.406040
v -1.793029 4.292785 -2.974737
v -2.655684 4.292405 -2.975284
v -2.656280 3.626490 -2.974737
v -1.793624 4.292405 -2.554547
v -2.655685 3.626869 -2.554547
v -1.793029 3.626490 -2.555094
v -2.656280 4.292785 -2.555094
v -1.793624 3.626869 -2.975284
v -1.886291 3.804995 -2.997617
v -1.885580 4.147151 -3.000612
v -2.124761 4.214294 -3.000027
v -2.298886 4.035276 -2.999445
v -2.267096 3.857307 -2.999244
v -2.128899 3.739477 -3.002438
v -1.824887 3.976931 -3.000810
v -1.839486 3.812823 -3.028241
v -2.276839 3.826894 -3.029241
v -2.276839 3.798753 -3.027241
v -2.283269 3.881851 -3.028241
v -1.845914 3.895921 -3.027241
v -1.845914 3.867782 -3.029241
v -2.283268 3.950878 -3.028241
v -1.845914 3.936810 -3.029241
v -1.845915 3.964949 -3.027241
v -1.845915 4.005838 -3.029241
v -2.283267 4.019908 -3.028241
v -1.845915 4.033979 -3.027241
v -1.845914 4.074866 -3.029241
v -1.845914 4.103006 -3.027241
v -2.283269 4.088937 -3.028241
v -1.845915 4.143894 -3.029241
v -2.283268 4.157965 -3.028241
v -1.845914 4.172034 -3.027241
v -2.566836 4.161371 -2.996704
v -2.474353 4.161371 -2.993947
v -2.566836 3.788811 -2.993947
v -2.474353 3.788811 -2.996704
v -2.490495 3.624247 -3.034372
v -2.490942 3.553623 -3.035157
v -2.490495 3.553233 -2.495459
v -2.571103 3.624247 -2.495459
v -2.490942 3.623857 -2.494673
v -2.570656 3.623857 -3.035157
v -2.571103 3.553233 -3.034372
v -2.570656 3.553622 -2.494673
v -1.878205 3.624247 -3.034372
v -1.958366 3.553622 -2.494673
v -1.878652 3.623857 -2.494673
v -1.878205 3.553233 -2.495459
v -1.958813 3.624247 -2.495459
v -1.958366 3.623857 -3.035157
v -1.958813 3.553233 -3.034372
v -1.878652 3.553622 -3.035157
v -2.144122 5.607644 -2.951591
v -2.144227 5.577480 -2.953737
v -0.910693 5.591869 -2.953004
v -2.144136 5.570734 -2.428694
v -2.140877 5.614341 -2.428718
v -2.162744 5.601636 -3.011783
v -2.123667 5.582623 -3.011808
v -0.916297 5.614341 -2.428718
v -0.938164 5.601636 -3.011783
v -0.919555 5.570734 -2.428694
v -0.899087 5.582623 -3.011808
v 2.599997 3.398874 -3.172354
v 0.359406 3.398874 -2.376286
v 2.599997 3.531341 -2.376286
v 0.358555 3.531589 -2.376899
v 0.359406 3.531341 -3.172354
v 0.358554 3.398626 -3.171740
v 2.600848 3.531589 -3.171740
v 2.600848 3.398626 -2.376900
v 0.435535 3.530442 -3.085481
v 0.401403 3.530499 -3.083088
v 0.411203 4.594940 -3.099139
v 0.426398 4.594996 -3.070485
v 1.143072 3.530443 -3.085481
v 1.118738 4.594940 -3.099139
v 1.108938 3.530498 -3.083088
v 1.133933 4.594995 -3.070485
v 1.816472 3.530499 -3.083088
v 1.841468 4.594996 -3.070485
v 1.826274 4.594940 -3.099139
v 1.850606 3.530442 -3.085481
v 2.524009 3.530498 -3.083088
v 2.558141 3.530442 -3.085481
v 2.533809 4.594941 -3.099139
v 2.549003 4.594996 -3.070484
v 0.415787 3.632989 -3.085673
v 0.415742 3.678212 -3.082686
v 2.543777 3.645010 -3.066056
v 2.543821 3.665354 -3.103625
v 0.429147 4.597866 -3.054856
v 0.418398 4.583908 -3.069894
v 2.537151 4.603810 -3.102578
v 2.541004 4.600594 -3.101024
v 0.416034 4.573174 -3.088208
v 0.418398 4.564548 -3.084667
v 0.414103 4.567388 -3.088095
v 0.406087 4.568202 -3.082525
v 0.438629 4.581771 -3.084580
v 2.542408 4.571135 -3.088662
v 0.422412 4.583588 -3.102886
v 0.424923 4.598056 -3.111719
v 0.418424 4.612673 -3.070730
v 0.422119 4.614780 -3.080708
v 0.418398 4.610977 -3.084667
v 0.414678 4.614780 -3.080975
v 0.418398 4.612442 -3.082292
v 2.540359 4.594539 -3.063424
v 0.439979 4.600944 -2.406135
v 0.413538 4.587868 -2.397119
v 0.395351 4.591539 -3.083246
v 2.521059 4.581957 -2.405133
v 2.545585 4.621858 -3.081126
v 2.536708 4.614780 -3.088095
v 2.536708 4.614780 -3.081239
v 2.542888 4.616468 -3.084667
v 2.537284 4.619118 -3.089387
v 2.544724 4.619118 -3.089387
v 2.536708 4.571725 -3.081239
v 2.541004 4.574565 -3.084667
v 2.542471 4.571158 -3.081587
v 2.541004 4.574564 -3.084667
v 2.519180 4.588792 -3.083757
v 2.524398 4.607269 -3.080708
v 2.544977 4.610054 -2.399544
v 2.567833 4.597977 -3.075709
v 2.558753 4.600594 -3.084667
v 2.537284 4.614780 -2.411503
v 2.531639 4.255057 -3.109946
v 0.427764 3.602400 -3.109946
v 0.427763 4.255058 -3.115821
v 2.531638 3.602401 -3.115821
v 0.532807 3.606566 -2.329213
v 0.532350 3.606001 -2.466284
v 0.532349 5.858678 -2.329998
v 2.426595 5.858112 -2.329214
v 2.427053 5.858678 -2.466284
v 0.532807 5.858112 -2.467068
v 2.426595 3.606567 -2.467068
v 2.427053 3.606001 -2.329997
v 0.600969 5.789563 -2.483790
v 0.600969 3.675115 -2.481772
v 2.358433 5.789562 -2.481773
v 2.358433 3.675116 -2.483790
v 0.604171 5.834341 -2.541108
v 0.600000 5.834341 -2.480882
v 0.604171 3.640641 -2.480881
v 0.600000 3.640641 -2.541109
v 1.477615 5.834341 -2.480882
v 1.481787 3.640641 -2.480882
v 1.477616 3.640641 -2.541109
v 1.481786 5.834341 -2.541108
v 2.359401 5.834341 -2.541108
v 2.355231 3.640641 -2.541108
v 2.359402 3.640641 -2.480882
v 2.355230 5.834341 -2.480883
v 2.471745 3.563581 -2.641758
v 0.486872 3.563561 -2.641335
v 2.471745 3.644807 -2.417849
v 0.487657 3.563581 -2.417849
v 2.472531 3.563561 -2.418273
v 2.472531 3.644827 -2.641334
v 0.486872 3.644827 -2.418272
v 0.487657 3.644807 -2.641758
v 2.502815 3.547483 -2.406040
v 2.502816 5.257822 -3.010936
v 2.497558 5.257822 -2.406040
v 2.497558 3.547483 -3.010936
v 0.456196 4.292785 -2.555094
v 0.456790 3.626869 -2.554547
v 1.319446 3.626490 -2.555094
v 0.456196 3.626490 -2.974737
v 1.318851 3.626869 -2.975284
v 1.318851 4.292405 -2.554547
v 1.319446 4.292785 -2.974737
v 0.456790 4.292405 -2.975284
v 1.226895 4.147151 -3.000612
v 1.226184 3.804995 -2.997617
v 0.987714 4.214293 -3.000027
v 0.813589 4.035276 -2.999445
v 0.845380 3.857307 -2.999244
v 0.983577 3.739477 -3.002438
v 1.287588 3.976931 -3.000810
v 0.835636 3.826894 -3.029241
v 0.835636 3.798753 -3.027241
v 1.272989 3.812823 -3.028241
v 0.835635 3.895921 -3.029241
v 1.272990 3.881851 -3.028241
v 0.835635 3.867782 -3.027241
v 1.272989 3.950878 -3.028241
v 0.835636 3.964949 -3.029241
v 0.835635 3.936810 -3.027241
v 1.272989 4.019907 -3.028241
v 0.835636 4.033978 -3.029240
v 0.835636 4.005838 -3.027241
v 1.266561 4.103006 -3.027241
v 1.266561 4.074866 -3.029241
v 0.829206 4.088936 -3.028241
v 0.835636 4.172034 -3.029241
v 0.835636 4.143894 -3.027241
v 1.272989 4.157965 -3.028241
v 0.545639 4.161371 -2.996704
v 0.638122 3.788811 -2.996704
v 0.638122 4.161371 -2.993947
v 0.545639 3.788811 -2.993947
v 0.621533 3.553622 -3.035157
v 0.541372 3.624247 -2.495459
v 0.541819 3.623857 -3.035157
v 0.541372 3.553233 -3.034372
v 0.541819 3.553622 -2.494673
v 0.621980 3.624247 -3.034372
v 0.621532 3.623857 -2.494673
v 0.621980 3.553233 -2.495459
v 1.154109 3.623857 -3.035157
v 1.233823 3.553622 -3.035157
v 1.233823 3.623857 -2.494673
v 1.153662 3.624247 -2.495459
v 1.234270 3.624247 -3.034372
v 1.234270 3.553233 -2.495459
v 1.153662 3.553233 -3.034372
v 1.154109 3.553622 -2.494673
v 0.968248 5.577480 -2.953737
v 2.201782 5.591869 -2.953004
v 0.968353 5.607644 -2.951591
v 0.968339 5.570734 -2.428694
v 0.971598 5.614341 -2.428718
v 0.988808 5.582624 -3.011809
v 0.949731 5.601636 -3.011783
v 2.196178 5.614341 -2.428718
v 2.192919 5.570734 -2.428694
v 2.174312 5.601636 -3.011783
v 2.213388 5.582623 -3.011808
v -2.924188 3.915067 1.921415
v -2.924188 5.137504 0.993971
v -3.076214 5.137901 0.993615
v -2.924230 5.137901 1.921771
v -3.076255 5.137504 1.921415
v -3.076214 3.914670 1.921771
v -3.076255 3.915067 0.993971
v -2.924230 3.914670 0.993615
v -3.090856 3.983860 1.858413
v -3.093274 5.068710 1.858414
v -3.093274 3.983860 1.056973
v -3.090857 5.068710 1.056973
v -3.155145 5.112550 1.855630
v -3.090213 5.112550 1.859135
v -3.155145 3.950323 1.859136
v -3.090214 3.950323 1.855631
v -3.155145 3.950323 1.459446
v -3.090213 5.112550 1.459445
v -3.090214 3.950323 1.455940
v -3.155145 5.112550 1.455940
v -3.155145 3.950323 1.059756
v -3.090213 3.950323 1.056250
v -3.090213 5.112550 1.059755
v -3.155145 5.112550 1.056250
v -3.263943 3.953835 0.951915
v -3.022236 3.953836 1.963471
v -3.021758 3.872811 1.962758
v -3.021758 3.953739 0.952628
v -3.022236 3.872715 0.951914
v -3.264421 3.953739 1.962757
v -3.264421 3.872811 0.952628
v -3.263943 3.872715 1.963471
v -3.076255 5.137504 -0.805882
v -3.076214 3.914670 -0.805526
v -2.924188 3.915067 -0.805882
v -2.924230 3.914670 -1.733682
v -2.924230 5.137901 -0.805526
v -3.076214 5.137901 -1.733682
v -3.076255 3.915066 -1.733326
v -2.924188 5.137504 -1.733326
v -3.093274 5.068710 -0.868884
v -3.090857 5.068710 -1.670325
v -3.090856 3.983860 -0.868884
v -3.093274 3.983860 -1.670325
v -3.155145 5.112550 -0.871667
v -3.155145 3.950323 -0.868161
v -3.090214 3.950323 -0.871666
v -3.090213 5.112550 -0.868162
v -3.155145 5.112550 -1.271357
v -3.155145 3.950323 -1.267851
v -3.090214 5.112550 -1.267852
v -3.090214 3.950323 -1.271357
v -3.090214 3.950323 -1.671047
v -3.090214 5.112550 -1.667542
v -3.155145 3.950323 -1.667541
v -3.155145 5.112550 -1.671047
v -3.263943 3.953835 -1.775383
v -3.264421 3.872811 -1.774669
v -3.021758 3.953738 -1.774669
v -3.021758 3.872811 -0.764539
v -3.264421 3.953739 -0.764539
v -3.022236 3.953835 -0.763826
v -3.263943 3.872715 -0.763826
v -3.022236 3.872715 -1.775383
v 1.078420 3.915181 2.929026
v 2.085079 3.915181 2.788893
v 1.078420 5.137390 2.788893
v 2.085440 5.137797 2.788929
v 1.078059 5.137797 2.928990
v 2.085079 5.137390 2.929026
v 2.085440 3.914773 2.928990
v 1.078059 3.914773 2.788929
v 2.016556 3.984199 2.942587
v 1.146943 5.068372 2.942587
v 1.146943 3.984199 2.944612
v 2.016556 5.068372 2.944612
v 2.013370 5.113151 3.001927
v 2.017541 5.113151 2.941700
v 2.017541 3.949723 3.001927
v 2.013369 3.949723 2.941700
v 1.579664 3.949723 2.941700
v 1.579664 5.113151 3.001927
v 1.583835 3.949723 3.001927
v 1.583836 5.113151 2.941700
v 1.150130 3.949723 3.001927
v 1.145959 5.113151 3.001927
v 1.150130 5.113151 2.941700
v 1.145958 3.949723 2.941700
v 1.033493 3.872849 3.102313
v 1.033493 3.953702 2.878931
v 2.130006 3.872848 2.878931
v 2.130805 3.872753 3.101822
v 2.130805 3.953797 2.879422
v 1.032694 3.953797 3.101822
v 2.130006 3.953702 3.102313
v 1.032694 3.872753 2.879422
v -0.873963 3.914774 2.928990
v -1.880983 5.137390 2.788893
v -1.881343 3.914774 2.788929
v -0.874323 5.137390 2.929026
v -0.873963 5.137797 2.788929
v -1.881343 5.137797 2.928990
v -1.880983 3.915182 2.929026
v -0.874323 3.915181 2.788893
v -0.942846 5.068372 2.944612
v -0.942846 3.984199 2.942587
v -1.812460 5.068372 2.942587
v -1.812459 3.984199 2.944612
v -0.946033 3.949723 2.941700
v -0.941862 3.949723 3.001927
v -0.941861 5.113151 2.941700
v -0.946033 5.113151 3.001927
v -1.379738 5.113151 3.001927
v -1.379739 3.949723 2.941700
v -1.375567 3.949723 3.001927
v -1.375567 5.113151 2.941700
v -1.809273 5.113151 2.941700
v -1.813444 5.113151 3.001927
v -1.813445 3.949723 2.941700
v -1.809273 3.949723 3.001927
v -1.926709 3.953797 3.101822
v -1.925909 3.953702 2.878931
v -0.829397 3.872848 2.878931
v -0.828597 3.872753 3.101822
v -1.926709 3.872753 2.879422
v -1.925909 3.872849 3.102313
v -0.828597 3.953797 2.879422
v -0.829397 3.953702 3.102313
v 3.076255 3.915067 -0.993972
v 3.076255 5.137504 -1.921415
v 2.924188 5.137504 -0.993972
v 2.924188 3.915066 -1.921415
v 2.924230 5.137901 -1.921772
v 2.924230 3.914670 -0.993616
v 3.076214 5.137901 -0.993616
v 3.076214 3.914670 -1.921771
v 3.093274 5.068710 -1.858414
v 3.090856 3.983860 -1.858414
v 3.090857 5.068710 -1.056973
v 3.093274 3.983860 -1.056973
v 3.155145 5.112550 -1.855631
v 3.155145 3.950323 -1.859137
v 3.090213 5.112550 -1.859136
v 3.090214 3.950323 -1.855631
v 3.155145 3.950323 -1.459447
v 3.155145 5.112550 -1.455941
v 3.090213 5.112550 -1.459446
v 3.090214 3.950323 -1.455941
v 3.155145 5.112550 -1.056251
v 3.090213 3.950323 -1.056251
v 3.155145 3.950323 -1.059757
v 3.090213 5.112550 -1.059756
v 3.264421 3.953739 -1.962758
v 3.021758 3.953739 -0.952628
v 3.022236 3.953835 -1.963472
v 3.021758 3.872811 -1.962758
v 3.022236 3.872715 -0.951915
v 3.263943 3.872714 -1.963472
v 3.263943 3.953835 -0.951915
v 3.264421 3.872811 -0.952629
v 3.076255 3.915067 1.733325
v 2.924230 5.137901 0.805526
v 3.076255 5.137504 0.805882
v 3.076214 3.914670 0.805526
v 3.076214 5.137901 1.733681
v 2.924230 3.914670 1.733681
v 2.924188 5.137504 1.733325
v 2.924188 3.915067 0.805882
v 3.093274 3.983860 1.670324
v 3.090856 3.983860 0.868883
v 3.090857 5.068710 1.670324
v 3.093274 5.068710 0.868883
v 3.155145 5.112550 0.871666
v 3.090214 3.950323 0.871666
v 3.155145 3.950323 0.868161
v 3.090213 5.112550 0.868161
v 3.155145 3.950323 1.267851
v 3.155145 5.112550 1.271356
v 3.090214 3.950323 1.271356
v 3.090214 5.112550 1.267851
v 3.155145 5.112550 1.671046
v 3.090214 5.112550 1.667541
v 3.090214 3.950323 1.671046
v 3.155145 3.950323 1.667541
v 3.264421 3.953739 0.764539
v 3.021758 3.872811 0.764539
v 3.022236 3.953835 0.763825
v 3.263943 3.872715 0.763825
v 3.022236 3.872715 1.775382
v 3.021758 3.953739 1.774669
v 3.263943 3.953835 1.775382
v 3.264421 3.872811 1.774668
v -0.553773 2.489695 -2.519823
v 0.553773 0.175204 -2.519823
v -0.554084 0.174855 -2.519554
v -0.553773 0.175204 -2.389312
v 0.554084 0.174855 -2.389580
v -0.554084 2.490044 -2.389581
v 0.553773 2.489695 -2.389313
v 0.554084 2.490044 -2.519555
v -0.480621 0.243574 -2.537797
v 0.480621 0.243574 -2.540616
v -0.480621 2.411023 -2.540616
v 0.480621 2.411023 -2.537797
v -0.002118 0.240756 -2.595116
v -0.002118 2.413841 -2.539727
v 0.002118 0.240756 -2.539726
v 0.002118 2.413841 -2.595116
v -0.124627 1.025605 -2.655850
v -0.120289 1.025606 -2.591845
v -0.120289 1.443543 -2.655850
v -0.124627 1.443542 -2.591844
v 0.124627 1.443543 -2.655850
v 0.120289 1.443542 -2.591844
v 0.124627 1.025606 -2.591845
v 0.120289 1.025605 -2.655850
v -0.763514 2.665831 -3.129758
v -0.764336 2.666171 -2.381953
v -0.764336 2.574402 -3.129068
v 0.763514 2.665831 -2.381263
v 0.763514 2.574742 -3.129758
v 0.764336 2.666171 -3.129068
v 0.764336 2.574402 -2.381953
v -0.763514 2.574742 -2.381263
v -0.738422 0.265478 -2.522738
v -0.737589 0.133092 -2.522091
v -0.738422 0.132828 -3.101136
v 0.737589 0.265214 -2.522091
v 0.738422 0.265478 -3.101136
v -0.737589 0.265214 -3.101783
v 0.737589 0.133092 -3.101783
v 0.738422 0.132828 -2.522738
v 2.628776 1.262150 -3.225021
v 2.628776 0.135517 -3.019549
v 2.881836 1.262150 -3.019549
v 2.628709 1.262924 -3.020051
v 2.628709 0.134743 -3.224519
v 2.881902 1.262924 -3.224519
v 2.881836 0.135517 -3.225022
v 2.881902 0.134743 -3.020051
v 2.589408 1.180797 -3.356180
v 2.588886 1.181246 -3.189848
v 2.588885 0.875794 -3.355666
v 2.921726 1.181246 -3.355666
v 2.921204 1.180797 -3.189333
v 2.921204 0.876243 -3.356180
v 2.921726 0.875794 -3.189848
v 2.589408 0.876243 -3.189333
v -3.363628 0.778951 -2.960829
v -3.363548 0.135279 -2.961588
v -3.363548 0.778162 3.149677
v -3.473612 0.778951 3.148919
v -3.473692 0.135280 3.149677
v -3.473612 0.134490 -2.960829
v -3.363628 0.134490 3.148919
v -3.473692 0.778162 -2.961588
v 3.363548 0.135280 3.149677
v 3.363628 0.778951 3.148919
v 3.363548 0.778161 -2.961588
v 3.363628 0.134490 -2.960829
v 3.473692 0.778162 3.149677
v 3.473612 0.778951 -2.960829
v 3.473692 0.135279 -2.961588
v 3.473612 0.134490 3.148919
v -2.445882 0.501886 -3.347162
v -1.227092 0.501991 -3.346635
v -2.445882 0.133382 -3.047880
v -1.227092 0.133276 -3.048407
v -2.446649 0.501992 -3.048407
v -1.227859 0.501886 -3.047880
v -1.227859 0.133382 -3.347162
v -2.446649 0.133276 -3.346635
v -2.262423 0.945472 -3.156884
v -2.430655 0.945292 -3.101866
v -2.493031 0.945472 -3.238157
v -2.324799 0.945292 -3.293174
v -2.373608 0.651129 -3.366258
v -2.231626 0.651129 -3.314225
v -2.174660 0.808418 -3.197425
v -2.174660 0.651065 -3.197616
v -2.231626 0.808354 -3.080816
v -2.381846 0.651129 -3.028784
v -2.523827 0.651129 -3.080816
v -2.580794 0.808418 -3.197616
v -2.523827 0.808354 -3.314225
v -2.262423 0.514012 -3.238157
v -2.324799 0.514192 -3.101866
v -2.493032 0.514012 -3.156884
v -2.580794 0.651065 -3.197425
v -2.430655 0.514191 -3.293174
v -2.007302 0.945472 -3.156884
v -2.175534 0.945292 -3.101866
v -2.237910 0.945472 -3.238157
v -2.069678 0.945293 -3.293174
v -2.126725 0.651129 -3.028784
v -2.268706 0.651129 -3.080816
v -2.325673 0.808418 -3.197617
v -2.268706 0.808354 -3.314225
v -2.118487 0.651129 -3.366258
v -1.919539 0.651065 -3.197616
v -1.976507 0.808354 -3.080816
v -1.919539 0.808418 -3.197425
v -1.976507 0.651129 -3.314225
v -2.237911 0.514012 -3.156884
v -2.325673 0.651065 -3.197425
v -2.175534 0.514191 -3.293174
v -2.069678 0.514192 -3.101866
v -2.007302 0.514012 -3.238157
v -1.854229 0.945472 -3.156884
v -2.022461 0.945292 -3.101866
v -2.084839 0.945470 -3.238159
v -1.916605 0.945293 -3.293174
v -1.973652 0.651129 -3.028784
v -2.172600 0.808418 -3.197616
v -2.115633 0.808354 -3.314225
v -1.965414 0.651129 -3.366258
v -1.766467 0.808418 -3.197425
v -1.823434 0.808354 -3.080816
v -2.115633 0.651129 -3.080816
v -2.172600 0.651065 -3.197425
v -1.823434 0.651129 -3.314225
v -1.766466 0.651065 -3.197617
v -1.916605 0.514192 -3.101866
v -2.084840 0.514014 -3.156882
v -1.854229 0.514012 -3.238157
v -2.022462 0.514191 -3.293174
v -1.599108 0.945472 -3.156884
v -1.568313 0.808354 -3.080816
v -1.767340 0.945292 -3.101866
v -1.718531 0.651129 -3.028784
v -1.860512 0.651129 -3.080816
v -1.829716 0.945472 -3.238156
v -1.917479 0.808418 -3.197616
v -1.661484 0.945293 -3.293174
v -1.511346 0.808418 -3.197425
v -1.917479 0.651065 -3.197425
v -1.860512 0.808354 -3.314225
v -1.710294 0.651129 -3.366258
v -1.568313 0.651129 -3.314225
v -1.511346 0.651065 -3.197616
v -1.661484 0.514192 -3.101866
v -1.767340 0.514191 -3.293174
v -1.599108 0.514012 -3.238157
v -1.829717 0.514012 -3.156884
v -1.446035 0.945472 -3.156884
v -1.676644 0.945472 -3.238156
v -1.508412 0.945293 -3.293174
v -1.565459 0.651129 -3.028784
v -1.614268 0.945292 -3.101866
v -1.707439 0.651129 -3.080816
v -1.764407 0.808418 -3.197616
v -1.707439 0.808354 -3.314225
v -1.358273 0.808418 -3.197425
v -1.358273 0.651065 -3.197617
v -1.415240 0.808354 -3.080816
v -1.764407 0.651065 -3.197425
v -1.557221 0.651129 -3.366258
v -1.415240 0.651129 -3.314225
v -1.508412 0.514192 -3.101866
v -1.676645 0.514012 -3.156884
v -1.446035 0.514012 -3.238157
v -1.614268 0.514191 -3.293174
v -1.359147 0.945292 -3.101866
v -1.421523 0.945472 -3.238157
v -1.253291 0.945292 -3.293174
v -1.190915 0.945472 -3.156884
v -1.160119 0.808354 -3.080816
v -1.452318 0.808354 -3.314225
v -1.160119 0.651129 -3.314225
v -1.103152 0.808418 -3.197425
v -1.310338 0.651129 -3.028784
v -1.452318 0.651129 -3.080816
v -1.509286 0.808418 -3.197616
v -1.302100 0.651129 -3.366258
v -1.253291 0.514192 -3.101866
v -1.509286 0.651065 -3.197425
v -1.190915 0.514012 -3.238157
v -1.103152 0.651065 -3.197616
v -1.421524 0.514012 -3.156884
v -1.359147 0.514191 -3.293174
v 1.227859 0.501886 -3.347162
v 2.445882 0.133382 -3.347162
v 1.227092 0.133276 -3.346635
v 2.445882 0.501886 -3.047880
v 1.227859 0.133382 -3.047880
v 1.227092 0.501991 -3.048407
v 2.446649 0.501992 -3.346635
v 2.446649 0.133276 -3.048407
v 1.411318 0.945472 -3.156884
v 1.180710 0.945472 -3.238157
v 1.348942 0.945293 -3.293174
v 1.499081 0.808418 -3.197425
v 1.442113 0.808354 -3.080816
v 1.291895 0.651129 -3.028784
v 1.243086 0.945292 -3.101866
v 1.092947 0.808418 -3.197616
v 1.149914 0.808354 -3.314225
v 1.300133 0.651129 -3.366258
v 1.442113 0.651129 -3.314225
v 1.149914 0.651129 -3.080816
v 1.092947 0.651065 -3.197425
v 1.499081 0.651065 -3.197616
v 1.411318 0.514012 -3.238157
v 1.348942 0.514192 -3.101866
v 1.180709 0.514012 -3.156884
v 1.243086 0.514191 -3.293174
v 1.666439 0.945472 -3.156884
v 1.498207 0.945292 -3.101866
v 1.435830 0.945472 -3.238157
v 1.604063 0.945293 -3.293174
v 1.547016 0.651129 -3.028784
v 1.405035 0.651129 -3.080816
v 1.348068 0.808418 -3.197616
v 1.555254 0.651129 -3.366258
v 1.754202 0.808418 -3.197425
v 1.754202 0.651065 -3.197616
v 1.697234 0.808354 -3.080816
v 1.405035 0.808354 -3.314225
v 1.697234 0.651129 -3.314225
v 1.604063 0.514192 -3.101866
v 1.435830 0.514012 -3.156884
v 1.348068 0.651065 -3.197425
v 1.498207 0.514191 -3.293174
v 1.666439 0.514012 -3.238157
v 1.588903 0.945472 -3.238156
v 1.757136 0.945293 -3.293174
v 1.850307 0.808354 -3.080816
v 1.700089 0.651129 -3.028784
v 1.819512 0.945472 -3.156884
v 1.651280 0.945292 -3.101866
v 1.558108 0.651129 -3.080816
v 1.708327 0.651129 -3.366258
v 1.501141 0.651065 -3.197425
v 1.501141 0.808418 -3.197617
v 1.558108 0.808354 -3.314225
v 1.850307 0.651129 -3.314225
v 1.907274 0.808418 -3.197425
v 1.757136 0.514192 -3.101866
v 1.907274 0.651065 -3.197616
v 1.588902 0.514012 -3.156884
v 1.651279 0.514191 -3.293174
v 1.819512 0.514012 -3.238157
v 2.074633 0.945472 -3.156884
v 1.906401 0.945292 -3.101866
v 1.844024 0.945472 -3.238156
v 2.012256 0.945293 -3.293174
v 2.105429 0.808354 -3.080816
v 1.955209 0.651129 -3.028784
v 1.813229 0.651129 -3.080816
v 1.756262 0.808418 -3.197616
v 1.813229 0.808354 -3.314225
v 1.963447 0.651129 -3.366258
v 1.756262 0.651065 -3.197425
v 2.105429 0.651129 -3.314225
v 2.162395 0.808418 -3.197425
v 2.162395 0.651065 -3.197616
v 2.012257 0.514192 -3.101866
v 1.906400 0.514191 -3.293174
v 2.074633 0.514012 -3.238157
v 1.844023 0.514012 -3.156884
v 2.227706 0.945472 -3.156884
v 2.059473 0.945292 -3.101866
v 1.997097 0.945472 -3.238156
v 2.165329 0.945293 -3.293174
v 2.258501 0.808354 -3.080816
v 2.108282 0.651129 -3.028784
v 1.966302 0.651129 -3.080816
v 1.966302 0.808354 -3.314225
v 2.315468 0.808418 -3.197425
v 1.909334 0.651065 -3.197425
v 1.909334 0.808418 -3.197616
v 2.116520 0.651129 -3.366258
v 2.258501 0.651129 -3.314225
v 2.315468 0.651065 -3.197617
v 2.165329 0.514192 -3.101866
v 2.059473 0.514191 -3.293174
v 2.227706 0.514012 -3.238157
v 1.997096 0.514012 -3.156885
v 2.482827 0.945471 -3.156883
v 2.252216 0.945470 -3.238159
v 2.420450 0.945292 -3.293174
v 2.314594 0.945291 -3.101866
v 2.221422 0.651129 -3.080816
v 2.221422 0.808354 -3.314225
v 2.513622 0.808354 -3.080816
v 2.363403 0.651129 -3.028784
v 2.164455 0.808419 -3.197616
v 2.164455 0.651065 -3.197425
v 2.371641 0.651129 -3.366258
v 2.513622 0.651129 -3.314225
v 2.570589 0.808418 -3.197425
v 2.570589 0.651065 -3.197616
v 2.482827 0.514012 -3.238157
v 2.420450 0.514192 -3.101866
v 2.252215 0.514014 -3.156882
v 2.314594 0.514191 -3.293174
v -2.805358 0.119968 2.951954
v -2.850583 0.123618 2.891687
v -2.771674 0.118865 2.874262
v -2.848899 6.075086 2.887823
v -2.806911 6.079776 2.951336
v -2.770141 6.078611 2.874701
v 2.763760 6.075086 2.887823
v 2.840986 0.118865 2.874262
v 2.842519 6.078611 2.874701
v 2.762077 0.123618 2.891687
v 2.805750 6.079776 2.951336
v 2.807302 0.119967 2.951954
v -0.406183 0.463433 2.841005
v -0.405922 0.463835 2.952423
v 0.405922 2.314394 2.952423
v 0.406184 0.463433 2.952151
v 0.406183 2.314796 2.841004
v 0.405922 0.463835 2.840732
v -0.406183 2.314796 2.952150
v -0.405921 2.314394 2.840732
v 0.639713 1.850110 2.817639
v 0.639713 1.340227 2.975516
v 0.993061 1.850110 2.975516
v 0.993390 1.339629 2.975147
v 0.993390 1.850709 2.818008
v 0.993060 1.340227 2.817639
v 0.639384 1.850709 2.975147
v 0.639384 1.339629 2.818008
v -2.574046 0.871911 2.855490
v -1.711391 0.205995 3.275679
v -2.574641 0.205995 2.856037
v -2.574046 0.206374 3.276226
v -1.711391 0.872289 2.856037
v -1.711985 0.871911 3.276226
v -1.711985 0.206374 2.855490
v -2.574641 0.872290 3.275679
v -1.743249 0.556436 2.829964
v -1.803941 0.726655 2.830162
v -1.804653 0.384500 2.833156
v -2.047259 0.318983 2.828336
v -2.217247 0.614782 2.831329
v -2.185456 0.436812 2.831530
v -2.043122 0.793798 2.830747
v -1.764276 0.378259 2.801533
v -2.201630 0.392329 2.802533
v -1.764276 0.406399 2.803533
v -2.201630 0.461357 2.802533
v -1.764276 0.475427 2.803533
v -1.764276 0.447287 2.801533
v -2.201630 0.530385 2.802533
v -1.764276 0.516315 2.801533
v -1.764276 0.544455 2.803533
v -2.195201 0.585343 2.803533
v -2.195201 0.613483 2.801533
v -1.757847 0.599413 2.802533
v -2.201630 0.668441 2.802533
v -1.764276 0.654372 2.801533
v -1.764276 0.682511 2.803533
v -1.757847 0.737469 2.802533
v -2.195201 0.751539 2.801533
v -2.195201 0.723399 2.803533
v -2.485198 0.740877 2.834070
v -2.392714 0.740877 2.836827
v -2.485198 0.368316 2.836827
v -2.392714 0.368316 2.834070
v -2.489017 0.203363 2.795616
v -2.489465 0.132739 2.796402
v -2.409304 0.203363 3.336100
v -2.408857 0.132739 3.335315
v -2.489465 0.203752 3.335314
v -2.489017 0.133128 3.336100
v -2.408857 0.203752 2.796402
v -2.409304 0.133128 2.795616
v -1.876727 0.203363 2.795616
v -1.877175 0.132739 2.796402
v -1.797014 0.203363 3.336100
v -1.876727 0.133128 3.336100
v -1.796566 0.203752 2.796402
v -1.796566 0.132739 3.335314
v -1.877174 0.203752 3.335314
v -1.797014 0.133128 2.795616
vn 0.6854 0.7263 -0.0516
vn -0.1887 0.1870 -0.9641
vn 0.1887 -0.1869 0.9641
vn -0.7105 0.7037 0.0014
vn -0.8748 0.4845 -0.0050
vn -0.7105 0.7037 -0.0000
vn -0.8884 -0.4579 -0.0329
vn 0.6776 0.0001 0.7354
vn -0.6776 -0.0001 0.7354
vn 0.7023 0.6957 -0.1511
vn 0.7105 -0.7037 -0.0000
vn -0.7023 0.6957 0.1511
vn -0.1788 0.6118 -0.7705
vn 0.4506 0.8927 -0.0000
vn 0.8238 -0.4582 -0.3337
vn -0.4194 -0.8488 0.3219
vn -0.2635 0.9647 -0.0000
vn 0.9797 -0.0768 -0.1852
vn 0.9793 -0.0855 -0.1836
vn 0.9811 -0.0650 -0.1825
vn 0.1761 0.5292 0.8300
vn 0.4897 0.2243 0.8425
vn 0.6547 -0.0029 0.7559
vn -0.3054 0.1908 -0.9329
vn 0.0944 0.2239 -0.9700
vn -0.0596 0.0526 -0.9968
vn -0.0000 0.0010 -1.0000
vn -0.9998 0.0183 -0.0004
vn -0.8117 0.5841 0.0001
vn -0.4941 0.8694 0.0002
vn 0.0067 1.0000 -0.0000
vn -0.0000 -1.0000 -0.0000
vn 0.0124 0.9999 -0.0032
vn 0.7082 0.7060 0.0002
vn 0.0123 0.9999 -0.0011
vn -0.0277 -0.9996 -0.0000
vn -0.0128 0.9999 0.0032
vn -0.7085 0.7057 -0.0002
vn -0.0127 0.9999 0.0011
vn -0.7544 -0.6561 -0.0231
vn -0.0002 1.0000 -0.0017
vn -0.0001 0.7020 -0.7121
vn -0.0000 1.0000 -0.0042
vn -0.0000 -1.0000 0.0006
vn 0.0002 1.0000 0.0017
vn 0.0001 0.7022 0.7120
vn -0.0000 1.0000 0.0082
vn -0.6354 0.6215 -0.4583
vn 0.4413 -0.6216 -0.6471
vn 0.6742 0.5985 -0.4328
vn -0.6749 -0.4309 -0.5990
vn -0.0385 -0.3009 0.9529
vn -0.5098 0.2783 -0.8140
vn 0.6422 -0.0000 -0.7665
vn 0.6422 -0.0001 -0.7665
vn 0.8192 0.0017 -0.5735
vn 0.0694 -0.3971 -0.9151
vn 0.0341 0.3911 -0.9197
vn 0.3051 -0.0414 -0.9514
vn 0.4413 -0.6217 0.6472
vn -0.0000 1.0000 -0.0000
vn 0.0402 -0.0057 0.9992
vn 0.9268 -0.2720 0.2591
vn -0.6010 -0.6157 0.5096
vn -0.4755 -0.4491 0.7564
vn -0.3082 -0.5771 0.7563
vn -0.7711 -0.0856 0.6310
vn 0.6053 0.2402 0.7589
vn -0.4348 0.9000 0.0300
vn -0.4176 -0.1242 0.9001
vn -0.0000 -0.6741 -0.7386
vn -0.0000 0.6743 -0.7385
vn -0.0000 -1.0000 -0.0006
vn 0.7544 -0.6561 0.0231
vn -0.3472 0.5248 -0.7772
vn -0.6475 0.1819 -0.7401
vn -0.7490 -0.0016 -0.6626
vn -0.0435 0.6657 0.7449
vn -0.7272 -0.3752 0.5747
vn -0.0385 -0.6062 0.7944
vn -0.9402 0.1021 0.3249
vn 0.0762 0.0633 -0.9951
vn 0.0155 0.0295 -0.9994
vn 0.1235 -0.3816 -0.9161
vn 0.9764 0.2080 0.0579
vn 0.0510 -0.3844 -0.9218
vn 0.9907 0.0549 0.1242
vn 0.6125 -0.7654 0.1975
vn 0.7177 -0.4963 0.4885
vn 0.4796 -0.3251 -0.8151
vn 0.6918 -0.0603 -0.7196
vn 0.5813 -0.3936 -0.7121
vn -0.6422 -0.0000 0.7665
vn -0.6422 -0.0001 0.7665
vn -0.7707 0.6372 0.0001
vn -0.8658 0.0020 0.5004
vn -0.0000 -0.8528 -0.5222
vn 0.3754 0.4665 -0.8009
vn 0.2138 0.6669 0.7138
vn 0.0015 -0.9892 0.1468
vn 0.6467 0.6463 -0.4050
vn -0.0249 -0.0247 -0.9994
vn -0.5074 -0.8617 0.0061
vn -0.5738 -0.5715 0.5866
vn -0.7104 -0.7038 -0.0004
vn -0.8739 -0.3145 -0.3707
vn -0.4003 0.1432 0.9051
vn -0.5754 0.1498 0.8040
vn -0.3629 -0.0676 -0.9294
vn -0.8390 0.4692 0.2755
vn -0.4660 -0.6715 0.5761
vn 0.2254 -0.3038 0.9257
vn 0.2483 -0.8892 -0.3844
vn -0.9526 -0.2987 -0.0586
vn -0.4749 -0.6940 -0.5411
vn 0.0009 1.0000 -0.0010
vn -0.0078 1.0000 -0.0050
vn -0.0748 0.2719 -0.9594
vn -0.0001 0.8784 -0.4778
vn 0.5108 0.8596 0.0111
vn -0.0000 0.0010 1.0000
vn 0.0249 -0.0247 0.9994
vn 0.5074 -0.8617 -0.0061
vn 0.5738 -0.5715 -0.5866
vn 0.7103 -0.7039 0.0005
vn -0.5758 0.5768 -0.5795
vn 0.5758 -0.5768 -0.5795
vn -0.5789 -0.5779 -0.5752
vn 0.5789 -0.5779 0.5752
vn 0.5789 0.5779 -0.5752
vn -0.5789 0.5779 0.5752
vn 0.5758 0.5768 0.5795
vn -0.5758 -0.5768 0.5795
vn -0.5774 -0.5774 -0.5772
vn 0.5773 -0.5773 -0.5775
vn 0.5774 -0.5774 0.5772
vn -0.5773 0.5773 -0.5775
vn 0.5774 0.5774 -0.5772
vn 0.5773 0.5773 0.5775
vn -0.5773 -0.5773 0.5775
vn -0.5774 0.5774 0.5772
vn -0.5780 -0.5776 -0.5765
vn 0.5780 -0.5776 0.5765
vn -0.5768 -0.5771 0.5782
vn 0.5768 0.5771 0.5782
vn -0.5780 0.5776 0.5765
vn 0.5780 0.5776 -0.5765
vn -0.5768 0.5771 -0.5782
vn 0.5768 -0.5771 -0.5782
vn 0.0002 0.6921 0.7218
vn -0.0002 0.6921 -0.7218
vn -0.0000 0.7170 -0.6970
vn -0.0003 0.0015 -1.0000
vn 0.8117 0.5841 -0.0001
vn 0.9998 0.0175 0.0004
vn 1.0000 -0.0000 -0.0000
vn -0.0000 0.7170 0.6970
vn 0.9998 0.0183 0.0006
vn -0.9998 0.0175 -0.0004
vn -0.0000 0.0172 -0.9999
vn 0.0003 0.0015 1.0000
vn -0.0000 0.0172 0.9999
vn -1.0000 -0.0000 -0.0000
vn -0.5061 0.8625 0.0003
vn -0.9994 0.0354 0.0044
vn -0.9999 0.0140 -0.0007
vn 0.0001 0.0038 -1.0000
vn -0.0000 -0.0000 1.0000
vn -0.0000 -0.0000 -1.0000
vn -0.9170 -0.3990 -0.0000
vn 0.6777 -0.0000 0.7354
vn -0.0000 -1.0000 -0.0009
vn 0.7064 0.7078 -0.0041
vn 0.9999 0.0138 0.0008
vn 0.0074 0.0010 1.0000
vn 0.0027 0.0033 1.0000
vn -0.0000 0.0045 1.0000
vn -0.9994 0.0222 -0.0252
vn -0.1514 0.0035 -0.9885
vn -0.0000 -1.0000 0.0009
vn -1.0000 -0.0000 0.0001
vn -0.6725 0.0094 -0.7401
vn 0.0001 -0.0164 0.9999
vn -0.1732 0.6900 0.7028
vn -0.9999 -0.0040 0.0100
vn -0.0085 -0.0002 -1.0000
vn -0.0086 -0.0028 -1.0000
vn -0.0037 0.0022 -1.0000
vn -0.0006 1.0000 -0.0000
vn 0.8754 0.4834 0.0045
vn 0.9994 0.0220 0.0252
vn 0.1514 0.0035 0.9885
vn -0.0001 -0.0164 -0.9999
vn 0.1732 0.6900 -0.7028
vn 1.0000 -0.0000 -0.0001
vn 0.9999 -0.0040 -0.0100
vn -0.7063 0.7079 -0.0025
vn 0.7063 0.7079 0.0025
vn -0.7082 0.7060 -0.0029
vn 0.7082 0.7060 0.0029
vn 0.0001 -0.0000 -1.0000
vn -0.0001 -0.0000 -1.0000
vn 0.7063 -0.7079 -0.0025
vn 0.7082 -0.7060 -0.0029
vn -0.7063 -0.7079 0.0025
vn -0.0001 -0.0000 1.0000
vn 0.0001 -0.0000 1.0000
vn -0.7082 -0.7060 0.0029
vn 0.5787 0.5774 -0.5759
vn 0.5758 0.5775 0.5788
vn 0.5787 -0.5774 0.5759
vn -0.5758 -0.5775 0.5788
vn -0.5787 0.5774 0.5759
vn 0.5758 -0.5775 -0.5788
vn -0.5787 -0.5774 -0.5759
vn -0.5758 0.5775 -0.5788
vn -0.7001 0.7135 -0.0282
vn 0.7001 0.7135 0.0281
vn 0.7001 -0.7135 -0.0282
vn -0.7001 -0.7135 0.0282
vn 0.0405 0.8374 -0.5451
vn 0.0406 -0.8373 0.5452
vn -0.0405 -0.8374 -0.5451
vn -0.0405 0.8373 0.5452
vn 0.0404 0.8374 -0.5451
vn -0.0404 0.8373 0.5452
vn 0.0405 -0.8373 0.5452
vn -0.7025 0.0032 -0.7117
vn 0.7025 -0.0032 -0.7117
vn -0.7099 -0.0000 -0.7043
vn 0.7099 -0.0000 -0.7043
vn -0.7099 -0.0000 0.7043
vn -0.0000 1.0000 -0.0002
vn -0.0000 1.0000 0.0002
vn -0.0000 -1.0000 0.0002
vn -0.0000 -1.0000 -0.0002
vn -0.7025 -0.0032 0.7117
vn 0.7025 0.0032 0.7116
vn 0.7099 -0.0000 0.7043
vn -0.8397 -0.0091 -0.5430
vn 0.5680 -0.5846 -0.5793
vn -0.0193 -0.9998 0.0023
vn 0.7173 -0.0017 -0.6967
vn 0.7173 0.0017 0.6967
vn -0.8397 0.0091 0.5430
vn -0.0193 0.9998 -0.0023
vn 0.5680 0.5846 0.5793
vn -0.7002 0.7134 -0.0281
vn 0.7002 0.7134 0.0281
vn 0.7002 -0.7134 -0.0282
vn -0.7002 -0.7134 0.0282
vn -0.0402 0.8374 0.5452
vn 0.0402 0.8374 -0.5451
vn -0.0403 -0.8374 -0.5451
vn 0.0403 -0.8373 0.5452
vn 0.7025 0.0032 0.7117
vn -0.7025 -0.0032 0.7116
vn -0.5680 0.5846 -0.5793
vn 0.8397 0.0091 -0.5430
vn -0.7173 0.0017 -0.6967
vn -0.7173 -0.0017 0.6967
vn 0.0193 0.9998 0.0023
vn 0.8397 -0.0091 0.5430
vn -0.5680 -0.5846 0.5793
vn 0.0193 -0.9998 -0.0023
vn 0.0029 -0.7071 0.7071
vn -0.0035 -0.7070 -0.7072
vn -0.0029 -0.7071 -0.7071
vn 0.0029 0.7071 -0.7071
vn -0.0029 0.7071 0.7071
vn 0.0035 -0.7070 0.7072
vn -0.0035 0.7070 0.7072
vn 0.0035 0.7070 -0.7072
vn -0.0109 0.7353 0.6777
vn -0.0109 -0.7353 -0.6777
vn 0.0109 -0.7353 0.6777
vn 0.0109 0.7353 -0.6777
vn 0.5488 0.8353 0.0320
vn -0.5501 0.8345 -0.0321
vn -0.5488 -0.8353 0.0321
vn 0.5501 -0.8345 -0.0321
vn 0.5492 0.8351 0.0321
vn -0.5498 0.8347 -0.0321
vn -0.5492 -0.8351 0.0321
vn 0.5498 -0.8347 -0.0321
vn 0.5494 0.8349 0.0321
vn -0.5494 -0.8349 0.0321
vn 0.5494 -0.8349 -0.0320
vn -0.5494 0.8349 -0.0321
vn -0.7043 0.0005 -0.7099
vn 0.7112 0.0024 -0.7030
vn 0.7043 -0.0005 -0.7099
vn 0.7043 0.0005 0.7099
vn 0.7112 -0.0024 0.7030
vn -0.0003 1.0000 0.0001
vn 0.0004 1.0000 -0.0001
vn 0.0003 1.0000 -0.0001
vn -0.7112 -0.0024 -0.7030
vn 0.0003 -1.0000 0.0001
vn -0.0004 -1.0000 -0.0001
vn -0.0003 -1.0000 -0.0001
vn 0.0004 -1.0000 0.0001
vn -0.7043 -0.0005 0.7099
vn -0.7112 0.0024 0.7030
vn -0.0004 1.0000 0.0001
vn -0.0109 -0.7353 -0.6776
vn 0.0109 -0.7353 0.6776
vn -0.5495 0.8349 -0.0321
vn 0.5495 -0.8349 -0.0321
vn -0.5495 -0.8349 0.0321
vn 0.5495 0.8349 0.0321
vn -0.5494 0.8349 -0.0320
vn 0.5494 -0.8349 -0.0321
vn -0.5495 0.8349 -0.0320
vn 0.7071 0.7071 0.0033
vn -0.7071 0.7071 -0.0033
vn 0.7072 0.7070 0.0039
vn -0.7071 -0.7071 0.0033
vn -0.7072 -0.7070 0.0039
vn -0.7072 0.7070 -0.0039
vn 0.7071 -0.7071 -0.0033
vn 0.7072 -0.7070 -0.0039
vn 0.6855 0.7279 0.0164
vn -0.6855 -0.7279 0.0163
vn 0.6855 -0.7279 -0.0163
vn -0.6855 0.7279 -0.0163
vn -0.0401 0.8355 0.5480
vn -0.0401 -0.8355 -0.5480
vn 0.0401 -0.8355 0.5480
vn 0.0401 0.8355 -0.5480
vn 0.0001 1.0000 0.0003
vn -0.0001 1.0000 -0.0004
vn -0.0001 1.0000 -0.0003
vn -0.7024 0.0030 -0.7117
vn 0.7100 0.0004 -0.7042
vn 0.7024 -0.0030 -0.7117
vn -0.7100 0.0004 0.7042
vn -0.7100 -0.0004 -0.7042
vn 0.0001 -1.0000 -0.0003
vn -0.0001 -1.0000 0.0003
vn 0.0001 -1.0000 -0.0004
vn 0.7024 0.0030 0.7117
vn -0.7024 -0.0030 0.7117
vn 0.7100 -0.0004 0.7042
vn -0.0001 -1.0000 0.0004
vn 0.0001 1.0000 0.0004
vn 0.7071 -0.7071 -0.0032
vn 0.6854 0.7280 0.0163
vn -0.6854 -0.7280 0.0164
vn 0.6858 -0.7276 -0.0163
vn -0.6858 0.7276 -0.0162
vn 0.5501 0.8345 0.0321
vn -0.5488 0.8353 -0.0320
vn -0.5501 -0.8345 0.0321
vn 0.5488 -0.8353 -0.0321
vn -0.5494 -0.8349 0.0320
vn 0.5494 0.8349 0.0320
vn 0.5495 0.8349 0.0320
vn 0.7044 0.0015 0.7098
vn -0.7044 -0.0015 0.7098
vn 0.7093 0.0003 0.7049
vn -0.7093 -0.0003 0.7049
vn -0.7093 0.0003 -0.7049
vn -0.0001 -1.0000 0.0002
vn 0.0001 -1.0000 -0.0002
vn -0.0001 1.0000 -0.0002
vn 0.0001 1.0000 0.0002
vn -0.7044 0.0015 -0.7098
vn 0.7093 -0.0003 -0.7049
vn 0.7044 -0.0015 -0.7098
vn -0.5441 -0.8381 0.0387
vn 0.5427 -0.8391 -0.0378
vn 0.2549 0.8394 0.4801
vn -0.2548 0.8384 -0.4819
vn 0.5429 -0.8389 -0.0378
vn -0.5438 -0.8383 0.0387
vn -0.2549 0.8383 -0.4819
vn 0.2548 0.8395 0.4800
vn 0.5427 -0.8391 -0.0379
vn -0.2548 0.8383 -0.4819
vn -0.5444 -0.8379 0.0388
vn 0.5424 -0.8393 -0.0378
vn 0.2549 0.8393 0.4803
vn -0.2547 0.8385 -0.4818
vn -0.8404 0.5407 0.0362
vn -0.8402 -0.5412 -0.0357
vn 0.8407 -0.2579 0.4762
vn 0.8403 0.2577 -0.4769
vn -0.8677 0.3395 0.3630
vn 0.0003 0.6663 0.7457
vn -0.0021 -0.7806 0.6251
vn -0.0016 -0.1439 0.9896
vn 0.0026 -0.5849 0.8111
vn -0.7831 0.5403 -0.3078
vn 0.0003 0.6746 0.7382
vn -0.0013 -0.0667 -0.9978
vn -0.0000 0.6992 -0.7149
vn -0.0012 0.7584 -0.6517
vn -0.0018 -0.7386 -0.6742
vn 0.6174 -0.3034 0.7258
vn 0.9658 -0.2588 0.0144
vn 0.9991 -0.0427 0.0085
vn -0.0000 -0.8290 -0.5593
vn -0.4506 -0.8927 -0.0000
vn 0.9991 0.0414 0.0103
vn 0.9945 0.0723 0.0752
vn 0.9992 0.0136 -0.0373
vn 0.7616 0.5471 0.3473
vn -0.0000 0.6606 0.7507
vn 0.3164 0.5211 0.7927
vn -0.0260 0.9997 0.0043
vn -0.3341 0.7009 -0.6302
vn 0.7275 0.6861 -0.0070
vn 0.0384 0.5445 0.8379
vn 0.4201 0.9075 -0.0008
vn -0.5507 0.8347 0.0033
vn -0.0422 -0.5468 0.8362
vn -0.2352 -0.0851 -0.9682
vn 0.0055 -0.0382 -0.9993
vn 0.2479 0.2839 -0.9262
vn 0.0586 0.0300 -0.9978
vn -0.7948 0.6068 0.0033
vn 0.7948 -0.6068 0.0033
vn -0.7948 -0.6068 -0.0032
vn 0.7948 0.6068 -0.0032
vn -0.5783 0.5785 0.5752
vn 0.5783 0.5785 -0.5752
vn -0.5765 0.5761 -0.5794
vn 0.5765 -0.5761 -0.5794
vn 0.5783 -0.5785 0.5752
vn 0.5765 0.5761 0.5794
vn -0.5783 -0.5785 -0.5752
vn -0.5765 -0.5761 0.5794
vn -0.6889 0.7242 -0.0324
vn 0.6889 -0.7242 -0.0324
vn -0.6888 -0.7243 0.0324
vn 0.6888 0.7243 0.0323
vn 0.0406 0.8395 -0.5419
vn 0.0401 -0.8393 0.5422
vn -0.0407 -0.8394 -0.5419
vn -0.0400 0.8393 0.5422
vn 0.0405 0.8394 -0.5419
vn 0.0400 -0.8393 0.5422
vn -0.0399 0.8393 0.5422
vn 0.7026 0.0033 0.7116
vn -0.7026 -0.0033 0.7116
vn 0.7098 0.0002 0.7044
vn -0.7098 -0.0002 0.7044
vn 0.7098 -0.0001 -0.7044
vn -0.0000 1.0000 -0.0001
vn -0.0000 1.0000 0.0001
vn -0.7098 0.0002 -0.7044
vn -0.0000 -1.0000 0.0001
vn -0.0000 -1.0000 -0.0001
vn -0.7026 0.0033 -0.7116
vn 0.7026 -0.0033 -0.7116
vn 0.0031 0.7882 0.6155
vn -0.0030 0.7882 -0.6155
vn 0.0030 -0.7882 -0.6155
vn -0.0030 -0.7882 0.6155
vn -0.5779 0.5777 0.5765
vn 0.5779 0.5777 -0.5765
vn -0.5767 0.5771 -0.5782
vn 0.5767 0.5771 0.5782
vn 0.5767 -0.5771 -0.5782
vn 0.5779 -0.5777 0.5765
vn -0.5779 -0.5777 -0.5765
vn -0.5767 -0.5771 0.5782
vn 0.7009 -0.7129 0.0222
vn 0.9940 0.1088 -0.0141
vn 0.5886 0.8084 -0.0041
vn -0.2592 0.9658 -0.0001
vn -0.9135 0.4069 0.0040
vn -0.9162 -0.4006 0.0142
vn -0.2497 -0.9681 -0.0222
vn -0.0000 -0.0000 -0.0000
vn -0.9301 0.3672 -0.0000
vn -0.9307 0.3657 -0.0000
vn 0.9776 0.2105 -0.0000
vn 0.9713 0.2025 -0.1246
vn 0.8354 0.5496 -0.0000
vn 0.8325 0.5541 -0.0000
vn -0.5940 0.8043 -0.0156
vn 0.5940 -0.8043 -0.0156
vn -0.5935 -0.8047 0.0156
vn 0.5935 0.8047 0.0156
vn 0.5810 0.5805 -0.5705
vn 0.5810 -0.5805 0.5705
vn 0.5753 -0.5757 -0.5809
vn -0.5810 0.5805 0.5705
vn 0.5753 0.5757 0.5809
vn -0.5754 0.5757 -0.5809
vn -0.5810 -0.5805 -0.5705
vn -0.5754 -0.5757 0.5809
vn 0.5754 0.5757 0.5809
vn -0.5753 -0.5757 0.5809
vn 0.0426 0.5541 0.8313
vn -0.0406 -0.5531 0.8321
vn 0.4983 -0.2432 -0.8322
vn -0.5001 0.2420 -0.8314
vn -0.5441 -0.8381 0.0388
vn -0.5435 -0.8385 0.0387
vn 0.2548 0.8396 0.4798
vn -0.2549 0.8382 -0.4821
vn 0.5432 -0.8387 -0.0379
vn 0.2549 0.8393 0.4802
vn -0.8401 -0.5412 -0.0357
vn 0.8405 -0.2580 0.4764
vn 0.8405 0.2576 -0.4767
vn -0.9921 0.0208 -0.1233
vn -0.9608 0.2642 -0.0841
vn -0.9877 -0.0059 -0.1561
vn -0.9812 0.1932 -0.0017
vn 0.0024 0.1230 0.9924
vn -0.0007 -0.7369 0.6760
vn 0.0022 -0.6173 0.7867
vn -0.9881 0.0935 -0.1225
vn 0.0073 0.0285 0.9996
vn -0.0039 0.9479 -0.3184
vn 0.0029 0.2186 -0.9758
vn -0.4963 0.6509 -0.5745
vn -0.4689 -0.4632 -0.7521
vn 0.0039 -0.3941 -0.9190
vn 0.9035 -0.1079 0.4148
vn 0.0032 -0.4979 0.8672
vn -0.0256 -0.0426 -0.9988
vn 0.7513 -0.6598 -0.0145
vn -0.0479 -0.0362 -0.9982
vn 0.3302 0.2269 -0.9162
vn 0.0159 0.0070 -0.9998
vn -0.9295 -0.3681 0.0227
vn -0.4364 0.8991 0.0347
vn 0.0253 0.7089 -0.7048
vn 0.0037 0.8425 0.5388
vn 0.8936 0.4486 -0.0145
vn 0.0001 0.6607 0.7506
vn 0.6734 0.0798 -0.7350
vn -0.5152 0.8566 0.0287
vn -0.7691 0.6388 0.0201
vn -0.3282 0.9446 -0.0055
vn 0.5147 0.1469 -0.8447
vn 0.9873 0.1560 0.0306
vn 0.5677 0.8232 0.0045
vn 0.0257 -0.9995 0.0185
vn -0.9428 -0.3334 -0.0007
vn 0.7948 0.6068 -0.0033
vn -0.7948 -0.6068 -0.0033
vn 0.7948 -0.6068 0.0032
vn 0.5765 0.5761 0.5795
vn -0.5765 0.5761 -0.5795
vn 0.5765 -0.5761 -0.5795
vn -0.6888 0.7242 -0.0322
vn 0.6887 0.7243 0.0324
vn 0.6888 -0.7242 -0.0323
vn -0.6887 -0.7243 0.0323
vn -0.0406 -0.8394 -0.5419
vn 0.0400 -0.8393 0.5423
vn 0.0406 0.8394 -0.5419
vn 0.7098 -0.0002 -0.7044
vn 0.0030 0.7882 0.6155
vn -0.0031 0.7882 -0.6155
vn -0.9161 -0.4006 0.0142
vn -0.2496 -0.9681 -0.0222
vn -0.9135 0.4069 0.0041
vn -0.9997 -0.0240 -0.0000
vn -0.9995 -0.0321 -0.0000
vn -0.9256 0.3785 -0.0000
vn -0.9263 0.3767 -0.0000
vn -0.9282 0.3722 -0.0000
vn -0.0000 0.8682 0.4961
vn -0.0000 0.7474 0.6644
vn -0.5753 0.5757 -0.5809
vn 0.0109 0.7352 -0.6777
vn -0.5488 -0.8353 0.0320
vn -0.5492 -0.8351 0.0320
vn 0.5498 -0.8347 -0.0320
vn -0.5501 0.8345 -0.0322
vn 0.5501 -0.8345 -0.0322
vn -0.5489 -0.8353 0.0322
vn 0.5489 0.8353 0.0322
vn 0.5495 -0.8349 -0.0320
vn -0.5495 -0.8349 0.0320
vn 0.6856 0.7278 0.0163
vn -0.6856 -0.7278 0.0163
vn 0.6857 -0.7277 -0.0163
vn -0.6857 0.7277 -0.0164
vn 0.0401 0.8356 -0.5479
vn -0.0401 -0.8356 -0.5479
vn 0.6856 -0.7278 -0.0163
vn -0.6856 0.7278 -0.0164
vn 0.0109 -0.7352 0.6777
vn 0.5488 -0.8353 -0.0322
vn -0.5489 0.8353 -0.0322
vn 0.5498 0.8347 0.0321
vn -0.5498 -0.8347 0.0320
vn 0.5492 -0.8351 -0.0320
vn -0.5492 0.8351 -0.0321
vn 0.5495 0.8349 0.0322
vn -0.5495 -0.8349 0.0322
vn 0.5495 -0.8349 -0.0322
vn -0.5495 0.8349 -0.0322
vn -0.0109 0.7352 0.6777
vn -0.5767 0.5766 -0.5787
vn 0.5767 -0.5766 -0.5787
vn -0.5781 -0.5781 -0.5759
vn -0.5781 0.5781 0.5759
vn 0.5781 0.5781 -0.5759
vn 0.5781 -0.5781 0.5759
vn -0.5767 -0.5766 0.5787
vn 0.5767 0.5766 0.5787
vn 0.6322 0.7747 -0.0158
vn -0.6322 0.7747 0.0158
vn -0.6322 -0.7747 -0.0158
vn 0.6322 -0.7747 0.0158
vn 0.0450 0.8396 -0.5413
vn 0.0451 -0.8395 0.5415
vn -0.0451 -0.8396 -0.5413
vn -0.0450 0.8395 0.5414
vn 0.0388 0.8195 -0.5718
vn 0.0388 -0.8195 0.5718
vn -0.0388 -0.8195 -0.5718
vn -0.0388 0.8195 0.5718
vn -0.5740 0.5776 -0.5805
vn 0.5740 -0.5776 -0.5805
vn -0.5804 -0.5771 -0.5745
vn 0.5804 0.5771 -0.5745
vn -0.5804 0.5771 0.5745
vn -0.5740 -0.5776 0.5805
vn 0.5740 0.5776 0.5805
vn 0.5804 -0.5771 0.5745
vn -0.5793 0.5772 0.5755
vn -0.5793 -0.5772 -0.5755
vn -0.5748 -0.5776 0.5796
vn -0.5748 0.5776 -0.5796
vn 0.5748 0.5776 0.5796
vn 0.5793 0.5772 -0.5755
vn 0.5793 -0.5772 0.5755
vn 0.5748 -0.5776 -0.5796
vn -0.5778 0.5752 -0.5791
vn 0.5778 -0.5752 -0.5791
vn -0.5777 -0.5784 -0.5759
vn 0.5777 0.5784 -0.5759
vn -0.5777 0.5784 0.5759
vn 0.5777 -0.5784 0.5759
vn -0.5778 -0.5752 0.5791
vn 0.5778 0.5752 0.5791
vn -0.5785 0.5784 0.5752
vn 0.5785 0.5784 -0.5752
vn -0.5761 0.5765 -0.5795
vn 0.5761 -0.5765 -0.5795
vn -0.5785 -0.5784 -0.5752
vn -0.5761 -0.5765 0.5795
vn 0.5761 0.5765 0.5795
vn 0.5785 -0.5784 0.5752
vn 0.5773 0.5803 -0.5745
vn 0.5773 -0.5803 0.5745
vn 0.5776 -0.5749 -0.5796
vn -0.5776 0.5749 -0.5796
vn -0.5773 0.5803 0.5745
vn 0.5776 0.5749 0.5796
vn -0.5773 -0.5803 -0.5745
vn -0.5776 -0.5749 0.5796
vn -0.5781 0.5776 0.5763
vn 0.5781 0.5776 -0.5763
vn -0.5759 0.5776 -0.5786
vn 0.5759 -0.5776 -0.5786
vn -0.5781 -0.5776 -0.5763
vn 0.5759 0.5776 0.5786
vn 0.5781 -0.5776 0.5763
vn -0.5759 -0.5776 0.5786
vn -0.1388 -0.8934 -0.4273
vn -0.5744 -0.7450 -0.3391
vn 0.2557 -0.6398 -0.7248
vn -0.4941 -0.2506 -0.8325
vn -0.0211 0.1525 -0.9881
vn 0.6313 0.1658 -0.7576
vn -0.4619 -0.7042 -0.5392
vn 0.9564 -0.2710 -0.1091
vn 0.3874 -0.9045 -0.1785
vn 0.5827 -0.7365 0.3436
vn 0.4941 -0.2506 0.8325
vn 0.1532 -0.8686 0.4712
vn -0.2458 -0.6384 0.7294
vn 0.3474 -0.9369 -0.0403
vn 0.0211 0.1525 0.9881
vn -0.6313 0.1658 0.7576
vn -0.3571 -0.9194 0.1647
vn -0.9564 -0.2710 0.1091
vn -0.6876 -0.7207 -0.0881
vn -0.9564 0.2710 -0.1091
vn -0.5936 0.7555 0.2772
vn -0.3078 0.6865 -0.6588
vn 0.5856 0.7632 -0.2730
vn 0.9564 0.2710 0.1091
vn -0.3874 0.9045 -0.1785
vn 0.1388 0.8934 -0.4273
vn 0.2988 0.6857 0.6637
vn 0.3571 0.9194 0.1647
vn -0.3476 0.9368 -0.0401
vn -0.1532 0.8686 0.4712
vn 0.4619 0.7042 -0.5392
vn 0.6876 0.7207 -0.0881
vn -0.4618 -0.7043 -0.5392
vn 0.3476 -0.9368 -0.0401
vn 0.6876 0.7207 -0.0882
vn -0.1532 0.8687 0.4712
vn -0.3477 0.9368 -0.0401
vn -0.4619 -0.7042 -0.5391
vn 0.3476 -0.9368 -0.0400
vn 0.4619 0.7043 -0.5392
vn 0.3477 -0.9368 -0.0401
vn -0.6876 -0.7208 -0.0881
vn -0.3476 0.9368 -0.0400
vn 0.6875 0.7208 -0.0881
vn 0.0906 -0.5644 0.8205
vn -0.7963 -0.5287 -0.2938
vn 0.6311 -0.5705 -0.5256
vn 0.6593 0.5599 -0.5018
vn 0.0513 0.5745 0.8169
vn -0.7771 0.5293 -0.3405
vn -0.7069 -0.7073 0.0036
vn 0.7069 -0.7073 -0.0036
vn -0.7076 -0.7066 0.0042
vn 0.0002 0.0001 -1.0000
vn -0.0002 -0.0001 -1.0000
vn -0.0003 -0.0001 -1.0000
vn 0.7076 -0.7067 -0.0042
vn -0.7069 0.7073 -0.0036
vn -0.7076 0.7066 -0.0042
vn -0.0002 0.0001 1.0000
vn -0.0003 0.0001 1.0000
vn 0.0002 -0.0001 1.0000
vn 0.0003 -0.0001 1.0000
vn 0.7069 0.7073 0.0036
vn 0.7076 0.7066 0.0042
vn 0.0003 0.0001 -1.0000
vn -0.5781 0.5784 0.5756
vn 0.5781 0.5784 -0.5756
vn -0.5770 0.5758 -0.5793
vn 0.5770 -0.5758 -0.5793
vn -0.5781 -0.5784 -0.5756
vn 0.5770 0.5758 0.5793
vn -0.5770 -0.5758 0.5793
vn 0.5781 -0.5784 0.5756
vn 0.5887 0.8084 -0.0041
vn -0.2591 0.9658 -0.0001
vn -0.0002 -1.0000 -0.0000
vn -0.0001 -1.0000 -0.0000
vn -0.0000 -0.1240 0.9923
vn 0.9561 0.2288 0.1830
vn 0.9665 0.2248 0.1240
vn 0.9723 0.2339 -0.0000
vn -0.5935 0.8047 -0.0156
vn 0.5935 -0.8047 -0.0156
vn -0.5940 -0.8043 0.0156
vn 0.5940 0.8043 0.0156
vn 0.8884 -0.4579 0.0325
vn -0.1888 -0.1870 -0.9641
vn 0.1888 0.1871 0.9640
vn -0.6855 0.7263 0.0516
vn -0.7105 -0.7037 -0.0000
vn 0.7118 0.7024 -0.0028
vn 0.7103 0.7036 0.0237
vn -0.7103 0.7036 -0.0237
vn 0.8184 0.0195 0.5744
vn 0.9997 0.0239 0.0011
vn 0.5701 0.7905 -0.2239
vn -0.4926 0.8109 -0.3158
vn 0.2301 -0.5835 0.7789
vn -0.4271 -0.9042 -0.0000
vn -0.6458 0.7635 -0.0000
vn -0.0000 0.7368 0.6761
vn 0.2928 -0.4362 -0.8509
vn -0.2627 0.3039 0.9158
vn 0.3210 0.8868 0.3326
vn -0.1254 0.1523 -0.9804
vn -0.5272 0.8496 -0.0158
vn -0.2972 0.8127 -0.5012
vn 0.3295 0.8036 -0.4956
vn -0.0000 -0.8721 -0.4894
vn 0.8733 -0.4823 0.0689
vn -0.3697 -0.3736 0.8507
vn 0.7176 -0.3836 0.5814
vn 0.5997 0.0331 0.7995
vn -0.2963 0.8900 -0.3466
vn -0.0002 -0.1377 -0.9905
vn 0.0215 0.7656 -0.6429
vn -0.0000 -0.6741 -0.7387
vn -0.0271 -0.9990 -0.0352
vn -0.1278 0.6788 -0.7232
vn 0.5036 -0.5985 -0.6230
vn -0.8209 0.0173 0.5707
vn 0.0345 0.6789 -0.7335
vn -0.8678 -0.1404 -0.4767
vn -0.5575 0.8036 -0.2085
vn -0.0171 0.0169 -0.9997
vn -0.6776 -0.0000 -0.7355
vn -0.0761 0.0095 -0.9971
vn 0.0106 0.0044 0.9999
vn -0.0089 0.0038 -1.0000
vn 0.2498 -0.6706 0.6985
vn 0.2497 -0.6707 0.6985
vn 0.2496 -0.6708 0.6983
vn -0.7193 -0.4214 0.5523
vn -0.4330 0.9009 0.0299
vn -0.0000 -0.6741 0.7386
vn -0.0000 0.6975 0.7166
vn -0.0001 0.6974 0.7166
vn 0.7103 -0.7039 -0.0006
vn 0.0271 -0.9990 0.0352
vn 0.0529 0.6813 0.7301
vn 0.3804 0.4619 -0.8012
vn 0.4978 0.3424 -0.7968
vn 0.6776 -0.0000 0.7355
vn 0.0758 0.0097 0.9971
vn 0.0113 -0.0014 -0.9999
vn -0.0010 -1.0000 -0.0000
vn -0.8911 -0.4536 0.0113
vn -0.6872 -0.7265 0.0069
vn -0.9990 -0.0365 0.0255
vn 0.0018 -0.9968 0.0805
vn 0.6300 0.6296 -0.4546
vn 0.7583 0.5677 -0.3203
vn -0.0379 -0.6462 -0.7622
vn -0.0376 -0.6464 -0.7621
vn -0.0376 -0.6466 -0.7619
vn -0.7014 0.7103 -0.0598
vn -0.3965 0.4103 -0.8213
vn -0.3964 0.4103 -0.8213
vn -0.3963 0.4103 -0.8213
vn 0.0171 0.0169 0.9997
vn 0.4941 0.8694 -0.0002
vn 0.7708 0.6371 -0.0000
vn -0.0113 -0.0014 0.9999
vn -0.5076 0.6019 0.6165
vn 0.0009 1.0000 0.0037
vn -0.0000 1.0000 0.0064
vn 0.0002 -0.1377 0.9905
vn -0.8541 0.5191 0.0326
vn -0.0004 -0.6744 0.7384
vn 0.7103 -0.7039 -0.0000
vn -0.9999 0.0166 -0.0008
vn 0.9999 -0.0111 0.0008
vn -0.7103 -0.7039 -0.0000
vn 0.5061 0.8625 -0.0003
vn 0.0004 -0.6744 -0.7384
vn 0.9999 0.0155 0.0008
vn -0.9999 -0.0111 -0.0008
vn 0.5198 0.2348 -0.8214
vn -0.6777 -0.0000 0.7353
vn 0.0006 -0.0107 0.9999
vn 0.0075 0.0107 0.9999
vn 0.0108 0.0107 0.9999
vn 0.0093 0.0107 0.9999
vn -0.0006 0.0107 0.9999
vn -0.9999 0.0117 -0.0008
vn 0.0101 -0.0033 0.9999
vn 0.0103 -0.0102 0.9999
vn 0.0006 0.0107 -0.9999
vn -0.0026 0.0026 -1.0000
vn -0.0087 -0.0086 -0.9999
vn 0.7104 -0.7038 0.0001
vn -0.0006 -0.0107 -0.9999
vn 0.6777 -0.0000 -0.7353
vn -0.3341 0.5929 -0.7327
vn -0.3342 0.5930 -0.7326
vn -0.3342 0.5929 -0.7326
vn -0.5442 0.8390 -0.0000
vn 0.9999 -0.0116 0.0113
vn 0.9977 -0.0026 -0.0679
vn 0.9995 0.0242 -0.0214
vn 0.4507 0.8927 -0.0000
vn 0.6630 0.7486 -0.0000
vn -0.4580 0.8879 0.0427
vn -0.1422 0.7772 -0.6130
vn 0.8681 0.4964 -0.0000
vn -0.3073 0.5253 -0.7935
vn 0.0223 -0.0382 -0.9990
vn -0.0000 0.7212 -0.6927
vn 0.9964 -0.0448 -0.0713
vn 0.9571 0.2898 -0.0000
vn 0.0008 -0.6914 -0.7224
vn 0.5663 0.2844 0.7735
vn -0.5308 0.1933 0.8251
vn 0.1944 -0.0457 0.9799
vn -0.0014 0.9992 0.0393
vn -0.5711 -0.7964 -0.1993
vn 0.9964 -0.0448 0.0724
vn -0.0405 0.0018 -0.9992
vn 0.7564 -0.6503 -0.0708
vt 0.017704 0.994029
vt 0.017753 0.993977
vt 0.017717 0.994138
vt 0.190124 0.632334
vt 0.190124 0.632279
vt 0.190220 0.632396
vt 0.201977 0.536582
vt 0.201976 0.536525
vt 0.202071 0.536461
vt 0.134908 0.319205
vt 0.134908 0.319300
vt 0.134813 0.319205
vt 0.005950 0.994056
vt 0.005878 0.994073
vt 0.005830 0.993977
vt 0.326516 0.182150
vt 0.326420 0.182054
vt 0.326325 0.181959
vt 0.009556 0.182149
vt 0.009460 0.182054
vt 0.009365 0.181958
vt 0.134908 0.182055
vt 0.134908 0.182169
vt 0.134813 0.182150
vt 0.307500 0.319223
vt 0.307500 0.319318
vt 0.307404 0.319223
vt 0.009460 0.319299
vt 0.009460 0.319185
vt 0.009556 0.319204
vt 0.612534 0.650827
vt 0.612566 0.650700
vt 0.612598 0.650783
vt 0.159583 0.656121
vt 0.159461 0.656025
vt 0.159417 0.656121
vt 0.612764 0.603496
vt 0.612566 0.603515
vt 0.612661 0.603598
vt 0.567268 0.942674
vt 0.566865 0.943046
vt 0.567217 0.942752
vt 0.983833 0.981071
vt 0.983833 0.980905
vt 0.983696 0.980988
vt 0.512079 0.667950
vt 0.511983 0.667983
vt 0.984226 0.006147
vt 0.984301 0.006384
vt 0.984224 0.006493
vt 0.612548 0.651152
vt 0.612661 0.650783
vt 0.612660 0.651178
vt 0.691319 0.589284
vt 0.691408 0.490302
vt 0.691408 0.589211
vt 0.584601 0.460998
vt 0.459314 0.461060
vt 0.459252 0.460963
vt 0.134813 0.315724
vt 0.451869 0.181959
vt 0.451774 0.182054
vt 0.009522 0.315722
vt 0.307500 0.315741
vt 0.134850 0.185633
vt 0.483372 0.782326
vt 0.483483 0.785902
vt 0.483386 0.785861
vt 0.138491 0.319205
vt 0.326524 0.319299
vt 0.326619 0.319414
vt 0.005877 0.182150
vt 0.956986 0.981069
vt 0.957126 0.981343
vt 0.956736 0.981069
vt 0.800890 0.526318
vt 0.801224 0.526085
vt 0.800844 0.526470
vt 0.785171 0.325829
vt 0.785481 0.325734
vt 0.785456 0.325829
vt 0.566352 0.942827
vt 0.566587 0.943184
vt 0.566162 0.942796
vt 0.837285 0.926425
vt 0.836954 0.926551
vt 0.836655 0.926369
vt 0.135283 0.930913
vt 0.135034 0.930455
vt 0.135668 0.930905
vt 0.539714 0.805502
vt 0.539579 0.808125
vt 0.539601 0.805463
vt 0.539673 0.785522
vt 0.539598 0.793646
vt 0.539579 0.785575
vt 0.801169 0.526002
vt 0.801603 0.526037
vt 0.983958 0.006827
vt 0.983804 0.006875
vt 0.612579 0.603693
vt 0.612744 0.650687
vt 0.612579 0.650687
vt 0.983682 0.032087
vt 0.984087 0.031934
vt 0.983793 0.032080
vt 0.811182 0.710391
vt 0.810756 0.710637
vt 0.811478 0.710294
vt 0.932204 0.391525
vt 0.932482 0.375581
vt 0.932528 0.391463
vt 0.326423 0.185631
vt 0.009460 0.185588
vt 0.182051 0.319318
vt 0.182147 0.319223
vt 0.307501 0.182073
vt 0.307406 0.181959
vt 0.670729 0.318654
vt 0.670617 0.315077
vt 0.670714 0.315118
vt 0.957239 0.981558
vt 0.957125 0.981804
vt 0.612266 0.603598
vt 0.612292 0.603693
vt 0.078753 0.810685
vt 0.078327 0.810931
vt 0.078972 0.810601
vt 0.944292 0.981699
vt 0.944863 0.981528
vt 0.944519 0.982066
vt 0.811098 0.193337
vt 0.810477 0.193461
vt 0.811161 0.193249
vt 0.983636 0.244804
vt 0.983979 0.244388
vt 0.983760 0.244870
vt 0.969229 0.982050
vt 0.969590 0.981525
vt 0.969354 0.982113
vt 0.827155 0.534839
vt 0.827020 0.537463
vt 0.827044 0.534801
vt 0.128801 0.836249
vt 0.128715 0.844388
vt 0.128715 0.836317
vt 0.159500 0.608837
vt 0.159417 0.608785
vt 0.944524 0.981153
vt 0.944649 0.981069
vt 0.983636 0.243881
vt 0.983788 0.243922
vt 0.512162 0.620670
vt 0.511996 0.667855
vt 0.512028 0.620492
vt 0.969261 0.981128
vt 0.969529 0.981478
vt 0.969092 0.981069
vt 0.307406 0.182169
vt 0.307501 0.185703
vt 0.307502 0.185799
vt 0.326325 0.182150
vt 0.322853 0.182077
vt 0.956861 0.982175
vt 0.956763 0.982113
vt 0.612566 0.603680
vt 0.612660 0.603993
vt 0.612565 0.603967
vt 0.984022 0.131502
vt 0.984119 0.132138
vt 0.983828 0.131603
vt 0.136011 0.930620
vt 0.136070 0.930748
vt 0.785005 0.325829
vt 0.785358 0.372823
vt 0.785024 0.373002
vt 0.931543 0.075882
vt 0.931708 0.092234
vt 0.931556 0.092282
vt 0.695753 0.005830
vt 0.695657 0.100764
vt 0.695664 0.005900
vt 0.182051 0.315688
vt 0.182052 0.315593
vt 0.307595 0.319223
vt 0.311067 0.319298
vt 0.638930 0.490187
vt 0.636045 0.615352
vt 0.636172 0.490191
vt 0.170262 0.170203
vt 0.005891 0.170232
vt 0.005926 0.005865
vt 0.638834 0.615366
vt 0.647868 0.331073
vt 0.645014 0.453976
vt 0.645110 0.331095
vt 0.182053 0.170263
vt 0.182022 0.005891
vt 0.346390 0.005927
vt 0.650781 0.610301
vt 0.650685 0.490236
vt 0.653475 0.490259
vt 0.647803 0.453969
vt 0.653539 0.610307
vt 0.170236 0.005896
vt 0.346359 0.170237
vt 0.633097 0.331073
vt 0.630405 0.456588
vt 0.630338 0.331073
vt 0.633194 0.456602
vt 0.447467 0.331111
vt 0.447498 0.462583
vt 0.322883 0.462612
vt 0.463529 0.181959
vt 0.563659 0.182184
vt 0.563639 0.318131
vt 0.463529 0.317876
vt 0.322791 0.474309
vt 0.415991 0.611007
vt 0.322791 0.610215
vt 0.494512 0.006228
vt 0.590532 0.141875
vt 0.494512 0.142145
vt 0.322852 0.331139
vt 0.416009 0.475065
vt 0.358176 0.137367
vt 0.482760 0.005868
vt 0.482791 0.137341
vt 0.459219 0.472871
vt 0.554436 0.472786
vt 0.554420 0.608733
vt 0.590552 0.005928
vt 0.459219 0.608783
vt 0.358145 0.005894
vt 0.131411 0.330995
vt 0.005863 0.463346
vt 0.005895 0.331024
vt 0.221992 0.633214
vt 0.221897 0.536510
vt 0.228996 0.536543
vt 0.229060 0.633229
vt 0.247833 0.536461
vt 0.240816 0.632349
vt 0.240765 0.536461
vt 0.181991 0.463363
vt 0.307599 0.331076
vt 0.307568 0.463398
vt 0.182022 0.331040
vt 0.247915 0.632364
vt 0.643500 0.005830
vt 0.643435 0.099722
vt 0.636336 0.099759
vt 0.631897 0.171961
vt 0.624703 0.272774
vt 0.624829 0.171970
vt 0.131441 0.463380
vt 0.631802 0.272782
vt 0.636433 0.005883
vt 0.584635 0.331171
vt 0.683806 0.005830
vt 0.683997 0.104666
vt 0.681275 0.104823
vt 0.688365 0.331073
vt 0.685641 0.424822
vt 0.685738 0.331093
vt 0.459285 0.331136
vt 0.688302 0.424794
vt 0.683961 0.267761
vt 0.683928 0.172033
vt 0.686588 0.172024
vt 0.681275 0.005841
vt 0.124797 0.686338
vt 0.127329 0.591407
vt 0.127329 0.686341
vt 0.124607 0.591543
vt 0.686588 0.267763
vt 0.307404 0.315689
vt 0.182066 0.315757
vt 0.182053 0.632257
vt 0.182028 0.536529
vt 0.190130 0.536523
vt 0.410874 0.935457
vt 0.413525 0.943515
vt 0.410874 0.943413
vt 0.043748 0.935419
vt 0.046329 0.935419
vt 0.046443 0.943585
vt 0.307487 0.185634
vt 0.182148 0.185703
vt 0.043723 0.943490
vt 0.839773 0.301991
vt 0.842392 0.302093
vt 0.842537 0.310260
vt 0.839835 0.301991
vt 0.181957 0.181978
vt 0.618650 0.331099
vt 0.618650 0.431266
vt 0.618649 0.431331
vt 0.596423 0.493021
vt 0.604379 0.490292
vt 0.604494 0.493025
vt 0.596442 0.588833
vt 0.604494 0.588971
vt 0.604398 0.588837
vt 0.311056 0.182169
vt 0.210047 0.536528
vt 0.210072 0.630246
vt 0.201968 0.630326
vt 0.684054 0.938258
vt 0.686666 0.946206
vt 0.684054 0.946214
vt 0.596423 0.490260
vt 0.322969 0.319206
vt 0.596442 0.591566
vt 0.127328 0.475190
vt 0.119161 0.475132
vt 0.119257 0.475121
vt 0.604398 0.591569
vt 0.009556 0.185615
vt 0.413599 0.935463
vt 0.413598 0.943420
vt 0.624487 0.102306
vt 0.616529 0.105042
vt 0.616417 0.102367
vt 0.624485 0.105010
vt 0.583534 0.181959
vt 0.575463 0.286410
vt 0.575558 0.181969
vt 0.583423 0.286407
vt 0.624558 0.005830
vt 0.624556 0.008506
vt 0.616600 0.008566
vt 0.616603 0.005891
vt 0.616345 0.590389
vt 0.624225 0.490233
vt 0.624320 0.590406
vt 0.616265 0.490208
vt 0.495451 0.783617
vt 0.498727 0.754210
vt 0.498724 0.783623
vt 0.495454 0.754204
vt 0.143190 0.331034
vt 0.165568 0.331075
vt 0.165570 0.457974
vt 0.643560 0.172036
vt 0.646042 0.172072
vt 0.646036 0.298884
vt 0.643558 0.298876
vt 0.143194 0.457931
vt 0.308284 0.475217
vt 0.310819 0.475231
vt 0.310813 0.602049
vt 0.776746 0.387012
vt 0.776743 0.416425
vt 0.773470 0.416419
vt 0.143189 0.469848
vt 0.164653 0.596671
vt 0.143192 0.596743
vt 0.164652 0.469772
vt 0.308281 0.602063
vt 0.773473 0.387006
vt 0.250508 0.750630
vt 0.253010 0.750581
vt 0.253000 0.785002
vt 0.322808 0.622845
vt 0.346544 0.657219
vt 0.322806 0.657318
vt 0.346555 0.622797
vt 0.683914 0.782671
vt 0.683905 0.750156
vt 0.687238 0.750147
vt 0.250508 0.784919
vt 0.657162 0.750147
vt 0.657170 0.782662
vt 0.653838 0.782672
vt 0.653829 0.750156
vt 0.155236 0.742294
vt 0.157789 0.742224
vt 0.157779 0.776647
vt 0.459235 0.620498
vt 0.483983 0.655002
vt 0.459235 0.654971
vt 0.155236 0.776584
vt 0.483994 0.620579
vt 0.687246 0.782662
vt 0.181957 0.644105
vt 0.204346 0.644114
vt 0.204337 0.675300
vt 0.181957 0.675214
vt 0.632003 0.633133
vt 0.653480 0.633025
vt 0.653471 0.664210
vt 0.632003 0.664242
vt 0.816867 0.428938
vt 0.817711 0.461646
vt 0.816867 0.461639
vt 0.817717 0.428910
vt 0.813545 0.490283
vt 0.814405 0.522985
vt 0.813545 0.522985
vt 0.814411 0.490248
vt 0.221801 0.784802
vt 0.222651 0.784774
vt 0.222644 0.817510
vt 0.221801 0.817503
vt 0.815025 0.267968
vt 0.815891 0.267933
vt 0.815885 0.300670
vt 0.815025 0.300671
vt 0.814194 0.325727
vt 0.815060 0.325692
vt 0.815054 0.358430
vt 0.295172 0.785776
vt 0.296015 0.818484
vt 0.295172 0.818477
vt 0.296022 0.785748
vt 0.814194 0.358430
vt 0.382115 0.669001
vt 0.380320 0.695310
vt 0.380311 0.669004
vt 0.382103 0.695319
vt 0.722475 0.155279
vt 0.722502 0.159366
vt 0.720719 0.159354
vt 0.751873 0.635585
vt 0.757209 0.601012
vt 0.757220 0.635573
vt 0.630010 0.284569
vt 0.624674 0.319141
vt 0.624663 0.284581
vt 0.630021 0.319130
vt 0.720739 0.155279
vt 0.751862 0.601024
vt 0.077457 0.848170
vt 0.077469 0.822926
vt 0.079253 0.822946
vt 0.952455 0.795757
vt 0.952447 0.799762
vt 0.950664 0.799749
vt 0.079262 0.848178
vt 0.950719 0.795757
vt 0.723066 0.601007
vt 0.723076 0.636032
vt 0.714124 0.636046
vt 0.169447 0.815591
vt 0.170244 0.842257
vt 0.168797 0.842246
vt 0.104794 0.955216
vt 0.103332 0.961921
vt 0.103358 0.955224
vt 0.718311 0.711034
vt 0.727253 0.675995
vt 0.727263 0.711021
vt 0.714114 0.601019
vt 0.566172 0.851020
vt 0.566826 0.825449
vt 0.567626 0.851025
vt 0.104780 0.961928
vt 0.718301 0.676008
vt 0.616432 0.116810
vt 0.641179 0.151314
vt 0.616431 0.151283
vt 0.641190 0.116891
vt 0.698925 0.750173
vt 0.701478 0.750102
vt 0.701468 0.784525
vt 0.668876 0.782671
vt 0.672200 0.750147
vt 0.672208 0.782662
vt 0.773917 0.280874
vt 0.770594 0.313398
vt 0.770585 0.280883
vt 0.358323 0.622845
vt 0.382070 0.622797
vt 0.382060 0.657219
vt 0.358322 0.657318
vt 0.698925 0.784463
vt 0.668867 0.750156
vt 0.783514 0.551353
vt 0.786017 0.551305
vt 0.786006 0.585726
vt 0.783514 0.585642
vt 0.773926 0.313389
vt 0.221801 0.644938
vt 0.244189 0.644947
vt 0.244181 0.676132
vt 0.221801 0.676047
vt 0.266914 0.654358
vt 0.288391 0.654250
vt 0.288382 0.685436
vt 0.266914 0.685467
vt 0.307757 0.785776
vt 0.308600 0.818484
vt 0.307757 0.818477
vt 0.308607 0.785748
vt 0.814579 0.005926
vt 0.815439 0.038628
vt 0.814579 0.038629
vt 0.815445 0.005891
vt 0.814579 0.050480
vt 0.815445 0.050445
vt 0.815439 0.083182
vt 0.818116 0.375409
vt 0.818966 0.375381
vt 0.818959 0.408117
vt 0.814579 0.083182
vt 0.818116 0.408110
vt 0.814761 0.551374
vt 0.815627 0.551339
vt 0.815621 0.584076
vt 0.234709 0.786390
vt 0.235559 0.786362
vt 0.235552 0.819098
vt 0.234709 0.819091
vt 0.814761 0.584076
vt 0.832511 0.375341
vt 0.830716 0.401649
vt 0.830706 0.375343
vt 0.738985 0.710574
vt 0.744320 0.676001
vt 0.744331 0.710562
vt 0.832499 0.401658
vt 0.769501 0.660140
vt 0.769529 0.664228
vt 0.767745 0.664215
vt 0.553361 0.959375
vt 0.551570 0.963367
vt 0.551625 0.959375
vt 0.615854 0.443063
vt 0.615865 0.477624
vt 0.610519 0.477636
vt 0.810662 0.848529
vt 0.812458 0.823305
vt 0.812467 0.848537
vt 0.810674 0.823285
vt 0.767765 0.660140
vt 0.610507 0.443075
vt 0.553353 0.963380
vt 0.738973 0.676013
vt 0.844618 0.428877
vt 0.843964 0.455540
vt 0.843164 0.428880
vt 0.917887 0.355953
vt 0.917896 0.362806
vt 0.916449 0.362792
vt 0.720830 0.207061
vt 0.729771 0.172022
vt 0.729782 0.207049
vt 0.720820 0.172035
vt 0.916451 0.355953
vt 0.851744 0.701591
vt 0.850947 0.676008
vt 0.852394 0.676028
vt 0.309223 0.671916
vt 0.309233 0.706942
vt 0.300281 0.706954
vt 0.300271 0.671928
vt 0.842632 0.005887
vt 0.842633 0.028235
vt 0.839263 0.028233
vt 0.351564 0.669040
vt 0.368602 0.669031
vt 0.368602 0.695923
vt 0.351562 0.695935
vt 0.279315 0.795263
vt 0.281886 0.822052
vt 0.279316 0.822047
vt 0.181958 0.797484
vt 0.184423 0.824260
vt 0.181957 0.824268
vt 0.184428 0.797476
vt 0.836535 0.757632
vt 0.836535 0.735283
vt 0.839904 0.735286
vt 0.698262 0.221102
vt 0.714943 0.221242
vt 0.714944 0.248132
vt 0.839905 0.757635
vt 0.698262 0.247995
vt 0.281889 0.795268
vt 0.839262 0.005884
vt 0.427734 0.705031
vt 0.442386 0.728672
vt 0.427734 0.728642
vt 0.442397 0.705018
vt 0.728423 0.386970
vt 0.742780 0.387086
vt 0.742769 0.410739
vt 0.728423 0.410580
vt 0.865407 0.221147
vt 0.866246 0.221112
vt 0.866241 0.246361
vt 0.865407 0.246364
vt 0.616058 0.832300
vt 0.616925 0.857518
vt 0.616058 0.857517
vt 0.616929 0.832269
vt 0.793604 0.841768
vt 0.794443 0.841732
vt 0.794438 0.866982
vt 0.859305 0.107281
vt 0.860175 0.107250
vt 0.860171 0.132499
vt 0.859305 0.132497
vt 0.793604 0.866984
vt 0.866183 0.490285
vt 0.867017 0.515498
vt 0.866183 0.515501
vt 0.732572 0.833161
vt 0.733442 0.833129
vt 0.733438 0.858379
vt 0.732572 0.858377
vt 0.867022 0.490249
vt 0.896714 0.413067
vt 0.896728 0.417147
vt 0.894948 0.417136
vt 0.524665 0.900120
vt 0.524657 0.918319
vt 0.522877 0.918323
vt 0.522868 0.900134
vt 0.375544 0.785923
vt 0.375535 0.761585
vt 0.380880 0.761574
vt 0.894978 0.413067
vt 0.799578 0.637181
vt 0.799587 0.661519
vt 0.794242 0.661529
vt 0.794234 0.637191
vt 0.965661 0.904156
vt 0.963915 0.908063
vt 0.963925 0.904156
vt 0.965695 0.908074
vt 0.380889 0.785912
vt 0.077462 0.915611
vt 0.079250 0.897035
vt 0.079258 0.915612
vt 0.077470 0.897023
vt 0.841919 0.490243
vt 0.841919 0.512592
vt 0.838550 0.512590
vt 0.459235 0.666749
vt 0.476273 0.666739
vt 0.476273 0.693631
vt 0.459233 0.693643
vt 0.668849 0.794503
vt 0.671420 0.821293
vt 0.668849 0.821287
vt 0.838549 0.490241
vt 0.703082 0.490239
vt 0.719764 0.517270
vt 0.703082 0.517132
vt 0.719762 0.490379
vt 0.459219 0.799110
vt 0.461684 0.825886
vt 0.459219 0.825893
vt 0.671424 0.794509
vt 0.461689 0.799102
vt 0.836535 0.825870
vt 0.839904 0.803524
vt 0.839905 0.825873
vt 0.836535 0.803521
vt 0.143166 0.706830
vt 0.157818 0.730470
vt 0.143166 0.730441
vt 0.157829 0.706817
vt 0.181957 0.725715
vt 0.196303 0.749484
vt 0.181958 0.749325
vt 0.196314 0.725832
vt 0.551553 0.834312
vt 0.552419 0.859530
vt 0.551553 0.859528
vt 0.552423 0.834280
vt 0.866832 0.325729
vt 0.867670 0.325694
vt 0.867665 0.350943
vt 0.866832 0.350946
vt 0.866896 0.005928
vt 0.867735 0.005892
vt 0.867730 0.031142
vt 0.043723 0.831811
vt 0.044593 0.831779
vt 0.044589 0.857029
vt 0.866896 0.031144
vt 0.043723 0.857027
vt 0.698925 0.834966
vt 0.699795 0.834934
vt 0.699791 0.860184
vt 0.863267 0.601042
vt 0.864101 0.626256
vt 0.863267 0.626258
vt 0.864106 0.601007
vt 0.698925 0.860182
vt 0.833828 0.141306
vt 0.832062 0.145375
vt 0.832092 0.141306
vt 0.809618 0.915970
vt 0.809626 0.897382
vt 0.811406 0.897394
vt 0.793440 0.181867
vt 0.798776 0.157519
vt 0.798785 0.181857
vt 0.793431 0.157529
vt 0.833842 0.145385
vt 0.811415 0.915972
vt 0.802506 0.325708
vt 0.802514 0.350046
vt 0.797169 0.350056
vt 0.838296 0.960555
vt 0.838331 0.964473
vt 0.836551 0.964462
vt 0.836560 0.960555
vt 0.920292 0.428874
vt 0.920285 0.447074
vt 0.918504 0.447077
vt 0.797161 0.325718
vt 0.918495 0.428888
vt 0.064647 0.812440
vt 0.061276 0.834793
vt 0.061276 0.812438
vt 0.709505 0.279528
vt 0.725803 0.279477
vt 0.725803 0.306361
vt 0.427153 0.792999
vt 0.429730 0.819781
vt 0.427153 0.819783
vt 0.064647 0.834796
vt 0.429734 0.792997
vt 0.754166 0.795523
vt 0.756693 0.795544
vt 0.756689 0.822327
vt 0.709503 0.306415
vt 0.495414 0.680035
vt 0.512408 0.706957
vt 0.495414 0.706922
vt 0.512406 0.680072
vt 0.754166 0.822306
vt 0.793606 0.829958
vt 0.796976 0.807604
vt 0.796976 0.829960
vt 0.793606 0.807602
vt 0.295172 0.718825
vt 0.309184 0.742395
vt 0.295173 0.742435
vt 0.309205 0.718775
vt 0.660760 0.714668
vt 0.675388 0.714696
vt 0.675367 0.738315
vt 0.660761 0.738279
vt 0.221801 0.829361
vt 0.222661 0.854577
vt 0.221801 0.854577
vt 0.222667 0.829326
vt 0.140627 0.837162
vt 0.141470 0.862384
vt 0.140627 0.862377
vt 0.141477 0.837134
vt 0.854230 0.325727
vt 0.855090 0.350943
vt 0.854230 0.350944
vt 0.855096 0.325692
vt 0.375516 0.836404
vt 0.376366 0.836376
vt 0.376359 0.861626
vt 0.375516 0.861619
vt 0.854294 0.005926
vt 0.855154 0.031142
vt 0.854294 0.031142
vt 0.410874 0.837389
vt 0.411724 0.837361
vt 0.411717 0.862611
vt 0.410874 0.862605
vt 0.855160 0.005891
vt 0.795314 0.107255
vt 0.795325 0.131607
vt 0.789991 0.131619
vt 0.567968 0.899808
vt 0.567957 0.918351
vt 0.566180 0.918341
vt 0.815318 0.534741
vt 0.815342 0.538824
vt 0.813565 0.538811
vt 0.566170 0.899811
vt 0.393856 0.780684
vt 0.399179 0.756320
vt 0.399190 0.780672
vt 0.234718 0.922862
vt 0.236506 0.905094
vt 0.236515 0.922868
vt 0.393846 0.756332
vt 0.952511 0.832825
vt 0.952500 0.836826
vt 0.950723 0.836812
vt 0.950775 0.832825
vt 0.813582 0.534741
vt 0.234729 0.905075
vt 0.789981 0.107267
vt 0.322792 0.832633
vt 0.322792 0.810277
vt 0.326163 0.810279
vt 0.266929 0.697264
vt 0.283226 0.697213
vt 0.283226 0.724097
vt 0.266927 0.724151
vt 0.043723 0.793169
vt 0.046301 0.819951
vt 0.043724 0.819953
vt 0.698925 0.796302
vt 0.701448 0.823107
vt 0.698925 0.823085
vt 0.701452 0.796324
vt 0.009202 0.812712
vt 0.009202 0.835068
vt 0.005831 0.835066
vt 0.181971 0.687077
vt 0.198962 0.687114
vt 0.198964 0.713999
vt 0.005831 0.812710
vt 0.181970 0.713964
vt 0.326163 0.832635
vt 0.046304 0.793167
vt 0.735625 0.116631
vt 0.749637 0.140202
vt 0.735626 0.140242
vt 0.749658 0.116582
vt 0.687101 0.714668
vt 0.701729 0.714696
vt 0.701708 0.738315
vt 0.687102 0.738279
vt 0.836533 0.837676
vt 0.837383 0.837648
vt 0.837376 0.862898
vt 0.854294 0.042994
vt 0.855154 0.068210
vt 0.854294 0.068210
vt 0.836533 0.862891
vt 0.855160 0.042959
vt 0.103545 0.836311
vt 0.104395 0.836283
vt 0.104388 0.861533
vt 0.854471 0.551374
vt 0.855331 0.576590
vt 0.854471 0.576590
vt 0.103545 0.861526
vt 0.855337 0.551339
vt 0.459219 0.837741
vt 0.460069 0.837713
vt 0.460062 0.862963
vt 0.295172 0.830335
vt 0.296032 0.855551
vt 0.295172 0.855551
vt 0.459219 0.862957
vt 0.296038 0.830300
vt 0.658915 0.315077
vt 0.658939 0.319160
vt 0.657162 0.319147
vt 0.918241 0.325658
vt 0.916453 0.344191
vt 0.916444 0.325660
vt 0.918230 0.344201
vt 0.790963 0.280871
vt 0.790973 0.305223
vt 0.785639 0.305235
vt 0.181992 0.785643
vt 0.187315 0.761278
vt 0.187326 0.785631
vt 0.202733 0.959753
vt 0.200945 0.963740
vt 0.200997 0.959753
vt 0.657179 0.315077
vt 0.181981 0.761290
vt 0.427162 0.923556
vt 0.428949 0.905788
vt 0.428959 0.923563
vt 0.202722 0.963753
vt 0.785628 0.280882
vt 0.427173 0.905769
vt 0.839439 0.573681
vt 0.839439 0.551332
vt 0.842808 0.551335
vt 0.703082 0.529035
vt 0.719763 0.529175
vt 0.719764 0.556065
vt 0.703082 0.555928
vt 0.105155 0.797679
vt 0.107620 0.824455
vt 0.105155 0.824463
vt 0.839482 0.601000
vt 0.839483 0.623349
vt 0.836113 0.623347
vt 0.143181 0.668114
vt 0.160220 0.668105
vt 0.160220 0.694996
vt 0.143180 0.695008
vt 0.107625 0.797671
vt 0.683887 0.794503
vt 0.686459 0.821293
vt 0.683888 0.821287
vt 0.686462 0.794509
vt 0.836112 0.600998
vt 0.842808 0.573683
vt 0.731466 0.546083
vt 0.745823 0.546200
vt 0.745812 0.569852
vt 0.731467 0.569693
vt 0.596327 0.707505
vt 0.610991 0.707492
vt 0.610979 0.731146
vt 0.596327 0.731116
vt 0.335358 0.844443
vt 0.336196 0.844408
vt 0.336191 0.869657
vt 0.581554 0.833588
vt 0.582420 0.858806
vt 0.581554 0.858805
vt 0.582424 0.833557
vt 0.335358 0.869660
vt 0.250508 0.835442
vt 0.251378 0.835411
vt 0.251374 0.860661
vt 0.250508 0.860659
vt 0.866896 0.042995
vt 0.867735 0.042960
vt 0.867730 0.068209
vt 0.866896 0.068212
vt 0.863689 0.772395
vt 0.864523 0.797609
vt 0.863689 0.797611
vt 0.864528 0.772359
vt 0.155236 0.832986
vt 0.156106 0.832955
vt 0.156102 0.858204
vt 0.155236 0.858202
vt 0.866804 0.960064
vt 0.865059 0.963971
vt 0.865068 0.960064
vt 0.222547 0.903425
vt 0.222539 0.921624
vt 0.220759 0.921628
vt 0.345207 0.774142
vt 0.339871 0.798490
vt 0.339863 0.774152
vt 0.345216 0.798480
vt 0.866839 0.963982
vt 0.220750 0.903439
vt 0.061303 0.800651
vt 0.061295 0.776313
vt 0.066639 0.776303
vt 0.916795 0.251424
vt 0.916809 0.255503
vt 0.915029 0.255492
vt 0.915059 0.251424
vt 0.205154 0.910159
vt 0.205162 0.891570
vt 0.206942 0.891583
vt 0.206951 0.910160
vt 0.066648 0.800641
vt 0.635374 0.817477
vt 0.632005 0.839823
vt 0.632004 0.817474
vt 0.718275 0.794511
vt 0.720850 0.794517
vt 0.720847 0.821301
vt 0.700039 0.331125
vt 0.716721 0.358156
vt 0.700039 0.358018
vt 0.716719 0.331266
vt 0.375516 0.797772
vt 0.377981 0.824548
vt 0.375516 0.824556
vt 0.635374 0.839826
vt 0.377986 0.797764
vt 0.839198 0.348034
vt 0.839198 0.325685
vt 0.842568 0.325688
vt 0.632019 0.675993
vt 0.649057 0.702875
vt 0.632017 0.702887
vt 0.649057 0.675983
vt 0.718276 0.821295
vt 0.842568 0.348037
vt 0.718275 0.722756
vt 0.732632 0.722872
vt 0.732621 0.746525
vt 0.718275 0.746366
vt 0.322791 0.707756
vt 0.337443 0.731397
vt 0.322791 0.731367
vt 0.337454 0.707743
vt 0.265063 0.834364
vt 0.265934 0.834333
vt 0.265930 0.859583
vt 0.265063 0.859581
vt 0.347924 0.844443
vt 0.348763 0.844408
vt 0.348758 0.869657
vt 0.347924 0.869660
vt 0.867072 0.551376
vt 0.867906 0.576589
vt 0.867072 0.576592
vt 0.867911 0.551340
vt 0.279315 0.833912
vt 0.280185 0.833881
vt 0.280181 0.859130
vt 0.279315 0.859128
vt 0.863267 0.638110
vt 0.864101 0.663323
vt 0.863267 0.663326
vt 0.856403 0.375414
vt 0.857274 0.375383
vt 0.857270 0.400632
vt 0.856403 0.400630
vt 0.864106 0.638074
vt 0.920292 0.458872
vt 0.918504 0.477075
vt 0.918495 0.458886
vt 0.797737 0.575702
vt 0.797728 0.551364
vt 0.803073 0.551354
vt 0.920284 0.477071
vt 0.965270 0.511375
vt 0.963524 0.515282
vt 0.963534 0.511375
vt 0.803082 0.575692
vt 0.939339 0.760047
vt 0.939353 0.764127
vt 0.937573 0.764116
vt 0.937603 0.760047
vt 0.915021 0.239736
vt 0.915029 0.221148
vt 0.916809 0.221160
vt 0.916817 0.239738
vt 0.793820 0.387046
vt 0.788484 0.411394
vt 0.788475 0.387056
vt 0.793829 0.411384
vt 0.965304 0.515293
vt 0.566189 0.777239
vt 0.569073 0.740890
vt 0.569094 0.777244
vt 0.566179 0.740885
vt 0.754760 0.647313
vt 0.751854 0.661941
vt 0.751847 0.647313
vt 0.081602 0.594667
vt 0.062472 0.644457
vt 0.062487 0.594637
vt 0.093324 0.644457
vt 0.112453 0.594667
vt 0.112438 0.644487
vt 0.754749 0.661938
vt 0.093338 0.594637
vt 0.554475 0.740030
vt 0.554486 0.777931
vt 0.551591 0.777942
vt 0.551570 0.740040
vt 0.081587 0.644487
vt 0.838281 0.191561
vt 0.835348 0.205904
vt 0.835368 0.191582
vt 0.838242 0.205881
vt 0.905128 0.291199
vt 0.904746 0.291143
vt 0.904875 0.267914
vt 0.904710 0.029155
vt 0.904307 0.029100
vt 0.904451 0.005870
vt 0.904840 0.005926
vt 0.905274 0.267968
vt 0.903221 0.244374
vt 0.902818 0.244320
vt 0.902962 0.221089
vt 0.903351 0.221145
vt 0.901834 0.908868
vt 0.901580 0.885584
vt 0.901979 0.885637
vt 0.901452 0.908812
vt 0.904689 0.064183
vt 0.904307 0.064127
vt 0.904436 0.040898
vt 0.903997 0.513512
vt 0.903594 0.513457
vt 0.903738 0.490227
vt 0.904127 0.490283
vt 0.904835 0.040952
vt 0.904866 0.574605
vt 0.904483 0.574548
vt 0.904612 0.551320
vt 0.905011 0.551373
vt 0.323194 0.904738
vt 0.322791 0.904683
vt 0.322935 0.881452
vt 0.323324 0.881509
vt 0.811975 0.635342
vt 0.811513 0.635353
vt 0.811590 0.600963
vt 0.805800 0.375356
vt 0.806314 0.375352
vt 0.805956 0.411176
vt 0.103747 0.738776
vt 0.104097 0.785810
vt 0.103476 0.785810
vt 0.128482 0.785853
vt 0.128156 0.738816
vt 0.128786 0.738816
vt 0.956589 0.981749
vt 0.956589 0.981301
vt 0.956813 0.981130
vt 0.159130 0.608935
vt 0.159130 0.655929
vt 0.612300 0.650751
vt 0.613030 0.650688
vt 0.612744 0.603693
vt 0.613030 0.603693
vt 0.159868 0.608935
vt 0.159868 0.655929
vt 0.801137 0.490214
vt 0.143224 0.608757
vt 0.159403 0.609209
vt 0.983927 0.006876
vt 0.983901 0.006827
vt 0.983636 0.006486
vt 0.983636 0.006140
vt 0.983932 0.005915
vt 0.984057 0.005832
vt 0.944772 0.440985
vt 0.944311 0.441005
vt 0.944401 0.428871
vt 0.596423 0.651152
vt 0.596373 0.650576
vt 0.612565 0.650414
vt 0.596384 0.603556
vt 0.612565 0.603229
vt 0.182010 0.931038
vt 0.182515 0.931027
vt 0.182432 0.943374
vt 0.181957 0.943729
vt 0.182636 0.943434
vt 0.143224 0.656006
vt 0.159445 0.655770
vt 0.159403 0.656394
vt 0.984000 0.031232
vt 0.984247 0.031519
vt 0.472358 0.943169
vt 0.471898 0.943189
vt 0.471966 0.931057
vt 0.442025 0.657854
vt 0.427776 0.693155
vt 0.427806 0.657871
vt 0.441972 0.693160
vt 0.681348 0.150429
vt 0.681328 0.116564
vt 0.695523 0.116615
vt 0.695567 0.150458
vt 0.748637 0.532349
vt 0.751849 0.490219
vt 0.751880 0.532320
vt 0.031590 0.475134
vt 0.063662 0.475201
vt 0.063648 0.524719
vt 0.748542 0.428924
vt 0.750997 0.478429
vt 0.748542 0.478412
vt 0.748607 0.490248
vt 0.751007 0.428913
vt 0.753190 0.059717
vt 0.753221 0.101818
vt 0.749914 0.101789
vt 0.031590 0.524610
vt 0.743722 0.221146
vt 0.746238 0.221114
vt 0.746228 0.270632
vt 0.749947 0.059746
vt 0.743722 0.270636
vt 0.224435 0.475319
vt 0.255188 0.524736
vt 0.224436 0.524795
vt 0.255200 0.475219
vt 0.266914 0.475158
vt 0.296554 0.521560
vt 0.266914 0.521456
vt 0.296568 0.475219
vt 0.031590 0.536635
vt 0.060036 0.536542
vt 0.060023 0.582883
vt 0.031590 0.582934
vt 0.764945 0.065670
vt 0.765789 0.113576
vt 0.764945 0.113570
vt 0.553560 0.680341
vt 0.554420 0.728242
vt 0.553560 0.728242
vt 0.554426 0.680306
vt 0.765795 0.065642
vt 0.755710 0.157538
vt 0.756576 0.157504
vt 0.756570 0.205440
vt 0.755710 0.205440
vt 0.764945 0.005920
vt 0.765795 0.005891
vt 0.765789 0.053826
vt 0.764945 0.053819
vt 0.763605 0.490276
vt 0.764448 0.538182
vt 0.763605 0.538176
vt 0.764454 0.490248
vt 0.757965 0.221145
vt 0.758825 0.269047
vt 0.757965 0.269047
vt 0.758831 0.221111
vt 0.810661 0.767529
vt 0.812459 0.735344
vt 0.812469 0.767536
vt 0.810673 0.735324
vt 0.283437 0.960082
vt 0.283431 0.964089
vt 0.281645 0.964076
vt 0.734798 0.645113
vt 0.734787 0.601024
vt 0.740141 0.601012
vt 0.665025 0.474315
vt 0.663268 0.478392
vt 0.663289 0.474315
vt 0.732026 0.221118
vt 0.726683 0.265218
vt 0.726671 0.221129
vt 0.740152 0.645102
vt 0.665054 0.478406
vt 0.512248 0.754185
vt 0.512236 0.787760
vt 0.510450 0.787750
vt 0.281701 0.960082
vt 0.510440 0.754187
vt 0.732037 0.265207
vt 0.691312 0.601065
vt 0.702362 0.601053
vt 0.702348 0.638263
vt 0.691312 0.638266
vt 0.698248 0.171985
vt 0.709067 0.172070
vt 0.709052 0.209278
vt 0.698248 0.209184
vt 0.322844 0.762335
vt 0.332933 0.743196
vt 0.332934 0.762326
vt 0.322838 0.743201
vt 0.358110 0.149100
vt 0.372666 0.149155
vt 0.372658 0.163786
vt 0.700025 0.408711
vt 0.707617 0.408722
vt 0.707608 0.423352
vt 0.700025 0.423237
vt 0.539697 0.153918
vt 0.547450 0.153862
vt 0.547442 0.168493
vt 0.358114 0.163783
vt 0.539698 0.168446
vt 0.717556 0.083494
vt 0.707467 0.102633
vt 0.707460 0.083499
vt 0.717556 0.102625
vt 0.437021 0.149189
vt 0.451002 0.163753
vt 0.437020 0.163772
vt 0.451011 0.149122
vt 0.838256 0.722324
vt 0.836536 0.719330
vt 0.836991 0.715715
vt 0.840272 0.713593
vt 0.843539 0.716663
vt 0.843984 0.720455
vt 0.842235 0.723027
vt 0.656945 0.158097
vt 0.655161 0.155612
vt 0.655637 0.151860
vt 0.659041 0.148821
vt 0.662452 0.150885
vt 0.662913 0.154547
vt 0.661088 0.157630
vt 0.459706 0.955392
vt 0.459486 0.962579
vt 0.459330 0.955392
vt 0.508514 0.957976
vt 0.508724 0.964881
vt 0.508317 0.964864
vt 0.699224 0.955455
vt 0.699397 0.962651
vt 0.698989 0.962633
vt 0.616509 0.957980
vt 0.616326 0.964877
vt 0.616133 0.957980
vt 0.523159 0.955704
vt 0.523332 0.962900
vt 0.522924 0.962882
vt 0.964348 0.885542
vt 0.964165 0.892439
vt 0.963972 0.885542
vt 0.964169 0.682588
vt 0.964341 0.689783
vt 0.963934 0.689765
vt 0.336489 0.958772
vt 0.336307 0.965669
vt 0.336113 0.958772
vt 0.006129 0.955771
vt 0.006302 0.962966
vt 0.005894 0.962948
vt 0.965180 0.157443
vt 0.964997 0.164340
vt 0.964803 0.157443
vt 0.823205 0.201996
vt 0.823377 0.209192
vt 0.822970 0.209174
vt 0.964353 0.775927
vt 0.964170 0.782824
vt 0.963977 0.775927
vt 0.950640 0.663764
vt 0.952121 0.671773
vt 0.950647 0.671776
vt 0.952121 0.663758
vt 0.950728 0.813080
vt 0.952149 0.813066
vt 0.952148 0.821082
vt 0.950733 0.821092
vt 0.945776 0.375320
vt 0.944207 0.385036
vt 0.944217 0.375331
vt 0.939350 0.748296
vt 0.937587 0.748308
vt 0.937575 0.735320
vt 0.945747 0.385041
vt 0.797709 0.587525
vt 0.799057 0.587457
vt 0.799041 0.588997
vt 0.939338 0.735309
vt 0.797709 0.588935
vt 0.938257 0.170510
vt 0.936494 0.170521
vt 0.936482 0.157533
vt 0.904483 0.586396
vt 0.905766 0.587863
vt 0.904483 0.587807
vt 0.938246 0.157522
vt 0.236277 0.934554
vt 0.234728 0.944467
vt 0.234718 0.934554
vt 0.236268 0.944483
vt 0.905782 0.586323
vt 0.938930 0.614011
vt 0.937155 0.601035
vt 0.938918 0.601023
vt 0.937167 0.614023
vt 0.823474 0.720573
vt 0.824822 0.720506
vt 0.824806 0.722046
vt 0.359767 0.936266
vt 0.359738 0.945987
vt 0.358198 0.945982
vt 0.358208 0.936277
vt 0.935542 0.145072
vt 0.933767 0.132095
vt 0.935530 0.132084
vt 0.839197 0.359843
vt 0.840495 0.359769
vt 0.840479 0.361309
vt 0.839197 0.361253
vt 0.428721 0.935249
vt 0.427172 0.945161
vt 0.427161 0.935249
vt 0.933779 0.145083
vt 0.428712 0.945178
vt 0.823474 0.721983
vt 0.924728 0.208972
vt 0.924424 0.208983
vt 0.924497 0.189173
vt 0.824007 0.900323
vt 0.824362 0.900320
vt 0.824126 0.920942
vt 0.948320 0.016186
vt 0.947881 0.016206
vt 0.947964 0.005851
vt 0.375883 0.929755
vt 0.376215 0.943552
vt 0.375619 0.943552
vt 0.946367 0.243605
vt 0.946849 0.243603
vt 0.946593 0.254147
vt 0.441767 0.943363
vt 0.441457 0.929564
vt 0.442060 0.929564
vt 0.837198 0.948567
vt 0.836760 0.948587
vt 0.836843 0.938232
vt 0.115989 0.943499
vt 0.115679 0.929700
vt 0.116282 0.929700
vt 0.523227 0.930151
vt 0.523559 0.943948
vt 0.522963 0.943948
vt 0.946893 0.551311
vt 0.947375 0.551309
vt 0.947118 0.561854
vt 0.771827 0.551310
vt 0.768943 0.589222
vt 0.768922 0.551320
vt 0.050750 0.594667
vt 0.050735 0.644487
vt 0.031621 0.644457
vt 0.771838 0.589211
vt 0.857243 0.079965
vt 0.854310 0.094308
vt 0.854330 0.079986
vt 0.031635 0.594637
vt 0.580798 0.777239
vt 0.580788 0.740885
vt 0.583683 0.740890
vt 0.583703 0.777244
vt 0.796335 0.193603
vt 0.793428 0.208231
vt 0.793422 0.193603
vt 0.427765 0.646135
vt 0.427779 0.596314
vt 0.446894 0.596345
vt 0.857204 0.094285
vt 0.796323 0.208228
vt 0.446879 0.646165
vt 0.061657 0.906900
vt 0.061275 0.906844
vt 0.061404 0.883615
vt 0.061803 0.883669
vt 0.335761 0.904738
vt 0.335358 0.904683
vt 0.335502 0.881453
vt 0.335891 0.881509
vt 0.906681 0.452175
vt 0.906299 0.452119
vt 0.906428 0.428890
vt 0.904646 0.348956
vt 0.904387 0.325671
vt 0.904775 0.325727
vt 0.904242 0.348902
vt 0.906827 0.428944
vt 0.906796 0.398646
vt 0.906542 0.375362
vt 0.906941 0.375415
vt 0.347954 0.904738
vt 0.347695 0.881453
vt 0.348084 0.881509
vt 0.347551 0.904683
vt 0.906414 0.398590
vt 0.360895 0.904738
vt 0.360491 0.904683
vt 0.360636 0.881453
vt 0.006212 0.907173
vt 0.005959 0.883888
vt 0.006358 0.883942
vt 0.361024 0.881509
vt 0.005830 0.907117
vt 0.813637 0.255447
vt 0.813174 0.255458
vt 0.813251 0.221068
vt 0.116084 0.785852
vt 0.115757 0.738816
vt 0.116387 0.738816
vt 0.807301 0.107223
vt 0.807815 0.107220
vt 0.807457 0.143043
vt 0.091349 0.738776
vt 0.091699 0.785810
vt 0.091078 0.785810
vt 0.566588 0.942524
vt 0.567042 0.942524
vt 0.736430 0.429040
vt 0.736882 0.428849
vt 0.736882 0.476034
vt 0.736595 0.476034
vt 0.968973 0.981478
vt 0.969210 0.981164
vt 0.810565 0.157461
vt 0.811025 0.157475
vt 0.983793 0.969242
vt 0.983636 0.968904
vt 0.983793 0.968595
vt 0.512079 0.620766
vt 0.512179 0.667855
vt 0.983636 0.019494
vt 0.983636 0.018769
vt 0.983972 0.018597
vt 0.836557 0.910227
vt 0.837114 0.910174
vt 0.984148 0.019163
vt 0.932139 0.473102
vt 0.932127 0.456954
vt 0.932414 0.456961
vt 0.931962 0.456960
vt 0.932045 0.456865
vt 0.784743 0.372824
vt 0.784718 0.325830
vt 0.932113 0.375320
vt 0.932399 0.375320
vt 0.932249 0.445205
vt 0.931962 0.428849
vt 0.932412 0.429063
vt 0.968929 0.981690
vt 0.931962 0.445201
vt 0.931519 0.092284
vt 0.931257 0.076093
vt 0.931708 0.075882
vt 0.495841 0.668319
vt 0.511983 0.668319
vt 0.495788 0.667763
vt 0.511983 0.667581
vt 0.566234 0.693649
vt 0.580410 0.659835
vt 0.580454 0.693679
vt 0.566215 0.659784
vt 0.105252 0.656176
vt 0.105198 0.691482
vt 0.091003 0.691477
vt 0.091033 0.656193
vt 0.753190 0.005862
vt 0.749914 0.047934
vt 0.749947 0.005892
vt 0.181957 0.475319
vt 0.212722 0.475219
vt 0.212709 0.524736
vt 0.181958 0.524795
vt 0.741467 0.157539
vt 0.743974 0.207025
vt 0.741467 0.207029
vt 0.075376 0.475134
vt 0.107434 0.524719
vt 0.075376 0.524610
vt 0.753221 0.047963
vt 0.743983 0.157507
vt 0.375548 0.749748
vt 0.378886 0.707734
vt 0.378854 0.749777
vt 0.375581 0.707705
vt 0.745499 0.325707
vt 0.747964 0.325697
vt 0.747953 0.375212
vt 0.107448 0.475201
vt 0.745499 0.375195
vt 0.266914 0.533322
vt 0.296568 0.533384
vt 0.296555 0.579725
vt 0.266914 0.579621
vt 0.071749 0.536635
vt 0.100182 0.582883
vt 0.071749 0.582934
vt 0.100195 0.536542
vt 0.768312 0.157532
vt 0.769161 0.157504
vt 0.769155 0.205438
vt 0.768312 0.205431
vt 0.756016 0.676029
vt 0.756882 0.675994
vt 0.756876 0.723930
vt 0.756016 0.723931
vt 0.759690 0.325727
vt 0.760550 0.373629
vt 0.759690 0.373629
vt 0.760556 0.325693
vt 0.768618 0.676023
vt 0.769468 0.675994
vt 0.769461 0.723929
vt 0.768618 0.723922
vt 0.762733 0.428938
vt 0.763583 0.428910
vt 0.763576 0.476844
vt 0.762733 0.476837
vt 0.553560 0.620588
vt 0.554426 0.620553
vt 0.554420 0.668489
vt 0.553560 0.668490
vt 0.733802 0.331141
vt 0.733814 0.375230
vt 0.728459 0.375242
vt 0.412685 0.756268
vt 0.412673 0.789844
vt 0.410887 0.789834
vt 0.410877 0.756271
vt 0.953217 0.623156
vt 0.951424 0.627150
vt 0.951481 0.623156
vt 0.709000 0.155279
vt 0.709029 0.159369
vt 0.707243 0.159356
vt 0.728447 0.331153
vt 0.707264 0.155279
vt 0.810661 0.811510
vt 0.812459 0.779325
vt 0.812469 0.811518
vt 0.810673 0.779306
vt 0.953210 0.627163
vt 0.731502 0.534355
vt 0.731490 0.490266
vt 0.736846 0.490255
vt 0.736857 0.534344
vt 0.685641 0.436666
vt 0.696678 0.473864
vt 0.685643 0.473867
vt 0.696691 0.436654
vt 0.300245 0.622789
vt 0.311064 0.622874
vt 0.311049 0.660082
vt 0.300245 0.659988
vt 0.520230 0.153918
vt 0.527974 0.168493
vt 0.520230 0.168446
vt 0.527982 0.153862
vt 0.344653 0.762335
vt 0.344646 0.743201
vt 0.354742 0.743195
vt 0.462738 0.149190
vt 0.476728 0.149122
vt 0.476720 0.163753
vt 0.354742 0.762326
vt 0.713211 0.567851
vt 0.703122 0.586990
vt 0.703115 0.567856
vt 0.462738 0.163772
vt 0.714088 0.647813
vt 0.721681 0.647825
vt 0.721672 0.662455
vt 0.714089 0.662340
vt 0.713211 0.586982
vt 0.384422 0.149100
vt 0.398970 0.163786
vt 0.384426 0.163783
vt 0.398979 0.149155
vt 0.812990 0.656258
vt 0.811269 0.653264
vt 0.811724 0.649649
vt 0.815006 0.647528
vt 0.818717 0.654389
vt 0.816969 0.656961
vt 0.818273 0.650597
vt 0.151982 0.315670
vt 0.150674 0.309433
vt 0.154078 0.306393
vt 0.157489 0.308458
vt 0.157950 0.312120
vt 0.150198 0.313185
vt 0.156125 0.315202
vt 0.596815 0.955944
vt 0.596595 0.963131
vt 0.596438 0.955944
vt 0.901714 0.958476
vt 0.901923 0.965381
vt 0.901516 0.965364
vt 0.491550 0.956124
vt 0.491331 0.963310
vt 0.491174 0.956124
vt 0.913941 0.958476
vt 0.914151 0.965381
vt 0.913744 0.965364
vt 0.235196 0.956249
vt 0.234977 0.963435
vt 0.234820 0.956249
vt 0.964363 0.405318
vt 0.964573 0.412223
vt 0.964165 0.412206
vt 0.654074 0.958832
vt 0.654283 0.965737
vt 0.653876 0.965720
vt 0.964386 0.812995
vt 0.964167 0.820182
vt 0.964010 0.812995
vt 0.965447 0.297783
vt 0.965264 0.304680
vt 0.965071 0.297783
vt 0.768917 0.956241
vt 0.769090 0.963437
vt 0.768683 0.963419
vt 0.182445 0.955389
vt 0.182225 0.962576
vt 0.182069 0.955389
vt 0.358441 0.957763
vt 0.358651 0.964668
vt 0.358244 0.964651
vt 0.950673 0.776008
vt 0.952154 0.784018
vt 0.950679 0.784020
vt 0.952154 0.776002
vt 0.950930 0.405402
vt 0.952350 0.413405
vt 0.950935 0.413414
vt 0.952351 0.405389
vt 0.830701 0.413501
vt 0.832033 0.414973
vt 0.830701 0.414911
vt 0.888749 0.935223
vt 0.886986 0.935234
vt 0.886974 0.922247
vt 0.832049 0.413433
vt 0.509840 0.936479
vt 0.508271 0.946194
vt 0.508281 0.936490
vt 0.824440 0.932807
vt 0.822890 0.942719
vt 0.822881 0.932807
vt 0.824430 0.942736
vt 0.938635 0.933634
vt 0.936860 0.920658
vt 0.938623 0.920647
vt 0.936872 0.933646
vt 0.909301 0.142306
vt 0.910599 0.142232
vt 0.910583 0.143772
vt 0.888737 0.922235
vt 0.909301 0.143716
vt 0.509811 0.946200
vt 0.939690 0.863129
vt 0.937915 0.850153
vt 0.939679 0.850141
vt 0.793930 0.144281
vt 0.795278 0.144213
vt 0.795262 0.145753
vt 0.252076 0.935244
vt 0.252067 0.945173
vt 0.250527 0.945157
vt 0.793930 0.145691
vt 0.063070 0.931667
vt 0.061307 0.931678
vt 0.061295 0.918690
vt 0.945662 0.456865
vt 0.944093 0.466581
vt 0.944103 0.456876
vt 0.929970 0.061785
vt 0.931252 0.063251
vt 0.929970 0.063195
vt 0.931268 0.061712
vt 0.945633 0.466586
vt 0.937927 0.863141
vt 0.250517 0.935244
vt 0.063058 0.918678
vt 0.924728 0.177260
vt 0.924424 0.177271
vt 0.924497 0.157461
vt 0.921635 0.107223
vt 0.921990 0.107220
vt 0.921755 0.127842
vt 0.948255 0.353059
vt 0.947817 0.353079
vt 0.947900 0.342724
vt 0.103629 0.943499
vt 0.103319 0.929700
vt 0.103922 0.929700
vt 0.946367 0.221083
vt 0.946849 0.221081
vt 0.946593 0.231626
vt 0.699292 0.929902
vt 0.699624 0.943699
vt 0.699028 0.943699
vt 0.948314 0.051212
vt 0.947876 0.051232
vt 0.947959 0.040877
vt 0.091270 0.943499
vt 0.090960 0.929700
vt 0.091563 0.929700
vt 0.946893 0.573833
vt 0.947375 0.573831
vt 0.947118 0.584375
vt 0.023627 0.929695
vt 0.023959 0.943492
vt 0.023363 0.943492
vt 0.700039 0.369921
vt 0.716721 0.396952
vt 0.700039 0.396814
vt 0.716719 0.370061
vt 0.090960 0.797679
vt 0.093426 0.824455
vt 0.090960 0.824463
vt 0.842632 0.040006
vt 0.839263 0.062351
vt 0.839262 0.040003
vt 0.768618 0.795536
vt 0.771193 0.795542
vt 0.771189 0.822326
vt 0.836113 0.657465
vt 0.836112 0.635117
vt 0.839482 0.635119
vt 0.839482 0.657468
vt 0.660776 0.675993
vt 0.677815 0.675983
vt 0.677815 0.702875
vt 0.768619 0.822320
vt 0.093430 0.797671
vt 0.660774 0.702887
vt 0.842632 0.062354
vt 0.090960 0.703353
vt 0.105612 0.726994
vt 0.090960 0.726964
vt 0.665199 0.640438
vt 0.679556 0.640555
vt 0.679545 0.664207
vt 0.665199 0.664048
vt 0.105624 0.703341
vt 0.061275 0.846604
vt 0.062114 0.846568
vt 0.062109 0.871818
vt 0.718275 0.833161
vt 0.719141 0.858379
vt 0.718275 0.858377
vt 0.719145 0.833129
vt 0.061275 0.871820
vt 0.360491 0.844443
vt 0.361330 0.844408
vt 0.361325 0.869657
vt 0.360491 0.869660
vt 0.653811 0.833152
vt 0.654682 0.833121
vt 0.654678 0.858370
vt 0.653811 0.858369
vt 0.495401 0.834068
vt 0.496267 0.859287
vt 0.495401 0.859285
vt 0.867336 0.267970
vt 0.868174 0.267935
vt 0.868169 0.293184
vt 0.867336 0.293186
vt 0.496271 0.834037
vt 0.356924 0.798490
vt 0.362260 0.774142
vt 0.362269 0.798480
vt 0.356915 0.774152
vt 0.536345 0.914150
vt 0.536353 0.895562
vt 0.538133 0.895574
vt 0.883239 0.413067
vt 0.883253 0.417147
vt 0.881473 0.417136
vt 0.881503 0.413067
vt 0.965941 0.832825
vt 0.965976 0.836743
vt 0.964196 0.836732
vt 0.964205 0.832825
vt 0.920406 0.375346
vt 0.920398 0.393545
vt 0.918619 0.393549
vt 0.011194 0.776576
vt 0.005858 0.800924
vt 0.005850 0.776586
vt 0.918610 0.375360
vt 0.011203 0.800914
vt 0.538141 0.914153
vt 0.119350 0.797679
vt 0.121820 0.797671
vt 0.121815 0.824455
vt 0.835902 0.698335
vt 0.839271 0.675989
vt 0.839272 0.698338
vt 0.689534 0.675993
vt 0.706572 0.675983
vt 0.706572 0.702875
vt 0.689532 0.702887
vt 0.208515 0.820342
vt 0.205146 0.842688
vt 0.205145 0.820339
vt 0.119350 0.824463
vt 0.208516 0.842691
vt 0.707241 0.116535
vt 0.723923 0.143566
vt 0.707241 0.143428
vt 0.723921 0.116675
vt 0.495401 0.795419
vt 0.497973 0.822209
vt 0.495402 0.822203
vt 0.497976 0.795425
vt 0.835901 0.675986
vt 0.061275 0.701977
vt 0.075927 0.725618
vt 0.061275 0.725588
vt 0.075939 0.701964
vt 0.524108 0.718454
vt 0.538464 0.718571
vt 0.538454 0.742223
vt 0.524108 0.742064
vt 0.666411 0.833152
vt 0.667277 0.858370
vt 0.666411 0.858369
vt 0.667281 0.833121
vt 0.868888 0.428946
vt 0.869727 0.428911
vt 0.869722 0.454160
vt 0.868888 0.454162
vt 0.596327 0.844192
vt 0.597166 0.844157
vt 0.597161 0.869406
vt 0.393822 0.831162
vt 0.394688 0.856380
vt 0.393822 0.856378
vt 0.596327 0.869408
vt 0.394692 0.831131
vt 0.864168 0.813093
vt 0.865002 0.838306
vt 0.864168 0.838309
vt 0.181957 0.836120
vt 0.182828 0.836089
vt 0.182824 0.861338
vt 0.181957 0.861336
vt 0.865007 0.813057
vt 0.793632 0.759654
vt 0.798969 0.735306
vt 0.798977 0.759644
vt 0.793624 0.735316
vt 0.904317 0.094569
vt 0.904325 0.075980
vt 0.906105 0.075993
vt 0.811214 0.205257
vt 0.811228 0.209336
vt 0.809448 0.209325
vt 0.809478 0.205257
vt 0.906114 0.094570
vt 0.805179 0.428925
vt 0.805188 0.453263
vt 0.799843 0.453273
vt 0.919586 0.075908
vt 0.917799 0.094111
vt 0.917790 0.075922
vt 0.919579 0.094107
vt 0.965885 0.795757
vt 0.964140 0.799664
vt 0.964149 0.795757
vt 0.799835 0.428935
vt 0.965920 0.799675
vt 0.596328 0.832382
vt 0.596328 0.810026
vt 0.599699 0.810028
vt 0.031605 0.701970
vt 0.047902 0.701919
vt 0.047902 0.728804
vt 0.031603 0.728857
vt 0.616058 0.793658
vt 0.618636 0.820440
vt 0.616059 0.820442
vt 0.393835 0.682119
vt 0.410828 0.709041
vt 0.393835 0.709006
vt 0.410826 0.682156
vt 0.265063 0.795701
vt 0.267586 0.822505
vt 0.265064 0.822484
vt 0.599699 0.832384
vt 0.618640 0.793656
vt 0.356229 0.810279
vt 0.356229 0.832635
vt 0.352858 0.832633
vt 0.267590 0.795722
vt 0.352858 0.810277
vt 0.005830 0.702286
vt 0.019841 0.725856
vt 0.005830 0.725896
vt 0.349175 0.707716
vt 0.363803 0.707743
vt 0.363781 0.731363
vt 0.349175 0.731327
vt 0.019863 0.702237
vt 0.116130 0.836311
vt 0.116980 0.836283
vt 0.116973 0.861533
vt 0.116130 0.861526
vt 0.307774 0.830335
vt 0.308640 0.830300
vt 0.308634 0.855551
vt 0.307774 0.855551
vt 0.862592 0.157532
vt 0.863435 0.182754
vt 0.862592 0.182747
vt 0.863442 0.157504
vt 0.851566 0.813091
vt 0.852432 0.813056
vt 0.852426 0.838307
vt 0.851566 0.838307
vt 0.234709 0.830949
vt 0.235569 0.856165
vt 0.234709 0.856165
vt 0.471804 0.837741
vt 0.472654 0.837713
vt 0.472647 0.862963
vt 0.471804 0.862957
vt 0.235575 0.830914
vt 0.043732 0.923726
vt 0.045519 0.905958
vt 0.045529 0.923733
vt 0.718310 0.782683
vt 0.718299 0.758331
vt 0.723633 0.758319
vt 0.043743 0.905939
vt 0.818640 0.473401
vt 0.816887 0.477471
vt 0.816904 0.473401
vt 0.918301 0.040882
vt 0.916513 0.059416
vt 0.916503 0.040886
vt 0.918290 0.059426
vt 0.818664 0.477484
vt 0.601684 0.773883
vt 0.601695 0.798235
vt 0.596362 0.798247
vt 0.853374 0.960064
vt 0.851586 0.964051
vt 0.851638 0.960064
vt 0.723643 0.782671
vt 0.853363 0.964064
vt 0.596351 0.773895
vt 0.337825 0.832633
vt 0.337825 0.810277
vt 0.341196 0.810279
vt 0.250508 0.796779
vt 0.253035 0.796801
vt 0.253031 0.823583
vt 0.708433 0.436650
vt 0.724730 0.463484
vt 0.708430 0.463537
vt 0.341196 0.832635
vt 0.250508 0.823562
vt 0.393822 0.792519
vt 0.396403 0.792518
vt 0.396399 0.819302
vt 0.221814 0.687910
vt 0.238808 0.714832
vt 0.221814 0.714797
vt 0.238806 0.687947
vt 0.835416 0.107240
vt 0.835416 0.129596
vt 0.832046 0.129593
vt 0.393822 0.819303
vt 0.832046 0.107237
vt 0.724730 0.436599
vt 0.117344 0.703389
vt 0.131355 0.726960
vt 0.117344 0.727000
vt 0.131377 0.703340
vt 0.632003 0.714668
vt 0.646631 0.714696
vt 0.646609 0.738315
vt 0.632003 0.738279
vt 0.854734 0.267968
vt 0.855594 0.293184
vt 0.854734 0.293185
vt 0.855600 0.267933
vt 0.028917 0.836344
vt 0.029760 0.861566
vt 0.028917 0.861559
vt 0.029767 0.836316
vt 0.090960 0.836311
vt 0.091810 0.836283
vt 0.091803 0.861533
vt 0.852805 0.221145
vt 0.853671 0.221111
vt 0.853665 0.246361
vt 0.852805 0.246362
vt 0.090960 0.861526
vt 0.853581 0.490283
vt 0.854447 0.490248
vt 0.854441 0.515499
vt 0.509717 0.838263
vt 0.510567 0.838234
vt 0.510560 0.863485
vt 0.509717 0.863478
vt 0.853581 0.515499
vt 0.328148 0.774134
vt 0.322825 0.798498
vt 0.322815 0.774146
vt 0.328159 0.798486
vt 0.393831 0.923077
vt 0.393842 0.905290
vt 0.395618 0.905309
vt 0.651550 0.474315
vt 0.651574 0.478398
vt 0.649797 0.478386
vt 0.649814 0.474315
vt 0.918306 0.005856
vt 0.918295 0.024400
vt 0.916518 0.024390
vt 0.916508 0.005860
vt 0.735362 0.782683
vt 0.740685 0.758319
vt 0.740696 0.782671
vt 0.755974 0.959250
vt 0.754186 0.963237
vt 0.754238 0.959250
vt 0.395628 0.923083
vt 0.735352 0.758331
vt 0.755963 0.963250
vt 0.839702 0.290275
vt 0.839702 0.267926
vt 0.843072 0.267929
vt 0.707427 0.044678
vt 0.724108 0.044818
vt 0.724109 0.071709
vt 0.707427 0.071571
vt 0.509717 0.799631
vt 0.512182 0.826407
vt 0.509717 0.826415
vt 0.839904 0.769405
vt 0.836535 0.791752
vt 0.836535 0.769402
vt 0.732572 0.794511
vt 0.735146 0.794517
vt 0.735143 0.821301
vt 0.322807 0.669040
vt 0.339845 0.695923
vt 0.322805 0.695935
vt 0.339845 0.669031
vt 0.512186 0.799623
vt 0.839904 0.791754
vt 0.732573 0.821295
vt 0.843073 0.290278
vt 0.495401 0.718673
vt 0.509747 0.742442
vt 0.495402 0.742283
vt 0.509758 0.718789
vt 0.566162 0.705451
vt 0.580826 0.705438
vt 0.580814 0.729092
vt 0.566162 0.729062
vt 0.869003 0.375418
vt 0.869837 0.400631
vt 0.869003 0.400634
vt 0.869842 0.375382
vt 0.768618 0.834185
vt 0.769484 0.859404
vt 0.768618 0.859402
vt 0.769488 0.834154
vt 0.005830 0.846877
vt 0.006664 0.872091
vt 0.005830 0.872093
vt 0.754166 0.834187
vt 0.755036 0.834155
vt 0.755032 0.859405
vt 0.006669 0.846841
vt 0.754166 0.859403
vt 0.864068 0.676031
vt 0.864902 0.701245
vt 0.864068 0.701247
vt 0.864907 0.675995
vt 0.856289 0.428942
vt 0.857159 0.428911
vt 0.857155 0.454161
vt 0.856289 0.454159
vt 0.310452 0.904398
vt 0.308664 0.922602
vt 0.308655 0.904413
vt 0.310445 0.922598
vt 0.858187 0.412387
vt 0.858202 0.416467
vt 0.856421 0.416456
vt 0.798969 0.771467
vt 0.793632 0.795815
vt 0.793624 0.771477
vt 0.915797 0.508874
vt 0.917584 0.490298
vt 0.917593 0.508875
vt 0.915805 0.490285
vt 0.633766 0.961541
vt 0.633801 0.965459
vt 0.632021 0.965448
vt 0.798977 0.795805
vt 0.856451 0.412387
vt 0.794242 0.625369
vt 0.799578 0.601021
vt 0.799587 0.625359
vt 0.632030 0.961541
vt 0.794234 0.601031
vt 0.837774 0.243452
vt 0.837773 0.221103
vt 0.841143 0.221106
vt 0.707427 0.005882
vt 0.724108 0.006022
vt 0.724109 0.032913
vt 0.707427 0.032775
vt 0.473414 0.799110
vt 0.475879 0.825886
vt 0.473414 0.825893
vt 0.838703 0.157499
vt 0.835334 0.179844
vt 0.835333 0.157496
vt 0.653811 0.794503
vt 0.656386 0.794509
vt 0.656382 0.821293
vt 0.653811 0.821287
vt 0.838704 0.179847
vt 0.524124 0.679851
vt 0.541162 0.679841
vt 0.541162 0.706733
vt 0.841143 0.243455
vt 0.475884 0.799102
vt 0.524122 0.706745
vt 0.393822 0.720757
vt 0.408168 0.744526
vt 0.393822 0.744367
vt 0.408178 0.720873
vt 0.459219 0.705464
vt 0.473882 0.705452
vt 0.473871 0.729105
vt 0.459219 0.729075
vt 0.679010 0.833152
vt 0.679880 0.833121
vt 0.679876 0.858370
vt 0.679010 0.858369
vt 0.871904 0.107285
vt 0.872738 0.132499
vt 0.871904 0.132501
vt 0.872743 0.107250
vt 0.322791 0.844443
vt 0.323624 0.869657
vt 0.322791 0.869660
vt 0.441457 0.836179
vt 0.442327 0.836147
vt 0.442323 0.861397
vt 0.441457 0.861395
vt 0.323629 0.844408
vt 0.427153 0.831641
vt 0.428023 0.831610
vt 0.428019 0.856859
vt 0.863689 0.735328
vt 0.864528 0.735292
vt 0.864523 0.760542
vt 0.427153 0.856858
vt 0.863689 0.760544
vt 0.296977 0.904398
vt 0.295189 0.922602
vt 0.295180 0.904413
vt 0.296970 0.922598
vt 0.949006 0.141331
vt 0.949020 0.145410
vt 0.947240 0.145399
vt 0.799068 0.676009
vt 0.793731 0.700357
vt 0.793723 0.676019
vt 0.795904 0.245474
vt 0.801240 0.221126
vt 0.801249 0.245464
vt 0.915797 0.539248
vt 0.915805 0.520659
vt 0.917584 0.520672
vt 0.917593 0.539249
vt 0.947270 0.141331
vt 0.799076 0.700347
vt 0.795895 0.221136
vt 0.059948 0.960489
vt 0.059982 0.964407
vt 0.058202 0.964396
vt 0.058212 0.960489
vt 0.266950 0.591481
vt 0.285662 0.642490
vt 0.266955 0.642477
vt 0.028941 0.824519
vt 0.032038 0.799942
vt 0.032048 0.824508
vt 0.285670 0.591530
vt 0.735814 0.005927
vt 0.738194 0.005873
vt 0.738181 0.056834
vt 0.250510 0.687931
vt 0.252830 0.738856
vt 0.250508 0.738780
vt 0.444578 0.799772
vt 0.444588 0.824339
vt 0.441481 0.824350
vt 0.441472 0.799784
vt 0.735812 0.056777
vt 0.566197 0.597033
vt 0.584154 0.596984
vt 0.584144 0.647944
vt 0.566201 0.648029
vt 0.252842 0.687898
vt 0.028932 0.799953
vt 0.393822 0.622928
vt 0.409363 0.622871
vt 0.409346 0.670293
vt 0.393823 0.670337
vt 0.524108 0.620571
vt 0.540293 0.668021
vt 0.524109 0.667981
vt 0.540309 0.620599
vt 0.781203 0.676023
vt 0.781962 0.723475
vt 0.781203 0.723469
vt 0.781969 0.675995
vt 0.780897 0.157538
vt 0.781671 0.204986
vt 0.780897 0.204986
vt 0.781677 0.157504
vt 0.950648 0.601015
vt 0.951761 0.609957
vt 0.950639 0.609938
vt 0.281667 0.939419
vt 0.282801 0.948351
vt 0.281657 0.948342
vt 0.951764 0.601034
vt 0.282806 0.939428
vt 0.949975 0.194445
vt 0.951115 0.194454
vt 0.951110 0.203377
vt 0.950353 0.920639
vt 0.951468 0.920657
vt 0.951466 0.929580
vt 0.949964 0.203368
vt 0.950345 0.929561
vt 0.831466 0.428886
vt 0.829490 0.454706
vt 0.829465 0.428899
vt 0.831473 0.454723
vt 0.412895 0.909846
vt 0.412879 0.923599
vt 0.410896 0.923578
vt 0.061313 0.690189
vt 0.079262 0.656192
vt 0.079264 0.690188
vt 0.410880 0.909846
vt 0.061311 0.656193
vt 0.536363 0.846691
vt 0.536356 0.821908
vt 0.538340 0.821936
vt 0.049577 0.656192
vt 0.031628 0.690189
vt 0.031626 0.656194
vt 0.049578 0.690188
vt 0.913668 0.710001
vt 0.913629 0.723467
vt 0.911646 0.723460
vt 0.538364 0.846688
vt 0.911653 0.710015
vt 0.079236 0.927299
vt 0.076339 0.937939
vt 0.076336 0.927299
vt 0.079225 0.937937
vt 0.683895 0.312256
vt 0.683910 0.279453
vt 0.697801 0.279484
vt 0.697786 0.312287
vt 0.410902 0.825596
vt 0.410895 0.801670
vt 0.413781 0.801676
vt 0.610263 0.662899
vt 0.596356 0.695671
vt 0.596371 0.662869
vt 0.413804 0.825602
vt 0.610248 0.695702
vt 0.143548 0.800393
vt 0.140669 0.825347
vt 0.140646 0.800404
vt 0.939245 0.405318
vt 0.939202 0.415734
vt 0.936316 0.415754
vt 0.143555 0.825337
vt 0.936345 0.405335
vt 0.632003 0.781018
vt 0.636300 0.805760
vt 0.632003 0.805750
vt 0.636305 0.781027
vt 0.524108 0.785482
vt 0.527901 0.785480
vt 0.527895 0.810214
vt 0.295211 0.940003
vt 0.300124 0.934409
vt 0.300133 0.940010
vt 0.739714 0.656879
vt 0.734801 0.662474
vt 0.734792 0.656873
vt 0.205144 0.783894
vt 0.209271 0.783880
vt 0.209266 0.808613
vt 0.205144 0.808625
vt 0.524108 0.810216
vt 0.295202 0.934402
vt 0.566162 0.788941
vt 0.569875 0.788973
vt 0.569870 0.813705
vt 0.739723 0.662481
vt 0.566162 0.813674
vt 0.929264 0.539278
vt 0.933218 0.531927
vt 0.933218 0.539265
vt 0.698275 0.259887
vt 0.703858 0.259918
vt 0.703844 0.266601
vt 0.949937 0.157557
vt 0.953020 0.157505
vt 0.953006 0.164188
vt 0.698285 0.266626
vt 0.949938 0.164138
vt 0.929263 0.531940
vt 0.731495 0.581636
vt 0.736851 0.581638
vt 0.736836 0.588322
vt 0.752524 0.581646
vt 0.752524 0.588984
vt 0.748570 0.588998
vt 0.748569 0.581659
vt 0.949937 0.175996
vt 0.952958 0.175971
vt 0.952943 0.182654
vt 0.949938 0.182578
vt 0.731505 0.588375
vt 0.019930 0.475103
vt 0.005841 0.585408
vt 0.005830 0.475223
vt 0.886639 0.079975
vt 0.888519 0.079976
vt 0.888515 0.094054
vt 0.612933 0.319371
vt 0.610528 0.172003
vt 0.612942 0.171988
vt 0.610519 0.319386
vt 0.019918 0.585293
vt 0.886641 0.094049
vt 0.598778 0.319372
vt 0.596363 0.319387
vt 0.596372 0.172003
vt 0.508252 0.910737
vt 0.510052 0.924806
vt 0.508254 0.924811
vt 0.510057 0.910729
vt 0.566162 0.585278
vt 0.566174 0.472726
vt 0.580252 0.472738
vt 0.580263 0.585286
vt 0.598787 0.171988
vt 0.793604 0.914236
vt 0.795404 0.928305
vt 0.793607 0.928310
vt 0.795409 0.914228
vt 0.150198 0.294516
vt 0.164287 0.181976
vt 0.164298 0.294523
vt 0.598778 0.478485
vt 0.596372 0.331116
vt 0.598787 0.331101
vt 0.150210 0.181963
vt 0.604710 0.153241
vt 0.602296 0.153256
vt 0.602305 0.005872
vt 0.604719 0.005857
vt 0.250508 0.909493
vt 0.252388 0.909495
vt 0.252384 0.923572
vt 0.250510 0.923567
vt 0.596363 0.478500
vt 0.441833 0.474309
vt 0.441821 0.584499
vt 0.427745 0.584614
vt 0.427734 0.474428
vt 0.754544 0.414117
vt 0.761717 0.387046
vt 0.761726 0.414105
vt 0.737388 0.083421
vt 0.737346 0.104034
vt 0.729257 0.104025
vt 0.729292 0.083425
vt 0.871439 0.305909
vt 0.876945 0.305841
vt 0.876931 0.313930
vt 0.754535 0.387057
vt 0.005830 0.918929
vt 0.011223 0.918908
vt 0.011209 0.926997
vt 0.005831 0.926894
vt 0.750938 0.282466
vt 0.743765 0.309537
vt 0.743756 0.282477
vt 0.295243 0.774015
vt 0.295214 0.754243
vt 0.303303 0.754268
vt 0.871440 0.313874
vt 0.303339 0.774026
vt 0.750947 0.309526
vt 0.267488 0.942115
vt 0.265856 0.944006
vt 0.265922 0.940272
vt 0.933930 0.005954
vt 0.932887 0.010402
vt 0.929975 0.010418
vt 0.931109 0.005951
vt 0.842455 0.469436
vt 0.844553 0.473938
vt 0.841351 0.473951
vt 0.267518 0.941962
vt 0.838548 0.472207
vt 0.269175 0.940100
vt 0.839797 0.469477
vt 0.463166 0.910323
vt 0.465186 0.913046
vt 0.462169 0.914751
vt 0.267594 0.942038
vt 0.269109 0.943835
vt 0.459219 0.914783
vt 0.460329 0.910326
vt 0.185831 0.910245
vt 0.187962 0.914750
vt 0.184817 0.914772
vt 0.181957 0.913020
vt 0.183155 0.910284
vt 0.935925 0.008688
vt 0.181957 0.916482
vt 0.935929 0.012150
vt 0.184046 0.919212
vt 0.934833 0.014881
vt 0.932131 0.014921
vt 0.840670 0.478403
vt 0.843598 0.478408
vt 0.838548 0.475669
vt 0.465189 0.916509
vt 0.948992 0.532612
vt 0.947332 0.534478
vt 0.945739 0.532784
vt 0.947301 0.534631
vt 0.945672 0.536518
vt 0.464063 0.919252
vt 0.461364 0.919291
vt 0.948926 0.536347
vt 0.186954 0.919214
vt 0.947408 0.534555
vt 0.933865 0.325756
vt 0.932822 0.330204
vt 0.929911 0.330220
vt 0.931045 0.325753
vt 0.203350 0.945449
vt 0.201718 0.947340
vt 0.201784 0.943606
vt 0.203380 0.945296
vt 0.872811 0.080051
vt 0.871707 0.084566
vt 0.868903 0.082821
vt 0.205038 0.943434
vt 0.870152 0.080092
vt 0.203456 0.945372
vt 0.204971 0.947168
vt 0.480860 0.910323
vt 0.479863 0.914751
vt 0.476913 0.914783
vt 0.478023 0.910326
vt 0.094834 0.908852
vt 0.093820 0.913378
vt 0.090960 0.911627
vt 0.092158 0.908890
vt 0.935860 0.328489
vt 0.874909 0.084552
vt 0.868903 0.086283
vt 0.482880 0.913046
vt 0.482883 0.916508
vt 0.096964 0.913357
vt 0.935864 0.331951
vt 0.932067 0.334723
vt 0.093048 0.917819
vt 0.090960 0.915088
vt 0.934768 0.334683
vt 0.871025 0.089018
vt 0.479058 0.919291
vt 0.095957 0.917820
vt 0.873954 0.089022
vt 0.948081 0.125183
vt 0.949644 0.127031
vt 0.948015 0.128918
vt 0.481757 0.919252
vt 0.951268 0.128746
vt 0.949750 0.126955
vt 0.951334 0.125012
vt 0.949674 0.126878
vt 0.933865 0.346592
vt 0.932822 0.351040
vt 0.929911 0.351056
vt 0.931045 0.346589
vt 0.720700 0.940910
vt 0.719068 0.942802
vt 0.719134 0.939067
vt 0.854272 0.198679
vt 0.856370 0.203180
vt 0.853168 0.203194
vt 0.720730 0.940757
vt 0.850365 0.201449
vt 0.722388 0.938895
vt 0.851614 0.198720
vt 0.600274 0.911097
vt 0.602294 0.913821
vt 0.599277 0.915525
vt 0.720806 0.940834
vt 0.722322 0.942630
vt 0.596327 0.915557
vt 0.597438 0.911100
vt 0.112566 0.908852
vt 0.114696 0.913357
vt 0.111551 0.913378
vt 0.602297 0.917282
vt 0.850365 0.204911
vt 0.108692 0.911627
vt 0.109889 0.908890
vt 0.935860 0.349325
vt 0.935864 0.352787
vt 0.108692 0.915088
vt 0.932067 0.355559
vt 0.852487 0.207646
vt 0.855415 0.207650
vt 0.601171 0.920025
vt 0.598472 0.920065
vt 0.110780 0.917819
vt 0.934768 0.355519
vt 0.632862 0.945394
vt 0.634455 0.947089
vt 0.634425 0.947241
vt 0.636115 0.945222
vt 0.632796 0.949129
vt 0.636049 0.948957
vt 0.113689 0.917820
vt 0.634531 0.947165
vt 0.933924 0.040980
vt 0.932882 0.045428
vt 0.929970 0.045444
vt 0.931104 0.040977
vt 0.669912 0.940902
vt 0.668281 0.942793
vt 0.668347 0.939059
vt 0.935920 0.043714
vt 0.877339 0.713482
vt 0.879437 0.717983
vt 0.876235 0.717997
vt 0.873432 0.716252
vt 0.873432 0.719714
vt 0.669943 0.940749
vt 0.671600 0.938887
vt 0.874681 0.713523
vt 0.922548 0.405444
vt 0.924568 0.408167
vt 0.921552 0.409872
vt 0.924571 0.411629
vt 0.670019 0.940826
vt 0.671534 0.942622
vt 0.918602 0.409904
vt 0.919712 0.405447
vt 0.027134 0.908884
vt 0.029264 0.913390
vt 0.026120 0.913411
vt 0.023260 0.911659
vt 0.024458 0.908923
vt 0.935924 0.047176
vt 0.023260 0.915121
vt 0.932126 0.049947
vt 0.875554 0.722449
vt 0.878482 0.722453
vt 0.923445 0.414373
vt 0.920747 0.414412
vt 0.934827 0.049907
vt 0.025348 0.917851
vt 0.855678 0.943744
vt 0.854018 0.945611
vt 0.852425 0.943916
vt 0.853988 0.945764
vt 0.852359 0.947651
vt 0.855612 0.947479
vt 0.854094 0.945687
vt 0.028257 0.917853
vt 0.903876 0.944171
vt 0.902245 0.946062
vt 0.902310 0.942328
vt 0.932441 0.221174
vt 0.931398 0.225622
vt 0.928486 0.225638
vt 0.929620 0.221171
vt 0.903906 0.944018
vt 0.905564 0.942156
vt 0.859604 0.713482
vt 0.855697 0.716252
vt 0.856945 0.713523
vt 0.326737 0.916565
vt 0.328757 0.919289
vt 0.325741 0.920994
vt 0.905498 0.945890
vt 0.379390 0.908944
vt 0.375516 0.911719
vt 0.376713 0.908983
vt 0.378375 0.913471
vt 0.903982 0.944094
vt 0.934436 0.223907
vt 0.861702 0.717983
vt 0.858500 0.717997
vt 0.855697 0.719714
vt 0.328761 0.922750
vt 0.322791 0.921026
vt 0.323901 0.916569
vt 0.381520 0.913450
vt 0.934440 0.227369
vt 0.375516 0.915181
vt 0.933344 0.230101
vt 0.930642 0.230141
vt 0.377604 0.917911
vt 0.857818 0.722449
vt 0.327635 0.925494
vt 0.324936 0.925534
vt 0.870119 0.943916
vt 0.871682 0.945764
vt 0.870053 0.947651
vt 0.860747 0.722453
vt 0.873306 0.947479
vt 0.380513 0.917913
vt 0.873372 0.943745
vt 0.871788 0.945687
vt 0.871712 0.945611
vt 0.792997 0.942745
vt 0.791366 0.944636
vt 0.791432 0.940902
vt 0.932441 0.242010
vt 0.928486 0.246474
vt 0.929620 0.242007
vt 0.877926 0.469436
vt 0.880024 0.473938
vt 0.876822 0.473951
vt 0.793028 0.942592
vt 0.874019 0.472207
vt 0.794685 0.940730
vt 0.875267 0.469477
vt 0.905398 0.920694
vt 0.907418 0.923417
vt 0.904402 0.925122
vt 0.793104 0.942668
vt 0.794619 0.944464
vt 0.901452 0.925154
vt 0.902562 0.920697
vt 0.702799 0.909091
vt 0.704929 0.913596
vt 0.701785 0.913617
vt 0.934436 0.244743
vt 0.931398 0.246458
vt 0.698925 0.911866
vt 0.700123 0.909130
vt 0.698925 0.915327
vt 0.934440 0.248205
vt 0.876140 0.478403
vt 0.874018 0.475669
vt 0.907422 0.926880
vt 0.879069 0.478408
vt 0.930642 0.250977
vt 0.059043 0.944341
vt 0.060606 0.946189
vt 0.058977 0.948076
vt 0.906295 0.929623
vt 0.903597 0.929662
vt 0.701013 0.918058
vt 0.703922 0.918059
vt 0.062297 0.944170
vt 0.060713 0.946113
vt 0.060637 0.946036
vt 0.062231 0.947904
vt 0.933344 0.250937
vt 0.061318 0.764490
vt 0.068491 0.737420
vt 0.068500 0.764480
vt 0.583534 0.298100
vt 0.583492 0.318713
vt 0.575404 0.318703
vt 0.854230 0.305909
vt 0.859735 0.305840
vt 0.859722 0.313930
vt 0.575438 0.298104
vt 0.013046 0.737693
vt 0.013055 0.764753
vt 0.005873 0.764764
vt 0.358179 0.916496
vt 0.363558 0.924564
vt 0.358180 0.924461
vt 0.005864 0.737704
vt 0.854230 0.313874
vt 0.524179 0.773808
vt 0.532238 0.754061
vt 0.532274 0.773819
vt 0.524150 0.754036
vt 0.363572 0.916475
vt 0.061309 0.737431
vt 0.932966 0.551401
vt 0.931924 0.555850
vt 0.929012 0.555866
vt 0.921570 0.944171
vt 0.919939 0.946062
vt 0.920005 0.942328
vt 0.930146 0.551399
vt 0.923092 0.920694
vt 0.919146 0.925154
vt 0.920256 0.920697
vt 0.921600 0.944018
vt 0.923258 0.942156
vt 0.921677 0.944094
vt 0.922096 0.925122
vt 0.923192 0.945890
vt 0.896213 0.528342
vt 0.898343 0.532848
vt 0.895199 0.532869
vt 0.892339 0.531117
vt 0.893537 0.528381
vt 0.934962 0.554136
vt 0.934966 0.557597
vt 0.892339 0.534579
vt 0.878511 0.528344
vt 0.880609 0.532845
vt 0.877407 0.532859
vt 0.874604 0.531114
vt 0.875852 0.528385
vt 0.925112 0.923417
vt 0.874604 0.534576
vt 0.925116 0.926880
vt 0.931168 0.560369
vt 0.876725 0.537311
vt 0.921291 0.929662
vt 0.923990 0.929623
vt 0.897336 0.537311
vt 0.894427 0.537309
vt 0.933869 0.560329
vt 0.951069 0.508052
vt 0.949393 0.509878
vt 0.947800 0.508183
vt 0.949363 0.510031
vt 0.879654 0.537315
vt 0.947718 0.511877
vt 0.950987 0.511746
vt 0.949469 0.509954
vt 0.635958 0.923757
vt 0.634915 0.928205
vt 0.632003 0.928221
vt 0.737265 0.940910
vt 0.735634 0.942802
vt 0.735700 0.939067
vt 0.633137 0.923754
vt 0.895075 0.713482
vt 0.897173 0.717983
vt 0.893970 0.717997
vt 0.204872 0.921972
vt 0.206892 0.924695
vt 0.203875 0.926400
vt 0.891167 0.716252
vt 0.892416 0.713523
vt 0.737295 0.940757
vt 0.738953 0.938895
vt 0.738887 0.942630
vt 0.737372 0.940834
vt 0.138844 0.909702
vt 0.137829 0.914229
vt 0.134970 0.912477
vt 0.136167 0.909741
vt 0.891167 0.719714
vt 0.206895 0.928158
vt 0.200925 0.926432
vt 0.202036 0.921975
vt 0.140974 0.914208
vt 0.637953 0.926491
vt 0.637957 0.929953
vt 0.134970 0.915939
vt 0.634159 0.932724
vt 0.636861 0.932684
vt 0.137058 0.918669
vt 0.203070 0.930940
vt 0.937699 0.946310
vt 0.939261 0.948157
vt 0.937617 0.950004
vt 0.896217 0.722453
vt 0.893289 0.722449
vt 0.940886 0.949873
vt 0.205769 0.930901
vt 0.139967 0.918671
vt 0.939368 0.948081
vt 0.940968 0.946179
vt 0.939292 0.948004
vt 0.344432 0.916565
vt 0.340485 0.921026
vt 0.341595 0.916569
vt 0.008285 0.941313
vt 0.009942 0.939451
vt 0.008361 0.941390
vt 0.343435 0.920994
vt 0.009876 0.943186
vt 0.907445 0.198677
vt 0.909575 0.203183
vt 0.906430 0.203204
vt 0.932966 0.572238
vt 0.934962 0.574972
vt 0.931924 0.576686
vt 0.929012 0.576702
vt 0.930146 0.572235
vt 0.889743 0.198679
vt 0.891841 0.203180
vt 0.888639 0.203194
vt 0.008254 0.941466
vt 0.006623 0.943358
vt 0.006689 0.939623
vt 0.885836 0.201449
vt 0.885835 0.204911
vt 0.887084 0.198720
vt 0.346452 0.919289
vt 0.903571 0.201452
vt 0.904768 0.198716
vt 0.934966 0.578434
vt 0.931168 0.581205
vt 0.890886 0.207650
vt 0.887957 0.207646
vt 0.346455 0.922751
vt 0.342630 0.925534
vt 0.345329 0.925494
vt 0.908568 0.207646
vt 0.905659 0.207644
vt 0.903571 0.204914
vt 0.947800 0.491111
vt 0.949393 0.492806
vt 0.949363 0.492959
vt 0.933869 0.581165
vt 0.951069 0.490980
vt 0.947734 0.494846
vt 0.950987 0.494674
vt 0.949469 0.492883
vt 0.933216 0.490310
vt 0.935212 0.493044
vt 0.932174 0.494759
vt 0.493487 0.941819
vt 0.495109 0.943539
vt 0.491856 0.943710
vt 0.908620 0.302982
vt 0.904746 0.305757
vt 0.905944 0.303021
vt 0.491922 0.939976
vt 0.929262 0.494775
vt 0.930396 0.490308
vt 0.493518 0.941666
vt 0.495175 0.939804
vt 0.872008 0.198679
vt 0.870903 0.203194
vt 0.868100 0.201450
vt 0.869349 0.198720
vt 0.855513 0.922282
vt 0.857533 0.925005
vt 0.854516 0.926711
vt 0.910751 0.307487
vt 0.907606 0.307509
vt 0.493594 0.941743
vt 0.851566 0.926742
vt 0.852676 0.922286
vt 0.874106 0.203180
vt 0.868100 0.204911
vt 0.857536 0.928468
vt 0.870222 0.207646
vt 0.853711 0.931251
vt 0.856410 0.931211
vt 0.909743 0.311951
vt 0.906834 0.311949
vt 0.904746 0.309219
vt 0.935216 0.496506
vt 0.931418 0.499278
vt 0.934119 0.499238
vt 0.948081 0.108112
vt 0.949644 0.109959
vt 0.947999 0.111805
vt 0.873151 0.207650
vt 0.951268 0.111674
vt 0.949750 0.109883
vt 0.951350 0.107981
vt 0.949674 0.109806
vt 0.933216 0.511147
vt 0.932174 0.515595
vt 0.929262 0.515611
vt 0.771043 0.941936
vt 0.769411 0.943828
vt 0.769477 0.940093
vt 0.930396 0.511144
vt 0.860190 0.469436
vt 0.862288 0.473937
vt 0.859086 0.473951
vt 0.771073 0.941783
vt 0.856283 0.472207
vt 0.857532 0.469477
vt 0.772730 0.939921
vt 0.771149 0.941860
vt 0.926425 0.303024
vt 0.925428 0.307453
vt 0.922478 0.307485
vt 0.772665 0.943656
vt 0.923588 0.303028
vt 0.895627 0.469435
vt 0.897758 0.473940
vt 0.894613 0.473961
vt 0.935212 0.513881
vt 0.856283 0.475669
vt 0.928444 0.305748
vt 0.891754 0.472210
vt 0.892951 0.469473
vt 0.935216 0.517343
vt 0.891754 0.475671
vt 0.861334 0.478408
vt 0.858405 0.478403
vt 0.931418 0.520114
vt 0.928448 0.309210
vt 0.924623 0.311993
vt 0.927321 0.311953
vt 0.896751 0.478403
vt 0.893842 0.478402
vt 0.934119 0.520074
vt 0.947813 0.268797
vt 0.949406 0.270492
vt 0.949376 0.270644
vt 0.951082 0.268666
vt 0.951000 0.272360
vt 0.949482 0.270568
vt 0.947731 0.272491
vt 0.933230 0.267997
vt 0.935225 0.270730
vt 0.932187 0.272444
vt 0.940358 0.718807
vt 0.941980 0.720527
vt 0.938726 0.720699
vt 0.445331 0.908716
vt 0.441457 0.911491
vt 0.442655 0.908755
vt 0.940388 0.718654
vt 0.938792 0.716964
vt 0.942062 0.716833
vt 0.860776 0.528344
vt 0.856868 0.531114
vt 0.858117 0.528385
vt 0.873207 0.922282
vt 0.875227 0.925005
vt 0.872210 0.926711
vt 0.447461 0.913221
vt 0.444317 0.913243
vt 0.940464 0.718731
vt 0.869260 0.926742
vt 0.870371 0.922286
vt 0.929275 0.272460
vt 0.930409 0.267993
vt 0.862873 0.532845
vt 0.859671 0.532859
vt 0.856868 0.534576
vt 0.935229 0.274192
vt 0.931431 0.276964
vt 0.861919 0.537315
vt 0.858990 0.537311
vt 0.875230 0.928468
vt 0.871405 0.931251
vt 0.874104 0.931211
vt 0.446454 0.917684
vt 0.443545 0.917683
vt 0.441457 0.914953
vt 0.934132 0.276924
vt 0.951718 0.326425
vt 0.950042 0.328251
vt 0.948448 0.326556
vt 0.950011 0.328403
vt 0.948382 0.330290
vt 0.951636 0.330119
vt 0.950118 0.328327
vt 0.708583 0.476481
vt 0.709297 0.475323
vt 0.710028 0.476562
vt 0.672004 0.302981
vt 0.670885 0.172057
vt 0.671920 0.171988
vt 0.670865 0.303032
vt 0.656558 0.136855
vt 0.655534 0.136855
vt 0.655608 0.005926
vt 0.656558 0.005926
vt 0.673972 0.462131
vt 0.672862 0.331119
vt 0.673981 0.331169
vt 0.737396 0.069162
vt 0.736684 0.070370
vt 0.735981 0.069155
vt 0.673003 0.462153
vt 0.659149 0.302986
vt 0.658198 0.172056
vt 0.659149 0.172056
vt 0.658124 0.302986
vt 0.669413 0.136850
vt 0.668294 0.005927
vt 0.669329 0.005857
vt 0.722093 0.476480
vt 0.722755 0.475302
vt 0.723538 0.476562
vt 0.679643 0.621244
vt 0.678533 0.490233
vt 0.679652 0.490283
vt 0.678674 0.621267
vt 0.724593 0.423639
vt 0.723912 0.424815
vt 0.723154 0.423622
vt 0.668274 0.136901
vt 0.841924 0.074143
vt 0.839285 0.092141
vt 0.839275 0.074155
vt 0.005868 0.597116
vt 0.019573 0.637897
vt 0.005875 0.637896
vt 0.841934 0.092129
vt 0.427736 0.740495
vt 0.429768 0.740445
vt 0.429756 0.781191
vt 0.427734 0.781137
vt 0.005867 0.649680
vt 0.019022 0.649644
vt 0.019012 0.690390
vt 0.005873 0.690461
vt 0.043725 0.740650
vt 0.045717 0.740617
vt 0.045705 0.781361
vt 0.596350 0.899235
vt 0.596341 0.881249
vt 0.598990 0.881237
vt 0.043723 0.781290
vt 0.019582 0.597151
vt 0.599000 0.899223
vt 0.888656 0.313697
vt 0.892418 0.305853
vt 0.892420 0.313707
vt 0.578654 0.153878
vt 0.584605 0.153884
vt 0.584602 0.165085
vt 0.793703 0.712210
vt 0.796615 0.712206
vt 0.796602 0.723322
vt 0.578659 0.165084
vt 0.839460 0.528348
vt 0.845166 0.539526
vt 0.839465 0.539555
vt 0.845169 0.528324
vt 0.793705 0.723324
vt 0.645475 0.311317
vt 0.641713 0.319161
vt 0.641711 0.311307
vt 0.799815 0.465100
vt 0.802666 0.465122
vt 0.802653 0.476238
vt 0.888654 0.305843
vt 0.799815 0.476214
vt 0.645477 0.319171
vt 0.410734 0.149100
vt 0.425282 0.163785
vt 0.410739 0.163783
vt 0.425291 0.149155
vt 0.559165 0.153918
vt 0.566917 0.153862
vt 0.566909 0.168493
vt 0.632057 0.769287
vt 0.642146 0.750148
vt 0.642146 0.769279
vt 0.761372 0.125603
vt 0.768964 0.125615
vt 0.768955 0.140245
vt 0.761372 0.140130
vt 0.494512 0.153930
vt 0.508493 0.168493
vt 0.494512 0.168512
vt 0.606470 0.742945
vt 0.606470 0.762075
vt 0.596381 0.762084
vt 0.596375 0.742950
vt 0.559166 0.168446
vt 0.508501 0.153862
vt 0.632050 0.750153
vt 0.693000 0.663027
vt 0.691280 0.660033
vt 0.691735 0.656418
vt 0.695016 0.654296
vt 0.698283 0.657366
vt 0.698727 0.661158
vt 0.696979 0.663730
vt 0.632095 0.477821
vt 0.630310 0.475336
vt 0.630787 0.471584
vt 0.634190 0.468544
vt 0.637601 0.470609
vt 0.638062 0.474271
vt 0.636237 0.477353
vt 0.394121 0.956463
vt 0.394293 0.963659
vt 0.393886 0.963641
vt 0.964606 0.324089
vt 0.964423 0.330986
vt 0.964230 0.324089
vt 0.154237 0.958665
vt 0.154054 0.965562
vt 0.153861 0.958665
vt 0.250807 0.956939
vt 0.250979 0.964134
vt 0.250572 0.964116
vt 0.582004 0.958652
vt 0.581822 0.965549
vt 0.581628 0.958652
vt 0.964169 0.663683
vt 0.964341 0.670879
vt 0.963934 0.670861
vt 0.427640 0.956943
vt 0.427421 0.964130
vt 0.427264 0.956943
vt 0.964427 0.756418
vt 0.964637 0.763323
vt 0.964229 0.763306
vt 0.790872 0.957050
vt 0.791044 0.964245
vt 0.790637 0.964227
vt 0.323241 0.958772
vt 0.323059 0.965669
vt 0.322865 0.958772
vt 0.265551 0.956420
vt 0.265331 0.963606
vt 0.265174 0.956420
vt 0.684316 0.957874
vt 0.684525 0.964779
vt 0.684118 0.964762
vt 0.950640 0.683594
vt 0.952121 0.691603
vt 0.950646 0.691606
vt 0.952121 0.683588
vt 0.950727 0.885627
vt 0.952148 0.885613
vt 0.952146 0.893629
vt 0.950732 0.893639
vt 0.939728 0.651932
vt 0.937953 0.638956
vt 0.939717 0.638944
vt 0.780897 0.144281
vt 0.782245 0.144213
vt 0.782229 0.145753
vt 0.395390 0.934769
vt 0.395381 0.944698
vt 0.393841 0.944682
vt 0.780897 0.145691
vt 0.938257 0.195327
vt 0.936494 0.195339
vt 0.936482 0.182351
vt 0.938246 0.182339
vt 0.393830 0.934769
vt 0.337627 0.937275
vt 0.337598 0.946996
vt 0.336058 0.946990
vt 0.781203 0.662778
vt 0.782486 0.664244
vt 0.781203 0.664188
vt 0.782502 0.662704
vt 0.937965 0.651944
vt 0.336067 0.937286
vt 0.797141 0.361878
vt 0.798473 0.363351
vt 0.797141 0.363289
vt 0.798489 0.361811
vt 0.222310 0.933397
vt 0.222301 0.943326
vt 0.220761 0.943310
vt 0.538130 0.938904
vt 0.536355 0.925928
vt 0.538118 0.925916
vt 0.935542 0.120254
vt 0.933767 0.107278
vt 0.935531 0.107266
vt 0.933779 0.120266
vt 0.220751 0.933397
vt 0.839438 0.585489
vt 0.840720 0.586956
vt 0.839438 0.586900
vt 0.840736 0.585416
vt 0.324379 0.937275
vt 0.324350 0.946997
vt 0.322810 0.946991
vt 0.536367 0.938916
vt 0.322819 0.937286
vt 0.017610 0.993977
vt 0.190029 0.632396
vt 0.201880 0.536463
vt 0.005830 0.994170
vt 0.138458 0.182151
vt 0.005940 0.319261
vt 0.944532 0.982112
vt 0.944520 0.982175
vt 0.944290 0.982160
vt 0.159538 0.656025
vt 0.566320 0.942705
vt 0.566225 0.942797
vt 0.566243 0.942580
vt 0.567220 0.942524
vt 0.567268 0.942776
vt 0.567184 0.942796
vt 0.983821 0.981101
vt 0.983655 0.981101
vt 0.983636 0.980902
vt 0.512162 0.667855
vt 0.691312 0.490187
vt 0.134908 0.315766
vt 0.483483 0.782227
vt 0.811815 0.710387
vt 0.785003 0.325632
vt 0.134970 0.930593
vt 0.686493 0.171962
vt 0.539585 0.808221
vt 0.539714 0.793742
vt 0.202070 0.630360
vt 0.190028 0.536488
vt 0.810819 0.710763
vt 0.326519 0.185684
vt 0.009556 0.185588
vt 0.670617 0.318753
vt 0.078343 0.811174
vt 0.984147 0.031201
vt 0.984109 0.018536
vt 0.827020 0.537558
vt 0.128825 0.844483
vt 0.604473 0.490248
vt 0.159403 0.608537
vt 0.159856 0.608840
vt 0.801885 0.526207
vt 0.801802 0.526335
vt 0.566765 0.942495
vt 0.685738 0.424885
vt 0.584572 0.331075
vt 0.616436 0.105089
vt 0.695753 0.100875
vt 0.459999 0.943399
vt 0.459593 0.943432
vt 0.459517 0.931068
vt 0.135384 0.943269
vt 0.307500 0.315784
vt 0.190124 0.536596
vt 0.182053 0.185607
vt 0.201974 0.630255
vt 0.839701 0.310158
vt 0.839701 0.302087
vt 0.610483 0.431226
vt 0.610483 0.331143
vt 0.610483 0.331208
vt 0.610579 0.331073
vt 0.618554 0.431335
vt 0.610598 0.431310
vt 0.686667 0.938249
vt 0.686584 0.938135
vt 0.127214 0.475103
vt 0.119162 0.579630
vt 0.413512 0.935349
vt 0.624581 0.102314
vt 0.127328 0.579477
vt 0.127233 0.579612
vt 0.159500 0.608840
vt 0.956860 0.981069
vt 0.983934 0.005830
vt 0.983636 0.032069
vt 0.983636 0.031331
vt 0.984030 0.031154
vt 0.969103 0.981165
vt 0.512448 0.620861
vt 0.983879 0.454813
vt 0.983896 0.455346
vt 0.983680 0.455388
vt 0.983686 0.455451
vt 0.983636 0.455265
vt 0.785055 0.372919
vt 0.969218 0.981070
s 1
usemtl residential_014_baked
f 103/1/1 105/2/1 106/3/1
f 108/4/2 110/5/2 107/6/2
f 111/7/3 113/8/3 114/9/3
f 120/10/4 122/11/5 123/12/6
f 125/13/7 127/14/7 124/15/7
f 130/16/8 132/17/8 133/18/8
f 137/19/9 139/20/9 140/21/9
f 142/22/10 144/23/10 141/24/10
f 148/25/11 150/26/11 151/27/11
f 153/28/12 155/29/12 152/30/12
f 488/31/13 489/32/13 485/33/13
f 496/34/14 497/35/14 495/36/14
f 503/37/15 505/38/15 506/39/15
f 655/40/16 651/41/16 656/42/16
f 663/43/17 664/44/17 665/45/17
f 669/46/18 670/47/19 671/46/20
f 482/48/21 480/49/22 481/50/23
f 484/51/24 490/52/25 473/53/26
f 106/54/27 114/55/27 103/56/27
f 99/57/28 101/58/29 102/59/30
f 129/60/31 120/10/31 123/12/31
f 130/16/32 115/61/32 118/62/32
f 155/29/33 119/63/34 152/30/35
f 151/27/36 104/64/36 148/25/36
f 144/23/37 134/65/38 141/24/39
f 117/66/40 146/67/40 147/68/40
f 144/23/41 121/69/42 120/10/43
f 162/70/44 130/16/44 159/71/44
f 155/29/45 138/72/46 137/19/47
f 487/73/48 470/74/48 488/75/48
f 499/76/49 479/77/49 495/78/49
f 663/79/50 643/80/50 642/81/50
f 644/82/51 650/83/51 645/84/51
f 660/85/52 644/86/52 648/87/52
f 673/88/53 667/89/53 672/90/53
f 98/91/54 105/92/54 97/93/55
f 129/94/56 111/95/56 128/96/56
f 478/97/57 477/98/58 479/77/59
f 481/50/60 497/99/60 496/100/60
f 502/101/61 487/102/61 486/103/61
f 497/104/62 500/105/63 498/106/64
f 641/107/65 645/108/66 640/109/67
f 658/110/68 652/111/69 659/112/70
f 132/17/71 124/113/71 133/18/71
f 139/20/72 136/114/72 140/21/72
f 151/27/32 162/115/32 161/116/32
f 115/117/73 148/25/73 116/118/73
f 160/119/74 157/120/74 158/121/74
f 470/74/75 469/122/76 471/123/77
f 482/124/21 502/101/78 480/125/22
f 468/126/79 476/127/80 467/128/81
f 473/129/26 491/130/82 474/131/83
f 643/132/84 649/133/85 642/134/86
f 671/135/87 657/136/88 668/137/89
f 669/138/90 675/139/91 670/140/92
f 101/141/93 125/142/93 102/143/94
f 152/30/95 122/11/95 153/28/95
f 135/144/96 110/145/96 136/146/96
f 474/147/97 495/36/97 475/148/97
f 491/130/82 490/149/25 489/150/98
f 657/136/99 665/151/99 664/152/99
f 646/153/100 668/154/100 647/155/100
f 665/156/101 676/157/101 666/158/101
f 118/159/102 113/160/102 112/161/102
f 131/162/103 156/163/104 132/17/105
f 471/123/106 476/164/106 475/165/106
f 504/166/107 501/167/108 498/168/109
f 677/169/110 661/170/111 674/171/112
f 672/90/113 671/172/114 670/173/115
f 142/22/116 137/19/116 140/21/116
f 664/174/117 651/175/118 655/176/119
f 667/177/120 677/178/120 674/179/120
f 126/180/121 109/181/121 127/182/121
f 161/116/122 108/183/122 107/184/122
f 149/185/123 145/186/124 150/26/125
f 78/187/126 73/188/127 79/189/128
f 79/190/128 73/191/127 75/192/129
f 78/187/126 76/193/130 73/188/127
f 76/194/130 75/195/129 73/196/127
f 77/197/131 74/198/132 76/199/130
f 74/200/132 77/201/131 80/202/133
f 76/194/130 74/203/132 75/195/129
f 74/200/132 80/202/133 75/204/129
f 79/190/128 75/192/129 80/205/133
f 77/197/131 76/199/130 78/206/126
f 77/207/131 79/208/128 80/209/133
f 77/207/131 78/210/126 79/208/128
f 88/211/134 81/212/135 82/213/136
f 83/214/137 85/215/138 81/216/135
f 83/214/137 81/216/135 88/217/134
f 85/218/138 82/219/136 81/220/135
f 86/221/139 84/222/140 82/223/136
f 88/211/134 82/213/136 84/224/140
f 85/218/138 86/225/139 82/219/136
f 87/226/141 85/227/138 83/228/137
f 87/229/141 83/230/137 88/231/134
f 86/221/139 87/232/141 84/222/140
f 87/229/141 88/231/134 84/233/140
f 87/226/141 86/234/139 85/227/138
f 95/235/142 96/236/143 89/237/144
f 91/238/145 90/239/146 89/240/144
f 91/238/145 89/240/144 96/241/143
f 90/242/146 95/243/142 89/244/144
f 90/245/146 93/246/147 94/247/148
f 90/245/146 91/248/145 93/246/147
f 90/242/146 94/249/148 95/243/142
f 93/250/147 91/251/145 96/252/143
f 94/253/148 92/254/149 95/255/142
f 95/235/142 92/256/149 96/236/143
f 94/253/148 93/257/147 92/254/149
f 93/250/147 96/252/143 92/258/149
f 102/59/150 97/259/151 99/57/152
f 99/260/152 97/261/151 106/262/153
f 98/263/154 108/264/155 105/265/156
f 102/59/150 100/266/157 97/259/151
f 98/263/154 100/267/158 108/264/155
f 101/268/29 99/269/28 113/270/159
f 99/260/152 106/262/153 114/271/160
f 100/272/157 126/273/161 109/274/162
f 100/272/157 102/275/150 126/273/161
f 101/268/29 113/270/159 125/276/163
f 105/277/32 161/116/32 108/183/32
f 105/277/164 107/184/164 110/278/164
f 105/277/32 151/27/32 161/116/32
f 135/279/165 134/280/38 103/281/166
f 134/282/167 148/283/167 104/284/167
f 139/285/168 136/286/168 107/287/168
f 111/288/32 110/278/32 125/289/32
f 139/285/168 107/287/168 160/290/168
f 120/291/169 128/292/169 112/293/169
f 118/159/32 113/160/32 125/289/32
f 123/294/170 120/291/170 112/293/170
f 118/159/32 125/289/32 133/295/32
f 115/296/32 148/297/32 151/298/32
f 122/299/163 146/300/163 117/301/163
f 153/302/171 133/303/171 132/304/171
f 147/305/172 149/185/172 116/118/172
f 152/30/35 119/63/34 129/60/173
f 129/306/173 119/307/34 127/308/174
f 119/309/175 132/310/176 124/311/177
f 152/30/35 129/60/173 123/12/31
f 122/299/5 121/312/178 146/300/179
f 131/162/180 159/71/180 158/313/180
f 154/314/181 153/302/181 132/304/181
f 155/315/182 130/316/182 132/317/182
f 131/162/103 158/313/183 156/163/104
f 154/314/184 132/304/185 156/318/104
f 135/319/165 141/24/39 134/65/38
f 134/282/186 142/320/187 150/321/188
f 135/319/189 140/21/189 141/24/189
f 139/322/156 157/323/156 160/324/156
f 139/322/190 138/325/191 157/323/192
f 121/326/42 145/327/124 147/328/193
f 121/326/42 143/329/194 145/327/124
f 143/330/195 142/331/195 150/332/195
f 142/331/156 162/324/156 150/332/156
f 143/330/194 150/332/196 145/333/124
f 147/305/193 145/186/124 149/185/123
f 138/334/46 156/335/104 158/336/183
f 138/334/46 154/337/184 156/335/104
f 170/338/197 163/339/198 164/340/199
f 170/338/197 166/341/200 163/339/198
f 164/342/201 163/343/201 165/344/202
f 163/345/198 166/346/200 169/347/203
f 163/345/198 169/347/203 165/348/204
f 164/342/201 165/344/202 168/349/202
f 170/350/197 164/351/199 168/352/205
f 168/353/205 165/354/204 169/355/203
f 166/356/206 167/357/207 169/358/207
f 166/356/206 170/359/206 167/357/207
f 170/350/197 168/352/205 167/360/208
f 168/353/205 169/355/203 167/361/208
f 176/362/209 171/363/210 172/364/211
f 171/365/210 178/366/212 172/367/211
f 171/365/210 175/368/213 178/366/212
f 175/369/213 171/370/210 176/371/209
f 176/362/209 172/364/211 174/372/214
f 173/373/215 174/374/214 172/375/211
f 173/373/215 172/375/211 178/376/212
f 175/377/213 177/378/216 173/379/215
f 177/380/216 174/381/214 173/382/215
f 175/377/213 173/379/215 178/383/212
f 177/380/216 176/384/209 174/381/214
f 175/369/213 176/371/209 177/385/216
f 179/386/217 180/387/218 182/388/219
f 179/386/217 182/388/219 181/389/220
f 180/390/218 179/391/217 181/392/220
f 180/390/218 181/392/220 182/393/219
f 183/394/221 185/395/222 186/396/223
f 183/394/221 184/397/224 185/395/222
f 184/398/224 186/399/223 185/400/222
f 184/398/224 183/401/221 186/399/223
f 187/402/225 188/403/226 189/404/227
f 187/402/225 189/404/227 190/405/223
f 188/406/226 187/407/225 190/408/223
f 188/406/226 190/408/223 189/409/227
f 193/410/226 191/411/225 192/412/223
f 191/413/225 194/414/227 192/415/223
f 191/413/225 193/416/226 194/414/227
f 193/410/226 192/412/223 194/417/227
f 195/418/228 200/419/229 196/420/230
f 195/418/228 198/421/231 200/419/229
f 199/422/232 195/423/228 196/424/230
f 199/425/233 198/426/234 195/427/233
f 196/428/235 201/429/236 202/430/235
f 196/428/235 200/431/236 201/429/236
f 199/422/232 196/424/230 202/432/237
f 199/425/233 197/433/234 198/426/234
f 197/434/238 199/435/232 202/436/237
f 198/437/231 197/438/238 201/439/239
f 197/434/238 202/436/237 201/440/239
f 198/437/231 201/439/239 200/441/229
f 204/442/240 203/443/241 208/444/242
f 204/445/240 207/446/243 203/447/241
f 207/448/243 208/449/244 203/450/241
f 205/451/245 207/452/246 204/453/240
f 204/442/240 208/444/242 205/454/245
f 206/455/247 205/456/245 208/457/244
f 207/448/243 206/458/247 208/449/244
f 205/451/245 206/459/247 207/452/246
f 209/460/216 215/461/214 214/462/215
f 209/460/216 213/463/209 215/461/214
f 212/464/213 209/465/216 214/466/215
f 212/467/213 213/468/209 209/469/216
f 214/470/215 216/471/211 210/472/212
f 211/473/210 212/474/213 210/475/212
f 211/473/210 210/475/212 216/476/211
f 212/464/213 214/466/215 210/477/212
f 212/467/213 211/478/210 213/468/209
f 213/479/209 211/480/210 216/481/211
f 213/479/209 216/481/211 215/482/214
f 214/470/215 215/483/214 216/471/211
f 218/484/248 220/485/249 217/486/250
f 218/484/248 217/486/250 219/487/251
f 220/488/249 218/489/248 219/490/251
f 220/488/249 219/490/251 217/491/250
f 224/492/225 223/493/227 221/494/223
f 224/492/225 222/495/226 223/493/227
f 222/496/226 221/497/223 223/498/227
f 222/496/226 224/499/225 221/497/223
f 226/500/226 225/501/225 227/502/223
f 225/503/225 226/504/226 228/505/227
f 226/500/226 227/502/223 228/506/227
f 225/503/225 228/505/227 227/507/223
f 231/508/252 229/509/253 230/510/254
f 229/511/253 231/512/252 232/513/255
f 229/511/253 232/513/255 230/514/254
f 231/508/252 230/510/254 232/515/255
f 233/516/228 234/517/229 236/518/230
f 238/519/233 239/520/234 233/521/233
f 233/516/228 239/522/231 234/517/229
f 238/523/232 233/524/228 236/525/230
f 239/526/231 240/527/239 234/528/229
f 236/529/235 234/530/236 240/531/236
f 237/532/256 235/533/257 240/534/239
f 237/532/256 238/535/232 235/533/257
f 238/523/232 236/525/230 235/536/257
f 236/529/235 240/531/236 235/537/235
f 239/526/231 237/538/256 240/527/239
f 238/519/233 237/539/234 239/520/234
f 241/540/258 246/541/259 244/542/260
f 242/543/261 241/544/258 244/545/260
f 242/546/262 246/547/259 241/548/258
f 242/546/262 243/549/263 246/547/259
f 242/543/261 244/545/260 245/550/264
f 243/551/263 242/552/261 245/553/264
f 244/554/265 246/555/259 243/556/263
f 244/554/265 243/556/263 245/557/264
f 253/558/266 247/559/267 252/560/268
f 251/561/163 250/562/163 247/563/163
f 251/561/163 247/563/163 253/564/163
f 250/565/269 252/566/268 247/567/267
f 248/568/270 253/569/266 254/570/271
f 248/568/270 251/571/272 253/569/266
f 248/572/270 249/573/273 250/574/269
f 249/575/156 248/576/156 254/577/156
f 248/572/270 250/574/269 251/578/272
f 249/575/156 254/577/156 252/579/156
f 250/565/269 249/580/273 252/566/268
f 253/558/266 252/560/268 254/581/271
f 255/582/274 258/583/275 256/584/276
f 255/582/274 257/585/277 258/583/275
f 257/586/277 255/587/274 256/588/276
f 257/586/277 256/588/276 258/589/275
f 260/590/278 262/591/279 259/592/280
f 260/590/278 259/592/280 261/593/281
f 262/594/279 261/595/281 259/596/280
f 262/594/279 260/597/278 261/595/281
f 265/598/282 263/599/283 264/600/284
f 263/601/283 265/602/282 266/603/285
f 263/601/283 266/603/285 264/604/284
f 265/598/282 264/600/284 266/605/285
f 268/606/286 269/607/287 267/608/288
f 270/609/289 268/610/286 267/611/288
f 270/609/289 267/611/288 269/612/287
f 268/606/286 270/613/289 269/607/287
f 276/614/290 271/615/291 272/616/292
f 271/617/291 273/618/293 278/619/294
f 271/617/291 278/619/294 272/620/292
f 273/621/295 271/622/296 276/623/297
f 276/614/290 272/616/292 277/624/298
f 275/625/299 277/626/300 272/627/301
f 275/625/299 272/627/301 278/628/302
f 273/629/293 275/630/303 278/631/294
f 273/629/293 274/632/304 275/630/303
f 273/621/295 276/623/297 274/633/305
f 274/634/304 277/635/298 275/636/303
f 274/634/304 276/637/290 277/635/298
f 283/638/266 279/639/267 281/640/268
f 282/641/163 284/642/163 279/643/163
f 282/641/163 279/643/163 283/644/163
f 284/645/269 281/646/268 279/647/267
f 283/638/266 281/640/268 280/648/271
f 285/649/156 280/650/156 281/651/156
f 285/649/156 286/652/156 280/650/156
f 286/653/270 283/654/266 280/655/271
f 284/645/269 285/656/273 281/646/268
f 286/653/270 282/657/272 283/654/266
f 286/658/270 284/659/269 282/660/272
f 286/658/270 285/661/273 284/659/269
f 290/662/274 287/663/306 289/664/307
f 290/662/274 288/665/277 287/663/306
f 288/666/277 289/667/307 287/668/306
f 288/666/277 290/669/274 289/667/307
f 291/670/308 294/671/309 292/672/310
f 291/670/308 293/673/311 294/671/309
f 293/674/311 291/675/308 292/676/310
f 293/674/311 292/676/310 294/677/309
f 296/678/286 295/679/312 298/680/287
f 295/681/312 296/682/286 297/683/313
f 296/678/286 298/680/287 297/684/313
f 295/681/312 297/683/313 298/685/287
f 302/686/314 299/687/311 301/688/309
f 299/689/311 300/690/310 301/691/309
f 299/689/311 302/692/314 300/690/310
f 302/686/314 301/688/309 300/693/310
f 303/694/290 307/695/292 304/696/298
f 309/697/304 303/698/290 304/699/298
f 305/700/295 303/701/297 309/702/305
f 305/700/295 308/703/296 303/701/297
f 303/694/290 308/704/291 307/695/292
f 309/697/304 304/699/298 306/705/303
f 306/706/299 304/707/300 307/708/301
f 305/709/293 309/710/304 306/711/303
f 305/709/293 306/711/303 310/712/294
f 308/713/291 305/714/293 310/715/294
f 306/706/299 307/708/301 310/716/302
f 308/713/291 310/715/294 307/717/292
f 316/718/315 311/719/316 312/720/317
f 312/721/168 311/722/168 315/723/168
f 311/724/316 318/725/318 315/726/319
f 316/718/315 314/727/320 311/719/316
f 311/724/316 314/728/320 318/725/318
f 316/729/315 312/730/317 317/731/321
f 312/721/168 315/723/168 317/732/168
f 314/733/169 313/734/169 318/735/169
f 314/733/169 316/736/169 313/734/169
f 316/729/315 317/731/321 313/737/322
f 317/738/321 318/739/318 313/740/322
f 317/738/321 315/741/319 318/739/318
f 319/742/323 320/743/324 322/744/325
f 319/742/323 321/745/326 320/743/324
f 321/746/326 319/747/323 322/748/325
f 321/746/326 322/748/325 320/749/324
f 323/750/327 326/751/328 325/752/329
f 323/750/327 324/753/330 326/751/328
f 324/754/330 325/755/329 326/756/328
f 324/754/330 323/757/327 325/755/329
f 327/758/327 330/759/328 328/760/329
f 327/758/327 329/761/330 330/759/328
f 329/762/330 327/763/327 328/764/329
f 329/762/330 328/764/329 330/765/328
f 334/766/327 333/767/328 331/768/329
f 332/769/330 334/770/327 331/771/329
f 332/769/330 331/771/329 333/772/328
f 334/766/327 332/773/330 333/767/328
f 340/774/331 335/775/332 341/776/333
f 335/777/334 340/778/335 337/779/336
f 341/780/337 335/781/334 338/782/338
f 335/777/334 337/779/336 338/783/338
f 336/784/339 338/785/340 337/786/341
f 342/787/342 339/788/343 336/789/344
f 336/784/339 339/790/345 338/785/340
f 340/791/335 342/792/342 336/793/344
f 340/791/335 336/793/344 337/794/336
f 341/780/337 338/782/338 339/795/343
f 342/787/342 341/796/337 339/788/343
f 340/774/331 341/776/333 342/797/346
f 347/798/347 343/799/319 350/800/318
f 346/801/168 349/802/168 343/803/168
f 346/801/168 343/803/168 347/804/168
f 349/805/316 350/806/318 343/807/319
f 344/808/315 347/809/347 345/810/322
f 344/808/315 346/811/317 347/809/347
f 344/812/315 348/813/320 349/814/316
f 348/815/169 344/816/169 345/817/169
f 344/812/315 349/814/316 346/818/317
f 348/815/169 345/817/169 350/819/169
f 347/798/347 350/800/318 345/820/322
f 349/805/316 348/821/320 350/806/318
f 351/822/348 352/823/349 354/824/350
f 351/822/348 353/825/351 352/823/349
f 353/826/351 351/827/348 354/828/350
f 353/826/351 354/828/350 352/829/349
f 357/830/330 355/831/327 356/832/329
f 355/833/327 358/834/328 356/835/329
f 357/830/330 356/832/329 358/836/328
f 355/833/327 357/837/330 358/834/328
f 361/838/330 359/839/327 360/840/329
f 359/841/327 362/842/328 360/843/329
f 361/838/330 360/840/329 362/844/328
f 359/841/327 361/845/330 362/842/328
f 366/846/330 363/847/327 364/848/329
f 363/849/327 365/850/328 364/851/329
f 366/846/330 364/848/329 365/852/328
f 363/849/327 366/853/330 365/850/328
f 372/854/337 367/855/334 369/856/338
f 367/857/334 368/858/336 369/859/338
f 367/857/334 371/860/335 368/858/336
f 371/861/331 367/862/332 372/863/333
f 370/864/339 369/865/340 368/866/341
f 371/867/335 370/868/344 368/869/336
f 372/854/337 369/856/338 374/870/343
f 370/864/339 374/871/345 369/865/340
f 373/872/342 374/873/343 370/874/344
f 371/867/335 373/875/342 370/868/344
f 371/861/331 372/863/333 373/876/346
f 373/872/342 372/877/337 374/873/343
f 382/878/268 375/879/271 381/880/266
f 379/881/156 380/882/156 375/883/156
f 379/881/156 375/883/156 382/884/156
f 380/885/270 381/886/266 375/887/271
f 377/888/269 376/889/272 380/890/270
f 376/891/163 377/892/163 378/893/163
f 376/891/163 378/893/163 381/894/163
f 380/885/270 376/895/272 381/886/266
f 377/896/269 382/897/268 378/898/267
f 377/896/269 379/899/273 382/897/268
f 377/888/269 380/890/270 379/900/273
f 382/878/268 381/880/266 378/901/267
f 385/902/277 383/903/274 384/904/276
f 385/902/277 384/904/276 386/905/275
f 383/906/274 385/907/277 386/908/275
f 383/906/274 386/908/275 384/909/276
f 390/910/352 387/911/353 388/912/354
f 387/913/353 389/914/355 388/915/354
f 387/913/353 390/916/352 389/914/355
f 390/910/352 388/912/354 389/917/355
f 392/918/308 391/919/311 393/920/309
f 392/918/308 393/920/309 394/921/310
f 391/922/311 392/923/308 394/924/310
f 391/922/311 394/924/310 393/925/309
f 395/926/286 396/927/356 398/928/313
f 395/926/286 397/929/289 396/927/356
f 397/930/289 395/931/286 398/932/313
f 397/930/289 398/932/313 396/933/356
f 399/934/293 406/935/303 400/936/294
f 403/937/291 399/938/293 400/939/294
f 401/940/297 399/941/295 403/942/296
f 401/940/297 402/943/305 399/941/295
f 399/934/293 402/944/304 406/935/303
f 403/937/291 400/939/294 404/945/292
f 404/946/301 400/947/302 406/948/299
f 401/949/290 403/950/291 404/951/292
f 401/949/290 404/951/292 405/952/298
f 402/953/304 401/954/290 405/955/298
f 402/953/304 405/955/298 406/956/303
f 404/946/301 406/948/299 405/957/300
f 413/958/269 408/959/270 407/960/273
f 413/961/269 407/962/273 414/963/268
f 407/964/156 409/965/156 414/966/156
f 407/964/156 408/967/156 409/965/156
f 408/968/270 412/969/266 409/970/271
f 413/958/269 410/971/272 408/959/270
f 408/968/270 410/972/272 412/969/266
f 414/973/268 409/974/271 412/975/266
f 410/976/163 411/977/163 412/978/163
f 410/976/163 413/979/163 411/977/163
f 413/961/269 414/963/268 411/980/267
f 414/973/268 412/975/266 411/981/267
f 415/982/277 416/983/274 418/984/307
f 415/982/277 418/984/307 417/985/306
f 416/986/274 417/987/306 418/988/307
f 416/986/274 415/989/277 417/987/306
f 421/990/308 419/991/311 420/992/309
f 421/990/308 420/992/309 422/993/310
f 419/994/311 421/995/308 422/996/310
f 419/994/311 422/996/310 420/997/309
f 423/998/357 425/999/287 424/1000/313
f 423/998/357 426/1001/289 425/999/287
f 426/1002/289 423/1003/357 424/1004/313
f 426/1002/289 424/1004/313 425/1005/287
f 430/1006/358 429/1007/310 427/1008/309
f 428/1009/308 430/1010/358 427/1011/309
f 428/1009/308 427/1011/309 429/1012/310
f 430/1006/358 428/1013/308 429/1007/310
f 435/1014/291 431/1015/294 432/1016/292
f 432/1017/301 431/1018/302 436/1019/299
f 435/1014/291 438/1020/293 431/1015/294
f 438/1021/293 436/1022/303 431/1023/294
f 432/1017/301 436/1019/299 433/1024/300
f 434/1025/290 435/1026/291 432/1027/292
f 434/1025/290 432/1027/292 433/1028/298
f 437/1029/304 434/1030/290 433/1031/298
f 437/1029/304 433/1031/298 436/1032/303
f 434/1033/297 438/1034/295 435/1035/296
f 434/1033/297 437/1036/305 438/1034/295
f 438/1021/293 437/1037/304 436/1022/303
f 444/1038/359 439/1039/360 446/1040/361
f 444/1038/359 440/1041/362 439/1039/360
f 440/1042/362 442/1043/363 439/1044/360
f 442/1045/364 446/1046/365 439/1047/340
f 440/1048/366 443/1049/367 441/1050/333
f 440/1042/362 441/1051/368 442/1043/363
f 440/1048/366 444/1052/331 443/1049/367
f 441/1053/368 443/1054/369 445/1055/370
f 441/1053/368 445/1055/370 442/1056/363
f 442/1045/364 445/1057/339 446/1046/365
f 443/1058/369 446/1059/361 445/1060/370
f 443/1058/369 444/1061/359 446/1059/361
f 448/1062/371 447/1063/372 450/1064/373
f 447/1065/372 448/1066/371 449/1067/374
f 447/1065/372 449/1067/374 450/1068/373
f 448/1062/371 450/1064/373 449/1069/374
f 452/1070/375 451/1071/376 454/1072/377
f 452/1070/375 454/1072/377 453/1073/378
f 451/1074/376 453/1075/378 454/1076/377
f 451/1074/376 452/1077/375 453/1075/378
f 458/1078/371 455/1079/379 456/1080/373
f 455/1081/379 458/1082/371 457/1083/380
f 455/1081/379 457/1083/380 456/1084/373
f 458/1078/371 456/1080/373 457/1085/380
f 459/1086/381 461/1087/382 462/1088/383
f 459/1086/381 462/1088/383 460/1089/384
f 461/1090/382 459/1091/381 460/1092/384
f 461/1090/382 460/1092/384 462/1093/383
f 463/1094/385 464/1095/386 466/1096/387
f 464/1097/386 463/1098/385 465/1099/388
f 464/1100/386 465/1101/388 466/1102/387
f 463/1103/385 466/1104/387 465/1105/388
f 468/1106/79 467/1107/81 485/1108/389
f 468/1106/79 471/123/163 476/164/163
f 468/1106/79 470/74/163 471/123/163
f 467/1109/390 496/34/391 480/1110/392
f 467/1109/393 475/148/393 496/34/393
f 485/1108/394 487/73/394 470/74/394
f 486/103/395 467/1111/390 480/125/392
f 469/1112/396 487/102/397 507/1113/398
f 469/1112/396 507/1113/398 477/1114/58
f 475/148/399 469/1115/396 478/1116/57
f 469/1117/396 477/98/58 478/97/57
f 483/1118/400 474/147/401 491/1119/402
f 475/148/399 478/1116/57 495/36/403
f 473/129/26 490/149/25 491/130/82
f 495/1120/404 499/1121/404 496/100/404
f 499/1121/405 479/1122/406 477/1123/407
f 497/99/156 482/48/156 481/50/156
f 506/1124/408 502/1125/408 482/48/408
f 486/103/395 480/125/392 502/101/409
f 492/1126/410 483/1127/400 491/1128/402
f 483/1129/400 492/1130/410 488/31/411
f 488/31/412 490/52/412 484/51/412
f 492/1130/410 491/1131/402 489/32/413
f 493/1132/414 500/1133/63 505/38/415
f 493/1132/414 504/166/416 498/168/64
f 494/1134/417 493/1135/414 498/1136/64
f 499/1137/418 498/1136/109 501/1138/108
f 494/1139/417 498/1140/64 500/1141/63
f 497/104/419 506/1142/420 500/1143/421
f 493/1144/414 494/1145/417 500/1146/63
f 508/1147/422 511/1148/423 510/1149/424
f 508/1147/422 509/1150/425 511/1148/423
f 509/1151/425 508/1152/422 510/1153/424
f 509/1151/425 510/1153/424 511/1154/423
f 519/1155/426 512/1156/427 516/1157/428
f 516/1158/428 512/1159/427 513/1160/429
f 512/1161/427 518/1162/430 513/1163/429
f 519/1155/426 517/1164/431 512/1156/427
f 512/1161/427 517/1165/431 518/1162/430
f 514/1166/432 513/1167/429 518/1168/430
f 516/1158/428 513/1160/429 514/1169/432
f 519/1170/426 516/1171/428 514/1172/432
f 514/1166/432 518/1168/430 515/1173/433
f 519/1170/426 514/1172/432 515/1174/433
f 517/1175/431 515/1176/433 518/1177/430
f 517/1175/431 519/1178/426 515/1176/433
f 521/1179/434 520/1180/435 522/1181/436
f 521/1179/434 523/1182/437 520/1180/435
f 523/1183/437 521/1184/434 522/1185/436
f 523/1183/437 522/1185/436 520/1186/435
f 527/1187/438 525/1188/439 524/1189/440
f 526/1190/441 524/1191/440 525/1192/439
f 526/1190/441 527/1193/438 524/1191/440
f 527/1187/438 526/1194/441 525/1188/439
f 531/1195/441 530/1196/442 528/1197/440
f 531/1195/441 528/1197/440 529/1198/443
f 530/1199/442 531/1200/441 529/1201/443
f 530/1199/442 529/1201/443 528/1202/440
f 535/1203/442 534/1204/443 532/1205/440
f 535/1203/442 533/1206/444 534/1204/443
f 533/1207/444 532/1208/440 534/1209/443
f 533/1207/444 535/1210/442 532/1208/440
f 536/1211/445 537/1212/446 543/1213/447
f 536/1211/445 538/1214/448 537/1212/446
f 539/1215/449 536/1216/445 543/1217/447
f 538/1218/450 536/1219/451 539/1220/451
f 538/1221/448 541/1222/452 537/1223/446
f 541/1224/453 543/1225/454 537/1226/453
f 538/1218/450 539/1220/451 540/1227/450
f 538/1221/448 540/1228/455 541/1222/452
f 540/1229/455 539/1230/449 542/1231/456
f 539/1215/449 543/1217/447 542/1232/456
f 540/1229/455 542/1231/456 541/1233/452
f 541/1224/453 542/1234/454 543/1225/454
f 546/1235/457 544/1236/458 545/1237/459
f 546/1235/457 545/1237/459 547/1238/460
f 544/1239/458 546/1240/457 547/1241/460
f 544/1239/458 547/1241/460 545/1242/459
f 554/1243/461 548/1244/462 549/1245/463
f 554/1243/461 551/1246/464 548/1244/462
f 549/1247/463 548/1248/462 555/1249/465
f 548/1250/462 551/1251/464 553/1252/466
f 548/1250/462 553/1252/466 555/1253/465
f 554/1254/461 549/1255/463 550/1256/467
f 549/1247/463 555/1249/465 550/1257/467
f 554/1254/461 550/1256/467 552/1258/468
f 550/1259/467 553/1260/466 552/1261/468
f 550/1259/467 555/1262/465 553/1260/466
f 551/1263/464 552/1264/468 553/1265/466
f 551/1263/464 554/1266/461 552/1264/468
f 556/1267/469 562/1268/470 557/1269/471
f 556/1267/469 557/1269/471 558/1270/472
f 556/1267/469 558/1270/472 559/1271/473
f 556/1267/469 560/1272/474 561/1273/475
f 556/1267/469 559/1271/473 560/1272/474
f 561/1274/475 560/1275/474 559/1276/473
f 561/1274/475 559/1276/473 558/1277/472
f 561/1274/475 557/1278/471 562/1279/470
f 561/1274/475 562/1279/470 556/1280/469
f 561/1274/475 558/1277/472 557/1278/471
f 564/1281/476 563/1282/476 565/1283/476
f 563/1284/476 564/1285/476 565/1286/476
f 566/1287/156 567/1288/156 568/1289/156
f 567/1290/156 566/1291/156 568/1292/156
f 569/1293/477 571/1294/478 570/1295/478
f 571/1296/478 569/1297/477 570/1298/478
f 573/1299/32 574/1300/32 572/1301/32
f 574/1302/32 573/1303/32 572/1304/32
f 577/1305/479 576/1306/480 575/1307/480
f 576/1308/480 577/1309/479 575/1310/480
f 579/1311/481 580/1312/482 578/1313/482
f 580/1314/482 579/1315/481 578/1316/482
f 581/1317/483 584/1318/484 583/1319/485
f 581/1317/483 582/1320/486 584/1318/484
f 582/1321/486 581/1322/483 583/1323/485
f 582/1321/486 583/1323/485 584/1324/484
f 585/1325/487 587/1326/488 586/1327/489
f 588/1328/490 589/1329/491 585/1330/487
f 585/1325/487 589/1331/491 587/1326/488
f 590/1332/492 585/1333/487 586/1334/489
f 588/1328/490 585/1330/487 590/1335/492
f 590/1332/492 586/1334/489 591/1336/493
f 591/1337/493 586/1338/489 587/1339/488
f 589/1340/491 592/1341/494 587/1342/488
f 591/1337/493 587/1339/488 592/1343/494
f 588/1344/490 591/1345/493 592/1346/494
f 588/1344/490 590/1347/492 591/1345/493
f 589/1340/491 588/1348/490 592/1341/494
f 597/1349/490 593/1350/487 598/1351/492
f 597/1349/490 595/1352/495 593/1350/487
f 598/1353/492 593/1354/487 600/1355/489
f 593/1356/487 595/1357/495 596/1358/488
f 593/1356/487 596/1358/488 600/1359/489
f 599/1360/493 596/1361/488 594/1362/496
f 595/1363/495 597/1364/490 594/1365/496
f 595/1363/495 594/1365/496 596/1366/488
f 597/1367/490 599/1368/493 594/1369/496
f 599/1360/493 600/1370/489 596/1361/488
f 597/1367/490 598/1371/492 599/1368/493
f 598/1353/492 600/1355/489 599/1372/493
f 601/1373/61 602/1374/61 603/1375/61
f 602/1376/61 601/1377/61 603/1378/61
f 605/1379/497 604/1380/498 607/1381/499
f 604/1382/498 606/1383/500 607/1384/499
f 604/1385/498 605/1386/497 606/1387/500
f 605/1388/497 607/1389/499 606/1390/500
f 608/1391/497 610/1392/498 611/1393/499
f 608/1394/497 611/1395/499 609/1396/500
f 610/1397/498 609/1398/500 611/1399/499
f 610/1400/498 608/1401/497 609/1402/500
f 616/1403/368 612/1404/370 617/1405/363
f 617/1406/364 612/1407/339 619/1408/365
f 616/1403/368 618/1409/369 612/1404/370
f 618/1410/369 619/1411/361 612/1412/370
f 617/1406/364 619/1408/365 613/1413/340
f 614/1414/359 615/1415/362 613/1416/360
f 614/1414/359 613/1416/360 619/1417/361
f 615/1418/362 617/1419/363 613/1420/360
f 615/1421/366 614/1422/331 618/1423/367
f 618/1410/369 614/1424/359 619/1411/361
f 615/1418/362 616/1425/368 617/1419/363
f 615/1421/366 618/1423/367 616/1426/333
f 621/1427/501 620/1428/372 623/1429/373
f 621/1427/501 623/1429/373 622/1430/374
f 620/1431/372 621/1432/501 622/1433/374
f 620/1431/372 622/1433/374 623/1434/373
f 626/1435/376 624/1436/375 627/1437/378
f 624/1438/375 625/1439/377 627/1440/378
f 624/1438/375 626/1441/376 625/1439/377
f 626/1435/376 627/1437/378 625/1442/377
f 628/1443/502 629/1444/503 630/1445/504
f 631/1446/505 630/1447/504 629/1448/503
f 631/1446/505 628/1449/502 630/1447/504
f 628/1443/502 631/1450/505 629/1444/503
f 633/1451/382 632/1452/381 634/1453/384
f 632/1454/381 635/1455/506 634/1456/384
f 633/1451/382 634/1453/384 635/1457/506
f 632/1454/381 633/1458/382 635/1455/506
f 637/1459/385 636/1460/507 638/1461/508
f 637/1462/385 638/1463/508 639/1464/509
f 636/1465/507 637/1466/385 639/1467/509
f 636/1468/507 639/1469/509 638/1470/508
f 641/1471/510 656/42/511 651/41/512
f 641/1471/510 652/1472/513 656/42/511
f 640/1473/514 646/1474/515 668/1475/516
f 641/1471/510 651/41/512 645/84/517
f 640/1473/514 668/1475/516 657/1476/518
f 651/175/118 663/79/519 642/81/520
f 643/1477/521 664/1478/521 665/156/521
f 650/1479/522 651/1480/118 642/134/520
f 650/1479/522 642/134/520 649/133/523
f 669/1481/524 649/1482/85 643/1483/84
f 647/155/525 645/1484/525 649/1485/525
f 647/1486/526 660/1487/526 654/1488/526
f 658/1489/68 659/1490/70 648/87/527
f 647/1486/528 654/1488/529 648/1491/530
f 659/1490/70 660/85/531 648/87/527
f 659/1492/70 655/1493/532 660/1494/531
f 653/1495/533 654/1496/533 655/1493/533
f 640/1497/514 657/1498/518 655/176/534
f 658/110/68 648/1499/527 653/1500/535
f 655/176/534 657/1498/518 664/174/536
f 671/135/87 669/135/537 657/136/88
f 661/1501/111 667/1502/538 673/1503/539
f 671/138/114 672/1504/113 669/138/540
f 669/138/90 665/156/169 676/157/541
f 661/1501/111 677/1505/110 667/1502/538
f 674/1506/112 675/1507/542 666/1508/543
f 669/138/90 676/157/541 675/139/91
f 674/1509/112 670/47/544 675/1510/542
f 661/1511/111 672/1512/545 670/47/544
f 674/1509/112 661/1511/111 670/47/544
f 678/1513/546 679/1514/547 681/1515/548
f 678/1513/546 680/1516/422 679/1514/547
f 680/1517/422 678/1518/546 681/1519/548
f 680/1517/422 681/1519/548 679/1520/547
f 683/1521/432 689/1522/430 682/1523/433
f 685/1524/549 684/1525/426 682/1526/433
f 685/1524/549 682/1526/433 689/1527/430
f 684/1528/426 683/1529/432 682/1530/433
f 687/1531/550 688/1532/551 683/1533/432
f 683/1521/432 688/1534/551 689/1522/430
f 684/1528/426 687/1535/550 683/1529/432
f 684/1536/426 686/1537/427 687/1538/550
f 684/1536/426 685/1539/549 686/1537/427
f 686/1540/427 685/1541/549 689/1542/430
f 687/1531/550 686/1543/427 688/1532/551
f 686/1540/427 689/1542/430 688/1544/551
f 690/1545/552 692/1546/553 693/1547/554
f 690/1545/552 693/1547/554 691/1548/555
f 692/1549/553 691/1550/555 693/1551/554
f 692/1549/553 690/1552/552 691/1550/555
f 694/1553/442 695/1554/441 696/1555/443
f 694/1553/442 696/1555/443 697/1556/440
f 695/1557/441 694/1558/442 697/1559/440
f 695/1557/441 697/1559/440 696/1560/443
f 698/1561/441 700/1562/556 699/1563/557
f 698/1561/441 701/1564/442 700/1562/556
f 701/1565/442 698/1566/441 699/1567/557
f 701/1565/442 699/1567/557 700/1568/556
f 702/1569/558 705/1570/441 704/1571/439
f 702/1569/558 704/1571/439 703/1572/440
f 705/1573/441 702/1574/558 703/1575/440
f 705/1573/441 703/1575/440 704/1576/439
f 707/1577/453 706/1578/454 710/1579/454
f 713/1580/455 711/1581/559 706/1582/456
f 713/1580/455 706/1582/456 707/1583/452
f 711/1584/559 710/1585/447 706/1586/456
f 712/1587/448 713/1588/455 707/1589/452
f 707/1577/453 710/1579/454 709/1590/453
f 712/1587/448 707/1589/452 709/1591/446
f 708/1592/445 709/1593/446 710/1594/447
f 708/1592/445 712/1595/448 709/1593/446
f 711/1584/559 708/1596/445 710/1585/447
f 712/1597/450 708/1598/451 711/1599/451
f 712/1597/450 711/1599/451 713/1600/450
f 716/1601/560 717/1602/459 714/1603/460
f 716/1601/560 715/1604/561 717/1602/459
f 715/1605/561 716/1606/560 714/1607/460
f 715/1605/561 714/1607/460 717/1608/459
f 718/1609/461 721/1610/467 719/1611/468
f 718/1609/461 725/1612/463 721/1610/467
f 718/1613/461 723/1614/464 724/1615/462
f 723/1616/464 718/1617/461 719/1618/468
f 718/1613/461 724/1615/462 725/1619/463
f 721/1620/467 720/1621/466 719/1622/468
f 723/1616/464 719/1618/468 720/1623/466
f 724/1624/462 723/1625/464 720/1626/466
f 724/1624/462 720/1626/466 722/1627/465
f 721/1620/467 722/1628/465 720/1621/466
f 725/1629/463 722/1630/465 721/1631/467
f 725/1629/463 724/1632/462 722/1630/465
f 727/1633/469 732/1634/470 726/1635/471
f 727/1633/469 726/1635/471 728/1636/472
f 727/1633/469 730/1637/562 731/1638/563
f 727/1633/469 729/1639/564 730/1637/562
f 727/1633/469 728/1636/472 729/1639/564
f 731/1640/563 729/1641/564 728/1642/472
f 731/1640/563 728/1642/472 726/1643/471
f 731/1640/563 726/1643/471 732/1644/470
f 731/1640/563 730/1645/562 729/1641/564
f 731/1640/563 732/1644/470 727/1646/469
f 733/1647/32 735/1648/32 734/1649/32
f 735/1650/32 733/1651/32 734/1652/32
f 736/1653/565 737/1654/476 738/1655/566
f 737/1656/476 736/1657/565 738/1658/566
f 740/1659/567 739/1660/568 741/1661/569
f 739/1662/568 740/1663/567 741/1664/569
f 742/1665/32 743/1666/32 744/1667/32
f 743/1668/32 742/1669/32 744/1670/32
f 745/1671/570 747/1672/571 746/1673/570
f 747/1674/571 745/1675/570 746/1676/570
f 748/1677/61 750/1678/61 749/1679/61
f 750/1680/61 748/1681/61 749/1682/61
f 751/1683/483 752/1684/484 754/1685/485
f 751/1683/483 753/1686/486 752/1684/484
f 753/1687/486 754/1688/485 752/1689/484
f 753/1687/486 751/1690/483 754/1688/485
f 757/1691/572 755/1692/489 758/1693/493
f 758/1694/493 755/1695/489 762/1696/488
f 757/1691/572 760/1697/487 755/1692/489
f 760/1698/487 762/1699/488 755/1700/489
f 756/1701/490 758/1702/493 759/1703/496
f 756/1701/490 757/1704/572 758/1702/493
f 756/1705/490 760/1706/487 757/1707/572
f 756/1705/490 761/1708/491 760/1706/487
f 761/1709/491 756/1710/490 759/1711/496
f 758/1694/493 762/1696/488 759/1712/496
f 761/1709/491 759/1711/496 762/1713/488
f 760/1698/487 761/1714/491 762/1699/488
f 766/1715/490 767/1716/487 763/1717/572
f 763/1718/572 767/1719/487 764/1720/489
f 766/1721/490 763/1722/572 769/1723/493
f 763/1718/572 764/1720/489 769/1724/493
f 769/1725/493 764/1726/489 768/1727/488
f 767/1728/487 768/1729/488 764/1730/489
f 765/1731/491 770/1732/496 768/1733/488
f 765/1731/491 766/1734/490 770/1732/496
f 767/1728/487 765/1735/491 768/1729/488
f 766/1715/490 765/1736/491 767/1716/487
f 766/1721/490 769/1723/493 770/1737/496
f 769/1725/493 768/1727/488 770/1738/496
f 773/1739/476 771/1740/476 772/1741/476
f 771/1742/476 773/1743/476 772/1744/476
f 775/1745/497 774/1746/498 776/1747/499
f 775/1748/497 776/1749/499 777/1750/500
f 774/1751/498 775/1752/497 777/1753/500
f 774/1754/498 777/1755/500 776/1756/499
f 778/1757/497 779/1758/498 781/1759/499
f 778/1760/497 781/1761/499 780/1762/500
f 779/1763/498 778/1764/497 780/1765/500
f 779/1766/498 780/1767/500 781/1768/499
f 783/1769/156 782/1770/156 789/1771/156
f 783/1769/156 785/1772/156 782/1770/156
f 785/1773/270 787/1774/266 782/1775/271
f 787/1776/266 789/1777/268 782/1778/271
f 784/1779/269 783/1780/273 789/1781/268
f 785/1782/270 783/1783/273 784/1784/269
f 785/1782/270 784/1784/269 786/1785/272
f 786/1786/163 784/1787/163 788/1788/163
f 784/1779/269 789/1781/268 788/1789/267
f 785/1773/270 786/1790/272 787/1774/266
f 786/1786/163 788/1788/163 787/1791/163
f 787/1776/266 788/1792/267 789/1777/268
f 791/1793/274 792/1794/275 790/1795/276
f 793/1796/573 791/1797/274 790/1798/276
f 793/1796/573 790/1798/276 792/1799/275
f 791/1793/274 793/1800/573 792/1794/275
f 795/1801/278 794/1802/279 796/1803/574
f 794/1804/279 797/1805/281 796/1806/574
f 794/1804/279 795/1807/278 797/1805/281
f 795/1801/278 796/1803/574 797/1808/281
f 799/1809/282 801/1810/283 798/1811/575
f 799/1809/282 798/1811/575 800/1812/576
f 801/1813/283 799/1814/282 800/1815/576
f 801/1813/283 800/1815/576 798/1816/575
f 805/1817/577 803/1818/578 802/1819/579
f 804/1820/580 805/1821/577 802/1822/579
f 804/1820/580 802/1822/579 803/1823/578
f 805/1817/577 804/1824/580 803/1818/578
f 807/1825/295 806/1826/297 811/1827/305
f 807/1825/295 809/1828/296 806/1826/297
f 811/1829/304 806/1830/290 812/1831/298
f 806/1832/290 809/1833/291 810/1834/292
f 806/1832/290 810/1834/292 812/1835/298
f 807/1836/293 811/1837/304 813/1838/303
f 807/1836/293 813/1838/303 808/1839/294
f 809/1840/291 807/1841/293 808/1842/294
f 813/1843/299 810/1844/301 808/1845/302
f 809/1840/291 808/1842/294 810/1846/292
f 813/1843/299 812/1847/300 810/1844/301
f 811/1829/304 812/1831/298 813/1848/303
f 818/1849/270 814/1850/272 815/1851/266
f 818/1852/270 819/1853/269 814/1854/272
f 814/1855/163 819/1856/163 820/1857/163
f 814/1855/163 820/1857/163 815/1858/163
f 815/1859/266 817/1860/268 816/1861/271
f 818/1849/270 815/1851/266 816/1862/271
f 815/1859/266 820/1863/267 817/1860/268
f 821/1864/156 816/1865/156 817/1866/156
f 821/1864/156 818/1867/156 816/1865/156
f 819/1868/269 817/1869/268 820/1870/267
f 819/1868/269 821/1871/273 817/1869/268
f 818/1852/270 821/1872/273 819/1853/269
f 822/1873/274 825/1874/306 824/1875/276
f 822/1873/274 823/1876/573 825/1874/306
f 823/1877/573 822/1878/274 824/1879/276
f 823/1877/573 824/1879/276 825/1880/306
f 826/1881/308 828/1882/581 827/1883/582
f 826/1881/308 829/1884/311 828/1882/581
f 829/1885/311 826/1886/308 827/1887/582
f 829/1885/311 827/1887/582 828/1888/581
f 832/1889/311 830/1890/314 831/1891/582
f 830/1892/314 833/1893/309 831/1894/582
f 832/1889/311 831/1891/582 833/1895/309
f 830/1892/314 832/1896/311 833/1893/309
f 835/1897/311 836/1898/582 834/1899/309
f 837/1900/314 835/1901/311 834/1902/309
f 837/1900/314 834/1902/309 836/1903/582
f 835/1897/311 837/1904/314 836/1898/582
f 843/1905/295 838/1906/297 842/1907/305
f 843/1905/295 840/1908/296 838/1906/297
f 842/1909/304 838/1910/290 839/1911/298
f 838/1912/290 840/1913/291 845/1914/292
f 838/1912/290 845/1914/292 839/1915/298
f 842/1909/304 839/1911/298 844/1916/303
f 844/1917/299 839/1918/300 845/1919/301
f 840/1920/291 841/1921/294 845/1922/292
f 840/1920/291 843/1923/293 841/1921/294
f 843/1924/293 844/1925/303 841/1926/294
f 844/1917/299 845/1919/301 841/1927/302
f 843/1924/293 842/1928/304 844/1925/303
f 852/1929/347 846/1930/319 853/1931/318
f 851/1932/168 850/1933/168 846/1934/168
f 851/1932/168 846/1934/168 852/1935/168
f 850/1936/316 853/1937/318 846/1938/319
f 848/1939/169 847/1940/169 853/1941/169
f 848/1939/169 849/1942/169 847/1940/169
f 849/1943/315 852/1944/347 847/1945/322
f 852/1929/347 853/1931/318 847/1946/322
f 850/1936/316 848/1947/320 853/1937/318
f 849/1948/315 848/1949/320 850/1950/316
f 849/1943/315 851/1951/317 852/1944/347
f 849/1948/315 850/1950/316 851/1952/317
f 857/1953/583 856/1954/584 854/1955/585
f 855/1956/586 857/1957/583 854/1958/585
f 855/1956/586 854/1958/585 856/1959/584
f 857/1953/583 855/1960/586 856/1954/584
f 859/1961/587 858/1962/327 860/1963/329
f 859/1961/587 860/1963/329 861/1964/588
f 858/1965/327 859/1966/587 861/1967/588
f 858/1965/327 861/1967/588 860/1968/329
f 865/1969/587 864/1970/329 862/1971/588
f 865/1969/587 863/1972/327 864/1970/329
f 863/1973/327 865/1974/587 862/1975/588
f 863/1973/327 862/1975/588 864/1976/329
f 867/1977/327 869/1978/588 866/1979/329
f 868/1980/587 867/1981/327 866/1982/329
f 868/1980/587 866/1982/329 869/1983/588
f 867/1977/327 868/1984/587 869/1978/588
f 876/1985/342 870/1986/343 873/1987/344
f 873/1988/339 870/1989/345 877/1990/340
f 876/1985/342 875/1991/337 870/1986/343
f 875/1992/337 877/1993/338 870/1994/343
f 871/1995/334 872/1996/336 877/1997/338
f 871/1995/334 874/1998/335 872/1996/336
f 875/1992/337 871/1999/334 877/1993/338
f 874/2000/331 871/2001/332 875/2002/333
f 874/2003/335 873/2004/344 872/2005/336
f 873/1988/339 877/1990/340 872/2006/341
f 874/2003/335 876/2007/342 873/2004/344
f 874/2000/331 875/2002/333 876/2008/346
f 878/2009/347 884/2010/319 880/2011/318
f 882/2012/315 881/2013/317 878/2014/347
f 881/2015/168 884/2016/168 878/2017/168
f 878/2009/347 880/2011/318 885/2018/322
f 882/2012/315 878/2014/347 885/2019/322
f 883/2020/316 879/2021/320 880/2022/318
f 879/2023/169 885/2024/169 880/2025/169
f 879/2023/169 882/2026/169 885/2024/169
f 882/2027/315 879/2028/320 883/2029/316
f 883/2020/316 880/2022/318 884/2030/319
f 882/2027/315 883/2029/316 881/2031/317
f 881/2015/168 883/2032/168 884/2016/168
f 886/2033/323 889/2034/324 887/2035/589
f 886/2033/323 888/2036/590 889/2034/324
f 888/2037/590 886/2038/323 887/2039/589
f 888/2037/590 887/2039/589 889/2040/324
f 893/2041/327 890/2042/588 891/2043/329
f 893/2041/327 892/2044/587 890/2042/588
f 892/2045/587 891/2046/329 890/2047/588
f 892/2045/587 893/2048/327 891/2046/329
f 897/2049/587 894/2050/327 896/2051/329
f 894/2052/327 897/2053/587 895/2054/588
f 894/2052/327 895/2054/588 896/2055/329
f 897/2049/587 896/2051/329 895/2056/588
f 899/2057/327 898/2058/587 900/2059/588
f 898/2060/587 899/2061/327 901/2062/329
f 898/2060/587 901/2062/329 900/2063/588
f 899/2057/327 900/2059/588 901/2064/329
f 908/2065/331 902/2066/333 909/2067/346
f 908/2065/331 903/2068/332 902/2066/333
f 909/2069/342 902/2070/337 907/2071/343
f 902/2072/337 903/2073/334 906/2074/338
f 902/2072/337 906/2074/338 907/2075/343
f 903/2076/334 908/2077/335 904/2078/336
f 903/2076/334 904/2078/336 906/2079/338
f 905/2080/339 906/2081/340 904/2082/341
f 908/2083/335 905/2084/344 904/2085/336
f 909/2069/342 907/2071/343 905/2086/344
f 905/2080/339 907/2087/345 906/2081/340
f 908/2083/335 909/2088/342 905/2084/344
f 917/2089/268 910/2090/271 915/2091/266
f 911/2092/156 916/2093/156 910/2094/156
f 911/2092/156 910/2094/156 917/2095/156
f 916/2096/270 915/2097/266 910/2098/271
f 914/2099/269 916/2100/270 911/2101/273
f 914/2102/269 911/2103/273 917/2104/268
f 912/2105/163 913/2106/163 915/2107/163
f 912/2105/163 914/2108/163 913/2106/163
f 916/2096/270 912/2109/272 915/2097/266
f 914/2099/269 912/2110/272 916/2100/270
f 914/2102/269 917/2104/268 913/2111/267
f 917/2089/268 915/2091/266 913/2112/267
f 918/2113/573 921/2114/591 919/2115/275
f 918/2113/573 920/2116/274 921/2114/591
f 920/2117/274 918/2118/573 919/2119/275
f 920/2117/274 919/2119/275 921/2120/591
f 922/2121/352 925/2122/354 923/2123/592
f 922/2121/352 924/2124/593 925/2122/354
f 924/2125/593 923/2126/592 925/2127/354
f 924/2125/593 922/2128/352 923/2126/592
f 927/2129/594 929/2130/595 926/2131/596
f 928/2132/597 927/2133/594 926/2134/596
f 927/2129/594 928/2135/597 929/2130/595
f 928/2132/597 926/2134/596 929/2136/595
f 930/2137/598 931/2138/599 932/2139/600
f 930/2137/598 933/2140/601 931/2138/599
f 933/2141/601 930/2142/598 932/2143/600
f 933/2141/601 932/2143/600 931/2144/599
f 934/2145/291 941/2146/294 939/2147/292
f 934/2145/291 940/2148/293 941/2146/294
f 936/2149/290 934/2150/291 939/2151/292
f 936/2152/297 940/2153/295 934/2154/296
f 935/2155/304 937/2156/298 938/2157/303
f 935/2155/304 936/2158/290 937/2156/298
f 940/2159/293 935/2160/304 938/2161/303
f 936/2152/297 935/2162/305 940/2153/295
f 936/2149/290 939/2151/292 937/2163/298
f 939/2164/301 938/2165/299 937/2166/300
f 940/2159/293 938/2161/303 941/2167/294
f 939/2164/301 941/2168/302 938/2165/299
f 945/2169/268 942/2170/271 947/2171/266
f 944/2172/156 946/2173/156 942/2174/156
f 944/2172/156 942/2174/156 945/2175/156
f 946/2176/270 947/2177/266 942/2178/271
f 943/2179/269 946/2180/270 944/2181/273
f 943/2182/269 944/2183/273 945/2184/268
f 943/2182/269 945/2184/268 949/2185/267
f 943/2179/269 948/2186/272 946/2180/270
f 948/2187/163 943/2188/163 949/2189/163
f 945/2169/268 947/2171/266 949/2190/267
f 946/2176/270 948/2191/272 947/2177/266
f 948/2187/163 949/2189/163 947/2192/163
f 953/2193/277 950/2194/307 951/2195/275
f 953/2193/277 952/2196/602 950/2194/307
f 952/2197/602 953/2198/277 951/2199/275
f 952/2197/602 951/2199/275 950/2200/307
f 957/2201/308 954/2202/311 956/2203/581
f 957/2201/308 956/2203/581 955/2204/582
f 954/2205/311 955/2206/582 956/2207/581
f 954/2205/311 957/2208/308 955/2206/582
f 959/2209/311 960/2210/582 958/2211/581
f 961/2212/308 959/2213/311 958/2214/581
f 961/2212/308 958/2214/581 960/2215/582
f 959/2209/311 961/2216/308 960/2210/582
f 963/2217/308 962/2218/358 965/2219/581
f 962/2220/358 963/2221/308 964/2222/310
f 963/2217/308 965/2219/581 964/2223/310
f 962/2220/358 964/2222/310 965/2224/581
f 966/2225/291 973/2226/294 969/2227/292
f 966/2225/291 972/2228/293 973/2226/294
f 968/2229/290 966/2230/291 969/2231/292
f 968/2232/297 972/2233/295 966/2234/296
f 969/2235/301 970/2236/299 967/2237/300
f 971/2238/304 968/2239/290 967/2240/298
f 971/2238/304 967/2240/298 970/2241/303
f 968/2229/290 969/2231/292 967/2242/298
f 968/2232/297 971/2243/305 972/2233/295
f 969/2235/301 973/2244/302 970/2236/299
f 972/2245/293 971/2246/304 970/2247/303
f 972/2245/293 970/2247/303 973/2248/294
f 974/2249/603 975/2250/604 976/2251/605
f 979/2252/606 981/2253/607 974/2254/603
f 974/2249/603 981/2255/607 975/2250/604
f 979/2256/606 974/2257/603 976/2258/605
f 981/2259/607 978/2260/608 975/2261/604
f 976/2262/605 975/2263/604 978/2264/608
f 976/2262/605 978/2264/608 977/2265/609
f 979/2256/606 976/2258/605 977/2266/609
f 980/2267/610 979/2268/606 977/2269/609
f 980/2267/610 977/2269/609 978/2270/608
f 981/2259/607 980/2271/610 978/2260/608
f 979/2252/606 980/2272/610 981/2253/607
f 985/2273/611 984/2274/612 982/2275/613
f 985/2273/611 982/2275/613 983/2276/614
f 984/2277/612 983/2278/614 982/2279/613
f 984/2277/612 985/2280/611 983/2278/614
f 989/2281/615 988/2282/616 986/2283/617
f 989/2281/615 987/2284/618 988/2282/616
f 987/2285/618 986/2286/617 988/2287/616
f 987/2285/618 989/2288/615 986/2286/617
f 992/2289/619 991/2290/620 990/2291/621
f 993/2292/622 990/2293/621 991/2294/620
f 992/2289/619 993/2295/622 991/2290/620
f 993/2292/622 992/2296/619 990/2293/621
f 995/2297/622 994/2298/619 997/2299/621
f 994/2300/619 995/2301/622 996/2302/620
f 995/2297/622 997/2299/621 996/2303/620
f 994/2300/619 996/2302/620 997/2304/621
f 998/2305/623 1002/2306/624 1000/2307/625
f 998/2305/623 1003/2308/626 1002/2306/624
f 999/2309/627 998/2310/623 1000/2311/625
f 999/2312/627 1003/2313/626 998/2314/623
f 999/2309/627 1000/2311/625 1005/2315/628
f 999/2312/627 1001/2316/629 1003/2313/626
f 1001/2317/629 999/2318/627 1005/2319/628
f 1000/2320/625 1004/2321/630 1005/2322/628
f 1000/2320/625 1002/2323/624 1004/2321/630
f 1003/2324/626 1001/2325/629 1004/2326/630
f 1001/2317/629 1005/2319/628 1004/2327/630
f 1003/2324/626 1004/2326/630 1002/2328/624
f 1006/2329/631 1008/2330/632 1007/2331/633
f 1006/2329/631 1011/2332/634 1008/2330/632
f 1006/2333/631 1009/2334/635 1010/2335/636
f 1006/2333/631 1010/2335/636 1011/2336/634
f 1009/2337/635 1006/2338/631 1007/2339/633
f 1008/2340/632 1013/2341/637 1007/2342/633
f 1009/2337/635 1007/2339/633 1013/2343/637
f 1008/2340/632 1012/2344/638 1013/2341/637
f 1011/2345/634 1012/2346/638 1008/2347/632
f 1010/2348/636 1009/2349/635 1013/2350/637
f 1011/2345/634 1010/2351/636 1012/2346/638
f 1010/2348/636 1013/2350/637 1012/2352/638
f 1014/2353/639 1020/2354/640 1018/2355/641
f 1014/2353/639 1019/2356/642 1020/2354/640
f 1017/2357/643 1014/2358/639 1018/2359/641
f 1017/2360/643 1019/2361/642 1014/2362/639
f 1018/2363/641 1021/2364/644 1015/2365/645
f 1016/2366/646 1017/2367/643 1015/2368/645
f 1016/2366/646 1015/2368/645 1021/2369/644
f 1017/2357/643 1018/2359/641 1015/2370/645
f 1017/2360/643 1016/2371/646 1019/2361/642
f 1019/2372/642 1016/2373/646 1021/2374/644
f 1018/2363/641 1020/2375/640 1021/2364/644
f 1019/2372/642 1021/2374/644 1020/2376/640
f 1023/2377/647 1025/2378/648 1022/2379/649
f 1022/2380/649 1025/2381/648 1027/2382/650
f 1023/2383/647 1022/2384/649 1024/2385/651
f 1022/2380/649 1027/2382/650 1024/2386/651
f 1023/2383/647 1024/2385/651 1029/2387/652
f 1023/2377/647 1026/2388/653 1025/2378/648
f 1026/2389/653 1023/2390/647 1029/2391/652
f 1024/2392/651 1027/2393/650 1028/2394/654
f 1024/2392/651 1028/2394/654 1029/2395/652
f 1025/2396/648 1026/2397/653 1028/2398/654
f 1025/2396/648 1028/2398/654 1027/2399/650
f 1026/2389/653 1029/2391/652 1028/2400/654
f 1030/2401/655 1036/2402/656 1031/2403/657
f 1037/2404/658 1030/2405/655 1031/2406/657
f 1033/2407/659 1030/2408/655 1037/2409/658
f 1033/2407/659 1032/2410/660 1030/2408/655
f 1030/2401/655 1032/2411/660 1036/2402/656
f 1037/2404/658 1031/2406/657 1035/2412/661
f 1035/2413/661 1031/2414/657 1036/2415/656
f 1032/2416/660 1034/2417/662 1036/2418/656
f 1032/2416/660 1033/2419/659 1034/2417/662
f 1033/2420/659 1037/2421/658 1035/2422/661
f 1033/2420/659 1035/2422/661 1034/2423/662
f 1035/2413/661 1036/2415/656 1034/2424/662
f 1042/2425/660 1038/2426/662 1045/2427/656
f 1042/2425/660 1039/2428/659 1038/2426/662
f 1039/2429/659 1041/2430/661 1038/2431/662
f 1041/2432/661 1045/2433/656 1038/2434/662
f 1039/2429/659 1040/2435/658 1041/2430/661
f 1039/2436/659 1042/2437/660 1043/2438/655
f 1039/2436/659 1043/2438/655 1040/2439/658
f 1040/2440/658 1043/2441/655 1044/2442/657
f 1040/2440/658 1044/2442/657 1041/2443/661
f 1041/2432/661 1044/2444/657 1045/2433/656
f 1043/2445/655 1042/2446/660 1045/2447/656
f 1043/2445/655 1045/2447/656 1044/2448/657
f 1050/2449/663 1047/2450/664 1046/2451/665
f 1046/2452/665 1047/2453/664 1052/2454/666
f 1046/2452/665 1052/2454/666 1053/2455/667
f 1050/2456/663 1046/2457/665 1053/2458/667
f 1050/2449/663 1051/2459/668 1047/2450/664
f 1047/2460/664 1051/2461/668 1049/2462/669
f 1047/2460/664 1049/2462/669 1052/2463/666
f 1053/2464/667 1049/2465/669 1048/2466/670
f 1051/2467/668 1050/2468/663 1048/2469/670
f 1050/2456/663 1053/2458/667 1048/2470/670
f 1051/2467/668 1048/2469/670 1049/2471/669
f 1053/2464/667 1052/2472/666 1049/2465/669
f 1/2473/671 1054/2474/672 1055/2475/673
f 1054/2476/672 1062/2477/674 1063/2478/675
f 1054/2476/672 1063/2478/675 1055/2479/673
f 1055/2480/673 1063/2481/675 1064/2482/676
f 1/2473/677 1055/2475/677 2/2483/677
f 1055/2480/673 1064/2482/676 1065/2484/678
f 2/2483/679 1055/2475/673 1056/2485/680
f 1055/2480/673 1065/2484/678 1056/2486/680
f 1056/2487/680 1065/2488/678 1066/2489/681
f 3/2490/682 1056/2485/680 1057/2491/683
f 2/2483/684 1056/2485/684 3/2490/684
f 1056/2487/680 1066/2489/681 1058/2492/685
f 1056/2487/680 1058/2492/685 1057/2493/683
f 1057/2494/683 1058/2495/685 1059/2496/686
f 1/2473/687 1057/2491/683 1054/2474/672
f 1057/2494/683 1060/2497/688 1054/2498/672
f 3/2490/689 1057/2491/689 1/2473/689
f 1057/2494/683 1059/2496/686 1060/2497/688
f 1054/2476/672 1060/2499/688 1062/2477/674
f 1059/2496/686 1061/2500/690 1060/2497/688
f 1060/2499/688 1061/2501/690 1062/2477/674
f 1059/2496/686 1067/2502/691 1061/2500/690
f 1061/2501/690 1067/2503/691 1068/2504/692
f 1061/2501/690 1068/2504/692 1062/2477/674
f 1063/2481/675 1069/2505/693 1064/2482/676
f 1063/2481/675 1068/2506/692 1069/2505/693
f 1062/2477/674 1068/2504/692 1063/2478/675
f 1064/2482/676 1069/2505/693 1070/2507/694
f 1064/2482/676 1070/2507/694 1065/2484/678
f 1065/2488/678 1070/2508/694 1066/2489/681
f 1058/2495/685 1067/2502/691 1059/2496/686
f 1067/2509/691 4/2510/695 1068/2511/692
f 1068/2511/692 5/2512/696 1069/2513/693
f 1070/2508/694 1069/2514/693 1071/2515/697
f 1069/2513/693 5/2512/698 1071/2516/697
f 1070/2508/694 1071/2515/697 1066/2489/681
f 1066/2489/681 1071/2515/697 1058/2492/685
f 1058/2495/685 1071/2517/697 1067/2502/691
f 1067/2509/699 6/2518/699 4/2510/699
f 1071/2516/697 6/2518/700 1067/2509/691
f 1068/2511/701 4/2510/701 5/2512/701
f 1071/2516/702 5/2512/702 6/2518/702
f 1072/2519/672 1082/2520/674 1076/2521/675
f 1072/2519/672 1076/2521/675 1073/2522/673
f 7/2523/671 1072/2524/672 1073/2525/673
f 7/2523/703 1073/2525/703 8/2526/703
f 1073/2527/673 1077/2528/676 1078/2529/678
f 8/2526/679 1073/2525/673 1074/2530/680
f 1073/2527/673 1078/2529/678 1074/2531/680
f 9/2532/682 1074/2530/680 1075/2533/683
f 8/2526/704 1074/2530/704 9/2532/704
f 1074/2534/680 1079/2535/681 1080/2536/685
f 1074/2534/680 1080/2536/685 1075/2537/683
f 9/2532/689 1075/2533/689 7/2523/689
f 1075/2538/683 1084/2539/686 1083/2540/688
f 7/2523/687 1075/2533/683 1072/2524/672
f 1075/2538/683 1083/2540/688 1072/2541/672
f 1072/2519/672 1083/2542/688 1082/2520/674
f 1073/2527/673 1076/2543/675 1077/2528/676
f 1077/2528/676 1086/2544/694 1078/2529/678
f 1078/2545/678 1086/2546/694 1079/2535/681
f 1074/2534/680 1078/2545/678 1079/2535/681
f 1075/2538/683 1080/2547/685 1084/2539/686
f 1081/2548/690 1088/2549/692 1082/2520/674
f 1083/2542/688 1081/2548/690 1082/2520/674
f 1084/2539/686 1089/2550/691 1081/2551/690
f 1084/2539/686 1081/2551/690 1083/2540/688
f 1081/2548/690 1089/2552/691 1088/2549/692
f 1082/2520/674 1088/2549/692 1076/2521/675
f 1076/2543/675 1085/2553/693 1077/2528/676
f 1077/2528/676 1085/2553/693 1086/2544/694
f 1079/2535/681 1087/2554/697 1080/2536/685
f 1080/2547/685 1089/2550/691 1084/2539/686
f 1080/2547/685 1087/2555/697 1089/2550/691
f 1076/2543/675 1088/2556/692 1085/2553/693
f 1088/2557/692 11/2558/696 1085/2559/693
f 1086/2546/694 1085/2560/693 1087/2554/697
f 1086/2546/694 1087/2554/697 1079/2535/681
f 1085/2559/693 11/2558/698 1087/2561/697
f 1087/2561/705 11/2558/705 12/2562/705
f 1087/2561/697 12/2562/706 1089/2563/691
f 1088/2557/701 10/2564/701 11/2558/701
f 1089/2563/691 10/2564/695 1088/2557/692
f 1089/2563/707 12/2562/707 10/2564/707
f 1090/2565/672 1099/2566/674 1094/2567/675
f 1090/2565/672 1094/2567/675 1091/2568/673
f 13/2569/671 1090/2570/672 1091/2571/673
f 1091/2572/673 1094/2573/675 1100/2574/676
f 13/2569/708 1091/2571/708 14/2575/708
f 1091/2572/673 1100/2574/676 1095/2576/678
f 14/2575/679 1091/2571/673 1092/2577/680
f 1091/2572/673 1095/2576/678 1092/2578/680
f 1092/2579/680 1095/2580/678 1096/2581/681
f 15/2582/682 1092/2577/680 1093/2583/683
f 14/2575/704 1092/2577/704 15/2582/704
f 1092/2579/680 1096/2581/681 1097/2584/685
f 1092/2579/680 1097/2584/685 1093/2585/683
f 1093/2586/683 1097/2587/685 1102/2588/686
f 1095/2580/678 1101/2589/694 1096/2581/681
f 1100/2574/676 1101/2590/694 1095/2576/678
f 15/2582/689 1093/2583/689 13/2569/689
f 1093/2586/683 1102/2588/686 1098/2591/688
f 13/2569/687 1093/2583/683 1090/2570/672
f 1093/2586/683 1098/2591/688 1090/2592/672
f 1090/2565/672 1098/2593/688 1099/2566/674
f 1098/2593/688 1103/2594/690 1099/2566/674
f 1102/2588/686 1103/2595/690 1098/2591/688
f 1103/2594/690 1104/2596/692 1099/2566/674
f 1099/2566/674 1104/2596/692 1094/2567/675
f 1094/2573/675 1105/2597/693 1100/2574/676
f 1094/2573/675 1104/2598/692 1105/2597/693
f 1100/2574/676 1105/2597/693 1101/2590/694
f 1101/2589/694 1105/2599/693 1107/2600/697
f 1101/2589/694 1107/2600/697 1096/2581/681
f 1097/2587/685 1106/2601/691 1102/2588/686
f 1102/2588/686 1106/2601/691 1103/2595/690
f 1103/2594/690 1106/2602/691 1104/2596/692
f 1104/2603/701 16/2604/701 17/2605/701
f 1106/2606/691 16/2604/695 1104/2603/692
f 1105/2607/693 17/2605/698 1107/2608/697
f 1096/2581/681 1107/2600/697 1097/2584/685
f 1097/2587/685 1107/2609/697 1106/2601/691
f 1106/2606/699 18/2610/699 16/2604/699
f 1107/2608/697 18/2610/700 1106/2606/691
f 1104/2603/692 17/2605/696 1105/2607/693
f 1107/2608/702 17/2605/702 18/2610/702
f 1108/2611/672 1109/2612/674 1111/2613/675
f 1108/2611/672 1111/2613/675 1110/2614/673
f 19/2615/671 1108/2616/672 1110/2617/673
f 1108/2611/672 1116/2618/688 1109/2612/674
f 1110/2619/673 1111/2620/675 1112/2621/676
f 1110/2619/673 1112/2621/676 1114/2622/678
f 1112/2621/676 1117/2623/694 1114/2622/678
f 20/2624/679 1110/2617/673 1113/2625/680
f 1110/2619/673 1114/2622/678 1113/2626/680
f 19/2615/677 1110/2617/677 20/2624/677
f 1113/2627/680 1114/2628/678 1118/2629/681
f 1114/2628/678 1117/2630/694 1118/2629/681
f 21/2631/682 1113/2625/680 1115/2632/683
f 20/2624/709 1113/2625/709 21/2631/709
f 1113/2627/680 1118/2629/681 1119/2633/685
f 1113/2627/680 1119/2633/685 1115/2634/683
f 1115/2635/683 1119/2636/685 1120/2637/686
f 21/2631/689 1115/2632/689 19/2615/689
f 1115/2635/683 1120/2637/686 1116/2638/688
f 19/2615/687 1115/2632/683 1108/2616/672
f 1115/2635/683 1116/2638/688 1108/2639/672
f 1116/2618/688 1121/2640/690 1109/2612/674
f 1120/2637/686 1121/2641/690 1116/2638/688
f 1109/2612/674 1122/2642/692 1111/2613/675
f 1111/2620/675 1125/2643/693 1112/2621/676
f 1111/2620/675 1122/2644/692 1125/2643/693
f 1112/2621/676 1125/2643/693 1117/2623/694
f 1117/2630/694 1125/2645/693 1123/2646/697
f 1117/2630/694 1123/2646/697 1118/2629/681
f 1118/2629/681 1123/2646/697 1119/2633/685
f 1121/2640/690 1124/2647/691 1122/2642/692
f 1121/2640/690 1122/2642/692 1109/2612/674
f 1120/2637/686 1124/2648/691 1121/2641/690
f 1124/2649/691 22/2650/695 1122/2651/692
f 1122/2651/710 22/2650/710 23/2652/710
f 1122/2651/692 23/2652/696 1125/2653/693
f 1125/2653/693 23/2652/698 1123/2654/697
f 1123/2654/702 23/2652/702 24/2655/702
f 1119/2636/685 1123/2656/697 1124/2648/691
f 1123/2654/697 24/2655/706 1124/2649/691
f 1119/2636/685 1124/2648/691 1120/2637/686
f 1124/2649/699 24/2655/699 22/2650/699
f 25/2657/671 1126/2658/672 1130/2659/673
f 1126/2660/672 1136/2661/674 1129/2662/675
f 1126/2660/672 1129/2662/675 1130/2663/673
f 26/2664/679 1130/2659/673 1127/2665/680
f 1130/2666/673 1132/2667/678 1127/2668/680
f 1127/2669/680 1132/2670/678 1133/2671/681
f 25/2657/687 1128/2672/683 1126/2658/672
f 1128/2673/683 1134/2674/688 1126/2675/672
f 1128/2673/683 1139/2676/686 1134/2674/688
f 27/2677/689 1128/2672/689 25/2657/689
f 1126/2660/672 1134/2678/688 1136/2661/674
f 1130/2666/673 1129/2679/675 1131/2680/676
f 1130/2666/673 1131/2680/676 1132/2667/678
f 1131/2680/676 1137/2681/694 1132/2667/678
f 25/2657/677 1130/2659/677 26/2664/677
f 1132/2670/678 1137/2682/694 1133/2671/681
f 1127/2669/680 1133/2671/681 1138/2683/685
f 27/2677/682 1127/2665/680 1128/2672/683
f 26/2664/711 1127/2665/711 27/2677/711
f 1127/2669/680 1138/2683/685 1128/2684/683
f 1128/2673/683 1138/2685/685 1139/2676/686
f 1134/2678/688 1135/2686/690 1136/2661/674
f 1139/2676/686 1135/2687/690 1134/2674/688
f 1135/2686/690 1142/2688/691 1140/2689/692
f 1135/2686/690 1140/2689/692 1136/2661/674
f 1139/2676/686 1142/2690/691 1135/2687/690
f 1129/2679/675 1141/2691/693 1131/2680/676
f 1131/2680/676 1141/2691/693 1137/2681/694
f 1137/2682/694 1141/2692/693 1143/2693/697
f 1137/2682/694 1143/2693/697 1133/2671/681
f 1138/2685/685 1142/2690/691 1139/2676/686
f 1136/2661/674 1140/2689/692 1129/2662/675
f 1140/2694/692 29/2695/696 1141/2696/693
f 1129/2679/675 1140/2697/692 1141/2691/693
f 1141/2696/693 29/2695/698 1143/2698/697
f 1133/2671/681 1143/2693/697 1138/2683/685
f 1138/2685/685 1143/2699/697 1142/2690/691
f 1142/2700/707 30/2701/707 28/2702/707
f 1143/2698/697 30/2701/706 1142/2700/691
f 1142/2700/691 28/2702/695 1140/2694/692
f 1140/2694/701 28/2702/701 29/2695/701
f 1143/2698/702 29/2695/702 30/2701/702
f 31/2703/671 1147/2704/672 1144/2705/673
f 1147/2706/672 1152/2707/675 1144/2708/673
f 1144/2709/673 1152/2710/675 1153/2711/676
f 31/2703/677 1144/2705/677 32/2712/677
f 1144/2709/673 1153/2711/676 1154/2713/678
f 32/2712/679 1144/2705/673 1145/2714/680
f 1144/2709/673 1154/2713/678 1145/2715/680
f 1145/2716/680 1154/2717/678 1149/2718/681
f 33/2719/682 1145/2714/680 1146/2720/683
f 1145/2716/680 1155/2721/685 1146/2722/683
f 1146/2723/683 1155/2724/685 1150/2725/686
f 1147/2706/672 1151/2726/688 1148/2727/674
f 31/2703/687 1146/2720/683 1147/2704/672
f 1146/2723/683 1151/2728/688 1147/2729/672
f 1147/2706/672 1148/2727/674 1152/2707/675
f 1145/2716/680 1149/2718/681 1155/2721/685
f 32/2712/709 1145/2714/709 33/2719/709
f 33/2719/689 1146/2720/689 31/2703/689
f 1146/2723/683 1150/2725/686 1151/2728/688
f 1150/2725/686 1159/2730/690 1151/2728/688
f 1151/2726/688 1159/2731/690 1148/2727/674
f 1152/2710/675 1160/2732/693 1153/2711/676
f 1153/2711/676 1160/2732/693 1157/2733/694
f 1153/2711/676 1157/2733/694 1154/2713/678
f 1154/2717/678 1157/2734/694 1149/2718/681
f 1152/2710/675 1156/2735/692 1160/2732/693
f 1148/2727/674 1156/2736/692 1152/2707/675
f 1156/2737/692 35/2738/696 1160/2739/693
f 1159/2731/690 1156/2736/692 1148/2727/674
f 1157/2734/694 1160/2740/693 1161/2741/697
f 1157/2734/694 1161/2741/697 1149/2718/681
f 1149/2718/681 1161/2741/697 1155/2721/685
f 1155/2724/685 1158/2742/691 1150/2725/686
f 1155/2724/685 1161/2743/697 1158/2742/691
f 1158/2744/699 36/2745/699 34/2746/699
f 1161/2747/697 36/2745/706 1158/2744/691
f 1150/2725/686 1158/2742/691 1159/2730/690
f 1158/2744/691 34/2746/695 1156/2737/692
f 1159/2731/690 1158/2748/691 1156/2736/692
f 1156/2737/701 34/2746/701 35/2738/701
f 1160/2739/693 35/2738/698 1161/2747/697
f 1161/2747/702 35/2738/702 36/2745/702
f 1167/2749/663 1168/2750/664 1162/2751/665
f 1162/2752/665 1168/2753/664 1163/2754/666
f 1167/2755/663 1162/2756/665 1164/2757/667
f 1162/2752/665 1163/2754/666 1164/2758/667
f 1164/2759/667 1163/2760/666 1169/2761/669
f 1168/2762/664 1169/2763/669 1163/2764/666
f 1164/2759/667 1169/2761/669 1166/2765/670
f 1167/2755/663 1164/2757/667 1166/2766/670
f 1165/2767/668 1166/2768/670 1169/2769/669
f 1165/2767/668 1167/2770/663 1166/2768/670
f 1168/2762/664 1165/2771/668 1169/2763/669
f 1167/2749/663 1165/2772/668 1168/2750/664
f 1170/2773/672 1174/2774/674 1175/2775/675
f 37/2776/671 1170/2777/672 1176/2778/673
f 1170/2773/672 1175/2775/675 1176/2779/673
f 1171/2780/680 1179/2781/685 1172/2782/683
f 38/2783/704 1171/2784/704 39/2785/704
f 1171/2780/680 1178/2786/681 1179/2781/685
f 39/2785/682 1171/2784/680 1172/2787/683
f 1172/2788/683 1179/2789/685 1180/2790/686
f 37/2776/687 1172/2787/683 1170/2777/672
f 39/2785/712 1172/2787/712 37/2776/712
f 1172/2788/683 1180/2790/686 1173/2791/688
f 1172/2788/683 1173/2791/688 1170/2792/672
f 1170/2773/672 1173/2793/688 1174/2774/674
f 1173/2793/688 1183/2794/690 1174/2774/674
f 1180/2790/686 1183/2795/690 1173/2791/688
f 1176/2796/673 1175/2797/675 1181/2798/676
f 38/2783/679 1176/2778/673 1171/2784/680
f 37/2776/677 1176/2778/677 38/2783/677
f 1176/2796/673 1181/2798/676 1177/2799/678
f 1176/2796/673 1177/2799/678 1171/2800/680
f 1171/2780/680 1177/2801/678 1178/2786/681
f 1181/2798/676 1182/2802/694 1177/2799/678
f 1177/2801/678 1182/2803/694 1178/2786/681
f 1183/2794/690 1185/2804/692 1174/2774/674
f 1174/2774/674 1185/2804/692 1175/2775/675
f 1181/2798/676 1186/2805/693 1182/2802/694
f 1182/2803/694 1187/2806/697 1178/2786/681
f 1182/2803/694 1186/2807/693 1187/2806/697
f 1179/2789/685 1187/2808/697 1184/2809/691
f 1179/2789/685 1184/2809/691 1180/2790/686
f 1178/2786/681 1187/2806/697 1179/2781/685
f 1180/2790/686 1184/2809/691 1183/2795/690
f 1183/2794/690 1184/2810/691 1185/2804/692
f 1184/2811/691 40/2812/695 1185/2813/692
f 1185/2813/701 40/2812/701 41/2814/701
f 1175/2797/675 1185/2815/692 1186/2805/693
f 1175/2797/675 1186/2805/693 1181/2798/676
f 1186/2816/693 41/2814/698 1187/2817/697
f 1187/2817/702 41/2814/702 42/2818/702
f 1185/2813/692 41/2814/696 1186/2816/693
f 1187/2817/697 42/2818/700 1184/2811/691
f 1184/2811/699 42/2818/699 40/2812/699
f 1188/2819/672 1198/2820/674 1192/2821/675
f 43/2822/671 1188/2823/672 1189/2824/673
f 1188/2819/672 1192/2821/675 1189/2825/673
f 1189/2826/673 1192/2827/675 1193/2828/676
f 1190/2829/680 1194/2830/678 1199/2831/681
f 1189/2826/673 1194/2832/678 1190/2833/680
f 44/2834/679 1189/2824/673 1190/2835/680
f 43/2822/687 1191/2836/683 1188/2823/672
f 45/2837/689 1191/2836/689 43/2822/689
f 1191/2838/683 1200/2839/686 1196/2840/688
f 1191/2838/683 1196/2840/688 1188/2841/672
f 1193/2828/676 1203/2842/694 1194/2832/678
f 1189/2826/673 1193/2828/676 1194/2832/678
f 43/2822/677 1189/2824/677 44/2834/677
f 1194/2830/678 1203/2843/694 1199/2831/681
f 44/2834/711 1190/2835/711 45/2837/711
f 1190/2829/680 1199/2831/681 1195/2844/685
f 45/2837/682 1190/2835/680 1191/2836/683
f 1190/2829/680 1195/2844/685 1191/2845/683
f 1191/2838/683 1195/2846/685 1200/2839/686
f 1196/2847/688 1197/2848/690 1198/2820/674
f 1188/2819/672 1196/2847/688 1198/2820/674
f 1200/2839/686 1197/2849/690 1196/2840/688
f 1197/2848/690 1201/2850/692 1198/2820/674
f 1197/2848/690 1205/2851/691 1201/2850/692
f 1200/2839/686 1205/2852/691 1197/2849/690
f 1199/2831/681 1204/2853/697 1195/2844/685
f 1203/2843/694 1204/2853/697 1199/2831/681
f 1195/2846/685 1205/2852/691 1200/2839/686
f 1198/2820/674 1201/2850/692 1192/2821/675
f 1201/2854/692 47/2855/696 1202/2856/693
f 1192/2827/675 1201/2857/692 1202/2858/693
f 1192/2827/675 1202/2858/693 1193/2828/676
f 1193/2828/676 1202/2858/693 1203/2842/694
f 1202/2856/693 47/2855/698 1204/2859/697
f 1203/2843/694 1202/2860/693 1204/2853/697
f 1195/2846/685 1204/2861/697 1205/2852/691
f 1204/2859/697 48/2862/700 1205/2863/691
f 1205/2863/699 48/2862/699 46/2864/699
f 1205/2863/691 46/2864/695 1201/2854/692
f 1201/2854/701 46/2864/701 47/2855/701
f 1204/2859/702 47/2855/702 48/2862/702
f 1206/2865/680 1213/2866/685 1207/2867/683
f 50/2868/704 1206/2869/704 51/2870/704
f 1206/2865/680 1216/2871/681 1213/2866/685
f 51/2870/682 1206/2869/680 1207/2872/683
f 1207/2873/683 1213/2874/685 1217/2875/686
f 1210/2876/672 1218/2877/688 1208/2878/674
f 1210/2876/672 1208/2878/674 1209/2879/675
f 1210/2876/672 1209/2879/675 1211/2880/673
f 1211/2881/673 1209/2882/675 1212/2883/676
f 49/2884/671 1210/2885/672 1211/2886/673
f 1211/2881/673 1212/2883/676 1215/2887/678
f 1212/2883/676 1214/2888/694 1215/2887/678
f 50/2868/679 1211/2886/673 1206/2869/680
f 49/2884/677 1211/2886/677 50/2868/677
f 1211/2881/673 1215/2887/678 1206/2889/680
f 1206/2865/680 1215/2890/678 1216/2871/681
f 49/2884/687 1207/2872/683 1210/2885/672
f 51/2870/689 1207/2872/689 49/2884/689
f 1207/2873/683 1217/2875/686 1218/2891/688
f 1207/2873/683 1218/2891/688 1210/2892/672
f 1218/2877/688 1220/2893/690 1208/2878/674
f 1220/2893/690 1219/2894/692 1208/2878/674
f 1208/2878/674 1219/2894/692 1209/2879/675
f 1209/2882/675 1219/2895/692 1221/2896/693
f 1209/2882/675 1221/2896/693 1212/2883/676
f 1212/2883/676 1221/2896/693 1214/2888/694
f 1215/2890/678 1214/2897/694 1216/2871/681
f 1214/2897/694 1222/2898/697 1216/2871/681
f 1214/2897/694 1221/2899/693 1222/2898/697
f 1216/2871/681 1222/2898/697 1213/2866/685
f 1213/2874/685 1222/2900/697 1223/2901/691
f 1213/2874/685 1223/2901/691 1217/2875/686
f 1217/2875/686 1220/2902/690 1218/2891/688
f 1217/2875/686 1223/2901/691 1220/2902/690
f 1219/2903/701 52/2904/701 53/2905/701
f 1220/2893/690 1223/2906/691 1219/2894/692
f 1223/2907/691 52/2904/695 1219/2903/692
f 1219/2903/692 53/2905/696 1221/2908/693
f 1221/2908/693 53/2905/698 1222/2909/697
f 1222/2909/702 53/2905/702 54/2910/702
f 1222/2909/697 54/2910/706 1223/2907/691
f 1223/2907/699 54/2910/699 52/2904/699
f 1224/2911/672 1236/2912/688 1228/2913/674
f 55/2914/687 1227/2915/683 1224/2916/672
f 1227/2917/683 1236/2918/688 1224/2919/672
f 55/2914/671 1224/2916/672 1225/2920/673
f 1224/2911/672 1229/2921/675 1225/2922/673
f 1224/2911/672 1228/2913/674 1229/2921/675
f 56/2923/679 1225/2920/673 1226/2924/680
f 1225/2925/673 1230/2926/676 1231/2927/678
f 1225/2925/673 1231/2927/678 1226/2928/680
f 55/2914/677 1225/2920/677 56/2923/677
f 1226/2929/680 1231/2930/678 1232/2931/681
f 1227/2917/683 1233/2932/685 1235/2933/686
f 57/2934/682 1226/2924/680 1227/2915/683
f 1226/2929/680 1233/2935/685 1227/2936/683
f 57/2934/689 1227/2915/689 55/2914/689
f 1227/2917/683 1235/2933/686 1236/2918/688
f 1225/2925/673 1229/2937/675 1230/2926/676
f 1230/2926/676 1234/2938/694 1231/2927/678
f 1231/2930/678 1234/2939/694 1232/2931/681
f 1226/2929/680 1232/2931/681 1233/2935/685
f 56/2923/711 1226/2924/711 57/2934/711
f 1230/2926/676 1241/2940/693 1234/2938/694
f 1234/2939/694 1239/2941/697 1232/2931/681
f 1234/2939/694 1241/2942/693 1239/2941/697
f 1233/2932/685 1239/2943/697 1240/2944/691
f 1233/2932/685 1240/2944/691 1235/2933/686
f 1232/2931/681 1239/2941/697 1233/2935/685
f 1235/2933/686 1237/2945/690 1236/2918/688
f 1236/2912/688 1237/2946/690 1228/2913/674
f 1237/2946/690 1238/2947/692 1228/2913/674
f 1237/2946/690 1240/2948/691 1238/2947/692
f 1235/2933/686 1240/2944/691 1237/2945/690
f 1228/2913/674 1238/2947/692 1229/2921/675
f 1238/2949/692 59/2950/696 1241/2951/693
f 1229/2937/675 1238/2952/692 1241/2940/693
f 1229/2937/675 1241/2940/693 1230/2926/676
f 1239/2953/702 59/2950/702 60/2954/702
f 1241/2951/693 59/2950/698 1239/2953/697
f 1239/2953/697 60/2954/700 1240/2955/691
f 1240/2955/691 58/2956/695 1238/2949/692
f 1238/2949/710 58/2956/710 59/2950/710
f 1240/2955/707 60/2954/707 58/2956/707
f 1242/2957/672 1246/2958/674 1247/2959/675
f 61/2960/671 1242/2961/672 1243/2962/673
f 1242/2957/672 1247/2959/675 1243/2963/673
f 1243/2964/673 1247/2965/675 1248/2966/676
f 61/2960/677 1243/2962/677 62/2967/677
f 1243/2964/673 1248/2966/676 1252/2968/678
f 1243/2964/673 1252/2968/678 1244/2969/680
f 62/2967/679 1243/2962/673 1244/2970/680
f 62/2967/704 1244/2970/704 63/2971/704
f 1244/2972/680 1249/2973/681 1253/2974/685
f 63/2971/682 1244/2970/680 1245/2975/683
f 1244/2972/680 1253/2974/685 1245/2976/683
f 1245/2977/683 1253/2978/685 1254/2979/686
f 1242/2957/672 1250/2980/688 1246/2958/674
f 1248/2966/676 1251/2981/694 1252/2968/678
f 1244/2972/680 1252/2982/678 1249/2973/681
f 1245/2977/683 1250/2983/688 1242/2984/672
f 63/2971/689 1245/2975/689 61/2960/689
f 1245/2977/683 1254/2979/686 1250/2983/688
f 61/2960/687 1245/2975/683 1242/2961/672
f 1250/2980/688 1255/2985/690 1246/2958/674
f 1254/2979/686 1255/2986/690 1250/2983/688
f 1247/2965/675 1256/2987/692 1259/2988/693
f 1247/2965/675 1259/2988/693 1248/2966/676
f 1246/2958/674 1256/2989/692 1247/2959/675
f 1248/2966/676 1259/2988/693 1251/2981/694
f 1252/2982/678 1251/2990/694 1249/2973/681
f 1251/2990/694 1257/2991/697 1249/2973/681
f 1251/2990/694 1259/2992/693 1257/2991/697
f 1249/2973/681 1257/2991/697 1253/2974/685
f 1253/2978/685 1257/2993/697 1258/2994/691
f 1253/2978/685 1258/2994/691 1254/2979/686
f 1254/2979/686 1258/2994/691 1255/2986/690
f 1255/2985/690 1256/2989/692 1246/2958/674
f 1255/2985/690 1258/2995/691 1256/2989/692
f 1256/2996/701 64/2997/701 65/2998/701
f 1258/2999/691 64/2997/695 1256/2996/692
f 1257/3000/702 65/2998/702 66/3001/702
f 1259/3002/693 65/2998/698 1257/3000/697
f 1257/3000/697 66/3001/706 1258/2999/691
f 1258/2999/699 66/3001/699 64/2997/699
f 1256/2996/692 65/2998/696 1259/3002/693
f 1260/3003/672 1272/3004/688 1266/3005/674
f 67/3006/687 1262/3007/683 1260/3008/672
f 1262/3009/683 1272/3010/688 1260/3011/672
f 68/3012/679 1263/3013/673 1261/3014/680
f 1263/3015/673 1268/3016/678 1261/3017/680
f 1261/3018/680 1268/3019/678 1265/3020/681
f 1262/3009/683 1270/3021/685 1271/3022/686
f 69/3023/682 1261/3014/680 1262/3007/683
f 1261/3018/680 1270/3024/685 1262/3025/683
f 69/3023/689 1262/3007/689 67/3006/689
f 1262/3009/683 1271/3022/686 1272/3010/688
f 1260/3003/672 1266/3005/674 1267/3026/675
f 67/3006/671 1260/3008/672 1263/3013/673
f 1260/3003/672 1267/3026/675 1263/3027/673
f 1263/3015/673 1267/3028/675 1264/3029/676
f 1263/3015/673 1264/3029/676 1268/3016/678
f 67/3006/677 1263/3013/677 68/3012/677
f 1264/3029/676 1269/3030/694 1268/3016/678
f 1261/3018/680 1265/3020/681 1270/3024/685
f 68/3012/711 1261/3014/711 69/3023/711
f 1272/3004/688 1273/3031/690 1266/3005/674
f 1273/3031/690 1275/3032/692 1266/3005/674
f 1266/3005/674 1275/3032/692 1267/3026/675
f 1267/3028/675 1275/3033/692 1276/3034/693
f 1267/3028/675 1276/3034/693 1264/3029/676
f 1264/3029/676 1276/3034/693 1269/3030/694
f 1268/3019/678 1269/3035/694 1265/3020/681
f 1269/3035/694 1277/3036/697 1265/3020/681
f 1269/3035/694 1276/3037/693 1277/3036/697
f 1270/3021/685 1277/3038/697 1274/3039/691
f 1270/3021/685 1274/3039/691 1271/3022/686
f 1265/3020/681 1277/3036/697 1270/3024/685
f 1271/3022/686 1273/3040/690 1272/3010/688
f 1271/3022/686 1274/3039/691 1273/3040/690
f 1273/3031/690 1274/3041/691 1275/3032/692
f 1274/3042/691 70/3043/695 1275/3044/692
f 1275/3044/701 70/3043/701 71/3045/701
f 1275/3044/692 71/3045/696 1276/3046/693
f 1276/3046/693 71/3045/698 1277/3047/697
f 1277/3047/697 72/3048/706 1274/3042/691
f 1274/3042/713 72/3048/713 70/3043/713
f 1277/3047/714 71/3045/714 72/3048/714
f 1278/3049/715 1279/3050/716 1280/3051/717
f 1278/3052/715 1283/3053/718 1282/3054/719
f 1278/3052/715 1280/3055/717 1283/3053/718
f 1280/3056/717 1279/3057/716 1281/3058/720
f 1280/3056/717 1281/3058/720 1283/3059/718
f 1279/3060/716 1282/3061/719 1281/3062/720
f 1283/3063/718 1281/3064/720 1282/3065/719
f 1279/3060/716 1278/3066/715 1282/3061/719
f 1285/3067/717 1284/3068/720 1286/3069/718
f 1285/3067/717 1287/3070/716 1284/3068/720
f 1289/3071/715 1286/3072/718 1288/3073/719
f 1289/3074/715 1287/3075/716 1285/3076/717
f 1287/3077/716 1288/3078/719 1284/3079/720
f 1287/3077/716 1289/3080/715 1288/3078/719
f 1286/3081/718 1284/3082/720 1288/3083/719
f 1289/3071/715 1285/3084/717 1286/3072/718
f 1290/3085/721 1293/3086/722 1291/3087/723
f 1297/3088/724 1295/3089/725 1290/3090/726
f 1290/3085/721 1295/3091/727 1293/3086/722
f 1296/3092/728 1297/3093/729 1290/3094/721
f 1296/3092/728 1290/3094/721 1291/3095/723
f 1292/3096/730 1296/3097/731 1291/3098/732
f 1292/3096/730 1291/3098/732 1293/3099/733
f 1294/3100/734 1292/3101/735 1293/3102/722
f 1296/3103/728 1292/3104/735 1294/3105/734
f 1294/3100/734 1293/3102/722 1295/3106/727
f 1297/3088/724 1294/3107/736 1295/3089/725
f 1296/3103/728 1294/3105/734 1297/3108/729
f 1304/3109/737 1302/3110/738 1298/3111/739
f 1298/3112/739 1302/3113/738 1303/3114/740
f 1304/3115/737 1298/3116/739 1305/3117/741
f 1298/3112/739 1303/3114/740 1305/3118/741
f 1300/3119/742 1299/3120/743 1301/3121/744
f 1300/3119/742 1304/3122/737 1299/3120/743
f 1304/3115/737 1305/3117/741 1299/3123/743
f 1305/3124/741 1301/3125/744 1299/3126/743
f 1302/3127/738 1300/3128/742 1301/3129/744
f 1304/3109/737 1300/3130/742 1302/3110/738
f 1302/3127/738 1301/3129/744 1303/3131/740
f 1305/3124/741 1303/3132/740 1301/3125/744
f 1306/3133/463 1312/3134/465 1308/3135/467
f 1306/3133/463 1310/3136/462 1312/3134/465
f 1313/3137/461 1306/3138/463 1308/3139/467
f 1313/3140/461 1310/3141/462 1306/3142/463
f 1310/3143/462 1311/3144/464 1307/3145/466
f 1310/3143/462 1307/3145/466 1312/3146/465
f 1311/3147/464 1309/3148/468 1307/3149/466
f 1308/3150/467 1312/3151/465 1307/3152/466
f 1308/3150/467 1307/3152/466 1309/3153/468
f 1313/3137/461 1308/3139/467 1309/3154/468
f 1311/3147/464 1313/3155/461 1309/3148/468
f 1313/3140/461 1311/3156/464 1310/3141/462
f 1316/3157/469 1314/3158/470 1315/3159/745
f 1316/3157/469 1315/3159/745 1320/3160/746
f 1316/3157/469 1320/3160/746 1318/3161/564
f 1316/3157/469 1319/3162/474 1317/3163/563
f 1316/3157/469 1318/3161/564 1319/3162/474
f 1317/3164/563 1319/3165/474 1318/3166/564
f 1317/3164/563 1318/3166/564 1320/3167/746
f 1317/3164/563 1320/3167/746 1315/3168/745
f 1317/3164/563 1315/3168/745 1314/3169/470
f 1317/3164/563 1314/3169/470 1316/3170/469
f 1322/3171/61 1323/3172/61 1321/3173/61
f 1323/3174/61 1322/3175/61 1321/3176/61
f 1325/3177/61 1324/3178/61 1326/3179/61
f 1324/3180/61 1325/3181/61 1326/3182/61
f 1329/3183/747 1327/3184/748 1328/3185/749
f 1327/3186/748 1329/3187/747 1328/3188/749
f 1331/3189/156 1332/3190/156 1330/3191/156
f 1332/3192/156 1331/3193/156 1330/3194/156
f 1333/3195/750 1335/3196/751 1334/3197/752
f 1335/3198/751 1333/3199/750 1334/3200/752
f 1337/3201/163 1336/3202/163 1338/3203/163
f 1336/3204/163 1337/3205/163 1338/3206/163
f 1339/3207/753 1342/3208/754 1341/3209/755
f 1339/3207/753 1340/3210/756 1342/3208/754
f 1340/3211/756 1339/3212/753 1341/3213/755
f 1340/3211/756 1341/3213/755 1342/3214/754
f 1347/3215/490 1349/3216/487 1343/3217/572
f 1343/3218/572 1349/3219/487 1350/3220/489
f 1347/3221/490 1343/3222/572 1344/3223/493
f 1343/3218/572 1350/3220/489 1344/3224/493
f 1344/3225/493 1350/3226/489 1346/3227/488
f 1344/3225/493 1346/3227/488 1348/3228/496
f 1347/3221/490 1344/3223/493 1348/3229/496
f 1349/3230/487 1345/3231/495 1346/3232/488
f 1345/3233/495 1348/3234/496 1346/3235/488
f 1345/3233/495 1347/3236/490 1348/3234/496
f 1347/3215/490 1345/3237/495 1349/3216/487
f 1349/3230/487 1346/3232/488 1350/3238/489
f 1351/3239/572 1358/3240/489 1352/3241/493
f 1351/3239/572 1355/3242/487 1358/3240/489
f 1357/3243/490 1351/3244/572 1352/3245/493
f 1357/3246/490 1355/3247/487 1351/3248/572
f 1352/3249/493 1356/3250/488 1354/3251/496
f 1352/3249/493 1358/3252/489 1356/3250/488
f 1357/3243/490 1352/3245/493 1354/3253/496
f 1353/3254/495 1354/3255/496 1356/3256/488
f 1353/3254/495 1357/3257/490 1354/3255/496
f 1355/3258/487 1353/3259/495 1356/3260/488
f 1357/3246/490 1353/3261/495 1355/3247/487
f 1355/3258/487 1356/3260/488 1358/3262/489
f 103/1/757 104/3263/757 105/2/757
f 108/4/758 109/3264/758 110/5/758
f 111/7/759 112/3265/759 113/8/759
f 120/10/4 121/69/178 122/11/5
f 125/13/760 126/3266/760 127/14/760
f 130/16/761 131/162/103 132/17/105
f 137/19/762 138/72/191 139/20/190
f 142/22/763 143/3267/763 144/23/763
f 148/25/11 149/185/123 150/26/125
f 153/28/764 154/3268/764 155/29/764
f 474/131/765 475/3269/765 476/3270/765
f 474/131/766 476/3270/766 472/3271/766
f 474/131/767 472/3271/767 473/129/767
f 490/52/768 485/33/768 489/32/768
f 485/33/769 486/103/769 488/31/769
f 486/103/61 487/102/61 488/31/61
f 498/1140/770 499/3272/770 497/35/770
f 499/3272/404 495/36/404 497/35/404
f 507/1113/771 502/101/771 503/37/771
f 503/37/772 504/166/772 505/38/772
f 506/39/773 507/1113/773 503/37/773
f 648/3273/774 644/82/774 645/84/774
f 645/84/775 646/3274/775 647/3275/775
f 645/84/776 647/3275/776 648/3273/776
f 656/42/511 652/3276/513 653/3277/777
f 653/3277/778 654/3278/778 656/42/778
f 654/3278/779 655/40/779 656/42/779
f 665/45/780 666/3279/780 667/3280/780
f 665/45/781 667/3280/781 662/3281/781
f 665/45/782 662/3281/782 663/43/782
f 671/46/783 668/154/783 649/3282/783
f 671/46/784 649/3282/85 669/46/524
f 484/51/785 485/33/785 490/52/785
f 106/54/786 111/3283/786 114/55/786
f 129/60/787 128/3284/787 120/10/787
f 130/16/32 133/18/32 115/61/32
f 151/27/788 105/277/788 104/64/788
f 117/66/789 116/3285/789 146/67/789
f 144/23/41 143/3267/194 121/69/42
f 162/70/32 131/162/32 130/16/32
f 155/29/45 154/3268/184 138/72/46
f 487/73/790 469/122/76 470/74/75
f 499/76/791 478/97/791 479/77/791
f 640/109/67 652/3286/792 641/107/65
f 663/79/793 662/3287/793 643/80/793
f 644/82/794 651/41/118 650/83/522
f 673/88/795 662/3288/795 667/89/795
f 114/3289/796 113/270/796 99/269/796
f 98/91/797 106/3290/797 105/92/797
f 129/94/798 112/3291/798 111/95/798
f 124/3292/799 127/308/799 119/307/799
f 104/3293/800 103/281/800 134/280/800
f 481/50/801 480/49/802 497/99/803
f 502/101/61 507/1113/61 487/102/61
f 505/38/415 504/166/416 493/1132/414
f 641/107/804 646/3294/804 645/108/804
f 658/110/805 653/1500/805 652/111/805
f 132/17/806 125/3295/806 124/113/806
f 139/20/807 135/3296/807 136/114/808
f 151/27/809 150/26/809 162/115/809
f 115/117/32 149/185/32 148/25/32
f 160/119/810 159/3297/810 157/120/810
f 482/124/811 503/37/811 502/101/811
f 468/126/163 472/3298/163 476/127/163
f 506/1142/420 505/3299/812 500/1143/421
f 654/1488/529 653/3300/813 648/1491/530
f 101/141/814 126/3301/814 125/142/814
f 152/30/6 123/12/6 122/11/6
f 135/144/815 107/3302/815 110/145/815
f 121/312/178 147/3303/816 146/300/179
f 474/147/817 496/34/817 495/36/817
f 473/3304/818 472/3305/819 483/1118/820
f 646/153/821 649/3282/821 668/154/821
f 665/156/822 675/139/91 676/157/541
f 118/159/32 117/117/32 113/160/32
f 477/98/823 507/3306/823 506/3307/823
f 471/123/824 469/122/825 476/164/826
f 504/166/827 503/37/827 501/167/827
f 660/3308/828 655/40/829 654/3278/830
f 109/3309/831 108/264/831 100/267/831
f 98/3310/154 97/259/832 100/266/158
f 142/22/833 141/24/833 137/19/833
f 138/325/191 158/3311/834 157/323/192
f 467/1111/81 486/103/835 485/33/389
f 492/1130/410 489/32/836 488/31/411
f 664/174/117 663/79/519 651/175/118
f 667/177/837 666/1508/837 677/178/837
f 126/180/838 110/3312/838 109/181/838
f 161/116/32 160/115/32 108/183/32
f 484/3313/839 473/3314/818 483/3315/820
f 673/88/539 672/90/545 661/3316/111
f 111/288/840 106/3317/840 105/277/840
f 105/277/841 108/183/841 107/184/841
f 110/278/32 111/288/32 105/277/32
f 107/6/842 135/279/165 103/281/166
f 107/6/843 103/281/843 105/3318/843
f 125/289/844 113/160/844 112/161/844
f 125/289/845 112/161/845 111/288/845
f 110/278/846 126/3319/846 125/289/846
f 112/3265/847 129/306/173 127/308/174
f 112/3265/848 127/308/848 125/3320/848
f 117/3321/169 122/3322/169 112/293/169
f 122/3322/849 123/294/849 112/293/849
f 144/3323/41 120/3324/43 123/3325/61
f 123/3325/850 122/3326/850 117/296/850
f 144/3323/851 123/3325/851 117/296/851
f 150/3327/171 142/3328/171 151/298/171
f 151/298/852 142/3328/853 144/3323/854
f 144/3323/854 115/296/855 151/298/852
f 115/301/163 153/302/163 122/299/163
f 153/302/856 115/301/856 133/303/856
f 132/310/176 119/309/175 153/3329/857
f 119/309/175 155/3330/858 153/3329/857
f 132/317/169 153/3331/169 155/315/169
f 155/315/859 162/3332/859 130/316/859
f 148/283/860 134/282/186 150/321/188
f 134/282/186 144/3333/861 142/320/187
f 142/331/862 140/3334/862 139/322/862
f 162/324/156 142/331/156 139/322/156
f 155/315/863 137/3335/863 160/3332/863
f 137/3335/864 139/3336/864 160/3332/864
f 467/1109/865 476/3337/866 475/148/867
f 470/74/163 468/1106/79 485/1108/389
f 485/1108/868 486/3338/868 487/73/868
f 474/147/401 483/1118/400 472/3305/869
f 506/1124/870 497/99/871 477/1123/407
f 497/99/872 496/100/872 499/1121/872
f 477/1123/407 497/99/871 499/1121/405
f 482/48/156 497/99/156 506/1124/156
f 506/1124/873 507/3339/873 502/1125/873
f 484/51/839 483/1129/820 488/31/874
f 488/31/875 489/32/875 490/52/875
f 499/3340/876 501/3341/876 497/104/876
f 501/3341/877 504/3342/877 506/1142/877
f 497/104/878 501/3341/878 506/1142/878
f 504/3342/879 505/3299/879 506/1142/879
f 665/156/880 669/138/880 643/1477/880
f 643/1477/881 663/3343/881 664/1478/881
f 645/1484/882 650/3344/522 649/1485/523
f 660/3345/883 647/3346/883 646/3347/883
f 646/3347/884 645/3348/884 644/3349/884
f 646/3347/885 644/3349/885 660/3345/885
f 659/1492/70 653/1495/886 655/1493/532
f 656/3350/887 640/1497/887 655/176/887
f 669/135/888 665/151/888 657/136/888
f 665/156/889 669/138/889 672/1504/889
f 667/3351/890 665/156/890 672/1504/890
l 115 117
l 160 162
