# Blender 4.5.0
# www.blender.org
mtllib rural_house_002.mtl
o rural_house_002
v 7.078008 1.141648 -2.117593
v 6.830681 1.802298 -2.512635
v 5.971720 1.802298 -2.512635
v 5.880502 1.285276 -2.178177
v 6.921898 1.285276 -2.178177
v 5.880502 1.302883 -5.120687
v 6.921898 1.302883 -5.120687
v 5.971720 1.804699 -4.771026
v 6.830681 1.804699 -4.771026
v 7.076326 1.208643 -2.435421
v 7.076326 1.208643 -4.875844
v 6.961305 1.813903 -4.695813
v 6.961305 1.813903 -2.605451
v 5.841095 1.813903 -2.605451
v 5.841095 1.813903 -4.695813
v 5.726073 1.208643 -4.875844
v 5.726073 1.208643 -2.435421
v 9.999452 0.115752 10.000000
v -10.000000 -0.000001 -9.999105
v 9.999452 0.000548 -10.000000
v -10.000000 0.116300 9.999105
v 10.000000 0.116299 -9.999105
v -9.999452 0.115750 -10.000000
v 10.000000 0.000001 9.999105
v -9.999452 0.000549 10.000000
v -9.851378 0.124996 -9.851236
v -9.851378 0.126362 9.851236
v 9.851378 0.124997 9.851236
v 9.851378 0.126360 -9.851236
v 3.298002 0.120507 -0.498487
v -7.698827 0.120508 7.499699
v -7.699409 0.416465 7.498899
v -7.698827 0.415973 -0.498487
v 3.298002 0.415973 7.499698
v 3.298585 0.120016 7.498899
v 3.298585 0.416464 -0.497687
v -7.699409 0.120016 -0.497687
v -7.448474 3.568421 -0.248740
v 3.047649 3.568421 7.249951
v -7.449525 3.568542 7.248836
v -7.449524 0.419419 -0.247625
v 3.048700 0.419420 7.248837
v 3.047649 0.419540 -0.248740
v 3.048700 3.568541 -0.247625
v -7.448474 0.419540 7.249952
v -7.951487 3.569693 -0.845741
v 3.550659 3.569698 -0.845141
v 3.550662 3.569694 7.846952
v -7.951484 3.569698 7.846352
v -2.200444 5.619238 7.848319
v -2.200381 5.619237 -0.847108
v -7.874997 3.571195 -0.853701
v -8.005459 3.622332 -0.855488
v -8.004494 3.624845 7.854912
v -7.876091 3.568736 7.856698
v -7.982319 3.503950 7.849758
v -7.976142 3.501390 -0.848547
v 3.627159 3.571195 -0.853700
v 3.526015 3.501391 -0.848547
v 3.496698 3.622332 -0.855488
v 3.497664 3.624846 7.854912
v 3.519838 3.503950 7.849758
v 3.626065 3.568736 7.856698
v -2.114852 5.587460 -0.853530
v -2.232410 5.532298 -0.848781
v -2.238511 5.703940 -0.853642
v -2.139038 5.683232 -0.849069
v -2.199489 5.708279 7.850280
v -2.240168 5.535512 7.849992
v -2.138304 5.557878 7.849097
v -2.284296 5.657664 7.854739
v -2.288625 5.620158 -0.847886
v -2.114512 5.652566 7.854851
v -7.925719 3.500456 -0.824407
v -7.974635 3.639179 -0.876636
v -2.178340 5.533893 -0.874724
v -2.186578 5.568932 -0.901384
v -7.950927 3.574194 -0.923081
v -7.945854 3.567250 -0.923438
v -7.933175 3.522364 -0.903187
v -2.222761 5.668133 -0.902806
v -2.216562 5.665843 -0.901137
v -2.226265 5.688321 -0.821316
v -7.965266 3.602634 -0.784930
v -7.945854 3.567250 -0.776857
v -2.188236 5.572968 -0.795383
v -2.174856 5.686649 -0.818029
v -2.216790 5.609752 -0.771640
v -2.222693 5.547086 -0.816664
v 3.543268 3.539441 -0.918863
v 3.525230 3.501507 -0.849223
v -2.210695 5.576408 -0.909138
v -2.200387 5.628736 -0.923896
v -2.200413 5.620536 -0.930032
v -2.195419 5.617900 -0.926883
v -2.200207 5.624379 -0.926631
v -2.201139 5.618499 -0.919942
v -2.178549 5.667654 -0.903762
v 3.573441 3.638565 -0.821327
v 3.565317 3.617103 -0.903790
v -2.184091 5.666327 -0.797105
v -2.202695 5.617800 -0.772319
v -2.199398 5.617689 -0.778157
v -2.206050 5.622942 -0.776857
v -2.197569 5.615106 -0.776857
v -2.194776 5.622942 -0.776857
v 3.544215 3.543770 -0.778801
v -7.925719 3.500458 7.877100
v -2.186578 5.568932 7.800122
v -2.178340 5.533893 7.826783
v -2.200387 5.628737 7.777610
v -2.200413 5.620536 7.771474
v -2.195419 5.617900 7.774623
v -2.200208 5.624379 7.774875
v -2.210694 5.576410 7.792367
v -2.201139 5.618499 7.781566
v -2.222761 5.668134 7.798701
v -2.216562 5.665843 7.800369
v -2.226265 5.688322 7.880191
v -7.933175 3.522364 7.798319
v -7.950926 3.574195 7.778425
v -7.945854 3.567251 7.778068
v -7.974635 3.639179 7.824870
v -7.965265 3.602635 7.916576
v -7.945854 3.567251 7.924649
v -2.188236 5.572968 7.906123
v -2.216790 5.609752 7.929866
v -2.222693 5.547086 7.884842
v -2.178549 5.667655 7.797745
v 3.543268 3.539441 7.782643
v 3.525230 3.501508 7.852283
v 3.573441 3.638565 7.880178
v 3.544217 3.543771 7.922705
v 3.565317 3.617103 7.797717
v -2.174856 5.686649 7.883478
v -2.184091 5.666328 7.904400
v -2.202695 5.617802 7.929187
v -2.199398 5.617689 7.923349
v -2.206050 5.622942 7.924649
v -2.197569 5.615106 7.924649
v -2.194776 5.622942 7.924649
v -7.963620 3.619420 -0.745942
v -2.199603 5.640787 -0.791078
v -7.932957 3.534507 -0.752244
v -2.199358 5.622387 -0.705112
v -2.187451 5.580060 -0.749398
v -2.192494 5.665347 -0.745942
v 3.542648 3.580429 -0.705111
v -2.214756 5.584985 -0.773842
v 3.554069 3.594858 -0.791079
v 3.525181 3.540081 -0.749397
v -2.206476 5.599476 -0.713717
v -7.963620 3.619420 -0.325869
v -7.932957 3.534507 -0.332171
v -2.199603 5.640787 -0.371006
v -2.187451 5.580060 -0.329325
v -2.199358 5.622387 -0.285040
v -2.214756 5.584985 -0.353769
v -2.206476 5.599476 -0.293644
v 3.554069 3.594858 -0.371006
v 3.542648 3.580429 -0.285039
v -2.192494 5.665347 -0.325870
v 3.525181 3.540081 -0.329325
v -7.963620 3.619420 0.094203
v -7.932957 3.534507 0.087902
v -2.199358 5.622387 0.135033
v -2.187451 5.580060 0.090748
v -2.199603 5.640787 0.049067
v -2.206476 5.599476 0.126428
v -2.214756 5.584985 0.066304
v 3.525181 3.540081 0.090748
v 3.554069 3.594858 0.049067
v -2.192494 5.665347 0.094203
v 3.542648 3.580429 0.135034
v -2.199603 5.640787 0.469140
v -2.199358 5.622387 0.555106
v -7.963620 3.619420 0.514276
v -7.932957 3.534507 0.507975
v -2.187451 5.580060 0.510821
v -2.192494 5.665347 0.514276
v -2.206476 5.599476 0.546501
v 3.554069 3.594858 0.469140
v 3.525181 3.540081 0.510821
v -2.214756 5.584985 0.486376
v 3.542648 3.580429 0.555107
v -7.963620 3.619420 0.934349
v -2.199603 5.640787 0.889213
v -2.199358 5.622387 0.975179
v -7.932957 3.534507 0.928047
v -2.187451 5.580060 0.930893
v -2.206476 5.599476 0.966574
v -2.192494 5.665347 0.934349
v 3.554069 3.594858 0.889212
v 3.525181 3.540081 0.930894
v 3.542648 3.580429 0.975179
v -2.214756 5.584985 0.906449
v -7.932957 3.534507 1.348120
v -2.199603 5.640787 1.309285
v -2.187451 5.580060 1.350966
v -7.963620 3.619420 1.354422
v -2.199358 5.622387 1.395251
v -2.192494 5.665347 1.354421
v -2.206476 5.599476 1.386647
v 3.525181 3.540081 1.350966
v 3.554069 3.594858 1.309285
v 3.542648 3.580429 1.395252
v -2.214756 5.584985 1.326522
v -7.932957 3.534508 1.768193
v -7.963620 3.619420 1.774494
v -2.187451 5.580060 1.771039
v -2.199603 5.640787 1.729358
v -2.199358 5.622387 1.815324
v -2.192494 5.665347 1.774494
v 3.525181 3.540081 1.771039
v -2.214756 5.584985 1.746595
v 3.554069 3.594858 1.729358
v 3.542648 3.580429 1.815325
v -2.206476 5.599476 1.806719
v -7.963621 3.619419 2.194569
v -7.930185 3.543029 2.166668
v -7.932905 3.559496 2.226793
v -2.187451 5.580060 2.191112
v -2.199603 5.640787 2.149431
v -2.199357 5.622387 2.235395
v -2.192495 5.665347 2.194569
v -2.214756 5.584985 2.166667
v 3.542649 3.580429 2.235396
v 3.554069 3.594858 2.149431
v 3.525181 3.540081 2.191112
v -2.206477 5.599475 2.226792
v -7.963620 3.619420 2.614640
v -2.199603 5.640786 2.569503
v -2.187451 5.580060 2.611184
v -7.932957 3.534508 2.608338
v -2.199358 5.622387 2.655470
v -2.192494 5.665347 2.614639
v -2.222283 5.580124 2.608338
v 3.554069 3.594858 2.569503
v 3.542648 3.580429 2.655471
v 3.525181 3.540081 2.611185
v -2.199604 5.640788 2.989577
v -2.199357 5.622387 3.075542
v -7.930185 3.543029 3.006812
v -7.963621 3.619420 3.034713
v -7.932905 3.559497 3.066938
v -2.187451 5.580060 3.031257
v -2.192495 5.665347 3.034712
v -2.214756 5.584984 3.006811
v -2.206477 5.599476 3.066938
v 3.554069 3.594859 2.989576
v 3.542649 3.580429 3.075543
v 3.525181 3.540081 3.031257
v -7.932905 3.559497 3.487011
v -7.930185 3.543029 3.426886
v -2.199603 5.640787 3.409649
v -2.186756 5.603240 3.490964
v -7.963621 3.619419 3.454787
v -2.206477 5.599476 3.487010
v -2.214756 5.584985 3.426885
v 3.554069 3.594858 3.409649
v 3.540344 3.557621 3.490963
v -2.192495 5.665348 3.454787
v -7.932957 3.534508 3.868556
v -7.963620 3.619420 3.874858
v -2.187451 5.580060 3.871402
v -2.199603 5.640787 3.829721
v -2.199358 5.622388 3.915688
v -2.222283 5.580124 3.868556
v 3.525181 3.540081 3.871403
v 3.554069 3.594858 3.829721
v -2.192494 5.665348 3.874857
v 3.542648 3.580429 3.915689
v -7.932957 3.534508 4.288629
v -2.199602 5.640787 4.249794
v -2.199357 5.622388 4.335761
v -2.187451 5.580060 4.291475
v -7.963620 3.619420 4.294930
v -2.222283 5.580124 4.288630
v 3.554069 3.594857 4.249794
v -2.192494 5.665348 4.294930
v 3.542649 3.580429 4.335761
v 3.525181 3.540081 4.291475
v -7.932957 3.534508 4.708702
v -2.199603 5.640787 4.669867
v -2.187451 5.580060 4.711548
v -7.963620 3.619420 4.715003
v -2.199357 5.622387 4.755833
v -2.192494 5.665348 4.715003
v -2.222283 5.580124 4.708702
v 3.554069 3.594858 4.669867
v 3.525181 3.540081 4.711548
v 3.542649 3.580428 4.755834
v -7.963621 3.619420 5.135074
v -7.932905 3.559497 5.167301
v -2.187451 5.580060 5.131621
v -2.199604 5.640789 5.089941
v -7.930185 3.543029 5.107174
v -2.199357 5.622387 5.175906
v -2.206476 5.599476 5.167301
v 3.542649 3.580428 5.175907
v -2.214756 5.584985 5.107174
v 3.525181 3.540081 5.131621
v -2.192495 5.665348 5.135074
v 3.554069 3.594860 5.089941
v -7.963620 3.619420 5.555148
v -7.932905 3.559498 5.587374
v -7.930186 3.543030 5.527248
v -2.199603 5.640788 5.510013
v -2.199357 5.622387 5.595979
v -2.187451 5.580060 5.551693
v -2.192495 5.665348 5.555148
v -2.214756 5.584985 5.527247
v 3.554069 3.594859 5.510013
v 3.525181 3.540081 5.551693
v 3.542648 3.580428 5.595979
v -2.206476 5.599476 5.587374
v -7.963620 3.619420 5.975223
v -2.199603 5.640786 5.930085
v -7.930185 3.543030 5.947322
v -2.199357 5.622387 6.016050
v -7.932904 3.559497 6.007447
v -2.187451 5.580060 5.971766
v -2.206476 5.599475 6.007447
v -2.192495 5.665347 5.975222
v -2.214756 5.584985 5.947322
v 3.525181 3.540081 5.971766
v 3.554069 3.594857 5.930084
v 3.542649 3.580429 6.016051
v -7.963621 3.619420 6.395296
v -7.932904 3.559497 6.427519
v -7.930185 3.543030 6.367395
v -2.186756 5.603240 6.431474
v -2.199602 5.640786 6.350157
v -2.206476 5.599475 6.427519
v -2.214756 5.584985 6.367394
v 3.554069 3.594857 6.350157
v 3.525181 3.540081 6.391839
v -2.192495 5.665348 6.395296
v 3.542649 3.580429 6.436123
v -7.932904 3.559497 6.847592
v -7.963621 3.619420 6.815370
v -7.930185 3.543029 6.787468
v -2.186756 5.603240 6.851546
v -2.199602 5.640786 6.770230
v -2.192495 5.665348 6.815370
v 3.540344 3.557621 6.851545
v -2.214756 5.584985 6.787467
v 3.554069 3.594857 6.770230
v -2.206477 5.599475 6.847592
v -7.963620 3.619420 7.235439
v -7.932957 3.534508 7.229138
v -2.199603 5.640787 7.190303
v -2.187451 5.580060 7.231984
v -2.199358 5.622388 7.276269
v -2.222283 5.580124 7.229138
v 3.525181 3.540081 7.231984
v 3.554069 3.594858 7.190303
v -2.192494 5.665348 7.235439
v 3.542648 3.580429 7.276270
v -7.963621 3.619420 7.655510
v -2.187451 5.580060 7.652057
v -2.199357 5.622387 7.696342
v -7.930185 3.543029 7.627611
v -2.199603 5.640789 7.610377
v -7.932905 3.559498 7.687737
v -2.192495 5.665348 7.655510
v -2.206476 5.599476 7.687737
v -2.214756 5.584985 7.627611
v 3.554069 3.594860 7.610377
v 3.525181 3.540081 7.652057
v 3.542649 3.580428 7.696343
v -6.918628 2.557057 -0.358405
v -6.919284 0.970286 -0.357505
v -6.918628 0.970706 -0.211694
v -4.682891 0.970286 -0.212594
v -4.683548 2.557057 -0.211694
v -6.919284 2.557477 -0.212594
v -4.682891 2.557477 -0.357505
v -4.683548 0.970706 -0.358405
v -6.852410 1.037685 -0.373883
v -6.852410 2.490078 -0.376247
v -4.749765 2.490077 -0.373883
v -4.749765 1.037685 -0.376247
v -6.853271 2.533419 -0.373190
v -6.853271 1.004349 -0.436951
v -6.849299 1.004349 -0.373189
v -6.849299 2.533419 -0.436951
v -5.803074 1.004348 -0.436951
v -5.803074 2.533419 -0.373189
v -5.799101 2.533419 -0.436951
v -5.799101 1.004348 -0.373190
v -4.748905 2.533419 -0.436951
v -4.752877 2.533419 -0.373189
v -4.748905 1.004349 -0.373189
v -4.752877 1.004349 -0.436951
v -6.963122 1.007991 -0.544206
v -4.639054 1.007991 -0.305941
v -6.963122 0.929089 -0.305941
v -4.638250 1.007999 -0.543772
v -4.638250 0.929081 -0.306376
v -4.639054 0.929089 -0.544206
v -6.963926 1.008000 -0.306376
v -6.963926 0.929081 -0.543772
v -1.082873 2.557057 -0.211694
v -3.318609 2.557478 -0.212594
v -3.317952 2.557057 -0.358405
v -3.318609 0.970285 -0.357505
v -3.317952 0.970706 -0.211694
v -1.082217 2.557477 -0.357505
v -1.082873 0.970706 -0.358405
v -1.082217 0.970286 -0.212594
v -1.149090 1.037685 -0.376247
v -1.149090 2.490077 -0.373883
v -3.251735 2.490077 -0.376247
v -3.251735 1.037686 -0.373883
v -3.248623 2.533419 -0.436951
v -3.252596 2.533419 -0.373190
v -3.252596 1.004348 -0.436951
v -3.248623 1.004348 -0.373189
v -2.202400 1.004348 -0.436951
v -2.202400 2.533419 -0.373190
v -2.198426 1.004348 -0.373189
v -2.198426 2.533419 -0.436951
v -1.152202 1.004349 -0.436951
v -1.152202 2.533419 -0.373189
v -1.148229 2.533419 -0.436951
v -1.148229 1.004348 -0.373189
v -1.038379 0.929089 -0.544206
v -3.362447 0.929089 -0.305941
v -1.037575 0.929081 -0.306376
v -3.363251 1.008000 -0.306376
v -1.037575 1.008000 -0.543772
v -1.038379 1.007991 -0.305941
v -3.362447 1.007991 -0.544206
v -3.363251 0.929081 -0.543772
v 2.517802 0.970706 -0.358404
v 0.282067 0.970286 -0.357505
v 2.517802 2.557057 -0.211695
v 0.282067 2.557477 -0.212594
v 0.282723 2.557057 -0.358405
v 0.282723 0.970706 -0.211694
v 2.518459 2.557478 -0.357505
v 2.518459 0.970285 -0.212594
v 2.451585 1.037686 -0.376247
v 0.348940 1.037685 -0.373883
v 0.348940 2.490077 -0.376247
v 2.451585 2.490077 -0.373883
v 0.352052 2.533419 -0.436951
v 0.348080 1.004349 -0.436951
v 0.348079 2.533419 -0.373189
v 0.352052 1.004349 -0.373189
v 1.402249 2.533419 -0.436951
v 1.398276 2.533419 -0.373189
v 1.398276 1.004348 -0.436951
v 1.402249 1.004349 -0.373189
v 2.452447 2.533419 -0.436951
v 2.448473 2.533419 -0.373189
v 2.452447 1.004348 -0.373190
v 2.448473 1.004348 -0.436951
v 2.562296 0.929089 -0.544206
v 0.237424 0.929081 -0.543772
v 0.237424 1.008000 -0.306376
v 0.238229 0.929089 -0.305941
v 2.562296 1.007991 -0.305941
v 2.563101 1.008000 -0.543772
v 0.238229 1.007991 -0.544206
v 2.563101 0.929081 -0.306376
v -4.673686 2.536566 -0.378395
v -3.027325 2.537213 -0.377497
v -3.027759 0.290896 -0.378395
v -4.674119 0.290249 -0.377496
v -3.027758 2.536567 -0.241712
v -3.027325 0.290249 -0.242611
v -4.674119 2.537213 -0.242611
v -4.673686 0.290896 -0.241712
v -3.098978 0.356324 -0.401478
v -4.602467 2.461134 -0.401479
v -4.602467 0.356324 -0.398661
v -3.098978 2.461134 -0.398660
v -3.848705 2.463383 -0.459377
v -3.848705 0.354075 -0.400772
v -3.852739 0.354075 -0.459377
v -3.852739 2.463383 -0.400773
v -3.968629 1.521111 -0.524324
v -3.972860 1.116270 -0.524324
v -3.968630 1.116270 -0.455846
v -3.972860 1.521111 -0.455846
v -3.728585 1.521111 -0.524324
v -3.732815 1.521111 -0.455846
v -3.732815 1.116270 -0.524324
v -3.728585 1.116270 -0.455846
v 3.049650 0.419278 -0.303419
v -7.449661 0.596926 -1.197868
v -7.449660 0.419759 -0.302391
v 3.049650 0.597407 -1.196841
v 3.048836 0.419759 -1.197868
v 3.048835 0.596927 -0.302391
v -7.450475 0.597408 -0.303419
v -7.450476 0.419278 -1.196841
v 3.297391 2.920566 -1.599385
v -7.698899 2.920475 -1.599003
v -7.698899 3.038330 -0.001275
v 3.298074 3.038330 -1.599003
v 3.298074 2.920476 -0.001275
v 3.297391 3.038240 -0.000892
v -7.698216 3.038241 -1.599385
v -7.698216 2.920565 -0.000892
v -7.138762 0.420729 -1.263488
v -7.263938 0.420729 -1.136928
v -7.138762 2.916953 -1.136928
v -7.263938 2.916952 -1.263488
v -7.264487 2.917501 -1.137823
v -7.138214 2.917501 -1.262593
v -7.264487 0.420180 -1.262593
v -7.138215 0.420180 -1.137823
v 2.737389 2.917501 -1.137823
v 2.863113 2.916952 -1.136928
v 2.863662 0.420180 -1.137823
v 2.863662 2.917501 -1.262593
v 2.737937 2.916953 -1.263488
v 2.863113 0.420729 -1.263488
v 2.737389 0.420180 -1.262593
v 2.737937 0.420729 -1.136928
v -7.575665 2.606104 6.519928
v -7.575324 1.221169 6.520028
v -7.427490 2.606724 6.520028
v -7.427148 1.221788 6.519928
v -7.575665 1.221788 4.882047
v -7.427148 2.606104 4.882047
v -7.575324 2.606723 4.881946
v -7.427490 1.221169 4.881947
v -7.592571 2.540235 6.452240
v -7.592572 1.287658 4.949734
v -7.590276 1.287657 6.452240
v -7.590276 2.540235 4.949734
v -7.653310 1.254456 6.453104
v -7.589548 2.583441 6.453103
v -7.589548 1.254456 6.449131
v -7.653310 2.583441 6.449131
v -7.653310 2.583441 5.699001
v -7.589548 1.254456 5.699001
v -7.589548 2.583441 5.702973
v -7.653310 1.254456 5.702974
v -7.653310 2.583441 4.948871
v -7.653310 1.254456 4.952844
v -7.589548 1.254456 4.948871
v -7.589548 2.583441 4.952844
v -7.760457 1.258027 6.562983
v -7.760457 1.179269 4.838991
v -7.522872 1.258063 6.563798
v -7.522409 1.258027 4.838991
v -7.522872 1.179233 4.838175
v -7.759995 1.258063 4.838176
v -7.759995 1.179233 6.563798
v -7.522409 1.179270 6.562984
v -7.575665 1.221788 0.481285
v -7.427148 1.221788 2.119165
v -7.575665 2.606104 2.119165
v -7.427490 2.606723 2.119265
v -7.427148 2.606104 0.481285
v -7.575324 2.606723 0.481184
v -7.575324 1.221169 2.119266
v -7.427490 1.221169 0.481185
v -7.592572 2.540235 2.051478
v -7.590276 2.540235 0.548972
v -7.590276 1.287657 2.051478
v -7.592572 1.287657 0.548972
v -7.653310 1.254456 2.052341
v -7.653310 2.583440 2.048368
v -7.589548 2.583441 2.052341
v -7.589548 1.254456 2.048368
v -7.653310 1.254456 1.302211
v -7.589548 2.583440 1.302211
v -7.589548 1.254456 1.298239
v -7.653310 2.583440 1.298239
v -7.653310 1.254456 0.552081
v -7.589548 2.583440 0.552081
v -7.653310 2.583440 0.548109
v -7.589548 1.254456 0.548109
v -7.522409 1.258026 0.438228
v -7.522409 1.179269 2.162222
v -7.522872 1.258062 2.163036
v -7.760457 1.258026 2.162221
v -7.759995 1.179233 2.163036
v -7.759995 1.258062 0.437414
v -7.522872 1.179233 0.437414
v -7.760457 1.179269 0.438229
v 3.174840 2.606104 0.481285
v 3.026323 2.606104 2.119165
v 3.026664 1.221169 2.119266
v 3.026664 2.606723 0.481184
v 3.174498 1.221169 0.481185
v 3.026323 1.221788 0.481285
v 3.174498 2.606723 2.119265
v 3.174840 1.221788 2.119165
v 3.191746 2.540235 0.548972
v 3.189450 2.540235 2.051478
v 3.191746 1.287657 2.051478
v 3.189450 1.287657 0.548972
v 3.252485 1.254456 0.548109
v 3.188723 1.254456 0.552082
v 3.188723 2.583440 0.548109
v 3.252485 2.583440 0.552081
v 3.188723 2.583440 1.298238
v 3.252485 1.254456 1.298239
v 3.252485 2.583440 1.302211
v 3.188723 1.254456 1.302211
v 3.252485 1.254456 2.048368
v 3.188723 2.583440 2.048368
v 3.188723 1.254456 2.052341
v 3.252485 2.583440 2.052341
v 3.121583 1.258026 2.162221
v 3.122046 1.258062 0.437414
v 3.359632 1.258026 0.438229
v 3.121583 1.179269 0.438229
v 3.359169 1.258062 2.163036
v 3.359169 1.179233 0.437414
v 3.359632 1.179269 2.162222
v 3.122046 1.179233 2.163036
v 3.174840 1.221788 6.519928
v 3.174498 1.221169 4.881947
v 3.026664 2.606723 4.881947
v 3.026323 1.221788 4.882047
v 3.174498 2.606724 6.520028
v 3.026323 2.606104 6.519928
v 3.174840 2.606104 4.882047
v 3.026664 1.221169 6.520028
v 3.191746 2.540235 4.949734
v 3.189451 1.287658 4.949734
v 3.189451 2.540235 6.452240
v 3.191746 1.287657 6.452240
v 3.252485 2.583441 4.952844
v 3.188723 2.583441 4.948870
v 3.188723 1.254457 4.952844
v 3.252485 1.254456 4.948871
v 3.252485 2.583441 5.702973
v 3.252485 1.254456 5.699001
v 3.188723 1.254457 5.702974
v 3.188723 2.583441 5.699000
v 3.252485 2.583441 6.453103
v 3.252485 1.254456 6.449131
v 3.188723 2.583441 6.449130
v 3.188723 1.254457 6.453104
v 3.121583 1.258027 6.562984
v 3.359632 1.258027 4.838991
v 3.359632 1.179270 6.562984
v 3.122046 1.258063 4.838176
v 3.359169 1.258063 6.563798
v 3.359169 1.179233 4.838176
v 3.122046 1.179233 6.563798
v 3.121583 1.179269 4.838991
v -7.300467 0.236480 7.389724
v -7.342916 3.167593 7.321602
v -7.301905 3.172140 7.389120
v -7.266468 3.171232 7.307648
v -7.267912 0.235574 7.307058
v -7.344655 0.240119 7.325799
v 2.901447 0.236480 7.389724
v 2.934000 0.235574 7.307058
v 2.935446 3.171233 7.307648
v 2.858995 3.167593 7.321603
v 2.900010 3.172139 7.389120
v 2.857257 0.240119 7.325800
v -1.802469 2.367498 7.272168
v -2.598093 2.367073 7.271881
v -2.598093 0.570438 7.390658
v -1.802732 2.367074 7.390657
v -1.802732 0.570437 7.271881
v -2.598355 2.367498 7.390371
v -2.598356 0.570013 7.272168
v -1.802470 0.570013 7.390371
v -1.573298 1.916140 7.247346
v -1.227228 1.421542 7.247346
v -1.227228 1.916141 7.415193
v -1.573298 1.421542 7.415193
v -1.573645 1.916775 7.414772
v -1.226880 1.916775 7.247767
v -1.226880 1.420908 7.414772
v -1.573645 1.420908 7.247767
v -9.698681 0.777374 -9.721174
v -9.699385 0.777232 -9.482526
v -4.703316 0.777232 -9.720798
v -4.703316 0.129405 -9.482526
v -4.704021 0.777373 -9.482150
v -9.699385 0.129405 -9.720798
v -4.704021 0.129264 -9.721174
v -9.698681 0.129263 -9.482150
v 9.600290 0.776100 -9.719826
v 2.402281 0.775461 -9.720389
v 9.599970 0.131176 -9.720389
v 2.401960 0.130537 -9.719826
v 2.401960 0.776100 -9.483499
v 9.599970 0.775461 -9.482935
v 9.600290 0.130537 -9.483499
v 2.402281 0.131177 -9.482935
v -9.377466 1.227835 -7.848245
v -9.377721 0.129888 -7.849321
v -9.826135 0.128996 -7.848245
v -9.825880 0.129888 -4.152757
v -9.377466 0.128996 -4.153833
v -9.377722 1.226943 -4.152757
v -9.826135 1.227835 -4.153832
v -9.825880 1.226943 -7.849321
v -9.825879 1.226943 -3.848628
v -9.826135 1.227835 -0.153140
v -9.377721 1.226943 -0.152064
v -9.377466 0.128997 -0.153140
v -9.377466 1.227835 -3.847552
v -9.377722 0.129888 -3.848628
v -9.826135 0.128996 -3.847552
v -9.825880 0.129889 -0.152064
v -9.825880 1.226943 0.152064
v -9.826135 0.128997 0.153140
v -9.377466 0.128997 3.847552
v -9.825879 0.129889 3.848628
v -9.377466 1.227835 0.153140
v -9.377722 1.226943 3.848629
v -9.826135 1.227835 3.847553
v -9.377721 0.129889 0.152064
v -9.825880 1.226943 4.152757
v -9.826135 0.128997 4.153833
v -9.826135 1.227836 7.848245
v -9.825880 0.129889 7.849320
v -9.377466 1.227836 4.153833
v -9.377722 1.226944 7.849321
v -9.377466 0.128997 7.848245
v -9.377721 0.129889 4.152757
v 4.002866 0.275908 -0.248089
v 4.002379 0.276553 8.248485
v 4.002866 0.130516 8.249474
v 9.199611 0.275909 8.249475
v 9.199611 0.130516 -0.248089
v 9.200097 0.276553 -0.247100
v 4.002379 0.129871 -0.247099
v 9.200097 0.129872 8.248485
v 8.999979 3.578193 1.603298
v 4.203257 3.577810 1.602230
v 8.999218 0.280096 1.602231
v 4.202496 0.279712 1.603299
v 8.999219 3.577810 7.399327
v 4.202496 3.578193 7.398260
v 8.999979 0.279713 7.398261
v 4.203257 0.280097 7.399328
v 6.601772 4.379018 1.402912
v 9.201723 3.579701 1.404647
v 9.201722 3.579698 7.596905
v 6.600704 4.379019 7.598646
v 4.000753 3.579697 1.404653
v 4.000752 3.579702 7.596911
v 4.077242 3.581199 1.396688
v 3.976099 3.511395 1.401842
v 3.947748 3.634850 7.604869
v 4.076149 3.578740 7.606656
v 3.946782 3.632337 1.394902
v 3.969922 3.513954 7.599715
v 9.278218 3.581199 1.396688
v 9.170897 3.513954 7.599715
v 9.277124 3.578740 7.606656
v 9.148724 3.634850 7.604869
v 9.147758 3.632337 1.394901
v 9.177073 3.511395 1.401843
v 6.569242 4.291764 1.401609
v 6.563139 4.463408 1.396746
v 6.517356 4.417131 7.604697
v 6.561482 4.294979 7.599948
v 6.687139 4.412033 7.604810
v 6.513027 4.379626 1.402503
v 6.663346 4.317346 7.599054
v 6.686798 4.346927 1.396860
v 6.662612 4.442700 1.401321
v 6.602161 4.467745 7.600237
v 4.000122 3.573375 1.479788
v 3.980685 3.650134 1.373755
v 4.003829 3.584961 1.326952
v 4.003798 3.576345 1.327444
v 6.621261 4.310845 1.424121
v 6.601593 4.362011 1.333581
v 6.600601 4.377937 1.330448
v 6.606764 4.382656 1.326952
v 6.601342 4.379666 1.324789
v 6.606112 4.377151 1.323507
v 6.604317 4.385304 1.323507
v 6.578390 4.448860 1.429073
v 6.611312 4.331946 1.455006
v 4.018607 3.512717 1.368562
v 6.611774 4.328153 1.347705
v 6.581172 4.428206 1.347080
v 6.587095 4.425976 1.349252
v 3.988401 3.613297 1.465386
v 6.625790 4.459644 1.403444
v 6.590415 4.328212 1.452467
v 6.586652 4.332588 1.449839
v 6.577637 4.313679 1.376313
v 9.179093 3.510935 1.369745
v 9.210417 3.612239 1.332989
v 9.221450 3.649505 1.429062
v 9.196418 3.553515 1.471589
v 6.591164 4.331946 1.345478
v 9.196199 3.577008 1.326952
v 6.615531 4.426469 1.453284
v 6.599169 4.377132 1.478167
v 6.602127 4.377114 1.472232
v 6.595711 4.382656 1.473533
v 6.594771 4.373802 1.473240
v 6.604317 4.374703 1.473533
v 6.606764 4.382656 1.473533
v 4.000122 3.573375 7.680861
v 3.988401 3.613298 7.666460
v 3.980685 3.650134 7.574828
v 4.003829 3.584961 7.528025
v 4.003798 3.576346 7.528517
v 4.018607 3.512717 7.569635
v 6.578390 4.448861 7.630147
v 6.599169 4.377133 7.679241
v 6.602127 4.377115 7.673306
v 6.595711 4.382656 7.674606
v 6.594771 4.373803 7.674313
v 6.604317 4.374704 7.674606
v 6.606764 4.382656 7.674606
v 6.611774 4.328153 7.548779
v 6.601593 4.362010 7.534656
v 6.600601 4.377937 7.531522
v 6.606764 4.382656 7.528025
v 6.601342 4.379666 7.525863
v 6.606112 4.377152 7.524580
v 6.604317 4.385304 7.524580
v 6.581172 4.428206 7.548154
v 6.587095 4.425977 7.550325
v 6.621261 4.310845 7.625195
v 6.611312 4.331947 7.656080
v 6.590415 4.328213 7.653541
v 6.586652 4.332589 7.650913
v 6.577637 4.313680 7.577387
v 6.591164 4.331947 7.546551
v 9.210416 3.612239 7.534062
v 9.221450 3.649505 7.630136
v 9.179093 3.510935 7.570818
v 6.625789 4.459645 7.604518
v 9.196199 3.577009 7.528025
v 6.615531 4.426469 7.654357
v 9.196420 3.553516 7.672662
v 8.348981 0.380546 1.531964
v 4.853494 0.380546 1.608580
v 8.348982 3.177230 1.608580
v 8.349603 3.177698 1.532860
v 4.852874 3.177698 1.607683
v 4.853494 3.177230 1.531964
v 4.852874 0.380078 1.532861
v 8.349603 0.380078 1.607683
v 4.875628 3.182163 1.518746
v 4.875628 0.375613 1.521782
v 4.926211 0.375613 1.518746
v 4.926211 3.182163 1.521782
v 5.226266 0.375613 1.518746
v 5.175683 0.375613 1.521782
v 5.226266 3.182163 1.521782
v 5.175683 3.182163 1.518746
v 5.475740 0.375613 1.521782
v 5.475740 3.182163 1.518746
v 5.526323 3.182163 1.521782
v 5.526323 0.375613 1.518746
v 5.775797 0.375613 1.521782
v 5.775796 3.182163 1.518746
v 5.826380 3.182163 1.521782
v 5.826380 0.375613 1.518746
v 6.075852 3.182163 1.518746
v 6.126435 3.182163 1.521782
v 6.126436 0.375613 1.518746
v 6.075852 0.375613 1.521782
v 6.426492 3.182163 1.521782
v 6.375909 3.182163 1.518746
v 6.375909 0.375613 1.521782
v 6.426492 0.375613 1.518746
v 6.675965 3.182163 1.518746
v 6.726548 3.182163 1.521782
v 6.726548 0.375613 1.518746
v 6.675965 0.375613 1.521782
v 7.026605 3.182163 1.521782
v 7.026605 0.375613 1.518746
v 6.976021 3.182163 1.518746
v 6.976021 0.375613 1.521782
v 7.326661 3.182163 1.521782
v 7.276078 3.182163 1.518746
v 7.326661 0.375613 1.518746
v 7.276078 0.375613 1.521782
v 7.576134 3.182163 1.518746
v 7.576134 0.375613 1.521782
v 7.626717 3.182163 1.521782
v 7.626717 0.375613 1.518746
v 7.876190 0.375613 1.521782
v 7.876190 3.182163 1.518746
v 7.926774 3.182163 1.521782
v 7.926774 0.375613 1.518746
v 8.176246 3.182163 1.518745
v 8.176246 0.375614 1.521782
v 8.226829 3.182163 1.521782
v 8.226829 0.375613 1.518745
v 5.811628 0.439080 -2.178078
v 5.811628 0.637631 -5.023169
v 6.990773 0.439080 -5.023169
v 6.991466 0.637662 -5.022183
v 6.990772 0.637631 -2.178078
v 5.810935 0.637662 -2.179063
v 5.810935 0.439049 -5.022183
v 6.991466 0.439049 -2.179063
v 7.000052 1.023689 -1.900047
v 5.787910 1.018897 -1.905761
v 7.015061 0.683537 -1.903891
v 5.843137 1.041107 -5.295371
v 6.975936 0.722916 -5.294312
v 5.801272 0.670397 -1.905730
v 5.661211 0.686712 -2.155380
v 7.039559 1.177709 -2.152957
v 7.141194 1.070300 -2.155384
v 7.041128 0.578926 -2.156034
v 7.140548 0.686901 -2.156213
v 5.762559 0.579128 -5.095616
v 5.762868 0.579180 -2.151454
v 7.040511 0.579785 -5.095501
v 5.661843 1.069949 -2.155998
v 5.761250 1.178087 -2.155740
v 7.139740 0.686585 -5.096827
v 5.832245 0.735390 -5.298457
v 5.661989 0.686632 -5.094514
v 5.761869 1.177238 -5.095469
v 5.662674 1.070424 -5.096848
v 7.039841 1.177875 -5.095617
v 7.140412 1.070389 -5.094500
v 6.974968 1.021478 -5.299335
v 5.733012 1.127666 -2.115401
v 5.851803 1.278524 -2.565304
v 5.851558 1.737064 -2.563967
v 6.852533 1.867447 -2.565630
v 6.972034 1.110314 -2.128509
v 5.951608 1.149562 -4.716521
v 5.952660 1.149027 -2.565244
v 5.852153 1.739708 -4.714297
v 5.951352 1.866602 -2.565557
v 6.950272 1.739626 -2.566835
v 6.950588 1.278515 -4.715959
v 6.850781 1.149563 -2.564799
v 6.950204 1.276668 -2.562640
v 5.852193 1.276708 -4.718624
v 5.746861 1.128447 -5.183250
v 5.739328 1.208176 -5.174680
v 5.950908 1.867229 -4.716389
v 6.852552 1.867213 -4.716024
v 7.065603 1.189474 -5.175678
v 6.950387 1.738235 -4.715629
v 7.066204 1.122592 -5.175263
v 6.849649 1.148952 -4.715939
v 7.106542 1.179535 -3.653097
v 7.056931 1.171337 -3.649364
v 6.976005 1.873841 -3.627731
v 6.954406 1.870169 -3.673144
v 7.153342 1.108599 -2.575083
v 7.154153 1.130200 -2.726865
v 7.152528 1.087001 -2.726866
v 7.153342 1.108599 -4.665445
v 7.154152 1.130200 -4.817226
v 7.152529 1.087001 -4.817227
v 7.139166 1.210558 -2.417073
v 7.324318 1.210218 -2.418020
v 7.324318 1.327119 -2.572844
v 7.323545 1.210558 -2.573792
v 7.139166 1.326779 -2.573792
v 7.323545 1.326779 -2.417073
v 7.138394 1.210218 -2.572844
v 7.138394 1.327119 -2.418020
v 5.695630 1.179645 -3.649364
v 5.825241 1.873962 -3.673145
v 5.846862 1.870430 -3.627731
v 5.745218 1.171306 -3.653098
v 5.649059 1.108600 -2.575084
v 5.649871 1.130199 -2.726866
v 5.648248 1.087001 -2.726866
v 5.649059 1.108600 -4.665446
v 5.648249 1.087001 -4.817227
v 5.649870 1.130199 -4.817227
v 5.663234 1.326779 -2.417073
v 5.664007 1.327119 -2.572844
v 5.478082 1.210218 -2.572844
v 5.664007 1.210218 -2.418020
v 5.478855 1.210558 -2.417073
v 5.478855 1.326779 -2.573792
v 5.478082 1.327119 -2.418020
v 5.663234 1.210558 -2.573792
v 7.210928 0.173085 -2.699626
v 7.209586 0.767737 -2.529485
v 7.209796 0.397787 -2.274891
v 7.220119 0.168981 -2.449303
v 7.012681 0.624649 -2.317276
v 7.013082 0.764840 -2.514922
v 7.013112 0.722116 -2.754254
v 7.011739 0.150327 -2.585239
v 7.002549 0.242355 -2.818077
v 7.006827 0.199879 -2.407925
v 7.011719 0.386782 -2.277840
v 7.209556 0.636654 -2.324718
v 7.209986 0.713875 -2.765720
v 7.210949 0.509209 -2.893161
v 7.012871 0.520505 -2.891675
v 7.215842 0.286739 -2.844485
v 7.224443 0.602743 -2.733508
v 7.226834 0.457216 -2.786062
v 7.226355 0.255535 -2.529125
v 7.225876 0.558697 -2.407425
v 7.225947 0.407356 -2.380207
v 7.226763 0.312538 -2.733982
v 7.228267 0.658443 -2.525683
v 7.220850 0.458814 -2.605994
v 7.208319 0.622180 -2.563666
v 7.230293 0.622050 -2.603834
v 7.206400 0.462988 -2.563030
v 7.230404 0.458304 -2.564392
v 7.232948 0.453356 -2.598809
v 7.194339 0.461193 -2.576867
v 7.194726 0.453843 -2.581001
v 7.194798 0.454702 -2.579857
v 7.199081 0.463139 -2.583768
v 7.194726 0.454611 -2.586949
v 7.194798 0.453787 -2.585779
v 7.198673 0.456935 -2.581540
v 7.194798 0.463360 -2.584224
v 7.198444 0.458321 -2.581540
v 7.239635 0.499355 -2.742319
v 7.197466 0.519432 -2.735818
v 7.219255 0.479977 -2.573715
v 7.216439 0.435208 -2.588278
v 7.214776 0.469872 -2.601318
v 7.228387 0.314126 -2.663735
v 7.206416 0.337846 -2.696155
v 7.246407 0.457213 -2.589120
v 7.241981 0.454611 -2.579946
v 7.241909 0.453787 -2.581115
v 7.241981 0.463382 -2.584099
v 7.238034 0.458321 -2.581090
v 7.241909 0.454702 -2.587037
v 7.238262 0.457200 -2.581904
v 7.213757 0.442650 -2.566212
v 7.230804 0.442914 -2.569904
v 7.206514 0.466326 -2.603152
v 7.217201 0.469646 -2.559195
v 7.209226 0.467616 -2.570657
v 7.230356 0.467583 -2.570703
v 7.208274 0.338304 -2.469966
v 7.229371 0.313496 -2.504071
v 7.217443 0.440603 -2.601238
v 7.219256 0.435079 -2.578596
v 7.239635 0.518531 -2.430806
v 7.197466 0.498465 -2.424267
v 7.216443 0.479860 -2.593122
v 5.795575 0.286739 -2.844485
v 5.790661 0.173085 -2.699626
v 5.789720 0.713875 -2.765720
v 5.789319 0.767737 -2.529485
v 5.789289 0.636653 -2.324718
v 5.799853 0.168981 -2.449304
v 5.586561 0.199879 -2.407925
v 5.592415 0.624648 -2.317276
v 5.592815 0.764840 -2.514922
v 5.592845 0.722116 -2.754254
v 5.592605 0.520505 -2.891675
v 5.582283 0.242355 -2.818077
v 5.591473 0.150327 -2.585239
v 5.789529 0.397787 -2.274891
v 5.591453 0.386782 -2.277840
v 5.790682 0.509210 -2.893161
v 5.575567 0.459426 -2.786062
v 5.576046 0.661107 -2.529125
v 5.576453 0.509286 -2.380207
v 5.577958 0.313899 -2.733508
v 5.574134 0.258199 -2.525683
v 5.575638 0.604104 -2.733982
v 5.576524 0.357945 -2.407425
v 5.569457 0.453304 -2.598814
v 5.584974 0.462204 -2.608272
v 5.579699 0.461369 -2.560293
v 5.596426 0.463382 -2.563312
v 5.568428 0.455125 -2.568328
v 5.582934 0.619162 -2.559699
v 5.578858 0.625873 -2.603009
v 5.607666 0.614401 -2.582778
v 5.615160 0.455861 -2.584435
v 5.602589 0.458321 -2.583905
v 5.607675 0.463382 -2.584099
v 5.607945 0.457284 -2.582468
v 5.607603 0.453787 -2.581115
v 5.603944 0.459433 -2.581918
v 5.610302 0.459672 -2.577647
v 5.608500 0.460877 -2.582551
v 5.584950 0.479978 -2.573718
v 5.605332 0.499360 -2.742318
v 5.563158 0.519428 -2.735820
v 5.582132 0.435208 -2.588281
v 5.572055 0.442083 -2.569870
v 5.584028 0.441292 -2.567671
v 5.578789 0.313883 -2.662385
v 5.605801 0.329637 -2.672100
v 5.607365 0.329690 -2.677728
v 5.566913 0.322775 -2.686274
v 5.596498 0.442914 -2.569904
v 5.581714 0.469019 -2.603300
v 5.571596 0.466444 -2.602282
v 5.595958 0.466146 -2.603125
v 5.579419 0.445900 -2.603245
v 5.560420 0.463382 -2.582795
v 5.560492 0.463360 -2.584224
v 5.560420 0.453843 -2.581001
v 5.564375 0.456851 -2.585470
v 5.559593 0.461507 -2.580173
v 5.554534 0.458006 -2.583013
v 5.593496 0.313408 -2.504713
v 5.573968 0.338305 -2.469967
v 5.596498 0.466444 -2.564612
v 5.574931 0.469668 -2.564050
v 5.582136 0.479862 -2.593119
v 5.584950 0.435080 -2.578593
v 5.563157 0.498470 -2.424267
v 5.605332 0.518527 -2.430804
v 7.210949 0.509209 -4.927513
v 7.209986 0.713874 -4.800072
v 7.209586 0.767737 -4.563838
v 7.209556 0.636653 -4.359070
v 7.209796 0.397787 -4.309244
v 7.220118 0.168980 -4.483658
v 7.011718 0.386780 -4.312193
v 7.012681 0.624650 -4.351630
v 7.013082 0.764840 -4.549274
v 7.013112 0.722117 -4.788605
v 7.012871 0.520506 -4.926026
v 7.011739 0.150327 -4.619591
v 7.006827 0.199878 -4.442279
v 7.215842 0.286738 -4.878837
v 7.002549 0.242354 -4.852429
v 7.210928 0.173085 -4.733978
v 7.224443 0.602743 -4.767860
v 7.226355 0.255535 -4.563478
v 7.225947 0.407355 -4.414559
v 7.228267 0.658443 -4.560035
v 7.226763 0.312537 -4.768334
v 7.226834 0.457216 -4.820415
v 7.225876 0.558697 -4.441777
v 7.217492 0.459658 -4.642019
v 7.228985 0.464903 -4.598828
v 7.236895 0.458321 -4.618258
v 7.241981 0.463382 -4.618451
v 7.241302 0.452909 -4.616912
v 7.220222 0.467572 -4.638208
v 7.238262 0.457200 -4.616256
v 7.240753 0.455814 -4.619193
v 7.244608 0.464256 -4.617291
v 7.242807 0.459963 -4.619953
v 7.222626 0.468807 -4.589052
v 7.216879 0.619081 -4.594123
v 7.212495 0.626810 -4.634736
v 7.241981 0.614529 -4.617147
v 7.194340 0.461193 -4.611219
v 7.194726 0.453843 -4.615353
v 7.194798 0.454701 -4.614210
v 7.196944 0.467486 -4.618817
v 7.194726 0.454610 -4.621301
v 7.194798 0.453787 -4.620131
v 7.198673 0.456935 -4.615892
v 7.194798 0.463360 -4.618577
v 7.198444 0.458321 -4.615892
v 7.216440 0.435207 -4.622630
v 7.239635 0.499356 -4.776671
v 7.197466 0.519432 -4.770171
v 7.219256 0.479976 -4.608067
v 7.215494 0.442336 -4.599541
v 7.229193 0.314167 -4.697585
v 7.206414 0.337847 -4.730506
v 7.230708 0.442709 -4.604008
v 7.218160 0.467690 -4.590546
v 7.209226 0.467616 -4.605009
v 7.240108 0.334221 -4.522840
v 7.241671 0.328882 -4.524629
v 7.208273 0.338304 -4.504320
v 7.217811 0.314332 -4.542614
v 7.222281 0.434282 -4.635486
v 7.219255 0.435079 -4.612948
v 7.239635 0.518530 -4.465156
v 7.197466 0.498466 -4.458618
v 7.216438 0.479861 -4.627472
v 5.790682 0.509209 -4.927513
v 5.789319 0.767737 -4.563838
v 5.790661 0.173085 -4.733978
v 5.789529 0.397786 -4.309244
v 5.799851 0.168980 -4.483658
v 5.591473 0.150327 -4.619591
v 5.591452 0.386780 -4.312193
v 5.592415 0.624649 -4.351630
v 5.592816 0.764840 -4.549274
v 5.592845 0.722117 -4.788605
v 5.592605 0.520506 -4.926026
v 5.582283 0.242354 -4.852429
v 5.586561 0.199878 -4.442279
v 5.789289 0.636653 -4.359070
v 5.789720 0.713875 -4.800072
v 5.795575 0.286738 -4.878837
v 5.577958 0.313899 -4.767860
v 5.575567 0.459427 -4.820415
v 5.576453 0.509287 -4.414559
v 5.576524 0.357945 -4.441777
v 5.574133 0.258199 -4.560036
v 5.576046 0.661107 -4.563478
v 5.575638 0.604105 -4.768334
v 5.596426 0.463382 -4.597664
v 5.579700 0.461369 -4.594645
v 5.569457 0.453304 -4.633166
v 5.584972 0.462204 -4.642622
v 5.582934 0.619161 -4.594050
v 5.578857 0.625873 -4.637359
v 5.568428 0.455125 -4.602681
v 5.615160 0.455860 -4.618787
v 5.602589 0.458321 -4.618258
v 5.607675 0.463382 -4.618451
v 5.607945 0.457284 -4.616820
v 5.607603 0.453787 -4.615467
v 5.603944 0.459433 -4.616270
v 5.610302 0.459672 -4.611999
v 5.608500 0.460877 -4.616903
v 5.607666 0.614401 -4.617130
v 5.584950 0.479978 -4.608069
v 5.582133 0.435208 -4.622633
v 5.605332 0.499360 -4.776670
v 5.563158 0.519428 -4.770173
v 5.595958 0.466146 -4.637477
v 5.581714 0.469019 -4.637652
v 5.572055 0.442083 -4.604222
v 5.584028 0.441292 -4.602023
v 5.605801 0.329637 -4.706451
v 5.607365 0.329689 -4.712080
v 5.566908 0.322779 -4.720627
v 5.578788 0.313883 -4.696737
v 5.596498 0.442913 -4.604256
v 5.571596 0.466444 -4.636634
v 5.579420 0.445899 -4.637600
v 5.560420 0.463382 -4.617147
v 5.560492 0.463360 -4.618577
v 5.560420 0.453843 -4.615353
v 5.574931 0.469668 -4.598403
v 5.564375 0.456850 -4.619823
v 5.559593 0.461507 -4.614525
v 5.554534 0.458006 -4.617365
v 5.593496 0.313408 -4.539065
v 5.573968 0.338304 -4.504320
v 5.596498 0.466444 -4.598964
v 5.584949 0.435079 -4.612945
v 5.563157 0.498470 -4.458618
v 5.605332 0.518526 -4.465154
v 5.582131 0.479862 -4.627470
v 7.002375 1.046884 -1.851191
v 7.003035 0.889937 -1.851462
v 6.717798 1.046883 -1.909460
v 7.003035 1.047143 -1.909189
v 7.002375 0.890197 -1.909460
v 6.717137 0.889937 -1.909189
v 6.717138 1.047143 -1.851462
v 6.717797 0.890197 -1.851191
v 6.727695 0.930329 -5.291804
v 6.993101 0.930028 -5.292065
v 6.992477 1.096789 -5.291804
v 6.727695 1.096789 -5.350038
v 6.727072 1.097091 -5.292065
v 6.993101 1.097091 -5.349777
v 6.727072 0.930027 -5.349777
v 6.992477 0.930329 -5.350039
v 5.800025 0.890197 -1.851191
v 6.085263 1.047143 -1.909189
v 6.084603 0.890197 -1.909460
v 5.800026 1.046884 -1.909460
v 5.799366 1.047143 -1.851462
v 5.799366 0.889937 -1.909189
v 6.084603 1.046884 -1.851191
v 6.085263 0.889937 -1.851462
v 6.074706 1.096789 -5.291804
v 5.809923 0.930330 -5.291804
v 5.809923 1.096789 -5.350038
v 6.074706 0.930329 -5.350038
v 5.809300 0.930028 -5.349777
v 6.075328 0.930027 -5.292065
v 5.809300 1.097091 -5.292065
v 6.075328 1.097091 -5.349777
v 6.704579 0.778488 -1.862905
v 6.097821 0.778488 -1.867742
v 6.097821 0.658378 -1.862905
v 6.704579 0.658378 -1.867742
v 6.241611 0.799567 -5.341976
v 6.560789 0.799567 -5.339873
v 6.560789 0.667311 -5.341977
v 6.241611 0.667311 -5.339873
v 6.067045 0.787369 -1.852184
v 6.741536 0.800968 -1.853321
v 6.067045 0.814567 -1.854458
v 6.067045 0.874593 -1.854458
v 6.741536 0.860994 -1.853321
v 6.067045 0.847395 -1.852184
v 6.741536 0.921020 -1.853321
v 6.067045 0.934619 -1.854458
v 6.067045 0.907421 -1.852184
v -5.052866 0.286370 -7.098665
v -5.053426 0.140594 -7.099535
v -8.549685 0.140062 -7.098665
v -5.053426 0.285837 -3.902369
v -8.549685 0.286370 -3.903240
v -8.549126 0.140595 -3.902369
v -5.052867 0.140062 -3.903240
v -8.549126 0.285837 -7.099535
v -8.100745 0.290913 -6.329329
v -8.199597 0.645656 -6.501683
v -8.100381 0.646239 -6.329394
v -7.902340 0.645738 -6.672970
v -7.902215 0.290412 -6.672623
v -8.101032 0.290994 -6.672401
v -8.099424 0.646385 -6.673237
v -8.199518 0.290266 -6.499874
v -7.903111 0.645876 -6.328954
v -7.803198 0.290774 -6.502005
v -7.803769 0.646867 -6.500514
v -7.902104 0.289783 -6.330194
v -7.300595 0.290913 -6.329329
v -7.399368 0.290266 -6.499875
v -7.300881 0.290994 -6.672401
v -7.101954 0.289783 -6.330194
v -7.102065 0.290412 -6.672623
v -7.102190 0.645737 -6.672971
v -7.399447 0.645656 -6.501682
v -7.300230 0.646239 -6.329394
v -7.003048 0.290775 -6.502003
v -7.299275 0.646385 -6.673237
v -7.003619 0.646867 -6.500515
v -7.102962 0.645876 -6.328954
v -6.301805 0.289783 -6.330194
v -6.599218 0.290266 -6.499874
v -6.499124 0.646385 -6.673237
v -6.203469 0.646867 -6.500514
v -6.302811 0.645876 -6.328954
v -6.202899 0.290773 -6.502004
v -6.500731 0.290994 -6.672401
v -6.301915 0.290412 -6.672623
v -6.302040 0.645737 -6.672971
v -6.599298 0.645656 -6.501682
v -6.500444 0.290913 -6.329329
v -6.500080 0.646239 -6.329394
v -5.700294 0.290913 -6.329329
v -5.501655 0.289783 -6.330194
v -5.501764 0.290412 -6.672623
v -5.698975 0.646385 -6.673237
v -5.799147 0.645656 -6.501682
v -5.502661 0.645876 -6.328954
v -5.402748 0.290774 -6.502004
v -5.501890 0.645737 -6.672971
v -5.700581 0.290994 -6.672401
v -5.799068 0.290266 -6.499874
v -5.699930 0.646239 -6.329394
v -5.403319 0.646867 -6.500515
v -8.100746 0.290913 -5.529191
v -8.101032 0.290994 -5.872263
v -7.902104 0.289784 -5.530055
v -7.803198 0.290774 -5.701866
v -8.099425 0.646385 -5.873099
v -8.199597 0.645656 -5.701544
v -7.803769 0.646867 -5.700375
v -8.100381 0.646239 -5.529255
v -7.902214 0.290412 -5.872484
v -7.902340 0.645738 -5.872833
v -8.199518 0.290266 -5.699735
v -7.903111 0.645877 -5.528815
v -7.399368 0.290266 -5.699736
v -7.003619 0.646867 -5.700375
v -7.399447 0.645656 -5.701543
v -7.300230 0.646239 -5.529255
v -7.102190 0.645738 -5.872832
v -7.300881 0.290994 -5.872263
v -7.102064 0.290412 -5.872484
v -7.299276 0.646384 -5.873099
v -7.101954 0.289783 -5.530055
v -7.300595 0.290913 -5.529190
v -7.003048 0.290774 -5.701865
v -7.102961 0.645877 -5.528816
v -6.301914 0.290412 -5.872484
v -6.599298 0.645656 -5.701543
v -6.302040 0.645738 -5.872833
v -6.202899 0.290773 -5.701866
v -6.203469 0.646867 -5.700375
v -6.499125 0.646385 -5.873099
v -6.599218 0.290266 -5.699735
v -6.500731 0.290994 -5.872263
v -6.500080 0.646239 -5.529255
v -6.500444 0.290913 -5.529190
v -6.301805 0.289783 -5.530055
v -6.302811 0.645877 -5.528816
v -5.799068 0.290266 -5.699735
v -5.501655 0.289783 -5.530055
v -5.501764 0.290412 -5.872484
v -5.403319 0.646867 -5.700376
v -5.698976 0.646385 -5.873099
v -5.699930 0.646239 -5.529255
v -5.501890 0.645737 -5.872833
v -5.700581 0.290994 -5.872263
v -5.700294 0.290913 -5.529190
v -5.799147 0.645656 -5.701544
v -5.402748 0.290774 -5.701866
v -5.502661 0.645877 -5.528815
v -7.902104 0.289784 -4.729917
v -7.803198 0.290774 -4.901728
v -7.903111 0.645877 -4.728677
v -7.902340 0.645738 -5.072693
v -7.902215 0.290412 -5.072345
v -8.101032 0.290994 -5.072124
v -8.199518 0.290266 -4.899597
v -8.099425 0.646385 -5.072960
v -8.100381 0.646239 -4.729117
v -8.199597 0.645656 -4.901406
v -8.100745 0.290913 -4.729053
v -7.803769 0.646867 -4.900237
v -7.300595 0.290913 -4.729052
v -7.102065 0.290412 -5.072345
v -7.003619 0.646867 -4.900237
v -7.003048 0.290775 -4.901727
v -7.102190 0.645738 -5.072693
v -7.299275 0.646385 -5.072960
v -7.300881 0.290994 -5.072124
v -7.399447 0.645657 -4.901405
v -7.300230 0.646239 -4.729117
v -7.399368 0.290266 -4.899598
v -7.102962 0.645877 -4.728677
v -7.101954 0.289784 -4.729917
v -6.301805 0.289784 -4.729917
v -6.599218 0.290266 -4.899597
v -6.203469 0.646867 -4.900237
v -6.499124 0.646385 -5.072960
v -6.599298 0.645656 -4.901405
v -6.500080 0.646239 -4.729117
v -6.302041 0.645738 -5.072694
v -6.202899 0.290774 -4.901727
v -6.301914 0.290412 -5.072345
v -6.500731 0.290994 -5.072124
v -6.500444 0.290913 -4.729052
v -6.302811 0.645877 -4.728678
v -5.501655 0.289783 -4.729917
v -5.501764 0.290412 -5.072345
v -5.403319 0.646867 -4.900238
v -5.799147 0.645656 -4.901405
v -5.402748 0.290774 -4.901727
v -5.501890 0.645738 -5.072694
v -5.700581 0.290994 -5.072124
v -5.698975 0.646385 -5.072960
v -5.799068 0.290266 -4.899597
v -5.699930 0.646239 -4.729117
v -5.502661 0.645877 -4.728677
v -5.700294 0.290913 -4.729052
v -4.099585 1.326029 -9.228144
v -4.099453 0.131650 -9.227542
v -3.702010 1.325223 -9.227542
v -3.701878 1.326029 -9.575113
v -3.702009 0.131650 -9.575713
v -4.099454 1.325223 -9.575713
v -4.099585 0.130844 -9.575112
v -3.701878 0.130844 -9.228143
v -4.087868 1.366606 -9.675200
v -3.713595 1.366605 -9.428108
v -4.087868 1.100701 -9.428108
v -4.088554 1.366985 -9.428879
v -4.088555 1.100321 -9.674429
v -3.712909 1.366985 -9.674429
v -3.713595 1.100702 -9.675200
v -3.712909 1.100322 -9.428879
vn -0.0000 0.5432 0.8396
vn -0.0000 0.5717 -0.8205
vn 0.9824 0.1867 -0.0000
vn -0.9824 0.1867 -0.0000
vn 0.9938 -0.0984 0.0516
vn -0.4226 0.1506 0.8937
vn 0.9938 -0.0985 0.0517
vn -0.4226 0.1503 0.8938
vn 0.2903 0.0639 0.9548
vn -0.4024 0.1238 0.9071
vn -0.4026 0.1238 0.9070
vn 0.2905 0.0639 0.9547
vn 0.7705 -0.6372 0.0188
vn 0.6656 0.7376 0.1139
vn -0.0414 0.0033 -0.9991
vn -0.1373 0.8257 0.5472
vn -0.6995 0.5649 -0.4377
vn 0.7704 -0.6373 0.0191
vn -0.0413 0.0034 -0.9991
vn -0.1370 0.8258 0.5471
vn 0.7633 -0.2161 -0.6089
vn 0.9752 0.2212 -0.0106
vn 0.3840 -0.8910 -0.2422
vn -0.4331 0.5268 0.7314
vn -0.4976 0.5078 0.7032
vn 0.1080 0.5783 0.8087
vn -0.4327 0.5274 0.7312
vn 0.1071 0.5783 0.8088
vn 0.5176 -0.8197 0.2453
vn 0.9243 -0.3450 -0.1633
vn 0.7321 0.2786 -0.6216
vn -0.9819 -0.1291 0.1383
vn -0.9462 0.3218 0.0333
vn -0.8026 -0.5465 0.2390
vn 0.0137 0.9699 -0.2430
vn -0.2683 0.8916 0.3649
vn 0.3874 0.8986 -0.2060
vn 0.8706 0.0281 0.4912
vn -0.9520 0.3028 -0.0451
vn -0.9344 0.3554 -0.0245
vn -0.8516 0.5183 -0.0782
vn -0.8516 0.5183 -0.0781
vn 0.3888 -0.9024 0.1858
vn 0.7248 -0.4082 -0.5550
vn 0.9625 0.2646 -0.0596
vn -0.7854 0.5693 -0.2431
vn -0.7036 0.2301 -0.6723
vn -0.9073 -0.0207 -0.4199
vn 0.3887 -0.9024 0.1858
vn -0.7853 0.5693 -0.2431
vn -0.9074 -0.0203 -0.4198
vn -0.2029 -0.9036 0.3772
vn 0.6379 0.2722 0.7204
vn -0.7331 0.5546 0.3937
vn -0.1814 -0.9662 0.1832
vn -0.7246 -0.2762 0.6314
vn 0.5655 -0.7095 0.4206
vn -0.1369 -0.9387 0.3163
vn 0.4212 -0.2672 -0.8667
vn 0.2347 0.9319 -0.2765
vn -0.0753 -0.8777 0.4733
vn 0.6748 -0.2546 0.6927
vn -0.7560 0.3306 0.5650
vn 0.5121 0.1798 0.8399
vn -0.4268 -0.1325 0.8946
vn 0.6040 -0.7377 0.3015
vn -0.7246 -0.2761 0.6314
vn 0.5655 -0.7094 0.4206
vn 0.7633 -0.2161 -0.6088
vn -0.0150 0.0404 -0.9991
vn -0.0674 0.1866 0.9801
vn -0.0674 0.1863 0.9802
vn -0.0673 0.1863 0.9802
vn -0.0212 0.8275 -0.5610
vn -0.2273 0.9034 0.3637
vn 0.4109 0.8873 -0.2096
vn -0.7652 -0.1698 -0.6210
vn -0.2908 -0.9409 -0.1734
vn -0.2433 -0.7839 -0.5712
vn -0.0213 0.8276 -0.5609
vn -0.2274 0.9033 0.3637
vn 0.4108 0.8873 -0.2095
vn -0.7652 -0.1698 -0.6211
vn -0.2908 -0.9410 -0.1734
vn -0.3947 0.9188 -0.0001
vn -0.3947 0.9188 -0.0002
vn -0.3766 -0.6100 0.6972
vn -0.2487 -0.8878 -0.3872
vn 0.1808 -0.5814 0.7933
vn -0.9956 -0.0322 0.0876
vn 0.9874 0.0014 -0.1585
vn -0.5053 0.3687 -0.7802
vn -0.9956 -0.0329 0.0873
vn 0.9874 0.0015 -0.1585
vn -0.5053 0.3688 -0.7802
vn 0.4058 0.5899 -0.6981
vn 0.4059 0.5899 -0.6981
vn 0.8950 0.0119 0.4460
vn 0.8950 0.0120 0.4459
vn 0.9243 -0.3450 -0.1632
vn -0.8026 -0.5466 0.2390
vn -0.0090 0.6344 -0.7730
vn 0.1833 0.9286 0.3226
vn 0.1963 0.9620 -0.1895
vn 0.0206 0.9996 -0.0188
vn 0.1587 0.9821 -0.1018
vn 0.1687 0.9796 -0.1092
vn -0.0088 0.6345 -0.7729
vn 0.1833 0.9286 0.3227
vn 0.1963 0.9621 -0.1895
vn 0.2871 0.3462 0.8932
vn 0.2870 0.3462 0.8932
vn 0.0161 -0.0571 -0.9982
vn -0.0942 0.3132 0.9450
vn -0.7666 0.3251 0.5538
vn -0.4964 -0.4411 0.7476
vn 0.0160 -0.0571 -0.9982
vn -0.6216 -0.0483 0.7818
vn 0.6217 -0.4204 0.6609
vn 0.9960 -0.0891 0.0007
vn 0.1785 -0.0082 0.9839
vn 0.1776 -0.0074 0.9841
vn 0.1776 -0.0075 0.9841
vn -0.9930 0.1063 -0.0516
vn 0.9364 0.1844 -0.2986
vn 0.9957 -0.0916 0.0151
vn 0.9957 -0.0916 0.0152
vn -0.4054 0.1333 0.9044
vn -0.1629 -0.7675 -0.6200
vn 0.7896 0.2611 -0.5553
vn 0.7707 0.2687 -0.5778
vn 0.9364 -0.2271 -0.2677
vn 0.1785 -0.0081 0.9839
vn 0.1777 -0.0074 0.9841
vn 0.1777 -0.0075 0.9841
vn -0.9930 0.1061 -0.0526
vn -0.9930 0.1060 -0.0526
vn 0.9957 -0.0913 0.0155
vn -0.2683 0.8916 0.3648
vn 0.2145 0.5855 0.7818
vn 0.5692 0.5754 0.5873
vn 0.2145 0.5854 0.7819
vn 0.5693 0.5754 0.5873
vn 0.4598 0.5212 -0.7189
vn -0.7219 -0.2286 0.6531
vn 0.2672 0.9636 0.0109
vn -0.3068 0.7056 -0.6387
vn -0.6898 0.5889 -0.4212
vn 0.4598 0.5212 -0.7190
vn -0.7218 -0.2285 0.6533
vn -0.3069 0.7056 -0.6387
vn -0.6900 0.5888 -0.4210
vn -0.7265 -0.0303 0.6865
vn 0.7939 0.3648 0.4864
vn 0.4555 0.2885 0.8422
vn -0.7183 -0.0504 0.6939
vn 0.4554 0.2890 0.8421
vn 0.4553 0.2889 0.8422
vn 0.4556 0.2890 0.8420
vn 0.4987 -0.5107 -0.7003
vn -0.7322 -0.3785 -0.5662
vn -0.1142 -0.3182 -0.9411
vn 0.5027 -0.4216 0.7547
vn 0.0946 0.2601 0.9609
vn 0.0874 0.2415 0.9665
vn 0.5028 -0.4217 0.7546
vn 0.0875 0.2415 0.9664
vn 0.2859 0.3542 0.8904
vn 0.2856 0.3544 0.8904
vn 0.9973 0.0720 -0.0132
vn 0.2436 0.8336 -0.4958
vn 0.8468 0.1250 0.5171
vn -0.9761 0.0874 -0.1988
vn -0.7427 0.3900 -0.5444
vn -0.9954 -0.0958 -0.0051
vn -0.2375 0.9675 0.0871
vn 0.0240 -0.5969 0.8020
vn 0.0205 -0.5968 0.8021
vn 0.2161 -0.5878 0.7796
vn -0.8458 0.3147 0.4308
vn 0.9225 -0.0033 0.3861
vn -0.9731 0.0973 -0.2087
vn -0.6657 0.4580 -0.5891
vn -0.9954 -0.0954 -0.0050
vn -0.2379 0.9674 0.0871
vn -0.2378 0.9674 0.0870
vn -0.2378 0.9674 0.0872
vn 0.0204 -0.5968 0.8021
vn 0.2163 -0.5879 0.7795
vn 0.2440 0.4500 0.8591
vn 0.5939 0.5499 0.5873
vn 0.2432 0.4494 0.8596
vn 0.5940 0.5497 0.5873
vn 0.1295 0.4163 -0.9000
vn -0.0603 -0.1926 0.9794
vn 0.4912 -0.4506 0.7454
vn 0.0007 -0.0002 1.0000
vn 0.1295 0.4160 -0.9001
vn -0.0248 0.4952 -0.8684
vn -0.2114 0.4984 -0.8408
vn -0.0247 0.4954 -0.8683
vn -0.2113 0.4989 -0.8405
vn -0.5792 0.5782 0.5747
vn 0.5755 0.5765 0.5800
vn 0.5792 0.5782 -0.5747
vn -0.5755 -0.5765 0.5800
vn 0.5792 -0.5781 0.5747
vn -0.5792 -0.5781 -0.5747
vn -0.5755 0.5765 -0.5800
vn 0.5755 -0.5765 -0.5800
vn -0.6119 0.5012 0.6119
vn 0.6120 0.5010 -0.6120
vn -0.6119 -0.5012 -0.6119
vn 0.6120 -0.5010 0.6120
vn -0.5766 0.5771 -0.5783
vn 0.5766 -0.5771 -0.5783
vn -0.5781 -0.5776 -0.5764
vn 0.5781 -0.5776 0.5764
vn 0.5781 0.5776 -0.5764
vn -0.5766 -0.5771 0.5783
vn 0.5766 0.5771 0.5783
vn -0.5781 0.5776 0.5764
vn -0.0000 1.0000 -0.0000
vn -0.7069 0.0001 -0.7073
vn 0.7073 0.0001 -0.7070
vn 0.7069 -0.0001 -0.7073
vn -0.7073 0.0001 0.7070
vn -0.7073 -0.0001 -0.7070
vn 0.7069 0.0001 0.7073
vn -0.7069 -0.0001 0.7073
vn 0.7073 -0.0001 0.7070
vn -0.0000 -1.0000 -0.0000
vn -0.3280 0.9204 -0.2129
vn -0.0000 0.7691 -0.6391
vn 0.0001 -0.0008 -1.0000
vn -0.0000 0.7691 0.6391
vn -0.3357 0.9420 -0.0000
vn 0.3280 0.9204 0.2129
vn 0.3357 0.9420 -0.0000
vn -0.0001 -0.0008 1.0000
vn 0.8234 0.0903 -0.5602
vn -0.3000 -0.7910 -0.5332
vn -0.5430 0.6164 -0.5702
vn -0.5184 0.6461 0.5602
vn 0.8199 0.0519 0.5702
vn -0.3471 -0.7715 0.5332
vn 0.7121 -0.3356 -0.6166
vn 0.5517 0.5790 -0.6003
vn 0.7203 0.2783 0.6353
vn 0.5531 -0.5797 0.5983
vn -0.2319 -0.7784 -0.5833
vn -0.8010 -0.0189 -0.5983
vn -0.3865 -0.7144 0.5833
vn -0.3125 0.7062 -0.6353
vn -0.7409 0.2662 0.6166
vn 0.0194 0.7995 0.6003
vn -0.3067 -0.9135 0.2672
vn -0.9464 0.2061 0.2486
vn -0.8114 0.5316 -0.2428
vn -0.8570 -0.0443 -0.5133
vn -0.5873 -0.7885 -0.1826
vn -0.5510 -0.5878 0.5924
vn 0.3005 -0.8382 0.4551
vn 0.0136 0.9699 -0.2430
vn 0.9569 0.2903 0.0064
vn 0.9536 0.2914 0.0760
vn 0.9568 0.2868 0.0484
vn 0.9537 0.3005 -0.0131
vn 0.9519 0.3015 -0.0540
vn -0.2414 0.6504 -0.7202
vn 0.1340 -0.3758 -0.9169
vn -0.1317 0.3692 -0.9199
vn 0.1112 -0.3104 0.9441
vn -0.7062 -0.6410 0.3006
vn 0.2436 0.6836 -0.6880
vn 0.3108 0.8670 0.3894
vn 0.7949 0.4983 0.3462
vn -0.9412 0.3216 -0.1030
vn -0.9895 0.1279 -0.0680
vn -0.0983 -0.2882 0.9525
vn 0.2952 -0.9553 0.0147
vn -0.9512 0.2910 0.1030
vn 0.0640 0.1726 -0.9829
vn 0.7473 0.3147 -0.5852
vn 0.2449 0.7110 0.6592
vn -0.9464 0.2062 0.2486
vn -0.8571 -0.0443 -0.5133
vn 0.3005 -0.8382 0.4552
vn 0.1341 -0.3758 -0.9169
vn -0.1317 0.3692 -0.9200
vn 0.2449 0.7111 0.6590
vn -0.9895 0.1279 -0.0679
vn 0.7949 0.4983 0.3461
vn -0.9741 0.2232 0.0375
vn 0.4407 0.3986 0.8043
vn 0.4150 0.6143 -0.6711
vn -0.6116 -0.7902 -0.0375
vn 0.7739 -0.6290 -0.0737
vn -0.2953 0.9543 -0.0459
vn 0.5942 0.0311 0.8037
vn 0.7106 0.2143 -0.6702
vn -0.6111 -0.1669 0.7738
vn -0.7126 -0.3644 -0.5995
vn 0.2049 -0.9760 -0.0734
vn -0.6116 -0.7903 -0.0375
vn 0.4150 0.6144 -0.6711
vn -0.6117 -0.7902 -0.0375
vn 0.7739 -0.6289 -0.0737
vn -0.6118 -0.7901 -0.0377
vn -0.8313 0.5540 -0.0458
vn -0.3687 -0.5152 0.7737
vn 0.4413 0.3991 0.8037
vn 0.4160 0.6147 -0.6701
vn -0.3228 -0.7324 -0.5995
vn 0.7749 -0.6279 -0.0734
vn -0.6111 -0.1670 0.7738
vn -0.2953 0.9543 -0.0458
vn -0.7126 -0.3643 -0.5995
vn -0.6117 -0.7901 -0.0378
vn -0.6147 0.7879 0.0374
vn -0.9732 -0.2269 -0.0380
vn 0.5934 0.0310 0.8043
vn 0.7096 0.2146 -0.6711
vn 0.2035 -0.9763 -0.0737
vn 0.4160 0.6148 -0.6701
vn -0.8313 0.5540 -0.0459
vn -0.3687 -0.5152 0.7738
vn -0.3675 -0.5149 0.7745
vn -0.8306 0.5550 -0.0453
vn -0.3220 -0.7327 -0.5995
vn 0.8718 0.0583 0.4864
vn 0.7154 0.5046 -0.4833
vn -0.6100 -0.1675 0.7745
vn -0.2941 0.9547 -0.0453
vn -0.7122 -0.3652 -0.5995
vn 0.7128 -0.5053 0.4865
vn 0.8734 -0.0601 -0.4834
vn -0.6117 -0.7901 -0.0380
vn -0.9741 0.2231 0.0375
vn 0.4151 0.6143 -0.6711
vn -0.6146 0.7880 0.0375
vn -0.6117 -0.7902 -0.0376
vn -0.9731 -0.2271 -0.0378
vn -0.6114 -0.7904 -0.0376
vn 0.4150 0.6144 -0.6710
vn -0.9741 0.2230 0.0374
vn -0.6147 0.7879 0.0375
vn -0.9732 -0.2268 -0.0381
vn -0.3686 -0.5152 0.7738
vn 0.5942 0.0310 0.8037
vn 0.5942 0.0311 0.8038
vn 0.7106 0.2143 -0.6701
vn 0.2048 -0.9760 -0.0734
vn 0.7150 0.5047 -0.4838
vn 0.8719 0.0585 0.4861
vn 0.8721 0.0587 0.4859
vn 0.8734 -0.0602 -0.4833
vn 0.7131 -0.5049 0.4863
vn -0.9740 0.2232 0.0375
vn -0.6115 -0.7903 -0.0375
vn -0.9732 -0.2270 -0.0380
vn -0.6147 0.7878 0.0375
vn 0.4159 0.6148 -0.6701
vn -0.5787 0.5782 0.5751
vn -0.5760 0.5766 -0.5795
vn -0.5787 -0.5782 -0.5751
vn 0.5760 -0.5766 -0.5795
vn 0.5787 0.5782 -0.5751
vn 0.5787 -0.5782 0.5751
vn -0.5760 -0.5766 0.5795
vn 0.5760 0.5766 0.5795
vn 0.7411 0.6712 0.0118
vn -0.7411 -0.6712 0.0118
vn 0.7412 -0.6712 -0.0119
vn -0.7412 0.6712 -0.0119
vn 0.0365 0.8371 -0.5458
vn -0.0365 0.8371 0.5458
vn 0.0365 -0.8371 0.5459
vn -0.0365 -0.8371 -0.5459
vn 0.0365 -0.8372 0.5457
vn -0.0365 -0.8372 -0.5457
vn -0.0365 -0.8371 -0.5458
vn 0.0365 -0.8371 0.5458
vn -0.7024 0.0034 -0.7117
vn 0.7024 -0.0034 -0.7118
vn -0.7100 0.0004 -0.7042
vn 0.7100 -0.0004 -0.7042
vn -0.7100 -0.0004 0.7042
vn 0.7024 0.0034 0.7117
vn -0.7024 -0.0034 0.7117
vn 0.7100 0.0004 0.7042
vn 0.7412 -0.6712 -0.0118
vn -0.7412 -0.6712 0.0120
vn 0.7412 0.6712 0.0119
vn 0.7024 -0.0034 -0.7117
vn 0.7412 0.6712 0.0120
vn 0.7024 0.0034 0.7118
vn -0.5765 0.5759 -0.5796
vn 0.5765 -0.5759 -0.5796
vn -0.5783 -0.5787 -0.5750
vn 0.5783 0.5787 -0.5750
vn -0.5783 0.5787 0.5750
vn 0.5783 -0.5787 0.5750
vn 0.5765 0.5759 0.5796
vn -0.5765 -0.5759 0.5796
vn -0.6744 0.7382 -0.0130
vn 0.6744 -0.7382 -0.0130
vn -0.6744 -0.7382 0.0130
vn 0.6744 0.7382 0.0130
vn 0.0401 0.8393 -0.5422
vn 0.0401 -0.8393 0.5422
vn -0.0401 -0.8393 -0.5422
vn -0.0401 0.8393 0.5422
vn -0.0353 0.8169 0.5756
vn 0.0354 0.8169 -0.5756
vn -0.0353 -0.8169 -0.5756
vn 0.0354 -0.8169 0.5756
vn -0.0354 0.8169 0.5757
vn 0.0354 0.8169 -0.5757
vn -0.0354 -0.8169 -0.5757
vn 0.0354 -0.8169 0.5757
vn -0.5789 -0.5779 -0.5753
vn 0.5754 -0.5769 -0.5798
vn 0.5789 -0.5779 0.5753
vn 0.5754 0.5769 0.5798
vn -0.5754 -0.5769 0.5798
vn 0.5789 0.5779 -0.5753
vn -0.5754 0.5769 -0.5798
vn -0.5789 0.5779 0.5753
vn -0.5752 0.5780 -0.5788
vn 0.5752 -0.5780 -0.5788
vn -0.5792 -0.5767 -0.5761
vn 0.5792 0.5767 -0.5761
vn 0.5792 -0.5767 0.5761
vn -0.5792 0.5767 0.5761
vn -0.5752 -0.5780 0.5788
vn 0.5752 0.5780 0.5788
vn -0.5800 -0.5787 -0.5733
vn 0.5754 -0.5746 -0.5820
vn 0.5800 -0.5787 0.5733
vn -0.5754 0.5746 -0.5820
vn 0.5800 0.5787 -0.5733
vn 0.5754 0.5746 0.5820
vn -0.5754 -0.5746 0.5820
vn -0.5800 0.5787 0.5733
vn 0.5760 0.5786 0.5775
vn -0.5787 0.5759 0.5774
vn -0.5760 -0.5786 0.5775
vn -0.5787 -0.5759 -0.5774
vn -0.5760 0.5786 -0.5775
vn 0.5787 -0.5759 0.5774
vn 0.5760 -0.5786 -0.5775
vn 0.5787 0.5759 -0.5774
vn -0.0213 0.6892 0.7242
vn -0.0213 -0.6893 -0.7242
vn 0.0213 -0.6893 0.7242
vn 0.0213 0.6892 -0.7242
vn -0.5472 0.8362 -0.0366
vn 0.5472 -0.8362 -0.0366
vn -0.5472 -0.8362 0.0367
vn 0.5472 0.8362 0.0366
vn 0.5473 0.8362 0.0366
vn -0.5473 0.8362 -0.0366
vn -0.5473 -0.8362 0.0366
vn 0.5473 -0.8362 -0.0366
vn 0.5462 0.8369 0.0366
vn -0.5484 0.8354 -0.0367
vn -0.5462 -0.8369 0.0365
vn 0.5484 -0.8354 -0.0367
vn -0.7118 0.0033 0.7023
vn -0.7118 -0.0033 -0.7023
vn -0.7041 0.0002 0.7101
vn 0.7041 -0.0002 0.7101
vn -0.0001 1.0000 -0.0000
vn 0.0001 1.0000 -0.0000
vn -0.0002 1.0000 -0.0000
vn -0.7041 -0.0002 -0.7101
vn 0.7041 0.0002 -0.7101
vn 0.0001 -1.0000 -0.0000
vn -0.0002 -1.0000 -0.0000
vn -0.0001 -1.0000 -0.0000
vn 0.7118 -0.0033 0.7023
vn 0.0002 1.0000 -0.0000
vn 0.7118 0.0033 -0.7023
vn 0.0002 -1.0000 -0.0000
vn -0.0213 0.6893 0.7241
vn -0.0213 -0.6894 -0.7241
vn 0.0213 -0.6891 0.7244
vn 0.0213 0.6891 -0.7244
vn -0.5473 0.8361 -0.0366
vn 0.5473 -0.8361 -0.0366
vn -0.5473 -0.8361 0.0366
vn 0.5473 0.8361 0.0366
vn -0.5473 0.8361 -0.0365
vn -0.5473 -0.8361 0.0365
vn -0.5476 0.8360 -0.0365
vn 0.5476 -0.8360 -0.0366
vn -0.5470 -0.8363 0.0365
vn 0.5470 0.8363 0.0366
vn 0.0213 0.6893 -0.7242
vn -0.0213 -0.6892 -0.7243
vn -0.0213 0.6892 0.7243
vn 0.5467 0.8365 0.0366
vn -0.5467 -0.8365 0.0366
vn 0.5478 -0.8358 -0.0364
vn -0.5478 0.8358 -0.0364
vn 0.0213 0.6894 -0.7241
vn 0.0213 -0.6894 0.7241
vn -0.0213 -0.6891 -0.7243
vn -0.0213 0.6891 0.7243
vn -0.5473 0.8362 -0.0365
vn -0.5473 -0.8362 0.0365
vn -0.5494 0.8347 -0.0366
vn 0.5451 0.8376 0.0365
vn 0.5494 -0.8347 -0.0368
vn -0.5451 -0.8376 0.0364
vn 0.6162 -0.5702 -0.5433
vn -0.7720 0.5316 -0.3483
vn 0.6446 0.5624 -0.5180
vn -0.7922 -0.5316 -0.2996
vn 0.0895 -0.5624 0.8220
vn 0.0516 0.5702 0.8199
vn -0.5780 0.5783 0.5757
vn 0.5780 0.5783 -0.5757
vn -0.5769 0.5762 -0.5790
vn 0.5769 0.5762 0.5790
vn 0.5769 -0.5762 -0.5790
vn 0.5780 -0.5783 0.5757
vn -0.5780 -0.5783 -0.5757
vn -0.5769 -0.5762 0.5790
vn -0.5769 0.5758 -0.5793
vn 0.5769 -0.5758 -0.5793
vn -0.5781 -0.5785 -0.5755
vn -0.5781 0.5784 0.5755
vn 0.5781 0.5784 -0.5755
vn 0.5781 -0.5784 0.5755
vn 0.5769 0.5758 0.5793
vn -0.5769 -0.5758 0.5793
vn -0.0001 -0.0005 -1.0000
vn 0.0001 0.0005 -1.0000
vn -0.0001 -0.0006 -1.0000
vn 0.0001 0.0006 -1.0000
vn -0.7078 0.7064 -0.0008
vn -0.7058 0.7084 -0.0017
vn -0.7078 -0.7064 0.0008
vn 0.7078 0.7064 0.0008
vn 0.7058 0.7084 0.0017
vn 0.0001 -0.0005 1.0000
vn -0.0001 0.0006 1.0000
vn -0.0001 0.0005 1.0000
vn -0.7058 -0.7084 0.0017
vn 0.7078 -0.7064 -0.0008
vn 0.7058 -0.7084 -0.0017
vn 0.0001 -0.0006 1.0000
vn 0.5776 0.5784 -0.5761
vn 0.5776 -0.5784 0.5761
vn 0.5769 -0.5764 -0.5787
vn 0.5769 0.5764 0.5787
vn -0.5776 0.5784 0.5761
vn -0.5769 0.5764 -0.5787
vn -0.5776 -0.5784 -0.5761
vn -0.5769 -0.5764 0.5787
vn 0.5776 0.5782 -0.5762
vn 0.5776 -0.5782 0.5762
vn 0.5773 -0.5767 -0.5781
vn -0.5773 0.5767 -0.5781
vn -0.5776 0.5782 0.5762
vn 0.5773 0.5767 0.5781
vn -0.5776 -0.5782 -0.5762
vn -0.5773 -0.5767 0.5781
vn -0.5760 0.5764 -0.5796
vn 0.5760 -0.5764 -0.5796
vn -0.5788 -0.5783 -0.5750
vn 0.5788 0.5783 -0.5750
vn -0.5788 0.5783 0.5750
vn -0.5760 -0.5764 0.5796
vn 0.5760 0.5764 0.5796
vn 0.5788 -0.5783 0.5750
vn 0.5775 0.5774 -0.5772
vn 0.5775 -0.5774 0.5772
vn 0.5772 -0.5773 -0.5775
vn 0.5772 0.5773 0.5775
vn -0.5775 0.5774 0.5772
vn -0.5772 0.5773 -0.5775
vn -0.5775 -0.5774 -0.5772
vn -0.5772 -0.5773 0.5775
vn 0.2887 0.9391 0.1865
vn 0.2939 0.9558 -0.0000
vn 0.2938 0.9559 -0.0000
vn -0.2887 0.9391 -0.1865
vn -0.2938 0.9559 -0.0000
vn -0.1544 0.5004 -0.8519
vn 0.1544 0.5004 0.8519
vn -0.0000 -0.0022 -1.0000
vn -0.0000 -0.0022 1.0000
vn -0.2939 0.9558 -0.0000
vn 0.8234 0.0903 -0.5603
vn -0.3000 -0.7909 -0.5333
vn -0.5429 0.6164 -0.5704
vn -0.5184 0.6461 0.5603
vn 0.8198 0.0519 0.5704
vn -0.3471 -0.7714 0.5333
vn 0.5515 0.5789 -0.6006
vn -0.2320 -0.7782 -0.5836
vn -0.8009 -0.0190 -0.5985
vn -0.3863 -0.7143 0.5836
vn -0.3124 0.7060 -0.6356
vn -0.7406 0.2662 0.6170
vn 0.0195 0.7993 0.6006
vn 0.5529 -0.5797 0.5985
vn 0.7201 0.2783 0.6356
vn 0.7119 -0.3355 -0.6170
vn -0.6519 -0.5228 -0.5492
vn -0.3477 -0.9148 -0.2054
vn -0.1139 0.3701 -0.9220
vn 0.1116 -0.3780 -0.9191
vn 0.9688 0.2463 0.0264
vn 0.9784 0.1981 -0.0590
vn 0.9559 0.2932 0.0147
vn 0.9550 0.2965 0.0040
vn 0.9609 0.2769 0.0007
vn -0.0979 -0.3148 -0.9441
vn -0.9557 0.2943 -0.0003
vn -0.9496 0.3133 0.0080
vn 0.1002 -0.3141 0.9441
vn -0.9558 0.2941 -0.0010
vn -0.2302 -0.7432 0.6282
vn -0.9386 0.2814 0.1996
vn 0.7704 0.5567 0.3107
vn -0.1535 -0.5089 -0.8471
vn 0.2027 0.6314 0.7485
vn -0.3478 -0.9148 -0.2054
vn 0.1116 -0.3780 -0.9190
vn 0.9688 0.2463 0.0263
vn 0.9609 0.2768 0.0006
vn -0.1535 -0.5089 -0.8470
vn -0.5750 0.5758 -0.5812
vn 0.5750 -0.5758 -0.5812
vn -0.5796 -0.5790 -0.5734
vn 0.5797 -0.5790 0.5734
vn 0.5797 0.5790 -0.5734
vn -0.5750 -0.5758 0.5812
vn 0.5750 0.5758 0.5812
vn -0.5796 0.5790 0.5734
vn 0.5364 0.8431 0.0367
vn -0.5438 0.8384 -0.0371
vn -0.5364 -0.8431 0.0367
vn 0.5438 -0.8384 -0.0372
vn -0.5419 0.8396 -0.0371
vn 0.5419 -0.8396 -0.0371
vn -0.5383 -0.8420 0.0368
vn 0.5383 0.8420 0.0368
vn 0.5401 0.8408 0.0369
vn -0.5401 -0.8408 0.0369
vn 0.5401 -0.8408 -0.0369
vn -0.5401 0.8408 -0.0369
vn -0.5438 0.8384 -0.0372
vn 0.5438 -0.8384 -0.0371
vn -0.5420 0.8396 -0.0370
vn 0.5420 -0.8396 -0.0370
vn -0.5383 -0.8420 0.0369
vn 0.5419 -0.8396 -0.0370
vn 0.5364 0.8431 0.0368
vn -0.5364 -0.8432 0.0368
vn 0.5364 0.8432 0.0367
vn 0.7054 -0.0003 0.7089
vn -0.7092 0.0012 0.7050
vn -0.7054 0.0003 0.7089
vn 0.7092 -0.0012 0.7050
vn -0.7092 -0.0012 -0.7050
vn -0.7054 -0.0003 -0.7089
vn 0.7054 0.0003 -0.7089
vn 0.7092 0.0012 -0.7050
vn 0.7110 0.6677 0.2207
vn 0.3767 0.8893 0.2594
vn 0.1532 0.8319 0.5333
vn 0.4435 -0.4637 0.7670
vn 0.8829 0.0172 0.4692
vn 0.5169 0.0131 0.8559
vn -0.4430 0.3900 0.8073
vn -0.2095 0.9145 0.3462
vn -0.8816 -0.0181 0.4716
vn -0.4114 -0.4927 0.7668
vn -0.8180 0.3207 0.4775
vn 0.8555 -0.3008 0.4215
vn -0.9337 0.2672 -0.2385
vn -0.7371 0.0331 -0.6749
vn -0.3473 -0.3552 -0.8679
vn 0.3114 -0.3579 -0.8803
vn 0.0025 0.0056 -1.0000
vn -0.5787 0.5452 -0.6065
vn 0.5880 -0.5537 -0.5896
vn 0.9384 -0.2630 -0.2241
vn 0.3527 0.3565 -0.8652
vn 0.2350 -0.9392 0.2503
vn -0.3900 -0.9023 0.1836
vn -0.7215 -0.6766 0.1472
vn -0.3796 -0.8689 -0.3178
vn -0.8820 -0.3424 -0.3238
vn -0.9314 0.3639 -0.0002
vn -1.0000 0.0016 -0.0003
vn 0.3796 0.8702 -0.3140
vn 0.0002 1.0000 -0.0003
vn 0.8837 0.3436 -0.3177
vn 0.9313 -0.3642 -0.0002
vn 1.0000 -0.0017 -0.0003
vn 0.7356 -0.6775 -0.0001
vn 0.7326 -0.6807 -0.0004
vn 0.0005 -0.8115 -0.5844
vn -0.0002 -1.0000 -0.0003
vn -0.7361 0.6769 -0.0001
vn -0.7328 0.6805 -0.0004
vn 0.0009 0.8227 -0.5685
vn -0.0005 0.8265 -0.5630
vn -0.0780 -0.3019 0.9502
vn -0.3668 0.8340 0.4123
vn -0.8663 0.4324 0.2501
vn 0.7422 -0.3453 0.5743
vn -0.9255 -0.2105 -0.3149
vn -0.9669 0.0002 -0.2552
vn -0.9075 -0.2626 -0.3277
vn -0.7288 -0.5678 -0.3828
vn 0.3691 -0.9120 -0.1791
vn 0.1689 -0.8887 0.4262
vn 0.0006 -0.9989 -0.0471
vn -0.9458 -0.3247 -0.0000
vn -0.9455 -0.3256 0.0001
vn -0.7878 -0.6159 0.0004
vn -0.7890 -0.6145 0.0002
vn -0.9460 0.3241 -0.0000
vn 0.8174 0.4473 0.3630
vn 0.6902 0.5231 0.5000
vn -0.0006 0.8519 0.5238
vn -0.3680 0.8449 -0.3882
vn 0.0030 0.8657 -0.5005
vn 0.7945 0.6073 -0.0001
vn 0.7966 0.6045 -0.0003
vn 0.7944 0.6074 -0.0001
vn 0.9018 -0.3128 -0.2983
vn -0.3363 -0.9222 0.1907
vn 0.6519 -0.5875 -0.4794
vn -0.0007 -0.9984 0.0570
vn -0.6312 -0.5697 -0.5263
vn -0.0007 -1.0000 -0.0002
vn -0.9180 -0.2669 0.2933
vn 0.0006 -1.0000 0.0003
vn -0.8382 0.4458 -0.3140
vn -0.7947 0.2227 -0.5648
vn 0.7967 0.6043 -0.0003
vn 0.9455 -0.3256 -0.0002
vn 1.0000 0.0004 0.0002
vn 1.0000 -0.0001 0.0001
vn 0.7877 -0.6160 -0.0004
vn 0.9458 -0.3246 -0.0000
vn 0.9116 -0.2614 0.3174
vn 0.7294 0.2293 -0.6445
vn 0.9701 0.0003 0.2427
vn 0.7889 -0.6146 -0.0002
vn 0.7306 -0.5692 0.3771
vn 0.7076 0.5353 -0.4613
vn -0.4085 -0.9118 0.0404
vn 0.6819 -0.7302 -0.0421
vn 0.0997 0.8605 0.4995
vn -0.3750 0.7812 -0.4991
vn 0.0304 0.9995 -0.0000
vn 0.0256 0.9997 -0.0000
vn 0.0203 0.9998 -0.0000
vn 0.0405 0.9992 -0.0000
vn -0.0000 -0.0000 -0.0000
vn 0.5739 0.5766 0.5814
vn -0.5739 -0.5766 0.5814
vn 0.5804 -0.5792 0.5724
vn -0.5804 0.5792 0.5724
vn -0.5804 -0.5792 -0.5724
vn 0.5804 0.5792 -0.5724
vn 0.5739 -0.5766 -0.5814
vn -0.5739 0.5766 -0.5814
vn 0.4082 -0.9119 -0.0421
vn -0.6822 -0.7300 0.0404
vn -0.1014 0.8606 -0.4991
vn 0.3733 0.7817 0.4996
vn -0.0000 -0.0000 1.0000
vn 0.6488 -0.7151 -0.2602
vn 0.6634 -0.3647 -0.6534
vn 0.9999 0.0065 0.0115
vn 0.6317 0.4425 0.6365
vn 0.9999 0.0148 -0.0052
vn 0.6334 0.6286 -0.4514
vn 0.9440 -0.3275 -0.0400
vn 0.0018 -0.4682 -0.8836
vn -0.6488 -0.7602 -0.0333
vn -0.9440 -0.3179 -0.0884
vn 0.6325 0.7636 0.1301
vn -0.6325 0.7552 0.1721
vn -0.0018 -0.7707 0.6372
vn 0.0101 -0.2227 0.9748
vn 0.0124 -0.2496 0.9683
vn -0.6334 0.4080 0.6575
vn -0.9999 0.0104 -0.0081
vn -0.6317 0.6524 -0.4188
vn -0.9999 0.0117 0.0104
vn -0.6634 -0.5870 0.4641
vn -0.0124 0.1399 -0.9901
vn -0.0101 0.1673 -0.9859
vn -0.0201 0.7131 -0.7008
vn 0.0118 -0.1086 -0.9940
vn 0.0036 -0.8065 -0.5912
vn -0.0000 -0.9659 0.2588
vn -0.0036 -0.4028 0.9153
vn -0.0118 0.4030 0.9151
vn 0.0201 0.9679 0.2505
vn 0.0892 -0.9932 -0.0744
vn 0.2542 -0.9474 -0.1942
vn -0.0032 -0.9999 -0.0115
vn -0.6734 0.1366 -0.7266
vn -0.6179 0.1524 -0.7713
vn 0.1229 0.9636 -0.2376
vn 0.0069 -0.9999 -0.0138
vn 0.6923 -0.0106 -0.7216
vn 0.5046 -0.0178 -0.8632
vn -0.4770 -0.4893 0.7301
vn -0.4733 0.0092 0.8809
vn -0.9242 0.0127 0.3817
vn 0.0021 -0.2693 0.9630
vn -0.7969 0.4696 0.3799
vn -0.1881 -0.4215 0.8871
vn -0.4705 0.5176 -0.7146
vn 0.0020 0.5619 0.8272
vn -0.7510 0.4052 0.5213
vn -0.2319 -0.3730 0.8984
vn -0.7580 -0.4473 -0.4747
vn 0.2351 -0.9685 0.0819
vn -0.0859 0.8283 0.5537
vn -0.2059 0.8873 0.4128
vn 0.0093 0.7901 0.6129
vn -0.7475 -0.4957 0.4421
vn 0.3295 -0.7641 -0.5546
vn -0.0493 -0.6095 -0.7913
vn 0.0356 0.3268 0.9444
vn -0.0421 -0.8211 0.5693
vn 0.5450 -0.0073 -0.8384
vn -0.5396 0.5038 -0.6746
vn 0.6442 0.3324 -0.6888
vn 0.5811 0.3460 -0.7366
vn -0.0781 0.7889 0.6095
vn -0.0717 0.5849 -0.8079
vn 0.9302 -0.2274 0.2881
vn 0.1991 0.6911 -0.6948
vn 0.7025 -0.4114 -0.5808
vn 0.8515 -0.3088 -0.4237
vn 0.7532 0.3234 0.5729
vn -0.0003 0.7494 -0.6621
vn -0.0421 0.3296 -0.9432
vn 0.0355 -0.8195 -0.5720
vn -0.5396 -0.0109 0.8419
vn 0.5449 0.4989 0.6739
vn 0.0201 -0.7130 -0.7008
vn -0.0118 0.1085 -0.9940
vn -0.0036 0.8065 -0.5912
vn -0.0000 0.9659 0.2588
vn 0.0036 0.4028 0.9153
vn 0.0118 -0.4028 0.9152
vn -0.0201 -0.9679 0.2505
vn -0.1161 -0.9928 -0.0301
vn -0.0719 -0.9971 -0.0253
vn -0.0330 -0.9946 -0.0985
vn -0.7027 0.0210 -0.7112
vn -0.8413 0.0327 -0.5395
vn 0.4669 0.0168 -0.8842
vn 0.2592 -0.9070 -0.3319
vn 0.0299 0.0332 -0.9990
vn 0.8795 -0.0041 0.4759
vn 0.6860 0.0426 0.7263
vn -0.7483 0.0313 0.6626
vn -0.5837 0.0089 0.8119
vn -0.7638 0.6054 0.2238
vn -0.8862 0.0600 0.4593
vn 0.7086 0.0438 -0.7042
vn -0.7194 0.6731 0.1713
vn -0.0970 0.8151 -0.5712
vn -0.0079 0.8547 -0.5191
vn -0.0190 0.8540 -0.5200
vn -0.2938 0.7450 0.5989
vn 0.8625 0.2964 -0.4102
vn -0.1478 -0.6003 -0.7860
vn 0.6304 -0.4190 -0.6535
vn 0.2303 -0.9710 0.0641
vn 0.8394 -0.3804 0.3881
vn 0.8758 -0.3548 0.3273
vn 0.8746 0.1771 0.4514
vn 0.0448 -0.7819 0.6217
vn -0.8612 -0.1077 -0.4968
vn -0.0421 -0.8211 0.5692
vn 0.0356 0.3267 0.9444
vn -0.5396 0.5037 -0.6746
vn 0.5450 -0.0072 -0.8384
vn -0.8528 -0.3343 0.4012
vn 0.1318 0.7864 0.6035
vn -0.1840 -0.5815 0.7924
vn -0.5627 -0.4674 -0.6818
vn 0.1010 0.4837 -0.8694
vn -0.8703 0.2694 -0.4123
vn -0.4660 0.5208 -0.7153
vn -0.7323 -0.4622 -0.5001
vn -0.8306 -0.4039 -0.3834
vn -0.0421 0.3297 -0.9431
vn -0.5397 -0.0108 0.8418
vn 0.5450 0.4987 0.6740
vn 0.0017 -0.4682 -0.8836
vn -0.0201 0.7130 -0.7009
vn -0.0036 -0.4029 0.9152
vn 0.0036 -0.8064 -0.5913
vn 0.0118 -0.1083 -0.9940
vn 0.0923 -0.9950 0.0376
vn 0.1739 -0.9651 -0.1957
vn -0.0447 -0.9902 0.1321
vn -0.0043 0.0434 -0.9990
vn -0.7178 0.0089 -0.6962
vn 0.4121 0.0157 -0.9110
vn 0.1704 -0.9826 0.0740
vn 0.5178 0.0059 0.8555
vn 0.6184 -0.4672 0.6318
vn 0.8407 -0.3252 0.4331
vn 0.6687 0.0468 -0.7420
vn -0.0752 0.8727 0.4824
vn 0.0129 0.8366 0.5476
vn -0.1594 0.8355 0.5258
vn -0.6771 0.4419 -0.5884
vn 0.8227 -0.3332 -0.4607
vn 0.7256 0.3545 0.5897
vn 0.1031 0.5462 0.8313
vn 0.8348 -0.0048 0.5505
vn -0.6564 0.0004 0.7544
vn 0.6801 0.0507 0.7314
vn 0.5586 0.0493 0.8280
vn -0.7448 -0.0060 0.6673
vn -0.9877 0.0942 0.1245
vn -0.7511 0.6292 0.1999
vn -0.7011 0.6829 0.2051
vn -0.7971 0.4691 0.3802
vn -0.1880 -0.4219 0.8869
vn -0.6981 0.4374 -0.5669
vn -0.7520 0.4044 0.5205
vn -0.7779 -0.3869 -0.4952
vn -0.2060 -0.9364 -0.2843
vn -0.1430 0.9399 0.3099
vn -0.0590 0.6340 -0.7710
vn -0.7607 -0.4807 0.4362
vn -0.7326 -0.5064 0.4548
vn 0.2309 -0.8155 -0.5306
vn -0.6112 -0.4702 -0.6367
vn 0.5450 -0.0074 -0.8384
vn -0.5465 0.5233 -0.6538
vn 0.2774 -0.2676 0.9227
vn 0.2186 0.9319 -0.2896
vn -0.5396 -0.0109 0.8418
vn 0.5449 0.4988 0.6740
vn 0.0201 -0.7129 -0.7009
vn -0.0118 0.1086 -0.9940
vn -0.0036 0.8065 -0.5913
vn 0.0118 -0.4029 0.9151
vn -0.0201 -0.9679 0.2504
vn 0.0037 0.4028 0.9153
vn 0.2593 -0.9069 -0.3320
vn -0.1162 -0.9928 -0.0301
vn -0.7026 0.0210 -0.7112
vn -0.8413 0.0327 -0.5396
vn 0.4669 0.0168 -0.8841
vn -0.8862 0.0600 0.4594
vn -0.7194 0.6731 0.1714
vn -0.0971 0.8151 -0.5712
vn -0.0078 0.8547 -0.5191
vn 0.8625 0.2964 -0.4103
vn -0.1479 -0.6003 -0.7860
vn 0.6305 -0.4190 -0.6534
vn 0.2304 -0.9710 0.0641
vn 0.8394 -0.3805 0.3881
vn 0.7084 0.0438 -0.7044
vn -0.8612 -0.1079 -0.4967
vn 0.0356 0.3266 0.9445
vn -0.5396 0.5036 -0.6746
vn -0.5628 -0.4673 -0.6818
vn -0.4661 0.5208 -0.7152
vn -0.0421 0.3298 -0.9431
vn 0.0356 -0.8194 -0.5720
vn 0.5802 0.5788 -0.5729
vn 0.5728 0.5770 0.5821
vn 0.5802 -0.5788 0.5729
vn -0.5729 -0.5770 0.5821
vn -0.5802 0.5788 0.5729
vn 0.5728 -0.5770 -0.5821
vn -0.5802 -0.5788 -0.5729
vn -0.5729 0.5770 -0.5821
vn 0.7080 -0.7062 -0.0070
vn -0.7048 -0.7094 0.0113
vn -0.7080 -0.7062 0.0070
vn 0.0003 -0.0004 1.0000
vn -0.0010 0.0016 1.0000
vn -0.0003 0.0004 1.0000
vn 0.0010 -0.0016 1.0000
vn -0.7080 0.7062 -0.0070
vn 0.7080 0.7062 0.0070
vn 0.7048 0.7094 0.0113
vn 0.7048 -0.7094 -0.0113
vn -0.7048 0.7094 -0.0113
vn -0.0003 -0.0004 -1.0000
vn 0.0003 0.0004 -1.0000
vn -0.0010 -0.0016 -1.0000
vn 0.0010 0.0016 -1.0000
vn 0.5729 0.5770 0.5821
vn -0.5728 0.5770 -0.5821
vn 0.8124 0.5827 0.0224
vn -0.8124 -0.5827 0.0225
vn 0.8124 -0.5827 -0.0225
vn -0.8124 0.5827 -0.0225
vn -0.7790 0.6270 -0.0067
vn 0.7790 -0.6270 -0.0067
vn -0.7790 -0.6270 0.0067
vn 0.7790 0.6270 0.0067
vn 0.5789 0.5780 -0.5752
vn 0.5789 -0.5780 0.5752
vn 0.5759 -0.5767 -0.5795
vn -0.5789 0.5780 0.5752
vn 0.5759 0.5767 0.5795
vn -0.5759 0.5767 -0.5795
vn -0.5789 -0.5780 -0.5752
vn -0.5759 -0.5767 0.5795
vn -0.3970 -0.6063 0.6891
vn 0.3978 -0.6124 0.6832
vn 0.3954 0.6070 0.6894
vn -0.3972 0.6107 0.6850
vn -0.7916 -0.6111 0.0028
vn -0.7934 0.6086 -0.0023
vn 0.7906 0.6124 0.0029
vn -0.3987 -0.6086 -0.6860
vn -0.3934 0.6111 -0.6869
vn 0.7947 -0.6070 -0.0022
vn 0.3983 0.6063 -0.6883
vn 0.3947 -0.6107 -0.6865
vn -0.5776 0.5781 0.5763
vn -0.5776 -0.5781 -0.5763
vn -0.5775 -0.5760 0.5785
vn 0.5775 0.5760 0.5785
vn 0.5776 0.5781 -0.5763
vn -0.5775 0.5760 -0.5785
vn 0.5776 -0.5781 0.5763
vn 0.5775 -0.5760 -0.5785
vn -0.5786 0.5783 0.5751
vn 0.5786 0.5783 -0.5751
vn -0.5758 0.5769 -0.5793
vn 0.5758 -0.5769 -0.5793
vn -0.5786 -0.5783 -0.5751
vn 0.5758 0.5769 0.5793
vn -0.5758 -0.5769 0.5793
vn 0.5786 -0.5783 0.5751
vn -0.9969 0.0493 -0.0618
vn -0.6352 -0.4926 0.5949
vn -0.9680 0.2392 0.0755
vn 0.6466 -0.6625 0.3782
vn 0.2925 0.1362 0.9465
vn 0.0943 0.5001 0.8608
vn -0.6351 -0.4928 0.5949
vn -0.9680 0.2392 0.0756
vn 0.6467 -0.6625 0.3780
vn 0.2926 0.1361 0.9465
vn 0.0943 0.5002 0.8608
vn -0.7850 -0.1663 -0.5967
vn -0.5298 0.8280 0.1836
vn 0.8813 -0.4717 -0.0287
vn 0.6800 -0.6491 0.3410
vn 0.1573 -0.0493 0.9863
vn -0.0678 0.4251 0.9026
vn 0.6801 -0.6490 0.3410
vn 0.1574 -0.0493 0.9863
vn -0.0678 0.4248 0.9027
vn -0.7851 -0.1662 -0.5966
vn 0.5654 -0.3815 0.7313
vn -0.9974 0.0715 0.0092
vn -0.8911 0.4538 0.0032
vn -0.9940 -0.1083 -0.0138
vn -0.6887 -0.1163 0.7157
vn 0.6881 0.1163 -0.7162
vn -0.3641 -0.8351 -0.4124
vn 0.6576 0.5963 -0.4604
vn 0.3290 -0.9333 -0.1440
vn 0.7686 0.1994 -0.6079
vn 0.8254 -0.4199 0.3772
vn 0.8256 -0.4201 0.3766
vn 0.8255 -0.4202 0.3768
vn 0.7523 -0.2167 0.6221
vn 0.3014 0.2591 0.9176
vn 0.3013 0.2591 0.9176
vn 0.3071 0.3172 0.8973
vn -0.3043 -0.3246 -0.8955
vn -0.5974 -0.8017 0.0224
vn -0.8612 -0.5071 -0.0356
vn -0.8576 -0.4734 -0.2008
vn -0.7998 0.4301 -0.4188
vn -0.6743 0.7309 -0.1051
vn -0.6368 0.3720 0.6754
vn -0.8247 -0.3036 -0.4772
vn 0.8412 0.0526 0.5381
vn -0.7608 -0.6424 -0.0921
vn 0.1138 -0.1516 -0.9819
vn 0.7431 0.5778 -0.3376
vn 0.5831 -0.4225 0.6939
vn -0.5192 -0.2423 -0.8196
vn 0.5655 -0.3814 0.7313
vn -0.9973 0.0726 0.0092
vn -0.9857 0.1683 0.0078
vn 0.3012 0.2588 0.9178
vn 0.3072 0.3174 0.8972
vn -0.3043 -0.3247 -0.8955
vn -0.5974 -0.8016 0.0224
vn -0.8610 -0.5073 -0.0352
vn -0.8577 -0.4733 -0.2008
vn -0.7998 0.4300 -0.4188
vn -0.6747 0.7305 -0.1054
vn -0.6748 0.7305 -0.1052
vn -0.6747 0.7305 -0.1053
vn -0.6368 0.3719 0.6754
vn -0.8246 -0.3038 -0.4772
vn 0.9683 0.1477 -0.2014
vn -0.0366 0.9883 -0.1483
vn 0.0012 0.9845 -0.1752
vn -0.6969 0.6109 0.3756
vn 0.9704 0.2414 0.0022
vn -0.6646 -0.4552 -0.5926
vn 0.3874 0.8986 -0.2059
vn 0.9704 0.2413 0.0022
vn -0.6647 -0.4551 -0.5924
vn -0.1695 -0.9476 0.2707
vn 0.1634 0.5831 0.7958
vn -0.7909 0.3746 0.4839
vn 0.1646 -0.9453 0.2816
vn -0.1887 -0.1669 0.9677
vn 0.1314 0.9371 -0.3233
vn 0.1313 0.9372 -0.3231
vn 0.1314 0.9373 -0.3229
vn 0.3048 0.9411 0.1462
vn -0.0271 -0.9343 0.3555
vn 0.1921 0.6765 0.7110
vn -0.0159 0.9999 0.0048
vn 0.1317 0.9372 -0.3230
vn 0.9683 0.1478 -0.2014
vn -0.0114 0.0304 -0.9995
vn -0.1690 0.4784 0.8617
vn -0.1689 0.4788 0.8615
vn 0.2288 -0.7679 0.5983
vn -0.9350 0.2116 -0.2848
vn 0.2287 -0.7679 0.5983
vn -0.9350 0.2116 -0.2847
vn -0.5435 -0.6657 -0.5114
vn -0.8279 0.5099 -0.2336
vn 0.5095 0.8586 -0.0559
vn 0.5769 0.0071 -0.8168
vn -0.8978 -0.2754 0.3438
vn 0.5549 0.2466 -0.7946
vn 0.5930 -0.6157 -0.5189
vn -0.5845 -0.6682 -0.4603
vn 0.5770 0.0071 -0.8167
vn -0.8977 -0.2755 0.3438
vn 0.5549 0.2463 -0.7947
vn 0.5549 0.2462 -0.7946
vn 0.6325 0.5640 -0.5309
vn 0.6324 0.5641 -0.5309
vn 0.9653 0.1050 0.2392
vn 0.9653 0.1047 0.2393
vn 0.4444 0.8785 -0.1751
vn 0.4445 0.8785 -0.1752
vn 0.9357 -0.0690 0.3459
vn 0.9357 -0.0689 0.3460
vn -0.0012 -0.0003 -1.0000
vn 0.0069 -0.0338 0.9994
vn 0.0068 -0.0341 0.9994
vn 0.9450 -0.1975 0.2608
vn 0.9450 0.1870 0.2682
vn 0.9450 -0.1973 0.2608
vn 0.0098 0.4695 -0.8829
vn 0.0113 -0.4155 0.9095
vn 0.0100 0.4694 -0.8829
vn 0.0111 -0.4155 0.9095
vn 0.6627 0.0622 0.7463
vn 0.2939 0.9484 0.1193
vn 0.0805 0.5373 0.8395
vn 0.0804 0.5373 0.8395
vn 0.9834 -0.1491 0.1031
vn 0.9834 -0.1492 0.1031
vn -0.4563 0.4178 -0.7856
vn 0.5904 -0.6134 -0.5245
vn -0.5282 0.8434 -0.0984
vn 0.5143 0.0075 -0.8576
vn -0.2895 0.4576 -0.8407
vn 0.5904 -0.6133 -0.5247
vn -0.5283 0.8433 -0.0985
vn 0.0468 0.1503 -0.9875
vn 0.0468 0.1504 -0.9875
vn 0.1592 -0.4462 -0.8806
vn -0.1239 -0.3835 0.9152
vn -0.9195 0.3278 0.2171
vn 0.0967 0.2708 -0.9578
vn 0.1592 -0.4462 -0.8807
vn -0.1245 -0.3834 0.9152
vn -0.9195 0.3277 0.2170
vn 0.9527 -0.1245 -0.2773
vn -0.4089 0.4021 0.8192
vn -0.3431 -0.2273 -0.9114
vn -0.1407 -0.3776 0.9152
vn -0.9329 0.2872 0.2172
vn -0.1409 -0.3776 0.9152
vn -0.9330 0.2871 0.2171
vn -0.4087 0.4021 0.8193
vn -0.3430 -0.2274 -0.9114
vn 0.5812 -0.7000 -0.4149
vn 0.6850 0.1132 -0.7197
vn 0.8948 0.1467 -0.4217
vn -0.5733 0.8166 0.0674
vn -0.0421 0.7432 -0.6678
vn -0.9742 -0.1487 0.1700
vn -0.6852 0.3320 -0.6482
vn -0.9008 0.1206 -0.4172
vn 0.3928 0.7400 -0.5459
vn -0.1148 -0.9934 0.0090
vn 0.6650 -0.6544 0.3599
vn 0.4376 -0.8226 -0.3630
vn 0.8234 0.5522 0.1306
vn 0.8678 0.1874 0.4602
vn 0.5382 -0.0987 -0.8370
vn -0.7562 0.0227 -0.6540
vn 0.5989 0.3114 0.7377
vn 0.6078 -0.5869 0.5349
vn 0.6144 -0.5979 0.5148
vn 0.6857 0.1131 -0.7190
vn 0.7145 0.1170 -0.6898
vn -0.4712 0.8813 -0.0350
vn -0.0320 0.7321 -0.6804
vn -0.9741 -0.1468 0.1722
vn -0.1140 -0.9934 0.0091
vn 0.4377 -0.8226 -0.3630
vn 0.8236 0.5518 0.1308
vn 0.5383 -0.0987 -0.8370
vn -0.7562 0.0226 -0.6539
vt 0.502907 0.229339
vt 0.502907 0.239427
vt 0.496769 0.240157
vt 0.496769 0.227926
vt 0.512974 0.240063
vt 0.512974 0.227926
vt 0.518949 0.229601
vt 0.518949 0.239611
vt 0.839106 0.508127
vt 0.839106 0.479823
vt 0.846243 0.482153
vt 0.846243 0.506397
vt 0.851617 0.091394
vt 0.851617 0.115420
vt 0.844477 0.117193
vt 0.844477 0.089143
vt 0.477215 0.959193
vt 0.477158 0.959212
vt 0.477194 0.959311
vt 0.465446 0.560969
vt 0.465539 0.560936
vt 0.465477 0.560991
vt 0.864088 0.959249
vt 0.864031 0.959269
vt 0.864067 0.959368
vt 0.625786 0.072661
vt 0.625878 0.072629
vt 0.625817 0.072684
vt 0.300982 0.958987
vt 0.301020 0.958972
vt 0.300929 0.958941
vt 0.015003 0.657841
vt 0.015097 0.657813
vt 0.015032 0.657869
vt 0.658233 0.181151
vt 0.658327 0.181123
vt 0.658262 0.181179
vt 0.315532 0.959089
vt 0.315570 0.959074
vt 0.315479 0.959043
vt 0.959304 0.551043
vt 0.959349 0.551094
vt 0.959353 0.551094
vt 0.946416 0.607030
vt 0.946490 0.607022
vt 0.946479 0.607061
vt 0.994761 0.172929
vt 0.994719 0.172883
vt 0.994822 0.172910
vt 0.958215 0.522756
vt 0.958111 0.522777
vt 0.958253 0.522745
vt 0.984565 0.262025
vt 0.984619 0.261971
vt 0.984584 0.261958
vt 0.959590 0.252799
vt 0.959635 0.252850
vt 0.959639 0.252850
vt 0.994761 0.162618
vt 0.994719 0.162572
vt 0.994822 0.162599
vt 0.177115 0.957758
vt 0.177011 0.957779
vt 0.177153 0.957747
vt 0.994719 0.026731
vt 0.994806 0.026152
vt 0.994769 0.026744
vt 0.970023 0.396651
vt 0.969773 0.398117
vt 0.969785 0.396640
vt 0.970004 0.590883
vt 0.969755 0.592349
vt 0.969767 0.590872
vt 0.878124 0.364785
vt 0.878630 0.364708
vt 0.879047 0.364751
vt 0.300953 0.960563
vt 0.301407 0.959874
vt 0.301027 0.960576
vt 0.762433 0.251021
vt 0.761526 0.251046
vt 0.762421 0.250957
vt 0.642905 0.959628
vt 0.642533 0.959192
vt 0.642565 0.959125
vt 0.773449 0.072828
vt 0.772543 0.072736
vt 0.773496 0.072770
vt 0.373459 0.959559
vt 0.373087 0.959123
vt 0.373119 0.959056
vt 0.773753 0.318752
vt 0.772848 0.318660
vt 0.773801 0.318693
vt 0.670571 0.385770
vt 0.670188 0.386467
vt 0.670114 0.386452
vt 0.505464 0.961104
vt 0.505089 0.961933
vt 0.504999 0.961955
vt 0.606649 0.959809
vt 0.606266 0.960505
vt 0.606192 0.960490
vt 0.659072 0.961394
vt 0.658697 0.962223
vt 0.658607 0.962245
vt 0.984554 0.410220
vt 0.984162 0.410303
vt 0.984173 0.410231
vt 0.946586 0.607230
vt 0.946393 0.606991
vt 0.984513 0.579974
vt 0.984513 0.579657
vt 0.984582 0.579657
vt 0.706294 0.984433
vt 0.706231 0.984188
vt 0.706294 0.983957
vt 0.968753 0.377317
vt 0.968798 0.377154
vt 0.968958 0.377114
vt 0.984581 0.611279
vt 0.984432 0.611558
vt 0.984546 0.611238
vt 0.984227 0.462835
vt 0.984162 0.463047
vt 0.984162 0.462750
vt 0.984487 0.262287
vt 0.984177 0.262372
vt 0.984185 0.262299
vt 0.994772 0.214129
vt 0.994719 0.213971
vt 0.994762 0.213954
vt 0.984278 0.526548
vt 0.984596 0.526498
vt 0.984609 0.526566
vt 0.728761 0.967020
vt 0.728962 0.967046
vt 0.728711 0.967042
vt 0.695737 0.984433
vt 0.695673 0.984188
vt 0.695737 0.983957
vt 0.968743 0.456528
vt 0.968789 0.456364
vt 0.968949 0.456324
vt 0.984581 0.621807
vt 0.984432 0.622086
vt 0.984546 0.621766
vt 0.984227 0.473392
vt 0.984162 0.473604
vt 0.984162 0.473307
vt 0.994719 0.037432
vt 0.994806 0.036852
vt 0.994769 0.037444
vt 0.751653 0.396670
vt 0.751745 0.467831
vt 0.751647 0.467830
vt 0.465405 0.561089
vt 0.441714 0.628700
vt 0.441308 0.628503
vt 0.751779 0.534918
vt 0.751872 0.606078
vt 0.751774 0.606078
vt 0.625745 0.072782
vt 0.602054 0.140393
vt 0.601648 0.140196
vt 0.214680 0.857509
vt 0.213768 0.857530
vt 0.214663 0.857448
vt 0.301115 0.959127
vt 0.300976 0.959057
vt 0.343477 0.852565
vt 0.343536 0.883193
vt 0.343143 0.883106
vt 0.203322 0.857509
vt 0.202409 0.857531
vt 0.203304 0.857448
vt 0.315665 0.959229
vt 0.315957 0.959976
vt 0.315526 0.959159
vt 0.354836 0.852565
vt 0.354894 0.883193
vt 0.354501 0.883106
vt 0.005506 0.962335
vt 0.005288 0.962226
vt 0.005462 0.962281
vt 0.959110 0.551215
vt 0.959197 0.552669
vt 0.958919 0.551240
vt 0.440656 0.962742
vt 0.440498 0.964491
vt 0.440640 0.962741
vt 0.971697 0.426414
vt 0.971716 0.424634
vt 0.971716 0.426486
vt 0.958269 0.522831
vt 0.958637 0.524614
vt 0.429819 0.962875
vt 0.429661 0.964624
vt 0.429803 0.962874
vt 0.971744 0.034808
vt 0.971763 0.033028
vt 0.971763 0.034880
vt 0.177169 0.957833
vt 0.177537 0.959616
vt 0.751140 0.396640
vt 0.751693 0.396694
vt 0.751128 0.396699
vt 0.751266 0.534888
vt 0.751820 0.534941
vt 0.751255 0.534947
vt 0.670584 0.385326
vt 0.670175 0.384922
vt 0.670203 0.384852
vt 0.606662 0.959364
vt 0.606252 0.958959
vt 0.606281 0.958890
vt 0.005041 0.877368
vt 0.005547 0.877291
vt 0.005964 0.877335
vt 0.315503 0.960665
vt 0.315577 0.960678
vt 0.984496 0.198386
vt 0.984317 0.197955
vt 0.984543 0.198154
vt 0.984408 0.526550
vt 0.984209 0.526399
vt 0.984496 0.187632
vt 0.984317 0.187201
vt 0.984543 0.187400
vt 0.466053 0.560831
vt 0.465477 0.561024
vt 0.626392 0.072524
vt 0.625817 0.072717
vt 0.820113 0.839537
vt 0.820211 0.807831
vt 0.820211 0.839538
vt 0.014992 0.657954
vt 0.006017 0.688543
vt 0.005608 0.688364
vt 0.382874 0.797942
vt 0.382972 0.766235
vt 0.382972 0.797942
vt 0.658223 0.181264
vt 0.649247 0.211853
vt 0.648838 0.211675
vt 0.959280 0.549201
vt 0.959348 0.550982
vt 0.959302 0.551059
vt 0.945117 0.608239
vt 0.946503 0.607013
vt 0.946494 0.607056
vt 0.946894 0.608811
vt 0.967944 0.754738
vt 0.967801 0.756540
vt 0.967786 0.756540
vt 0.958942 0.521071
vt 0.958268 0.522750
vt 0.798871 0.835107
vt 0.798820 0.833248
vt 0.798871 0.833229
vt 0.741553 0.964277
vt 0.741702 0.962484
vt 0.741713 0.962441
vt 0.959565 0.250957
vt 0.959633 0.252738
vt 0.959588 0.252815
vt 0.051080 0.964815
vt 0.050754 0.963038
vt 0.050946 0.963036
vt 0.728705 0.965155
vt 0.728756 0.965130
vt 0.967664 0.714199
vt 0.967521 0.716001
vt 0.967506 0.716000
vt 0.177842 0.956072
vt 0.177168 0.957752
vt 0.382930 0.824070
vt 0.382874 0.822211
vt 0.382925 0.822192
vt 0.358537 0.964505
vt 0.358686 0.962711
vt 0.358697 0.962668
vt 0.466067 0.561260
vt 0.465539 0.561068
vt 0.626406 0.072953
vt 0.625878 0.072761
vt 0.994778 0.047523
vt 0.994719 0.048084
vt 0.994719 0.047511
vt 0.014466 0.658030
vt 0.014510 0.658074
vt 0.300075 0.959327
vt 0.300945 0.958984
vt 0.994778 0.058209
vt 0.994719 0.058769
vt 0.994719 0.058196
vt 0.657697 0.181340
vt 0.657740 0.181384
vt 0.314625 0.959429
vt 0.315495 0.959086
vt 0.946667 0.606950
vt 0.994802 0.141739
vt 0.994719 0.141998
vt 0.994719 0.141559
vt 0.959388 0.252953
vt 0.994802 0.131232
vt 0.994719 0.131492
vt 0.994719 0.131052
vt 0.329013 0.751677
vt 0.328849 0.680453
vt 0.329355 0.680353
vt 0.441086 0.493606
vt 0.750937 0.208779
vt 0.750773 0.137555
vt 0.751278 0.137456
vt 0.601425 0.005299
vt 0.015616 0.657730
vt 0.015031 0.657897
vt 0.658846 0.181040
vt 0.658261 0.181207
vt 0.946480 0.606943
vt 0.946893 0.605204
vt 0.946674 0.607021
vt 0.005250 0.962323
vt 0.005421 0.964119
vt 0.005234 0.962323
vt 0.984535 0.198441
vt 0.984274 0.198582
vt 0.968587 0.377275
vt 0.968802 0.378747
vt 0.968466 0.377330
vt 0.958199 0.522846
vt 0.956707 0.523773
vt 0.958105 0.522688
vt 0.969331 0.565296
vt 0.969350 0.563515
vt 0.969350 0.565420
vt 0.463965 0.962175
vt 0.464136 0.963971
vt 0.463948 0.962175
vt 0.984535 0.187687
vt 0.984274 0.187828
vt 0.968578 0.456485
vt 0.968794 0.457958
vt 0.968457 0.456541
vt 0.177099 0.957848
vt 0.175608 0.958775
vt 0.177005 0.957690
vt 0.669346 0.385109
vt 0.670125 0.384870
vt 0.605424 0.959147
vt 0.606203 0.958908
vt 0.878728 0.333051
vt 0.878674 0.332998
vt 0.005378 0.627458
vt 0.005645 0.845634
vt 0.005591 0.845581
vt 0.648608 0.150768
vt 0.958519 0.522792
vt 0.958857 0.524557
vt 0.958505 0.522787
vt 0.177419 0.957793
vt 0.177757 0.959559
vt 0.177405 0.957789
vt 0.250953 0.240870
vt 0.250953 0.005058
vt 0.486702 0.005053
vt 0.672133 0.005036
vt 0.672117 0.239887
vt 0.670773 0.239885
vt 0.683634 0.005033
vt 0.683596 0.236957
vt 0.682271 0.236956
vt 0.670789 0.005035
vt 0.005087 0.240871
vt 0.240869 0.005087
vt 0.240852 0.240854
vt 0.675041 0.396645
vt 0.673681 0.629693
vt 0.673697 0.396643
vt 0.005068 0.005069
vt 0.686542 0.396640
vt 0.686505 0.626477
vt 0.685180 0.626477
vt 0.685233 0.396641
vt 0.675025 0.629694
vt 0.682325 0.005034
vt 0.486702 0.240865
vt 0.250955 0.483246
vt 0.483164 0.250985
vt 0.483166 0.483248
vt 0.005054 0.483230
vt 0.237328 0.250999
vt 0.237321 0.483234
vt 0.250953 0.250982
vt 0.005061 0.250995
vt 0.693250 0.250963
vt 0.689773 0.379097
vt 0.689760 0.250973
vt 0.496772 0.134714
vt 0.496771 0.005079
vt 0.591019 0.005073
vt 0.693245 0.379094
vt 0.589398 0.144821
vt 0.585922 0.237542
vt 0.585966 0.144821
vt 0.591020 0.134709
vt 0.479681 0.493346
vt 0.479676 0.622467
vt 0.476204 0.622465
vt 0.476191 0.493351
vt 0.717726 0.137456
vt 0.714220 0.229344
vt 0.714294 0.137457
vt 0.493236 0.526320
vt 0.587484 0.396681
vt 0.587485 0.526316
vt 0.493235 0.396685
vt 0.717693 0.229350
vt 0.589394 0.237549
vt 0.005071 0.617132
vt 0.093442 0.493373
vt 0.093455 0.617119
vt 0.430683 0.493341
vt 0.430680 0.615645
vt 0.393582 0.615712
vt 0.638197 0.150542
vt 0.638195 0.236690
vt 0.601092 0.236703
vt 0.393579 0.493423
vt 0.239163 0.493340
vt 0.202060 0.616611
vt 0.202057 0.493377
vt 0.239160 0.616588
vt 0.634662 0.396640
vt 0.634659 0.483569
vt 0.597557 0.483560
vt 0.005058 0.493386
vt 0.601105 0.150570
vt 0.103583 0.617132
vt 0.103570 0.493386
vt 0.191954 0.493372
vt 0.191967 0.617119
vt 0.597569 0.396646
vt 0.636511 0.005033
vt 0.660659 0.071973
vt 0.636511 0.138920
vt 0.595776 0.386573
vt 0.493349 0.318703
vt 0.595859 0.318705
vt 0.493293 0.386573
vt 0.493285 0.250957
vt 0.595768 0.250957
vt 0.605970 0.250957
vt 0.630119 0.318446
vt 0.605969 0.385882
vt 0.789227 0.962403
vt 0.788666 0.963372
vt 0.788048 0.962348
vt 0.727833 0.137509
vt 0.728788 0.240017
vt 0.727812 0.240000
vt 0.728705 0.137479
vt 0.728928 0.396694
vt 0.729757 0.396659
vt 0.729746 0.499183
vt 0.477176 0.732600
vt 0.476293 0.632670
vt 0.477110 0.632614
vt 0.896590 0.962224
vt 0.896001 0.963177
vt 0.895397 0.962191
vt 0.728867 0.499183
vt 0.476211 0.732604
vt 0.729710 0.634911
vt 0.728745 0.634915
vt 0.728827 0.534981
vt 0.776801 0.962387
vt 0.776272 0.963342
vt 0.775622 0.962332
vt 0.729644 0.534925
vt 0.727056 0.251010
vt 0.728011 0.353518
vt 0.727035 0.353501
vt 0.727928 0.250980
vt 0.519094 0.962332
vt 0.518535 0.963298
vt 0.517901 0.962299
vt 0.164652 0.627285
vt 0.165471 0.729775
vt 0.164591 0.729775
vt 0.165481 0.627250
vt 0.118455 0.728166
vt 0.117414 0.728108
vt 0.117861 0.627281
vt 0.118911 0.627270
vt 0.416166 0.956234
vt 0.416728 0.957160
vt 0.415826 0.958130
vt 0.726820 0.005088
vt 0.727890 0.005052
vt 0.727879 0.107577
vt 0.414856 0.957525
vt 0.141630 0.727206
vt 0.140898 0.727274
vt 0.140988 0.627340
vt 0.142366 0.727291
vt 0.142061 0.627277
vt 0.415094 0.956508
vt 0.717136 0.534942
vt 0.717859 0.637431
vt 0.717116 0.637432
vt 0.718266 0.534911
vt 0.951329 0.905998
vt 0.949981 0.907352
vt 0.950228 0.906270
vt 0.718604 0.637457
vt 0.950975 0.907885
vt 0.951868 0.906911
vt 0.726740 0.107577
vt 0.542177 0.961580
vt 0.542970 0.960703
vt 0.543615 0.961438
vt 0.543229 0.962264
vt 0.542599 0.962302
vt 0.440783 0.628371
vt 0.464952 0.560879
vt 0.761714 0.072919
vt 0.760878 0.072880
vt 0.761222 0.005123
vt 0.774459 0.467826
vt 0.773902 0.467786
vt 0.773813 0.396691
vt 0.762128 0.005098
vt 0.642588 0.960417
vt 0.641717 0.960752
vt 0.641404 0.960183
vt 0.641694 0.959334
vt 0.763447 0.602674
vt 0.762546 0.534961
vt 0.763341 0.534916
vt 0.762618 0.602727
vt 0.752312 0.467797
vt 0.774459 0.396640
vt 0.477380 0.960618
vt 0.476171 0.959732
vt 0.477123 0.959281
vt 0.772554 0.005070
vt 0.476171 0.960380
vt 0.763190 0.205232
vt 0.762618 0.137572
vt 0.763231 0.137486
vt 0.762597 0.205330
vt 0.476636 0.960849
vt 0.477551 0.959668
vt 0.329908 0.751664
vt 0.918109 0.962629
vt 0.918285 0.961758
vt 0.919156 0.961522
vt 0.919560 0.962285
vt 0.918859 0.963094
vt 0.762002 0.137494
vt 0.762015 0.205227
vt 0.329291 0.680378
vt 0.773410 0.005108
vt 0.466065 0.560771
vt 0.441938 0.493348
vt 0.231322 0.961617
vt 0.232116 0.960739
vt 0.232761 0.961474
vt 0.232375 0.962301
vt 0.231744 0.962339
vt 0.601123 0.140064
vt 0.625292 0.072572
vt 0.752439 0.606045
vt 0.766570 0.712811
vt 0.765668 0.645097
vt 0.766464 0.645052
vt 0.765741 0.712864
vt 0.774008 0.208642
vt 0.773361 0.137507
vt 0.774008 0.137456
vt 0.373142 0.960348
vt 0.372272 0.960683
vt 0.371958 0.960114
vt 0.751832 0.208767
vt 0.751215 0.137480
vt 0.864253 0.960674
vt 0.863995 0.959337
vt 0.864424 0.959724
vt 0.762014 0.318843
vt 0.372249 0.959265
vt 0.773450 0.208601
vt 0.761178 0.318803
vt 0.863044 0.959788
vt 0.763642 0.464417
vt 0.763069 0.396756
vt 0.763683 0.396670
vt 0.763049 0.464514
vt 0.863044 0.960436
vt 0.863509 0.960905
vt 0.772859 0.250993
vt 0.773714 0.251031
vt 0.762467 0.464411
vt 0.762454 0.396678
vt 0.961614 0.849707
vt 0.961790 0.848836
vt 0.962661 0.848600
vt 0.963065 0.849362
vt 0.962364 0.850172
vt 0.626404 0.072464
vt 0.602278 0.005041
vt 0.329141 0.829530
vt 0.328758 0.761807
vt 0.329484 0.761846
vt 0.462925 0.877293
vt 0.462538 0.809682
vt 0.462960 0.809612
vt 0.474302 0.984858
vt 0.473993 0.984318
vt 0.474712 0.984369
vt 0.542716 0.822946
vt 0.542210 0.822920
vt 0.542498 0.751953
vt 0.463365 0.809683
vt 0.684835 0.780187
vt 0.684340 0.780192
vt 0.684597 0.708634
vt 0.025857 0.883763
vt 0.025494 0.816225
vt 0.026208 0.816206
vt 0.223459 0.984694
vt 0.223803 0.984102
vt 0.224077 0.984744
vt 0.805882 0.534896
vt 0.806403 0.534891
vt 0.806117 0.605963
vt 0.971679 0.862915
vt 0.972029 0.862349
vt 0.972274 0.863043
vt 0.629435 0.868606
vt 0.629247 0.800933
vt 0.629674 0.801021
vt 0.717138 0.730766
vt 0.717635 0.730764
vt 0.717376 0.802276
vt 0.630069 0.868562
vt 0.630093 0.800924
vt 0.777567 0.716606
vt 0.777072 0.716612
vt 0.777329 0.645054
vt 0.827665 0.467665
vt 0.827159 0.467639
vt 0.827447 0.396672
vt 0.372345 0.872503
vt 0.371958 0.804892
vt 0.372380 0.804821
vt 0.507022 0.984858
vt 0.506713 0.984318
vt 0.507432 0.984369
vt 0.372786 0.804893
vt 0.837198 0.072786
vt 0.836842 0.005062
vt 0.837569 0.005102
vt 0.168853 0.984694
vt 0.169197 0.984102
vt 0.169471 0.984744
vt 0.353820 0.743909
vt 0.354340 0.743903
vt 0.354054 0.814975
vt 0.870430 0.072689
vt 0.870035 0.005148
vt 0.870454 0.005050
vt 0.869796 0.072733
vt 0.696651 0.731303
vt 0.697147 0.731301
vt 0.696888 0.802813
vt 0.102331 0.879092
vt 0.101968 0.811554
vt 0.102682 0.811535
vt 0.074020 0.971667
vt 0.074370 0.971101
vt 0.074616 0.971795
vt 0.869608 0.005060
vt 0.372498 0.794722
vt 0.372003 0.794726
vt 0.372261 0.723168
vt 0.837686 0.205208
vt 0.837330 0.137484
vt 0.838057 0.137524
vt 0.520540 0.874309
vt 0.520153 0.806698
vt 0.520575 0.806628
vt 0.520981 0.806699
vt 0.202597 0.820090
vt 0.202090 0.820064
vt 0.202378 0.749097
vt 0.496115 0.984858
vt 0.495807 0.984318
vt 0.496525 0.984369
vt 0.190695 0.984694
vt 0.191039 0.984102
vt 0.191313 0.984744
vt 0.863870 0.712680
vt 0.863475 0.645139
vt 0.863894 0.645042
vt 0.863236 0.712724
vt 0.787719 0.726737
vt 0.788216 0.726735
vt 0.787956 0.798247
vt 0.129050 0.735865
vt 0.129570 0.735861
vt 0.129284 0.806933
vt 0.371958 0.971488
vt 0.372308 0.970922
vt 0.372554 0.971616
vt 0.863048 0.645051
vt 0.141221 0.886167
vt 0.140858 0.818629
vt 0.141572 0.818610
vt 0.817044 0.605913
vt 0.816537 0.605887
vt 0.816825 0.534920
vt 0.376142 0.984858
vt 0.375834 0.984318
vt 0.376552 0.984369
vt 0.280158 0.830093
vt 0.279775 0.762369
vt 0.280501 0.762409
vt 0.874325 0.872224
vt 0.873938 0.804613
vt 0.874360 0.804542
vt 0.784127 0.076615
vt 0.783632 0.076620
vt 0.783889 0.005062
vt 0.874765 0.804614
vt 0.152830 0.883757
vt 0.152467 0.816219
vt 0.153181 0.816200
vt 0.234380 0.984694
vt 0.234724 0.984102
vt 0.234998 0.984744
vt 0.870735 0.318612
vt 0.870339 0.251071
vt 0.870758 0.250974
vt 0.870100 0.318656
vt 0.798369 0.645056
vt 0.798866 0.645053
vt 0.798606 0.716565
vt 0.021091 0.971518
vt 0.021441 0.970952
vt 0.021686 0.971646
vt 0.869912 0.250983
vt 0.816053 0.137464
vt 0.816574 0.137459
vt 0.816288 0.208531
vt 0.848120 0.072786
vt 0.847765 0.005062
vt 0.848491 0.005102
vt 0.553367 0.822946
vt 0.552860 0.822920
vt 0.553148 0.751953
vt 0.430676 0.984858
vt 0.430366 0.984318
vt 0.431085 0.984369
vt 0.531434 0.874264
vt 0.531048 0.806653
vt 0.531469 0.806582
vt 0.784431 0.322539
vt 0.783936 0.322544
vt 0.784193 0.250986
vt 0.531875 0.806654
vt 0.245301 0.984694
vt 0.245645 0.984102
vt 0.245919 0.984744
vt 0.870918 0.205111
vt 0.870523 0.137570
vt 0.870942 0.137473
vt 0.870284 0.205155
vt 0.798370 0.726737
vt 0.798866 0.726735
vt 0.798607 0.798246
vt 0.881826 0.464249
vt 0.881462 0.396711
vt 0.882177 0.396692
vt 0.816504 0.396648
vt 0.817024 0.396643
vt 0.816738 0.467715
vt 0.870096 0.137482
vt 0.314487 0.971496
vt 0.314837 0.970930
vt 0.315082 0.971625
vt 0.741883 0.877525
vt 0.741918 0.809843
vt 0.742323 0.809915
vt 0.795744 0.606470
vt 0.795250 0.606475
vt 0.795507 0.534917
vt 0.251493 0.822972
vt 0.250986 0.822946
vt 0.251274 0.751979
vt 0.741496 0.809913
vt 0.387049 0.984858
vt 0.386740 0.984318
vt 0.387459 0.984369
vt 0.571382 0.830067
vt 0.570998 0.762343
vt 0.571725 0.762383
vt 0.091116 0.729878
vt 0.091612 0.729876
vt 0.091353 0.801387
vt 0.103326 0.984694
vt 0.103670 0.984102
vt 0.103944 0.984744
vt 0.871369 0.464295
vt 0.870974 0.396754
vt 0.871392 0.396657
vt 0.870735 0.464340
vt 0.175940 0.887044
vt 0.175577 0.819506
vt 0.176292 0.819487
vt 0.140886 0.737392
vt 0.141406 0.737387
vt 0.141120 0.808459
vt 0.870546 0.396666
vt 0.476171 0.971653
vt 0.476521 0.971087
vt 0.476766 0.971782
vt 0.794777 0.076615
vt 0.794282 0.076620
vt 0.794539 0.005062
vt 0.874351 0.712706
vt 0.874386 0.645025
vt 0.874791 0.645096
vt 0.262143 0.822972
vt 0.261637 0.822946
vt 0.261925 0.751979
vt 0.321609 0.984858
vt 0.321300 0.984318
vt 0.322019 0.984369
vt 0.873964 0.645095
vt 0.841560 0.712777
vt 0.841205 0.645053
vt 0.841932 0.645094
vt 0.881853 0.602497
vt 0.881489 0.534959
vt 0.882204 0.534940
vt 0.114247 0.984694
vt 0.114591 0.984102
vt 0.114865 0.984744
vt 0.175605 0.738268
vt 0.176126 0.738263
vt 0.175839 0.809336
vt 0.871396 0.602543
vt 0.871001 0.535002
vt 0.871420 0.534905
vt 0.870762 0.602587
vt 0.939785 0.971699
vt 0.940135 0.971133
vt 0.940380 0.971827
vt 0.870573 0.534914
vt 0.804929 0.005064
vt 0.805426 0.005062
vt 0.805166 0.076574
vt 0.795081 0.322539
vt 0.794586 0.322544
vt 0.794844 0.250986
vt 0.074409 0.825874
vt 0.074025 0.758150
vt 0.074752 0.758190
vt 0.213247 0.820090
vt 0.212741 0.820064
vt 0.213029 0.749097
vt 0.973036 0.891402
vt 0.973391 0.890883
vt 0.973657 0.891564
vt 0.874788 0.794411
vt 0.874165 0.794378
vt 0.874386 0.726706
vt 0.874792 0.726778
vt 0.873964 0.726776
vt 0.354329 0.984858
vt 0.354020 0.984318
vt 0.354739 0.984369
vt 0.256222 0.984694
vt 0.256566 0.984102
vt 0.256840 0.984744
vt 0.815869 0.250966
vt 0.816390 0.250960
vt 0.816104 0.322032
vt 0.881191 0.318566
vt 0.880828 0.251028
vt 0.881542 0.251009
vt 0.036388 0.971516
vt 0.036738 0.970950
vt 0.036983 0.971645
vt 0.863871 0.794361
vt 0.863237 0.794405
vt 0.863476 0.726820
vt 0.863048 0.726732
vt 0.863895 0.726723
vt 0.440792 0.728006
vt 0.441288 0.728004
vt 0.441029 0.799516
vt 0.837502 0.318709
vt 0.837147 0.250986
vt 0.837873 0.251025
vt 0.827694 0.605913
vt 0.827187 0.605887
vt 0.827475 0.534920
vt 0.441582 0.984858
vt 0.441273 0.984318
vt 0.441992 0.984369
vt 0.393434 0.879103
vt 0.393047 0.811492
vt 0.393469 0.811421
vt 0.393875 0.811493
vt 0.784615 0.209038
vt 0.784120 0.209042
vt 0.784377 0.137484
vt 0.451442 0.728006
vt 0.451939 0.728004
vt 0.451679 0.799516
vt 0.036751 0.883301
vt 0.036388 0.815763
vt 0.037102 0.815744
vt 0.852533 0.794392
vt 0.852555 0.726820
vt 0.852974 0.726723
vt 0.852128 0.726733
vt 0.809006 0.726714
vt 0.809526 0.726709
vt 0.809240 0.797781
vt 0.343143 0.971927
vt 0.343493 0.971361
vt 0.343738 0.972056
vt 0.765868 0.872306
vt 0.765668 0.804704
vt 0.766090 0.804634
vt 0.365236 0.984858
vt 0.364927 0.984318
vt 0.365645 0.984369
vt 0.830638 0.794458
vt 0.830283 0.726735
vt 0.831010 0.726775
vt 0.766492 0.872339
vt 0.766496 0.804706
vt 0.795265 0.209038
vt 0.794770 0.209043
vt 0.795027 0.137484
vt 0.972802 0.064947
vt 0.973158 0.064428
vt 0.973423 0.065109
vt 0.591695 0.824929
vt 0.591189 0.824904
vt 0.591477 0.753937
vt 0.186254 0.738268
vt 0.186775 0.738263
vt 0.186489 0.809336
vt 0.267143 0.984694
vt 0.267487 0.984102
vt 0.267761 0.984744
vt 0.852976 0.712680
vt 0.852555 0.645139
vt 0.852973 0.645042
vt 0.852342 0.712724
vt 0.462093 0.728006
vt 0.462589 0.728004
vt 0.462330 0.799516
vt 0.881375 0.205065
vt 0.881012 0.137527
vt 0.881726 0.137508
vt 0.139763 0.971497
vt 0.140113 0.970931
vt 0.140358 0.971625
vt 0.852127 0.645051
vt 0.542177 0.973078
vt 0.542532 0.972559
vt 0.542798 0.973240
vt 0.842024 0.872278
vt 0.841401 0.872244
vt 0.841907 0.804623
vt 0.774444 0.606470
vt 0.773949 0.606475
vt 0.774207 0.534917
vt 0.300476 0.822570
vt 0.299969 0.822545
vt 0.300257 0.751577
vt 0.841201 0.804643
vt 0.493621 0.827200
vt 0.493238 0.759477
vt 0.493964 0.759516
vt 0.125168 0.984694
vt 0.125512 0.984102
vt 0.125786 0.984744
vt 0.674499 0.857942
vt 0.673865 0.857986
vt 0.674370 0.790333
vt 0.741538 0.728238
vt 0.742035 0.728235
vt 0.741775 0.799747
vt 0.673649 0.790313
vt 0.717459 0.879980
vt 0.717096 0.812442
vt 0.717811 0.812423
vt 0.164330 0.739904
vt 0.164851 0.739899
vt 0.164564 0.810971
vt 0.415223 0.879103
vt 0.415257 0.811421
vt 0.415663 0.811493
vt 0.785066 0.468222
vt 0.784571 0.468227
vt 0.784829 0.396669
vt 0.848424 0.318709
vt 0.848069 0.250986
vt 0.848796 0.251025
vt 0.602346 0.824929
vt 0.601839 0.824904
vt 0.602127 0.753937
vt 0.414836 0.811492
vt 0.485209 0.984858
vt 0.484900 0.984318
vt 0.485618 0.984369
vt 0.036415 0.734526
vt 0.036936 0.734520
vt 0.036650 0.805593
vt 0.618704 0.868593
vt 0.618326 0.800933
vt 0.618753 0.801021
vt 0.619172 0.800924
vt 0.971720 0.318637
vt 0.972070 0.318071
vt 0.972316 0.318766
vt 0.091437 0.879092
vt 0.091074 0.811554
vt 0.091788 0.811535
vt 0.393089 0.729816
vt 0.393586 0.729814
vt 0.393327 0.801326
vt 0.826726 0.076058
vt 0.826220 0.076033
vt 0.826508 0.005065
vt 0.404328 0.879103
vt 0.403942 0.811492
vt 0.404363 0.811421
vt 0.539742 0.984858
vt 0.539433 0.984318
vt 0.540151 0.984369
vt 0.504544 0.827200
vt 0.504160 0.759477
vt 0.504887 0.759516
vt 0.404769 0.811493
vt 0.785094 0.606470
vt 0.784599 0.606474
vt 0.784857 0.534917
vt 0.852506 0.872229
vt 0.852555 0.804657
vt 0.852974 0.804559
vt 0.805233 0.250988
vt 0.805730 0.250986
vt 0.805470 0.322497
vt 0.728733 0.739902
vt 0.729253 0.739897
vt 0.728967 0.810968
vt 0.852128 0.804569
vt 0.186835 0.887044
vt 0.186472 0.819506
vt 0.187186 0.819487
vt 0.489560 0.971586
vt 0.489910 0.971020
vt 0.490156 0.971715
vt 0.809365 0.875562
vt 0.808978 0.807950
vt 0.809400 0.807880
vt 0.645268 0.828458
vt 0.644762 0.828432
vt 0.645049 0.757465
vt 0.517929 0.984858
vt 0.517620 0.984318
vt 0.518338 0.984369
vt 0.809806 0.807952
vt 0.848608 0.205208
vt 0.848253 0.137484
vt 0.848979 0.137524
vt 0.753311 0.785637
vt 0.752816 0.785643
vt 0.753073 0.714084
vt 0.047645 0.883301
vt 0.047282 0.815763
vt 0.047996 0.815744
vt 0.859370 0.318643
vt 0.859419 0.251071
vt 0.859837 0.250974
vt 0.805417 0.137487
vt 0.805914 0.137484
vt 0.805654 0.208996
vt 0.152494 0.734981
vt 0.153015 0.734977
vt 0.152729 0.806049
vt 0.858992 0.250983
vt 0.554602 0.971474
vt 0.554952 0.970908
vt 0.555198 0.971602
vt 0.231711 0.828512
vt 0.231327 0.760789
vt 0.232054 0.760829
vt 0.048718 0.984643
vt 0.049073 0.984124
vt 0.049338 0.984805
vt 0.777851 0.876047
vt 0.777448 0.808342
vt 0.777854 0.808414
vt 0.777227 0.876014
vt 0.788217 0.716606
vt 0.787722 0.716612
vt 0.787979 0.645053
vt 0.463395 0.984858
vt 0.463086 0.984318
vt 0.463805 0.984369
vt 0.777027 0.808412
vt 0.820166 0.716049
vt 0.819660 0.716024
vt 0.819947 0.645056
vt 0.136090 0.984694
vt 0.136434 0.984102
vt 0.136707 0.984744
vt 0.859509 0.072689
vt 0.859114 0.005148
vt 0.859533 0.005050
vt 0.858875 0.072733
vt 0.403740 0.729816
vt 0.404237 0.729814
vt 0.403977 0.801326
vt 0.858687 0.005060
vt 0.605190 0.971368
vt 0.605540 0.970802
vt 0.605785 0.971496
vt 0.117441 0.738281
vt 0.117962 0.738276
vt 0.117676 0.809348
vt 0.696972 0.880518
vt 0.696609 0.812979
vt 0.697323 0.812960
vt 0.795717 0.468222
vt 0.795222 0.468227
vt 0.795479 0.396669
vt 0.849059 0.464393
vt 0.848703 0.396669
vt 0.849430 0.396709
vt 0.972802 0.075966
vt 0.973158 0.075447
vt 0.973423 0.076128
vt 0.863868 0.872247
vt 0.863465 0.804542
vt 0.863871 0.804614
vt 0.863244 0.872214
vt 0.827031 0.321981
vt 0.826524 0.321956
vt 0.826812 0.250989
vt 0.863044 0.804613
vt 0.397956 0.984858
vt 0.397647 0.984318
vt 0.398365 0.984369
vt 0.414391 0.729816
vt 0.414887 0.729814
vt 0.414628 0.801326
vt 0.129385 0.884641
vt 0.129022 0.817103
vt 0.129736 0.817084
vt 0.081484 0.984694
vt 0.081828 0.984102
vt 0.082102 0.984744
vt 0.047065 0.734526
vt 0.047585 0.734521
vt 0.047299 0.805593
vt 0.859997 0.205111
vt 0.859363 0.205155
vt 0.859602 0.137570
vt 0.859175 0.137482
vt 0.860021 0.137473
vt 0.265031 0.971190
vt 0.265381 0.970624
vt 0.265626 0.971319
vt 0.830638 0.712777
vt 0.830282 0.645053
vt 0.831009 0.645093
vt 0.059639 0.984643
vt 0.059994 0.984124
vt 0.060260 0.984805
vt 0.655918 0.828457
vt 0.655412 0.828432
vt 0.655700 0.757465
vt 0.332516 0.984858
vt 0.332207 0.984318
vt 0.332925 0.984369
vt 0.788745 0.876047
vt 0.788121 0.876014
vt 0.788342 0.808342
vt 0.787921 0.808412
vt 0.520938 0.796528
vt 0.520442 0.796533
vt 0.520700 0.724975
vt 0.788748 0.808414
vt 0.425041 0.729816
vt 0.425538 0.729814
vt 0.425278 0.801326
vt 0.299906 0.984694
vt 0.300251 0.984102
vt 0.300525 0.984744
vt 0.860475 0.602543
vt 0.860080 0.535002
vt 0.860499 0.534905
vt 0.859841 0.602587
vt 0.809005 0.645033
vt 0.809526 0.645028
vt 0.809240 0.716100
vt 0.859653 0.534914
vt 0.761357 0.971470
vt 0.761707 0.970904
vt 0.761953 0.971598
vt 0.885195 0.872152
vt 0.884832 0.804613
vt 0.885546 0.804594
vt 0.972820 0.834046
vt 0.973176 0.833527
vt 0.973441 0.834208
vt 0.311126 0.822570
vt 0.310620 0.822545
vt 0.310908 0.751577
vt 0.441573 0.877316
vt 0.440950 0.877283
vt 0.441456 0.809662
vt 0.674185 0.780187
vt 0.673690 0.780192
vt 0.673947 0.708634
vt 0.440749 0.809682
vt 0.838136 0.464393
vt 0.837781 0.396669
vt 0.838508 0.396709
vt 0.753598 0.863392
vt 0.752964 0.863436
vt 0.753203 0.795851
vt 0.147011 0.984694
vt 0.147355 0.984102
vt 0.147629 0.984744
vt 0.753622 0.795754
vt 0.531090 0.724977
vt 0.531586 0.724975
vt 0.531327 0.796487
vt 0.752776 0.795763
vt 0.591156 0.971489
vt 0.591506 0.970923
vt 0.591751 0.971617
vt 0.476198 0.742723
vt 0.476719 0.742717
vt 0.476433 0.813789
vt 0.885221 0.712634
vt 0.884858 0.645096
vt 0.885572 0.645077
vt 0.618861 0.790807
vt 0.618366 0.790812
vt 0.618624 0.719254
vt 0.504004 0.972746
vt 0.504360 0.972227
vt 0.504625 0.972908
vt 0.452467 0.877316
vt 0.451844 0.877283
vt 0.452350 0.809661
vt 0.820167 0.797731
vt 0.819661 0.797705
vt 0.819949 0.726738
vt 0.451644 0.809682
vt 0.838165 0.602640
vt 0.837810 0.534917
vt 0.838536 0.534957
vt 0.212538 0.984694
vt 0.212882 0.984102
vt 0.213155 0.984744
vt 0.343170 0.743909
vt 0.343691 0.743904
vt 0.343405 0.814975
vt 0.101766 0.729878
vt 0.102263 0.729876
vt 0.102003 0.801387
vt 0.849581 0.602543
vt 0.848947 0.602588
vt 0.849453 0.534934
vt 0.848732 0.534914
vt 0.880887 0.072643
vt 0.880524 0.005105
vt 0.881238 0.005086
vt 0.005394 0.835467
vt 0.005038 0.767743
vt 0.005765 0.767783
vt 0.426117 0.879103
vt 0.425730 0.811492
vt 0.426152 0.811421
vt 0.063909 0.829145
vt 0.063403 0.829120
vt 0.063691 0.758153
vt 0.528835 0.984858
vt 0.528526 0.984318
vt 0.529245 0.984369
vt 0.426557 0.811493
vt 0.629511 0.790807
vt 0.629016 0.790812
vt 0.629274 0.719254
vt 0.805854 0.396648
vt 0.806375 0.396643
vt 0.806089 0.467715
vt 0.684975 0.857973
vt 0.684998 0.790401
vt 0.685416 0.790304
vt 0.641404 0.971556
vt 0.641754 0.970990
vt 0.641999 0.971685
vt 0.684570 0.790313
vt 0.117777 0.887056
vt 0.117414 0.819518
vt 0.118128 0.819499
vt 0.025779 0.734549
vt 0.026276 0.734546
vt 0.026016 0.806058
vt 0.841561 0.794458
vt 0.841206 0.726735
vt 0.841932 0.726775
vt 0.343422 0.984858
vt 0.343114 0.984318
vt 0.343832 0.984369
vt 0.831102 0.872278
vt 0.830700 0.804573
vt 0.831105 0.804644
vt 0.830478 0.872244
vt 0.830278 0.804643
vt 0.766209 0.794535
vt 0.765713 0.794539
vt 0.765971 0.722982
vt 0.827214 0.208481
vt 0.826708 0.208455
vt 0.826996 0.137488
vt 0.972833 0.805229
vt 0.973188 0.804709
vt 0.973454 0.805390
vt 0.777069 0.726737
vt 0.777565 0.726735
vt 0.777306 0.798247
vt 0.092405 0.984694
vt 0.092749 0.984102
vt 0.093023 0.984744
vt 0.815565 0.005041
vt 0.816086 0.005036
vt 0.815799 0.076109
vt 0.860448 0.464295
vt 0.860053 0.396754
vt 0.860472 0.396657
vt 0.859814 0.464340
vt 0.299937 0.971394
vt 0.300287 0.970828
vt 0.300532 0.971523
vt 0.885222 0.794315
vt 0.884858 0.726777
vt 0.885573 0.726758
vt 0.859625 0.396666
vt 0.916704 0.833412
vt 0.918353 0.833393
vt 0.918350 0.852077
vt 0.459498 0.691839
vt 0.440781 0.717867
vt 0.440836 0.691849
vt 0.764763 0.908820
vt 0.766460 0.882478
vt 0.766462 0.908817
vt 0.459465 0.717860
vt 0.905841 0.079039
vt 0.907538 0.052698
vt 0.907540 0.079037
vt 0.916704 0.852056
vt 0.905838 0.052700
vt 0.318668 0.680353
vt 0.299969 0.706570
vt 0.300005 0.680353
vt 0.318653 0.706573
vt 0.916352 0.089196
vt 0.918013 0.089176
vt 0.918011 0.107861
vt 0.916352 0.107840
vt 0.764760 0.882480
vt 0.559257 0.717241
vt 0.542209 0.741813
vt 0.542242 0.717241
vt 0.559242 0.741816
vt 0.510330 0.724946
vt 0.493265 0.749339
vt 0.493317 0.724954
vt 0.510297 0.749334
vt 0.924419 0.165483
vt 0.924971 0.165483
vt 0.924967 0.183338
vt 0.924420 0.221467
vt 0.924963 0.239322
vt 0.924423 0.239331
vt 0.924968 0.221467
vt 0.924422 0.183347
vt 0.924419 0.193475
vt 0.924967 0.211330
vt 0.924422 0.211339
vt 0.928462 0.833395
vt 0.929006 0.851250
vt 0.928465 0.851259
vt 0.929010 0.833395
vt 0.924971 0.193475
vt 0.927756 0.299622
vt 0.928304 0.299622
vt 0.928300 0.317477
vt 0.927759 0.317485
vt 0.923885 0.396675
vt 0.924437 0.396675
vt 0.924433 0.414530
vt 0.923888 0.414539
vt 0.571935 0.884807
vt 0.571000 0.911868
vt 0.570994 0.884808
vt 0.571929 0.911873
vt 0.280693 0.957991
vt 0.280707 0.960679
vt 0.279778 0.960673
vt 0.493251 0.864752
vt 0.496031 0.837354
vt 0.496037 0.864746
vt 0.531989 0.884394
vt 0.531054 0.911664
vt 0.531049 0.884395
vt 0.531983 0.911669
vt 0.960665 0.089143
vt 0.960681 0.091854
vt 0.959752 0.091849
vt 0.493245 0.837360
vt 0.279793 0.957991
vt 0.591174 0.862458
vt 0.593954 0.835061
vt 0.593960 0.862453
vt 0.959766 0.089143
vt 0.591168 0.835066
vt 0.371994 0.909007
vt 0.371992 0.882667
vt 0.373691 0.882665
vt 0.265031 0.899520
vt 0.266692 0.899500
vt 0.266690 0.918185
vt 0.560909 0.680917
vt 0.542209 0.707134
vt 0.542245 0.680917
vt 0.560893 0.707136
vt 0.916730 0.645076
vt 0.918376 0.663742
vt 0.916730 0.663721
vt 0.918379 0.645057
vt 0.373693 0.909005
vt 0.361891 0.707764
vt 0.343175 0.733791
vt 0.343229 0.707774
vt 0.361858 0.733784
vt 0.895789 0.716602
vt 0.895787 0.690262
vt 0.897486 0.690260
vt 0.897488 0.716600
vt 0.265031 0.918165
vt 0.661826 0.722931
vt 0.644761 0.747324
vt 0.644813 0.722939
vt 0.661793 0.747319
vt 0.268034 0.717268
vt 0.250985 0.741839
vt 0.251020 0.717267
vt 0.268019 0.741842
vt 0.928122 0.089179
vt 0.928670 0.089179
vt 0.928666 0.107034
vt 0.928125 0.107042
vt 0.923944 0.005069
vt 0.924493 0.022924
vt 0.923947 0.022932
vt 0.924497 0.005069
vt 0.923912 0.590907
vt 0.924460 0.608762
vt 0.923915 0.608771
vt 0.924464 0.590907
vt 0.928475 0.804578
vt 0.929022 0.804578
vt 0.929018 0.822433
vt 0.928478 0.822441
vt 0.808983 0.910859
vt 0.809531 0.910859
vt 0.809527 0.928714
vt 0.808986 0.928722
vt 0.923912 0.534923
vt 0.924464 0.534923
vt 0.924460 0.552778
vt 0.923915 0.552787
vt 0.604057 0.862458
vt 0.604051 0.835066
vt 0.606838 0.835061
vt 0.520979 0.884440
vt 0.520043 0.911502
vt 0.520038 0.884442
vt 0.520973 0.911506
vt 0.960665 0.101942
vt 0.959752 0.104647
vt 0.959766 0.101942
vt 0.606844 0.862453
vt 0.329694 0.884270
vt 0.328759 0.911539
vt 0.328754 0.884270
vt 0.329689 0.911544
vt 0.344066 0.958413
vt 0.343151 0.961096
vt 0.343166 0.958413
vt 0.960681 0.104652
vt 0.506134 0.864752
vt 0.506128 0.837360
vt 0.508915 0.837354
vt 0.508921 0.864746
vt 0.344080 0.961102
vt 0.892393 0.466104
vt 0.892391 0.439764
vt 0.894090 0.439762
vt 0.044486 0.698381
vt 0.025769 0.724409
vt 0.025823 0.698391
vt 0.044453 0.724402
vt 0.916704 0.804595
vt 0.918363 0.823260
vt 0.916704 0.823239
vt 0.916731 0.726758
vt 0.918379 0.726739
vt 0.918377 0.745423
vt 0.894092 0.466102
vt 0.916731 0.745402
vt 0.907625 0.716602
vt 0.907623 0.690262
vt 0.909322 0.690260
vt 0.918366 0.804574
vt 0.269685 0.680943
vt 0.250986 0.707160
vt 0.251022 0.680943
vt 0.269670 0.707162
vt 0.909324 0.716600
vt 0.080468 0.723619
vt 0.063402 0.748012
vt 0.063454 0.723627
vt 0.080434 0.748007
vt 0.608236 0.719226
vt 0.608221 0.743800
vt 0.591188 0.743797
vt 0.591222 0.719225
vt 0.928488 0.645060
vt 0.929036 0.645060
vt 0.929032 0.662915
vt 0.923912 0.562915
vt 0.924460 0.580770
vt 0.923915 0.580779
vt 0.928491 0.662924
vt 0.924464 0.562915
vt 0.928191 0.862212
vt 0.928739 0.862213
vt 0.928735 0.880067
vt 0.924241 0.250992
vt 0.924793 0.250992
vt 0.924789 0.268847
vt 0.928194 0.880076
vt 0.924244 0.268856
vt 0.928489 0.726741
vt 0.929036 0.726741
vt 0.929032 0.744596
vt 0.924419 0.137491
vt 0.924971 0.137491
vt 0.924967 0.155346
vt 0.928492 0.744605
vt 0.924422 0.155355
vt 0.074038 0.863425
vt 0.074032 0.836033
vt 0.076819 0.836027
vt 0.911913 0.442643
vt 0.911907 0.469709
vt 0.910977 0.469704
vt 0.592077 0.957953
vt 0.591164 0.960658
vt 0.591178 0.957953
vt 0.910972 0.442645
vt 0.076825 0.863420
vt 0.940708 0.958185
vt 0.940722 0.960873
vt 0.939793 0.960867
vt 0.939808 0.958185
vt 0.644747 0.865986
vt 0.647527 0.838589
vt 0.647533 0.865981
vt 0.063951 0.883859
vt 0.063946 0.911134
vt 0.063016 0.911129
vt 0.644741 0.838594
vt 0.063011 0.883860
vt 0.592093 0.960663
vt 0.202062 0.677621
vt 0.221217 0.704110
vt 0.202064 0.704069
vt 0.221222 0.677658
vt 0.231322 0.883295
vt 0.232868 0.883301
vt 0.232857 0.909721
vt 0.202057 0.917677
vt 0.203602 0.898253
vt 0.203602 0.917680
vt 0.657612 0.883221
vt 0.659160 0.909646
vt 0.657612 0.909648
vt 0.659171 0.883226
vt 0.202057 0.898250
vt 0.916139 0.319027
vt 0.916139 0.299600
vt 0.917684 0.299603
vt 0.917684 0.319030
vt 0.231322 0.909723
vt 0.597558 0.493707
vt 0.616860 0.520172
vt 0.597559 0.520155
vt 0.616864 0.493720
vt 0.299942 0.716722
vt 0.317348 0.741437
vt 0.299943 0.741400
vt 0.317353 0.716754
vt 0.202062 0.714262
vt 0.219607 0.714273
vt 0.219603 0.738957
vt 0.202063 0.738941
vt 0.777031 0.886184
vt 0.777522 0.910879
vt 0.777032 0.910888
vt 0.777525 0.886184
vt 0.787926 0.886184
vt 0.788417 0.886185
vt 0.788413 0.910879
vt 0.787928 0.910888
vt 0.128505 0.949026
vt 0.129260 0.949032
vt 0.129256 0.953661
vt 0.440457 0.947922
vt 0.441214 0.952557
vt 0.440452 0.952552
vt 0.128500 0.953656
vt 0.441219 0.947928
vt 0.152485 0.948969
vt 0.153240 0.948975
vt 0.153235 0.953604
vt 0.866299 0.379852
vt 0.867056 0.384487
vt 0.866294 0.384482
vt 0.867060 0.379858
vt 0.152480 0.953598
vt 0.644778 0.660237
vt 0.644767 0.536451
vt 0.655293 0.536443
vt 0.705447 0.250960
vt 0.703371 0.374227
vt 0.703397 0.250959
vt 0.655304 0.660229
vt 0.905001 0.376183
vt 0.904986 0.386528
vt 0.902912 0.386517
vt 0.902904 0.376183
vt 0.716291 0.005038
vt 0.714216 0.127362
vt 0.714241 0.005038
vt 0.716292 0.127368
vt 0.926333 0.278949
vt 0.926319 0.289202
vt 0.924245 0.289192
vt 0.669120 0.374775
vt 0.679666 0.250966
vt 0.679613 0.374779
vt 0.705448 0.374234
vt 0.924237 0.278951
vt 0.669172 0.250963
vt 0.718507 0.396647
vt 0.717112 0.524771
vt 0.717099 0.396651
vt 0.921458 0.773151
vt 0.920109 0.791645
vt 0.920149 0.773151
vt 0.644742 0.526319
vt 0.644739 0.396686
vt 0.663565 0.396682
vt 0.718493 0.524772
vt 0.918082 0.862177
vt 0.918104 0.880509
vt 0.916722 0.880507
vt 0.663568 0.526315
vt 0.916773 0.862177
vt 0.640209 0.380635
vt 0.659032 0.250998
vt 0.659035 0.380631
vt 0.640206 0.251002
vt 0.716945 0.250964
vt 0.716931 0.380078
vt 0.715549 0.380076
vt 0.921491 0.791648
vt 0.715537 0.250965
vt 0.629260 0.963138
vt 0.629276 0.961693
vt 0.630722 0.961676
vt 0.891727 0.290525
vt 0.893156 0.319951
vt 0.891722 0.319932
vt 0.893160 0.290544
vt 0.891906 0.137508
vt 0.893334 0.166885
vt 0.891906 0.166884
vt 0.891421 0.044601
vt 0.892860 0.074027
vt 0.891418 0.074010
vt 0.892864 0.044618
vt 0.299937 0.864026
vt 0.301352 0.893403
vt 0.299937 0.893402
vt 0.630741 0.963156
vt 0.893334 0.137493
vt 0.962065 0.054176
vt 0.962065 0.052686
vt 0.963492 0.052679
vt 0.301353 0.864011
vt 0.963492 0.054169
vt 0.962009 0.728221
vt 0.963436 0.726724
vt 0.963436 0.728214
vt 0.311458 0.864026
vt 0.312874 0.893403
vt 0.311458 0.893402
vt 0.962009 0.726731
vt 0.891421 0.005052
vt 0.892864 0.005070
vt 0.892860 0.034478
vt 0.312875 0.864011
vt 0.891906 0.177057
vt 0.893334 0.177042
vt 0.893334 0.206433
vt 0.891418 0.034461
vt 0.891906 0.206433
vt 0.961694 0.743458
vt 0.961675 0.741978
vt 0.963156 0.741996
vt 0.963140 0.743441
vt 0.891727 0.250976
vt 0.893160 0.250995
vt 0.893156 0.280403
vt 0.891722 0.280383
vt 0.921417 0.479864
vt 0.923141 0.479871
vt 0.923136 0.496175
vt 0.819562 0.333003
vt 0.803284 0.351860
vt 0.803285 0.333014
vt 0.819561 0.351848
vt 0.728725 0.911492
vt 0.730454 0.892186
vt 0.730457 0.911494
vt 0.921411 0.496168
vt 0.116492 0.916509
vt 0.118221 0.897203
vt 0.118224 0.916511
vt 0.116489 0.897201
vt 0.809594 0.089148
vt 0.809593 0.108165
vt 0.793316 0.108166
vt 0.728721 0.892184
vt 0.793317 0.089149
vt 0.921417 0.506323
vt 0.923124 0.522636
vt 0.921412 0.522627
vt 0.923128 0.506333
vt 0.844345 0.332998
vt 0.829672 0.350156
vt 0.829700 0.332998
vt 0.844345 0.350158
vt 0.767468 0.617604
vt 0.767479 0.634919
vt 0.752806 0.634918
vt 0.752823 0.617604
vt 0.906278 0.920158
vt 0.906827 0.935654
vt 0.906280 0.935662
vt 0.906831 0.920159
vt 0.927938 0.619427
vt 0.928492 0.634923
vt 0.927940 0.634932
vt 0.928495 0.619427
vt 0.429605 0.919358
vt 0.430162 0.919358
vt 0.430158 0.934854
vt 0.429607 0.934863
vt 0.520041 0.921656
vt 0.520595 0.921656
vt 0.520591 0.937151
vt 0.520043 0.937160
vt 0.657615 0.919804
vt 0.658172 0.919804
vt 0.658168 0.935300
vt 0.657617 0.935309
vt 0.403413 0.920559
vt 0.403967 0.920559
vt 0.403963 0.936054
vt 0.403415 0.936063
vt 0.920365 0.690231
vt 0.919432 0.710020
vt 0.919427 0.690232
vt 0.831108 0.925987
vt 0.831121 0.928725
vt 0.830194 0.928720
vt 0.869921 0.633222
vt 0.872697 0.612900
vt 0.872703 0.633215
vt 0.920359 0.710026
vt 0.686463 0.957385
vt 0.685544 0.960100
vt 0.685563 0.957385
vt 0.889699 0.239018
vt 0.889693 0.218703
vt 0.892475 0.218697
vt 0.830208 0.925987
vt 0.869915 0.612906
vt 0.430542 0.889236
vt 0.430536 0.909210
vt 0.429609 0.909204
vt 0.686473 0.960105
vt 0.429604 0.889236
vt 0.892481 0.239012
vt 0.187433 0.916497
vt 0.187430 0.897189
vt 0.189162 0.897191
vt 0.834440 0.221029
vt 0.818162 0.239887
vt 0.818163 0.221041
vt 0.834439 0.239875
vt 0.921760 0.359500
vt 0.923467 0.375812
vt 0.921755 0.375804
vt 0.755354 0.221029
vt 0.739077 0.240047
vt 0.739078 0.221030
vt 0.755353 0.240046
vt 0.311766 0.903564
vt 0.313487 0.919875
vt 0.311761 0.919868
vt 0.189165 0.916499
vt 0.313491 0.903571
vt 0.358500 0.912625
vt 0.360228 0.893319
vt 0.360232 0.912627
vt 0.358497 0.893317
vt 0.923470 0.359509
vt 0.846924 0.616062
vt 0.832251 0.633221
vt 0.832280 0.616062
vt 0.846924 0.633223
vt 0.792276 0.617604
vt 0.777614 0.634918
vt 0.777631 0.617604
vt 0.792287 0.634919
vt 0.328757 0.921690
vt 0.329307 0.937186
vt 0.328759 0.937194
vt 0.231325 0.919879
vt 0.231882 0.919879
vt 0.231879 0.935375
vt 0.231327 0.935384
vt 0.329310 0.921691
vt 0.918113 0.920669
vt 0.918664 0.936164
vt 0.918115 0.936173
vt 0.935077 0.221467
vt 0.935634 0.221467
vt 0.935630 0.236963
vt 0.935079 0.236972
vt 0.918667 0.920669
vt 0.895267 0.920843
vt 0.895817 0.936338
vt 0.895269 0.936346
vt 0.895821 0.920843
vt 0.371961 0.919146
vt 0.372515 0.934642
vt 0.371963 0.934651
vt 0.372518 0.919146
vt 0.876820 0.239018
vt 0.876814 0.218703
vt 0.879596 0.218697
vt 0.265957 0.957643
vt 0.265967 0.960362
vt 0.265039 0.960358
vt 0.896204 0.890720
vt 0.895270 0.910688
vt 0.895265 0.890720
vt 0.896199 0.910694
vt 0.895771 0.794338
vt 0.898547 0.774017
vt 0.898553 0.794332
vt 0.957762 0.577826
vt 0.956847 0.580560
vt 0.956862 0.577826
vt 0.957775 0.580564
vt 0.879602 0.239012
vt 0.141798 0.896305
vt 0.140865 0.916095
vt 0.140860 0.896306
vt 0.141792 0.916100
vt 0.895765 0.774023
vt 0.265057 0.957643
vt 0.781716 0.221029
vt 0.765438 0.240047
vt 0.765440 0.221030
vt 0.781715 0.240046
vt 0.921997 0.442678
vt 0.923708 0.442688
vt 0.923704 0.458991
vt 0.154215 0.893904
vt 0.152487 0.913210
vt 0.152484 0.893902
vt 0.819562 0.361937
vt 0.803284 0.380794
vt 0.803285 0.361948
vt 0.819561 0.380783
vt 0.739995 0.618111
vt 0.741720 0.618119
vt 0.741716 0.634423
vt 0.154218 0.913212
vt 0.130771 0.894788
vt 0.130774 0.914096
vt 0.129042 0.914094
vt 0.129039 0.894786
vt 0.739990 0.634416
vt 0.921992 0.458982
vt 0.834367 0.089144
vt 0.819704 0.106457
vt 0.819722 0.089143
vt 0.834377 0.106458
vt 0.216765 0.830181
vt 0.216765 0.847342
vt 0.202092 0.847340
vt 0.202120 0.830181
vt 0.787925 0.921017
vt 0.788479 0.921017
vt 0.788474 0.936512
vt 0.787927 0.936520
vt 0.929123 0.918742
vt 0.929680 0.918742
vt 0.929676 0.934237
vt 0.929125 0.934246
vt 0.935080 0.191824
vt 0.935637 0.191824
vt 0.935633 0.207320
vt 0.063014 0.921280
vt 0.063568 0.921281
vt 0.063564 0.936775
vt 0.063016 0.936784
vt 0.935082 0.207328
vt 0.554605 0.918963
vt 0.555159 0.934459
vt 0.554607 0.934468
vt 0.555162 0.918963
vt 0.531052 0.921815
vt 0.531602 0.937311
vt 0.531054 0.937319
vt 0.531606 0.921816
vt 0.859819 0.612900
vt 0.859825 0.633215
vt 0.857042 0.633222
vt 0.714202 0.957034
vt 0.714216 0.959772
vt 0.713287 0.959768
vt 0.918581 0.052669
vt 0.917648 0.072458
vt 0.917643 0.052669
vt 0.918575 0.072463
vt 0.857036 0.612906
vt 0.960493 0.632201
vt 0.959576 0.634916
vt 0.959593 0.632201
vt 0.960503 0.634921
vt 0.052625 0.893439
vt 0.051691 0.913407
vt 0.051686 0.893439
vt 0.052619 0.913413
vt 0.282564 0.884867
vt 0.279788 0.905188
vt 0.279782 0.884873
vt 0.713302 0.957034
vt 0.282570 0.905182
vt 0.177326 0.897191
vt 0.177329 0.916499
vt 0.175598 0.916497
vt 0.808078 0.221029
vt 0.791800 0.240047
vt 0.791801 0.221030
vt 0.808077 0.240046
vt 0.299952 0.903564
vt 0.301672 0.919875
vt 0.299947 0.919868
vt 0.175595 0.897189
vt 0.921760 0.333039
vt 0.923470 0.333048
vt 0.923467 0.349351
vt 0.921755 0.349343
vt 0.908022 0.890732
vt 0.908026 0.910041
vt 0.906294 0.910039
vt 0.822141 0.616067
vt 0.822140 0.634913
vt 0.805863 0.634924
vt 0.906291 0.890730
vt 0.805864 0.616078
vt 0.301676 0.903571
vt 0.357840 0.825074
vt 0.343178 0.842388
vt 0.343195 0.825074
vt 0.357851 0.842389
vt 0.844345 0.360264
vt 0.844345 0.377425
vt 0.829672 0.377423
vt 0.829700 0.360264
vt 0.728709 0.921612
vt 0.729263 0.921612
vt 0.729259 0.937107
vt 0.764730 0.918959
vt 0.765287 0.918959
vt 0.765283 0.934455
vt 0.764731 0.934464
vt 0.728711 0.937115
vt 0.618325 0.921865
vt 0.618879 0.921866
vt 0.618876 0.937361
vt 0.644732 0.919215
vt 0.645285 0.934711
vt 0.644733 0.934720
vt 0.618327 0.937369
vt 0.645289 0.919215
vt 0.777031 0.921017
vt 0.777585 0.921017
vt 0.777580 0.936512
vt 0.542180 0.919259
vt 0.542733 0.934755
vt 0.542182 0.934764
vt 0.542737 0.919259
vt 0.777033 0.936520
vt 0.866717 0.218697
vt 0.866723 0.239012
vt 0.863940 0.239018
vt 0.200022 0.957119
vt 0.200035 0.959857
vt 0.199107 0.959852
vt 0.919050 0.890724
vt 0.918116 0.910513
vt 0.918111 0.890724
vt 0.919044 0.910518
vt 0.960493 0.619391
vt 0.960503 0.622111
vt 0.959576 0.622106
vt 0.727956 0.363629
vt 0.727023 0.383597
vt 0.727018 0.363629
vt 0.863934 0.218703
vt 0.727950 0.383603
vt 0.199122 0.957119
vt 0.906054 0.299626
vt 0.906060 0.319943
vt 0.903278 0.319948
vt 0.959593 0.619391
vt 0.903272 0.299632
vt 0.063806 0.873760
vt 0.063229 0.839289
vt 0.063731 0.839261
vt 0.063229 0.873732
vt 0.571457 0.874681
vt 0.570993 0.874680
vt 0.570993 0.840234
vt 0.571499 0.840234
vt 0.714832 0.239567
vt 0.714986 0.240240
vt 0.714271 0.240076
vt 0.329429 0.874144
vt 0.328887 0.874182
vt 0.328846 0.839697
vt 0.329443 0.839669
vt 0.808510 0.970896
vt 0.808879 0.970285
vt 0.809251 0.970919
vt 0.280234 0.874707
vt 0.279770 0.874706
vt 0.279770 0.840260
vt 0.874196 0.123643
vt 0.873655 0.123681
vt 0.873614 0.089196
vt 0.231899 0.873150
vt 0.231322 0.873122
vt 0.231322 0.838678
vt 0.231824 0.838650
vt 0.956046 0.181033
vt 0.956416 0.180423
vt 0.956788 0.181056
vt 0.280275 0.840261
vt 0.568802 0.239589
vt 0.568942 0.240295
vt 0.568241 0.240099
vt 0.874210 0.089168
vt 0.863056 0.934827
vt 0.864427 0.925479
vt 0.864432 0.934820
vt 0.863051 0.925485
vt 0.299959 0.832683
vt 0.309181 0.832692
vt 0.309185 0.853886
vt 0.908654 0.773173
vt 0.910012 0.773177
vt 0.910006 0.794356
vt 0.908649 0.794352
vt 0.299963 0.853876
vt 0.403431 0.889250
vt 0.404777 0.889256
vt 0.404772 0.910434
vt 0.844538 0.218678
vt 0.853835 0.239871
vt 0.844542 0.239872
vt 0.853831 0.218676
vt 0.403426 0.910429
vt 0.726390 0.127090
vt 0.727761 0.117740
vt 0.727766 0.127083
vt 0.726385 0.117747
vt 0.916759 0.673885
vt 0.920780 0.679703
vt 0.916760 0.679700
vt 0.949390 0.862177
vt 0.951300 0.862179
vt 0.951300 0.867948
vt 0.463752 0.951985
vt 0.465704 0.947909
vt 0.465706 0.951991
vt 0.920779 0.673888
vt 0.542177 0.944857
vt 0.544105 0.950626
vt 0.542177 0.950626
vt 0.629246 0.951565
vt 0.629245 0.947483
vt 0.631198 0.947489
vt 0.837835 0.518964
vt 0.841886 0.524778
vt 0.837836 0.524779
vt 0.463751 0.947903
vt 0.544105 0.944857
vt 0.841885 0.518963
vt 0.949390 0.867946
vt 0.631200 0.951571
vt 0.379593 0.654815
vt 0.371971 0.713025
vt 0.371975 0.654827
vt 0.379589 0.713013
vt 0.923909 0.424652
vt 0.926620 0.424655
vt 0.926617 0.432274
vt 0.005037 0.757588
vt 0.007861 0.698742
vt 0.007862 0.757588
vt 0.005036 0.698743
vt 0.681280 0.639840
vt 0.681275 0.698489
vt 0.673658 0.698491
vt 0.923912 0.432283
vt 0.916378 0.117981
vt 0.919110 0.125601
vt 0.916382 0.125612
vt 0.919114 0.117982
vt 0.752774 0.703930
vt 0.752773 0.645084
vt 0.755598 0.645083
vt 0.673662 0.639843
vt 0.755599 0.703929
vt 0.923954 0.033067
vt 0.926670 0.040651
vt 0.923949 0.040642
vt 0.926673 0.033076
vt 0.728705 0.729826
vt 0.728705 0.645025
vt 0.731429 0.645025
vt 0.731429 0.729826
vt 0.634615 0.493688
vt 0.634622 0.577567
vt 0.627057 0.577588
vt 0.928498 0.754739
vt 0.931192 0.754750
vt 0.931189 0.762325
vt 0.627059 0.493688
vt 0.696640 0.721180
vt 0.696621 0.636350
vt 0.699407 0.636322
vt 0.699427 0.721152
vt 0.928493 0.762314
vt 0.575776 0.144847
vt 0.575783 0.229374
vt 0.568217 0.229387
vt 0.568219 0.144838
vt 0.453704 0.638890
vt 0.440766 0.681726
vt 0.440778 0.638884
vt 0.036391 0.893458
vt 0.041610 0.893458
vt 0.041606 0.906387
vt 0.762493 0.376513
vt 0.757202 0.332998
vt 0.762493 0.332998
vt 0.757202 0.376513
vt 0.453693 0.681732
vt 0.772560 0.332998
vt 0.777851 0.332998
vt 0.777851 0.376513
vt 0.036391 0.906386
vt 0.772560 0.376513
vt 0.104029 0.677274
vt 0.104018 0.719731
vt 0.091091 0.719733
vt 0.091102 0.677277
vt 0.696614 0.890674
vt 0.701870 0.903597
vt 0.696613 0.903603
vt 0.701873 0.890668
vt 0.657684 0.670359
vt 0.657673 0.712816
vt 0.644746 0.712817
vt 0.476174 0.894553
vt 0.481389 0.907482
vt 0.476174 0.907482
vt 0.766160 0.126535
vt 0.760870 0.083019
vt 0.766160 0.083019
vt 0.481393 0.894553
vt 0.644757 0.670361
vt 0.760870 0.126535
vt 0.900200 0.622009
vt 0.905459 0.622002
vt 0.905456 0.634932
vt 0.604111 0.666275
vt 0.604100 0.709118
vt 0.591173 0.709111
vt 0.900199 0.634938
vt 0.591184 0.666270
vt 0.803012 0.479823
vt 0.808303 0.479823
vt 0.808303 0.523338
vt 0.803012 0.523338
vt 0.021094 0.893920
vt 0.026310 0.906848
vt 0.021094 0.906848
vt 0.026314 0.893920
vt 0.406002 0.677212
vt 0.405991 0.719670
vt 0.393064 0.719671
vt 0.777588 0.523339
vt 0.772297 0.479823
vt 0.777588 0.479823
vt 0.787655 0.479823
vt 0.792945 0.523338
vt 0.787655 0.523338
vt 0.792945 0.479823
vt 0.393075 0.677215
vt 0.884863 0.622009
vt 0.890119 0.634932
vt 0.884862 0.634938
vt 0.627150 0.666275
vt 0.627139 0.709118
vt 0.614212 0.709111
vt 0.614223 0.666270
vt 0.890122 0.622002
vt 0.772297 0.523339
vt 0.429041 0.677212
vt 0.429030 0.719670
vt 0.416103 0.719671
vt 0.902563 0.226104
vt 0.907778 0.239032
vt 0.902563 0.239032
vt 0.762230 0.523339
vt 0.756940 0.479823
vt 0.762230 0.479823
vt 0.907782 0.226103
vt 0.787918 0.332998
vt 0.793208 0.376513
vt 0.787918 0.376513
vt 0.416114 0.677215
vt 0.793208 0.332998
vt 0.756940 0.523339
vt 0.343148 0.893329
vt 0.348407 0.893322
vt 0.348404 0.906252
vt 0.343147 0.906258
vt 0.361874 0.654814
vt 0.361863 0.697657
vt 0.348936 0.697650
vt 0.348947 0.654809
vt 0.477939 0.823888
vt 0.476204 0.884425
vt 0.476277 0.823890
vt 0.477911 0.884425
vt 0.154216 0.627243
vt 0.154201 0.724864
vt 0.152495 0.724860
vt 0.312195 0.593532
vt 0.250957 0.493387
vt 0.312194 0.493381
vt 0.152490 0.627243
vt 0.730474 0.821067
vt 0.730445 0.882070
vt 0.728738 0.882068
vt 0.250958 0.593539
vt 0.322270 0.493387
vt 0.383508 0.593532
vt 0.322271 0.593538
vt 0.728811 0.821067
vt 0.130771 0.627241
vt 0.130757 0.725749
vt 0.129050 0.725744
vt 0.383507 0.493381
vt 0.129045 0.627241
vt 0.289851 0.603646
vt 0.250979 0.670826
vt 0.251007 0.603646
vt 0.289840 0.670837
vt 0.549807 0.604780
vt 0.493270 0.604790
vt 0.493263 0.536473
vt 0.549801 0.536463
vt 0.581089 0.614893
vt 0.581063 0.670761
vt 0.542206 0.670809
vt 0.338852 0.603646
vt 0.338823 0.670233
vt 0.299962 0.670235
vt 0.542261 0.614949
vt 0.559935 0.536473
vt 0.616473 0.536463
vt 0.616480 0.604780
vt 0.559942 0.604789
vt 0.300009 0.603659
vt 0.532110 0.614893
vt 0.493235 0.671204
vt 0.493280 0.614902
vt 0.532084 0.671190
vt 0.496769 0.217859
vt 0.496769 0.144850
vt 0.527406 0.144821
vt 0.558091 0.144850
vt 0.527406 0.217830
vt 0.045239 0.627232
vt 0.054655 0.657516
vt 0.045239 0.687846
vt 0.025738 0.627231
vt 0.035154 0.657763
vt 0.025738 0.688314
vt 0.558091 0.217858
vt 0.963246 0.906488
vt 0.962716 0.907444
vt 0.962066 0.906433
vt 0.740020 0.534942
vt 0.740975 0.607968
vt 0.739999 0.607950
vt 0.740892 0.534911
vt 0.741846 0.645079
vt 0.742675 0.645043
vt 0.742664 0.718086
vt 0.741784 0.718086
vt 0.963085 0.660792
vt 0.962526 0.661758
vt 0.961892 0.660759
vt 0.571999 0.752201
vt 0.571100 0.681010
vt 0.571917 0.680954
vt 0.571033 0.752204
vt 0.330059 0.962372
vt 0.329530 0.963328
vt 0.328880 0.962317
vt 0.739893 0.396694
vt 0.740849 0.469720
vt 0.739873 0.469703
vt 0.740765 0.396663
vt 0.280775 0.752227
vt 0.279877 0.681036
vt 0.280694 0.680980
vt 0.279810 0.752230
vt 0.231672 0.677631
vt 0.232490 0.750639
vt 0.231611 0.750639
vt 0.963059 0.820304
vt 0.962483 0.821263
vt 0.961879 0.820277
vt 0.232501 0.677596
vt 0.697919 0.956431
vt 0.697579 0.958327
vt 0.696609 0.957722
vt 0.739839 0.208691
vt 0.739108 0.208759
vt 0.739181 0.137564
vt 0.740576 0.208776
vt 0.740253 0.137501
vt 0.696847 0.956704
vt 0.718266 0.647575
vt 0.718604 0.720640
vt 0.717859 0.720614
vt 0.115086 0.956048
vt 0.115625 0.956961
vt 0.114702 0.957922
vt 0.113738 0.957402
vt 0.113985 0.956319
vt 0.739332 0.322891
vt 0.738738 0.251006
vt 0.739788 0.250995
vt 0.738429 0.005088
vt 0.739488 0.078095
vt 0.738349 0.078095
vt 0.698481 0.957357
vt 0.739499 0.005052
vt 0.738291 0.322833
vt 0.717136 0.647606
vt 0.717116 0.720615
vt 0.504004 0.960876
vt 0.504814 0.960372
vt 0.504225 0.961772
vt 0.252194 0.889374
vt 0.251281 0.889345
vt 0.251759 0.858730
vt 0.841885 0.914086
vt 0.841325 0.914047
vt 0.841241 0.882433
vt 0.214298 0.888140
vt 0.841885 0.882379
vt 0.753353 0.905254
vt 0.752771 0.905289
vt 0.752771 0.873573
vt 0.669499 0.386491
vt 0.669112 0.385993
vt 0.250953 0.858770
vt 0.879310 0.333082
vt 0.878117 0.333087
vt 0.753441 0.873639
vt 0.014501 0.657779
vt 0.015097 0.657942
vt 0.213462 0.888105
vt 0.015642 0.658131
vt 0.299937 0.960121
vt 0.344365 0.883125
vt 0.344407 0.852524
vt 0.300407 0.960590
vt 0.953886 0.962046
vt 0.954695 0.961305
vt 0.955357 0.962069
vt 0.954634 0.962868
vt 0.889658 0.510421
vt 0.889416 0.479854
vt 0.890272 0.479888
vt 0.015630 0.657671
vt 0.006240 0.627238
vt 0.657612 0.961166
vt 0.658421 0.960662
vt 0.657833 0.962063
vt 0.263552 0.889373
vt 0.262640 0.889345
vt 0.263118 0.858730
vt 0.202939 0.888140
vt 0.202103 0.888105
vt 0.658327 0.181252
vt 0.658872 0.181441
vt 0.852807 0.914086
vt 0.852248 0.914046
vt 0.852163 0.882432
vt 0.852807 0.882379
vt 0.493814 0.906539
vt 0.493233 0.906574
vt 0.493233 0.874859
vt 0.262312 0.858770
vt 0.605190 0.960031
vt 0.657732 0.181089
vt 0.314957 0.960692
vt 0.314487 0.960223
vt 0.658860 0.180981
vt 0.493902 0.874925
vt 0.605576 0.960529
vt 0.006227 0.845666
vt 0.005033 0.845670
vt 0.355724 0.883125
vt 0.355765 0.852524
vt 0.961349 0.878761
vt 0.962158 0.878020
vt 0.962820 0.878784
vt 0.890000 0.363596
vt 0.889758 0.333029
vt 0.890614 0.333063
vt 0.649469 0.150548
vt 0.962097 0.879583
vt 0.235074 0.626728
vt 0.202091 0.667470
vt 0.202151 0.626762
vt 0.856347 0.521061
vt 0.856344 0.479861
vt 0.857216 0.479859
vt 0.235041 0.667437
vt 0.878112 0.479876
vt 0.878958 0.512809
vt 0.878112 0.512789
vt 0.857219 0.521059
vt 0.381930 0.603646
vt 0.381904 0.644668
vt 0.348953 0.644667
vt 0.349006 0.603646
vt 0.884310 0.089196
vt 0.885150 0.122130
vt 0.884310 0.122109
vt 0.164339 0.862308
vt 0.164337 0.821107
vt 0.165209 0.821106
vt 0.878961 0.479857
vt 0.165212 0.862306
vt 0.885153 0.089177
vt 0.892363 0.396658
vt 0.892798 0.396673
vt 0.892799 0.429622
vt 0.892362 0.429637
vt 0.902940 0.534906
vt 0.903371 0.534921
vt 0.903372 0.567869
vt 0.902939 0.567883
vt 0.902939 0.577991
vt 0.903372 0.610954
vt 0.902939 0.610968
vt 0.903371 0.578006
vt 0.892390 0.534906
vt 0.892825 0.534920
vt 0.892826 0.567869
vt 0.892389 0.567885
vt 0.895733 0.847645
vt 0.896169 0.880609
vt 0.895732 0.880624
vt 0.896168 0.847660
vt 0.903269 0.250975
vt 0.903700 0.250990
vt 0.903701 0.283938
vt 0.903268 0.283952
vt 0.895759 0.645043
vt 0.896194 0.645057
vt 0.896195 0.678006
vt 0.895758 0.678021
vt 0.903447 0.137474
vt 0.903879 0.170436
vt 0.903446 0.170451
vt 0.903878 0.137489
vt 0.903447 0.180558
vt 0.903879 0.213521
vt 0.903446 0.213535
vt 0.903878 0.180573
vt 0.895759 0.726724
vt 0.896194 0.726738
vt 0.896195 0.759688
vt 0.895759 0.759703
vt 0.164311 0.872429
vt 0.164743 0.872444
vt 0.164744 0.905392
vt 0.164310 0.905406
vt 0.900430 0.479841
vt 0.900865 0.479855
vt 0.900866 0.512804
vt 0.900429 0.512819
vt 0.591164 0.872583
vt 0.591596 0.872598
vt 0.591597 0.905546
vt 0.591164 0.905561
vt 0.892390 0.577991
vt 0.892826 0.610954
vt 0.892390 0.610970
vt 0.892825 0.578005
vt 0.601711 0.872583
vt 0.602143 0.872598
vt 0.602144 0.905546
vt 0.601711 0.905561
vt 0.895264 0.089161
vt 0.895699 0.089176
vt 0.895700 0.122125
vt 0.895263 0.122140
vt 0.905813 0.089161
vt 0.906245 0.089176
vt 0.906246 0.122124
vt 0.895733 0.804560
vt 0.896168 0.804575
vt 0.896169 0.837524
vt 0.895732 0.837539
vt 0.905812 0.122139
vt 0.074029 0.873550
vt 0.074461 0.906513
vt 0.074028 0.906527
vt 0.074460 0.873565
vt 0.673651 0.868141
vt 0.674086 0.868155
vt 0.674087 0.901105
vt 0.673651 0.901120
vt 0.902912 0.396658
vt 0.903345 0.429621
vt 0.902911 0.429635
vt 0.900772 0.333016
vt 0.901207 0.333030
vt 0.901208 0.365979
vt 0.900772 0.365994
vt 0.903344 0.396673
vt 0.902972 0.005051
vt 0.903405 0.038014
vt 0.902971 0.038029
vt 0.903404 0.005066
vt 0.684199 0.868141
vt 0.684634 0.868156
vt 0.684635 0.901105
vt 0.684198 0.901120
vt 0.531095 0.714856
vt 0.517235 0.714868
vt 0.517229 0.681321
vt 0.917868 0.621102
vt 0.917858 0.634906
vt 0.915541 0.634906
vt 0.915532 0.621105
vt 0.556943 0.833061
vt 0.554621 0.865739
vt 0.554620 0.833055
vt 0.675981 0.911208
vt 0.673654 0.924910
vt 0.673645 0.911213
vt 0.675971 0.924907
vt 0.556944 0.865749
vt 0.493254 0.681321
vt 0.507114 0.681309
vt 0.507120 0.714856
vt 0.544517 0.833062
vt 0.542195 0.866036
vt 0.542194 0.833054
vt 0.531090 0.681309
vt 0.493259 0.714867
vt 0.544518 0.866047
vt 0.781994 0.123284
vt 0.783238 0.123520
vt 0.780903 0.126351
vt 0.777893 0.126349
vt 0.809540 0.886146
vt 0.813282 0.886279
vt 0.813178 0.900271
vt 0.092808 0.667136
vt 0.107315 0.664215
vt 0.106119 0.667138
vt 0.092244 0.664233
vt 0.744509 0.479833
vt 0.741099 0.482402
vt 0.741499 0.479831
vt 0.745612 0.482412
vt 0.809421 0.900150
vt 0.777480 0.123275
vt 0.745599 0.516212
vt 0.744738 0.518845
vt 0.741993 0.518845
vt 0.630433 0.591380
vt 0.630410 0.604473
vt 0.627144 0.604283
vt 0.746868 0.516452
vt 0.632355 0.590167
vt 0.631086 0.588982
vt 0.627339 0.591339
vt 0.066571 0.667500
vt 0.080974 0.664150
vt 0.079908 0.667069
vt 0.065909 0.664666
vt 0.064739 0.664668
vt 0.739866 0.516485
vt 0.739864 0.482657
vt 0.741096 0.516187
vt 0.092252 0.629547
vt 0.107305 0.629553
vt 0.783240 0.089437
vt 0.854445 0.385900
vt 0.854445 0.383822
vt 0.856083 0.383957
vt 0.781992 0.089200
vt 0.777035 0.126535
vt 0.776227 0.123491
vt 0.777489 0.089175
vt 0.776233 0.089439
vt 0.064800 0.629987
vt 0.078049 0.627232
vt 0.079845 0.629507
vt 0.066446 0.627611
vt 0.741233 0.519092
vt 0.746873 0.482655
vt 0.626599 0.589001
vt 0.106253 0.627233
vt 0.958197 0.019346
vt 0.958197 0.022487
vt 0.956918 0.020398
vt 0.093979 0.627236
vt 0.648499 0.237655
vt 0.657162 0.235573
vt 0.655641 0.236763
vt 0.648597 0.222000
vt 0.738460 0.333043
vt 0.745549 0.338320
vt 0.740151 0.338357
vt 0.738665 0.338614
vt 0.064789 0.713451
vt 0.077876 0.708362
vt 0.079289 0.713514
vt 0.067296 0.708365
vt 0.648264 0.223161
vt 0.740186 0.363108
vt 0.738729 0.363330
vt 0.745646 0.363055
vt 0.747040 0.338578
vt 0.738299 0.123594
vt 0.745335 0.118721
vt 0.746835 0.118930
vt 0.818380 0.505204
vt 0.829005 0.479850
vt 0.828991 0.505206
vt 0.818375 0.479858
vt 0.657188 0.225007
vt 0.746749 0.093981
vt 0.079040 0.708380
vt 0.080462 0.713546
vt 0.739889 0.118766
vt 0.737986 0.123533
vt 0.738416 0.118952
vt 0.067284 0.683007
vt 0.080388 0.677603
vt 0.077863 0.683004
vt 0.064891 0.677593
vt 0.738291 0.368027
vt 0.738453 0.368039
vt 0.739223 0.368024
vt 0.747134 0.363327
vt 0.745223 0.093791
vt 0.739810 0.093803
vt 0.738737 0.088217
vt 0.738020 0.088244
vt 0.738321 0.094012
vt 0.251154 0.848588
vt 0.251092 0.833216
vt 0.251921 0.833158
vt 0.251867 0.848585
vt 0.259920 0.846910
vt 0.259899 0.836392
vt 0.258465 0.848028
vt 0.949274 0.307805
vt 0.948988 0.307780
vt 0.949149 0.299615
vt 0.949456 0.627611
vt 0.949188 0.627614
vt 0.949325 0.619420
vt 0.945959 0.229548
vt 0.945740 0.221454
vt 0.946112 0.221472
vt 0.686235 0.947279
vt 0.686048 0.939223
vt 0.686416 0.939207
vt 0.969344 0.605227
vt 0.969120 0.606763
vt 0.968915 0.605219
vt 0.969948 0.250994
vt 0.970153 0.252525
vt 0.969724 0.252516
vt 0.969194 0.493040
vt 0.968970 0.494576
vt 0.968765 0.493032
vt 0.970368 0.299624
vt 0.970573 0.301155
vt 0.970145 0.301145
vt 0.075356 0.958685
vt 0.074022 0.960811
vt 0.074020 0.958686
vt 0.555974 0.958874
vt 0.554632 0.960627
vt 0.554649 0.958874
vt 0.951238 0.878051
vt 0.951247 0.880209
vt 0.949428 0.880219
vt 0.075354 0.960820
vt 0.904302 0.523012
vt 0.904317 0.524789
vt 0.902960 0.524779
vt 0.949419 0.878061
vt 0.902976 0.523012
vt 0.946734 0.577863
vt 0.946743 0.580021
vt 0.944923 0.580031
vt 0.141143 0.958529
vt 0.141149 0.960653
vt 0.139791 0.960642
vt 0.944914 0.577872
vt 0.139806 0.958529
vt 0.555989 0.960637
vt 0.949633 0.097359
vt 0.949351 0.097333
vt 0.949501 0.089173
vt 0.945595 0.174214
vt 0.945455 0.166149
vt 0.945814 0.166134
vt 0.809296 0.947036
vt 0.809009 0.947012
vt 0.809170 0.938844
vt 0.945954 0.199895
vt 0.945742 0.191842
vt 0.946125 0.191818
vt 0.969357 0.673884
vt 0.969133 0.675420
vt 0.968928 0.673877
vt 0.970368 0.137493
vt 0.970573 0.139024
vt 0.970145 0.139014
vt 0.969384 0.410995
vt 0.969161 0.412531
vt 0.968956 0.410987
vt 0.970369 0.149170
vt 0.970574 0.150701
vt 0.970145 0.150691
vt 0.705193 0.384355
vt 0.703382 0.386523
vt 0.703373 0.384365
vt 0.490897 0.958604
vt 0.490895 0.960739
vt 0.489562 0.960731
vt 0.022462 0.958905
vt 0.022477 0.960682
vt 0.021120 0.960671
vt 0.489560 0.958606
vt 0.021136 0.958904
vt 0.705202 0.386514
vt 0.037767 0.958549
vt 0.037773 0.960672
vt 0.036416 0.960661
vt 0.762729 0.958870
vt 0.761387 0.960622
vt 0.761403 0.958870
vt 0.951536 0.741979
vt 0.951545 0.744138
vt 0.949725 0.744147
vt 0.036431 0.958549
vt 0.949716 0.741989
vt 0.762743 0.960633
vt 0.796106 0.125370
vt 0.794293 0.124320
vt 0.793307 0.121938
vt 0.799274 0.119305
vt 0.800323 0.121866
vt 0.794262 0.119368
vt 0.798814 0.124668
vt 0.951967 0.833360
vt 0.952002 0.834564
vt 0.949681 0.833817
vt 0.949678 0.835950
vt 0.796745 0.118268
vt 0.951998 0.837399
vt 0.949690 0.731876
vt 0.949687 0.729917
vt 0.951940 0.730058
vt 0.231413 0.950652
vt 0.231348 0.948769
vt 0.233642 0.948892
vt 0.233671 0.946181
vt 0.822647 0.522448
vt 0.818741 0.520467
vt 0.818574 0.517734
vt 0.231408 0.946040
vt 0.820359 0.515687
vt 0.951942 0.731876
vt 0.951941 0.727332
vt 0.823054 0.515588
vt 0.949689 0.727219
vt 0.825032 0.517497
vt 0.824793 0.520696
vt 0.820549 0.522220
vt 0.949684 0.837960
vt 0.506332 0.947138
vt 0.504143 0.949886
vt 0.504061 0.947012
vt 0.506411 0.949668
vt 0.233732 0.950661
vt 0.506461 0.945141
vt 0.504207 0.945112
vt 0.934255 0.674232
vt 0.935287 0.675526
vt 0.935034 0.677243
vt 0.933089 0.678409
vt 0.931144 0.677193
vt 0.930877 0.675477
vt 0.931906 0.674182
vt 0.177891 0.926610
vt 0.179423 0.927202
vt 0.180051 0.928830
vt 0.176654 0.930812
vt 0.175577 0.929433
vt 0.178942 0.930850
vt 0.175820 0.927797
vt 0.984281 0.409907
vt 0.984569 0.409984
vt 0.451741 0.964067
vt 0.451506 0.964040
vt 0.451354 0.962249
vt 0.968130 0.579669
vt 0.968023 0.579715
vt 0.967997 0.577867
vt 0.451754 0.962239
vt 0.451296 0.964045
vt 0.451485 0.964115
vt 0.946289 0.606881
vt 0.967792 0.704037
vt 0.967511 0.704033
vt 0.967668 0.702231
vt 0.947275 0.605326
vt 0.984615 0.569501
vt 0.984606 0.569511
vt 0.984540 0.569525
vt 0.984529 0.579852
vt 0.984609 0.579679
vt 0.440439 0.962718
vt 0.440909 0.964495
vt 0.984493 0.569258
vt 0.984339 0.569540
vt 0.005033 0.962345
vt 0.440901 0.962714
vt 0.968669 0.179860
vt 0.968399 0.179858
vt 0.968543 0.178065
vt 0.251171 0.965382
vt 0.250953 0.963678
vt 0.251360 0.963665
vt 0.882935 0.966273
vt 0.882719 0.964543
vt 0.883108 0.964551
vt 0.971082 0.920515
vt 0.970805 0.920511
vt 0.970948 0.918751
vt 0.946307 0.606854
vt 0.984163 0.569250
vt 0.819809 0.967880
vt 0.820079 0.967883
vt 0.819779 0.969359
vt 0.944886 0.607912
vt 0.005034 0.964113
vt 0.984345 0.580020
vt 0.984163 0.580022
vt 0.984254 0.579690
vt 0.946287 0.607141
vt 0.947274 0.608697
vt 0.946731 0.606991
vt 0.713398 0.969956
vt 0.713600 0.969869
vt 0.713579 0.971428
vt 0.968979 0.223244
vt 0.968716 0.223261
vt 0.968845 0.221469
vt 0.969564 0.536709
vt 0.969286 0.536706
vt 0.969440 0.534932
vt 0.403662 0.963998
vt 0.403892 0.965700
vt 0.403490 0.965714
vt 0.907829 0.964214
vt 0.908034 0.965947
vt 0.907642 0.965936
vt 0.951979 0.804542
vt 0.952015 0.805746
vt 0.949694 0.805000
vt 0.741089 0.385261
vt 0.739276 0.384211
vt 0.738291 0.381829
vt 0.607518 0.945666
vt 0.607597 0.948196
vt 0.605329 0.948414
vt 0.739246 0.379259
vt 0.741728 0.378159
vt 0.744257 0.379196
vt 0.745306 0.381757
vt 0.743797 0.384559
vt 0.949690 0.807132
vt 0.952011 0.808581
vt 0.607647 0.943669
vt 0.605247 0.945540
vt 0.605393 0.943640
vt 0.949743 0.071108
vt 0.949744 0.068411
vt 0.951997 0.068524
vt 0.951996 0.071250
vt 0.787947 0.949907
vt 0.788007 0.947177
vt 0.790269 0.947318
vt 0.788011 0.951789
vt 0.790241 0.950030
vt 0.790331 0.951798
vt 0.814689 0.125365
vt 0.812591 0.125137
vt 0.810783 0.123383
vt 0.810616 0.120650
vt 0.949745 0.073068
vt 0.812401 0.118604
vt 0.951998 0.073068
vt 0.815096 0.118505
vt 0.817075 0.120413
vt 0.816835 0.123612
vt 0.949696 0.809143
vt 0.200150 0.931974
vt 0.199101 0.930685
vt 0.199373 0.928975
vt 0.201336 0.927790
vt 0.203306 0.928986
vt 0.203577 0.930706
vt 0.202528 0.932006
vt 0.302153 0.934533
vt 0.301020 0.930343
vt 0.303289 0.930324
vt 0.304403 0.931652
vt 0.300637 0.934002
vt 0.299983 0.932394
vt 0.304187 0.933339
vt 0.706114 0.984497
vt 0.705804 0.984441
vt 0.705959 0.984108
vt 0.958400 0.522908
vt 0.968091 0.267144
vt 0.967921 0.267111
vt 0.968040 0.265310
vt 0.175842 0.971478
vt 0.175577 0.971478
vt 0.175594 0.969698
vt 0.175842 0.969698
vt 0.968069 0.756540
vt 0.958608 0.520988
vt 0.971497 0.426414
vt 0.971559 0.424632
vt 0.984559 0.462890
vt 0.984360 0.463166
vt 0.984163 0.198269
vt 0.984245 0.197984
vt 0.968702 0.191886
vt 0.968957 0.191789
vt 0.968957 0.193669
vt 0.741496 0.962502
vt 0.968958 0.361434
vt 0.969164 0.363291
vt 0.968958 0.363294
vt 0.969219 0.361514
vt 0.741959 0.964284
vt 0.741964 0.962488
vt 0.971082 0.932391
vt 0.970805 0.932387
vt 0.970948 0.930628
vt 0.968669 0.167913
vt 0.968400 0.167911
vt 0.968543 0.166117
vt 0.851968 0.965020
vt 0.851750 0.963316
vt 0.852156 0.963302
vt 0.531271 0.966336
vt 0.531055 0.964606
vt 0.531444 0.964614
vt 0.958067 0.522945
vt 0.984308 0.198642
vt 0.984190 0.611509
vt 0.968750 0.193657
vt 0.969293 0.347676
vt 0.969563 0.347679
vt 0.969263 0.349155
vt 0.984610 0.463105
vt 0.970584 0.631504
vt 0.970674 0.631438
vt 0.970877 0.632932
vt 0.956952 0.524104
vt 0.968979 0.235177
vt 0.968716 0.235194
vt 0.968845 0.233401
vt 0.969599 0.006855
vt 0.969321 0.006852
vt 0.969475 0.005077
vt 0.128740 0.963825
vt 0.128970 0.965527
vt 0.128569 0.965542
vt 0.391217 0.964035
vt 0.391423 0.965767
vt 0.391030 0.965756
vt 0.142220 0.943309
vt 0.142091 0.945306
vt 0.139819 0.945179
vt 0.548919 0.235057
vt 0.546120 0.231625
vt 0.547075 0.229055
vt 0.139966 0.943279
vt 0.949980 0.893926
vt 0.949982 0.891228
vt 0.952234 0.891341
vt 0.549558 0.227955
vt 0.952233 0.894068
vt 0.552087 0.228992
vt 0.553136 0.231553
vt 0.918135 0.949559
vt 0.918195 0.946829
vt 0.920458 0.946970
vt 0.920429 0.949682
vt 0.918200 0.951441
vt 0.551627 0.234355
vt 0.920519 0.951450
vt 0.831722 0.125365
vt 0.829624 0.125137
vt 0.827815 0.123383
vt 0.827649 0.120650
vt 0.829433 0.118604
vt 0.949983 0.895885
vt 0.952235 0.895885
vt 0.832129 0.118505
vt 0.834107 0.120413
vt 0.833867 0.123612
vt 0.139902 0.948053
vt 0.777837 0.947818
vt 0.775512 0.949204
vt 0.775516 0.947072
vt 0.777833 0.950653
vt 0.775518 0.951215
vt 0.777801 0.946614
vt 0.142169 0.947835
vt 0.547106 0.234006
vt 0.674907 0.935421
vt 0.673741 0.939597
vt 0.671796 0.938381
vt 0.671529 0.936665
vt 0.672558 0.935370
vt 0.675686 0.938431
vt 0.675939 0.936715
vt 0.116051 0.926622
vt 0.114814 0.930824
vt 0.113737 0.929446
vt 0.118211 0.928842
vt 0.117101 0.930862
vt 0.117583 0.927214
vt 0.113980 0.927809
vt 0.984245 0.261972
vt 0.984539 0.262015
vt 0.214114 0.964272
vt 0.213879 0.964245
vt 0.213988 0.962438
vt 0.051152 0.963034
vt 0.969130 0.565296
vt 0.969191 0.563514
vt 0.984448 0.558724
vt 0.984295 0.558986
vt 0.984163 0.558728
vt 0.984162 0.526183
vt 0.984418 0.526174
vt 0.968658 0.333138
vt 0.968911 0.332998
vt 0.968911 0.334886
vt 0.728968 0.965250
vt 0.970842 0.621173
vt 0.970577 0.621173
vt 0.970594 0.619391
vt 0.970842 0.619391
vt 0.213669 0.964250
vt 0.213670 0.962462
vt 0.213858 0.964320
vt 0.984615 0.558978
vt 0.984606 0.558989
vt 0.984540 0.559003
vt 0.984592 0.526597
vt 0.464008 0.962081
vt 0.429602 0.962851
vt 0.430072 0.964628
vt 0.984595 0.526308
vt 0.463748 0.962197
vt 0.430064 0.962846
vt 0.841419 0.965020
vt 0.841201 0.963316
vt 0.841607 0.963302
vt 0.968604 0.508115
vt 0.968334 0.508112
vt 0.968478 0.506319
vt 0.618545 0.966386
vt 0.618328 0.964656
vt 0.618718 0.964664
vt 0.971038 0.102829
vt 0.970760 0.102824
vt 0.970904 0.101065
vt 0.830324 0.967880
vt 0.830593 0.967883
vt 0.830293 0.969359
vt 0.050684 0.964804
vt 0.959206 0.252997
vt 0.959486 0.254425
vt 0.463749 0.963965
vt 0.968705 0.334909
vt 0.984600 0.663902
vt 0.984444 0.664218
vt 0.984282 0.663928
vt 0.968928 0.786896
vt 0.968665 0.786913
vt 0.968794 0.785121
vt 0.114020 0.969851
vt 0.113743 0.969848
vt 0.113897 0.968073
vt 0.671789 0.964035
vt 0.671995 0.965767
vt 0.671602 0.965756
vt 0.101876 0.964058
vt 0.102106 0.965759
vt 0.101704 0.965774
vt 0.659940 0.947428
vt 0.660019 0.949958
vt 0.657751 0.950176
vt 0.657669 0.947302
vt 0.531814 0.235057
vt 0.530001 0.234006
vt 0.529016 0.231625
vt 0.529971 0.229055
vt 0.660069 0.945432
vt 0.949743 0.055871
vt 0.951997 0.053287
vt 0.951996 0.056013
vt 0.949744 0.053174
vt 0.532453 0.227955
vt 0.534982 0.228992
vt 0.536031 0.231553
vt 0.534522 0.234355
vt 0.952028 0.646228
vt 0.949703 0.647614
vt 0.949707 0.645482
vt 0.952024 0.649063
vt 0.951992 0.645025
vt 0.895289 0.949733
vt 0.895349 0.947003
vt 0.897612 0.947144
vt 0.897583 0.949856
vt 0.895353 0.951615
vt 0.897673 0.951624
vt 0.882394 0.381991
vt 0.880105 0.375230
vt 0.882801 0.375131
vt 0.880296 0.381763
vt 0.878487 0.380009
vt 0.884779 0.377039
vt 0.878321 0.377276
vt 0.949710 0.649625
vt 0.884539 0.380238
vt 0.657815 0.945402
vt 0.949745 0.057831
vt 0.951998 0.057831
vt 0.266082 0.932498
vt 0.265033 0.931209
vt 0.265305 0.929499
vt 0.269509 0.931229
vt 0.268460 0.932530
vt 0.267268 0.928314
vt 0.269238 0.929510
vt 0.931407 0.122511
vt 0.929891 0.121981
vt 0.929237 0.120373
vt 0.932543 0.118303
vt 0.933656 0.119631
vt 0.933441 0.121317
vt 0.930274 0.118321
vt 0.971457 0.280729
vt 0.971192 0.280729
vt 0.971209 0.278949
vt 0.971457 0.278949
vt 0.695403 0.984108
vt 0.695557 0.984497
vt 0.967789 0.716001
vt 0.695247 0.984441
vt 0.177301 0.957910
vt 0.968485 0.119835
vt 0.968314 0.119802
vt 0.968433 0.118002
vt 0.177508 0.955990
vt 0.984559 0.473447
vt 0.984361 0.473723
vt 0.984163 0.187515
vt 0.984245 0.187230
vt 0.968702 0.203833
vt 0.968957 0.203736
vt 0.968957 0.205616
vt 0.358480 0.962729
vt 0.968948 0.442637
vt 0.969154 0.444494
vt 0.968948 0.444497
vt 0.969209 0.442717
vt 0.971544 0.034807
vt 0.971606 0.033026
vt 0.358943 0.964512
vt 0.358948 0.962715
vt 0.971038 0.090952
vt 0.970760 0.090948
vt 0.970903 0.089188
vt 0.968615 0.480125
vt 0.968345 0.480122
vt 0.968489 0.478329
vt 0.152685 0.965458
vt 0.152467 0.963754
vt 0.152873 0.963740
vt 0.063233 0.966445
vt 0.063017 0.964715
vt 0.063406 0.964722
vt 0.968750 0.205604
vt 0.984308 0.187888
vt 0.969293 0.520988
vt 0.969562 0.520991
vt 0.969262 0.522468
vt 0.176967 0.957947
vt 0.984190 0.622037
vt 0.984610 0.473662
vt 0.188028 0.969558
vt 0.188118 0.969492
vt 0.188321 0.970987
vt 0.175852 0.959106
vt 0.968928 0.774963
vt 0.968665 0.774980
vt 0.968794 0.773188
vt 0.091327 0.964058
vt 0.091556 0.965759
vt 0.091155 0.965774
vt 0.965724 0.961327
vt 0.965930 0.963059
vt 0.965537 0.963049
vt 0.969705 0.551022
vt 0.969428 0.551019
vt 0.969582 0.549245
vt 0.878112 0.522934
vt 0.878774 0.522932
vt 0.878773 0.524772
vt 0.946825 0.019385
vt 0.944990 0.022713
vt 0.944992 0.019384
vt 0.946823 0.022714
vt 0.959556 0.590872
vt 0.958876 0.594169
vt 0.958876 0.590872
vt 0.878112 0.524774
vt 0.188702 0.955990
vt 0.188021 0.959287
vt 0.188021 0.955990
vt 0.188702 0.959287
vt 0.951521 0.848635
vt 0.949687 0.851940
vt 0.949688 0.848636
vt 0.951519 0.851939
vt 0.164304 0.961353
vt 0.164960 0.961351
vt 0.164959 0.963191
vt 0.959556 0.594169
vt 0.164304 0.963193
vt 0.960061 0.150583
vt 0.960061 0.153644
vt 0.959382 0.153644
vt 0.951650 0.819818
vt 0.951649 0.822914
vt 0.949701 0.822913
vt 0.949702 0.819817
vt 0.962102 0.804568
vt 0.962757 0.806522
vt 0.962102 0.806524
vt 0.962066 0.064287
vt 0.962728 0.064284
vt 0.962727 0.066240
vt 0.959382 0.150583
vt 0.962066 0.066242
vt 0.960061 0.137456
vt 0.959382 0.140516
vt 0.959382 0.137456
vt 0.960061 0.140517
vt 0.958644 0.493035
vt 0.956696 0.496109
vt 0.956697 0.493037
vt 0.958643 0.496107
vt 0.962758 0.804566
vt 0.946765 0.410991
vt 0.944931 0.414320
vt 0.944933 0.410990
vt 0.957849 0.265269
vt 0.957849 0.268567
vt 0.957168 0.268567
vt 0.946763 0.414321
vt 0.962304 0.890741
vt 0.962959 0.892578
vt 0.962304 0.892580
vt 0.959575 0.396640
vt 0.958894 0.399938
vt 0.958894 0.396640
vt 0.959575 0.399938
vt 0.962112 0.645050
vt 0.962774 0.645047
vt 0.962773 0.646887
vt 0.962113 0.646889
vt 0.947075 0.265308
vt 0.947074 0.268611
vt 0.945241 0.268613
vt 0.957168 0.265269
vt 0.945243 0.265309
vt 0.962960 0.890738
vt 0.951663 0.660300
vt 0.949715 0.663395
vt 0.949716 0.660299
vt 0.809337 0.957132
vt 0.808658 0.960193
vt 0.808658 0.957132
vt 0.951662 0.663396
vt 0.962066 0.076359
vt 0.962728 0.076357
vt 0.962727 0.078312
vt 0.962089 0.833386
vt 0.962744 0.835339
vt 0.962090 0.835341
vt 0.960061 0.299586
vt 0.960061 0.302647
vt 0.959382 0.302647
vt 0.958835 0.410990
vt 0.956886 0.414064
vt 0.956887 0.410991
vt 0.958834 0.414062
vt 0.962745 0.833384
vt 0.809337 0.960193
vt 0.959382 0.299586
vt 0.962066 0.078315
vt 0.918107 0.755567
vt 0.916744 0.762526
vt 0.916747 0.755564
vt 0.918104 0.762528
vt 0.142234 0.926257
vt 0.140871 0.933164
vt 0.140874 0.926256
vt 0.142231 0.933166
vt 0.958810 0.605223
vt 0.957355 0.608877
vt 0.957369 0.605200
vt 0.958795 0.608901
vt 0.052151 0.949199
vt 0.052137 0.952905
vt 0.050697 0.952879
vt 0.050711 0.949173
vt 0.950999 0.033027
vt 0.951094 0.040768
vt 0.950871 0.040764
vt 0.403685 0.946161
vt 0.403557 0.953840
vt 0.403461 0.946156
vt 0.164467 0.943487
vt 0.164562 0.951228
vt 0.164339 0.951224
vt 0.954156 0.943518
vt 0.954028 0.951197
vt 0.953933 0.943514
vt 0.429766 0.944957
vt 0.429862 0.952698
vt 0.429638 0.952695
vt 0.063286 0.946882
vt 0.063158 0.954561
vt 0.063062 0.946878
vt 0.863410 0.089143
vt 0.861737 0.126184
vt 0.861747 0.089143
vt 0.591157 0.656148
vt 0.591157 0.614919
vt 0.628790 0.614912
vt 0.863416 0.126185
vt 0.856195 0.333004
vt 0.856179 0.373717
vt 0.854482 0.373717
vt 0.628790 0.656142
vt 0.854479 0.333004
vt 0.393049 0.667087
vt 0.393049 0.625857
vt 0.430681 0.625850
vt 0.868029 0.332998
vt 0.868012 0.369707
vt 0.866333 0.369705
vt 0.430681 0.667080
vt 0.866366 0.332998
vt 0.465538 0.638853
vt 0.463825 0.679879
vt 0.463823 0.638852
vt 0.465522 0.679880
vt 0.360837 0.952548
vt 0.358517 0.952558
vt 0.358521 0.948381
vt 0.360821 0.948382
vt 0.267046 0.947576
vt 0.265035 0.946417
vt 0.265031 0.944117
vt 0.864737 0.949148
vt 0.863053 0.949134
vt 0.863044 0.944994
vt 0.864755 0.945000
vt 0.115763 0.941277
vt 0.115729 0.945917
vt 0.113738 0.944761
vt 0.866966 0.949117
vt 0.866966 0.944997
vt 0.117761 0.944757
vt 0.113739 0.942458
vt 0.946649 0.539095
vt 0.944885 0.534949
vt 0.946665 0.534918
vt 0.944899 0.539095
vt 0.957407 0.694411
vt 0.955121 0.690257
vt 0.957401 0.690270
vt 0.117760 0.942418
vt 0.955093 0.694405
vt 0.269054 0.944109
vt 0.269054 0.946413
vt 0.267038 0.942955
vt 0.948835 0.539104
vt 0.948846 0.534927
vt 0.947086 0.141667
vt 0.945402 0.141653
vt 0.945393 0.137513
vt 0.944136 0.792538
vt 0.942125 0.791380
vt 0.942121 0.789080
vt 0.007391 0.952118
vt 0.005070 0.952128
vt 0.005075 0.947951
vt 0.007374 0.947952
vt 0.944128 0.787918
vt 0.949315 0.141636
vt 0.947104 0.137519
vt 0.949315 0.137516
vt 0.946144 0.789072
vt 0.821972 0.957750
vt 0.819658 0.957745
vt 0.819686 0.953597
vt 0.946144 0.791376
vt 0.948835 0.553417
vt 0.946665 0.549231
vt 0.948846 0.549240
vt 0.946649 0.553408
vt 0.944899 0.553407
vt 0.944885 0.549263
vt 0.821966 0.953609
vt 0.177600 0.941264
vt 0.179598 0.942403
vt 0.179601 0.944743
vt 0.177611 0.945904
vt 0.175578 0.944751
vt 0.175577 0.942447
vt 0.946107 0.352341
vt 0.944092 0.348883
vt 0.946099 0.347721
vt 0.944096 0.351183
vt 0.595106 0.947856
vt 0.592920 0.947847
vt 0.592936 0.943669
vt 0.948115 0.348875
vt 0.948116 0.351179
vt 0.673887 0.953900
vt 0.671566 0.953909
vt 0.671570 0.949732
vt 0.595117 0.943678
vt 0.303859 0.948809
vt 0.301630 0.948840
vt 0.301648 0.944692
vt 0.299946 0.948827
vt 0.299937 0.944686
vt 0.303859 0.944690
vt 0.943008 0.704995
vt 0.945006 0.708475
vt 0.943015 0.709635
vt 0.958546 0.777339
vt 0.956231 0.777333
vt 0.956260 0.773185
vt 0.958540 0.773198
vt 0.945005 0.706135
vt 0.591156 0.943701
vt 0.940983 0.708480
vt 0.940984 0.706176
vt 0.673870 0.949733
vt 0.591170 0.947847
vt 0.743854 0.952321
vt 0.741533 0.952331
vt 0.741537 0.948154
vt 0.743837 0.948155
vt 0.945755 0.122599
vt 0.943744 0.121441
vt 0.943740 0.119141
vt 0.947086 0.155979
vt 0.945402 0.155966
vt 0.945393 0.151825
vt 0.947764 0.119133
vt 0.947764 0.121437
vt 0.945748 0.117979
vt 0.025042 0.948808
vt 0.022871 0.944621
vt 0.025052 0.944630
vt 0.022855 0.948798
vt 0.021106 0.948798
vt 0.021091 0.944653
vt 0.958596 0.239936
vt 0.956310 0.235783
vt 0.958590 0.235795
vt 0.956282 0.239930
vt 0.416878 0.941464
vt 0.418880 0.944943
vt 0.416848 0.946104
vt 0.418877 0.942603
vt 0.949315 0.155948
vt 0.947104 0.151831
vt 0.949315 0.151829
vt 0.414856 0.944951
vt 0.414856 0.942647
vt 0.951315 0.322106
vt 0.948994 0.322116
vt 0.948998 0.317939
vt 0.951298 0.317939
vt 0.945778 0.482931
vt 0.943767 0.481772
vt 0.943763 0.479472
vt 0.373651 0.948955
vt 0.371967 0.948942
vt 0.371958 0.944801
vt 0.945770 0.478311
vt 0.947786 0.479464
vt 0.958285 0.170268
vt 0.955970 0.170262
vt 0.955999 0.166114
vt 0.375881 0.948924
vt 0.373669 0.944807
vt 0.375881 0.944804
vt 0.558553 0.948777
vt 0.556367 0.948768
vt 0.556382 0.944591
vt 0.947787 0.481768
vt 0.558564 0.944600
vt 0.554602 0.944622
vt 0.554617 0.948768
vt 0.944143 0.773174
vt 0.946144 0.776653
vt 0.944154 0.777815
vt 0.958279 0.166127
vt 0.946141 0.774313
vt 0.942121 0.776661
vt 0.942121 0.774357
vt 0.645327 0.948993
vt 0.643097 0.949024
vt 0.643115 0.944876
vt 0.641404 0.944870
vt 0.945765 0.510921
vt 0.943754 0.509763
vt 0.943751 0.507462
vt 0.641413 0.949010
vt 0.945757 0.506301
vt 0.943285 0.754722
vt 0.945286 0.758200
vt 0.943255 0.759362
vt 0.945283 0.755860
vt 0.493511 0.948508
vt 0.491340 0.944321
vt 0.493522 0.944330
vt 0.941263 0.758208
vt 0.941262 0.755904
vt 0.491324 0.948499
vt 0.489560 0.944353
vt 0.645327 0.944873
vt 0.453654 0.952089
vt 0.451338 0.947922
vt 0.453637 0.947923
vt 0.489575 0.948498
vt 0.885046 0.954363
vt 0.882760 0.950209
vt 0.885040 0.950222
vt 0.947773 0.507454
vt 0.882732 0.954357
vt 0.947774 0.509758
vt 0.451333 0.952099
vt 0.945909 0.446844
vt 0.944159 0.446844
vt 0.944144 0.442699
vt 0.958604 0.195976
vt 0.956317 0.191823
vt 0.958597 0.191836
vt 0.956289 0.195970
vt 0.946107 0.367047
vt 0.948115 0.363580
vt 0.948116 0.365884
vt 0.946099 0.362427
vt 0.949137 0.255137
vt 0.946926 0.251020
vt 0.949137 0.251018
vt 0.943005 0.690247
vt 0.945006 0.693725
vt 0.943016 0.694887
vt 0.940983 0.693733
vt 0.946908 0.255168
vt 0.945215 0.251014
vt 0.945924 0.442667
vt 0.945003 0.691386
vt 0.948095 0.446853
vt 0.940982 0.691429
vt 0.948105 0.442676
vt 0.944092 0.363588
vt 0.944096 0.365889
vt 0.945224 0.255154
vt 0.093431 0.953894
vt 0.091115 0.949726
vt 0.093414 0.949727
vt 0.091111 0.953903
vt 0.318409 0.948911
vt 0.316180 0.948943
vt 0.316198 0.944794
vt 0.314487 0.944788
vt 0.698624 0.946319
vt 0.696613 0.945161
vt 0.696609 0.942861
vt 0.314496 0.948929
vt 0.698616 0.941700
vt 0.700632 0.942853
vt 0.700633 0.945157
vt 0.765308 0.948773
vt 0.763137 0.944586
vt 0.765319 0.944595
vt 0.763121 0.948764
vt 0.843558 0.953166
vt 0.841238 0.953176
vt 0.841242 0.948999
vt 0.761372 0.948764
vt 0.761357 0.944618
vt 0.958546 0.791655
vt 0.956260 0.787502
vt 0.958540 0.787515
vt 0.956231 0.791649
vt 0.938766 0.033049
vt 0.940768 0.036527
vt 0.938736 0.037689
vt 0.940765 0.034187
vt 0.936744 0.036535
vt 0.936744 0.034231
vt 0.318409 0.944792
vt 0.843541 0.949000
vt 0.946107 0.337636
vt 0.944092 0.334178
vt 0.946099 0.333016
vt 0.944096 0.336478
vt 0.077971 0.948588
vt 0.075784 0.948579
vt 0.075800 0.944402
vt 0.948115 0.334170
vt 0.948116 0.336473
vt 0.573351 0.951826
vt 0.571030 0.951836
vt 0.571034 0.947659
vt 0.077981 0.944411
vt 0.074020 0.944434
vt 0.074035 0.948579
vt 0.573334 0.947660
vt 0.316509 0.930006
vt 0.314487 0.933492
vt 0.314487 0.931188
vt 0.957407 0.708727
vt 0.955121 0.704574
vt 0.957401 0.704587
vt 0.318507 0.931144
vt 0.318510 0.933484
vt 0.955093 0.708722
vt 0.948807 0.567694
vt 0.946578 0.567726
vt 0.946596 0.563577
vt 0.948807 0.563575
vt 0.944894 0.567712
vt 0.944885 0.563571
vt 0.316520 0.934646
vt 0.216027 0.952294
vt 0.213706 0.952305
vt 0.213711 0.948128
vt 0.216010 0.948128
vt 0.715294 0.946967
vt 0.713283 0.945809
vt 0.713279 0.943508
vt 0.946579 0.595083
vt 0.944895 0.595070
vt 0.944886 0.590929
vt 0.717302 0.943500
vt 0.717303 0.945804
vt 0.038152 0.948443
vt 0.036402 0.948442
vt 0.036388 0.944297
vt 0.715286 0.942347
vt 0.957687 0.758886
vt 0.955401 0.754732
vt 0.957681 0.754745
vt 0.955373 0.758880
vt 0.938423 0.278972
vt 0.940424 0.282451
vt 0.938393 0.283612
vt 0.940421 0.280111
vt 0.040338 0.948452
vt 0.038168 0.944265
vt 0.040349 0.944274
vt 0.936401 0.282459
vt 0.936400 0.280155
vt 0.948809 0.595052
vt 0.946597 0.590935
vt 0.948809 0.590933
vt 0.281785 0.947924
vt 0.279770 0.944465
vt 0.281777 0.943304
vt 0.279774 0.946766
vt 0.948095 0.461166
vt 0.945909 0.461157
vt 0.945924 0.456980
vt 0.283793 0.944457
vt 0.283794 0.946761
vt 0.393315 0.953899
vt 0.390995 0.953909
vt 0.390999 0.949732
vt 0.948105 0.456989
vt 0.948827 0.400820
vt 0.946598 0.400852
vt 0.946616 0.396703
vt 0.944914 0.400838
vt 0.944905 0.396697
vt 0.944144 0.457012
vt 0.938719 0.424656
vt 0.940720 0.428134
vt 0.938730 0.429296
vt 0.940717 0.425794
vt 0.936697 0.428142
vt 0.936697 0.425838
vt 0.948827 0.396701
vt 0.958604 0.210293
vt 0.956289 0.210287
vt 0.956317 0.206139
vt 0.958597 0.206152
vt 0.393298 0.949733
vt 0.944159 0.461157
vt 0.201114 0.947052
vt 0.203122 0.943585
vt 0.203123 0.945889
vt 0.201106 0.942431
vt 0.347093 0.948317
vt 0.344923 0.944130
vt 0.347104 0.944139
vt 0.344907 0.948308
vt 0.199099 0.943593
vt 0.199103 0.945893
vt 0.253311 0.953529
vt 0.250991 0.953539
vt 0.250995 0.949362
vt 0.343157 0.948307
vt 0.343143 0.944162
vt 0.958596 0.225619
vt 0.956310 0.221466
vt 0.958590 0.221478
vt 0.956282 0.225614
vt 0.821663 0.938838
vt 0.823662 0.942318
vt 0.821629 0.943478
vt 0.823661 0.939978
vt 0.819638 0.942322
vt 0.819640 0.940019
vt 0.948887 0.009214
vt 0.946675 0.005097
vt 0.948887 0.005094
vt 0.946657 0.009245
vt 0.944964 0.005090
vt 0.944973 0.009231
vt 0.253294 0.949363
vt 0.250967 0.899510
vt 0.254941 0.913580
vt 0.250964 0.913570
vt 0.414865 0.889278
vt 0.419512 0.889276
vt 0.419514 0.903335
vt 0.944092 0.381718
vt 0.948121 0.377114
vt 0.948121 0.381718
vt 0.944092 0.377114
vt 0.254946 0.899520
vt 0.939785 0.948118
vt 0.943813 0.943514
vt 0.943813 0.948118
vt 0.414869 0.903337
vt 0.213682 0.898278
vt 0.217697 0.898286
vt 0.217692 0.912346
vt 0.213680 0.912338
vt 0.713288 0.890160
vt 0.717901 0.890164
vt 0.717903 0.904222
vt 0.713293 0.904218
vt 0.939785 0.943514
vt 0.328757 0.951730
vt 0.331616 0.947327
vt 0.331617 0.951723
vt 0.479331 0.944744
vt 0.479323 0.949078
vt 0.476202 0.949077
vt 0.943763 0.493051
vt 0.946571 0.493029
vt 0.946564 0.496150
vt 0.476189 0.944753
vt 0.948556 0.673844
vt 0.945427 0.678205
vt 0.945414 0.673848
vt 0.948548 0.678209
vt 0.943750 0.521042
vt 0.946581 0.521019
vt 0.946574 0.524141
vt 0.328755 0.947334
vt 0.943763 0.496125
vt 0.517771 0.951695
vt 0.520630 0.947293
vt 0.520631 0.951688
vt 0.517770 0.947300
vt 0.943750 0.524116
vt 0.477235 0.959225
vt 0.864108 0.959282
vt 0.959346 0.551008
vt 0.959347 0.551084
vt 0.959355 0.551084
vt 0.959297 0.550986
vt 0.946319 0.607009
vt 0.994770 0.172938
vt 0.994795 0.172974
vt 0.994739 0.172938
vt 0.994719 0.172963
vt 0.994735 0.172912
vt 0.958221 0.522802
vt 0.984603 0.262183
vt 0.984590 0.261998
vt 0.984586 0.261978
vt 0.984566 0.261951
vt 0.984551 0.262018
vt 0.959632 0.252764
vt 0.959632 0.252840
vt 0.959640 0.252840
vt 0.959582 0.252742
vt 0.994770 0.162627
vt 0.994795 0.162663
vt 0.994739 0.162627
vt 0.994719 0.162653
vt 0.994735 0.162602
vt 0.177121 0.957804
vt 0.994719 0.026111
vt 0.543163 0.962307
vt 0.762117 0.005034
vt 0.232309 0.962343
vt 0.984362 0.410363
vt 0.946600 0.607158
vt 0.984537 0.272914
vt 0.984170 0.272869
vt 0.984373 0.272600
vt 0.984545 0.262311
vt 0.994719 0.214179
vt 0.994719 0.036811
vt 0.751744 0.396644
vt 0.751870 0.534891
vt 0.014436 0.657765
vt 0.301408 0.959440
vt 0.657666 0.181075
vt 0.315958 0.959542
vt 0.451485 0.964099
vt 0.984163 0.569176
vt 0.958835 0.524564
vt 0.970981 0.631300
vt 0.971025 0.631366
vt 0.213858 0.964304
vt 0.177735 0.959566
vt 0.188425 0.969354
vt 0.188469 0.969421
vt 0.820113 0.807822
vt 0.382874 0.766226
vt 0.798815 0.835108
vt 0.382874 0.824071
vt 0.994760 0.048129
vt 0.994760 0.058815
vt 0.984534 0.304653
vt 0.984170 0.304607
vt 0.984367 0.304331
vt 0.994775 0.141952
vt 0.984534 0.294074
vt 0.984170 0.294028
vt 0.984367 0.293751
vt 0.994775 0.131445
vt 0.440567 0.962699
vt 0.706281 0.984155
vt 0.429730 0.962832
vt 0.695723 0.984155
vt 0.464887 0.560862
vt 0.625227 0.072555
vt 0.752328 0.396699
vt 0.476553 0.960808
vt 0.329928 0.680452
vt 0.752455 0.534946
vt 0.751852 0.137555
vt 0.863426 0.960865
vt 0.669429 0.386485
vt 0.878656 0.333005
vt 0.300322 0.960549
vt 0.314872 0.960651
vt 0.605507 0.960523
vt 0.005573 0.845588
vt 0.984589 0.409929
vt 0.984573 0.579647
vt 0.984171 0.580033
vt 0.705812 0.984456
vt 0.175590 0.971538
vt 0.984303 0.198006
vt 0.741740 0.962429
vt 0.984611 0.463175
vt 0.050928 0.962987
vt 0.984198 0.526171
vt 0.970590 0.621233
vt 0.984618 0.526556
vt 0.971205 0.280789
vt 0.695255 0.984456
vt 0.984303 0.187251
vt 0.358724 0.962656
vt 0.984611 0.473732
s 1
usemtl rural_house_002_baked
f 2/1/1 3/2/1 4/3/1
f 2/1/1 4/3/1 5/4/1
f 7/5/2 6/6/2 8/7/2
f 7/5/2 8/7/2 9/8/2
f 10/9/3 11/10/3 12/11/3
f 10/9/3 12/11/3 13/12/3
f 14/13/4 15/14/4 16/15/4
f 14/13/4 16/15/4 17/16/4
f 94/17/5 96/18/5 97/19/5
f 105/20/6 106/21/6 103/22/6
f 112/23/7 114/24/7 116/25/7
f 140/26/8 141/27/8 138/28/8
f 780/29/9 781/30/9 782/31/9
f 805/32/10 806/33/10 802/34/10
f 818/35/11 819/36/11 815/37/11
f 824/38/12 825/39/12 826/40/12
f 1025/41/13 1018/42/13 1022/43/13
f 1038/44/14 1039/45/14 1035/46/14
f 1085/47/15 1086/48/15 1084/49/15
f 1111/50/16 1080/51/16 1107/52/16
f 1150/53/17 1152/54/17 1153/55/17
f 1166/56/18 1159/57/18 1163/58/18
f 1217/59/19 1218/60/19 1216/61/19
f 1245/62/20 1215/63/20 1240/64/20
f 109/65/21 111/66/22 110/67/23
f 1116/68/24 1114/69/25 1115/70/26
f 1243/71/27 1248/72/25 1249/73/28
f 794/74/29 799/75/30 795/76/31
f 792/77/32 793/78/33 791/79/34
f 117/80/35 119/81/36 118/82/37
f 86/83/38 103/84/38 102/85/38
f 93/86/39 87/87/40 98/88/41
f 126/89/38 138/90/38 137/91/38
f 111/92/39 135/93/40 129/94/42
f 776/95/43 786/96/44 777/97/45
f 773/98/46 774/99/47 775/100/48
f 829/101/49 820/102/44 821/103/45
f 809/104/50 810/105/47 811/106/51
f 1015/107/52 1017/108/52 1025/109/52
f 1039/45/53 1041/110/53 1033/111/53
f 1043/112/54 1020/113/54 1019/114/54
f 1079/115/55 1085/116/55 1084/117/55
f 1096/118/56 1080/119/56 1112/120/56
f 1099/121/57 1098/122/58 1100/123/59
f 1089/124/60 1115/125/60 1084/126/60
f 1145/127/61 1158/128/61 1166/129/61
f 1171/130/62 1151/131/62 1150/132/62
f 1175/133/63 1161/134/63 1160/135/63
f 1177/136/64 1179/137/65 1178/138/66
f 1209/139/55 1217/140/55 1216/141/55
f 1231/142/67 1215/143/67 1246/144/67
f 1233/145/68 1236/146/58 1234/147/59
f 1221/148/60 1249/149/60 1216/150/60
f 77/151/69 93/152/22 76/153/23
f 96/154/70 79/155/70 78/156/70
f 88/157/71 84/158/71 85/159/71
f 114/160/70 122/161/70 121/162/70
f 127/163/72 124/164/73 125/165/72
f 787/166/74 783/167/75 788/168/76
f 777/169/77 793/78/77 778/170/77
f 794/171/29 793/172/78 798/173/79
f 827/174/80 813/175/81 828/176/82
f 821/177/83 833/178/83 822/179/83
f 837/180/29 833/181/84 834/182/79
f 1042/183/85 1020/184/86 1030/185/85
f 1040/186/87 1031/187/88 1041/188/89
f 1018/189/90 1046/190/90 1019/191/90
f 1086/192/91 1083/193/91 1087/194/91
f 1110/195/92 1098/196/92 1111/50/92
f 1159/197/93 1179/198/93 1160/199/93
f 1218/200/94 1224/201/94 1219/202/94
f 1244/203/95 1236/204/95 1245/62/95
f 82/205/96 94/206/96 81/207/96
f 118/208/97 112/209/97 117/210/97
f 784/211/98 802/212/98 801/213/98
f 830/214/99 815/215/99 814/216/99
f 837/217/29 839/218/100 835/219/31
f 832/220/32 833/178/33 831/221/101
f 1103/222/102 1084/223/103 1105/224/104
f 1176/225/105 1175/133/106 1145/226/107
f 1230/227/108 1216/228/109 1229/229/110
f 106/21/111 101/230/111 102/231/111
f 141/27/112 136/232/112 137/233/112
f 774/234/113 781/235/113 775/236/113
f 804/237/114 789/238/115 772/239/116
f 810/240/117 825/241/117 811/242/117
f 817/243/114 808/244/115 807/245/116
f 1012/246/118 1024/247/118 1023/248/118
f 1031/249/119 1038/44/119 1037/250/119
f 1034/251/120 1047/252/120 1035/46/120
f 1081/253/121 1078/254/122 1079/255/123
f 1107/52/124 1082/256/124 1108/257/124
f 1099/258/125 1091/259/125 1090/260/125
f 1113/261/126 1088/262/126 1087/263/127
f 1156/264/128 1165/265/128 1164/266/128
f 1172/267/129 1149/268/130 1148/269/131
f 1177/136/132 1153/270/132 1152/271/132
f 1213/272/133 1210/273/134 1209/274/135
f 1240/64/136 1214/275/137 1241/276/137
f 1233/277/125 1223/278/125 1222/279/125
f 1247/280/138 1220/281/138 1219/282/138
f 83/283/139 104/284/140 103/22/141
f 119/285/36 139/286/142 138/28/143
f 788/287/144 780/288/144 787/289/144
f 791/290/145 804/237/145 792/291/145
f 790/292/146 779/293/147 778/170/148
f 828/294/149 824/295/149 827/296/149
f 831/297/150 817/243/150 832/298/150
f 838/299/146 823/300/151 822/179/152
f 1040/186/153 1023/248/153 1022/43/153
f 1045/301/154 1034/251/154 1033/111/154
f 1091/302/155 1102/303/155 1084/304/155
f 1171/305/156 1164/266/156 1163/58/156
f 1223/306/157 1237/307/158 1216/308/159
f 90/309/160 92/310/161 96/311/162
f 107/312/163 106/21/164 105/20/165
f 130/313/160 115/314/161 114/315/162
f 133/316/166 141/27/164 140/26/167
f 806/33/168 800/317/168 801/318/168
f 819/36/169 840/319/169 814/320/169
f 1036/321/170 1013/322/171 1015/323/172
f 1021/324/173 1032/325/174 1022/326/175
f 1104/327/176 1111/328/176 1103/222/176
f 1097/329/177 1098/330/178 1102/331/179
f 1109/332/180 1114/333/25 1116/334/24
f 1147/335/181 1157/336/181 1148/337/181
f 1162/338/182 1173/339/183 1163/340/184
f 1238/341/185 1245/342/186 1230/227/187
f 1232/343/177 1236/344/188 1237/345/189
f 1242/346/180 1248/347/25 1243/348/27
f 783/349/75 803/350/190 802/212/191
f 813/351/81 816/352/192 815/215/193
f 779/353/194 799/75/194 780/354/194
f 805/32/195 797/355/196 806/33/197
f 823/356/198 839/218/198 824/357/198
f 818/35/195 841/358/196 819/36/197
f 1103/359/102 1101/360/199 1104/361/200
f 1230/362/108 1235/363/201 1238/364/202
f 21/365/203 18/366/204 22/367/205
f 18/368/204 21/369/203 25/370/206
f 22/371/205 18/372/204 24/373/207
f 18/368/204 25/370/206 24/374/207
f 19/375/208 24/376/207 25/377/206
f 23/378/209 20/379/210 19/380/208
f 19/375/208 20/381/210 24/376/207
f 21/382/203 23/383/209 19/384/208
f 21/382/203 19/384/208 25/385/206
f 23/378/209 22/386/205 20/379/210
f 22/371/205 24/373/207 20/387/210
f 21/365/203 22/367/205 23/388/209
f 27/389/211 29/390/212 26/391/213
f 26/392/213 28/393/214 27/394/211
f 27/389/211 28/395/214 29/390/212
f 26/392/213 29/396/212 28/393/214
f 33/397/215 30/398/216 37/399/217
f 37/400/217 30/401/216 35/402/218
f 33/397/215 36/403/219 30/398/216
f 36/404/219 35/405/218 30/406/216
f 37/400/217 35/402/218 31/407/220
f 34/408/221 32/409/222 31/410/220
f 34/408/221 31/410/220 35/411/218
f 32/412/222 37/413/217 31/414/220
f 32/415/222 36/416/219 33/417/215
f 32/415/222 34/418/221 36/416/219
f 32/412/222 33/419/215 37/413/217
f 36/404/219 34/420/221 35/405/218
f 40/421/223 44/422/223 38/423/223
f 38/424/224 44/425/225 43/426/226
f 40/427/227 38/428/224 41/429/228
f 38/424/224 43/426/226 41/430/228
f 39/431/229 45/432/230 42/433/231
f 39/431/229 40/434/227 45/432/230
f 44/435/225 39/436/229 42/437/231
f 40/421/223 39/438/223 44/422/223
f 40/427/227 41/429/228 45/439/230
f 41/440/232 43/441/232 42/442/232
f 41/440/232 42/442/232 45/443/232
f 44/435/225 42/437/231 43/444/226
f 46/445/233 51/446/234 47/447/235
f 46/448/233 50/449/236 51/450/234
f 46/448/233 49/451/237 50/449/236
f 48/452/238 47/453/239 51/450/234
f 48/454/238 50/455/236 49/456/240
f 51/450/234 50/449/236 48/452/238
f 52/457/241 57/458/242 53/459/243
f 52/460/241 54/461/244 55/462/245
f 52/460/241 53/463/243 54/461/244
f 57/464/242 52/465/241 55/466/245
f 53/467/243 56/468/246 54/469/244
f 54/470/244 56/471/246 55/472/245
f 57/464/242 55/466/245 56/473/246
f 53/467/243 57/474/242 56/468/246
f 60/475/243 59/476/242 62/477/246
f 58/478/241 59/479/242 60/480/243
f 60/475/243 62/477/246 61/481/244
f 58/482/241 61/483/244 63/484/245
f 58/482/241 60/485/243 61/483/244
f 61/486/244 62/487/246 63/488/245
f 59/489/242 63/490/245 62/491/246
f 59/489/242 58/492/241 63/490/245
f 64/493/247 67/494/248 73/495/249
f 64/493/247 73/495/249 70/496/250
f 67/497/248 64/498/247 65/499/251
f 65/500/251 64/501/247 70/502/250
f 67/497/248 65/499/251 72/503/252
f 72/504/252 65/505/251 69/506/253
f 66/507/254 72/504/252 71/508/255
f 67/497/248 72/503/252 66/509/254
f 67/510/248 68/511/256 73/512/249
f 67/510/248 66/513/254 68/511/256
f 68/514/256 70/515/250 73/516/249
f 66/513/254 71/517/255 68/511/256
f 68/514/256 69/518/253 70/515/250
f 68/514/256 71/519/255 69/518/253
f 65/500/251 70/502/250 69/520/253
f 72/504/252 69/506/253 71/508/255
f 74/521/257 84/522/258 75/523/259
f 74/521/257 78/524/260 80/525/261
f 74/521/257 75/523/259 78/524/260
f 85/159/262 74/526/257 86/527/263
f 75/528/259 84/529/258 83/530/139
f 78/531/260 75/532/259 81/533/264
f 75/528/259 83/530/139 81/534/264
f 76/535/265 94/536/266 82/537/267
f 76/535/265 83/538/268 103/84/269
f 76/535/265 82/537/267 83/538/268
f 74/539/257 77/540/69 76/541/23
f 74/539/257 80/542/261 77/540/69
f 80/543/270 96/154/270 94/206/270
f 80/543/271 79/155/271 96/154/271
f 78/531/272 81/533/272 95/544/272
f 84/158/258 104/284/140 83/283/139
f 86/527/273 104/284/273 85/159/273
f 89/545/274 87/546/40 93/547/39
f 98/88/275 87/87/276 99/548/277
f 89/545/274 101/549/278 87/546/40
f 89/545/274 93/547/39 97/19/279
f 88/550/280 91/551/281 107/552/163
f 88/550/280 89/553/274 91/551/281
f 105/554/282 101/549/282 89/545/282
f 89/545/274 97/19/279 92/555/161
f 105/20/165 88/157/280 107/312/163
f 96/311/283 100/556/284 90/309/160
f 91/557/281 90/558/160 100/559/284
f 91/557/281 99/560/277 107/561/163
f 89/553/274 90/562/160 91/551/281
f 91/557/281 100/559/284 99/560/277
f 89/553/274 92/563/161 90/562/160
f 96/311/285 97/564/285 100/556/285
f 98/88/275 99/548/277 100/565/284
f 87/566/276 107/312/163 99/567/277
f 87/566/276 106/21/164 107/312/163
f 108/568/257 124/569/286 123/570/259
f 108/568/257 121/571/287 120/572/261
f 108/568/257 123/570/259 121/571/287
f 125/165/262 108/573/257 126/574/288
f 120/575/270 114/160/270 112/209/270
f 108/576/257 109/577/21 110/578/23
f 108/576/257 120/579/261 109/577/21
f 120/575/289 122/161/289 114/160/289
f 121/580/290 117/581/290 113/582/290
f 110/583/265 112/584/266 118/585/267
f 114/315/283 134/586/284 130/313/160
f 114/315/291 116/587/291 134/586/291
f 128/588/274 111/589/39 116/25/292
f 128/588/274 116/25/292 115/590/161
f 123/591/259 119/81/36 117/80/35
f 110/583/265 118/585/267 119/592/268
f 121/580/287 123/593/259 117/581/35
f 110/583/265 119/592/268 138/90/269
f 123/591/259 124/594/286 119/81/36
f 124/164/286 139/286/142 119/285/36
f 126/574/273 139/286/273 125/165/273
f 128/588/274 135/595/40 111/589/39
f 127/596/280 131/597/281 133/598/166
f 127/596/280 128/599/274 131/597/281
f 128/588/274 136/600/278 135/595/40
f 140/601/282 136/600/282 128/588/282
f 140/26/167 127/163/280 133/316/166
f 129/94/275 132/602/293 134/603/284
f 129/94/275 135/93/276 132/602/293
f 128/599/274 115/604/161 130/605/160
f 131/606/281 130/607/160 134/608/284
f 131/606/281 132/609/293 133/610/166
f 128/599/274 130/605/160 131/597/281
f 131/606/281 134/608/284 132/609/293
f 135/611/276 133/316/166 132/612/293
f 135/611/276 141/27/164 133/316/166
f 142/613/294 145/614/295 143/615/296
f 144/616/297 143/617/296 146/618/298
f 146/619/298 143/620/296 145/621/295
f 144/622/297 142/623/294 143/624/296
f 144/616/297 146/618/298 145/625/295
f 142/626/294 144/627/297 145/628/295
f 147/629/299 148/630/300 150/631/301
f 152/632/302 147/633/299 149/634/303
f 149/635/303 147/636/299 150/637/301
f 151/638/304 150/639/301 148/640/300
f 149/641/303 150/642/301 151/643/304
f 147/644/299 152/645/302 148/646/300
f 152/647/302 149/641/303 151/643/304
f 152/647/302 151/643/304 148/648/300
f 153/649/294 154/650/305 157/651/295
f 154/652/305 153/653/294 155/654/296
f 154/655/305 155/656/296 156/657/298
f 156/658/298 155/659/296 157/660/295
f 154/655/305 156/657/298 157/661/295
f 153/662/294 157/663/295 155/664/296
f 159/665/302 162/666/299 158/667/303
f 158/668/303 162/669/299 160/670/301
f 159/671/302 163/672/304 161/673/300
f 159/671/302 158/674/303 163/672/304
f 162/675/299 159/676/302 161/677/300
f 162/678/299 161/679/300 160/680/301
f 163/681/304 160/682/301 161/683/300
f 158/674/303 160/684/301 163/672/304
f 164/685/294 165/686/297 166/687/295
f 164/688/294 166/689/295 168/690/296
f 165/691/297 168/692/296 167/693/298
f 165/691/297 167/693/298 166/694/295
f 165/695/297 164/696/294 168/697/296
f 167/698/298 168/699/296 166/700/295
f 169/701/302 173/702/299 170/703/303
f 169/704/302 171/705/304 174/706/300
f 169/704/302 170/707/303 171/705/304
f 173/708/299 169/709/302 174/710/300
f 170/711/303 173/712/299 172/713/301
f 171/714/304 172/715/301 174/716/300
f 170/707/303 172/717/301 171/705/304
f 173/718/299 174/719/300 172/720/301
f 178/721/305 177/722/294 175/723/296
f 179/724/298 175/725/296 176/726/295
f 177/727/294 176/728/295 175/729/296
f 178/730/305 175/731/296 179/732/298
f 177/733/294 178/734/305 176/735/295
f 178/730/305 179/732/298 176/736/295
f 180/737/299 185/738/300 182/739/301
f 181/740/302 180/741/299 184/742/303
f 181/743/302 183/744/304 185/745/300
f 181/743/302 184/746/303 183/744/304
f 180/747/299 181/748/302 185/749/300
f 183/750/304 182/751/301 185/752/300
f 184/746/303 182/753/301 183/744/304
f 184/754/303 180/755/299 182/756/301
f 186/757/294 188/758/295 187/759/306
f 189/760/307 186/761/294 187/762/306
f 190/763/308 187/764/306 188/765/295
f 189/766/307 187/767/306 190/768/308
f 186/769/294 189/770/307 188/771/295
f 189/766/307 190/768/308 188/772/295
f 191/773/302 192/774/299 196/775/303
f 191/776/302 194/777/304 195/778/300
f 191/776/302 196/779/303 194/777/304
f 192/780/299 191/781/302 195/782/300
f 192/783/299 195/784/300 193/785/301
f 196/786/303 192/787/299 193/788/301
f 196/779/303 193/789/301 194/777/304
f 194/790/304 193/791/301 195/792/300
f 197/793/307 199/794/308 201/795/295
f 200/796/294 197/797/307 201/798/295
f 197/799/307 200/800/294 198/801/306
f 197/793/307 198/802/306 199/794/308
f 199/803/308 198/804/306 201/805/295
f 200/806/294 201/807/295 198/808/306
f 202/809/299 203/810/302 206/811/300
f 203/812/302 202/813/299 207/814/303
f 203/815/302 204/816/304 206/817/300
f 203/815/302 207/818/303 204/816/304
f 202/819/299 206/820/300 205/821/301
f 207/822/303 202/823/299 205/824/301
f 207/818/303 205/825/301 204/816/304
f 204/826/304 205/827/301 206/828/300
f 209/829/294 208/830/309 212/831/295
f 208/832/309 210/833/308 212/834/295
f 208/835/309 209/836/294 211/837/296
f 210/838/308 211/839/296 212/840/295
f 208/832/309 211/841/296 210/833/308
f 209/842/294 212/843/295 211/844/296
f 213/845/299 217/846/300 216/847/301
f 218/848/302 213/849/299 215/850/303
f 215/851/303 213/852/299 216/853/301
f 218/854/302 214/855/304 217/856/300
f 218/854/302 215/857/303 214/855/304
f 214/858/304 216/859/301 217/860/300
f 215/857/303 216/861/301 214/855/304
f 213/862/299 218/863/302 217/864/300
f 219/865/310 221/866/311 224/867/312
f 219/868/310 224/869/312 223/870/313
f 220/871/314 219/872/310 223/873/313
f 221/874/311 219/875/310 220/876/314
f 221/877/311 220/878/314 222/879/315
f 221/877/311 222/879/315 224/880/312
f 220/878/314 223/881/313 222/879/315
f 222/882/315 223/883/313 224/884/312
f 230/885/316 225/886/317 226/887/318
f 226/888/318 225/889/317 228/890/301
f 225/891/317 227/892/300 228/893/301
f 229/894/304 228/895/301 227/896/300
f 230/897/316 226/898/318 229/899/304
f 226/898/318 228/900/301 229/899/304
f 230/897/316 229/899/304 227/901/300
f 225/902/317 230/903/316 227/904/300
f 231/905/294 235/906/295 232/907/306
f 234/908/319 231/909/294 232/910/306
f 233/911/308 232/912/306 235/913/295
f 234/914/319 232/915/306 233/916/308
f 234/914/319 233/916/308 235/917/295
f 231/918/294 234/919/319 235/920/295
f 236/921/320 237/922/321 239/923/322
f 236/924/320 239/925/322 238/926/323
f 237/927/321 240/928/324 239/929/322
f 237/927/321 238/930/323 240/928/324
f 237/931/321 236/932/320 238/933/323
f 240/934/324 238/935/323 239/936/322
f 243/937/314 241/938/325 246/939/315
f 246/940/315 241/941/325 242/942/312
f 244/943/326 242/944/312 241/945/325
f 245/946/327 246/939/315 242/947/312
f 244/948/326 245/949/327 242/950/312
f 245/946/327 243/937/314 246/939/315
f 245/951/327 244/952/326 243/953/314
f 243/954/314 244/955/326 241/956/325
f 248/957/303 247/958/299 250/959/301
f 249/960/302 247/961/299 248/962/303
f 249/963/302 252/964/304 251/965/300
f 249/963/302 248/966/303 252/964/304
f 247/967/299 249/968/302 251/969/300
f 247/970/299 251/971/300 250/972/301
f 252/973/304 250/974/301 251/975/300
f 248/966/303 250/976/301 252/964/304
f 253/977/328 257/978/329 254/979/330
f 253/980/328 254/981/330 256/982/331
f 257/983/329 253/984/328 256/985/331
f 254/986/330 257/987/329 255/988/332
f 254/981/330 255/989/332 256/982/331
f 257/990/329 256/991/331 255/992/332
f 258/993/333 262/994/334 259/995/335
f 258/996/333 259/997/335 261/998/336
f 262/999/334 258/1000/333 261/1001/336
f 259/997/335 260/1002/337 261/998/336
f 262/1003/334 261/1004/336 260/1005/337
f 259/1006/335 262/1007/334 260/1008/337
f 263/1009/338 265/1010/308 267/1011/295
f 264/1012/339 263/1013/338 267/1014/295
f 264/1015/339 267/1016/295 266/1017/340
f 263/1018/338 264/1019/339 266/1020/340
f 263/1009/338 266/1021/340 265/1010/308
f 265/1022/308 266/1023/340 267/1024/295
f 268/1025/321 271/1026/341 270/1027/323
f 268/1028/321 270/1029/323 269/1030/324
f 268/1028/321 269/1030/324 272/1031/322
f 269/1032/324 270/1033/323 272/1034/322
f 271/1035/341 272/1036/322 270/1037/323
f 271/1038/341 268/1039/321 272/1040/322
f 273/1041/342 277/1042/339 274/1043/340
f 273/1044/342 274/1045/340 276/1046/298
f 276/1047/298 274/1048/340 275/1049/295
f 277/1050/339 275/1051/295 274/1052/340
f 273/1044/342 276/1046/298 275/1053/295
f 277/1054/339 273/1055/342 275/1056/295
f 278/1057/343 282/1058/324 281/1059/322
f 280/1060/341 278/1061/343 281/1062/322
f 278/1063/343 280/1064/341 279/1065/323
f 278/1057/343 279/1066/323 282/1058/324
f 280/1067/341 281/1068/322 279/1069/323
f 282/1070/324 279/1071/323 281/1072/322
f 283/1073/344 284/1074/345 285/1075/298
f 283/1076/344 286/1077/346 284/1078/345
f 285/1079/298 284/1080/345 287/1081/295
f 283/1073/344 285/1075/298 287/1082/295
f 286/1083/346 287/1084/295 284/1085/345
f 286/1086/346 283/1087/344 287/1088/295
f 288/1089/347 292/1090/322 290/1091/323
f 289/1092/348 291/1093/324 292/1094/322
f 288/1095/347 289/1096/348 292/1097/322
f 289/1098/348 288/1099/347 290/1100/323
f 289/1092/348 290/1101/323 291/1093/324
f 291/1102/324 290/1103/323 292/1104/322
f 293/1105/326 298/1106/312 296/1107/325
f 294/1108/349 293/1109/326 297/1110/314
f 294/1111/349 295/1112/315 298/1113/312
f 294/1111/349 297/1114/314 295/1112/315
f 293/1115/326 294/1116/349 298/1117/312
f 295/1118/315 296/1119/325 298/1120/312
f 297/1114/314 296/1121/325 295/1112/315
f 297/1122/314 293/1123/326 296/1124/325
f 299/1125/302 303/1126/299 301/1127/303
f 299/1128/302 302/1129/304 300/1130/350
f 299/1128/302 301/1131/303 302/1129/304
f 303/1132/299 299/1133/302 300/1134/350
f 301/1131/303 304/1135/301 302/1129/304
f 302/1136/304 304/1137/301 300/1138/350
f 301/1139/303 303/1140/299 304/1141/301
f 303/1142/299 300/1143/350 304/1144/301
f 305/1145/326 306/1146/349 309/1147/312
f 305/1148/326 309/1149/312 308/1150/313
f 306/1151/349 305/1152/326 307/1153/314
f 306/1154/349 310/1155/315 309/1156/312
f 306/1154/349 307/1157/314 310/1155/315
f 307/1158/314 305/1159/326 308/1160/313
f 307/1157/314 308/1161/313 310/1155/315
f 310/1162/315 308/1163/313 309/1164/312
f 311/1165/299 316/1166/302 315/1167/351
f 311/1168/299 315/1169/351 313/1170/352
f 316/1171/302 311/1172/299 312/1173/303
f 312/1174/303 311/1175/299 313/1176/352
f 316/1177/302 312/1178/303 314/1179/304
f 312/1178/303 313/1180/352 314/1179/304
f 316/1177/302 314/1179/304 315/1181/351
f 314/1182/304 313/1183/352 315/1184/351
f 317/1185/310 320/1186/312 318/1187/313
f 321/1188/349 317/1189/310 319/1190/314
f 319/1191/314 317/1192/310 318/1193/313
f 322/1194/315 318/1195/313 320/1196/312
f 321/1197/349 319/1198/314 322/1199/315
f 319/1198/314 318/1200/313 322/1199/315
f 317/1201/310 321/1202/349 320/1203/312
f 321/1197/349 322/1199/315 320/1204/312
f 324/1205/317 323/1206/316 328/1207/300
f 323/1208/316 324/1209/317 325/1210/318
f 323/1211/316 326/1212/353 328/1213/300
f 323/1211/316 325/1214/318 326/1212/353
f 325/1215/318 324/1216/317 327/1217/301
f 325/1214/318 327/1218/301 326/1212/353
f 326/1219/353 327/1220/301 328/1221/300
f 324/1222/317 328/1223/300 327/1224/301
f 330/1225/328 329/1226/329 331/1227/330
f 331/1228/330 329/1229/329 333/1230/354
f 330/1231/328 331/1232/330 332/1233/355
f 329/1234/329 330/1235/328 332/1236/355
f 331/1232/330 333/1237/354 332/1233/355
f 329/1238/329 332/1239/355 333/1240/354
f 334/1241/316 335/1242/303 337/1243/353
f 334/1244/316 338/1245/317 335/1246/303
f 334/1241/316 337/1243/353 339/1247/300
f 338/1248/317 334/1249/316 339/1250/300
f 335/1242/303 336/1251/301 337/1243/353
f 337/1252/353 336/1253/301 339/1254/300
f 335/1255/303 338/1256/317 336/1257/301
f 338/1258/317 339/1259/300 336/1260/301
f 341/1261/329 340/1262/328 343/1263/356
f 340/1264/328 341/1265/329 342/1266/330
f 340/1267/328 342/1268/330 343/1269/356
f 342/1270/330 341/1271/329 344/1272/354
f 342/1268/330 344/1273/354 343/1269/356
f 341/1274/329 343/1275/356 344/1276/354
f 349/1277/333 345/1278/334 347/1279/335
f 347/1280/335 345/1281/334 348/1282/357
f 345/1283/334 349/1284/333 346/1285/358
f 349/1286/333 347/1287/335 346/1288/358
f 347/1287/335 348/1289/357 346/1288/358
f 345/1290/334 346/1291/358 348/1292/357
f 350/1293/359 354/1294/295 352/1295/306
f 351/1296/360 352/1297/306 353/1298/298
f 351/1299/360 350/1300/359 352/1301/306
f 353/1302/298 352/1303/306 354/1304/295
f 351/1296/360 353/1298/298 354/1305/295
f 350/1306/359 351/1307/360 354/1308/295
f 355/1309/361 358/1310/362 357/1311/323
f 355/1312/361 356/1313/324 359/1314/322
f 356/1315/324 357/1316/323 359/1317/322
f 355/1312/361 357/1318/323 356/1313/324
f 358/1319/362 359/1320/322 357/1321/323
f 358/1322/362 355/1323/361 359/1324/322
f 360/1325/326 362/1326/312 364/1327/363
f 361/1328/315 364/1329/363 362/1330/312
f 365/1331/349 361/1332/315 362/1333/312
f 363/1334/314 364/1335/363 361/1332/315
f 365/1331/349 363/1334/314 361/1332/315
f 360/1336/326 365/1337/349 362/1338/312
f 363/1339/314 360/1340/326 364/1341/363
f 365/1342/349 360/1343/326 363/1344/314
f 366/1345/299 367/1346/302 371/1347/350
f 367/1348/302 366/1349/299 368/1350/303
f 368/1351/303 366/1352/299 369/1353/301
f 367/1354/302 370/1355/304 371/1356/350
f 367/1354/302 368/1357/303 370/1355/304
f 370/1358/304 369/1359/301 371/1360/350
f 366/1361/299 371/1362/350 369/1363/301
f 368/1357/303 369/1364/301 370/1355/304
f 377/1365/364 372/1366/365 373/1367/366
f 372/1368/365 379/1369/367 373/1370/366
f 377/1371/364 378/1372/368 372/1373/365
f 372/1368/365 378/1374/368 379/1369/367
f 373/1375/366 375/1376/369 374/1377/370
f 377/1365/364 373/1367/366 374/1378/370
f 373/1375/366 379/1379/367 375/1376/369
f 376/1380/371 374/1381/370 375/1382/369
f 376/1380/371 377/1383/364 374/1381/370
f 378/1384/368 376/1385/371 375/1386/369
f 378/1384/368 375/1386/369 379/1387/367
f 377/1371/364 376/1388/371 378/1372/368
f 382/1389/372 380/1390/373 383/1391/374
f 382/1389/372 381/1392/375 380/1390/373
f 381/1393/375 383/1394/374 380/1395/373
f 381/1393/375 382/1396/372 383/1394/374
f 387/1397/376 384/1398/377 386/1399/378
f 384/1400/377 385/1401/379 386/1402/378
f 384/1400/377 387/1403/376 385/1401/379
f 387/1397/376 386/1399/378 385/1404/379
f 390/1405/376 391/1406/380 388/1407/381
f 389/1408/377 388/1409/381 391/1410/380
f 389/1408/377 390/1411/376 388/1409/381
f 390/1405/376 389/1412/377 391/1406/380
f 393/1413/377 392/1414/376 395/1415/382
f 393/1413/377 395/1415/382 394/1416/383
f 392/1417/376 393/1418/377 394/1419/383
f 392/1417/376 394/1419/383 395/1420/382
f 396/1421/384 401/1422/385 403/1423/386
f 396/1421/384 399/1424/387 401/1422/385
f 402/1425/388 396/1426/384 403/1427/386
f 402/1428/223 399/1429/223 396/1430/223
f 397/1431/389 398/1432/390 400/1433/391
f 397/1431/389 402/1434/388 398/1432/390
f 399/1435/387 397/1436/389 400/1437/391
f 402/1428/223 397/1438/223 399/1429/223
f 402/1425/388 403/1427/386 398/1439/390
f 403/1440/232 400/1441/232 398/1442/232
f 399/1435/387 400/1437/391 401/1443/385
f 403/1440/232 401/1444/232 400/1441/232
f 405/1445/364 404/1446/371 409/1447/368
f 409/1448/368 404/1449/371 411/1450/369
f 404/1451/371 408/1452/370 411/1453/369
f 404/1451/371 405/1454/364 408/1452/370
f 405/1455/364 407/1456/366 408/1457/370
f 405/1455/364 406/1458/365 407/1456/366
f 405/1445/364 409/1447/368 406/1459/365
f 406/1460/365 410/1461/367 407/1462/366
f 406/1460/365 409/1463/368 410/1461/367
f 407/1464/366 410/1465/367 411/1466/369
f 407/1464/366 411/1466/369 408/1467/370
f 409/1448/368 411/1450/369 410/1468/367
f 414/1469/375 412/1470/392 415/1471/393
f 414/1469/375 413/1472/394 412/1470/392
f 413/1473/394 415/1474/393 412/1475/392
f 413/1473/394 414/1476/375 415/1474/393
f 417/1477/377 416/1478/376 418/1479/382
f 417/1477/377 418/1479/382 419/1480/383
f 416/1481/376 419/1482/383 418/1483/382
f 416/1481/376 417/1484/377 419/1482/383
f 423/1485/376 422/1486/383 420/1487/382
f 423/1485/376 421/1488/377 422/1486/383
f 421/1489/377 423/1490/376 420/1491/382
f 421/1489/377 420/1491/382 422/1492/383
f 425/1493/377 426/1494/376 424/1495/382
f 425/1493/377 424/1495/382 427/1496/383
f 426/1497/376 425/1498/377 427/1499/383
f 426/1497/376 427/1499/383 424/1500/382
f 435/1501/232 428/1502/232 430/1503/232
f 434/1504/384 428/1505/395 435/1506/386
f 434/1504/384 432/1507/387 428/1505/395
f 432/1508/387 430/1509/391 428/1510/395
f 435/1501/232 430/1503/232 429/1511/232
f 433/1512/389 429/1513/390 430/1514/391
f 433/1512/389 431/1515/388 429/1513/390
f 431/1516/388 435/1517/386 429/1518/390
f 432/1508/387 433/1519/389 430/1509/391
f 431/1520/223 433/1521/223 432/1522/223
f 431/1520/223 432/1522/223 434/1523/223
f 431/1516/388 434/1524/384 435/1517/386
f 437/1525/366 436/1526/367 443/1527/369
f 440/1528/365 436/1529/367 437/1530/366
f 440/1528/365 442/1531/368 436/1529/367
f 442/1532/368 443/1533/369 436/1534/367
f 439/1535/364 440/1536/365 437/1537/366
f 437/1525/366 443/1527/369 441/1538/370
f 439/1535/364 437/1537/366 441/1539/370
f 439/1540/364 438/1541/371 442/1542/368
f 442/1532/368 438/1543/371 443/1533/369
f 438/1544/371 441/1545/370 443/1546/369
f 438/1544/371 439/1547/364 441/1545/370
f 439/1540/364 442/1542/368 440/1548/365
f 446/1549/375 444/1550/374 445/1551/393
f 446/1549/375 447/1552/396 444/1550/374
f 447/1553/396 446/1554/375 445/1555/393
f 447/1553/396 445/1555/393 444/1556/374
f 450/1557/377 448/1558/376 449/1559/382
f 448/1560/376 451/1561/383 449/1562/382
f 450/1557/377 449/1559/382 451/1563/383
f 448/1560/376 450/1564/377 451/1561/383
f 453/1565/377 452/1566/376 454/1567/382
f 452/1568/376 453/1569/377 455/1570/383
f 453/1565/377 454/1567/382 455/1571/383
f 452/1568/376 455/1570/383 454/1572/382
f 457/1573/377 456/1574/376 459/1575/382
f 456/1576/376 457/1577/377 458/1578/383
f 457/1573/377 459/1575/382 458/1579/383
f 456/1576/376 458/1578/383 459/1580/382
f 461/1581/232 460/1582/232 467/1583/232
f 466/1584/384 465/1585/387 460/1586/385
f 465/1587/387 467/1588/391 460/1589/385
f 466/1584/384 460/1586/385 461/1590/386
f 461/1581/232 467/1583/232 463/1591/232
f 462/1592/388 466/1593/384 461/1594/386
f 462/1592/388 461/1594/386 463/1595/390
f 462/1596/223 465/1597/223 466/1598/223
f 464/1599/397 462/1600/388 463/1601/390
f 462/1596/223 464/1602/223 465/1597/223
f 464/1599/397 463/1601/390 467/1603/391
f 465/1587/387 464/1604/397 467/1588/391
f 468/1605/398 470/1606/399 471/1607/400
f 468/1605/398 469/1608/401 470/1606/399
f 474/1609/402 468/1610/398 471/1611/400
f 474/1612/402 469/1613/401 468/1614/398
f 469/1615/401 473/1616/403 470/1617/399
f 469/1615/401 472/1618/404 473/1616/403
f 474/1612/402 472/1619/404 469/1613/401
f 471/1620/400 470/1621/399 473/1622/403
f 471/1620/400 473/1622/403 475/1623/405
f 474/1609/402 471/1611/400 475/1624/405
f 472/1625/404 475/1626/405 473/1627/403
f 472/1625/404 474/1628/402 475/1626/405
f 477/1629/406 476/1630/407 478/1631/408
f 477/1629/406 479/1632/409 476/1630/407
f 479/1633/409 477/1634/406 478/1635/408
f 479/1633/409 478/1635/408 476/1636/407
f 480/1637/410 481/1638/411 482/1639/412
f 480/1637/410 483/1640/413 481/1638/411
f 483/1641/413 480/1642/410 482/1643/412
f 483/1641/413 482/1643/412 481/1644/411
f 487/1645/414 484/1646/415 485/1647/416
f 484/1648/415 486/1649/417 485/1650/416
f 487/1645/414 485/1647/416 486/1651/417
f 484/1648/415 487/1652/414 486/1649/417
f 489/1653/418 488/1654/419 490/1655/420
f 488/1656/419 491/1657/421 490/1658/420
f 488/1656/419 489/1659/418 491/1657/421
f 489/1653/418 490/1655/420 491/1660/421
f 499/1661/422 496/1662/423 492/1663/424
f 497/1664/425 494/1665/426 492/1666/424
f 499/1661/422 492/1663/424 494/1667/426
f 495/1668/427 497/1669/425 492/1670/424
f 495/1668/427 492/1670/424 496/1671/423
f 493/1672/428 496/1673/423 499/1674/422
f 493/1672/428 495/1675/427 496/1673/423
f 498/1676/429 493/1677/428 499/1678/422
f 498/1679/429 495/1680/427 493/1681/428
f 497/1664/425 498/1682/429 494/1665/426
f 498/1676/429 499/1678/422 494/1683/426
f 498/1679/429 497/1684/425 495/1680/427
f 506/1685/430 500/1686/431 501/1687/432
f 503/1688/433 504/1689/434 500/1690/431
f 501/1691/432 500/1692/431 504/1693/434
f 506/1685/430 503/1694/433 500/1686/431
f 502/1695/435 506/1696/430 501/1697/432
f 501/1691/432 504/1693/434 507/1698/436
f 502/1695/435 501/1697/432 507/1699/436
f 502/1700/435 503/1701/433 506/1702/430
f 502/1700/435 505/1703/437 503/1701/433
f 505/1704/437 502/1705/435 507/1706/436
f 503/1688/433 505/1707/437 504/1689/434
f 505/1704/437 507/1706/436 504/1708/434
f 514/1709/438 508/1710/439 515/1711/440
f 511/1712/441 508/1713/439 514/1714/438
f 511/1712/441 513/1715/442 508/1713/439
f 513/1716/442 515/1717/440 508/1718/439
f 510/1719/443 509/1720/444 515/1721/440
f 510/1719/443 512/1722/445 509/1720/444
f 512/1723/445 514/1724/438 509/1725/444
f 514/1709/438 515/1711/440 509/1726/444
f 513/1716/442 510/1727/443 515/1717/440
f 512/1728/445 510/1729/443 513/1730/442
f 512/1723/445 511/1731/441 514/1724/438
f 512/1728/445 513/1730/442 511/1732/441
f 516/1733/445 519/1734/442 520/1735/441
f 516/1736/445 522/1737/438 523/1738/444
f 516/1733/445 517/1739/443 519/1734/442
f 517/1740/443 516/1741/445 523/1742/444
f 516/1736/445 520/1743/441 522/1737/438
f 519/1744/442 517/1745/443 518/1746/440
f 517/1740/443 523/1742/444 518/1747/440
f 519/1744/442 518/1746/440 521/1748/439
f 522/1749/438 521/1750/439 518/1751/440
f 522/1749/438 518/1751/440 523/1752/444
f 520/1753/441 519/1754/442 521/1755/439
f 520/1753/441 521/1755/439 522/1756/438
f 526/1757/446 524/1758/447 525/1759/448
f 524/1760/447 528/1761/449 525/1762/448
f 524/1760/447 530/1763/450 528/1761/449
f 526/1764/446 530/1765/450 524/1766/447
f 526/1757/446 525/1759/448 527/1767/451
f 525/1768/448 531/1769/452 527/1770/451
f 525/1768/448 528/1771/449 531/1769/452
f 529/1772/453 526/1773/446 527/1774/451
f 526/1764/446 529/1775/453 530/1765/450
f 529/1772/453 527/1774/451 531/1776/452
f 530/1777/450 531/1778/452 528/1779/449
f 530/1777/450 529/1780/453 531/1778/452
f 532/1781/454 533/1782/455 534/1783/456
f 532/1781/454 535/1784/457 533/1782/455
f 535/1785/457 532/1786/454 534/1787/456
f 535/1785/457 534/1787/456 533/1788/455
f 539/1789/458 538/1790/459 536/1791/460
f 539/1789/458 537/1792/461 538/1790/459
f 537/1793/461 536/1794/460 538/1795/459
f 537/1793/461 539/1796/458 536/1794/460
f 542/1797/462 540/1798/463 543/1799/464
f 542/1797/462 543/1799/464 541/1800/465
f 540/1801/463 542/1802/462 541/1803/465
f 540/1801/463 541/1803/465 543/1804/464
f 547/1805/466 544/1806/467 545/1807/468
f 547/1805/466 545/1807/468 546/1808/469
f 544/1809/467 547/1810/466 546/1811/469
f 544/1809/467 546/1811/469 545/1812/468
f 548/1813/470 549/1814/471 554/1815/472
f 550/1816/473 548/1817/470 554/1818/472
f 550/1819/474 553/1820/475 548/1821/476
f 548/1813/470 553/1822/477 549/1814/471
f 553/1823/477 552/1824/478 549/1825/471
f 554/1826/479 549/1827/480 552/1828/481
f 550/1816/473 554/1818/472 555/1829/482
f 550/1819/474 551/1830/483 553/1820/475
f 551/1831/484 550/1832/473 555/1833/482
f 553/1823/477 551/1834/484 552/1824/478
f 551/1831/484 555/1833/482 552/1835/478
f 554/1826/479 552/1828/481 555/1836/485
f 562/1837/448 556/1838/449 563/1839/452
f 558/1840/447 556/1841/449 562/1842/448
f 558/1840/447 561/1843/450 556/1841/449
f 561/1844/450 563/1845/452 556/1846/449
f 560/1847/453 557/1848/451 563/1849/452
f 560/1847/453 559/1850/446 557/1848/451
f 559/1851/446 562/1852/448 557/1853/451
f 562/1837/448 563/1839/452 557/1854/451
f 559/1851/446 558/1855/447 562/1852/448
f 559/1856/446 561/1857/450 558/1858/447
f 559/1856/446 560/1859/453 561/1857/450
f 561/1844/450 560/1860/453 563/1845/452
f 564/1861/486 567/1862/487 566/1863/488
f 564/1861/486 565/1864/489 567/1862/487
f 565/1865/489 566/1866/488 567/1867/487
f 565/1865/489 564/1868/486 566/1866/488
f 569/1869/490 571/1870/491 568/1871/492
f 570/1872/493 569/1873/490 568/1874/492
f 570/1872/493 568/1874/492 571/1875/491
f 569/1869/490 570/1876/493 571/1870/491
f 575/1877/494 574/1878/491 572/1879/495
f 573/1880/493 575/1881/494 572/1882/495
f 573/1880/493 572/1882/495 574/1883/491
f 575/1877/494 573/1884/493 574/1878/491
f 578/1885/496 579/1886/497 576/1887/498
f 578/1885/496 577/1888/499 579/1886/497
f 577/1889/499 576/1890/498 579/1891/497
f 577/1889/499 578/1892/496 576/1890/498
f 582/1893/474 580/1894/483 585/1895/475
f 585/1896/477 580/1897/484 586/1898/478
f 580/1899/484 581/1900/482 586/1901/478
f 580/1899/484 582/1902/473 581/1900/482
f 584/1903/479 586/1904/481 581/1905/485
f 582/1906/473 584/1907/472 581/1908/482
f 582/1906/473 583/1909/470 584/1907/472
f 582/1893/474 585/1895/475 583/1910/476
f 583/1911/470 587/1912/471 584/1913/472
f 583/1911/470 585/1914/477 587/1912/471
f 584/1903/479 587/1915/480 586/1904/481
f 585/1896/477 586/1898/478 587/1916/471
f 588/1917/453 595/1918/451 592/1919/452
f 588/1917/453 594/1920/446 595/1918/451
f 591/1921/450 588/1922/453 592/1923/452
f 591/1924/450 594/1925/446 588/1926/453
f 589/1927/447 593/1928/449 590/1929/448
f 589/1927/447 591/1930/450 593/1928/449
f 594/1931/446 589/1932/447 590/1933/448
f 591/1924/450 589/1934/447 594/1925/446
f 592/1935/452 595/1936/451 590/1937/448
f 592/1935/452 590/1937/448 593/1938/449
f 594/1931/446 590/1933/448 595/1939/451
f 591/1921/450 592/1923/452 593/1940/449
f 596/1941/500 598/1942/456 599/1943/501
f 596/1941/500 597/1944/502 598/1942/456
f 597/1945/502 596/1946/500 599/1947/501
f 597/1945/502 599/1947/501 598/1948/456
f 602/1949/490 603/1950/493 600/1951/491
f 602/1949/490 600/1951/491 601/1952/492
f 603/1953/493 602/1954/490 601/1955/492
f 603/1953/493 601/1955/492 600/1956/491
f 606/1957/493 604/1958/490 607/1959/492
f 604/1960/490 606/1961/493 605/1962/491
f 604/1960/490 605/1962/491 607/1963/492
f 606/1957/493 607/1959/492 605/1964/491
f 611/1965/503 610/1966/504 608/1967/505
f 611/1965/503 609/1968/506 610/1966/504
f 609/1969/506 608/1970/505 610/1971/504
f 609/1969/506 611/1972/503 608/1970/505
f 613/1973/475 612/1974/476 616/1975/474
f 616/1976/473 612/1977/470 619/1978/472
f 612/1979/470 615/1980/471 619/1981/472
f 612/1979/470 613/1982/477 615/1980/471
f 613/1973/475 616/1975/474 614/1983/483
f 613/1984/477 617/1985/478 615/1986/471
f 613/1984/477 614/1987/484 617/1985/478
f 614/1988/484 618/1989/482 617/1990/478
f 614/1988/484 616/1991/473 618/1989/482
f 617/1992/481 619/1993/479 615/1994/480
f 616/1976/473 619/1978/472 618/1995/482
f 617/1992/481 618/1996/485 619/1993/479
f 621/1997/452 620/1998/451 627/1999/448
f 626/2000/453 620/2001/451 621/2002/452
f 626/2000/453 624/2003/446 620/2001/451
f 624/2004/446 627/2005/448 620/2006/451
f 621/1997/452 627/1999/448 623/2007/449
f 622/2008/450 626/2009/453 621/2010/452
f 622/2008/450 621/2010/452 623/2011/449
f 622/2012/450 625/2013/447 624/2014/446
f 625/2015/447 622/2016/450 623/2017/449
f 622/2012/450 624/2014/446 626/2018/453
f 625/2015/447 623/2017/449 627/2019/448
f 624/2004/446 625/2020/447 627/2005/448
f 628/2021/507 631/2022/508 629/2023/509
f 628/2021/507 630/2024/510 631/2022/508
f 630/2025/510 628/2026/507 629/2027/509
f 630/2025/510 629/2027/509 631/2028/508
f 633/2029/511 632/2030/462 635/2031/465
f 632/2032/462 633/2033/511 634/2034/512
f 632/2032/462 634/2034/512 635/2035/465
f 633/2029/511 635/2031/465 634/2036/512
f 639/2037/467 636/2038/466 637/2039/469
f 636/2040/466 638/2041/468 637/2042/469
f 639/2037/467 637/2039/469 638/2043/468
f 636/2040/466 639/2044/467 638/2041/468
f 642/2045/513 640/2046/514 641/2047/515
f 640/2048/514 643/2049/516 641/2050/515
f 640/2048/514 642/2051/513 643/2049/516
f 642/2045/513 641/2047/515 643/2052/516
f 647/2053/475 644/2054/476 648/2055/474
f 648/2056/473 644/2057/470 650/2058/472
f 644/2059/470 651/2060/471 650/2061/472
f 644/2059/470 647/2062/477 651/2060/471
f 647/2063/477 645/2064/484 649/2065/478
f 645/2066/484 646/2067/482 649/2068/478
f 647/2053/475 648/2055/474 645/2069/483
f 645/2066/484 648/2070/473 646/2067/482
f 648/2056/473 650/2058/472 646/2071/482
f 649/2072/481 646/2073/485 650/2074/479
f 647/2063/477 649/2065/478 651/2075/471
f 649/2072/481 650/2074/479 651/2076/480
f 656/2077/517 653/2078/518 655/2079/519
f 656/2077/517 657/2080/520 653/2078/518
f 657/2081/520 652/2082/521 654/2083/522
f 657/2081/520 654/2083/522 653/2084/518
f 655/2085/519 653/2086/518 654/2087/522
f 652/2088/521 656/2089/517 655/2090/519
f 652/2088/521 655/2090/519 654/2091/522
f 652/2092/521 657/2093/520 656/2094/517
f 663/2095/520 658/2096/521 662/2097/522
f 658/2098/521 659/2099/517 660/2100/519
f 659/2101/517 663/2102/520 661/2103/518
f 659/2101/517 661/2103/518 660/2104/519
f 658/2105/521 663/2106/520 659/2107/517
f 663/2095/520 662/2097/522 661/2108/518
f 660/2109/519 661/2110/518 662/2111/522
f 658/2098/521 660/2100/519 662/2112/522
f 669/2113/523 664/2114/524 665/2115/525
f 669/2113/523 667/2116/526 664/2114/524
f 665/2117/525 664/2118/524 668/2119/527
f 664/2120/524 667/2121/526 671/2122/528
f 664/2120/524 671/2122/528 668/2123/527
f 665/2117/525 668/2119/527 670/2124/529
f 669/2125/523 665/2126/525 670/2127/529
f 667/2128/526 666/2129/530 671/2130/528
f 667/2128/526 669/2131/523 666/2129/530
f 669/2125/523 670/2127/529 666/2132/530
f 670/2133/529 671/2134/528 666/2135/530
f 670/2133/529 668/2136/527 671/2134/528
f 672/2137/531 673/2138/532 679/2139/533
f 676/2140/534 672/2141/531 679/2142/533
f 676/2143/534 677/2144/535 672/2145/531
f 672/2137/531 677/2146/535 673/2138/532
f 677/2147/535 678/2148/536 673/2149/532
f 679/2150/533 673/2151/532 678/2152/536
f 674/2153/537 675/2154/538 678/2155/536
f 676/2143/534 674/2156/537 677/2144/535
f 677/2147/535 674/2157/537 678/2148/536
f 674/2153/537 676/2158/534 675/2154/538
f 676/2140/534 679/2142/533 675/2159/538
f 679/2150/533 678/2152/536 675/2160/538
f 680/2161/539 686/2162/540 685/2163/541
f 680/2161/539 682/2164/542 686/2162/540
f 681/2165/543 680/2166/544 685/2167/545
f 681/2168/543 682/2169/546 680/2170/544
f 681/2168/543 684/2171/547 682/2169/546
f 684/2172/548 681/2173/549 687/2174/550
f 681/2165/543 685/2167/545 687/2175/551
f 682/2176/546 683/2177/552 686/2178/553
f 682/2176/546 684/2179/547 683/2177/552
f 685/2180/545 686/2181/553 683/2182/552
f 684/2172/548 687/2174/550 683/2183/554
f 685/2180/545 683/2182/552 687/2184/551
f 688/2185/555 694/2186/556 690/2187/557
f 688/2185/555 693/2188/558 694/2186/556
f 692/2189/559 693/2190/558 688/2191/555
f 692/2189/559 688/2191/555 689/2192/560
f 689/2193/560 688/2194/555 690/2195/557
f 692/2196/559 689/2197/560 691/2198/561
f 689/2193/560 690/2195/557 691/2199/561
f 691/2200/561 690/2201/557 694/2202/556
f 691/2200/561 694/2202/556 695/2203/562
f 692/2196/559 691/2198/561 695/2204/562
f 693/2205/558 692/2206/559 695/2207/562
f 693/2205/558 695/2207/562 694/2208/556
f 696/2209/563 700/2210/564 697/2211/565
f 703/2212/566 696/2213/563 697/2214/565
f 702/2215/567 696/2216/563 703/2217/566
f 702/2215/567 701/2218/568 696/2216/563
f 696/2209/563 701/2219/568 700/2210/564
f 698/2220/569 697/2221/565 700/2222/564
f 703/2212/566 697/2214/565 698/2223/569
f 698/2220/569 700/2222/564 699/2224/570
f 702/2225/567 703/2226/566 698/2227/569
f 702/2225/567 698/2227/569 699/2228/570
f 701/2229/568 699/2230/570 700/2231/564
f 701/2229/568 702/2232/567 699/2230/570
f 705/2233/567 704/2234/566 710/2235/569
f 704/2236/566 709/2237/565 710/2238/569
f 705/2239/567 708/2240/563 704/2241/566
f 704/2236/566 708/2242/563 709/2237/565
f 705/2233/567 710/2235/569 711/2243/570
f 705/2239/567 706/2244/568 708/2240/563
f 706/2245/568 705/2246/567 711/2247/570
f 708/2248/563 706/2249/568 707/2250/564
f 706/2245/568 711/2247/570 707/2251/564
f 708/2248/563 707/2250/564 709/2252/565
f 710/2253/569 709/2254/565 707/2255/564
f 710/2253/569 707/2255/564 711/2256/570
f 712/2257/566 719/2258/565 713/2259/569
f 712/2257/566 716/2260/563 719/2258/565
f 718/2261/567 712/2262/566 713/2263/569
f 718/2264/567 716/2265/563 712/2266/566
f 713/2267/569 714/2268/564 715/2269/570
f 713/2267/569 719/2270/565 714/2268/564
f 718/2261/567 713/2263/569 715/2271/570
f 717/2272/568 715/2273/570 714/2274/564
f 716/2275/563 717/2276/568 714/2277/564
f 716/2275/563 714/2277/564 719/2278/565
f 717/2272/568 718/2279/567 715/2273/570
f 718/2264/567 717/2280/568 716/2265/563
f 722/2281/567 720/2282/566 721/2283/569
f 720/2284/566 727/2285/565 721/2286/569
f 722/2287/567 724/2288/563 720/2289/566
f 720/2284/566 724/2290/563 727/2285/565
f 721/2291/569 726/2292/564 723/2293/570
f 722/2281/567 721/2283/569 723/2294/570
f 721/2291/569 727/2295/565 726/2292/564
f 722/2287/567 725/2296/568 724/2288/563
f 725/2297/568 722/2298/567 723/2299/570
f 725/2297/568 723/2299/570 726/2300/564
f 724/2301/563 725/2302/568 726/2303/564
f 724/2301/563 726/2303/564 727/2304/565
f 728/2305/571 732/2306/572 734/2307/573
f 728/2305/571 733/2308/574 732/2306/572
f 729/2309/575 728/2310/571 734/2311/573
f 729/2312/575 733/2313/574 728/2314/571
f 729/2309/575 734/2311/573 730/2315/576
f 731/2316/577 729/2317/575 730/2318/576
f 729/2312/575 731/2319/577 733/2313/574
f 734/2320/573 735/2321/578 730/2322/576
f 731/2316/577 730/2318/576 735/2323/578
f 733/2324/574 731/2325/577 735/2326/578
f 734/2320/573 732/2327/572 735/2321/578
f 733/2324/574 735/2326/578 732/2328/572
f 736/2329/579 742/2330/580 738/2331/581
f 736/2329/579 740/2332/582 742/2330/580
f 741/2333/583 740/2334/582 736/2335/579
f 741/2333/583 736/2335/579 737/2336/584
f 737/2337/584 736/2338/579 738/2339/581
f 741/2340/583 737/2341/584 739/2342/585
f 737/2337/584 738/2339/581 739/2343/585
f 739/2344/585 738/2345/581 742/2346/580
f 739/2344/585 742/2346/580 743/2347/586
f 741/2340/583 739/2342/585 743/2348/586
f 740/2349/582 743/2350/586 742/2351/580
f 740/2349/582 741/2352/583 743/2350/586
f 746/2353/587 745/2354/588 744/2355/589
f 748/2356/590 747/2357/591 744/2355/592
f 744/2355/589 747/2357/593 746/2353/587
f 748/2358/590 744/2359/592 745/2360/594
f 746/2361/587 747/2362/593 749/2363/595
f 748/2356/590 749/2364/596 747/2357/591
f 750/2365/597 751/2366/598 754/2367/599
f 750/2368/597 752/2369/600 753/2370/601
f 750/2368/597 754/2371/599 752/2369/600
f 751/2372/598 750/2373/597 753/2374/601
f 751/2372/598 753/2374/601 755/2375/602
f 752/2376/600 755/2377/602 753/2378/601
f 754/2379/599 755/2380/602 752/2381/600
f 754/2379/599 751/2382/598 755/2380/602
f 756/2383/597 761/2384/598 760/2385/599
f 756/2386/597 759/2387/600 758/2388/601
f 756/2386/597 760/2389/599 759/2387/600
f 760/2390/599 757/2391/602 759/2392/600
f 760/2390/599 761/2393/598 757/2391/602
f 761/2394/598 758/2395/601 757/2396/602
f 759/2397/600 757/2398/602 758/2399/601
f 761/2394/598 756/2400/597 758/2395/601
f 770/2401/603 762/2402/604 767/2403/605
f 767/2404/605 762/2405/604 765/2406/606
f 763/2407/607 767/2404/605 764/2408/608
f 770/2401/603 767/2403/605 763/2409/607
f 763/2410/607 764/2411/608 771/2412/609
f 767/2404/605 765/2406/606 764/2408/608
f 771/2413/609 764/2414/608 765/2415/606
f 771/2413/609 768/2416/610 766/2417/611
f 769/2418/612 766/2419/611 768/2420/610
f 762/2421/604 768/2422/610 765/2423/606
f 770/2401/603 769/2424/612 762/2402/604
f 762/2421/604 769/2425/612 768/2422/610
f 771/2413/609 765/2415/606 768/2416/610
f 769/2418/612 770/2426/603 766/2419/611
f 770/2427/603 771/2412/609 766/2428/611
f 770/2427/603 763/2410/607 771/2412/609
f 772/2429/116 789/2430/115 773/98/46
f 772/2429/116 775/100/613 785/2431/614
f 772/2429/116 773/98/46 775/100/613
f 772/2432/116 785/2433/614 776/2434/43
f 774/2435/47 773/2436/46 787/2437/74
f 773/2438/46 783/167/75 787/166/74
f 774/2435/47 787/2437/74 781/2439/615
f 785/2440/614 775/2441/613 782/2442/616
f 776/95/617 780/2443/618 788/2444/619
f 776/95/617 788/2444/619 783/349/620
f 776/95/617 783/349/620 802/212/621
f 785/2433/614 786/2445/44 776/2434/43
f 779/353/147 790/2446/146 795/76/31
f 798/2447/622 779/353/622 799/75/622
f 792/77/32 790/292/623 778/170/624
f 792/77/32 778/170/624 793/78/33
f 785/2440/614 782/2442/616 786/2448/44
f 784/2449/625 803/2450/625 772/239/625
f 773/2438/46 789/2451/115 783/167/75
f 789/238/115 803/2450/190 783/2452/75
f 792/77/32 800/2453/626 790/292/623
f 791/2454/627 793/172/78 794/171/29
f 791/2454/627 794/171/29 797/2455/196
f 805/2456/628 800/2453/628 792/77/628
f 805/32/195 791/290/627 797/355/196
f 794/2457/29 795/2458/31 796/2459/629
f 794/2457/29 796/2459/629 797/2460/196
f 790/2461/146 796/2462/629 795/2463/31
f 798/2447/630 799/75/630 794/74/630
f 790/2464/146 797/355/196 796/2465/629
f 790/2464/146 806/33/631 797/355/196
f 807/2466/116 808/2467/115 809/104/50
f 807/2466/116 811/106/613 812/2468/632
f 807/2466/116 809/104/50 811/106/613
f 807/2469/116 812/2470/632 829/2471/49
f 809/2472/50 808/2473/115 813/175/81
f 808/244/115 816/2474/192 813/2475/81
f 810/2476/47 809/2477/50 827/2478/80
f 809/2472/50 813/175/81 827/174/80
f 810/2476/47 827/2478/80 825/2479/615
f 812/2480/632 811/2481/613 826/2482/633
f 812/2470/632 820/2483/44 829/2471/49
f 829/101/634 828/2484/619 813/351/620
f 829/101/634 813/351/620 815/215/635
f 830/2485/625 816/2474/625 807/245/625
f 818/35/195 831/297/627 841/358/196
f 818/2486/628 840/2487/628 832/220/628
f 838/2488/146 819/36/631 841/358/196
f 812/2480/632 826/2482/633 820/2489/44
f 832/220/32 822/179/624 833/178/33
f 829/101/634 824/2490/618 828/2484/619
f 823/356/151 838/2491/146 835/219/31
f 834/2492/622 823/356/622 839/218/622
f 832/220/32 838/299/623 822/179/624
f 831/2493/627 837/180/29 841/2494/196
f 831/2493/627 833/181/84 837/180/29
f 832/220/32 840/2487/626 838/299/623
f 834/2492/636 839/218/636 837/217/636
f 837/2495/29 835/2496/31 836/2497/629
f 838/2498/146 836/2499/629 835/2500/31
f 838/2488/146 841/358/196 836/2501/629
f 837/2495/29 836/2497/629 841/2502/196
f 847/2503/637 842/2504/638 848/2505/639
f 848/2506/639 842/2507/638 849/2508/640
f 847/2503/637 845/2509/641 842/2504/638
f 845/2510/641 849/2511/640 842/2512/638
f 848/2506/639 849/2508/640 843/2513/642
f 844/2514/643 846/2515/644 843/2516/642
f 844/2514/643 843/2516/642 849/2517/640
f 846/2518/644 848/2519/639 843/2520/642
f 846/2521/644 844/2522/643 845/2523/641
f 845/2510/641 844/2524/643 849/2511/640
f 846/2521/644 845/2523/641 847/2525/637
f 846/2518/644 847/2526/637 848/2519/639
f 853/2527/645 850/2528/646 851/2529/647
f 853/2527/645 851/2529/647 852/2530/648
f 850/2531/646 853/2532/645 852/2533/648
f 850/2531/646 852/2533/648 851/2534/647
f 857/2535/649 854/2536/650 855/2537/651
f 857/2535/649 856/2538/652 854/2536/650
f 856/2539/652 857/2540/649 855/2541/651
f 856/2539/652 855/2541/651 854/2542/650
f 860/2543/653 858/2544/654 861/2545/655
f 860/2543/653 859/2546/656 858/2544/654
f 859/2547/656 860/2548/653 861/2549/655
f 859/2547/656 861/2549/655 858/2550/654
f 864/2551/645 863/2552/657 862/2553/647
f 864/2551/645 862/2553/647 865/2554/658
f 863/2555/657 865/2556/658 862/2557/647
f 863/2555/657 864/2558/645 865/2556/658
f 866/2559/659 868/2560/660 869/2561/661
f 866/2559/659 867/2562/652 868/2560/660
f 867/2563/652 866/2564/659 869/2565/661
f 867/2563/652 869/2565/661 868/2566/660
f 871/2567/646 870/2568/645 873/2569/648
f 871/2567/646 873/2569/648 872/2570/647
f 870/2571/645 871/2572/646 872/2573/647
f 870/2571/645 872/2573/647 873/2574/648
f 874/2575/649 875/2576/652 876/2577/662
f 874/2575/649 876/2577/662 877/2578/651
f 875/2579/652 877/2580/651 876/2581/662
f 875/2579/652 874/2582/649 877/2580/651
f 880/2583/656 878/2584/653 879/2585/655
f 880/2583/656 879/2585/655 881/2586/654
f 878/2587/653 880/2588/656 881/2589/654
f 878/2587/653 881/2589/654 879/2590/655
f 883/2591/657 882/2592/663 884/2593/648
f 882/2594/663 883/2595/657 885/2596/647
f 882/2594/663 885/2596/647 884/2597/648
f 883/2591/657 884/2593/648 885/2598/647
f 886/2599/657 889/2600/658 887/2601/664
f 886/2599/657 888/2602/665 889/2600/658
f 888/2603/665 886/2604/657 887/2605/664
f 888/2603/665 887/2605/664 889/2606/658
f 891/2607/646 893/2608/658 890/2609/647
f 892/2610/645 891/2611/646 890/2612/647
f 892/2610/645 890/2612/647 893/2613/658
f 891/2607/646 892/2614/645 893/2608/658
f 894/2615/649 897/2616/650 895/2617/661
f 894/2615/649 896/2618/652 897/2616/650
f 896/2619/652 894/2620/649 895/2621/661
f 896/2619/652 895/2621/661 897/2622/650
f 905/2623/232 898/2624/232 904/2625/232
f 902/2626/666 903/2627/667 898/2628/668
f 902/2626/666 898/2628/668 905/2629/669
f 903/2630/667 904/2631/670 898/2632/668
f 899/2633/671 900/2634/672 904/2635/670
f 899/2633/671 901/2636/673 900/2634/672
f 903/2630/667 899/2637/671 904/2631/670
f 901/2638/223 899/2639/223 903/2640/223
f 901/2641/673 905/2642/669 900/2643/672
f 905/2623/232 904/2625/232 900/2644/232
f 901/2638/223 903/2640/223 902/2645/223
f 901/2641/673 902/2646/666 905/2642/669
f 914/2647/674 913/2648/675 906/2649/676
f 908/2650/677 914/2647/678 906/2649/679
f 908/2651/677 906/2652/679 907/2653/680
f 906/2654/676 921/2655/681 907/2656/680
f 906/2654/676 913/2657/675 921/2655/681
f 907/2658/680 912/2659/682 911/2660/683
f 907/2658/680 920/2661/684 912/2659/682
f 908/2651/677 907/2653/680 911/2662/683
f 908/2650/677 916/2663/685 914/2647/678
f 926/2664/686 909/2665/687 923/2666/688
f 910/2667/689 923/2668/688 909/2669/690
f 925/2670/691 909/2665/691 926/2664/691
f 919/2671/692 910/2667/692 922/2672/692
f 922/2672/693 910/2667/689 929/2673/694
f 911/2674/683 915/2675/695 908/2676/677
f 911/2674/683 918/2677/696 915/2675/695
f 912/2678/697 918/2677/696 911/2674/683
f 912/2659/697 917/2679/698 918/2680/696
f 912/2659/697 924/2681/699 917/2679/698
f 920/2661/700 924/2681/699 912/2659/701
f 913/2657/675 927/2682/702 925/2683/703
f 914/2647/674 927/2684/702 913/2648/675
f 907/2685/680 921/2686/681 920/2687/684
f 914/2647/674 928/2688/704 927/2684/702
f 916/2663/705 928/2688/704 914/2647/706
f 908/2689/677 915/2690/695 916/2663/685
f 915/2690/707 922/2691/693 916/2663/705
f 915/2690/707 919/2692/708 922/2691/693
f 916/2663/705 922/2691/693 928/2688/704
f 917/2693/698 910/2694/689 919/2695/709
f 917/2693/698 923/2696/688 910/2694/689
f 918/2677/696 917/2693/698 919/2695/710
f 924/2681/699 923/2697/688 917/2679/698
f 920/2661/700 926/2664/686 924/2681/699
f 921/2698/711 926/2664/686 920/2661/700
f 921/2698/711 925/2670/712 926/2664/686
f 922/2672/693 929/2673/694 928/2699/704
f 910/2667/689 909/2669/690 929/2673/694
f 926/2664/686 923/2666/688 924/2681/699
f 927/2682/702 909/2700/713 925/2683/714
f 928/2701/704 929/2702/694 927/2703/702
f 927/2682/702 929/2704/694 909/2700/713
f 930/2705/715 938/2706/716 932/2707/717
f 1/2708/718 938/2706/716 930/2705/715
f 930/2709/719 932/2710/720 931/2711/721
f 930/2709/719 931/2711/721 936/2712/722
f 930/2713/715 941/2714/723 934/2715/724
f 930/2713/715 936/2716/725 941/2714/723
f 1/2708/718 930/2705/715 934/2717/724
f 931/2711/726 943/2718/727 935/2719/728
f 931/2711/726 935/2719/728 936/2712/729
f 932/2710/717 943/2718/727 931/2711/726
f 932/2710/717 937/2720/730 943/2718/727
f 938/2721/716 937/2720/730 932/2710/717
f 1/2722/718 939/2723/731 933/2724/732
f 933/2725/733 946/2726/734 938/2727/716
f 933/2725/733 947/2728/735 946/2726/734
f 1/2708/718 933/2729/733 938/2706/716
f 939/2723/736 947/2730/737 933/2724/738
f 934/2715/724 942/2731/739 1/2732/718
f 1/2722/718 942/2733/739 939/2723/731
f 934/2734/724 941/2735/723 942/2733/739
f 935/2736/740 950/2737/741 951/2738/742
f 935/2736/740 944/2739/743 950/2737/741
f 936/2716/232 935/2736/744 951/2738/232
f 943/2718/745 944/2740/743 935/2719/740
f 936/2716/232 951/2738/232 941/2714/746
f 937/2720/747 944/2741/743 943/2718/745
f 937/2720/747 945/2742/748 944/2741/743
f 938/2721/716 946/2743/734 937/2720/730
f 946/2743/734 945/2742/748 937/2720/747
f 939/2723/736 949/2744/749 947/2730/737
f 942/2733/750 949/2744/751 939/2723/752
f 941/2735/753 940/2745/754 942/2733/750
f 940/2745/755 948/2746/756 949/2744/757
f 940/2745/755 950/2747/741 948/2746/756
f 942/2733/750 940/2745/754 949/2744/751
f 941/2735/753 951/2748/758 940/2745/754
f 951/2748/759 950/2747/741 940/2745/755
f 950/2749/741 944/2750/743 945/2751/748
f 945/2751/748 948/2752/756 950/2749/741
f 948/2752/756 945/2751/748 947/2753/735
f 945/2751/748 946/2754/734 947/2753/735
f 949/2755/760 948/2752/760 947/2753/760
f 953/2756/761 952/2757/762 954/2758/763
f 952/2759/762 953/2760/761 955/2761/764
f 953/2762/761 954/2763/763 955/2764/764
f 952/2765/762 955/2766/764 954/2767/763
f 957/2768/765 956/2769/766 958/2770/767
f 956/2771/766 957/2772/765 958/2773/767
f 960/2774/768 959/2775/766 961/2776/769
f 959/2777/766 960/2778/768 961/2779/769
f 967/2780/770 962/2781/771 963/2782/772
f 969/2783/773 968/2784/774 962/2785/771
f 963/2786/772 962/2787/771 968/2788/774
f 967/2780/770 969/2789/773 962/2781/771
f 964/2790/775 967/2791/770 963/2792/772
f 963/2786/772 968/2788/774 965/2793/776
f 964/2790/775 963/2792/772 965/2794/776
f 964/2795/775 966/2796/777 969/2797/773
f 966/2798/777 964/2799/775 965/2800/776
f 964/2795/775 969/2797/773 967/2801/770
f 966/2798/777 965/2800/776 968/2802/774
f 969/2783/773 966/2803/777 968/2784/774
f 973/2804/778 970/2805/779 971/2806/780
f 970/2807/779 972/2808/781 971/2809/780
f 970/2810/779 973/2811/778 972/2812/781
f 973/2813/778 971/2814/780 972/2815/781
f 975/2816/782 974/2817/782 976/2818/782
f 974/2819/782 975/2820/782 976/2821/782
f 979/2822/769 977/2823/769 978/2824/769
f 977/2825/769 979/2826/769 978/2827/769
f 981/2828/775 986/2829/773 980/2830/770
f 980/2831/770 986/2832/773 984/2833/771
f 981/2834/775 980/2835/770 983/2836/772
f 980/2831/770 984/2833/771 983/2837/772
f 981/2834/775 983/2836/772 987/2838/776
f 981/2828/775 985/2839/777 986/2829/773
f 985/2840/777 981/2841/775 987/2842/776
f 986/2843/773 982/2844/774 984/2845/771
f 983/2846/772 984/2847/771 982/2848/774
f 985/2840/777 987/2842/776 982/2849/774
f 983/2846/772 982/2848/774 987/2850/776
f 986/2843/773 985/2851/777 982/2844/774
f 988/2852/783 1003/2853/784 1001/2854/785
f 988/2852/783 999/2855/786 990/2856/787
f 988/2852/783 1001/2854/785 1000/2857/788
f 988/2852/783 990/2856/787 991/2858/789
f 1003/2859/784 988/2860/783 996/2861/790
f 988/2860/783 995/2862/791 996/2861/792
f 988/2852/783 989/2863/793 999/2855/786
f 988/2852/783 1000/2857/788 989/2863/793
f 988/2860/783 991/2864/789 995/2862/791
f 999/2865/786 989/2866/793 993/2867/794
f 991/2868/795 990/2869/796 998/2870/797
f 990/2869/796 992/2871/798 998/2870/797
f 995/2872/791 998/2873/799 992/2874/798
f 990/2869/796 999/2875/786 992/2871/798
f 995/2872/791 992/2874/798 993/2876/794
f 999/2865/786 993/2867/794 992/2877/798
f 989/2866/793 994/2878/800 993/2867/794
f 995/2872/791 993/2876/794 994/2879/800
f 989/2866/793 1000/2880/788 994/2878/800
f 995/2872/791 1002/2881/801 996/2882/792
f 995/2872/791 997/2883/802 998/2873/799
f 995/2872/791 994/2879/800 1002/2881/801
f 991/2864/795 997/2884/802 995/2862/791
f 1001/2885/803 996/2886/790 1002/2887/804
f 1001/2885/803 1003/2888/784 996/2886/790
f 991/2868/795 998/2870/797 997/2889/802
f 1000/2890/788 1002/2887/804 994/2891/800
f 1000/2890/788 1001/2885/803 1002/2887/804
f 1004/2892/805 1005/2893/806 1009/2894/807
f 1004/2892/805 1006/2895/808 1008/2896/809
f 1004/2892/805 1007/2897/810 1010/2898/811
f 1004/2892/805 1008/2896/809 1007/2897/810
f 1004/2892/805 1009/2894/807 1006/2895/808
f 1010/2899/811 1007/2900/810 1008/2901/809
f 1010/2899/811 1009/2902/807 1005/2903/806
f 1010/2899/811 1008/2901/809 1006/2904/808
f 1010/2899/811 1006/2904/808 1009/2902/807
f 1010/2899/811 1005/2903/806 1004/2905/805
f 1011/2906/812 1037/2907/813 1015/107/814
f 1011/2908/815 1024/2909/816 1012/2910/817
f 1011/2906/812 1015/107/814 1025/109/818
f 1016/2911/819 1011/2912/820 1013/2913/171
f 1011/2908/815 1012/2910/817 1013/2914/171
f 1014/2915/821 1012/2910/822 1023/2916/823
f 1036/321/170 1016/2917/819 1013/322/171
f 1014/2918/821 1015/2919/824 1012/2920/822
f 1015/323/172 1013/322/171 1012/2921/817
f 1021/2922/825 1022/2923/825 1023/2924/825
f 1019/114/826 1044/2925/826 1017/2926/826
f 1021/324/173 1042/183/827 1032/325/174
f 1043/2927/828 1019/191/829 1046/190/830
f 1018/189/831 1047/2928/832 1046/190/830
f 1030/2929/833 1023/2924/834 1040/2930/835
f 1040/2931/87 1022/326/836 1032/325/837
f 1018/189/831 1048/2932/838 1047/2928/832
f 1028/2933/839 1029/2934/840 1026/2935/841
f 1029/2936/840 1027/2937/842 1026/2938/841
f 1028/2939/839 1026/2940/841 1027/2941/842
f 1029/2942/840 1028/2943/839 1027/2944/842
f 1030/2945/843 1038/44/844 1031/249/88
f 1030/2929/833 1040/2930/835 1039/2946/845
f 1042/2947/827 1030/2948/846 1032/2949/174
f 1030/2945/843 1031/249/88 1032/2950/837
f 1040/2931/87 1032/325/837 1031/2951/88
f 1041/110/847 1031/249/847 1037/250/847
f 1045/2952/848 1035/2953/848 1048/2954/848
f 1016/2955/849 1035/46/850 1047/252/832
f 1034/251/851 1046/2956/830 1047/252/832
f 1034/251/851 1043/2957/828 1046/2956/830
f 1048/2954/852 1044/2925/852 1045/2952/852
f 1048/2958/838 1016/2959/849 1047/2960/832
f 1052/2961/853 1049/2962/854 1051/2963/855
f 1049/2964/854 1052/2965/853 1050/2966/856
f 1049/2967/854 1050/2968/856 1051/2969/855
f 1052/2970/853 1051/2971/855 1050/2972/856
f 1053/2973/784 1054/2974/783 1064/2975/790
f 1054/2976/783 1053/2977/784 1068/2978/785
f 1068/2979/803 1053/2980/784 1064/2981/790
f 1054/2976/783 1055/2982/788 1056/2983/793
f 1054/2976/783 1056/2983/793 1057/2984/786
f 1054/2976/783 1068/2978/785 1055/2982/788
f 1054/2976/783 1066/2985/787 1058/2986/789
f 1054/2974/783 1065/2987/791 1064/2975/792
f 1054/2974/783 1058/2988/789 1065/2987/791
f 1054/2976/783 1057/2984/786 1066/2985/787
f 1055/2989/788 1063/2990/804 1062/2991/800
f 1055/2989/788 1068/2979/803 1063/2990/804
f 1056/2992/793 1055/2993/788 1062/2994/800
f 1056/2992/793 1062/2994/800 1061/2995/794
f 1066/2996/796 1057/2997/786 1060/2998/798
f 1058/2999/795 1067/3000/797 1059/3001/802
f 1065/3002/791 1059/3003/802 1067/3004/799
f 1066/2996/796 1060/2998/798 1067/3000/797
f 1065/3002/791 1067/3004/799 1060/3005/798
f 1057/3006/786 1056/2992/793 1061/2995/794
f 1065/3002/791 1060/3005/798 1061/3007/794
f 1057/3006/786 1061/2995/794 1060/3008/798
f 1065/3002/791 1062/3009/800 1063/3010/801
f 1068/2979/803 1064/2981/790 1063/2990/804
f 1065/3002/791 1063/3010/801 1064/3011/792
f 1065/3002/791 1061/3007/794 1062/3009/800
f 1058/2988/795 1059/3012/802 1065/2987/791
f 1058/2999/795 1066/2996/796 1067/3000/797
f 1072/3013/857 1069/3014/858 1074/3015/859
f 1072/3013/857 1074/3015/859 1070/3016/860
f 1072/3013/857 1070/3016/860 1071/3017/861
f 1072/3013/857 1071/3017/861 1075/3018/862
f 1072/3013/857 1075/3018/862 1073/3019/863
f 1073/3020/863 1070/3021/860 1074/3022/859
f 1073/3020/863 1074/3022/859 1069/3023/858
f 1073/3020/863 1075/3024/862 1071/3025/861
f 1073/3020/863 1069/3023/858 1072/3026/857
f 1073/3020/863 1071/3025/861 1070/3021/860
f 1078/3027/864 1108/3028/865 1077/3029/866
f 1076/3030/867 1108/257/868 1082/256/869
f 1077/3029/866 1085/116/870 1078/3027/864
f 1077/3031/871 1076/3032/867 1082/3033/869
f 1079/3034/872 1086/3035/872 1083/3036/872
f 1079/3034/873 1083/3036/873 1081/3037/873
f 1080/3038/874 1078/254/875 1081/253/876
f 1107/52/877 1080/51/874 1081/3039/876
f 1086/192/878 1077/3040/871 1082/3041/869
f 1107/52/877 1081/3039/876 1082/256/879
f 1106/3042/880 1116/3043/881 1089/124/882
f 1097/3044/883 1090/3045/883 1103/222/883
f 1105/3046/884 1090/3047/884 1100/3048/884
f 1106/3049/885 1088/262/886 1113/261/887
f 1091/3050/888 1098/3051/58 1099/3052/57
f 1091/3050/888 1102/3053/889 1098/3051/58
f 1087/263/890 1114/3054/891 1113/261/887
f 1087/263/892 1088/262/892 1115/3055/892
f 1095/3056/893 1092/3057/894 1094/3058/895
f 1092/3059/894 1095/3060/893 1093/3061/896
f 1095/3062/893 1094/3063/895 1093/3064/896
f 1092/3065/894 1093/3066/896 1094/3067/895
f 1096/3068/897 1111/50/897 1098/196/897
f 1103/222/898 1112/3069/898 1097/3044/898
f 1097/329/177 1096/118/899 1098/330/178
f 1100/123/59 1098/122/58 1101/3070/900
f 1105/3046/901 1100/3048/59 1101/3071/900
f 1111/50/902 1104/361/902 1101/360/902
f 1103/3072/102 1105/3073/104 1101/3074/199
f 1106/3042/880 1110/3075/903 1116/3043/881
f 1076/3076/904 1106/3077/885 1113/3078/887
f 1109/332/905 1076/3030/904 1113/3079/887
f 1109/332/905 1113/3079/887 1114/333/891
f 1117/3080/906 1118/3081/854 1119/3082/907
f 1118/3083/854 1117/3084/906 1120/3085/908
f 1118/3086/854 1120/3087/908 1119/3088/907
f 1117/3089/906 1119/3090/907 1120/3091/908
f 1122/3092/788 1121/3093/803 1131/3094/804
f 1136/3095/783 1121/3096/785 1122/3097/788
f 1122/3092/788 1131/3094/804 1130/3098/800
f 1123/3099/793 1122/3100/788 1130/3101/800
f 1136/3095/783 1122/3097/788 1123/3102/793
f 1123/3099/793 1130/3101/800 1129/3103/794
f 1136/3095/783 1124/3104/786 1125/3105/787
f 1125/3106/796 1124/3107/786 1128/3108/798
f 1125/3106/796 1128/3108/798 1127/3109/797
f 1126/3110/795 1125/3106/796 1127/3109/797
f 1136/3095/783 1125/3105/787 1126/3111/789
f 1126/3110/795 1127/3109/797 1133/3112/802
f 1132/3113/791 1133/3114/802 1127/3115/799
f 1132/3113/791 1128/3116/798 1129/3117/794
f 1124/3118/786 1129/3103/794 1128/3119/798
f 1132/3113/791 1129/3117/794 1130/3120/800
f 1132/3113/791 1131/3121/801 1135/3122/792
f 1121/3093/803 1135/3123/909 1131/3094/804
f 1132/3113/791 1127/3115/799 1128/3116/798
f 1136/3124/783 1132/3125/791 1135/3126/792
f 1136/3124/783 1126/3127/789 1132/3125/791
f 1132/3113/791 1130/3120/800 1131/3121/801
f 1126/3127/795 1133/3128/802 1132/3125/791
f 1134/3129/784 1136/3124/783 1135/3126/909
f 1136/3095/783 1123/3102/793 1124/3104/786
f 1124/3118/786 1123/3099/793 1129/3103/794
f 1121/3093/803 1134/3130/784 1135/3123/909
f 1136/3095/783 1134/3131/784 1121/3096/785
f 1137/3132/910 1138/3133/808 1139/3134/911
f 1137/3132/910 1143/3135/810 1140/3136/811
f 1137/3132/910 1139/3134/911 1143/3135/810
f 1137/3132/910 1141/3137/912 1138/3133/808
f 1137/3132/910 1142/3138/913 1141/3137/912
f 1140/3139/811 1141/3140/912 1142/3141/913
f 1140/3139/811 1139/3142/911 1138/3143/808
f 1140/3139/811 1138/3143/808 1141/3140/912
f 1140/3139/811 1143/3144/810 1139/3142/911
f 1140/3139/811 1142/3141/913 1137/3145/910
f 1144/3146/914 1146/3147/915 1145/127/916
f 1144/3148/917 1165/3149/918 1156/3150/919
f 1144/3146/914 1145/127/916 1166/129/920
f 1174/3151/921 1172/267/922 1148/269/923
f 1147/335/924 1144/3152/917 1156/3153/919
f 1149/3154/925 1171/3155/926 1150/3156/927
f 1145/226/928 1152/3157/928 1151/3158/928
f 1181/3159/929 1152/3160/929 1178/3161/929
f 1153/270/930 1179/137/65 1177/136/64
f 1153/270/930 1175/3162/931 1179/137/65
f 1154/3163/932 1147/3164/932 1157/3165/932
f 1154/3163/933 1157/3165/934 1155/3166/935
f 1154/3167/933 1155/3168/935 1164/3169/936
f 1164/3169/937 1155/3168/938 1156/3150/939
f 1162/3170/940 1163/3171/940 1164/3172/940
f 1160/135/941 1176/225/941 1158/3173/941
f 1162/338/182 1161/3174/942 1173/339/183
f 1175/3175/931 1160/199/943 1179/198/65
f 1159/197/944 1180/3176/945 1179/198/65
f 1149/3154/925 1164/3172/946 1171/3155/926
f 1151/3158/947 1181/3177/947 1158/3173/947
f 1171/3178/948 1163/340/949 1173/339/950
f 1159/197/944 1181/3179/951 1180/3176/945
f 1167/3180/840 1169/3181/842 1168/3182/952
f 1170/3183/839 1167/3184/840 1168/3185/952
f 1170/3186/839 1168/3187/952 1169/3188/842
f 1167/3189/840 1170/3190/839 1169/3191/842
f 1161/3192/942 1149/3193/953 1173/3194/183
f 1149/268/130 1172/267/129 1173/3195/950
f 1174/3196/921 1171/305/954 1172/3197/922
f 1171/3178/948 1173/339/950 1172/3198/129
f 1151/3158/955 1176/225/955 1145/226/955
f 1181/3159/951 1178/3161/66 1180/3199/945
f 1178/3200/66 1179/3201/65 1180/3202/945
f 1185/3203/906 1182/3204/854 1184/3205/956
f 1182/3206/854 1185/3207/906 1183/3208/957
f 1185/3209/906 1184/3210/956 1183/3211/957
f 1182/3212/854 1183/3213/957 1184/3214/956
f 1186/3215/803 1201/3216/784 1197/3217/790
f 1186/3215/803 1197/3217/790 1196/3218/804
f 1188/3219/783 1201/3220/784 1186/3221/785
f 1188/3219/783 1186/3221/785 1200/3222/788
f 1200/3223/788 1186/3215/803 1196/3218/804
f 1187/3224/793 1195/3225/800 1194/3226/794
f 1187/3224/793 1200/3227/788 1195/3225/800
f 1188/3219/783 1200/3222/788 1187/3228/793
f 1188/3219/783 1187/3228/793 1199/3229/786
f 1188/3219/783 1189/3230/787 1190/3231/789
f 1188/3232/783 1191/3233/791 1197/3234/792
f 1188/3232/783 1190/3235/789 1191/3233/791
f 1188/3219/783 1199/3229/786 1189/3230/787
f 1201/3236/784 1188/3232/783 1197/3234/790
f 1189/3237/796 1199/3238/786 1193/3239/798
f 1189/3237/796 1193/3239/798 1192/3240/797
f 1190/3241/795 1189/3237/796 1192/3240/797
f 1190/3241/795 1192/3240/797 1198/3242/802
f 1191/3243/791 1194/3244/794 1195/3245/800
f 1191/3243/791 1198/3246/802 1192/3247/799
f 1191/3243/791 1195/3245/800 1196/3248/801
f 1191/3243/791 1193/3249/798 1194/3244/794
f 1190/3235/795 1198/3250/802 1191/3233/791
f 1191/3243/791 1192/3247/799 1193/3249/798
f 1191/3243/791 1196/3248/801 1197/3251/792
f 1200/3223/788 1196/3218/804 1195/3252/800
f 1199/3253/786 1187/3224/793 1194/3226/794
f 1199/3253/786 1194/3226/794 1193/3254/798
f 1202/3255/958 1203/3256/959 1208/3257/960
f 1202/3255/958 1205/3258/961 1206/3259/962
f 1202/3255/958 1208/3257/960 1207/3260/860
f 1202/3255/958 1204/3261/963 1205/3258/961
f 1202/3255/958 1207/3260/860 1204/3261/963
f 1206/3262/962 1205/3263/961 1204/3264/963
f 1206/3262/962 1208/3265/960 1203/3266/959
f 1206/3262/962 1203/3266/959 1202/3267/958
f 1206/3262/962 1207/3268/860 1208/3265/960
f 1206/3262/962 1204/3264/963 1207/3268/860
f 1209/3269/872 1218/3270/872 1224/3271/872
f 1209/3269/873 1224/3271/873 1213/3272/873
f 1212/3273/866 1217/140/964 1210/3274/965
f 1215/3275/874 1210/273/875 1213/272/876
f 1210/3274/965 1241/3276/865 1212/3273/866
f 1211/3277/966 1241/276/967 1214/275/968
f 1212/3278/871 1211/3279/966 1214/3280/968
f 1240/64/969 1213/3281/876 1214/275/970
f 1240/64/969 1215/63/874 1213/3281/876
f 1239/3282/971 1243/3283/972 1221/148/882
f 1232/3284/883 1222/3285/883 1230/227/883
f 1229/3286/973 1222/3287/973 1234/3288/973
f 1239/3289/974 1220/281/975 1247/280/976
f 1223/3290/977 1236/3291/58 1233/3292/68
f 1223/3290/977 1237/3293/889 1236/3291/58
f 1218/200/978 1212/3294/871 1214/3295/968
f 1219/282/890 1248/3296/891 1247/280/976
f 1219/282/979 1220/281/979 1249/3297/979
f 1226/3298/893 1225/3299/980 1228/3300/981
f 1225/3301/980 1226/3302/893 1227/3303/896
f 1226/3304/893 1228/3305/981 1227/3306/896
f 1225/3307/980 1227/3308/896 1228/3309/981
f 1229/3286/901 1234/3288/59 1235/3310/982
f 1230/227/898 1246/3311/898 1232/3284/898
f 1230/3312/108 1229/3313/110 1235/3314/201
f 1232/343/177 1231/142/899 1236/344/188
f 1231/3315/897 1245/62/897 1236/204/897
f 1234/147/59 1236/146/58 1235/3316/982
f 1245/62/902 1238/364/902 1235/363/902
f 1239/3282/971 1244/3317/983 1243/3283/972
f 1211/3318/904 1239/3319/974 1247/3320/976
f 1242/346/905 1211/3277/904 1247/3321/976
f 1242/346/905 1247/3321/976 1248/347/891
f 1253/3322/984 1250/3323/985 1251/3324/907
f 1250/3325/985 1252/3326/908 1251/3327/907
f 1253/3328/984 1251/3329/907 1252/3330/908
f 1250/3331/985 1253/3332/984 1252/3333/908
f 1257/3334/986 1254/3335/987 1255/3336/988
f 1254/3337/987 1261/3338/989 1255/3339/988
f 1254/3337/987 1260/3340/990 1261/3338/989
f 1257/3341/986 1260/3342/990 1254/3343/987
f 1257/3334/986 1255/3336/988 1258/3344/991
f 1255/3345/988 1259/3346/992 1258/3347/991
f 1255/3345/988 1261/3348/989 1259/3346/992
f 1256/3349/993 1258/3350/991 1259/3351/992
f 1256/3349/993 1257/3352/986 1258/3350/991
f 1260/3353/990 1256/3354/993 1259/3355/992
f 1257/3341/986 1256/3356/993 1260/3342/990
f 1260/3353/990 1259/3355/992 1261/3357/989
f 1263/3358/994 1262/3359/995 1268/3360/996
f 1264/3361/997 1266/3362/998 1262/3363/999
f 1264/3361/997 1262/3363/999 1263/3364/1000
f 1266/3365/1001 1268/3366/996 1262/3367/995
f 1267/3368/1002 1264/3369/1003 1263/3370/994
f 1263/3358/994 1268/3360/996 1269/3371/1004
f 1267/3368/1002 1263/3370/994 1269/3372/1004
f 1267/3373/1002 1266/3374/1001 1264/3375/1003
f 1267/3373/1002 1265/3376/1005 1266/3374/1001
f 1265/3377/1006 1269/3378/1007 1268/3379/1008
f 1265/3377/1006 1267/3380/1009 1269/3378/1007
f 1266/3365/1001 1265/3381/1005 1268/3366/996
f 1276/3382/1010 1270/3383/989 1277/3384/988
f 1277/3385/988 1270/3386/989 1275/3387/992
f 1276/3382/1010 1274/3388/990 1270/3383/989
f 1274/3389/990 1275/3390/992 1270/3391/989
f 1271/3392/986 1274/3393/990 1276/3394/1010
f 1271/3392/986 1273/3395/1011 1274/3393/990
f 1271/3396/986 1276/3397/1010 1277/3398/988
f 1271/3396/986 1277/3398/988 1272/3399/991
f 1273/3400/1011 1271/3401/986 1272/3402/991
f 1277/3385/988 1275/3387/992 1272/3403/991
f 1273/3400/1011 1272/3402/991 1275/3404/992
f 1274/3389/990 1273/3405/1011 1275/3390/992
f 1278/3406/997 1279/3407/999 1283/3408/1000
f 1285/3409/1002 1284/3410/1001 1278/3411/1003
f 1278/3406/997 1284/3412/998 1279/3407/999
f 1285/3413/1002 1278/3414/1003 1283/3415/994
f 1284/3416/1001 1282/3417/996 1279/3418/995
f 1283/3419/994 1279/3420/995 1282/3421/996
f 1280/3422/1006 1281/3423/1007 1282/3424/1008
f 1280/3422/1006 1285/3425/1009 1281/3423/1007
f 1284/3416/1001 1280/3426/1005 1282/3417/996
f 1285/3409/1002 1280/3427/1005 1284/3410/1001
f 1283/3419/994 1282/3421/996 1281/3428/1004
f 1285/3413/1002 1283/3415/994 1281/3429/1004
f 1286/3430/1012 1288/3431/1013 1289/3432/1014
f 1286/3430/1012 1287/3433/1015 1288/3431/1013
f 1287/3434/1015 1289/3435/1014 1288/3436/1013
f 1287/3434/1015 1286/3437/1012 1289/3435/1014
f 1290/3438/1016 1292/3439/1017 1293/3440/1018
f 1290/3438/1016 1291/3441/1019 1292/3439/1017
f 1291/3442/1019 1290/3443/1016 1293/3444/1018
f 1291/3442/1019 1293/3444/1018 1292/3445/1017
f 1295/3446/232 1296/3447/232 1294/3448/232
f 1296/3449/232 1295/3450/232 1294/3451/232
f 1298/3452/232 1297/3453/232 1299/3454/232
f 1297/3455/232 1298/3456/232 1299/3457/232
f 1300/3458/232 1301/3459/232 1302/3460/232
f 1301/3461/232 1300/3462/232 1302/3463/232
f 1303/3464/1020 1309/3465/1021 1304/3466/1022
f 1307/3467/1023 1306/3468/1024 1303/3469/1020
f 1303/3464/1020 1306/3470/1024 1309/3465/1021
f 1310/3471/1025 1303/3472/1020 1304/3473/1022
f 1307/3467/1023 1303/3469/1020 1310/3474/1025
f 1310/3471/1025 1304/3473/1022 1305/3475/1026
f 1305/3476/1026 1304/3477/1022 1309/3478/1021
f 1307/3479/1023 1310/3480/1025 1305/3481/1026
f 1305/3476/1026 1309/3478/1021 1308/3482/1027
f 1307/3479/1023 1305/3481/1026 1308/3483/1027
f 1306/3484/1024 1308/3485/1027 1309/3486/1021
f 1306/3484/1024 1307/3487/1023 1308/3485/1027
f 1311/3488/1028 1322/3489/1029 1319/3490/1030
f 1311/3488/1028 1319/3490/1030 1313/3491/1031
f 1322/3492/1029 1311/3493/1028 1318/3494/1032
f 1318/3495/1032 1311/3496/1028 1313/3497/1031
f 1318/3495/1032 1313/3497/1031 1312/3498/1033
f 1321/3499/1034 1312/3500/1033 1313/3501/1031
f 1316/3502/1035 1312/3498/1033 1317/3503/1036
f 1321/3499/1034 1317/3504/1036 1312/3500/1033
f 1316/3502/1035 1318/3495/1032 1312/3498/1033
f 1321/3499/1034 1313/3501/1031 1319/3505/1030
f 1320/3506/1037 1314/3507/1038 1321/3508/1034
f 1320/3506/1037 1315/3509/1039 1314/3507/1038
f 1315/3510/1039 1317/3511/1036 1314/3512/1038
f 1321/3499/1034 1314/3513/1038 1317/3504/1036
f 1315/3510/1039 1316/3514/1035 1317/3511/1036
f 1322/3492/1029 1315/3515/1039 1320/3516/1037
f 1322/3492/1029 1316/3517/1035 1315/3515/1039
f 1322/3492/1029 1318/3494/1032 1316/3517/1035
f 1322/3518/1029 1321/3508/1034 1319/3519/1030
f 1322/3518/1029 1320/3506/1037 1321/3508/1034
f 1324/3520/1032 1323/3521/1028 1330/3522/1031
f 1326/3523/1029 1323/3524/1028 1324/3525/1032
f 1323/3526/1028 1326/3527/1029 1334/3528/1030
f 1323/3526/1028 1334/3528/1030 1330/3529/1031
f 1326/3523/1029 1324/3525/1032 1325/3530/1035
f 1325/3531/1035 1324/3520/1032 1329/3532/1033
f 1324/3520/1032 1330/3522/1031 1329/3532/1033
f 1325/3531/1035 1329/3532/1033 1332/3533/1036
f 1326/3523/1029 1325/3530/1035 1327/3534/1039
f 1327/3535/1039 1325/3536/1035 1332/3537/1036
f 1326/3523/1029 1327/3534/1039 1331/3538/1037
f 1326/3539/1029 1333/3540/1034 1334/3541/1030
f 1326/3539/1029 1331/3542/1037 1333/3540/1034
f 1331/3542/1037 1327/3543/1039 1328/3544/1038
f 1327/3535/1039 1332/3537/1036 1328/3545/1038
f 1331/3542/1037 1328/3544/1038 1333/3540/1034
f 1333/3546/1034 1328/3547/1038 1332/3548/1036
f 1333/3546/1034 1332/3548/1036 1329/3549/1033
f 1333/3546/1034 1329/3549/1033 1330/3550/1031
f 1333/3546/1034 1330/3550/1031 1334/3551/1030
f 1335/3552/1029 1336/3553/1032 1341/3554/1035
f 1335/3552/1029 1345/3555/1028 1336/3553/1032
f 1335/3556/1029 1340/3557/1037 1338/3558/1034
f 1335/3552/1029 1342/3559/1039 1340/3560/1037
f 1345/3561/1028 1335/3562/1029 1339/3563/1030
f 1335/3556/1029 1338/3558/1034 1339/3564/1030
f 1335/3552/1029 1341/3554/1035 1342/3559/1039
f 1341/3565/1035 1336/3566/1032 1344/3567/1033
f 1336/3566/1032 1345/3568/1028 1346/3569/1031
f 1336/3566/1032 1346/3569/1031 1344/3567/1033
f 1341/3565/1035 1344/3567/1033 1337/3570/1036
f 1338/3571/1034 1337/3572/1036 1344/3573/1033
f 1342/3574/1039 1341/3575/1035 1337/3576/1036
f 1342/3574/1039 1337/3576/1036 1343/3577/1038
f 1338/3571/1034 1343/3578/1038 1337/3572/1036
f 1340/3557/1037 1343/3579/1038 1338/3558/1034
f 1338/3571/1034 1346/3580/1031 1339/3581/1030
f 1338/3571/1034 1344/3573/1033 1346/3580/1031
f 1345/3561/1028 1339/3563/1030 1346/3582/1031
f 1340/3557/1037 1342/3583/1039 1343/3579/1038
f 1347/3584/1028 1348/3585/1029 1352/3586/1030
f 1347/3584/1028 1352/3586/1030 1357/3587/1031
f 1348/3588/1029 1347/3589/1028 1356/3590/1032
f 1356/3591/1032 1347/3592/1028 1357/3593/1031
f 1348/3588/1029 1349/3594/1039 1353/3595/1037
f 1348/3588/1029 1355/3596/1035 1349/3594/1039
f 1348/3597/1029 1358/3598/1034 1352/3599/1030
f 1348/3597/1029 1353/3600/1037 1358/3598/1034
f 1348/3588/1029 1356/3590/1032 1355/3596/1035
f 1353/3600/1037 1349/3601/1039 1354/3602/1038
f 1349/3603/1039 1350/3604/1036 1354/3605/1038
f 1349/3603/1039 1355/3606/1035 1350/3604/1036
f 1358/3607/1034 1350/3608/1036 1351/3609/1033
f 1358/3607/1034 1354/3610/1038 1350/3608/1036
f 1355/3611/1035 1351/3612/1033 1350/3613/1036
f 1355/3611/1035 1356/3591/1032 1351/3612/1033
f 1356/3591/1032 1357/3593/1031 1351/3612/1033
f 1358/3607/1034 1351/3609/1033 1357/3614/1031
f 1358/3607/1034 1357/3614/1031 1352/3615/1030
f 1353/3600/1037 1354/3602/1038 1358/3598/1034
f 1359/3616/1028 1361/3617/1029 1370/3618/1030
f 1359/3616/1028 1370/3618/1030 1366/3619/1031
f 1361/3620/1029 1359/3621/1028 1369/3622/1032
f 1369/3623/1032 1359/3624/1028 1366/3625/1031
f 1361/3620/1029 1360/3626/1035 1367/3627/1039
f 1367/3628/1039 1360/3629/1035 1363/3630/1036
f 1361/3620/1029 1369/3622/1032 1360/3626/1035
f 1360/3631/1035 1369/3623/1032 1364/3632/1033
f 1360/3631/1035 1364/3632/1033 1363/3633/1036
f 1361/3634/1029 1362/3635/1037 1365/3636/1034
f 1361/3620/1029 1367/3627/1039 1362/3637/1037
f 1361/3634/1029 1365/3636/1034 1370/3638/1030
f 1362/3635/1037 1368/3639/1038 1365/3636/1034
f 1362/3635/1037 1367/3640/1039 1368/3639/1038
f 1365/3641/1034 1363/3642/1036 1364/3643/1033
f 1367/3628/1039 1363/3630/1036 1368/3644/1038
f 1365/3641/1034 1368/3645/1038 1363/3642/1036
f 1365/3641/1034 1364/3643/1033 1366/3646/1031
f 1369/3623/1032 1366/3625/1031 1364/3632/1033
f 1365/3641/1034 1366/3646/1031 1370/3647/1030
f 1376/3648/1035 1371/3649/1032 1373/3650/1033
f 1371/3649/1032 1374/3651/1031 1373/3650/1033
f 1379/3652/1029 1380/3653/1028 1371/3654/1032
f 1371/3649/1032 1380/3655/1028 1374/3651/1031
f 1379/3652/1029 1371/3654/1032 1376/3656/1035
f 1372/3657/1034 1378/3658/1036 1373/3659/1033
f 1372/3657/1034 1375/3660/1038 1378/3658/1036
f 1379/3661/1029 1372/3662/1034 1382/3663/1030
f 1372/3657/1034 1374/3664/1031 1382/3665/1030
f 1379/3661/1029 1381/3666/1037 1372/3662/1034
f 1372/3657/1034 1373/3659/1033 1374/3664/1031
f 1381/3666/1037 1375/3667/1038 1372/3662/1034
f 1376/3648/1035 1373/3650/1033 1378/3668/1036
f 1380/3669/1028 1382/3670/1030 1374/3671/1031
f 1381/3666/1037 1377/3672/1039 1375/3667/1038
f 1377/3673/1039 1378/3674/1036 1375/3675/1038
f 1379/3652/1029 1376/3656/1035 1377/3676/1039
f 1377/3673/1039 1376/3677/1035 1378/3674/1036
f 1379/3652/1029 1377/3676/1039 1381/3678/1037
f 1380/3669/1028 1379/3679/1029 1382/3670/1030
f 1386/3680/1037 1383/3681/1039 1385/3682/1038
f 1383/3683/1039 1388/3684/1036 1385/3685/1038
f 1383/3683/1039 1390/3686/1035 1388/3684/1036
f 1393/3687/1029 1383/3688/1039 1386/3689/1037
f 1393/3687/1029 1390/3690/1035 1383/3688/1039
f 1390/3691/1035 1384/3692/1033 1388/3693/1036
f 1387/3694/1034 1388/3695/1036 1384/3696/1033
f 1387/3694/1034 1384/3696/1033 1391/3697/1031
f 1390/3691/1035 1389/3698/1032 1384/3692/1033
f 1389/3698/1032 1391/3699/1031 1384/3692/1033
f 1386/3680/1037 1385/3682/1038 1387/3700/1034
f 1387/3694/1034 1385/3701/1038 1388/3695/1036
f 1393/3702/1029 1386/3680/1037 1387/3700/1034
f 1387/3694/1034 1391/3697/1031 1394/3703/1030
f 1393/3702/1029 1387/3700/1034 1394/3704/1030
f 1393/3687/1029 1389/3705/1032 1390/3690/1035
f 1393/3687/1029 1392/3706/1028 1389/3705/1032
f 1389/3698/1032 1392/3707/1028 1391/3699/1031
f 1392/3708/1028 1394/3709/1030 1391/3710/1031
f 1392/3708/1028 1393/3711/1029 1394/3709/1030
f 1402/3712/1035 1395/3713/1032 1404/3714/1033
f 1395/3713/1032 1400/3715/1031 1404/3714/1033
f 1396/3716/1029 1403/3717/1028 1395/3718/1032
f 1395/3713/1032 1403/3719/1028 1400/3715/1031
f 1396/3716/1029 1395/3718/1032 1402/3720/1035
f 1396/3716/1029 1397/3721/1039 1405/3722/1037
f 1396/3716/1029 1402/3720/1035 1397/3721/1039
f 1396/3723/1029 1398/3724/1034 1406/3725/1030
f 1396/3723/1029 1405/3726/1037 1398/3724/1034
f 1403/3727/1028 1396/3728/1029 1406/3729/1030
f 1405/3726/1037 1397/3730/1039 1401/3731/1038
f 1397/3732/1039 1399/3733/1036 1401/3734/1038
f 1397/3732/1039 1402/3735/1035 1399/3733/1036
f 1398/3736/1034 1399/3737/1036 1404/3738/1033
f 1398/3736/1034 1401/3739/1038 1399/3737/1036
f 1398/3736/1034 1400/3740/1031 1406/3741/1030
f 1398/3736/1034 1404/3738/1033 1400/3740/1031
f 1405/3726/1037 1401/3731/1038 1398/3724/1034
f 1402/3712/1035 1404/3714/1033 1399/3742/1036
f 1403/3727/1028 1406/3729/1030 1400/3743/1031
f 1407/3744/1029 1413/3745/1032 1412/3746/1035
f 1407/3744/1029 1417/3747/1028 1413/3745/1032
f 1407/3748/1029 1408/3749/1037 1418/3750/1034
f 1407/3744/1029 1411/3751/1039 1408/3752/1037
f 1417/3753/1028 1407/3754/1029 1409/3755/1030
f 1407/3748/1029 1418/3750/1034 1409/3756/1030
f 1407/3744/1029 1412/3746/1035 1411/3751/1039
f 1408/3749/1037 1410/3757/1038 1418/3750/1034
f 1408/3749/1037 1411/3758/1039 1410/3757/1038
f 1417/3753/1028 1409/3755/1030 1415/3759/1031
f 1418/3760/1034 1415/3761/1031 1409/3762/1030
f 1411/3763/1039 1414/3764/1036 1410/3765/1038
f 1418/3760/1034 1410/3766/1038 1414/3767/1036
f 1411/3763/1039 1412/3768/1035 1414/3764/1036
f 1412/3769/1035 1413/3770/1032 1416/3771/1033
f 1412/3769/1035 1416/3771/1033 1414/3772/1036
f 1413/3770/1032 1417/3773/1028 1415/3774/1031
f 1413/3770/1032 1415/3774/1031 1416/3771/1033
f 1418/3760/1034 1414/3767/1036 1416/3775/1033
f 1418/3760/1034 1416/3775/1033 1415/3761/1031
f 1419/3776/1028 1430/3777/1029 1429/3778/1030
f 1419/3776/1028 1429/3778/1030 1427/3779/1031
f 1430/3780/1029 1419/3781/1028 1428/3782/1032
f 1428/3783/1032 1419/3784/1028 1427/3785/1031
f 1430/3780/1029 1420/3786/1039 1422/3787/1037
f 1422/3788/1037 1420/3789/1039 1423/3790/1038
f 1430/3780/1029 1425/3791/1035 1420/3786/1039
f 1420/3792/1039 1424/3793/1036 1423/3794/1038
f 1420/3792/1039 1425/3795/1035 1424/3793/1036
f 1421/3796/1034 1424/3797/1036 1426/3798/1033
f 1421/3796/1034 1423/3799/1038 1424/3797/1036
f 1430/3800/1029 1421/3801/1034 1429/3802/1030
f 1421/3796/1034 1427/3803/1031 1429/3804/1030
f 1430/3800/1029 1422/3788/1037 1421/3801/1034
f 1421/3796/1034 1426/3798/1033 1427/3803/1031
f 1422/3788/1037 1423/3790/1038 1421/3801/1034
f 1425/3805/1035 1426/3806/1033 1424/3807/1036
f 1425/3805/1035 1428/3783/1032 1426/3806/1033
f 1430/3780/1029 1428/3782/1032 1425/3791/1035
f 1428/3783/1032 1427/3785/1031 1426/3806/1033
f 1431/3808/1029 1432/3809/1032 1440/3810/1035
f 1431/3808/1029 1441/3811/1028 1432/3809/1032
f 1431/3812/1029 1438/3813/1037 1433/3814/1034
f 1431/3808/1029 1439/3815/1039 1438/3816/1037
f 1441/3817/1028 1431/3818/1029 1442/3819/1030
f 1431/3812/1029 1433/3814/1034 1442/3820/1030
f 1431/3808/1029 1440/3810/1035 1439/3815/1039
f 1440/3821/1035 1432/3822/1032 1435/3823/1033
f 1432/3822/1032 1441/3824/1028 1436/3825/1031
f 1432/3822/1032 1436/3825/1031 1435/3823/1033
f 1438/3813/1037 1437/3826/1038 1433/3814/1034
f 1433/3827/1034 1434/3828/1036 1435/3829/1033
f 1433/3827/1034 1437/3830/1038 1434/3828/1036
f 1433/3827/1034 1436/3831/1031 1442/3832/1030
f 1433/3827/1034 1435/3829/1033 1436/3831/1031
f 1440/3821/1035 1435/3823/1033 1434/3833/1036
f 1439/3834/1039 1440/3835/1035 1434/3836/1036
f 1439/3834/1039 1434/3836/1036 1437/3837/1038
f 1441/3817/1028 1442/3819/1030 1436/3838/1031
f 1438/3813/1037 1439/3839/1039 1437/3826/1038
f 1443/3840/1029 1444/3841/1039 1447/3842/1037
f 1443/3840/1029 1449/3843/1035 1444/3841/1039
f 1443/3844/1029 1445/3845/1034 1453/3846/1030
f 1443/3844/1029 1447/3847/1037 1445/3845/1034
f 1443/3840/1029 1451/3848/1032 1449/3843/1035
f 1443/3840/1029 1454/3849/1028 1451/3848/1032
f 1454/3850/1028 1443/3851/1029 1453/3852/1030
f 1447/3847/1037 1444/3853/1039 1448/3854/1038
f 1444/3855/1039 1450/3856/1036 1448/3857/1038
f 1444/3855/1039 1449/3858/1035 1450/3856/1036
f 1445/3859/1034 1450/3860/1036 1446/3861/1033
f 1445/3859/1034 1448/3862/1038 1450/3860/1036
f 1445/3859/1034 1452/3863/1031 1453/3864/1030
f 1445/3859/1034 1446/3861/1033 1452/3863/1031
f 1447/3847/1037 1448/3854/1038 1445/3845/1034
f 1449/3865/1035 1446/3866/1033 1450/3867/1036
f 1449/3865/1035 1451/3868/1032 1446/3866/1033
f 1451/3868/1032 1452/3869/1031 1446/3866/1033
f 1451/3868/1032 1454/3870/1028 1452/3869/1031
f 1454/3850/1028 1453/3852/1030 1452/3871/1031
f 1455/3872/1040 1461/3873/1041 1456/3874/1042
f 1457/3875/1043 1455/3876/1040 1456/3877/1042
f 1455/3878/1040 1458/3879/1044 1460/3880/1045
f 1455/3878/1040 1457/3881/1043 1458/3879/1044
f 1455/3872/1040 1460/3882/1045 1461/3873/1041
f 1461/3883/1041 1462/3884/1046 1456/3885/1042
f 1457/3875/1043 1456/3877/1042 1462/3886/1046
f 1458/3887/1044 1457/3888/1043 1462/3889/1046
f 1458/3887/1044 1462/3889/1046 1459/3890/1047
f 1460/3891/1045 1458/3892/1044 1459/3893/1047
f 1460/3891/1045 1459/3893/1047 1461/3894/1041
f 1461/3883/1041 1459/3895/1047 1462/3884/1046
f 1466/3896/1048 1468/3897/1049 1463/3898/1050
f 1463/3899/1050 1468/3900/1049 1469/3901/1051
f 1466/3902/1048 1463/3903/1050 1467/3904/1052
f 1463/3899/1050 1469/3901/1051 1467/3905/1052
f 1464/3906/1053 1465/3907/1054 1470/3908/1055
f 1464/3906/1053 1466/3909/1048 1465/3907/1054
f 1468/3910/1049 1464/3911/1053 1470/3912/1055
f 1466/3896/1048 1464/3913/1053 1468/3897/1049
f 1466/3902/1048 1467/3904/1052 1465/3914/1054
f 1467/3915/1052 1470/3916/1055 1465/3917/1054
f 1467/3915/1052 1469/3918/1051 1470/3916/1055
f 1468/3910/1049 1470/3912/1055 1469/3919/1051
f 97/19/1056 93/547/1056 94/17/1056
f 94/17/1057 95/3920/1057 96/18/1057
f 96/18/1058 92/555/161 97/19/279
f 106/21/1059 102/231/1059 103/22/1059
f 103/22/1060 104/284/1060 88/157/1060
f 88/157/1061 105/20/1061 103/22/1061
f 116/25/1056 111/589/1056 112/23/1056
f 112/23/1062 113/3921/1062 114/24/1062
f 114/24/1063 115/590/161 116/25/292
f 141/27/1064 137/233/1064 138/28/1064
f 138/28/1065 139/286/1065 127/163/1065
f 127/163/1066 140/26/1066 138/28/1066
f 782/31/1067 777/169/1067 778/170/1067
f 778/170/1068 779/293/1068 780/29/1068
f 778/170/1069 780/29/1069 782/31/1069
f 806/33/1070 801/318/1070 802/34/1070
f 802/34/1071 803/2450/1071 804/237/1071
f 804/237/1072 805/32/1072 802/34/1072
f 819/36/1073 814/320/1073 815/37/1073
f 815/37/1074 816/2474/1074 817/243/1074
f 817/243/1075 818/35/1075 815/37/1075
f 826/40/1076 821/177/1076 822/179/1076
f 822/179/1068 823/300/1068 824/38/1068
f 822/179/1069 824/38/1069 826/40/1069
f 1025/41/1077 1017/3922/1077 1018/42/1077
f 1018/42/1078 1019/3923/1078 1021/3924/1078
f 1019/3923/1079 1020/3925/1079 1021/3924/1079
f 1021/3924/1080 1022/43/1080 1018/42/1080
f 1022/43/1081 1023/248/1081 1024/247/1081
f 1024/247/1082 1025/41/1082 1022/43/1082
f 1039/45/1083 1033/111/1083 1034/251/1083
f 1034/251/1084 1035/46/1084 1039/45/1084
f 1035/46/1085 1016/3926/1085 1038/44/1085
f 1016/3926/1086 1036/321/1086 1038/44/1086
f 1036/321/1087 1015/323/1088 1037/250/1089
f 1038/44/1090 1036/321/1090 1037/250/1090
f 1086/48/1091 1087/3927/1091 1084/49/1092
f 1087/3927/1093 1088/3928/1093 1084/49/1093
f 1088/3928/1094 1089/3929/1094 1084/49/1094
f 1084/49/1095 1090/3930/1095 1091/3931/1095
f 1107/52/1096 1108/257/1096 1110/195/1096
f 1108/257/1097 1076/3030/1097 1110/195/1097
f 1076/3030/1098 1109/332/1098 1110/195/1098
f 1109/332/1099 1116/334/1099 1110/195/1099
f 1111/50/1100 1112/3932/1100 1080/51/1100
f 1110/195/1101 1111/50/1101 1107/52/1101
f 1153/55/1102 1145/3933/1102 1148/3934/1102
f 1145/3933/1103 1146/3147/1103 1148/3934/1103
f 1146/3147/1104 1147/3935/1104 1148/3934/1104
f 1148/3934/1105 1149/3936/1105 1150/53/1105
f 1150/53/1106 1151/3937/1106 1152/54/1106
f 1148/3934/1107 1150/53/1107 1153/55/1107
f 1166/56/1108 1158/3938/1108 1159/57/1108
f 1159/57/1109 1160/3939/1109 1162/3940/1109
f 1160/3939/1110 1161/3941/1110 1162/3940/1110
f 1162/3940/1080 1163/58/1080 1159/57/1080
f 1163/58/1081 1164/266/1081 1165/265/1081
f 1165/265/1082 1166/56/1082 1163/58/1082
f 1218/60/1111 1219/3942/1111 1216/61/1111
f 1219/3942/1112 1220/3943/1112 1216/61/1112
f 1220/3943/1113 1221/3944/1113 1216/61/1113
f 1216/61/1114 1222/3945/1114 1223/3946/1114
f 1240/64/1115 1241/276/1115 1244/203/1115
f 1241/276/1116 1211/3277/1116 1244/203/1116
f 1211/3277/1117 1242/346/1117 1244/203/1117
f 1242/346/1118 1243/348/1119 1244/203/1120
f 1245/62/1121 1246/3947/1121 1215/63/1121
f 1244/203/1122 1245/62/1122 1240/64/1122
f 109/65/1123 112/3948/1123 111/66/1123
f 1043/112/1124 1045/2952/1125 1044/2925/1126
f 86/83/1127 76/535/265 103/84/269
f 78/524/260 79/3949/1128 80/525/261
f 83/530/139 82/3950/1129 81/534/264
f 126/89/1130 110/583/265 138/90/269
f 121/571/287 122/3951/1131 120/572/261
f 1015/107/824 1014/3952/821 1017/108/1132
f 1039/45/1133 1040/3953/1133 1041/110/1133
f 1043/112/1124 1044/2925/1126 1020/113/1134
f 1079/115/1135 1078/3027/1135 1085/116/1135
f 1096/118/1136 1097/329/1136 1080/119/1136
f 1089/124/1137 1116/3043/1138 1115/125/1139
f 1155/3954/938 1157/3955/1140 1156/3956/939
f 1145/127/1141 1154/3957/1141 1158/128/1141
f 1171/130/954 1174/3958/921 1151/131/1142
f 1175/133/106 1176/225/105 1161/134/1143
f 1209/139/1135 1210/3274/1135 1217/140/1135
f 1231/142/1136 1232/343/1136 1215/143/1136
f 1221/148/1144 1243/3283/1144 1249/149/1144
f 77/151/1145 94/3959/1145 93/152/1145
f 96/154/1146 95/3960/1146 79/155/1146
f 88/157/1147 104/284/140 84/158/258
f 114/160/1146 113/3961/1146 122/161/1146
f 127/163/1148 139/286/142 124/164/286
f 776/3962/43 784/2449/1149 772/239/116
f 777/169/1150 798/3963/1150 793/78/1150
f 829/3964/49 830/2485/1151 807/245/116
f 821/177/1152 834/3965/1152 833/178/1152
f 1011/2908/1153 1025/3966/1153 1024/2909/1153
f 1042/183/1154 1021/324/1154 1020/184/1154
f 1030/2929/1155 1039/2946/1155 1038/3967/1155
f 1086/192/878 1082/3041/869 1083/193/1156
f 1110/195/1157 1101/3968/900 1098/196/58
f 1106/3077/1158 1089/3969/1158 1088/3970/1158
f 1144/3146/914 1147/3935/1159 1146/3147/915
f 1144/3148/1160 1166/3971/1160 1165/3149/1160
f 1218/200/978 1214/3295/968 1224/201/1161
f 1244/203/1162 1235/3972/982 1236/204/58
f 1239/3319/1163 1221/3973/1163 1220/3974/1164
f 82/205/1165 95/3960/1165 94/206/1165
f 118/208/1166 113/3961/1166 112/209/1166
f 784/211/1167 776/95/617 802/212/621
f 830/214/1168 829/101/634 815/215/635
f 1103/222/1169 1090/3045/1169 1084/223/1169
f 1230/227/1170 1222/3285/1170 1216/228/1170
f 106/21/1171 87/566/1171 101/230/1171
f 141/27/1172 135/611/1172 136/232/1172
f 774/234/1173 782/3975/1173 781/235/1173
f 804/237/1174 803/2450/190 789/238/115
f 810/240/1173 826/3976/1173 825/241/1173
f 817/243/1175 816/2474/192 808/244/115
f 1099/258/1176 1100/3977/1176 1091/259/1176
f 1177/136/1177 1178/138/1177 1153/270/1177
f 1233/277/1178 1234/3978/1178 1223/278/1178
f 788/287/1179 781/3979/1179 780/288/1179
f 791/290/1180 805/32/1180 804/237/1180
f 828/294/1181 825/3980/1181 824/295/1181
f 831/297/1182 818/35/1182 817/243/1182
f 1045/301/1183 1043/2957/1183 1034/251/1183
f 1081/3981/876 1083/3982/1184 1082/3983/879
f 1091/302/1185 1097/3984/1185 1102/303/1185
f 1213/3985/876 1224/3986/1184 1214/3987/970
f 1223/306/1186 1232/3988/1186 1237/307/1186
f 806/33/1187 790/2464/1187 800/317/1187
f 819/36/1188 838/2488/1188 840/319/1188
f 1018/189/1189 1017/3989/1189 1048/2932/1189
f 1077/3029/866 1086/3990/1190 1085/116/870
f 1104/327/1191 1112/3069/1191 1111/328/1191
f 1147/335/924 1156/3153/919 1157/336/1192
f 1159/197/1193 1158/3991/1193 1181/3179/1193
f 1212/3273/866 1218/3992/1194 1217/140/964
f 1238/341/1195 1246/3311/1195 1245/342/1195
f 85/159/262 84/158/258 74/526/257
f 125/165/262 124/164/286 108/573/257
f 74/526/257 76/3993/23 86/527/263
f 108/573/257 110/3994/23 126/574/288
f 779/353/147 795/76/31 799/75/1196
f 823/356/151 835/219/31 839/218/1197
f 94/206/1198 77/3995/69 80/543/261
f 86/527/1199 103/22/1199 104/284/1199
f 105/554/1200 106/3996/1200 101/549/1200
f 97/564/1201 98/3997/275 100/556/284
f 112/209/1202 109/3998/21 120/575/261
f 116/587/1201 129/3999/275 134/586/284
f 126/574/1203 138/28/1203 139/286/1203
f 140/601/1204 141/4000/1204 136/600/1204
f 780/2443/618 776/95/617 777/97/1205
f 780/2443/1206 777/97/1206 782/4001/1206
f 798/2447/1207 778/4002/1207 779/353/1207
f 784/2449/1208 802/34/1208 803/2450/1208
f 805/2456/1209 806/4003/1209 800/2453/1209
f 830/2485/1210 815/37/1210 816/2474/1210
f 818/2486/1211 819/4004/1211 840/2487/1211
f 824/2490/618 829/101/634 821/103/1205
f 824/2490/1212 821/103/1212 826/4005/1212
f 834/2492/1213 822/4006/1213 823/356/1213
f 913/2657/675 925/2683/703 921/2655/681
f 918/2677/696 919/2695/710 915/2675/695
f 1011/2906/812 1036/4007/1214 1037/2907/813
f 1024/2909/1215 1025/3966/1215 1023/2916/1215
f 1025/3966/1216 1014/2915/1216 1023/2916/1216
f 1030/2929/833 1021/2922/1217 1023/2924/834
f 1044/2925/1218 1048/2954/1218 1017/2926/1218
f 1018/4008/1219 1019/114/1219 1017/2926/1219
f 1038/44/1220 1039/45/1220 1037/250/1220
f 1039/45/1221 1041/110/1221 1037/250/1221
f 1045/2952/1222 1034/4009/1222 1035/2953/1222
f 1078/3027/1223 1107/4010/1223 1108/3028/1223
f 1079/3034/1224 1085/4011/1224 1086/3035/1224
f 1097/3044/1225 1091/4012/1225 1090/3045/1225
f 1088/262/1226 1089/4013/1226 1115/3055/1226
f 1115/3055/1227 1114/3054/891 1087/263/890
f 1096/3068/1228 1112/3932/1228 1111/50/1228
f 1106/3042/880 1109/4014/1229 1110/3075/903
f 1150/4015/1230 1174/3151/1230 1148/269/1230
f 1145/226/1231 1153/4016/1231 1152/3157/1231
f 1154/3163/1232 1146/4017/1232 1147/3164/1232
f 1165/3149/1233 1166/3971/1233 1164/3169/1233
f 1166/3971/1234 1154/3167/1234 1164/3169/1234
f 1149/3154/925 1162/3170/1235 1164/3172/946
f 1176/225/1236 1151/3158/1236 1158/3173/1236
f 1159/4018/1237 1160/135/1237 1158/3173/1237
f 1209/3269/1224 1217/4019/1224 1218/3270/1224
f 1210/3274/1238 1240/4020/1238 1241/3276/1238
f 1232/3284/1239 1223/4021/1239 1222/3285/1239
f 1220/281/1240 1221/4022/1240 1249/3297/1240
f 1249/3297/1227 1248/3296/891 1219/282/890
f 1231/3315/1241 1246/3947/1241 1245/62/1241
f 1239/3282/971 1242/4023/1242 1244/3317/983
